time,temperature_2m_icon_seamless_eps (°C),temperature_2m_member01_icon_seamless_eps (°C),temperature_2m_member02_icon_seamless_eps (°C),temperature_2m_member03_icon_seamless_eps (°C),temperature_2m_member04_icon_seamless_eps (°C),temperature_2m_member05_icon_seamless_eps (°C),temperature_2m_member06_icon_seamless_eps (°C),temperature_2m_member07_icon_seamless_eps (°C),temperature_2m_member08_icon_seamless_eps (°C),temperature_2m_member09_icon_seamless_eps (°C),temperature_2m_member10_icon_seamless_eps (°C),temperature_2m_member11_icon_seamless_eps (°C),temperature_2m_member12_icon_seamless_eps (°C),temperature_2m_member13_icon_seamless_eps (°C),temperature_2m_member14_icon_seamless_eps (°C),temperature_2m_member15_icon_seamless_eps (°C),temperature_2m_member16_icon_seamless_eps (°C),temperature_2m_member17_icon_seamless_eps (°C),temperature_2m_member18_icon_seamless_eps (°C),temperature_2m_member19_icon_seamless_eps (°C),temperature_2m_member20_icon_seamless_eps (°C),temperature_2m_member21_icon_seamless_eps (°C),temperature_2m_member22_icon_seamless_eps (°C),temperature_2m_member23_icon_seamless_eps (°C),temperature_2m_member24_icon_seamless_eps (°C),temperature_2m_member25_icon_seamless_eps (°C),temperature_2m_member26_icon_seamless_eps (°C),temperature_2m_member27_icon_seamless_eps (°C),temperature_2m_member28_icon_seamless_eps (°C),temperature_2m_member29_icon_seamless_eps (°C),temperature_2m_member30_icon_seamless_eps (°C),temperature_2m_member31_icon_seamless_eps (°C),temperature_2m_member32_icon_seamless_eps (°C),temperature_2m_member33_icon_seamless_eps (°C),temperature_2m_member34_icon_seamless_eps (°C),temperature_2m_member35_icon_seamless_eps (°C),temperature_2m_member36_icon_seamless_eps (°C),temperature_2m_member37_icon_seamless_eps (°C),temperature_2m_member38_icon_seamless_eps (°C),temperature_2m_member39_icon_seamless_eps (°C),relativehumidity_2m_icon_seamless_eps (%),relativehumidity_2m_member01_icon_seamless_eps (%),relativehumidity_2m_member02_icon_seamless_eps (%),relativehumidity_2m_member03_icon_seamless_eps (%),relativehumidity_2m_member04_icon_seamless_eps (%),relativehumidity_2m_member05_icon_seamless_eps (%),relativehumidity_2m_member06_icon_seamless_eps (%),relativehumidity_2m_member07_icon_seamless_eps (%),relativehumidity_2m_member08_icon_seamless_eps (%),relativehumidity_2m_member09_icon_seamless_eps (%),relativehumidity_2m_member10_icon_seamless_eps (%),relativehumidity_2m_member11_icon_seamless_eps (%),relativehumidity_2m_member12_icon_seamless_eps (%),relativehumidity_2m_member13_icon_seamless_eps (%),relativehumidity_2m_member14_icon_seamless_eps (%),relativehumidity_2m_member15_icon_seamless_eps (%),relativehumidity_2m_member16_icon_seamless_eps (%),relativehumidity_2m_member17_icon_seamless_eps (%),relativehumidity_2m_member18_icon_seamless_eps (%),relativehumidity_2m_member19_icon_seamless_eps (%),relativehumidity_2m_member20_icon_seamless_eps (%),relativehumidity_2m_member21_icon_seamless_eps (%),relativehumidity_2m_member22_icon_seamless_eps (%),relativehumidity_2m_member23_icon_seamless_eps (%),relativehumidity_2m_member24_icon_seamless_eps (%),relativehumidity_2m_member25_icon_seamless_eps (%),relativehumidity_2m_member26_icon_seamless_eps (%),relativehumidity_2m_member27_icon_seamless_eps (%),relativehumidity_2m_member28_icon_seamless_eps (%),relativehumidity_2m_member29_icon_seamless_eps (%),relativehumidity_2m_member30_icon_seamless_eps (%),relativehumidity_2m_member31_icon_seamless_eps (%),relativehumidity_2m_member32_icon_seamless_eps (%),relativehumidity_2m_member33_icon_seamless_eps (%),relativehumidity_2m_member34_icon_seamless_eps (%),relativehumidity_2m_member35_icon_seamless_eps (%),relativehumidity_2m_member36_icon_seamless_eps (%),relativehumidity_2m_member37_icon_seamless_eps (%),relativehumidity_2m_member38_icon_seamless_eps (%),relativehumidity_2m_member39_icon_seamless_eps (%),rain_icon_seamless_eps (mm),rain_member01_icon_seamless_eps (mm),rain_member02_icon_seamless_eps (mm),rain_member03_icon_seamless_eps (mm),rain_member04_icon_seamless_eps (mm),rain_member05_icon_seamless_eps (mm),rain_member06_icon_seamless_eps (mm),rain_member07_icon_seamless_eps (mm),rain_member08_icon_seamless_eps (mm),rain_member09_icon_seamless_eps (mm),rain_member10_icon_seamless_eps (mm),rain_member11_icon_seamless_eps (mm),rain_member12_icon_seamless_eps (mm),rain_member13_icon_seamless_eps (mm),rain_member14_icon_seamless_eps (mm),rain_member15_icon_seamless_eps (mm),rain_member16_icon_seamless_eps (mm),rain_member17_icon_seamless_eps (mm),rain_member18_icon_seamless_eps (mm),rain_member19_icon_seamless_eps (mm),rain_member20_icon_seamless_eps (mm),rain_member21_icon_seamless_eps (mm),rain_member22_icon_seamless_eps (mm),rain_member23_icon_seamless_eps (mm),rain_member24_icon_seamless_eps (mm),rain_member25_icon_seamless_eps (mm),rain_member26_icon_seamless_eps (mm),rain_member27_icon_seamless_eps (mm),rain_member28_icon_seamless_eps (mm),rain_member29_icon_seamless_eps (mm),rain_member30_icon_seamless_eps (mm),rain_member31_icon_seamless_eps (mm),rain_member32_icon_seamless_eps (mm),rain_member33_icon_seamless_eps (mm),rain_member34_icon_seamless_eps (mm),rain_member35_icon_seamless_eps (mm),rain_member36_icon_seamless_eps (mm),rain_member37_icon_seamless_eps (mm),rain_member38_icon_seamless_eps (mm),rain_member39_icon_seamless_eps (mm),windspeed_10m_icon_seamless_eps (km/h),windspeed_10m_member01_icon_seamless_eps (km/h),windspeed_10m_member02_icon_seamless_eps (km/h),windspeed_10m_member03_icon_seamless_eps (km/h),windspeed_10m_member04_icon_seamless_eps (km/h),windspeed_10m_member05_icon_seamless_eps (km/h),windspeed_10m_member06_icon_seamless_eps (km/h),windspeed_10m_member07_icon_seamless_eps (km/h),windspeed_10m_member08_icon_seamless_eps (km/h),windspeed_10m_member09_icon_seamless_eps (km/h),windspeed_10m_member10_icon_seamless_eps (km/h),windspeed_10m_member11_icon_seamless_eps (km/h),windspeed_10m_member12_icon_seamless_eps (km/h),windspeed_10m_member13_icon_seamless_eps (km/h),windspeed_10m_member14_icon_seamless_eps (km/h),windspeed_10m_member15_icon_seamless_eps (km/h),windspeed_10m_member16_icon_seamless_eps (km/h),windspeed_10m_member17_icon_seamless_eps (km/h),windspeed_10m_member18_icon_seamless_eps (km/h),windspeed_10m_member19_icon_seamless_eps (km/h),windspeed_10m_member20_icon_seamless_eps (km/h),windspeed_10m_member21_icon_seamless_eps (km/h),windspeed_10m_member22_icon_seamless_eps (km/h),windspeed_10m_member23_icon_seamless_eps (km/h),windspeed_10m_member24_icon_seamless_eps (km/h),windspeed_10m_member25_icon_seamless_eps (km/h),windspeed_10m_member26_icon_seamless_eps (km/h),windspeed_10m_member27_icon_seamless_eps (km/h),windspeed_10m_member28_icon_seamless_eps (km/h),windspeed_10m_member29_icon_seamless_eps (km/h),windspeed_10m_member30_icon_seamless_eps (km/h),windspeed_10m_member31_icon_seamless_eps (km/h),windspeed_10m_member32_icon_seamless_eps (km/h),windspeed_10m_member33_icon_seamless_eps (km/h),windspeed_10m_member34_icon_seamless_eps (km/h),windspeed_10m_member35_icon_seamless_eps (km/h),windspeed_10m_member36_icon_seamless_eps (km/h),windspeed_10m_member37_icon_seamless_eps (km/h),windspeed_10m_member38_icon_seamless_eps (km/h),windspeed_10m_member39_icon_seamless_eps (km/h),windgusts_10m_icon_seamless_eps (undefined),windgusts_10m_member01_icon_seamless_eps (undefined),windgusts_10m_member02_icon_seamless_eps (undefined),windgusts_10m_member03_icon_seamless_eps (undefined),windgusts_10m_member04_icon_seamless_eps (undefined),windgusts_10m_member05_icon_seamless_eps (undefined),windgusts_10m_member06_icon_seamless_eps (undefined),windgusts_10m_member07_icon_seamless_eps (undefined),windgusts_10m_member08_icon_seamless_eps (undefined),windgusts_10m_member09_icon_seamless_eps (undefined),windgusts_10m_member10_icon_seamless_eps (undefined),windgusts_10m_member11_icon_seamless_eps (undefined),windgusts_10m_member12_icon_seamless_eps (undefined),windgusts_10m_member13_icon_seamless_eps (undefined),windgusts_10m_member14_icon_seamless_eps (undefined),windgusts_10m_member15_icon_seamless_eps (undefined),windgusts_10m_member16_icon_seamless_eps (undefined),windgusts_10m_member17_icon_seamless_eps (undefined),windgusts_10m_member18_icon_seamless_eps (undefined),windgusts_10m_member19_icon_seamless_eps (undefined),windgusts_10m_member20_icon_seamless_eps (undefined),windgusts_10m_member21_icon_seamless_eps (undefined),windgusts_10m_member22_icon_seamless_eps (undefined),windgusts_10m_member23_icon_seamless_eps (undefined),windgusts_10m_member24_icon_seamless_eps (undefined),windgusts_10m_member25_icon_seamless_eps (undefined),windgusts_10m_member26_icon_seamless_eps (undefined),windgusts_10m_member27_icon_seamless_eps (undefined),windgusts_10m_member28_icon_seamless_eps (undefined),windgusts_10m_member29_icon_seamless_eps (undefined),windgusts_10m_member30_icon_seamless_eps (undefined),windgusts_10m_member31_icon_seamless_eps (undefined),windgusts_10m_member32_icon_seamless_eps (undefined),windgusts_10m_member33_icon_seamless_eps (undefined),windgusts_10m_member34_icon_seamless_eps (undefined),windgusts_10m_member35_icon_seamless_eps (undefined),windgusts_10m_member36_icon_seamless_eps (undefined),windgusts_10m_member37_icon_seamless_eps (undefined),windgusts_10m_member38_icon_seamless_eps (undefined),windgusts_10m_member39_icon_seamless_eps (undefined),temperature_2m_ncep_gefs_seamless (°C),temperature_2m_member01_ncep_gefs_seamless (°C),temperature_2m_member02_ncep_gefs_seamless (°C),temperature_2m_member03_ncep_gefs_seamless (°C),temperature_2m_member04_ncep_gefs_seamless (°C),temperature_2m_member05_ncep_gefs_seamless (°C),temperature_2m_member06_ncep_gefs_seamless (°C),temperature_2m_member07_ncep_gefs_seamless (°C),temperature_2m_member08_ncep_gefs_seamless (°C),temperature_2m_member09_ncep_gefs_seamless (°C),temperature_2m_member10_ncep_gefs_seamless (°C),temperature_2m_member11_ncep_gefs_seamless (°C),temperature_2m_member12_ncep_gefs_seamless (°C),temperature_2m_member13_ncep_gefs_seamless (°C),temperature_2m_member14_ncep_gefs_seamless (°C),temperature_2m_member15_ncep_gefs_seamless (°C),temperature_2m_member16_ncep_gefs_seamless (°C),temperature_2m_member17_ncep_gefs_seamless (°C),temperature_2m_member18_ncep_gefs_seamless (°C),temperature_2m_member19_ncep_gefs_seamless (°C),temperature_2m_member20_ncep_gefs_seamless (°C),temperature_2m_member21_ncep_gefs_seamless (°C),temperature_2m_member22_ncep_gefs_seamless (°C),temperature_2m_member23_ncep_gefs_seamless (°C),temperature_2m_member24_ncep_gefs_seamless (°C),temperature_2m_member25_ncep_gefs_seamless (°C),temperature_2m_member26_ncep_gefs_seamless (°C),temperature_2m_member27_ncep_gefs_seamless (°C),temperature_2m_member28_ncep_gefs_seamless (°C),temperature_2m_member29_ncep_gefs_seamless (°C),temperature_2m_member30_ncep_gefs_seamless (°C),relativehumidity_2m_ncep_gefs_seamless (%),relativehumidity_2m_member01_ncep_gefs_seamless (%),relativehumidity_2m_member02_ncep_gefs_seamless (%),relativehumidity_2m_member03_ncep_gefs_seamless (%),relativehumidity_2m_member04_ncep_gefs_seamless (%),relativehumidity_2m_member05_ncep_gefs_seamless (%),relativehumidity_2m_member06_ncep_gefs_seamless (%),relativehumidity_2m_member07_ncep_gefs_seamless (%),relativehumidity_2m_member08_ncep_gefs_seamless (%),relativehumidity_2m_member09_ncep_gefs_seamless (%),relativehumidity_2m_member10_ncep_gefs_seamless (%),relativehumidity_2m_member11_ncep_gefs_seamless (%),relativehumidity_2m_member12_ncep_gefs_seamless (%),relativehumidity_2m_member13_ncep_gefs_seamless (%),relativehumidity_2m_member14_ncep_gefs_seamless (%),relativehumidity_2m_member15_ncep_gefs_seamless (%),relativehumidity_2m_member16_ncep_gefs_seamless (%),relativehumidity_2m_member17_ncep_gefs_seamless (%),relativehumidity_2m_member18_ncep_gefs_seamless (%),relativehumidity_2m_member19_ncep_gefs_seamless (%),relativehumidity_2m_member20_ncep_gefs_seamless (%),relativehumidity_2m_member21_ncep_gefs_seamless (%),relativehumidity_2m_member22_ncep_gefs_seamless (%),relativehumidity_2m_member23_ncep_gefs_seamless (%),relativehumidity_2m_member24_ncep_gefs_seamless (%),relativehumidity_2m_member25_ncep_gefs_seamless (%),relativehumidity_2m_member26_ncep_gefs_seamless (%),relativehumidity_2m_member27_ncep_gefs_seamless (%),relativehumidity_2m_member28_ncep_gefs_seamless (%),relativehumidity_2m_member29_ncep_gefs_seamless (%),relativehumidity_2m_member30_ncep_gefs_seamless (%),rain_ncep_gefs_seamless (mm),rain_member01_ncep_gefs_seamless (mm),rain_member02_ncep_gefs_seamless (mm),rain_member03_ncep_gefs_seamless (mm),rain_member04_ncep_gefs_seamless (mm),rain_member05_ncep_gefs_seamless (mm),rain_member06_ncep_gefs_seamless (mm),rain_member07_ncep_gefs_seamless (mm),rain_member08_ncep_gefs_seamless (mm),rain_member09_ncep_gefs_seamless (mm),rain_member10_ncep_gefs_seamless (mm),rain_member11_ncep_gefs_seamless (mm),rain_member12_ncep_gefs_seamless (mm),rain_member13_ncep_gefs_seamless (mm),rain_member14_ncep_gefs_seamless (mm),rain_member15_ncep_gefs_seamless (mm),rain_member16_ncep_gefs_seamless (mm),rain_member17_ncep_gefs_seamless (mm),rain_member18_ncep_gefs_seamless (mm),rain_member19_ncep_gefs_seamless (mm),rain_member20_ncep_gefs_seamless (mm),rain_member21_ncep_gefs_seamless (mm),rain_member22_ncep_gefs_seamless (mm),rain_member23_ncep_gefs_seamless (mm),rain_member24_ncep_gefs_seamless (mm),rain_member25_ncep_gefs_seamless (mm),rain_member26_ncep_gefs_seamless (mm),rain_member27_ncep_gefs_seamless (mm),rain_member28_ncep_gefs_seamless (mm),rain_member29_ncep_gefs_seamless (mm),rain_member30_ncep_gefs_seamless (mm),windspeed_10m_ncep_gefs_seamless (km/h),windspeed_10m_member01_ncep_gefs_seamless (km/h),windspeed_10m_member02_ncep_gefs_seamless (km/h),windspeed_10m_member03_ncep_gefs_seamless (km/h),windspeed_10m_member04_ncep_gefs_seamless (km/h),windspeed_10m_member05_ncep_gefs_seamless (km/h),windspeed_10m_member06_ncep_gefs_seamless (km/h),windspeed_10m_member07_ncep_gefs_seamless (km/h),windspeed_10m_member08_ncep_gefs_seamless (km/h),windspeed_10m_member09_ncep_gefs_seamless (km/h),windspeed_10m_member10_ncep_gefs_seamless (km/h),windspeed_10m_member11_ncep_gefs_seamless (km/h),windspeed_10m_member12_ncep_gefs_seamless (km/h),windspeed_10m_member13_ncep_gefs_seamless (km/h),windspeed_10m_member14_ncep_gefs_seamless (km/h),windspeed_10m_member15_ncep_gefs_seamless (km/h),windspeed_10m_member16_ncep_gefs_seamless (km/h),windspeed_10m_member17_ncep_gefs_seamless (km/h),windspeed_10m_member18_ncep_gefs_seamless (km/h),windspeed_10m_member19_ncep_gefs_seamless (km/h),windspeed_10m_member20_ncep_gefs_seamless (km/h),windspeed_10m_member21_ncep_gefs_seamless (km/h),windspeed_10m_member22_ncep_gefs_seamless (km/h),windspeed_10m_member23_ncep_gefs_seamless (km/h),windspeed_10m_member24_ncep_gefs_seamless (km/h),windspeed_10m_member25_ncep_gefs_seamless (km/h),windspeed_10m_member26_ncep_gefs_seamless (km/h),windspeed_10m_member27_ncep_gefs_seamless (km/h),windspeed_10m_member28_ncep_gefs_seamless (km/h),windspeed_10m_member29_ncep_gefs_seamless (km/h),windspeed_10m_member30_ncep_gefs_seamless (km/h),windgusts_10m_ncep_gefs_seamless (km/h),windgusts_10m_member01_ncep_gefs_seamless (km/h),windgusts_10m_member02_ncep_gefs_seamless (km/h),windgusts_10m_member03_ncep_gefs_seamless (km/h),windgusts_10m_member04_ncep_gefs_seamless (km/h),windgusts_10m_member05_ncep_gefs_seamless (km/h),windgusts_10m_member06_ncep_gefs_seamless (km/h),windgusts_10m_member07_ncep_gefs_seamless (km/h),windgusts_10m_member08_ncep_gefs_seamless (km/h),windgusts_10m_member09_ncep_gefs_seamless (km/h),windgusts_10m_member10_ncep_gefs_seamless (km/h),windgusts_10m_member11_ncep_gefs_seamless (km/h),windgusts_10m_member12_ncep_gefs_seamless (km/h),windgusts_10m_member13_ncep_gefs_seamless (km/h),windgusts_10m_member14_ncep_gefs_seamless (km/h),windgusts_10m_member15_ncep_gefs_seamless (km/h),windgusts_10m_member16_ncep_gefs_seamless (km/h),windgusts_10m_member17_ncep_gefs_seamless (km/h),windgusts_10m_member18_ncep_gefs_seamless (km/h),windgusts_10m_member19_ncep_gefs_seamless (km/h),windgusts_10m_member20_ncep_gefs_seamless (km/h),windgusts_10m_member21_ncep_gefs_seamless (km/h),windgusts_10m_member22_ncep_gefs_seamless (km/h),windgusts_10m_member23_ncep_gefs_seamless (km/h),windgusts_10m_member24_ncep_gefs_seamless (km/h),windgusts_10m_member25_ncep_gefs_seamless (km/h),windgusts_10m_member26_ncep_gefs_seamless (km/h),windgusts_10m_member27_ncep_gefs_seamless (km/h),windgusts_10m_member28_ncep_gefs_seamless (km/h),windgusts_10m_member29_ncep_gefs_seamless (km/h),windgusts_10m_member30_ncep_gefs_seamless (km/h),temperature_2m_ecmwf_ifs04 (°C),relativehumidity_2m_ecmwf_ifs04 (%),rain_ecmwf_ifs04 (mm),windspeed_10m_ecmwf_ifs04 (km/h),windgusts_10m_ecmwf_ifs04 (undefined),latitude,longitude
2026-10-02T00:00,28.5,28,27.6,27.9,27.8,28.6,28.2,28.6,28.5,28,28.1,27.9,27.5,28.3,28.2,27.4,28.2,28.8,28.1,27.6,28.2,28.1,27.9,28.4,28.1,28.3,28.3,28.5,27.4,27.7,27.9,27.9,27.4,27.7,28.2,27.9,27.8,27.4,27.9,27.3,88,89,89,89,90,84,89,90,90,89,86,94,93,83,92,89,92,84,86,89,91,88,90,84,87,92,89,85,91,89,90,87,91,91,90,91,90,90,90,92,0,0,0,0,0,0,0,0,0,0,0,0,0,0,0,0,0.6,0,0,0,0.2,0,0,0,0,0,0,0,0,0,0,0,0,0,0,0,0,0,0,0,2.4,2.5,2.7,4.5,2.2,2.2,3,2.1,1.3,3.6,2.2,1.6,1.8,3.4,0.4,3.2,1.8,3,2.7,2.3,4,2.1,1.6,3.3,5.2,1.3,1.1,2.5,2.5,3.8,0.4,3.6,2.7,2.2,1.9,3.6,2.4,2.9,2.5,3.3,,,,,,,,,,,,,,,,,,,,,,,,,,,,,,,,,,,,,,,,,28.4,28.3,28.3,28.3,28.2,28.3,28.3,28.3,28.3,28.2,28.5,28.3,28.3,28.3,28.2,28.2,28.2,28.3,28.3,28.4,28.3,28.4,28.4,28.3,28.3,28.3,28.3,28.3,28.3,28.2,28.3,82,82,82,82,83,82,82,83,82,83,81,82,81,80,83,81,84,82,82,83,83,81,83,82,83,81,84,82,82,82,82,0.6,0.9,0.3,0.7,0.4,0.4,0.5,0.3,0.6,0.4,0.2,0.2,0.4,0.8,0.5,0.5,0.7,1,0.7,0.5,0.3,0.6,0.3,0.6,0.5,0.7,0.6,0.5,0.5,0.5,0.6,14.3,14.8,15.3,12.8,14.3,14.3,13,15,14.4,11.7,12,14.3,12.8,14.5,14.5,11.5,14.8,13.3,13.7,13.5,11.8,11.5,13.2,14.8,13.2,14.8,15.3,13.2,15.1,15.3,15,16.9,18,18,15.5,16.6,16.9,15.5,17.6,17.6,13.7,14.8,16.6,16.6,16.9,16.9,13.7,18.7,15.5,15.8,15.8,13.7,13.7,16.6,16.9,16.6,17.3,18.4,15.8,18,17.6,17.6,,,,,,22.2204,114.2127
2026-10-02T01:00,28.5,27.9,27.4,27.7,27.6,28.4,28.1,28.5,28.5,27.9,28.1,27.9,27.5,28.2,28,27.3,28.1,28.7,27.9,27.4,28,27.9,27.9,28.3,26.7,28.1,28.1,28.4,27.3,27.5,27.6,27.9,27.3,27.7,28.2,27.9,27.7,27.3,27.7,27.4,86,90,90,90,91,84,90,89,91,90,85,94,93,84,93,89,93,84,86,90,89,89,91,84,86,89,89,85,92,90,91,87,91,90,88,90,91,91,91,89,0,0,0,0,0,0,0,0,0,0,0,0,0,0,0,0,0,0,0,0,0,0,0,0,1.4,0,0,0,0,0,0,0,0,0,0.1,0,0,0,0,0,1.6,1.9,4.1,4.5,1.8,1.1,3.6,2.2,3,4.2,2.1,1.1,2.6,2.9,1.9,2.4,1.6,2.9,4,1.3,4.8,1.9,1.1,2.5,3.8,3.3,1.4,1.5,0.8,3.4,0.7,2.2,2.2,1.9,3.6,3.3,2.1,1.8,1.1,3.1,,,,,,,,,,,,,,,,,,,,,,,,,,,,,,,,,,,,,,,,,28.2,28,28.2,28.3,28.1,28.2,28.2,28.2,28.3,28,28.4,28.2,28.2,28.2,28.1,28.1,27.9,28.1,28.1,28.3,28,28.3,28.3,28.1,28.2,28.2,28.1,28.2,28.1,28.1,28.1,81,82,81,82,83,81,82,83,82,82,80,81,80,79,82,80,85,81,81,82,83,81,82,81,83,82,82,82,81,81,81,0.6,0.9,0.3,0.7,0.4,0.4,0.5,0.3,0.6,0.4,0.2,0.2,0.4,0.8,0.5,0.5,0.7,1,0.7,0.5,0.3,0.6,0.3,0.6,0.5,0.7,0.6,0.5,0.5,0.5,0.6,11.7,11.5,13.3,9.5,13,12,11.4,12,11.7,10.7,9.2,11.9,9.8,13.3,12.9,11.1,13.2,11,11.7,10.7,11,8.2,9.2,12.5,9.1,13,11,11.7,11.9,13.5,12,12.6,13,14,10.8,14,13,12.2,12.2,14,11.5,10.8,12.6,11.5,14,14,12.6,15.8,11.5,12.2,11.2,11.5,9.4,10.8,13.3,10.8,14.4,11.9,13,13,14,12.6,,,,,,22.2204,114.2127
2026-10-02T02:00,28.2,27.9,27.4,27.5,27.5,28.3,28,28.2,27.6,27.9,28,27.9,27.6,28.2,28,27.2,27.7,28.7,27.5,27.4,27.7,27.9,27.8,28.2,26.3,28,27.9,28.4,27.2,27.2,26.8,27.9,27.3,27.7,28,28,27.6,27.3,27,27.4,87,90,90,89,91,85,89,90,85,90,85,94,89,84,90,89,91,85,87,89,86,89,90,84,88,89,90,85,84,90,91,88,92,90,91,89,91,91,83,87,0.2,0,0,0,0,0,0,0.1,0.6,0,0,0,0,0,0,0,0.4,0,0,0,0,0,0,0,2.9,0,0,0,0.4,0,0.3,0,0,0,0,0,0,0,0.6,0,3.4,1,4,4.6,3.9,1.8,3.8,5.5,4.8,2.4,0.4,1.1,2.9,2.1,2.6,2.5,2.2,2.1,5,2.6,6.2,1.8,2.4,2.6,6.5,3.1,2.2,1.8,4.5,4,1.8,1.6,1.3,2.2,3,2,1.5,1.6,3.6,2.5,,,,,,,,,,,,,,,,,,,,,,,,,,,,,,,,,,,,,,,,,28.1,27.9,28.1,28.2,28.1,28,28.2,28.1,28.3,27.9,28.4,28,28.1,28.1,27.9,28,27.7,28,28,28.2,27.9,28.2,28.2,28,28.2,28.1,28,28,28,28,28,81,82,81,81,83,80,82,83,82,82,79,81,79,78,82,80,85,80,81,81,83,81,81,81,83,82,80,82,80,81,81,0.6,0.9,0.3,0.7,0.4,0.4,0.5,0.3,0.6,0.4,0.2,0.2,0.4,0.8,0.5,0.5,0.7,1,0.7,0.5,0.3,0.6,0.3,0.6,0.5,0.7,0.6,0.5,0.5,0.5,0.6,9.7,9.4,12,7.5,12.3,10.2,10.2,9.7,9.4,10.2,7.1,10,8,12.4,11.9,10.9,11.9,9.4,10.2,8.9,10.2,6.2,6.6,10.4,6.2,11.5,7.7,10,10,12,9.6,9.4,9.4,11.2,7.6,12.2,10.4,10.4,9,11.2,10.1,7.9,9.7,7.9,12.2,12.2,11.9,13.3,9,9.7,7.9,10.1,6.5,7.2,10.4,6.5,12.2,7.2,10.4,9.7,11.9,9,,,,,,22.2204,114.2127
2026-10-02T03:00,27.9,27.9,27.3,27.4,27.2,28.2,27.9,27.8,27.2,28,27.8,27.9,27.2,28.1,27.8,27.2,27.7,28.3,27.3,27.4,27,27.8,27.8,28.1,26,27.6,27.7,28.5,26.7,27,26.5,28,27.1,27.6,28,28,27.7,27.4,26.4,27.3,88,90,91,88,90,86,88,89,86,90,87,91,90,85,91,88,91,84,88,88,85,90,87,84,89,91,90,85,86,90,91,87,93,91,91,88,78,90,87,87,0.2,0,0,0.1,0,0,0,2.5,0,0,0,3.5,0.5,0,0,0,0,0.6,0,0,0.6,0,0,0,4.5,0,0,0.5,0.5,0,0.1,0,0,0,0,0,0.6,0,2.4,0,4,1.8,3.3,7.2,5.4,3.3,3.6,6.8,8,2.9,2.5,2.6,4.7,0.8,4,2,3.3,2.9,5,2.2,6.2,2.5,2.2,3.1,7.6,4.8,2.2,1.5,6.2,5.8,3.7,2.3,0.5,3.1,3.6,2.3,3,3.1,5.4,3.5,,,,,,,,,,,,,,,,,,,,,,,,,,,,,,,,,,,,,,,,,28,27.8,28,28.1,28,27.9,28.1,28,28.2,27.9,28.3,27.9,27.9,27.9,27.8,27.9,27.7,27.9,27.9,28.1,27.9,28.1,28.2,28,28.1,28.1,27.9,27.9,28,27.9,28,81,81,81,80,83,80,81,83,81,82,79,81,79,78,82,80,84,80,81,81,82,81,81,81,82,82,80,82,80,81,80,1,0.6,1,0.6,1.1,1,0.7,1.1,0.7,0.9,1,0.8,0.8,0.5,0.7,0.8,1.2,0.9,1.1,0.9,0.9,0.4,0.6,1.6,0.8,0.6,1.1,1,1.1,1.2,0.8,9.4,8.4,12.1,7.7,12.2,10.2,10,9.7,8.7,10.2,6.9,9,7.9,12.8,12.6,10.9,10.4,9,10.1,8.5,10.5,5.9,7.4,9.4,5.9,11.4,6.9,8.8,10.2,12,8.4,9.4,9,11.5,7.9,13,10.4,10.8,9.4,10.4,10.4,7.6,9,7.9,13,13.3,11.9,11.9,8.6,10.4,7.9,11.2,6.1,8.3,10.1,6.1,13,6.5,9.4,10.4,12.6,8.3,,,,,,22.2204,114.2127
2026-10-02T04:00,27.4,27.9,27.3,26.4,27.1,28.2,27.9,27.1,26.9,27.7,27.8,27.4,26.4,28.1,27.6,27.2,27.1,27.7,27.1,27.5,26.6,27.7,27.7,28.1,25.9,27.1,27.6,28.5,26.6,26.7,26.3,27.9,27,27.4,27.9,28,27.3,27.4,26.3,27,89,90,91,87,88,85,87,89,88,89,87,93,89,85,91,88,90,86,88,87,85,91,87,84,87,89,90,84,86,88,90,88,93,93,90,88,81,89,88,86,0.5,0,0,1,0,0,0,5.5,0,4.4,0,4.5,1.2,0,0,0,1.1,1.1,0,0,0,0,0,0,2.3,1.3,0.2,0,0,0.1,0.9,0,0,0,0.3,0,0.1,0,1.4,0,4.5,2.4,3.7,8.3,6.6,3.4,2.4,6.7,6.2,3.3,2.5,3.7,6.6,2.1,5.1,1.3,3.4,5.2,6.3,2.8,7.2,5.4,2.8,3.1,5.5,6.6,3.5,1.6,6,6.1,3.6,3.2,1.1,3.3,4.8,2.2,3.3,1.8,5.1,4.8,,,,,,,,,,,,,,,,,,,,,,,,,,,,,,,,,,,,,,,,,28,27.8,27.8,28,28,27.8,28.1,27.9,28.1,27.9,28.2,27.7,27.7,27.8,27.8,27.8,27.9,27.9,27.9,27.9,27.9,28,28.1,28,28.1,28.1,27.9,27.9,28.1,28,28,81,80,81,80,82,79,80,82,80,82,79,81,78,79,82,81,82,80,80,81,81,80,81,81,81,81,80,82,80,81,80,1,0.6,1,0.6,1.1,1,0.7,1.1,0.7,0.9,1,0.8,0.8,0.5,0.7,0.8,1.2,0.9,1.1,0.9,0.9,0.4,0.6,1.6,0.8,0.6,1.1,1,1.1,1.2,0.8,9.7,8.4,12.2,8.9,12.7,10.6,10.3,10.5,8.7,10.4,7.4,8.7,8.1,13.4,13.8,10.7,9,9.3,10.6,8.5,11.3,6.4,9.7,9.5,6.8,12.1,7.4,8,11,12.8,8.2,10.4,10.1,13.7,9.7,14.4,11.9,12.2,11.5,11.2,11.5,8.6,9.7,9.4,14.4,15.5,11.9,10.8,9.4,12.6,9,13,7.2,11.5,10.4,7.6,14.4,7.9,9,12.6,14.8,9,,,,,,22.2204,114.2127
2026-10-02T05:00,27,27.9,27.3,26,26.8,27.8,27.8,26.7,26.7,27.4,27.8,27.3,26.2,28.1,27.3,27.1,26.8,27.4,26.8,27.5,26.4,27.3,27.5,28.1,25.8,26.8,27.3,28.5,26.4,26.5,26.3,27.8,27,27.3,27.7,28,26.9,27.4,26.4,26.7,89,91,91,86,87,87,88,90,88,90,86,93,89,85,91,88,89,87,87,87,86,91,89,84,87,89,88,85,87,87,89,89,93,94,88,88,84,89,88,86,1.1,0,0,0.4,0,0,0,6.7,0.1,2.8,0,0.1,0.3,0,0,0,0.9,0,0.1,0.1,0,0.5,0,0,0.2,0,1.9,0,0,0,0.1,0,0,0,1.5,0,0.5,0,0,0,5.9,2.9,3.8,7,7.1,5.4,3.5,7.7,6.4,2.5,2.6,6.4,6.7,3,4.3,1.3,4.6,6.2,6.2,5.6,5.4,7.2,2.9,3.6,5.4,6.3,4.7,2.2,5.2,5.8,4.2,3.4,0.7,2.7,4.9,2.3,3.3,2.9,4.3,5.2,,,,,,,,,,,,,,,,,,,,,,,,,,,,,,,,,,,,,,,,,28,27.9,27.8,28,28,27.9,28.1,27.9,28.1,28,28.2,27.6,27.7,27.8,27.8,27.8,28,27.9,27.9,27.9,28,28,28.1,28.1,28.1,28.2,27.9,27.9,28.2,28,28.1,80,79,80,79,81,79,79,81,79,81,79,80,78,80,82,81,80,80,80,81,80,80,81,80,80,81,80,81,80,81,79,1,0.6,1,0.6,1.1,1,0.7,1.1,0.7,0.9,1,0.8,0.8,0.5,0.7,0.8,1.2,0.9,1.1,0.9,0.9,0.4,0.6,1.6,0.8,0.6,1.1,1,1.1,1.2,0.8,10.1,8.9,12.3,9.7,12.2,11.3,10.1,10.8,9.1,10.7,8,8.9,9.2,13.4,14.3,10.7,8.4,8.7,11.1,8.6,11.7,7.2,11.3,9.6,7.2,12.4,7.4,7.8,11.7,13.2,8,11.5,10.8,14.4,11.2,14.8,13,12.2,13,11.2,12.2,9.4,10.1,10.4,15.1,16.9,12.2,10.4,9.7,13.7,10.1,14,8.3,13.7,10.8,8.6,15.5,8.6,9,14.4,15.8,9.7,,,,,,22.2204,114.2127
2026-10-02T06:00,26.7,27.9,27.4,25.8,26.5,27.7,27.6,26.6,26.4,27.3,27.9,27.1,26.1,28,27.1,27.1,26.8,27.1,26.6,27.1,26.4,27.1,27.4,28.1,25.6,26.7,27.3,28.7,26.4,26.3,26.4,27.7,27.2,27.3,27.2,27.7,26.7,27.4,26.2,26.5,90,91,91,86,85,87,88,89,88,91,85,91,89,85,91,88,89,86,86,89,86,90,89,85,87,88,88,84,87,87,89,88,93,94,90,90,86,89,89,86,1.9,0,0,0.2,0,0,0,7.7,1.5,4.2,0,0.6,0,0,0,0,0.6,0,0,0.8,0,0,0,0.2,1.9,0,0,0,0,0,0,0,0,0,6,1.4,0.3,0,2.6,0,5.8,4.6,4,6,6.5,4.9,4.6,6.3,6.9,3,2.4,7.6,6.1,2.5,4.5,1.3,3.3,6.5,5.8,6.3,5.2,7.1,2.9,2.7,4.4,6,2.4,1,6.3,5.1,3.4,4.7,2.2,2.5,4.6,2.1,4.3,3.8,5.6,5.5,,,,,,,,,,,,,,,,,,,,,,,,,,,,,,,,,,,,,,,,,28.1,28,27.8,28.1,28.1,28.1,28.1,28,28.1,28.1,28.2,27.7,27.8,27.9,28,27.8,28.1,28,28,28,28.2,28.1,28.1,28.1,28,28.1,28,28,28.2,28.1,28.1,79,78,79,78,80,79,80,80,78,80,79,79,78,80,81,80,79,80,79,80,78,80,80,79,79,81,79,80,79,80,78,0.3,0.3,0.3,0.2,0.3,0.3,0.3,0.5,0.5,0.7,0.4,0.2,0.2,0.7,0.4,0.4,0.2,0.4,0.2,0.4,0.3,0.4,1,0.2,0.3,0.7,0.8,0.3,0.3,0.6,0.2,9.8,8.9,11.1,9.6,10.5,11.4,7.6,10,9.3,10.7,8.5,8.7,9.6,11.8,13.7,10.8,8.7,6.9,10.8,8.2,11.3,8.2,10.8,9.6,7.1,12.5,6.6,7.9,11.6,12.4,8.7,11.5,10.1,13,11.5,12.6,13,9.4,12.6,10.8,12.2,9.7,10.1,11.2,13.3,16.2,13,10.8,9.4,13,10.1,13.7,9.4,13,10.8,9,15.1,8.3,9,14.4,14.8,10.1,,,,,,22.2204,114.2127
2026-10-02T07:00,26.5,27.8,27.5,25.6,26.4,27.6,27.5,26.6,26.1,27.2,27.4,27,26.1,28,27.1,27.2,26.9,26.8,26.3,26.6,26.3,26.9,27.4,27.9,25.5,26.5,27.3,28.8,26.3,26.2,26.5,27.7,27.3,27.4,26.6,27.4,26.6,27.3,26.1,26.4,91,89,90,85,84,86,88,89,87,91,86,91,89,86,91,88,88,85,85,88,86,90,89,86,87,88,88,83,86,87,88,87,92,92,93,91,87,90,89,85,1.3,0,0,1.6,0,0,0,7.5,2,4.5,0.6,2.4,0,0,0,0,0,0,0.6,2.1,0,0,0,0.6,1,0.8,0,0,0.3,0.2,0,0,0,0.1,8.1,5.3,0.4,0,3.4,0,5.2,9.5,5.8,5.2,4.3,5,6,5.6,6.2,4.2,1.1,7.6,6.8,2.7,5,1.8,3,6.5,4.9,6.2,5.8,6.5,3.5,2.6,2.1,5.2,3.1,2.5,6.3,4.7,3.7,4.4,1.5,3.4,5.4,4.1,3.8,3.1,5.1,5.7,,,,,,,,,,,,,,,,,,,,,,,,,,,,,,,,,,,,,,,,,28.1,28.2,27.9,28.2,28.2,28.3,28.2,28.1,28.1,28.2,28.2,28,28,28.1,28.2,27.9,28.2,28.2,28.2,28.2,28.4,28.2,28.1,28.1,27.9,28.1,28.1,28.2,28.2,28.1,28.1,78,77,77,77,79,78,81,79,77,78,78,77,78,79,79,79,79,79,78,78,77,79,79,78,78,80,78,79,78,78,77,0.3,0.3,0.3,0.2,0.3,0.3,0.3,0.5,0.5,0.7,0.4,0.2,0.2,0.7,0.4,0.4,0.2,0.4,0.2,0.4,0.3,0.4,1,0.2,0.3,0.7,0.8,0.3,0.3,0.6,0.2,9.6,8.4,9.4,10,8.1,10.9,4.3,9.1,9.4,11,8.8,8.6,10.3,9.4,12.6,11.6,9.8,6.7,10.4,8.6,10.3,9.2,9.3,9.8,7.8,12.4,6.5,7.9,11.4,11,9.4,10.8,9,10.8,11.5,9,12.2,5.4,11.2,10.1,12.2,10.4,9.7,11.9,10.8,14.4,14,11.5,9,11.9,10.1,12.2,10.4,10.8,10.8,9.4,14,7.6,9,13.7,12.6,10.4,,,,,,22.2204,114.2127
2026-10-02T08:00,27.7,28.1,27.7,27,27.8,28.6,29,28,27.8,29.3,28.1,28.9,28,29,28.9,27.9,28.1,27.6,27.9,29.1,27.9,28.1,29.5,29.4,27.4,28,28.5,29.2,27.9,28.4,27.3,28.3,28.5,28,28.5,28.9,28.3,28.7,27.7,27.9,89,92,87,88,87,87,86,88,86,86,86,89,87,84,88,89,89,88,85,90,87,90,81,82,84,90,88,85,87,86,89,86,90,87,88,89,84,88,87,87,0.1,0.5,0,2.2,0.8,0,0,8.1,2.3,2.1,0.2,4.7,0.3,0.2,0,0,0,0,0.9,2.5,1.7,0,0,4.6,0.2,2.3,0,0,0.7,0.9,0,0,0,0.1,6.8,3.2,0.2,0.4,1.2,0.1,6.2,3.3,4.6,2.9,3.3,3.6,2.1,5.6,4.2,1.3,1.1,3.3,4,1.1,5.2,2.6,2.9,2.9,1.8,1.4,2.6,3.8,2.5,0.8,3.3,3.7,2.3,1.3,4.1,4,2.2,2.3,2.1,2,5,2.2,1.8,1.3,5.1,2.8,,,,,,,,,,,,,,,,,,,,,,,,,,,,,,,,,,,,,,,,,28.3,28.4,28.1,28.4,28.4,28.6,28.4,28.4,28.2,28.4,28.4,28.2,28.3,28.4,28.5,28.1,28.4,28.4,28.5,28.5,28.7,28.4,28.3,28.3,28,28.2,28.3,28.5,28.3,28.3,28.2,76,76,75,76,77,77,80,77,75,76,77,75,77,78,77,77,78,78,77,76,75,78,77,76,76,79,76,78,77,76,76,0.3,0.3,0.3,0.2,0.3,0.3,0.3,0.5,0.5,0.7,0.4,0.2,0.2,0.7,0.4,0.4,0.2,0.4,0.2,0.4,0.3,0.4,1,0.2,0.3,0.7,0.8,0.3,0.3,0.6,0.2,9,7.4,8.4,9.8,6,10.8,2.1,8.6,8.6,11.2,8.9,8.2,10.4,8.1,10.8,12.3,10.5,7.9,9.4,9.3,9.8,9.7,8.1,9.4,8.8,11.6,6.5,8.2,11.2,9.8,9.7,10.1,7.9,9,11.2,6.5,11.9,2.5,9.7,9.4,11.9,10.1,9.4,11.5,9,12.2,14,11.9,8.6,10.4,9.7,11.2,10.8,9,10.4,9.4,12.6,6.8,9,12.6,10.8,10.4,,,,,,22.2204,114.2127
2026-10-02T09:00,27.9,28.5,27.4,27,27.8,28.6,29.3,27.9,27.6,28.9,27.8,29.1,27.8,28.7,28.7,28.4,28.1,27.9,28.1,29.5,28,28.3,29.4,29.4,27,27.8,28.6,29.2,28.4,28.3,27.3,28.3,28.2,28.3,28.6,28.6,28.4,28.2,27.9,27.9,87,88,86,87,85,85,83,88,86,87,86,85,87,84,86,83,86,86,83,82,86,86,81,82,87,90,87,83,82,85,87,85,89,84,86,87,84,92,84,86,0,1.9,1.4,1.3,0.3,0.6,0,2.8,0,3.5,1.6,0,0.3,3,3.4,0.6,2.1,0.2,0.1,0,0.4,0.6,0.8,0,2.7,1.4,4.5,2.2,0.7,1.9,1.3,4.1,6,0.7,0.3,1.3,1.2,2.4,0.2,1.1,5.6,4.7,4.7,3.9,3.6,3.4,4.8,6.8,5.1,2.1,2.2,3.1,5.4,1.1,5.2,2.4,3.9,2.3,2.7,3.1,3.3,3.6,3.4,1.5,3.8,3.7,1.5,2.7,4.5,3.6,1.9,2.9,3.1,2.6,5.1,4.2,2.5,1.1,5.1,3.3,,,,,,,,,,,,,,,,,,,,,,,,,,,,,,,,,,,,,,,,,28.8,28.8,28.6,28.8,28.8,29,28.9,28.8,28.6,28.8,28.9,28.6,28.8,28.8,28.9,28.6,28.7,28.9,28.9,29,29,28.8,28.8,28.7,28.4,28.7,28.7,28.9,28.7,28.7,28.7,74,73,72,74,74,75,76,74,73,74,74,73,74,76,74,75,76,75,74,74,74,76,74,73,73,76,73,76,75,74,74,0.3,0.4,0.5,0.3,0.4,0.2,0.2,0.3,0.3,0.2,0.2,0.2,0.6,0.5,0.2,0.2,0.6,0.3,0.4,0.3,0.5,0.3,0.4,0.6,0.2,0.5,0.2,0.3,0.4,0.2,0.4,7.9,6.1,7.8,8.1,4.1,10.5,0.5,6.8,6.1,10.3,7.5,7.4,8.7,8,8.7,11.2,10,7.3,8,8.1,9.4,9.5,6.6,7.8,7.9,9.1,4.3,8.4,10.6,8.6,8.1,9,7.2,7.9,10.4,5.8,11.5,2.5,7.6,8.6,11.2,8.3,9,9.7,9,9.7,12.6,11.2,7.9,9.4,9,10.4,10.1,7.6,8.6,8.3,9.7,6.5,9,11.5,9.4,9.4,,,,,,22.2204,114.2127
2026-10-02T10:00,28.1,28.2,27.8,27.1,27.6,28.5,29.7,28.3,27.3,29.2,27.7,28.6,27.7,28.4,28.6,28.6,27.9,27.6,28.6,29.1,28.1,28.4,29,29.4,27.1,28,28.5,29.3,28.7,28.6,27.7,28.4,27.7,28.5,29,28.8,28.5,27.9,28.2,28.2,85,87,85,87,86,85,81,86,86,86,86,84,87,82,87,81,86,86,82,80,86,85,82,81,86,88,87,83,80,83,83,82,90,81,83,85,80,93,83,85,1.5,4.3,0,0.7,1.8,1.7,0,0,1.4,1.1,3.3,3.1,1.9,4.5,4.8,1.3,2.5,2.1,0.5,0.8,2.2,2.4,3.8,0.1,1.3,2.4,6,2.4,1,1.2,0.9,2.8,4.2,1.1,0,0,1.6,4.1,0.9,1.3,4.6,6.6,4.8,5.1,3.1,3.8,6.5,6,4.6,3.3,3,3.9,5.5,1.9,6.3,2.6,4.9,2.5,3.9,3.2,3,5.3,4,1.5,3.6,4.8,2,3.3,3.8,3.7,2.3,4.3,3.7,2.3,4.8,6,1.1,3.8,5.5,3.8,,,,,,,,,,,,,,,,,,,,,,,,,,,,,,,,,,,,,,,,,29.3,29.2,29.1,29.3,29.3,29.3,29.5,29.4,29.2,29.3,29.5,29,29.5,29.3,29.4,29.3,29.2,29.5,29.4,29.5,29.5,29.2,29.4,29.3,29,29.4,29.3,29.4,29.1,29.2,29.3,72,70,70,71,70,74,70,71,70,73,70,71,70,73,71,73,74,71,71,72,73,74,71,69,70,71,69,73,73,72,71,0.3,0.4,0.5,0.3,0.4,0.2,0.2,0.3,0.3,0.2,0.2,0.2,0.6,0.5,0.2,0.2,0.6,0.3,0.4,0.3,0.5,0.3,0.4,0.6,0.2,0.5,0.2,0.3,0.4,0.2,0.4,7.2,5.9,7.4,7.6,5.1,10.5,3,4.9,5.1,9.4,5.8,7.9,6.9,9.2,6,9.4,9.7,6.7,7.6,6.9,9.7,8.6,5.4,5.8,6.8,6,2.7,8.9,10.2,7.8,6.2,7.9,6.8,7.6,9.7,6.5,10.8,3.6,5.4,7.6,10.4,5.8,8.6,7.2,9.7,6.5,10.1,9.7,7.2,8.3,8.3,10.1,9,6.1,6.5,6.8,6.1,6.1,9.4,10.4,7.6,7.9,,,,,,22.2204,114.2127
2026-10-02T11:00,28.4,28.3,28,27.2,27.8,28.6,29.5,28.6,27.4,29.5,27.6,28.2,27.7,28.2,28.8,28.7,28.3,27,28.8,29.1,27.8,28.1,28.8,29.7,27.4,28,28.3,29.1,29.1,29.1,28,28.2,27.6,28.7,29.3,28.6,28.9,28,28.6,28.1,83,86,85,85,85,85,81,84,86,84,86,86,86,83,86,80,85,87,82,81,87,85,83,79,84,87,87,83,77,81,82,82,91,80,81,85,79,92,81,84,1.1,1.2,1,1.1,0.4,0.9,1.2,0,0.2,0,1.7,4.7,1,2,0,0.8,0,1.8,0.4,1.5,2.5,2.8,2.3,0,0,2.3,6.6,2.1,0.4,0,0.4,2.7,0.2,0.6,0,4.3,0.1,5.7,0,2,4.8,4.3,4.3,5.6,5,4.5,6.6,5.1,6.2,2.6,4,4.8,5.5,1.9,6.3,2.3,4.3,4.6,5.4,2.7,5.1,5.6,3,2.2,4.8,4.7,1.4,4.3,5.1,4.2,3.1,4.3,3.6,3.1,4.8,6.4,2.4,4.4,5.4,5.5,,,,,,,,,,,,,,,,,,,,,,,,,,,,,,,,,,,,,,,,,29.7,29.4,29.5,29.6,29.7,29.6,29.9,29.8,29.6,29.7,29.9,29.3,30,29.6,29.8,29.7,29.5,29.8,29.7,29.9,29.8,29.5,29.8,29.7,29.4,29.9,29.6,29.8,29.4,29.5,29.8,70,68,68,69,68,72,66,68,68,72,67,70,67,71,69,71,72,69,69,70,72,72,68,67,68,68,67,71,71,71,69,0.3,0.4,0.5,0.3,0.4,0.2,0.2,0.3,0.3,0.2,0.2,0.2,0.6,0.5,0.2,0.2,0.6,0.3,0.4,0.3,0.5,0.3,0.4,0.6,0.2,0.5,0.2,0.3,0.4,0.2,0.4,7.5,6.9,8.1,9.1,7.2,11.2,5.9,4.6,6.8,10.5,5.1,9.3,6.2,9.9,4.8,8.3,10.2,8.2,8.6,7.3,10.2,7.6,6,5.7,7.1,4.3,5.2,10,9.2,7.1,6.8,7.6,6.8,7.9,9.4,7.6,10.8,5.4,4.7,7.6,10.4,4.7,8.6,5.8,10.8,5,8.6,9.7,7.6,8.3,8.3,10.4,8.3,5.8,5.8,6.5,4.3,6.5,10.1,9.7,6.8,7.6,,,,,,22.2204,114.2127
2026-10-02T12:00,28.2,28.5,27.9,27.7,28.2,28.9,29.7,29.2,27.7,29.4,27.7,27.9,27.9,27.7,29.4,28.6,28.8,27.1,28.6,29.3,27.9,28.6,28.9,29.2,27.5,28.1,28.5,29,29.1,29.5,28.4,28.1,27.9,28.4,28.7,28.4,28.6,28.1,28.8,28.1,83,85,84,83,83,83,79,81,84,82,85,87,85,86,84,80,82,87,82,80,86,83,85,80,84,87,86,82,77,78,80,83,89,81,82,84,79,91,81,84,2.7,0.1,2,0,0.2,0.6,0.4,0,0,1.4,0.5,2.8,0,2.1,0.1,1.6,0,0.2,0.9,0.6,1,0,0.3,2.6,0.1,1.6,0.8,1.3,0.4,0,0,1.5,0.1,1.5,3.9,5.2,1,3.3,0,1.5,5.1,4.7,5,6.9,5.1,3.7,6.9,3.6,7.4,2.8,3.6,4.5,5.9,2.9,6.3,0.8,4.2,4.3,6.9,1.6,4.3,6,3.5,2.6,4.3,4.3,1.5,4.4,5.4,4,3.9,4.6,4.2,5.4,4.4,4.7,4.3,2.3,5.5,6,,,,,,,,,,,,,,,,,,,,,,,,,,,,,,,,,,,,,,,,,29.8,29.5,29.6,29.7,29.7,29.7,30,30,29.6,29.8,30,29.3,30,29.6,29.9,29.8,29.6,29.8,29.8,30,29.9,29.7,29.9,29.9,29.5,30,29.7,29.9,29.6,29.5,29.9,70,67,68,69,68,71,65,67,68,72,66,70,67,71,68,70,72,70,68,69,72,71,67,67,68,67,67,70,70,70,69,0.2,0.2,0.3,0.2,0.1,0.3,0,0.1,0,0.3,0.1,0.4,0.1,1.1,0.3,0.1,0.6,0.2,0.3,0.2,0.5,0.1,0.3,0,0.4,0.1,0.5,0.4,0.1,1.4,0.1,9.5,8.5,10.2,10.9,9.6,12.4,8.7,7,8.7,12.9,7.2,10,7.5,10.5,6.1,8.8,12.3,11,10.6,9.8,12,7.1,8.2,8.2,9.8,6.6,8,11.8,8.5,7.2,9.8,9.4,7.9,10.1,10.8,9.7,11.9,7.9,6.8,8.6,13,6.5,9.7,7.2,11.9,6.1,9,11.9,10.8,10.4,10.1,12.2,8.3,7.6,7.9,9,6.8,8.6,11.5,9.7,6.5,9.7,,,,,,22.2204,114.2127
2026-10-02T13:00,28.4,29,28,27.9,28.5,29,30,29.9,27.8,28.9,27.8,28.2,28.2,27.5,29.7,28.8,29.3,27.6,28.9,29.9,28.4,28.8,29.1,28.9,27.7,28.2,28.9,29.4,29.3,30,28.9,28.7,28.1,28.6,29.1,28.3,28.8,28.4,28.8,28.2,82,82,82,82,82,80,76,77,83,84,84,86,84,87,81,78,80,84,79,77,83,82,85,82,83,87,85,80,76,75,77,80,87,79,80,83,78,90,81,83,0,0,0.6,0.4,0.1,0.5,0,0,0,4.7,1.4,1,0.3,1.5,0.1,1.4,0,0,0.4,0,0.1,0,0,9.2,0.4,0.8,0.9,0,0.8,0,0,0.4,0.1,0.2,0.9,2.9,0,0.2,0.5,0,4.7,3.9,5.4,6.6,5.2,3.2,1.1,2.4,7.6,3.6,4,5.8,4.8,3.4,5.2,1.6,2.6,4.7,6.6,1.9,3.5,5.7,2.8,1.3,4.7,5.1,1.1,3.6,4.5,2.7,4.7,5.2,4,6,3.2,3.3,5.1,2.7,5.4,6.2,,,,,,,,,,,,,,,,,,,,,,,,,,,,,,,,,,,,,,,,,29.8,29.4,29.6,29.7,29.6,29.7,29.9,30,29.5,29.7,30,29.2,29.7,29.3,29.9,29.6,29.6,29.6,29.7,30.1,29.9,29.8,29.9,29.8,29.4,29.9,29.6,29.9,29.7,29.3,29.8,70,67,69,69,68,70,66,68,68,72,67,71,69,72,67,71,72,71,69,70,72,70,67,68,69,68,69,70,68,69,70,0.2,0.2,0.3,0.2,0.1,0.3,0,0.1,0,0.3,0.1,0.4,0.1,1.1,0.3,0.1,0.6,0.2,0.3,0.2,0.5,0.1,0.3,0,0.4,0.1,0.5,0.4,0.1,1.4,0.1,12.3,9.5,13.4,13.1,12.3,14.3,11.5,10.1,10.1,15.9,10.2,11.4,9.7,10.8,8.7,10.4,14.8,14.6,13.2,13,14.1,7.1,11,11.6,13.1,10.2,10.8,13.9,9.2,7.6,13.4,12.2,9.4,13.3,12.6,12.6,13.7,11.2,10.1,10.4,16.2,9.7,11.2,9.7,13,8.3,10.8,15.1,15.1,13.7,12.6,14.4,8.6,10.8,11.5,12.6,11.2,11.9,13.3,10.4,7.2,12.6,,,,,,22.2204,114.2127
2026-10-02T14:00,28.6,29.1,28.3,27.8,28.4,29.1,30.1,30.1,28,28.2,28.1,28.5,28.2,27.7,30.1,29,29.6,27.9,28.9,30,28.7,29,29.3,28.4,28,28.3,29.1,29,29.3,30.2,28.9,28.5,28.2,28.8,28.8,28.4,28.9,28.9,28.9,28.2,82,82,82,82,80,79,76,76,83,87,82,83,83,86,78,77,78,82,79,76,81,82,84,84,82,85,84,81,76,74,77,81,86,77,81,82,79,86,81,83,0,1.8,0,0,0.3,0,0,0,0,6.9,0.3,0.9,0.1,1.1,0,0.1,0,0,0.5,0.1,0,0,0,9,0.1,0.9,0,1.5,0.3,0,0,2.2,0,0.1,2.5,1.2,0.1,0,0.4,0,3.8,0.4,5.2,6.7,5,2.4,3.2,3.3,8.1,4,3.3,3.8,3.7,3.8,4,3.9,1.6,5,5.2,3.3,2.9,6.9,3.3,1.8,5.8,5.6,2.2,4.5,4.8,2.5,4.8,3,4.4,7.6,8,1.1,4,0.8,4.7,6.1,,,,,,,,,,,,,,,,,,,,,,,,,,,,,,,,,,,,,,,,,29.7,29.4,29.5,29.6,29.5,29.7,29.8,29.9,29.3,29.6,29.9,29.1,29.5,29.1,29.9,29.5,29.5,29.4,29.6,30,29.8,29.8,29.8,29.7,29.3,29.8,29.4,29.8,29.7,29.1,29.7,70,67,70,69,69,70,67,68,68,73,67,71,70,73,67,71,72,73,69,70,72,69,67,69,70,69,70,70,68,69,71,0.2,0.2,0.3,0.2,0.1,0.3,0,0.1,0,0.3,0.1,0.4,0.1,1.1,0.3,0.1,0.6,0.2,0.3,0.2,0.5,0.1,0.3,0,0.4,0.1,0.5,0.4,0.1,1.4,0.1,13.8,10.2,14.9,14.1,13.7,14.8,12.6,12,10.8,17.6,11.9,12,11.2,10.2,9.5,11.6,16.3,16.3,14.1,14.8,14.8,7.3,12.4,13.6,15.2,12.3,12.7,15.3,10,5.8,15.6,14,10.1,15.1,13.7,14.4,14.4,12.6,12.2,11.5,18,11.9,11.9,11.5,13,10.1,11.5,16.9,17.6,15.5,14.4,15.5,8.6,12.6,13.7,14.8,13.7,13.7,14.8,10.8,8.3,14.8,,,,,,22.2204,114.2127
2026-10-02T15:00,28.6,28.3,28.2,27.8,28,29.2,29.9,29.8,27.6,27.6,27.6,28.9,28.4,27.7,30.5,28.8,29.8,27.9,28.8,29.3,29.1,29.2,29.1,27.7,27.6,28.2,29.1,28.1,29,30.2,28.7,28.6,28.2,28.7,27.8,28.5,28.1,29.1,28.8,28,81,84,82,83,82,78,78,77,84,88,84,81,83,86,77,78,77,82,79,78,78,80,85,89,83,85,85,85,78,73,78,79,85,78,86,82,82,85,80,84,0.4,5.6,0.9,0.7,0,0,0,0.7,0.3,3.6,2.1,0,0.1,0.5,0,0.4,0,0,1,2.7,0,0,0,5.1,0.4,0.1,0,2.8,1.5,0,0,0.5,0.3,0,5.2,0,2.5,0,0.6,0,3.6,3,4.2,5.2,5.2,2.2,7.5,7.5,5.9,5.5,3.1,2.5,4,4.2,3.3,4.6,1.9,4.3,5.8,3.5,2.2,6.8,5.2,4,6.2,5.5,3.4,3.2,6.1,4.8,4.7,4.2,5.4,9.1,5.9,1.8,2.5,2.3,4.3,6.6,,,,,,,,,,,,,,,,,,,,,,,,,,,,,,,,,,,,,,,,,29.6,29.3,29.4,29.5,29.5,29.6,29.7,29.9,29.2,29.5,29.8,29.1,29.4,29,29.8,29.4,29.5,29.3,29.6,29.8,29.6,29.7,29.7,29.5,29.3,29.7,29.4,29.6,29.7,28.9,29.6,70,67,70,68,69,70,67,68,67,74,66,70,71,72,67,71,72,73,69,71,72,68,67,70,69,69,70,71,68,70,72,0,0,0,0,0.2,0,0,0.2,0,0.3,0.1,0.1,0,1.2,0.2,0,0.2,0.7,0.2,0,2.2,0,0,1.5,0,0.1,0,0,0,0.2,0,13.2,9.5,13.8,13.2,12.8,13.6,10.8,11.6,9.8,16.5,10.9,10.7,11.5,7.9,7.6,11.6,15.6,15.6,13,14.4,13.8,4.7,11.9,12.7,14.3,10.8,12.3,15.2,9.6,0.8,15.1,13.3,9.4,14,12.6,13.7,13.3,10.8,11.2,10.4,16.6,11.2,10.1,10.8,10.8,10.1,11.2,15.8,16.6,14.4,14,13.7,7.9,11.9,13,13.7,12.2,13.7,15.1,10.1,10.4,14.8,,,,,,22.2204,114.2127
2026-10-02T16:00,28.3,28.1,28,27.6,28,29.2,29.6,29.2,27.4,27.5,27.4,29.1,28.1,27.7,30.7,28.7,29.7,27.7,28.2,28.7,28.9,28.9,28.8,27.4,27.3,28,28.9,27.6,28.5,29.7,28.3,28.6,27.8,28,27.7,28.5,27.4,29.1,28.6,27.7,82,85,82,83,82,78,80,80,83,88,86,80,83,86,76,77,77,82,80,81,79,80,86,90,84,86,87,87,80,75,80,79,87,82,86,82,84,85,81,86,1.1,0.9,1.1,1,0,0,0,0,0.7,0,0.9,0,0.1,0,0,1.3,0,0.4,1.2,1.7,0.5,0.3,0,1.8,0.5,0.2,0.1,1.2,1.8,0.1,0.2,0,1.3,0.4,0,0,3,2.5,0,0.3,3.6,4.3,3.1,5.2,5.5,3.6,6.3,7.6,6.2,4.3,3.6,1.5,4.9,4.3,2.9,4.3,3.7,4.3,7,4.4,3.1,5.6,5.6,4.8,5.5,5.6,3.3,4.2,6.1,7.4,4.2,7.9,5.3,7.2,4.1,2.3,2.9,1.8,5.8,7,,,,,,,,,,,,,,,,,,,,,,,,,,,,,,,,,,,,,,,,,29.5,29.2,29.2,29.4,29.4,29.5,29.7,29.9,29.1,29.3,29.7,29.2,29.3,29,29.6,29.3,29.4,29.2,29.5,29.6,29.3,29.5,29.6,29.2,29.4,29.6,29.3,29.5,29.5,28.7,29.3,70,66,70,68,69,71,66,68,67,74,66,69,71,71,67,72,71,73,70,72,73,68,66,70,68,69,71,72,69,72,72,0,0,0,0,0.2,0,0,0.2,0,0.3,0.1,0.1,0,1.2,0.2,0,0.2,0.7,0.2,0,2.2,0,0,1.5,0,0.1,0,0,0,0.2,0,11.3,8.5,11.3,10.7,10.8,11.8,7.6,9.7,8.2,13.8,8.9,8.9,10.5,4.1,6.4,11,13.4,13.1,10.3,12.6,11.6,1.3,10.2,10.3,12.2,8,11,14.6,8.2,9.8,13,11.2,7.9,11.2,10.8,11.5,11.2,7.6,8.6,9,14,9,7.6,9.4,7.6,9.4,10.4,13.7,13.3,11.9,13,10.4,7.2,10.4,10.4,11.2,9,12.2,15.1,9.4,13.7,13.3,,,,,,22.2204,114.2127
2026-10-02T17:00,28.2,27.8,28,27.6,27.7,29,29.2,28.7,27.3,27.5,27.3,29,28,27.6,30.4,28.2,29.2,27.6,28,28.1,28.5,28.5,28.5,27.4,26.8,27.8,28.6,27.4,28,28.7,27.9,28.2,27.5,27.3,27.6,28.2,27.3,28.8,28.2,27.4,82,87,82,83,83,78,82,83,84,88,86,79,83,86,76,80,79,83,81,83,80,82,87,90,86,87,88,88,81,81,82,81,88,84,87,84,84,85,83,87,0,0.1,0,0,0,0,0,0,0,0,0,0.4,0,0,0,0.1,0,0.4,0.2,1.1,0.6,0.3,0,0.1,1.8,0.1,0,0,0.6,3.7,0.2,0,0.2,1,0,0,0.1,6.9,0,0.2,5.1,5.6,4.7,5.4,6.1,3.3,6.4,7.9,7.6,3.3,4.7,2.5,4.4,3.4,4.4,4.6,4.9,3.9,6.3,4.9,3.9,4.9,5.2,2.8,5,5.9,4.9,4.6,7.9,6.8,4.7,6.7,5.5,5.4,5.5,4.3,4.4,2.2,7.6,6.2,,,,,,,,,,,,,,,,,,,,,,,,,,,,,,,,,,,,,,,,,29.4,29.1,29.1,29.3,29.2,29.3,29.6,29.7,28.9,29.1,29.6,29.1,29.2,28.9,29.2,29.2,29.3,29,29.4,29.3,28.9,29.1,29.5,29,29.3,29.5,29.2,29.3,29.2,28.4,29.1,71,67,70,68,70,72,67,69,67,75,66,69,72,72,69,73,71,73,71,73,74,69,67,71,68,69,71,73,71,75,73,0,0,0,0,0.2,0,0,0.2,0,0.3,0.1,0.1,0,1.2,0.2,0,0.2,0.7,0.2,0,2.2,0,0,1.5,0,0.1,0,0,0,0.2,0,9.2,7.4,9,9,9.7,9.5,4.9,7.2,8.2,10.8,8.1,7.1,8.4,1.3,9.2,9.5,11.3,9.8,8.2,10.5,7.6,4.6,9.3,7.6,10.4,4.7,9.9,13.3,5.6,17.2,11,9.4,7.6,9,9.4,10.8,9.7,5.4,7.9,8.3,11.5,8.3,6.5,8.3,6.5,10.1,9.4,11.5,10.8,9.7,11.9,9,7.9,9.7,8.6,9.4,6.8,10.8,14.4,9.7,16.9,11.9,,,,,,22.2204,114.2127
2026-10-02T18:00,27.9,27.5,27.8,27.4,27.4,28.6,28.4,28.2,27,27.4,27.2,28.6,27.8,27.5,29.8,27.7,28.7,27.1,27.7,27.4,27.9,28.1,28.2,27.3,26.6,27.5,28.3,27.2,27.7,28.1,27.6,27.8,27.2,27,27.4,27.7,27.3,28.5,27.6,27.2,84,88,83,84,84,81,86,86,86,89,87,82,84,87,79,83,83,85,82,86,83,84,87,90,86,88,89,88,84,84,84,83,89,86,88,86,85,86,86,88,0,0,0,0,0,0,0,0,0,0,0,0,0,0,0,0,0,0.3,0.4,0.6,1.4,0,0,0,0.4,0,0,0,0,2.2,0,0,0,0.1,0,0,0,1.1,0,0,5.4,5.5,5,5,5.2,4.4,7.8,8,7.6,4.6,3.3,3.1,4,3.8,5.8,5.2,5,4.5,5.9,5.2,5.2,7.2,4.7,3.6,5.1,5.4,5.9,3.9,7.6,5.8,4.5,5.8,3.4,7.7,5.3,6.5,3.6,1.5,8,5.9,,,,,,,,,,,,,,,,,,,,,,,,,,,,,,,,,,,,,,,,,29.2,28.9,28.9,29,28.7,29.1,29.3,29.2,28.8,28.9,29.4,28.9,28.9,28.4,28.6,29.1,29.1,28.8,29.3,29,28.5,28.6,29.2,28.8,29,29.3,29,29.1,28.6,27.8,28.9,72,69,71,70,73,73,69,72,69,76,68,71,73,75,74,74,72,74,72,74,76,73,69,72,70,71,72,74,75,79,74,0,0,0,0,0.4,0,0,0,0,0,0,0,0,0.4,0,0,0.1,0.5,0,0.3,0.9,0.5,0,0.8,0,0.1,0.6,0,0.1,0,0,7.3,7.9,8,8.5,11.3,7.5,4.6,7.2,9.8,7.8,9.3,7.3,4.7,7.3,13.5,7.4,9.2,5,5.5,8.4,2.1,9.9,9.7,4.1,9.9,3.1,8.2,10.8,4.1,21.8,8.7,8.6,9,8.3,9.7,13,9.7,5.8,10.8,10.1,10.1,10.1,8.6,8.6,10.1,13.7,8.3,9.7,8.6,7.6,11.2,10.4,11.9,10.8,7.6,9.7,6.8,8.6,12.2,12.6,21.2,10.1,,,,,,22.2204,114.2127
2026-10-02T19:00,27.6,27.4,27.5,27.1,27.1,28.1,27.7,27.9,26.7,27.3,27.1,27.8,27.5,27.3,29,27.2,28.2,27,27.6,27,27.4,27.7,27.9,27.3,26.7,27.3,28,27.1,27.4,27.8,27.3,27.4,26.9,26.8,27.2,27.4,27.1,28.2,27.2,27,87,89,86,87,86,84,90,87,88,90,88,88,87,88,84,86,86,86,82,88,86,86,88,92,86,90,90,89,85,86,86,86,91,87,89,89,86,88,88,89,0,0,0,0,0,0,3,0,0,0,0,0,0,0,0,0.3,0,0,0.1,0.3,1.7,0,0,0,0,0,0,0,0,0.9,0,0,0,0,0,0,0,1.4,0,0,5.3,6,4.7,4.7,4.5,4.7,9.7,8.7,5.9,4,3.1,5.2,4.3,3.6,5.1,4.5,4.8,4.7,5.2,5.1,4.7,7.2,4.8,4.2,6.5,5.8,4,3.2,7.2,5.9,3.4,5.9,4,7.3,5.6,8.7,2.9,1.5,7.4,6.5,,,,,,,,,,,,,,,,,,,,,,,,,,,,,,,,,,,,,,,,,28.9,28.6,28.7,28.8,28.2,28.9,29,28.6,28.6,28.7,29.1,28.7,28.7,27.8,27.9,29,28.8,28.6,29.1,28.7,28.1,28,28.9,28.6,28.7,29,28.7,28.9,27.9,27.2,28.7,74,72,74,72,78,75,73,76,72,77,72,73,75,80,80,76,74,76,74,75,78,79,72,74,72,73,73,76,80,85,74,0,0,0,0,0.4,0,0,0,0,0,0,0,0,0.4,0,0,0.1,0.5,0,0.3,0.9,0.5,0,0.8,0,0.1,0.6,0,0.1,0,0,6.8,10,7.7,8.7,15.5,8,6.2,13,12.5,5.9,11.5,10.2,5.7,14.7,18.1,4.6,7.9,0.7,3.6,7.2,8.7,16.2,10.9,3.2,10.1,6.5,6.1,7.9,13.4,24.7,6.3,8.3,10.8,8.3,10.4,16.6,10.4,7.2,15.5,13,9,13.3,12.2,9.7,16.2,18.4,7.2,8.3,7.2,5.4,10.1,13,17.6,13,7.2,10.4,8.3,5.8,9.7,16.6,25.9,7.9,,,,,,22.2204,114.2127
2026-10-02T20:00,27.4,27.2,27.3,27,26.9,27.8,27.1,27.7,26.5,26.9,27,27.4,27.3,27.1,28.5,26.8,28,26.9,27.5,26.9,27.1,27.5,27.8,27.2,26.7,27.2,27.8,27.1,27.2,27.6,27.1,27.2,26.8,26.8,27,27.1,27.1,28,27,26.9,88,89,87,88,88,86,92,89,89,90,89,89,88,89,87,87,87,87,84,89,87,88,87,91,86,90,90,90,87,87,87,88,92,87,88,89,87,88,89,90,0,0.7,0,0,0,0,12.4,0,0.1,1.6,0,1,0,0,0,0.7,0,0,0,0,1.6,0,0,0.1,0,0,0,0,0,0,0,0,0,0,0.6,0,0,1.7,0,0,5,6.8,5.4,5.4,4.1,4.7,9.1,12.3,7.3,5.4,3.3,5.9,4.7,3.6,6.1,3.3,4.3,4.7,5.9,5.1,4.7,6.5,4.7,3.6,6.2,6.2,3.8,3.2,7.6,6.1,3.8,6.1,5,6.9,5.3,8.4,3,3.3,7.6,6.4,,,,,,,,,,,,,,,,,,,,,,,,,,,,,,,,,,,,,,,,,28.7,28.4,28.5,28.5,27.7,28.7,28.6,28.1,28.4,28.5,28.8,28.4,28.4,27.3,27.4,28.8,28.6,28.4,28.9,28.5,27.8,27.6,28.6,28.4,28.4,28.7,28.5,28.7,27.4,26.7,28.6,75,74,75,74,81,76,76,80,75,78,75,75,76,84,84,77,75,77,75,76,80,83,74,75,74,75,74,77,83,88,75,0,0,0,0,0.4,0,0,0,0,0,0,0,0,0.4,0,0,0.1,0.5,0,0.3,0.9,0.5,0,0.8,0,0.1,0.6,0,0.1,0,0,8.2,12.1,7.6,9.9,19.4,10,8.6,19.2,14.6,7.1,13.1,13.1,10,20.2,21.3,4.2,7.6,5.5,4.7,7.9,14.8,20.5,13.3,6.2,10.2,10.8,3.9,6.2,21.3,26.4,5.8,9,12.6,8.3,11.5,19.8,11.5,9,19.8,15.8,9,15.5,14.8,11.2,21.2,22,7.2,7.9,7.6,5.4,10.1,15.8,21.6,15.5,7.2,11.5,10.8,4.7,8.6,20.2,28.8,6.8,,,,,,22.2204,114.2127
2026-10-02T21:00,27.2,27.2,27.1,27,26.7,27.6,26.9,27.4,26.6,26.6,27,27.3,27.1,27.1,28.1,26.8,27.8,26.8,27.3,26.8,26.8,27.4,27.8,27.3,26.6,27.2,27.7,27,27,27.5,26.9,27.1,26.8,26.9,27,27,26.9,27.7,26.9,26.9,89,89,88,88,89,87,93,88,88,90,89,90,89,89,89,88,88,87,85,90,88,89,86,90,88,90,91,90,88,89,89,88,91,87,89,89,88,90,90,90,0,0.6,0,0,0,0,6.1,1.7,0,1.6,0,0,0,0,0,0,0,0,0,0,0.7,0,0,0,0,0,0,0,0,0.1,0,0,0,0,0,0,0,0,0,0,4.5,6.5,5.8,5.8,4.7,4.7,8.7,10.5,7.6,5.4,3.3,5,5.1,3.6,8.3,4.2,4.5,5.8,6.2,5.1,4.8,7.2,4.2,3.3,6.2,6.4,2.9,4,8,6.5,3.8,6.1,5.4,6.1,5.5,8.7,4.2,2.5,7.6,6.2,,,,,,,,,,,,,,,,,,,,,,,,,,,,,,,,,,,,,,,,,28.5,28.3,28.4,28.4,27.6,28.5,28.4,27.6,28.2,28.4,28.6,28.2,28.1,27.1,27.2,28.5,28.4,28.2,28.7,28.3,27.6,27.5,28.3,28.1,28.3,28.4,28.4,28.4,27.1,26.6,28.4,76,75,75,75,82,77,78,83,77,78,77,76,77,85,85,79,76,79,76,77,82,83,76,77,75,77,75,78,84,88,76,0,0.3,0.4,0,0.1,0.8,0.1,1,0,0.6,0.3,0.1,1.2,0.1,0.2,0.1,0.1,0.3,0,1,0.6,1.3,0.1,0.2,0.1,0,0,0.4,0.6,0.4,0.1,10.2,12.3,7.7,10.8,21.6,11.6,10.6,22.6,16,8.9,13.5,13.2,11.8,22.3,22,7,8.5,10.3,8.9,8.9,17.5,21.3,16.2,8.6,10.5,15.1,3.9,7.4,24.1,26,6.5,11.2,13,8.3,12.2,22.7,12.6,11.2,23,17.6,10.1,15.8,14.8,12.2,23.8,23,9.7,9.7,11.5,9.4,10.8,18.4,22.7,18.4,8.6,12.2,15.1,6.5,10.1,23,28.8,7.9,,,,,,22.2204,114.2127
2026-10-02T22:00,27.1,27.2,27,27,26.6,27.5,26.7,27.4,26.7,26.5,27,27.1,27.1,27.1,27.9,26.8,27.8,26.9,27.1,26.8,26.9,27.3,27.8,27.1,26.6,27.3,27.6,27,27,27.3,26.9,27,26.6,26.9,26.8,26.9,26.8,27.5,26.8,27,90,88,89,88,90,88,94,88,88,91,89,92,89,89,89,89,89,86,86,90,88,90,86,88,88,89,91,90,88,90,89,87,90,87,90,89,89,91,89,89,0,0,0,0,0,0,3.2,0,0,2.2,0,0,0,0,0,0,0,0,0.4,0,0,0,0,0.7,0,0,0,0,0,0.7,0.1,0,0.3,0,0,0,0,1.8,0,0,4.5,5.8,5.2,5.8,4,4.3,8.9,10.1,7.6,6.6,3.1,5,5.2,4.3,7.9,3.9,4.1,4.3,6.9,5.1,5.1,7.6,3.8,4.2,6.5,7,2.6,3.4,6.9,6.8,3.7,6.1,5,6.2,6.5,7.6,3.8,4.2,7.9,5.9,,,,,,,,,,,,,,,,,,,,,,,,,,,,,,,,,,,,,,,,,28.3,28.1,28.3,28.2,27.5,28.2,28.1,27.2,28,28.3,28.4,28.1,27.9,27,27.3,28.2,28.3,28.1,28.4,28.2,27.5,27.5,28,27.9,28.2,28.1,28.4,28.2,27,26.6,28.3,78,76,75,76,81,77,80,85,78,79,77,77,79,85,84,81,76,80,78,78,83,81,78,79,76,79,75,79,83,87,76,0,0.3,0.4,0,0.1,0.8,0.1,1,0,0.6,0.3,0.1,1.2,0.1,0.2,0.1,0.1,0.3,0,1,0.6,1.3,0.1,0.2,0.1,0,0,0.4,0.6,0.4,0.1,12.2,12.2,8.1,11.5,22.3,13,12.6,24.5,17.4,10.6,13.2,12.3,12.7,22.4,21,11.3,10.5,16,14.2,10,19.2,20.2,19.2,10.1,10.7,19.5,7.7,10.8,24.9,23.8,8.4,13.7,13,8.3,13.3,25.2,14,13.3,25.9,19.4,11.9,15.1,13.3,13.7,24.8,23.4,13,13,17.6,15.5,12.6,20.9,22.3,21.6,10.4,13,20.2,10.1,13,25.6,27,10.4,,,,,,22.2204,114.2127
2026-10-02T23:00,27,27.1,26.8,27,26.3,27.4,26.6,27,26.6,26.5,27,27.1,27,27.1,27.7,26.7,27.7,26.9,26.9,26.7,26.9,27.1,27.8,26.9,26.7,27.2,27.5,26.6,26.9,27.1,26.8,26.8,26.4,26.8,26.7,26.6,26.8,27.1,26.8,27.1,90,89,89,88,90,89,93,89,89,91,89,92,89,89,89,89,89,87,88,90,88,90,86,88,87,90,91,89,89,91,89,88,91,88,90,90,89,91,89,88,0,0.5,0,0,0.3,0,2.6,1.3,0.1,2.7,0,0,0,0,0,0,0,0,1.5,0,0,0.1,0,1.1,0,0,0,0.6,0,0.3,0.1,0,1.6,0,0,0,0,4.2,0,0,5,5.1,5.6,5.8,3.3,4,9.6,10.7,7.2,7.1,3.3,4.7,4.7,4.7,7.3,4.2,3.7,4,6.2,4.7,4.8,7.6,3.4,4.7,5.4,8,4.4,3.3,6.5,6.5,3.8,6.8,5.2,6.5,6.9,7.8,3.4,3.3,7.9,6.8,,,,,,,,,,,,,,,,,,,,,,,,,,,,,,,,,,,,,,,,,28.1,28,28.2,28,27.5,28,27.9,27,27.7,28.1,28.1,27.9,27.7,27,27.3,28,28.2,27.9,28.1,28,27.4,27.6,27.8,27.7,28.1,27.8,28.3,27.9,26.9,26.7,28.2,79,77,75,77,81,78,81,86,79,79,78,77,80,85,83,82,77,81,79,78,84,80,79,80,76,80,76,80,83,86,77,0,0.3,0.4,0,0.1,0.8,0.1,1,0,0.6,0.3,0.1,1.2,0.1,0.2,0.1,0.1,0.3,0,1,0.6,1.3,0.1,0.2,0.1,0,0,0.4,0.6,0.4,0.1,14.2,12.5,8.4,12.2,23.1,15,14.5,25.7,18.8,12.3,14,12.1,13.6,22.3,20.7,14.1,13.1,19.6,18.2,11.5,21,19.1,21.5,11,10.5,22.9,10.7,14.5,25.7,22.7,9.7,16.2,13.7,8.6,14,27,16.6,15.8,28.1,21.2,14,16.2,13.7,15.5,25.6,24.1,15.5,15.5,22,20.2,14.4,23,22.3,24.5,11.9,12.6,24.5,12.6,16.2,28.1,26.3,12.2,,,,,,22.2204,114.2127
2026-10-03T00:00,26.8,26.8,26.5,26.9,26.2,27.2,26.8,26.7,26.3,26.4,26.9,26.9,27,26.9,27.5,26.5,27.6,26.7,26.8,26.6,26.9,26.8,27.5,26.6,26.8,27.1,27.1,26.3,26.9,27,26.7,26.4,26.3,26.6,26.6,26.3,26.7,26.7,26.7,27.2,90,90,89,88,90,89,90,90,89,88,88,92,90,89,89,89,90,87,89,91,88,90,87,89,86,90,92,90,89,91,89,88,91,89,91,89,89,92,89,87,0.9,1.8,0.8,0.1,0.8,0.1,1.5,1.9,1.2,1.8,0.2,0,0,0.3,1.3,0.2,0.1,0,1.8,0,0.1,1,0.2,1.8,0,0,0.8,0.8,0.1,3.1,0.6,0.1,2.6,0.1,0,0.6,0,3.4,0.2,0,4.8,6.5,6.2,6.2,3.2,4,8.1,8.7,6.2,6.2,3,5.1,4,5,7.2,3.4,3.5,5,5.4,4.7,4.7,7.2,4,4.8,4.9,8.4,5.1,2.9,6.2,6.9,3.5,6.2,4.8,6.1,7.2,6.3,2.9,2.8,8.3,7.8,,,,,,,,,,,,,,,,,,,,,,,,,,,,,,,,,,,,,,,,,27.9,27.8,28,27.7,27.3,27.6,27.8,26.9,27.4,27.8,27.9,27.7,27.5,26.9,27.2,27.8,27.9,27.7,27.8,27.9,27.3,27.5,27.6,27.5,27.8,27.5,28.1,27.7,26.8,26.7,27.9,79,78,76,78,81,79,80,85,80,80,79,77,80,84,82,82,78,81,79,78,85,79,80,80,76,81,77,80,83,85,77,3.3,1.3,0.5,1.4,2.4,3.4,2.2,2.5,2.8,2.9,1.2,2.1,3.2,2.2,2.9,2.8,1.3,1.8,1.5,2.9,0,1.1,0.2,1.1,1,1,1.8,2.5,1,1.5,0.7,15.3,14.1,8.2,12.9,23.4,18.3,16.8,26.6,21.7,14.1,17.3,14.3,16.2,22.7,22.4,13.7,14.6,18.4,19.7,13.9,21.6,19.1,23,11.1,8.7,24.3,11.5,17.7,28,23.1,9.5,17.6,15.8,8.6,14.4,27.7,20.9,18.7,29.5,24.5,15.8,20.2,16.9,18.4,25.9,26.6,15.1,16.9,22.3,22,16.9,24.1,23,26.6,11.5,10.1,27,13,19.1,31.7,27.4,11.9,,,,,,22.2204,114.2127
2026-10-03T01:00,26.5,26.7,26.4,26.9,26.1,26.9,27,26.6,26.1,26.6,26.9,26.7,27,26.6,27.1,26.2,27.3,26.4,26.8,26.5,26.8,26.6,26.9,26.5,26.7,27,26.7,26.3,26.6,26.8,26.5,26.2,26.1,26.3,26.6,26.3,26.5,26.5,26.5,27.2,90,90,90,88,90,89,88,90,90,87,88,92,91,89,90,89,91,89,89,90,88,90,89,90,86,90,92,91,90,91,90,88,92,89,90,89,89,92,90,86,1.5,2.5,1.2,0.2,0.8,1.3,2.9,1.8,1.6,0.3,0.2,1,0,0.9,3.1,1,1,1.3,2,0.2,0.7,1,3.8,2.1,0.1,0,3.5,0.3,0.9,3.4,1.2,0.4,3,0.3,0,0.1,0.1,3.4,0.4,0,4.6,6.8,5.4,6.9,3.6,4.3,6.6,8.8,5.1,5.2,2.6,5.8,3.7,4.3,5.8,3.3,3.8,4,5.6,4.7,4.7,6.2,5.1,4.5,3.9,7.4,5,3.3,7.2,6.9,2.9,5.1,5.2,5.4,7.6,7,3.3,2.9,9.2,8.2,,,,,,,,,,,,,,,,,,,,,,,,,,,,,,,,,,,,,,,,,27.7,27.6,27.7,27.4,27,27.1,27.8,27,27.1,27.4,27.6,27.5,27.3,26.9,27.1,27.6,27.7,27.6,27.6,27.8,27.2,27.4,27.5,27.4,27.6,27.2,27.8,27.4,26.6,26.7,27.7,79,78,76,79,81,81,79,83,81,81,79,77,80,83,81,81,79,80,79,77,85,79,80,79,75,82,77,80,84,84,77,3.3,1.3,0.5,1.4,2.4,3.4,2.2,2.5,2.8,2.9,1.2,2.1,3.2,2.2,2.9,2.8,1.3,1.8,1.5,2.9,0,1.1,0.2,1.1,1,1,1.8,2.5,1,1.5,0.7,16.2,16.3,8.4,13.2,23.4,22.2,18.5,27,24.9,15.7,22,17.7,19.5,23.1,25.2,12.1,15.5,16.6,19.5,17.1,22,19.5,23.8,10.4,5.6,24.5,10.7,20.3,30.3,24.6,9.1,18.4,18.4,9,14.4,27.4,25.9,21.2,30.6,28.4,17.6,25.2,21.2,22,26.3,29.9,14,18,20.9,22.7,19.8,24.8,23.8,28.4,10.8,6.8,28.1,12.2,22.3,35.3,28.8,11.2,,,,,,22.2204,114.2127
2026-10-03T02:00,26.3,26.6,26.3,26.8,25.9,26.6,27.1,26.4,25.9,26.7,26.8,26.5,26.8,26.5,26.9,26,27,26.2,26.8,26.4,26.6,26.3,26.6,26.4,26.6,27,26.3,26.3,26.5,26.8,26.4,26.1,26.1,26.2,26.7,26.2,26.3,26.3,26.4,27.1,90,91,91,89,90,90,87,90,91,86,88,92,91,89,91,90,92,89,89,90,89,91,90,89,87,89,92,91,90,91,89,88,91,90,89,89,89,92,91,86,1.2,2.8,1.8,1,1,1.6,3.7,3.4,1.8,0,0.8,2.7,1,1.3,3.7,1.7,3.2,1.5,2.1,0.9,2,1.4,3.7,1.5,0.3,0.1,2.9,0,0.5,6.4,0.4,0.6,3.3,0.8,0,0.6,0.1,3.3,1.6,0,5,7.6,4.9,6.6,2.9,3.9,4.6,8.3,5.2,5.2,2.7,5.4,5.5,4,6.9,3.3,4.2,3.8,5.8,4.3,4.7,5.8,2.9,3.7,3.9,7.7,4.7,2.9,7.2,7.7,1.8,4.3,5.8,4.3,7.2,5.9,3.3,3.3,9.2,7.4,,,,,,,,,,,,,,,,,,,,,,,,,,,,,,,,,,,,,,,,,27.4,27.5,27.5,27.2,26.9,26.8,27.8,27,26.9,27,27.4,27.3,27.1,26.8,27,27.4,27.4,27.4,27.4,27.6,27.1,27.3,27.4,27.3,27.4,27,27.5,27.2,26.5,26.7,27.5,79,78,77,80,81,82,78,82,81,83,79,78,80,82,81,80,80,79,79,77,85,79,80,79,75,82,78,80,84,83,77,3.3,1.3,0.5,1.4,2.4,3.4,2.2,2.5,2.8,2.9,1.2,2.1,3.2,2.2,2.9,2.8,1.3,1.8,1.5,2.9,0,1.1,0.2,1.1,1,1,1.8,2.5,1,1.5,0.7,17.2,18,9,13.9,23.1,24.6,19.5,27.1,26,17.2,25,20.6,22.1,23.4,26.6,11.3,16.7,17.1,19.9,19.3,22.1,19.6,24.1,10.6,4.6,23.8,10.5,22.6,31.5,25.3,9.6,19.4,20.5,10.1,15.1,27.4,29.5,23,31.3,29.9,19.8,29.2,24.8,24.8,26.3,31.7,13.7,19.4,20.2,23.4,22.3,25.2,24.1,29.2,11.2,5.4,28.4,12.2,25.2,37.1,30.2,11.5,,,,,,22.2204,114.2127
2026-10-03T03:00,26,26.5,26.1,26.9,25.8,26.4,27.1,26.3,25.8,26.6,26.6,26.3,26.6,26.4,26.7,25.9,26.8,26.1,26.8,26.2,26.6,26.2,26.7,26.3,26.5,26.9,26.3,26.4,26.3,26.7,26.4,26.1,26.1,26,26.7,26.2,26.2,26.2,26.3,27.1,91,89,91,89,91,90,87,92,92,87,89,92,92,90,91,90,93,90,89,91,90,91,90,89,87,90,91,90,90,91,90,88,90,91,88,88,89,92,90,87,1.2,2.2,2.1,0.7,1.1,1.6,2.4,2.6,1.7,1,0.9,2.9,3.2,1.1,3.6,1.8,5.6,1.3,2,1.3,2.3,1.3,0,1.8,0.8,0.3,0.9,0.2,1.9,6.3,0,0.6,3.1,1,1.2,0.1,0.7,2.8,2,0,5.4,8.4,5,5.5,3,3.5,3.9,7.6,5.9,5.5,3.3,6.5,5.8,4,6.5,3.1,4.1,3.5,5.3,4.4,4,5.4,1.5,3.1,3.6,6.8,3.4,3.2,6.5,7.4,1.4,4.3,6.6,4,6.1,5.8,1.8,2.9,8.9,6,,,,,,,,,,,,,,,,,,,,,,,,,,,,,,,,,,,,,,,,,27,27.3,27.3,27.1,27,26.6,27.7,26.9,26.9,26.4,27.3,27,26.8,26.8,26.9,27.3,27.1,27.1,27.2,27.3,26.9,27.1,27.3,27.3,27.3,27,27.4,26.9,26.5,26.7,27.4,80,78,78,80,80,82,78,81,80,86,78,79,82,82,81,80,82,80,79,78,85,79,80,79,76,81,78,81,84,82,77,3.9,1.4,1.9,3,2.6,2.4,2.6,1.7,1.5,5.4,0.1,3.4,2.8,2.6,3.5,3.8,5.7,1.4,1.3,3.4,2.3,1.1,0.7,0.7,1.6,3.3,3.9,3.9,1.2,0.6,2.1,18.4,18.8,11.3,15.6,22.8,24.8,18.8,27.2,23.5,19.2,25.4,22,23.6,23.8,25.6,13.1,18.9,18.9,21,21.2,22.7,19.6,23.9,12.2,7.1,21.6,11.8,24,29.9,25.3,12.9,21.2,22,12.6,17.3,27.4,30.2,23,32,27.7,22.3,30.2,26.3,27.4,27,31.3,15.8,22.3,22,25.2,24.8,25.9,24.1,28.8,13.7,8.6,27,14,27.7,35.3,30.6,14.8,,,,,,22.2204,114.2127
2026-10-03T04:00,25.9,26.7,26,26.8,25.6,26.3,27.2,26.3,25.7,26.6,26.4,26.1,26.4,26.2,26.6,25.8,26.7,26,26.7,26.1,26.5,26,26.7,26.3,26.4,26.9,26.4,26.3,26.2,26.5,26.4,26,26,25.9,26.6,26,26,26.1,26.3,27,91,88,92,90,91,90,87,91,92,88,90,93,92,91,90,90,93,91,89,91,90,92,90,89,88,89,91,88,91,90,90,88,89,91,89,90,89,92,91,88,0.4,0.4,2.3,3,1.1,1.6,1,2.9,1.5,1.7,1.2,2.9,6.1,1.1,2.4,1.8,6.3,1.2,1.7,1.6,3.1,1.4,0,1.9,1.2,0.3,0,0.3,2.7,6.1,0,0.7,2.5,1.1,1.9,0.2,0.5,3,2.6,0,5.4,8.4,5.5,5,3.6,3.9,3.7,7.3,5.9,6.9,4.3,6.8,5.8,4.3,6.5,3,4.7,3.2,5.6,4.5,4.1,5.4,2.5,2.7,3.8,7.1,3.1,4.3,6.2,8,2.5,4.4,7.1,4.3,6.7,6.5,2.5,3.6,10,5,,,,,,,,,,,,,,,,,,,,,,,,,,,,,,,,,,,,,,,,,26.7,27.2,27.1,27,27.1,26.5,27.6,26.8,27.2,25.9,27.4,26.8,26.4,26.7,26.8,27.2,26.7,26.8,27,26.9,26.7,27,27.2,27.3,27.2,27,27.2,26.6,26.6,26.9,27.3,82,78,78,80,79,82,78,81,79,89,77,81,84,82,82,80,83,81,80,80,85,80,81,80,76,80,79,83,83,81,78,3.9,1.4,1.9,3,2.6,2.4,2.6,1.7,1.5,5.4,0.1,3.4,2.8,2.6,3.5,3.8,5.7,1.4,1.3,3.4,2.3,1.1,0.7,0.7,1.6,3.3,3.9,3.9,1.2,0.6,2.1,19.9,19,14.6,18,22.5,23.2,17.7,27.3,18.6,20.8,24.3,23.1,24.7,23.8,23.8,16,22,20.8,22.5,22.5,23.4,19.5,23.3,14.8,11.9,18.7,13.7,24.5,26.9,24.9,17.4,23.4,23,16.2,20.5,27.7,29.2,22,32.4,23,25.2,29.9,27,29.5,27.4,29.9,19.1,25.9,24.8,27.4,27,26.6,23.8,27.7,17.3,14,24.8,16.6,29.9,32,30.6,19.8,,,,,,22.2204,114.2127
2026-10-03T05:00,25.7,26.7,25.9,26.8,25.5,26.2,27,26.2,25.8,26.5,26.3,26,26.4,26,26.7,25.7,26.6,25.9,26.8,26,26.4,25.9,26.5,26.2,26.3,26.8,26.2,26.3,26.1,26.5,26.3,25.9,25.9,25.7,26.6,25.8,26,26.2,26.2,26.7,91,88,92,90,91,90,87,91,92,87,90,93,93,91,88,91,92,91,89,92,91,93,91,89,89,88,91,88,92,89,90,88,87,91,88,90,90,91,90,89,0.5,0,2.5,1.3,0.5,1.5,2.2,2.9,0.6,2.8,1,2.6,5.6,0.6,1,1.6,7.5,1.1,1.8,1.8,3.2,1.2,0.6,1.6,1,1.4,2,0.6,3.4,1.6,0,0.5,1.3,0.9,1.8,0.8,0,3.6,1.3,0,5.8,9.4,5.8,4.6,3.6,3.5,4,7.8,6.9,6.9,4,6.5,5.5,4,5.6,3.3,3.5,3.3,6,4.9,4.2,5.4,2.9,2.9,4.1,6.4,1.3,5.4,5.5,6.2,3.7,5.1,7,5.2,7.1,6.8,2.9,4,9.4,5.6,,,,,,,,,,,,,,,,,,,,,,,,,,,,,,,,,,,,,,,,,26.4,27.1,26.9,27,27.2,26.4,27.4,26.7,27.3,25.5,27.4,26.5,26.2,26.7,26.8,26.9,26.4,26.6,26.8,26.5,26.6,27,27.1,27.3,27.2,27,27,26.4,26.7,26.9,27.2,84,78,79,80,79,83,79,81,78,91,77,83,86,82,82,82,85,82,81,82,84,80,81,80,77,80,80,84,82,81,78,3.9,1.4,1.9,3,2.6,2.4,2.6,1.7,1.5,5.4,0.1,3.4,2.8,2.6,3.5,3.8,5.7,1.4,1.3,3.4,2.3,1.1,0.7,0.7,1.6,3.3,3.9,3.9,1.2,0.6,2.1,20.3,18.8,17.3,19.2,21.7,21.3,16.5,27.7,14.2,21.4,23.1,23.4,24.6,23.4,22,18.2,23,22.4,23.8,22,23.2,19.5,21.9,17.3,14.9,16.1,16,24.9,24.6,24.5,20.4,24.5,23.4,19.1,22.3,27.4,27.4,20.9,33.1,18.7,26.6,28.8,27.4,30.2,27.4,28.4,21.2,27.4,26.6,29.2,27,26.3,23,26.3,20.2,17.6,22.3,19.1,31.3,29.5,30.2,23,,,,,,22.2204,114.2127
2026-10-03T06:00,25.7,26.4,25.8,26.8,25.6,26,26.8,26.1,26,26.4,26.3,26,26.5,26,26.8,25.6,26.5,25.9,26.8,25.9,26.3,25.9,26.5,26.1,26.2,26.6,26.2,26.1,26.1,26.6,26.3,25.8,26,25.7,26.6,25.7,26,26.2,26.2,26.4,90,88,92,90,91,90,87,90,91,85,89,92,92,89,87,91,92,90,89,92,91,93,92,89,89,90,91,88,92,88,91,89,85,91,88,92,90,91,90,89,0.5,1,2.5,0,0,1.5,2.6,2.3,0,1.6,0.5,2,3.1,0.4,0.7,1.3,10.2,0.9,2.1,1.8,2.8,0.8,1.8,2.1,0.6,2.4,0.6,0.4,3.6,1.1,0,0.4,0,0.6,1.8,1.4,0,2.9,0.6,0.6,5.8,10.1,6.6,4,3.7,4,4.7,6.9,6.9,6.2,3.3,7.2,5.2,2.9,7.3,2.9,3.7,3.3,6.5,4.9,4.4,5.8,2.7,2.5,4.4,5.1,1.4,4.3,5.6,5.9,3.2,5.4,6.2,5.2,6.8,6.5,2.5,5.6,8.3,5.9,,,,,,,,,,,,,,,,,,,,,,,,,,,,,,,,,,,,,,,,,26.2,27,26.8,26.9,27.1,26.1,27,26.7,27.2,25.3,27.3,26,26.1,26.7,26.7,26.3,26,26.5,26.6,26.3,26.6,27,27,27.1,27.2,26.6,26.4,26.3,26.7,26.9,27.2,85,79,80,80,79,85,81,81,78,90,78,86,86,82,82,86,87,82,82,82,82,79,81,81,77,82,83,85,82,81,78,2.8,1.1,1.3,1.3,1.7,8.1,4,1.4,1.3,6.7,0.4,7.1,1.8,1,2.4,12.3,7.6,0.6,0.7,2,2.5,0.8,1.6,3.9,1.1,4.3,4.6,2.3,1,0.2,2.1,19.5,18.3,19,18.9,20.9,18.8,15.3,29.1,10.6,20,22,23,23.1,22,21.3,19.3,20.9,22.6,24.4,19.1,21.3,19.1,19.8,18.4,15,13.7,18.4,24.3,24.6,24.2,20.7,24.1,23,21.6,22.3,26.3,24.5,19.8,34.6,14.8,25.6,27.4,27.4,28.8,25.9,27.7,22.3,25.2,26.6,29.9,23.4,24.8,22.7,24.1,21.6,17.3,20.2,22.3,31.3,29.5,29.9,24.1,,,,,,22.2204,114.2127
2026-10-03T07:00,25.8,26.4,25.8,27,25.7,26,26.5,26.2,26.2,26.5,26.3,26.1,26.7,26.3,26.9,25.7,26.5,26,26.9,26,26.3,26,26.5,26.1,26.5,26.6,26.1,26.1,26.2,26.3,26.4,25.8,26,25.7,26.6,25.7,26,26.1,26.2,26.2,89,88,92,90,91,90,88,90,90,81,89,91,91,88,86,91,91,89,89,91,91,93,91,89,88,90,90,88,92,88,91,88,85,90,87,92,90,90,90,90,0.3,1.3,2.6,0.1,0,1.6,3.8,2.6,0,0.1,0.5,1,0,0.2,0.4,1.1,8.3,0.4,2.2,1.4,2.8,0.7,2.9,2.1,0,3.3,2.5,0.3,3.5,2.9,0,0.3,0,0.4,1.1,1.4,0,3.9,0,1.5,6.1,9.8,7,3.7,3.2,4,6.9,6.1,7.4,5.4,3.7,7.6,4.9,2.6,6.6,2.9,4.4,3.7,7.3,5.5,4,6.6,4.6,2.6,4.4,5.1,3.3,3.3,6.6,5.9,3,5.8,5.7,5.3,6.3,6.6,2.5,5.7,7.4,6.6,,,,,,,,,,,,,,,,,,,,,,,,,,,,,,,,,,,,,,,,,26,26.9,26.6,26.9,26.9,25.7,26.5,26.7,27,25.4,27.2,25.5,26.2,26.8,26.7,25.6,25.6,26.4,26.5,26.2,26.7,27.2,26.9,26.9,27.2,26,25.7,26.3,26.8,26.9,27.1,85,79,81,79,80,87,83,82,78,88,80,89,85,81,82,91,88,82,83,82,80,78,81,81,77,84,87,85,81,81,78,2.8,1.1,1.3,1.3,1.7,8.1,4,1.4,1.3,6.7,0.4,7.1,1.8,1,2.4,12.3,7.6,0.6,0.7,2,2.5,0.8,1.6,3.9,1.1,4.3,4.6,2.3,1,0.2,2.1,17.9,17.7,19.6,17.4,19.9,15.1,13.7,30.7,7.9,17.2,21.3,21.6,20.5,20.2,21.3,19.8,17.3,22,25,14.4,18.5,18.8,17.3,19,13.5,11.5,20.9,23.4,25.4,23.9,19.9,22.7,22,23.8,20.9,24.8,20.9,18.4,36,11.2,23,25.6,26.6,25.6,23.8,27.7,22.3,21.2,25.9,29.9,18,22.7,22,21.2,22.3,15.1,17.6,25.2,30.2,30.6,29.2,23.8,,,,,,22.2204,114.2127
2026-10-03T08:00,26.2,26.7,26.1,27.4,26.1,26.1,26.3,26.4,26.6,26.8,26.7,26.4,27.3,26.7,26.7,25.8,26.5,26.4,27.1,26.4,26.6,26.3,26.6,26.1,27.1,26.9,26.2,26.4,26.3,26.5,27.1,26.2,26.1,26.1,27,26,26.4,26.4,26.3,26.3,88,86,91,87,88,90,90,89,87,78,88,91,88,86,87,90,90,88,88,89,91,91,90,88,84,89,89,88,91,88,87,86,86,89,84,90,88,89,90,91,0.3,0.8,2.3,0,0,1.5,4.2,2.3,0,0,0.8,1.3,0,0.1,1.5,0.7,6.4,0.5,2.6,0.5,1.5,0.4,5.2,1.9,0,0.9,3.3,0.3,2.6,2.8,0,0.2,0.1,0.6,0.1,1.1,0,3.9,1.4,1.4,7,9.7,7.3,4.8,3.1,5.1,7.6,7.7,8,4.7,4.3,7.5,4.3,2.3,7.5,2.9,3.1,4,7.7,5.8,4.4,6.9,4,2.4,5.3,4,4.4,3.6,6.7,6,4,5.8,6,4.7,6.3,6.8,2.9,6.2,8.1,6.8,,,,,,,,,,,,,,,,,,,,,,,,,,,,,,,,,,,,,,,,,25.9,26.8,26.5,27,26.6,25.5,26.2,26.8,26.8,25.5,27.2,25.2,26.3,26.9,26.8,25.1,25.2,26.5,26.4,26.2,26.9,27.4,26.9,26.8,27.3,25.6,25.1,26.3,26.9,26.9,27.1,85,80,81,78,81,89,84,82,79,85,81,91,84,80,81,94,89,82,84,82,78,77,81,81,76,87,89,85,81,81,78,2.8,1.1,1.3,1.3,1.7,8.1,4,1.4,1.3,6.7,0.4,7.1,1.8,1,2.4,12.3,7.6,0.6,0.7,2,2.5,0.8,1.6,3.9,1.1,4.3,4.6,2.3,1,0.2,2.1,15.5,17,19.9,15.9,19.1,12.6,12.1,31.6,5.9,14.3,20.8,20.7,18.7,18.5,21.3,18.8,13.8,20.9,26,10.1,16.5,17.8,16.2,19,11.8,9.9,20.9,23.1,26.4,24.2,18.5,20.2,20.2,24.5,19.1,23.4,18,16.6,37.1,8.6,20.2,23.8,26.3,23.4,22,27.4,21.2,17.6,24.5,31,13.7,20.5,20.9,19.4,22,13,15.8,25.9,29.5,31.7,29.2,22.7,,,,,,22.2204,114.2127
2026-10-03T09:00,26.4,27.2,26.5,27.9,26.5,26.5,26.3,26.7,27,27,27,26.6,27.8,27.1,26.5,26.2,26.5,26.8,27.5,26.8,26.9,26.7,26.8,26.2,28,27.4,26.3,26.7,26.5,26.5,28,26.7,26.3,26.6,27.6,26.4,27.2,26.5,26.7,26.6,87,83,88,84,86,89,90,89,85,77,87,90,86,84,90,88,90,86,86,87,90,89,89,88,79,88,89,86,89,89,82,83,86,87,80,89,84,88,88,89,0.5,0.5,1.9,0,0.3,1.1,4.9,2.2,0,0.2,0.9,1.8,0,0.5,5.3,0.2,4.6,0.5,1,0.1,0.3,0.3,5.3,1.2,0,0.3,2,0.3,2.3,3.3,0,0.1,0.2,1,0,1.2,0,3.4,0.4,1.1,6.7,10.8,8,5.4,3.4,5.4,7.9,7.9,8,4.7,5.1,7.5,3.9,3.3,8.4,3.6,2.7,5,8,7.2,4.9,7.2,3.6,2,6.8,4.7,5.5,3.2,7.4,5.6,5.4,6.9,6.8,4.8,6.8,7.3,2.5,5.5,8.7,6,,,,,,,,,,,,,,,,,,,,,,,,,,,,,,,,,,,,,,,,,26,26.8,26.6,27.1,26.2,25.4,26.1,27,26.4,25.6,27.3,25.1,26.4,27.2,26.9,24.6,24.8,26.7,26.4,26.2,27.2,27.7,27.2,26.9,27.6,25.3,24.7,26.3,27.1,27.1,27.1,83,80,81,76,82,89,83,81,81,83,80,92,83,78,80,95,90,81,84,82,76,75,80,80,74,89,89,85,80,80,78,1,1.3,0.6,0.6,1.5,6.8,0.9,0.9,1.1,2.7,0.2,8.4,1.7,0.7,1.8,18.3,3.5,0.2,0.8,1,0.5,1,0.6,2.6,0.5,5.1,1.7,0.8,1.3,0,1.2,11.7,15.1,19,14.4,18,10.8,10.3,31.2,5,11.8,19.4,19.8,18.4,17.5,21.7,15.1,11.4,19.1,28,6.2,15.3,15.9,16.4,17.9,10.6,8.4,16.6,23.8,27.6,25.9,16.6,15.8,17.6,23.4,16.9,21.6,16.2,14.4,37.1,7.9,17.6,21.6,25.9,22.7,20.5,27,18.4,15.5,22.3,33.8,11.5,18.7,18.4,19.1,20.2,11.2,14.8,22.3,29.9,32.4,30.6,20.2,,,,,,22.2204,114.2127
2026-10-03T10:00,26.7,27.5,26.8,28.4,27.4,26.6,26,27.1,27.4,27.4,27.5,26.8,28.4,27.7,26.5,26.7,26.6,27.3,27.8,27.3,27.2,27.1,27,26.4,28.6,27.8,26.5,27.5,26.7,26.6,28.9,27.2,26.4,27,28.2,26.7,28.1,26.6,27.1,27.1,86,82,87,82,82,88,92,88,84,76,85,89,83,80,90,85,89,84,84,85,89,86,88,87,76,87,88,84,89,89,77,82,86,86,76,87,79,87,85,88,0.5,0.5,1.9,0,0,0.9,4.6,2,0,0.2,0.9,1.6,0,0.3,3.6,0,2.1,0.6,0.5,0.1,1.1,0.2,4.4,0.5,0.1,0.5,0.1,0,2.1,2.5,0,0.1,0.3,1,0,1.4,0,2.3,0,1,6.5,12.7,8.4,7.6,4.7,5.9,7.6,7.4,9.4,5.8,6.3,7.8,5,5.7,8.9,4.6,1.8,6,10.4,8.8,5.4,7.8,3.8,2,10.2,5.9,4.5,3.9,7.5,6.1,7.3,7.4,6.9,5.8,8.1,7.8,3.4,5.7,9.7,5.5,,,,,,,,,,,,,,,,,,,,,,,,,,,,,,,,,,,,,,,,,26.2,26.8,26.7,27.4,25.8,25.4,26.2,27.2,26,25.8,27.6,25.1,26.6,27.6,27.2,24.3,24.5,27.1,26.5,26.3,27.6,28.1,27.5,27.1,28.1,25.1,24.4,26.4,27.4,27.3,27.1,81,79,80,75,84,88,82,80,83,81,79,92,82,76,79,94,90,79,83,81,74,72,78,78,72,91,87,84,79,80,77,1,1.3,0.6,0.6,1.5,6.8,0.9,0.9,1.1,2.7,0.2,8.4,1.7,0.7,1.8,18.3,3.5,0.2,0.8,1,0.5,1,0.6,2.6,0.5,5.1,1.7,0.8,1.3,0,1.2,7.2,12.7,17,12.4,16.9,10.1,8.2,30.6,6.5,9.5,17.9,18.7,18.4,16.6,22.2,9.9,9.6,17,30.7,2.6,13.7,13.3,17.5,16,9.4,7.9,9.6,24.6,28.7,28.4,14.5,10.4,14.8,20.9,14,19.8,14.8,11.5,36.4,7.9,14.8,19.4,25.6,23,19.1,27,14.4,14,19.4,37.4,10.1,16.9,14.8,19.1,17.6,9.7,14.4,15.8,30.2,33.1,32.8,16.6,,,,,,22.2204,114.2127
2026-10-03T11:00,27.1,27.8,27.1,28.6,28,26.9,26,27.3,28,27.9,28,27,29.2,28.2,26.6,27.4,26.7,27.8,28.2,27.5,27.2,26.9,27.3,26.9,29.1,28.1,26.7,28.3,27,26.8,29.3,27.4,26.8,27.5,28.8,27.3,29,26.8,27.5,27.8,84,81,87,80,78,87,92,87,81,76,83,88,79,77,89,82,89,82,83,83,89,86,87,86,74,84,87,80,87,89,74,82,84,83,73,84,74,86,84,85,0.6,0.3,1.8,0.3,0,0.6,3,2.4,0,0.2,0.9,1.4,0,0.2,2,0.1,1.5,0.7,0.4,0.7,2.7,0.8,3.9,0,0.1,0.8,0,0,0.8,1.6,0,0,0.5,0.6,0,1,0,0.6,0,0.7,5.6,13.5,8.7,9.3,5.5,5.8,6.6,8,10.5,7.2,7.6,7.9,6,9.5,9.7,6,1.5,8.4,12.1,12.3,6.3,7.9,4.2,2.3,11.2,6.7,3.9,5.3,7.9,6.3,10.5,10,7.4,7.2,10.8,9.4,4.7,5.9,10.5,6,,,,,,,,,,,,,,,,,,,,,,,,,,,,,,,,,,,,,,,,,26.2,26.6,26.8,27.5,25.6,25.5,26.4,27.4,25.7,26.1,27.9,25.3,26.7,27.9,27.3,24.3,24.3,27.4,26.5,26.5,28,28.3,27.8,27.4,28.4,24.9,24.3,26.4,27.6,27.5,27.3,79,80,79,73,85,87,80,79,84,79,77,91,82,74,78,91,90,77,82,80,73,71,76,77,70,92,84,84,78,79,76,1,1.3,0.6,0.6,1.5,6.8,0.9,0.9,1.1,2.7,0.2,8.4,1.7,0.7,1.8,18.3,3.5,0.2,0.8,1,0.5,1,0.6,2.6,0.5,5.1,1.7,0.8,1.3,0,1.2,3.6,10.5,15.1,10.5,15.2,10.1,6.2,30,7.6,8,16.3,18.2,18.5,15.4,22.7,7.3,9.2,15.3,32.4,2.5,12.5,11.4,17.7,14.3,8.7,8.7,5.1,24.4,29,30.3,12.7,6.5,12.2,18,11.9,18,14.8,9.4,35.6,7.9,13,17.6,25.2,23,17.6,27,10.8,12.6,16.9,39.6,9.7,15.1,12.6,19.1,15.8,8.6,14.8,10.8,29.9,33.5,34.6,14,,,,,,22.2204,114.2127
2026-10-03T12:00,27.4,28,27,28.7,28.7,26.9,26,27.3,28,28.2,28,26.8,29.8,28.4,26.6,27.7,26.8,28.2,28.3,27.7,27.3,26.8,27.4,27.2,29.4,28.5,26.9,28.7,27.5,27,29.7,27.8,26.8,28,29.6,27.6,29.4,26.8,27.9,28.7,83,79,87,80,74,87,91,86,80,76,82,87,77,76,89,79,88,79,83,81,88,86,86,85,72,81,86,78,85,87,73,80,84,81,69,82,72,85,81,79,0.6,0.1,1.6,0.5,0,0.7,1.9,1.8,0,0.1,0.8,1.1,0,0,2.1,0,0.2,0.2,0.5,0.6,1.9,0.4,3.5,0.4,0.6,0.3,0,0.1,0,1.5,0,0.2,0.4,0.1,0,0.9,0,0.4,0,0.1,5.5,13.8,8,10.8,5.7,5.2,5.4,7.2,12.5,10.8,8.7,7.6,7.8,11.6,9.4,7.4,2.5,10,11.6,13.2,6.1,8.4,4,4.4,11.7,8.4,4.4,7.8,8.6,6.6,12.3,11.5,7,8.4,11.9,10.2,6.6,6.1,14.5,8,,,,,,,,,,,,,,,,,,,,,,,,,,,,,,,,,,,,,,,,,26,26.1,26.9,27.4,25.5,25.7,26.7,27.4,25.8,26.5,28.1,25.5,26.6,28.1,27.4,24.9,24.5,27.5,26.5,26.8,28.2,28.2,28,27.6,28.5,24.7,24.5,26.3,27.8,27.5,27.6,80,83,78,72,85,87,77,79,83,77,76,89,83,72,78,85,88,76,82,78,72,71,75,76,69,92,81,84,78,79,74,1,1.5,0.4,0.9,0.8,0.4,0.1,0.3,0.2,0.1,0,0.9,0.5,0,1.4,0.1,0.8,0.2,0.1,0.1,0.1,0.5,0.1,0.1,0.1,7.4,0.1,0.8,1.8,0.2,0,1.3,9,13,8.7,13,12.4,4.9,29.4,5.9,8.4,15.1,18,18.4,14.2,23.8,6.2,9.2,14.1,32.2,5,11.5,10.6,17.1,13.8,9.4,11.5,3.1,23,28.8,31.1,12,5,10.4,15.1,10.8,15.8,16.6,7.9,34.6,7.2,12.6,16.2,24.1,23,16.2,27.7,7.9,11.9,15.5,38.9,10.1,13,12.6,18,15.1,9,16.2,7.9,28.4,33.1,35.6,13.3,,,,,,22.2204,114.2127
2026-10-03T13:00,27.8,28.3,27,28.8,29,27.5,26.2,27.4,28.3,28.4,28.2,26.9,30,28.6,26.7,28.1,26.9,28,28.2,28,27.4,27.5,27.5,27.8,29.5,29.1,26.9,28.7,27.9,26.8,29.9,28.4,27,28.7,30,27.9,29.6,26.6,28.3,29.1,81,78,87,78,72,83,91,85,80,75,81,85,74,76,89,77,87,81,84,80,88,82,85,81,72,78,86,78,83,88,73,76,83,78,67,80,71,87,79,76,0.6,0,1.3,0.2,0,0.1,1.5,0.8,0,0,0.5,0.2,0,0,1.8,0,2.3,1,0.9,0.3,1.7,0,2.1,0.3,0.3,0,0.1,0.8,0,1.4,0,0,0.2,0,0,0.5,0,1.3,0,0,5.2,13.9,7.9,10.5,7,6,5.1,7.1,12.9,12.2,8.7,7.7,9,11.6,9.8,9.3,1.8,10,14,12.8,5.9,8.7,4.2,4.4,11.6,9.4,4,8.6,9.5,6.1,12.6,13.1,7.3,8.6,12.1,11.4,8.4,5.6,14.8,8.4,,,,,,,,,,,,,,,,,,,,,,,,,,,,,,,,,,,,,,,,,25.6,25.4,26.9,27.1,25.5,25.9,27.1,27.4,26.1,27,28.3,25.9,26.5,28.2,27.4,25.7,24.8,27.6,26.4,27.2,28.4,28,28.1,27.8,28.5,24.6,25,26.2,27.9,27.5,28,81,87,78,72,84,87,74,79,82,76,74,86,83,71,79,78,85,75,81,76,71,73,74,75,69,91,77,84,77,80,72,1,1.5,0.4,0.9,0.8,0.4,0.1,0.3,0.2,0.1,0,0.9,0.5,0,1.4,0.1,0.8,0.2,0.1,0.1,0.1,0.5,0.1,0.1,0.1,7.4,0.1,0.8,1.8,0.2,0,2.3,7.8,10.5,7.7,10.8,16.2,5.1,28.4,3.1,9.7,14.7,18.3,18.6,13.3,24.7,4.7,8.9,13.7,30.7,8,10,11.5,16.2,14,10.7,15,1.8,21,28.3,31.6,12.3,5,9.4,12.2,10.1,14,19.4,6.8,33.1,6.5,13,15.1,23,22.7,14.4,28.4,5.8,11.5,14.8,36.7,11.5,10.8,13.3,16.6,15.1,10.1,18.4,5.8,26.3,32,36.4,13,,,,,,22.2204,114.2127
2026-10-03T14:00,27.7,28.5,26.9,29,29.1,28.3,26.5,27.6,28.3,28.6,28.1,27.5,30,28.5,26.6,28.2,26.8,27.8,27.9,28.4,27.6,28.2,27.5,28.2,29.6,29.2,27,28.6,28,26.7,29.5,28.7,27,28.9,30.1,28.4,29.4,26.4,28.3,29.3,81,77,87,76,72,79,87,83,79,74,81,82,72,76,88,76,87,83,85,78,87,78,84,79,71,77,84,78,83,88,75,74,82,76,66,77,73,88,79,75,0.4,0,0.6,0,0,0,0.8,0,0,0.2,0.7,0,0,0,1.6,0,2.2,1.1,1.5,0.1,0.2,0,1.3,0.2,0.1,0,0,0.7,0,1,0,0,0,0,0,0,0,1.3,0,0,6.7,14,6.9,10,7.4,6.2,4.8,7.4,12.9,11.4,6.8,7.5,10,10.6,9,8.9,3,9,12.1,13.3,5.1,8.2,4.1,4.1,11.7,10,4,7.2,9.5,5.4,11.8,12.4,5.7,8.4,12.6,12.1,9,5.1,14.3,9.7,,,,,,,,,,,,,,,,,,,,,,,,,,,,,,,,,,,,,,,,,25.3,25,26.9,27,25.6,26.1,27.4,27.4,26.3,27.3,28.5,26.2,26.5,28.2,27.4,26.4,25.1,27.7,26.3,27.5,28.5,27.9,28.1,27.9,28.5,24.6,25.4,26.2,27.9,27.4,28.2,82,89,77,71,83,86,72,79,80,75,73,84,84,70,79,73,82,75,81,74,70,74,74,74,69,89,74,84,77,80,70,1,1.5,0.4,0.9,0.8,0.4,0.1,0.3,0.2,0.1,0,0.9,0.5,0,1.4,0.1,0.8,0.2,0.1,0.1,0.1,0.5,0.1,0.1,0.1,7.4,0.1,0.8,1.8,0.2,0,3.7,7.9,8.5,7.3,9.2,18.9,5.4,27.3,3.1,10.8,14.1,18.2,18.1,12.5,25.2,3.6,8.7,13.4,29,10.5,9.4,12.6,15.2,14.2,11.8,16.4,1,19.3,27.1,32,12.4,5,9,9.7,9.4,12.6,21.2,5.8,32,6.1,13.3,14,22,22,13.3,28.8,4.7,10.8,14.4,34.2,12.6,9,14,15.1,15.1,11.2,19.1,4.7,23.8,29.9,36.7,13,,,,,,22.2204,114.2127
2026-10-03T15:00,27.9,28.3,27.1,29.1,29.2,28.9,27,28.1,28.3,28.2,27.9,27.9,30,28.7,26.6,28.3,26.7,27.6,28.1,28.2,27.8,28.6,27.6,28.6,29.6,28.9,27.1,28.5,28,26.5,29.3,28.5,27.4,29.2,29.9,28.2,29.2,26.3,28.1,29.2,79,78,86,76,72,75,86,81,79,77,82,80,71,76,87,76,88,84,84,79,86,76,83,77,71,77,84,77,82,88,76,75,81,75,69,78,75,88,81,76,0.1,0,0.4,0,0,0,0,0,0,0.5,0.6,0,0,0,0.7,0,2.2,1,1,0.3,0,0,0.1,0,0,0.1,0.1,0.4,0,0.7,0,0,0,0,0,0.2,0,0.7,0,0,6.5,13,5.9,9.4,7.7,6.6,4.8,8.1,13.2,10.8,5.8,7.3,10.3,10.5,6.8,8.1,2.1,9.1,10.4,12,5.1,7.9,3.6,3.4,12,10.5,3.6,7.7,9.2,4.8,10.7,11.8,5.9,8.2,12.9,11.3,8.6,4.1,14.2,10.6,,,,,,,,,,,,,,,,,,,,,,,,,,,,,,,,,,,,,,,,,25.3,24.8,26.9,27.1,25.7,26.2,27.5,27.4,26.3,27.3,28.6,26.4,26.5,28.2,27.4,26.8,25.2,27.6,26.4,27.6,28.4,27.8,28.1,27.8,28.4,24.7,25.7,26.3,28,27.2,28.2,81,89,77,70,82,85,70,80,78,76,72,83,84,70,79,71,80,76,81,73,70,74,74,74,70,87,74,82,77,80,70,0,0.2,0.3,0.3,0.2,0.1,0,0.1,0,0.4,0,0.1,0.1,0,0.2,0,0,0.1,0.2,0,0,0,0,0,0.2,0,0,0.1,0.2,0,0,4.7,9.4,7.4,6.2,9,18.2,5.2,26.6,3.8,11.3,13.5,17.3,16.8,12.2,24.5,3.2,7.7,13.8,26.8,11.8,8.7,12.7,13.8,13.8,12,14.2,1.1,17.3,23.9,32,12.1,4.7,10.4,8.3,7.9,11.9,20.9,4.7,31.3,6.1,13.7,13,20.5,19.8,13,28.1,5.4,9,14.8,31,13,8.3,13.7,13.7,15.1,11.2,16.2,4.7,21.2,26.3,36.7,12.2,,,,,,22.2204,114.2127
2026-10-03T16:00,27.9,28,27,28.9,28.7,28.7,27.2,28.2,28.1,28.1,27.8,28,30,28.6,26.5,28.2,26.3,27.7,28,28,27.8,28.4,27.7,28.5,29.5,28.7,27,28.1,27.9,26.6,29,28.3,27.2,29.1,29.3,27.7,29,26.5,28,28.8,78,79,86,77,74,75,85,80,80,78,81,79,72,75,87,76,91,83,85,80,85,76,82,77,72,78,84,79,82,88,78,76,81,75,72,81,76,86,81,78,0,0,0.1,0,0,0,0,0,0,0.5,0,0,0,0,0,0,1.4,0.1,0.8,0.1,0,0,0,0.1,0,0,0.2,0.3,0,0.3,0,0,0,0,0,0.2,0,0.2,0,0,6.5,12.1,5.4,9.7,7.4,7.4,4.9,8.2,13.3,7.2,5.5,7,9.5,9.8,5.8,7.6,1.5,6.3,8,11.1,5.4,7.6,1.8,3.4,12,10.8,1.9,5.6,8.3,4.6,10.1,11,5.7,8.7,12.6,10.6,8.3,4.1,14.2,8.8,,,,,,,,,,,,,,,,,,,,,,,,,,,,,,,,,,,,,,,,,25.4,24.9,26.9,27.3,25.9,26.3,27.5,27.3,26.2,27.1,28.6,26.6,26.5,28.1,27.4,26.9,25.4,27.5,26.4,27.6,28.2,27.8,28,27.7,28.2,24.9,26,26.6,28.1,27,28.1,78,88,77,68,81,83,69,80,77,77,72,82,83,70,80,72,78,77,81,73,70,73,74,75,71,85,75,80,76,81,70,0,0.2,0.3,0.3,0.2,0.1,0,0.1,0,0.4,0,0.1,0.1,0,0.2,0,0,0.1,0.2,0,0,0,0,0,0.2,0,0,0.1,0.2,0,0,5,12.1,6.6,5.1,9.9,16.1,4.6,25.9,4.1,11.9,12.7,16,15.1,12.3,23.2,4.7,6.4,15,24.6,12.7,8.2,12,12.7,13.2,12.2,10.2,3,15,19.9,31.9,11.8,4.7,13,7.6,6.5,11.9,19.1,4,30.6,6.1,14,12.2,19.1,17.3,13,26.6,7.6,6.5,15.8,27.7,13.3,8.3,13.3,12.2,15.1,11.2,11.9,5.8,18.4,21.6,36.7,11.9,,,,,,22.2204,114.2127
2026-10-03T17:00,27.7,27.7,27.2,28.5,28.3,28.5,27.2,28,27.8,27.8,27.7,27.7,29.6,28.4,26.5,27.9,26.2,27.6,27.8,27.7,27.7,28,27.7,28.1,29.1,28.4,27,28,27.6,26.5,28.6,27.9,27,28.6,28.8,27.4,28.7,26.5,27.7,28.1,79,81,84,79,77,76,84,80,81,80,82,80,73,76,87,77,91,83,86,81,85,79,82,79,73,80,84,79,83,88,80,77,81,77,75,83,77,86,83,81,0,0,0,0,0,0,0.2,0,0,0.4,0,0,0,0,0,0,1.1,0,0.8,0,0,0,0,0,0,0,0,0,0,0.2,0,0,0,0,0,0.1,0,0,0,0.2,5.9,9.5,5.4,10.2,6.6,5.9,4.3,7.8,13,5.2,5.4,5.9,7.9,9.6,4.6,5.2,1.1,5.9,8.5,10.3,5.4,6.4,2.3,3.3,11.6,10.4,2.6,4.8,8.6,3.6,8.6,10.2,5.8,9.2,11.3,8.7,7.7,3.2,13.4,6.6,,,,,,,,,,,,,,,,,,,,,,,,,,,,,,,,,,,,,,,,,25.6,25,26.9,27.4,26.2,26.5,27.5,27.2,26.1,27,28.5,26.8,26.6,28,27.4,27.1,25.5,27.4,26.5,27.6,28.1,27.8,27.9,27.5,27.9,25.2,26.3,26.8,28.1,26.8,28,76,86,77,67,80,82,69,81,76,79,72,82,82,70,80,73,77,79,81,73,71,73,74,75,72,83,76,79,76,81,71,0,0.2,0.3,0.3,0.2,0.1,0,0.1,0,0.4,0,0.1,0.1,0,0.2,0,0,0.1,0.2,0,0,0,0,0,0.2,0,0,0.1,0.2,0,0,4.3,13.6,6.6,4,11.9,15,3.8,25.1,4.4,12.9,11.6,16.1,13.2,11.8,21.6,7.1,5.9,15.7,22.5,13,8.2,11.2,11.7,12.5,12,6.8,4.9,13.2,16.4,31.8,11.3,4.7,14.8,7.9,5.4,13.3,18.7,3.6,29.9,6.5,15.1,11.5,19.1,15.1,13,25.2,10.1,5.8,16.9,24.8,13.3,8.6,13,11.5,14.8,11.5,9,7.6,16.6,17.6,36.4,11.2,,,,,,22.2204,114.2127
2026-10-03T18:00,27.4,27.3,27,28,27.7,28.1,27.2,27.9,27.4,27.5,27.4,27.3,29.1,28,26.4,27.7,26.2,27.4,27.6,27.3,27.5,27.5,27.5,27.7,28.5,28.1,26.8,27.6,27.2,26.5,27.9,27.5,26.7,28,28.3,27.1,28.2,26.4,27.3,27.4,81,83,84,81,80,79,83,81,83,81,84,83,75,79,87,79,90,84,87,84,86,82,83,81,77,82,84,81,85,87,83,81,82,81,79,84,79,86,85,84,0,0,0,0,0,0,0,0,0,0.2,0,0,0,0,0,0,0.5,0,0,0,0,0,0,0,0,0,0,0,0,0,0,0,0,0,0,0,0,0,0,0.2,5.2,8.6,4.7,8.6,5.4,5.2,4.3,6.6,11.5,5.1,5.4,5.4,4,7.4,3.2,4.3,2.7,4.3,7.5,7.8,4.6,5.4,2.3,3.4,10,8.4,3.1,4.1,7.9,3.3,8.4,9.4,5.6,7.4,10.6,7,6.1,4,12.4,6.2,,,,,,,,,,,,,,,,,,,,,,,,,,,,,,,,,,,,,,,,,25.8,25.2,26.9,27.4,26.4,26.6,27.5,27.2,26.2,26.9,28.4,26.8,26.6,27.8,27.4,27.3,25.6,27.2,26.5,27.5,28,27.7,27.8,27.5,27.6,25.3,26.6,26.9,28,26.6,27.8,74,84,78,67,80,82,69,82,76,80,73,82,81,71,81,75,77,80,81,73,72,74,75,75,74,83,78,80,75,82,71,0,0.1,0.2,0,0,0.1,0,0.1,0,0.2,0,0.1,0.1,0,0.3,0,0,0.1,0,0,0,0,0,0,0,0,0,0.2,0,0,0,1.8,13.8,8,3.7,15.7,15.8,3.2,24.5,5.2,14.9,10.2,18.5,11.8,10.7,20,10.1,7.2,16,21,12.2,8.4,11.1,12,11.5,12.7,6.4,7.6,13.3,13.3,31.4,10.5,5,15.1,9.4,5,17.6,20.5,4,29.5,7.2,17.6,10.4,22.3,13.7,12.6,23.8,13,7.6,17.6,23.4,12.6,9,13.3,11.9,13.7,12.6,9.4,10.8,16.6,14.4,35.6,10.8,,,,,,22.2204,114.2127
2026-10-03T19:00,27.2,27,26.8,27.6,27.1,27.7,27,27.6,27.2,27.3,27.2,27,28.6,27.7,26.4,27.3,26.2,27.2,27.6,27,27.3,27.1,27.4,27.4,28,27.9,26.6,27.2,27,26.3,27.5,27.3,26.4,27.6,27.9,26.9,27.8,26.4,27.1,26.9,83,85,87,84,83,82,85,84,85,82,85,86,81,80,88,81,90,85,88,86,88,86,83,83,81,83,85,84,86,88,85,82,84,84,82,85,82,87,85,87,0,0,0,0,0,0,0,0.1,0,0,0,0,0,0,0,0,0,0,0,0,0,0,0,0,0,0,0.7,0,0,0,0,0,0,0,0,0,0,0,0,0.3,4.1,7.9,4.6,7.1,4.6,4.1,4.7,6.9,10.5,5.6,4.5,4.5,3.1,5.9,3.6,3.7,2.7,3.7,6.2,6.7,3.6,5.6,2.1,3.1,7.3,7.4,2.5,3.5,7,3.6,6.6,6.7,4.7,6.2,9,5.5,4.3,3.2,8.9,5.3,,,,,,,,,,,,,,,,,,,,,,,,,,,,,,,,,,,,,,,,,26,25.5,26.8,27.3,26.7,26.8,27.5,27.1,26.4,26.9,28.2,26.8,26.6,27.7,27.3,27.4,25.8,27,26.5,27.4,28,27.7,27.6,27.4,27.3,25.5,26.8,26.9,27.9,26.4,27.7,73,83,80,67,81,83,70,82,76,82,75,83,81,72,81,78,77,82,82,74,73,74,77,76,76,83,80,81,75,83,72,0,0.1,0.2,0,0,0.1,0,0.1,0,0.2,0,0.1,0.1,0,0.3,0,0,0.1,0,0,0,0,0,0,0,0,0,0.2,0,0,0,2,13.2,10.1,4,20.7,17.9,3.7,24.1,5.7,17.7,8.7,22,10.7,9.8,18.2,13.3,9.8,16.4,20.2,10.5,9.1,11.8,12.4,11.2,13.7,8.6,10.9,14.6,10.1,31,9.4,5.8,15.1,11.5,5,23.8,23.4,4.7,29.2,8.3,21.2,9,26.6,13,12.2,22.3,16.6,11.2,18.4,22.3,11.9,9.7,13.7,13.3,12.6,14,11.2,15.1,17.3,11.5,34.6,10.1,,,,,,22.2204,114.2127
2026-10-03T20:00,27.1,26.8,26.7,27.5,26.8,27.5,26.9,27.5,27.2,27.1,27,26.8,28.2,27.5,26.4,27.1,26.2,27.2,27.6,26.8,27.1,27,27.4,27.3,27.9,27.8,26.6,27,26.9,26.3,27.4,27.2,26.3,27.3,27.7,26.8,27.6,26.4,27.1,26.7,84,86,89,84,86,84,87,85,85,84,87,87,85,81,89,83,91,86,89,87,89,88,84,84,82,84,86,85,87,89,86,83,85,86,84,86,84,87,85,89,0,0,0,0,0,0,0,0.2,0,0.1,0,0,0,0,0,0,0,0,0,0,0,0,0,0,0,0,0,0,0,0,0,0,0,0,0,0,0,0,0,0.1,4,8.1,5.1,6,4.1,3.9,5.2,7.3,10.1,5.6,4.5,4,3.2,5.4,3.3,3.7,2.6,3.7,5.4,6.6,3.7,5.8,1.6,3.2,6.3,7.9,2.3,3.3,5.9,3.3,5.6,6.2,4.5,5.3,8.4,5.4,3.6,3.3,7.4,4.6,,,,,,,,,,,,,,,,,,,,,,,,,,,,,,,,,,,,,,,,,26.3,25.8,26.8,27.3,26.8,26.9,27.5,27.1,26.6,26.9,28.1,26.7,26.6,27.5,27.3,27.5,25.9,26.9,26.5,27.3,27.9,27.6,27.4,27.4,27.1,25.7,27,26.9,27.8,26.3,27.6,73,82,81,68,82,83,71,83,77,83,76,83,81,73,82,80,77,83,82,75,74,75,79,76,77,83,82,82,75,84,72,0,0.1,0.2,0,0,0.1,0,0.1,0,0.2,0,0.1,0.1,0,0.3,0,0,0.1,0,0,0,0,0,0,0,0,0,0.2,0,0,0,4.8,13.3,12.3,4.2,24.2,19.8,4.3,24.2,6.3,20,8.7,24.8,10.8,10.2,17.7,16.2,11.9,16.4,19.4,9.5,9.7,12.1,12.7,11.5,14.3,11.2,13.8,15.9,8.8,30.6,8.7,6.8,15.8,14,5,28.1,25.6,5,28.8,9,24.1,9,30.2,13,12.2,22.3,19.4,13.3,19.1,22,11.5,10.4,13.3,13.7,11.9,14.8,13.3,18,18.4,10.1,33.5,9.7,,,,,,22.2204,114.2127
2026-10-03T21:00,27.1,26.7,26.6,27.4,26.7,27.4,26.8,27.4,27.2,26.9,26.9,26.6,28,27.3,26.5,27,26.2,27.3,27.7,26.7,27,27,27.4,27.2,27.8,27.5,26.5,26.9,26.8,26.3,27.3,27.1,26.1,27.2,27.6,26.8,27.4,26.5,27,26.6,84,87,89,84,87,85,88,86,85,85,87,89,86,83,88,84,91,85,88,88,89,88,84,84,83,85,86,86,88,89,87,84,86,88,84,87,85,87,86,89,0,0,0,0,0,0,0,0.3,0,0,0,0,0,0,0,0,0,0,0,0,0,0,0,0,0,0,0,0,0,0,0,0,0,0,0,0,0,0,0,0.2,4.5,7.7,5.5,6.2,4.1,3.7,4.9,8,10.6,5.4,4.6,3.9,3.8,5.1,2.9,3.4,2.7,3.1,5.4,6.6,3.6,5.4,1.3,3.4,5.5,8.5,1.6,3.2,5.1,2.9,5,6.3,4.9,4.7,8,5.4,3.2,3.2,6.4,5.2,,,,,,,,,,,,,,,,,,,,,,,,,,,,,,,,,,,,,,,,,26.5,26.1,26.8,27.3,26.8,27,27.5,27.1,26.6,26.9,28,26.7,26.8,27.4,27.4,27.5,26,26.9,26.6,27.3,27.7,27.6,27.4,27.4,27,25.9,27.1,26.9,27.7,26.2,27.5,74,83,82,68,83,83,71,83,78,84,77,83,82,75,82,82,78,84,82,76,76,75,80,77,78,83,83,82,76,84,72,0,0.3,0.7,0,1.2,0.2,0,0.2,0,0.4,0.1,0.1,0.1,0,0.4,0.4,0,0.2,0.1,0.2,0,0,0.1,0,0,0,0.3,0.6,0,0,0.1,5.9,15,14.5,3.7,25.2,21.1,4.3,24.5,6,22,10.1,25.9,11.5,10.9,19.7,18.4,10.9,16.5,19.1,9.3,10.7,10.6,11.4,11.6,13.8,12.6,14.8,16.9,9.4,29.9,8.5,9,18.7,16.6,4.3,29.5,26.6,4.3,29.2,8.6,26.6,10.8,31.3,14,12.2,25.2,21.6,13.3,19.4,22,11.5,11.5,11.9,12.6,12.6,14.8,15.1,18.7,19.4,10.8,32.8,9.4,,,,,,22.2204,114.2127
2026-10-03T22:00,27,26.7,26.6,27.3,26.6,27.4,26.8,27.4,27.3,26.7,26.8,26.5,27.8,27,26.5,26.9,26.1,27.4,27.7,26.7,27.1,27,27.3,27,27.8,27.2,26.5,26.9,26.7,26.3,27.1,27.1,26,27.1,27.5,26.6,27.3,26.5,26.9,26.4,85,87,89,85,89,86,88,86,84,87,87,90,87,85,88,85,92,84,88,88,89,89,84,86,84,87,86,86,89,89,88,84,87,90,85,88,86,87,86,90,0,0,0,0,0,0,0,0.2,0,0.3,0,0,0,0,0,0,0,0,0.1,0,0,0,0,0,0,0,0,0,0,0,0,0,0,0,0,0.1,0,0,0.1,0.2,4.6,7.3,5.6,6.5,3.9,3.7,4.7,8.3,11.5,4.7,4.7,4.3,3.3,4.5,2.9,3.1,3.3,2.9,5.4,6.6,3.3,5.4,1.5,3,5.4,8.8,1.6,2.9,5.2,3.3,5,5.9,4.7,3.9,8.1,5.8,3.2,3.3,6.2,5.1,,,,,,,,,,,,,,,,,,,,,,,,,,,,,,,,,,,,,,,,,26.7,26.3,26.8,27.3,26.7,27.1,27.4,27.1,26.7,26.9,27.8,26.8,26.9,27.3,27.4,27.5,26.1,26.9,26.8,27.3,27.5,27.6,27.3,27.3,27.1,26.2,27.1,27,27.6,26.3,27.4,77,85,82,69,84,83,71,83,79,85,78,83,82,76,83,83,79,84,82,77,78,75,80,78,78,83,83,81,78,84,73,0,0.3,0.7,0,1.2,0.2,0,0.2,0,0.4,0.1,0.1,0.1,0,0.4,0.4,0,0.2,0.1,0.2,0,0,0.1,0,0,0,0.3,0.6,0,0,0.1,8.5,18.2,16.3,2.9,24.5,21.9,3.4,25.2,5.5,23.4,11.9,26.4,12.7,12,23.2,19.8,8.8,16.9,19.1,10.4,11.8,8.7,10,12.3,12.7,13.7,14.7,17.3,10.8,29.2,8.5,11.9,22.3,19.4,4,29.2,27,3.6,29.5,7.6,28.8,13.7,31,15.8,12.6,29.2,23,11.9,19.4,22.3,12.2,13,10.1,11.2,13.7,14,17.3,18,20.2,13,32.4,9,,,,,,22.2204,114.2127
2026-10-03T23:00,26.9,26.6,26.6,27.2,26.5,27.4,26.6,27.2,27.2,26.7,26.8,26.4,27.7,26.9,26.4,26.8,26,27.4,27.6,26.6,27.1,26.9,27.2,27,27.7,27,26.4,27,26.7,26.2,27,27.1,26,27,27.3,26.5,27.2,26.6,26.5,26.2,85,88,89,86,89,85,89,87,84,87,87,90,88,86,89,86,92,84,88,88,89,89,85,86,84,88,87,86,89,89,88,84,86,90,86,89,87,86,88,90,0,0,0,0,0,0,0.1,0.9,0,0.5,0,0,0,0,0,0,0.1,0,0.4,0,0,0,0,0,0,1,0,0,0,0,0,0,0,0,0,0.3,0,0,1.3,0.3,4.6,7.1,5.6,6.5,3.4,4.2,4.7,8.3,12.1,5.1,4.6,4.7,3.3,3.9,3,3.1,3,3.1,5.1,5.9,2.8,5.5,1.8,2.9,5.4,6.9,2.2,2.9,5.2,3.3,5.2,5.7,4.5,3.2,8.1,5.4,3.1,3.3,6,5.1,,,,,,,,,,,,,,,,,,,,,,,,,,,,,,,,,,,,,,,,,26.8,26.4,26.8,27.3,26.6,27.1,27.4,27.1,26.7,26.9,27.7,26.8,27,27.2,27.4,27.4,26.2,26.9,26.9,27.2,27.4,27.6,27.3,27.3,27.1,26.4,27.1,27.1,27.5,26.3,27.4,79,86,82,69,85,83,71,83,80,85,79,83,83,78,83,84,80,85,82,78,80,75,80,79,78,83,83,81,79,84,73,0,0.3,0.7,0,1.2,0.2,0,0.2,0,0.4,0.1,0.1,0.1,0,0.4,0.4,0,0.2,0.1,0.2,0,0,0.1,0,0,0,0.3,0.6,0,0,0.1,10.4,21,18,2.4,24.1,22.2,2.7,25.2,5.4,24.5,13.8,26.5,13.6,12.4,25.3,20.5,7.5,16.9,18.7,12,12.1,7.5,9.4,12.6,11.3,14.4,14.3,18.2,11.5,28.1,7.9,13.7,25.2,22,3.2,28.8,27,2.9,29.5,7.6,29.9,15.8,30.6,16.9,13,31.7,24.1,11.2,19.4,22.3,13.7,13.3,8.3,10.4,14,13.3,19.1,16.9,21.2,14,31.7,8.6,,,,,,22.2204,114.2127
2026-10-04T00:00,26.8,26.4,26.5,27,26.4,27.3,26.4,27.1,27.2,26.6,26.8,26.4,27.3,26.8,26.3,26.8,26,27.3,27.5,26.4,27.1,26.9,27.1,26.9,27.7,26.9,26.3,26.8,26.5,26.1,26.8,27,26,26.9,27,26.5,27.1,26.4,26.4,26,86,88,90,88,90,85,89,87,85,87,87,90,88,87,90,87,92,85,88,89,88,89,85,85,84,88,88,87,89,90,89,84,86,91,87,90,88,87,88,91,0,0,0,0,0,0,0.3,1.5,0,0.5,0,0,0.1,0,0,0,0,0,0.6,0,0,0,0,0.1,0,1.2,0,0.2,0,0,0,0,0,0,0,0.7,0,0,1.5,0,4.1,6.7,5.2,6,2.9,5.3,5.2,7.9,12.1,4.7,4.6,4.8,3.3,3.5,3.7,2.8,1.1,3.3,5.4,5.6,2.9,5.2,2.5,2.3,6.2,5.9,2.7,3.2,5.9,2.9,5.2,5.9,4.3,2.7,8,5,3.1,3.3,4.9,5.1,,,,,,,,,,,,,,,,,,,,,,,,,,,,,,,,,,,,,,,,,26.6,26.4,26.8,27.3,26.5,27,27.3,27,26.7,26.8,27.4,26.7,26.9,27.1,27.2,27.4,26.2,26.8,26.9,27.1,27.2,27.5,27.2,27.1,27,26.4,26.9,27.1,27.3,26.2,27.2,81,86,82,69,86,83,71,83,81,85,80,83,83,80,83,84,81,85,82,79,81,75,81,80,79,84,83,81,79,85,74,1.7,0.9,0.1,0,1.3,0.7,0,0.3,0.5,2,0.8,0,2.5,0,1.2,2.1,1,0.9,0,2.2,0.3,0.2,0.5,0.7,0,1.2,3.2,1.3,0.2,0.1,0.7,9.7,22.1,19.7,2.4,23.8,21.4,1.4,24.5,6.5,24.2,14.6,26.1,12.8,12.4,25.2,20.7,8,16.9,18,14.2,11.4,5.5,9.9,11.6,9.7,15.2,12.8,18.8,10.8,27,6.6,13,26.3,24.5,2.9,28.4,25.9,2.9,28.8,9,29.5,16.9,30.2,15.8,13,31,24.8,11.2,19.4,21.6,16.2,12.2,5.8,11.5,12.6,11.5,19.8,15.5,22,12.6,31,8.6,,,,,,22.2204,114.2127
2026-10-04T01:00,26.8,26.4,26.4,26.7,26.4,27.2,26.3,27,27.2,26.5,26.7,26.3,27.1,26.8,26.2,26.7,25.9,27.1,27.3,26.2,27.1,26.8,27,26.8,27.6,26.9,26.2,26.7,26.3,26.1,26.6,26.9,25.8,26.9,26.7,26.3,27,26.2,26.2,25.9,86,88,89,88,91,85,89,88,85,88,88,91,88,87,91,87,92,86,88,89,88,90,86,85,84,88,88,87,89,90,89,84,87,92,88,91,88,87,90,91,0,0,0,0.1,0,0,0.2,2,0,0.8,0,0,0,0,0,0,0,0.3,1.2,0,0,0,0,0,0,1.1,0,0.2,0.3,0,0,0,0,0,0,1,0,0,1.7,0.2,3.7,6.3,5.2,5.5,1.9,4.7,4.7,7.3,11.5,3.6,3.6,4.3,3.9,3.4,4.3,2.4,1.1,3.5,5.8,5.6,2.6,4.6,3.3,2.1,5.8,5.4,2.7,2.9,6.3,3.2,5,5.8,3.3,2.5,7.4,5.4,2.9,2.9,5,4.7,,,,,,,,,,,,,,,,,,,,,,,,,,,,,,,,,,,,,,,,,26.4,26.4,26.7,27.3,26.4,26.9,27.2,26.8,26.7,26.6,27.1,26.6,26.8,26.9,27,27.3,26.2,26.6,26.9,27,27.1,27.5,27.1,26.9,27,26.4,26.8,27.1,27.2,26.1,27.1,84,86,83,70,86,84,72,84,82,85,82,83,83,81,84,84,83,86,83,81,81,74,81,80,79,84,82,81,79,86,75,1.7,0.9,0.1,0,1.3,0.7,0,0.3,0.5,2,0.8,0,2.5,0,1.2,2.1,1,0.9,0,2.2,0.3,0.2,0.5,0.7,0,1.2,3.2,1.3,0.2,0.1,0.7,8.3,22.6,22.3,2.4,23.8,20.2,1.1,23.5,8.8,23.3,14.8,25.7,11.6,12.4,23.8,20.9,9.4,16.7,17,16.3,9.7,3.1,11.9,9.7,7.9,16.5,10.9,19,9,25.6,5.9,11.2,27,27,2.9,27.7,24.1,2.9,28.1,11.5,28.8,16.9,29.5,13.7,13.3,28.8,24.8,11.5,19.1,20.5,19.4,10.4,3.6,13.3,10.1,9.4,20.2,13.3,22.7,10.4,30.2,9.4,,,,,,22.2204,114.2127
2026-10-04T02:00,26.8,26.2,26.2,26.6,26.3,27.1,26.1,26.9,27.2,26.4,26.6,26.2,26.8,26.7,26.2,26.7,25.9,27,26.9,26.1,27,26.8,27.1,26.7,27.5,26.8,26.1,26.7,26.3,26.1,26.3,26.8,25.8,26.8,26.6,26.3,26.9,26.1,26.1,25.8,86,88,89,89,91,85,90,88,85,88,88,91,87,87,91,87,91,88,89,90,88,91,84,86,85,89,89,87,89,89,90,85,88,92,89,91,88,87,90,92,0,0,0,0.2,0,0,0.2,2,0,0.9,0,0,0.1,0,0,0,0.2,0.3,3.5,0,0,0,0,0,0,1.2,0,0.3,1,0,0.1,0,0,0,0,1.2,0.1,0,1.5,0.3,3.3,5.5,4.2,5.5,1.6,3,4,7.3,10.6,3.3,2.9,4.1,4.3,3,3.3,1.9,2.5,3.9,5.1,4.8,2.6,3.3,3,2.5,5.8,5.4,2.9,2.9,5.9,3.1,4.5,6.5,2.5,2.4,6.9,5.1,2.6,2.9,5,4,,,,,,,,,,,,,,,,,,,,,,,,,,,,,,,,,,,,,,,,,26.3,26.3,26.7,27.2,26.3,26.7,27.1,26.6,26.7,26.5,26.8,26.5,26.6,26.8,26.8,27.2,26.3,26.5,26.8,26.9,27,27.4,26.9,26.8,27,26.3,26.7,27,27.1,26,27,85,86,83,70,86,84,72,84,83,85,83,84,83,82,84,83,84,86,83,82,81,75,82,80,80,85,81,81,79,87,76,1.7,0.9,0.1,0,1.3,0.7,0,0.3,0.5,2,0.8,0,2.5,0,1.2,2.1,1,0.9,0,2.2,0.3,0.2,0.5,0.7,0,1.2,3.2,1.3,0.2,0.1,0.7,8.7,23.2,24,2.4,23.4,19.1,2.3,22.5,11.3,22.7,14.8,25.3,11.5,12,22.9,21.1,10.8,16.9,16.4,18.4,8.9,3.6,14.3,8.2,7.6,17.8,10.1,19.7,7.6,24.5,6.3,11.2,27.7,28.8,2.9,27.4,22.7,3.2,27.4,14,27.7,16.9,29.2,13.3,13.3,27.4,24.8,12.2,19.4,19.8,22.7,9.7,4,15.8,8.6,8.6,21.2,13,23.4,8.6,29.2,9.4,,,,,,22.2204,114.2127
2026-10-04T03:00,26.9,26,26.1,26.4,26.2,27.1,26.1,26.9,27.1,26.2,26.6,26.1,26.5,26.6,26.2,26.7,25.9,27,26.7,26.1,26.9,26.9,27,26.6,27.4,26.8,26,26.6,26.2,26.1,26,26.8,25.7,26.8,26.6,26.2,26.7,26,26,25.7,85,89,89,90,91,85,90,88,86,89,88,90,88,88,90,87,91,89,90,91,88,91,85,87,86,89,90,88,90,88,91,85,88,92,89,91,88,88,90,93,0,0,0,0.6,0,0,0.2,1.9,0,0.8,0,0.1,0.3,0.2,0,0,0.1,0,2.9,0,0,0.2,0,0,0.1,1.1,0,0.4,1.2,0,0.3,0,0,0,0,1.3,0.3,0,1.3,0,3.1,5.1,3.8,4.9,1.5,2.2,3.1,7.5,9.4,4,2.4,4,3.1,2.5,3.1,1.1,3,3.3,3.7,3.6,3.5,3.2,2.9,3.3,5.8,5.4,3.3,2.5,5.4,2.6,3.8,5.8,2.3,2.8,6.2,4.6,2,2.7,5.1,3.6,,,,,,,,,,,,,,,,,,,,,,,,,,,,,,,,,,,,,,,,,26.4,26.2,26.6,27.1,26.3,26.6,27.1,26.5,26.7,26.5,26.7,26.3,26.6,26.7,26.7,27.2,26.4,26.4,26.6,26.8,26.9,27.1,26.7,26.7,26.9,26.2,26.8,26.9,27,25.9,26.9,85,86,83,70,86,84,73,84,83,85,84,85,83,82,84,82,84,86,84,83,81,79,83,80,81,86,81,81,79,88,77,3.8,0.7,0.5,0,1.1,0.2,0,0.3,2.1,0.2,0.5,0.1,3.7,0.3,1.4,2.9,2.5,1.2,0.4,3.7,2.2,0.4,0.5,0.3,0.2,2.1,2.9,2.1,0.1,0.6,0.5,11.6,24.8,23.6,1.8,23.1,18.8,3.2,22.1,14.2,22.6,14.1,25,13.8,11.9,23,21.2,11.4,17.7,16.8,20.7,9.4,9.4,17,7.6,9.3,20,11.6,20.8,7.1,23.5,5.8,14.4,29.5,29.2,2.5,26.6,22.3,4,26.6,17.3,27.4,16.2,28.8,16.2,13.3,27,25.2,13.7,20.2,19.8,25.2,10.8,9.4,19.1,8.3,10.8,23.4,15.1,24.5,8.3,27.7,9,,,,,,22.2204,114.2127
2026-10-04T04:00,26.8,26,26.1,26.2,26.1,27.1,26,26.9,27,26.1,26.5,25.9,26.3,26.6,26,26.6,25.8,27,26.5,26.1,26.6,26.7,26.9,26.5,27.2,26.7,26,26.6,26.1,26,25.9,26.8,25.6,26.8,26.5,26.2,26.6,26,26,25.7,85,90,88,91,91,86,91,87,87,89,89,90,89,88,92,87,92,88,91,91,91,92,86,87,87,89,90,88,91,89,91,86,88,92,89,91,89,88,90,93,0,0.1,0,0.4,0,0,0.6,1.6,0,0.6,0,0,0.5,0.1,0.4,0.2,0,0,1.8,0,0,0.7,0,0,0.3,1.2,0,0.5,1.8,0.1,0.5,0,0,0,0,1.3,0.8,0,0.9,0,3.4,4.7,2.9,4.5,1.4,1.8,3.4,7.6,9.3,3.6,3.4,3.7,2.3,2.6,3.4,1.5,2.5,4.1,4.5,3.3,3.7,4.4,2.8,3.5,6.1,5.4,3.3,2.6,5.4,2.9,2.9,4.8,2.1,2.9,5.8,4.5,2.1,2.3,4.4,3.7,,,,,,,,,,,,,,,,,,,,,,,,,,,,,,,,,,,,,,,,,26.7,26.1,26.5,27,26.3,26.6,27.1,26.5,26.7,26.5,26.7,26.2,26.6,26.7,26.7,27.3,26.5,26.4,26.3,26.7,26.8,26.7,26.5,26.8,26.9,26.1,27,26.8,27,25.9,26.8,83,86,82,71,85,84,73,84,83,84,84,86,84,82,84,81,84,85,85,84,81,84,84,79,83,86,80,82,78,88,77,3.8,0.7,0.5,0,1.1,0.2,0,0.3,2.1,0.2,0.5,0.1,3.7,0.3,1.4,2.9,2.5,1.2,0.4,3.7,2.2,0.4,0.5,0.3,0.2,2.1,2.9,2.1,0.1,0.6,0.5,15.3,26.8,22.5,1.6,23,19.2,4,21.7,17.3,22.8,13.2,25.2,16.8,11.5,23.1,21.1,12.2,18.5,17.3,22.9,10.5,17,19.9,8.4,12.5,22.4,14.6,21.9,6.9,22.7,4.8,19.1,32,28.4,2.2,26.3,22.7,5,26.3,20.9,27,15.1,28.8,20.5,13,27.4,25.2,15.5,21.2,20.2,27.7,13,17.3,23,9,14,25.9,18.7,25.6,8.3,26.6,8.6,,,,,,22.2204,114.2127
2026-10-04T05:00,26.7,26,26.1,26.2,26,27.1,25.9,26.9,27,26,26.5,25.8,26.3,26.5,25.9,26.5,25.7,27,26.6,26.1,26.5,26.5,26.4,26.5,27,26.7,25.9,26.5,26,25.9,25.8,26.8,25.5,26.7,26.5,26.1,26.5,26,26,25.8,86,90,89,91,92,86,91,87,86,89,90,91,88,89,91,87,93,88,92,91,91,94,90,87,87,89,91,88,91,89,92,86,89,93,89,92,89,87,90,93,0,0.2,0,0.5,0,0,0,1.2,0,0.6,0,0,0.6,0,0.5,0,0,0,0.2,0,0,1.3,0.1,0,0.8,1,0,0.2,1.5,0.2,1,0,0,0,0,1.1,1.1,0,0.8,0,3.3,4.7,3.2,4,2.1,2.6,4.4,8,9.1,3.3,3.3,2.9,2.5,3.1,3.6,1.8,2.5,4.1,4.7,3.3,4,3.9,2.9,3.4,5.1,5.4,3.3,2.8,5.4,2.9,3.5,4.5,2.4,3.1,6,4.8,2.2,2.5,3.6,3.8,,,,,,,,,,,,,,,,,,,,,,,,,,,,,,,,,,,,,,,,,26.8,26.1,26.5,27,26.3,26.6,27.1,26.5,26.8,26.5,26.7,26.1,26.7,26.7,26.7,27.3,26.6,26.5,26.2,26.7,26.8,26.4,26.4,26.8,26.9,26.1,27.1,26.7,27,25.8,26.8,82,86,82,71,85,84,74,84,83,84,84,87,84,82,84,80,83,85,85,84,81,87,85,79,84,86,80,82,77,88,77,3.8,0.7,0.5,0,1.1,0.2,0,0.3,2.1,0.2,0.5,0.1,3.7,0.3,1.4,2.9,2.5,1.2,0.4,3.7,2.2,0.4,0.5,0.3,0.2,2.1,2.9,2.1,0.1,0.6,0.5,18.1,28.5,22.3,1.6,23.2,19.8,5.2,21.7,19.1,23,12.4,25.5,19.6,11.6,23.5,20.7,13,19.4,18.2,24.2,12,22.6,22.4,9.7,15.3,24.1,17,23.3,7,22.3,4.7,22.3,33.8,28.1,2.2,26.3,23.4,6.1,26.3,23,27,14,29.2,24.1,13,27.7,25.2,16.9,22.7,20.5,29.5,15.1,23.4,25.9,10.1,17.3,28.1,21.6,27.4,7.9,25.6,8.3,,,,,,22.2204,114.2127
2026-10-04T06:00,26.7,25.9,26.1,26.1,25.9,26.9,25.9,26.9,26.9,26,26.5,25.8,26.2,26.5,25.9,26.6,25.6,27,26.6,26.2,26.4,26.5,26.4,26.4,26.9,26.7,25.9,26.6,26.1,25.9,25.7,26.7,25.4,26.5,26.5,26.1,26.5,26,26,25.8,85,90,89,91,92,88,92,86,86,90,89,92,88,89,91,87,94,87,91,91,91,94,89,88,88,88,91,88,91,90,92,86,89,93,89,92,89,88,90,93,0,0,0,0.6,0,0,0,0.6,0,0.6,0,0,0.6,0,0.8,0,0,0,0,0,0,2.1,0.1,0,1.5,1,0,0,1.5,0.2,0.8,0,0,0,0,1,1.2,0,0,0,3.1,4.9,3.3,3.6,2.5,3.3,4.8,8.1,8.7,3.6,3.1,3.1,2.9,3.4,3.2,2.1,3,4.1,5.1,3.9,3.6,3.3,2.7,3.3,4.3,5.8,3.4,2.9,5.4,3,3,4.5,2.4,3.5,6.2,5.3,2.3,2.8,2.9,3.7,,,,,,,,,,,,,,,,,,,,,,,,,,,,,,,,,,,,,,,,,26.7,26.3,26.6,27,26.3,26.6,27.2,26.6,26.9,26.5,26.8,26,26.8,26.7,26.8,27.2,26.7,26.5,26.2,26.7,26.9,26.3,26.4,26.8,26.9,26.2,27,26.7,27.1,25.8,26.9,82,86,81,71,84,84,75,84,82,84,83,87,84,82,84,80,82,85,84,84,80,87,85,79,84,86,80,82,76,87,76,4,0.4,1.4,0.1,0.6,1.2,0.6,0.6,1.6,0,2.1,0.1,3.5,1.8,1.7,0.7,2.1,0.1,0.3,3.7,0.8,2.2,0.2,0.3,0,1.6,3.3,1.8,0.1,0.2,0.4,18.3,30.4,22.8,3.1,24,21,6.3,22.6,18.4,23.9,11,26.6,20.7,12,24.6,20.3,13.7,21,18.4,24.7,13.2,24.2,23.8,11.6,17.4,24.7,18.6,25.4,6,22.6,5.2,23,35.3,28.4,3.6,27.4,24.5,7.2,27,22.3,27.7,12.6,29.9,25.6,13.7,28.4,24.8,18,24.5,20.9,30.6,16.9,25.2,27.4,12.2,19.8,29.2,23,29.9,6.8,25.6,7.9,,,,,,22.2204,114.2127
2026-10-04T07:00,26.9,26.1,26.3,26.1,26,27,26.1,26.8,26.9,26.1,26.6,25.9,26.2,26.7,25.9,26.7,25.7,27,26.8,26.4,26.4,26.6,26.4,26.4,26.9,26.9,26,26.7,26.2,26,25.9,26.8,25.5,26.6,26.7,26.2,26.5,26.1,26,26,85,90,88,91,92,88,91,86,86,89,89,91,89,89,91,87,94,86,90,91,90,92,90,89,88,87,91,89,90,89,92,85,89,93,88,91,89,88,89,92,0,0,0,0.9,0,0,0,0.4,0,0.4,0,0,0.5,0,0.7,0,0,0.4,0,0,0.2,2.5,0,0,1.2,0.8,0,0,1.7,0.2,0,0,0,0,0,0.8,1.2,0,0.5,0,2.8,5.1,3.3,3,2.3,3.3,5.2,7.9,8.2,3.6,3.1,3.3,3,3.2,3.2,1.8,3.5,4.9,6.2,4.3,3.4,3.8,2.5,3.3,4.7,5.6,3.3,3.2,5.4,2.7,3.3,4.6,2.6,3.4,6.4,5.8,2.4,2.3,3,3.6,,,,,,,,,,,,,,,,,,,,,,,,,,,,,,,,,,,,,,,,,26.5,26.5,26.7,27.1,26.4,26.7,27.4,26.7,27,26.5,26.9,25.9,26.9,26.7,26.9,27.2,26.9,26.7,26.3,26.9,27.1,26.4,26.5,26.9,27,26.4,26.9,26.8,27.2,25.8,27.1,83,85,81,71,84,83,76,83,80,83,81,86,84,81,84,80,81,84,83,82,79,86,85,80,83,85,81,82,74,86,75,4,0.4,1.4,0.1,0.6,1.2,0.6,0.6,1.6,0,2.1,0.1,3.5,1.8,1.7,0.7,2.1,0.1,0.3,3.7,0.8,2.2,0.2,0.3,0,1.6,3.3,1.8,0.1,0.2,0.4,17.7,31.8,23.3,5.1,25.4,22.5,7.2,23.4,17.2,24.8,9.6,27.6,21,12.4,25.7,19.8,14.8,23.3,18.5,25,14.5,23.9,24.9,13.8,19.5,25.1,19.3,28.1,4.9,23.2,6.2,22.3,36,28.8,5.8,28.8,25.9,8.3,28.1,20.2,28.8,11.2,31.3,26.3,14.4,28.8,24.1,19.1,26.6,21.2,31,18.4,25.2,28.1,14.8,22.3,29.5,23.8,33.1,5.4,25.9,7.6,,,,,,22.2204,114.2127
2026-10-04T08:00,27.5,26.4,26.9,26.3,26.7,27.5,26.5,27,27.2,26.6,27,26.6,26.5,27.1,26.5,27,26.1,27.3,27.1,27.2,26.7,26.8,26.9,26.8,27,27.2,26.5,27.2,26.5,26.3,26.6,27.2,26,27.3,27.2,26.7,26.8,26.5,26.4,26.5,82,88,85,90,89,85,89,85,85,86,87,87,87,87,89,85,92,85,89,85,89,91,88,88,88,86,89,87,89,88,88,84,87,87,85,89,88,86,87,88,0,0,0,1,0,0,0.5,0.4,0,0,0,0,0.7,0,0,0,0,0.4,0.5,0,0.4,1.7,0,0,1.1,0.3,0,0,1,0.3,0,0,0,0,0,0.5,1,0,0.3,0.3,3.1,5.4,3.1,2.6,1.8,3.7,5.5,8.6,8.8,4.3,3.8,3.6,3.6,3.3,3.2,2,3.3,5.6,6.5,6,3.7,2.9,2.5,3.1,4.7,6.3,2.9,3.4,5.4,2.9,4.4,5.9,2.6,4.7,7.9,6.2,2.3,2.6,3.6,4.7,,,,,,,,,,,,,,,,,,,,,,,,,,,,,,,,,,,,,,,,,26.3,26.7,26.9,27.3,26.5,26.9,27.6,26.8,27.3,26.6,27,26,27.1,26.9,27.1,27.3,27.1,26.8,26.5,27.1,27.4,26.5,26.6,27,27.2,26.6,26.9,26.9,27.4,25.9,27.3,83,84,80,70,83,82,76,82,78,82,80,85,83,80,83,79,80,83,81,81,78,84,85,80,82,84,81,82,73,85,74,4,0.4,1.4,0.1,0.6,1.2,0.6,0.6,1.6,0,2.1,0.1,3.5,1.8,1.7,0.7,2.1,0.1,0.3,3.7,0.8,2.2,0.2,0.3,0,1.6,3.3,1.8,0.1,0.2,0.4,16.3,31.2,23.7,6.5,26.5,23.3,8.4,24.1,16.3,25.3,7.6,28,21.7,12.6,25.7,19.5,15.6,24.5,18.4,24.8,15.9,23,25.1,15.3,20.4,24.9,20,29.6,5.1,23.4,7.1,21.2,35.3,29.2,7.2,29.5,26.6,9.7,28.4,18.4,29.5,10.1,31.3,27,14.4,28.4,23,19.8,28.1,21.2,30.6,19.4,24.5,28.1,16.6,23.4,29.2,24.1,34.9,5.4,25.9,7.2,,,,,,22.2204,114.2127
2026-10-04T09:00,28.3,27,27.6,26.8,27.6,28.3,27,27.4,27.7,26.9,27.6,27.4,26.9,27.8,27.2,27.5,26.8,27.6,27.3,27.6,27.2,27.4,27.4,27.3,27.2,27.5,27.2,27.9,26.7,26.8,27.3,27.6,26.8,28,27.8,27.2,27.2,27.1,26.9,27.1,78,85,81,87,84,82,87,83,83,84,84,82,86,83,85,83,89,84,88,83,86,88,85,85,87,84,85,82,88,86,84,82,83,83,82,86,86,83,85,85,0,0,0,0.5,0,0,0.6,0.2,0,0.1,0,0,1.1,0,0.1,0,0.5,0.4,0.5,0,0.1,0.4,0.3,0.2,1,0.3,0.1,0,1.1,0.7,0.2,0,0,0,0,0.3,0.8,0,0.3,0.3,3.4,6.1,3.1,2.5,1.8,4.5,5.4,10,9.6,5.2,4.2,3.9,3.3,3.9,3.7,2.1,2.9,5.4,7.7,7.3,3.5,2.9,2.3,2.2,5.1,7.7,2.5,4.9,6.1,3.1,4.8,7.7,3.2,5.2,8.9,6.3,2.5,3,4,4.7,,,,,,,,,,,,,,,,,,,,,,,,,,,,,,,,,,,,,,,,,26.3,26.9,27.2,27.7,26.7,27.4,27.9,27,27.8,26.8,27.1,26.2,27.3,27.3,27.3,27.5,27.3,27.1,26.9,27.4,27.8,26.8,26.7,27.2,27.4,26.9,27.1,27.1,27.7,26.1,27.6,83,83,79,68,82,79,75,81,75,80,79,83,82,78,82,77,79,81,79,79,76,83,84,79,80,82,80,81,73,84,73,3.3,1,2.3,0.2,0,1.5,1.5,0.2,0.2,0.2,1.2,0,1.6,0.8,1.7,0.8,0.5,0.7,0.2,3.4,0.1,1.3,0.3,0.2,0,1.1,0.8,1.2,0,0,0,14,27.5,24.7,6.3,26.5,22.7,10.5,23.9,15,25.2,5.2,26.9,23,12,23.9,19.2,16,24.5,18.4,24.5,16.4,22.3,24.5,16.2,20.3,24.6,19.2,30.1,8,23,7.8,19.4,32,29.9,6.8,29.2,25.6,12.2,28.1,17.3,28.8,10.1,29.5,28.1,13.3,25.9,22,20.2,27.7,20.5,29.2,19.1,24.1,27.4,17.3,22.7,28.1,23.8,34.9,7.9,25.2,7.2,,,,,,22.2204,114.2127
2026-10-04T10:00,29.2,27.9,28.5,27.5,28.6,29.2,27.6,27.9,28.3,27.3,28.4,28.5,27.4,28.6,28.1,28.1,27.7,28.1,27.6,28.1,27.9,28.1,28.2,28.1,27.5,28,28.1,28.8,27,27.4,28.2,28.2,27.7,28.8,28.4,27.8,27.9,28,27.5,27.9,74,81,76,83,77,78,84,80,79,82,80,77,85,78,79,80,84,84,87,80,82,85,81,81,86,81,80,76,86,83,80,79,78,79,77,83,83,78,82,82,0,0,0,0.5,0,0,0.6,0.2,0,0.1,0,0,1.1,0,0.1,0,0.5,0.4,0.5,0,0.1,0.4,0.3,0.2,1,0.3,0.1,0,1.1,0.7,0.2,0,0,0,0,0.3,0.8,0,0.3,0.3,4,7.2,3.1,2.9,2.9,6.5,5.6,11.9,10.9,5.7,4.8,5,2.9,5.2,4.9,2.6,2.3,4.9,8.8,8.6,3.8,4,2.3,2.1,5.6,9.4,2.6,7.4,6.5,4,4.9,9.5,4.1,5.6,10.3,6.5,3.4,4,5,4.7,,,,,,,,,,,,,,,,,,,,,,,,,,,,,,,,,,,,,,,,,26.2,27.1,27.5,28.3,27,28,28.4,27.3,28.4,27.2,27.3,26.6,27.6,27.8,27.6,27.8,27.5,27.5,27.4,27.9,28.3,27.1,26.8,27.5,27.8,27.1,27.4,27.3,28,26.4,28.1,84,81,78,66,80,76,74,80,72,78,78,81,81,74,80,75,77,78,76,76,74,81,84,78,78,80,78,79,73,83,71,3.3,1,2.3,0.2,0,1.5,1.5,0.2,0.2,0.2,1.2,0,1.6,0.8,1.7,0.8,0.5,0.7,0.2,3.4,0.1,1.3,0.3,0.2,0,1.1,0.8,1.2,0,0,0,11.5,22.7,26.6,5.3,25.9,21.2,13.5,23.8,13.8,24.1,2.8,25.3,24.8,10.9,20.7,18.5,16.3,23.6,18.1,23.7,15.7,21.2,23.4,16.6,19.5,24,17.8,29.4,11.7,22.5,8.1,16.9,27.7,31,6.1,28.4,23.8,14.8,27,16.2,27.7,10.4,27,28.8,11.5,22,20.5,20.2,26.6,19.4,27,18.4,23.4,26.3,17.3,21.2,26.6,22.7,34.2,11.5,23.8,7.6,,,,,,22.2204,114.2127
2026-10-04T11:00,29.9,28.5,29.3,28.2,29.5,29.9,28.1,28.3,28.8,27.7,29.1,29.4,27.8,29.3,28.8,28.6,28.4,28.6,27.8,28.6,28.6,28.5,28.8,28.8,27.9,28.4,28.9,29.5,27.2,28,29,28.7,28.5,29.4,29,28.2,28.4,28.7,28.1,28.5,70,78,72,79,72,75,82,78,77,80,76,72,83,74,75,77,80,83,86,78,78,83,78,77,84,79,76,71,85,80,76,77,74,76,74,80,80,74,79,79,0,0,0,0.5,0,0,0.6,0.2,0,0.1,0,0,1.1,0,0.1,0,0.5,0.4,0.5,0,0.1,0.4,0.3,0.2,1,0.3,0.1,0,1.1,0.7,0.2,0,0,0,0,0.3,0.8,0,0.3,0.3,4.2,8.1,3,3,4.1,8.3,5.6,13.3,11.5,6.2,4.9,5.9,2.2,5.9,6.2,2.9,2.3,5.2,9.7,9.9,3.7,5.4,2.6,3.3,6.2,10.4,3.1,8.9,7,5.1,5.5,10.8,5,6.3,11.3,6.9,4,5.2,5.8,4,,,,,,,,,,,,,,,,,,,,,,,,,,,,,,,,,,,,,,,,,26.2,27.3,27.8,28.7,27.2,28.4,28.6,27.5,28.8,27.5,27.5,26.9,27.9,28.2,27.9,28.1,27.8,27.8,27.8,28.1,28.6,27.4,27,27.8,28,27.4,27.6,27.5,28.2,26.6,28.4,84,79,77,65,79,74,73,79,70,77,77,80,80,72,78,74,76,76,74,74,72,80,83,76,77,79,77,78,73,82,70,3.3,1,2.3,0.2,0,1.5,1.5,0.2,0.2,0.2,1.2,0,1.6,0.8,1.7,0.8,0.5,0.7,0.2,3.4,0.1,1.3,0.3,0.2,0,1.1,0.8,1.2,0,0,0,9.8,19,27.2,4.4,25.4,19.9,15.5,23.1,13.8,23.4,1.1,23.6,25.2,9.5,18,17.1,16.4,23.1,17.3,22.5,15.8,20.1,22.2,16.3,18.6,23.3,17.3,29,14.4,21.3,8.1,15.1,23,31,5.4,27.4,22,16.6,25.9,16.2,26.6,10.4,24.5,28.4,10.1,18.7,19.1,19.8,25.9,18.4,25.2,18,22.3,24.8,16.9,19.8,25.2,22,33.1,14,22.3,7.6,,,,,,22.2204,114.2127
2026-10-04T12:00,30.3,28.8,29.9,28.9,30.1,30.1,28.5,28.7,29,28.1,29.7,29.9,28.2,29.7,29.3,29,28.9,29,27.9,28.9,29.3,28.5,29.4,29.3,28.4,28.8,29.4,29.9,27.4,28.6,29.5,29.1,28.8,29.9,29.5,28.5,28.9,29.1,28.7,28.8,68,77,69,76,68,74,80,76,76,78,73,70,81,73,73,75,77,81,85,76,75,83,75,74,82,76,73,69,84,77,73,75,72,74,72,79,77,72,76,77,0,0,0,0.4,0,0,0.5,0,0.3,0,0,0,1.2,0,0.1,0.1,0.4,0.1,0.9,0,0.1,1.7,0.2,0,0.9,0,0,0,0.5,0.1,0.3,0,0,0,0,0.7,0.2,0,0.1,0.7,4,8.9,2.5,2.2,4.7,8.9,5.2,13.4,11.3,6,5.1,6.9,1.6,6.5,6.5,3.8,3,6.1,9.7,10.5,3.6,5.8,2.6,4,7.1,10.5,3.8,9,6.6,5.9,6.3,10.9,5.9,6.5,11.9,7.8,4.4,6.2,6.2,3.2,,,,,,,,,,,,,,,,,,,,,,,,,,,,,,,,,,,,,,,,,26.2,27.4,28.1,28.9,27.3,28.6,28.4,27.7,28.9,27.7,27.8,27.2,28,28.4,28.1,28.2,28.1,27.9,28.1,28.1,28.8,27.5,27.2,28,28.1,27.6,27.7,27.6,28.2,26.8,28.6,85,77,76,65,79,74,74,78,70,77,75,79,79,71,76,74,74,76,73,74,72,80,82,74,77,78,77,78,73,81,69,0.7,0.1,0.5,0,0,0,0,0,0,0.1,0,0,0,0,1.2,0.1,0,0,0.1,0.8,0,0,0.2,0,0.4,0.1,0,0.2,0,0,0,10.1,15.5,26.2,4,24.9,19.2,15.7,22,14.8,22.6,1.1,22.4,23.9,8.6,15.9,14.8,16.5,23.7,16.5,20.5,16.6,18.9,20.3,15.2,18.2,22.2,18.4,28.7,14.2,19.8,7.9,14.8,18.4,29.5,5.4,26.3,20.9,16.6,24.1,17.3,25.6,9,23,26.3,9.7,16.6,16.9,19.1,26.6,17.3,23.8,19.4,20.9,23,15.5,19.1,24.1,22.7,32.4,14.4,20.5,7.6,,,,,,22.2204,114.2127
2026-10-04T13:00,30.5,28.9,30.3,29.5,30.6,30,28.8,29.1,29,28.4,30.2,30.1,28.6,29.9,29.6,29.3,29.3,29.3,28,29.2,29.9,28.1,29.9,29.7,28.9,29.3,29.8,30.1,27.6,29.1,29.9,29.4,28.9,30.2,29.8,28.6,29.4,29.5,29.3,28.9,67,77,67,73,66,74,78,74,77,77,70,68,79,72,71,74,75,79,84,75,73,84,72,72,79,74,70,68,83,74,71,74,72,72,70,80,74,71,73,76,0,0,0,0.4,0,0,0.5,0,0.3,0,0,0,1.2,0,0.1,0.1,0.4,0.1,0.9,0,0.1,1.7,0.2,0,0.9,0,0,0,0.5,0.1,0.3,0,0,0,0,0.7,0.2,0,0.1,0.7,4.5,9.7,2.6,2.3,4.9,9,4.7,13.3,10,5.3,5.5,7.7,1.1,7.6,7.4,5.6,3.6,7.4,9.3,10.4,3.5,5.9,3.2,4.2,8.5,9.7,4.3,8.4,5.9,6.6,7.5,11,7,7.3,12,8.6,4.3,7.4,6.2,3.6,,,,,,,,,,,,,,,,,,,,,,,,,,,,,,,,,,,,,,,,,26.1,27.5,28.3,29,27.4,28.5,28,27.9,28.8,27.9,28.2,27.4,28,28.4,28.4,28.4,28.5,27.9,28.3,28,28.8,27.5,27.4,28.2,28.1,27.8,27.8,27.7,28.2,27,28.6,86,76,75,65,79,74,76,78,72,77,73,79,79,71,74,74,73,78,73,76,72,80,82,73,78,78,78,78,74,80,69,0.7,0.1,0.5,0,0,0,0,0,0,0.1,0,0,0,0,1.2,0.1,0,0,0.1,0.8,0,0,0.2,0,0.4,0.1,0,0.2,0,0,0,11.6,12,24.2,5.4,23.6,18.4,15,20.6,17.3,21.6,2,21.2,21.7,9.1,14.4,13.1,16.3,25.1,15.9,19.7,18.8,17.7,18.7,13.1,18.2,21.2,20.5,28.5,13.2,17.7,7.9,14.8,14,27,6.1,24.5,19.8,15.5,22,19.1,24.5,7.6,21.6,23.4,10.1,15.1,14.8,18.4,28.1,16.6,22.7,21.6,19.4,20.9,13.3,18.4,23,23.8,32,13.3,18.7,7.6,,,,,,22.2204,114.2127
2026-10-04T14:00,30.6,28.9,30.5,29.9,30.8,29.9,28.9,29.2,29,28.7,30.5,30.2,28.8,29.9,29.8,29.4,29.5,29.5,28.1,29.3,30.2,28,30.2,29.9,29.2,29.5,30,30.2,27.7,29.4,30,29.6,28.9,30.2,30,28.6,29.6,29.6,29.6,29,67,77,66,71,65,75,77,73,77,76,69,68,78,73,71,74,74,77,83,74,72,85,70,70,77,72,68,68,82,72,70,73,72,72,70,80,72,70,71,76,0,0,0,0.4,0,0,0.5,0,0.3,0,0,0,1.2,0,0.1,0.1,0.4,0.1,0.9,0,0.1,1.7,0.2,0,0.9,0,0,0,0.5,0.1,0.3,0,0,0,0,0.7,0.2,0,0.1,0.7,5.1,10.2,2.6,3.3,5.1,8.9,4.6,12.4,8.9,5,5.8,8.4,1.3,8,8.6,7.2,4.5,7.7,8.5,10,3.6,5.9,3.6,4.3,8.9,9.5,5.1,7.6,5.6,6.9,7.7,11.1,7.6,8,12,9.2,4.1,8.1,5.9,3.9,,,,,,,,,,,,,,,,,,,,,,,,,,,,,,,,,,,,,,,,,26.1,27.6,28.4,29,27.4,28.5,27.7,27.9,28.6,28,28.4,27.6,28,28.4,28.5,28.4,28.7,27.9,28.4,27.8,28.8,27.6,27.6,28.3,28.1,27.9,27.8,27.7,28.2,27.2,28.6,86,75,75,66,79,75,77,78,73,77,71,79,78,71,73,74,72,79,73,77,73,80,81,72,78,78,78,78,74,79,69,0.7,0.1,0.5,0,0,0,0,0,0,0.1,0,0,0,0,1.2,0.1,0,0,0.1,0.8,0,0,0.2,0,0.4,0.1,0,0.2,0,0,0,12.6,9.5,22.9,7.1,22.8,17.9,14.7,19.2,19.4,20.9,3.2,20.2,19.9,9.7,14.4,13.5,16.6,25.2,16.2,19.9,20.6,16.6,16.9,11.6,17.7,19.9,21.3,27.7,11.9,15.9,8.2,14.4,10.8,24.5,6.5,23.4,19.1,14.8,20.5,20.2,23.4,6.1,20.5,20.5,10.1,14.4,13.3,17.6,28.1,16.2,20.9,22.7,18,18.7,11.5,18,21.6,24.1,30.6,12.2,16.6,7.6,,,,,,22.2204,114.2127
2026-10-04T15:00,30.5,28.9,30.7,29.8,30.7,29.8,29,29.1,28.8,28.8,30.2,30.1,28.8,29.7,29.6,29.3,29.4,29.4,28.2,29.3,29.8,28.2,30.3,29.8,29.2,29.3,30,29.9,27.7,29.4,29.8,29.5,28.9,29.8,29.8,28.6,29.5,29.6,29.5,29.1,68,77,65,71,65,76,76,74,77,75,71,69,77,75,72,75,74,77,82,74,74,83,69,70,77,72,68,69,82,72,71,73,72,74,71,80,72,70,71,76,0.1,0,0,0.4,0.1,0,0.1,0,0.5,0,0.6,0,0.7,0,0,0.9,0,0.1,0,0,1.5,0,0,0,0.4,0,0,0,0.1,0,0.2,0,0,1.4,0,0,0.6,0,0.1,0.3,5.3,9.9,3.3,4.7,5.4,8.2,4.9,11,7.4,5,6,8.3,1.8,8.5,9.1,7.7,5.4,6.7,7.2,9.4,3.8,6,4,4.3,8.1,9.2,5.1,6.9,5.4,6.1,6.4,10.9,7.3,7.5,11,8.9,3.1,8,4.9,2.9,,,,,,,,,,,,,,,,,,,,,,,,,,,,,,,,,,,,,,,,,26,27.6,28.3,28.9,27.4,28.5,27.6,27.9,28.4,28.1,28.6,27.7,28.1,28.4,28.6,28.4,28.8,27.8,28.3,27.7,28.8,27.7,27.6,28.3,28.1,27.9,27.9,27.6,28.2,27.3,28.6,85,75,76,67,79,76,77,78,74,77,70,79,77,70,73,75,72,80,74,77,74,80,81,72,78,78,78,79,73,78,69,0.2,0,0,0,0,0,0,0,0,0,0.1,0,0,0,0,0,0,0.1,0,0,0,0,0.1,0,0.1,0,0,0,0.1,0,0,11.4,9.2,21.3,8,21.6,17.1,14,18.4,19.2,19.8,4.3,19.2,18,9.9,15.7,14.2,16.9,23.8,16.1,17.8,20.4,16.2,15.6,10.2,16.9,18.1,19.5,25.7,11.1,13.9,9.1,12.6,10.1,22.3,7.2,22.7,18.4,14.8,19.8,19.4,21.6,5.8,19.4,18.4,10.1,15.5,14,17.6,26.3,16.9,18.4,22,17.3,16.6,10.1,17.6,19.4,22.3,28.1,11.5,14.4,7.9,,,,,,22.2204,114.2127
2026-10-04T16:00,30.2,28.8,30.7,29.4,30.5,29.6,28.9,28.9,28.6,28.8,29.6,29.8,28.7,29.3,29.3,28.9,29.1,29.1,28.3,29,29.1,28.6,30.2,29.6,29,29,29.7,29.5,27.7,29.1,29.3,29.2,28.8,29.1,29.4,28.6,29.1,29.3,29.1,29.2,70,77,65,72,67,77,76,76,78,75,74,70,77,77,73,78,75,78,81,75,77,81,69,71,77,74,70,71,82,73,73,74,73,76,74,79,73,71,72,76,0.1,0,0,0.4,0.1,0,0.1,0,0.5,0,0.6,0,0.7,0,0,0.9,0,0.1,0,0,1.5,0,0,0,0.4,0,0,0,0.1,0,0.2,0,0,1.4,0,0,0.6,0,0.1,0.3,5.5,9.4,4.4,5.8,5.4,7.5,5.1,9.2,6.2,4.7,5.6,7.9,2.6,9.5,8.9,7.6,5.5,5,5.4,8.7,3.8,5.7,4.9,3.8,7.3,8.8,4.7,6.4,4.9,4.7,4.5,10.5,5.9,6.9,9.7,7.9,1.8,7.7,3.4,2.8,,,,,,,,,,,,,,,,,,,,,,,,,,,,,,,,,,,,,,,,,25.9,27.5,28,28.7,27.4,28.5,27.5,27.7,28.2,28.1,28.6,27.7,28.1,28.5,28.6,28.4,28.8,27.7,28.2,27.6,28.7,27.8,27.5,28.1,28.1,27.9,28.1,27.6,28.3,27.4,28.5,83,76,77,68,79,76,77,79,76,77,69,79,76,69,73,75,73,80,76,77,75,80,80,72,77,79,78,79,72,77,69,0.2,0,0,0,0,0,0,0,0,0,0.1,0,0,0,0,0,0,0.1,0,0,0,0,0.1,0,0.1,0,0,0,0.1,0,0,9.4,10.2,18.9,8.6,20.9,16.4,13.5,17.4,17.3,18.4,6.2,17.8,15.5,9.9,17.6,14.8,17.6,21,16.8,14.8,19.1,16.3,14.2,8.9,15.6,15.9,16.9,23.1,10.2,12.3,10.1,10.1,10.4,20.5,7.9,22,17.6,14.8,19.4,17.6,19.4,6.1,18.7,16.6,10.4,17.3,15.5,18.4,23,17.6,15.5,20.5,16.6,14.8,9.4,16.9,17.3,19.4,24.8,10.4,12.2,8.6,,,,,,22.2204,114.2127
2026-10-04T17:00,29.9,28.6,30.5,28.9,30.1,29.4,28.7,28.6,28.3,28.7,29,29.3,28.5,28.9,28.9,28.5,28.8,28.8,28.3,28.7,28.4,28.8,30,29.3,28.7,28.6,29.4,29.1,27.6,28.9,28.8,28.9,28.6,28.4,29,28.4,28.7,29,28.7,29,72,78,67,74,70,78,76,78,79,75,78,73,78,79,75,80,76,79,81,77,80,80,70,72,78,76,72,73,82,74,75,76,74,79,77,80,75,73,74,77,0.1,0,0,0.4,0.1,0,0.1,0,0.5,0,0.6,0,0.7,0,0,0.9,0,0.1,0,0,1.5,0,0,0,0.4,0,0,0,0.1,0,0.2,0,0,1.4,0,0,0.6,0,0.1,0.3,5.4,8.4,5,6.5,5,6.8,4.6,7.3,4.4,4.7,5.4,7.2,3.7,9.7,7.7,6.8,5.6,3.7,4.2,7.9,3.3,5.2,4.8,3.3,6.1,7.7,4,5.6,4.1,3.3,2.5,9.4,5.1,7.1,8.2,6.7,1.8,6.6,1.9,3.6,,,,,,,,,,,,,,,,,,,,,,,,,,,,,,,,,,,,,,,,,25.9,27.5,27.8,28.6,27.4,28.4,27.5,27.6,28,28,28.6,27.7,28.1,28.5,28.6,28.4,28.7,27.7,28.1,27.5,28.5,27.9,27.4,28,28.1,27.8,28.1,27.5,28.3,27.4,28.4,82,77,78,69,80,77,77,80,77,78,69,79,76,69,74,76,74,80,78,77,76,79,80,73,77,79,78,80,71,77,70,0.2,0,0,0,0,0,0,0,0,0,0.1,0,0,0,0,0,0,0.1,0,0,0,0,0.1,0,0.1,0,0,0,0.1,0,0,7.6,11,16.8,8.8,19.9,16,13.7,17,15.4,17.3,7.4,16.8,13.7,9.4,18.3,14.7,17.6,18.3,16.9,11.2,17.2,16,13,8.2,14.7,14.2,15.3,20.8,9.4,11.2,10.6,8.6,10.8,18.4,8.3,21.2,16.9,15.1,19.1,16.2,18.4,6.5,18,14.8,10.1,18.4,16.2,18.7,20.2,18,13,18.7,16.6,13.3,8.3,16.2,15.1,17.3,21.6,9.4,10.8,9,,,,,,22.2204,114.2127
2026-10-04T18:00,29.3,28.3,29.9,28.5,29.4,29,28.3,28.4,28,28.4,28.5,28.7,28.2,28.6,28.6,28.2,28.4,28.5,28.2,28.3,27.9,28.6,29.6,29.2,28.3,28.4,29,28.6,27.5,28.6,28.3,28.5,28.2,27.9,28.5,28.1,28.2,28.6,28.4,28.3,76,80,72,76,74,80,79,80,81,77,81,77,80,81,78,82,78,81,82,80,82,82,72,74,80,78,76,76,83,76,78,78,77,81,80,83,77,75,76,80,0,0,0,0,0.1,0,0.3,0,0.1,0,1,0,0.2,0.1,0,0.4,0,0,0,0,1,0,0,0,0.2,0,0,0,0,0,0.1,0,0,0.9,0,0,0.3,0,0.1,2.5,5.1,7.1,6.2,5.9,4.3,5.5,2.2,5.2,2.6,4.2,4.4,6.4,4.1,8.2,5,5.4,4.7,3,3.8,6.9,1.8,4.2,3.8,1.8,4.9,5.8,3.4,4.8,3.3,2.2,0.8,7.4,4.4,6.9,6.9,5.5,2.2,5.4,0.8,4.2,,,,,,,,,,,,,,,,,,,,,,,,,,,,,,,,,,,,,,,,,26,27.5,27.7,28.4,27.2,28.2,27.4,27.4,27.9,27.8,28.4,27.6,27.9,28.4,28.4,28.3,28.5,27.6,27.9,27.5,28.3,27.9,27.3,27.8,28,27.7,28,27.3,28.2,27.3,28.3,81,77,78,70,81,78,79,80,77,79,71,80,76,70,75,77,75,80,79,77,77,78,80,73,77,79,78,81,71,77,71,0,0,0,0,0,0.2,0,0.3,0,0,0,0.1,0,0,0.1,0.2,0,0,0,0,0,1,0,0,0,0,0,0,0,0,0,7.2,10.6,14.3,7.9,19.1,15,14.9,16.3,13.8,17.3,8,16.4,12.6,8.4,17.4,13.5,17.4,15.6,16,8.5,15.2,16,12.4,7.2,13.3,13,14.7,18.2,8.2,10.3,10.5,8.6,10.4,15.8,7.6,20.9,15.8,16.6,18.4,14.8,18.7,7.2,17.6,13.7,8.6,17.6,15.1,18.7,17.3,16.9,11.2,17.3,17.3,12.6,7.2,14.8,13.7,16.6,18.7,7.6,10.1,9,,,,,,22.2204,114.2127
2026-10-04T19:00,28.7,27.9,29,28.1,28.5,28.7,27.7,28.1,27.7,28,28.1,28,27.7,28.3,28.2,27.9,28,28.2,27.9,27.7,27.4,28.2,29.1,29,27.7,28.1,28.5,28.2,27.4,28.4,27.8,28,27.6,27.3,27.9,27.6,27.7,28.2,28,27.4,80,82,80,80,80,83,82,82,84,81,85,82,82,83,81,84,82,84,85,84,83,85,76,76,83,80,80,80,83,78,81,81,81,84,84,86,80,79,77,84,0,0,0,0,0.1,0,0.3,0,0.1,0,1,0,0.2,0.1,0,0.4,0,0,0,0,1,0,0,0,0.2,0,0,0,0,0,0.1,0,0,0.9,0,0,0.3,0,0.1,2.5,4.4,5.1,7.1,4.9,3.3,3.7,5.4,3.3,2.3,3.5,3.1,5.3,4.4,5.4,1.8,3.4,3.1,3.1,4.3,5.4,0.5,2.7,2.6,0.5,3.9,3.6,2.4,3.6,2.6,1.3,1.9,5.1,4.1,6.4,5.2,4.3,3.1,3.6,2.6,5.8,,,,,,,,,,,,,,,,,,,,,,,,,,,,,,,,,,,,,,,,,26.3,27.6,27.6,28.3,27,28,27.3,27.3,27.9,27.5,28.1,27.5,27.7,28.2,28.2,28.2,28.2,27.6,27.8,27.5,28,27.9,27.3,27.7,28,27.6,27.8,27.2,28,27.2,28.1,80,77,77,70,82,80,81,81,77,81,73,81,77,73,76,78,76,79,80,76,78,77,81,74,78,79,79,81,71,77,73,0,0,0,0,0,0.2,0,0.3,0,0,0,0.1,0,0,0.1,0.2,0,0,0,0,0,1,0,0,0,0,0,0,0,0,0,8.1,9.8,11.4,6.6,18.7,13.5,16,15.8,12.6,17.8,8.9,16,11.5,6.6,15.3,11.4,17,12.9,13.8,6.6,13.3,16.1,11.8,6.5,12.1,12.4,14.2,15.7,6.4,9.5,9.9,9.7,10.1,13,6.1,20.5,14.8,18,18,13.7,20.2,8.3,17.3,13,6.5,16.2,13,18.7,14,15.1,10.1,15.5,18.4,12.2,6.1,13,13,16.6,16.2,5.8,9.7,9,,,,,,22.2204,114.2127
2026-10-04T20:00,28.1,27.6,28.2,27.7,27.8,28.4,27.2,28,27.4,27.7,27.8,27.5,27.4,27.9,27.8,27.6,27.7,27.8,27.6,27.2,27.1,27.8,28.6,28.7,27.3,27.9,28.1,27.9,27.2,28,27.4,27.6,27.2,26.8,27.5,27.3,27.2,27.8,27.7,26.5,84,84,84,82,84,85,84,84,86,83,87,86,84,84,83,86,84,86,86,88,84,87,79,78,85,82,83,82,84,80,84,83,85,85,87,89,82,81,79,86,0,0,0,0,0.1,0,0.3,0,0.1,0,1,0,0.2,0.1,0,0.4,0,0,0,0,1,0,0,0,0.2,0,0,0,0,0,0.1,0,0,0.9,0,0,0.3,0,0.1,2.5,3.1,3.6,5.6,4.3,2.3,2.3,9.9,2,4,3,1.1,4.2,4.5,2.1,2.9,1.8,2.1,4.3,5.5,4.2,1.9,1.1,3,1.3,3.1,2.9,1.3,2.5,1.8,2.9,3.8,3.1,3.4,7.1,4,3.4,3.7,2.3,4,8.1,,,,,,,,,,,,,,,,,,,,,,,,,,,,,,,,,,,,,,,,,26.5,27.6,27.6,28.2,26.9,27.8,27.2,27.2,27.9,27.3,27.9,27.5,27.6,28.1,28,28.1,28,27.6,27.7,27.6,27.9,27.9,27.2,27.6,27.9,27.5,27.7,27.1,27.9,27.2,28,79,77,76,71,83,81,83,81,77,82,75,81,77,74,77,78,77,79,80,76,78,76,81,74,78,79,79,82,71,77,74,0,0,0,0,0,0.2,0,0.3,0,0,0,0.1,0,0,0.1,0.2,0,0,0,0,0,1,0,0,0,0,0,0,0,0,0,8.5,9.1,9.3,5.2,18,12.6,16.5,15.6,11.9,17.9,9.2,14.9,10.2,4.3,13.4,9.6,17,11,11.5,6.6,11.3,15.9,11.2,5.8,10.5,11.6,13.4,14.1,5.1,9.1,8.9,10.1,9.7,10.8,5,20.2,14,19.1,17.6,13,20.9,9,16.6,11.9,5.4,14.8,10.8,19.4,11.9,13,9.4,13.7,19.1,11.5,5.8,11.2,12.2,15.8,14.8,4.3,9.4,8.6,,,,,,22.2204,114.2127
2026-10-04T21:00,27.7,27.5,27.5,27.4,27.4,28.3,26.6,28,27.1,27.6,27.6,27.3,27.1,27.2,27.5,27.5,27.5,27.3,27.3,27,27,27.5,28.2,28.2,27.2,27.6,28,27.9,27.1,27.6,27,27.4,27,26.4,27.4,27.1,27,27.6,27.5,25.9,86,86,83,84,86,86,82,85,86,84,87,88,86,81,83,88,85,86,86,91,85,88,81,79,85,83,83,83,85,81,86,85,88,84,89,91,84,82,80,84,2.8,0,1.2,0.3,0.2,0.2,0.1,0,0.1,0,0.2,0,0.2,2.4,0.1,0.2,0,0.5,0.1,0,0,0.8,0,0.5,0,0.4,0.3,0,0,0.2,2.4,0,0,0,0,0,0.1,0,0.1,0.3,1.1,2.6,1.9,5,1.1,1.8,13.3,1.4,5.2,2.5,2.9,3.7,4.4,3.2,6.1,1.6,1.8,6.7,6.9,3.6,2.7,1.3,3.4,4.7,3,2.8,1.1,2,1.5,5.8,4.6,2.5,3.6,9.2,3.7,3.1,4.4,1.8,4.2,10.4,,,,,,,,,,,,,,,,,,,,,,,,,,,,,,,,,,,,,,,,,26.7,27.5,27.5,28,26.8,27.6,27.1,27.1,27.8,27.3,27.8,27.5,27.5,28,27.9,28,27.9,27.4,27.7,27.6,27.9,27.8,27.1,27.5,27.8,27.4,27.5,27,27.8,27.1,27.9,79,78,76,72,83,82,84,81,77,82,76,81,77,74,77,78,77,79,79,77,78,76,81,74,79,79,79,82,71,77,75,0,0.1,0.1,0,0,0.6,0.8,1.6,1.8,0.5,0.2,2.3,0.3,0.1,0.3,0.4,0.1,0,0,0.5,0.3,0.4,0,0,0.3,0.2,0.4,0,0.4,0,0.1,7.7,8.5,8.5,4.3,17.3,12.1,16.2,15.5,11.9,16.9,8.9,13.2,8.7,1.3,11.5,8,17.1,10.4,8.9,6.6,9.4,15.2,10.4,5.5,9.4,11.6,11.2,13.7,4.6,9.1,8.1,9.4,9,10.4,4.3,19.8,13.7,19.1,17.6,13.3,20.2,8.6,14.8,10.4,5,13,8.6,21.2,11.5,9.7,9,11.5,18.4,10.4,6.1,9.7,12.2,13,14.8,3.6,9.4,7.6,,,,,,22.2204,114.2127
2026-10-04T22:00,27.4,27.4,26.8,27.1,27.1,28.3,26,28.1,26.9,27.6,27.5,27.3,26.9,26.4,27.1,27.5,27.4,26.7,27.1,26.8,27.1,27.1,27.8,27.6,27.2,27.4,27.9,28,27.1,27,26.6,27.4,26.9,26.1,27.3,27,26.8,27.5,27.4,25.3,87,87,79,85,88,86,78,84,86,83,85,89,87,77,81,89,85,84,85,92,85,90,83,78,85,83,82,82,85,82,87,86,90,82,90,93,85,83,82,80,2.8,0,1.2,0.3,0.2,0.2,0.1,0,0.1,0,0.2,0,0.2,2.4,0.1,0.2,0,0.5,0.1,0,0,0.8,0,0.5,0,0.4,0.3,0,0,0.2,2.4,0,0,0,0,0,0.1,0,0.1,0.3,3.4,1.8,10,6.4,1.1,2.6,16.5,1.8,6.3,1.8,8.3,3.1,4.1,8.9,9.7,2.6,1.8,9.5,8.7,3.6,3.2,4.1,3.8,9.1,2.9,2.7,4,1.6,1,9.4,4.8,2.8,3.9,11.4,3.6,3.4,5.2,1.8,3.8,13.3,,,,,,,,,,,,,,,,,,,,,,,,,,,,,,,,,,,,,,,,,26.9,27.4,27.5,27.9,26.9,27.5,27,27.1,27.8,27.4,27.8,27.5,27.5,28,27.9,28,28,27.3,27.7,27.6,28,27.6,27,27.4,27.7,27.4,27.4,26.9,27.7,27.1,27.8,80,79,77,72,83,83,84,81,77,80,76,80,77,73,76,77,76,79,78,77,77,76,82,75,79,79,78,83,72,77,75,0,0.1,0.1,0,0,0.6,0.8,1.6,1.8,0.5,0.2,2.3,0.3,0.1,0.3,0.4,0.1,0,0,0.5,0.3,0.4,0,0,0.3,0.2,0.4,0,0.4,0,0.1,6.4,8.3,8.8,3.6,16.6,11.8,15.5,15.5,12.6,15.5,8.4,10.6,7.2,2.8,9.7,6.2,17.7,10.9,6,6.9,7.9,14.4,9.4,6.2,8.6,11.5,8.3,14.1,4.6,9,7.2,7.9,7.9,10.4,3.6,19.1,13.3,18.4,18,14.4,18.7,7.6,12.2,8.3,5.8,11.2,6.5,23.8,11.9,6.1,9,9.4,16.9,9.4,7.2,8.6,12.6,9.7,15.5,3.2,9.4,6.5,,,,,,22.2204,114.2127
2026-10-04T23:00,27.1,27.3,26.1,26.8,26.9,28.1,25.4,28,26.6,27.6,27.1,27.2,26.7,25.6,26.6,27.2,27.3,26,26.7,26.7,27.1,26.7,27.4,26.9,27.2,27.1,27.7,27.9,27,26.4,26.2,27.3,26.7,25.6,27.3,26.9,26.6,27.4,27.2,24.8,87,88,76,85,88,86,75,84,85,83,83,89,88,74,79,88,85,82,84,93,85,90,84,78,85,84,81,82,86,81,87,87,90,80,91,93,85,84,82,77,2.8,0,1.2,0.3,0.2,0.2,0.1,0,0.1,0,0.2,0,0.2,2.4,0.1,0.2,0,0.5,0.1,0,0,0.8,0,0.5,0,0.4,0.3,0,0,0.2,2.4,0,0,0,0,0,0.1,0,0.1,0.3,6.2,1.1,16.1,7.7,2.6,3.9,18.9,2.6,7.4,1.4,11.9,2.9,4.1,12.8,12.3,4.1,1.6,11.7,10.5,2.8,3.5,6.2,4.8,12.1,2.9,3,6.1,1.1,1.5,11.9,5.2,2.4,2.6,13.2,3.1,3.1,5.8,2.1,4.2,15.4,,,,,,,,,,,,,,,,,,,,,,,,,,,,,,,,,,,,,,,,,27,27.3,27.5,27.8,26.9,27.5,26.9,27.1,27.6,27.5,27.7,27.5,27.5,27.9,27.9,28,28,27.2,27.7,27.6,28,27.5,27,27.3,27.6,27.4,27.4,26.9,27.6,27.1,27.7,80,79,77,73,83,83,83,80,77,79,76,79,77,73,75,77,75,79,77,78,76,76,82,75,79,79,78,83,72,77,75,0,0.1,0.1,0,0,0.6,0.8,1.6,1.8,0.5,0.2,2.3,0.3,0.1,0.3,0.4,0.1,0,0,0.5,0.3,0.4,0,0,0.3,0.2,0.4,0,0.4,0,0.1,5.3,7,8.7,2.9,15.9,11,14,15.9,12.2,14.4,6.6,8.1,5.9,6.5,8.9,4.7,18.1,10.8,4.2,7.3,6.3,14,8.5,7,7.2,10.8,6.4,14.4,4.2,9.1,5.5,6.8,7.2,10.8,4,18.4,12.6,17.3,18.7,15.1,17.6,6.8,10.4,6.8,7.9,10.4,5.4,25.6,12.2,4,9.4,7.6,16.2,8.6,7.9,7.6,12.2,7.6,16.2,3.2,9.4,5.8,,,,,,22.2204,114.2127
2026-10-05T00:00,26.6,27.2,25.2,26.2,26.7,27.5,24.8,27.8,26.2,27.5,26.3,27.2,26.6,25,26,26.4,27.1,25.3,26,26.7,26.9,26.4,26.9,26,27.1,26.9,27.2,27.4,27,25.7,26,27.1,26.3,25,27.4,26.9,26.3,27.3,26.7,24.3,84,89,75,82,87,85,75,83,84,84,79,89,89,73,77,83,86,80,81,92,86,90,82,77,85,85,79,81,87,78,87,88,84,79,91,92,83,85,81,76,0.6,0,0.4,0,0.4,2.6,0,0.2,0.2,0,0,0,0.3,2.1,0,1.2,0,0.6,0,0.4,1.2,0.9,0.1,2.2,0,0.4,0.2,0.9,0,0,1.3,0,0.4,0,0.7,0,0.3,0,0.3,0,7.6,0.8,17.2,9,3.6,6.2,19.8,4.8,9.5,0.8,13,3,5,13.8,13.4,6.2,0.8,12.3,12.6,1.9,4.2,7.6,6.9,12,3,3.3,7.6,3.3,1.8,11.9,6,1.6,3.7,14.2,1.8,3.1,7.1,2,6.6,16.3,,,,,,,,,,,,,,,,,,,,,,,,,,,,,,,,,,,,,,,,,27,27.2,27.4,27.8,26.9,27.5,27,27.2,27.4,27.6,27.6,27.3,27.4,27.9,27.8,27.8,27.9,27.2,27.6,27.5,27.9,27.4,26.9,27.2,27.5,27.4,27.4,26.8,27.4,27,27.6,80,78,78,74,82,81,81,79,78,78,76,78,77,73,75,77,74,78,78,78,76,76,82,76,78,78,78,83,73,77,75,1.3,3.8,1.8,0,0,3,1.2,2.9,2.1,1.7,2.5,3.6,0.4,1.6,0.4,1.2,0,1.9,1.5,2,0.1,0.5,0.7,0.4,0.6,3.1,0.3,0,1.3,0,2.2,4.4,4.2,8.6,4,14.8,9.4,11.9,16.9,10.5,14.2,3.4,4.7,5,10.8,9.3,4.1,18.1,9.6,4.8,9.2,3.1,14.3,8.2,7.9,4.3,9.2,5.9,13.7,3.7,8.7,2.5,6.5,5.8,10.8,5.8,17.3,10.1,15.1,19.4,14.8,17.3,6.1,9.7,5.4,13,11.5,5.4,25.6,11.5,4,10.8,6.1,16.2,8.6,7.9,6.1,10.4,7.9,15.5,2.9,9.4,5.8,,,,,,22.2204,114.2127
2026-10-05T01:00,26.1,27.2,24.3,25.5,26.5,26.8,24.1,27.5,25.7,27.4,25.2,27.2,26.5,24.4,25.3,25.4,27,24.5,25.2,26.7,26.7,26.2,26.3,25,27,26.6,26.5,26.7,26.9,24.9,25.8,26.9,25.7,24.3,27.4,26.9,25.9,27.3,26.1,23.8,79,90,75,77,86,83,76,82,82,84,75,89,89,74,75,77,87,78,78,89,87,89,79,77,86,86,77,81,87,74,86,89,75,78,90,91,80,85,79,75,0.6,0,0.4,0,0.4,2.6,0,0.2,0.2,0,0,0,0.3,2.1,0,1.2,0,0.6,0,0.4,1.2,0.9,0.1,2.2,0,0.4,0.2,0.9,0,0,1.3,0,0.4,0,0.7,0,0.3,0,0.3,0,7.9,1.3,16.1,10.4,4.6,8.9,20.3,8.3,12.6,0.7,12.4,3.2,6.5,13.4,13.8,8.3,0.4,12,14.5,5.4,5.2,8.3,9.7,10.4,3,4,9,6.8,2.3,11.2,7.6,3,11.6,14.5,1.8,6,9,1.9,10.8,16.7,,,,,,,,,,,,,,,,,,,,,,,,,,,,,,,,,,,,,,,,,26.9,27.3,27.2,27.9,26.9,27.6,27.3,27.4,27.1,27.6,27.5,27.1,27.3,27.8,27.7,27.6,27.8,27.3,27.4,27.4,27.8,27.3,26.9,27.1,27.5,27.4,27.5,26.7,27.3,27,27.6,80,76,78,75,80,78,79,77,79,77,76,77,76,74,75,77,72,77,79,78,75,76,81,77,76,77,77,82,74,76,75,1.3,3.8,1.8,0,0,3,1.2,2.9,2.1,1.7,2.5,3.6,0.4,1.6,0.4,1.2,0,1.9,1.5,2,0.1,0.5,0.7,0.4,0.6,3.1,0.3,0,1.3,0,2.2,3.7,1.8,8.9,6.6,14,6.8,10,18.4,10.5,14.6,0.8,4.6,4.3,15.8,11,4.8,18,8.4,6.2,11.5,1,14.9,8.4,8,1.5,6.8,7,13,3.3,8.4,2.2,6.5,4.3,10.4,8.3,16.2,7.2,13,20.5,14,16.9,5.8,9.4,4.3,19.4,14,6.1,24.5,10.1,5.4,13,5,16.9,9.4,7.6,4.3,8.3,9.4,14.4,2.9,9,6.8,,,,,,22.2204,114.2127
2026-10-05T02:00,25.6,27,23.6,25,26.3,26,23.6,27.1,25.2,27.3,24.3,27.1,26.3,23.9,24.8,24.5,26.9,23.9,24.5,26.5,26.4,25.9,25.7,24.2,26.9,26.4,25.9,25.8,26.8,24.2,25.5,26.7,25.2,23.8,27.3,26.6,25.5,27.2,25.5,23.4,76,89,75,73,84,81,77,81,80,85,72,89,88,74,74,72,88,76,76,86,87,88,77,76,86,86,76,81,87,71,84,89,69,77,89,88,77,85,77,75,0.6,0,0.4,0,0.4,2.6,0,0.2,0.2,0,0,0,0.3,2.1,0,1.2,0,0.6,0,0.4,1.2,0.9,0.1,2.2,0,0.4,0.2,0.9,0,0,1.3,0,0.4,0,0.7,0,0.3,0,0.3,0,8.3,2.6,15,11.5,5.6,11.4,20.1,11.2,15,1.1,12.4,3.1,7.7,13.4,14.1,10.1,1.3,11.9,16,8.8,6.5,9.1,12.2,9.4,3.4,4.7,10.1,9.4,3.3,10.5,9,5,17.4,14.8,3.7,9.5,10.8,1.8,14.2,17,,,,,,,,,,,,,,,,,,,,,,,,,,,,,,,,,,,,,,,,,26.9,27.3,27.1,27.9,26.9,27.6,27.4,27.4,26.9,27.6,27.2,26.9,27.3,27.5,27.5,27.4,27.6,27.4,27.3,27.2,27.7,27.2,26.9,27.1,27.6,27.3,27.5,26.7,27.2,27,27.6,79,75,78,75,79,77,77,77,79,76,77,77,76,75,75,77,71,76,79,78,75,76,80,77,75,77,76,82,74,76,74,1.3,3.8,1.8,0,0,3,1.2,2.9,2.1,1.7,2.5,3.6,0.4,1.6,0.4,1.2,0,1.9,1.5,2,0.1,0.5,0.7,0.4,0.6,3.1,0.3,0,1.3,0,2.2,5.2,1.4,8.6,9.7,13.3,4.3,10.2,18.6,12.8,14.7,4.6,8.7,3.5,19.9,13.2,6.9,19.1,8.2,6.3,13,4.6,15.8,8.7,7.6,2.3,3.9,9.2,13,2.6,8.1,5.4,7.9,4.7,10.1,12.6,15.5,6.5,12.6,21.2,14.4,16.9,7.6,11.5,4,25.2,16.2,8.6,24.5,9.4,6.8,14.8,5.8,17.3,9.4,8.3,3.6,7.2,12.6,14.4,4,9.4,9,,,,,,22.2204,114.2127
2026-10-05T03:00,25.1,26.5,23.1,24.5,26,25.3,23.3,26.5,24.7,27.2,23.7,27,26.1,23.6,24.4,23.9,26.6,23.5,24,26,26,25.6,25.1,23.8,26.8,26.4,25.4,24.5,26.5,23.8,24.9,26.5,24.6,23.4,27,25.9,24.9,27.3,24.9,23.1,75,85,76,72,83,79,77,79,79,85,72,90,85,74,74,71,89,75,76,81,85,86,76,76,86,85,75,84,87,71,81,88,68,77,88,84,75,86,75,75,0.5,0,1,0,0,0.3,0,0,0.3,0,0,4.5,0,0.9,0,0,0.7,0.1,0,0.1,0,0.4,0,2,0.2,0.1,0,4.4,0.2,0,0,0.2,0,0,3.6,0,0,0,0,0,8.3,5.9,15.3,11.5,7.4,12.4,19.7,13.1,15.8,1.5,13.5,2.2,8.4,14.1,14.5,11.2,2.1,11.9,15.9,11.3,9.4,9.8,14,10.1,3.9,5.9,11.5,9.9,5.8,11.2,10.4,7.2,17.9,14.8,5.8,12.1,12.3,1.8,15.6,16.9,,,,,,,,,,,,,,,,,,,,,,,,,,,,,,,,,,,,,,,,,27,27.3,27.2,27.8,26.8,27.3,27.5,27.1,26.8,27.5,26.5,26.6,27.3,26.8,27.2,27.3,27.3,27.4,27.3,27.1,27.7,27,27.1,27.2,27.7,26.9,27.4,26.6,27.2,27,27.5,78,75,76,74,79,78,76,79,79,76,81,78,75,78,76,76,70,76,78,78,75,76,78,77,75,79,74,82,74,76,73,2.3,2.7,1.2,0.1,0.2,2.6,0.6,4.5,0.2,1.5,5.2,4.1,0.3,1.1,1.2,1.1,0,1.3,3.3,1.4,1,0.3,0.2,0.6,1,2.7,0.2,0.1,1.1,1.2,0.7,8.2,4,6.7,14.5,13.3,5.2,12.6,17.2,14.2,14.5,9.5,13.4,1.8,23,15.9,11.2,21.5,8.7,3.6,13.1,6.8,16.3,8,6.8,3.8,1.1,13.2,14.8,1.3,8.4,9.8,11.2,7.9,8.3,19.8,15.1,8.6,16.2,21.6,16.6,16.9,12.6,17.6,5,29.2,18.4,14.4,26.6,9,6.8,15.1,9,17.6,8.3,11.2,4,8.3,18.7,15.8,6.1,9.7,13.7,,,,,,22.2204,114.2127
2026-10-05T04:00,24.6,26,22.8,24.2,25.6,24.7,23,25.8,24.2,27.1,23.2,26.8,25.7,23.4,24.2,23.4,26.4,23.3,23.6,25.4,25.4,25.2,24.5,23.5,26.6,26.4,24.9,23,26.3,23.4,24.2,26.2,24,23.2,26.6,25,24.3,27.3,24.4,22.9,75,80,76,73,82,77,77,77,78,86,74,91,82,75,74,73,89,75,76,76,81,83,75,76,86,84,75,89,87,73,78,86,69,78,88,79,73,86,73,75,0.5,0,1,0,0,0.3,0,0,0.3,0,0,4.5,0,0.9,0,0,0.7,0.1,0,0.1,0,0.4,0,2,0.2,0.1,0,4.4,0.2,0,0,0.2,0,0,3.6,0,0,0,0,0,8.3,9.8,15.9,11.2,9.8,12.6,18.9,14.2,15.5,2.2,15.2,4.3,8.3,15.2,14.5,11.9,3.2,11.9,15.5,13.5,12.8,10.2,15.2,11.5,4.3,7,13,9.8,9.4,11.9,11.9,9.4,16,14.8,8.3,14.1,13.7,2.4,15.9,16.9,,,,,,,,,,,,,,,,,,,,,,,,,,,,,,,,,,,,,,,,,27.1,27.4,27.4,27.6,26.7,26.9,27.6,26.5,26.8,27.4,25.7,26.3,27.5,26,26.8,27.3,26.9,27.3,27.4,27,27.7,26.7,27.2,27.5,27.8,26.3,27.3,26.6,27.4,27,27.3,77,75,73,73,79,80,76,82,78,75,87,80,75,82,77,74,70,76,76,78,75,77,76,76,75,82,73,82,73,76,72,2.3,2.7,1.2,0.1,0.2,2.6,0.6,4.5,0.2,1.5,5.2,4.1,0.3,1.1,1.2,1.1,0,1.3,3.3,1.4,1,0.3,0.2,0.6,1,2.7,0.2,0.1,1.1,1.2,0.7,12.2,8.9,4.1,21,13.4,11.3,15.8,18.2,14.9,14.7,16.2,18.1,4,25.4,18.7,16.4,24.1,9.7,2.1,12.9,9.2,16.5,6.8,8.9,5.1,7.2,18.4,17.7,5.1,9.4,16,15.5,13,6.1,28.4,15.1,13,22,21.6,19.8,16.9,19.4,25.6,7.6,32,20.5,21.6,29.9,9.4,6.8,15.1,14,18,6.8,15.5,5,10.8,25.9,18.7,9.4,10.4,19.8,,,,,,22.2204,114.2127
2026-10-05T05:00,24.3,25.4,22.6,24,25.3,24.1,22.9,25.3,23.8,27.1,22.9,26.4,25.4,23.2,24,23.1,26.3,23.2,23.3,24.7,25,24.9,24.1,23.4,26.4,26.3,24.5,22,25.9,23.2,23.6,25.8,23.4,23,26.1,24.3,23.8,27.3,24,22.8,75,76,77,74,80,75,77,76,77,86,75,92,79,75,74,74,89,75,77,73,78,81,75,76,85,83,75,91,85,74,76,83,70,78,87,76,72,85,72,75,0.5,0,1,0,0,0.3,0,0,0.3,0,0,4.5,0,0.9,0,0,0.7,0.1,0,0.1,0,0.4,0,2,0.2,0.1,0,4.4,0.2,0,0,0.2,0,0,3.6,0,0,0,0,0,8.6,12.7,16.7,10.8,11.5,13.7,18.5,15.7,15.4,2.5,16.3,7,8.6,16.3,14.9,12.6,4,12.3,15.1,14.9,15.1,10.9,16.3,12.6,5.4,8,14.2,9.9,12.3,13,13.4,11.6,14.6,14.8,10.5,15.6,14.8,3.6,15.9,17,,,,,,,,,,,,,,,,,,,,,,,,,,,,,,,,,,,,,,,,,27.1,27.3,27.5,27.4,26.6,26.4,27.6,25.8,26.8,27.2,24.8,26,27.6,25.3,26.3,27.2,26.5,27.2,27.4,26.9,27.7,26.6,27.4,27.7,28,25.8,27.2,26.5,27.4,27.1,27.2,76,75,72,71,79,82,75,85,77,75,91,81,74,84,78,73,70,76,75,78,74,77,74,75,75,84,71,82,73,75,71,2.3,2.7,1.2,0.1,0.2,2.6,0.6,4.5,0.2,1.5,5.2,4.1,0.3,1.1,1.2,1.1,0,1.3,3.3,1.4,1,0.3,0.2,0.6,1,2.7,0.2,0.1,1.1,1.2,0.7,15.8,13.6,4.5,26.4,13.9,16.9,18.8,20.1,16.3,14.8,22.1,21.2,7.2,27,20.5,20.3,25.9,8.9,5.7,13.7,12.3,16.6,5.2,13,6.2,12.6,22.3,20,9.1,10,20.8,19.8,16.9,6.5,35.6,15.5,18.4,26.6,22,22.7,17.6,25.9,31.3,10.1,33.8,22.3,27,32.4,9.4,7.9,15.8,19.1,18.7,5.8,19.8,7.2,13.7,31.3,20.9,13,12.2,24.5,,,,,,22.2204,114.2127
2026-10-05T06:00,24.2,24.7,22.5,23.9,24.6,23.9,22.7,25,23.8,27.6,22.8,24.6,25,22.5,23.6,22.9,26.8,22.9,23.4,24.2,24.9,24.5,24,22.9,25.6,25.5,24.2,23.3,25,23,23.5,24.7,23.1,23,24.9,24.7,23.6,26.7,24,22.7,75,79,77,74,77,77,78,78,77,86,75,92,81,74,75,74,87,76,76,82,78,82,76,77,81,80,76,78,77,74,80,79,69,77,86,81,74,77,75,75,0,0,1,0,0,0,0,0,0,0,0.5,7.6,0,1.2,0,0,0,0,0,1.9,0,0.4,0,2.3,0,0,0,1.9,0,0,0,0,0,0,0,0.1,0,0,0,0,10.5,10.5,18.3,11.3,10.5,17.9,21.2,18.5,16.7,1.5,15.7,4.7,10.1,17.7,17.1,13,3.6,13,16.6,14.4,11.7,11.5,16,13.7,8.7,9.9,15.7,12.6,12,13.8,14.1,13.8,18.7,16.3,10.4,14.8,15.8,6.5,14.6,19.4,,,,,,,,,,,,,,,,,,,,,,,,,,,,,,,,,,,,,,,,,26.9,26.9,27.3,27,26.5,25.9,27.3,24.9,26.8,26.9,24,25.7,27.6,25.2,25.6,27,26.1,27.2,27.1,26.8,27.6,26.5,27.6,27.6,28.1,25.4,26.9,26.5,27,27.2,26.9,75,76,73,69,80,84,74,88,75,75,93,81,73,82,80,72,70,75,76,78,72,77,73,73,75,85,70,82,74,74,70,2,1.4,0.6,0,0.5,3.4,0.9,7,0,0.7,7.7,1.7,0.1,0.3,5.4,0.5,0,1.5,0.8,0.8,0.1,0.7,0,0.1,0.1,1.9,0,0.2,0.4,0.8,2,19,16.4,8.8,28.9,14.4,21.8,20.6,21.1,19.1,16,25.2,22,10.2,26.7,21.3,22.1,27,5.3,10.2,15.5,16.2,17.3,3.3,16.9,8,16.2,24.1,21.5,13.3,10.4,21.7,24.8,19.1,11.5,40,15.8,25.6,28.4,23,24.8,19.4,31.3,33.1,13.3,33.5,23.4,28.8,33.8,9,11.5,18,24.5,19.4,5.4,24.1,10.8,17.3,32.4,22.7,17.6,15.5,26.3,,,,,,22.2204,114.2127
2026-10-05T07:00,24.1,24.3,22.5,23.9,24.5,23.6,22.8,24.6,23.6,27.6,22.7,24.1,24.8,22.4,23.6,22.7,26.9,22.9,23.3,23.6,24.7,24.3,23.8,22.8,25.4,25.3,24.1,22.9,24.5,22.9,23.2,24.3,22.7,23.1,24.4,24.2,23.3,26.6,23.8,22.7,75,76,77,74,74,76,78,77,77,86,76,92,78,75,75,75,86,76,77,81,76,80,75,77,79,79,76,77,75,74,78,76,70,77,84,79,73,75,74,76,0,0,1,0,0,0,0,0,0,0,0.5,7.6,0,1.2,0,0,0,0,0,1.9,0,0.4,0,2.3,0,0,0,1.9,0,0,0,0,0,0,0,0.1,0,0,0,0,10.9,12.6,18.7,10.9,12,19.4,21.2,20.4,17,2.1,16.1,6.6,10.8,18.1,17.8,13.4,4.1,13.4,16.6,15.5,12.8,12.3,17.2,14.5,10.5,11.1,16.5,13.3,14.2,14.1,15.2,15.7,18.6,16.7,12.2,15.9,16.9,8.7,14.6,19.8,,,,,,,,,,,,,,,,,,,,,,,,,,,,,,,,,,,,,,,,,26.5,26.4,27,26.5,26.5,25.4,27,23.9,26.8,26.6,23.3,25.6,27.7,25.2,24.8,26.7,25.8,27.2,26.8,26.6,27.5,26.4,27.8,27.4,28.2,25,26.6,26.5,26.5,27.4,26.6,74,77,76,68,80,86,73,92,73,74,93,79,73,79,82,70,69,74,78,77,69,77,72,71,75,86,69,82,76,73,68,2,1.4,0.6,0,0.5,3.4,0.9,7,0,0.7,7.7,1.7,0.1,0.3,5.4,0.5,0,1.5,0.8,0.8,0.1,0.7,0,0.1,0.1,1.9,0,0.2,0.4,0.8,2,22.3,18.4,15.1,30.1,15.2,25.9,22,22,22.3,18.6,27.4,22.7,13.7,25.2,21.2,22.1,27.4,2.4,15.3,17.6,20.5,18,2.6,20.9,10.8,18.8,24.5,22.3,17.3,13.5,21,30.2,20.5,18.7,42.5,16.6,33.5,29.2,24.8,27,21.6,36.4,32.4,17.3,31.7,24.1,28.4,34.9,8.6,16.2,20.5,29.9,20.5,5.4,28.1,14.8,21.6,31.7,24.5,22.3,19.4,26.3,,,,,,22.2204,114.2127
2026-10-05T08:00,24.2,24.1,22.7,23.9,24.5,23.6,23.1,24.4,23.5,27.6,22.7,24,24.8,22.3,23.8,22.8,27.1,23.1,23.4,23.4,24.6,24.3,23.9,22.9,25.4,25.3,24.2,22.8,24.3,23.1,23.2,24.2,22.5,23.3,24.1,23.8,23.3,26.6,23.8,22.9,74,74,77,74,72,74,77,76,76,85,76,91,76,75,74,75,84,75,76,80,74,78,74,77,77,77,75,75,73,74,76,73,70,76,83,78,72,73,73,75,0,0,1,0,0,0,0,0,0,0,0.5,7.6,0,1.2,0,0,0,0,0,1.9,0,0.4,0,2.3,0,0,0,1.9,0,0,0,0,0,0,0,0.1,0,0,0,0,11.6,14.4,19.1,11.3,13.1,20.5,21.3,21.8,17.3,3.3,16.8,8.3,11.5,18.8,18.2,14.1,4.8,13.8,16.9,16.9,14.3,13,17.9,15.2,11.7,12.6,17.4,14,16,14.9,16.3,17.6,18.5,17.1,13.7,16.9,17.7,10.5,15,20.2,,,,,,,,,,,,,,,,,,,,,,,,,,,,,,,,,,,,,,,,,26.1,25.9,26.7,26.4,26.4,25.1,26.8,23.2,26.8,26.4,22.8,25.4,27.8,25.4,24.2,26.6,25.7,27,26.5,26.5,27.6,26.5,27.9,27.4,28.3,24.8,26.4,26.6,26.2,27.6,26.5,73,78,77,66,81,87,72,94,71,73,92,78,72,75,84,69,69,75,80,77,66,76,71,68,74,85,68,81,77,71,67,2,1.4,0.6,0,0.5,3.4,0.9,7,0,0.7,7.7,1.7,0.1,0.3,5.4,0.5,0,1.5,0.8,0.8,0.1,0.7,0,0.1,0.1,1.9,0,0.2,0.4,0.8,2,24.5,19.8,20.2,30.4,15.4,28.9,23,22.9,24.1,20.9,28.4,23.7,16.5,24,21.2,22.1,27.2,6.8,18.7,19.4,23.5,18.9,4.6,23.8,13,20.6,24.5,23.1,20.2,17.6,20.6,33.1,21.6,24.1,43.6,16.9,38.9,29.9,25.9,28.1,23.4,39.2,31.3,20.2,30.6,24.5,28.1,34.6,9.7,20.2,22.3,33.5,21.2,7.2,31.3,17.6,24.8,30.6,25.6,25.6,22.7,26.6,,,,,,22.2204,114.2127
2026-10-05T09:00,24.7,24.3,23.2,24.2,25,23.9,23.7,24.5,23.5,27.5,23.1,24.3,25.2,22.3,24.3,23.2,27.4,23.6,23.7,23.4,24.8,24.5,24.4,23.3,25.8,25.5,24.7,23.2,24.2,23.7,23.8,24.4,22.6,23.8,24.1,23.5,23.6,26.7,24.2,23.2,72,72,76,73,69,72,75,74,75,83,75,88,74,75,72,74,81,73,75,79,72,76,72,76,74,75,73,73,72,73,73,71,70,75,82,77,70,71,71,74,0,0,0.1,0,0,0,0,0,0,0.1,0.2,0.1,0,0.3,0,0,0,0,0,1.1,0,0.2,0,0.2,0,0,0,0,0,0,0,0,0,0,0,0.5,0,0,0,0,12.7,16.2,19.8,12,14.3,21.5,21.7,23.3,18.1,5.8,17.6,10.1,12.6,19.2,18.9,14.9,5.9,14.5,17.7,18.4,15.8,14.1,19.1,16,12.8,14.1,17.8,15.1,17.5,15.6,17.4,18.7,18.8,17.5,15.1,18,18.4,12.4,16.1,20.6,,,,,,,,,,,,,,,,,,,,,,,,,,,,,,,,,,,,,,,,,25.6,25.6,26.5,26.8,26.3,24.9,26.7,22.9,26.7,26.4,22.9,25.1,28,25.5,23.6,26.7,25.9,26.3,26.3,26.3,27.8,26.8,27.9,27.8,28.6,25,26.7,26.6,26.4,27.8,26.7,74,77,76,64,81,85,71,94,70,71,88,77,70,72,87,67,68,79,81,76,64,74,71,65,72,81,67,80,75,69,66,3.1,2.1,2,0,1.3,1.8,1.8,5.9,0,0.5,2.6,0.7,0.2,0,13,0.8,0.2,5.3,1.3,0.7,0,0.8,0.8,0,0,0.5,0,0.2,0.1,0,1.6,24.1,19.8,21.7,30.1,14.9,28.9,23.8,23.1,23.9,21.5,28.5,22.3,17.6,24.3,21.4,22,25.3,12.2,20.3,19.4,24.6,19.7,9.2,26,13.2,21.4,24.3,23.9,20.5,21,22.3,32,22.3,25.9,42.8,15.8,39.2,31,26.3,27.7,23.8,39.2,29.5,20.9,31,24.8,28.4,31.7,14.4,22.7,22.3,33.5,22,11.5,33.1,17.6,26.6,29.9,26.6,25.2,24.8,28.4,,,,,,22.2204,114.2127
2026-10-05T10:00,25.4,24.8,24,24.7,25.9,24.6,24.7,24.9,23.7,27.4,23.7,25,25.8,22.5,25.1,24,28,24.4,24.3,23.7,25.2,25.1,25.3,23.9,26.6,25.8,25.6,23.9,24.3,24.6,24.7,25,22.9,24.5,24.4,23.2,24.4,27,24.8,23.8,70,70,73,71,66,69,72,72,74,80,73,84,71,76,70,71,77,71,72,77,71,74,69,74,71,74,71,70,71,70,70,68,69,72,80,77,68,69,70,72,0,0,0.1,0,0,0,0,0,0,0.1,0.2,0.1,0,0.3,0,0,0,0,0,1.1,0,0.2,0,0.2,0,0,0,0,0,0,0,0,0,0,0,0.5,0,0,0,0,13.8,18.4,20.2,13,15,22.7,22.2,24.4,19.2,9,18.6,12.3,13.8,19.9,19.7,15.6,7.9,15.7,18.4,19.8,17.3,15.9,20.1,16.5,13.7,15.1,17.6,16.6,18.6,16,18.1,19.8,19.2,18.3,16.2,18.9,18.7,14.5,17.2,21,,,,,,,,,,,,,,,,,,,,,,,,,,,,,,,,,,,,,,,,,25.1,25.3,26.3,27.6,26.2,24.9,26.8,22.8,26.7,26.5,23.3,24.9,28.4,25.7,23.2,27.1,26.3,25.4,26.3,26.1,28.2,27.2,27.8,28.4,28.9,25.4,27.2,26.7,26.8,28.1,27.1,75,76,74,62,82,81,69,92,69,69,83,76,69,70,91,65,67,85,82,76,62,72,72,63,70,76,65,79,71,66,65,3.1,2.1,2,0,1.3,1.8,1.8,5.9,0,0.5,2.6,0.7,0.2,0,13,0.8,0.2,5.3,1.3,0.7,0,0.8,0.8,0,0,0.5,0,0.2,0.1,0,1.6,22.7,19.1,21.2,29.3,13.7,27.9,23.9,23.1,22.6,20.8,27.8,20.4,17.8,25,21.5,21.4,23,17.7,20.7,19.1,24.4,20.3,16,27.6,12.6,21.8,24.1,24.7,19.7,23.3,24.8,28.8,22.3,26.3,40.7,14.8,36.4,31.7,26.3,27,23.8,37.8,27,20.9,32.4,24.8,28.8,27.4,20.5,24.1,21.6,31.7,23,17.6,33.5,16.2,27.4,29.2,27.4,22.7,26.6,30.2,,,,,,22.2204,114.2127
2026-10-05T11:00,26.3,25.4,24.9,25.3,27,25.5,25.8,25.3,24,27.2,24.5,25.9,26.6,22.7,26.1,24.9,28.6,25.3,25.1,24.1,25.7,25.8,26.4,24.7,27.5,26.2,26.8,24.8,24.5,25.7,25.9,25.8,23.4,25.4,24.8,23,25.3,27.3,25.6,24.5,67,68,71,69,63,66,69,70,73,76,70,79,69,77,67,69,73,68,70,76,69,72,65,72,67,72,68,66,71,68,66,66,68,70,78,77,66,68,68,70,0,0,0.1,0,0,0,0,0,0,0.1,0.2,0.1,0,0.3,0,0,0,0,0,1.1,0,0.2,0,0.2,0,0,0,0,0,0,0,0,0,0,0,0.5,0,0,0,0,15,20.2,20.9,14.1,16,23.4,22.6,25.5,20.6,13,19.4,14.5,14.9,20.3,20.1,16.4,10.2,17.3,19.5,21.3,18.8,17.3,21.3,16.9,14.8,16.5,17.6,18.4,19.7,16.9,18.9,20.5,19.9,18.8,17.3,20.3,19,16.7,19.1,21.1,,,,,,,,,,,,,,,,,,,,,,,,,,,,,,,,,,,,,,,,,24.9,25.1,26.2,28.2,26.2,25.1,27,22.8,26.8,26.6,23.7,24.9,28.8,26,22.9,27.4,26.6,24.7,26.2,26,28.6,27.6,27.6,28.9,29.1,25.8,27.6,26.9,27.2,28.4,27.5,76,75,73,60,81,78,68,90,68,68,79,75,67,68,93,64,67,89,82,75,61,70,73,61,68,72,64,78,68,64,64,3.1,2.1,2,0,1.3,1.8,1.8,5.9,0,0.5,2.6,0.7,0.2,0,13,0.8,0.2,5.3,1.3,0.7,0,0.8,0.8,0,0,0.5,0,0.2,0.1,0,1.6,21.1,18.8,20,28.6,13.4,26.8,24.1,23.5,21.3,20.5,27.4,20.4,18.3,26.1,21.1,21.3,21.6,21.7,21.1,18.9,24.4,20.4,20.7,28,12.4,21.9,24.5,24.4,19.4,25.3,26.6,25.9,22.7,25.6,38.9,14.8,33.8,32,26.6,25.9,23.8,36,25.9,21.2,33.8,24.5,28.8,24.5,25.2,25.2,21.2,30.2,23.4,21.6,33.5,15.1,28.4,29.2,27,21.6,28.1,31,,,,,,22.2204,114.2127
2026-10-05T12:00,27.2,26.1,25.8,25.9,28.1,26.4,26.9,25.8,24.3,27,25.2,26.9,27.4,23,27,25.9,29.2,26.2,25.8,24.6,26.3,26.4,27.4,25.4,28.3,26.6,27.9,25.7,24.7,26.7,27,26.5,23.8,26.3,25.2,22.9,26.1,27.6,26.3,25.2,64,66,68,67,60,64,66,67,71,73,68,73,67,78,64,66,69,65,68,74,68,69,62,70,64,70,65,63,70,65,62,64,67,68,76,77,63,66,65,67,0,0,0.1,0,0,0,0,0,0,0.1,0.2,0.1,0,0.3,0,0,0,0,0,1.1,0,0.2,0,0.2,0,0,0,0,0,0,0,0,0,0,0,0.5,0,0,0,0,16.5,21.7,21.3,15.2,16.8,24.1,23.1,26.2,21.7,16.7,20.5,16.8,16,20.4,20.8,17.1,12.3,18.5,20.3,22.4,19.9,19.2,22.3,17.7,15.3,17.9,17.3,19.5,20.7,17.3,19.7,21.3,20.3,19.6,18.4,21,18.9,18.8,20.5,21.5,,,,,,,,,,,,,,,,,,,,,,,,,,,,,,,,,,,,,,,,,25.1,25.2,25.9,28.7,26.2,25.4,27.4,22.8,27.2,26.5,24.1,25.3,29.2,26.7,23,27.8,26.5,24.4,26,25.9,29,27.7,27.4,29.4,29.2,26,27.8,27.2,27.3,28.6,27.8,75,74,73,59,79,75,68,88,68,68,76,72,66,66,92,64,68,90,82,74,61,70,73,61,68,70,64,77,67,63,64,1.3,1.5,1.7,0,0.8,0.1,0.4,1.2,0.4,0.2,0.3,0.1,0.1,0,1.7,0.2,0.5,7.8,0.8,0.4,0,0.6,0.5,0,0,0.4,0,0.4,0.2,0,0.4,20.2,19.4,18.9,28.4,14.6,25.7,24.4,24.2,20.5,20.5,27.2,21.5,20,28.1,20.1,21.4,21.8,22.6,20.4,19.2,24.1,19.8,20.8,26.1,13.3,22.6,26.1,22.8,20.5,26.3,25.5,24.8,23.4,23.8,37.4,17.6,31.7,31.3,28.1,24.8,24.1,34.9,27.7,23.8,35.6,23.8,28.8,24.1,25.9,24.8,22,29.9,23,22,32.4,15.1,29.9,30.6,24.8,23.4,29.2,29.5,,,,,,22.2204,114.2127
2026-10-05T13:00,27.8,26.6,26.5,26.3,28.8,27,27.8,26.2,24.4,26.7,25.8,27.6,28,23.2,27.7,26.6,29.6,26.9,26.3,24.9,26.7,26.9,28.3,26.1,29,26.9,28.7,26.4,24.8,27.5,27.9,27.1,24.2,26.9,25.5,22.8,26.8,27.8,26.9,25.7,62,65,66,66,58,62,63,65,71,70,66,69,65,78,61,64,65,63,66,73,67,68,60,68,61,69,62,60,70,63,59,63,67,66,75,77,62,65,64,65,0,0,0.1,0,0,0,0,0,0,0.1,0.2,0.1,0,0.3,0,0,0,0,0,1.1,0,0.2,0,0.2,0,0,0,0,0,0,0,0,0,0,0,0.5,0,0,0,0,17.2,23.3,21.7,16.3,17.1,24.8,23.6,26.9,22.8,20,21.3,18.6,16.8,20.8,21.2,17.5,14.8,19.4,21.1,23.5,21,20.3,23,17.8,16.1,18.9,17,20.9,21,17.7,20.4,21.7,20.7,20,19.2,21.7,19.2,20.3,22,21.2,,,,,,,,,,,,,,,,,,,,,,,,,,,,,,,,,,,,,,,,,25.6,25.4,25.6,29.1,26.3,25.9,27.9,22.8,27.8,26.4,24.6,25.8,29.5,27.5,23.2,28.2,26.3,24.3,25.8,25.9,29.5,27.8,27.2,29.8,29.3,26.3,27.9,27.5,27.4,28.7,28.1,74,72,74,60,77,72,68,85,69,68,75,69,65,64,90,64,69,90,82,74,62,71,73,62,68,68,65,75,68,62,65,1.3,1.5,1.7,0,0.8,0.1,0.4,1.2,0.4,0.2,0.3,0.1,0.1,0,1.7,0.2,0.5,7.8,0.8,0.4,0,0.6,0.5,0,0,0.4,0,0.4,0.2,0,0.4,19.2,20.8,17.3,28.2,18.1,24.5,25,25.2,20.2,20.2,26.6,23.8,22.4,30.6,19,22.1,23.2,22.1,19,20.2,24.1,19.1,19,22.8,14.8,23.2,27.9,20,22.2,26.6,22.9,24.5,24.5,20.9,36,22.3,29.2,30.2,29.9,24.1,24.5,33.5,30.6,26.6,38.2,22.7,28.4,25.2,25.2,23.8,23.4,29.9,22.3,20.2,30.2,15.8,31.3,32.8,21.2,26.6,29.9,27,,,,,,22.2204,114.2127
2026-10-05T14:00,28.1,26.8,26.8,26.5,29.1,27.3,28.1,26.3,24.5,26.4,26,27.9,28.3,23.2,28,26.9,29.6,27.2,26.5,25.1,26.8,27,28.6,26.4,29.2,27,29.1,26.7,24.8,27.9,28.2,27.4,24.3,27.2,25.7,22.7,27.1,27.8,27.1,26,61,64,65,65,57,61,62,64,70,68,65,66,64,78,60,63,63,62,65,72,67,67,58,66,60,68,61,59,70,62,58,62,67,65,74,77,61,64,62,64,0,0,0.1,0,0,0,0,0,0,0.1,0.2,0.1,0,0.3,0,0,0,0,0,1.1,0,0.2,0,0.2,0,0,0,0,0,0,0,0,0,0,0,0.5,0,0,0,0,17.9,24.1,22,17,17.5,25.2,24,27.3,23.2,22.6,21.6,19.8,17.5,20.8,21.5,17.9,16.4,20.2,21.8,24.3,21.7,21.4,23.7,18.3,16.9,19.7,17,21.6,21.4,17.8,20.8,22,20.7,20.4,19.7,22,19.2,21.3,22.8,21.2,,,,,,,,,,,,,,,,,,,,,,,,,,,,,,,,,,,,,,,,,26.1,25.7,25.5,29.3,26.3,26.1,28.3,22.9,28.3,26.4,25.1,26.2,29.8,28,23.4,28.6,26.3,24.3,25.7,25.8,29.8,27.6,27.1,30,29.3,26.5,28,27.7,27.4,28.7,28.4,72,71,75,60,75,70,68,83,69,68,73,67,64,63,88,64,69,89,81,73,63,73,72,63,68,67,66,74,68,62,66,1.3,1.5,1.7,0,0.8,0.1,0.4,1.2,0.4,0.2,0.3,0.1,0.1,0,1.7,0.2,0.5,7.8,0.8,0.4,0,0.6,0.5,0,0,0.4,0,0.4,0.2,0,0.4,19,21.9,16.1,28.3,20.9,24.4,25,26.7,20.9,20.3,26.4,25.6,24.5,32.3,18.4,22.5,23.6,21.9,18.7,20.9,23.8,19.1,17.6,21.3,15.9,23.7,29.6,17.1,23.7,27.3,21.7,24.5,25.6,19.4,34.9,25.9,28.4,29.2,32.8,24.5,24.5,32.8,33.1,29.2,39.6,22.3,28.8,25.9,24.8,23.4,24.8,29.9,22.3,19.1,29.5,16.9,32.4,34.6,18.4,28.8,31,25.2,,,,,,22.2204,114.2127
2026-10-05T15:00,28,26.6,26.6,26.3,28.8,27,27.9,26.1,24.3,26,25.8,27.8,28.2,23.2,27.8,26.7,29.3,27.1,26.3,25,26.6,26.7,28.4,26.5,29,26.9,29,26.5,24.7,27.8,27.9,27.3,24.2,27,25.6,22.7,27,27.6,26.9,25.9,61,64,65,65,57,62,62,64,70,67,65,65,64,78,60,63,62,62,65,72,67,67,58,65,60,68,61,59,70,62,59,62,68,65,73,77,61,64,61,63,0,0,0,0,0,0,0,0,0,0,0.1,0,0,0,0,0,0,0,0,0,0,0,0,0,0,0,0,0,0,0,0,0,0,0,0,0.3,0,0,0,0,18.3,24.5,22,17.4,17.5,25.5,24,27.4,23.2,24.1,22,20.6,17.9,20.8,21.5,18,17.5,20.2,22.2,24.6,22.1,22.1,24.1,18.6,17.6,20,17.3,22,21.4,17.8,21.2,22,20.7,20.8,19.7,21.6,19.2,21.7,23.2,20.9,,,,,,,,,,,,,,,,,,,,,,,,,,,,,,,,,,,,,,,,,26.6,26.2,25.8,29.4,26.2,25.9,28.5,23,28.5,26.4,25.6,26.4,29.8,28.1,23.4,28.9,26.5,24.7,25.7,25.8,29.9,27,27,29.9,29.3,26.8,27.9,27.8,27.3,28.5,28.6,71,70,74,61,73,69,68,81,69,68,71,67,65,63,86,64,68,87,80,72,64,76,71,63,67,66,66,73,68,63,66,0.2,0.3,0.1,0,0.2,0,0,0.8,0,0,0.1,0,0.1,0,0.5,0,0.3,0.6,0.5,0.2,0,6.7,0.2,0,0,0,0,0.7,0.4,0,0,18.9,22.9,15,28,22.3,25.9,23.6,28.1,22.7,20,26.8,26.7,24.8,32.9,19.1,23.2,21.8,22,19.5,21.7,23,19.3,16.9,23,16.3,24.2,31,14.2,24.7,29.4,21.2,24.1,27,19.4,33.8,27.7,30.2,27.4,37.1,27,24.1,32.4,34.2,29.9,40,23,29.9,24.5,25.6,24.8,27,29.2,22.7,18.7,31,17.6,32,35.3,15.8,29.2,33.5,25.2,,,,,,22.2204,114.2127
2026-10-05T16:00,27.5,26.2,26.1,25.9,28.1,26.5,27.3,25.7,24,25.5,25.3,27.4,27.8,23,27.2,26.2,28.6,26.7,25.9,24.8,26.1,26.1,27.9,26.5,28.4,26.6,28.5,26,24.5,27.3,27.2,26.9,23.8,26.5,25.4,22.9,26.6,27.3,26.4,25.7,62,65,66,66,59,64,64,65,70,67,66,65,65,77,61,65,62,63,66,72,68,68,59,64,61,68,62,60,70,64,60,62,69,67,73,76,63,63,60,63,0,0,0,0,0,0,0,0,0,0,0.1,0,0,0,0,0,0,0,0,0,0,0,0,0,0,0,0,0,0,0,0,0,0,0,0,0.3,0,0,0,0,18.3,24.1,22,18.1,17.1,25.5,24,27.1,23.2,24.9,22.3,21,17.9,20.8,21.9,18.4,18.6,20.1,22.6,24.6,21.8,22.5,24.1,18.6,18.3,20.4,18.3,22.1,20.7,17.9,21.2,22,20.8,21.6,19.4,21,19.7,21.8,23.6,20.2,,,,,,,,,,,,,,,,,,,,,,,,,,,,,,,,,,,,,,,,,27.2,26.8,26.4,29.3,26.1,25.4,28.5,23.2,28.6,26.5,26.1,26.5,29.8,28,23.5,29.1,26.8,25.2,25.8,25.8,29.8,26.2,27.1,29.7,29.3,27.1,27.8,27.7,27.1,28.2,28.8,70,68,73,62,71,70,69,78,68,69,69,69,66,63,85,63,67,84,80,71,65,80,71,64,67,66,66,73,69,65,65,0.2,0.3,0.1,0,0.2,0,0,0.8,0,0,0.1,0,0.1,0,0.5,0,0.3,0.6,0.5,0.2,0,6.7,0.2,0,0,0,0,0.7,0.4,0,0,19.2,24.2,14.5,27.3,22.8,27.8,21.7,30.3,25.5,19.5,27.6,28.1,24.4,33.2,20.2,24.3,19.7,22.8,20.9,22.4,22.4,19.6,16.3,26,16.3,25,31.7,11.5,25.3,31.5,21.1,24.1,28.8,20.5,32.8,28.8,33.8,25.6,42.1,30.6,23.4,32.4,34.6,29.9,40,24.1,31,22.7,27,27,29.2,28.8,23.8,18.4,33.1,19.1,31,35.6,13.7,28.4,36.4,25.9,,,,,,22.2204,114.2127
2026-10-05T17:00,26.7,25.7,25.4,25.4,27,25.7,26.5,25.3,23.6,24.9,24.7,26.8,27.3,22.8,26.4,25.5,27.8,26.1,25.2,24.4,25.6,25.3,27.1,26.3,27.6,26.1,27.8,25.3,24.2,26.6,26.1,26.4,23.4,25.7,25.1,23,26,26.9,25.7,25.3,64,66,68,68,61,66,66,66,71,68,67,65,66,76,63,67,63,65,68,73,69,69,61,63,63,68,64,62,70,66,63,63,71,68,73,76,64,64,60,64,0,0,0,0,0,0,0,0,0,0,0.1,0,0,0,0,0,0,0,0,0,0,0,0,0,0,0,0,0,0,0,0,0,0,0,0,0.3,0,0,0,0,17.9,23.4,22,18.2,16.8,25.2,23.9,26.8,22.8,25.2,22.3,21.1,17.6,20.8,21.9,18.1,19.1,19.6,22.6,24.6,21.5,22.6,23.7,18.6,18.9,20.4,19.1,22.1,20,17.6,20.9,22,20.8,21.8,19.1,19.9,19.7,21.5,23.6,19.5,,,,,,,,,,,,,,,,,,,,,,,,,,,,,,,,,,,,,,,,,27.5,27.2,26.8,29,26,25,28.4,23.5,28.6,26.6,26.2,26.5,29.6,27.8,23.6,29,27,25.5,25.9,25.6,29.6,25.6,27.1,29.3,29.2,27.2,27.6,27.7,26.8,27.8,28.7,69,67,72,63,70,70,69,76,68,69,68,70,66,64,83,63,66,81,79,71,65,82,70,64,66,66,65,73,69,66,65,0.2,0.3,0.1,0,0.2,0,0,0.8,0,0,0.1,0,0.1,0,0.5,0,0.3,0.6,0.5,0.2,0,6.7,0.2,0,0,0,0,0.7,0.4,0,0,20.6,25.8,15.5,27.7,23.9,29.3,21.4,31.9,27.8,19.6,28.4,29.5,25.1,33.5,20.9,26.2,18.8,24.1,21.6,23.2,23.2,20.5,16.7,29.4,17.5,26.2,32.4,10.7,25.9,33.3,22.5,25.6,30.2,23,33.5,29.9,36.4,25.6,46.1,33.5,23.4,32.4,35.6,31.3,40,25.2,33.5,22.7,29.5,28.4,31,29.9,25.9,19.4,36,21.6,30.6,36,13,28.1,38.9,28.4,,,,,,22.2204,114.2127
2026-10-05T18:00,26,25.1,24.7,24.7,25.9,24.8,25.5,24.7,23.2,24.3,23.9,26.2,26.7,22.6,25.5,24.7,26.8,25.4,24.5,24.1,24.9,24.5,26.2,26,26.7,25.7,26.9,24.5,24,25.8,25,25.8,22.9,24.9,24.8,23.2,25.3,26.4,24.9,24.8,66,68,70,69,64,69,68,67,71,69,68,66,67,75,64,69,64,67,69,73,70,71,63,62,65,68,66,64,70,68,66,64,72,70,74,75,66,64,59,64,0,0,0,0,0,0,0,0,0,0,0.1,0,0,0,0,0,0,0,0,0,0,0,0,0,0,0,0,0,0,0,0,0,0,0,0,0.3,0,0,0,0,17.6,22.4,21.5,18.6,16.3,24.8,23.8,26.2,22.1,25.2,22.3,20.9,17.2,20.7,21.5,18.2,19.3,19.1,22.6,24.3,20.8,22.6,23.4,18.5,19.6,20.4,20.1,21.8,19.3,17.2,20.9,21.7,20.5,22.2,18.4,18.9,19.8,20.9,23.2,18.7,,,,,,,,,,,,,,,,,,,,,,,,,,,,,,,,,,,,,,,,,27.4,27,27.1,28.5,25.7,24.8,28.1,23.8,28.2,26.5,25.8,26.6,29.3,27.4,23.7,28.5,27.1,25.6,26.1,25.2,29,25.3,27.1,28.8,29,26.9,27.2,27.7,26.3,27.4,28.2,68,67,71,64,71,70,69,73,67,69,68,69,65,64,80,63,66,78,78,71,65,82,69,64,66,66,64,73,69,66,65,0,0,0,0,0.6,0,0.1,0.2,0,0,0,0,0.1,0,0.1,0,0,0,0,0,0,2.6,0,0,0,0,0,0,0,0,0,25,26.8,20.1,30.6,25.7,29.9,24.4,33.8,29.5,20,28.9,31.7,29,34.5,21.6,30.7,21,27.4,21.1,24.9,27.8,23.5,18.1,32.4,21.3,27.4,32.8,11.9,26.5,34.3,26.9,30.6,31.3,28.1,36.7,31.7,37.1,29.2,48.2,35.3,24.1,33.1,38.9,36.7,41,25.9,38.2,26.3,34.6,28.4,32.4,34.6,30.6,22.3,39.2,27.4,31.3,36.7,14.8,29.5,40.7,33.5,,,,,,22.2204,114.2127
2026-10-05T19:00,25.2,24.5,23.9,24.2,24.9,24.1,24.6,24.3,22.9,23.8,23.2,25.5,26.1,22.4,24.6,24,26,24.7,23.8,23.7,24.4,23.8,25.3,25.7,25.8,25.2,26.1,23.8,23.7,25.1,24,25.2,22.4,24.1,24.4,23.3,24.6,25.9,24.2,24.4,68,69,71,70,66,71,70,68,72,69,69,67,68,74,65,71,65,68,71,74,71,72,64,61,67,68,67,66,71,70,69,65,73,72,74,75,68,65,59,64,0,0,0,0,0,0,0,0,0,0,0.1,0,0,0,0,0,0,0,0,0,0,0,0,0,0,0,0,0,0,0,0,0,0,0,0,0.3,0,0,0,0,16.8,21.7,21.1,18.2,15.6,24.4,23.4,25.6,21.7,24.9,21.9,20.5,16.8,20.4,21.1,17.8,19.6,18.4,22.2,23.5,20,22.6,23,18.4,19.5,20.1,20.4,21.4,18.2,16.4,20.5,21.3,19.8,22.1,18.1,17.5,19.4,20.3,22.5,17.9,,,,,,,,,,,,,,,,,,,,,,,,,,,,,,,,,,,,,,,,,27,26.4,27.2,27.7,25.3,24.7,27.7,24.1,27.7,26.3,24.9,26.7,28.8,26.9,23.9,27.8,27.1,25.6,26.2,24.7,28.1,25.1,27,28.1,28.7,26.4,26.7,27.7,25.8,26.9,27.5,68,67,69,64,73,70,68,69,66,68,68,68,63,65,77,63,66,74,76,71,64,81,68,64,66,67,63,73,68,66,64,0,0,0,0,0.6,0,0.1,0.2,0,0,0,0,0.1,0,0.1,0,0,0,0,0,0,2.6,0,0,0,0,0,0,0,0,0,31.4,27.3,26.6,34.8,27.3,30.2,30,35.1,30.7,21.3,29.4,34.8,34.9,35.8,22,36.3,24.7,31.9,19.8,26.6,34.6,28.4,20.2,35.2,26.8,28.5,32.4,14.2,27.7,34.9,33.4,37.1,32,34.2,41.8,33.8,37.1,34.9,49,36.4,25.6,34.2,42.8,43.6,42.8,26.3,43.6,32,40.3,27.7,33.1,41,36.4,26.3,42.8,34.2,32,37.8,18,31.3,41.8,40,,,,,,22.2204,114.2127
2026-10-05T20:00,24.6,24.1,23.4,23.8,24.1,23.5,23.9,23.9,22.6,23.3,22.7,24.9,25.6,22.2,24,23.4,25.3,24.2,23.3,23.3,23.9,23.2,24.6,25.4,25.2,24.8,25.4,23.3,23.5,24.5,23.3,24.7,22.1,23.5,24.1,23.3,24,25.5,23.6,24,69,69,72,71,67,72,71,67,72,69,70,68,69,72,65,72,66,69,72,74,71,73,64,59,68,68,68,67,71,71,71,66,74,73,74,74,69,65,58,63,0,0,0,0,0,0,0,0,0,0,0.1,0,0,0,0,0,0,0,0,0,0,0,0,0,0,0,0,0,0,0,0,0,0,0,0,0.3,0,0,0,0,16,20.5,20.4,17.9,14.9,24.1,22.9,24.4,21,24.5,21.5,19.7,16,20,20.7,17,19.1,17.5,21.8,22.8,18.9,21.8,22.3,18,19.1,19.7,20.3,20.7,17.1,15.6,19.8,20.5,19.1,21.7,17.4,16.8,19.1,19.6,21.7,17.1,,,,,,,,,,,,,,,,,,,,,,,,,,,,,,,,,,,,,,,,,26.6,25.9,27.2,27.1,25,24.5,27.2,24.3,27.2,26.1,24.3,26.6,28.3,26.5,24.1,27.2,27,25.5,26.2,24.3,27.4,25,26.8,27.4,28.5,26,26.2,27.6,25.3,26.5,26.9,67,67,68,64,74,70,68,67,66,68,68,67,62,65,74,63,66,72,76,72,63,80,68,64,66,67,62,73,67,66,64,0,0,0,0,0.6,0,0.1,0.2,0,0,0,0,0.1,0,0.1,0,0,0,0,0,0,2.6,0,0,0,0,0,0,0,0,0,35.6,28.2,31.6,39.2,28.2,30.2,34.2,35.2,30.6,21.7,29.2,37,38.7,36,22,39.1,27.8,34.2,18.6,27.3,39,31.6,22.4,36.9,30.5,29,31.9,16.6,27.6,34.4,37.5,41,32.4,38.9,46.1,34.2,36.7,38.9,47.9,36,26.3,34.2,45.7,47.9,43.2,26.3,46.4,36,43.6,26.6,32.8,45.4,40,29.5,45,38.9,32.8,37.8,21.6,31.7,41.8,44.3,,,,,,22.2204,114.2127
2026-10-05T21:00,24.2,23.7,23,23.5,23.5,23.1,23.3,23.6,22.4,23,22.3,24.4,25.2,22.1,23.5,23.1,24.8,23.7,22.9,23,23.6,22.8,24,25,24.7,24.4,24.8,23,23.3,24.2,22.9,24.2,21.9,23.1,23.7,23.2,23.6,25.1,23.2,23.6,70,68,72,71,67,71,71,65,72,68,70,69,70,70,63,73,67,69,73,74,70,73,63,57,69,67,68,67,71,71,72,66,74,73,74,73,69,66,57,61,0,0,0,0,0,0,0,0,0,0,0,0,0,0,0,0,0,0,0,0,0,0,0,0,0,0,0,0,0,0,0,0,0,0,0,0,0,0,0,0,14.9,19.4,19.6,16.8,14.1,23.3,22,22.9,20.3,23.4,20.7,18.5,15.3,19.2,20,15.8,18.2,16.7,21,21.7,17.3,20.7,21.5,17.6,17.9,18.9,19.5,19.6,15.9,14.4,18.6,19.8,17.5,20.8,16.9,16,18.3,18.4,20.5,16.2,,,,,,,,,,,,,,,,,,,,,,,,,,,,,,,,,,,,,,,,,26.1,25.5,27,26.6,24.7,24.4,26.7,24.3,26.7,25.8,24.2,26.4,27.6,26.3,24.1,26.8,26.6,25.3,25.9,23.9,26.8,24.7,26.4,26.9,28.2,25.6,25.9,27.2,24.9,26.2,26.3,67,67,67,63,74,69,68,66,66,68,68,66,62,64,72,62,66,71,78,74,63,79,69,64,66,67,60,72,66,66,64,0,0,0,0,0.3,0,0,0.2,0,0,0,0,0,0,0,0,0,0,0.2,0.1,0,1.2,0.7,0,0,0,0,0.9,0.2,0.1,0,35.1,28.1,33.4,42,26.9,29.5,34.3,33.3,28.5,21.9,27.4,37.5,37.5,34.3,21.7,36.8,29.3,32.8,18,26,38.6,31.4,24.2,37.1,30.5,28.4,30.8,19.6,25,32.6,37.4,40.7,32.4,41,50,32.4,35.6,40,43.9,33.1,26.3,32,47.5,47.2,41.8,25.6,43.6,37.1,41.8,24.5,30.6,46.1,39.2,31.3,45.4,38.9,32.8,36.7,25.6,28.8,39.2,44.6,,,,,,22.2204,114.2127
2026-10-05T22:00,23.8,23.3,22.6,23.3,23,22.8,22.7,23.4,22.2,22.6,22,23.9,24.8,21.9,23.1,22.8,24.3,23.3,22.5,22.6,23.4,22.4,23.4,24.5,24.2,24,24.2,22.8,23.1,24,22.6,23.8,21.8,22.6,23.4,23,23.1,24.6,22.9,23.3,70,67,72,71,66,69,71,61,72,66,71,70,70,67,61,73,67,68,73,74,68,73,60,53,70,66,67,68,72,71,73,66,74,73,74,72,70,66,55,59,0,0,0,0,0,0,0,0,0,0,0,0,0,0,0,0,0,0,0,0,0,0,0,0,0,0,0,0,0,0,0,0,0,0,0,0,0,0,0,0,13,18.3,18.4,15.2,13,22.6,21.1,20.9,19.9,21.9,19.2,16.9,14.1,18.1,18.8,14.6,16.7,15.5,19.6,19.8,15.3,19.2,20.3,16.8,15.6,17.9,17.9,18.5,14.1,12.8,17.4,18.6,15.6,19.6,16,15.3,16.7,17.3,18.6,15.3,,,,,,,,,,,,,,,,,,,,,,,,,,,,,,,,,,,,,,,,,25.6,25,26.7,26.1,24.6,24.4,26.2,24.1,26.2,25.5,24.2,26.1,26.8,26.1,24.1,26.5,26.1,25,25.4,23.7,26.2,24.4,25.9,26.5,27.8,25.4,25.5,26.8,24.5,25.9,25.7,66,68,66,62,72,69,67,66,67,67,68,65,63,64,70,60,66,71,81,75,63,79,69,63,65,66,58,70,65,65,64,0,0,0,0,0.3,0,0,0.2,0,0,0,0,0,0,0,0,0,0,0.2,0.1,0,1.2,0.7,0,0,0,0,0.9,0.2,0.1,0,32.3,27,33.8,44.4,24.4,28.5,32.1,29.9,24.7,21.8,24.6,37.1,33.7,31.9,21.3,31.8,29.7,29.5,17.8,23.3,35.8,29.1,26,35.8,28.7,27.1,29,23.3,21,29.8,34.8,38.2,31.7,41.8,53.3,28.8,34.2,39.2,37.8,28.4,25.6,28.4,47.9,44.3,39.2,24.5,38.2,36.7,37.1,22.3,27,44.6,36.7,32,44.6,36.4,32.4,34.6,29.9,24.1,35.3,43.2,,,,,,22.2204,114.2127
2026-10-05T23:00,23.4,23,22.3,23.1,22.5,22.6,22.2,23.1,22.1,22.4,21.7,23.4,24.5,21.7,22.8,22.6,23.9,22.8,22.3,22.2,23.2,22.2,22.9,23.9,23.8,23.6,23.6,22.6,23,23.8,22.4,23.3,21.7,22.2,23,22.8,22.6,24.1,22.7,23,71,65,71,71,65,67,70,57,72,63,71,71,70,64,58,74,68,67,73,73,66,73,58,50,71,65,66,68,72,71,73,66,73,73,74,71,69,67,53,56,0,0,0,0,0,0,0,0,0,0,0,0,0,0,0,0,0,0,0,0,0,0,0,0,0,0,0,0,0,0,0,0,0,0,0,0,0,0,0,0,11.5,16.8,17.3,13.7,11.9,21.4,20.3,18.9,19.2,20.1,18.1,15.3,12.6,16.6,17.3,13,14.8,14.4,18.4,17.6,13.4,17.3,19.2,15.6,13.3,16.7,16,17,12.6,11.3,15.9,17.1,13.3,18.1,15.2,14.8,15.2,15.7,16.8,14.5,,,,,,,,,,,,,,,,,,,,,,,,,,,,,,,,,,,,,,,,,25.1,24.7,26.4,25.7,24.4,24.3,25.7,23.9,25.9,25.2,24.2,25.8,26.1,25.9,24.1,26.1,25.7,24.8,25,23.4,25.8,24.1,25.4,26.1,27.5,25.2,25.2,26.3,24.2,25.6,25.2,66,68,66,60,71,68,67,66,67,67,68,64,64,63,68,58,65,71,83,77,63,78,70,63,65,66,56,69,65,66,64,0,0,0,0,0.3,0,0,0.2,0,0,0,0,0,0,0,0,0,0,0.2,0.1,0,1.2,0.7,0,0,0,0,0.9,0.2,0.1,0,29.2,25.9,32.9,44.5,22,27.2,29.5,26.8,21.6,21.5,22,35.4,30.5,29,20.8,27.9,29.7,25.8,19.1,21.1,33,27.2,26.3,34.5,26.8,25.2,27.3,26.3,17.8,27.4,32.3,34.9,30.6,40.7,54.4,25.6,32.4,37.1,32,24.5,24.8,25.2,46.4,40.7,36,23.4,33.5,35.6,32.4,22,24.1,42.5,33.8,31.7,42.8,33.8,31,32.4,32.8,20.5,32.4,40.7,,,,,,22.2204,114.2127
2026-10-06T00:00,23.1,22.6,22,22.9,22.1,22.4,21.7,23,22,22.1,21.5,22.9,24.1,21.5,22.5,22.4,23.5,22.4,22,21.8,23.1,22,22.4,23.4,23.5,23.2,23.1,22.4,22.8,23.6,22.3,22.9,21.7,21.9,22.6,22.5,22.2,23.7,22.4,22.6,71,64,71,71,64,64,69,53,71,61,71,72,71,61,55,74,68,66,73,73,64,73,55,47,72,64,65,67,73,71,73,66,72,73,74,70,69,68,51,54,0,0,0,0,0,0,0,0,0,0,0,0,0,0,0,0,0,0,0,0,0,0,0,0,0,0,0,0,0,0,0,0,0,0,0,0,0,0,0,0,9.8,15.6,15.8,11.9,11.2,20.7,19.1,17,18.4,18.2,16.6,13.4,11.5,15.1,16.2,11.5,13,13.3,16.9,15.9,11.2,15.8,18.1,14.8,11.2,15.6,14.1,15.5,10.9,9.7,14.4,15.5,11.5,16.2,14.8,14.4,13.7,14.2,14.5,14,,,,,,,,,,,,,,,,,,,,,,,,,,,,,,,,,,,,,,,,,24.9,24.5,26.1,25.5,24.4,24.2,25.5,23.8,25.6,25,24.2,25.5,25.7,25.7,24,25.7,25.2,24.7,24.7,23.2,25.5,24,25.2,25.6,27.3,25.1,25,25.9,23.7,25.2,24.9,66,68,66,58,70,68,67,66,67,66,67,64,64,63,67,57,64,70,84,78,62,76,70,63,64,66,55,69,65,69,62,0,0,0,0,0,0,0,0.1,0,0,0,0,0,0,0,0,0,0,0.3,0.3,0,0.2,0.7,0,0,0,0,0.6,0.4,0.2,0,26.1,24.3,30,41.9,19.2,25.8,26.6,23.4,19.8,20.7,19.7,31.8,28.6,26.2,20.2,26.2,28.5,22.6,22.2,19.5,30.9,26,25,32.4,25.1,22.8,25.9,27.1,16.8,26,30,31,28.4,37.1,51.1,22.3,30.2,32.8,27,22.3,23.4,22.7,41,37.4,32,22.7,31.3,33.8,27.7,25.6,22,39.6,31.7,29.5,40,32,27.7,30.6,33.1,18.7,32,37.8,,,,,,22.2204,114.2127
2026-10-06T01:00,22.8,22.3,21.7,22.8,21.8,22.3,21.3,22.8,21.9,21.9,21.2,22.6,23.8,21.4,22.3,22.3,23.2,22.1,21.8,21.5,22.9,21.8,22,22.9,23.2,22.9,22.6,22.3,22.7,23.5,22.2,22.6,21.6,21.6,22.3,22.3,21.9,23.4,22.2,22.3,71,62,70,70,63,62,68,50,71,59,71,72,71,58,52,74,69,65,73,72,61,72,52,45,73,63,65,67,74,70,73,66,72,72,74,69,69,68,50,51,0,0,0,0,0,0,0,0,0,0,0,0,0,0,0,0,0,0,0,0,0,0,0,0,0,0,0,0,0,0,0,0,0,0,0,0,0,0,0,0,8.6,14.5,14.8,10.5,10.1,19.6,18.4,15.1,17.7,16.3,15.1,11.9,10.5,14,15.1,10.6,11.2,12.3,15.5,14.1,9.4,14.1,17,14,9.1,14.5,12.2,14,9.9,8.3,13,14.4,9.8,15.1,14,14.1,12.6,13,13,13.3,,,,,,,,,,,,,,,,,,,,,,,,,,,,,,,,,,,,,,,,,24.8,24.4,25.7,25.3,24.5,24,25.3,23.6,25.5,24.9,24.1,25.3,25.5,25.5,23.8,25.3,24.8,24.6,24.6,23.1,25.3,23.9,25.1,25.2,27,25.1,24.8,25.4,23.3,24.8,24.8,66,67,67,57,68,67,66,66,68,65,67,64,64,64,67,57,62,69,85,78,61,74,69,64,63,65,54,70,66,73,60,0,0,0,0,0,0,0,0.1,0,0,0,0,0,0,0,0,0,0,0.3,0.3,0,0.2,0.7,0,0,0,0,0.6,0.4,0.2,0,22.6,22,26.1,37.5,16.7,24.1,23.3,20.1,18.7,19.3,17.8,26.9,27,23.7,19.4,25.3,26.5,19.7,26.8,18.2,28.5,25.1,22.3,30,23.7,19.8,24.5,26.5,16.5,26.8,27.7,25.9,25.9,31.7,45,19.1,27.4,27.4,22.3,20.9,21.6,20.2,33.1,34.2,27.7,21.6,29.9,31.3,22.7,31,20.5,36,29.5,25.9,36.4,30.6,23,28.4,32,18,32.4,33.8,,,,,,22.2204,114.2127
2026-10-06T02:00,22.6,22.1,21.6,22.7,21.6,22.1,20.9,22.6,21.8,21.7,21.1,22.3,23.6,21.3,22.1,22.2,23,21.9,21.6,21.2,22.8,21.6,21.6,22.5,23,22.6,22.2,22.1,22.6,23.4,22.1,22.3,21.6,21.4,22.1,22.1,21.6,23.1,22.1,22.1,71,61,69,70,62,60,67,48,70,58,71,73,71,56,50,74,69,65,73,72,60,72,51,44,73,62,64,67,74,69,73,66,71,72,74,68,68,69,49,50,0,0,0,0,0,0,0,0,0,0,0,0,0,0,0,0,0,0,0,0,0,0,0,0,0,0,0,0,0,0,0,0,0,0,0,0,0,0,0,0,7.8,13.4,14.1,9.5,9.4,18.8,17.6,14,17,15.2,14.4,10.8,9.8,13.3,14,9.7,10.2,11.6,14.8,13.1,8.5,13,16.6,13.3,7.8,13.4,11.2,13.3,9,7.6,12.3,13.3,8.8,14.1,13.7,13.7,11.9,11.9,11.5,13,,,,,,,,,,,,,,,,,,,,,,,,,,,,,,,,,,,,,,,,,24.7,24.4,25.4,25.2,24.4,23.9,25.2,23.5,25.3,24.8,24.1,25,25.2,25.3,23.7,25,24.5,24.5,24.5,22.9,25.2,23.9,24.9,24.9,26.8,25.1,24.6,25.1,22.9,24.5,24.6,66,66,67,55,68,67,66,66,68,64,66,64,64,64,67,57,61,68,85,78,59,72,68,64,63,65,53,70,67,76,58,0,0,0,0,0,0,0,0.1,0,0,0,0,0,0,0,0,0,0,0.3,0.3,0,0.2,0.7,0,0,0,0,0.6,0.4,0.2,0,19.9,20.6,23,33.4,15,22.7,20.7,17.7,18,18.5,16.5,23.2,25.7,21.6,18.9,24.9,25.4,17.3,30.4,17.5,27.1,24.3,19.9,28.1,23.1,17.7,23.1,25.6,16.9,28.1,26.1,22.3,23.8,27.7,40,17.3,25.6,23.4,19.4,19.8,20.2,18.4,27,31,24.5,21.2,28.8,29.5,19.1,34.6,19.4,33.5,28.1,23,33.5,29.2,19.4,26.6,30.6,18,32.8,31.3,,,,,,22.2204,114.2127
2026-10-06T03:00,22.5,21.8,21.5,22.6,21.5,21.9,20.7,22.4,21.7,21.5,20.9,22.1,23.5,21.2,21.9,22.1,22.8,21.7,21.5,21.1,22.7,21.5,21.3,22.1,22.9,22.4,22,21.9,22.5,23.3,22,22.1,21.5,21.3,21.9,21.9,21.4,22.9,21.9,21.8,71,60,68,70,62,59,66,48,69,58,70,73,71,55,49,74,70,65,72,72,59,72,51,45,73,61,64,67,74,68,73,66,70,72,73,67,67,70,49,49,0,0,0,0,0,0,0,0,0,0,0,0,0,0,0,0,0,0,0,0,0,0,0,0,0,0,0,0,0,0,0,0,0,0,0,0.1,0,0,0,0,7.6,12.6,13.7,8.9,8.7,18.1,17.3,13.3,16.3,14.4,14,10.1,9.1,13,13.3,9.1,9.6,10.9,14,12.4,7.9,12.4,16.6,12.6,7.2,12.6,10.5,13,8.8,7.3,11.9,12.2,8.5,13.4,13.4,13.7,11.6,11.2,10.8,13,,,,,,,,,,,,,,,,,,,,,,,,,,,,,,,,,,,,,,,,,24.6,24.3,25.2,24.9,24,23.7,25.1,23.4,25.2,24.6,24,24.9,24.9,25.1,23.6,24.8,24.2,24.3,24.5,22.8,25,24,24.8,24.6,26.5,24.9,24.4,24.9,22.5,24.4,24.5,66,65,67,53,70,67,65,65,68,64,66,65,64,64,66,56,60,68,84,77,56,70,68,64,63,65,53,70,67,77,56,0,0,0,0,0.1,0,0,0,0,0,0,0,0,0,0,0,0,0,0.1,0.5,0,0.1,0.6,0,0,0,0,0.3,0.3,0.1,0,18.6,19.9,21.8,30.5,15.5,22.2,19.5,17.1,18.1,17.9,16,21.5,24.3,20.8,18.7,24.2,25.4,16.3,31.3,16.8,26.6,23.6,18.5,27,22.8,15.7,21.7,24.4,17.7,28.8,26.1,20.5,22.7,25.9,36.7,18,24.8,22,19.1,19.8,19.4,17.6,24.1,28.1,23,20.9,28.1,29.2,17.6,35.3,18.7,32.8,27.4,21.2,32.4,28.4,16.9,24.8,28.8,19.4,32.8,30.6,,,,,,22.2204,114.2127
2026-10-06T04:00,22.4,21.6,21.4,22.6,21.4,21.7,20.5,22.2,21.6,21.4,20.9,22,23.3,21,21.8,22.1,22.6,21.6,21.4,21,22.6,21.4,21,21.7,22.8,22.1,21.8,21.6,22.5,23.2,21.9,22,21.5,21.2,21.7,21.7,21.3,22.7,21.8,21.5,70,60,67,70,61,59,66,48,67,59,70,74,72,54,49,74,70,66,72,72,59,72,52,48,73,61,64,67,75,66,73,66,70,73,73,66,67,70,49,49,0,0,0,0,0,0,0,0,0,0,0,0,0,0,0,0,0,0,0,0,0,0,0,0,0,0,0,0,0,0,0,0,0,0,0,0.1,0,0,0,0,7.2,11.9,13,8.6,8.4,17.4,16.9,13,15.9,13.7,13.7,9.5,8.8,13,12.6,8.8,9.3,10.7,13.7,12.4,7.6,12,17,12.3,7,11.9,10.2,12.6,8.7,7.3,11.6,11.2,8.5,13.1,12.6,13.7,11.6,10.4,9.8,13,,,,,,,,,,,,,,,,,,,,,,,,,,,,,,,,,,,,,,,,,24.5,24.2,25,24.7,23.5,23.6,25,23.4,25,24.4,23.9,24.8,24.7,24.8,23.5,24.6,24,24.2,24.5,22.8,24.9,24.1,24.6,24.3,26.1,24.7,24.1,24.7,22.2,24.4,24.4,65,64,66,51,74,68,65,63,67,64,67,65,65,65,66,55,60,67,83,76,53,67,69,65,64,64,52,69,67,77,53,0,0,0,0,0.1,0,0,0,0,0,0,0,0,0,0,0,0,0,0.1,0.5,0,0.1,0.6,0,0,0,0,0.3,0.3,0.1,0,17.7,19.8,21.7,28.2,17.3,22,19.4,17.9,18.2,17.4,16.1,20.3,22.8,20.5,18.9,23.5,25.6,16.1,30.6,16.5,27,23.3,17.4,26.4,23.2,13.7,20.3,22.6,19.4,28.6,26.8,19.8,22,25.6,34.2,19.8,24.5,22,20.2,20.5,18.7,17.6,23,25.9,22.7,21.2,27.7,29.5,17.3,34.6,18.7,32.8,27,19.8,31.7,28.1,15.1,22.7,26.6,21.6,32.8,31.3,,,,,,22.2204,114.2127
2026-10-06T05:00,22.3,21.4,21.5,22.5,21.4,21.6,20.3,22,21.5,21.2,20.8,22,23.3,20.9,21.7,22.2,22.4,21.5,21.3,21,22.5,21.4,20.7,21.4,22.8,21.9,21.6,21.3,22.4,23.1,21.9,21.9,21.5,21.2,21.6,21.5,21.2,22.7,21.7,21.1,69,59,66,70,61,58,66,50,65,60,69,74,72,54,50,75,71,67,71,71,59,72,54,51,73,61,65,67,75,65,73,67,69,73,72,66,66,71,49,50,0,0,0,0,0,0,0,0,0,0,0,0,0,0,0,0,0,0,0,0,0,0,0,0,0,0,0,0,0,0,0,0,0,0,0,0.1,0,0,0,0,7.1,11.5,13,8.2,8,17,16.6,12.6,15.2,13.7,13.7,9.2,8.5,13,11.9,8.4,9,10.3,13.7,12.4,7.4,11.7,17.7,11.6,6.8,11.2,10.2,13,9,7.6,11.2,10.5,9.1,12.7,12.3,14.1,11.9,9.8,9.5,13,,,,,,,,,,,,,,,,,,,,,,,,,,,,,,,,,,,,,,,,,24.5,24.1,24.9,24.4,23.1,23.5,24.9,23.4,24.9,24.3,23.8,24.7,24.5,24.6,23.5,24.5,23.8,24,24.6,22.8,24.8,24.2,24.5,24.1,25.8,24.6,24,24.6,22,24.4,24.4,64,64,66,49,76,68,64,61,66,64,67,66,65,65,65,54,59,67,82,75,50,65,69,65,64,64,52,69,67,76,51,0,0,0,0,0.1,0,0,0,0,0,0,0,0,0,0,0,0,0,0.1,0.5,0,0.1,0.6,0,0,0,0,0.3,0.3,0.1,0,17.5,19.7,22,26.6,18.8,22,19.7,19.2,18.4,17.1,16.7,19.7,21.9,20.2,19.1,23.1,26.1,16.1,29.4,17.3,27.2,23.1,16.7,25.8,23.4,12.8,19.6,21.5,20.9,26.9,27.1,19.4,22,25.6,32.4,21.6,24.5,22.3,21.2,20.5,18.4,18,22.3,24.1,22.3,21.2,27.4,29.9,17.3,32.8,19.4,33.1,27,18.7,31,28.1,13.7,21.6,25.2,23.4,31.3,31.7,,,,,,22.2204,114.2127
2026-10-06T06:00,22.3,21.3,21.5,22.5,21.5,21.4,20.3,21.8,21.4,21.2,20.8,22.1,23.2,20.9,21.6,22.2,22.4,21.5,21.3,21,22.4,21.3,20.6,21.2,22.8,21.8,21.6,21.1,22.4,23,21.9,21.9,21.4,21.2,21.6,21.4,21.2,22.6,21.6,20.9,68,59,65,70,61,58,65,51,63,62,68,73,73,54,50,75,72,68,70,71,58,72,55,55,73,61,65,67,75,63,73,67,69,74,70,65,65,72,49,50,0,0,0,0,0,0,0,0,0,0,0,0,0,0,0,0,0,0,0,0,0,0,0,0,0,0,0,0,0,0,0,0,0,0,0,0.1,0,0,0,0,7.3,10.8,12.6,8.2,7.6,16.3,16.6,12.6,14.8,13.3,14,8.9,8.5,13.4,11.5,8.3,8.6,10,13.7,12.4,7.4,11.3,18.1,11.2,6.8,10.5,10.3,13,9.3,7.9,11.5,9.4,9.8,12.7,11.9,14.2,11.9,9.5,9.2,13,,,,,,,,,,,,,,,,,,,,,,,,,,,,,,,,,,,,,,,,,24.4,23.9,24.6,24.3,23,23.3,24.8,23.5,24.8,24.3,23.7,24.6,24.5,24.5,23.4,24.4,23.7,23.9,24.6,22.8,24.6,24.2,24.5,24.1,25.4,24.4,23.8,24.5,21.9,24.3,24.3,63,64,66,47,76,69,64,59,65,63,67,66,64,65,64,53,58,67,81,73,48,64,70,64,63,64,51,69,67,72,48,0,0.1,0,0,0.1,0.2,0,0,0,0,0,0,0,0,0,0,0,0.1,0,0.2,0,0,0.2,0,0,0,0,0.1,0.1,0,0,17.9,20.3,23.1,26.2,19.3,21.7,20.4,20,17.7,16.3,17.7,19.3,21.4,19.6,19.4,23.1,26.1,15.5,27.1,18.9,27.9,23,16.4,24.8,24,12.4,19.6,21.3,21.7,23.2,27,20.2,22.3,26.6,31.7,23,24.1,23,22.3,19.8,17.6,19.1,21.6,23.8,22,21.6,27.4,29.9,16.9,29.5,21.2,33.5,27,18.4,29.5,28.4,13,21.6,24.5,24.5,27.4,31.7,,,,,,22.2204,114.2127
2026-10-06T07:00,22.4,21.2,21.6,22.5,21.6,21.3,20.4,21.8,21.4,21.1,20.8,22.2,23.3,20.8,21.6,22.3,22.4,21.6,21.4,21.1,22.4,21.4,20.6,21.1,23,21.8,21.7,21,22.4,23,21.9,22,21.4,21.4,21.7,21.3,21.4,22.7,21.6,20.8,67,59,64,69,61,58,65,52,62,63,67,73,73,55,51,74,72,68,68,71,58,71,57,58,72,60,65,66,76,61,72,67,68,74,69,65,64,72,50,51,0,0,0,0,0,0,0,0,0,0,0,0,0,0,0,0,0,0,0,0,0,0,0,0,0,0,0,0,0,0,0,0,0,0,0,0.1,0,0,0,0,7.5,10.8,12.6,8.6,7.6,16.3,16.6,12.6,14.5,13.3,14,8.6,8.5,13.4,11.5,8.3,8.9,10,13.7,12.7,7.8,11.3,18.8,11.2,7.1,10.1,10.7,13.3,9.5,8.3,11.5,9.1,10.1,12.6,11.5,14.6,12.6,9.2,9.5,13,,,,,,,,,,,,,,,,,,,,,,,,,,,,,,,,,,,,,,,,,24.2,23.8,24.4,24.1,23.1,23.2,24.7,23.5,24.8,24.2,23.6,24.5,24.6,24.5,23.2,24.3,23.6,23.8,24.5,23,24.4,24.2,24.4,24.1,25.1,24.3,23.7,24.4,21.8,24.2,24.3,61,65,66,46,75,69,64,56,63,61,67,65,62,64,63,52,56,66,80,70,48,63,70,63,61,65,49,68,67,67,46,0,0.1,0,0,0.1,0.2,0,0,0,0,0,0,0,0,0,0,0,0.1,0,0.2,0,0,0.2,0,0,0,0,0.1,0.1,0,0,19,20.7,24.3,26.7,19.3,21.3,21.3,21,16.6,15.7,19.1,18.9,21.1,19.1,19.9,23.4,26,15.2,23.4,20.9,28.2,23,16.1,23.7,25.1,12.6,20.3,21.6,22.6,19.2,26.5,21.2,23,28.4,31.7,24.1,23.8,24.5,23.4,18.4,16.9,20.5,21.6,23.8,21.2,22,27.4,29.9,16.6,25.2,23.8,33.5,27,18.4,27.7,28.8,12.6,22.3,24.5,25.6,22.3,31.7,,,,,,22.2204,114.2127
2026-10-06T08:00,22.6,21.2,21.7,22.6,21.8,21.3,20.6,21.9,21.4,21.1,20.9,22.3,23.5,20.9,21.8,22.4,22.6,21.9,21.6,21.2,22.5,21.4,20.8,21.2,23.3,21.8,22,21.1,22.4,23.1,22,22.1,21.4,21.6,21.8,21.3,21.6,22.7,21.7,20.9,66,59,63,68,60,58,64,53,61,64,66,73,72,55,51,74,72,68,67,70,58,71,57,60,71,60,64,65,76,60,72,67,68,73,68,64,62,72,50,51,0,0,0,0,0,0,0,0,0,0,0,0,0,0,0,0,0,0,0,0,0,0,0,0,0,0,0,0,0,0,0,0,0,0,0,0.1,0,0,0,0,8.1,10.5,12.6,8.8,7.6,15.9,16.6,13,14.5,13,14,8.6,8.8,13.4,11.5,8.2,9.2,10.2,14,12.7,8.3,11.3,19.2,11.2,7.3,10.5,11,13.3,9.5,8.6,11.9,9.1,10.4,12.6,11.9,14.6,13,9.5,9.9,13,,,,,,,,,,,,,,,,,,,,,,,,,,,,,,,,,,,,,,,,,24.3,23.6,24.4,24.1,23.3,23,24.7,23.6,24.9,24.3,23.7,24.5,24.8,24.5,23.1,24.5,23.7,23.8,24.6,23.2,24.4,24.2,24.4,24.2,25,24.2,23.8,24.5,21.7,24.2,24.3,60,65,66,45,74,70,63,54,62,59,66,65,60,63,62,51,54,66,79,68,47,63,70,62,59,65,48,68,68,62,44,0,0.1,0,0,0.1,0.2,0,0,0,0,0,0,0,0,0,0,0,0.1,0,0.2,0,0,0.2,0,0,0,0,0.1,0.1,0,0,19.5,20.8,25.4,26.5,19.1,21.2,22.1,21.6,16.1,15.1,20,18.8,20.3,18.6,19.9,22.7,25.6,15,20.6,22.7,28.2,22.7,16.1,22.7,24.9,12.9,20.3,21.8,23.3,17.8,25.8,22,23.4,29.9,31,24.5,23.8,25.2,24.1,17.6,16.2,21.6,21.2,23.4,20.9,22.3,26.3,29.5,16.6,21.6,25.9,33.1,26.6,18,25.9,28.4,13,22.7,24.1,26.3,18.7,30.6,,,,,,22.2204,114.2127
2026-10-06T09:00,23,21.4,21.9,22.7,22.2,21.4,21,22.2,21.4,21.2,21,22.5,23.8,21,22.1,22.6,23,22.3,22,21.4,22.7,21.6,21.4,21.6,23.9,22.1,22.6,21.5,22.5,23.4,22.1,22.3,21.4,22.1,22.2,21.3,22,22.9,21.8,21.3,64,59,62,66,59,58,63,53,61,64,65,73,71,55,51,73,71,67,65,69,58,70,56,61,69,59,62,63,76,59,71,66,68,71,67,63,60,72,50,51,0,0,0,0,0,0,0,0,0,0,0,0,0,0,0,0,0,0,0,0,0,0,0,0,0,0,0,0,0,0,0,0,0,0,0,0,0,0,0,0,9.1,10.5,12.6,9.5,8.3,15.9,17,13.7,14.8,13,14,8.6,9.4,13,12.2,8.1,10.2,10.9,14.8,13,9.3,11.6,19.7,11.9,7.8,11.6,11.6,13.7,9.5,9,12.6,9.8,10.4,13.3,13,14.6,13.8,10.2,11.3,12.6,,,,,,,,,,,,,,,,,,,,,,,,,,,,,,,,,,,,,,,,,24.6,23.3,24.7,24.1,23.4,22.9,25,23.6,25.1,24.6,23.9,24.4,25.1,24.6,23.1,25,24.2,23.9,24.7,23.5,24.6,24.5,24.5,24.3,25.3,24.1,24.2,24.6,21.5,24.4,24.5,59,66,65,45,73,70,61,53,60,58,65,65,58,62,59,50,52,65,76,66,46,62,68,60,56,65,47,67,69,59,43,0,0,0,0,0,0.1,0,0,0,0,0,0,0,0,0,0,0,0,0,0,0,0,0.1,0,0,0,0,0,0.1,0,0,19.5,20.1,25.9,25.1,18.7,21.2,22.3,21.6,16.3,14.8,19.8,18.9,18.5,18.2,19.5,21,24.6,15,18.1,23.9,26.5,21.8,15.5,21.7,23.5,13.5,19.8,21.4,23.4,18,23.9,22,22.7,30.6,29.2,23.8,23.8,25.2,24.1,17.6,15.5,21.6,20.9,21.6,20.2,22.3,23.8,28.1,16.9,18.7,27,31,25.9,17.3,24.5,26.3,13.7,22,23.4,26.6,18,28.1,,,,,,22.2204,114.2127
2026-10-06T10:00,23.7,21.6,22.1,22.9,22.7,21.6,21.7,22.8,21.6,21.4,21.1,22.9,24.3,21.1,22.6,22.7,23.7,23,22.7,21.7,23.1,21.8,22.2,22.3,24.7,22.4,23.5,22.2,22.5,23.9,22.4,22.7,21.4,22.7,22.7,21.5,22.6,23.1,22.1,22,62,59,61,64,57,58,62,52,61,64,65,72,68,56,51,72,69,66,62,68,57,69,55,60,67,59,60,60,77,58,70,66,67,68,65,63,56,71,50,51,0,0,0,0,0,0,0,0,0,0,0,0,0,0,0,0,0,0,0,0,0,0,0,0,0,0,0,0,0,0,0,0,0,0,0,0,0,0,0,0,10.5,10.9,13,10.8,9.4,16.6,17.5,14.4,15.5,12.6,14,8.8,10.8,12.6,13.7,8.8,11.9,12.3,15.9,13,11.3,12,20.1,13,8.7,13,13,14.1,9.5,9,13.7,11.2,10.5,14,14.4,14.5,14.9,11.9,13,12.2,,,,,,,,,,,,,,,,,,,,,,,,,,,,,,,,,,,,,,,,,25,23,25.2,24.1,23.7,22.9,25.5,23.5,25.4,24.9,24.3,24.4,25.5,24.7,23.1,25.7,24.8,24,25,24,25,24.8,24.6,24.5,25.9,24,24.8,24.9,21.2,24.7,24.9,58,66,63,45,71,71,58,52,59,57,64,65,56,60,56,48,50,65,73,64,46,61,66,58,54,66,46,66,70,57,43,0,0,0,0,0,0.1,0,0,0,0,0,0,0,0,0,0,0,0,0,0,0,0,0.1,0,0,0,0,0,0.1,0,0,19.5,18.5,26.1,23.7,18.2,21,21.7,21.5,17.2,14.5,19.5,18.8,16.6,17.8,19.1,18.4,23.5,15.5,15.9,24.3,24.6,20.8,14.6,20.9,21.1,14.2,19,21,23.9,18.3,22,21.6,21.6,31,27,22.7,24.1,25.2,23.8,18,14.8,20.5,20.5,18.7,19.4,22,20.2,26.3,16.9,16.2,28.1,28.1,25.2,16.6,23.4,23.4,14.8,20.9,22.7,27,19.1,25.2,,,,,,22.2204,114.2127
2026-10-06T11:00,24.4,21.9,22.3,23.2,23.4,21.8,22.6,23.4,21.7,21.7,21.3,23.2,24.9,21.3,23.1,22.9,24.4,23.7,23.4,22,23.4,22,23.2,23.1,25.7,22.9,24.5,23,22.6,24.4,22.7,23.2,21.4,23.5,23.4,21.7,23.4,23.3,22.3,22.9,59,60,60,61,55,58,61,52,62,64,65,71,66,56,51,70,67,64,60,66,56,68,53,60,64,58,58,57,77,57,69,65,67,65,63,63,53,70,50,51,0,0,0,0,0,0,0,0,0,0,0,0,0,0,0,0,0,0,0,0,0,0,0,0,0,0,0,0,0,0,0,0,0,0,0,0,0,0,0,0,11.9,11.2,13.4,12.6,10.8,16.9,17.9,15.5,16.3,12.7,14.4,9.5,12.3,11.9,15.5,9.1,13.7,13.7,17.3,13.8,13.3,12.3,20.5,14,10.1,14.8,14.4,14.4,9.5,9.4,15.2,13,10.5,15.5,16.2,14.5,16.5,13.7,15.5,11.9,,,,,,,,,,,,,,,,,,,,,,,,,,,,,,,,,,,,,,,,,25.4,22.8,25.8,24.1,23.8,22.8,26,23.5,25.7,25.3,24.6,24.4,26,24.8,23.2,26.3,25.4,24.1,25.2,24.4,25.4,25.1,24.7,24.6,26.5,24,25.4,25.3,21,25,25.2,57,66,62,46,70,71,56,52,58,56,63,65,55,59,53,48,49,64,71,63,46,61,64,56,52,66,46,65,71,55,43,0,0,0,0,0,0.1,0,0,0,0,0,0,0,0,0,0,0,0,0,0,0,0,0.1,0,0,0,0,0,0.1,0,0,19.7,17.7,26,22,18.1,21.1,21.3,21,17.9,14.7,19.2,18.9,15.1,17.4,18.8,16.7,22.2,15.5,14.3,24.6,22.8,20.3,14.3,20.4,18.9,14.7,18.4,20.4,23.6,18.7,20.5,21.2,20.5,30.6,24.8,21.6,24.5,24.5,23.4,18.4,14.8,20.2,20.5,16.9,19.1,21.6,17.6,24.8,17.3,14.4,28.4,25.9,24.8,16.2,22.7,20.9,15.5,19.8,22.3,26.6,20.2,22.7,,,,,,22.2204,114.2127
2026-10-06T12:00,25.1,22.2,22.6,23.4,24,22.1,23.4,24.1,21.9,21.9,21.5,23.6,25.4,21.5,23.7,23.1,25.2,24.4,24.2,22.3,23.8,22.3,24.2,24,26.6,23.4,25.5,23.8,22.6,24.9,23,23.6,21.4,24.2,24,21.9,24.1,23.6,22.6,23.7,57,60,59,59,54,58,60,51,62,64,65,70,63,57,51,69,65,62,57,65,56,67,51,59,61,57,55,54,78,56,68,64,67,62,61,62,49,69,51,51,0,0,0,0,0,0,0,0,0,0,0,0,0,0,0,0,0,0,0,0,0,0,0,0,0,0,0,0,0,0,0,0,0,0,0,0,0,0,0,0,13.3,11.6,13.7,14.1,12.3,17.7,18.6,16.6,17,12.7,14.4,9.8,13.8,11.2,16.9,9.4,15.5,15.2,18.8,13.7,15.1,13,20.5,15.1,11.2,16.6,15.9,14.8,9.5,9.8,16.3,14.4,10.5,16.3,18,14.4,17.4,15.5,17.7,11.2,,,,,,,,,,,,,,,,,,,,,,,,,,,,,,,,,,,,,,,,,25.6,22.8,26.3,24.1,23.7,22.8,26.5,23.5,26,25.7,24.8,24.5,26.4,24.8,23.3,26.7,25.8,24.3,25.3,24.8,25.8,25.3,24.7,24.7,27,24,26.1,25.7,21,25.3,25.4,58,65,62,48,70,71,55,53,58,56,63,65,55,59,51,50,50,63,70,63,47,61,62,55,52,65,47,65,72,54,45,0,0,0,0,0,0,0,0,0,0,0,0,0,0,0,0,0,0,0,0,0,0,0,0,0,0,0,0,0,0,0,19.9,17.6,25.4,20.4,18.5,21.7,20.6,20.7,17.9,15.3,19.6,19.1,14.5,17.5,18.4,16.1,21.4,15.4,13.3,24.7,22.2,20.1,14,20,17.4,14.7,17.9,20.2,22.3,19.1,20,20.9,19.8,29.5,23,21.6,24.8,23,23.8,18.7,15.5,20.2,21.2,15.8,19.4,21.2,16.6,23.8,16.9,13.7,28.8,25.2,24.8,16.2,22,19.4,15.5,19.4,22.3,24.8,20.5,21.6,,,,,,22.2204,114.2127
2026-10-06T13:00,25.7,22.5,22.8,23.6,24.4,22.4,24.1,24.7,22.1,22.2,21.7,23.9,25.9,21.8,24.2,23.3,25.8,25,24.8,22.5,24.1,22.5,25,24.7,27.3,23.8,26.3,24.4,22.7,25.3,23.2,24,21.4,24.8,24.5,22.1,24.7,23.9,22.9,24.4,55,61,58,56,53,58,59,50,63,64,64,70,61,58,51,68,64,61,55,64,55,66,49,58,59,56,53,52,78,56,67,63,66,59,60,62,47,69,51,52,0,0,0,0,0,0,0,0,0,0,0,0,0,0,0,0,0,0,0,0,0,0,0,0,0,0,0,0,0,0,0,0,0,0,0,0,0,0,0,0,14.4,11.9,13.8,14.8,13.4,18,18.7,17,17.3,12.7,14.1,10.1,14.6,10.4,18,9.7,16.6,15.9,19.6,14.1,16.6,13.4,20.5,16.2,12,18,17.1,14.8,9.2,9.8,17.1,15.5,10.5,17.1,19.5,14,18.2,16.6,19.5,10.9,,,,,,,,,,,,,,,,,,,,,,,,,,,,,,,,,,,,,,,,,25.7,23.1,26.8,24.2,23.6,22.8,27.1,23.5,26.3,26.1,25,24.6,26.9,24.9,23.5,26.9,26.3,24.4,25.4,25.1,26.3,25.4,24.8,24.8,27.5,24.1,26.8,26.3,21.1,25.6,25.7,59,63,62,50,71,70,55,54,59,56,63,64,55,60,50,52,53,62,70,63,49,62,61,54,54,64,48,65,72,53,48,0,0,0,0,0,0,0,0,0,0,0,0,0,0,0,0,0,0,0,0,0,0,0,0,0,0,0,0,0,0,0,20,17.4,24.7,19.2,19.8,22.3,20.4,20.3,17.8,16,20,19.7,14.8,18,18.5,16.4,20.9,14.9,13.5,24.3,22.4,20.9,14.2,19.7,16.8,14.7,17.8,20.5,20.5,19.2,19.8,20.2,19.1,28.1,21.2,22,25.2,21.6,24.5,19.1,16.2,20.2,22,15.5,20.5,21.2,16.6,23,16.6,13.7,28.8,25.6,24.8,16.2,22,18.4,15.5,19.4,22.3,22.7,20.9,21.6,,,,,,22.2204,114.2127
2026-10-06T14:00,26,22.7,23,23.8,24.7,22.7,24.6,25,22.2,22.4,21.9,24.1,26.1,22,24.6,23.3,26.1,25.4,25.2,22.7,24.4,22.6,25.5,25.2,27.6,24.1,26.8,24.9,22.7,25.6,23.4,24.3,21.5,25.2,24.7,22.3,25.1,24,23.1,24.8,54,61,58,55,52,57,58,50,63,64,64,69,59,58,52,67,63,60,54,63,55,65,48,58,58,56,52,50,78,56,66,62,66,58,59,62,45,68,51,53,0,0,0,0,0,0,0,0,0,0,0,0,0,0,0,0,0,0,0,0,0,0,0,0,0,0,0,0,0,0,0,0,0,0,0,0,0,0,0,0,14.5,11.9,13.4,15.2,13.4,17.6,18.4,17,17.3,12.4,13.7,10.1,15,10.1,18,9.7,17,16.3,19.6,13.7,17,13.4,19.8,16.3,12.4,18.4,17.6,14.4,9.2,9.4,17.1,15.8,10.2,17.1,19.9,13.7,18.3,16.9,19.9,10.1,,,,,,,,,,,,,,,,,,,,,,,,,,,,,,,,,,,,,,,,,25.9,23.3,27.2,24.3,23.5,22.8,27.5,23.8,26.5,26.4,25.1,24.7,27.3,25,23.6,27.1,26.5,24.5,25.4,25.4,26.7,25.5,24.9,24.9,27.8,24.1,27.3,26.7,21.4,25.8,25.9,60,61,62,51,71,70,56,54,60,56,63,64,55,60,49,54,55,61,70,64,51,63,60,54,56,63,49,65,70,52,50,0,0,0,0,0,0,0,0,0,0,0,0,0,0,0,0,0,0,0,0,0,0,0,0,0,0,0,0,0,0,0,19.6,16.9,23.8,18.1,20.4,22.6,20,20.4,17.6,17.1,20.7,19.7,15.1,18.2,18.2,17.3,21.4,14.8,14.2,24.1,22.6,21.3,14.2,19.4,17.3,14.1,18,20.5,19.2,19.2,19.8,19.8,18.7,27,20.2,22.3,25.2,20.5,25.2,19.1,17.6,20.5,22.7,15.8,21.2,20.9,17.3,22.7,16.6,14,28.4,25.9,25.2,16.6,21.6,18.4,15.1,19.4,22.7,20.9,21.2,21.6,,,,,,22.2204,114.2127
2026-10-06T15:00,26.1,22.9,23.1,23.9,24.8,23,24.8,25.2,22.3,22.5,22.1,24.1,26.1,22.3,24.8,23.3,26.2,25.4,25.3,22.7,24.5,22.7,25.7,25.4,27.6,24.3,26.9,25.1,22.7,25.6,23.4,24.4,21.5,25.3,24.7,22.5,25.2,24.1,23.2,24.9,54,61,58,55,52,56,58,50,63,64,64,69,58,58,53,67,63,60,54,63,55,64,47,59,58,56,52,49,78,57,66,62,66,58,59,62,45,68,51,55,0,0,0,0,0,0,0,0,0,0,0,0,0,0,0,0,0,0,0,0,0,0,0,0,0,0,0,0,0,0,0,0,0,0,0,0,0,0,0,0,13.8,11.6,12.7,14.5,12.7,16.9,17.4,15.9,16.2,12,13,9.7,14.2,9.7,16.9,9.4,15.9,15.6,18.5,13,15.9,13,18.8,15.5,11.7,17.7,16.9,13.7,8.8,8.7,16,15.1,9.8,16,19.1,13,17.2,15.9,18.8,9.4,,,,,,,,,,,,,,,,,,,,,,,,,,,,,,,,,,,,,,,,,26.1,23.4,27.4,24.7,23.5,22.8,27.6,24.4,26.6,26.7,25.3,24.8,27.6,25.2,23.7,27.3,26.6,24.5,25.3,25.6,26.9,25.5,25.1,25.1,27.8,24.1,27.4,26.9,21.9,25.9,26.1,60,59,63,51,70,70,57,53,61,56,62,63,56,58,49,55,57,61,71,64,54,64,59,54,58,63,51,66,65,52,52,0,0,0,0,0,0,0,0,0,0,0,0,0,0,0,0,0,0,0,0,0,0,0,0,0,0,0,0,0,0,0,18.3,15.4,23,17,20.5,22.6,19.6,21.1,17.3,17.7,20.6,19.3,15.4,17.3,17.8,18.6,21,15.1,14.2,22.7,23.3,22,14.4,18.8,19,12.8,18.6,20.4,18.4,19.2,20.1,19.1,18.4,25.9,19.8,22.3,25.2,20.5,26.3,19.1,19.1,20.9,23.4,16.6,20.9,20.2,18.7,22.3,17.3,14,27.4,26.3,25.6,17.6,21.2,19.4,14.4,19.8,22.7,20.5,21.6,22.3,,,,,,22.2204,114.2127
2026-10-06T16:00,26,22.9,23.2,23.9,24.6,23.4,24.9,25.2,22.4,22.6,22.4,24,25.9,22.7,24.9,23.2,26.1,25.2,25.1,22.8,24.5,22.6,25.7,25.5,27.2,24.4,26.7,25.1,22.7,25.6,23.4,24.4,21.6,25.2,24.4,22.8,25.1,24.1,23.2,24.7,55,62,58,55,53,55,58,51,63,64,64,68,58,59,54,67,64,61,56,63,55,64,47,60,59,56,53,50,78,58,66,62,65,59,59,63,45,67,51,58,0,0,0,0,0,0,0,0,0,0,0,0,0,0,0,0,0,0,0,0,0,0,0,0,0,0,0,0,0,0,0,0,0,0,0,0,0,0,0,0,11.9,10.9,11.6,12.7,11.2,15.5,15.9,13.7,14.8,11.3,11.5,9,12.7,9.4,14.8,9,13.7,14.2,16.7,11.9,14.1,12.7,16.9,14.1,10.5,15.9,15.9,12.3,8.5,7.6,14.6,13.3,9.5,14.2,17.7,11.9,15.4,14,16.6,8.3,,,,,,,,,,,,,,,,,,,,,,,,,,,,,,,,,,,,,,,,,26.2,23.6,27.5,25.2,23.5,22.7,27.6,25.2,26.6,27,25.4,25.1,27.7,25.6,23.8,27.4,26.5,24.5,25.1,25.6,27,25.4,25.4,25.3,27.5,24.1,27.4,26.9,22.5,25.8,26.2,60,56,64,51,69,69,59,51,63,56,60,63,57,56,49,55,58,63,73,65,56,64,59,53,61,64,53,67,58,52,54,0,0,0,0,0,0,0,0,0,0,0,0,0,0,0,0,0,0,0,0,0,0,0,0,0,0,0,0,0,0,0,16.5,13.7,22.5,16.4,20.1,22.3,18.7,21.9,17.2,17.7,20.6,18.5,16.1,15.7,17,19.6,20.5,15.8,14.4,21.2,24,22.7,15,18.4,20.9,10.9,19.4,20.9,18,18.8,20.8,18.4,18,25.2,20.5,22.3,24.8,20.9,27.4,18.7,20.9,21.2,23.8,18,20.2,19.4,21.2,22,18,13.7,25.6,26.6,26.3,19.1,21.2,21.2,13.7,20.9,23,21.2,22,23,,,,,,22.2204,114.2127
2026-10-06T17:00,25.7,23,23.3,23.9,24.4,23.9,24.9,25.2,22.5,22.8,22.6,23.9,25.7,23.1,25,23.1,25.8,24.9,24.9,22.7,24.5,22.5,25.5,25.5,26.6,24.4,26.4,25.1,22.6,25.4,23.4,24.3,21.7,25,24,23,24.8,24.2,23.3,24.5,57,62,59,56,55,53,58,52,63,64,64,68,58,59,56,68,66,63,58,63,55,64,47,62,61,56,54,50,77,60,67,62,65,60,60,64,46,67,51,61,0,0,0,0,0,0,0,0,0,0,0,0,0,0,0,0,0,0,0,0,0,0,0,0,0,0,0,0,0,0,0,0,0,0,0,0,0,0,0,0,9.4,9.8,10.1,10.5,9,14.2,14.1,11.2,13,10.5,10.5,8,10.9,9,11.9,8.3,11.2,11.9,14.2,10.8,11.5,12.3,14.8,12,9,13.7,14.1,10.9,8,6.5,12.4,11.2,8.8,12,15.9,10.4,13.1,11.5,13.3,6.8,,,,,,,,,,,,,,,,,,,,,,,,,,,,,,,,,,,,,,,,,26.4,23.8,27.5,25.6,23.6,22.7,27.5,25.8,26.6,27.1,25.5,25.3,27.7,25.9,23.8,27.4,26.4,24.5,24.9,25.7,27,25.3,25.7,25.4,27.3,24.1,27.2,26.9,22.9,25.8,26.3,60,54,65,51,68,69,60,49,64,56,59,62,58,54,49,55,59,63,75,65,58,64,59,53,63,65,55,68,53,53,55,0,0,0,0,0,0,0,0,0,0,0,0,0,0,0,0,0,0,0,0,0,0,0,0,0,0,0,0,0,0,0,15.8,11.8,22.4,16.3,19.9,22,18.4,22.4,17.2,18.6,19.9,17.8,17.1,15.3,16.7,21.1,19.9,15.8,15.4,19.9,24.7,22.7,15.1,17.7,22.6,9.8,20.2,21.2,17.4,18.1,21.6,18.4,17.3,25.2,21.2,22.3,24.8,21.6,28.4,18.7,22.7,21.2,23.8,19.8,20.5,19.1,23.8,22,18.4,14.8,24.1,27,26.3,20.2,21.2,23,13.3,21.6,23.8,21.6,22,24.1,,,,,,22.2204,114.2127
2026-10-06T18:00,25.4,23,23.3,23.9,24.1,24.3,24.8,25,22.6,22.8,22.9,23.8,25.3,23.5,25,23,25.5,24.5,24.6,22.7,24.4,22.4,25.2,25.4,25.9,24.3,25.9,24.9,22.5,25.3,23.3,24.2,21.8,24.8,23.6,23.2,24.6,24.1,23.3,24.1,58,62,60,57,56,51,59,53,62,63,63,68,58,59,58,68,67,64,60,64,55,64,47,64,63,56,55,51,77,62,67,62,65,62,61,65,48,66,52,64,0,0,0,0,0,0,0,0,0,0,0,0,0,0,0,0,0,0,0,0,0,0,0,0,0,0,0,0,0,0,0,0,0,0,0,0,0,0,0,0,7.2,8.8,9,8.3,6.8,12.6,11.9,9,11.2,9.4,9,7.2,8.6,8.7,9,7.6,8.3,9.7,11.6,9.4,9,11.6,13,10.2,7.6,11.5,12.2,9.4,7.7,5.1,9.8,8.6,8.4,9.8,13.7,9.4,10.8,9,10.4,5.8,,,,,,,,,,,,,,,,,,,,,,,,,,,,,,,,,,,,,,,,,26.5,24.1,27.4,25.8,23.5,22.8,27.6,25.9,26.6,27,25.5,25.5,27.6,26.3,23.7,27.4,26.4,24.6,24.8,25.7,26.9,25.2,25.9,25.6,27.2,24.4,27,26.8,23.1,25.7,26.3,60,52,65,51,67,69,60,48,64,57,59,62,57,53,50,54,58,62,77,65,57,63,60,53,64,65,56,68,52,54,56,0,0,0,0,0,0,0,0,0,0,0,0,0,0,0,0,0,0,0.1,0,0,0,0,0,0,0,0,0,0,0,0,16.7,9.9,23.2,17.3,19.6,22.4,17.7,22.7,17.6,20.5,18.8,17.2,19.2,17.2,16.9,22.5,19.4,15.1,17.4,19,24.5,22.2,15.5,16.8,23.3,9.7,20.6,22.1,17.3,17.4,21.6,19.4,15.5,26.3,23,22,25.2,22.7,29.2,19.4,24.5,20.5,23.4,22.3,23,19.1,26.6,22,17.6,17.3,23.8,27.7,25.2,20.9,21.6,24.5,13.7,23,25.9,21.6,21.2,25.2,,,,,,22.2204,114.2127
2026-10-06T19:00,25.1,23,23.3,23.9,23.8,24.6,24.7,24.9,22.7,22.9,23.1,23.6,25,23.7,25,22.8,25.2,24.2,24.3,22.6,24.4,22.4,24.9,25.3,25.3,24.3,25.5,24.7,22.5,25.1,23.2,24.2,21.9,24.5,23.2,23.4,24.3,24.1,23.3,23.7,59,62,61,58,58,50,59,54,62,63,63,68,58,59,59,69,69,66,61,64,55,63,47,65,65,56,57,52,76,64,68,62,65,64,62,66,49,66,52,67,0,0,0,0,0,0,0,0,0,0,0,0,0,0,0,0,0,0,0,0,0,0,0,0,0,0,0,0,0,0,0,0,0,0,0,0,0,0,0,0,5.4,8,7.6,6.1,5.1,11.4,10.4,7,9.4,9,8,6.6,6.9,8.4,6.8,6.9,5.9,7.9,9.8,8.3,6.5,10.9,11.2,8.4,6.3,9.4,10.4,8.4,7.3,4,8,6.8,7.6,8,11.9,8.4,8.6,6.8,7.6,5.1,,,,,,,,,,,,,,,,,,,,,,,,,,,,,,,,,,,,,,,,,26.5,24.4,27.2,25.9,23.5,23,27.7,25.8,26.5,26.8,25.4,25.7,27.3,26.6,23.6,27.3,26.4,24.8,24.6,25.8,26.7,25.2,26.1,25.7,27.2,24.8,26.7,26.6,23.2,25.7,26.3,60,51,65,50,66,68,59,47,63,58,60,62,56,52,51,52,57,61,79,65,56,62,62,53,64,65,55,68,52,54,56,0,0,0,0,0,0,0,0,0,0,0,0,0,0,0,0,0,0,0.1,0,0,0,0,0,0,0,0,0,0,0,0,18.6,8.2,24.7,19,19.1,22.5,17.6,23.1,17.9,23.2,17.7,17.1,21.7,19.8,17.5,24.3,19.1,13.8,20.2,18,23.8,20.7,16.3,15.8,24,10.3,20.7,23.8,17.6,16.3,21.5,20.9,13,27.7,25.2,21.6,25.6,24.1,29.5,20.2,26.6,19.4,22.3,25.6,26.3,19.4,29.9,22,16.2,20.9,23.8,28.4,23.8,21.2,21.6,25.9,14.8,24.1,28.4,21.6,19.8,25.9,,,,,,22.2204,114.2127
2026-10-06T20:00,24.9,23.1,23.3,23.9,23.6,24.7,24.5,24.7,22.7,23,23.2,23.5,24.8,23.8,25,22.7,25,24,24,22.6,24.4,22.3,24.6,25.2,24.9,24.3,25.1,24.5,22.5,25,23.2,24.1,21.9,24.3,23,23.5,24,24.1,23.2,23.4,60,62,62,58,59,49,59,55,62,63,62,68,58,59,60,70,70,67,62,65,55,63,47,66,66,56,58,52,76,65,68,62,65,65,62,66,50,66,53,68,0,0,0,0,0,0,0,0,0,0,0,0,0,0,0,0,0,0,0,0,0,0,0,0,0,0,0,0,0,0,0,0,0,0,0,0,0,0,0,0,4.1,7.3,6.8,5,4.1,10.7,9.3,5.7,8.3,8.3,7.2,5.9,5.9,8.4,5.1,6.2,4.6,6.8,8.3,7.6,5.2,10.5,10,7.3,5.4,7.9,9.3,7.6,7,3.4,6.8,5.4,7.3,6.5,10.4,7.6,7.4,5.4,5.9,4.8,,,,,,,,,,,,,,,,,,,,,,,,,,,,,,,,,,,,,,,,,26.5,24.6,27,25.9,23.5,23.3,27.6,25.6,26.4,26.5,25.4,25.9,27.1,26.8,23.4,27.2,26.4,24.9,24.5,25.8,26.5,25.1,26.2,25.7,27.1,25.1,26.5,26.4,23.2,25.6,26.2,60,50,64,50,65,67,58,47,63,58,61,61,55,51,53,51,55,60,80,64,54,61,63,53,64,65,55,67,53,55,55,0,0,0,0,0,0,0,0,0,0,0,0,0,0,0,0,0,0,0.1,0,0,0,0,0,0,0,0,0,0,0,0,19.7,7.1,25.4,20.3,18.3,22.3,17.9,22.4,18.6,24.3,16.7,16.8,23.2,22.1,18.2,25.6,19.7,12.8,22.7,17.1,23.1,19.7,16.5,15.1,24.2,11.5,20.3,24.8,17.7,15.6,21.1,21.6,11.2,28.4,26.3,20.9,25.6,25.6,28.8,20.5,27.4,18.7,21.6,27,28.4,19.4,32,22.3,15.1,24.1,23.4,28.4,22.3,21.2,21.6,26.3,15.5,24.5,29.5,20.9,18.4,26.3,,,,,,22.2204,114.2127
2026-10-06T21:00,24.8,23.1,23.2,23.9,23.5,24.6,24.3,24.6,22.8,23.1,23.4,23.5,24.6,23.7,24.9,22.6,24.9,23.9,23.9,22.6,24.4,22.3,24.3,25,24.7,24.2,24.9,24.3,22.5,24.9,23.1,24.1,22,24.2,22.9,23.5,23.8,24.1,23.1,23.1,60,62,64,58,60,48,59,55,62,63,61,68,58,59,60,71,71,68,62,66,55,63,47,66,66,55,59,52,76,66,68,63,66,66,62,65,51,66,54,68,0,0,0,0,0,0,0,0,0,0,0,0,0,0,0,0,0,0,0,0,0,0,0,0,0,0,0,0,0,0,0,0,0,0,0,0,0,0,0,0,3.8,7,6.5,4.7,3.5,10.2,8.8,5.4,7.6,8,7.2,5.5,5.2,8.4,4.4,5.9,4,6.2,7.9,7.2,4.6,10.2,9.6,6.9,5,7.2,8.5,7.6,6.6,3.1,6.5,4.7,6.9,5.8,9.7,7.3,7,4.7,5,4.8,,,,,,,,,,,,,,,,,,,,,,,,,,,,,,,,,,,,,,,,,26.3,24.7,26.8,25.8,23.6,23.6,27.4,25.3,26.2,26.3,25.4,25.9,26.8,26.7,23.3,27.1,26.3,25.1,24.5,25.8,26.4,24.9,26.2,25.7,26.9,25.2,26.4,26.2,23.1,25.6,26,60,50,63,50,64,65,57,47,64,57,62,59,55,50,55,50,53,59,80,63,53,61,63,52,63,66,55,66,54,55,54,0,0,0,0,0,0,0,0,0,0,0,0,0,0,0,0,0,0,0,0,0,0,0,0,0,0,0,0,0,0,0,18.6,6.8,24.2,20.3,17,20.6,20.1,20.2,18.3,23.5,16.6,16.8,22,22.5,18,26.1,20.7,12.4,24.9,16,22.3,18.7,16,14.8,23,12.2,19.3,24.2,16.3,15,20.7,20.2,10.1,27.4,25.2,19.1,24.1,27,25.2,19.8,26.3,18.7,20.9,25.6,28.8,19.1,32.4,23,15.1,27,22,27,20.9,20.2,20.9,24.8,15.1,22.7,28.4,19.1,16.9,25.6,,,,,,22.2204,114.2127
2026-10-06T22:00,24.8,23.2,23.1,23.9,23.3,24.3,24.1,24.3,22.8,23.2,23.5,23.4,24.5,23.5,24.8,22.5,24.7,23.8,23.7,22.5,24.4,22.4,24,24.8,24.5,24.2,24.6,23.9,22.5,24.9,23.1,24.2,22,24,22.8,23.5,23.6,24.2,23,22.8,59,62,66,58,60,48,58,55,62,63,58,68,58,58,61,72,71,68,61,67,55,62,48,65,67,55,60,51,75,66,68,63,67,68,61,64,51,67,57,66,0,0,0,0,0,0,0,0,0,0,0,0,0,0,0,0,0,0,0,0,0,0,0,0,0,0,0,0,0,0,0,0,0,0,0,0,0,0,0,0,3.9,6.4,6.2,4.4,3.5,10.4,8.8,5.2,7.2,7.6,7.6,5.2,4.9,8.4,4,5.5,4,6.2,7.9,6.8,4.6,9.9,9.9,6.8,4.7,6.5,8,8,6.3,3.1,6.8,4.7,6.6,5.8,9.4,7.2,7.3,4.7,4.7,5.5,,,,,,,,,,,,,,,,,,,,,,,,,,,,,,,,,,,,,,,,,26.1,24.7,26.6,25.6,23.7,23.9,27.2,25.1,25.9,26,25.4,25.8,26.5,26.4,23.3,26.9,26.2,25.2,24.4,25.8,26.3,24.8,26,25.7,26.6,25.2,26.3,25.9,23.1,25.5,25.9,60,51,61,50,63,62,56,48,65,56,63,57,55,48,57,49,51,57,80,62,52,60,61,52,62,67,54,64,55,55,51,0,0,0,0,0,0,0,0,0,0,0,0,0,0,0,0,0,0,0,0,0,0,0,0,0,0,0,0,0,0,0,16.3,6.8,22.2,19.7,15,18.2,22.9,16.8,17.6,21.1,16.8,16.6,19.3,22.8,17.6,25.8,21.6,12.4,27.2,15.3,21.4,17.8,15.3,14.6,21,12.8,17.5,22.7,14,14.3,20.6,18,9.7,25.2,23,17.3,22.3,28.1,20.5,18.4,23.8,19.4,20.2,22.7,28.1,18.7,31.7,24.5,15.8,29.5,19.8,25.2,19.4,18.4,19.8,22.7,14.4,19.8,25.9,16.6,15.8,24.5,,,,,,22.2204,114.2127
2026-10-06T23:00,24.7,23.2,22.9,23.9,23.3,24,23.8,24.1,22.8,23.3,23.5,23.4,24.4,23.1,24.7,22.3,24.6,23.7,23.5,22.5,24.4,22.4,23.6,24.5,24.4,24.1,24.3,23.5,22.5,24.8,23.1,24.2,22,23.8,22.8,23.5,23.4,24.2,22.8,22.4,58,61,68,58,61,47,57,55,62,62,56,68,59,58,60,74,72,69,60,69,54,62,48,64,67,54,61,50,75,67,67,64,69,70,61,62,51,68,59,64,0,0,0,0,0,0,0,0,0,0,0,0,0,0,0,0,0,0,0,0,0,0,0,0,0,0,0,0,0,0,0,0,0,0,0,0,0,0,0,0,4.1,6,5.9,4.8,3.7,10.5,9.1,5.5,7.2,7.3,7.9,5.2,5,8.4,4.5,5.2,4.5,6.2,8.3,6.9,4.7,10,10.2,6.8,4.7,6.5,7.6,8.3,6.4,3.1,7.2,4.7,6.2,5.8,9.1,7.6,7.6,5.1,4.7,6.2,,,,,,,,,,,,,,,,,,,,,,,,,,,,,,,,,,,,,,,,,25.9,24.7,26.3,25.3,23.8,24.1,26.9,24.8,25.7,25.8,25.4,25.6,26.2,26,23.2,26.6,26,25.3,24.4,25.8,26.1,24.6,25.8,25.6,26.4,25.1,26.2,25.6,23,25.4,25.7,60,51,59,50,63,59,55,49,66,55,63,55,55,47,58,49,50,56,79,61,51,60,60,51,61,68,53,63,55,55,50,0,0,0,0,0,0,0,0,0,0,0,0,0,0,0,0,0,0,0,0,0,0,0,0,0,0,0,0,0,0,0,14.9,6.9,20.9,18.5,13.9,16.3,24.6,14.5,16.8,19.3,17.1,16.9,17.6,22.5,17.2,25.1,22.5,12.3,28.6,14.8,20.9,16.9,14.7,14.6,19.3,14.5,16.2,21,12.5,14.1,20.3,16.6,9.7,23.8,20.9,15.5,20.5,28.8,16.9,17.3,21.6,19.8,19.8,20.5,27,18.4,30.2,25.2,16.2,31.7,18.7,23.8,18.4,16.9,18.7,20.9,15.1,17.6,23.4,14.8,14.8,23,,,,,,22.2204,114.2127
2026-10-07T00:00,24.7,23.3,22.7,23.9,23.2,23.6,23.5,23.9,22.8,23.3,23.6,23.4,24.3,22.7,24.5,22.2,24.4,23.7,23.4,22.5,24.4,22.5,23.2,24.3,24.4,24,24.1,23,22.6,24.8,23,24.3,22,23.6,22.8,23.4,23.2,24.2,22.7,22.1,56,61,70,57,61,47,56,55,62,62,54,68,59,57,60,75,72,69,59,70,54,62,49,63,66,53,61,49,74,67,67,65,71,72,60,60,52,68,61,62,0,0,0,0,0,0,0,0,0,0,0,0,0,0,0,0,0,0,0,0,0,0,0,0,0,0,0,0,0,0,0,0,0,0,0,0,0,0,0,0,4.5,6,6,5.2,3.7,11.2,9.4,6.2,7.6,7,8.6,5.2,5,8.3,4.6,4.9,5.2,6.2,9,6.9,5,9.6,10.9,7.2,4.6,6.2,7.2,9,6,3.4,7.9,5.1,6.2,5.8,8.7,7.9,8.3,5.4,4.7,6.9,,,,,,,,,,,,,,,,,,,,,,,,,,,,,,,,,,,,,,,,,25.8,24.7,26,25,23.7,24.2,26.6,24.5,25.4,25.5,25.3,25.3,26,25.7,23.2,26.2,25.7,25.3,24.3,25.6,25.9,24.4,25.7,25.5,26.1,25,26,25.3,23.1,25.2,25.4,59,50,57,50,63,56,53,49,67,54,63,54,55,47,59,49,49,56,78,59,50,60,59,50,61,70,52,62,54,54,50,0,0,0,0,0,0,0,0,0,0,0,0,0,0,0,0,0,0,0,0,0,0,0,0,0,0.1,0,0,0,0,0,14.7,7.1,20,17.4,13.2,15.3,24.4,14.2,16.3,18.3,17.7,17.4,17.3,21.5,17.2,23.7,22.5,12.4,29.7,15.4,20.9,16.8,14.2,14.6,18.4,17.3,15.7,19.6,11.8,14.3,19.8,16.2,10.8,23,19.1,14.4,19.4,28.4,16.2,16.6,20.2,20.2,19.8,19.4,25.9,18,27.7,25.2,15.5,33.1,19.1,23.4,18,16.2,17.6,19.8,18.4,16.9,21.6,14.8,14.4,22,,,,,,22.2204,114.2127
2026-10-07T01:00,24.6,23.3,22.6,23.8,23.2,23.2,23.2,23.6,22.8,23.4,23.6,23.4,24.3,22.4,24.4,22.1,24.3,23.7,23.2,22.5,24.4,22.5,22.9,24,24.4,23.9,23.9,22.6,22.6,24.8,23,24.3,22,23.4,22.9,23.3,23,24.2,22.6,21.8,55,61,72,57,61,47,55,55,61,62,52,68,59,56,60,76,72,69,58,71,54,61,49,62,66,52,62,48,74,67,66,65,72,72,60,58,52,68,62,59,0,0,0,0,0,0,0,0,0,0,0,0,0,0,0,0,0,0,0,0,0,0,0,0,0,0,0,0,0,0,0,0,0,0,0,0,0,0,0,0,4.8,5.7,6.5,5.6,4,11.5,9.7,6.5,7.6,7,9.4,5.2,5,8.6,4.9,4.6,5.5,6.5,9.4,7,5.4,9.3,11.2,7.6,4.5,6.2,7.3,9.7,5.7,3.8,8.6,5.1,5.8,6.2,8.7,8.3,9,5.8,4.9,7.6,,,,,,,,,,,,,,,,,,,,,,,,,,,,,,,,,,,,,,,,,25.6,24.8,25.7,24.6,23.6,24.1,26.2,24.2,25.2,25.3,25.2,24.9,25.8,25.3,23.2,25.8,25.3,25.3,24.3,25.4,25.5,24.3,25.6,25.2,25.8,24.8,25.8,25.1,23.2,24.9,25.1,58,50,56,50,63,54,51,49,67,53,62,54,55,47,59,50,49,56,77,55,49,59,58,48,61,72,50,61,53,52,50,0,0,0,0,0,0,0,0,0,0,0,0,0,0,0,0,0,0,0,0,0,0,0,0,0,0.1,0,0,0,0,0,14.9,8.9,19.7,16.3,13,15,23.2,15.6,16.3,17.8,18.7,18,17.4,20,16.8,21.6,22,12.8,30.5,17.2,20.8,16.7,14,15,18,21.3,16.1,18,12.1,14.2,19.1,16.6,12.6,23,17.3,14,18.4,27.4,16.9,15.8,19.4,20.2,20.5,18.7,24.5,17.6,24.8,24.8,14.8,34.2,19.8,23.8,18.4,15.5,16.9,19.1,22.7,16.9,19.8,15.8,14.4,20.5,,,,,,22.2204,114.2127
2026-10-07T02:00,24.6,23.3,22.6,23.8,23.2,22.9,23,23.5,22.7,23.4,23.5,23.5,24.2,22.1,24.3,22.1,24.3,23.7,23.1,22.5,24.4,22.6,22.6,23.8,24.3,23.9,23.7,22.3,22.7,24.8,22.9,24.4,22,23.3,22.9,23.2,22.8,24.2,22.5,21.6,54,60,72,56,61,47,55,55,61,61,51,68,59,56,59,77,72,69,57,71,53,61,50,61,66,51,62,48,73,67,65,65,72,72,59,57,52,68,63,58,0,0,0,0,0,0,0,0,0,0,0,0,0,0,0,0,0,0,0,0,0,0,0,0,0,0,0,0,0,0,0,0,0,0,0,0,0,0,0,0,5.2,5.7,6.5,5.9,4,11.9,10.1,6.8,7.9,7,9.8,5.2,5,8.6,5.2,4.6,5.8,6.5,9.7,7,5.7,9.3,11.5,8,4.5,6.2,7.3,10.1,5.7,3.7,9,5.4,5.8,6.5,8.7,8.6,9.4,6.2,4.9,8,,,,,,,,,,,,,,,,,,,,,,,,,,,,,,,,,,,,,,,,,25.5,24.8,25.4,24.3,23.5,24.1,25.9,24,24.9,25,25,24.5,25.6,24.9,23.2,25.4,24.9,25.2,24.2,25.2,25.2,24.1,25.5,25,25.6,24.7,25.5,24.8,23.2,24.7,24.8,57,49,54,50,64,52,50,49,67,53,61,55,56,47,59,50,49,56,76,53,49,59,57,49,61,73,49,60,52,51,50,0,0,0,0,0,0,0,0,0,0,0,0,0,0,0,0,0,0,0,0,0,0,0,0,0,0.1,0,0,0,0,0,15.5,10.6,19.9,15.4,13,15.5,22,16.7,16.3,17.6,19.7,18.7,17.9,18.9,16.9,20.1,21.9,12.9,31.2,19.1,20.9,17.2,14.3,15.8,17.6,24.5,16.5,16.7,13,14.8,18.8,16.9,14,23,16.2,13.7,18,26.3,17.6,15.8,18.7,20.9,21.2,18.7,23,18,22.3,24.8,14,34.9,21.2,23.8,18.7,15.5,16.9,18.7,26.6,16.9,18.4,16.9,14.8,19.8,,,,,,22.2204,114.2127
2026-10-07T03:00,24.5,23.2,23.3,23.2,23.8,22.8,23.1,23.8,21.8,23.1,22.4,23.9,24.5,22.4,24.4,22.7,24.6,24,23,22.7,24.1,22.4,22.7,24,24.6,23.8,24.2,22.6,22.8,25.1,22.4,24.3,22.4,23.8,22.7,22.5,22.7,24.1,23.3,22.4,54,57,57,52,56,50,58,54,57,56,57,64,54,57,55,73,68,63,56,59,49,59,51,59,65,50,55,51,70,63,58,55,61,56,58,58,50,60,52,61,0,0,0,0,0,0,0,0,0,0,0,0,0,0,0,0,0,0,0,0,0,0,0,0,0,0,0,0,0,0,0,0,0,0,0,0,0,0,0,0,5.2,7.6,8.3,6.9,4.1,12,10.9,6.5,10.5,8.6,9,5.8,5.4,9.8,6.1,5.5,5.8,7.6,9.5,8.3,7.2,10.2,10.5,8.7,5.5,7.3,9.1,9.7,5.9,3.6,9.5,6.5,7.6,8,9.7,9.4,8.7,6.1,6.5,7.2,,,,,,,,,,,,,,,,,,,,,,,,,,,,,,,,,,,,,,,,,25.2,24.7,25.1,24,23.4,23.9,25.6,23.7,24.7,24.8,24.8,24.3,25.3,24.6,23.1,25.1,24.6,25,24.2,25,24.9,24,25.2,24.7,25.3,24.6,25.2,24.6,23.1,24.4,24.5,56,49,53,51,66,52,51,50,67,53,61,57,57,47,59,50,49,56,75,52,51,58,57,53,59,72,49,59,53,52,50,0,0,0,0,0,0,0,0,0,0,0,0,0,0,0,0,0,0,0,0,0,0,0,0,0,0,0,0,0,0,0,16.2,12.3,20.5,15.3,13,16.5,21.7,16.5,17.3,17.6,20.5,20,18.9,18.3,17.7,19.5,22.3,13,31.7,20.5,20.5,17.9,15.1,16.9,17.4,27.2,16.4,16.6,14.5,15.7,18.7,17.6,15.1,23.8,16.2,13.3,18.7,25.6,17.6,16.9,18.4,22,22.7,19.4,21.6,19.1,21.6,25.2,13.7,35.6,23,23.4,19.8,16.2,19.1,18.7,29.5,17.3,18,17.6,15.8,19.8,,,,,,22.2204,114.2127
2026-10-07T04:00,24.3,23.2,23.3,23.1,23.8,22.4,22.8,23.6,21.7,23.1,22.3,23.9,24.4,22.1,24.3,22.7,24.5,24,22.7,22.7,24,22.4,22.3,23.8,24.6,23.7,24,22.2,22.9,25.1,22.3,24.3,22.5,23.7,22.7,22.3,22.5,24.1,23.3,22.2,53,57,57,51,55,51,58,54,56,55,56,63,54,56,54,74,68,62,56,58,48,58,51,58,65,49,55,51,69,63,57,54,60,55,57,56,51,59,52,60,0,0,0,0,0,0,0,0,0,0,0,0,0,0,0,0,0,0,0,0,0,0,0,0,0,0,0,0,0,0,0,0,0,0,0,0,0,0,0,0,5.6,7.9,8.6,7.3,4.1,12.3,11.3,6.8,10.9,9,9.7,6.1,5.4,10.1,6.5,5.5,5.8,7.9,9.5,8.6,7.6,9.8,10.8,9,5.5,7.3,9.1,10.1,5.9,3.7,9.9,6.8,7.6,8.3,9.7,9.7,9,6.1,6.9,7.6,,,,,,,,,,,,,,,,,,,,,,,,,,,,,,,,,,,,,,,,,24.9,24.5,24.9,23.7,23.4,23.7,25.3,23.4,24.6,24.6,24.5,24.2,25,24.3,23.1,24.9,24.3,24.8,24.2,24.8,24.6,24,25,24.4,25.1,24.6,24.9,24.5,22.9,24.2,24.3,56,48,52,53,67,52,53,50,66,53,61,60,59,47,58,49,50,57,74,51,53,58,58,58,57,70,51,58,54,54,50,0,0,0,0,0,0,0,0,0,0,0,0,0,0,0,0,0,0,0,0,0,0,0,0,0,0,0,0,0,0,0,17.2,13.5,21.3,15.9,13.3,18,21.6,16.2,18.8,17.4,21.5,21.5,20.1,18,18.5,19.5,23,13.2,32.1,20.8,20.2,18.7,16.6,19.5,17.7,29.2,16.7,16.6,15.8,16.5,18.9,18.7,16.2,24.8,16.9,13.3,19.8,24.8,17.6,18.7,18.4,23.8,24.8,20.9,20.2,20.5,21.2,25.6,13.7,35.6,25.2,23,21.2,17.6,22.3,19.1,32,17.6,18,18.4,17.3,20.2,,,,,,22.2204,114.2127
2026-10-07T05:00,24.2,23.3,23.3,23,23.8,22.1,22.5,23.5,21.5,23.1,22.2,24,24.4,21.8,24.1,22.7,24.4,23.9,22.6,22.7,23.9,22.5,22,23.6,24.5,23.6,23.9,21.9,23,25.1,22.2,24.3,22.5,23.6,22.7,22.2,22.2,24.1,23.3,22,52,56,56,50,55,51,59,54,55,54,55,63,53,56,53,75,67,62,55,58,47,58,52,56,65,48,55,51,68,63,56,53,59,54,57,55,51,59,51,59,0,0,0,0,0,0,0,0,0,0,0,0,0,0,0,0,0,0,0,0,0,0,0,0,0,0,0,0,0,0,0,0,0,0,0,0,0,0,0,0,5.6,7.9,9,7.6,4.1,12.6,11.7,6.7,11.2,9,9.7,6.1,5.4,10.1,6.8,5.5,6.1,7.9,9.9,9,7.9,9.8,10.8,9,5.5,7.3,8.7,10.8,5.6,4.1,10.2,6.8,7.6,8.7,9.7,10.1,9,6.5,6.8,8,,,,,,,,,,,,,,,,,,,,,,,,,,,,,,,,,,,,,,,,,24.7,24.3,24.7,23.5,23.3,23.5,25,23.2,24.4,24.5,24.3,24.1,24.7,24,23.1,24.7,24.1,24.6,24.2,24.6,24.4,24,24.8,24.2,24.9,24.5,24.7,24.3,22.7,24,24.1,56,49,51,54,69,52,55,51,66,53,61,61,60,47,58,49,50,57,74,50,55,57,58,63,55,69,52,57,55,55,50,0,0,0,0,0,0,0,0,0,0,0,0,0,0,0,0,0,0,0,0,0,0,0,0,0,0,0,0,0,0,0,18.1,15,22.1,16.2,13.7,19.2,21.5,15.9,19.6,17.6,22.1,22.3,21.1,17.7,19.2,19.2,23.1,13.7,32.3,21.6,20,19.3,17.6,22,17.6,30.7,16.9,17.1,16.9,17.7,19,19.8,17.3,25.6,17.6,13.3,20.9,24.1,17.3,20.2,18.7,24.8,25.9,22,19.1,21.6,21.2,25.9,14,35.6,26.6,22.7,22,18.7,24.8,19.4,33.5,18,18.4,18.7,18.4,20.9,,,,,,22.2204,114.2127
2026-10-07T06:00,24.2,23.3,23.3,22.9,23.8,21.9,22.3,23.3,21.5,23.1,22.1,24.1,24.3,21.6,24,22.7,24.4,24,22.4,22.8,23.9,22.5,21.7,23.4,24.5,23.5,23.7,21.6,23.1,25.1,22.1,24.3,22.6,23.5,22.7,22.1,22,24.1,23.4,21.9,52,55,56,50,55,52,59,54,55,53,55,62,53,56,52,75,67,61,55,57,47,58,53,56,65,47,55,51,67,63,55,52,59,53,57,54,52,58,51,58,0,0,0,0,0,0,0,0,0,0,0,0,0,0,0,0,0,0,0,0,0,0,0,0,0,0,0,0,0,0,0,0,0,0,0,0,0,0,0,0,5.9,7.9,9,8,4.1,12.6,12,7.1,11.6,9,10.1,6.1,5.4,10.5,6.8,5.1,6.5,7.9,9.9,9,7.9,9.5,11.2,9.4,5.4,7.3,8.7,10.8,5.6,4.2,10.7,7.2,7.6,8.7,9.4,10.4,9.4,6.5,6.8,8.4,,,,,,,,,,,,,,,,,,,,,,,,,,,,,,,,,,,,,,,,,24.6,24.1,24.5,23.4,23.3,23.5,24.7,23.1,24.3,24.4,24.2,24,24.5,23.8,23.2,24.4,23.9,24.6,24.2,24.4,24.2,24,24.7,24,24.8,24.4,24.6,24.2,22.6,23.9,23.9,56,51,50,54,70,52,55,51,67,52,61,60,60,48,58,49,50,57,75,49,56,56,57,66,54,69,53,56,56,56,50,0,0,0,0,0,0,0,0,0,0,0,0,0,0,0,0,0,0,0.1,0,0,0,0,0,0,0,0,0,0,0,0,19,16.7,22.6,16.4,13.7,19.6,21.1,15.5,19.9,18.1,22.3,22.2,21.4,17.9,19.6,18.7,22.7,14.5,31.6,22.4,20.5,18.8,18.2,23.7,17.6,31.3,17.1,17.3,17.1,18.4,19.4,20.5,18.4,25.9,18,13.3,21.6,23,16.6,20.5,19.4,25.6,25.9,22.3,19.4,22.3,20.9,25.9,15.1,34.9,27.4,22.7,21.6,19.4,26.6,19.1,34.2,18.7,19.1,18.7,19.1,21.6,,,,,,22.2204,114.2127
2026-10-07T07:00,24.1,23.4,23.3,22.9,23.9,21.7,22.2,23.2,21.4,23.2,22.1,24.1,24.3,21.5,24,22.8,24.3,24,22.4,22.8,23.9,22.6,21.5,23.3,24.5,23.5,23.7,21.4,23.2,25.1,22,24.3,22.7,23.4,22.7,22,21.9,24.1,23.4,21.8,52,55,56,49,55,52,59,54,55,53,55,62,53,56,52,76,67,61,55,57,47,58,54,55,65,47,56,52,66,63,54,52,59,53,57,54,52,58,52,57,0,0,0,0,0,0,0,0,0,0,0,0,0,0,0,0,0,0,0,0,0,0,0,0,0,0,0,0,0,0,0,0,0,0,0,0,0,0,0,0,5.5,7.6,9,8,4,12.6,12.1,6.7,11.6,9,10.1,5.8,5.4,10.5,6.8,5.1,6.5,8,10,9,7.9,9.4,11.2,9.4,5.1,6.9,8.7,11.2,5.2,3.9,11,7.2,7.2,8.7,9.4,10.4,9.4,6.5,6.8,8.4,,,,,,,,,,,,,,,,,,,,,,,,,,,,,,,,,,,,,,,,,24.6,23.9,24.4,23.4,23.3,23.5,24.4,23,24.2,24.3,24.1,23.9,24.3,23.7,23.3,24.2,23.8,24.6,24.3,24.2,24.1,24.2,24.7,23.8,24.6,24.3,24.5,24.1,22.6,23.8,23.8,56,53,50,54,70,51,55,51,69,52,62,58,59,49,58,49,51,56,76,47,55,54,57,69,55,71,54,54,57,57,51,0,0,0,0,0,0,0,0,0,0,0,0,0,0,0,0,0,0,0.1,0,0,0,0,0,0,0,0,0,0,0,0,19.5,17.9,22.9,16.7,13.4,19.8,20.4,14.8,19.6,19.1,22.7,21.7,21,18.5,20,18.2,22.4,15,30.7,23.2,21,18.1,18.5,25,17.3,30.8,17.6,17.7,16.9,19.1,19.8,20.9,19.1,26.3,18.7,13.3,22.3,22.3,16.2,20.2,20.5,26.3,25.2,22,20.2,22.7,20.2,25.6,16.2,33.8,27,23,20.5,20.2,27.7,18.7,34.2,19.1,19.8,18,19.4,22,,,,,,22.2204,114.2127
2026-10-07T08:00,24.1,23.5,23.4,22.9,23.9,21.7,22.1,23.2,21.4,23.2,22.1,24.2,24.4,21.5,24,22.9,24.4,24.1,22.4,22.9,23.9,22.7,21.4,23.2,24.5,23.5,23.7,21.3,23.3,25.1,22.1,24.4,22.8,23.5,22.8,22,21.9,24.1,23.5,21.7,52,55,56,49,55,53,60,55,55,53,55,62,53,56,52,76,67,61,55,57,47,58,55,55,65,47,56,52,66,63,54,52,59,53,57,54,53,58,52,57,0,0,0,0,0,0,0,0,0,0,0,0,0,0,0,0,0,0,0,0,0,0,0,0,0,0,0,0,0,0,0,0,0,0,0,0,0,0,0,0,5.5,7.6,9,8,3.7,12.6,11.7,6.6,11.6,9,10.2,5.8,5.4,10.2,6.5,4.7,6.5,7.6,10,9,7.9,9.1,11.2,9.4,5.1,6.9,8.4,11.2,5.2,4,11,7.2,6.9,8.7,9,10.4,9.4,6.5,6.8,8.4,,,,,,,,,,,,,,,,,,,,,,,,,,,,,,,,,,,,,,,,,24.6,23.8,24.3,23.5,23.4,23.6,24.3,23.1,24.3,24.3,24.2,23.9,24.3,23.7,23.5,24.2,23.8,24.7,24.3,24.3,24,24.4,24.8,23.9,24.6,24.3,24.6,24.1,22.7,23.9,23.8,56,55,50,54,70,51,55,50,69,51,62,57,58,49,58,49,51,55,77,46,55,54,56,69,55,71,55,53,57,57,51,0,0,0,0,0,0,0,0,0,0,0,0,0,0,0,0,0,0,0.1,0,0,0,0,0,0,0,0,0,0,0,0,19.9,19,22.4,16.9,13.2,19.8,19.8,14.7,19.4,19.5,23.2,21.4,20.8,18.7,20,17.7,22,15.6,29.8,23.2,21.3,17.9,18.5,24.6,17.5,30.1,17.8,18.2,16.4,19.6,19.9,21.2,19.8,25.6,18.7,13.3,22.3,21.2,15.5,19.8,20.9,26.3,24.5,21.6,20.5,22.3,19.4,25.2,16.9,32.8,26.6,23,20.5,20.9,27.4,18.7,33.1,19.4,20.2,17.3,19.8,22.3,,,,,,22.2204,114.2127
2026-10-07T09:00,24.2,23.6,23.5,23,24,21.8,22.2,23.3,21.5,23.3,22.3,24.3,24.4,21.5,24,23,24.5,24.2,22.5,23.1,24,22.9,21.5,23.3,24.5,23.6,23.8,21.3,23.5,25.1,22.2,24.4,22.9,23.6,23,22.1,21.9,24.2,23.6,21.8,53,55,57,49,56,54,61,56,56,53,55,62,53,57,53,76,67,61,56,57,48,58,56,55,65,47,57,53,66,63,54,52,59,54,58,55,54,58,53,57,0,0,0,0,0,0,0,0,0,0,0,0,0,0,0,0,0,0,0,0,0,0,0,0,0,0,0,0,0,0,0,0,0,0,0,0,0,0,0,0,5.1,7.2,8.6,8,3.3,12.3,11.4,6.2,11.2,8.6,9.9,5.4,5.4,9.9,6.2,4.3,6.5,7.3,9.6,9,7.6,8.7,10.8,9.4,4.7,6.6,8,11.2,4.7,3.9,11,7.2,6.3,8.3,8.6,10.4,9.4,6.5,6.5,8.1,,,,,,,,,,,,,,,,,,,,,,,,,,,,,,,,,,,,,,,,,24.8,24,24.5,23.7,23.8,23.9,24.5,23.5,24.7,24.6,24.5,24,24.5,24,23.9,24.4,24,25,24.5,24.6,24.2,24.8,25,24.2,24.8,24.5,24.8,24.4,23,24.1,24.1,56,56,50,56,68,51,54,49,67,50,61,57,57,48,57,49,52,54,77,44,54,55,56,66,56,70,56,52,56,57,51,0,0,0,0,0,0,0,0,0,0,0,0,0,0,0,0,0,0,0.3,0,0,0,0,0,0,0,0,0,0,0,0,20.1,19.6,21.2,16.8,13.1,19.5,19,14.7,18.7,19.1,23.2,21.5,20.5,17.9,19.3,17,21.7,15.8,29.6,22.6,21,18.7,18.4,22.2,18.4,28.2,18.1,18.2,15.3,19.9,19.5,21.2,20.2,23.4,18.4,13,22,20.2,15.1,19.4,20.5,25.6,23.8,20.9,19.4,21.2,18.4,24.5,16.6,32.4,25.2,22.3,22,21.2,23.8,19.1,30.6,19.4,20.2,16.2,19.8,21.6,,,,,,22.2204,114.2127
2026-10-07T10:00,24.3,23.8,23.7,23.2,24.1,22,22.3,23.4,21.7,23.5,22.5,24.5,24.5,21.7,24.1,23.1,24.6,24.4,22.6,23.2,24.1,23.1,21.6,23.4,24.6,23.7,23.9,21.4,23.7,25.1,22.3,24.5,23.1,23.7,23.2,22.3,22,24.3,23.7,21.8,53,56,58,49,56,54,62,57,56,54,56,63,53,57,53,77,67,62,56,58,49,59,57,56,66,48,58,53,66,64,55,53,60,55,58,56,55,59,53,58,0,0,0,0,0,0,0,0,0,0,0,0,0,0,0,0,0,0,0,0,0,0,0,0,0,0,0,0,0,0,0,0,0,0,0,0,0,0,0,0,4.7,6.9,8,7.6,2.5,11.9,10.7,5.8,10.8,8.7,9.6,5.4,5.1,9.3,5.5,4,6.1,6.8,9.3,8.6,7.3,8.3,10.8,9,4.3,6.5,7.7,10.8,4.7,3.6,10.7,6.8,5.8,8,8.3,10.1,9,6.1,6.2,7.4,,,,,,,,,,,,,,,,,,,,,,,,,,,,,,,,,,,,,,,,,25.1,24.3,24.8,24,24.3,24.3,24.9,23.9,25.1,24.9,24.8,24.3,24.9,24.5,24.5,24.7,24.3,25.3,24.7,25.1,24.4,25.2,25.4,24.6,25,24.8,25,24.8,23.5,24.4,24.4,55,56,50,58,66,50,53,48,64,50,60,58,55,47,56,50,53,54,76,42,53,57,56,62,57,68,56,50,54,55,51,0,0,0,0,0,0,0,0,0,0,0,0,0,0,0,0,0,0,0.3,0,0,0,0,0,0,0,0,0,0,0,0,20.2,19.7,19.5,16.6,12.6,18.5,18.6,15.2,18,18.5,22.9,21.8,20.1,16.6,18.2,16.2,21.2,15.4,29.5,21.4,20.4,20.4,18.7,18.2,19.4,26.3,18.4,18.8,14.1,19.6,19.1,20.5,20.2,20.5,17.3,13,20.9,18.7,15.1,18.7,19.4,24.5,23,20.2,18,19.4,16.9,24.1,15.8,32,23.4,21.2,24.5,21.6,18.7,19.8,27.4,18.7,19.8,15.1,19.4,20.5,,,,,,22.2204,114.2127
2026-10-07T11:00,24.4,24,23.9,23.4,24.2,22.3,22.6,23.5,21.9,23.6,22.8,24.7,24.7,21.9,24.3,23.3,24.8,24.6,22.9,23.4,24.3,23.3,21.8,23.5,24.8,23.9,24.1,21.6,23.9,25.1,22.5,24.6,23.2,23.9,23.4,22.5,22.2,24.4,23.9,22,55,56,59,49,57,55,63,59,58,55,57,63,53,58,55,77,68,63,58,59,50,60,58,57,66,48,59,54,66,65,56,54,61,56,59,57,56,60,55,60,0,0,0,0,0,0,0,0,0,0,0,0,0,0,0,0,0,0,0,0,0,0,0,0,0,0,0,0,0,0,0,0,0,0,0,0,0,0,0,0,4,6.5,7.3,7.2,1.8,11.2,9.8,5.1,10.4,8,9,5,5.1,8.7,4.9,3.4,6.1,6.3,9,8.3,6.6,7.6,10.4,8.7,4,6.2,7.1,10.4,4.3,3.3,10.3,6.8,5.3,7.3,7.9,9.7,8.6,5.8,6,6.8,,,,,,,,,,,,,,,,,,,,,,,,,,,,,,,,,,,,,,,,,25.4,24.6,25.1,24.3,24.6,24.7,25.3,24.4,25.6,25.3,25.2,24.6,25.2,24.9,24.9,25.1,24.6,25.7,24.9,25.6,24.6,25.6,25.7,25,25.3,25.1,25.3,25.2,23.9,24.7,24.7,55,56,50,59,64,50,52,47,61,50,59,58,53,47,55,50,54,53,75,41,52,59,57,57,58,66,56,49,53,54,51,0,0,0,0,0,0,0,0,0,0,0,0,0,0,0,0,0,0,0.3,0,0,0,0,0,0,0,0,0,0,0,0,20.1,20,18.2,16.4,12.4,18.1,18.2,15.1,17,17.8,22.5,21.9,19.6,16.1,17.1,15.5,21.4,15.1,29.1,20.7,19.9,22.6,19.1,15.3,19.9,24,18.2,18.9,13.3,19.1,18.9,20.2,20.2,18.4,16.6,12.6,19.8,18.4,15.1,18,18.7,23.8,22.7,19.4,16.9,18.4,16.2,24.1,15.5,31.3,22.3,20.2,26.3,21.2,14.8,20.5,24.5,18.4,19.4,14,18.7,19.8,,,,,,22.2204,114.2127
2026-10-07T12:00,24.5,24.3,24.1,23.7,24.3,22.6,22.8,23.7,22.1,23.8,23.1,24.8,24.8,22.2,24.4,23.5,24.9,24.8,23.1,23.7,24.5,23.6,22.1,23.8,24.9,24.1,24.4,21.8,24.1,25.1,22.8,24.7,23.4,24.1,23.7,22.7,22.4,24.6,24.1,22.1,56,57,61,49,59,56,65,60,59,57,59,64,54,60,56,77,68,64,59,61,52,61,59,58,67,49,61,55,66,66,57,56,62,58,61,59,58,61,56,61,0,0,0,0,0,0,0,0,0,0,0,0,0,0,0,0,0,0,0,0,0,0,0,0,0,0,0,0,0,0,0,0,0,0,0,0,0,0,0,0,3.3,5.8,6.7,6.8,1.1,10.5,8.9,4.3,10.1,7.6,8.2,4.7,4.7,7.9,4.2,3.1,5.8,6,8.7,7.9,6,7.2,9.7,8,3.8,5.8,6.5,10.1,4.3,3.1,10,6.5,4.8,7,7.2,9,8,5.8,5.5,5.8,,,,,,,,,,,,,,,,,,,,,,,,,,,,,,,,,,,,,,,,,25.5,24.8,25.3,24.6,24.7,24.9,25.5,24.7,25.9,25.5,25.4,24.8,25.5,25,25.1,25.4,24.9,25.9,25,25.9,24.8,25.7,25.9,25.3,25.4,25.5,25.6,25.3,24.2,25,24.9,55,57,50,58,63,51,53,46,60,50,58,58,51,48,56,49,54,53,74,41,52,61,58,52,59,63,55,48,52,52,51,0,0,0,0,0,0,0,0,0,0,0,0,0,0,0,0,0,0,0.1,0,0,0,0,0,0,0,0,0,0,0,0,19.9,20.1,16.9,15.9,12.2,17.6,18.9,14.7,16.3,17.6,22.2,21.9,18.8,16.1,17,15.6,22.7,15,27.6,21.6,19.4,24.3,19,14,20,21.6,17.2,19.3,13.2,17.6,19,19.8,20.2,17.3,15.8,12.6,18.7,19.4,14.8,17.6,18,23.8,22.3,18.7,16.6,18.4,16.2,25.6,15.5,29.2,23.4,19.4,27.7,20.2,13.7,20.9,22.3,17.6,19.8,13.7,17.3,19.4,,,,,,22.2204,114.2127
2026-10-07T13:00,24.7,24.6,24.3,24,24.4,23.1,23.1,23.9,22.4,24,23.4,25,25,22.6,24.6,23.7,25.2,25,23.4,23.9,24.7,23.9,22.4,24,25.1,24.3,24.6,22.1,24.4,25.1,23.1,24.8,23.6,24.4,24.1,23,22.6,24.8,24.3,22.3,58,58,62,50,60,57,66,62,61,58,60,65,54,61,58,77,69,65,61,62,53,63,60,60,68,51,62,56,67,67,59,57,63,60,62,60,59,62,57,63,0,0,0,0,0,0,0,0,0,0,0,0,0,0,0,0,0,0,0,0,0,0,0,0,0,0,0,0,0,0,0,0,0,0,0,0,0,0,0,0,2.6,5.1,6.2,6.5,0.8,9.8,8,3.7,9.4,7.2,7.7,4.3,4.7,7.3,3.6,3.3,5.4,5.6,8.1,7.2,5.5,6.5,9.4,7.6,3.7,5.4,6.3,9.4,4,3.1,9.2,6.1,4.7,6.3,6.8,8.7,7.6,5.4,5.2,5,,,,,,,,,,,,,,,,,,,,,,,,,,,,,,,,,,,,,,,,,25.5,24.9,25.6,24.8,24.7,25.1,25.7,25.1,26.1,25.8,25.6,25,25.8,25,25.2,25.7,25.2,26.2,25.1,26.2,24.9,25.6,26.1,25.6,25.6,25.9,25.8,25.4,24.3,25.3,25.1,55,58,50,57,63,52,54,45,59,51,58,57,50,50,57,48,55,52,73,43,52,63,59,47,61,59,54,48,51,49,52,0,0,0,0,0,0,0,0,0,0,0,0,0,0,0,0,0,0,0.1,0,0,0,0,0,0,0,0,0,0,0,0,19.3,19.8,16.6,15.1,12.5,17,20.4,14.1,16.1,17.3,22.6,21.7,17.6,16.9,18,16.4,24.5,15.1,25.5,23,18.8,25.3,18.1,13.5,20.1,19.4,15.9,19.7,13.5,15.9,19.4,19.1,20.2,16.6,15.1,12.6,17.3,20.9,14.4,17.3,17.6,24.1,22,18,16.6,19.1,16.6,27.7,15.8,26.6,25.2,19.1,28.8,19.1,14,21.2,20.5,17.3,20.2,13.3,15.8,19.8,,,,,,22.2204,114.2127
2026-10-07T14:00,24.8,24.8,24.6,24.3,24.5,23.5,23.5,24.1,22.7,24.2,23.8,25.2,25.2,22.9,24.8,23.9,25.4,25.3,23.8,24.1,24.9,24.2,22.8,24.2,25.2,24.5,24.9,22.4,24.6,25.1,23.3,24.9,23.8,24.6,24.4,23.3,22.8,24.9,24.5,22.5,59,59,64,50,61,58,68,64,63,60,61,66,54,62,59,77,69,66,63,64,55,64,61,61,68,52,64,58,67,69,61,59,64,63,63,63,61,63,58,65,0,0,0,0,0,0,0,0,0,0,0,0,0,0,0,0,0,0,0,0,0,0,0,0,0,0,0,0,0,0,0,0,0,0,0,0,0,0,0,0,1.8,4.7,5.5,5.8,0.8,9.1,7.2,2.9,8.6,6.5,7.2,3.6,4.4,7.1,3.5,3.5,5.1,5.5,7.8,6.9,5,5.9,9,7.2,3.3,5,5.8,9,3.7,3.3,8.8,5.8,4.9,5.4,6.5,8,6.9,5,4.8,3.8,,,,,,,,,,,,,,,,,,,,,,,,,,,,,,,,,,,,,,,,,25.5,25,25.8,25,24.7,25.2,25.8,25.3,26.3,25.9,25.8,25.1,26,25,25.3,26,25.5,26.4,25.2,26.3,25,25.6,26.2,25.8,25.7,26.2,26,25.4,24.4,25.5,25.2,55,59,51,56,63,53,55,44,59,52,58,57,49,51,59,47,55,52,72,44,53,65,60,43,62,56,53,47,50,47,53,0,0,0,0,0,0,0,0,0,0,0,0,0,0,0,0,0,0,0.1,0,0,0,0,0,0,0,0,0,0,0,0,19.4,19.8,16.1,14.3,12.8,16.4,22,13.7,16.2,17.7,23.1,22,17.4,17.7,19,16.9,25.8,15.5,24.5,24,18.5,26.1,18,13.5,20.7,17.9,15.1,19.7,13.6,14,19.6,19.1,20.2,16.2,14.8,12.6,16.6,22,14.4,17.3,17.6,24.5,22,18,16.6,19.4,17.3,29.5,16.2,25.2,26.3,18.7,29.2,18.4,15.1,22,19.4,16.6,20.2,13.3,14.4,19.8,,,,,,22.2204,114.2127
2026-10-07T15:00,25,25.1,24.8,24.5,24.7,23.9,23.8,24.4,23,24.4,24.2,25.4,25.4,23.3,25,24.1,25.6,25.5,24.1,24.4,25.1,24.5,23.1,24.5,25.4,24.8,25.2,22.6,24.9,25.1,23.6,25,23.9,24.9,24.7,23.6,23.1,25.1,24.7,22.7,61,60,66,51,63,59,70,65,64,62,63,67,55,64,61,77,69,67,64,65,57,65,63,63,69,53,65,59,68,70,62,60,65,65,65,65,62,64,60,67,0,0,0,0,0,0,0,0,0,0,0,0,0,0,0,0,0,0,0,0,0,0,0,0,0,0,0,0,0,0,0,0,0,0,0,0,0,0,0,0,1.9,4,5.1,5.4,1.8,8.4,6.6,2.5,8,6.2,6.9,3.3,4,6.6,3.6,4,4.7,5.8,7.1,6.5,4.3,5.6,8.3,6.5,3.6,4.7,5.4,8.4,3.8,3.3,8.1,5.4,5.4,4.8,5.8,7.6,6.6,4.7,4.9,3.4,,,,,,,,,,,,,,,,,,,,,,,,,,,,,,,,,,,,,,,,,25.5,25,25.8,25,24.7,25.3,25.8,25.5,26.4,26,25.8,25.1,26,25.1,25.4,26,25.8,26.5,25.2,26.3,25,25.8,26.3,26.1,25.8,26.2,26.1,25.4,24.5,25.6,25.3,56,61,53,56,62,53,56,44,59,54,59,58,49,51,60,48,56,51,72,45,54,66,61,41,64,56,53,46,49,46,54,0,0,0,0,0,0,0,0,0,0,0,0,0,0,0,0,0,0,0,0,0,0,0,0,0,0,0,0,0,0,0,19.7,20,15.8,13.7,12.6,15.8,21.8,13.4,15.9,17.8,23.3,22.7,18.1,17.7,19.6,17.5,26.1,16.3,25.1,23.2,18.5,25.6,18.7,14.3,22,18.1,15,18.1,12.7,12.2,19.5,19.4,20.2,16.6,14.8,13,16.2,21.6,14.8,17.6,18.4,24.8,22.7,19.1,16.9,19.8,18.4,30.2,17.3,25.9,25.6,19.1,28.4,18.7,16.6,23,19.4,16.2,19.1,13,13.7,19.8,,,,,,22.2204,114.2127
2026-10-07T16:00,25.2,25.3,25,24.8,24.8,24.4,24.1,24.6,23.2,24.6,24.5,25.6,25.5,23.6,25.2,24.3,25.8,25.8,24.4,24.6,25.3,24.8,23.4,24.7,25.5,25,25.5,22.9,25.1,25.1,23.9,25.1,24.1,25.1,25,23.8,23.3,25.2,24.9,22.9,63,61,68,52,64,60,71,67,66,63,64,68,55,65,63,78,70,68,66,67,59,67,64,64,70,54,67,60,68,71,64,62,66,67,66,67,64,66,61,69,0,0,0,0,0,0,0,0,0,0,0,0,0,0,0,0,0,0,0,0,0,0,0,0,0,0,0,0,0,0,0,0,0,0,0,0,0,0,0,0,2.2,3.3,4.9,5.1,2.6,7.7,6.2,2.7,7.3,5.9,6.4,2.9,4,6.6,4,4.7,4.7,6.2,6.9,6.2,4.1,5,7.9,6.2,3.7,4.4,5.1,8,3.5,3.7,7.7,5.4,6.2,4.2,5.4,6.9,6.3,4.3,4.8,3.3,,,,,,,,,,,,,,,,,,,,,,,,,,,,,,,,,,,,,,,,,25.5,25,25.6,25,24.7,25.3,25.6,25.6,26.5,26,25.8,25,25.9,25.1,25.5,26,26,26.6,25.1,26.2,24.9,25.9,26.4,26.3,25.9,26.1,26,25.3,24.4,25.5,25.4,57,63,54,56,62,53,58,43,60,56,60,59,50,51,61,49,58,50,73,46,55,67,62,41,65,57,54,46,47,47,55,0,0,0,0,0,0,0,0,0,0,0,0,0,0,0,0,0,0,0,0,0,0,0,0,0,0,0,0,0,0,0,20.2,20.3,16.3,13.4,12.2,14.5,20.4,13.8,16.3,18.2,23.1,23.2,19.8,17.4,19.7,18.4,26.6,17,26.8,21.5,18.4,24.5,19.6,15.8,23.2,19.2,15.2,16.1,11.6,11,19.4,20.5,19.8,17.3,15.1,13.3,16.2,20.9,15.5,18.4,19.4,25.2,23.8,20.5,17.6,19.8,19.4,30.6,18.7,27.4,24.5,19.8,27,19.8,18.4,24.5,20.2,15.8,17.3,12.6,13,20.2,,,,,,22.2204,114.2127
2026-10-07T17:00,25.3,25.6,25.2,25.1,24.9,24.7,24.4,24.8,23.5,24.8,24.8,25.7,25.7,23.9,25.3,24.5,26,26,24.7,24.8,25.5,25,23.7,25,25.7,25.2,25.7,23.2,25.3,25.1,24.1,25.2,24.2,25.3,25.3,24.1,23.5,25.4,25,23.1,64,62,69,52,66,61,73,69,67,65,66,69,56,66,64,78,70,69,67,68,61,68,64,66,70,55,68,61,69,72,66,63,67,69,67,68,65,67,62,70,0,0,0,0,0,0,0,0,0,0,0,0,0,0,0,0,0,0,0,0,0,0,0,0,0,0,0,0,0,0,0,0,0,0,0,0,0,0,0,0,2.6,2.9,4.8,4.7,3.1,7.1,6,2.9,6.9,5.2,6.6,2.5,3.7,6.6,4.9,5.4,4.5,6.8,6.3,5.8,4,4.8,7.6,5.8,3.9,4,5.1,7.7,3.4,3.9,7,5,7.1,4.1,4.7,6.6,5.6,4,5.4,3.2,,,,,,,,,,,,,,,,,,,,,,,,,,,,,,,,,,,,,,,,,25.5,24.9,25.5,25,24.7,25.3,25.5,25.6,26.5,25.9,25.9,24.9,25.7,25.2,25.5,26,26.1,26.6,25,26,24.9,26.1,26.4,26.4,25.9,26,26,25.3,24.4,25.5,25.5,58,65,56,57,62,53,59,44,60,58,61,61,52,51,62,51,59,50,73,47,56,68,63,42,67,59,55,46,47,47,56,0,0,0,0,0,0,0,0,0,0,0,0,0,0,0,0,0,0,0,0,0,0,0,0,0,0,0,0,0,0,0,20.7,20.9,16.3,13.5,12.6,14,19.2,14,16.3,18.7,23,23.7,21.4,17.3,19.9,19,26.6,17.5,28.1,20,18.1,23.9,20.5,17.1,24.3,20.4,15.5,14.8,11,10.8,19.5,21.2,20.2,17.6,15.5,14,16.2,20.5,16.2,19.1,20.5,25.6,24.5,22.3,18.4,20.2,20.5,30.6,19.4,29.2,23,20.5,26.3,21.2,19.8,25.6,21.2,15.8,16.2,12.6,13,20.5,,,,,,22.2204,114.2127
2026-10-07T18:00,25.4,25.8,25.4,25.3,25,25.1,24.7,24.9,23.7,24.9,25.1,25.8,25.8,24.1,25.5,24.6,26.2,26.1,24.9,24.9,25.6,25.2,24,25.1,25.8,25.3,26,23.4,25.5,25.1,24.3,25.3,24.3,25.5,25.5,24.3,23.7,25.5,25.2,23.2,65,63,70,53,67,62,74,70,69,66,67,69,56,67,66,77,71,69,69,69,63,69,65,67,71,56,70,62,69,72,67,64,68,71,69,70,66,68,63,71,0,0,0,0,0,0,0,0,0,0,0,0,0,0,0,0,0,0,0,0,0,0,0,0,0,0,0,0,0,0,0,0,0,0,0,0,0,0,0,0,3.1,2.5,5.4,4,3.9,6.4,6,3.6,6.3,4.9,6.8,2.2,3.7,7.1,5.5,6.2,4.1,7.2,6,5.4,4.1,4.4,7.2,5.5,4.1,4.1,5.2,7,3.6,4,6.6,4.7,7.6,3.8,4.3,6.2,5.4,4,5.6,3.8,,,,,,,,,,,,,,,,,,,,,,,,,,,,,,,,,,,,,,,,,25.4,24.8,25.5,25.1,24.7,25.4,25.5,25.4,26.5,25.8,26,24.8,25.4,25.2,25.4,25.9,26.3,26.5,25,25.9,24.9,26.2,26.3,26.2,25.8,25.9,26,25.2,24.3,25.5,25.5,60,67,56,57,64,53,60,46,60,60,62,63,57,51,64,53,60,50,74,48,56,69,66,45,69,61,55,46,48,48,57,0,0,0,0,0,0,0,0,0,0,0,0,0,0,0,0,0,0,0,0,0,0,0,0,0,0,0,0,0,0,0,21.7,22,15.8,13.9,14,14.4,18.6,14.5,16.7,19.9,22.9,23.7,23.1,17.3,20.2,19.2,26.3,17.1,28.6,18.9,17.4,23.9,21.5,18,24.4,21.2,15.5,14.8,11.5,11.2,20.1,22.3,20.9,17.6,16.2,15.1,16.9,20.5,16.6,19.4,21.6,25.9,24.5,23.8,18.7,20.5,20.9,29.9,19.1,30.2,22,20.5,26.3,22.7,20.5,25.9,22.3,16.6,15.8,13,13.7,21.6,,,,,,22.2204,114.2127
2026-10-07T19:00,25.5,25.9,25.5,25.4,25,25.3,24.9,25.1,23.8,25,25.3,25.9,25.9,24.3,25.6,24.7,26.3,26.3,25.1,25.1,25.7,25.4,24.2,25.3,25.9,25.5,26.1,23.5,25.6,25.1,24.5,25.3,24.4,25.6,25.7,24.5,23.8,25.6,25.3,23.4,66,63,71,53,68,63,75,71,69,67,67,70,56,68,66,77,71,70,69,70,64,70,66,68,71,57,70,62,70,73,68,65,69,72,69,71,67,68,64,72,0,0,0,0,0,0,0,0,0,0,0,0,0,0,0,0,0,0,0,0,0,0,0,0,0,0,0,0,0,0,0,0,0,0,0,0,0,0,0,0,3.7,2.3,5.5,4,4.2,6.2,6.2,4.3,6.3,5,6.5,1.8,3.3,7,6,6.9,3.9,8,5.9,5.2,4.4,4.3,6.9,5.2,4.4,3.8,5.3,7,3.6,4.5,6.3,4.7,8.4,3.6,4.3,5.9,5,3.6,5.9,4.2,,,,,,,,,,,,,,,,,,,,,,,,,,,,,,,,,,,,,,,,,25.3,24.6,25.5,25.2,24.6,25.5,25.6,25.2,26.5,25.7,26.3,24.8,25.1,25.3,25.2,25.8,26.4,26.4,24.9,25.8,25.1,26.3,26.2,25.9,25.6,25.7,26,25.1,24.2,25.5,25.6,63,69,56,58,66,53,61,49,59,63,64,64,64,51,66,54,60,50,74,48,56,70,69,48,72,64,56,46,50,49,58,0,0,0,0,0,0,0,0,0,0,0,0,0,0,0,0,0,0,0,0,0,0,0,0,0,0,0,0,0,0,0,22.7,23.4,15.3,14.8,15.9,15.5,18.5,14.8,17.3,21.3,22.9,23.4,24.5,17.4,20.2,19.4,25.9,16.6,28.4,18.1,17.2,24.4,22.6,18.7,24.4,21.7,15.6,15.3,13,12.1,21.5,23.4,22.3,17.6,16.9,16.6,17.6,20.5,16.6,19.8,22.7,26.6,24.1,25.2,18.7,20.9,20.9,28.8,18,31.3,20.9,20.2,27,24.1,20.9,25.9,23.4,17.3,15.8,13.7,14.8,22.7,,,,,,22.2204,114.2127
2026-10-07T20:00,25.6,26,25.6,25.5,25.1,25.4,25,25.1,23.9,25.1,25.4,26,26,24.4,25.7,24.8,26.3,26.3,25.2,25.1,25.8,25.5,24.3,25.3,25.9,25.5,26.2,23.6,25.7,25.1,24.5,25.3,24.5,25.7,25.9,24.6,23.9,25.6,25.3,23.4,67,64,72,54,69,63,75,71,70,68,68,70,57,68,67,77,71,70,70,71,65,70,66,68,71,57,71,63,70,73,69,66,69,73,70,72,68,69,64,72,0,0,0,0,0,0,0,0,0,0,0,0,0,0,0,0,0,0,0,0,0,0,0,0,0,0,0,0,0,0,0,0,0,0,0,0,0,0,0,0,4,2.1,5.9,3.7,4.4,6.2,6.5,4.7,5.9,4.8,6.8,1.8,3.3,7.3,6.1,7.3,4,8.3,5.9,5.2,4.7,4.6,6.9,5.2,4.7,3.8,5.6,6.6,3.8,4.5,6.3,4.7,8.9,3.9,4,5.4,5,3.7,6.2,4.7,,,,,,,,,,,,,,,,,,,,,,,,,,,,,,,,,,,,,,,,,25.2,24.4,25.4,25.2,24.5,25.6,25.6,24.9,26.5,25.6,26.4,24.8,24.8,25.3,25,25.8,26.4,26.2,24.9,25.7,25.2,26.3,26.1,25.6,25.5,25.6,25.9,24.9,24.1,25.5,25.6,66,70,57,59,68,53,62,51,59,65,65,66,69,52,68,55,61,52,74,49,56,71,72,51,74,66,57,48,52,50,59,0,0,0,0,0,0,0,0,0,0,0,0,0,0,0,0,0,0,0,0,0,0,0,0,0,0,0,0,0,0,0,23.1,24.5,15.3,15.7,17.5,15.6,19.1,14.8,17.3,22.3,23.4,23.2,25.6,17.2,20.2,18.9,26.3,16.1,29.2,17.6,17.4,25,23.4,18.5,24.6,22,16.5,16.1,14.4,12.9,22.1,24.1,23.8,18,17.6,17.6,18,21.2,16.6,19.8,23.8,27.4,24.1,26.6,18.7,21.2,20.5,28.8,17.6,32.4,20.2,20.2,28.1,25.6,20.5,26.6,23.8,18.4,16.9,14.8,15.5,23.4,,,,,,22.2204,114.2127
2026-10-07T21:00,25.6,26,25.7,25.5,25.1,25.4,25.1,25.1,23.9,25.2,25.4,26,26,24.4,25.7,24.9,26.3,26.3,25.3,25.1,25.8,25.6,24.3,25.3,25.9,25.5,26.3,23.6,25.8,25.1,24.5,25.2,24.5,25.7,25.9,24.6,23.9,25.6,25.3,23.4,67,64,72,55,70,63,75,71,70,68,68,70,58,68,67,77,71,70,70,71,66,70,66,68,71,57,71,63,70,73,69,66,69,73,70,72,68,69,64,71,0,0,0,0,0,0,0,0,0,0,0,0,0,0,0,0,0,0,0,0,0,0,0,0,0,0,0,0,0,0,0,0,0,0,0,0,0,0,0,0,4.3,2.3,6.2,3.6,4.4,6.2,6.9,5.1,5.9,5,6.8,1.9,3.2,7.3,6.1,7.6,4.2,8.7,5.9,5.2,5.1,4.8,6.9,5.2,4.7,3.8,6,6.6,4.1,4.5,6.3,4.8,9.2,4.2,4,5.4,5,3.8,6.5,5,,,,,,,,,,,,,,,,,,,,,,,,,,,,,,,,,,,,,,,,,25.1,24.3,25.4,25.2,24.4,25.5,25.6,24.8,26.3,25.5,26.5,24.9,24.9,25.3,24.9,25.7,26.4,25.9,25,25.6,25.3,26.4,26,25.3,25.4,25.5,25.8,24.8,24,25.4,25.5,68,70,60,60,70,53,63,52,60,67,66,67,70,53,69,55,62,58,72,50,57,72,73,52,75,67,61,52,55,51,59,0,0,0,0,0,0,0,0,0,0,0,0.1,0,0,0,0,0,0,0,0,0,0.1,0.1,0,0.1,0,0,0,0,0,0,22.2,24.9,15.6,16.5,18.1,14.8,20.8,13.9,16.7,22.6,25.3,23.2,26,16.5,19.8,16.8,27.8,16.3,30.6,17.7,18.9,26.1,23.7,17.2,25.7,21.1,17.9,17.1,15.1,13.4,21.2,23.8,25.2,18.4,18,18.4,16.9,22.7,15.8,19.1,24.1,29.2,24.8,28.1,18.4,20.9,18.7,30.2,18.4,33.8,19.8,21.2,29.2,27,19.1,28.1,23,19.4,19.1,15.8,15.5,22.7,,,,,,22.2204,114.2127
2026-10-07T22:00,25.6,26,25.6,25.5,25.1,25.2,25.1,25.1,23.8,25.2,25.3,25.9,26,24.3,25.7,24.9,26.3,26.3,25.3,25.1,25.7,25.6,24.2,25.2,25.9,25.5,26.2,23.5,25.8,25,24.4,25.1,24.4,25.7,26,24.6,23.8,25.6,25.3,23.4,67,65,72,55,70,63,75,71,70,69,68,70,58,68,67,76,71,69,70,71,66,70,66,68,71,57,71,63,71,72,70,66,69,73,70,72,68,69,64,70,0,0,0,0,0,0,0,0,0,0,0,0,0,0,0,0,0,0,0,0,0,0,0,0,0,0,0,0,0,0,0,0,0,0,0,0,0,0,0,0,4.2,2.8,6.6,3.6,4.3,6.5,6.9,5.8,5.9,5.4,7,2.3,3.2,7.3,6,8.3,4.6,9,6.4,5.6,5.4,4.8,7.3,5.5,5.2,3.8,6.1,6.6,4.4,4.3,6.4,5.2,9.4,4.4,4,5.4,5,4,6.5,5.6,,,,,,,,,,,,,,,,,,,,,,,,,,,,,,,,,,,,,,,,,25.1,24.3,25.3,25.2,24.4,25.3,25.6,24.6,26.1,25.4,26.5,24.9,25,25.2,24.9,25.7,26.2,25.6,25,25.5,25.4,26.3,26,25.1,25.3,25.5,25.6,24.6,23.9,25.3,25.3,70,70,64,62,72,53,65,53,61,69,68,68,69,54,70,54,64,65,70,50,59,73,73,52,74,68,66,56,58,53,59,0,0,0,0,0,0,0,0,0,0,0,0.1,0,0,0,0,0,0,0,0,0,0.1,0.1,0,0.1,0,0,0,0,0,0,21,24.9,17,17.2,18.9,13,22.8,12.8,16.3,22.2,27.7,23.4,26.2,15.6,19.2,14.2,29.6,17.3,32.1,17.9,20.7,27,24.1,15.1,26.7,20,19.6,19.2,15.8,13.4,19.6,23.4,27,19.1,18.4,19.1,15.1,24.5,14.8,18.4,24.5,31.3,25.9,29.5,17.6,20.2,16.6,32.4,19.4,35.3,19.8,23,30.6,28.4,16.6,29.9,22,20.5,22,16.9,15.1,21.6,,,,,,22.2204,114.2127
2026-10-07T23:00,25.5,25.9,25.6,25.4,25.1,25,25.1,25,23.7,25.1,25.1,25.8,26,24.1,25.7,24.8,26.2,26.1,25.2,25,25.6,25.6,24.1,25.1,25.8,25.4,26.2,23.3,25.7,25,24.3,25,24.4,25.6,25.9,24.5,23.7,25.6,25.2,23.4,67,65,71,56,71,63,74,70,70,69,68,69,59,67,66,75,71,69,69,71,67,70,65,67,70,57,71,63,71,71,70,66,69,73,70,72,68,70,63,69,0,0,0,0,0,0,0,0,0,0,0,0,0,0,0,0,0,0,0,0,0,0,0,0,0,0,0,0,0,0,0,0,0,0,0,0,0,0,0,0,4.5,3.4,6.8,3.6,3.8,6.8,7.3,6.1,6.2,5.6,7.2,2.8,3.3,7.1,5.4,8.6,5.1,9,6.7,6,5.4,5.1,7.3,5.9,5.2,3.7,6.8,6.9,5,4.2,6.7,5.8,9.6,4.9,4.1,5.5,5.4,4.7,6.9,5.9,,,,,,,,,,,,,,,,,,,,,,,,,,,,,,,,,,,,,,,,,25.1,24.3,25.2,25.1,24.2,25.2,25.6,24.5,25.9,25.3,26.5,24.9,25.1,25.2,24.9,25.7,26.1,25.4,25,25.4,25.3,26.3,25.9,25,25.2,25.5,25.4,24.4,23.8,25.2,25.1,71,70,67,64,73,53,65,54,63,71,69,69,69,56,71,54,65,71,68,51,61,74,73,53,74,69,70,60,61,55,59,0,0,0,0,0,0,0,0,0,0,0,0.1,0,0,0,0,0,0,0,0,0,0.1,0.1,0,0.1,0,0,0,0,0,0,20.6,25.2,19.3,18.4,20.4,12,24.9,12.4,16.3,22.9,29.5,24.6,27,15.5,18.7,12.7,32,19.1,32.8,18.5,23.2,28.2,25,13.7,28.2,19.5,21.3,21.7,16.6,13.6,18.8,23.8,28.4,20.9,19.4,20.5,13.7,26.3,14.4,18,25.6,32.8,27.7,31,17.3,19.8,15.1,34.6,21.2,36,20.2,24.8,32,29.9,15.1,31.7,21.6,22.3,24.8,18,14.8,21.6,,,,,,22.2204,114.2127
2026-10-08T00:00,25.4,25.7,25.5,25.3,25.1,24.7,25,24.9,23.5,25.1,24.9,25.7,25.9,23.9,25.6,24.8,26.1,26,25.1,24.8,25.5,25.5,23.9,24.9,25.7,25.3,26,23.1,25.6,24.9,24.1,24.8,24.3,25.5,25.9,24.4,23.6,25.5,25.1,23.3,66,65,71,57,71,63,73,69,69,69,67,69,59,66,66,74,70,68,69,71,67,70,64,67,70,56,70,63,71,70,69,66,69,72,70,72,68,69,63,67,0,0,0,0,0,0,0,0,0,0,0,0,0,0,0,0,0,0,0,0,0,0,0,0,0,0,0,0,0,0,0,0,0,0,0,0,0,0,0,0,4.3,4.5,7.4,3.6,3.4,7.5,7.4,6.8,6.5,6.1,7.6,3.7,3.3,7.3,5.2,9,5.6,9.1,7,6.5,5.8,5.4,8,6.3,5.4,4,7.5,6.9,5.3,4,7.2,6.4,9.8,5.6,4.7,5.7,5.7,5.4,7.1,6.5,,,,,,,,,,,,,,,,,,,,,,,,,,,,,,,,,,,,,,,,,25,24.3,25.1,25,24,25,25.4,24.4,25.8,25.2,26.3,24.8,24.9,25.1,24.9,25.6,25.9,25.2,25,25.2,25.1,26.1,25.8,24.9,25,25.5,25.2,24.2,23.9,25.1,24.9,72,70,67,66,74,55,64,55,65,72,69,70,70,58,71,54,66,73,68,51,63,74,74,54,73,70,72,62,62,57,60,0.1,0,0.2,0,0,0,0,0,0.1,0.1,0,0.1,0,0,0,0,0,0.2,0,0,0,0.1,0.1,0,0,0.1,0,0,0,0,0,22.7,26.5,23.4,20.7,23.6,11.7,27,13.6,17.3,25.1,29.8,27.2,29.3,16.1,18.6,13.5,33.8,21.2,32.4,18.9,25.7,29.3,26.5,13.2,29.8,21,23.2,24.8,17.9,13.6,20.1,25.9,29.9,25.6,22,23.8,13,28.4,15.5,18.7,28.1,33.5,30.6,33.1,18,19.8,15.1,37.1,23.4,36,20.5,27.4,33.1,31.7,15.1,33.5,23,24.5,28.1,19.4,14.8,23.8,,,,,,22.2204,114.2127
2026-10-08T01:00,25.3,25.6,25.4,25.1,25,24.4,24.9,24.7,23.3,25,24.7,25.5,25.9,23.6,25.5,24.7,26,25.8,25,24.7,25.4,25.4,23.6,24.7,25.6,25.2,25.9,22.9,25.5,24.9,23.9,24.6,24.1,25.3,25.8,24.3,23.4,25.4,25,23.2,65,65,70,58,72,62,72,67,68,68,67,68,60,66,65,73,70,67,68,70,67,69,63,66,69,56,69,63,71,69,69,66,69,71,69,71,68,69,62,65,0,0,0,0,0,0,0,0,0,0,0,0,0,0,0,0,0,0,0,0,0,0,0,0,0,0,0,0,0,0,0,0,0,0,0,0,0,0,0,0,4.3,5.3,8.2,4.1,3.1,8.2,8,7.3,6.8,6.9,7.9,4.5,3.8,7.2,4.7,9.7,6.2,9.3,7.3,6.8,6.2,5.6,8.4,6.6,5.2,4.3,7.9,7.2,5.6,4,7.2,7.1,10.1,6.4,5.2,6.4,6,6.1,7.2,7.2,,,,,,,,,,,,,,,,,,,,,,,,,,,,,,,,,,,,,,,,,25,24.2,25,24.9,23.8,24.9,25.2,24.4,25.7,25.1,26.1,24.5,24.7,25.1,25,25.4,25.6,25.2,24.9,24.9,24.8,25.9,25.7,24.9,24.8,25.5,25.1,23.9,24,25,24.8,72,70,66,68,74,57,62,57,68,73,69,70,71,60,70,54,66,74,68,52,64,74,74,56,73,70,72,64,63,60,61,0.1,0,0.2,0,0,0,0,0,0.1,0.1,0,0.1,0,0,0,0,0,0.2,0,0,0,0.1,0.1,0,0,0.1,0,0,0,0,0,26.4,28.2,28.5,23.4,27.3,11.7,28.6,16.1,18.7,28.2,29.5,30.8,31.9,17.3,18.5,15,35.8,23.5,31,19.2,28.2,30.9,28.6,13.5,32.1,23.5,25.2,27.9,19.5,13.9,22.4,29.2,31.3,31.3,25.6,28.1,13,30.6,17.3,20.2,31.3,33.8,33.8,35.3,19.1,20.2,15.8,39.6,26.3,35.3,21.2,29.9,34.6,33.5,15.8,35.6,25.6,27.4,31.3,20.9,15.1,27,,,,,,22.2204,114.2127
2026-10-08T02:00,25.2,25.4,25.3,24.9,25,24,24.8,24.6,23,24.9,24.4,25.4,25.8,23.3,25.4,24.6,25.8,25.6,24.8,24.5,25.2,25.3,23.4,24.5,25.5,25,25.7,22.7,25.4,24.8,23.7,24.4,24,25.2,25.7,24.2,23.2,25.4,24.8,23.1,64,65,69,59,72,62,71,66,67,68,66,67,61,65,64,73,70,65,67,70,67,69,62,65,68,55,68,63,72,68,69,65,68,70,69,71,67,69,61,62,0,0,0,0,0,0,0,0,0,0,0,0,0,0,0,0,0,0,0,0,0,0,0,0,0,0,0,0,0,0,0,0,0,0,0,0,0,0,0,0,4.5,6.4,8.6,4.2,2.9,8.9,8.4,8.1,7.2,7.7,8.1,5.5,3.9,7.5,4.4,10.2,7,9.9,8.1,7.6,6.6,5.9,8.8,7,5.3,4.3,8.7,7.6,6.4,3.6,7.6,7.8,10.5,7.1,5.5,7.1,6.3,6.9,7.3,7.7,,,,,,,,,,,,,,,,,,,,,,,,,,,,,,,,,,,,,,,,,24.9,24.2,24.9,24.7,23.6,24.7,25,24.3,25.5,24.9,25.9,24.3,24.4,25,25,25.3,25.4,25,24.8,24.6,24.5,25.6,25.5,24.8,24.6,25.4,25,23.6,24.1,24.9,24.6,72,70,65,69,74,59,61,58,70,73,69,70,72,62,70,54,66,74,69,52,65,74,75,57,72,71,72,65,64,63,61,0.1,0,0.2,0,0,0,0,0,0.1,0.1,0,0.1,0,0,0,0,0,0.2,0,0,0,0.1,0.1,0,0,0.1,0,0,0,0,0,29.1,29.9,31.9,26.3,31,12.2,29.5,17.9,20.3,30.4,29.1,33.1,33.8,18.5,19.2,16.8,37.1,25.7,29.9,19.2,30.3,31.8,30.5,14.4,33.3,25.3,27.5,30.4,20.9,14.7,24,32,32.8,35.3,28.8,32,13.3,31.7,18.7,21.6,33.5,33.8,36.4,37.1,20.5,20.5,17.3,41.8,28.8,34.6,21.6,32,35.3,34.9,16.6,36.7,27.7,30.2,34.6,22.3,15.8,29.5,,,,,,22.2204,114.2127
2026-10-08T03:00,25.2,25.2,25.2,24.7,24.9,23.7,24.7,24.5,22.8,24.9,24.1,25.2,25.7,23,25.3,24.5,25.7,25.4,24.7,24.3,25.1,25.2,23.2,24.3,25.4,24.9,25.6,22.5,25.3,24.8,23.5,24.2,23.9,25,25.6,24,23,25.3,24.7,23,64,65,67,59,73,61,70,65,66,68,65,67,62,64,63,72,69,64,66,69,67,68,61,64,68,54,67,63,72,66,68,65,68,69,68,70,67,69,60,60,0,0,0,0,0,0,0,0,0,0,0,0,0,0,0,0,0,0,0,0,0,0,0,0,0,0,0,0,0,0,0,0,0,0,0,0,0,0,0,0,5,7.1,9.5,4.5,3.3,9.6,8.7,8.7,8,8.2,8.9,6.3,4.3,7.7,4.3,10.7,7.6,10.3,8.4,8.1,7.1,6.5,9.1,7.8,5.7,4.7,9.2,7.9,6.8,3.8,8.1,8.5,10.6,7.6,6,7.7,7,7.7,7.6,8.6,,,,,,,,,,,,,,,,,,,,,,,,,,,,,,,,,,,,,,,,,24.7,24,24.7,24.4,23.4,24.5,24.8,24.1,25.1,24.7,25.6,24.2,24.2,24.7,24.7,25,25.2,24.8,24.7,24.2,24.3,25.3,25.3,24.6,24.5,25.1,24.8,23.3,24,24.7,24.4,72,69,63,69,74,60,61,59,71,73,68,70,71,64,71,56,66,75,70,52,65,74,76,58,72,72,71,67,66,66,61,0,0,0,0,0,0,0,0,0,0,0,0.1,0,0,0,0,0,0.2,0,0,0,0,0,0,0,0.1,0,0,0,0,0,30.9,31.2,32.8,29,33.6,14.3,28.8,19.1,22,31.1,28.9,33.4,34.7,19.9,20.2,18.1,37.7,27.2,29.4,19,31.4,31.9,32,15.1,33.5,26.5,30.4,32.8,21.4,16.8,24.7,33.8,34.6,35.6,31.7,35.3,15.1,31,19.8,23.4,34.2,33.8,36.7,38.2,22,21.2,19.1,42.8,31,33.8,21.6,33.1,35.6,36,16.6,36.7,29.2,33.5,37.4,23,18,30.2,,,,,,22.2204,114.2127
2026-10-08T04:00,25.1,25.1,25,24.5,24.9,23.4,24.6,24.3,22.6,24.8,23.9,25.1,25.7,22.8,25.2,24.4,25.5,25.2,24.5,24.2,24.9,25.1,23,24.1,25.2,24.8,25.5,22.3,25.2,24.7,23.3,24.1,23.7,24.9,25.5,23.9,22.9,25.2,24.6,22.9,63,66,66,60,73,61,69,63,65,67,64,66,62,63,62,71,69,63,65,69,67,68,61,63,67,54,66,62,72,65,68,64,67,68,68,69,66,68,59,58,0,0,0,0,0,0,0,0,0,0,0,0,0,0,0,0,0,0,0,0,0,0,0,0,0,0,0,0,0,0,0,0,0,0,0,0,0,0,0,0,5.3,8.2,10.2,5,3.7,10.3,9.4,9.2,8.5,9,9.3,7.3,4.7,7.9,4.6,11.2,8.2,10.6,8.7,8.6,7.2,6.8,9.5,8.1,5.9,4.7,9.9,7.9,7.1,4,8.6,9.2,11.1,8.4,6.7,8.4,7.3,8.4,7.7,9.6,,,,,,,,,,,,,,,,,,,,,,,,,,,,,,,,,,,,,,,,,24.4,23.8,24.5,24.1,23.1,24.2,24.5,23.8,24.7,24.5,25.3,24,24.1,24.4,24.4,24.7,25,24.5,24.5,23.8,24,25,25,24.3,24.3,24.8,24.6,22.9,23.8,24.4,24.1,71,69,62,69,73,61,62,60,73,73,68,70,69,65,73,58,65,76,70,52,64,73,76,58,72,72,70,70,67,70,60,0,0,0,0,0,0,0,0,0,0,0,0.1,0,0,0,0,0,0.2,0,0,0,0,0,0,0,0.1,0,0,0,0,0,31.6,32.6,32.1,31.2,35.8,17.1,27.2,20.1,23.7,31.1,28.5,32.8,35.1,21.9,21.1,19.5,37.4,28.8,28.9,19.2,32,31.3,33.2,16.2,33.3,27.7,33.4,34.5,21.9,20,25,34.9,36.7,34.6,34.6,38.5,18,28.8,20.2,24.8,33.8,33.5,36,38.9,23.4,22,21.2,42.8,32.8,33.5,21.2,33.8,35.6,37.1,16.9,36.4,30.2,37.1,40,23.8,20.9,30.2,,,,,,22.2204,114.2127
2026-10-08T05:00,25,24.9,25,24.4,24.9,23.1,24.5,24.2,22.4,24.7,23.6,24.9,25.6,22.6,25.2,24.3,25.4,25.1,24.4,24,24.8,25,22.8,23.9,25.2,24.7,25.3,22.1,25.1,24.7,23.1,23.9,23.6,24.7,25.4,23.8,22.7,25.1,24.5,22.8,62,66,65,61,73,61,68,62,65,67,64,65,63,62,61,70,68,62,64,68,67,67,60,62,66,53,65,62,72,64,68,64,67,67,67,69,66,68,59,56,0,0,0,0,0,0,0,0,0,0,0,0,0,0,0,0,0,0,0,0,0,0,0,0,0,0,0,0,0,0,0,0,0,0,0,0,0,0,0,0,5.5,9,10.7,5.2,4.1,10.7,9.8,10,8.9,9.6,9.9,8,4.9,8.2,4.8,11.3,8.9,11,9.2,9,7.6,7.1,9.9,8.6,5.9,5.1,10.2,8.3,7.4,4.1,8.9,10,11.4,8.9,6.9,8.9,7.3,9,7.9,10.2,,,,,,,,,,,,,,,,,,,,,,,,,,,,,,,,,,,,,,,,,24.2,23.6,24.3,23.9,23,24,24.3,23.5,24.4,24.3,25,23.9,23.9,24.2,24.1,24.5,24.8,24.3,24.4,23.5,23.8,24.8,24.8,24.1,24.2,24.5,24.4,22.7,23.6,24.2,23.9,70,68,60,68,72,62,63,61,73,72,67,70,67,66,73,60,64,76,70,53,63,72,75,59,72,72,69,71,68,72,59,0,0,0,0,0,0,0,0,0,0,0,0.1,0,0,0,0,0,0.2,0,0,0,0,0,0,0,0.1,0,0,0,0,0,32.2,33.8,30.8,33,37.4,18.9,25.4,20.7,24.7,30.6,28.3,32,34.6,22.9,21.7,20.7,36.7,30,28.9,19.1,31.6,30.9,34,17,32.4,27.7,35.2,35.9,22,22.2,25.2,35.3,38.2,32.4,36.7,40.3,19.8,27,20.5,26.3,33.1,33.8,35.3,38.5,24.1,22.3,23,42.8,33.8,33.1,21.2,33.5,35.6,37.8,17.3,35.3,30.2,39.2,41.8,23.8,22.7,30.2,,,,,,22.2204,114.2127
2026-10-08T06:00,24.9,24.8,24.9,24.2,24.8,22.8,24.4,24.1,22.3,24.7,23.5,24.8,25.6,22.4,25.1,24.2,25.3,24.9,24.3,23.9,24.7,24.9,22.7,23.8,25.1,24.6,25.3,22,25,24.7,23,23.8,23.5,24.6,25.3,23.7,22.6,25.1,24.4,22.8,61,66,65,62,74,60,67,61,64,67,63,65,64,61,60,69,68,62,64,68,67,67,59,62,66,53,65,62,72,63,67,63,67,66,67,68,66,68,58,54,0,0,0,0,0,0,0,0,0,0,0,0,0,0,0,0,0,0,0,0,0,0,0,0,0,0,0,0,0,0,0,0,0,0,0,0,0,0,0,0,5.9,10,11.2,5.6,4.3,11.4,10.3,10.6,9.3,10.1,10.3,8.7,5.1,8.6,5.4,11.7,9.5,11.4,9.5,9.5,7.8,7.4,10.3,8.9,6.1,5.1,11,8.3,8.1,4.3,9,10.4,12,9.4,7.4,9.4,7.6,9.8,8.1,10.6,,,,,,,,,,,,,,,,,,,,,,,,,,,,,,,,,,,,,,,,,24.1,23.5,24.1,23.8,22.9,23.8,24.2,23.3,24.2,24.2,24.9,23.8,23.8,23.9,24,24.3,24.7,24.2,24.4,23.3,23.6,24.5,24.7,23.9,24.1,24.4,24.3,22.7,23.4,24,23.7,69,68,59,66,71,62,62,62,73,71,66,70,67,65,72,60,63,75,69,54,62,71,72,60,72,71,68,70,68,72,59,0,0,0,0,0,0,0,0,0,0,0,0.1,0,0,0,0,0,0,0,0,0,0,0,0,0,0,0,0,0,0,0,32.2,34.8,28.5,33.5,37.6,19.2,23.5,20.4,25.4,29.6,28,31.1,33.2,22.7,21.4,21.8,35.9,29.8,28.9,19,29.1,31.4,34,17.9,30.6,26.9,35.5,36.3,21.4,22.4,25.2,34.9,39.2,29.9,37.4,40.3,20.2,25.6,20.2,27,31.7,34.9,34.6,36.7,23.8,22,24.1,42.5,33.5,33.1,21.6,32,36,37.8,18.7,33.8,29.2,40,42.1,22.7,23,29.9,,,,,,22.2204,114.2127
2026-10-08T07:00,24.9,24.7,24.9,24.2,24.8,22.7,24.4,24.1,22.2,24.7,23.3,24.7,25.5,22.3,25.1,24.2,25.2,24.9,24.3,23.8,24.6,24.9,22.6,23.8,25,24.5,25.2,21.9,24.9,24.7,22.9,23.7,23.5,24.5,25.3,23.6,22.5,25,24.3,22.8,61,66,64,62,74,60,66,60,63,67,63,64,64,61,60,69,68,61,63,67,67,66,59,61,65,53,64,62,72,62,67,63,67,65,67,68,66,68,58,53,0,0,0,0,0,0,0,0,0,0,0,0,0,0,0,0,0,0,0,0,0,0,0,0,0,0,0,0,0,0,0,0,0,0,0,0,0,0,0,0,6.1,10.7,11.7,5.9,4.6,11.8,10.5,11.1,9.8,10.7,10.6,9,5.1,8.7,5.5,11.8,10.2,11.6,9.5,9.5,8.2,7.6,10.4,9.3,6.4,5.1,11.5,8.4,8.4,4.6,9,10.7,12.1,10,7.6,10,7.6,10.4,8.4,11.1,,,,,,,,,,,,,,,,,,,,,,,,,,,,,,,,,,,,,,,,,24.1,23.4,24,23.8,22.9,23.6,24.2,23,24.1,24.1,24.9,23.8,23.6,23.7,23.9,24.2,24.6,24.2,24.3,23.1,23.4,24.3,24.7,23.8,24.1,24.4,24.2,22.9,23.2,23.8,23.6,67,68,58,63,70,62,61,62,72,70,66,69,67,62,70,60,63,72,67,56,61,69,68,62,71,68,68,69,67,70,59,0,0,0,0,0,0,0,0,0,0,0,0.1,0,0,0,0,0,0,0,0,0,0,0,0,0,0,0,0,0,0,0,31.1,35.6,25.6,33.3,37.3,19.1,21.7,19.9,25.4,28,28.1,30.3,30.7,21.5,20.9,22.6,35,28.5,29.4,19,26.5,32,33.4,18.7,28.5,25,34.8,36,20.4,21.3,24.8,33.8,40,26.6,37.8,39.2,20.2,23.8,19.8,27.4,29.9,36.4,33.5,34.2,23,21.6,25.2,42.1,32,33.5,22.3,29.5,36.7,37.4,20.5,31.7,27,39.2,41.4,21.2,22.3,29.5,,,,,,22.2204,114.2127
2026-10-08T08:00,24.9,24.7,24.9,24.1,24.8,22.7,24.4,24.1,22.2,24.7,23.3,24.7,25.5,22.3,25.1,24.2,25.1,24.8,24.3,23.8,24.6,24.9,22.7,23.8,25,24.5,25.2,21.9,24.8,24.7,22.9,23.7,23.5,24.5,25.3,23.6,22.5,25,24.3,22.8,61,66,64,63,74,60,66,60,63,67,63,64,65,61,60,69,68,61,63,67,67,66,59,61,65,53,64,62,72,62,67,63,67,65,67,68,66,68,58,53,0,0,0,0,0,0,0,0,0,0,0,0,0,0,0,0,0,0,0,0,0,0,0,0,0,0,0,0,0,0,0,0,0,0,0,0,0,0,0,0,6.1,11,11.7,5.9,4.8,11.8,10.8,11.4,9.8,11,10.6,9.3,5.1,9,5.5,11.8,10.4,12.1,9.7,9.7,8.2,7.6,10.5,9.4,6.4,5.1,11.7,8.4,8.7,4.6,9.2,10.9,12.1,10,7.9,10.2,7.2,10.5,8.4,11.3,,,,,,,,,,,,,,,,,,,,,,,,,,,,,,,,,,,,,,,,,24.1,23.4,24,23.8,22.9,23.6,24.2,23,24,24.1,24.9,23.8,23.6,23.7,24,24.2,24.6,24.3,24.4,23.2,23.4,24.2,24.7,23.8,24.2,24.5,24.2,23,23.2,23.8,23.6,66,67,57,61,69,62,60,62,71,69,65,68,66,60,67,59,62,70,65,57,60,68,65,62,70,66,67,67,65,67,58,0,0,0,0,0,0,0,0,0,0,0,0.1,0,0,0,0,0,0,0,0,0,0,0,0,0,0,0,0,0,0,0,30,35.5,23.2,33.2,36,18.4,20.7,19.1,25.1,26.3,28.5,29.1,28.8,20.5,20.2,22.9,34.2,27.4,29.5,18.9,24.7,32,32.5,19.4,26.5,23.2,33.8,35.5,19.2,20.3,24.6,32,39.6,24.1,37.8,37.4,19.4,23,19.1,27,28.1,37.8,32,31.7,22.3,20.9,25.6,41.4,30.6,33.5,22.3,28.1,36,37.1,22,29.5,25.2,38.2,40,19.8,21.2,29.2,,,,,,22.2204,114.2127
2026-10-08T09:00,24.9,24.7,24.9,24.2,24.8,22.8,24.5,24.1,22.2,24.7,23.4,24.7,25.5,22.4,25.1,24.2,25.1,24.9,24.4,23.9,24.7,25,22.8,24,25.1,24.6,25.3,22,24.8,24.7,22.9,23.8,23.5,24.6,25.3,23.7,22.6,25.1,24.3,22.8,61,66,64,63,74,60,66,60,63,67,63,64,66,61,60,69,68,61,63,67,67,66,59,61,65,53,64,62,72,62,67,63,67,65,67,68,67,68,58,53,0,0,0,0,0,0,0,0,0,0,0,0,0,0,0,0,0,0,0,0,0,0,0,0,0,0,0,0,0,0,0,0,0,0,0,0,0,0,0,0,6.1,11.3,11.7,5.9,4.8,11.8,10.9,11.8,9.8,11.3,10.3,9.3,5.1,9,5.2,11.7,10.6,12.4,9.6,9.5,8.2,7.6,10.2,9.6,6.4,4.7,12,8.1,8.9,4.6,8.9,11,12,9.7,7.9,10.3,6.8,10.6,8.5,11.3,,,,,,,,,,,,,,,,,,,,,,,,,,,,,,,,,,,,,,,,,24.2,23.6,24.2,23.8,23,23.9,24.3,23.2,24.2,24.2,25.2,23.9,23.9,23.9,24.2,24.4,24.8,24.5,24.7,23.4,23.6,24.3,24.8,24,24.3,24.7,24.3,23,23.5,24.1,23.8,64,65,55,59,68,61,58,61,69,67,64,66,64,59,63,57,61,69,63,56,58,67,62,61,68,63,66,65,61,63,56,0,0,0,0,0,0,0,0,0,0,0,0,0,0,0,0,0,0,0,0,0,0,0,0,0,0,0,0,0,0,0,27.6,34.1,21.1,33.5,33.5,17.3,20.6,18.4,24.1,24.8,29.8,27.3,26.6,19.9,19.7,22.9,33.9,26.6,29.8,18.6,23.6,30.1,32.1,20.1,24.6,21.9,32.2,34.4,18.4,18.8,24.3,29.2,37.8,22.3,38.2,34.9,18,23,18,25.6,25.9,38.9,29.2,29.5,21.6,20.2,25.6,40.7,29.2,33.5,21.6,28.1,33.1,36.7,22.7,27,23.8,36,38.2,19.1,19.4,29.5,,,,,,22.2204,114.2127
2026-10-08T10:00,25,24.7,25.1,24.2,24.8,23,24.6,24.3,22.3,24.8,23.5,24.7,25.6,22.5,25.2,24.2,25.1,25,24.6,24,24.7,25.1,23.1,24.2,25.1,24.7,25.4,22.2,24.8,24.7,23.1,23.9,23.6,24.7,25.3,23.7,22.7,25.1,24.4,22.9,62,66,65,64,74,60,66,60,63,68,64,64,66,62,61,70,68,62,63,67,66,66,60,61,65,54,64,62,71,62,67,63,68,65,68,69,68,68,59,54,0,0,0,0,0,0,0,0,0,0,0,0,0,0,0,0,0,0,0,0,0,0,0,0,0,0,0,0,0,0,0,0,0,0,0,0,0,0,0,0,5.9,11.5,11.5,6,4.6,11.5,11,12,9.7,11.4,10.2,9.2,4.9,8.7,5.1,11.3,10.8,12.5,9.5,9.2,8.1,7.5,10.2,9.5,6.1,4.7,12.2,8,9.2,4.3,8.7,10.7,11.5,9.7,8,10.1,6.1,10.3,8.2,10.8,,,,,,,,,,,,,,,,,,,,,,,,,,,,,,,,,,,,,,,,,24.3,23.8,24.6,23.8,23.2,24.3,24.5,23.6,24.4,24.4,25.5,24.2,24.2,24.3,24.5,24.6,25,24.8,25.1,23.8,23.9,24.6,25,24.5,24.5,25.1,24.4,23,24.1,24.6,24.2,62,61,52,58,66,59,56,59,67,64,63,62,61,58,59,56,61,67,62,55,56,65,59,58,66,60,65,64,57,59,54,0,0,0,0,0,0,0,0,0,0,0,0,0,0,0,0,0,0,0,0,0,0,0,0,0,0,0,0,0,0,0,24.5,32.4,19.6,33.8,30.7,16.1,21.5,17.3,22.7,23,31.4,25.1,24.9,19.9,19,22.4,33.5,26.1,30,18.6,22.9,26.9,31.9,20.7,23.3,20.4,30.4,32.5,17.6,17.1,24,25.6,35.3,20.5,38.9,31.3,16.6,23.8,16.9,23,24.1,39.2,25.6,27,20.9,19.8,25.2,39.6,27.4,33.5,20.5,28.8,29.2,36,23,23.8,22.7,33.1,36,18.7,17.3,29.9,,,,,,22.2204,114.2127
2026-10-08T11:00,25,24.8,25.2,24.3,24.8,23.2,24.8,24.4,22.5,24.9,23.7,24.7,25.6,22.8,25.2,24.3,25.2,25.1,24.8,24.1,24.9,25.3,23.4,24.5,25.2,24.8,25.6,22.5,24.8,24.8,23.3,24.1,23.7,24.8,25.4,23.8,22.8,25.2,24.5,23.1,63,67,65,64,75,61,67,61,63,68,64,64,67,63,62,70,69,63,64,67,66,66,61,62,65,55,65,63,71,63,67,64,68,65,69,69,69,69,60,55,0,0,0,0,0,0,0,0,0,0,0,0,0,0,0,0,0,0,0,0,0,0,0,0,0,0,0,0,0,0,0,0,0,0,0,0,0,0,0,0,5.7,11.7,10.9,6,4.6,10.9,10.8,12.3,9.3,11.8,9.6,8.8,4.5,8.6,4.6,10.8,11,12.4,8.9,8.8,8.4,7.1,9.7,9.5,6.1,4.3,12,7.6,9.8,3.9,8.1,10.3,10.9,9.4,7.6,9.9,5.2,10.4,8.3,10.3,,,,,,,,,,,,,,,,,,,,,,,,,,,,,,,,,,,,,,,,,24.5,24,24.8,23.9,23.4,24.6,24.7,23.9,24.7,24.7,25.7,24.3,24.6,24.6,24.8,24.8,25.3,25,25.3,24.2,24.2,24.8,25.2,24.8,24.7,25.5,24.6,23,24.5,25.1,24.6,61,59,50,57,64,57,55,57,65,62,62,60,59,57,56,54,61,66,60,54,55,64,58,56,64,58,64,62,53,56,53,0,0,0,0,0,0,0,0,0,0,0,0,0,0,0,0,0,0,0,0,0,0,0,0,0,0,0,0,0,0,0,22.5,30.5,18.4,33.4,27.5,15,22.3,16.5,20.9,21.9,32.2,23.3,23.3,19.5,18.4,22.2,33.3,24.9,29.9,18.4,22.8,24.4,31.3,21.3,21.6,19.2,28.7,30.8,17.3,15.3,23.9,23,33.1,19.8,38.2,27.7,15.1,24.5,16.2,20.9,22.7,39.2,22.7,25.6,20.2,19.4,24.8,38.5,25.6,33.1,19.8,29.2,25.9,34.6,23,21.6,21.2,30.6,33.5,18.7,15.5,30.2,,,,,,22.2204,114.2127
2026-10-08T12:00,25.1,24.9,25.4,24.5,24.8,23.6,25,24.6,22.7,25.1,24,24.8,25.7,23.1,25.3,24.3,25.2,25.3,25,24.3,25,25.5,23.8,24.8,25.4,25,25.9,22.8,24.8,24.8,23.5,24.3,23.8,24.9,25.5,24,23,25.3,24.6,23.2,63,67,66,65,75,61,68,61,63,69,65,65,67,64,63,71,69,64,65,67,65,65,62,62,65,55,65,63,70,64,68,64,69,65,70,70,70,69,61,57,0,0,0,0,0,0,0,0,0,0,0,0,0,0,0,0,0,0,0,0,0,0,0,0,0,0,0,0,0,0,0,0,0,0,0,0,0,0,0,0,5.3,12,10.2,6,4.2,10.6,10.8,12.9,9.3,11.9,8.9,8.4,4.6,8.3,4.4,10,10.9,12.4,8.7,8.4,8.3,6.9,9.4,9.6,5.9,3.6,12.2,7.6,10.1,3.7,7.7,9.9,10.7,8.9,7.6,9.5,4.2,10.1,8.5,9.7,,,,,,,,,,,,,,,,,,,,,,,,,,,,,,,,,,,,,,,,,24.8,24.1,24.8,24.1,23.8,24.9,25,24.3,25,24.9,25.8,24.4,24.8,24.9,25,24.9,25.4,25.1,25.4,24.5,24.4,24.9,25.3,25,24.9,25.7,24.7,22.9,24.9,25.4,24.8,60,58,51,57,61,56,54,55,63,60,62,59,58,56,54,53,61,65,58,53,55,63,58,55,62,56,64,61,51,54,54,0,0,0,0,0,0,0,0,0,0,0,0,0,0,0,0,0,0,0,0,0,0,0,0,0,0,0,0,0,0,0,21.6,29.1,18.8,32.4,23.8,14.1,22.1,16.2,18.3,21.4,32,21.8,22.5,18.5,18.1,22.1,32.4,22.8,29.5,18.1,23.1,23.5,29.7,21,20,17.8,27.3,28.6,17.6,14.3,24.5,22.3,31.3,19.8,35.6,23.8,14.4,24.8,16.2,18.4,22.3,37.8,20.9,24.8,19.4,19.4,24.8,37.1,23.4,32,19.4,29.2,24.1,32,22.3,20.2,19.8,28.8,30.2,19.4,14.8,30.6,,,,,,22.2204,114.2127
2026-10-08T13:00,25.3,25,25.6,24.6,24.8,24,25.2,24.8,22.9,25.2,24.3,24.9,25.8,23.4,25.4,24.4,25.3,25.4,25.3,24.5,25.2,25.7,24.2,25.2,25.5,25.2,26.1,23.1,24.8,24.9,23.7,24.5,23.9,25.1,25.6,24.1,23.2,25.4,24.7,23.4,64,67,67,65,75,61,69,62,64,70,66,65,68,65,65,72,69,65,65,68,65,65,63,63,65,56,66,64,69,64,68,65,70,65,71,71,72,69,63,59,0,0,0,0,0,0,0,0,0,0,0,0,0,0,0,0,0,0,0,0,0,0,0,0,0,0,0,0,0,0,0,0,0,0,0,0,0,0,0,0,5,12.3,9.7,6.2,3.9,10,11.2,13,8.8,11.8,8.7,7.9,4.4,8.2,4.2,9.5,11.2,12.6,8.3,8.1,8.1,6.6,9.2,9.7,6,3.3,12.4,7.4,10.4,3.4,7.1,9.3,9.8,8.8,7.6,8.9,3.6,9.9,8.7,9.1,,,,,,,,,,,,,,,,,,,,,,,,,,,,,,,,,,,,,,,,,25,24.1,24.7,24.2,24.1,25.1,25.2,24.6,25.4,25.1,25.7,24.3,24.9,25.2,25.2,25,25.5,25.2,25.5,24.8,24.6,25.1,25.3,25.1,25.1,25.9,24.8,22.8,25.2,25.6,24.9,59,57,53,58,57,55,54,54,61,57,63,58,57,54,53,53,62,63,57,53,56,62,60,54,61,55,64,59,51,53,56,0,0,0,0,0,0,0,0,0,0,0,0,0,0,0,0,0,0,0,0,0,0,0,0,0,0,0,0,0,0,0,21.7,28,19.8,30.6,19.3,13.4,21.9,16.3,15.1,21.6,31.1,20.8,22.2,17.7,18.4,22.5,31.1,19.9,28.4,17.7,23.7,23.2,27.9,20.3,18.9,16.3,26.4,26,18.8,13.7,25.4,23,29.9,20.5,32.4,19.8,14.4,25.2,16.9,16.2,22.7,36,20.2,24.8,18.7,19.8,24.8,34.9,20.9,30.6,19.1,28.8,23.4,29.2,21.2,19.1,18,27.4,27,20.9,14,30.6,,,,,,22.2204,114.2127
2026-10-08T14:00,25.4,25.1,25.8,24.8,24.8,24.4,25.4,25,23.2,25.4,24.6,25,25.9,23.7,25.5,24.5,25.4,25.7,25.5,24.7,25.3,25.9,24.7,25.6,25.7,25.4,26.4,23.5,24.8,25,24,24.7,24.1,25.3,25.7,24.3,23.4,25.5,24.8,23.6,65,68,68,65,75,62,70,63,64,71,67,66,68,66,66,73,70,67,66,68,64,65,65,64,65,57,66,64,69,65,68,65,71,65,73,71,73,70,64,61,0,0,0,0,0,0,0,0,0,0,0,0,0,0,0,0,0,0,0,0,0,0,0,0,0,0,0,0,0,0,0,0,0,0,0,0,0,0,0,0,4.8,12.2,8.8,6.5,3.7,9.5,11.3,13.3,8.8,12.1,8.2,7.6,4.3,7.7,4.3,8.6,11.2,12.8,8.2,7.9,8,6.7,9.2,10.2,5.8,3.2,12.7,7.1,10.8,3.3,6.9,9,9.4,8.2,7.4,8.6,3.1,9.7,9,8.2,,,,,,,,,,,,,,,,,,,,,,,,,,,,,,,,,,,,,,,,,25.3,24,24.6,24.3,24.4,25.3,25.4,24.8,25.6,25.3,25.7,24.3,25.1,25.4,25.3,25.1,25.6,25.3,25.4,25,24.8,25.2,25.3,25.2,25.2,26.1,24.9,22.8,25.5,25.8,25,59,57,54,59,54,55,54,53,59,56,64,58,57,53,52,53,63,62,56,52,57,61,62,54,60,55,64,58,51,53,57,0,0,0,0,0,0,0,0,0,0,0,0,0,0,0,0,0,0,0,0,0,0,0,0,0,0,0,0,0,0,0,22.5,27.8,20.9,29.3,16.3,13.3,21.6,17.2,13.2,22.2,30.2,20.5,22.1,17.1,18.9,22.9,30.1,18.9,27.6,17.9,24.3,23.3,26.3,19.7,19.1,15.8,26.1,23.8,20.5,13.8,26,23.8,28.8,21.2,29.5,16.9,14.8,25.2,17.6,14.8,23.4,34.2,19.8,24.8,18.4,20.2,25.2,33.5,19.8,29.2,19.1,28.4,23.4,27,20.5,19.4,17.3,27,24.1,22,13.7,30.6,,,,,,22.2204,114.2127
2026-10-08T15:00,25.5,25.2,26,25,24.9,24.8,25.6,25.2,23.4,25.6,24.9,25,26,24.1,25.6,24.5,25.5,25.9,25.8,24.9,25.5,26.1,25.1,26,25.8,25.6,26.6,23.8,24.8,25,24.3,25,24.2,25.5,25.8,24.4,23.6,25.6,25,23.8,66,68,69,66,75,62,70,63,64,71,68,66,69,67,67,74,70,68,67,68,64,65,66,64,65,58,67,64,68,66,68,66,71,65,74,72,75,70,65,63,0,0,0,0,0,0,0,0,0,0,0,0,0,0,0,0,0,0,0,0,0,0,0,0,0,0,0,0,0,0,0,0,0,0,0,0,0,0,0,0,4.7,12.6,8.2,6.5,3.6,9,11.5,13.6,8.3,12,7.9,6.9,4.7,7.4,4.7,7.9,11.5,12.8,8.1,7.3,8,6.6,9,10.5,6,2.8,13.1,7.5,11.2,3.3,6.4,8.7,9.1,7.9,7.6,8.1,3.3,9.7,9.5,7.3,,,,,,,,,,,,,,,,,,,,,,,,,,,,,,,,,,,,,,,,,25.4,24,24.6,24.4,24.4,25.5,25.6,24.8,25.7,25.4,25.8,24.3,25.3,25.5,25.3,25.2,25.7,25.4,25.3,25.2,25.1,25.2,25.3,25.3,25.1,26.2,24.9,23,25.6,25.7,25.3,59,57,54,60,54,54,54,53,58,57,65,58,57,52,52,54,64,62,56,51,57,61,64,54,61,55,64,57,52,53,57,0,0,0,0,0,0,0,0,0,0,0,0,0,0,0,0,0,0,0,0,0,0,0,0,0,0,0,0,0,0,0,23.7,28.5,20.9,28.1,15.2,14,20.7,18.6,12.8,23.2,29.2,20.7,22.2,17.3,18.9,23.6,29.3,20.3,26.7,18.2,24.9,23.8,26,19.4,21,16.3,27.3,21.9,21.1,13.1,25.5,25.2,28.8,21.2,27.7,15.5,15.8,24.8,18.7,14.8,24.8,33.1,20.2,25.2,18.7,20.5,25.9,32.4,21.2,28.4,19.4,28.4,24.1,26.6,20.5,21.2,17.6,27.7,22.3,23,13,29.9,,,,,,22.2204,114.2127
2026-10-08T16:00,25.6,25.4,26.1,25.1,24.9,25.1,25.8,25.5,23.7,25.7,25.2,25.1,26,24.4,25.7,24.6,25.5,26,26,25.1,25.6,26.3,25.6,26.3,26,25.8,26.8,24.1,24.8,25.1,24.5,25.2,24.4,25.6,25.8,24.6,23.8,25.7,25.1,24,67,68,70,66,75,63,71,64,65,72,69,67,69,68,69,75,71,69,68,68,63,65,67,65,65,59,68,65,67,67,69,66,72,66,75,73,76,70,67,65,0,0,0,0,0,0,0,0,0,0,0,0,0,0,0,0,0,0,0,0,0,0,0,0,0,0,0,0,0,0,0,0,0,0,0,0,0,0,0,0,4.7,12.6,7.6,7,3.7,8.4,11.9,13.4,7.9,12.2,7.4,6.6,4.8,7.4,5.2,7.6,11.6,13.1,8.1,7.2,7.6,6.4,9.2,10.8,5.8,2.8,13.2,7.7,11.7,3.8,6,8.5,8.9,7.6,7.6,7.5,4,9.4,10,6.9,,,,,,,,,,,,,,,,,,,,,,,,,,,,,,,,,,,,,,,,,25.5,23.9,24.7,24.4,24.2,25.8,25.9,24.6,25.7,25.5,26,24.2,25.5,25.7,25.2,25.2,25.7,25.4,25.1,25.3,25.4,25.2,25.3,25.3,24.9,26.2,24.8,23.2,25.6,25.5,25.6,60,57,53,60,55,54,55,54,58,59,66,59,56,52,53,56,65,62,58,51,57,62,66,54,62,56,65,56,54,53,57,0,0,0,0,0,0,0,0,0,0,0,0,0,0,0,0,0,0,0,0,0,0,0,0,0,0,0,0,0,0,0,25.8,30.1,20.2,27.3,15.5,15.3,20.3,19.8,13.7,24.8,28.5,22,22.5,17.9,19.1,24.5,28.4,23.3,25.6,18.3,26.1,24.9,26.4,19.2,24.2,17.7,29.5,20.3,21.4,11.9,24.8,27,29.5,20.9,26.6,15.5,17.6,24.5,20.2,15.8,26.3,32,21.6,25.9,19.1,20.9,27,31.3,23.8,27.7,20.2,28.4,25.9,27.4,20.5,24.1,19.1,29.5,20.9,23.8,12.2,28.8,,,,,,22.2204,114.2127
2026-10-08T17:00,25.7,25.5,26.3,25.3,24.9,25.5,26,25.6,23.9,25.8,25.5,25.2,26.1,24.7,25.8,24.7,25.6,26.2,26.3,25.3,25.8,26.4,26,26.7,26.1,26,27,24.4,24.8,25.2,24.7,25.4,24.5,25.8,25.9,24.7,24,25.8,25.2,24.1,68,69,71,66,75,63,72,65,65,72,69,67,69,69,70,76,71,70,69,69,63,65,68,66,66,60,68,65,66,68,69,67,73,66,76,73,78,71,68,67,0,0,0,0,0,0,0,0,0,0,0,0,0,0,0,0,0,0,0,0,0,0,0,0,0,0,0,0,0,0,0,0,0,0,0,0,0,0,0,0,4.7,12.7,7.3,7.2,4.1,8,12.3,13.8,7.6,12.2,7.4,5.9,5,7,5.6,7.1,11.6,13.4,8.4,7,7.6,6.5,9.5,11.2,5.7,3.2,13.7,7.8,12.1,4,6,8,8.9,7.4,7.6,7,4.6,9.5,10.1,6.1,,,,,,,,,,,,,,,,,,,,,,,,,,,,,,,,,,,,,,,,,25.6,23.9,24.9,24.4,24,25.9,26,24.5,25.6,25.5,26.1,24.2,25.8,25.7,25.2,25.3,25.7,25.5,25,25.3,25.5,25.2,25.3,25.4,24.8,26.2,24.8,23.3,25.6,25.4,25.9,61,57,52,61,56,54,56,55,59,61,68,59,57,52,54,58,66,62,59,51,58,63,68,54,64,58,66,56,56,53,57,0,0,0,0,0,0,0,0,0,0,0,0,0,0,0,0,0,0,0,0,0,0,0,0,0,0,0,0,0,0,0,27.1,31.4,20.1,26.6,15.9,16.2,20.9,21.1,15.5,25.7,28.4,22.7,23.2,18.6,19.2,25.3,28,25.7,25.2,18.7,27.5,25.8,26.6,19.7,26.7,19.3,30.8,18.7,21.3,11.2,24.5,28.4,30.6,21.2,25.9,15.5,19.1,24.5,21.2,16.9,27.7,32.4,22.7,27,19.8,20.9,28.1,31,26.3,27.7,20.9,28.8,27.4,28.1,21.2,26.6,20.5,31,19.8,24.5,11.9,28.1,,,,,,22.2204,114.2127
2026-10-08T18:00,25.8,25.6,26.5,25.4,24.9,25.8,26.2,25.8,24.1,25.9,25.7,25.3,26.2,25,25.9,24.7,25.7,26.3,26.5,25.4,25.9,26.6,26.3,27,26.2,26.1,27.2,24.7,24.8,25.2,24.9,25.6,24.6,25.9,26,24.8,24.2,25.9,25.3,24.3,69,69,71,66,75,63,73,65,65,73,70,68,70,70,71,77,71,71,69,69,62,65,70,66,66,61,69,66,66,69,69,67,74,66,76,74,79,71,69,68,0,0,0,0,0,0,0,0,0,0,0,0,0,0,0,0,0,0,0,0,0,0,0,0,0,0,0,0,0,0,0,0,0,0,0,0,0,0,0,0,4.5,12.4,6.7,7.6,4.3,7.9,12.7,13.7,7.6,12.1,7.6,5.7,5.2,7.1,6.1,6.8,11.7,13.7,8.3,6.8,7.6,6.7,9.7,11.3,5.6,3.4,14,8,12.5,4.2,5.7,7.9,9.2,7.3,8,6.9,5.2,9.7,10.7,5.8,,,,,,,,,,,,,,,,,,,,,,,,,,,,,,,,,,,,,,,,,25.5,23.9,25,24.3,23.9,26,26.2,24.5,25.6,25.5,26.2,24.2,26,25.7,25.2,25.4,25.7,25.4,25,25.4,25.5,25.3,25.4,25.4,24.7,26.1,24.8,23.3,25.6,25.2,26,63,57,52,62,58,54,57,56,61,63,70,59,59,53,55,59,67,63,61,51,60,64,69,55,65,61,67,57,58,54,58,0,0,0,0,0,0,0,0,0,0,0,0,0,0,0,0,0,0,0,0,0,0,0,0,0,0,0,0,0,0,0,27.2,32.5,20.3,26,16.6,16.7,22.1,22.1,17.3,25.9,30.4,23.1,24.5,19.4,18.6,25.8,27.8,26.4,25.9,18.8,29.6,26.4,26.1,20.5,27.8,20.7,30.4,17.7,21,11.3,24.9,29.2,32.8,22.3,25.9,15.8,19.4,25.6,22.3,18,28.1,34.2,23.8,28.1,20.5,20.2,28.8,31.3,28.1,28.4,21.2,30.6,28.4,28.1,22.7,28.8,22,31.3,18.4,24.5,11.9,27.7,,,,,,22.2204,114.2127
2026-10-08T19:00,25.9,25.6,26.6,25.5,24.9,26,26.3,25.9,24.2,26,25.8,25.3,26.2,25.2,26,24.8,25.7,26.4,26.6,25.5,26,26.7,26.5,27.2,26.3,26.2,27.3,24.8,24.8,25.3,25.1,25.8,24.7,26,26,24.9,24.3,25.9,25.4,24.4,70,69,72,66,75,64,74,66,65,73,71,68,70,71,72,78,71,72,70,69,62,65,70,67,66,62,69,66,65,70,70,68,74,66,77,74,80,71,70,69,0,0,0,0,0,0,0,0,0,0,0,0,0,0,0,0,0,0,0,0,0,0,0,0,0,0,0,0,0,0,0,0,0,0,0,0,0,0,0,0,4.6,12.5,6.6,7.8,4.5,7.7,13.2,13.7,7.2,12.1,7.6,5.5,5.3,6.9,6.8,6.6,11.4,13.7,8.3,6.6,7.2,6.6,10.1,11.4,5.5,3.3,14.3,8.2,12.6,4.4,5.6,7.9,9.2,6.9,8,6.5,5.6,9.4,10.8,5.1,,,,,,,,,,,,,,,,,,,,,,,,,,,,,,,,,,,,,,,,,25.4,23.9,25.2,24.1,23.7,25.9,26.3,24.5,25.7,25.5,26.1,24.2,26.3,25.6,25.3,25.5,25.6,25.3,25.1,25.4,25.3,25.5,25.5,25.5,24.6,26.1,24.9,23.1,25.7,25.1,26.1,67,56,53,62,60,55,58,58,63,65,72,60,63,54,56,59,68,63,63,52,62,65,71,57,66,64,69,59,61,55,59,0,0,0,0,0,0,0,0,0,0,0,0,0,0,0,0,0,0,0,0,0,0,0,0,0,0,0,0,0,0,0,26.7,33.3,20.7,25.9,17.6,17.3,23.7,22.5,19.2,25.5,32.8,23.4,25.9,20.2,17.7,26,28.1,26.4,27,18.8,31.5,26.4,25.1,21.4,28.2,21.7,29,17.1,20.4,11.7,25.4,29.5,35.3,23.4,26.3,16.6,19.4,27,23.4,19.4,28.1,37.1,24.8,29.9,21.2,19.4,29.2,32.4,29.5,29.5,21.6,32.8,29.5,27.7,24.1,30.6,23.4,31.7,17.3,24.5,12.2,27.7,,,,,,22.2204,114.2127
2026-10-08T20:00,25.9,25.7,26.6,25.5,24.9,26.1,26.3,26,24.3,26.1,25.9,25.4,26.2,25.3,26,24.8,25.7,26.5,26.7,25.6,26,26.7,26.7,27.3,26.3,26.3,27.4,24.9,24.8,25.3,25.1,25.8,24.7,26,26.1,25,24.4,25.9,25.4,24.4,70,69,72,66,75,64,74,66,65,73,71,68,70,72,73,78,71,72,70,69,62,65,71,67,66,63,69,66,65,70,70,68,75,66,77,74,80,71,70,70,0,0,0,0,0,0,0,0,0,0,0,0,0,0,0,0,0,0,0,0,0,0,0,0,0,0,0,0,0,0,0,0,0,0,0,0,0,0,0,0,4.6,12.1,6.6,7.8,4.5,7.7,13.2,13.4,7.2,12.1,7.6,5.2,5.3,6.9,6.8,6.3,11.4,13.7,8.3,6.6,7.2,6.6,10.5,11.8,5.5,3.7,14.2,8.2,12.6,4.4,5.6,7.9,9.2,6.9,8,6.5,6.1,9.4,10.8,4.7,,,,,,,,,,,,,,,,,,,,,,,,,,,,,,,,,,,,,,,,,25.4,23.9,25.3,24,23.6,25.9,26.3,24.5,25.6,25.5,26.1,24.2,26.5,25.4,25.3,25.6,25.6,25.2,25.1,25.4,25.1,25.6,25.5,25.5,24.6,26,25,23,25.7,25,26.1,69,56,53,63,62,56,59,59,65,67,74,60,65,56,57,59,69,64,65,53,64,66,72,59,67,67,70,60,63,56,60,0,0,0,0,0,0,0,0,0,0,0,0,0,0,0,0,0,0,0,0,0,0,0,0,0,0,0,0,0,0,0,26.7,34.1,21.7,25.9,18.4,17.3,26.1,22.9,20.8,25.2,34.9,23.4,27.3,21,16.9,25.9,28.4,27.2,27.7,18.7,33,27.4,24.3,22.7,29,22.8,27.9,16.5,20.9,12.4,26,30.2,37.4,24.8,26.6,17.3,19.1,29.5,24.1,20.9,28.1,39.6,25.6,31.3,22.3,18.7,29.2,33.1,31,30.6,21.6,34.2,31,27.4,25.9,32.4,24.8,31.7,16.6,25.2,12.6,27.7,,,,,,22.2204,114.2127
2026-10-08T21:00,25.9,25.7,26.6,25.5,24.9,26.1,26.3,26,24.3,26.1,25.9,25.4,26.2,25.3,26,24.8,25.7,26.5,26.7,25.6,26,26.7,26.7,27.3,26.3,26.3,27.3,24.9,24.8,25.4,25.1,25.8,24.7,26,26.1,25,24.5,25.9,25.4,24.4,70,69,72,66,75,64,74,66,65,73,71,68,70,73,73,78,71,72,70,69,62,65,71,67,66,64,69,66,65,70,70,68,76,66,77,74,80,71,70,70,0,0,0,0,0,0,0,0,0,0,0,0,0,0,0,0,0,0,0,0,0,0,0,0,0,0,0,0,0,0,0,0,0,0,0,0,0,0,0,0,4.5,11.8,6.6,7.6,4.5,7.7,13.2,13,7.2,12.1,7.6,4.8,5.2,6.9,6.6,6.2,11,13.3,7.9,6.3,6.9,6.6,10.8,11.8,5.2,3.7,14.2,8,12.5,4.4,5.6,7.9,9,6.5,8,6.5,6.1,9.3,10.7,4.3,,,,,,,,,,,,,,,,,,,,,,,,,,,,,,,,,,,,,,,,,25.4,23.9,25.4,24.1,23.6,25.8,26.3,24.5,25.5,25.6,26.1,24.3,26.5,25.3,25.4,25.8,25.7,25.2,25.2,25.5,25,25.6,25.5,25.5,24.7,25.9,25.1,23,25.8,25.1,26,70,56,53,63,63,57,61,59,66,68,74,60,66,57,58,58,68,64,66,54,65,66,74,61,68,69,71,60,66,57,61,0,0,0,0,0,0,0,0,0,0,0,0,0,0,0,0,0,0,0,0,0,0,0,0,0,0,0,0,0,0,0,27.8,35.1,23.1,26.6,18.4,17,28.8,22.7,21.4,25.1,35.7,23.4,28.9,22.3,16.5,25.7,29.2,29.1,27.7,18.4,33,29.7,24.1,24.1,30.2,23.5,28,15.6,22.9,13,26.1,31.7,38.9,26.3,27,17.6,19.1,33.5,24.5,22,28.1,41,25.9,33.1,23.8,18.7,29.2,33.5,33.1,31,21.2,34.6,33.1,27,27.7,34.2,25.9,31.7,16.2,27.4,13.3,27.4,,,,,,22.2204,114.2127
2026-10-08T22:00,25.9,25.7,26.6,25.5,24.9,25.9,26.3,25.9,24.2,26,25.9,25.4,26.2,25.2,26,24.9,25.7,26.4,26.6,25.5,25.9,26.7,26.7,27.2,26.3,26.2,27.3,24.8,24.7,25.4,25,25.8,24.7,25.9,26.1,25,24.5,25.9,25.4,24.4,70,69,72,65,75,64,74,66,64,72,71,68,70,73,74,78,70,71,70,69,62,65,72,67,66,65,69,66,65,70,71,68,76,66,76,73,80,71,70,70,0,0,0,0,0,0,0,0,0,0,0,0,0,0,0,0,0,0,0,0,0,0,0,0,0,0,0,0,0,0,0,0,0,0,0,0,0,0,0,0,4,10.9,6.6,7.2,4.3,7.7,13.1,12.4,7.2,11.8,7.6,4.7,5,6.8,6.4,5.7,10.9,13,7.6,6,6.6,6.7,11.3,11.6,5.2,4,13.9,7.8,12.1,4.2,5.7,7.9,9.2,6.6,8,6.6,6.2,8.9,10.1,4,,,,,,,,,,,,,,,,,,,,,,,,,,,,,,,,,,,,,,,,,25.4,24,25.5,24.2,23.7,25.8,26.2,24.6,25.4,25.7,26.1,24.5,26.4,25.2,25.5,26,25.8,25.3,25.3,25.5,24.9,25.6,25.5,25.5,24.8,25.8,25.2,23.1,25.8,25.1,25.9,71,56,54,63,64,59,62,60,66,67,74,61,66,59,58,58,67,65,67,54,65,67,75,62,69,69,71,59,68,58,62,0,0,0,0,0,0,0,0,0,0,0,0,0,0,0,0,0,0,0,0,0,0,0,0,0,0,0,0,0,0,0,29.3,36.6,24.3,27.7,17.7,16.3,31.9,22.5,22,24.9,35.8,23.5,30.6,23.9,16,25.5,30.2,31.3,27.8,17.9,32.4,32.7,23.9,25.6,31.8,23.9,28.4,14.4,26,14.1,26.1,33.1,40,28.1,27.7,18.4,19.1,38.2,24.5,23.4,28.1,42.1,25.6,35.3,25.2,19.1,28.8,33.8,35.3,31,20.5,33.8,36,26.3,29.2,36,27,32,16.6,30.2,14.4,27,,,,,,22.2204,114.2127
2026-10-08T23:00,25.9,25.7,26.5,25.4,24.9,25.7,26.2,25.9,24.2,26,25.7,25.4,26.2,25.1,26,24.9,25.7,26.3,26.5,25.4,25.8,26.6,26.5,27.1,26.2,26.1,27.1,24.6,24.7,25.4,24.9,25.7,24.7,25.8,26,25,24.5,25.8,25.3,24.4,70,69,71,65,74,65,74,65,64,71,71,67,69,74,74,78,69,71,70,69,63,65,72,67,66,66,68,66,64,70,71,68,77,65,75,72,80,71,70,70,0,0,0,0,0,0,0,0,0,0,0,0,0,0,0,0,0,0,0,0,0,0,0,0,0,0,0,0,0,0,0,0,0,0,0,0,0,0,0,0,4,10.2,6.7,6.6,4.5,8.3,12.6,11.7,7.2,11.6,7.3,4.1,4.9,7,6.2,5.9,10.1,12.7,7.3,5.6,6.3,6.5,11.7,11.5,4.7,4.1,13.6,7.2,11.7,3.9,5.5,8,9.2,6.4,7.9,6.6,5.9,8.8,9.6,3.6,,,,,,,,,,,,,,,,,,,,,,,,,,,,,,,,,,,,,,,,,25.4,24.1,25.5,24.2,23.7,25.8,26,24.6,25.3,25.7,26,24.6,26.3,25.1,25.6,26.1,25.9,25.3,25.3,25.5,24.8,25.5,25.5,25.4,24.9,25.7,25.2,23.2,25.8,25.2,25.7,71,56,54,63,65,60,64,60,66,67,74,61,66,60,59,57,66,65,68,55,65,67,76,63,69,70,71,59,70,59,63,0,0,0,0,0,0,0,0,0,0,0,0,0,0,0,0,0,0,0,0,0,0,0,0,0,0,0,0,0,0,0,30.1,37.3,25.3,28.8,17.5,15.6,34.3,22.7,22.4,24.9,36.1,23.5,31.7,25.4,16.1,25.2,30.6,33,27.5,17.7,31.5,34.7,23.5,26.8,33,24.4,29.2,14.7,28.3,14.8,26.1,34.2,41,29.2,28.4,18.7,18.7,41.4,25.2,24.5,27.7,42.8,25.9,36.7,27,19.4,28.4,33.8,36.7,31.3,20.2,33.5,38.2,25.9,30.6,37.8,28.1,32.8,17.3,32.4,15.1,27,,,,,,22.2204,114.2127
