time,temperature_2m_icon_seamless_eps (°C),temperature_2m_member01_icon_seamless_eps (°C),temperature_2m_member02_icon_seamless_eps (°C),temperature_2m_member03_icon_seamless_eps (°C),temperature_2m_member04_icon_seamless_eps (°C),temperature_2m_member05_icon_seamless_eps (°C),temperature_2m_member06_icon_seamless_eps (°C),temperature_2m_member07_icon_seamless_eps (°C),temperature_2m_member08_icon_seamless_eps (°C),temperature_2m_member09_icon_seamless_eps (°C),temperature_2m_member10_icon_seamless_eps (°C),temperature_2m_member11_icon_seamless_eps (°C),temperature_2m_member12_icon_seamless_eps (°C),temperature_2m_member13_icon_seamless_eps (°C),temperature_2m_member14_icon_seamless_eps (°C),temperature_2m_member15_icon_seamless_eps (°C),temperature_2m_member16_icon_seamless_eps (°C),temperature_2m_member17_icon_seamless_eps (°C),temperature_2m_member18_icon_seamless_eps (°C),temperature_2m_member19_icon_seamless_eps (°C),temperature_2m_member20_icon_seamless_eps (°C),temperature_2m_member21_icon_seamless_eps (°C),temperature_2m_member22_icon_seamless_eps (°C),temperature_2m_member23_icon_seamless_eps (°C),temperature_2m_member24_icon_seamless_eps (°C),temperature_2m_member25_icon_seamless_eps (°C),temperature_2m_member26_icon_seamless_eps (°C),temperature_2m_member27_icon_seamless_eps (°C),temperature_2m_member28_icon_seamless_eps (°C),temperature_2m_member29_icon_seamless_eps (°C),temperature_2m_member30_icon_seamless_eps (°C),temperature_2m_member31_icon_seamless_eps (°C),temperature_2m_member32_icon_seamless_eps (°C),temperature_2m_member33_icon_seamless_eps (°C),temperature_2m_member34_icon_seamless_eps (°C),temperature_2m_member35_icon_seamless_eps (°C),temperature_2m_member36_icon_seamless_eps (°C),temperature_2m_member37_icon_seamless_eps (°C),temperature_2m_member38_icon_seamless_eps (°C),temperature_2m_member39_icon_seamless_eps (°C),relativehumidity_2m_icon_seamless_eps (%),relativehumidity_2m_member01_icon_seamless_eps (%),relativehumidity_2m_member02_icon_seamless_eps (%),relativehumidity_2m_member03_icon_seamless_eps (%),relativehumidity_2m_member04_icon_seamless_eps (%),relativehumidity_2m_member05_icon_seamless_eps (%),relativehumidity_2m_member06_icon_seamless_eps (%),relativehumidity_2m_member07_icon_seamless_eps (%),relativehumidity_2m_member08_icon_seamless_eps (%),relativehumidity_2m_member09_icon_seamless_eps (%),relativehumidity_2m_member10_icon_seamless_eps (%),relativehumidity_2m_member11_icon_seamless_eps (%),relativehumidity_2m_member12_icon_seamless_eps (%),relativehumidity_2m_member13_icon_seamless_eps (%),relativehumidity_2m_member14_icon_seamless_eps (%),relativehumidity_2m_member15_icon_seamless_eps (%),relativehumidity_2m_member16_icon_seamless_eps (%),relativehumidity_2m_member17_icon_seamless_eps (%),relativehumidity_2m_member18_icon_seamless_eps (%),relativehumidity_2m_member19_icon_seamless_eps (%),relativehumidity_2m_member20_icon_seamless_eps (%),relativehumidity_2m_member21_icon_seamless_eps (%),relativehumidity_2m_member22_icon_seamless_eps (%),relativehumidity_2m_member23_icon_seamless_eps (%),relativehumidity_2m_member24_icon_seamless_eps (%),relativehumidity_2m_member25_icon_seamless_eps (%),relativehumidity_2m_member26_icon_seamless_eps (%),relativehumidity_2m_member27_icon_seamless_eps (%),relativehumidity_2m_member28_icon_seamless_eps (%),relativehumidity_2m_member29_icon_seamless_eps (%),relativehumidity_2m_member30_icon_seamless_eps (%),relativehumidity_2m_member31_icon_seamless_eps (%),relativehumidity_2m_member32_icon_seamless_eps (%),relativehumidity_2m_member33_icon_seamless_eps (%),relativehumidity_2m_member34_icon_seamless_eps (%),relativehumidity_2m_member35_icon_seamless_eps (%),relativehumidity_2m_member36_icon_seamless_eps (%),relativehumidity_2m_member37_icon_seamless_eps (%),relativehumidity_2m_member38_icon_seamless_eps (%),relativehumidity_2m_member39_icon_seamless_eps (%),rain_icon_seamless_eps (mm),rain_member01_icon_seamless_eps (mm),rain_member02_icon_seamless_eps (mm),rain_member03_icon_seamless_eps (mm),rain_member04_icon_seamless_eps (mm),rain_member05_icon_seamless_eps (mm),rain_member06_icon_seamless_eps (mm),rain_member07_icon_seamless_eps (mm),rain_member08_icon_seamless_eps (mm),rain_member09_icon_seamless_eps (mm),rain_member10_icon_seamless_eps (mm),rain_member11_icon_seamless_eps (mm),rain_member12_icon_seamless_eps (mm),rain_member13_icon_seamless_eps (mm),rain_member14_icon_seamless_eps (mm),rain_member15_icon_seamless_eps (mm),rain_member16_icon_seamless_eps (mm),rain_member17_icon_seamless_eps (mm),rain_member18_icon_seamless_eps (mm),rain_member19_icon_seamless_eps (mm),rain_member20_icon_seamless_eps (mm),rain_member21_icon_seamless_eps (mm),rain_member22_icon_seamless_eps (mm),rain_member23_icon_seamless_eps (mm),rain_member24_icon_seamless_eps (mm),rain_member25_icon_seamless_eps (mm),rain_member26_icon_seamless_eps (mm),rain_member27_icon_seamless_eps (mm),rain_member28_icon_seamless_eps (mm),rain_member29_icon_seamless_eps (mm),rain_member30_icon_seamless_eps (mm),rain_member31_icon_seamless_eps (mm),rain_member32_icon_seamless_eps (mm),rain_member33_icon_seamless_eps (mm),rain_member34_icon_seamless_eps (mm),rain_member35_icon_seamless_eps (mm),rain_member36_icon_seamless_eps (mm),rain_member37_icon_seamless_eps (mm),rain_member38_icon_seamless_eps (mm),rain_member39_icon_seamless_eps (mm),windspeed_10m_icon_seamless_eps (km/h),windspeed_10m_member01_icon_seamless_eps (km/h),windspeed_10m_member02_icon_seamless_eps (km/h),windspeed_10m_member03_icon_seamless_eps (km/h),windspeed_10m_member04_icon_seamless_eps (km/h),windspeed_10m_member05_icon_seamless_eps (km/h),windspeed_10m_member06_icon_seamless_eps (km/h),windspeed_10m_member07_icon_seamless_eps (km/h),windspeed_10m_member08_icon_seamless_eps (km/h),windspeed_10m_member09_icon_seamless_eps (km/h),windspeed_10m_member10_icon_seamless_eps (km/h),windspeed_10m_member11_icon_seamless_eps (km/h),windspeed_10m_member12_icon_seamless_eps (km/h),windspeed_10m_member13_icon_seamless_eps (km/h),windspeed_10m_member14_icon_seamless_eps (km/h),windspeed_10m_member15_icon_seamless_eps (km/h),windspeed_10m_member16_icon_seamless_eps (km/h),windspeed_10m_member17_icon_seamless_eps (km/h),windspeed_10m_member18_icon_seamless_eps (km/h),windspeed_10m_member19_icon_seamless_eps (km/h),windspeed_10m_member20_icon_seamless_eps (km/h),windspeed_10m_member21_icon_seamless_eps (km/h),windspeed_10m_member22_icon_seamless_eps (km/h),windspeed_10m_member23_icon_seamless_eps (km/h),windspeed_10m_member24_icon_seamless_eps (km/h),windspeed_10m_member25_icon_seamless_eps (km/h),windspeed_10m_member26_icon_seamless_eps (km/h),windspeed_10m_member27_icon_seamless_eps (km/h),windspeed_10m_member28_icon_seamless_eps (km/h),windspeed_10m_member29_icon_seamless_eps (km/h),windspeed_10m_member30_icon_seamless_eps (km/h),windspeed_10m_member31_icon_seamless_eps (km/h),windspeed_10m_member32_icon_seamless_eps (km/h),windspeed_10m_member33_icon_seamless_eps (km/h),windspeed_10m_member34_icon_seamless_eps (km/h),windspeed_10m_member35_icon_seamless_eps (km/h),windspeed_10m_member36_icon_seamless_eps (km/h),windspeed_10m_member37_icon_seamless_eps (km/h),windspeed_10m_member38_icon_seamless_eps (km/h),windspeed_10m_member39_icon_seamless_eps (km/h),windgusts_10m_icon_seamless_eps (undefined),windgusts_10m_member01_icon_seamless_eps (undefined),windgusts_10m_member02_icon_seamless_eps (undefined),windgusts_10m_member03_icon_seamless_eps (undefined),windgusts_10m_member04_icon_seamless_eps (undefined),windgusts_10m_member05_icon_seamless_eps (undefined),windgusts_10m_member06_icon_seamless_eps (undefined),windgusts_10m_member07_icon_seamless_eps (undefined),windgusts_10m_member08_icon_seamless_eps (undefined),windgusts_10m_member09_icon_seamless_eps (undefined),windgusts_10m_member10_icon_seamless_eps (undefined),windgusts_10m_member11_icon_seamless_eps (undefined),windgusts_10m_member12_icon_seamless_eps (undefined),windgusts_10m_member13_icon_seamless_eps (undefined),windgusts_10m_member14_icon_seamless_eps (undefined),windgusts_10m_member15_icon_seamless_eps (undefined),windgusts_10m_member16_icon_seamless_eps (undefined),windgusts_10m_member17_icon_seamless_eps (undefined),windgusts_10m_member18_icon_seamless_eps (undefined),windgusts_10m_member19_icon_seamless_eps (undefined),windgusts_10m_member20_icon_seamless_eps (undefined),windgusts_10m_member21_icon_seamless_eps (undefined),windgusts_10m_member22_icon_seamless_eps (undefined),windgusts_10m_member23_icon_seamless_eps (undefined),windgusts_10m_member24_icon_seamless_eps (undefined),windgusts_10m_member25_icon_seamless_eps (undefined),windgusts_10m_member26_icon_seamless_eps (undefined),windgusts_10m_member27_icon_seamless_eps (undefined),windgusts_10m_member28_icon_seamless_eps (undefined),windgusts_10m_member29_icon_seamless_eps (undefined),windgusts_10m_member30_icon_seamless_eps (undefined),windgusts_10m_member31_icon_seamless_eps (undefined),windgusts_10m_member32_icon_seamless_eps (undefined),windgusts_10m_member33_icon_seamless_eps (undefined),windgusts_10m_member34_icon_seamless_eps (undefined),windgusts_10m_member35_icon_seamless_eps (undefined),windgusts_10m_member36_icon_seamless_eps (undefined),windgusts_10m_member37_icon_seamless_eps (undefined),windgusts_10m_member38_icon_seamless_eps (undefined),windgusts_10m_member39_icon_seamless_eps (undefined),temperature_2m_ncep_gefs_seamless (°C),temperature_2m_member01_ncep_gefs_seamless (°C),temperature_2m_member02_ncep_gefs_seamless (°C),temperature_2m_member03_ncep_gefs_seamless (°C),temperature_2m_member04_ncep_gefs_seamless (°C),temperature_2m_member05_ncep_gefs_seamless (°C),temperature_2m_member06_ncep_gefs_seamless (°C),temperature_2m_member07_ncep_gefs_seamless (°C),temperature_2m_member08_ncep_gefs_seamless (°C),temperature_2m_member09_ncep_gefs_seamless (°C),temperature_2m_member10_ncep_gefs_seamless (°C),temperature_2m_member11_ncep_gefs_seamless (°C),temperature_2m_member12_ncep_gefs_seamless (°C),temperature_2m_member13_ncep_gefs_seamless (°C),temperature_2m_member14_ncep_gefs_seamless (°C),temperature_2m_member15_ncep_gefs_seamless (°C),temperature_2m_member16_ncep_gefs_seamless (°C),temperature_2m_member17_ncep_gefs_seamless (°C),temperature_2m_member18_ncep_gefs_seamless (°C),temperature_2m_member19_ncep_gefs_seamless (°C),temperature_2m_member20_ncep_gefs_seamless (°C),temperature_2m_member21_ncep_gefs_seamless (°C),temperature_2m_member22_ncep_gefs_seamless (°C),temperature_2m_member23_ncep_gefs_seamless (°C),temperature_2m_member24_ncep_gefs_seamless (°C),temperature_2m_member25_ncep_gefs_seamless (°C),temperature_2m_member26_ncep_gefs_seamless (°C),temperature_2m_member27_ncep_gefs_seamless (°C),temperature_2m_member28_ncep_gefs_seamless (°C),temperature_2m_member29_ncep_gefs_seamless (°C),temperature_2m_member30_ncep_gefs_seamless (°C),relativehumidity_2m_ncep_gefs_seamless (%),relativehumidity_2m_member01_ncep_gefs_seamless (%),relativehumidity_2m_member02_ncep_gefs_seamless (%),relativehumidity_2m_member03_ncep_gefs_seamless (%),relativehumidity_2m_member04_ncep_gefs_seamless (%),relativehumidity_2m_member05_ncep_gefs_seamless (%),relativehumidity_2m_member06_ncep_gefs_seamless (%),relativehumidity_2m_member07_ncep_gefs_seamless (%),relativehumidity_2m_member08_ncep_gefs_seamless (%),relativehumidity_2m_member09_ncep_gefs_seamless (%),relativehumidity_2m_member10_ncep_gefs_seamless (%),relativehumidity_2m_member11_ncep_gefs_seamless (%),relativehumidity_2m_member12_ncep_gefs_seamless (%),relativehumidity_2m_member13_ncep_gefs_seamless (%),relativehumidity_2m_member14_ncep_gefs_seamless (%),relativehumidity_2m_member15_ncep_gefs_seamless (%),relativehumidity_2m_member16_ncep_gefs_seamless (%),relativehumidity_2m_member17_ncep_gefs_seamless (%),relativehumidity_2m_member18_ncep_gefs_seamless (%),relativehumidity_2m_member19_ncep_gefs_seamless (%),relativehumidity_2m_member20_ncep_gefs_seamless (%),relativehumidity_2m_member21_ncep_gefs_seamless (%),relativehumidity_2m_member22_ncep_gefs_seamless (%),relativehumidity_2m_member23_ncep_gefs_seamless (%),relativehumidity_2m_member24_ncep_gefs_seamless (%),relativehumidity_2m_member25_ncep_gefs_seamless (%),relativehumidity_2m_member26_ncep_gefs_seamless (%),relativehumidity_2m_member27_ncep_gefs_seamless (%),relativehumidity_2m_member28_ncep_gefs_seamless (%),relativehumidity_2m_member29_ncep_gefs_seamless (%),relativehumidity_2m_member30_ncep_gefs_seamless (%),rain_ncep_gefs_seamless (mm),rain_member01_ncep_gefs_seamless (mm),rain_member02_ncep_gefs_seamless (mm),rain_member03_ncep_gefs_seamless (mm),rain_member04_ncep_gefs_seamless (mm),rain_member05_ncep_gefs_seamless (mm),rain_member06_ncep_gefs_seamless (mm),rain_member07_ncep_gefs_seamless (mm),rain_member08_ncep_gefs_seamless (mm),rain_member09_ncep_gefs_seamless (mm),rain_member10_ncep_gefs_seamless (mm),rain_member11_ncep_gefs_seamless (mm),rain_member12_ncep_gefs_seamless (mm),rain_member13_ncep_gefs_seamless (mm),rain_member14_ncep_gefs_seamless (mm),rain_member15_ncep_gefs_seamless (mm),rain_member16_ncep_gefs_seamless (mm),rain_member17_ncep_gefs_seamless (mm),rain_member18_ncep_gefs_seamless (mm),rain_member19_ncep_gefs_seamless (mm),rain_member20_ncep_gefs_seamless (mm),rain_member21_ncep_gefs_seamless (mm),rain_member22_ncep_gefs_seamless (mm),rain_member23_ncep_gefs_seamless (mm),rain_member24_ncep_gefs_seamless (mm),rain_member25_ncep_gefs_seamless (mm),rain_member26_ncep_gefs_seamless (mm),rain_member27_ncep_gefs_seamless (mm),rain_member28_ncep_gefs_seamless (mm),rain_member29_ncep_gefs_seamless (mm),rain_member30_ncep_gefs_seamless (mm),windspeed_10m_ncep_gefs_seamless (km/h),windspeed_10m_member01_ncep_gefs_seamless (km/h),windspeed_10m_member02_ncep_gefs_seamless (km/h),windspeed_10m_member03_ncep_gefs_seamless (km/h),windspeed_10m_member04_ncep_gefs_seamless (km/h),windspeed_10m_member05_ncep_gefs_seamless (km/h),windspeed_10m_member06_ncep_gefs_seamless (km/h),windspeed_10m_member07_ncep_gefs_seamless (km/h),windspeed_10m_member08_ncep_gefs_seamless (km/h),windspeed_10m_member09_ncep_gefs_seamless (km/h),windspeed_10m_member10_ncep_gefs_seamless (km/h),windspeed_10m_member11_ncep_gefs_seamless (km/h),windspeed_10m_member12_ncep_gefs_seamless (km/h),windspeed_10m_member13_ncep_gefs_seamless (km/h),windspeed_10m_member14_ncep_gefs_seamless (km/h),windspeed_10m_member15_ncep_gefs_seamless (km/h),windspeed_10m_member16_ncep_gefs_seamless (km/h),windspeed_10m_member17_ncep_gefs_seamless (km/h),windspeed_10m_member18_ncep_gefs_seamless (km/h),windspeed_10m_member19_ncep_gefs_seamless (km/h),windspeed_10m_member20_ncep_gefs_seamless (km/h),windspeed_10m_member21_ncep_gefs_seamless (km/h),windspeed_10m_member22_ncep_gefs_seamless (km/h),windspeed_10m_member23_ncep_gefs_seamless (km/h),windspeed_10m_member24_ncep_gefs_seamless (km/h),windspeed_10m_member25_ncep_gefs_seamless (km/h),windspeed_10m_member26_ncep_gefs_seamless (km/h),windspeed_10m_member27_ncep_gefs_seamless (km/h),windspeed_10m_member28_ncep_gefs_seamless (km/h),windspeed_10m_member29_ncep_gefs_seamless (km/h),windspeed_10m_member30_ncep_gefs_seamless (km/h),windgusts_10m_ncep_gefs_seamless (km/h),windgusts_10m_member01_ncep_gefs_seamless (km/h),windgusts_10m_member02_ncep_gefs_seamless (km/h),windgusts_10m_member03_ncep_gefs_seamless (km/h),windgusts_10m_member04_ncep_gefs_seamless (km/h),windgusts_10m_member05_ncep_gefs_seamless (km/h),windgusts_10m_member06_ncep_gefs_seamless (km/h),windgusts_10m_member07_ncep_gefs_seamless (km/h),windgusts_10m_member08_ncep_gefs_seamless (km/h),windgusts_10m_member09_ncep_gefs_seamless (km/h),windgusts_10m_member10_ncep_gefs_seamless (km/h),windgusts_10m_member11_ncep_gefs_seamless (km/h),windgusts_10m_member12_ncep_gefs_seamless (km/h),windgusts_10m_member13_ncep_gefs_seamless (km/h),windgusts_10m_member14_ncep_gefs_seamless (km/h),windgusts_10m_member15_ncep_gefs_seamless (km/h),windgusts_10m_member16_ncep_gefs_seamless (km/h),windgusts_10m_member17_ncep_gefs_seamless (km/h),windgusts_10m_member18_ncep_gefs_seamless (km/h),windgusts_10m_member19_ncep_gefs_seamless (km/h),windgusts_10m_member20_ncep_gefs_seamless (km/h),windgusts_10m_member21_ncep_gefs_seamless (km/h),windgusts_10m_member22_ncep_gefs_seamless (km/h),windgusts_10m_member23_ncep_gefs_seamless (km/h),windgusts_10m_member24_ncep_gefs_seamless (km/h),windgusts_10m_member25_ncep_gefs_seamless (km/h),windgusts_10m_member26_ncep_gefs_seamless (km/h),windgusts_10m_member27_ncep_gefs_seamless (km/h),windgusts_10m_member28_ncep_gefs_seamless (km/h),windgusts_10m_member29_ncep_gefs_seamless (km/h),windgusts_10m_member30_ncep_gefs_seamless (km/h),temperature_2m_ecmwf_ifs04 (°C),relativehumidity_2m_ecmwf_ifs04 (%),rain_ecmwf_ifs04 (mm),windspeed_10m_ecmwf_ifs04 (km/h),windgusts_10m_ecmwf_ifs04 (undefined),latitude,longitude
2026-10-08T00:00,24.5,25.2,25.1,24.8,24.3,24.7,24.5,24.9,24.3,25,24.4,25.5,25,24.4,24.7,24,24.8,24.8,25.2,25.5,24.8,24.7,24.9,24.2,25.2,24.8,24.7,24.8,25.6,24.2,24.3,25,24.5,25.1,23.9,24.5,24.9,24.6,24.2,24.9,80,77,77,77,77,79,81,71,79,75,82,75,76,85,78,82,77,78,77,73,79,75,79,81,75,76,78,83,70,77,86,78,81,74,85,83,78,77,80,76,0,0,0,0,0,0,0,0,0,0,0,0,0,0,0,0,0,0,0,0,0,0,0,0,0,0,0,0,0,0,0,0,0,0,0,0,0,0,0,0,4.6,4.1,4.4,3.4,4.2,7.7,7.6,4.3,3.5,4.6,7,3.2,2.6,5.9,3.7,4,4.3,3.9,6,10,4.7,4.1,4.3,5.7,5.6,3.3,4.2,4.8,2.7,3.7,6.2,6.4,6.1,4.1,4.9,5.5,4.6,3.3,3.4,4.1,,,,,,,,,,,,,,,,,,,,,,,,,,,,,,,,,,,,,,,,,25.7,25.7,25.7,25.5,25.9,25.9,25.7,25.8,25.6,25.5,25.8,25.9,25.8,25.7,25.8,25.8,25.8,25.5,25.5,25.8,25.6,25.6,25.9,25.5,25.7,25.7,25.5,25.6,25.6,25.6,25.7,75,75,77,72,75,75,76,74,73,73,75,73,73,73,76,76,75,72,74,75,75,75,74,76,76,72,75,74,72,72,73,0.1,0.1,0.1,0,0.1,0.2,0.1,0.1,0,0,0.1,0.1,0,0.1,0.1,0.3,0,0,0,0.1,0,0,0.1,0.1,0.1,0,0.1,0.1,0.1,0,0.1,22.7,23.7,23.1,21.1,22.9,21.1,24.9,22.9,26.4,23.6,22.1,19.9,27,19.5,20.8,21.8,23.9,23.7,24.9,23.2,23.4,24.7,20.9,26.4,21.4,21.8,22.7,23.7,21,26.2,19.9,26.3,27.7,27,24.1,26.3,24.1,29.2,26.6,30.6,27.4,25.6,23,31.7,23,23.8,25.2,27.4,27.4,28.4,27.4,26.6,28.4,24.1,29.9,25.2,25.2,26.3,27,24.5,29.5,23.4,,,,,,22.2204,114.2127
2026-10-08T01:00,24.5,25,24.9,24.7,24.2,24.7,24.6,24.7,24.2,24.8,24.6,25.4,25,24.4,24.6,23.9,24.6,24.4,25.1,25.5,24.8,24.3,24.6,24.2,25.2,24.7,24.6,24.7,25.4,24,24.4,25,24.4,25,24,24.6,24.8,24.6,24.1,24.8,81,78,78,76,80,79,80,74,80,77,80,75,74,86,78,84,79,78,77,73,79,78,81,85,76,76,81,84,69,81,85,78,81,75,85,83,79,77,81,76,0,0,0,0,0,0,0,0,0,0,0,0,0,0,0,0,0,0,0,0,0,0,0,0,0,0,0,0,0,0,0,0,0,0,0,0,0,0,0,0,5.8,4.9,4.8,4.2,4.5,9.1,8.7,4.6,4.1,5.1,7.9,3.1,3.8,6.9,4.9,5.2,5.3,4.3,7,11.1,4.7,4.2,5.4,6.6,5.9,3.4,4.9,5.4,3.2,3.8,6.6,7.8,7.8,4.8,5.6,6.8,4.7,4.3,3.9,3.9,,,,,,,,,,,,,,,,,,,,,,,,,,,,,,,,,,,,,,,,,25.6,25.7,25.7,25.4,25.9,25.8,25.6,25.7,25.5,25.4,25.8,25.9,25.6,25.7,25.8,25.9,25.8,25.4,25.4,25.8,25.5,25.5,25.8,25.4,25.6,25.6,25.5,25.5,25.6,25.5,25.7,76,75,78,74,76,77,76,75,73,73,75,75,74,75,76,77,75,73,74,75,75,76,75,77,77,73,75,76,74,72,74,0.1,0.1,0.1,0,0.1,0.2,0.1,0.1,0,0,0.1,0.1,0,0.1,0.1,0.3,0,0,0,0.1,0,0,0.1,0.1,0.1,0,0.1,0.1,0.1,0,0.1,26.9,27.1,27.2,24.3,26.5,25.3,30.4,25.5,28.5,27.5,26.3,23.7,33.2,23,24.7,25.4,27,27.8,30.1,26.1,27,28.5,22.9,29.4,25.3,27.3,25.8,27.9,25.2,31.4,24.1,30.6,31,31.7,27.7,30.6,29.2,34.9,29.2,32.4,31.7,29.9,27.4,37.8,26.6,28.1,29.9,31,31,33.5,30.2,30.2,32.8,26.3,33.5,29.5,31.3,29.2,31.3,29.2,35.6,28.1,,,,,,22.2204,114.2127
2026-10-08T02:00,24.5,25,24.9,24.7,24.2,24.8,24.5,24.6,24,24.8,24.7,25.4,24.9,24.4,24.5,24.1,24.7,24.2,25.1,25.3,24.8,24.3,24.6,24.5,25.3,24.6,24.8,25,25.2,24,24.5,24.9,24.5,24.9,24.3,24.7,24.7,24.5,24.1,24.7,82,76,78,77,82,79,80,76,83,79,78,75,74,84,79,84,79,81,76,75,79,78,80,83,76,76,81,81,70,83,82,79,78,76,83,80,80,77,81,78,0,0,0,0,0,0,0,0,0,0,0,0,0,0,0,0,0,0,0,0,0,0,0,0,0,0,0,0,0,0,0,0,0,0,0,0,0,0,0,0,6.6,6.1,5.9,4.3,4.9,10.3,9.7,4.9,5.2,6.4,9.5,3.6,4.6,8.7,5.9,6.6,6.4,4.6,8,11.4,5.6,4.2,7,8.6,8,4.1,6.6,7.4,3.9,4.3,7.7,8.7,8.9,7,6.9,8.7,6.4,6.3,4.1,4.6,,,,,,,,,,,,,,,,,,,,,,,,,,,,,,,,,,,,,,,,,25.5,25.6,25.6,25.3,25.8,25.7,25.5,25.7,25.3,25.3,25.8,25.8,25.5,25.7,25.7,25.8,25.7,25.3,25.3,25.7,25.4,25.4,25.7,25.2,25.5,25.5,25.4,25.4,25.6,25.3,25.6,76,76,78,75,77,78,76,76,74,74,75,76,74,76,77,77,75,74,75,76,75,76,75,78,77,74,76,77,75,72,75,0.1,0.1,0.1,0,0.1,0.2,0.1,0.1,0,0,0.1,0.1,0,0.1,0.1,0.3,0,0,0,0.1,0,0,0.1,0.1,0.1,0,0.1,0.1,0.1,0,0.1,30.4,30.2,30.7,27.1,30,28.9,34.9,28,30.6,31,29.9,27.1,38,26.1,28.3,28.8,29.9,30.8,34.3,28.7,30.6,32.1,25.1,31.9,28.5,31.8,28.5,31.2,28.9,35.2,27.3,34.2,33.8,35.3,31,34.2,33.1,40,31.7,34.6,35.3,33.8,31.3,43.2,29.9,32,33.5,34.2,33.8,37.8,32.8,33.8,36.4,28.4,36,33.1,36.4,31.7,34.9,33.1,40,32,,,,,,22.2204,114.2127
2026-10-08T03:00,24.5,24.9,24.8,24.6,24.1,24.8,24.4,24.5,24.1,24.7,24.5,25.4,24.7,24.3,24.4,24.3,24.7,24.1,25,25.2,24.7,24.2,24.6,24.7,25.3,24.7,25,25.1,25.2,24,24.6,24.7,24.3,25,24.3,24.7,24.8,24.5,24.1,24.6,81,77,78,79,83,80,82,77,84,78,79,75,76,83,80,83,78,82,77,76,80,79,80,81,76,75,77,80,71,83,81,81,78,76,81,80,79,78,81,81,0,0,0,0,0,0,0,0,0,0,0,0,0,0,0,0,0,0,0,0,0.1,0,0,0,0,0,0,0,0,0,0,0,0,0,0,0,0,0,0,0,7.4,6.7,7.4,5,5.4,11.1,10.1,5.6,6.6,6.9,10,4.9,4.4,9.8,7.4,7.9,7.6,5.6,8.7,11,8,4.5,8.6,9.4,9.6,4.1,8.7,9.6,4.6,5.1,8.7,9.5,9.8,8.8,7.7,10.2,8.4,7.1,4.9,5.6,,,,,,,,,,,,,,,,,,,,,,,,,,,,,,,,,,,,,,,,,25.4,25.4,25.4,25.2,25.6,25.6,25.3,25.6,25.1,25.1,25.7,25.7,25.2,25.5,25.6,25.7,25.6,25.2,25.1,25.6,25.2,25.3,25.6,25.2,25.4,25.2,25.3,25.3,25.4,25.1,25.6,76,77,78,76,77,78,76,77,75,75,76,77,73,77,78,77,76,75,75,77,75,76,75,78,77,74,77,78,76,73,76,0.1,0.1,0.1,0.1,0.1,0.3,0,0.1,0,0.1,0.2,0.2,0,0.1,0.1,0.2,0,0,0,0.1,0,0.1,0.1,0,0,0,0.1,0.1,0.1,0,0.1,32.5,32.3,33,30.1,32.4,31.1,37.4,30.3,33,32.8,32.4,29.8,40.9,29,30.6,30.9,32.3,32.2,36.8,30.4,33.4,34.4,27.4,33,30.8,35,30.3,33.2,32,36.6,29.5,36.7,36.4,37.4,33.8,36.7,36,42.5,34.2,37.1,37.8,36.7,34.2,46.8,33.1,34.9,36,36.7,35.6,40.3,34.6,36.7,38.9,30.6,37.4,35.3,40,33.5,37.4,36.7,41.8,34.6,,,,,,22.2204,114.2127
2026-10-08T04:00,24.5,24.8,24.7,24.6,24.2,24.6,24.4,24.4,24.2,24.6,24.3,25.2,24.6,24.2,24.6,24.3,24.8,24.3,24.8,25.1,24.6,24.2,24.5,24.7,25.2,24.6,24.9,25,25.2,24.1,24.7,24.7,24.2,25,24.2,24.6,24.7,24.5,24.2,24.7,79,77,78,80,82,80,83,76,82,78,81,76,77,82,79,83,78,82,78,77,79,80,80,81,76,76,77,79,73,82,80,81,79,77,81,81,79,78,80,80,0,0,0,0,0,0,0,0,0,0,0,0.1,0,0,0,0,0,0,0,0,0,0,0,0,0,0,0,0,0,0,0,0,0,0,0,0,0,0,0,0,7.9,9.2,8.9,6,6.8,12.9,11.2,6.1,8.7,7.4,10.2,7.4,4.4,11.1,9.2,9,8.7,7.1,9.4,13,9.7,4.8,9.7,10.3,10.6,4.7,9.6,10.6,4.2,6.4,9.8,10.6,10.7,8.8,8.9,10.5,9.1,8.2,6.5,8,,,,,,,,,,,,,,,,,,,,,,,,,,,,,,,,,,,,,,,,,25.2,25.2,25.3,25,25.3,25.5,25.1,25.4,24.9,25,25.5,25.6,24.8,25.4,25.5,25.5,25.3,25.1,24.9,25.5,24.9,25.1,25.4,25.2,25.3,24.9,25.2,25.1,25.2,24.9,25.5,76,77,78,76,78,78,75,77,75,76,77,78,72,77,78,77,77,75,75,77,76,76,76,77,77,74,77,78,76,73,77,0.1,0.1,0.1,0.1,0.1,0.3,0,0.1,0,0.1,0.2,0.2,0,0.1,0.1,0.2,0,0,0,0.1,0,0.1,0.1,0,0,0,0.1,0.1,0.1,0,0.1,34,33.7,34.4,32.8,34.1,33.1,38.3,32.6,35.5,34.2,34.4,32.1,42.6,31.9,32.8,32.5,34.5,32.8,37.7,32.1,35.5,36.4,29.1,33.8,32.8,37.5,31.4,34.6,35,37.1,31.5,38.5,38.2,38.9,36.7,38.9,37.8,43.9,36.7,40,39.2,39.2,36.7,49.7,35.6,37.4,38.2,39.2,37.1,42.1,36.4,39.2,40.7,32.4,38.5,36.7,42.5,34.9,38.9,39.6,42.5,36,,,,,,22.2204,114.2127
2026-10-08T05:00,24.4,24.7,24.6,24.6,24.1,24.4,24.4,24.5,24.2,24.6,24.1,24.9,24.6,24.1,24.6,24.2,24.8,24.4,24.6,24.9,24.4,24.2,24.4,24.6,25.1,24.7,24.8,24.9,25.2,24.1,24.8,24.7,24,24.9,24.1,24.4,24.6,24.3,24.2,24.7,74,77,79,78,83,78,80,77,83,78,78,79,77,80,77,81,76,81,79,74,77,80,79,81,76,77,78,78,75,81,78,78,78,78,80,80,79,79,81,79,0,0,0,0,0,0,0,0,0,0,0,0.1,0,0,0,0,0,0,0,0,0,0,0,0,0,0,0,0,0,0,0,0,0,0,0,0,0,0,0,0,8.7,10.9,9.7,7.9,8,13.5,12.2,6.7,10,8.2,11,8,5.1,11.7,10.1,11.3,9.5,8.6,10.7,14.1,10.2,5.4,10.2,11.6,10.8,4.7,11.3,12.1,4.2,7.2,11.6,11.3,11.2,10.1,9.3,10.5,9.5,9.3,7.6,10.2,,,,,,,,,,,,,,,,,,,,,,,,,,,,,,,,,,,,,,,,,25.1,25.1,25.2,24.9,25.1,25.4,24.9,25.3,24.8,24.9,25.4,25.4,24.5,25.2,25.3,25.3,25.1,25,24.8,25.4,24.7,24.9,25.3,25.2,25.1,24.6,25.1,25,25,24.8,25.4,76,77,77,75,77,78,75,77,75,76,77,78,71,77,78,77,77,75,75,77,75,75,76,76,77,73,77,77,76,73,77,0.1,0.1,0.1,0.1,0.1,0.3,0,0.1,0,0.1,0.2,0.2,0,0.1,0.1,0.2,0,0,0,0.1,0,0.1,0.1,0,0,0,0.1,0.1,0.1,0,0.1,35.2,34.9,35.3,34.9,35.4,34.5,38.7,34.2,37.1,35.1,35.9,33.8,43.9,33.8,34.3,33.8,36,33.2,38.4,33.2,37.2,37.5,30.6,34.2,34.2,39.2,32.3,35.2,36.9,37,32.8,40,39.6,40,38.9,40,39.6,44.6,38.2,42.1,40.3,41,38.9,51.8,37.8,39.2,39.2,41,38.2,43.2,37.4,41,42.1,33.8,38.9,38.2,44.3,36,40,41.4,42.5,37.4,,,,,,22.2204,114.2127
2026-10-08T06:00,24.2,24.5,24.6,24.6,24,24.1,24.3,24.4,24,24.4,24,24.9,24.7,23.9,24.4,24.1,24.7,24.4,24.6,24.7,24.2,24.4,24.2,24.4,24.9,24.7,24.7,24.7,25.3,24,24.6,24.5,23.7,24.7,24,24.3,24.4,24.1,24.1,24.6,74,76,78,76,83,76,75,77,81,77,72,77,76,77,75,79,72,78,78,70,76,79,73,78,73,77,76,75,75,79,74,75,72,77,77,75,79,80,81,76,0,0,0,0,0,0,0,0,0,0,0,0,0,0,0,0,0,0,0,0,0,0,0,0,0,0.1,0,0,0,0,0,0,0,0,0,0,0,0,0,0,8.2,10.5,9.7,8.7,9.2,12.9,12.4,7.1,10.4,8.4,10.9,8.7,7.3,11.8,9.8,11,9.8,9.5,12.1,14.1,10,5.9,10.5,12.1,10.8,7.2,12.4,12.6,5.8,7.2,12.6,11.3,11.5,11,9.8,10.3,11.3,9.7,7.9,11.4,,,,,,,,,,,,,,,,,,,,,,,,,,,,,,,,,,,,,,,,,25,25,25.1,24.7,24.9,25.3,24.9,25.2,24.6,24.8,25.2,25.3,24.3,25.2,25.2,25.2,25,24.8,24.7,25.3,24.6,24.8,25.1,25.2,25,24.5,25.1,24.9,24.9,24.7,25.2,75,76,76,73,75,77,75,76,74,75,76,77,69,77,77,76,75,74,74,77,73,73,75,75,76,71,76,75,75,72,76,0,0,0,0,0,0.1,0,0,0,0,0,0.1,0,0,0,0,0,0,0,0,0,0,0,0,0,0,0,0,0,0,0,35.6,35.3,35.5,35.4,35.3,35.8,38.5,34.3,37.5,35.3,36.4,35,44.4,34.4,35.3,34.3,37,33.8,38.4,34.3,37.7,37.8,31.1,33.8,35.5,39.2,32.7,35,36.9,36.7,34,40.7,40.3,40.3,40,40.3,41,44.3,38.5,42.8,40.3,41.8,40.3,53.3,38.5,40.7,39.6,42.5,39.2,43.6,38.5,42.1,43.2,34.2,38.5,40,45,36.7,40,41.8,42.5,38.5,,,,,,22.2204,114.2127
2026-10-08T07:00,24.1,24.2,24.5,24.5,24,23.7,24,24.4,23.9,24.4,23.7,24.8,24.7,23.8,24.3,23.9,24.5,24.3,24.5,24.4,23.9,24.5,23.9,24.1,24.6,24.5,24.4,24.4,25.2,24.1,24.2,24.2,23.4,24.4,23.8,24.1,24.3,23.9,24.2,24.3,74,74,75,75,82,75,73,75,77,75,69,74,74,72,71,76,70,75,74,65,75,79,72,75,72,79,75,73,75,77,73,75,69,73,74,72,74,78,78,73,0,0,0,0,0,0,0,0,0,0,0,0,0,0,0,0,0,0,0,0,0,0,0,0,0,0,0,0,0,0,0,0,0,0,0,0,0,0,0,0,7.9,10.8,9.7,9.1,9.4,12.9,12.4,7.3,10,8.1,11.1,7.9,7.9,11.9,8.4,11.3,9.3,10,12.6,13.4,9.8,6.9,10.5,11.6,10.5,7.6,13,12.3,6.8,7.3,12.8,10.9,11.7,10.6,9.7,10.3,11.8,9.2,8.2,12.1,,,,,,,,,,,,,,,,,,,,,,,,,,,,,,,,,,,,,,,,,24.9,25,25,24.6,24.8,25.2,24.8,25.1,24.5,24.8,25.1,25.2,24.2,25.1,25.1,25.1,24.9,24.5,24.6,25.1,24.5,24.7,25,25.2,24.9,24.5,25.1,24.9,24.8,24.7,25.1,73,74,75,70,73,76,74,74,73,74,73,75,68,76,74,74,73,73,72,76,70,70,75,75,74,68,74,72,73,69,75,0,0,0,0,0,0.1,0,0,0,0,0,0.1,0,0,0,0,0,0,0,0,0,0,0,0,0,0,0,0,0,0,0,35.5,35.1,35.2,35.2,34.3,36.9,37.8,33.7,37.1,35.3,36.2,36.1,44.3,34,36.1,34.5,37.3,34.6,37.6,35.1,37,37.6,30.8,32.7,36.1,38.1,33,33.8,35.9,36.2,34.5,40.7,40.3,40,40.7,39.6,42.1,43.2,38.2,42.8,40,41.8,41.4,53.6,38.2,41.4,39.2,43.6,40,43.6,39.2,42.5,43.6,34.2,37.4,41.4,44.6,36.7,38.9,40.7,41.8,39.2,,,,,,22.2204,114.2127
2026-10-08T08:00,24.6,24.7,24.8,24.7,24.4,23.8,24.1,24.8,24.2,24.8,24,25.2,25.1,23.8,24.8,24.2,24.7,24.4,24.5,24.6,24.3,24.9,24.1,24.3,24.7,24.8,24.4,24.4,25.4,24.6,24.2,24.6,23.9,24.5,24.3,24.3,24.3,24.2,24.6,24.3,69,68,71,73,79,69,71,73,73,71,67,71,70,69,66,71,67,73,70,65,72,75,69,71,69,76,72,70,72,72,70,71,66,68,70,70,70,76,75,68,0,0,0,0,0,0,0,0,0,0,0,0,0,0,0,0,0,0,0,0,0,0,0,0,0,0,0,0,0,0,0,0,0,0,0,0,0,0,0,0,7.9,11.9,10.8,9.4,10.4,13.8,12.9,8,10.2,9.4,11.9,8.4,8.7,13.2,8.5,11.8,9.8,10,12.1,12.9,10.3,7.1,11,11.9,10.6,8.9,13.4,11.8,8.4,7.9,13.4,11.8,12.7,11.1,10.6,10.6,12.4,10,8.9,12.2,,,,,,,,,,,,,,,,,,,,,,,,,,,,,,,,,,,,,,,,,24.9,25,25,24.6,24.8,25.2,24.9,25.1,24.5,24.9,25.1,25.2,24.1,25.2,25,25.1,24.9,24.4,24.6,25,24.5,24.7,25,25.2,24.8,24.6,25.1,24.9,24.8,24.7,25,71,72,73,67,71,74,73,72,71,72,71,73,66,74,72,72,70,72,70,75,67,68,73,74,72,66,72,70,71,67,73,0,0,0,0,0,0.1,0,0,0,0,0,0.1,0,0,0,0,0,0,0,0,0,0,0,0,0,0,0,0,0,0,0,35,34.9,34.7,34.6,33.5,36.9,37.2,32.9,36.7,34.6,35.6,36.3,43.7,33.7,36.1,34.6,37.1,34.6,36.8,35.1,36.3,37.2,30.4,32.2,36.3,37.3,32.8,33.1,34.7,35.3,34.6,40.3,40,39.6,40.3,38.9,42.5,42.5,37.4,42.5,38.9,41.4,41.8,53.6,37.8,41.4,38.9,43.9,40,42.8,39.2,42.1,43.2,33.8,36.7,42.1,44.3,36.7,38.2,39.6,41,39.2,,,,,,22.2204,114.2127
2026-10-08T09:00,25.4,25.4,25.4,25.2,25.1,24.4,24.7,25.4,24.9,25.4,24.5,25.9,25.7,24.4,25.6,24.9,25.2,24.9,24.9,25.4,24.9,25.5,25,24.9,25,25.5,24.6,25,25.7,25.2,24.6,25.3,24.8,25,25,24.9,24.5,24.6,25.3,24.9,63,61,62,66,73,60,63,67,66,67,62,64,63,65,60,62,61,66,64,60,65,69,60,63,65,72,66,65,69,67,63,62,59,60,62,64,64,71,67,60,0,0,0,0,0,0,0,0,0,0,0,0,0,0,0,0,0,0,0,0,0,0,0,0,0,0,0,0,0,0,0,0,0,0,0,0,0,0,0,0,10.3,14.5,13.2,12,12.4,14.8,13.7,11.4,11.8,11,13,11.1,12.6,14.7,12.6,14,10.9,11.9,12.6,14.1,12.1,8.4,13.7,13.4,11.8,11.9,14.5,13.1,10.5,9.8,14.3,13.2,15.3,11.9,13.7,13.2,13.5,11.4,11.8,12.6,,,,,,,,,,,,,,,,,,,,,,,,,,,,,,,,,,,,,,,,,25,25,25.1,24.8,24.9,25.3,25,25.2,24.7,25,25.3,25.3,24.3,25.3,25.2,25.2,24.9,24.5,24.7,25.1,24.6,24.8,25.1,25.2,25,24.8,25.2,25,24.9,24.8,25,69,70,71,65,68,71,70,70,69,69,69,71,65,71,70,69,67,70,68,73,65,66,71,73,70,64,70,68,69,65,71,0,0,0,0,0,0,0,0,0,0,0,0,0,0,0,0,0,0,0,0,0,0,0,0,0,0,0,0,0,0,0,34.8,34.8,34.2,34,32.7,35.9,37.4,32.1,36.2,33.7,35,36.1,43.3,33.2,34.9,34.2,36.3,34.3,36.2,34.2,35.3,36.5,29.9,32.3,35.8,36.8,32.4,33.2,33.7,34.8,34.6,40,39.6,38.9,39.2,38.2,41,42.5,36.4,41.4,37.8,40.7,41.4,52.6,37.4,40,38.5,43.2,39.2,42.1,38.2,41,42.1,33.5,36.7,41.4,43.6,36.4,37.8,38.5,40.3,38.9,,,,,,22.2204,114.2127
2026-10-08T10:00,26,26.2,26.2,25.9,25.6,25.2,25.6,26.1,25.7,26.1,25.4,26.6,26.3,25.1,26.4,25.6,25.7,25.3,25.5,26.2,25.6,26.2,25.9,25.7,25.6,26.1,25.1,25.7,26.1,26,25.4,25.9,25.7,25.8,25.8,25.4,25.1,25.3,26.1,25.8,58,56,54,56,66,54,57,59,59,63,58,59,58,62,55,56,56,60,60,57,59,62,55,58,56,65,60,61,63,60,57,58,56,54,56,59,59,63,58,54,0,0,0,0,0,0,0,0,0,0,0,0,0,0,0,0,0,0,0,0,0,0,0,0,0,0,0,0,0,0,0,0,0,0,0,0,0,0,0,0,13.4,16.1,14,13.4,12.9,16.3,15.6,13,13.7,12.7,15.8,12.6,14.1,15.9,15.9,14.7,13.4,13.4,14.3,16.3,13.9,11,15.3,14.2,14.5,12.6,15.5,15.3,12.2,13.2,15.6,14.2,17.4,14.2,15.5,14.3,14.7,13.1,13.6,14.2,,,,,,,,,,,,,,,,,,,,,,,,,,,,,,,,,,,,,,,,,25.2,25.1,25.3,25,25.2,25.5,25.2,25.4,25,25.2,25.5,25.5,24.5,25.4,25.4,25.4,25.1,24.8,24.9,25.3,24.8,24.9,25.3,25.3,25.2,25.1,25.3,25.2,25.1,24.9,25.1,66,67,68,64,66,68,67,68,67,67,66,69,64,68,67,66,65,67,66,70,63,63,67,71,68,63,68,66,67,63,68,0,0,0,0,0,0,0,0,0,0,0,0,0,0,0,0,0,0,0,0,0,0,0,0,0,0,0,0,0,0,0,34.1,34.3,33.8,33.2,32.5,33.8,37.1,30.8,35.2,32.7,34.3,35.3,42.7,32.5,33.5,33.7,35.1,33.4,35.5,32.5,34.3,35.7,29,32.8,34.7,36.8,31.7,33.2,32.9,34.1,34.1,39.2,39.2,38.2,37.8,37.1,38.9,42.8,35.3,40.3,36.4,39.6,40.3,51.1,36.7,37.8,38.2,41.8,37.8,41,36,38.9,40.7,32.8,36.4,40,42.5,35.6,37.4,37.1,39.6,38.2,,,,,,22.2204,114.2127
2026-10-08T11:00,26.6,26.8,26.8,26.5,26.2,26,26.4,26.9,26.5,27,26.2,27.2,27,25.9,26.9,26.3,26.4,26.1,26.2,27,26.3,27.1,26.6,26.4,26.1,26.7,25.7,26.3,26.4,26.6,26,26.5,26.5,26.5,26.5,26.2,25.6,25.9,26.6,26.7,55,54,52,52,59,53,55,55,53,58,55,55,54,59,55,53,53,55,58,55,56,57,53,54,50,61,57,59,59,56,56,56,55,51,53,55,56,58,55,51,0,0,0,0,0,0,0,0,0,0,0,0,0,0,0,0,0,0,0,0,0,0,0,0,0,0,0,0,0,0,0,0,0,0,0,0,0,0,0,0,14.1,16.5,14.3,13.4,13.2,17.2,16.1,14.2,14.2,13.8,15.9,13.6,15.1,15.5,17.4,14.9,14.2,14.4,14.7,17.1,14.4,13.2,16,15.6,15.1,12.7,15.6,15.9,12.8,14.6,15.8,15,17.4,15.3,15.9,15,14.8,13.8,13.9,15.1,,,,,,,,,,,,,,,,,,,,,,,,,,,,,,,,,,,,,,,,,25.4,25.3,25.5,25.2,25.5,25.8,25.3,25.6,25.2,25.4,25.8,25.7,24.7,25.5,25.6,25.6,25.3,25,25.1,25.4,25,25.1,25.5,25.4,25.4,25.2,25.4,25.3,25.2,25.1,25.2,64,65,66,63,64,65,65,66,65,64,64,67,64,65,65,64,63,65,65,68,62,62,65,69,66,62,66,65,65,61,66,0,0,0,0,0,0,0,0,0,0,0,0,0,0,0,0,0,0,0,0,0,0,0,0,0,0,0,0,0,0,0,33.3,33.7,32.7,31.8,31.6,32,36.8,29.5,33.9,31.1,33.4,34,41.8,31.4,31.7,32.6,33.3,32.2,34.6,30.9,32.8,34.1,28,32.1,33.4,36,30.8,32.9,31.5,32.5,33,38.2,38.2,36.7,35.6,36,36.7,42.5,33.5,38.5,34.6,38.2,38.9,49,35.3,35.6,37.4,39.6,36.4,39.6,34.2,36.7,38.5,31.7,35.6,38.2,41,34.6,36.7,35.6,37.4,37.1,,,,,,22.2204,114.2127
2026-10-08T12:00,27,27.3,27.3,26.9,26.7,26.6,27,27.5,27.2,27.8,26.7,27.6,27.3,26.2,27.5,27.1,27.1,26.6,26.8,27.3,26.8,27.6,27.2,26.6,26.3,27.1,25.9,26.7,26.7,27.2,26.7,27.1,27.1,27.1,27,26.6,26.1,26.5,27.2,27.5,54,54,51,52,55,52,53,53,50,54,55,51,53,59,55,51,51,53,57,56,55,56,52,53,50,56,57,58,55,54,54,55,55,49,52,54,55,56,54,50,0,0,0,0,0,0,0,0,0,0,0,0,0,0,0,0,0,0,0,0,0,0,0,0,0,0,0,0,0,0,0,0,0,0,0,0,0,0,0,0,14.1,16.6,15,13.7,13.1,16.9,16.5,14.6,14.5,14.5,16.1,13.9,14.5,14.8,17.9,15.3,14.5,15.2,14.3,16.2,14.2,12.4,16,15.4,14.8,12.4,15.5,15.1,11.8,14.9,15.7,14.8,16.3,15.2,15.7,15.5,15,13.6,13.9,15,,,,,,,,,,,,,,,,,,,,,,,,,,,,,,,,,,,,,,,,,25.5,25.4,25.6,25.5,25.7,26,25.3,25.8,25.2,25.6,26.1,25.9,24.8,25.7,25.7,25.8,25.6,25.2,25.2,25.6,25.1,25.2,25.8,25.6,25.6,25.2,25.5,25.3,25.4,25.3,25.4,63,64,64,63,63,63,65,65,63,62,63,65,65,63,64,63,62,64,64,66,61,62,63,67,64,61,65,65,64,60,64,0,0,0,0,0,0,0,0,0,0,0,0,0,0,0,0,0,0,0,0,0,0,0,0,0,0,0,0,0,0,0,31.8,32,30.8,29.4,30.4,30.4,35.2,27.6,32.2,29,31.4,32,40.3,29.2,29.7,30.8,30.9,30.3,33.2,29.2,30.8,31.8,26.7,29.8,31.2,34.6,29.3,31.8,29.8,29.1,31.2,36.4,36,34.6,32.4,34.6,34.9,41,31,36.4,32,36,36.4,46.4,32.8,33.5,35.6,36.7,34.2,37.8,32.4,33.8,35.6,30.2,33.1,35.6,38.9,32.8,35.6,33.5,32.8,35.3,,,,,,22.2204,114.2127
2026-10-08T13:00,27.3,27.8,27.6,27.1,27.1,27,27.4,27.8,27.7,28.3,27,27.9,27.6,26.8,27.8,27.5,27.4,26.8,27.4,27.6,26.8,28,27.8,26.7,26.5,27.2,26.4,27,27.1,27.4,27,27.4,27.6,27.3,27.3,27,26.5,26.8,27.5,27.9,54,52,50,53,53,52,52,53,48,52,55,51,54,59,55,50,52,53,57,57,57,57,51,53,50,54,55,58,54,54,54,56,54,50,52,54,56,54,54,48,0,0,0,0,0,0,0,0,0,0,0,0,0,0,0,0,0,0,0,0,0,0,0,0,0,0,0,0,0,0,0,0,0,0,0,0,0,0,0,0,13.6,17,14.1,12.9,12.7,15.7,16,14.1,14,14,15.5,13.4,13.8,13.7,17.7,14.6,13.9,14.6,14,15.3,13.3,12.7,15.2,14.8,13.9,12.2,15,13.9,11.8,14.5,15.1,14.7,15.9,14.7,15.1,13.7,13.9,13.7,13.6,14.5,,,,,,,,,,,,,,,,,,,,,,,,,,,,,,,,,,,,,,,,,25.5,25.6,25.8,25.7,25.9,26.2,25.3,26,25.2,25.9,26.4,26.1,24.8,25.9,25.8,26,25.9,25.3,25.3,25.8,25.1,25.3,26.2,25.9,25.7,25,25.6,25.3,25.5,25.5,25.5,63,63,63,63,63,62,65,64,62,61,62,64,67,62,64,62,61,63,64,65,62,62,62,66,63,61,64,65,64,60,63,0,0,0,0,0,0,0,0,0,0,0,0,0,0,0,0,0,0,0,0,0,0,0,0,0,0,0,0,0,0,0,29.7,30,28.6,26.4,29.3,28.8,33.2,25.7,29.8,26.9,29.5,29.6,38.2,26.5,28,28.7,28.4,28.2,31.3,27.6,28.9,29.5,25,26.8,28.7,32.7,27.7,30,27.9,24.5,29.2,33.8,33.5,32,29.2,32.8,32.8,38.5,28.4,34.2,29.5,33.1,33.1,43.6,29.5,31.3,33.1,32.8,32,35.3,31,30.6,32,28.4,29.9,32.4,36.4,31,33.8,31.3,27,32.8,,,,,,22.2204,114.2127
2026-10-08T14:00,27.5,27.9,27.7,27.3,27.2,27.2,27.7,27.8,28,28.5,27.2,27.9,27.7,27.2,28,27.5,27.3,27.1,27.6,27.6,27,28.3,28.1,27.1,26.6,27.1,26.6,27.2,27.2,27.6,27,27.6,28,27.4,27.3,27.3,26.9,26.9,27.8,28.2,53,51,50,53,52,53,53,53,47,50,55,52,54,57,53,51,53,53,56,59,57,57,50,52,50,55,54,59,55,55,55,56,54,51,52,53,55,53,54,46,0,0,0,0,0,0,0,0,0,0,0,0,0,0,0,0,0,0,0,0,0,0,0,0,0,0,0,0,0,0,0,0,0,0,0,0,0,0,0,0,12.9,15.5,13.3,12.2,12.1,14.5,15.8,14.5,13.3,13.7,15,13.1,13.2,13.1,17.3,13.6,13.1,14.2,13.9,14,12.9,11.9,14.8,14.4,13.1,11.3,14,13.5,11.2,13.8,14.7,14.2,14.8,13.2,14.3,13.3,13.7,13.5,12.8,13.7,,,,,,,,,,,,,,,,,,,,,,,,,,,,,,,,,,,,,,,,,25.6,25.7,25.9,25.9,26,26.4,25.3,26.1,25.2,26.1,26.6,26.2,24.8,26.1,25.8,26.1,26.2,25.5,25.4,25.9,25.2,25.4,26.4,26.1,25.8,24.9,25.6,25.3,25.6,25.7,25.6,63,63,63,64,64,62,66,64,61,60,62,63,68,62,64,62,61,63,64,65,62,63,62,65,63,61,64,65,64,61,63,0,0,0,0,0,0,0,0,0,0,0,0,0,0,0,0,0,0,0,0,0,0,0,0,0,0,0,0,0,0,0,28.1,28.3,26.6,24.5,28.1,27.6,31.7,24.1,27.9,25.5,27.4,27.3,36.2,24,26.4,27.2,26,26.7,29.4,26.3,27.1,27.9,23.9,24.6,26.8,31.3,26.7,28.5,26.7,20.9,27.6,31.7,31.3,29.9,26.6,31.7,31.3,36.7,26.3,32,27.7,30.6,30.6,40.7,26.6,29.5,31.3,29.9,29.9,33.1,29.5,28.1,29.5,27,27.4,29.9,34.2,29.5,32.4,29.5,22.7,31,,,,,,22.2204,114.2127
2026-10-08T15:00,27.4,27.7,27.5,27.1,27,27,27.6,27.4,27.9,28.5,27.2,27.7,27.6,27.2,27.7,27.2,27.1,26.9,27.6,27.5,27.1,28.4,28.1,27,26.3,26.8,26.7,27,27.2,27.4,26.9,27.5,28,27.3,27.1,27.3,27.1,26.7,27.7,28.1,54,53,53,55,53,55,55,54,49,50,56,53,55,59,55,54,55,57,57,61,57,57,51,54,54,56,56,60,56,56,58,57,56,52,55,54,57,55,55,47,0,0,0,0,0,0,0,0,0,0,0,0,0,0,0,0,0,0,0,0,0,0,0,0,0,0,0,0,0,0,0,0,0,0,0,0,0,0,0,0,12,14.5,13.1,11.3,11.6,14.2,15.3,14.2,12.4,13.1,13.8,12.3,12.5,12.8,16.2,12.3,12.5,13.6,13.4,12.9,11.9,11.1,13.5,13.3,12.1,10.7,12.9,13.2,10.6,13.1,13.7,13.3,13.9,11.8,13.4,12.2,13,13,12.4,12.7,,,,,,,,,,,,,,,,,,,,,,,,,,,,,,,,,,,,,,,,,25.7,25.8,26,25.9,26.1,26.5,25.3,26.1,25.3,26.2,26.7,26.3,24.9,26.2,25.9,26.2,26.3,25.6,25.4,26,25.2,25.4,26.5,26.1,25.8,24.9,25.7,25.4,25.6,25.8,25.7,64,63,64,65,66,63,67,65,62,60,63,63,69,63,65,63,62,63,65,66,63,64,63,66,64,63,64,66,65,62,64,0,0,0,0,0,0,0,0,0,0,0,0,0,0,0,0,0,0,0,0,0,0,0,0,0,0,0,0,0,0,0,27.2,27,25.2,24.4,27.8,26.9,30.8,23.7,26.6,25,25.8,25.5,34.1,22.7,25.8,26.5,24.6,25.7,27.8,25.6,26.4,27.3,23.5,23.3,26,30.2,26.1,26.9,26.1,20,27.3,30.2,29.5,28.1,26.3,31.3,30.2,35.3,25.6,30.2,27.4,28.8,28.4,37.8,24.8,28.4,30.2,27.7,28.4,31,28.8,27,28.4,26.3,25.9,28.1,32.4,28.8,31,28.4,21.2,30.2,,,,,,22.2204,114.2127
2026-10-08T16:00,27,27.1,27,26.9,26.6,26.7,27.2,26.8,27.5,28.1,27,27.2,27.3,26.8,27.4,26.7,26.9,26.6,27.4,27.5,26.9,28.3,27.9,26.6,26.3,26.4,26.7,26.9,26.9,27.1,26.7,27.1,27.4,27.1,26.6,26.9,26.9,26.3,27.4,27.9,58,56,57,57,55,60,58,58,52,53,59,56,57,62,59,59,59,60,58,63,59,57,53,58,57,59,58,62,57,58,60,60,59,54,59,58,59,59,56,50,0,0,0,0,0,0,0,0,0,0,0,0,0,0,0,0,0,0,0,0,0,0,0,0,0,0,0,0,0,0,0,0,0,0,0,0,0,0,0,0,11.6,13.5,11.9,10.5,11.5,13.3,14.1,12.6,11.4,12.1,12.2,11.5,11.9,11.8,15,11.5,11.3,12.8,11.2,12.1,10.9,11.6,12.6,12.2,9.8,9.7,12.1,12.1,10,12.6,12.5,11.7,13.2,10.8,13,10.6,12.7,12.6,11.6,11.8,,,,,,,,,,,,,,,,,,,,,,,,,,,,,,,,,,,,,,,,,25.8,25.9,26.1,25.9,26,26.5,25.2,26.1,25.4,26.2,26.8,26.4,25,26.2,26,26.2,26.4,25.7,25.5,26.1,25.1,25.4,26.6,26.2,25.9,24.9,25.8,25.6,25.7,25.9,25.8,65,65,65,67,69,65,69,67,63,61,64,64,69,64,67,64,64,64,67,67,64,66,64,67,66,65,65,66,67,63,65,0,0,0,0,0,0,0,0,0,0,0,0,0,0,0,0,0,0,0,0,0,0,0,0,0,0,0,0,0,0,0,26.3,26.2,23.8,25.9,27.9,26.6,30.1,23.6,25.9,25.1,24.5,23.7,31.6,21.8,25.5,26.1,23.6,24.7,26.5,25.7,26.1,27.3,23.6,22.6,25.7,29.9,26.5,25.5,26,20.7,28.1,29.2,28.4,26.6,27.4,31.7,29.9,34.2,25.2,28.4,27.7,27.4,26.6,35.3,23.8,27.7,29.9,26.3,27.4,29.2,28.4,26.6,28.4,25.9,25.2,27,30.6,28.8,29.2,28.1,21.2,29.9,,,,,,22.2204,114.2127
2026-10-08T17:00,26.5,26.6,26.4,26.4,26,26,26.6,26.1,26.8,27.4,26.4,26.6,26.6,26.3,26.7,26.2,26.4,26.2,27.1,27.2,26.4,27.8,27.3,26.1,26,25.9,26.2,26.6,26.4,26.5,26.2,26.6,26.9,26.7,26,26.3,26.4,25.7,26.7,27.3,63,61,63,62,60,65,63,64,57,59,65,60,61,67,64,65,64,65,61,67,63,61,58,64,61,63,63,66,61,62,65,64,65,58,64,65,63,64,60,55,0,0,0,0,0,0,0,0,0,0,0,0,0,0,0,0,0,0,0,0,0,0,0,0,0,0,0,0,0,0,0,0,0,0,0,0,0,0,0,0,9,11.1,10,9.4,10.5,11.6,12.4,10.8,9.8,10.7,10.9,10.4,11.3,9.8,13.7,10.5,9.7,10.5,9.2,10.7,9.7,8.9,10.8,9.8,7,6.9,10.1,9.9,8.3,10.4,11.2,10.5,11.6,9,10.4,8.1,11.9,11.2,10.4,9.8,,,,,,,,,,,,,,,,,,,,,,,,,,,,,,,,,,,,,,,,,25.8,26,26.2,25.9,26,26.5,25.1,26,25.4,26.1,26.8,26.4,25.1,26.3,26.1,26.3,26.4,25.8,25.5,26.1,25.1,25.4,26.6,26.2,25.9,24.9,25.9,25.7,25.7,25.9,25.8,66,66,66,69,71,67,71,68,65,63,66,65,70,66,69,66,66,65,69,69,66,68,66,69,68,67,66,68,69,65,67,0,0,0,0,0,0,0,0,0,0,0,0,0,0,0,0,0,0,0,0,0,0,0,0,0,0,0,0,0,0,0,26.1,25.8,23,26.9,28,26.5,29.5,23.8,25.7,25.2,23.7,23,29.6,21.7,25.3,25.8,23,24.3,25.6,25.6,25.9,27.7,23.6,22.1,25.6,29,26.4,24.9,25.9,21.3,28.6,28.8,27.7,25.6,28.4,31.7,29.5,33.5,25.2,27.4,28.1,26.6,25.9,32.8,23,27.4,29.5,25.6,26.6,27.7,28.4,26.6,28.8,25.9,24.8,26.6,29.2,28.8,28.1,28.1,21.6,30.2,,,,,,22.2204,114.2127
2026-10-08T18:00,25.8,26.1,25.8,25.6,25.2,25.4,25.9,25.5,25.8,26.5,25.7,25.8,25.7,25.8,25.8,25.4,25.7,25.6,26.5,26.8,25.6,27,26.3,25.5,25.7,25.4,25.6,26,25.9,25.8,25.5,25.9,26.2,26.2,25.1,25.9,25.6,24.9,25.7,26.4,69,66,69,69,70,72,70,69,67,67,71,67,68,73,71,73,70,70,66,72,70,66,67,70,65,66,69,70,66,67,73,70,71,64,72,69,69,71,67,63,0,0,0,0,0,0,0,0,0,0,0,0,0,0,0,0,0,0,0,0,0,0,0,0,0,0,0,0,0,0,0,0,0,0,0,0,0,0,0,0,5.8,8.2,7.2,6.1,7.2,8.6,10.5,8.1,6.8,8,8.7,6.5,6.9,7.6,10.4,8,7.6,8.3,7.3,9.5,6.5,5.7,7.4,7.6,5.8,4.7,8.3,8.9,5,6.1,9,8,10,6.9,8.3,6.3,8.8,8.3,6.9,6.5,,,,,,,,,,,,,,,,,,,,,,,,,,,,,,,,,,,,,,,,,25.8,26,26.2,25.9,26.1,26.4,25.2,26,25.3,26.1,26.8,26.4,25.1,26.3,26.1,26.3,26.4,25.7,25.4,26.2,25,25.3,26.6,26.3,25.9,24.9,25.9,25.7,25.7,26,25.7,68,68,67,71,73,70,72,69,67,66,68,67,71,68,71,68,68,68,71,71,68,70,68,70,70,69,68,71,71,67,69,0,0,0,0,0,0,0,0,0,0,0,0,0,0,0,0,0,0,0,0,0,0,0,0,0,0,0,0,0,0,0,26.1,25.7,22.5,26.8,27.4,26.4,28.7,23.4,25.6,25.5,23.2,22.9,28.1,21.6,24.5,25.3,22.2,23.5,24.9,25.6,25.8,28,23.2,21.7,25.2,27.2,25.9,24.8,25.4,20.9,28.5,29.2,28.1,25.6,29.2,31.3,29.9,33.1,25.2,27.4,28.8,26.3,26.3,31,23,27,29.2,25.2,25.9,27.4,29.2,27,30.2,26.3,24.5,27,28.1,28.4,27.7,28.1,21.2,31,,,,,,22.2204,114.2127
2026-10-08T19:00,25.2,25.7,25.4,25.2,24.6,25,25.4,25.2,25.3,26,25.3,25.4,25.3,25.5,25.4,25,25.4,25.1,26.1,26.6,25.2,26.5,25.7,25.1,25.5,25.1,25.3,25.8,25.6,25.4,25.1,25.5,25.7,25.8,24.7,25.6,25.1,24.5,25.1,25.9,74,69,73,74,77,78,76,72,73,72,76,71,73,79,76,79,74,74,70,74,75,70,73,76,70,70,73,75,69,72,78,75,77,68,77,72,76,76,73,70,0,0,0,0,0,0,0,0,0,0,0,0,0,0,0,0,0,0,0,0,0,0,0,0,0,0,0,0,0,0,0,0,0,0,0,0,0,0,0,0,5.1,7.1,6.1,5,6.8,7.6,9.8,6.6,5.8,7.3,7.9,4.7,5,6.9,8.6,6.9,6.8,7.2,6,9.1,5,4.3,6.2,7.2,5.4,3.6,7.6,7.7,4,4.7,7.9,6.1,8.9,5.1,6.8,6.2,7.4,7.2,5.4,5.8,,,,,,,,,,,,,,,,,,,,,,,,,,,,,,,,,,,,,,,,,25.8,26,26.3,25.8,26.2,26.3,25.2,26.1,25.2,26,26.7,26.4,25.1,26.3,26.2,26.3,26.3,25.7,25.4,26.2,24.9,25.3,26.6,26.4,25.9,24.9,25.8,25.6,25.6,26,25.5,71,71,69,74,75,73,73,70,70,69,71,70,71,70,72,69,71,72,73,73,70,72,70,72,73,70,71,75,73,69,72,0,0,0,0,0,0,0,0,0,0,0,0,0,0,0,0,0,0,0,0,0,0,0,0,0,0,0,0,0,0,0,25.7,25.9,22.3,26.5,26.9,26.4,28.3,22.4,25.7,25.8,23.1,23.3,27,21.7,23.7,25.1,22,22.7,24.5,25.6,25.5,28.5,23,21.3,24.9,24.8,25.2,24.8,25,20.3,28.5,29.9,29.2,25.9,29.5,31,30.2,32.8,25.2,28.1,29.5,26.6,27.4,29.5,23.8,27,29.2,25.6,25.2,27.7,30.2,27.4,32,27.4,24.8,28.1,27,28.1,28.1,28.4,21.2,32,,,,,,22.2204,114.2127
2026-10-08T20:00,25,25.6,25.3,25,24.4,24.9,25.4,25.2,25,25.9,25.2,25.2,25.1,25.4,25.3,24.8,25.3,25,25.9,26.6,25,26.3,25.5,25,25.4,25.1,25.2,25.7,25.5,25.2,25.1,25.4,25.6,25.6,24.5,25.6,25.1,24.5,24.8,25.6,78,73,77,76,80,81,77,74,77,76,78,74,76,82,79,82,76,77,73,75,79,73,78,80,73,73,76,78,72,75,79,79,79,72,79,75,77,78,77,76,0,0,0,0,0,0,0,0,0,0,0,0,0,0,0,0,0,0,0,0,0,0,0,0,0,0,0,0,0,0,0,0,0,0,0,0,0,0,0,0,4.4,7,6.5,4.7,6.9,7.6,9.7,5.1,5.4,6.9,7.6,4.7,4.4,7.3,8.3,6.9,6.9,7.6,5.5,9.3,4.7,4.3,6.2,6.5,6.2,3.6,8.3,7.9,4.3,5.1,7.6,6.5,8.6,5.4,6.5,6.6,7.9,6.8,4.7,6.1,,,,,,,,,,,,,,,,,,,,,,,,,,,,,,,,,,,,,,,,,25.7,26,26.3,25.8,26.2,26.1,25.3,26.1,25.1,25.9,26.7,26.3,25,26.3,26.2,26.3,26.3,25.6,25.3,26.2,24.8,25.2,26.6,26.4,25.9,25,25.7,25.5,25.6,26,25.4,73,73,70,76,76,75,73,71,72,72,73,73,72,72,74,71,73,75,75,75,71,74,72,73,75,71,73,77,75,71,74,0,0,0,0,0,0,0,0,0,0,0,0,0,0,0,0,0,0,0,0,0,0,0,0,0,0,0,0,0,0,0,25.7,25.9,22.3,26.2,26.5,26.7,27.9,22,25.7,26.1,23.1,24,25.9,21.3,23.3,25.1,21.7,22.3,24.1,26,25.2,28.8,23,21.4,25,23.1,24.8,25.2,25,19.7,28.4,30.2,29.9,26.3,30.2,31,31,32.8,25.6,28.4,30.2,27,28.4,28.1,24.1,27,29.5,25.9,25.2,27.7,31,27.4,33.5,28.1,25.2,29.2,25.9,27.7,28.4,28.8,21.2,32.8,,,,,,22.2204,114.2127
2026-10-08T21:00,24.9,25.5,25.3,24.9,24.4,24.9,25.5,25.2,24.9,25.8,25.2,25.1,25,25.5,25.3,24.8,25.4,25,25.8,26.7,24.9,26,25.5,25.1,25.4,25,25.3,25.7,25.5,25.1,25.1,25.5,25.6,25.5,24.5,25.6,25.1,24.5,24.6,25.6,80,75,79,78,81,82,77,75,80,79,79,76,78,83,81,83,77,78,76,74,82,76,79,81,74,76,76,79,74,78,80,79,80,76,80,77,79,79,80,77,0,0,0,0,0,0,0,0,0,0,0,0,0,0,0,0,0,0,0,0,0,0,0,0,0,0,0,0,0,0,0,0,0,0,0,0,0,0,0,0,5.2,7,7.6,5.5,6.9,7.6,10.1,5.5,5.2,6.9,8,5.1,3.8,7.4,8.8,7.9,7.7,7.9,6.2,10.1,5.1,4.5,7.3,7.7,7.2,4,9.1,9.2,4.3,5.1,7.6,7.6,9.1,5.4,6.5,7.8,8.6,6.8,5.2,6.5,,,,,,,,,,,,,,,,,,,,,,,,,,,,,,,,,,,,,,,,,25.7,26,26.3,25.9,26.3,26.1,25.4,26.1,25.2,25.9,26.7,26.3,25.1,26.3,26.2,26.3,26.3,25.7,25.4,26.2,25,25.3,26.6,26.5,26,25.1,25.6,25.5,25.7,26,25.4,74,74,72,77,77,76,73,72,73,73,74,74,72,74,75,72,74,76,75,76,71,75,73,75,76,71,74,77,76,72,74,0,0,0,0,0,0,0,0,0,0,0,0,0,0.1,0,0,0,0.2,0,0,0,0,0,0,0,0,0,0,0,0,0,25.7,26,22.2,26.3,26.6,27,28.3,22,25.3,26.4,23.4,24.7,24.5,20.3,23.3,25.4,22.1,23.1,23.8,26.7,24,29.1,23.7,21.7,25.8,21.9,24.5,25.6,25,19.8,28.8,30.2,30.2,26.3,30.6,31.3,31.3,32.8,25.9,28.1,31,27.7,29.2,27,23.4,27.4,30.2,26.3,25.9,27.4,31.3,26.6,33.8,28.8,25.9,30.2,24.8,27.7,29.2,28.8,21.6,33.1,,,,,,22.2204,114.2127
2026-10-08T22:00,24.8,25.4,25.4,24.9,24.4,24.9,25.5,25.3,24.8,25.8,25.2,25.1,25,25.5,25.4,24.9,25.5,25,25.9,26.6,24.9,25.9,25.4,25.3,25.4,24.8,25.4,25.8,25.5,25,25.1,25.5,25.7,25.5,24.5,25.6,25.1,24.5,24.6,25.6,83,77,79,79,82,82,76,74,83,80,79,78,80,84,80,82,77,78,75,74,81,78,78,78,76,79,75,77,76,80,81,78,78,77,80,77,78,79,82,77,0,0,0,0,0,0,0,0,0,0,0,0,0,0,0,0,0,0,0,0,0,0,0,0,0,0,0,0,0,0,0,0,0,0,0,0,0,0,0,0,5.6,7.3,8.7,5.9,7,8.4,12,6.6,5.7,7,8.6,5.1,3.9,7.6,9.6,7.9,8,8,7.1,10.7,6.2,4.5,8.8,9.1,8.7,4.8,9.4,10.2,4.7,5.2,8,8.8,10.8,6.2,6.9,7.8,9.4,6.9,5.9,7.6,,,,,,,,,,,,,,,,,,,,,,,,,,,,,,,,,,,,,,,,,25.7,26,26.2,25.9,26.3,26.1,25.5,26.1,25.2,25.8,26.7,26.3,25.1,26.3,26.1,26.3,26.3,25.7,25.4,26.2,25.2,25.4,26.6,26.5,26,25.2,25.5,25.6,25.7,26,25.5,74,75,74,77,77,77,73,73,73,74,75,75,73,75,76,73,75,77,75,77,71,75,74,77,77,72,75,76,76,73,74,0,0,0,0,0,0,0,0,0,0,0,0,0,0.1,0,0,0,0.2,0,0,0,0,0,0,0,0,0,0,0,0,0,26,26.1,22.4,26.8,26.8,27.8,28.6,22.3,25,26.8,24.4,25.8,23.1,18.8,23.7,26.2,22.9,24.1,23.8,27.4,22.9,29.1,24.7,22.5,27,21.3,24.1,25.9,25.3,19.9,29.2,30.2,29.9,26.6,31,31.7,32,32.8,26.6,27.7,31.7,28.8,29.9,25.9,22.3,27.7,31.3,26.6,27.4,27,31.7,25.9,33.8,29.5,27.4,31.3,24.1,27.7,29.9,29.2,22.3,33.5,,,,,,22.2204,114.2127
2026-10-08T23:00,24.8,25.3,25.4,24.9,24.5,24.9,25.5,25.3,24.9,25.8,25.3,25.1,25,25.6,25.4,24.8,25.6,25,25.9,26.5,24.8,25.8,25.3,25.4,25.4,24.7,25.3,25.7,25.4,25,25.2,25.4,25.6,25.5,24.5,25.7,25.1,24.6,24.6,25.5,83,77,77,80,82,83,74,73,83,81,79,78,80,82,78,80,75,77,75,73,80,81,76,75,76,82,77,75,75,80,80,78,76,77,81,77,77,79,82,76,0,0,0,0,0,0,0,0,0,0,0,0,0,0,0,0,0,0,0,0,0,0,0,0,0,0,0,0,0,0,0,0,0,0,0,0,0,0,0,0,5.9,8.5,9.2,6.2,7,9.3,12,6.5,6.8,7.5,9.4,5.2,4.5,8.9,10.2,8,8.8,8,8.3,11.5,7.3,4.6,9.7,10,9.5,4.5,10.2,10.6,5.9,5.2,8.4,9.3,11.3,7.8,7.3,8.8,9.9,7.3,6.6,9.2,,,,,,,,,,,,,,,,,,,,,,,,,,,,,,,,,,,,,,,,,25.7,26,26.2,26,26.3,26,25.6,26.1,25.3,25.8,26.6,26.2,25.2,26.3,26.1,26.3,26.3,25.7,25.5,26.2,25.4,25.4,26.5,26.4,26,25.3,25.5,25.6,25.7,26,25.5,74,76,75,77,77,77,73,74,73,75,76,76,73,76,77,74,75,77,75,77,71,75,75,79,77,72,76,76,76,74,74,0,0,0,0,0,0,0,0,0,0,0,0,0,0.1,0,0,0,0.2,0,0,0,0,0,0,0,0,0,0,0,0,0,26,26.2,23,27.1,27.5,28.1,29.3,22.7,25,27.5,25.2,26.5,21.6,18.1,24.4,27,23.6,25.2,23.8,28.1,22.1,29.5,25.8,23.6,28.1,20.6,23.8,26.6,25.7,20.3,29.6,30.2,29.9,27,31.3,32,32.4,33.1,27,27.7,32.4,29.9,30.6,24.5,21.6,28.4,32,27.4,28.8,27,32,25.2,33.8,30.6,28.4,32,23.4,27.4,31,29.5,23,33.8,,,,,,22.2204,114.2127
2026-10-09T00:00,24.9,25.3,25.4,24.8,24.5,24.8,25.2,25.2,25.1,25.8,25.2,25.1,25,25.6,25.4,24.8,25.5,24.9,25.9,26.3,24.8,25.8,25.1,25.3,25.4,24.6,25.2,25.6,25.4,24.9,25.1,25.3,25.5,25.5,24.5,25.7,25,24.6,24.6,25.3,83,76,76,80,82,82,76,73,79,80,79,77,79,80,77,78,76,76,73,74,81,80,77,76,75,82,78,75,73,79,79,78,75,75,83,78,76,80,83,76,0,0,0,0,0,0,0,0,0,0,0,0,0,0,0,0,0,0,0,0,0,0,0,0,0,0,0,0,0,0,0,0,0,0,0,0,0,0,0,0,7.1,8.8,9,6.5,7,9.4,11.5,7.2,8.6,8.8,9.7,4.9,5,9.8,10.6,8.5,9.3,8.2,8.9,11.2,8.1,5.5,9,9.8,9.7,4.5,10.6,10,5.6,5.5,8.5,9.3,11.3,8.3,7.4,10,10.3,7.8,7.1,8.9,,,,,,,,,,,,,,,,,,,,,,,,,,,,,,,,,,,,,,,,,25.7,25.9,26.1,25.9,26.2,25.9,25.5,26.1,25.2,25.6,26.5,26.1,25.2,26.3,26.1,26.2,26.2,25.7,25.5,26.2,25.3,25.3,26.4,26.4,25.9,25.3,25.4,25.5,25.7,26.1,25.4,75,77,76,77,77,77,74,74,74,76,76,77,73,76,77,74,76,77,76,77,72,76,76,79,77,73,77,77,76,74,75,0,0,0,0,0,0.1,0,0,0,0,0,0,0,0.2,0.1,0,0,0.1,0,0,0.1,0.1,0,0.1,0,0.1,0.1,0.1,0.1,0.1,0,26,25.8,24.1,27.3,28.1,28.5,30.1,22.3,25.1,28.6,26.3,27.3,19.8,18.6,25.3,27.5,23.9,25.9,23.9,28.2,22.1,30.2,27,24.7,28.6,20,22.7,27.7,26.5,21.1,30,30.2,29.5,28.1,31.7,32.4,32.8,33.8,27,28.1,33.1,31,31.3,22.3,22,29.5,32.4,28.1,29.9,27.4,32.4,25.2,34.6,31.7,29.5,32.4,22.3,26.3,32,30.2,23.8,34.2,,,,,,22.2204,114.2127
2026-10-09T01:00,25,25.1,25.3,24.8,24.4,24.8,25.1,25,25,25.8,25.1,25,24.9,25.4,25.3,24.6,25.4,24.8,25.6,26.1,24.8,25.8,25,25.2,25.2,24.7,25.2,25.4,25.2,24.9,25,25.1,25.2,25.3,24.5,25.6,24.8,24.5,24.6,25.2,81,75,77,81,83,82,79,75,78,80,80,78,79,80,77,79,78,78,74,77,81,77,78,79,75,81,79,79,72,78,80,79,75,73,83,79,79,81,83,75,0,0,0,0,0,0,0,0,0,0,0,0,0,0,0,0,0,0,0,0,0,0,0,0,0,0,0,0,0,0,0,0,0,0,0,0,0,0,0,0,8.2,8.9,8.9,7.7,7.9,9.5,9.2,7.4,9,10.2,9.7,5.2,5.5,10.1,10.2,8.6,9.8,8.7,9,12.1,8.4,6.3,8.9,10.2,9.8,4.9,11,10.5,5.7,5.9,9,9.2,11.3,8.6,8.3,9.4,10.6,7.5,7.5,8.4,,,,,,,,,,,,,,,,,,,,,,,,,,,,,,,,,,,,,,,,,25.6,25.8,26.1,25.8,26.1,25.8,25.3,26.2,25.2,25.4,26.3,26,25.3,26.4,26.1,26.2,26.1,25.5,25.5,26.2,25.2,25.2,26.2,26.3,25.8,25.2,25.4,25.5,25.6,26.1,25.3,76,78,76,78,78,78,77,74,74,77,77,77,72,76,78,75,76,78,76,77,74,77,77,78,77,74,77,77,77,74,77,0,0,0,0,0,0.1,0,0,0,0,0,0,0,0.2,0.1,0,0,0.1,0,0,0.1,0.1,0,0.1,0,0.1,0.1,0.1,0.1,0.1,0,26,25.1,25.6,27.6,28.7,28.5,31,22.3,25.5,29.7,27.7,28,17.7,19.8,26.5,28,24.5,27.1,23.9,28,22.3,31.1,28.2,26.7,28.6,19.5,21.6,28.8,27.2,21.9,30.5,29.9,29.2,29.9,31.7,33.1,32.8,35.3,26.6,28.4,34.2,32.4,32,20.2,23,30.6,32.8,29.2,31,27.7,32.8,25.6,35.3,32.8,31,32.8,21.6,24.8,33.5,31,24.8,34.6,,,,,,22.2204,114.2127
2026-10-09T02:00,24.9,24.9,25.2,24.8,24.3,24.6,24.9,24.9,24.8,25.6,24.9,24.9,24.8,25.2,25.2,24.5,25.3,24.7,25.4,26,24.8,25.8,24.8,25.1,25.1,24.7,25.2,25.3,25.1,24.8,25,25,25,25,24.3,25.5,24.7,24.4,24.6,25,81,78,79,82,84,83,80,76,81,81,81,79,80,82,79,82,79,80,76,78,82,75,80,80,77,80,80,81,72,78,81,81,77,75,83,80,80,83,82,78,0,0,0,0,0,0,0,0,0,0,0,0,0,0,0,0,0,0,0,0,0,0,0,0,0,0,0,0,0,0,0,0,0,0,0,0,0,0,0,0,9,10,8.9,8.1,8.4,10.6,10.3,7.6,9,10.5,9.7,5.5,6.8,10.8,10.2,9.2,10.4,9.4,9.1,12.6,8.7,6.6,10,11.2,10.2,5.2,11.2,12,6.4,6.5,9.9,9.7,11.5,8.9,8.4,9.9,10.5,7.4,8.9,9,,,,,,,,,,,,,,,,,,,,,,,,,,,,,,,,,,,,,,,,,25.5,25.7,26,25.7,26,25.7,25.2,26.1,25.1,25.3,26.2,25.8,25.3,26.4,26.1,26.1,26,25.4,25.4,26.1,25.1,25,26,26.2,25.7,25.1,25.4,25.4,25.5,26.1,25.1,77,78,76,78,78,78,78,74,75,77,77,78,72,76,78,75,77,78,77,77,75,77,77,78,77,75,78,78,77,74,78,0,0,0,0,0,0.1,0,0,0,0,0,0,0,0.2,0.1,0,0,0.1,0,0,0.1,0.1,0,0.1,0,0.1,0.1,0.1,0.1,0.1,0,26.5,25,27.2,28.2,29.4,29,31.8,23.1,26.1,30.9,29,28.6,16.6,21.1,27.8,28.6,25.2,28.3,24.7,28.2,23,32,29.1,28,29.1,19.5,20.9,29.6,28.1,23.1,31.1,30.6,29.2,31.7,32.4,33.5,33.5,36.4,27.7,29.5,35.3,33.5,32.8,18.7,24.1,32,33.1,30.2,32.4,28.8,33.1,25.9,36.4,33.8,32,33.5,21.2,24.5,34.2,32,26.3,35.3,,,,,,22.2204,114.2127
2026-10-09T03:00,24.8,24.9,25.1,24.7,24.3,24.4,24.9,24.8,24.7,25.5,24.7,24.9,24.8,25.1,25.1,24.5,25.1,24.6,25.2,25.8,24.7,25.6,24.7,25,24.9,24.7,25.1,25.2,24.9,24.7,24.9,24.9,24.9,24.8,24.1,25.4,24.6,24.3,24.5,24.8,81,79,79,83,84,84,80,74,83,83,81,79,78,83,78,83,79,81,77,78,82,74,82,80,78,80,81,81,74,80,82,82,77,77,84,81,82,84,81,79,0,0,0,0,0,0,0,0,0,0,0,0,0,0,0,0,0,0,0,0,0,0,0,0,0,0,0,0,0,0,0,0,0,0,0,0,0,0,0,0,9.4,10.6,9,8.3,9,10.3,10.1,7.9,9,10.5,10.6,6.3,7.3,11.9,11,10.8,10.8,10,8.7,12.4,9.3,7,11,11.2,10.6,5.6,11.3,12.9,6.6,7.1,10.7,10.1,11.8,8.5,8.4,10.2,10.7,8.4,9,9.4,,,,,,,,,,,,,,,,,,,,,,,,,,,,,,,,,,,,,,,,,25.4,25.6,25.8,25.6,25.8,25.6,25,25.9,25,25.1,26,25.7,25.2,26.3,25.9,25.9,25.9,25.2,25.2,26,25,24.9,25.9,26,25.5,25,25.4,25.3,25.4,26,25,78,78,77,78,78,78,78,75,76,77,78,79,73,76,78,76,78,79,78,77,76,77,77,79,78,76,79,78,77,75,78,0.1,0.1,0,0.1,0,0.1,0,0,0.1,0,0,0,0.1,0.2,0.1,0,0,0.1,0.1,0,0.1,0.1,0,0.1,0,0.1,0.3,0,0.1,0.1,0,28.7,25.2,29.7,29.8,29.7,30.3,32.8,26.1,28.1,32.1,30.7,29.5,16.9,22.6,29.6,29.2,26.8,30.7,27.1,29,23.9,33.2,30,29,30.4,20.4,21.9,30.1,29.2,24.9,32.2,32.8,29.5,33.8,33.8,33.5,34.9,37.4,30.6,31.7,36.7,34.9,33.8,18.7,25.9,33.8,33.1,31.7,34.6,31.3,34.2,27,37.8,34.6,33.1,34.9,22.3,25.9,34.6,33.1,28.1,36.4,,,,,,22.2204,114.2127
2026-10-09T04:00,24.7,24.7,25,24.6,24.1,24.3,24.8,24.7,24.5,25.3,24.5,24.8,24.7,24.9,25,24.5,24.9,24.5,25.1,25.7,24.5,25.5,24.7,24.7,24.8,24.6,25,25,24.8,24.5,24.8,24.8,24.8,24.7,24,25.4,24.6,24.2,24.4,24.7,81,79,79,83,86,85,79,73,83,82,81,78,76,82,76,82,79,80,78,75,82,74,81,80,78,81,82,80,75,81,82,83,76,78,85,82,81,85,82,79,0,0,0,0,0,0,0,0,0,0,0,0,0,0,0,0,0,0,0,0,0,0,0,0,0,0,0,0,0,0,0,0,0,0,0,0,0,0,0,0,8.9,11.1,9,8.8,9.2,10.1,9.5,7.2,8.7,10.6,11.3,6.3,7.3,13.4,11.9,11.9,11,10.2,9.2,11.7,9.5,6.9,11.1,10.3,10.4,6.1,11.6,12.9,7.1,8,10.7,10.3,12.4,8.9,7.7,10.3,11.8,8.9,9.5,8.9,,,,,,,,,,,,,,,,,,,,,,,,,,,,,,,,,,,,,,,,,25.3,25.6,25.6,25.3,25.7,25.5,24.9,25.6,24.9,25,25.8,25.6,25.1,26.2,25.7,25.8,25.8,25,24.9,25.9,25,24.8,25.8,25.9,25.4,24.9,25.4,25.1,25.3,25.9,24.9,78,78,78,78,78,78,78,77,77,77,79,79,75,77,79,76,79,79,79,77,76,77,77,80,79,76,80,78,77,75,78,0.1,0.1,0,0.1,0,0.1,0,0,0.1,0,0,0,0.1,0.2,0.1,0,0,0.1,0.1,0,0.1,0.1,0,0.1,0,0.1,0.3,0,0.1,0.1,0,31.1,26.3,32.1,32.1,29.7,32.6,33.6,30,30.6,33,32.3,31,18.2,24.3,32.1,29.6,28.9,33.5,30.8,30.6,25,34.9,30.8,30.2,31.9,21.6,24.6,30.2,30.4,26.9,33.5,35.6,30.6,36.4,35.6,33.5,37.1,38.5,34.6,33.8,37.8,36.4,35.3,19.8,27.7,36.4,33.1,33.1,37.4,34.2,35.3,28.1,38.9,34.9,34.2,36.7,24.1,28.4,34.6,34.2,30.2,37.8,,,,,,22.2204,114.2127
2026-10-09T05:00,24.6,24.7,24.8,24.5,24,24.1,24.7,24.5,24.5,25.1,24.4,24.7,24.5,24.8,24.7,24.3,24.7,24.3,25,25.5,24.3,25.3,24.6,24.4,24.7,24.5,24.8,24.9,24.8,24.5,24.7,24.7,24.6,24.6,23.8,25.3,24.5,24,24.2,24.6,82,78,80,82,88,85,79,73,80,83,80,77,75,79,78,82,80,80,78,73,83,74,78,80,77,81,82,79,74,82,82,81,75,76,85,81,80,85,83,78,0,0,0,0,0,0,0,0,0,0,0,0,0,0,0,0,0,0,0,0,0,0,0,0,0,0,0,0,0,0,0,0,0,0,0,0,0,0,0,0,9.3,10.8,8.7,8.8,9.2,10.3,10.3,7.1,9,10.7,11.3,6,6.2,13.4,12.4,11.9,10.6,10,10.2,11.2,9.5,6.9,11.2,10.6,10.2,6.1,13.2,12.9,6.8,8.4,11,10.3,12.7,9.3,7.2,10.5,12.2,9.1,9,8.7,,,,,,,,,,,,,,,,,,,,,,,,,,,,,,,,,,,,,,,,,25.2,25.5,25.4,25.2,25.5,25.4,24.7,25.4,24.8,25,25.6,25.5,25,26.1,25.6,25.6,25.8,24.8,24.7,25.8,25,24.7,25.7,25.7,25.3,24.8,25.4,25,25.2,25.8,24.8,78,78,78,78,78,78,78,78,77,77,79,79,76,77,79,76,79,79,79,76,76,76,77,80,79,76,80,78,77,76,78,0.1,0.1,0,0.1,0,0.1,0,0,0.1,0,0,0,0.1,0.2,0.1,0,0,0.1,0.1,0,0.1,0.1,0,0.1,0,0.1,0.3,0,0.1,0.1,0,32.9,27.1,33.7,33.4,30,33.8,34.4,33.2,31.6,33.4,33.2,31.3,19.5,25.1,33.3,29.6,30.2,35.5,33.4,30.9,25.6,35.6,31,31.2,33.2,22.4,26.8,30.4,30.8,28.4,34.3,37.1,31,37.4,37.1,33.5,38.2,38.9,37.8,34.9,38.5,37.4,35.6,20.9,28.8,37.4,33.1,34.2,39.2,36.7,35.6,28.4,39.6,34.9,35.3,38.2,24.8,30.2,34.6,34.6,31.7,38.5,,,,,,22.2204,114.2127
2026-10-09T06:00,24.4,24.5,24.6,24.4,23.8,24,24.6,24.5,24.4,24.9,24.3,24.5,24.4,24.4,24.6,24.1,24.6,24.1,25,25.4,24.2,25.3,24.3,24.2,24.6,24.3,24.6,24.8,24.7,24.4,24.6,24.5,24.4,24.4,23.7,25.2,24.4,23.9,24.2,24.4,81,77,79,81,89,82,77,72,76,81,77,76,74,76,78,81,80,79,77,73,81,73,76,79,77,81,80,77,71,83,82,80,74,76,84,79,78,85,82,76,0,0,0,0,0,0,0,0,0,0,0,0,0,0,0,0,0,0,0,0,0,0,0,0,0,0,0,0,0,0,0,0,0,0,0,0,0,0,0,0,9.5,9.4,7.9,8.9,8.9,10.7,11.3,6.8,9.2,10.4,11.1,5.7,6,12.4,11.8,11.4,10.8,9.7,10.3,11.3,8.9,6.7,10.4,10.3,10.2,5.8,12.4,13,6.3,8.5,11.5,10.5,12.1,8.9,6.9,10.6,12.1,9.4,8.4,9,,,,,,,,,,,,,,,,,,,,,,,,,,,,,,,,,,,,,,,,,25.1,25.3,25.3,25.1,25.4,25.3,24.6,25.2,24.8,25,25.5,25.4,24.9,26,25.6,25.6,25.7,24.7,24.6,25.7,24.9,24.6,25.6,25.6,25.1,24.7,25.3,24.9,25.1,25.7,24.8,77,78,77,77,78,77,77,77,76,77,79,78,77,77,79,75,78,78,78,75,76,75,76,80,78,76,80,77,76,76,77,0,0,0,0,0,0,0,0,0,0,0,0,0,0.1,0,0,0,0,0,0,0,0,0,0,0,0,0.1,0,0,0,0,32.4,27.4,32.8,33.6,30,33.5,34.5,34.4,29.8,33.1,33.1,30.6,20.6,25.1,33.1,29,30.4,36,34.5,29.6,24.6,34.8,31.1,32.1,33.8,22.2,27.9,30.2,30,28.8,34.2,36.4,31,36.7,37.4,33.5,37.8,38.9,39.6,33.1,38.2,37.4,34.6,21.6,28.4,37.1,32.8,34.6,40,38.2,34.9,27.4,38.9,35.3,36.4,38.9,24.1,31.3,34.2,33.1,32.4,38.2,,,,,,22.2204,114.2127
2026-10-09T07:00,24.4,24.5,24.6,24.3,23.9,24,24.5,24.4,24.4,24.8,24.2,24.5,24.4,24.3,24.6,24.1,24.5,24,25,25.4,24.1,25.3,24.2,24.1,24.6,24.3,24.5,24.7,24.7,24.4,24.5,24.3,24.3,24.3,23.8,25.1,24.2,23.8,24.2,24.3,81,75,77,80,84,79,76,71,74,78,75,76,74,76,77,78,78,75,73,72,80,71,75,78,78,80,79,75,70,82,81,79,73,75,83,77,77,83,79,73,0,0,0,0,0,0,0,0,0,0,0,0,0,0,0,0,0,0,0,0,0,0,0,0,0,0,0,0,0,0,0,0,0,0,0,0,0,0,0,0,7.9,8.4,7.6,8.2,9.2,11,10.6,5.9,8.8,9.5,10.5,5.1,5.4,11.3,10.5,11.1,10.5,9,10.3,11.4,8,6.9,9.3,9.7,10.2,5.5,11,12.2,6,8.5,12,10.5,11.2,7.8,6.8,9.8,11.9,8.9,7.6,8.4,,,,,,,,,,,,,,,,,,,,,,,,,,,,,,,,,,,,,,,,,25,25.2,25.2,25,25.3,25.3,24.6,25.1,24.8,25.1,25.5,25.4,24.9,25.9,25.6,25.6,25.7,24.6,24.6,25.5,24.7,24.5,25.6,25.5,25,24.6,25.2,24.9,24.9,25.6,24.8,76,78,74,76,77,76,76,75,75,76,78,77,77,77,78,73,75,75,75,73,75,74,75,78,77,75,79,76,75,76,76,0,0,0,0,0,0,0,0,0,0,0,0,0,0.1,0,0,0,0,0,0,0,0,0,0,0,0,0.1,0,0,0,0,30.4,27.6,30.8,33.1,29.8,32.7,33.9,35.1,27.2,32.2,32.2,29.2,21.6,24.4,32.1,28.3,29.8,35.8,34.8,27.3,23.1,33.4,30.8,32.9,33.8,21.3,28.4,29.7,28.4,29,33.2,34.6,31,34.9,37.1,33.5,36.4,38.2,40.3,29.9,36.7,36.7,32.4,22.3,27.4,36,32.4,34.2,40.3,38.5,33.1,25.6,37.1,35.3,37.1,39.2,22.3,32,33.8,31,32,37.4,,,,,,22.2204,114.2127
2026-10-09T08:00,24.9,25.1,25.1,24.8,24.5,24.5,25,24.9,24.8,25.4,24.5,25.2,25.1,24.5,25.1,24.5,24.9,24.5,25.1,25.7,24.7,25.6,24.6,24.6,24.7,25,24.7,24.7,25.2,25,24.8,24.8,24.8,24.7,24.4,25.2,24.3,24.4,24.8,24.9,77,71,73,76,78,74,74,68,72,72,73,73,70,74,73,74,74,71,71,69,77,70,74,75,79,77,75,72,68,79,78,74,71,71,79,75,74,80,74,70,0,0,0,0,0,0,0,0,0,0,0,0,0,0,0,0,0,0,0,0,0,0,0,0,0,0,0,0,0,0,0,0,0,0,0,0,0,0,0,0,7.3,9.5,7.8,8.9,9.8,11.8,11,6.1,9,10,10,5.6,5.9,11.5,10.3,11.6,11.3,9.2,9.9,11.1,8.7,6.4,11.2,10.9,10.5,5.9,11.1,11.9,6.1,9.7,12.9,11.2,11.9,8,7.9,9,11.2,9.5,7.6,8.9,,,,,,,,,,,,,,,,,,,,,,,,,,,,,,,,,,,,,,,,,25.1,25.2,25.2,25,25.3,25.4,24.6,25.1,24.9,25.2,25.6,25.5,24.9,25.9,25.7,25.6,25.8,24.6,24.6,25.5,24.8,24.6,25.7,25.5,25,24.6,25.3,24.9,24.9,25.6,24.9,75,77,72,74,76,75,75,73,73,75,77,75,76,76,77,71,73,73,73,71,73,73,74,77,75,73,77,74,74,75,74,0,0,0,0,0,0,0,0,0,0,0,0,0,0.1,0,0,0,0,0,0,0,0,0,0,0,0,0.1,0,0,0,0,28.7,27.1,28.6,31.9,29.4,31.2,33.4,35.1,24.3,31.3,31.2,27.5,21.6,23.7,30.6,27,28.9,35,34.3,25.6,21.4,31.6,29.9,32.6,33.4,20.1,27.6,28.8,26.7,28.4,31.7,32,30.2,32.8,36,32.8,34.6,37.4,40.3,27,35.3,36,30.6,22.7,25.9,34.6,31.3,33.1,39.6,38.2,31.7,23.4,35.3,34.6,36.7,38.9,20.5,31.3,32.8,28.8,31.3,36,,,,,,22.2204,114.2127
2026-10-09T09:00,25.7,25.9,25.9,25.7,25.1,25.2,25.7,25.8,25.5,26.3,25.1,26,25.9,25.1,25.9,25.2,25.7,25.4,25.6,26.5,25.6,26.1,25.5,25.4,25.2,25.7,25.5,25.3,25.8,25.8,25.3,25.6,25.7,25.2,25.3,25.8,24.6,25.1,25.6,25.7,70,66,67,69,72,68,70,63,68,66,68,67,66,70,68,69,67,66,69,64,69,68,69,69,74,72,69,68,64,71,72,67,67,67,71,71,72,72,69,64,0,0,0,0,0,0,0,0,0,0,0,0,0,0,0,0,0,0,0,0,0,0,0,0,0,0,0,0,0,0,0,0,0,0,0,0,0,0,0,0,9.8,11.3,10,10.2,11.5,13.4,13.7,9.4,10.5,11.6,11.2,8.2,8.5,13.1,12.6,13,11.9,11.8,11,13.2,11.2,6.9,13.9,12.9,12.1,8,12.6,13.4,7.7,12.6,13.9,12.6,14,9.5,9.8,10.5,11.5,10.9,10.5,11.8,,,,,,,,,,,,,,,,,,,,,,,,,,,,,,,,,,,,,,,,,25.3,25.4,25.3,25.1,25.4,25.5,24.7,25.2,25.3,25.3,25.7,25.7,25.3,26.1,25.7,25.8,26,24.7,24.7,25.8,25.3,24.8,25.9,25.6,25.1,25,25.5,25.1,25.1,25.8,25,73,74,70,72,75,73,73,71,70,74,75,73,73,74,75,69,70,71,71,69,70,71,72,75,74,70,74,71,72,73,72,0,0,0,0,0,0,0,0,0,0,0,0,0,0,0,0,0,0,0,0,0,0,0,0,0,0,0,0,0,0,0,26.7,25.3,26.8,30.1,28,29.6,32.9,34.6,22.1,29.9,30.9,25.9,20.4,22.5,28.8,25.8,27.5,33.4,33,24.8,19.4,30,28.5,31.1,32.3,18.4,25.5,26.9,24.8,26.5,30,29.5,28.1,30.2,33.5,31,32.4,36.7,39.2,24.8,33.5,35.3,28.8,22,24.1,32.8,29.2,31,37.8,36.4,30.6,21.2,33.1,32.8,34.6,37.1,19.4,28.8,30.2,26.6,29.2,33.5,,,,,,22.2204,114.2127
2026-10-09T10:00,26.5,26.7,26.7,26.4,26,26.1,26.4,26.8,26.3,27.2,26,27,26.7,25.9,26.7,26.2,26.4,26.3,26.4,27.2,26.5,26.7,26.5,26.3,25.7,26.6,26.4,26,26.6,26.6,26.1,26.5,26.7,26,26.1,26.5,25.1,26,26.5,26.6,64,62,61,65,66,63,65,57,63,60,64,61,62,66,62,64,62,61,65,61,64,65,64,62,67,66,64,65,60,65,66,63,62,63,65,65,69,66,65,59,0,0,0,0,0,0,0,0,0,0,0,0,0,0,0,0,0,0,0,0,0,0,0,0,0,0,0,0,0,0,0,0,0,0,0,0,0,0,0,0,11,13.5,11.6,11.5,12.5,14.5,15.1,11.8,11.6,13.6,12.6,9.7,11.5,13.9,15.3,13.9,12.4,14.2,12,14.2,12.9,8.4,14,14.3,12.4,8.3,14.3,14.8,9.9,14.6,14,13.9,15.5,11.2,11.4,12.1,12,12.4,12.4,12.7,,,,,,,,,,,,,,,,,,,,,,,,,,,,,,,,,,,,,,,,,25.6,25.8,25.3,25.4,25.6,25.7,24.9,25.4,25.8,25.5,25.9,26,25.7,26.5,25.7,26.1,26.3,24.9,24.9,26.2,25.9,25,26.2,25.8,25.3,25.5,25.9,25.4,25.5,26,25.1,70,71,69,71,73,72,71,69,67,72,72,70,68,71,74,67,68,69,69,66,65,70,69,72,72,66,71,68,69,70,71,0,0,0,0,0,0,0,0,0,0,0,0,0,0,0,0,0,0,0,0,0,0,0,0,0,0,0,0,0,0,0,24.5,23.4,25.1,27.5,25.9,27.4,32.3,33.4,20.1,28.7,30.6,24.2,18.6,20.9,27.1,24.3,25.8,31.4,30.7,25,17.3,27.9,26.3,28.4,31,16.6,22.9,24.3,22.6,24.2,27.6,26.3,25.6,27.4,29.9,28.1,29.9,35.6,37.4,22.7,31,34.2,27,20.9,22.3,30.2,26.6,28.4,35.6,33.5,29.5,18.7,30.6,30.6,31.7,34.6,18.4,25.2,27,24.1,26.6,30.2,,,,,,22.2204,114.2127
2026-10-09T11:00,27.3,27.3,27.5,27.2,26.7,26.9,27,27.7,27.1,28.1,26.8,27.7,27.5,26.5,27.4,27,27.1,27.1,27.2,28,27.2,27.4,27.3,27.1,26.5,27.5,27.1,26.6,27.3,27.3,27,27.3,27.6,27,26.9,27.2,25.7,26.7,27.3,27.4,58,60,58,59,61,59,62,54,59,56,60,56,59,63,59,60,58,58,61,59,61,60,61,57,62,59,61,62,56,60,61,59,58,60,59,62,66,61,61,56,0,0,0,0,0,0,0,0,0,0,0,0,0,0,0,0,0,0,0,0,0,0,0,0,0,0,0,0,0,0,0,0,0,0,0,0,0,0,0,0,11.9,14.6,12.1,11.8,13.1,14.7,14,12.4,12,14.2,13,11.1,12.7,13.6,16.3,14.9,13.6,14.3,12.7,14,13,9.8,14.1,15.3,12.9,9.7,14.2,14,11.3,15,14,14,16.8,11.5,11.5,13,12.9,12.6,13,13,,,,,,,,,,,,,,,,,,,,,,,,,,,,,,,,,,,,,,,,,25.9,26.2,25.4,25.6,25.8,25.9,25.1,25.5,26.2,25.7,26.1,26.3,26.2,26.8,25.7,26.3,26.6,25,25.2,26.5,26.4,25.3,26.5,26,25.5,25.9,26.2,25.6,25.8,26.3,25.3,68,68,68,69,72,70,70,68,64,71,70,68,64,69,72,66,66,67,68,65,62,68,66,70,71,63,68,66,67,67,69,0,0,0,0,0,0,0,0,0,0,0,0,0,0,0,0,0,0,0,0,0,0,0,0,0,0,0,0,0,0,0,22.5,21.7,23.2,25.4,24.3,25.4,31.2,31.9,18.4,26.9,29.6,23.1,16.6,20,24.8,23.1,24,29.1,28.1,24.9,15.8,26,24.2,26,29.3,14.8,20.5,22.3,20.6,21.8,25.3,23.8,23.4,24.8,27,25.9,27.4,34.6,35.3,20.9,28.8,32.8,25.6,19.4,21.2,27.7,24.8,25.9,32.8,30.6,28.4,17.3,28.1,28.1,28.8,32,17.3,22.3,24.1,22,24.1,27.4,,,,,,22.2204,114.2127
2026-10-09T12:00,27.8,27.9,28.1,27.7,27.2,27.5,27.5,28.2,27.8,28.6,27.6,28.3,28,27.1,27.8,27.6,27.6,27.7,27.9,28.6,27.8,28.1,27.9,27.8,27.1,28.1,27.8,26.9,27.9,27.8,27.6,27.9,28.3,27.7,27.4,27.7,26.4,27.4,27.8,27.9,56,58,55,57,60,57,60,52,57,54,57,54,57,60,58,59,54,57,57,56,59,57,59,55,56,55,58,61,53,57,59,56,56,56,56,58,63,57,60,55,0,0,0,0,0,0,0,0,0,0,0,0,0,0,0,0,0,0,0,0,0,0,0,0,0,0,0,0,0,0,0,0,0,0,0,0,0,0,0,0,12.3,15.6,11.5,12.4,12.9,14.2,14,13,11.7,13.5,13.5,10.7,12.7,12.6,15.7,14.5,13.5,14.2,12.7,13.4,12.9,10.7,14,14.7,12.4,10.2,13.7,13,11.9,14.8,13.4,13.6,16.3,12.4,11.4,12.8,12.1,12.2,13.2,12.4,,,,,,,,,,,,,,,,,,,,,,,,,,,,,,,,,,,,,,,,,26.1,26.4,25.4,25.7,26,26.2,25.2,25.7,26.4,25.9,26.3,26.4,26.5,26.9,25.7,26.4,26.7,25.2,25.4,26.6,26.8,25.4,26.7,26.1,25.7,26.1,26.5,25.7,26,26.6,25.4,67,66,67,68,71,68,69,68,63,70,69,67,62,68,71,65,66,66,67,65,61,67,64,69,70,62,66,65,65,65,68,0,0,0,0,0,0,0,0,0,0,0,0,0,0,0,0,0,0,0,0,0,0,0,0,0,0,0,0,0,0,0,20.8,21.5,21.4,23.4,22.8,23.4,29.7,29.4,16.8,25,28.1,22.7,15.3,20.3,22.1,22.5,22.3,26.7,25.6,24.8,14.6,24.5,21.9,24.2,27.4,13.7,19.5,21,19.3,20.4,23.1,21.6,22.7,23,24.8,24.1,25.2,32.8,32,19.4,26.6,31,24.8,18,21.6,24.8,23.8,24.1,29.5,27.4,27.7,16.9,25.9,25.2,26.6,29.5,16.2,20.9,22.7,20.5,22.7,24.5,,,,,,22.2204,114.2127
2026-10-09T13:00,28.1,28.3,28.4,28,27.5,27.9,27.9,28.5,28.3,29,28,28.6,28.4,27.5,28.1,28,28,28.1,28.5,29,28.1,28.4,28.4,28.1,27.5,28.4,28.2,27.3,28.3,28.1,28,28.4,28.7,28.2,27.6,28.2,27,27.7,28.2,28.3,55,57,55,56,57,55,60,52,55,53,55,53,57,59,56,57,53,56,56,54,59,56,58,53,53,54,56,60,52,56,57,54,54,55,56,57,61,56,59,55,0,0,0,0,0,0,0,0,0,0,0,0,0,0,0,0,0,0,0,0,0,0,0,0,0,0,0,0,0,0,0,0,0,0,0,0,0,0,0,0,12.4,15,11,12,12.4,13.4,13.3,12.8,11.2,12.6,13.4,10.6,12.8,11.5,15.6,13.9,12.9,13.2,12.2,12.6,12.2,10.8,13.2,13.7,11.4,10.1,13.1,12.3,11.5,14,12.4,12.9,15.8,11.8,11.3,12.7,11.9,12.2,13.3,12.3,,,,,,,,,,,,,,,,,,,,,,,,,,,,,,,,,,,,,,,,,26.4,26.7,25.5,25.9,26.2,26.5,25.3,25.9,26.6,26.1,26.4,26.6,26.9,27,25.7,26.4,26.7,25.4,25.7,26.6,27.1,25.5,26.9,26.2,25.9,26.2,26.8,25.8,26.2,26.9,25.6,66,65,66,67,70,66,69,68,62,69,69,66,60,67,70,65,66,65,67,66,60,66,62,68,69,62,65,66,64,63,67,0,0,0,0,0,0,0,0,0,0,0,0,0,0,0,0,0,0,0,0,0,0,0,0,0,0,0,0,0,0,0,19.2,21.9,19.7,22,21.1,21.4,28,26.6,15.8,22.8,26.7,22.7,13.8,21.3,19.2,22.4,20.5,23.8,22.8,25.1,15.4,23.2,19.5,22.8,25.2,13.4,18.8,20.1,18.4,19.8,20.6,19.8,22.7,21.6,23,22.3,23,30.6,28.4,18.4,24.5,29.2,24.8,16.6,22.3,22,23.4,22.3,25.9,24.1,27,17.6,24.5,22.3,24.5,27,15.1,20.2,21.6,19.1,21.6,21.6,,,,,,22.2204,114.2127
2026-10-09T14:00,28.2,28.5,28.5,28,27.6,28.2,28.4,28.6,28.5,29.3,28.3,28.6,28.5,27.7,28.3,28.1,28.1,28.5,28.8,29.2,28.3,28.6,28.5,28.1,27.5,28.5,28.3,27.8,28.4,28.3,28.1,28.6,28.9,28.3,27.5,28.4,27.3,27.8,28.4,28.5,57,57,55,56,56,54,58,53,55,53,54,54,57,59,55,57,53,55,55,53,57,56,57,54,53,54,55,60,51,55,56,53,54,54,57,55,59,57,57,54,0,0,0,0,0,0,0,0,0,0,0,0,0,0,0,0,0,0,0,0,0,0,0,0,0,0,0,0,0,0,0,0,0,0,0,0,0,0,0,0,11.2,14.1,10,11.3,11.4,11.6,12.3,11.5,10.5,11.5,12.6,10,12.2,10.1,14.7,12.5,12.1,12.5,11.5,12.2,11.5,9.7,11.9,12.7,10.6,9.9,11.6,11.2,11,13.6,12.8,12.2,14.7,10.6,10.8,11.9,12.5,11,12.7,11.4,,,,,,,,,,,,,,,,,,,,,,,,,,,,,,,,,,,,,,,,,26.5,26.8,25.5,26,26.4,26.7,25.4,26,26.7,26.2,26.4,26.6,27.1,27,25.8,26.4,26.7,25.6,25.8,26.5,27.3,25.6,27.1,26.3,26.1,26.2,27,25.9,26.3,27.1,25.8,65,65,66,66,69,65,69,68,62,68,69,66,59,67,69,65,67,65,67,67,60,66,61,67,69,62,64,66,64,62,66,0,0,0,0,0,0,0,0,0,0,0,0,0,0,0,0,0,0,0,0,0,0,0,0,0,0,0,0,0,0,0,18.1,22.2,18.4,20.8,20.7,20.1,26.6,24.1,15.7,21.3,25.5,23,12.7,21.7,16.9,22.3,19.7,21.7,20.4,24.9,16.6,22.2,18,21.8,23.4,13.6,18.9,19.9,18.1,19.1,18.9,18.4,23,20.2,22,21.6,22,28.8,25.9,17.6,23,27.7,24.8,15.1,23,19.4,23.4,20.9,23,21.2,26.6,18,23,20.5,23,24.8,14.4,19.8,21.2,18.7,20.5,19.4,,,,,,22.2204,114.2127
2026-10-09T15:00,28.1,28.3,28.4,27.8,27.3,28.3,28.4,28.5,28.8,29.3,28.2,28.4,28.6,28.1,28.3,27.9,27.9,28.3,29,29.1,28.4,28.6,28.6,28,27.4,28.3,28.3,27.7,28.4,28.1,28.1,28.6,28.8,28.3,27.2,28.2,27.4,27.7,28.1,28.4,58,57,57,57,59,54,59,54,55,53,54,56,56,58,56,59,54,57,54,54,56,57,57,56,55,56,57,62,53,56,57,54,55,55,59,57,59,59,59,55,0,0,0,0,0,0,0,0,0,0,0,0,0,0,0,0,0,0,0,0,0,0,0,0,0,0,0,0,0,0,0,0,0,0,0,0,0,0,0,0,10.5,12.7,9.4,10.4,10.5,10.9,11.4,10.5,9.8,10.4,11.5,9.1,10.8,8.1,12.5,10.9,11.3,12.1,10.1,11.2,11.1,8.9,10.8,11.6,10.2,9,10.7,10.2,10,12.3,11.5,11.1,13.2,9.8,10.7,11.2,11.5,9.5,11.6,9.6,,,,,,,,,,,,,,,,,,,,,,,,,,,,,,,,,,,,,,,,,26.6,26.7,25.5,26,26.4,26.7,25.4,26,26.8,26.3,26.4,26.6,27.1,27,25.9,26.4,26.7,25.8,25.9,26.4,27.4,25.7,27.1,26.3,26.1,26,27,26,26.4,27.2,26,65,66,66,66,70,65,70,69,62,68,70,67,59,67,68,65,68,66,67,68,60,66,61,67,70,62,64,66,65,62,66,0,0,0,0,0,0,0,0,0,0,0,0,0,0,0,0,0,0,0,0,0,0,0,0,0,0,0,0,0,0,0,17.5,22.6,17.6,20.2,21,19.8,25.8,23.2,16,20.5,24.8,22.9,11.8,21.3,15.5,22.8,19.2,21,19.1,24.3,16.8,21.7,18,20.9,22.1,14,19,19.5,18.4,18.1,17.9,18,23.4,18.4,21.6,22,22,27.7,24.8,17.3,22.3,26.6,24.8,14,22.7,17.6,23.8,20.2,21.6,19.4,26.3,18.4,22.3,20.2,22.3,23.4,14.8,20.2,21.2,19.4,19.8,18,,,,,,22.2204,114.2127
2026-10-09T16:00,27.7,27.8,28,27.3,26.7,27.8,28,28,28.7,28.9,27.8,28,28.3,28.3,27.9,27.3,27.4,27.4,28.9,28.7,28,28.5,28.5,27.5,27,27.9,27.9,27.2,28.1,27.6,27.7,28.4,28.4,28.3,26.6,27.6,27.5,27.2,27.5,28.1,61,60,59,59,64,59,61,57,55,56,58,59,58,58,60,63,57,65,55,57,58,59,57,58,58,59,60,66,55,58,59,57,58,55,60,60,58,62,65,57,0,0,0,0,0,0,0,0,0,0,0,0,0,0,0,0,0,0,0,0,0,0,0,0,0,0,0,0,0,0,0,0,0,0,0,0,0,0,0,0,9,11.2,8.4,9.9,10.2,10.4,10.2,9.4,8.9,10.1,10.5,8.3,9.1,6.9,10.8,10.2,10.5,11.6,8.9,9.9,9.7,8.1,9.3,10.5,9.8,8.6,9.7,9.8,8.7,10.9,9.7,10.2,11.7,9,10.8,10.2,10.2,9.4,10.2,8.3,,,,,,,,,,,,,,,,,,,,,,,,,,,,,,,,,,,,,,,,,26.6,26.5,25.5,26,26.5,26.7,25.4,26,26.9,26.2,26.4,26.4,27,27,26.1,26.4,26.7,25.9,25.9,26.3,27.3,25.7,27.1,26.4,26.1,25.7,27,26.1,26.4,27.3,26.2,65,67,66,66,71,67,71,70,62,68,71,68,60,68,68,66,68,67,68,69,61,67,62,67,71,63,65,66,66,63,66,0,0,0,0,0,0,0,0,0,0,0,0,0,0,0,0,0,0,0,0,0,0,0,0,0,0,0,0,0,0,0,17.4,22.8,16.8,20.1,22,20.4,25.3,23.1,16.1,19.8,24.6,23.4,10.8,20.2,14.3,23.4,18.8,21.2,18.4,23.9,16.2,21.2,19.2,20.3,21.3,14.9,19.4,19.4,19.5,17.3,17.3,18.4,24.1,16.9,21.6,23,22.7,27,24.5,17.3,22,26.3,25.6,13.3,22.3,16.6,24.5,19.8,21.2,18.7,25.6,18.7,22,20.9,22.3,22.7,15.5,20.9,21.2,20.9,19.1,17.6,,,,,,22.2204,114.2127
2026-10-09T17:00,27,27.1,27.2,26.6,26,27,27.3,27.2,28.2,28,27,27.2,27.6,28,27,26.6,26.7,26.5,28.4,28,27.1,28.1,27.8,26.9,26.4,27.1,27.1,26.7,27.4,26.9,27,27.6,27.8,27.8,25.9,26.9,27.1,26.5,26.8,27.4,66,64,64,63,67,66,66,60,57,63,64,63,63,61,65,67,62,71,58,62,66,61,64,63,62,63,66,70,59,62,64,63,63,59,64,65,62,66,69,61,0,0,0,0,0,0,0,0,0,0,0,0,0,0,0,0,0,0,0,0,0,0,0,0,0,0,0,0,0,0,0,0,0,0,0,0,0,0,0,0,8.7,10.4,8.4,8.8,9.3,10.1,9.7,8.5,6.8,9.1,9.4,7.7,7.6,5,10,8.7,7.6,10,7.6,8.6,8.8,6.4,7.3,9.4,7.9,8.1,8.8,9.2,7.3,7.8,8.7,9,10.1,7.1,8.1,8.8,8.4,8.7,7.4,7.4,,,,,,,,,,,,,,,,,,,,,,,,,,,,,,,,,,,,,,,,,26.6,26.3,25.5,25.9,26.4,26.6,25.4,25.9,26.8,26.2,26.4,26.3,26.8,26.9,26.3,26.3,26.7,25.9,25.9,26.2,27.2,25.6,27.1,26.4,26.1,25.5,27,26.1,26.3,27.3,26.4,66,69,67,67,72,68,72,71,63,69,72,70,61,69,68,67,69,68,69,70,62,68,64,68,72,64,67,67,67,64,67,0,0,0,0,0,0,0,0,0,0,0,0,0,0,0,0,0,0,0,0,0,0,0,0,0,0,0,0,0,0,0,17.7,22.7,16.4,20.3,22.4,20.7,24.9,23.1,16.7,19.7,24.1,23.8,10.3,19.7,14.1,23.8,18.4,21.6,17.7,23.1,16.2,20.8,19.9,19.9,20.8,16.5,19.9,19.1,19.5,17.1,17.3,18.7,24.5,15.8,22,24.1,23,26.6,24.5,17.6,21.6,25.9,25.9,13,22,15.8,24.8,19.4,21.6,18,25.2,19.1,22,21.2,22,22.3,16.9,21.6,21.2,21.2,18.7,17.3,,,,,,22.2204,114.2127
2026-10-09T18:00,26,26.3,26.2,25.7,25.2,26,26.3,26.3,27.3,26.8,26,26.3,26.7,27.3,26.1,25.8,25.9,25.6,27.5,27.1,26.1,27.5,26.8,25.9,25.7,26.1,26.1,26,26.5,26.1,26,26.5,26.7,27,25.1,26.1,26.2,25.5,26,26.5,72,70,70,69,73,74,74,66,63,73,70,69,69,67,72,73,67,76,65,69,75,65,73,70,68,68,74,75,65,68,71,72,72,65,70,72,70,73,74,68,0,0,0,0,0,0,0,0,0,0,0,0,0,0,0,0,0,0,0,0,0,0,0,0,0,0,0,0,0,0,0,0,0,0,0,0,0,0,0,0,5.5,5.7,5.8,5,5.9,7.2,5.9,4,3.3,6.5,6.6,5.2,4,3.2,7.3,5.9,4.7,6.3,4.3,6.6,5.9,3,5.5,5.9,4.7,4.7,7,6.2,4.4,4.6,6.8,6,7.2,4,5.2,5.4,5,6.3,4.5,4.5,,,,,,,,,,,,,,,,,,,,,,,,,,,,,,,,,,,,,,,,,26.4,26.2,25.5,25.8,26.3,26.5,25.4,25.8,26.7,26.2,26.3,26.1,26.6,26.8,26.4,26.1,26.7,25.7,25.9,26.1,27,25.6,26.9,26.4,26.1,25.2,26.8,26,26.3,27.3,26.4,68,72,68,68,73,69,73,72,65,70,73,72,63,71,69,69,70,70,70,72,64,69,66,69,73,66,69,68,68,65,68,0,0,0,0,0,0,0,0,0,0,0,0,0,0,0,0,0,0,0,0,0,0,0,0,0,0,0,0,0,0,0,18.4,22.3,16,20.6,22.4,20.3,24.4,22.7,17.7,19.2,23.8,24.1,10.4,19.2,14.4,23.8,18,22,17.4,22.4,17.3,20.4,19.8,19.5,20.3,18.6,20.2,19.1,18.4,17.4,16.9,19.4,24.5,15.5,22.3,24.5,22.7,26.6,24.8,19.1,21.2,25.9,26.6,12.6,22,16.2,25.2,19.4,23,17.6,24.8,19.8,22,21.2,21.6,22.3,19.1,22.3,20.9,20.2,19.1,17.3,,,,,,22.2204,114.2127
2026-10-09T19:00,25.4,25.8,25.7,25.2,24.8,25.3,25.9,26,27,26,25.5,25.8,26.2,27,25.6,25.3,25.5,25.1,27,26.6,25.4,27.3,26.2,25.3,25.3,25.5,25.4,25.6,26.1,25.5,25.4,25.9,26,26.7,24.7,25.7,25.8,24.8,25.3,26,77,75,75,74,77,80,78,68,66,80,75,72,74,69,77,79,72,80,70,74,81,67,80,74,73,73,80,81,68,74,76,78,79,68,74,76,75,77,80,72,0,0,0,0,0,0,0,0,0,0,0,0,0,0,0,0,0,0,0,0,0,0,0,0,0,0,0,0,0,0,0,0,0,0,0,0,0,0,0,0,4.7,3.6,4.1,3.7,3.6,5,3.6,3.3,1.8,4.7,4.3,3.3,3.3,3.3,4.7,5,4,4.3,2.9,5.1,4.3,1.3,4.1,4.3,3.3,3.3,5,4.3,3.3,4,4.5,4.1,5.1,2.3,4,3.7,3.4,4.8,3.6,3.3,,,,,,,,,,,,,,,,,,,,,,,,,,,,,,,,,,,,,,,,,26.2,26,25.5,25.6,26.1,26.4,25.3,25.7,26.4,26.3,26.1,26,26.2,26.7,26.5,25.9,26.5,25.5,25.8,26,26.8,25.5,26.6,26.3,26,25,26.6,25.9,26.2,27.1,26.3,70,75,68,69,75,70,75,74,68,72,75,75,64,73,70,71,72,72,70,73,67,70,69,71,74,68,72,70,68,67,70,0,0,0,0,0,0,0,0,0,0,0,0,0,0,0,0,0,0,0,0,0,0,0,0,0,0,0,0,0,0,0,19.1,21.7,15.6,21.3,22.1,19.6,24.3,22.7,18.8,19.2,23.4,24.5,11.4,18.9,15.2,23.4,17.6,22.7,17,21.7,18.8,20.4,19.4,19.5,19.9,21.3,20.5,18.8,17,17.4,16.9,20.9,24.5,15.5,22.7,24.5,22.3,26.6,25.6,20.9,21.2,25.9,27.7,12.6,22,17.3,25.6,19.4,24.8,17.6,24.8,20.9,21.6,20.9,21.2,22.7,22,23,20.2,18,19.8,18,,,,,,22.2204,114.2127
2026-10-09T20:00,25.2,25.6,25.6,25.1,24.7,25,25.8,25.9,26.8,25.7,25.1,25.7,26,26.8,25.3,25,25.3,24.7,26.9,26.3,25.1,27,25.9,25.1,25.1,25.4,25.1,25.5,26,25.2,25.2,25.6,25.8,26.6,24.4,25.6,25.9,24.5,25,25.9,79,78,76,76,78,84,79,69,66,83,79,73,77,71,81,82,74,83,71,77,84,68,83,77,75,74,83,83,70,77,79,81,83,68,77,77,74,80,82,73,0,0,0,0,0,0,0,0,0,0,0,0,0,0,0,0,0,0,0,0,0,0,0,0,0,0,0,0,0,0,0,0,0,0,0,0,0,0,0,0,4,3.7,3.3,3.2,3.8,4,2.7,2.5,2.1,4,4,2.9,3.3,4.1,4,5.1,3.3,3.8,2.9,4.3,3.6,0.8,3.6,3.6,3.7,2.6,4.3,3.7,3.3,3.6,3.3,4,4,1.8,4.4,2.9,3.6,4,4,3.3,,,,,,,,,,,,,,,,,,,,,,,,,,,,,,,,,,,,,,,,,26,25.9,25.5,25.5,26,26.4,25.3,25.6,26.2,26.3,26,25.8,26,26.6,26.6,25.7,26.4,25.4,25.8,26,26.6,25.4,26.4,26.3,26,24.9,26.5,25.7,26.1,27,26.2,72,77,69,70,76,71,76,75,71,74,76,77,66,75,71,73,73,74,71,75,70,71,71,72,75,70,74,72,69,69,71,0,0,0,0,0,0,0,0,0,0,0,0,0,0,0,0,0,0,0,0,0,0,0,0,0,0,0,0,0,0,0,19.5,21.1,15.6,21.6,21.7,19.2,24,22.8,19.5,19.2,23.1,24.9,12.2,18.5,16.2,22.8,17.3,23.4,17,21,19.5,20,19.1,19.2,19.8,23.1,20.5,18.4,15.9,17.8,16.9,21.6,24.1,15.8,23,24.5,22,27,26.3,22,21.6,25.9,28.4,12.2,22,18.7,25.6,19.8,26.6,17.6,24.5,21.2,21.6,20.5,20.9,23,24.1,23.8,19.4,16.6,20.2,18.4,,,,,,22.2204,114.2127
2026-10-09T21:00,25,25.4,25.5,24.9,24.5,25,25.6,25.7,26.6,25.6,24.8,25.6,25.7,26.5,25.1,24.9,25.2,24.5,26.7,26.1,24.9,26.7,25.9,24.9,25,25.2,24.9,25.3,25.8,25,25,25.4,25.6,26.5,24.2,25.6,25.6,24.3,24.7,25.7,81,81,78,80,81,84,80,71,68,84,83,74,79,73,84,86,76,86,72,80,86,70,84,81,77,75,85,86,72,80,81,84,86,69,80,78,76,83,85,75,0,0,0,0,0,0,0,0,0,0,0,0,0,0,0,0,0,0,0,0,0,0,0,0,0,0,0,0,0,0,0,0,0,0,0,0,0,0,0,0,3.6,3.4,2.9,3.3,3.5,3.3,2.6,2.3,2.3,3.8,3.7,2.5,2.6,4.1,3.9,5.1,3,3.7,2.6,4,3.3,0.8,3.3,3.3,3.4,2.2,3.7,3.4,3.4,3.3,3,3.6,3.3,2,4.1,2.5,3.4,3.6,4,3.1,,,,,,,,,,,,,,,,,,,,,,,,,,,,,,,,,,,,,,,,,25.9,25.8,25.5,25.3,26,26.3,25.3,25.6,26.1,26.2,25.9,25.8,25.9,26.5,26.5,25.8,26.3,25.4,25.7,25.9,26.4,25.3,26.3,26.3,25.9,24.9,26.4,25.7,25.9,26.8,26.1,74,78,70,71,76,73,76,76,73,76,77,78,67,76,73,74,75,74,71,76,73,71,73,73,76,71,76,73,70,71,72,0,0,0,0,0,0,0,0,0,0,0,0,0,0,0,0,0,0,0,0,0,0,0,0,0,0,0,0,0,0,0,19.1,20,16.3,22.3,21,19.2,23.6,23.1,19.2,19.6,22.8,25.2,12,17.8,17.3,21.8,17.3,23.8,16.6,20.7,18.4,19.7,18.7,19.2,19.8,23,20.5,16.9,15.5,17.5,16.9,21.6,23.4,16.6,24.1,24.1,22,27,27,22,22.3,25.6,29.2,11.9,21.2,20.2,24.8,20.2,27.4,17.6,24.1,20.2,21.2,20.5,20.9,23.4,24.5,24.1,18.4,16.2,20.2,18.7,,,,,,22.2204,114.2127
2026-10-09T22:00,25,25.3,25.5,24.7,24.4,25.3,25.6,25.7,26.4,25.7,24.7,25.7,25.7,26.3,25,24.9,25.3,24.4,26.7,26.1,25,26.5,26,24.8,25.1,25.1,25,25.2,25.7,24.9,25,25.4,25.5,26.4,24.1,25.6,25.4,24.2,24.6,25.6,83,83,78,83,84,82,81,72,69,83,86,75,80,75,86,88,78,88,71,81,85,73,83,85,77,76,86,89,72,81,81,86,86,69,81,79,77,84,88,77,0,0,0,0,0,0,0,0,0,0,0,0,0,0,0,0,0,0,0,0,0,0,0,0,0,0,0,0,0,0,0,0,0,0,0,0,0,0,0,0,4,3.9,3.3,3.7,3.8,3.4,3.2,2.3,3.1,4,4.1,2.5,2.7,4.3,3.9,5.4,3.1,3.7,3.1,3.7,3.3,1.3,3.2,3.8,3.5,2.5,3.4,4,3.5,3.3,3.1,4,3.9,3.1,4,3,4,4,4,3.2,,,,,,,,,,,,,,,,,,,,,,,,,,,,,,,,,,,,,,,,,25.8,25.8,25.5,25.2,26.1,26.2,25.3,25.6,26.1,26.1,25.9,25.8,25.9,26.4,26.5,25.9,26.2,25.6,25.7,25.9,26.2,25.3,26.3,26.2,25.9,25,26.4,25.6,25.8,26.6,26.1,76,78,70,71,76,75,75,76,75,77,77,78,68,77,75,74,76,74,72,77,75,72,75,74,78,71,77,74,71,73,74,0,0,0,0,0,0,0,0,0,0,0,0,0,0,0,0,0,0,0,0,0,0,0,0,0,0,0,0,0,0,0,18.8,19.3,17,22.7,20.2,19.9,23.3,23.6,18.4,20.7,22.1,25.6,11.4,17.4,18.4,20.8,17.7,23.9,16.6,20.7,16.6,18.9,18.1,19.2,20.2,22,21,15.5,15.5,17.7,16.9,21.2,22.7,18,25.2,23.8,22.3,26.6,27.4,21.2,23.8,25.2,29.5,11.5,20.2,22,24.1,20.5,27.4,17.3,23.8,18.7,21.2,20.5,21.6,23.8,24.5,24.1,17.3,16.6,20.5,19.4,,,,,,22.2204,114.2127
2026-10-09T23:00,25,25.2,25.6,24.6,24.3,25.4,25.5,25.6,26.2,25.8,24.7,25.7,25.6,26,24.9,24.9,25.3,24.3,26.7,26.1,25,26.3,26.1,24.8,25.1,25.1,25,25.2,25.6,24.9,25,25.3,25.5,26.3,24,25.7,25.2,24.2,24.6,25.5,84,85,79,86,87,81,81,73,70,82,88,76,80,77,87,90,80,89,70,82,85,74,83,87,78,77,86,90,73,83,82,87,87,69,83,79,79,85,90,79,0,0,0,0,0,0,0,0,0,0,0,0,0,0,0,0,0,0,0,0,0,0,0,0,0,0,0,0,0,0,0,0,0,0,0,0,0,0,0,0,4,4.3,3.4,4.1,4.1,3.9,4,2.7,3.6,4.4,4.9,3,2.7,4.1,4.3,5.9,3.5,4.2,3.3,4.1,3.7,2.1,3.6,4.6,3.7,3.1,3.5,4.5,4,3.4,3.5,4.5,4.5,3.6,4,3.4,4.7,4.5,4.5,3.7,,,,,,,,,,,,,,,,,,,,,,,,,,,,,,,,,,,,,,,,,25.8,25.8,25.5,25.1,26.1,26.2,25.3,25.5,26.1,26,25.8,25.7,25.9,26.4,26.4,26,26.1,25.7,25.6,25.8,26.1,25.3,26.3,26.2,25.9,25.1,26.4,25.6,25.7,26.4,26,77,78,71,72,76,76,74,77,76,78,78,78,68,78,76,75,77,74,72,77,77,72,76,75,79,71,78,74,72,75,75,0,0,0,0,0,0,0,0,0,0,0,0,0,0,0,0,0,0,0,0,0,0,0,0,0,0,0,0,0,0,0,18.4,18.6,18.1,23.1,19.9,20,23.4,24.7,17.8,21.5,22.3,26.1,10.7,17,19.2,19.8,18.1,24.3,16.9,20.5,15.2,18.6,17.9,19.1,20.6,21.3,21.1,14.6,15.6,17.5,17,21.2,22,19.1,25.9,23.4,22.7,27,28.4,20.9,24.8,25.2,30.2,11.2,19.8,23.4,23.4,21.2,27.7,18,23.4,17.6,21.2,20.5,21.6,24.5,24.1,24.5,16.6,16.9,20.5,19.8,,,,,,22.2204,114.2127
2026-10-10T00:00,25,25.2,25.5,24.5,24.2,25.3,25.4,25.5,26,25.6,24.7,25.6,25.5,25.7,24.8,24.9,25.2,24.2,26.4,26.2,24.8,26.2,25.9,24.8,25.1,25,25,25.1,25.6,24.8,24.9,25.2,25.3,26.2,23.9,25.6,24.9,24.2,24.6,25.4,85,86,80,87,89,82,83,75,71,84,88,77,80,79,89,90,82,90,70,82,86,74,84,87,80,79,87,90,74,85,84,88,88,70,84,80,82,85,91,81,0,0,0,0,0,0,0,0,0,0,0,0,0,0,0,0,0,0,0,0,0,0,0,0,0,0,0,0,0,0,0,0,0,0,0,0,0,0,0,0,3.9,4.8,3.5,4.2,4.5,4.3,4.5,3.5,3.3,4.6,5.7,3.1,2.9,4.1,4.7,6.3,4,4.4,3.3,4.9,4.1,2.3,4.1,5.4,3.7,2.9,3.5,5,4.2,3.5,4.2,4.7,5.3,3.6,4.1,3.8,4.7,4.9,4.9,4.2,,,,,,,,,,,,,,,,,,,,,,,,,,,,,,,,,,,,,,,,,25.7,25.7,25.4,25.1,26,26.1,25.3,25.4,26,25.9,25.7,25.6,25.8,26.3,26.3,26,26.1,25.7,25.4,25.8,26,25.3,26.2,26.2,25.9,25,26.3,25.6,25.6,26.3,25.9,78,78,71,72,77,77,74,78,77,78,79,78,68,78,77,76,77,74,72,77,78,73,77,75,79,72,78,74,72,76,76,0,0,0,0,0,0,0,0,0,0,0,0,0,0.1,0,0,0,0,0,0,0.1,0,0,0,0,0,0,0,0,0,0,19,18.8,19.1,22.5,20.4,19.8,24.8,26.3,17.7,22.4,22.9,27,10.1,17.1,19.4,19.8,19.3,24.7,18.5,20.3,15.5,19.1,17.8,18.7,21.6,21.8,21.6,14.8,15.7,17.7,17,22,22,20.2,25.6,23.8,22.7,28.4,29.9,20.5,25.9,25.9,31.3,10.8,20.2,23.8,23.4,22.7,28.4,19.8,23,17.6,21.6,20.5,21.2,25.6,24.1,24.8,16.6,17.3,20.9,20.2,,,,,,22.2204,114.2127
2026-10-10T01:00,25.1,25.2,25.4,24.4,24.1,25.2,25.2,25.4,25.7,25.4,24.8,25.4,25.4,25.4,24.7,24.9,25.1,24.2,26.2,26.2,24.7,26.2,25.7,24.9,25.1,24.9,24.9,25.1,25.6,24.7,24.7,25.1,25.2,26,23.8,25.4,24.6,24.2,24.6,25.3,86,85,81,88,90,84,85,77,73,87,86,79,81,81,90,89,84,91,71,81,87,73,86,87,81,81,88,89,75,86,86,88,90,72,85,80,84,85,91,83,0,0,0,0,0,0,0,0,0,0,0,0,0,0,0,0,0,0,0,0,0,0,0,0,0,0,0,0,0,0,0,0,0,0,0,0,0,0,0,0,4,5.6,3.4,4.2,4.6,5.3,4.8,4.3,3.3,4.9,6.5,3.7,3.4,4,5,7.2,4.5,4.1,3.3,6.2,4.6,2.4,4.3,6.5,3.6,2.8,3.9,5.8,4.1,3.5,4.9,5.3,6.4,3.5,4.6,3.8,4.7,5.7,5,4.4,,,,,,,,,,,,,,,,,,,,,,,,,,,,,,,,,,,,,,,,,25.7,25.7,25.3,25.1,26,26,25.3,25.2,26,25.9,25.5,25.5,25.8,26.3,26.2,25.9,26.1,25.7,25.3,25.7,25.9,25.2,26.2,26.2,25.8,25,26.3,25.6,25.5,26.2,25.9,79,79,72,73,77,77,74,78,77,78,80,78,68,79,77,77,76,74,73,78,79,74,77,76,78,72,78,74,73,77,76,0,0,0,0,0,0,0,0,0,0,0,0,0,0.1,0,0,0,0,0,0,0.1,0,0,0,0,0,0,0,0,0,0,19.7,19.3,20.4,22.2,21,19.5,26.7,28.7,17.9,23.3,23.8,28,9.9,17.7,19.4,20.4,20.5,25.6,20.5,20.5,16.2,19.5,18.1,18.4,23.2,22.6,21.9,15.3,16.1,18.3,17.1,23,22,21.6,24.5,24.5,22.3,30.2,31.7,20.2,27,26.6,32.4,10.8,20.9,23.4,23.4,24.5,29.5,22.3,22.7,18.7,22,20.9,20.9,27,24.5,25.6,17.3,17.6,21.6,20.2,,,,,,22.2204,114.2127
2026-10-10T02:00,25.1,25.2,25.3,24.3,24,25,25,25.3,25.4,25.2,24.8,25.3,25.3,25.1,24.7,24.9,24.9,24.1,25.9,26.2,24.5,26.2,25.5,24.9,25.1,24.8,24.8,25,25.6,24.6,24.6,25,25,25.8,23.8,25.3,24.3,24.2,24.6,25.2,86,85,82,88,91,85,86,79,74,89,85,80,81,82,91,88,85,91,72,81,88,73,87,86,83,83,89,88,76,87,87,88,90,74,86,81,86,85,90,84,0,0,0,0,0,0,0,0,0,0,0,0,0,0,0,0,0,0,0,0,0,0,0,0,0,0,0,0,0,0,0,0,0,0,0,0,0,0,0,0,4.1,6.1,3.6,4.3,5,5.8,5.3,5.2,2.9,4.9,7,3.9,3.9,4.1,5.8,7.8,5,4.3,3.3,7.1,4.8,3,5.1,7,3.6,2.8,4.3,6.7,4.3,3.7,5.7,5.4,7.4,3.4,4.7,3.9,5.2,6.3,5.5,4.9,,,,,,,,,,,,,,,,,,,,,,,,,,,,,,,,,,,,,,,,,25.6,25.6,25.2,25.1,25.9,25.9,25.2,25,25.9,25.8,25.4,25.3,25.7,26.3,26.1,25.8,26,25.6,25.1,25.6,25.9,25.2,26.1,26.2,25.7,24.9,26.2,25.6,25.4,26.1,25.8,79,79,72,73,78,77,74,78,77,78,80,78,68,79,77,78,76,75,73,78,80,75,78,76,78,73,78,74,73,78,77,0,0,0,0,0,0,0,0,0,0,0,0,0,0.1,0,0,0,0,0,0,0.1,0,0,0,0,0,0,0,0,0,0,20.9,20.3,21.3,21.6,22.1,19.7,27.8,30.3,18.2,24.4,24.8,29,10.7,18.7,20.2,20.9,22.2,26.6,22.3,20.5,17.3,20.3,18.7,18.2,24.9,23.3,22.7,16.3,16.4,19.1,18,23.8,22.7,22.7,23.8,25.2,22.3,31.3,33.5,20.2,27.7,27.7,33.1,11.2,22,23.8,23.8,26.3,30.6,24.1,22.3,19.4,22.7,21.2,20.5,28.1,24.5,26.3,18,18,22,20.5,,,,,,22.2204,114.2127
2026-10-10T03:00,24.9,25.1,25.1,24.2,23.9,24.7,24.9,25.1,25.1,25,24.7,25.2,25.2,24.7,24.6,24.7,24.7,24,25.6,26.1,24.3,26,25.3,24.7,24.9,24.6,24.7,24.9,25.4,24.4,24.5,24.8,24.9,25.6,23.7,25.1,24.2,24.1,24.5,25,86,85,83,88,91,86,86,81,75,89,84,81,82,83,91,89,86,90,73,82,89,74,87,87,84,84,90,87,77,87,86,88,89,75,86,81,86,85,89,85,0,0,0,0,0,0,0,0,0,0,0,0,0,0,0,0,0,0,0,0,0,0,0,0,0,0,0,0,0,0,0,0,0,0,0,0,0,0,0,0,4.6,6.1,3.8,4.5,5.3,6.2,5.8,5.3,2.7,5.6,6.9,4.1,4.6,4.4,6.9,8.2,5.4,4.6,3.3,7.4,4.9,3.3,5.9,7.4,4.1,3.1,5,6.9,4.6,3.9,6,5.1,8,3.4,4.8,3.6,5.9,6.9,5.6,5.1,,,,,,,,,,,,,,,,,,,,,,,,,,,,,,,,,,,,,,,,,25.5,25.4,25.1,25,25.8,25.8,25.1,24.8,25.8,25.6,25.3,25.1,25.7,26.2,25.9,25.6,25.8,25.4,25,25.4,25.7,25,26,26.1,25.5,24.8,26,25.4,25.2,25.9,25.7,79,80,72,74,79,78,74,77,78,78,80,78,69,80,78,78,77,76,73,79,81,76,79,76,79,74,79,75,74,79,78,0,0,0,0,0,0.1,0,0,0,0,0,0,0,0.1,0.1,0,0,0.1,0,0,0.1,0,0,0,0,0,0.1,0,0,0,0,22.1,21.7,22.1,21.7,23.1,20.8,27.8,31.5,18.7,25,26.2,29.6,12.1,20.7,22.1,21.3,23.9,27.9,23.6,21,18.4,21.7,19.8,18.1,26,23.7,23.6,17.7,17,19.5,19.5,24.5,24.1,23.8,23.4,26.3,23.4,31.7,35.6,20.2,28.4,29.2,33.5,12.2,23.8,25.6,24.1,28.4,31.7,25.2,22.7,20.5,24.1,22,20.2,29.2,24.8,27,19.4,18,22.3,21.6,,,,,,22.2204,114.2127
2026-10-10T04:00,24.8,25,24.9,24.1,23.8,24.4,24.9,24.9,24.9,24.9,24.4,25.1,25.1,24.3,24.6,24.4,24.5,23.8,25.3,25.9,24.2,25.8,25,24.4,24.7,24.5,24.6,24.8,25.2,24.3,24.4,24.6,24.8,25.4,23.6,25,24.2,23.8,24.4,24.9,85,84,83,89,90,87,84,82,75,88,83,82,83,85,90,90,86,89,73,84,89,75,86,87,85,84,90,85,79,87,85,88,87,76,86,81,86,86,88,86,0,0,0,0,0,0,0,0,0,0,0,0,0,0,0,0,0,0,0,0,0,0,0,0,0,0,0,0,0,0,0,0,0,0,0,0,0,0,0,0,5.1,6,4.1,4.6,6,6.1,5.8,5,3,5.9,6.7,4.1,5.1,4.7,8.1,8.2,5.6,4.6,3.7,7.8,5.1,3.3,6.4,7.7,4.4,3.9,6.2,6.9,4.8,4.3,6.7,4.7,8.1,3.1,4.7,3.6,6.4,7.5,6,5.4,,,,,,,,,,,,,,,,,,,,,,,,,,,,,,,,,,,,,,,,,25.3,25.3,25.1,24.9,25.7,25.7,24.9,24.7,25.5,25.5,25.2,24.9,25.6,26,25.7,25.4,25.5,25.2,24.9,25.2,25.6,24.9,25.8,25.9,25.1,24.6,25.8,25.3,25,25.8,25.5,79,81,72,74,79,79,75,75,78,79,80,78,70,81,79,78,79,77,74,80,81,77,80,77,80,74,80,77,75,80,79,0,0,0,0,0,0.1,0,0,0,0,0,0,0,0.1,0.1,0,0,0.1,0,0,0.1,0,0,0,0,0,0.1,0,0,0,0,23.1,23.4,23.1,21.9,24.6,22.2,27.1,32.4,19.1,25.5,27.2,29.9,13.7,23,24.8,21.4,26.1,29.4,24.5,21.3,19.5,23.1,21.6,18.4,26.5,24.1,24.2,19.4,17.9,20,20.6,25.6,25.9,24.8,23,27.7,24.5,31.3,37.8,20.5,29.2,30.2,33.8,14,25.9,28.4,24.5,30.6,33.1,26.3,23,21.6,25.9,23,19.8,30.2,25.6,27.7,20.9,18,22.3,22.7,,,,,,22.2204,114.2127
2026-10-10T05:00,24.7,25,24.8,24.1,23.8,24.3,24.9,24.9,24.8,24.9,24.3,25.1,25.1,24.1,24.7,24.3,24.4,23.8,25.2,25.8,24.1,25.7,24.9,24.2,24.6,24.5,24.5,24.7,25,24.3,24.4,24.5,24.7,25.4,23.6,25,24.2,23.7,24.4,24.8,84,83,83,88,89,87,83,83,75,87,82,82,83,84,88,90,86,87,73,84,89,75,84,87,85,84,89,83,80,86,83,88,85,76,85,81,84,85,87,86,0,0,0,0,0,0,0,0,0,0,0,0,0,0,0,0,0,0,0,0,0,0,0,0,0,0,0,0,0,0,0,0,0,0,0,0,0,0,0,0,5.4,5.7,4.3,4.8,6.2,6.4,6,4.9,2.9,6.4,6.6,4.3,5.4,5.1,9,8.4,5.6,4.8,3.7,7.9,5.2,3.3,6.7,7.9,4.9,4.4,6.9,6.9,5.1,4.6,7.1,4.6,8.7,3.1,4.6,3.5,6.9,7.7,6.2,5.6,,,,,,,,,,,,,,,,,,,,,,,,,,,,,,,,,,,,,,,,,25.2,25.2,25,24.8,25.6,25.6,24.8,24.6,25.4,25.3,25.1,24.8,25.5,25.9,25.5,25.3,25.3,25,24.8,25.1,25.5,24.8,25.7,25.8,24.9,24.6,25.7,25.1,24.9,25.7,25.3,79,81,72,74,79,79,75,74,78,79,79,78,71,81,80,77,80,78,74,80,81,78,80,77,80,74,80,78,75,80,79,0,0,0,0,0,0.1,0,0,0,0,0,0,0,0.1,0.1,0,0,0.1,0,0,0.1,0,0,0,0,0,0.1,0,0,0,0,23.5,24.3,22.5,21.3,25.3,23,25.9,32.5,18.9,26,27.8,30,15,25,26.7,21.4,27.4,30.1,24.7,21.5,20.6,24.3,22.2,18.3,26.6,23.7,24.8,20.5,17.9,20.2,21.6,25.6,26.6,24.8,22.3,28.4,25.2,30.2,38.9,20.2,29.5,31,33.8,15.1,27.4,29.9,24.1,32,33.8,26.3,23,22.3,27.4,23.8,19.8,30.6,25.2,27.7,22,17.6,22,23.4,,,,,,22.2204,114.2127
2026-10-10T06:00,24.7,25,24.9,24.2,23.9,24.4,25,24.9,24.9,25,24.3,25.2,25.1,24.1,24.7,24.3,24.5,23.9,25.2,25.7,24.3,26,24.9,24.2,24.7,24.6,24.6,24.7,25,24.4,24.4,24.5,24.8,25.5,23.7,25.1,24.3,23.8,24.4,24.8,84,82,83,87,88,86,82,83,73,85,81,82,83,81,86,87,85,85,73,83,88,72,82,85,85,84,87,82,80,84,81,87,83,75,84,80,82,83,85,85,0,0,0,0,0,0,0,0,0,0,0,0,0,0,0,0,0,0,0,0,0,0,0,0,0,0,0,0,0,0,0,0,0,0,0,0,0,0,0,0,4.9,5.4,4.1,4.8,6.1,6,5.7,4.8,2.9,6.2,6.1,4.1,5.1,5.4,8.7,7.9,5.6,4.9,3.6,7.4,4.8,3.6,6.5,7.7,5.4,4.4,6.9,6.5,4.5,4.3,7.4,4.4,8.5,3,4.1,3.4,7.2,7.1,5.6,5.6,,,,,,,,,,,,,,,,,,,,,,,,,,,,,,,,,,,,,,,,,25.1,25.1,25,24.7,25.5,25.5,24.8,24.5,25.4,25.2,25,24.7,25.4,25.7,25.4,25.3,25.4,24.9,24.7,25,25.4,24.7,25.6,25.7,24.9,24.6,25.6,25,24.8,25.6,25.2,79,80,71,73,78,79,74,73,76,78,78,77,72,81,80,76,79,78,74,79,81,78,80,77,79,74,80,78,75,79,78,0,0,0,0,0,0,0,0,0,0,0,0,0,0,0,0,0,0,0,0,0,0,0,0,0,0,0,0,0,0,0,22.6,23.8,20,18.9,25.4,22.3,24,32.3,17.8,26.1,27.6,29.5,15.8,25.9,27.1,20.2,27.8,30.3,24.3,20.8,21,25,22,18.6,26,22.4,24.5,20.8,16.8,19.7,21.6,24.5,25.9,22.3,20.2,28.1,24.5,27.7,38.5,19.1,29.5,30.2,33.5,15.5,27.7,29.9,22.7,32,34.2,25.6,22,22.7,28.1,23.8,19.8,29.9,23.4,27,22.3,17.3,21.2,23.4,,,,,,22.2204,114.2127
2026-10-10T07:00,24.9,25.1,25.1,24.4,24,24.6,25.1,25.1,25.3,25.3,24.4,25.3,25.2,24.3,24.9,24.4,24.7,24.2,25.4,25.8,24.5,26.4,25,24.3,24.8,24.9,24.7,24.8,25,24.7,24.5,24.6,24.9,25.6,24,25.2,24.4,23.9,24.6,25,83,80,82,85,86,84,81,82,71,83,80,81,83,76,83,83,82,83,73,81,86,67,79,81,85,83,85,81,80,81,80,85,80,74,83,79,79,81,82,82,0,0,0,0,0,0,0,0,0,0,0,0,0,0,0,0,0,0,0,0,0,0,0,0,0,0,0,0,0,0,0,0,0,0,0,0,0,0,0,0,4.5,5.1,3.1,5.1,6.1,6,5.4,5.1,3,5.8,5.7,3.6,4.7,5.8,7.9,7.1,5.4,4.8,3.6,6.4,4.6,3.6,6.3,6.9,6.1,4.1,6.9,5.8,4.5,4.1,7.4,4.3,8.3,3,3.6,3,7.6,5.9,5.4,5.1,,,,,,,,,,,,,,,,,,,,,,,,,,,,,,,,,,,,,,,,,25.1,25.1,25,24.8,25.5,25.4,24.9,24.5,25.5,25.2,25,24.7,25.3,25.5,25.3,25.3,25.6,24.8,24.7,25.1,25.4,24.8,25.5,25.6,24.9,24.6,25.6,25,24.9,25.6,25.2,78,79,70,72,77,79,74,72,73,77,76,76,73,81,79,74,78,77,73,78,80,77,79,76,78,73,79,78,73,78,77,0,0,0,0,0,0,0,0,0,0,0,0,0,0,0,0,0,0,0,0,0,0,0,0,0,0,0,0,0,0,0,21.4,22.9,16.6,15.9,25,21.3,21.8,31.8,16.1,25.6,26.2,28.8,16,26.3,26.9,18.8,27.3,30,23.5,19.8,20.9,25.9,21,18.8,24.6,20.3,24.1,20.6,15.3,18.7,21.6,23,24.5,18.7,17.3,27.4,23,24.5,37.4,17.6,28.8,28.8,32.8,15.5,27.7,28.4,20.9,31.3,34.6,24.1,20.5,22.3,28.1,23,19.8,28.4,21.2,25.9,22,17.3,20.5,22.7,,,,,,22.2204,114.2127
2026-10-10T08:00,25.3,25.4,25.6,24.8,24.4,25.1,25.4,25.5,25.8,25.8,24.8,25.7,25.6,24.7,25.2,24.8,25.2,24.7,25.8,26,25,26.9,25.4,24.7,25.2,25.3,25,25.2,25.3,25.2,24.9,25,25.3,26,24.5,25.7,24.8,24.3,25,25.4,81,78,80,82,83,80,79,79,68,79,77,79,81,71,79,78,79,80,71,78,83,63,76,77,83,81,81,78,78,78,77,82,77,71,80,77,75,78,79,79,0,0,0,0,0,0,0,0,0,0,0,0,0,0,0,0,0,0,0,0,0,0,0,0,0,0,0,0,0,0,0,0,0,0,0,0,0,0,0,0,4.3,5.4,3.1,5.4,6.1,6.3,5.4,5.4,3.5,5.8,5.7,3.9,4.7,6.2,7.9,6.9,5.6,5.5,4,5.9,4.6,4.3,6.3,6.9,6.6,4.3,7.1,6.1,4.5,4.1,7.7,4.4,8.3,3.1,3.6,3.3,8.1,5.4,5.4,5.1,,,,,,,,,,,,,,,,,,,,,,,,,,,,,,,,,,,,,,,,,25.2,25.2,25.2,25,25.6,25.5,25.1,24.5,25.7,25.2,25.2,24.9,25.4,25.5,25.4,25.5,25.8,24.9,24.9,25.2,25.4,24.9,25.6,25.7,25.1,24.9,25.7,25.1,25.1,25.7,25.3,76,77,68,70,75,77,72,71,70,75,74,75,73,80,77,72,76,75,71,76,79,76,78,75,76,71,78,76,71,76,75,0,0,0,0,0,0,0,0,0,0,0,0,0,0,0,0,0,0,0,0,0,0,0,0,0,0,0,0,0,0,0,19.8,21.6,14.3,13.8,23.8,19.9,19.5,29.8,15,24.9,24.2,27.4,15.8,25.9,25.8,17.3,26.4,28.7,21.7,18.5,20.7,25.6,20.1,18.6,23.2,18.2,23.2,20.1,14.3,17.9,20.5,21.2,22.7,15.8,15.5,25.9,21.6,21.6,34.9,16.6,27.7,26.6,31,15.5,27,27,19.1,29.9,33.5,22.3,19.1,22,27.4,22,19.8,26.3,19.1,24.8,20.9,16.9,19.4,21.2,,,,,,22.2204,114.2127
2026-10-10T09:00,26.1,26.1,26.3,25.6,25.2,25.9,26.2,26.2,26.6,26.6,25.7,26.5,26.3,25.6,26,25.7,26,25.6,26.6,26.7,25.9,27.5,26.1,25.5,25.8,25.9,25.7,26,26,26,25.6,26,26.1,26.7,25.3,26.5,25.8,25,25.8,26.1,76,74,76,77,77,73,74,74,64,73,72,74,76,66,74,72,74,75,67,74,77,60,71,72,78,77,76,73,73,74,72,75,72,67,74,73,70,73,74,74,0,0,0,0,0,0,0,0,0,0,0,0,0,0,0,0,0,0,0,0,0,0,0,0,0,0,0,0,0,0,0,0,0,0,0,0,0,0,0,0,5.3,6.6,4.3,6.5,7,7.3,6.5,6.6,4.9,6.9,7.4,5.2,6.4,7.5,9.2,7.9,6.6,6.9,5.4,6.7,5.5,6.2,7.4,7.9,7.7,5.1,8.4,7.6,5.5,5.4,9.1,5.6,9.5,4.3,4.6,4.7,9.7,6.6,6.9,6,,,,,,,,,,,,,,,,,,,,,,,,,,,,,,,,,,,,,,,,,25.6,25.6,25.9,25.5,25.9,25.9,25.5,24.8,26.1,25.5,25.5,25.2,25.7,25.7,25.6,25.9,26,25.1,25.2,25.6,25.7,25.1,25.9,26.1,25.4,25.4,25.9,25.4,25.6,26.1,25.6,72,73,63,65,72,73,69,69,66,72,71,73,70,78,74,69,74,72,68,72,76,73,75,72,73,67,76,73,66,72,72,0,0,0,0,0,0,0,0,0,0,0,0,0,0,0,0,0,0,0,0,0,0,0,0,0,0,0,0,0,0,0,17.9,19.5,13,12.1,21.3,18.6,17.3,26.1,14.6,22.7,20.7,24,14.6,24.3,23.9,16.3,25.3,26.5,18.1,16.5,20.1,23.7,18.8,17.8,21.3,15.9,21.9,18.3,13.7,16.6,18.2,19.4,20.5,14.8,15.1,23.8,20.2,19.1,30.6,15.8,25.2,23.4,27.4,15.1,25.2,24.8,18,28.1,31,19.8,17.3,21.2,24.8,20.5,19.1,23.4,18,23.4,18.7,16.9,18,19.1,,,,,,22.2204,114.2127
2026-10-10T10:00,27.1,27.1,27.3,26.6,26.2,27,27.1,27.1,27.5,27.7,26.7,27.4,27.3,26.8,27,26.9,27,26.8,27.7,27.6,27,28.2,27.1,26.6,26.7,26.7,26.7,27,27,27,26.7,27.3,27.3,27.6,26.3,27.5,27,26.1,26.9,27.1,70,68,70,70,71,65,69,68,61,66,66,68,69,61,68,66,69,68,61,69,70,56,65,67,72,73,70,66,66,69,66,67,66,62,67,67,64,68,69,69,0,0,0,0,0,0,0,0,0,0,0,0,0,0,0,0,0,0,0,0,0,0,0,0,0,0,0,0,0,0,0,0,0,0,0,0,0,0,0,0,7.3,8.4,6.2,8.2,8.2,8.6,8.2,7.9,7.1,9.2,9.5,7.2,8.7,9.3,11.3,9.5,8.5,8.6,7.5,8.2,7.4,8.7,9.2,9.4,8.8,6.4,10,9.9,8.2,7,10.8,7.7,11.2,6.7,6.3,6.4,12,8.6,9,7.2,,,,,,,,,,,,,,,,,,,,,,,,,,,,,,,,,,,,,,,,,26.2,26.1,26.7,26.3,26.5,26.6,26.1,25.1,26.6,26,25.9,25.6,26.2,26,25.9,26.4,26.3,25.5,25.7,26.1,26.1,25.5,26.3,26.5,25.9,26.1,26.2,25.8,26.4,26.6,26.1,67,68,57,59,67,67,66,67,62,69,67,70,65,75,71,66,72,69,64,67,72,69,71,67,70,61,73,68,60,67,68,0,0,0,0,0,0,0,0,0,0,0,0,0,0,0,0,0,0,0,0,0,0,0,0,0,0,0,0,0,0,0,15.5,17.1,12.2,11.4,18.3,17.1,14.9,20.9,14.8,20,16.5,19.7,13.5,22.2,21.2,15.6,23.7,23.6,13.3,14.1,19.3,20.6,17.4,16.9,19,14.3,20.1,15.6,13.7,15.3,15.3,17.3,18.4,14.8,15.8,20.9,18.4,16.9,24.8,15.5,22,19.8,22.3,14.4,22.7,22.7,16.9,25.6,27.4,16.9,15.1,20.2,21.2,18.4,18,20.2,17.3,21.6,15.8,16.6,16.6,16.2,,,,,,22.2204,114.2127
2026-10-10T11:00,28.1,27.9,28.1,27.4,27.1,28,28,27.9,28.3,28.6,27.7,28.3,28.1,27.8,27.8,27.9,27.8,27.8,28.7,28.4,27.9,28.8,28,27.6,27.4,27.5,27.5,28,27.8,27.8,27.5,28.3,28.3,28.4,27.2,28.5,28,26.9,27.8,28,64,64,65,65,65,59,64,63,57,60,61,63,63,57,64,61,64,63,56,64,64,54,60,63,67,68,65,61,60,65,62,60,61,58,62,62,59,63,64,64,0,0,0,0,0,0,0,0,0,0,0,0,0,0,0,0,0,0,0,0,0,0,0,0,0,0,0,0,0,0,0,0,0,0,0,0,0,0,0,0,8.4,9.8,7.4,9.2,9,9.4,9.5,8.9,8.7,10.8,11.2,8.7,10.7,10.4,12.7,10.7,9.7,9.7,9.2,9.2,8.7,10.6,10.5,10.5,9.7,7.2,10.9,11.1,10.1,8.4,11.8,9.2,12.2,8.7,7.8,8.1,13.8,10.3,10.5,8.1,,,,,,,,,,,,,,,,,,,,,,,,,,,,,,,,,,,,,,,,,26.6,26.5,27.3,27,26.9,27.1,26.6,25.5,27,26.4,26.3,26,26.6,26.3,26.3,26.7,26.5,25.9,26.1,26.6,26.4,25.9,26.7,26.9,26.3,26.7,26.5,26.1,27,27.1,26.5,63,64,53,54,64,63,64,65,59,67,63,67,61,72,68,64,70,66,60,63,69,66,68,64,68,57,70,65,56,63,65,0,0,0,0,0,0,0,0,0,0,0,0,0,0,0,0,0,0,0,0,0,0,0,0,0,0,0,0,0,0,0,13.5,14.9,11.6,11.4,15.8,15.3,13.4,16.2,14.6,17.5,13.8,16.1,12.2,20.2,18.9,15.2,22.1,20.8,9.4,12,18.7,17.8,15.8,16,16.7,13.3,18.7,13.2,13.2,14.2,13,15.5,16.6,14.8,16.2,18.4,17.3,15.1,19.8,15.1,19.1,16.9,18.4,14,20.5,20.5,16.2,23.4,23.8,14.4,13.7,19.1,18.4,16.6,17.3,17.6,16.9,20.5,13.7,16.6,15.5,14,,,,,,22.2204,114.2127
2026-10-10T12:00,28.8,28.7,28.7,28,27.7,28.7,28.6,28.6,29.1,29.3,28.3,28.9,28.7,28.6,28.4,28.6,28.5,28.7,29.3,29.1,28.5,29.4,28.7,28.3,27.9,28.2,28.2,28.7,28.4,28.4,28.1,29,29.1,28.9,27.8,29.3,28.7,27.6,28.4,28.6,60,61,61,62,62,55,61,60,54,56,58,59,59,55,61,59,61,59,53,60,60,53,57,60,63,62,62,57,57,62,60,56,57,56,59,58,56,60,61,61,0,0,0,0,0,0,0,0,0,0,0,0,0,0,0,0,0,0,0,0,0,0,0,0,0,0,0,0,0,0,0,0,0,0,0,0,0,0,0,0,8.9,10.2,7.8,9.6,9.1,9.4,9.8,9.2,8.9,11.2,11.4,9.2,11.3,10.2,12.9,10.8,10.1,9.7,9.7,9.4,8.9,11,11,10.6,9.7,7.9,10.7,11.2,10.8,9.3,11.8,9.3,12.2,9.5,8.6,8.7,13.7,10.8,10.8,8,,,,,,,,,,,,,,,,,,,,,,,,,,,,,,,,,,,,,,,,,26.9,26.7,27.5,27.5,27.2,27.2,26.8,26.1,27.2,26.7,26.8,26.3,26.9,26.5,26.6,26.8,26.7,26.2,26.6,26.8,26.6,26.2,26.9,27,26.6,27.1,26.7,26.3,27.3,27.3,26.8,61,62,53,52,62,62,63,62,58,65,60,65,59,70,66,64,69,64,57,61,67,64,66,63,67,56,68,63,55,61,63,0,0,0,0,0,0,0,0,0,0,0,0,0,0,0,0,0,0,0,0,0,0,0,0,0,0,0,0,0,0,0,12,13.5,11.6,12,14.3,14.1,12.1,11.2,13.4,15.6,13.1,13.4,11.8,18.6,17.4,15,20.4,18.2,7.1,10.5,17.7,15.5,14.7,15.1,15.4,12,18.2,11.8,12.8,13.2,11.6,14.4,15.5,14.8,16.6,16.9,16.6,14,16.2,14.8,17.3,15.8,15.5,13.7,19.1,19.1,15.8,21.6,20.9,12.6,12.6,17.6,16.6,15.1,16.9,16.2,16.6,20.2,12.6,16.6,14.8,13,,,,,,22.2204,114.2127
2026-10-10T13:00,29.5,29.4,29.2,28.5,28.2,29.3,29.1,29.2,29.8,29.8,28.8,29.5,29.1,29.2,28.9,29.1,29,29.4,29.9,29.7,29,30,29.2,28.9,28.4,28.9,28.7,29.3,28.9,28.8,28.6,29.5,29.8,29.2,28.3,29.9,29.2,28.1,28.9,29,57,58,59,60,59,53,59,57,51,54,56,56,57,54,59,58,58,56,51,57,58,52,56,57,61,57,59,54,54,61,59,54,54,55,58,55,55,58,59,59,0,0,0,0,0,0,0,0,0,0,0,0,0,0,0,0,0,0,0,0,0,0,0,0,0,0,0,0,0,0,0,0,0,0,0,0,0,0,0,0,8.9,10.5,7.9,9.5,8.9,8.5,9.7,9.1,8.7,11,11,9.2,11.5,9.7,12.2,10.5,10.5,9.2,9.3,10,9,10.7,10.9,10.1,9.7,8.4,9.8,10.9,10.6,10.1,11,8.9,11.5,9.9,9.1,8.9,12.7,10.3,10.2,7.9,,,,,,,,,,,,,,,,,,,,,,,,,,,,,,,,,,,,,,,,,27.1,26.8,27.5,27.8,27.5,27.2,27,26.8,27.3,26.9,27.3,26.6,27,26.6,26.9,26.8,26.9,26.5,27,27,26.7,26.5,27,27,26.9,27.3,26.9,26.5,27.4,27.3,27,61,62,55,52,61,62,64,59,59,65,58,63,58,69,64,65,68,63,55,61,66,62,65,63,66,56,67,63,55,61,63,0,0,0,0,0,0,0,0,0,0,0,0,0,0,0,0,0,0,0,0,0,0,0,0,0,0,0,0,0,0,0,11.6,13,12.8,13.2,13.7,13.7,12,6.9,12.2,14.2,13,11.4,11.6,17.3,16.2,15,18.6,15.7,5.2,10.1,16.4,13.4,13.5,15.1,14.4,12.4,18.4,11.2,13.6,12.5,11,13.3,14.8,15.1,16.9,15.8,16.2,13.7,13.3,14,15.8,16.2,13.7,13.3,17.6,18,16.2,20.2,18,11.5,11.9,16.6,15.1,14,16.9,15.1,16.6,20.2,11.9,16.2,14.8,13,,,,,,22.2204,114.2127
2026-10-10T14:00,29.9,29.7,29.4,28.7,28.4,29.7,29.4,29.5,30.2,30,29,29.8,29.3,29.6,29.1,29.3,29.2,29.7,30.1,30.1,29.2,30.3,29.5,29.2,28.6,29.3,29,29.7,29.1,28.9,28.7,29.7,30.2,29.3,28.4,30.3,29.4,28.3,29.1,29.2,55,57,58,59,59,53,58,56,50,53,56,54,57,54,59,59,58,55,50,55,57,52,55,56,60,54,58,53,54,60,59,54,53,55,58,53,55,58,59,58,0,0,0,0,0,0,0,0,0,0,0,0,0,0,0,0,0,0,0,0,0,0,0,0,0,0,0,0,0,0,0,0,0,0,0,0,0,0,0,0,9,10.5,7.6,9.4,8.7,7.7,9.6,8.9,8.1,10.1,10.5,8.7,11.1,8.8,11.7,10.1,10.1,9,9,10.2,8.6,10.1,10.5,9.7,9.3,8.8,8.7,10,10.2,10.4,10.4,7.9,10.5,10,9.4,8.5,11.5,10,9.5,7.3,,,,,,,,,,,,,,,,,,,,,,,,,,,,,,,,,,,,,,,,,27.2,26.8,27.4,28.1,27.6,27.2,27.1,27.3,27.3,27.1,27.7,26.8,27.1,26.8,27.1,26.8,27.1,26.7,27.3,27.1,26.9,26.7,27.1,27.1,27.1,27.5,27,26.6,27.4,27.4,27.2,61,62,57,53,61,63,64,56,59,64,57,62,58,68,63,66,67,62,53,61,65,61,64,63,65,57,67,62,56,61,62,0,0,0,0,0,0,0,0,0,0,0,0,0,0,0,0,0,0,0,0,0,0,0,0,0,0,0,0,0,0,0,11.9,13.4,14.3,14,13.7,14.1,12.1,3.8,12,14.1,13,9.4,11.2,16.3,15.9,15.7,17.3,14.5,3.5,10.1,15.3,12.5,12.4,15.3,14.1,14.7,19.1,10.5,13.5,13,11.5,13,14.8,15.5,16.9,15.5,16.2,13.7,11.2,14,15.5,16.2,11.9,13,16.9,17.6,16.9,19.1,16.2,10.4,11.5,15.5,14.4,13.3,16.9,15.1,16.6,20.5,11.5,15.8,14.8,13.3,,,,,,22.2204,114.2127
2026-10-10T15:00,29.8,29.6,29.2,28.3,28.2,29.7,29.3,29.6,30.3,29.9,28.8,29.8,29,29.7,28.9,28.8,29,29.2,30.1,30,29,30.3,29.6,29.1,28.4,29,29.1,29.8,28.9,28.6,28.5,29.7,30.2,29.1,28.1,30.3,29.2,28.2,28.8,29.1,56,59,60,60,61,54,59,56,50,54,58,55,59,54,61,61,60,59,51,56,58,53,55,57,61,56,58,54,56,61,61,55,53,57,60,53,56,60,61,59,0,0,0,0,0,0,0,0,0,0,0,0,0,0,0,0,0,0,0,0,0,0,0,0,0,0,0,0,0,0,0,0,0,0,0,0,0,0,0,0,8.2,10.1,7.6,9.1,8.3,6.7,9,8.4,7.2,9.6,10.2,7.8,10.5,7.4,10.9,9.7,9.8,9,8.2,10,8.3,9,9.5,9.1,9.1,8.3,7.9,8.9,9.3,9.9,10.1,7.1,9.6,9.4,9.1,7.4,10.7,9.7,9,7.2,,,,,,,,,,,,,,,,,,,,,,,,,,,,,,,,,,,,,,,,,27.2,26.9,27.4,28.2,27.5,27.3,27.2,27.6,27.4,27.2,27.9,26.9,27.2,26.9,27.3,26.9,27.2,26.7,27.5,27.1,27.1,26.9,27.2,27.3,27.2,27.5,27,26.7,27.3,27.4,27.3,61,62,58,54,61,63,64,55,59,64,57,61,58,67,63,66,66,62,52,61,64,61,63,63,64,58,67,62,57,61,61,0,0,0,0,0,0,0,0,0,0,0,0,0,0,0,0,0,0,0,0,0,0,0,0,0,0,0,0,0,0,0,11.6,13.7,14.1,13.2,13.7,14.8,13,2.5,12.2,15.1,12.5,7.6,9.8,15.1,16.7,17.4,16.2,14.1,2.8,10.1,14.8,12.3,11.3,15.9,14.4,15.5,19.5,9.7,11.9,13.8,12.6,13,15.1,15.5,16.2,15.5,16.9,14.4,9.7,14.8,16.6,15.8,10.1,12.2,16.2,18.4,18.7,18.7,15.5,9.7,11.9,15.5,14.4,13,17.6,15.8,16.9,21.2,11.5,14.4,15.5,14.4,,,,,,22.2204,114.2127
2026-10-10T16:00,29.5,29.2,28.7,27.7,27.6,29.4,29,29.4,30.1,29.6,28.3,29.5,28.4,29.6,28.4,28,28.5,28.3,29.9,29.7,28.6,30,29.4,28.8,27.9,28.4,28.9,29.7,28.6,28.1,27.9,29.3,30,28.6,27.4,29.9,28.7,27.7,28.3,28.6,58,62,63,63,64,57,60,56,52,56,62,57,64,55,64,65,64,65,53,58,61,55,57,60,64,62,59,57,60,63,65,58,55,60,64,55,59,63,65,62,0,0,0,0,0,0,0,0,0,0,0,0,0,0,0,0,0,0,0,0,0,0,0,0,0,0,0,0,0,0,0,0,0,0,0,0,0,0,0,0,7.2,9.9,7.7,8.9,8.1,6.1,8.4,7.9,6.8,8.8,9.7,6.8,9.4,6.3,10.4,9.7,9,9.2,7.5,9.8,8,7.4,8,8.6,8.6,8,7.2,7.3,8.3,9.2,9.8,6.5,8.7,8.6,8.7,5.7,10.1,9.1,8.6,7.6,,,,,,,,,,,,,,,,,,,,,,,,,,,,,,,,,,,,,,,,,27.2,27,27.2,28.1,27.4,27.4,27.4,27.8,27.6,27.4,27.9,27,27.2,27.1,27.3,27,27.2,26.7,27.5,27.2,27.3,26.9,27.2,27.5,27.4,27.3,26.9,26.8,27.1,27.4,27.4,61,61,59,55,63,63,64,55,59,64,58,61,58,67,63,67,66,62,51,61,62,61,61,62,64,59,68,61,57,62,61,0,0,0,0,0,0,0,0,0,0,0,0,0,0,0,0,0,0,0,0,0,0,0,0,0,0,0,0,0,0,0,11.1,13.7,13.4,12.1,13.8,15.2,14,2,13,16.6,12.2,5.8,8.8,14.2,17.6,19.2,15.4,13.7,2.6,10.1,14.4,12.6,9.8,16.6,15.1,15.8,19.8,8.9,9.7,14.3,14.4,13.7,15.5,15.8,15.5,15.8,18,15.8,9,16.2,19.1,15.8,9,11.9,16.2,19.8,21.2,18.4,15.8,9.4,12.6,15.5,15.1,13,18.7,17.3,17.6,22,11.9,12.6,16.6,16.2,,,,,,22.2204,114.2127
2026-10-10T17:00,29,28.6,28.1,27,27,28.9,28.5,29,29.6,29,27.7,29.1,27.8,29.3,27.8,27.2,27.9,27.3,29.5,29.2,28,29.6,29.1,28.3,27.3,27.6,28.5,29.2,28.1,27.5,27.3,28.8,29.6,28,26.8,29.4,28.2,27.2,27.6,28.1,62,66,67,66,68,61,63,58,56,60,66,60,68,57,68,69,68,71,57,62,65,58,60,64,67,67,62,61,64,66,68,62,59,64,67,58,63,67,69,66,0,0,0,0,0,0,0,0,0,0,0,0,0,0,0,0,0,0,0,0,0,0,0,0,0,0,0,0,0,0,0,0,0,0,0,0,0,0,0,0,6.1,9,7.2,8.7,7.6,5.9,7.6,6.9,6.2,7.9,9.1,5.4,8.6,4.9,9.9,9.4,8.4,9.5,6.6,9,7.9,6.3,6.9,7.7,8.4,7.6,6.9,6.5,7.6,8.2,9.3,5.9,7.9,7.6,7.9,4.7,9.4,8.3,8.2,7.4,,,,,,,,,,,,,,,,,,,,,,,,,,,,,,,,,,,,,,,,,27.1,27,27.1,28,27.2,27.5,27.4,27.8,27.6,27.4,27.8,27,27.2,27.1,27.3,27,27.2,26.7,27.5,27.2,27.4,26.9,27.2,27.6,27.3,27.2,26.8,26.8,26.9,27.4,27.5,62,62,60,56,64,64,65,55,60,65,59,61,59,67,64,68,66,62,52,62,62,61,61,63,65,60,69,61,58,63,61,0,0,0,0,0,0,0,0,0,0,0,0,0,0,0,0,0,0,0,0,0,0,0,0,0,0,0,0,0,0,0,11.3,14.4,13.1,11.4,14.3,15.6,15.5,3,13.4,18,12.6,5,8.7,14,18.7,21,14.6,13.7,3.2,10.5,14,13.3,9.1,17.3,15.9,15.9,20.5,8.6,9,15,16.2,14.4,16.6,15.8,14.8,16.6,18.7,17.3,9,16.9,20.9,15.8,7.9,11.5,16.2,20.9,23.4,18,15.8,9,13.3,15.8,15.8,13,19.4,18.7,18.4,23,12.2,11.5,17.6,18,,,,,,22.2204,114.2127
2026-10-10T18:00,27.6,27.3,27.3,26.4,26.1,27.3,27.7,28.1,27.8,27.4,26.7,28.5,27,28.4,26.8,26.5,26.9,26.6,28,28,26.6,28.4,27.5,26.9,26.4,26.5,26.8,27.5,27.1,26.6,26.6,27.3,28.1,27.3,26.2,28.5,27.1,26,26.4,27.2,74,74,72,73,73,74,69,63,68,73,71,62,72,63,73,74,72,74,68,73,76,65,73,73,72,73,78,74,70,72,70,74,73,68,69,66,75,75,74,72,0,0,0,0,0,0,0,0,0,0,0,0,0,0,0,0,0,0,0,0,0,0,0,0,0,0,0,0,0,0,0,0,0,0,0,0,0,0,0,0,4.8,5.8,4.5,5.4,5.4,4.7,5.4,5,5,6.2,5.8,2.9,6.1,4.1,7.2,6.5,6.1,5.8,6.1,4.8,5.8,6.2,5.8,6.1,5.8,4.9,5.8,5.9,6.2,5.5,5.8,5.2,5.9,5.8,5.4,4,6.9,5.8,6.2,4.5,,,,,,,,,,,,,,,,,,,,,,,,,,,,,,,,,,,,,,,,,27,26.9,27.1,27.8,27.1,27.4,27.2,27.7,27.6,27.2,27.6,27,27.1,27.1,27.1,26.9,27.1,26.6,27.3,27.1,27.3,26.9,27.2,27.5,27.1,27,26.7,26.8,26.8,27.2,27.4,63,64,61,57,66,66,67,56,61,67,61,61,59,69,66,70,67,63,54,63,63,62,62,65,68,62,70,60,59,65,63,0,0,0,0,0,0,0,0,0,0,0,0,0,0,0,0,0,0,0,0,0,0,0,0,0,0,0,0,0,0,0,12.2,16.2,13.5,11,15.3,16.3,17,4.3,13.4,19.1,13.3,4.7,9,14.7,19.1,22.8,14.1,14.1,2.9,11,13.8,14.1,9.4,17.7,17.3,16.2,21.2,7.8,9.4,15.7,18.4,15.1,18,15.8,14.4,17.6,19.1,19.1,10.1,16.6,22.3,16.6,7.6,12.2,16.9,21.2,25.2,16.6,15.8,9,14.4,15.8,16.9,13.7,19.8,19.8,18.7,24.1,12.2,11.9,18,19.8,,,,,,22.2204,114.2127
2026-10-10T19:00,26.8,26.5,26.6,25.6,25.4,26.5,27.1,27.6,27,26.7,25.9,28,26.3,27.9,26,25.7,26.1,25.6,27.3,27.3,25.8,27.7,26.8,26.2,25.7,25.7,26,26.7,26.4,25.8,25.9,26.5,27.3,26.7,25.5,27.8,26.4,25.3,25.6,26.5,80,79,77,78,77,81,73,67,73,80,76,65,76,66,78,79,76,80,73,79,81,70,78,78,76,78,83,81,75,76,74,80,79,72,73,71,81,80,79,76,0,0,0,0,0,0,0,0,0,0,0,0,0,0,0,0,0,0,0,0,0,0,0,0,0,0,0,0,0,0,0,0,0,0,0,0,0,0,0,0,4.2,4.3,3.7,4.3,4.7,4.1,4,4.5,4.9,5,4.3,1.5,4.7,2.9,6.1,5.4,5,4.7,5.1,3.3,4.8,5.1,4.8,5,5.1,4.2,5.2,5.1,4.7,4.1,4.3,4.7,5.1,4.3,4,3.5,5.4,4.7,5.4,4,,,,,,,,,,,,,,,,,,,,,,,,,,,,,,,,,,,,,,,,,27,26.8,27,27.5,26.9,27.2,26.9,27.5,27.5,26.9,27.2,26.9,27.1,26.9,26.9,26.8,26.9,26.5,27.1,27.1,27.2,26.8,27.1,27.2,26.7,26.8,26.5,26.7,26.8,27,27.2,65,67,63,59,67,69,70,59,63,70,63,62,60,71,69,73,68,65,57,64,65,63,63,67,71,64,72,60,59,67,66,0,0,0,0,0,0,0,0,0,0,0,0,0,0,0,0,0,0,0,0,0,0,0,0,0,0,0,0,0,0,0,13.6,18.4,13.5,10.8,16.3,16.7,18.8,6.5,13.2,20.2,14.2,4.8,9.6,16,19.1,24.2,13.4,14.5,2.3,11.6,13.7,15.3,10.4,17.7,18.8,16.6,22,7.1,9.7,16.3,20.5,16.2,20.2,15.8,14.4,18.7,19.4,21.2,11.5,15.8,23,17.3,7.9,13,18,21.2,27,14.8,15.5,9,15.1,15.5,18,14.8,19.8,20.9,19.4,25.2,11.9,13,18.4,22,,,,,,22.2204,114.2127
2026-10-10T20:00,26.2,26,26.1,25.1,24.9,25.9,26.6,27.1,26.4,26.1,25.4,27.6,25.8,27.4,25.5,25.1,25.6,25,26.8,26.9,25.3,27.2,26.4,25.7,25.2,25.1,25.5,26.2,26,25.3,25.4,25.9,26.8,26.2,25,27.3,25.9,24.8,25,26,84,82,80,81,81,85,76,69,77,84,80,68,80,69,81,82,80,84,77,82,85,73,82,82,79,82,87,85,78,79,77,84,84,75,76,74,85,84,83,79,0,0,0,0,0,0,0,0,0,0,0,0,0,0,0,0,0,0,0,0,0,0,0,0,0,0,0,0,0,0,0,0,0,0,0,0,0,0,0,0,3.8,3.7,3.1,3.6,4,3.9,3.4,4,4.8,4.3,3.6,0.8,3.6,2.2,5.4,4.7,4.3,4,4.8,2.5,4.1,4.5,4.2,4.3,4.3,3.3,4.6,4.3,4,3.1,3.6,4.2,4.3,3.6,3.3,3.3,4.7,4,4.7,3.4,,,,,,,,,,,,,,,,,,,,,,,,,,,,,,,,,,,,,,,,,26.9,26.6,26.9,27.2,26.8,27.1,26.7,27.3,27.3,26.7,26.8,26.8,27,26.8,26.6,26.6,26.8,26.4,26.9,27,27,26.7,27,26.9,26.4,26.7,26.4,26.7,26.7,26.8,27,67,70,64,60,69,71,73,61,65,73,65,63,61,73,72,75,69,66,60,65,67,64,65,70,74,66,73,60,60,70,69,0,0,0,0,0,0,0,0,0,0,0,0,0,0,0,0,0,0,0,0,0,0,0,0,0,0,0,0,0,0,0,14.5,19.8,13.7,11.1,16.9,16.6,19.8,8.3,13.3,20.9,15.5,5.1,10.5,16.7,18.8,25,12.6,14.9,2.1,12.2,13.9,16.5,11.2,17.3,19.4,17.1,22.1,6.6,9.9,16.6,22,16.9,21.6,15.8,14,19.4,19.1,22.7,13,15.1,23.8,18,8.3,13.7,18.7,20.9,28.1,13,15.5,9,15.8,15.5,19.1,15.1,19.8,21.2,19.8,25.9,11.5,13.7,18.7,23.4,,,,,,22.2204,114.2127
2026-10-10T21:00,25.9,25.7,25.8,24.8,24.6,25.6,26.3,26.8,26,25.9,25.1,27.2,25.5,27,25.2,24.8,25.3,24.6,26.6,26.7,25,26.8,26.1,25.4,24.9,24.7,25.3,26,25.7,25,25.1,25.6,26.4,26,24.7,26.9,25.7,24.5,24.7,25.7,86,83,82,84,84,87,78,71,80,87,83,71,82,72,83,84,83,87,79,83,87,76,84,84,81,84,89,87,80,81,80,86,87,77,78,76,88,86,86,81,0,0,0,0,0,0,0,0,0,0,0,0,0,0,0,0,0,0,0,0,0,0,0,0,0,0,0,0,0,0,0,0,0,0,0,0,0,0,0,0,3.3,3.3,2.6,3.3,3.6,3.5,2.7,3.7,4.5,4,3.3,0.8,3.2,1.5,5,4.4,4,3.6,4.4,2.2,3.3,3.8,3.8,4,4,2.5,4.1,4,3.2,2.6,3.2,3.7,4,3.2,3,3.1,4.3,3.6,4.2,2.9,,,,,,,,,,,,,,,,,,,,,,,,,,,,,,,,,,,,,,,,,26.7,26.5,26.8,26.9,26.6,26.9,26.6,26.9,27.1,26.6,26.5,26.7,26.9,26.6,26.5,26.5,26.6,26.3,26.7,26.8,26.8,26.5,26.8,26.8,26.2,26.6,26.4,26.6,26.5,26.6,26.9,69,72,66,61,71,73,75,64,67,75,67,64,63,75,74,76,69,67,61,67,69,66,67,72,76,69,73,61,62,73,71,0,0,0,0,0,0,0,0,0,0,0,0,0,0,0,0,0,0,0,0,0,0,0,0,0,0,0,0,0,0,0,14.6,19.9,13.7,10.9,16.9,15.8,19.8,9.6,13.3,20.5,16,6.1,11.2,16.6,17.7,24.4,10.7,14.8,3.8,12.7,13.7,17.4,11.5,16.6,19.1,17.5,21.4,7.1,10.5,16.9,21.7,16.9,22.3,15.5,13,19.4,18,23.4,13.3,14.8,23.8,18.4,8.3,13.7,18.7,19.8,28.1,10.8,15.5,8.6,15.8,15.5,19.8,14.8,19.1,20.9,20.2,25.6,10.8,13.7,19.1,24.1,,,,,,22.2204,114.2127
2026-10-10T22:00,25.6,25.6,25.5,24.6,24.4,25.4,25.9,26.4,25.7,25.8,24.9,26.8,25.3,26.6,25,24.7,25.1,24.4,26.5,26.6,24.8,26.4,26,25.2,24.7,24.5,25.1,25.8,25.6,24.9,24.9,25.4,26.1,25.8,24.5,26.6,25.5,24.4,24.4,25.5,87,84,83,86,86,88,79,73,82,88,85,74,84,75,86,86,86,89,80,84,87,78,86,86,84,85,89,88,81,82,82,88,89,79,80,78,90,88,88,82,0,0,0,0,0,0,0,0,0,0,0,0,0,0,0,0,0,0,0,0,0,0,0,0,0,0,0,0,0,0,0,0,0,0,0,0,0,0,0,0,2.9,2.9,2.1,3.3,3.2,3.3,2.3,3.2,3.5,4,3.2,0.8,2.9,1.1,5.1,4.5,4,3.3,4.3,2.6,2.9,3,3.6,3.3,4,1.8,3.6,3.6,2.9,2.2,3.3,3.4,3.6,2.9,2.9,2.5,4.4,3.6,3.8,2.4,,,,,,,,,,,,,,,,,,,,,,,,,,,,,,,,,,,,,,,,,26.5,26.3,26.7,26.7,26.5,26.8,26.6,26.5,26.9,26.5,26.2,26.6,26.8,26.5,26.4,26.4,26.5,26.1,26.5,26.6,26.6,26.2,26.6,26.6,26,26.5,26.5,26.5,26.4,26.4,26.7,71,74,68,62,72,75,77,67,69,77,70,66,65,77,75,77,70,68,61,70,71,69,70,74,77,71,73,63,64,75,73,0,0,0,0,0,0,0,0,0,0,0,0,0,0,0,0,0,0,0,0,0,0,0,0,0,0,0,0,0,0,0,14.4,19.4,13.3,10.2,16.6,14.4,19.2,11.2,13.2,19.9,16.6,7.4,11.5,15.9,16.4,23.2,8.8,14.4,5.9,13.2,13.8,18.4,11.2,15.9,17.9,17.4,20.1,8.1,11,17,20.8,16.6,22.3,15.5,11.9,19.4,16.2,23.4,13.7,14.4,23.4,19.1,7.9,13.3,18.4,18.7,27.4,9,15.5,8.3,15.1,15.1,20.5,13.7,18.4,20.5,20.2,24.5,10.1,13,19.4,24.5,,,,,,22.2204,114.2127
2026-10-10T23:00,25.4,25.5,25.3,24.5,24.2,25.3,25.6,26,25.4,25.7,24.8,26.5,25.2,26.1,24.9,24.7,25,24.2,26.5,26.6,24.7,26.1,25.9,25.1,24.5,24.3,25,25.7,25.5,24.8,24.8,25.3,25.9,25.7,24.4,26.3,25.5,24.3,24.3,25.3,88,84,83,88,88,88,81,75,83,89,87,77,86,79,87,88,88,90,80,83,87,81,86,86,86,85,88,89,82,83,85,89,91,80,82,80,91,89,90,82,0,0,0,0,0,0,0,0,0,0,0,0,0,0,0,0,0,0,0,0,0,0,0,0,0,0,0,0,0,0,0,0,0,0,0,0,0,0,0,0,2.9,2.6,1.5,3.4,3.3,3.2,1.8,2.7,2.5,3.6,3.6,1.1,3.1,1.3,5.1,4.7,4,3.2,4.4,3.2,2.4,2.2,3.9,3.1,4,1.1,3.3,3.5,2.7,2.2,3.3,3.2,3.5,2.7,2.9,1.8,4.9,3.3,3.6,2.2,,,,,,,,,,,,,,,,,,,,,,,,,,,,,,,,,,,,,,,,,26.3,26.2,26.5,26.5,26.4,26.6,26.6,26.2,26.7,26.5,26,26.4,26.7,26.3,26.4,26.4,26.4,26,26.3,26.5,26.4,26,26.4,26.5,25.9,26.4,26.6,26.4,26.2,26.3,26.6,72,75,69,63,74,76,78,70,71,78,72,67,67,78,76,77,70,69,62,72,72,71,72,76,78,74,73,65,66,77,75,0,0,0,0,0,0,0,0,0,0,0,0,0,0,0,0,0,0,0,0,0,0,0,0,0,0,0,0,0,0,0,14.4,19.4,13.1,9.6,16.7,13.4,19.6,12.4,13,19.4,17.7,8.2,11.5,16,15.8,22.6,7.4,14.6,7.7,13.4,14.1,18.8,11.5,15.2,17.6,17.4,19.5,8.9,11.6,17.1,20.3,16.6,22.7,15.1,11.2,19.4,15.1,23.8,13.7,14.4,23,19.8,8.3,13,18.4,18.4,26.6,7.9,15.8,7.9,14.8,15.1,20.9,13,17.6,20.2,20.5,23.8,9.7,12.6,19.8,24.5,,,,,,22.2204,114.2127
2026-10-11T00:00,25.3,25.5,25.2,24.4,24.2,25.3,25.4,25.7,25.3,25.8,24.7,26.2,25.1,25.7,24.8,24.7,24.9,24.2,26.5,26.6,24.7,25.7,25.8,25,24.4,24.3,25,25.7,25.5,24.8,24.7,25.3,25.7,25.7,24.4,26.1,25.5,24.3,24.2,25.2,88,83,84,89,89,87,82,77,84,90,88,79,87,82,89,89,90,91,80,82,86,83,87,87,88,85,87,88,82,83,87,89,93,81,83,81,92,89,92,83,0,0,0,0,0,0,0,0,0,0,0,0,0,0,0,0,0,0,0,0,0,0,0,0,0,0,0,0,0,0,0,0,0,0,0,0,0,0,0,0,3.1,2.9,1.1,3.5,3.5,3.4,1.5,2.5,1.9,3.8,4,1.5,3.4,2.2,5.2,5.2,4.1,3.6,4.7,3.7,2.8,1.6,4.9,3.4,4.1,1.6,3.2,3.6,3.1,2.4,3.9,3.4,3.6,2.9,3.3,1.5,5.2,3.8,3.7,2.2,,,,,,,,,,,,,,,,,,,,,,,,,,,,,,,,,,,,,,,,,26.2,26.1,26.4,26.4,26.3,26.5,26.5,26.1,26.5,26.4,25.8,26.4,26.5,26.2,26.3,26.3,26.3,25.9,26,26.4,26.3,25.9,26.2,26.4,25.9,26.3,26.5,26.2,26.1,26.2,26.5,73,76,70,64,75,77,79,71,72,79,74,68,68,79,77,77,71,70,64,74,72,72,73,77,79,76,74,66,67,77,77,0,0,0,0,0,0,0,0,0,0,0,0,0,0,0,0,0,0,0,0,0,0,0,0,0,0,0,0,0,0,0,14.6,19.9,12.7,9.7,16.9,12.8,20.9,13.1,13,19.3,19.4,8.7,11.3,16.9,16.9,22.2,8,15.2,8.6,13.3,13.7,18.6,11.9,15.3,17.8,17.6,19.6,9.2,11.5,17.4,20.6,16.6,23,14.8,11.5,19.8,14.8,24.8,14,14.4,22.7,21.2,9.4,12.6,19.1,19.1,25.9,8.6,16.6,8.3,14.8,14.8,20.5,13,17.6,20.5,20.5,23.4,10.4,12.6,20.2,24.8,,,,,,22.2204,114.2127
2026-10-11T01:00,25.2,25.6,25.1,24.3,24.1,25.2,25.2,25.5,25.1,25.8,24.7,25.9,25.1,25.4,24.8,24.8,24.9,24.2,26.5,26.6,24.7,25.5,25.8,25,24.3,24.2,25,25.7,25.5,24.8,24.7,25.3,25.6,25.7,24.4,25.9,25.5,24.3,24.2,25.1,88,82,84,90,90,86,82,79,85,90,89,82,88,83,90,90,91,92,80,81,85,84,87,87,89,84,86,88,83,84,88,90,93,82,84,82,92,89,93,83,0,0,0,0,0,0,0,0,0,0,0,0,0,0,0,0,0,0,0,0,0,0,0,0,0,0,0,0,0,0,0,0,0,0,0,0,0,0,0,0,3.9,3.3,1.5,3.7,3.7,3.7,1.8,2.2,2,3.9,4.2,1.9,3.6,2.9,5.7,5.8,4.7,4.1,4.7,4.7,3.5,1.8,5.9,3.6,4.7,2.2,3.6,4.3,3.4,2.8,4.3,3.6,4.3,3.6,3.4,1.3,5.8,4,3.9,2.3,,,,,,,,,,,,,,,,,,,,,,,,,,,,,,,,,,,,,,,,,26.1,26,26.4,26.3,26.3,26.4,26.4,26,26.5,26.3,25.7,26.3,26.4,26.1,26.3,26.3,26.3,25.8,25.6,26.3,26.2,25.9,26.1,26.4,25.9,26.2,26.4,26.1,26,26.2,26.3,73,77,70,66,76,78,80,72,72,80,75,69,69,80,77,78,72,70,65,75,72,73,74,77,79,78,75,68,67,77,78,0,0,0,0,0,0,0,0,0,0,0,0,0,0,0,0,0,0,0,0,0,0,0,0,0,0,0,0,0,0,0,14.6,20.8,12.6,10.5,17.6,13.2,22.6,13.7,12.8,19.6,21.4,9.8,11.2,18.6,19,22.1,10.1,15.8,9.5,13.6,13.5,17.9,12.8,15.5,18.7,17.7,20,10.1,11.4,17.7,21.6,16.6,23.8,14.4,12.2,20.2,15.1,26.6,14,14.4,22.7,23,10.8,12.2,20.5,20.9,25.2,10.4,17.3,9,14.8,14.8,20.2,13.3,18,20.9,20.5,23.4,11.5,12.6,20.9,24.8,,,,,,22.2204,114.2127
2026-10-11T02:00,25.2,25.6,25,24.3,24.1,25.2,25.1,25.3,25.1,25.9,24.7,25.7,25,25.1,24.8,24.8,24.9,24.2,26.5,26.7,24.7,25.4,25.8,25,24.3,24.2,25,25.6,25.5,24.8,24.7,25.3,25.5,25.7,24.4,25.8,25.5,24.4,24.2,25.1,88,82,84,91,91,86,83,80,85,90,89,83,89,84,90,90,92,92,80,81,85,85,87,87,90,84,86,87,83,84,89,90,93,82,85,83,92,89,93,83,0,0,0,0,0,0,0,0,0,0,0,0,0,0,0,0,0,0,0,0,0,0,0,0,0,0,0,0,0,0,0,0,0,0,0,0,0,0,0,0,4.3,3.6,1.6,3.9,4.4,4.1,2,2.4,2.4,4.2,4.7,2.4,3.8,3.6,5.8,6,4.8,4.3,5.1,5.2,3.8,1.9,6.4,4.1,4.8,2.9,4.1,4.7,3.7,3.1,4.5,4.1,4.7,3.8,3.5,1.5,6.3,4.2,4.2,2.5,,,,,,,,,,,,,,,,,,,,,,,,,,,,,,,,,,,,,,,,,26.1,25.9,26.3,26.3,26.2,26.3,26.3,25.8,26.4,26.2,25.6,26.2,26.3,25.9,26.2,26.2,26.2,25.7,25.3,26.2,26.1,25.8,26,26.3,25.8,26.1,26.3,26,25.9,26.2,26.2,74,78,71,67,77,79,81,73,73,80,76,70,70,80,77,78,73,71,67,76,72,74,75,78,79,80,76,69,68,77,79,0,0,0,0,0,0,0,0,0,0,0,0,0,0,0,0,0,0,0,0,0,0,0,0,0,0,0,0,0,0,0,15.3,21.7,13.1,11.6,18.8,13.6,23.9,14.8,13.7,19.9,23.1,11.2,11.6,19.9,20.9,22.1,12,16.7,10,14.5,14.1,18,14.2,16.2,19.1,18.3,20.9,11.5,12.1,18.5,22.2,16.9,24.8,14.4,13,21.2,15.5,27.7,15.1,15.1,23,25.2,12.6,12.2,22,22.7,24.5,12.2,18.4,9.7,15.5,15.1,20.2,14.4,18.7,21.6,20.9,24.1,13,13,21.6,25.2,,,,,,22.2204,114.2127
2026-10-11T03:00,25.2,25.6,24.9,24.3,24.1,25.2,25.1,25.3,25.1,25.8,24.7,25.6,25,25,24.8,24.8,24.9,24.2,26.5,26.7,24.6,25.3,25.7,25,24.3,24.2,24.9,25.5,25.5,24.8,24.6,25.2,25.4,25.7,24.4,25.6,25.4,24.4,24.2,25.1,88,82,85,91,91,86,84,81,85,90,89,84,89,83,90,90,92,92,80,81,85,85,87,87,90,84,86,86,83,85,89,90,92,82,85,84,91,89,93,83,0,0,0,0,0,0,0,0,0,0,0,0,0,0,0,0,0,0,0,0,0,0,0,0,0,0,0,0,0,0,0,0,0,0,0,0,0,0,0,0,4.6,3.8,1.8,3.8,4.9,4.3,2.5,2.3,2.7,4.3,4.8,2.6,3.8,4,6,6.2,5,4.6,5.1,5.7,3.7,2.2,6.7,4.4,5.2,3.3,4.4,4.8,4,3.1,4.7,4.1,4.8,4.1,3.7,1.6,6.8,4.4,4.4,2.8,,,,,,,,,,,,,,,,,,,,,,,,,,,,,,,,,,,,,,,,,25.9,25.7,26.1,26.2,26.1,26.2,26.1,25.6,26.3,26,25.5,26.1,26.1,25.8,26,26,26,25.7,25.2,26,26,25.6,25.8,26.2,25.7,26,26.1,25.9,25.8,26,26,75,79,72,69,78,80,82,75,75,81,77,72,71,81,78,79,74,72,68,77,73,76,76,79,79,81,78,71,70,77,80,0,0,0,0,0,0,0,0.1,0,0,0,0,0,0,0,0,0,0,0,0,0,0,0,0,0,0,0,0,0,0,0,17,23.5,14.5,12.6,20.5,14.8,24.6,16.5,15,20.8,25.2,12.7,13,21.5,22.5,21.9,14.1,18,10.8,16.1,15.2,19.2,16.4,17.2,19.7,19.2,22.6,13.3,13.6,19.7,22.9,18.4,26.6,15.5,13.3,23,16.6,28.4,17.3,16.6,24.1,27.4,14.4,13.3,23.8,25.2,23.8,14.4,19.4,10.8,16.9,16.6,21.2,16.6,19.8,22,21.6,25.9,14.8,14.4,22.7,26.3,,,,,,22.2204,114.2127
2026-10-11T04:00,25.2,25.6,24.8,24.3,24.1,25.1,25.1,25.3,25.2,25.8,24.7,25.6,24.9,24.9,24.8,24.9,25,24.2,26.5,26.6,24.6,25.4,25.7,25,24.4,24.3,24.9,25.4,25.5,24.7,24.6,25.1,25.4,25.7,24.5,25.5,25.4,24.4,24.3,25.2,88,82,86,91,91,87,84,81,85,90,88,84,90,80,89,89,90,91,80,81,86,85,87,87,90,84,87,84,84,86,88,91,90,82,86,84,90,88,92,84,0,0,0,0,0,0,0,0,0,0,0,0,0,0,0,0,0,0,0,0,0,0,0,0,0,0,0,0,0,0,0,0,0,0,0,0,0,0,0,0,4.6,3.6,1.8,3.6,5.6,4.6,3.1,2.5,2.7,4.6,5,2.8,3.6,4.7,6.3,6.4,5.2,4.8,4.6,6.5,3.7,2.5,6.5,4.7,5.9,3.3,4.5,5,4,2.9,4.6,4,5.4,4.6,3.6,1.8,7.5,4.6,4.8,2.9,,,,,,,,,,,,,,,,,,,,,,,,,,,,,,,,,,,,,,,,,25.7,25.5,25.9,26,25.9,26.1,25.9,25.3,26.2,25.8,25.4,25.9,26,25.6,25.8,25.8,25.7,25.6,25.1,25.9,25.9,25.3,25.6,26.1,25.6,25.9,25.8,25.8,25.7,25.9,25.7,77,80,74,71,79,80,82,77,77,81,78,74,72,81,78,79,76,73,69,78,74,79,78,80,79,81,80,73,72,78,81,0,0,0,0,0,0,0,0.1,0,0,0,0,0,0,0,0,0,0,0,0,0,0,0,0,0,0,0,0,0,0,0,18.7,25.2,16.3,13.3,22.5,16.6,25.1,18.6,17,22.2,26.8,14.3,14.5,22.9,23.9,21.3,16.7,19.5,12,17.7,17,20.6,18.6,18.9,20.8,20.6,25,15.2,15.6,20.8,23.9,20.5,28.8,17.3,13.7,24.8,17.6,28.8,20.2,18.4,25.9,29.9,16.2,15.1,25.2,27.7,22.7,16.6,20.9,12.2,18.7,18.4,23,19.1,21.2,22.7,23,28.1,16.6,16.6,24.1,27.4,,,,,,22.2204,114.2127
2026-10-11T05:00,25.3,25.6,24.8,24.4,24.2,25.1,25.2,25.3,25.3,25.7,24.7,25.6,24.9,24.9,24.9,24.9,25.1,24.3,26.5,26.6,24.6,25.5,25.7,25,24.5,24.3,24.9,25.3,25.6,24.7,24.6,25.1,25.4,25.7,24.6,25.5,25.3,24.4,24.4,25.3,88,83,86,90,90,87,85,82,84,90,86,84,90,76,87,87,89,89,80,82,87,84,87,87,90,85,89,82,84,86,86,91,88,82,85,85,88,87,91,84,0,0,0,0,0,0,0,0,0,0,0,0,0,0,0,0,0,0,0,0,0,0,0,0,0,0,0,0,0,0,0,0,0,0,0,0,0,0,0,0,4.6,3.7,1.8,3.6,6.6,4.6,3.3,2.9,3.1,4.9,5.4,3.1,3.7,5.1,6.7,6.6,5.4,5.1,4.2,7.3,3.7,2.5,6.5,5.2,6.6,3.3,4.8,5.4,4.2,3.1,4.8,4.2,5.7,5,3.8,1.8,8,4.8,5.1,3.1,,,,,,,,,,,,,,,,,,,,,,,,,,,,,,,,,,,,,,,,,25.6,25.3,25.7,25.9,25.7,26.1,25.8,25.1,26.1,25.7,25.3,25.8,25.9,25.5,25.7,25.6,25.6,25.5,25.1,25.8,25.8,25.2,25.5,26,25.5,25.8,25.6,25.7,25.6,25.7,25.6,78,80,75,72,79,80,82,79,78,81,78,76,73,81,78,79,77,74,69,79,75,80,79,80,78,81,81,74,73,78,81,0,0,0,0,0,0,0,0.1,0,0,0,0,0,0,0,0,0,0,0,0,0,0,0,0,0,0,0,0,0,0,0,20.3,26.6,17.3,13.4,23.7,17.7,25.3,20.8,18.5,23.2,28,16,15.7,23.7,24.7,20.8,18.6,20.4,13.2,18.8,18.5,21.9,20.3,19.9,21.1,21.4,26.5,16.3,17.3,21.9,24.2,22.3,30.2,18.4,13.7,26.3,18.7,29.2,22.7,19.8,26.6,31.3,17.6,16.2,26.3,29.2,21.6,18.4,22,13.7,20.2,20.2,24.1,21.2,22.3,22.7,23.8,29.5,17.6,18,24.8,27.7,,,,,,22.2204,114.2127
2026-10-11T06:00,25.4,25.7,24.8,24.5,24.3,25.1,25.4,25.5,25.5,25.7,24.8,25.7,25,25,25,25,25.2,24.5,26.5,26.6,24.7,25.7,25.7,25.1,24.7,24.5,24.9,25.2,25.7,24.8,24.7,25.1,25.4,25.8,24.7,25.5,25.4,24.5,24.6,25.4,88,83,87,89,89,87,85,81,82,90,84,83,89,72,86,86,86,87,80,82,87,83,86,87,89,84,89,80,84,87,84,91,85,81,85,85,86,86,89,84,0,0,0,0,0,0,0,0,0,0,0,0,0,0,0,0,0,0,0,0,0,0,0,0,0,0,0,0,0,0,0,0,0,0,0,0,0,0,0,0,4.6,3.7,1.8,3.4,7.4,4.8,4.1,3.2,3.1,5.3,5.4,3.4,3.5,5.4,6.9,6.6,5.9,5.4,3.7,7.9,3.3,2.9,6,5.2,7.1,3,4.8,5.6,4.2,3,4.8,4.4,5.9,5.3,3.9,2.2,8.5,5.4,5.4,3.1,,,,,,,,,,,,,,,,,,,,,,,,,,,,,,,,,,,,,,,,,25.5,25.2,25.6,25.9,25.6,26,25.8,25,25.9,25.6,25.2,25.7,25.8,25.4,25.7,25.6,25.6,25.4,25,25.7,25.7,25.1,25.5,25.9,25.4,25.7,25.6,25.7,25.5,25.6,25.5,78,79,75,71,78,80,81,79,79,81,78,77,73,81,77,78,77,75,70,79,76,80,79,80,77,81,80,74,74,78,81,0,0,0,0,0,0,0,0,0,0,0,0,0,0,0,0,0,0,0,0,0,0,0,0,0,0,0,0,0,0,0,20.9,27.2,17.8,13,23.5,18.1,25.3,22.8,19.3,23.3,28.2,17.1,16.1,23.5,24.4,19.8,19.4,20.8,14.4,18.8,20.1,22.2,20.9,20.3,20.9,21.8,26.6,16.1,18.1,22.2,23.5,23.4,31.3,18.7,13.3,26.3,19.1,29.2,25.2,20.5,26.3,31.7,18.7,16.6,25.9,28.8,20.5,19.8,22.3,14.8,20.2,22.3,24.5,22.3,22.7,22.3,24.1,29.5,17.3,18.7,25.2,27,,,,,,22.2204,114.2127
2026-10-11T07:00,25.6,25.9,25,24.7,24.5,25.3,25.7,25.7,25.8,25.9,25,25.9,25.2,25.3,25.2,25.1,25.5,24.7,26.6,26.7,24.8,26,25.8,25.3,25,24.7,25.1,25.2,25.9,24.9,24.9,25.2,25.6,26,24.9,25.6,25.5,24.7,24.9,25.6,87,82,86,87,87,87,84,81,81,88,82,82,88,68,83,83,84,85,79,81,87,81,85,86,87,84,89,78,83,86,82,90,82,79,84,84,84,84,87,83,0,0,0,0,0,0,0,0,0,0,0,0,0,0,0,0,0,0,0,0,0,0,0,0,0,0,0,0,0,0,0,0,0,0,0,0,0,0,0,0,4.6,3.9,1.8,3.2,7.9,5.1,4.7,3.5,2.9,5.6,5.9,3.7,3.5,5.5,7.4,6.9,6.4,5.4,3.5,8.7,3.1,2.9,6,5.4,7.9,3.1,5,5.7,4.4,3.1,5.1,4.4,6,6,3.9,2.2,9,5.6,5.6,3.1,,,,,,,,,,,,,,,,,,,,,,,,,,,,,,,,,,,,,,,,,25.4,25.2,25.6,25.8,25.6,25.9,25.7,25,25.8,25.5,25.2,25.6,25.7,25.3,25.8,25.6,25.6,25.3,25.1,25.7,25.6,25.1,25.5,25.8,25.3,25.5,25.6,25.7,25.4,25.6,25.6,78,78,74,69,77,79,79,79,79,80,77,78,72,80,76,76,76,75,70,78,76,79,79,80,77,81,79,74,74,77,79,0,0,0,0,0,0,0,0,0,0,0,0,0,0,0,0,0,0,0,0,0,0,0,0,0,0,0,0,0,0,0,21.6,27.1,17.5,12.6,22.7,17.8,25.3,25,19.9,22.4,28,17.8,16.1,22.5,23.7,18.7,19.3,20.9,15.3,17.7,21.8,22.2,21.1,20.6,20.3,22,25.9,15.5,18.4,22,22.9,23.8,31.7,18.7,12.6,25.6,19.1,29.2,27.4,21.2,24.8,31,19.4,16.2,24.8,27.4,19.4,20.5,22.7,15.8,19.8,24.1,24.5,22.7,22.3,22,24.1,29.2,16.2,18.7,25.2,25.6,,,,,,22.2204,114.2127
2026-10-11T08:00,25.9,26.2,25.3,25,24.8,25.5,26,26,26.1,26.2,25.3,26.2,25.4,25.6,25.5,25.4,25.8,25,26.8,26.9,25.1,26.3,26.1,25.6,25.3,25.1,25.3,25.5,26.1,25.3,25.2,25.5,25.9,26.2,25.3,25.9,25.7,25,25.2,25.9,85,81,85,85,85,85,83,79,79,86,79,80,86,65,81,81,81,82,78,80,85,79,83,84,85,82,88,75,82,85,79,88,79,77,82,82,81,82,84,82,0,0,0,0,0,0,0,0,0,0,0,0,0,0,0,0,0,0,0,0,0,0,0,0,0,0,0,0,0,0,0,0,0,0,0,0,0,0,0,0,4.6,3.8,1.4,3.4,8.5,5.1,5.3,3.7,3.3,6.1,6.1,3.9,3.7,5.7,7.7,7.2,6.7,5.9,3.4,9,2.9,3.1,5.9,5.9,8.2,3.1,5.2,5.8,4.6,3.2,5.4,4.5,6.2,6.5,4.1,2.2,9.3,5.9,5.9,3.2,,,,,,,,,,,,,,,,,,,,,,,,,,,,,,,,,,,,,,,,,25.5,25.3,25.7,26,25.7,26,25.8,25,25.8,25.6,25.3,25.7,25.8,25.4,26,25.8,25.8,25.3,25.2,25.8,25.6,25.2,25.6,25.8,25.4,25.6,25.8,25.8,25.4,25.7,25.8,77,76,72,67,75,78,77,78,78,78,76,77,71,79,74,74,75,74,70,76,76,77,78,79,75,80,77,73,73,76,78,0,0,0,0,0,0,0,0,0,0,0,0,0,0,0,0,0,0,0,0,0,0,0,0,0,0,0,0,0,0,0,21.3,26.7,17,12.1,21.9,17.2,25,26,19.5,21.6,26.7,18.3,15.8,21.7,22.4,17.7,18.8,20.6,15.6,17.1,23,21.7,20.8,20.5,19.7,21.7,25.1,15.1,18.1,21.7,21.6,23.8,31.3,18.4,12.2,24.8,18.4,28.8,28.4,20.9,23.8,29.5,19.8,16.2,23.8,25.2,18.4,20.5,22,16.2,19.4,25.6,23.8,22.3,22,20.9,23.4,28.1,15.5,18.4,24.8,23.8,,,,,,22.2204,114.2127
2026-10-11T09:00,26.3,26.6,25.9,25.6,25.3,26,26.5,26.5,26.7,26.8,25.8,26.7,25.9,26.2,26.1,25.9,26.3,25.6,27.3,27.4,25.7,26.9,26.6,26.2,25.9,25.7,25.8,26,26.6,25.9,25.7,26.1,26.4,26.6,25.8,26.5,26.2,25.6,25.8,26.4,82,78,82,82,81,82,80,76,76,82,76,77,83,62,78,78,78,78,76,77,81,76,79,81,81,79,85,72,79,82,75,84,76,73,79,78,77,79,80,79,0,0,0,0,0,0,0,0,0,0,0,0,0,0,0,0,0,0,0,0,0,0,0,0,0,0,0,0,0,0,0,0,0,0,0,0,0,0,0,0,5.2,4.2,1.3,3.8,8.9,5.5,5.8,4.1,3.9,6.5,6.7,4.3,4.3,6,7.9,7.6,7.1,6.6,3.8,9.3,3.1,3.6,6.1,6.6,8.5,3.6,5.6,6,5.2,3.8,6.2,4.5,6.3,7.1,4.3,2.3,9.4,6.1,6.2,3.3,,,,,,,,,,,,,,,,,,,,,,,,,,,,,,,,,,,,,,,,,25.8,25.5,26.1,26.4,26,26.3,26.1,25.2,26.1,25.9,25.6,25.9,26,25.7,26.3,26.1,26,25.6,25.5,26.2,25.7,25.5,25.9,26.1,25.7,25.9,26,26.1,25.7,26,26.1,74,74,70,63,73,75,74,77,76,75,74,75,69,77,72,72,73,72,68,73,75,74,76,77,72,77,75,70,71,74,76,0,0,0,0,0,0,0,0,0,0,0,0,0,0,0,0,0,0,0,0,0,0,0,0,0,0,0,0,0,0,0,20.4,26.1,16.2,11.8,21.1,16.2,24,25.7,18.5,20.7,24.5,18.4,15.6,20.6,20.8,16.9,17.8,19.2,14.7,16.9,23.6,20.8,20.1,20,18,20.6,24,14.3,16.6,20.9,20.1,22.3,29.9,17.3,12.2,23.8,16.9,27.7,27.7,19.4,22.7,26.6,19.8,16.2,22.3,22.7,17.3,19.4,20.2,15.1,19.4,25.6,22.7,21.2,20.9,19.1,22,26.6,15.1,16.9,23.8,21.6,,,,,,22.2204,114.2127
2026-10-11T10:00,27,27.3,26.8,26.4,26.1,26.8,27.2,27.2,27.4,27.7,26.5,27.5,26.7,27,26.8,26.6,27,26.3,27.9,28.1,26.6,27.7,27.4,26.9,26.7,26.6,26.5,26.8,27.3,26.8,26.5,27,27.1,27.2,26.6,27.4,26.9,26.4,26.6,27.1,78,74,77,77,76,77,76,71,72,75,71,72,78,59,73,73,73,73,72,73,76,71,74,76,76,75,80,68,75,76,71,78,71,68,75,73,73,74,75,75,0,0,0,0,0,0,0,0,0,0,0,0,0,0,0,0,0,0,0,0,0,0,0,0,0,0,0,0,0,0,0,0,0,0,0,0,0,0,0,0,6.2,5.2,2.2,4.7,9.3,6.2,6.8,4.8,4.8,7.1,7.7,4.9,5.8,6.4,8.3,8.2,8.2,7.4,5,9.5,4.2,4.7,6.9,7.3,9,4.3,6.5,6.6,5.8,5.3,6.9,5.4,6.9,8,4.8,3.5,9.8,7,7.2,3.7,,,,,,,,,,,,,,,,,,,,,,,,,,,,,,,,,,,,,,,,,26.3,25.9,26.5,27,26.5,26.8,26.5,25.5,26.5,26.3,25.9,26.3,26.5,26.2,26.7,26.4,26.4,26,25.9,26.6,26,25.9,26.3,26.4,26.2,26.3,26.3,26.6,26.2,26.4,26.5,71,72,66,59,70,72,71,75,73,72,71,72,67,74,69,69,71,69,65,70,74,71,74,74,69,73,72,67,68,71,73,0,0,0,0,0,0,0,0,0,0,0,0,0,0,0,0,0,0,0,0,0,0,0,0,0,0,0,0,0,0,0,19.2,25.3,15.1,11.4,20.3,14.7,22.7,24.5,16.7,19.5,21.6,18.1,15.3,19.3,18.4,16.3,16.6,17.4,13.1,16.7,23.5,19.6,19.2,18.8,16.1,19.1,22.4,13.7,14.8,20,18.7,20.5,28.1,15.8,12.2,22.7,15.5,26.3,26.3,17.3,21.2,22.7,19.4,16.2,20.9,19.4,16.6,17.6,17.6,13,19.8,24.8,21.2,19.8,19.4,16.9,19.8,24.5,14.8,15.1,22.3,19.1,,,,,,22.2204,114.2127
2026-10-11T11:00,27.7,28.1,27.9,27.4,26.9,27.6,28,27.9,28.2,28.8,27.3,28.3,27.5,27.9,27.7,27.4,27.7,27.2,28.6,28.9,27.6,28.6,28.2,27.8,27.6,27.6,27.3,27.7,28,27.9,27.3,27.9,27.9,27.9,27.5,28.4,27.8,27.4,27.5,27.9,74,70,71,72,70,71,71,66,68,68,66,67,72,56,69,68,68,68,68,68,70,65,68,71,70,70,74,64,70,71,66,71,67,63,70,67,68,69,69,71,0,0,0,0,0,0,0,0,0,0,0,0,0,0,0,0,0,0,0,0,0,0,0,0,0,0,0,0,0,0,0,0,0,0,0,0,0,0,0,0,7.3,6.8,3.6,6.3,9.7,6.9,7.7,5.7,6,7.7,8.8,6,7.6,6.6,8.7,9,9.4,8.9,6.5,9.8,5.4,6.5,7.6,8.7,9.7,5.5,7.6,7.9,7,7.2,8.4,6.9,8.1,9.4,5.9,5.2,10.2,7.6,8.3,4.8,,,,,,,,,,,,,,,,,,,,,,,,,,,,,,,,,,,,,,,,,26.7,26.1,26.9,27.5,26.8,27.2,26.8,25.7,26.9,26.7,26.2,26.7,26.8,26.6,27,26.8,26.7,26.3,26.3,27,26.2,26.3,26.6,26.7,26.7,26.6,26.6,27,26.6,26.8,26.9,68,70,64,56,67,69,68,73,70,69,69,69,65,71,67,67,69,66,63,67,72,68,72,71,66,70,70,64,65,68,71,0,0,0,0,0,0,0,0,0,0,0,0,0,0,0,0,0,0,0,0,0,0,0,0,0,0,0,0,0,0,0,18.1,24,13.9,10.9,19.3,13.4,21.4,23,15,18.7,18.5,17.4,14.7,18.7,16.3,15.5,15.1,15.5,11.5,16.5,22.8,18.5,17.9,17.7,14.7,17.4,20.8,12.7,13.2,18.7,17.2,18.7,25.9,15.1,12.6,21.6,14,24.8,24.1,15.1,20.2,19.4,19.1,15.8,19.8,17.3,15.8,15.8,15.8,11.2,19.8,23.8,19.8,18.4,18.4,15.5,18,22.7,14.8,13.7,20.9,17.3,,,,,,22.2204,114.2127
2026-10-11T12:00,28.3,28.8,28.9,28.2,27.6,28.4,28.7,28.6,29,29.8,28.1,29.1,28.3,28.8,28.5,28.1,28.4,27.9,29.3,29.6,28.5,29.4,29,28.6,28.4,28.5,28.1,28.6,28.7,28.8,28.1,28.9,28.7,28.5,28.2,29.3,28.5,28.2,28.3,28.7,69,66,66,67,65,66,66,61,64,62,62,62,67,54,64,63,64,63,64,64,64,60,62,65,65,65,68,60,65,65,61,64,63,57,66,61,63,65,64,67,0,0,0,0,0,0,0,0,0,0,0,0,0,0,0,0,0,0,0,0,0,0,0,0,0,0,0,0,0,0,0,0,0,0,0,0,0,0,0,0,8.7,8.3,5.2,7.6,10.1,7.9,8.4,6.8,7.3,8.3,10,6.8,9.6,7.3,9,9.5,10.3,9.8,8.1,9.7,6.6,8.1,8.4,9.9,10.4,6.8,8.8,8.8,8.3,9.2,9.6,8.8,9,10.4,7.2,7.2,10.5,8,9.1,6.1,,,,,,,,,,,,,,,,,,,,,,,,,,,,,,,,,,,,,,,,,26.9,26.2,27.2,27.7,27.1,27.5,27,25.8,27.2,26.9,26.6,26.9,27.1,26.9,27.3,27.1,27,26.6,26.7,27.2,26.3,26.6,26.9,27,27,26.8,26.6,27.2,26.9,27.1,27.1,66,69,62,55,65,67,66,72,68,67,67,68,64,69,65,65,67,64,61,66,71,66,70,69,64,68,69,62,63,66,69,0,0,0,0,0,0,0,0,0,0,0,0,0,0,0,0,0,0,0,0,0,0,0,0,0,0,0,0,0,0,0,16.7,22.4,13.2,10.9,18,12.3,20.1,21.3,12.9,17.7,15.7,16.5,14,18.9,14.7,14.8,14,13.9,10,16.5,21.9,17.4,16.6,16.9,13.7,16.1,19.7,12,12,17.4,16,17.6,24.1,15.1,13.3,20.2,13.3,23,22,13.7,19.1,16.9,18.4,15.5,19.8,16.2,15.5,14.8,14.8,10.4,20.2,22.7,18.7,16.9,17.6,14.8,16.9,21.6,14.8,12.6,19.4,16.2,,,,,,22.2204,114.2127
2026-10-11T13:00,28.8,29.3,29.7,28.9,28.2,28.9,29.2,29.2,29.6,30.5,28.7,29.7,28.9,29.5,29.1,28.7,28.9,28.5,29.8,30.2,29.1,30,29.6,29.2,29,29.2,28.6,29.3,29.2,29.6,28.7,29.6,29.3,29,28.8,30.1,29.1,28.9,28.9,29.2,66,63,62,63,61,62,63,57,61,57,58,58,63,53,61,60,61,59,61,60,60,57,58,62,61,61,64,58,62,61,57,59,61,54,63,56,60,62,60,64,0,0,0,0,0,0,0,0,0,0,0,0,0,0,0,0,0,0,0,0,0,0,0,0,0,0,0,0,0,0,0,0,0,0,0,0,0,0,0,0,10.1,9.5,6.4,9,10.4,8.6,9,7.3,8.3,8.7,10.9,7.8,11.3,7.9,9.6,10.1,11.3,10.9,9.5,9.6,7.6,9.5,9.2,10.7,10.9,7.9,10,10,9.4,10.9,10.6,10,10.2,10.8,8.3,8.6,10.7,8.6,10.1,7.2,,,,,,,,,,,,,,,,,,,,,,,,,,,,,,,,,,,,,,,,,27.1,26.2,27.5,27.8,27.3,27.7,27,25.8,27.5,27.1,26.9,27.1,27.4,27.1,27.5,27.3,27.2,26.8,27.1,27.2,26.4,26.9,27.2,27.2,27.3,27,26.6,27.4,27.2,27.3,27.3,66,68,61,56,63,65,65,70,66,66,65,67,63,68,64,63,65,62,59,65,69,64,67,67,62,66,68,61,61,65,68,0,0,0,0,0,0,0,0,0,0,0,0,0,0,0,0,0,0,0,0,0,0,0,0,0,0,0,0,0,0,0,15.8,20.7,13.1,11.8,17.1,11.7,18.8,19.2,10.8,17.2,12.9,15.4,12.9,19.5,13.6,14.6,12.9,12.8,8.5,17,20.4,16.5,14.8,16.1,13.5,15.3,19,11.7,10.7,16.3,15.3,16.6,22.3,15.8,14,19.1,13.3,20.9,19.4,12.6,18.4,14.8,17.3,14.8,20.5,15.8,15.8,13.7,14.4,9.7,20.2,21.2,17.6,15.8,16.9,14.8,16.2,20.5,14.8,11.5,17.6,15.8,,,,,,22.2204,114.2127
2026-10-11T14:00,29,29.5,30,29.1,28.4,29.2,29.4,29.4,29.8,30.8,28.9,29.9,29.2,29.8,29.3,28.9,29.1,28.7,30,30.4,29.4,30.2,29.9,29.4,29.3,29.5,28.8,29.6,29.4,29.9,29,29.9,29.5,29.1,29.1,30.4,29.4,29.2,29.1,29.4,65,62,60,62,59,60,61,55,60,55,57,57,61,54,60,59,60,58,60,59,58,55,56,60,59,60,62,57,60,59,56,57,60,52,61,54,59,61,59,62,0,0,0,0,0,0,0,0,0,0,0,0,0,0,0,0,0,0,0,0,0,0,0,0,0,0,0,0,0,0,0,0,0,0,0,0,0,0,0,0,10.4,10.2,6.8,9.7,10.2,9.1,9,7.5,8.6,8.7,11.3,8,12,8,9.3,10.5,11.6,11.2,10.1,9.4,8,10.2,9.4,11,10.9,8.3,10.2,10.6,9.7,11.6,10.9,10.6,10.7,11.2,8.7,9.4,10.6,8.4,10.4,7.6,,,,,,,,,,,,,,,,,,,,,,,,,,,,,,,,,,,,,,,,,27.3,26.3,27.7,27.9,27.5,27.9,27.1,25.9,27.6,27.2,27.2,27.2,27.6,27.2,27.7,27.5,27.4,27,27.3,27.3,26.5,27.1,27.4,27.4,27.5,27.1,26.6,27.5,27.4,27.5,27.5,65,67,61,57,62,64,65,69,64,66,63,67,62,68,63,62,64,61,58,65,68,63,65,65,60,65,67,60,60,64,67,0,0,0,0,0,0,0,0,0,0,0,0,0,0,0,0,0,0,0,0,0,0,0,0,0,0,0,0,0,0,0,15.2,19.6,13.6,12.8,16.5,11.5,18.1,17.2,9.9,17,10.8,15.1,12.7,20.5,13,14.7,12.1,12.2,7.6,17.7,18.9,16.1,13.9,15.4,13.6,14.9,18.6,12.7,10.1,15.5,14.8,16.2,20.9,16.6,15.1,18.4,13.3,19.8,17.3,11.5,18,13,16.6,14.4,21.2,15.5,16.2,13.3,14,9.7,20.2,19.8,16.9,15.1,16.6,14.8,15.8,20.2,15.5,11.2,16.6,15.5,,,,,,22.2204,114.2127
2026-10-11T15:00,28.7,29.2,29.9,28.9,28.2,29,29.3,29.2,29.6,30.6,28.7,29.7,29,29.6,29.1,28.7,28.9,28.5,29.9,30.2,29.2,30,29.7,29.2,29.1,29.2,28.6,29.4,29.2,29.6,28.8,29.7,29.3,28.9,28.9,30.2,29.2,29,28.9,29.2,66,63,61,63,60,61,61,56,61,57,58,59,62,57,61,61,62,59,61,60,60,56,58,61,60,61,63,59,61,60,57,58,62,53,62,55,61,63,60,62,0,0,0,0,0,0,0,0,0,0,0,0,0,0,0,0,0,0,0,0,0,0,0,0,0,0,0,0,0,0,0,0,0,0,0,0,0,0,0,0,10.1,9.9,6.8,9.7,9.8,8.4,8.6,7,8.3,8.1,10.5,8,11.6,7.4,8.8,10.1,11.2,10.8,9.7,8.9,7.6,9.8,9.3,10.6,10.5,8,9.8,10.2,9.4,11.2,10.5,10.2,10.3,10.8,8.4,9,10.2,7.9,10.1,7.3,,,,,,,,,,,,,,,,,,,,,,,,,,,,,,,,,,,,,,,,,27.3,26.5,27.8,28,27.6,28,27.1,26.1,27.6,27.3,27.2,27.3,27.7,27.3,27.8,27.6,27.5,27.1,27.3,27.3,26.5,27.3,27.5,27.5,27.7,27.2,26.8,27.7,27.4,27.5,27.6,65,66,61,58,62,63,65,67,63,66,62,66,61,68,62,62,63,60,58,65,67,62,64,64,59,64,66,60,59,64,66,0,0,0,0,0,0,0,0,0,0,0,0,0,0,0,0,0,0,0,0,0,0,0,0,0,0,0,0,0,0,0,15.1,18.5,14.9,13.1,16.5,11.6,18.5,15.3,9.5,17.6,9.4,14.8,12.2,21.3,12.6,15.1,11.5,12,7.3,17.6,17.4,15.8,13.7,14.9,13.5,14.8,18.7,14.1,9.8,15.1,14.4,16.6,19.8,17.6,15.8,18.7,13.7,20.2,15.5,11.2,18.4,11.2,16.6,14.4,22.3,15.1,16.9,13.3,14,10.1,19.8,18.4,16.9,15.1,16.6,15.1,15.8,20.2,16.9,11.5,16.6,15.1,,,,,,22.2204,114.2127
2026-10-11T16:00,28.1,28.7,29.3,28.3,27.6,28.4,28.8,28.7,29,29.9,28.2,29.1,28.5,29,28.5,28.1,28.4,27.9,29.4,29.6,28.6,29.5,29.1,28.7,28.5,28.6,28.1,28.9,28.7,29,28.3,29.1,28.8,28.4,28.3,29.6,28.7,28.4,28.3,28.7,69,67,63,67,64,65,63,59,65,62,61,63,66,62,65,64,65,63,64,63,65,59,62,64,64,65,66,62,63,64,60,62,65,57,64,58,64,67,64,64,0,0,0,0,0,0,0,0,0,0,0,0,0,0,0,0,0,0,0,0,0,0,0,0,0,0,0,0,0,0,0,0,0,0,0,0,0,0,0,0,9,9.2,6.2,8.6,8.7,7.4,7.6,6.2,7.2,7,9.4,7.2,10.5,6.5,8,9,10.1,9.4,9,8,6.8,9.1,8.4,9.8,9.4,7.1,8.7,9.1,8.7,10.1,9.4,9.1,9.1,9.7,7.3,8.3,9.1,6.9,8.6,6.6,,,,,,,,,,,,,,,,,,,,,,,,,,,,,,,,,,,,,,,,,27.3,26.8,27.9,28,27.8,28,27.1,26.3,27.6,27.4,27,27.3,27.8,27.3,27.8,27.5,27.5,27.1,27.2,27.3,26.6,27.4,27.5,27.6,27.7,27.3,26.9,27.9,27.4,27.5,27.6,64,65,61,58,63,63,66,66,63,66,62,66,61,69,62,62,63,60,58,66,65,62,63,63,59,64,66,60,59,65,66,0,0,0,0,0,0,0,0,0,0,0,0,0,0,0,0,0,0,0,0,0,0,0,0,0,0,0,0,0,0,0,15.5,17.6,16.2,13,17.3,11.4,19.9,13.4,9.3,18.7,8.8,14.8,12.1,22.7,12.8,16.3,11.4,12.5,7.6,17.6,16.2,15.6,14.1,14.4,13.5,14.8,19.1,15.9,10,14.9,14.1,17.3,19.1,18.7,16.6,19.8,14,20.9,13.7,10.8,19.4,10.1,16.6,14.4,23.8,15.1,18,13.7,14.8,10.8,19.1,16.9,17.3,15.8,16.6,16.2,16.6,20.2,18.7,12.2,16.9,15.5,,,,,,22.2204,114.2127
2026-10-11T17:00,27.4,27.9,28.6,27.5,26.9,27.6,28.1,28,28.2,29,27.5,28.3,27.7,28.2,27.8,27.4,27.7,27.2,28.8,28.9,27.7,28.8,28.3,27.9,27.7,27.7,27.3,28.2,28,28.1,27.6,28.3,28.1,27.8,27.6,28.8,28,27.5,27.5,28,72,72,67,71,69,70,66,64,69,69,65,68,70,68,70,69,70,68,68,66,71,63,67,69,69,69,71,67,67,70,64,68,70,62,68,62,69,73,70,67,0,0,0,0,0,0,0,0,0,0,0,0,0,0,0,0,0,0,0,0,0,0,0,0,0,0,0,0,0,0,0,0,0,0,0,0,0,0,0,0,7.9,7.7,5.2,7.6,7.2,6.2,6.2,5,6.2,5.8,7.6,6.1,9,5.4,7.2,7.9,8.6,7.9,7.6,7.6,5.9,7.6,7.6,8.6,7.9,6,7.2,7.6,7.6,8.3,8,7.2,7.6,8.3,6.3,6.8,8.3,6.1,7.2,5.6,,,,,,,,,,,,,,,,,,,,,,,,,,,,,,,,,,,,,,,,,27.2,27,27.8,28,27.8,28,27,26.4,27.5,27.4,26.9,27.3,27.8,27.2,27.7,27.5,27.4,27.1,27.1,27.2,26.6,27.4,27.5,27.7,27.7,27.3,27,27.9,27.3,27.5,27.6,65,65,63,60,64,63,67,65,63,67,62,66,62,70,63,63,63,61,58,67,65,63,64,63,59,64,66,62,59,66,66,0,0,0,0,0,0,0,0,0,0,0,0,0,0,0,0,0,0,0,0,0,0,0,0,0,0,0,0,0,0,0,16.3,17.8,17.7,13.3,18.4,11.9,20.9,12.6,9.2,19.8,8.9,14.9,12.7,23.8,13,17.3,12.3,13.6,8.9,17.3,16,15.9,14.9,14.4,13.8,15.5,20,17.7,10.8,15,14.2,18,19.4,20.2,17.6,20.9,14.8,22.3,13.3,10.4,20.5,9.4,16.9,15.1,25.2,15.5,19.4,14.8,15.5,11.9,18.4,16.2,18,16.9,16.6,16.9,17.6,21.2,20.9,13.3,17.3,15.8,,,,,,22.2204,114.2127
2026-10-11T18:00,26.6,27.1,27.7,26.6,26.1,26.8,27.4,27.2,27.4,27.9,26.7,27.5,26.9,27.3,26.9,26.6,26.9,26.4,28.2,28.1,26.8,28,27.5,27.1,26.9,26.8,26.5,27.5,27.3,27.1,26.9,27.5,27.4,27.1,26.7,27.9,27.2,26.6,26.6,27.3,76,76,71,76,74,75,70,69,74,77,69,74,75,75,75,75,76,73,72,70,78,68,73,73,75,74,76,73,71,75,69,74,75,67,72,66,75,79,75,71,0,0,0,0,0,0,0,0,0,0,0,0,0,0,0,0,0,0,0,0,0,0,0,0,0,0,0,0,0,0,0,0,0,0,0,0,0,0,0,0,6.1,6.2,4,6.5,6.1,5,4.7,4.1,5,4.8,6.1,5.4,7.2,4.7,6.6,6.8,6.8,6.5,6.1,6.8,5,5.8,6.5,7.2,6.5,4.6,5.8,6.1,6.2,6.8,6.1,5.4,6.1,6.8,4.9,5.4,7.2,5.2,5.8,4.6,,,,,,,,,,,,,,,,,,,,,,,,,,,,,,,,,,,,,,,,,27.1,26.9,27.7,27.9,27.7,27.9,26.9,26.4,27.5,27.3,26.8,27.2,27.7,26.9,27.5,27.4,27.3,27,27.1,27.1,26.6,27.3,27.4,27.6,27.6,27.1,27,27.8,27.2,27.4,27.4,67,67,66,64,66,64,69,66,63,69,63,68,64,72,65,65,65,63,58,68,66,65,66,64,60,66,67,66,61,67,68,0,0,0,0,0,0,0,0,0,0,0,0,0,0,0,0,0,0,0,0,0,0,0,0,0,0,0,0,0,0,0,17.4,19.9,19.1,15.1,19.4,12.8,22,13.7,8.2,20.9,9.8,15.3,14.1,24.5,13.9,18.7,14.1,15,10.8,17.4,16.5,16.9,16.4,14.8,14.4,17.3,21.3,19.5,12.8,15.3,15.3,18.7,22,21.2,19.8,22.3,15.1,23.8,14.4,9.4,22.3,10.1,17.3,16.9,26.6,15.8,21.2,16.6,16.9,13.3,18.4,16.9,19.1,18.4,16.9,17.6,19.4,23.4,23,15.1,16.9,16.9,,,,,,22.2204,114.2127
2026-10-11T19:00,25.9,26.4,27,25.9,25.4,26.1,26.8,26.6,26.6,27,26,26.7,26.2,26.5,26.2,25.9,26.2,25.6,27.6,27.4,26,27.2,26.8,26.4,26.1,25.9,25.8,26.8,26.6,26.3,26.2,26.7,26.7,26.4,26,27,26.5,25.8,25.9,26.6,80,81,75,81,79,80,73,73,78,83,74,79,80,80,80,80,80,78,75,74,84,73,79,78,80,79,81,77,75,81,74,80,79,72,75,71,80,84,80,74,0,0,0,0,0,0,0,0,0,0,0,0,0,0,0,0,0,0,0,0,0,0,0,0,0,0,0,0,0,0,0,0,0,0,0,0,0,0,0,0,5,4.7,3.1,5.4,5.1,3.8,3.8,3.2,3.9,4.2,4.7,4.5,5.8,4.1,6.2,5.8,5.8,5.1,5,6.1,4.5,4.7,5.9,6.2,5.1,4.1,4.4,4.7,5.1,5,4.7,4,4.7,5.4,3.9,4,6.1,4.7,4.4,3.5,,,,,,,,,,,,,,,,,,,,,,,,,,,,,,,,,,,,,,,,,27,26.7,27.4,27.7,27.5,27.8,26.6,26.3,27.4,27,26.7,27,27.5,26.6,27.3,27.3,27.1,26.9,27.1,27,26.5,27.2,27.2,27.4,27.4,26.8,26.9,27.5,27,27.4,27.2,70,70,70,68,69,67,71,67,63,72,64,71,68,75,69,68,68,65,59,70,69,68,69,66,63,69,68,70,64,68,70,0,0,0,0,0,0,0,0,0,0,0,0,0,0,0,0,0,0,0,0,0,0,0,0,0,0,0,0,0,0,0,18.5,23.1,20.2,17.7,20.9,13.9,23.1,15.9,7.3,22.3,10.9,16.1,16.5,24.9,15.1,20.2,16.9,16.8,13.4,17.8,17.2,18,18.5,15.3,15.1,20,23.4,21.6,15.7,15.5,17.1,19.8,25.2,22.7,22.3,24.1,15.5,25.6,16.6,7.9,24.8,11.2,18,19.1,28.4,16.9,23,19.1,19.1,15.5,18.4,18.7,20.5,20.5,16.9,18.7,21.6,26.3,25.6,17.3,16.6,18.7,,,,,,22.2204,114.2127
2026-10-11T20:00,25.4,25.9,26.4,25.3,24.9,25.6,26.3,26.1,26.1,26.4,25.5,26.2,25.8,26,25.7,25.4,25.7,25.1,27.2,26.9,25.4,26.7,26.2,25.9,25.6,25.3,25.3,26.3,26.1,25.7,25.7,26.2,26.2,26,25.5,26.5,26.1,25.3,25.3,26.1,83,84,78,84,83,83,75,76,81,88,77,82,83,84,83,83,84,82,78,77,88,76,83,81,84,82,84,81,78,84,77,84,83,76,78,74,83,88,84,76,0,0,0,0,0,0,0,0,0,0,0,0,0,0,0,0,0,0,0,0,0,0,0,0,0,0,0,0,0,0,0,0,0,0,0,0,0,0,0,0,4.3,4,2.3,4.7,4.4,3.1,3.1,2.8,3.3,3.6,3.7,4.2,5.1,3.8,5.6,5.1,4.7,4,4.3,5.8,4.1,3.7,5.2,5.5,4.3,3.5,3.8,4,4.3,4.3,4,3.3,4,4.7,3.2,3.3,5.8,4.2,3.7,2.9,,,,,,,,,,,,,,,,,,,,,,,,,,,,,,,,,,,,,,,,,26.8,26.5,27.2,27.6,27.3,27.7,26.5,26.2,27.4,26.8,26.6,26.9,27.4,26.4,27,27.2,26.9,26.8,27.1,26.9,26.5,27.1,27.1,27.2,27.2,26.6,26.8,27.3,26.9,27.3,27,72,72,74,72,71,69,73,69,64,75,66,73,71,77,72,70,71,68,61,72,71,71,72,69,65,71,70,74,67,70,73,0,0,0,0,0,0,0,0,0,0,0,0,0,0,0,0,0,0,0,0,0,0,0,0,0,0,0,0,0,0,0,19.5,25.6,21.2,19.1,22,14.8,23.9,18.1,6.5,23.1,12.1,16.8,18.1,25.4,15.7,20.9,19.1,18.4,15.8,17.8,17.9,19.1,19.9,16.1,16.2,22.1,24.8,23.1,17.7,15.8,18.5,20.9,28.4,23.8,24.1,25.6,16.2,27,18.7,7.2,26.3,12.6,18.4,20.9,29.9,17.3,24.1,21.2,20.9,18,18.4,19.8,21.6,22,17.6,19.4,23.8,28.4,27.4,19.1,16.6,20.2,,,,,,22.2204,114.2127
2026-10-11T21:00,25.1,25.6,26.1,25.1,24.6,25.3,26.1,25.8,25.8,26,25.2,25.9,25.6,25.7,25.4,25.1,25.4,24.8,27,26.7,25.1,26.4,25.9,25.6,25.3,25,25.1,26,25.8,25.4,25.5,25.9,26,25.7,25.2,26.1,25.9,24.9,25,25.9,85,86,80,86,85,85,77,78,82,90,80,84,85,86,85,85,86,85,80,79,90,78,86,83,87,84,86,84,80,86,80,86,86,78,80,76,85,90,86,77,0,0,0,0,0,0,0,0,0,0,0,0,0,0,0,0,0,0,0,0,0,0,0,0,0,0,0,0,0,0,0,0,0,0,0,0,0,0,0,0,4,3.6,1.8,4.7,4.4,2.5,2.7,2.3,2.8,3.1,3.3,3.9,5.1,3.3,5.3,5.1,4.3,3.6,4.3,5.8,4.1,3.4,4.8,5.2,4,3.1,3.5,3.6,4,4.3,3.6,3.3,4,4.4,2.7,2.9,5.8,3.9,3.3,2.6,,,,,,,,,,,,,,,,,,,,,,,,,,,,,,,,,,,,,,,,,26.7,26.4,27,27.5,27.1,27.5,26.4,26.1,27.2,26.7,26.4,26.7,27.2,26.4,26.8,27.1,26.8,26.7,26.9,26.8,26.4,26.9,26.9,27,26.9,26.4,26.8,27.1,26.7,27.1,26.8,74,74,76,75,73,72,75,71,66,76,69,75,74,77,75,72,73,71,65,74,73,74,74,72,68,73,71,76,70,72,75,0,0,0,0,0,0,0,0,0,0,0,0,0,0,0,0,0,0,0,0,0,0,0,0,0,0,0,0,0,0,0,19.8,26.8,21.3,19.2,22.3,15.7,23.5,19.5,6.9,22.8,13.1,17.1,19.1,25.8,15.7,20.2,20.6,19.8,18.9,17.4,17.4,19.4,20.2,16.7,17.3,23.4,25.2,23.9,18.8,16.2,19.5,22,30.6,24.5,24.8,26.6,17.6,27.4,20.9,7.9,26.6,13.7,19.1,22.3,30.6,17.3,23.8,23.4,22.3,21.2,18.4,19.8,22.3,23,18.7,20.2,26.3,29.5,28.8,20.5,17.3,21.6,,,,,,22.2204,114.2127
2026-10-11T22:00,25,25.4,25.8,24.9,24.4,25.1,25.9,25.6,25.6,25.7,25,25.7,25.5,25.5,25.2,25,25.3,24.5,26.9,26.6,25,26.2,25.7,25.5,25.1,24.8,25,25.8,25.6,25.3,25.3,25.7,25.8,25.5,24.9,25.9,25.8,24.7,24.9,25.7,87,87,81,87,87,86,78,79,82,91,82,85,86,87,87,87,88,87,81,81,90,80,88,84,89,85,87,86,82,87,82,88,88,80,81,78,86,91,88,79,0,0,0,0,0,0,0,0,0,0,0,0,0,0,0,0,0,0,0,0,0,0,0,0,0,0,0,0,0,0,0,0,0,0,0,0,0,0,0,0,4.3,3.2,1.5,5.1,4.3,2.3,2.6,2.1,2.3,2.1,3.6,3.9,5.1,2.5,5,5.1,4,3.3,4.7,5.8,3.9,3.2,4.3,5.2,3.6,2.6,3.5,3.6,4,4.3,4,3.3,4,4,2.7,2.5,6.2,3.2,3.7,2.4,,,,,,,,,,,,,,,,,,,,,,,,,,,,,,,,,,,,,,,,,26.5,26.4,26.8,27.3,26.9,27.2,26.4,25.9,27,26.7,26.2,26.5,27,26.5,26.6,26.9,26.7,26.5,26.6,26.7,26.3,26.8,26.8,26.8,26.5,26.3,26.7,27,26.5,26.8,26.6,76,75,78,77,75,75,76,72,68,77,72,76,76,77,77,74,75,74,70,75,74,77,76,75,71,74,73,78,73,74,78,0,0,0,0,0,0,0,0,0,0,0,0,0,0,0,0,0,0,0,0,0,0,0,0,0,0,0,0,0,0,0,19.8,27.2,21.3,18.5,22.4,16.6,22.9,20.5,8,22.1,14.2,17.3,19.9,25.8,15.2,19.2,21.6,20.5,22,17,16.9,19.5,20.2,17.3,18.7,24.9,25.2,24.6,19.4,17.4,20.2,22.7,32.4,25.2,24.8,27,19.1,27.7,23,9,26.3,14.8,19.4,23.4,31,16.9,22.7,25.6,23.8,24.8,18.7,19.8,23,23.4,19.8,20.9,29.2,29.9,29.9,22,18.7,23,,,,,,22.2204,114.2127
2026-10-11T23:00,25,25.3,25.6,24.9,24.3,25,25.7,25.5,25.5,25.6,24.9,25.6,25.5,25.3,25.1,25,25.1,24.4,26.9,26.5,24.9,26.1,25.6,25.4,25,24.7,24.9,25.7,25.5,25.2,25.2,25.6,25.7,25.3,24.8,25.7,25.9,24.6,24.8,25.6,88,88,82,88,88,86,79,79,82,92,84,85,87,86,88,88,89,89,82,82,90,82,89,85,90,85,88,87,84,87,84,89,89,81,82,80,86,92,89,80,0,0,0,0,0,0,0,0,0,0,0,0,0,0,0,0,0,0,0,0,0,0,0,0,0,0,0,0,0,0,0,0,0,0,0,0,0,0,0,0,4.7,3.2,1.3,5.4,4.7,2.5,2.5,1.8,2.1,1.1,4,4.1,5.8,1.9,4.5,5.4,4,3.4,5.5,6.1,3.9,3.4,4,5.1,3.3,1.6,3.7,4,4,5.1,4.3,4,4.4,4,2.5,2.5,6.9,3,4,2.7,,,,,,,,,,,,,,,,,,,,,,,,,,,,,,,,,,,,,,,,,26.4,26.3,26.7,27.2,26.8,27,26.4,25.8,26.8,26.6,26.1,26.3,26.9,26.4,26.4,26.7,26.7,26.3,26.4,26.6,26.2,26.6,26.7,26.6,26.2,26.2,26.6,26.9,26.4,26.6,26.4,77,76,79,78,77,77,77,74,70,78,74,77,78,77,79,76,76,76,74,77,75,79,78,78,74,75,74,79,76,76,79,0,0,0,0,0,0,0,0,0,0,0,0,0,0,0,0,0,0,0,0,0,0,0,0,0,0,0,0,0,0,0,19.9,27.7,21.4,18.6,22.1,17.6,22.6,21.3,9.4,21.5,15.1,17.3,20.4,26.6,15.5,18.7,23,21.3,24.5,16.6,16.6,19.6,20,18.4,20.2,26.1,25.2,24.7,20.7,18,21,23.4,33.8,25.9,25.2,27.4,20.5,27.7,24.5,10.1,25.9,15.5,19.8,24.5,31.7,17.3,22.3,27.4,24.8,27.7,19.1,19.4,23.8,23.8,21.2,22.3,31.3,30.2,30.6,23.4,19.8,24.5,,,,,,22.2204,114.2127
2026-10-12T00:00,25.1,25.3,25.5,24.9,24.2,24.9,25.7,25.4,25.4,25.5,24.8,25.6,25.5,25.3,25.1,25.1,25.1,24.3,26.9,26.5,24.9,26,25.5,25.5,24.9,24.7,25,25.6,25.4,25.3,25.2,25.6,25.7,25.3,24.7,25.7,26,24.5,24.8,25.6,89,89,82,88,89,86,81,79,81,91,86,85,87,86,89,89,90,91,82,83,89,83,90,86,91,85,88,89,86,87,86,90,91,82,83,81,86,92,90,80,0,0,0,0,0,0,0,0,0,0,0,0,0,0,0,0,0,0,0,0,0,0,0,0,0,0,0,0,0,0,0,0,0,0,0,0,0,0,0,0,5.1,3.3,1.1,5.9,5.1,3.1,2.5,2.3,2.2,0.5,4.4,4,6.5,1.8,4.3,5.8,4,3.4,6.3,6.2,3.7,3.6,4,5.1,3.7,1.3,3.5,4.5,4.3,5.4,4.7,4.3,5.2,4,2.9,2.5,7.3,2.9,4.3,2.6,,,,,,,,,,,,,,,,,,,,,,,,,,,,,,,,,,,,,,,,,26.3,26.1,26.5,27.1,26.7,26.8,26.3,25.6,26.7,26.5,25.9,26.2,26.8,26.2,26.3,26.5,26.6,26.2,26.1,26.5,26.1,26.5,26.6,26.4,26,26.1,26.5,26.9,26.2,26.5,26.3,78,77,80,79,78,78,78,75,72,79,75,78,79,78,80,78,78,77,77,78,76,80,79,79,75,76,76,80,78,77,79,0,0,0,0.1,0,0,0,0,0,0,0,0,0,0,0.1,0,0,0,0.1,0.1,0,0,0,0,0,0,0,0,0,0,0,20.3,28.7,22.1,20.3,22,18.1,22.7,22,10,21.7,15.9,17,20.8,27.7,16.5,19.6,23.9,21.4,25.9,16.9,17,20.1,19.7,19.5,21.6,27,25.7,24.9,22.1,18,21.8,23.8,35.3,26.6,27,27,21.2,28.1,25.2,10.4,25.9,16.2,19.4,24.8,33.1,18.7,23,28.8,25.2,29.5,19.4,19.4,24.1,23.4,22.7,24.5,32.4,30.6,30.6,25.6,20.5,25.6,,,,,,22.2204,114.2127
2026-10-12T01:00,25.1,25.3,25.4,25,24.1,24.9,25.6,25.4,25.4,25.5,24.8,25.6,25.6,25.3,25.1,25.1,25.1,24.2,26.9,26.6,24.9,26,25.5,25.5,24.9,24.7,25,25.6,25.3,25.3,25.2,25.6,25.7,25.2,24.6,25.6,26.1,24.5,24.8,25.6,90,89,83,88,89,86,81,80,80,91,87,84,87,85,90,89,91,92,82,84,89,84,91,87,92,85,88,90,87,87,87,90,92,82,84,82,86,92,91,81,0,0,0,0,0,0,0,0,0,0,0,0,0,0,0,0,0,0,0,0,0,0,0,0,0,0,0,0,0,0,0,0,0,0,0,0,0,0,0,0,5.4,3.6,1.1,6.2,5.5,3.7,3,2.6,2.2,0.8,4.8,4.3,6.9,2,4.5,6.2,4.3,3.9,6.7,6.7,4,4.1,4.3,5.4,3.8,1.1,3.9,4.9,4.3,6.1,5.1,5.1,6,4.1,2.9,2.5,8.2,3,4.7,2.9,,,,,,,,,,,,,,,,,,,,,,,,,,,,,,,,,,,,,,,,,26.3,26,26.4,27,26.6,26.7,26.2,25.5,26.6,26.4,25.8,26.2,26.7,25.8,26.2,26.4,26.5,26.1,25.9,26.4,26,26.5,26.5,26.3,26,26,26.3,26.9,26.1,26.5,26.2,78,79,81,79,79,79,79,76,74,80,76,78,80,79,80,79,79,78,79,79,77,81,80,80,76,78,78,80,79,77,78,0,0,0,0.1,0,0,0,0,0,0,0,0,0,0,0.1,0,0,0,0.1,0.1,0,0,0,0,0,0,0,0,0,0,0,20.8,30.1,23.3,23.2,21.7,18.1,23.4,22.4,10.1,22.1,16,16.4,20.9,29.6,17.9,20.9,24.8,21.1,26.7,17.7,17.4,20.6,19.1,20.7,23.6,27.5,26.2,24.6,23.5,18.1,22.7,24.1,36.4,27,29.2,26.3,21.6,28.4,25.2,10.8,26.3,16.9,18.7,24.8,34.6,20.5,24.1,29.5,25.2,30.6,20.2,19.4,24.8,22.7,24.5,27,32.8,31,29.9,27.7,20.9,26.6,,,,,,22.2204,114.2127
2026-10-12T02:00,25.2,25.3,25.4,25,24.1,24.9,25.6,25.3,25.4,25.4,24.8,25.6,25.6,25.2,25.1,25.1,25.1,24.2,26.9,26.6,25,26,25.4,25.5,24.9,24.7,25,25.6,25.3,25.4,25.2,25.6,25.7,25.2,24.6,25.6,26.1,24.5,24.8,25.6,90,89,83,88,89,86,82,80,80,91,88,84,87,85,90,89,91,92,82,84,88,85,91,87,92,85,88,90,88,87,88,90,92,83,84,83,86,92,91,81,0,0,0,0,0,0,0,0,0,0,0,0,0,0,0,0,0,0,0,0,0,0,0,0,0,0,0,0,0,0,0,0,0,0,0,0,0,0,0,0,5.9,4,1.1,6.3,5.9,4.4,3.1,3.1,2.3,1.5,5.2,4.3,7.3,2.6,4.7,6.6,4.4,4,7.2,6.8,4.3,4.3,4.8,5.4,4.2,1.3,3.8,5.4,4.7,6.1,5.1,5.5,6.6,4.1,3.3,2.6,8.7,3.2,5.1,2.9,,,,,,,,,,,,,,,,,,,,,,,,,,,,,,,,,,,,,,,,,26.2,25.8,26.3,26.9,26.5,26.5,26.1,25.4,26.5,26.3,25.7,26.1,26.7,25.5,26.2,26.2,26.3,26,25.7,26.4,25.9,26.4,26.4,26.2,25.9,25.9,26.2,26.8,26,26.4,26.1,79,80,81,80,80,80,80,77,75,81,77,79,80,80,80,80,80,79,80,80,78,81,80,80,76,79,79,80,79,77,78,0,0,0,0.1,0,0,0,0,0,0,0,0,0,0,0.1,0,0,0,0.1,0.1,0,0,0,0,0,0,0,0,0,0,0,21.3,31.2,24,25.2,22,18.9,23.8,22.9,10.4,22.4,16.5,16.6,21.1,30.8,19.5,22.5,25.8,21.2,26.8,18.5,17.9,21.2,19.4,22,24.9,28.1,26.8,24.5,24.9,18.2,23.2,24.8,37.1,27.7,30.6,25.9,22.3,28.8,25.6,11.2,26.6,17.6,18.7,25.2,36,22.3,25.6,30.6,25.2,31.3,21.2,19.8,25.2,22.7,26.3,29.2,33.5,31.3,29.9,29.5,21.2,27.4,,,,,,22.2204,114.2127
2026-10-12T03:00,25.2,25.3,25.3,24.9,24.1,24.9,25.6,25.3,25.4,25.4,24.8,25.5,25.6,25.2,25,25.1,25.1,24.2,26.8,26.5,25,25.9,25.4,25.4,25,24.7,25,25.5,25.2,25.4,25.1,25.6,25.6,25.1,24.6,25.6,26,24.5,24.8,25.6,90,89,84,88,88,86,83,81,80,92,88,84,87,85,91,89,91,92,82,84,88,85,91,87,92,86,88,90,88,87,89,90,92,84,84,83,86,92,91,81,0,0,0,0,0,0,0,0,0,0,0,0,0,0,0,0,0,0,0,0,0,0,0,0,0,0,0,0,0,0,0,0,0,0,0,0,0,0,0,0,6,4.8,1.3,6,6,4.6,3.2,3.1,2.4,1.8,5.4,4.3,7.4,2.7,5,6.6,4.6,4.2,7,7,4.5,4.3,5.1,5.6,5,1.5,3.6,5.8,4.8,5.8,5.2,5.6,7.2,4.2,3.4,2.7,8.9,3.6,5.2,2.9,,,,,,,,,,,,,,,,,,,,,,,,,,,,,,,,,,,,,,,,,26.1,25.5,26.1,26.7,26.3,26.3,25.9,25.2,26.4,26.1,25.5,25.9,26.5,25.3,26.1,25.9,26.1,25.9,25.6,26.3,25.8,26.2,26.3,26.1,25.7,25.7,26,26.6,25.8,26.3,25.9,80,81,82,81,81,81,81,78,76,82,78,80,81,80,80,81,80,80,81,81,79,82,81,81,76,80,80,81,79,78,79,0.1,0,0.1,0.1,0,0.1,0,0,0,0,0,0,0.1,0,0,0,0.1,0,0,0.2,0,0,0.1,0.1,0,0,0,0,0,0,0,22.3,32,24.9,25.7,23,20.5,24.6,24.1,11.2,22.8,17.4,17.6,22.4,31.4,21,24.1,27.2,21.8,26.8,19.8,18.4,22.4,20.6,23.4,26.1,29.2,27.2,25.4,26.2,18.7,23.7,25.9,38.2,28.4,30.6,27,24.1,29.5,27,11.9,27,18,19.8,26.6,36.7,23.4,27.4,31.7,25.6,31,22.7,20.5,25.9,23.4,28.1,31,34.9,31.7,30.6,31.3,22,28.1,,,,,,22.2204,114.2127
2026-10-12T04:00,25.1,25.4,25.3,24.8,24.1,24.9,25.6,25.2,25.4,25.4,24.8,25.5,25.5,25.1,25,25,25.1,24.3,26.7,26.4,25,25.9,25.4,25.4,25.1,24.6,25,25.5,25.2,25.4,25.1,25.6,25.6,25.1,24.6,25.6,25.8,24.5,24.8,25.6,89,89,85,87,87,87,83,82,81,92,87,84,87,86,91,89,92,90,81,84,88,85,89,88,91,86,88,90,88,86,89,89,91,85,85,83,87,92,91,82,0,0,0,0,0,0,0,0,0,0,0,0,0,0,0,0,0,0,0,0,0,0,0,0,0,0,0,0,0,0,0,0,0,0,0,0,0,0,0,0,6.3,5.6,1.8,5.5,6.6,4.6,3.1,3.1,2.6,1.9,5.2,4.8,7.4,3.4,5.6,6.8,4.8,4.4,6.8,6.8,5,4.3,5.1,6.2,5.8,1.9,3.7,6.4,5.4,5.2,5.2,6.2,8.2,4.7,3.9,2.9,9.4,4.3,5.4,2.7,,,,,,,,,,,,,,,,,,,,,,,,,,,,,,,,,,,,,,,,,25.9,25.2,26,26.5,26.1,26.1,25.6,25,26.3,25.9,25.4,25.7,26.4,25.1,26,25.6,25.9,25.7,25.5,26.2,25.6,26.1,26.2,26,25.6,25.5,25.8,26.3,25.6,26.2,25.6,81,81,82,82,82,83,82,79,77,82,79,82,82,80,80,81,81,80,81,82,79,82,81,81,76,80,81,81,78,79,80,0.1,0,0.1,0.1,0,0.1,0,0,0,0,0,0,0.1,0,0,0,0.1,0,0,0.2,0,0,0.1,0.1,0,0,0,0,0,0,0,23.3,32.4,25.6,25.4,24.7,23,25.7,25.5,12,23.2,18.3,19.2,24,32,22.1,25.5,28.7,22.7,26.1,21.2,19.2,23.7,22.1,25.2,27.4,29.9,27.8,26.3,27.4,19.7,23.9,27,38.9,29.5,29.9,28.8,26.6,30.2,28.4,13,27,18.7,21.2,28.4,37.1,24.5,29.5,33.1,25.9,30.2,24.5,21.2,27,24.8,29.5,32.8,37.1,32.4,32,32.8,22.7,28.4,,,,,,22.2204,114.2127
2026-10-12T05:00,25.1,25.5,25.4,24.8,24.1,25,25.6,25.2,25.4,25.4,24.8,25.4,25.4,25.1,25,24.9,25.2,24.4,26.6,26.4,25,25.9,25.4,25.3,25.2,24.5,25,25.5,25.3,25.4,25.1,25.6,25.5,25.2,24.6,25.6,25.6,24.5,24.8,25.7,88,89,85,87,85,88,83,84,82,93,86,84,87,86,91,88,92,89,80,84,87,84,88,88,89,87,89,89,87,86,89,88,90,86,85,83,87,92,91,82,0,0,0,0,0,0,0,0,0,0,0,0,0,0,0,0,0,0,0,0,0,0,0,0,0,0,0,0,0,0,0,0,0,0,0,0,0,0,0,0,6.6,6.7,2,4.9,6.9,4.6,3.3,3.2,2.8,2.2,5.3,5,7.6,3.7,6.1,6.9,5.7,4.6,6.3,6.4,5.3,4.3,5.1,6.8,7,2.2,4.5,6.9,6,4.8,5.2,6.4,9.2,5,4,2.8,9.5,4.8,5.5,2.8,,,,,,,,,,,,,,,,,,,,,,,,,,,,,,,,,,,,,,,,,25.8,25.1,25.9,26.4,25.9,26,25.5,24.9,26.2,25.8,25.3,25.6,26.3,25,25.9,25.5,25.8,25.7,25.5,26.1,25.5,26,26.1,25.9,25.5,25.3,25.7,26.1,25.5,26.1,25.4,81,81,82,82,82,83,82,80,78,82,79,82,82,79,80,81,80,80,80,82,79,82,81,81,76,80,81,81,77,80,81,0.1,0,0.1,0.1,0,0.1,0,0,0,0,0,0,0.1,0,0,0,0.1,0,0,0.2,0,0,0.1,0.1,0,0,0,0,0,0,0,24.5,32.3,25.9,24.8,25.7,24.6,26.7,26.2,12.9,23.5,18.8,20.6,25.3,32.1,22.4,26.4,29.7,23.1,25.5,22.8,19.8,24.6,23.3,26.3,28.1,31,28.1,27,27.9,20.8,24,27.7,38.9,29.9,28.8,29.9,28.4,31,29.5,14,27.4,19.1,23,29.5,37.4,24.5,31,33.8,26.3,29.2,25.9,22,27.7,25.9,30.6,33.5,38.5,32.8,32.8,33.5,23.4,28.8,,,,,,22.2204,114.2127
2026-10-12T06:00,25.1,25.7,25.5,24.7,24.2,25.1,25.7,25.2,25.5,25.4,24.9,25.5,25.4,25.1,25.1,24.9,25.3,24.5,26.5,26.4,25.1,26,25.5,25.3,25.4,24.6,25,25.5,25.3,25.5,25.1,25.6,25.5,25.2,24.7,25.7,25.5,24.6,24.9,25.9,87,88,86,85,83,88,83,85,83,93,85,83,87,86,91,87,91,86,78,83,87,83,86,88,88,87,88,88,86,85,88,87,89,86,84,82,87,91,90,81,0,0,0,0,0,0,0,0,0,0,0,0,0,0,0,0,0,0,0,0,0,0,0,0,0,0,0,0,0,0,0,0,0,0,0,0,0,0,0,0,7,7.5,2.5,4.6,7.1,4.4,3.3,3.1,3.1,2.2,5,5.2,7.9,3.6,6.9,7.1,6.1,4.8,5.9,6.4,6,4.6,5.1,7.3,8.1,2.5,5.1,7.4,6.3,4.8,5.6,6.8,10.2,5.5,4.5,3.1,9.7,5.6,6.1,3.1,,,,,,,,,,,,,,,,,,,,,,,,,,,,,,,,,,,,,,,,,25.7,25.1,25.8,26.3,25.9,26,25.5,24.8,26.1,25.7,25.3,25.5,26.2,24.9,25.8,25.5,25.7,25.6,25.5,26,25.5,25.9,26,25.9,25.5,25.2,25.7,26,25.5,26.1,25.4,80,79,81,82,81,82,80,80,79,81,79,81,82,78,80,80,79,79,79,82,78,82,81,80,76,79,80,80,76,80,80,0,0,0,0,0,0,0,0,0,0,0,0,0,0,0,0,0,0,0,0.1,0,0,0,0,0,0,0,0,0,0,0,24.9,31.8,25.5,23.9,26,25.3,27.4,26,14.1,23.5,19,21.9,25.5,32.2,21.4,26.3,29.4,23,24.5,23.7,20.6,25,23.8,27.3,28.3,31.8,28,26.6,27.7,21.8,23.8,28.1,38.2,29.5,27.7,30.2,29.2,32,29.5,14.8,27.7,19.8,24.8,29.9,37.8,23.8,31,34.2,26.3,28.1,26.6,23,28.1,26.3,31.3,33.5,39.6,32.8,32.4,33.5,24.5,28.8,,,,,,22.2204,114.2127
2026-10-12T07:00,25.3,25.9,25.7,24.8,24.3,25.3,25.9,25.4,25.7,25.6,25.1,25.6,25.5,25.3,25.3,25,25.5,24.8,26.5,26.4,25.3,26.2,25.6,25.4,25.6,24.8,25.1,25.6,25.5,25.6,25.3,25.8,25.7,25.4,24.9,25.9,25.5,24.8,25.1,26.1,86,87,85,84,81,88,82,85,83,93,82,82,86,86,90,85,90,84,77,81,85,82,84,87,86,87,88,86,85,83,87,85,87,85,84,81,86,90,89,80,0,0,0,0,0,0,0,0,0,0,0,0,0,0,0,0,0,0,0,0,0,0,0,0,0,0,0,0,0,0,0,0,0,0,0,0,0,0,0,0,7.7,8.7,3.1,4.1,7.3,4.4,3.6,3,3.1,2.7,5.2,5.6,8.4,3.6,7.4,7.2,6.6,5.4,5.6,6.1,6.2,4.9,5.4,7.8,9.2,2.9,6.1,8.2,7,4.8,5.9,7,10.9,6,4.8,3.3,10.1,6.1,6.4,3.6,,,,,,,,,,,,,,,,,,,,,,,,,,,,,,,,,,,,,,,,,25.7,25.2,25.9,26.3,25.9,26.1,25.6,24.9,26.1,25.7,25.2,25.6,26.1,25,25.7,25.5,25.7,25.6,25.5,26,25.4,25.8,25.9,25.9,25.5,25.2,25.7,26.1,25.6,26,25.6,79,77,79,81,80,81,77,79,79,81,79,78,81,76,79,77,77,78,78,81,77,81,80,79,75,78,78,78,74,80,79,0,0,0,0,0,0,0,0,0,0,0,0,0,0,0,0,0,0,0,0.1,0,0,0,0,0,0,0,0,0,0,0,24.8,30.3,24.4,23.1,26.1,24.8,28.3,25.5,15,23.5,19.3,23.1,25.4,32.1,20.3,26,28.4,22.7,23.5,24.6,21.9,25,23.7,27.7,27.7,32.6,27.9,25.3,27.2,22.7,23.3,28.1,36.7,28.4,26.6,29.9,28.8,33.5,28.8,15.8,28.1,20.5,27,29.9,37.8,22.3,29.9,34.2,26.3,26.6,27.4,24.1,28.1,26.6,31.7,32.8,40.3,32.8,31.3,32.8,25.2,28.1,,,,,,22.2204,114.2127
2026-10-12T08:00,25.5,26.2,26.1,25.1,24.6,25.6,26.2,25.7,26,26,25.4,25.8,25.7,25.6,25.6,25.3,25.8,25.1,26.7,26.6,25.6,26.4,25.9,25.6,25.8,25.2,25.4,25.9,25.8,25.9,25.5,26.1,25.9,25.7,25.2,26.2,25.7,25.1,25.3,26.4,84,85,84,81,78,86,81,84,82,91,80,80,84,84,88,83,88,81,75,79,83,80,81,85,84,85,86,84,83,81,85,82,84,83,82,79,84,88,87,79,0,0,0,0,0,0,0,0,0,0,0,0,0,0,0,0,0,0,0,0,0,0,0,0,0,0,0,0,0,0,0,0,0,0,0,0,0,0,0,0,7.7,9.4,3.3,4.1,7.6,4.6,3.8,3.1,3.3,3.1,5.5,6.1,8.7,3.7,7.9,7.5,7.1,5.6,5.6,6.4,6.7,5,5.4,8.3,9.9,3.3,6.6,8.5,7.3,5.1,6.1,7.5,11.2,6.3,5.2,3.6,10.1,6.4,6.9,3.6,,,,,,,,,,,,,,,,,,,,,,,,,,,,,,,,,,,,,,,,,25.8,25.3,26,26.4,26,26.3,25.7,25,26.2,25.8,25.3,25.7,26.2,25.1,25.8,25.7,25.8,25.7,25.6,26.1,25.5,25.9,25.9,25.9,25.7,25.3,25.8,26.2,25.7,26.1,25.8,78,75,77,79,79,79,75,77,79,79,78,76,79,75,77,75,75,76,76,80,76,80,79,78,74,76,76,76,72,79,77,0,0,0,0,0,0,0,0,0,0,0,0,0,0,0,0,0,0,0,0.1,0,0,0,0,0,0,0,0,0,0,0,24.6,28.8,23.5,21.9,25.8,24.6,28.7,24.6,15.8,23.2,19.1,23.8,24.8,31.4,18.5,25.1,27.1,22.2,22.4,24.6,22.6,24.8,23.4,27.7,26.6,32.4,27.6,24.4,25.9,23.2,23,27.7,34.6,27.4,25.2,29.2,28.4,34.2,27.7,16.2,27.7,20.5,28.1,29.5,37.1,20.5,28.4,33.5,25.9,25.2,27,24.8,27.7,26.3,31.3,31,40.3,32.4,30.2,31,25.6,27.4,,,,,,22.2204,114.2127
2026-10-12T09:00,25.9,26.6,26.7,25.6,25.1,26.1,26.8,26.2,26.5,26.6,26,26.2,26.3,26.2,26.2,25.8,26.4,25.7,27.2,27,26.2,26.9,26.4,26.1,26.2,26,25.8,26.3,26.3,26.3,26.1,26.6,26.4,26.3,25.6,26.7,26.2,25.6,25.8,27,82,82,81,77,75,83,78,81,79,87,76,76,81,80,84,79,85,77,72,75,79,77,78,81,82,81,83,80,80,78,81,78,80,79,79,77,81,84,84,76,0,0,0,0,0,0,0,0,0,0,0,0,0,0,0,0,0,0,0,0,0,0,0,0,0,0,0,0,0,0,0,0,0,0,0,0,0,0,0,0,7.6,10.1,3.7,4.3,8,4.8,4.1,3.4,3.7,3.8,6.1,6.8,8.9,3.5,8.2,7.9,7.1,6.2,6,7,7,5.8,5.7,8.6,10.5,3.7,7.1,9,7.4,5.4,6.4,7.8,11.3,6.8,5.7,4,9.9,6.6,7.2,3.8,,,,,,,,,,,,,,,,,,,,,,,,,,,,,,,,,,,,,,,,,26,25.6,26.2,26.7,26.2,26.5,25.9,25.2,26.4,26.2,25.5,26,26.5,25.3,26.2,25.9,26.1,26,25.8,26.3,25.7,26.1,26.1,26.1,25.9,25.5,26,26.6,26,26.3,26,76,73,75,76,77,77,73,75,78,76,76,73,76,74,74,73,73,74,73,78,75,78,77,76,72,74,74,74,70,77,75,0,0,0,0,0,0,0,0,0,0,0,0,0,0,0,0,0,0,0,0,0,0,0,0,0,0,0,0,0,0,0,23.7,26.7,22.3,20.3,25.2,24,28.7,23.7,15.9,22.5,18.7,24.2,24,29.7,16.6,24.3,26.3,21.3,21.1,23.7,23.1,24.2,22.2,26.9,24.4,31.9,26.8,23.5,24.2,22.6,22.2,26.6,31.7,25.6,23.4,28.4,27.4,33.8,25.9,16.2,26.6,19.8,28.1,28.4,34.6,18.4,27,31.7,24.8,23,25.6,25.2,26.6,25.2,30.2,28.1,38.9,31.3,28.8,28.1,24.5,25.9,,,,,,22.2204,114.2127
2026-10-12T10:00,26.6,27.3,27.6,26.4,25.8,26.9,27.6,27.1,27.3,27.5,26.8,26.9,27.1,27,27.1,26.6,27.1,26.5,27.9,27.7,26.9,27.6,27.1,26.8,26.7,27.2,26.5,27,27,27,26.8,27.4,27.2,27,26.3,27.3,27.1,26.2,26.5,27.8,78,77,76,71,70,78,74,76,75,81,72,71,76,75,78,74,80,72,69,70,73,72,73,75,79,74,79,75,76,73,76,73,75,72,75,73,75,79,80,72,0,0,0,0,0,0,0,0,0,0,0,0,0,0,0,0,0,0,0,0,0,0,0,0,0,0,0,0,0,0,0,0,0,0,0,0,0,0,0,0,7.8,10.6,4.2,5,8.6,5.6,4.5,4.1,4.2,4.6,7,7.3,9.1,3.6,8.4,8.1,7.3,6.9,6.4,7.8,7.6,6.6,6.8,9,10.7,4.7,7.6,9.4,7.8,5.8,6.8,8.2,10.9,7.2,6.6,4.7,9.7,7.1,7.4,4.2,,,,,,,,,,,,,,,,,,,,,,,,,,,,,,,,,,,,,,,,,26.3,25.9,26.5,27.2,26.5,26.8,26,25.5,26.7,26.6,25.8,26.4,26.9,25.6,26.7,26.2,26.4,26.5,26.2,26.6,25.9,26.5,26.5,26.3,26.2,25.7,26.3,27,26.2,26.5,26.4,74,71,72,73,75,75,72,72,76,73,73,70,73,73,69,71,71,71,70,76,73,75,75,74,70,72,72,72,69,75,74,0,0,0,0,0,0,0,0,0,0,0,0,0,0,0,0,0,0,0,0,0,0,0,0,0,0,0,0,0,0,0,22.6,24.5,21.2,18.8,24.6,23.3,28.2,22.3,15.7,22.1,18.1,24.3,22.7,27.2,14.3,22.9,25,20.2,19.6,22.1,23.1,23.1,21.3,25.3,21.7,30.5,25.8,22.9,21.8,21.3,21.4,24.8,28.1,23.8,21.6,27,25.9,32.4,23.8,15.8,24.8,18.4,27.4,27,31,15.5,24.8,29.2,23.8,20.9,23.4,25.2,25.2,23.8,28.8,24.8,36.4,29.9,27.4,24.1,23,24.5,,,,,,22.2204,114.2127
2026-10-12T11:00,27.3,27.9,28.5,27.3,26.7,27.8,28.5,28.1,28.2,28.5,27.7,27.6,28,28,28.1,27.4,27.9,27.4,28.7,28.4,27.8,28.3,27.9,27.6,27.3,28.5,27.2,27.8,27.7,27.8,27.7,28.3,28.1,27.9,27,28.1,28.1,27,27.4,28.8,75,72,71,64,65,72,69,70,69,74,66,66,71,69,72,68,74,66,65,65,67,68,68,69,76,67,74,70,71,67,71,67,69,65,71,70,70,73,75,67,0,0,0,0,0,0,0,0,0,0,0,0,0,0,0,0,0,0,0,0,0,0,0,0,0,0,0,0,0,0,0,0,0,0,0,0,0,0,0,0,7.8,11.3,4.8,6.5,8.9,6.7,5.4,4.9,5.1,5.4,8.3,8.2,9.5,4.2,8.7,8.9,7.6,8.3,7.5,9.1,7.7,8.4,7.6,9.4,10.9,5.8,8.2,10,8.2,7.2,7.8,8.6,10.8,7.7,7.2,6.1,9.7,8.1,8.1,4.7,,,,,,,,,,,,,,,,,,,,,,,,,,,,,,,,,,,,,,,,,26.5,26.3,26.8,27.6,26.6,27,26.1,25.8,27,27,26,26.7,27.3,25.8,27.2,26.4,26.7,26.8,26.5,26.8,26.1,26.7,26.8,26.5,26.5,26,26.5,27.3,26.5,26.8,26.6,72,70,70,70,74,74,71,70,74,71,71,68,70,72,66,69,69,69,68,74,72,73,73,73,67,71,71,70,67,73,73,0,0,0,0,0,0,0,0,0,0,0,0,0,0,0,0,0,0,0,0,0,0,0,0,0,0,0,0,0,0,0,21.7,22.2,19.7,17.2,23.8,22.7,27.5,20.7,15.3,21.5,17.1,24,21.6,25.2,12.3,21.8,24.1,19.5,18.1,20.4,23,22.7,20.2,24,18.6,29.2,24.5,22.3,19.5,20,21,23.4,24.8,21.6,20.2,25.9,24.5,31,21.6,15.5,23.8,17.3,26.6,25.6,27.7,13.7,23.4,27,22.7,19.1,21.2,24.8,24.1,22.7,27.4,21.2,33.8,28.4,25.9,20.5,21.6,23,,,,,,22.2204,114.2127
2026-10-12T12:00,28,28.6,29.5,28.2,27.4,28.7,29.3,28.9,29,29.5,28.5,28.3,28.9,29,29,28.3,28.7,28.2,29.5,29,28.6,29,28.6,28.4,27.8,29.8,27.9,28.5,28.5,28.5,28.5,29.1,28.9,28.7,27.7,28.8,29,27.7,28.1,29.6,72,67,66,58,61,67,65,64,64,68,61,60,66,63,65,63,69,61,62,60,61,63,64,63,74,60,70,65,67,62,65,62,64,58,66,67,64,67,70,63,0,0,0,0,0,0,0,0,0,0,0,0,0,0,0,0,0,0,0,0,0,0,0,0,0,0,0,0,0,0,0,0,0,0,0,0,0,0,0,0,8.3,11.6,5.4,8.3,9.5,7.6,6.2,5.6,6.1,6.3,9.6,9.1,10.1,5.4,8.9,9.7,7.5,9.5,8.4,10.1,7.9,9.4,8.9,9.8,11.2,6.5,8.9,10.2,8.7,8.4,8.5,9,10.6,8.3,8.3,7.6,9.4,8.5,8.8,5.5,,,,,,,,,,,,,,,,,,,,,,,,,,,,,,,,,,,,,,,,,26.6,26.6,27,27.9,26.7,27,26.2,26.1,27.2,27.1,26.2,26.8,27.4,25.9,27.5,26.6,26.8,27.1,26.8,27,26.2,26.8,27,26.6,26.9,26.2,26.6,27.4,26.8,27,26.7,71,69,69,69,73,73,70,68,72,70,70,68,69,72,64,68,68,67,67,73,71,72,72,72,64,70,70,70,66,71,73,0,0,0,0,0,0,0,0,0,0,0,0,0,0,0,0,0,0,0,0,0,0,0,0,0,0,0,0,0,0,0,21.2,20.4,18.3,16.1,23,21.7,26,19.1,14.9,21.5,16.2,23.8,20.6,23.2,11.1,20.9,23.1,19,16.4,18.9,22.3,22.9,20,23.3,15.6,27.5,23.5,21.9,16.8,18.7,20.8,22.7,22.3,19.8,19.1,24.8,23,29.2,19.8,15.5,23.4,16.6,25.6,24.1,25.2,13,22.3,24.8,22,17.6,19.8,23.8,24.1,22,26.3,18,31,27.4,25.2,18,20.5,22.7,,,,,,22.2204,114.2127
2026-10-12T13:00,28.5,29,30.1,28.8,28,29.3,29.9,29.6,29.7,30.2,29.2,28.8,29.5,29.7,29.7,28.9,29.3,28.8,30.1,29.5,29.2,29.6,29.2,28.9,28.1,30.7,28.4,29.1,29,29,29.2,29.7,29.5,29.3,28.2,29.3,29.8,28.2,28.7,30.2,70,63,62,54,58,62,61,60,60,63,58,56,63,58,61,59,65,58,60,56,56,60,60,58,72,55,67,61,63,59,61,58,60,53,63,64,60,63,67,60,0,0,0,0,0,0,0,0,0,0,0,0,0,0,0,0,0,0,0,0,0,0,0,0,0,0,0,0,0,0,0,0,0,0,0,0,0,0,0,0,8.4,11.6,5.8,9.4,10.1,8.6,6.8,6.6,6.5,6.9,10.2,9.8,10.6,6.5,8.9,10.4,7.6,10.5,9.4,10.8,8.1,10.4,9.5,10,11.2,7.2,9.5,10.5,9,9.4,9.1,9.3,10,8.6,9.1,8.6,9.1,9.4,9.4,5.8,,,,,,,,,,,,,,,,,,,,,,,,,,,,,,,,,,,,,,,,,26.6,26.9,27.2,28,26.6,26.9,26.2,26.4,27.4,27.1,26.2,26.8,27.5,25.9,27.7,26.7,26.8,27.3,27.1,27.1,26.3,26.8,27.1,26.7,27.4,26.4,26.6,27.4,27.1,27.2,26.7,71,68,68,68,73,72,69,67,70,70,69,68,69,73,63,67,69,66,66,72,71,73,71,72,62,69,69,70,65,70,74,0,0,0,0,0,0,0,0,0,0,0,0,0,0,0,0,0,0,0,0,0,0,0,0,0,0,0,0,0,0,0,20.8,19.3,16.8,15.7,22.3,20.4,24.4,17.4,14.8,21.8,15,22.9,20,21.3,10.7,20.1,22,18.7,15.1,17.7,21.1,23.7,20.7,22.8,12.6,25.4,22.7,21.7,13.8,17.9,21,22,20.2,18,18.7,23.8,21.6,27,18.4,15.5,23,15.8,24.5,23,22.7,13.3,22,23,21.2,16.6,18.7,22.3,24.8,21.2,25.6,14.8,27.7,26.3,24.8,16.2,19.8,22.3,,,,,,22.2204,114.2127
2026-10-12T14:00,28.7,29.2,30.4,29.1,28.2,29.6,30.1,29.9,29.9,30.5,29.5,29,29.8,30,30,29.1,29.5,29,30.3,29.7,29.4,29.8,29.4,29.2,28.3,31.2,28.6,29.3,29.2,29.2,29.4,30,29.8,29.6,28.4,29.5,30.1,28.4,28.9,30.5,69,62,61,52,57,60,60,58,58,61,56,54,61,56,59,57,63,56,59,54,55,58,59,56,71,53,65,59,62,57,59,56,58,50,61,63,58,61,65,59,0,0,0,0,0,0,0,0,0,0,0,0,0,0,0,0,0,0,0,0,0,0,0,0,0,0,0,0,0,0,0,0,0,0,0,0,0,0,0,0,8.5,11.2,6.1,10.2,10.1,9,7.2,6.8,6.9,6.8,10.5,9.7,10.5,6.9,8.6,10.5,7.6,10.8,9.7,11.2,7.9,10.8,9.8,9.9,10.8,6.9,9.4,10.4,9,9.7,9.4,9.1,9.5,8.6,9.2,9,8.6,9.4,9.4,6.1,,,,,,,,,,,,,,,,,,,,,,,,,,,,,,,,,,,,,,,,,26.6,27.1,27.3,28.1,26.6,26.9,26.3,26.7,27.5,27.1,26.3,26.8,27.6,25.9,27.8,26.7,26.9,27.4,27.3,27.2,26.3,26.8,27.2,26.8,27.6,26.6,26.7,27.4,27.3,27.4,26.7,71,68,67,68,73,72,69,66,68,70,68,69,69,73,62,67,69,65,65,72,71,73,71,72,60,69,69,71,64,69,74,0,0,0,0,0,0,0,0,0,0,0,0,0,0,0,0,0,0,0,0,0,0,0,0,0,0,0,0,0,0,0,20.6,18.1,15.5,16.2,21.3,19.2,22.8,15.8,14.5,21.9,14,22.5,19.8,19.5,10.8,19.4,21.3,18.7,14.1,17.3,20.2,23.7,20.7,22.3,10,24.1,22.1,21.7,11.9,17.1,20.8,21.6,18.7,16.6,18.4,22.7,20.2,25.2,17.3,15.1,23,15.1,23.4,22,20.2,13.3,21.2,22,20.9,15.8,18,21.2,24.8,20.9,24.8,12.2,25.6,25.6,24.5,14.4,19.1,22.3,,,,,,22.2204,114.2127
2026-10-12T15:00,25.7,25.9,26.3,25,24.9,25.9,26.2,26.1,26.3,26.1,25.9,26,25.6,26.1,25.7,25.4,25.7,25.2,26.8,26.7,25.3,26.6,26,25.7,25.7,26.1,25.3,26.1,25.8,25.5,25.8,26.2,26.3,26.2,25.4,26.2,26.1,25.1,25.3,26.3,86,84,85,83,80,80,80,82,75,92,76,75,82,80,87,79,87,79,79,76,85,77,80,80,84,86,83,80,82,79,82,78,79,75,77,78,81,83,83,82,0,0,0,0,0,0,0,0,0,0,0,0,0,0,0,0,0,0,0,0,0,0,0,0,0,0,0,0,0,0,0,0,0,0,0,0,0,0,0,0,4,5.8,2.2,3.2,5.4,2.2,2.2,2.2,2.2,1.8,4,4.6,4.7,1.1,3.6,5.2,3.3,4.6,4.8,5,3.6,4.2,3.1,4.5,6.5,1.4,3.4,5.7,4.3,3.2,3.4,4,6.3,4.2,3.3,2.5,5.9,3.1,3.3,1.8,,,,,,,,,,,,,,,,,,,,,,,,,,,,,,,,,,,,,,,,,26.7,27.2,27.4,28.2,26.6,26.9,26.3,26.8,27.6,27.2,26.4,26.7,27.6,26,27.9,26.8,27,27.5,27.4,27.3,26.3,26.8,27.2,26.8,27.6,26.6,26.8,27.4,27.3,27.4,26.7,71,68,67,68,73,72,70,65,67,70,67,69,70,73,61,67,69,65,65,72,71,73,71,72,60,70,69,72,64,68,74,0,0,0,0,0,0,0,0,0,0,0,0,0,0,0,0,0,0,0,0,0,0,0,0,0,0,0,0,0,0,0,19.8,17.3,14.2,16.9,20.2,18,21.7,14.5,14.1,21.3,12.7,21.7,19.5,17.5,10.5,18.6,21.3,18.5,14.1,17.7,19.5,23.2,20.5,22,8.6,24.2,21.1,22,10.7,15.9,20.6,20.9,18,15.1,18.7,21.6,18.7,23.8,16.2,14.8,22.7,14.4,22.7,21.6,17.6,13.3,20.2,21.6,20.9,15.5,18,20.2,24.1,21.2,24.5,10.4,25.2,24.8,24.5,12.6,18,22,,,,,,22.2204,114.2127
2026-10-12T16:00,25.7,25.9,26.3,25,24.9,26,26.2,26.1,26.4,26.2,26,26.1,25.6,26.2,25.7,25.4,25.7,25.2,26.8,26.8,25.2,26.7,26,25.7,25.6,26.2,25.3,26.1,25.9,25.4,25.9,26.2,26.4,26.2,25.4,26.2,26.1,25.1,25.2,26.3,87,84,85,84,81,78,80,81,73,92,75,74,82,79,87,78,87,78,80,75,86,76,80,79,84,86,82,79,81,79,81,78,78,73,77,77,81,82,82,83,0,0,0,0,0,0,0,0,0,0,0,0,0,0,0,0,0,0,0,0,0,0,0,0,0,0,0,0,0,0,0,0,0,0,0,0,0,0,0,0,3.6,5.4,2.3,3.3,4.9,2.2,1.8,2.3,2.3,2.3,3.6,4.1,4,1.1,3.5,4.7,2.9,4.7,4.7,4.9,3.4,3.8,2.9,4,5.8,1.9,3.3,5.2,4,3.3,2.9,3.6,5.4,3.8,2.9,2.5,5.1,2.6,2.9,1.9,,,,,,,,,,,,,,,,,,,,,,,,,,,,,,,,,,,,,,,,,26.8,27.3,27.4,28.2,26.6,27,26.4,26.8,27.5,27.3,26.5,26.6,27.6,26.1,27.9,26.8,27,27.6,27.4,27.3,26.3,26.8,27.3,26.8,27.5,26.5,26.9,27.3,27.1,27.4,26.7,71,68,67,68,73,72,71,65,67,71,66,70,71,72,61,67,70,66,65,72,71,73,71,72,60,71,69,73,64,68,73,0,0,0,0,0,0,0,0,0,0,0,0,0,0,0,0,0,0,0,0,0,0,0,0,0,0,0,0,0,0,0,19.3,17,13.3,18,19.1,16.9,21.2,13.6,13.9,20.5,11.6,21,19.1,15.8,10.2,18.2,21.6,18.7,14.2,18.6,18.7,22,19.9,21.6,8.6,24.8,20.2,22,10,15.2,20.2,20.5,17.6,14,19.1,20.5,17.6,22.7,15.5,14.4,22.3,13.7,22,21.6,15.5,13,19.4,22,21.2,15.5,18.7,19.4,23,21.6,24.5,9.7,25.9,24.1,25.2,10.8,16.6,22,,,,,,22.2204,114.2127
2026-10-12T17:00,25.7,25.8,26.4,25,24.9,26,26.2,26.2,26.4,26.2,26.1,26.1,25.6,26.3,25.7,25.4,25.7,25.2,26.8,26.8,25.2,26.7,26,25.7,25.6,26.3,25.3,26.2,25.9,25.4,25.9,26.2,26.5,26.3,25.4,26.2,26.2,25.1,25.2,26.3,87,84,85,84,82,78,80,81,72,92,74,74,82,79,87,78,86,78,81,75,86,76,81,78,85,86,82,78,81,79,81,77,78,72,76,77,81,81,82,83,0,0,0,0,0,0,0,0,0,0,0,0,0,0,0,0,0,0,0,0,0,0,0,0,0,0,0,0,0,0,0,0,0,0,0,0,0,0,0,0,3,4.7,2.4,3.8,4.4,2.4,1.9,2.7,2.4,2.6,3.6,3.7,3.6,1.3,3.8,4.7,3.1,4.7,4.7,4.5,3.4,3.8,2.9,3.6,5.4,2.6,2.9,4.5,3.7,3.5,2.9,3.3,4.5,3.7,2.5,2.6,4.7,2.5,2.7,2.3,,,,,,,,,,,,,,,,,,,,,,,,,,,,,,,,,,,,,,,,,26.8,27.3,27.3,28.2,26.6,27.1,26.3,26.7,27.4,27.3,26.6,26.5,27.5,26.1,27.9,26.8,27,27.5,27.4,27.3,26.2,26.7,27.2,26.7,27.3,26.4,26.9,27.3,27,27.4,26.7,72,69,68,69,73,72,72,65,67,72,65,71,72,72,61,68,71,67,65,73,71,74,72,72,61,73,70,74,65,68,73,0,0,0,0,0,0,0,0,0,0,0,0,0,0,0,0,0,0,0,0,0,0,0,0,0,0,0,0,0,0,0,18.9,16.5,12.7,18.8,18.4,16.3,20.6,12.9,13.4,20,10.8,20.2,18.8,14.2,10,18.4,21.6,18.8,14.8,18.8,18,21.3,19.8,21.7,9,25.2,19.4,22,9.8,14.5,19.4,19.8,17.6,13,19.8,19.8,16.9,21.6,14.8,13.7,22,12.6,21.2,21.6,13.3,13,19.1,22.3,21.2,15.8,18.7,18.7,22.3,22,24.5,9.4,26.3,23.4,25.2,9.7,15.5,21.2,,,,,,22.2204,114.2127
2026-10-12T18:00,25.7,25.8,26.4,25,25,26,26.2,26.2,26.5,26.3,26.1,26.1,25.6,26.4,25.7,25.4,25.7,25.2,26.8,26.8,25.1,26.7,26,25.8,25.6,26.4,25.3,26.2,25.9,25.3,26,26.2,26.5,26.4,25.5,26.2,26.2,25.1,25.2,26.3,87,84,85,85,82,77,80,80,72,92,74,73,82,78,87,77,86,78,81,74,87,75,81,77,85,86,82,78,81,79,80,77,77,71,75,77,80,81,81,83,0,0,0,0,0,0,0,0,0,0,0,0,0,0,0,0,0,0,0,0,0,0,0,0,0,0,0,0,0,0,0,0,0,0,0,0,0,0,0,0,2.7,4.4,2.6,3.9,4,2.3,2.1,2.9,2.3,3.3,3.3,3.7,3.6,1.8,4.6,4.3,3.1,4.7,4.3,4.5,3.3,3.7,2.9,3.3,4.7,2.8,2.9,4,3.4,3.9,3,3.2,3.7,3.3,2.5,2.7,4.3,2.3,2.6,2.5,,,,,,,,,,,,,,,,,,,,,,,,,,,,,,,,,,,,,,,,,26.7,27.2,27.2,28,26.5,27,26.2,26.7,27.3,27.2,26.6,26.5,27.4,26,27.8,26.6,26.8,27.4,27.3,27.2,26.2,26.6,27.1,26.7,27.3,26.2,27,27.2,26.9,27.3,26.7,73,71,69,71,74,73,74,65,67,74,65,72,74,72,62,69,73,69,66,74,72,75,74,73,62,75,70,75,65,69,73,0,0,0,0,0,0,0,0,0,0,0,0,0,0,0,0,0,0,0,0,0,0,0,0,0,0,0,0,0,0,0,18.4,16,12.4,19.2,18.1,16.7,19.9,12.3,12.2,19.3,10.2,19.5,18.8,12.2,10.2,19.1,20.9,18.5,15.3,17.8,17.3,20.9,19.5,21.7,9.5,23.8,19.1,20.9,9.9,13.7,18,19.4,17.3,12.6,20.5,19.8,17.6,20.9,14.4,12.6,21.6,11.5,20.9,22,11.5,13,19.8,22,20.9,16.2,18,18,22.3,22,24.8,10.1,25.6,23,24.8,9.4,14.4,19.8,,,,,,22.2204,114.2127
2026-10-12T19:00,25.7,25.7,26.4,25,25,26.1,26.2,26.3,26.5,26.3,26.2,26.2,25.6,26.4,25.7,25.4,25.7,25.2,26.8,26.8,25.1,26.7,26,25.8,25.6,26.5,25.3,26.2,25.9,25.3,26,26.2,26.6,26.4,25.5,26.2,26.3,25.1,25.2,26.3,88,84,85,85,83,76,80,80,71,92,74,73,82,78,87,77,86,78,82,74,87,75,81,77,85,86,81,77,81,79,80,77,77,70,75,77,80,80,81,84,0,0,0,0,0,0,0,0,0,0,0,0,0,0,0,0,0,0,0,0,0,0,0,0,0,0,0,0,0,0,0,0,0,0,0,0,0,0,0,0,2.6,4,2.8,4.3,4,2.5,2.3,3.1,2.5,3.7,3.3,3.3,3.4,2.1,4.7,4.3,3.1,4.3,4.4,4,3.6,3.3,3,3,4.4,3.1,2.6,4,3.2,4.1,2.6,3.1,3.3,2.9,2.2,2.9,4,2.4,2.5,2.8,,,,,,,,,,,,,,,,,,,,,,,,,,,,,,,,,,,,,,,,,26.6,27,27.1,27.8,26.3,26.8,26,26.7,27.2,27.1,26.5,26.4,27.2,26,27.7,26.4,26.5,27.2,27.2,27,26.1,26.5,27,26.6,27.2,26.1,27,27.1,26.8,27.2,26.6,75,73,71,73,76,75,75,65,68,75,65,74,77,72,65,71,75,72,68,76,73,76,76,75,64,77,71,77,66,70,74,0,0,0,0,0,0,0,0,0,0,0,0,0,0,0,0,0,0,0,0,0,0,0,0,0,0,0,0,0,0,0,18.2,15,12.3,19.2,18.1,17.7,19.2,12,10.7,18.8,9.5,18.4,18.4,10.7,11,20.2,19.8,17.8,15.3,16.3,16.6,20.2,18.9,21.6,10.4,22.1,18.8,19.8,9.9,12.8,15.8,19.1,16.6,12.6,20.9,20.2,19.1,20.5,14.4,10.8,21.6,10.4,20.2,22.3,10.4,13.3,21.2,21.6,20.2,16.9,17.3,17.6,22.7,21.6,25.2,11.5,24.1,23,24.1,9.7,13,17.6,,,,,,22.2204,114.2127
2026-10-12T20:00,25.7,25.7,26.4,25,25,26.1,26.2,26.3,26.5,26.3,26.2,26.2,25.6,26.4,25.7,25.4,25.7,25.2,26.8,26.8,25.1,26.7,26,25.8,25.6,26.5,25.3,26.2,25.9,25.2,26,26.2,26.6,26.4,25.5,26.2,26.3,25.1,25.2,26.3,88,84,85,85,83,76,80,80,71,92,74,73,82,78,87,77,86,78,82,74,87,75,81,77,85,86,81,77,81,79,80,77,77,70,75,77,80,80,81,84,0,0,0,0,0,0,0,0,0,0,0,0,0,0,0,0,0,0,0,0,0,0,0,0,0,0,0,0,0,0,0,0,0,0,0,0,0,0,0,0,2.5,3.7,2.8,4.3,3.6,2.5,2.3,3.1,2.5,3.7,3,3.3,3.4,2.1,5,4,3.3,4.3,4.4,4,3.6,3.3,3,3.1,4,3.1,2.7,3.6,3.2,4.1,2.7,2.8,2.9,2.9,2.2,2.9,3.8,2.4,2.8,2.8,,,,,,,,,,,,,,,,,,,,,,,,,,,,,,,,,,,,,,,,,26.4,26.9,26.9,27.6,26.2,26.6,25.8,26.6,27,26.9,26.4,26.3,27.1,25.9,27.5,26.3,26.2,27,27.1,26.8,26,26.5,26.9,26.5,27.2,26,26.9,27,26.8,27,26.5,76,75,73,75,78,77,77,65,68,77,66,76,79,73,67,72,77,74,70,78,74,77,78,76,66,79,72,78,67,71,75,0,0,0,0,0,0,0,0,0,0,0,0,0,0,0,0,0,0,0,0,0,0,0,0,0,0,0,0,0,0,0,17.3,14.6,12,18.8,18.1,18.4,18.4,11.5,9.4,18.1,9.2,17.6,18.4,9.6,11.4,20.9,18.7,17.3,15.2,14.8,15.9,19.8,18.4,21.2,11.2,20.2,18.1,18.7,9.9,11.9,14.4,18.4,16.6,12.6,21.2,20.5,20.2,20.2,14,9.7,21.2,9.4,20.2,22.3,9.7,13.7,22.3,21.2,19.8,16.9,16.2,17.3,23,21.2,25.2,13.3,23,22.7,23.8,10.1,12.2,16.2,,,,,,22.2204,114.2127
2026-10-12T21:00,25.6,25.7,26.4,25,25,26.1,26.2,26.2,26.4,26.4,26.2,26.2,25.6,26.3,25.7,25.4,25.8,25.1,26.8,26.7,25.1,26.7,26,25.8,25.6,26.4,25.3,26.2,25.9,25.2,26,26.1,26.6,26.4,25.5,26.2,26.3,25.1,25.2,26.3,88,84,85,85,83,76,80,80,71,92,74,73,82,78,87,77,86,78,82,74,87,75,81,77,85,86,81,77,81,79,80,77,77,70,75,77,80,80,81,84,0,0,0,0,0,0,0,0,0,0,0,0,0,0,0,0,0,0,0,0,0,0,0,0,0,0,0,0,0,0,0,0,0,0,0,0,0,0,0,0,2.3,3.6,2.8,4.3,3.6,2.5,2.3,3.1,2.5,3.7,2.6,3.3,3.4,2.1,5,3.6,3.3,4,4.4,4,3.6,3.3,3,3.1,3.7,2.8,2.7,3.6,3.2,4.1,2.7,2.5,2.9,2.9,2.2,2.9,3.4,2.4,2.8,2.8,,,,,,,,,,,,,,,,,,,,,,,,,,,,,,,,,,,,,,,,,26.3,26.8,26.8,27.4,26.1,26.4,25.8,26.4,26.9,26.8,26.4,26.3,27,25.8,27.4,26.2,26.2,26.8,26.9,26.6,26,26.5,26.8,26.5,27,26,26.9,26.9,26.7,26.9,26.4,77,77,75,77,79,78,78,66,69,78,67,78,80,74,69,73,78,76,72,80,75,77,79,77,70,80,74,79,69,72,76,0,0,0,0,0,0,0,0,0,0,0,0,0,0,0,0,0,0,0,0,0,0,0,0,0,0,0,0,0,0,0,16.2,14.7,11.7,18,17.7,18,17.7,11,8.9,16.9,8.9,17.3,18,10.2,12,20.5,17.6,17.3,14.7,13.9,15.1,19.1,17.7,20.2,13.1,19.5,17.4,18.4,10.2,11.4,13.7,17.6,17.3,13,21.2,20.5,20.2,20.2,13,9,20.9,9,20.5,22,10.4,14,22.3,20.5,20.5,16.6,15.5,16.9,22.7,20.5,24.1,15.5,22.7,22,23.8,10.1,11.9,15.5,,,,,,22.2204,114.2127
2026-10-12T22:00,25.6,25.7,26.4,25.1,25,26.1,26.2,26.2,26.4,26.4,26.1,26.1,25.6,26.2,25.7,25.4,25.8,25.1,26.8,26.7,25.2,26.7,26,25.8,25.6,26.3,25.3,26.2,25.9,25.2,26,26.1,26.6,26.4,25.4,26.2,26.3,25.1,25.2,26.3,89,84,85,85,84,76,80,81,72,91,75,74,83,79,87,77,86,79,82,74,87,76,82,78,85,85,81,77,82,80,80,78,78,71,76,78,80,80,81,84,0,0,0,0,0,0,0,0,0,0,0,0,0,0,0,0,0,0,0,0,0,0,0,0,0,0,0,0,0,0,0,0,0,0,0,0,0,0,0,0,2.1,3.6,2.6,4.6,3.3,2.3,2.3,2.6,2.5,3.4,2.6,3.3,3.3,1.8,4.5,3.6,3.3,4,4,3.7,3.3,3.1,3.3,3.1,3.3,2.3,2.7,3.3,3.1,3.9,2.4,2,2.9,2.5,2.2,2.7,3.3,2.3,2.5,2.5,,,,,,,,,,,,,,,,,,,,,,,,,,,,,,,,,,,,,,,,,26.2,26.7,26.7,27.2,26.1,26.3,25.8,26.2,26.8,26.8,26.3,26.3,26.9,25.8,27.2,26.2,26.2,26.6,26.7,26.5,25.9,26.5,26.7,26.5,26.8,26,26.8,26.9,26.6,26.7,26.4,78,79,76,78,80,79,78,68,69,79,67,79,81,75,71,74,79,77,74,81,76,78,80,77,74,80,75,79,70,74,76,0,0,0,0,0,0,0,0,0,0,0,0,0,0,0,0,0,0,0,0,0,0,0,0,0,0,0,0,0,0,0,14.4,15.5,11.8,17.3,17.7,17.3,17.3,10.6,8.4,16.2,8.9,17.3,18,11.5,12.4,20.2,16.9,17.3,14.1,13,14.4,18.4,16.6,18.7,15.5,19.1,16.3,18.8,10.3,11,13,16.6,18.7,13.3,20.9,20.5,20.2,20.2,11.5,9,20.2,8.6,21.2,21.6,11.5,14,22.3,19.8,21.2,15.5,14.8,16.2,22.3,19.8,22.7,18,22.3,20.9,23.4,10.1,11.9,15.1,,,,,,22.2204,114.2127
2026-10-12T23:00,25.5,25.7,26.4,25.1,25,26,26.2,26.1,26.3,26.4,26.1,26.1,25.6,26.1,25.6,25.4,25.8,25,26.8,26.6,25.3,26.7,26,25.8,25.6,26.2,25.3,26.2,25.9,25.2,26,26,26.5,26.4,25.4,26.2,26.3,25.1,25.2,26.3,89,85,84,85,84,77,81,81,73,91,76,75,83,80,88,77,86,80,82,75,87,76,82,79,86,85,81,78,82,81,81,79,79,71,76,78,80,81,82,84,0,0,0,0,0,0,0,0,0,0,0,0,0,0,0,0,0,0,0,0,0,0,0,0,0,0,0,0,0,0,0,0,0,0,0,0,0,0,0,0,1.5,3.6,2.4,4.4,3.4,2.1,2.1,2.1,2,2.7,2.2,3.3,3.2,1.3,3.9,3.3,3.1,3.6,3.6,3.8,3.1,3.1,3.6,3,2.9,1.5,2.6,3.3,2.9,3.7,2.3,1.8,2.9,2.5,2.2,2.7,3.3,2.6,2.3,2.3,,,,,,,,,,,,,,,,,,,,,,,,,,,,,,,,,,,,,,,,,26.2,26.6,26.6,27.1,26,26.2,25.7,26,26.7,26.7,26.2,26.2,26.8,25.7,27.1,26.1,26.2,26.5,26.6,26.4,25.9,26.5,26.7,26.4,26.7,26,26.7,26.8,26.5,26.6,26.4,78,81,77,79,81,80,79,69,70,80,68,80,82,76,73,75,80,78,75,82,77,78,81,78,77,80,77,79,72,75,77,0,0,0,0,0,0,0,0,0,0,0,0,0,0,0,0,0,0,0,0,0,0,0,0,0,0,0,0,0,0,0,13,15.8,11.5,17,16.9,16.3,16.9,10,7.7,15.2,8.2,17,17.3,12.6,12.4,19.5,15.9,17.3,13.3,12.2,13.3,17.6,15.5,17.3,16.9,18.8,15.2,18.8,10.3,10.5,12.6,15.5,19.4,13.3,20.9,20.2,19.4,20.2,10.4,8.3,19.4,8.3,21.2,20.9,13,14,22,19.1,21.6,14.8,13.7,15.5,21.6,19.1,21.2,19.4,22.3,19.4,23.4,10.1,11.5,14.8,,,,,,22.2204,114.2127
2026-10-13T00:00,25.4,25.7,26.4,25.1,25,26,26.2,26,26.2,26.5,26,26.1,25.5,25.9,25.6,25.3,25.9,25,26.8,26.6,25.3,26.6,26,25.8,25.6,26,25.4,26.2,25.9,25.2,25.9,25.9,26.5,26.3,25.4,26.2,26.3,25.1,25.2,26.3,90,85,84,85,85,78,81,82,74,91,77,75,84,81,88,78,86,80,82,75,87,77,83,80,86,84,81,78,83,81,82,80,79,72,77,79,81,82,82,84,0,0,0,0,0,0,0,0,0,0,0,0,0,0,0,0,0,0,0,0,0,0,0,0,0,0,0,0,0,0,0,0,0,0,0,0,0,0,0,0,1.1,3.8,2.3,4.3,3.5,1.5,2.3,1.9,2,2.6,1.8,3.4,3.3,1,3.1,3.3,2.8,3.3,3.2,3.8,2.9,2.9,4,3.3,2.9,1,2.9,3.3,2.9,3.2,1.8,1.1,3,2.5,2.2,2.6,3.2,2.5,2.1,2.1,,,,,,,,,,,,,,,,,,,,,,,,,,,,,,,,,,,,,,,,,26.1,26.5,26.5,26.9,26,26.1,25.6,25.9,26.5,26.6,26.1,26.2,26.7,25.6,26.9,26,26.2,26.3,26.5,26.3,25.9,26.4,26.6,26.3,26.6,25.9,26.6,26.8,26.4,26.5,26.3,78,82,77,80,81,80,80,70,70,81,68,81,82,77,75,76,81,79,75,82,77,79,82,79,78,81,78,80,73,75,77,0,0,0,0,0,0,0,0,0,0,0,0,0,0,0,0,0,0,0,0,0,0,0,0,0,0,0,0,0,0,0,12,15.5,10.9,17.1,15.8,15.3,16.6,9.4,6.6,14.6,7,16.3,16.3,13.3,11.9,19.2,15.3,16.6,12.3,10.8,12.2,16.9,14.8,16.6,16.6,18.5,14.1,18.5,10,9.2,11.9,14.4,18.7,12.6,20.9,18.7,18.4,20.2,10.1,7.2,18.7,7.2,20.2,19.8,14,13.7,21.6,18.4,20.5,13.7,12.2,14,20.9,18,20.2,19.1,22,17.6,23,10.1,10.4,13.7,,,,,,22.2204,114.2127
2026-10-13T01:00,25.3,25.8,26.3,25.1,25,25.9,26.2,25.9,26.1,26.5,25.9,26,25.5,25.8,25.6,25.3,26,24.9,26.8,26.5,25.4,26.6,26,25.7,25.7,25.9,25.4,26.2,26,25.2,25.9,25.8,26.5,26.3,25.3,26.2,26.3,25.1,25.2,26.3,90,85,84,85,86,79,82,83,75,90,79,76,84,82,88,78,86,81,81,76,87,77,84,81,86,83,81,79,83,82,82,81,81,73,78,79,81,83,83,84,0,0,0,0,0,0,0,0,0,0,0,0,0,0,0,0,0,0,0,0,0,0,0,0,0,0,0,0,0,0,0,0,0,0,0,0,0,0,0,0,0.5,4.3,2.2,4.7,3.9,1.5,2.2,1.4,1.8,2,1.8,3.5,3.8,0.5,2.6,3.1,2.4,2.6,3.3,3.9,3,3.1,4.5,3.2,2.7,0,2.9,3.3,3.3,3,1.8,0.7,3.5,2.5,2.2,2.5,3.3,2.9,1.9,1.9,,,,,,,,,,,,,,,,,,,,,,,,,,,,,,,,,,,,,,,,,26.1,26.4,26.4,26.8,26,26,25.6,25.9,26.4,26.5,26,26.1,26.6,25.5,26.8,25.8,26.1,26.2,26.4,26.2,25.8,26.3,26.5,26.2,26.5,25.8,26.5,26.7,26.3,26.4,26.3,77,83,77,80,80,81,81,70,70,81,69,81,82,78,76,77,81,80,75,81,76,79,83,80,78,81,79,80,73,74,77,0,0,0,0,0,0,0,0,0,0,0,0,0,0,0,0,0,0,0,0,0,0,0,0,0,0,0,0,0,0,0,11.1,15,10.1,17.4,14.5,14.1,16.7,9.5,5.2,14.3,5.8,15.4,15,14.1,11.7,19.1,14.6,15.6,11.3,9.1,10.9,16.7,14.3,16,14.8,18.3,12.6,18.2,9.7,7.7,10.8,13,17.6,11.5,21.2,17.3,16.9,19.8,10.4,5.8,17.6,6.1,18.4,18.7,15.1,13,21.6,17.3,19.1,12.6,10.4,12.2,19.8,16.9,18.7,17.6,21.6,15.5,22.7,10.4,9,12.6,,,,,,22.2204,114.2127
2026-10-13T02:00,25.2,25.8,26.3,25.2,25,25.9,26.1,25.8,26,26.5,25.8,26,25.5,25.6,25.5,25.3,26,24.8,26.8,26.4,25.5,26.5,26,25.7,25.7,25.7,25.5,26.1,26,25.2,25.8,25.7,26.4,26.2,25.3,26.2,26.3,25.1,25.3,26.4,90,85,83,85,86,80,82,83,76,90,80,78,85,83,89,79,86,82,81,76,87,78,85,82,86,82,81,79,84,83,83,82,82,75,79,80,81,84,84,84,0,0,0,0,0,0,0,0,0,0,0,0,0,0,0,0,0,0,0,0,0,0,0,0,0,0,0,0,0,0,0,0,0,0,0,0,0,0,0,0,1.1,4.7,2.5,4.8,4.1,1.8,2.2,1.1,1.6,1.9,1.5,3.7,4.2,0.5,2.2,2.9,2.5,2.4,3,4,2.9,3.3,5,3.6,2.6,1,3,3.4,3.5,2.9,1.9,1,3.7,2.5,2.5,2.9,3.4,3.3,1.8,1.8,,,,,,,,,,,,,,,,,,,,,,,,,,,,,,,,,,,,,,,,,26.1,26.3,26.4,26.7,25.9,26,25.5,25.8,26.3,26.4,25.8,26.1,26.6,25.4,26.6,25.7,26,26.1,26.4,26.2,25.8,26.2,26.4,26.1,26.5,25.7,26.4,26.6,26.3,26.4,26.3,77,83,77,81,80,81,82,71,70,82,69,81,82,79,77,78,81,81,75,81,76,80,83,81,78,82,79,81,74,74,77,0,0,0,0,0,0,0,0,0,0,0,0,0,0,0,0,0,0,0,0,0,0,0,0,0,0,0,0,0,0,0,10.6,15,9.4,18.1,14.1,13.7,16.8,9.9,4.3,14.5,5.1,14.8,14.4,14.8,11.7,19.5,14.1,15.1,10.8,8.2,10,16.5,14.1,16,14.3,18.2,11.9,18,10.2,6.8,10.1,12.2,17.3,10.8,21.6,16.6,15.8,19.8,10.8,4.7,17.3,5.4,17.6,17.6,16.2,13,21.6,16.6,18,12.2,9.4,11.2,19.4,16.6,18.4,16.9,21.2,14.4,22.3,10.8,7.9,11.9,,,,,,22.2204,114.2127
2026-10-13T03:00,25.1,25.8,26.3,25.2,25,25.8,26.1,25.7,25.8,26.5,25.7,25.9,25.5,25.4,25.5,25.2,26.1,24.7,26.8,26.4,25.6,26.5,25.9,25.7,25.7,25.5,25.5,26.1,26,25.2,25.8,25.6,26.4,26.2,25.2,26.2,26.3,25.1,25.3,26.4,91,86,83,85,87,81,83,84,78,89,81,79,86,84,89,79,86,83,80,77,87,79,85,83,87,82,82,80,84,84,84,83,83,76,80,81,82,84,84,84,0,0,0,0,0,0,0,0,0,0,0,0,0,0,0,0,0,0,0,0,0,0,0,0,0,0,0,0,0,0,0,0,0,0,0,0,0,0,0,0,1.6,5.4,2.6,5.4,4.3,2,2.5,1.3,1.5,2.2,1.3,4.2,4.9,0.8,2.3,3.3,2.5,2.5,2.7,3.7,3.3,3.1,5.5,3.8,3.1,1.8,3.4,3.8,4.2,3,1.8,1.5,4.2,2.6,2.5,3,3.7,3.5,2.3,1.8,,,,,,,,,,,,,,,,,,,,,,,,,,,,,,,,,,,,,,,,,26,26.2,26.3,26.5,25.9,25.9,25.4,25.7,26.1,26.3,25.7,26,26.5,25.3,26.5,25.5,26,26,26.3,26.1,25.8,26.1,26.4,26,26.3,25.6,26.3,26.5,26.2,26.3,26.2,78,83,77,82,81,82,83,72,71,83,70,82,82,80,78,79,81,82,76,81,76,81,83,82,79,83,79,82,75,74,77,0,0,0,0,0,0,0,0,0,0,0,0,0,0,0.1,0,0,0,0,0,0,0,0,0,0.1,0,0.1,0,0,0,0,11.3,16.4,9.8,19.6,15.4,13.8,17.5,10.8,3.7,15,5.4,15.5,14.7,16.3,12.9,20.2,13.9,15.7,11.2,8.4,9.8,17.1,14.6,16.7,15.6,18.7,11.9,18.3,11.3,7,9.9,12.6,18.4,11.2,23,17.6,15.5,20.2,11.5,4.3,17.3,5.4,18.4,17.3,17.3,14,22.3,16.2,18,12.6,9.4,10.8,19.8,17.3,19.1,18.4,21.6,14.4,22.3,11.9,7.9,11.5,,,,,,22.2204,114.2127
2026-10-13T04:00,25,25.8,26.2,25.2,25,25.8,26.1,25.6,25.7,26.6,25.6,25.9,25.5,25.3,25.4,25.2,26.2,24.7,26.8,26.3,25.7,26.4,25.9,25.7,25.8,25.3,25.5,26.1,26,25.2,25.7,25.5,26.3,26.1,25.2,26.2,26.2,25.1,25.3,26.4,91,86,83,84,87,81,83,85,79,89,83,80,86,85,90,80,86,84,80,77,86,80,86,84,87,81,82,81,85,85,84,84,84,77,81,82,82,85,85,84,0,0,0,0,0,0,0,0,0,0,0,0,0,0,0,0,0,0,0,0,0,0,0,0,0,0,0,0,0,0,0,0,0,0,0,0,0,0,0,0,2.1,6.1,2.7,5.6,4.6,2.6,2.6,1.8,1.1,2.3,1.3,4.4,5.4,1.4,2.8,3.3,2.6,2.6,2.6,3.9,3.5,3.3,6.1,4.2,3.1,2.8,3.5,3.9,4.6,2.7,2,2.2,4.9,2.6,2.5,3.1,3.9,4,2.4,2.1,,,,,,,,,,,,,,,,,,,,,,,,,,,,,,,,,,,,,,,,,25.9,26.1,26.3,26.2,25.8,25.9,25.4,25.6,26,26.2,25.7,25.9,26.4,25.2,26.3,25.2,25.9,25.9,26.2,26,25.8,26,26.3,25.8,26.2,25.5,26.2,26.4,26.1,26.3,26.2,78,83,78,84,81,83,83,74,71,84,70,83,83,80,79,80,81,82,76,82,77,82,83,83,81,83,80,83,76,75,77,0,0,0,0,0,0,0,0,0,0,0,0,0,0,0.1,0,0,0,0,0,0,0,0,0,0.1,0,0.1,0,0,0,0,12.4,18,10.9,21.5,17.3,14.1,18.2,12.2,3.7,15.3,6.3,16.8,15,17.9,14.2,21.2,13.7,16.7,12.1,9.1,10,17.9,15.8,18.3,17.6,19.6,12.8,18.6,12.8,7.8,9.9,13.7,20.2,11.9,24.8,19.8,15.8,20.5,12.6,4.7,18,6.1,19.4,17.6,18.7,15.8,23.4,15.8,18.7,13.7,10.1,11.2,20.5,18.4,20.2,20.2,22.3,15.5,22,13.7,8.6,11.2,,,,,,22.2204,114.2127
2026-10-13T05:00,24.9,25.9,26.2,25.2,25,25.7,26.1,25.5,25.6,26.6,25.6,25.8,25.5,25.2,25.4,25.2,26.2,24.6,26.8,26.2,25.8,26.4,25.9,25.7,25.8,25.1,25.6,26.1,26,25.2,25.7,25.5,26.3,26.1,25.1,26.1,26.2,25.1,25.3,26.4,91,86,82,84,87,82,83,85,80,88,84,81,87,85,90,80,87,85,79,78,86,80,86,85,87,80,82,81,86,85,85,84,85,78,81,82,82,86,86,84,0,0,0,0,0,0,0,0,0,0,0,0,0,0,0,0,0,0,0,0,0,0,0,0,0,0,0,0,0,0,0,0,0,0,0,0,0,0,0,0,2.6,6.6,2.9,6,4.9,3.2,2.7,2.2,1.1,2.9,1.3,4.6,5.6,1.8,3.6,3.6,3.1,2.7,2.5,3.9,4.2,3.4,6.6,4.3,3.7,3.6,3.7,3.9,5.1,3.1,2.3,2.5,5.4,2.7,2.9,3.2,4.3,4.7,2.8,2.3,,,,,,,,,,,,,,,,,,,,,,,,,,,,,,,,,,,,,,,,,25.9,26.1,26.3,26.1,25.8,25.9,25.3,25.5,26,26.1,25.6,25.9,26.3,25.2,26.2,25.1,25.9,25.9,26.1,26,25.8,25.9,26.3,25.7,26,25.4,26.2,26.3,26,26.2,26.2,79,83,78,85,82,83,83,75,72,84,71,83,83,80,80,80,81,82,77,82,77,83,83,83,82,83,80,83,77,75,77,0,0,0,0,0,0,0,0,0,0,0,0,0,0,0.1,0,0,0,0,0,0,0,0,0,0.1,0,0.1,0,0,0,0,13.4,19.6,11.7,22.4,18.9,14.2,19.1,13,4,15.5,6.8,17.9,15.6,19.4,15.3,21.6,13.8,17.4,12.7,9.7,10.3,18.5,16.8,18.9,19.2,19.7,13.8,19,13.9,8.5,9.8,14.4,21.6,12.6,25.6,21.6,15.5,20.9,13.3,4.7,18,6.8,20.5,17.6,19.8,16.9,23.8,15.5,19.1,14,10.8,11.2,21.2,19.1,20.9,21.6,22.3,16.2,22,14.8,9,11.2,,,,,,22.2204,114.2127
2026-10-13T06:00,24.8,25.9,26.2,25.2,25,25.7,26.1,25.5,25.6,26.6,25.5,25.8,25.5,25.1,25.3,25.1,26.3,24.6,26.8,26.2,25.8,26.4,25.9,25.7,25.8,24.9,25.6,26.1,26,25.2,25.7,25.4,26.3,26.1,25.1,26.1,26.2,25.1,25.3,26.4,92,87,82,84,88,83,83,86,81,88,85,81,87,86,90,81,87,85,79,78,86,81,87,86,88,80,82,82,86,86,85,85,86,79,82,83,82,87,86,84,0,0,0,0,0,0,0,0,0,0,0,0,0,0,0,0,0,0,0,0,0,0,0,0,0,0,0,0,0,0,0,0,0,0,0,0,0,0,0,0,2.8,7.1,3.1,6.2,5.2,3.5,3.2,2.5,1.1,3.3,1.5,4.8,6.4,2.2,4.2,3.7,3.2,2.6,2.5,4.1,4.9,3.4,6.8,4.8,3.5,4.3,4.2,4,5.6,3.3,2.4,2.9,5.6,2.7,2.9,3.2,4.6,4.9,3.3,2.5,,,,,,,,,,,,,,,,,,,,,,,,,,,,,,,,,,,,,,,,,25.8,26.1,26.3,26,25.8,26,25.3,25.4,26,26,25.6,25.8,26.2,25.1,26.1,25.1,25.9,25.9,26,26,25.8,25.8,26.3,25.6,25.9,25.4,26.2,26.2,25.9,26.2,26.2,79,82,77,84,82,82,82,76,72,84,72,83,83,79,80,79,81,82,77,81,77,83,83,83,82,83,80,83,77,75,77,0,0,0,0,0,0,0,0,0,0,0,0.1,0,0,0,0,0.1,0,0,0,0,0,0,0,0,0,0.1,0,0,0,0,13.5,20.5,12,21.7,19.8,13.5,19.6,13.4,4.3,15.5,7.4,18.7,16.1,20.3,15.7,20.9,14.2,17.1,12.7,10.2,10.6,18.6,17.6,18.5,19.2,19.1,14.9,19.2,14.5,8.8,10,14.4,22.3,12.6,24.5,22.3,14.4,20.9,13.3,4.7,17.6,7.6,20.9,18,20.5,17.3,23,15.5,18.4,13.7,11.2,11.2,21.2,19.4,20.5,21.2,21.2,16.9,21.6,15.1,9.4,10.8,,,,,,22.2204,114.2127
2026-10-13T07:00,24.8,25.9,26.2,25.3,25,25.7,26.1,25.4,25.5,26.6,25.5,25.8,25.5,25,25.3,25.1,26.3,24.6,26.9,26.2,25.9,26.3,25.9,25.7,25.9,24.8,25.6,26.1,26,25.3,25.7,25.4,26.2,26,25.1,26.1,26.2,25.1,25.3,26.5,92,87,81,84,88,84,83,86,82,87,86,82,88,86,90,81,87,86,78,78,86,82,87,86,88,80,83,82,87,87,85,86,86,80,83,83,82,87,87,84,0,0,0,0,0,0,0,0,0,0,0,0,0,0,0,0,0,0,0,0,0,0,0,0,0,0,0,0,0,0,0,0,0,0,0,0,0,0,0,0,3.3,7.4,3.3,6.4,5.5,3.9,3.4,2.9,1.3,3.8,1.5,4.8,6.6,2.5,4.5,4,3.4,2.9,2.6,4.1,5.1,3.2,7.3,5,3.9,4.8,4.4,4,5.9,3.6,2.7,3.3,6.1,2.7,2.9,3.4,4.8,5.4,3.6,2.8,,,,,,,,,,,,,,,,,,,,,,,,,,,,,,,,,,,,,,,,,25.8,26.2,26.4,26,25.8,26.1,25.3,25.3,26.1,26.1,25.6,25.8,26.1,25,26.2,25.1,25.9,25.9,26,26.1,25.9,25.8,26.2,25.6,25.9,25.3,26.3,26.1,25.8,26.2,26.3,79,81,75,83,82,79,81,76,72,83,72,83,83,78,80,78,81,81,78,80,76,82,83,82,81,82,80,82,78,76,77,0,0,0,0,0,0,0,0,0,0,0,0.1,0,0,0,0,0.1,0,0,0,0,0,0,0,0,0,0.1,0,0,0,0,13.5,21,11.7,19.8,20.1,12.9,19.5,13.5,4.2,15.2,8,19.3,16.5,21.1,15.9,20,14.6,16.3,12.6,10.2,10.7,18.6,18.3,17.9,18.2,18.3,15.6,19.2,14.7,8.7,10,14,23,12.6,22.3,23,13.3,20.9,13,4.7,16.9,8.3,20.9,18,21.2,17.3,21.6,15.8,17.3,13,11.2,11.2,20.9,19.8,19.4,20.2,19.8,18,21.2,15.1,9.4,10.8,,,,,,22.2204,114.2127
2026-10-13T08:00,24.8,25.9,26.2,25.3,25,25.7,26.1,25.4,25.5,26.6,25.5,25.8,25.5,25,25.3,25.1,26.3,24.6,26.9,26.2,25.9,26.3,25.9,25.7,25.9,24.8,25.7,26.1,26,25.3,25.7,25.4,26.2,26,25.1,26.1,26.2,25.1,25.3,26.5,92,87,81,84,88,84,83,86,83,87,86,82,88,86,90,81,87,86,78,78,86,82,87,86,88,80,83,82,87,87,85,86,87,81,83,84,82,87,87,84,0,0,0,0,0,0,0,0,0,0,0,0,0,0,0,0,0,0,0,0,0,0,0,0,0,0,0,0,0,0,0,0,0,0,0,0,0,0,0,0,3.3,7.4,3.3,6.4,5.5,3.9,3.4,2.9,1.3,3.8,1.5,4.8,6.6,2.5,4.8,4,3.4,2.9,2.6,4.1,5.1,3.2,7.3,5,3.9,4.8,4.4,4,5.9,3.6,2.7,3.3,6.1,2.7,2.9,3.4,4.8,5.4,3.6,2.8,,,,,,,,,,,,,,,,,,,,,,,,,,,,,,,,,,,,,,,,,25.9,26.3,26.6,26.1,25.9,26.3,25.4,25.4,26.3,26.2,25.8,25.9,26.2,25.1,26.3,25.4,26,26.1,26.1,26.3,26,25.8,26.3,25.7,26,25.4,26.4,26.1,25.9,26.3,26.4,78,80,73,81,81,77,79,75,71,82,72,82,82,77,79,76,80,79,77,78,75,81,82,81,79,80,80,81,77,75,77,0,0,0,0,0,0,0,0,0,0,0,0.1,0,0,0,0,0.1,0,0,0,0,0,0,0,0,0,0.1,0,0,0,0,13.2,21.1,11.2,18.2,20.2,11.9,19.3,13.6,4,15,8.2,19,16.5,21.3,15.7,18.5,14.9,15.3,12.1,10.3,10.7,18.5,18.2,17,17.1,16.9,16.3,18.7,14.7,8.7,10,13.3,23,12.2,20.2,23,12.2,20.2,13,4.7,16.2,8.6,20.2,18,21.6,16.9,20.2,15.8,15.8,12.2,11.5,11.2,20.5,19.4,18.4,18.7,18,18.4,20.5,14.8,9.4,10.4,,,,,,22.2204,114.2127
2026-10-13T09:00,24.9,25.9,26.2,25.3,25,25.7,26.1,25.5,25.5,26.6,25.5,25.8,25.5,25.1,25.3,25.1,26.3,24.6,26.9,26.2,25.9,26.3,25.9,25.7,25.9,24.8,25.7,26.1,26,25.3,25.7,25.5,26.2,26,25.2,26.1,26.2,25.1,25.3,26.5,92,87,81,84,88,84,82,86,83,87,86,82,88,85,90,81,87,86,77,78,86,82,87,86,88,80,83,82,87,87,85,86,87,81,83,84,82,87,87,84,0,0,0,0,0,0,0,0,0,0,0,0,0,0,0,0,0,0,0,0,0,0,0,0,0,0,0,0,0,0,0,0,0,0,0,0,0,0,0,0,3.3,7.4,3.3,6.4,5.5,3.9,3.4,2.9,1.3,3.8,1.5,4.8,6.6,2.5,4.8,4,3.4,2.9,2.6,4.1,5.1,3.2,7.3,5,3.5,4.8,4.4,4,5.6,3.6,2.7,2.9,6.1,2.7,2.9,3.4,4.8,5.4,3.6,2.8,,,,,,,,,,,,,,,,,,,,,,,,,,,,,,,,,,,,,,,,,26.3,26.5,27.1,26.5,26.1,26.7,25.8,25.7,26.8,26.6,26.2,26.2,26.5,25.2,26.6,25.9,26.4,26.5,26.5,26.7,26.2,26.1,26.6,26.1,26.4,25.8,26.7,26.4,26.2,26.7,26.8,76,78,71,79,78,74,77,73,69,80,70,80,80,75,77,73,78,76,74,75,74,79,79,78,76,77,78,79,75,73,75,0,0,0,0,0,0,0,0,0,0,0,0,0,0,0,0,0,0,0,0,0,0,0,0,0,0,0,0,0,0,0,12.4,21,10.4,17.3,20.3,11,17.8,13.9,3.2,14.5,8.2,18,16,20.8,15.3,17.1,14.7,13.7,11,10.2,10.3,18,16.9,15.8,15.8,15.3,16.1,17.7,14.5,8.2,9.8,12.6,22.7,11.5,18.7,22.7,11.5,19.1,13.3,4.3,15.8,9,18.7,17.3,21.6,16.2,18.7,15.1,14.4,10.8,11.9,10.4,19.8,18.4,16.9,17.3,16.2,18,19.4,14.4,9,9.7,,,,,,22.2204,114.2127
2026-10-13T10:00,25,25.9,26.2,25.3,25,25.7,26.2,25.5,25.5,26.6,25.6,25.8,25.5,25.2,25.4,25.2,26.3,24.7,26.9,26.2,25.8,26.4,26,25.8,25.9,24.8,25.7,26.2,26,25.3,25.7,25.5,26.2,26.1,25.2,26.1,26.3,25.1,25.4,26.5,92,87,80,84,88,84,82,85,84,87,86,82,88,84,89,81,87,86,77,77,86,82,86,85,88,81,84,82,88,87,84,86,88,82,83,85,81,86,87,84,0,0,0,0,0,0,0,0,0,0,0,0,0,0,0,0,0,0,0,0,0,0,0,0,0,0,0,0,0,0,0,0,0,0,0,0,0,0,0,0,2.8,7.1,3.1,5.7,5.2,3.5,3.4,2.5,1.3,3.6,1.1,4.6,6.1,2.2,4.5,3.7,3.2,2.5,2.3,3.9,4.9,2.7,6.8,5,3.2,4.3,4.2,4,5.4,3.3,2.4,2.5,6.1,2.6,2.9,3.2,4.6,5.4,3.3,2.5,,,,,,,,,,,,,,,,,,,,,,,,,,,,,,,,,,,,,,,,,26.8,26.8,27.7,26.9,26.5,27.2,26.2,26.2,27.4,27.1,26.8,26.5,26.9,25.5,27,26.5,26.9,27,27.1,27.3,26.5,26.5,27.1,26.6,27.1,26.2,27,26.9,26.6,27.2,27.3,72,77,68,76,75,71,74,70,66,76,68,77,77,74,74,69,75,73,71,72,73,77,76,75,71,74,76,76,72,70,73,0,0,0,0,0,0,0,0,0,0,0,0,0,0,0,0,0,0,0,0,0,0,0,0,0,0,0,0,0,0,0,11.1,20.4,8.9,16.3,20,10.2,16.1,14,2.3,14.2,8,16.3,15.5,20.3,14.7,15.4,14,11.6,9.5,10.2,9.5,17.5,15.1,14.6,14.6,13.4,15.8,16.8,13.7,7.4,9.2,11.5,21.6,10.4,16.9,22,10.8,17.3,13.7,3.6,15.1,9,16.9,15.8,21.2,15.5,17.3,14,12.6,9.4,11.9,9.7,19.1,16.2,15.1,15.5,14.4,16.9,18,13.7,8.3,9,,,,,,22.2204,114.2127
2026-10-13T11:00,25.1,26,26.2,25.3,25.1,25.7,26.2,25.6,25.6,26.6,25.7,25.9,25.5,25.4,25.4,25.2,26.3,24.8,27,26.3,25.8,26.4,26,25.8,25.9,24.8,25.7,26.2,26,25.3,25.8,25.7,26.3,26.1,25.3,26.1,26.3,25.1,25.4,26.5,92,87,80,84,87,84,81,85,84,86,85,81,88,83,89,81,88,85,76,76,86,82,85,84,89,82,84,81,88,87,83,86,88,82,83,85,81,86,87,84,0,0,0,0,0,0,0,0,0,0,0,0,0,0,0,0,0,0,0,0,0,0,0,0,0,0,0,0,0,0,0,0,0,0,0,0,0,0,0,0,2.3,6.6,2.8,5.5,4.9,3.4,3.2,2.2,1.1,3.4,1,4.1,5.6,1.9,4.2,3.4,3.1,2.2,2,3.9,4.4,2.4,6.6,4.5,2.9,3.8,3.7,4,4.6,2.9,2.4,2.2,5.9,3,2.9,3.1,4.1,5.2,3.1,2.5,,,,,,,,,,,,,,,,,,,,,,,,,,,,,,,,,,,,,,,,,27.2,27,28.1,27.3,26.8,27.6,26.6,26.5,27.9,27.5,27.2,26.8,27.3,25.7,27.4,27,27.2,27.5,27.5,27.8,26.8,26.8,27.5,27,27.6,26.6,27.4,27.3,26.9,27.7,27.7,70,75,66,74,72,69,71,68,64,74,66,75,75,72,71,66,73,70,68,69,72,75,73,72,68,71,74,74,70,68,71,0,0,0,0,0,0,0,0,0,0,0,0,0,0,0,0,0,0,0,0,0,0,0,0,0,0,0,0,0,0,0,10,19.8,7.6,15.6,19.4,8.7,14.3,13.7,1.9,13.6,7.4,14.5,14.5,19.1,14.1,13.7,13.1,9.7,8.2,9.5,8.8,17.4,13.2,13.6,13.2,11.8,15,15.7,13.3,6.2,8.6,11.2,20.9,9.7,16.2,21.2,10.4,16.2,13.7,4,15.1,9,15.5,14.8,20.5,14.8,15.8,13.3,11.2,8.3,11.9,9,18.4,14.8,14,14.4,12.6,15.8,17.3,13.3,7.6,8.6,,,,,,22.2204,114.2127
2026-10-13T12:00,25.2,26,26.3,25.3,25.1,25.8,26.3,25.7,25.6,26.5,25.8,25.9,25.5,25.7,25.5,25.3,26.3,24.9,27,26.4,25.7,26.4,26.1,25.9,26,24.9,25.8,26.3,26,25.3,25.9,25.8,26.3,26.1,25.4,26.1,26.4,25.1,25.4,26.5,91,87,79,84,87,84,79,84,84,86,85,80,87,81,88,81,88,84,75,75,86,82,85,83,89,84,84,81,88,87,82,85,88,82,82,86,80,85,87,85,0,0,0,0,0,0,0,0,0,0,0,0,0,0,0,0,0,0,0,0,0,0,0,0,0,0,0,0,0,0,0,0,0,0,0,0,0,0,0,0,1.8,6.1,2.6,4.8,4.3,2.8,3.1,1.8,1.1,3.1,0.8,3.9,5.1,1.8,3.6,3.3,2.5,1.9,2.1,3.7,4,1.6,6,4.3,2.3,3.1,3.5,4,4.2,2.7,2.3,1.5,5.7,2.9,2.5,2.6,3.8,5,2.9,2.3,,,,,,,,,,,,,,,,,,,,,,,,,,,,,,,,,,,,,,,,,27.5,27.1,28.2,27.5,26.9,27.9,27,26.8,28.1,27.7,27.5,27.2,27.6,25.9,27.6,27.2,27.4,27.7,27.7,28.1,27.1,27,27.9,27.3,27.8,26.8,27.6,27.5,27.2,27.9,27.9,69,74,66,73,70,68,69,66,64,73,65,73,73,71,69,64,72,69,67,67,71,74,71,70,66,70,72,73,69,67,70,0,0,0,0,0,0,0,0,0,0,0,0,0,0,0,0,0,0,0,0,0,0,0,0,0,0,0,0,0,0,0,9.3,19.8,6.2,15.5,18.9,6.6,12.9,12.9,3.9,13.6,6.6,13.1,13.2,18.1,13.6,12.4,11.7,8.2,7,8.7,7.7,17.6,12.1,13.1,11.9,10.5,14.4,15.3,12.8,4.3,7.6,11.2,20.5,9.4,16.2,20.5,10.1,15.5,13.3,5.8,15.1,9,14.4,13.7,19.4,14.4,15.1,13,10.4,8.3,11.5,9,18.4,13.7,14,14,11.5,15.1,17.3,13.3,6.8,8.6,,,,,,22.2204,114.2127
2026-10-13T13:00,25.4,26,26.3,25.2,25.2,25.8,26.3,25.8,25.7,26.5,25.9,26,25.5,25.9,25.5,25.3,26.3,25,27.1,26.5,25.7,26.5,26.1,25.9,26,25,25.8,26.4,26,25.4,25.9,25.9,26.3,26.2,25.5,26.1,26.4,25.2,25.4,26.5,91,88,79,84,86,83,78,83,83,86,84,79,87,80,88,80,88,83,74,74,87,82,84,81,89,85,85,80,88,87,81,85,88,82,82,86,79,85,87,85,0,0,0,0,0,0,0,0,0,0,0,0,0,0,0,0,0,0,0,0,0,0,0,0,0,0,0,0,0,0,0,0,0,0,0,0,0,0,0,0,1.1,5.4,2.1,4.2,3.8,2.3,3,1.3,1.1,3,1.1,3.5,4.2,1.6,3.1,3.1,2.5,1.8,1.9,3.5,3.5,1.3,5.4,4.2,2.1,2.4,3.4,3.9,3.5,2.5,2,0.8,5.5,2.9,2.5,2.5,3.4,5,2.7,1.9,,,,,,,,,,,,,,,,,,,,,,,,,,,,,,,,,,,,,,,,,27.7,27.2,28.1,27.7,27,28,27.4,26.9,28.1,27.9,27.7,27.6,27.8,26.1,27.8,27.4,27.5,27.9,27.8,28.3,27.4,27.1,28.2,27.5,28,26.9,27.8,27.7,27.4,27.9,28,68,73,66,73,69,67,67,64,64,73,64,71,72,69,68,64,71,68,66,66,69,73,69,69,65,69,71,72,68,67,70,0,0,0,0,0,0,0,0,0,0,0,0,0,0,0,0,0,0,0,0,0,0,0,0,0,0,0,0,0,0,0,9,19.9,6.3,15.9,18.4,6.1,12.6,11.7,7.6,14.4,6.2,11.9,11.9,17.2,13.4,11.7,11.3,7.9,6.5,8.7,6.8,17.7,11.9,13,11.7,9.2,13.8,15.7,12.6,3,6.8,11.9,20.5,9.4,16.9,19.8,9.7,15.5,12.6,7.9,15.8,8.6,13.7,12.2,18.4,14,14.4,13,10.4,8.6,11.2,9,18.7,12.6,14.8,14,10.8,14.4,17.6,13.7,6.5,9,,,,,,22.2204,114.2127
2026-10-13T14:00,25.6,26,26.4,25.2,25.3,25.8,26.4,26,25.8,26.5,26.1,26,25.5,26.2,25.6,25.4,26.3,25.1,27.1,26.6,25.6,26.5,26.2,26,26,25.2,25.8,26.4,26,25.4,26,26.1,26.3,26.2,25.5,26.1,26.5,25.2,25.5,26.6,91,88,78,84,86,83,77,82,83,86,83,78,86,78,87,80,88,83,74,73,87,82,82,80,90,87,85,79,88,86,79,84,88,82,82,87,78,84,87,85,0,0,0,0,0,0,0,0,0,0,0,0,0,0,0,0,0,0,0,0,0,0,0,0,0,0,0,0,0,0,0,0,0,0,0,0,0,0,0,0,0.7,5,1.9,4,3.6,2.4,3,1.3,1.1,2.9,1.1,3.4,3.9,1.8,2.6,2.9,2.6,1.5,1.8,3.8,3.3,0.8,4.8,3.8,1.8,1.8,2.9,3.5,2.9,2.9,1.8,0.5,5.3,3.3,2.5,2.5,2.7,4.8,2.5,1.8,,,,,,,,,,,,,,,,,,,,,,,,,,,,,,,,,,,,,,,,,27.8,27.2,28,27.7,27.1,28.1,27.6,27,28.1,28,27.8,27.9,28,26.3,28,27.5,27.5,27.9,27.8,28.4,27.5,27.2,28.4,27.6,28,27,27.9,27.8,27.5,27.9,28,68,73,67,73,69,67,66,63,65,73,63,69,71,68,67,63,70,68,66,65,68,72,67,69,65,69,70,72,67,67,70,0,0,0,0,0,0,0,0,0,0,0,0,0,0,0,0,0,0,0,0,0,0,0,0,0,0,0,0,0,0,0,9.4,19.7,7.6,16.2,18.1,6.6,13,10.7,10.2,15.3,6.4,11.6,11.2,16.3,13,11.5,11.3,7.9,6.8,8.5,6.4,17.5,11.8,13.3,11.9,8.3,13.3,15.5,12.6,3.7,7.1,12.2,20.2,9.4,17.3,19.4,9.4,15.5,11.9,10.1,16.2,8.6,13.3,11.5,17.3,14,14,12.6,10.1,9.4,10.8,9,18.7,11.9,15.1,14,10.1,14,17.6,14,6.1,9.4,,,,,,22.2204,114.2127
2026-10-13T15:00,25.8,26,26.4,25.2,25.3,25.9,26.4,26.1,25.9,26.4,26.2,26.1,25.5,26.5,25.6,25.4,26.2,25.2,27.2,26.7,25.5,26.6,26.2,26,26,25.3,25.8,26.5,26.1,25.4,26.1,26.2,26.4,26.3,25.6,26.1,26.5,25.2,25.5,26.6,90,88,78,84,85,83,75,81,83,86,82,78,86,76,86,80,88,82,73,71,87,82,81,79,90,88,86,79,88,86,78,84,87,82,81,87,78,83,86,85,0,0,0,0,0,0,0,0,0,0,0,0,0,0,0,0,0,0,0,0,0,0,0,0,0,0,0,0,0,0,0,0,0,0,0,0,0,0,0,0,0.7,4.3,1.8,3.6,2.9,2.2,2.9,1.4,1.5,3,1.6,2.9,3.3,2.2,2.2,2.7,2.7,1.5,2.2,3.7,2.9,0.4,4.4,3.7,1.9,1.6,2.9,3.5,2.9,3.1,1.9,1.1,5.2,3.3,2.3,2.6,2.6,4.7,2.2,1.8,,,,,,,,,,,,,,,,,,,,,,,,,,,,,,,,,,,,,,,,,27.8,27.3,28,27.8,27.2,28,27.7,27,28.1,28,27.8,28,28,26.5,28,27.5,27.5,27.9,27.8,28.4,27.4,27.3,28.5,27.6,28.1,26.9,28,27.8,27.5,27.8,27.8,67,73,67,72,69,67,65,62,65,73,62,68,71,67,67,62,70,67,66,64,68,71,66,69,65,69,69,72,66,68,70,0,0,0,0,0,0,0,0,0,0,0,0,0,0,0,0,0,0,0,0,0,0,0,0,0,0,0,0,0,0,0,9.5,18.7,8.8,15.9,18,6.6,13.7,9.7,11.6,16.3,5.9,12.1,10.9,15.1,12.8,11.4,11.5,7.6,7.2,7.7,7.1,17,10.5,13.4,12.1,7.6,13.1,15.2,12.8,5.9,8.6,12.6,19.8,9.7,17.6,19.1,9.4,16.6,10.8,11.5,16.9,8.3,13.7,11.2,16.2,14,14,12.2,9.7,10.1,10.4,9,18,11.5,15.1,14,9.7,14,17.3,14,6.5,9.4,,,,,,22.2204,114.2127
2026-10-13T16:00,25.9,26,26.4,25.2,25.4,25.9,26.5,26.2,26,26.4,26.3,26.1,25.6,26.7,25.7,25.5,26.2,25.4,27.2,26.8,25.4,26.6,26.3,26.1,26,25.4,25.8,26.6,26.1,25.4,26.2,26.4,26.4,26.3,25.7,26.1,26.6,25.2,25.5,26.6,90,88,77,84,84,82,74,80,83,86,81,77,85,74,86,80,89,81,72,70,87,82,80,77,90,89,86,78,88,86,77,83,87,82,81,87,77,82,86,86,0,0,0,0,0,0,0,0,0,0,0,0,0,0,0,0,0,0,0,0,0,0,0,0,0,0,0,0,0,0,0,0,0,0,0,0,0,0,0,0,1.1,3.8,1.4,3.4,2.6,2.2,2.9,1.8,1.6,3.2,2.1,2.9,3.3,2.7,2.2,2.9,2.8,1.8,2.3,3.7,2.6,0.8,4,3.3,2.6,1.8,2.9,3.5,2.7,3.4,1.8,1.8,5,3.4,2.3,2.4,2.5,4.6,2.3,2.2,,,,,,,,,,,,,,,,,,,,,,,,,,,,,,,,,,,,,,,,,27.8,27.3,27.9,27.8,27.2,27.8,27.7,27,28,27.9,27.7,28,27.9,26.6,27.9,27.6,27.4,27.9,27.7,28.3,27.2,27.3,28.5,27.6,28,26.7,28,27.8,27.5,27.5,27.6,66,73,67,72,69,67,65,61,66,74,61,68,71,66,67,62,71,66,66,63,69,71,65,69,65,69,69,72,65,69,71,0,0,0,0,0,0,0,0,0,0,0,0,0,0,0,0,0,0,0,0,0,0,0,0,0,0,0,0,0,0,0,9.5,18.1,9.8,15.5,18.1,6.6,14.5,8.9,12.9,17.1,5.1,12.9,11.3,14.2,12.9,10.6,11.5,6.8,7.9,7.1,7.9,16.2,8.3,13.8,12.3,7.4,13,15,12.8,8.3,10,13,19.1,10.1,18,19.1,9.7,17.6,9.7,13,17.6,8.3,14.4,11.2,14.8,14.4,13.7,11.5,9.4,10.4,10.1,9.4,17.3,11.5,15.1,14,9.7,14,16.6,13.7,7.2,9.4,,,,,,22.2204,114.2127
2026-10-13T17:00,26.1,26,26.5,25.2,25.4,26,26.5,26.3,26,26.4,26.4,26.2,25.6,27,25.7,25.5,26.2,25.5,27.3,26.8,25.3,26.7,26.3,26.1,26.1,25.5,25.8,26.7,26.1,25.5,26.2,26.5,26.4,26.4,25.8,26.1,26.6,25.2,25.5,26.6,90,88,77,84,84,82,73,79,82,86,81,76,85,73,85,79,89,80,72,69,87,82,79,76,90,90,86,77,89,85,76,82,87,82,80,87,76,81,86,86,0,0,0,0,0,0,0,0,0,0,0,0,0,0,0,0,0,0,0,0,0,0,0,0,0,0,0,0,0,0,0,0,0,0,0,0,0,0,0,0,1.8,3.6,1.5,3.4,2.5,2.4,2.9,2.4,1.6,3.4,2.6,2.9,3.1,3.2,2.4,2.9,3.1,2.2,2.7,3.6,2.7,1.1,3.7,2.9,3.1,2.3,2.6,3.4,3.1,3.8,1.8,2.5,4.7,3.8,2.4,2.6,2.5,4.5,2.4,2.3,,,,,,,,,,,,,,,,,,,,,,,,,,,,,,,,,,,,,,,,,27.7,27.3,27.9,27.7,27.2,27.7,27.7,26.9,27.8,27.8,27.6,27.9,27.8,26.6,27.8,27.5,27.3,27.8,27.6,28.1,27,27.2,28.5,27.5,27.9,26.5,27.9,27.7,27.5,27.3,27.4,66,73,68,72,70,67,66,61,67,75,60,68,71,66,67,62,71,66,66,63,70,71,65,70,66,69,69,73,65,70,72,0,0,0,0,0,0,0,0,0,0,0,0,0,0,0,0,0,0,0,0,0,0,0,0,0,0,0,0,0,0,0,9.6,17.3,10.5,14.8,18,6.3,14.6,8.4,13.4,17.4,4.6,13.1,11.2,13.5,12.9,10,11.2,6.4,8.5,6.9,8.4,15.6,7.4,14.1,12.6,8,12.8,15.1,12.7,9.7,11.1,12.6,18.4,10.4,17.6,18.7,9.4,18.4,8.6,13.7,18,8.3,14.8,11.2,13.7,14.4,13.3,10.8,9.4,10.8,9.7,9,16.6,11.5,15.1,14,9.4,14,15.8,13.3,7.6,9.4,,,,,,22.2204,114.2127
2026-10-13T18:00,26.2,26,26.5,25.2,25.5,26,26.5,26.4,26.1,26.3,26.5,26.2,25.6,27.2,25.8,25.6,26.2,25.6,27.3,26.9,25.3,26.7,26.4,26.1,26.1,25.5,25.8,26.7,26.1,25.5,26.3,26.6,26.4,26.4,25.9,26.1,26.6,25.2,25.5,26.6,89,88,76,84,83,82,72,79,82,86,80,75,84,71,85,79,89,79,71,69,87,82,79,75,90,91,87,77,89,85,75,82,87,82,80,88,76,80,86,86,0,0,0,0,0,0,0,0,0,0,0,0,0,0,0,0,0,0,0,0,0,0,0,0,0,0,0,0,0,0,0,0,0,0,0,0,0,0,0,0,2.3,3.2,1.6,3.8,2.5,2.9,2.6,2.9,1.8,3.3,2.8,2.6,3.2,3.7,2.9,3.3,3.3,2.6,2.7,4,3.1,1.4,3.4,2.9,3.6,2.9,2.7,3.4,3.6,4.1,2.2,2.9,4.6,3.9,2.1,2.8,2.6,4.4,2.9,2.4,,,,,,,,,,,,,,,,,,,,,,,,,,,,,,,,,,,,,,,,,27.6,27.2,27.8,27.6,27.1,27.5,27.5,26.7,27.6,27.6,27.6,27.8,27.7,26.7,27.7,27.5,27.2,27.7,27.5,28,26.9,27.1,28.3,27.3,27.7,26.3,27.7,27.5,27.4,27.2,27.3,66,74,69,73,71,68,68,61,69,76,60,70,72,66,68,63,71,66,67,63,70,72,66,72,67,70,71,74,66,71,73,0,0,0,0,0,0,0,0,0,0,0,0,0,0,0,0,0,0,0,0,0,0,0,0,0,0,0,0,0,0,0,9.4,16.4,10.4,14.2,16.8,6.2,14.1,7.8,13.2,17,4.7,12.4,10.8,12.3,12.9,9,10.6,6.4,9.1,7.2,7.8,15.7,8,14.5,13,8,12.4,14.4,12.3,9.7,11.2,11.5,17.3,10.8,16.6,17.6,8.3,17.3,7.6,13.7,17.6,8.6,14,10.8,12.6,14,11.9,10.1,9.7,10.8,9.7,7.9,16.9,11.2,15.5,14,8.6,13.7,15.1,13,7.9,9.7,,,,,,22.2204,114.2127
2026-10-13T19:00,26.3,26,26.5,25.2,25.5,26,26.6,26.5,26.2,26.3,26.6,26.3,25.6,27.3,25.8,25.6,26.1,25.7,27.3,27,25.2,26.7,26.4,26.2,26.1,25.6,25.8,26.8,26.1,25.5,26.3,26.7,26.5,26.4,25.9,26.1,26.7,25.2,25.6,26.6,89,88,76,84,83,81,71,78,82,86,79,75,84,70,84,79,89,78,71,68,86,82,78,74,90,92,87,76,89,85,74,81,86,82,80,88,75,80,86,86,0,0,0,0,0,0,0,0,0,0,0,0,0,0,0,0,0,0,0,0,0,0,0,0,0,0,0,0,0,0,0,0,0,0,0,0,0,0,0,0,2.8,3.3,1.8,3.8,2.6,3.1,2.6,3.2,1.8,3.6,3.1,2.7,3.6,3.9,3.3,3.3,3.6,2.7,3.2,4,3.3,1.8,3.2,2.5,3.8,3.2,2.9,3.4,3.8,4.6,2.3,3.3,4.5,4.2,2.1,3.1,2.7,4.4,3.1,2.6,,,,,,,,,,,,,,,,,,,,,,,,,,,,,,,,,,,,,,,,,27.5,26.9,27.6,27.3,26.9,27.3,27.3,26.6,27.3,27.4,27.5,27.6,27.5,26.7,27.5,27.3,27.1,27.6,27.4,27.8,26.8,26.9,28,27,27.5,26.1,27.5,27.3,27.2,27,27.2,66,76,71,75,73,69,70,61,70,78,60,72,74,67,69,65,71,66,68,64,70,74,69,74,69,71,73,76,68,71,74,0,0,0,0,0,0,0,0,0,0,0,0,0,0,0,0,0,0,0,0,0,0,0,0,0,0,0,0,0,0,0,9.2,15,10.1,13.2,15,6.1,13.7,6.6,12.6,15.6,4.7,11.9,10,11.1,12.7,8.7,9.3,6.6,9.1,7,6.6,15.8,9.1,15,13.5,7.8,12,13.6,12.6,9.1,10.5,10.1,15.8,11.5,14.4,16.2,6.5,15.5,6.8,13.3,16.9,9.4,12.6,10.1,11.5,13.3,10.1,9.7,10.4,10.1,10.4,6.1,17.3,10.8,15.8,14,7.6,13.3,14,13,7.9,10.1,,,,,,22.2204,114.2127
2026-10-13T20:00,26.4,26,26.5,25.2,25.5,26,26.6,26.5,26.2,26.3,26.7,26.3,25.6,27.4,25.8,25.6,26.1,25.7,27.3,27,25.2,26.7,26.4,26.2,26.1,25.6,25.8,26.8,26.1,25.5,26.3,26.8,26.5,26.4,25.9,26.1,26.7,25.2,25.6,26.6,89,88,76,84,83,81,71,78,82,86,79,75,84,70,84,79,89,78,71,68,86,82,78,74,90,92,87,76,89,85,74,80,86,82,80,88,75,79,86,86,0,0,0,0,0,0,0,0,0,0,0,0,0,0,0,0,0,0,0,0,0,0,0,0,0,0,0,0,0,0,0,0,0,0,0,0,0,0,0,0,3.1,3,1.8,3.8,2.6,3.1,2.6,3.5,1.8,3.6,3.4,2.7,3.6,4.2,3.3,3.3,3.6,3.1,3.2,4,3.3,1.8,3.2,2.5,3.8,3.2,2.9,3.4,3.8,4.6,2.3,3.3,4.5,4.2,2.1,3.1,2.7,4.4,3.1,2.6,,,,,,,,,,,,,,,,,,,,,,,,,,,,,,,,,,,,,,,,,27.4,26.7,27.5,27.1,26.8,27.2,27.1,26.4,27.1,27.2,27.4,27.4,27.4,26.6,27.3,27.2,27,27.5,27.2,27.6,26.7,26.7,27.8,26.8,27.2,25.9,27.3,27.1,27,26.9,27,67,78,72,76,74,69,72,61,72,79,60,74,75,68,71,66,72,67,69,65,70,76,71,75,71,72,75,77,70,72,75,0,0,0,0,0,0,0,0,0,0,0,0,0,0,0,0,0,0,0,0,0,0,0,0,0,0,0,0,0,0,0,8.8,13.6,9.7,12.3,13.6,6.1,13,5.9,12.1,14.3,5.5,10.9,9,10,12.4,7.9,8.8,7,9.1,6.9,5.9,15.5,9.6,15,14,7.2,11.7,12.3,12.6,8.6,10,8.6,14.8,11.2,13,14.8,5.8,14,6.1,13.3,16.2,10.1,11.5,9.4,10.4,13,8.6,9.4,10.4,9.7,10.4,5,17.3,10.1,15.8,14.4,6.8,12.6,13,13,7.9,10.1,,,,,,22.2204,114.2127
2026-10-13T21:00,26.4,25.9,26.5,25.3,25.5,26,26.6,26.5,26.2,26.3,26.7,26.3,25.6,27.4,25.8,25.6,26.1,25.8,27.3,27,25.2,26.6,26.4,26.2,26.1,25.5,25.8,26.8,26.1,25.5,26.3,26.9,26.5,26.4,25.9,26.1,26.7,25.2,25.6,26.6,89,88,76,84,83,81,71,78,82,86,79,75,84,70,84,79,89,78,71,68,85,82,78,74,90,92,87,76,89,85,74,79,86,82,80,88,75,78,86,86,0,0,0,0,0,0,0,0,0,0,0,0,0,0,0,0,0,0,0,0,0,0,0,0,0,0,0,0,0,0,0,0,0,0,0,0,0,0,0,0,3.3,2.6,1.8,3.8,2.6,3.1,2.6,3.8,1.8,3.3,3.7,2.7,3.6,4.5,3.3,3.3,3.6,3.4,3.2,4,3.3,1.8,3.2,2.5,3.6,3.2,2.9,3.4,3.6,4.3,2.3,2.9,4.5,4.2,2.1,3.1,2.7,4.4,3.1,2.6,,,,,,,,,,,,,,,,,,,,,,,,,,,,,,,,,,,,,,,,,27.2,26.6,27.3,27,26.7,27.3,26.9,26.4,26.9,27.1,27.2,27.2,27.2,26.6,27.1,27.1,26.8,27.4,27.1,27.4,26.6,26.6,27.6,26.7,27,25.8,27.1,26.9,26.8,26.8,26.9,68,79,73,77,75,69,74,62,73,80,61,75,76,69,73,67,73,68,70,66,71,77,73,75,73,72,76,78,72,73,75,0,0,0,0,0,0,0,0,0,0,0,0,0,0,0,0,0,0,0,0,0,0,0,0,0,0,0,0,0,0,0,7.8,12.4,8.6,11.3,12.4,5.5,12.4,6,12.5,13.3,6.9,9.9,8.4,9,12.2,6.7,8.6,6.7,8.8,6.3,5.7,14.3,8.2,13.8,14.5,6.6,11.2,10.8,12.9,8,9.3,7.2,13.7,9.7,11.9,13.7,6.8,13.3,6.5,13.7,15.1,10.8,10.4,8.6,9.4,13,7.6,9,9.4,9,10.1,4.7,15.8,8.6,14.4,15.5,6.1,11.9,11.9,13.7,7.9,9.4,,,,,,22.2204,114.2127
2026-10-13T22:00,26.4,25.9,26.5,25.3,25.5,26,26.5,26.5,26.1,26.2,26.7,26.2,25.6,27.3,25.8,25.6,26.1,25.8,27.3,26.9,25.1,26.6,26.4,26.1,26.1,25.4,25.8,26.8,26.1,25.6,26.3,26.9,26.5,26.4,25.9,26.1,26.7,25.2,25.6,26.6,89,88,76,84,83,81,71,78,82,86,79,76,84,70,84,79,89,77,72,69,84,83,78,74,89,91,87,76,89,85,74,78,85,81,81,88,75,78,86,86,0,0,0,0,0,0,0,0,0,0,0,0,0,0,0,0,0,0,0,0,0,0,0,0,0,0,0,0,0,0,0,0,0,0,0,0,0,0,0,0,3.1,2.6,2.1,3.6,2.6,2.9,2.2,4,1.6,2.8,3.9,2.6,3.4,4.3,3.1,3.3,3.3,3.4,3.1,4,3.4,1.4,3.1,2.2,3.3,2.5,2.7,3.4,3.6,4.4,2.3,2.6,4.5,4.5,1.9,2.8,3,4.5,3.2,2.6,,,,,,,,,,,,,,,,,,,,,,,,,,,,,,,,,,,,,,,,,27,26.5,27.1,26.9,26.6,27.4,26.7,26.4,26.8,27.1,27.1,27.1,27.1,26.5,27,27,26.7,27.2,26.9,27.3,26.4,26.5,27.3,26.6,26.8,25.8,27,26.9,26.6,26.8,26.7,69,80,74,77,75,68,76,63,74,81,64,76,77,69,75,67,75,68,71,66,71,78,74,75,75,73,77,79,74,73,76,0,0,0,0,0,0,0,0,0,0,0,0,0,0,0,0,0,0,0,0,0,0,0,0,0,0,0,0,0,0,0,7,11.2,7.2,10,11.1,4.8,11.5,6.9,13.2,11.8,8.9,8.5,7.6,8.2,11.9,5.2,8.5,6.6,8.2,5.6,5.3,12.4,6.4,12.1,15,6.2,10.5,9.5,13.3,7.4,8.4,6.1,12.2,7.6,10.8,12.2,8.3,12.6,6.8,14.8,13.7,11.9,9.4,7.9,8.6,13,6.8,9,7.6,8.3,9.7,4.3,13.7,6.8,12.6,16.9,5.8,11.2,10.4,14.4,7.6,8.3,,,,,,22.2204,114.2127
2026-10-13T23:00,26.4,25.9,26.5,25.3,25.5,26,26.5,26.4,26.1,26.2,26.7,26.2,25.6,27.3,25.8,25.7,26.1,25.8,27.2,26.9,25.1,26.5,26.4,26.1,26,25.3,25.8,26.7,26,25.6,26.3,27,26.5,26.3,25.8,26.1,26.7,25.2,25.6,26.7,89,88,76,84,84,81,72,78,83,86,79,77,84,71,84,79,89,77,72,70,83,84,79,75,89,90,88,76,90,85,75,77,85,81,81,88,76,77,87,86,0,0,0,0,0,0,0,0,0,0,0,0,0,0,0,0,0,0,0,0,0,0,0,0,0,0,0,0,0,0,0,0,0,0,0,0,0,0,0,0,3.1,2.2,1.9,3.3,2.2,2.7,2.2,4.3,1.6,2.6,3.8,2.5,3.5,4.2,3.2,2.9,2.8,3.7,3,4.4,3.7,1.1,3,2.2,2.9,2.2,3,3.4,3.5,4.2,2.2,1.9,4.1,4.4,1.6,2.6,2.9,4.6,3.4,2.4,,,,,,,,,,,,,,,,,,,,,,,,,,,,,,,,,,,,,,,,,26.8,26.4,27,26.8,26.5,27.5,26.6,26.3,26.7,27,26.9,27,26.9,26.4,26.8,26.9,26.6,27.1,26.7,27.2,26.3,26.4,27.2,26.6,26.7,25.7,26.8,26.8,26.4,26.7,26.6,70,80,74,78,75,67,77,64,74,81,65,77,78,70,77,68,76,69,72,67,72,78,75,75,76,73,78,79,76,74,76,0,0,0,0,0,0,0,0,0,0,0,0,0,0,0,0,0,0,0,0,0,0,0,0,0,0,0,0,0,0,0,5.4,10.2,5.8,9.7,10.2,4.4,10.4,6.8,13.5,10.9,9.5,7.3,6.5,7.6,11.6,5.4,8.4,6.2,7.4,5.1,5.1,10.9,4.8,10.6,15.3,5.8,9.4,8.5,13.6,7.2,7.2,5,11.5,5.8,10.1,11.2,9.7,11.5,7.2,15.1,12.6,11.9,8.3,6.8,7.9,13,6.8,9,6.1,7.6,9.4,4.3,11.9,6.1,11.5,17.6,5.4,10.1,9.4,14.8,7.6,7.2,,,,,,22.2204,114.2127
2026-10-14T00:00,26.3,25.8,26.4,25.4,25.5,26,26.5,26.4,26,26.2,26.6,26.2,25.6,27.1,25.8,25.6,26.1,25.8,27.2,26.8,25.1,26.4,26.4,26.1,26,25.2,25.8,26.7,26,25.6,26.2,27,26.5,26.2,25.8,26.1,26.6,25.1,25.6,26.7,89,89,76,84,84,81,73,79,83,86,79,77,85,72,85,80,89,77,73,71,82,85,80,76,88,88,88,76,90,86,76,75,84,81,82,88,76,77,87,85,0,0,0,0,0,0,0,0,0,0,0,0,0,0,0,0,0,0,0,0,0,0,0,0,0,0,0,0,0,0,0,0,0,0,0,0,0,0,0,0,2.9,1.8,2.2,2.9,2.2,2.6,1.8,4.7,1.5,1.9,4,2.2,3.3,4.5,3.1,2.9,2.9,3.6,2.9,4.4,3.8,0.8,2.9,1.8,2.3,1.4,2.9,3.5,3.7,3.9,1.8,1,4.2,4.3,1.5,2.7,3.2,5,3.3,2.6,,,,,,,,,,,,,,,,,,,,,,,,,,,,,,,,,,,,,,,,,26.7,26.3,26.8,26.6,26.5,27.5,26.4,26.2,26.6,26.9,26.7,27,26.8,26.3,26.7,26.8,26.6,26.9,26.6,27,26.2,26.3,27.1,26.5,26.5,25.6,26.7,26.7,26.4,26.6,26.5,70,80,74,79,75,66,77,64,74,81,65,77,78,70,77,69,76,70,72,67,72,78,75,75,77,74,78,79,77,74,76,0,0,0,0,0,0,0,0,0,0,0,0,0.1,0,0,0,0,0,0,0,0,0,0,0,0,0,0.1,0,0,0,0,3.4,9.7,4.7,9.8,9.1,4.5,8.6,5,13.3,10,8,6.3,4.8,6.9,11,6.5,8.3,6.2,6.4,4.1,4.8,9.4,4.3,10.4,14.8,5.5,7.9,7.9,13,7.1,6.2,4,10.8,4.7,10.1,10.1,9.7,9.4,6.1,15.1,11.9,10.1,7.6,5,7.6,12.2,7.6,9,5.4,6.1,8.6,4,10.1,6.8,11.5,16.9,5.4,8.6,8.6,14.4,7.6,6.5,,,,,,22.2204,114.2127
2026-10-14T01:00,26.3,25.7,26.4,25.4,25.4,26,26.4,26.3,26,26.2,26.6,26.1,25.6,27,25.7,25.6,26.1,25.8,27.1,26.8,25.1,26.3,26.4,26,26,25,25.8,26.7,26,25.6,26.2,27,26.5,26.2,25.7,26.1,26.6,25.1,25.6,26.7,89,89,76,84,84,81,74,79,83,86,79,79,85,73,85,80,89,76,74,72,80,86,81,77,87,87,88,76,90,86,77,74,83,80,83,88,77,76,87,85,0,0,0,0,0,0,0,0,0,0,0,0,0,0,0,0,0,0,0,0,0,0,0,0,0,0,0,0,0,0,0,0,0,0,0,0,0,0,0,0,2.9,1.5,2.5,2.6,2.2,2.2,1.8,5.2,1.5,1.4,4.3,2.3,3.6,4.3,2.9,2.5,2.6,4,2.9,4.5,4.4,0.5,3.3,1.6,2.2,0.4,3.3,3.5,4,4,1.8,0.8,4.2,4.7,1.5,2.6,3.3,5.2,3.6,2.5,,,,,,,,,,,,,,,,,,,,,,,,,,,,,,,,,,,,,,,,,26.6,26.3,26.7,26.5,26.4,27.5,26.3,26.2,26.5,26.7,26.5,27,26.7,26.2,26.6,26.6,26.6,26.7,26.5,26.8,26,26.2,27.1,26.5,26.4,25.5,26.7,26.7,26.3,26.4,26.4,70,79,73,79,75,65,76,64,75,81,65,76,78,71,77,70,76,71,72,68,73,77,74,75,77,74,78,78,77,75,77,0,0,0,0,0,0,0,0,0,0,0,0,0.1,0,0,0,0,0,0,0,0,0,0,0,0,0,0.1,0,0,0,0,1.5,9.4,4.1,9.7,8.3,4.6,6.8,2.9,13.1,10,5.9,5.8,2.9,6.8,10.1,8.6,8.6,6,5.1,3,4.3,8,4.8,10.5,13.7,5.5,6.4,7.3,12.3,7.1,5.5,2.5,10.8,4.3,10.4,8.6,9.4,7.2,5,14.4,11.2,7.2,6.8,3.2,7.6,11.2,9.4,9.4,5,5,7.9,3.6,8.6,8.6,11.9,15.8,5.4,6.8,8.6,13.7,7.2,5.8,,,,,,22.2204,114.2127
2026-10-14T02:00,26.2,25.7,26.3,25.5,25.4,26,26.4,26.2,25.9,26.2,26.6,26.1,25.6,26.8,25.7,25.6,26.1,25.7,27,26.7,25.1,26.1,26.4,26,26,24.9,25.8,26.6,26,25.6,26.1,27,26.5,26.1,25.6,26.1,26.6,25.1,25.6,26.7,89,89,77,85,85,81,75,80,84,87,79,80,85,75,86,80,89,76,75,73,79,87,82,78,87,85,88,76,91,86,78,72,83,80,83,88,77,76,88,85,0,0,0,0,0,0,0,0,0,0,0,0,0,0,0,0,0,0,0,0,0,0,0,0,0,0,0,0,0,0,0,0,0,0,0,0,0,0,0,0,3.4,1.6,2.9,2.5,2.4,2.2,1.6,5.8,1.4,1.8,4.7,2.6,3.7,4.3,3.3,2.5,2.5,4.3,3,4.7,4.7,0.4,3.4,1.8,2.1,0.4,3.3,3.5,4.6,4,1.8,1.8,4.3,4.7,1.4,2.5,3.8,5.3,4,2.5,,,,,,,,,,,,,,,,,,,,,,,,,,,,,,,,,,,,,,,,,26.6,26.3,26.6,26.4,26.3,27.4,26.2,26.1,26.5,26.6,26.4,26.9,26.6,26.1,26.6,26.5,26.6,26.5,26.4,26.7,25.9,26.2,27,26.4,26.3,25.4,26.6,26.6,26.3,26.2,26.3,70,79,73,80,75,65,76,64,75,81,65,76,78,71,77,72,76,72,72,68,73,77,74,75,77,75,77,78,77,75,77,0,0,0,0,0,0,0,0,0,0,0,0,0.1,0,0,0,0,0,0,0,0,0,0,0,0,0,0.1,0,0,0,0,0.4,9.6,3.4,10,7.2,4.7,5.6,2.7,12.8,10.1,5.4,6.2,1.8,7.1,9.5,10.2,8.3,5.5,4.2,3.4,3.8,7.4,6.4,11.6,13.6,5.6,5.1,7.5,12.1,6.8,4.5,2.5,10.8,4,10.8,7.9,9.4,6.1,4.3,14.4,11.5,6.1,7.2,2.2,7.9,10.4,11.2,9,4.7,4.3,7.9,3.6,7.9,10.4,13,15.5,5.8,5.4,8.6,13.3,6.8,5,,,,,,22.2204,114.2127
2026-10-14T03:00,26.2,25.6,26.3,25.6,25.4,26,26.3,26.1,25.8,26.2,26.5,26,25.7,26.6,25.7,25.6,26.2,25.7,26.9,26.6,25.2,26,26.4,25.9,25.9,24.7,25.7,26.6,25.9,25.6,26.1,27,26.5,26,25.6,26.1,26.5,25.1,25.6,26.7,89,89,77,85,85,81,76,80,84,87,79,81,86,76,86,80,88,76,76,74,78,87,83,79,86,84,88,76,91,86,79,71,82,79,84,88,78,76,88,85,0,0,0,0,0,0,0,0,0,0,0,0,0,0,0,0,0,0,0,0,0,0,0,0,0,0,0,0,0,0,0,0,0,0,0,0,0,0,0,0,3.7,1.5,3.3,2.6,2.3,2.4,1.8,6.1,1.5,2.1,5.1,3.1,4.2,4.4,3.4,2.3,3,4.4,3.1,4.8,5.1,0.8,4,1.8,2.8,1.4,3.9,3.7,5.6,4.5,1.5,2.7,4.2,4.7,1.5,2.9,4.3,5.7,4.4,2.5,,,,,,,,,,,,,,,,,,,,,,,,,,,,,,,,,,,,,,,,,26.5,26.3,26.6,26.3,26.2,27.2,26.2,26,26.4,26.5,26.3,26.8,26.6,26,26.5,26.3,26.5,26.3,26.3,26.6,25.8,26.1,26.9,26.3,26.2,25.4,26.6,26.5,26.1,26.1,26.2,71,79,73,81,75,65,76,65,75,81,67,77,77,72,78,74,76,72,73,69,74,77,75,76,78,76,76,78,79,75,77,0,0,0,0,0,0,0.1,0,0,0.1,0,0.2,0.1,0,0.2,0,0,0,0,0,0,0,0,0.1,0.2,0,0.1,0,0,0,0,2.4,10,2.7,10,6.5,5.5,6.1,4.1,12.9,11.2,7.3,7.9,1.8,8.2,9.4,12.1,7.6,4.1,4.7,6,4,7.8,8.7,13,14.1,6.3,4.1,8.6,12.7,5.9,3.4,4,11.5,4.3,11.2,7.9,9.7,7.2,5,14.8,12.6,7.9,9.4,2.2,9,10.8,13.3,7.9,4.7,5,9.7,4.3,8.3,12.2,14.8,16.2,7.2,4.7,9.4,14.4,6.1,3.6,,,,,,22.2204,114.2127
2026-10-14T04:00,26.1,25.6,26.2,25.6,25.4,26,26.3,26,25.8,26.2,26.4,26,25.7,26.5,25.6,25.6,26.2,25.7,26.9,26.5,25.2,25.9,26.4,25.9,25.9,24.6,25.7,26.5,25.9,25.6,26,27,26.5,25.9,25.5,26.1,26.5,25.1,25.5,26.7,89,89,77,85,86,81,77,81,84,87,79,82,86,78,87,81,88,76,77,76,76,88,83,80,85,82,88,77,91,86,80,69,81,79,85,88,79,75,88,84,0,0,0,0,0,0,0,0,0,0,0,0,0,0,0,0,0,0,0,0,0,0,0,0,0,0,0,0,0,0,0,0,0,0,0,0,0,0,0,0,3.9,1.6,3.7,3.2,2.5,2.6,1.8,6.8,1.6,2.7,5.6,3.3,4.8,4.9,3.7,2.4,3.2,4.8,3.4,5.3,5.8,1.1,4.4,1.8,3.4,2.2,4,3.7,6.5,4.8,1.6,3.8,4.2,5.2,1.1,3,4.8,6.2,4.9,2.6,,,,,,,,,,,,,,,,,,,,,,,,,,,,,,,,,,,,,,,,,26.4,26.2,26.5,26.2,26.1,27,26.2,26,26.3,26.5,26.2,26.7,26.7,25.9,26.4,26,26.4,26.2,26.2,26.6,25.7,26,26.8,26.2,26.1,25.4,26.6,26.4,26,26.1,26.1,71,80,74,81,76,65,77,66,76,82,69,78,77,73,79,77,75,73,73,70,74,78,76,78,79,76,76,79,81,74,78,0,0,0,0,0,0,0.1,0,0,0.1,0,0.2,0.1,0,0.2,0,0,0,0,0,0,0,0,0.1,0.2,0,0.1,0,0,0,0,4.6,11.1,3.4,9.8,6.7,7.5,8.2,5.9,13.3,13,10.6,11.2,2.3,9.9,10.1,14.2,6.8,3.1,6.1,9.2,5.1,8.9,11.1,15,14.8,7.7,3.6,9.8,13.9,4.9,2.5,6.5,12.6,5,11.2,7.9,10.4,9.7,6.8,15.5,14.8,11.2,12.2,2.9,10.8,11.5,15.5,6.8,4.7,6.8,12.6,5.8,9.7,14,16.9,17.6,8.6,4.3,10.8,15.8,4.7,2.5,,,,,,22.2204,114.2127
2026-10-14T05:00,26,25.5,26.2,25.7,25.3,26,26.2,25.9,25.7,26.2,26.4,25.9,25.7,26.3,25.6,25.6,26.2,25.7,26.8,26.5,25.2,25.9,26.4,25.8,25.9,24.4,25.7,26.5,25.9,25.6,26,27,26.4,25.8,25.4,26.1,26.5,25.1,25.5,26.7,89,90,77,85,86,80,78,81,84,87,79,83,86,79,87,81,88,76,78,77,75,89,84,81,84,81,88,77,91,87,80,68,80,78,85,87,79,75,89,84,0,0,0,0,0,0,0,0,0,0,0,0,0,0,0,0,0,0,0,0,0,0,0,0,0,0,0,0,0,0,0,0,0,0,0,0,0,0,0,0,4.3,1.9,4.1,3.6,2.8,2.8,2.1,7.5,1.6,3.3,6,3.9,5.2,5,4.2,2.3,3.4,5.2,3.6,5.5,6.3,1.5,4.9,2.1,4.3,3.3,4.7,3.7,7.4,5.5,1.6,4.9,4.2,5.2,1.6,3.4,5.2,6.4,5.4,2.7,,,,,,,,,,,,,,,,,,,,,,,,,,,,,,,,,,,,,,,,,26.4,26.2,26.5,26.2,26.1,26.8,26.2,26,26.3,26.5,26.1,26.6,26.8,25.8,26.4,25.9,26.4,26.1,26.2,26.5,25.7,26,26.7,26.1,26.1,25.5,26.6,26.4,25.9,26.1,26.1,72,80,74,81,76,66,77,67,76,82,71,78,76,73,79,79,75,73,74,71,75,78,77,80,80,76,75,79,82,74,78,0,0,0,0,0,0,0.1,0,0,0.1,0,0.2,0.1,0,0.2,0,0,0,0,0,0,0,0,0.1,0.2,0,0.1,0,0,0,0,7.1,12,4.4,9.9,7.4,9.7,10.3,7.1,13.6,14.4,13.6,13.9,3.3,11.2,11.1,16.3,5.9,3.7,7.8,12.5,6.5,10,13.5,17.1,16.3,8.6,3.6,10.9,15.3,3.9,2.8,9,13.7,5.4,11.5,8.6,11.2,11.9,7.9,15.8,16.6,14.4,15.1,4.3,12.6,12.6,18,6.1,5,8.3,15.5,7.2,10.8,15.5,19.4,19.4,9.7,4.3,11.9,17.3,4,2.2,,,,,,22.2204,114.2127
2026-10-14T06:00,26,25.5,26.2,25.7,25.3,25.9,26.2,25.8,25.7,26.2,26.3,25.9,25.7,26.2,25.6,25.6,26.2,25.6,26.7,26.4,25.2,25.8,26.4,25.8,25.9,24.3,25.7,26.4,25.9,25.6,25.9,27,26.4,25.8,25.4,26.1,26.4,25.1,25.5,26.7,89,90,78,85,87,80,79,82,84,87,80,84,87,80,88,81,88,76,79,78,74,90,85,82,84,79,88,77,91,87,81,67,80,78,86,87,80,75,89,84,0,0,0,0,0,0,0,0,0,0,0,0,0,0,0,0,0,0,0,0,0,0,0,0,0,0,0,0,0,0,0,0,0,0,0,0,0,0,0,0,5.1,2.2,4.1,4.1,3.1,3.3,2.1,8,1.8,3.7,6.5,4.2,5.7,5.3,4.6,2.3,4.1,5.2,3.8,5.5,6.7,1.8,5.1,2.3,5,3.6,4.9,3.7,8.2,6,1.8,5.6,4.4,5.4,1.6,3.5,5.7,6.6,5.8,3.1,,,,,,,,,,,,,,,,,,,,,,,,,,,,,,,,,,,,,,,,,26.3,26.2,26.6,26.3,26.2,26.6,26.2,26,26.3,26.5,26,26.5,26.9,25.8,26.5,25.8,26.4,26.1,26.3,26.3,25.7,26,26.5,26,26.1,25.5,26.6,26.3,25.9,26.2,26.1,72,80,74,81,76,68,77,67,76,82,73,77,76,73,78,80,75,74,74,73,75,79,78,81,80,76,75,79,83,74,78,0,0,0,0,0,0,0.1,0,0,0.3,0,0.3,0,0,0.3,0.1,0.1,0,0,0,0,0,0,0.1,0.4,0,0.1,0.1,0.1,0,0,9.7,12.8,4.3,10.3,8.4,10.9,12.3,7.9,13.4,15.9,16.1,16.2,4.5,12.5,12.5,18.9,5.8,4.7,8.6,15.3,8.4,10.6,15.3,19.5,18.3,8.6,4.4,12,16.8,2.3,3.6,11.2,14,5.4,11.9,9.7,12.2,13.7,8.3,15.1,18.4,16.9,17.6,7.2,14.4,14,20.9,6.1,5.8,9.4,17.6,9,11.9,16.9,22.3,21.6,9.4,5,13.3,18.4,3.2,4,,,,,,22.2204,114.2127
2026-10-14T07:00,25.9,25.5,26.1,25.7,25.3,25.9,26.1,25.8,25.7,26.2,26.3,25.8,25.7,26.1,25.5,25.6,26.2,25.6,26.7,26.4,25.2,25.8,26.4,25.8,25.9,24.3,25.6,26.4,25.8,25.6,25.9,26.9,26.4,25.7,25.3,26.1,26.4,25,25.5,26.7,89,90,78,85,87,80,80,82,84,87,80,84,87,81,88,82,88,77,80,79,73,90,85,83,83,78,87,77,91,87,82,66,79,78,86,87,80,75,89,83,0,0,0,0,0,0,0,0,0,0,0,0,0,0,0,0,0,0,0,0,0,0,0,0,0,0,0,0,0,0,0,0,0,0,0,0,0,0,0,0,5.4,2.5,4.6,4.3,3.4,3.6,2.4,8.4,1.8,4,6.6,4.7,5.9,5.5,4.9,2.5,4.3,5.7,4.3,6,7.2,2.2,5.6,2.3,5.5,4,5.4,4,8.7,6.2,1.8,6,4.7,5.8,1.8,4,6.2,6.9,6,3.2,,,,,,,,,,,,,,,,,,,,,,,,,,,,,,,,,,,,,,,,,26.3,26.2,26.8,26.3,26.4,26.4,26.2,25.9,26.4,26.6,25.9,26.4,27.1,25.7,26.7,25.8,26.4,26.2,26.3,26,25.8,26,26.4,26,26.2,25.7,26.7,26.4,25.9,26.3,26.2,73,79,73,80,77,71,78,68,76,82,75,76,76,72,77,80,75,74,74,76,76,80,80,81,80,75,75,80,83,74,78,0,0,0,0,0,0,0.1,0,0,0.3,0,0.3,0,0,0.3,0.1,0.1,0,0,0,0,0,0,0.1,0.4,0,0.1,0.1,0.1,0,0,12.1,13.4,4.2,11.2,9.8,12,14.3,8.6,12.6,17,18.9,18.3,6.5,13.7,14.2,21.7,6.1,5.9,9.3,18,10.5,11.5,16.8,21.9,20.9,7.9,5.7,13.1,18.2,0.7,5.4,13.3,14.4,5,12.2,11.2,13.7,15.8,8.6,14,20.2,19.4,19.8,10.4,16.2,15.5,24.1,6.5,6.8,10.1,19.8,11.2,13,18,24.8,24.5,8.3,6.5,14.4,19.8,2.9,6.8,,,,,,22.2204,114.2127
2026-10-14T08:00,25.9,25.5,26.1,25.7,25.3,25.9,26.1,25.7,25.7,26.2,26.2,25.8,25.7,26,25.5,25.6,26.2,25.6,26.6,26.4,25.2,25.8,26.4,25.8,25.9,24.2,25.6,26.4,25.8,25.6,25.9,26.9,26.4,25.7,25.3,26.1,26.4,25,25.5,26.7,89,90,78,85,87,80,80,82,84,87,80,85,87,81,88,82,88,77,80,80,73,90,85,83,83,78,87,77,91,87,82,66,79,78,86,86,80,75,89,83,0,0,0,0,0,0,0,0,0,0,0,0,0,0,0,0,0,0,0,0,0,0,0,0,0,0,0,0,0,0,0,0,0,0,0,0,0,0,0,0,5.6,2.5,4.6,4.8,3.4,3.6,2.4,8.7,1.8,4.4,7,4.7,6.4,5.5,5.1,2.5,4.3,6,4.3,6,7.2,2.2,5.9,2.3,6,4.3,5.4,4,9.2,6.7,1.8,6.4,4.7,5.8,2.1,4,6.5,6.9,6.3,3.2,,,,,,,,,,,,,,,,,,,,,,,,,,,,,,,,,,,,,,,,,26.4,26.3,27,26.5,26.6,26.3,26.3,26.1,26.6,26.7,25.9,26.3,27.3,25.8,26.9,25.9,26.4,26.3,26.5,25.9,25.9,26.1,26.4,26.1,26.4,25.9,26.9,26.5,26,26.4,26.4,73,78,72,79,76,73,77,67,75,81,76,75,75,71,76,80,75,74,74,78,76,79,80,81,79,73,75,79,82,73,77,0,0,0,0,0,0,0.1,0,0,0.3,0,0.3,0,0,0.3,0.1,0.1,0,0,0,0,0,0,0.1,0.4,0,0.1,0.1,0.1,0,0,14.4,14.4,3.7,12,10.8,13.5,16.1,9.2,11.5,18.8,20.8,20.1,8.7,14.5,16,24.1,7.6,7.4,10,20.3,13.1,12.2,17.9,23.7,22.8,6.5,7.3,14.1,19.3,2.5,7.6,15.1,15.1,5,12.6,12.6,15.1,17.3,9,12.6,22,22,22.3,13.3,17.3,17.3,27,7.6,8.3,10.8,22,13.3,14,19.1,27,26.3,7.6,7.9,15.5,20.5,3.2,9.4,,,,,,22.2204,114.2127
2026-10-14T09:00,25.9,25.5,26.1,25.7,25.4,25.9,26.1,25.7,25.7,26.2,26.2,25.8,25.7,25.9,25.5,25.6,26.2,25.5,26.6,26.4,25.2,25.8,26.4,25.9,26,24.2,25.6,26.4,25.8,25.6,25.9,26.9,26.3,25.6,25.3,26.1,26.4,25,25.5,26.7,89,90,78,85,87,80,80,82,84,87,80,85,87,81,88,82,88,78,80,81,73,90,85,83,83,78,86,77,91,87,82,66,79,78,86,85,80,75,89,83,0,0,0,0,0,0,0,0,0,0,0,0,0,0,0,0,0,0,0,0,0,0,0,0,0,0,0,0,0,0,0,0,0,0,0,0,0,0,0,0,5.9,2.5,4.6,5.1,3.4,3.8,2.4,8.7,1.8,4.4,7,4.7,6.7,5.5,5.1,2.5,4.3,6.4,4.6,6,7.2,2.2,5.9,2.3,6.3,4.3,5.4,4,9.4,7,1.8,6.4,5,5.8,2.4,4.3,6.8,6.9,6.6,3.2,,,,,,,,,,,,,,,,,,,,,,,,,,,,,,,,,,,,,,,,,26.5,26.5,27.5,26.9,27.1,26.5,26.6,26.4,27.2,26.8,26,26.5,27.6,26,27.2,26.1,26.6,26.6,26.8,26,26,26.5,26.6,26.2,26.5,26.5,27.1,26.8,26.2,26.8,26.8,73,76,70,76,74,73,74,65,72,80,75,75,73,69,75,79,75,73,73,78,76,76,78,79,78,70,75,77,80,72,75,0,0.1,0,0,0,0,0.1,0,0,0.2,0,0.2,0,0,0.2,0,0.1,0,0,0.1,0,0,0,0,0.2,0,0.1,0,0,0,0,16.1,15.8,3.7,12.5,11.9,15.6,17.1,9.9,9.4,21.3,22.5,22.4,11.1,15.2,17.4,26.2,9.8,9.4,11.3,23,16.2,13.3,19.1,24.4,24,4.8,9.2,14.7,19.8,5,9.7,16.6,16.6,5.8,13,13.7,16.9,18.4,9.4,11.2,24.8,24.5,25.2,14.8,17.6,19.1,28.8,9.7,10.1,11.9,25.2,15.8,15.1,20.2,27.7,27,7.9,10.1,15.8,20.9,5,11.5,,,,,,22.2204,114.2127
2026-10-14T10:00,25.9,25.5,26.1,25.7,25.4,25.9,26.1,25.7,25.8,26.2,26.2,25.8,25.7,25.9,25.5,25.7,26.3,25.5,26.6,26.4,25.1,25.9,26.4,25.9,26,24.3,25.6,26.4,25.8,25.6,25.9,26.9,26.3,25.6,25.3,26,26.3,25,25.5,26.7,88,90,78,85,87,79,80,82,83,87,80,86,87,81,88,83,88,78,81,81,73,89,84,83,83,78,85,77,90,87,82,66,78,79,85,84,80,76,89,83,0,0,0,0,0,0,0,0,0,0,0,0,0,0,0,0,0,0,0,0,0,0,0,0,0,0,0,0,0,0,0,0,0,0,0,0,0,0,0,0,5.9,2.6,4.6,5.4,3.1,3.6,2.3,8.8,1.6,4.1,7.3,4.6,6.5,5.5,5.4,2.6,4.1,6.7,4.6,6.3,7.2,1.8,6.1,1.9,6.7,4,5.4,4.2,9.4,7.1,2.1,6.2,5.2,6.2,2.7,4.3,6.9,7,6.6,3.2,,,,,,,,,,,,,,,,,,,,,,,,,,,,,,,,,,,,,,,,,26.7,26.9,28.1,27.4,27.6,26.8,27,26.9,28.1,26.9,26.3,26.7,27.8,26.4,27.5,26.3,26.9,27,27.2,26.3,26.2,27.1,26.9,26.4,26.7,27.2,27.5,27.2,26.5,27.2,27.3,73,74,67,73,71,72,70,62,68,79,73,75,71,66,74,77,74,71,71,76,76,71,76,75,76,65,74,74,78,70,72,0,0.1,0,0,0,0,0.1,0,0,0.2,0,0.2,0,0,0.2,0,0.1,0,0,0.1,0,0,0,0,0.2,0,0.1,0,0,0,0,17.5,17.7,3.8,13.2,13,18.1,17.8,10.3,7.1,24.1,23.6,25.4,13.4,15.9,19.1,27.9,12.1,11.4,12.8,26.3,19.2,13.9,19.8,24.6,24.6,2.8,11.5,15,19.8,7.6,11.9,18,18.7,6.5,13.3,14.8,19.1,19.4,10.1,9.4,27.7,27,28.4,15.5,17.3,20.5,30.2,13,11.9,13.3,28.8,18.7,16.2,20.9,27.4,26.6,8.3,12.6,15.8,20.5,7.6,13.7,,,,,,22.2204,114.2127
2026-10-14T11:00,25.9,25.6,26.2,25.7,25.5,25.9,26.1,25.7,25.9,26.3,26.1,25.8,25.6,25.9,25.5,25.7,26.3,25.5,26.5,26.5,25.1,26.1,26.5,26,26.1,24.4,25.6,26.4,25.8,25.7,25.9,26.9,26.3,25.6,25.3,26,26.3,25,25.5,26.7,88,90,78,85,87,79,80,82,82,87,81,86,87,81,88,83,88,79,81,82,74,89,83,82,83,79,84,77,89,87,82,67,78,79,85,83,79,76,88,82,0,0,0,0,0,0,0,0,0,0,0,0,0,0,0,0,0,0,0,0,0,0,0,0,0,0,0,0,0,0,0,0,0,0,0,0,0,0,0,0,5.9,2.3,4.5,5.5,2.8,3.8,2.3,8.6,1.8,3.8,7.2,4.3,6.6,5.3,5.2,2.6,3.6,7,4.7,6.1,6.8,1.5,5.9,1.6,6.9,3.2,5.5,4.5,9.3,7.2,1.9,6,5.5,6,3.4,4.6,7.1,6.8,6.8,3.4,,,,,,,,,,,,,,,,,,,,,,,,,,,,,,,,,,,,,,,,,26.9,27.1,28.5,27.7,28,27,27.3,27.3,28.7,27,26.4,26.8,28,26.6,27.7,26.5,27.1,27.3,27.5,26.5,26.2,27.5,27.2,26.6,26.9,27.8,27.7,27.5,26.7,27.5,27.7,73,72,65,71,69,72,67,60,65,78,71,75,69,64,73,76,74,69,69,75,76,68,74,73,75,62,74,72,76,69,70,0,0.1,0,0,0,0,0.1,0,0,0.2,0,0.2,0,0,0.2,0,0.1,0,0,0.1,0,0,0,0,0.2,0,0.1,0,0,0,0,18.9,19.5,4.5,14,13.7,19.9,17.9,10.4,4.7,25.9,24.4,27.7,15,16.8,20.7,28.8,14.9,13.2,13.9,28.6,22,14.4,20.9,24.4,24.5,1.8,13.6,16.2,19.8,9.7,14,19.1,20.5,7.6,14,15.8,20.9,19.8,10.4,8.3,29.5,28.4,30.6,16.2,17.3,22.3,31.3,15.8,14,14.4,31.3,20.9,16.9,22,27.4,25.9,8.6,14.4,16.2,20.5,9.7,15.5,,,,,,22.2204,114.2127
2026-10-14T12:00,25.9,25.7,26.2,25.7,25.5,25.9,26.2,25.7,26,26.3,26.1,25.8,25.6,25.9,25.5,25.8,26.3,25.4,26.5,26.6,25.1,26.2,26.5,26.1,26.2,24.5,25.5,26.4,25.9,25.7,26,26.8,26.2,25.6,25.3,26,26.3,25,25.5,26.7,88,90,78,84,87,78,79,82,81,87,81,86,87,80,87,83,88,81,81,83,75,88,82,82,83,79,83,77,88,87,81,68,78,80,84,82,79,77,88,82,0,0,0,0,0,0,0,0,0,0,0,0,0,0,0,0,0,0,0,0,0,0,0,0,0,0,0,0,0,0,0,0,0,0,0,0,0,0,0,0,5.8,2.1,4.1,6,2.8,3.9,2.3,8.2,1.8,3.5,7.1,4.3,6.4,5.2,5.3,2.7,3.2,7.3,5,6,6.7,1.3,6.2,1.3,7.4,2.9,5.3,4.5,9.1,7.1,2.3,5.3,5.7,5.9,3.7,4.6,7.3,6.4,6.7,3.3,,,,,,,,,,,,,,,,,,,,,,,,,,,,,,,,,,,,,,,,,26.9,27.2,28.7,27.7,28,27,27.4,27.5,29,27,26.5,26.7,28,26.7,27.7,26.5,26.9,27.6,27.6,26.5,26.1,27.5,27.2,26.6,27,28,27.7,27.5,26.8,27.5,27.8,73,72,64,71,69,73,67,59,64,77,70,75,69,63,73,75,75,67,68,74,76,67,74,73,74,61,75,72,75,69,69,0,0,0,0,0,0.1,0,0,0,0,0,0,0,0,0.2,0,0.2,0,0,0,0,0,0,0,0,0,0.1,0,0,0,0,19.9,21.2,5.4,14.6,14.2,21.4,17.3,9.7,2.2,25.9,24.1,28.2,15.5,17.2,22.4,28.7,18.1,14.8,14.6,28.5,23.8,14.3,22.7,24.2,23.7,1.5,14.7,17.3,19.8,11.5,15.6,20.2,22,8.6,15.1,16.9,22.3,19.4,10.8,7.9,29.5,28.1,31,16.6,17.3,24.1,31.7,19.1,15.8,15.1,31.3,22.7,16.6,23.4,27.4,24.8,8.6,15.1,17.6,20.9,11.2,17.3,,,,,,22.2204,114.2127
2026-10-14T13:00,25.9,25.8,26.2,25.6,25.6,25.9,26.2,25.7,26.1,26.4,26,25.9,25.6,25.9,25.5,25.8,26.4,25.4,26.5,26.6,25.1,26.4,26.6,26.3,26.2,24.6,25.5,26.4,25.9,25.7,26,26.8,26.2,25.6,25.3,26,26.3,25,25.5,26.7,87,91,78,84,86,78,79,82,80,87,81,86,87,80,87,84,88,82,81,84,76,87,81,81,83,80,82,77,87,86,81,69,78,81,84,81,78,78,88,82,0,0,0,0,0,0,0,0,0,0,0,0,0,0,0,0,0,0,0,0,0,0,0,0,0,0,0,0,0,0,0,0,0,0,0,0,0,0,0,0,6,2,4.1,6.2,2.6,3.9,2.4,8,1.8,3.1,7.1,4.1,6.6,4.8,5.2,3,2.7,7.6,5.2,6.2,6.4,1.3,6,1.3,7.9,1.8,5.2,4.7,8.7,7.2,2.5,4.9,5.9,6.2,4.4,4.8,7.9,6.2,6.6,3.3,,,,,,,,,,,,,,,,,,,,,,,,,,,,,,,,,,,,,,,,,26.8,27.1,28.8,27.6,27.9,26.8,27.3,27.6,29.1,27.1,26.4,26.5,28,26.7,27.6,26.4,26.7,27.7,27.6,26.4,25.9,27.5,27.1,26.7,27.1,28.1,27.5,27.4,26.8,27.4,27.7,73,72,65,72,69,74,68,58,64,77,69,75,69,64,73,74,77,66,68,74,77,66,75,73,73,61,76,72,75,70,70,0,0,0,0,0,0.1,0,0,0,0,0,0,0,0,0.2,0,0.2,0,0,0,0,0,0,0,0,0,0.1,0,0,0,0,21,22.6,7.3,15.8,15.5,22.5,16.5,9.8,2.9,25.2,23.1,27.7,15.2,17,23.9,27.9,20.9,16,15.5,27.2,25.2,13.9,24.5,24,22.5,2.2,15.6,19.1,20.1,12.6,16.9,21.2,23.4,9.4,15.8,17.6,23.4,19.1,11.5,8.3,28.4,26.6,30.6,16.6,17.6,26.3,31.3,22,17.6,15.8,30.2,24.1,15.8,24.8,27.7,23,8.3,15.5,19.4,21.2,12.2,18.7,,,,,,22.2204,114.2127
2026-10-14T14:00,25.9,25.9,26.3,25.6,25.7,25.9,26.2,25.8,26.3,26.5,26,25.9,25.6,25.9,25.5,25.8,26.4,25.4,26.5,26.7,25,26.6,26.6,26.4,26.3,24.7,25.5,26.4,25.9,25.7,26.1,26.8,26.1,25.6,25.4,25.9,26.3,24.9,25.6,26.7,87,91,78,84,86,77,78,81,79,87,82,85,87,79,87,84,88,83,81,84,77,86,79,80,83,81,80,78,86,86,80,70,78,82,83,80,78,79,87,82,0,0,0,0,0,0,0,0,0,0,0,0,0,0,0,0,0,0,0,0,0,0,0,0,0,0,0,0,0,0,0,0,0,0,0,0,0,0,0,0,6,1.8,3.7,6.7,2.3,4.5,2.6,7.8,2.3,2.8,7,4.2,6.4,4.7,5.4,2.9,2.5,7.9,5.4,6.2,5.9,1.5,6.1,1.1,9,1.1,5,5.1,8.7,7.7,2.9,4.1,6.6,6.2,5.1,4.7,8,6.4,6.9,3.3,,,,,,,,,,,,,,,,,,,,,,,,,,,,,,,,,,,,,,,,,26.7,27,28.7,27.5,27.7,26.7,27.3,27.6,29.1,27.1,26.4,26.3,28,26.6,27.5,26.4,26.5,27.8,27.6,26.3,25.8,27.4,26.9,26.7,27.2,28.1,27.4,27.4,26.8,27.2,27.6,73,73,65,73,70,75,69,58,64,77,69,75,69,64,74,74,78,66,68,74,77,66,76,74,73,61,77,73,75,71,70,0,0,0,0,0,0.1,0,0,0,0,0,0,0,0,0.2,0,0.2,0,0,0,0,0,0,0,0,0,0.1,0,0,0,0,21.3,23.9,8.7,16.3,17.4,23.1,16.9,10.5,5.2,24.5,22.6,27.2,15.2,16.8,25.2,27.4,22.7,17.7,16.3,26.7,25.6,13.5,26,23.8,21.3,3.2,16.1,20.3,20.6,14.2,18.1,22.3,24.5,10.4,16.6,18.7,24.1,19.1,11.9,8.6,27.4,25.6,29.9,16.6,17.6,27.7,31.3,23.8,19.8,16.6,29.9,24.8,15.1,26.3,27.7,21.6,7.9,15.8,20.9,21.6,13.3,19.8,,,,,,22.2204,114.2127
2026-10-14T15:00,25.9,26,26.3,25.5,25.8,25.9,26.2,25.8,26.4,26.5,26,25.9,25.6,26,25.5,25.9,26.4,25.3,26.5,26.8,25,26.8,26.6,26.5,26.4,24.9,25.4,26.4,25.9,25.7,26.1,26.8,26.1,25.6,25.4,25.9,26.3,24.9,25.6,26.7,86,91,78,84,86,77,78,81,78,87,82,85,87,79,87,84,88,84,81,85,78,85,78,80,83,82,79,78,85,86,79,72,78,83,82,78,77,80,87,81,0,0,0,0,0,0,0,0,0,0,0,0,0,0,0,0,0,0,0,0,0,0,0,0,0,0,0,0,0,0,0,0,0,0,0,0,0,0,0,0,6.3,2.1,3.6,7,2.5,4.7,2.9,7.2,2.4,2.9,6.9,4.2,6.6,4.5,5.2,3.2,2.5,8.3,5.6,6.4,5.5,1.5,6,1.1,9.8,0.5,4.9,5.4,8.6,8,3.2,3.9,6.9,6.2,5.4,5.1,8.4,6.2,6.9,3.2,,,,,,,,,,,,,,,,,,,,,,,,,,,,,,,,,,,,,,,,,26.7,26.8,28.7,27.5,27.6,26.6,27.3,27.6,29,26.9,26.5,26.3,28,26.6,27.3,26.4,26.4,27.6,27.6,26.2,25.7,27.4,26.8,26.7,27.1,28,27.2,27.4,26.8,27.2,27.5,73,74,65,73,71,76,70,58,64,77,69,76,69,64,75,74,79,68,68,75,76,65,77,75,74,61,77,73,75,72,70,0,0,0,0,0,0,0,0,0,0,0,0,0,0,0,0,0,0,0,0,0,0,0,0,0,0,0,0,0,0,0,21.6,24.5,9.7,15.9,19.1,23,18.4,11.2,6.3,23.8,22.5,26.8,15,16,25,27.2,22.1,19.8,16.6,27.8,24.5,13,26.3,23.8,19.8,4.2,16.3,21.1,20.9,16.1,18.4,23,25.2,11.9,16.2,19.8,24.5,20.2,12.2,8.6,27,24.8,29.2,16.9,17.6,28.4,31.3,23,22,17.3,31,24.1,15.1,27,27.7,20.2,7.9,16.2,21.6,22,15.1,20.2,,,,,,22.2204,114.2127
2026-10-14T16:00,25.9,26,26.4,25.5,25.8,25.8,26.3,25.8,26.5,26.6,25.9,25.9,25.5,26,25.5,25.9,26.4,25.3,26.5,26.9,25,26.9,26.7,26.6,26.5,25,25.4,26.4,25.9,25.7,26.1,26.7,26,25.6,25.4,25.9,26.3,24.9,25.6,26.7,86,91,78,84,85,76,77,81,77,87,82,85,87,78,86,85,88,86,81,85,79,84,77,79,83,83,78,78,84,86,79,73,78,84,81,77,77,81,87,81,0,0,0,0,0,0,0,0,0,0,0,0,0,0,0,0,0,0,0,0,0,0,0,0,0,0,0,0,0,0,0,0,0,0,0,0,0,0,0,0,6.5,2.6,3.6,7.6,2.5,5.1,3.2,7,2.6,3,6.9,4.5,6.5,4.4,5.4,3.6,2.3,8.6,5.9,6.3,5.2,1.9,6.2,1.6,10.7,0.8,4.8,5.4,8.3,8.3,3.3,3.4,7.6,6.5,6.1,5.4,9,6.1,6.9,3.6,,,,,,,,,,,,,,,,,,,,,,,,,,,,,,,,,,,,,,,,,26.6,26.6,28.5,27.7,27.4,26.5,27.3,27.5,28.8,26.7,26.5,26.3,28.1,26.5,27.1,26.4,26.4,27.2,27.5,26.1,25.7,27.4,26.7,26.7,26.9,27.9,27,27.4,26.8,27.1,27.5,74,74,66,72,73,76,71,59,64,78,70,76,68,63,77,74,79,71,69,75,75,65,77,75,76,60,78,74,75,73,70,0,0,0,0,0,0,0,0,0,0,0,0,0,0,0,0,0,0,0,0,0,0,0,0,0,0,0,0,0,0,0,21.6,24.5,10.8,15,20.3,22.8,20.2,11.5,6.9,23.5,22.8,26.3,14.7,15.8,24.5,27.3,20.4,22,16.9,29.2,22.4,12.2,25.9,23.5,17.8,5.2,16.1,21.5,20.9,18,18.3,23,25.9,13.3,15.5,21.2,24.8,22.3,12.6,8.6,26.3,24.5,28.8,17.3,17.3,28.4,31.3,21.2,24.5,17.6,32.4,22.7,15.1,27.4,27.4,18.7,8.3,16.2,22.3,22,17.3,20.5,,,,,,22.2204,114.2127
2026-10-14T17:00,25.9,26.1,26.4,25.4,25.9,25.8,26.3,25.8,26.6,26.6,25.9,25.9,25.5,26,25.5,26,26.5,25.2,26.5,27,24.9,27.1,26.7,26.7,26.6,25.1,25.4,26.4,25.9,25.7,26.2,26.7,26,25.6,25.4,25.8,26.2,24.9,25.6,26.7,85,91,78,83,85,76,77,81,76,86,83,85,87,77,86,85,88,87,81,85,80,83,75,78,83,84,77,77,83,85,78,74,78,84,80,76,76,81,86,81,0,0,0,0,0,0,0,0,0,0,0,0,0,0,0,0,0,0,0,0,0,0,0,0,0,0,0,0,0,0,0,0,0,0,0,0,0,0,0,0,6.8,2.9,3.2,8.3,2.9,5.4,3.6,6.9,3.1,3.2,6.8,4.7,6.8,4,5.4,4,2.6,9,6.2,6.6,5.1,2.4,6,1.8,11.3,1.3,4.7,5.8,8.5,8.6,3.6,3.6,7.9,6.5,6.8,5.4,9.4,6.5,7.2,3.7,,,,,,,,,,,,,,,,,,,,,,,,,,,,,,,,,,,,,,,,,26.5,26.4,28.3,27.7,27.2,26.3,27.2,27.5,28.6,26.5,26.5,26.2,28.1,26.4,26.9,26.3,26.4,26.9,27.4,26.1,25.7,27.3,26.5,26.7,26.8,27.8,26.9,27.3,26.8,27,27.4,75,75,67,72,74,77,72,60,65,79,71,77,68,64,78,75,79,73,70,76,74,65,78,76,77,60,78,75,75,74,71,0,0,0,0,0,0,0,0,0,0,0,0,0,0,0,0,0,0,0,0,0,0,0,0,0,0,0,0,0,0,0,21.7,25.2,11.8,14.6,21.5,22.6,22,11.8,6.5,23.2,23.5,25.9,13.9,15.9,24.9,27.5,19.1,24.1,16.6,30.3,20.6,11.9,25.6,23.2,16.9,5.9,16.3,21.5,20.9,19.2,18.7,23.8,27,14,15.1,23,24.8,24.1,13,8.3,26.3,24.8,28.4,17.3,17.6,29.2,31.7,20.2,27.4,17.6,33.8,21.6,15.5,28.1,27.4,18,8.6,16.6,22.7,22.7,19.1,20.9,,,,,,22.2204,114.2127
2026-10-14T18:00,25.9,26.2,26.4,25.4,26,25.8,26.3,25.8,26.7,26.6,25.9,25.9,25.5,26,25.5,26,26.5,25.2,26.4,27,24.9,27.2,26.7,26.8,26.6,25.2,25.4,26.4,25.9,25.7,26.2,26.6,25.9,25.6,25.4,25.8,26.2,24.9,25.6,26.7,85,90,78,83,85,76,76,80,75,86,83,85,87,77,86,85,88,88,81,86,81,82,74,78,83,85,76,77,82,85,78,74,78,85,79,75,76,82,86,81,0,0,0,0,0,0,0,0,0,0,0,0,0,0,0,0,0,0,0,0,0,0,0,0,0,0,0,0,0,0,0,0,0,0,0,0,0,0,0,0,7.6,3.2,3.2,8.6,3,5.8,4,6.8,3.1,3.6,6.8,5.1,6.8,4,5.8,4.4,3.1,9.4,6.9,6.5,4.7,2.9,6.3,2.3,12.3,1.9,4.7,6.2,8.4,9,4,4,8.3,6.5,7.6,5.8,9.7,6.8,7.6,4.1,,,,,,,,,,,,,,,,,,,,,,,,,,,,,,,,,,,,,,,,,26.4,26.2,28.1,27.5,26.9,26.1,27,27.4,28.4,26.3,26.3,26.1,28.1,26.2,26.7,26.2,26.4,26.7,27.3,26.1,25.7,27.1,26.4,26.6,26.6,27.6,26.7,27.1,26.6,26.8,27.2,76,76,69,74,76,78,75,62,66,80,72,77,68,66,79,76,80,75,72,76,75,66,79,77,78,61,79,77,77,76,73,0,0,0,0,0,0,0,0,0,0,0,0,0,0,0,0,0,0,0,0,0,0,0,0,0,0,0,0,0,0,0,22,26.3,12.5,14.8,22.4,22.6,23,11.6,4.7,23.6,24.9,25.9,12.3,16.9,26.3,27.8,18.8,26.3,15.5,30.3,19.5,12.6,26,23.1,16.9,6.4,16.1,21,21.6,19.5,19.7,24.8,29.2,14,15.5,24.8,25.2,25.9,12.6,7.6,26.6,27,28.8,16.2,19.1,31.3,32.4,20.5,31,16.6,34.6,20.9,16.2,29.2,27.4,18.4,8.6,17.3,23,24.1,19.8,22.3,,,,,,22.2204,114.2127
2026-10-14T19:00,25.9,26.2,26.4,25.4,26,25.8,26.3,25.8,26.8,26.7,25.8,25.9,25.5,26,25.5,26,26.5,25.2,26.4,27.1,24.9,27.3,26.7,26.9,26.6,25.3,25.3,26.4,25.8,25.7,26.2,26.6,25.9,25.6,25.4,25.8,26.2,24.9,25.5,26.6,84,90,78,83,84,75,76,80,74,86,83,84,87,76,85,85,88,88,80,86,82,82,74,77,83,85,75,77,81,85,77,75,78,86,79,74,76,83,85,80,0,0,0,0,0,0,0,0,0,0,0,0,0,0,0,0,0,0,0,0,0,0,0,0,0,0,0,0,0,0,0,0,0,0,0,0,0,0,0,0,7.9,3.6,3.2,9.4,3.1,6.2,4.4,7.2,3.6,4,7.2,5.4,7.2,4,6.1,4.7,3.3,9.7,7.2,6.9,4.7,3.5,6.2,2.6,13,2.3,5.1,6.5,8.4,9.4,4.4,4,8.6,6.8,8.3,6.1,9.7,6.9,7.6,4.1,,,,,,,,,,,,,,,,,,,,,,,,,,,,,,,,,,,,,,,,,26.3,26,27.8,27.2,26.6,25.9,26.6,27.3,28.3,26.1,26.2,25.9,27.9,25.9,26.6,26.1,26.3,26.5,27.1,26.1,25.6,26.8,26.3,26.5,26.4,27.4,26.6,26.9,26.4,26.6,27,78,77,71,77,77,79,78,64,67,81,74,78,69,69,80,77,80,76,73,76,76,68,79,79,79,62,79,79,79,77,76,0,0,0,0,0,0,0,0,0,0,0,0,0,0,0,0,0,0,0,0,0,0,0,0,0,0,0,0,0,0,0,22.7,27.7,12.5,15.3,22.9,22.5,24.2,11.3,2.4,23.9,26.3,26.7,10.4,18.4,28.5,28.1,19.1,28.9,13.8,30.3,18.8,14.1,26.3,23.1,17.5,6.4,16.2,20.2,22.3,19,21.3,25.9,32,13.3,16.6,27,25.2,28.1,12.2,6.8,27.4,29.5,29.9,14.8,21.2,33.8,33.1,21.6,34.9,15.5,34.9,20.9,17.3,30.2,27.7,19.1,9,18,23.4,25.6,19.8,24.5,,,,,,22.2204,114.2127
2026-10-14T20:00,25.9,26.3,26.4,25.3,26,25.8,26.3,25.8,26.9,26.7,25.8,25.9,25.5,26,25.5,26,26.5,25.2,26.3,27.1,24.9,27.3,26.7,26.9,26.6,25.4,25.3,26.3,25.8,25.7,26.2,26.5,25.8,25.6,25.4,25.8,26.1,24.8,25.5,26.6,84,90,78,83,84,75,76,80,73,85,83,84,87,76,85,85,88,89,80,86,82,81,73,77,83,86,75,76,80,85,77,75,78,86,78,74,76,83,85,80,0,0,0,0,0,0,0,0,0,0,0,0,0,0,0,0,0,0,0,0,0,0,0,0,0,0,0,0,0,0,0,0,0,0,0,0,0,0,0,0,8.3,4,3.2,9.7,3.4,6.2,4.7,7.2,3.6,4.4,7.2,5.8,7.6,4,6.5,5.1,3.6,9.7,7.6,7.2,4.7,3.9,6.6,2.9,13.4,2.3,5.1,6.9,8.7,9.8,4.4,4.5,8.6,6.8,8.6,6.5,10.1,7.2,7.9,4.5,,,,,,,,,,,,,,,,,,,,,,,,,,,,,,,,,,,,,,,,,26.2,25.9,27.5,26.9,26.4,25.8,26.3,27.2,28.2,25.9,26,25.8,27.9,25.7,26.5,26.1,26.2,26.3,26.9,26.1,25.6,26.6,26.2,26.4,26.3,27.3,26.4,26.7,26.2,26.4,26.8,79,77,73,79,78,79,80,66,68,81,75,78,69,72,81,78,81,77,75,76,77,70,79,80,80,63,80,81,81,79,78,0,0,0,0,0,0,0,0,0,0,0,0,0,0,0,0,0,0,0,0,0,0,0,0,0,0,0,0,0,0,0,23.4,29.5,12.2,15.5,24.5,22.8,25.3,11.3,1.1,24.2,27.4,27.1,9,19.5,30.3,28.4,19.8,31.1,13.4,30.4,18.8,15.2,26.6,23.4,17.7,6.6,16.6,20.2,23,18.5,22.1,27,34.9,12.6,17.3,29.9,25.9,30.2,12.2,6.5,27.7,31.7,31,14.4,22.7,36,33.8,22.7,38.9,15.1,35.6,20.9,18.4,31.3,28.4,19.8,9,19.1,24.1,27,19.8,25.9,,,,,,22.2204,114.2127
2026-10-14T21:00,25.8,26.3,26.4,25.3,26,25.8,26.2,25.7,26.9,26.7,25.7,25.9,25.5,26,25.5,26,26.5,25.2,26.3,27.1,24.9,27.3,26.7,26.9,26.6,25.4,25.3,26.3,25.7,25.6,26.2,26.5,25.8,25.6,25.4,25.8,26.1,24.8,25.5,26.6,84,90,78,83,84,75,76,80,72,84,83,84,87,76,85,85,88,89,79,86,82,81,73,77,83,87,75,75,79,85,77,75,78,86,77,74,76,83,85,80,0,0,0,0,0,0,0,0,0,0,0,0,0,0,0,0,0,0,0,0.1,0,0,0,0,0,0,0,0,0,0,0,0,0,0,0,0,0,0,0,0,8.6,4.3,3.2,10.1,3.8,6.2,5.1,7.2,3.9,4.7,7.2,6.1,7.9,4,6.8,5.4,3.9,9.7,8,7.6,4.7,4.5,6.9,3.2,13.7,2.3,5.1,7.2,9,10.1,4.4,4.8,8.6,6.8,9,6.8,10.1,7.6,8.3,4.8,,,,,,,,,,,,,,,,,,,,,,,,,,,,,,,,,,,,,,,,,26.2,25.7,27.3,26.8,26.3,25.7,26.2,27,28.1,25.7,26,25.8,27.9,25.6,26.4,26.1,26.1,26.2,26.8,26.1,25.6,26.4,26.2,26.4,26.2,27.1,26.3,26.5,26.2,26.2,26.7,79,77,75,80,78,78,81,69,69,81,76,78,68,74,81,78,81,77,76,76,77,72,79,81,81,64,81,82,81,81,79,0,0,0,0,0.1,0,0.1,0,0,0,0,0,0,0,0,0,0.2,0,0.1,0,0,0,0,0,0,0,0,0,0,0,0,24.1,32,11,15.5,27.4,23.4,27.2,12.1,0,23.9,27.4,27.4,9.2,19.8,31.4,28.8,20.5,33.8,14.5,31.5,19.4,15.9,27.4,24.1,17.7,7,17.8,21.3,23.4,18.5,22.4,27.7,37.8,11.2,17.6,33.8,27,32.8,13,6.8,27.4,32,32,15.5,22.7,37.8,34.6,23.8,42.5,16.9,37.4,21.6,18.7,32.4,29.5,19.8,9,20.5,25.9,27.7,20.2,26.3,,,,,,22.2204,114.2127
2026-10-14T22:00,25.8,26.3,26.4,25.3,26,25.7,26.2,25.7,26.9,26.6,25.7,25.9,25.4,26,25.5,25.9,26.4,25.2,26.2,27,24.9,27.3,26.6,26.9,26.5,25.4,25.3,26.2,25.6,25.6,26.2,26.4,25.7,25.6,25.3,25.7,26,24.7,25.5,26.6,84,89,78,83,83,75,76,80,72,83,83,83,87,76,85,85,88,89,79,86,82,80,73,77,83,87,76,74,78,85,77,74,78,86,77,74,77,83,84,79,0,0,0,0,0,0,0,0,0,0,0,0,0,0,0,0,0,0,0,0.1,0,0,0,0,0,0,0,0,0,0,0,0,0,0,0,0,0,0,0,0,9.4,5.1,3.6,10.8,3.7,6.1,5.4,7.6,3.7,5.1,7.6,6.8,8.3,4,7.6,5.8,4.3,9.7,8.7,8,5.1,4.7,7.3,3.8,13.8,1.8,5.4,7.6,9,10.5,4.7,4.8,8.6,7.2,9.7,7.2,10.4,7.9,8.6,5.1,,,,,,,,,,,,,,,,,,,,,,,,,,,,,,,,,,,,,,,,,26.1,25.5,27.1,26.6,26.3,25.7,26.3,26.8,28,25.7,26,25.8,28.1,25.5,26.3,26.1,26,26.1,26.8,26.1,25.6,26.3,26.2,26.4,26.2,27,26.2,26.5,26.3,26.1,26.6,79,76,76,81,77,77,81,73,71,80,76,77,67,75,80,77,82,77,77,75,77,75,78,81,81,66,82,82,81,82,80,0,0,0,0,0.1,0,0.1,0,0,0,0,0,0,0,0,0,0.2,0,0.1,0,0,0,0,0,0,0,0,0,0,0,0,24.9,34.6,9.8,15.1,31,24.5,29.4,13.6,1.4,22.8,26.7,28.1,11.2,19.8,32.1,29.2,21.7,36,16.6,32.6,20.6,16.2,28.5,24.9,17.3,7.8,19.8,23.5,23.8,18.8,22.7,28.8,40.7,9.7,18,38.2,28.4,35.3,14,7.6,27,31.3,33.1,17.6,22.7,39.2,35.3,24.8,45.7,19.4,39.6,23,19.1,33.8,31.3,19.8,9,22.7,28.1,28.4,20.9,26.6,,,,,,22.2204,114.2127
2026-10-14T23:00,25.8,26.3,26.3,25.3,26,25.7,26.2,25.6,26.9,26.6,25.6,25.8,25.4,25.9,25.4,25.9,26.4,25.2,26.1,27,24.9,27.2,26.6,26.9,26.5,25.4,25.3,26.1,25.4,25.6,26.2,26.3,25.7,25.5,25.3,25.7,25.9,24.7,25.4,26.5,83,88,79,83,83,75,77,79,71,82,83,83,87,76,84,84,87,89,78,85,82,80,73,77,83,88,76,73,77,85,77,73,78,86,76,74,77,83,84,79,0,0,0,0,0,0,0,0,0,0,0,0,0,0,0,0,0,0,0,0.1,0,0,0,0,0,0,0,0,0,0,0,0,0,0,0,0,0,0,0,0,10.1,5.4,4,11.2,4,6.1,5.8,8,3.9,5.4,8,7.6,8.6,4,8.3,6.1,4.9,9.7,9.1,8.4,5.4,5.4,7.6,4,13.4,1.5,5.8,7.9,9.4,11.2,4.7,5.2,8.3,7.6,10.1,7.6,10.5,8.6,9,5.8,,,,,,,,,,,,,,,,,,,,,,,,,,,,,,,,,,,,,,,,,26.1,25.3,26.9,26.5,26.2,25.7,26.2,26.6,27.9,25.6,26,25.7,28.1,25.4,26.3,26.1,25.9,26,26.7,26,25.6,26.1,26.2,26.3,26.1,26.8,26.1,26.4,26.3,26,26.5,79,75,77,81,77,76,81,76,72,80,76,77,66,76,80,77,82,77,78,75,77,77,77,81,81,67,82,82,80,83,80,0,0,0,0,0.1,0,0.1,0,0,0,0,0,0,0,0,0,0.2,0,0.1,0,0,0,0,0,0,0,0,0,0,0,0,26,36.4,9.5,15.9,34.3,25.6,31.6,14.1,2.3,21.8,26.8,28.8,13.8,20.9,32.6,29.2,22.8,37.8,18.5,34,21.8,18,29.3,25.9,16.9,8.6,21.5,25.1,24.2,18.8,23,29.9,42.8,9.7,19.1,41.8,29.5,37.4,14.8,7.9,25.9,31.3,34.2,19.8,23.4,40,35.6,26.3,47.9,21.6,41.4,24.1,20.9,34.9,32.8,19.8,9.4,24.5,29.9,28.8,21.2,27,,,,,,22.2204,114.2127
