time,temperature_2m_icon_seamless_eps (°C),temperature_2m_member01_icon_seamless_eps (°C),temperature_2m_member02_icon_seamless_eps (°C),temperature_2m_member03_icon_seamless_eps (°C),temperature_2m_member04_icon_seamless_eps (°C),temperature_2m_member05_icon_seamless_eps (°C),temperature_2m_member06_icon_seamless_eps (°C),temperature_2m_member07_icon_seamless_eps (°C),temperature_2m_member08_icon_seamless_eps (°C),temperature_2m_member09_icon_seamless_eps (°C),temperature_2m_member10_icon_seamless_eps (°C),temperature_2m_member11_icon_seamless_eps (°C),temperature_2m_member12_icon_seamless_eps (°C),temperature_2m_member13_icon_seamless_eps (°C),temperature_2m_member14_icon_seamless_eps (°C),temperature_2m_member15_icon_seamless_eps (°C),temperature_2m_member16_icon_seamless_eps (°C),temperature_2m_member17_icon_seamless_eps (°C),temperature_2m_member18_icon_seamless_eps (°C),temperature_2m_member19_icon_seamless_eps (°C),temperature_2m_member20_icon_seamless_eps (°C),temperature_2m_member21_icon_seamless_eps (°C),temperature_2m_member22_icon_seamless_eps (°C),temperature_2m_member23_icon_seamless_eps (°C),temperature_2m_member24_icon_seamless_eps (°C),temperature_2m_member25_icon_seamless_eps (°C),temperature_2m_member26_icon_seamless_eps (°C),temperature_2m_member27_icon_seamless_eps (°C),temperature_2m_member28_icon_seamless_eps (°C),temperature_2m_member29_icon_seamless_eps (°C),temperature_2m_member30_icon_seamless_eps (°C),temperature_2m_member31_icon_seamless_eps (°C),temperature_2m_member32_icon_seamless_eps (°C),temperature_2m_member33_icon_seamless_eps (°C),temperature_2m_member34_icon_seamless_eps (°C),temperature_2m_member35_icon_seamless_eps (°C),temperature_2m_member36_icon_seamless_eps (°C),temperature_2m_member37_icon_seamless_eps (°C),temperature_2m_member38_icon_seamless_eps (°C),temperature_2m_member39_icon_seamless_eps (°C),relativehumidity_2m_icon_seamless_eps (%),relativehumidity_2m_member01_icon_seamless_eps (%),relativehumidity_2m_member02_icon_seamless_eps (%),relativehumidity_2m_member03_icon_seamless_eps (%),relativehumidity_2m_member04_icon_seamless_eps (%),relativehumidity_2m_member05_icon_seamless_eps (%),relativehumidity_2m_member06_icon_seamless_eps (%),relativehumidity_2m_member07_icon_seamless_eps (%),relativehumidity_2m_member08_icon_seamless_eps (%),relativehumidity_2m_member09_icon_seamless_eps (%),relativehumidity_2m_member10_icon_seamless_eps (%),relativehumidity_2m_member11_icon_seamless_eps (%),relativehumidity_2m_member12_icon_seamless_eps (%),relativehumidity_2m_member13_icon_seamless_eps (%),relativehumidity_2m_member14_icon_seamless_eps (%),relativehumidity_2m_member15_icon_seamless_eps (%),relativehumidity_2m_member16_icon_seamless_eps (%),relativehumidity_2m_member17_icon_seamless_eps (%),relativehumidity_2m_member18_icon_seamless_eps (%),relativehumidity_2m_member19_icon_seamless_eps (%),relativehumidity_2m_member20_icon_seamless_eps (%),relativehumidity_2m_member21_icon_seamless_eps (%),relativehumidity_2m_member22_icon_seamless_eps (%),relativehumidity_2m_member23_icon_seamless_eps (%),relativehumidity_2m_member24_icon_seamless_eps (%),relativehumidity_2m_member25_icon_seamless_eps (%),relativehumidity_2m_member26_icon_seamless_eps (%),relativehumidity_2m_member27_icon_seamless_eps (%),relativehumidity_2m_member28_icon_seamless_eps (%),relativehumidity_2m_member29_icon_seamless_eps (%),relativehumidity_2m_member30_icon_seamless_eps (%),relativehumidity_2m_member31_icon_seamless_eps (%),relativehumidity_2m_member32_icon_seamless_eps (%),relativehumidity_2m_member33_icon_seamless_eps (%),relativehumidity_2m_member34_icon_seamless_eps (%),relativehumidity_2m_member35_icon_seamless_eps (%),relativehumidity_2m_member36_icon_seamless_eps (%),relativehumidity_2m_member37_icon_seamless_eps (%),relativehumidity_2m_member38_icon_seamless_eps (%),relativehumidity_2m_member39_icon_seamless_eps (%),rain_icon_seamless_eps (mm),rain_member01_icon_seamless_eps (mm),rain_member02_icon_seamless_eps (mm),rain_member03_icon_seamless_eps (mm),rain_member04_icon_seamless_eps (mm),rain_member05_icon_seamless_eps (mm),rain_member06_icon_seamless_eps (mm),rain_member07_icon_seamless_eps (mm),rain_member08_icon_seamless_eps (mm),rain_member09_icon_seamless_eps (mm),rain_member10_icon_seamless_eps (mm),rain_member11_icon_seamless_eps (mm),rain_member12_icon_seamless_eps (mm),rain_member13_icon_seamless_eps (mm),rain_member14_icon_seamless_eps (mm),rain_member15_icon_seamless_eps (mm),rain_member16_icon_seamless_eps (mm),rain_member17_icon_seamless_eps (mm),rain_member18_icon_seamless_eps (mm),rain_member19_icon_seamless_eps (mm),rain_member20_icon_seamless_eps (mm),rain_member21_icon_seamless_eps (mm),rain_member22_icon_seamless_eps (mm),rain_member23_icon_seamless_eps (mm),rain_member24_icon_seamless_eps (mm),rain_member25_icon_seamless_eps (mm),rain_member26_icon_seamless_eps (mm),rain_member27_icon_seamless_eps (mm),rain_member28_icon_seamless_eps (mm),rain_member29_icon_seamless_eps (mm),rain_member30_icon_seamless_eps (mm),rain_member31_icon_seamless_eps (mm),rain_member32_icon_seamless_eps (mm),rain_member33_icon_seamless_eps (mm),rain_member34_icon_seamless_eps (mm),rain_member35_icon_seamless_eps (mm),rain_member36_icon_seamless_eps (mm),rain_member37_icon_seamless_eps (mm),rain_member38_icon_seamless_eps (mm),rain_member39_icon_seamless_eps (mm),windspeed_10m_icon_seamless_eps (km/h),windspeed_10m_member01_icon_seamless_eps (km/h),windspeed_10m_member02_icon_seamless_eps (km/h),windspeed_10m_member03_icon_seamless_eps (km/h),windspeed_10m_member04_icon_seamless_eps (km/h),windspeed_10m_member05_icon_seamless_eps (km/h),windspeed_10m_member06_icon_seamless_eps (km/h),windspeed_10m_member07_icon_seamless_eps (km/h),windspeed_10m_member08_icon_seamless_eps (km/h),windspeed_10m_member09_icon_seamless_eps (km/h),windspeed_10m_member10_icon_seamless_eps (km/h),windspeed_10m_member11_icon_seamless_eps (km/h),windspeed_10m_member12_icon_seamless_eps (km/h),windspeed_10m_member13_icon_seamless_eps (km/h),windspeed_10m_member14_icon_seamless_eps (km/h),windspeed_10m_member15_icon_seamless_eps (km/h),windspeed_10m_member16_icon_seamless_eps (km/h),windspeed_10m_member17_icon_seamless_eps (km/h),windspeed_10m_member18_icon_seamless_eps (km/h),windspeed_10m_member19_icon_seamless_eps (km/h),windspeed_10m_member20_icon_seamless_eps (km/h),windspeed_10m_member21_icon_seamless_eps (km/h),windspeed_10m_member22_icon_seamless_eps (km/h),windspeed_10m_member23_icon_seamless_eps (km/h),windspeed_10m_member24_icon_seamless_eps (km/h),windspeed_10m_member25_icon_seamless_eps (km/h),windspeed_10m_member26_icon_seamless_eps (km/h),windspeed_10m_member27_icon_seamless_eps (km/h),windspeed_10m_member28_icon_seamless_eps (km/h),windspeed_10m_member29_icon_seamless_eps (km/h),windspeed_10m_member30_icon_seamless_eps (km/h),windspeed_10m_member31_icon_seamless_eps (km/h),windspeed_10m_member32_icon_seamless_eps (km/h),windspeed_10m_member33_icon_seamless_eps (km/h),windspeed_10m_member34_icon_seamless_eps (km/h),windspeed_10m_member35_icon_seamless_eps (km/h),windspeed_10m_member36_icon_seamless_eps (km/h),windspeed_10m_member37_icon_seamless_eps (km/h),windspeed_10m_member38_icon_seamless_eps (km/h),windspeed_10m_member39_icon_seamless_eps (km/h),windgusts_10m_icon_seamless_eps (undefined),windgusts_10m_member01_icon_seamless_eps (undefined),windgusts_10m_member02_icon_seamless_eps (undefined),windgusts_10m_member03_icon_seamless_eps (undefined),windgusts_10m_member04_icon_seamless_eps (undefined),windgusts_10m_member05_icon_seamless_eps (undefined),windgusts_10m_member06_icon_seamless_eps (undefined),windgusts_10m_member07_icon_seamless_eps (undefined),windgusts_10m_member08_icon_seamless_eps (undefined),windgusts_10m_member09_icon_seamless_eps (undefined),windgusts_10m_member10_icon_seamless_eps (undefined),windgusts_10m_member11_icon_seamless_eps (undefined),windgusts_10m_member12_icon_seamless_eps (undefined),windgusts_10m_member13_icon_seamless_eps (undefined),windgusts_10m_member14_icon_seamless_eps (undefined),windgusts_10m_member15_icon_seamless_eps (undefined),windgusts_10m_member16_icon_seamless_eps (undefined),windgusts_10m_member17_icon_seamless_eps (undefined),windgusts_10m_member18_icon_seamless_eps (undefined),windgusts_10m_member19_icon_seamless_eps (undefined),windgusts_10m_member20_icon_seamless_eps (undefined),windgusts_10m_member21_icon_seamless_eps (undefined),windgusts_10m_member22_icon_seamless_eps (undefined),windgusts_10m_member23_icon_seamless_eps (undefined),windgusts_10m_member24_icon_seamless_eps (undefined),windgusts_10m_member25_icon_seamless_eps (undefined),windgusts_10m_member26_icon_seamless_eps (undefined),windgusts_10m_member27_icon_seamless_eps (undefined),windgusts_10m_member28_icon_seamless_eps (undefined),windgusts_10m_member29_icon_seamless_eps (undefined),windgusts_10m_member30_icon_seamless_eps (undefined),windgusts_10m_member31_icon_seamless_eps (undefined),windgusts_10m_member32_icon_seamless_eps (undefined),windgusts_10m_member33_icon_seamless_eps (undefined),windgusts_10m_member34_icon_seamless_eps (undefined),windgusts_10m_member35_icon_seamless_eps (undefined),windgusts_10m_member36_icon_seamless_eps (undefined),windgusts_10m_member37_icon_seamless_eps (undefined),windgusts_10m_member38_icon_seamless_eps (undefined),windgusts_10m_member39_icon_seamless_eps (undefined),temperature_2m_ncep_gefs_seamless (°C),temperature_2m_member01_ncep_gefs_seamless (°C),temperature_2m_member02_ncep_gefs_seamless (°C),temperature_2m_member03_ncep_gefs_seamless (°C),temperature_2m_member04_ncep_gefs_seamless (°C),temperature_2m_member05_ncep_gefs_seamless (°C),temperature_2m_member06_ncep_gefs_seamless (°C),temperature_2m_member07_ncep_gefs_seamless (°C),temperature_2m_member08_ncep_gefs_seamless (°C),temperature_2m_member09_ncep_gefs_seamless (°C),temperature_2m_member10_ncep_gefs_seamless (°C),temperature_2m_member11_ncep_gefs_seamless (°C),temperature_2m_member12_ncep_gefs_seamless (°C),temperature_2m_member13_ncep_gefs_seamless (°C),temperature_2m_member14_ncep_gefs_seamless (°C),temperature_2m_member15_ncep_gefs_seamless (°C),temperature_2m_member16_ncep_gefs_seamless (°C),temperature_2m_member17_ncep_gefs_seamless (°C),temperature_2m_member18_ncep_gefs_seamless (°C),temperature_2m_member19_ncep_gefs_seamless (°C),temperature_2m_member20_ncep_gefs_seamless (°C),temperature_2m_member21_ncep_gefs_seamless (°C),temperature_2m_member22_ncep_gefs_seamless (°C),temperature_2m_member23_ncep_gefs_seamless (°C),temperature_2m_member24_ncep_gefs_seamless (°C),temperature_2m_member25_ncep_gefs_seamless (°C),temperature_2m_member26_ncep_gefs_seamless (°C),temperature_2m_member27_ncep_gefs_seamless (°C),temperature_2m_member28_ncep_gefs_seamless (°C),temperature_2m_member29_ncep_gefs_seamless (°C),temperature_2m_member30_ncep_gefs_seamless (°C),relativehumidity_2m_ncep_gefs_seamless (%),relativehumidity_2m_member01_ncep_gefs_seamless (%),relativehumidity_2m_member02_ncep_gefs_seamless (%),relativehumidity_2m_member03_ncep_gefs_seamless (%),relativehumidity_2m_member04_ncep_gefs_seamless (%),relativehumidity_2m_member05_ncep_gefs_seamless (%),relativehumidity_2m_member06_ncep_gefs_seamless (%),relativehumidity_2m_member07_ncep_gefs_seamless (%),relativehumidity_2m_member08_ncep_gefs_seamless (%),relativehumidity_2m_member09_ncep_gefs_seamless (%),relativehumidity_2m_member10_ncep_gefs_seamless (%),relativehumidity_2m_member11_ncep_gefs_seamless (%),relativehumidity_2m_member12_ncep_gefs_seamless (%),relativehumidity_2m_member13_ncep_gefs_seamless (%),relativehumidity_2m_member14_ncep_gefs_seamless (%),relativehumidity_2m_member15_ncep_gefs_seamless (%),relativehumidity_2m_member16_ncep_gefs_seamless (%),relativehumidity_2m_member17_ncep_gefs_seamless (%),relativehumidity_2m_member18_ncep_gefs_seamless (%),relativehumidity_2m_member19_ncep_gefs_seamless (%),relativehumidity_2m_member20_ncep_gefs_seamless (%),relativehumidity_2m_member21_ncep_gefs_seamless (%),relativehumidity_2m_member22_ncep_gefs_seamless (%),relativehumidity_2m_member23_ncep_gefs_seamless (%),relativehumidity_2m_member24_ncep_gefs_seamless (%),relativehumidity_2m_member25_ncep_gefs_seamless (%),relativehumidity_2m_member26_ncep_gefs_seamless (%),relativehumidity_2m_member27_ncep_gefs_seamless (%),relativehumidity_2m_member28_ncep_gefs_seamless (%),relativehumidity_2m_member29_ncep_gefs_seamless (%),relativehumidity_2m_member30_ncep_gefs_seamless (%),rain_ncep_gefs_seamless (mm),rain_member01_ncep_gefs_seamless (mm),rain_member02_ncep_gefs_seamless (mm),rain_member03_ncep_gefs_seamless (mm),rain_member04_ncep_gefs_seamless (mm),rain_member05_ncep_gefs_seamless (mm),rain_member06_ncep_gefs_seamless (mm),rain_member07_ncep_gefs_seamless (mm),rain_member08_ncep_gefs_seamless (mm),rain_member09_ncep_gefs_seamless (mm),rain_member10_ncep_gefs_seamless (mm),rain_member11_ncep_gefs_seamless (mm),rain_member12_ncep_gefs_seamless (mm),rain_member13_ncep_gefs_seamless (mm),rain_member14_ncep_gefs_seamless (mm),rain_member15_ncep_gefs_seamless (mm),rain_member16_ncep_gefs_seamless (mm),rain_member17_ncep_gefs_seamless (mm),rain_member18_ncep_gefs_seamless (mm),rain_member19_ncep_gefs_seamless (mm),rain_member20_ncep_gefs_seamless (mm),rain_member21_ncep_gefs_seamless (mm),rain_member22_ncep_gefs_seamless (mm),rain_member23_ncep_gefs_seamless (mm),rain_member24_ncep_gefs_seamless (mm),rain_member25_ncep_gefs_seamless (mm),rain_member26_ncep_gefs_seamless (mm),rain_member27_ncep_gefs_seamless (mm),rain_member28_ncep_gefs_seamless (mm),rain_member29_ncep_gefs_seamless (mm),rain_member30_ncep_gefs_seamless (mm),windspeed_10m_ncep_gefs_seamless (km/h),windspeed_10m_member01_ncep_gefs_seamless (km/h),windspeed_10m_member02_ncep_gefs_seamless (km/h),windspeed_10m_member03_ncep_gefs_seamless (km/h),windspeed_10m_member04_ncep_gefs_seamless (km/h),windspeed_10m_member05_ncep_gefs_seamless (km/h),windspeed_10m_member06_ncep_gefs_seamless (km/h),windspeed_10m_member07_ncep_gefs_seamless (km/h),windspeed_10m_member08_ncep_gefs_seamless (km/h),windspeed_10m_member09_ncep_gefs_seamless (km/h),windspeed_10m_member10_ncep_gefs_seamless (km/h),windspeed_10m_member11_ncep_gefs_seamless (km/h),windspeed_10m_member12_ncep_gefs_seamless (km/h),windspeed_10m_member13_ncep_gefs_seamless (km/h),windspeed_10m_member14_ncep_gefs_seamless (km/h),windspeed_10m_member15_ncep_gefs_seamless (km/h),windspeed_10m_member16_ncep_gefs_seamless (km/h),windspeed_10m_member17_ncep_gefs_seamless (km/h),windspeed_10m_member18_ncep_gefs_seamless (km/h),windspeed_10m_member19_ncep_gefs_seamless (km/h),windspeed_10m_member20_ncep_gefs_seamless (km/h),windspeed_10m_member21_ncep_gefs_seamless (km/h),windspeed_10m_member22_ncep_gefs_seamless (km/h),windspeed_10m_member23_ncep_gefs_seamless (km/h),windspeed_10m_member24_ncep_gefs_seamless (km/h),windspeed_10m_member25_ncep_gefs_seamless (km/h),windspeed_10m_member26_ncep_gefs_seamless (km/h),windspeed_10m_member27_ncep_gefs_seamless (km/h),windspeed_10m_member28_ncep_gefs_seamless (km/h),windspeed_10m_member29_ncep_gefs_seamless (km/h),windspeed_10m_member30_ncep_gefs_seamless (km/h),windgusts_10m_ncep_gefs_seamless (km/h),windgusts_10m_member01_ncep_gefs_seamless (km/h),windgusts_10m_member02_ncep_gefs_seamless (km/h),windgusts_10m_member03_ncep_gefs_seamless (km/h),windgusts_10m_member04_ncep_gefs_seamless (km/h),windgusts_10m_member05_ncep_gefs_seamless (km/h),windgusts_10m_member06_ncep_gefs_seamless (km/h),windgusts_10m_member07_ncep_gefs_seamless (km/h),windgusts_10m_member08_ncep_gefs_seamless (km/h),windgusts_10m_member09_ncep_gefs_seamless (km/h),windgusts_10m_member10_ncep_gefs_seamless (km/h),windgusts_10m_member11_ncep_gefs_seamless (km/h),windgusts_10m_member12_ncep_gefs_seamless (km/h),windgusts_10m_member13_ncep_gefs_seamless (km/h),windgusts_10m_member14_ncep_gefs_seamless (km/h),windgusts_10m_member15_ncep_gefs_seamless (km/h),windgusts_10m_member16_ncep_gefs_seamless (km/h),windgusts_10m_member17_ncep_gefs_seamless (km/h),windgusts_10m_member18_ncep_gefs_seamless (km/h),windgusts_10m_member19_ncep_gefs_seamless (km/h),windgusts_10m_member20_ncep_gefs_seamless (km/h),windgusts_10m_member21_ncep_gefs_seamless (km/h),windgusts_10m_member22_ncep_gefs_seamless (km/h),windgusts_10m_member23_ncep_gefs_seamless (km/h),windgusts_10m_member24_ncep_gefs_seamless (km/h),windgusts_10m_member25_ncep_gefs_seamless (km/h),windgusts_10m_member26_ncep_gefs_seamless (km/h),windgusts_10m_member27_ncep_gefs_seamless (km/h),windgusts_10m_member28_ncep_gefs_seamless (km/h),windgusts_10m_member29_ncep_gefs_seamless (km/h),windgusts_10m_member30_ncep_gefs_seamless (km/h),temperature_2m_ecmwf_ifs04 (°C),relativehumidity_2m_ecmwf_ifs04 (%),rain_ecmwf_ifs04 (mm),windspeed_10m_ecmwf_ifs04 (km/h),windgusts_10m_ecmwf_ifs04 (undefined),latitude,longitude
2026-09-01T00:00,26.8,26.7,26.3,26.6,26.6,26.8,26.9,26.3,26.3,26.4,26.4,26.1,26.5,26.6,26.6,26.3,27,26.6,26.7,26.4,26.5,26.4,26.8,26.1,26.6,26.8,26.5,26.1,26.5,26.6,26.1,26.6,26.4,26.6,26.4,26,26.8,26.6,27.1,26.6,91,92,92,94,92,91,91,95,95,92,94,93,92,91,94,93,92,92,90,92,92,92,94,96,90,92,95,96,95,95,94,91,94,92,92,96,93,92,92,94,1.5,0.2,1.6,0,0,0.3,2.6,5.9,4.7,0.9,0,0.3,0,0,0.1,0,0.1,0.1,0,0.7,0,0,3.6,6.9,0.8,0,2.9,2.6,0,0,0,2.1,1.6,0,0.5,4.9,0,0.1,3.7,0,7.5,7.2,7.9,5.2,6.3,4.5,4.7,8.2,4.3,6.1,3.8,6.2,4.3,6.6,3.4,5,2.6,4.8,3.4,5.4,6,4.8,6.1,5.2,8.9,4.6,2.4,2.5,3.5,3.7,4.6,9.5,8.2,3.7,6.3,6.2,4,3.8,3.8,2.5,,,,,,,,,,,,,,,,,,,,,,,,,,,,,,,,,,,,,,,,,27,27,26.9,26.8,26.9,26.7,27.1,27.3,26.2,27,26.7,25.9,27.2,27.1,26.6,26.4,26.9,26.8,26,26.9,27.2,27.3,26.2,26.9,27.1,26.7,27.1,27.3,26.4,26.3,26.4,84,85,85,87,86,88,84,80,90,85,86,90,83,82,85,89,83,86,93,87,85,83,89,85,83,86,84,84,86,88,88,1,0.2,0.8,0.5,1.3,1.6,0.8,0.8,1,0.5,1.3,1.4,0.6,0,0.2,0.8,2.1,1.5,1.2,1.2,1.6,0.4,0.2,0.7,1.2,1.8,1.7,0.6,1.1,0.7,1.9,5.5,12.2,3.2,6.5,8.1,10.1,7.9,3.6,9,5.9,3.9,4.2,3.7,9.1,7.6,6.9,3.1,6.4,13.3,2.2,5.5,7.7,15.2,4.6,7.2,5.8,8,5.1,5.6,9.5,14,6.5,16.6,9.7,7.2,9,14.4,11.2,5.8,11.9,7.2,7.6,10.1,6.5,9.4,9.7,9.7,10.4,12.2,15.1,13.3,8.6,11.5,18.7,9.4,13,9.7,11.9,8.3,8.6,11.5,14.8,,,,,,22.2204,114.2127
2026-09-01T01:00,26.8,26.7,26.3,26.6,26.5,26.8,26.8,26.3,26.3,26.4,26.3,26.1,26.5,26.6,26.5,26.4,27,26.5,26.7,26.4,26.4,26.4,26.8,26.2,26.5,26.8,26.4,26.1,26.4,26.7,26.2,26.5,26.3,26.6,26.2,27.2,26.7,26.5,26.9,26.5,91,92,91,94,92,91,91,94,95,92,94,93,92,91,94,93,92,92,90,91,92,92,93,95,91,92,95,95,96,94,94,91,93,92,93,82,93,92,93,94,0.5,0.2,0.7,0.1,0.7,0.3,2.5,4.4,2.3,0,0.1,0.3,0,0.2,0.5,0,0,0.1,0,0.2,0,0,2.1,5.3,0,0,3.3,1.6,0,0,0,0,0.6,0.1,0.3,1.8,0,0.3,2.6,0,8.1,8,8.2,4.7,6.6,4,4.7,8.5,5.1,6.3,4.8,7.1,4.9,6.7,1.3,5.5,2.8,4.7,3.6,6.1,6.8,5.4,8,6.4,9.6,4.3,2.9,6.4,4.3,3.3,4.3,9.4,7.7,4,7.2,9.9,5.6,4.2,5.2,3.1,,,,,,,,,,,,,,,,,,,,,,,,,,,,,,,,,,,,,,,,,26.4,26.8,26.3,26.5,26.4,26.3,26.7,26.6,26.1,26.2,26,25.8,26.7,26.7,26,26.2,26.7,26.1,25.7,26.2,26.9,26.3,26.1,26.3,26.6,26.4,26.5,26.9,26.2,26.2,26.3,88,86,89,89,87,90,87,85,91,90,91,92,85,86,90,90,85,91,94,90,86,88,91,89,88,89,87,86,88,90,89,1,0.2,0.8,0.5,1.3,1.6,0.8,0.8,1,0.5,1.3,1.4,0.6,0,0.2,0.8,2.1,1.5,1.2,1.2,1.6,0.4,0.2,0.7,1.2,1.8,1.7,0.6,1.1,0.7,1.9,8.3,14.4,7.6,9.4,8.9,14.1,8.9,8.7,9.7,11.7,11,7.9,5.6,13,10.9,3.3,7.5,6.8,8,10.6,5.4,7.4,15.9,12.4,8.9,12,8.4,8.2,8,15.9,12.8,10.1,19.8,13,10.8,9.4,20.9,11.9,10.1,12.2,15.1,13.7,13.3,7.9,14,13,6.8,12.6,12.6,9.7,17.3,9,10.8,20.2,18.4,14.8,15.5,11.2,11.2,10.8,20.2,14,,,,,,22.2204,114.2127
2026-09-01T02:00,26.7,26.7,26.4,26.5,26.4,26.8,26.8,26.4,26.3,26.4,26.3,26,26.5,26.6,26.4,26.5,26.9,26.4,26.7,26.4,26.4,26.4,26.8,26.3,26.4,26.7,26.4,26.4,26.4,26.6,26.2,26.5,26.4,26.6,26.1,26.5,26.7,26.5,26.9,26.5,91,91,91,94,92,91,91,93,93,92,94,93,91,90,94,92,92,92,90,92,92,92,91,94,91,92,95,92,96,94,94,91,93,91,94,90,92,92,93,94,0,0,0.2,0.1,0.3,0.8,0.9,1.7,2,0,0.8,0.7,0,0,0.5,0,0,0.4,0,0,0,0,0.9,2.2,0,0,4.6,0.9,0,0,0,0,0,0.3,0.3,1.5,0,0.6,0.4,0,8.1,9.5,7.9,4.7,5.9,4.2,5.4,7.6,6.4,5.8,4.7,7.7,3.8,6.9,2.1,5.2,3.6,5,3.8,5.9,7,5.7,8.3,8.3,10.8,5,3.4,6.1,4.6,4.3,4.6,10.2,8.2,4.1,7.9,10,4.5,5,6.2,4.1,,,,,,,,,,,,,,,,,,,,,,,,,,,,,,,,,,,,,,,,,26.1,26.8,26,26.4,26.2,26.1,26.5,26.2,26.2,25.8,25.6,25.9,26.5,26.6,25.7,26.2,26.5,25.7,25.6,25.7,26.6,25.8,26.2,26,26.3,26.2,26.2,26.7,26.1,26.3,26.3,90,86,91,90,87,91,88,88,90,92,94,92,86,88,93,90,86,93,93,92,87,90,91,90,91,91,88,88,89,91,89,1,0.2,0.8,0.5,1.3,1.6,0.8,0.8,1,0.5,1.3,1.4,0.6,0,0.2,0.8,2.1,1.5,1.2,1.2,1.6,0.4,0.2,0.7,1.2,1.8,1.7,0.6,1.1,0.7,1.9,10.5,16.9,12,11.3,9.7,17.1,11.3,12.1,11.6,16.4,16.1,12.9,7.6,16.1,13.3,3.3,12.5,11.8,5.1,16.3,8.3,9.2,17.7,18.7,12.7,15.5,9.9,12.3,11.3,19.9,11.6,13,22.3,15.1,13.3,10.8,25.6,13.3,13.7,13.7,21.2,18.4,16.6,9,18,15.5,5.8,14.4,13.7,5.8,19.8,9.4,9.7,22,24.8,15.5,18.4,11.2,14,13,25.9,13,,,,,,22.2204,114.2127
2026-09-01T03:00,26.8,26.8,26.4,26.4,26.3,26.8,26.8,26.5,26.1,26.4,26.2,26,26.3,26.6,26.3,26.6,26.9,26.4,26.6,26.5,26.3,26.4,26.9,26.3,26.3,26.7,26.2,26.5,26.4,26.5,26.2,26.4,26.6,26.7,26,26.3,26.5,26.5,26.9,26.6,91,90,91,95,92,91,91,93,93,92,93,93,93,90,95,92,93,92,90,91,92,92,90,93,92,92,95,91,96,93,95,92,92,90,94,92,93,91,93,93,0,0,0,0.2,0.2,0,0,1.5,1.2,0,0.7,0.7,0.9,0,0.1,0,0,0.1,0,0,0.1,0.3,0,1,0.1,0,3.7,0,0,0.6,0,0,0,0.6,0.8,0.9,0.7,1.2,0.6,0,9.2,10.8,8.4,4.8,6.8,4.4,5.2,9,8.4,7.6,5.2,8,4.6,7.6,4.5,5.2,4.3,5.4,4.6,6.6,8.2,6.4,8.4,10.2,11.5,5,5.1,4.9,4.3,4.6,4.3,10.2,9,5,8.4,10.4,4.7,5.3,6.4,5.4,,,,,,,,,,,,,,,,,,,,,,,,,,,,,,,,,,,,,,,,,26.5,27.1,26.1,26.6,26.5,26.2,26.9,26.6,26.6,26.3,25.6,26.4,26.8,26.9,26.3,26.7,26.8,26,26,26,26.4,25.9,26.7,26.3,26.5,26.3,26.5,26.8,26.4,26.8,26.7,88,84,90,89,85,90,85,86,87,89,94,89,83,86,90,87,84,91,89,89,88,89,88,88,90,90,86,87,88,88,86,1.2,0.7,2.2,1.6,0.6,1.6,1.4,0.9,0.5,2.7,1.3,1.1,1,1.8,2,0.8,1,0.6,0.7,0.6,0.3,0.8,1.1,0.8,1,2.1,1,1.5,1.2,1.4,1.2,11.6,18.5,13.1,10.8,10.3,18.8,13.8,12.7,13.5,18,18.4,16.4,7.3,16.5,13.3,4.4,13.7,14.2,3.2,17.2,9.2,7.1,18.4,21.1,11.5,11.6,7.6,15.1,12.8,20.9,9.7,14.8,23.8,15.5,12.6,14.8,27.4,16.6,15.8,18.7,24.1,20.5,19.8,8.6,21.6,16.2,7.9,15.1,15.5,4,19.8,10.1,7.2,24.5,27,14.4,14.8,12.6,16.6,14.4,27,11.9,,,,,,22.2204,114.2127
2026-09-01T04:00,26.8,26.8,26.5,26.3,26.4,26.8,26.8,26.5,26,26.5,26.3,26.1,26.3,26.8,26.3,26.9,27,26.4,26.6,26.6,26.3,26.5,26.9,26.4,26.4,26.7,26.3,26.4,26.4,26.2,26.2,26.3,26.7,26.6,26,26.3,26.5,26.5,27,26.6,90,89,90,95,92,91,90,92,93,91,93,92,92,88,94,90,92,92,90,90,92,91,89,93,91,92,95,91,96,94,94,92,90,90,94,92,93,90,93,93,0.1,0.1,0,0.2,0.3,0,0,1.1,0.6,0,0,0.4,0.1,0,0.7,0,0,0.1,0.2,0,0.1,0.4,0,0.3,0.1,0,1.8,0,0,1.5,0,0.1,0,0.3,1.2,0.2,0.3,0.7,0.1,0,10.3,12.7,8.7,5.5,6.8,4.7,6.3,9.2,9.7,6.6,5.5,8.3,4.3,8.3,7.6,5.4,5,5.2,5.2,6.1,7.6,6.6,9.2,9.7,11.8,3.8,5.8,6.3,4.1,4.8,3.8,10.3,9.9,5.6,7.7,9.7,4.1,5.5,8.5,6.6,,,,,,,,,,,,,,,,,,,,,,,,,,,,,,,,,,,,,,,,,27.1,27.6,26.6,26.9,27,26.4,27.5,27.2,27.1,27.1,25.8,27.1,27.3,27.5,27.2,27.3,27.1,26.7,26.6,26.7,26.2,26.4,27.4,27,26.8,26.5,27,27.1,26.8,27.4,27.2,83,81,87,86,81,89,81,82,82,83,92,84,79,81,84,83,82,87,84,85,89,85,83,84,87,87,82,85,85,84,83,1.2,0.7,2.2,1.6,0.6,1.6,1.4,0.9,0.5,2.7,1.3,1.1,1,1.8,2,0.8,1,0.6,0.7,0.6,0.3,0.8,1.1,0.8,1,2.1,1,1.5,1.2,1.4,1.2,11.9,19.2,13.2,9.5,12.7,19.6,15.6,13.8,16.2,18.3,18.7,19,6,16.4,11.9,7.9,13.2,15.5,1.8,16.2,9.4,3.2,18.7,22.3,8.7,5.5,6.2,16.3,13.8,20.7,7.9,15.8,24.5,15.1,10.8,19.8,27.4,20.5,16.9,25.2,25.2,20.9,22.7,7.9,24.5,15.8,11.5,15.8,17.3,3.6,18.7,11.5,4.3,27,27,13,8.3,14.4,18.7,15.8,25.9,10.4,,,,,,22.2204,114.2127
2026-09-01T05:00,26.9,26.8,26.5,26.3,26.5,26.9,26.9,26.6,26,26.5,26.3,26.3,26.3,26.9,26.5,27.1,27,26.5,26.6,26.7,26.3,26.6,26.9,26.6,26.5,26.7,26.4,26.6,26.4,26,26.3,26.3,26.8,26.7,26,26.3,26.4,26.6,27,26.7,89,88,90,95,92,91,90,91,93,90,93,91,92,87,92,88,92,92,89,89,91,91,89,93,91,92,93,89,95,95,94,91,88,88,94,92,93,90,92,92,0.1,0.2,0.1,0.3,0.4,0,0.5,0.6,0.9,0.1,0.1,0,0,0,0,0,0,0,0.4,0,0.1,0.5,0,0.2,0,0,0.1,0,0,2.4,0.3,0.4,0,0.1,1.5,0.1,2.6,0.1,0,0,11.3,14.3,9.8,5.5,7.1,5.1,6.6,9.5,9.2,6.5,6,8.8,5.4,9,8.2,6.1,5.5,5.5,5.4,5.4,7.9,7.1,10.9,8.3,12,4.3,4.6,5.6,4.3,4.5,4.6,10.5,10.6,6.9,9,7.6,5.2,5.7,9.4,7.9,,,,,,,,,,,,,,,,,,,,,,,,,,,,,,,,,,,,,,,,,27.4,27.9,26.9,27,27.3,26.6,27.8,27.5,27.3,27.6,26,27.5,27.5,27.8,27.7,27.6,27.3,27,27,27.1,26.1,26.8,27.8,27.4,27.1,26.7,27.3,27.2,27.1,27.7,27.4,81,80,85,85,80,88,79,81,80,80,91,82,78,79,81,81,81,85,81,83,90,83,80,82,85,86,81,84,84,82,81,1.2,0.7,2.2,1.6,0.6,1.6,1.4,0.9,0.5,2.7,1.3,1.1,1,1.8,2,0.8,1,0.6,0.7,0.6,0.3,0.8,1.1,0.8,1,2.1,1,1.5,1.2,1.4,1.2,13,18.9,13.6,10.2,15,20.3,15.5,15,18.1,18.7,16.6,20.3,5.4,15.7,11.5,12.2,13.4,16.2,2.4,15,10.8,2.6,18.4,22.7,6.2,3.3,9.3,15.2,14.6,19.2,8,16.9,24.1,15.1,11.2,23.4,26.6,22.7,17.6,28.4,25.9,20.5,24.1,7.6,25.2,16.9,15.8,17.3,19.1,4,17.6,13.7,3.6,28.8,26.6,12.2,5.4,16.2,21.2,16.9,23.4,10.4,,,,,,22.2204,114.2127
2026-09-01T06:00,27,26.9,26.5,26.4,26.6,27,26.9,26.8,25.9,26.6,26.4,26.4,26.4,27,26.6,27.3,27.1,26.6,26.6,26.7,26.3,26.7,26.8,26.6,26.5,26.7,26.5,26.6,26.4,25.9,26.3,26.3,26.8,26.8,26.1,26.3,26.5,26.7,26.9,26.7,88,87,90,94,91,90,89,90,95,90,92,90,91,85,92,87,90,91,89,89,91,91,90,92,91,92,93,90,95,95,93,90,87,87,93,92,92,89,92,92,0,0,0.2,0.5,0.4,0,1.1,0,1.2,0,0.1,0,0,0,0,0,0,0,0.4,0,0.3,0.6,0,0.3,0.2,0,0,0,0,2.1,1.7,0.3,0,0,0.9,0.2,2.1,0,0.2,0,11,14.1,10.9,5.6,8.1,4.7,7.2,9.8,7.9,6.8,6.5,8.4,4.8,9.4,9.2,6.5,5.9,6.8,5.4,5.4,8.7,7.6,13.5,9.5,13,5.1,4.7,3.6,4.8,4,5.1,12.2,11.2,8.2,11.1,7.6,5.6,7,9.2,8.4,,,,,,,,,,,,,,,,,,,,,,,,,,,,,,,,,,,,,,,,,27.1,27.6,26.9,26.9,27,26.5,27.4,27.1,26.9,27.2,25.8,27.1,27,27.5,27.2,27.1,27.1,26.7,26.9,26.9,26.2,26.8,27.5,27.2,26.9,26.6,27.1,26.8,27,27.1,27.1,83,82,85,86,82,89,82,85,83,83,92,84,82,81,83,85,84,88,82,86,91,84,82,83,86,87,84,87,85,86,84,2.2,1.1,2.2,1.9,0.2,2.2,1,1.9,0.6,2.1,0.9,1,1.6,0.7,1.2,1.8,2.4,1.4,0.3,1,0.3,0.8,1.3,1.8,0.7,3,1.7,3.1,1.9,2,2.2,13.8,16.7,13.7,14.6,16.5,18.9,13.1,14.5,16.6,19.7,10.6,19.8,6,14.1,14.1,16.7,15.6,16.4,4.8,14.1,13.9,6.5,18.1,21.6,4.3,3.1,11.6,11.6,15,15.5,9.9,17.3,20.9,16.2,16.2,24.8,24.5,21.6,17.3,24.8,25.9,17.6,22.7,7.9,22,20.2,20.5,20.9,19.8,5.8,16.2,16.9,7.2,28.4,26.6,13.3,10.1,17.3,23.4,17.6,19.4,11.5,,,,,,22.2204,114.2127
2026-09-01T07:00,27.1,27,26.6,26.4,26.8,27.2,27.1,27,25.7,26.9,26.7,26.5,26.5,27.2,26.7,27.5,27.3,26.9,26.7,26.9,26.3,26.9,26.9,26.8,26.4,26.8,26.5,26.7,26.5,26,26.5,26.3,27.1,26.7,26.3,26.5,26.7,26.7,26.9,26.9,87,86,88,94,89,89,88,88,96,89,90,89,91,84,91,85,89,89,89,88,91,90,89,89,91,91,92,90,95,95,93,89,86,87,91,91,91,89,91,91,0,0,0.2,2.1,0.4,0.2,0.6,0,4.1,0,0.1,0.1,0,0,0,0,0,0,0.4,0,0.4,0.6,0,0.7,0.3,0,0.8,0.1,0,1.7,0.3,0.1,0,0.1,0.6,0.2,0.4,0.1,0,0,11.9,14.6,12.2,6.5,10.2,5.1,6.8,11.9,8.4,7.8,7,9.2,4.9,10.4,11.4,7.6,6.3,8,6.8,5.9,9.8,7.9,13.2,11.6,14.6,5.9,5.6,4.8,5.2,5.1,5.4,13.7,11.5,8.7,13.8,8.6,6.1,6.8,9.4,11.2,,,,,,,,,,,,,,,,,,,,,,,,,,,,,,,,,,,,,,,,,26.5,27,26.8,26.7,26.5,26.3,26.5,26.3,26.2,26.5,25.5,26.4,26.3,26.9,26.3,26.3,26.6,26.1,26.5,26.3,26.4,26.7,26.9,26.7,26.6,26.4,26.6,26.1,26.7,26.1,26.5,88,85,86,89,86,91,88,91,89,89,95,88,89,86,88,90,88,93,86,91,91,86,87,86,89,90,89,92,87,92,89,2.2,1.1,2.2,1.9,0.2,2.2,1,1.9,0.6,2.1,0.9,1,1.6,0.7,1.2,1.8,2.4,1.4,0.3,1,0.3,0.8,1.3,1.8,0.7,3,1.7,3.1,1.9,2,2.2,14.8,13.8,14.3,20.7,17.5,16.6,12.2,13.8,13.5,21.4,6.1,18,7.1,12.2,18.3,21.1,19.6,16.6,7.8,13,18.1,11.5,20.3,20.8,10.5,13,13.7,16.1,15.5,10.7,12.5,17.6,16.6,18,23.8,24.8,22,19.1,16.9,17.6,25.6,13.3,20.2,8.6,16.9,24.5,25.9,25.9,19.8,8.6,14.4,20.9,13.3,27,26.6,15.5,18,17.6,25.9,18.7,14,13.3,,,,,,22.2204,114.2127
2026-09-01T08:00,26.9,26.9,26.5,26.5,26.4,27.4,27.2,27,26.1,27,26.9,26.4,26.5,27.1,26.3,26.9,27.3,27,26.4,26.9,25.9,27,26.7,26.1,26.5,27.2,26.6,27.1,26.8,26.2,26.4,26.2,27.1,26.4,26.1,27.1,26.9,26.5,27.1,26.7,88,87,89,95,93,87,88,87,96,89,89,90,93,86,92,89,89,87,94,90,95,90,91,95,91,90,92,88,89,96,95,90,88,91,93,86,91,91,89,92,0,0,0,4.2,0.1,0.2,0.2,0,6.4,0,0.1,0,0,0,0,0,0,0,0.2,0,0.1,0.9,0,0.2,0,0.5,0.9,0.3,0,0.8,0.2,0.1,0,0.1,0.1,0.1,0,0,0,0,10.2,11,11.8,6.3,9,5.1,7.5,10.5,8.4,7.7,7.2,6.2,3.6,7.6,12.1,5.4,6.1,9.7,6.6,6.2,8.4,8,7.7,9.4,10.7,4.3,4.4,5.7,6.2,6.8,5.2,10.2,9.5,10,10.8,12.6,5.4,6.3,7.9,9.6,,,,,,,,,,,,,,,,,,,,,,,,,,,,,,,,,,,,,,,,,26.2,26.8,26.8,26.6,26.1,26.2,26.1,25.8,25.7,26,25.4,25.9,25.8,26.4,25.8,25.8,26.2,25.8,26.5,25.9,26.6,26.7,26.5,26.3,26.4,26.3,26.2,25.7,26.6,25.4,26.1,91,87,87,90,89,92,91,95,94,93,96,91,94,90,91,94,91,96,87,95,91,87,90,88,91,91,93,95,88,96,93,2.2,1.1,2.2,1.9,0.2,2.2,1,1.9,0.6,2.1,0.9,1,1.6,0.7,1.2,1.8,2.4,1.4,0.3,1,0.3,0.8,1.3,1.8,0.7,3,1.7,3.1,1.9,2,2.2,16.6,13.6,16,26.3,18.2,16.3,14.2,14.8,12.2,23.6,11.8,17.4,10.2,12.2,21.9,24.7,23,17.4,10.6,13.2,21.7,16.1,23.7,21.3,17.5,21.7,15.6,23.5,17.4,8,16.1,19.4,15.1,20.2,31.3,24.8,21.2,17.6,18,12.6,26.6,13,19.8,11.9,13.3,28.1,30.2,30.2,21.2,11.9,14.4,24.8,18.7,27.4,27.4,19.1,25.9,19.1,28.4,20.9,10.4,17.3,,,,,,22.2204,114.2127
2026-09-01T09:00,26.8,27.3,26.2,26.4,26.3,27.5,27.5,26.9,25.9,27.1,26.9,26.6,26.7,27.4,26.2,27.2,27.5,27,26.6,27.4,25.8,27,26.8,25.9,26.6,27.6,26.6,27.3,26.6,26.5,26.7,26.1,27.1,26.5,26.1,26.9,27.1,26.4,27,26.7,89,85,90,95,93,86,86,87,97,87,88,89,92,84,92,87,88,87,91,87,95,89,90,96,90,88,93,87,89,93,93,90,87,90,92,86,89,91,88,91,0,0,0.2,4.4,1.5,1.2,0.8,0.1,10.4,0.7,0.4,0,0.7,0.1,0,0,0.5,0.1,0.5,0.7,7.9,2.1,0.2,4.7,0,0.2,0.3,0.3,0,3.9,0.1,0.1,0.2,0.3,0.1,0,0.3,0.8,0,1.3,11.6,12.6,13,7.5,9.7,6.5,8.8,10.8,8.7,9.2,8.2,6.8,4.5,8.7,13.1,6.7,7.7,11.3,8.1,8.4,9.2,10.9,8.9,9.7,11.8,5.5,6.4,8.2,6.9,7.1,6.1,10.8,11.3,11.7,13.6,14.2,6.2,7.3,10,12.1,,,,,,,,,,,,,,,,,,,,,,,,,,,,,,,,,,,,,,,,,26.3,27.1,26.9,27,26.1,26.6,26.6,25.8,25.6,26.2,25.7,26,26,26.1,26,26,26.2,25.9,27.2,25.9,26.7,26.8,26.7,26.2,26.7,26.3,26.3,26,26.7,25.4,26.2,91,86,86,88,89,90,88,96,95,92,95,91,94,93,90,92,91,96,84,96,91,87,90,90,90,91,93,93,88,96,93,2.6,2.3,3,1.8,1.6,2.9,1.1,7,6.6,1.9,1.8,1.5,2.9,8.5,1.4,2.3,1.7,2.2,1.4,15.8,1.1,1.9,2.1,2.4,2.5,1.8,3.7,0.9,0.8,3.6,1.8,20.1,17,18.6,32.1,19.4,19.1,13.9,18.4,12,27.1,19.5,19.3,17.3,12.7,24.5,26.5,25.7,20.3,12.8,15.3,23.3,18.3,27.7,22.9,23.9,27.9,18.2,26.9,22.1,8.3,21.4,23.8,19.4,23,39.2,25.6,24.8,18,22.7,11.5,31.7,19.4,24.5,20.2,13.3,30.6,33.5,33.8,24.8,15.5,16.9,28.1,22,32,29.2,26.3,32.4,21.6,32,25.9,9.4,24.8,,,,,,22.2204,114.2127
2026-09-01T10:00,26.8,27.8,26.2,26.5,26.2,27.7,27.5,27,25.9,27.1,27,26.8,26.7,27.8,26.2,27.3,27.7,27.2,26.9,27.5,25.9,26.9,26.9,26,26.9,27.7,26.4,27.1,26.6,26.9,26.9,26.2,27.1,26.5,26.3,27,27.2,26.6,26.8,26.8,89,83,91,94,93,85,85,87,97,87,88,88,92,82,91,85,87,86,89,87,94,89,89,93,89,87,93,87,88,91,91,90,87,89,91,86,88,90,89,90,0,0.1,0.1,3.7,1.9,0.6,0.2,0,9.9,0.3,0.2,0,0.5,0,0,0.1,0.7,0,0,0.9,2.9,1,0.2,1.7,0.2,0.2,2.9,0.3,0,1,0,0,0.2,0.2,0,0,0.1,0.3,0,0.6,13,17.8,14.3,7.9,9.8,7.2,9.9,11.5,9.8,10.1,10,8.9,5.4,10.9,14,9.1,10.5,14.3,9.8,11.2,10.5,12,9.9,10.9,13.1,7.6,6.6,8.9,7.9,8.5,6.7,11.8,12.8,12.5,14.5,17.7,7.2,8.9,11.2,13.7,,,,,,,,,,,,,,,,,,,,,,,,,,,,,,,,,,,,,,,,,26.6,27.8,27.1,27.6,26.2,27.1,27.5,26,25.6,26.7,26.2,26.2,26.6,26,26.6,26.6,26.3,26.2,28.1,26.1,26.7,26.9,27.2,26.2,27,26.5,26.5,26.5,26.9,25.7,26.6,90,83,85,84,88,87,82,94,95,88,92,89,91,94,88,88,89,93,78,95,91,86,88,91,88,89,92,89,88,94,91,2.6,2.3,3,1.8,1.6,2.9,1.1,7,6.6,1.9,1.8,1.5,2.9,8.5,1.4,2.3,1.7,2.2,1.4,15.8,1.1,1.9,2.1,2.4,2.5,1.8,3.7,0.9,0.8,3.6,1.8,24.4,22.4,21.4,37.5,20.6,23.3,14.3,23.7,12.6,30.8,27.1,23.1,26.7,13.6,27,28,27.9,24,14.6,18.7,23.8,19.5,31.3,25,29.8,32.4,20.6,28.7,27.9,10,27.9,29.5,27,26.6,46.8,26.3,30.6,19.8,29.2,13,38.2,29.5,31,31,15.1,32.4,36,36.7,29.2,19.4,20.9,31,24.5,38.5,31.3,34.9,38.9,24.5,35.6,32.4,10.1,34.2,,,,,,22.2204,114.2127
2026-09-01T11:00,27.1,28.5,26.3,26.6,26.4,28.1,27.7,27.1,26.1,27.5,27.3,27.4,26.9,28.3,26.6,27.5,27.8,27.4,27,27.9,26.5,27.3,27.5,26.4,26.8,27.9,26.4,27.2,26.4,27.4,27.2,26.6,27.2,27.1,26.5,27.1,27.7,27.3,27,27.1,87,79,90,93,90,83,84,86,96,85,86,85,91,79,90,84,88,85,89,85,91,87,85,89,89,86,92,87,88,89,89,88,86,87,90,86,86,87,88,88,0,0,0.1,2.5,0.8,0.3,0.2,0,5.8,0.1,0,0,0,0,0.1,0,0.8,0,0.1,0.6,0.5,0,0.1,0.3,0.3,0.2,2,0.1,0,1,0,0,0.1,0,0.1,0,0,0,0.4,0.2,14.9,19.9,14.7,8,10.2,10,12.7,13.7,8.2,11.7,11.7,10.2,6.5,15.1,14.4,10.6,14.3,16.2,11.4,15.6,11.4,13,11.8,13.6,16,9.3,6,9.2,10.1,9.4,8.6,12.7,14.6,15.6,14,19.4,8.9,11.1,13.1,14.8,,,,,,,,,,,,,,,,,,,,,,,,,,,,,,,,,,,,,,,,,26.8,28.1,27.1,27.9,26.2,27.4,28,26.2,25.8,27,26.6,26.4,26.9,26,27,26.9,26.4,26.5,28.7,26.2,26.8,27,27.3,26.3,27.2,26.6,26.6,27.1,27,26,26.9,89,82,85,82,88,84,79,93,94,86,90,88,90,95,86,85,87,91,75,94,90,85,87,91,87,88,91,86,88,92,89,2.6,2.3,3,1.8,1.6,2.9,1.1,7,6.6,1.9,1.8,1.5,2.9,8.5,1.4,2.3,1.7,2.2,1.4,15.8,1.1,1.9,2.1,2.4,2.5,1.8,3.7,0.9,0.8,3.6,1.8,27.5,26.8,24.7,40,21.7,27.3,16.9,27.9,14.7,32.8,32.5,24.9,32.7,15.5,28.2,28.8,29.2,26.4,16.8,20.8,25.3,20.5,33.5,27,32.8,34.8,22.7,30.3,32.3,10.9,31.7,33.8,33.1,30.6,50.8,26.6,35.6,22.3,34.2,16.9,41.8,37.4,34.9,38.2,18,34.2,37.4,38.5,32.4,23,24.1,33.8,26.6,42.5,33.1,40,42.1,27.4,37.8,37.4,13,40.7,,,,,,22.2204,114.2127
2026-09-01T12:00,27.8,28.8,26.5,26.6,26.8,28.2,27.6,27.3,26.3,28.1,27.9,28.1,27.1,29,27.5,27.7,27.9,27.5,27.2,28.1,27.4,27.5,28.4,26.7,26.3,28,26.8,27.2,26.3,27.9,27.5,27.7,27.5,27.4,26.6,27.2,28.2,28.1,27.4,27.5,84,76,89,93,88,83,85,86,94,82,83,81,90,76,86,83,86,84,88,84,86,86,81,88,94,85,90,86,89,87,87,83,86,85,91,85,83,82,87,87,0,0,0.1,1.8,0,0.3,0.3,0.2,0.2,0.1,0,0,0,0.1,0,1,0.6,0,0.3,0.5,0,0.1,0,0.4,6.9,0,0.4,0.2,0.1,0.8,0,0,0.1,0.3,1,0,0,0,0,0.4,15.6,22.1,15.3,8.7,11,11.2,15.3,14.7,10.8,14.3,13,13.6,7.4,16.1,15.3,11.3,15.3,17.8,14.6,17.1,14.2,17.6,15.6,14.8,15.5,12.2,6.6,9.9,12.1,14.3,10.1,13.8,14.2,16.5,15.7,19.4,12.1,13.6,15.5,17.4,,,,,,,,,,,,,,,,,,,,,,,,,,,,,,,,,,,,,,,,,26.7,27.9,26.8,27.4,25.9,27.3,27.4,26.3,26,26.8,26.5,26.3,26.6,26.1,27,26.6,26.4,26.8,28.3,26.1,26.9,27.1,26.9,26.7,26.9,26.8,26.3,27.5,26.9,26.2,26.8,89,83,88,84,89,83,82,92,93,88,90,90,91,94,85,87,87,90,77,94,88,85,90,88,88,87,92,84,88,91,89,0.6,0.4,0.6,0.7,1,0.7,0.7,3.7,5.2,0.1,0.9,0.5,2.4,5.8,0.5,0.3,0.5,0.2,0.2,6.9,1.7,0.7,2.1,0.6,0.7,0.2,2,0.7,1.6,2.6,1.3,28.3,29.4,29.5,36.9,21.1,30.2,20.9,29.5,20.4,30.8,33.5,22.6,32.1,18.7,28.5,28.3,28.9,26.5,19.4,21.3,28.9,22.2,32.9,27.4,29.6,33.7,25,29.5,33.2,13.2,32.2,34.9,36.4,36.4,47.2,25.9,38.5,26.6,36.4,25.9,39.2,40.3,32.8,37.8,22.3,35.6,36.7,38.2,33.5,26.3,25.9,37.4,29.2,41.4,33.8,37.4,41,30.2,37.1,38.9,20.2,41.8,,,,,,22.2204,114.2127
2026-09-01T13:00,27.9,28.5,26.4,26.7,27,28.4,27.6,27.6,26.6,28.7,28.2,28.3,27.5,29.1,28.4,27.7,28,26.5,27.3,28.6,28.2,27,28.4,27.2,26.2,27.6,27,27.3,26.2,28,27.8,28.6,28.5,27.1,26.6,27.7,28.9,28.7,27.5,27.9,82,80,90,91,87,82,86,85,93,80,81,79,87,78,81,82,84,90,88,82,83,89,80,85,93,87,88,86,92,86,86,80,83,88,92,85,79,79,87,85,0,0.3,0.7,1.2,0.5,0.4,0.3,0.5,0,0.1,0.4,0,0,0.4,0.1,0.1,0.1,2.1,0.4,0.1,0.5,1.4,0.1,0,2.9,0.1,0,0,0.2,0.3,0.1,0,0.2,0.7,2.2,0.1,0,0.1,0.3,0.2,17.1,23.9,15.1,11,13.2,14.3,17.6,16.4,11,17.9,15.5,15.6,8.2,15.8,20.1,12.1,16.3,18.7,17.1,18.1,16.5,17.3,16.7,16.3,13.3,10.7,7.9,10.7,13.4,16.7,10.9,14.3,17.1,16.6,16.6,20.2,18.5,17.3,15.8,18.5,,,,,,,,,,,,,,,,,,,,,,,,,,,,,,,,,,,,,,,,,26.5,27.4,26.3,26.7,25.6,27,26.4,26.4,26.3,26.3,26.2,26.1,26,26.3,26.9,26.1,26.5,27,27.6,26,27,27.1,26.2,27.1,26.5,27,26,27.8,26.7,26.3,26.5,89,85,92,88,90,83,88,91,93,91,91,92,94,91,85,91,87,88,81,93,86,85,93,84,91,86,93,83,87,89,89,0.6,0.4,0.6,0.7,1,0.7,0.7,3.7,5.2,0.1,0.9,0.5,2.4,5.8,0.5,0.3,0.5,0.2,0.2,6.9,1.7,0.7,2.1,0.6,0.7,0.2,2,0.7,1.6,2.6,1.3,27.9,32,35.1,31.1,19.8,32.4,25.5,29.7,30.9,27.5,32.5,20.1,28.6,23.1,29.1,27.1,27.7,26.5,22.2,21.7,33.2,25.1,30.9,27.5,24.5,30.4,26.9,27.2,32.7,20.4,30.7,34.2,38.2,42.5,40,24.8,40.7,31.7,37.1,37.4,33.5,40.3,27.7,33.8,28.1,37.1,34.9,36.7,33.1,29.2,26.6,40.7,31.7,37.8,33.8,31.3,36.7,33.1,34.6,38.9,29.9,39.6,,,,,,22.2204,114.2127
2026-09-01T14:00,27.8,27.6,26.6,26.7,26.8,27.9,27.8,27.7,26.8,28.8,28.6,27.7,27.3,29.4,28.3,27.4,28.5,26.1,27.5,28.9,28.2,26.4,28.3,27.9,26.2,27.5,27.2,27.2,26.2,28,27.9,28.6,28.3,27,26.6,27.7,29.1,28.5,27.9,28.6,84,85,90,90,89,84,86,86,92,82,80,82,87,77,81,84,81,93,87,80,82,92,81,83,92,88,87,88,93,85,85,81,83,87,92,85,77,80,86,80,0.1,0.4,1.3,0.7,0,0.6,0.3,0.2,0.2,0.2,0.2,0.7,0,1.6,0.2,0,0,5.2,0.1,0.1,0,1.9,0.1,0,1.4,0.3,0.1,0.2,0.4,0.1,0.6,0.1,0.4,0.6,2.5,0.1,0,0.5,0.1,0,17.8,21.7,16.6,12.8,13.4,14.5,22.1,17.1,13.6,16.9,15.7,13.5,9.7,17.9,21.4,15.2,19.2,15.9,18.8,19.6,20.4,15.1,18.5,19.5,13.7,11.3,9.4,13.6,14.8,17.1,12.4,17.2,19.4,16.6,15.2,21.6,19.7,17.3,15.1,21.8,,,,,,,,,,,,,,,,,,,,,,,,,,,,,,,,,,,,,,,,,26.6,27.2,26.2,26.3,25.7,27,25.8,26.6,26.6,26.1,26.1,26.2,25.7,26.6,27,25.9,26.7,27.4,27.2,26.2,27.3,27.2,25.8,27.6,26.2,27.3,25.9,28.2,26.7,26.6,26.6,88,86,93,90,90,83,92,89,91,92,91,93,94,88,84,93,86,86,83,91,84,85,95,81,92,85,93,81,86,87,88,0.6,0.4,0.6,0.7,1,0.7,0.7,3.7,5.2,0.1,0.9,0.5,2.4,5.8,0.5,0.3,0.5,0.2,0.2,6.9,1.7,0.7,2.1,0.6,0.7,0.2,2,0.7,1.6,2.6,1.3,27.2,32.6,36.9,26.9,19.7,33,28.8,29.3,38.1,26,30.7,20.7,25.2,26.4,29.5,25.3,27.4,25.3,24,21.9,35.1,26.9,28.8,27.4,22.2,26.1,27.8,26,31.6,26.9,28.9,33.8,39.2,46.1,34.9,25.9,41.4,35.3,37.4,45,30.2,40.3,24.8,31.3,32.4,38.2,33.1,36.4,32.4,31.7,28.4,42.8,33.1,34.9,33.5,27.7,33.1,34.9,33.5,38.9,37.4,38.2,,,,,,22.2204,114.2127
2026-09-01T15:00,27.4,27.3,26.5,26.8,26.5,27.9,27.7,27.6,26.8,28.6,28.4,27.5,27.3,28.6,28.3,27.1,29,26.3,27.6,29,27.8,26.3,28,27.4,26.4,27.5,27.5,27,26.4,27.5,27.8,28.3,27.8,27,26.6,27.7,28.6,28.7,28.3,28.9,88,87,91,89,91,85,86,85,91,82,80,86,87,79,80,86,77,92,86,80,83,92,82,86,91,87,85,88,93,88,86,83,84,87,92,84,79,80,82,77,0.7,0.1,1.8,0.3,0.1,0.1,0.3,0.3,0,0.7,0.4,0.6,0,1.8,0.1,0.1,0,1.4,0,0.5,0,1.8,0,0.3,0.5,0.6,0.1,0.2,0.5,0.5,0.6,0.3,0.4,0.2,1.3,0.1,0,0.3,0,0,18.1,21.4,17.6,17.5,14.5,12,22.8,16.8,13.8,18.2,16.2,14.5,11.1,18.5,21,15.7,21,18.5,18.6,20.5,21.8,15.3,21.2,20.3,14.9,12.3,10.7,12.2,15.1,17.3,13.2,16.1,19.6,17.7,16.1,23,20.9,20,20.1,22.1,,,,,,,,,,,,,,,,,,,,,,,,,,,,,,,,,,,,,,,,,27.3,27.7,26.7,26.8,26.6,27.4,26.1,27.3,27.1,26.6,26.6,26.7,26.1,27.2,27.7,26.4,27.3,28,27.7,27.1,27.9,27.7,26.2,28,26.5,27.7,26.5,28.6,27.2,27.2,27.2,84,83,89,87,86,81,91,85,88,90,88,90,91,85,81,90,83,83,81,86,81,83,93,79,90,82,89,79,83,84,85,0.3,0.6,1.9,0.1,0.1,0.1,0.1,0.4,0.3,0.3,0.4,1.3,0.6,0.2,0.1,0.5,0.1,1,0.1,0.2,0.2,0.4,1.5,0.2,0.8,0.6,0.3,0.3,0.3,0.1,0,25.7,29,31.8,26.5,22.5,30.8,29.5,28.4,36.9,26.4,28.8,22,24.1,27.7,28.3,21.5,28.6,22.2,24.5,22,33,25.2,25.5,25.9,22.6,21.2,27.5,26.1,30.1,29.5,26.9,34.2,39.2,45,35.3,30.6,39.6,36.4,37.8,44.6,32.4,40,25.9,32,34.6,39.6,30.6,38.5,31.3,33.5,31.7,42.1,32.4,33.1,32,29.5,29.9,35.6,34.2,39.6,40,38.5,,,,,,22.2204,114.2127
2026-09-01T16:00,27.3,27.3,26.5,26.9,26.5,27.4,27.6,27.8,26.9,28.4,28.4,27.3,27.3,27.8,27.4,27.1,29.4,26.5,27.6,28.6,27.1,26.3,27.5,27.2,26.3,27.3,27.7,26.9,26.4,27.3,27.7,28.1,27.3,26.8,26.9,27.5,28.4,28.8,28.2,28.4,88,87,90,89,89,86,86,84,90,82,80,86,87,82,85,86,75,90,85,82,85,92,84,86,92,89,84,88,93,88,85,82,86,89,90,85,80,78,83,81,0.4,0.1,0.6,0,0,0.1,0.3,0,0.1,0.5,0,0.5,0.1,0.5,0,0,0,0,0,1,0,2,0,0.2,0.6,0.2,0,0.2,0.7,0.4,0,0.4,0.5,0,0.4,0.1,0,0.1,0,0,17,20.6,17,20.6,15.2,12.1,21.7,16.4,14.5,18.3,15.1,14,11.9,17.6,21.6,15.9,22.6,19.1,20.1,20.6,21.9,14.5,22.5,19.9,14.3,14.9,12.5,12.7,17.2,17.1,13.6,15.5,18.7,19.3,16.6,23.7,21.9,21.2,21.7,24.8,,,,,,,,,,,,,,,,,,,,,,,,,,,,,,,,,,,,,,,,,28.1,28.5,27.6,27.7,28,28.1,26.8,28.2,27.6,27.3,27.2,27.4,26.8,27.9,28.5,27.2,28.1,28.7,28.5,28.3,28.6,28.2,26.9,28.5,27,28.2,27.4,29,27.9,28.1,28.2,80,79,83,82,79,78,87,81,84,86,84,85,86,81,77,85,79,79,77,80,78,81,89,77,86,79,83,77,79,80,80,0.3,0.6,1.9,0.1,0.1,0.1,0.1,0.4,0.3,0.3,0.4,1.3,0.6,0.2,0.1,0.5,0.1,1,0.1,0.2,0.2,0.4,1.5,0.2,0.8,0.6,0.3,0.3,0.3,0.1,0,25.1,26.6,25.9,27.4,27.4,27.3,29.4,28,32.6,29.1,27.1,23.9,24.2,28.8,29,18,30.8,20,25,23.1,29.7,23.2,23.8,24,26.5,17.2,26.3,27.6,31,29.8,27.1,34.6,38.2,41.4,37.8,37.4,36,36,38.2,40.3,36.7,39.2,29.2,33.8,36,41.4,28.1,41.8,30.2,34.9,35.3,40,30.2,31.7,30.6,33.8,26.6,35.3,36.4,40,40.3,38.9,,,,,,22.2204,114.2127
2026-09-01T17:00,27.1,27.4,26.6,27.1,26.5,27,27.5,27.9,26.8,28.1,28.2,27.3,27.3,27.2,26.4,27.1,29.1,26.4,27.4,28.2,26.7,26.4,26.9,26.9,26.4,26.9,27.5,26.6,26.2,27.3,27.6,27.5,26.2,26.7,27,27,28.2,28.4,27.7,28.1,89,87,89,87,89,88,86,83,90,83,81,86,87,86,91,87,78,90,87,84,87,91,87,87,92,91,84,89,93,88,84,85,94,90,90,87,81,79,86,82,0.4,0.2,0.1,0,0.1,0.5,0.4,0,0.4,1.1,0.1,0.2,0,0.1,0.3,0,0.2,0,0.1,1,0,1.3,0.2,0,0.2,0.4,0,0.2,0.8,0.2,0,0.7,1.6,0.1,0.6,0.2,0,0,0.1,0,16.9,17.1,18.1,20.4,15.3,11.4,20.3,15.4,15.3,18,15.8,12.4,13.1,16.8,20.5,15.5,20.8,19.2,21.7,19.6,20.1,13.5,22.5,20.4,13.7,16.7,13.8,12.4,16.8,17.1,14,14.6,16,19.5,16.9,23,21.3,20.5,20.3,23.9,,,,,,,,,,,,,,,,,,,,,,,,,,,,,,,,,,,,,,,,,28.7,29.1,28.2,28.4,29,28.5,27.3,28.7,28,27.8,27.7,27.9,27.4,28.3,29,27.9,28.7,29.1,29.1,29.1,29,28.6,27.4,28.7,27.4,28.5,28,29.2,28.3,28.6,28.9,77,76,78,78,75,77,85,78,82,83,81,82,82,79,75,81,76,76,74,76,77,79,85,77,84,77,80,76,77,77,77,0.3,0.6,1.9,0.1,0.1,0.1,0.1,0.4,0.3,0.3,0.4,1.3,0.6,0.2,0.1,0.5,0.1,1,0.1,0.2,0.2,0.4,1.5,0.2,0.8,0.6,0.3,0.3,0.3,0.1,0,26.3,28.7,25.8,29,31.4,26.3,29.8,28.2,30.3,31.6,27.2,25.9,25.6,29.7,31.3,18,32.5,21.4,26.1,25.6,29.3,22.8,25.2,23.7,30.1,17.8,26.1,29.3,33.2,31,29,35.6,38.2,39.6,40.3,42.1,34.2,36,38.2,37.1,39.2,38.9,31.7,35.6,36.4,42.1,27.7,43.9,30.2,36.4,38.5,38.5,29.2,31.7,29.9,36.7,26.3,35.3,38.9,41,41,39.6,,,,,,22.2204,114.2127
2026-09-01T18:00,27.3,27.5,26.5,27.1,26.4,26.8,27.4,27.9,26.8,27.9,28,27.2,27.1,27,26.5,27,28.8,26.2,27.1,27.8,26.6,26.5,26.7,26.7,26.3,26.9,27.2,26.4,26.3,27.1,27.6,27.3,26.2,26.6,26.8,26.7,28,28,27.6,27.7,89,86,90,88,89,89,87,83,90,83,81,86,87,86,91,87,79,90,88,86,89,91,87,88,93,91,85,90,92,88,85,86,92,90,91,89,80,80,87,85,0.1,0.1,0.2,0,0,0.7,0.2,0,0.3,1.1,0.1,0.3,0,0.3,0.1,0,0,0,0.1,0.9,0.3,0.5,0.4,0.1,0.8,0,0.1,0.2,1.1,0.1,0,0.5,1.4,0,0.8,0.2,0,0,0.2,0.2,16.7,15.8,18.1,19.1,14.6,9.7,18.3,14.2,15.3,15.9,14.2,11.6,15.3,14.2,18.4,14.5,21.1,19.6,20.3,18,18.4,13.7,20.2,19.2,15.6,15.7,12.9,10.6,14.5,16.5,15.3,12.8,13.4,18.6,16.1,22.1,19.7,17.7,19.2,23.3,,,,,,,,,,,,,,,,,,,,,,,,,,,,,,,,,,,,,,,,,28.5,29,28.3,28.4,29.1,28.2,27.3,28.8,27.9,27.7,27.7,28,27.7,28.2,28.7,28.2,28.7,29,28.9,28.9,28.7,28.4,27.7,28.4,27.4,28.5,27.9,29,28,28.7,28.9,78,76,77,78,74,79,86,78,83,84,81,82,80,80,77,79,76,76,75,77,79,80,83,79,84,77,82,77,79,77,77,1.1,1.1,0.7,0.5,0.6,1.3,0.8,1.4,0.9,0.4,1,1.2,0.3,1.5,1.4,0.8,0.8,0.8,0.5,0.6,0.7,0.8,0.7,1.2,0.7,0.6,1.3,0.9,0.9,0.1,0.7,28.5,31.4,29.9,30.9,33.1,27.7,30.9,28,30,31.1,29,26.7,28.6,29.8,32.2,22.3,32.8,24.4,27.7,28.2,31.1,23.9,27.5,25.7,29.8,22.7,26.6,31.1,34,33.6,30,37.8,40.3,41.4,41.4,43.2,35.3,37.1,37.8,36.4,37.4,39.6,32.8,37.8,36,41.8,32,43.6,32.8,37.4,41.4,39.2,29.9,34.2,32,35.6,31,35.6,42.8,42.8,43.2,39.6,,,,,,22.2204,114.2127
2026-09-01T19:00,27.3,27.5,26.4,27.1,26.3,26.7,27.5,27.7,26.7,27.9,27.8,27.1,26.9,26.8,26.5,26.9,28.6,26.1,26.9,27.7,26.7,26.4,26.8,26.5,26.2,26.9,27.1,26.4,26.6,27.2,27.4,27,26.4,26.4,26.7,26.5,27.6,27.6,27.4,27.3,87,86,90,89,89,89,86,83,90,83,82,87,87,87,91,87,79,90,89,86,89,92,86,89,93,90,86,90,90,87,86,88,91,91,91,89,81,81,88,88,0,0.2,0.2,0,0,1,0.2,0,0.1,0.6,0,0.3,0,0.9,0,0,0,0,0.1,1.1,2.5,0.9,0.2,0.2,0.7,0.1,0,0.1,0,0,0,0.5,0.3,0.1,0.6,0,0,0,0.2,0.2,17,15.3,16.5,17.6,15.4,9.1,17.9,15.1,15.8,12.3,12.4,10.8,15.8,13.1,17.1,12.3,20,19.1,19.5,16.4,17.4,15.1,17.7,17.2,16.1,15.5,10.5,9.7,13.1,15.6,16.3,12.2,11.7,18.2,16,20.9,19.4,13.4,19.1,22,,,,,,,,,,,,,,,,,,,,,,,,,,,,,,,,,,,,,,,,,28,28.6,28.2,28.2,28.8,27.6,27.2,28.5,27.7,27.4,27.6,27.9,27.8,27.9,28,28.3,28.4,28.6,28.5,28.4,28,28,27.9,28,27.4,28.4,27.5,28.5,27.3,28.5,28.7,82,77,78,79,75,83,89,80,85,87,83,83,80,83,82,78,77,77,77,80,83,81,81,82,85,78,86,79,83,78,77,1.1,1.1,0.7,0.5,0.6,1.3,0.8,1.4,0.9,0.4,1,1.2,0.3,1.5,1.4,0.8,0.8,0.8,0.5,0.6,0.7,0.8,0.7,1.2,0.7,0.6,1.3,0.9,0.9,0.1,0.7,31.5,33.4,35.3,33.2,33.5,30.9,32.6,27,30.2,29.3,31.6,27.4,31.9,29.5,32.9,28,32.3,28.2,29.5,32.1,33.7,25.7,29.6,28.9,27.8,29.3,28,32.9,35.4,36.7,30.2,40.7,43.2,45,42.1,42.8,38.2,38.5,37.1,37.1,33.8,40.7,33.1,40.3,35.3,40.7,38.9,42.1,36,38.5,43.6,41,31.3,37.8,34.9,33.1,38.5,36,47.2,45,46.1,40,,,,,,22.2204,114.2127
2026-09-01T20:00,27.3,27.2,26.5,26.9,26.2,26.6,27.6,27.5,26.7,27.8,27.6,27.1,26.9,26.8,26.3,26.8,28.3,26.1,26.7,27.5,26.7,26.5,26.9,26.4,26.2,26.8,27.1,26.3,26.6,27.3,27.2,27,26.6,26.4,26.6,26.5,27.3,27.5,27.2,27.1,87,88,90,90,89,89,84,84,91,83,84,87,87,87,91,88,78,90,90,86,89,91,86,89,91,90,85,91,89,85,88,88,90,90,91,90,81,81,88,88,0,0.4,0.1,0.3,0,1.4,0.1,0.1,0,0.8,0,0.3,0,0.1,0.2,0,0,0,0,0.7,2.7,0.6,0.1,0.1,0,0,0,0.3,0.3,0,0,0.5,0.2,0.2,0.4,0.1,0,0,0.3,0.2,16.9,15.4,16.9,17.8,14.8,10,18.5,15.9,14.8,11.2,12.1,9.8,15.3,11.6,15.2,11.5,20.2,19.1,18.7,16.6,16.2,16.1,16.2,17.1,16.8,14.1,9,8,14.8,15.8,16.2,12,12,17.5,14.8,19.2,16.2,11.9,19.1,21.8,,,,,,,,,,,,,,,,,,,,,,,,,,,,,,,,,,,,,,,,,27.6,28.3,28,27.9,28.4,27.3,27.1,28.1,27.5,27.2,27.5,27.8,27.8,27.6,27.4,28.3,28.2,28.3,28.1,27.9,27.5,27.7,28,27.7,27.3,28.2,27.2,28,26.9,28.2,28.5,84,78,80,80,76,85,90,82,86,88,84,84,80,85,85,78,78,78,78,82,85,82,80,83,86,79,88,81,85,79,78,1.1,1.1,0.7,0.5,0.6,1.3,0.8,1.4,0.9,0.4,1,1.2,0.3,1.5,1.4,0.8,0.8,0.8,0.5,0.6,0.7,0.8,0.7,1.2,0.7,0.6,1.3,0.9,0.9,0.1,0.7,33,34.9,39.4,34.5,33.2,32.3,33.6,27.2,31.7,27,32.4,27.3,33.3,29.3,33,31.7,31.1,29.8,30.3,34.2,35.3,25.5,30.8,29.7,27.4,33.1,28.6,34.3,35.6,38.7,30.3,42.5,45.4,47.9,42.5,42.1,39.6,40.7,37.4,39.2,32,40.7,33.5,41,34.9,39.2,43.6,41,38.5,39.2,44.6,42.8,32.8,40,36.7,31.7,42.5,36,49.7,45.4,47.9,40,,,,,,22.2204,114.2127
2026-09-01T21:00,27.2,27,26.6,26.9,26.2,26.7,27.3,27.2,26.7,27.6,27.4,27.1,26.9,26.7,26.2,26.8,28.1,26.2,26.7,27.4,26.6,26.7,26.7,26.3,26.1,26.8,27,26.3,26.4,27.3,27.1,27,26.7,26.7,26.5,26.5,27.2,27.5,27.2,27.1,86,87,89,90,89,88,84,85,92,83,85,86,87,88,92,88,78,89,89,86,89,89,87,89,91,88,86,91,90,84,89,88,90,87,91,89,82,81,87,87,0,0.2,0,0.3,0,0.8,0.2,0,0,0.3,0,0.2,0.1,0.2,0.4,0,0,0,0,0.1,2,0,0.2,0.1,0.1,0.1,0,0.4,0,0,0,0.1,0,0.4,0.4,0.1,0,0,0.2,0.2,17.7,15.1,16.3,17.1,15.3,9.5,17.6,16.9,15.1,10.4,11.4,8.9,15.1,10.9,16.5,10.5,18.8,18.5,15.5,15.9,17.7,17.1,14.8,16.2,17.6,12.3,8.1,6.8,15.5,16.3,16.3,12.7,12,17.7,14,18.5,14.7,10.9,19.9,21,,,,,,,,,,,,,,,,,,,,,,,,,,,,,,,,,,,,,,,,,27.5,28.2,27.6,27.9,28.2,27.6,27,27.6,27.6,27.2,27.7,27.8,27.7,27.6,27,28.2,28.1,28.2,28.1,27.8,27.3,27.8,27.9,27.8,27.2,27.9,27.3,27.4,26.8,27.8,28.3,84,79,82,80,76,83,89,85,86,87,82,84,81,84,86,78,78,78,78,81,84,81,80,81,86,80,87,85,84,81,78,1.3,1.3,3,0.2,0.3,0.7,0.9,3.4,0.9,0.3,0.7,1,0.6,2.2,2,0.2,0.2,0.3,0.2,0.7,2,0.5,1.2,0.9,1.1,1,2.1,3.8,1.2,1.6,0.4,32,35.5,40.3,34.7,32.4,30.3,32.2,29.6,35,25.4,28.5,25.2,31.1,28,31,32.1,29.2,26.7,29.4,32,34.5,21.3,30.3,26.3,29.4,31.8,27.5,35.4,30.4,39.3,29.6,41.8,45.7,49,43.2,42.5,38.5,44.3,39.6,44.6,34.6,38.2,33.5,38.5,35.3,37.8,44.3,41,38.2,39.2,43.6,43.9,33.1,38.9,34.9,33.8,40,35.6,49,41.8,48.2,40.3,,,,,,22.2204,114.2127
2026-09-01T22:00,27.1,26.9,26.6,26.9,26.2,26.8,27.2,27,26.7,27.6,27.3,27.1,26.8,26.7,26.1,26.9,28,26.3,26.8,27.3,26.6,26.7,26.7,26.1,26.2,26.7,27,26.5,26.3,27.2,27,27,26.7,26.7,26.4,26.4,27.2,27.5,27,27.2,87,86,88,89,88,87,84,85,91,83,85,86,87,86,92,88,78,88,88,85,89,88,87,90,90,87,85,89,91,83,88,88,89,85,91,90,82,81,88,86,0.1,0.1,0,0,0.1,0,0.1,0.1,0.1,0.3,0,0.4,1.1,0,1,0,0,0,0,0,0.7,0.3,0.1,0.2,0.2,0.2,0.1,0.1,0,0,0,0,0.1,0.4,0.3,0,0,0,0.2,0.1,18.6,13.8,16.9,16.2,14.4,10.1,16.6,18.1,14.6,9.8,10.2,9.3,15.4,10.5,16.9,10.2,18.7,17.7,13.3,15.6,18,16.5,13.3,15.9,17.3,10.9,7.6,6.2,15.9,16.1,15.5,13.9,12.4,18.7,13.7,17.2,14.5,10,19.8,18.8,,,,,,,,,,,,,,,,,,,,,,,,,,,,,,,,,,,,,,,,,27.4,28.1,27.1,27.8,28.1,28.1,26.9,27,27.8,27.2,28,27.8,27.4,27.7,26.7,28.1,27.9,28.3,28.1,27.8,27.3,27.9,27.7,28.1,27,27.6,27.5,26.7,26.9,27.4,28.1,83,79,84,80,76,79,87,88,84,84,79,83,82,82,87,78,77,77,77,79,82,79,81,78,87,82,84,90,82,83,77,1.3,1.3,3,0.2,0.3,0.7,0.9,3.4,0.9,0.3,0.7,1,0.6,2.2,2,0.2,0.2,0.3,0.2,0.7,2,0.5,1.2,0.9,1.1,1,2.1,3.8,1.2,1.6,0.4,29.3,35.7,39,34.9,31.1,27.1,32.1,33,40,26,23.5,24.5,27.7,26.9,28,31,28.2,23.5,28.8,29.5,33.6,19.1,28.5,21.9,32.2,28,26.7,35.8,23.4,38.9,28.8,39.6,45,49.3,43.6,42.5,36,48.2,42.8,51.8,38.9,34.9,33.8,34.6,35.6,36,42.8,41.4,36.7,38.9,41.4,45,33.5,36.4,32,37.1,34.2,35.3,46.4,36.4,48.2,41,,,,,,22.2204,114.2127
2026-09-01T23:00,26.7,26.9,26.7,26.9,26.1,26.9,27.2,26.7,26.7,27.5,27.2,26.8,26.7,26.6,25.9,26.4,27.9,26.3,26.8,27.3,26.5,26.6,26.5,26.1,26.3,26.7,26.9,26.5,26.2,27.1,26.9,26.9,26.5,26.5,26.4,26.4,27.2,27.2,26.8,27.1,89,86,87,89,88,86,84,86,90,82,86,87,87,85,94,90,78,88,87,85,89,88,87,90,90,87,86,89,90,83,87,86,89,86,91,90,82,83,88,86,0.4,0.1,0,0,0.4,0,0.1,0.2,0.2,0.1,0,0.5,0.2,0,1.5,0.3,0,0,0,0,0,0.9,0.1,0.4,1.1,0.3,0.1,0,0,0,0,0,0.1,1.7,0.3,0.1,0,0.1,0,0,18.9,13.4,18.1,15.2,14.6,10.2,18,18,15.3,10.6,10.5,9.2,14,10.9,14.5,11,18.6,19.3,14.1,15.7,17.7,17.3,12.7,15,18.1,10.2,6.9,6.9,16.4,15.6,15.5,15.5,13.1,18.8,13.4,15.9,14.7,9.6,18.9,18.9,,,,,,,,,,,,,,,,,,,,,,,,,,,,,,,,,,,,,,,,,27.3,27.9,26.7,27.7,27.8,28.4,26.9,26.6,28,27.3,28.2,27.7,27.2,27.8,26.6,27.9,27.5,28.2,28.1,27.7,27.3,28,27.5,28.2,27,27.4,27.6,26.3,27,27,27.9,82,80,86,80,76,76,85,90,83,82,77,82,83,80,87,78,78,77,77,78,81,78,82,76,86,83,82,92,80,85,77,1.3,1.3,3,0.2,0.3,0.7,0.9,3.4,0.9,0.3,0.7,1,0.6,2.2,2,0.2,0.2,0.3,0.2,0.7,2,0.5,1.2,0.9,1.1,1,2.1,3.8,1.2,1.6,0.4,27.3,35.6,37.2,34.4,29.9,25,34.4,34.2,42.8,27.8,20.9,26.2,25.1,26.5,26,30.2,27.9,23.9,29.9,29.4,34.3,21.9,26.6,21,32.3,24.1,26.1,35.3,20.5,37.8,29.1,38.5,44.6,49,43.6,42.1,34.6,51.8,45,56.2,42.5,32.8,34.9,32,36.4,34.9,41.4,41.4,36,38.9,40.7,46.4,34.2,34.9,30.2,39.2,29.9,35.3,44.3,33.5,48.2,41.4,,,,,,22.2204,114.2127
2026-09-02T00:00,26.5,27,26.7,26.8,26.1,26.9,26.9,26.5,26.6,27.4,27.1,26.7,26.7,26.4,26,26,27.7,26,26.9,27.2,26.6,26.5,26.3,25.9,25.9,26.7,27,26.5,26.1,27,26.9,26.7,26.3,26.6,26.4,26.2,27.1,27,26.7,27.1,89,84,87,88,88,85,85,87,90,81,87,87,87,83,93,92,78,89,85,84,89,88,88,91,93,86,85,88,88,83,85,86,89,84,91,90,82,83,88,86,0.3,0.1,0,0,0.1,0,0.1,0,0.2,0,0,0.4,0.7,0,1.4,1.8,0,0.3,0,0,0,0.4,0.2,0.4,1.5,0,0,0,0,0,0,0,0,0,0.4,0.2,0,0.1,0.1,0,18.2,13.7,19.6,14.8,15.1,10.8,18.8,16.7,16.9,12.1,11.2,8.7,14.2,11.2,12,11.6,19.3,18.8,15.1,17.2,18.6,18,13.6,14.7,18.2,9.6,6.8,6.6,15.9,15.6,15.1,16.1,12.6,17.7,14.1,15.4,11.8,9.2,18.4,20.5,,,,,,,,,,,,,,,,,,,,,,,,,,,,,,,,,,,,,,,,,27.3,27.7,26.6,27.4,27.5,28.2,27,26.5,28,27.3,28,27.6,27,27.9,26.6,27.7,26.6,28.1,28,27.2,27.3,27.8,27.3,28.1,27.1,27.3,27.6,26.4,27.1,26.8,27.7,81,80,86,81,76,76,83,89,82,81,77,82,83,79,86,77,82,77,77,78,81,78,81,77,84,82,81,90,79,85,77,0.9,0.6,0.2,0.8,0.2,0,0.9,1.9,0.6,0.1,0,1.6,0,0,0,0.1,2.1,0,0.1,0.2,0.2,0,0,0.1,0.1,0.4,0.1,0.9,0.2,0.3,0.2,27,36.3,34.8,32.9,28.5,24,38.2,32.2,41.6,29.3,21.8,29.2,24.7,27.3,24.1,29.7,27.9,25.7,31.7,30.4,36.7,25,25.6,22.4,27.3,20.8,27,32.7,23.2,36.4,29.3,39.2,45,47.5,42.8,40.7,34.2,54.4,44.6,55.8,43.6,33.8,38.5,32.8,37.1,34.2,40.7,41.4,36.4,40.3,42.8,48.2,36,35.6,31.3,38.5,28.8,36.7,43.6,35.3,49.3,41.8,,,,,,22.2204,114.2127
2026-09-02T01:00,26.4,26.9,26.5,26.8,26.1,26.9,26.8,26.4,26.5,27.2,27,26.6,26.8,26.2,25.8,25.9,27.5,25.6,26.9,27.1,26.4,26.5,26.2,25.9,26.1,26.7,27.1,26.6,26,26.8,26.7,26.5,26,26.6,26.3,26.2,26.9,27.1,26.7,27.1,88,84,87,88,88,85,84,88,90,80,87,87,86,82,93,92,78,91,85,83,89,88,88,92,90,85,84,87,88,82,84,86,90,84,90,90,83,82,88,85,0,0,0.5,0,0,0,0,0,0.1,0,0,0.3,0.2,0,1.9,2.9,0,1.9,0,0,0,0.1,0.1,0.5,0.1,0,0,0,0,0,0,0,0.1,0.1,0.1,0.1,0.3,0,0,0,19.2,15.3,21.9,14.3,15.8,11.3,18.2,14.1,16.9,13.6,11.8,9.1,13.4,11.8,12.8,11.8,17.2,19.9,18.3,18.5,20.1,19.2,14.5,13.7,19.5,9.2,7.2,7.6,15.6,16.4,15.2,15.9,12.6,18.2,14.5,13.7,11.2,8.7,18.3,23.3,,,,,,,,,,,,,,,,,,,,,,,,,,,,,,,,,,,,,,,,,27.4,27.5,26.6,27,27.1,27.9,27.1,26.6,27.9,27.3,27.7,27.5,26.9,28,26.8,27.3,25.5,27.8,27.8,26.7,27.3,27.5,27.2,27.7,27.4,27.3,27.6,26.9,27.3,26.6,27.4,80,81,85,81,77,77,82,88,80,80,78,82,82,78,85,76,87,77,78,78,82,78,80,78,80,80,80,86,78,83,77,0.9,0.6,0.2,0.8,0.2,0,0.9,1.9,0.6,0.1,0,1.6,0,0,0,0.1,2.1,0,0.1,0.2,0.2,0,0,0.1,0.1,0.4,0.1,0.9,0.2,0.3,0.2,29.2,37.3,32.8,30.9,26.9,24.5,41.9,31,39,30,24.5,32.7,25.1,29.2,23.5,29.2,27.7,27.7,33.8,31.6,39.6,27.4,26.1,24.7,21.7,20.3,29.2,30.6,27.8,35.9,29.7,40.7,45.7,45.4,41.8,38.5,34.9,55.8,43.2,52.6,43.9,36.4,43.2,34.6,38.2,33.8,40,41.4,37.8,42.1,46.1,50.8,38.2,37.4,33.8,36.4,29.2,38.5,43.2,39.2,50.8,42.1,,,,,,22.2204,114.2127
2026-09-02T02:00,26.2,27,26.3,26.7,26.2,27,26.8,26.2,26.4,27,27,26.3,27,26.1,25.9,26.2,27.4,25.3,26.9,27,26.3,26.6,26.1,25.7,26.1,26.6,27.1,26.6,25.9,26.7,26.4,26.2,25.9,26.3,26.3,26.2,26.6,27.1,26.6,27.1,88,83,88,88,88,84,83,88,90,80,86,88,84,81,92,90,77,92,85,82,89,88,87,93,90,85,82,87,88,82,83,86,89,86,88,90,83,82,88,83,0,0,1.3,0,0,0,0,0,0.2,0,0,0.4,0,0,2,0.4,0,3,0,0,0,0,0,0.8,0.1,0,0,0,0,0,0,0,0,0.5,0,0.1,0.7,0.1,0,0,20.3,16.4,23.8,15.6,17.2,11.6,19.2,13.8,17.7,13.6,12.4,9.7,12.6,11.8,14.3,12.7,15.6,20.7,19.5,19.7,21.1,19.9,16.8,13.9,20.6,10.5,8.4,9.3,16.4,12.6,15.1,15.4,12.9,22.1,15.5,14.5,12,8.5,18.7,24.7,,,,,,,,,,,,,,,,,,,,,,,,,,,,,,,,,,,,,,,,,27.3,27.3,26.6,26.6,26.8,27.6,27.1,26.6,27.8,27.3,27.4,27.2,26.7,27.9,26.9,27,24.6,27.4,27.6,26.2,27.3,27.1,27,27.4,27.5,27.3,27.5,27.2,27.3,26.3,27.1,79,81,85,82,77,78,81,86,79,80,79,82,81,77,84,76,91,77,78,79,82,78,79,80,78,79,79,83,78,83,77,0.9,0.6,0.2,0.8,0.2,0,0.9,1.9,0.6,0.1,0,1.6,0,0,0,0.1,2.1,0,0.1,0.2,0.2,0,0,0.1,0.1,0.4,0.1,0.9,0.2,0.3,0.2,31.8,37.1,33.1,29.4,25.8,26,44.1,32,37,30.5,26.5,34.8,26.1,30.9,24.2,28.5,27.3,28.9,34.2,32.2,41.8,28.7,27.5,26.2,20.9,22.4,31.2,31.4,31.3,36.7,29.9,41.8,45.7,44.6,41,37.1,36,56.5,42.8,50,43.6,38.5,46.8,36.7,39.6,34.9,39.2,40.7,38.9,43.6,47.9,52.2,38.9,38.9,36,34.6,29.9,40.3,43.6,42.1,52.6,42.1,,,,,,22.2204,114.2127
2026-09-02T03:00,25.9,27,25.8,26.7,26.3,27.1,26.6,26,26.4,26.8,27,26.2,27.1,26.1,25.8,26,27,25.3,26.8,26.9,26.2,26.6,26,25.7,26.1,26.5,27.2,26.6,25.9,26.7,26.2,26,25.9,26.1,26.2,26.1,26.3,27,26.6,27,88,81,91,87,87,82,83,89,89,80,85,87,83,80,92,90,78,90,85,81,88,87,86,92,89,85,81,86,87,81,82,86,88,86,87,90,85,81,87,82,1.2,0,4.1,0,0,0,0,0,0,0,0.2,0.2,0,0,1.5,0.9,0.2,1.2,0,0,0,0,0,1.1,0,0,0,0,0,0,0,0,0,0,0,0.2,0,0.1,0,0,20.2,17.2,22.9,17.1,17.1,13.1,20.4,13,17.5,13.2,13,10.5,14,13,16.5,13.4,15.3,20.9,22.4,19.3,21.3,20.3,16.9,14.5,19.7,10.7,8.7,10.4,16.9,11.8,14.5,15.4,12.1,21.9,16.4,14.3,11.7,9.2,19.5,24.7,,,,,,,,,,,,,,,,,,,,,,,,,,,,,,,,,,,,,,,,,27.1,26.9,26.4,26.4,26.5,27.4,26.9,26.3,27.7,27.1,27.1,26.9,26.3,27.6,26.7,26.6,24.2,26.8,27.4,25.8,27.2,26.7,26.8,27.1,27.3,27.1,27.2,27.2,27.1,25.8,26.8,79,82,85,82,77,78,82,85,79,81,79,81,81,77,84,76,92,79,78,80,82,79,78,81,78,78,79,82,78,85,77,0,0.2,1.5,0,1.1,0,2.2,0.3,0.1,0.4,0,1.9,0.4,0,0,0.1,4.3,0.1,0,0,1.2,0,0,0.4,0,0,0,0.8,0.1,1.6,0,31.9,34.7,34.8,28.3,25.9,28.4,43.4,32.9,36.5,30,26.9,34.5,26.5,31,25.6,27.3,27.1,29.3,31.9,31.3,42.5,28.1,28,27,21.7,23,31.5,34.2,31.5,37.1,29.5,42.5,45,46.4,40.7,37.8,38.5,55.4,45,48.6,42.1,38.9,47.9,38.5,41,38.2,38.9,38.5,40.7,43.9,46.4,52.6,36.7,40,36.7,34.2,30.6,41.8,45.7,42.8,54.7,41.8,,,,,,22.2204,114.2127
2026-09-02T04:00,25.6,27,25.6,26.6,26.2,27.2,26.4,25.9,26.4,26.5,26.9,26,27,26.1,25.8,25.4,26.8,25,26.7,26.7,26,26.8,25.9,25.7,26.1,26.3,27.1,26.5,25.9,26.6,26.2,25.9,26,26,26.2,26.1,26,26.8,26.5,26.8,89,80,92,86,87,81,82,90,89,80,84,86,82,79,91,93,78,92,85,81,88,85,86,91,89,85,80,86,87,81,81,86,87,86,86,91,86,82,87,83,3.8,0,8.1,0,0,0,0,0,0.8,0,0.5,0.1,0,0,0.5,5,0.5,2.8,0.3,0,0.3,0,0,0.5,0,0,0,0,0,0,0,0,0,0,0,0.2,0.7,0.4,0,0,20.2,16.8,23.8,18.8,18,13.4,20.7,13.1,18.6,14,13,10.7,15.7,12.8,18.3,13.2,14.3,21.2,23.2,18.1,20.5,21,16.9,15.3,20.1,11.2,9.9,12.1,16.1,11.8,13,14.6,13,21.3,16.8,15.8,11.2,9.8,19.3,24.9,,,,,,,,,,,,,,,,,,,,,,,,,,,,,,,,,,,,,,,,,26.8,26.6,26.3,26.3,26.3,27.3,26.5,25.9,27.6,26.7,26.8,26.5,25.9,27.2,26.5,26.3,24.2,26.1,27.2,25.6,27.2,26.2,26.5,26.8,27,26.9,26.7,27.1,26.8,25.3,26.5,79,83,85,81,76,78,84,84,79,83,79,80,82,78,84,77,92,81,77,81,82,80,77,81,79,77,78,83,79,87,77,0,0.2,1.5,0,1.1,0,2.2,0.3,0.1,0.4,0,1.9,0.4,0,0,0.1,4.3,0.1,0,0,1.2,0,0,0.4,0,0,0,0.8,0.1,1.6,0,30.4,31.4,36.8,27.1,26.4,30.5,40.6,33.4,36.7,29.3,26.3,33,27,30.4,27.2,25.8,26.9,28.9,29,29.7,42.2,26.4,28,26.9,22.8,23,30.5,37.8,29.8,37.2,28.9,42.5,43.6,49,40.7,39.2,42.1,52.9,47.9,47.5,40.3,38.5,47.5,40,42.8,42.5,38.9,36,42.5,43.6,43.2,52.6,33.1,41,37.1,34.6,31.7,43.2,48.6,42.5,56.9,41.4,,,,,,22.2204,114.2127
2026-09-02T05:00,25.3,27.1,25.6,26.6,26.2,27.2,26.3,25.9,26.4,26.4,26.8,25.9,26.9,26,25.8,25.2,26.7,24.7,26.4,26.6,25.9,26.8,25.8,25.8,26,26.2,27,26.5,25.8,26.4,26.2,25.7,25.9,25.9,26.1,26,25.9,26.6,26.5,26.7,91,80,91,85,86,79,82,90,89,80,84,85,81,80,91,91,78,93,86,82,87,85,85,90,88,84,79,86,87,81,81,86,87,86,85,90,87,82,87,82,3.9,0,5.7,0,0,0,0,0,1.9,0,0.8,0,0,0,0.3,6.1,0.2,4.3,1.7,0.3,0,0,0,0,0.4,0,0,0,0,0,0,0,0,0.1,0,0.2,1.9,0.2,0,0,18.9,16.9,24.6,18.9,18.4,13.2,21,13.6,17.9,12.5,12.2,10.4,14.6,12,19.8,13.4,13.3,19.9,23.2,17.7,19.8,20.6,18,14.7,19.7,11.5,9.7,12.1,14.6,12,11.5,14.5,13.8,21.3,16,17.5,10.4,9.8,17.4,23.4,,,,,,,,,,,,,,,,,,,,,,,,,,,,,,,,,,,,,,,,,26.5,26.4,26.1,26.2,26.1,27.2,26.3,25.4,27.5,26.4,26.5,26.1,25.5,26.8,26.3,25.9,24.2,25.6,27,25.3,27,25.9,26.2,26.6,26.7,26.7,26.4,26.9,26.5,25,26.2,79,83,86,81,76,77,85,84,79,84,79,80,82,78,83,78,91,82,76,82,82,81,77,81,80,77,78,83,79,89,78,0,0.2,1.5,0,1.1,0,2.2,0.3,0.1,0.4,0,1.9,0.4,0,0,0.1,4.3,0.1,0,0,1.2,0,0,0.4,0,0,0,0.8,0.1,1.6,0,29.1,30.2,37.5,26.4,26.6,32,38.4,33.5,37.2,28.5,26,32.4,27.4,30.1,28.1,24.3,26.7,28,27.4,28.3,41.6,25.1,27.7,26.5,23.3,22.7,29.5,39.7,28.6,37.3,28.1,42.8,43.2,50.8,40.3,40,44.6,50.8,50,46.8,39.6,38.5,47.5,41,44.6,45.4,37.4,33.8,42.8,42.8,40.7,52.2,31.3,41.8,37.1,34.9,32.4,44.3,50.4,42.1,58.3,41,,,,,,22.2204,114.2127
2026-09-02T06:00,25,26.9,25.5,26.6,26.2,27.2,26.3,26,26.3,26.3,26.5,25.9,26.9,25.9,25.7,25.1,26.6,24.7,26.6,26.5,25.8,26.7,25.2,25.8,26.1,26.1,26.9,26.4,25.8,26.2,26.1,25.5,25.9,25.8,25.9,26,25.7,26.4,26.5,26.8,92,80,92,84,85,79,81,89,89,80,86,84,80,80,91,90,79,92,85,82,86,85,89,88,87,83,79,85,88,82,82,86,86,85,85,88,88,83,86,81,7.7,1,4.5,0,0.5,0,0,0,1,0.2,0.5,0,0,0,0.2,0.2,0,4.3,1.9,1.9,0.5,0,1.1,0,1.1,0,0,0,0.1,0,0,0,0,0,0,0,1.4,0.3,0,0.1,19.5,16.2,25.2,18.1,18,14.6,21.8,14.7,18.6,14,11.7,11.5,15.4,12,20.9,12.4,13.5,20.4,21.9,16.9,19.4,20.5,17,14,19.1,12.3,9.7,12.9,13.6,11.7,10.4,14.8,14.8,21.3,16.4,18.4,10.7,9.9,17.2,22.1,,,,,,,,,,,,,,,,,,,,,,,,,,,,,,,,,,,,,,,,,26.4,26.4,25.8,25.9,25.9,27.2,26.3,25,27.3,26.1,26.2,25.8,25.3,26.5,26.1,25.4,24.4,25.5,26.8,25.1,26.5,25.9,26.1,26.5,26.6,26.5,26.2,26.6,26.2,24.8,26,79,81,87,81,77,76,84,86,80,85,79,80,82,78,82,81,90,82,76,83,84,81,77,80,80,77,78,83,79,89,79,0.8,0.2,1.3,0.1,1.5,0,0.2,4.4,2,0.8,0,2.2,1.8,0.8,0,1,0.4,0.1,0.1,1,2.4,0.6,0,0.8,0,0.2,0,1.4,0.1,1.8,1.1,28.3,31.1,35.9,26.7,25.8,32.8,37.1,33.7,36.9,28.6,26.4,32.6,27.6,30.8,28.4,22.9,26.6,26.7,26.6,27.4,40.2,24.8,27.7,25.5,23.5,22.9,29.6,38.1,27.8,36.9,27.1,42.8,44.6,50,39.6,38.9,46.4,49.3,50,46.8,41,38.9,47.9,41,46.1,46.1,33.8,33.1,40.3,42.1,39.6,52.2,33.1,41.8,37.1,35.6,32,44.6,50.4,42.1,58,40.7,,,,,,22.2204,114.2127
2026-09-02T07:00,24.9,26.8,25.4,26.7,26.3,27.1,26.3,26.1,26,26.4,26.3,26,26.8,25.9,25.7,24.8,26.4,24.7,26.5,25.7,25.7,26.7,24.7,25.8,26.1,26.1,26.8,26.5,25.9,26.2,26.2,25.4,25.9,25.9,26,26,25.7,26.2,26.5,26.1,91,81,92,83,85,79,81,89,91,79,87,84,80,80,90,90,80,90,85,87,86,84,92,87,86,82,80,84,88,81,83,85,85,84,85,87,88,83,86,87,2.9,0.1,4.5,0,0.6,0,0,0,3.6,0,0.3,0,0,0,0,1.6,0.1,1.1,1.8,1.1,0.1,0,5.7,0,0,0,0.1,0,0.1,0,0,0,0,0,0,0,1,0.3,0,1.2,19.2,16.5,25.6,17,17.5,13.6,21.5,15.8,19.5,14.6,11.8,12.3,15.5,11.4,20.7,12.1,12.5,20.9,21.3,17,19.9,19.5,16.7,15.1,19.2,12,9.4,13.5,13.5,10.9,9.9,15,14.5,20,17.1,18.9,11.5,11.2,17.1,21.7,,,,,,,,,,,,,,,,,,,,,,,,,,,,,,,,,,,,,,,,,26.4,26.5,25.5,25.6,25.7,27.3,26.3,24.5,27.1,25.7,26,25.5,25.2,26.4,25.9,25,24.7,25.6,26.7,24.9,25.8,26.1,26,26.5,26.7,26.4,26.2,26.3,26,24.9,25.7,78,79,89,81,78,75,83,90,81,86,79,81,83,79,80,84,88,81,75,84,87,82,78,79,79,77,77,84,80,89,80,0.8,0.2,1.3,0.1,1.5,0,0.2,4.4,2,0.8,0,2.2,1.8,0.8,0,1,0.4,0.1,0.1,1,2.4,0.6,0,0.8,0,0.2,0,1.4,0.1,1.8,1.1,27.5,32.2,33.2,28,24.6,32.9,36.4,33.9,35.9,29,27.1,33.2,27.6,31.5,28.3,22.2,26.3,24.7,26.1,26.8,38.4,24.8,28,24.7,23.8,22.9,30.1,35.4,27.4,36.2,26.4,42.8,47.2,48.2,38.9,37.4,47.2,48.2,49.3,47.2,43.2,39.6,48.2,40.7,47.5,45.4,29.2,32.8,36,41.4,38.9,52.2,36.7,41,36.7,37.1,31,44.3,49.3,42.1,56.9,40.3,,,,,,22.2204,114.2127
2026-09-02T08:00,24.9,26.9,25.5,26.9,26.3,27.1,26.5,26.4,26.2,26.5,26.1,26.1,26.9,26,25.7,24.7,26.4,24.8,26.6,25.5,25.9,26.9,24.6,26,26.2,26.1,26.7,26.4,25.9,26.4,26.7,25.1,26.2,25.4,26.2,26.2,25.7,26.2,26.6,25.7,90,82,92,82,84,79,80,87,89,79,87,83,79,79,90,90,79,88,84,88,85,83,93,85,85,82,80,84,87,80,82,87,84,88,84,85,87,83,86,90,1.3,0.1,3.1,0,1,0,0,0.1,0.2,0,0.2,0,0,0,0.1,2.4,0,0.6,0.3,2.1,0,0,7,0,0,0.5,0.1,0,0,0,0,0.2,0,1.6,0,0,0.1,0,0,5.6,19.4,16.9,23.7,16.3,16.9,14.1,20.7,15.7,19.4,15,11.6,13.7,15,11.5,19.6,11.5,12.8,22.7,20.4,15.8,19.1,20.3,16.2,14.5,18.7,11,9.7,12.6,13.8,11.7,9.2,15.5,14.3,16.9,17.4,19.2,12,12,18.5,21.3,,,,,,,,,,,,,,,,,,,,,,,,,,,,,,,,,,,,,,,,,26.4,26.7,25.3,25.5,25.7,27.4,26.4,24.2,26.8,25.5,26,25.1,25.2,26.3,26,24.7,24.9,25.8,26.6,24.7,25.5,26.1,25.9,26.6,26.7,26.4,26.3,26.1,25.8,24.8,25.5,78,76,90,81,79,74,81,92,82,86,79,82,83,79,78,87,86,80,75,85,88,82,78,78,78,77,76,84,80,89,81,0.8,0.2,1.3,0.1,1.5,0,0.2,4.4,2,0.8,0,2.2,1.8,0.8,0,1,0.4,0.1,0.1,1,2.4,0.6,0,0.8,0,0.2,0,1.4,0.1,1.8,1.1,26.9,33.1,31.5,28.4,23.6,32.3,35.9,33.7,34.6,29.4,27,33.4,27.6,32.2,27.7,21.5,26.3,24,25.6,26.6,37,25,28,23.7,24,22.8,30.4,33.3,27.4,35.3,25.6,42.8,48.6,47.2,38.2,36,46.8,47.2,48.6,47.2,45,39.2,49,40.3,48.2,43.6,25.9,33.1,33.1,40.7,38.9,51.8,38.5,40.7,36,37.8,30.2,43.6,48.2,42.1,55.4,39.2,,,,,,22.2204,114.2127
2026-09-02T09:00,25,27.1,25.6,27.3,26.3,27.5,26.6,26.9,26.5,26.8,26.2,26.2,27.2,26,25.5,24.9,26.2,24.8,26.4,25.6,26.1,27.1,24.6,26.3,26.3,25.9,27,26.6,26,26.7,27.3,24.6,26.3,25.2,26.6,26.4,25.9,26.5,26.9,26.1,89,82,91,80,83,77,80,85,87,78,87,82,78,79,91,90,81,88,86,86,84,82,93,84,85,83,79,81,87,79,80,92,84,89,82,83,86,82,84,87,0.9,0.1,1.4,0,0.4,0,0,1.4,0.1,0,0,0,0,0,0.8,1.6,0.1,0.3,1.1,0.6,0,0,8,0,0,1.3,0,0.1,0,0,0,2.6,0,3.1,0,0,0.4,0,0,1.9,19.4,20.3,23.1,18.6,16.7,15.3,19.6,16.3,19.2,16.3,12.7,14.6,15,13.2,20.7,11.2,13.3,22.9,17,15.6,19.6,22.7,16.8,14.3,18.5,10.5,9.7,9.8,14.8,13,9.2,15.3,16.3,15.2,18,20.4,12.2,12.5,20,22.1,,,,,,,,,,,,,,,,,,,,,,,,,,,,,,,,,,,,,,,,,26.3,27.1,25.3,25.7,25.7,27.5,26.5,24,26.6,25.7,26.3,24.7,25.2,26.2,26.6,24.6,25.1,26.2,26.7,24.5,25.8,25.9,25.8,26.7,26.8,26.4,26.7,26.2,25.7,24.7,25.3,78,74,90,80,79,73,79,93,83,84,78,85,83,79,75,88,84,78,74,86,86,84,78,77,77,76,74,83,80,90,82,0.6,0,1.4,0.2,0.8,0,0,3.3,1.6,0.2,0,12.3,3.9,0.9,0,0.4,0.3,0,0,0.8,0.3,1,0.5,0.1,0,0.1,0,0.4,0,2.6,0.6,26.9,32.8,31.6,28.1,23.5,31,34.8,33,32.7,29,26.5,34.2,27.6,32,26.5,21.8,26.3,24.2,25.3,27.4,37,24.2,27.8,23.3,23.7,22.5,29.7,33.2,27.1,34,25.2,42.5,47.5,47.9,37.1,35.3,44.3,46.4,48.2,46.4,45.4,36.7,50,41,47.9,39.6,25.6,34.2,32.8,39.6,40,51.1,36,40.7,34.6,38.2,29.5,41.8,47.9,41.4,53.6,37.4,,,,,,22.2204,114.2127
2026-09-02T10:00,24.9,27.5,25.7,28.1,26.5,27.6,26.4,27.8,26.6,26.7,26.3,26.9,27.6,26.1,25.5,25.2,26,24.9,25.8,25.6,26.6,27.7,24.7,26.6,26.6,25.4,27.3,25.9,26.2,27.7,28,24.6,26.9,25.3,27.6,27,26.2,27,27.5,26.2,89,81,91,78,82,76,83,80,87,79,86,79,76,80,91,89,83,88,88,86,82,80,93,83,84,87,78,85,86,76,77,93,82,88,79,81,83,80,82,87,2,0.2,2,0,0,0,0.6,0,0.3,0.1,0,0,0.3,0,1.1,0.5,0.9,0,2.2,0.2,0,0,7.5,0,0.3,2.1,0,0.7,0,0,0,4.5,0,1.9,0,0,0.9,0,0,0.6,19.9,23.4,23.7,20.9,17.3,18.7,20.7,18.8,18.4,15.3,12.2,16.9,16.3,14.9,19.8,12.3,13.8,25.5,17.1,17.8,23,23.7,16.8,15.1,18.6,10.5,10.2,10.6,15.8,16.9,10.5,16.1,18.1,15.6,19.6,21.6,13,14.3,21.7,21.9,,,,,,,,,,,,,,,,,,,,,,,,,,,,,,,,,,,,,,,,,26.1,27.6,25.3,26.2,25.8,27.6,26.6,23.9,26.3,26.1,26.9,24.3,25.2,26.3,27.3,24.7,25.2,26.7,27,24.4,26.5,25.7,25.8,27,27,26.5,27.2,26.5,25.5,24.5,25,79,72,90,78,79,73,78,93,84,81,76,89,83,79,72,88,82,76,73,87,82,85,79,76,76,76,72,81,80,91,84,0.6,0,1.4,0.2,0.8,0,0,3.3,1.6,0.2,0,12.3,3.9,0.9,0,0.4,0.3,0,0,0.8,0.3,1,0.5,0.1,0,0.1,0,0.4,0,2.6,0.6,27,32.2,32.3,27.1,23.4,29.1,34,31.8,30.9,28.6,25.5,34.6,28,31.4,24.6,22.7,26.3,25,25.5,28.8,37.4,23.5,27.8,22.8,23.2,22.5,28.8,33.3,26.7,32.9,25.5,41.8,45.4,49.3,35.6,34.9,40.3,45.7,47.5,45.4,45,33.5,51.5,41.8,47.2,34.9,27,35.6,33.8,38.5,42.1,50.4,31.7,41,32.4,38.2,28.8,39.2,47.9,40.3,51.8,34.9,,,,,,22.2204,114.2127
2026-09-02T11:00,24.9,28.3,25.8,29.1,26.9,28,26.8,28.9,26.8,27.1,26.5,27.4,27.7,26,25.4,25.4,25.9,25.1,25.7,25.6,27.7,28.2,24.8,27.3,26.8,25.2,27.7,25.2,26.8,29.6,28.2,24.6,27.6,25.3,28.9,28,26.2,27.5,28.4,26.4,90,76,91,75,81,76,83,74,86,78,84,76,76,80,92,88,84,89,89,87,79,79,93,81,84,89,76,89,83,70,77,93,79,89,73,77,82,78,78,87,1.4,0.1,3,0,0,0.1,0.7,0,0.2,0,0,0,0.6,0,2,0.1,1.2,0,2.8,0.1,0,0,7.2,0,0.7,4.2,0,1.7,0,0,0,4.2,0,2.4,0,0,0.1,0,0,0.6,19.9,27.1,24.6,23.8,19.4,20.8,21.6,20.7,18.3,16.3,12.7,21.2,17.8,16.1,19.3,14,15.3,27,16.3,19.6,25.1,25.9,17.6,19,19.5,10,11.5,10,17.4,21.1,13,17.4,20.8,13.8,22.4,26.4,12.2,17.8,24.4,23,,,,,,,,,,,,,,,,,,,,,,,,,,,,,,,,,,,,,,,,,25.9,27.9,25.3,26.6,26,27.8,26.6,23.9,26.1,26.6,27.4,24,25.3,26.4,28,24.8,25.2,27,27.3,24.3,27.1,25.6,25.8,27.4,27.3,26.5,27.8,26.6,25.6,24.4,24.9,80,71,89,77,78,72,77,92,84,78,74,92,83,79,70,87,81,75,72,88,79,86,79,75,75,75,70,80,79,91,84,0.6,0,1.4,0.2,0.8,0,0,3.3,1.6,0.2,0,12.3,3.9,0.9,0,0.4,0.3,0,0,0.8,0.3,1,0.5,0.1,0,0.1,0,0.4,0,2.6,0.6,27.3,31.7,32.6,26.1,23.5,27.2,33.2,31.1,29.9,28.7,25,34.5,27.9,31,23.8,23.9,26.4,26,25.5,29.8,37.9,22.9,28,22.8,23.5,22.7,27.4,33.6,26.5,31.9,25.6,41,43.6,50,34.9,34.6,37.1,45.7,47.5,45,44.3,31.7,52.2,42.5,46.4,31.7,29.2,36.7,34.9,37.4,43.9,49.7,29.5,41.4,31,38.5,28.8,37.1,47.9,40,50.4,33.5,,,,,,22.2204,114.2127
2026-09-02T12:00,25.1,27.8,26,30.4,27.7,28.4,27.5,28.6,27.4,27.4,26.9,27.7,27.5,26.1,25.7,25.4,25.8,25.3,25.7,25.8,28.3,28.1,24.8,28.2,26.6,25.3,27.9,25,27.8,30.8,28.7,24.7,28.8,25.4,29.5,29.5,26.2,28.8,29.4,26.6,90,79,90,69,79,76,81,76,83,77,81,74,77,80,91,88,85,87,89,88,76,80,93,78,86,90,75,90,79,66,75,93,73,88,71,71,82,73,73,87,0.7,0.6,3,0,0,0.1,0.2,0,0,0,0,0,0.1,0,1.2,0.4,1,0,2.9,0.1,0,0,7.3,0,0.7,5.1,0,2.6,0,0,0,3.6,0,1.9,0,0,0,0,0,0.5,21.4,25.3,26.3,24.9,20.3,18.3,24.5,16.9,19.4,20.7,13,22.4,19.1,18.4,20.8,14.8,16.6,27.8,17.3,21.7,25.9,27,18.6,20.5,19.2,11,17.1,10.7,20.3,21.1,17.6,17.1,19.8,14.5,22.1,26.9,14.5,20.7,25.7,23.7,,,,,,,,,,,,,,,,,,,,,,,,,,,,,,,,,,,,,,,,,25.7,28.1,25.2,26.8,26.5,28.1,26.4,24.2,26,27.2,27.8,24.1,25.2,26.6,28.5,25.1,25,26.9,27.9,24.2,27.9,25.9,26,28.2,27.7,26.6,28.5,26.3,25.9,24.6,25.2,81,70,89,76,76,71,77,91,84,75,73,92,84,79,69,86,82,75,71,88,76,84,78,73,73,74,70,81,78,89,83,0.3,0,3.1,0.7,0.1,0,0.2,1.3,0,0,0,9.3,3.2,1,0,0.1,1,0,0,0.6,0,0,0.7,0.1,0,0,0,0.7,0,1.5,0,27.6,32.2,31.4,25.1,23.7,25.5,32.9,31,31,30,24.6,33.3,27.7,31.4,24.8,25.2,26.4,26.7,25.8,30.5,38.6,23.5,28.3,23.1,25.1,22.9,25.6,32.8,26.3,32.2,26,40.7,42.8,49,34.9,33.8,35.3,46.4,47.9,46.8,43.2,32.4,51.1,42.8,46.1,32,31.7,37.1,36.4,36.4,45.7,49.3,32,42.1,30.6,38.9,29.5,35.6,47.9,40.3,50,33.5,,,,,,22.2204,114.2127
2026-09-02T13:00,25.3,27.1,26.2,30.9,28.6,29.1,27.7,28.4,27.7,26.7,27.3,28.5,27.8,26.3,26.1,25.4,25.9,25.4,25.7,26.1,28.6,27.9,24.9,28.7,26.8,25.7,27.9,25.4,29.3,30.7,29.8,25,28.8,25.9,30,30,27.3,29.7,30.4,27,89,84,89,67,76,73,82,77,82,83,79,70,77,79,90,88,86,87,91,87,75,81,91,76,83,91,77,89,73,66,71,93,73,86,68,69,80,70,68,86,0,1.9,0.2,0,0,0,0.4,0.1,0.1,0.6,0,0,0,0,0.8,0.8,1.1,0,5.7,0,0,0.1,5.7,0,0.1,4.6,0,1.6,0,0,0,2.2,0,0.5,0,0,0,0,0,0.2,21.9,25.4,28.6,24.9,22.4,20.3,23.9,16.6,21.5,19.6,20.3,23.5,20.6,18.7,20.6,15,17.3,29.1,19.9,23.7,26.6,25.8,19.1,21.4,18.9,11.5,18.6,12.5,19.2,20.8,18,17.1,19.6,16.1,22.6,27.3,15.8,19.7,24.2,23.5,,,,,,,,,,,,,,,,,,,,,,,,,,,,,,,,,,,,,,,,,25.5,28.2,25.1,27,27.1,28.4,26.1,24.5,25.8,28,28.1,24.4,25.2,26.8,28.9,25.4,24.7,26.5,28.5,24.2,28.6,26.4,26.1,29.2,28.3,26.7,29.3,25.8,26.3,24.9,25.7,82,69,88,76,74,71,78,89,84,73,72,89,85,78,69,84,84,76,70,87,72,81,77,71,71,74,70,82,76,86,80,0.3,0,3.1,0.7,0.1,0,0.2,1.3,0,0,0,9.3,3.2,1,0,0.1,1,0,0,0.6,0,0,0.7,0.1,0,0,0,0.7,0,1.5,0,27.4,32.9,29.6,23.8,23.8,23.9,33.3,31.4,32.7,31.3,24.9,31.7,27.4,32.2,26.6,26.7,26.1,27.7,26.7,30.7,39.3,24.8,28.6,23.8,27.4,22.9,24.3,32.6,26.1,32.8,26.8,40.3,42.8,46.8,35.3,33.1,34.2,47.2,49,49.7,41.4,34.6,49,42.8,45.7,34.6,34.9,37.4,37.8,35.6,47.2,49,36.7,42.5,31.3,39.6,30.6,34.2,47.9,41.4,49.7,34.2,,,,,,22.2204,114.2127
2026-09-02T14:00,25.2,26.7,26,30.6,28.7,28.4,27.6,28.1,27.8,27.1,27.1,28.3,28.4,26.9,26.6,25.2,25.7,25.4,25.7,26.3,28.6,27.1,24.8,28.7,27.1,26.1,28,25.9,29.7,30.6,30,25.2,28,26.3,30.2,29.9,28.5,29.7,30.6,27.3,88,86,91,69,76,78,82,80,81,80,81,71,76,77,89,88,87,87,92,87,75,85,92,76,82,91,76,89,73,67,71,93,78,84,67,69,76,70,68,84,0,2.6,2.3,0.1,0,0.2,0.8,0.5,0,0.3,0,0,0,0,0.8,0.5,1.6,0,6.9,0,0,0.7,3.6,0,0,3.9,0.7,1.7,0,0,0,1.3,0,0,0,0,0,0,0,0.3,23.6,22.4,29.4,24.2,23,22.2,24.8,16.1,21.3,18.5,18.3,22.5,23.7,18.6,21.1,15.9,19.1,28.5,24.5,25.5,27,24.2,21.9,22.9,19.4,13.2,18,11.6,18.4,20,18.3,18.6,19.1,19.7,22.2,26.6,19.6,18.4,24.6,24.8,,,,,,,,,,,,,,,,,,,,,,,,,,,,,,,,,,,,,,,,,25.4,28.2,25.1,27.2,27.5,28.6,25.7,24.7,25.7,28.5,28.4,24.8,25.2,27,29.1,25.7,24.5,26.3,28.9,24.2,28.8,26.8,26.2,29.9,28.7,26.7,29.7,25.6,26.7,25.1,26.1,83,69,88,76,72,71,79,88,84,71,71,87,85,77,69,82,85,76,69,87,71,78,76,69,70,74,70,83,74,84,78,0.3,0,3.1,0.7,0.1,0,0.2,1.3,0,0,0,9.3,3.2,1,0,0.1,1,0,0,0.6,0,0,0.7,0.1,0,0,0,0.7,0,1.5,0,27.4,33.2,28.7,24.1,23.7,23.4,33.1,31.7,33.4,32.1,24.8,31.4,27.3,32.7,28.3,27.5,25.6,27.8,27.4,30.8,39.8,25.6,29.3,24.2,29.3,23,24,33.3,25.7,33,27.4,40,43.2,45.4,35.6,32,33.5,47.9,49.3,51.1,39.6,36.4,47.5,42.5,45,36.4,37.4,37.1,38.2,35.3,48.2,48.6,40,43.6,32,40,31.3,33.5,48.6,41.4,49.3,35.3,,,,,,22.2204,114.2127
2026-09-02T15:00,24.9,26.6,25.6,30.3,28.8,27.7,27.2,28.5,27.9,27.4,27,28,29.1,27.6,26.6,25.1,25.6,25.3,25.5,26.5,28.9,26.4,24.8,28.4,27.7,26.1,27.3,26.2,29.6,30.1,30.2,25,27,26.3,29.8,29.9,28.7,29.4,30.6,27.5,88,86,92,70,76,81,85,78,81,79,82,72,74,74,89,87,87,87,92,86,74,89,91,77,79,92,81,88,73,70,71,92,85,82,69,68,76,72,69,83,0,2.1,8.4,0.2,0,1.8,1.1,0,0.2,0.1,0,0,0,0,0.8,0,1.7,0,5.3,0,0,2.2,2.2,0,0,3.5,1,0.8,0,0.1,0.1,1.2,0.3,0,0,0,0,0.5,0,0.2,24.6,21.8,29.3,22.5,23,16.5,24.6,16.7,20.7,19.2,12.5,21.2,23.8,17.9,20.3,15.9,19.1,28.4,24.6,25.2,28.3,20.4,22.2,22.7,22.2,15.3,15.9,13.6,19.2,18.6,18.4,19.7,15.5,22,21.1,26.3,24.9,18.8,25,25.3,,,,,,,,,,,,,,,,,,,,,,,,,,,,,,,,,,,,,,,,,25.4,28,25.2,27.6,27.4,28.7,25.3,24.7,25.6,28.9,28.7,25.2,25.4,27.1,29.2,26.1,24.7,26.5,29,24.3,27.9,27.1,26.1,30.1,28.8,26.6,29.8,25.7,27,25.1,26.6,83,70,87,75,72,71,82,88,84,70,70,84,84,76,69,80,84,75,69,87,74,76,76,69,69,75,70,82,73,83,76,0.1,0.4,3.3,0.3,0,0.4,1,1,0.3,0,0,2.4,2.5,0.5,0,0,0.3,0,0,0.2,0.8,0,0,0.6,0,0,0.1,0.6,0,0.2,0,27.2,32.4,28.7,26.6,23.7,24.7,32.9,31.6,32.4,30.6,25.4,33.3,27.1,33.2,29.3,27.8,24.9,26.5,28.5,30.5,38.2,25.8,31.1,24.2,30.4,22.7,23.3,36.2,24.7,32.2,27.6,40,43.9,45.4,36.4,31.3,33.8,47.9,49.3,50.4,37.4,36.7,48.2,41.8,43.9,37.1,38.5,35.6,37.1,36,48.2,48.2,40.7,45,33.5,39.6,31.7,33.1,50.8,40,47.9,36.7,,,,,,22.2204,114.2127
2026-09-02T16:00,24.8,26.5,25.6,29.7,28.6,28,26.9,28.4,28,27.6,27,27.7,29.5,27.8,26.6,25.1,25.5,25,25.4,26.6,29.1,26.3,25,28,27.5,26.1,26.8,26.4,29.4,29.8,29.7,24.7,26.2,26.1,29.4,29.7,28.2,28.4,30.2,27.5,89,85,91,72,76,78,85,78,79,77,81,73,72,73,89,86,88,90,93,86,73,89,90,77,79,91,84,86,73,70,72,93,90,81,70,68,78,79,69,83,0.1,1.8,5.3,0.3,0,0.9,1.3,0.1,0.1,0,0,0,0.1,0,0.8,0,1,1.1,5.3,0,0,2.7,1,0,0,2.8,1.2,0.4,0,0,0,1.6,1.1,0,0,0,0,0.4,0,0.1,25.3,21.8,29,21.1,22.8,14.5,23.1,18.2,22.1,19.3,12.7,20.6,22.1,18.4,17.9,15.2,20.4,28.7,23.9,26.3,26.4,20.1,21.9,22.4,22.5,15.1,10.9,12.7,19.6,18.2,17.4,19.6,12.3,23.3,20.8,26.8,23.6,16.3,24,25.4,,,,,,,,,,,,,,,,,,,,,,,,,,,,,,,,,,,,,,,,,25.4,27.8,25.3,28.2,27,28.8,24.9,24.5,25.4,29.1,29,25.7,25.7,27.2,29.2,26.4,25,26.9,28.7,24.5,26.6,27.4,26,30,28.8,26.6,29.5,26,27.3,25,27.1,83,70,86,74,73,72,85,88,84,70,70,81,83,74,69,77,82,73,70,86,79,75,77,70,69,76,71,80,72,83,73,0.1,0.4,3.3,0.3,0,0.4,1,1,0.3,0,0,2.4,2.5,0.5,0,0,0.3,0,0,0.2,0.8,0,0,0.6,0,0,0.1,0.6,0,0.2,0,26.7,30.9,29.8,30,23.2,27,33,31.5,30.7,28.1,25.9,36.2,27,33.7,30.3,27.8,23.8,24.3,30.3,30,35.6,26,33.3,25.2,30.9,22.8,22.8,39.7,23.3,30.9,28,40.3,45,46.1,37.4,30.2,34.6,47.2,49,48.2,35.3,36.4,49.7,40.7,42.8,37.8,38.9,33.8,34.9,37.4,47.2,47.9,40.3,46.8,35.3,38.9,31.7,33.1,53.6,37.8,46.1,38.2,,,,,,22.2204,114.2127
2026-09-02T17:00,25,26.4,25.2,29.5,28.2,28.5,26.6,28.3,27.9,27.5,27.2,27.2,28.8,27.4,26.5,25.2,25.5,24.6,25.4,26.8,28.6,26.2,25.2,27.4,27,26,26.5,26.2,29.1,29.2,29.2,24.7,26.2,25.8,28.9,29.2,27.9,28,29.8,27.3,87,83,91,73,76,74,87,77,79,77,80,75,77,74,91,85,88,93,92,83,75,89,90,79,80,91,85,86,74,72,74,93,90,82,72,69,79,80,70,84,0.5,1.5,4.4,0,0,0,1.7,0,0.1,0,0,0,0.5,0,0.7,0,0.6,3.8,4.3,0,0,2.2,0.4,0,0,1.8,1.1,0.6,0,0,0,1.4,0.9,0,0,0,0.1,0.7,0,0,23.9,20,28,19.7,22.2,16.1,21.7,19.1,20.9,19.1,12.4,20.2,20.3,18.1,15.6,14.5,19.9,28.1,23.4,25.8,24.1,20.1,22.5,21.3,21.5,14.6,10,14.9,18.8,16.8,16.3,19.2,10.8,22.5,20.9,25.3,21.6,12.4,22.4,23.7,,,,,,,,,,,,,,,,,,,,,,,,,,,,,,,,,,,,,,,,,25.5,27.6,25.4,28.3,26.6,28.8,24.6,24.3,25.3,29.1,28.9,25.9,26,27.2,29,26.6,25.3,27.1,28.4,24.6,25.4,27.5,25.9,29.8,28.5,26.4,29.2,26.1,27.5,24.9,27.4,82,71,86,74,74,73,87,89,84,70,70,79,81,73,69,75,80,72,71,86,83,74,77,71,70,77,71,79,72,83,72,0.1,0.4,3.3,0.3,0,0.4,1,1,0.3,0,0,2.4,2.5,0.5,0,0,0.3,0,0,0.2,0.8,0,0,0.6,0,0,0.1,0.6,0,0.2,0,26.1,29.6,29.8,31.8,22.7,27.6,32.4,31.6,29.2,26.3,26.5,37.7,27.2,34,30.6,27.3,23.1,23,30.8,29.2,33.5,25.8,34.6,26.1,30.6,22.3,23.2,41.1,22.4,29.7,27.5,40.3,45,46.1,38.2,29.2,35.6,46.4,48.6,47.2,33.8,36.7,50.4,40,41.8,37.8,38.5,32.8,33.1,38.2,46.1,47.5,39.6,47.5,36.7,38.5,31.3,33.5,55.1,36.4,44.6,38.5,,,,,,22.2204,114.2127
2026-09-02T18:00,25.1,26.1,24.9,29.2,27.8,28.3,26.3,28.1,27.8,27.3,27.3,26.6,27.8,27.1,26.2,25.2,25.6,24.4,25.4,26.8,28.4,26.2,25.1,26.9,26.6,26,26.5,25.7,28.5,28.4,28.9,24.7,26.3,25.7,27.9,28.6,27.4,28.2,29,27.1,87,83,92,74,76,74,88,78,78,77,77,77,82,74,93,85,86,94,91,81,75,87,90,81,81,91,85,88,76,75,76,92,88,83,75,71,79,77,73,84,1,1.7,7.7,0.1,0,0,1.8,0,0,0,0,0,1.8,0,1,0,0.1,4.6,2.3,0,0,1.9,0.6,0,0,2.9,1,0.8,0,0,0,0.2,0.2,0,0,0,0,0.1,0,0,24.4,17.2,28,18.8,22.1,15,20.2,17.2,20.5,18.8,13,19.7,17.6,18.2,16.4,16,19.7,27,23.2,24.1,23.4,18.9,18.5,17.6,20.4,14.4,9.1,11.6,17.6,15.5,15.2,20.2,10.7,22.6,21.1,22.5,18.5,12.4,20.8,23,,,,,,,,,,,,,,,,,,,,,,,,,,,,,,,,,,,,,,,,,25.7,27.7,25.2,27.8,26.2,28.8,24.5,24.1,25.4,28.6,28.4,25.8,26.3,27.1,28.6,26.6,25.4,27.3,28,24.6,24.8,27.5,26,29.6,28,26.2,28.9,25.7,27.4,24.9,27.3,81,70,87,77,75,73,87,90,84,71,72,79,79,73,70,74,79,72,72,86,86,74,77,70,73,78,71,81,72,83,72,0.1,0.2,2.3,1.6,0,0.4,0.5,1,0.2,0.2,1,1.8,0,0.6,0.1,0,0,0,0,0.2,5.2,0.1,0,0.1,0.2,0.1,0,4.6,0,0.3,0,25.8,29.2,28.7,30,22,26.6,31.2,32,28.8,25.9,26.9,36.9,28.3,32.9,30.3,25.7,22.9,22.9,29.7,28.2,32.6,25.2,34.1,27.5,29.2,21.7,25.2,38.7,22.8,28.6,26.2,40.3,42.8,45,39.2,27.7,37.1,45,48.6,48.6,33.1,38.2,49.7,39.6,41.4,37.8,37.4,33.1,31.7,37.4,45.4,46.8,39.2,47.2,38.2,38.2,30.2,34.9,53.3,36,44.6,36.7,,,,,,22.2204,114.2127
2026-09-02T19:00,25.2,25.9,24.8,28.6,27.4,28,26.1,27.6,27.5,26.9,27.4,26.4,26.9,26.8,26,25.2,25.5,24.4,25.4,26.5,27.9,26,25,26.5,26.5,25.9,26.5,25.4,27.7,27.8,28.6,24.6,26.3,25.6,27,28,27.2,28.2,28.3,26.8,85,82,91,76,77,74,87,80,77,77,74,77,87,75,93,85,86,93,91,81,76,88,91,83,81,91,85,88,79,78,76,91,88,82,78,74,79,75,76,84,0.1,1.7,2,0,0,0,1.3,0,0.1,0,0,0,3.7,0,1.6,0,0,3,0.8,0,0,1.9,1.1,0,0,3.8,0.4,1.3,0,0.1,0,0.6,0,0.1,0,0,0,0,0,0.1,22.9,17.2,28.9,18.5,20.4,13.3,19.2,15.7,20.2,17.1,13.2,15.5,14.7,18,16.4,17.6,19.9,26.8,23.7,24.6,21.9,19.6,16.4,15.8,19.3,13,8.8,9.7,16.8,15.4,15.3,19.4,9.8,22.6,19.7,19,14.1,14,19.3,22.9,,,,,,,,,,,,,,,,,,,,,,,,,,,,,,,,,,,,,,,,,25.9,27.8,24.9,26.9,25.8,28.7,24.5,23.9,25.5,27.9,27.5,25.5,26.6,26.9,28.1,26.5,25.5,27.3,27.4,24.6,24.5,27.5,26.2,29.3,27.4,25.9,28.6,25,27.3,24.9,26.9,80,69,88,81,76,73,86,91,84,72,76,80,76,74,71,75,80,72,73,86,88,74,76,69,76,80,71,85,72,83,72,0.1,0.2,2.3,1.6,0,0.4,0.5,1,0.2,0.2,1,1.8,0,0.6,0.1,0,0,0,0,0.2,5.2,0.1,0,0.1,0.2,0.1,0,4.6,0,0.3,0,25.5,29,26.9,26.8,21.4,27.7,29.8,32.7,28.9,26.1,27,34.9,30,31,29.8,23.9,23,23.3,27.9,27.3,31.7,24.3,33.1,29.2,27.4,21.1,28.4,34.2,23.6,27.9,24.2,39.6,40,43.2,40,25.9,38.9,43.6,49,50.8,32.8,40,48.6,39.6,41.4,37.1,35.3,34.6,30.6,36,44.3,46.1,38.5,45.7,38.9,37.8,29.2,36.7,50,36.4,45,33.5,,,,,,22.2204,114.2127
2026-09-02T20:00,24.8,25.5,24.6,28.2,27.2,27.6,25.9,27.2,27.1,26.7,27.4,26.3,26.5,26.5,25.8,25.4,25.8,24.4,25.6,26.3,27.5,25.8,24.8,26.4,26.5,25.8,26.5,25.6,27.3,27.4,28.3,24.6,26.5,25.6,26.6,27.6,27,28.1,27.8,26.6,88,84,91,77,77,75,86,80,77,77,74,77,88,75,91,83,83,93,88,81,76,88,91,84,80,91,85,86,79,80,76,91,87,82,79,75,80,74,77,84,2.3,2.7,2.7,0,0,0,0.9,0,0.4,0,0,0.1,5.4,0,1.1,0,0,2.4,0.2,0,0,2.3,1.6,0,0,6.1,0,0.2,0,0.2,0,1.3,0,0.1,0,0,0,0,0.1,0.1,20.9,15.6,29.6,17.8,18.6,12.2,19.1,14.9,21.4,14.6,12.3,14.7,15,17.8,15,18.6,17.4,26.7,21.8,25,22.4,17.6,18.8,15.1,19.1,12.7,8.9,9.7,17.5,13.6,14,18.8,8.4,21.8,19.7,18.5,13.2,12.7,19.3,23.5,,,,,,,,,,,,,,,,,,,,,,,,,,,,,,,,,,,,,,,,,26,27.7,24.6,26.2,25.5,28.5,24.5,23.8,25.6,27.4,26.8,25.2,26.8,26.7,27.5,26.4,25.5,27.2,26.9,24.6,24.3,27.3,26.3,29,26.8,25.7,28.2,24.5,27.1,24.9,26.6,79,69,89,85,77,74,85,91,83,73,79,82,75,74,72,75,80,72,74,85,89,75,75,68,79,81,71,88,72,83,73,0.1,0.2,2.3,1.6,0,0.4,0.5,1,0.2,0.2,1,1.8,0,0.6,0.1,0,0,0,0,0.2,5.2,0.1,0,0.1,0.2,0.1,0,4.6,0,0.3,0,25,28.2,25.6,24.9,20.7,30.8,28.6,33,28.8,26.2,26.3,33.3,30.8,29.2,29.2,22.4,22.9,23.3,26.2,25.8,30.9,23.5,31.6,29.4,26.7,20.7,30.3,30.8,23.9,27.1,22.5,38.9,37.8,42.8,40,24.8,40,42.5,49.3,51.1,33.1,40.3,48.2,39.2,41,36.7,33.5,34.9,29.9,34.6,41.8,45.4,37.4,44.3,38.9,37.8,28.1,37.8,47.5,36,45,31,,,,,,22.2204,114.2127
2026-09-02T21:00,24.4,25.3,24.4,27.8,27.1,27.4,25.8,27,26.7,26.5,27.3,26.2,26.3,26.3,26,25.6,26,24.3,25.8,26.1,27.1,25.1,25,26.5,26.4,25.8,26.5,25.7,27.1,27.3,27.9,24.9,26.5,25.5,26.5,27.3,27,27.9,27.3,26.5,90,84,92,78,77,75,85,81,78,77,76,77,88,75,89,81,82,93,85,81,76,92,89,82,79,91,85,84,79,79,77,88,85,81,79,75,79,75,79,83,5.9,2.5,4.5,0,0,0,0.6,0,0.1,0,0,0.1,5,0,0.3,0.9,0,2.3,0.2,0,0.1,4.3,1.7,0,0,4,0,0,0,0,0,0.3,0,0,0,0,0.2,0,0.4,0.2,22.2,14.4,30.5,16.6,18.1,10.7,18.4,12.1,21,14.8,11.8,14.5,14.2,17.7,13.2,18.4,16.5,26.1,20.7,25.1,22.7,14.5,20.4,15.3,17.8,12.7,8,10.7,17,10.1,12.7,18.8,9.2,21.4,19.5,17.9,12.1,11.7,18.4,23.1,,,,,,,,,,,,,,,,,,,,,,,,,,,,,,,,,,,,,,,,,25.8,27.2,24.4,25.8,25.5,27.8,24.5,23.8,25.8,27.1,26.3,24.9,26.6,26.6,27,26.3,25.3,26.9,26.6,24.8,24.4,26.9,26.3,28.8,26.3,25.5,27.6,24.2,27,24.8,26.4,79,71,89,87,77,76,84,90,82,73,82,84,75,74,74,75,81,73,74,83,88,77,74,68,81,82,71,90,72,83,75,0.1,0.7,4.9,3.2,0,2,0,0.7,0.1,0.1,1.8,4.7,0,0.2,0.7,0,0.2,0,0,0,3.5,0.3,0,0.6,0.7,0.2,0,14.5,0,0.5,0.1,23.8,26.3,25.8,24.1,20,30.7,27.8,32.7,27.4,25.8,24.5,32.7,28.6,27.7,27.4,21.4,22.5,22.3,24.9,23.5,30.4,23.2,29.8,27.5,25.2,20.2,30.3,29.7,22.7,26.6,21.6,37.1,37.4,44.6,38.2,24.8,40,42.5,50.8,46.8,35.3,38.2,49,38.2,39.6,36.4,31.3,33.5,29.2,33.1,36.7,45,36,42.1,37.1,38.5,27.4,37.4,46.8,34.2,43.9,29.2,,,,,,22.2204,114.2127
2026-09-02T22:00,24.2,25,24.2,27.4,27,27.1,25.7,26.8,26.5,26.3,27,26.2,26.4,26.3,26.1,25.6,26,24.4,25.9,26,27,24.5,25,26.5,26.4,25.9,26.5,25.7,26.9,27.3,27.7,24.9,26.4,25.5,26.3,27.1,27,27.3,26.9,26.2,92,86,92,79,77,76,84,82,78,76,77,76,86,74,87,80,80,91,83,81,76,95,88,81,79,90,84,83,79,79,77,88,83,81,79,75,79,77,81,85,10.8,2.2,8.1,0,0,1,0.4,0,0,0,0,0,3.9,0,0,0.8,0,2.4,0,0,0,10.8,1.7,0,0,3.6,0,0,0,0.1,0,0.1,0,0.3,0,0,0.3,0.1,0.4,0.3,23.2,14.8,31.1,16.1,17.6,9.7,17.8,9.7,19.1,15,10.9,15.1,14.3,16.8,12.8,18.1,15.5,25.1,20.6,25.1,22.2,14.5,20.2,15,18.5,13,7.8,10.2,15.3,8.4,11.5,18.3,9.2,21,16.8,18.2,11.6,11.5,16.8,22.7,,,,,,,,,,,,,,,,,,,,,,,,,,,,,,,,,,,,,,,,,25.5,26.4,24.3,25.6,25.5,26.9,24.6,24,26,27,25.9,24.6,26.2,26.6,26.6,26.3,25,26.4,26.4,24.9,24.5,26.5,26.2,28.5,25.9,25.3,27,24.1,26.8,24.7,26.2,80,74,90,88,77,78,83,89,81,74,84,87,76,73,76,75,83,75,75,81,86,80,73,69,81,82,71,90,72,84,77,0.1,0.7,4.9,3.2,0,2,0,0.7,0.1,0.1,1.8,4.7,0,0.2,0.7,0,0.2,0,0,0,3.5,0.3,0,0.6,0.7,0.2,0,14.5,0,0.5,0.1,22.7,24.4,26.3,24.1,19.6,28.5,27.5,32.5,26,25,21.9,32.4,25.4,26.1,25.4,20.7,22.2,21.5,24.2,20.8,29.7,23,28,24.5,23.5,19.6,29.2,29.6,21.4,26.4,20.8,34.6,37.4,47.2,35.3,25.6,38.9,43.2,52.2,40.7,38.2,34.6,50.4,36.7,38.2,36,29.2,31.7,28.8,31.7,30.2,45,34.6,39.6,34.2,39.6,27,36.4,46.8,32,42.5,27.7,,,,,,22.2204,114.2127
2026-09-02T23:00,24,25.1,24.1,27.3,26.8,26.8,25.6,26.6,26.3,26.2,26.7,26.1,26.8,26.2,26,25.5,26.2,24.8,25.9,25.9,26.8,24.3,25,26.4,26.3,25.8,26.4,25.7,26.7,27.2,27.5,24.7,26.1,25.3,26.1,26.8,27,27.1,26.5,25.9,91,85,92,79,78,77,83,83,79,75,78,76,82,75,86,80,78,87,82,80,77,96,88,80,79,90,85,82,80,79,78,90,82,82,80,75,78,77,84,86,8.9,1.5,13.7,0,0,2.2,0.3,0,0,0,0,0,0.8,0,0,0,0,0.7,0,0,0,17.6,1,0,0,1.1,0,0.1,0,0,0,1,0,0.5,0,0,0.2,0,0.1,1,25.6,15.1,31.3,15.5,17.8,10.9,17.3,9.2,17.9,14.9,10.5,16.1,15.9,16.2,13.6,17.7,15.1,25,20.7,25.9,21.1,18.6,19.6,15.1,18.7,12.5,7.7,9.9,14.5,8.2,10.7,16.9,9.2,23,15.7,17.6,11.1,10.7,15.7,21.8,,,,,,,,,,,,,,,,,,,,,,,,,,,,,,,,,,,,,,,,,25.3,25.8,24.1,25.3,25.5,26.2,24.5,24.1,26.1,26.7,25.6,24.4,25.9,26.4,26.1,26.2,24.8,26,26.2,25,24.6,26,26.1,28.1,25.6,25.1,26.4,24,26.6,24.6,25.9,81,77,90,89,77,80,83,88,80,75,86,89,77,73,78,75,84,76,75,80,85,82,73,71,82,82,72,91,73,84,79,0.1,0.7,4.9,3.2,0,2,0,0.7,0.1,0.1,1.8,4.7,0,0.2,0.7,0,0.2,0,0,0,3.5,0.3,0,0.6,0.7,0.2,0,14.5,0,0.5,0.1,21.9,22.7,27.2,24.3,19.3,26,27.1,32.4,24.5,24.2,20.5,32.6,23.7,25.4,23.6,20.7,22.5,21.1,23.2,19.4,29.5,22.9,26.8,22,23,19.2,27.9,30,20.3,25.9,20.7,32.8,37.4,49.3,32.8,25.6,37.4,43.2,52.6,36,40,31.3,51.5,36.4,37.1,35.3,28.4,30.2,29.2,30.6,26.3,45,33.5,38.2,31.3,39.2,26.6,35.3,46.4,30.6,40.7,27,,,,,,22.2204,114.2127
2026-09-03T00:00,23.9,25.1,24.1,27,26.5,26.1,25.3,26.5,26.1,26,26.5,26,26.6,26,25.8,25.5,26.1,25.4,25.9,25.8,26.4,24.5,25.1,26.2,26.2,25.7,26.3,25.7,26.4,27.1,27.3,24.6,25.9,25.1,25.8,26.6,26.8,26.9,26.1,26,91,83,92,80,78,81,84,83,80,74,78,75,83,75,85,79,77,82,81,79,78,93,87,79,78,89,84,81,82,79,78,89,81,82,80,75,78,77,86,85,3.3,0.7,11.4,0,0,1.9,0.4,0,0,0.2,0,0.1,0,0,0,0.7,0,0.3,0.1,0,0,10.6,0.6,0,0,1.3,0.1,0.2,0,0,0.1,0.7,0,0.6,0,0,0,0,0,0.1,27.2,16.3,31.9,15,17.1,11.2,18.1,9.4,16.2,14.4,9.5,15.9,16.7,15.6,13.8,17.3,15.8,25.4,18.6,26.1,20.4,23.8,19.8,15.5,18.4,12.2,8.1,12,13.9,7.9,10.7,15.8,9.4,24.5,14.6,17.1,11.6,11.7,15.9,18.4,,,,,,,,,,,,,,,,,,,,,,,,,,,,,,,,,,,,,,,,,25.2,25.6,23.9,25,25.3,25.9,24.3,24,26,26.2,25.5,24.4,25.6,26.1,25.5,26.1,24.6,25.8,26,25,24.3,25.6,25.8,27.4,25.5,25.1,26.1,23.9,26.3,24.6,25.4,81,78,91,89,77,81,84,88,80,78,86,89,78,74,81,75,85,76,76,80,87,84,73,74,82,82,73,91,75,83,81,0.1,0.7,5.6,2.1,0.1,0.9,0.4,2.6,1.3,0.9,0.9,2,0,0,2.7,0,0.2,0,0,0,6.2,1.1,0,2.7,0.1,0.1,0,2.3,0.2,0.7,0.5,22.1,22.3,28.5,24.2,19,23.8,26.7,32.2,23.6,24.1,20.6,32.8,24.7,25.3,22.9,21.9,23.3,21.6,22.4,19.8,30,23,26.7,20.6,23.1,18.9,26.9,30.2,20.6,25,21.4,32.4,36,49.3,31,24.5,34.6,41.8,50.8,35.3,40.3,28.8,51.5,37.4,37.8,33.5,29.5,30.6,30.6,29.9,27,45.4,33.1,38.5,28.8,36.4,26.6,34.9,45,31,38.2,27,,,,,,22.2204,114.2127
2026-09-03T01:00,24,25.4,24.1,26.8,26.3,25.4,25,26.3,25.8,25.9,26.3,26,26.3,25.9,25.7,25.5,26,25.8,25.5,25.5,26.2,24.8,24.8,26,26,25.6,26.2,25.7,26.3,27,27.1,24.6,25.8,24.6,25.6,26.3,26.4,26.8,26,26.1,89,79,92,80,78,85,85,83,82,72,79,74,84,75,85,78,77,79,82,81,79,90,88,78,78,89,83,80,82,79,79,89,81,85,81,75,78,76,86,84,1.2,0.2,16.8,0,0,1,1.3,0,0,0,0,0.1,0,0,0,1.6,0,0,0.6,0,0,1,0.7,0,0,1.7,0.1,0,0,0,1,0.6,0,0.8,0,0,0,0,0,0,26.5,17.7,31.2,14.2,17.1,12,19.2,10.2,17,16.7,9.3,16.8,17.6,15.3,14.1,19,16.4,26.4,18.7,27,19.5,22.8,19.7,16.4,18.1,13,9.2,12.7,13.2,8.2,10.7,16,9.7,25.1,14.8,17.6,12.5,11.7,14.4,18.3,,,,,,,,,,,,,,,,,,,,,,,,,,,,,,,,,,,,,,,,,25.1,25.4,23.7,24.7,25.1,25.7,24,23.8,25.8,25.7,25.5,24.4,25.3,25.7,24.9,25.9,24.4,25.7,25.9,24.8,23.9,25.3,25.5,26.7,25.5,25.2,25.8,23.7,25.8,24.6,24.9,81,79,92,89,78,81,85,89,81,81,86,88,80,75,84,75,86,76,76,80,91,86,74,78,82,81,74,92,77,81,83,0.1,0.7,5.6,2.1,0.1,0.9,0.4,2.6,1.3,0.9,0.9,2,0,0,2.7,0,0.2,0,0,0,6.2,1.1,0,2.7,0.1,0.1,0,2.3,0.2,0.7,0.5,22.9,22.9,29.8,24,18.9,22.1,26.6,31.8,23.4,24.6,21.4,32.6,26.6,26.3,22.7,23.7,24.3,22.9,21.6,21.8,30.5,23.2,27.5,20.1,23.1,19.3,25.8,30.2,21.9,24.2,22.3,32.4,34.6,48.6,29.5,23,31,39.6,47.9,36.4,40,27,51.1,39.2,38.9,31.7,32,31.7,32.8,29.2,29.9,45.7,32.8,40,26.6,32.4,26.6,35.3,43.2,32,34.9,27.4,,,,,,22.2204,114.2127
2026-09-03T02:00,24.2,25.7,24.1,26.5,26.2,25.1,24.8,26.2,25.7,25.8,26.2,25.8,26,25.8,25.8,25.3,26.1,25.9,25.4,25.2,26,24.8,24.5,25.8,25.8,25.3,25.8,25.6,26.2,26.9,26.9,24.6,25.7,24.3,25.4,26,26,26.5,25.7,26.2,88,77,93,80,78,85,86,83,82,72,78,74,85,75,85,79,76,78,82,82,80,89,89,79,78,90,82,79,81,79,80,88,81,86,82,76,79,76,88,82,1,0.1,20.4,0,0,0.6,1.8,0,0,0,0,0.5,0,0,0,1.6,0,0,0.3,0,0,0,1.9,0,0,1.1,0.2,0.1,0,0,1.7,0.4,0,0.9,0,0,0,0,0.6,0,25.8,18.7,31.8,14.3,17.4,12.5,21,11.5,16,17.5,10,16.8,18.4,15.5,13.5,19.9,16.8,26.4,18.8,27.3,19.7,22.4,18.1,17.1,18.4,13.6,9.2,13.2,12.9,9.2,10.5,16.1,10.5,24.8,15,17.1,13.7,12,13,18,,,,,,,,,,,,,,,,,,,,,,,,,,,,,,,,,,,,,,,,,25,25.4,23.6,24.4,24.9,25.6,23.8,23.7,25.5,25.2,25.4,24.4,25.1,25.3,24.4,25.7,24.2,25.6,25.8,24.7,23.6,25.1,25.2,26.2,25.5,25.2,25.6,23.7,25.4,24.6,24.4,81,79,93,89,78,81,86,90,82,84,85,87,81,76,87,75,86,76,77,80,93,87,75,80,82,81,75,91,79,80,85,0.1,0.7,5.6,2.1,0.1,0.9,0.4,2.6,1.3,0.9,0.9,2,0,0,2.7,0,0.2,0,0,0,6.2,1.1,0,2.7,0.1,0.1,0,2.3,0.2,0.7,0.5,23.6,23.2,31.3,23.9,19.1,21.7,26.3,31.5,23,24.6,22.4,32.4,28.6,26.6,22.7,25.5,25,23.4,21.3,23.6,30.8,23.3,28,19.8,22.9,20.2,25.3,30.7,22.7,23.2,22.6,32.4,33.5,48.6,28.4,22.3,28.8,37.8,45.7,37.1,38.9,25.9,50.8,41,39.6,30.6,34.2,32.4,33.8,29.2,32.4,45.7,32.4,41,25.6,29.5,27.4,35.3,42.5,32.8,32.4,27,,,,,,22.2204,114.2127
2026-09-03T03:00,24.2,25.8,24.1,26.3,26.1,25,24.8,26.1,25.7,25.7,26.1,25.7,25.6,25.7,25.7,25.1,26.1,25.9,25.6,25.1,26,24.8,24.3,25.6,25.7,25.1,25.4,25.6,26,26.6,26.5,24.8,25.5,24.3,25.4,25.8,25.7,26.3,25.2,26.2,87,75,93,80,79,85,86,82,82,72,78,73,86,76,84,79,75,78,79,82,80,88,89,78,78,91,82,79,81,80,82,86,80,86,82,77,79,76,92,82,1.2,0,18.4,0,0.7,0.7,0.8,0,0,0,0,0.1,0,0,0,1.2,0.1,0,0.1,0,0,0,2.1,0,0,1.5,0.3,0,0.1,0,3.7,0,0,0.5,0,0,0,0,2.3,0,25.1,18.8,33.2,14,17.4,12.8,23.3,12.5,16.1,18.7,10.2,17.3,20.9,15.4,14.1,19.2,16.8,26.2,19.5,27,20.2,22.9,17.8,17.1,18.3,13.8,9.5,13.5,13.1,9.4,10.2,15.8,11.7,25.7,15.1,18.1,13.3,12,12.2,19.2,,,,,,,,,,,,,,,,,,,,,,,,,,,,,,,,,,,,,,,,,24.7,25.3,23.4,24.2,24.8,25.5,23.9,23.7,25.1,24.9,25.3,24.3,24.9,25.1,24.2,25.5,24.1,25.4,25.6,24.7,23.7,25,25.1,26.1,25.3,25.1,25.4,23.8,25.1,24.5,24,82,80,94,88,78,81,85,90,84,86,85,87,82,77,88,75,85,76,78,80,92,87,76,80,82,81,76,89,82,80,87,0.3,1.2,8.7,0.6,0.1,0.3,0.3,0.5,2.3,3.2,0.4,0.7,0,0,3,0,0.1,0,0,0.1,5.2,0.6,0,0.6,0.1,0,0,1.9,1,0.6,1,24,23.2,32.7,23.9,19.6,22.3,26.5,31.1,23.4,23.4,22.9,32,30.4,26,23.2,26.2,25,23.5,21.8,24,30.3,23.2,28.7,20.1,23,21.2,25.2,31.9,22.6,22.5,22,31.7,33.8,50.4,28.8,23.4,29.2,37.1,45.7,36.4,36,25.9,50,42.8,38.5,31.3,36,32.4,33.8,29.5,33.1,44.3,31,42.1,25.9,29.5,28.4,35.3,43.9,32.8,31,25.2,,,,,,22.2204,114.2127
2026-09-03T04:00,24.2,25.8,24.1,26.2,26,24.7,24.7,26.1,25.6,25.6,26.1,25.7,25.3,25.6,25.6,24.4,26.2,25.8,25.7,25.1,26,24.8,24.2,25.5,25.7,25.1,25.4,25.5,25.9,26.6,26.3,24.8,25.5,24.1,25.4,25.7,25.7,26.2,25.3,26.2,87,76,92,80,80,85,87,81,83,72,77,73,86,76,84,85,74,77,78,82,80,89,89,78,79,89,80,78,81,80,82,86,79,88,82,77,78,76,92,81,0.6,0,14.8,0,0.9,0.7,0.3,0,0,0,0,0,0.2,0,0,1.2,0.2,0.1,1.3,0,0,0.2,2.5,0,0,1.5,0.1,0,0.2,0,0.1,0,0,1.4,0,0,0,0,1.3,0,25.6,20.6,33.9,14.3,16,13,24.6,11.2,15.4,19.8,10.7,16.9,20.4,15.2,15.3,17.2,16,26.9,21.2,26.7,20.5,23.2,17.1,16.6,18.4,13.3,9.7,12.8,12.7,8.9,11.2,15.8,12.9,26.1,15.1,17.4,13,10.9,11,18.6,,,,,,,,,,,,,,,,,,,,,,,,,,,,,,,,,,,,,,,,,24.5,25.2,23.3,24.1,24.8,25.4,24,23.9,24.6,24.8,25.2,24.2,24.8,25,24.1,25.2,23.9,25.1,25.4,24.7,24,25.1,25.1,26.2,25.1,24.9,25.2,24.1,24.8,24.4,23.6,84,80,95,88,79,82,83,90,87,87,84,88,82,77,88,76,84,77,78,80,89,86,76,79,82,80,77,87,84,80,88,0.3,1.2,8.7,0.6,0.1,0.3,0.3,0.5,2.3,3.2,0.4,0.7,0,0,3,0,0.1,0,0,0.1,5.2,0.6,0,0.6,0.1,0,0,1.9,1,0.6,1,24.5,23.7,34,24,19.8,23.7,27,30.5,23.5,22.3,23.7,31.7,31.9,25.2,24.4,26.5,24.4,23.2,22.5,24.4,29.8,22.7,29.3,20.9,23.8,22.7,25.7,33.9,21.6,21.9,20.4,30.6,34.9,52.6,29.5,25.2,31,36.7,46.1,35.3,32.8,26.6,49,44.3,37.1,32.8,37.8,32.4,32.8,30.2,33.8,42.5,29.5,42.8,27,31,30.2,35.6,46.8,32.4,30.2,23,,,,,,22.2204,114.2127
2026-09-03T05:00,24.2,25.6,24,26.1,25.6,24.7,24.5,26,25.6,25.7,26.1,25.7,25.3,25.5,25.5,24.7,26.3,25.8,25.5,25.1,25.9,24.8,24.1,25.4,25.6,25.5,25.5,25.5,25.9,26.4,26.1,24.7,25.4,23.9,25.4,25.6,25.7,26.1,25.4,26.2,85,76,92,80,83,85,88,81,83,72,76,73,85,76,84,83,74,77,79,81,80,88,89,79,79,87,78,76,81,80,83,86,77,89,82,78,77,77,90,81,0.2,0,10.8,0.2,1.1,0.2,0.6,0,0.5,0,0,0,0.1,0,0,0.1,0.4,0,1.6,0,0.2,0.5,2.4,0,0,0.2,0,0,0.1,0,0,0,0,2.5,0,0,0,0.5,0.1,0,27.1,20.6,33.5,14.3,14.2,12.8,25,11.8,14.2,20.9,10.3,15.5,19.9,15.5,15.4,17.7,15,27.2,22.5,26.1,21.1,22.9,17.8,16.2,19.4,12.7,9.6,11.6,12.8,9.2,12,15.3,12.8,25,15.3,15.5,12.8,11.3,12.5,18.7,,,,,,,,,,,,,,,,,,,,,,,,,,,,,,,,,,,,,,,,,24.3,25.2,23.3,24.1,24.8,25.3,24.1,24.1,24.3,24.6,25.2,24.1,24.6,25,24.1,25.1,23.8,24.9,25.2,24.6,24.3,25.1,25.1,26.3,24.9,24.8,25.1,24.2,24.5,24.2,23.4,85,80,95,87,79,82,82,89,89,87,84,88,83,77,88,76,83,78,79,80,87,86,76,78,82,80,78,85,86,81,89,0.3,1.2,8.7,0.6,0.1,0.3,0.3,0.5,2.3,3.2,0.4,0.7,0,0,3,0,0.1,0,0,0.1,5.2,0.6,0,0.6,0.1,0,0,1.9,1,0.6,1,24.7,24,34.6,23.7,20.6,24.7,27,29.7,23.9,22,24.5,31.6,32.7,25.2,25,26.5,23.4,22.7,23.3,24.3,30.1,22.4,29.7,21.7,24.1,23.7,26,35.6,21.1,21.4,19.4,29.9,36.4,53.3,29.9,26.6,33.5,36.4,45.7,33.8,30.2,28.1,48.2,45,36.4,34.6,38.5,31.3,31.3,31,33.8,41.4,28.1,43.2,28.4,31.7,31.3,35.6,50,32,29.5,21.2,,,,,,22.2204,114.2127
2026-09-03T06:00,24.2,25.6,24,26.1,25.6,24.7,24.4,25.8,25.5,25.7,26.1,25.6,25.3,25.5,25.6,24.8,26.4,25.7,25.5,25.2,25.9,24.8,24.4,25.3,25.6,25.6,25.5,25.6,25.9,26.4,26,24.7,25.4,23.9,25.4,25.5,25.7,25.5,25.5,26.3,84,76,91,80,84,83,89,82,84,71,76,74,84,76,83,82,73,77,80,81,80,89,86,80,79,85,77,75,81,79,83,86,77,90,81,78,77,81,88,81,1.3,0,10.8,0.1,0.2,0.1,0.5,0,0,0,0,0,0,0,0,0,0.1,0,1,0,0.3,0.8,1.3,0,0,0,0,0,0,0,0,0,0,2.9,0,0,0,0.6,0,0,27.9,21.8,33.3,13.6,13.3,12.8,25,13.2,13.2,19.7,9.4,15,20.7,14.9,15.3,17.3,14.8,26.9,20.9,24.6,21.3,23.4,18.1,16.5,19.5,13.2,10,10.6,11.9,8.7,12.5,15.5,13.3,23.2,15.8,13.5,13,11.8,14,19.8,,,,,,,,,,,,,,,,,,,,,,,,,,,,,,,,,,,,,,,,,24.2,25.4,23.3,24.1,24.7,25,24,24.3,24.1,24.5,25.2,24.2,24.4,25,24.1,25,23.8,24.8,25,24.6,24.3,25.1,25.2,26.3,24.7,24.7,25,24.1,24.4,24,23.4,85,79,94,86,80,83,83,88,91,87,83,88,84,77,88,76,83,79,81,80,86,86,76,78,83,80,79,85,87,83,89,0,0.6,4.9,0.4,0,0.3,0.2,0.1,3,1.5,0,0.9,0.5,0,1.6,0,0,0.1,0.2,0.6,0,0.5,0,0.3,0.5,0,0.1,0.9,1.1,2,0.3,25,24.7,33.2,23,21.1,26.2,26.3,28.4,23.6,22.5,25,32.1,31.6,26.2,25.3,26.2,22.1,21.8,23.4,24.1,30.3,21.9,29.6,22.2,23.6,24.4,26.5,37.2,21.1,21.1,18.9,29.9,37.4,51.1,29.2,26.3,36.7,35.3,43.2,31.3,30.2,31,48.2,43.6,38.2,36.4,37.4,28.8,28.4,31.3,33.5,42.1,27,43.2,29.5,31.3,32,36,53.6,31.7,27.7,20.5,,,,,,22.2204,114.2127
2026-09-03T07:00,23.9,25.6,24.1,26.1,25.8,24.8,24.5,25.7,25.5,25.7,26.1,25.6,25.4,25.5,25.7,24.9,26.4,25.7,25.2,25.1,26,24.9,24.4,25.3,25.6,25.6,25.4,25.1,25.9,26.4,26.1,24.7,25.5,23.8,25.5,25.6,25.8,25.1,25.7,26.4,85,76,91,80,83,82,89,81,84,72,76,74,82,76,82,81,74,77,82,81,80,89,87,81,80,84,77,79,81,79,83,85,76,91,82,79,77,83,87,81,1.1,0,7.2,0.2,0,0,0.2,0,0,0,0,0,0,0,0,0,0,0,0.7,0,0.2,0.4,1.2,0,0,0,0,1.3,0,0,0,0,0,2.8,0,0,0,1.6,0,0,26.6,22.8,32.8,13.3,11.5,12,25.5,13.8,13.2,20,10,14.8,19.9,13.8,17.3,17,15.1,27.6,21.4,24.9,22.4,22.7,17.3,15.5,19.7,14,11.4,10.1,11.7,8.8,12.5,15.5,13.5,21.3,15.5,12.7,13.2,12.5,14.6,20.9,,,,,,,,,,,,,,,,,,,,,,,,,,,,,,,,,,,,,,,,,24.3,25.6,23.5,24.2,24.6,24.8,23.9,24.5,24,24.4,25.2,24.2,24.2,25,24.2,25.1,23.8,24.7,24.8,24.6,24.3,25,25.3,26.3,24.4,24.8,25,23.7,24.3,23.7,23.6,84,78,92,86,81,83,84,86,92,87,82,87,86,77,87,76,83,81,82,80,86,86,75,78,85,79,79,85,87,86,89,0,0.6,4.9,0.4,0,0.3,0.2,0.1,3,1.5,0,0.9,0.5,0,1.6,0,0,0.1,0.2,0.6,0,0.5,0,0.3,0.5,0,0.1,0.9,1.1,2,0.3,24.8,25.3,30.9,21.7,21.4,27.7,25.2,26.6,22.8,23.5,25.7,32.6,29.8,27.7,25.3,25.2,20.6,20.6,23.6,23.8,30.8,21.4,29.3,22.4,22.9,24.7,27,38.7,21.8,21.2,18.6,30.2,38.9,47.2,27.7,25.6,40,34.2,39.6,28.4,31.7,34.6,48.2,41.4,40.7,38.5,35.6,25.2,25.2,31.3,33.1,43.9,26.3,42.8,31,30.6,32.4,36,57.2,31.3,25.9,20.5,,,,,,22.2204,114.2127
2026-09-03T08:00,23.4,25.7,24.1,26.4,26.1,25.1,24.6,25.5,25.6,25.8,26.3,25.5,25.7,25.6,25.3,25,26.5,25.6,25.5,25,26.1,25.2,24,25.5,25.8,25.6,25.6,24.4,26,26.6,26.4,24.8,25.9,23.9,25.6,25.9,26.2,24.9,26.2,26.6,87,75,90,79,83,80,88,83,85,73,76,75,81,76,86,81,74,77,82,83,79,87,92,80,79,85,76,84,80,79,82,85,76,91,81,78,75,84,86,81,1.7,0,3.6,0.3,0,0,0.1,0.1,0.1,0,0,0,0,0,0.2,0,0.1,0,2.9,0,0.1,0,6.3,0,0,0,0,2.1,0,0,0,0,0,3.4,0,0,0,1.4,0,0,25.1,22.2,32.7,13,13.8,12.6,26.3,13,12.7,19.5,10.5,14.8,19.3,13.2,18.9,18.2,15,28.2,20.9,25.3,23,21.4,16.6,14.9,20.4,15.5,11.2,8.9,12.2,8.9,12.2,15.6,13.8,19.7,15,13.5,13,13,15.5,21.4,,,,,,,,,,,,,,,,,,,,,,,,,,,,,,,,,,,,,,,,,24.5,25.8,23.7,24.3,24.6,24.8,24,24.7,23.9,24.3,25.4,24.4,24.3,25.1,24.4,25.4,24,24.5,24.7,24.5,24.3,25,25.5,26.4,24.3,24.8,24.9,23.6,24.3,23.6,23.8,82,78,91,85,81,83,85,85,93,86,81,86,86,76,86,75,82,82,84,80,86,86,74,77,86,79,80,85,86,88,89,0,0.6,4.9,0.4,0,0.3,0.2,0.1,3,1.5,0,0.9,0.5,0,1.6,0,0,0.1,0.2,0.6,0,0.5,0,0.3,0.5,0,0.1,0.9,1.1,2,0.3,24.9,26.5,29.1,21,21.5,28.3,24.7,25.6,22.7,23.7,26,33.6,28.5,29.5,25.2,24.4,19.1,19.5,23.5,23.4,31.3,21.1,28,22.8,22.8,25,27.5,39.6,22.2,21.1,18.5,30.6,40.3,44.3,26.6,24.8,42.1,33.5,36.7,26.6,32,36.7,48.6,39.6,42.8,39.2,33.5,22.3,22.3,31.7,33.5,45.7,25.9,41,32,30.2,32.8,36.4,59.4,31,24.8,20.2,,,,,,22.2204,114.2127
2026-09-03T09:00,23.2,26,24.1,27.2,26.7,25.3,24.8,25.5,25.9,26.1,26.4,25.8,26.1,25.9,25.3,24.7,26.5,25.5,25.7,25,26.3,25.5,24.1,25.9,26.2,25.8,25.9,24.3,26.5,26.8,27,25,26.7,23.9,26,26.5,26.8,24.9,26.8,26.8,88,72,90,77,81,79,87,84,84,72,76,74,80,75,87,84,76,77,82,84,78,86,92,78,77,85,75,86,79,79,80,84,73,91,79,75,73,85,84,80,2,0,1.5,0,0,0,0.1,0,0.1,0,0,0,0,0,0.5,1.2,0.3,0,1,0.1,0.1,0,4,0.2,0,0.3,0,1.2,0,0.1,0,0,0,0.8,0,0,0,0.6,0,0,24.6,25.2,29.4,14.7,15.4,12.8,27.3,13.3,12.7,20.1,10.7,15.6,19.4,13.8,18.4,17.6,15.5,28.1,22.2,25.8,25.2,22.4,17.1,15.5,21.3,16.5,11.7,7.7,12.1,8.9,13.7,16.2,15.8,20.3,15.8,14.7,14.5,14.3,17.6,21.8,,,,,,,,,,,,,,,,,,,,,,,,,,,,,,,,,,,,,,,,,25,25.8,23.9,24.5,24.8,25.2,24.3,24.7,23.9,24.4,25.8,24.6,24.7,25.4,24.8,26,24.3,24.4,24.6,24.5,24.1,25,25.7,26.6,24.2,25,24.9,23.7,24.4,23.7,24,80,78,90,84,80,80,84,85,93,85,79,84,84,75,84,73,81,83,85,81,87,86,74,76,86,78,81,83,85,88,88,0,0.6,1.5,0.3,0,0,0.2,0,0.7,0.7,0,0.9,0.1,0,0.3,0,0,0.4,0.5,0.4,1,0.1,0,0,1.1,0,0.1,0.2,0.3,0.6,0.4,25,28.5,28.5,20.7,21.3,27.7,24.7,25.5,23.2,23.3,25.7,35.1,28.3,31.3,24.7,23.4,17.8,18.5,23.8,23.6,31.6,21.3,25.4,23.3,23.1,25.2,28.1,39.8,22.8,21.5,18.1,31.3,41.8,43.2,26.3,24.5,41.4,34.2,35.6,27.7,31,36,49,38.9,43.9,37.8,31.3,20.2,20.9,32.8,35.3,46.4,25.9,37.1,33.5,30.6,33.5,36.4,59.4,31.3,25.6,19.8,,,,,,22.2204,114.2127
2026-09-03T10:00,23.1,26.4,24.2,28.2,27.4,25.6,25.1,25.6,26.2,26.5,26.5,26.2,26.7,26.4,25.4,24.3,26.4,25.4,25.9,25,26.6,26,24.3,26.5,26.8,26.1,26.3,24.2,27,26.9,27.9,25.2,27.7,24,26.7,27.4,27.5,25,27.5,27,88,69,90,74,79,78,85,84,83,71,75,73,78,74,89,88,78,77,82,84,76,85,91,76,74,85,75,87,77,78,78,83,70,90,77,72,71,85,81,80,2,0,1.5,0,0,0,0.1,0,0.1,0,0,0,0,0,0.5,1.2,0.3,0,1,0.1,0.1,0,4,0.2,0,0.3,0,1.2,0,0.1,0,0,0,0.8,0,0,0,0.6,0,0,24.2,28.7,25.2,17.2,17.6,13,28.6,13.6,12.9,21.7,11.2,16.8,19.7,14.5,17.1,17.1,16.6,27.8,23.7,26.5,27.7,24,17.8,16.9,22.1,17.6,12,7,12.1,8.9,15.9,17.1,18.4,21.7,17.3,16.6,16.6,15.9,20,22.2,,,,,,,,,,,,,,,,,,,,,,,,,,,,,,,,,,,,,,,,,25.7,25.8,24.1,24.7,25.1,25.9,24.9,24.7,24,24.5,26.3,24.9,25.4,25.8,25.2,26.8,24.6,24.2,24.6,24.4,23.9,24.9,25.8,26.8,24.2,25.1,24.8,24,24.5,23.9,24.2,77,79,89,84,78,77,82,85,93,85,77,82,80,73,81,70,79,84,86,83,88,85,73,75,86,77,82,81,83,88,87,0,0.6,1.5,0.3,0,0,0.2,0,0.7,0.7,0,0.9,0.1,0,0.3,0,0,0.4,0.5,0.4,1,0.1,0,0,1.1,0,0.1,0.2,0.3,0.6,0.4,25.5,31.1,27.9,20.9,20.5,26.6,25.2,25.5,24.5,22.3,25.7,36.5,28.5,33.5,24.1,22.7,16.6,17.7,23.7,23.9,31.8,22,22.1,23.9,23.7,25.5,28.4,39.6,23,21.8,17.7,32,42.8,42.8,26.3,24.5,39.2,35.3,35.3,30.2,29.2,33.5,49.7,38.9,44.3,35.3,29.2,18.4,20.5,34.2,37.4,47.2,25.9,32,34.9,31.3,34.6,36.7,58,31.7,27,19.4,,,,,,22.2204,114.2127
2026-09-03T11:00,23,26.7,24.2,29.1,28.1,25.9,25.4,25.8,26.5,26.9,26.6,26.7,27.3,26.9,25.4,24,26.3,25.5,26.2,25.1,26.8,26.5,24.5,26.8,27.5,26.5,26.7,24.2,27.5,27.2,28.7,25.5,28.6,24.1,27.4,28.2,28.1,25.1,28.2,27.3,89,67,90,72,76,78,83,84,82,69,75,71,77,73,90,91,81,77,82,84,74,84,90,75,71,84,74,88,76,78,75,82,67,89,75,69,70,85,78,79,2,0,1.5,0,0,0,0.1,0,0.1,0,0,0,0,0,0.5,1.2,0.3,0,1,0.1,0.1,0,4,0.2,0,0.3,0,1.2,0,0.1,0,0,0,0.8,0,0,0,0.6,0,0,24,31.2,21.7,18.7,19.6,13.5,29.6,14.3,13,22.6,12,17.7,20.6,15.6,16.1,16.6,17.3,27.8,25,26.6,29.4,25.5,18.3,18.4,22.8,18.6,12.5,6.4,12.1,8.9,17.7,17.7,20,22.9,18.3,17.7,18.5,17.3,21.8,22.9,,,,,,,,,,,,,,,,,,,,,,,,,,,,,,,,,,,,,,,,,26.5,25.7,24.3,24.8,25.6,26.4,25.4,24.8,24.1,24.6,26.8,25,25.9,26.1,25.6,27.6,25,24.1,24.6,24.4,23.8,25,26.1,27.2,24.3,25.2,24.8,24.2,24.7,24,24.3,75,80,88,83,76,74,80,85,92,84,75,81,77,72,78,68,77,85,86,84,89,84,72,73,86,77,83,80,82,87,86,0,0.6,1.5,0.3,0,0,0.2,0,0.7,0.7,0,0.9,0.1,0,0.3,0,0,0.4,0.5,0.4,1,0.1,0,0,1.1,0,0.1,0.2,0.3,0.6,0.4,25.5,33.1,27.2,21.1,19.9,25.1,25.8,26,25.1,21.7,25.2,37.8,29,34.5,23.4,21.9,15.8,17.2,23.9,24,32.3,22.5,19.4,24.2,24,25.7,29,39.3,23.4,22.5,17.3,32.8,44.3,41.4,26.6,24.5,36.7,36,35.6,31.7,27.7,32,50.4,38.9,44.3,33.5,27.4,16.9,20.2,35.6,38.5,48.2,26.6,27.7,35.3,31.7,35.3,37.4,56.9,32,28.8,19.1,,,,,,22.2204,114.2127
2026-09-03T12:00,22.8,26.8,24.2,29.8,28.8,26.2,25.6,26.2,26.6,27.3,26.9,27.3,27.8,27.4,25.4,23.9,26,25.9,26.5,25.2,27,27.2,24.7,26.7,28.2,27.1,27.2,24.2,27.6,27.5,29.3,25.8,29.2,24.2,28.2,28.7,28.6,25.2,29,27.5,90,67,90,69,73,78,81,83,82,67,75,69,75,71,91,92,84,75,81,83,73,82,90,76,69,82,74,88,76,78,72,80,65,88,72,67,69,85,74,78,2,0,0.4,0,0,0,0,0,0,0,0,0,0,0,0.6,3.2,1.9,0,0,0,0,0,3.2,0.1,0,0,0.1,1.9,0,0,0,0,0,0,0,0,0.1,0.3,0,0,24.8,31.3,19.6,18.6,20.6,15,30.1,15.5,13.4,22.9,13.2,18.2,22.5,16.6,15.3,15.9,18.1,28.1,25.8,25.8,29.6,27.4,17.6,18.8,23.2,20.2,13.5,6.9,11.8,9.5,19.1,18.2,19.3,23.2,18.7,17.7,19.3,19.2,22.4,23.7,,,,,,,,,,,,,,,,,,,,,,,,,,,,,,,,,,,,,,,,,27.3,25.5,24.4,24.9,26.7,26.6,26,25.4,24.1,24.7,27.4,24.6,26.1,26.3,25.9,28.2,25.4,24.1,24.5,24.4,23.9,25.2,26.8,27.9,24.3,25.2,24.8,24.1,24.9,24.1,24.3,72,81,87,83,73,73,78,82,92,84,73,82,76,71,76,66,76,85,87,84,88,83,69,71,85,77,83,82,81,87,85,0,1.7,0.4,0,0,0.9,0.1,0,1.4,0.1,0,0.2,0,0,0,0,0,0.1,1.2,0.6,1.7,0,0,0,0.4,0,0.1,4.3,0,0.4,0.9,24.7,33.9,25.5,21.7,19.3,23.7,27.2,26.8,25.1,21.8,24.5,38.5,28.9,34.5,22.4,21.4,15.5,17.1,23.9,23.7,33.6,22.8,18.3,23.7,24.1,26.2,29.8,39,23.7,23.3,17.3,32.4,45.7,37.8,27.7,24.1,34.6,35.6,36.7,31,27,32,50.8,38.5,43.9,32.8,26.3,16.6,19.8,36.7,37.1,50,28.1,25.2,34.2,31.3,35.6,40,56.5,31.7,31,19.1,,,,,,22.2204,114.2127
2026-09-03T13:00,22.7,26.9,24.2,30.4,29.6,26.5,25.7,26.8,26.6,27.7,27.3,28,28.2,28,25.3,23.9,25.7,26.4,26.7,25.4,27.1,27.9,24.8,26.5,28.8,27.9,27.7,24.4,27.7,27.9,29.8,26.3,29.6,24.3,29.1,29,29.1,25.3,29.8,27.8,90,68,89,67,69,78,79,81,83,64,74,67,73,69,92,92,86,72,80,81,71,79,90,77,68,78,74,86,77,77,70,78,64,88,68,66,69,85,71,78,2,0,0.4,0,0,0,0,0,0,0,0,0,0,0,0.6,3.2,1.9,0,0,0,0,0,3.2,0.1,0,0,0.1,1.9,0,0,0,0,0,0,0,0,0.1,0.3,0,0,26.1,30.4,18.5,18.1,21.7,16.5,30.6,17.1,13.8,23.1,14,18.7,25.1,17.7,14.8,15.5,18.6,28.7,25.7,24.2,29.5,29.8,16.6,18.4,23.2,22.9,14.6,8.1,11.4,10.9,20.9,18.4,18.6,23.1,19.1,17.1,19.9,21,22.4,24.8,,,,,,,,,,,,,,,,,,,,,,,,,,,,,,,,,,,,,,,,,28.2,25.2,24.5,25,27.9,26.7,26.6,26.2,24.1,24.8,28.1,24,26.1,26.4,26.3,28.7,25.7,24.3,24.4,24.5,24.2,25.5,27.6,28.7,24.4,25,24.8,23.9,25.2,24.2,24.3,70,83,86,83,69,73,76,79,91,83,70,84,77,69,75,64,75,83,87,85,87,81,65,69,85,78,83,85,79,87,85,0,1.7,0.4,0,0,0.9,0.1,0,1.4,0.1,0,0.2,0,0,0,0,0,0.1,1.2,0.6,1.7,0,0,0,0.4,0,0.1,4.3,0,0.4,0.9,24.1,33.8,23.4,22.9,19.2,22.2,28.7,27.7,24.6,22.2,24.1,38.7,29,33.6,21.6,21.1,15.8,17.2,24,23.2,35.4,22.9,17.9,23,23.9,26.7,31,38.7,23.7,24.1,17.3,32,47.2,33.1,29.2,23.8,32.4,35.3,38.9,29.5,26.3,32.4,50.8,38.5,43.6,33.1,25.6,16.9,19.8,37.4,34.6,52.2,29.5,23.8,32,30.6,36,42.8,56.5,31,33.5,19.4,,,,,,22.2204,114.2127
2026-09-03T14:00,22.7,26.8,24.3,30.7,30.2,26.8,25.7,27.1,26.5,27.9,27.5,28.4,28.4,28.5,25.3,24,25.5,26.8,26.9,25.5,27.1,28.2,25,26.2,29.3,28.3,28,24.6,27.6,28.4,30.1,26.5,29.8,24.3,29.7,29.3,29.4,25.4,30.2,27.8,90,70,88,66,67,78,78,80,83,63,74,65,71,68,92,92,88,71,79,80,71,78,90,79,67,76,74,85,78,76,68,77,64,87,66,66,69,85,69,78,2,0,0.4,0,0,0,0,0,0,0,0,0,0,0,0.6,3.2,1.9,0,0,0,0,0,3.2,0.1,0,0,0.1,1.9,0,0,0,0,0,0,0,0,0.1,0.3,0,0,26.8,29.3,16.9,17.7,22.3,17.8,30.9,17.9,14.3,22.7,14.8,18.9,27,17.8,14.5,15.7,18.6,28.8,26,22.7,28.8,31,16.1,17.5,22.7,25.3,15.4,8.9,11.1,11.9,22,18.6,17.4,22.7,19.3,16.9,19.8,21.3,22.3,25.3,,,,,,,,,,,,,,,,,,,,,,,,,,,,,,,,,,,,,,,,,28.7,24.9,24.7,25,28.8,26.7,26.8,26.7,24.1,24.9,28.6,23.5,26.1,26.4,26.6,29.1,26,24.4,24.4,24.5,24.4,25.8,28.2,29.1,24.5,24.9,24.9,23.8,25.4,24.2,24.4,69,84,85,83,67,74,75,77,91,83,69,86,77,68,74,63,75,83,87,84,86,79,63,68,84,78,82,88,78,87,84,0,1.7,0.4,0,0,0.9,0.1,0,1.4,0.1,0,0.2,0,0,0,0,0,0.1,1.2,0.6,1.7,0,0,0,0.4,0,0.1,4.3,0,0.4,0.9,23.5,33.7,22.2,23.4,19.2,21,29.9,28.3,24.3,22.4,24.2,38.9,28.7,32.6,21.3,21.4,15.9,17.2,23.8,22.5,36.9,22.9,17.1,21.7,23.8,26.7,31.9,38.4,23.8,24.6,16.8,32,48.2,29.9,30.2,24.1,31,35.3,40,28.8,26.6,33.5,51.5,38.2,42.5,33.1,25.6,16.9,19.8,37.4,32,53.6,31,22.3,29.9,30.6,35.6,45,56.5,29.9,35.3,19.4,,,,,,22.2204,114.2127
2026-09-03T15:00,22.9,26.3,24.4,30.5,30.3,27.2,25.3,26.9,26.4,27.9,27.5,28.4,28.4,28.7,25.3,24,25.4,26.9,27.1,25.5,26.9,28.1,25.1,25.9,29.3,28.3,28,25,27.5,29.1,30.1,26.6,29.8,24.3,29.6,29.5,29.5,25.3,29.9,27.6,89,74,87,67,67,77,80,81,83,63,74,65,71,67,92,92,89,72,78,80,72,79,90,81,68,75,74,83,79,73,68,76,64,87,66,66,69,86,71,80,0.7,0.3,0,0.3,0,0,0.3,0,0.1,0,0.2,0,0.1,0,0.6,0.7,7.6,0,0,0,0.1,0.1,3.1,0.1,0,0,0.5,0,0.3,0,0,0,0,0,0,0,0,1,0,0.4,26.6,28.2,14.5,16.3,21.9,18.2,30.6,17.3,14.5,21.9,14.3,18.3,26.9,16.9,14.8,17,17.6,28.4,26,21.3,27.8,29.6,16.6,15.7,21.1,26.5,15.7,9,11.3,10.8,22,18.5,16,21.8,18.2,17.3,18,19.2,22.1,25.1,,,,,,,,,,,,,,,,,,,,,,,,,,,,,,,,,,,,,,,,,28.5,24.6,24.9,25,28.9,26.5,26.3,26.6,24.2,25,28.6,23.3,26.2,26.4,26.7,29.3,26,24.3,24.5,24.7,24.5,26.2,28.4,29.1,24.5,24.9,24.9,23.7,25.5,24.3,24.8,71,85,83,83,68,76,77,78,91,83,69,86,76,67,74,64,75,84,86,82,86,77,63,68,84,78,81,89,77,86,82,0.1,2.4,0.1,0,0,4.3,0.1,0.4,1.1,0.2,0,0.3,0,0,0,0,0,0.5,0.3,0.2,2.6,0,0,0,0.2,0,0,4.5,0,0.3,0.2,24.1,33.2,21.4,23.7,20.4,20,30.4,28.8,24.3,22.5,26,39.5,28.5,32.1,22,22.4,15.3,16.4,23.7,22.1,38.5,23,15.8,20.2,23.7,25.7,31.8,38.5,23.3,24.9,15.8,33.1,48.2,29.5,30.6,26.3,30.6,37.1,40,30.2,28.8,35.6,53.3,37.8,40.7,33.1,26.3,16.6,19.4,36,30.6,54.4,32,20.5,28.4,32,33.8,44.6,56.9,28.1,35.6,19.1,,,,,,22.2204,114.2127
2026-09-03T16:00,23.2,25.6,24.6,29.9,30.2,27.5,24.8,26.6,26.3,27.6,27.4,28.2,28.2,28.8,25.4,24,25.3,26.8,27.3,25.4,26.6,27.6,25.2,25.6,29.1,28.1,27.8,25.4,27.2,29.9,29.9,26.5,29.6,24.3,29.2,29.5,29.4,25.2,29.3,27.3,87,79,85,70,68,75,82,83,83,65,75,65,71,67,91,91,90,73,78,80,74,82,90,82,69,76,74,81,81,69,69,76,65,86,68,66,69,86,74,82,0.7,0.3,0,0.3,0,0,0.3,0,0.1,0,0.2,0,0.1,0,0.6,0.7,7.6,0,0,0,0.1,0.1,3.1,0.1,0,0,0.5,0,0.3,0,0,0,0,0,0,0,0,1,0,0.4,25.8,26.9,11.6,14.1,20.6,18.3,30.1,16.1,14.5,20.4,13.4,16.9,25.4,15.5,14.8,18.8,16.1,27.8,25.3,19.7,26.8,26.6,17.8,13.3,19.1,26.6,16.3,9.2,12,8.4,21,18.4,14.5,20.1,16.6,17.3,15.2,15.5,21.7,23.9,,,,,,,,,,,,,,,,,,,,,,,,,,,,,,,,,,,,,,,,,27.9,24.4,25.1,24.9,28.6,26.1,25.5,26.2,24.3,25.1,28.2,23.2,26.3,26.4,26.8,29.3,25.9,24.1,24.7,24.9,24.5,26.8,28.3,28.7,24.5,24.9,24.9,23.6,25.6,24.3,25.4,74,86,82,82,70,79,80,81,91,83,71,86,76,67,74,65,75,85,84,80,87,75,64,70,84,78,79,89,75,86,79,0.1,2.4,0.1,0,0,4.3,0.1,0.4,1.1,0.2,0,0.3,0,0,0,0,0,0.5,0.3,0.2,2.6,0,0,0,0.2,0,0,4.5,0,0.3,0.2,26.3,32.5,21.1,23.4,22.6,19.2,30.4,29.3,24.1,22.6,29.6,40,27.9,31.6,22.8,23.9,15.1,15.6,23.3,21.3,40.6,23.3,14.5,18.6,24.5,24.2,31.1,38.5,22.4,24.6,14.9,34.9,47.5,30.6,30.6,29.2,31,39.6,39.2,32.4,31.7,38.2,55.4,37.1,38.9,33.1,27.4,16.2,19.1,34.2,29.5,54.4,32.8,19.1,27,34.2,31.7,43.2,56.9,25.9,34.9,18.4,,,,,,22.2204,114.2127
2026-09-03T17:00,23.4,25.1,24.7,29.4,30,27.7,24.4,26.3,26.1,27.3,27.3,27.8,27.9,28.7,25.5,24.1,25.3,26.6,27.4,25.3,26.2,27.1,25.2,25.5,28.8,27.7,27.6,25.7,27.1,30.3,29.7,26.3,29.2,24.3,28.7,29.4,29.3,25.1,28.6,27,86,83,84,73,69,74,85,85,84,66,76,66,72,68,90,91,90,75,78,81,75,85,90,83,71,77,75,80,82,67,71,76,66,86,70,67,69,87,77,84,0.7,0.3,0,0.3,0,0,0.3,0,0.1,0,0.2,0,0.1,0,0.6,0.7,7.6,0,0,0,0.1,0.1,3.1,0.1,0,0,0.5,0,0.3,0,0,0,0,0,0,0,0,1,0,0.4,24.9,25.3,9.2,12.2,19.4,17.7,29.7,14.2,14.1,18.6,11.9,15.3,24.3,13.8,14.5,20,15.4,26.7,24.7,18.1,25.6,24.5,18.8,11.4,17.1,26.9,15.7,9.2,12.2,6.5,19.2,17.9,12.9,18.2,15.5,16.6,13.1,12.6,21.1,23.3,,,,,,,,,,,,,,,,,,,,,,,,,,,,,,,,,,,,,,,,,27.3,24.3,25.2,24.7,28.3,26,24.9,25.9,24.5,25.1,27.8,23.2,26.3,26.2,26.8,29.1,25.8,24.1,24.8,25,24.6,27.2,28.1,28.3,24.6,24.9,24.8,23.5,25.6,24.4,25.9,76,87,81,82,72,80,82,83,90,83,73,86,75,67,74,67,75,86,83,79,88,73,65,71,84,77,79,89,74,85,78,0.1,2.4,0.1,0,0,4.3,0.1,0.4,1.1,0.2,0,0.3,0,0,0,0,0,0.5,0.3,0.2,2.6,0,0,0,0.2,0,0,4.5,0,0.3,0.2,28.5,31.9,20.5,22.9,24.7,19.7,29.6,29.3,23.7,22.8,32,40.7,27.3,30.3,23.4,24.4,14.5,14.9,23,20.9,41.6,23.1,12.9,17.4,25.3,22.9,30.6,37.8,21.5,24.3,14.2,36.7,47.5,31,29.9,31.7,31.3,40,38.5,33.1,33.1,40,57.2,36,36,33.5,27.4,15.5,18.7,32.4,28.8,54.7,32.4,17.3,24.8,36,29.9,42.1,55.8,24.1,34.2,18.7,,,,,,22.2204,114.2127
2026-09-03T18:00,23.5,24.8,24.7,29.1,29.5,27.5,24,26.2,25.9,26.9,27.1,27.2,27.5,28.3,25.6,24,25.2,26.4,27.4,25.2,26,26.5,25.2,25.6,28.5,27.1,27.3,25.9,27.2,30,29.3,26,28.8,24.3,28,29,29.1,25,28,26.8,86,85,84,75,71,75,87,85,86,67,77,68,74,70,90,91,90,77,78,81,76,88,90,83,72,79,76,79,82,69,73,77,68,86,72,70,70,87,79,85,0,0.4,0,0,0,0,1.6,0,0.6,0,0.2,0,0,0,0.1,0.1,2.4,0,0,0,0,1.3,1.3,0,0,0,0,0,0,0,0,0,0,0,0,0,0.1,0.6,0,0.5,23.6,23.2,7.9,11.5,17.6,16,29.5,12.1,13.7,16.2,10,13.7,23.6,11.5,13.2,19.3,16.2,25,23.5,15.8,25.1,24.2,19.6,10.5,15.5,27,13.7,9,11.5,5.8,15.3,17.1,11.4,14.8,14.7,14.4,12.1,11.5,20.2,22.9,,,,,,,,,,,,,,,,,,,,,,,,,,,,,,,,,,,,,,,,,26.9,24.3,25.2,24.6,28,26.2,24.6,25.8,24.7,25,27.3,23.2,26.1,25.9,26.6,28.7,25.8,24.2,24.8,25,24.6,27.3,28,28.1,24.7,25,24.3,23.5,25.5,24.4,26,77,86,82,82,73,78,83,84,88,84,75,86,75,68,75,68,75,86,83,79,88,73,66,72,84,76,81,88,74,85,79,0.1,0.8,0.3,0,0.1,1.4,0.1,0.9,0.2,1,0.2,0,0,0,0.2,0,0,0.4,0.3,0,1.4,0,0,0.2,0.4,0,0.2,0.6,0,0.1,0.1,29.9,31.9,20,21.7,26,21.3,27.6,28.8,22.5,22.5,31.1,42.5,25.5,27.8,23,22.7,13.3,14.9,22.9,20.7,41.6,22.2,11.5,15.2,25.9,22.2,30.5,35.7,20.1,23.5,15.6,38.5,49.3,29.5,27.7,33.5,31.3,37.1,37.8,31.7,32,40.3,59,33.8,32.4,34.6,25.6,14,18.7,31.7,28.4,55.8,31,15.1,20.9,37.4,29.9,42.5,52.2,23,32.8,20.9,,,,,,22.2204,114.2127
2026-09-03T19:00,23.5,24.6,24.7,28.8,28.8,27.1,23.7,26.2,25.6,26.5,26.9,26.5,27,27.7,25.7,24,25,26.1,27.3,25.2,25.7,25.9,25.1,25.8,28.2,26.5,27,26.1,27.5,29.2,28.9,25.6,28.2,24.2,27.3,28.3,28.8,25,27.4,26.6,86,85,84,76,74,76,89,85,88,68,78,69,76,72,89,91,89,79,79,82,76,91,90,83,74,81,77,79,81,73,75,79,71,86,74,75,71,88,81,85,0,0.4,0,0,0,0,1.6,0,0.6,0,0.2,0,0,0,0.1,0.1,2.4,0,0,0,0,1.3,1.3,0,0,0,0,0,0,0,0,0,0,0,0,0,0.1,0.6,0,0.5,21.8,20.9,7.1,10.8,15.5,13.1,29.3,9.6,13,13.2,7.4,11.6,23.4,9.2,11.5,17.7,17.8,22.4,22.9,13.5,24.3,24.4,20.2,10.3,14.3,26.9,10.6,8.5,10.5,5.4,10.5,16.4,9.7,11.2,14.2,11.5,12.1,11.8,18.9,23,,,,,,,,,,,,,,,,,,,,,,,,,,,,,,,,,,,,,,,,,26.5,24.5,25,24.5,27.7,26.7,24.6,25.8,25,24.8,26.6,23.3,25.8,25.4,26.4,28,25.7,24.3,24.8,25,24.7,27.3,27.9,27.8,24.8,25.1,23.6,23.4,25.3,24.4,25.9,77,85,83,81,74,75,83,85,86,86,78,85,75,70,77,69,75,85,83,79,88,73,67,74,83,75,83,87,74,84,82,0.1,0.8,0.3,0,0.1,1.4,0.1,0.9,0.2,1,0.2,0,0,0,0.2,0,0,0.4,0.3,0,1.4,0,0,0.2,0.4,0,0.2,0.6,0,0.1,0.1,31.1,32.2,19.6,19.8,28.8,24.1,24.3,27.5,21.1,21.9,29,44.8,23.2,24.5,22,20.2,12.2,15,22.9,21.1,41,20.9,10.5,12.6,25.9,22.2,30.5,33.1,18.8,22.8,19.3,40.3,51.8,27.7,24.5,35.3,31,32.8,37.1,28.8,29.5,40,60.1,31.3,28.1,35.6,22.3,12.2,18.4,31.3,28.8,57.2,28.4,13,16.6,38.9,30.2,42.8,47.2,22.3,31.3,23.8,,,,,,22.2204,114.2127
2026-09-03T20:00,23.5,24.5,24.7,28.5,28.2,26.8,23.4,26.2,25.5,26.1,26.8,25.9,26.5,27.2,25.8,24,24.9,25.8,27.1,25.1,25.5,25.5,24.9,26,27.9,26,26.6,26.2,27.7,28.6,28.5,25.3,27.7,24.2,26.6,27.8,28.6,25,27,26.4,86,85,85,77,76,77,90,85,89,69,79,71,79,74,89,91,89,80,80,82,77,92,90,82,75,83,79,79,80,76,77,80,73,86,76,78,72,88,82,85,0,0.4,0,0,0,0,1.6,0,0.6,0,0.2,0,0,0,0.1,0.1,2.4,0,0,0,0,1.3,1.3,0,0,0,0,0,0,0,0,0,0,0,0,0,0.1,0.6,0,0.5,20.1,19.3,5.5,10.1,14,11.5,29.3,8.2,12.3,10.8,6.1,10,23.2,7.5,10.7,16.1,19.4,20.2,22.8,11.3,23.5,24.7,21.1,10.4,13.4,26.5,8.3,8.5,9.7,5.4,6.8,15.3,8.5,8.2,13.5,9,12,12,17.5,23.2,,,,,,,,,,,,,,,,,,,,,,,,,,,,,,,,,,,,,,,,,26.2,24.5,24.8,24.3,27.3,27,24.5,25.7,25.2,24.6,26,23.3,25.5,25,26.1,27.5,25.6,24.5,24.8,24.9,24.7,27.2,27.8,27.6,25,25.1,23.1,23.3,25.2,24.5,25.8,78,84,84,81,75,72,83,85,85,87,80,85,75,71,78,69,75,85,83,80,88,74,67,76,82,74,85,87,74,84,84,0.1,0.8,0.3,0,0.1,1.4,0.1,0.9,0.2,1,0.2,0,0,0,0.2,0,0,0.4,0.3,0,1.4,0,0,0.2,0.4,0,0.2,0.6,0,0.1,0.1,30.8,31.8,18.9,18.5,30.6,25.9,21.1,26.2,20.1,21.7,26.9,44.3,21.4,21.4,20.9,18.2,11.2,15.4,22.8,21.1,39.6,19.9,9.7,10.9,25.9,21.7,29.9,31.4,17.7,22,22.5,40.7,52.9,25.6,21.6,34.9,31,27.7,35.3,26.3,27.7,39.6,58.3,28.8,24.5,35.6,20.2,10.8,18.4,31,28.4,56.9,25.9,10.8,14,39.6,29.9,42.5,43.9,21.6,29.9,25.9,,,,,,22.2204,114.2127
2026-09-03T21:00,23.5,24.4,24.8,28.2,27.9,26.7,23.3,26.2,25.5,25.9,26.6,25.5,26.1,27,25.7,24.2,24.6,25.7,26.8,25,25.4,25.5,24.7,26,27.7,25.8,26.3,26.2,27.7,28.2,28.2,25.2,27.5,24.1,26.3,27.5,28.4,25,26.7,26.1,86,85,86,78,77,77,90,85,88,70,80,72,82,75,89,90,90,81,82,82,78,91,91,82,76,84,81,78,80,78,80,80,74,86,77,80,73,88,83,86,0,0,0,0,0,0,0.1,0,0.1,0,0,0,0.6,0,0.2,0.1,8.6,0,0,0,0,0.7,1.1,0,0,0.1,0.3,0,0,0,0,0,0,0,0,0,0,0.3,0,1.8,18.8,18.5,2.8,8.8,13.8,10.4,29.3,7.4,11.6,9.4,5.9,8.5,23.5,6.3,11.3,14.3,20,18.2,22.7,9.8,22,24.4,22.2,10.7,13.3,25.8,8.2,8.5,9.5,5.6,5.4,14.6,7.8,6.4,11.9,7.3,11.2,12,16.1,23.2,,,,,,,,,,,,,,,,,,,,,,,,,,,,,,,,,,,,,,,,,26,24.4,24.7,24.2,26.9,27,24.4,25.6,25.3,24.6,25.8,23.3,25.3,25,26,27.1,25.5,24.6,24.7,24.9,24.5,27.1,27.7,27.4,25.3,25,22.9,23.1,25.1,24.5,25.7,79,84,84,81,76,71,83,84,85,87,81,86,75,71,78,69,75,85,83,81,89,74,67,78,81,74,85,87,74,84,85,0.1,1.4,0.2,0,0,0,0.1,0.1,0.4,0.3,0.2,0.2,0,0,0.1,0,0,0.3,0.3,0,4.7,0,0,1.7,0.1,0,0.1,0.1,0.2,0.2,1,29,30.3,18.2,17.4,27.6,26.7,17.9,24.2,19.3,21.6,26.4,39.6,20.6,19.4,20,17.5,10.7,15.3,22.7,20.8,38.1,18.4,7.9,12.7,25.6,20.9,28.1,31.9,17.1,21.7,22.7,38.5,50.4,23.4,19.8,31.7,31.7,22.7,31.3,24.1,26.6,40.3,50.8,27,22,33.1,19.4,10.1,18,29.9,27.7,54.4,23,8.6,15.8,40,27.4,40.3,43.9,20.9,29.2,26.3,,,,,,22.2204,114.2127
2026-09-03T22:00,23.5,24.5,25,28,27.7,26.8,23.3,26.1,25.7,25.7,26.5,25.2,25.6,26.9,25.6,24.5,24.4,25.6,26.4,24.9,25.2,25.7,24.5,26,27.5,25.8,26,26.2,27.8,27.8,28,25.1,27.3,24.1,26.1,27.4,28.2,25,26.5,25.8,87,84,87,79,78,77,89,85,86,71,80,72,85,75,88,90,90,82,84,82,79,89,91,81,76,85,84,78,79,81,83,80,75,86,78,80,74,88,83,87,0,0,0,0,0,0,0.1,0,0.1,0,0,0,0.6,0,0.2,0.1,8.6,0,0,0,0,0.7,1.1,0,0,0.1,0.3,0,0,0,0,0,0,0,0,0,0,0.3,0,1.8,17.8,18,2.3,7.5,14.2,9.7,29.6,6.9,10.9,8.7,6.6,7.8,24.1,5.5,13.1,12,20.6,16.2,22.7,8.8,20,23.8,23.3,11,13.5,24.6,9,9,9.7,5.6,4.7,13.6,7.1,5.5,10.4,6.6,10,12.3,14.4,22.9,,,,,,,,,,,,,,,,,,,,,,,,,,,,,,,,,,,,,,,,,25.8,24.3,24.5,24.2,26.5,26.9,24.2,25.5,25.4,24.5,25.7,23.1,25.1,25,26,26.8,25.3,24.8,24.6,24.9,24.3,27,27.6,27.2,25.6,24.9,22.8,22.8,25.1,24.5,25.4,80,85,83,82,77,71,84,82,85,87,80,86,75,70,79,69,76,84,84,81,91,74,66,81,79,74,85,88,74,83,86,0.1,1.4,0.2,0,0,0,0.1,0.1,0.4,0.3,0.2,0.2,0,0,0.1,0,0,0.3,0.3,0,4.7,0,0,1.7,0.1,0,0.1,0.1,0.2,0.2,1,25.8,28.4,17.9,16.7,22.3,26.9,14.3,21.6,18.4,21.4,26.7,32,20.5,17.8,19.5,17.1,10.5,15.3,23,20.5,36.3,17.1,6.1,15.7,24.9,19.9,25.5,33.1,17,21.4,21.5,35.3,46.1,21.2,18.4,27,32.8,16.9,26.3,22.3,26.3,41.4,40.3,25.2,20.2,29.2,19.1,9.7,17.6,28.8,26.6,50.4,19.8,6.5,20.2,40,24.1,37.1,45,20.2,28.4,25.6,,,,,,22.2204,114.2127
2026-09-03T23:00,23.5,24.5,25.2,27.7,27.6,26.8,23.3,26,25.8,25.5,26.4,25,25.2,26.8,25.6,24.6,24.1,25.6,26,24.9,25.1,25.8,24.3,25.9,27.3,25.8,25.7,26.2,27.7,27.5,27.8,25,27.1,24.1,25.9,27.3,28,25,26.4,25.5,87,83,88,80,78,77,89,85,84,72,80,72,87,75,88,89,91,82,86,82,80,87,92,81,76,85,86,77,79,82,85,80,75,86,79,81,75,87,83,88,0,0,0,0,0,0,0.1,0,0.1,0,0,0,0.6,0,0.2,0.1,8.6,0,0,0,0,0.7,1.1,0,0,0.1,0.3,0,0,0,0,0,0,0,0,0,0,0.3,0,1.8,16.5,17.9,4.1,6.9,14.3,9.7,29.6,6.7,10.4,8.2,7.1,6.8,24.9,5,14.7,10.5,21,15,22.9,7.5,18.4,24.4,24,11.2,14.2,23.7,9.6,9.2,9.9,5.9,4.7,13.2,6.9,4.8,9.4,7.1,9.5,12.9,13.3,23,,,,,,,,,,,,,,,,,,,,,,,,,,,,,,,,,,,,,,,,,25.7,24.1,24.4,24.1,26.2,26.8,24.1,25.4,25.5,24.6,25.6,23,24.9,25,25.9,26.6,25.2,24.9,24.5,24.8,24.1,26.8,27.5,27.1,25.8,24.8,22.7,22.5,25.1,24.5,25.3,81,86,82,83,77,72,84,81,85,86,80,87,75,70,79,69,76,84,84,82,92,74,66,82,78,74,84,89,74,83,86,0.1,1.4,0.2,0,0,0,0.1,0.1,0.4,0.3,0.2,0.2,0,0,0.1,0,0,0.3,0.3,0,4.7,0,0,1.7,0.1,0,0.1,0.1,0.2,0.2,1,23.3,27.4,17.9,15.8,18.7,26.4,11.7,19.1,18.7,21.6,26.4,25,20.5,16.5,18.8,17.1,10.2,15.5,22.5,19.9,34,16.3,5.1,17.4,24,18.9,23.3,33.7,17,21.4,20.5,32.4,43.2,20.2,16.9,23,33.1,12.6,22,21.2,28.1,40.7,30.2,23.8,18.4,26.3,19.1,9.4,17.3,27.4,24.8,45.7,17.6,5.4,22.3,38.5,21.6,33.8,45.4,19.4,27.7,24.8,,,,,,22.2204,114.2127
2026-09-04T00:00,23.5,24.5,25.5,27.5,27.4,26.7,23.3,25.9,25.9,25.3,26.3,24.8,25,26.6,25.7,24.5,23.9,25.5,25.7,24.8,24.9,25.6,24.1,25.8,26.9,25.8,25.3,26.2,27.6,27.3,27.5,24.9,26.9,24,25.7,27.2,28,24.8,26.2,25.2,87,83,88,81,78,77,90,85,83,73,80,73,89,75,87,89,91,82,88,82,81,88,93,81,77,85,88,77,79,83,86,80,75,86,80,82,75,86,83,89,0,0,0,0,0,0,0.5,0.4,0,0,0,0,8.5,0,0.2,0.1,10.4,0,0.4,0,0,0.9,13.3,0,0,0,12.6,0,0,0,0,0,0,0,0,0.1,0,0.1,0,3.1,14.9,18.1,4.1,7.5,13.8,9.9,29,6.9,10.2,7.7,7.7,6.3,25.8,5.5,16.1,10.5,21.4,15.1,23.7,6,17.7,26.3,24.6,11.5,14.8,22.8,10,9.4,10.4,6.4,4.7,13.3,7.1,4.2,9.7,8.4,9.9,14.1,12.7,23.2,,,,,,,,,,,,,,,,,,,,,,,,,,,,,,,,,,,,,,,,,25.7,24,24.4,24,26.2,26.5,24.1,25.3,25.5,24.7,25.4,22.9,24.7,24.9,25.7,26.4,25.1,24.9,24.4,24.6,24,26.5,27.3,27.1,25.6,24.7,22.8,22.3,24.9,24.5,25.5,81,87,81,84,76,73,84,81,85,85,80,87,75,70,80,69,76,84,85,83,92,75,67,82,79,74,84,89,74,83,84,0.2,4.8,0,0.1,0,0,0.1,0,0.4,0.3,0.1,0.1,0,0,0,0,0,0,0.4,0.1,2.4,0.1,0,0.5,0.2,0,0.1,0.1,0,0,0,21.7,28.3,18.6,14.5,17.2,24.8,9.7,16.8,19.3,23.1,25.3,18.3,20.7,15.5,18.3,16.8,9.9,15.4,21.2,18.4,30.9,15.9,6,15.6,23,18.3,22.2,32.8,16.9,21.5,19.8,31,43.2,20.9,15.5,21.2,32.4,10.1,18.4,21.2,34.2,37.8,22,23.4,16.9,24.8,19.1,9,17.6,25.2,22.3,39.6,16.9,6.1,20.5,34.9,21.6,30.2,43.6,19.1,27,24.1,,,,,,22.2204,114.2127
2026-09-04T01:00,23.4,24.5,25.8,27.4,27.3,26.5,23.3,25.8,26,25,26.2,24.6,24.8,26.4,25.9,24.2,23.8,25.5,25.5,24.7,24.8,25.4,24,25.7,26.6,25.9,25,26.2,27.4,27.1,27.3,24.8,26.7,24,25.5,27.1,27.9,24.7,26,25,88,82,86,82,78,77,90,85,82,74,79,74,90,76,86,89,91,82,90,83,81,89,93,80,77,85,91,76,80,82,87,81,76,87,80,82,74,85,84,90,0,0,0,0,0,0,0.5,0.4,0,0,0,0,8.5,0,0.2,0.1,10.4,0,0.4,0,0,0.9,13.3,0,0,0,12.6,0,0,0,0,0,0,0,0,0.1,0,0.1,0,3.1,13.6,18.3,3.1,8.2,13.4,10.5,28.4,7.4,10.7,7.4,8.2,6,27.1,6.1,17.4,11.3,21.7,15.5,24.4,4.5,17.3,29.4,25,11.5,15.9,21.6,11.5,9.7,11.1,6.9,5.6,13.5,7.7,4.1,10.7,10.1,10.6,15.6,13.2,24,,,,,,,,,,,,,,,,,,,,,,,,,,,,,,,,,,,,,,,,,25.8,23.8,24.4,23.8,26.5,26.2,24,25.2,25.4,25,25.3,22.9,24.6,24.7,25.5,26.3,25,25,24.2,24.4,24,26,27.2,27.2,25.2,24.7,22.9,22.2,24.8,24.4,25.7,79,88,79,85,75,74,85,81,85,84,79,87,76,70,81,70,77,84,85,84,92,77,68,81,80,74,83,88,74,83,82,0.2,4.8,0,0.1,0,0,0.1,0,0.4,0.3,0.1,0.1,0,0,0,0,0,0,0.4,0.1,2.4,0.1,0,0.5,0.2,0,0.1,0.1,0,0,0,20.8,30.5,19.4,13.4,16.7,23.4,8.7,14.5,20.1,24.7,24.1,12.2,20.6,14.5,19.3,16.6,9.5,15.7,19.5,16.7,27.2,16.1,7.9,13.2,22.9,18.1,21.4,31,17.2,21.6,18.4,29.9,45,22.3,14,20.2,31,8.6,15.5,22.3,42.1,33.1,14.4,23.4,15.8,24.5,19.1,8.3,18,22.7,19.1,32.8,17.3,8.3,16.9,30.2,22.7,26.6,41,19.1,25.9,23,,,,,,22.2204,114.2127
2026-09-04T02:00,23.4,24.5,26.1,27.2,27.2,26.3,23.3,25.7,26,24.8,26.1,24.5,24.7,26.2,25.9,24,23.7,25.4,25.3,24.6,24.6,25.3,23.8,25.6,26.3,26,24.8,26.2,27.3,26.9,27.3,24.7,26.4,23.9,25.3,27,27.8,24.5,25.9,24.8,88,82,86,82,78,77,91,85,82,74,78,75,91,76,86,90,91,82,91,83,83,90,94,80,78,85,92,76,80,82,86,81,76,87,81,82,74,84,84,90,0,0,0,0,0,0,0.5,0.4,0,0,0,0,8.5,0,0.2,0.1,10.4,0,0.4,0,0,0.9,13.3,0,0,0,12.6,0,0,0,0,0,0,0,0,0.1,0,0.1,0,3.1,12.3,18.3,2.4,8.9,13.2,11.2,27.6,7.9,10.8,7.2,8.7,5.7,27.8,6.6,18.9,11.6,22.1,15.8,24.2,3.3,17.1,31.8,25.7,11.5,16.3,20.9,12.5,9.7,11.6,7.4,6.4,13.8,8.2,3.8,11.2,11.5,11.5,16.7,13.7,24.8,,,,,,,,,,,,,,,,,,,,,,,,,,,,,,,,,,,,,,,,,25.7,23.7,24.4,23.7,26.6,25.9,24.1,25.1,25.3,25.1,25.2,22.8,24.4,24.5,25.3,26.1,24.9,25,24.1,24.2,24,25.7,27,27.2,24.9,24.6,23.1,22.1,24.6,24.2,25.9,79,88,78,86,74,75,85,81,85,84,79,87,76,71,82,71,77,84,86,85,92,78,69,80,81,74,83,88,74,83,80,0.2,4.8,0,0.1,0,0,0.1,0,0.4,0.3,0.1,0.1,0,0,0,0,0,0,0.4,0.1,2.4,0.1,0,0.5,0.2,0,0.1,0.1,0,0,0,20.4,32.4,20,12.4,16.6,23.4,8.2,12.5,20.9,26.6,22.1,7.8,19.9,14.3,21.4,16.6,9.4,15.8,18.5,15.5,24.2,16.7,9.1,11.3,23,18,20.3,29.2,17.3,21.8,17.6,29.5,46.4,23.8,13,19.8,30.2,7.6,13,24.1,47.2,28.8,8.6,22.3,15.1,24.8,19.4,8.3,18,20.9,16.9,27.7,18.4,9.7,14.8,27,23,23,37.8,19.1,25.9,22.3,,,,,,22.2204,114.2127
2026-09-04T03:00,23.4,24.4,26.2,27,27.1,26.1,23.3,25.6,26.1,24.7,26,24.4,24.7,26,25.7,23.9,23.6,25.3,25.3,24.6,24.3,25.3,23.7,25.5,26.1,25.9,24.7,26.1,27.1,26.7,27.4,24.6,26.2,23.9,25.2,26.7,27.6,24.5,25.7,24.6,89,82,87,82,78,77,91,85,82,74,78,76,90,76,86,91,91,82,91,83,86,90,94,80,78,85,92,76,80,81,83,81,76,87,82,82,74,83,84,90,0.1,0,0,0,0,0,0.5,0,0.1,0,0,0,0.2,0,0.3,3.4,4.4,0.1,0.7,0,0.5,2.1,12.2,0,0,0.2,3,0,0,0,0,0,0,0,0.1,0,0,0.1,0,1,11,18.5,2.2,9.7,13.5,12.5,27.2,8.1,10.8,6.7,8.7,5.1,27.9,6.3,20.1,11.2,22.5,15.6,22.5,2.3,16.3,32.8,26.9,11.8,15.6,20.6,13,10,11.6,8.2,7.5,13.7,8.5,3.3,11.2,11.8,12.3,17.1,15.1,26.2,,,,,,,,,,,,,,,,,,,,,,,,,,,,,,,,,,,,,,,,,25.5,23.6,24.4,23.7,26.4,25.6,24.2,25.1,25.3,25.1,25.1,22.9,24.3,24.3,25.1,25.7,24.8,24.9,24,24,24,25.4,26.8,27.1,24.7,24.5,23.1,22.1,24.5,24,26,80,88,77,86,74,75,85,81,85,84,78,87,75,73,81,72,77,84,86,86,92,78,70,79,81,74,82,88,74,84,79,0.2,0.6,0,0.1,0,0,0,0,0.4,0.3,0,0.1,0,0,0,0,0,0.1,0.3,0.2,1.1,0.1,0,0.1,0.3,0,0,0.1,0,0.2,0,20.7,33.1,20,12.1,17.1,23.7,7.9,10.7,22.2,27.7,19.6,5.9,17.7,15.2,23.2,17.6,10,15.2,18.4,14.7,22.9,18.1,9.4,10.7,23,17.3,18.7,27.4,17.4,21.8,17.3,29.9,47.5,23.8,12.6,19.8,31.3,7.2,11.2,26.6,46.4,24.5,5.8,19.8,15.8,25.9,21.2,9,16.9,21.2,15.8,25.2,20.2,10.1,15.5,26.3,21.6,20.2,34.2,19.1,27.4,21.6,,,,,,22.2204,114.2127
2026-09-04T04:00,23.4,24.4,26.3,26.7,27,25.8,23.4,25.5,26.1,24.6,25.8,24.3,24.8,25.7,25.4,23.8,23.6,25.2,25.4,24.6,23.9,25.5,23.6,25.4,25.9,25.9,24.8,26.1,27,26.6,27.7,24.6,26,23.9,25.1,26.5,27.4,24.5,25.4,24.4,89,82,88,82,78,78,91,85,81,73,77,76,89,77,86,91,90,83,90,84,90,90,94,79,79,86,90,75,79,80,80,82,75,88,82,81,75,82,85,90,0.1,0,0,0,0,0,0.5,0,0.1,0,0,0,0.2,0,0.3,3.4,4.4,0.1,0.7,0,0.5,2.1,12.2,0,0,0.2,3,0,0,0,0,0,0,0,0.1,0,0,0.1,0,1,9.6,18.9,2.6,10,14.2,13.6,27.1,8.1,11,6.2,8.4,4.6,27.7,5.7,21.1,10.4,22.8,15.5,19.4,1.8,15,32.8,28.4,12,14.3,20.3,13.8,9.7,11.6,8.9,9,13.7,8.5,2.9,10.9,11.3,13,16.7,16.4,27.8,,,,,,,,,,,,,,,,,,,,,,,,,,,,,,,,,,,,,,,,,25.2,23.7,24.5,23.7,26.2,25.4,24.3,25,25.2,24.9,25.1,23,24.1,24.1,25,25.2,24.8,24.8,24,23.9,24,25.3,26.6,26.9,24.5,24.3,23.2,22.2,24.5,23.7,26,81,87,77,86,75,75,84,81,85,85,78,86,74,75,79,73,78,85,86,87,92,78,70,78,81,74,82,88,73,85,79,0.2,0.6,0,0.1,0,0,0,0,0.4,0.3,0,0.1,0,0,0,0,0,0.1,0.3,0.2,1.1,0.1,0,0.1,0.3,0,0,0.1,0,0.2,0,21.4,33.6,19.7,12.1,17.4,24.2,7.6,9.9,23.3,28.1,16.9,5.2,14.9,16.3,24.5,18.9,10.7,14.2,18.8,14.3,22.6,19.8,9.7,13.2,22.6,16.8,16.4,25.8,17.2,22.2,17.2,30.6,48.6,23.8,12.2,19.8,33.1,7.6,10.1,29.9,42.5,20.2,5,16.6,16.9,27.7,23.4,9.7,15.5,22.3,15.5,24.1,22.7,9.7,17.6,27.4,19.1,18,30.2,19.4,29.2,21.2,,,,,,22.2204,114.2127
2026-09-04T05:00,23.4,24.4,26.4,26.6,26.9,25.5,23.6,25.5,26.1,24.6,25.7,24.3,24.9,25.6,25,23.7,23.7,25.1,25.5,24.7,23.7,25.6,23.6,25.4,25.9,25.7,24.8,26.1,26.9,26.6,27.9,24.6,25.8,23.9,25,26.2,27.1,24.5,25.3,24.3,90,83,89,81,78,79,91,84,81,73,77,76,88,77,87,92,90,83,89,84,93,90,94,79,79,87,89,75,79,79,77,82,75,88,83,81,75,82,85,90,0.1,0,0,0,0,0,0.5,0,0.1,0,0,0,0.2,0,0.3,3.4,4.4,0.1,0.7,0,0.5,2.1,12.2,0,0,0.2,3,0,0,0,0,0,0,0,0.1,0,0,0.1,0,1,8.4,18.1,3.4,10.6,14.7,14.6,26.3,8.4,11.3,5.9,8.2,4.1,27.4,5.4,21.7,8.9,21.8,15,16.6,1.5,14.2,32.8,29,12,13,19.3,13.7,10,11.4,9.7,10.2,13.1,9,2.7,10.7,11.1,13.6,17,17.7,29.5,,,,,,,,,,,,,,,,,,,,,,,,,,,,,,,,,,,,,,,,,24.8,23.7,24.5,23.7,26,25.2,24.4,25,25.1,24.9,25.1,23.1,24.1,24,24.9,24.9,24.8,24.7,23.9,23.8,24,25.2,26.4,26.8,24.4,24.1,23.3,22.3,24.4,23.5,26,82,86,76,86,75,74,84,81,85,85,77,86,73,76,78,74,78,85,86,87,92,78,70,77,81,74,81,88,73,86,79,0.2,0.6,0,0.1,0,0,0,0,0.4,0.3,0,0.1,0,0,0,0,0,0.1,0.3,0.2,1.1,0.1,0,0.1,0.3,0,0,0.1,0,0.2,0,22.4,34.1,19.8,11.9,18,24.7,7.7,9,24.2,28.5,14.3,5.4,12.4,16.8,25.2,19.5,11,13.3,18.8,14.2,22.7,21.4,10,16.2,23,16.1,13.8,23.7,17.4,21.9,17.2,31.7,49.3,24.1,12.2,20.5,34.9,7.6,9,33.1,39.6,16.6,5,13.3,17.3,29.5,24.1,10.4,14.4,23,15.5,23.8,25.9,9.4,19.8,29.2,17.3,15.5,26.3,19.8,29.9,20.9,,,,,,22.2204,114.2127
2026-09-04T06:00,23.4,24.1,26.8,26.6,27,25.1,23.8,25.7,25.9,24.8,25.8,24.6,25,25.8,24.5,23.8,24.1,25.2,25.3,24.8,24.3,25.5,23.8,25.1,26,25.1,24.4,25.9,26.5,26.8,27.6,24.6,25.7,23.8,25.1,26.1,27,24.2,25.3,24.3,91,85,88,82,79,81,90,83,81,73,78,75,87,77,92,93,89,83,91,84,90,89,94,80,80,90,90,77,81,79,80,82,75,89,84,83,75,85,87,89,0,0.2,0.1,0,0,0.4,0.1,0,0,0,0,0,0,0,4.2,1.1,0.3,0,0.8,0,0.6,2.7,4.8,0,0,3.5,1.4,0,0,0,0,0,0,0,0,0,0,1.8,0,0.5,7.6,10.5,5,10.2,13.3,11.7,24.7,8.4,12,6.1,7.7,4.1,29.1,5,18.7,4.3,15.5,15.1,13.9,1.5,13.8,32.5,28.2,11,10.5,15.6,12.5,9.7,11.1,10.1,9.8,10.3,10.2,3.3,10.4,11.3,12.4,19.7,16.4,29.6,,,,,,,,,,,,,,,,,,,,,,,,,,,,,,,,,,,,,,,,,24.5,23.8,24.6,23.7,25.9,25.1,24.6,25,25.1,25.1,25.2,23.3,24,24,25,24.8,24.8,24.7,23.7,23.8,24.1,25.1,26.4,26.8,24.3,24,23.4,22.4,24.3,23.4,25.8,83,86,76,86,75,74,84,81,84,84,76,86,72,76,77,74,77,85,86,87,92,79,69,76,82,75,80,87,73,86,79,0.5,0.7,0,0.1,0,0,0,0,0.4,0.3,0,0,0,0,0,0,0,0.2,0.3,0.3,0.4,0.2,0,0,0.3,0,0,0,0,0.1,0,23.2,35.1,20.8,12,18.1,25.5,7.3,8.2,24.8,28.6,12.4,5.9,10.5,15.9,25.3,17.8,10.8,13.1,18.8,14.2,22.7,22.9,10,16,23.8,15.5,10.7,20.8,18.2,21.3,17.1,33.8,50.4,26.3,12.2,21.2,36.7,7.6,7.9,36,39.6,13.7,5.4,10.8,16.2,30.6,21.6,10.1,14,22.7,15.5,23.4,30.2,9.4,21.6,32.8,16.2,12.6,22.3,20.5,28.1,20.5,,,,,,22.2204,114.2127
2026-09-04T07:00,23.5,24.1,27,26.7,27.1,24.9,23.9,25.8,26,25,25.8,24.8,25.1,25.9,24.2,23.8,24.2,25.2,25.4,25,24.3,25.5,23.8,25.2,26,24.9,24.3,26,26.4,27,27.7,24.6,25.6,23.9,25.2,26,26.9,24.2,25.2,24.3,92,86,88,81,79,82,89,82,81,73,77,75,86,76,93,94,89,83,91,84,91,89,93,80,80,91,90,76,81,77,78,82,75,89,84,82,76,85,87,89,0,0.2,0.1,0,0,0.4,0.1,0,0,0,0,0,0,0,4.2,1.1,0.3,0,0.8,0,0.6,2.7,4.8,0,0,3.5,1.4,0,0,0,0,0,0,0,0,0,0,1.8,0,0.5,6.6,8.5,5.4,10.3,13.6,12.2,23.3,8.7,12.2,5.6,7.1,3.8,28.7,4.5,18.7,2.6,13.4,14.8,11.1,1.3,13.3,32.2,27.7,10.7,8.9,14.8,12.3,9.7,11.5,11,11.1,9.5,11,3.3,10.2,11.1,13,19.7,16.9,31,,,,,,,,,,,,,,,,,,,,,,,,,,,,,,,,,,,,,,,,,24.2,23.9,24.7,23.8,26,25.2,24.7,25.1,25.1,25.5,25.3,23.5,24,23.9,25.2,24.9,24.8,24.7,23.6,23.9,24.2,25.1,26.4,26.9,24.4,23.9,23.5,22.5,24.3,23.3,25.6,85,86,75,85,74,73,83,81,84,82,76,85,72,75,77,73,76,84,86,87,92,80,68,75,82,75,79,86,73,86,79,0.5,0.7,0,0.1,0,0,0,0,0.4,0.3,0,0,0,0,0,0,0,0.2,0.3,0.3,0.4,0.2,0,0,0.3,0,0,0,0,0.1,0,24.3,36,21.7,12.3,18.3,26.5,7.4,7.8,25.3,27.9,11,6.6,8.9,14,24.7,15.3,10.2,13,18.7,14.5,22.5,23.7,9.8,15.3,25.3,15,8.6,17.6,19.2,20.1,16.9,36,51.1,29.2,12.2,22.3,38.2,7.2,6.8,38.5,41,11.9,6.1,8.3,14.4,31.7,17.6,9.7,14,22,15.5,23.8,34.9,9,23,37.1,15.8,9.7,18.7,21.2,24.8,20.2,,,,,,22.2204,114.2127
2026-09-04T08:00,23.6,24.2,27.3,26.9,27.4,24.7,24.1,26,26.3,25.3,25.9,25.1,25.2,26.1,24,23.9,24.4,25.1,25.5,25.3,24.4,25.6,23.9,25.5,26.1,24.8,24.3,26.4,26.6,27.4,27.8,24.7,25.5,24.2,25.5,26,26.8,24.2,25.1,24.3,92,86,87,79,78,83,89,81,80,72,77,74,86,75,94,94,88,84,91,83,92,89,93,79,80,92,89,75,80,75,77,82,75,88,83,82,76,85,88,89,0,0.2,0.1,0,0,0.4,0.1,0,0,0,0,0,0,0,4.2,1.1,0.3,0,0.8,0,0.6,2.7,4.8,0,0,3.5,1.4,0,0,0,0,0,0,0,0,0,0,1.8,0,0.5,5.4,6.8,5.8,10.8,14.2,12.7,21.4,8.9,12.9,4.8,7.4,3.3,27.9,4.2,19.3,1.3,11.4,14.5,8.9,1.6,12.5,32.5,26.4,10.9,8.2,14.4,12.3,10,11.9,11.8,12.4,9,11.5,3.3,10.3,11,13.3,18.9,17.4,32.2,,,,,,,,,,,,,,,,,,,,,,,,,,,,,,,,,,,,,,,,,24,24,24.8,23.9,26.1,25.4,25.1,25.3,25.2,25.9,25.4,23.7,24.2,24.1,25.4,25,25,24.8,23.6,24,24.3,25.2,26.6,27,24.4,23.8,23.6,22.7,24.5,23.3,25.7,86,85,75,85,74,72,82,80,83,80,75,85,71,74,76,72,75,83,86,86,92,80,67,74,83,76,78,84,72,86,78,0.5,0.7,0,0.1,0,0,0,0,0.4,0.3,0,0,0,0,0,0,0,0.2,0.3,0.3,0.4,0.2,0,0,0.3,0,0,0,0,0.1,0,24.6,36.3,22.4,11.9,18.9,27.3,7.4,7.1,26,27.2,9.9,7.1,7.3,12.3,23.8,13.5,9.3,13.1,18.5,14.7,21.7,24.7,9,15.5,26.1,14.7,7.9,14.4,19.8,19.2,17.4,37.8,50.8,31.7,11.9,23.8,39.2,7.2,6.5,40.3,41,10.1,6.8,6.5,12.6,32,14.8,9,14.4,21.2,15.8,23.4,38.2,8.6,24.1,40,15.5,7.6,15.1,22,22.3,20.5,,,,,,22.2204,114.2127
2026-09-04T09:00,23.7,24.4,27.7,27.5,28,24.6,24.2,26.3,26.8,25.8,26.2,25.7,25.2,26.7,24.1,24.1,24.6,25.1,25.6,25.8,24.6,25.6,24.1,26.2,26.2,24.8,24.2,27.1,27,28.1,27.8,24.9,25.6,24.7,26.1,26.3,26.8,24.3,25.1,24.3,92,85,85,76,76,83,89,80,78,71,76,72,87,73,94,94,87,85,91,81,92,90,92,77,80,92,89,73,78,72,76,82,75,86,81,81,76,85,88,89,0,0,0.1,0,0,1.1,0.1,0,0,0,0,0,15.4,0,10.8,0.1,0,1.8,0.1,0,0,0.7,0.1,0,0,2.2,4.4,0,0,0,0,0,0,0,0,0,0.3,0,0,11.6,4.1,5.7,6.2,11.5,15.1,13.8,18.4,9.4,13.9,3.8,7.9,2.8,27.1,4.2,20.8,0.8,9.8,14,7.1,2.2,11.7,32.9,23.3,11.1,7.7,13.7,12.3,11.1,13.2,12.7,13.8,8.7,12.3,3.3,10.8,10.5,13.9,16.9,17.4,33.2,,,,,,,,,,,,,,,,,,,,,,,,,,,,,,,,,,,,,,,,,24,24.4,25,24,26.4,26.2,25.7,25.8,25.4,26.4,25.5,23.9,24.8,24.5,25.6,25.2,25.6,25.3,23.7,24.1,24.3,25.3,27.1,27.2,24.3,23.9,23.7,23.2,25.3,23.4,26.3,86,83,74,84,73,69,80,79,82,78,75,84,69,72,75,71,73,80,85,85,92,79,65,72,84,76,77,81,69,85,75,0.3,0.1,0,0,0,0,0,0,1,0,0,0,0,0,0,0,0,0.2,0,0.1,0.1,0.1,0,0,0.5,0,0,0,0,0.1,0,24.5,35.3,22.8,10.8,19.9,27.7,7.3,7.2,26.7,26,9.1,7,6.5,10.6,23.2,13.4,8.2,12.9,18.2,14.8,20.5,25.2,7.6,15.8,25.7,14.5,7.1,11.8,19.5,17.9,18.1,37.8,48.2,33.5,10.8,25.6,38.9,6.8,6.8,40.3,38.9,9,6.8,5.8,10.8,31.3,14.4,8.6,14.8,20.9,16.2,22.3,39.2,7.6,24.8,38.9,15.1,6.5,12.2,22.7,20.5,22,,,,,,22.2204,114.2127
2026-09-04T10:00,23.9,24.7,28.2,28.5,28.9,24.6,24.4,26.8,27.5,26.6,26.6,26.5,25.2,27.6,24.3,24.4,24.8,25.1,25.7,26.5,24.8,25.7,24.2,27.2,26.4,24.9,24.2,28.1,27.7,29.2,27.9,25.2,25.8,25.4,27.1,26.8,26.8,24.5,25.1,24.5,92,84,83,72,73,83,89,78,75,69,76,69,88,70,94,93,87,86,92,79,92,91,92,74,79,92,88,69,75,67,76,81,75,83,78,80,76,85,89,90,0,0,0.1,0,0,1.1,0.1,0,0,0,0,0,15.4,0,10.8,0.1,0,1.8,0.1,0,0,0.7,0.1,0,0,2.2,4.4,0,0,0,0,0,0,0,0,0,0.3,0,0,11.6,3.1,4.8,6.8,13.1,16.9,15.1,14.7,10.5,15.2,2.3,8.7,2.4,26.5,4.3,23.1,1.1,7.9,13.2,5.7,3.4,11.2,33.2,18.5,12.5,7.9,12.4,12.5,13,15.2,13.9,15.5,9,13.6,3.1,11.8,10,14.5,13.9,17.9,35,,,,,,,,,,,,,,,,,,,,,,,,,,,,,,,,,,,,,,,,,24,24.8,25.2,24.2,26.7,27.1,26.4,26.4,25.6,26.8,25.6,24.2,25.7,25,25.9,25.5,26.5,25.9,24,24.3,24.3,25.5,27.8,27.5,24.2,24.1,23.9,23.8,26.5,23.6,27.1,86,81,73,84,73,66,76,77,82,76,75,83,67,69,73,71,71,77,83,85,91,78,63,70,84,76,77,78,66,85,71,0.3,0.1,0,0,0,0,0,0,1,0,0,0,0,0,0,0,0,0.2,0,0.1,0.1,0.1,0,0,0.5,0,0,0,0,0.1,0,24,33.5,22.8,9.1,20.5,28.3,6.5,7.9,27.6,24.3,8.8,7,6,9,22.3,14.1,7.2,13.2,17.6,15.2,18.6,25.3,6.3,16,24.9,14.2,6,9.7,19,16.6,18.4,37.1,45,34.9,9.4,27.7,37.8,6.8,7.9,39.2,35.6,8.3,6.8,5.8,9,29.9,15.1,8.3,15.8,20.9,16.6,20.5,38.9,5.8,25.2,36,15.1,5.8,9.4,23,19.4,23.8,,,,,,22.2204,114.2127
2026-09-04T11:00,24.1,25.2,28.8,29.6,29.9,24.7,24.5,27.3,28.4,27.4,27.1,27.5,25.2,28.6,24.5,24.7,25.1,25.1,25.8,27.2,25.2,25.7,24.4,28.4,26.7,25,24.2,29.3,28.5,30.4,27.9,25.6,26,26.2,28.1,27.3,26.9,24.7,25.2,24.6,91,83,80,68,69,83,89,76,72,67,75,66,90,66,94,92,86,88,92,76,92,92,91,70,79,91,88,66,72,63,76,80,76,80,75,78,77,85,89,90,0,0,0.1,0,0,1.1,0.1,0,0,0,0,0,15.4,0,10.8,0.1,0,1.8,0.1,0,0,0.7,0.1,0,0,2.2,4.4,0,0,0,0,0,0,0,0,0,0.3,0,0,11.6,2.3,4.3,7.4,15.1,18.9,16.8,10.5,12.2,16.9,0.5,9.5,2.3,26.3,4.7,25.3,1.4,6.6,12.7,4.7,5,10.9,33.8,13.4,14.4,7.9,10.8,13,15.5,18.1,15.5,16.9,9.2,14.6,3.1,13.6,9.4,15.1,10.1,17.7,36.6,,,,,,,,,,,,,,,,,,,,,,,,,,,,,,,,,,,,,,,,,24.1,25.2,25.4,24.4,26.9,27.9,27.1,26.9,25.9,27.1,25.7,24.5,26.4,25.5,26.2,25.8,27.1,26.5,24.2,24.5,24.3,25.6,28.3,27.8,24.1,24.3,24.1,24.4,27.6,23.8,27.9,86,79,73,83,73,64,74,75,81,75,75,82,65,67,72,70,70,74,82,84,90,78,61,69,85,76,76,76,63,84,68,0.3,0.1,0,0,0,0,0,0,1,0,0,0,0,0,0,0,0,0.2,0,0.1,0.1,0.1,0,0,0.5,0,0,0,0,0.1,0,23.7,32.4,22.5,7.9,21.6,28.6,5.8,8.7,28.1,23.5,8.6,7.1,5,7.7,21.3,14.6,6.4,12.9,17.3,15.3,17.3,25.3,5.1,15.3,24.3,13.9,5.5,7.7,17.8,15.8,18.6,36.4,42.5,35.6,8.3,29.5,36.7,6.5,9,38.5,33.1,7.9,6.8,5.8,7.9,28.1,15.8,7.9,16.2,20.5,16.9,19.4,38.2,4.7,24.5,34.6,15.1,5.4,7.6,23,18.7,25.2,,,,,,22.2204,114.2127
2026-09-04T12:00,24.4,25.6,29.3,30.6,30.9,24.8,24.6,27.8,29.2,28.2,27.6,28.4,25.1,29.5,24.9,25,25.3,25.1,25.9,27.9,25.5,25.8,24.7,29.6,26.9,25.2,24.2,30.4,29.2,31.5,27.9,25.9,26.2,27,29.1,27.9,27,25,25.2,24.8,91,82,77,64,65,83,90,75,69,65,74,63,92,63,94,91,86,90,92,74,91,93,90,67,78,90,88,62,68,58,76,79,76,77,72,77,77,84,89,91,0,0,0.1,0,0,1.1,0.1,0,0,0,0,0,15.4,0,10.8,0.1,0,1.8,0.1,0,0,0.7,0.1,0,0,2.2,4.4,0,0,0,0,0,0,0,0,0,0.3,0,0,11.6,1.5,3.6,8.2,17.5,21.1,18.5,6.4,13.8,18.3,1,10.3,1.8,26.6,4.7,27.8,1.8,5.5,11.9,4.7,6.2,10.1,34.5,8.3,16.3,8.2,9.4,13,18.1,20.9,16.6,18.4,9.6,15.6,2.8,15.2,9,15.6,6.3,17.7,37.7,,,,,,,,,,,,,,,,,,,,,,,,,,,,,,,,,,,,,,,,,24.2,25.4,25.3,24.4,26.6,28.2,27.5,27.3,26.4,27.3,25.8,24.8,26.9,25.9,26.9,26.2,27.4,27.1,24.5,24.6,24.6,25.4,28.5,28.3,24,24.5,24.4,24.9,28.6,24,28.6,85,79,73,83,75,63,73,74,79,76,75,81,64,65,70,68,70,72,80,83,88,79,61,69,85,75,76,74,61,83,67,0.1,0.2,0,0.1,0.1,0,0.1,0,0.5,0.1,0,0.1,0,0,0,0,0,0,0,0.1,0,0.2,0,0,2.2,0,0,0,0,0.1,0,23.6,33.3,22.4,7.3,22.7,28.9,4.4,9.1,28.8,23.8,8.9,7.4,3.1,7.4,19.2,14.2,4.3,12.5,16.9,15.2,16.6,24.9,3.8,14.2,25,13.5,5.5,5.6,16.4,16.1,18.4,36.7,42.5,35.6,7.9,30.6,36,6.1,9.7,39.2,32.4,8.3,7.2,6.1,7.9,25.6,15.5,6.8,16.2,20.2,16.6,19.1,37.4,4.3,22.7,36.4,14.8,5,6.8,22.3,19.1,25.9,,,,,,22.2204,114.2127
2026-09-04T13:00,24.6,25.9,29.6,31.4,31.7,24.9,24.8,28.2,29.8,28.8,28.1,29.1,25.2,30.3,25.2,25.3,25.5,25.1,26.1,28.5,25.8,25.8,24.9,30.5,27.1,25.4,24.2,31.3,29.9,32.5,27.9,26.2,26.4,27.6,29.9,28.3,27.1,25.2,25.3,24.9,90,81,75,61,63,84,90,74,67,63,73,61,93,60,93,91,85,91,92,72,90,94,90,64,78,89,89,59,66,55,77,79,76,74,69,76,77,84,89,91,0,0,0.1,0,0,1.1,0.1,0,0,0,0,0,15.4,0,10.8,0.1,0,1.8,0.1,0,0,0.7,0.1,0,0,2.2,4.4,0,0,0,0,0,0,0,0,0,0.3,0,0,11.6,1.5,3.2,9.2,19.4,22.8,19.6,2.3,14.8,18.9,2.5,10.9,1.9,26.9,5,28.8,2.6,4.6,11.1,5.4,7.2,9.8,35.3,4.6,18,8.5,7.6,13,20.2,23,17.3,19.4,9.8,16.1,2.8,16.6,8.3,15.9,3.1,17.1,38.4,,,,,,,,,,,,,,,,,,,,,,,,,,,,,,,,,,,,,,,,,24.4,25.5,25.2,24.4,26.2,28.2,27.8,27.7,26.9,27.3,25.9,25.1,27.3,26.3,27.7,26.7,27.6,27.8,24.7,24.8,25.1,25.2,28.5,28.9,24,24.8,24.7,25.3,29.7,24.2,29.3,84,81,74,83,78,64,72,73,77,78,74,80,64,64,68,66,70,71,79,83,86,81,62,69,85,75,75,73,60,82,68,0.1,0.2,0,0.1,0.1,0,0.1,0,0.5,0.1,0,0.1,0,0,0,0,0,0,0,0.1,0,0.2,0,0,2.2,0,0,0,0,0.1,0,23.2,35,22.3,7.4,24.1,29.3,3.1,9.7,29,25.3,9.5,8.2,3.2,7.3,17.1,13.8,2.1,11.5,16.9,15.1,16.5,24.6,3.4,12.6,25.9,13,6.2,3.9,15.3,16.6,18.1,37.1,43.6,34.6,7.9,31,35.3,5.4,10.1,40,32.8,9.4,7.9,6.5,8.6,23,14.8,5.8,16.2,19.8,16.2,19.4,36.7,4.7,19.8,39.6,14.4,4.7,6.8,20.9,19.8,26.6,,,,,,22.2204,114.2127
2026-09-04T14:00,24.8,26.2,29.8,31.8,32.1,24.9,25,28.5,30.1,29.2,28.4,29.4,25.3,30.8,25.4,25.5,25.7,25.1,26.2,28.8,26,25.9,25.1,31,27.2,25.5,24.2,31.9,30.3,32.9,27.9,26.4,26.5,28.1,30.4,28.6,27.2,25.4,25.3,25.1,90,80,74,59,61,84,90,73,66,63,73,60,94,59,93,90,85,92,92,71,90,94,89,63,78,89,89,57,64,53,77,79,77,73,68,76,77,84,89,91,0,0,0.1,0,0,1.1,0.1,0,0,0,0,0,15.4,0,10.8,0.1,0,1.8,0.1,0,0,0.7,0.1,0,0,2.2,4.4,0,0,0,0,0,0,0,0,0,0.3,0,0,11.6,1.9,2.6,9.4,20.5,23.5,19.4,0.8,15.1,18.9,3.6,11.2,1.8,26.7,5,27.8,3.1,4.4,10,6,7.7,9.2,35.6,4.7,18.5,8.5,6,12.2,21.3,23.8,16.9,19.4,9.5,16.1,2.8,16.9,8,15.9,1.1,16.3,37.8,,,,,,,,,,,,,,,,,,,,,,,,,,,,,,,,,,,,,,,,,24.5,25.6,25.2,24.5,25.9,28.1,27.9,28,27.2,27.3,26,25.4,27.5,26.6,28.2,27,27.6,28.3,24.9,25,25.4,25,28.5,29.2,24,25,25,25.6,30.4,24.4,29.7,83,82,74,83,80,65,72,72,75,79,74,80,65,63,67,65,71,70,78,82,85,83,63,69,85,74,75,73,60,82,69,0.1,0.2,0,0.1,0.1,0,0.1,0,0.5,0.1,0,0.1,0,0,0,0,0,0,0,0.1,0,0.2,0,0,2.2,0,0,0,0,0.1,0,23.2,35.5,21.6,7.8,24.5,29.2,2.1,9.5,29.2,26.6,10,9,4.8,7.4,15.3,13.2,1.3,11.2,16.5,15,16.2,24.2,4.7,10.8,26.7,12.6,6.7,2.9,13.8,17.1,18.1,37.1,43.6,32.8,7.9,31,34.6,5,10.1,40.7,33.1,10.1,9,7.2,9,21.2,14.4,5.8,16.2,19.4,16.2,19.1,35.6,5,17.3,41.4,14,5,6.8,19.4,20.5,26.3,,,,,,22.2204,114.2127
2026-09-04T15:00,24.9,26.3,29.6,31.6,32.1,24.9,25.2,28.5,30.1,29.2,28.5,29.4,25.5,30.8,25.5,25.7,25.8,25.1,26.4,28.8,26.1,25.9,25.2,31.1,27.1,25.6,24.2,32,30.4,32.9,27.9,26.4,26.4,28.3,30.4,28.6,27.3,25.5,25.4,25.2,90,80,74,60,61,85,90,73,66,64,73,61,94,59,93,90,85,93,91,72,90,94,88,63,79,89,90,57,64,53,78,80,78,73,69,77,77,84,89,91,0,0,0,0,0,0.2,0,0,0,0,0,0,7.4,0,1.4,0.1,0,0.4,0.1,0,0,3.5,0,0,0,0,6.6,0,0,0,0.3,0,0,0,0,0,0,0,0,0.4,2.3,2.2,9.2,20.5,23.1,18.1,3.1,14.4,17.9,4.1,11,1.8,25.9,4.7,24.7,3.9,4.2,8.7,6.8,7.5,8.9,35.9,5.9,17.4,8.2,4.5,11.2,21.3,23.1,15.5,18.4,8.7,15.3,2.5,15.8,7.4,15.3,1.5,15,35.7,,,,,,,,,,,,,,,,,,,,,,,,,,,,,,,,,,,,,,,,,24.5,25.5,25.3,24.6,25.7,27.5,27.9,28.2,27.2,27.4,26.1,25.5,27.5,26.8,28.3,26.9,27.7,28.5,25,25.2,25.5,24.8,28.5,29.2,24.2,25.2,25.2,25.7,30.7,24.6,29.7,83,83,74,83,81,67,73,71,75,79,74,81,66,63,68,65,72,71,78,81,84,84,64,70,85,73,75,73,61,82,70,0.2,0.4,0,0,0.6,0,0.2,0,0.2,0.1,0,0.4,0,0,0,0,0.1,0.1,0,0,0,0.9,0,0.1,1.7,0,0,0,0,0.1,0.2,23.2,33.9,19.7,8.3,23.8,28.4,1.1,8.9,28.5,25.9,10.2,10.2,5.6,6.8,15.5,13.5,2.3,11.2,16.1,15.8,15.9,24.3,6,7.4,26.6,12.1,7.8,3.4,11.2,17.7,16.9,36,42.5,29.2,8.3,30.2,34.2,4.7,9.7,40.3,32.4,10.4,10.4,8.3,9,22,15.5,6.8,16.6,19.1,16.9,18.4,34.2,5.8,14.8,40.7,13.7,6.1,7.2,17.3,21.2,24.8,,,,,,22.2204,114.2127
2026-09-04T16:00,25.1,26.3,29.3,31.1,31.9,24.9,25.4,28.5,29.8,28.9,28.6,29,25.8,30.6,25.6,25.9,25.9,25,26.6,28.6,26.2,26,25.4,30.8,27,25.7,24.2,31.7,30.3,32.4,27.8,26.3,26.2,28.3,30.2,28.4,27.4,25.6,25.4,25.3,91,80,76,62,62,86,90,74,68,66,73,64,93,61,93,89,85,93,90,74,90,93,88,65,80,89,92,57,64,56,79,81,78,73,71,79,77,84,89,90,0,0,0,0,0,0.2,0,0,0,0,0,0,7.4,0,1.4,0.1,0,0.4,0.1,0,0,3.5,0,0,0,0,6.6,0,0,0,0.3,0,0,0,0,0,0,0,0,0.4,3,1.8,9,19.5,21.8,16.5,5,12.6,15.4,4.3,10,2.3,25.4,4.3,19.4,4.8,4.3,7.7,7.6,6.8,8.7,35.9,7,15,7.4,2.2,9.4,20.2,21.2,13,16.6,7.7,14.1,2.3,14,7.4,14.3,2.6,12.9,32.5,,,,,,,,,,,,,,,,,,,,,,,,,,,,,,,,,,,,,,,,,24.3,25.3,25.6,24.7,25.7,26.8,27.8,28.5,27.1,27.5,26.4,25.5,27.4,27,28.1,26.7,27.6,28.6,24.9,25.4,25.4,24.7,28.5,29.1,24.3,25.4,25.4,25.6,30.6,24.6,29.5,84,84,73,82,81,69,74,71,76,78,73,83,68,63,69,67,74,72,79,80,84,86,64,71,84,73,75,74,62,82,70,0.2,0.4,0,0,0.6,0,0.2,0,0.2,0.1,0,0.4,0,0,0,0,0.1,0.1,0,0,0,0.9,0,0.1,1.7,0,0,0,0,0.1,0.2,23.3,31.4,17.7,9.1,22.7,26.8,1.3,7.9,27,24.7,10.2,11.8,6.4,7,17.1,14.1,4.5,11.8,15.3,16.6,15.5,24.5,7.2,6.6,26.1,12.1,8.8,4.7,8.4,18.6,15.8,34.6,40.3,24.1,9,28.8,33.5,4.7,9,39.6,31.7,10.8,12.2,10.1,8.6,24.1,16.9,9.4,16.6,18.4,18,17.3,33.1,6.8,12.6,38.9,13.7,7.9,7.9,14.8,22,22.3,,,,,,22.2204,114.2127
2026-09-04T17:00,25.2,26.3,28.8,30.4,31.4,24.9,25.6,28.3,29.4,28.4,28.7,28.4,26.1,30.2,25.7,26,26,25,26.8,28.2,26.2,26,25.6,30.3,26.8,25.8,24.2,31.3,30.1,31.8,27.7,26.1,26,28.2,29.7,28.2,27.4,25.7,25.5,25.4,92,81,78,65,64,88,89,75,70,68,73,68,93,63,93,89,85,93,89,77,90,91,87,67,81,89,94,58,65,59,80,83,79,74,73,81,77,85,89,89,0,0,0,0,0,0.2,0,0,0,0,0,0,7.4,0,1.4,0.1,0,0.4,0.1,0,0,3.5,0,0,0,0,6.6,0,0,0,0.3,0,0,0,0,0,0,0,0,0.4,3.1,1.8,8.7,17.7,19.8,13.8,6.5,10.1,12.6,4.6,8.9,2.5,25.5,3.7,13,5.6,4.7,6.6,9,6,8.3,35.7,7.2,12.3,6.9,1.1,7.8,18.8,18.4,9.7,14.6,6.4,12.2,2.4,11.2,7.4,13.1,3.2,10.8,28.7,,,,,,,,,,,,,,,,,,,,,,,,,,,,,,,,,,,,,,,,,24.3,25.1,25.9,24.8,25.7,26.3,27.7,28.6,27,27.6,26.5,25.5,27.4,27.1,28,26.5,27.6,28.6,24.9,25.6,25.4,24.8,28.5,28.9,24.5,25.5,25.6,25.6,30.4,24.7,29.3,84,84,72,82,81,71,75,71,77,77,73,84,69,64,70,68,76,73,80,79,84,86,65,72,84,73,75,75,64,83,71,0.2,0.4,0,0,0.6,0,0.2,0,0.2,0.1,0,0.4,0,0,0,0,0.1,0.1,0,0,0,0.9,0,0.1,1.7,0,0,0,0,0.1,0.2,23.1,28.5,15.6,9.2,21.6,25.6,2,6.2,25.9,24.6,10.4,12.7,7,7,17.2,14.6,8.5,11.8,14.8,16.5,14,24.9,7.9,8,25.2,12.1,10,5.4,6.4,18.8,15.3,33.8,36.7,20.5,9.7,27.7,33.1,5.4,9,38.9,32.4,11.2,13.7,11.2,8.3,23.8,18,13.7,16.6,18,18,15.5,32.4,7.9,11.2,36,13.3,9.7,8.3,13,22.3,21.6,,,,,,22.2204,114.2127
2026-09-04T18:00,25.3,26.3,28.3,29.6,30.8,24.9,25.8,28.1,28.9,27.9,28.6,27.8,26.4,29.7,25.8,26.2,26,25,27,27.8,26.2,26,25.7,29.7,26.6,25.9,24.3,30.7,29.8,31,27.7,25.9,25.8,28,29.2,27.8,27.5,25.8,25.5,25.5,92,81,81,69,66,89,89,76,72,71,73,72,91,66,93,89,85,93,87,80,90,90,87,70,82,90,95,59,66,63,81,85,80,76,76,83,77,85,89,88,0,0,0,0,0,0.2,0,0,0,0,0,0,7.4,0,1.4,0.1,0,0.4,0.1,0,0,3.5,0,0,0,0,6.6,0,0,0,0.3,0,0,0,0,0,0,0,0,0.4,3.5,2.9,8.2,16.1,17.8,11.1,7.6,8,9.8,4.6,7.6,2.9,26.4,3.4,6.9,6.6,4.8,5.9,9.7,5.2,8.5,35.4,7.2,9.4,6.1,2.3,6,17.1,15.6,6.5,12.2,5.1,10.2,2.3,8.8,7.4,11.9,3.9,8.2,25.2,,,,,,,,,,,,,,,,,,,,,,,,,,,,,,,,,,,,,,,,,24.5,24.9,26.1,24.9,25.8,26.3,27.6,28.6,27,27.5,26.5,25.6,27.5,27.1,28,26.3,27.5,28.6,25,25.6,25.3,25.1,28.4,28.9,24.5,25.4,25.7,25.5,30.1,24.7,29.2,84,84,72,81,80,71,75,72,77,78,73,84,69,65,69,69,78,74,80,79,84,84,66,73,84,74,75,76,66,84,71,0.3,0,0,0,0.2,0,0.3,0,0,0.2,0,0.7,0,0,0,0,0.3,0.3,0,0,0,0.3,0,0.3,0.6,0,0,0,0.3,0.1,0,23.4,24.2,14,9,21.6,24.5,3.6,3.9,24.5,26.4,10.2,12.6,7.6,5.6,13.6,14.1,16.1,11.3,14.9,14.8,11,25.2,8.5,6.7,23.5,12,11,5.3,6.1,18.4,15.8,34.9,31,18.7,9.4,27.7,32.4,6.8,9.7,38.5,36.4,11.5,15.1,11.9,8.3,18.7,17.6,22.3,15.8,18,16.2,12.2,33.5,8.6,11.5,32,13,11.5,7.9,12.2,21.6,23.8,,,,,,22.2204,114.2127
2026-09-04T19:00,25.4,26.2,27.8,28.8,30.3,24.9,26.1,27.8,28.4,27.5,28.6,27.2,26.7,29.3,25.9,26.3,26.1,25,27.2,27.3,26.1,26.1,25.9,29.1,26.5,26,24.4,30.2,29.5,30.2,27.6,25.7,25.6,27.8,28.7,27.5,27.6,25.9,25.6,25.6,93,82,83,72,68,91,89,78,73,74,73,75,91,69,93,88,85,93,86,83,91,89,86,73,83,90,97,61,67,65,82,86,81,77,79,85,77,85,89,88,0,0,0,0,0,0.2,0,0,0,0,0,0,7.4,0,1.4,0.1,0,0.4,0.1,0,0,3.5,0,0,0,0,6.6,0,0,0,0.3,0,0,0,0,0,0,0,0,0.4,3.7,3.7,7.9,14.4,16.1,8.2,8.6,6,7.8,4.4,6.6,3,27.9,2.8,2.9,7.1,5,5.4,10.9,4.3,8.7,34.9,7.2,7.1,5.4,4.1,4.4,15.5,13.2,4,10.5,3.9,8.7,2.5,6.8,7.8,10.7,4.1,6.1,21.7,,,,,,,,,,,,,,,,,,,,,,,,,,,,,,,,,,,,,,,,,24.7,24.8,26.3,25.1,26.1,26.5,27.6,28.4,27.1,27.5,26.4,25.7,27.7,27.1,28,26.1,27.5,28.5,25.1,25.7,25.2,25.7,28.3,28.9,24.4,25.1,25.8,25.4,29.7,24.6,29.2,83,83,71,80,79,69,76,74,77,79,73,84,69,65,68,69,81,74,80,79,84,82,67,74,85,76,76,76,69,84,71,0.3,0,0,0,0.2,0,0.3,0,0,0.2,0,0.7,0,0,0,0,0.3,0.3,0,0,0,0.3,0,0.3,0.6,0,0,0,0.3,0.1,0,23.4,19.3,12.1,8.7,21.7,24.1,6.7,4.3,23.1,29.8,10.4,12.8,7.9,4,7.9,13.7,26.3,11.2,15.4,12.4,7.3,25.1,9.1,5.2,21.8,11.6,12.2,5.5,7,17.7,17.7,37.1,23.4,18,8.6,28.1,31.7,9,11.2,38.2,42.1,11.5,16.2,12.2,8.3,11.9,16.2,33.5,14.4,18.4,13.3,8.3,34.9,9.4,12.6,27.7,13,13.3,6.8,12.6,20.5,27,,,,,,22.2204,114.2127
2026-09-04T20:00,25.6,26.2,27.4,28.2,29.8,25.1,26.2,27.7,28,27.1,28.5,26.8,26.9,28.9,26,26.5,26.1,25.1,27.3,27,26.1,26.2,26,28.6,26.4,26,24.6,29.7,29.2,29.7,27.5,25.6,25.4,27.6,28.3,27.3,27.6,26,25.6,25.7,93,83,85,74,70,91,89,79,74,76,73,78,90,71,93,88,85,93,86,85,91,88,86,75,84,90,97,62,68,67,82,87,82,79,80,87,77,85,89,87,0,0,0,0,0,0.2,0,0,0,0,0,0,7.4,0,1.4,0.1,0,0.4,0.1,0,0,3.5,0,0,0,0,6.6,0,0,0,0.3,0,0,0,0,0,0,0,0,0.4,4,4.1,7.7,13,15,5.4,9.4,4.8,6.4,3.9,6.2,3.1,28.9,2.5,4.7,7.1,4.7,4.9,11.4,4,8.6,33.9,7.4,5.8,4.6,5.1,3,14.6,11.6,2.6,9.7,2.9,7.4,2.5,5.6,7.9,10.2,4.6,4.5,19.2,,,,,,,,,,,,,,,,,,,,,,,,,,,,,,,,,,,,,,,,,24.9,24.8,26.5,25.3,26.2,26.7,27.5,28.3,27.2,27.4,26.3,25.8,27.9,27.1,28.1,26,27.4,28.5,25.2,25.7,25.2,26.1,28.2,29,24.4,25,25.9,25.4,29.4,24.6,29.1,83,82,71,80,78,68,76,75,77,80,73,84,69,66,68,70,83,75,80,79,84,80,68,74,85,78,76,77,71,85,72,0.3,0,0,0,0.2,0,0.3,0,0,0.2,0,0.7,0,0,0,0,0.3,0.3,0,0,0,0.3,0,0.3,0.6,0,0,0,0.3,0.1,0,23.4,15.2,11,8.5,21.5,23.3,9.7,7,22.5,32.8,10.1,13.3,7.9,3.4,3.9,12.8,34,10.3,15.3,10.5,4.2,25.4,8.7,7.2,19.9,11.6,13.5,4.7,7.8,17.2,19,36.7,17.3,17.3,9.7,27.7,30.6,11.5,12.6,37.8,46.4,11.2,16.9,12.2,8.3,7.2,15.1,41.4,13,18,11.2,5.4,36.4,9.4,14.8,23.8,12.6,14.8,6.5,13,19.4,29.5,,,,,,22.2204,114.2127
2026-09-04T21:00,25.8,26.1,27.1,27.8,29.4,25.3,26.4,27.5,27.6,26.9,28.3,26.6,27,28.6,26.2,26.6,26.2,25.3,27.3,26.8,26,26.3,26.2,28.2,26.3,26.1,24.8,29.3,28.9,29.3,27.5,25.6,25.3,27.4,28.1,27,27.7,26.1,25.6,25.7,93,84,86,75,71,91,89,80,74,78,73,79,90,73,92,87,85,93,86,87,91,88,86,78,84,90,97,63,68,67,81,87,83,81,80,88,77,85,89,87,0.1,0.1,0,0,0,0,0,0,0,0,0,0,0.6,0,0.3,0.1,0,0.1,0.5,0.3,0.5,0.4,0,0,0,0.1,2.6,0,0,0,0,0,0,0,0,0,0,0,0,0,4.3,4.5,7.3,11.5,14.3,2.4,10,4.4,6.3,3.2,5.8,2.7,29.2,2.3,7.2,6.8,4.2,3.9,11.5,3.7,8.2,32.6,7.6,5.4,4.1,5.9,2.4,14,11,2.3,9.5,2.1,6.4,2.6,5.6,7.7,9.9,4.6,2.9,17.2,,,,,,,,,,,,,,,,,,,,,,,,,,,,,,,,,,,,,,,,,25,24.8,26.7,25.6,26.3,26.8,27.4,28.1,27.2,27.4,26.2,26.1,27.8,27.1,28.1,25.8,27.4,28.4,25.3,25.7,25.2,26.2,28.1,29,24.4,25,26,25.4,29.3,24.5,28.8,83,82,71,81,77,68,77,76,77,80,73,83,70,66,69,71,84,76,79,79,84,80,68,74,85,79,77,77,72,86,74,0.4,0,0,0,0,0,0.4,0.1,0,0.2,0,0.7,0,0,0,0,0.7,0.2,0,0,0,0.1,0,0.4,0.9,0,0.1,0,0.2,0.1,0.4,21.6,11.7,10.2,9.8,20.1,22.3,11.8,8.7,22.5,33.9,9.6,12.5,6.9,2.3,3.3,12.3,36.6,8.3,14.3,9.3,2.5,25,7.3,10.2,18.2,11.6,14,2.2,7.9,16.1,19.7,32.4,12.6,15.8,13.7,25.9,29.2,14,13.7,37.4,47.9,10.4,17.3,12.2,7.9,7.6,14,44.3,11.5,16.2,10.1,4,37.1,8.6,18.7,21.2,12.2,15.5,6.8,13.3,18,30.2,,,,,,22.2204,114.2127
2026-09-04T22:00,26,26.1,26.8,27.5,29,25.6,26.5,27.4,27.2,26.7,28.1,26.4,27.1,28.2,26.4,26.8,26.2,25.4,27.2,26.6,25.9,26.4,26.3,27.7,26.4,26.1,25.2,28.9,28.5,28.9,27.5,25.6,25.2,27,27.9,26.8,27.7,26.3,25.6,25.7,92,86,88,76,73,90,90,82,73,79,73,80,90,75,91,86,84,93,87,88,92,88,85,81,84,90,95,64,68,66,79,87,83,83,80,89,77,85,90,87,0.1,0.1,0,0,0,0,0,0,0,0,0,0,0.6,0,0.3,0.1,0,0.1,0.5,0.3,0.5,0.4,0,0,0,0.1,2.6,0,0,0,0,0,0,0,0,0,0,0,0,0,4.3,4.5,6.9,10.2,14.1,1.8,9.8,4.6,6.8,1.9,5.8,2.1,28.7,2.3,9.2,6,3,3.2,11.4,3.4,8.2,31,7.5,5.1,3.3,5.9,4,13.4,10.4,3.1,9.8,1.3,5.4,2.9,6,7.6,10,4.6,1.8,15.6,,,,,,,,,,,,,,,,,,,,,,,,,,,,,,,,,,,,,,,,,25,24.8,26.9,26,26.4,26.7,27.2,27.9,27.2,27.4,26.2,26.3,27.7,27.2,28,25.7,27.4,28.3,25.3,25.7,25.3,26.2,28.1,29.1,24.4,25,26,25.5,29.2,24.5,28.4,84,82,71,82,76,68,79,77,77,79,74,82,71,67,71,71,83,76,79,79,83,80,69,74,84,79,77,77,73,86,76,0.4,0,0,0,0,0,0.4,0.1,0,0.2,0,0.7,0,0,0,0,0.7,0.2,0,0,0,0.1,0,0.4,0.9,0,0.1,0,0.2,0.1,0.4,19.5,9,10.2,12.6,17.9,21,14,10.1,23,34.2,9.1,11.5,6,0.5,6.4,11.9,36.5,6.3,12.2,8.6,2.5,24.3,6.2,13.7,16.5,11.8,14,1.5,8.8,15,21.9,25.6,9,14.4,19.4,23.8,27.4,16.9,14.8,37.1,47.5,9,17.6,11.9,7.2,10.1,13.3,44.3,9.7,14,9.4,3.6,37.4,7.9,23.4,19.4,12.2,15.8,7.6,14.4,16.6,30.2,,,,,,22.2204,114.2127
2026-09-04T23:00,26.3,26,26.6,27.2,28.6,26,26.6,27.2,26.8,26.5,27.8,26.2,27.1,27.9,26.7,27,26.3,25.7,27,26.4,25.8,26.6,26.5,27.2,26.4,26.1,25.5,28.5,28.2,28.6,27.5,25.6,25.2,26.7,27.7,26.5,27.7,26.4,25.6,25.7,92,87,89,77,74,88,91,83,71,81,73,81,90,78,90,86,84,93,88,89,93,88,85,84,84,90,94,65,68,65,77,87,84,86,80,90,77,84,90,87,0.1,0.1,0,0,0,0,0,0,0,0,0,0,0.6,0,0.3,0.1,0,0.1,0.5,0.3,0.5,0.4,0,0,0,0.1,2.6,0,0,0,0,0,0,0,0,0,0,0,0,0,4.2,4.7,6.5,8.7,13.9,5.2,9.9,5.1,7.8,1.1,6.1,1.3,27.2,2,10.3,4.9,2.2,3.3,11.2,3.2,8.3,28.8,7.2,5.2,2.5,5.7,6.6,12.9,10.4,4.5,10.5,0.5,4.9,3.6,7,7.6,10.2,4.4,0.8,14.3,,,,,,,,,,,,,,,,,,,,,,,,,,,,,,,,,,,,,,,,,24.9,24.8,27,26.3,26.3,26.7,27.1,27.7,27.1,27.4,26.1,26.5,27.6,27.2,28,25.6,27.4,28.2,25.4,25.7,25.4,26.1,28.1,29.1,24.4,25,26.1,25.6,29.1,24.5,28.1,85,82,71,83,76,68,80,78,77,79,75,81,72,67,73,72,83,77,78,80,83,81,69,74,84,79,78,77,73,87,78,0.4,0,0,0,0,0,0.4,0.1,0,0.2,0,0.7,0,0,0,0,0.7,0.2,0,0,0,0.1,0,0.4,0.9,0,0.1,0,0.2,0.1,0.4,17.5,7.2,10.2,16.3,16.5,19.5,16,11.4,23.7,33.9,8.7,11.6,6.5,0.5,9.7,11.5,34.8,5.9,11,8.8,3.5,23.9,6.6,15.9,15.7,12.1,14.2,3.8,10.1,14.2,23.4,20.5,6.8,13.7,24.8,22,25.6,19.1,15.1,36.7,46.8,8.3,17.3,11.5,6.8,12.6,12.2,42.8,8.6,12.2,9.4,3.2,37.1,7.2,26.3,18.4,12.2,16.2,7.9,15.5,15.5,29.2,,,,,,22.2204,114.2127
2026-09-05T00:00,26.5,26,26.4,26.9,28.3,26.4,26.7,27.1,26.5,26.4,27.6,26.1,27.1,27.7,26.9,27.2,26.3,25.9,26.9,26.2,25.6,26.7,26.6,26.8,26.5,26.2,25.9,28.1,27.8,28.4,27.5,25.7,25.2,26.3,27.5,26.3,27.7,26.5,25.7,25.8,91,89,90,78,75,87,91,84,70,82,72,81,90,80,89,85,84,93,89,90,93,89,85,87,83,89,92,66,67,63,74,86,85,89,79,91,77,84,91,87,0.1,0.1,0,0,0,0,0,0,0,0,0,0,0.6,0,0.3,0.1,0,0.1,0.5,0.3,0.5,0.4,0,0,0,0.1,2.6,0,0,0,0,0,0,0,0,0,0,0,0,0,4.6,4.3,6.1,7.7,14.1,8.2,10,5.9,9.1,1.1,6.3,0.8,25.7,2,11.5,3.8,1.5,4.4,10.5,3.4,8.2,27.1,7.1,5,1.8,5.4,8.8,12.4,10.4,5.9,11,0.4,4.3,4.1,7.9,7.2,10.3,4.2,1,12.8,,,,,,,,,,,,,,,,,,,,,,,,,,,,,,,,,,,,,,,,,24.7,24.8,27,26.5,26,26.6,27,27.6,26.9,27.4,25.9,26.5,27.5,27.1,27.8,25.5,27.3,28,25.3,25.6,25.5,25.9,28,28.9,24.6,24.8,26.1,25.7,28.8,24.4,28,86,82,72,84,78,68,81,79,77,79,77,81,73,67,75,72,83,77,78,81,83,82,70,74,83,80,79,77,73,87,78,0.8,0,0,0.2,0.8,0,0.3,0.3,1,0.2,0.1,0.9,0,0,0,0,0.8,0.9,0,0.5,0,0.4,0,0.8,1.5,0,0.2,0,0,0.2,0.2,16.5,6.6,10.7,20.9,16.1,17.9,16.7,11.7,24.6,33.5,8.2,10.4,7.2,0.5,11.2,10.4,31.6,5.4,10.8,10.1,4.2,23.3,7.3,15.6,15.6,12.6,13.9,4,12.3,14.1,19.5,18.7,6.1,14,30.6,21.2,23.8,20.2,14.4,37.1,45.4,8.3,15.8,11.5,6.1,13.7,10.8,39.2,7.6,11.5,10.4,3.2,34.6,7.6,25.6,18.4,12.6,16.2,7.6,17.6,15.5,25.9,,,,,,22.2204,114.2127
2026-09-05T01:00,26.8,25.9,26.3,26.8,27.9,26.7,26.7,27,26.2,26.3,27.3,26.1,27,27.4,27.1,27.4,26.3,26.1,26.8,26,25.5,26.8,26.8,26.6,26.5,26.2,26.2,27.7,27.5,28.1,27.5,25.7,25.1,26,27.3,26.1,27.7,26.6,25.7,25.8,90,90,91,78,76,86,92,85,68,83,72,81,90,82,89,84,84,93,90,91,94,89,85,89,83,89,90,66,67,62,72,86,85,91,78,91,76,84,91,87,0.1,0.1,0,0,0,0,0,0,0,0,0,0,0.6,0,0.3,0.1,0,0.1,0.5,0.3,0.5,0.4,0,0,0,0.1,2.6,0,0,0,0,0,0,0,0,0,0,0,0,0,4.6,4.3,5.8,7.2,14,10.8,10,6.4,10.5,2.3,6.5,0.5,24.2,1.8,12,3.1,2.2,5.6,10.2,3.1,7.9,25.6,6.9,5,1.6,4.9,11,12.4,10.4,7.3,11.6,0.8,3.8,4.4,8.9,6.9,10.6,3.7,1.5,11.5,,,,,,,,,,,,,,,,,,,,,,,,,,,,,,,,,,,,,,,,,24.4,24.8,26.9,26.7,25.6,26.4,26.9,27.4,26.7,27.4,25.7,26.5,27.4,27,27.6,25.5,27.2,27.7,25.3,25.5,25.5,25.7,27.9,28.6,24.8,24.7,26.1,25.7,28.5,24.4,27.9,87,83,72,86,81,69,82,80,78,78,78,81,75,68,76,73,83,77,79,83,82,84,71,75,82,82,79,78,73,88,77,0.8,0,0,0.2,0.8,0,0.3,0.3,1,0.2,0.1,0.9,0,0,0,0,0.8,0.9,0,0.5,0,0.4,0,0.8,1.5,0,0.2,0,0,0.2,0.2,16,7.4,11.5,26.4,16,16.6,16.3,11.6,25.9,33,7.5,8.6,7.8,0.4,12.2,9.5,27.5,5.5,10.9,12,4.3,22.7,7.8,14.2,15.9,13.2,13.8,3.4,14.7,14.4,14,18,6.8,15.5,36.7,21.2,22,20.2,13.3,37.4,42.8,8.3,13.7,11.5,5.8,14.4,9.4,34.2,6.8,11.5,12.2,4,31.3,8.3,23,19.4,13.7,16.2,6.5,20.2,15.5,21.6,,,,,,22.2204,114.2127
2026-09-05T02:00,26.9,25.9,26.2,26.6,27.7,27,26.8,26.9,26,26.2,27.2,26,27,27.2,27.2,27.5,26.3,26.3,26.7,25.9,25.5,26.9,26.8,26.4,26.5,26.2,26.5,27.5,27.3,27.9,27.5,25.7,25.1,25.9,27.2,26.1,27.7,26.7,25.8,25.8,90,91,92,78,77,85,92,85,67,84,71,81,90,83,88,83,84,93,91,92,94,89,85,90,83,89,89,67,66,60,69,86,86,92,77,91,76,84,91,87,0.1,0.1,0,0,0,0,0,0,0,0,0,0,0.6,0,0.3,0.1,0,0.1,0.5,0.3,0.5,0.4,0,0,0,0.1,2.6,0,0,0,0,0,0,0,0,0,0,0,0,0,4.6,4.4,5.4,7.3,14,12.6,10,6.9,11.6,2.6,6.5,1.1,23.1,1.8,12.5,2.3,2.6,6,9.4,3.1,7.9,24.4,6.6,5.2,1.1,4.7,12,12.1,10.4,8.4,12.2,0.8,3.3,4.8,9.6,6.6,10.9,3.5,2.2,10.3,,,,,,,,,,,,,,,,,,,,,,,,,,,,,,,,,,,,,,,,,24.2,24.8,26.8,26.8,25.3,26.3,26.8,27.3,26.5,27.4,25.6,26.4,27.3,26.9,27.5,25.4,27.1,27.6,25.2,25.4,25.6,25.6,27.8,28.4,24.9,24.5,26,25.7,28.2,24.4,27.8,88,83,73,87,83,69,82,81,78,78,80,82,76,68,77,73,82,77,79,84,82,85,72,75,82,83,80,79,73,88,76,0.8,0,0,0.2,0.8,0,0.3,0.3,1,0.2,0.1,0.9,0,0,0,0,0.8,0.9,0,0.5,0,0.4,0,0.8,1.5,0,0.2,0,0,0.2,0.2,15.5,8.8,13,29.6,16.7,15.6,15.8,11.5,26.8,32.1,7.4,8,8.2,1.3,13,9,24,6.5,11.2,13.4,4.7,22.8,8,12.4,16.4,14,13.9,4.1,16.2,14.9,12.1,18,7.9,16.9,39.6,21.6,20.2,19.8,12.2,37.4,40.7,8.6,12.6,11.5,5.4,15.5,8.3,30.2,7.2,11.2,14,4.3,29.5,8.6,20.5,20.5,14.4,16.2,6.8,22,16.2,19.4,,,,,,22.2204,114.2127
2026-09-05T03:00,27,25.9,26.2,26.5,27.4,27.1,26.9,26.9,25.9,26.2,27,26,27,27.1,27.3,27.7,26.3,26.5,26.6,25.9,25.4,26.9,26.8,26.5,26.5,26.3,26.6,27.3,27.1,27.6,27.4,25.7,25.1,25.8,26.9,26.1,27.6,26.7,25.9,25.9,90,92,92,78,78,85,92,84,67,85,70,81,90,84,88,83,85,92,92,93,94,89,86,89,84,89,89,67,65,58,66,86,87,93,76,91,76,85,91,87,1.4,0.5,0,0,0,0,1.1,0,0,0,0,0,0.4,0,0.5,0,0,0,0.5,0.5,0.3,0.4,0.3,0,0,0.1,0.4,0,0,0,0,0,0,0,0,0,0,0.2,0,0,4.7,4.5,5.1,7.5,14.3,12.8,10.2,7.1,12.3,2.5,6.5,1.5,22.4,1.6,12.8,1.8,3.2,5.6,8.8,3.1,7.7,23.2,6.5,5.6,1,4.5,12.1,12.1,10,9.1,12.4,0.5,3.1,4.9,10,6.5,10.9,3.4,2.5,8.7,,,,,,,,,,,,,,,,,,,,,,,,,,,,,,,,,,,,,,,,,24.2,24.8,26.6,26.8,25.2,26.1,26.7,27.1,26.3,27.4,25.5,26.3,27.2,26.8,27.5,25.4,27,27.5,25.1,25.2,25.7,25.6,27.7,28.3,24.8,24.5,25.9,25.8,27.9,24.5,27.8,88,83,74,87,83,69,82,82,78,77,81,83,77,69,76,73,81,78,79,85,82,85,73,75,82,84,81,80,72,88,75,0.4,0,0,0.3,0.3,0,0.6,0.4,0.9,0,0.1,1.1,0.1,0,0,0,0.3,0.1,0,1.7,0.1,1.2,0,0.3,1.1,0.1,0.4,0.1,0,0,0.1,15.4,9.5,14.6,28.2,18.4,15,14.9,11.2,26.5,30.9,7.2,8.9,8.7,3.1,13.8,9.4,21.8,8.2,11.2,14,5,24,7.6,11,16.6,14.8,14.5,6.3,16,15.3,14,17.6,9,18.4,37.4,23,18.7,18.7,11.9,36.7,38.9,9,13.3,11.5,5.8,16.9,8.3,28.1,9,10.8,15.1,4.7,31,8.6,19.1,21.2,15.1,16.9,9,22,16.9,21.6,,,,,,22.2204,114.2127
2026-09-05T04:00,27,25.8,26.2,26.4,27.1,27.2,27,26.9,25.8,26.2,26.9,26.1,26.9,27,27.3,27.8,26.1,26.7,26.5,25.8,25.4,26.9,26.8,26.6,26.4,26.3,26.7,27,27,27.2,27.2,25.7,25,25.9,26.6,26.1,27.4,26.7,26,25.9,91,92,93,78,78,85,92,83,67,85,68,82,90,85,88,82,86,92,92,93,94,89,87,86,84,89,89,68,64,57,63,87,87,93,74,90,76,86,90,87,1.4,0.5,0,0,0,0,1.1,0,0,0,0,0,0.4,0,0.5,0,0,0,0.5,0.5,0.3,0.4,0.3,0,0,0.1,0.4,0,0,0,0,0,0,0,0,0,0,0.2,0,0,5,4.3,5.1,7.8,14.5,11.8,10.7,7.7,13.5,2.6,6.8,2.2,21.4,1.8,12.1,1.3,3.6,4.7,7.8,3.1,7.7,21.9,6.1,5.9,1.1,3.9,11.4,11.9,9.8,10.2,12.8,0.5,3.1,5.1,10.1,6.4,11.1,3.3,3,7.1,,,,,,,,,,,,,,,,,,,,,,,,,,,,,,,,,,,,,,,,,24.2,24.8,26.3,26.7,25.3,25.9,26.6,27,26.2,27.4,25.5,26.1,27,26.7,27.5,25.3,27,27.5,25,25,25.8,25.7,27.7,28.2,24.7,24.4,25.8,25.9,27.7,24.6,27.9,87,84,75,86,82,70,82,83,78,76,82,84,78,69,75,74,80,79,80,87,81,84,73,76,83,84,82,81,72,88,75,0.4,0,0,0.3,0.3,0,0.6,0.4,0.9,0,0.1,1.1,0.1,0,0,0,0.3,0.1,0,1.7,0.1,1.2,0,0.3,1.1,0.1,0.4,0.1,0,0,0.1,15.6,10.2,16.1,24,20.5,14.3,14.3,10.9,25.8,29.3,7.3,11.2,9.4,5.6,14.5,9.7,20.2,10.5,11,14.5,5.4,26.1,6.7,11.8,17.3,15.6,15.6,9.6,15.1,15.7,17.3,17.6,10.4,19.8,32.4,25.2,17.3,16.9,11.9,35.6,37.4,9,15.1,11.2,6.8,18.7,8.6,27,11.9,10.4,15.8,5,34.2,7.9,18,22.3,15.8,17.6,11.9,21.2,18,26.3,,,,,,22.2204,114.2127
2026-09-05T05:00,27,25.8,26.2,26.4,26.9,27.2,27.1,27,25.8,26.3,26.8,26.2,26.9,26.9,27.3,27.9,26,26.9,26.5,25.8,25.4,26.9,26.7,26.9,26.4,26.3,26.7,26.9,26.9,26.9,27,25.6,25,26,26.3,26.3,27.2,26.6,26.2,26,91,93,93,78,79,86,92,82,67,85,66,82,90,85,88,82,88,91,93,93,95,88,88,83,86,89,89,68,63,55,59,88,88,92,72,90,75,87,90,86,1.4,0.5,0,0,0,0,1.1,0,0,0,0,0,0.4,0,0.5,0,0,0,0.5,0.5,0.3,0.4,0.3,0,0,0.1,0.4,0,0,0,0,0,0,0,0,0,0,0.2,0,0,5.1,4.4,4.8,8.1,14.8,10.2,11.1,7.9,14.3,2.8,6.8,2.5,20.5,2.2,11.8,1.3,3.8,3.3,6.8,3.3,7.4,20.4,6,6.8,2.2,3.3,9.8,12.2,9.5,10.9,13.4,1.5,3.2,5.1,10.2,6.4,11.5,3.6,3,4.9,,,,,,,,,,,,,,,,,,,,,,,,,,,,,,,,,,,,,,,,,24.3,24.9,26.2,26.6,25.4,25.8,26.6,27,26.2,27.5,25.5,26,27,26.6,27.6,25.3,27,27.5,25,24.9,26,25.7,27.7,28.2,24.7,24.5,25.8,26.1,27.6,24.7,27.9,87,84,75,86,81,70,82,83,78,75,83,85,79,70,74,74,79,79,80,87,81,84,73,76,83,84,82,82,71,87,74,0.4,0,0,0.3,0.3,0,0.6,0.4,0.9,0,0.1,1.1,0.1,0,0,0,0.3,0.1,0,1.7,0.1,1.2,0,0.3,1.1,0.1,0.4,0.1,0,0,0.1,15.6,10.7,17.1,21.6,22,14,13.8,10.5,25.2,28,7.5,13.9,10.4,7.6,14.9,10.1,19.2,12.1,10.6,15.1,5.6,27.7,6.3,13.6,17.6,16.1,16.8,12.2,14.5,16,19.8,17.6,11.2,21.2,28.8,26.6,16.6,16.2,12.2,35.3,36,10.1,17.6,11.5,7.9,20.2,9.4,26.3,14.8,10.1,16.9,5.8,36.7,7.6,17.6,23,16.9,18.7,14.8,20.2,18.7,29.5,,,,,,22.2204,114.2127
2026-09-05T06:00,27,25.8,26.3,26.5,26.8,27.2,27.1,27.1,25.9,26.4,26.8,26.3,26.8,26.8,27.3,28.1,25.9,27,26.5,25.9,25.4,26.8,26.6,27.2,26.3,26.4,26.7,26.8,26.9,26.6,26.8,25.6,25,26.1,26.1,26.5,27.1,26.6,26.4,26,92,93,92,77,79,86,92,80,67,85,63,82,90,85,89,82,90,90,93,93,95,88,90,79,86,89,89,68,62,53,56,89,89,92,70,88,75,88,89,86,1.4,0.5,0,0,0,0,1.1,0,0,0,0,0,0.4,0,0.5,0,0,0,0.5,0.5,0.3,0.4,0.3,0,0,0.1,0.4,0,0,0,0,0,0,0,0,0,0,0.2,0,0,5.6,4.3,4.9,8.4,14.8,8.4,11.8,8.4,15.5,3.7,6.9,2.9,19.9,2.5,11,1,4.4,1.9,6.5,3.6,7.1,19.1,6.2,7.6,2.9,3.2,8.9,12.8,9.2,11.6,13.6,2.6,3.4,5.6,10.5,6.6,11.8,3.7,3.1,3.2,,,,,,,,,,,,,,,,,,,,,,,,,,,,,,,,,,,,,,,,,24.4,25,26.1,26.4,25.4,25.7,26.6,27.1,26.1,27.5,25.6,26,27,26.6,27.5,25.3,27.1,27.5,25,24.9,26.2,25.7,27.8,28.2,24.8,24.6,25.8,26.4,27.4,24.9,27.8,87,83,75,87,80,70,81,82,78,74,84,85,79,71,74,74,78,78,80,86,80,84,72,75,82,83,82,82,71,86,74,0.1,0,0,0.2,0,0,1.1,0.3,1.1,0,0.3,0.6,0.2,0,0,0,0,0,0,1.7,0.1,0.8,0,0.1,0.3,0,0.2,0.3,0,0,0.3,16.1,11,17.4,22.6,22.4,13.9,13.8,10.5,25,27.4,8.7,16.6,11.2,9,15.1,10.5,19,13.3,10.4,15.8,6.1,28.7,5.6,14,18,16.4,17.8,13.5,13.9,15.9,20.5,18,11.2,22.7,28.8,27.7,16.6,17.3,13.3,36,35.3,12.2,20.9,12.2,9.4,20.5,9.7,26.3,16.9,9.7,18,6.8,37.4,6.8,19.1,23.8,18.4,19.8,17.3,18.7,18.7,30.6,,,,,,22.2204,114.2127
2026-09-05T07:00,27,25.8,26.4,26.7,26.8,27.3,27.2,27.3,26.1,26.6,26.9,26.4,26.8,26.9,27.3,28.2,25.9,27.2,26.6,26,25.5,26.8,26.5,27.6,26.3,26.4,26.7,26.9,27,26.5,26.8,25.7,25.1,26.3,26,26.9,27.1,26.6,26.6,26.2,92,93,92,76,78,86,91,77,66,85,61,82,90,85,89,82,90,89,93,93,94,87,91,75,87,89,89,68,61,51,54,89,89,90,69,87,74,89,88,85,1.4,0.5,0,0,0,0,1.1,0,0,0,0,0,0.4,0,0.5,0,0,0,0.5,0.5,0.3,0.4,0.3,0,0,0.1,0.4,0,0,0,0,0,0,0,0,0,0,0.2,0,0,5.9,4.6,5,8.8,15.1,6.8,12.5,8.8,16.4,4.9,7.1,2.9,19.5,2.2,10.6,1.3,4.3,1.9,6.4,3.6,6.4,18.5,6.5,8.3,3.3,3,7.8,13,9.2,12,13.9,3.3,3,6.1,10.5,6.7,12.3,4.1,3.3,2.4,,,,,,,,,,,,,,,,,,,,,,,,,,,,,,,,,,,,,,,,,24.5,25.1,26.2,26.3,25.5,25.8,26.8,27.4,26,27.6,25.8,26,27.1,26.7,27.4,25.3,27.2,27.6,25.1,25.1,26.5,25.7,27.9,28.3,25,24.7,25.9,26.7,27.3,25,27.6,86,82,74,88,79,69,81,81,79,74,85,85,78,71,75,74,76,77,80,85,79,85,71,74,81,82,82,82,71,85,73,0.1,0,0,0.2,0,0,1.1,0.3,1.1,0,0.3,0.6,0.2,0,0,0,0,0,0,1.7,0.1,0.8,0,0.1,0.3,0,0.2,0.3,0,0,0.3,16.4,10.7,17.4,25,22.6,14,14.8,11.5,24.9,26.6,11.2,19.5,11.9,10.2,15.5,10.6,19.2,14.4,10,16.6,6.6,29.6,5.2,14.3,18.7,16.6,18.6,14.8,13.6,15.8,20.3,18.7,10.4,24.5,30.6,28.1,16.9,19.1,14.8,37.1,35.3,15.1,24.8,13.7,10.8,20.2,10.4,26.6,19.1,9.7,19.4,7.9,37.8,6.1,21.2,24.1,19.4,21.2,19.4,16.9,18.4,31,,,,,,22.2204,114.2127
2026-09-05T08:00,27,26,26.6,27,27.1,27.5,27.3,27.7,26.4,26.8,27.1,26.7,26.9,27.1,27.3,28.4,26.2,27.5,26.7,26.1,25.7,26.8,26.5,28.1,26.4,26.5,26.9,27.2,27.3,26.7,26.9,25.9,25.4,26.6,26.2,27.4,27.3,26.6,26.9,26.5,92,92,91,74,77,85,91,74,65,85,59,81,89,84,89,81,90,88,92,92,93,87,91,72,87,89,89,67,59,50,52,88,88,89,67,84,72,90,87,84,1.4,0.5,0,0,0,0,1.1,0,0,0,0,0,0.4,0,0.5,0,0,0,0.5,0.5,0.3,0.4,0.3,0,0,0.1,0.4,0,0,0,0,0,0,0,0,0,0,0.2,0,0,6.2,4.6,5,9.3,15.4,5.8,13.1,9.3,17.6,5.9,7.6,2.6,19.2,1.9,10.7,1.6,4.2,2.2,6.3,3.6,5.4,18,6.8,8.8,3.3,3.4,7.6,13.5,9.8,12.3,14.6,3.3,2.5,6.7,10.5,6.6,12.7,4.2,3.6,2.8,,,,,,,,,,,,,,,,,,,,,,,,,,,,,,,,,,,,,,,,,24.6,25.3,26.4,26.2,25.6,26,26.9,27.7,26.2,27.7,26,26.1,27.3,26.9,27.5,25.5,27.5,27.8,25.2,25.3,26.9,25.8,28.1,28.5,25.3,24.8,26.2,27.1,27.4,25.3,27.5,86,81,72,89,78,68,80,80,78,73,85,85,77,71,74,74,74,75,79,83,78,85,70,73,80,81,81,81,70,83,73,0.1,0,0,0.2,0,0,1.1,0.3,1.1,0,0.3,0.6,0.2,0,0,0,0,0,0,1.7,0.1,0.8,0,0.1,0.3,0,0.2,0.3,0,0,0.3,16.9,10,18,27.6,22.3,13.8,16.5,13.3,24.9,25.8,12.9,21.9,12.2,10.8,15.7,10.8,18.9,15.3,9.7,16.9,7.4,30.3,4.7,15.7,18.7,17,19.3,17,13.2,15.6,19.8,19.4,9.7,25.9,33.1,28.1,17.3,20.9,16.9,37.4,34.2,16.9,28.1,15.1,11.5,20.2,10.8,26.6,20.5,9.4,20.2,9.4,37.8,5.4,23,24.1,20.2,22.3,21.6,15.5,18.4,30.2,,,,,,22.2204,114.2127
2026-09-05T09:00,27.2,26.4,27,27.7,27.7,27.9,27.5,28.3,27.1,27.1,27.6,27,27,27.5,27.4,28.7,26.7,27.8,27.1,26.4,26.1,26.9,26.6,28.8,26.7,26.7,27.1,27.8,27.9,27.2,27.2,26.3,25.9,26.9,26.6,28.3,27.8,26.8,27.3,26.9,91,91,89,70,74,83,91,70,62,84,57,80,88,82,89,80,88,87,90,90,91,87,91,69,86,89,88,65,57,49,51,86,86,87,65,80,69,90,85,82,1.8,0.9,0.3,0,0,0,2,0,0,0.3,0,0,0.1,0,2.8,0,0.1,0.2,0.2,0.3,0,0.5,0.2,0,0.1,0.3,0.8,0,0,0,0,0,0.1,0.1,0,0,0,2,0.1,0,6.5,4.6,4.9,10.2,15.8,5.3,13.7,10.2,18.9,7.2,8.5,2.3,19.2,1,11.7,2.4,3.7,2.2,6.6,3.5,3.9,18,7.6,9,2.7,4.2,8,14.3,11,12.2,15.6,2.5,1.5,7.6,10.7,6.5,13.5,4.3,4.4,3.8,,,,,,,,,,,,,,,,,,,,,,,,,,,,,,,,,,,,,,,,,24.8,25.7,26.9,26.1,25.7,26.5,27.1,28,26.8,28,26,26.3,27.6,27.3,28.1,25.7,28,28.4,25.5,25.5,27.3,26,28.5,29,25.7,24.8,26.8,27.4,27.7,25.8,27.6,85,79,68,89,77,66,79,79,74,72,85,84,76,70,71,73,72,72,78,81,77,84,68,71,78,81,79,80,68,81,72,0.1,0,0,0.2,0,0,2,0.2,0.9,0,0.6,0.7,0.1,0,0,0,0,0,0,0.8,0.3,0.3,0,0,0.1,0.1,0.2,0.7,0,0,0.6,17.1,8.9,19.7,30.5,21.4,13.8,18.1,16.6,24.4,24.5,13.1,23.5,12.7,10,16,10.7,17.9,15.9,8.9,16.7,8.9,30.8,4.6,16.9,18.4,16.8,20.3,20,13.3,15.6,18.9,19.8,9,27.7,37.8,27,17.6,22.7,20.5,36.7,32,16.9,29.9,16.9,10.4,21.2,10.8,25.6,20.9,9,19.8,11.2,38.2,5.4,24.1,24.1,19.4,23.8,24.1,15.1,19.8,28.4,,,,,,22.2204,114.2127
2026-09-05T10:00,27.4,26.9,27.6,28.7,28.7,28.4,27.6,29.2,28,27.6,28.4,27.5,27.3,28.2,27.4,29,27.5,28.2,27.6,26.9,26.7,27,26.8,29.7,27.1,26.8,27.5,28.8,28.8,28,27.8,27,26.7,27.5,27.4,29.6,28.7,27,27.9,27.6,90,89,87,64,70,80,90,64,58,83,54,78,87,78,89,78,84,85,88,88,88,86,90,65,84,88,87,62,54,48,52,83,83,83,64,74,64,90,83,79,1.8,0.9,0.3,0,0,0,2,0,0,0.3,0,0,0.1,0,2.8,0,0.1,0.2,0.2,0.3,0,0.5,0.2,0,0.1,0.3,0.8,0,0,0,0,0,0.1,0.1,0,0,0,2,0.1,0,6.5,4.7,5.1,11.9,16.6,5.6,14.1,11.7,21,8.6,9.7,2.2,19.5,1.8,13,3.5,3.3,2.1,6.8,3.6,2.2,18.5,8.6,9,1.8,5,8.8,15.5,13.4,12.4,16.6,1.3,1.5,8.5,11.4,6.9,15.4,4.7,6.3,5.1,,,,,,,,,,,,,,,,,,,,,,,,,,,,,,,,,,,,,,,,,25.1,26.2,27.6,26.1,25.8,27.2,27.2,28.3,27.7,28.4,26,26.6,27.9,27.8,28.9,26.1,28.6,29.1,25.8,25.7,27.7,26.2,29.1,29.6,26.2,24.7,27.5,27.6,28.2,26.3,27.8,84,77,63,89,75,64,79,78,69,70,84,83,75,67,68,72,70,69,77,79,77,82,65,68,75,81,77,79,65,78,71,0.1,0,0,0.2,0,0,2,0.2,0.9,0,0.6,0.7,0.1,0,0,0,0,0,0,0.8,0.3,0.3,0,0,0.1,0.1,0.2,0.7,0,0,0.6,17,7.9,22,33.6,19.8,14.1,19.6,20.4,23.1,23,12,24.7,13.7,8.2,16,10.2,16.8,16.2,8.6,15.9,11,31,5.1,17.7,17.4,16.1,21.2,23.3,13.6,15.6,17.8,20.2,8.3,29.2,43.2,24.8,17.6,24.1,24.8,35.3,29.2,15.8,31,19.4,8.3,22.7,10.4,23.8,20.9,9,19.1,13.3,38.5,5.4,24.8,23.4,18.4,24.8,26.6,15.1,22,25.6,,,,,,22.2204,114.2127
2026-09-05T11:00,27.6,27.6,28.2,29.8,29.9,29.1,27.8,30.3,29,28.1,29.4,28.1,27.5,28.9,27.5,29.4,28.4,28.6,28.2,27.4,27.4,27.2,27,30.7,27.5,27,27.9,29.9,29.8,29.1,28.6,27.7,27.5,28,28.3,31.1,29.8,27.3,28.5,28.3,89,87,84,58,66,77,90,58,53,82,52,76,85,75,89,76,80,83,85,86,85,85,89,61,82,87,86,59,51,47,53,79,80,80,62,67,59,89,81,76,1.8,0.9,0.3,0,0,0,2,0,0,0.3,0,0,0.1,0,2.8,0,0.1,0.2,0.2,0.3,0,0.5,0.2,0,0.1,0.3,0.8,0,0,0,0,0,0.1,0.1,0,0,0,2,0.1,0,6.6,5.1,5.4,14.1,17.1,5.5,14.3,13.3,22.6,10.5,11.5,3.4,19.6,3.8,14.4,5.2,2.8,2.6,7.4,5.2,2.6,19.5,9.7,9.3,1.8,6.2,10,17.3,15.7,12.5,18,1.3,3.6,10,12,7.2,17.4,4.8,8.3,6.9,,,,,,,,,,,,,,,,,,,,,,,,,,,,,,,,,,,,,,,,,25.5,26.6,28.2,26.2,25.9,27.8,27.5,28.6,28.4,28.8,26.1,26.9,28.2,28.2,29.4,26.4,29.1,29.7,26,26.2,28.1,26.4,29.5,30.1,26.6,24.9,28,27.9,28.7,26.8,28.1,83,76,60,88,74,62,78,78,65,69,83,82,74,66,65,71,68,66,76,77,76,81,64,66,73,80,75,78,63,76,70,0.1,0,0,0.2,0,0,2,0.2,0.9,0,0.6,0.7,0.1,0,0,0,0,0,0,0.8,0.3,0.3,0,0,0.1,0.1,0.2,0.7,0,0,0.6,16.6,6.8,23.4,35.1,18.5,13.3,21.1,23.4,22.4,21.3,10.9,25.2,14.7,6.2,15.9,9.6,15.3,15.6,8,15,12.2,31,5.2,18.2,16.8,15.1,21.7,25.7,13.7,15.8,16.3,20.2,7.6,30.2,46.4,23,17.3,25.6,28.4,33.5,26.3,14.8,31.7,21.2,6.5,23,10.1,22,20.2,8.6,18.4,14.4,38.9,5.8,25.2,22.7,16.9,25.6,28.4,15.5,23,23,,,,,,22.2204,114.2127
2026-09-05T12:00,27.9,28.2,28.8,30.8,31,29.7,28,31.3,30,28.6,30.2,28.6,27.8,29.6,27.5,29.7,29.3,29,28.8,27.9,28.1,27.3,27.3,31.6,28,27.2,28.3,30.9,30.7,30.1,29.3,28.4,28.4,28.6,29.2,32.4,30.8,27.6,29,29,88,84,82,52,62,74,89,52,49,80,49,74,84,71,89,74,76,82,82,83,81,85,88,57,80,87,84,57,48,46,54,76,77,76,60,61,55,88,79,74,1.8,0.9,0.3,0,0,0,2,0,0,0.3,0,0,0.1,0,2.8,0,0.1,0.2,0.2,0.3,0,0.5,0.2,0,0.1,0.3,0.8,0,0,0,0,0,0.1,0.1,0,0,0,2,0.1,0,6.6,5.8,5.9,15.6,17.8,5.8,14.6,14.8,24.3,11.6,13.1,5.2,19.9,5.5,15.8,6.6,3.2,2.9,8,6.8,4.3,20.7,10.8,9.5,2.8,7.3,10.9,18.7,18.1,12.7,19.1,3.1,5.4,11.1,12.6,7.8,19.6,4.8,10.5,8.7,,,,,,,,,,,,,,,,,,,,,,,,,,,,,,,,,,,,,,,,,26,26.8,28.4,26.4,26,28.2,27.9,28.8,28.8,29,26.5,27,28.3,28.3,29.5,26.8,29.4,30.2,26.1,27.2,28.2,26.4,29.5,30.6,27,25.5,28.3,28.1,29.1,27.2,28.4,81,76,59,86,73,61,76,78,63,68,81,82,74,66,65,70,67,64,76,73,75,81,64,65,71,77,75,77,61,75,70,0,0.1,0,0.2,0,0,0.9,0.5,0.3,0,0.6,1.8,0.4,0,0,0,0,0,0,0.1,1.3,0.2,0,0,0.1,0,0.2,0.1,0,0,0.5,16.2,6.3,23.5,33.4,17.3,11.3,22.1,25.1,21.9,19.3,9.7,25.3,15.8,3.6,15.5,9,13.8,13.4,7.8,13.9,11.7,31.3,4.4,18.1,15.9,13.7,21.6,26.9,13.5,15.1,15,20.2,7.2,29.9,45,22,15.8,26.3,30.2,31.3,23.4,13.3,31.7,22.7,5,22.3,9.7,20.5,19.1,8.6,17.6,14,39.6,6.1,24.8,21.2,15.5,25.2,29.5,15.8,21.6,20.9,,,,,,22.2204,114.2127
2026-09-05T13:00,28.1,28.6,29.2,31.6,31.9,30.1,28.1,32,30.7,29,30.9,28.9,28,30.2,27.6,30,30.1,29.2,29.2,28.2,28.6,27.5,27.5,32.2,28.4,27.4,28.6,31.8,31.5,30.8,29.8,29,29.1,29,29.9,33.4,31.5,27.8,29.4,29.5,87,83,80,47,58,72,89,47,45,79,48,72,83,68,89,73,73,81,80,81,79,84,87,55,79,86,83,55,46,47,55,73,75,73,60,57,51,88,77,72,1.8,0.9,0.3,0,0,0,2,0,0,0.3,0,0,0.1,0,2.8,0,0.1,0.2,0.2,0.3,0,0.5,0.2,0,0.1,0.3,0.8,0,0,0,0,0,0.1,0.1,0,0,0,2,0.1,0,6.8,6.6,6.4,16.9,18.2,5.8,14.6,16,25.3,12.7,13.9,6.4,20.1,7.3,17.3,7.8,4,3.6,8,8.7,6.1,21.4,11.9,9.4,3.9,8.3,11.7,19.9,19.9,12.9,19.4,5,7.2,12,13,8,20.9,4.8,12,10,,,,,,,,,,,,,,,,,,,,,,,,,,,,,,,,,,,,,,,,,26.6,26.9,28.4,26.6,26.1,28.5,28.4,29,29,29.2,27.1,27.1,28.3,28.2,29.3,27.1,29.5,30.6,26.2,28.5,28.3,26.3,29.3,31,27.3,26.3,28.4,28.3,29.5,27.6,28.8,78,76,59,84,72,61,74,78,63,68,78,81,75,66,66,69,66,62,76,69,75,81,66,64,69,74,75,76,60,74,70,0,0.1,0,0.2,0,0,0.9,0.5,0.3,0,0.6,1.8,0.4,0,0,0,0,0,0,0.1,1.3,0.2,0,0,0.1,0,0.2,0.1,0,0,0.5,15.5,6.4,22.5,30.1,16.4,8.8,23.1,27,21.7,17.6,8.2,24.9,17.2,0.8,14.8,9.2,13.6,10.4,8.2,12.8,10.4,32.2,5.1,17.4,15.5,12.1,21.5,27,13,13.5,13.4,20.2,6.8,29.2,41,20.9,14,26.6,31,28.8,20.2,11.2,31,24.1,4,20.5,9.4,19.1,18,8.6,17.3,13,40.7,6.5,24.1,19.4,13.7,24.1,29.9,16.6,19.1,19.1,,,,,,22.2204,114.2127
2026-09-05T14:00,28.2,28.9,29.5,32,32.4,30.3,28.1,32.4,31,29.2,31.2,29.1,28.2,30.4,27.6,30,30.5,29.3,29.5,28.5,28.9,27.5,27.6,32.5,28.6,27.4,28.7,32.2,31.9,31.2,30.2,29.3,29.4,29.2,30.3,33.9,31.9,27.9,29.6,29.8,86,82,79,45,57,71,89,45,44,79,48,72,82,67,88,73,71,80,79,80,78,84,86,55,78,86,83,54,45,48,57,72,74,72,60,55,50,88,77,71,1.8,0.9,0.3,0,0,0,2,0,0,0.3,0,0,0.1,0,2.8,0,0.1,0.2,0.2,0.3,0,0.5,0.2,0,0.1,0.3,0.8,0,0,0,0,0,0.1,0.1,0,0,0,2,0.1,0,7,7.2,6.5,17,17.8,5.5,14.9,16.1,24.9,13.1,14,7.1,20.1,8,18,8.2,4.3,3.8,8,9.4,7.6,22,12.3,8.9,4.4,8.8,12.2,19.6,20.2,12.5,19.1,5.8,8,12.5,12.6,7.8,21.3,4.8,13,10.8,,,,,,,,,,,,,,,,,,,,,,,,,,,,,,,,,,,,,,,,,27.1,26.9,28.5,26.9,26.3,28.6,28.8,29.1,29.2,29.3,27.5,27.1,28.4,28.2,29.1,27.5,29.5,30.9,26.2,29.4,28.4,26.3,29.2,31.3,27.5,27,28.4,28.5,29.8,27.9,29.1,76,77,60,82,71,61,73,78,63,68,76,81,76,67,67,68,66,62,76,66,74,81,67,63,68,71,75,76,59,73,70,0,0.1,0,0.2,0,0,0.9,0.5,0.3,0,0.6,1.8,0.4,0,0,0,0,0,0,0.1,1.3,0.2,0,0,0.1,0,0.2,0.1,0,0,0.5,15.2,6.6,21.6,27.5,15,6.6,23.9,28.2,20.9,16.3,7.5,24.6,19.1,2.9,14.1,9.2,14.4,8,8.2,11.4,9.5,33.1,7.3,16.6,14.9,10.7,21.9,26.8,11.8,12,12.2,20.2,6.8,28.1,38.2,19.4,12.2,27.4,31.3,26.3,17.6,10.1,30.2,25.2,3.6,18.7,9.4,18,16.6,8.6,16.6,11.5,41.8,6.8,23,18,12.2,23.4,29.9,16.6,16.9,18,,,,,,22.2204,114.2127
2026-09-05T15:00,28.2,29,29.4,31.9,32.4,30.2,28.1,32.4,30.8,29.2,31.1,29,28.2,30.3,27.7,29.9,30.5,29.2,29.4,28.5,28.9,27.5,27.6,32.3,28.6,27.4,28.6,32.2,31.8,31,30.3,29.2,29.4,29.1,30.3,33.6,31.7,27.8,29.5,29.7,86,82,79,46,58,72,89,45,45,79,50,73,82,68,87,74,71,80,79,80,79,84,86,57,78,86,83,55,46,51,59,73,75,72,62,56,51,89,78,72,2.6,0.1,0.2,0,0,0,1,0,0,0.1,0,0.1,0.2,0.1,0.4,0.3,0.4,0.1,0.2,0.1,0.4,0.1,0.1,0,0.1,0.4,0.3,0,0,0,0,0,0.3,0,0,0.4,0,4,0,0,7.4,7.3,6.5,15.7,16.3,4.8,14.9,14.7,23.1,12.8,12.5,7.1,19.7,8,18,8.2,4.3,3.7,7.3,9.4,8.3,22.6,12.3,7.7,4.1,8.9,11.7,17.8,18.7,11.5,17.3,6,7.7,12.4,11.3,6.5,19.8,4.8,12.8,10.8,,,,,,,,,,,,,,,,,,,,,,,,,,,,,,,,,,,,,,,,,27.5,26.8,28.6,27.1,26.5,28.6,28.8,29,29.3,29.3,27.8,27.2,28.5,28.2,29.1,28,29.3,30.8,26.3,29.8,28.5,26.3,29.3,31.4,27.5,27.5,28.5,28.6,29.9,28.2,29.1,75,78,60,81,70,61,73,78,63,68,75,80,76,67,67,66,67,63,76,66,73,81,67,63,67,69,75,76,59,73,71,0,0.1,0,0.2,0,0,1.1,0.2,0.1,0,0.1,1.3,0.6,0,0,0,0,0,0,0,0.6,0.2,0,0,0.3,0,0,0,0,0.1,0.7,14.9,6.9,21,27.2,13.3,5.5,25.2,27.7,18.6,15.2,7.1,24.2,21,4.8,13,9,14.8,6.2,8.1,10.2,8,33.4,8.8,15.6,14.3,9.4,21.4,25.5,9.7,10.5,12.3,19.4,7.2,27.4,37.1,16.9,11.2,29.2,30.2,23.4,15.8,10.1,29.9,26.3,4.3,17.3,9.4,17.3,15.5,8.3,15.5,10.1,42.5,7.6,22,16.9,11.2,22.7,28.8,15.1,15.1,17.6,,,,,,22.2204,114.2127
2026-09-05T16:00,28.1,28.8,29.2,31.5,32,29.9,27.9,31.9,30.2,29,30.7,28.7,28.2,29.9,27.8,29.5,30.3,29,29.2,28.4,28.6,27.5,27.6,31.8,28.6,27.3,28.3,32,31.4,30.5,30.2,29,29.1,28.9,30.1,32.9,31.2,27.6,29.2,29.5,86,83,81,50,60,74,90,48,49,80,52,76,81,70,85,77,72,81,80,81,81,84,86,61,78,86,84,58,49,55,61,75,77,74,64,61,54,90,80,74,2.6,0.1,0.2,0,0,0,1,0,0,0.1,0,0.1,0.2,0.1,0.4,0.3,0.4,0.1,0.2,0.1,0.4,0.1,0.1,0,0.1,0.4,0.3,0,0,0,0,0,0.3,0,0,0.4,0,4,0,0,8.2,6.8,6.5,12.9,14.2,3.8,15.2,12.2,19.5,11.4,10.2,6.4,19.3,7,17.7,7.4,3.6,3.6,6,8.7,8.3,22.7,12.3,5.8,3.8,8.7,11.3,14.8,16.2,9.5,14.8,5.7,6.9,11.6,9.2,4.1,16.6,4.3,11.8,9.9,,,,,,,,,,,,,,,,,,,,,,,,,,,,,,,,,,,,,,,,,27.7,26.6,28.7,27.4,26.8,28.5,28.7,28.9,29.3,29.3,27.9,27.3,28.7,28.2,29.2,28.4,29.1,30.5,26.3,30,28.5,26.3,29.5,31.4,27.4,27.9,28.5,28.6,30,28.4,29,75,78,61,79,69,62,75,79,63,69,74,80,76,68,68,64,68,65,75,68,72,80,66,64,67,68,74,76,58,73,72,0,0.1,0,0.2,0,0,1.1,0.2,0.1,0,0.1,1.3,0.6,0,0,0,0,0,0,0,0.6,0.2,0,0,0.3,0,0,0,0,0.1,0.7,14.3,7.5,20.2,27.4,11.6,4.5,26.7,26.3,16.1,14.4,7.9,23.1,22.9,6.2,11.5,8.7,15.2,5.4,7.5,9.5,5.5,33.9,9.7,14.5,13.5,8.9,19.9,23.8,7,9.7,14.2,18.7,7.9,26.6,36.7,14,10.4,31.3,28.8,20.2,14.8,10.8,29.2,27.4,5.4,15.5,9.7,17.3,14.4,8.3,14.4,8.6,43.2,8.3,20.5,15.5,10.4,22,27,13,13.7,18,,,,,,22.2204,114.2127
2026-09-05T17:00,28,28.6,28.8,30.8,31.4,29.5,27.7,31.3,29.4,28.7,30.2,28.2,28.2,29.4,27.9,29.1,29.9,28.6,28.9,28.2,28.3,27.4,27.5,30.9,28.4,27.2,28,31.5,30.8,29.8,30,28.6,28.7,28.5,29.7,31.8,30.5,27.3,28.8,29.1,87,85,83,55,64,77,90,52,53,81,56,79,81,74,83,80,74,83,81,83,84,85,86,66,79,87,85,62,52,60,64,78,80,76,68,66,59,91,83,77,2.6,0.1,0.2,0,0,0,1,0,0,0.1,0,0.1,0.2,0.1,0.4,0.3,0.4,0.1,0.2,0.1,0.4,0.1,0.1,0,0.1,0.4,0.3,0,0,0,0,0,0.3,0,0,0.4,0,4,0,0,8.8,6.5,6.4,9.8,11.9,2.9,15.1,9,15.6,10,7.2,5.7,18.9,5.7,17.3,6.6,2.5,4.5,5.2,7.9,8.4,22.9,11.9,4,3.1,8.2,10,11.2,12.6,6.9,11.3,5.4,5.6,10.5,6.5,1.9,13.1,3.9,10.2,9.2,,,,,,,,,,,,,,,,,,,,,,,,,,,,,,,,,,,,,,,,,27.9,26.5,28.7,27.6,27.1,28.4,28.6,28.7,29.3,29.2,28,27.4,28.8,28.2,29.2,28.7,28.8,30.3,26.3,30,28.6,26.3,29.5,31.3,27.3,28.2,28.5,28.6,29.9,28.5,28.9,75,79,61,79,68,63,76,80,64,70,73,79,76,68,68,63,70,67,75,70,72,79,66,64,67,68,74,77,59,73,74,0,0.1,0,0.2,0,0,1.1,0.2,0.1,0,0.1,1.3,0.6,0,0,0,0,0,0,0,0.6,0.2,0,0,0.3,0,0,0,0,0.1,0.7,14.3,7.9,19.2,28.5,10.1,3.9,28.6,25.6,14.2,14.4,8.2,22.8,23.6,7.3,10.1,8.2,15.9,4.8,7,9.2,3.7,33.6,10.2,13.7,12.3,9.4,19.6,22.7,4.8,10.4,16.9,18.7,8.6,25.2,36.7,12.2,10.1,33.5,28.1,17.6,14.8,11.5,29.2,28.1,6.5,13.7,9.7,17.6,13,7.6,13.3,7.6,43.6,9,19.1,14.8,10.4,22.3,26.3,10.8,14,19.4,,,,,,22.2204,114.2127
2026-09-05T18:00,27.9,28.3,28.4,30,30.8,29,27.5,30.6,28.4,28.4,29.5,27.7,28.1,28.8,28,28.6,29.4,28.2,28.4,28,27.9,27.3,27.5,30.1,28.3,27,27.6,30.9,30,29,29.8,28.1,28.1,28.1,29.3,30.6,29.7,27,28.3,28.6,87,86,85,61,68,81,91,56,58,82,60,82,82,77,81,83,77,84,83,84,87,85,86,72,81,87,87,66,56,65,67,82,83,79,71,72,64,93,86,80,2.6,0.1,0.2,0,0,0,1,0,0,0.1,0,0.1,0.2,0.1,0.4,0.3,0.4,0.1,0.2,0.1,0.4,0.1,0.1,0,0.1,0.4,0.3,0,0,0,0,0,0.3,0,0,0.4,0,4,0,0,9.8,5.7,5.9,6.3,9.4,2.9,14.8,5.7,11.7,8.3,4,4.5,18.2,4.5,16.2,5.5,1.9,5.4,4.4,6.9,8.3,23.2,11.2,3.6,2.9,7.9,9.2,7.6,9.4,5.2,8.3,4.8,4.2,9.3,4.4,2.5,9.3,3.4,8.7,8.5,,,,,,,,,,,,,,,,,,,,,,,,,,,,,,,,,,,,,,,,,27.9,26.4,28.7,27.5,27.3,28.3,28.4,28.5,29,28.9,28.1,27.5,28.8,28.1,29.1,28.8,28.6,30.2,26.3,29.9,28.5,26.5,29.3,31.1,27.2,28.3,28.4,28.5,29.7,28.5,28.7,76,79,61,80,68,64,77,81,66,73,73,79,76,69,69,64,72,69,75,72,73,77,68,65,67,69,75,78,60,74,76,0.7,0.1,0,0.2,0,0,1.6,0.3,0,0.5,0,0.7,0.4,0,0,0,0,0,0,0.1,0.2,0,0,0,0.1,0,0,0.2,0,0.3,2.4,14.8,7.9,17.5,29.3,9.1,4.4,30.4,26.3,13.4,16.2,8.7,22.8,23.3,7.2,8.4,7.4,16.9,2.3,6,7.9,3.1,32.1,10.3,12.8,11.2,10.5,21.1,22.7,3.7,13.4,18.9,19.1,8.6,23,37.1,11.9,10.1,36,29.5,16.2,16.9,11.9,29.5,28.1,6.5,11.5,9.7,19.1,10.4,6.5,12.2,6.5,43.2,10.1,17.6,14.4,11.9,24.1,27,9.4,17.6,22,,,,,,22.2204,114.2127
2026-09-05T19:00,27.7,28,28,29.3,30.1,28.5,27.3,29.9,27.5,28.1,28.8,27.3,28,28.3,28.1,28.2,28.9,27.8,28,27.7,27.5,27.2,27.4,29.2,28.1,26.8,27.3,30.3,29.3,28.2,29.4,27.6,27.7,27.7,28.8,29.5,28.9,26.7,27.8,28.1,88,88,87,66,72,84,92,60,63,83,64,85,82,81,79,86,79,86,85,86,89,86,86,77,82,88,88,70,60,69,69,85,86,81,74,78,68,94,88,83,2.6,0.1,0.2,0,0,0,1,0,0,0.1,0,0.1,0.2,0.1,0.4,0.3,0.4,0.1,0.2,0.1,0.4,0.1,0.1,0,0.1,0.4,0.3,0,0,0,0,0,0.3,0,0,0.4,0,4,0,0,10.6,5.2,5.9,3.8,7.7,3.4,14.8,3.1,8.2,6.5,1.8,3.9,17.5,3.8,15.5,4.7,1.3,6.6,4.5,5.9,8.2,23,10.4,4.8,3.2,7.5,8,4.8,6.2,3.8,5.7,4.4,3.3,8.2,2.9,4.5,6.6,3.1,7.5,8.2,,,,,,,,,,,,,,,,,,,,,,,,,,,,,,,,,,,,,,,,,27.7,26.4,28.7,27.3,27.4,28.2,28.2,28.3,28.7,28.5,28,27.5,28.7,28,29,28.8,28.4,30.1,26.3,29.8,28.5,26.8,29.1,30.8,27.1,28.2,28.2,28.4,29.4,28.5,28.5,78,79,60,81,68,64,79,82,68,76,74,79,77,69,70,65,74,70,75,74,74,75,70,65,68,70,77,79,62,76,78,0.7,0.1,0,0.2,0,0,1.6,0.3,0,0.5,0,0.7,0.4,0,0,0,0,0,0,0.1,0.2,0,0,0,0.1,0,0,0.2,0,0.3,2.4,16.1,7.7,14.7,29.9,9.2,5.8,32.2,27.4,12.9,18.4,8.9,23,21.8,6.8,7,6.5,18.5,1.1,5.2,6.2,2.8,29.9,10.3,12.3,10.5,11.4,23.1,23.2,3.9,17.4,20.8,20.2,8.6,20.5,37.8,12.6,10.4,38.5,32,15.1,20.2,11.5,30.2,27.4,6.5,9,9.4,21.2,7.9,5,11.2,5.8,42.1,11.2,16.2,14,14,26.6,28.4,7.9,23.4,25.2,,,,,,22.2204,114.2127
2026-09-05T20:00,27.6,27.8,27.7,28.7,29.6,28.1,27.2,29.5,26.8,27.9,28.3,26.9,27.9,27.9,28.1,27.8,28.5,27.5,27.7,27.6,27.3,27.1,27.4,28.6,27.9,26.7,27,29.8,28.8,27.7,29.1,27.3,27.3,27.4,28.5,28.7,28.3,26.5,27.5,27.8,88,89,89,71,74,86,92,62,66,84,67,87,82,83,78,88,81,87,86,87,91,86,86,81,83,88,89,72,62,72,72,87,88,83,77,82,72,95,90,85,2.6,0.1,0.2,0,0,0,1,0,0,0.1,0,0.1,0.2,0.1,0.4,0.3,0.4,0.1,0.2,0.1,0.4,0.1,0.1,0,0.1,0.4,0.3,0,0,0,0,0,0.3,0,0,0.4,0,4,0,0,11,4.8,5.4,2.2,6.6,3.9,14.4,1.3,5.8,5.5,1.8,3,16.5,3.1,14.8,4.2,1.5,7.3,5,5.4,8.2,22.9,10.1,5.6,3.6,7.2,7.2,3.4,4.4,3.6,4.6,4,2.9,7.2,2.2,5.7,5.1,3,6.9,8.2,,,,,,,,,,,,,,,,,,,,,,,,,,,,,,,,,,,,,,,,,27.7,26.4,28.7,27.2,27.6,28.1,28,28.1,28.4,28.1,28,27.5,28.6,27.9,28.9,28.7,28.2,30,26.3,29.6,28.4,27,28.8,30.5,27,28.1,28.1,28.3,29.1,28.4,28.4,79,80,60,82,69,65,80,83,70,78,74,79,77,70,71,67,75,71,76,75,75,74,72,65,68,72,78,80,64,77,79,0.7,0.1,0,0.2,0,0,1.6,0.3,0,0.5,0,0.7,0.4,0,0,0,0,0,0,0.1,0.2,0,0,0,0.1,0,0,0.2,0,0.3,2.4,18.7,7.9,12.8,30.5,9.7,6.7,33.6,28.9,12.9,19.5,8.5,23.4,20.5,6.5,6.4,5.7,19.4,3.6,4.7,5.4,3.1,28.6,10,11.9,10.4,12.2,24.6,24.1,4.3,20,22.8,22.7,9,18,37.8,13.3,10.1,40.7,34.2,14.8,22,11.2,31,26.3,6.1,7.9,9,22.7,7.2,4.3,10.4,5.4,41.4,11.9,15.1,13.3,15.1,28.4,29.5,6.8,27,28.4,,,,,,22.2204,114.2127
2026-09-05T21:00,27.5,27.6,27.4,28.2,29.2,27.8,27.1,29.3,26.3,27.8,27.9,26.6,27.9,27.6,28,27.6,28.1,27.3,27.4,27.5,27.1,27,27.4,28.2,27.7,26.6,26.9,29.3,28.4,27.4,28.7,27,27.1,27.2,28.2,28.3,27.8,26.5,27.2,27.5,88,90,90,75,75,88,92,62,68,85,70,89,82,85,78,89,83,88,87,88,92,87,86,84,84,88,90,73,63,74,75,89,89,85,79,85,75,96,91,87,0.3,0.1,1.6,0,0,0.2,1.3,0,0,0.1,0,0,0,0,0,0.2,0.3,0.3,0.5,0,0.4,0,0,0,0.1,0.4,0,0,0,0,0,0.1,0,0,0,0,0,3.4,0,0.3,11,4.4,5.1,1.6,6.2,4.3,14.1,0.8,5,4.8,1.9,2.2,15,2.9,14.2,4.1,1.8,8,5.4,5,8.1,22.5,9.8,5.9,3.8,7.2,6.5,3.3,3.8,3.6,4.2,3.9,2.6,6.2,1.8,6.2,4.6,2.9,6.5,8.4,,,,,,,,,,,,,,,,,,,,,,,,,,,,,,,,,,,,,,,,,27.7,26.2,28.5,27.2,27.7,28,27.9,27.9,28.2,28,27.9,27.6,28.5,27.8,28.8,28.6,28.1,29.9,26.2,29.5,28.2,27.2,28.8,30.3,27,28.1,28.1,28.1,28.9,28.4,28.3,80,82,60,81,71,66,81,84,72,78,74,78,77,71,72,68,76,71,77,76,76,75,73,64,69,74,78,80,65,77,79,0.7,0.4,0,0.2,0,0,1.1,0.3,0,0,0,0.3,0,0,0.1,0,0.1,0,0,0,0.2,0,0,0,0,0,0,0.6,0,0.1,0.7,22.6,8.2,11.2,30.3,10.5,5.9,35.5,30,13.1,18.2,6.6,24,19.1,6.1,7.6,5.6,19.7,5.6,5.2,4.9,3.5,28.8,10,12.1,9.6,11.4,24.4,24.9,4.6,20.1,25.6,27.7,10.8,15.5,37.1,14.4,9,42.8,36,15.1,20.9,9.4,31.7,24.8,6.1,9.4,8.3,23.8,9.7,4.3,9.7,5.4,41,11.9,15.5,11.9,14,28.8,30.6,6.8,27,31.3,,,,,,22.2204,114.2127
2026-09-05T22:00,27.5,27.5,27.2,27.7,28.9,27.5,27.1,29.3,25.7,27.7,27.5,26.2,27.8,27.5,28,27.4,27.8,27.1,27.1,27.4,27.1,27,27.4,27.9,27.4,26.5,26.8,28.8,28.1,27.2,28.2,26.7,27,27.1,27.9,27.9,27.4,26.5,27,27.3,88,90,91,79,76,89,93,61,70,85,72,90,83,86,78,89,85,89,88,88,92,87,86,86,86,88,91,74,64,75,78,90,90,86,81,87,78,96,92,88,0.3,0.1,1.6,0,0,0.2,1.3,0,0,0.1,0,0,0,0,0,0.2,0.3,0.3,0.5,0,0.4,0,0,0,0.1,0.4,0,0,0,0,0,0.1,0,0,0,0,0,3.4,0,0.3,10.6,4.3,4.7,1.8,5.9,4.6,13.4,1.1,5.2,4.3,1.8,1.4,13.4,2.4,13.4,4.4,2.2,8.3,5.6,5,8.1,21.7,9.1,5.5,3.6,6.7,5.8,3.6,4.2,3.1,4,3.8,2.7,5.3,0.7,5.8,4.9,2.9,6.1,8.4,,,,,,,,,,,,,,,,,,,,,,,,,,,,,,,,,,,,,,,,,27.8,26.1,28.4,27.3,27.8,27.8,27.8,27.7,28.1,28,27.8,27.7,28.5,27.6,28.6,28.3,28.1,29.8,26.1,29.4,28.1,27.4,28.8,30.1,27,28,28.2,27.9,28.7,28.4,28.3,80,84,61,80,73,66,82,84,74,76,74,78,78,71,74,69,76,70,78,76,77,77,73,62,69,75,79,81,66,77,79,0.7,0.4,0,0.2,0,0,1.1,0.3,0,0,0,0.3,0,0,0.1,0,0.1,0,0,0,0.2,0,0,0,0,0,0,0.6,0,0.1,0.7,27,9.1,10,29.4,11.7,4.6,36.9,31.2,14.1,15.5,4.3,25.1,17.3,5.8,10.3,5.6,19.2,8.9,6,4.7,4.5,29.9,9.7,12.3,8.7,10,23.5,25.7,5.1,19.1,28.1,34.2,13.3,13,36,15.5,7.2,45,38.2,15.8,18,7.2,32.8,23,5.8,12.2,7.9,24.1,14.4,5,9,6.1,40.3,11.2,16.2,10.1,11.5,28.4,31.3,7.2,25.2,34.2,,,,,,22.2204,114.2127
2026-09-05T23:00,27.4,27.4,27,27.2,28.5,27.3,27,29.3,25.3,27.7,27.1,25.9,27.7,27.3,27.9,27.2,27.4,26.9,26.9,27.3,27,26.9,27.3,27.6,27.2,26.5,26.7,28.3,27.7,27,27.6,26.5,26.9,26.9,27.7,27.7,26.9,26.5,26.8,27,87,91,91,83,76,90,93,60,71,85,75,92,84,87,79,89,87,90,89,89,92,88,86,88,88,89,92,74,65,76,82,91,91,87,83,88,81,96,92,90,0.3,0.1,1.6,0,0,0.2,1.3,0,0,0.1,0,0,0,0,0,0.2,0.3,0.3,0.5,0,0.4,0,0,0,0.1,0.4,0,0,0,0,0,0.1,0,0,0,0,0,3.4,0,0.3,10.1,4.3,4,2.4,6.4,4.6,12.7,2.2,5.9,4,1.4,0.8,11.7,2.1,12.8,5.1,2.9,8.6,5.7,4.7,8,20.9,8.4,4.4,3.6,6.3,5.1,4.5,5,2.5,4.2,3.8,2.7,4.7,0.8,5.2,5.4,3.2,5.8,8.7,,,,,,,,,,,,,,,,,,,,,,,,,,,,,,,,,,,,,,,,,27.9,26,28.2,27.4,27.8,27.6,27.8,27.6,28,28,27.6,27.8,28.4,27.5,28.4,28.1,28.1,29.7,26,29.3,27.9,27.5,28.7,29.9,27,27.9,28.2,27.8,28.6,28.4,28.2,80,86,61,79,75,67,83,85,75,75,75,77,78,72,75,71,76,68,79,76,78,78,74,61,70,76,79,81,67,77,79,0.7,0.4,0,0.2,0,0,1.1,0.3,0,0,0,0.3,0,0,0.1,0,0.1,0,0,0,0.2,0,0,0,0,0,0,0.6,0,0.1,0.7,29.7,9.7,8.7,28.6,12.9,3.7,37.3,32,14.5,13.6,3.1,25.5,16.2,5.4,11.5,6.2,18.8,12.1,6.8,5.4,5.1,30.6,9,12.4,8,9.2,22.3,25.7,5.5,17.3,30.1,38.5,15.1,10.8,34.6,16.6,6.1,45.4,38.9,16.2,15.8,6.1,33.1,21.6,5.8,13.7,8.3,24.1,18.7,6.1,8.6,6.5,39.6,10.8,16.2,9.4,10.1,27.7,31.3,7.2,23,36,,,,,,22.2204,114.2127
2026-09-06T00:00,27.4,27.3,26.8,26.8,28.2,27.1,27,29.3,24.9,27.7,26.8,25.7,27.6,27.3,27.7,27,27.1,26.8,26.6,27.2,27,26.8,27.4,27.3,26.9,26.4,26.7,27.9,27.4,26.9,27,26.3,26.8,26.8,27.5,27.5,26.6,26.6,26.6,26.8,87,91,92,87,76,91,93,58,72,86,77,93,84,87,80,89,89,91,90,89,92,88,86,89,90,89,92,74,65,76,85,92,91,89,84,89,84,96,92,91,0.3,0.1,1.6,0,0,0.2,1.3,0,0,0.1,0,0,0,0,0,0.2,0.3,0.3,0.5,0,0.4,0,0,0,0.1,0.4,0,0,0,0,0,0.1,0,0,0,0,0,3.4,0,0.3,9.2,4,3.8,3.1,6.6,4.3,12,3.3,6.7,3.5,1,0.7,9.8,1.6,12.1,5.4,3.3,9,5.5,4.7,7.5,20.2,7.7,3.3,3.4,6.1,4.7,5.8,6.3,1.9,4.6,3.7,2.4,4.1,2.1,4.6,5.6,3.3,5.4,8.6,,,,,,,,,,,,,,,,,,,,,,,,,,,,,,,,,,,,,,,,,27.8,26,28,27.3,27.7,27.4,27.6,27.4,27.9,27.9,27.4,27.7,28.3,27.4,28.1,27.8,28,29.4,25.8,29.1,27.7,27.5,28.6,29.7,26.8,27.8,28,27.6,28.4,28.3,28,80,86,61,79,76,68,83,86,76,75,76,77,78,73,76,73,76,66,81,76,79,79,75,61,71,76,80,81,68,77,79,0.4,0.6,0,0,0,0.2,1.8,0.1,0,0,0.1,0,0,0,0.9,0.3,0,0,0,0.2,0.5,0,0,0,0,0.2,0.1,1.4,0,0.1,0,29.4,10.5,7.7,27.2,14.1,4.1,35.2,31.7,14.1,12.8,3.8,25.5,15.6,5.2,10.8,8,18.2,14.3,7.7,6.5,4.7,30.1,7.9,11.6,8.6,9.2,21.3,24.2,5.6,14.6,30.4,38.5,15.5,9,32.8,17.3,6.1,42.8,38.2,15.8,14.8,7.2,33.1,20.5,5.8,12.6,10.8,23.4,22.3,7.2,9.4,6.5,38.5,10.4,14.8,10.1,10.1,25.9,29.5,6.8,20.2,36.7,,,,,,22.2204,114.2127
2026-09-06T01:00,27.3,27.3,26.7,26.5,28,26.9,27,29.4,24.6,27.7,26.6,25.5,27.5,27.2,27.7,26.9,26.9,26.7,26.4,27.2,27,26.7,27.4,27.2,26.7,26.3,26.7,27.5,27.2,26.8,26.6,26.1,26.8,26.8,27.3,27.4,26.3,26.6,26.5,26.7,86,91,92,90,76,92,94,57,72,86,78,94,85,88,81,89,91,92,91,89,92,89,85,90,91,89,93,73,65,76,87,93,91,90,85,90,85,96,92,92,0.3,0.1,1.6,0,0,0.2,1.3,0,0,0.1,0,0,0,0,0,0.2,0.3,0.3,0.5,0,0.4,0,0,0,0.1,0.4,0,0,0,0,0,0.1,0,0,0,0,0,3.4,0,0.3,8.3,4,3.7,3.7,7.1,4.6,11.4,4.1,7.5,3.4,1.5,1,8.2,1.3,11.4,5.8,3.8,9.4,5.6,4.7,7.2,19.1,7.4,2.4,3.5,6,4,6.8,7.1,1.8,4.8,3.7,2.4,3.7,3.6,3.6,6.5,3.3,5,8.6,,,,,,,,,,,,,,,,,,,,,,,,,,,,,,,,,,,,,,,,,27.7,26.2,27.8,27.1,27.6,27.1,27.4,27.1,27.8,27.8,27.2,27.4,28.2,27.3,27.8,27.4,27.9,29.1,25.7,29,27.6,27.4,28.4,29.5,26.5,27.6,27.8,27.5,28.2,28.1,27.8,79,86,61,79,77,70,83,86,75,74,78,76,78,73,77,76,77,63,82,75,79,79,75,61,73,75,81,82,68,77,80,0.4,0.6,0,0,0,0.2,1.8,0.1,0,0,0.1,0,0,0,0.9,0.3,0,0,0,0.2,0.5,0,0,0,0,0.2,0.1,1.4,0,0.1,0,27.5,10.9,6.6,25.5,14.9,5.4,31.7,31.2,13.7,12.4,6.5,25.6,15,5.1,8.7,11.6,17.8,17,8.4,7.9,4.6,28.7,7.6,10.4,10.4,9.7,19.8,21.9,6,11.5,29.7,36,15.5,7.6,31,18,6.5,39.2,36.7,14.8,14,9.4,32.4,19.4,5.8,10.4,14,22,25.6,8.3,10.4,6.8,37.4,9.7,12.2,11.2,10.8,23.8,27,6.1,16.9,36.4,,,,,,22.2204,114.2127
2026-09-06T02:00,27.2,27.3,26.6,26.3,27.8,26.7,27,29.3,24.5,27.7,26.4,25.4,27.4,27.1,27.6,26.8,26.7,26.6,26.4,27.2,27,26.7,27.4,27.1,26.6,26.3,26.7,27.2,27,26.8,26.4,26,26.8,26.7,27.1,27.3,26.2,26.7,26.5,26.6,86,91,92,91,76,92,94,56,72,86,78,94,85,88,81,89,92,92,91,89,92,89,85,91,92,89,93,73,65,76,87,93,91,90,85,91,85,96,92,92,0.3,0.1,1.6,0,0,0.2,1.3,0,0,0.1,0,0,0,0,0,0.2,0.3,0.3,0.5,0,0.4,0,0,0,0.1,0.4,0,0,0,0,0,0.1,0,0,0,0,0,3.4,0,0.3,7.9,4.1,3.6,3.9,7.7,4.6,10.7,4.8,8.3,3,2.2,1.5,7.2,1.3,10.7,6.2,4.1,9.4,5.8,4.3,6.9,18.4,6.8,1.8,3.5,6,3.8,7.9,7.9,1.6,5.1,3.6,2.4,3.8,4.4,2.9,7.1,3.3,5.1,8.6,,,,,,,,,,,,,,,,,,,,,,,,,,,,,,,,,,,,,,,,,27.5,26.2,27.7,27,27.5,26.9,27.3,27,27.7,27.7,27,27.3,28.1,27.2,27.5,27.1,27.8,28.9,25.6,28.8,27.4,27.2,28.2,29.3,26.2,27.5,27.6,27.4,28.1,27.9,27.6,78,85,61,79,77,71,83,86,75,74,79,76,78,74,77,79,77,61,84,75,80,79,76,62,74,75,82,82,69,77,80,0.4,0.6,0,0,0,0.2,1.8,0.1,0,0,0.1,0,0,0,0.9,0.3,0,0,0,0.2,0.5,0,0,0,0,0.2,0.1,1.4,0,0.1,0,25.1,11.5,6.1,23.9,15.3,7,29.3,30.7,13.3,11.8,9,25.6,14.7,5.5,7.2,14.5,17.5,18.7,9.8,9.4,5.3,26.8,8.4,9.4,12.3,9.9,19.6,20.6,6,10,28.3,33.5,15.1,6.8,29.5,18,7.6,36,35.3,14,13.7,11.5,31.3,18.4,6.1,8.6,16.9,20.9,27.4,9.7,11.9,7.9,35.3,9.4,10.8,12.6,11.2,22.7,25.6,6.1,14.4,35.3,,,,,,22.2204,114.2127
2026-09-06T03:00,26.7,27.9,27.3,27.7,28.6,26.9,26.9,28.9,26.5,28.1,27.7,26.8,27.3,27.4,28.1,27,27.7,27.2,27.6,27.9,27.3,26.9,27.8,28.2,27.6,26.3,27.1,28.5,27.8,27.6,28.8,26.6,27.4,27.3,27.6,27.9,28,26.7,27.3,27.4,85,88,89,77,73,89,94,62,64,85,62,88,81,84,76,89,86,88,84,86,90,86,81,85,86,89,89,70,62,75,69,89,87,85,72,87,66,95,88,87,0,0,0.3,0,0,0.2,4.9,0,0,0.1,0,0,0,0.1,0,0.1,0,0.4,0,0,0,0.1,0,0,0.4,0.4,0.1,0,0,0,0,0.1,0.1,0,0,0,0,1.3,0,0.1,7.4,4.7,4.2,4,10.2,4.7,9.5,2.5,8.4,2.9,4,1.8,8.2,2.6,10.8,4,3.3,10,7,4.6,6.2,17.6,7.5,3.4,5.1,6.6,5.2,8.8,7.6,1.5,5.9,4.3,3.1,5.4,4.7,1.6,8.7,3.1,6.9,8.3,,,,,,,,,,,,,,,,,,,,,,,,,,,,,,,,,,,,,,,,,27.2,26.2,27.6,26.9,27.3,26.7,27.2,26.9,27.5,27.6,27,27.2,28,27.2,27.3,26.7,27.7,28.6,25.5,28.5,27.2,27,28.1,29.1,26,27.3,27.4,27.3,28,27.6,27.4,78,85,60,79,78,72,83,85,74,74,80,75,78,74,77,82,77,61,85,76,81,80,77,62,75,75,83,83,70,78,80,0,0.4,0,0.1,0.1,0.2,2.7,0.1,0,0,0,0,0,0,1.5,0.7,0.3,0,0,0.5,0.5,0,0,0,0,0.4,0.1,2.3,0,0,0,22.6,12.3,6.6,22.7,14.1,9.1,28.4,29.9,12.8,11.2,10.9,24.4,13.9,6.1,6.1,16,17.2,18.1,11.2,10.7,7.8,24.5,8.7,9.1,13.2,9.5,20.9,21.6,5.8,10.1,26.3,31,15.1,7.6,28.4,17.3,9.7,34.6,34.6,13.7,14,13,29.9,17.6,6.8,7.2,18.4,20.2,25.9,11.5,13.3,10.8,31.7,9,10.4,13.7,11.2,24.1,26.3,6.5,13.3,32.8,,,,,,22.2204,114.2127
2026-09-06T04:00,26.6,27.8,27.2,27.5,28.4,26.7,26.9,28.8,26.4,28.1,27.6,26.7,27.2,27.3,28.1,26.9,27.6,27.1,27.6,27.9,27.3,26.9,27.9,28.1,27.5,26.2,27.1,28.3,27.6,27.5,28.7,26.5,27.4,27.2,27.4,27.7,28,26.7,27.3,27.3,85,87,89,78,73,90,94,62,64,85,61,88,81,84,76,89,86,88,84,86,90,86,81,86,87,89,89,70,62,75,68,89,87,85,71,88,65,95,88,87,0,0,0.3,0,0,0.2,4.9,0,0,0.1,0,0,0,0.1,0,0.1,0,0.4,0,0,0,0.1,0,0,0.4,0.4,0.1,0,0,0,0,0.1,0.1,0,0,0,0,1.3,0,0.1,7.1,4.7,4.4,4.7,11,4.7,8.8,2.9,9.2,3.1,4.7,1.8,7.4,2.5,10.1,4,3.6,10.1,7.1,4.5,5.4,16.6,7.1,3.3,5.6,6.6,4.9,9.4,8.1,1.9,6.2,4.3,3.3,5.5,5.8,1.8,9.7,3.3,7,8.4,,,,,,,,,,,,,,,,,,,,,,,,,,,,,,,,,,,,,,,,,26.9,26,27.6,26.9,27.1,26.7,27.1,26.8,27.4,27.6,26.9,27.1,27.9,27.1,27.3,26.3,27.7,28.4,25.5,28.3,27,26.8,27.9,28.9,25.9,27.2,27.2,27.2,28,27.3,27.3,77,85,60,79,78,72,82,83,73,74,80,74,78,74,76,84,78,62,86,77,83,80,77,63,75,75,84,84,70,79,81,0,0.4,0,0.1,0.1,0.2,2.7,0.1,0,0,0,0,0,0,1.5,0.7,0.3,0,0,0.5,0.5,0,0,0,0,0.4,0.1,2.3,0,0,0,20.2,13,8.3,21.7,13.5,11.3,28.3,29.4,12.4,11.5,12.8,22.9,13.4,6.8,4.7,16.6,17.5,15.9,12.5,12.1,11.6,22.5,8.7,9.2,13.5,9.2,23.7,23.7,6,11,24.2,28.1,15.5,9.4,27.7,15.8,12.2,34.2,34.2,13.3,15.1,14,27.7,16.9,8.3,6.1,19.4,19.4,23,13,15.1,14.8,27.7,8.6,10.8,14.8,10.8,26.6,28.1,7.2,13,29.2,,,,,,22.2204,114.2127
2026-09-06T05:00,26.5,27.8,27.2,27.4,28.3,26.5,26.8,28.7,26.3,28.1,27.5,26.7,27.1,27.2,28.1,26.8,27.4,27.1,27.5,27.9,27.3,26.8,27.9,28,27.4,26.2,27.1,28.1,27.4,27.5,28.6,26.4,27.4,27.2,27.3,27.6,27.9,26.8,27.2,27.2,84,87,89,78,73,90,95,62,63,85,60,88,82,84,76,89,87,88,83,85,90,86,80,86,87,89,89,70,62,76,67,90,87,85,70,89,64,95,88,87,0,0,0.3,0,0,0.2,4.9,0,0,0.1,0,0,0,0.1,0,0.1,0,0.4,0,0,0,0.1,0,0,0.4,0.4,0.1,0,0,0,0,0.1,0.1,0,0,0,0,1.3,0,0.1,6.8,4.8,4.3,5.4,11.8,4.7,8.1,3.3,9.7,3.4,5,2.1,6.5,2.5,9.4,4,4,10.1,7.2,4.7,4.8,15.5,6.9,3.2,5.6,6.4,4.6,10.6,8.9,2.5,6.8,4.4,3.3,5.8,6.5,2.6,10,3.3,6.7,8.1,,,,,,,,,,,,,,,,,,,,,,,,,,,,,,,,,,,,,,,,,26.7,25.9,27.6,26.9,27,26.7,27,26.8,27.4,27.6,26.9,27.1,27.8,27.2,27.3,26.1,27.6,28.2,25.5,28.1,26.9,26.7,27.8,28.7,25.9,27.1,27.1,27.2,28,27.1,27.3,77,85,59,79,78,72,82,82,71,73,80,73,77,74,75,85,78,62,86,77,84,80,77,63,75,75,84,84,70,80,80,0,0.4,0,0.1,0.1,0.2,2.7,0.1,0,0,0,0,0,0,1.5,0.7,0.3,0,0,0.5,0.5,0,0,0,0,0.4,0.1,2.3,0,0,0,18.6,13.9,10.1,21.2,13.4,12.8,28.6,28.9,12.5,12.1,14.2,21.4,13.2,8.1,3.7,17.1,17.4,14.5,13.6,13.1,15,21.3,7.5,9.3,14.1,9.8,26.1,26.1,6.6,11.8,21.9,25.9,15.5,11.2,27,15.5,14,34.2,33.8,14,16.6,15.1,25.9,16.2,9,5.4,20.2,18.7,21.2,14,17.3,18,24.8,7.9,11.2,15.5,11.2,28.8,29.9,8.3,13,25.9,,,,,,22.2204,114.2127
2026-09-06T06:00,26.4,27.8,27.1,27.2,28.1,26.4,26.8,28.6,26.3,28.1,27.4,26.7,27,27.2,28.1,26.7,27.3,27.1,27.5,28,27.3,26.8,28,27.9,27.4,26.1,27.1,27.9,27.3,27.5,28.5,26.3,27.4,27.2,27.1,27.4,27.9,26.8,27.2,27.1,84,87,89,79,73,91,95,63,63,85,59,87,82,85,76,89,88,88,83,85,90,86,80,86,88,89,89,69,62,76,66,90,87,86,69,89,64,95,87,88,0,0,0.3,0,0,0.2,4.9,0,0,0.1,0,0,0,0.1,0,0.1,0,0.4,0,0,0,0.1,0,0,0.4,0.4,0.1,0,0,0,0,0.1,0.1,0,0,0,0,1.3,0,0.1,6.7,4.8,4.3,5.8,12.1,4.7,7.4,3.6,10,3.5,5.7,2.3,6.3,2.5,8.8,4,4,10.3,7.2,4.6,4.6,14.8,6.9,3.7,5.9,6.2,4.3,11.3,9,3.3,7.1,4.5,3.6,6.1,7.2,3.3,10.4,3.7,6.8,8.2,,,,,,,,,,,,,,,,,,,,,,,,,,,,,,,,,,,,,,,,,26.6,25.9,27.5,26.9,26.9,26.7,27.1,26.8,27.5,27.7,26.9,27,27.9,27.2,27.4,26.2,27.5,28.1,25.5,28,27.1,26.8,27.9,28.7,25.9,27,27.2,27.2,28,27.2,27.5,77,84,59,79,76,71,81,81,66,70,80,73,76,74,74,83,79,62,86,76,83,79,76,63,74,74,83,84,69,80,78,0,0.3,0,0,0,0,2.2,0,0,0,0.1,0,0,0,1.2,0.3,0.3,0,0,0,1,0,0,0,0,0.1,0.1,2.6,0,0,0,18,14.3,11.5,21,14.6,13.4,29.1,28.9,13.1,13.6,15.1,19.9,12.8,8.7,2.5,17.7,17.3,15.2,13.3,14.1,17.8,20.4,5.8,9.5,14,10.7,27.1,27.6,7.6,11.4,19.4,25.2,15.1,13.3,26.3,16.9,14.4,34.6,33.8,16.6,18.7,16.2,23.8,15.5,9,5.8,21.2,18.4,22,13.7,20.2,20.5,23.8,6.8,11.9,16.2,13,30.6,31.3,9.7,13.7,23.8,,,,,,22.2204,114.2127
2026-09-06T07:00,26.3,27.8,27.1,27.1,28,26.3,26.8,28.5,26.3,28.2,27.3,26.7,26.9,27.1,28,26.7,27.2,27.1,27.6,28,27.3,26.8,28,27.8,27.3,26.1,27.1,27.8,27.2,27.4,28.4,26.2,27.3,27.2,27,27.3,27.8,26.8,27.2,27.1,83,86,89,80,73,91,95,63,63,85,58,87,82,85,76,89,89,88,83,85,90,86,79,87,88,89,89,69,62,76,66,90,87,86,69,90,64,94,87,88,0,0,0.3,0,0,0.2,4.9,0,0,0.1,0,0,0,0.1,0,0.1,0,0.4,0,0,0,0.1,0,0,0.4,0.4,0.1,0,0,0,0,0.1,0.1,0,0,0,0,1.3,0,0.1,6.6,4.9,4.6,5.9,12.6,4.7,6.7,3.7,10.5,3.8,6,2.3,5.9,2.5,8.1,4.3,4.4,10.3,7.1,4.5,4.1,14.1,6.7,3.8,5.9,6,4.3,11.7,9.4,3.6,7.1,4.6,3.6,6.2,7.6,4,10.7,3.7,6.8,8.2,,,,,,,,,,,,,,,,,,,,,,,,,,,,,,,,,,,,,,,,,26.7,25.8,27.4,26.9,27,26.9,27.2,26.8,27.7,27.8,26.8,27,28,27.4,27.6,26.5,27.3,28,25.6,28,27.3,27,28.1,28.7,26.1,27,27.3,27.2,28.2,27.4,27.8,76,84,59,78,73,69,81,81,61,65,79,74,75,74,74,79,79,62,85,75,82,78,75,63,71,74,82,83,67,79,75,0,0.3,0,0,0,0,2.2,0,0,0,0.1,0,0,0,1.2,0.3,0.3,0,0,0,1,0,0,0,0,0.1,0.1,2.6,0,0,0,18,14.5,13,21.7,16.4,13.4,29.6,29.1,14.4,15.6,15.6,18.3,12.4,8.9,1.8,17.9,17.3,16.3,12.3,15.9,20.4,19.7,4.4,10.5,13.7,12.3,27.8,28.9,9.1,11.9,16.7,25.2,14.8,15.5,25.9,19.4,14.4,35.3,34.2,20.2,21.2,17.3,21.6,15.1,9,6.5,22,18,23.4,12.6,23,23,24.1,5.4,12.6,16.6,15.5,32,32.4,11.5,14.4,22.3,,,,,,22.2204,114.2127
2026-09-06T08:00,26.3,27.8,27.1,27.1,28,26.2,26.8,28.5,26.3,28.2,27.3,26.7,26.9,27.1,28,26.6,27.2,27.1,27.6,28,27.3,26.8,28.1,27.7,27.3,26.1,27.1,27.7,27.2,27.4,28.4,26.2,27.3,27.2,27,27.2,27.8,26.8,27.2,27.1,83,86,89,80,73,91,95,63,63,85,58,87,82,85,76,89,89,88,83,85,90,86,79,87,88,89,89,69,62,76,66,90,87,86,69,90,64,94,87,88,0,0,0.3,0,0,0.2,4.9,0,0,0.1,0,0,0,0.1,0,0.1,0,0.4,0,0,0,0.1,0,0,0.4,0.4,0.1,0,0,0,0,0.1,0.1,0,0,0,0,1.3,0,0.1,6.5,4.9,4.6,5.9,12.6,4.7,6.4,3.7,10.5,3.8,6,2.3,5.4,2.5,7.8,4.3,4.4,10.3,6.8,4.5,3.8,13.7,6.5,4.2,6.1,6,4,11.7,9.4,3.6,7.1,4.6,3.6,6.2,7.6,4.3,10.2,3.7,6.8,8.3,,,,,,,,,,,,,,,,,,,,,,,,,,,,,,,,,,,,,,,,,26.9,26,27.5,27.1,27.2,27.1,27.3,26.9,28,28,26.9,27.1,28.3,27.6,27.9,26.8,27.3,28.1,25.6,28.2,27.6,27.3,28.3,28.9,26.4,27.2,27.4,27.3,28.4,27.6,28.2,75,82,59,77,71,68,80,80,56,61,78,74,73,73,73,76,79,61,85,73,80,76,73,63,69,72,81,82,65,77,73,0,0.3,0,0,0,0,2.2,0,0,0,0.1,0,0,0,1.2,0.3,0.3,0,0,0,1,0,0,0,0,0.1,0.1,2.6,0,0,0,17.9,13.9,14.1,21.8,17.2,13,30.1,29.7,15.5,17.6,15.5,17.3,11.9,8.3,1.3,17.8,17.1,17.6,11.8,17.4,22.2,19.5,4,10.8,13.7,13.9,28.1,29.3,10.4,13.3,15,25.2,14,17.3,25.6,20.9,14,35.6,34.6,22.7,23.4,18,20.5,14,8.6,7.2,22,17.6,24.8,11.9,24.5,24.5,25.2,5,13.3,17.6,17.6,33.1,32.8,13,15.5,21.2,,,,,,22.2204,114.2127
2026-09-06T09:00,26.3,27.8,27.1,27.1,28,26.2,26.8,28.5,26.4,28.2,27.3,26.7,27,27.1,28,26.6,27.2,27.1,27.7,28,27.4,26.9,28.1,27.7,27.3,26.1,27.1,27.8,27.2,27.4,28.4,26.2,27.3,27.3,27,27.2,27.8,26.8,27.3,27.1,83,85,89,80,73,91,95,63,63,85,58,87,82,85,76,89,89,88,83,85,90,86,79,87,88,89,89,69,62,76,66,90,87,86,69,90,65,94,87,88,0,0,0,0,0,0.1,1.5,0,0,0,0,0,0,0,0,0,0.5,0.1,0,0,0,0.1,0,0.2,0.1,0,0.1,0,0,0,0,0,0.1,0.1,0,0,0,1.8,0,0.8,6.5,4.9,4.6,5.5,12.6,4.7,6,3.7,10.1,3.8,6,2.3,5.1,2.5,7.3,4.7,4.5,10.1,6.2,4.1,3.6,13.3,6.2,4.6,6.2,6,4,11.4,9,3.6,6.8,4.6,3.6,5.9,7.2,4.7,9.4,3.4,6.8,8.3,,,,,,,,,,,,,,,,,,,,,,,,,,,,,,,,,,,,,,,,,27.3,26.5,27.7,27.4,27.6,27.4,27.4,27.1,28.4,28.3,27.3,27.3,28.9,28.1,28.3,27.3,27.5,28.4,25.5,28.5,27.9,27.8,28.6,29.3,27,27.6,27.6,27.5,28.7,28,28.5,73,79,60,75,69,67,79,79,53,59,76,72,70,71,72,73,78,60,85,71,78,73,72,62,66,69,80,80,62,75,71,0,0,0,0,0,0,1.1,0,0,0,0,0,0,0,0.3,0,0,0,0.1,0,0.7,0,0,0,0,0,0,1.1,0,0,0,17.8,11.8,15.4,21.6,17.1,12.9,29.7,30.4,16.9,19.1,15.3,17.6,10.7,6.8,2.2,17,16.5,19.2,11.8,17.1,22.9,20.4,4.3,11.2,14.9,15.2,28.5,28.4,11.4,14.5,14.8,24.5,12.2,18,25.2,20.5,14,35.3,34.9,23.4,24.5,18.4,21.2,12.2,8.6,7.2,20.9,17.3,25.6,11.9,23,24.8,27.4,6.1,13.7,20.2,19.4,33.1,31.7,13.7,16.2,20.2,,,,,,22.2204,114.2127
2026-09-06T10:00,26.4,27.8,27.1,27.1,28.1,26.3,26.8,28.5,26.5,28.2,27.4,26.8,27,27,28,26.7,27.2,27.2,27.8,28,27.4,26.9,28.1,27.6,27.4,26.1,27.1,27.9,27.3,27.4,28.5,26.2,27.3,27.3,27,27.1,27.9,26.8,27.3,27.1,82,85,88,80,73,91,95,63,63,85,58,86,82,85,76,89,89,88,83,85,90,85,79,87,87,89,89,69,62,76,67,90,87,86,70,90,66,93,87,88,0,0,0,0,0,0.1,1.5,0,0,0,0,0,0,0,0,0,0.5,0.1,0,0,0,0.1,0,0.2,0.1,0,0.1,0,0,0,0,0,0.1,0.1,0,0,0,1.8,0,0.8,6.5,5.2,4.6,4.5,12,4.6,5.9,3.3,9.8,3.5,5.6,2.1,4.3,2.5,7,4.7,4.5,9.7,5.6,3.8,3.3,13.2,5.9,4.8,6.3,5.5,3.5,10.7,8.6,3.2,6.5,4.5,3.6,5.5,6.5,5.2,8.3,3.2,6.7,8.3,,,,,,,,,,,,,,,,,,,,,,,,,,,,,,,,,,,,,,,,,27.8,27.2,28.1,27.8,28.3,27.8,27.6,27.3,28.9,28.6,27.8,27.6,29.7,28.8,28.7,27.8,27.9,28.9,25.5,28.8,28.2,28.4,29,29.9,27.8,28.3,27.8,27.9,29.1,28.4,28.9,70,74,60,73,68,66,79,78,51,57,74,70,67,69,71,71,76,59,85,70,77,70,70,60,63,66,78,77,59,72,70,0,0,0,0,0,0,1.1,0,0,0,0,0,0,0,0.3,0,0,0,0.1,0,0.7,0,0,0,0,0,0,1.1,0,0,0,17.8,8.9,16.6,21.9,16.2,13,29.4,31.1,18.5,20.3,14.7,18.4,8.8,5.9,3.4,16.3,16,21.2,11.6,15.8,23,22.5,6.9,11.4,16.9,16.3,28.5,26.7,12.4,15.2,16.3,23.8,10.1,18.4,25.2,19.4,14,34.6,35.6,23.4,24.8,18.7,23,10.1,8.3,7.2,19.1,16.6,26.3,11.9,20.5,24.5,29.9,8.3,14,23,20.5,32.4,29.5,14,16.9,19.4,,,,,,22.2204,114.2127
2026-09-06T11:00,26.5,27.8,27.2,27.2,28.2,26.4,26.8,28.6,26.6,28.3,27.5,26.8,27.1,27,28,26.7,27.3,27.2,28,27.9,27.5,27,28.1,27.5,27.4,26.2,27.1,28.1,27.5,27.5,28.5,26.2,27.3,27.4,27.1,27,28,26.8,27.4,27.1,82,84,88,80,74,91,95,63,63,85,58,86,83,86,77,89,89,87,83,84,90,85,79,87,87,89,89,69,62,77,67,89,87,86,71,90,67,93,87,89,0,0,0,0,0,0.1,1.5,0,0,0,0,0,0,0,0,0,0.5,0.1,0,0,0,0.1,0,0.2,0.1,0,0.1,0,0,0,0,0,0.1,0.1,0,0,0,1.8,0,0.8,6.1,5.2,4.3,3.4,11.5,4.3,5.9,3,9,3.2,5.2,2,3.2,2.5,6.4,5,4.2,9.5,4.6,3.5,3.1,13.5,5.6,5.1,6.8,5.5,3.5,10,8.1,2.5,6.2,4.5,3.9,4.7,5.8,5.4,7.2,3.1,6.9,8.3,,,,,,,,,,,,,,,,,,,,,,,,,,,,,,,,,,,,,,,,,28.3,27.7,28.5,28.1,28.8,28.1,27.8,27.5,29.3,28.9,28.2,27.8,30.2,29.2,29.1,28.2,28.2,29.3,25.5,29.2,28.4,28.8,29.3,30.3,28.5,28.9,28,28.1,29.5,28.7,29.1,68,72,61,71,67,66,78,77,50,56,72,68,65,68,70,69,75,58,84,68,76,67,69,59,61,63,77,75,57,70,69,0,0,0,0,0,0,1.1,0,0,0,0,0,0,0,0.3,0,0,0,0.1,0,0.7,0,0,0,0,0,0,1.1,0,0,0,17.1,6.4,16.3,22.3,15.1,12.9,28.9,31.8,18.9,20.9,14.4,19.5,6.2,5.9,3.8,15.6,15.1,21.8,11.6,14.3,22.5,24.5,10.1,10.5,18.1,16.3,28.5,24.9,12.3,16.3,18.2,22.7,9,18,25.2,18.4,14,33.5,36,23,24.8,18.4,24.1,8.3,8.3,7.2,17.6,16.2,25.9,11.9,18,23.8,31.7,10.4,13.7,24.5,20.9,32,28.1,14,17.6,19.8,,,,,,22.2204,114.2127
2026-09-06T12:00,26.6,27.7,27.2,27.3,28.4,26.5,26.8,28.7,26.7,28.3,27.6,26.9,27.3,27.1,28,26.8,27.4,27.3,28.1,27.9,27.6,27.1,28.2,27.4,27.4,26.2,27.1,28.3,27.7,27.5,28.6,26.3,27.3,27.5,27.2,27,28,26.8,27.4,27.2,82,83,87,79,74,91,95,64,64,85,59,85,83,86,77,88,89,87,83,84,90,84,80,87,86,88,89,69,62,77,68,89,87,86,73,90,69,92,86,89,0,0,0,0,0,0.1,1.5,0,0,0,0,0,0,0,0,0,0.5,0.1,0,0,0,0.1,0,0.2,0.1,0,0.1,0,0,0,0,0,0.1,0.1,0,0,0,1.8,0,0.8,6.1,5.4,4.4,2.4,11,4.3,6.2,2.6,8.4,2.8,4.5,2.1,2.5,2.6,6.3,5.4,4.3,8.9,3.9,3.4,2.8,13.4,5.4,5.4,7.2,5.2,3.4,9,7.3,1.9,5.6,4.4,3.7,4,4.7,6,5.4,3.1,6.9,8.3,,,,,,,,,,,,,,,,,,,,,,,,,,,,,,,,,,,,,,,,,28.7,27.8,28.8,28.2,29.3,28.3,27.9,27.6,29.5,29.2,28.4,27.9,30.1,29.2,29.3,28.3,28.4,29.7,25.7,29.6,28.4,29,29.5,30.6,28.9,29.4,28.1,28.3,29.7,28.7,29.3,66,73,61,70,66,67,78,77,51,56,71,67,65,68,69,68,74,58,83,66,76,66,69,58,61,61,77,74,57,70,68,0,0.1,0,0,0,0,0.7,0,0,0,0,0,0.1,0.3,0.1,0,0.1,0,0,0,0.3,0,0,0,0,0,0,0.1,0,0,0,15.9,5.6,13.8,22.7,13.8,11.7,28.5,32.7,17.9,20.7,14.3,19.8,2.5,5.7,3.6,14.7,13.9,20,11.1,13.2,21.7,25.4,12,7.8,17.7,14,29.3,24,11.2,17.4,20.3,20.9,9.7,16.9,25.2,17.3,13.3,32.4,36.7,22.7,25.2,17.6,24.5,7.6,8.3,7.9,16.2,15.8,24.1,11.5,16.6,23,31.7,11.9,11.9,23.4,19.8,33.1,27.4,13.7,18.4,21.6,,,,,,22.2204,114.2127
2026-09-06T13:00,26.8,27.7,27.3,27.4,28.6,26.6,26.8,28.8,26.9,28.3,27.7,26.9,27.4,27.1,27.9,26.9,27.6,27.4,28.3,27.9,27.7,27.1,28.2,27.4,27.5,26.3,27.1,28.6,27.9,27.5,28.7,26.4,27.3,27.6,27.3,26.9,28.1,26.8,27.5,27.2,81,82,87,78,74,90,95,64,64,85,59,85,84,86,77,88,89,87,84,84,90,84,80,87,86,88,89,69,61,77,68,89,87,86,74,89,71,92,86,89,0,0,0,0,0,0.1,1.5,0,0,0,0,0,0,0,0,0,0.5,0.1,0,0,0,0.1,0,0.2,0.1,0,0.1,0,0,0,0,0,0.1,0.1,0,0,0,1.8,0,0.8,5.8,5.8,4.3,1.3,10.2,4.2,6.2,1.9,7.6,2.6,3.7,2.3,1.3,2.7,5.9,5.8,4.2,8.3,3,3.1,2.9,13.7,5.5,5.8,7.4,4.7,3.3,8,6.5,1.5,5.1,4.3,3.9,3.2,3.6,6.3,3.8,3.2,6.8,8.2,,,,,,,,,,,,,,,,,,,,,,,,,,,,,,,,,,,,,,,,,29.1,27.6,29.1,28.3,29.8,28.3,28.1,27.6,29.6,29.6,28.6,27.9,29.8,29,29.5,28.3,28.7,30.1,25.9,29.9,28.4,29,29.6,30.7,29.3,29.8,28.2,28.3,29.9,28.7,29.3,65,75,61,70,65,68,77,77,53,57,71,67,67,69,68,67,73,58,81,64,77,65,69,57,61,60,77,75,57,71,68,0,0.1,0,0,0,0,0.7,0,0,0,0,0,0.1,0.3,0.1,0,0.1,0,0,0,0.3,0,0,0,0,0,0,0.1,0,0,0,14.3,5.8,11.2,23.5,13.3,10.5,27.6,33.3,17.1,19.6,14.3,19.6,2.5,6.7,5.9,13.6,13.2,16.8,10.3,11.7,20.4,25.9,13,6,16.6,10.5,30.3,23.6,10.4,18.1,22.3,18.7,11.2,15.1,25.2,16.2,12.6,31.7,37.4,22,25.2,16.9,24.1,7.6,7.9,9.4,14.8,15.1,21.6,10.8,15.5,22,31,13,9.4,21.2,18,34.9,26.6,13,19.4,24.5,,,,,,22.2204,114.2127
2026-09-06T14:00,27,27.7,27.4,27.5,28.8,26.8,26.8,28.9,27,28.4,27.8,27,27.5,27.1,27.9,27,27.7,27.5,28.5,27.9,27.8,27.2,28.2,27.3,27.6,26.4,27.1,28.8,28.1,27.6,28.8,26.4,27.3,27.7,27.5,26.9,28.2,26.8,27.6,27.3,81,82,86,78,75,90,95,64,64,84,60,84,84,86,78,88,88,86,84,84,90,83,80,87,85,88,89,70,61,77,69,88,87,86,76,89,73,91,86,89,0,0,0,0,0,0.1,1.5,0,0,0,0,0,0,0,0,0,0.5,0.1,0,0,0,0.1,0,0.2,0.1,0,0.1,0,0,0,0,0,0.1,0.1,0,0,0,1.8,0,0.8,5.4,5.8,4.6,1.3,9.4,4,6.5,1.6,6.8,3,3.3,2.5,1.1,2.9,5.8,6.5,4.1,7.8,2.5,2.9,2.7,14,5.5,6.2,8,4.4,3.3,6.8,5.7,1.5,4.6,4.3,4.2,2.6,2.2,6.7,1.9,3.7,7.2,8.6,,,,,,,,,,,,,,,,,,,,,,,,,,,,,,,,,,,,,,,,,29.3,27.4,29.3,28.3,30,28.3,28.2,27.7,29.7,29.9,28.8,27.9,29.6,28.8,29.5,28.3,28.8,30.3,26.1,30.2,28.4,29,29.6,30.7,29.6,30.1,28.3,28.4,30,28.6,29.3,65,77,61,70,65,69,77,77,54,58,71,68,68,70,68,67,73,58,79,63,78,65,69,57,62,59,78,75,58,72,69,0,0.1,0,0,0,0,0.7,0,0,0,0,0,0.1,0.3,0.1,0,0.1,0,0,0,0.3,0,0,0,0,0,0,0.1,0,0,0,13.6,7.8,11.3,23.4,12.4,11.4,26.8,33,17.2,18.9,13.4,19.5,6,8.5,8.9,12.5,12.6,13.5,9,10.5,19.8,26.2,14.2,6.2,14.7,6.8,30.8,23.4,11.2,19.4,24.4,16.9,14.8,13.7,24.5,14.8,13.7,30.6,37.1,21.2,24.8,15.8,23.8,7.6,8.3,10.4,14,14.4,18.7,9.7,14.8,21.2,30.2,14.4,7.6,18.7,15.8,36,26.6,12.6,20.9,27.4,,,,,,22.2204,114.2127
2026-09-06T15:00,27.2,27.7,27.5,27.6,29,26.9,26.8,29.1,27.2,28.4,27.9,27,27.7,27.1,27.9,27.1,27.8,27.6,28.7,27.8,27.8,27.3,28.2,27.2,27.6,26.4,27.1,29.1,28.3,27.6,28.8,26.5,27.3,27.8,27.6,26.9,28.3,26.8,27.7,27.3,81,81,86,77,75,90,94,64,65,84,61,83,84,86,78,87,88,86,84,84,90,82,81,87,84,88,89,70,61,77,70,88,87,85,78,88,75,91,86,89,0,0,0,0,0,0.1,1.5,0,0,0,0,0,0,0,0,0,0.5,0.1,0,0,0,0.1,0,0.2,0.1,0,0.1,0,0,0,0,0,0.1,0.1,0,0,0,1.8,0,0.8,5.4,6.1,4.7,2.4,8.7,4.1,6.5,1.1,5.9,3.2,2.5,2.9,1.8,3.1,5.4,6.9,4.1,7.2,2.8,3.1,2.6,14.4,5.8,6.6,8.6,4.4,3.2,5.6,4.8,1.8,4.2,4.3,4.5,1.8,1.1,7.1,0,4.3,7.3,8.5,,,,,,,,,,,,,,,,,,,,,,,,,,,,,,,,,,,,,,,,,29.2,27.3,29.3,28.3,29.8,28.3,28.2,27.7,29.7,30.2,28.9,27.8,29.7,28.9,29.3,28.5,28.7,30.2,26.3,30.4,28.5,28.9,29.6,30.4,29.7,30.1,28.3,28.4,29.9,28.5,29.1,66,79,61,70,66,71,77,77,54,58,71,70,67,70,69,67,73,58,77,62,78,67,70,58,62,59,79,75,59,73,71,0,0.4,0,0,0,0,0,0,0,0,0,0,0.5,0.1,0,0,0,0,0,0,0,0,0,0,0,0,0,0,0,0,0,13,13.6,11.5,21.7,10.1,15.6,25.9,31.2,17,17.9,11.4,19.8,7.1,9.7,11.4,12.2,12,10,6.9,9.1,19.5,26,15.8,6.2,12,3.8,30.4,23.8,12.3,21.6,26.2,15.5,21.2,12.6,22.7,13,17.6,29.9,35.3,20.9,24.1,14,23,7.6,9.4,11.9,14,13.3,15.8,7.6,14.8,20.5,29.5,16.2,7.6,16.6,13.7,36,27.4,13,23,29.5,,,,,,22.2204,114.2127
2026-09-06T16:00,27.3,27.7,27.6,27.8,29.2,27.1,26.8,29.2,27.3,28.4,28.1,27.1,27.8,27.1,27.9,27.2,28,27.7,28.9,27.8,27.9,27.4,28.2,27.2,27.7,26.5,27.1,29.3,28.6,27.6,28.9,26.6,27.3,27.9,27.7,26.9,28.4,26.8,27.7,27.4,81,80,85,76,75,89,94,64,65,84,62,83,85,87,78,87,88,86,84,83,90,82,81,86,83,88,89,70,61,77,71,87,87,85,79,88,78,90,86,89,0,0,0,0,0,0.1,1.5,0,0,0,0,0,0,0,0,0,0.5,0.1,0,0,0,0.1,0,0.2,0.1,0,0.1,0,0,0,0,0,0.1,0.1,0,0,0,1.8,0,0.8,5.2,6.2,5,3.7,8.2,4.4,6.8,0.5,5.1,3.7,1.8,3.3,2.8,3.3,5.4,6.9,4.3,6.8,3.6,2.9,2.6,14.8,6.5,7.2,9,4.1,3.3,4.8,4,2.1,3.9,4.4,4.7,1.9,0.7,7.6,1.8,4.7,7.3,8.4,,,,,,,,,,,,,,,,,,,,,,,,,,,,,,,,,,,,,,,,,29,27.2,29.1,28.2,29.5,28.2,28.2,27.6,29.6,30.4,28.9,27.7,29.9,29,29,28.6,28.4,29.8,26.5,30.5,28.6,28.8,29.4,30,29.8,30,28.3,28.4,29.7,28.4,28.8,68,81,62,70,67,73,77,77,54,59,71,72,65,69,72,66,74,59,75,62,78,69,71,59,62,59,79,76,61,74,74,0,0.4,0,0,0,0,0,0,0,0,0,0,0.5,0.1,0,0,0,0,0,0,0,0,0,0,0,0,0,0,0,0,0,12.3,21.4,11.4,18.6,8,20.6,24.9,28.8,15.6,17,9.7,20.6,7.3,10.4,13.2,13,12,8.2,4.8,7.6,19.2,25.6,17.2,7.2,9.2,1.5,29.6,24.1,12.9,23.8,28.5,14.4,29.2,12.2,20.2,10.4,23,29.2,32.4,20.2,23,11.5,22.3,7.6,10.8,13.3,14.8,12.2,12.6,5.4,14.8,20.2,29.2,18.4,7.9,14.8,11.2,35.3,28.8,14,25.6,31.7,,,,,,22.2204,114.2127
2026-09-06T17:00,27.5,27.7,27.6,27.9,29.4,27.2,26.9,29.3,27.4,28.4,28.2,27.1,28,27.2,27.8,27.3,28.1,27.7,29,27.8,28,27.5,28.2,27.1,27.7,26.6,27.1,29.6,28.7,27.6,29,26.7,27.3,28,27.8,26.8,28.5,26.8,27.8,27.4,80,79,85,76,75,89,94,65,65,84,62,82,85,87,79,87,87,85,84,83,90,81,82,86,82,87,88,70,61,77,72,87,87,85,81,88,80,89,86,89,0,0,0,0,0,0.1,1.5,0,0,0,0,0,0,0,0,0,0.5,0.1,0,0,0,0.1,0,0.2,0.1,0,0.1,0,0,0,0,0,0.1,0.1,0,0,0,1.8,0,0.8,4.8,6.6,5.4,4.7,7.5,4.3,7.2,0.4,4.3,4.1,1.1,3.8,3.6,3.6,5.5,7.3,4.4,6.5,4.3,3.3,2.5,15.2,7,7.6,9.7,3.8,3.3,3.9,3.3,2.8,3.7,4.5,4.7,2.2,1.5,8.2,3.3,5.5,7.5,8.4,,,,,,,,,,,,,,,,,,,,,,,,,,,,,,,,,,,,,,,,,28.8,27.2,29,28.1,29.2,28.1,28.2,27.5,29.5,30.6,28.8,27.6,30,29.1,28.7,28.7,28.2,29.4,26.7,30.5,28.6,28.6,29.3,29.7,29.8,29.8,28.2,28.4,29.5,28.3,28.5,70,82,63,70,68,75,78,77,55,59,71,74,65,69,74,67,75,60,74,63,78,71,73,60,62,60,80,77,63,75,76,0,0.4,0,0,0,0,0,0,0,0,0,0,0.5,0.1,0,0,0,0,0,0,0,0,0,0,0,0,0,0,0,0,0,12,28,11.1,16.3,8,25,24.5,26.7,14.6,16.9,10.3,20.6,7.8,11,14.4,14.3,11.8,9,2.8,6.2,18.9,24.9,17.9,8.9,7.6,2.6,29.2,24.2,13.3,25.2,29.5,13.7,35.6,11.9,17.6,9,28.1,28.8,29.9,19.8,22.7,11.2,21.2,8.3,12.2,14.4,15.5,11.2,10.1,3.6,14.8,19.8,28.8,19.8,8.6,13,9.7,34.2,29.5,14.4,27,33.1,,,,,,22.2204,114.2127
2026-09-06T18:00,27.6,27.7,27.7,28,29.5,27.4,26.9,29.3,27.5,28.4,28.2,27.2,28.1,27.2,27.8,27.4,28.2,27.8,29.2,27.7,28.1,27.5,28.2,27.1,27.8,26.6,27.1,29.7,28.9,27.7,29,26.8,27.3,28.1,27.9,26.8,28.5,26.8,27.9,27.5,80,79,85,75,76,88,94,65,66,84,63,82,86,87,79,86,87,85,85,83,90,81,82,86,82,87,88,70,61,77,73,87,87,85,82,87,81,89,86,89,0,0,0,0,0,0.1,1.5,0,0,0,0,0,0,0,0,0,0.5,0.1,0,0,0,0.1,0,0.2,0.1,0,0.1,0,0,0,0,0,0.1,0.1,0,0,0,1.8,0,0.8,4.9,6.6,5.8,5.8,7.1,4.3,7.2,0.5,3.8,4.7,0.8,4.2,4.4,3.6,5.2,7.6,4.4,6.2,4.9,3.7,2.5,15.2,7.5,8.1,9.8,3.6,3.4,3.5,2.9,3.6,3.6,4.6,5.1,2.6,2.6,8.4,4.8,5.9,7.6,8.4,,,,,,,,,,,,,,,,,,,,,,,,,,,,,,,,,,,,,,,,,28.6,27.2,28.8,28.1,28.9,27.9,28,27.4,29.3,30.5,28.6,27.5,29.8,28.9,28.5,28.5,28.1,29,26.7,30.3,28.5,28.5,29.1,29.6,29.6,29.7,28.1,28.3,29.3,28.1,28.3,72,82,64,70,69,77,79,77,57,59,73,76,67,71,76,69,76,62,74,64,79,72,75,62,63,61,81,78,65,76,77,0,0.2,0,0,0,0,0.1,0,0,0,0.1,0,0,0,0.1,0,0,0,0,0,0,0,0,0,0,0,0,0,0,0,0,12.7,31.5,11.4,14.5,8.9,27.2,23.9,24.6,14.4,17.6,13.1,19.7,9.9,12.1,14.1,15,11.6,9.4,1.4,4.5,18.4,24.5,16.9,9.7,6.2,3.6,28.1,23.9,13.4,24.9,29.3,14,38.5,12.2,15.5,8.6,31.7,28.8,27.7,19.4,23.8,14,20.5,10.4,13.7,15.1,16.2,10.8,8.6,3.2,13.7,19.8,29.2,19.4,9,11.9,9.4,32.8,29.5,14.4,27.4,34.2,,,,,,22.2204,114.2127
2026-09-06T19:00,27.7,27.7,27.7,28.1,29.6,27.5,26.9,29.3,27.6,28.4,28.3,27.2,28.2,27.2,27.8,27.5,28.2,27.9,29.3,27.7,28.1,27.6,28.2,27,27.8,26.7,27.2,29.8,29,27.7,29,26.8,27.3,28.2,28,26.8,28.6,26.8,27.9,27.5,80,78,84,75,76,88,93,66,66,84,63,81,86,87,80,86,87,85,85,83,90,80,83,86,81,87,88,70,61,78,74,86,87,85,83,87,83,88,86,89,0,0,0,0,0,0.1,1.5,0,0,0,0,0,0,0,0,0,0.5,0.1,0,0,0,0.1,0,0.2,0.1,0,0.1,0,0,0,0,0,0.1,0.1,0,0,0,1.8,0,0.8,4.6,6.3,5.9,6.5,6.6,4.3,7.6,0.8,3.3,4.8,0.8,4.3,5,3.6,5.4,7.6,4.5,5.9,5.2,3.8,2.5,15.6,7.6,8.2,10.2,3.3,3.1,3.3,2.5,3.8,3.6,4.2,5,3.1,3.2,8.5,5.6,6.4,7.6,8.4,,,,,,,,,,,,,,,,,,,,,,,,,,,,,,,,,,,,,,,,,28.5,27.3,28.7,28,28.7,27.8,27.9,27.3,29.1,30.3,28.3,27.4,29.6,28.7,28.3,28.3,28,28.7,26.7,30,28.2,28.4,28.8,29.6,29.2,29.5,27.9,28.2,29.1,27.8,28.1,74,82,65,71,71,78,81,78,59,60,75,77,70,73,78,71,76,64,74,66,81,73,77,63,65,62,82,79,67,77,78,0,0.2,0,0,0,0,0.1,0,0,0,0.1,0,0,0,0.1,0,0,0,0,0,0,0,0,0,0,0,0,0,0,0,0,13.7,33.3,12,12.5,9.3,28.3,23.6,22.5,14.6,18.7,17.1,18.8,12.5,13,13.7,14.9,11,8.5,2.6,3,18,24,15.5,9.5,4.2,4.7,26.7,23.7,13.1,23.4,28.3,15.1,39.6,13,13.7,9,34.2,28.8,25.6,19.1,25.6,18.4,19.4,13.3,14.8,15.1,16.6,10.8,7.6,4,11.9,19.8,29.9,18,9.4,10.8,10.1,31,29.2,14,26.6,34.6,,,,,,22.2204,114.2127
2026-09-06T20:00,27.8,27.7,27.8,28.1,29.6,27.5,26.9,29.3,27.6,28.4,28.3,27.2,28.3,27.2,27.8,27.6,28.3,27.9,29.4,27.7,28.2,27.6,28.2,27,27.9,26.7,27.2,29.9,29.1,27.7,29,26.9,27.2,28.2,28,26.8,28.6,26.8,28,27.5,80,78,84,75,76,88,93,67,66,84,64,81,86,87,80,86,87,85,85,83,90,80,83,86,81,87,88,70,61,78,75,86,87,85,84,87,84,88,86,89,0,0,0,0,0,0.1,1.5,0,0,0,0,0,0,0,0,0,0.5,0.1,0,0,0,0.1,0,0.2,0.1,0,0.1,0,0,0,0,0,0.1,0.1,0,0,0,1.8,0,0.8,4.6,6.3,5.9,6.8,6.6,4.3,7.6,0.8,3.3,4.8,0.7,4.3,5,3.6,5,7.6,4.5,5.6,5.6,3.8,2.5,15.3,7.8,8.2,10.2,3.3,3.1,3.3,2.2,3.8,3.6,4.2,5,3.1,3.7,8.5,6.4,6.7,7.3,8.4,,,,,,,,,,,,,,,,,,,,,,,,,,,,,,,,,,,,,,,,,28.4,27.4,28.6,27.9,28.5,27.6,27.7,27.3,28.9,30,28.1,27.3,29.3,28.5,28.1,28.1,27.9,28.4,26.7,29.7,28,28.3,28.6,29.6,28.9,29.3,27.8,28.2,29,27.6,28,75,82,67,71,72,79,82,78,61,60,77,78,73,75,79,73,77,66,75,68,83,74,79,65,67,64,83,80,69,78,78,0,0.2,0,0,0,0,0.1,0,0,0,0.1,0,0,0,0.1,0,0,0,0,0,0,0,0,0,0,0,0,0,0,0,0,14.1,34.8,12.2,11,9.2,29.1,22.9,20.3,14.2,19.9,19.6,17.7,14.2,12.8,13.3,14.5,10.2,7.2,4.2,1.3,17.7,23.2,14.8,9.1,3.2,6.1,25.3,23.2,12.2,22,27.3,15.5,40.3,13.3,11.9,9,36,28.4,23.4,18,27,21.6,18.7,15.8,14.8,15.1,16.6,10.4,7.2,5,10.8,19.8,29.5,17.6,9.4,10.1,10.8,29.5,28.4,13.3,25.9,34.6,,,,,,22.2204,114.2127
2026-09-06T21:00,27.8,27.7,27.8,28.1,29.6,27.6,26.9,29.3,27.6,28.4,28.3,27.2,28.3,27.2,27.8,27.6,28.3,28,29.4,27.7,28.2,27.6,28.2,26.9,27.9,26.8,27.2,29.8,29.1,27.7,28.9,26.9,27.2,28.3,28,26.8,28.6,26.8,28,27.5,80,78,84,75,76,88,93,68,66,84,64,81,86,87,80,86,87,85,85,83,90,80,83,86,81,87,88,70,61,78,76,86,87,85,85,87,85,88,86,89,0,0,0,0,0,0.1,0.2,0,0,0,0,0,0,0,0,0,3.2,0,0,0,0,0,0,0.1,0,0,0,0,0,0,0,0,0.1,0,0,0,0,0.2,0,0.8,4.6,5.9,5.9,6.8,6.6,4,7.6,0.8,3.3,4.8,0.7,4.3,4.5,3.3,4.7,7.2,4.5,5.2,5.2,3.8,2.2,14.9,7.4,8.1,9.8,3.3,2.7,3.3,2.2,3.8,3.6,3.9,5,3.1,3.9,8,6.4,6.7,6.8,8.4,,,,,,,,,,,,,,,,,,,,,,,,,,,,,,,,,,,,,,,,,28.2,27.3,28.4,27.8,28.5,27.5,27.7,27.3,28.8,29.6,27.9,27.3,29.1,28.4,28.1,28,27.9,28.4,26.7,29.5,27.9,28.2,28.5,29.4,28.8,29.2,27.7,28.1,28.9,27.6,27.8,76,82,69,71,73,80,82,79,62,60,78,79,75,76,80,74,77,67,76,69,84,75,80,66,68,66,84,81,70,79,78,0.1,0.1,0,0,0,0.2,0,0,0,0,0.2,0,0,0,0.1,0,0,0,0,0,0,0,0.2,0,0,0,0.1,0,0,0,0,13.7,35.4,12.6,10,8,29.4,22.5,18.6,12.3,20.9,19.8,16.9,14.5,10.6,13,13.1,9.2,6.1,5.9,1.9,17.3,21.8,15.9,8.7,3,7.4,24.5,21.7,10.3,20.5,26.8,15.1,41,13.3,10.4,7.6,36.4,27.7,21.2,15.8,28.1,22,18,17.3,12.2,14.4,15.1,9.7,6.8,6.8,10.4,19.4,27.7,19.1,9.4,9.4,12.2,29.2,26.6,11.9,24.8,34.2,,,,,,22.2204,114.2127
2026-09-06T22:00,27.8,27.7,27.8,28.2,29.5,27.6,27,29.1,27.6,28.4,28.3,27.2,28.4,27.1,27.7,27.6,28.2,28,29.4,27.6,28.2,27.6,28.2,26.9,27.9,26.8,27.2,29.7,29,27.6,28.8,27,27.1,28.3,28,26.8,28.5,26.9,28,27.5,80,78,84,75,76,88,92,70,66,84,65,81,86,87,81,86,87,85,85,83,90,80,84,86,81,87,87,69,61,79,77,86,88,85,85,87,86,87,86,88,0,0,0,0,0,0.1,0.2,0,0,0,0,0,0,0,0,0,3.2,0,0,0,0,0,0,0.1,0,0,0,0,0,0,0,0,0.1,0,0,0,0,0.2,0,0.8,4.5,5.5,5.4,6.5,6.8,3.6,7.6,0.5,3.6,4.3,0.7,3.9,4,2.8,4.2,7.2,4.2,4.8,5,3.3,2.2,14.1,7,7.6,9.4,3.1,2.3,3.3,2.2,3.3,3.3,3.8,4.7,2.5,3.9,7.7,6.5,7,6.4,8.4,,,,,,,,,,,,,,,,,,,,,,,,,,,,,,,,,,,,,,,,,28.1,27.3,28.3,27.7,28.5,27.4,27.7,27.3,28.7,29.2,27.8,27.3,28.9,28.4,28.1,28,27.9,28.4,26.8,29.4,27.8,28.2,28.4,29.3,28.7,29.1,27.7,28.1,28.9,27.6,27.7,77,83,72,71,74,80,82,80,62,60,78,79,77,76,80,75,78,67,78,70,85,75,81,67,69,68,85,82,71,79,78,0.1,0.1,0,0,0,0.2,0,0,0,0,0.2,0,0,0,0.1,0,0,0,0,0,0,0,0.2,0,0,0,0.1,0,0,0,0,13,35,12.6,8.9,5.4,29,22.4,16.8,9,21.6,18.6,15.9,14.3,7.4,12.2,11.2,8,6,7.2,4.2,16.6,20,17.4,8.4,3.7,8.5,24.5,20.1,9,19.5,26.5,14.4,41,12.6,9,5.4,35.6,26.6,19.4,13.3,28.8,21.6,17.3,18.4,8.3,13.7,13,8.6,7.2,9,10.8,19.1,25.2,20.9,9.4,8.6,14,29.5,24.5,10.4,23,33.5,,,,,,22.2204,114.2127
2026-09-06T23:00,27.7,27.6,27.8,28.2,29.4,27.6,27,29,27.5,28.3,28.2,27.2,28.4,27.1,27.7,27.7,28.2,28,29.4,27.6,28.2,27.6,28.2,26.9,27.9,26.8,27.2,29.5,28.9,27.6,28.6,27,27.1,28.3,28,26.8,28.5,26.9,28,27.5,80,78,84,76,76,88,92,71,66,85,65,81,86,87,82,85,88,85,85,83,90,79,84,86,81,87,87,69,62,79,79,86,88,85,85,87,86,87,86,87,0,0,0,0,0,0.1,0.2,0,0,0,0,0,0,0,0,0,3.2,0,0,0,0,0,0,0.1,0,0,0,0,0,0,0,0,0.1,0,0,0,0,0.2,0,0.8,4.5,4.7,5.1,5.8,7.2,3.4,7.2,0.5,4.1,3.9,0.5,3.4,3.2,2.6,4.1,6.5,4.4,4,4.3,2.9,1.9,13.4,6.5,7.1,9,3.1,2.2,3.4,2.5,2.5,3.2,3.3,4.7,2.5,3.8,6.6,5.8,6.9,5.5,8.4,,,,,,,,,,,,,,,,,,,,,,,,,,,,,,,,,,,,,,,,,27.9,27.2,28.2,27.6,28.5,27.3,27.6,27.3,28.7,28.8,27.7,27.2,28.7,28.3,28.1,28,27.9,28.5,26.9,29.3,27.7,28.2,28.3,29.1,28.6,29.1,27.6,28,28.8,27.5,27.6,77,83,73,71,74,80,82,80,62,60,79,79,78,76,80,75,78,67,79,70,86,75,82,68,70,69,85,82,72,80,78,0.1,0.1,0,0,0,0.2,0,0,0,0,0.2,0,0,0,0.1,0,0,0,0,0,0,0,0.2,0,0,0,0.1,0,0,0,0,12,34.2,11.7,7.9,2.5,28.6,21.6,15,6.1,21.7,18.4,14.8,14.8,4.3,11.7,8.9,6.8,7.2,7.9,6.5,16.2,18.2,18.6,8.3,5.1,9.1,23.8,18.5,9.7,18.4,25.8,13.7,40.7,11.9,7.9,5,34.6,25.2,17.3,11.2,28.8,21.6,16.2,19.4,5.4,13.3,10.8,7.6,7.9,10.4,12.2,18.7,22.7,22.3,9.4,9,15.1,29.2,22.3,9.7,22,32.8,,,,,,22.2204,114.2127
2026-09-07T00:00,27.7,27.6,27.8,28.1,29.2,27.5,27,28.8,27.4,28.2,28.1,27.2,28.4,27.1,27.7,27.7,28.1,28,29.4,27.6,28.2,27.6,28.2,26.8,27.9,26.8,27.3,29.3,28.8,27.6,28.5,27,27,28.2,27.9,26.8,28.4,26.9,28,27.5,80,78,84,76,76,88,92,73,66,85,65,81,86,87,82,85,88,85,86,83,90,79,85,86,81,87,87,68,62,80,81,86,89,85,86,88,86,87,87,87,0,0,0,0,0,0.1,0.2,0,0,0,0,0,0,0,0,0,3.2,0,0,0,0,0,0,0.1,0,0,0,0,0,0,0,0,0.1,0,0,0,0,0.2,0,0.8,4.4,4.3,4.7,5.1,7.7,2.9,7.3,0.7,4.5,3.3,0.8,3,1.9,1.9,3.7,6.1,4.3,3.6,3.3,2.5,1.8,12.6,5.7,6.2,8.3,3.4,1.5,3.4,2.9,1.8,3.3,2.9,4.3,2.3,3.6,5.4,5.2,6.5,5.1,8,,,,,,,,,,,,,,,,,,,,,,,,,,,,,,,,,,,,,,,,,27.9,27,28.1,27.5,28.5,27.3,27.5,27.3,28.5,28.5,27.4,27.1,28.6,28.2,28,28,27.8,28.5,26.8,29.2,27.6,28.1,28.2,28.9,28.4,29.1,27.6,27.9,28.6,27.4,27.6,77,83,73,71,72,80,82,80,61,60,80,79,79,76,81,75,78,67,80,69,86,75,82,69,71,69,85,82,73,80,78,0,0.4,0.1,0,0,0.3,0,0,0,0,0.4,0,0,0,0.2,0,0.2,0,0.4,0,0.4,0,0.5,0,0.1,0.1,0.2,0,0,0,0,11.2,32.6,9.4,6.1,1.9,27.5,20.2,12.7,3.3,20.5,19.9,13.3,16.2,2.5,11.6,6.4,4.3,8.2,6.9,8.4,15.9,17,18.5,8.5,6.8,8.7,22.8,17.3,11.2,18.1,25.4,13,38.9,9.7,6.8,7.9,33.5,23,14.4,9,27,23.4,14.8,20.9,5,13.7,7.9,5.8,9.7,9.7,14.4,18.4,20.5,22,9.4,11.2,14.8,27.4,20.9,11.2,21.2,32.4,,,,,,22.2204,114.2127
2026-09-07T01:00,27.6,27.6,27.8,28.1,29.1,27.5,27,28.6,27.3,28.2,28.1,27.2,28.4,27,27.7,27.7,28,28,29.4,27.6,28.2,27.6,28.2,26.8,28,26.8,27.3,29,28.7,27.5,28.3,27.1,26.9,28.2,27.8,26.8,28.3,27,28,27.5,80,79,84,76,76,87,91,75,66,86,66,81,86,87,83,85,89,86,86,83,90,79,85,86,81,87,86,68,63,81,82,86,89,86,86,88,87,87,87,86,0,0,0,0,0,0.1,0.2,0,0,0,0,0,0,0,0,0,3.2,0,0,0,0,0,0,0.1,0,0,0,0,0,0,0,0,0.1,0,0,0,0,0.2,0,0.8,4.7,3.7,4,4.3,8.2,2.8,7.5,0.8,5.2,2.5,1.1,2.2,0.7,1.4,3.3,5.5,4.1,3.1,2.9,2.3,1.8,11.5,4.8,5.8,7.6,3.5,1.5,4.1,3.3,1.1,3,2.2,4,2.5,3.4,4.3,4.2,6.5,4.4,8.1,,,,,,,,,,,,,,,,,,,,,,,,,,,,,,,,,,,,,,,,,27.8,26.9,28.1,27.4,28.5,27.3,27.3,27.2,28.3,28.1,27,26.9,28.5,28.1,27.9,27.9,27.7,28.5,26.8,29.1,27.5,27.9,28.1,28.8,28.3,29.1,27.5,27.8,28.3,27.3,27.5,77,82,72,71,69,79,83,79,60,60,81,78,80,77,82,74,78,68,81,67,86,75,82,70,71,69,84,82,74,81,77,0,0.4,0.1,0,0,0.3,0,0,0,0,0.4,0,0,0,0.2,0,0.2,0,0.4,0,0.4,0,0.5,0,0.1,0.1,0.2,0,0,0,0,10.5,30.6,7.4,5.2,7.3,26.1,18.4,10.4,1.1,19.1,22.3,11.8,17.4,4.2,12.3,3.4,2.3,9.3,5.2,10.1,15.7,16.2,18.1,8.3,9.2,8.4,20.9,16.6,12.9,18.3,25.6,11.9,36.4,6.8,5.8,12.2,32,20.5,11.5,7.6,24.5,25.9,13,22.7,6.1,14.8,4.7,4.3,11.9,8.3,17.6,18,18.7,21.2,9.4,14.4,13.7,24.8,19.4,13.7,20.9,31.7,,,,,,22.2204,114.2127
2026-09-07T02:00,27.5,27.6,27.8,28.1,28.9,27.5,27,28.4,27.2,28.1,28,27.2,28.4,27,27.7,27.7,27.9,27.9,29.3,27.6,28.2,27.5,28.1,26.8,28,26.8,27.3,28.7,28.5,27.5,28.1,27.1,26.8,28.2,27.7,26.8,28.3,27,28,27.4,80,79,84,77,76,87,91,77,66,86,66,81,87,87,84,85,90,86,86,83,90,79,85,87,81,87,86,67,63,81,84,86,90,86,86,88,87,86,87,85,0,0,0,0,0,0.1,0.2,0,0,0,0,0,0,0,0,0,3.2,0,0,0,0,0,0,0.1,0,0,0,0,0,0,0,0,0.1,0,0,0,0,0.2,0,0.8,4.7,3.2,3.8,3.3,9.2,3.1,7.3,1.3,6,2.2,1.4,1.8,0.8,1.6,2.9,4.9,4.1,3.3,2.9,1.8,1.8,10.5,4,5.1,6.9,3.5,1.9,4.6,4,0.8,3.1,1.9,3.4,2.7,3.4,3.4,3.6,6.5,4,8.1,,,,,,,,,,,,,,,,,,,,,,,,,,,,,,,,,,,,,,,,,27.8,26.7,28.1,27.3,28.5,27.3,27.1,27.2,28.2,27.9,26.8,26.8,28.5,28,27.9,27.8,27.6,28.5,26.7,29,27.4,27.8,28.1,28.6,28.2,29,27.5,27.7,28.1,27.2,27.5,77,82,71,71,66,79,83,79,60,60,82,78,80,77,82,74,78,68,81,64,86,75,82,70,71,68,84,82,74,81,76,0,0.4,0.1,0,0,0.3,0,0,0,0,0.4,0,0,0,0.2,0,0.2,0,0.4,0,0.4,0,0.5,0,0.1,0.1,0.2,0,0,0,0,9.7,28.8,6.6,4.6,11.3,25.5,17,8.8,2.3,17.8,24.8,11.5,17.5,6.3,13.6,0.8,4.1,10.4,4.6,12,16,15.5,17.7,8.3,11.2,8.4,19.5,16.2,13.9,18.5,24.4,11.2,34.6,6.5,5.4,15.8,31.3,18.4,9.4,6.8,22.7,28.1,12.2,23,7.2,16.2,2.9,4.3,13.3,7.2,21.6,18,17.6,20.2,9.4,16.9,14,22.7,18.7,15.5,20.9,30.2,,,,,,22.2204,114.2127
2026-09-07T03:00,27.4,27.6,27.7,28,28.7,27.4,27,28.2,27.1,28,27.9,27.2,28.3,27,27.7,27.7,27.8,27.9,29.3,27.5,28.2,27.5,28.1,26.8,28,26.8,27.3,28.5,28.3,27.5,27.9,27.1,26.7,28.2,27.6,26.8,28.2,27,28,27.4,80,79,84,77,76,87,90,79,66,87,66,81,86,87,84,85,90,86,86,83,90,79,86,87,81,87,85,66,63,82,86,85,90,86,86,89,87,86,88,84,0,0,0,0,0,0.1,0.2,0,0,0,0,0,0,0,0,0,3.2,0,0,0,0,0,0,0.1,0,0,0,0,0,0,0,0,0.1,0,0,0,0,0.2,0,0.8,4.7,2.8,3.2,2.4,9.7,3.6,7.6,1.8,6.6,2.1,2.2,1.5,2.1,1.8,2.6,4.5,4,3.6,3.1,2.1,2.2,9.6,3.3,4.6,5.9,3.9,2.2,5.5,4.5,1.5,2.9,2,3.2,3.7,3.6,2.3,2.5,6.3,3.8,8.2,,,,,,,,,,,,,,,,,,,,,,,,,,,,,,,,,,,,,,,,,27.7,26.6,28.1,27.2,28.3,27.2,27.1,27.2,28,27.7,26.6,26.7,28.4,27.8,27.9,27.6,27.6,28.5,26.7,28.9,27.3,27.6,28,28.5,28.1,28.9,27.4,27.6,28,27.1,27.5,77,82,69,71,64,79,83,79,61,59,83,78,81,78,82,74,78,68,80,61,86,75,82,70,71,67,84,82,74,81,75,0,0.4,0,0,0,0,0.1,0,0,0,0.3,0.1,0,1.9,0.8,0,0.4,0,0.5,0,1.3,0,0.9,0,0,0,1.6,0,0,0,0,8.7,28,7.3,3.6,13.1,25.8,16,8.2,4.6,17.5,26.2,12.2,16.2,7.9,15,1.6,7.3,11,5,15,17.1,15.2,17.3,8,11.9,9.6,17.3,16.5,14.2,18.8,21.6,10.4,33.8,9.7,5.4,17.6,31.7,17.3,8.6,7.9,22.7,29.5,13,21.2,8.6,18.4,2.9,7.6,13.7,7.2,28.1,19.1,17.6,19.4,9,18.4,16.6,20.2,18.7,15.5,20.9,27.4,,,,,,22.2204,114.2127
2026-09-07T04:00,27.3,27.6,27.7,28,28.5,27.4,27.1,28,26.9,28,27.8,27.1,28.3,26.9,27.7,27.7,27.7,27.9,29.2,27.5,28.2,27.4,28.1,26.8,28,26.8,27.4,28.2,28.2,27.4,27.7,27.1,26.7,28.1,27.6,26.9,28.1,27.1,28,27.4,80,80,85,78,76,87,90,81,66,87,67,82,86,87,85,84,91,86,86,84,89,79,86,87,82,87,85,66,64,83,87,85,91,86,86,89,87,86,88,83,0,0,0,0,0,0.1,0.2,0,0,0,0,0,0,0,0,0,3.2,0,0,0,0,0,0,0.1,0,0,0,0,0,0,0,0,0.1,0,0,0,0,0.2,0,0.8,4.7,2.9,3.3,1.5,10.2,4,7.6,2.1,7.6,1.8,2.6,1.6,3.4,1.9,2.4,4.4,3.9,3.9,4.1,2.3,2.5,9.1,2.7,4.5,5.4,3.8,2.9,6,4.9,2.2,3.1,2.1,2.9,4.3,3.6,1.8,1.9,6.5,4.2,7.9,,,,,,,,,,,,,,,,,,,,,,,,,,,,,,,,,,,,,,,,,27.5,26.6,28.1,27.1,28.1,27.2,27.2,27.2,27.9,27.6,26.5,26.6,28.3,27.7,27.9,27.4,27.6,28.4,26.7,28.8,27.2,27.5,27.8,28.5,28,28.6,27.2,27.5,28,26.9,27.5,76,82,67,72,63,80,82,79,61,59,84,79,82,79,82,75,77,68,79,57,86,76,82,70,70,65,83,82,75,80,74,0,0.4,0,0,0,0,0.1,0,0,0,0.3,0.1,0,1.9,0.8,0,0.4,0,0.5,0,1.3,0,0.9,0,0,0,1.6,0,0,0,0,7.6,28.2,10.5,3.4,13.6,27,15.5,8.5,7.7,17.1,26.7,13.7,14.6,9,17,3.6,10.8,11.1,6.2,19.1,18.5,15.8,17,7.7,12.4,12.3,15.2,17,13.3,19,18.6,9.7,33.5,15.5,6.1,18.7,32,16.6,9,10.4,23,30.2,14.8,18.7,10.4,20.5,4.3,12.2,13,7.9,36,21.2,18.4,18.7,8.3,19.8,20.5,18,19.4,14.8,21.2,23.8,,,,,,22.2204,114.2127
2026-09-07T05:00,27.2,27.6,27.7,28,28.3,27.4,27.1,27.8,26.8,27.9,27.7,27.1,28.3,26.9,27.7,27.7,27.6,27.9,29.2,27.5,28.2,27.4,28.1,26.8,28,26.8,27.4,27.9,28,27.4,27.6,27.1,26.6,28.1,27.5,26.9,28.1,27.1,28,27.4,80,80,85,79,76,87,89,83,66,87,67,82,86,87,86,84,91,87,86,84,89,79,86,87,82,87,85,65,64,83,88,85,91,86,86,89,87,86,88,83,0,0,0,0,0,0.1,0.2,0,0,0,0,0,0,0,0,0,3.2,0,0,0,0,0,0,0.1,0,0,0,0,0,0,0,0,0.1,0,0,0,0,0.2,0,0.8,4.7,3,3.1,1.4,11,4.7,7.8,2.4,8,2.3,3,1.8,4.7,2.6,2.3,4.1,4.2,4.5,5.1,2.5,2.9,8.6,2.5,4.3,4.8,3.8,3.3,7,5.6,2.9,3.1,2.3,2.8,5,4.1,2,1.8,6.3,4.6,8,,,,,,,,,,,,,,,,,,,,,,,,,,,,,,,,,,,,,,,,,27.5,26.6,28.1,27.1,27.9,27.2,27.3,27.3,27.9,27.5,26.5,26.6,28.3,27.6,27.9,27.3,27.7,28.3,26.7,28.7,27.2,27.4,27.8,28.5,27.9,28.5,27.1,27.4,28.1,26.9,27.6,75,81,65,72,62,80,81,79,62,58,84,80,81,79,81,75,75,68,78,54,85,76,82,70,69,64,83,82,74,80,73,0,0.4,0,0,0,0,0.1,0,0,0,0.3,0.1,0,1.9,0.8,0,0.4,0,0.5,0,1.3,0,0.9,0,0,0,1.6,0,0,0,0,7.2,27.7,14,5.4,14.3,27.6,15.5,9.2,10.2,17.1,27,15,13.5,10,17.5,5.2,13.4,11.1,7.3,21.6,19.9,15.9,16.7,6.7,13.4,15.2,14.8,17.6,12.1,18.9,16.6,9,32.8,20.2,6.8,19.8,32.4,16.6,9.4,13,23.8,31,16.6,17.3,11.9,21.6,5.8,16.6,13.3,9,40.3,22.7,18.7,18.4,7.6,20.9,24.1,16.9,20.2,13.7,21.2,20.9,,,,,,22.2204,114.2127
2026-09-07T06:00,27.1,27.6,27.7,27.9,28.2,27.4,27.1,27.6,26.7,27.9,27.6,27.1,28.3,26.9,27.7,27.7,27.6,27.9,29.1,27.5,28.2,27.4,28.1,26.8,28,26.8,27.4,27.7,27.9,27.4,27.4,27.2,26.6,28.1,27.4,27,28,27.1,28,27.3,80,80,85,79,76,87,89,84,66,87,68,82,86,86,86,84,91,87,86,84,89,79,87,87,82,87,84,65,64,83,89,85,91,87,86,89,87,86,88,82,0,0,0,0,0,0.1,0.2,0,0,0,0,0,0,0,0,0,3.2,0,0,0,0,0,0,0.1,0,0,0,0,0,0,0,0,0.1,0,0,0,0,0.2,0,0.8,4.7,3.2,3.2,1.6,11.6,5.2,8,2.4,8.7,2.5,3.1,2.2,5.5,2.9,2.5,4.1,4.1,4.7,5.6,2.9,3.3,8.2,2.4,4.3,4.4,3.8,3.7,7.6,5.7,3.3,3.1,2.6,2.8,5.4,4.2,2.4,1.9,6.4,5.2,8,,,,,,,,,,,,,,,,,,,,,,,,,,,,,,,,,,,,,,,,,27.5,26.6,28.1,27.2,27.8,27.1,27.3,27.3,27.8,27.4,26.6,26.5,28.4,27.7,28,27.4,27.8,28.4,26.9,28.6,27.2,27.5,27.7,28.5,27.8,28.3,27.1,27.4,28.2,26.9,27.7,74,80,63,72,61,80,80,79,62,58,83,81,79,78,80,75,72,66,77,52,84,75,82,70,67,63,83,81,72,80,73,0,0.3,0,0,0,0.2,0.1,0,0,0,0,0.2,0,1.6,0.7,0,0,0,0.1,0,0.8,0,0.6,0,0,0,0.6,0,0,0,0,7,26.6,16.5,6.9,15.3,26.8,16.6,10.2,12.4,17.1,27.3,16.2,13.2,10.2,16.2,6.8,15,11,8.5,21.3,20.7,15,16.9,4.7,14.8,17.1,16.5,17.7,10.1,18.4,15.6,8.6,31.7,23,7.9,21.6,31.7,18,10.1,15.5,24.1,31.3,18,19.1,13.3,20.2,7.6,19.4,14.8,10.4,38.9,23.8,18.4,18.7,6.1,22.3,26.6,18.7,21.2,13,20.5,19.4,,,,,,22.2204,114.2127
2026-09-07T07:00,27.1,27.6,27.7,27.9,28.1,27.4,27.1,27.5,26.7,27.9,27.5,27.1,28.3,26.9,27.7,27.7,27.6,27.9,29.1,27.5,28.2,27.3,28.1,26.8,28,26.9,27.5,27.5,27.8,27.3,27.3,27.2,26.5,28,27.3,27,28,27.2,27.9,27.3,80,81,85,80,75,87,88,85,66,87,68,82,86,86,86,84,91,87,86,84,89,79,87,87,82,87,84,64,64,84,90,85,91,87,86,89,87,85,88,81,0,0,0,0,0,0.1,0.2,0,0,0,0,0,0,0,0,0,3.2,0,0,0,0,0,0,0.1,0,0,0,0,0,0,0,0,0.1,0,0,0,0,0.2,0,0.8,4.7,3.3,3.1,2.1,11.7,5.6,8.2,2.4,9,2.9,3.1,2.5,6,3.3,2.6,4.2,4.1,5.1,6.2,2.9,3.3,8.1,2.6,4.4,4.1,3.9,4.1,8.3,6.2,3.8,2.8,2.9,2.5,5.8,4.7,2.6,2,6.3,5.4,8,,,,,,,,,,,,,,,,,,,,,,,,,,,,,,,,,,,,,,,,,27.7,26.7,28,27.3,27.8,27.1,27.3,27.3,27.8,27.4,26.7,26.5,28.6,28,28.2,27.5,28,28.4,27.1,28.6,27.2,27.7,27.8,28.6,27.7,28.3,27.2,27.5,28.3,26.9,27.9,73,79,62,73,61,80,79,78,61,57,82,81,75,77,78,74,67,64,76,52,83,74,82,69,65,63,83,80,70,80,73,0,0.3,0,0,0,0.2,0.1,0,0,0,0,0.2,0,1.6,0.7,0,0,0,0.1,0,0.8,0,0.6,0,0,0,0.6,0,0,0,0,7,25.1,18.4,7.9,16.2,25.8,18.2,11.3,14.8,17.2,26.8,17.4,14.5,10.7,14.3,8.4,15.7,11.7,10,19.5,21.5,14,17.5,2.6,16.2,18.5,19.8,18.3,8.8,17.7,14.9,8.3,30.2,25.6,9.4,23.8,30.6,20.2,10.8,18,24.1,31,19.1,22.3,14.4,18,9.4,21.2,17.3,11.9,34.6,24.5,17.6,19.4,4.3,24.1,29.2,22,22.3,11.9,19.8,19.1,,,,,,22.2204,114.2127
2026-09-07T08:00,27.1,27.6,27.7,27.9,28,27.4,27.2,27.5,26.7,27.9,27.4,27.2,28.3,26.9,27.7,27.7,27.6,27.9,29.1,27.5,28.2,27.3,28.1,26.8,28,26.9,27.5,27.4,27.7,27.3,27.2,27.2,26.5,28,27.3,27.1,28,27.2,27.9,27.3,80,81,85,80,75,87,88,86,66,87,69,82,86,86,86,84,91,87,86,84,89,79,87,87,82,87,84,64,64,84,90,85,91,87,86,89,87,85,88,81,0,0,0,0,0,0.1,0.2,0,0,0,0,0,0,0,0,0,3.2,0,0,0,0,0,0,0.1,0,0,0,0,0,0,0,0,0.1,0,0,0,0,0.2,0,0.8,4.4,3.3,3.1,2.3,12,5.9,8.2,2.4,9,2.9,3.1,2.6,6.3,3.3,2.6,4.2,4.1,5.1,6.5,3,3.3,7.8,2.5,4.4,3.8,3.9,4.2,8.7,6.2,3.8,2.8,2.9,2.5,5.8,4.7,2.9,2,6.3,5.4,8,,,,,,,,,,,,,,,,,,,,,,,,,,,,,,,,,,,,,,,,,28,26.8,28.1,27.6,27.9,27.2,27.4,27.5,27.9,27.5,26.9,26.6,28.9,28.3,28.5,27.9,28.2,28.7,27.4,28.7,27.3,27.9,27.9,28.8,27.8,28.4,27.3,27.7,28.6,27,28.1,71,77,60,72,60,79,77,77,60,57,80,81,71,75,76,72,63,62,74,51,82,72,81,68,62,62,83,78,68,79,72,0,0.3,0,0,0,0.2,0.1,0,0,0,0,0.2,0,1.6,0.7,0,0,0,0.1,0,0.8,0,0.6,0,0,0,0.6,0,0,0,0,6.8,23.8,19.6,8.4,16.9,24.7,19.7,11.8,16.7,17.5,26.6,18.3,16.2,11.9,12.3,9.4,16.1,12.3,10.7,18.1,22.3,13.4,18,3.5,17.3,19.4,22.4,18.5,8.8,17.3,14,8.6,28.8,26.6,10.8,24.8,29.5,22,11.5,20.2,24.1,30.6,20.2,24.8,15.5,16.2,10.1,22.3,18.7,12.6,30.2,25.2,17.3,19.8,3.6,25.2,30.2,24.5,22.7,11.2,19.1,18.4,,,,,,22.2204,114.2127
2026-09-07T09:00,27.1,27.7,27.7,27.9,27.9,27.4,27.2,27.5,26.7,27.9,27.4,27.2,28.3,26.9,27.7,27.7,27.6,28,29.1,27.5,28.2,27.3,28.1,26.8,28,26.9,27.6,27.4,27.7,27.3,27.2,27.2,26.5,28,27.2,27.2,28,27.2,27.9,27.3,80,81,85,80,75,87,88,86,66,87,70,82,86,86,86,84,91,87,86,84,89,79,87,87,82,87,84,64,64,84,90,85,91,87,86,89,87,85,88,81,0,0,0,0,0,0,0,0,0,0,0,0,0,0,0,0,0.8,0,0,0,0.5,0,0.1,0,0,0,0.6,0,0,0.1,0,0,0,0,0,0,0,0,0.1,0.1,4,3.1,2.7,2.3,11.8,5.9,8,2.1,8.7,2.9,2.7,2.6,6,3.3,2.6,4.2,3.9,4.7,6.3,2.6,2.9,7.8,2.2,4.1,3.6,3.7,4.3,9,6.2,3.4,2.5,2.9,2.5,5.4,4.6,2.9,1.8,6.3,5.1,8,,,,,,,,,,,,,,,,,,,,,,,,,,,,,,,,,,,,,,,,,28.6,27,28.4,28.2,28.3,27.5,27.6,27.8,28.2,28,27.2,26.9,29.4,28.9,29.1,28.5,28.4,29.1,27.7,29,27.4,28.3,28.2,29.3,28.2,28.8,27.4,28.1,28.9,27.4,28.5,67,75,59,70,59,77,75,76,59,56,78,79,67,73,73,68,60,60,72,50,81,70,79,66,58,60,83,75,66,77,70,0,0.1,0,0,0,0,0,0,0,0,0,0.3,0,0.5,0.4,0,0,0,0,0,0,0,0,0,0,0,0.2,0,0,0,0,7.2,22.8,20.3,8.6,17,24,20.5,11.8,17.9,17.8,26.3,18.9,17.7,12.8,11.2,8.7,16.3,13.1,9.7,17.8,23.6,14.2,18.3,5.1,18.4,20.2,23.7,18.5,8.7,17.3,13,9.7,27.7,26.3,11.9,23.8,28.1,22.3,11.2,21.2,24.1,29.9,20.5,25.2,16.2,16.2,9,22,19.4,10.8,27.7,26.3,17.3,19.4,4.7,25.9,30.2,25.6,22.3,10.4,18.7,16.9,,,,,,22.2204,114.2127
2026-09-07T10:00,27.1,27.7,27.7,27.8,28,27.5,27.3,27.5,26.7,28,27.3,27.3,28.3,26.9,27.7,27.8,27.7,28,29.1,27.6,28.2,27.3,28,26.8,28,27,27.6,27.4,27.7,27.3,27.2,27.2,26.6,28,27.2,27.4,28.1,27.2,27.9,27.4,80,81,85,81,74,87,87,86,65,86,71,82,86,85,85,84,90,87,86,84,89,79,87,87,82,87,84,64,63,84,89,84,90,87,86,88,87,84,88,81,0,0,0,0,0,0,0,0,0,0,0,0,0,0,0,0,0.8,0,0,0,0.5,0,0.1,0,0,0,0.6,0,0,0.1,0,0,0,0,0,0,0,0,0.1,0.1,3.2,2.7,2.4,2.4,11.6,5.8,8.1,1.6,8.3,2.6,2.4,2.3,5.5,2.9,2.3,4.1,4,4,5.7,1.9,2.5,7.7,1.8,4.1,3.3,3.6,4,9,5.8,3.1,1.8,2.6,2.3,4.7,4.5,2.2,1.3,6,4.8,8.2,,,,,,,,,,,,,,,,,,,,,,,,,,,,,,,,,,,,,,,,,29.4,27.2,28.9,29,28.9,27.9,28,28.3,28.6,28.6,27.5,27.4,30,29.5,29.8,29.4,28.7,29.8,28.1,29.5,27.6,28.7,28.6,29.9,28.7,29.4,27.5,28.6,29.4,27.8,29.1,63,73,57,67,59,75,73,74,59,56,77,77,62,70,70,63,57,57,70,50,80,68,76,64,55,56,82,72,63,75,68,0,0.1,0,0,0,0,0,0,0,0,0,0.3,0,0.5,0.4,0,0,0,0,0,0,0,0,0,0,0,0.2,0,0,0,0,7.6,22.1,20.2,8.4,16.7,23.7,20.8,11.8,18.6,18.1,26,19.4,18.4,13.8,12.9,6.9,16.1,14,8.1,17.9,24.6,15.4,18.4,6.8,18.9,21.4,24.1,18.3,8.4,17.6,12.3,11.5,27,24.8,12.6,22,26.3,22.3,10.8,22,23.8,28.8,20.9,24.8,16.2,17.3,6.8,20.9,19.1,8.3,25.2,27,17.3,18.7,6.5,26.6,29.2,25.9,21.2,10.1,18.4,15.5,,,,,,22.2204,114.2127
2026-09-07T11:00,27.2,27.8,27.7,27.8,28,27.5,27.4,27.6,26.8,28.1,27.3,27.4,28.3,27,27.7,27.8,27.8,28.1,29.1,27.6,28.2,27.3,28,26.8,28,27,27.7,27.4,27.7,27.4,27.2,27.1,26.6,28,27.2,27.6,28.1,27.2,27.8,27.4,80,81,85,81,73,86,87,86,65,85,72,82,86,85,84,84,89,87,86,84,89,79,87,87,82,86,84,64,62,84,88,84,89,88,86,87,87,84,87,80,0,0,0,0,0,0,0,0,0,0,0,0,0,0,0,0,0.8,0,0,0,0.5,0,0.1,0,0,0,0.6,0,0,0.1,0,0,0,0,0,0,0,0,0.1,0.1,2.5,1.8,2.1,2.3,11.4,5.4,8,1,8,1.9,1.6,1.9,4.4,2.2,2,4.1,3.6,3.3,4.9,1.3,2.2,7.9,1.1,3.9,2.8,3.6,3.6,9,5.5,2.3,1.5,2.3,2.4,3.6,4.3,1.8,1.1,5.5,4.2,8.1,,,,,,,,,,,,,,,,,,,,,,,,,,,,,,,,,,,,,,,,,30.1,27.4,29.3,29.6,29.4,28.2,28.3,28.6,29.1,29.2,27.8,27.7,30.5,29.9,30.3,30,29,30.3,28.5,30,27.8,29,28.9,30.3,29.3,29.9,27.7,28.9,29.7,28.2,29.4,59,72,56,65,58,73,71,73,58,56,76,75,59,68,68,59,55,55,68,50,79,67,74,62,52,54,81,70,61,73,66,0,0.1,0,0,0,0,0,0,0,0,0,0.3,0,0.5,0.4,0,0,0,0,0,0,0,0,0,0,0,0.2,0,0,0,0,8,21.5,19.8,7.8,16.6,22.9,20.8,11.9,18.8,18,25.7,19.5,18.4,13.7,15.3,4.2,16,13.4,6.7,17.7,25.8,16.3,18.5,7.6,19.1,21.3,23.8,18.3,7.7,17.9,12,12.6,26.3,23.8,13,20.2,24.8,22.3,10.8,22,23,28.4,20.9,24.5,16.2,18,5.4,19.8,18.7,6.5,23.4,28.1,17.3,18.4,7.6,26.3,27.7,25.6,20.5,9.7,18.4,14.4,,,,,,22.2204,114.2127
2026-09-07T12:00,27.2,27.8,27.7,27.8,28.1,27.6,27.4,27.7,26.9,28.2,27.3,27.4,28.3,27,27.7,27.8,27.9,28.1,29.2,27.7,28.2,27.4,28,26.9,28,27.1,27.7,27.5,27.8,27.4,27.3,27.1,26.7,28,27.1,27.8,28.2,27.2,27.8,27.4,81,81,84,82,72,86,86,85,64,84,73,81,85,84,84,84,88,87,85,84,88,78,87,87,82,86,84,64,61,83,87,84,88,88,86,87,87,83,87,80,0,0,0,0,0,0,0,0,0,0,0,0,0,0,0,0,0.8,0,0,0,0.5,0,0.1,0,0,0,0.6,0,0,0.1,0,0,0,0,0,0,0,0,0.1,0.1,1.6,1.3,1.8,2.2,11.1,5.4,8.1,0.4,7.4,1.5,0.8,1.3,3.3,1.9,2.1,4.2,3.8,2.3,3.6,0.7,1.8,8,0.4,3.8,2.5,3.4,3.1,9,5,1.1,1.1,2.1,2.2,2.3,4,0.8,1.5,5.2,3.7,8.4,,,,,,,,,,,,,,,,,,,,,,,,,,,,,,,,,,,,,,,,,30.5,27.6,29.7,29.9,29.8,28.3,28.4,28.8,29.5,29.6,27.9,27.9,30.9,30,30.4,30.1,29.4,30.6,28.8,30.4,27.9,29.2,29,30.2,29.7,30.3,28,29.1,29.7,28.3,29.6,57,71,55,64,57,72,70,73,58,57,76,74,59,67,67,59,54,54,67,50,79,67,74,62,52,53,80,69,60,72,64,0,0,0,0,0,0,0,0,0,0,0,0,0,0,0,0,0,0,0,0,0,0,0,0,0,0,0,0,0,0,0,8,21.3,18.9,7.2,16.3,22.1,20.8,12.9,18.1,17.1,26,19.4,18,12.5,15.6,2.2,15.7,10.2,7.3,16.2,26.8,15.7,19.1,7.3,18,19.8,22.4,18.3,7.7,18.1,11.4,13,26.3,23,13,19.8,23.4,22.3,12.2,22,22,28.8,20.5,24.1,15.8,18.4,5.8,19.4,17.6,6.8,22,29.2,17.3,19.1,7.6,24.8,25.9,24.1,19.8,10.1,18.4,14,,,,,,22.2204,114.2127
2026-09-07T13:00,27.3,27.9,27.7,27.8,28.2,27.7,27.5,27.8,27,28.3,27.3,27.5,28.4,27.1,27.7,27.9,28.1,28.2,29.2,27.7,28.1,27.4,28,26.9,28,27.1,27.8,27.6,27.9,27.4,27.3,27.1,26.8,28,27.1,28,28.3,27.2,27.8,27.4,81,81,84,82,71,86,86,84,63,83,75,81,85,83,83,84,87,87,85,84,88,78,87,86,81,86,85,64,60,83,85,83,87,88,87,86,86,83,87,80,0,0,0,0,0,0,0,0,0,0,0,0,0,0,0,0,0.8,0,0,0,0.5,0,0.1,0,0,0,0.6,0,0,0.1,0,0,0,0,0,0,0,0,0.1,0.1,1.6,0.8,1.8,2.6,10.6,5.2,8.2,0.8,6.4,0.8,0.8,0.5,2,1.3,1.8,4.3,3.7,1.5,2.5,1.1,1.9,8.4,0.4,4,2.1,3.8,2.6,9,4.5,0,1.8,1.8,2.5,1.6,4.2,0.5,2.3,5.1,3.3,8.7,,,,,,,,,,,,,,,,,,,,,,,,,,,,,,,,,,,,,,,,,30.7,27.8,30.1,30,30.1,28.4,28.4,28.8,29.9,30,27.9,28.1,31.2,29.9,30.4,30,29.7,30.9,29,30.7,28,29.2,29,29.9,30.1,30.6,28.3,29.1,29.6,28.3,29.5,56,70,53,63,56,72,71,73,57,59,76,74,60,68,67,60,53,54,67,50,80,67,74,63,52,53,78,69,60,71,63,0,0,0,0,0,0,0,0,0,0,0,0,0,0,0,0,0,0,0,0,0,0,0,0,0,0,0,0,0,0,0,8.7,20.9,17.7,7.9,15.9,21.8,20.8,14.7,16.5,16.6,26.5,19.4,17.3,10.9,16,5.6,15.5,5.1,8.9,14.3,27.3,15.5,20.3,6.8,16.2,17.3,20.9,18.8,8.3,18,11.3,13.3,26.6,22.7,12.6,19.8,22.3,22.3,14,21.2,20.5,29.5,20.2,23.4,14.8,18.4,7.2,19.1,15.8,8.6,20.5,29.9,17.3,20.2,6.8,22.7,23.8,22.3,19.4,10.4,18.4,14.4,,,,,,22.2204,114.2127
2026-09-07T14:00,27.4,28,27.7,27.8,28.3,27.8,27.6,28,27.2,28.4,27.2,27.6,28.4,27.1,27.7,27.9,28.2,28.3,29.3,27.8,28.1,27.4,27.9,27,28,27.2,27.8,27.7,27.9,27.5,27.4,27.1,26.9,28,27.1,28.2,28.4,27.2,27.7,27.5,81,82,84,82,70,86,86,83,63,81,76,81,85,83,82,84,86,87,85,85,88,78,87,86,81,85,85,64,59,83,84,83,86,88,87,85,86,82,86,81,0,0,0,0,0,0,0,0,0,0,0,0,0,0,0,0,0.8,0,0,0,0.5,0,0.1,0,0,0,0.6,0,0,0.1,0,0,0,0,0,0,0,0,0.1,0.1,2.2,1.6,1.8,3.1,10.4,5.3,8.4,1.8,5.8,0.4,1.5,0,0.8,0.8,2.2,4.8,4.2,1.5,1.3,2.2,2.5,9,1.4,4.8,1.8,4,2.6,9,3.9,1.1,2.3,1.9,3,1.9,4.5,1.5,3.7,5,3.4,8.7,,,,,,,,,,,,,,,,,,,,,,,,,,,,,,,,,,,,,,,,,30.8,28,30.3,30.1,30.3,28.4,28.4,28.8,30.2,30.2,28,28.2,31.3,29.8,30.3,29.9,30,31,29.1,30.9,28.1,29.3,29,29.8,30.4,30.9,28.5,29.1,29.6,28.3,29.5,56,70,53,62,56,72,71,73,57,61,77,73,61,68,67,62,53,54,67,51,80,68,75,64,53,53,77,69,60,71,63,0,0,0,0,0,0,0,0,0,0,0,0,0,0,0,0,0,0,0,0,0,0,0,0,0,0,0,0,0,0,0,8.9,21.4,16.8,8.7,14.5,21.2,20.2,15.9,14.8,15.9,26.8,19.5,16.5,10.2,17.6,9.4,15,1.1,11.5,12.1,27.9,15.5,21,6.6,15,15.1,19.3,18.7,9.3,17.8,11.9,13,27,22.3,12.6,19.4,21.2,22,15.1,20.5,19.1,29.9,19.8,22.7,13.7,18,8.6,19.1,14.4,10.8,19.4,30.6,17.6,21.2,6.5,21.2,22,20.2,19.1,10.8,18,14.8,,,,,,22.2204,114.2127
2026-09-07T15:00,27.4,28.1,27.7,27.7,28.3,27.9,27.7,28.1,27.3,28.5,27.2,27.7,28.4,27.2,27.7,27.9,28.4,28.3,29.3,27.8,28.1,27.4,27.9,27,28,27.2,27.9,27.9,28,27.5,27.5,27,27,28,27.1,28.4,28.5,27.2,27.7,27.5,81,82,84,83,69,86,85,82,62,80,78,80,85,82,80,84,85,86,85,85,88,78,87,86,81,85,85,64,58,82,82,82,85,89,87,84,86,81,86,81,0,0,0,0,0,0,0,0,0,0,0,0,0,0,0,0,0.8,0,0,0,0.5,0,0.1,0,0,0,0.6,0,0,0.1,0,0,0,0,0,0,0,0,0.1,0.1,3.1,2.5,2.4,3.6,9.8,5.6,9,2.5,4.9,0.7,2.2,0.7,1.1,1.1,2.3,5.4,4.7,2.3,0.8,3.2,3.3,9.7,2.2,5.5,1.8,4.7,2.5,8.7,3.3,2.2,3.3,2.5,3.4,3.3,4.8,2.5,4.7,4.8,3.6,9,,,,,,,,,,,,,,,,,,,,,,,,,,,,,,,,,,,,,,,,,30.6,28,30.1,30.3,30.3,28.4,28.4,28.9,30.4,30.2,28,28.3,31.3,29.7,30.2,29.8,30.2,31,29,31.1,28.1,29.4,29,29.9,30.5,31,28.5,29,29.6,28.4,29.4,57,71,55,61,57,72,72,73,56,62,78,72,62,68,67,63,53,54,68,52,80,68,75,64,53,54,76,70,60,70,64,0,0,0,0,0,0,0,0,0,0,0,0,0,0,0,0,0,0,0,0,0,0,0,0,0,0,0,0,0,0,0,8.3,22.4,15.7,8.2,13.2,20.6,19.4,15.9,12.4,13.5,26.5,19.9,15,9.2,17.3,11.5,14.4,3.2,14.5,10.1,28.1,16.3,21.2,6.4,14.7,13.4,17.7,18.8,9.4,16.9,13.1,12.6,27.7,22,13,18.4,20.9,22,15.1,19.1,17.3,29.5,20.5,22,11.9,16.9,10.1,19.1,12.6,13.7,18.4,31.3,18.7,21.6,6.5,21.6,20.2,18.4,18.7,10.8,16.9,15.1,,,,,,22.2204,114.2127
2026-09-07T16:00,27.5,28.1,27.8,27.7,28.4,28,27.7,28.2,27.4,28.6,27.2,27.8,28.4,27.2,27.7,28,28.5,28.4,29.3,27.8,28.1,27.5,27.9,27,28,27.3,28,28,28.1,27.6,27.5,27,27.1,28,27,28.6,28.6,27.3,27.6,27.5,81,82,83,83,68,85,85,81,62,79,79,80,84,81,79,84,84,86,84,85,88,78,87,86,81,85,86,65,58,82,80,82,84,89,87,83,86,81,85,81,0,0,0,0,0,0,0,0,0,0,0,0,0,0,0,0,0.8,0,0,0,0.5,0,0.1,0,0,0,0.6,0,0,0.1,0,0,0,0,0,0,0,0,0.1,0.1,3.9,3.6,3.1,4.1,9.3,5.9,9.4,3.3,4.6,1.4,3.2,1.5,2.2,1.5,2.9,6.1,5.4,3.3,1.8,4.3,4.2,10.5,2.9,6.3,1.9,5.1,2.5,8.7,3.1,3.3,4,2.9,3.9,4.6,5.4,3.3,5.8,5,4.4,9.4,,,,,,,,,,,,,,,,,,,,,,,,,,,,,,,,,,,,,,,,,30.3,28,29.7,30.6,30.1,28.4,28.4,28.9,30.5,30,28.1,28.4,31.2,29.5,30.1,29.6,30.3,30.7,28.8,31.1,28.1,29.4,29.1,30.1,30.5,31,28.5,28.9,29.7,28.5,29.2,59,73,57,59,58,73,72,73,55,62,78,71,63,69,68,64,53,55,70,54,79,68,75,63,53,56,76,72,60,70,66,0,0,0,0,0,0,0,0,0,0,0,0,0,0,0,0,0,0,0,0,0,0,0,0,0,0,0,0,0,0,0,9,23.8,14.8,6.7,13,19.8,18.8,15,10.2,10.8,25.6,20.1,13.8,8.3,16,12.6,13.4,6.3,17.7,8.2,28.1,17,20.7,6.6,14.5,11.9,16.3,18.5,8.7,15.8,14.5,11.5,28.8,21.6,13.3,16.9,20.5,21.6,14.4,17.3,15.5,29.2,21.6,21.2,10.1,15.8,11.9,19.4,11.2,17.3,17.3,31.7,19.8,21.6,6.8,22.7,18.7,16.6,18.7,10.4,15.8,16.2,,,,,,22.2204,114.2127
2026-09-07T17:00,27.6,28.2,27.8,27.7,28.4,28,27.8,28.4,27.5,28.7,27.2,27.9,28.4,27.3,27.7,28,28.6,28.5,29.4,27.9,28.1,27.5,27.9,27.1,28,27.3,28,28,28.1,27.6,27.6,27,27.2,28,27,28.7,28.7,27.3,27.6,27.6,82,82,83,83,68,85,85,80,62,78,80,80,84,81,79,84,83,86,84,85,87,78,86,86,81,84,86,65,57,81,79,82,83,89,87,83,85,81,85,81,0,0,0,0,0,0,0,0,0,0,0,0,0,0,0,0,0.8,0,0,0,0.5,0,0.1,0,0,0,0.6,0,0,0.1,0,0,0,0,0,0,0,0,0.1,0.1,4.9,4.3,3.8,4.9,8.8,6.2,9.8,4,3.9,2.2,4,2.3,3.3,2.3,3.1,6.5,6.1,4.4,2.5,5.1,5,11.3,3.6,7.3,2.4,5.5,2.7,8.7,2.6,4.1,4.7,3.4,4.2,5.7,5.7,4.3,6.8,5.2,5.4,9.4,,,,,,,,,,,,,,,,,,,,,,,,,,,,,,,,,,,,,,,,,30,28,29.5,30.7,29.9,28.4,28.4,28.9,30.4,29.9,28,28.4,31,29.4,29.9,29.5,30.2,30.4,28.6,31,28,29.4,29,30.2,30.5,31,28.4,28.7,29.7,28.6,29,61,75,59,59,60,74,73,74,55,63,79,71,64,70,69,66,53,57,72,55,79,69,76,63,53,58,76,74,61,70,68,0,0,0,0,0,0,0,0,0,0,0,0,0,0,0,0,0,0,0,0,0,0,0,0,0,0,0,0,0,0,0,10.4,24.8,14.1,5.5,14.1,19,17.8,14.4,9.5,9.3,24.8,20.1,12.9,8.5,14.5,13.2,12.6,8.4,19.6,7.4,28.1,17.9,20,7.3,14.8,11.4,15,18,8.8,14.9,15.9,10.8,29.9,21.6,13.3,15.8,20.2,20.9,13.7,16.6,14.8,28.4,22,19.8,8.6,14.8,13.3,19.1,10.4,19.8,16.9,32,20.5,21.6,7.6,23.4,17.6,15.5,18,10.4,14.8,17.3,,,,,,22.2204,114.2127
2026-09-07T18:00,27.6,28.3,27.8,27.7,28.4,28.1,27.9,28.5,27.6,28.8,27.2,27.9,28.4,27.4,27.7,28,28.8,28.5,29.4,27.9,28.1,27.5,27.9,27.1,28,27.4,28.1,28.1,28.2,27.6,27.7,26.9,27.2,27.9,27,28.9,28.8,27.3,27.6,27.6,82,82,83,84,68,85,84,79,62,77,81,80,83,80,78,84,82,86,83,85,87,78,86,85,81,84,86,65,56,81,78,81,82,89,87,82,85,80,84,81,0,0,0,0,0,0,0,0,0,0,0,0,0,0,0,0,0.8,0,0,0,0.5,0,0.1,0,0,0,0.6,0,0,0.1,0,0,0,0,0,0,0,0,0.1,0.1,5.4,5,4.3,5,8.4,6.6,10.2,4.7,3.7,2.5,4.3,2.6,3.9,2.6,3.6,7.3,6.5,5.2,3.3,5.8,5.6,12.1,4.3,8,2.8,6,2.9,8.3,2.4,4.9,5.4,3.9,4.5,7,6.3,5.1,7.6,5.5,6,9.4,,,,,,,,,,,,,,,,,,,,,,,,,,,,,,,,,,,,,,,,,29.7,27.8,29.4,30.5,29.6,28.2,28.3,28.8,30.2,29.8,27.9,28.2,30.7,29.3,29.7,29.3,30,30,28.4,30.7,27.8,29.1,28.9,30.1,30.3,30.7,28.3,28.6,29.5,28.5,28.8,63,76,59,61,62,75,74,75,57,65,80,72,66,71,71,68,54,60,73,57,80,70,77,65,55,60,76,75,63,71,70,0,0,0,0,0,0,0,0,0,0,0.2,0,0,0.1,0,0,0,0,0,0,0,0,0,0,0,0,0,0.2,0,0,0,10.1,25.2,13.7,4.3,13.9,17.9,16.6,13.6,10.2,10.6,23.8,19.1,11.2,8.9,14,13,11.7,9.8,19.9,8,28.1,18.4,18.8,8.7,15.6,12,14.5,16.1,8.6,14.5,17.6,10.1,30.6,22.3,12.6,15.1,19.1,19.4,13.3,17.6,16.6,27.4,20.9,16.9,8.3,14.4,14,17.6,11.9,20.9,17.3,32,20.5,20.9,9,23.8,17.6,15.1,16.9,10.4,14.8,19.4,,,,,,22.2204,114.2127
2026-09-07T19:00,27.6,28.3,27.8,27.7,28.4,28.1,27.9,28.5,27.6,28.9,27.1,28,28.4,27.4,27.7,28.1,28.9,28.5,29.4,27.9,28.1,27.5,27.9,27.1,28,27.4,28.1,28.1,28.2,27.6,27.7,26.9,27.3,27.9,27,29,28.9,27.3,27.6,27.6,82,82,83,84,68,85,84,78,62,76,82,80,83,80,77,84,81,86,83,85,87,78,86,85,81,84,86,65,56,81,77,81,81,89,87,81,85,80,84,81,0,0,0,0,0,0,0,0,0,0,0,0,0,0,0,0,0.8,0,0,0,0.5,0,0.1,0,0,0,0.6,0,0,0.1,0,0,0,0,0,0,0,0,0.1,0.1,5.9,5.4,4.8,5.3,8.4,7.1,10.4,5.1,3.4,2.9,5.1,3.1,4.3,3.1,3.8,7.7,6.9,5.5,3.8,6.5,6.1,12.9,4.7,8.5,2.8,6.5,3.4,8.8,2.3,5.4,5.8,4,5,7.3,6.4,5.4,7.9,5.4,6.4,9.4,,,,,,,,,,,,,,,,,,,,,,,,,,,,,,,,,,,,,,,,,29.5,27.6,29.5,30.3,29.2,28,28.1,28.6,29.9,29.8,27.7,27.9,30.4,29.1,29.4,29.1,29.6,29.5,28.2,30.2,27.6,28.7,28.6,29.9,30,30.4,28.2,28.5,29.3,28.3,28.5,66,78,58,65,64,75,74,76,59,67,81,74,68,72,74,71,56,63,74,58,80,72,79,68,57,61,77,76,66,72,73,0,0,0,0,0,0,0,0,0,0,0.2,0,0,0.1,0,0,0,0,0,0,0,0,0,0,0,0,0,0.2,0,0,0,8.7,25.8,13.2,3.7,12.2,16.1,15.1,12.8,11.5,12.9,22.7,17.9,9.1,9.1,13.6,12.6,10.7,12.1,19.2,9.5,28.1,18.1,16.8,10.5,16.8,13,14.2,13.3,9,14.1,19.9,9,31.3,23,11.5,14.4,18,17.6,13.3,19.8,19.8,25.9,19.4,13.3,8.6,14.4,14.4,15.5,14.4,21.2,18.4,32,20.2,20.2,10.8,24.1,18,15.1,15.1,10.1,15.1,22.3,,,,,,22.2204,114.2127
2026-09-07T20:00,27.6,28.3,27.8,27.7,28.3,28.1,27.9,28.6,27.6,28.9,27.1,28,28.3,27.4,27.7,28.1,28.9,28.6,29.4,27.9,28.1,27.5,27.9,27.1,28,27.4,28.2,28,28.2,27.6,27.8,26.9,27.3,27.9,27,29.1,28.9,27.3,27.6,27.6,82,82,83,84,68,85,83,78,63,76,83,80,82,80,77,84,80,86,82,85,87,78,86,85,81,84,86,65,56,81,76,81,81,89,87,81,85,80,83,81,0,0,0,0,0,0,0,0,0,0,0,0,0,0,0,0,0.8,0,0,0,0.5,0,0.1,0,0,0,0.6,0,0,0.1,0,0,0,0,0,0,0,0,0.1,0.1,6.1,5.8,4.8,5.3,8,7.4,10.7,5.1,3.3,2.9,5.1,3.1,4.3,3.4,3.8,8.1,7.2,5.8,3.9,6.5,6.1,13.3,4.7,8.7,3.1,6.8,3.4,8.8,2.3,5.7,5.8,4.3,5,7.8,6.4,5.4,7.9,5.4,6.6,9,,,,,,,,,,,,,,,,,,,,,,,,,,,,,,,,,,,,,,,,,29.3,27.5,29.5,30,28.9,27.8,28,28.5,29.6,29.7,27.6,27.7,30,29,29.1,28.9,29.3,29.1,28.1,29.9,27.5,28.4,28.4,29.6,29.7,30.1,28.1,28.4,29.2,28.1,28.3,68,79,57,67,65,76,75,77,61,69,82,76,70,73,76,74,58,66,75,59,81,73,80,71,59,62,77,77,68,73,75,0,0,0,0,0,0,0,0,0,0,0.2,0,0,0.1,0,0,0,0,0,0,0,0,0,0,0,0,0,0.2,0,0,0,7.7,26.1,12.8,4,10.9,14.9,13.9,11.7,12.3,15,21.6,16.4,8.2,8.8,13.6,12.3,9.4,14.3,17.7,11,27.7,17.4,15.7,11.8,17.3,13.8,13.7,11.6,9.7,13.7,21.1,8.6,31.7,22.7,12.2,13.7,16.9,16.2,13,20.9,22.3,24.8,17.6,10.8,8.6,14.4,14.8,13.3,16.6,20.5,19.4,31.7,19.4,19.4,12.2,23.8,18.4,15.1,14,10.1,15.1,24.1,,,,,,22.2204,114.2127
2026-09-07T21:00,27.6,28.3,27.8,27.7,28.1,28.1,27.9,28.6,27.6,28.9,27.1,28,28.2,27.4,27.7,28.1,29,28.6,29.3,27.9,28.1,27.5,27.9,27.1,27.9,27.4,28.2,27.9,28.1,27.6,27.8,26.9,27.3,27.9,27,29.2,28.9,27.3,27.6,27.6,82,82,83,84,69,85,82,78,64,76,84,80,81,80,77,84,79,86,81,85,87,78,86,85,81,84,86,65,56,81,76,81,81,89,87,81,85,80,82,81,0,0,0.5,0,0.5,0.2,0,0,0,0,0,0,0,0,0,0,0,0,0,0,0.1,0,0,0,0.3,0,0,0,0,0,0,0,0,0,0,0,0,0,0,0,6.1,5.8,4.8,4.8,7.6,7.4,10.7,5.1,3.3,2.9,5.1,3.1,3.7,3.4,3.8,8.5,7.2,5.8,3.5,6.2,5.8,13.6,4.3,8.7,3.1,6.8,3.2,9.2,2.3,5.7,5.4,4.3,5,7.5,6.1,5.1,7.6,5.4,6.6,8.7,,,,,,,,,,,,,,,,,,,,,,,,,,,,,,,,,,,,,,,,,29.1,27.4,29.4,29.7,28.7,27.8,27.9,28.4,29.3,29.5,27.5,27.6,29.8,28.9,28.9,28.8,29.1,28.8,28,29.7,27.4,28.2,28.4,29.4,29.5,29.9,28.1,28.3,29.2,28.1,28.2,69,80,57,66,66,76,76,78,62,69,82,77,71,74,78,76,60,67,76,59,81,73,80,72,60,63,78,78,69,74,76,0,0,0,0,0,0,0,0,0,0,0.6,0,0.1,0,0,0,0,0,0,0,0,0,0,0.1,0,0,0,0.5,0,0,0,8,26.4,11.9,8.7,10,14,13,10.5,12.7,16.3,20.5,15,9.3,8.3,13,12.8,8,14.6,15.8,13.5,26.3,16.1,15.7,12.3,16.3,13.7,12.9,11.4,8.9,13.2,20.5,9,31.3,19.8,17.3,13.3,15.8,15.1,12.2,19.4,23.8,24.1,16.2,10.8,8.3,14,15.5,11.9,17.3,18.7,21.2,30.6,18,19.4,13,22.3,18,15.1,13.7,9.7,14.8,24.5,,,,,,22.2204,114.2127
2026-09-07T22:00,27.6,28.4,27.8,27.7,27.8,28.1,27.9,28.5,27.5,28.9,27.1,28,28.1,27.5,27.7,28.1,29,28.6,29.3,27.9,28.1,27.4,27.9,27.1,27.9,27.3,28.2,27.7,28,27.6,27.8,26.9,27.4,27.9,26.9,29.2,28.8,27.3,27.6,27.6,82,82,83,84,70,85,82,78,66,76,84,81,80,81,77,84,78,86,80,85,87,78,86,85,82,84,86,65,57,81,76,81,81,89,87,81,85,80,82,81,0,0,0.5,0,0.5,0.2,0,0,0,0,0,0,0,0,0,0,0,0,0,0,0.1,0,0,0,0.3,0,0,0,0,0,0,0,0,0,0,0,0,0,0,0,5.9,5.4,4.6,4.2,7.7,7.4,10.7,4.4,3.3,2.2,4.3,2.9,2.8,3.3,3.6,8.5,7.6,5,2.6,5.8,5.3,13.8,4,8.5,3.1,6.7,3.4,9.7,2.4,5.4,4.7,4.7,5.2,6.9,5.8,4.7,6.8,4.7,6.1,7.9,,,,,,,,,,,,,,,,,,,,,,,,,,,,,,,,,,,,,,,,,29,27.4,29.3,29.5,28.6,27.7,28,28.4,29.1,29.3,27.4,27.5,29.6,28.8,28.7,28.7,28.9,28.7,28,29.7,27.4,28.1,28.4,29.1,29.3,29.9,28.1,28.3,29.2,28.1,28.2,69,81,57,63,66,76,76,78,63,69,82,77,72,76,79,78,61,68,76,58,80,73,79,73,61,63,78,78,70,75,75,0,0,0,0,0,0,0,0,0,0,0.6,0,0.1,0,0,0,0,0,0,0,0,0,0,0.1,0,0,0,0.5,0,0,0,8.4,26.3,10.3,15.8,9.6,13.2,12.3,9.5,12.9,17.4,19.5,13.4,11.4,7.6,12,13.3,7.2,14.5,13.3,17.3,24.5,14.3,16.1,12.4,14.8,13.5,12.7,11.4,7.7,12.8,19.1,9.4,30.6,15.5,24.1,13,15.1,14.4,11.2,16.9,24.8,23.4,14.8,11.9,7.6,13.7,16.2,10.4,17.3,15.8,23,29.2,16.6,19.8,13.3,20.2,17.3,15.1,13.7,9.4,14.4,23.8,,,,,,22.2204,114.2127
2026-09-07T23:00,27.5,28.4,27.7,27.6,27.5,28,27.9,28.5,27.4,28.9,27,28,28,27.5,27.6,28.1,29,28.6,29.2,27.8,28.1,27.4,27.9,27.1,27.9,27.3,28.3,27.5,27.9,27.6,27.8,26.9,27.4,27.9,26.9,29.2,28.8,27.3,27.6,27.6,82,83,84,85,72,85,81,78,68,76,84,81,78,81,78,83,78,86,79,85,87,79,86,85,82,84,85,64,58,82,76,81,80,89,87,81,85,81,81,81,0,0,0.5,0,0.5,0.2,0,0,0,0,0,0,0,0,0,0,0,0,0,0,0.1,0,0,0,0.3,0,0,0,0,0,0,0,0,0,0,0,0,0,0,0,5.2,4.7,4.3,3.4,7.3,7.4,10.5,4,3.3,1.9,4,2.6,1.6,3.3,3.1,8.4,7.2,4.2,1.8,5.1,4.8,14.1,3.3,7.8,3.1,6.7,3.3,10.2,2.4,4.7,4,4.7,4.9,6.1,5,3.6,6.1,4.2,5.6,7.2,,,,,,,,,,,,,,,,,,,,,,,,,,,,,,,,,,,,,,,,,28.9,27.4,29.1,29.3,28.5,27.7,28,28.4,28.8,29.1,27.4,27.4,29.4,28.6,28.6,28.6,28.7,28.6,28,29.6,27.4,28.1,28.3,28.9,29.1,29.8,28,28.3,29.3,28.1,28.1,70,82,57,61,67,76,76,79,63,69,82,77,73,77,80,79,62,69,76,57,80,73,79,74,62,63,79,78,70,76,75,0,0,0,0,0,0,0,0,0,0,0.6,0,0.1,0,0,0,0,0,0,0,0,0,0,0.1,0,0,0,0.5,0,0,0,9.4,26.2,8.9,20.1,9,13,11.1,8.9,11.8,18.9,18.4,11.6,12.6,6.3,11,13.2,6.9,14.7,11.3,19.3,23.4,12.7,15.9,12.3,13.1,13.4,12.7,11.6,7,12.1,17.7,10.4,29.9,11.9,28.4,12.6,14.8,13.3,10.1,14.4,25.2,22.7,13,13.3,6.8,13,16.6,9,17.6,13.3,24.1,28.1,14.8,19.8,13.3,18.4,17.3,15.1,13.3,9.4,13.7,22.7,,,,,,22.2204,114.2127
