time,temperature_2m_icon_seamless_eps (°C),temperature_2m_member01_icon_seamless_eps (°C),temperature_2m_member02_icon_seamless_eps (°C),temperature_2m_member03_icon_seamless_eps (°C),temperature_2m_member04_icon_seamless_eps (°C),temperature_2m_member05_icon_seamless_eps (°C),temperature_2m_member06_icon_seamless_eps (°C),temperature_2m_member07_icon_seamless_eps (°C),temperature_2m_member08_icon_seamless_eps (°C),temperature_2m_member09_icon_seamless_eps (°C),temperature_2m_member10_icon_seamless_eps (°C),temperature_2m_member11_icon_seamless_eps (°C),temperature_2m_member12_icon_seamless_eps (°C),temperature_2m_member13_icon_seamless_eps (°C),temperature_2m_member14_icon_seamless_eps (°C),temperature_2m_member15_icon_seamless_eps (°C),temperature_2m_member16_icon_seamless_eps (°C),temperature_2m_member17_icon_seamless_eps (°C),temperature_2m_member18_icon_seamless_eps (°C),temperature_2m_member19_icon_seamless_eps (°C),temperature_2m_member20_icon_seamless_eps (°C),temperature_2m_member21_icon_seamless_eps (°C),temperature_2m_member22_icon_seamless_eps (°C),temperature_2m_member23_icon_seamless_eps (°C),temperature_2m_member24_icon_seamless_eps (°C),temperature_2m_member25_icon_seamless_eps (°C),temperature_2m_member26_icon_seamless_eps (°C),temperature_2m_member27_icon_seamless_eps (°C),temperature_2m_member28_icon_seamless_eps (°C),temperature_2m_member29_icon_seamless_eps (°C),temperature_2m_member30_icon_seamless_eps (°C),temperature_2m_member31_icon_seamless_eps (°C),temperature_2m_member32_icon_seamless_eps (°C),temperature_2m_member33_icon_seamless_eps (°C),temperature_2m_member34_icon_seamless_eps (°C),temperature_2m_member35_icon_seamless_eps (°C),temperature_2m_member36_icon_seamless_eps (°C),temperature_2m_member37_icon_seamless_eps (°C),temperature_2m_member38_icon_seamless_eps (°C),temperature_2m_member39_icon_seamless_eps (°C),relativehumidity_2m_icon_seamless_eps (%),relativehumidity_2m_member01_icon_seamless_eps (%),relativehumidity_2m_member02_icon_seamless_eps (%),relativehumidity_2m_member03_icon_seamless_eps (%),relativehumidity_2m_member04_icon_seamless_eps (%),relativehumidity_2m_member05_icon_seamless_eps (%),relativehumidity_2m_member06_icon_seamless_eps (%),relativehumidity_2m_member07_icon_seamless_eps (%),relativehumidity_2m_member08_icon_seamless_eps (%),relativehumidity_2m_member09_icon_seamless_eps (%),relativehumidity_2m_member10_icon_seamless_eps (%),relativehumidity_2m_member11_icon_seamless_eps (%),relativehumidity_2m_member12_icon_seamless_eps (%),relativehumidity_2m_member13_icon_seamless_eps (%),relativehumidity_2m_member14_icon_seamless_eps (%),relativehumidity_2m_member15_icon_seamless_eps (%),relativehumidity_2m_member16_icon_seamless_eps (%),relativehumidity_2m_member17_icon_seamless_eps (%),relativehumidity_2m_member18_icon_seamless_eps (%),relativehumidity_2m_member19_icon_seamless_eps (%),relativehumidity_2m_member20_icon_seamless_eps (%),relativehumidity_2m_member21_icon_seamless_eps (%),relativehumidity_2m_member22_icon_seamless_eps (%),relativehumidity_2m_member23_icon_seamless_eps (%),relativehumidity_2m_member24_icon_seamless_eps (%),relativehumidity_2m_member25_icon_seamless_eps (%),relativehumidity_2m_member26_icon_seamless_eps (%),relativehumidity_2m_member27_icon_seamless_eps (%),relativehumidity_2m_member28_icon_seamless_eps (%),relativehumidity_2m_member29_icon_seamless_eps (%),relativehumidity_2m_member30_icon_seamless_eps (%),relativehumidity_2m_member31_icon_seamless_eps (%),relativehumidity_2m_member32_icon_seamless_eps (%),relativehumidity_2m_member33_icon_seamless_eps (%),relativehumidity_2m_member34_icon_seamless_eps (%),relativehumidity_2m_member35_icon_seamless_eps (%),relativehumidity_2m_member36_icon_seamless_eps (%),relativehumidity_2m_member37_icon_seamless_eps (%),relativehumidity_2m_member38_icon_seamless_eps (%),relativehumidity_2m_member39_icon_seamless_eps (%),rain_icon_seamless_eps (mm),rain_member01_icon_seamless_eps (mm),rain_member02_icon_seamless_eps (mm),rain_member03_icon_seamless_eps (mm),rain_member04_icon_seamless_eps (mm),rain_member05_icon_seamless_eps (mm),rain_member06_icon_seamless_eps (mm),rain_member07_icon_seamless_eps (mm),rain_member08_icon_seamless_eps (mm),rain_member09_icon_seamless_eps (mm),rain_member10_icon_seamless_eps (mm),rain_member11_icon_seamless_eps (mm),rain_member12_icon_seamless_eps (mm),rain_member13_icon_seamless_eps (mm),rain_member14_icon_seamless_eps (mm),rain_member15_icon_seamless_eps (mm),rain_member16_icon_seamless_eps (mm),rain_member17_icon_seamless_eps (mm),rain_member18_icon_seamless_eps (mm),rain_member19_icon_seamless_eps (mm),rain_member20_icon_seamless_eps (mm),rain_member21_icon_seamless_eps (mm),rain_member22_icon_seamless_eps (mm),rain_member23_icon_seamless_eps (mm),rain_member24_icon_seamless_eps (mm),rain_member25_icon_seamless_eps (mm),rain_member26_icon_seamless_eps (mm),rain_member27_icon_seamless_eps (mm),rain_member28_icon_seamless_eps (mm),rain_member29_icon_seamless_eps (mm),rain_member30_icon_seamless_eps (mm),rain_member31_icon_seamless_eps (mm),rain_member32_icon_seamless_eps (mm),rain_member33_icon_seamless_eps (mm),rain_member34_icon_seamless_eps (mm),rain_member35_icon_seamless_eps (mm),rain_member36_icon_seamless_eps (mm),rain_member37_icon_seamless_eps (mm),rain_member38_icon_seamless_eps (mm),rain_member39_icon_seamless_eps (mm),windspeed_10m_icon_seamless_eps (km/h),windspeed_10m_member01_icon_seamless_eps (km/h),windspeed_10m_member02_icon_seamless_eps (km/h),windspeed_10m_member03_icon_seamless_eps (km/h),windspeed_10m_member04_icon_seamless_eps (km/h),windspeed_10m_member05_icon_seamless_eps (km/h),windspeed_10m_member06_icon_seamless_eps (km/h),windspeed_10m_member07_icon_seamless_eps (km/h),windspeed_10m_member08_icon_seamless_eps (km/h),windspeed_10m_member09_icon_seamless_eps (km/h),windspeed_10m_member10_icon_seamless_eps (km/h),windspeed_10m_member11_icon_seamless_eps (km/h),windspeed_10m_member12_icon_seamless_eps (km/h),windspeed_10m_member13_icon_seamless_eps (km/h),windspeed_10m_member14_icon_seamless_eps (km/h),windspeed_10m_member15_icon_seamless_eps (km/h),windspeed_10m_member16_icon_seamless_eps (km/h),windspeed_10m_member17_icon_seamless_eps (km/h),windspeed_10m_member18_icon_seamless_eps (km/h),windspeed_10m_member19_icon_seamless_eps (km/h),windspeed_10m_member20_icon_seamless_eps (km/h),windspeed_10m_member21_icon_seamless_eps (km/h),windspeed_10m_member22_icon_seamless_eps (km/h),windspeed_10m_member23_icon_seamless_eps (km/h),windspeed_10m_member24_icon_seamless_eps (km/h),windspeed_10m_member25_icon_seamless_eps (km/h),windspeed_10m_member26_icon_seamless_eps (km/h),windspeed_10m_member27_icon_seamless_eps (km/h),windspeed_10m_member28_icon_seamless_eps (km/h),windspeed_10m_member29_icon_seamless_eps (km/h),windspeed_10m_member30_icon_seamless_eps (km/h),windspeed_10m_member31_icon_seamless_eps (km/h),windspeed_10m_member32_icon_seamless_eps (km/h),windspeed_10m_member33_icon_seamless_eps (km/h),windspeed_10m_member34_icon_seamless_eps (km/h),windspeed_10m_member35_icon_seamless_eps (km/h),windspeed_10m_member36_icon_seamless_eps (km/h),windspeed_10m_member37_icon_seamless_eps (km/h),windspeed_10m_member38_icon_seamless_eps (km/h),windspeed_10m_member39_icon_seamless_eps (km/h),windgusts_10m_icon_seamless_eps (undefined),windgusts_10m_member01_icon_seamless_eps (undefined),windgusts_10m_member02_icon_seamless_eps (undefined),windgusts_10m_member03_icon_seamless_eps (undefined),windgusts_10m_member04_icon_seamless_eps (undefined),windgusts_10m_member05_icon_seamless_eps (undefined),windgusts_10m_member06_icon_seamless_eps (undefined),windgusts_10m_member07_icon_seamless_eps (undefined),windgusts_10m_member08_icon_seamless_eps (undefined),windgusts_10m_member09_icon_seamless_eps (undefined),windgusts_10m_member10_icon_seamless_eps (undefined),windgusts_10m_member11_icon_seamless_eps (undefined),windgusts_10m_member12_icon_seamless_eps (undefined),windgusts_10m_member13_icon_seamless_eps (undefined),windgusts_10m_member14_icon_seamless_eps (undefined),windgusts_10m_member15_icon_seamless_eps (undefined),windgusts_10m_member16_icon_seamless_eps (undefined),windgusts_10m_member17_icon_seamless_eps (undefined),windgusts_10m_member18_icon_seamless_eps (undefined),windgusts_10m_member19_icon_seamless_eps (undefined),windgusts_10m_member20_icon_seamless_eps (undefined),windgusts_10m_member21_icon_seamless_eps (undefined),windgusts_10m_member22_icon_seamless_eps (undefined),windgusts_10m_member23_icon_seamless_eps (undefined),windgusts_10m_member24_icon_seamless_eps (undefined),windgusts_10m_member25_icon_seamless_eps (undefined),windgusts_10m_member26_icon_seamless_eps (undefined),windgusts_10m_member27_icon_seamless_eps (undefined),windgusts_10m_member28_icon_seamless_eps (undefined),windgusts_10m_member29_icon_seamless_eps (undefined),windgusts_10m_member30_icon_seamless_eps (undefined),windgusts_10m_member31_icon_seamless_eps (undefined),windgusts_10m_member32_icon_seamless_eps (undefined),windgusts_10m_member33_icon_seamless_eps (undefined),windgusts_10m_member34_icon_seamless_eps (undefined),windgusts_10m_member35_icon_seamless_eps (undefined),windgusts_10m_member36_icon_seamless_eps (undefined),windgusts_10m_member37_icon_seamless_eps (undefined),windgusts_10m_member38_icon_seamless_eps (undefined),windgusts_10m_member39_icon_seamless_eps (undefined),temperature_2m_ncep_gefs_seamless (°C),temperature_2m_member01_ncep_gefs_seamless (°C),temperature_2m_member02_ncep_gefs_seamless (°C),temperature_2m_member03_ncep_gefs_seamless (°C),temperature_2m_member04_ncep_gefs_seamless (°C),temperature_2m_member05_ncep_gefs_seamless (°C),temperature_2m_member06_ncep_gefs_seamless (°C),temperature_2m_member07_ncep_gefs_seamless (°C),temperature_2m_member08_ncep_gefs_seamless (°C),temperature_2m_member09_ncep_gefs_seamless (°C),temperature_2m_member10_ncep_gefs_seamless (°C),temperature_2m_member11_ncep_gefs_seamless (°C),temperature_2m_member12_ncep_gefs_seamless (°C),temperature_2m_member13_ncep_gefs_seamless (°C),temperature_2m_member14_ncep_gefs_seamless (°C),temperature_2m_member15_ncep_gefs_seamless (°C),temperature_2m_member16_ncep_gefs_seamless (°C),temperature_2m_member17_ncep_gefs_seamless (°C),temperature_2m_member18_ncep_gefs_seamless (°C),temperature_2m_member19_ncep_gefs_seamless (°C),temperature_2m_member20_ncep_gefs_seamless (°C),temperature_2m_member21_ncep_gefs_seamless (°C),temperature_2m_member22_ncep_gefs_seamless (°C),temperature_2m_member23_ncep_gefs_seamless (°C),temperature_2m_member24_ncep_gefs_seamless (°C),temperature_2m_member25_ncep_gefs_seamless (°C),temperature_2m_member26_ncep_gefs_seamless (°C),temperature_2m_member27_ncep_gefs_seamless (°C),temperature_2m_member28_ncep_gefs_seamless (°C),temperature_2m_member29_ncep_gefs_seamless (°C),temperature_2m_member30_ncep_gefs_seamless (°C),relativehumidity_2m_ncep_gefs_seamless (%),relativehumidity_2m_member01_ncep_gefs_seamless (%),relativehumidity_2m_member02_ncep_gefs_seamless (%),relativehumidity_2m_member03_ncep_gefs_seamless (%),relativehumidity_2m_member04_ncep_gefs_seamless (%),relativehumidity_2m_member05_ncep_gefs_seamless (%),relativehumidity_2m_member06_ncep_gefs_seamless (%),relativehumidity_2m_member07_ncep_gefs_seamless (%),relativehumidity_2m_member08_ncep_gefs_seamless (%),relativehumidity_2m_member09_ncep_gefs_seamless (%),relativehumidity_2m_member10_ncep_gefs_seamless (%),relativehumidity_2m_member11_ncep_gefs_seamless (%),relativehumidity_2m_member12_ncep_gefs_seamless (%),relativehumidity_2m_member13_ncep_gefs_seamless (%),relativehumidity_2m_member14_ncep_gefs_seamless (%),relativehumidity_2m_member15_ncep_gefs_seamless (%),relativehumidity_2m_member16_ncep_gefs_seamless (%),relativehumidity_2m_member17_ncep_gefs_seamless (%),relativehumidity_2m_member18_ncep_gefs_seamless (%),relativehumidity_2m_member19_ncep_gefs_seamless (%),relativehumidity_2m_member20_ncep_gefs_seamless (%),relativehumidity_2m_member21_ncep_gefs_seamless (%),relativehumidity_2m_member22_ncep_gefs_seamless (%),relativehumidity_2m_member23_ncep_gefs_seamless (%),relativehumidity_2m_member24_ncep_gefs_seamless (%),relativehumidity_2m_member25_ncep_gefs_seamless (%),relativehumidity_2m_member26_ncep_gefs_seamless (%),relativehumidity_2m_member27_ncep_gefs_seamless (%),relativehumidity_2m_member28_ncep_gefs_seamless (%),relativehumidity_2m_member29_ncep_gefs_seamless (%),relativehumidity_2m_member30_ncep_gefs_seamless (%),rain_ncep_gefs_seamless (mm),rain_member01_ncep_gefs_seamless (mm),rain_member02_ncep_gefs_seamless (mm),rain_member03_ncep_gefs_seamless (mm),rain_member04_ncep_gefs_seamless (mm),rain_member05_ncep_gefs_seamless (mm),rain_member06_ncep_gefs_seamless (mm),rain_member07_ncep_gefs_seamless (mm),rain_member08_ncep_gefs_seamless (mm),rain_member09_ncep_gefs_seamless (mm),rain_member10_ncep_gefs_seamless (mm),rain_member11_ncep_gefs_seamless (mm),rain_member12_ncep_gefs_seamless (mm),rain_member13_ncep_gefs_seamless (mm),rain_member14_ncep_gefs_seamless (mm),rain_member15_ncep_gefs_seamless (mm),rain_member16_ncep_gefs_seamless (mm),rain_member17_ncep_gefs_seamless (mm),rain_member18_ncep_gefs_seamless (mm),rain_member19_ncep_gefs_seamless (mm),rain_member20_ncep_gefs_seamless (mm),rain_member21_ncep_gefs_seamless (mm),rain_member22_ncep_gefs_seamless (mm),rain_member23_ncep_gefs_seamless (mm),rain_member24_ncep_gefs_seamless (mm),rain_member25_ncep_gefs_seamless (mm),rain_member26_ncep_gefs_seamless (mm),rain_member27_ncep_gefs_seamless (mm),rain_member28_ncep_gefs_seamless (mm),rain_member29_ncep_gefs_seamless (mm),rain_member30_ncep_gefs_seamless (mm),windspeed_10m_ncep_gefs_seamless (km/h),windspeed_10m_member01_ncep_gefs_seamless (km/h),windspeed_10m_member02_ncep_gefs_seamless (km/h),windspeed_10m_member03_ncep_gefs_seamless (km/h),windspeed_10m_member04_ncep_gefs_seamless (km/h),windspeed_10m_member05_ncep_gefs_seamless (km/h),windspeed_10m_member06_ncep_gefs_seamless (km/h),windspeed_10m_member07_ncep_gefs_seamless (km/h),windspeed_10m_member08_ncep_gefs_seamless (km/h),windspeed_10m_member09_ncep_gefs_seamless (km/h),windspeed_10m_member10_ncep_gefs_seamless (km/h),windspeed_10m_member11_ncep_gefs_seamless (km/h),windspeed_10m_member12_ncep_gefs_seamless (km/h),windspeed_10m_member13_ncep_gefs_seamless (km/h),windspeed_10m_member14_ncep_gefs_seamless (km/h),windspeed_10m_member15_ncep_gefs_seamless (km/h),windspeed_10m_member16_ncep_gefs_seamless (km/h),windspeed_10m_member17_ncep_gefs_seamless (km/h),windspeed_10m_member18_ncep_gefs_seamless (km/h),windspeed_10m_member19_ncep_gefs_seamless (km/h),windspeed_10m_member20_ncep_gefs_seamless (km/h),windspeed_10m_member21_ncep_gefs_seamless (km/h),windspeed_10m_member22_ncep_gefs_seamless (km/h),windspeed_10m_member23_ncep_gefs_seamless (km/h),windspeed_10m_member24_ncep_gefs_seamless (km/h),windspeed_10m_member25_ncep_gefs_seamless (km/h),windspeed_10m_member26_ncep_gefs_seamless (km/h),windspeed_10m_member27_ncep_gefs_seamless (km/h),windspeed_10m_member28_ncep_gefs_seamless (km/h),windspeed_10m_member29_ncep_gefs_seamless (km/h),windspeed_10m_member30_ncep_gefs_seamless (km/h),windgusts_10m_ncep_gefs_seamless (km/h),windgusts_10m_member01_ncep_gefs_seamless (km/h),windgusts_10m_member02_ncep_gefs_seamless (km/h),windgusts_10m_member03_ncep_gefs_seamless (km/h),windgusts_10m_member04_ncep_gefs_seamless (km/h),windgusts_10m_member05_ncep_gefs_seamless (km/h),windgusts_10m_member06_ncep_gefs_seamless (km/h),windgusts_10m_member07_ncep_gefs_seamless (km/h),windgusts_10m_member08_ncep_gefs_seamless (km/h),windgusts_10m_member09_ncep_gefs_seamless (km/h),windgusts_10m_member10_ncep_gefs_seamless (km/h),windgusts_10m_member11_ncep_gefs_seamless (km/h),windgusts_10m_member12_ncep_gefs_seamless (km/h),windgusts_10m_member13_ncep_gefs_seamless (km/h),windgusts_10m_member14_ncep_gefs_seamless (km/h),windgusts_10m_member15_ncep_gefs_seamless (km/h),windgusts_10m_member16_ncep_gefs_seamless (km/h),windgusts_10m_member17_ncep_gefs_seamless (km/h),windgusts_10m_member18_ncep_gefs_seamless (km/h),windgusts_10m_member19_ncep_gefs_seamless (km/h),windgusts_10m_member20_ncep_gefs_seamless (km/h),windgusts_10m_member21_ncep_gefs_seamless (km/h),windgusts_10m_member22_ncep_gefs_seamless (km/h),windgusts_10m_member23_ncep_gefs_seamless (km/h),windgusts_10m_member24_ncep_gefs_seamless (km/h),windgusts_10m_member25_ncep_gefs_seamless (km/h),windgusts_10m_member26_ncep_gefs_seamless (km/h),windgusts_10m_member27_ncep_gefs_seamless (km/h),windgusts_10m_member28_ncep_gefs_seamless (km/h),windgusts_10m_member29_ncep_gefs_seamless (km/h),windgusts_10m_member30_ncep_gefs_seamless (km/h),temperature_2m_ecmwf_ifs04 (°C),relativehumidity_2m_ecmwf_ifs04 (%),rain_ecmwf_ifs04 (mm),windspeed_10m_ecmwf_ifs04 (km/h),windgusts_10m_ecmwf_ifs04 (undefined),latitude,longitude
2026-08-19T00:00,28.7,28.7,28.8,28.8,28.5,29.2,28.5,28.6,28.5,29,28.8,29,28.1,28,28.2,28.5,28.1,29.2,28.6,28.5,28.3,28.6,29,28.4,28.5,28.7,28.5,28.9,28.5,28.2,28.3,28.4,28.7,29,28.8,28.3,28.6,28.6,28.3,28.2,84,79,81,83,82,78,83,83,82,78,83,82,82,87,83,81,84,79,83,83,86,81,81,84,83,82,82,80,84,85,83,86,82,79,85,86,83,78,87,85,0,0,0,0,0,0,0,0,0,0,0,0,0,0,0,0,1,0,0.2,0,0,0,0,0,0,0,0,0,0.4,0.2,0,0,0,0,0,0,0,0,0,0.4,12.7,13.4,13.3,8.2,12.2,10.4,17.9,14.5,11.3,14.6,16,13.2,15.8,14.7,17.8,17.4,11,15.6,11.1,18.6,7.2,13.9,11.1,17.4,15.5,12.2,11.3,17.4,17.7,12.6,16.6,10.8,16.6,12.7,17,21.4,15.1,13.7,9.7,17.2,,,,,,,,,,,,,,,,,,,,,,,,,,,,,,,,,,,,,,,,,27.9,27.8,27.8,27.9,27.4,27.7,27.6,27.7,27.8,27.7,27.9,27.9,27.9,28.1,27.7,27.8,27.6,27.9,28,27.7,27.7,27.9,28.3,27.7,28,27.6,28.1,27.6,27.9,27.7,27.7,83,83,83,85,87,83,87,84,86,83,82,84,82,82,86,85,86,83,83,86,84,84,82,83,83,84,81,85,83,85,85,1,0.4,0.3,0.2,0.6,0,0.6,0.4,0,0,0.6,0.5,0.2,0.1,0,0,0.1,0.7,0.1,0,0.6,0,0.3,0,0,0.4,0.3,0,0.1,0.2,0.1,37.6,36.3,34.8,33.7,38.2,35.5,32.6,35.7,34.8,40.3,38.2,42.5,31.5,32,36.4,34.5,41.7,33.6,40,38.1,35.9,37,34,39.8,35.8,35.5,32.6,34.5,33.6,39.9,32.4,55.8,54.4,50,52.6,54,54.4,50,55.8,54.4,61.2,56.9,60.8,49.7,50.4,56.9,56.2,56.2,51.8,61.6,54.4,55.1,58.3,53.6,59.4,58,54.4,51.5,55.1,53.3,58.3,54,,,,,,22.2204,114.2127
2026-08-19T01:00,28.6,28.6,28.5,28.7,28.6,29.2,28.2,28.4,28.4,28.9,28.8,28.9,27.9,27.9,27.9,28.1,27.9,29.2,28,28.3,28.5,28.5,28.8,28.2,28.6,28.5,28.3,28.7,28.3,28,28.1,28.4,28.7,28.8,28.6,28.2,28.4,28.4,28.2,27.9,82,79,80,82,78,75,85,81,80,77,83,81,83,85,85,82,85,76,86,84,82,81,80,84,82,83,83,79,85,86,83,84,82,78,86,86,82,80,86,86,0,0,0,0,0,0,0,0,0,0,0,0,0,0,0,0,0.7,0,0.4,0,0,0,0,0,0,0,0,0,0.4,0.3,0,0,0,0,0,0,0,0,0,0,14.5,15.6,15.6,13.5,15.5,14.8,18.3,17,14.3,16.1,18.6,15.1,17.8,16.7,18.7,20.8,13,20.9,15.1,19,12.8,17.9,15.8,19.3,19.3,15.3,14.5,20.3,20.7,15.5,20.7,13.7,20.4,17.7,18.4,22.6,17.6,16.4,14.3,20.7,,,,,,,,,,,,,,,,,,,,,,,,,,,,,,,,,,,,,,,,,27.7,27.7,27.6,27.7,27.5,27.5,27.5,27.5,27.6,27.7,27.8,27.7,27.8,27.9,27.5,27.7,27.5,27.8,27.8,27.5,27.6,27.7,28,27.5,28,27.5,27.9,27.5,27.8,27.5,27.6,84,83,85,86,86,85,87,86,87,84,83,85,83,84,87,86,87,84,84,87,84,84,84,85,83,85,82,86,84,87,85,1,0.4,0.3,0.2,0.6,0,0.6,0.4,0,0,0.6,0.5,0.2,0.1,0,0,0.1,0.7,0.1,0,0.6,0,0.3,0,0,0.4,0.3,0,0.1,0.2,0.1,35.3,37,36.2,33.3,36.6,35.3,31.7,36.2,33.8,39.8,37.4,43.2,29.5,34.1,36.2,33.7,39.4,32.2,39.3,37.7,34.5,33.4,31.6,39,35.9,35.2,32,34.9,32.9,38.3,31.8,53.3,55.1,52.2,49.7,55.4,53.3,48.2,51.8,50.8,59,55.8,59.8,48.2,53.6,52.9,54.7,52.2,50.8,59.8,54.7,52.2,52.9,50.4,55.1,57.2,51.1,50.8,51.1,51.8,56.2,51.1,,,,,,22.2204,114.2127
2026-08-19T02:00,28.4,28.3,28.2,28.3,28.5,29,28.2,28.1,28.2,28.8,28.5,28.7,27.8,27.7,27.7,27.7,27.7,29.1,27.7,28.2,28.1,28.3,28.5,28,28.3,28.4,28.1,28.7,28,27.9,27.6,28.3,28.5,28.6,28.4,28.1,28.2,27.9,27.8,27.6,84,83,80,84,76,75,86,84,80,79,85,81,83,87,88,86,86,78,88,86,84,80,82,87,83,83,83,78,87,87,87,83,85,80,88,88,83,83,88,88,0,0,0,0,0,0,0,0,0,0,0,0,0,0,0,0,0.2,0,0,0,0,0,0,0,0,0,0,0,0,0,0,0,0,0,0,0,0,0,0,0,15.8,16.7,17.1,18.9,18.1,16.5,18.9,16.3,16.3,17.1,17.9,15.8,17.1,17.8,18.9,22,15.1,21.3,16,19,18.1,20.3,17.3,19.3,20.9,17.1,17.3,20.9,20.5,17,21.1,15.8,20.4,19.1,18.8,23,18,18.4,17.7,21.9,,,,,,,,,,,,,,,,,,,,,,,,,,,,,,,,,,,,,,,,,27.5,27.6,27.5,27.5,27.5,27.3,27.5,27.3,27.5,27.6,27.7,27.5,27.7,27.7,27.3,27.6,27.4,27.6,27.7,27.4,27.6,27.5,27.8,27.3,27.9,27.4,27.7,27.4,27.6,27.4,27.5,85,84,86,87,85,86,87,87,87,85,84,86,83,85,87,86,88,84,85,88,84,85,85,87,84,86,83,87,84,88,84,1,0.4,0.3,0.2,0.6,0,0.6,0.4,0,0,0.6,0.5,0.2,0.1,0,0,0.1,0.7,0.1,0,0.6,0,0.3,0,0,0.4,0.3,0,0.1,0.2,0.1,34.3,37.6,37.6,33.2,36,35.5,31.7,36.6,32.7,39.3,37.1,43.6,28.8,36.2,35.8,32.9,37.4,31.1,38.3,38.2,33.8,30.9,29.6,38.5,36,34.7,32.1,34.5,32.6,37.3,31.5,51.1,55.4,53.6,47.5,55.8,52.6,47.2,49,48.6,56.9,55.1,59,47.5,55.1,50,53.6,49.3,50,57.6,55.1,50.8,49,47.9,51.8,56.2,48.6,50.4,47.9,50.4,54,49,,,,,,22.2204,114.2127
2026-08-19T03:00,28.1,28.2,27.9,28,28.3,28.6,28.1,27.9,27.9,28.6,28.3,28.5,27.8,27.4,27.5,27.4,27.4,29,27.5,28,27.5,27.9,28.2,27.9,28.1,28.2,27.9,28.6,27.8,27.8,27.3,28.1,28.2,28.5,28.1,28.1,28,27.5,27.6,27.3,87,85,84,86,77,80,87,86,82,81,87,83,83,90,89,89,87,79,89,87,87,84,85,88,85,84,84,81,88,88,90,85,88,81,89,88,84,87,89,89,0,0,0,0.2,0,0,0,0,0,0,0,0,0,0,0,0,0.1,0,0,0,0,0,0,0,0,0,0,0,0,0.1,0,0,0,0,0,0,0,0,0,0,16,16.7,17.5,19,18.4,18.3,18.9,15.6,16.3,18.3,17.5,15.6,16.4,19.2,19.7,23.4,18.4,20.5,16.8,19.6,19.4,19.5,18.5,19.2,21.5,19.1,19.4,21.2,19.6,18.5,22.8,15.3,20.1,19.2,18.8,22.9,18,17.4,16.5,22.7,,,,,,,,,,,,,,,,,,,,,,,,,,,,,,,,,,,,,,,,,27.4,27.5,27.3,27.4,27.4,27.2,27.4,27.2,27.4,27.5,27.5,27.4,27.6,27.6,27.2,27.5,27.3,27.5,27.5,27.3,27.5,27.4,27.7,27.2,27.8,27.3,27.5,27.3,27.5,27.4,27.4,86,84,86,86,85,86,87,87,86,86,85,87,84,86,87,86,88,85,85,88,84,85,85,87,85,86,84,87,85,88,84,1,0,0,0.1,0.1,0,0.2,0.1,0,0,0.1,0.7,0.3,0,0.1,0.1,0.1,0.1,0,0.1,0.6,0.1,0,0,0,0.5,0,0.1,0,0.1,0,34.8,38.1,38.4,33.7,37.4,36.3,32.8,36.6,32.6,39.7,38,44.5,31.1,35.8,36.1,33.5,36.7,30.6,37.5,40.3,34.9,30.9,29.1,38.5,36.3,34.4,33.8,33.8,33.2,37.4,32.3,50.4,55.1,53.6,47.5,55.4,52.6,47.9,48.2,50,55.8,54.7,58.3,48.6,53.3,50,52.6,49,49,55.8,55.8,51.8,48.6,47.9,51.5,54.7,48.2,51.5,46.8,49.3,53.3,48.6,,,,,,22.2204,114.2127
2026-08-19T04:00,27.6,27.9,27.8,27.8,28.2,28.2,28,27.8,27.8,28.4,27.7,28.5,27.8,27.2,27.4,27.1,27.4,28.8,27.3,27.8,27.2,27.8,28,27.8,27.9,28,27.8,28.6,27.7,27.6,27.1,27.9,28,28.3,28,28.1,27.9,27.4,27.6,27.2,89,87,85,87,80,83,88,87,85,83,89,83,83,91,88,91,86,80,90,89,89,86,87,88,86,86,84,82,89,88,90,87,89,82,90,89,85,88,89,90,0.7,0.3,0,0.1,0,0,0,0,0,0,0.4,0,0,0,0,0.2,0.1,0,0,0,0,0,0,0,0,0,0,0,0,0.1,0,0,0.3,0,0,0,0,0,0,0.1,16.1,17.8,16.9,18.4,17.7,17.7,19.1,15.7,17.9,17.2,19.2,15.8,17.4,20.1,18.9,23.2,17.7,21.7,17.2,18.6,17.5,18.4,18.9,19.2,20.5,20.6,19.1,20.4,20.1,18.8,23.8,14.8,20.2,19.1,18.5,23,18.5,16.9,17,22.5,,,,,,,,,,,,,,,,,,,,,,,,,,,,,,,,,,,,,,,,,27.3,27.4,27.2,27.3,27.2,27.2,27.4,27.2,27.4,27.3,27.4,27.3,27.5,27.4,27.2,27.4,27.2,27.4,27.3,27.2,27.4,27.3,27.6,27.1,27.6,27.2,27.4,27.2,27.4,27.4,27.2,87,84,86,85,86,85,86,86,84,86,86,87,85,87,86,86,88,86,85,88,85,85,85,87,85,87,85,88,85,87,84,1,0,0,0.1,0.1,0,0.2,0.1,0,0,0.1,0.7,0.3,0,0.1,0.1,0.1,0.1,0,0.1,0.6,0.1,0,0,0,0.5,0,0.1,0,0.1,0,36.4,38.3,39.2,34.5,39,37.6,34.2,36.1,33.2,40,39.6,45.5,34.3,34.8,36.3,34.8,36.6,30.2,36.7,43,36.7,31.7,29.6,38.5,36.2,33.8,36.3,32.9,34.2,37.4,33.4,50,54.4,53.3,48.6,54.4,53.3,49,48.6,52.9,55.1,54.7,57.6,50.4,50.4,51.1,51.5,49.7,47.9,54,56.2,53.6,49.7,49,51.8,52.9,49,52.9,46.1,47.9,52.9,48.6,,,,,,22.2204,114.2127
2026-08-19T05:00,27.5,27.8,27.7,27.7,28.1,28,27.9,27.7,27.7,28.2,27.3,28.4,27.8,27,27.4,27.1,27.5,28.5,27.2,27.6,27.1,27.7,27.9,27.8,27.7,27.8,27.7,28.5,27.6,27.6,27.1,27.8,27.8,28.2,27.9,28,27.9,27.2,27.5,27.2,89,87,87,88,81,85,87,87,87,84,90,84,82,92,87,92,85,82,89,90,89,86,87,89,88,87,85,83,88,88,90,89,90,81,91,89,85,89,91,90,0.2,0.5,0,0,0,0,0,0,0,0,0.5,0,0,0,0,0,0,0,0,0,0,0,0,0,0,0,0,0,0,0,0,0,1.3,0,0,0,0,0,0,0,16.3,15,16.9,17.9,18.1,13.1,19,15.5,18.5,15.4,17.1,14.8,18.4,18.8,17.6,21.2,16.6,22.2,17.7,18.9,16.5,18.8,18.4,18.7,20.6,19.3,18.8,20.1,20.1,17.7,23.8,15.4,19.4,19.6,17.5,22.3,19.4,16.9,16.7,21.7,,,,,,,,,,,,,,,,,,,,,,,,,,,,,,,,,,,,,,,,,27.2,27.3,27.2,27.3,27.1,27.2,27.4,27.2,27.4,27.2,27.3,27.2,27.4,27.3,27.2,27.4,27.2,27.3,27.2,27.2,27.3,27.3,27.6,27.1,27.5,27.2,27.3,27.3,27.3,27.4,27.2,87,84,86,84,86,84,86,85,82,86,86,87,85,87,85,86,87,86,85,87,85,84,85,86,85,86,85,87,85,86,84,1,0,0,0.1,0.1,0,0.2,0.1,0,0,0.1,0.7,0.3,0,0.1,0.1,0.1,0.1,0,0.1,0.6,0.1,0,0,0,0.5,0,0.1,0,0.1,0,37.4,38.6,40,34.3,40.6,38.7,35.5,35.6,33.2,40.3,40.3,46.1,36.4,33.8,36.6,35.6,36.3,30,36.3,44.5,38.2,32.6,30,39,35.9,33.6,37.6,31.9,34.3,36.9,34,50,54,52.9,49,53.6,54,50.4,48.6,54.7,54.7,54.4,57.2,51.5,48.2,51.8,50.8,50,46.8,52.6,56.2,55.1,50.4,49.7,52.6,51.5,49.7,53.6,46.1,47.2,52.2,48.6,,,,,,22.2204,114.2127
2026-08-19T06:00,27.5,27.9,27.6,27.8,28,28.1,27.8,27.8,27.6,28.2,27.2,28.2,27.7,27,27.5,27.2,27.6,28.3,27.2,27.7,27.3,27.7,27.9,27.8,27.6,27.8,27.7,28.5,27.7,27.7,27.2,27.7,27.7,28.2,27.8,28,27.8,27.3,27.4,27.1,89,87,87,87,82,84,88,87,86,84,90,85,81,92,86,91,84,83,89,89,88,87,87,88,89,86,84,82,87,87,89,90,91,81,91,89,84,88,91,90,0,0,0,0,0,0,0,0,0,0,0.2,0,0,0,0,0,0,0,0,0,0,0,0,0,0,0,0,0,0,0,0,0,0.8,0,0,0,0,0,0,0,14.9,14.1,16.6,17.9,17.6,14.2,19,15.8,18.4,13.9,16,14.7,20.1,17.7,16.9,20.5,18.4,21.3,17,19.7,16.3,19.3,17.6,19.1,20.4,17.6,19.1,18.7,20.1,17.2,23.7,14.7,18.5,18.8,16.8,21.3,19.2,16.1,16.6,21.5,,,,,,,,,,,,,,,,,,,,,,,,,,,,,,,,,,,,,,,,,27.2,27.4,27.2,27.3,27.1,27.2,27.4,27.3,27.5,27.2,27.3,27.2,27.4,27.4,27.2,27.4,27.2,27.4,27.3,27.2,27.4,27.3,27.6,27.1,27.5,27.2,27.3,27.4,27.4,27.4,27.2,86,83,85,83,85,83,85,84,81,85,85,86,85,86,84,86,86,85,84,86,85,83,84,85,84,84,85,85,84,84,83,0,0,0.1,0,0,0,0,0,0,0,0,0.1,0,0,0,0,0,0,0,0,0,0,0,0,0,0,0,0,0,0,0,38.1,38.2,40.9,33.4,40.9,39.5,36.5,34.9,32.1,40.3,39.5,45.7,35.9,33.8,36.4,35.6,35.2,29.3,35.6,43,38.3,33.1,30.4,39.5,35.1,33.5,36.4,31.1,32.8,34.9,33.7,50.8,54,53.6,48.2,54,54.7,51.5,48.6,54,55.1,54,57.6,50.4,48.6,52.2,50.8,50,45.7,51.5,54.4,54.7,50.8,49.3,52.6,51.5,50.4,52.2,46.8,46.8,50.8,48.6,,,,,,22.2204,114.2127
2026-08-19T07:00,27.7,28,27.6,28,28.2,28.5,27.9,28,27.8,28.3,27.6,28.4,27.8,27.2,27.7,27.5,27.9,28.4,27.6,27.8,27.7,27.9,28.1,27.9,27.8,28.1,27.9,28.7,28,27.9,27.2,27.8,27.5,28.3,27.9,28,28,27.4,27.7,27.3,88,86,87,84,81,82,88,85,85,83,88,84,80,91,85,89,83,82,87,88,86,86,86,87,87,83,83,79,85,85,89,90,91,80,91,88,83,88,90,89,0,0,0,0,0,0,0,0,0,0,0,0,0,0,0,0,0,0,0,0,0,0,0,0,0,0,0,0,0,0,0,0.1,0.9,0,0.1,0,0,0,0,0,15,14.7,14.8,18.4,17.9,15.1,18.5,16.3,17.7,13,14.9,13.7,19.5,17.7,17.2,20.6,18.7,21.2,16.5,19.4,15.2,19.1,16.9,18.2,21.2,17.8,19.2,18.4,19.7,16.1,23,14,18.2,19.8,16.8,20.4,19,15.7,17,21.1,,,,,,,,,,,,,,,,,,,,,,,,,,,,,,,,,,,,,,,,,27.3,27.5,27.2,27.4,27.2,27.4,27.5,27.4,27.6,27.2,27.4,27.2,27.5,27.5,27.3,27.5,27.3,27.5,27.4,27.2,27.4,27.5,27.7,27.1,27.6,27.4,27.4,27.6,27.6,27.4,27.3,85,81,84,81,84,82,85,82,79,83,83,85,84,84,82,85,85,84,82,85,84,81,84,83,83,82,85,83,82,82,82,0,0,0.1,0,0,0,0,0,0,0,0,0.1,0,0,0,0,0,0,0,0,0,0,0,0,0,0,0,0,0,0,0,38.3,37.9,42.5,32.2,40.4,40,37.3,34.1,30.9,40.3,38,44.6,34,34.3,35.7,35.4,34.3,28.9,34.5,40.4,38,33.7,30.7,40.3,34.1,34,34.4,30.8,30.5,32.3,33.1,51.8,54.4,54.7,47.5,54.7,55.4,52.6,48.6,51.8,56.2,53.3,58.3,48.6,50.4,51.8,51.1,49.7,45,50.8,51.8,53.6,50.8,48.6,52.9,51.5,51.5,49.7,48.2,46.4,49,48.6,,,,,,22.2204,114.2127
2026-08-19T08:00,28.3,28.6,28,28.7,28.8,29,28.4,28.6,28.5,28.7,28.2,28.8,28.4,27.9,28.3,28.2,28.6,28.9,28.4,28.4,28.4,28.6,28.7,28.4,28.5,28.7,28.5,29.2,28.6,28.8,27.7,28.1,28.1,28.8,28.3,28.4,28.7,27.8,28.3,27.8,85,84,86,79,79,78,85,82,81,82,85,81,78,88,81,85,80,80,83,85,83,81,82,85,84,80,81,77,82,80,86,88,88,78,89,86,80,86,86,86,0,0,0,0,0,0,0,0,0,0,0,0,0,0,0,0,0,0,0,0,0,0,0,0,0,0,0,0,0,0,0,0,0,0,0,0,0,0,0,0,15.6,16,14.7,19.7,19.6,17.1,19.8,17.4,16.8,14.8,18,15,19.9,18.5,19.3,21.9,20.3,22.4,18.5,21.3,16.8,21.5,18.5,18.7,23.5,18.6,20.2,18.9,21.7,18.2,24.5,14.1,17.7,21.7,18.1,21.6,20.3,16.3,18.7,21.9,,,,,,,,,,,,,,,,,,,,,,,,,,,,,,,,,,,,,,,,,27.5,27.7,27.3,27.5,27.4,27.5,27.6,27.6,27.8,27.4,27.6,27.3,27.6,27.6,27.4,27.6,27.5,27.7,27.5,27.3,27.6,27.7,27.8,27.2,27.7,27.6,27.5,27.9,27.8,27.6,27.5,83,80,83,80,83,81,84,81,78,81,81,83,83,82,81,84,83,82,81,84,83,79,83,82,81,80,84,81,81,80,81,0,0,0.1,0,0,0,0,0,0,0,0,0.1,0,0,0,0,0,0,0,0,0,0,0,0,0,0,0,0,0,0,0,38.3,37.6,43.2,31.2,40.6,40,38,33.5,30.4,40.1,36.9,43.5,32.6,34.5,35.6,35.5,33.7,29.1,34.3,38.2,37.8,34,31.5,40.5,33.5,34.3,32.9,30.4,29.1,30.8,32.3,52.6,54.4,55.4,46.4,55.1,55.4,53.3,47.9,50.4,56.5,52.9,58.3,47.2,51.1,51.8,51.1,49.7,44.6,50.8,50.4,52.6,50.4,48.2,52.6,51.5,52.2,47.9,49,46.4,47.9,48.2,,,,,,22.2204,114.2127
2026-08-19T09:00,29,29.4,28.4,29.6,29.6,29.9,29.1,29.5,29.4,29.2,28.6,29.5,29.1,28.7,29.2,29.2,29.4,29.6,29.2,29.1,29.2,29.5,29.6,28.9,29.3,29.5,29.3,29.9,29.2,29.6,28.3,28.9,28.6,29.8,28.8,29,29.6,28.4,29.2,28.5,82,80,84,75,76,74,81,76,78,80,84,79,75,83,77,79,76,76,78,81,78,77,77,82,79,76,77,74,78,75,83,84,86,74,86,83,76,83,80,82,0,0,0,0,0,0,0,0,0,0,0,0,0,0,0,0,0,0,0,0,0,0,0,0,0,0,0,0,0,0,0,0,0,0,0,0,0,0,0,0,17.7,19,17.7,21.2,24.1,20.2,21.3,19.2,19.1,18.3,19.7,18.4,24.1,20.3,22.5,24.2,23.9,25.4,19.8,23.5,21.6,25.1,20.6,21.1,25.7,21.1,24.6,22.6,25,21.6,26.2,16.2,19.6,24.4,18.6,23.7,24.3,17.1,21.4,23.6,,,,,,,,,,,,,,,,,,,,,,,,,,,,,,,,,,,,,,,,,27.7,27.9,27.5,27.8,27.6,27.8,27.8,27.9,28.1,27.6,27.8,27.6,27.8,27.8,27.7,27.8,27.7,28,27.8,27.6,27.8,27.9,28,27.5,28,27.8,27.8,28.1,28.1,27.9,27.8,81,79,82,78,82,80,83,80,77,79,79,81,81,80,80,83,81,81,80,82,82,78,82,80,79,79,82,79,80,78,79,0,0,0,0,0,0,0,0,0,0,0,0,0,0,0,0,0,0,0,0,0,0,0,0,0,0,0,0,0,0,0,38.1,37.4,43.1,31.3,41.7,39.7,38.8,32.6,31.2,39.7,36.7,41.5,32.7,34.7,35.7,36.1,34.4,30.8,34.5,37.6,37.5,34,33.2,39.7,33.3,35.2,33,30.6,29.6,30.8,32.2,52.9,54,55.4,45.7,55.4,54.4,53.6,46.4,50.4,56.2,52.6,56.5,47.2,50,51.1,50.8,50.4,45.7,51.1,50.4,51.8,49,49,51.8,50,52.6,47.2,48.2,46.1,47.9,47.2,,,,,,22.2204,114.2127
2026-08-19T10:00,30.1,30,29.1,30.4,30.5,30.9,29.9,30.4,30.3,29.9,29.3,30.2,29.7,29.4,29.9,30,30,30.5,29.9,30.1,30.1,30.3,30.6,29.3,30.2,30.1,29.7,30.9,30,30.4,28.4,29.3,29.3,30.8,29.4,29.8,30.3,29,30.4,29.5,75,76,81,70,71,69,77,71,73,76,80,75,71,79,73,73,72,72,74,76,74,72,72,80,74,72,74,69,74,70,82,82,82,70,84,78,72,80,75,77,0,0,0,0,0,0,0,0,0,0,0,0,0,0,0,0,0,0,0,0,0,0,0,0,0,0,0,0,0,0,0,0,0,0,0,0,0,0,0,0,19.5,20,18.7,26,27.7,23.7,22.9,20.9,22.3,20.1,20.6,20,30.3,22,23.9,26.8,26.1,30.3,22.1,24,24.3,26.5,21.6,23.1,26.5,23.4,28.3,25.5,27.4,24.2,27.6,16.3,21.6,26.9,18.6,25.5,28.2,18.8,22.9,25.8,,,,,,,,,,,,,,,,,,,,,,,,,,,,,,,,,,,,,,,,,28,28.2,27.7,28.2,27.8,28.1,28.1,28.2,28.5,28,28.2,28,28.2,28.1,28,28.1,28.1,28.3,28.1,28,28,28.2,28.2,27.9,28.3,28.2,28.1,28.3,28.3,28.4,28.2,79,79,81,76,81,78,82,78,76,78,77,79,78,79,78,81,79,79,78,80,80,77,82,79,77,78,80,76,79,75,77,0,0,0,0,0,0,0,0,0,0,0,0,0,0,0,0,0,0,0,0,0,0,0,0,0,0,0,0,0,0,0,38,37.5,42.8,31.7,42.7,38.5,39.8,32,32.4,38.8,36.7,39.6,33.3,34.6,36.4,36.6,35.6,33.7,35.3,37.8,37.5,33.5,35.2,38.5,33.4,36.1,34,30.9,31.3,31.9,32.5,52.9,52.9,55.4,45,55.8,52.6,53.6,44.3,50.8,55.4,51.8,54,48.2,48.6,50.4,50.4,51.5,47.5,52.2,51.5,51.5,47.2,50.4,50.4,48.2,52.9,46.8,46.8,45.7,48.2,45.4,,,,,,22.2204,114.2127
2026-08-19T11:00,31.5,30.5,30,30.6,31.2,31.6,30.6,31.2,31.1,30.6,30.3,31.1,29.5,30.3,30.6,30.7,30.3,31.5,30.6,31,30.5,31.2,31.3,29.6,31.1,31,30,31.5,30.8,31,28.9,30.2,29.8,31.4,29.9,30.5,30.6,29.6,31.3,30.1,69,73,76,69,69,66,73,66,69,73,75,70,73,73,69,70,71,68,71,71,72,68,67,79,70,68,73,66,71,68,79,77,79,67,81,75,71,77,70,73,0,0,0,0,0,0,0,0,0,0,0,0,0,0,0,0,0,0,0,0,0,0,0,0.2,0,0,0,0,0,0,0.1,0,0,0,0,0,0,0,0,0,21.7,21.8,20.3,28.2,30.2,26.1,24.4,22.1,24.2,21.7,21.8,21.2,33.6,24.6,25.7,30,27.3,32.7,23.4,25.5,25.4,28.8,26.4,24,27.7,26.2,30.9,28.6,30.2,26.6,27.8,17.7,21.8,27.9,18.9,26.8,29.2,19.5,23.6,26.8,,,,,,,,,,,,,,,,,,,,,,,,,,,,,,,,,,,,,,,,,28.3,28.4,28,28.6,28.1,28.4,28.3,28.4,28.8,28.3,28.4,28.3,28.4,28.3,28.2,28.4,28.3,28.5,28.3,28.3,28.2,28.4,28.4,28.2,28.6,28.4,28.4,28.5,28.5,28.7,28.5,78,79,80,75,80,77,81,77,75,77,76,77,76,78,77,80,78,78,77,78,79,76,81,78,75,78,78,75,78,74,76,0,0,0,0,0,0,0,0,0,0,0,0,0,0,0,0,0,0,0,0,0,0,0,0,0,0,0,0,0,0,0,37.7,37.4,42.4,32.2,43.3,37.7,40.1,31.4,34.2,38.6,37.1,38.2,34.2,34.8,36.9,36.9,36.9,35.5,36.6,37.9,37.2,33,37,37.7,33.4,37.2,34.5,31.3,32.7,32.9,32.2,52.9,52.2,55.1,45,55.4,51.5,53.3,42.8,51.8,54.7,51.8,52.2,49,47.2,50.4,50,52.6,49,53.6,52.6,51.1,46.1,51.8,50,46.8,52.9,46.8,45.4,45.7,49,43.9,,,,,,22.2204,114.2127
2026-08-19T12:00,32,30.7,30.8,30.1,31.7,32.1,31.1,31.6,31.5,30.4,30.5,31.1,29.5,30.8,31.2,30.9,30.3,32.2,31.1,31.6,30.3,31.5,31.2,29.7,31.8,31.2,30.1,31.7,30.7,31.5,29,30.8,29.7,31.9,30.4,30.8,30.9,29.8,32,30.6,66,71,73,72,68,64,71,65,67,73,74,69,73,70,67,69,71,65,70,66,73,67,68,80,65,69,74,66,71,66,79,72,79,64,78,73,71,76,67,71,0,0,0,0.1,0,0,0,0,0,0,0,0,0,0,0,0,0.1,0,0.1,0,0.1,0,0,0.6,0,0,0,0,0,0,0.1,0,0.1,0,0.1,0,0.1,0,0,0,23.7,24.2,20.4,28.3,29.3,27.1,25.2,23.5,25.8,22.2,22.3,24,35.3,25.6,25.5,31,28.7,33.7,23.5,26.2,25.8,29.4,27,23.8,29,27.3,32.1,29.4,31.4,27.8,28.3,18.4,22,30.1,19.5,26.9,28.3,20.6,23.3,26.8,,,,,,,,,,,,,,,,,,,,,,,,,,,,,,,,,,,,,,,,,28.6,28.5,28.2,28.8,28.3,28.7,28.4,28.6,28.8,28.6,28.5,28.5,28.6,28.5,28.5,28.6,28.5,28.8,28.6,28.5,28.5,28.6,28.6,28.4,28.9,28.6,28.7,28.6,28.7,28.9,28.6,78,79,80,75,79,76,81,77,76,77,77,77,76,77,77,79,78,77,77,77,79,76,81,78,74,78,77,76,78,74,76,0,0,0,0,0,0,0,0,0,0,0,0,0,0,0,0,0,0,0,0,0,0,0,0,0,0,0,0,0,0,0,37.7,37.2,41.5,32.2,42.1,36.9,39.7,31,37,38.3,38.2,38.2,35.2,34.2,37.8,36.2,37.8,35.6,38.5,38.6,36.8,32.8,38.1,38.2,33,37.2,33.8,31.8,33.6,33.7,31.4,52.9,51.5,54.7,45.4,54.4,51.1,52.6,41.8,53.3,54,52.6,52.2,49.7,46.8,51.8,50,53.6,50,55.4,53.3,51.1,45.7,52.9,50.8,46.4,52.9,47.2,45,46.8,49.7,42.5,,,,,,22.2204,114.2127
2026-08-19T13:00,32.6,30.7,31.3,29.7,32,32.3,31.3,31.9,31.5,30.4,31.1,31,29.7,30.8,31.3,30.9,30.4,32.1,31.1,31.8,30.3,31.8,31.2,29.6,32.2,31.2,30.1,31.8,30.8,31.7,29.4,31.6,29.5,31.8,30.2,30.9,30.7,30.4,32.4,30.8,63,71,70,77,66,63,71,64,67,75,71,71,73,70,67,70,71,66,70,65,74,66,69,81,64,70,74,65,71,65,79,67,80,64,79,73,73,73,66,69,0,0,0,0.1,0,0,0.2,0,0,0,0,0,0,0,0,0,0,0,0,0,0.2,0,0.1,0.8,0,0.1,0,0,0,0,0.1,0,0.3,0,0.4,0.1,0.3,0,0,0,23.7,27,20.9,28.2,29.7,26.9,25.4,23.4,26.8,22.7,23.2,21.7,35.5,25.3,25.7,31.1,30.3,34,23.4,27.6,26.6,30,26.9,23.4,29.9,29.1,32.4,28.9,31,28.3,28.2,18.6,21.6,30.3,19.4,28.1,28.1,21.3,23.9,27.1,,,,,,,,,,,,,,,,,,,,,,,,,,,,,,,,,,,,,,,,,28.8,28.6,28.4,29,28.4,28.9,28.5,28.7,28.7,28.7,28.5,28.7,28.7,28.6,28.7,28.8,28.7,29,28.8,28.6,28.7,28.8,28.7,28.5,29.2,28.7,28.9,28.7,28.9,29,28.7,78,80,81,76,78,76,81,77,77,77,78,77,76,77,77,79,79,76,77,78,79,77,81,79,75,79,77,78,78,76,76,0,0,0,0,0,0,0,0,0,0,0,0,0,0,0,0,0,0,0,0,0,0,0,0,0,0,0,0,0,0,0,38.3,36.4,41,31.9,40.5,36,39,30.9,40.6,38.1,39.9,39.1,37,34,38.7,35.3,39.1,35.3,41.3,40,36.5,33.1,38.9,39,32.3,37,33.6,32.2,34.6,34.9,30.6,53.3,50.8,54.4,46.4,52.6,51.5,51.8,41.4,55.4,53.3,53.6,53.3,50.8,46.4,54.4,50,54.4,50.8,58,54,51.1,46.1,53.6,52.6,46.8,53.3,47.9,44.6,48.6,50.8,41,,,,,,22.2204,114.2127
2026-08-19T14:00,32.9,30.6,31.2,29.2,31.7,32.3,30.7,31.2,31.3,30.6,31.1,30.9,29.7,30.7,31.3,30.6,30,32,31,31.7,30.6,31.5,30.8,29.4,32.1,31,30.1,31.8,30.6,31.4,29.3,32.1,28.7,31.6,29.6,30.4,30.4,30.4,32.4,30.9,61,73,70,80,67,64,75,66,66,75,72,71,74,71,66,71,75,66,71,64,73,68,72,83,64,72,75,64,74,68,79,64,85,65,82,75,76,74,67,67,0,0,0,0.2,0,0,0.4,0,0,0,0,0,0,0,0,0,0,0,0,0,0.3,0,0,0.9,0,0.2,0,0,0.1,0,0.3,0,1.6,0,1.2,0.7,0.4,0,0,0,23.9,25.6,22,27,31.2,26.2,24.2,22.8,27,22.7,23.8,22.7,35.4,24.8,25.6,31.7,29.2,32.9,23,28,26.7,30.3,27.4,22.4,30,30,31.7,29.9,32,27.5,27.8,19.2,23.1,30.5,20.2,28.4,27.7,22,24.3,27.8,,,,,,,,,,,,,,,,,,,,,,,,,,,,,,,,,,,,,,,,,28.9,28.6,28.5,29.1,28.5,29,28.5,28.7,28.6,28.8,28.5,28.8,28.8,28.6,28.8,28.8,28.8,29.1,29,28.6,28.8,28.9,28.7,28.6,29.4,28.8,28.9,28.8,29,29,28.7,78,80,81,77,77,76,82,77,78,77,79,78,77,77,77,79,80,76,77,78,79,77,81,79,75,79,78,79,78,77,77,0,0,0,0,0,0,0,0,0,0,0,0,0,0,0,0,0,0,0,0,0,0,0,0,0,0,0,0,0,0,0,38.6,35.9,40.8,32.3,39,35.9,38.5,31.2,42.9,37.7,40.8,39.9,38.4,33.8,39.7,34.8,40,34.9,43.4,40.8,36.7,33.3,39.5,39.8,32.7,36.5,33.6,31.9,35.2,36,30,53.3,50,54.4,47.5,51.1,51.8,51.5,41.8,56.9,52.9,54,54.4,51.5,46.4,56.2,50.4,55.4,51.5,59.8,54.7,51.5,46.4,54.4,53.6,47.9,52.9,49,43.9,50.4,51.8,40.3,,,,,,22.2204,114.2127
2026-08-19T15:00,32.6,30.4,30.5,28.4,31,31.9,30.6,30.6,31,30.3,30.5,30,29.2,30.1,30.9,30.1,29.9,31.3,30.6,31.5,30.1,31.1,30.6,29,31.5,30.6,29.8,31.1,30.1,31,29.2,32,28.8,31.2,29.2,29.9,30,30.1,32.1,30.7,62,75,73,85,71,66,76,70,67,77,74,76,78,75,69,74,76,71,73,65,75,69,74,85,66,74,78,68,76,69,80,64,83,67,84,78,78,76,66,68,0,0,0,0.1,0,0,0.4,0,0,0,0.1,0,0,0,0,0,0,0.1,0,0,0.1,0,0,1.5,0,0.1,0,0,0.2,0,0.4,0,1.1,0,1.8,0.1,0.2,0,0,0,23.8,25.2,22.4,24.9,32.1,25,24.1,21.6,26.7,22.3,23.4,19.5,33.9,24.5,26,31,29.2,30.5,23.8,27.5,27.3,29.9,29.5,21.7,29.9,29.9,29.9,30.2,30.4,28.5,28.1,19.2,19.2,30.7,18.7,27,27,22,25,27.7,,,,,,,,,,,,,,,,,,,,,,,,,,,,,,,,,,,,,,,,,28.8,28.6,28.5,29,28.5,28.9,28.4,28.6,28.5,28.8,28.5,28.8,28.7,28.7,28.8,28.8,28.7,29,28.9,28.5,28.7,28.8,28.7,28.5,29.3,28.7,28.8,28.7,28.9,28.9,28.7,78,80,81,78,77,77,83,78,79,77,78,78,77,77,77,79,80,76,77,79,79,77,82,79,76,79,79,79,79,78,78,0,0,0,0,0,0,0,0,0,0,0,0,0,0,0,0,0,0,0,0,0,0,0,0,0,0,0,0,0,0,0,38.7,35.1,41.1,33,38.3,36.4,38.7,32.8,43,36.8,40,40.1,39.4,33.9,39.6,35.1,40.5,34.9,44.6,41,37.2,33.7,39.8,40,34.2,35.7,34.7,30.1,35.8,36.7,29.6,53.6,49.3,55.4,49,50.8,52.6,51.8,44.3,57.2,52.6,52.9,55.1,52.2,46.4,56.9,51.5,56.5,52.2,60.8,55.4,52.2,47.5,54.7,54,50,52.2,50,41.8,51.5,53.3,40,,,,,,22.2204,114.2127
2026-08-19T16:00,32.2,30.1,29.9,28.3,30.1,31.5,30.4,29.9,30.6,29.9,30.2,30.3,28.8,29.5,30.2,29.6,29.6,30.7,30,30.9,29.8,30.6,29.9,28.3,30.7,30.1,29.4,30.8,29.5,30.2,29,31.7,29.4,30.6,29.7,29.8,29.8,29.6,31.5,30.3,64,76,77,85,76,68,77,74,67,80,77,74,80,79,73,76,77,73,75,68,76,71,79,88,71,77,81,70,80,74,81,66,82,71,81,78,79,78,68,70,0,0,0,0.2,0,0,0,0.1,0,0,0,0,0,0,0,0,0,0.1,0,0,0,0,0,4.4,0,0,0,0,0.2,0,0.1,0,0,0,0.1,0,0,0,0,0,22.4,23.4,20.7,23.8,31.3,24.8,23.1,21.3,25.5,21.3,23.4,15.5,31.7,24.2,24.8,30.3,28.8,29.3,23,26.6,26.4,28.9,25.6,20.9,30.3,28.9,27.8,28.8,29.2,28.4,27.1,18.2,22.4,31.7,18.4,27,26.7,22.3,24.5,27,,,,,,,,,,,,,,,,,,,,,,,,,,,,,,,,,,,,,,,,,28.5,28.5,28.4,28.8,28.4,28.7,28.3,28.4,28.5,28.7,28.4,28.6,28.6,28.7,28.8,28.7,28.5,28.7,28.7,28.4,28.5,28.7,28.6,28.4,29.1,28.6,28.5,28.6,28.6,28.7,28.6,79,80,82,80,78,78,83,79,81,76,77,78,77,78,77,78,81,77,77,79,79,78,83,78,77,80,81,79,79,78,79,0,0,0,0,0,0,0,0,0,0,0,0,0,0,0,0,0,0,0,0,0,0,0,0,0,0,0,0,0,0,0,38.5,33.6,41.7,33.9,38.2,37.5,38.9,35.1,41.9,35.5,38.2,40.5,39.7,33.8,39.3,35.6,41.2,34.6,45.1,40.8,38.2,34.2,39.9,40.2,36.5,34.4,36.3,27,36.2,37.2,29.4,54,49,56.5,50.4,50.8,53.3,52.6,47.5,57.2,52.6,51.1,55.8,52.6,46.4,56.9,52.6,57.6,52.6,61.9,56.2,52.9,49,54.7,54.4,52.9,51.1,51.1,38.9,52.6,54.4,40.3,,,,,,22.2204,114.2127
2026-08-19T17:00,31.6,29.5,29.6,28,29.2,30.9,29.8,28.4,30.1,29.2,29.5,29.9,28.2,28.8,29.4,28.9,29.4,30.1,29.3,30.1,29.2,30,29.5,28.4,29.8,29.7,29,30,28.9,29.5,28.5,31.2,28.7,29.8,29.5,29.3,29.3,28.9,30.7,29.6,66,77,77,86,80,71,81,84,69,83,80,76,82,82,78,79,80,77,78,73,79,73,81,85,77,80,84,74,83,79,83,68,85,76,82,80,82,83,72,73,0,0,0,0,0,0,0,0.2,0,0,0,0,0,0,0,0,0,0,0,0,0,0,0,0.1,0,0,0,0,0.3,0,0,0,0,0,0,0,0,0,0,0,21.1,22,20.9,22.3,29.2,24.1,21.6,19.8,24,20.9,22.3,17.4,30.3,23.8,22.3,29.3,27.8,29.3,22.3,25.9,25.3,27.8,23.4,17.6,29.9,27.8,25.2,28.1,28.5,26.3,26.1,16.3,20.5,30.9,18.4,27.7,26.7,20.5,23.8,25.6,,,,,,,,,,,,,,,,,,,,,,,,,,,,,,,,,,,,,,,,,28.4,28.4,28.2,28.6,28.3,28.5,28.2,28.3,28.4,28.6,28.4,28.4,28.4,28.7,28.7,28.6,28.4,28.5,28.6,28.3,28.3,28.6,28.4,28.3,28.9,28.4,28.3,28.5,28.4,28.6,28.5,79,80,82,81,79,79,84,80,82,76,76,78,77,78,77,78,81,78,78,80,79,78,83,78,78,80,83,80,80,79,80,0,0,0,0,0,0,0,0,0,0,0,0,0,0,0,0,0,0,0,0,0,0,0,0,0,0,0,0,0,0,0,38,32.2,42,34.5,37.9,37.7,38.9,36.7,41.2,34.3,37.7,39.8,39.7,33.5,39,35.5,41.7,34.3,44.9,40.5,38.2,34.5,39.3,39.5,37.5,33.5,37.2,24.7,36.2,37.5,29,54.4,48.2,57.6,51.5,51.1,54,52.9,50.4,57.6,52.6,50.4,56.2,52.9,46.8,57.2,53.3,58.7,52.9,61.9,56.9,53.3,50,54.7,54.4,55.4,50.4,52.2,36.7,53.3,55.8,41,,,,,,22.2204,114.2127
2026-08-19T18:00,30.6,28.8,29.1,27.9,28.4,30.2,28.9,28.1,29.3,28.6,28.8,29.6,27.6,28,28.5,28.2,28.9,29.4,28.7,29.2,28.9,29.2,28.9,27.9,29,29.1,28.7,29.4,28.3,29.1,28,30.4,28.4,29,28.8,28.8,28.7,28.3,29.8,29,70,80,77,86,84,74,85,86,73,86,83,73,85,86,83,84,82,80,82,78,81,78,84,88,81,83,84,78,87,82,85,72,86,79,82,81,85,86,75,76,0,0,0,0,0,0,0.8,0,0,0,0,0,0,0,0,0,0,0,0,0,0.1,0,0,0.2,0,0,0,0,0.3,0,0,0,0,0,0,0,0,0,0,0,19.3,20.9,19.5,20.9,27.9,22,20.5,19.1,22.9,20.2,20.5,12.8,28.5,22.7,20.9,27,26.7,29,21.3,24.5,24.6,25.2,22,19.8,29.2,26.3,17.3,25.9,28.3,23.4,25.1,14.4,20.2,29.4,18,26.3,25.6,19.5,22.3,24.1,,,,,,,,,,,,,,,,,,,,,,,,,,,,,,,,,,,,,,,,,28.3,28.3,28.1,28.5,28.2,28.4,28.1,28.3,28.3,28.5,28.3,28.3,28.4,28.6,28.6,28.5,28.2,28.4,28.5,28.2,28.2,28.5,28.3,28.3,28.7,28.4,28.1,28.3,28.3,28.5,28.4,79,80,83,82,79,79,85,80,82,77,77,79,77,79,77,78,81,78,79,80,79,79,82,78,78,80,84,82,80,79,81,0,0,0.1,0,0,0,0,0,0,0,0,0,0,0,0,0,0,0,0,0,0,0,0,0,0,0,0,0,0,0,0,36.7,30.7,42.6,33.9,37.6,36.4,38.3,36.9,42,33.6,38.8,37.6,38.8,32.4,39.4,34.7,42.6,33,43,40.9,36.6,34.2,37.2,36.6,36.7,32.1,37.7,22.9,35.7,37.3,28.3,54.7,47.2,58,51.8,51.8,54,52.6,51.5,59.8,52.6,52.6,55.1,53.3,47.5,58.7,52.9,60.5,53.3,61.2,58,53.3,50.8,55.1,53.6,56.9,50.4,53.3,35.3,54,57.2,42.1,,,,,,22.2204,114.2127
2026-08-19T19:00,29.7,28.4,28.7,27.6,27.8,29.4,28.4,27.5,28.4,28,28.3,29.3,27.2,27.4,27.8,27.7,28.5,28.8,28.1,28.5,28.5,28.4,28.4,27.7,28.3,28.5,28.2,28.8,28,28.6,27.6,29.5,28.1,28.4,28.2,28.2,28.1,27.8,29,28.4,75,82,75,88,87,79,89,91,78,88,86,72,88,90,88,87,85,84,85,83,83,84,87,90,86,85,87,82,88,85,88,77,88,83,81,85,87,88,79,80,0,0,0,0,0,0,2.8,1.2,0,0,0,0,0,0,0,0,0,0,0,0,0,0,0,0.6,0,0,0,0,0.1,0,0,0,0,0,0,0,0,0,0,0,15,16.3,14.4,19.8,26.5,18.4,18.4,16.9,21.5,18.8,18.7,11.3,27.2,21.2,20.2,24.8,25.3,29.4,20.3,23.1,22.6,22.7,19.5,17.6,27.4,24.9,16.2,24.1,27.3,22,24.4,12.6,18.8,29.6,15.9,25.6,25.2,18,20.5,22.7,,,,,,,,,,,,,,,,,,,,,,,,,,,,,,,,,,,,,,,,,28.4,28.3,27.9,28.4,28.1,28.4,28,28.3,28.2,28.4,28.2,28.3,28.3,28.4,28.5,28.4,28.1,28.4,28.3,28.1,28.2,28.3,28.2,28.2,28.6,28.3,28,28.1,28.2,28.5,28.3,79,81,84,82,80,79,86,81,80,79,79,80,78,79,77,78,82,78,80,81,80,79,81,78,78,81,85,84,81,79,82,0,0,0.1,0,0,0,0,0,0,0,0,0,0,0,0,0,0,0,0,0,0,0,0,0,0,0,0,0,0,0,0,35.4,29.1,43,33.1,37.1,34.8,37.6,36.8,43.4,33.4,41.3,34.7,37.2,30.8,40,33.3,43.6,31.3,40.5,41.3,34,33.2,34.3,32.8,34.8,30.8,37.8,21,35.2,36.9,27.3,55.4,46.1,58,52.2,52.9,54,52.2,51.8,63,52.9,55.4,53.6,53.3,48.6,60.5,52.2,62.3,53.6,60.1,59,52.9,51.5,55.8,52.9,57.6,50.4,54,34.2,54.7,58.7,43.6,,,,,,22.2204,114.2127
2026-08-19T20:00,29.2,28.1,28.5,27.5,27.5,29,28.1,27.5,28,27.9,28.2,29.2,27.1,27.3,27.6,27.4,28.4,28.7,27.9,28.2,28.3,28.2,28.2,27.5,27.9,28.3,28,28.5,28,28.4,27.5,29,28,28,28.1,28,27.8,27.7,28.8,28.1,78,84,74,88,89,82,91,91,82,88,86,71,88,90,90,89,85,86,87,85,85,85,88,90,87,88,88,84,88,88,88,77,88,85,79,87,89,88,81,82,0,0,0,0,0,0,5.5,1.1,0,0,0,0,0,0,0.2,0,0,0,0,0,0.1,0,0,0,0,0.3,0,0,0,0.1,0,0,0,0.1,0,0,0,0,0,0,14,13.4,12.3,19.5,25.9,18.1,18.1,15.8,20.9,18.1,16.8,11.3,28,20.2,19.8,23.4,23.9,30.5,19.4,21.7,21.7,21.1,18.4,19.2,26.3,23.9,15.1,22.3,26.5,19.2,25.1,12.4,16.7,28.7,14.9,24.5,24.9,16.6,20.3,21.7,,,,,,,,,,,,,,,,,,,,,,,,,,,,,,,,,,,,,,,,,28.3,28.1,27.7,28.2,28,28.4,27.9,28.3,28.1,28.3,28,28.2,28.2,28.3,28.4,28.3,28,28.3,28.2,28,28.1,28.2,28.1,28.2,28.5,28.2,27.9,28,28.1,28.4,28.2,79,82,85,83,80,79,86,81,80,80,81,81,79,80,77,79,82,78,81,81,81,80,80,79,79,81,85,85,81,80,83,0,0,0.1,0,0,0,0,0,0,0,0,0,0,0,0,0,0,0,0,0,0,0,0,0,0,0,0,0,0,0,0,34.3,28.1,43.1,32.8,36.3,33.3,37.1,36.4,44.1,34.1,42.6,32.7,36.2,30.3,40.7,31.9,44.2,31.2,38.5,40.9,32.6,33,32.8,31.4,33.7,30.2,37.5,20.7,34.8,36.6,27.2,55.4,45,57.2,52.2,52.9,53.3,52.2,51.8,64.4,54,57.2,52.6,53.6,50,61.6,51.5,63,54.4,58.7,59,52.9,52.2,56.5,53.3,57.6,50.8,54,35.3,54.7,59,45,,,,,,22.2204,114.2127
2026-08-19T21:00,28.9,28.1,28.5,27.5,27.3,28.9,28,27.6,27.8,27.9,28.2,28.9,27.1,27.2,27.6,27.4,28.4,28.5,27.9,28,28.3,28.1,28.1,27.5,27.6,28.2,28,28.4,28,28.3,27.5,28.7,28,27.8,28,27.9,27.6,27.6,28.6,28.1,81,84,74,89,89,82,91,92,83,88,86,75,89,90,91,90,86,86,86,86,85,86,88,83,89,88,88,84,90,90,89,79,86,86,82,89,89,89,84,83,0,0,0,0,0,0,4.3,0,0,0,0,0,0,0.1,0.1,0,0,0.2,0,0,0.1,0,0,0,0,0.6,0,0,0.8,0.2,0.2,0,0,0.3,0,0,0.1,0,0,0,13.8,12.7,11.2,18.7,25.2,18.3,18.1,13.7,21,18.8,16.8,12.4,27.3,19.3,16.6,23.2,23.5,31.8,20.5,21.7,21.9,21.3,17.3,18.9,26.7,23.1,14.8,20.2,26.4,18.5,25.1,12.9,16.3,29.3,17.1,22,24.9,16.2,22,20.6,,,,,,,,,,,,,,,,,,,,,,,,,,,,,,,,,,,,,,,,,28.2,27.9,27.7,28,28,28.2,27.9,28.2,28,28.2,27.9,28,28.1,28.2,28.2,28.2,28.1,28.2,28.1,27.9,28,28.1,28,28.1,28.3,28.1,27.8,27.9,28,28.2,28.1,81,84,85,84,81,80,86,82,81,80,82,82,80,81,79,81,82,80,82,82,82,81,81,80,81,82,85,85,82,82,84,0,0,0.1,0,0,0,0.3,0,0,0,0,0,0,0,0,0,0,0,0,0,0,0,0,0,0,0,0.1,0,0,0,0,34.8,27.3,41.8,34.2,34.5,32.3,37.1,36,43.7,36.7,42.6,32.7,35.5,31.4,40.8,30.4,43.7,33.6,37.8,38.8,32.9,34.1,34.2,34.6,34.4,31,36.2,22.7,34.8,36.9,28.3,55.1,43.9,55.8,52.9,51.8,52.2,53.3,51.8,63.4,56.5,56.2,52.2,54,51.8,61.6,50.8,62.3,55.4,56.9,57.6,52.9,53.6,57.6,56.2,56.9,51.1,52.9,40.7,54.4,58,46.1,,,,,,22.2204,114.2127
2026-08-19T22:00,28.6,28,28.4,27.6,27.1,28.8,28.1,27.8,27.6,27.7,28.2,28.7,27.1,27.2,27.7,27.3,28.4,28.3,27.7,27.8,28.2,27.9,28.1,27.6,27.5,28.2,27.9,28.2,27.8,28.3,27.5,28.4,27.9,27.6,27.9,27.9,27.4,27.6,28.5,27.9,84,85,74,89,90,81,92,91,85,89,85,78,88,90,92,91,85,87,87,87,86,88,88,79,89,87,88,86,91,89,90,82,85,86,83,90,90,89,86,86,0,0,0,0,0,0,2.3,0,0,0.3,0,0,0,0,0,0,0,0.3,0,0,0,0,0,0,0,0.5,0,0,2.1,0.2,0.3,0,0,0.2,0,0,0.1,0,0,0,14.5,13.4,10.5,18,26.5,17.4,16.6,13.7,21,19.1,17.4,12.8,27.6,18.6,15.9,23.1,22.9,31.5,21.1,22,22.2,22,16.6,18.7,27.1,23,14.8,22.3,25.2,18.2,25.3,12.8,16.3,28.3,15.7,22,24.1,15.5,21.7,20.6,,,,,,,,,,,,,,,,,,,,,,,,,,,,,,,,,,,,,,,,,27.9,27.7,27.6,27.8,28,28,27.9,28,27.9,28.2,27.7,27.9,27.9,28.1,27.9,28,28.2,28.1,27.9,27.8,27.8,28,27.9,28,28.2,28,27.8,28,27.9,27.9,27.9,83,86,84,86,82,82,85,82,84,81,83,83,82,82,81,84,82,82,82,83,84,81,83,82,83,83,86,85,83,84,85,0,0,0.1,0,0,0,0.3,0,0,0,0,0,0,0,0,0,0,0,0,0,0,0,0,0,0,0,0.1,0,0,0,0,35.6,27,39.9,36.2,32.1,31.9,37.6,35.3,42.3,39.8,42.4,33.6,35.2,33.7,40.7,29,42.4,37.6,37.5,36,34.6,35.5,36.7,40.6,36.4,32.4,35,26.5,35.4,37.5,29.7,54.7,43.2,53.6,53.3,49.7,50.4,54.7,51.5,60.8,59.8,53.6,52.6,54,53.6,60.8,50,60.5,56.9,54.7,55.4,52.9,55.4,58.7,59.8,55.8,51.8,51.5,47.9,53.6,55.8,46.8,,,,,,22.2204,114.2127
2026-08-19T23:00,28.4,27.9,28.1,27.6,27,28.6,28,27.8,27.4,27.7,28.1,28.4,27,27.1,27.7,27.2,28.2,28,27.6,27.6,28.1,27.8,28,27.3,27.3,28.1,27.9,27.9,27.8,28.2,27.5,28.2,27.8,27.4,27.7,27.8,27.1,27.5,28.4,27.7,83,86,76,89,90,82,92,91,86,88,84,82,89,91,92,92,86,88,87,90,86,88,88,84,89,87,88,86,90,90,90,84,87,87,85,90,92,90,87,88,0,0,0,0,0,0,1,0,0,0.8,0,0,0,0,0,0,0,0.1,0,0.9,0,0,0,0,0,0.1,0,0,2.9,0,0.1,0,0,0.3,0,0,0.1,0,0,0,14.3,14.8,9.8,18.4,26,15.9,15.5,13.7,23,16.6,19.1,12.6,27.2,18.6,15.3,22.4,22.3,31.1,21,22,22.1,22.3,16.6,18.7,26.8,22.8,13,22,23.8,17.4,25.5,14.1,15.9,28,15.4,22.4,23.1,16.2,21.7,20.9,,,,,,,,,,,,,,,,,,,,,,,,,,,,,,,,,,,,,,,,,27.7,27.5,27.6,27.6,27.9,27.8,27.9,27.9,27.8,28,27.5,27.8,27.8,28,27.7,27.8,28.2,27.9,27.8,27.7,27.7,27.9,27.8,27.9,28,27.9,27.7,28,27.8,27.7,27.7,85,87,84,87,83,84,84,83,85,81,84,84,83,83,83,86,82,83,83,84,85,82,85,83,84,83,86,84,84,86,85,0,0,0.1,0,0,0,0.3,0,0,0,0,0,0,0,0,0,0,0,0,0,0,0,0,0,0,0,0.1,0,0,0,0,36.5,27.2,38.7,37.9,30.7,31.6,37.6,34.6,41.1,42,40.9,34.9,35.8,35.2,40.5,28.5,41.8,40,37.6,33.8,35.7,36.7,39,44.6,37.4,33.2,33.9,29,35.3,37.6,30.8,54,42.5,51.8,53.6,47.9,49.3,55.1,51.1,58.7,61.2,50.8,52.9,54.7,54.4,60.1,49.3,58.7,58.3,53.3,53.3,52.9,56.2,58.7,62.3,55.1,51.8,50.4,52.2,52.6,53.6,47.2,,,,,,22.2204,114.2127
2026-08-20T00:00,28.2,27.7,27.9,27.5,26.8,28.4,27.8,27.7,26.8,27.6,28.1,28.3,26.9,27.1,27.6,27.1,28,27.9,27.3,27.5,28,27.7,27.7,27.2,27.2,28,27.8,27.7,27.6,27.9,27.4,27.9,27.8,27.3,27.8,27.7,27,27.4,28.2,27.5,82,87,77,89,91,82,92,90,89,88,83,82,89,91,92,92,86,88,89,90,86,89,89,86,90,88,88,86,91,90,90,86,87,86,86,91,91,90,88,89,0,0,0,0,0,0,0.5,0,0,0.4,0,0,0,0,0,0,0,0.1,0,0.1,0,0,0,0,0,0,0,0,3.4,0.7,0.4,0,0,0.5,0,0,0.1,0,0,0,14.2,14.9,8.5,18,26.5,15.8,16.7,13.7,22.7,15.2,18.7,10.6,26.8,18.7,14.6,22,21.3,30,20.3,22.4,22,22.4,16.6,18.1,26.1,22.1,11.2,21.6,23.1,17.4,25,14.9,16.3,29.6,15.5,22.7,22,15.8,21.3,20.2,,,,,,,,,,,,,,,,,,,,,,,,,,,,,,,,,,,,,,,,,27.6,27.4,27.5,27.5,27.7,27.6,27.8,27.7,27.7,27.8,27.4,27.7,27.6,27.8,27.5,27.6,28,27.8,27.7,27.6,27.5,27.7,27.7,27.7,27.9,27.8,27.6,27.9,27.6,27.5,27.6,86,87,84,87,84,85,84,84,85,82,85,84,83,84,84,86,83,83,84,84,86,83,85,84,84,83,86,84,85,87,85,0,0,0,0,0,0,0.1,0,0,0,0,0,0,0,0,0,0,0,0.1,0,0,0,0,0,0,0,0,0,0,0,0,36.3,28.3,38.4,37.9,30.9,32.4,37.1,34.5,39.2,41.2,37.8,36.1,37.8,35.1,40.9,29.8,40.9,39.8,37.8,33,35.9,37,38.4,43.8,36,33.2,34.3,29.6,35.1,36.4,30.4,53.3,42.5,51.1,53.3,46.8,49.3,53.6,50.4,57.2,59,48.2,53.6,56.2,53.3,59,48.6,56.9,59.4,53.3,51.5,52.9,54.7,56.5,61.6,54.7,51.1,51.1,50.4,50.8,50.8,46.4,,,,,,22.2204,114.2127
2026-08-20T01:00,28.1,27.7,27.7,27.3,26.7,28.3,27.6,27.5,26.5,27.5,28,28.2,26.8,27.1,27.6,26.8,27.9,27.9,27.3,27.4,27.9,27.7,27.4,27.1,27.3,27.8,27.6,27.3,27.4,27.8,27.2,27.6,27.7,26.9,27.8,27.5,27.1,27.3,28,27.4,82,86,78,91,90,82,93,91,90,88,83,82,89,90,92,93,85,88,89,90,87,88,90,87,88,89,89,88,91,91,92,86,87,87,88,91,90,90,89,90,0,0,0,0,0,0,2,0,0,0.6,0,0,0,0,0,0.2,0,0.1,0,0,0,0,0.1,0,0,0,0.1,0,1.3,2,0.1,0,0,0,0,0,0.3,0,0,0,12.9,15.9,9.2,16.9,24.4,15.9,14.9,12.6,21.7,13,19.2,9.9,26.4,19.3,13.5,22.4,20.3,29.6,19.2,21.3,21.5,22.5,16.2,18.2,26.8,20.3,10.1,22,20.7,16.9,23.8,13.6,16,28.7,15.2,22.3,19.6,14.8,20.1,20,,,,,,,,,,,,,,,,,,,,,,,,,,,,,,,,,,,,,,,,,27.4,27.4,27.3,27.5,27.4,27.4,27.6,27.6,27.5,27.6,27.2,27.6,27.5,27.6,27.3,27.5,27.7,27.7,27.6,27.4,27.4,27.4,27.6,27.6,27.8,27.7,27.6,27.8,27.4,27.3,27.5,86,87,84,87,86,85,85,84,85,83,85,85,83,85,84,86,84,82,84,84,86,85,85,85,83,82,86,83,86,87,84,0,0,0,0,0,0,0.1,0,0,0,0,0,0,0,0,0,0,0,0.1,0,0,0,0,0,0,0,0,0,0,0,0,35.4,29.2,38.5,37.1,32.1,33.6,36.2,34.9,37.4,38.4,34.2,37.4,40.3,34.6,41.1,32,39.8,38.1,37.9,32.7,35.7,37.4,36.6,41.1,33.6,32.2,35.7,28.8,34.4,34.7,29,52.9,42.8,50.8,52.2,45.7,49.7,51.1,49.7,56.2,55.1,45.4,54.7,58.3,51.5,58,47.9,55.4,60.5,53.6,49.3,52.6,52.6,53.3,59.4,54.4,50,52.2,45.7,48.6,47.5,45,,,,,,22.2204,114.2127
2026-08-20T02:00,28,27.7,27.7,27.2,26.6,28.2,27.4,27.3,26.5,27.5,27.9,28.1,26.8,27.1,27.6,26.7,27.8,27.6,27.1,27.3,27.6,27.5,27.1,27,27.1,27.7,27.5,27,27.5,27.7,27.3,27.6,27.5,26.9,27.6,27.3,27,27.3,27.8,27.2,82,85,80,91,90,81,93,91,90,88,83,82,89,89,92,93,85,90,90,91,89,89,91,87,90,89,89,89,90,91,91,84,89,89,89,92,90,89,90,91,0,0,0,0,0,0,1.4,0,0,0.6,0,0,0,0,0,0.3,0,0.1,0.3,0,0,0,0.3,0,0,0,0.2,0.3,0.1,0.1,0.1,0,0.1,0.1,0.5,0.2,0.4,0.4,0,0,11.5,15.9,9.2,15.5,22.7,16.3,15.4,12.1,21.7,12,18.8,10.2,25.7,18.6,12.5,23.6,20.1,28.5,18.8,20.8,20.2,21.7,15.9,17.8,25.5,19.5,8.7,18.7,18.2,15.9,22.7,12.4,16.1,30,15.2,22.1,16.8,14.4,18.8,20,,,,,,,,,,,,,,,,,,,,,,,,,,,,,,,,,,,,,,,,,27.3,27.3,27.2,27.4,27.1,27.3,27.5,27.4,27.3,27.4,27.1,27.5,27.4,27.4,27.2,27.4,27.5,27.6,27.5,27.2,27.3,27.2,27.5,27.5,27.7,27.7,27.5,27.7,27.3,27.2,27.4,86,87,84,87,87,85,85,85,84,84,86,85,83,85,84,85,85,82,85,84,86,86,85,85,82,81,86,83,86,87,83,0,0,0,0,0,0,0.1,0,0,0,0,0,0,0,0,0,0,0,0.1,0,0,0,0,0,0,0,0,0,0,0,0,34.9,30.3,38.3,36.1,33,34.5,35.9,35.2,36.7,35.8,31.4,38.5,42.2,33.8,41.3,33.8,39.8,37.2,38,32.3,35.7,37.2,35.3,39.5,32.2,31.1,36.4,27.2,34,33.2,27.9,52.2,43.2,50.8,51.5,44.6,49.7,49,48.6,55.1,51.8,43.6,55.4,59.4,49.7,56.9,47.9,54.4,60.8,53.6,47.5,52.2,50.4,51.5,58,54.4,49,52.6,41.4,46.8,45.4,43.9,,,,,,22.2204,114.2127
2026-08-20T03:00,27.9,27.6,27.8,27.3,26.7,28.2,27.3,27.2,26.4,27.4,27.8,28.1,26.7,27,27.6,26.7,27.6,27.4,27.1,27.2,27.4,27.3,27,26.9,27,27.6,27.4,27.1,27.5,27.7,27.3,27.5,27.3,26.5,27.5,27.3,26.9,27.1,27.7,27.2,81,85,80,91,89,80,94,90,91,89,82,81,90,89,91,92,85,90,90,90,89,89,91,88,90,90,89,88,89,92,91,85,90,89,91,92,90,90,92,90,0,0,0,0,0,0,0.1,0.2,0,0.8,0,0,0,0,0.1,0.1,0,0.3,0.4,0.1,0.1,0,0.1,0,0,0,0.3,0.3,0.1,0.1,0.7,0,0.8,0.2,0,1.1,0.4,0.7,0,0,11.4,14.7,8,15.2,20.9,15,15.1,12.3,21,10.1,18.1,11.1,24.7,18,11.7,22.7,19,27.6,17.1,20.8,18.4,20.9,14.4,16.9,24.8,18,7.3,16.6,15.7,15.6,21.7,11.8,15.6,30.2,13.7,21.8,17,14,18.3,19.6,,,,,,,,,,,,,,,,,,,,,,,,,,,,,,,,,,,,,,,,,27.2,27.3,27.2,27.3,27,27.2,27.4,27.3,27.3,27.3,27,27.4,27.3,27.4,27.1,27.3,27.5,27.5,27.4,27.1,27.2,27.1,27.5,27.4,27.7,27.6,27.4,27.6,27.2,27.1,27.4,86,86,83,87,87,85,85,86,84,83,87,85,83,84,83,85,85,82,85,84,86,86,85,85,81,81,86,83,86,87,83,0,0,0,0,0,0,0.1,0,0.1,0,0,0.1,0.1,0,0,0,0.2,0,0.1,0,0.1,0,0,0.1,0,0,0,0,0,0,0,35.4,30.3,37.9,35.4,32.7,34.2,35.8,34.4,36.7,33.8,30.7,39.4,43,32.5,40,34.8,40.9,37.5,37.9,31,35.8,36.2,36.1,41.6,32.4,29.5,35.4,25,33.7,33,27.4,51.5,43.2,50.8,51.1,43.6,49,47.5,47.5,54.7,49.7,42.8,55.8,59,48.6,56.2,49,54.4,60.1,51.8,45.7,51.8,49.3,52.2,59.4,54.7,48.2,51.1,38.2,46.1,45,43.2,,,,,,22.2204,114.2127
2026-08-20T04:00,27.9,27.5,27.7,27.4,26.6,28.2,27.3,26.9,26.2,27.4,27.7,28.3,26.7,27,27.4,26.7,27.5,27.4,27.1,27,27.4,27.2,26.9,26.8,26.9,27.4,27.3,27.1,27.5,27.6,27.3,27.3,27.2,26.3,27.4,26.9,26.8,27.2,27.6,27.1,81,84,80,90,89,79,93,91,91,88,84,80,90,89,90,92,86,90,90,91,89,89,91,90,90,91,90,87,89,92,91,86,91,91,91,93,90,89,92,91,0,0,0,0,0,0,0,0.5,0.1,1,0,0,0,0,0.4,0,0,0.1,0.4,0.4,0.4,0,0.3,0,0,0.1,0,0.3,0.3,0.1,1.2,0,1.2,0.1,0.7,1.1,0.1,0.7,0,0.4,10.5,13.4,6.9,14.5,18.9,13.4,15.6,10.5,20.2,9,17.3,11.3,23.5,18.7,9.8,22.3,16.8,25.8,15.5,19.8,17.5,20.5,11.9,14.5,23.7,17.3,6.8,14,14.5,15.3,20.1,12.7,14.3,29.3,12.6,21,16.2,12.6,17,17.9,,,,,,,,,,,,,,,,,,,,,,,,,,,,,,,,,,,,,,,,,27.1,27.2,27.1,27.3,26.9,27.2,27.3,27.2,27.3,27.2,26.9,27.4,27.2,27.4,27.1,27.2,27.4,27.4,27.3,27.1,27.2,27.1,27.4,27.4,27.6,27.5,27.3,27.6,27.2,27.1,27.3,86,86,83,87,86,84,86,86,83,82,87,86,84,83,83,85,85,83,86,84,86,87,86,85,80,81,85,82,86,87,83,0,0,0,0,0,0,0.1,0,0.1,0,0,0.1,0.1,0,0,0,0.2,0,0.1,0,0.1,0,0,0.1,0,0,0,0,0,0,0,36.1,30.3,37.1,34.6,32,33.4,35.8,33.6,37.2,31.8,31.7,40.1,43.1,30.9,38.1,35.3,42.1,37.7,38,29.6,35.8,34.7,37.8,44.5,33.7,27.6,34.3,22.4,33.3,33.6,26.7,51.1,43.2,50.8,50.8,42.8,47.9,46.8,46.1,54.4,48.2,42.8,55.8,57.6,48.2,55.4,50.4,55.1,59,49.7,44.3,51.1,48.6,54,61.9,55.4,47.2,49,35.3,46.4,46.1,42.8,,,,,,22.2204,114.2127
2026-08-20T05:00,27.9,27.5,27.7,27.4,26.5,28.3,27.2,26.9,26.3,27.4,27.6,28.3,26.7,26.9,27.1,26.7,27.6,27.2,27.2,27,27.4,27.2,27,26.9,26.8,27.4,27.3,26.9,27.5,27.7,27.4,27.2,27.2,26.3,27.2,26.7,26.6,27.1,27.6,27,81,84,80,90,90,77,93,90,90,88,84,80,90,88,91,92,86,91,89,91,89,87,90,90,89,90,89,88,89,91,91,86,91,90,91,93,91,89,91,92,0,0,0,0,0,0,0,0.8,0.1,1.3,0,0,0,0,1.2,0,0.1,0.3,0.5,0.5,0.4,0,0.5,0,0,0.1,0,0.3,0.5,0.1,1.5,0,1.4,0.1,1.1,0.7,0.1,0.9,0,0.2,10.2,13.5,6.6,14.1,17.7,13.1,15.3,9.4,18.6,8.3,17.1,10.8,20.7,18.3,8.4,21.4,12.4,25.4,13.3,18.9,16.4,20.3,11.9,13,22.8,15.9,7.4,13.7,13.6,14.9,18.3,12.5,12.6,30.3,12.8,20.2,16.2,10.2,15.3,16.2,,,,,,,,,,,,,,,,,,,,,,,,,,,,,,,,,,,,,,,,,27.1,27.2,27.1,27.2,26.8,27.2,27.3,27.2,27.3,27.2,26.9,27.3,27.2,27.5,27.1,27.2,27.4,27.4,27.3,27.1,27.2,27.1,27.4,27.3,27.6,27.5,27.2,27.6,27.2,27.1,27.3,86,85,82,86,85,84,86,86,83,81,87,86,84,82,82,85,85,83,86,83,85,86,86,85,80,81,84,81,85,87,83,0,0,0,0,0,0,0.1,0,0.1,0,0,0.1,0.1,0,0,0,0.2,0,0.1,0,0.1,0,0,0.1,0,0,0,0,0,0,0,36.7,30.3,37.6,34.4,31.5,33,35.8,33,37.7,30.1,32.7,40.3,42.9,29.5,38,34.7,43.3,38,37.5,28.8,36.3,33.2,39.1,44.6,34.9,26.6,33.7,21.1,33.2,33.8,26.6,50.4,43.2,51.5,50.8,42.5,47.2,46.1,45.4,54.4,46.8,43.6,54.7,56.5,47.5,56.2,50.8,55.4,58,47.2,43.2,51.1,47.9,55.1,60.5,56.2,46.4,47.9,33.1,46.8,46.4,42.8,,,,,,22.2204,114.2127
2026-08-20T06:00,27.9,27.5,27.6,27.5,26.5,28.3,27,26.7,26.2,27.3,27.5,28.3,26.7,27,26.8,26.5,27.6,27.1,27.1,26.9,27.3,27.1,26.8,26.8,26.9,27.3,27.3,26.8,27.5,27.7,27.5,27.2,27.2,26.9,27.1,26.7,26.7,27.1,27.6,27.1,81,84,80,89,90,77,93,91,90,87,84,80,90,87,92,92,87,91,89,91,90,86,91,91,89,90,89,88,89,90,90,86,91,89,91,92,92,89,91,91,0,0,0,0.1,0,0,0,1.1,0.2,1.3,0,0,0.1,0,1.4,0,0.4,1.2,0.6,0.6,0.8,0,0.4,0.1,0,0.2,0,0.1,1.8,0.3,1.7,0,0.5,0.1,0,0.5,0.8,0.5,0,0,10.8,13.3,7.4,13.3,17.4,13.2,15.1,8.8,17.1,7.6,17.1,11.6,19.4,17.8,7.6,20.2,11,24.9,13.9,18.4,15.6,20,10.5,11.9,22,14,7.2,13,13.2,14.5,15.9,11.8,12.2,29.6,12.9,18.4,15.9,10.5,15.8,15.4,,,,,,,,,,,,,,,,,,,,,,,,,,,,,,,,,,,,,,,,,27.2,27.3,27.2,27.3,26.9,27.2,27.3,27.2,27.3,27.4,27,27.3,27.2,27.6,27,27.3,27.4,27.5,27.2,27.3,27.3,27.2,27.3,27.2,27.6,27.5,27.2,27.8,27.2,27.1,27.5,85,84,81,85,84,84,85,86,83,80,86,86,83,81,82,84,85,81,86,82,84,85,87,86,80,81,83,80,84,86,82,0.1,0,0,0,0,0,0.2,0,0.2,0,0,0.6,0.3,0,0.1,0,0.5,0,1.3,0,0.1,0,0.4,1.5,0,0,0,0,0,0.1,0,35.9,30.8,38.8,34.8,31.8,32.9,35.3,33.3,37.9,28.4,34,39,42.6,28.8,41,33.2,43.4,37.2,35.9,28.2,38.4,31.9,40.5,37.4,36.7,26.5,34.7,20.6,33.5,33.2,26.5,49.3,43.6,53.6,51.1,43.2,46.4,45.7,45,54.4,45.7,44.6,51.8,56.5,46.8,59.4,49.3,55.4,56.5,44.6,42.1,52.9,46.8,55.4,51.1,56.9,45.4,48.6,32,47.5,45.7,43.6,,,,,,22.2204,114.2127
2026-08-20T07:00,28.1,27.8,27.9,27.7,26.6,28.4,27.2,26.7,26.4,27.3,27.6,28.5,26.7,27,26.9,26.5,27.5,27.2,27.2,27,27.3,27.2,26.9,26.7,27,27.4,27.4,26.9,27.6,27.7,27.6,27.4,27.3,26.8,27.3,26.6,26.7,27.1,27.6,27,80,83,80,89,89,77,92,91,89,86,84,79,89,86,92,92,88,92,88,90,90,86,91,91,89,90,89,87,88,89,89,86,90,89,89,92,91,89,91,91,0,0,0,0.2,0,0,0,0.2,0.2,0.7,0,0,0.1,0,0.3,0.2,0.7,0.9,0.8,0.7,0.9,0,0.6,0.8,0.2,0.5,0,0,1.6,0.5,1.9,0,0,1.2,0,0.8,1.5,1.4,0.4,0.2,10,13.6,7,12.6,16.1,14,15.2,9.2,16.3,7.6,17.3,12.7,18.9,16.9,6.8,20.3,9.4,23.8,13.2,18.8,15.9,20.3,9.8,11.6,22,12.6,6.9,12.8,13,14.6,15,11.8,15,33.7,13.2,17.5,16.8,9.7,16.1,14.5,,,,,,,,,,,,,,,,,,,,,,,,,,,,,,,,,,,,,,,,,27.3,27.4,27.4,27.4,27.1,27.3,27.4,27.3,27.2,27.6,27.2,27.3,27.3,27.7,27,27.4,27.3,27.8,27.1,27.5,27.4,27.4,27.2,27.1,27.7,27.5,27.3,28,27.2,27.2,27.6,84,84,80,84,82,83,84,85,83,79,85,85,82,80,82,82,85,79,86,80,83,83,87,88,81,81,82,78,84,85,81,0.1,0,0,0,0,0,0.2,0,0.2,0,0,0.6,0.3,0,0.1,0,0.5,0,1.3,0,0.1,0,0.4,1.5,0,0,0,0,0,0.1,0,34.8,31.2,40.7,35.5,32.1,33.2,35,33.8,38.7,26.9,36,37.2,41.7,28.3,45.8,30.7,42.9,36.7,34.5,27.3,41.1,30.2,41.8,28,38.9,26.5,35.8,20.1,34.1,32,26.9,48.6,43.9,56.5,51.5,45,46.1,45.7,45,54.4,44.6,46.1,47.9,56.9,46.4,64.1,46.8,55.1,54.7,42.1,41.4,55.1,45.7,55.4,38.2,57.6,43.9,50,31.7,48.6,45,44.6,,,,,,22.2204,114.2127
2026-08-20T08:00,28.7,28,28.6,28,27,28.8,27.4,26.9,26.6,27.4,27.9,28.9,26.9,27.2,27.4,26.9,27.5,27.4,27.3,27.1,27.5,27.3,27,26.8,27.3,27.7,27.5,27.2,27.8,27.9,27.8,27.7,27.7,26.5,27.7,26.7,26.8,27.1,28.1,27.3,79,82,77,88,87,77,91,90,89,86,84,78,89,84,89,90,89,91,89,89,89,86,90,91,88,88,88,86,89,88,89,85,88,92,87,92,91,89,89,90,0,0,0,0.1,0,0,0.7,0.2,0.2,0,0,0,0.1,0,0,0,2.2,0.4,1,0.6,0.6,0,1.7,0.6,0.2,0.9,0.4,0,1.1,0.3,1.9,0,0,2.1,0,0.9,1.4,2,0,0.1,10.5,15.7,7,13,16.6,17.3,14.4,9.4,16.6,8.7,18,14.3,20.6,16.6,8,21.1,9.4,23,13.7,18.6,15.8,21.5,9.7,11.3,23.4,11.2,8.3,12.6,13.7,14.6,15,13.3,17.1,34.6,14.1,16.7,15.8,9.4,16.6,15,,,,,,,,,,,,,,,,,,,,,,,,,,,,,,,,,,,,,,,,,27.5,27.5,27.5,27.5,27.3,27.5,27.5,27.4,27.4,27.7,27.4,27.3,27.4,27.8,27,27.6,27.3,27.8,27.1,27.7,27.5,27.6,27.1,27,27.7,27.7,27.4,28.3,27.4,27.4,27.8,83,83,80,83,81,82,83,84,82,79,84,85,82,80,82,81,85,78,86,78,82,81,88,89,81,80,81,76,83,84,80,0.1,0,0,0,0,0,0.2,0,0.2,0,0,0.6,0.3,0,0.1,0,0.5,0,1.3,0,0.1,0,0.4,1.5,0,0,0,0,0,0.1,0,34.5,31.6,42.5,36.2,33.2,33.8,34.7,34.3,38.7,26.4,37.7,34.7,41.3,28.7,47.2,29.1,42,36.3,33.3,27,42,29.6,41.3,22.7,40.5,27.2,36.9,20,34.9,31.2,28.8,48.6,44.3,58.7,52.2,46.4,46.8,45.4,45,54.4,44.3,47.5,43.6,56.2,46.4,65.2,45.4,53.6,55.4,40.7,41.4,55.4,44.6,53.3,29.9,57.6,43.2,51.1,31.7,50,44.3,47.2,,,,,,22.2204,114.2127
2026-08-20T09:00,29.4,28.5,29.4,28.2,27.4,29.3,27.4,27.2,26.6,27.9,28.1,29.4,27.1,27.9,27.6,27.5,27.7,27.7,27.4,27.5,27.9,27.7,27.4,27.1,27.4,27.7,27.5,27.2,28,28.1,28.4,28.1,28.4,26.2,28.2,26.8,27.1,27.1,28.3,27.3,76,80,73,87,85,75,91,89,89,84,83,76,88,81,88,87,88,91,89,89,88,85,88,91,89,88,87,87,88,88,87,83,84,94,84,92,89,89,88,90,0,0,0,0.8,0,0,2.8,0.1,0.3,0,0.2,0,0,0,0.1,0,2.1,0.5,0.9,0.4,0.7,0,2.1,0.7,0.4,1,0.6,0.1,2.6,0.3,0.4,0,0,6.9,0,0.6,0.5,1.7,0.4,0.4,14.7,20,11.7,14.4,19,23.5,13,8.7,17.7,14.1,20.2,18.6,23.9,20.3,10,21.6,10.5,23,14.6,19.9,16.8,25.2,9.4,12.2,24.6,10.8,8.4,14.8,14.2,15.9,16.1,15.1,19.7,36.6,15.9,16.8,16.2,8.8,17.6,15.9,,,,,,,,,,,,,,,,,,,,,,,,,,,,,,,,,,,,,,,,,27.8,27.8,27.6,27.8,27.6,27.8,27.7,27.7,27.8,27.8,27.6,27.3,27.3,27.9,27.1,27.9,27.4,27.6,27.2,28.1,27.5,27.8,27,27,27.8,28.1,27.7,28.6,27.6,27.5,28,82,82,81,82,80,80,82,83,80,79,82,85,83,80,83,80,84,82,86,77,83,80,88,89,81,78,80,74,82,83,80,0.4,0,0.1,0.9,0,0,0.2,0.1,0,0.1,0,1.6,0.4,0,0.7,0,0.4,1.9,0.6,0,0.7,0,1.6,1.2,0,0,0,0,0,0,0.3,36.4,31.9,45.5,37.5,34.4,34.9,34.2,35,39,27.4,39.9,31.7,41.4,30.5,43.4,28.8,40,38.7,33.7,27.3,40.3,30.7,37.6,24.2,40.5,28.3,37.2,19.9,36.5,30.6,34.1,51.5,44.3,60.1,54.4,47.9,49,44.6,45.7,55.1,45,49.7,38.9,53.6,47.9,59.8,45,50.4,61.2,41,42.1,51.5,44.3,47.5,31.3,56.9,42.8,51.1,32,51.5,44.6,52.6,,,,,,22.2204,114.2127
2026-08-20T10:00,30.2,28.8,30.3,28.5,27.8,30.1,27.8,27.6,26.9,28.5,28.3,30.3,27.6,28.3,27.7,27.8,27.6,28,27.5,27.7,28,27.9,27.2,27.4,27.6,27.8,27.9,27.5,28.1,28.4,29,28.3,29,26.3,29.1,27,27.6,27.1,28.2,27.7,72,79,69,87,84,72,90,88,89,80,83,72,86,79,87,86,88,90,89,88,88,84,90,89,89,88,86,85,88,87,84,81,82,95,80,91,87,89,90,89,0,0,0,1.5,0,0,1.6,0.1,0.4,0,0.4,0,0,0,0.2,0.1,1.8,0.9,1.1,0.7,0.6,0,1.6,0.7,0.2,0.7,0.4,0.2,4.9,0.4,0.5,0,0.1,13.5,0,0.4,0.5,1.7,1.7,0.5,18.8,21.4,15.4,14.3,20.1,27,13,7.7,18,18,20.1,21.8,26.3,22,10.5,21,10.1,22.4,16.6,19.4,17,24.9,9.4,11.4,24.5,10.9,9.5,12.3,13.8,16.9,19.2,16.9,20.5,35.4,18.1,17.6,15.5,8.6,17,16.9,,,,,,,,,,,,,,,,,,,,,,,,,,,,,,,,,,,,,,,,,28.1,28.1,27.6,28.1,28,28.3,28,28,28.4,27.9,27.9,27.2,27.2,28,27.3,28.3,27.6,27.1,27.4,28.4,27.4,28.1,26.9,27.1,27.9,28.6,28,28.9,28,27.7,28.1,80,80,82,81,80,78,81,82,78,80,81,86,84,80,85,78,83,87,85,76,84,79,88,87,80,76,79,73,81,81,80,0.4,0,0.1,0.9,0,0,0.2,0.1,0,0.1,0,1.6,0.4,0,0.7,0,0.4,1.9,0.6,0,0.7,0,1.6,1.2,0,0,0,0,0,0,0.3,39.5,32,48.7,39.1,35.9,36.5,33.7,35.8,38.5,29.2,42.5,28.6,42,33.8,37.5,29.4,37,47.2,35,28.8,37,32.6,31.9,30.5,40.3,29.4,37.5,20.4,38.5,30.7,41.2,55.4,43.9,61.2,56.9,49,52.2,43.9,46.8,55.8,46.1,51.8,33.8,50.4,49.7,50.8,45.7,46.4,68.8,42.5,43.9,45.7,43.9,39.6,37.4,55.4,42.8,51.1,33.1,53.3,45.4,59.4,,,,,,22.2204,114.2127
2026-08-20T11:00,30.5,28.7,30.9,28.7,28.2,30.4,27.9,28.3,27,29.2,28.4,30.5,27.8,28.5,28.4,27.9,27.7,28.4,28,27.7,28.6,28.4,27.5,27.5,28.2,28.1,28.3,27.6,28.4,28.6,29.5,28.6,29,26.7,29.6,27,27.7,27.3,28.6,27.7,70,81,66,87,82,71,89,84,89,77,83,72,86,78,84,86,89,89,87,89,86,82,89,87,86,87,83,85,88,85,81,80,83,95,78,90,87,89,88,89,0,0.1,0,1.6,0,0,0.6,0.2,0.6,0,0.5,0,0,0,0,0.1,3.6,0.8,0.8,1.8,0.9,0,0.7,0.3,0.2,0.5,0.2,0.3,3.8,0.5,0.4,0,0.5,16.5,0.1,0.2,1.3,1.4,0.8,0.8,19.3,20.5,15.5,13.7,20.9,25.8,15,8,18,19.1,20.8,22.3,25.9,21.7,9.8,20.1,9.8,22.3,17.3,19.5,17.3,25.8,9.4,11.6,24.8,11.5,11,13,14.1,18.1,21.3,18.3,19.7,35.8,18.4,16.3,15.3,9.5,14.3,18.1,,,,,,,,,,,,,,,,,,,,,,,,,,,,,,,,,,,,,,,,,28.3,28.4,27.7,28.2,28.3,28.5,28.2,28.2,28.7,28,28.1,27.3,27.2,28.1,27.5,28.6,27.8,26.9,27.6,28.8,27.5,28.3,27,27.3,28.1,28.9,28.3,29.2,28.2,27.9,28.2,80,79,83,81,79,77,80,81,77,80,80,86,85,80,86,77,82,91,84,75,84,79,88,86,80,75,79,72,80,80,80,0.4,0,0.1,0.9,0,0,0.2,0.1,0,0.1,0,1.6,0.4,0,0.7,0,0.4,1.9,0.6,0,0.7,0,1.6,1.2,0,0,0,0,0,0,0.3,41.5,31.6,49.5,38.7,37.7,38.2,33.1,35.8,36.7,30.1,42.1,24.9,41.9,36.3,33.9,30.7,35.2,54.5,35.8,29.5,33.9,33.3,27.1,35.3,40.1,31.1,37,21.4,40.9,30.6,46.3,56.9,43.6,60.1,55.8,50.8,54.7,42.8,46.1,54.4,46.1,51.5,29.5,47.5,51.5,45.7,46.8,42.8,72.4,43.6,45,40.3,43.6,33.1,42.1,54.7,43.9,50.4,35.3,55.4,45.4,64.1,,,,,,22.2204,114.2127
2026-08-20T12:00,30.8,28.7,31.6,29,28.5,30.7,28.4,29.1,27.2,29.4,28.6,30.8,28.3,29.1,28.8,28.2,27.7,28.4,28.1,28.5,28.5,28.6,28.3,27.7,28.4,28.1,29.2,27.8,28.2,28.4,29.4,28.9,29,27,29.7,27.4,28.4,28.1,29.1,28,69,82,64,85,81,73,86,81,88,76,83,70,83,76,81,85,89,89,86,85,87,81,86,86,85,88,79,85,87,85,80,79,84,94,78,88,84,85,84,88,0,0.3,0,0.2,0,0.1,0.4,0,0.8,0,0.2,0,0,0.1,0,0.3,3,1.4,0.7,0.2,3,0,0.8,0.1,0.6,0.9,0.1,0.3,3.1,0.5,0.7,0,0.9,18.6,0.4,0.2,0.2,0,0.1,0,19.3,19.6,14.8,12.2,20.9,25.7,15.8,11,16,19.5,20.6,22.9,22.6,22.7,11.2,19.6,9.4,22,17.6,21,17.9,25.2,10.9,10.6,25.3,10.6,15.3,12.6,15.1,17.7,22.4,17.3,18.1,36.4,17.7,16.5,14.2,10.7,14.3,18.1,,,,,,,,,,,,,,,,,,,,,,,,,,,,,,,,,,,,,,,,,28.1,28.6,27.7,27.8,28.5,28.5,28.4,28.4,28.4,28.2,27.9,27.5,27.5,28.4,27.7,28.9,28,27,27.9,29.1,27.7,28.5,27.3,27.5,28.3,29.1,28.5,29.5,28.4,28.1,28.3,81,79,83,84,78,78,79,80,80,80,81,85,84,79,85,76,81,90,82,75,83,79,87,85,79,76,79,72,79,79,80,0.4,0,1.3,1.9,0,0.2,0,0.4,0.8,0.3,0.3,0.4,0.8,0,2,0,0.2,3.6,0.4,0,0.7,0,1,1.3,0,0.1,0.1,0,0,0,0.6,41.1,30.6,45.7,33.7,39.6,40.9,32.6,34.3,32.7,29.5,36.8,20.9,40.6,38,34.6,32.7,34.8,52.1,36.2,29.7,30.3,32.2,24.3,35.6,40.9,33.5,36.2,25,44.5,31.2,47.5,52.9,42.8,55.8,47.2,53.3,56.9,42.1,42.1,48.6,43.9,46.1,25.6,45,52.9,48.6,49,41,67.3,43.9,45.4,36.4,42.5,28.8,42.8,55.4,47.2,49.7,39.2,58.7,45,65.5,,,,,,22.2204,114.2127
2026-08-20T13:00,31,28.6,32.1,29.4,28.7,30.2,28.5,29,27.4,29.7,28.6,30.9,28.7,29.3,28.7,28.3,28,28,28.7,28.1,28.2,28.3,28.1,27.8,28.1,28.3,29.1,27.9,28.8,28.4,29,29.4,28.8,27.2,29.6,27.6,28.4,28,28.8,28.1,68,83,63,83,80,75,84,81,87,76,84,70,82,76,82,85,88,90,84,85,89,82,87,85,84,87,80,84,84,85,84,77,84,94,78,87,84,86,86,87,0.1,0.5,0,0.6,0,0.2,0.2,0.3,0.9,0,0.4,0,0,0.1,0.2,0.5,1,1.7,0.8,1.4,2.7,0.1,1.2,0.1,0.6,0.6,0.2,0.4,0.4,0.4,1.5,0,1.1,13.3,0.4,0.1,0.5,0,1.3,0.7,19.5,19.4,13.8,10.9,20.2,23.8,15.6,12.4,16,19.4,19.5,23.1,19.4,21.2,11.6,17.9,9.4,20.3,17.1,21.3,15.4,24.5,12.7,10.8,25,10.8,19.6,11,15.6,18.5,19.3,17.3,16.4,35.2,17.4,15.3,17.3,11,12.5,17.8,,,,,,,,,,,,,,,,,,,,,,,,,,,,,,,,,,,,,,,,,27.8,28.8,27.7,27.1,28.7,28.3,28.5,28.5,27.8,28.4,27.7,27.9,28,28.7,27.9,29.1,28.2,27.2,28.2,29.3,28,28.6,27.8,27.8,28.4,29,28.6,29.7,28.6,28.4,28.3,83,79,84,88,78,79,79,79,84,80,82,82,82,78,84,76,80,87,80,75,81,79,84,83,78,77,78,73,77,79,80,0.4,0,1.3,1.9,0,0.2,0,0.4,0.8,0.3,0.3,0.4,0.8,0,2,0,0.2,3.6,0.4,0,0.7,0,1,1.3,0,0.1,0.1,0,0,0,0.6,39.4,29.4,39.3,27,41.8,44.6,32.1,31.9,29.5,30.2,29.5,17.1,38.3,39.1,38,36.1,34.9,45.5,36.3,30,27,30.3,22.3,34.7,41.9,36.8,35.1,30.4,48.4,32.1,46.4,46.4,42.1,49.3,34.9,56.2,58.3,41,36.4,41,41,37.8,22,43.2,53.6,55.1,51.8,40.3,58,44.3,45.7,32.8,41,25.6,42.5,56.9,51.8,48.6,44.6,62.3,43.9,65.2,,,,,,22.2204,114.2127
2026-08-20T14:00,30.7,28.6,31.8,29.6,29,29.9,28.8,29,27.3,29.2,28.4,30.6,29,29.4,28.7,28.5,28.3,27.7,28.4,27.9,28.5,28.2,28.1,27.8,28.3,28.3,29,27.7,29.2,28.1,29.2,29.4,28.8,27.5,29.8,27.9,27.9,28,28.6,28.1,72,82,66,82,79,76,83,81,87,80,85,73,81,76,82,84,86,93,86,87,87,82,87,85,85,87,80,85,83,85,83,77,84,93,78,86,88,85,88,87,0.2,0.9,0,2,0,0.1,0.1,0.4,0.9,0.2,0.7,0,0,0,0.2,0.4,1.5,1.6,1.3,1.9,1.6,0.1,0.5,0.1,0.2,0.4,0.3,0.3,0,0.5,0.8,0.1,1.1,7,0.1,0.1,1.6,0.3,2.7,0.7,17.6,16.2,13.4,11.2,19.5,24.2,15.7,13.2,14.5,17.9,18.4,22,20.1,19.8,12,17.3,9.9,17.6,16.1,20,12.6,23.4,8.6,10.6,22.5,9.2,16.8,10.7,16.6,20.1,20.8,17.5,14.6,34.1,17.1,15.9,14.8,10.5,9.2,16.1,,,,,,,,,,,,,,,,,,,,,,,,,,,,,,,,,,,,,,,,,27.6,28.8,27.8,26.6,28.8,28,28.6,28.6,27.5,28.4,27.5,28.2,28.3,28.8,28,29.2,28.3,27.3,28.5,29.4,28.2,28.6,28.2,28,28.5,29,28.6,29.7,28.6,28.4,28.3,84,79,84,91,78,81,79,79,87,81,83,81,81,77,83,76,80,85,79,75,80,79,83,82,78,79,79,74,77,80,80,0.4,0,1.3,1.9,0,0.2,0,0.4,0.8,0.3,0.3,0.4,0.8,0,2,0,0.2,3.6,0.4,0,0.7,0,1,1.3,0,0.1,0.1,0,0,0,0.6,37.5,28.2,34.6,22.8,42.7,46.1,31.3,29.5,29.5,32.1,25.7,15.4,35.7,39.5,40.5,39.1,33.4,41.5,35.5,30.8,25.2,28.6,20.9,33.9,42.3,39.3,34.2,34.9,49.6,31.8,45.3,41,40.7,44.3,26.3,57.6,58,39.6,31.3,37.1,38.5,32.8,20.5,41.4,53.6,58.3,54.4,38.5,51.8,43.6,46.1,31.3,39.6,23.4,41.8,56.9,54.7,46.4,48.2,62.6,41,63,,,,,,22.2204,114.2127
2026-08-20T15:00,30.3,28.5,31.5,29.5,28.9,29.8,28.5,28.5,27.3,28.6,28.3,30.4,28.8,29.2,29,28.6,28.2,27.6,27.8,27.5,28.4,27.9,28.4,27.8,27.9,28.5,28.7,27.6,28.1,27.9,29.7,29.2,29.3,27.4,29.7,27.8,27.7,27.8,28.5,28.4,74,83,69,83,79,77,84,83,87,83,87,74,82,78,79,83,86,93,91,89,87,85,84,85,87,85,82,85,87,86,78,78,81,93,78,86,89,86,88,86,0.3,0.6,0,1.2,0,0,0,0.3,0.3,0.7,1.3,0,0,0,0,0.1,2.1,2.1,4.7,0.6,0.9,0.1,0.5,0.1,0.6,0.5,0.3,0.2,0.8,0.7,0.1,0.1,0,6.4,0,0,1.6,0.4,1.2,0.4,15.1,12.9,12.2,9,18.1,24.5,15.5,13.2,14.1,16.5,18,21.6,19.1,18.4,11.1,14.2,9.5,16.8,14.1,19.7,11.8,21.7,8.9,10.6,21.5,9.2,13,10.2,16.5,19.2,21.3,17.6,9.3,32.8,16.2,16.1,12.4,8.9,7.1,14.1,,,,,,,,,,,,,,,,,,,,,,,,,,,,,,,,,,,,,,,,,27.7,28.8,27.8,26.6,28.7,27.8,28.5,28.6,27.6,28,27.5,28.3,28.3,28.7,28.1,29,28.2,27.1,28.5,29.2,28.3,28.7,28.2,28.1,28.4,28.8,28.4,29.5,28.4,28,28.1,84,80,84,91,78,82,80,79,87,83,83,81,81,78,83,77,81,86,79,76,80,79,83,82,79,80,81,75,78,82,81,0,0,0.6,0.2,0,0.4,0.4,0,0.3,0.1,0.1,0.1,0.4,0,0.8,0,0.5,2.5,1,0,0,0,0.2,1.3,0,0,0.2,0.1,0.2,0.1,0.1,34.7,26.3,32.4,22,42,43.9,29.2,26.6,32.8,31.4,26.6,16.6,33.3,38.4,37.3,40.8,28.5,43.2,33.4,31.1,25.6,26.9,20.1,33,40.9,40.1,31.6,36.8,46.2,27.6,42.9,38.5,38.2,42.1,25.2,56.5,54.7,36.7,27.7,39.2,36.7,33.1,22,40.7,51.5,53.3,56.5,34.6,52.2,41.4,46.4,32.8,37.8,22.7,41,54.7,55.1,42.1,49.7,57.6,35.3,58.7,,,,,,22.2204,114.2127
2026-08-20T16:00,30,28.6,31,29.4,28.8,29.2,28.2,28.2,27.1,28.5,28,30.1,28.6,28.7,28.7,28.6,27.9,27.6,27.1,27.4,28.5,27.5,28.5,27.7,27.5,28.4,28.5,27.6,27.3,27.6,29.6,28.9,29.1,27.5,29.3,27.8,27.9,27.7,28.4,28.6,75,83,71,83,80,80,86,85,88,83,88,76,83,81,81,82,88,92,92,89,87,88,85,85,90,85,82,85,92,88,76,79,82,94,80,86,88,87,88,84,0.3,0,0.1,0,0,0,0.1,0.3,0.2,0.7,1.2,0,0,0,0,0,1.7,1.3,5,0.2,0.9,0.2,0.6,0.1,0.6,0.4,0.5,0.1,2.2,0.2,0,0.1,0,6.3,0,0,0.8,0.3,3,0.3,14.1,10.4,11.1,8.2,17,24.5,15.6,12.7,14.8,10.1,17.1,20.5,15.1,16.2,12.1,15.3,8.4,17,10.7,17.3,11.5,20.2,12,10.6,19,9.5,12.5,10.1,13.2,19.7,20.7,16.2,12.7,32.5,15.2,14.2,12.9,8.6,7.1,13.2,,,,,,,,,,,,,,,,,,,,,,,,,,,,,,,,,,,,,,,,,27.8,28.7,27.8,26.7,28.5,27.5,28.4,28.5,27.9,27.3,27.6,28.2,28.2,28.5,28,28.7,28,26.8,28.5,28.8,28.4,28.6,28.2,28,28.2,28.6,27.9,29.1,28.1,27.5,27.8,83,81,85,90,79,84,82,80,85,86,82,81,81,79,83,79,82,89,80,78,80,79,83,82,81,80,83,76,80,84,83,0,0,0.6,0.2,0,0.4,0.4,0,0.3,0.1,0.1,0.1,0.4,0,0.8,0,0.5,2.5,1,0,0,0,0.2,1.3,0,0,0.2,0.1,0.2,0.1,0.1,31.6,23.8,31.1,22.9,40,39.3,26.4,23,36.8,28.9,29.9,18.4,31.1,35.8,31.3,41.6,23.9,46.6,31,31.4,27.4,25.3,20.1,31.8,38.4,39.8,28.2,36.9,40.9,21.3,39.7,37.4,35.3,41,27.7,53.6,49.3,33.1,24.8,45,35.6,36.7,25.2,40.3,48.2,45,58.3,30.2,55.8,38.5,46.8,35.6,35.6,23.4,40.3,51.1,54,37.1,49.7,49.7,27.4,52.6,,,,,,22.2204,114.2127
2026-08-20T17:00,29.7,28.5,30.4,29.3,28.5,28.5,28,28.1,27,28.1,27.9,29.6,28.4,28.6,28.3,28.3,27.8,27.7,27.1,27.4,28.5,27.3,28.2,27.4,27.2,28.2,28.1,27.6,27.2,27.4,28.6,28.6,28.5,27.6,28.8,27.7,28.3,27.6,28,28.6,77,83,74,83,81,84,87,86,89,85,88,79,83,80,84,83,88,91,91,88,86,89,86,86,90,86,84,86,92,89,79,82,85,93,83,87,87,88,90,84,0.3,0,0,0,0,0,0.1,0.2,0.1,0.3,1,0,0,0,0.1,0,1.2,0.2,2.7,0.3,0,0.5,1.2,0.1,0.3,1,0.5,0.2,3,0.5,0,0.1,0,4.4,0,0.1,0.1,0.3,1.7,0,12.9,9,8.4,7.9,16.5,22.4,14.1,13.1,13.9,9,13.5,19.4,14.1,11.1,9.8,15.1,8.1,18.4,7.7,11.4,11.2,20.3,12.9,10,17.1,8.2,10.2,9.5,11,19.7,21,15.4,9.2,32,13.7,13.5,12.7,8.3,5.8,12.6,,,,,,,,,,,,,,,,,,,,,,,,,,,,,,,,,,,,,,,,,27.9,28.6,27.9,26.9,28.3,27.4,28.2,28.5,28.2,26.9,27.7,28.2,28,28.3,28,28.4,27.9,26.7,28.4,28.5,28.4,28.6,28.1,28,28,28.4,27.6,28.8,27.8,27.2,27.6,83,82,85,89,80,85,83,81,84,88,82,82,82,81,83,81,83,90,81,79,81,80,83,83,83,81,85,77,82,86,85,0,0,0.6,0.2,0,0.4,0.4,0,0.3,0.1,0.1,0.1,0.4,0,0.8,0,0.5,2.5,1,0,0,0,0.2,1.3,0,0,0.2,0.1,0.2,0.1,0.1,28.9,22.1,30.5,23.7,38.3,33.6,23.3,20.9,38.4,27.8,32.5,20.3,29.2,34.6,27.7,41.2,22.1,46.3,29.1,31.1,29.7,24.1,19.9,30.7,36.4,39.1,25.6,35.9,36,16.6,36.7,36.7,32.8,41,29.2,51.8,43.6,29.5,24.5,50.4,35.3,39.2,28.1,39.6,46.4,40,57.6,28.1,57.6,37.1,47.5,39.2,34.2,24.5,39.6,47.9,52.2,32.8,48.2,42.8,22,47.5,,,,,,22.2204,114.2127
2026-08-20T18:00,29.3,28.3,29.8,29,28.1,28.2,27.6,27.8,26.8,27.7,27.7,29.1,28,28.1,27.9,27.8,27.6,27.8,27.3,27.5,28.2,27.3,27.8,27.2,26.9,27.9,27.6,27.4,26.9,27.1,26.7,28.3,28.3,28.1,28.4,27.5,27.9,27.4,27.8,28.1,78,83,76,85,83,85,89,89,89,88,88,82,85,82,86,85,89,90,90,86,87,89,89,88,91,87,87,86,94,91,92,83,85,90,85,88,88,88,90,86,0,0,0,0.2,0,0,0.3,0.4,0,0.4,1,0,0,0,0.2,0,1.5,0,0.2,0.2,0,0,0.9,0.2,0.2,0.6,0.3,0.1,3.6,0.7,1.6,0,0,1.2,0,0.2,0.6,0.8,0.7,0.2,7.7,7.6,6.8,6.6,15.8,21.3,13.4,13.1,14.2,7.3,11,18.7,13.3,10.7,8.7,12.9,7.5,19.1,10.6,15.5,11.4,17.1,13.2,10,15.8,8.9,8.4,9.2,6.6,19.3,18.8,14.5,7.4,31.9,11.1,12.4,13.2,7.2,4.2,11.2,,,,,,,,,,,,,,,,,,,,,,,,,,,,,,,,,,,,,,,,,27.9,28.4,27.9,27.1,28.2,27.3,28.1,28.4,28.2,26.7,27.6,28.1,27.9,28.1,28,28.1,27.8,26.9,28.3,28.3,28.3,28.4,28.1,27.9,27.8,28.2,27.5,28.7,27.7,27.2,27.5,84,84,85,89,81,86,83,82,83,89,82,83,83,82,83,83,84,89,82,81,82,81,84,84,85,83,86,77,83,86,86,0.5,0,0.4,0,0,0.8,0.4,0.1,1.1,0.1,0.4,0.2,0.5,0,1.2,0,0.1,4.7,1.6,0,0.4,0,0.1,0.4,0.1,0.1,0.3,0.2,0.1,0,0.9,27.4,22.3,31.1,22.8,37.6,27,20.3,22.1,37.7,29.4,31.8,21.1,26.6,34.9,29.3,38.1,23.1,38.8,28,31,32.4,23.1,20.2,30.1,35.5,37.8,23.7,33.1,32.5,14.6,34.9,37.1,32,42.1,27.7,51.8,36.4,25.9,28.1,55.1,36,39.6,30.2,37.1,47.9,42.5,52.6,30.6,55.1,38.2,48.6,43.2,33.5,25.9,38.9,45,49.3,30.6,45.4,39.2,20.2,44.6,,,,,,22.2204,114.2127
2026-08-20T19:00,28.9,28.1,29,28.6,27.8,27.6,27.4,27.5,26.5,27.6,27.6,28.6,27.6,27.6,27.5,27.3,27.3,27.8,27.2,27.4,27.9,27.2,27.5,27,26.8,27.7,27.3,27.2,26.8,26.9,26,27.9,28,28.2,28,27.3,28,27.1,27.5,27.6,81,85,79,86,84,89,91,90,91,89,89,85,88,84,88,88,90,90,88,89,89,89,90,89,91,88,89,87,96,92,95,85,87,89,87,90,87,89,91,88,0,0,0,0.6,0,0,0.5,1.1,0.2,0.1,1,0,0,0,0.2,0,2,0,0.1,0,0,0,0.8,0,0.3,1,0.3,0,6.8,0.9,4.9,0,0,2.9,0.1,0.3,0.5,0.7,1.3,0.9,4.4,7.1,6.1,4.9,12.6,21,13.2,11.5,13.1,8.1,9.5,17.7,12.2,12.8,7.4,9.8,6.3,18.7,12.1,18.7,11,15.5,11.5,9.3,15.7,9.2,7.6,7.6,5.5,18.7,15.2,12.6,6.4,32.1,9.1,11.9,12,7.9,5.5,10.4,,,,,,,,,,,,,,,,,,,,,,,,,,,,,,,,,,,,,,,,,27.8,28.1,27.9,27.3,28.1,27.3,28.1,28.4,28.2,26.8,27.5,28,27.8,27.9,28,27.9,27.7,27.2,28.3,28.1,28.1,28.1,28,27.7,27.5,27.9,27.5,28.8,27.6,27.3,27.4,84,86,85,89,82,87,83,82,82,90,83,83,84,83,82,85,85,87,82,82,83,83,85,86,87,86,86,77,84,86,87,0.5,0,0.4,0,0,0.8,0.4,0.1,1.1,0.1,0.4,0.2,0.5,0,1.2,0,0.1,4.7,1.6,0,0.4,0,0.1,0.4,0.1,0.1,0.3,0.2,0.1,0,0.9,26.5,23.1,32.1,21,37.7,20.4,16.8,25,41.8,32.4,30.5,21.4,24.1,36.3,33.6,33.8,25.8,33.5,27.2,30.5,35.8,22.1,20.6,29,34.9,36.2,22.3,29.4,29.7,13.8,33.5,37.8,32,44.3,25.2,52.6,28.4,22.3,34.2,59.8,37.8,39.6,31.7,33.8,50.8,48.2,45,36,50.8,40.7,49.3,47.9,33.1,28.1,38.5,42.5,46.1,29.5,41,36.7,20.2,42.8,,,,,,22.2204,114.2127
2026-08-20T20:00,28.6,27.9,28.4,28.3,27.8,27.6,27.3,27.5,26.4,27.6,27.6,28.2,27.5,27.3,27.3,27,27.1,27.9,27,27.6,27.7,27.1,27.4,26.9,26.9,27.6,27.2,27.1,27,26.8,26.7,27.7,27.8,28.3,27.8,27.2,28.1,27.1,27.3,27.3,84,86,82,88,86,88,91,89,93,88,89,87,89,88,89,89,91,89,87,90,89,90,90,90,90,89,89,88,97,93,93,86,87,88,89,90,89,90,92,90,0,0,0.5,0.8,0,0.2,0.4,0.7,2.2,0.2,1,0,0,0,0,0.1,1.9,0,0.1,0,0.1,0.4,1.6,0,0.1,2.9,0.5,0,10.2,0.7,2,0,0,4.3,0,0.5,0,0,1.4,0.8,1.6,5.6,4.2,3.7,10.1,15.3,12.8,8.2,12.8,6.8,9.1,15.5,11.4,9.2,6.3,9.4,5.9,19.8,12.4,21.3,9.2,14.5,10.1,8.7,16.3,7.7,7.8,6.4,5.8,18.5,13.4,11.4,5.5,30.8,8.3,11.6,8.7,6.8,7.4,8.7,,,,,,,,,,,,,,,,,,,,,,,,,,,,,,,,,,,,,,,,,27.8,27.9,27.9,27.5,28,27.4,28,28.2,28.1,26.9,27.5,27.9,27.8,27.8,28,27.8,27.7,27.5,28.2,28,27.9,27.9,28,27.7,27.4,27.7,27.5,28.9,27.6,27.5,27.4,85,87,85,89,83,87,83,83,82,90,83,84,85,84,82,87,85,85,83,83,84,85,86,87,88,87,86,77,85,85,87,0.5,0,0.4,0,0,0.8,0.4,0.1,1.1,0.1,0.4,0.2,0.5,0,1.2,0,0.1,4.7,1.6,0,0.4,0,0.1,0.4,0.1,0.1,0.3,0.2,0.1,0,0.9,25.8,23.7,32.9,19.1,36.8,16.8,14,25.4,47.2,34,29,21.5,22.7,37.4,36.7,30.6,28,33.7,27.1,30.5,36.9,21.7,21.5,27.8,33.8,34.4,21.3,26.2,28,13.5,31.7,37.8,31,45.7,22.7,51.8,23.4,18.7,37.8,62.6,39.2,39.2,33.1,32,52.9,52.6,39.2,39.6,48.6,42.5,49.7,50,32.4,30.2,38.2,40,43.6,29.5,37.4,34.9,20.9,40.7,,,,,,22.2204,114.2127
2026-08-20T21:00,28.4,27.8,28.1,28.1,27.7,27.5,27.3,27.4,26.5,27.5,27.6,28,27.4,27.2,27.2,26.9,27,28.1,27,27.7,27.5,27.1,27.4,26.8,27.1,27.3,27,27,26.9,26.7,26.7,27.5,27.7,28.3,27.6,27.2,28.1,27,27.4,27,85,87,84,89,87,89,91,89,93,88,89,88,90,89,90,90,92,88,87,89,91,90,90,91,89,91,90,89,97,93,93,87,88,89,90,90,90,90,92,91,0.1,0.1,0.2,0.1,0,0.3,0,0,0.9,0.1,0.8,0,0,0,0.2,0,1,0,0.3,0.5,2.4,1.2,2.2,0,0,1.7,0.2,0.1,4.7,1.7,0.4,0,0,5.7,0,0.1,1,0,1.4,0.4,1.4,5.2,3.1,3.1,9.2,13,12.1,7.7,13,6.8,8.8,14,10.8,8.5,5.5,7.8,5.2,19.9,11.8,23.1,9.8,12.5,8.6,8,16.6,6.7,7.4,5.5,4.6,16.7,11.6,11.1,4.8,30.2,7.4,10.8,8.7,6.5,7.5,7.7,,,,,,,,,,,,,,,,,,,,,,,,,,,,,,,,,,,,,,,,,27.9,27.8,27.8,27.6,27.9,27.5,27.9,28,28,27,27.5,27.8,27.8,27.7,28,27.7,27.7,27.7,28.1,28,27.9,27.8,28,27.7,27.5,27.8,27.7,28.8,27.5,27.7,27.4,85,88,85,89,83,86,84,84,82,89,83,84,84,84,82,88,85,84,84,83,84,86,87,87,88,87,86,77,86,84,87,1.3,0,1.4,0.2,0.1,0.5,0.5,1.4,0.5,1.2,0.2,1.4,0.6,0,0.2,0.1,0.4,0.1,1.8,0,1,0,0.1,1.1,1.1,1,0.5,0.1,0.1,0.1,1.4,23.9,22.3,33.4,16.9,34.7,16.3,11.4,21.7,46.1,33.4,28.7,21.5,23.8,38.2,36.9,29.7,28.2,32,27.3,30.3,34.2,21.1,22.7,25.7,30.8,32.9,20.8,24.6,27.3,14,29.3,35.3,28.1,46.1,19.4,48.6,23.8,15.1,36.7,61.9,40.7,38.9,34.2,33.1,54.4,53.3,37.4,40,50.4,42.1,48.6,48.2,31,32.4,38.2,37.4,42.5,31,34.9,33.8,22,37.1,,,,,,22.2204,114.2127
2026-08-20T22:00,28.2,27.7,27.9,28,27.7,27.4,27.2,27.4,26.7,27.6,27.5,27.9,27.4,27.3,27.1,26.9,26.9,28.4,27.1,27.8,27.4,27.2,27.5,26.8,27.5,27,26.9,27,26.7,26.6,27,27.5,27.7,28.1,27.5,27.1,28,27,27.5,26.8,86,87,87,90,87,89,91,89,92,88,90,88,91,90,91,90,92,88,89,88,93,90,90,91,88,93,91,89,97,93,92,87,88,91,91,91,90,90,93,92,0.1,0.1,0.2,0.1,0,0.3,0,0,0.9,0.1,0.8,0,0,0,0.2,0,1,0,0.3,0.5,2.4,1.2,2.2,0,0,1.7,0.2,0.1,4.7,1.7,0.4,0,0,5.7,0,0.1,1,0,1.4,0.4,3.6,5,1.6,3.1,8.6,10.8,11.4,7.2,13.8,7.2,9,13,10.5,7.9,5,6.7,4.8,19.8,10,24.8,10.7,10.7,7.1,7.3,16.9,5.2,7.2,4.7,4,14.3,10.4,11.4,4.1,29.5,7,10.1,9.4,5.9,7.6,6.6,,,,,,,,,,,,,,,,,,,,,,,,,,,,,,,,,,,,,,,,,28,27.7,27.8,27.6,27.9,27.7,27.8,27.7,28,27.2,27.7,27.6,27.9,27.7,28.1,27.7,27.7,27.7,27.9,28,28,27.7,28,27.8,27.7,27.9,27.9,28.8,27.5,28,27.4,84,88,86,88,84,84,84,84,82,87,82,85,83,84,82,88,85,84,85,82,83,87,88,86,87,85,85,77,87,83,87,1.3,0,1.4,0.2,0.1,0.5,0.5,1.4,0.5,1.2,0.2,1.4,0.6,0,0.2,0.1,0.4,0.1,1.8,0,1,0,0.1,1.1,1.1,1,0.5,0.1,0.1,0.1,1.4,21.6,19.8,33.8,14.4,31.8,17.6,9.1,20.3,42.6,31.4,28.7,21.6,25.9,38.8,36.2,29.8,27.8,35.1,27.7,30.1,29.8,21.1,23.8,24.5,27.9,31.7,20.9,24,27.2,15.3,26.8,32,24.8,45.7,15.8,43.9,27.4,11.9,33.1,59.4,41.4,38.9,34.6,35.3,55.1,52.6,37.4,38.9,54.7,41.4,46.8,44.3,29.2,34.6,38.5,35.3,42.1,33.5,33.5,33.8,23.8,33.1,,,,,,22.2204,114.2127
2026-08-20T23:00,28.1,27.5,27.8,28,27.7,27.4,27.2,27.3,27,27.5,27.4,27.8,27.4,27.3,27,26.9,26.9,28.6,27.1,27.8,27.3,27.2,27.5,26.8,27.8,26.8,26.8,26.9,26.6,26.6,27.2,27.4,27.6,28,27.4,27.1,28,26.9,27.6,26.6,87,88,88,90,88,89,91,89,91,88,90,88,92,90,92,90,92,88,90,88,94,90,90,91,87,94,91,90,96,93,91,87,89,92,92,91,91,90,93,93,0.1,0.1,0.2,0.1,0,0.3,0,0,0.9,0.1,0.8,0,0,0,0.2,0,1,0,0.3,0.5,2.4,1.2,2.2,0,0,1.7,0.2,0.1,4.7,1.7,0.4,0,0,5.7,0,0.1,1,0,1.4,0.4,5.8,5,0.4,2.7,7.9,9,10.3,7,13.9,7.2,9.2,11.5,9.8,7.3,4.5,5.4,4.4,19.4,8.7,25.6,10.9,9.5,6.1,6.5,16.9,4,6.9,4,3.7,12.3,9.4,11.8,4,28.3,6.5,9.3,10,5.6,7.2,5.9,,,,,,,,,,,,,,,,,,,,,,,,,,,,,,,,,,,,,,,,,28.1,27.6,27.7,27.7,27.8,27.8,27.7,27.5,27.9,27.4,27.7,27.6,27.9,27.7,28.2,27.7,27.8,27.8,27.9,28,28,27.6,28,27.9,27.9,28,28,28.8,27.4,28.1,27.5,84,88,86,88,84,83,85,85,82,86,82,85,82,84,82,88,85,84,86,81,83,88,88,86,86,84,85,76,87,83,87,1.3,0,1.4,0.2,0.1,0.5,0.5,1.4,0.5,1.2,0.2,1.4,0.6,0,0.2,0.1,0.4,0.1,1.8,0,1,0,0.1,1.1,1.1,1,0.5,0.1,0.1,0.1,1.4,20.2,17.9,33.2,11.6,28.9,19.3,7.3,21.4,41.2,29.8,29.7,21.8,26,38.4,35.1,30.1,26.7,42.2,27.4,29.7,26.8,20.8,23.9,25.6,26.3,31.6,21.3,22.9,27.4,16.5,25.7,30.6,22,45.4,14.8,39.6,31,9.4,29.5,58.3,41.4,39.6,34.6,37.8,54.7,51.8,37.8,38.5,59,41,45,41.8,27.7,35.6,40,33.5,42.5,36.4,32.4,33.8,25.9,31,,,,,,22.2204,114.2127
2026-08-21T00:00,27.9,27.4,27.7,27.9,27.6,27.3,27.2,27.3,27.1,27.4,27.3,27.7,27.2,27.2,26.9,26.8,26.8,28.6,27.2,27.7,27.3,27.4,27.4,26.7,27.9,26.7,26.7,26.8,26.5,26.5,27.3,27.3,27.5,28.1,27.3,27,27.7,26.8,27.6,26.5,88,88,88,90,89,89,91,90,91,88,90,88,93,91,93,91,92,89,91,89,94,89,90,91,87,94,91,91,96,94,91,87,89,92,93,91,93,90,93,94,1.3,0.1,0,0,0.7,0.7,0,0.4,0.7,1.1,0.7,0.1,1.6,0,0,0,1.1,0.7,1.4,2.2,1.2,0,1.1,0.4,0.6,2.1,0.3,0.4,4.8,2.3,0.2,0,0,6.9,0,0,10.3,0.3,2,0.3,7.3,4.8,1.1,1.8,7.4,8.3,9.3,6.6,12.4,6.6,9.4,10.4,9.2,6.3,4,4.4,3.6,18.4,7.7,25.4,9.4,8.4,5.5,5.9,16.3,3.3,6.1,3.6,3.3,9.9,8.6,11.5,3.7,26.1,6.1,8.7,9.7,5.4,6.2,5.3,,,,,,,,,,,,,,,,,,,,,,,,,,,,,,,,,,,,,,,,,28.1,27.5,27.8,27.7,27.7,27.8,27.7,27.3,28,27.4,27.7,27.6,27.9,27.6,28.2,27.6,27.8,27.8,28,27.9,28,27.4,28,27.9,27.9,27.9,28.1,29,27.3,28,27.5,84,89,86,87,84,84,85,85,82,86,82,85,82,84,82,88,85,85,86,82,82,89,88,86,86,84,85,74,87,83,87,0.6,0,3.4,1.7,0.7,0.2,0.6,0,1.3,2.2,0.1,1.5,3.2,0.1,0.1,0.2,1.2,1.2,1.1,0,0,0,0.4,0.6,0.3,0.2,0.5,0.4,0.2,0.7,0.7,20.6,16.9,31.6,9.8,26.3,21.9,6.1,19.9,43.3,28.6,31.5,21.4,22.7,36.9,34.7,30.2,26.5,46.5,25.4,29.3,26.4,20.5,22.6,27.7,24.9,33,22.3,21.5,27.7,18.1,26.3,32.8,20.5,44.6,17.6,35.6,33.8,8.3,26.3,61.6,38.9,42.1,33.5,39.6,51.8,52.2,37.8,40.7,63.7,42.1,42.8,41.8,26.3,34.6,43.2,32.4,43.9,39.2,32.4,33.8,28.8,32,,,,,,22.2204,114.2127
2026-08-21T01:00,27.6,27.2,27.6,27.9,27.5,27.2,27.1,27.2,27.3,27.2,27.2,27.6,26.9,27.2,26.8,26.7,26.7,28.6,27.3,27.4,27.5,27.5,27.2,26.6,28,26.7,26.7,26.7,26.5,26.3,27.4,27.2,27.5,28.2,27.1,27,27.4,26.6,27.5,26.5,88,88,88,91,89,90,92,91,91,89,90,88,93,91,93,91,92,90,92,91,94,89,89,91,88,94,91,91,95,95,91,86,90,91,93,92,95,90,92,94,1.3,0.1,0,0,0.7,0.7,0,0.4,0.7,1.1,0.7,0.1,1.6,0,0,0,1.1,0.7,1.4,2.2,1.2,0,1.1,0.4,0.6,2.1,0.3,0.4,4.8,2.3,0.2,0,0,6.9,0,0,10.3,0.3,2,0.3,9.1,4.9,2.4,1.1,7.4,7.7,8.5,6.6,10.4,6.2,9.2,9,8.4,5.3,3.7,3.7,2.6,16.6,6.8,24.5,6.6,6.8,5,5.6,14.9,3.4,5.5,3.2,3.4,7.1,8.3,11,3.8,24.2,5.9,8.1,9.7,4.9,4.8,4.6,,,,,,,,,,,,,,,,,,,,,,,,,,,,,,,,,,,,,,,,,28,27.3,27.9,27.7,27.6,27.6,27.6,27.1,28.2,27.4,27.7,27.6,28,27.4,28.1,27.6,27.7,27.9,28.1,27.7,28,27.3,28,27.9,27.8,27.8,28.2,29.4,27.3,27.8,27.5,85,89,85,87,85,85,86,86,81,86,83,85,83,84,83,87,85,86,85,83,82,89,87,86,87,84,84,72,87,84,86,0.6,0,3.4,1.7,0.7,0.2,0.6,0,1.3,2.2,0.1,1.5,3.2,0.1,0.1,0.2,1.2,1.2,1.1,0,0,0,0.4,0.6,0.3,0.2,0.5,0.4,0.2,0.7,0.7,22.2,16.8,29.5,12.6,23.8,25.3,5.9,17.5,46.7,27.4,34.4,20.4,22.7,34.7,34.2,30.6,28.4,51.1,24.2,28.4,28,20.2,20.4,30.4,24.1,34.8,24.5,21.7,28.2,19.6,27.6,36.7,19.8,43.6,22.7,32,36.7,8.3,23.4,66.2,34.9,45.7,32,41.8,48.2,52.6,38.2,43.6,69.1,43.9,40.7,43.2,25.2,32,47.2,31.7,46.4,42.5,33.5,33.8,32.4,35.3,,,,,,22.2204,114.2127
2026-08-21T02:00,27.5,27,27.6,27.9,27.4,27.1,27,27,27.4,27,27,27.6,26.7,27.1,26.7,26.6,26.6,28.6,27.3,27.2,27.6,27.6,27,26.5,28,26.6,26.6,26.6,26.5,26.2,27.4,27.2,27.4,28.4,27,27,27.3,26.5,27.5,26.5,88,89,87,91,90,90,92,92,91,89,90,88,94,92,93,92,92,91,93,92,94,88,89,91,89,94,91,92,95,96,91,86,90,90,93,92,96,90,92,94,1.3,0.1,0,0,0.7,0.7,0,0.4,0.7,1.1,0.7,0.1,1.6,0,0,0,1.1,0.7,1.4,2.2,1.2,0,1.1,0.4,0.6,2.1,0.3,0.4,4.8,2.3,0.2,0,0,6.9,0,0,10.3,0.3,2,0.3,10,4.8,3.4,2,7.4,7.4,7.6,6.1,8.7,5.6,9,8.3,8,4.5,3.2,3.1,1.9,15.5,6,23.5,4.8,5.6,4.2,5.2,13.7,3.4,4.6,2.9,3.5,5.1,7.9,10.7,3.8,22.5,6.2,7.8,9.5,4.7,4.2,4.4,,,,,,,,,,,,,,,,,,,,,,,,,,,,,,,,,,,,,,,,,28,27.2,28,27.7,27.6,27.6,27.6,27.1,28.3,27.4,27.6,27.7,28,27.3,28.1,27.6,27.7,27.9,28.3,27.6,28,27.2,28,27.9,27.7,27.8,28.3,29.4,27.2,27.7,27.5,85,90,85,86,85,86,86,86,81,86,83,85,84,84,83,87,85,86,84,84,82,89,86,86,87,84,84,72,87,85,86,0.6,0,3.4,1.7,0.7,0.2,0.6,0,1.3,2.2,0.1,1.5,3.2,0.1,0.1,0.2,1.2,1.2,1.1,0,0,0,0.4,0.6,0.3,0.2,0.5,0.4,0.2,0.7,0.7,24.5,17,27.9,16.3,22.1,27.6,5.5,16.6,49.4,26.5,37.2,19.4,26.1,32.8,33.8,30.9,31,55.3,26.1,27.8,29.1,19.9,18.7,31.9,23.7,35.7,26.2,23.8,28.7,20.9,29.8,40,19.4,42.8,26.6,29.9,38.9,8.6,20.9,69.1,32.4,49,30.2,42.8,45.7,52.6,38.9,45,73.4,45.7,38.5,44.3,24.5,30.2,49.7,31.7,48.2,43.9,34.9,33.8,34.9,39.2,,,,,,22.2204,114.2127
2026-08-21T03:00,27.4,26.8,27.5,27.7,27.4,27.1,26.9,26.8,27.4,27,26.7,27.5,26.5,27,26.6,26.5,26.5,28.7,27.2,27.1,27.6,27.6,26.9,26.4,27.9,26.6,26.5,26.5,26.6,26.2,27.4,27.2,27.3,28.4,26.9,26.9,27.5,26.3,27.3,26.5,88,90,86,91,90,90,92,93,91,89,91,88,95,93,93,93,92,91,94,92,94,88,90,91,90,93,91,92,94,96,91,85,90,89,93,92,95,91,93,94,1,0.9,0,0.2,0.3,1.5,0.2,1.7,0.1,0.6,4.6,0.2,1.4,0,0.2,0,0.2,1.1,2.7,1.3,1.7,0,0.1,0.1,4,0.9,0.6,0.4,2.3,7.3,1.9,0,0,3.7,0,1.1,5.2,0.6,0.4,0.8,10.6,4.8,3.9,2.5,6.2,7.4,7.2,4.8,8.2,5.6,8.6,8,8,3.9,3.1,3.1,0.8,15,5.8,22.4,4.1,5.3,2.8,4.7,12.3,2.7,4.1,2.9,3.3,3.8,7.4,10.6,4.1,20.2,6.3,7.8,8.2,4.4,3.4,4.2,,,,,,,,,,,,,,,,,,,,,,,,,,,,,,,,,,,,,,,,,28,27.1,28,27.7,27.6,27.7,27.5,27.1,28.1,27.4,27.5,27.7,28,27.4,28.1,27.6,27.6,28,28.3,27.5,27.9,27.1,27.9,28,27.7,27.8,28.3,28.8,27.1,27.7,27.4,85,90,86,86,85,85,86,87,83,86,84,85,84,83,83,86,85,85,84,85,83,89,86,85,87,83,84,75,87,85,86,0.3,0.1,2.3,1.9,0.7,0.3,0.4,0.2,0.6,2.1,0.3,0.5,0.6,0,0.2,2.2,0.9,0.8,0.3,0.2,0.6,0,0.6,0.2,1.2,0.3,0.1,3.4,0.2,1.3,0.4,25.8,17.7,26.7,17.6,21.6,27.2,5.2,15.8,49.5,25.9,39.3,18,26.3,32.3,33,30.6,30.3,57.1,28.2,26.7,28.3,20.5,18.1,31.8,24.6,34.6,25.4,25.8,30.1,21.8,34.5,41.8,19.8,42.5,28.8,29.5,39.2,9.4,19.1,67.7,32.4,51.8,28.4,42.5,46.8,51.8,40,43.6,77.8,47.9,35.6,44.6,24.8,29.9,49.3,32.4,49,42.8,37.1,34.6,36.4,44.6,,,,,,22.2204,114.2127
2026-08-21T04:00,27.5,26.5,27.5,27.4,27.4,27,26.8,26.5,27.5,27,26.2,27.4,26.4,27,26.6,26.4,26.5,28.8,27,27.1,27.5,27.5,26.7,26.5,27.9,26.7,26.4,26.4,26.7,26.2,27.4,27.2,27.2,28.4,26.8,26.8,27.9,26.1,27.2,26.5,87,92,86,91,91,90,93,94,90,89,94,88,95,93,93,93,91,91,95,92,94,88,91,90,91,92,92,92,94,96,91,85,89,89,92,93,92,91,94,94,1,0.9,0,0.2,0.3,1.5,0.2,1.7,0.1,0.6,4.6,0.2,1.4,0,0.2,0,0.2,1.1,2.7,1.3,1.7,0,0.1,0.1,4,0.9,0.6,0.4,2.3,7.3,1.9,0,0,3.7,0,1.1,5.2,0.6,0.4,0.8,10.2,4.8,4.4,2.6,4.1,7.4,7.1,3.2,8.6,5.4,8.4,7.6,8.2,3.6,3.3,3.4,1,14.6,6.5,21.1,3.6,5.3,2.9,3.7,11,2.5,3.7,2.9,3.2,2.9,7.2,10.8,4.4,17.7,6.8,7.8,6.9,3.9,2.7,4.4,,,,,,,,,,,,,,,,,,,,,,,,,,,,,,,,,,,,,,,,,28,27,28,27.7,27.6,27.9,27.4,27.2,27.8,27.5,27.3,27.6,28.1,27.5,28.1,27.6,27.6,28,28.3,27.6,27.8,27,27.9,28,27.7,27.8,28.2,27.8,27.1,27.8,27.4,85,91,87,86,85,83,85,88,85,85,84,85,83,81,82,86,84,84,83,85,85,89,85,85,86,82,84,80,87,85,86,0.3,0.1,2.3,1.9,0.7,0.3,0.4,0.2,0.6,2.1,0.3,0.5,0.6,0,0.2,2.2,0.9,0.8,0.3,0.2,0.6,0,0.6,0.2,1.2,0.3,0.1,3.4,0.2,1.3,0.4,26.5,19.3,25.2,17.3,22.2,25.5,5.1,14.8,48.6,26.1,41.1,16.3,25.2,32.7,31.8,30.4,27.7,59.2,30.2,25.5,28,21.4,17.9,30.6,26.2,33,24.3,27.2,31.1,22.3,40.1,43.2,20.9,42.5,29.9,30.2,38.5,10.4,18,64.1,33.8,54,26.6,41.4,49,50.8,41,40.7,81,49.7,33.1,44.6,25.6,29.9,47.9,33.5,49,40.3,40,35.6,37.4,50.4,,,,,,22.2204,114.2127
2026-08-21T05:00,27.5,26.4,27.4,27.2,27.4,27,26.8,26.3,27.5,27,26,27.4,26.4,26.9,26.6,26.3,26.5,28.9,27,27.1,27.5,27.5,26.7,26.5,27.9,26.7,26.4,26.5,26.8,26.2,27.4,27.3,27.2,28.4,26.8,26.8,28.3,26,27.1,26.5,87,93,85,91,91,90,93,95,90,89,95,88,95,93,93,94,91,90,95,92,93,88,92,90,92,92,92,92,93,96,91,84,89,88,91,93,90,92,94,94,1,0.9,0,0.2,0.3,1.5,0.2,1.7,0.1,0.6,4.6,0.2,1.4,0,0.2,0,0.2,1.1,2.7,1.3,1.7,0,0.1,0.1,4,0.9,0.6,0.4,2.3,7.3,1.9,0,0,3.7,0,1.1,5.2,0.6,0.4,0.8,10.5,4.8,4.4,2.7,2.6,7.4,7.6,2.9,8.9,5.4,8.2,7.7,8.7,3.6,3.3,3.4,1.6,14.1,6.8,19.9,3.4,5.3,4,3.4,10,2.4,3.6,3.2,3.8,2.7,7.1,11.3,4.7,16.1,6.8,8.1,6.5,3.6,2.5,4.8,,,,,,,,,,,,,,,,,,,,,,,,,,,,,,,,,,,,,,,,,28.1,27,28.1,27.8,27.6,28,27.4,27.3,27.6,27.5,27.3,27.7,28.1,27.6,28.1,27.6,27.6,28.1,28.3,27.6,27.8,27,27.9,28.1,27.7,27.8,28.2,27,27.1,28,27.4,85,90,87,86,85,82,85,88,86,85,85,85,82,80,82,85,84,83,83,85,86,89,85,84,86,81,84,85,87,85,86,0.3,0.1,2.3,1.9,0.7,0.3,0.4,0.2,0.6,2.1,0.3,0.5,0.6,0,0.2,2.2,0.9,0.8,0.3,0.2,0.6,0,0.6,0.2,1.2,0.3,0.1,3.4,0.2,1.3,0.4,27,20.3,24.7,16.9,23.7,23.7,5.6,12.9,47.7,27.3,41,15.3,26.1,32.9,30.9,30.5,25.6,60.1,32.5,25,28.9,22.1,18.1,29.7,27.4,32.1,24.5,27.7,31.1,22.4,39.6,43.6,22.3,42.8,30.6,31.3,38.2,12.2,18.4,61.6,36.4,54,25.6,41.8,50.8,49.3,41.8,38.2,81,51.8,31.7,45.7,26.3,30.2,46.4,34.6,49.3,38.9,41.4,35.6,37.4,53.6,,,,,,22.2204,114.2127
2026-08-21T06:00,27.5,26.4,27.3,27.2,27.5,27.2,26.8,26.3,27.6,26.9,26,27.3,26.3,26.9,26.6,26.2,26.6,29,27.1,27.3,27.7,27.5,26.7,26.5,28,26.6,26.4,26.6,26.9,26.1,27.3,27.3,27.2,28.6,26.9,27,28.6,26.1,27.1,26.6,87,93,85,91,91,89,93,94,90,89,95,88,95,93,92,95,91,89,94,91,92,88,92,90,92,93,92,91,93,96,91,84,89,87,90,92,89,92,94,94,0.6,0.6,0.3,0.6,0.7,0.3,0.3,0.5,3.1,0.6,7.7,0.1,0.2,0.1,0.1,0.6,0,5.9,2.4,0.6,0.3,0.9,0.3,0.4,2.4,1.6,0.6,0.1,1.5,1.8,1,0,0.1,0.2,0,1.5,4.1,0.2,1.3,1,10.9,4.8,4.1,2.5,3.1,7.4,8.4,3.3,9.6,5.4,7.8,8,9,3.3,3.3,3.1,1.6,12.9,6.5,19.1,3.1,5.2,4.2,3.3,9.8,2.3,3.6,3.6,3.7,2.8,6.9,11.2,5.2,16.3,6.8,8.2,6.9,3.7,3.3,4.6,,,,,,,,,,,,,,,,,,,,,,,,,,,,,,,,,,,,,,,,,28.2,27.1,28.2,27.8,27.6,28,27.5,27.5,27.9,27.5,27.3,27.8,28,27.8,28.1,27.6,27.6,28.2,28.2,27.6,27.9,27.1,27.8,28.2,27.7,27.8,28.2,26.4,27.1,28.1,27.4,84,88,87,86,85,82,85,87,85,85,85,84,81,79,83,84,84,83,83,85,85,88,85,84,85,81,84,88,87,85,87,0,0.1,1,0.8,0.9,0.1,1.3,1.2,0.8,0.8,0.6,0.2,0,0,0.1,0.3,0.3,0.3,0.4,0.3,0.6,0,1.2,0.5,0.6,0.3,1.4,8.3,1.6,0.7,2.2,26.8,20.9,25.8,16.9,25.6,23.5,7.7,10.7,46.6,30.8,37.7,15.4,30.3,32.7,30.4,30.6,24.8,55.8,34.2,26.2,31.1,22.3,18.1,29.7,27.3,32.4,25.4,26.5,28.9,21.7,28.7,42.8,24.5,43.9,31,32.8,38.9,15.1,20.5,61.6,41,49.3,25.6,45.4,50.4,47.5,41.8,36.4,74.9,54,32.8,49,26.6,30.2,46.1,36,49.7,39.2,40.3,34.2,36.4,51.5,,,,,,22.2204,114.2127
2026-08-21T07:00,27.5,26.4,27.2,27.2,27.6,27.5,27,26.5,27.8,26.8,26.1,27.3,26.4,27,26.8,26.1,26.8,29.1,27.4,27.5,27.9,27.6,26.8,26.5,28.2,26.5,26.5,26.8,26.9,26.1,27.3,27.4,27.2,28.9,27.1,27.2,28.9,26.3,27.3,26.7,88,92,85,90,91,88,92,93,90,90,95,88,94,92,91,96,91,89,93,90,91,88,92,90,91,94,92,90,93,95,91,85,89,85,89,91,87,92,93,93,0.6,0.6,0.3,0.6,0.7,0.3,0.3,0.5,3.1,0.6,7.7,0.1,0.2,0.1,0.1,0.6,0,5.9,2.4,0.6,0.3,0.9,0.3,0.4,2.4,1.6,0.6,0.1,1.5,1.8,1,0,0.1,0.2,0,1.5,4.1,0.2,1.3,1,10.9,5.1,3.6,2.5,4.7,7.7,9.5,4,10.7,5.4,7.8,8.8,9,3.1,3.1,2.9,1.3,11.1,6.3,18.4,2.9,4.6,3.9,3.3,10,2.1,4,4,3.7,4.2,6.6,10.8,5.6,17.3,6.8,8.9,7.7,3.9,5.5,4.5,,,,,,,,,,,,,,,,,,,,,,,,,,,,,,,,,,,,,,,,,28.3,27.3,28.4,27.9,27.7,27.9,27.7,27.7,28.3,27.4,27.5,28.1,28,27.9,28,27.7,27.6,28.3,28.2,27.6,28.2,27.2,27.7,28.3,27.7,27.7,28.2,25.9,27.2,28.3,27.5,84,86,86,85,84,83,85,85,83,86,85,84,81,78,84,84,83,83,82,85,83,87,86,84,85,81,84,91,87,84,88,0,0.1,1,0.8,0.9,0.1,1.3,1.2,0.8,0.8,0.6,0.2,0,0,0.1,0.3,0.3,0.3,0.4,0.3,0.6,0,1.2,0.5,0.6,0.3,1.4,8.3,1.6,0.7,2.2,26,21.8,28,17.3,27.7,27.1,10.6,12.8,45.7,35.3,32.5,16.2,36.3,33.2,30.6,30.5,24.4,48.8,36.3,28.2,34.2,22.3,18.2,29.6,26.9,33,26.3,24.6,25.3,21.2,19.6,41,27,45.7,30.6,34.9,40,18.7,23.8,62.6,46.8,42.5,26.3,50.8,49,45.7,41,34.9,65.5,55.8,35.6,52.9,27,30.2,46.4,37.8,50,40.3,38.2,32,34.6,46.8,,,,,,22.2204,114.2127
2026-08-21T08:00,27.5,26.5,27.3,27.3,27.7,27.7,27.2,26.7,28,26.8,26.4,27.3,26.5,27.2,27,26,27,29.3,27.7,27.8,28.3,27.8,26.9,26.6,28.5,26.5,26.6,27.1,27,26.1,27.4,27.6,27.2,29.2,27.3,27.4,29.2,26.5,27.6,26.9,89,92,84,89,91,87,91,92,89,90,95,88,93,91,90,96,90,88,91,89,90,88,91,90,90,95,91,89,92,94,90,84,89,84,88,91,86,91,92,92,0.6,0.6,0.3,0.6,0.7,0.3,0.3,0.5,3.1,0.6,7.7,0.1,0.2,0.1,0.1,0.6,0,5.9,2.4,0.6,0.3,0.9,0.3,0.4,2.4,1.6,0.6,0.1,1.5,1.8,1,0,0.1,0.2,0,1.5,4.1,0.2,1.3,1,10.5,5.1,3.3,2.9,5.4,8.6,10.7,4.3,11.7,5.6,8.3,9.5,9.2,3.4,3.2,2.4,0.5,10.1,6.7,18.2,2.9,4.4,3.7,3.3,10.4,2.4,4.3,4.6,4,5,7,10.9,6.2,18.3,6.6,9,8.9,4.2,7.4,4.3,,,,,,,,,,,,,,,,,,,,,,,,,,,,,,,,,,,,,,,,,28.4,27.5,28.6,28.1,27.8,27.9,27.9,27.9,28.6,27.3,27.7,28.3,28,28.1,28.1,27.8,27.7,28.4,28.2,27.7,28.5,27.5,27.8,28.4,27.8,27.8,28.3,25.6,27.3,28.5,27.7,83,84,85,84,84,83,84,84,82,86,85,83,81,77,85,83,83,83,82,85,81,85,86,84,84,81,84,93,87,83,88,0,0.1,1,0.8,0.9,0.1,1.3,1.2,0.8,0.8,0.6,0.2,0,0,0.1,0.3,0.3,0.3,0.4,0.3,0.6,0,1.2,0.5,0.6,0.3,1.4,8.3,1.6,0.7,2.2,25.5,22.5,29.9,17.3,28,32,12.9,16.7,44.7,38.2,28.5,17.3,40.9,34,30.3,31.6,23.8,43.6,37.8,28.9,36.6,22.6,18.4,29.8,26.4,33.5,27.1,23.5,21.3,21,24.4,39.6,28.8,47.2,30.2,36.7,40.7,20.5,26.6,62.6,50.4,36.7,27.4,54.7,48.6,44.3,41.4,33.5,58.3,56.5,37.1,55.4,27.7,30.2,46.4,38.2,50.4,41,37.1,29.5,33.8,43.2,,,,,,22.2204,114.2127
2026-08-21T09:00,27.4,26.6,27.8,27.7,27.7,27.8,27.7,27.1,28.3,27,26.7,27.5,26.7,27.5,27.5,26.2,27.5,29.5,28.2,28.2,29,28.1,27,26.9,28.7,26.9,26.9,27.4,27.3,26.3,27.7,28.2,27.5,29.6,27.6,27.4,29.5,26.7,28.1,27.2,90,92,83,87,91,87,89,91,87,89,95,88,92,90,88,95,88,88,89,88,87,87,90,88,89,94,90,88,91,93,89,82,88,83,86,91,85,90,90,91,5.6,1.1,0.1,0.4,2.8,3.6,0.1,0.2,2.1,0.8,10.8,1,0.3,0.5,0.4,3.6,0,5.1,2.5,0.4,0.2,0,0.4,0.5,1.4,0.5,1.2,0.3,0.6,0.9,0.6,0,0.5,0.5,0,2.1,1.4,0.4,0.8,0.7,8.6,4.8,3.6,4,4.9,10.2,12,4.3,11.7,5.6,8.9,9.9,9.7,4.3,3.7,2.5,1.5,10.6,7.9,18.5,3.8,5,3.7,3.9,11.1,2.9,5.2,5.8,4.3,5.2,7.3,11.5,6.9,18.8,6.7,9.4,10.4,4.5,9.4,4.7,,,,,,,,,,,,,,,,,,,,,,,,,,,,,,,,,,,,,,,,,28.5,27.7,28.8,28.4,27.8,28,28.2,28.1,28.7,27.2,27.9,28.4,28,28.1,28.2,28,27.8,28.4,28.2,27.8,28.7,27.8,28.2,28.5,27.8,27.9,28.5,25.5,27.4,28.6,27.9,82,83,84,83,84,83,82,83,81,86,85,82,82,77,85,82,82,83,81,84,79,83,85,83,84,81,83,93,87,82,86,1,0,1.7,0.6,2.1,0.2,0.3,1.4,0.8,2.4,0.6,1.1,0.4,1.6,0.8,0.5,0.7,0.4,0.3,0.3,0.2,0,1.4,0.6,0.1,1.2,0.5,5,2.4,0.5,0.7,25.7,23.1,30.8,17.3,25,34.5,13.2,18.8,44,38.7,26.4,19.3,41.8,35.7,29.7,34.6,22.4,41.3,37.8,27.1,36.4,23.8,18.4,30.4,25.6,34.3,28,24.1,15.5,21.9,27.4,38.9,29.5,47.9,29.5,38.5,41,19.8,28.1,61.2,51.1,34.6,29.2,55.4,50.4,44.3,43.9,32,56.5,55.4,36.4,55.1,28.8,29.9,46.8,36.7,51.8,40.7,37.8,26.6,34.9,42.8,,,,,,22.2204,114.2127
2026-08-21T10:00,27.4,26.8,28.5,28.1,27.7,27.9,28.2,27.6,28.8,27.5,27.2,27.7,27.1,27.8,28.1,26.5,28.1,29.8,28.8,28.6,29.8,28.5,27.2,27.3,28.9,27.4,27.2,27.9,27.7,26.7,28.2,29,27.7,30,28,27.4,29.9,27,28.7,27.5,91,92,81,84,91,88,86,90,85,87,94,88,91,88,85,94,86,88,86,86,84,85,90,86,88,91,89,87,89,92,87,78,87,82,84,92,83,90,88,89,5.6,1.1,0.1,0.4,2.8,3.6,0.1,0.2,2.1,0.8,10.8,1,0.3,0.5,0.4,3.6,0,5.1,2.5,0.4,0.2,0,0.4,0.5,1.4,0.5,1.2,0.3,0.6,0.9,0.6,0,0.5,0.5,0,2.1,1.4,0.4,0.8,0.7,6.2,4.3,4,5.2,4.6,12.1,13.1,4.7,11.5,6.2,9.7,10.7,10.7,5.4,4.4,3.5,4.1,12.5,9.4,19.3,6.8,5.8,4.4,5.2,11.9,3.6,6.9,7.2,4.9,5.2,7.6,13,7.6,19.6,7.2,9.5,12.8,4.6,11.2,5.1,,,,,,,,,,,,,,,,,,,,,,,,,,,,,,,,,,,,,,,,,28.6,28,29,28.8,27.9,28.2,28.5,28.3,28.7,27.1,28.1,28.5,28.1,28.1,28.4,28.2,28,28.4,28.3,28,28.9,28.2,28.7,28.6,27.9,28.1,28.8,25.6,27.6,28.8,28.1,82,82,82,81,84,82,80,82,81,86,85,82,83,78,85,81,82,83,81,82,78,81,83,83,83,80,83,92,86,81,84,1,0,1.7,0.6,2.1,0.2,0.3,1.4,0.8,2.4,0.6,1.1,0.4,1.6,0.8,0.5,0.7,0.4,0.3,0.3,0.2,0,1.4,0.6,0.1,1.2,0.5,5,2.4,0.5,0.7,26.6,23.6,31.7,17.7,25.1,35.5,12.6,19.3,43.3,37.8,25.3,21.9,41.1,37.8,30.2,39,21.6,40.6,36.6,24.9,35.3,25.4,18.6,31.6,24.1,35.5,29,24.7,10.7,23.3,28.3,38.2,29.2,47.9,28.4,40.3,41,17.3,29.2,59,49.7,34.2,31.3,54.7,52.9,44.6,47.2,31,56.9,52.9,34.9,53.3,29.9,29.2,47.2,33.8,53.3,39.6,39.2,23.4,36.7,43.6,,,,,,22.2204,114.2127
2026-08-21T11:00,27.4,26.9,29.4,28.6,27.9,28.1,28.6,27.9,29.1,27.8,27.6,27.9,27.4,28.2,28.6,26.7,28.7,29.9,29.2,28.8,30.4,28.6,27.4,27.6,29.2,27.9,27.4,28.2,28,27,28.5,29.7,27.9,30.2,28.3,27.4,30.3,27.2,29.3,27.9,91,92,78,82,90,88,84,89,83,85,93,88,90,86,82,93,83,88,85,85,82,84,89,85,87,89,88,86,88,91,86,75,86,81,82,93,81,89,86,88,5.6,1.1,0.1,0.4,2.8,3.6,0.1,0.2,2.1,0.8,10.8,1,0.3,0.5,0.4,3.6,0,5.1,2.5,0.4,0.2,0,0.4,0.5,1.4,0.5,1.2,0.3,0.6,0.9,0.6,0,0.5,0.5,0,2.1,1.4,0.4,0.8,0.7,5.2,4.3,4.2,6.6,5.9,13.6,14.1,5.2,11.2,6.3,10.4,10.7,11.7,6.2,4.8,4.5,6,13.5,10.2,20,9.6,5.4,5.1,6.6,12.9,4.3,8.2,8.4,5.1,5.5,7.9,13.7,8,20.3,7.2,9.5,14.8,5.1,13.3,5.9,,,,,,,,,,,,,,,,,,,,,,,,,,,,,,,,,,,,,,,,,28.8,28.3,29.2,29.1,28,28.3,28.8,28.5,28.7,27,28.3,28.6,28.2,28.3,28.5,28.4,28.2,28.5,28.4,28.3,29,28.5,29.2,28.8,28.1,28.3,29,25.8,27.8,29,28.3,81,81,81,80,84,82,78,81,81,87,85,81,83,78,85,81,81,83,80,81,77,80,81,82,83,80,82,91,85,80,82,1,0,1.7,0.6,2.1,0.2,0.3,1.4,0.8,2.4,0.6,1.1,0.4,1.6,0.8,0.5,0.7,0.4,0.3,0.3,0.2,0,1.4,0.6,0.1,1.2,0.5,5,2.4,0.5,0.7,26.6,23.8,31.9,18.1,29.1,36,11.6,19.3,41.6,35.2,23.9,23.3,40.6,39.5,31.5,41.3,21.4,39.6,35.3,23.5,34.3,25.8,19.4,31.8,21.5,34.8,28.7,25.4,12.8,24.3,29.8,37.4,28.8,47.9,27.7,42.5,41.4,15.5,29.2,56.9,47.2,32.8,32.4,54.4,55.8,45,47.9,30.2,56.9,50.8,32.8,51.5,30.2,29.2,46.4,29.9,52.2,37.8,40.7,22.7,38.2,45.7,,,,,,22.2204,114.2127
2026-08-21T12:00,27.7,27.1,30.4,29,28.5,28.5,28.8,28.1,29.2,27.9,27.7,28,27.6,28.6,29.1,26.9,29.3,30,29,28.6,30.6,28.2,27.8,27.6,29.5,28.3,27.4,28.5,28.2,27.3,28.6,30.4,27.7,30.3,28.4,27.4,30.8,27.4,29.6,28.2,90,91,73,80,88,88,83,88,83,85,92,88,89,84,80,92,80,88,85,85,81,86,88,85,86,88,88,84,87,90,85,72,87,81,82,93,78,88,84,87,1.1,1,0.1,0,0.7,3.2,0.6,0.3,1,0.1,6,2.2,0.2,0.2,0.1,0.5,0,3.7,3.1,1.4,0.9,1.5,0.2,0.4,1.2,0.1,1,0.2,0.5,0.3,0.3,0,0.6,1.4,0.2,3.2,0.2,1.2,0.6,0.8,5.7,4.6,3.2,8,7.6,14.3,14.4,5.4,11.5,6.4,10.4,10.2,11.8,6.8,5.7,4.3,6.4,13.1,9.7,20.2,11.1,3.1,5.6,6.5,13.5,5.5,8,8.9,5.2,6,8.3,14.1,7.5,21.6,6.5,9.7,17.2,5.4,15.4,6.9,,,,,,,,,,,,,,,,,,,,,,,,,,,,,,,,,,,,,,,,,28.9,28.5,29.2,29.2,28.2,28.3,29,28.7,28.7,26.7,28.4,28.7,28.4,28.7,28.4,28.4,28.4,28.5,28.5,28.6,29,28.7,29.3,29,28.4,28.4,29.1,25.9,28.1,29.1,28.5,81,80,81,80,83,82,77,80,81,89,85,81,82,77,85,82,80,83,79,79,77,80,81,81,82,81,82,90,83,79,81,1.1,0,1.1,0.4,2.5,0.2,0,1.4,0.8,5,0.4,1.7,0.3,2,0.9,0.1,0.3,0.5,0.4,0.1,0,0,0.4,0.3,0.3,0.4,2.3,1.9,0.5,0,0.1,25.5,23.9,32.3,18.8,32.3,36.4,11.2,18.9,39.1,30.1,21.3,22.4,40.8,40.7,30.8,39.3,21.3,36.9,34.3,22.8,33.7,24.4,21.3,30.1,17.3,31.9,24.6,25.6,17,25,33.9,36.7,28.4,47.9,28.1,45,42.5,14.4,28.1,55.1,42.1,29.2,31.7,54.4,58.3,44.6,44.3,29.9,55.1,49,30.6,50,28.8,30.2,43.9,23,47.2,33.8,41.8,25.9,38.2,49.3,,,,,,22.2204,114.2127
2026-08-21T13:00,28,27.2,31.5,29.5,29.2,29,28.8,28.2,29.2,28,27.8,28,27.8,29,29.6,27.1,30,29.9,28.7,28.2,30.6,27.5,28.1,27.6,29.8,28.5,27.4,28.8,28.3,27.5,28.5,31,27.3,30.2,28.4,27.4,31.3,27.4,29.9,28.5,88,91,68,78,85,87,84,87,83,85,91,89,88,82,77,91,76,87,87,86,80,90,87,87,85,87,88,82,86,89,85,70,89,81,82,93,74,88,83,85,1.1,1,0.1,0,0.7,3.2,0.6,0.3,1,0.1,6,2.2,0.2,0.2,0.1,0.5,0,3.7,3.1,1.4,0.9,1.5,0.2,0.4,1.2,0.1,1,0.2,0.5,0.3,0.3,0,0.6,1.4,0.2,3.2,0.2,1.2,0.6,0.8,6.9,5.4,1.8,9.2,9.4,14.8,14,5.9,11.5,6.6,10.4,9.5,11.9,7.2,7.1,3.6,6.2,12.1,9.3,20.4,11.5,3.8,6,6.1,13.9,7.6,6.8,9.2,5.2,7.1,9.2,14.7,6.8,23.6,5.5,10,19.7,5.6,17.4,7.9,,,,,,,,,,,,,,,,,,,,,,,,,,,,,,,,,,,,,,,,,29,28.7,29.1,29.2,28.6,28.2,29.2,28.9,28.6,26.4,28.5,28.9,28.7,29.2,28.3,28.3,28.6,28.6,28.6,29,29.1,28.8,29.4,29.2,28.7,28.5,29.2,26,28.5,29.2,28.6,80,80,81,80,83,82,76,79,82,91,85,80,81,75,85,84,79,82,79,78,77,81,81,80,81,83,82,90,80,79,80,1.1,0,1.1,0.4,2.5,0.2,0,1.4,0.8,5,0.4,1.7,0.3,2,0.9,0.1,0.3,0.5,0.4,0.1,0,0,0.4,0.3,0.3,0.4,2.3,1.9,0.5,0,0.1,24.6,23.3,32.4,19.8,34.2,36.6,11.1,18,37.9,25.7,18.4,20.9,41.2,41.9,29.9,35.2,21.1,34.9,33.2,21.8,33.5,22.8,23.2,27.4,12,27.7,20.4,25.6,21.6,25.1,38.9,36.4,27.7,47.2,28.4,47.5,43.6,14,26.3,53.3,36,25.2,30.2,54.7,60.5,44.3,38.2,29.5,52.9,47.2,27.7,49,26.6,31.7,40.3,15.1,40.3,29.2,42.5,31,37.4,54.4,,,,,,22.2204,114.2127
2026-08-21T14:00,28.4,27.3,32.1,29.8,29.5,29.4,28.8,28.3,29.1,28,27.9,28.1,27.9,29.2,29.8,27.3,30.4,29.8,28.3,28,30.4,27.1,28.3,27.6,29.9,28.7,27.4,29,28.4,27.7,28.4,31.2,27,30.1,28.4,27.5,31.6,27.5,30,28.7,86,90,65,77,83,86,84,86,84,85,90,89,87,81,76,90,74,87,88,87,80,92,87,87,84,86,88,81,86,88,85,70,90,81,82,93,72,87,82,84,1.1,1,0.1,0,0.7,3.2,0.6,0.3,1,0.1,6,2.2,0.2,0.2,0.1,0.5,0,3.7,3.1,1.4,0.9,1.5,0.2,0.4,1.2,0.1,1,0.2,0.5,0.3,0.3,0,0.6,1.4,0.2,3.2,0.2,1.2,0.6,0.8,8.2,5.9,1.8,10.1,10.9,16,13.7,6.4,11.5,6.5,10.7,8.7,11.6,7.7,8.3,3.7,6.9,11.6,9.1,20.5,11.6,6.1,6.1,6.1,13.8,8.4,6.1,9.1,5.4,8,9.4,15.1,6.3,25.1,4.9,10,21.2,5.9,19,8.8,,,,,,,,,,,,,,,,,,,,,,,,,,,,,,,,,,,,,,,,,29.1,28.8,29.1,29.2,28.8,28.2,29.4,29.1,28.6,26.2,28.6,29,28.9,29.5,28.3,28.2,28.7,28.7,28.6,29.3,29,28.9,29.4,29.3,28.9,28.6,29.2,26.1,28.7,29.3,28.8,80,80,81,81,82,82,75,78,82,93,85,80,80,74,85,85,79,82,79,77,77,81,81,80,81,84,83,89,79,79,80,1.1,0,1.1,0.4,2.5,0.2,0,1.4,0.8,5,0.4,1.7,0.3,2,0.9,0.1,0.3,0.5,0.4,0.1,0,0,0.4,0.3,0.3,0.4,2.3,1.9,0.5,0,0.1,24.5,22.6,31.7,20.2,35.9,36.6,11.8,17.5,37.5,25,15.6,20.1,42.3,43.2,29.8,30.7,20.6,34.9,32.2,18.7,32.8,20.9,24.6,26,6.6,24.7,19.2,25.1,24.6,25.1,43.2,36,26.6,46.1,28.8,50,44.6,14,24.8,51.5,32.8,22,29.2,55.8,63,43.9,33.5,29.2,51.5,46.1,24.5,47.5,24.1,33.1,38.2,10.1,33.1,27,42.1,35.3,36.7,57.6,,,,,,22.2204,114.2127
2026-08-21T15:00,28.6,27.4,31.8,29.7,29.2,29.4,28.8,28.5,28.8,27.9,28.1,28.1,28,29.2,29.8,27.6,30.6,29.7,28,28,30,27.1,28.3,27.9,29.5,28.9,27.4,29,28.4,27.8,28.4,30.6,26.9,30.1,28.3,27.8,31.3,27.7,30.1,28.7,85,90,67,77,84,85,84,85,85,85,89,89,86,81,76,88,73,87,89,87,81,92,87,85,85,86,88,80,86,88,85,74,90,81,82,91,73,86,81,84,1.9,0.8,0.6,0,4.7,3.3,0,0,0.6,0.4,3.5,2.5,0.2,0,0,0,0,2.6,1.7,0.2,1.1,1.1,0.8,0,2.4,0.3,0,0,0.5,0.2,0.2,0.9,0.3,0.4,0.1,0.3,0.4,0.1,0.4,0.3,8.9,5.9,3.7,10.5,11.9,17.2,13,7.2,11.2,6.8,11.8,8.3,11.3,7.6,8.9,4.3,8.7,10.5,9.6,20.8,11.4,6.6,6.5,6.8,12.6,8.6,5.8,9.3,5.4,8.9,8.9,14.3,6.3,25.1,5.2,10.1,20.9,6.2,20,9,,,,,,,,,,,,,,,,,,,,,,,,,,,,,,,,,,,,,,,,,29.1,28.8,29,29.1,28.8,28.2,29.4,29.1,28.5,26.1,28.6,29,28.7,29.7,28.3,28.4,28.7,28.7,28.4,29.4,28.7,28.9,29.3,29.2,28.9,28.6,29.1,26.1,28.6,29.2,28.9,80,80,81,82,82,82,75,78,82,94,85,80,80,74,84,85,79,82,80,77,78,81,82,80,81,85,84,88,79,79,81,0.1,0,0.3,0.5,0.1,0,0,0.5,1.5,7.5,0.7,0.2,0.1,3.1,0.8,0.1,0,0.1,0.8,0.7,0.1,0,0.1,0.2,0.8,0.3,0.8,2,0.4,0.1,0.5,24.9,20.7,29.5,19.4,37.6,36.9,12.6,17.5,35.6,27.7,13.7,20.8,45.1,45.7,30,26.1,20.2,34.9,31.8,11.4,31.8,18.3,24.9,26.2,2.6,21.5,22,23.8,24.9,24.7,44,36.4,24.5,43.6,28.4,52.2,45.7,14.8,24.1,49.3,34.2,20.9,29.2,58.3,65.5,44.3,31,28.8,51.1,45.7,19.1,46.1,20.9,33.5,38.5,9.4,26.3,29.5,40,36.7,36,58,,,,,,22.2204,114.2127
2026-08-21T16:00,28.9,27.4,31,29.5,28.4,29.2,28.6,28.6,28.5,27.7,28.3,28,28.1,29.1,29.7,27.9,30.5,29.5,27.7,28.1,29.4,27.3,28.1,28.3,28.9,28.9,27.4,28.9,28.4,27.7,28.3,29.6,26.8,30.1,28.2,28.1,30.8,27.8,30,28.6,84,90,71,78,87,85,84,85,85,86,87,89,86,81,77,86,73,88,89,86,84,90,88,83,86,86,88,80,87,88,85,79,91,81,82,89,76,84,81,84,1.9,0.8,0.6,0,4.7,3.3,0,0,0.6,0.4,3.5,2.5,0.2,0,0,0,0,2.6,1.7,0.2,1.1,1.1,0.8,0,2.4,0.3,0,0,0.5,0.2,0.2,0.9,0.3,0.4,0.1,0.3,0.4,0.1,0.4,0.3,9.7,5.2,6.1,10.4,12.2,18.4,12,7.7,11.2,6.8,13,8.3,11.2,7.6,9.1,5.7,11,9.1,10,20.9,10.7,7.5,7.1,8,11.7,8,5.7,9.6,5.5,9.3,8.4,12.6,6.6,23.6,5.7,10.8,20,6.3,20.6,8.6,,,,,,,,,,,,,,,,,,,,,,,,,,,,,,,,,,,,,,,,,29,28.8,28.9,28.9,28.7,28.3,29.4,29.1,28.5,26.1,28.5,29,28.4,29.7,28.4,28.6,28.6,28.8,28.2,29.4,28.4,28.9,29.2,29.1,28.8,28.6,29,26.2,28.3,29.1,28.9,81,80,82,83,82,82,76,78,81,95,85,80,81,75,84,84,80,82,81,78,79,81,82,80,82,86,84,87,81,79,83,0.1,0,0.3,0.5,0.1,0,0,0.5,1.5,7.5,0.7,0.2,0.1,3.1,0.8,0.1,0,0.1,0.8,0.7,0.1,0,0.1,0.2,0.8,0.3,0.8,2,0.4,0.1,0.5,25.3,18.3,27.2,18.1,39.6,37.3,13.3,17.6,32.9,31.4,14.4,21.7,48.5,48.4,29.8,22.2,19.6,34.2,31.8,1.9,30.5,15.5,24.5,27.6,7.2,17.7,25.7,22.3,24.3,23.6,42.8,36.7,21.6,40.3,28.1,54.7,47.2,15.8,24.1,47.2,38.5,20.5,29.5,61.6,68,44.6,29.9,28.1,51.8,46.1,12.6,44.6,17.3,33.5,40,11.5,19.8,34.6,36.7,37.1,35.3,57.2,,,,,,22.2204,114.2127
2026-08-21T17:00,29,27.4,30.2,29.2,27.9,29.1,28.4,28.6,28.2,27.5,28.5,28,28.1,28.9,29.4,28.1,30.3,29.3,27.5,28.1,28.8,27.5,27.8,28.5,28.4,28.9,27.4,28.8,28.4,27.6,28.2,28.7,26.8,30,28,28.3,30.3,27.9,29.8,28.4,84,90,75,80,89,85,85,85,86,86,86,89,86,82,79,85,74,89,90,86,86,89,88,82,87,86,88,80,87,88,86,84,91,82,83,88,78,84,81,84,1.9,0.8,0.6,0,4.7,3.3,0,0,0.6,0.4,3.5,2.5,0.2,0,0,0,0,2.6,1.7,0.2,1.1,1.1,0.8,0,2.4,0.3,0,0,0.5,0.2,0.2,0.9,0.3,0.4,0.1,0.3,0.4,0.1,0.4,0.3,10.3,4.8,7.6,9.9,12.3,19.1,10.9,8,10.7,6.6,14.7,8.6,10.6,6.9,8.7,6.4,12.1,7.4,10.2,20.9,9.7,8.9,7.1,8.4,11.4,7.2,5.4,9.4,5.3,10,7.7,11.1,6.9,22,6.1,11.2,18.3,6.3,20.6,8.1,,,,,,,,,,,,,,,,,,,,,,,,,,,,,,,,,,,,,,,,,28.9,28.8,28.8,28.8,28.6,28.4,29.3,29,28.4,26.1,28.4,28.9,28.2,29.7,28.5,28.7,28.6,28.8,28,29.4,28.2,28.8,29.1,28.9,28.6,28.5,28.9,26.4,28.1,28.9,28.9,81,81,82,84,82,82,77,79,81,95,85,81,82,76,83,84,80,82,82,79,80,81,83,81,83,87,85,86,82,79,84,0.1,0,0.3,0.5,0.1,0,0,0.5,1.5,7.5,0.7,0.2,0.1,3.1,0.8,0.1,0,0.1,0.8,0.7,0.1,0,0.1,0.2,0.8,0.3,0.8,2,0.4,0.1,0.5,25.4,16.3,25.7,17.2,39.8,36.3,14,17.6,30.5,34.9,15.8,22,48.7,50.4,28.8,20.7,19,34.1,31.1,6,29.6,13.6,24,28.3,13.2,12.5,27.6,21.2,24.5,23.3,42,37.1,19.1,37.8,27,56.2,47.2,16.9,24.1,45,42.8,20.2,29.9,63,69.5,44.3,29.5,27,51.8,45.7,10.4,43.6,15.1,33.8,41.4,15.1,15.5,38.2,34.2,37.8,34.9,56.2,,,,,,22.2204,114.2127
2026-08-21T18:00,28.8,27.3,29.9,28.8,28.7,29,28,28,28,27.8,28.7,28.3,27.6,28.6,28.8,27.2,29.4,29.2,27.7,27.9,28.6,27.4,27.6,27.9,28.6,28.4,27.1,28.5,28.4,27.6,27.7,28.9,26.8,29.3,27.7,28,30,27.4,29.3,28.2,87,90,76,83,86,87,88,88,87,86,85,89,89,84,82,90,79,89,90,88,87,92,88,87,87,88,89,83,87,89,87,83,93,85,86,92,78,88,84,86,0,0,0.4,0,1,2.4,0,0.3,0.3,0.2,0.8,4.5,0.2,0,0,0,0,2.6,0.2,0,1.6,0,0.4,0,0.8,0.1,0,0,0.3,0.5,0.1,5.5,1.5,0.5,0,1.7,0.2,0,0.7,0,11,4.9,3.4,7.1,8.9,19.8,11.2,6.6,8.9,4.2,15.6,10.1,8.7,5.6,5.2,4.7,7,6.4,7.4,19.4,8.8,7,5.3,5.8,8.9,4.9,5.6,7.5,3.8,10.8,6.7,9.5,6.8,18.6,4.8,10.1,15.8,4.6,19.6,6,,,,,,,,,,,,,,,,,,,,,,,,,,,,,,,,,,,,,,,,,28.8,28.7,28.6,28.7,28.5,28.4,29.1,28.8,28.4,26.1,28.2,28.7,28.1,29.5,28.4,28.6,28.5,28.7,27.9,29.3,28.2,28.6,28.9,28.7,28.2,28.3,28.7,26.8,28.1,28.6,28.8,82,82,83,84,82,82,78,80,81,95,85,82,83,77,83,84,80,83,82,80,80,82,84,82,85,88,85,85,82,80,85,0.1,0,0.1,0.1,0,0.1,0,0.5,0.1,2.5,0.3,0.1,0.2,0.7,0.4,0.2,0,0.2,0.7,1,0,0,0.1,0.1,1.7,0.5,0.7,0.1,0,0.3,0.5,24.3,14.4,24.9,16.3,39,34.1,13.7,17.4,28.9,37.6,14.6,21.3,44.5,50.2,26.8,20.9,17.4,34.2,29.2,12.2,28.9,13.4,23.5,28.3,19.4,5.4,25.6,20.4,26.1,23.5,41.1,36.4,16.9,37.1,24.8,57.6,46.1,16.9,24.8,43.2,46.4,18.7,29.9,60.5,69.5,41.8,30.6,24.1,51.5,43.9,15.5,42.5,15.5,34.2,42.1,20.9,15.1,37.8,33.5,40,35.3,55.8,,,,,,22.2204,114.2127
2026-08-21T19:00,28.8,27.3,29.2,28.5,28.4,28.8,27.7,27.8,27.7,27.7,28.8,28.4,27.5,28.3,28.4,27.1,29,29,27.5,28,28,27.5,27.4,27.9,28.2,28.2,27,28.3,28.3,27.6,27.5,28.1,26.7,29,27.4,28.1,29.5,27.3,29.1,28,87,91,79,84,87,87,89,88,87,86,84,89,89,86,84,91,81,90,91,88,89,92,89,87,88,88,89,84,88,90,88,86,94,86,88,91,80,89,85,87,0,0,0.4,0,1,2.4,0,0.3,0.3,0.2,0.8,4.5,0.2,0,0,0,0,2.6,0.2,0,1.6,0,0.4,0,0.8,0.1,0,0,0.3,0.5,0.1,5.5,1.5,0.5,0,1.7,0.2,0,0.7,0,12,4.4,3.8,6.1,8.2,20.3,10.1,6.4,8.2,4.1,16.9,10.7,7.9,4.6,4,5.2,6.8,5.7,7.1,18.7,7.8,7.4,5.2,5.4,7.9,4,5.4,7,3.6,11.3,6,8.4,6.8,16.3,4.8,9.7,13.6,4.3,19.5,5.4,,,,,,,,,,,,,,,,,,,,,,,,,,,,,,,,,,,,,,,,,28.6,28.5,28.4,28.6,28.3,28.4,28.9,28.6,28.3,26.1,28.1,28.4,28.1,29.2,28.3,28.5,28.5,28.5,27.9,29.1,28.2,28.2,28.7,28.5,27.8,28.2,28.6,27.4,28.1,28.3,28.7,82,83,84,85,83,82,80,81,82,95,85,83,85,77,83,85,79,83,83,81,80,84,84,83,87,88,86,84,82,81,85,0.1,0,0.1,0.1,0,0.1,0,0.5,0.1,2.5,0.3,0.1,0.2,0.7,0.4,0.2,0,0.2,0.7,1,0,0,0.1,0.1,1.7,0.5,0.7,0.1,0,0.3,0.5,22.7,13,24.6,15.8,38.9,30.8,13.3,17.3,29,39.7,12.7,19.8,40.6,49.4,24.4,22,15.5,33.7,27.6,19.2,28,14.8,22.7,27.7,25.6,7.2,23.5,20.6,28.3,24.7,40.1,35.3,15.1,37.4,22.3,58.3,43.9,16.6,25.9,42.1,49.7,16.9,29.5,55.8,68.4,38.2,32.8,20.2,50.4,41.8,24.1,41.8,17.3,34.6,42.5,27.7,17.3,36,33.5,42.8,36,55.4,,,,,,22.2204,114.2127
2026-08-21T20:00,28.9,27.3,28.7,28.2,28.2,28.7,27.6,27.7,27.5,27.6,28.9,28.4,27.4,28.1,28.1,27,28.7,28.8,27.4,28,27.6,27.5,27.2,27.9,28,28.1,26.9,28.2,28.2,27.5,27.4,27.7,26.7,28.8,27.2,28.2,29.1,27.3,28.9,27.9,87,91,82,86,88,87,90,89,88,87,84,89,90,87,86,91,82,90,91,88,90,92,89,87,89,89,90,85,88,90,89,89,94,87,89,91,82,89,86,88,0,0,0.4,0,1,2.4,0,0.3,0.3,0.2,0.8,4.5,0.2,0,0,0,0,2.6,0.2,0,1.6,0,0.4,0,0.8,0.1,0,0,0.3,0.5,0.1,5.5,1.5,0.5,0,1.7,0.2,0,0.7,0,12.8,4.2,3.8,5.4,8.5,20.5,9.4,6.1,7.7,4,17.5,10.9,7.2,3.9,3.4,5,6.3,5.5,7,18.7,6.6,7.6,4.8,5.4,7.6,3.3,5.1,6.4,3.2,11.6,5.3,8.2,6.8,14.8,4.6,9.7,12.2,3.6,19.2,4.6,,,,,,,,,,,,,,,,,,,,,,,,,,,,,,,,,,,,,,,,,28.5,28.4,28.3,28.6,28.2,28.4,28.8,28.4,28.2,26.2,27.9,28.2,28.1,29,28.3,28.4,28.4,28.3,28,28.9,28.3,28,28.5,28.4,27.6,28,28.5,27.9,28.2,28.1,28.6,83,84,84,85,83,82,81,82,82,94,85,84,86,78,83,85,79,84,83,82,80,85,85,84,88,89,86,83,82,82,85,0.1,0,0.1,0.1,0,0.1,0,0.5,0.1,2.5,0.3,0.1,0.2,0.7,0.4,0.2,0,0.2,0.7,1,0,0,0.1,0.1,1.7,0.5,0.7,0.1,0,0.3,0.5,22,11.9,24.4,14.8,39.5,27.1,13.4,17,29.5,41.4,13,18.4,40.8,47.4,22.8,22.3,14.5,33.8,27,24.7,27.9,16,22.8,27.3,29.7,15,23.5,21.5,30.2,25.2,38.8,34.9,14,37.8,20.2,57.2,40.3,16.9,26.3,41.4,52.9,16.2,28.4,53.6,67.3,36.4,33.5,18.7,50,41,31,41.4,18.7,35.6,42.8,33.1,20.5,34.9,34.2,45.7,36.4,54.4,,,,,,22.2204,114.2127
2026-08-21T21:00,28.9,27.3,28.4,28,28,28.7,27.5,27.6,27.3,27.5,28.9,28.5,27.3,27.9,27.9,26.9,28.5,28.6,27.3,28,27.4,27.6,27.2,27.9,27.9,28,26.8,28,28.2,27.5,27.3,27.5,26.8,28.6,27.1,28.3,28.8,27.2,28.7,27.8,86,91,84,87,88,86,91,90,88,88,84,89,91,88,87,92,83,90,91,88,91,92,90,87,89,89,91,86,89,90,90,90,94,87,90,90,83,90,87,88,0,0.7,0,0,0.1,1.2,0.5,0.1,0.1,0,0.8,2,0,0,0,0.7,0,0.8,0.3,0.1,0.2,0.3,0,0,0.1,0.1,0.1,1.3,0.1,2.4,0.1,2.5,0.6,3,0.2,2.1,0.1,0,0.7,0.2,13.8,4,3.9,4.9,9.3,20,8.8,5.6,7.4,4,17.1,11.6,6.8,3.2,2.8,4.9,6,5,6.8,18.9,5.7,7.4,4.5,5.4,7.2,3.2,4.6,6.1,3.1,12,4.8,8.4,6.5,13.7,4.1,9.5,11.2,2.8,19.3,4.1,,,,,,,,,,,,,,,,,,,,,,,,,,,,,,,,,,,,,,,,,28.3,28.3,28.2,28.5,28.1,28.4,28.7,28.3,28.2,26.3,27.7,28.2,28.1,28.8,28.2,28.3,28.3,28.3,28,28.6,28.2,27.8,28.4,28.3,27.6,27.8,28.4,28,28.2,28,28.5,83,85,84,85,84,82,82,82,83,93,86,84,86,78,83,86,80,84,83,84,80,86,85,84,88,90,86,83,82,83,86,0.1,0,0.1,0,0,0,0,0.1,0.1,1.7,0.1,0.1,0.1,2.9,0.6,0.2,0,0.3,1.1,0,0.1,0,0,0.4,1.2,1.5,0.5,0.8,0.1,0.3,0.3,22.7,11.7,24.6,13.5,36.6,22.3,14.3,16.3,30,43.6,14.8,16.9,42.5,44.6,23.7,21.1,15.5,34.3,28,26.1,28.5,16.2,24.3,27.2,30.1,20.6,24.4,23.1,32.6,24.6,36.7,35.6,14.4,38.2,18.4,52.9,33.8,18.4,24.8,42.1,55.8,16.6,26.3,55.4,65.9,37.4,31.7,21.6,50.4,42.8,33.1,42.1,19.1,38.2,42.8,35.6,25.2,36.4,36,48.6,36,51.8,,,,,,22.2204,114.2127
2026-08-21T22:00,28.9,27.3,28.2,27.8,27.8,28.7,27.5,27.6,27.2,27.4,28.9,28.5,27.2,27.7,27.8,26.8,28.3,28.5,27.3,28.1,27.3,27.6,27.1,27.8,27.8,27.9,26.7,27.9,28.1,27.5,27.2,27.4,26.9,28.3,26.9,28.4,28.6,27.1,28.6,27.7,86,92,85,88,89,85,91,90,88,89,84,89,92,90,89,92,85,90,91,88,91,91,90,88,90,90,91,87,89,90,91,91,93,88,91,90,84,90,87,89,0,0.7,0,0,0.1,1.2,0.5,0.1,0.1,0,0.8,2,0,0,0,0.7,0,0.8,0.3,0.1,0.2,0.3,0,0,0.1,0.1,0.1,1.3,0.1,2.4,0.1,2.5,0.6,3,0.2,2.1,0.1,0,0.7,0.2,14.8,3.7,3.5,4.7,10.3,19.1,8.1,5.1,7,3.6,15.6,12.2,6.1,2.8,2.3,4.1,5.1,4.8,6.5,19.1,4.8,7.1,4,5.6,6.8,3.3,4.3,5.6,2.6,12.5,4.7,8.7,6.2,12.6,3.6,9.2,10,1.9,19.3,3.8,,,,,,,,,,,,,,,,,,,,,,,,,,,,,,,,,,,,,,,,,28.2,28.2,28.2,28.4,28,28.5,28.6,28.3,28.1,26.5,27.6,28.2,28.1,28.7,28.2,28.2,28.1,28.2,28,28.2,28.1,27.7,28.3,28.3,27.7,27.7,28.3,28,28.1,28.1,28.3,84,86,83,86,85,81,84,83,83,91,87,83,85,78,84,86,81,84,84,86,81,87,86,85,87,90,87,85,82,83,87,0.1,0,0.1,0,0,0,0,0.1,0.1,1.7,0.1,0.1,0.1,2.9,0.6,0.2,0,0.3,1.1,0,0.1,0,0,0.4,1.2,1.5,0.5,0.8,0.1,0.3,0.3,23.8,12.8,25.2,12.1,32.5,16.7,15.3,15,30.4,45.8,16.4,15.2,44.5,42.1,25.8,20.2,18.4,34.6,30.4,25.6,29.6,15.2,26.9,27,28.6,25.1,25.6,25.1,35.6,23.5,34.4,37.1,15.5,38.9,16.9,46.8,25.6,20.5,23,43.6,58,17.6,23,59.4,64.4,40,28.8,26.6,50.8,45.7,33.5,43.9,18.7,41,42.5,36.4,31,38.5,38.5,51.8,35.6,49,,,,,,22.2204,114.2127
2026-08-21T23:00,28.9,27.3,28.2,27.6,27.7,28.8,27.5,27.5,27.1,27.3,28.8,28.5,27.1,27.5,27.6,26.6,28.2,28.3,27.3,28.1,27.2,27.6,27.1,27.8,27.8,27.8,26.7,27.8,28,27.6,27.1,27.4,27.1,28.1,26.8,28.4,28.4,27.1,28.6,27.6,85,92,86,89,89,84,92,91,88,91,85,89,93,92,90,93,86,90,91,89,91,91,91,88,90,90,92,89,90,90,91,91,92,88,92,89,85,91,88,89,0,0.7,0,0,0.1,1.2,0.5,0.1,0.1,0,0.8,2,0,0,0,0.7,0,0.8,0.3,0.1,0.2,0.3,0,0,0.1,0.1,0.1,1.3,0.1,2.4,0.1,2.5,0.6,3,0.2,2.1,0.1,0,0.7,0.2,16.1,3.2,3.4,4.5,11.3,18,7.5,4.3,7.1,3.3,13.5,13.5,5.6,2.6,2,3.9,4.6,4.4,6.2,19.7,4,6.6,3.7,5.8,6.4,3.8,3.8,5.4,2.3,13.5,4.6,9,5.7,11.9,2.8,9.6,9.3,1.5,19.5,3.8,,,,,,,,,,,,,,,,,,,,,,,,,,,,,,,,,,,,,,,,,28.1,28.2,28.2,28.3,27.9,28.6,28.5,28.3,28,26.7,27.4,28.2,28.1,28.5,28.2,28.1,28.1,28.2,28.1,28,28.1,27.7,28.3,28.3,27.8,27.5,28.3,28.1,28.1,28.2,28.2,84,86,83,86,85,80,85,83,84,90,88,83,84,79,84,87,82,84,84,87,81,87,86,85,87,91,87,85,82,83,87,0.1,0,0.1,0,0,0,0,0.1,0.1,1.7,0.1,0.1,0.1,2.9,0.6,0.2,0,0.3,1.1,0,0.1,0,0,0.4,1.2,1.5,0.5,0.8,0.1,0.3,0.3,24.9,13.9,25.2,11.7,29.5,12.3,16.1,14.6,30.5,47.4,17.5,14.7,46.8,41.8,27.3,19.6,19.4,34.8,33.5,24.4,29.9,14.3,28.2,26.8,26.7,29.5,26.8,26.7,37,22.7,32.7,38.5,16.6,38.9,16.6,42.8,18.7,22.7,22.3,44.6,60.1,19.1,21.6,63.4,64.4,42.1,26.6,30.6,50.8,49.7,33.1,44.3,18,42.8,42.1,36,36.4,40.3,40.7,52.9,36,46.8,,,,,,22.2204,114.2127
2026-08-22T00:00,28.9,27.3,28.1,27.5,27.5,28.8,27.6,27.5,27,27.1,28.7,28.5,27,27.3,27.5,26.5,28.1,28.2,27.4,28.2,27.2,27.6,27.1,27.7,27.9,27.7,26.6,27.7,27.9,27.6,27.1,27.5,27.2,27.9,26.6,28.5,28.2,27,28.5,27.5,83,92,86,90,89,83,92,91,88,92,86,90,94,93,91,94,87,90,91,89,91,91,91,89,90,91,93,90,90,90,92,91,91,88,93,88,85,91,88,90,0,0.7,0,0,0.1,1.2,0.5,0.1,0.1,0,0.8,2,0,0,0,0.7,0,0.8,0.3,0.1,0.2,0.3,0,0,0.1,0.1,0.1,1.3,0.1,2.4,0.1,2.5,0.6,3,0.2,2.1,0.1,0,0.7,0.2,17.1,3.2,3.3,4.3,12.6,17.1,7,3.8,7.2,2.9,11.8,14.6,5.4,2.4,1.3,3.8,4.2,4.3,5.9,20.6,3.7,6.5,3.4,6.3,5.8,4.2,3.3,5.2,2.3,14.8,4.5,9.4,5.4,11.2,2,10.1,8.6,1.8,19.7,3.3,,,,,,,,,,,,,,,,,,,,,,,,,,,,,,,,,,,,,,,,,28,28.1,28.1,28.2,27.8,28.6,28.4,28.2,28,26.9,27.2,28.1,27.9,27.8,28.1,28,28.1,28.1,28.1,27.9,28,27.6,28.2,28.2,27.5,27.4,28.2,28.2,28,28.2,28.2,84,86,83,86,85,79,86,84,84,89,89,83,85,83,84,87,82,84,84,88,81,87,86,85,88,92,87,84,83,83,87,0.4,0.9,0.2,0.1,0.2,0,0.7,0.1,0.2,1,0.3,0.1,0.3,17.8,0.5,0.7,0.5,0.5,1.6,0.1,0.1,0,0.2,0.2,1.5,3.2,0.2,0.8,0.1,0.2,0.2,25.2,14.6,24.5,13,30.2,9.2,16.8,15.2,30.2,48.8,18.9,15.5,50,46.5,28.4,19.7,17.8,33.4,38.4,22.5,29,13,27.3,26.9,25,34.1,27.2,28.3,36.3,22.5,31.8,40,17.6,38.5,18.4,43.6,14.8,24.5,23.8,44.6,61.9,21.6,22.7,67.7,68,43.2,26.6,32,49.7,55.1,31.7,43.2,16.6,42.1,42.1,33.5,41.4,41,42.8,50.8,37.8,46.1,,,,,,22.2204,114.2127
2026-08-22T01:00,28.9,27.4,28.1,27.4,27.4,28.9,27.6,27.4,26.9,27.1,28.6,28.5,26.9,27.2,27.4,26.4,28,28.1,27.4,28.3,27.2,27.6,27.1,27.7,27.9,27.7,26.6,27.6,27.8,27.6,27.1,27.5,27.4,27.8,26.5,28.6,28.1,26.9,28.4,27.5,83,93,87,91,89,82,93,92,88,93,87,90,95,94,92,94,88,90,91,88,91,90,92,89,90,91,94,91,91,90,93,91,90,88,94,87,86,92,89,90,0,0.7,0,0,0.1,1.2,0.5,0.1,0.1,0,0.8,2,0,0,0,0.7,0,0.8,0.3,0.1,0.2,0.3,0,0,0.1,0.1,0.1,1.3,0.1,2.4,0.1,2.5,0.6,3,0.2,2.1,0.1,0,0.7,0.2,18,2.7,3.1,4.5,13.8,16.2,7.1,3.1,7.2,2.5,9.7,16.2,4.9,2.5,1.3,3.6,3.9,4.2,5.9,21.2,3.1,6.6,2.9,6.7,5.5,4.7,3.1,5,1.8,15.6,4.4,9.7,5.1,10.5,1.3,10.5,8.2,2.3,19.7,3.3,,,,,,,,,,,,,,,,,,,,,,,,,,,,,,,,,,,,,,,,,28,28,28,28.2,27.7,28.7,28.3,28.1,28,27.3,27,28,27.7,27,28,27.8,28.2,28.1,28.1,27.8,28,27.5,28.1,28.1,27.1,27.4,28,28.3,27.8,28.1,28.2,84,86,83,86,84,78,86,85,85,88,90,83,86,87,85,88,82,85,83,88,82,87,86,86,90,92,88,83,84,83,86,0.4,0.9,0.2,0.1,0.2,0,0.7,0.1,0.2,1,0.3,0.1,0.3,17.8,0.5,0.7,0.5,0.5,1.6,0.1,0.1,0,0.2,0.2,1.5,3.2,0.2,0.8,0.1,0.2,0.2,25.7,14.8,23.4,15.6,33.1,8.5,17.6,16.6,29.9,49.9,20.3,16.5,55.5,53.9,29,19.6,18.8,31.6,44.9,20.2,26.9,11.7,25.3,27.1,23.3,38.7,27.1,29.8,34,23.9,31.1,41,18.4,37.8,21.6,46.4,12.6,26.6,26.6,44.3,63.4,24.8,24.8,72.4,72.7,43.6,28.1,32.4,48.2,61.6,29.5,41,14.4,39.6,42.1,29.9,45.7,41.4,44.6,47.2,40,46.4,,,,,,22.2204,114.2127
2026-08-22T02:00,28.9,27.4,28.1,27.3,27.3,28.9,27.7,27.4,26.9,27.1,28.5,28.5,26.9,27.1,27.4,26.3,28,28,27.5,28.4,27.2,27.6,27.2,27.7,27.9,27.7,26.6,27.5,27.7,27.7,27.1,27.5,27.5,27.7,26.5,28.6,27.9,26.9,28.4,27.4,82,93,87,91,89,81,93,92,88,94,87,90,95,95,92,95,88,90,91,88,91,90,92,89,90,91,94,92,91,90,93,91,90,88,94,87,86,92,89,90,0,0.7,0,0,0.1,1.2,0.5,0.1,0.1,0,0.8,2,0,0,0,0.7,0,0.8,0.3,0.1,0.2,0.3,0,0,0.1,0.1,0.1,1.3,0.1,2.4,0.1,2.5,0.6,3,0.2,2.1,0.1,0,0.7,0.2,18.1,2.7,3.2,4.4,14.6,15.3,7.1,2.9,6.8,2.2,8.8,17.7,4.8,2.5,1.1,3.6,3.7,4.3,5.6,21.4,2.6,6.5,2.9,6.9,5.2,4.7,2.8,4.8,1.8,16.1,4.4,10.1,4.8,9.8,1.1,11,7.8,2.9,19.1,3.3,,,,,,,,,,,,,,,,,,,,,,,,,,,,,,,,,,,,,,,,,28,27.9,27.9,28.2,27.7,28.7,28.2,28.1,28,27.5,26.9,28,27.6,26.6,27.9,27.7,28.3,28.1,28.1,27.8,28,27.5,28.1,28.1,26.9,27.4,28,28.4,27.7,28.1,28.2,84,86,83,86,84,77,86,86,85,87,90,83,87,90,85,88,82,85,82,88,82,87,86,86,91,92,88,82,85,83,86,0.4,0.9,0.2,0.1,0.2,0,0.7,0.1,0.2,1,0.3,0.1,0.3,17.8,0.5,0.7,0.5,0.5,1.6,0.1,0.1,0,0.2,0.2,1.5,3.2,0.2,0.8,0.1,0.2,0.2,26.1,15.3,22.3,17,34.8,9.2,17.9,17.9,28.7,50.4,21.5,17.6,59.8,58.6,28.6,20,22,30.4,48.9,19.4,25.1,10.7,23.5,27.4,21.9,41,27.9,29.7,32.3,25.3,30.6,41.8,19.1,36.7,23,48.2,11.2,27.7,29.2,42.8,63.7,27.4,27,74.2,75.6,42.5,29.2,32.4,47.2,65.2,29.2,38.9,13,37.4,42.5,27.4,48.2,42.5,45.4,44.6,41.4,46.1,,,,,,22.2204,114.2127
2026-08-22T03:00,28.9,27.5,28.1,27.3,27.3,28.9,27.7,27.4,27,27.2,28.5,28.5,26.9,27,27.5,26.2,28,28,27.5,28.6,27.2,27.6,27.2,27.8,27.9,27.7,26.6,27.4,27.7,27.7,27.1,27.5,27.5,27.6,26.5,28.6,27.8,26.9,28.3,27.4,82,93,87,91,89,81,93,92,88,94,87,90,95,95,92,95,88,90,91,87,91,90,92,89,90,91,94,93,91,90,93,91,90,88,94,87,86,92,89,90,0,0.6,0.6,0,0.3,0.1,0.8,0,0,0,4,2.1,0.1,0.2,0,0.7,0,0.1,0.3,1,0,0.1,0.1,0.1,0.2,0,0.2,1.3,0.1,0.9,0.2,0.1,4,0.4,0,1.1,0.2,0,0.5,0.5,17.7,2.6,3,4.3,14.8,14.5,7.6,2.7,6.1,2.2,8.2,19.1,4.7,2.5,1.1,3.2,3.6,4.3,5.4,21.6,1.8,6.5,2.7,6.9,4.9,4.3,2.8,4.7,1.8,15.3,4.3,10.4,4.8,9.1,1.1,10.8,7.7,3.2,18,3.3,,,,,,,,,,,,,,,,,,,,,,,,,,,,,,,,,,,,,,,,,27.9,27.8,27.9,28.1,27.7,28.6,28.1,28,27.9,27.5,27,27.9,27.4,26.9,27.9,27.7,28.2,28,28.2,27.7,28,27.5,28,28.1,26.8,27.4,28,28.5,27.6,28,28.1,84,85,83,86,84,77,86,86,85,86,89,84,88,88,85,88,83,85,81,88,82,86,86,85,91,91,88,81,86,83,86,0.6,0.2,0.4,0.6,0.4,0,0.3,0.4,0.2,0.8,0.4,0.2,0.6,12.7,0.1,2.5,0.2,0.6,0.4,1.3,0.1,0,0.5,0.2,0.3,1.7,0.6,0.7,0.3,0.1,1,26.2,15.3,21.6,15.8,33.9,9,17.4,18.6,26.3,49.4,21.4,17.9,58.1,55.8,26.1,20.6,21.1,30.5,47,21.9,23.2,10.5,21.3,27.4,21.1,39.1,29.6,27.8,32.1,25.9,29.2,41.8,18.7,35.6,21.2,47.2,10.4,27.7,31,40.3,62.3,28.8,28.1,71.6,73.8,39.6,30.2,31.7,47.5,64.1,32.4,36.7,12.6,35.3,42.8,26.6,47.5,45,43.9,44.6,41,44.6,,,,,,22.2204,114.2127
2026-08-22T04:00,28.9,27.5,28.1,27.3,27.3,28.9,27.8,27.5,27.1,27.4,28.5,28.4,26.9,27,27.5,26.1,28,28,27.6,28.7,27.2,27.6,27.2,27.8,27.8,27.7,26.6,27.2,27.6,27.7,27.2,27.4,27.5,27.6,26.5,28.6,27.7,26.8,28.3,27.3,82,94,87,91,90,81,93,92,88,94,87,91,95,95,92,96,87,90,91,86,92,90,92,88,90,91,93,94,91,90,93,91,91,88,95,87,87,93,89,90,0,0.6,0.6,0,0.3,0.1,0.8,0,0,0,4,2.1,0.1,0.2,0,0.7,0,0.1,0.3,1,0,0.1,0.1,0.1,0.2,0,0.2,1.3,0.1,0.9,0.2,0.1,4,0.4,0,1.1,0.2,0,0.5,0.5,16.5,2.5,3.2,4.7,15.1,13.6,8.8,3,5.2,2.5,8,20.8,5,2.6,1.4,2.9,3.3,4,5,22,0.5,6.1,3,6.5,4.6,3.9,2.8,4.9,2.2,13.5,4.3,11.2,4.8,8.7,1.8,10.1,7.6,3.6,16.5,3.8,,,,,,,,,,,,,,,,,,,,,,,,,,,,,,,,,,,,,,,,,27.9,27.8,27.9,28.1,27.7,28.5,28.1,28,27.7,27.5,27.1,27.9,27.3,27.5,27.9,27.8,28,27.9,28.3,27.6,28,27.5,28,28.2,26.9,27.5,28,28.7,27.6,28,28,85,85,82,85,83,78,86,85,85,85,88,84,88,84,85,87,84,84,81,88,81,85,86,84,90,90,87,80,86,83,87,0.6,0.2,0.4,0.6,0.4,0,0.3,0.4,0.2,0.8,0.4,0.2,0.6,12.7,0.1,2.5,0.2,0.6,0.4,1.3,0.1,0,0.5,0.2,0.3,1.7,0.6,0.7,0.3,0.1,1,26.4,14.8,21,13.6,31.4,8.7,16.6,18.7,24.6,47.6,20.6,17.9,53.5,49.7,22.6,21.1,18.7,31.8,41.7,25.7,21.3,10.6,19.1,27,20.9,35,31.9,25.1,32.8,25.3,27.9,41.8,18,34.2,18,45,10.8,26.6,32.8,36.7,59.4,29.2,28.8,66.6,69.5,35.3,31.3,30.6,47.9,60.5,37.8,34.9,13,33.1,43.2,27,45,47.9,41,45.7,39.6,42.5,,,,,,22.2204,114.2127
2026-08-22T05:00,28.8,27.6,28.1,27.3,27.3,28.9,27.9,27.5,27.2,27.7,28.6,28.3,27,27,27.6,26,28.1,28,27.7,28.9,27.2,27.6,27.2,27.9,27.8,27.7,26.6,27,27.6,27.7,27.3,27.4,27.5,27.7,26.5,28.6,27.6,26.8,28.3,27.2,83,94,87,91,90,82,92,92,88,93,87,91,94,95,92,96,86,90,91,84,92,90,92,88,91,90,93,94,91,90,93,91,92,88,95,87,87,93,90,90,0,0.6,0.6,0,0.3,0.1,0.8,0,0,0,4,2.1,0.1,0.2,0,0.7,0,0.1,0.3,1,0,0.1,0.1,0.1,0.2,0,0.2,1.3,0.1,0.9,0.2,0.1,4,0.4,0,1.1,0.2,0,0.5,0.5,14.8,2.5,3.3,4.9,15.3,12.6,10.1,3.3,4.3,2.9,8.1,22.4,5.4,2.6,1.5,2.2,3.4,3.6,4.9,22,0.8,5.4,3.3,5.8,4.6,3.1,3.3,4.8,2.6,10.9,4.3,11.6,5.1,8.3,2.3,9.4,8,4,14.7,4.2,,,,,,,,,,,,,,,,,,,,,,,,,,,,,,,,,,,,,,,,,27.9,27.8,28,28.1,27.8,28.5,28.1,28,27.7,27.5,27.3,27.9,27.3,28,28,27.8,27.9,27.9,28.4,27.6,28.1,27.6,28,28.3,27,27.6,28.1,28.8,27.6,28,28,85,84,82,84,83,78,85,84,85,85,87,85,88,81,85,87,85,84,80,87,81,84,86,83,89,89,87,79,86,83,87,0.6,0.2,0.4,0.6,0.4,0,0.3,0.4,0.2,0.8,0.4,0.2,0.6,12.7,0.1,2.5,0.2,0.6,0.4,1.3,0.1,0,0.5,0.2,0.3,1.7,0.6,0.7,0.3,0.1,1,26.1,14.6,19.9,11.8,29.5,8.9,16.2,18.3,23.4,46.5,19.9,17.9,48.8,45,19.7,21.6,17.4,32.4,36.8,28.8,20.3,10.1,17.9,26.6,21,31.9,33.6,22.8,33,24.2,27.8,40.7,17.6,32,15.1,43.2,11.2,26.3,32.8,33.5,57.6,29.2,29.5,61.9,66.2,31.7,32.4,30.2,47.9,56.5,42.1,34.6,12.6,31.7,43.2,28.1,42.8,49.7,37.4,46.4,37.1,42.1,,,,,,22.2204,114.2127
2026-08-22T06:00,28.8,27.7,28.2,27.5,27.3,28.9,28,27.6,27.4,27.9,28.6,28.3,27.1,27,27.8,26,28.3,28,27.8,29.1,27.3,27.6,27.2,27.9,27.8,27.8,26.7,26.9,27.6,27.7,27.4,27.4,27.4,27.8,26.6,28.6,27.6,26.8,28.3,27.2,84,94,87,90,90,82,92,92,87,92,87,92,94,95,91,97,85,90,91,83,93,89,92,87,91,90,92,95,91,90,92,91,93,88,94,87,87,92,89,90,0,0.6,0.6,0,0.3,0.1,0.8,0,0,0,4,2.1,0.1,0.2,0,0.7,0,0.1,0.3,1,0,0.1,0.1,0.1,0.2,0,0.2,1.3,0.1,0.9,0.2,0.1,4,0.4,0,1.1,0.2,0,0.5,0.5,13.2,3,3.5,5.2,15.3,11.9,11.9,3.6,3.6,2.9,8.3,23.6,5.8,2.3,1.5,2.1,3.5,3.6,4.7,22.6,2.3,5.1,3.6,5.5,4.7,2.3,3.8,4.8,3.1,8.9,4.3,12.4,5.1,7.9,2.8,8.4,8.3,4,12.6,4.7,,,,,,,,,,,,,,,,,,,,,,,,,,,,,,,,,,,,,,,,,28,27.8,28,28.2,27.9,28.5,28.2,28,27.7,27.3,27.4,27.9,27.4,27.9,28,27.9,27.9,27.9,28.5,27.8,28.1,27.8,28.1,28.3,27.2,27.5,28.1,28.8,27.7,27.9,28.1,84,84,82,83,83,78,84,83,84,85,86,85,87,82,85,87,85,83,80,86,81,83,85,82,88,90,87,79,86,83,87,0.2,0.8,0,0.5,0.2,0,0.3,0.5,0,0.3,0.1,0.6,1.3,4.5,0.1,3.1,0.4,0.5,0,1.1,0.3,0,1.2,0.2,0.9,2.8,2.4,0,0.5,0.5,2.3,24.7,14.5,17.3,10.6,28.8,9.2,16.9,16.9,19.8,46.8,19.2,17.7,45.6,44.3,18.2,21.7,18.4,31.4,33.8,30.3,21.3,8,17.6,26.8,21.4,31.2,34.3,20.4,31.9,22,29.8,38.5,18,27.7,13.3,42.5,11.2,26.6,29.9,30.2,57.6,28.1,29.9,58.3,64.8,30.2,33.1,31.3,46.1,53.3,45,37.1,10.4,31.3,43.6,29.5,41.8,49.7,32.4,45.7,33.5,44.6,,,,,,22.2204,114.2127
2026-08-22T07:00,28.9,27.9,28.3,27.7,27.4,29,28,27.7,27.5,28.3,28.7,28.2,27.2,27.1,28,26,28.5,28.1,28,29.2,27.5,27.7,27.3,28,27.8,28,26.7,27,27.7,27.7,27.5,27.3,27.5,27.9,26.7,28.6,27.6,27,28.3,27.2,84,94,87,88,90,83,91,91,87,91,87,92,92,94,90,97,83,90,91,82,92,89,91,87,91,89,91,94,90,89,91,90,93,87,94,87,87,92,89,89,0,0.6,0.6,0,0.3,0.1,0.8,0,0,0,4,2.1,0.1,0.2,0,0.7,0,0.1,0.3,1,0,0.1,0.1,0.1,0.2,0,0.2,1.3,0.1,0.9,0.2,0.1,4,0.4,0,1.1,0.2,0,0.5,0.5,11.8,3,4,5.8,15.8,11.7,13.3,4,3.5,2.9,8.8,24.5,6.1,2.3,1.8,1.8,3.7,3.6,4.7,22.9,3.3,5.2,4,5.4,4.8,2.3,4.3,4.9,3.1,6.9,4.7,12.8,5.4,7.6,2.8,8,8.7,4,11.2,5,,,,,,,,,,,,,,,,,,,,,,,,,,,,,,,,,,,,,,,,,28.3,27.8,28.1,28.4,28.1,28.7,28.4,28,27.9,27.1,27.6,27.9,27.6,27.5,28.1,27.9,27.9,27.9,28.6,28.1,28.1,28.1,28.2,28.3,27.4,27.3,28.1,28.8,28,27.8,28.2,83,84,81,82,82,77,82,83,83,86,86,85,85,84,84,87,84,83,79,84,81,82,85,82,87,91,87,79,85,84,86,0.2,0.8,0,0.5,0.2,0,0.3,0.5,0,0.3,0.1,0.6,1.3,4.5,0.1,3.1,0.4,0.5,0,1.1,0.3,0,1.2,0.2,0.9,2.8,2.4,0,0.5,0.5,2.3,22.7,15,14.9,9,28.5,8.9,18.1,15,15.6,48,18.4,17.5,42.8,45.1,17.4,21.4,20.2,29.7,31.1,30.6,24.8,5.7,17.6,27.3,22.2,31.2,35,18,30.6,18.9,33.1,36,18.7,22.7,11.9,42.5,11.5,27.7,25.6,27,58.3,26.6,29.9,55.4,64.4,29.2,33.5,32.8,43.6,50,46.8,41,7.9,31.3,43.6,31.7,40.7,48.6,26.6,44.3,29.5,48.6,,,,,,22.2204,114.2127
2026-08-22T08:00,29.1,28.1,28.5,28.1,27.5,29.1,28.1,27.9,27.7,28.6,28.8,28.2,27.5,27.3,28.3,26.1,28.7,28.2,28.1,29.4,27.8,27.8,27.5,28.1,27.9,28.2,26.9,27.2,27.8,27.8,27.8,27.4,27.6,28,26.9,28.7,27.7,27.3,28.3,27.3,83,93,86,86,90,83,91,90,86,89,86,92,91,93,88,96,82,89,90,81,91,88,90,86,90,87,90,93,89,89,90,90,93,87,93,87,87,90,89,89,0,0.6,0.6,0,0.3,0.1,0.8,0,0,0,4,2.1,0.1,0.2,0,0.7,0,0.1,0.3,1,0,0.1,0.1,0.1,0.2,0,0.2,1.3,0.1,0.9,0.2,0.1,4,0.4,0,1.1,0.2,0,0.5,0.5,11,2.9,4,5.8,16.3,11.8,14.4,4.4,3.8,2.9,9.1,25.1,6.1,2.2,1.9,2,4,3.8,4.7,23.1,3.4,5.6,4.3,5.5,5,2.6,4.6,4.7,3.3,6.1,5.1,12.8,5.1,7.6,2.8,7.6,9,3.5,10.4,5.5,,,,,,,,,,,,,,,,,,,,,,,,,,,,,,,,,,,,,,,,,28.5,27.9,28.2,28.7,28.3,29,28.6,28.2,28.1,27.1,27.9,28.1,27.8,27.3,28.3,27.9,28.1,28.1,28.7,28.4,28.2,28.5,28.4,28.4,27.6,27.3,28.2,28.9,28.2,27.9,28.3,82,84,81,81,82,76,81,82,82,86,85,84,84,86,83,87,83,82,79,83,81,80,84,81,86,91,87,79,85,84,85,0.2,0.8,0,0.5,0.2,0,0.3,0.5,0,0.3,0.1,0.6,1.3,4.5,0.1,3.1,0.4,0.5,0,1.1,0.3,0,1.2,0.2,0.9,2.8,2.4,0,0.5,0.5,2.3,21.1,14.6,14.3,7.9,27.7,8.7,19.1,13.5,14.5,47.5,17.8,18.3,40,46.1,17.2,20.2,21.2,27.6,29,30,28,5.2,17.6,27.1,24.1,31.1,35.9,16.2,29.3,16.3,34.8,34.2,18.7,19.4,10.8,41.4,11.5,28.1,22.3,25.6,57.6,25.6,31,52.6,64.1,28.1,33.1,32.8,41,46.8,47.2,44.3,6.8,31.3,42.1,34.6,39.6,47.9,21.6,42.8,25.2,51.1,,,,,,22.2204,114.2127
2026-08-22T09:00,29.4,28.6,28.8,28.9,27.6,29.3,28.2,28.2,28,29.1,29,28.3,27.9,27.7,28.8,26.3,29.1,28.4,28.4,29.5,28.4,28.2,27.8,28.3,28.2,28.7,27.1,27.7,28.1,28,28.1,27.5,27.9,28.3,27.2,28.9,27.8,27.9,28.3,27.5,81,91,85,82,90,83,91,89,85,87,85,91,89,91,85,95,80,88,89,81,88,86,88,85,89,84,89,90,87,88,88,90,92,86,91,86,87,87,88,88,0,0.3,0.5,0,1.6,0.2,4.6,0.1,0.1,0.2,3.7,2.2,0,0.3,0,0.3,0.1,0.5,0.6,2.7,0.1,0.1,0,0.8,0.5,0.1,0.5,0.5,0.1,0.3,0.4,0.7,2.2,0.1,0,1.2,0.7,0,0.8,0.4,10.6,3.4,4.1,6,16.8,12.1,14.8,5,4.7,2.8,9.8,24.9,6.2,2.4,2.8,2.6,4.6,4.1,4.7,23.1,3,6.7,4.9,6.3,5.4,3.8,5.2,5.2,3.2,6.3,6,12.7,5,7.6,1.8,8,9.4,3.3,10.6,6,,,,,,,,,,,,,,,,,,,,,,,,,,,,,,,,,,,,,,,,,28.7,27.9,28.5,29,28.5,29.6,28.9,28.5,28.4,27.3,28.2,28.3,28,27.2,28.6,27.9,28.3,28.3,28.8,28.6,28.4,29,28.6,28.6,27.5,27.5,28.4,29.2,28.3,28.1,28.5,82,84,80,79,81,74,80,80,81,85,83,83,83,86,82,87,81,81,79,82,80,78,83,80,87,90,86,78,84,83,84,0.2,1.4,0,0,0.1,0,0,0.4,0.6,0.5,0,2,0.9,5.6,0.2,5.4,0.3,0.2,0,0.4,0.4,0,0.6,0.2,1.6,1.4,1.4,0,0.2,0.3,0.2,20.8,13.5,15.3,7,26.3,8.1,19.2,13.2,16.2,43.1,17.4,21,37.1,46.4,16.9,18.4,20,25.3,27.8,28.4,29.8,7.1,16.9,24.7,28,29.6,36.4,14.4,28.2,14.1,34.7,33.8,17.6,19.4,10.4,38.5,11.2,27.7,20.9,27.4,53.3,25.2,34.6,50,63.7,25.6,31.3,30.6,38.5,43.9,44.3,45.7,8.6,30.2,38.2,38.9,38.2,48.2,18,41.8,21.2,50.8,,,,,,22.2204,114.2127
2026-08-22T10:00,29.9,29.2,29.3,29.9,27.8,29.5,28.3,28.7,28.3,29.7,29.2,28.5,28.5,28.2,29.5,26.7,29.6,28.7,28.7,29.6,29.2,28.7,28.3,28.5,28.6,29.4,27.4,28.5,28.6,28.3,28.6,27.6,28.3,28.6,27.6,29.2,28.1,28.8,28.4,27.8,78,87,83,76,89,82,91,86,83,83,84,91,85,89,82,93,78,87,87,81,84,84,86,84,86,80,87,86,85,87,86,89,89,85,89,85,86,82,87,87,0,0.3,0.5,0,1.6,0.2,4.6,0.1,0.1,0.2,3.7,2.2,0,0.3,0,0.3,0.1,0.5,0.6,2.7,0.1,0.1,0,0.8,0.5,0.1,0.5,0.5,0.1,0.3,0.4,0.7,2.2,0.1,0,1.2,0.7,0,0.8,0.4,10.6,5.2,4.3,5.6,16.9,13.2,15.2,5.9,5.8,3.9,11.2,23.8,6.9,3.6,4.6,3.4,5.4,4.8,5.1,23.1,3.2,8.2,6.1,7.4,6.4,6,6.3,7.2,3.5,7.1,7.6,12.3,4.7,8.3,0.5,9.1,10.2,4,11.1,6.3,,,,,,,,,,,,,,,,,,,,,,,,,,,,,,,,,,,,,,,,,28.8,28,28.8,29.4,28.8,30.3,29.2,29,28.8,27.6,28.6,28.7,28.3,27.2,28.9,27.8,28.7,28.6,29,28.7,28.7,29.6,28.8,28.9,27.3,27.8,28.6,29.7,28.4,28.5,28.7,81,83,79,77,81,72,79,78,81,84,82,82,82,86,81,87,80,81,78,82,80,76,83,79,88,88,84,76,84,81,83,0.2,1.4,0,0,0.1,0,0,0.4,0.6,0.5,0,2,0.9,5.6,0.2,5.4,0.3,0.2,0,0.4,0.4,0,0.6,0.2,1.6,1.4,1.4,0,0.2,0.3,0.2,21.4,12.2,16.5,7.7,24.1,7.5,19.5,13.4,19.2,37.4,17.2,25.2,34.8,46.9,16.6,17.7,18.1,23.4,27.4,25.7,30.6,10,16.9,21.4,32.8,27.8,36.2,12.6,27,12.2,33.9,33.8,15.8,20.9,10.4,34.9,10.4,27.4,20.2,30.6,47.2,25.2,38.9,47.9,63.4,23,28.8,27,36.4,41.4,40,46.1,11.9,28.8,32.8,43.9,36.4,49,15.8,40.7,17.3,49,,,,,,22.2204,114.2127
2026-08-22T11:00,30.5,29.9,29.9,31.1,28,29.8,28.4,29.2,28.6,30.4,29.5,28.6,29.1,28.8,30.2,27.2,30.1,29.1,29.1,29.8,30.1,29.2,28.8,28.7,29.1,30.2,27.8,29.4,29.1,28.6,29.1,27.8,28.8,29,28.1,29.5,28.4,29.8,28.5,28.2,75,83,80,70,88,81,91,84,81,79,82,90,82,86,78,90,76,85,85,81,80,81,83,84,84,76,85,81,83,86,83,89,86,84,87,84,85,77,86,86,0,0.3,0.5,0,1.6,0.2,4.6,0.1,0.1,0.2,3.7,2.2,0,0.3,0,0.3,0.1,0.5,0.6,2.7,0.1,0.1,0,0.8,0.5,0.1,0.5,0.5,0.1,0.3,0.4,0.7,2.2,0.1,0,1.2,0.7,0,0.8,0.4,11,8.1,4.8,5.8,17.6,14.5,15.5,7.4,7.5,6.1,12.6,22.7,8.2,5.2,6.6,4.8,6.8,6,6.3,22.7,4.9,10.1,7.7,9.4,7.3,8.4,7.2,10.9,4.3,8.8,9.4,11.9,4.8,8.8,1.3,10.1,11.2,6,12.4,7.1,,,,,,,,,,,,,,,,,,,,,,,,,,,,,,,,,,,,,,,,,29,28.2,29.1,29.7,29,30.8,29.5,29.4,29.1,27.8,29,29,28.5,27.2,29.2,27.9,29,28.9,29.1,28.9,28.9,30.1,29,29.2,27,28.1,28.8,30.1,28.5,28.9,28.8,81,82,78,76,80,70,78,76,80,84,80,81,81,86,80,86,78,80,78,82,79,74,82,78,90,86,83,74,83,79,82,0.2,1.4,0,0,0.1,0,0,0.4,0.6,0.5,0,2,0.9,5.6,0.2,5.4,0.3,0.2,0,0.4,0.4,0,0.6,0.2,1.6,1.4,1.4,0,0.2,0.3,0.2,21.7,10.5,16.6,9.7,22.4,6.2,19.8,14.2,21.6,33,17.4,28.4,33,47.7,16.6,18.6,16.4,22.5,26.8,23.6,30.3,13,18,18.9,35.5,27.5,35.9,12.2,26.2,11.2,32.8,33.8,14,22,11.5,31.7,10.4,27.4,20.5,32.8,42.8,24.8,42.1,46.4,63.4,21.2,27,23.8,35.3,39.2,36,45,15.1,28.8,28.4,46.4,36.7,49.3,15.1,39.6,14.4,46.4,,,,,,22.2204,114.2127
2026-08-22T12:00,31,30.6,30.5,32.3,28.2,30.1,28.5,29.7,28.9,31,29.8,28.8,29.7,29.4,30.9,27.6,30.6,29.4,29.4,29.9,30.9,29.8,29.3,28.9,29.6,30.9,28.1,30.2,29.6,28.9,29.6,28,29.3,29.4,28.6,29.8,28.6,30.7,28.6,28.6,72,79,78,64,87,80,91,82,80,76,80,88,79,83,74,88,74,84,82,82,75,79,81,83,82,72,84,76,81,84,81,89,83,83,84,82,84,72,85,84,0,0.3,0.5,0,1.6,0.2,4.6,0.1,0.1,0.2,3.7,2.2,0,0.3,0,0.3,0.1,0.5,0.6,2.7,0.1,0.1,0,0.8,0.5,0.1,0.5,0.5,0.1,0.3,0.4,0.7,2.2,0.1,0,1.2,0.7,0,0.8,0.4,11.3,10.8,5.3,6.2,17.9,15.5,15.8,9.1,8.9,8.3,14.2,21.4,9.5,7.2,8.7,6.2,8.4,7.3,8,22.3,7,12,9.2,11.4,8.5,10.8,8.6,14.4,5.4,10.5,11.3,11.6,5,9.6,2.8,11.5,11.7,8.2,13.7,7.4,,,,,,,,,,,,,,,,,,,,,,,,,,,,,,,,,,,,,,,,,29.1,28.5,29.3,29.8,29.1,30.9,29.7,29.5,29.2,27.7,29.2,29.1,28.6,27.2,29.4,28.2,29.2,29.1,29.1,29,29,30.4,29.1,29.3,26.8,28.2,28.9,30.4,28.7,29.2,28.9,81,80,77,76,79,70,77,76,80,85,79,81,80,86,79,84,77,79,78,82,79,73,81,77,91,85,83,73,82,77,81,0,1.1,0.1,0,0.2,0,0,0.1,0.1,0.8,0,0.9,0.4,1.9,0,3.5,0.1,0,0.6,0.1,0.1,0,1,0.1,1.5,1.8,0.5,0,0.3,0,0.2,21.9,8.2,14.5,12,21,4.6,21.1,16.1,21.3,32.3,17.7,29.9,32.3,48.5,17.6,19.7,15.7,22.7,25.6,22.5,27.7,16,21,18.4,34.9,29.3,35.1,14.3,26.4,11.2,29.9,33.1,11.5,20.9,14,28.8,10.8,28.1,22.3,32,41.8,23.8,42.8,46.4,63,21.6,27,21.6,36.4,37.1,33.8,41.4,18,31.3,26.3,44.6,40.7,48.6,17.3,39.2,13.7,42.8,,,,,,22.2204,114.2127
2026-08-22T13:00,31.4,31.1,30.9,33.2,28.3,30.3,28.5,30.1,29.1,31.4,29.9,28.9,30.2,29.8,31.4,28,31,29.6,29.7,29.9,31.6,30.2,29.7,29.1,29.9,31.5,28.3,30.9,30,29.2,30,28.1,29.6,29.6,29,30,28.8,31.5,28.6,28.9,70,76,77,60,86,79,91,80,78,73,79,88,76,81,71,86,73,83,81,82,72,77,79,82,80,68,82,73,79,83,79,88,81,82,82,81,83,68,84,83,0,0.3,0.5,0,1.6,0.2,4.6,0.1,0.1,0.2,3.7,2.2,0,0.3,0,0.3,0.1,0.5,0.6,2.7,0.1,0.1,0,0.8,0.5,0.1,0.5,0.5,0.1,0.3,0.4,0.7,2.2,0.1,0,1.2,0.7,0,0.8,0.4,11.5,12.8,6.2,6.4,18.4,16.6,16.1,10.3,10.4,10.2,15.2,20.5,10.7,8.7,10.5,7.2,9.5,8.3,9.3,21.7,8.9,13.5,10.4,12.6,9.7,12.6,9.2,16.9,6.6,12.2,12.8,11.1,5.1,10.1,4.3,12.2,12.3,10.2,14.8,7.8,,,,,,,,,,,,,,,,,,,,,,,,,,,,,,,,,,,,,,,,,29.3,29,29.4,29.8,29.2,30.7,29.8,29.5,29.3,27.4,29.3,29.2,28.6,27.2,29.5,28.5,29.4,29.4,29,29.1,29.1,30.5,29.2,29.4,26.5,28.2,28.9,30.7,28.9,29.5,29,80,77,76,76,78,70,76,76,79,86,78,81,80,87,79,82,76,78,79,81,79,73,80,77,93,85,83,73,81,76,81,0,1.1,0.1,0,0.2,0,0,0.1,0.1,0.8,0,0.9,0.4,1.9,0,3.5,0.1,0,0.6,0.1,0.1,0,1,0.1,1.5,1.8,0.5,0,0.3,0,0.2,22,5.3,12.6,14.5,20.1,7.3,23.2,18.5,20.8,32.9,17.9,30.9,32.2,49.3,18.6,20.2,15.3,24.2,23.8,22.2,24.4,19.2,24.9,18.5,32.8,32.2,33.6,17.9,27,12.2,25.7,32,8.6,19.4,17.6,26.3,11.9,29.5,24.8,30.6,42.1,22.7,42.5,47.5,63,22.7,27.4,20.2,38.2,35.3,32,36,21.2,34.9,25.2,40.7,46.4,47.5,21.2,38.9,14,38.5,,,,,,22.2204,114.2127
2026-08-22T14:00,31.6,31.2,31.1,33.6,28.4,30.3,28.6,30.3,29.2,31.6,30,29,30.4,30,31.6,28.2,31.2,29.7,29.8,29.8,31.9,30.4,29.9,29.1,30.1,31.7,28.5,31.2,30.2,29.3,30.2,28.2,29.8,29.8,29.2,30.1,28.9,31.9,28.6,29.1,69,75,76,58,86,79,91,79,78,72,79,87,75,80,70,85,72,82,80,83,70,76,78,82,79,67,82,71,78,83,78,88,80,82,81,81,83,66,84,83,0,0.3,0.5,0,1.6,0.2,4.6,0.1,0.1,0.2,3.7,2.2,0,0.3,0,0.3,0.1,0.5,0.6,2.7,0.1,0.1,0,0.8,0.5,0.1,0.5,0.5,0.1,0.3,0.4,0.7,2.2,0.1,0,1.2,0.7,0,0.8,0.4,11.5,13.9,6.6,6.6,18.5,16.6,16.8,10.9,10.9,10.9,15.5,19.9,11.4,9.3,11.6,7.6,10,9,9.9,20.9,10,14.2,11,13.2,10,13.8,9.6,18.4,7.2,13.3,13.5,10.6,5.1,10.2,5.1,12.5,12.1,11.1,14.8,7.9,,,,,,,,,,,,,,,,,,,,,,,,,,,,,,,,,,,,,,,,,29.4,29.3,29.5,29.8,29.2,30.6,29.8,29.5,29.3,27.4,29.4,29.2,28.7,27.3,29.5,28.8,29.5,29.5,28.9,29.1,29.1,30.5,29.2,29.4,26.4,28.2,28.9,30.8,29,29.7,29,80,75,75,77,78,71,76,76,79,86,78,81,80,87,79,81,76,77,79,81,79,74,80,77,93,85,84,73,81,75,81,0,1.1,0.1,0,0.2,0,0,0.1,0.1,0.8,0,0.9,0.4,1.9,0,3.5,0.1,0,0.6,0.1,0.1,0,1,0.1,1.5,1.8,0.5,0,0.3,0,0.2,22.2,2.3,13,17.1,19.1,11.2,24.3,19.8,20.9,32.8,18.6,30.8,32.1,49.8,19.1,20.3,15.2,25.8,22.9,21.6,21.3,21.5,27,19,30,33.7,32.2,21,27.4,13.1,22.4,31.3,7.2,18.4,21.2,24.1,13.3,30.6,26.6,29.2,42.1,22.3,41.8,47.5,63,23.4,28.1,19.1,40,34.2,30.6,31,24.1,36.4,24.8,36.7,50,46.4,24.8,38.2,15.1,34.9,,,,,,22.2204,114.2127
2026-08-22T15:00,31.4,31,31,33.4,28.4,30.1,28.6,30.3,29.1,31.5,29.8,28.9,30.3,29.9,31.4,28.2,31.2,29.7,29.7,29.7,31.8,30.3,29.9,29.1,30.1,31.6,28.5,31.1,30.2,29.3,30.1,28.3,29.8,29.7,29.3,29.9,28.9,31.8,28.6,29,70,75,76,59,86,80,91,79,79,73,80,87,76,80,71,85,72,82,80,84,71,76,78,82,79,68,83,71,78,83,78,88,80,82,81,81,83,66,84,83,0,2.4,0.3,0,0.5,0.2,1.9,0.1,0,0.7,0.8,1.8,0,0.1,0,0.1,0.1,0.3,0.3,1.4,0,0,0,2.2,0,0.1,0,0.1,0,0.1,0.1,0.4,0,0.2,0.1,0.8,0.4,0,0.1,0,10.9,13.6,6.4,6.4,18,15.9,17.3,10.8,10.4,10.6,14.5,19.6,11.3,9.4,11.6,7.3,9.8,9,9.5,19.7,10.3,14.2,10.7,12.7,9.7,13.7,9.6,18,7.6,13.7,13.2,10,4.7,10,5.2,12,11.4,10.8,14.1,7.7,,,,,,,,,,,,,,,,,,,,,,,,,,,,,,,,,,,,,,,,,29.3,29.4,29.5,29.6,29.2,30.4,29.6,29.4,29.4,27.6,29.3,29.1,28.7,27.4,29.5,28.7,29.6,29.4,28.9,29.1,29.1,30.4,29.1,29.3,26.4,28.2,28.8,30.6,29,29.7,29,80,75,75,78,78,72,77,76,79,84,78,81,80,86,79,81,76,77,79,81,79,75,80,77,92,85,84,74,81,75,81,0.1,0.6,0.1,0,0,0,0,0,0.1,0.8,0,0.1,0.1,3.1,0,3.2,0,0,0.4,0,0.1,0,0.3,0,1.8,1.1,0.2,0,0,0,0,21.9,1.8,14,19.9,18.2,14.3,24.6,19.8,21.5,31.1,19.9,29.6,30.7,49.3,18.2,20.7,14.8,27.3,22.9,20.5,18.4,22.8,25.2,19.3,26.6,32.6,30.8,22.7,26.6,14,21.3,31,7.6,18.4,25.6,23,16.2,31.3,26.6,29.2,40,23,40.3,46.1,63,23,28.8,18.4,41,34.6,29.2,26.3,27.4,33.5,25.6,32.8,49,45.4,27,37.1,16.2,33.1,,,,,,22.2204,114.2127
2026-08-22T16:00,31,30.5,30.8,32.9,28.4,29.7,28.5,30.2,28.9,31,29.5,28.8,30,29.6,30.9,28.2,31,29.5,29.5,29.4,31.3,30,29.7,28.9,29.9,31.2,28.3,30.6,30,29.1,29.8,28.2,29.7,29.6,29.2,29.6,28.7,31.4,28.5,28.9,72,77,78,62,87,81,91,79,80,74,81,87,77,81,73,85,73,83,81,85,73,78,79,83,81,70,84,74,79,84,80,88,81,83,81,82,84,69,85,84,0,2.4,0.3,0,0.5,0.2,1.9,0.1,0,0.7,0.8,1.8,0,0.1,0,0.1,0.1,0.3,0.3,1.4,0,0,0,2.2,0,0.1,0,0.1,0,0.1,0.1,0.4,0,0.2,0.1,0.8,0.4,0,0.1,0,10,12.1,6.1,6.3,17.5,14.6,17.4,9.7,9.7,9.8,12.9,19.6,10.5,8.9,10.9,6.4,9.2,8.6,8.9,18.1,9.9,13.6,9.7,11.1,9,12.8,8.8,16.7,7.6,14.1,12,9,4.3,9.8,5.3,11.2,10.5,9.7,12.4,7.6,,,,,,,,,,,,,,,,,,,,,,,,,,,,,,,,,,,,,,,,,29.1,29.3,29.5,29.4,29.2,30.3,29.3,29.4,29.4,28.1,29.1,29.1,28.7,27.6,29.4,28.5,29.5,29.1,28.8,29.1,29.1,30.1,28.9,29.3,26.6,28.2,28.8,30.3,28.9,29.5,28.9,80,75,75,80,78,74,78,77,79,82,78,81,81,84,80,83,76,78,79,82,79,77,81,78,90,84,85,75,82,76,82,0.1,0.6,0.1,0,0,0,0,0,0.1,0.8,0,0.1,0.1,3.1,0,3.2,0,0,0.4,0,0.1,0,0.3,0,1.8,1.1,0.2,0,0,0,0,21.5,5.6,14.9,22.7,17.6,16.6,24.8,19.2,21.7,28.8,20.9,27.6,29.2,48.2,17,20.6,14.9,28.7,23.3,19.6,16,23.7,21.7,20,22.6,30.7,29.3,23.4,25.6,14.8,21,31.3,9,19.1,30.2,23,19.8,31.7,25.9,29.5,37.4,24.5,38.5,43.9,63.4,22,29.5,18,41.8,35.6,28.1,22,31,28.8,27.4,29.2,46.1,44.6,28.4,35.6,17.6,32.4,,,,,,22.2204,114.2127
2026-08-22T17:00,30.4,29.8,30.4,32,28.3,29.2,28.5,30,28.6,30.4,29.2,28.7,29.5,29.1,30.3,28,30.7,29.3,29.2,29,30.7,29.6,29.5,28.7,29.6,30.7,28.1,30,29.7,28.9,29.5,28.2,29.4,29.3,29,29.2,28.4,30.8,28.5,28.6,75,80,80,67,88,83,92,80,81,77,83,88,80,83,76,87,75,83,82,86,76,80,81,84,82,73,86,77,80,86,82,88,82,84,82,83,85,72,86,84,0,2.4,0.3,0,0.5,0.2,1.9,0.1,0,0.7,0.8,1.8,0,0.1,0,0.1,0.1,0.3,0.3,1.4,0,0,0,2.2,0,0.1,0,0.1,0,0.1,0.1,0.4,0,0.2,0.1,0.8,0.4,0,0.1,0,9.1,9.9,5.4,6,16.9,13.3,17.5,8.4,8.4,8,10.8,19.5,9.2,8,9.8,5.5,8.7,8,7.6,16.6,9.2,12.4,8.5,9.5,8,11.5,8,14.2,7.1,14.2,10.5,7.9,4.1,9.5,5.2,10.1,9,8.2,10.8,7,,,,,,,,,,,,,,,,,,,,,,,,,,,,,,,,,,,,,,,,,29,29.3,29.3,29.2,29.1,30.1,29.1,29.3,29.3,28.4,28.9,29,28.6,27.5,29.3,28.4,29.4,28.9,28.8,29,29,29.9,28.8,29.2,26.8,28.1,28.7,30,28.8,29.3,28.8,81,76,76,82,79,76,79,77,80,80,79,81,82,83,81,84,77,79,79,83,79,79,82,79,88,84,85,77,83,77,83,0.1,0.6,0.1,0,0,0,0,0,0.1,0.8,0,0.1,0.1,3.1,0,3.2,0,0,0.4,0,0.1,0,0.3,0,1.8,1.1,0.2,0,0,0,0,21.3,9,15.5,24.3,17.3,18.4,24.5,18.2,22,26.8,21.7,26.1,28.1,47.9,15.4,20.3,14.3,28.6,23.9,18.8,15.1,24.2,19,20.9,19.7,29.4,27.8,23.9,24.5,15.5,20.9,31.7,10.4,19.1,33.1,22.7,22.7,31.7,25.2,29.5,35.6,25.6,37.1,42.1,63.7,20.5,28.8,17.3,41,36.7,27.4,19.8,33.5,25.9,29.2,27,43.2,43.6,29.5,34.6,19.1,31.7,,,,,,22.2204,114.2127
2026-08-22T18:00,29.8,29,30,31.1,28.2,28.7,28.4,29.7,28.3,29.8,28.8,28.5,29,28.6,29.6,27.9,30.4,29.1,28.9,28.7,30,29.1,29.2,28.4,29.3,30,27.9,29.3,29.3,28.7,29,28.1,29.1,29,28.7,28.7,28.2,30.1,28.4,28.3,79,83,82,73,89,85,92,82,83,80,85,88,83,85,79,88,76,84,84,87,79,82,82,85,84,76,87,80,81,87,84,88,84,85,84,84,86,76,87,85,0,2.4,0.3,0,0.5,0.2,1.9,0.1,0,0.7,0.8,1.8,0,0.1,0,0.1,0.1,0.3,0.3,1.4,0,0,0,2.2,0,0.1,0,0.1,0,0.1,0.1,0.4,0,0.2,0.1,0.8,0.4,0,0.1,0,8,7.8,4.6,5.4,16,11.7,17.9,6.9,6.7,6.5,9.1,19.4,7.9,7,8.8,4.8,7.7,7.3,6.3,14.8,8.1,11,7.2,7.3,7.1,10.2,7,11.9,6.8,14,9,6.8,4.2,8.9,5.1,8.7,7.3,6.4,9,6.6,,,,,,,,,,,,,,,,,,,,,,,,,,,,,,,,,,,,,,,,,28.8,29.2,29.1,28.9,28.9,29.9,28.9,29.1,29.1,28.4,28.7,28.8,28.4,27,29.1,28.4,29.3,28.7,28.6,28.9,28.8,29.6,28.7,29,27,28.1,28.6,29.7,28.7,29.1,28.7,82,77,77,83,80,78,80,78,81,80,80,82,82,85,82,84,78,80,80,84,80,80,83,80,88,85,86,78,84,79,84,0,0,0,0.1,0,0,0,0,0,0.4,0,0,0.1,10.4,0,1,0,0,0.4,0.1,0.1,0,0.1,0,0.4,0.8,0.5,0,0,0.1,0.2,21.4,10.8,14.6,23.7,17,19.2,23.4,17.7,21.5,25.5,21.2,24.8,28.4,49.1,14.1,18.4,13.3,26.3,23.8,18.4,16.8,25.4,18.5,20.3,18.8,28.9,25.9,23.9,23.5,15.6,19.9,32.8,11.9,18,32.4,22.3,23.8,31,24.1,28.8,36,26.3,36.4,41.8,65.5,18,25.6,16.2,37.8,37.4,26.6,22,35.6,26.6,30.6,27.7,41.8,41.8,30.2,33.8,19.8,30.6,,,,,,22.2204,114.2127
2026-08-22T19:00,29.2,28.3,29.6,30.2,28,28.3,28.4,29.5,28,29.2,28.4,28.3,28.5,28.1,28.9,27.7,30,28.8,28.6,28.4,29.4,28.7,28.9,28.2,28.9,29.5,27.7,28.6,28.9,28.5,28.7,28.1,28.8,28.7,28.5,28.3,27.9,29.4,28.3,28.1,82,86,84,78,89,87,92,83,85,83,87,89,86,87,82,89,78,85,85,88,83,84,84,86,86,80,89,84,83,88,86,88,86,86,85,85,87,79,88,86,0,2.4,0.3,0,0.5,0.2,1.9,0.1,0,0.7,0.8,1.8,0,0.1,0,0.1,0.1,0.3,0.3,1.4,0,0,0,2.2,0,0.1,0,0.1,0,0.1,0.1,0.4,0,0.2,0.1,0.8,0.4,0,0.1,0,7.4,5.6,3.8,5.1,15.9,10.3,18.1,5.3,5.5,4.7,8.2,19.3,6.8,6.4,7.5,4.7,6.8,6.3,5.6,13.7,7.1,9.9,5.7,5.7,6.2,9.1,6,9.8,6,14.1,7.5,5.6,4.3,8.5,5.1,7.9,5.9,4.8,7.8,6.4,,,,,,,,,,,,,,,,,,,,,,,,,,,,,,,,,,,,,,,,,28.7,29.1,28.8,28.7,28.6,29.6,28.8,28.9,28.8,28.3,28.4,28.6,28.2,26.3,28.9,28.5,29,28.6,28.5,28.7,28.5,29.4,28.6,28.8,27.3,28,28.5,29.5,28.5,28.9,28.5,83,78,79,84,82,79,81,78,82,81,82,83,83,89,83,85,79,82,82,86,81,81,84,81,88,85,87,80,84,80,84,0,0,0,0.1,0,0,0,0,0,0.4,0,0,0.1,10.4,0,1,0,0,0.4,0.1,0.1,0,0.1,0,0.4,0.8,0.5,0,0,0.1,0.2,21.7,12,13,21.8,16.7,18.9,21.7,16.6,20.4,25.2,20,24,29.2,50.6,12.5,15.5,11.6,23,23.7,18.1,19.9,26.4,19.1,20,19.3,28.4,24.1,23.4,22.1,15.6,18.9,34.2,13.7,16.6,29.5,21.6,24.5,29.9,22.7,27.4,37.1,26.6,36.4,41.8,67.3,15.1,21.2,14.8,33.1,38.2,25.9,26.6,36.7,29.2,32.4,29.9,41,39.6,30.6,33.1,20.5,29.5,,,,,,22.2204,114.2127
2026-08-22T20:00,28.8,27.8,29.2,29.6,28,28,28.4,29.3,27.7,28.7,28.1,28.2,28.2,27.8,28.5,27.5,29.8,28.7,28.4,28.1,28.9,28.4,28.7,28,28.7,29,27.6,28.2,28.7,28.4,28.4,28,28.5,28.5,28.3,28,27.7,29,28.2,27.9,84,88,85,81,90,88,92,84,87,85,88,89,88,88,84,90,79,86,86,89,85,86,85,87,88,82,90,86,84,89,87,88,87,87,86,86,88,82,89,87,0,2.4,0.3,0,0.5,0.2,1.9,0.1,0,0.7,0.8,1.8,0,0.1,0,0.1,0.1,0.3,0.3,1.4,0,0,0,2.2,0,0.1,0,0.1,0,0.1,0.1,0.4,0,0.2,0.1,0.8,0.4,0,0.1,0,6.8,4.2,3.3,4.9,15.5,9.5,18.6,4.2,4.3,3.7,7.9,19.2,5.5,5.6,6.5,4.8,6.5,5.6,4.8,12.7,6.4,8.8,4.7,4.6,5.4,7.9,5.2,8.5,5.6,13.8,6.3,5,4.3,7.9,5.2,7.3,4.8,3.8,7.1,6.1,,,,,,,,,,,,,,,,,,,,,,,,,,,,,,,,,,,,,,,,,28.6,29,28.5,28.5,28.4,29.4,28.7,28.8,28.6,28.2,28.3,28.5,28,25.9,28.7,28.5,28.8,28.5,28.3,28.5,28.3,29.3,28.5,28.7,27.6,27.9,28.4,29.3,28.3,28.7,28.3,84,79,81,84,84,80,82,79,83,82,83,84,83,91,84,85,80,83,83,87,82,82,85,82,88,86,87,81,85,82,85,0,0,0,0.1,0,0,0,0,0,0.4,0,0,0.1,10.4,0,1,0,0,0.4,0.1,0.1,0,0.1,0,0.4,0.8,0.5,0,0,0.1,0.2,21.8,12.1,11.9,20.1,16.3,18.9,20.7,16.4,19.4,25,19.5,23.2,28.8,50.3,11.4,13.5,10.7,19.9,24.1,18.1,22.3,26.4,19.5,21,20.2,28.4,24,23.5,21.8,16.1,18.2,34.9,14.4,15.8,27.4,21.2,25.2,29.2,22,26.3,37.8,27.4,36,40.7,67.7,13,18.7,13.7,29.5,38.9,26.3,30.6,36.7,30.6,33.5,32,40.7,39.6,31.3,33.5,21.2,28.8,,,,,,22.2204,114.2127
2026-08-22T21:00,28.5,27.5,28.9,29.2,27.9,27.8,28.5,29.1,27.5,28.5,27.9,28.1,28,27.6,28.2,27.4,29.6,28.6,28.3,28,28.6,28.2,28.6,27.8,28.5,28.7,27.5,27.9,28.5,28.3,28.2,27.9,28.3,28.4,28.1,27.8,27.6,28.7,28.1,27.7,85,89,86,83,90,89,92,85,89,87,89,89,90,89,86,91,80,87,87,90,87,87,86,88,89,84,90,87,85,89,88,88,88,88,87,87,89,84,90,88,0,0.1,0.1,0.3,0.7,0.1,3.4,0,0,0.1,0.5,0.8,0,0,0,0,0,0,0,0.7,0,0,0,0.9,0,0,0.2,0.4,0,0.3,0.1,0.7,0.2,0.2,0.5,0.3,0,0,1.4,0.5,6.5,3.5,3.1,5,15.1,8.9,19.4,3.1,3.8,3.1,8,19.2,4.6,5.2,5.5,4.7,6.3,4.9,4.3,12.4,5.7,8,4.2,4.1,4.6,7.2,4.7,7.9,5.2,13.5,5.5,4.4,4.3,7.4,4.9,7,3.8,3.6,6.6,5.9,,,,,,,,,,,,,,,,,,,,,,,,,,,,,,,,,,,,,,,,,28.5,28.9,28.4,28.4,28.3,29.3,28.6,28.7,28.4,28.1,28.2,28.4,27.9,26.2,28.6,28.4,28.7,28.4,28.3,28.4,28.3,29.3,28.4,28.6,27.7,28,28.3,29.1,28.2,28.5,28.3,85,79,82,84,85,81,83,80,84,82,84,85,83,90,85,86,80,84,84,88,82,82,86,83,88,86,87,82,85,83,85,0.1,0,0,0,0,0,0,0,0.1,0.6,0,0.6,0,6.6,0,0.2,0,0.1,0.8,0.5,0.1,0.2,0,0,1.4,1,3.3,0.6,0.1,0,0.2,21.8,11.4,11.9,19.3,15.5,19.7,20.7,17.1,18.5,24.9,19.1,22.7,25.4,47.1,11.4,13.3,10.5,18,24.8,18.9,22.7,24.5,18.9,21.4,21.6,28.3,27.6,24.5,22.4,16.6,18.2,34.6,13.7,16.6,27,20.5,27.4,29.9,23,25.6,36.7,28.1,35.3,37.1,64.8,12.6,19.4,13.7,27.4,39.6,27.7,33.5,33.8,30.2,33.8,33.5,41,43.9,32.8,35.3,22,28.8,,,,,,22.2204,114.2127
2026-08-22T22:00,28.3,27.3,28.6,29,27.9,27.7,28.6,28.8,27.2,28.3,27.8,28.1,27.8,27.5,28.1,27.2,29.4,28.5,28.1,27.9,28.4,28,28.5,27.7,28.3,28.5,27.6,27.8,28.3,28.2,28.1,27.7,28,28.2,27.9,27.7,27.5,28.5,28,27.6,86,90,87,85,90,89,91,87,91,88,89,90,91,90,87,92,81,87,88,90,88,88,86,88,91,85,90,88,86,90,89,89,89,89,88,88,91,85,90,88,0,0.1,0.1,0.3,0.7,0.1,3.4,0,0,0.1,0.5,0.8,0,0,0,0,0,0,0,0.7,0,0,0,0.9,0,0,0.2,0.4,0,0.3,0.1,0.7,0.2,0.2,0.5,0.3,0,0,1.4,0.5,6.5,3.2,2.8,5.2,15.1,8.9,21,2.5,3.3,2.6,8,19.2,4,4.5,4.8,4.7,6.4,3.9,3.8,12.4,5,7.1,3.2,3.9,3.9,6.8,4.7,7.1,4.8,12.9,4.4,4.1,4.1,6.6,4.2,6.5,3.1,3.4,5.9,5.4,,,,,,,,,,,,,,,,,,,,,,,,,,,,,,,,,,,,,,,,,28.4,28.8,28.4,28.4,28.2,29.2,28.6,28.7,28.3,28.1,28.3,28.4,27.9,26.7,28.5,28.3,28.6,28.3,28.3,28.4,28.3,29.4,28.3,28.6,27.7,28,28.3,29,28.2,28.5,28.3,85,80,82,85,86,81,84,81,85,83,84,85,82,88,86,87,80,85,84,89,83,82,86,83,89,86,86,82,86,84,85,0.1,0,0,0,0,0,0,0,0.1,0.6,0,0.6,0,6.6,0,0.2,0,0.1,0.8,0.5,0.1,0.2,0,0,1.4,1,3.3,0.6,0.1,0,0.2,21.4,10.1,12.6,19.1,14.4,20.7,21.5,18.4,17.6,24.5,19.6,22.2,20.8,42.5,11.6,14.7,10.3,16.3,26,19.9,22.5,21.4,18.3,21.4,23.1,28.1,33,25.5,24.1,16.7,18.9,33.5,12.6,17.6,27.7,19.8,29.5,31.3,24.5,24.8,35.3,29.2,34.2,32.8,60.5,13,22,14,26.3,40.3,29.9,36,29.5,28.8,33.8,34.9,41.4,50,34.6,37.4,22.7,28.8,,,,,,22.2204,114.2127
2026-08-22T23:00,28.1,27.2,28.4,28.8,27.9,27.6,28.7,28.6,27,28.1,27.6,28,27.6,27.4,28,27.1,29.2,28.5,28,27.8,28.3,27.8,28.4,27.5,28.1,28.3,27.6,27.7,28.1,28.2,28,27.5,27.8,28.1,27.8,27.6,27.4,28.3,27.9,27.5,87,91,88,86,90,89,90,88,92,89,90,90,92,90,88,93,82,88,89,90,90,89,87,89,93,86,90,89,87,90,90,90,90,89,89,88,92,87,91,89,0,0.1,0.1,0.3,0.7,0.1,3.4,0,0,0.1,0.5,0.8,0,0,0,0,0,0,0,0.7,0,0,0,0.9,0,0,0.2,0.4,0,0.3,0.1,0.7,0.2,0.2,0.5,0.3,0,0,1.4,0.5,6.4,3.4,2.9,5.6,14.8,8.7,22.8,1.6,2.9,2.3,7.9,19.3,3.3,3.7,3.9,4.4,6.8,3.2,3.3,12.8,4.5,6.6,2.7,4.2,3.2,6.1,4.9,6.6,4,12.1,3.6,4.1,3.8,5.9,3.7,6.3,2.4,3.7,5.4,5.1,,,,,,,,,,,,,,,,,,,,,,,,,,,,,,,,,,,,,,,,,28.4,28.7,28.3,28.4,28.2,29.2,28.5,28.6,28.2,28.1,28.3,28.4,27.9,27,28.4,28.1,28.5,28.2,28.2,28.3,28.3,29.4,28.2,28.5,27.7,28,28.3,29,28.1,28.4,28.3,85,80,83,85,86,81,84,82,86,83,85,85,82,86,87,87,80,86,84,89,83,82,86,84,89,86,86,82,86,84,85,0.1,0,0,0,0,0,0,0,0.1,0.6,0,0.6,0,6.6,0,0.2,0,0.1,0.8,0.5,0.1,0.2,0,0,1.4,1,3.3,0.6,0.1,0,0.2,20.9,9,12.6,18.3,13.7,21.3,22,18.8,16.6,24,20.3,21.9,19.4,40.5,11.7,16.4,10.3,15.3,27.1,20.5,22.1,19,17.8,21.2,23.6,27.9,36.6,26.5,25.1,17.1,19.1,32,11.2,18.4,27,19.4,31.3,32.4,25.9,24.1,33.5,29.9,33.5,31.3,56.9,13.7,24.8,14,25.6,41.4,31.7,37.4,26.3,28.4,33.1,34.6,41.4,54.4,36.4,39.6,23,29.2,,,,,,22.2204,114.2127
2026-08-23T00:00,27.9,27.1,28.1,28.6,27.9,27.6,28.8,28.4,26.8,28,27.5,27.9,27.5,27.4,27.9,26.9,29,28.5,27.9,27.7,28.1,27.7,28.4,27.4,27.9,28.1,27.7,27.6,28,28.1,27.9,27.3,27.6,28,27.6,27.5,27.3,28.2,27.8,27.5,88,91,89,87,90,89,89,89,94,90,90,90,93,91,89,94,83,88,89,90,91,89,87,89,94,87,90,90,88,90,90,91,91,90,90,89,93,88,91,90,0,0.1,0.1,0.3,0.7,0.1,3.4,0,0,0.1,0.5,0.8,0,0,0,0,0,0,0,0.7,0,0,0,0.9,0,0,0.2,0.4,0,0.3,0.1,0.7,0.2,0.2,0.5,0.3,0,0,1.4,0.5,6.3,3.6,2.7,6.2,14.2,8.5,24.1,1.5,2.5,2.1,8,19.3,2.9,3.1,3.3,4,7.3,2.3,3.1,12.8,3.9,5.8,2.7,4.3,2.6,5.8,5.3,6.2,3.7,11.7,2.9,3.8,3.3,4.9,3.1,6.2,1.8,4.3,5,4.6,,,,,,,,,,,,,,,,,,,,,,,,,,,,,,,,,,,,,,,,,28.3,28.6,28.2,28.3,28.2,29.3,28.4,28.5,28.1,28,28.1,28.4,27.9,26.7,28.3,28,28.3,28.1,28.2,28.2,28.3,29.5,28.1,28.3,27.7,27.9,28.3,28.9,28.1,28.3,28.2,85,80,84,85,86,80,84,83,86,83,86,85,82,87,88,87,81,86,85,89,83,82,86,85,89,87,86,82,86,84,86,0.2,0.6,0,0,0.3,0.3,0.7,0.1,0.4,0.5,0.2,1,0.7,1.7,0,0.4,0,0.9,2.2,1.9,0.1,0.6,0.1,0.2,0.9,1.6,2,0.4,0.9,0.1,0.1,20.6,8.4,11.9,16.7,13.4,21.9,22.3,18.6,15.8,22.9,21.3,21.8,23.8,41,11.2,17.6,10.2,14.8,28.1,20.9,21.9,18.7,18.2,20.5,21.6,27.2,37.5,27.2,26.2,16.3,19.1,31,10.1,17.6,24.5,19.4,32,33.1,26.3,23,32.4,31,33.1,36.7,55.8,14.4,27.7,13.7,25.9,42.8,32.4,37.4,25.9,29.9,31.3,31,40.3,55.1,38.2,41.4,22,29.5,,,,,,22.2204,114.2127
2026-08-23T01:00,27.8,27.1,27.9,28.5,27.9,27.6,28.9,28.2,26.6,28,27.4,27.9,27.5,27.3,27.9,26.8,28.9,28.5,27.8,27.7,28,27.6,28.4,27.3,27.8,28,27.7,27.6,27.9,28.1,27.8,27.2,27.4,27.9,27.5,27.4,27.3,28.1,27.8,27.4,88,92,90,87,90,89,88,90,95,91,90,91,94,91,89,95,84,89,90,90,92,90,88,90,95,87,89,90,88,89,91,91,92,91,91,90,94,88,92,91,0,0.1,0.1,0.3,0.7,0.1,3.4,0,0,0.1,0.5,0.8,0,0,0,0,0,0,0,0.7,0,0,0,0.9,0,0,0.2,0.4,0,0.3,0.1,0.7,0.2,0.2,0.5,0.3,0,0,1.4,0.5,6.4,3.3,3,6.5,13.7,8.4,25.3,1.8,2.3,2.3,7.9,19,2.3,2.6,2.8,3.8,8,1.3,2.9,13.1,3.8,5,2.3,4.7,2.2,5.1,5.7,6.1,2.9,10.9,3,3.6,3.1,4.4,2.3,6.1,1.5,4.7,4.7,4.4,,,,,,,,,,,,,,,,,,,,,,,,,,,,,,,,,,,,,,,,,28.1,28.5,28.1,28.2,28.2,29.4,28.3,28.3,28,28,28,28.3,27.9,26.2,28.2,27.9,28.1,27.9,28.1,28.1,28.2,29.5,28.1,28.1,27.6,27.8,28.3,28.9,28.1,28.2,28.1,85,81,84,86,85,78,83,84,86,83,86,84,82,88,88,86,83,86,86,89,84,81,86,85,89,87,85,82,85,83,86,0.2,0.6,0,0,0.3,0.3,0.7,0.1,0.4,0.5,0.2,1,0.7,1.7,0,0.4,0,0.9,2.2,1.9,0.1,0.6,0.1,0.2,0.9,1.6,2,0.4,0.9,0.1,0.1,20.5,7.9,11.6,14.8,13.9,22.7,22.2,17.7,14.7,20.8,22.2,21.8,31.6,42.6,10.8,18.7,10.1,15.5,28.6,21.3,21.6,19.3,18.8,19,18.1,26.4,37.8,27.8,27.4,15.3,19.2,29.9,9,16.2,20.9,19.8,31.7,33.5,26.6,22,31.3,31.7,33.1,45.4,55.8,14.8,30.6,13.3,26.6,44.6,32.4,36,26.6,31.7,29.5,25.9,38.5,54,39.6,42.8,20.5,29.5,,,,,,22.2204,114.2127
2026-08-23T02:00,27.8,27,27.7,28.3,27.9,27.5,29,28.1,26.5,27.9,27.3,27.8,27.5,27.3,27.8,26.7,28.8,28.5,27.8,27.7,27.9,27.6,28.4,27.2,27.8,27.9,27.8,27.6,27.8,28.2,27.7,27.1,27.2,27.9,27.4,27.4,27.3,28,27.7,27.4,88,92,90,88,90,89,88,91,96,92,90,91,94,91,90,95,84,89,90,90,92,90,88,90,95,88,89,90,89,89,91,92,92,91,91,90,95,89,92,91,0,0.1,0.1,0.3,0.7,0.1,3.4,0,0,0.1,0.5,0.8,0,0,0,0,0,0,0,0.7,0,0,0,0.9,0,0,0.2,0.4,0,0.3,0.1,0.7,0.2,0.2,0.5,0.3,0,0,1.4,0.5,6.4,3.6,2.9,6.8,13.2,8,26.3,2,2.1,2.2,8.2,18.9,2.1,2.2,2.4,3.4,8.3,1.1,2.4,12.7,3.6,4.3,1.9,4.6,2.3,4.7,5.9,6.1,2.6,10.4,2.9,3.4,3.1,3.9,2,5.8,1.8,4.7,4.6,4.1,,,,,,,,,,,,,,,,,,,,,,,,,,,,,,,,,,,,,,,,,28.1,28.4,28,28.2,28.2,29.5,28.3,28.2,28,27.9,27.8,28.3,27.9,25.9,28.1,27.8,28,27.8,28,28,28.1,29.4,28.1,28,27.5,27.7,28.3,28.9,28.1,28.2,28,85,81,85,86,85,77,83,84,86,83,86,84,82,89,88,86,84,86,86,88,84,81,86,85,89,88,85,82,85,82,87,0.2,0.6,0,0,0.3,0.3,0.7,0.1,0.4,0.5,0.2,1,0.7,1.7,0,0.4,0,0.9,2.2,1.9,0.1,0.6,0.1,0.2,0.9,1.6,2,0.4,0.9,0.1,0.1,19.2,6.4,11.3,12.9,14.8,22.5,22.2,17,13.7,18.6,22.7,21.4,36.4,43.1,10.6,19.8,9.6,15.9,29.2,21.9,21,18.4,19.3,19,16.6,25.3,37.4,27.6,27.5,14.6,18.9,27.7,8.6,15.1,18,20.2,30.6,33.5,26.3,20.2,29.2,32,32.4,50.4,55.4,15.1,32.4,12.2,26.6,45.7,32.8,34.6,25.9,33.1,29.2,23.4,36.7,51.8,40.3,42.1,19.4,28.8,,,,,,22.2204,114.2127
2026-08-23T03:00,27.7,26.9,27.6,28.2,27.9,27.5,28.9,28,26.5,27.9,27.3,27.8,27.5,27.2,27.8,26.7,28.8,28.5,27.8,27.7,27.8,27.5,28.4,27.1,27.8,27.8,27.9,27.7,27.8,28.2,27.6,27,27.1,27.8,27.3,27.4,27.3,28,27.7,27.4,88,92,90,89,90,89,88,91,96,92,90,91,94,91,90,95,84,89,90,90,92,90,88,90,95,89,89,90,90,89,91,93,92,91,91,90,95,89,93,91,0,0.5,0.5,2.1,0.6,0.3,3.4,0,0,0,0.1,1.1,0,0,0.3,0,0,0,0,0.4,0,0,0,0.6,0,0.8,0,0.7,0,0.2,0.8,0.7,0.2,0.3,0.1,0.3,0,0.4,2.3,2.8,6.4,3.6,2.9,6.9,12.5,7.7,26.3,2.3,2,2.2,8.2,18.5,1.5,2.2,2.3,3.4,8.6,1.8,1.8,12,3.5,3.3,1.6,4.5,2.6,4.3,5.6,6.1,2,10.1,2.9,3.2,3.1,3.6,1.8,5.1,2.3,4.5,4.2,4.1,,,,,,,,,,,,,,,,,,,,,,,,,,,,,,,,,,,,,,,,,28.1,28.3,27.9,28.1,28.1,29.5,28.2,28.2,27.9,27.7,27.8,28.3,27.9,25.9,28,27.8,27.8,27.8,28,27.9,27.9,29.3,28,28,27.5,27.7,28.2,28.8,28,28,27.9,84,81,86,86,85,76,83,83,86,84,85,84,82,88,88,86,85,86,86,87,85,82,86,84,89,88,85,82,85,82,87,0.4,0.1,0.2,0.1,0.2,0.1,0,0.1,0.7,0.7,0.1,1.2,0.8,1.9,0.1,0.9,0,1,3.4,1.9,0.7,2.6,0.6,0.2,1.4,1.1,0.9,0.6,1.5,0.3,0.5,16.3,4,10.8,10.7,14.8,20.5,21.9,16.7,12.2,15.3,21.9,20.2,34.4,41.6,10.5,19.8,8,15.8,29.3,22.5,19.8,14.5,18.6,21,18.1,23.5,35.5,26.1,24.9,15,18,23.8,9,14.8,15.1,20.5,27.4,32.8,25.9,17.6,24.8,31.7,30.2,48.6,54.7,14.8,32.8,10.4,25.6,46.1,33.8,32.4,20.9,32.8,32.4,25.6,35.3,47.5,39.2,37.8,19.4,26.6,,,,,,22.2204,114.2127
2026-08-23T04:00,27.7,26.8,27.4,28,27.9,27.4,28.9,28.1,26.6,27.9,27.2,27.8,27.5,27.2,27.7,26.7,28.7,28.4,27.8,27.7,27.7,27.5,28.4,27,27.8,27.6,28,27.7,27.7,28.4,27.5,26.9,27.1,27.8,27.3,27.4,27.2,27.9,27.7,27.4,88,92,90,90,91,89,88,91,96,93,90,91,94,91,91,95,84,90,90,89,92,91,89,90,94,90,90,90,90,88,91,93,92,91,91,91,95,89,93,91,0,0.5,0.5,2.1,0.6,0.3,3.4,0,0,0,0.1,1.1,0,0,0.3,0,0,0,0,0.4,0,0,0,0.6,0,0.8,0,0.7,0,0.2,0.8,0.7,0.2,0.3,0.1,0.3,0,0.4,2.3,2.8,5.9,3.7,3,6.9,11.6,7.1,26.4,2.6,2.4,2.7,7.4,18.1,0.5,2.2,2.2,3.4,8.6,3,1.6,10.6,4.1,1.9,1.8,4,3.1,3.6,4.6,6.2,2.1,9.7,3.3,2.7,2.8,3.3,1.6,4.5,3.4,4.1,4,3.9,,,,,,,,,,,,,,,,,,,,,,,,,,,,,,,,,,,,,,,,,28.1,28.2,27.7,28.1,27.9,29.5,28.2,28.2,27.7,27.5,27.9,28.3,27.8,26.1,28,27.8,27.8,27.7,28.1,27.9,27.7,29,28,28.1,27.5,27.6,28.2,28.7,28,27.9,27.8,83,81,87,86,86,76,84,82,87,84,85,83,83,86,88,87,86,87,85,86,86,83,85,82,89,88,84,81,85,82,87,0.4,0.1,0.2,0.1,0.2,0.1,0,0.1,0.7,0.7,0.1,1.2,0.8,1.9,0.1,0.9,0,1,3.4,1.9,0.7,2.6,0.6,0.2,1.4,1.1,0.9,0.6,1.5,0.3,0.5,12.9,5.2,10.3,8.9,14.3,17.4,21.3,17,10.6,12.3,20.9,18.6,29.1,39.3,10.1,19.5,6.2,15.4,29.3,23.5,18.4,10,17.2,24.7,21.6,21.2,32,24,20.5,15.8,16.5,18.7,9.7,14,13,20.9,23.4,31.7,25.2,14.4,19.4,31,27.4,43.2,54,14,32,7.9,24.1,45.7,35.3,29.9,14.4,31.7,37.4,30.6,34.2,42.1,37.1,31.3,19.8,24.1,,,,,,22.2204,114.2127
2026-08-23T05:00,27.7,26.7,27.3,27.8,27.8,27.3,28.8,28.2,26.7,28,27.1,27.8,27.5,27.1,27.6,26.8,28.7,28.3,27.8,27.7,27.6,27.4,28.5,27,27.9,27.5,28.1,27.9,27.6,28.5,27.5,26.9,27.1,27.8,27.3,27.4,27.2,27.9,27.7,27.5,88,92,89,91,91,89,88,91,95,93,90,91,94,91,91,94,84,91,90,89,92,91,89,90,93,91,90,89,91,88,91,94,91,91,91,91,95,89,94,91,0,0.5,0.5,2.1,0.6,0.3,3.4,0,0,0,0.1,1.1,0,0,0.3,0,0,0,0,0.4,0,0,0,0.6,0,0.8,0,0.7,0,0.2,0.8,0.7,0.2,0.3,0.1,0.3,0,0.4,2.3,2.8,5.5,3.9,2.7,6.6,10.6,6.8,25.8,2.8,2.7,2.9,7.2,17.6,0.5,2.2,2.2,3.3,8.7,4.3,1.8,9.2,4.7,1.5,1.8,4,3.8,3.2,3.6,6.2,2.2,9.8,3.8,2.3,2.5,2.9,1.8,3.7,4.3,3.8,3.6,3.9,,,,,,,,,,,,,,,,,,,,,,,,,,,,,,,,,,,,,,,,,28.2,28.2,27.6,28.2,27.9,29.5,28.2,28.2,27.7,27.4,27.9,28.3,27.8,26.4,28,27.9,27.7,27.8,28.2,28,27.7,28.9,28,28.2,27.5,27.7,28.2,28.6,28.1,27.9,27.7,82,81,87,86,86,76,84,81,87,85,84,83,83,85,87,87,86,87,84,85,86,83,85,81,88,87,84,81,84,82,87,0.4,0.1,0.2,0.1,0.2,0.1,0,0.1,0.7,0.7,0.1,1.2,0.8,1.9,0.1,0.9,0,1,3.4,1.9,0.7,2.6,0.6,0.2,1.4,1.1,0.9,0.6,1.5,0.3,0.5,11.1,8.6,9,8.9,14.2,15.2,20.4,16.5,9.7,9.5,19.9,17.8,25.3,37.1,9.5,19.1,4.7,14.4,28.7,23.7,17.3,8.7,17.1,27,23.9,19.9,29.1,22.4,17,15.5,15.1,14.4,11.2,13,13,21.2,19.8,30.2,23.8,12.6,14.8,29.9,25.2,39.6,52.6,13,31,6.1,22,45,36.4,28.1,11.2,31.3,41,34.2,33.5,38.2,35.3,25.6,19.1,21.6,,,,,,22.2204,114.2127
2026-08-23T06:00,27.8,26.7,27.3,27.7,27.9,27.2,28.6,28.3,26.9,28.1,27.1,27.8,27.7,27.1,27.6,26.9,28.7,28.3,27.9,27.7,27.5,27.5,28.6,27,28,27.5,28.2,28,27.7,28.7,27.4,26.9,27.1,27.9,27.3,27.5,27.3,27.9,27.7,27.6,88,91,89,91,91,89,89,91,94,92,90,91,94,91,91,93,84,91,90,89,91,91,89,90,92,92,91,88,91,87,91,94,91,91,91,91,94,88,94,91,0,0.5,0.5,2.1,0.6,0.3,3.4,0,0,0,0.1,1.1,0,0,0.3,0,0,0,0,0.4,0,0,0,0.6,0,0.8,0,0.7,0,0.2,0.8,0.7,0.2,0.3,0.1,0.3,0,0.4,2.3,2.8,5.3,4,2.9,6.6,9.9,6.2,25.5,2.8,3.3,3.3,6.7,17.3,1.3,2.2,1.8,3.1,8.7,5.8,2.7,7.7,5.4,2.4,2.2,3.8,4.4,2.9,2.6,6.6,2.2,9.5,4.2,1.9,2.6,3.1,2.5,3.6,5.2,3.7,3.6,3.9,,,,,,,,,,,,,,,,,,,,,,,,,,,,,,,,,,,,,,,,,28.3,28,27.7,28.3,27.9,29.5,28.2,28.3,27.8,27.4,27.9,28.4,27.8,26.6,28,27.9,27.8,27.9,28.3,28,27.8,28.9,28.1,28.2,27.7,27.9,28.2,28.7,28.3,28,27.9,81,82,87,85,86,76,83,80,86,85,84,82,83,85,86,86,86,86,84,85,85,83,84,81,87,86,84,81,83,81,86,0.1,0,0.3,2.8,0.4,0,0,0,0.9,0.6,0.3,0.4,0.9,0.5,0.4,1.7,0,0.4,2.7,0.9,1.2,1.2,0.8,0.1,0.8,0.4,2.2,0.3,0.7,0.2,0.3,9,11.1,6.8,13,14.5,14.3,19.8,15.1,9.4,6.3,18.8,17.8,25.1,34.7,8,18.4,3.6,13.1,27.7,23.2,17.6,9.8,18.6,27.5,24.3,20.5,27.2,22.6,15.1,12.8,14,11.2,13.3,9.7,18,21.2,18,28.4,21.6,12.6,11.2,27.7,23.8,39.6,49.3,10.4,29.5,5,19.4,43.6,36.7,27.7,14.4,32.8,41.8,35.3,33.5,37.1,34.9,22,16.2,19.4,,,,,,22.2204,114.2127
2026-08-23T07:00,27.9,26.7,27.4,27.7,27.9,27.2,28.6,28.4,27.2,28.2,27.2,27.8,27.9,27.2,27.7,27,28.8,28.4,28.1,27.8,27.5,27.6,28.7,27,28.2,27.6,28.3,28.2,27.8,28.8,27.4,26.9,27.2,28,27.4,27.6,27.5,28,27.8,27.6,87,91,87,92,91,89,89,90,92,92,89,91,93,90,91,92,83,90,89,88,90,90,89,89,90,91,91,87,90,86,91,94,90,90,91,90,93,88,94,91,0,0.5,0.5,2.1,0.6,0.3,3.4,0,0,0,0.1,1.1,0,0,0.3,0,0,0,0,0.4,0,0,0,0.6,0,0.8,0,0.7,0,0.2,0.8,0.7,0.2,0.3,0.1,0.3,0,0.4,2.3,2.8,5.2,4,2.8,6.4,9.7,6.1,25.3,2.5,3.3,3.3,6.5,17,1.8,2.5,1.8,3.1,8.8,6.5,3.4,7,6.1,3.4,2.5,4,4.7,2.5,1.9,7.1,2.6,9.6,4.8,1.5,2.6,3.3,3,3.7,5.2,3.9,3.6,3.6,,,,,,,,,,,,,,,,,,,,,,,,,,,,,,,,,,,,,,,,,28.4,27.9,27.9,28.5,28,29.5,28.3,28.4,28,27.6,28,28.5,27.9,26.9,28.1,28,27.9,28.1,28.3,28.1,28,29,28.2,28.3,27.9,28.2,28.2,28.8,28.5,28.3,28.1,81,83,86,83,85,76,82,80,84,84,84,81,83,85,85,85,85,84,83,84,84,82,84,81,86,85,84,81,82,80,84,0.1,0,0.3,2.8,0.4,0,0,0,0.9,0.6,0.3,0.4,0.9,0.5,0.4,1.7,0,0.4,2.7,0.9,1.2,1.2,0.8,0.1,0.8,0.4,2.2,0.3,0.7,0.2,0.3,6.5,13,4.2,19,14.7,14.1,18.8,13.4,10.9,2.9,17.6,17.8,26.5,32.7,6,17.3,3.3,12,26.3,22,18.4,14.5,21,27.2,23.8,21.7,26.6,23.7,13.5,9.2,13.2,8.6,15.8,5.8,25.2,21.2,16.9,26.6,19.1,13.7,8.6,25.2,23,41.4,45.4,7.6,28.1,4.7,16.2,41.8,36.4,27.7,20.9,35.3,41,34.9,34.2,37.8,34.9,19.1,12.2,18,,,,,,22.2204,114.2127
2026-08-23T08:00,28.1,26.7,27.6,27.8,28,27.3,28.5,28.6,27.5,28.4,27.2,27.8,28.2,27.4,27.8,27.2,29,28.6,28.3,27.9,27.7,27.8,28.9,27.2,28.5,27.9,28.5,28.5,28,29.1,27.5,27,27.3,28.2,27.4,27.7,27.8,28.1,28,27.7,86,90,86,91,91,88,89,89,90,91,89,91,91,89,90,91,82,89,88,87,89,89,88,88,88,90,90,86,89,85,90,94,89,89,90,90,91,87,94,91,0,0.5,0.5,2.1,0.6,0.3,3.4,0,0,0,0.1,1.1,0,0,0.3,0,0,0,0,0.4,0,0,0,0.6,0,0.8,0,0.7,0,0.2,0.8,0.7,0.2,0.3,0.1,0.3,0,0.4,2.3,2.8,5.4,4.4,2.6,6.4,9.6,5.9,24.8,2.1,3,2.8,6.8,16.7,1.5,2.9,1.8,3.4,9.1,6.8,3.7,6.6,6.8,4,2.6,4.3,4.8,2.6,1.8,8.1,3.1,10,5,1.8,3.1,3.8,3.3,4.3,4.8,4.6,3.6,3.6,,,,,,,,,,,,,,,,,,,,,,,,,,,,,,,,,,,,,,,,,28.7,27.9,28.2,28.7,28.2,29.6,28.3,28.6,28.2,27.7,28.1,28.6,28,27.1,28.3,28.2,28.1,28.4,28.5,28.3,28.3,29.1,28.3,28.4,28.1,28.5,28.3,28.9,28.8,28.5,28.3,80,83,84,81,84,76,81,79,82,84,84,80,82,85,84,84,83,82,83,84,82,81,83,81,85,84,83,80,80,79,82,0.1,0,0.3,2.8,0.4,0,0,0,0.9,0.6,0.3,0.4,0.9,0.5,0.4,1.7,0,0.4,2.7,0.9,1.2,1.2,0.8,0.1,0.8,0.4,2.2,0.3,0.7,0.2,0.3,5.2,14.2,1.9,22.9,15.1,13.2,17.1,12.3,12.4,3.3,16.8,18.1,27.3,31.4,4.7,17,3.1,11.3,24.8,21.5,19.4,18.9,23.8,26.5,24.3,22.6,25.6,24.1,12.9,7,13.2,7.9,18,3.2,29.9,22,15.8,23.8,16.9,15.1,9.4,23.4,23,42.1,42.8,5.8,27,4.7,14,40,36,27.4,25.6,38.2,40,35.6,34.6,37.1,34.2,17.3,9.7,17.3,,,,,,22.2204,114.2127
2026-08-23T09:00,28.4,26.8,28.1,28.2,28.2,27.6,28.6,28.9,28.1,28.6,27.4,27.9,28.7,27.7,28,27.6,29.4,29.2,28.7,28.1,28,28.2,29.2,27.6,29,28.5,28.9,28.9,28.5,29.4,27.8,27.2,27.5,28.6,27.6,28,28.4,28.2,28.3,27.7,84,89,84,89,90,87,89,87,87,90,88,91,88,87,89,89,80,86,86,86,87,87,86,86,85,87,88,84,87,83,89,93,88,87,89,89,88,86,93,91,0.5,0.4,0.1,0.4,0.3,0.4,2.7,1.7,0.1,0.7,0.1,1.4,0,0,1.5,0.1,0.4,0.1,0.5,0.4,0,0.1,0.7,0.9,0.1,0.2,0.3,0.2,0,0.7,0,0.7,0.8,0.7,0.4,0.6,0.1,0.6,1.3,6.3,6,4.5,1.9,6.4,10,6.1,24.5,1.8,2.1,1.8,7.6,16.7,0.4,3.5,1.9,3.8,9.7,6.6,3.8,7.3,7.9,4,3.1,4.9,4.8,2.7,2.5,9.9,3.5,10.9,5.4,2.5,3.8,4.2,3.7,4.8,3.1,5.5,3.7,3.3,,,,,,,,,,,,,,,,,,,,,,,,,,,,,,,,,,,,,,,,,29,28.2,28.7,28.9,28.4,29.9,28.4,29,28.5,27.7,28.4,28.6,28.3,26.9,28.8,28.6,28.5,28.9,28.7,28.5,28.6,29.2,28.5,28.6,28.2,28.7,28.5,29.2,29.2,28.8,28.6,78,81,81,80,83,75,80,77,81,84,82,80,81,86,82,83,80,80,82,83,80,81,82,80,84,83,82,79,78,77,81,0,0,0.1,0.7,0.4,0.6,0,0,0.3,1.3,0.2,0.2,0.7,0.2,0.1,0.4,0,0.5,1.1,0.1,0.2,1.2,1.5,0,1.3,0.1,0.5,0.3,0.2,0.1,0.2,6.9,14.9,2.3,21.8,16.8,11.8,13.9,11.3,14,8.4,16.6,18.1,26.5,32.1,4.7,17.3,3.7,10.5,24,21.1,19.4,19.6,27.1,25.5,26.1,22.7,23.4,22.9,12.9,6,14.2,10.8,19.1,3.2,28.4,23.8,14.8,19.4,14.4,16.6,15.5,23,24.1,41,43.6,6.1,26.6,5,13.3,38.2,34.9,25.6,25.6,41.4,38.5,38.2,34.2,33.5,31.7,16.2,8.6,18.7,,,,,,22.2204,114.2127
2026-08-23T10:00,28.9,27,28.9,28.7,28.5,27.9,28.7,29.3,28.9,29,27.6,28,29.5,28.3,28.4,28.1,30,29.9,29.3,28.3,28.6,28.8,29.7,28.2,29.7,29.5,29.3,29.4,29.2,29.8,28.2,27.6,27.8,29.1,27.8,28.3,29.2,28.5,28.7,27.7,82,89,80,86,88,85,89,85,82,88,87,90,83,84,87,86,78,82,83,84,84,84,84,84,82,82,86,82,83,81,87,92,87,85,88,88,84,85,91,92,0.5,0.4,0.1,0.4,0.3,0.4,2.7,1.7,0.1,0.7,0.1,1.4,0,0,1.5,0.1,0.4,0.1,0.5,0.4,0,0.1,0.7,0.9,0.1,0.2,0.3,0.2,0,0.7,0,0.7,0.8,0.7,0.4,0.6,0.1,0.6,1.3,6.3,7.2,4.7,1.9,6.6,11.4,6.4,23.8,2.3,1.8,1.8,8.9,16.6,2.3,5.2,2.6,5.3,10.8,5.7,4,9.1,9.1,4.6,4.2,5.8,5.1,3.7,3.7,12.3,3.9,12.2,5.9,3.7,4.8,5.4,4.3,6,1.1,6.6,5.1,3.3,,,,,,,,,,,,,,,,,,,,,,,,,,,,,,,,,,,,,,,,,29.5,28.7,29.3,29.1,28.7,30.4,28.5,29.6,28.7,27.7,28.8,28.7,28.8,26.6,29.4,29,28.9,29.4,28.9,28.7,29,29.3,28.7,28.8,28.3,28.9,28.9,29.6,29.5,29.1,28.9,76,78,77,79,82,73,79,74,81,85,80,81,79,87,78,81,76,78,82,82,78,80,81,79,84,82,80,77,75,75,81,0,0,0.1,0.7,0.4,0.6,0,0,0.3,1.3,0.2,0.2,0.7,0.2,0.1,0.4,0,0.5,1.1,0.1,0.2,1.2,1.5,0,1.3,0.1,0.5,0.3,0.2,0.1,0.2,11.5,15.2,5,18.1,18.8,10.1,10.4,10.1,15.6,16.4,16.6,18.6,25.7,34.1,5.6,18.5,4.5,10,23.5,20.9,18.9,18.8,30.2,24.1,29.8,23.1,21,21.4,13,6.7,15.6,15.5,19.4,4.7,23.8,26.3,13.7,14,12.2,18,24.8,23.8,25.9,39.6,45.7,7.2,26.6,5.4,13.3,36.4,33.5,22.7,23.4,45,36.4,41,33.8,28.4,28.1,15.8,9.4,21.2,,,,,,22.2204,114.2127
2026-08-23T11:00,29.5,27.3,29.9,29.3,28.9,28.4,28.8,29.8,29.8,29.4,27.9,28.2,30.4,28.9,28.9,28.6,30.7,30.8,30,28.6,29.2,29.5,30.2,28.8,30.4,30.5,29.8,30,30,30.2,28.6,28,28.1,29.7,28,28.6,30.2,28.7,29.1,27.6,79,88,77,83,87,83,89,82,77,85,86,89,78,81,85,83,75,77,80,82,81,80,81,81,78,76,83,79,79,79,85,90,85,82,87,86,79,84,89,93,0.5,0.4,0.1,0.4,0.3,0.4,2.7,1.7,0.1,0.7,0.1,1.4,0,0,1.5,0.1,0.4,0.1,0.5,0.4,0,0.1,0.7,0.9,0.1,0.2,0.3,0.2,0,0.7,0,0.7,0.8,0.7,0.4,0.6,0.1,0.6,1.3,6.3,8.6,5.2,2.6,6.6,12.8,7.1,23.1,4.1,3.1,4,10.4,16.6,4.8,6.9,4.2,7.2,12,5.1,4.7,11.2,10.7,6.1,6.5,7.2,6.4,4.4,5.2,15.2,4.3,13.8,6.4,5.1,6.2,6.7,5,7.1,3.2,8.1,6.6,3.1,,,,,,,,,,,,,,,,,,,,,,,,,,,,,,,,,,,,,,,,,29.8,29,29.7,29.3,29,30.6,28.6,30.1,29,27.8,29.1,28.7,29.1,26.5,29.9,29.3,29.2,29.7,29.1,29,29.3,29.5,28.9,29,28.4,29.1,29.1,29.9,29.8,29.4,29.1,74,76,74,78,81,72,79,72,80,85,78,81,78,88,76,80,73,77,81,81,76,80,80,78,84,81,79,76,74,74,80,0,0,0.1,0.7,0.4,0.6,0,0,0.3,1.3,0.2,0.2,0.7,0.2,0.1,0.4,0,0.5,1.1,0.1,0.2,1.2,1.5,0,1.3,0.1,0.5,0.3,0.2,0.1,0.2,15.1,15.7,7.1,15.8,20.4,7.4,8.4,9.4,16.3,22.5,17.1,18.6,24.9,34.7,6.7,19.8,5.3,10.5,23,21.3,18.7,17.9,32.6,23.2,32.4,23.4,20,20.5,14,8.9,16.8,19.1,20.2,6.5,20.9,27.4,13.3,10.8,11.5,19.1,32.4,24.8,27,37.8,46.4,8.6,26.6,6.1,14,35.3,32.4,21.6,21.6,47.2,34.2,43.6,33.8,25.9,25.6,16.6,11.9,23,,,,,,22.2204,114.2127
2026-08-23T12:00,30.1,27.5,30.7,30,29.2,28.8,28.9,30.2,30.6,29.7,28.2,28.3,31.2,29.5,29.3,29.1,31.3,31.7,30.6,28.9,29.9,30.1,30.6,29.4,31.1,31.6,30.3,30.6,30.7,30.6,29,28.3,28.4,30.2,28.2,28.9,31.1,28.9,29.6,27.6,77,87,73,80,85,81,88,80,72,83,84,89,73,77,82,80,72,72,77,81,78,77,78,78,74,70,81,76,75,77,82,88,84,80,85,85,74,82,86,93,0.5,0.4,0.1,0.4,0.3,0.4,2.7,1.7,0.1,0.7,0.1,1.4,0,0,1.5,0.1,0.4,0.1,0.5,0.4,0,0.1,0.7,0.9,0.1,0.2,0.3,0.2,0,0.7,0,0.7,0.8,0.7,0.4,0.6,0.1,0.6,1.3,6.3,10,5.6,3.8,6.9,14.2,7.7,22.4,6.2,4.6,6.1,11.7,16.9,7.7,8.7,5.9,8.8,13.3,5,5.7,13,12.1,8.5,8.6,8.4,7.9,5.1,6.4,18,4.3,14.9,6.6,6.2,7.3,8.7,5.4,8.4,6.2,9.5,8.8,3.2,,,,,,,,,,,,,,,,,,,,,,,,,,,,,,,,,,,,,,,,,29.9,29.1,29.9,29.5,29.3,30.3,28.5,30.4,29.2,28,29.3,28.8,29.2,26.6,30.2,29.4,29.4,29.8,29.3,29.2,29.5,29.6,28.9,29.1,28.3,29.3,29.2,30.1,29.8,29.5,29.4,73,76,73,78,80,74,79,70,79,84,77,81,78,88,74,79,71,77,80,80,75,80,80,78,85,81,79,75,74,74,79,0,0,0,0,0.3,0.5,0,0,0.1,1.1,0,0.3,0.1,0.1,0,0.2,0,0,0.1,0.1,0.1,1.5,0.4,0,1.4,0,0,0,0,0,0.4,16.4,16.9,8.7,16.1,20.4,4,8.7,9.7,16,25.7,18.4,18.4,24.5,33.3,7.6,20.7,6,12.6,23.1,21.9,19.6,16.4,32.4,22.4,33.2,24.5,21.7,20.6,16.1,13.8,17.7,19.4,22.3,8.6,21.2,25.9,13.7,10.8,13,18.7,36.7,26.3,27,36.7,43.6,9.7,27,6.8,15.8,34.9,32.4,23,19.8,47.2,32.8,44.6,34.9,27.7,24.8,18.4,19.1,23.8,,,,,,22.2204,114.2127
2026-08-23T13:00,30.5,27.7,31.4,30.5,29.5,29.1,29,30.5,31.3,30,28.4,28.4,31.8,30,29.7,29.5,31.8,32.4,31.1,29.1,30.3,30.6,31,29.9,31.6,32.4,30.6,31,31.3,30.9,29.4,28.6,28.7,30.6,28.4,29.2,31.8,29.1,30,27.6,75,86,71,77,84,80,88,78,69,81,83,88,70,75,81,78,70,68,75,80,76,74,76,76,71,66,79,75,72,76,81,87,83,78,84,84,71,81,84,94,0.5,0.4,0.1,0.4,0.3,0.4,2.7,1.7,0.1,0.7,0.1,1.4,0,0,1.5,0.1,0.4,0.1,0.5,0.4,0,0.1,0.7,0.9,0.1,0.2,0.3,0.2,0,0.7,0,0.7,0.8,0.7,0.4,0.6,0.1,0.6,1.3,6.3,11.1,6.1,4.8,6.9,15.3,8.2,21.3,7.6,5.9,8.3,12.7,16.6,9.8,9.7,7,10.2,14.2,5.2,6.6,14.8,13.1,10.3,10.9,9.7,8.9,5.9,7.5,20.2,4.7,16.2,7,7.3,8.4,10,5.9,9.4,9.2,10.5,10.2,3.2,,,,,,,,,,,,,,,,,,,,,,,,,,,,,,,,,,,,,,,,,30,29,30,29.6,29.7,29.8,28.4,30.5,29.3,28.4,29.4,29,29.3,26.8,30.4,29.4,29.6,29.8,29.4,29.4,29.6,29.6,28.9,29.2,28.1,29.3,29.3,30.2,29.6,29.6,29.6,73,76,74,79,78,78,79,69,78,83,76,80,78,87,73,79,70,79,80,78,76,79,81,78,85,82,79,75,76,74,78,0,0,0,0,0.3,0.5,0,0,0.1,1.1,0,0.3,0.1,0.1,0,0.2,0,0,0.1,0.1,0.1,1.5,0.4,0,1.4,0,0,0,0,0,0.4,16.3,19,10.8,17.3,19.5,7.9,10.4,13.2,15.1,28,19.6,18.2,24.2,30.5,8.9,21.8,6.9,15.8,23.7,22.6,21.1,15.3,31.2,22,33.4,25.8,24.8,21,18.5,20,18.9,18.7,24.5,11.2,23.4,23.4,14,13,16.2,18,39.6,28.1,26.3,35.6,38.9,11.2,27.7,7.6,18.4,34.9,33.1,25.6,17.6,45.7,31.3,45.4,36.4,32,24.8,21.2,28.8,24.1,,,,,,22.2204,114.2127
2026-08-23T14:00,30.7,27.8,31.6,30.7,29.6,29.3,29.1,30.6,31.6,30.2,28.5,28.5,32.1,30.2,29.8,29.7,32.1,32.8,31.3,29.2,30.6,30.9,31.1,30.2,31.9,32.8,30.8,31.1,31.7,31.1,29.6,28.8,28.8,30.8,28.4,29.3,32.1,29.2,30.2,27.6,74,86,70,76,83,79,88,77,67,80,83,88,68,74,80,77,69,66,74,79,75,73,75,75,70,64,78,74,70,75,80,86,83,77,84,83,69,81,83,94,0.5,0.4,0.1,0.4,0.3,0.4,2.7,1.7,0.1,0.7,0.1,1.4,0,0,1.5,0.1,0.4,0.1,0.5,0.4,0,0.1,0.7,0.9,0.1,0.2,0.3,0.2,0,0.7,0,0.7,0.8,0.7,0.4,0.6,0.1,0.6,1.3,6.3,11.4,6.4,5.4,6.8,15.9,8.2,20.6,8.3,6.9,9.1,13,16.2,10.9,10.5,7.7,10.9,14.8,5,7.1,15.2,13.6,11.6,11.7,10.1,9.7,5.9,8.3,21.3,4.2,16.2,7,7.6,8.9,10.6,6.3,10,10.7,10.7,11.1,3.1,,,,,,,,,,,,,,,,,,,,,,,,,,,,,,,,,,,,,,,,,30,29,30,29.7,29.9,29.4,28.4,30.5,29.4,28.7,29.4,29.1,29.3,26.9,30.5,29.4,29.6,29.7,29.4,29.5,29.6,29.7,28.9,29.2,28,29.4,29.2,30.2,29.5,29.6,29.8,74,77,75,79,77,80,79,69,78,82,76,80,78,86,73,79,69,80,80,78,76,79,81,78,86,82,80,75,77,75,77,0,0,0,0,0.3,0.5,0,0,0.1,1.1,0,0.3,0.1,0.1,0,0.2,0,0,0.1,0.1,0.1,1.5,0.4,0,1.4,0,0,0,0,0,0.4,16.7,20,12.9,18.6,18.9,12.2,12,17.1,15,29.6,20.6,18.2,23.8,28.7,8.9,22.2,7.6,18,24.3,23,22.2,15.5,30,21.4,33.4,26.5,27.4,21.7,20,24.5,18.8,19.1,25.9,13.3,25.6,21.6,14.4,15.1,19.1,17.6,41.8,29.2,25.6,34.2,36,11.5,28.4,8.3,20.5,35.3,33.1,27.4,18.7,44.6,29.5,45.7,37.1,35.3,25.2,23,34.9,23.4,,,,,,22.2204,114.2127
2026-08-23T15:00,28.3,27.2,27.6,28.7,28.3,27.9,28.5,28.9,28.4,28.9,27.3,28.1,28.8,27.8,28.1,27.7,29.7,30.2,28.9,28,28.1,28.4,28.8,28.2,29.1,28.8,28.6,28.2,29.4,29.3,28.1,27.3,27.2,28.7,27.5,28.1,28.8,27.9,29.1,27.8,86,89,87,90,90,87,89,86,86,87,88,90,89,87,88,88,81,81,87,86,87,86,87,85,86,88,88,88,84,85,88,93,90,87,89,88,85,87,87,92,0,0.1,1.4,0.7,0.1,0,1.2,0.3,0,0.1,0.1,0.3,0.1,0,0.1,0,0,0.1,0,0.1,0,0,0.4,0.8,0,0,0.6,1.2,0.1,0.2,0,0.6,0.4,0,0.4,0.3,0.1,0.1,0.1,1,6.1,5.2,1,4.8,11,5.9,19.9,1.3,1.8,2.2,5.6,12.7,3.6,2.9,3.1,4.6,9.2,1.5,3.1,6.3,8.1,5.2,3.2,4.4,3.1,3.2,3.9,11.3,1.8,8.3,4.5,2.7,4.7,5.4,4,5.9,2.2,4.6,3.3,1.6,,,,,,,,,,,,,,,,,,,,,,,,,,,,,,,,,,,,,,,,,29.9,29,30.1,29.6,29.8,29.4,28.4,30.4,29.4,28.7,29.4,29.1,29.4,26.9,30.3,29.3,29.6,29.5,29.3,29.4,29.6,29.7,28.9,29.2,28,29.4,29.1,30.1,29.3,29.5,29.7,76,78,76,79,77,80,80,70,78,82,76,80,78,86,74,79,69,81,81,79,76,79,81,79,86,82,80,76,79,76,77,0,0,0,0,0,0,0,0,0,0.4,0,0.1,0,0.3,0,0.9,0,0,0,0,0,0,0.1,0,1.1,0.4,0.6,0,0.3,0,0,18.5,19,13.8,20.1,19.2,12.7,13.6,19.4,16.1,30.5,20.9,18,22.4,28.7,8.1,22,8.3,18.8,24.8,22.7,22.2,19.1,29.9,19.9,33.2,26,28.2,22.4,19.5,24.5,17.1,21.6,25.2,14.8,28.1,21.6,14,17.3,21.6,18.7,43.2,28.8,24.5,32,37.1,10.4,28.4,9,21.6,35.6,32.4,27.4,25.2,44.6,27,46.8,36,36.4,25.9,23,34.6,20.9,,,,,,22.2204,114.2127
2026-08-23T16:00,28.3,27.3,27.7,28.9,28.3,28,28.5,29,28.6,29,27.3,28.2,28.9,27.9,28.2,27.7,29.8,30.5,29,28,28.2,28.5,28.8,28.4,29.2,28.9,28.6,28.2,29.6,29.3,28.3,27.4,27.3,28.8,27.6,28.1,29,27.9,29.3,27.8,86,88,87,89,89,87,89,85,85,86,88,90,88,86,88,88,81,80,86,86,87,85,86,84,85,88,88,88,83,85,87,92,90,87,89,88,84,87,86,92,0,0.1,1.4,0.7,0.1,0,1.2,0.3,0,0.1,0.1,0.3,0.1,0,0.1,0,0,0.1,0,0.1,0,0,0.4,0.8,0,0,0.6,1.2,0.1,0.2,0,0.6,0.4,0,0.4,0.3,0.1,0.1,0.1,1,6.1,5.4,1.3,4.6,11.2,5.9,18.8,1.3,2.5,2.3,5.5,12.4,4.7,3.1,3.6,4.9,9.3,2.3,3.4,6.5,8.2,6,3.6,4.3,3.3,3.4,4.2,11.6,2.5,8.3,4.2,2.9,5.2,5.6,4.2,6.1,3.7,4.1,3.3,1.6,,,,,,,,,,,,,,,,,,,,,,,,,,,,,,,,,,,,,,,,,29.7,28.9,30.1,29.4,29.5,29.5,28.6,30.2,29.4,28.7,29.4,29.1,29.3,26.8,29.9,29.1,29.4,29.4,29.2,29.1,29.5,29.7,29,29,28.1,29.3,29,29.9,29.1,29.3,29.5,78,79,77,79,78,78,81,71,78,83,76,80,78,87,75,79,70,82,81,80,77,79,81,80,85,83,81,77,80,77,78,0,0,0,0,0,0,0,0,0,0.4,0,0.1,0,0.3,0,0.9,0,0,0,0,0,0,0.1,0,1.1,0.4,0.6,0,0.3,0,0,20.9,17,14.4,22,19.3,12,15.6,20.4,17.3,30.4,20.6,18.1,20.8,29.3,7.2,21.1,8.7,18.4,25.4,21.7,22,24.7,29.5,18.4,32.9,24.8,28.1,22.9,17.8,22.3,14.3,25.2,23,15.8,31.3,22.3,13.3,19.8,23.8,19.8,44.3,28.1,23.4,29.9,39.6,8.3,28.4,9.4,22.7,36.4,31.7,26.6,34.6,45.4,24.5,47.9,33.8,36,27,22.3,31.3,17.3,,,,,,22.2204,114.2127
2026-08-23T17:00,28.4,27.3,27.7,29,28.4,28.1,28.5,29.1,28.7,29,27.4,28.2,29,27.9,28.2,27.8,29.9,30.7,29,28,28.3,28.6,28.8,28.5,29.2,29,28.6,28.1,29.9,29.3,28.4,27.4,27.3,28.9,27.6,28.2,29.2,27.9,29.5,27.9,86,88,87,89,89,87,89,85,84,85,88,89,88,86,87,88,81,79,86,86,87,85,86,84,85,88,88,88,82,85,87,92,90,86,89,87,84,87,85,92,0,0.1,1.4,0.7,0.1,0,1.2,0.3,0,0.1,0.1,0.3,0.1,0,0.1,0,0,0.1,0,0.1,0,0,0.4,0.8,0,0,0.6,1.2,0.1,0.2,0,0.6,0.4,0,0.4,0.3,0.1,0.1,0.1,1,6.5,5.7,1.6,4.7,11.4,5.9,17.8,1.6,3.3,2.1,5.2,12,5.4,3.1,3.8,4.9,9.5,3.4,4,6.7,8.2,7.1,4,4.3,3.9,3.4,4.7,12.1,3,8,4.2,3.1,5.5,6.1,4.4,6.4,4.8,4.1,3.6,1.1,,,,,,,,,,,,,,,,,,,,,,,,,,,,,,,,,,,,,,,,,29.4,28.9,29.9,29.3,29.3,29.5,28.6,30,29.3,28.6,29.2,29.1,29.3,26.7,29.6,29,29.3,29.2,29,28.9,29.4,29.7,29,28.9,28.1,29.2,28.9,29.6,28.9,29.1,29.3,81,80,79,79,79,77,82,72,79,84,77,80,79,88,77,80,71,83,82,82,78,79,81,81,85,83,81,79,82,78,79,0,0,0,0,0,0,0,0,0,0.4,0,0.1,0,0.3,0,0.9,0,0,0,0,0,0,0.1,0,1.1,0.4,0.6,0,0.3,0,0,22.3,15.2,14.6,23,19.5,11.8,17.5,21.2,18.1,29.9,20.4,18.3,19.1,29.3,6.6,20.6,9.1,18,25.4,20.9,21.4,28.3,29.2,17.7,33,23.1,28,23,16.9,20.4,12.4,27.7,21.2,16.2,33.1,22.7,12.6,21.6,25.6,20.9,44.3,27,23,27.4,40.3,7.9,28.4,9.7,22.7,36.7,30.2,26.3,41,45,23,48.2,31.3,36,27.7,22.7,28.1,14.4,,,,,,22.2204,114.2127
2026-08-23T18:00,28.4,27.4,27.7,29.1,28.4,28.2,28.5,29.1,28.8,29.1,27.4,28.3,29,28,28.3,27.9,30,30.9,29.1,28,28.4,28.7,28.7,28.6,29.3,29.1,28.6,28.1,30,29.3,28.5,27.5,27.3,29,27.6,28.2,29.3,27.9,29.6,27.9,86,88,87,88,89,87,89,84,84,85,88,89,87,86,87,87,81,78,86,86,86,84,86,83,85,87,88,89,81,85,86,92,90,86,89,87,83,87,84,92,0,0.1,1.4,0.7,0.1,0,1.2,0.3,0,0.1,0.1,0.3,0.1,0,0.1,0,0,0.1,0,0.1,0,0,0.4,0.8,0,0,0.6,1.2,0.1,0.2,0,0.6,0.4,0,0.4,0.3,0.1,0.1,0.1,1,6.6,5.8,1.5,4.5,11.9,6.2,16.8,1.8,4,2.3,5,11.6,5.8,3.3,4.3,5.4,9.6,4.2,4.2,6.9,7.9,7.7,4.4,4.3,4,3.6,4.7,12.1,3.4,7.5,4.2,3.4,5.8,6.4,4.6,6.6,5.6,4,3.6,1.1,,,,,,,,,,,,,,,,,,,,,,,,,,,,,,,,,,,,,,,,,29.1,29,29.6,29.1,29,29.4,28.4,29.6,29.2,28.5,29,28.9,29.1,26.7,29.3,28.8,29.1,28.9,28.9,28.7,29.3,29.6,28.8,28.7,28,29,28.7,29.3,28.7,28.9,29.2,83,80,81,81,81,78,84,73,80,85,78,81,80,88,78,82,73,84,82,83,79,80,82,81,85,84,82,81,83,79,79,0,0.2,0,0,0,0,0,0,0,0.1,0,0,0.1,0.3,0,1.4,0,0,0,0,0.1,0.2,0,0.3,1,0.1,1,0,0.3,0,0,22.2,13.4,14.5,22.8,19,11.6,17.8,20.9,17.3,28.8,20.2,18.5,17.5,27.6,7.6,20.5,9.5,17.2,25.1,19.6,21.4,28,27.5,18.4,33.7,20.6,27.6,22.4,17.7,19.3,11.6,28.1,19.8,15.8,33.5,22.7,12.2,22.3,25.9,20.9,43.2,26.3,24.8,24.8,37.1,10.4,29.2,10.1,22,36.4,28.4,26.6,41.4,43.2,23.8,47.9,28.4,36,28.1,24.8,26.6,13.3,,,,,,22.2204,114.2127
2026-08-23T19:00,28.5,27.5,27.8,29.2,28.4,28.2,28.5,29.2,28.9,29.1,27.4,28.3,29,28,28.3,27.9,30.1,31,29.1,28,28.4,28.8,28.7,28.7,29.4,29.2,28.6,28,30.2,29.3,28.5,27.5,27.4,29.1,27.6,28.2,29.4,27.9,29.8,27.9,86,88,87,88,89,87,89,84,83,84,88,89,87,86,87,87,81,77,86,86,86,84,86,83,85,87,88,89,80,85,86,91,90,86,89,87,82,87,83,92,0,0.1,1.4,0.7,0.1,0,1.2,0.3,0,0.1,0.1,0.3,0.1,0,0.1,0,0,0.1,0,0.1,0,0,0.4,0.8,0,0,0.6,1.2,0.1,0.2,0,0.6,0.4,0,0.4,0.3,0.1,0.1,0.1,1,6.9,5.8,1.8,4.4,11.8,6,16.1,1.8,4.3,2.3,5,11.5,6.1,3.3,4.6,5.4,9.8,5,4.6,6.9,7.9,8.4,4.5,4.3,4.2,3.8,4.7,12.5,3.8,7.2,3.7,3.6,6,6.2,4.8,6.9,6.4,3.6,3.6,1.1,,,,,,,,,,,,,,,,,,,,,,,,,,,,,,,,,,,,,,,,,28.8,29,29.1,28.9,28.8,29.2,28.1,29.2,29,28.3,28.7,28.7,28.9,26.7,29.1,28.6,28.9,28.7,28.7,28.5,29.1,29.5,28.6,28.6,27.8,28.8,28.5,29,28.5,28.8,29.1,85,80,83,83,83,80,87,75,81,85,79,83,81,87,79,83,74,84,82,84,81,81,82,82,86,84,83,82,84,81,80,0,0.2,0,0,0,0,0,0,0,0.1,0,0,0.1,0.3,0,1.4,0,0,0,0,0.1,0.2,0,0.3,1,0.1,1,0,0.3,0,0,20.9,12.1,13.6,22,18.1,11,17.2,20.4,15.9,27.4,20,19.4,15.8,25,10.8,20.8,9.8,16.2,24.7,17.8,21.2,25.8,25.5,19.5,35,17.8,26.2,21.1,19.1,18.9,11.2,27.4,18.4,15.1,33.1,22.7,12.2,22.7,25.6,20.2,41,25.9,27.4,22,32,14,30.6,10.8,20.5,35.6,26.3,27,39.2,40.7,25.6,47.2,25.6,36,27.7,27.7,25.9,13.3,,,,,,22.2204,114.2127
2026-08-23T20:00,28.5,27.5,27.8,29.2,28.4,28.3,28.5,29.2,28.9,29.1,27.4,28.3,29,28,28.3,27.9,30.1,31.1,29.1,28,28.5,28.8,28.7,28.8,29.4,29.2,28.5,28,30.3,29.3,28.6,27.6,27.4,29.1,27.6,28.2,29.4,27.9,29.8,27.9,86,88,87,88,89,87,89,84,83,84,88,89,87,86,87,87,81,77,86,86,86,84,86,83,85,87,88,89,80,85,86,91,90,86,89,87,82,87,83,92,0,0.1,1.4,0.7,0.1,0,1.2,0.3,0,0.1,0.1,0.3,0.1,0,0.1,0,0,0.1,0,0.1,0,0,0.4,0.8,0,0,0.6,1.2,0.1,0.2,0,0.6,0.4,0,0.4,0.3,0.1,0.1,0.1,1,6.9,5.8,1.8,4.4,11.9,6,15.5,2.2,4.7,2,4.9,11.2,6.1,3.3,4.6,5.4,9.5,5.3,4.5,6.9,7.4,8.7,4.5,4.3,4.6,3.6,4.7,12.5,3.9,6.7,3.7,3.9,6.3,6.5,5.1,6.9,6.8,3.6,3.6,1.1,,,,,,,,,,,,,,,,,,,,,,,,,,,,,,,,,,,,,,,,,28.5,28.9,28.8,28.7,28.6,29.1,28,28.9,28.8,28.2,28.5,28.6,28.7,26.8,28.9,28.5,28.8,28.5,28.6,28.4,28.9,29.5,28.5,28.5,27.7,28.7,28.4,28.8,28.4,28.6,28.9,87,81,84,85,85,81,89,76,82,86,80,85,82,87,80,85,76,85,82,85,82,81,83,82,86,85,84,83,84,82,80,0,0.2,0,0,0,0,0,0,0,0.1,0,0,0.1,0.3,0,1.4,0,0,0,0,0.1,0.2,0,0.3,1,0.1,1,0,0.3,0,0,19.6,11.5,12.2,20.4,17.3,10.1,16.9,20.2,14.6,26,18.9,19.5,14.6,22.5,14.2,20.7,9.8,15.5,24.6,16.9,21.3,24.5,24.1,20.1,34.8,15.2,25.7,20.4,20.1,18.4,11.5,26.6,17.6,13.7,31,22.3,12.2,23,25.6,19.4,39.6,24.5,28.4,19.8,27.7,17.6,30.6,10.8,19.1,34.9,24.5,27.7,37.4,39.2,26.6,45.7,22.3,36,27.4,29.9,24.8,13.7,,,,,,22.2204,114.2127
2026-08-23T21:00,28.6,27.5,27.8,29.2,28.4,28.3,28.5,29.2,28.9,29.1,27.4,28.3,29,28,28.2,27.9,30,31,29.1,28,28.5,28.8,28.6,28.8,29.4,29.2,28.5,27.9,30.3,29.3,28.6,27.6,27.4,29.2,27.5,28.2,29.4,27.9,29.8,27.9,86,88,87,88,89,87,89,84,83,84,88,89,87,86,87,87,81,77,86,86,86,84,86,83,85,87,88,89,80,85,86,91,90,86,89,87,82,87,83,92,0.1,0.7,0.4,0.3,2.2,0.4,1.7,0,0,0.2,0.5,1,1.3,0,0.7,0,0,0,1.1,0.3,0,0,0,0.5,0,0.6,0.1,0.9,0.2,0,0,1.4,2.1,0,0.8,0.7,0.2,0.1,0,0.3,6.9,5.8,1.8,4.4,11.8,5.8,14.8,2.2,4.7,1.5,4.8,11.2,5.8,3.3,4.6,5.4,9,5.3,4,6.9,6.9,8.6,4.5,4.3,4.6,3.3,4.3,12.5,3.5,6.3,3.5,4.2,6.6,6.3,5.1,6.9,7,3.8,3.6,1.1,,,,,,,,,,,,,,,,,,,,,,,,,,,,,,,,,,,,,,,,,28.3,28.7,28.6,28.6,28.4,29.1,28,28.7,28.7,28.1,28.3,28.4,28.6,26.9,28.6,28.3,28.6,28.3,28.5,28.3,28.7,29.5,28.4,28.4,27.6,28.5,28.3,28.7,28.3,28.4,28.8,88,83,85,86,86,81,89,77,82,87,81,86,82,87,82,86,77,86,81,86,83,81,84,83,86,85,84,83,84,83,81,0.1,0.1,0,0,0,0,0.5,0,0,0.9,0,0,0,0.1,0,0.2,0,0,0,0.4,0,1.3,0,0.4,0.4,0.7,0.5,0.4,0,0.4,0,18.3,11.6,10.2,17.5,16.6,8.8,16.6,19.9,13.8,24.7,16.8,18.1,13.8,19.9,16.8,19.6,9,14.4,24.1,16.9,20.8,25.7,24.4,19.3,32.3,13.7,25.6,19.6,20.7,17.5,12.5,25.9,18,11.5,25.9,22,11.9,23.4,26.3,18.7,38.9,22,25.9,18,24.8,20.5,28.4,10.1,17.6,35.3,23.8,28.1,38.2,40,26.3,42.8,19.1,36.4,26.3,31,23.8,14.8,,,,,,22.2204,114.2127
2026-08-23T22:00,28.6,27.4,27.8,29.1,28.4,28.3,28.5,29.2,28.9,29,27.4,28.4,28.9,28,28.1,27.9,30,30.9,29,28,28.5,28.8,28.6,28.7,29.4,29.1,28.4,27.9,30.3,29.2,28.6,27.6,27.4,29.2,27.5,28.1,29.4,27.8,29.8,27.9,86,88,87,88,89,87,89,84,83,84,88,89,87,87,87,87,81,77,86,86,86,84,87,83,86,87,89,89,79,85,86,91,90,86,89,87,82,87,83,92,0.1,0.7,0.4,0.3,2.2,0.4,1.7,0,0,0.2,0.5,1,1.3,0,0.7,0,0,0,1.1,0.3,0,0,0,0.5,0,0.6,0.1,0.9,0.2,0,0,1.4,2.1,0,0.8,0.7,0.2,0.1,0,0.3,7.2,5.8,1.6,3.9,11.7,5.8,14.4,2.2,4.7,1,4.7,11,5.1,3.3,4.6,5.1,8.8,4.9,3.7,6.6,5.8,8.3,4.1,4.3,4.6,2.9,4,12.2,3.4,5.6,3.1,4.7,6.9,6.3,5.1,6.6,6.8,4.2,3.2,1.4,,,,,,,,,,,,,,,,,,,,,,,,,,,,,,,,,,,,,,,,,28.3,28.4,28.6,28.5,28.4,29.2,28.2,28.6,28.6,28.1,28.3,28.3,28.5,27.1,28.4,28.2,28.4,28.2,28.5,28.2,28.5,29.6,28.4,28.4,27.7,28.4,28.4,28.8,28.3,28.2,28.7,89,85,85,86,87,80,87,79,83,87,82,87,82,86,84,86,78,86,80,87,84,80,85,83,87,85,84,82,85,84,82,0.1,0.1,0,0,0,0,0.5,0,0,0.9,0,0,0,0.1,0,0.2,0,0,0,0.4,0,1.3,0,0.4,0.4,0.7,0.5,0.4,0,0.4,0,17.3,12.4,7.5,14.1,15.8,8.3,16.8,19.5,13,23.7,14.7,15.8,13,17.3,18.2,17.6,7.6,13,23.1,17.3,19.9,28.1,25,18,29,12.6,25.7,18.6,20.9,16.8,14,25.6,19.1,8.6,19.4,21.2,11.5,23.4,27,17.6,38.5,18.7,22.3,16.6,22.7,23.4,25.6,9,15.8,35.6,23.8,28.4,40,41.4,24.8,39.6,16.2,36.7,24.8,31.3,22.7,16.6,,,,,,22.2204,114.2127
2026-08-23T23:00,28.6,27.4,27.8,29,28.4,28.2,28.5,29.2,28.9,29,27.4,28.4,28.7,27.9,28,27.9,29.9,30.8,28.9,28,28.5,28.8,28.5,28.6,29.3,29,28.3,27.8,30.3,29.2,28.6,27.6,27.4,29.2,27.4,28.1,29.3,27.8,29.8,27.8,86,88,87,88,89,87,89,84,83,84,89,89,87,87,88,88,82,78,87,87,85,85,87,84,86,88,89,89,79,86,86,90,90,87,90,88,82,87,84,92,0.1,0.7,0.4,0.3,2.2,0.4,1.7,0,0,0.2,0.5,1,1.3,0,0.7,0,0,0,1.1,0.3,0,0,0,0.5,0,0.6,0.1,0.9,0.2,0,0,1.4,2.1,0,0.8,0.7,0.2,0.1,0,0.3,7.2,5.8,1.3,3.7,11.6,6,14.1,2.5,4.4,0.5,4.7,11.2,4.5,3.1,4.6,5.1,8.1,4.3,2.5,6.4,4.8,7.9,3.7,4.3,4.2,2.6,3.2,11.8,3.1,5.2,3,5,7.1,6.1,4.9,6.6,6.4,5.1,3.2,1.5,,,,,,,,,,,,,,,,,,,,,,,,,,,,,,,,,,,,,,,,,28.3,28.1,28.5,28.4,28.3,29.2,28.3,28.5,28.5,28.1,28.2,28.2,28.5,27.2,28.2,28.1,28.3,28.1,28.5,28.2,28.4,29.6,28.3,28.4,27.7,28.4,28.4,28.8,28.3,28.1,28.5,89,86,85,86,88,79,86,80,83,87,82,88,82,86,85,86,79,87,79,87,85,79,85,84,87,85,84,81,85,84,83,0.1,0.1,0,0,0,0,0.5,0,0,0.9,0,0,0,0.1,0,0.2,0,0,0,0.4,0,1.3,0,0.4,0.4,0.7,0.5,0.4,0,0.4,0,17.4,13.8,6.4,12,15.3,9,16.8,20,12.2,23.6,13,14.9,12.4,15.8,19.1,16.3,6.5,11.7,22.2,17.3,19.3,29.5,25.8,16.6,26.9,11.5,26,18.4,20.8,15.6,14.8,25.2,20.2,7.2,15.5,21.2,11.5,23.8,28.4,16.2,38.5,16.2,20.9,15.8,22,24.8,23.8,8.3,14,35.3,23.8,28.8,41,42.5,23.8,37.4,14,37.1,24.1,30.6,21.6,18,,,,,,22.2204,114.2127
2026-08-24T00:00,28.6,27.4,27.8,28.8,28.3,28.2,28.5,29.1,28.8,28.9,27.4,28.4,28.6,27.9,27.9,27.9,29.8,30.6,28.8,28,28.5,28.7,28.4,28.5,29.3,28.8,28.3,27.7,30.2,29.1,28.5,27.6,27.5,29.3,27.3,28,29.3,27.8,29.7,27.8,86,89,87,88,89,88,89,85,83,84,89,89,88,88,88,88,82,79,87,87,85,85,88,84,86,88,90,89,79,86,87,90,90,87,90,88,83,88,84,92,0.1,0.7,0.4,0.3,2.2,0.4,1.7,0,0,0.2,0.5,1,1.3,0,0.7,0,0,0,1.1,0.3,0,0,0,0.5,0,0.6,0.1,0.9,0.2,0,0,1.4,2.1,0,0.8,0.7,0.2,0.1,0,0.3,7.6,5.8,1.3,3.5,11.5,5.8,13.7,2.5,4,0.5,4.7,11,3.2,2.9,4.3,4.6,7.7,3.6,1.8,6.4,4.4,7.2,2.9,4,3.9,2.2,2.9,11.5,2.5,4.4,2.9,5.5,7.4,6,4.9,6.4,6,6.2,2.9,1.8,,,,,,,,,,,,,,,,,,,,,,,,,,,,,,,,,,,,,,,,,28.3,28.1,28.3,28.3,28.2,29.2,28.3,28.4,28.3,28,28.1,28.2,28.3,27.2,28,28,28.1,28,28.4,28.1,28.3,29.6,28.3,28.3,27.7,28.4,28.3,28.7,28.2,28.1,28.4,89,85,86,86,88,79,86,81,84,86,82,88,83,86,85,86,79,87,79,87,85,78,85,84,87,85,84,81,85,84,84,0.2,0.3,0,0.3,0.3,0.1,0.1,0,0,1,0.1,0.4,0.1,0.1,0.6,0.3,0,0,0,0.4,0,1.5,0.3,0.3,0.8,0.5,1.2,0.3,0.2,0.4,0,17.5,15.3,7.3,12.2,15.5,9.7,17.3,21.4,10.7,24.8,11.9,17.5,12.3,16.1,18.5,16.8,5.5,10.2,21.1,16.9,18.9,29.6,26.4,16,26.8,11.2,26.1,18.4,19.4,14.3,14.8,25.6,21.6,8.3,15.8,22.3,11.9,24.5,31.3,14,39.2,14.8,24.8,15.5,23.4,24.5,24.5,7.9,11.9,33.5,24.1,29.5,41.4,42.8,23,38.2,14,36.7,24.8,28.4,20.2,18.4,,,,,,22.2204,114.2127
2026-08-24T01:00,28.7,27.3,27.8,28.7,28.3,28.2,28.4,29.1,28.8,28.8,27.4,28.4,28.4,27.8,27.8,27.8,29.6,30.3,28.7,28,28.5,28.6,28.4,28.4,29.2,28.7,28.2,27.6,30.2,29.1,28.5,27.6,27.5,29.3,27.2,27.9,29.2,27.8,29.6,27.8,86,89,87,88,90,88,90,85,84,84,90,89,88,89,89,89,83,80,88,88,85,85,88,84,87,88,90,89,79,86,87,90,90,87,91,88,83,88,85,92,0.1,0.7,0.4,0.3,2.2,0.4,1.7,0,0,0.2,0.5,1,1.3,0,0.7,0,0,0,1.1,0.3,0,0,0,0.5,0,0.6,0.1,0.9,0.2,0,0,1.4,2.1,0,0.8,0.7,0.2,0.1,0,0.3,7.6,5.7,1.5,3.3,11.2,5.7,13.4,2.2,3.4,1.3,4.7,11.1,2.8,2.9,4.3,4.4,7,3,0.7,6.1,4.5,6.6,2.2,4,3.5,2.3,2.1,11.2,1.9,3.6,2.5,5.8,7.7,5.5,4.4,6.1,5.6,7.7,2.9,2.2,,,,,,,,,,,,,,,,,,,,,,,,,,,,,,,,,,,,,,,,,28.3,28.2,28.1,28.1,28.1,29.2,28.3,28.3,28.2,27.9,28,28.1,28.2,27.2,27.8,28,28,27.9,28.2,28,28.3,29.5,28.2,28.2,27.6,28.4,28.2,28.6,28.1,28.1,28.3,88,83,86,87,88,79,86,82,85,86,82,87,84,86,85,86,80,88,80,87,84,78,84,84,88,84,85,81,85,83,84,0.2,0.3,0,0.3,0.3,0.1,0.1,0,0,1,0.1,0.4,0.1,0.1,0.6,0.3,0,0,0,0.4,0,1.5,0.3,0.3,0.8,0.5,1.2,0.3,0.2,0.4,0,17.7,16.3,9.4,13.9,16.6,10.2,17.9,23.3,9.2,26.9,11.1,21.7,12.3,16.9,17.1,17.5,5.4,8.3,19.7,16.6,19.2,28.7,26.8,15.6,27.9,11.4,26.5,18.7,16.6,13.4,14.4,26.3,23,10.8,18.7,24.1,12.2,25.6,34.6,11.5,40.7,13.7,31,15.8,26.3,23,26.3,7.6,9.7,31,24.8,30.6,40.7,42.5,22,40,15.5,36.4,26.3,25.2,18.4,18,,,,,,22.2204,114.2127
2026-08-24T02:00,28.7,27.2,27.8,28.5,28.3,28.1,28.4,29.1,28.7,28.6,27.4,28.3,28.2,27.7,27.6,27.8,29.5,30.1,28.5,28,28.4,28.5,28.3,28.2,29.1,28.5,28.1,27.6,30.1,29,28.4,27.6,27.5,29.3,27.1,27.7,29,27.8,29.5,27.7,85,89,87,88,90,88,90,86,84,84,90,89,88,89,89,89,83,81,88,88,85,86,89,85,88,89,91,89,79,87,88,90,90,88,91,89,84,88,86,92,0.1,0.7,0.4,0.3,2.2,0.4,1.7,0,0,0.2,0.5,1,1.3,0,0.7,0,0,0,1.1,0.3,0,0,0,0.5,0,0.6,0.1,0.9,0.2,0,0,1.4,2.1,0,0.8,0.7,0.2,0.1,0,0.3,7.9,5.7,1.8,3.3,11.2,5.6,13,2.2,3.2,2,4.7,11.4,2.9,2.7,4.3,4.5,6.3,2.9,0.8,5.9,5.5,5.7,1.8,4,2.9,2.3,1.3,10.5,1.8,2.9,2.6,6.3,8,5,4.2,5.6,4.8,9,2.5,2.2,,,,,,,,,,,,,,,,,,,,,,,,,,,,,,,,,,,,,,,,,28.3,28.3,28,28,28.1,29.2,28.3,28.2,28.1,27.9,27.9,28.1,28,27.3,27.7,27.9,27.9,27.9,28.1,28,28.3,29.4,28.2,28.2,27.6,28.4,28.2,28.5,28,28.1,28.2,87,82,87,87,88,79,86,82,85,85,82,86,85,86,85,86,80,88,81,87,84,78,84,84,88,84,85,81,85,82,85,0.2,0.3,0,0.3,0.3,0.1,0.1,0,0,1,0.1,0.4,0.1,0.1,0.6,0.3,0,0,0,0.4,0,1.5,0.3,0.3,0.8,0.5,1.2,0.3,0.2,0.4,0,18,16.8,10.5,15.6,16.8,10.7,17.8,24.6,8.2,28,10.5,24.4,12.4,16.9,15.9,17.9,5.6,6.9,18,16.6,19.2,27.4,26.6,14.4,29.3,10.9,26.3,18.7,14.5,12.7,14.2,27,23.4,12.2,21.2,24.1,13.3,25.2,36.7,10.1,41.4,13.3,34.9,16.2,27,22,27,6.8,8.3,28.4,25.6,30.6,39.6,41.4,20.2,42.1,15.1,35.6,26.6,22,16.6,18,,,,,,22.2204,114.2127
2026-08-24T03:00,28.7,27.2,27.8,28.3,28.2,28,28.4,29,28.6,28.5,27.4,28.3,28,27.6,27.5,27.7,29.3,29.8,28.4,27.9,28.4,28.5,28.2,28.1,29.1,28.3,28,27.5,30,29,28.4,27.6,27.6,29.3,27,27.6,28.9,27.8,29.4,27.7,85,90,87,88,90,89,90,86,84,84,91,89,89,90,89,89,84,82,89,88,85,86,89,85,88,89,91,89,79,87,88,90,90,88,92,89,84,88,87,92,0.1,0.7,0.4,0.3,2.2,0.4,1.7,0,0,0.2,0.5,1,1.3,0,0.7,0,0,0,1.1,0.3,0,0,0,0.5,0,0.6,0.1,0.9,0.2,0,0,1.4,2.1,0,0.8,0.7,0.2,0.1,0,0.3,8,5.7,2.2,3.3,11.2,5.5,12.7,2.2,2.6,2.8,5.1,11.5,3.3,2.6,4.1,4.2,6.2,3.4,1.9,5.9,7.2,5.2,1.3,3.6,2.6,3.1,0.7,10.2,1.9,2.5,2.4,6.6,8.4,4.8,4,5.4,4.7,10.4,2.2,2.5,,,,,,,,,,,,,,,,,,,,,,,,,,,,,,,,,,,,,,,,,28.2,28.3,27.9,27.9,28,29.2,28.4,28.1,28,27.8,27.9,28,27.9,27.3,27.7,27.8,27.8,27.8,27.9,28,28.3,29.4,28.2,28.1,27.4,28.3,28.1,28.4,27.8,28.1,28,87,81,87,87,87,79,85,82,85,85,82,87,85,86,84,86,81,88,82,86,84,78,84,84,89,84,85,82,85,82,86,0.7,0.3,0.1,0.4,0,0.2,0.9,0.9,0.1,0.2,0.1,0.6,0.2,0.2,0.6,0.6,0,0.1,0,0.6,0.1,1.2,0.2,0,1.2,0.3,1.3,0.3,0.9,0,0.2,18.7,16.1,10.4,16.9,15.5,11.6,16.6,24.9,8.2,27.8,10.5,23.4,12.6,15.6,15.2,16.7,5.1,6.6,16.2,17.4,19,25.8,24.5,12,30.9,7.7,25.2,17.6,12.8,12.2,14.2,28.4,22,12.2,22.7,21.2,15.5,23.4,36.7,10.1,41.4,13.3,34.2,16.9,23.8,21.6,24.8,5.8,8.3,26.3,26.6,29.5,37.4,38.9,16.6,44.3,11.5,35.3,25.6,18.7,15.1,18.4,,,,,,22.2204,114.2127
2026-08-24T04:00,28.7,27.1,27.9,28.1,28.2,28,28.4,29,28.5,28.4,27.4,28.3,27.8,27.6,27.3,27.7,29.2,29.6,28.3,27.9,28.4,28.4,28.2,27.9,29,28.1,27.9,27.4,29.9,28.9,28.3,27.6,27.6,29.3,27,27.5,28.8,27.7,29.3,27.7,85,90,87,89,90,89,90,86,85,85,91,89,89,91,90,90,84,83,89,89,85,87,90,86,89,90,92,89,79,87,88,90,90,88,92,90,85,88,87,92,0.1,0.7,0.4,0.3,2.2,0.4,1.7,0,0,0.2,0.5,1,1.3,0,0.7,0,0,0,1.1,0.3,0,0,0,0.5,0,0.6,0.1,0.9,0.2,0,0,1.4,2.1,0,0.8,0.7,0.2,0.1,0,0.3,8,5.4,2.4,3.3,11.1,5.4,12.3,2.2,2.5,3.8,5.2,11.3,4.5,2.6,4.1,4.1,5.8,3.8,3,5.7,8.7,4.4,1.1,3.7,2.3,3.5,0.5,9.5,2.5,1.9,2.6,6.9,8.7,4.4,4,5.1,4.2,11.6,2.2,2.9,,,,,,,,,,,,,,,,,,,,,,,,,,,,,,,,,,,,,,,,,28.2,28.4,27.9,27.9,28,29.2,28.4,28.1,28,27.8,27.9,27.8,27.9,27.4,27.8,27.7,27.7,27.8,27.7,28,28.2,29.3,28.3,28,27.2,28.2,28.1,28.3,27.7,28.1,27.9,87,81,88,87,87,78,84,82,84,85,82,88,85,86,83,85,82,87,83,86,84,79,83,85,90,83,85,83,85,82,86,0.7,0.3,0.1,0.4,0,0.2,0.9,0.9,0.1,0.2,0.1,0.6,0.2,0.2,0.6,0.6,0,0.1,0,0.6,0.1,1.2,0.2,0,1.2,0.3,1.3,0.3,0.9,0,0.2,19.4,14.7,9.7,18.4,13.3,12.9,14.8,25,8.7,26.9,11.2,20.5,13,13.3,14.5,14.8,4.3,7.6,15.5,18.5,18.7,23.3,21.6,8.9,33.2,3.6,23.7,16.3,11,11.5,14,30.2,19.8,11.2,24.1,17.3,18,20.5,36,11.2,41,13.7,31,18,18.7,21.6,21.6,5,9,24.1,28.4,28.1,34.2,35.6,11.5,46.4,6.8,34.9,23.8,15.8,14,18.7,,,,,,22.2204,114.2127
2026-08-24T05:00,28.7,27,27.9,28,28.1,27.9,28.3,29,28.4,28.3,27.5,28.3,27.7,27.5,27.2,27.6,29.1,29.4,28.1,27.9,28.3,28.3,28.1,27.8,28.9,27.9,27.8,27.4,29.7,28.8,28.3,27.7,27.6,29.3,26.9,27.4,28.7,27.7,29.2,27.6,85,90,87,89,91,89,90,87,85,85,92,89,89,91,90,90,84,84,89,89,85,87,90,86,90,90,92,89,80,87,89,90,90,89,93,90,85,89,88,92,0.1,0.7,0.4,0.3,2.2,0.4,1.7,0,0,0.2,0.5,1,1.3,0,0.7,0,0,0,1.1,0.3,0,0,0,0.5,0,0.6,0.1,0.9,0.2,0,0,1.4,2.1,0,0.8,0.7,0.2,0.1,0,0.3,8.5,5.2,2.9,3.5,11,5.4,12.3,2.2,2.3,4.6,5.2,11.4,5.4,2.5,3.6,4.4,5.5,4.7,3.8,5.2,9.9,4.1,1.1,3.7,2.1,4.2,1.1,9.2,3.1,1.5,3.1,7.4,8.7,4.3,3.9,4.9,4.4,12.9,1.8,3.2,,,,,,,,,,,,,,,,,,,,,,,,,,,,,,,,,,,,,,,,,28.2,28.4,28,27.9,28,29.2,28.5,28.1,28,27.8,27.9,27.8,27.9,27.6,27.8,27.7,27.7,27.8,27.7,28.1,28.3,29.2,28.3,28,27.1,28.2,28.1,28.3,27.7,28.1,27.9,87,81,87,87,86,78,83,82,84,85,82,88,84,86,82,85,82,87,84,85,84,80,83,85,90,83,85,83,85,82,86,0.7,0.3,0.1,0.4,0,0.2,0.9,0.9,0.1,0.2,0.1,0.6,0.2,0.2,0.6,0.6,0,0.1,0,0.6,0.1,1.2,0.2,0,1.2,0.3,1.3,0.3,0.9,0,0.2,19.8,12.8,8.8,20,11.6,13.5,13.3,24.3,10,25.8,11.7,18.4,12.8,11.2,14.2,13.8,3.3,8.9,15,19.6,18.1,20.5,18.7,6.4,33.8,2.3,23.2,15.3,10.2,10.6,13.8,30.6,17.3,10.1,25.9,13.7,19.1,17.3,34.2,12.2,40,14.4,28.8,18,14.8,21.6,19.8,4,10.1,22.3,29.5,26.3,30.2,32,7.9,47.2,3.6,34.6,22,13.7,13,18.4,,,,,,22.2204,114.2127
2026-08-24T06:00,28.8,27,27.9,27.8,28.1,27.9,28.3,28.9,28.4,28.2,27.5,28.4,27.5,27.5,27.1,27.6,29,29.2,28.1,27.9,28.3,28.3,28.1,27.7,28.8,27.8,27.8,27.3,29.6,28.8,28.2,27.7,27.7,29.4,26.9,27.3,28.6,27.7,29.2,27.6,85,91,87,89,91,89,90,87,85,85,92,89,90,92,91,91,85,84,90,90,85,88,91,87,90,90,93,90,80,88,89,89,90,89,93,90,85,89,89,92,0.1,0.7,0.4,0.3,2.2,0.4,1.7,0,0,0.2,0.5,1,1.3,0,0.7,0,0,0,1.1,0.3,0,0,0,0.5,0,0.6,0.1,0.9,0.2,0,0,1.4,2.1,0,0.8,0.7,0.2,0.1,0,0.3,8.5,5.2,3.2,3.7,10.8,5.4,12,2.2,2.3,5.1,5.2,11.6,6.6,2.2,3.6,4.3,5.4,5.8,4.8,5.2,10.9,3.9,1.5,3.3,1.6,4.6,1.4,8.9,3.7,1.6,2.8,7.7,9,4,3.9,4.7,4.3,13.6,1.9,3.2,,,,,,,,,,,,,,,,,,,,,,,,,,,,,,,,,,,,,,,,,28.2,28.5,28.2,27.9,28,29.3,28.6,28.1,28,27.8,27.9,27.8,27.9,27.8,27.8,27.8,27.7,27.8,27.7,28.1,28.3,28.7,28.4,28.1,27.2,28.3,28.1,28.4,27.7,28.1,28,86,81,85,87,86,78,82,81,84,85,82,87,84,85,82,85,82,87,84,85,84,82,83,84,89,82,85,82,85,81,85,0.4,0,0.3,0.6,0,0.3,0.2,0,0.1,0.1,0,1.4,0.1,0.1,0,0.9,0,0,0.1,0.9,0,1.9,0.3,0,1.5,0,0.9,0.5,0.1,0,0.1,18.8,10.7,7.4,22.6,10.1,12.1,10.3,22.9,10.9,24.8,12.2,18.4,11.4,9.5,14.7,14.1,2.4,9.7,14.8,20.5,17.2,16.2,16.6,4.6,31.6,2.8,23.6,14.9,9.9,9.7,12.3,28.8,14.4,8.6,29.5,11.9,16.6,13.7,32,13.3,37.8,15.5,28.1,15.8,12.6,22,20.9,3.2,10.8,21.2,30.6,24.8,25.2,27.7,5.8,45.4,4,34.6,20.9,12.6,12.2,16.2,,,,,,22.2204,114.2127
2026-08-24T07:00,28.8,26.9,27.9,27.7,28,27.8,28.3,28.9,28.3,28.1,27.5,28.4,27.4,27.5,27,27.6,28.9,29.1,28,27.9,28.2,28.2,28,27.6,28.8,27.6,27.7,27.2,29.5,28.8,28.2,27.7,27.7,29.4,26.8,27.3,28.5,27.7,29.1,27.6,85,91,87,89,91,90,90,87,86,86,92,89,90,92,91,91,85,85,90,90,85,88,91,87,91,91,93,90,80,88,89,89,90,89,93,91,86,89,89,92,0.1,0.7,0.4,0.3,2.2,0.4,1.7,0,0,0.2,0.5,1,1.3,0,0.7,0,0,0,1.1,0.3,0,0,0,0.5,0,0.6,0.1,0.9,0.2,0,0,1.4,2.1,0,0.8,0.7,0.2,0.1,0,0.3,8.6,5.2,3.4,3.6,10.8,5.4,11.7,2.2,2.2,5.4,5.4,11.4,7.4,2.2,3.4,4.3,5.3,6.4,5.2,5,11.7,4,1.9,3.3,1.5,4.9,1.8,8.5,3.9,1.5,3.1,8,9,4,3.9,4.5,4.7,14.1,1.6,3.6,,,,,,,,,,,,,,,,,,,,,,,,,,,,,,,,,,,,,,,,,28.3,28.5,28.6,28,28.1,29.4,28.8,28.3,28,27.9,28,27.9,28,28.1,27.9,27.9,27.8,27.9,27.9,28.2,28.4,28.2,28.4,28.2,27.5,28.5,28.2,28.5,27.9,28.2,28.2,85,81,83,86,85,77,81,80,84,85,82,86,83,83,81,84,82,86,84,85,83,85,83,83,87,81,84,80,84,80,84,0.4,0,0.3,0.6,0,0.3,0.2,0,0.1,0.1,0,1.4,0.1,0.1,0,0.9,0,0,0.1,0.9,0,1.9,0.3,0,1.5,0,0.9,0.5,0.1,0,0.1,17.4,8.8,5.4,25.3,9.1,10,7,20.4,11.9,23.5,13,19.5,9.3,8.5,15.3,15.3,1.8,10.5,14.6,21.3,16.8,12.9,14.5,3.2,28.4,3.7,24.2,14.7,10.2,9.4,10.3,25.6,11.2,7.2,33.8,10.8,13,10.1,29.2,14.4,34.6,16.6,28.4,13,11.5,22.3,23,2.5,11.9,20.5,31.7,23,19.8,22.7,4.7,41.8,5.8,34.6,19.8,12.6,11.5,13.7,,,,,,22.2204,114.2127
2026-08-24T08:00,28.8,26.9,28,27.7,28,27.8,28.3,28.9,28.3,28,27.6,28.4,27.3,27.5,27,27.6,28.8,29,28,27.9,28.1,28.2,28,27.6,28.7,27.5,27.7,27.2,29.4,28.7,28.2,27.7,27.7,29.4,26.9,27.2,28.5,27.7,29.1,27.6,85,91,87,89,91,90,90,87,86,86,92,89,90,92,91,91,85,85,90,90,85,88,91,87,91,91,93,90,80,88,89,89,90,89,93,91,86,89,89,92,0.1,0.7,0.4,0.3,2.2,0.4,1.7,0,0,0.2,0.5,1,1.3,0,0.7,0,0,0,1.1,0.3,0,0,0,0.5,0,0.6,0.1,0.9,0.2,0,0,1.4,2.1,0,0.8,0.7,0.2,0.1,0,0.3,8.6,5.2,3.4,3.6,11,5.4,11.4,2.2,2.2,5.4,5.4,11.4,7.9,2.2,3.4,4.3,5,6.8,5.6,5,11.9,3.9,1.9,3.3,1.5,5.2,1.8,8.2,4.2,1.8,3.1,8,9,4,3.9,4.5,4.7,14.4,1.6,3.6,,,,,,,,,,,,,,,,,,,,,,,,,,,,,,,,,,,,,,,,,28.5,28.7,29.1,28.2,28.3,29.6,29.1,28.5,28.1,28.1,28.2,28,28.1,28.4,27.9,28.1,28.1,28,28.1,28.3,28.6,27.9,28.5,28.5,27.8,28.8,28.4,28.7,28,28.4,28.5,83,80,80,85,84,77,80,78,83,84,81,84,82,81,81,84,80,86,83,84,82,86,83,82,85,80,83,79,83,79,82,0.4,0,0.3,0.6,0,0.3,0.2,0,0.1,0.1,0,1.4,0.1,0.1,0,0.9,0,0,0.1,0.9,0,1.9,0.3,0,1.5,0,0.9,0.5,0.1,0,0.1,16.1,6.5,4.3,26.7,8.1,8.9,5.8,18.5,13.4,22.7,14,20.7,8.4,8.7,15.3,16.5,1.8,11.6,14.1,21.7,16.3,11.5,14.2,3.6,25.3,4.9,24.7,14.6,11,8.9,9.1,22.7,9,6.1,35.6,9.7,11.2,7.9,26.3,15.8,32,17.6,28.8,11.5,11.5,22,25.6,2.5,13.3,19.8,31.3,22,15.1,20.9,4.3,38.9,7.2,34.9,19.1,13.7,11.2,11.5,,,,,,22.2204,114.2127
2026-08-24T09:00,28.8,26.8,28,27.7,28,27.7,28.3,28.9,28.3,28,27.7,28.5,27.2,27.5,27,27.6,28.8,29.1,28,27.9,28,28.3,28,27.6,28.7,27.4,27.7,27.1,29.3,28.7,28.3,27.7,27.8,29.5,26.9,27.2,28.4,27.7,29.1,27.6,85,91,87,89,91,90,90,87,86,86,92,89,90,92,91,91,85,85,90,90,85,88,91,87,91,91,93,90,80,88,89,89,90,89,93,91,86,89,89,92,0.3,0.8,0.3,0.8,4.3,2.3,0.4,0.5,0.2,2.5,1,0.4,0.3,0,0.6,0,0.5,0.4,0.3,0.4,1.6,0.2,0.3,0.2,1.6,1,0.3,0.5,0.7,0.5,0.3,0.7,1.6,0.2,1,0.2,0.6,1.8,0.1,0.6,8.6,5.2,3.4,3.3,11.2,5.4,11.2,2.2,2.2,5.2,5.4,11.4,8.2,2.3,3.4,4.3,4.7,6.8,5.6,5,11.9,3.9,1.9,3.3,1.1,5.4,1.4,7.9,4.2,2.2,3.1,8,9,4.1,4,4.5,4.7,14.5,1.6,3.6,,,,,,,,,,,,,,,,,,,,,,,,,,,,,,,,,,,,,,,,,28.8,29.2,29.8,28.5,28.7,29.9,29.4,28.9,28.3,28.3,28.4,28.2,28.4,28.7,27.9,28.3,28.6,28.2,28.3,28.5,28.9,28.2,28.7,28.9,28.2,29.1,28.6,29,28.2,28.9,28.9,81,78,76,84,82,76,78,76,82,83,80,82,80,80,81,83,76,85,82,83,80,84,82,80,83,79,82,78,82,77,79,0,0.1,0.1,0,0,0.1,0.4,0,0.2,0.1,0,2.5,0.4,0,0,2.3,0,0,0,0.5,0,0,0.4,0,0.4,0,0.8,0.2,1.2,0,0,15.2,5.5,3.9,25.7,7.1,10.7,6.1,16.7,15.6,22.2,15.3,21.7,10.1,10.4,14.4,18.2,2.2,13.8,13.4,20.6,16,8.9,16.3,5.4,23.2,5,25.6,14.3,12.7,8.2,8.9,20.5,6.8,6.1,33.1,8.3,14,8.3,23,18.4,30.6,18.7,30.2,13.7,13.3,20.2,27.7,2.9,15.8,18,29.2,20.9,11.5,23.8,5.4,36.7,7.2,35.3,18,15.8,10.8,10.8,,,,,,22.2204,114.2127
2026-08-24T10:00,28.8,26.8,28.1,27.7,28,27.7,28.2,29,28.3,27.9,27.8,28.5,27.2,27.6,27,27.6,28.8,29.2,28.1,28,27.9,28.3,28,27.7,28.6,27.4,27.8,27.1,29.2,28.7,28.3,27.7,27.8,29.5,27,27.2,28.4,27.6,29.1,27.6,85,91,87,89,91,91,90,86,86,87,92,88,90,91,91,91,85,85,90,90,85,88,91,87,92,91,92,91,80,88,88,89,90,89,93,91,86,89,88,92,0.3,0.8,0.3,0.8,4.3,2.3,0.4,0.5,0.2,2.5,1,0.4,0.3,0,0.6,0,0.5,0.4,0.3,0.4,1.6,0.2,0.3,0.2,1.6,1,0.3,0.5,0.7,0.5,0.3,0.7,1.6,0.2,1,0.2,0.6,1.8,0.1,0.6,8.6,5.2,2.9,3.3,10.9,5.1,10.8,2.2,1.8,4.9,5.2,11,8.2,1.9,3.4,4.3,3.7,6.6,5.2,5,11.8,3.9,1.8,3.3,1.1,5,1.1,7.9,4.1,2.3,2.8,8,8.7,4.6,4.5,4.5,5.1,14.5,1.6,3.6,,,,,,,,,,,,,,,,,,,,,,,,,,,,,,,,,,,,,,,,,29.3,29.8,30.6,28.9,29.2,30.3,29.7,29.4,28.6,28.6,28.6,28.4,28.8,29.1,27.9,28.6,29.3,28.4,28.6,28.8,29.3,28.8,29,29.3,28.6,29.4,28.9,29.4,28.4,29.6,29.4,79,76,73,82,79,75,76,75,80,81,79,80,78,79,81,83,71,84,80,81,79,82,82,77,82,77,81,77,80,74,76,0,0.1,0.1,0,0,0.1,0.4,0,0.2,0.1,0,2.5,0.4,0,0,2.3,0,0,0,0.5,0,0,0.4,0,0.4,0,0.8,0.2,1.2,0,0,14.8,4.7,4,23.1,6.3,15,6.7,15.2,17.9,21.5,16.7,22.7,13.5,12.6,12.9,19.9,2.5,17,12.3,18.8,16,5.4,20.3,7.7,23.1,5.2,26.2,14.4,15,7.8,9.2,18.7,5.8,6.5,28.1,7.2,18.7,9.7,19.8,20.9,29.2,20.2,31.7,17.3,16.6,17.6,29.9,3.6,19.4,16.2,25.9,20.2,9.4,29.5,7.2,35.3,6.8,35.6,16.6,19.1,10.4,10.8,,,,,,22.2204,114.2127
2026-08-24T11:00,28.8,26.8,28.2,27.7,28,27.7,28.2,29,28.3,27.9,27.9,28.6,27.2,27.7,27,27.7,28.8,29.3,28.2,28,27.8,28.4,28.1,27.8,28.6,27.3,27.8,27,29.1,28.7,28.4,27.7,27.8,29.6,27.2,27.2,28.4,27.6,29.2,27.6,85,91,87,89,91,91,90,86,87,88,91,88,90,91,91,90,85,84,89,90,86,88,90,86,92,91,92,91,81,88,88,88,90,88,92,91,86,89,88,91,0.3,0.8,0.3,0.8,4.3,2.3,0.4,0.5,0.2,2.5,1,0.4,0.3,0,0.6,0,0.5,0.4,0.3,0.4,1.6,0.2,0.3,0.2,1.6,1,0.3,0.5,0.7,0.5,0.3,0.7,1.6,0.2,1,0.2,0.6,1.8,0.1,0.6,8.5,5.4,2.7,2.8,11.2,5.1,10.6,2.5,1.9,4.2,5.2,11,7.9,2.3,3.4,4.4,3.1,6.5,4.9,4.8,11.9,3.7,1.8,2.9,0.8,4.8,0.5,7.9,4,2.6,2.5,7.9,8.6,4.7,5,4.5,5.1,14.8,1.6,3.6,,,,,,,,,,,,,,,,,,,,,,,,,,,,,,,,,,,,,,,,,29.6,30.2,31.2,29.3,29.6,30.6,30,29.8,28.8,28.8,28.8,28.6,29,29.4,28,28.8,29.8,28.6,28.9,29.1,29.7,29.4,29.2,29.7,29,29.6,29.1,29.7,28.6,30.1,29.8,77,75,70,80,77,74,75,73,79,80,78,79,77,78,80,82,68,83,78,79,77,79,81,75,81,76,80,77,79,72,74,0,0.1,0.1,0,0,0.1,0.4,0,0.2,0.1,0,2.5,0.4,0,0,2.3,0,0,0,0.5,0,0,0.4,0,0.4,0,0.8,0.2,1.2,0,0,15.2,5.1,4.6,20.4,6.5,18.8,7,14.3,19.7,21,18,23.3,16.5,14.4,11,22,3.7,19.4,11.6,17,16.5,6.4,23.5,9.8,24.3,5.5,26.4,15.1,17.6,7.9,10.2,18,7.6,7.9,23,7.2,23.4,10.4,17.6,23,28.1,21.2,32.4,20.9,18.7,14.8,31.3,4.7,22.3,14.8,22.7,20.2,9,34.2,9.4,34.2,7.2,35.6,16.6,22.3,11.2,11.5,,,,,,22.2204,114.2127
2026-08-24T12:00,28.8,26.8,28.3,27.8,28,27.6,28.2,29,28.3,27.8,28,28.7,27.2,27.8,27.1,27.8,28.9,29.5,28.3,28.1,27.7,28.5,28.1,27.9,28.5,27.3,27.9,27,29,28.7,28.5,27.8,27.9,29.7,27.4,27.2,28.4,27.6,29.2,27.6,85,92,86,89,91,91,89,85,87,88,91,88,90,90,90,90,85,84,89,90,86,87,90,86,92,92,91,92,81,88,87,88,90,88,92,91,86,89,87,91,0.3,0.8,0.3,0.8,4.3,2.3,0.4,0.5,0.2,2.5,1,0.4,0.3,0,0.6,0,0.5,0.4,0.3,0.4,1.6,0.2,0.3,0.2,1.6,1,0.3,0.5,0.7,0.5,0.3,0.7,1.6,0.2,1,0.2,0.6,1.8,0.1,0.6,8.5,5,2.3,2.3,11,4.7,10.5,2.5,1.6,3.4,5.2,10.6,8,2.3,3.1,4.2,2.2,6.1,4.2,4.8,12.5,3.4,1.6,3,0.8,4.7,0.5,7.6,4,2.9,2.1,7.6,8.2,5.2,5.5,4.8,5,15.4,1.9,3.7,,,,,,,,,,,,,,,,,,,,,,,,,,,,,,,,,,,,,,,,,29.8,30,31.2,29.8,29.8,30.5,29.9,30.2,28.9,28.9,29,28.8,29.1,29.6,28.2,28.9,30,28.7,29.1,29.3,29.9,29.8,29.3,29.8,29.2,29.6,29.2,29.9,28.8,30.3,30.2,77,76,70,78,76,75,75,71,78,79,77,78,77,77,79,82,67,82,76,78,76,77,81,74,81,76,80,77,78,71,73,0,0.5,0,0,0,0,0,0,0,0,0.1,0.1,0.3,0,0.1,0.9,0,0,0,0,0,0,0,0,0.3,0,0.2,0,0.2,0,0,16.4,11.8,7,15.8,8.3,21.1,6.3,14.5,20.4,19.9,18.7,21.9,18.2,15.8,8.2,23,5.8,21.2,11.4,14.5,17.9,9.9,25.4,12.1,25.7,6.7,25.8,16.9,20.1,10.1,11.6,19.1,15.1,10.4,18.4,9,27,9.7,17.6,23.8,26.6,22.3,31,23.8,19.4,11.2,32,6.5,24.8,14,19.4,21.2,12.2,36.4,11.5,34.2,8.3,35.3,18.4,25.6,13.3,12.6,,,,,,22.2204,114.2127
2026-08-24T13:00,28.9,26.8,28.4,27.9,28,27.6,28.2,29.1,28.4,27.8,28.2,28.8,27.2,27.9,27.1,27.8,29,29.7,28.4,28.2,27.6,28.6,28.2,28,28.5,27.2,28,27,28.8,28.7,28.6,27.8,27.9,29.7,27.5,27.2,28.5,27.6,29.3,27.6,86,92,86,89,91,92,89,85,87,89,90,87,89,89,90,89,84,83,88,90,86,87,89,86,92,92,90,92,82,88,87,88,90,87,91,91,86,89,86,91,0.3,0.8,0.3,0.8,4.3,2.3,0.4,0.5,0.2,2.5,1,0.4,0.3,0,0.6,0,0.5,0.4,0.3,0.4,1.6,0.2,0.3,0.2,1.6,1,0.3,0.5,0.7,0.5,0.3,0.7,1.6,0.2,1,0.2,0.6,1.8,0.1,0.6,8,5.2,1.8,1.8,10.9,4.7,10.3,2.9,1.5,2.7,4.7,10.3,7.6,2.7,3.1,4.3,1.9,5.9,3.5,4.8,14.4,3.6,1.8,3.1,0.7,4.6,1.5,7.8,3.6,3.4,1.9,7.4,7.9,5.6,6.2,5,5.1,16.8,1.9,3.7,,,,,,,,,,,,,,,,,,,,,,,,,,,,,,,,,,,,,,,,,30,29.6,31,30.4,29.8,30.3,29.8,30.5,29,28.9,29.2,29,29.2,29.8,28.5,29.1,30,28.7,29.3,29.5,30.1,30.2,29.4,29.8,29.3,29.5,29.3,30,29,30.5,30.5,77,78,70,76,77,77,76,70,78,79,76,78,77,77,77,82,67,81,75,77,74,76,82,75,81,76,80,77,77,70,72,0,0.5,0,0,0,0,0,0,0,0,0.1,0.1,0.3,0,0.1,0.9,0,0,0,0,0,0,0,0,0.3,0,0.2,0,0.2,0,0,18.1,22.7,11.6,10.5,11.3,22.9,5.2,15.9,20.2,18.7,19.3,19.9,19.5,16.6,5.1,23.8,8.3,23,11.9,12.3,19.5,14.3,26.5,14.3,26.6,8.4,24.3,19.3,22.1,13.9,13.6,21.2,25.9,13.3,13.7,12.2,29.9,7.9,19.1,24.1,25.2,23.4,28.4,26.3,19.4,7.2,32,8.6,27,14,16.2,22.7,17.3,37.1,14,34.9,10.1,34.6,21.2,29.2,16.2,14.4,,,,,,22.2204,114.2127
2026-08-24T14:00,28.9,26.7,28.6,28,28,27.5,28.2,29.1,28.4,27.8,28.3,28.9,27.2,28.1,27.2,27.9,29,29.9,28.6,28.2,27.5,28.7,28.2,28.2,28.5,27.2,28,26.9,28.7,28.7,28.6,27.8,28,29.8,27.7,27.3,28.5,27.6,29.4,27.6,86,92,86,89,91,92,89,84,87,90,90,87,89,88,89,89,84,82,88,90,87,86,89,85,92,92,90,93,82,88,86,87,90,87,90,91,86,89,85,90,0.3,0.8,0.3,0.8,4.3,2.3,0.4,0.5,0.2,2.5,1,0.4,0.3,0,0.6,0,0.5,0.4,0.3,0.4,1.6,0.2,0.3,0.2,1.6,1,0.3,0.5,0.7,0.5,0.3,0.7,1.6,0.2,1,0.2,0.6,1.8,0.1,0.6,8,5.2,1.4,1.3,11.3,4.3,10.5,2.9,1.6,1.8,4.7,10,7.2,3.1,3.1,4.7,1.8,5.7,2.9,5,16.4,3.8,2.1,3.4,1.3,4.6,2.3,7.8,3.3,3.6,1.8,7.1,7.4,6.1,6.7,5,5.1,19.1,2.3,3.4,,,,,,,,,,,,,,,,,,,,,,,,,,,,,,,,,,,,,,,,,30.1,29.2,30.6,30.7,29.8,30.1,29.7,30.7,29,29,29.3,29.2,29.2,29.9,28.7,29.2,30,28.7,29.4,29.7,30.2,30.4,29.4,29.8,29.3,29.4,29.3,30,29.1,30.5,30.6,77,80,72,75,77,78,76,69,78,79,76,78,77,77,76,82,68,80,74,76,74,76,82,75,81,76,81,77,77,70,72,0,0.5,0,0,0,0,0,0,0,0,0.1,0.1,0.3,0,0.1,0.9,0,0,0,0,0,0,0,0,0.3,0,0.2,0,0.2,0,0,18.9,30,15.5,7.9,13.2,23.7,4.9,17.9,19.9,17.6,19.7,19.4,20.5,17.2,2,23.8,10.5,24.1,12.2,12,20.9,18.1,26.4,15.6,27.5,9.7,23.2,20.9,23.4,17.7,15.3,22.3,33.5,16.2,11.5,14.4,31.7,6.8,20.5,24.5,23.8,23.8,27,28.4,19.1,5,32,10.4,29.2,14,14.4,24.1,22.3,36.4,15.8,35.6,11.5,33.8,23,31,19.4,16.2,,,,,,22.2204,114.2127
2026-08-24T15:00,28.9,26.7,28.7,28.1,28,27.5,28.1,29.1,28.5,27.8,28.5,29,27.2,28.2,27.3,28,29.1,30.2,28.7,28.3,27.3,28.8,28.3,28.3,28.4,27.1,28.1,26.9,28.6,28.7,28.7,27.9,28,29.9,27.9,27.3,28.5,27.6,29.5,27.6,86,92,86,89,90,92,88,84,88,90,89,86,89,87,89,88,84,81,87,89,87,86,88,85,93,92,89,94,82,87,85,87,89,86,90,91,85,89,84,90,0.3,0.8,0.3,0.8,4.3,2.3,0.4,0.5,0.2,2.5,1,0.4,0.3,0,0.6,0,0.5,0.4,0.3,0.4,1.6,0.2,0.3,0.2,1.6,1,0.3,0.5,0.7,0.5,0.3,0.7,1.6,0.2,1,0.2,0.6,1.8,0.1,0.6,8,5.3,1.1,0.7,11.2,4.3,10.4,3.2,1.8,1.1,4.7,9.7,7,3.7,3.1,4.6,2.5,5.3,2.3,5,19.4,3.9,2.6,3.6,1.5,4.5,3.3,7.8,3,4.1,2.3,6.8,7.1,6.3,7.4,5.2,5.2,20.9,2.3,3.4,,,,,,,,,,,,,,,,,,,,,,,,,,,,,,,,,,,,,,,,,30.1,28.9,30.3,30.5,29.8,30,29.9,30.7,29,29,29.3,29.2,29.2,29.9,29,29.2,29.9,28.7,29.5,29.7,30.2,30.3,29.3,29.8,29.2,29.4,29.3,29.9,29,30.3,30.6,77,81,74,76,77,79,75,69,78,79,76,78,77,78,74,82,68,80,74,76,74,77,82,75,81,76,82,78,77,71,73,0,0.5,0,0,0,0,0,0,0,0,0,0,0.1,0,0,0.3,0,0,0,0,0,0.1,0.1,0,0.5,0,0,0,0.2,0,0,18.6,30,17.8,11,14.1,23.2,4.7,19.1,19.2,16.3,18.9,20.2,21.3,17.2,2.6,23.3,11.6,24.8,13,12.9,21.8,20.4,24.2,16.2,27.9,10.4,23,20.9,22.7,20.4,16.6,21.6,34.6,18.7,14,15.5,31.3,6.5,22,24.8,22.7,22.7,28.1,29.9,18.7,6.1,32,11.2,31,14.4,14.8,25.2,26.3,33.5,16.9,36.4,12.6,33.5,23.4,30.2,23,17.3,,,,,,22.2204,114.2127
2026-08-24T16:00,28.9,26.7,28.8,28.2,28,27.5,28.1,29.2,28.5,27.7,28.6,29.1,27.3,28.3,27.3,28,29.1,30.4,28.9,28.3,27.2,28.9,28.4,28.5,28.4,27.1,28.2,26.9,28.5,28.7,28.8,27.9,28.1,29.9,28.1,27.3,28.5,27.5,29.5,27.6,86,92,86,89,90,92,88,83,88,91,89,86,89,86,89,88,83,81,86,89,88,86,87,84,93,92,88,94,83,87,85,87,89,86,89,91,85,89,84,90,0.3,0.8,0.3,0.8,4.3,2.3,0.4,0.5,0.2,2.5,1,0.4,0.3,0,0.6,0,0.5,0.4,0.3,0.4,1.6,0.2,0.3,0.2,1.6,1,0.3,0.5,0.7,0.5,0.3,0.7,1.6,0.2,1,0.2,0.6,1.8,0.1,0.6,7.6,5.3,1.3,0.5,11.2,4,10.3,3.3,2.2,1.5,4.7,9.3,6.7,4,3.1,5.1,3.6,5.2,1.6,5,22.1,3.9,3,3.8,2,4.9,4.5,7.8,2.7,4.6,2.4,6.3,6.8,6.6,7.9,5.5,5.2,23.1,2.6,3.5,,,,,,,,,,,,,,,,,,,,,,,,,,,,,,,,,,,,,,,,,30.2,28.7,29.9,30.1,29.8,29.9,30.1,30.5,28.8,28.9,29.2,29.2,29.1,29.8,29.2,29.2,29.8,28.5,29.5,29.6,30,30,29.1,29.7,29.1,29.4,29.1,29.6,28.9,30,30.5,76,82,77,77,78,79,75,70,79,80,76,78,77,79,73,81,69,80,75,77,76,79,82,76,82,77,82,79,77,74,74,0,0.5,0,0,0,0,0,0,0,0,0,0,0.1,0,0,0.3,0,0,0,0,0,0.1,0.1,0,0.5,0,0,0,0.2,0,0,17.4,26.1,19.1,17.2,14.2,21.8,4.3,20.2,18.7,15.5,17.6,21.3,22,16.4,7,22.5,12.4,24.9,14.3,14.6,22,21.8,20.5,16.3,27.7,10.9,22.9,20.3,20.9,22.9,18.1,19.8,32.8,20.9,19.4,15.8,29.2,6.1,23.4,25.6,21.6,20.5,30.2,30.6,18.4,8.6,32,11.5,32,15.1,16.6,25.9,30.2,29.2,17.6,36.7,13.7,33.1,23,27.7,27,18,,,,,,22.2204,114.2127
2026-08-24T17:00,28.9,26.7,28.8,28.3,28,27.4,28.1,29.2,28.5,27.7,28.8,29.2,27.3,28.5,27.4,28.1,29.2,30.6,29,28.4,27.1,29,28.4,28.6,28.4,27.1,28.3,26.8,28.4,28.7,28.9,27.9,28.1,30,28.3,27.3,28.6,27.5,29.6,27.6,86,92,86,89,90,93,88,83,88,92,88,86,88,85,88,88,83,80,86,89,88,85,87,84,93,92,87,95,83,87,84,86,89,85,88,91,85,89,83,89,0.3,0.8,0.3,0.8,4.3,2.3,0.4,0.5,0.2,2.5,1,0.4,0.3,0,0.6,0,0.5,0.4,0.3,0.4,1.6,0.2,0.3,0.2,1.6,1,0.3,0.5,0.7,0.5,0.3,0.7,1.6,0.2,1,0.2,0.6,1.8,0.1,0.6,7.6,5.3,1.6,0.8,11.2,4,10.2,3.3,2.2,2.2,4.7,9,6.6,4.3,2.8,5.4,4.4,5.4,1.4,5,25.1,4.1,3.7,4.3,2.3,5.1,5.2,7.8,2.4,4.8,2.6,6,6.3,6.8,8.4,5.5,5.4,25.1,2.6,3.2,,,,,,,,,,,,,,,,,,,,,,,,,,,,,,,,,,,,,,,,,30.1,28.5,29.5,29.7,29.7,29.7,30.2,30.2,28.7,28.9,29.1,29.1,29,29.7,29.3,29.1,29.6,28.4,29.4,29.5,29.8,29.8,29,29.6,29,29.4,29,29.4,28.8,29.7,30.3,76,83,80,79,79,80,74,72,80,80,76,79,77,80,72,81,70,81,76,78,77,81,82,77,82,78,83,80,78,76,76,0,0.5,0,0,0,0,0,0,0,0,0,0,0.1,0,0,0.3,0,0,0,0,0,0.1,0.1,0,0.5,0,0,0,0.2,0,0,16.5,23.2,20.2,21.7,14.5,20.4,5.2,21,18.9,14.3,16.3,21.8,21.6,15.7,9.6,21.8,12.5,25.2,14.7,16,21.9,23.2,18.5,15.8,27.8,11.2,22.6,19.1,19.7,24.2,19.2,18.4,31.7,22.7,23.8,15.8,27.4,6.8,24.5,26.6,20.2,19.1,31.7,30.2,17.6,10.4,32,11.9,33.8,15.1,18.4,26.6,33.1,26.6,17.3,37.1,14.4,32.8,22.3,26.3,29.9,19.8,,,,,,22.2204,114.2127
2026-08-24T18:00,28.8,26.7,28.9,28.3,28,27.4,28.1,29.2,28.6,27.7,28.9,29.3,27.3,28.6,27.4,28.1,29.2,30.8,29.1,28.4,27,29.1,28.5,28.7,28.3,27.1,28.3,26.8,28.3,28.7,28.9,27.9,28.2,30,28.4,27.4,28.6,27.5,29.6,27.6,87,92,86,89,90,93,87,82,88,92,88,85,88,84,88,87,83,79,85,89,88,85,86,83,93,92,87,95,84,87,84,86,89,85,88,91,85,89,82,89,0.3,0.8,0.3,0.8,4.3,2.3,0.4,0.5,0.2,2.5,1,0.4,0.3,0,0.6,0,0.5,0.4,0.3,0.4,1.6,0.2,0.3,0.2,1.6,1,0.3,0.5,0.7,0.5,0.3,0.7,1.6,0.2,1,0.2,0.6,1.8,0.1,0.6,7.2,5.3,1.8,0.7,11.2,3.7,10.2,3.3,2.6,3,4.4,8.7,6.9,4.7,2.8,5.7,5.2,5.4,1.5,4.8,27.9,4.5,4,4.4,2.5,5.8,5.9,7.6,2.6,5.1,2.8,5.8,6.3,7.3,9.2,5.5,5.5,27,2.6,3.4,,,,,,,,,,,,,,,,,,,,,,,,,,,,,,,,,,,,,,,,,29.8,28.4,29.1,29.4,29.5,29.5,30.2,29.8,28.5,28.7,29,29,28.8,29.5,29.1,29,29.3,28.3,29.2,29.2,29.6,29.6,28.8,29.3,28.8,29.2,28.7,29.2,28.6,29.3,29.9,77,84,82,81,80,82,74,74,81,81,76,80,78,81,73,81,72,82,77,80,79,81,83,78,83,80,84,81,79,78,78,0,1,0.1,0.3,0,0,0,0,0.3,0,0,0,0.1,0,0,0.1,0,0,0,0.1,0.2,1,0.3,0,0.4,0,0.2,0.1,0,0,0.1,16.2,22.9,20.2,22.6,14.4,19,7.1,20.7,20.3,13.4,15.4,21.1,19.8,14.8,9.4,21.9,12,25.9,13.6,16.6,21.4,24.3,19.2,14.2,26.8,11.2,21.7,18.3,19.6,23.5,20,17.6,32.4,24.1,25.9,15.8,25.2,8.6,25.6,28.4,18,18.7,31,28.1,16.9,9.7,32.4,12.2,36.4,14.4,20.5,26.6,35.3,28.1,15.8,37.1,14.4,32,21.6,26.6,30.2,23,,,,,,22.2204,114.2127
2026-08-24T19:00,28.8,26.7,28.9,28.4,28,27.4,28.1,29.2,28.5,27.7,28.9,29.3,27.3,28.6,27.4,28.1,29.2,30.9,29.2,28.4,26.9,29.1,28.5,28.8,28.3,27,28.4,26.8,28.2,28.7,29,27.9,28.2,30,28.6,27.4,28.6,27.5,29.6,27.6,87,92,86,90,90,93,87,82,89,93,87,85,88,83,88,87,83,79,85,89,89,85,86,83,93,92,86,96,84,87,83,86,89,84,87,91,85,89,82,89,0.3,0.8,0.3,0.8,4.3,2.3,0.4,0.5,0.2,2.5,1,0.4,0.3,0,0.6,0,0.5,0.4,0.3,0.4,1.6,0.2,0.3,0.2,1.6,1,0.3,0.5,0.7,0.5,0.3,0.7,1.6,0.2,1,0.2,0.6,1.8,0.1,0.6,7.2,5.3,2.2,1.1,11.2,3.7,10.4,3.3,2.6,3.4,4.5,8.4,6.8,5,2.8,6,5.7,5.4,1.3,4.5,30,4.4,4.3,4.4,2.8,6.1,6.6,7.6,2.3,5.6,3.1,5.5,5.8,7,9.7,5.5,5.6,27.9,2.6,3.4,,,,,,,,,,,,,,,,,,,,,,,,,,,,,,,,,,,,,,,,,29.5,28.5,28.7,29.1,29.1,29.2,30.1,29.4,28.4,28.5,28.8,28.8,28.5,29.3,28.8,28.8,29,28.3,29,28.9,29.3,29.4,28.7,29,28.6,29,28.5,28.9,28.5,29,29.4,78,85,84,83,81,84,74,77,81,81,77,82,80,83,75,82,74,83,79,82,81,81,85,80,83,82,85,82,80,80,80,0,1,0.1,0.3,0,0,0,0,0.3,0,0,0,0.1,0,0,0.1,0,0,0,0.1,0.2,1,0.3,0,0.4,0,0.2,0.1,0,0,0.1,15.9,23.8,19.1,22.2,13.9,17.9,9,20.1,22.8,12.2,15.3,19.7,17.3,13.5,7.8,22.1,11.2,26.3,12,16.5,20.4,24.7,21,11.9,25.5,11.2,20.6,17.1,20.1,21.8,21.4,17.6,33.8,24.8,27,15.8,23,10.8,26.3,31,15.5,19.1,29.2,25.2,16.2,7.9,32.8,12.2,39.2,13.3,22.7,26.6,36.4,31.7,13.7,36.7,14,31.3,20.9,28.1,29.2,27.4,,,,,,22.2204,114.2127
2026-08-24T20:00,28.8,26.7,28.9,28.3,28,27.4,28.2,29.2,28.5,27.6,29,29.4,27.3,28.7,27.4,28.1,29.2,31,29.2,28.3,26.8,29.1,28.5,28.9,28.3,27,28.4,26.8,28.1,28.7,29,27.9,28.2,30,28.7,27.4,28.6,27.5,29.5,27.6,87,92,86,90,90,93,87,82,89,93,87,85,88,83,88,87,83,79,85,89,89,85,86,83,93,92,86,96,84,87,83,86,89,84,87,91,85,89,82,89,0.3,0.8,0.3,0.8,4.3,2.3,0.4,0.5,0.2,2.5,1,0.4,0.3,0,0.6,0,0.5,0.4,0.3,0.4,1.6,0.2,0.3,0.2,1.6,1,0.3,0.5,0.7,0.5,0.3,0.7,1.6,0.2,1,0.2,0.6,1.8,0.1,0.6,6.9,5.3,2.2,1.3,11.2,3.7,10.4,3.3,2.7,4.2,4.5,8.1,7.2,5,2.8,6,5.8,5.4,1.5,4.5,31.8,4.3,4.3,4.7,2.8,6.8,7,7.4,2.3,5.6,3.1,5.2,5.5,7.2,9.9,5.5,5.6,28.2,2.6,3.4,,,,,,,,,,,,,,,,,,,,,,,,,,,,,,,,,,,,,,,,,29.3,28.5,28.4,28.9,28.8,29,29.9,29,28.2,28.4,28.6,28.7,28.3,29.1,28.5,28.6,28.7,28.2,28.8,28.7,29.2,29.3,28.6,28.8,28.4,28.8,28.3,28.7,28.3,28.7,29.1,80,85,85,84,82,85,74,79,82,82,78,83,81,84,77,83,76,84,80,83,82,81,86,81,84,83,86,83,81,81,81,0,1,0.1,0.3,0,0,0,0,0.3,0,0,0,0.1,0,0,0.1,0,0,0,0.1,0.2,1,0.3,0,0.4,0,0.2,0.1,0,0,0.1,15.6,24.7,18.4,21.9,13.4,17.9,10.5,19.5,25,11.2,15.8,18.8,15.6,12.8,5.8,21.5,10.5,26.6,10.4,16,19.9,25.5,22.1,10.4,24.4,11.2,19.8,15.8,20.5,21.2,22.3,18,35.3,25.2,28.8,15.5,22.7,12.6,26.3,33.5,13.7,20.2,27.7,23,15.5,6.5,32,12.2,41,12.6,23.4,27,37.4,33.5,12.2,36.4,14,30.2,19.8,29.2,28.8,30.2,,,,,,22.2204,114.2127
2026-08-24T21:00,28.7,26.7,28.8,28.2,28,27.4,28.2,29.1,28.5,27.6,29,29.4,27.2,28.7,27.4,28.1,29.2,31.1,29.2,28.2,26.7,29,28.5,28.9,28.3,27,28.4,26.8,28.1,28.6,28.9,27.9,28.3,30,28.7,27.4,28.6,27.5,29.4,27.5,87,92,86,90,90,93,87,82,89,93,87,85,88,83,88,87,83,79,85,89,89,85,86,83,93,92,86,96,84,87,83,86,89,84,87,91,85,89,82,89,0.4,0.5,4.9,3.8,2.9,0,0.5,0,0.1,0.9,0,0.1,0.1,0,1.5,0.1,0.1,0,0.1,1.9,5.5,0.7,0,0,0.2,1.7,0,3.6,0,0.1,0,0.3,0.9,0.1,2.9,1.6,0.3,1.5,0.3,0.1,6.6,5.2,2.2,1.5,11.2,3.6,10.5,3.3,2.7,4.6,4.5,7.8,7.6,5,2.8,6,5.6,5.1,1.5,4.5,32.9,4.3,4.3,4.7,2.8,7.6,7,7.2,2.3,5.6,2.8,4.8,5.2,6.9,10.2,5.3,5.6,27.4,2.3,3.4,,,,,,,,,,,,,,,,,,,,,,,,,,,,,,,,,,,,,,,,,29.1,28.4,28.2,28.9,28.7,28.9,29.8,28.8,28,28.3,28.4,28.6,28.3,28.9,28.4,28.5,28.6,28.1,28.7,28.5,29.3,29.2,28.5,28.6,28.2,28.7,28.2,28.6,28.2,28.5,28.9,82,85,87,83,83,85,75,80,83,82,80,84,82,85,79,84,78,85,81,84,81,82,87,82,85,84,86,84,82,82,81,0.5,2.1,0.4,1.6,0,0.3,0.2,0,0,0,0.1,0,0.4,0.3,0,0.4,0,0.1,0,0,2.2,0.9,0.2,0.3,1.1,0,0.3,0,0.1,0,1.3,15.5,25.4,18.4,23.5,13,19.3,10.9,18.7,26.7,10.3,16.9,18.4,15,12.5,4.3,19.5,9.7,26.5,9.8,14.4,20.8,25.8,21.1,11.1,23.5,11.6,19,14.7,20.4,21.9,22.3,19.8,36,25.2,32,15.1,25.6,13.3,25.2,36,13,22.3,27.4,22.7,15.1,5,29.5,11.5,41,12.2,21.6,28.4,37.8,32,13,36.4,14.4,29.2,18.4,29.2,29.9,31,,,,,,22.2204,114.2127
2026-08-24T22:00,28.6,26.7,28.7,28.1,28,27.4,28.3,29.1,28.4,27.5,28.9,29.4,27.2,28.7,27.3,28,29.1,31,29.2,28.1,26.6,28.9,28.5,28.9,28.2,27,28.4,26.9,28.1,28.6,28.9,27.9,28.3,30,28.8,27.4,28.5,27.5,29.3,27.5,87,92,87,91,90,93,87,83,90,93,87,85,88,83,89,87,84,79,85,89,89,85,86,83,93,92,86,97,84,87,83,86,89,84,87,91,85,89,83,89,0.4,0.5,4.9,3.8,2.9,0,0.5,0,0.1,0.9,0,0.1,0.1,0,1.5,0.1,0.1,0,0.1,1.9,5.5,0.7,0,0,0.2,1.7,0,3.6,0,0.1,0,0.3,0.9,0.1,2.9,1.6,0.3,1.5,0.3,0.1,6.2,5.5,2.2,1.3,11.2,3.6,10.7,2.9,2.6,5.4,4.4,7.7,8.3,4.7,2.6,6,5.5,5,1,4,33.6,4,4,4.5,2.5,7.9,7.3,7,2.1,5.4,2.6,4.5,5,6.9,10.5,5.3,5.5,25.9,2.3,3.4,,,,,,,,,,,,,,,,,,,,,,,,,,,,,,,,,,,,,,,,,29,28.4,28,29,28.6,28.9,29.6,28.6,27.8,28.2,28.2,28.5,28.3,28.8,28.3,28.3,28.5,27.9,28.6,28.4,29.5,29.2,28.5,28.4,28.1,28.6,28.2,28.4,28.1,28.4,28.9,83,85,88,82,84,85,75,81,84,83,82,85,82,85,80,86,79,86,81,84,79,82,87,83,85,84,86,84,83,82,81,0.5,2.1,0.4,1.6,0,0.3,0.2,0,0,0,0.1,0,0.4,0.3,0,0.4,0,0.1,0,0,2.2,0.9,0.2,0.3,1.1,0,0.3,0,0.1,0,1.3,16,26.3,18.2,25.6,12.1,21.6,10.6,17.7,27.9,9.4,18.4,18.3,15.5,12.5,3.2,16.7,8.8,26.8,10,12.8,22.5,25.8,19.1,12.4,23,12.1,18.5,13.8,19.5,23.3,22.4,22,36.7,24.8,36,14.8,30.6,13.3,23.4,38.9,12.6,25.6,27.4,23,15.1,4,25.9,10.1,40.3,12.2,18,31,37.8,29.2,14.4,36.7,15.1,28.1,16.6,28.8,31.7,30.2,,,,,,22.2204,114.2127
2026-08-24T23:00,28.5,26.8,28.5,28,28,27.4,28.3,29,28.3,27.5,28.9,29.4,27.1,28.6,27.2,27.9,29,31,29.1,28,26.5,28.7,28.5,28.9,28.2,26.9,28.4,26.9,28.1,28.5,28.8,27.9,28.3,29.9,28.8,27.3,28.5,27.5,29.1,27.5,88,92,88,92,90,93,86,83,90,93,87,85,88,83,89,88,84,80,85,90,90,86,87,83,93,93,86,97,84,87,83,86,89,84,87,92,85,89,83,89,0.4,0.5,4.9,3.8,2.9,0,0.5,0,0.1,0.9,0,0.1,0.1,0,1.5,0.1,0.1,0,0.1,1.9,5.5,0.7,0,0,0.2,1.7,0,3.6,0,0.1,0,0.3,0.9,0.1,2.9,1.6,0.3,1.5,0.3,0.1,5.6,5.4,2.2,1.5,10.8,3.6,11,2.5,2.3,5.7,4,7.4,9,4,2.4,5.7,4.8,4.3,0.8,3.5,34,3.6,3.7,4.5,2.3,8.6,6.9,6.7,2.3,4.8,1.9,4.4,4.6,6.4,11,4.8,5.4,23.8,1.9,3.4,,,,,,,,,,,,,,,,,,,,,,,,,,,,,,,,,,,,,,,,,29,28.3,27.9,29.2,28.5,28.9,29.5,28.5,27.6,28.1,28,28.5,28.3,28.7,28.3,28.2,28.4,27.8,28.5,28.3,29.5,29.1,28.4,28.2,28.1,28.5,28.2,28.3,28,28.4,28.9,84,85,89,80,85,85,76,82,85,83,83,85,82,86,81,87,80,86,81,84,79,83,87,84,86,84,86,85,84,82,81,0.5,2.1,0.4,1.6,0,0.3,0.2,0,0,0,0.1,0,0.4,0.3,0,0.4,0,0.1,0,0,2.2,0.9,0.2,0.3,1.1,0,0.3,0,0.1,0,1.3,16.6,27.8,18.2,26.6,11.5,23.1,10.4,17.1,29,9.5,19.7,18.2,16.1,12.3,3.2,15.1,8,27.1,9.7,11.6,24.1,26.3,17.9,13,23.1,13.4,18.5,12.7,18.9,24,22.2,23.8,38.2,24.1,37.8,14,33.8,13.3,22.7,40.3,13,27.7,27.4,24.1,14.8,4,23.4,9.4,40,11.9,15.1,32.4,38.2,27.7,15.1,37.4,16.9,27.4,15.1,28.4,32.8,29.9,,,,,,22.2204,114.2127
2026-08-25T00:00,28.4,26.8,28.3,27.8,28.1,27.4,28.4,28.9,28.2,27.4,28.8,29.3,27,28.6,27,27.8,28.8,31,29,27.8,26.5,28.6,28.5,28.9,28.2,26.9,28.4,26.9,28.1,28.4,28.7,27.8,28.3,29.9,28.9,27.3,28.5,27.5,28.9,27.4,88,91,89,92,90,93,86,84,91,93,87,85,89,83,90,88,85,80,86,90,90,86,87,84,93,93,86,97,85,88,83,86,89,84,87,92,86,89,84,90,0.4,0.5,4.9,3.8,2.9,0,0.5,0,0.1,0.9,0,0.1,0.1,0,1.5,0.1,0.1,0,0.1,1.9,5.5,0.7,0,0,0.2,1.7,0,3.6,0,0.1,0,0.3,0.9,0.1,2.9,1.6,0.3,1.5,0.3,0.1,5.2,5.2,2.2,1.8,10.8,3.6,11.1,2.2,2,6.4,4,7.4,9.7,3.3,2.3,5.4,4.4,4,0.4,3.4,34.5,2.9,3.4,4,2,9.4,6.9,6.6,2.2,4.9,1.8,4.1,4.6,6.2,11.2,4.6,4.9,21.1,1.3,3.2,,,,,,,,,,,,,,,,,,,,,,,,,,,,,,,,,,,,,,,,,28.9,28.1,27.8,29.2,28.4,28.8,29.4,28.4,27.5,28.1,27.8,28.4,28.2,28.5,28.2,28,28.3,27.8,28.3,28.2,29,29.1,28.4,28.1,28.1,28.1,28.1,28.1,27.9,28.3,28.9,84,85,89,79,86,84,76,83,85,84,84,85,83,86,81,87,81,86,82,84,81,83,87,84,86,85,87,85,84,83,80,0.6,2.3,0.7,1.8,0,0.4,0.4,0.1,0,0,0.6,0.5,0.7,0.2,0,1.9,0.1,0.4,0,0.1,2.7,0.9,0.3,0.1,1.3,0.7,0.7,0,0.4,0,2.3,17.2,30,17.8,25.6,10.9,23.3,10.9,17.5,29.3,9.8,20.4,17.7,17.7,11.6,5.8,15.4,7.8,26.8,9.4,10.7,25.6,26.9,18.6,12.2,23.8,16.3,18.7,11.4,18.4,23.3,22.7,24.1,40.7,23.4,36,13.7,34.9,13.7,23.8,40,13.7,28.1,26.6,25.9,14,6.5,22.7,9.4,40.7,11.2,13.7,32.8,39.2,29.2,14.4,39.6,20.9,27.4,13.7,27.7,32,30.2,,,,,,22.2204,114.2127
2026-08-25T01:00,28.3,26.8,28.1,27.6,28.1,27.4,28.5,28.8,28.1,27.4,28.7,29.3,27,28.5,26.9,27.7,28.7,30.9,28.8,27.6,26.4,28.4,28.5,28.9,28.2,26.9,28.4,26.9,28.1,28.3,28.6,27.8,28.3,29.8,28.9,27.3,28.4,27.6,28.7,27.3,88,91,90,93,90,93,86,85,91,93,87,86,89,84,90,89,85,81,86,91,90,87,87,84,93,93,86,97,85,88,83,87,89,84,87,92,86,89,85,90,0.4,0.5,4.9,3.8,2.9,0,0.5,0,0.1,0.9,0,0.1,0.1,0,1.5,0.1,0.1,0,0.1,1.9,5.5,0.7,0,0,0.2,1.7,0,3.6,0,0.1,0,0.3,0.9,0.1,2.9,1.6,0.3,1.5,0.3,0.1,4.7,5.4,1.8,1.9,10.9,3.8,11.4,1.4,1.9,6.6,4,7.4,10.5,2.9,2.2,5.6,4.2,3.8,0.8,3.1,34.3,2.5,2.9,3.7,1.8,10.1,6.6,6.8,2.5,4.5,1.9,3.8,4.1,5.8,11.5,4.5,4.7,18.2,1,3.5,,,,,,,,,,,,,,,,,,,,,,,,,,,,,,,,,,,,,,,,,28.9,28,27.7,29.3,28.3,28.8,29.3,28.4,27.4,28,27.6,28.2,28,28.4,28.2,27.9,28.2,27.7,28.1,28.1,28.2,29.1,28.3,27.9,28.2,27.7,27.9,28,27.8,28.1,28.9,84,86,89,78,86,84,77,83,86,85,84,85,83,87,80,87,82,85,82,85,85,82,87,84,86,86,87,86,85,83,80,0.6,2.3,0.7,1.8,0,0.4,0.4,0.1,0,0,0.6,0.5,0.7,0.2,0,1.9,0.1,0.4,0,0.1,2.7,0.9,0.3,0.1,1.3,0.7,0.7,0,0.4,0,2.3,18.3,32.8,17.4,23.8,10.3,22.7,11.5,18.3,29.5,10.1,20.8,17.5,19.9,10.8,9,16.3,8.2,28.2,8.7,10,27,27.6,19.9,10.9,25.1,21,18.8,10.5,18.1,21.8,23.5,24.1,43.6,22,31.7,13,34.2,14,25.6,38.9,14.8,27.7,25.6,28.8,12.6,10.4,22.7,9.4,41.8,10.4,12.6,32.8,40.7,32,13,42.5,26.3,28.1,12.2,26.6,31,30.6,,,,,,22.2204,114.2127
2026-08-25T02:00,28.1,26.9,27.8,27.4,28.1,27.5,28.6,28.7,28,27.4,28.6,29.3,26.9,28.4,26.8,27.6,28.5,30.8,28.7,27.4,26.3,28.2,28.4,28.9,28.2,26.9,28.3,27,28.1,28.2,28.5,27.8,28.3,29.8,28.9,27.3,28.4,27.6,28.5,27.3,88,91,91,94,90,92,86,86,92,93,87,86,89,84,91,89,86,82,87,91,90,88,88,84,93,93,87,98,85,88,84,87,89,84,87,93,86,89,86,90,0.4,0.5,4.9,3.8,2.9,0,0.5,0,0.1,0.9,0,0.1,0.1,0,1.5,0.1,0.1,0,0.1,1.9,5.5,0.7,0,0,0.2,1.7,0,3.6,0,0.1,0,0.3,0.9,0.1,2.9,1.6,0.3,1.5,0.3,0.1,4.5,5.4,1.8,2.4,10.6,3.9,11.7,1.1,1.8,7,4,7.1,11.3,1.8,2.2,5.4,4.3,3.4,1.4,2.6,34.5,1.8,2.8,3.4,1.3,11.2,6.2,6.9,2.5,4.2,2.3,3.8,4,5.5,11.3,4,4.7,15,0.8,3.4,,,,,,,,,,,,,,,,,,,,,,,,,,,,,,,,,,,,,,,,,28.9,27.9,27.6,29.3,28.2,28.8,29.2,28.3,27.3,28,27.4,28.1,27.9,28.3,28.2,27.8,28.2,27.7,28,28,27.6,29,28.2,27.8,28.3,27.4,27.8,27.9,27.6,28.1,28.9,83,86,88,78,87,83,77,83,86,85,84,85,84,87,79,86,83,85,83,85,88,82,87,84,86,87,88,86,85,84,79,0.6,2.3,0.7,1.8,0,0.4,0.4,0.1,0,0,0.6,0.5,0.7,0.2,0,1.9,0.1,0.4,0,0.1,2.7,0.9,0.3,0.1,1.3,0.7,0.7,0,0.4,0,2.3,18.3,34.6,16.2,21.6,9.9,21.7,11.7,18.5,29.5,10.5,21.1,17,21.6,10,11.5,16.8,8.2,30.4,8.3,10,28,27.7,20.9,10.5,26.2,25.1,18.8,9.8,17.9,20.9,23.4,23.4,45.7,20.5,27.7,12.2,32.8,13.7,26.3,38.2,15.5,27.7,24.8,30.6,11.9,13.7,22.3,9.7,42.1,9.7,12.2,32.8,41,33.8,12.2,43.9,31,27.7,11.5,25.6,29.9,30.2,,,,,,22.2204,114.2127
2026-08-25T03:00,28,26.9,27.6,27.2,28.1,27.5,28.7,28.6,27.9,27.3,28.5,29.2,26.8,28.3,26.6,27.5,28.4,30.7,28.6,27.2,26.3,27.9,28.4,28.8,28.2,26.8,28.3,27,28.1,28.1,28.3,27.7,28.3,29.7,28.9,27.2,28.3,27.6,28.2,27.2,89,91,92,94,90,92,86,86,92,93,88,86,90,85,91,90,86,82,87,92,90,88,88,84,93,94,87,98,85,88,84,87,89,84,87,93,86,88,87,90,0.4,0.5,4.9,3.8,2.9,0,0.5,0,0.1,0.9,0,0.1,0.1,0,1.5,0.1,0.1,0,0.1,1.9,5.5,0.7,0,0,0.2,1.7,0,3.6,0,0.1,0,0.3,0.9,0.1,2.9,1.6,0.3,1.5,0.3,0.1,3.9,5.8,1.5,3.1,10.7,4.3,11.8,0.8,1.8,7.3,3.8,7.2,12.1,1.3,2.2,5.1,4.5,3.1,1.8,2.5,34.1,1.6,2.6,3.2,1.1,11.9,5.8,7,3.1,4,2.9,3.8,3.7,5.2,11.6,4,4.7,12.5,0.8,3.4,,,,,,,,,,,,,,,,,,,,,,,,,,,,,,,,,,,,,,,,,28.8,27.9,27.6,29.2,28.1,28.8,29.1,28.3,27.2,28,27.4,28,27.7,28.2,28.2,27.7,28.1,27.7,27.9,28,27.4,28.9,28.2,27.7,28.2,27.3,27.8,27.9,27.5,28.1,29,83,86,87,79,88,82,77,83,86,85,84,85,85,87,79,85,84,86,84,85,89,82,87,85,86,87,88,86,85,85,79,0.6,2.8,1.6,0,0,0.2,0,0.4,0,0.1,0.6,0.1,0.8,0.5,0,2.1,0,0.4,0,0.1,0.5,0.9,0.3,0,1.2,0.3,1.2,0.2,0.5,0,1.4,18.1,34.4,14.4,19.2,9.2,19.7,10.2,17.9,30.4,10.7,22.3,17.2,22.3,9.6,12.7,15.5,8.3,28.9,7.8,10,28,26.1,20.1,11.2,25.1,26.8,17.7,9.5,17.7,20.7,21.6,22.7,46.1,17.6,24.1,11.2,29.5,12.2,25.2,39.2,16.2,29.2,24.8,31.7,11.2,15.1,20.2,9.7,41,9.4,12.2,33.1,39.2,32.8,13,42.8,33.8,25.6,11.2,24.1,30.2,28.1,,,,,,22.2204,114.2127
2026-08-25T04:00,27.9,26.9,27.4,27,28.2,27.5,28.8,28.5,27.7,27.3,28.4,29.2,26.7,28.3,26.5,27.4,28.3,30.6,28.4,27,26.2,27.7,28.4,28.8,28.2,26.8,28.2,27.1,28.1,28,28.2,27.7,28.4,29.6,28.9,27.2,28.3,27.6,28,27.2,89,91,93,95,90,92,85,87,92,93,88,86,90,85,92,91,87,83,87,92,90,89,89,85,93,94,87,98,85,88,84,87,89,84,87,93,87,88,88,91,0.4,0.5,4.9,3.8,2.9,0,0.5,0,0.1,0.9,0,0.1,0.1,0,1.5,0.1,0.1,0,0.1,1.9,5.5,0.7,0,0,0.2,1.7,0,3.6,0,0.1,0,0.3,0.9,0.1,2.9,1.6,0.3,1.5,0.3,0.1,3.8,5.8,1.5,3.3,10.5,4.5,11.8,0.5,1.9,7.6,3.9,7.2,12.8,1,2.2,5.1,5.2,3.4,2.5,2.2,34,1,2.4,2.9,0.7,12.7,5.4,7.2,3.2,4,3.5,3.9,3.6,5.1,11.6,3.6,4.4,10.7,1,3.4,,,,,,,,,,,,,,,,,,,,,,,,,,,,,,,,,,,,,,,,,28.8,28,27.5,29.1,28,28.8,29,28.3,27.2,28,27.4,27.8,27.4,28.1,28.2,27.7,28.1,27.7,27.8,27.9,27.3,28.8,28.1,27.6,28.1,27.3,27.8,27.8,27.4,28.1,29,83,86,87,80,88,82,78,82,87,84,84,86,85,86,80,85,84,87,84,86,88,82,87,86,87,87,88,86,86,85,78,0.6,2.8,1.6,0,0,0.2,0,0.4,0,0.1,0.6,0.1,0.8,0.5,0,2.1,0,0.4,0,0.1,0.5,0.9,0.3,0,1.2,0.3,1.2,0.2,0.5,0,1.4,17.1,33.4,11.9,16.9,8.1,17.3,8.1,16.7,31.5,10.9,23.4,17.1,21.8,9.3,13.2,13.6,8.1,26,7.3,10.4,27.7,24.2,18.6,12.1,23.3,27.6,15.8,10,17.4,20.8,19.3,21.6,45.7,14.4,20.9,9.7,25.2,10.4,23,41,16.9,31.3,24.8,31.7,10.8,15.8,17.6,9.4,38.9,8.6,12.6,33.5,36,30.6,14,40,36,22.3,11.5,22.7,31,24.8,,,,,,22.2204,114.2127
2026-08-25T05:00,27.8,26.9,27.2,26.8,28.2,27.6,28.8,28.4,27.6,27.2,28.3,29.1,26.7,28.2,26.4,27.3,28.2,30.5,28.3,26.8,26.2,27.6,28.4,28.7,28.2,26.8,28.2,27.2,28.2,27.9,28.1,27.7,28.4,29.5,28.9,27.2,28.3,27.6,27.8,27.2,89,90,94,96,90,92,85,88,93,92,88,87,90,85,93,91,87,84,88,92,91,89,89,85,93,94,88,98,85,89,85,88,89,85,87,94,87,88,89,91,0.4,0.5,4.9,3.8,2.9,0,0.5,0,0.1,0.9,0,0.1,0.1,0,1.5,0.1,0.1,0,0.1,1.9,5.5,0.7,0,0,0.2,1.7,0,3.6,0,0.1,0,0.3,0.9,0.1,2.9,1.6,0.3,1.5,0.3,0.1,3.3,6.2,1.5,3.8,10.2,4.9,12.1,0.4,2.1,8,4,7.3,13.6,1.1,2.3,4.9,5.7,3.4,3.3,1.8,33.6,0.8,2.6,2.4,0.5,13,5.1,7.4,3.7,4,4.2,3.7,3.6,5,11.9,3.7,4.5,9.7,1.1,3.7,,,,,,,,,,,,,,,,,,,,,,,,,,,,,,,,,,,,,,,,,28.8,28.1,27.5,29.1,28,28.9,28.9,28.3,27.2,28,27.4,27.8,27.3,28.1,28.2,27.8,28.1,27.7,27.8,27.9,27.3,28.8,28.1,27.5,28.1,27.3,27.8,27.8,27.4,28.2,29,82,86,86,80,88,81,78,81,87,84,84,86,86,86,80,84,84,87,84,86,88,82,87,87,87,86,88,86,86,85,78,0.6,2.8,1.6,0,0,0.2,0,0.4,0,0.1,0.6,0.1,0.8,0.5,0,2.1,0,0.4,0,0.1,0.5,0.9,0.3,0,1.2,0.3,1.2,0.2,0.5,0,1.4,15.5,32.3,10.4,14.6,7.1,15.4,6.7,15.1,31.7,11,23.7,18,21.1,9.4,13.8,12,8,24.5,7,10.6,26.9,22.4,17.4,13.2,21.8,27.6,15.1,10,17.7,20.7,17.7,19.8,45,12.6,18,8.6,21.6,9.4,20.2,42.1,16.9,32.4,25.9,31.3,11.2,16.9,15.8,9.4,37.4,8.3,13.3,32.8,33.1,28.4,15.8,37.8,37.4,21.2,11.9,21.6,31,22.3,,,,,,22.2204,114.2127
2026-08-25T06:00,27.7,27,27,26.7,28.2,27.6,28.9,28.3,27.6,27.2,28.2,29.1,26.6,28.2,26.2,27.2,28.1,30.4,28.2,26.7,26.1,27.4,28.4,28.7,28.2,26.9,28.2,27.2,28.2,27.8,28,27.6,28.4,29.5,28.9,27.1,28.3,27.7,27.6,27.1,89,90,94,96,90,91,85,89,93,92,88,87,90,86,93,91,88,84,88,93,91,90,90,85,93,94,88,98,84,89,85,88,89,85,87,94,87,88,90,91,0.4,0.5,4.9,3.8,2.9,0,0.5,0,0.1,0.9,0,0.1,0.1,0,1.5,0.1,0.1,0,0.1,1.9,5.5,0.7,0,0,0.2,1.7,0,3.6,0,0.1,0,0.3,0.9,0.1,2.9,1.6,0.3,1.5,0.3,0.1,3.4,6.3,1.3,4.3,10.2,5.4,12.2,0.8,2.6,8.4,3.9,7.1,14.1,1.3,2.4,4.7,6.6,3.6,3.7,1.8,33.6,1.1,2.9,2.4,0.8,13.8,4.7,7.7,3.9,4.1,4.5,3.9,3.2,5.1,11.9,3.4,4.6,10.1,1.8,3.7,,,,,,,,,,,,,,,,,,,,,,,,,,,,,,,,,,,,,,,,,28.8,28.2,27.6,29.2,28.1,28.9,28.9,28.5,27.3,28,27.4,27.8,27.2,28,28.3,27.9,28.2,27.7,27.8,28,27.3,28.8,28.1,27.6,28.1,27.4,28,27.9,27.5,28.3,28.9,81,86,86,79,87,81,78,80,86,84,84,87,86,86,80,83,84,86,83,86,88,82,86,87,87,85,87,86,86,84,79,1,1.4,0.2,0.1,0,0,0.7,0.1,0,0.1,0.1,0.2,1.5,0,0.1,1,0.1,0.2,0,0,1.1,0.2,0.8,0.2,1.4,0,1,0.3,0.5,0,0.3,12.6,30.9,10.9,13.1,6.1,14,6.3,12.9,29.5,10.4,22.7,19.6,19.8,10.5,14.8,11.9,7.9,25,6.4,11.4,24.8,20.7,17.4,14.5,21.2,27.4,16.9,10,18.9,20.5,16.7,16.6,43.6,13,16.2,7.2,18.7,9.4,16.6,41,15.8,31,28.1,29.5,12.2,18.7,15.8,9,37.4,7.6,14.4,31,30.6,27.7,18,36.4,37.8,24.1,12.2,22,29.5,20.5,,,,,,22.2204,114.2127
2026-08-25T07:00,27.6,27,26.9,26.5,28.1,27.6,29,28.3,27.5,27.2,28.2,29.1,26.6,28.1,26.2,27.1,28,30.3,28.2,26.6,26.1,27.3,28.4,28.7,28.2,26.9,28.2,27.3,28.3,27.8,28,27.6,28.4,29.4,28.8,27.1,28.3,27.7,27.4,27.1,89,90,95,97,90,91,85,89,93,92,88,87,90,86,94,92,88,85,88,93,91,90,90,86,93,94,88,97,84,89,85,88,89,85,87,94,87,88,90,91,0.4,0.5,4.9,3.8,2.9,0,0.5,0,0.1,0.9,0,0.1,0.1,0,1.5,0.1,0.1,0,0.1,1.9,5.5,0.7,0,0,0.2,1.7,0,3.6,0,0.1,0,0.3,0.9,0.1,2.9,1.6,0.3,1.5,0.3,0.1,3.2,6.7,1.3,4.3,10.1,5.4,12.2,1,2.8,8.7,3.9,6.9,14.4,1.5,2.4,4.5,6.9,4,4.1,1.5,33.5,1.1,2.9,2.4,1.1,14.5,4.7,7.9,4.1,4.2,4.8,3.8,3.2,4.8,11.7,3.5,4.2,10.9,1.8,3.7,,,,,,,,,,,,,,,,,,,,,,,,,,,,,,,,,,,,,,,,,29,28.3,27.8,29.4,28.2,29,28.9,28.7,27.5,28,27.5,27.8,27.2,28,28.5,28.1,28.3,27.7,28,28,27.5,28.8,28.2,27.7,28.1,27.5,28.3,27.9,27.6,28.4,28.7,80,85,85,77,86,80,78,79,85,84,84,87,86,87,79,81,83,85,83,86,87,83,85,86,86,84,85,86,85,83,79,1,1.4,0.2,0.1,0,0,0.7,0.1,0,0.1,0.1,0.2,1.5,0,0.1,1,0.1,0.2,0,0,1.1,0.2,0.8,0.2,1.4,0,1,0.3,0.5,0,0.3,9.5,28.8,12.5,12.4,4.8,13,6.9,10.2,26.4,9.7,21.3,21.9,18.4,12.1,15.8,12.7,7.7,26.7,5.6,12.4,21.6,18.9,17.7,15.9,20.8,26.8,19.7,10.2,20.2,19.8,15.6,12.6,41.8,14.8,15.5,6.1,16.9,9.7,12.2,39.2,14,28.8,31,27.4,14.4,20.5,16.6,9,38.2,6.5,15.8,28.1,28.1,27,20.5,35.3,37.4,29.2,12.6,22.7,27.7,19.4,,,,,,22.2204,114.2127
2026-08-25T08:00,27.6,27,26.9,26.4,28.1,27.7,29,28.3,27.4,27.1,28.2,29.1,26.6,28.1,26.1,27,28,30.2,28.1,26.5,26.1,27.2,28.4,28.7,28.1,26.9,28.2,27.4,28.4,27.7,27.9,27.6,28.4,29.3,28.8,27.1,28.3,27.8,27.3,27.2,89,90,95,97,90,91,85,89,93,92,88,87,90,86,94,92,88,85,88,93,91,90,90,86,93,94,88,97,84,89,85,88,89,85,87,94,87,88,91,91,0.4,0.5,4.9,3.8,2.9,0,0.5,0,0.1,0.9,0,0.1,0.1,0,1.5,0.1,0.1,0,0.1,1.9,5.5,0.7,0,0,0.2,1.7,0,3.6,0,0.1,0,0.3,0.9,0.1,2.9,1.6,0.3,1.5,0.3,0.1,3.2,7.1,1.3,4.6,10,5.9,12.1,1,2.8,9.1,3.6,6.9,14.8,1.5,2.4,4.5,7.1,4.3,4.1,1.5,33.3,1.6,2.9,2.4,1.4,14.8,4.7,7.9,4.3,4.2,4.8,3.8,2.9,4.9,11.4,3.5,4.2,11.7,2.2,3.7,,,,,,,,,,,,,,,,,,,,,,,,,,,,,,,,,,,,,,,,,29.2,28.5,28,29.8,28.5,29.2,29.1,29,27.7,28.1,27.6,27.9,27.2,28.1,28.7,28.3,28.6,27.8,28.2,28.2,27.8,28.9,28.4,27.9,28.2,27.6,28.6,28.1,27.7,28.6,28.8,78,84,84,75,85,80,78,78,84,84,83,87,86,87,78,80,82,84,81,85,86,83,84,85,85,83,83,85,84,81,79,1,1.4,0.2,0.1,0,0,0.7,0.1,0,0.1,0.1,0.2,1.5,0,0.1,1,0.1,0.2,0,0,1.1,0.2,0.8,0.2,1.4,0,1,0.3,0.5,0,0.3,7.4,27.1,14,11.8,4.4,13,7.9,8.2,24.4,9.4,20.7,23.5,16.8,13.5,16.9,14.1,8.3,27.1,5.4,13.8,19.3,17.8,17.3,17.9,21.4,26.7,21.7,10.9,19.9,19.4,14.5,9.4,40,16.2,14.8,5.8,16.2,10.4,9.7,38.2,13,27.4,32.8,24.8,15.8,22,17.6,9.4,37.8,6.1,17.3,25.6,26.6,25.6,23,34.9,37.1,32.8,13.3,22.7,25.6,18,,,,,,22.2204,114.2127
2026-08-25T09:00,27.6,27,26.9,26.4,28,27.7,29.1,28.3,27.4,27.1,28.2,29.1,26.6,28.2,26.1,27,28.1,30.2,28.1,26.5,26.1,27.2,28.4,28.7,28.1,27,28.2,27.5,28.5,27.7,27.9,27.6,28.5,29.3,28.8,27.1,28.3,27.8,27.2,27.2,89,90,95,97,90,91,85,89,93,92,88,87,90,86,94,92,88,85,88,93,91,90,90,86,93,94,88,96,84,89,85,88,89,85,87,94,87,88,91,91,0.2,0.6,1.2,3,1.3,0.1,0.1,0,0.4,1.3,0,0.1,0,0,1,0.4,0.3,0.6,0.1,0.1,2.1,1.2,0,0.1,1.2,2.5,0,2.7,0.6,0.7,1.4,0.1,0.6,0.8,1.7,1.1,0.1,0,1.7,0.1,3.2,7.4,1.3,4.7,9.6,6.2,11.9,1,2.8,9.4,3.3,6.9,14.7,1.5,2.4,4.5,7.1,4.4,4.1,1.5,33.1,1.9,2.9,2.7,1.8,15.1,4.7,7.9,4.3,4.2,4.5,3.8,2.5,4.6,11.1,3.5,4.1,12.4,2.2,3.7,,,,,,,,,,,,,,,,,,,,,,,,,,,,,,,,,,,,,,,,,29.7,28.6,28.3,30.4,28.9,29.5,29.5,29.3,27.9,28.5,27.8,28,27.2,28.3,29.2,28.5,28.9,28,28.6,28.4,28.2,29.1,28.7,28.1,28.4,27.7,28.8,28.4,27.8,29,29.4,76,83,82,72,83,79,76,77,82,83,82,86,86,86,76,79,81,83,79,84,84,82,82,83,83,82,82,84,83,79,76,0,0.7,0,0,0,0,0.3,0,0,0.1,0,0.2,0.4,0,0,0.7,0,0.1,0,0.1,0.8,0.2,0.2,0.1,1.3,0.4,0.7,0.2,0.2,0,0,5.4,25.6,14,11,5.4,14.2,8.5,8.2,25,9.5,21.7,23.4,14.8,14.7,17.7,16.2,9.4,25.6,6,15.4,17.9,17.8,15.5,20.4,23.3,27,21.8,12.3,16.6,18.5,11.7,7.6,38.9,16.6,14.8,6.5,18,10.8,10.4,38.9,12.6,28.4,32,22.7,16.9,22.7,19.4,10.4,35.6,6.5,19.4,23.4,25.9,22,25.9,35.3,36.4,32.8,14.8,21.2,23.4,15.8,,,,,,22.2204,114.2127
2026-08-25T10:00,27.7,27,27,26.3,27.9,27.7,29.1,28.3,27.4,27.1,28.2,29.1,26.6,28.2,26.1,27,28.2,30.2,28.2,26.5,26.2,27.2,28.4,28.7,28,27.1,28.2,27.6,28.6,27.7,27.9,27.7,28.5,29.2,28.8,27.1,28.4,27.9,27.2,27.3,89,90,94,97,90,91,85,88,92,92,88,87,89,86,94,92,87,85,87,93,91,90,90,86,93,94,88,96,83,89,85,88,88,85,87,94,87,88,92,90,0.2,0.6,1.2,3,1.3,0.1,0.1,0,0.4,1.3,0,0.1,0,0,1,0.4,0.3,0.6,0.1,0.1,2.1,1.2,0,0.1,1.2,2.5,0,2.7,0.6,0.7,1.4,0.1,0.6,0.8,1.7,1.1,0.1,0,1.7,0.1,3.2,7.7,1.3,4.7,9.4,6.5,11.8,0.8,3.1,9.5,2.8,6.6,14.6,1.3,2.4,4.5,6.9,4.5,3.8,1.4,32.8,1.9,2.9,3.2,1.8,15.5,5.1,7.4,4.3,4.5,4.1,3.8,2.5,4.2,10.6,3.5,3.8,12.9,2.5,3.8,,,,,,,,,,,,,,,,,,,,,,,,,,,,,,,,,,,,,,,,,30.3,28.8,28.6,31.1,29.4,29.8,30.1,29.7,28.1,29,28,28.2,27.4,28.7,29.7,28.8,29.3,28.2,29.1,28.7,28.8,29.5,29.1,28.4,28.7,27.9,29,28.7,27.8,29.3,30.2,74,81,79,70,80,78,74,76,80,80,81,84,86,84,74,79,80,82,75,82,80,80,80,81,81,81,82,82,82,77,73,0,0.7,0,0,0,0,0.3,0,0,0.1,0,0.2,0.4,0,0,0.7,0,0.1,0,0.1,0.8,0.2,0.2,0.1,1.3,0.4,0.7,0.2,0.2,0,0,4.1,24.7,13.9,10.1,7.7,16.9,9.2,10.9,26.9,9.8,23.4,22.6,12.4,15.6,18.6,18.4,11.1,23.3,6.8,17.6,17.3,18.9,13.4,23,26,27.1,21.3,14.3,13.2,17,8.3,6.8,38.2,16.2,14.8,8.3,21.6,11.5,12.6,40,12.6,30.6,30.2,20.5,17.6,23,21.6,12.2,32.4,7.6,21.6,21.6,25.9,17.3,28.8,36.4,35.6,31,16.2,19.4,21.2,13.3,,,,,,22.2204,114.2127
2026-08-25T11:00,27.8,27,27.1,26.3,27.8,27.8,29.2,28.4,27.4,27.1,28.3,29.1,26.6,28.3,26.2,27,28.3,30.1,28.2,26.6,26.2,27.3,28.5,28.7,28,27.2,28.2,27.7,28.7,27.8,28,27.7,28.5,29.2,28.8,27.2,28.5,28.1,27.2,27.5,88,90,94,97,90,90,85,88,92,92,87,86,89,85,94,92,87,85,87,93,91,90,89,87,92,93,88,94,83,89,85,88,88,85,87,93,86,88,92,90,0.2,0.6,1.2,3,1.3,0.1,0.1,0,0.4,1.3,0,0.1,0,0,1,0.4,0.3,0.6,0.1,0.1,2.1,1.2,0,0.1,1.2,2.5,0,2.7,0.6,0.7,1.4,0.1,0.6,0.8,1.7,1.1,0.1,0,1.7,0.1,3.4,8,1.8,4.7,9.4,6.8,11.3,0.8,2.9,9.5,2.1,6.3,14.6,0.8,2.6,4.4,6.1,4.5,3.5,1.5,32.4,2.3,2.7,3.5,2.2,15.9,5.4,7.1,4.1,4.4,3.4,3.8,2.2,3.8,10,3.4,3.3,12.9,2.2,3.8,,,,,,,,,,,,,,,,,,,,,,,,,,,,,,,,,,,,,,,,,30.8,29,28.9,31.6,29.8,30,30.4,29.9,28.3,29.4,28.2,28.4,27.6,29,30.1,29,29.6,28.5,29.4,28.9,29.2,29.8,29.5,28.6,29,28.1,29.2,29,27.9,29.7,30.9,73,80,77,68,78,77,73,76,78,79,80,83,85,82,72,78,79,80,73,81,78,79,78,80,80,80,82,80,81,75,70,0,0.7,0,0,0,0,0.3,0,0,0.1,0,0.2,0.4,0,0,0.7,0,0.1,0,0.1,0.8,0.2,0.2,0.1,1.3,0.4,0.7,0.2,0.2,0,0,5.4,24.4,13.7,8.8,9.8,19.4,9.8,13.8,28.1,10.1,24.9,21.7,10.3,16.2,19.4,20.2,12.6,20.5,7.2,18.6,17.5,20.4,11.8,25.2,27.7,27,21.5,15.6,13,16.5,5.4,7.2,37.8,15.8,14.8,9.7,24.5,12.2,14.8,40.7,13,32.4,28.8,18.4,18,23.8,23.4,13.7,29.2,8.3,23,21.2,27,14,31,36.7,34.9,30.2,17.3,18.4,19.8,11.5,,,,,,22.2204,114.2127
2026-08-25T12:00,27.9,26.9,27.2,26.3,27.6,27.8,29.2,28.4,27.4,27.1,28.4,29.1,26.7,28.4,26.2,27,28.5,30.1,28.3,26.7,26.3,27.4,28.6,28.7,27.9,27.3,28.3,27.9,28.8,27.9,28,27.8,28.6,29.2,28.7,27.2,28.5,28.2,27.1,27.6,88,90,93,97,90,90,85,87,91,92,87,86,88,85,94,92,86,85,86,92,91,89,89,87,92,93,88,93,82,89,85,88,88,85,86,93,86,88,92,89,0.2,0.6,1.2,3,1.3,0.1,0.1,0,0.4,1.3,0,0.1,0,0,1,0.4,0.3,0.6,0.1,0.1,2.1,1.2,0,0.1,1.2,2.5,0,2.7,0.6,0.7,1.4,0.1,0.6,0.8,1.7,1.1,0.1,0,1.7,0.1,3.6,8.4,1.8,4.9,9.3,6.9,10.8,0.4,2.7,9.5,1.6,6,14.1,0.7,2.5,4.4,5.4,4.2,3.2,1.6,31.8,2.5,2.9,4.3,2.6,16.8,5.8,7,4,4.3,2.7,3.8,1.8,3.4,9.2,3.3,3.2,12.8,2.2,3.9,,,,,,,,,,,,,,,,,,,,,,,,,,,,,,,,,,,,,,,,,31,29.2,29,31.7,30,30.1,30.3,29.9,28.5,29.7,28.3,28.5,27.9,29.1,30.1,29.1,29.7,28.7,29.6,29,29.5,29.9,29.7,28.7,29.1,28.3,29.4,29.3,28.1,29.9,31.2,72,79,76,68,77,77,74,76,78,79,79,82,83,81,72,77,79,78,72,80,77,79,76,80,80,79,81,78,80,74,69,0,0.4,0,0,0,0,0.1,0,0,0,0,0.4,0,0,0,0.4,0,0,0,0.1,0,0.1,0,0,0.1,0.1,0.3,0,0,0,0.1,8.1,24.3,13.7,3.9,10.9,21.2,10.5,15.5,27.7,10.8,26,22.1,9.2,16.2,21,21.6,13.9,17.9,6.9,18.4,18.6,23.1,11.7,26.5,27.5,26.1,23,15.6,14.3,16.9,2.4,9.7,37.4,15.5,13.7,10.4,26.3,13.3,16.2,39.6,13.7,33.1,28.4,16.2,17.6,25.9,24.8,15.1,25.6,9,23.4,23,30.6,13.7,32,36,33.8,32,17.6,19.1,19.4,10.1,,,,,,22.2204,114.2127
2026-08-25T13:00,28,26.9,27.4,26.3,27.4,27.9,29.2,28.5,27.4,27.1,28.5,29.2,26.7,28.5,26.3,27,28.7,30.1,28.4,26.8,26.4,27.5,28.6,28.7,27.8,27.5,28.3,28,28.9,27.9,28.1,27.8,28.7,29.1,28.7,27.2,28.7,28.3,27.1,27.7,87,91,92,97,90,90,85,86,90,92,86,86,88,84,94,91,86,84,85,92,91,89,89,87,91,92,87,92,82,89,85,88,87,86,86,92,85,88,93,89,0.2,0.6,1.2,3,1.3,0.1,0.1,0,0.4,1.3,0,0.1,0,0,1,0.4,0.3,0.6,0.1,0.1,2.1,1.2,0,0.1,1.2,2.5,0,2.7,0.6,0.7,1.4,0.1,0.6,0.8,1.7,1.1,0.1,0,1.7,0.1,3.6,8.6,2.1,4.7,9,7.2,10.4,0.5,2.6,10,1.1,5.7,13.7,0.8,2.5,4.6,4.8,4.2,2.6,1.8,31.4,2.9,3.1,5.2,2.6,17.5,6.5,6.3,3.9,4.7,1.8,3.4,1.9,2.5,8.7,3.3,3,12.2,2.2,3.9,,,,,,,,,,,,,,,,,,,,,,,,,,,,,,,,,,,,,,,,,31,29.3,29.2,31.5,30,30.1,29.9,29.8,28.5,29.9,28.5,28.7,28.3,29.2,30,29.2,29.8,28.9,29.7,29.1,29.6,29.9,29.9,28.8,29.1,28.4,29.5,29.5,28.4,30.1,31.4,71,78,75,69,76,77,76,77,79,79,78,81,81,80,72,77,79,76,71,80,76,79,74,80,81,78,80,77,79,72,68,0,0.4,0,0,0,0,0.1,0,0,0,0,0.4,0,0,0,0.4,0,0,0,0.1,0,0.1,0,0,0.1,0.1,0.3,0,0,0,0.1,11.5,24.2,14.1,2.9,11.2,22.5,12.1,16.3,26.2,12,26.8,22.4,8.4,16.2,23.8,22.5,15.2,15.2,7,18.1,20.6,26,12.8,27.1,26,24.9,24.8,15.4,15.5,18.5,1.8,13.3,37.1,15.1,11.9,11.2,28.1,14.4,17.6,37.8,14.8,33.5,28.1,13.7,17.3,28.4,25.9,16.6,21.6,9.4,23,26.3,35.6,14.8,32,34.9,32.8,34.6,17.6,20.9,19.8,9.4,,,,,,22.2204,114.2127
2026-08-25T14:00,28.1,26.9,27.6,26.3,27.3,27.9,29.3,28.6,27.5,27.1,28.6,29.2,26.8,28.6,26.4,27.1,28.9,30.1,28.5,26.9,26.5,27.6,28.7,28.7,27.8,27.6,28.3,28.2,29.1,28,28.2,27.9,28.7,29.1,28.7,27.2,28.8,28.4,27.1,27.9,87,91,91,97,90,89,85,86,90,92,86,85,87,84,94,91,85,84,85,92,91,89,88,87,91,92,87,91,81,89,85,88,87,86,86,92,85,88,93,88,0.2,0.6,1.2,3,1.3,0.1,0.1,0,0.4,1.3,0,0.1,0,0,1,0.4,0.3,0.6,0.1,0.1,2.1,1.2,0,0.1,1.2,2.5,0,2.7,0.6,0.7,1.4,0.1,0.6,0.8,1.7,1.1,0.1,0,1.7,0.1,3.8,9,2.4,5,9.4,7.4,9.9,1.1,2.9,10,1,5.6,13.3,1.5,2.9,4.6,4.1,3.9,2,2.5,31,3.3,3.4,5.8,3.1,17.9,6.9,6.2,3.7,4.7,1.1,3.4,1.8,2.2,7.9,3.6,2.9,11.9,2.2,4,,,,,,,,,,,,,,,,,,,,,,,,,,,,,,,,,,,,,,,,,31,29.4,29.2,31.4,30.1,30,29.7,29.7,28.6,30.1,28.6,28.8,28.7,29.3,29.9,29.3,29.8,29.1,29.7,29.1,29.7,29.8,30,28.8,29,28.5,29.6,29.6,28.7,30.2,31.5,71,78,75,70,76,78,77,77,79,79,78,81,79,79,73,77,79,74,70,80,76,80,73,80,82,77,80,76,79,72,68,0,0.4,0,0,0,0,0.1,0,0,0,0,0.4,0,0,0,0.4,0,0,0,0.1,0,0.1,0,0,0.1,0.1,0.3,0,0,0,0.1,14.6,24.4,14.1,8,12,23.8,13.9,17,24.9,12.8,27,22.4,7.9,16.2,26.6,23.4,16.2,12.9,7.5,18.4,22.2,27.5,13.7,27,24.9,23.8,26.1,15.3,16.3,20.1,5,16.6,37.1,15.1,10.8,11.9,29.5,15.5,18.4,36.4,15.5,33.8,27.7,12.2,16.9,31,27,17.6,18.7,10.1,23,28.1,38.2,15.8,32.4,34.2,31.7,37.1,17.6,22.3,20.9,9.4,,,,,,22.2204,114.2127
2026-08-25T15:00,28.2,26.9,27.8,26.3,27.1,27.9,29.3,28.7,27.5,27.1,28.7,29.2,26.8,28.7,26.4,27.1,29.1,30.1,28.6,27,26.5,27.7,28.8,28.7,27.7,27.7,28.4,28.3,29.2,28.1,28.2,27.9,28.8,29.1,28.6,27.2,28.9,28.6,27.2,28.1,86,91,90,96,90,89,85,85,89,92,85,85,87,84,94,91,84,84,84,91,91,88,88,87,91,91,87,89,80,89,84,88,86,86,86,92,84,88,93,87,0.2,0.6,1.2,3,1.3,0.1,0.1,0,0.4,1.3,0,0.1,0,0,1,0.4,0.3,0.6,0.1,0.1,2.1,1.2,0,0.1,1.2,2.5,0,2.7,0.6,0.7,1.4,0.1,0.6,0.8,1.7,1.1,0.1,0,1.7,0.1,4.4,9.7,2.4,5.4,9.7,7.8,9.4,1.5,2.9,10.1,1.1,5.4,13,1.8,2.9,4.8,3.6,3.7,1.8,2.8,30.3,3.6,4,6.3,3.1,18.6,7.6,5.8,3.6,5.2,1.3,3.5,1.5,1.5,7.4,3.6,3.1,11.3,1.8,4,,,,,,,,,,,,,,,,,,,,,,,,,,,,,,,,,,,,,,,,,30.9,29.3,29.3,31.2,30.1,29.9,29.6,29.7,28.6,30.1,28.5,28.7,28.9,29.3,29.9,29.2,29.9,29.3,29.9,29.1,29.5,29.5,30,28.8,29,28.6,29.5,29.6,28.8,30,31.3,72,79,75,70,76,79,77,77,79,79,79,81,77,79,74,77,79,73,69,80,76,82,73,80,83,77,81,76,79,73,69,0,0.2,0,0.4,0,0,0.1,0,0,0,0,0,0,0,0,0.3,0,0,0,0,0,0.2,0,0,0,0,0,0,0,0,0,16.6,25.7,14.6,10.2,12.7,24.9,14.3,16.6,23.6,13.6,27.4,21.4,8,16.3,27.8,24.4,16.2,11.2,8,18.9,22.5,26,14.8,26.4,24.1,22.3,26.6,15.6,15.5,21.1,8.3,19.1,37.8,16.2,10.8,12.6,31,15.8,18.4,34.9,15.8,34.9,26.6,11.5,17.3,33.5,28.4,18,16.9,10.4,23.4,27.4,36.4,16.9,33.1,34.2,30.6,39.2,18,22.3,22.3,11.2,,,,,,22.2204,114.2127
2026-08-25T16:00,28.4,26.9,28,26.4,26.9,28,29.3,28.8,27.5,27.1,28.8,29.3,26.9,28.8,26.5,27.1,29.3,30.1,28.7,27.1,26.6,27.8,28.8,28.7,27.6,27.9,28.4,28.5,29.4,28.1,28.3,28,28.8,29,28.6,27.3,29,28.7,27.2,28.2,86,91,89,96,90,89,85,84,88,92,85,85,86,83,94,91,83,83,83,91,92,88,87,87,90,90,87,88,80,89,84,88,86,86,86,91,84,88,93,86,0.2,0.6,1.2,3,1.3,0.1,0.1,0,0.4,1.3,0,0.1,0,0,1,0.4,0.3,0.6,0.1,0.1,2.1,1.2,0,0.1,1.2,2.5,0,2.7,0.6,0.7,1.4,0.1,0.6,0.8,1.7,1.1,0.1,0,1.7,0.1,4.5,10.1,2.7,5.6,9.8,8,9,1.8,2.9,10.2,1.8,4.8,12.3,2.5,3.3,4.8,3.4,3.7,1.5,3.1,29.8,4,4.6,7.1,3.5,19.2,8,5.4,3.6,5.2,2.1,3.2,1.6,1.3,6.4,3.7,3.6,10.5,1.8,4.2,,,,,,,,,,,,,,,,,,,,,,,,,,,,,,,,,,,,,,,,,30.7,29,29.3,31,30.1,29.7,29.7,29.6,28.5,29.9,28.4,28.6,29.1,29.3,29.8,29,29.9,29.4,30,29.1,29.3,29.2,29.8,28.7,29,28.6,29.3,29.5,28.8,29.8,31,74,80,76,70,76,80,78,76,78,79,80,81,75,79,75,78,78,72,69,79,77,83,75,81,83,78,83,77,80,74,70,0,0.2,0,0.4,0,0,0.1,0,0,0,0,0,0,0,0,0.3,0,0,0,0,0,0.2,0,0,0,0,0,0,0,0,0,17.9,27,14.8,10.7,13.6,25.7,14.2,16.5,22.4,14.3,28.2,20.2,8.3,16.1,28.1,24.8,15.6,11.5,8.3,19.6,22.2,23,15.8,25.7,23.6,21.3,26.1,15.9,14.3,21.9,11.8,20.9,39.2,18,11.5,13,32.4,15.8,18.4,33.8,16.2,36,25.2,11.5,17.6,35.6,29.9,18.4,15.8,11.2,24.1,25.9,32.4,18,33.8,34.2,29.9,41,18.4,22,24.1,13.7,,,,,,22.2204,114.2127
2026-08-25T17:00,28.5,26.8,28.2,26.4,26.8,28,29.3,28.9,27.6,27.1,28.9,29.3,27,28.9,26.6,27.1,29.5,30,28.8,27.2,26.7,27.9,28.9,28.7,27.5,28,28.4,28.6,29.5,28.2,28.4,28,28.8,28.9,28.6,27.3,29,28.8,27.2,28.3,86,91,88,96,90,88,85,83,87,92,85,84,85,83,94,90,83,83,82,91,92,87,87,88,90,90,86,87,79,89,84,88,86,86,86,91,84,88,93,86,0.2,0.6,1.2,3,1.3,0.1,0.1,0,0.4,1.3,0,0.1,0,0,1,0.4,0.3,0.6,0.1,0.1,2.1,1.2,0,0.1,1.2,2.5,0,2.7,0.6,0.7,1.4,0.1,0.6,0.8,1.7,1.1,0.1,0,1.7,0.1,4.8,10.5,2.9,6.2,10.4,8.7,8.6,2.2,3,10.4,2.3,4.9,12,2.9,3.4,4.9,3.4,3.9,1.4,3.6,29.2,4.5,5.2,7.8,3.9,19.8,8.3,5.6,3.6,5.5,2.7,3.2,1.9,1.3,6,3.8,4,10.2,1.9,3.9,,,,,,,,,,,,,,,,,,,,,,,,,,,,,,,,,,,,,,,,,30.4,28.8,29.2,30.8,29.9,29.5,29.7,29.6,28.5,29.7,28.3,28.5,29.2,29.3,29.7,28.9,29.8,29.5,30,29,29.1,28.9,29.7,28.6,28.9,28.5,29.2,29.4,28.8,29.5,30.7,76,81,77,71,76,82,78,76,78,79,81,81,75,79,76,79,78,72,69,79,78,85,76,82,84,79,84,78,81,76,71,0,0.2,0,0.4,0,0,0.1,0,0,0,0,0,0,0,0,0.3,0,0,0,0,0,0.2,0,0,0,0,0,0,0,0,0,19,27.3,15.3,10,13.9,25.8,14.4,16.1,22,14.6,28.5,18.7,9.1,15.5,28,23.8,14.6,12.1,9.1,19.4,21.6,20.5,16.3,24.5,22.9,20,25.8,16.1,14.1,22.7,14.5,22.7,39.2,19.4,11.9,13.3,33.1,16.6,18,34.2,16.6,37.4,23.8,11.9,17.6,37.4,29.2,18,15.5,11.9,24.1,24.5,29.2,19.1,33.8,34.2,29.2,41.4,18.7,22,26.3,15.8,,,,,,22.2204,114.2127
2026-08-25T18:00,28.6,26.8,28.3,26.5,26.7,28,29.3,29,27.6,27.1,28.9,29.3,27,29,26.7,27.2,29.6,30,28.9,27.3,26.8,28,28.9,28.7,27.5,28.1,28.5,28.7,29.6,28.2,28.4,28.1,28.9,28.9,28.5,27.3,29.1,28.9,27.2,28.5,85,91,88,95,90,88,86,83,87,92,84,84,85,82,94,90,82,83,82,90,92,87,87,88,89,90,86,86,79,89,84,88,85,86,86,90,83,88,93,85,0.2,0.6,1.2,3,1.3,0.1,0.1,0,0.4,1.3,0,0.1,0,0,1,0.4,0.3,0.6,0.1,0.1,2.1,1.2,0,0.1,1.2,2.5,0,2.7,0.6,0.7,1.4,0.1,0.6,0.8,1.7,1.1,0.1,0,1.7,0.1,4.8,10.9,3.2,6.8,10.8,9,8.5,2.5,3.4,10.4,2.7,4.7,11.7,3.3,3.5,4.9,3.6,3.6,1.5,3.9,28.7,4.9,5.4,8.2,4.2,20.4,8.7,5.5,3.7,5.8,3.4,3.2,1.8,1.5,5.3,3.8,4.3,9.4,1.6,4.1,,,,,,,,,,,,,,,,,,,,,,,,,,,,,,,,,,,,,,,,,30,28.7,28.9,30.4,29.6,29.2,29.5,29.5,28.4,29.4,28.2,28.4,29,29.1,29.4,28.7,29.6,29.4,29.8,28.8,28.9,28.8,29.4,28.4,28.7,28.3,29,29.1,28.6,29.1,30.4,78,82,79,73,77,84,79,77,78,80,81,82,77,80,78,80,79,73,71,80,80,86,77,83,85,81,85,80,82,78,72,0,0.2,0,1.1,0,0,0.1,0,0,0,0,0,0,0,0,0.5,0,0,0,0,0.2,0.6,0,0,0.1,0,0,0,0.2,0,0,19.6,25.8,15.5,7.9,13.4,25.1,15.3,15.8,23.1,14.6,27.9,17,9.8,14.3,27.8,19.8,13.6,12.8,10.5,18.1,21.1,19.4,16.4,22.2,21.9,18.8,24.3,15.8,15.3,23.2,15.8,23.8,36.7,20.2,11.5,13.3,33.1,18.4,18,37.1,16.6,38.5,22,12.6,16.6,37.8,25.2,16.9,16.6,13,23,24.1,27.7,19.8,32,33.5,28.8,39.2,18.4,23.4,28.8,17.3,,,,,,22.2204,114.2127
2026-08-25T19:00,28.6,26.8,28.4,26.5,26.6,28,29.3,29,27.6,27.1,29,29.3,27,29.1,26.7,27.2,29.7,29.9,29,27.4,26.8,28,29,28.7,27.4,28.2,28.5,28.8,29.7,28.2,28.5,28.1,28.9,28.8,28.4,27.3,29.2,28.9,27.3,28.6,85,91,87,95,90,88,86,82,86,92,84,84,84,82,94,90,82,83,81,90,92,87,86,88,89,89,86,85,78,89,84,88,85,87,86,90,83,88,93,85,0.2,0.6,1.2,3,1.3,0.1,0.1,0,0.4,1.3,0,0.1,0,0,1,0.4,0.3,0.6,0.1,0.1,2.1,1.2,0,0.1,1.2,2.5,0,2.7,0.6,0.7,1.4,0.1,0.6,0.8,1.7,1.1,0.1,0,1.7,0.1,5,11.6,3.2,6.9,11.2,9.3,8,2.9,3.5,10.5,3.2,4.2,11.8,3.7,4,4.9,3.4,3.8,1.6,4.2,28.3,5.2,5.8,8.6,4.7,20.8,9,5.6,3.8,6,3.8,2.9,1.8,1.8,5,3.9,4.7,9.2,1.8,4.1,,,,,,,,,,,,,,,,,,,,,,,,,,,,,,,,,,,,,,,,,29.5,28.6,28.6,30,29.2,28.9,29.3,29.3,28.3,29.1,28.1,28.2,28.8,28.9,28.9,28.5,29.4,29.3,29.4,28.6,28.7,28.7,29.1,28.2,28.6,28,28.8,28.8,28.5,28.8,30,80,82,82,75,79,86,79,78,79,82,81,82,79,81,79,82,80,75,73,81,82,86,78,84,85,83,85,81,82,80,74,0,0.2,0,1.1,0,0,0.1,0,0,0,0,0,0,0,0,0.5,0,0,0,0,0.2,0.6,0,0,0.1,0,0,0,0.2,0,0,20,23,15.3,6.7,12.3,24.1,16.9,15.3,25.3,14.2,27.8,15.6,11,12.7,27.3,14.7,12.7,13.7,11.9,16.8,20.2,19.2,16.2,19.3,20.8,17.7,22.5,15.2,17.3,24,16.4,24.8,33.1,20.2,11.2,13,32.8,20.5,18.4,41,16.2,40,20.5,13.3,15.1,37.8,19.8,15.5,18.7,14.4,21.6,24.5,27.4,20.5,29.2,32,29.2,35.3,18,25.9,31.3,18.4,,,,,,22.2204,114.2127
2026-08-25T20:00,28.7,26.8,28.4,26.6,26.5,28,29.2,29,27.6,27.1,29,29.3,27.1,29.1,26.8,27.2,29.8,29.8,29,27.5,26.9,28,29,28.6,27.4,28.3,28.5,28.8,29.8,28.2,28.5,28.1,28.9,28.7,28.4,27.3,29.2,29,27.3,28.6,85,91,87,95,90,88,86,82,86,92,84,84,84,82,94,90,82,83,81,90,92,87,86,88,89,89,86,85,78,89,84,88,85,87,86,90,83,88,93,85,0.2,0.6,1.2,3,1.3,0.1,0.1,0,0.4,1.3,0,0.1,0,0,1,0.4,0.3,0.6,0.1,0.1,2.1,1.2,0,0.1,1.2,2.5,0,2.7,0.6,0.7,1.4,0.1,0.6,0.8,1.7,1.1,0.1,0,1.7,0.1,5,11.9,3.2,7.6,11.3,9.8,7.6,2.9,3.5,10.6,3.4,4,11.5,3.7,4,4.9,3.5,4.3,1.6,4.2,28,5.6,6.1,8.6,5,20.9,9,5.5,3.8,6,4,2.9,1.8,1.8,4.6,3.9,5,8.9,1.8,4.1,,,,,,,,,,,,,,,,,,,,,,,,,,,,,,,,,,,,,,,,,29.1,28.5,28.4,29.7,28.8,28.7,28.9,29.2,28.3,28.8,28,28.1,28.5,28.7,28.6,28.3,29.1,29.1,29.1,28.4,28.6,28.7,28.8,28,28.4,27.8,28.7,28.6,28.3,28.5,29.7,82,83,84,77,81,88,81,79,80,84,81,83,82,82,81,83,81,77,75,82,83,86,79,85,86,84,86,83,83,82,75,0,0.2,0,1.1,0,0,0.1,0,0,0,0,0,0,0,0,0.5,0,0,0,0,0.2,0.6,0,0,0.1,0,0,0,0.2,0,0,20.1,21.3,15.3,7.3,11.5,23.3,17.6,14.6,27.3,13.8,28.5,14.4,11.6,11.6,26.6,10.5,12.5,14.1,13,15.7,19.2,19.2,16.1,17.6,19.8,16.9,21.1,14.7,18.6,24.5,16.3,25.6,31,20.2,10.4,13,32.4,21.6,18,44.6,16.2,41,19.1,14.4,14,37.4,14.8,14.4,19.1,15.5,20.9,24.5,27,20.9,28.1,30.6,29.5,32.8,17.6,27.7,33.1,19.1,,,,,,22.2204,114.2127
2026-08-25T21:00,28.7,26.8,28.4,26.6,26.4,28,29.2,29,27.6,27.1,29,29.2,27.1,29.1,26.8,27.2,29.8,29.6,29,27.5,26.9,28,29,28.6,27.3,28.3,28.5,28.8,29.8,28.2,28.5,28.1,28.9,28.5,28.3,27.2,29.2,29,27.3,28.7,85,91,87,95,90,88,86,82,86,92,84,84,84,82,94,90,82,83,81,90,92,87,86,88,89,89,86,85,78,89,84,88,85,87,86,90,83,88,93,85,0,0.2,0.8,5.3,0.2,0.3,0.5,0,0.1,1.7,0,0,0,0,0.4,0.1,1.4,2.9,0,0,2.6,0.4,0.1,0.3,0.4,4,0,0.6,0,1.3,0.1,0,0,1.7,0.4,0.9,0,2.2,0,0.1,5,12.3,3.2,8.1,11.3,10.2,7.2,2.9,3.5,10.8,3.6,3.5,11.5,3.7,4,4.6,3.4,4.8,1.6,4.2,27.8,5.9,6.1,8.6,5.4,20.8,9,5.2,3.8,6,4,2.9,1.8,1.8,4.1,3.9,5,8.9,1.8,4.1,,,,,,,,,,,,,,,,,,,,,,,,,,,,,,,,,,,,,,,,,28.9,28.4,28.2,29.6,28.6,28.6,28.3,29,28.2,28.6,27.8,27.9,28.4,28.5,28.5,28.2,28.9,29,28.9,28.2,28.6,28.6,28.8,27.9,28.4,27.7,28.6,28.4,28.1,28.4,29.5,83,84,85,78,82,88,84,80,81,85,82,84,84,83,82,84,82,78,77,83,83,86,79,86,86,85,86,84,83,83,76,0.4,0.2,0.5,0.5,0,0.4,1.5,0,0.6,0,0.1,0,0,0,0,1.2,0,0,0,0,0.2,0.5,0,0.2,0,0,0,0,0,0,0,19.9,21.6,15,7.5,11.3,23,17,13.2,28.9,13.4,29.2,14,12.1,11.2,26.2,7.7,12.6,11.7,13.5,15.9,18.3,19,16.3,18.7,18.7,17.3,20.6,14.5,18.5,24.5,16.1,26.3,32,20.2,9.4,13,32.8,20.9,16.9,47.2,15.8,42.5,18.7,15.5,13.3,37.4,11.2,14.4,15.8,16.2,21.2,24.1,27,21.6,29.9,28.8,30.6,32.4,18,29.2,33.5,19.1,,,,,,22.2204,114.2127
2026-08-25T22:00,28.7,26.9,28.4,26.7,26.4,28,29.1,29,27.5,27.1,29,29.2,27.1,29,26.8,27.1,29.7,29.5,29,27.6,26.9,28,29,28.5,27.3,28.4,28.6,28.7,29.9,28.1,28.5,28.1,28.8,28.4,28.2,27.2,29.1,28.9,27.3,28.7,85,90,87,95,90,88,87,82,86,92,84,84,83,82,94,90,82,84,81,90,92,87,86,88,89,89,86,85,78,89,84,88,85,88,87,90,83,88,92,85,0,0.2,0.8,5.3,0.2,0.3,0.5,0,0.1,1.7,0,0,0,0,0.4,0.1,1.4,2.9,0,0,2.6,0.4,0.1,0.3,0.4,4,0,0.6,0,1.3,0.1,0,0,1.7,0.4,0.9,0,2.2,0,0.1,4.7,13,3.2,8.5,11.4,10.8,7.2,2.9,3.9,11.3,3.3,3.1,11.2,3.4,4.5,4.3,2.9,5.4,1.5,3.9,27.9,6.3,6.1,8.1,6,20.5,8.6,5.2,3.7,5.8,3.6,2.4,1.5,1.8,4,3.8,5.2,8.7,2,3.9,,,,,,,,,,,,,,,,,,,,,,,,,,,,,,,,,,,,,,,,,28.8,28.4,28.1,29.6,28.5,28.7,27.5,28.8,28.1,28.4,27.6,27.8,28.2,28.4,28.4,28.2,28.7,28.9,28.7,28.1,28.7,28.6,28.8,27.7,28.4,27.7,28.6,28.2,28,28.4,29.5,84,85,85,78,83,87,89,81,81,86,82,84,85,85,83,84,84,80,78,84,83,85,79,87,87,85,87,85,84,83,77,0.4,0.2,0.5,0.5,0,0.4,1.5,0,0.6,0,0.1,0,0,0,0,1.2,0,0,0,0,0.2,0.5,0,0.2,0,0,0,0,0,0,0,19.4,22.7,14.6,7.1,11.4,23.2,16.1,12,30,12.9,31.6,14.1,12.4,10.8,25.8,5.2,13.1,8,13.9,16.3,17.5,18.5,16.3,21.2,17.7,18.1,20.6,14.7,18.3,23.9,15.6,26.6,34.9,19.4,7.9,13,33.8,19.4,15.1,49,15.8,43.9,18.7,16.2,13,37.1,7.9,15.1,10.8,16.9,22.3,23.4,27,22,33.1,27,32,33.5,18.7,30.2,33.5,19.1,,,,,,22.2204,114.2127
2026-08-25T23:00,28.7,26.9,28.3,26.8,26.4,27.9,29,29,27.5,27.1,29,29.1,27.1,29,26.8,27.1,29.7,29.2,29,27.6,27,27.9,28.9,28.5,27.3,28.4,28.6,28.6,29.9,28,28.5,28.1,28.8,28.2,28.1,27.2,29.1,28.9,27.4,28.6,86,90,88,95,90,88,87,83,86,92,84,85,83,82,94,90,83,84,81,90,93,88,86,89,89,89,86,86,78,90,84,88,86,88,87,90,83,89,92,86,0,0.2,0.8,5.3,0.2,0.3,0.5,0,0.1,1.7,0,0,0,0,0.4,0.1,1.4,2.9,0,0,2.6,0.4,0.1,0.3,0.4,4,0,0.6,0,1.3,0.1,0,0,1.7,0.4,0.9,0,2.2,0,0.1,4.2,13.3,2.9,9,11,11.4,6.8,2.5,3.8,11.3,3.1,2.7,11.2,2.7,4.5,4.1,2.5,6.4,1.4,3.7,27.9,6.6,6.1,7.8,6.7,19.6,8.7,4.7,3.6,5.2,2.9,2.3,1.1,1.6,3.6,3.4,5.3,8.7,2,3.6,,,,,,,,,,,,,,,,,,,,,,,,,,,,,,,,,,,,,,,,,28.8,28.3,28,29.7,28.4,28.7,27,28.7,28,28.3,27.4,27.7,28.1,28.2,28.4,28.1,28.5,28.6,28.5,27.9,28.8,28.6,28.8,27.6,28.4,27.7,28.6,28.1,27.9,28.3,29.4,84,85,85,78,84,87,91,82,82,87,83,85,86,86,84,84,85,81,80,85,82,85,79,87,87,85,87,86,84,84,77,0.4,0.2,0.5,0.5,0,0.4,1.5,0,0.6,0,0.1,0,0,0,0,1.2,0,0,0,0,0.2,0.5,0,0.2,0,0,0,0,0,0,0,19.2,24,13.9,6.5,11,23.4,15.3,10.8,30.6,12.6,33.7,14.3,12.5,10.4,25.7,4.1,13.4,7.8,14.2,16.9,17.2,18.1,16.3,23.4,17.1,18.9,20.7,14.8,18.7,23.8,15.1,27,37.1,18.4,7.9,13,34.2,18,13.7,49.3,15.8,45,18.7,16.9,12.2,36.7,6.1,15.8,10.1,17.3,23.4,22.3,26.3,22.3,35.6,25.6,33.1,34.2,19.4,30.6,33.1,18.4,,,,,,22.2204,114.2127
