time,temperature_2m_icon_seamless_eps (°C),temperature_2m_member01_icon_seamless_eps (°C),temperature_2m_member02_icon_seamless_eps (°C),temperature_2m_member03_icon_seamless_eps (°C),temperature_2m_member04_icon_seamless_eps (°C),temperature_2m_member05_icon_seamless_eps (°C),temperature_2m_member06_icon_seamless_eps (°C),temperature_2m_member07_icon_seamless_eps (°C),temperature_2m_member08_icon_seamless_eps (°C),temperature_2m_member09_icon_seamless_eps (°C),temperature_2m_member10_icon_seamless_eps (°C),temperature_2m_member11_icon_seamless_eps (°C),temperature_2m_member12_icon_seamless_eps (°C),temperature_2m_member13_icon_seamless_eps (°C),temperature_2m_member14_icon_seamless_eps (°C),temperature_2m_member15_icon_seamless_eps (°C),temperature_2m_member16_icon_seamless_eps (°C),temperature_2m_member17_icon_seamless_eps (°C),temperature_2m_member18_icon_seamless_eps (°C),temperature_2m_member19_icon_seamless_eps (°C),temperature_2m_member20_icon_seamless_eps (°C),temperature_2m_member21_icon_seamless_eps (°C),temperature_2m_member22_icon_seamless_eps (°C),temperature_2m_member23_icon_seamless_eps (°C),temperature_2m_member24_icon_seamless_eps (°C),temperature_2m_member25_icon_seamless_eps (°C),temperature_2m_member26_icon_seamless_eps (°C),temperature_2m_member27_icon_seamless_eps (°C),temperature_2m_member28_icon_seamless_eps (°C),temperature_2m_member29_icon_seamless_eps (°C),temperature_2m_member30_icon_seamless_eps (°C),temperature_2m_member31_icon_seamless_eps (°C),temperature_2m_member32_icon_seamless_eps (°C),temperature_2m_member33_icon_seamless_eps (°C),temperature_2m_member34_icon_seamless_eps (°C),temperature_2m_member35_icon_seamless_eps (°C),temperature_2m_member36_icon_seamless_eps (°C),temperature_2m_member37_icon_seamless_eps (°C),temperature_2m_member38_icon_seamless_eps (°C),temperature_2m_member39_icon_seamless_eps (°C),relativehumidity_2m_icon_seamless_eps (%),relativehumidity_2m_member01_icon_seamless_eps (%),relativehumidity_2m_member02_icon_seamless_eps (%),relativehumidity_2m_member03_icon_seamless_eps (%),relativehumidity_2m_member04_icon_seamless_eps (%),relativehumidity_2m_member05_icon_seamless_eps (%),relativehumidity_2m_member06_icon_seamless_eps (%),relativehumidity_2m_member07_icon_seamless_eps (%),relativehumidity_2m_member08_icon_seamless_eps (%),relativehumidity_2m_member09_icon_seamless_eps (%),relativehumidity_2m_member10_icon_seamless_eps (%),relativehumidity_2m_member11_icon_seamless_eps (%),relativehumidity_2m_member12_icon_seamless_eps (%),relativehumidity_2m_member13_icon_seamless_eps (%),relativehumidity_2m_member14_icon_seamless_eps (%),relativehumidity_2m_member15_icon_seamless_eps (%),relativehumidity_2m_member16_icon_seamless_eps (%),relativehumidity_2m_member17_icon_seamless_eps (%),relativehumidity_2m_member18_icon_seamless_eps (%),relativehumidity_2m_member19_icon_seamless_eps (%),relativehumidity_2m_member20_icon_seamless_eps (%),relativehumidity_2m_member21_icon_seamless_eps (%),relativehumidity_2m_member22_icon_seamless_eps (%),relativehumidity_2m_member23_icon_seamless_eps (%),relativehumidity_2m_member24_icon_seamless_eps (%),relativehumidity_2m_member25_icon_seamless_eps (%),relativehumidity_2m_member26_icon_seamless_eps (%),relativehumidity_2m_member27_icon_seamless_eps (%),relativehumidity_2m_member28_icon_seamless_eps (%),relativehumidity_2m_member29_icon_seamless_eps (%),relativehumidity_2m_member30_icon_seamless_eps (%),relativehumidity_2m_member31_icon_seamless_eps (%),relativehumidity_2m_member32_icon_seamless_eps (%),relativehumidity_2m_member33_icon_seamless_eps (%),relativehumidity_2m_member34_icon_seamless_eps (%),relativehumidity_2m_member35_icon_seamless_eps (%),relativehumidity_2m_member36_icon_seamless_eps (%),relativehumidity_2m_member37_icon_seamless_eps (%),relativehumidity_2m_member38_icon_seamless_eps (%),relativehumidity_2m_member39_icon_seamless_eps (%),rain_icon_seamless_eps (mm),rain_member01_icon_seamless_eps (mm),rain_member02_icon_seamless_eps (mm),rain_member03_icon_seamless_eps (mm),rain_member04_icon_seamless_eps (mm),rain_member05_icon_seamless_eps (mm),rain_member06_icon_seamless_eps (mm),rain_member07_icon_seamless_eps (mm),rain_member08_icon_seamless_eps (mm),rain_member09_icon_seamless_eps (mm),rain_member10_icon_seamless_eps (mm),rain_member11_icon_seamless_eps (mm),rain_member12_icon_seamless_eps (mm),rain_member13_icon_seamless_eps (mm),rain_member14_icon_seamless_eps (mm),rain_member15_icon_seamless_eps (mm),rain_member16_icon_seamless_eps (mm),rain_member17_icon_seamless_eps (mm),rain_member18_icon_seamless_eps (mm),rain_member19_icon_seamless_eps (mm),rain_member20_icon_seamless_eps (mm),rain_member21_icon_seamless_eps (mm),rain_member22_icon_seamless_eps (mm),rain_member23_icon_seamless_eps (mm),rain_member24_icon_seamless_eps (mm),rain_member25_icon_seamless_eps (mm),rain_member26_icon_seamless_eps (mm),rain_member27_icon_seamless_eps (mm),rain_member28_icon_seamless_eps (mm),rain_member29_icon_seamless_eps (mm),rain_member30_icon_seamless_eps (mm),rain_member31_icon_seamless_eps (mm),rain_member32_icon_seamless_eps (mm),rain_member33_icon_seamless_eps (mm),rain_member34_icon_seamless_eps (mm),rain_member35_icon_seamless_eps (mm),rain_member36_icon_seamless_eps (mm),rain_member37_icon_seamless_eps (mm),rain_member38_icon_seamless_eps (mm),rain_member39_icon_seamless_eps (mm),windspeed_10m_icon_seamless_eps (km/h),windspeed_10m_member01_icon_seamless_eps (km/h),windspeed_10m_member02_icon_seamless_eps (km/h),windspeed_10m_member03_icon_seamless_eps (km/h),windspeed_10m_member04_icon_seamless_eps (km/h),windspeed_10m_member05_icon_seamless_eps (km/h),windspeed_10m_member06_icon_seamless_eps (km/h),windspeed_10m_member07_icon_seamless_eps (km/h),windspeed_10m_member08_icon_seamless_eps (km/h),windspeed_10m_member09_icon_seamless_eps (km/h),windspeed_10m_member10_icon_seamless_eps (km/h),windspeed_10m_member11_icon_seamless_eps (km/h),windspeed_10m_member12_icon_seamless_eps (km/h),windspeed_10m_member13_icon_seamless_eps (km/h),windspeed_10m_member14_icon_seamless_eps (km/h),windspeed_10m_member15_icon_seamless_eps (km/h),windspeed_10m_member16_icon_seamless_eps (km/h),windspeed_10m_member17_icon_seamless_eps (km/h),windspeed_10m_member18_icon_seamless_eps (km/h),windspeed_10m_member19_icon_seamless_eps (km/h),windspeed_10m_member20_icon_seamless_eps (km/h),windspeed_10m_member21_icon_seamless_eps (km/h),windspeed_10m_member22_icon_seamless_eps (km/h),windspeed_10m_member23_icon_seamless_eps (km/h),windspeed_10m_member24_icon_seamless_eps (km/h),windspeed_10m_member25_icon_seamless_eps (km/h),windspeed_10m_member26_icon_seamless_eps (km/h),windspeed_10m_member27_icon_seamless_eps (km/h),windspeed_10m_member28_icon_seamless_eps (km/h),windspeed_10m_member29_icon_seamless_eps (km/h),windspeed_10m_member30_icon_seamless_eps (km/h),windspeed_10m_member31_icon_seamless_eps (km/h),windspeed_10m_member32_icon_seamless_eps (km/h),windspeed_10m_member33_icon_seamless_eps (km/h),windspeed_10m_member34_icon_seamless_eps (km/h),windspeed_10m_member35_icon_seamless_eps (km/h),windspeed_10m_member36_icon_seamless_eps (km/h),windspeed_10m_member37_icon_seamless_eps (km/h),windspeed_10m_member38_icon_seamless_eps (km/h),windspeed_10m_member39_icon_seamless_eps (km/h),windgusts_10m_icon_seamless_eps (undefined),windgusts_10m_member01_icon_seamless_eps (undefined),windgusts_10m_member02_icon_seamless_eps (undefined),windgusts_10m_member03_icon_seamless_eps (undefined),windgusts_10m_member04_icon_seamless_eps (undefined),windgusts_10m_member05_icon_seamless_eps (undefined),windgusts_10m_member06_icon_seamless_eps (undefined),windgusts_10m_member07_icon_seamless_eps (undefined),windgusts_10m_member08_icon_seamless_eps (undefined),windgusts_10m_member09_icon_seamless_eps (undefined),windgusts_10m_member10_icon_seamless_eps (undefined),windgusts_10m_member11_icon_seamless_eps (undefined),windgusts_10m_member12_icon_seamless_eps (undefined),windgusts_10m_member13_icon_seamless_eps (undefined),windgusts_10m_member14_icon_seamless_eps (undefined),windgusts_10m_member15_icon_seamless_eps (undefined),windgusts_10m_member16_icon_seamless_eps (undefined),windgusts_10m_member17_icon_seamless_eps (undefined),windgusts_10m_member18_icon_seamless_eps (undefined),windgusts_10m_member19_icon_seamless_eps (undefined),windgusts_10m_member20_icon_seamless_eps (undefined),windgusts_10m_member21_icon_seamless_eps (undefined),windgusts_10m_member22_icon_seamless_eps (undefined),windgusts_10m_member23_icon_seamless_eps (undefined),windgusts_10m_member24_icon_seamless_eps (undefined),windgusts_10m_member25_icon_seamless_eps (undefined),windgusts_10m_member26_icon_seamless_eps (undefined),windgusts_10m_member27_icon_seamless_eps (undefined),windgusts_10m_member28_icon_seamless_eps (undefined),windgusts_10m_member29_icon_seamless_eps (undefined),windgusts_10m_member30_icon_seamless_eps (undefined),windgusts_10m_member31_icon_seamless_eps (undefined),windgusts_10m_member32_icon_seamless_eps (undefined),windgusts_10m_member33_icon_seamless_eps (undefined),windgusts_10m_member34_icon_seamless_eps (undefined),windgusts_10m_member35_icon_seamless_eps (undefined),windgusts_10m_member36_icon_seamless_eps (undefined),windgusts_10m_member37_icon_seamless_eps (undefined),windgusts_10m_member38_icon_seamless_eps (undefined),windgusts_10m_member39_icon_seamless_eps (undefined),temperature_2m_ncep_gefs_seamless (°C),temperature_2m_member01_ncep_gefs_seamless (°C),temperature_2m_member02_ncep_gefs_seamless (°C),temperature_2m_member03_ncep_gefs_seamless (°C),temperature_2m_member04_ncep_gefs_seamless (°C),temperature_2m_member05_ncep_gefs_seamless (°C),temperature_2m_member06_ncep_gefs_seamless (°C),temperature_2m_member07_ncep_gefs_seamless (°C),temperature_2m_member08_ncep_gefs_seamless (°C),temperature_2m_member09_ncep_gefs_seamless (°C),temperature_2m_member10_ncep_gefs_seamless (°C),temperature_2m_member11_ncep_gefs_seamless (°C),temperature_2m_member12_ncep_gefs_seamless (°C),temperature_2m_member13_ncep_gefs_seamless (°C),temperature_2m_member14_ncep_gefs_seamless (°C),temperature_2m_member15_ncep_gefs_seamless (°C),temperature_2m_member16_ncep_gefs_seamless (°C),temperature_2m_member17_ncep_gefs_seamless (°C),temperature_2m_member18_ncep_gefs_seamless (°C),temperature_2m_member19_ncep_gefs_seamless (°C),temperature_2m_member20_ncep_gefs_seamless (°C),temperature_2m_member21_ncep_gefs_seamless (°C),temperature_2m_member22_ncep_gefs_seamless (°C),temperature_2m_member23_ncep_gefs_seamless (°C),temperature_2m_member24_ncep_gefs_seamless (°C),temperature_2m_member25_ncep_gefs_seamless (°C),temperature_2m_member26_ncep_gefs_seamless (°C),temperature_2m_member27_ncep_gefs_seamless (°C),temperature_2m_member28_ncep_gefs_seamless (°C),temperature_2m_member29_ncep_gefs_seamless (°C),temperature_2m_member30_ncep_gefs_seamless (°C),relativehumidity_2m_ncep_gefs_seamless (%),relativehumidity_2m_member01_ncep_gefs_seamless (%),relativehumidity_2m_member02_ncep_gefs_seamless (%),relativehumidity_2m_member03_ncep_gefs_seamless (%),relativehumidity_2m_member04_ncep_gefs_seamless (%),relativehumidity_2m_member05_ncep_gefs_seamless (%),relativehumidity_2m_member06_ncep_gefs_seamless (%),relativehumidity_2m_member07_ncep_gefs_seamless (%),relativehumidity_2m_member08_ncep_gefs_seamless (%),relativehumidity_2m_member09_ncep_gefs_seamless (%),relativehumidity_2m_member10_ncep_gefs_seamless (%),relativehumidity_2m_member11_ncep_gefs_seamless (%),relativehumidity_2m_member12_ncep_gefs_seamless (%),relativehumidity_2m_member13_ncep_gefs_seamless (%),relativehumidity_2m_member14_ncep_gefs_seamless (%),relativehumidity_2m_member15_ncep_gefs_seamless (%),relativehumidity_2m_member16_ncep_gefs_seamless (%),relativehumidity_2m_member17_ncep_gefs_seamless (%),relativehumidity_2m_member18_ncep_gefs_seamless (%),relativehumidity_2m_member19_ncep_gefs_seamless (%),relativehumidity_2m_member20_ncep_gefs_seamless (%),relativehumidity_2m_member21_ncep_gefs_seamless (%),relativehumidity_2m_member22_ncep_gefs_seamless (%),relativehumidity_2m_member23_ncep_gefs_seamless (%),relativehumidity_2m_member24_ncep_gefs_seamless (%),relativehumidity_2m_member25_ncep_gefs_seamless (%),relativehumidity_2m_member26_ncep_gefs_seamless (%),relativehumidity_2m_member27_ncep_gefs_seamless (%),relativehumidity_2m_member28_ncep_gefs_seamless (%),relativehumidity_2m_member29_ncep_gefs_seamless (%),relativehumidity_2m_member30_ncep_gefs_seamless (%),rain_ncep_gefs_seamless (mm),rain_member01_ncep_gefs_seamless (mm),rain_member02_ncep_gefs_seamless (mm),rain_member03_ncep_gefs_seamless (mm),rain_member04_ncep_gefs_seamless (mm),rain_member05_ncep_gefs_seamless (mm),rain_member06_ncep_gefs_seamless (mm),rain_member07_ncep_gefs_seamless (mm),rain_member08_ncep_gefs_seamless (mm),rain_member09_ncep_gefs_seamless (mm),rain_member10_ncep_gefs_seamless (mm),rain_member11_ncep_gefs_seamless (mm),rain_member12_ncep_gefs_seamless (mm),rain_member13_ncep_gefs_seamless (mm),rain_member14_ncep_gefs_seamless (mm),rain_member15_ncep_gefs_seamless (mm),rain_member16_ncep_gefs_seamless (mm),rain_member17_ncep_gefs_seamless (mm),rain_member18_ncep_gefs_seamless (mm),rain_member19_ncep_gefs_seamless (mm),rain_member20_ncep_gefs_seamless (mm),rain_member21_ncep_gefs_seamless (mm),rain_member22_ncep_gefs_seamless (mm),rain_member23_ncep_gefs_seamless (mm),rain_member24_ncep_gefs_seamless (mm),rain_member25_ncep_gefs_seamless (mm),rain_member26_ncep_gefs_seamless (mm),rain_member27_ncep_gefs_seamless (mm),rain_member28_ncep_gefs_seamless (mm),rain_member29_ncep_gefs_seamless (mm),rain_member30_ncep_gefs_seamless (mm),windspeed_10m_ncep_gefs_seamless (km/h),windspeed_10m_member01_ncep_gefs_seamless (km/h),windspeed_10m_member02_ncep_gefs_seamless (km/h),windspeed_10m_member03_ncep_gefs_seamless (km/h),windspeed_10m_member04_ncep_gefs_seamless (km/h),windspeed_10m_member05_ncep_gefs_seamless (km/h),windspeed_10m_member06_ncep_gefs_seamless (km/h),windspeed_10m_member07_ncep_gefs_seamless (km/h),windspeed_10m_member08_ncep_gefs_seamless (km/h),windspeed_10m_member09_ncep_gefs_seamless (km/h),windspeed_10m_member10_ncep_gefs_seamless (km/h),windspeed_10m_member11_ncep_gefs_seamless (km/h),windspeed_10m_member12_ncep_gefs_seamless (km/h),windspeed_10m_member13_ncep_gefs_seamless (km/h),windspeed_10m_member14_ncep_gefs_seamless (km/h),windspeed_10m_member15_ncep_gefs_seamless (km/h),windspeed_10m_member16_ncep_gefs_seamless (km/h),windspeed_10m_member17_ncep_gefs_seamless (km/h),windspeed_10m_member18_ncep_gefs_seamless (km/h),windspeed_10m_member19_ncep_gefs_seamless (km/h),windspeed_10m_member20_ncep_gefs_seamless (km/h),windspeed_10m_member21_ncep_gefs_seamless (km/h),windspeed_10m_member22_ncep_gefs_seamless (km/h),windspeed_10m_member23_ncep_gefs_seamless (km/h),windspeed_10m_member24_ncep_gefs_seamless (km/h),windspeed_10m_member25_ncep_gefs_seamless (km/h),windspeed_10m_member26_ncep_gefs_seamless (km/h),windspeed_10m_member27_ncep_gefs_seamless (km/h),windspeed_10m_member28_ncep_gefs_seamless (km/h),windspeed_10m_member29_ncep_gefs_seamless (km/h),windspeed_10m_member30_ncep_gefs_seamless (km/h),windgusts_10m_ncep_gefs_seamless (km/h),windgusts_10m_member01_ncep_gefs_seamless (km/h),windgusts_10m_member02_ncep_gefs_seamless (km/h),windgusts_10m_member03_ncep_gefs_seamless (km/h),windgusts_10m_member04_ncep_gefs_seamless (km/h),windgusts_10m_member05_ncep_gefs_seamless (km/h),windgusts_10m_member06_ncep_gefs_seamless (km/h),windgusts_10m_member07_ncep_gefs_seamless (km/h),windgusts_10m_member08_ncep_gefs_seamless (km/h),windgusts_10m_member09_ncep_gefs_seamless (km/h),windgusts_10m_member10_ncep_gefs_seamless (km/h),windgusts_10m_member11_ncep_gefs_seamless (km/h),windgusts_10m_member12_ncep_gefs_seamless (km/h),windgusts_10m_member13_ncep_gefs_seamless (km/h),windgusts_10m_member14_ncep_gefs_seamless (km/h),windgusts_10m_member15_ncep_gefs_seamless (km/h),windgusts_10m_member16_ncep_gefs_seamless (km/h),windgusts_10m_member17_ncep_gefs_seamless (km/h),windgusts_10m_member18_ncep_gefs_seamless (km/h),windgusts_10m_member19_ncep_gefs_seamless (km/h),windgusts_10m_member20_ncep_gefs_seamless (km/h),windgusts_10m_member21_ncep_gefs_seamless (km/h),windgusts_10m_member22_ncep_gefs_seamless (km/h),windgusts_10m_member23_ncep_gefs_seamless (km/h),windgusts_10m_member24_ncep_gefs_seamless (km/h),windgusts_10m_member25_ncep_gefs_seamless (km/h),windgusts_10m_member26_ncep_gefs_seamless (km/h),windgusts_10m_member27_ncep_gefs_seamless (km/h),windgusts_10m_member28_ncep_gefs_seamless (km/h),windgusts_10m_member29_ncep_gefs_seamless (km/h),windgusts_10m_member30_ncep_gefs_seamless (km/h),temperature_2m_ecmwf_ifs04 (°C),relativehumidity_2m_ecmwf_ifs04 (%),rain_ecmwf_ifs04 (mm),windspeed_10m_ecmwf_ifs04 (km/h),windgusts_10m_ecmwf_ifs04 (undefined),latitude,longitude
2026-08-09T00:00,29.3,30,29.9,29.5,30.1,29,30,29.5,28.9,30.2,30.6,30.2,30.1,29.1,29.5,29.5,29.6,29.8,29.4,30.2,29.8,31.1,29.6,29.1,29.1,29.3,30.1,29.1,29.9,29.3,29.6,30,29.4,29.3,29.9,28.9,30.1,30.1,29.9,30.5,82,77,84,90,81,86,80,88,89,80,73,81,83,85,85,85,85,81,88,79,84,74,89,88,87,91,81,88,85,89,87,79,87,87,81,89,82,79,85,82,0,0,0,0,0,0,0,0,0,0,0,0,0,0,0,0,0,0,0,0,0,0,0,0,0,0,0,0,0,0,0,0,0,0,0,0,0,0,0,0,5.1,5.6,3.9,4,5.8,4.4,5.5,3.8,3.2,4.1,5.5,4.4,3.8,3.3,3.3,4.1,5.2,4,4.4,4.8,5.1,4.8,3.5,4.1,4,5.1,5.6,4.5,3.4,5.1,3.1,5.5,3.2,4,5.4,3.4,4.7,7.9,4.5,3.6,,,,,,,,,,,,,,,,,,,,,,,,,,,,,,,,,,,,,,,,,29.6,29.5,29.8,29.5,29.6,29.4,29.7,29.2,29.3,29.5,29.3,29.8,29.5,29.7,29.6,29.8,29.6,29.6,29.7,29.1,29.8,29.6,29.4,29.5,28.9,29.4,29.3,29.6,29.8,29.4,29.4,78,78,76,78,75,79,76,80,80,78,80,75,79,77,78,76,78,77,77,81,76,77,79,78,83,80,80,77,76,79,79,0.2,0.4,0.1,0,0,0,0.1,0.1,0,0.1,0.3,0.1,0,0.2,0.2,0.1,0,0,0,0.3,0,0.1,0.1,0.1,0,0.4,0,0.1,0.2,0,0.3,14.4,13.3,13,14,8.4,18,10.5,14.6,15.9,13,15.9,11,15.1,9.1,14.1,12.2,14.1,11.4,12.4,18.9,11,14.6,15.1,13.7,18.5,16.7,16.6,14.4,13.7,13.7,14.8,16.6,16.6,15.1,16.9,11.5,20.9,13,17.6,18,16.2,19.4,13.3,17.3,11.2,16.2,14.4,16.6,13.7,14.8,23.4,13.3,16.9,17.3,16.6,23.4,19.8,18.4,16.6,15.5,16.6,16.9,,,,,,22.2204,114.2127
2026-08-09T01:00,29.5,29.9,30.2,29.2,30,29.1,29.8,29.2,28.6,30.4,30.7,30.5,29.8,29.1,29.4,29.5,29.6,29.7,29.6,30.5,29.9,31,29.2,29.2,29.2,29.2,30,29,29.8,29,29.4,29.9,29.4,29.2,30.1,28.8,30.1,30.1,29.7,30.4,79,77,80,91,81,84,79,90,91,76,72,76,83,84,85,83,84,81,84,74,82,72,91,86,86,90,79,90,85,88,88,78,86,86,77,89,81,78,82,80,0,0,0,0,0,0,0,0,0,0,0,0,0,0,0,0,0,0,0,0,0,0,0,0,0,0,0,0,0,0,0,0,0,0,0,0,0,0,0,0,5.7,6,4.7,4.2,6.2,5.2,6.3,4,3.3,5,6.1,5.9,4.2,3.7,3.3,4.7,5.1,4.5,5.1,5.6,5.5,5.6,3.2,4.8,4.3,5.5,6.8,4.7,3.2,5.5,3.1,6.3,3.4,4.7,5.8,3.7,4.5,9,4.7,3.7,,,,,,,,,,,,,,,,,,,,,,,,,,,,,,,,,,,,,,,,,29.2,29.2,29.4,29.2,29.2,29.2,29.2,29.1,29.1,29.2,29.1,29.4,29.1,29.3,29.2,29.3,29.3,29.3,29.3,29,29.3,29.2,29.2,29.3,28.9,29.1,29.2,29,29.4,29.2,29.1,80,80,80,80,80,81,80,81,81,81,81,78,83,79,82,80,81,80,80,82,80,79,81,79,84,83,81,82,80,81,82,0.2,0.4,0.1,0,0,0,0.1,0.1,0,0.1,0.3,0.1,0,0.2,0.2,0.1,0,0,0,0.3,0,0.1,0.1,0.1,0,0.4,0,0.1,0.2,0,0.3,13.2,12.2,13,12.2,12.4,15.3,11.7,12.8,14.1,10.5,12.5,11.3,13.8,9.7,13.8,12.8,14.1,11.1,13.4,17.7,11.7,12.8,15.5,13.1,14.8,15.1,14.6,15.1,13.5,12.7,14.9,15.1,15.5,14.8,15.1,15.1,17.6,13.7,15.8,16.2,13.7,15.5,13.7,15.8,11.5,15.8,14.4,16.6,13.7,15.8,20.2,13.7,15.1,17.6,15.5,18,17.6,16.9,17.3,15.5,15.5,16.9,,,,,,22.2204,114.2127
2026-08-09T02:00,29.7,29.7,30.2,29,30.1,29.2,29.4,29.2,28.5,30.3,30.4,30.6,29.5,29.7,29.6,29.6,29.6,29.7,29.9,30.4,30,30.8,29,29.7,29.4,29.2,29.8,29.1,29.7,28.9,29.1,29.8,29.7,29.6,29.9,29,30.3,30,29.5,30.4,76,78,77,89,79,82,81,89,91,76,73,72,82,79,82,80,81,79,79,74,78,71,90,79,82,86,81,87,85,86,89,78,82,81,78,85,77,80,81,78,0,0,0,0,0,0,0,0,0,0,0,0,0,0,0,0,0,0,0,0,0,0,0,0,0,0,0,0,0,0,0,0,0,0,0,0,0,0,0,0,6.8,6,5.2,4.8,7.2,6.2,6.7,4.5,3.7,5.5,6.3,6.4,4.9,4.2,4,5,6.2,5.5,6.3,6,6.4,6.5,4.2,6.4,5.6,6.8,7.2,5.4,3.4,6.4,2.9,6.8,4.3,6.2,6,4.7,5,10,5.2,4,,,,,,,,,,,,,,,,,,,,,,,,,,,,,,,,,,,,,,,,,28.9,29,29.1,29,28.9,29.1,28.9,29.1,29,28.9,28.9,29.2,28.9,29,28.9,28.9,29.1,29.1,29.1,28.9,28.9,28.9,29.1,29.1,28.8,29,29.1,28.7,29.1,29.1,28.9,82,81,82,81,83,82,83,81,82,82,81,80,85,81,84,82,82,82,82,82,82,79,82,80,84,85,81,85,83,82,83,0.2,0.4,0.1,0,0,0,0.1,0.1,0,0.1,0.3,0.1,0,0.2,0.2,0.1,0,0,0,0.3,0,0.1,0.1,0.1,0,0.4,0,0.1,0.2,0,0.3,13,12.8,13.1,11.9,15.9,13.9,12.8,12.9,13,10.5,11,11.9,12.8,10.7,13.6,13.5,14.5,11.7,14.3,17.1,12.4,12.1,15.8,12.9,12.6,14.3,13.8,15.5,13.5,12.9,14.5,14.8,15.1,15.1,14,18,16.2,14.8,14.8,15.1,12.2,13,14,14.8,12.6,15.8,15.1,16.9,13.7,16.6,19.1,14.4,14.4,17.6,15.1,14.4,16.2,16.2,17.6,15.5,15.1,16.6,,,,,,22.2204,114.2127
2026-08-09T03:00,29.7,29.6,29.9,29,30,29.1,29.1,29.6,28.8,30.1,30.2,30.3,29.4,29.8,29.8,29.4,29.6,29.6,29.5,30.2,29.7,30.5,29,29.8,29.5,29.4,29.7,29.5,29.7,28.8,29.1,29.6,29.9,29.6,29.5,29.2,30.5,29.7,29.2,30.5,77,79,76,84,79,82,83,83,87,76,74,73,80,76,78,80,80,78,80,75,79,72,86,79,80,82,83,81,82,83,88,79,78,80,80,83,73,82,81,74,0,0,0,0,0,0,0,0,0,0,0,0,0,0,0,0,0,0,0,0,0,0,0,0,0,0,0,0,0,0,0,0,0,0,0,0,0,0,0,0,7.3,6,5.6,6,7.9,6.6,6.5,5.5,3.9,5.8,6,6.6,5.9,4.2,4.3,5.2,6.9,5.8,6.6,5.4,6.8,6.9,4.5,6.9,6,8.2,8.4,6.1,3.9,7.2,3.3,6.9,4.5,6.8,5.5,4.8,5.9,9.6,5.4,5,,,,,,,,,,,,,,,,,,,,,,,,,,,,,,,,,,,,,,,,,28.9,29,29,29,28.9,29.1,28.8,29.1,29,28.9,29,29.1,29,29,28.9,28.9,29.1,29.1,29,29,28.9,28.9,29,29,28.8,29,29.1,28.6,29,29.1,28.9,81,80,81,80,82,81,82,80,81,80,79,79,84,80,83,81,81,81,81,80,81,78,82,80,83,84,80,84,83,81,82,0.1,0.1,0.2,0,0.5,0,0,0,0.2,0,0,0,0,0.1,0.4,0,0,0.2,0.1,0.2,0,0,0.2,0,0,0.3,0,0.1,0,0,0,13.5,13.8,14.1,12.8,16.8,14.4,13.1,13.9,13.4,10.8,11.2,12.5,13,12.1,14.7,14.5,15.1,12.2,14.9,17.7,13.1,13,15.4,13.4,13.6,14.2,13.9,14.6,14.2,14.1,14,15.1,15.5,16.6,14.4,19.8,17.6,15.1,15.5,15.1,12.2,12.6,14.4,15.1,14,16.9,15.8,18.4,14,17.3,21.6,15.5,15.1,17.3,15.5,15.1,15.8,17.3,17.3,15.8,16.6,16.2,,,,,,22.2204,114.2127
2026-08-09T04:00,29.4,29.3,29.7,28.9,29.7,28.9,28.8,29.7,29,29.8,29.9,29.9,29.3,29.8,29.7,29.3,29.4,29.4,29.2,29.9,29.5,30.1,29.1,29.6,29.5,29.3,29.6,29.5,29.8,28.7,29.3,29.4,29.8,29.3,29.1,29.1,30.4,29.4,29,30.5,79,81,75,82,79,83,85,80,83,76,75,74,78,75,79,79,82,78,82,76,79,72,83,81,79,83,84,81,78,83,84,80,78,81,82,83,70,83,83,72,0,0,0,0,0,0,0,0,0,0,0,0,0,0,0,0,0,0,0,0,0,0,0,0,0,0,0,0,0,0,0,0,0,0,0,0,0,0,0,0,7,5.6,5.1,6.3,7.9,6.2,5.8,5.5,4.3,5.8,6,6.1,5.9,4.1,4.2,5.4,7.4,5.7,6.6,5.1,6.6,6.6,4.8,7,6,8.7,8.2,6.4,4,7.6,4.1,6.6,4.4,6.6,5.2,4.8,6.4,9,5.3,5.5,,,,,,,,,,,,,,,,,,,,,,,,,,,,,,,,,,,,,,,,,29,29.1,29.1,29.1,29.1,29.1,28.9,29.1,29.1,29,29.1,29.2,29.1,29.1,29.1,28.9,29.2,29.2,29.1,29,29,29,29,29,28.9,29.1,29.2,28.8,29.1,29.1,29.1,79,78,79,78,79,79,80,79,79,78,77,78,81,79,80,79,78,79,78,78,78,77,81,78,82,81,78,82,80,79,79,0.1,0.1,0.2,0,0.5,0,0,0,0.2,0,0,0,0,0.1,0.4,0,0,0.2,0.1,0.2,0,0,0.2,0,0,0.3,0,0.1,0,0,0,14.5,15.1,15.5,13.8,17.1,15.9,13.2,15.5,14.5,11,11.7,13,13.8,14,15.8,15.4,16.2,12.6,14.8,18.2,14.2,14.7,14.9,14.2,15.4,14.1,15,14.2,15,15.5,13.8,16.2,16.6,18.4,15.5,20.9,20.9,15.5,17.3,16.2,13,13.3,14.8,15.8,15.8,18.4,16.9,20.5,14.8,18,25.6,17.3,17.3,16.2,15.8,17.6,16.2,19.8,16.6,16.9,19.1,15.8,,,,,,22.2204,114.2127
2026-08-09T05:00,29.1,29,29.3,28.7,29.6,28.8,28.6,29.5,28.9,29.4,29.8,29.6,29.1,29.6,29.4,29.2,29.1,29.2,28.9,29.6,29.3,29.9,28.8,29.3,29.2,29.2,29.4,29.3,29.8,28.5,29.5,29.2,29.6,29,28.7,28.9,30.3,29.2,28.9,30.4,81,82,76,82,77,84,86,80,83,78,75,75,79,75,80,79,83,78,84,76,80,72,84,82,81,84,86,82,76,84,80,80,78,83,83,84,69,83,84,71,0,0,0,0,0,0,0,0,0,0,0,0,0,0,0,0,0,0,0,0,0,0,0,0,0,0,0,0,0,0,0,0,0,0,0,0,0,0,0,0,6.4,5.3,5.4,6.3,7.9,6.2,5.5,5.4,4.2,5.5,6,5.9,5.6,4.4,4.1,5.9,6.9,5.7,5.8,4.9,6.4,6.9,5.2,6.2,5.4,8.4,7.3,6.1,4.5,7.3,4.2,6.4,4.6,6,5.2,4.3,6.9,8.2,5.3,5.5,,,,,,,,,,,,,,,,,,,,,,,,,,,,,,,,,,,,,,,,,29.2,29.2,29.3,29.2,29.3,29.2,29,29.2,29.2,29.2,29.2,29.3,29.3,29.2,29.2,29.1,29.3,29.3,29.2,29.2,29.2,29.2,29.1,29.1,29,29.3,29.3,29,29.2,29.2,29.2,77,76,77,76,77,77,78,77,77,75,75,76,78,77,78,77,76,77,76,76,76,75,79,77,80,79,76,79,78,77,76,0.1,0.1,0.2,0,0.5,0,0,0,0.2,0,0,0,0,0.1,0.4,0,0,0.2,0.1,0.2,0,0,0.2,0,0,0.3,0,0.1,0,0,0,15.6,16.3,16.8,15.3,17.6,17.6,13.9,16.8,15.6,12.2,12.8,13.7,15.3,16.1,17.2,16.3,17.1,13.7,15.6,19.4,15.7,16.3,14.8,15.2,16.7,14.3,16.6,14.4,16.2,16.6,14.6,18,18.4,20.5,17.6,22.3,23.8,16.2,19.4,18,14.8,15.1,15.8,17.6,18.7,20.5,18.4,22.7,16.2,19.4,29.2,19.4,19.8,16.9,17.6,20.2,16.9,22,16.6,18.4,21.6,16.6,,,,,,22.2204,114.2127
2026-08-09T06:00,28.9,29,29.2,28.4,29.5,28.7,28.5,29.4,28.5,29.2,29.7,29.5,28.9,29.4,29.2,29.1,28.8,29.1,28.6,29.4,29.2,29.6,28.6,29,29,29,29.1,29.1,29.7,28.3,29.4,29,29.4,28.7,28.5,28.5,30,29,29,30.2,81,82,76,83,75,84,86,80,84,79,74,75,80,76,81,79,85,78,86,77,78,71,84,82,81,85,87,83,75,86,78,80,78,84,84,86,69,83,85,71,0,0,0,0,0,0,0,0,0,0,0,0,0,0,0,0,0,0,0,0,0,0,0,0,0,0,0,0,0,0,0,0,0,0,0,0,0,0,0,0,6.4,5.6,5.4,6.2,8.2,6.5,5.8,5.4,4.1,5.7,5.7,6.1,5.7,4.2,3.9,6.4,7.1,5.7,5.6,4.9,6.4,7.1,4.8,5.1,5.2,8.8,7.3,6.1,4.6,7.2,4.2,6.4,4.1,6,5.6,4.7,6.4,8.2,5.3,6.1,,,,,,,,,,,,,,,,,,,,,,,,,,,,,,,,,,,,,,,,,29.3,29.3,29.4,29.3,29.4,29.3,29.1,29.3,29.3,29.3,29.3,29.4,29.4,29.3,29.3,29.2,29.4,29.4,29.3,29.4,29.3,29.3,29.2,29.3,29.1,29.4,29.3,29.2,29.3,29.4,29.3,76,75,75,75,76,76,77,76,76,74,74,75,76,76,76,76,75,75,75,74,75,74,77,75,78,77,75,77,76,75,75,0,0,0,0,0,0,0,0,0,0,0,0,0,0,0,0,0,0,0,0,0,0,0,0,0,0,0,0,0,0,0,17.2,17.7,18.3,17.6,18.7,19.3,15.1,18.4,17.7,14.8,14.1,15.3,16.9,18.1,18.5,17.4,18.5,15.7,17.4,20.2,17.9,18.2,15.9,17.2,16.7,15.1,18.3,14.5,17.4,17.8,16.3,21.2,22.3,23.4,21.6,24.8,26.6,18.7,22.3,22,18.7,18,18.7,21.2,23,23.4,20.9,25.2,19.1,23.4,31.3,23.4,24.1,20.2,21.6,21.6,18.7,24.5,17.6,21.2,24.1,20.2,,,,,,22.2204,114.2127
2026-08-09T07:00,29.2,29.5,29.5,28.9,29.8,29.1,29,29.6,28.7,29.7,30,29.7,29.4,29.7,29.4,29.5,29.3,29.5,29.1,29.7,29.6,29.9,28.9,29.1,29.2,29.6,29.8,29.4,30,28.9,29.6,29.5,29.5,29.1,29.1,28.8,30.2,29.4,29.5,30.6,81,80,76,84,72,82,84,80,86,79,75,74,79,76,82,79,83,77,85,76,76,70,86,84,81,82,84,82,74,84,79,78,78,83,82,86,70,80,83,71,0,0,0,0,0,0,0,0,0,0,0,0,0,0,0,0,0,0,0,0,0,0,0,0,0,0,0,0,0,0,0,0,0,0,0,0,0,0,0,0,6.5,6.1,5.4,5.9,8.4,6.4,5.5,5.4,3.7,6.2,5.7,6.9,6.8,3.9,3.9,6.1,8,6.2,6.2,5,6.4,7.4,4.5,4.4,5.2,9.5,7.9,5.9,5.2,6.9,4.1,6.9,3.9,5.9,5.9,4.5,6.4,8.7,5.5,5.5,,,,,,,,,,,,,,,,,,,,,,,,,,,,,,,,,,,,,,,,,29.5,29.4,29.6,29.5,29.5,29.4,29.3,29.5,29.3,29.4,29.4,29.5,29.5,29.4,29.5,29.3,29.5,29.6,29.4,29.6,29.6,29.4,29.4,29.5,29.3,29.5,29.4,29.4,29.5,29.5,29.5,74,74,73,74,75,74,75,74,76,73,73,74,75,75,75,74,74,74,74,73,74,72,75,73,77,75,74,74,74,72,74,0,0,0,0,0,0,0,0,0,0,0,0,0,0,0,0,0,0,0,0,0,0,0,0,0,0,0,0,0,0,0,18.9,19.5,20.4,19.9,20.3,21.5,16.4,19.5,20,17.6,15.5,17.1,18.6,20.5,19.7,18.1,20.2,17.7,19.5,21.4,20.3,20.4,18.2,19.6,16.4,16.3,19.9,14.8,18.6,19.5,18.4,25.2,27,27,26.3,27.4,29.9,21.6,25.9,26.6,23.8,21.6,22.7,25.6,28.4,26.3,24.1,27.4,22.7,28.1,33.1,28.1,29.2,24.5,26.3,23,21.2,27,19.4,24.8,26.6,24.8,,,,,,22.2204,114.2127
2026-08-09T08:00,30.7,30.9,31.3,31.1,30.7,30.7,31.1,31.5,30.8,31.2,31.2,30.6,30.8,31.5,31.3,31,30.8,31.4,31,31.3,31.2,30.9,30.9,30.8,30.7,31,31.3,30.8,32,30.8,31.4,31.1,31.4,31.1,31.5,31,31.8,30.5,30.9,31.9,72,73,69,71,67,73,71,68,82,71,69,69,71,68,76,71,74,67,74,69,68,66,79,74,74,73,73,75,65,73,75,69,73,73,72,77,63,73,75,67,0,0,0,0,0,0,0,0,0,0,0,0,0,0,0,0,0,0,0,0,0,0,0,0,0,0,0,0,0,0,0,0,0,0,0,0,0,0,0,0,9,7.6,6.6,7.9,10,8.1,7.5,7.3,3.3,7.4,6.9,8.9,10.8,4.3,3.4,7.6,9.7,7.4,7.9,6.4,8.2,9,4.4,6,5.9,10.7,10.7,6.1,6.1,9.2,3.8,8.7,4.1,7.1,6,4.5,8.2,10.9,6.2,5.9,,,,,,,,,,,,,,,,,,,,,,,,,,,,,,,,,,,,,,,,,29.8,29.7,29.9,29.8,29.8,29.7,29.6,29.8,29.6,29.7,29.7,29.8,29.8,29.6,29.8,29.6,29.8,29.9,29.7,29.9,29.9,29.7,29.8,29.9,29.7,29.8,29.7,29.8,29.8,29.9,29.8,72,72,71,72,73,72,73,72,75,72,71,72,73,73,73,72,72,72,73,71,72,70,72,71,74,73,72,71,71,70,72,0,0,0,0,0,0,0,0,0,0,0,0,0,0,0,0,0,0,0,0,0,0,0,0,0,0,0,0,0,0,0,20.1,20.4,21.5,21.6,21.2,22.4,17,20.6,21.4,19.9,17.1,18.2,19.9,21.8,20.6,18.3,20.9,19,21,22.2,21.8,21.9,19.6,21.1,16.8,17.1,20.9,15,19.6,20.4,19.5,28.1,29.9,29.2,29.9,29.2,31.3,23.4,28.4,29.5,27.7,24.5,25.2,28.8,31.7,28.4,25.6,28.8,25.2,31,33.5,31,32.4,27.7,29.5,24.5,22.7,28.8,21.2,27,28.4,27.7,,,,,,22.2204,114.2127
2026-08-09T09:00,31.8,32,32.3,32.2,31.8,31.8,32.2,32.5,32.6,32.1,31.8,31.6,31.8,32.5,32.7,32,31.9,32.4,32.3,32.1,32.3,32.1,32.3,31.9,32,32.3,32.5,32.2,33,31.9,32.8,32.2,32.7,32.3,32.5,32.2,32.7,31.5,32.2,32.5,66,68,61,65,62,67,65,62,64,66,67,66,68,62,65,66,70,62,67,65,63,62,67,68,66,66,66,66,61,66,63,64,61,65,65,68,59,68,66,65,0,0,0,0,0,0,0,0,0,0,0,0,0,0,0,0,0,0,0,0,0,0,0,0,0,0,0,0,0,0,0,0,0,0,0,0,0,0,0,0,10,8.8,11.6,10.4,12.7,10.2,9.9,11,6.3,11.2,11.5,11.1,12.8,6.9,4.3,9.7,10.2,9.7,9.9,10.5,10.9,11.7,5.6,7.1,7.4,11.2,13,8.2,6.2,11.2,5.8,10.9,6.9,10.6,9,6.5,11.7,13.4,7.4,10.4,,,,,,,,,,,,,,,,,,,,,,,,,,,,,,,,,,,,,,,,,30.4,30.3,30.5,30.3,30.4,30.4,30.3,30.3,30.2,30.3,30.2,30.4,30.3,30.2,30.4,30.3,30.4,30.5,30.3,30.4,30.4,30.3,30.4,30.5,30.3,30.5,30.4,30.4,30.5,30.5,30.4,69,69,68,69,69,68,69,69,72,69,68,69,70,70,69,69,68,69,70,69,69,67,69,68,70,69,69,67,68,67,69,0,0,0,0,0,0,0,0,0,0,0,0,0,0,0,0,0,0,0,0,0,0,0,0,0,0,0,0,0,0,0,20.2,20.2,21.5,22.2,21.3,22.2,16.3,20.9,21.4,21,19.1,18.8,20.4,21.7,20.6,17.6,20.6,19.3,21.1,22.7,21.7,22.1,20.2,21,18.2,17.5,20.7,16.7,19.8,21,19.7,28.4,28.8,29.5,31,28.8,30.6,23,29.2,29.2,29.2,26.6,25.6,29.5,31.7,28.4,24.8,28.4,25.9,30.6,32.4,30.6,32,28.1,29.2,26.3,22.7,28.8,23,27.4,28.4,27.4,,,,,,22.2204,114.2127
2026-08-09T10:00,33.1,33.1,33.4,33.7,32.9,33.2,33.4,33.5,33.5,33.4,32.9,32.8,33.2,33.6,34,33.3,32.7,33.4,33.6,33.3,33.3,33.3,33.6,33.3,33.3,33.7,33.7,33.7,34,33.1,33.7,33.4,33.8,33.4,33.5,33.1,33.6,32.8,33.4,33.5,60,63,55,58,58,59,58,56,62,58,62,60,61,57,59,58,65,58,61,59,58,57,60,60,60,57,59,57,57,59,59,57,56,58,59,64,55,60,60,61,0,0,0,0,0,0,0,0,0,0,0,0,0,0,0,0,0,0,0,0,0,0,0,0,0,0,0,0,0,0,0,0,0,0,0.1,0,0,0,0,0,12.9,12.8,16.2,14.9,14.2,14.8,14.6,16.8,9.4,14.5,15.5,14.4,14.7,10.6,7.1,13.4,13.2,13.2,12.3,15.1,13.9,13.4,10.2,10.6,10.5,16.9,18.4,13,10.9,15.1,10,15.5,12.7,15.5,15.6,9.5,15.6,17.4,11.5,14.3,,,,,,,,,,,,,,,,,,,,,,,,,,,,,,,,,,,,,,,,,31.2,31.1,31.3,31,31.2,31.2,31.1,31,31,31,31,31.2,31,31,31.1,31.2,31.3,31.1,31.1,31.1,31,31.1,31.2,31.4,31,31.3,31.2,31.2,31.3,31.2,31.3,65,65,64,66,65,64,65,66,67,65,65,65,67,66,65,65,64,65,66,66,66,63,65,64,65,65,65,64,64,65,65,0,0,0,0,0,0,0,0,0,0,0,0,0,0,0,0,0,0,0,0,0,0,0,0,0,0,0,0,0,0,0,20.2,19.2,20.9,22.5,20.9,21.2,15.6,21,20.7,21.8,21.3,18.5,20.4,21.4,20.1,16.4,20,19.1,20.7,22.8,21.2,21.7,20.1,19.9,20.7,16.9,20.3,18.7,19.9,20.7,18.9,27.4,25.9,28.4,31,27.4,28.1,21.6,29.5,27.4,29.2,28.1,24.8,28.8,29.5,27.4,22.3,27,25.2,28.1,30.2,28.8,29.9,27,27,28.1,22.3,27.7,25.2,26.3,27.7,25.6,,,,,,22.2204,114.2127
2026-08-09T11:00,34.2,34.2,34.3,34.7,33.8,34.3,34.4,34.3,34.8,34.3,33.9,33.9,34,34.6,34.9,34.4,33.7,34.5,34.9,34.2,34.3,34.4,34.6,34.3,34.7,34.7,34.6,34.6,35.1,34.2,35,34.5,34.6,34.3,34.3,33.6,34.5,33.7,34.7,34.7,53,54,51,51,54,53,53,52,55,52,55,54,54,51,53,53,59,52,52,53,53,53,52,52,53,52,54,53,50,54,51,53,52,53,53,61,51,56,53,52,0,0,0,0,0,0,0,0,0,0,0,0,0,0,0.1,0,0,0,0,0,0,0,0,0,0,0,0,0,0,0,0,0,0,0,0,0.1,0,0,0,0,15.6,15.3,18.2,17.2,15,16.9,16.6,18.7,13.1,17.3,17.5,16.2,16.9,13,11.3,15.5,16.3,16.5,15.3,17.2,15.8,14.6,13.8,12.6,11.8,19.7,19.8,14.9,14.3,16.1,13.2,17.3,15,16.9,18.2,11.8,17.6,19,14.8,17.7,,,,,,,,,,,,,,,,,,,,,,,,,,,,,,,,,,,,,,,,,31.8,31.7,31.9,31.5,31.8,31.8,31.8,31.5,31.7,31.6,31.6,31.7,31.5,31.6,31.7,31.9,31.9,31.6,31.8,31.6,31.5,31.8,31.8,32,31.6,32,31.9,31.9,31.9,31.7,31.9,62,63,61,63,62,62,62,64,64,62,62,62,64,63,62,62,61,63,63,64,63,61,63,62,62,62,62,61,62,63,62,0,0,0,0,0,0,0,0,0,0,0,0,0,0,0,0,0,0,0,0,0,0,0,0,0,0,0,0,0,0,0,19.6,17.7,20.3,22.3,20.4,19.3,14.2,21.6,19.2,22.1,22.6,17.8,20.6,21.4,19.5,14.6,18.9,18.5,19.7,22.4,20.9,20.9,19.7,18.3,21.7,15.8,19.5,20.2,18.9,20,18,25.9,23.4,27,30.6,25.9,25.6,19.8,29.9,25.2,28.8,28.8,23.4,28.1,28.8,26.3,20.2,25.6,24.5,25.9,28.4,27.7,27.4,25.9,24.8,28.8,21.2,26.3,25.9,25.2,26.6,23.8,,,,,,22.2204,114.2127
2026-08-09T12:00,34.9,34.9,35,35.6,34.7,35.2,35,35,35.7,35,34.6,34.7,34.4,35.2,35.5,34.9,34.6,35.3,35.6,34.8,35,35.1,35.3,34.8,35.4,35.6,35.4,35.4,36,35,35.8,35.3,35.3,35,34.8,34.4,35.4,34.5,35.5,35.5,50,51,48,48,51,49,50,50,48,49,52,51,53,48,49,50,55,49,49,50,49,50,49,51,49,48,50,50,45,50,47,49,49,50,50,57,48,53,48,49,0,0,0,0,0,0,0,0,0,0,0,0,0,0,0.1,0,0,0,0,0,0,0,0,0,0,0,0,0,0,0,0,0,0,0,0,0,0,0,0,0,15.6,15.5,18.5,17.8,15.1,17.7,15.8,18.1,14.6,17.2,17.6,15.7,16.5,13.6,12.7,15.6,16.3,17.1,15.5,17.1,15.5,14.9,13.4,11.4,11.8,18.8,19.6,15.2,15.8,17.3,14,17.3,15,16.9,18.4,13.5,18.2,18.2,16.2,17.6,,,,,,,,,,,,,,,,,,,,,,,,,,,,,,,,,,,,,,,,,32.1,31.9,32.2,31.9,32.1,32,32.1,31.8,32,31.9,32,32,31.7,31.9,32,32.4,32.1,31.8,32.1,31.9,31.7,32.1,32.1,32.3,31.9,32.4,32.2,32.3,32.1,31.9,32.1,62,63,60,62,61,63,62,63,63,62,61,62,63,62,61,61,61,63,62,63,62,61,63,62,61,62,61,60,62,63,62,0,0,0,0,0,0,0,0,0,0,0,0,0,0,0,0,0,0,0,0,0,0,0,0,0,0,0,0,0,0,0,17.9,16.1,18.1,21.4,20,15.5,12,22.7,17.3,21.6,21.6,15.4,21,23.3,18.4,11.2,17.1,17.1,18.6,21.6,21.4,18.9,17.9,16,20.3,13,17,18.8,16.6,18.2,16.9,24.5,22.3,24.8,29.5,25.2,22.3,17.3,31.7,22.7,28.8,27.7,20.5,28.1,31,25.9,17.6,24.1,23.4,23.8,27,29.2,24.8,24.5,23,27.4,19.1,23.8,24.5,23,24.8,22.7,,,,,,22.2204,114.2127
2026-08-09T13:00,35.3,35.5,35.6,36.1,35.4,35.8,35.8,35.7,36.3,35.6,35.2,35.6,35,35.7,36.4,35.5,35.3,35.8,35.9,35.3,35.7,35.7,35.1,35.5,35.8,36.3,36.1,35.9,36.6,35.6,36.3,36.1,36.1,35.7,35.1,35,36.1,35.1,36,36.2,48,48,46,45,48,47,48,47,46,47,49,48,52,47,46,48,52,48,47,49,47,47,49,48,47,45,47,48,43,48,45,47,46,48,49,54,45,50,46,46,0,0,0,0,0,0,0,0,0,0,0,0,0,0,0,0,0,0,0,0,0,0,0.2,0,0,0,0,0,0,0,0,0,0,0,0,0,0,0,0,0,15.3,15.1,17.5,17.6,15,16.7,14.2,16.9,15.6,16.1,18.4,15.5,14.2,13.2,12.6,14.5,14.7,16.5,14.5,16.2,15.5,14.6,12.3,11.9,11.8,18,19.1,14.2,16.3,18.1,14.8,16.5,14.9,17.1,17.9,13.2,17.6,17.1,15.8,17.4,,,,,,,,,,,,,,,,,,,,,,,,,,,,,,,,,,,,,,,,,32.2,31.9,32.4,32.1,32.3,32,32.1,31.9,32.1,32.1,32.3,32.1,31.9,32,32.2,32.7,32.1,31.9,32.4,32.1,31.8,32.2,32.2,32.3,32.1,32.6,32.3,32.5,32,32,32.1,63,64,61,61,61,65,63,63,64,62,61,64,63,61,62,61,63,65,62,63,63,62,63,63,62,63,62,60,64,64,63,0,0,0,0,0,0,0,0,0,0,0,0,0,0,0,0,0,0,0,0,0,0,0,0,0,0,0,0,0,0,0,16.4,16.3,15.7,20.4,19.5,12.2,9.4,24.9,15.6,21.3,19.2,12.1,21.9,26.1,19,7.3,16.4,16.4,17.5,20.7,23.2,16,16.1,15.3,19.1,10.3,14.5,16.4,15.1,17.4,17,22.7,21.6,22,27.7,24.8,18.7,14.8,34.2,19.8,28.4,25.2,16.9,27.7,34.6,25.6,15.5,22.3,22.3,22,25.6,31.3,22,22.7,21.6,25.2,16.9,20.5,22.3,20.5,22.7,22,,,,,,22.2204,114.2127
2026-08-09T14:00,35.4,35.9,36,36.6,36,36,36.4,36.4,36.7,35.6,35.6,36.2,35.6,36.2,36.8,36,35.7,36.2,36.3,35.7,36.1,36.3,35.3,36,35.9,36.7,36.7,36.6,37.1,36.2,36.6,36.7,36.6,36.1,35.5,35.8,36.5,35.8,36.3,36.5,48,47,45,43,46,45,46,44,45,47,48,45,48,45,44,46,50,46,45,47,45,45,50,46,46,43,45,45,41,46,43,44,44,46,47,50,44,47,45,44,0,0,0,0,0,0,0,0,0,0,0,0,0,0,0,0,0,0,0,0,0,0,0.3,0,0,0,0,0,0,0,0,0,0,0,0,0,0,0,0,0,14.6,14.4,16.2,15.9,14.9,16.3,13,15.9,14.5,16.3,18.6,15.3,14.3,12.6,12.2,14,14.3,16.3,14.3,16.8,15.5,14.4,12.3,11.5,12.1,16.7,18.2,12.9,15.4,16.6,14.8,16.1,13.9,17.6,16.9,11.8,16.6,16.4,15.1,15.9,,,,,,,,,,,,,,,,,,,,,,,,,,,,,,,,,,,,,,,,,32.3,31.8,32.6,32.3,32.5,31.9,32.1,32,32.1,32.2,32.5,32.1,32,32.1,32.3,32.8,32.1,31.9,32.5,32.2,31.9,32.3,32.2,32.3,32.3,32.6,32.4,32.7,32,32,32.1,64,66,62,61,62,67,65,63,65,63,61,66,63,61,63,62,65,66,63,64,63,63,64,65,62,65,63,61,66,65,65,0,0,0,0,0,0,0,0,0,0,0,0,0,0,0,0,0,0,0,0,0,0,0,0,0,0,0,0,0,0,0,15.9,19.1,14.8,20.2,20.3,12.3,9.5,27,16.2,21.9,17.9,9.5,22.9,28,20.3,5.6,17.9,17.9,17.4,20.4,24.6,15.1,15.5,17.3,20.3,10.1,13.7,14.4,16.6,18.1,19,22,22.7,20.5,27,25.2,17.3,14.8,35.6,19.4,27.7,23.8,15.5,27.7,36.4,25.2,15.1,22.3,22,21.6,25.2,32.8,20.2,22,21.6,24.1,16.6,19.1,20.2,20.2,21.6,22.7,,,,,,22.2204,114.2127
2026-08-09T15:00,35.6,36.3,36.4,37,36.4,36.2,36.3,36.8,37,35.8,35.9,36.3,35.6,36.5,37,36.3,35.5,36.3,36.7,35.5,36.3,36.6,35.1,36.3,35.9,37.1,36.8,37,37.4,35.9,36.9,37,36.9,36.4,35.6,36.2,36.8,36.3,36.7,36,48,45,43,41,44,45,45,42,43,46,46,44,48,44,43,45,51,45,45,47,45,44,52,45,46,42,44,43,41,46,42,42,43,45,46,48,42,45,43,46,0,0,0,0,0,0,0,0,0,0,0,0,0,0,0,0,0,0,0,0,0,0,0.2,0,0,0,0,0,0,0,0,0,0,0,0,0,0,0,0,0,13.8,13.8,15,15.8,15,15.3,13.7,15.3,13.7,17,19.1,15.3,14.6,12,11.5,14,14.5,15.3,14,16.7,15.2,14,11.8,10.4,10.8,15.8,17,11.5,14.3,15.8,14.5,15.9,12.4,17.3,15.7,10.9,15.3,16.9,13.9,15.8,,,,,,,,,,,,,,,,,,,,,,,,,,,,,,,,,,,,,,,,,32.3,31.8,32.6,32.4,32.5,31.7,31.9,32,31.9,32.3,32.7,32,32.1,32.3,32.4,32.6,32.1,31.8,32.5,32.3,32,32.4,32.2,32.2,32.4,32.4,32.3,32.7,31.9,32,32.1,64,68,63,61,63,69,67,63,67,63,61,67,63,60,63,64,66,66,64,66,63,63,65,67,61,67,65,62,67,66,67,0,0,0,0,0,0,0,0,0.1,0,0,0,0,0,0,0,0,0,0,0,0,0,0,0,0,0,0,0,0,0,0,17.2,22.8,16.1,21.3,22,15.3,14,28,19.6,21.6,18.3,11.2,22.8,27.3,20.6,9.4,20.5,19.8,19.1,20.5,25.4,15.9,16.6,20.9,22.4,14,14.9,13.8,19.8,19.2,22.3,23,26.6,21.6,28.1,27.7,20.2,19.8,36.4,23.4,27,24.1,18.7,27.4,34.6,25.2,18.4,25.6,23.4,24.5,26.3,32.8,20.9,23,25.2,26.3,20.5,20.5,19.1,24.1,22.7,26.3,,,,,,22.2204,114.2127
2026-08-09T16:00,35.7,36.5,36.5,36.3,36.5,36,35.8,36.5,36.6,35.8,35.9,35.8,35.2,36.6,37,36.3,35.5,36.4,36.8,35,36.3,36.6,35.3,36.3,36,37,36.5,37,37.6,35.6,36.8,36.9,36.7,36.5,35.4,36.4,36.9,35.9,36.7,35.9,47,44,42,44,43,46,47,43,44,46,46,46,51,43,43,44,51,44,43,49,44,45,51,45,46,43,46,42,40,47,42,42,43,44,47,46,42,46,42,46,0,0,0,0,0,0,0,0,0,0,0,0,0.1,0,0,0,0,0,0,0,0,0,0,0,0,0,0,0,0,0,0,0,0,0,0,0,0,0,0,0,12.5,13.3,13.8,15.5,13.6,14.5,13.5,14.3,13.5,16.5,17.9,14,14.1,11.3,10.2,13.8,13.4,13.6,13.5,15.3,13.8,12.9,9.9,8.7,8.5,13.5,16.7,11.3,12.5,14.2,12.3,15,11.9,16.8,14.6,10.5,15,16.6,14.2,14.3,,,,,,,,,,,,,,,,,,,,,,,,,,,,,,,,,,,,,,,,,32.4,31.6,32.6,32.5,32.5,31.5,31.6,32,31.5,32.4,32.7,31.8,32.2,32.5,32.4,32.2,32.1,31.8,32.5,32.3,32,32.5,32.2,31.9,32.4,32,32.1,32.7,31.9,32.1,32,65,69,64,61,64,71,70,62,70,63,62,67,63,60,64,68,67,67,65,68,62,62,66,69,60,70,67,63,68,67,69,0,0,0,0,0,0,0,0,0.1,0,0,0,0,0,0,0,0,0,0,0,0,0,0,0,0,0,0,0,0,0,0,19.4,27.1,19,23.2,24.6,19.3,21.3,28.5,24.9,20.3,19.7,16.9,22.2,25.1,20.3,15.5,23.9,22.1,22,21,25.8,17.6,19.2,24.7,25,19.8,17,14.4,23.7,20,26,25.2,32.4,23.8,29.5,31.3,25.6,27.4,36.4,29.2,25.9,25.2,24.1,27.4,31.3,25.6,23.8,30.2,25.9,29.2,27.7,31.7,22.7,25.6,30.6,29.9,26.3,23.4,18,29.9,25.2,31.3,,,,,,22.2204,114.2127
2026-08-09T17:00,35.6,36,36.3,35.9,36.1,35.6,35.2,35.5,35.7,35.3,35.9,35.7,34.9,36.3,36.4,35.7,35.1,36.3,36.7,34.6,36.2,36.1,34.2,35.9,35.8,36.8,35.7,36.3,37.3,35.5,36.7,36.5,36.2,36,35,36.1,36.7,35.6,35.9,35.9,46,45,43,47,45,47,52,48,47,48,46,46,53,43,45,46,52,44,44,51,44,46,56,46,47,43,50,44,40,49,42,43,45,46,48,46,43,47,45,46,0,0,0,0,0,0,0,0.1,0,0,0,0,0,0,0,0,0,0,0,0.1,0,0,0.2,0,0,0,0.1,0,0,0,0,0,0,0,0,0,0,0,0,0,12.6,13.5,12.2,13.8,12.6,13.5,12.2,13.4,12,15.1,16.3,12.8,12.7,10.3,9.4,12.5,14.3,11.8,12.5,14.7,12.2,11.3,10.1,10,6.9,12.9,16.1,10.1,11,12.5,10.3,13,10.9,16.3,13.5,9.4,13.8,16.1,14.5,12.8,,,,,,,,,,,,,,,,,,,,,,,,,,,,,,,,,,,,,,,,,32.3,31.5,32.5,32.5,32.4,31.2,31.3,31.9,31.2,32.4,32.6,31.7,32.2,32.5,32.3,31.7,32.1,31.7,32.4,32.2,32,32.5,32.1,31.7,32.4,31.5,32,32.5,31.8,32,31.9,65,71,64,61,65,73,73,62,73,63,62,68,63,60,64,71,68,67,66,69,62,62,66,71,60,73,68,64,69,68,70,0,0,0,0,0,0,0,0,0.1,0,0,0,0,0,0,0,0,0,0,0,0,0,0,0,0,0,0,0,0,0,0,20.9,30,20.6,24.1,26.2,22.7,26.7,27.5,28.2,19.7,20.8,21.4,21.3,23,20.2,20.5,26.3,23,24.1,21.3,25.1,18.5,20.5,27.4,25.6,24.5,18.2,15.6,26.6,21.2,27.7,26.6,36.4,25.2,30.6,33.5,29.5,33.1,34.9,33.5,25.2,25.9,27.7,26.6,28.4,25.9,27.4,33.5,27.7,32,28.8,30.2,23.8,26.6,34.6,31.3,31,25.2,18.7,34.2,27.4,34.6,,,,,,22.2204,114.2127
2026-08-09T18:00,35,34.5,35.2,35.1,34.9,34.6,34.8,34.5,34.7,34.2,35.3,35.2,34.3,35.4,35.1,34.5,34,35.5,35.7,34,35.5,35.5,32.8,34.7,33.8,35.6,34.7,35.2,35.3,33.9,35.3,35.4,35.4,35.2,34.2,35.3,35.8,34.7,34.7,34.9,48,51,47,51,49,52,54,52,53,53,48,48,56,47,50,52,57,48,49,54,47,48,64,51,55,47,54,49,47,56,48,47,49,49,52,49,47,51,51,51,0,0,0,0,0.1,0,0,0,0,0,0,0,0,0,0,0,0,0,0,0,0,0,0.5,0.1,0.1,0,0.1,0,0.1,0.2,0,0,0,0,0,0,0,0,0,0,11.1,11.8,8.9,10.5,10.2,10.2,9.2,11.5,8,11.2,15,10.7,9.6,8,8.9,9.4,13.9,8.7,10.3,10.7,10.5,9.7,7.9,10.4,6.9,12.8,12.7,8.1,7.9,11.5,10.4,9.4,8.9,13.5,9.9,7.1,11,14.1,12,10.5,,,,,,,,,,,,,,,,,,,,,,,,,,,,,,,,,,,,,,,,,32.3,31.2,32.4,32.4,32.1,31,30.8,31.8,30.9,32.3,32.4,31.7,32.2,32.4,32.1,31.3,31.9,31.6,32.2,32.1,31.9,32.4,32.1,31.5,32.3,31.1,32,32.1,31.7,31.7,31.7,65,73,64,61,67,74,76,62,75,63,62,69,63,60,65,73,69,67,67,69,62,62,66,72,60,75,68,66,69,70,71,0,0,0,0,0,0,0,0,0,0,0,0,0,0,0,0,0,0,0,0,0,0,0,0,0,0,0,0,0,0,0,20.2,29.8,20.3,23.8,25.9,24.7,27.1,24.9,28.4,19.6,21.1,21.2,20.1,21.5,20.9,22.8,26.3,22.1,23.4,20.5,22.4,18.5,19.4,27.4,22.7,26.3,17.6,17.4,27.2,22.4,26.5,26.3,36.7,25.2,29.9,33.1,31,34.9,31.3,34.2,25.2,25.9,28.1,25.6,26.6,27,28.4,33.5,27.7,32,28.4,27.4,23.4,25.6,35.3,28.4,33.5,25.2,22.3,34.9,29.2,34.2,,,,,,22.2204,114.2127
2026-08-09T19:00,33.8,33.3,33.3,33.1,33.9,32.8,33.2,33.1,33.4,32.8,33.9,33.7,32.9,33.9,33.3,32.7,32.9,33.9,33.9,32.8,33.8,34.1,31.7,33.2,32.3,33.6,33.5,33.5,33.9,31.5,33.9,33.7,34,33.6,33.1,33.9,33.8,33,33.3,33.6,54,57,57,61,55,61,60,59,59,61,53,56,62,54,59,61,63,56,57,60,55,55,71,60,66,57,59,57,55,67,55,56,55,57,57,56,56,60,59,58,0,0,0,0,0,0,0.2,0.1,0,0,0,0,0,0,0,0,0,0,0,0,0,0,1.2,0,0,0,0,0,0.2,0.7,0,0,0,0,0,0,0.1,0,0,0,6.6,7.8,5.6,6.2,5.8,6.8,6.9,9.1,5.4,6.6,10.8,7.2,5.6,4.3,6,5.8,9.8,5.5,5.8,6,6.8,6.3,3.8,6.5,3.4,8.6,8.8,6,4,6.4,5.7,5.9,6,7.9,5.5,4.4,8.3,9.8,8.1,5.7,,,,,,,,,,,,,,,,,,,,,,,,,,,,,,,,,,,,,,,,,32.2,30.9,32.3,32.2,31.7,30.8,30.3,31.6,30.6,32.1,32.2,31.7,32.1,32.1,31.9,30.9,31.6,31.5,31.9,32,31.8,32.2,32.1,31.3,32.1,30.6,32,31.6,31.5,31.3,31.4,65,74,63,61,68,75,79,62,77,64,62,69,63,61,65,75,69,68,68,68,62,62,65,73,61,77,67,69,69,72,71,0,0,0,0,0,0,0,0,0,0,0,0,0,0,0,0,0,0,0,0,0,0,0,0,0,0,0,0,0,0,0,19.1,27.8,19.8,23.2,24.3,25.6,24.9,21.5,26.6,19.7,21,19.4,18.2,20.4,22,23.7,24.4,20.3,21,19.8,18.7,17.9,17.7,26,18.4,26.7,16.2,19.9,26.4,23.1,23.5,25.2,35.3,24.8,28.1,31.7,31.3,34.6,26.3,33.1,25.2,25.6,26.3,24.1,25.2,28.4,27.7,31.7,26.6,30.6,27,23.8,22.7,23.8,34.6,23.4,34.6,23.8,27,33.8,31,31.7,,,,,,22.2204,114.2127
2026-08-09T20:00,32.4,32.1,31.8,31.6,32.7,31.1,32.3,31.7,31.9,32,32.9,32.1,31.6,32.9,32,31.2,31.7,32.4,32.2,31.7,32.4,33,30.7,31.5,30.8,32.1,32.6,32.3,32.5,30.4,32.7,32.1,32.6,32,31.9,32.1,32.8,31.4,32.2,32.3,62,64,66,70,62,71,65,68,67,65,58,65,69,60,66,70,70,65,68,66,63,61,78,71,76,67,64,63,64,76,62,66,62,66,64,67,61,70,66,65,0,0,0,0,0,0,0,0,0,0,0,0,0.2,0,0,0,0,0,0,0,0.1,0,1.9,0,0,0,0,0,0,0,0,0,0,0,0,0,0,0,0,0.2,5.1,5.8,4.2,5.8,4.7,5,4.3,7.2,4.3,5.1,7,5.4,2.6,3.3,4.4,4.7,10.3,4.7,4.3,4.7,3.3,4.7,3,5.2,4.1,6.4,9.1,5.2,3.2,6.8,3.8,4.7,4.7,5.4,5.1,4,5.5,7.4,4.2,6.3,,,,,,,,,,,,,,,,,,,,,,,,,,,,,,,,,,,,,,,,,32,30.7,32.2,32,31.5,30.7,30,31.4,30.5,31.9,31.9,31.7,31.9,31.8,31.6,30.6,31.4,31.4,31.7,31.9,31.6,32,32,31.2,31.8,30.3,32,31.2,31.4,31,31.3,65,74,62,61,69,75,80,62,77,65,63,69,63,62,66,76,70,68,69,67,62,63,64,73,62,78,66,71,69,73,71,0,0,0,0,0,0,0,0,0,0,0,0,0,0,0,0,0,0,0,0,0,0,0,0,0,0,0,0,0,0,0,17.9,25.1,19.1,22.1,22.7,24.7,23.1,18.2,23.9,19.4,20.2,17.6,17,19.8,22.3,22.7,22.7,18.9,19.5,19.3,16,17.1,17.3,23.9,15.5,26.1,15.6,20.9,25.1,23.2,20.7,23.8,33.5,23.8,26.6,29.9,30.6,33.8,22.7,31.3,24.8,24.8,24.8,23,24.5,29.2,26.6,29.9,25.6,28.8,25.9,21.2,21.6,22.3,32.8,20.5,34.6,22.7,29.5,32,31.7,29.2,,,,,,22.2204,114.2127
2026-08-09T21:00,31.4,31.4,31.1,30.8,31.7,30.2,31.6,31.2,30.9,31.5,32.2,31,30.7,31.8,31.4,30.4,31.2,31.5,31.1,30.8,31.5,32.4,30,30.8,30.2,31.4,32.1,31.6,31.3,30,31.7,31.2,31.6,30.8,31.2,30.8,32.3,30.8,31.4,31.8,69,69,71,75,68,78,69,69,74,67,61,72,74,66,69,75,72,72,75,71,69,65,82,75,80,71,66,67,72,77,69,72,69,74,68,75,64,74,71,66,0,0,0,0,0,0,0,0.1,0,0,0,0,0.3,0,0,0,0,0,0,0,0,0,1.7,0.1,0,0,0,0,0.2,0,0,0,0,0,0,0,0,0,0,0.1,5.6,5.8,3.7,4.5,5.8,4.1,4.3,9.4,3.4,4.3,6.8,5.1,3.9,3.5,4,4.7,9.4,4.4,4.5,4.9,4.9,4,3.9,5.1,4.3,7.2,10.1,4.7,5,7.2,3.6,4.7,4,5.1,5.1,3.9,4,7.6,3.9,6.1,,,,,,,,,,,,,,,,,,,,,,,,,,,,,,,,,,,,,,,,,31.8,30.8,31.9,31.7,31.4,30.8,30,31.1,30.7,31.5,31.6,31.6,31.6,31.5,31.4,30.7,31.2,31.2,31.5,31.9,31.4,31.6,31.9,31.2,31.3,30.3,32,31.1,31.3,31,31.3,66,72,62,62,68,73,79,63,75,67,64,68,65,64,67,74,71,69,69,66,63,64,64,72,65,78,65,71,69,73,69,0,0,0,0.1,0,0,0,0,0,0.5,0,0,0,0,0,0,0,0,0,0,0,0,0,0.1,0,0,0,0,0,0,0,16.4,22,17.1,20.8,21.3,20.9,23.5,16.1,20.6,18.4,17.9,16.5,16.5,19.7,21.6,19.4,21.4,18.4,18.6,19,15.5,15.5,17,21.3,15.8,24.5,14.9,18.9,22.7,22.1,18,22,31.3,21.6,25.2,28.4,28.8,33.8,21.6,29.5,23.4,23.4,23.8,22.7,24.8,28.8,24.5,28.8,24.5,27,25.2,21.2,20.5,22,29.9,21.6,32,21.6,27.7,29.5,30.2,26.3,,,,,,22.2204,114.2127
2026-08-09T22:00,30.8,30.9,30.6,30.1,31.1,29.5,31.1,31.1,30,31.1,32,30.6,30.2,30.9,31.1,29.7,30.5,30.6,30.5,30,30.8,31.9,29.8,30.4,29.9,30.9,31.3,31,31,29.5,30.8,30.6,30.9,30,30.7,30.1,31.9,30.5,30.9,31.7,71,71,75,79,72,82,72,69,80,69,61,75,77,71,71,79,76,78,78,76,74,67,77,76,82,72,70,71,71,79,75,76,73,78,71,80,66,74,74,65,0,0,0,0,0,0,0,0,0,0,0,0,0.2,0,0,0,0.4,0,0,0,0,0,0.1,0.7,0,0,0,0,0.1,0,0,0,0,0,0,0,0,0,0,0,6.4,6.1,4,5.9,7.3,4.3,5.1,8.7,4,4.7,8.8,5,5.4,3.5,4.7,5.1,5.9,4.2,5.2,4.7,7.4,5.8,5.9,4,4.4,7,7.9,4.6,4,6.6,4.1,5,4,5.2,5.1,3.2,4.3,8.3,4.3,5.4,,,,,,,,,,,,,,,,,,,,,,,,,,,,,,,,,,,,,,,,,31.5,31.1,31.7,31.5,31.4,31.1,30.3,30.9,31.1,31,31.3,31.5,31.2,31.2,31.3,30.9,31.1,30.9,31.4,31.8,31.2,31.2,31.7,31.2,30.8,30.4,31.8,31.1,31.2,31.1,31.5,66,68,62,63,67,70,77,65,71,69,66,66,67,66,68,71,71,70,68,66,65,66,64,70,69,77,64,70,68,72,67,0,0,0,0.1,0,0,0,0,0,0.5,0,0,0,0,0,0,0,0,0,0,0,0,0,0.1,0,0,0,0,0,0,0,14.6,20,14.1,19.1,20.3,17.2,24.5,16.2,17.9,17.3,14.9,15.4,16.8,19.6,20.6,15.1,19.8,18.6,18,18.7,16.5,14.9,17,18.4,18.2,22.6,14,15.8,19.5,20.6,15.5,19.4,28.8,18.7,24.1,27,26.3,33.5,22,27,21.2,21.6,22.3,22.7,25.9,28.1,21.6,27.4,23.8,24.5,24.1,22.7,19.4,22,25.9,24.8,28.4,20.2,23.4,26.3,27.4,23,,,,,,22.2204,114.2127
2026-08-09T23:00,30.5,30.6,30,30,30.9,29,30.7,30.6,29.7,30.8,32,30.3,30.2,30.3,30.8,29.4,29.9,30,30.2,29.5,30.6,31.3,29.4,29.9,29.8,30.5,30.9,30.4,30.4,29.1,30.4,30.2,30.3,29.6,30,29.6,31.2,30.3,30.5,31.5,72,71,79,77,72,85,73,71,82,70,60,76,78,74,72,80,80,82,78,78,73,68,78,77,82,75,72,75,75,82,77,77,77,80,74,83,69,74,76,66,0,0,0,0,0.1,0,0,0,0,0,0,0,0.1,0,0,0,0.3,0,0,0,0,0,0,0.2,0,0,0,0,0,0,0,0,0,0,0,0,0,0,0,0,7,6.9,4.2,6.8,7.6,5.4,5.1,6.2,4.4,5.4,12.2,5.9,6.6,3.8,4.7,5.4,5.2,3.9,5.8,5.1,9.4,7.2,5.2,4.7,4,7,9.1,4.9,3.6,6.8,4.5,5.4,4,5.4,5.4,3.7,6.2,9.4,4.3,6,,,,,,,,,,,,,,,,,,,,,,,,,,,,,,,,,,,,,,,,,31.2,31.2,31.4,31.2,31.4,31.2,30.4,30.6,31.3,30.7,31,31.4,30.9,30.9,31.1,31,31,30.7,31.2,31.6,30.9,30.9,31.5,31.2,30.4,30.5,31.7,31.1,31.1,31.1,31.5,67,66,62,64,66,68,75,67,68,71,67,65,69,68,69,69,71,71,68,66,67,68,64,69,72,76,63,69,68,71,66,0,0,0,0.1,0,0,0,0,0,0.5,0,0,0,0,0,0,0,0,0,0,0,0,0,0.1,0,0,0,0,0,0,0,13.5,19.6,11.7,18.2,20,16.6,25,17.4,17.2,16.6,12.8,14.8,16.9,19.7,19.5,13.6,18.8,18.5,17.5,18.5,17.7,15.2,17.2,17.6,20.4,20.8,14.1,14.8,17.1,19.4,15,18.4,26.3,16.9,23.8,25.9,24.1,32.4,22.7,24.8,20.5,19.4,21.2,23,27,27,19.1,26.6,22.7,23,23.8,23.4,19.1,22.3,23.4,27.4,25.6,19.4,20.2,23.8,25.2,20.9,,,,,,22.2204,114.2127
2026-08-10T00:00,30.4,30.7,29.7,29.9,30.7,28.8,30.2,30.3,29.7,30.6,31.5,30.2,30,30.2,30.5,29.3,29.8,29.6,29.8,29.3,30.5,31.2,29,30,29.5,30.1,30.7,30,29.9,29,30.3,30.1,29.9,29.5,29.9,29.4,31,30.1,30.3,31.5,73,68,79,76,71,86,75,74,79,70,63,75,80,74,73,80,82,84,79,77,73,67,82,74,82,76,74,77,79,82,76,77,78,80,73,82,68,75,76,65,0,0,0,0,0,0,0,0,0,0,0,0,0,0,0,0,0,0,0.2,0,0,0,0,0,0,0,0,0,0,0,0,0,0,0,0,0,0,0,0,0,7.8,7.8,5.1,6.8,6.9,5.8,5.7,5.8,4.7,6.6,11.6,6.8,6.9,4,4.8,5.8,6.5,4.7,7.3,6.5,9,7.6,4,5.4,3.9,8.1,9.7,5.4,4,7.4,4.6,5.6,4,6.5,6.1,4.2,6.5,9.5,5.3,7.7,,,,,,,,,,,,,,,,,,,,,,,,,,,,,,,,,,,,,,,,,31,30.9,31.1,30.8,31.2,30.9,30.4,30.4,31.2,30.5,30.7,31.1,30.6,30.6,30.8,30.9,30.8,30.5,30.9,31.3,30.5,30.6,31.1,30.9,30.2,30.4,31.4,30.9,30.8,30.9,31.1,67,66,63,66,66,68,74,68,67,71,68,64,69,68,69,67,70,71,68,66,69,69,65,69,72,75,63,69,68,71,67,0,0,0,0,0,0,0.1,0,0,0.1,0,0,0,0,0,0,0,0,0,0,0,0,0,0,0,0,0,0,0,0,0,13.6,19,11.1,18.9,19.4,16.6,22.7,17.6,16.8,17,11.2,14.5,17,19.9,18.7,12.9,18.1,18.1,17.3,18.5,17.8,15.5,17.6,17.7,20.9,19.4,15,14.9,16.5,18.5,15.8,18.7,24.5,16.9,24.5,24.5,22.3,29.9,23.4,23,21.6,16.6,20.5,23.8,28.1,25.9,17.6,25.9,21.6,22.3,23,22.7,19.8,23.4,22.7,28.1,24.5,19.8,19.1,22.7,24.1,20.5,,,,,,22.2204,114.2127
2026-08-10T01:00,30.2,30.6,29.7,29.6,30.4,28.7,30.2,29.9,29.8,30.2,31,30.2,30,30.4,30.3,29.4,29.7,29.7,29.8,29.7,30.1,30.7,28.7,29.7,29.1,30.2,30.4,29.9,29.7,29.3,30.1,30,29.8,29.6,30,29.5,30.7,29.9,30.5,31.4,75,69,76,79,73,85,73,76,76,71,66,73,80,72,74,79,83,82,80,73,73,71,85,76,82,74,75,78,79,78,76,76,78,78,71,80,70,76,72,65,0,0,0,0,0,0,0,0,0,0,0,0,0,0,0,0,0,0,0,0,0,0,0,0,0,0,0,0,0,0,0,0,0,0,0,0,0,0,0,0,6.8,7.5,5.8,6.7,7.6,5.8,7.1,5.6,5.1,7.3,12.2,7.1,6.9,4.3,4.7,7.6,7.4,4.9,7.9,8.4,8.2,6.1,4.3,4.7,4.4,9.2,9.8,5.4,4,9.3,4.9,5.8,5.1,7,6.9,4.3,6.4,10.5,5.8,9,,,,,,,,,,,,,,,,,,,,,,,,,,,,,,,,,,,,,,,,,30.8,30.6,30.9,30.4,30.9,30.5,30.2,30.3,30.9,30.5,30.3,30.9,30.3,30.4,30.5,30.9,30.5,30.3,30.7,30.9,30,30.4,30.6,30.6,30.2,30.3,31.1,30.6,30.6,30.6,30.6,66,68,64,69,66,69,73,69,67,70,69,64,69,68,69,66,69,71,69,67,71,70,68,70,72,73,63,69,68,71,69,0,0,0,0,0,0,0.1,0,0,0.1,0,0,0,0,0,0,0,0,0,0,0,0,0,0,0,0,0,0,0,0,0,14.8,17.5,13.5,20,18.3,15.9,19.2,18.3,15.6,18.7,10.1,14.5,17.7,21.3,18.6,12,17.8,17.3,17.8,18.4,17.3,16,18.2,18.7,21.2,18.9,16.7,15,16.9,18.1,17.7,20.2,23,18.4,25.9,23.4,20.9,26.3,24.8,21.6,24.1,13.3,20.2,24.8,29.5,24.8,16.6,25.6,20.5,22.3,22.7,21.6,21.2,25.2,23,28.1,24.8,21.2,18.7,22.3,23.4,21.6,,,,,,22.2204,114.2127
2026-08-10T02:00,29.8,30.2,29.6,29.4,30.3,28.7,30.2,29.6,29.7,29.8,30.7,29.8,30,30.5,30,29.7,29.7,29.7,29.6,30.2,29.8,30.4,28.7,29.6,29,30,30.3,29.9,29.8,29.4,30,29.9,30,29.6,30.1,29.8,30.4,29.7,30,31,77,70,76,79,73,84,70,78,73,72,67,73,77,70,75,75,84,80,83,69,73,73,85,77,80,74,74,77,77,76,77,76,75,76,68,77,71,76,74,66,0,0,0,0,0,0,0,0,0,0,0,0,0,0,0,0,0,0,0,0,0.1,0,0,0,0,0,0,0,0,0,0,0,0,0,0,0,0,0,0,0,6.5,7.6,6.3,7.3,7.6,6.3,8.4,6,5.8,7.4,10.6,6.9,7.4,4.3,4.4,7.7,8.7,5.1,6.1,9.4,8.1,7.2,4.7,5.8,5,9.5,10.2,5.1,4.7,9.4,4.7,6,5.8,7.2,8.1,4.8,6.9,10.6,5.5,9.4,,,,,,,,,,,,,,,,,,,,,,,,,,,,,,,,,,,,,,,,,30.6,30.2,30.6,30,30.6,30.2,30.1,30.1,30.6,30.4,30,30.6,30,30.1,30.3,30.7,30.3,30.2,30.4,30.6,29.6,30.2,30.3,30.3,30.1,30.2,30.8,30.3,30.3,30.3,30.2,66,69,65,71,67,70,72,69,67,69,70,65,69,68,69,66,69,71,70,68,72,70,69,70,71,72,64,70,69,71,71,0,0,0,0,0,0,0.1,0,0,0.1,0,0,0,0,0,0,0,0,0,0,0,0,0,0,0,0,0,0,0,0,0,16.1,16.5,15.9,21.1,18.2,16,17.1,19.6,14.8,20.3,10.5,14.8,19.4,22.7,18.7,12,18.2,16.7,18.1,18.5,17.5,17,18.5,19.2,21.6,18.4,17.2,15.3,17.5,17.4,18.9,22,22,20.9,28.1,23.4,20.9,23.8,26.6,20.9,26.3,12.2,20.5,27,31,24.1,16.6,25.9,20.2,23.4,23.8,22,23,26.6,24.1,28.1,24.8,22.3,19.4,23,23,22.7,,,,,,22.2204,114.2127
2026-08-10T03:00,29.8,30,29.6,29.3,30,28.7,29.8,29.6,29.8,29.6,30.5,29.5,29.8,30.4,29.9,29.5,29.7,29.6,29.5,30.1,29.6,30.2,28.7,29.7,29,29.7,30,29.8,30.3,28.9,30,29.6,30.1,29.5,30.3,29.9,30.4,29.4,29.8,30.7,75,70,75,78,74,82,70,78,69,72,67,75,74,70,75,76,82,80,83,69,75,74,85,76,77,73,74,77,71,77,76,77,72,75,66,75,71,77,73,67,0,0,0,0,0,0,0,0,0,0,0,0,0,0,0,0,0,0,0,0,0,0,0,0,0,0,0,0,0,0,0,0,0,0,0,0,0,0,0,0,7.4,8.3,6.3,7.9,6.9,6.4,8.2,6.4,6.6,8,12.8,7,8.3,4.8,4.7,6.4,11.1,4.7,5.9,9.8,6.8,6.6,4.9,6.6,5.1,10.3,10.2,5.3,6.9,8.9,5.1,6.1,5.9,7.9,8.2,5.2,7.8,9.5,6.6,10.1,,,,,,,,,,,,,,,,,,,,,,,,,,,,,,,,,,,,,,,,,30.3,29.8,30.2,29.8,30.3,30,29.9,29.8,30.2,30.2,29.6,30.3,29.7,29.8,30,30.4,30,29.9,30.1,30.3,29.4,30,30.1,30,29.8,29.9,30.4,30,30,30,29.9,67,70,66,71,68,70,72,69,69,69,71,67,69,68,70,67,69,71,71,68,72,70,69,70,71,72,66,71,70,71,72,0,0,0,0,0,0,0,0,0,0,0,0,0,0,0,0,0,0,0,0,0,0,0,0,0,0,0,0,0,0,0,17.1,16.3,17.5,21.7,18.6,17.3,16.6,21.1,15,20.7,12.8,16.3,22.1,22.8,18.8,12.7,19.1,16.7,19.2,19.7,18.5,17.4,19.2,19.9,20.4,17.9,16.5,15.7,17.7,16.8,18.6,24.5,22,25.6,31.3,25.6,23,23.4,30.2,22,28.4,15.8,22.7,31.7,32.4,23.4,18,28.1,21.6,26.3,27.7,25.2,24.8,28.4,27,27.4,24.8,23,21.2,24.8,23,24.5,,,,,,22.2204,114.2127
2026-08-10T04:00,29.5,29.8,29.5,29.2,29.5,28.4,29.4,29.5,29.7,29.4,29.9,29.1,29.5,30.2,29.8,29,29.6,29.5,29.5,29.9,29.2,29.9,28.9,29.7,29.2,29.4,29.7,29.7,30.4,28.6,30,29.5,30,29.3,30,29.9,30.2,29,29.7,30.3,73,70,75,76,76,82,72,77,68,73,69,76,74,70,74,79,79,79,80,69,78,75,82,75,76,74,74,78,67,78,75,76,71,75,66,73,72,79,71,68,0,0,0,0,0,0,0,0,0,0,0,0,0,0,0,0,0,0,0,0,0,0,0,0,0,0,0,0,0,0,0,0,0,0,0,0,0,0,0,0,7.8,8.8,6,8.8,7.6,6.6,7.9,6,6.8,7.5,13.2,6.8,8.8,4.5,4.9,5.4,12.5,4.8,6.6,9.3,6,5.7,5.2,6.6,5.4,10.8,10.2,4.7,8.6,8.4,5.2,6.3,6,7.7,8.2,5.2,6.5,8.2,7.1,10.4,,,,,,,,,,,,,,,,,,,,,,,,,,,,,,,,,,,,,,,,,29.9,29.5,29.7,29.7,29.9,30,29.7,29.5,29.7,29.8,29.3,29.9,29.5,29.5,29.8,30,29.7,29.7,29.8,30.1,29.2,29.7,29.9,29.8,29.6,29.7,30,29.8,29.7,29.8,29.6,69,72,68,70,70,70,73,70,71,70,72,69,69,69,71,69,70,72,72,69,72,71,69,70,72,73,69,72,71,72,72,0,0,0,0,0,0,0,0,0,0,0,0,0,0,0,0,0,0,0,0,0,0,0,0,0,0,0,0,0,0,0,18.1,16.6,19.7,22.6,19.6,19.4,16.9,22.8,16.1,20.6,16,18.4,25,22.2,18.3,13.6,20.5,17.6,20.5,22,19.8,17.7,20.2,20.8,18.5,17.7,16.4,16.6,18.2,16.4,17.7,27.4,22.7,31,35.6,29.2,26.6,23.8,34.6,24.1,31,21.6,25.6,37.4,33.8,23,20.5,31,23.8,30.2,33.1,29.5,27,29.9,31,26.6,25.2,24.1,23.4,27.4,23.8,26.3,,,,,,22.2204,114.2127
2026-08-10T05:00,29.2,29.6,29.2,29,29.3,28.3,29.1,29.3,29.5,29.2,30.1,28.9,29.2,29.9,29.6,28.6,29.3,29.4,29.4,29.8,29,29.7,28.7,29.3,29.1,29.2,29.4,29.4,30.2,28.3,29.9,29.3,29.7,29,29.8,29.6,29.6,28.7,29.4,30,72,71,77,75,77,81,73,77,68,74,67,77,74,71,74,84,77,79,78,69,79,76,82,76,75,74,74,79,67,79,74,76,71,76,66,74,74,80,71,69,0,0,0,0,0,0,0,0,0,0,0,0,0,0,0,0.3,0,0,0,0,0,0,0,0,0,0,0,0,0,0,0,0,0,0,0,0,0,0,0,0,7.9,9.4,6,10.1,7.6,7.6,7.9,5.5,7.7,7.3,10.2,7,9.6,5.2,5.4,3.2,12,4.8,6.9,9,6,5.1,5.4,5.8,5.5,11.1,10.6,4.9,8.6,8.3,5,6.8,6.6,7.6,8.2,4.8,6.2,7.5,6.3,10.5,,,,,,,,,,,,,,,,,,,,,,,,,,,,,,,,,,,,,,,,,29.7,29.3,29.4,29.6,29.7,29.9,29.6,29.2,29.4,29.6,29.1,29.7,29.3,29.3,29.6,29.7,29.5,29.5,29.6,30,29.2,29.5,29.8,29.7,29.4,29.5,29.7,29.6,29.5,29.6,29.5,70,73,69,70,71,70,73,70,73,71,72,71,69,69,72,70,71,72,72,69,71,71,69,70,72,74,71,72,72,72,72,0,0,0,0,0,0,0,0,0,0,0,0,0,0,0,0,0,0,0,0,0,0,0,0,0,0,0,0,0,0,0,18.9,16.6,21.7,23.1,20.4,20.6,17,23.5,17.1,20,18.5,20,26.5,21.4,18.3,14.8,20.9,18,21.3,23.2,21.3,18,20.6,21.4,17.9,17.7,17.4,17.4,19,15.8,17.8,29.5,23,34.6,38.2,31.7,29.5,24.5,37.4,25.9,32,25.6,28.1,41,34.6,23.8,22.7,32.8,25.6,32.8,36,33.8,28.1,31,33.5,27,25.6,24.8,25.2,29.5,23.8,28.1,,,,,,22.2204,114.2127
2026-08-10T06:00,28.9,29.4,29,28.9,29.1,28.2,28.9,28.9,29.5,29.1,29.6,28.8,29,29.8,29.5,28.2,29,29.3,29.2,29.4,28.9,29.4,28.5,29,28.9,28.9,29.2,29.1,29.9,28.1,29.8,29.1,29.5,28.7,29.7,29.2,29.4,28.6,29,29.7,72,71,78,75,77,80,73,78,67,73,70,77,74,71,72,87,76,78,77,72,80,77,81,77,75,75,74,81,67,79,72,76,71,78,66,76,76,80,73,70,0,0,0,0,0,0,0,0,0,0,0,0,0,0,0,0,0,0,0,0,0,0,0,0,0,0,0,0,0,0,0,0,0,0,0,0,0,0,0,0,7.3,9.8,4.6,10.8,7.4,7.2,8.5,5.5,7.4,7.6,11.1,7.5,9.7,4.7,5,3.7,11.2,4.5,7,5.5,5.6,5.4,5.7,4.8,4.6,11,11.2,5.1,8,8.9,5.7,6.5,6.8,7.1,8.6,4,6.2,7.7,5.9,9.9,,,,,,,,,,,,,,,,,,,,,,,,,,,,,,,,,,,,,,,,,29.5,29.1,29.3,29.5,29.5,29.6,29.5,29.1,29.2,29.5,28.9,29.5,29.1,29.2,29.5,29.5,29.3,29.3,29.5,29.8,29.1,29.3,29.6,29.5,29.3,29.3,29.5,29.4,29.3,29.4,29.3,71,74,70,71,71,71,73,70,73,71,72,72,70,69,72,71,72,72,72,70,71,71,70,71,72,74,72,72,72,72,72,0,0,0,0,0,0,0,0,0,0,0,0,0,0,0,0,0,0,0,0,0,0,0,0,0,0,0,0,0,0,0,19.5,16.4,21.4,23.1,20.9,20.9,16.6,22.9,17.4,19.5,18.5,20.7,26,20.7,19,16.4,20,18.1,20.8,22.1,22.5,18.2,20.2,21,19.2,18.4,17.6,17.8,20,15.8,18.3,31,23,33.8,38.2,33.1,31,24.8,37.4,27,31.3,25.9,29.2,41,33.8,26.6,24.8,31.7,26.3,32.8,34.6,37.1,28.1,30.6,33.1,29.9,27,25.9,25.9,31.7,23.8,29.2,,,,,,22.2204,114.2127
2026-08-10T07:00,29.1,29.4,29.1,29.1,29.4,28.5,29.1,29.2,29.7,29.4,29,29.1,29,29.9,29.8,28.1,29,29.4,29.5,29.3,29.3,29.7,28.8,29.1,29.1,29.1,29.4,29.2,29.9,28.5,30.1,29.3,29.8,29,29.9,29.2,29.6,28.7,29.2,29.7,73,71,80,75,76,81,73,77,68,73,73,77,74,73,71,90,76,80,76,74,80,77,80,78,77,75,74,82,68,78,72,76,71,78,66,78,75,80,73,71,0,0,0,0,0,0,0,0,0,0,0,0,0,0,0,0,0,0,0,0,0,0,0,0,0,0,0,0,0,0,0,0,0,0,0,0,0,0,0,0,7,10.3,4.8,11.3,7.4,6.8,9.1,6,7.9,8.7,13.8,7.7,10.3,4.3,5.2,1.4,10.7,4.4,7.5,4.1,5.1,5.4,5.8,4.5,4.6,11.5,11.8,5.2,7.7,9.3,5.8,6.2,6.4,7.4,8.9,3.8,6.5,7.7,6.3,10,,,,,,,,,,,,,,,,,,,,,,,,,,,,,,,,,,,,,,,,,29.3,29.1,29.3,29.4,29.4,29.4,29.5,29.1,29.2,29.6,28.8,29.5,29,29.2,29.4,29.3,29.2,29.3,29.4,29.6,29.1,29.2,29.4,29.4,29.2,29.3,29.3,29.4,29.1,29.4,29.3,72,74,70,72,71,72,72,70,73,72,72,72,70,69,72,72,72,72,72,71,70,71,72,72,71,74,72,71,72,72,72,0,0,0,0,0,0,0,0,0,0,0,0,0,0,0,0,0,0,0,0,0,0,0,0,0,0,0,0,0,0,0,20.2,16.1,19.6,22.7,21.1,20.4,16.7,21.4,17.6,19,18,20.8,24.3,20.2,20.2,18.1,18.6,18,20,20.1,23.4,18.4,19.6,20.2,21.4,19.2,18.1,18,20.9,15.9,18.9,31.3,22.7,31.3,36.7,33.5,31.3,25.2,35.6,28.1,29.5,24.8,29.5,38.9,32,30.2,27.4,29.2,26.6,31.7,30.6,40,27,29.9,31.3,33.8,28.4,27,26.3,33.5,23.4,29.5,,,,,,22.2204,114.2127
2026-08-10T08:00,30.1,29.9,31,30,30.4,29.9,29.8,30.4,30.6,30.3,29.3,30,29.6,30.8,31.2,28.5,29.7,30.6,30.7,30.4,30.3,30.8,30.1,30.4,30.6,30,30,30.1,30.6,29.5,31.3,30.6,30.4,30.4,30.8,31,30.8,29.4,30.4,30.2,68,70,70,72,70,73,70,69,65,69,72,72,72,69,65,91,73,76,70,69,75,71,71,71,69,71,71,79,67,73,65,69,69,70,63,71,68,77,67,69,0,0,0,0,0,0,0,0,0,0,0,0,0,0,0,0,0,0,0,0,0,0,0,0,0,0,0,0,0,0,0,0,0,0,0,0,0,0,0,0,8.6,11.4,6.7,12.4,9,8.5,11.3,8.1,10.1,10,12.3,8.6,11.5,4.7,6,1.9,10.5,4.4,9.6,5.2,6.4,6.6,7.3,5.4,6.4,13.3,13,5,9,10.7,6.8,7.7,6.8,10.4,10.1,4.2,8.7,8.7,7.4,10.8,,,,,,,,,,,,,,,,,,,,,,,,,,,,,,,,,,,,,,,,,29.4,29.3,29.4,29.5,29.5,29.4,29.6,29.2,29.4,29.6,28.9,29.6,29.1,29.3,29.5,29.4,29.4,29.3,29.6,29.6,29.3,29.3,29.4,29.5,29.4,29.4,29.4,29.5,29.2,29.5,29.4,72,73,70,72,70,72,71,70,72,72,72,71,70,69,71,72,72,72,71,71,69,71,72,72,70,73,72,70,71,72,72,0,0,0,0,0,0,0,0,0,0,0,0,0,0,0,0,0,0,0,0,0,0,0,0,0,0,0,0,0,0,0,19.9,15.8,18.4,22.5,21.1,20,16.7,20.6,17.7,18.3,16.5,20.4,22.9,19.2,21,19.1,17.9,17.7,18.9,18.4,24.7,18.5,19.2,19.2,22.9,19.7,18.3,17.8,21.1,15,19.5,31,22,28.8,35.3,33.1,31,24.8,33.8,28.1,27.4,22.7,29.2,36.7,29.9,32,28.1,27.4,26.6,29.9,27.4,41.8,26.3,28.8,28.8,36,28.8,27,25.9,33.5,22,29.5,,,,,,22.2204,114.2127
2026-08-10T09:00,30.8,30.5,31.8,31.1,31.3,31,30.7,31.1,31.5,31.2,29.7,31,30.6,31.5,32.3,29.9,30.6,31.9,31.7,31,31.3,31.8,30.9,31.2,31.4,31.1,31,31.4,31.4,30.6,32.1,31.7,30.9,31.4,31.4,32,31.6,30.2,31.2,31,66,68,67,67,67,69,67,67,61,67,71,68,68,66,60,79,70,64,66,66,71,66,68,68,66,67,67,71,64,69,62,65,66,66,61,63,65,72,64,67,0,0,0,0,0,0,0,0,0,0,0,0,0,0,0,0,0,0,0,0,0,0,0,0,0,0,0,0,0,0,0,0,0,0,0,0,0,0,0,0,9,12.4,7.9,15.1,11.7,8.9,14.2,10.5,15.6,13.5,14,9.3,13,4.7,8,4,12.5,6.8,10.2,9,6.6,8.8,9,6.1,9.9,14.5,13.8,6.3,14.3,12,9.8,9.7,7.8,12.7,12.6,6.5,10.1,10,10.1,14.8,,,,,,,,,,,,,,,,,,,,,,,,,,,,,,,,,,,,,,,,,29.7,29.7,29.6,29.8,29.9,29.8,30,29.6,29.8,29.5,29.3,29.9,29.5,29.6,29.7,29.8,29.9,29.6,30.1,30,29.7,29.7,29.9,29.9,29.8,29.8,29.9,29.9,29.6,29.9,29.7,71,71,70,70,68,71,70,69,70,72,71,70,68,69,70,70,70,71,69,70,67,70,70,71,68,71,70,68,70,71,70,0,0,0,0,0,0,0,0,0,0,0,0,0,0,0,0,0,0,0,0,0,0,0,0,0,0,0,0,0,0,0,18.7,15.5,18.1,22.8,20.7,19.7,16.3,20.9,17.8,17,14.7,18.9,22.5,18,20,18.3,18.2,17.8,18.2,17.9,26.2,18.8,19.2,17.7,23.2,18.8,16.1,17.6,19.9,12.5,19.6,28.4,20.9,27.4,34.2,30.6,28.8,23,32.8,26.6,24.1,19.4,26.6,34.2,27.4,29.9,25.9,26.6,25.6,27.4,25.2,42.1,25.9,27.7,25.6,34.6,26.3,24.1,24.5,29.9,18.4,28.4,,,,,,22.2204,114.2127
2026-08-10T10:00,32,31.6,32.9,32.4,32.4,32.2,31.9,32.1,32.6,32.5,30.5,32.2,31.8,31.8,33.4,31.3,31.8,32.7,32.9,32.1,32.5,32.9,32,32.3,32.7,32.3,32.2,32.9,32.5,32,33.1,32.9,31.2,32.5,32.2,33,32.8,30.3,32.3,32.2,62,64,62,61,62,64,61,64,56,62,68,64,62,65,56,70,64,61,61,61,65,61,64,64,61,61,62,65,60,62,58,60,65,62,58,59,60,72,60,61,0,0,0,0,0,0,0,0,0,0,0,0,0,0,0,0,0,0,0,0,0,0,0,0,0,0,0,0,0,0,0,0,0,0,0,0,0,0,0,0,10.3,14.5,10.2,17.6,12.2,10.2,15.6,15.3,18.1,15.3,15.9,11.9,13.8,7.1,13.5,6.3,14.3,10.5,12,12.9,8.2,10.2,12.9,8.4,11,17.3,15.6,6.8,16.3,14.8,11.1,13.3,8.5,16.3,16.8,10.8,13.9,9.7,15.9,16.4,,,,,,,,,,,,,,,,,,,,,,,,,,,,,,,,,,,,,,,,,30.3,30.3,29.9,30.3,30.5,30.4,30.6,30,30.5,29.4,29.8,30.4,30.1,30,30.1,30.5,30.6,30.1,30.8,30.6,30.3,30.2,30.7,30.6,30.3,30.5,30.7,30.6,30.3,30.5,30.2,69,69,69,67,67,68,69,67,67,72,70,68,66,68,69,67,67,70,67,68,63,68,67,70,66,69,67,66,68,69,68,0,0,0,0,0,0,0,0,0,0,0,0,0,0,0,0,0,0,0,0,0,0,0,0,0,0,0,0,0,0,0,16.9,15.2,18.7,23.1,19.7,19.2,15.9,22,17.5,15.4,12.1,17.6,22.1,17.1,18.3,16.5,19.5,17.9,17.7,17.7,27.2,18.9,19.6,15.9,22.7,17.4,13.3,17.4,17.7,8.8,19.7,24.5,19.4,26.3,33.5,27,25.9,20.2,32,24.1,20.5,15.1,23.4,31.3,24.1,25.9,22,26.6,24.5,24.5,23,41.4,25.9,26.3,21.6,31,22.7,19.8,22,24.8,14,26.6,,,,,,22.2204,114.2127
2026-08-10T11:00,33.1,32.7,34.1,33.6,33.5,33.6,33,33.3,33.6,33.7,32.1,33.4,32.9,32,34.5,33.1,33,33.8,34.2,33.3,33.5,34.1,33.2,33.5,33.8,33.5,33.3,34.2,33.7,33.3,34.3,34.1,31.6,33.6,33,34.1,33.8,31,33.5,33.4,57,59,57,56,56,58,56,59,53,57,62,58,57,65,52,59,59,58,56,56,59,55,59,59,57,56,58,59,55,56,54,55,63,58,55,56,55,69,55,56,0,0,0,0,0,0,0,0,0,0,0,0,0,0,0,0,0,0,0,0,0.1,0,0,0,0,0,0,0,0,0,0,0,0,0,0,0,0,0,0,0,11.2,15,10.4,19.1,12,11.5,15.5,16.4,17.9,15.7,18.7,11.8,12.4,8,15.7,10.3,15.5,11.8,12.2,14.2,8.7,10.8,14.3,8.5,10.7,18.4,17.1,7.9,16.3,17.1,10.8,13.7,10.8,17.2,17.6,12.1,16.4,11,16.8,16.5,,,,,,,,,,,,,,,,,,,,,,,,,,,,,,,,,,,,,,,,,30.8,30.9,30.3,30.7,31.1,31,31,30.5,31,29.5,30.4,30.8,30.6,30.4,30.5,31,31.2,30.5,31.3,31.1,30.8,30.7,31.3,31.2,30.8,31.1,31.3,31.1,30.9,31,30.7,67,67,68,65,65,66,68,65,65,72,69,66,64,67,68,65,65,69,65,66,61,66,65,68,64,67,65,65,66,68,66,0,0,0,0,0,0,0,0,0,0,0,0,0,0,0,0,0,0,0,0,0,0,0,0,0,0,0,0,0,0,0,16.3,15.1,20.1,23.6,19.2,19.5,15.1,22.9,17.6,14.5,10.8,17.4,21.8,17.5,18.1,16.4,20.2,18.2,17.3,18.1,28,19.4,19.5,14.4,21.7,16.2,13,17,16.6,6,19.7,22,18.7,26.6,32.4,24.5,24.5,18.7,31.3,22.3,18.7,13.3,22.3,29.5,22.7,23,20.5,26.3,23.4,22.7,22.7,40,25.9,25.6,19.4,27.7,20.2,17.6,20.9,21.6,11.2,25.2,,,,,,22.2204,114.2127
2026-08-10T12:00,34,34.1,35.2,34.6,34.5,34.8,33.9,34.2,34.5,34.4,33.2,34.4,33.6,32.4,35.4,34.5,34,35.1,35.2,34,34.2,35.1,34.1,34.5,34.8,34.4,34.3,35.3,34.6,34.3,35.2,35.2,32.5,34.6,33.6,35,34.8,32,34.5,34.3,53,52,52,52,54,54,52,56,50,55,58,55,55,64,48,52,56,53,52,54,56,52,56,54,54,53,54,54,52,52,50,51,61,54,54,53,51,64,51,53,0,0,0,0,0,0,0,0,0,0,0,0,0,0,0,0,0,0,0,0,0.2,0,0,0,0,0,0,0,0,0,0,0,0,0,0,0,0,0,0,0,11.2,16,9.8,19.6,11.8,11,16,16.2,17.6,15.5,19.3,10.4,11.5,7.7,16.9,11.5,14.6,11.2,12,13.5,7.6,11.5,14.8,8.1,9.2,17.7,17.4,8.1,15.5,18,10.9,13.1,12.2,18.8,17.4,12.1,16.5,12.6,17.1,16.6,,,,,,,,,,,,,,,,,,,,,,,,,,,,,,,,,,,,,,,,,31.2,31.3,30.7,31,31.4,31.4,31.2,30.9,31.5,29.8,30.8,31.1,30.9,30.7,30.9,31.3,31.5,30.8,31.7,31.4,31.1,31.2,31.7,31.7,31,31.5,31.7,31.4,31.2,31.4,31,65,65,66,64,64,64,68,63,64,70,67,64,63,66,66,64,64,68,64,66,60,64,65,66,64,66,64,64,64,67,65,0,0,0,0,0,0,0,0,0,0,0,0,0,0,0,0,0,0,0,0,0,0,0,0,0,0,0,0,0,0,0,17.7,15.5,23,23.5,19.5,21.1,14.8,23.4,17.9,15.1,11.6,20.1,22.1,18.8,18.8,19.1,20.2,18.4,17.4,19.7,27.5,20.7,19.6,14.5,19.7,15.8,16.3,17.5,18.2,5.1,19.6,22.3,19.1,29.5,31.7,24.5,25.9,19.4,31.3,21.6,19.8,15.1,25.9,29.2,23.8,22.7,23.8,25.6,23.4,22.7,24.5,38.2,27,25.6,19.8,24.5,20.5,20.5,21.2,23,11.9,24.5,,,,,,22.2204,114.2127
2026-08-10T13:00,34.8,34.6,35.2,35.3,35.2,35.5,34.5,35,35,34.9,34.1,35.2,34.3,33,36,35.4,34.9,35.4,36.1,34.6,34.9,35.6,34.9,35.3,35.5,35.1,35.1,36.2,35.3,35,35.5,36,33.4,35.5,34.2,35.7,35.4,33,35.2,35,50,49,50,49,50,51,50,53,47,54,54,52,51,62,47,48,52,52,48,52,53,50,52,50,50,50,50,50,50,49,49,48,58,51,51,49,48,60,49,51,0,0,0,0,0,0,0,0,0,0,0,0,0,0,0,0,0,0,0,0,0.1,0.1,0,0,0,0,0,0,0,0,0,0,0,0,0,0,0,0,0,0,10.4,16.1,10.3,18.8,11.5,11.2,16.4,15.5,17.7,14.5,20.4,9.8,11.2,8.3,15.3,11,12.9,10.7,12.6,13.6,8.2,12,13.8,7.4,6.9,16.8,16.8,9,15,18.2,11.5,12,12.4,19.4,16.6,11.5,15.1,14.1,16.1,15.8,,,,,,,,,,,,,,,,,,,,,,,,,,,,,,,,,,,,,,,,,31.7,31.6,31.2,31.3,31.6,31.8,31.3,31.3,31.8,30.4,31.3,31.4,31.1,31,31.2,31.4,31.8,31.2,31.9,31.5,31.2,31.6,31.8,32.1,31.2,31.9,31.9,31.6,31.5,31.7,31.2,64,64,62,63,64,62,67,61,63,68,66,62,62,64,64,63,64,67,64,66,59,62,65,65,64,65,63,64,62,66,65,0,0,0,0,0,0,0,0,0,0,0,0,0,0,0,0,0,0,0,0,0,0,0,0,0,0,0,0,0,0,0,19.7,16.7,26.3,23.2,20.3,23.7,16.4,23.5,18.1,16.7,14.1,24.1,22.5,20.5,19.7,23.2,20,19,18.6,22.7,26,22.6,20.2,15.3,17.1,16.7,20.7,18.8,21.3,6.2,20,23.8,19.8,33.8,31,25.6,28.8,21.6,31.3,21.6,22.7,19.1,31.3,29.2,26.3,23.8,29.2,24.8,23.8,23.8,27.7,36,28.1,25.9,21.6,21.6,22,25.2,22.7,26.6,14.4,23.8,,,,,,22.2204,114.2127
2026-08-10T14:00,35.3,34.5,34.9,35.7,35.3,35.9,34.9,35.6,35.2,35.3,34.6,35.7,34.8,33.5,36.4,35.9,35.5,35.7,36.3,35,35.4,35.8,35.4,35.8,36,35.5,35.7,36.6,35.5,35.5,35.9,35.8,34.5,35.9,34.8,36.2,35.7,33.8,35.6,35.2,48,50,51,48,50,48,48,49,47,52,52,50,49,60,45,45,49,50,46,50,52,49,50,48,47,49,48,47,49,47,49,48,55,49,49,47,46,56,46,50,0,0,0.1,0,0,0,0,0,0,0,0,0,0,0,0,0,0,0,0,0,0,0,0,0,0,0,0,0,0,0,0,0,0,0,0,0,0,0,0,0,8.8,16.6,8.6,18.8,10.2,11.8,15.9,13.8,16.6,13.3,19.7,9.1,10.8,9.2,14.3,10.6,10.2,11,13.5,14,7.6,12.1,14,7.4,6,16.1,17,7.7,13.8,18.1,11.5,12,12.4,18.4,14.5,11.1,14.5,14,15.3,14.5,,,,,,,,,,,,,,,,,,,,,,,,,,,,,,,,,,,,,,,,,31.9,31.7,31.5,31.5,31.7,32,31.3,31.6,32,30.8,31.5,31.6,31.3,31.2,31.4,31.5,31.9,31.4,32,31.5,31.4,31.9,31.9,32.3,31.3,32.1,32,31.6,31.7,31.8,31.3,63,64,60,62,64,61,68,60,63,66,65,61,62,63,63,62,64,66,65,66,59,61,66,64,65,65,62,65,61,66,65,0,0,0,0,0,0,0,0,0,0,0,0,0,0,0,0,0,0,0,0,0,0,0,0,0,0,0,0,0,0,0,21,17.7,28.6,22.9,20.7,25.8,19.5,23.5,17.7,18.2,17.4,26.8,23.1,21.5,20.2,25.8,20.1,19.4,19.8,24.8,24.5,23.3,19.8,16.4,15.5,17.7,23.7,21.1,23.1,8.4,19.7,25.2,21.2,36,29.9,26.3,32.4,23.4,31,22,24.8,23.4,34.9,29.5,27.7,24.1,32.4,24.8,24.1,25.2,29.9,33.5,28.8,25.6,23.8,19.4,23.8,28.4,24.5,29.2,16.9,23,,,,,,22.2204,114.2127
2026-08-10T15:00,35.6,33.8,35.2,35.9,35.4,35.4,35,35.9,35.4,35.7,34.8,35.8,34.9,33.6,36.3,36.2,35.5,35.7,36.3,35.2,35.5,36.1,35.5,35.9,35.3,35.8,35.8,36.8,35.4,35.1,35.6,35.3,34.9,36.2,34.9,36.3,35.9,34.6,35.3,35.1,46,52,50,46,49,49,49,47,46,50,51,48,49,58,45,44,49,50,46,49,51,49,48,47,49,47,47,46,49,48,50,50,53,47,49,46,45,52,46,50,0,0,0.1,0,0,0,0,0,0,0,0,0,0,0,0,0,0,0,0.1,0,0,0,0,0,0,0,0,0,0,0,0.1,0.1,0,0,0,0,0,0,0,0,8.9,15.8,8.9,17.6,9.2,10.2,15.5,11,15.9,11.6,20.2,9.1,10.1,9.2,13.5,10,7.6,11.2,13.1,12.1,8.1,12.4,13.4,7,5.8,15.3,16.9,5.2,11.5,16.3,12,12.6,11.7,17.3,13.5,11.1,14,13,13.1,14,,,,,,,,,,,,,,,,,,,,,,,,,,,,,,,,,,,,,,,,,31.8,31.4,31.7,31.6,31.7,32,31.1,31.8,31.9,31.2,31.4,31.7,31.5,31.1,31.5,31.6,31.9,31.5,31.9,31.5,31.5,31.9,31.8,32.2,31.3,32,32,31.4,31.8,31.7,31.4,64,66,59,61,65,60,70,60,64,65,66,60,62,64,62,62,65,65,66,66,59,61,67,65,65,66,62,66,61,67,65,0,0,0,0,0,0,0,0,0,0,0,0,0,0,0,0,0,0,0,0,0,0,0.1,0,0,0,0,0,0,0,0,20.9,19.5,27.6,21.9,19.7,27.9,21.1,22.7,17.3,19.7,21.7,26.8,23.2,20.7,19.5,25,20.2,19.6,21.1,25.1,23.2,22.2,17.3,17.4,15.3,19.1,23.5,22.7,23,10.6,18.7,25.9,24.1,34.2,27.7,25.9,37.1,24.1,29.5,23.4,26.3,28.1,34.2,29.5,26.6,23.4,31,25.9,23.8,27,30.2,30.2,28.1,24.1,25.9,19.8,25.9,27.7,26.3,28.8,19.1,21.6,,,,,,22.2204,114.2127
2026-08-10T16:00,35.6,33.2,35.2,35.7,35.4,34.9,34.9,35.8,35.4,35.8,34.9,35.6,34.6,33.8,35.9,36.2,35.2,35.6,36.4,35.2,35.1,35.9,35.3,35.8,34,36,35.3,36.8,35.3,34.5,35.7,35.2,34.8,35.9,34.8,36.2,35.6,34.8,34.9,35,47,52,49,46,49,51,49,47,46,49,50,49,50,57,46,43,49,50,45,48,52,49,49,47,54,46,48,45,49,50,49,50,53,46,49,45,45,50,47,50,0,0,0.1,0,0,0.2,0,0,0,0,0,0,0,0,0,0,0,0,0,0,0.1,0,0,0,0,0,0,0,0,0,0,0,0,0,0,0,0,0,0,0.1,8.8,15.8,7.8,16,8,8.3,15.1,7.2,15,9.2,19.2,9.4,9.5,8.3,12.3,9,7.6,11.5,11.9,11.1,8.6,11.8,12.9,6.3,5.4,13.6,16.6,3.6,9.4,13,11.7,11,10.8,16,12.7,10.6,13.8,10.8,10.2,11.7,,,,,,,,,,,,,,,,,,,,,,,,,,,,,,,,,,,,,,,,,31.5,30.8,31.9,31.7,31.5,31.8,30.8,31.9,31.6,31.5,31.1,31.8,31.6,30.9,31.4,31.6,31.7,31.5,31.6,31.5,31.6,31.8,31.6,32,31.3,31.8,31.8,31.2,31.9,31.4,31.3,65,69,59,61,66,59,73,60,67,65,67,59,62,65,62,62,66,64,68,67,59,62,68,67,66,68,62,68,61,69,65,0,0,0,0,0,0,0,0,0,0,0,0,0,0,0,0,0,0,0,0,0,0,0.1,0,0,0,0,0,0,0,0,21,22.8,24.6,20.6,18.5,31.1,21.9,21.3,18.9,21.3,27.4,25.4,23.4,20.2,18.4,22.6,20.9,19.9,23.9,24.5,21.7,20.8,13.3,18.9,15.5,21.1,21.1,24.6,21.4,13.8,17.7,26.6,27.4,30.2,25.2,25.2,41.8,24.5,27.4,25.2,27.4,33.5,31.7,29.5,24.8,22,27,27.7,23,29.5,29.9,26.6,26.3,22.3,28.1,21.2,28.4,25.2,28.1,27,21.2,20.2,,,,,,22.2204,114.2127
2026-08-10T17:00,35.3,32.3,34.8,35.2,35.1,34.6,34.5,35.4,35.1,35.4,34.9,34.3,34.3,33.9,35.3,35.8,34.7,35.3,36.2,34.6,35,35.5,35.1,35.6,33.7,35.6,34.4,36.3,34.9,34.3,34.9,35,34.4,35.6,34.6,35.9,35.1,34.7,34.2,34.3,47,54,50,48,49,53,49,48,46,49,49,53,51,58,49,44,50,52,45,50,52,49,49,48,56,46,51,45,50,51,50,51,53,47,50,46,47,49,50,53,0,0,0.1,0,0,0.1,0,0,0,0,0,0.3,0,0,0,0,0,0,0,0,0.1,0,0,0,0,0,0,0,0,0,0,0,0,0,0,0,0,0,0,0.1,7.9,14.8,8.1,14.3,7.6,7.4,13.8,4.1,14.3,7.2,17.7,8.6,7.8,6.3,10.6,7.5,7.9,10.4,11.5,10.1,7.5,10.5,12.3,5.8,3.3,12.1,14.3,1.1,7.5,10.2,13,9.2,9.8,14.1,11,9.8,12.5,9.3,7.2,9.9,,,,,,,,,,,,,,,,,,,,,,,,,,,,,,,,,,,,,,,,,31.2,30.4,31.8,31.6,31.3,31.5,30.5,31.9,31.2,31.7,30.7,31.8,31.5,30.7,31.3,31.5,31.5,31.4,31.3,31.5,31.5,31.6,31.3,31.7,31.2,31.6,31.6,30.9,31.8,31.1,31.2,67,72,59,61,67,59,75,61,69,65,69,59,62,67,63,62,68,64,70,67,59,64,69,69,66,70,62,70,62,71,65,0,0,0,0,0,0,0,0,0,0,0,0,0,0,0,0,0,0,0,0,0,0,0.1,0,0,0,0,0,0,0,0,21.6,25.2,21.5,19.3,16.9,32.4,22.1,19.8,20.6,21.2,31,23.3,22.6,19.1,17.7,20.9,21.9,19.7,26.2,23,20.1,19.1,9.7,20.6,14.6,22.9,19.5,25.8,20.4,16.3,17.3,26.3,29.2,26.6,23.4,24.1,43.9,24.8,25.2,26.3,27,36.7,28.4,28.8,22.7,21.6,24.1,28.4,22.3,31.3,28.8,23.8,24.8,19.4,29.2,21.6,29.5,23,29.5,25.6,22.3,19.4,,,,,,22.2204,114.2127
2026-08-10T18:00,34.8,31.2,33.3,34.4,34.8,34,33.9,33.8,34.1,34.6,34.6,33.4,33.9,33.6,34.4,33.8,33.8,34.7,35.4,33.3,34.5,35,34.5,34.7,33.4,34.8,33.8,34.8,34.2,33.4,34.1,34.6,33.8,34.8,33.7,35.2,34.4,33.6,33.5,33.2,49,58,57,51,50,56,50,54,50,53,50,59,52,60,52,53,53,53,48,55,54,51,49,52,58,49,55,54,51,56,52,53,55,50,53,48,49,57,53,58,0,0,0.3,0,0,0,0,0.2,0,0,0,0.3,0,0,0,0,0,0,0,0,0,0,0,0,0,0,0,0.1,0.1,0.1,0,0,0,0,0,0,0,0,0,0.2,6.2,13,4.5,10.6,6.1,5.4,11.9,1.8,12,4.7,13.9,4,5.8,4.6,6.6,6.5,6.8,7.7,10.3,9.4,6.6,8.2,9.7,4.2,2.3,9.1,8.7,4.2,6.3,6,9.8,6.6,7.6,10.8,7.5,7.8,10.2,6.9,3.8,5.2,,,,,,,,,,,,,,,,,,,,,,,,,,,,,,,,,,,,,,,,,31,30.1,31.6,31.4,31.1,31.1,30.2,31.8,30.9,31.5,30.3,31.6,31.3,30.6,30.9,31.3,31.2,31.2,31.1,31.4,31.3,31.4,30.7,31.4,31,31.3,31.5,30.6,31.6,30.8,30.9,68,73,60,62,68,60,77,62,71,66,72,60,63,68,66,62,70,65,71,66,60,66,72,70,67,71,62,72,63,72,66,0.2,0.5,0,0,0,0,0,0,0,0.1,0,0,0,0,0,0,0,0,0,0,0,0,1.2,0,0,0.3,0,0,0,0,0.1,19.5,23.9,18.8,18.7,15.7,29.8,21.9,18,20.2,17.7,30.7,20.5,20.3,15.5,18.1,20.6,21.6,18.4,27.4,20.6,18.1,17.3,6.5,20.3,11.4,22.5,19.5,25.8,20.1,17.6,16.9,24.1,28.1,24.1,22.7,22.3,40.7,25.9,23.4,25.2,24.1,37.1,25.2,26.3,21.2,22.7,23.4,27.4,22,32.8,26.6,21.6,23.8,14.8,28.4,19.1,27.4,23,31,25.9,22.3,19.4,,,,,,22.2204,114.2127
2026-08-10T19:00,33.5,30.3,31.5,32.6,33.8,32,32.7,32.4,32.9,33.1,33.5,32.3,32.9,32.6,33,32.7,32.8,33.5,33.7,31.7,33,33.7,32.9,33,32.8,33.2,33,32.6,32.9,32.4,32.6,33.3,32.8,33.2,32.8,33.8,33.2,32,32.6,32.4,56,63,67,60,54,69,55,66,56,61,55,67,59,64,59,61,60,60,55,64,60,56,58,64,64,57,60,67,58,65,59,60,60,58,59,54,55,67,58,62,0,0,0.4,0,0,0,0,0,0,0,0,0.3,0,0,0,0,0,0,0,0.1,0.1,0,0,0,0,0,0,0.1,0.1,0,0.3,0,0,0,0,0,0,0,0,0,3.6,8.4,2.3,5.9,4.3,4.9,7.9,4.1,7,4.1,7.6,1.6,2.3,2.9,3.6,1.4,3.7,2.6,6.2,5.1,5.4,5.4,5.4,3.9,0.4,4.7,3.3,6.2,3.6,0.8,5.5,3.3,4.3,6,2.3,5,6,5.8,2.3,2.7,,,,,,,,,,,,,,,,,,,,,,,,,,,,,,,,,,,,,,,,,30.9,30,31.2,31.1,30.9,30.6,29.9,31.5,30.5,31.1,29.8,31.2,31,30.6,30.5,31,30.9,30.8,30.8,31.4,30.9,31.2,30.1,31.2,30.7,30.9,31.3,30.3,31.3,30.5,30.6,70,74,62,63,68,62,78,62,73,68,76,61,65,69,69,63,71,66,72,65,62,68,75,71,67,72,62,74,65,74,67,0.2,0.5,0,0,0,0,0,0,0,0.1,0,0,0,0,0,0,0,0,0,0,0,0,1.2,0,0,0.3,0,0,0,0,0.1,16,21,16.3,18.3,14.3,24.5,21.4,16.3,18.6,12.5,28.2,17,17.1,10.5,19.9,20.4,20.3,17.3,27.6,18.4,15.6,15.2,4,19,7.4,20.8,19.5,25.4,19.4,17.8,16.1,20.9,25.2,21.6,22.3,20.5,34.6,27,21.6,23,19.4,36,21.2,23,19.8,24.8,23.4,25.6,21.6,33.8,23.8,19.8,23,9.7,26.6,15.1,23.8,23.4,31.7,26.6,21.2,20.2,,,,,,22.2204,114.2127
2026-08-10T20:00,31.4,29.8,30.5,30.9,32.8,30.3,31.6,31.5,31.7,31.6,32.5,31,31.6,31.9,32.1,31.5,31.5,32.3,31.9,31.1,31.9,32.4,31.3,31.6,31.9,32,32.6,31.2,32.1,31.1,31.5,31.9,31.5,31.4,32,32.3,32.1,30.8,31.6,31.6,69,66,71,71,59,81,62,73,63,70,62,78,69,69,66,68,70,68,67,68,66,63,69,72,71,65,64,74,63,72,66,70,68,69,64,62,61,74,67,68,0,0,0.3,0,0,0,0,0,0,0,0,0.1,0,0,0,0,0,0,0,0,0,0,0,0,0,0,0,0,0,0,0.2,0,0,0,0,0,0,0,0,0,4.3,3.8,2.6,4.7,2.9,6.4,4,3.8,3.6,4.2,4.5,3.3,3.6,2.4,1.4,3.9,3.3,2.8,4,3.1,4.4,3.6,4.1,3.9,1.5,4.1,2,7.2,1.8,3.3,1.1,3.6,3.2,4.7,1.6,3.3,3.6,5.9,2.7,1.9,,,,,,,,,,,,,,,,,,,,,,,,,,,,,,,,,,,,,,,,,30.8,29.9,30.8,30.8,30.8,30.2,29.7,31.2,30.2,30.8,29.4,30.9,30.7,30.5,30.1,30.7,30.7,30.5,30.5,31.3,30.5,30.9,29.6,31,30.5,30.6,31.2,30.1,31,30.2,30.3,71,75,63,64,68,63,79,63,75,70,79,63,66,70,72,64,72,67,73,65,64,70,77,71,68,72,63,75,66,75,68,0.2,0.5,0,0,0,0,0,0,0,0.1,0,0,0,0,0,0,0,0,0,0,0,0,1.2,0,0,0.3,0,0,0,0,0.1,13.3,19,14.5,17.7,13.3,20.5,21,14.7,17.3,8.8,25.8,14.5,15.2,6.7,21.8,19.7,18.5,17.4,27.3,17.1,14.5,13.1,3.4,17.5,4.5,18,18.9,24.6,18.5,18.1,16.1,18.4,23.4,19.4,21.6,18.7,29.5,27.7,19.8,22,15.8,34.2,18.4,20.9,18.4,26.3,23,24.1,21.6,33.8,21.6,19.1,21.2,6.1,24.8,12.2,20.5,23,32.4,26.3,20.5,20.9,,,,,,22.2204,114.2127
2026-08-10T21:00,30.6,29.4,29.8,30,31.9,29.7,30.8,30.9,30.8,30.9,31.8,30.4,30.9,31.2,31.2,30.5,30.7,31.4,30.9,30.6,31.1,31.6,30.4,30.9,31.3,31.1,31.9,30.4,31.4,30.2,30.9,31.2,30.8,30.4,31.2,31.3,31.3,30.2,30.9,30.9,74,69,76,77,65,83,68,77,70,75,66,82,74,73,72,75,76,74,74,73,70,68,75,76,75,71,69,79,68,79,70,76,72,76,71,69,67,78,73,74,0,0,0,0,0,0,0,0,0,0,0,0,0,0,0,0,0,0,0,0,0,0,0,0,0,0,0,0,0,0,0,0,0,0,0,0,0,0,0,0,5.4,2.3,2.8,4.2,3.6,6.7,3,4.7,3.1,3.9,3.9,4.2,5,2.5,1.5,4.2,3.7,3.2,3.3,1,4.8,2.9,3.6,4.5,1.9,4.2,3,7.2,0.4,4,1.5,3.7,3.3,4,2.5,2.5,3.2,6.6,3.1,2.9,,,,,,,,,,,,,,,,,,,,,,,,,,,,,,,,,,,,,,,,,30.6,29.7,30.5,30.5,30.8,30,29.6,31,30,30.5,29.2,30.6,30.5,30.2,29.8,30.4,30.7,30.4,30.4,31,30.2,30.7,29.6,30.8,30.4,30.5,30.9,30,30.8,29.9,30.2,71,75,64,64,67,64,78,63,76,71,80,65,67,70,74,66,71,68,73,65,66,70,77,71,68,72,64,75,66,76,69,0.1,0.1,0,0,0,0,0.1,0,0.5,0,0,0,0,0,0,0,0,0,0,0,0,0,0.2,0,0,0.4,0,0,0,0.1,0,12.6,19.2,13,16.3,12.1,18.5,21.1,12.2,17.1,7.6,24.3,13.2,15.2,5.1,22,18,16.4,18.7,25.4,16.2,15.2,11.1,4.7,16.3,4.7,13.8,16.4,23.8,16.6,18.4,16.5,16.9,24.1,17.3,20.2,17.6,26.6,27.7,16.9,22.3,13.7,32.4,16.6,20.5,16.6,27,21.6,23.4,23,32,20.9,20.2,18,6.1,23.8,11.2,18.4,21.2,32,23.8,20.2,21.2,,,,,,22.2204,114.2127
2026-08-10T22:00,30,29.2,29.5,29.4,31,29.4,30,30.6,29.9,30.4,31.3,30.1,30.4,30.5,30.4,29.7,30.1,30.6,30.1,30.3,30.6,31.1,29.8,30.5,30.7,30.3,31.1,30,30.8,29.4,30.4,30.5,30.2,29.5,30.3,30.4,30.6,29.9,30.3,30.2,78,71,80,83,72,83,73,79,78,79,69,84,77,76,79,81,81,80,81,77,75,72,81,78,78,78,75,82,73,86,73,82,76,82,78,76,73,80,78,80,0,0,0,0,0,0,0,0,0,0,0,0,0,0,0,0,0,0,0,0,0,0,0,0,0,0,0,0,0,0,0,0,0,0,0,0,0,0,0,0,5.9,2.3,2.8,4.5,4.7,6.4,3.3,4.7,3.3,3.2,4.1,4.5,6.3,3.1,2.5,4.5,4.5,3.6,3.7,1.3,4.5,3,4.1,4.8,2.5,4.9,3.5,6,1.8,3.7,1.9,3.1,3.7,4.6,2.5,2.8,3.6,7.7,2.9,3.3,,,,,,,,,,,,,,,,,,,,,,,,,,,,,,,,,,,,,,,,,30.4,29.6,30.3,30.3,30.9,29.9,29.7,30.7,29.8,30.3,29.3,30.2,30.3,29.9,29.7,30,30.8,30.3,30.3,30.7,29.9,30.5,29.7,30.6,30.3,30.5,30.7,30,30.6,29.7,30.2,72,76,65,65,65,64,77,64,77,73,79,67,68,69,75,68,69,70,72,66,69,70,75,71,68,71,65,75,66,78,69,0.1,0.1,0,0,0,0,0.1,0,0.5,0,0,0,0,0,0,0,0,0,0,0,0,0,0.2,0,0,0.4,0,0,0,0.1,0,12.8,20.3,11.5,14.7,12.2,17.1,20.9,9.4,17.6,9,23.3,12.6,16.5,5.8,21.4,16,14.8,20.2,23.2,16.3,17.3,9.3,6.6,15.2,7.1,10.2,13.7,23.2,14.2,18.4,17.4,16.2,25.6,15.1,18,17.3,24.5,27.7,14,23.8,12.6,30.6,15.8,21.6,14.4,27,19.8,23,24.8,29.2,21.2,22,13.7,7.9,22.3,11.2,16.6,18.7,31.3,20.2,20.5,21.6,,,,,,22.2204,114.2127
2026-08-10T23:00,29.5,29,29.2,29,30.2,29.2,29.5,30.3,29.2,30.1,30.9,29.9,30,29.9,29.8,29,29.6,29.9,29.5,30,30.1,30.6,29.2,30.1,30.2,29.7,30.6,29.7,30.3,28.9,30.1,30,29.7,28.9,29.7,29.7,30,29.7,29.9,29.7,81,73,83,86,78,83,78,81,84,82,71,85,80,79,83,86,84,84,87,80,78,76,85,79,81,82,79,84,77,90,75,86,79,87,84,81,78,81,82,85,0,0,0,0,0,0,0,0,0,0,0,0,0,0,0,0,0,0,0,0,0,0,0,0,0,0,0,0,0,0,0,0,0,0,0,0,0,0,0,0,6.5,2.5,3.1,4.8,5.5,6.1,3.8,4.7,3.6,2.6,4.4,4.3,7.1,3.3,2.9,4.6,5.2,3.6,3.9,2.6,4.7,3.1,4.4,4.8,2.9,5.2,4.4,5.3,2.9,3.7,2.4,2.7,4,4.7,2.5,3.3,3.6,8.1,2.5,3.3,,,,,,,,,,,,,,,,,,,,,,,,,,,,,,,,,,,,,,,,,30.3,29.5,30,30.1,30.8,29.8,29.8,30.5,29.7,30,29.3,30,30.2,29.7,29.5,29.7,30.8,30.2,30.1,30.5,29.7,30.3,29.8,30.4,30.2,30.5,30.4,29.9,30.4,29.6,30.1,71,76,66,65,64,65,76,64,77,74,78,68,69,69,76,69,68,71,72,67,71,70,74,71,68,70,66,75,66,78,70,0.1,0.1,0,0,0,0,0.1,0,0.5,0,0,0,0,0,0,0,0,0,0,0,0,0,0.2,0,0,0.4,0,0,0,0.1,0,12.5,20.8,10.4,13.2,13.7,16.2,21,7.5,18.4,10.8,21.6,12.5,18,6.9,21.1,14.8,14.1,21,20.9,16.3,18.8,8.7,7.6,14.4,8.2,9.7,11.3,22.7,12.7,18.2,17.9,15.8,26.3,13.7,16.9,17.3,22.7,27.4,12.2,24.8,12.2,28.1,15.5,22.3,13,27.4,18.4,21.6,25.9,26.3,21.2,23,11.5,9.7,20.9,11.2,15.5,16.6,31,18,20.5,22,,,,,,22.2204,114.2127
2026-08-11T00:00,29.2,28.8,29,28.9,29.9,28.9,29.1,30,28.7,29.7,30.6,29.7,29.9,29.4,29.6,28.7,29.4,29.5,29.1,29.6,29.7,30.2,28.9,29.8,29.8,29.4,30.4,29.4,29.9,28.6,29.8,29.7,29.3,28.4,29.4,29.2,29.7,29.5,29.5,29.4,82,75,85,85,81,84,81,84,88,85,71,86,82,81,84,88,85,86,90,83,80,78,87,81,83,84,80,85,79,91,77,88,82,90,87,83,81,82,84,87,0,0,0,0,0,0,0,0,0,0,0,0,0,0,0,0,0,0,0,0,0,0,0,0,0,0,0,0,0,0,0,0,0,0,0,0,0,0,0,0,6.4,2.6,3.3,5.2,5.3,5.9,4.1,4.3,3.6,3.1,4.7,4.3,7,3.3,2.9,4.8,5.6,3.6,3.7,2.7,4.9,3.1,4.4,4.6,2.9,5.3,6.6,4.8,3.2,3.9,2.6,2.5,4.2,4.7,2.9,3.6,3.6,7.9,2.3,3.4,,,,,,,,,,,,,,,,,,,,,,,,,,,,,,,,,,,,,,,,,30.2,29.4,29.8,29.8,30.6,29.6,29.8,30.3,29.6,29.7,29.3,29.8,30,29.5,29.5,29.5,30.6,29.9,29.8,30.3,29.4,30.1,29.6,30.2,30,30.3,30.1,29.8,30.1,29.6,29.8,69,76,66,65,64,66,75,65,77,75,77,68,70,70,76,69,68,73,72,68,71,70,75,71,68,69,68,75,67,77,72,0.1,0,0,0,0,0,0.4,0,1.4,0,0,0,0.1,0,0.1,0,0,0.1,0,0,0,0.1,0.1,0,0.1,0,0,0.1,0,0.2,0.1,11.2,20,9.9,12.7,14.4,15.1,21.1,7.2,19.2,11.4,18.9,12.6,18.4,6.2,21.3,14.4,12.3,20.9,17.8,16.6,18,10.3,7.9,13.7,7.6,11.1,8.1,23.2,13,18.2,18.5,15.5,25.2,12.6,17.3,18,20.9,27,12.6,25.6,13,24.5,16.6,23,11.9,28.1,18,18,26.3,22.7,20.5,22.3,12.6,10.4,18.4,11.5,15.8,15.1,31.3,18,21.2,22.3,,,,,,22.2204,114.2127
2026-08-11T01:00,29,28.5,28.9,29,29.7,28.7,28.8,29.7,28.4,29.4,30.5,29.6,29.8,29.1,29.5,28.5,29.4,29.2,28.9,29.2,29.5,29.8,28.8,29.7,29.5,29.2,30.5,29.2,29.5,28.6,29.5,29.5,29,28.2,29.3,28.9,29.5,29.3,29.3,29.2,81,77,85,82,82,86,82,87,90,87,71,86,82,83,83,89,84,87,92,85,82,79,88,82,83,85,80,85,81,90,78,89,84,90,87,84,81,83,86,88,0,0,0,0,0,0,0,0,0,0,0,0,0,0,0,0,0,0,0,0,0,0,0,0,0,0,0,0,0,0,0,0,0,0,0,0,0,0,0,0,6.2,3.4,3.6,5.8,4.8,5.4,4.3,3.3,3.5,3.9,5.2,4.2,6.4,3.3,3,4.6,6.4,3.6,3.8,3.1,5.1,3.1,4.3,4,2.9,5.4,9.2,4.9,3.1,4.4,2.6,3,3.8,4.7,3,3.3,3.7,7.3,2.4,3.1,,,,,,,,,,,,,,,,,,,,,,,,,,,,,,,,,,,,,,,,,30.2,29.3,29.6,29.6,30.4,29.4,29.8,30.2,29.5,29.3,29.3,29.7,29.7,29.3,29.5,29.3,30.3,29.6,29.5,30.1,29.2,29.9,29.5,30,29.8,30,29.7,29.7,29.8,29.8,29.5,67,77,66,66,65,66,75,66,76,76,75,67,72,70,75,69,69,75,72,70,71,71,76,70,68,69,70,76,67,75,74,0.1,0,0,0,0,0,0.4,0,1.4,0,0,0,0.1,0,0.1,0,0,0.1,0,0,0,0.1,0.1,0,0.1,0,0,0.1,0,0.2,0.1,10.8,18.8,10,12.8,14.6,14.8,21.3,9,19.7,12,15.9,12.8,18.6,6.9,21.3,14.5,9.9,20.4,14.5,16.9,16.7,13,8.4,12.6,7.7,12.6,8.3,23.8,14.2,18.8,18.7,15.1,23.8,12.2,18.4,19.4,19.4,26.6,14.4,26.3,14.4,20.9,18,24.1,11.2,29.2,18.4,13.7,25.9,18.7,19.8,20.9,15.5,11.2,15.5,11.9,16.9,13.7,32,19.4,22,22.7,,,,,,22.2204,114.2127
2026-08-11T02:00,28.8,28.3,28.9,28.9,29.6,28.5,28.7,29.4,28.3,29.2,30.4,29.5,29.7,28.8,29.4,28.4,29.3,29,28.7,28.9,29.3,29.6,28.6,29.5,29.2,29.1,30.5,29.1,29.2,28.6,29.3,29.4,28.7,28.1,29.2,28.6,29.4,29.2,29.1,29.1,81,79,86,79,83,88,83,89,90,89,70,86,82,84,83,89,83,88,93,87,83,79,88,83,84,84,81,85,82,89,80,88,86,89,87,85,81,84,86,88,0,0,0,0,0,0,0,0,0,0,0,0,0,0,0,0,0,0,0,0,0,0,0,0,0,0,0,0,0,0,0,0,0,0,0,0,0,0,0,0,5.9,3.9,3.6,6.3,4.5,4.9,4.1,2.7,3.7,4.1,6.1,3.9,6,3.1,2.7,4.3,6.7,3.6,3.6,2.9,5.1,3.3,4.1,3.6,2.5,5.5,10.9,4.8,3.1,4.3,2.5,3.2,3.8,4.8,2.7,3.3,3.8,6.8,2.3,2.9,,,,,,,,,,,,,,,,,,,,,,,,,,,,,,,,,,,,,,,,,30.2,29.2,29.4,29.4,30.2,29.2,29.7,30,29.4,29.1,29.3,29.6,29.5,29.2,29.4,29.1,30.1,29.3,29.2,29.9,29,29.8,29.3,29.8,29.6,29.8,29.5,29.6,29.6,29.8,29.2,66,77,66,66,65,67,75,66,76,76,73,66,73,71,74,69,69,76,72,71,70,71,76,70,68,68,71,76,68,73,75,0.1,0,0,0,0,0,0.4,0,1.4,0,0,0,0.1,0,0.1,0,0,0.1,0,0,0,0.1,0.1,0,0.1,0,0,0.1,0,0.2,0.1,11.8,17.7,10.2,13.2,15.3,14.6,21.2,11.2,20,12,14.5,12.7,18.5,8.6,21.4,14.3,8.7,19.2,12.4,17.9,15.5,15.1,9,12.4,9.7,13.3,11.2,23.8,15.2,18.3,18.2,15.1,21.6,12.2,19.4,20.9,18.7,25.9,16.2,26.3,15.1,18,19.1,24.5,11.2,29.9,18.7,11.2,24.8,16.6,20.5,19.4,17.6,11.9,14,13,18,13.3,31.7,20.5,22,22.3,,,,,,22.2204,114.2127
2026-08-11T03:00,28.6,28.1,28.8,28.6,29.4,28.1,28.5,29.1,28.2,29,30.2,29.2,29.4,28.5,29.1,28.1,29.2,28.7,28.5,28.7,29,29.3,28.4,29.2,29,28.8,30.2,28.8,28.8,28.4,29,29.2,28.4,28.2,29.2,28.3,29.4,28.9,28.9,29,82,82,87,79,85,91,84,91,88,90,70,88,79,85,85,91,84,90,92,88,85,77,89,84,85,82,84,87,85,88,82,86,89,85,86,87,79,85,86,88,0,0.2,0,0,0,0,0,0,0,0,0,0,0,0,0.2,0,0,0,0,0,0,0,0,0,0,0,0.9,0,0,0,0,0,0,0,0,0,0,0,0,0,5.1,3.2,3.4,6.2,4.3,4.7,4.1,2.3,4,3.1,6.9,3.6,6.2,3.1,2.7,3.9,6.8,3.3,3.6,2.1,4.6,3.6,3.8,3.3,1.9,5.8,10.5,4.3,3.1,4.1,2.6,3.4,3.6,5.1,1.9,3.3,4,6.5,2.2,3.1,,,,,,,,,,,,,,,,,,,,,,,,,,,,,,,,,,,,,,,,,30,29.1,29.2,29.3,30,29,29.6,29.9,29.3,29,29.2,29.5,29.3,29.2,29.3,28.9,29.9,29.2,29.2,29.6,28.9,29.7,29.3,29.7,29.3,29.6,29.2,29.5,29.4,29.7,29,66,77,66,66,65,67,75,65,76,76,72,66,75,71,74,69,69,76,71,73,70,71,75,70,68,68,72,76,68,73,75,0,0.2,0,0,0,0,0.4,0,0.1,0,0,0,0.1,0,0.1,0,0,0.1,0,0.4,0,0,0.7,0,0,0,0,0.5,0,0,0.2,12.5,16.1,11.1,13.1,16.6,14.4,20.3,11.4,19.4,11.2,13.8,12.4,17.9,9.7,21.4,13.8,9.9,17.2,12.4,19.2,13.7,15.5,9.3,13.3,11.5,12.7,12.7,22.5,15.3,16.6,16.6,15.5,19.1,13.3,20.2,22,19.4,25.2,17.6,24.5,14.4,17.3,18.7,23.8,12.2,30.2,18.7,13,22.3,16.9,23.8,18.4,18,12.6,16.2,14.8,18,14.4,29.9,21.6,20.2,20.5,,,,,,22.2204,114.2127
2026-08-11T04:00,28.3,27.9,28.7,28.1,29.1,27.7,28.3,28.9,28.3,28.9,30,29,29.1,28.4,28.8,27.8,29,28.3,28.4,28.6,28.8,29.2,28.1,28.9,28.7,28.6,29.8,28.5,28.5,28.3,28.7,29.1,28,28.5,29.2,28,29.4,28.6,28.9,28.9,84,84,88,80,87,94,85,92,83,90,69,90,76,85,87,92,85,92,91,89,86,74,90,86,86,80,88,89,88,88,84,82,91,78,84,89,75,86,85,87,0,0.2,0,0,0,0,0,0,0,0,0,0,0,0,0.2,0,0,0,0,0,0,0,0,0,0,0,0.9,0,0,0,0,0,0,0,0,0,0,0,0,0,4,2.1,2.9,6,3.8,4.3,3.8,2.6,4.3,2.3,7.4,4,6.6,2.5,2.6,3.9,6.9,3.4,4.2,1.3,3.5,4.2,3.6,2.8,1.8,6.6,9.3,4,2.6,3.8,2.9,3.6,3.2,6.3,3.5,3.1,4.7,6.3,2.4,3.1,,,,,,,,,,,,,,,,,,,,,,,,,,,,,,,,,,,,,,,,,29.8,28.9,29,29.2,30,28.8,29.4,29.8,29.3,29,29,29.4,29.2,29.2,29.1,28.7,29.8,29.2,29.4,29.4,28.8,29.6,29.4,29.6,29.1,29.4,29,29.4,29.3,29.5,28.9,67,77,66,66,65,68,76,64,76,76,71,66,76,71,75,69,68,75,69,75,69,70,74,70,69,68,72,75,67,74,74,0,0.2,0,0,0,0,0.4,0,0.1,0,0,0,0.1,0,0.1,0,0,0.1,0,0.4,0,0,0.7,0,0,0,0,0.5,0,0,0.2,12.8,14.3,12.8,13.2,17.6,14.4,19.7,11.7,18.1,10.1,13,12.2,17.3,10.3,21.3,12.9,11.9,14.8,13.2,20.6,11.5,14.8,9.8,14.9,13.1,11.7,13.7,20.5,15.5,14.1,14.1,16.6,16.6,15.1,20.5,23,21.2,24.1,19.4,22,12.6,18,17.6,22.7,14,29.9,18.4,16.9,18.7,19.1,28.1,16.9,17.3,13,19.8,17.3,18,16.2,27.4,22.3,17.3,18.4,,,,,,22.2204,114.2127
2026-08-11T05:00,28.3,27.9,28.8,28,29.1,27.7,28.5,28.9,28.6,29,29.9,29,28.9,28.4,28.7,27.8,29.1,28.3,28.5,28.7,28.8,29.2,28.2,28.8,28.8,28.5,29.6,28.4,28.5,28.4,28.7,29.3,28,28.8,29.3,28,29.6,28.5,29,29,85,86,88,79,86,95,85,91,79,90,69,90,73,85,89,92,85,92,87,89,85,71,90,86,85,77,91,90,88,87,85,79,92,73,82,89,71,86,84,86,0,0.2,0,0,0,0,0,0,0,0,0,0,0,0,0.2,0,0,0,0,0,0,0,0,0,0,0,0.9,0,0,0,0,0,0,0,0,0,0,0,0,0,3.4,2.2,2.7,5.8,3.6,4.5,3.6,2.7,4.8,3.1,8.3,4.4,7.3,2.5,2.5,3.7,7,3.1,4.5,0.4,3.3,5,3.4,2.6,2.2,6.8,8.3,3.7,2.3,3.6,2.7,3.6,3.1,7.8,5.1,2.8,5.2,6.2,2.8,3.3,,,,,,,,,,,,,,,,,,,,,,,,,,,,,,,,,,,,,,,,,29.7,28.9,28.8,29.2,29.9,28.7,29.3,29.7,29.3,29,28.9,29.4,29.1,29.2,29.1,28.6,29.8,29.3,29.5,29.2,28.8,29.6,29.5,29.7,29,29.3,29,29.4,29.3,29.3,28.8,67,77,66,66,65,68,76,63,76,75,70,66,77,70,75,69,68,74,68,76,69,69,72,69,69,68,72,74,67,74,73,0,0.2,0,0,0,0,0.4,0,0.1,0,0,0,0.1,0,0.1,0,0,0.1,0,0.4,0,0,0.7,0,0,0,0,0.5,0,0,0.2,12.7,12.8,13.8,13,17.6,14.4,18.4,12.1,16.7,9.5,12.6,11.7,16.3,10.7,21.1,12,13.6,13,13.4,21,9.7,14,10.8,15.6,13.9,11.9,14.6,18.6,15.3,12,12.5,16.9,14.8,16.6,20.5,23,22,23,19.8,19.8,11.5,18.4,16.6,21.2,15.5,29.2,17.6,19.8,16.2,20.2,30.6,15.5,16.9,13.7,22,18.7,17.6,18,24.5,22.3,14.8,16.6,,,,,,22.2204,114.2127
2026-08-11T06:00,28.5,28.2,29.4,28.5,29.4,28.2,29,29.5,29.1,29.2,29.9,29.5,28.8,28.5,28.9,28.4,29.3,28.8,29,29.1,29.1,29.6,28.7,29.1,29.1,28.8,29.4,28.6,29.2,28.7,28.9,29.7,28.4,29.2,29.2,28.5,29.9,28.8,29.4,29.4,86,87,86,76,81,92,84,86,75,89,69,85,73,86,90,88,82,89,80,88,81,68,88,85,82,74,91,90,83,87,85,79,91,70,79,87,68,86,83,84,0,0,0,0,0,0,0,0,0,0,0,0,0,0,0,0,0,0,0,0,0,0,0,0,0,0,0.8,0,0,0,0,0,0,0,0,0,0,0,0,0,3.1,2.2,3,6.2,4.2,4.7,3.1,3,4.9,3.1,9.1,4.8,7.9,2.3,2.2,3.6,7.1,3,5.2,0.8,3.4,5.4,3.4,2.4,2.2,6.8,6.6,3.8,2.5,3.2,2.6,3.1,2.6,8.3,5.4,2.5,5.7,5.4,2.5,3.3,,,,,,,,,,,,,,,,,,,,,,,,,,,,,,,,,,,,,,,,,29.6,28.9,28.8,29.3,29.7,28.7,29.3,29.7,29.3,29.1,28.9,29.3,29.1,29.2,29.2,28.6,29.8,29.4,29.5,29.2,28.9,29.7,29.5,29.8,28.9,29.3,29.1,29.4,29.3,29.3,28.9,67,76,65,66,66,68,76,63,75,74,69,67,77,69,75,69,68,73,68,77,69,68,71,68,69,67,71,73,67,74,72,0,0.2,0,0,0,0,0.1,0,0.3,0,0,0,0.2,0,0.1,0,0,0,0,0,0,0,0.1,0,0,0,0,0,0,0.1,0,12,12.3,13.4,12.6,15.1,14.1,16.9,11.3,15.5,9,12.4,10.8,14.8,11.6,19.9,11,13.4,11.9,12.4,20.3,8.3,13.7,11.3,15,13.3,11.8,15.1,16.6,14.1,10.7,12.2,16.6,14.8,17.3,19.4,20.9,21.2,21.2,18.4,18,11.2,18,15.5,19.1,16.2,27.4,16.6,19.4,15.1,18.7,29.2,13.3,17.3,15.1,21.6,18,17.3,19.1,21.6,20.9,13,15.8,,,,,,22.2204,114.2127
2026-08-11T07:00,28.9,28.7,30.1,29.3,30,29,29.8,30.5,29.9,29.7,30,30.2,28.8,28.9,29.3,29.4,29.7,29.7,29.8,29.7,29.7,30.2,29.6,29.7,29.7,29.4,29.4,29,30.2,29.2,29.3,30.3,29.2,29.7,29.2,29.3,30.4,29.2,30.1,30.1,86,86,82,71,73,87,83,80,71,87,70,79,74,86,89,83,78,85,72,86,75,65,84,82,78,71,90,89,76,87,84,79,88,69,75,82,66,84,81,82,0,0,0,0,0,0,0,0,0,0,0,0,0,0,0,0,0,0,0,0,0,0,0,0,0,0,0.8,0,0,0,0,0,0,0,0,0,0,0,0,0,3.1,2.2,3.3,6.7,6.1,5.4,2.4,3.3,4.7,3.1,9.9,5.6,8.5,2.1,1.4,3.8,6.9,2.5,5.6,1.8,3.8,5.9,3.7,2.3,1.8,6,4.7,4,2.5,2.9,2.2,2.4,2.6,8.3,5.2,2.6,6.1,4.7,1.8,3.1,,,,,,,,,,,,,,,,,,,,,,,,,,,,,,,,,,,,,,,,,29.7,29.1,29,29.4,29.6,28.7,29.4,29.7,29.4,29.1,29,29.2,29.2,29.3,29.4,28.7,29.8,29.5,29.4,29.3,29.1,29.7,29.6,29.9,29,29.3,29.3,29.5,29.4,29.4,29,67,75,64,66,67,68,75,64,74,74,68,68,76,67,74,68,68,71,68,77,68,66,69,66,69,67,69,71,67,73,70,0,0.2,0,0,0,0,0.1,0,0.3,0,0,0,0.2,0,0.1,0,0,0,0,0,0,0,0.1,0,0,0,0,0,0,0.1,0,11,12.6,12.9,12.7,12.3,13.5,15.4,10.1,14.2,8.1,12.2,10.7,13.4,12.5,18.3,10.2,12.7,10.8,11.4,18.6,7.3,13.6,11.4,14.1,12.2,11.3,15.5,14.8,12.8,9.3,12.2,15.8,15.5,17.6,17.6,17.6,19.4,19.1,15.8,16.6,10.8,17.3,14.8,16.6,16.9,24.8,15.1,18,14.8,16.6,25.6,11.2,18,16.6,19.8,16.2,16.6,20.2,18.7,18.4,11.5,15.5,,,,,,22.2204,114.2127
2026-08-11T08:00,29.7,29.5,31.1,30.3,30.7,30,30.8,31.4,30.8,30.5,30.4,31,29.1,29.6,30,30.5,30.3,30.7,30.7,30.5,30.3,31,30.6,30.5,30.4,30.1,29.7,29.8,31.2,30,30,31.2,30.1,30.4,29.4,30.3,31,30,30.8,30.9,83,83,77,66,67,81,79,73,67,83,69,72,74,84,86,76,74,79,65,82,70,61,79,78,74,68,87,85,69,84,80,77,83,66,72,77,63,81,78,78,0,0,0,0,0,0,0,0,0,0,0,0,0,0,0,0,0,0,0,0,0,0,0,0,0,0,0.8,0,0,0,0,0,0,0,0,0,0,0,0,0,3.4,2.5,4,7.7,7.7,6.5,2.6,4,5.5,3.4,10.8,6.1,9.3,2.3,0.8,4.5,7.2,2.6,6.4,2.8,4.6,6.6,4.2,2.3,1.6,5.9,4.3,4.3,3.3,3.2,2.2,2.4,2.5,9.1,5.5,3.1,6.8,4.3,1.1,3.3,,,,,,,,,,,,,,,,,,,,,,,,,,,,,,,,,,,,,,,,,29.8,29.4,29.2,29.5,29.7,28.9,29.7,29.8,29.7,29.3,29.2,29.2,29.5,29.4,29.7,29,30,29.7,29.5,29.5,29.3,30,29.8,30.2,29.1,29.5,29.6,29.7,29.6,29.6,29.3,66,73,63,66,68,68,74,65,73,73,67,69,74,66,73,67,68,70,68,76,67,65,68,65,69,66,67,69,67,72,69,0,0.2,0,0,0,0,0.1,0,0.3,0,0,0,0.2,0,0.1,0,0,0,0,0,0,0,0.1,0,0,0,0,0,0,0.1,0,10.5,12.6,12.6,13.3,11.5,12.7,14.6,8.5,13,7.4,12.2,10.8,11.9,12.8,17.4,9.6,12.2,10.4,10.6,17.4,7,13.1,11.6,13.2,11.8,11.3,15.4,13.3,11.5,8.6,12.1,15.5,15.8,18,16.2,15.1,18,17.3,13.3,15.1,10.4,16.9,14,14.4,17.3,23,14.4,16.9,14.4,15.1,22.7,10.1,18,17.3,18,15.1,16.2,20.2,16.6,16.2,10.8,15.1,,,,,,22.2204,114.2127
2026-08-11T09:00,31,30.9,32.2,31.4,31.5,31.3,31.9,32.3,31.8,31.8,31.3,31.9,30,31,31.4,31.8,31.2,32,31.7,31.6,31.1,32.1,31.7,31.8,31.3,31.2,30.6,31.2,32.1,31.1,31.3,32.3,31.5,31.4,29.9,31.7,31.9,31.3,31.8,31.8,75,75,69,61,63,72,71,67,62,74,65,67,70,76,77,67,69,71,60,74,66,57,72,71,70,64,81,77,63,75,72,69,74,61,70,69,60,74,71,72,0,0,0,0,0,0,0,0,0,0,0,0,0,0,0,0,0,0,0,0,0,0,0,0,0.1,0,0,0,0,0,0,0,0,0,0,0,0,0,0,0,4,4.2,5.5,9.2,8,8.4,4,5.8,7.6,4.6,12.6,6.8,10.1,2.9,1.4,6.7,7.7,3.7,7.4,3.8,5.4,8.4,5.4,2.6,1.8,6.4,5.6,4.2,4.9,5.1,3,3.1,3.3,10.9,7,4.4,8.3,4.7,1.5,4.9,,,,,,,,,,,,,,,,,,,,,,,,,,,,,,,,,,,,,,,,,30.2,29.9,29.7,29.8,30,29.3,30.1,30.1,30.2,29.7,29.5,29.5,30,29.7,29.9,29.4,30.3,30.1,29.9,29.8,29.8,30.5,30.2,30.6,29.5,29.9,30,30,29.9,29.9,29.7,65,71,62,66,67,67,72,65,71,72,66,68,72,66,72,66,67,69,68,74,65,64,67,64,68,65,66,67,66,71,68,0,0,0,0,0,0,0.1,0,0,0,0,0,0,0,0,0,0,0,0,0,0,0,0,0,0,0,0,0,0,0,0,11.4,11.9,12.9,13.6,11.7,12.1,14.1,7.4,11.5,6.9,12.4,11.2,10.2,11.8,17.3,9.8,12.2,10.5,10.8,16.6,7.2,12.4,11.6,12.7,12.6,11.9,14.6,13,11.3,9.2,11.6,15.8,14.8,17.6,15.8,14.4,16.6,16.6,11.5,13.3,9.7,16.6,14,12.2,18,22.3,14,16.2,14,14.8,20.5,10.1,16.6,16.6,16.6,15.1,16.2,18.4,15.8,14.8,11.2,14,,,,,,22.2204,114.2127
2026-08-11T10:00,32.7,32.6,33.5,32.7,32.5,32.8,33.2,33.2,32.9,33.4,32.5,32.8,31.2,32.8,33.2,33.3,32.3,33.4,32.7,32.9,32.1,33.3,32.9,33.3,32.4,32.4,31.9,32.9,33,32.5,32.8,33.6,33.2,32.6,30.7,33.3,32.9,32.9,32.9,32.9,64,64,60,55,60,62,60,62,57,63,60,62,64,65,64,57,64,61,56,64,62,53,63,64,66,60,73,67,58,63,62,59,63,56,68,60,56,65,62,64,0,0,0,0,0,0,0,0,0,0,0,0,0,0,0,0,0,0,0,0,0,0,0,0,0.1,0,0,0,0,0,0,0,0,0,0,0,0,0,0,0,5.9,6.9,8.1,11,7.4,11,6.1,7.8,10.8,6.4,14.5,7.1,11.3,3.8,3.3,9.2,8.3,5.1,8.2,5.4,6.2,10.4,6.9,3.3,2.3,6.7,7.7,3.9,6.6,7.6,4.2,4.3,4.2,13.4,8.7,6.2,10,5.5,2.4,7.6,,,,,,,,,,,,,,,,,,,,,,,,,,,,,,,,,,,,,,,,,30.7,30.5,30.3,30.1,30.5,29.8,30.6,30.6,30.8,30.1,30,29.9,30.6,30.1,30.2,29.9,30.8,30.6,30.3,30.3,30.4,31.1,30.8,31,30,30.4,30.4,30.5,30.4,30.3,30.3,64,69,61,65,66,67,69,65,70,70,66,67,69,66,71,65,66,68,67,72,63,63,65,63,66,64,66,65,65,69,68,0,0,0,0,0,0,0.1,0,0,0,0,0,0,0,0,0,0,0,0,0,0,0,0,0,0,0,0,0,0,0,0,13.2,11.3,13.1,13.7,11.9,11.8,13.7,6.8,10.4,6.6,13.1,11.6,8.1,13.3,17.9,10.8,13,11.4,11.9,16.1,8.3,11.6,12,12.4,13.7,13.2,13,13.3,12,10.2,10.8,16.6,13.3,16.9,16.6,14.8,15.5,16.2,9.7,11.5,9,16.2,14.4,10.1,18.4,22.3,14.4,15.8,14,15.5,19.1,11.2,14.8,15.5,15.5,15.8,16.6,15.5,16.2,13.7,11.9,12.6,,,,,,22.2204,114.2127
2026-08-11T11:00,34.1,34,34.6,33.9,33.4,34.1,34.3,34,33.9,34.7,33.6,33.7,32.4,34.3,34.7,34.6,33.2,34.6,33.7,34,33,34.5,33.9,34.5,33.3,33.6,33.1,34.4,33.8,33.7,34.1,34.7,34.5,33.6,31.5,34.5,33.8,34.2,33.7,33.9,55,55,52,50,57,54,51,57,52,54,55,58,59,56,54,49,59,53,53,56,58,49,56,57,62,56,66,58,53,54,54,51,54,51,65,53,53,58,55,57,0,0,0,0,0,0,0,0,0,0,0,0,0,0,0,0,0,0,0,0,0,0,0,0,0.1,0,0,0,0,0,0,0,0,0,0,0,0,0,0,0,7.5,8.5,10,11.4,6.8,12.8,7.6,9.6,12.7,7.7,15.6,6.9,12.1,4.9,4.7,11,8.8,5.9,8.7,6.1,5.9,12,8.4,4.1,2.6,6.4,9,3.3,7.5,9.4,5.2,5.1,5.2,15.2,9.9,7.6,10.8,5.8,2.3,9.7,,,,,,,,,,,,,,,,,,,,,,,,,,,,,,,,,,,,,,,,,31,30.9,30.7,30.4,30.9,30.2,31,30.9,31.2,30.5,30.4,30.2,31.1,30.4,30.5,30.3,31.1,30.9,30.7,30.7,30.8,31.6,31.2,31.3,30.4,30.7,30.8,30.9,30.8,30.7,30.7,63,68,60,65,65,66,67,65,68,69,65,66,67,66,70,64,65,67,67,70,62,62,64,63,65,64,65,64,64,68,67,0,0,0,0,0,0,0.1,0,0,0,0,0,0,0,0,0,0,0,0,0,0,0,0,0,0,0,0,0,0,0,0,14.4,11.5,13.4,14.2,12.8,11.6,13.7,6.9,9.4,5.8,13.6,12,6.9,16.8,18.2,12.4,14,12.8,13.5,15.8,10.2,10.6,12.7,13.3,14.2,14.6,11.9,13.3,12.4,11.2,10.3,17.6,13.3,16.9,16.9,15.8,15.1,16.6,9.4,10.8,9,16.2,15.1,9.4,19.4,22.3,15.1,16.2,14.8,16.6,18.7,13,13.7,15.1,15.8,16.2,17.3,14.4,16.6,13.7,13,12.2,,,,,,22.2204,114.2127
2026-08-11T12:00,35,35,35.4,34.8,34.3,35.1,35.2,34.8,34.7,35.2,34.4,34.7,33.3,35.2,35.6,35.6,34,35.5,34.7,34.8,34,35.4,34.7,35.4,34.1,34.6,34.2,35.6,34.7,34.4,34.8,35.4,35.5,34.5,32.3,35.3,34.6,35,34.1,34.7,50,50,48,46,54,49,47,53,49,50,51,54,55,51,48,45,55,48,50,52,53,46,52,53,58,52,60,51,49,50,50,47,49,48,61,50,50,54,53,52,0,0,0,0,0,0,0,0,0,0,0,0,0,0,0,0,0,0,0,0,0,0,0,0,0,0,0,0,0,0,0,0,0,0,0,0,0,0.1,0,0,8.5,9.2,11.5,9.5,5.5,12.8,8.3,10.2,13.1,8,15.5,5.5,12.6,6.1,5.8,10.7,8.4,5.8,7.9,6.6,4.6,12,8.7,5.2,2.7,5.8,9.1,2.6,6.8,10,6.1,5.4,6.2,15.9,10.2,9.1,10.2,5.8,3.4,10.6,,,,,,,,,,,,,,,,,,,,,,,,,,,,,,,,,,,,,,,,,31.1,31.1,31,30.6,31.1,30.3,31.3,31.1,31.4,30.8,30.7,30.5,31.5,30.6,30.7,30.5,31.3,31.1,30.9,31,31,31.9,31.3,31.4,30.6,30.9,31,31.2,30.9,31,30.9,63,67,60,64,65,66,65,63,67,67,64,65,65,66,69,64,64,67,67,69,62,61,63,63,65,64,64,63,64,66,66,0,0,0,0,0,0,0,0,0,0,0,0,0,0,0,0,0,0,0,0,0,0,0,0,0,0,0,0,0,0,0,15.5,13.6,13.8,14.8,15.1,12.2,14.1,8.7,9.8,5.8,14.1,13,8,18.9,18.4,14.4,14.8,14.8,15.5,17,13,10.5,13.6,15.2,13.8,15.8,12.5,13.4,13.1,11.9,11.5,19.4,15.5,17.6,17.3,17.6,17.3,16.9,11.2,11.2,10.8,16.9,16.2,11.2,21.2,22,16.9,17.3,16.9,18.4,20.2,15.5,14.8,16.2,18.4,15.8,19.1,16.6,16.9,15.1,14,13.7,,,,,,22.2204,114.2127
2026-08-11T13:00,35.5,35.6,35.9,35.7,35.1,35.8,35.8,35.5,35.4,35.4,35.2,35.7,34.2,35.9,36.2,36.2,34.6,36.3,35.6,35.5,35,36.2,35.3,35.9,34.7,35.5,35.1,36.4,35.5,34.9,35.3,35.9,36.1,35.3,33.2,35.7,35.2,35.4,34.3,35.4,48,46,45,43,50,47,44,50,47,49,48,51,51,47,45,43,52,44,47,50,49,43,49,50,54,47,54,45,46,48,47,46,45,46,56,48,47,52,54,49,0,0,0,0,0,0,0,0,0,0,0,0,0,0,0,0,0,0,0,0,0,0,0,0,0,0,0,0,0,0,0,0,0,0,0,0,0,0.1,0,0,9.4,8.8,13.1,7.6,3.8,12.3,8.4,10.8,12.6,8,14.6,3.6,12.7,7.7,7.3,9.7,7.9,6.5,6.7,6.8,3.2,11.2,9.7,6.2,3.3,6.1,8.4,3.1,7.3,10.1,7.2,5.6,8.2,15.6,10,10,8.6,6.2,7.6,11,,,,,,,,,,,,,,,,,,,,,,,,,,,,,,,,,,,,,,,,,31.1,31.2,31.1,30.7,31.2,30.3,31.5,31.2,31.5,31.1,31,30.8,31.9,30.6,30.8,30.5,31.5,31.3,31.1,31.2,31.1,32,31.4,31.2,30.7,30.9,31.1,31.4,31,31.4,31,62,67,61,63,65,67,64,61,66,65,62,65,64,67,69,65,63,67,67,68,64,60,63,64,65,65,63,62,64,65,65,0,0,0,0,0,0,0,0,0,0,0,0,0,0,0,0,0,0,0,0,0,0,0,0,0,0,0,0,0,0,0,17.8,16.8,15.2,15.6,18.4,15,15.5,12,10.7,8.7,15.4,14.4,11.6,20.1,18.6,17.3,16.3,17.1,18.1,18.9,16.4,13.2,16.2,18.7,13.3,17.7,16.4,14.7,14.5,13.2,14,22,19.1,18.4,18,20.5,20.2,18,14,12.2,13.7,18.4,17.3,14.8,23.4,22,19.4,18.7,19.8,20.5,22.7,18.7,16.6,18,22.3,15.5,21.2,20.2,17.3,17.3,15.1,15.8,,,,,,22.2204,114.2127
2026-08-11T14:00,35.9,36.1,36.3,36.1,35.7,36.3,36.2,35.9,35.9,35.5,35.7,36,34.7,36.3,36.5,36.6,35,36.7,36.2,35.8,35.4,36.8,35.5,36.1,35,36,35.6,36.7,35.9,35,35.5,36.1,36.4,35.8,33.8,35.9,35.6,35.6,34.3,35.6,47,44,44,42,48,45,43,48,45,49,46,50,49,45,43,42,50,42,45,50,47,41,48,49,52,45,51,43,45,48,46,45,44,44,53,48,45,51,55,48,0,0,0,0,0,0,0,0,0,0,0,0,0,0,0,0,0,0,0,0,0,0,0,0,0,0,0,0,0,0,0,0,0,0,0,0,0,0.1,0,0,9.7,8.5,13.7,7.1,2.6,11.3,8.2,10.6,12,8,13.9,2.2,12.3,8.8,8.2,8.9,7.6,7,5.7,6.4,2.1,10.2,11.2,7.1,2.9,8.2,6.8,5,8.8,11,8.2,5.4,10.2,15.1,10,10.5,7.7,6.8,10.5,11.3,,,,,,,,,,,,,,,,,,,,,,,,,,,,,,,,,,,,,,,,,31.1,31.1,31.2,30.7,31.2,30.2,31.6,31.2,31.5,31.3,31.2,30.9,32,30.7,30.8,30.5,31.5,31.3,31.1,31.3,31.1,32.1,31.4,31.1,30.7,30.9,31.2,31.5,31,31.5,31,63,67,62,63,65,67,64,60,66,64,62,65,63,67,69,66,63,67,68,68,65,60,63,65,65,66,63,62,64,64,65,0,0,0,0,0,0,0,0,0,0,0,0,0,0,0,0,0,0,0,0,0,0,0,0,0,0,0,0,0,0,0,20.9,19.9,17.2,16.7,21.1,17.7,17.4,15,12.5,12.3,17.3,16.2,15.3,21.4,18.9,19.7,18.2,19.2,20.4,20.9,18.6,16.4,18.3,21.9,13.7,19.4,20.1,16.1,16.3,15.1,16.4,24.1,22.3,19.8,19.1,23,22,19.4,16.2,13.7,16.6,19.8,18.7,18,25.6,22,21.6,20.5,22.3,23,24.8,20.9,18.4,19.8,25.2,16.2,23,23,18,19.1,16.6,18.4,,,,,,22.2204,114.2127
2026-08-11T15:00,36,36.4,36.4,36,35.9,36.6,36.4,35.9,36.2,35.5,36,35.1,34.9,36.3,36.4,36.7,35.2,36.7,36.6,35.5,35.1,37,35.2,35.6,34.8,35.8,35.5,36.2,35.4,34.9,35.6,36.1,36.2,36.1,34,35.8,35.8,35.5,33.8,35,46,42,43,43,47,43,42,48,43,48,44,54,48,44,43,41,49,42,43,50,50,39,50,51,52,46,50,45,47,49,45,45,45,42,52,48,44,51,57,51,0,0,0,0,0,0,0,0,0,0,0,0.4,0,0,0,0,0,0,0,0.1,0,0,0,0.1,0,0,0.1,0.1,0,0,0,0,0,0,0,0,0,0,0.1,0.1,9,7.9,12.6,8.4,1,10.3,7.9,10.2,11.6,7.7,13.1,3.5,11.8,8.9,8.7,8.3,7.6,6.9,5.8,4.9,4.7,9.2,12.2,7.8,1.5,11,4.3,7.5,10.5,11.5,8,3.7,10.4,14.1,10.1,9.7,7.6,7.9,9.5,12,,,,,,,,,,,,,,,,,,,,,,,,,,,,,,,,,,,,,,,,,31,30.9,31,30.7,31.1,30.3,31.5,31.2,31.4,31.2,31,30.8,31.8,30.7,30.8,30.4,31.3,31.2,30.9,31.2,31,31.9,31.3,31.1,30.5,30.8,31,31.5,31,31.4,30.9,65,69,63,64,66,67,66,60,66,65,64,65,64,67,69,67,65,67,69,68,66,61,64,66,66,66,64,63,64,65,66,0,0,0,0,0,0,0,0,0,0,0,0,0,0,0,0,0,0,0,0,0,0,0,0,0,0,0,0,0,0,0,22.7,21.7,19,17.9,22.7,17.7,19.4,16.1,14.5,15.3,19.3,18.2,18.6,23.4,19.1,20.9,19.8,20.4,22.2,21.7,18.9,17.9,19.9,22.7,15.6,19.9,21.4,17.6,17.3,17.3,18.2,25.9,24.8,22,21.2,25.9,20.9,22,16.9,15.8,19.4,21.6,20.9,20.9,28.1,22.3,23.4,22.3,24.1,25.6,26.3,21.6,19.8,21.6,25.6,18.7,23.4,24.1,19.8,20.2,18.7,20.9,,,,,,22.2204,114.2127
2026-08-11T16:00,35.9,36.4,36.3,35.5,35.9,36.6,36.4,35.5,36.4,35.3,36,33.5,34.8,36.1,36,36.5,35.1,36.3,36.6,34.8,34.2,37,34.7,34.6,34.3,35.1,34.9,35.1,34.4,34.5,35.5,35.8,35.7,36.1,34,35.5,35.7,35.1,33.1,34,47,41,42,45,47,41,41,48,41,48,44,62,47,45,45,42,48,44,41,52,55,39,53,56,53,49,52,51,52,52,45,45,47,42,52,49,43,52,60,57,0,0,0,0,0,0,0,0,0,0,0,0.4,0,0,0,0,0,0,0,0.1,0,0,0,0.1,0,0,0.1,0.1,0,0,0,0,0,0,0,0,0,0,0.1,0.1,7.9,7.4,10.2,10.6,2.5,9.4,7.7,10.5,10.9,7.2,11.9,6.5,11.2,8.8,8.9,7.6,7.6,7.4,6.5,3.2,9,8.1,12.5,8.1,2.1,13.9,4.7,9.8,12,12.1,7.4,1.9,9.7,12.4,10,8.2,7.6,9.2,7,12.8,,,,,,,,,,,,,,,,,,,,,,,,,,,,,,,,,,,,,,,,,30.9,30.6,30.8,30.6,30.8,30.4,31.2,31.1,31.3,31,30.7,30.6,31.3,30.8,30.7,30.2,31,31,30.6,31,30.8,31.6,31.2,31,30.2,30.6,30.8,31.3,31,31.1,30.6,67,72,64,65,68,66,68,62,67,68,66,65,66,68,70,68,69,68,71,69,68,63,66,67,67,67,67,66,65,67,68,0,0,0,0,0,0,0,0,0,0,0,0,0,0,0,0,0,0,0,0,0,0,0,0,0,0,0,0,0,0,0,23.5,22.5,21.1,19.6,23.7,16.3,21.6,16.3,16.6,18.2,21,20.2,21.1,25.3,19.4,21.3,21,20.9,23.3,22.3,18.3,19,21.2,21.7,18.9,19.8,21.3,19.4,18.1,19.4,19.6,27.7,27,24.1,23.8,28.8,18.7,25.2,17.3,18.4,22,23.8,23,24.1,31,22.7,24.8,23.8,25.6,27.7,27.4,21.6,21.2,23.8,24.8,22,23.4,24.1,22,20.5,21.6,23,,,,,,22.2204,114.2127
2026-08-11T17:00,35.4,36,35.8,34.7,35.4,36,35.8,34.8,36,34.8,35.6,32.1,34.4,35.5,35.2,35.9,34.6,35.5,36.2,34,33.3,36.5,33.9,33.6,33.6,34.3,34.2,33.8,33.4,33.8,35,35.2,34.9,35.6,33.7,34.9,35.3,34.4,32.4,33,49,43,45,49,49,44,44,52,42,50,46,68,49,48,49,45,51,48,43,55,60,41,58,62,56,53,56,58,57,56,47,48,51,44,53,52,45,55,63,63,0,0,0,0,0,0,0,0,0,0,0,0.4,0,0,0,0,0,0,0,0.1,0,0,0,0.1,0,0,0.1,0.1,0,0,0,0,0,0,0,0,0,0,0.1,0.1,6.6,7.1,8,11.6,4.6,8,7.7,10.3,9.5,6.6,10.4,8.3,10.2,8.2,8.8,6.6,8,8,7,2.3,11.6,6.6,12.3,8.1,3.8,15.2,7.2,11.2,12.1,11.8,6.7,2,8.7,10.3,9.3,6.9,7.3,9.8,4.7,12.9,,,,,,,,,,,,,,,,,,,,,,,,,,,,,,,,,,,,,,,,,30.6,30.2,30.5,30.4,30.5,30.3,30.9,30.9,31,30.7,30.3,30.4,30.9,30.7,30.5,30,30.7,30.7,30.3,30.7,30.5,31.2,31,30.9,29.8,30.4,30.5,31.1,30.9,30.7,30.3,69,74,65,67,70,67,71,64,69,70,69,66,68,69,71,70,72,69,73,71,69,65,68,69,69,68,69,68,66,70,70,0,0,0,0,0,0,0,0,0,0,0,0,0,0,0,0,0,0,0,0,0,0,0,0,0,0,0,0,0,0,0,23.5,22.8,22.2,20.9,24.2,15.3,22.9,16,18.2,19.5,21.9,21.2,22.7,26,19.6,21.3,21.3,21.4,23.7,22.3,17.7,19.9,21.7,20.6,21.4,19.4,20.8,20.2,18.4,20.9,20.7,28.4,28.1,25.9,26.3,31,16.9,27.4,16.9,20.2,23.4,25.6,24.8,25.9,32.4,23,25.9,25.6,27,29.5,28.4,21.2,22,25.6,24.8,24.5,23,23.8,23.4,20.9,23.4,24.8,,,,,,22.2204,114.2127
2026-08-11T18:00,33.3,32.9,32.9,32.3,32.5,32.6,33,32.8,33.3,32.6,33.2,32,32.8,33.1,32.8,33,32,33.2,33.1,32.6,31.9,34,32.1,32.3,32.1,32.4,32.8,32.3,32.5,31.8,32.8,33.4,32.9,32.3,32.2,33,33.1,32.4,31.8,32.6,60,63,64,62,64,67,61,68,60,64,60,69,61,60,64,62,70,61,63,67,64,57,65,71,67,60,70,69,60,68,59,60,62,64,61,64,58,67,66,66,0,0,0,0,0,0,0,0,0,0,0,0.3,0,0,0,0,0,0,0,0,0,0,0,0,0,0,0,0,0,0,0,0,0,0,0,0,0,0,0,0,6.1,6.6,7,6.5,5,6.2,6,6.6,5.4,5.2,6.3,2.2,3.8,5.4,5.2,5.2,8.2,3.7,4.3,3.3,3.7,3.6,8.7,5.4,2.9,7.6,6.1,5.5,5.5,7.1,6.5,0.8,6.3,6.9,4.3,6.4,4.3,5.6,6.7,6.6,,,,,,,,,,,,,,,,,,,,,,,,,,,,,,,,,,,,,,,,,30.2,29.9,30.1,30.1,30.2,30,30.5,30.4,30.6,30.4,30,30.1,30.5,30.4,30.2,29.7,30.3,30.2,29.9,30.3,30.3,30.6,30.6,30.5,29.5,30.1,30.2,30.7,30.7,30.3,30,71,76,67,69,72,69,74,67,71,72,72,68,71,71,73,73,74,72,75,74,70,69,71,72,71,70,71,71,67,73,72,0,0.2,0,0,0,0,0,0,0,0,0,0,0,0,0,0,0,0,0,0,0,0,0,0,0,0,0,0,0,0,0,22.7,21.9,22.1,22,24.2,15.3,23.1,14.8,18.7,19,21.9,21.4,22.5,25.1,19.6,20.6,20.9,21.8,22.9,22,17.2,19.4,21.7,20.7,21.4,18.9,19.8,20.2,18.1,20.8,21,27.7,27.7,26.6,29.2,32.4,16.6,28.1,16.2,21.2,22.3,26.3,26.3,26.3,32.4,23.8,25.9,27.4,28.1,29.9,29.2,20.5,21.6,27.7,26.3,25.2,23,22.7,23.8,20.9,23.8,25.2,,,,,,22.2204,114.2127
2026-08-11T19:00,32.3,31.8,31.8,31.1,31.4,31.4,32,31.8,32.4,31.6,32.3,30.8,32.1,32,31.5,31.8,31,32,32.1,31.5,30.8,33,31.1,31.1,31.1,31.3,31.9,30.9,31.4,30.7,31.8,32.5,31.7,31.2,31.6,32,32.2,31.4,31,31.7,65,69,70,68,69,73,67,75,65,69,65,75,65,66,72,68,76,67,69,73,70,62,71,78,72,65,76,77,66,74,64,66,68,70,64,69,62,73,71,72,0,0,0,0,0,0,0,0,0,0,0,0.3,0,0,0,0,0,0,0,0,0,0,0,0,0,0,0,0,0,0,0,0,0,0,0,0,0,0,0,0,6.2,7.1,6.2,6.6,6.3,5.9,5.7,6.4,4.1,5.1,5.4,2.6,1.8,5,4.7,5.4,8.6,4,5.2,3.5,4.6,3.1,8.1,5.2,3.8,7.4,7.5,5.4,4.3,5.9,6.5,2.4,5.4,6.3,3.2,5.6,4.7,5.4,5.1,5.9,,,,,,,,,,,,,,,,,,,,,,,,,,,,,,,,,,,,,,,,,29.8,29.6,29.7,29.7,29.9,29.5,30,29.8,30.1,30,29.5,29.9,30.1,30,29.9,29.3,29.8,29.7,29.4,29.8,30,29.9,30.1,30,29.2,29.7,29.9,30.2,30.4,29.9,29.7,73,78,70,72,74,72,77,70,75,75,75,70,74,73,74,76,77,75,78,77,71,73,74,75,73,73,73,73,69,76,74,0,0.2,0,0,0,0,0,0,0,0,0,0,0,0,0,0,0,0,0,0,0,0,0,0,0,0,0,0,0,0,0,20.7,20.2,21.1,22.7,23.7,15.3,22.1,13.2,18.7,17.1,21.2,20.9,21.1,23.5,19.4,20.2,20,21.8,22,21.5,16.4,18.2,21.8,20.6,20.4,19.4,17.9,19.8,17.6,19.7,19.9,25.9,26.6,26.6,32,33.5,16.9,28.4,14.8,22,20.2,26.6,27,25.2,31,24.8,25.6,29.2,29.2,29.9,29.9,19.1,20.9,30.2,28.4,24.8,23,20.9,23.8,20.9,23.4,24.8,,,,,,22.2204,114.2127
2026-08-11T20:00,31.6,31,31,30.2,30.7,30.5,31.2,31.1,31.7,30.9,31.7,29.9,31.5,31.1,30.6,30.9,30.3,31.1,31.3,30.7,30,32.2,30.3,30.2,30.4,30.5,31.2,29.9,30.6,30,31.1,31.7,30.8,30.4,31.1,31.2,31.6,30.6,30.4,31,69,74,75,73,73,78,71,79,69,73,69,79,69,70,77,73,80,72,73,77,74,66,75,83,76,69,80,83,70,79,68,70,73,74,67,73,65,77,74,76,0,0,0,0,0,0,0,0,0,0,0,0.3,0,0,0,0,0,0,0,0,0,0,0,0,0,0,0,0,0,0,0,0,0,0,0,0,0,0,0,0,6.6,7.4,6.2,6.8,7,6.2,5.9,6.4,3.7,5.5,5.2,3,1.8,4.8,4.7,5.6,9.1,4.3,5.7,4.1,5.1,3.4,7.9,4.7,4.2,7.4,8.5,5.4,4,5.4,6.8,3.2,4.8,6.6,2.5,5.2,5.2,5.2,4.1,5.4,,,,,,,,,,,,,,,,,,,,,,,,,,,,,,,,,,,,,,,,,29.4,29.4,29.4,29.4,29.6,29.2,29.6,29.4,29.7,29.7,29.2,29.7,29.8,29.8,29.6,29,29.5,29.4,29.1,29.5,29.8,29.4,29.7,29.6,29,29.4,29.6,29.7,30.1,29.5,29.5,75,79,72,74,76,75,79,73,77,77,77,72,76,74,76,79,78,78,80,79,72,76,77,77,75,75,75,76,71,78,76,0,0.2,0,0,0,0,0,0,0,0,0,0,0,0,0,0,0,0,0,0,0,0,0,0,0,0,0,0,0,0,0,19.4,19.3,20.1,23.4,23.3,15.7,21.2,12.4,18.3,15.7,20.3,20.8,20.2,21.6,19.3,19.3,20,21.8,21.6,20.9,16.1,17.2,21.7,21.1,19.1,19.7,16.9,19.1,17.3,18.6,19.4,24.5,25.6,26.6,34.2,34.2,18,28.1,14,22,18.7,26.3,27.4,24.5,29.2,25.6,25.2,30.2,29.5,30.2,30.2,18.4,20.2,31.3,29.9,24.5,23.4,19.8,23.8,20.9,22.7,24.5,,,,,,22.2204,114.2127
2026-08-11T21:00,31,30.5,30.4,29.7,30.2,29.9,30.6,30.6,31.2,30.4,31.2,29.5,31,30.5,30,30.3,29.8,30.4,30.8,30.1,29.5,31.5,29.8,29.7,30,30.1,30.8,29.3,30.2,29.5,30.6,31.2,30.2,29.8,30.6,30.6,31.1,30,30,30.5,72,77,78,76,76,80,74,82,71,75,72,82,72,73,81,76,83,75,76,80,77,69,78,86,79,72,82,86,74,82,71,73,77,76,70,76,67,80,77,79,0,0,0,0,0,0,0,0,0,0,0,0,0,0,0,0,0,0.1,0,0,0,0,0,0,0,0,0,0,0,0,0,0,0,0,0,0,0,0,0,0,6.5,7.4,5.9,7.1,7,6.3,5.8,6.3,3.8,5.5,5.2,2.9,2.4,4.7,4.7,5.8,9.1,4.5,6,4.1,5.1,3.9,7.8,4.3,4.2,7.5,8.9,5.1,3.6,5.1,6.8,3.2,4.4,7,2.5,5.1,5.4,5.2,3.6,5,,,,,,,,,,,,,,,,,,,,,,,,,,,,,,,,,,,,,,,,,29.2,29.3,29.1,29.3,29.4,29,29.4,29.2,29.5,29.5,29,29.5,29.6,29.9,29.4,28.9,29.3,29.2,29,29.3,29.6,29.2,29.5,29.4,28.8,29.2,29.3,29.4,29.7,29.3,29.3,77,79,74,75,78,77,80,74,78,78,78,73,77,72,77,80,78,79,81,80,74,78,78,78,76,76,77,78,73,79,77,0,0.4,0,0,0,0.2,0.2,0,0.1,0.3,0,0,0,0,0,0,0.1,0,0.1,0.1,0,0,0.1,0,0,0.1,0,0,0,0,0,18.6,18.9,19.4,22.9,23,16.7,20.1,12,17.4,15.8,18.9,19.8,19.1,19.4,19.1,18.3,20,20.8,22.1,20.7,15.9,17,20.9,20.9,18.6,19.6,16.6,18.9,17.8,17.9,18.6,23.8,24.8,26.6,34.2,34.2,20.2,27.4,14,20.9,19.8,24.8,26.3,23.4,26.3,26.3,24.5,29.9,28.4,31.7,29.5,18.4,20.2,29.9,30.2,24.1,24.8,19.8,23.8,20.9,21.6,23.4,,,,,,22.2204,114.2127
2026-08-11T22:00,30.5,30.1,29.9,29.4,29.7,29.4,30.1,30.2,30.7,30,30.7,29.2,30.6,29.9,29.6,29.7,29.5,29.8,30.3,29.5,29.2,30.9,29.3,29.2,29.6,29.8,30.5,28.9,29.8,29.2,30.2,30.6,29.6,29.4,30.1,30,30.6,29.5,29.6,30.2,74,79,80,79,79,82,76,83,73,77,75,84,75,76,84,79,85,77,78,83,78,73,81,88,81,76,84,89,77,84,74,77,80,78,75,79,70,82,80,82,0,0,0,0,0,0,0,0,0,0,0,0,0,0,0,0,0,0.1,0,0,0,0,0,0,0,0,0,0,0,0,0,0,0,0,0,0,0,0,0,0,6.5,6.4,5.6,7.7,6.2,6.2,5.4,6,4,5.2,5.2,2.9,3.6,4.7,4.3,6,9.2,4,6.5,3.9,4.9,3.9,7.8,4,4.2,7.9,8.3,5.2,3.6,4.7,6.5,3.2,4,7,2.5,4.7,5.4,4.9,2.8,4.7,,,,,,,,,,,,,,,,,,,,,,,,,,,,,,,,,,,,,,,,,29.1,29.2,28.9,29.4,29.2,28.9,29.3,29.1,29.3,29.3,28.9,29.4,29.5,30.2,29.3,28.8,29.3,29.3,29,29.2,29.5,29.2,29.5,29.3,28.7,29.1,29.1,29.2,29.4,29.2,29.2,78,79,75,76,80,78,80,74,79,79,79,74,78,69,78,80,78,79,81,80,76,78,78,77,77,77,79,81,74,80,78,0,0.4,0,0,0,0.2,0.2,0,0.1,0.3,0,0,0,0,0,0,0.1,0,0.1,0.1,0,0,0.1,0,0,0.1,0,0,0,0,0,18.2,18.2,18.4,22.1,22.6,17.9,18.9,12.2,15.7,16.9,17.6,18.7,18.4,16.9,18.9,17.8,19.8,19.2,22.8,20.2,16,16.9,20,20.3,18.4,19.2,16.9,18.7,18.1,17,17.6,23.4,24.8,26.3,33.5,34.2,22.7,25.9,14.4,18.7,21.6,22.3,24.8,22.3,22.7,27,23.4,28.8,26.6,33.5,28.4,19.1,20.5,27.4,29.9,23.8,26.6,20.2,23.4,20.9,20.2,22.3,,,,,,22.2204,114.2127
2026-08-11T23:00,30,29.8,29.5,29.2,29.4,29,29.7,29.9,30.3,29.7,30.3,29,30.1,29.5,29.2,29.2,29.3,29.4,30,29,28.9,30.4,29,28.9,29.4,29.7,30.3,28.6,29.6,29,29.8,30.2,29.2,29,29.6,29.5,30.2,29.1,29.3,29.9,76,81,82,82,82,82,78,84,75,79,77,85,77,79,86,80,87,79,80,86,80,76,83,89,83,79,85,90,81,85,77,80,83,78,79,81,71,84,82,84,0,0,0,0,0,0,0,0,0,0,0,0,0,0,0,0,0,0.1,0,0,0,0,0,0,0,0,0,0,0,0,0,0,0,0,0,0,0,0,0,0,5.9,5.9,5,8.4,4.9,5.9,5.1,5.5,4.4,4.8,5,2.6,4.6,4.5,4.3,5.8,9.2,3.9,6.8,3.7,4.5,4,7.8,3.3,3.8,8.4,7.9,4.6,3.4,4.1,6.2,2.6,3.8,6.4,2.5,4,5.5,4.3,2.6,4,,,,,,,,,,,,,,,,,,,,,,,,,,,,,,,,,,,,,,,,,29.1,29.2,28.8,29.4,29.1,28.8,29.2,29,29.2,29.2,28.8,29.2,29.4,30.3,29.1,28.8,29.2,29.3,29,29.2,29.4,29.2,29.5,29.3,28.6,29.1,29,29,29.1,29,29,79,79,77,76,81,79,80,74,80,79,79,75,78,67,79,80,78,79,81,80,77,79,78,77,77,78,80,82,76,81,79,0,0.4,0,0,0,0.2,0.2,0,0.1,0.3,0,0,0,0,0,0,0.1,0,0.1,0.1,0,0,0.1,0,0,0.1,0,0,0,0,0,18.3,18.6,17.9,22.2,23,17.9,18.3,12.2,15.1,17.6,16.8,18.2,17.9,15.7,19,17.8,20.1,18.6,23.6,20.4,16.2,17.1,19.7,20.6,18.4,19.4,17.4,18.9,18.6,17.1,17.1,23.8,25.6,25.9,33.5,34.9,23.8,25.6,14.8,18.4,23,21.6,23.8,22.3,20.5,27.7,24.1,28.4,25.9,35.3,28.1,20.2,21.6,26.3,31,24.1,28.1,21.2,24.1,22,20.5,22,,,,,,22.2204,114.2127
2026-08-12T00:00,29.5,29.5,29.1,29,29.1,28.6,29.4,29.6,29.9,29.4,30,29,29.8,29.1,28.9,28.9,29.1,28.9,29.7,28.7,28.7,29.9,28.8,28.7,29.2,29.7,30.1,28.4,29.4,28.9,29.5,29.8,28.8,28.7,29.1,29.1,29.9,28.8,29.1,29.7,78,82,84,84,84,82,80,85,76,80,79,86,80,81,88,82,88,81,82,88,81,78,85,90,84,82,85,91,84,86,80,83,85,78,83,83,73,86,85,86,0,0,0,0,0,0,0,0,0,0,0,0,0,0,0,0,0,0.1,0,0,0,0,0,0,0,0,0,0,0,0,0,0,0,0,0,0,0,0,0,0,5.6,5.4,4.5,8.9,3.6,5.4,4.8,5.2,4.5,4.9,4.8,2.6,5.7,4.2,4,5.7,8.9,3.3,6.6,3.3,4,3.9,7.9,2.9,3.3,9,7.5,4.2,3.7,4,5.9,2,3.5,6.4,2.5,3.7,5.2,4.4,2.3,3.3,,,,,,,,,,,,,,,,,,,,,,,,,,,,,,,,,,,,,,,,,29.1,29,28.6,29.3,29,28.8,29.1,28.9,29.1,29.1,28.8,29.1,29.3,30,29,28.7,29.2,29.3,28.9,29,29.4,29.1,29.4,29.4,28.6,29,28.9,28.9,28.9,28.9,28.9,78,81,79,76,81,78,80,75,81,79,79,76,78,68,79,81,78,79,81,81,77,80,78,76,77,78,81,82,78,82,80,0.3,0,0,0.1,0.1,0.3,0.2,0,0.2,0.2,0,0,0.3,0,0.1,0.1,0.1,0.3,0,0.4,0,0,0.1,0,0,0,0.1,0.2,0,0.1,0.3,18.6,19.9,17.6,24.5,24.6,15.3,18.5,12,16.1,17.6,17.2,18.5,18.2,15.9,19.5,19.9,20.8,19,24,21.1,16.7,17.3,20.4,23.5,19.3,20,17.9,19.5,18.6,18.6,16.9,25.6,28.4,25.6,36.4,37.4,22,26.6,14.4,20.5,23.4,23.4,24.5,23.8,20.9,28.8,27.4,29.5,27,37.1,29.9,21.6,23.4,28.4,35.3,26.6,29.9,22.7,26.6,24.5,23.4,23,,,,,,22.2204,114.2127
2026-08-12T01:00,29.2,29.3,28.9,29,29,28.4,29.2,29.5,29.6,29.2,29.7,29,29.5,28.7,28.8,28.6,29,28.6,29.4,28.4,28.6,29.5,28.6,28.5,29,29.7,30,28.3,29.3,28.8,29.3,29.5,28.5,28.6,28.8,28.7,29.6,28.5,28.9,29.6,80,83,85,85,86,82,81,85,77,81,81,87,82,83,89,83,89,82,83,89,82,80,86,90,85,85,86,91,87,87,82,85,88,79,86,84,75,87,87,87,0,0,0,0,0,0,0,0,0,0,0,0,0,0,0,0,0,0.1,0,0,0,0,0,0,0,0,0,0,0,0,0,0,0,0,0,0,0,0,0,0,5,5,4.3,9.3,2.6,5.3,4.5,4.8,4.9,4.8,4.7,2.8,7.1,3.9,4,5.6,8.7,3.3,7,3.1,3.8,3.8,8,2.6,3.3,9.4,7.4,4,4.1,4.1,5.7,1.3,3.4,6.1,2.5,3.4,5.4,4.3,2.2,3.1,,,,,,,,,,,,,,,,,,,,,,,,,,,,,,,,,,,,,,,,,29.1,28.8,28.5,29.2,29,28.7,29,28.8,28.9,29,28.9,28.9,29.2,29.6,28.8,28.6,29.2,29.3,28.8,28.9,29.4,29.1,29.2,29.5,28.7,29,28.8,28.9,28.7,28.8,28.7,77,83,80,76,79,77,79,77,81,79,78,77,77,71,80,81,77,78,81,81,77,81,79,75,78,78,81,81,79,82,81,0.3,0,0,0.1,0.1,0.3,0.2,0,0.2,0.2,0,0,0.3,0,0.1,0.1,0.1,0.3,0,0.4,0,0,0.1,0,0,0,0.1,0.2,0,0.1,0.3,18.9,21.4,17.4,28.2,26.9,13.3,19.7,11.5,17.9,17.3,18.2,19.5,18.7,17.2,20.2,22.7,21.9,20.1,24.3,22.7,17.8,17.5,21.6,27.6,20.4,21.2,18.4,20.4,18.9,20.7,17.2,28.1,32.4,25.6,40,40.7,18.7,28.1,14,24.1,23.4,27,25.6,26.6,22.7,30.2,32.4,31,28.8,38.9,32.4,23,25.9,32.4,40.7,30.2,31.3,24.5,29.5,28.4,27.7,24.5,,,,,,22.2204,114.2127
2026-08-12T02:00,28.9,29.2,28.8,28.9,28.8,28.3,29.1,29.4,29.4,29.1,29.6,29,29.3,28.5,28.7,28.4,28.9,28.4,29.3,28.3,28.5,29.3,28.5,28.4,28.9,29.7,29.9,28.2,29.3,28.7,29.2,29.3,28.3,28.5,28.6,28.5,29.5,28.4,28.8,29.5,81,84,85,86,87,82,82,85,78,82,82,87,83,84,90,84,89,83,84,90,83,81,87,90,86,86,86,91,88,87,83,86,89,79,88,85,76,88,88,88,0,0,0,0,0,0,0,0,0,0,0,0,0,0,0,0,0,0.1,0,0,0,0,0,0,0,0,0,0,0,0,0,0,0,0,0,0,0,0,0,0,4.8,5,4.3,9.5,1.8,5.2,4.2,5.1,5,4.7,4.9,2.9,7.7,4,3.8,5.6,8.7,2.9,6.9,3.2,3.3,3.8,7.8,2.3,2.9,9.7,7.4,3.9,4.3,4.3,5.6,1.1,3.4,6.1,2.5,3.1,5.2,4.3,2.2,3.1,,,,,,,,,,,,,,,,,,,,,,,,,,,,,,,,,,,,,,,,,29.1,28.7,28.4,29.1,29,28.7,29,28.8,28.8,28.9,29,28.8,29.1,29.3,28.7,28.5,29.2,29.3,28.7,28.8,29.4,29,29.1,29.5,28.7,28.9,28.7,28.9,28.7,28.6,28.6,76,84,81,76,79,76,79,78,82,80,78,78,77,73,80,82,77,78,81,82,77,81,79,75,78,78,81,80,80,83,81,0.3,0,0,0.1,0.1,0.3,0.2,0,0.2,0.2,0,0,0.3,0,0.1,0.1,0.1,0.3,0,0.4,0,0,0.1,0,0,0,0.1,0.2,0,0.1,0.3,19.8,22.4,17.3,30.5,28.9,13.2,20.4,11.7,18.9,17.3,18.8,19.8,19.6,18.7,20.5,25,22.1,21.1,24.5,23.2,18.9,18.5,22.9,28.9,21,21.3,19.2,21.1,19.8,22.5,17.9,30.6,35.3,25.6,42.5,43.2,16.6,29.9,14.4,26.6,23.8,29.2,26.3,28.8,24.8,31,36,31.3,30.2,39.6,34.6,24.1,28.4,35.3,42.5,32.4,31.3,26.6,31.7,31.7,31.3,26.3,,,,,,22.2204,114.2127
2026-08-12T03:00,28.7,29.1,28.8,28.9,28.7,28.3,29.1,29.3,29.3,29.1,29.5,29.1,29.2,28.4,28.6,28.4,28.8,28.3,29.2,28.3,28.4,29.3,28.5,28.4,28.9,29.6,29.8,28.2,29.2,28.7,29.1,29.2,28.2,28.5,28.5,28.4,29.4,28.3,28.7,29.4,82,85,85,86,88,82,83,85,79,83,83,87,84,85,90,85,89,84,85,90,85,81,87,90,86,87,86,91,88,87,84,86,90,80,89,85,78,89,89,88,0,0,0,0,0,0,0,0,0,0,0,0,0,0,0,0,0,0,0,0,0,0,0,0,0,0,0.5,0,0,0,0,0,0,0,0,0,0,0,0,0,4.5,5,4.4,9.2,1.3,5,4,5.5,5.3,4.7,4.9,2.7,8,4,3.5,5.4,8.7,2.5,6.9,3.1,3,3.6,7.6,2.3,2.5,9.5,7.5,3.6,4.3,4.6,5.5,0.8,3.4,6.4,2.2,2.7,5,4.4,1.8,3.3,,,,,,,,,,,,,,,,,,,,,,,,,,,,,,,,,,,,,,,,,29,28.7,28.3,28.9,28.8,28.6,28.9,28.7,28.6,28.7,29,28.7,29,29.1,28.5,28.3,29.1,29.3,28.6,28.6,29.2,28.9,29,29.4,28.6,28.9,28.6,28.7,28.8,28.4,28.6,77,83,82,78,80,77,80,79,83,81,78,79,77,75,81,83,78,78,82,84,77,81,79,76,79,78,82,81,80,85,81,0.4,0.6,0,0.1,0.1,0.1,0.1,0,0.1,0,0,0.1,0.1,0,0.1,0.2,0,0.1,0.1,0,0,0.1,0.6,0,0,0,0,0,0,0.1,0.2,21.7,22.5,17.3,30.2,30.1,13.2,21.3,12.5,18.6,17.4,18.9,19,20,19.7,19.8,25.8,21,21.7,24.2,22.8,18.9,20.4,23.5,25,20.6,19.6,19.6,20.7,21.2,22.9,18.8,32.8,35.3,25.9,42.1,44.3,17.3,31.7,16.6,27.7,24.8,29.5,25.6,30.6,27.4,30.6,38.2,28.8,31,38.9,35.3,24.5,31.3,36.4,37.1,31.7,27.7,29.2,31.3,34.6,33.1,28.1,,,,,,22.2204,114.2127
2026-08-12T04:00,28.6,29.1,29,29,28.7,28.4,29.1,29.3,29.3,29.1,29.5,29.1,29.1,28.4,28.7,28.5,28.7,28.3,29.1,28.5,28.4,29.4,28.5,28.4,28.8,29.6,29.7,28.3,29.2,28.7,29.1,29.2,28.1,28.5,28.5,28.4,29.3,28.3,28.7,29.4,84,86,85,86,88,82,83,86,81,84,84,87,84,85,89,86,89,85,85,88,86,81,87,90,86,87,86,91,88,87,84,85,91,81,88,85,79,89,88,87,0,0,0,0,0,0,0,0,0,0,0,0,0,0,0,0,0,0,0,0,0,0,0,0,0,0,0.5,0,0,0,0,0,0,0,0,0,0,0,0,0,4,5.4,4.3,8.7,1.3,4.6,3.9,6.1,5.4,4.3,4.9,2.6,7.9,3.7,3.2,5.4,8.4,2.2,6.6,2.7,2.5,3.1,7,2.3,2.5,8.9,7.6,3.6,4.1,5.1,5.4,0.7,3.4,6.6,1.9,2.7,4.7,4.5,1.4,3.9,,,,,,,,,,,,,,,,,,,,,,,,,,,,,,,,,,,,,,,,,28.8,28.8,28.2,28.6,28.6,28.5,28.7,28.6,28.4,28.6,29,28.6,28.9,29,28.3,28.1,29,29.3,28.5,28.5,29.1,28.9,29,29.3,28.4,28.9,28.5,28.6,28.9,28.2,28.6,78,81,82,80,82,78,81,80,85,83,78,79,78,77,82,84,79,77,84,85,78,81,79,77,80,78,83,83,79,86,80,0.4,0.6,0,0.1,0.1,0.1,0.1,0,0.1,0,0,0.1,0.1,0,0.1,0.2,0,0.1,0.1,0,0,0.1,0.6,0,0,0,0,0,0,0.1,0.2,24.2,22.3,17.5,28.8,30.5,13.8,22.1,13.7,17.8,17.5,18.9,17.8,20.6,20.1,19,25.9,19.2,22.4,23.5,22,18.6,22.8,23.6,19.1,19.7,17.2,20.2,19.6,23.6,22.4,20,35.3,34.2,26.3,40.3,44.3,19.4,33.5,19.4,28.1,26.6,28.8,24.5,32.4,30.6,29.9,39.2,25.2,31.3,37.1,35.3,24.8,34.6,36,27.7,29.5,22.7,32,30.2,37.1,33.8,29.9,,,,,,22.2204,114.2127
2026-08-12T05:00,28.6,29.2,29.2,29.1,28.7,28.7,29.3,29.4,29.3,29.2,29.6,29.3,29.2,28.4,28.8,28.6,28.7,28.3,29.1,28.9,28.4,29.6,28.7,28.5,28.8,29.6,29.7,28.4,29.2,28.8,29.1,29.3,28.1,28.7,28.7,28.5,29.3,28.4,28.7,29.5,85,87,84,85,89,82,84,86,82,84,84,86,85,86,88,87,88,85,85,87,88,80,86,89,86,86,86,90,87,87,84,84,91,82,87,85,81,89,88,86,0,0,0,0,0,0,0,0,0,0,0,0,0,0,0,0,0,0,0,0,0,0,0,0,0,0,0.5,0,0,0,0,0,0,0,0,0,0,0,0,0,3.7,5.5,4.6,7.6,1.3,4.1,3.6,6.6,5.9,4,4.9,2.2,7.3,3.4,3.4,5.2,8.5,2.3,6.1,2.6,1.8,2.8,6.9,2.2,2.2,8,7.7,3.3,3.8,5.6,5.4,0.4,3.7,6.6,1.5,2.3,4.6,4.8,1.1,4.8,,,,,,,,,,,,,,,,,,,,,,,,,,,,,,,,,,,,,,,,,28.7,28.9,28.2,28.5,28.5,28.5,28.7,28.5,28.3,28.5,29.1,28.6,28.9,29,28.3,28,29,29.3,28.4,28.5,29,28.8,29,29.3,28.4,28.9,28.5,28.5,29.1,28.1,28.7,79,80,82,81,83,79,82,81,86,84,77,80,79,78,83,84,79,77,85,86,78,81,79,77,80,78,83,84,78,87,79,0.4,0.6,0,0.1,0.1,0.1,0.1,0,0.1,0,0,0.1,0.1,0,0.1,0.2,0,0.1,0.1,0,0,0.1,0.6,0,0,0,0,0,0,0.1,0.2,26.2,21.8,17.5,27.2,30.4,15,22.1,15,17.2,17.3,18.9,17.3,20.7,20.8,18.4,25.6,17.7,22.5,22.8,21.3,18.5,24.4,23.6,14.2,19,15.7,20.8,19.1,25.3,22,20.4,36.7,33.1,26.3,38.5,43.9,21.2,33.5,22,27.4,27.4,27.7,24.1,33.1,32.8,29.2,38.9,22,31.7,35.3,34.6,24.8,36.7,35.6,19.8,28.1,19.4,33.8,29.2,39.2,33.8,31,,,,,,22.2204,114.2127
2026-08-12T06:00,28.7,29.3,29.6,29.3,28.9,29,29.6,29.6,29.5,29.4,29.7,29.5,29.3,28.6,29.1,28.9,28.8,28.5,29.1,29.3,28.5,30,28.8,28.6,28.9,29.7,29.7,28.7,29.3,28.9,29.2,29.5,28.2,28.9,28.9,28.7,29.4,28.6,28.8,29.6,85,87,83,84,88,82,83,86,83,84,84,85,84,85,86,87,87,85,84,84,89,78,85,88,85,85,86,89,85,87,83,82,90,83,85,84,82,89,87,85,0,0,0,0,0,0,0,0,0,0,0,0,0,0,0,0,0,0,0,0,0,0,0,0,0,0,0.5,0,0,0,0,0,0,0,0,0,0,0,0,0,3.2,5.8,4.8,7.1,1.3,3.8,3.6,7.3,6.7,3.9,5,1.8,6.8,3.4,3.3,5.2,8.4,1.9,6.2,2.3,1.5,2.8,6.9,2.2,1.8,7.6,7.7,3.3,3.8,6.1,5.5,0.4,3.9,6.9,1.6,2.3,4.8,5,1,5.8,,,,,,,,,,,,,,,,,,,,,,,,,,,,,,,,,,,,,,,,,28.8,28.9,28.2,28.5,28.4,28.5,28.9,28.6,28.4,28.6,29.2,28.7,28.8,29,28.3,28.1,29.1,29.3,28.5,28.6,29,28.7,29.1,29.4,28.5,29.1,28.7,28.5,29.1,28.2,28.8,78,80,82,81,83,79,81,81,86,83,76,81,80,78,83,83,78,77,85,85,78,81,79,76,80,77,82,84,77,86,78,0.8,0.3,0,0,0.2,0,0.1,0,0.2,0.1,0.1,0,0,0.2,0,0.2,0,0,0.3,0.3,0.2,0.3,0.1,0.1,0,0,0.2,0.3,0,0.2,0.2,26.8,21.9,17.1,26,29.6,16,20.4,15.9,16.1,17.2,18.4,18.4,20.7,21.7,17.7,23.9,16.9,22.4,22.8,20.4,18.5,24.8,23.3,11.1,19,16.1,21.3,19.6,26.8,20.8,19.8,37.1,32.8,25.9,36.7,42.8,22.7,30.2,24.1,25.2,26.6,26.3,25.6,32.4,33.8,28.4,36.7,20.5,31.7,33.8,32,24.8,37.4,34.6,14.8,28.1,19.8,33.8,29.5,41.8,32,29.9,,,,,,22.2204,114.2127
2026-08-12T07:00,28.8,29.5,30,29.5,29.1,29.4,29.9,29.8,29.7,29.7,29.9,29.8,29.5,28.8,29.4,29.3,29,28.8,29.4,29.9,28.6,30.4,29.1,28.9,29.1,29.9,29.8,29,29.6,29.2,29.5,29.9,28.5,29.3,29.3,29.1,29.7,29,28.9,29.8,85,87,81,83,87,81,82,85,84,83,84,83,83,84,84,87,85,85,83,81,90,76,83,86,84,83,85,87,83,85,81,80,89,83,83,83,82,88,86,83,0,0,0,0,0,0,0,0,0,0,0,0,0,0,0,0,0,0,0,0,0,0,0,0,0,0,0.5,0,0,0,0,0,0,0,0,0,0,0,0,0,3.2,6,5.2,6.6,1.6,3.4,3.9,8,7.6,3.6,5.6,1.8,6.7,3.6,3.6,5,8.2,2.1,6,2.3,1.5,2.6,7.1,2.5,1.8,7.1,8,3.3,3.6,6.9,5.8,0.4,3.9,7.5,1.8,2.4,4.8,5.4,0.8,6.5,,,,,,,,,,,,,,,,,,,,,,,,,,,,,,,,,,,,,,,,,29.1,28.9,28.3,28.6,28.4,28.6,29.2,28.7,28.6,28.8,29.4,28.7,28.9,29.1,28.5,28.3,29.3,29.3,28.6,28.8,29.1,28.6,29.2,29.7,28.6,29.3,29,28.6,29.2,28.4,29,77,80,81,80,82,80,79,81,85,81,74,81,80,78,82,82,77,77,84,83,77,81,78,74,80,75,79,83,76,84,77,0.8,0.3,0,0,0.2,0,0.1,0,0.2,0.1,0.1,0,0,0.2,0,0.2,0,0,0.3,0.3,0.2,0.3,0.1,0.1,0,0,0.2,0.3,0,0.2,0.2,26.6,22.2,16.6,24.9,28.1,17.1,17.8,16.9,15,17.1,17.7,19.7,20.2,22.2,17.7,21.6,16.3,22,22.7,19.4,18.3,24.7,22.9,8,19.5,16.9,22.1,20.7,28.2,18.9,19,37.1,32,25.9,34.9,41,23.8,24.8,25.9,22,25.6,24.8,27.7,31,34.6,27.4,33.1,19.8,31.7,32.8,28.8,25.2,37.1,32.8,10.8,28.4,22,32.8,29.9,43.9,29.2,28.1,,,,,,22.2204,114.2127
2026-08-12T08:00,29.2,29.9,30.4,29.8,29.5,29.9,30.4,30.3,30,30.3,30.2,30.3,29.8,29.2,29.9,29.8,29.3,29.1,29.7,30.5,28.9,30.9,29.5,29.2,29.5,30.2,30,29.5,29.9,29.5,29.9,30.4,29,29.7,29.8,29.5,30,29.4,29.2,30.1,84,85,79,81,85,80,81,83,83,81,83,80,82,83,81,85,83,84,81,78,89,74,81,84,82,81,84,85,81,84,79,77,87,82,80,81,81,86,84,81,0,0,0,0,0,0,0,0,0,0,0,0,0,0,0,0,0,0,0,0,0,0,0,0,0,0,0.5,0,0,0,0,0,0,0,0,0,0,0,0,0,3.7,6.4,5.5,6.6,2.2,3.7,4.2,8.3,8.4,3.6,6.4,1.8,6.6,3.9,3.8,5.5,8.5,2.4,6,2.6,1.8,3.1,7.7,3,2.2,7.1,8.5,3.6,4.1,7.7,6.1,0.5,4.3,8.3,2.3,2.9,5.4,5.5,1.3,7.2,,,,,,,,,,,,,,,,,,,,,,,,,,,,,,,,,,,,,,,,,29.3,29,28.5,28.8,28.5,28.7,29.5,28.9,28.8,29,29.6,28.9,28.9,29.2,28.7,28.6,29.5,29.4,28.7,29,29.3,28.7,29.4,29.9,28.9,29.5,29.3,28.8,29.3,28.6,29.2,76,80,80,79,81,79,77,80,83,80,73,81,80,77,81,80,76,77,83,81,76,80,77,73,79,74,77,82,75,82,76,0.8,0.3,0,0,0.2,0,0.1,0,0.2,0.1,0.1,0,0,0.2,0,0.2,0,0,0.3,0.3,0.2,0.3,0.1,0.1,0,0,0.2,0.3,0,0.2,0.2,26.3,22.2,16.8,24.3,26.8,17.8,15.9,17.8,14.8,17.6,17.2,20.7,20.2,22.7,17.6,19.8,16,21.6,22.7,19.1,18.7,24.4,22.4,7.3,19.7,18.2,22.1,21.2,29,17.9,18.5,36.4,31.7,25.6,33.5,39.6,24.5,20.9,27.4,20.2,24.8,23.8,29.5,29.9,34.2,27,30.2,19.4,31.3,31.7,26.6,25.2,36,31.7,10.4,28.4,24.5,31.3,30.2,44.6,27,26.6,,,,,,22.2204,114.2127
2026-08-12T09:00,29.8,30.5,31.1,30.3,30.2,30.6,31,31,30.6,31.2,30.7,31.1,30.3,29.9,30.6,30.6,29.9,29.7,30.4,31.3,29.5,31.7,30.1,29.8,30.1,30.8,30.3,30.3,30.6,30,30.6,31.2,29.8,30.3,30.7,30.3,30.7,30.2,29.6,30.6,82,82,76,78,82,77,78,79,81,76,81,76,80,80,77,81,80,82,78,74,86,71,78,81,80,78,82,81,78,81,75,73,83,79,76,78,78,82,82,78,0.1,0.1,0.5,0.1,0,0,0.1,0,0,0,0,0,0.2,0,0,0,0.1,0.3,0,0,0,0,0,0.1,0,0.1,0.5,0.1,0,0.1,0,0,0.1,0,0,0.1,0,0,0.1,0.2,4.7,6.9,5.6,7.1,3.2,4.8,4.9,8.7,9.6,3.7,7.9,2.4,7,4.7,4.6,6.2,8.9,3.1,6.5,3.4,2.9,4.1,8.5,3.9,3.1,7.2,9.5,4.1,4.8,8.7,6.8,1.5,4.5,9.3,3.1,3.9,6.4,5.8,1.8,7.5,,,,,,,,,,,,,,,,,,,,,,,,,,,,,,,,,,,,,,,,,29.4,29.2,29,29,28.7,29.1,29.9,29.1,29.2,29.2,29.9,29.2,29.1,29.4,29,29,29.8,29.5,28.9,29.2,29.6,28.9,29.6,29.9,29.2,29.7,29.6,29.1,29.4,29,29.6,76,80,78,79,80,77,75,79,81,79,72,79,79,76,80,78,75,76,82,80,75,79,76,74,77,73,75,81,75,79,75,0,0,0,0,0,0.1,0,0,0.1,0.1,0,0.4,0,0.1,0.1,0,0,0,0,0,0,0,0,0,0,0,0,0,0,0,0.1,25.8,21.8,17.4,24.2,26.2,17.5,15,18.6,16.1,18.4,17.3,21.5,20.7,22.8,18.4,19.5,15.5,21.6,22.1,19.6,19.5,23.2,22.5,11.7,20.1,19.3,21.6,20.9,28.5,18,18.7,35.3,31,25.6,33.1,38.2,23.8,18.7,27.7,20.9,25.2,23.4,30.2,29.9,32.8,27,28.4,18.7,31,31,27,25.2,34.6,31.3,15.5,27.7,27,29.5,29.5,43.2,26.6,26.3,,,,,,22.2204,114.2127
2026-08-12T10:00,30.7,31.5,31.9,31.1,31.1,31.6,31.9,32,31.4,32.5,31.3,32.2,31,30.9,31.7,31.8,30.9,30.6,31.4,32.4,30.3,32.7,31,30.7,30.9,31.6,30.9,31.4,31.6,30.7,31.6,32.4,31,31.2,31.9,31.3,31.7,31.3,30.2,31.4,78,76,71,75,76,73,74,74,77,69,78,70,76,77,71,76,75,78,73,68,82,66,74,76,76,73,79,76,73,78,70,68,77,75,70,74,73,76,79,74,0.1,0.1,0.5,0.1,0,0,0.1,0,0,0,0,0,0.2,0,0,0,0.1,0.3,0,0,0,0,0,0.1,0,0.1,0.5,0.1,0,0.1,0,0,0.1,0,0,0.1,0,0,0.1,0.2,6,7.9,6.2,8.2,5.1,6.6,5.9,9,11.2,4.2,10.2,3.6,7.6,5.8,5.9,7.2,9,4.4,6.9,4.8,4.3,5.9,10,5.2,4.7,7.9,10.5,5.4,6.4,10,7.4,3,5.2,10.6,4.6,5.4,8.2,6.1,3.2,7.8,,,,,,,,,,,,,,,,,,,,,,,,,,,,,,,,,,,,,,,,,29.5,29.5,29.6,29.2,29,29.6,30.4,29.4,29.6,29.5,30.3,29.6,29.3,29.6,29.4,29.4,30.3,29.8,29.1,29.4,30,29.3,29.9,29.9,29.7,29.9,29.8,29.4,29.6,29.5,29.9,77,79,75,78,79,75,73,78,78,78,71,76,79,75,78,76,73,76,81,79,74,78,75,76,75,73,74,79,75,76,74,0,0,0,0,0,0.1,0,0,0.1,0.1,0,0.4,0,0.1,0.1,0,0,0,0,0,0,0,0,0,0,0,0,0,0,0,0.1,25,21.4,18.6,24.4,25.4,16.6,15.1,19.4,18.4,19.1,17.7,22,21.3,22.5,19.7,19.7,15.5,21.6,21.4,20.7,20.4,21.6,22.9,18.8,20,20.5,20.9,20.4,27.2,19.4,19.6,34.2,29.9,25.6,33.1,36.7,22.3,18,27.7,23.4,25.9,23.8,30.2,30.6,30.6,27.7,27.4,18,30.2,30.2,28.4,25.6,32.4,31,23.8,26.6,29.5,27.4,28.1,40.3,27.4,26.3,,,,,,22.2204,114.2127
2026-08-12T11:00,31.8,32.5,32.9,31.9,32.3,32.7,32.9,33.2,32.3,34,32.1,33.4,31.7,31.9,32.9,33,31.9,31.6,32.6,33.7,31.2,33.8,32,31.7,31.9,32.6,31.5,32.5,32.6,31.5,32.8,33.7,32.4,32.1,33.2,32.5,32.7,32.5,30.8,32.2,73,70,66,71,71,69,69,68,73,61,74,63,72,72,66,70,71,74,68,62,76,62,69,72,72,68,76,70,68,74,64,62,70,71,64,70,68,70,76,70,0.1,0.1,0.5,0.1,0,0,0.1,0,0,0,0,0,0.2,0,0,0,0.1,0.3,0,0,0,0,0,0.1,0,0.1,0.5,0.1,0,0.1,0,0,0.1,0,0,0.1,0,0,0.1,0.2,7.7,8.7,6.6,9.9,6.9,8.8,6.9,9.3,13,5.1,12.8,5.4,8.7,7.4,6.9,8.4,9.7,5.8,7.7,6.4,6.5,7.9,11.7,6.6,6.7,8.9,12.2,6.1,7.6,11.5,8.4,4.5,5.9,12.3,6.7,7.4,9.9,7.1,4.6,8.1,,,,,,,,,,,,,,,,,,,,,,,,,,,,,,,,,,,,,,,,,29.6,29.7,30.1,29.4,29.3,30,30.7,29.7,29.9,29.7,30.5,29.9,29.5,29.8,29.7,29.8,30.6,29.9,29.2,29.6,30.3,29.6,30.1,29.9,30,30.1,30,29.7,29.8,29.8,30.2,77,79,73,78,78,73,72,77,76,78,71,74,78,74,77,75,72,75,80,78,73,77,74,77,73,73,73,78,75,74,73,0,0,0,0,0,0.1,0,0,0.1,0.1,0,0.4,0,0.1,0.1,0,0,0,0,0,0,0,0,0,0,0,0,0,0,0,0.1,23.9,21.4,20,24.7,25.1,16.6,16,19.9,20.2,19.9,19.2,22.3,21.5,22.8,20.9,20.3,15.9,21.8,20.6,21.3,21.1,20.9,23.7,24.7,20.3,21.8,20.5,20.1,26.4,20.1,20.7,32.8,29.2,26.3,33.5,35.6,21.6,18.4,27,25.2,26.6,24.5,30.2,30.6,29.5,28.4,27,18.4,29.5,29.5,29.2,25.9,30.2,31.7,30.2,26.3,31.7,26.3,27.4,38.2,27.4,26.6,,,,,,22.2204,114.2127
2026-08-12T12:00,32.8,33.5,33.7,32.6,33.3,33.7,33.8,34.3,33.1,35.4,32.7,34.6,32.5,32.9,34,34.1,32.8,32.5,33.6,34.8,32.1,34.8,32.9,32.5,32.7,33.5,32.1,33.6,33.7,32.3,33.8,34.9,33.6,33,34.4,33.5,33.7,33.6,31.5,33,69,65,62,68,65,65,64,62,68,54,70,57,68,68,60,63,66,70,63,56,71,57,65,67,69,63,72,64,64,70,58,56,64,66,58,66,62,64,72,67,0.1,0.1,0.5,0.1,0,0,0.1,0,0,0,0,0,0.2,0,0,0,0.1,0.3,0,0,0,0,0,0.1,0,0.1,0.5,0.1,0,0.1,0,0,0.1,0,0,0.1,0,0,0.1,0.2,9.3,9.5,7,11.4,9.2,11,8,9.8,14.8,6.1,15,6.9,9.4,8.9,8.1,9.7,9.9,7.6,8.1,7.9,8.3,9.7,12.9,7.9,8.2,9.7,13.4,7.4,9.2,12.5,9.2,6.2,6.4,13.6,8.6,9.4,12,7.6,6.3,8.1,,,,,,,,,,,,,,,,,,,,,,,,,,,,,,,,,,,,,,,,,29.6,29.8,30.2,29.5,29.4,30.1,30.8,29.8,30,29.8,30.5,30,29.6,29.8,29.8,29.9,30.7,30,29.4,29.7,30.4,29.7,30.2,29.9,30.1,30.2,30.1,29.8,29.9,30,30.2,77,79,73,78,78,72,72,77,76,78,72,73,78,75,77,75,72,75,79,77,73,77,74,77,72,73,73,78,75,73,74,0,0,0,0,0,0,0,0,0,0,0,0,0,0,0,0,0,0,0,0,0,0,0,0,0,0,0,0,0,0,0,22.8,21.9,21.9,25,24.6,17.6,18.1,19.4,20.9,20.6,21,22.5,21.7,23.8,22.1,21.1,18,21.7,20.4,20.7,22.1,20.6,25,26.2,21.2,23.7,21.3,20.6,26.7,20.6,22.3,31.3,29.2,27.7,33.8,34.6,22,20.9,25.2,26.6,26.6,25.9,29.9,29.5,29.9,29.5,27.4,20.5,28.8,28.4,28.4,26.6,28.4,33.1,32.4,27,33.1,27,27.4,37.4,26.6,27.7,,,,,,22.2204,114.2127
2026-08-12T13:00,33.5,34.2,34.3,33.1,34.1,34.3,34.4,35.1,33.7,36.4,33.2,35.4,33,33.7,34.8,34.9,33.6,33.2,34.4,35.6,32.7,35.6,33.5,33.2,33.4,34.2,32.6,34.4,34.4,32.8,34.6,35.8,34.6,33.6,35.3,34.3,34.5,34.5,31.9,33.6,65,61,59,65,61,62,61,58,65,48,68,53,65,65,56,59,63,67,59,52,67,54,61,64,66,59,70,60,60,67,54,52,59,63,54,62,58,59,70,64,0.1,0.1,0.5,0.1,0,0,0.1,0,0,0,0,0,0.2,0,0,0,0.1,0.3,0,0,0,0,0,0.1,0,0.1,0.5,0.1,0,0.1,0,0,0.1,0,0,0.1,0,0,0.1,0.2,10.6,10.4,7.7,12.7,10.7,12.7,8.8,9.8,16.1,6.5,17,8.2,9.8,9.7,9.2,10.9,10.3,8.7,8.9,8.7,9.8,11.2,14.1,8.9,9.7,10.7,14.6,8.2,10.2,13.2,10,7.3,6.9,14.9,10,10.7,13.2,8.4,7.3,8.1,,,,,,,,,,,,,,,,,,,,,,,,,,,,,,,,,,,,,,,,,29.6,29.8,30.2,29.5,29.5,30.2,30.7,29.8,30,29.8,30.3,30,29.7,29.7,29.7,30,30.8,30.1,29.6,29.7,30.3,29.6,30.3,30,30.1,30.2,30.1,29.8,29.9,30.2,30.1,77,79,73,78,78,71,73,77,76,78,73,73,78,76,77,75,72,75,79,77,73,77,74,76,73,73,74,78,75,73,75,0,0,0,0,0,0,0,0,0,0,0,0,0,0,0,0,0,0,0,0,0,0,0,0,0,0,0,0,0,0,0,21.7,22.7,23.8,25.5,24.3,19.4,21.5,18.2,20.9,20.6,22.7,22.7,21.4,24.5,23.2,22.5,20.7,21.7,20.4,19.7,23,20.4,26.5,25.5,21.9,25.5,22.8,21.9,27.2,20.7,23.6,30.2,29.5,29.9,34.6,33.5,23,24.5,23,27.4,26.3,27.7,29.5,27.7,31.3,31,28.8,23.8,28.1,27.7,27,28.1,26.6,35.3,32.4,28.1,34.2,28.8,27.7,37.4,25.6,29.5,,,,,,22.2204,114.2127
2026-08-12T14:00,33.8,34.4,34.5,33.3,34.4,34.6,34.7,35.5,33.9,36.8,33.3,35.7,33.2,33.9,35.1,35.2,33.8,33.5,34.7,35.9,33,35.8,33.8,33.4,33.7,34.5,32.8,34.8,34.7,33,34.9,36.2,35,33.8,35.7,34.7,34.8,34.8,32.1,33.8,64,59,58,64,59,61,60,56,64,46,67,51,64,64,55,57,62,66,58,51,65,53,60,63,65,58,69,58,59,66,53,51,57,62,52,61,56,58,69,63,0.1,0.1,0.5,0.1,0,0,0.1,0,0,0,0,0,0.2,0,0,0,0.1,0.3,0,0,0,0,0,0.1,0,0.1,0.5,0.1,0,0.1,0,0,0.1,0,0,0.1,0,0,0.1,0.2,11.4,10.5,7.9,13.4,11.4,13.8,9.2,9.6,16.7,6.8,18.1,9,9.8,10.3,9.7,11.5,10.2,9.4,9.2,9.1,10.5,12,14.6,9.2,10.5,11.2,15.1,8.7,10.7,13.5,10.4,8,7.1,15.4,10.5,11.2,13.5,8.9,8,7.9,,,,,,,,,,,,,,,,,,,,,,,,,,,,,,,,,,,,,,,,,29.6,29.7,30.1,29.5,29.5,30.2,30.5,29.8,30,29.8,30.1,29.9,29.7,29.6,29.7,30,30.8,30.1,29.7,29.7,30.2,29.6,30.3,30,30,30.2,30,29.8,29.9,30.2,29.9,77,79,74,78,78,71,74,78,77,78,75,74,78,77,78,75,72,75,79,77,73,78,74,76,73,73,75,78,76,73,76,0,0,0,0,0,0,0,0,0,0,0,0,0,0,0,0,0,0,0,0,0,0,0,0,0,0,0,0,0,0,0,20.9,22.9,25.5,25.7,24.1,20.9,24,17.1,20.9,20.9,24.2,23.2,21.1,25,23.7,23.4,22.9,21.9,20.6,19.2,24.2,20.5,27.8,24.9,22.7,26.9,24.4,22.5,27.7,20.9,24.6,28.8,29.5,31.7,34.9,32.8,24.1,27.7,21.2,27.7,25.9,29.2,29.5,26.6,32,31.7,29.5,26.3,27.7,27.4,25.9,29.2,25.6,37.1,31.7,28.8,34.6,30.2,28.4,37.1,24.8,30.6,,,,,,22.2204,114.2127
2026-08-12T15:00,33.5,34.1,34.2,33,34.1,34.2,34.4,35.3,33.6,36.5,33.1,35.4,33.1,33.6,34.8,34.8,33.5,33.2,34.4,35.6,32.8,35.5,33.5,33.1,33.4,34.2,32.7,34.5,34.5,32.8,34.6,35.9,34.8,33.4,35.5,34.4,34.5,34.4,32,33.5,65,61,60,65,60,62,62,57,65,48,68,53,65,65,57,58,64,67,60,53,66,54,61,65,66,59,70,59,60,67,55,53,59,64,54,62,57,60,69,64,0,0,0,0,0,0,0.1,0,0,0,0,0.1,0.1,0,0.1,0,0.1,0.1,0,0.1,0.1,0,0,0.1,0,0.1,0,0.1,0.1,0,0.1,1.1,0.1,0,0,0,0,0.1,0.1,0.2,11.5,10.1,8,13.2,11.4,13.8,8.9,9,16.3,6.6,18.5,9.1,9.3,10.2,9.5,11.5,9.9,9.4,9.1,8.6,10.5,11.5,14.3,9,10.3,11.2,15.3,8.8,10.5,12.7,10.2,8,7.1,15.2,10.1,11,13,9,8,7.8,,,,,,,,,,,,,,,,,,,,,,,,,,,,,,,,,,,,,,,,,29.5,29.6,29.9,29.3,29.4,30,30.3,29.8,29.9,29.7,29.8,29.8,29.6,29.4,29.6,29.9,30.8,30,29.6,29.7,30.1,29.5,30.2,30,29.9,30.1,29.9,29.7,29.8,30.2,29.8,77,80,76,79,78,72,76,78,77,78,76,75,78,78,78,75,72,76,80,77,74,79,75,76,74,74,75,79,77,74,77,0,0,0,0,0,0,0,0,0,0,0,0,0,0,0,0,0,0,0,0,0,0,0,0,0,0,0,0,0,0,0,20.4,22.7,26.2,26,23.4,21.7,24.6,16.4,20.2,20.7,24.7,24,21,24.5,23.4,23.1,22.9,22.1,21.7,19.5,25,20.6,28.8,24,22.9,27,25.7,22.8,27.6,21.1,24,27.4,29.5,33.1,35.6,32,25.6,29.5,20.2,26.6,25.6,30.2,30.6,26.3,31.3,31.7,29.5,27,28.1,28.8,25.9,30.6,26.3,38.5,30.2,28.8,33.8,31.3,29.2,36,25.6,30.6,,,,,,22.2204,114.2127
2026-08-12T16:00,32.7,33.2,33.6,32.4,33.4,33.3,33.7,34.6,32.9,35.6,32.5,34.6,32.6,32.8,33.9,33.9,32.8,32.6,33.6,34.9,32.2,34.7,32.8,32.4,32.8,33.6,32.3,33.7,33.8,32.2,33.9,35.1,34,32.6,34.7,33.8,33.8,33.6,31.6,33,68,65,65,67,63,65,65,61,68,54,72,57,68,68,62,62,68,70,64,57,68,57,64,69,69,63,72,63,64,70,60,57,64,68,58,64,60,65,71,67,0,0,0,0,0,0,0.1,0,0,0,0,0.1,0.1,0,0.1,0,0.1,0.1,0,0.1,0.1,0,0,0.1,0,0.1,0,0.1,0.1,0,0.1,1.1,0.1,0,0,0,0,0.1,0.1,0.2,10.8,9.8,7.9,12.3,10.7,13.2,8.6,8.1,15.1,6.2,17.7,9,8.4,9.6,8.9,11.3,10,9.4,9,7.4,9.7,10.5,13.5,8.2,9.7,10.9,14.8,8.6,9.8,11.8,9.7,7.3,6.7,14.6,8.9,9.8,11.5,8.8,7.7,7.4,,,,,,,,,,,,,,,,,,,,,,,,,,,,,,,,,,,,,,,,,29.3,29.5,29.6,29.1,29.3,29.8,29.9,29.7,29.8,29.5,29.6,29.6,29.6,29.2,29.6,29.7,30.7,29.8,29.4,29.6,29.8,29.3,30,29.9,29.7,29.9,29.8,29.5,29.6,30,29.7,78,82,78,80,79,73,78,79,77,79,78,76,79,79,79,76,72,77,82,76,75,80,76,75,75,75,75,80,78,75,78,0,0,0,0,0,0,0,0,0,0,0,0,0,0,0,0,0,0,0,0,0,0,0,0,0,0,0,0,0,0,0,19.9,22.4,26.2,26,23,22.2,24.5,15.8,19.4,19.7,25.1,25,21.1,23.6,22.4,21.9,22.4,22.4,22.7,20,25.7,21.1,29.3,22.9,23.2,26.5,26,22.3,27,22,22.9,26.3,29.2,34.2,36,31,27.4,30.6,19.8,24.8,24.8,31.3,32,26.3,30.2,31,29.2,26.6,28.8,30.6,26.3,31.7,27.7,39.2,28.1,28.4,32.8,32,30.2,34.6,26.6,29.9,,,,,,22.2204,114.2127
2026-08-12T17:00,31.7,32.1,32.6,31.6,32.5,32.1,32.8,33.7,31.9,34.4,31.7,33.5,32,31.7,32.8,32.6,31.9,31.7,32.6,33.8,31.4,33.6,31.9,31.5,32,32.7,31.9,32.7,32.9,31.5,32.8,34,32.9,31.5,33.6,32.8,32.7,32.4,31.1,32.2,71,70,71,71,67,70,70,66,73,62,76,63,72,73,69,67,73,74,70,63,72,62,68,74,73,67,74,69,68,73,66,63,71,73,64,67,64,72,73,72,0,0,0,0,0,0,0.1,0,0,0,0,0.1,0.1,0,0.1,0,0.1,0.1,0,0.1,0.1,0,0,0.1,0,0.1,0,0.1,0.1,0,0.1,1.1,0.1,0,0,0,0,0.1,0.1,0.2,9.9,9.1,8.1,11.2,10,12.4,7.9,7.4,13.7,5.9,16.9,8.6,7.3,8.7,8.2,11.2,9.6,8.6,8.6,5.9,9,9.1,12,7.1,8.2,10.5,14.1,8.2,8.7,10.6,9,6.3,6.8,13.7,7.4,8.4,9.7,8.7,6.6,7.1,,,,,,,,,,,,,,,,,,,,,,,,,,,,,,,,,,,,,,,,,29.2,29.3,29.3,28.9,29.1,29.6,29.6,29.6,29.7,29.3,29.3,29.4,29.4,29,29.5,29.5,30.6,29.6,29.1,29.4,29.6,29.2,29.7,29.8,29.5,29.7,29.6,29.4,29.4,29.8,29.5,79,83,80,81,80,75,80,80,78,80,79,78,80,81,79,77,73,79,83,77,77,81,78,76,76,77,75,81,79,77,79,0,0,0,0,0,0,0,0,0,0,0,0,0,0,0,0,0,0,0,0,0,0,0,0,0,0,0,0,0,0,0,19.6,22.1,25.7,26,22.2,21.9,24.2,15.6,18.8,18.9,24.9,25.2,21,22.5,21.7,21.1,21.7,22.4,23.4,20.6,25.7,21,29.3,21.9,22.9,25.7,26,22,26.7,22.1,21.9,25.6,29.2,34.6,36.4,30.2,28.1,31.7,19.8,23.4,24.1,32,33.1,26.3,29.5,29.9,28.8,26.6,29.5,32,27,32.4,28.8,39.6,26.6,28.4,32,32.4,30.6,33.8,27.7,29.2,,,,,,22.2204,114.2127
2026-08-12T18:00,30.7,30.9,31.7,30.7,31.4,30.9,31.7,32.6,30.9,33,30.8,32.3,31.4,30.6,31.7,31.3,30.9,30.8,31.4,32.6,30.6,32.4,30.9,30.4,31.1,31.7,31.3,31.6,31.9,30.7,31.7,32.8,31.8,30.4,32.4,31.8,31.7,31.2,30.5,31.3,75,76,77,75,72,74,75,72,77,70,80,69,76,77,76,73,79,78,76,69,76,66,72,79,77,72,77,74,73,77,73,69,78,79,70,70,69,80,76,76,0,0,0,0,0,0,0.1,0,0,0,0,0.1,0.1,0,0.1,0,0.1,0.1,0,0.1,0.1,0,0,0.1,0,0.1,0,0.1,0.1,0,0.1,1.1,0.1,0,0,0,0,0.1,0.1,0.2,9.2,8.6,8.1,9.6,8.5,11.1,6.9,7.2,11.9,6.2,15.7,7.9,6.9,7.7,7.5,10.6,9.3,7.9,8.6,5,8,7.9,11.2,6.2,7.4,9.7,13.6,7.6,8.1,9.6,8,4.9,6.7,12.7,6.2,7,7.9,8.3,5.9,7.4,,,,,,,,,,,,,,,,,,,,,,,,,,,,,,,,,,,,,,,,,28.9,29.1,29,28.7,28.9,29.3,29.3,29.3,29.5,29.1,29,29.1,29.2,28.7,29.3,29.2,30.3,29.3,28.9,29.2,29.3,29,29.3,29.4,29.2,29.3,29.3,29.2,29.1,29.5,29.2,81,84,82,82,81,77,82,82,79,81,81,80,82,83,79,79,74,81,84,79,79,82,80,79,79,79,77,82,80,79,81,0,0.2,0,0,0,0,0,0,0,0,0,0,0,0,0,0,0,0,0,0,0,0,0,0,0,0.1,0,0,0.9,0,0,19.6,22.4,24.7,25.3,21.1,21.1,24.2,15.7,18.8,18.1,24.3,24.4,20.8,21.6,20.4,20.4,21.8,21.7,22.7,20.6,24.7,20.8,28.5,21.8,22.1,24.8,24.7,21.5,27,21.5,21.1,25.9,29.9,34.2,35.6,29.2,27.7,33.1,20.2,23.4,23,32.4,33.5,26.6,29.5,28.1,28.8,27.7,29.2,32,28.1,32,28.4,38.9,27.4,28.4,32,32,30.2,34.6,28.4,28.4,,,,,,22.2204,114.2127
2026-08-12T19:00,29.7,29.8,30.8,29.9,30.5,29.8,30.8,31.7,30,31.8,30.1,31.2,30.7,29.6,30.6,30.1,29.9,29.9,30.4,31.5,29.8,31.3,30,29.5,30.3,30.9,30.8,30.5,30.9,29.9,30.6,31.7,30.7,29.4,31.3,30.8,30.7,30.1,29.9,30.6,79,81,82,78,77,79,80,77,81,77,84,75,79,81,82,78,84,82,81,75,80,71,76,84,80,77,80,79,78,81,79,75,84,84,76,74,74,86,78,80,0,0,0,0,0,0,0.1,0,0,0,0,0.1,0.1,0,0.1,0,0.1,0.1,0,0.1,0.1,0,0,0.1,0,0.1,0,0.1,0.1,0,0.1,1.1,0.1,0,0,0,0,0.1,0.1,0.2,8.7,8,8.4,8.3,7.4,9.8,6.1,7.2,10.5,6.6,14.6,7.7,6.6,6.9,7.3,10.3,9.4,7.2,8.4,4.7,6.9,6.7,10.1,5.4,6.5,9,13.2,7.3,7.3,8.8,7.1,3.9,6.9,12,5.4,5.9,6.3,8,4.9,7.6,,,,,,,,,,,,,,,,,,,,,,,,,,,,,,,,,,,,,,,,,28.7,28.8,28.7,28.4,28.6,29,28.9,29,29.3,28.9,28.7,28.8,28.8,28.5,29.2,28.8,29.8,28.9,28.7,29,28.9,28.8,28.9,28.9,28.8,28.9,28.8,29,28.8,29.1,28.9,83,85,83,82,82,80,84,84,81,83,83,82,84,86,80,80,76,83,84,82,81,83,83,82,82,82,79,82,82,82,83,0,0.2,0,0,0,0,0,0,0,0,0,0,0,0,0,0,0,0,0,0,0,0,0,0,0,0.1,0,0,0.9,0,0,19.4,22.7,23,24,20.1,19.6,24.3,16.3,18.7,17.3,23.5,22.7,20,21.5,19.6,20.2,21.8,20.9,21.7,20.3,23.2,20.3,27.2,22.1,21.1,23.8,22.7,20.7,27.3,20.9,20.4,26.6,31,33.1,34.9,28.1,26.6,34.6,21.2,23.8,22,32,33.1,27.4,30.2,25.9,28.8,28.8,28.4,31.3,29.2,31,27.4,37.4,28.8,28.8,32.8,31.3,29.9,36,28.8,28.1,,,,,,22.2204,114.2127
2026-08-12T20:00,29,29.1,30.1,29.3,29.8,29,30.1,31,29.4,30.9,29.5,30.4,30.2,28.9,29.8,29.2,29.3,29.3,29.7,30.7,29.2,30.5,29.3,28.9,29.7,30.2,30.5,29.8,30.2,29.4,29.9,30.9,29.9,28.7,30.4,30.1,29.9,29.3,29.5,30,82,85,86,81,80,82,83,80,84,82,87,79,82,84,86,82,87,85,85,79,83,74,79,87,83,80,82,83,81,83,83,79,88,87,80,76,77,90,80,83,0,0,0,0,0,0,0.1,0,0,0,0,0.1,0.1,0,0.1,0,0.1,0.1,0,0.1,0.1,0,0,0.1,0,0.1,0,0.1,0.1,0,0.1,1.1,0.1,0,0,0,0,0.1,0.1,0.2,8.3,8,8.3,7.2,6.6,9.5,5.8,7.3,9.6,7.2,13.8,7.3,6.6,6.5,6.8,10.2,9.2,6.5,8,4.7,6.3,6.2,9.5,5.2,6.1,8.6,12.9,7,6.9,8.3,6.6,3.1,6.8,11,5.4,5.1,5.4,7.6,4.2,7.7,,,,,,,,,,,,,,,,,,,,,,,,,,,,,,,,,,,,,,,,,28.5,28.6,28.5,28.3,28.4,28.8,28.7,28.7,29.1,28.7,28.5,28.5,28.6,28.3,29,28.5,29.5,28.7,28.6,28.7,28.7,28.7,28.6,28.5,28.5,28.7,28.5,28.9,28.7,28.8,28.6,85,86,84,83,83,82,85,86,82,84,84,84,86,88,81,82,78,85,85,84,83,84,85,85,84,84,81,83,83,84,85,0,0.2,0,0,0,0,0,0,0,0,0,0,0,0,0,0,0,0,0,0,0,0,0,0,0,0.1,0,0,0.9,0,0,19.4,22.7,21.9,22.9,19.1,18.7,24.1,16.2,18.7,16.8,22.9,22.4,19.7,21.7,18.9,20.2,21.8,20.6,20.4,20.5,21.9,19.5,26.3,22.5,20.6,23.1,21.2,20.1,27.8,20.9,20.1,27.7,31.7,32.4,33.8,27.4,25.6,35.3,21.6,24.1,21.2,32,33.8,27.7,31,24.8,29.9,29.9,28.8,30.6,30.6,30.6,26.3,36.4,30.2,29.5,33.5,31,29.5,37.4,29.5,28.1,,,,,,22.2204,114.2127
2026-08-12T21:00,28.6,28.7,29.7,28.9,29.4,28.6,29.7,30.5,29,30.3,29.2,29.9,29.9,28.6,29.4,28.8,28.9,29,29.3,30.2,28.9,30.1,29,28.5,29.3,29.8,30.2,29.3,29.7,29,29.4,30.4,29.4,28.3,29.8,29.6,29.4,28.8,29.2,29.7,84,87,88,83,82,84,85,82,86,85,89,82,84,85,88,84,89,87,87,82,85,77,81,88,84,82,83,85,83,85,85,82,90,89,83,78,79,92,82,85,0,0,0,0,0,0,0,0,0,0,0,0,0,0,0,0,0,0,0,0,0,0,0,0,0,0,0,0,0,0,0,0,0,0,0,0,0,0,0,0,8,8,8.3,6.5,5.9,9.7,5.4,7.3,9.2,7.2,13.3,7,6.2,6.2,6.5,10.2,8.9,5.8,7.6,4.7,5.9,5.8,9.2,4.8,5.8,7.9,12.6,6.8,6.2,7.9,6.3,2.6,6.5,10.2,5.2,4.7,4.7,7.2,3.4,7.4,,,,,,,,,,,,,,,,,,,,,,,,,,,,,,,,,,,,,,,,,28.4,28.5,28.4,28.2,28.3,28.6,28.5,28.5,28.9,28.5,28.3,28.5,28.5,28.2,28.8,28.4,29.3,28.5,28.5,28.6,28.5,28.5,28.5,28.4,28.3,28.6,28.5,28.7,28.7,28.7,28.4,86,86,85,84,84,83,86,88,83,84,85,85,87,89,83,83,79,86,86,85,84,85,86,86,85,84,82,84,83,85,86,0,0.4,0,0,0,0,0,0,0,0,0,0,0,0.2,0,0,0.1,0.1,0,0,0,0,0,0,0,0.7,0,0,1.4,0.1,0,19.4,21.7,21.9,21.9,18.9,18,22.9,16,18.4,16.4,22.4,24.2,19.2,22.1,18.9,21.6,21.6,21.9,20.3,21.4,21.9,18.7,25.7,22.6,21.4,23.1,21,20.4,28.8,21.6,20.6,28.4,31.3,32.4,33.1,27.4,24.5,34.2,21.2,24.1,21.2,31.7,36.4,27.4,31.7,25.6,32.8,30.2,31.3,30.6,32.4,31.3,24.8,36.4,31.7,31,34.2,32,30.2,38.9,31,29.5,,,,,,22.2204,114.2127
2026-08-12T22:00,28.4,28.4,29.5,28.7,29.2,28.3,29.3,30,28.8,29.8,29,29.6,29.5,28.4,29.1,28.5,28.7,28.8,29,29.8,28.6,29.8,28.8,28.3,29.1,29.5,30,28.9,29.3,28.8,29.1,30.1,29.1,28.1,29.4,29.1,29,28.5,28.9,29.4,85,89,89,85,84,86,86,83,87,86,90,84,85,86,88,86,90,88,88,84,86,79,83,89,85,84,85,87,85,86,86,84,90,90,85,79,82,92,83,86,0,0,0,0,0,0,0,0,0,0,0,0,0,0,0,0,0,0,0,0,0,0,0,0,0,0,0,0,0,0,0,0,0,0,0,0,0,0,0,0,8,8.1,8,5.7,5.5,9.8,4.7,7.6,9,7,13,7.1,5.6,6.4,5.9,10,8.9,5,7.1,4.3,5.2,5.4,8.9,4.4,5.4,7.1,12.1,6.6,5.4,7.6,5.6,2.2,6.2,9.1,4.8,4.4,4,6.8,2.7,7.3,,,,,,,,,,,,,,,,,,,,,,,,,,,,,,,,,,,,,,,,,28.3,28.5,28.4,28.2,28.3,28.6,28.4,28.3,28.8,28.4,28.2,28.5,28.4,28.2,28.6,28.3,29.1,28.5,28.4,28.5,28.4,28.4,28.5,28.4,28.3,28.6,28.5,28.6,28.8,28.6,28.3,87,86,85,86,86,83,87,89,84,85,86,85,87,88,85,83,80,86,87,85,85,85,86,86,86,83,82,84,81,86,87,0,0.4,0,0,0,0,0,0,0,0,0,0,0,0.2,0,0,0.1,0.1,0,0,0,0,0,0,0,0.7,0,0,1.4,0.1,0,19.6,20.9,21.9,21.6,19,17.7,21.6,15.2,18,16.6,21.9,27.2,18.4,23,19.4,23.6,21.4,23.7,20.6,22.9,21.9,17.8,25.5,22.8,22.2,23.8,21.5,20.6,29.8,22.7,21.4,29.2,30.6,32.4,32,28.1,23.8,32.4,20.9,23.8,21.2,31.3,39.2,26.6,32.8,27,36.4,30.2,34.9,30.6,34.6,32.4,23.8,36.4,33.1,32.8,34.9,33.5,31,40.7,32.8,31.7,,,,,,22.2204,114.2127
2026-08-12T23:00,28.3,28.3,29.3,28.5,29,28.2,29.1,29.7,28.7,29.4,28.9,29.3,29.2,28.4,28.9,28.4,28.5,28.7,28.9,29.4,28.4,29.6,28.7,28.1,28.9,29.3,29.9,28.7,29,28.6,28.8,29.9,28.8,28,28.9,28.8,28.7,28.3,28.7,29.2,86,89,89,87,86,88,86,84,88,87,91,85,86,86,88,87,90,88,88,86,87,81,84,89,86,85,85,87,87,86,87,86,90,90,86,81,84,91,85,87,0,0,0,0,0,0,0,0,0,0,0,0,0,0,0,0,0,0,0,0,0,0,0,0,0,0,0,0,0,0,0,0,0,0,0,0,0,0,0,0,8.1,8.8,8.2,5.2,5.2,10.2,4.3,7.9,9.3,6.8,12.5,7,5.2,6.6,5.5,10,8.6,4.3,6.3,4,4.7,5.2,8.9,4,5.2,6.6,11.9,6.7,4.9,6.9,5.2,2.2,5.9,8.1,4.4,4.6,3.6,6.6,1.9,6.9,,,,,,,,,,,,,,,,,,,,,,,,,,,,,,,,,,,,,,,,,28.3,28.5,28.3,28.2,28.3,28.5,28.3,28.2,28.6,28.3,28.2,28.5,28.4,28.2,28.4,28.3,29,28.4,28.3,28.3,28.4,28.3,28.5,28.5,28.2,28.7,28.5,28.5,28.9,28.6,28.2,87,86,85,87,87,83,88,90,85,85,86,85,88,88,86,84,80,86,88,86,85,86,86,86,86,82,82,85,81,86,88,0,0.4,0,0,0,0,0,0,0,0,0,0,0,0.2,0,0,0.1,0.1,0,0,0,0,0,0,0,0.7,0,0,1.4,0.1,0,19.9,19.9,22.2,21.8,19.8,17.5,20.1,15.4,17.7,16.2,21.7,29.4,18.1,24.2,20.1,25,21.7,25.3,20.5,23.7,22.2,17.2,25.2,22.6,23,24.7,22.1,20.9,30.3,23.9,21.9,30.2,29.9,32.4,32,29.2,23.4,31,20.9,23.8,21.6,31.3,41.8,26.3,34.2,29.5,38.5,30.6,37.4,30.6,36,33.1,23.4,37.1,33.8,33.8,36.4,34.6,32,41.4,34.6,33.1,,,,,,22.2204,114.2127
2026-08-13T00:00,28.2,28.3,29.2,28.4,28.9,28.2,28.9,29.4,28.7,29.1,28.9,29.2,29,28.4,28.8,28.3,28.4,28.6,28.8,29.2,28.3,29.5,28.6,28.1,28.8,29.2,29.7,28.5,28.7,28.5,28.7,29.7,28.6,28,28.6,28.5,28.5,28.1,28.5,29.1,87,90,89,88,87,89,86,85,89,87,91,86,87,86,87,87,90,88,88,87,88,83,86,88,86,85,86,88,88,87,86,88,89,90,87,82,85,90,86,87,0,0,0,0,0,0,0,0,0,0,0,0,0,0,0,0,0,0,0,0,0,0,0,0,0,0,0,0,0,0,0,0,0,0,0,0,0,0,0,0,8.2,9.2,8.2,4.5,4.8,10.7,3.6,8.2,9.4,6.3,12.2,7.1,4.6,6.9,5.5,9.8,8.7,3.7,6.2,3.7,4.3,4.8,8.7,3.6,5,5.9,11.8,6.9,4.3,6.7,4.7,1.9,5.5,7.1,4,4.3,2.9,6.3,1.1,6.7,,,,,,,,,,,,,,,,,,,,,,,,,,,,,,,,,,,,,,,,,28.2,28.4,28.3,28.1,28.2,28.3,28.2,28.2,28.5,28.2,28.1,28.4,28.3,28.2,28.3,28.1,28.9,28.4,28.1,28.2,28.3,28.2,28.5,28.4,28.2,28.8,28.5,28.4,28.7,28.5,28.1,87,86,85,87,88,84,89,90,86,86,86,85,89,88,87,85,80,87,89,87,85,87,86,86,86,81,82,86,82,86,88,0,0.2,0,0,0.2,0,0,0.2,0,0,0,0,0,0.8,0,0,0.2,0.2,0,0,0,0,0.2,0.2,0,0.5,0,0,0.4,1,0,20.9,19.6,21.6,22.7,20.8,17.6,19.1,15.9,17.6,15.7,21.9,30,18.2,25.7,21.7,24.8,22.7,26,20.2,23.9,22.2,17.9,25,22.2,22.4,26.8,22.4,20.6,29.3,25.2,21.7,32,29.9,32,33.5,31,24.5,30.2,21.6,24.8,21.6,32.4,42.8,27,36,33.1,38.5,32,38.5,30.2,36,33.1,25.2,38.2,33.8,33.8,38.9,35.3,33.1,40.7,36.4,32.8,,,,,,22.2204,114.2127
2026-08-13T01:00,28.2,28.3,29.1,28.3,28.9,28.2,28.8,29.2,28.7,28.9,28.9,29.1,28.8,28.5,28.8,28.3,28.4,28.6,28.8,29,28.2,29.5,28.6,28.1,28.7,29.1,29.6,28.3,28.5,28.4,28.6,29.7,28.5,28.1,28.4,28.3,28.4,28.1,28.4,29,88,90,88,89,87,90,86,85,89,87,91,87,88,85,87,88,89,88,87,88,89,84,86,88,86,86,87,88,89,87,86,89,88,90,88,82,86,89,88,87,0,0,0,0,0,0,0,0,0,0,0,0,0,0,0,0,0,0,0,0,0,0,0,0,0,0,0,0,0,0,0,0,0,0,0,0,0,0,0,0,8.8,9.5,8.2,4.1,4.5,11.1,3,8.4,9.8,6.1,11.8,7.2,4.5,7.5,5.6,9.7,8.7,3.3,6.1,3.5,4,4.9,8.9,3.4,5.1,5.6,11.5,7.2,4.1,6.4,4.6,2.1,5.5,6.3,3.7,4.7,2.5,6.5,0.4,6.4,,,,,,,,,,,,,,,,,,,,,,,,,,,,,,,,,,,,,,,,,28.1,28.4,28.2,28.1,28.2,28.2,28.2,28.2,28.3,28.1,28.1,28.2,28.2,28.1,28.3,28,28.8,28.3,27.9,28,28.2,28.1,28.5,28.3,28.1,29,28.4,28.3,28.4,28.4,28.1,88,86,86,87,88,85,89,89,86,87,87,86,90,87,87,86,80,88,90,88,86,89,85,87,87,79,83,87,84,85,88,0,0.2,0,0,0.2,0,0,0.2,0,0,0,0,0,0.8,0,0,0.2,0.2,0,0,0,0,0.2,0.2,0,0.5,0,0,0.4,1,0,21.7,19.9,21.1,24.1,21.9,17.9,18.3,16.4,17.3,15.3,22.4,29.5,18.6,27.5,23.8,23.6,24.1,26,20,23.4,22.3,19.1,25.2,21.7,21.4,29.7,22.6,20.2,27.7,26.5,20.7,34.2,30.6,32,35.3,33.1,26.3,29.9,22.7,25.9,21.6,33.5,43.6,28.4,38.2,37.1,37.4,33.8,38.5,29.9,35.3,33.1,28.1,39.6,33.1,33.5,42.1,35.6,34.2,39.2,38.2,32,,,,,,22.2204,114.2127
2026-08-13T02:00,28.2,28.4,29.1,28.3,28.8,28.2,28.7,29.1,28.7,28.8,28.9,29,28.7,28.5,28.7,28.4,28.4,28.6,28.8,28.9,28.1,29.4,28.6,28.1,28.7,29,29.6,28.3,28.4,28.4,28.5,29.6,28.4,28.1,28.3,28.1,28.3,28.1,28.3,29,88,90,88,89,88,91,86,85,89,87,91,87,88,85,86,88,89,88,87,89,89,85,87,87,86,86,87,88,89,87,86,89,87,90,88,83,87,88,88,87,0,0,0,0,0,0,0,0,0,0,0,0,0,0,0,0,0,0,0,0,0,0,0,0,0,0,0,0,0,0,0,0,0,0,0,0,0,0,0,0,8.9,9.9,8.3,3.8,3.7,11.3,2.7,8.7,9.7,6.1,11.8,7.4,4.6,7.7,5.6,9.7,8.8,2.7,5.9,3.6,3.6,4.8,8.9,3.2,5.1,5.7,11.5,7.3,3.8,6.3,4.3,2,5.6,5.6,3.4,4.9,2.3,6.6,0.4,6.5,,,,,,,,,,,,,,,,,,,,,,,,,,,,,,,,,,,,,,,,,28,28.4,28.1,28,28.2,28.1,28.1,28.2,28.2,28.1,28,28.1,28.1,28.1,28.3,27.9,28.8,28.3,27.8,27.9,28.1,28,28.5,28.2,28.1,29.1,28.3,28.2,28.2,28.4,28.1,88,86,86,87,88,86,89,88,87,88,87,86,90,87,87,87,80,88,91,89,86,90,84,87,87,78,83,88,85,84,88,0,0.2,0,0,0.2,0,0,0.2,0,0,0,0,0,0.8,0,0,0.2,0.2,0,0,0,0,0.2,0.2,0,0.5,0,0,0.4,1,0,22.5,20,20.7,25,22.7,18.1,17.3,17.4,17.3,14.8,22.9,28.5,18.6,28.3,26,22.5,24.4,25.5,19,23,22.1,20.3,25,21.7,20.4,31.4,22.3,19.7,26,27.6,20,35.3,30.6,32,36.7,34.6,27.7,28.8,23.8,26.6,21.6,34.6,42.8,29.2,39.2,40.7,35.6,34.6,37.8,28.4,34.2,33.1,30.2,40.7,32.8,32.4,43.6,34.9,34.2,37.4,39.2,31,,,,,,22.2204,114.2127
2026-08-13T03:00,28.2,28.4,29,28.3,28.8,28.3,28.7,29,28.7,28.8,28.9,29,28.6,28.5,28.7,28.4,28.4,28.6,28.7,28.8,28.1,29.4,28.6,28.1,28.7,29,29.5,28.2,28.4,28.4,28.4,29.6,28.4,28.1,28.4,28,28.2,28.1,28.3,28.9,88,90,88,89,88,91,86,85,89,87,91,87,88,85,86,88,89,88,87,89,89,85,87,87,86,86,87,88,89,87,86,89,87,90,88,83,87,88,88,87,0,0,0,0,0,0,0,0,0,0,0,0,0,0,0,0,0,0,0,0,0,0,0,0,0,0,0,0,0,0,0,0,0,0,0,0,0,0,0,0,8.9,9.8,8.2,3.8,2.5,11.2,2.4,8.9,8.9,6.1,12,7.7,4.7,7.7,5.4,9.4,8.7,2.1,5.7,3.8,2.9,4.6,8.9,2.9,4.8,5.5,11.4,7.4,3.7,5.9,4.2,2.1,6.1,5.2,3.2,4.9,2.4,6.9,0.5,6.3,,,,,,,,,,,,,,,,,,,,,,,,,,,,,,,,,,,,,,,,,28,28.3,28.1,27.9,28.2,27.9,28.1,28.1,28.1,28,27.9,28.1,28,28,28.2,27.8,28.7,28.2,27.8,27.8,28.1,27.9,28.4,28.2,28,29.1,28.1,28.1,28.1,28.3,28,89,87,86,87,87,87,89,87,88,89,87,86,90,87,87,88,80,88,91,89,87,90,84,87,87,78,84,89,85,84,89,0,0.1,0.1,0.3,0.1,0,0,0.7,0,0,0.4,0.3,0,0.5,0.7,0,0.6,0.2,0.3,0,0,0.1,0.2,0.1,0.1,0.1,0,0.1,0.4,0.8,0.1,22,19.5,21,25,22.8,17.8,16.1,18.4,16.8,14.5,23.2,26.5,17.8,27.8,28.6,21.8,23.7,23.8,17.1,22.2,21.5,21.2,24.6,21.9,19.4,30.8,21.2,18.9,24,27.8,19.2,34.6,29.9,33.1,36.4,34.9,28.1,27,24.8,25.9,21.2,34.6,41,28.8,38.9,43.6,33.5,33.5,35.6,25.2,32.8,33.8,31.7,40.7,33.1,31,42.5,32.8,32.8,35.3,39.6,30.2,,,,,,22.2204,114.2127
2026-08-13T04:00,28.2,28.4,29,28.3,28.7,28.3,28.7,29,28.8,28.8,29,29,28.6,28.5,28.7,28.5,28.5,28.7,28.7,28.8,28,29.5,28.7,28.1,28.8,28.9,29.4,28.2,28.4,28.4,28.4,29.6,28.5,28.1,28.5,28,28.3,28.1,28.3,28.9,88,91,88,88,89,91,86,86,88,87,90,87,88,85,86,88,89,87,86,89,89,85,87,86,85,86,88,88,89,87,86,89,86,90,87,84,87,87,88,87,0,0,0,0,0,0,0,0,0,0,0,0,0,0,0,0,0,0,0,0,0,0,0,0,0,0,0,0,0,0,0,0,0,0,0,0,0,0,0,0,8.4,9.4,8.4,3.4,1.4,10.7,1.8,9,8.2,6.7,12.1,7.8,5,7.7,5.2,8.9,9,1.5,5,4.3,2.2,4.1,8.8,2.6,4.1,5.1,11.1,7.6,3.9,5.4,3.9,2.3,6.1,4.3,3.3,5.1,2.6,7,0.8,6.1,,,,,,,,,,,,,,,,,,,,,,,,,,,,,,,,,,,,,,,,,27.9,28.2,28,27.9,28.2,27.8,28,28.1,28.1,27.9,27.8,28.1,28,27.9,28.2,27.8,28.7,28.1,27.8,27.9,28,27.9,28.4,28.2,28,29,28,28,28.1,28.2,28,89,87,86,86,86,88,89,86,88,89,87,86,89,88,86,88,79,87,90,89,87,88,83,86,87,78,85,89,85,85,89,0,0.1,0.1,0.3,0.1,0,0,0.7,0,0,0.4,0.3,0,0.5,0.7,0,0.6,0.2,0.3,0,0,0.1,0.2,0.1,0.1,0.1,0,0.1,0.4,0.8,0.1,21.5,18.8,21.6,24.8,22.9,17.4,15.2,19.5,16.3,14.3,23.5,24.3,17,26.8,31.5,20.7,22.2,21.5,15,20.6,20.9,22.2,24.3,22.4,18.3,28.5,19.4,18.1,21.9,27.8,18.8,33.1,29.2,34.6,35.3,34.6,27.7,24.8,25.9,24.5,20.5,34.2,37.8,28.1,37.8,45.7,31.3,31.3,32.4,20.9,31.3,34.6,32.4,40,33.8,29.2,40.3,29.5,30.2,32.4,39.6,29.2,,,,,,22.2204,114.2127
2026-08-13T05:00,28.3,28.5,29,28.4,28.8,28.5,28.8,29.1,28.9,29,29.1,29.1,28.6,28.5,28.7,28.7,28.5,28.7,28.7,28.9,28,29.6,28.8,28.2,28.9,28.9,29.4,28.3,28.5,28.5,28.4,29.6,28.6,28.2,28.8,28.1,28.4,28.2,28.3,28.9,87,91,88,87,89,90,86,86,87,87,89,87,88,86,86,87,88,86,85,88,89,84,87,86,85,86,88,88,88,87,86,88,86,90,87,84,87,87,87,87,0,0,0,0,0,0,0,0,0,0,0,0,0,0,0,0,0,0,0,0,0,0,0,0,0,0,0,0,0,0,0,0,0,0,0,0,0,0,0,0,8.1,9.2,8.4,3.5,0.4,10.4,1.3,9,7.1,7,12.2,7.7,5.4,7.4,4.9,8.4,9.1,1.1,4.5,4.8,1.1,3.7,8.9,2.3,3.1,4.7,11,7.3,3.7,5.1,4,2.5,6.7,4.2,3.1,5.1,3.1,7.4,0.7,6.2,,,,,,,,,,,,,,,,,,,,,,,,,,,,,,,,,,,,,,,,,28,28.3,28,27.9,28.3,27.8,28.1,28.2,28.1,27.9,27.8,28.1,28,27.9,28.3,27.8,28.8,28.1,28,27.9,28,27.9,28.4,28.3,28,29,27.9,28,28.2,28.2,28,89,87,86,85,85,88,89,85,88,89,86,85,88,88,85,88,79,86,89,88,87,87,83,85,87,78,85,89,84,85,89,0,0.1,0.1,0.3,0.1,0,0,0.7,0,0,0.4,0.3,0,0.5,0.7,0,0.6,0.2,0.3,0,0,0.1,0.2,0.1,0.1,0.1,0,0.1,0.4,0.8,0.1,21,18.3,22.2,24.2,22.4,16.8,14.5,20.6,15.5,14,23.8,22.1,16.7,25.4,32.4,20,21,19.2,13.5,19.9,20.2,22.7,24.2,22.5,17.3,26.6,17.8,17.3,20.4,27.3,18.6,32,28.1,35.3,34.2,33.8,26.6,23,27.4,23.4,20.2,33.8,34.9,28.1,36.4,46.1,29.2,29.2,29.5,18.4,30.6,34.6,32.8,39.2,34.2,27.4,37.4,27,28.1,30.6,38.9,28.8,,,,,,22.2204,114.2127
2026-08-13T06:00,28.4,28.7,29.1,28.6,28.9,28.7,28.9,29.2,29,29.2,29.2,29.3,28.7,28.5,28.8,28.9,28.7,28.9,28.8,29,28.1,29.7,28.9,28.3,29,29,29.4,28.4,28.7,28.6,28.5,29.7,28.8,28.3,29.1,28.2,28.6,28.4,28.4,29,86,90,88,85,88,89,86,86,86,86,88,86,87,86,86,86,87,85,84,87,89,82,86,85,84,85,88,87,87,87,85,86,85,89,85,84,86,86,86,86,0,0,0,0,0,0,0,0,0,0,0,0,0,0,0,0,0,0,0,0,0,0,0,0,0,0,0,0,0,0,0,0,0,0,0,0,0,0,0,0,7.9,8.9,8.4,3.8,1.3,9.9,1.1,9.4,6.1,7.3,12.9,8.1,5.9,7.4,4.6,7.9,9.3,1.1,4,5.8,0.8,3.2,9,2.3,2.4,4.3,11,7.5,4,4.7,4,2.9,7.3,3.8,3.7,5.1,3.3,7.8,0.7,5.9,,,,,,,,,,,,,,,,,,,,,,,,,,,,,,,,,,,,,,,,,28.1,28.5,28.2,28.1,28.4,27.9,28.3,28.4,28.1,28,28,28.3,28.1,28,28.5,27.9,28.8,28.3,28.2,28.1,28.2,27.9,28.5,28.4,28,29,28,28.1,28.4,28.2,28.3,88,85,84,84,83,88,87,83,87,88,85,84,87,87,83,87,79,84,87,87,86,86,82,84,87,78,85,88,83,85,86,0.7,0.3,0.5,0.5,0.2,0.2,0,2.1,0.2,0.4,0.7,0.4,0.3,0.6,0.6,0,0.1,0.3,0.2,0.3,0.1,0.2,0.3,0,0.1,0,0.1,0.3,0.1,0.4,0.3,20.9,18.1,22.7,23.4,21.8,15,14.2,21.6,15.3,13.8,24.3,20.9,17.7,24.1,30.6,18.9,20.1,17.8,13.6,19.9,19.6,22.9,24.2,21.8,16.8,25,16.8,16.8,20.1,25.9,18.6,32,27,34.9,33.5,32.4,23.8,21.2,29.2,23,19.8,33.8,31.7,29.2,34.9,43.6,27.7,27,27.4,19.1,31,32.8,32.4,38.2,34.2,25.9,34.6,25.2,27,30.2,37.4,29.2,,,,,,22.2204,114.2127
2026-08-13T07:00,28.6,29,29.3,28.8,29.1,28.9,29.2,29.5,29.2,29.5,29.4,29.5,28.9,28.7,29.1,29.1,29,29.2,29,29.2,28.3,29.9,29.1,28.5,29.2,29.2,29.6,28.7,29,28.8,28.7,30,29.1,28.5,29.5,28.4,28.9,28.7,28.6,29.2,85,89,87,83,87,88,85,85,85,85,86,84,86,85,85,85,86,83,83,86,87,81,85,84,83,84,87,85,85,86,84,84,84,88,84,83,85,85,84,85,0,0,0,0,0,0,0,0,0,0,0,0,0,0,0,0,0,0,0,0,0,0,0,0,0,0,0,0,0,0,0,0,0,0,0,0,0,0,0,0,7.7,8.5,8.7,3.8,1.8,9.7,1.1,9.7,5.6,7.8,13.4,8.4,5.9,7.2,4.3,7.6,9.5,1.1,3.7,6.8,0.7,2.7,9.2,2.3,1.8,4,11.2,7.5,4.3,5,4.3,3,8.1,4,4.3,5.4,3.9,8.1,1.1,6.2,,,,,,,,,,,,,,,,,,,,,,,,,,,,,,,,,,,,,,,,,28.3,28.9,28.5,28.3,28.7,28.1,28.5,28.6,28.3,28.2,28.2,28.5,28.3,28.1,28.7,28,28.9,28.7,28.4,28.3,28.4,28.1,28.7,28.5,28.1,29,28.1,28.3,28.7,28.3,28.7,85,81,82,82,81,87,85,80,86,87,83,82,85,86,81,86,79,81,84,85,84,85,81,84,86,78,84,87,81,85,82,0.7,0.3,0.5,0.5,0.2,0.2,0,2.1,0.2,0.4,0.7,0.4,0.3,0.6,0.6,0,0.1,0.3,0.2,0.3,0.1,0.2,0.3,0,0.1,0,0.1,0.3,0.1,0.4,0.3,21.1,18.3,23.4,22.7,20.9,12.5,13.9,22.6,15.5,13.6,24.2,19.9,19.6,22.8,26.9,17.8,19.1,16.8,14.1,20.4,18.9,22.5,24.1,21.1,16.4,23.4,16.4,16.8,20.6,23.7,18.6,32.8,25.9,34.2,33.1,31,19.8,19.4,31.3,22.7,19.8,33.8,28.8,30.6,33.1,39.2,26.6,24.8,25.2,21.6,32,29.9,31.3,36.7,33.8,24.8,31.7,24.1,26.6,30.2,35.3,29.5,,,,,,22.2204,114.2127
2026-08-13T08:00,28.9,29.4,29.7,29.1,29.4,29.2,29.6,30,29.5,29.9,29.6,30,29.2,29,29.5,29.4,29.4,29.6,29.4,29.5,28.8,30.1,29.4,28.8,29.5,29.6,29.9,29.2,29.4,29.2,29,30.5,29.4,28.7,29.9,28.7,29.2,29.1,29,29.6,83,87,85,81,85,86,83,83,83,83,85,82,84,84,83,84,84,81,81,84,85,80,83,83,81,82,85,83,83,84,83,81,82,87,82,82,83,83,82,83,0,0,0,0,0,0,0,0,0,0,0,0,0,0,0,0,0,0,0,0,0,0,0,0,0,0,0,0,0,0,0,0,0,0,0,0,0,0,0,0,7.9,8.8,9,4.2,2,9.7,1.5,10.1,5.6,8.3,14,8.4,6.3,7.7,4.6,7.6,9.8,1.1,3.7,7.6,0.7,2.9,9.7,3.1,1.8,4,11.2,7.5,4.4,5,4.3,3,8.6,4.4,5.2,5.9,4.2,8.6,1.1,6.2,,,,,,,,,,,,,,,,,,,,,,,,,,,,,,,,,,,,,,,,,28.6,29.3,28.7,28.5,28.9,28.4,28.8,28.8,28.5,28.5,28.5,28.8,28.5,28.4,29,28.3,29.1,29,28.7,28.5,28.6,28.2,28.9,28.6,28.3,29.1,28.2,28.5,29,28.5,29.1,83,79,80,80,79,85,83,78,84,85,81,80,84,85,79,85,78,79,82,84,82,84,80,83,85,77,83,85,79,84,79,0.7,0.3,0.5,0.5,0.2,0.2,0,2.1,0.2,0.4,0.7,0.4,0.3,0.6,0.6,0,0.1,0.3,0.2,0.3,0.1,0.2,0.3,0,0.1,0,0.1,0.3,0.1,0.4,0.3,21.4,18.5,23.5,22.3,20,11.2,14.3,23.4,15.3,14,24.5,19.6,21.3,22,24.2,17.6,18.4,16.5,15.1,21.2,18.7,22.5,24.3,20.8,16.3,21.8,16.1,17.1,21.2,22.3,19.1,33.1,25.2,33.1,32.8,28.8,16.9,18.7,32.8,22.3,20.5,33.5,26.3,31.7,31.7,35.6,26.3,23,24.1,23.4,33.1,28.1,30.6,35.6,33.1,23.8,28.8,23.4,26.6,30.6,33.5,30.2,,,,,,22.2204,114.2127
2026-08-13T09:00,29.4,30.1,30.3,29.6,30.1,29.7,30.3,30.8,30,30.6,29.8,30.7,29.8,29.5,30.2,29.9,30.1,30.3,30,30,29.6,30.4,29.9,29.4,30,30.2,30.5,30,30.1,29.9,29.5,31.3,30,29.1,30.4,29.3,29.7,29.8,29.7,30.3,80,83,81,78,81,83,79,79,81,80,84,78,81,82,79,82,81,77,78,82,81,79,80,81,79,79,81,79,79,81,80,76,79,85,80,80,81,79,79,80,0,0,0,0.1,0,0.6,0,0,0.4,0,0.9,0,0.1,0.1,0,0.1,0.1,0,0,0,0,0.7,0,0,0,0,0,0,0.1,0,0.1,0,0,0.1,0,0,0.1,0,0.1,0,8.8,9.3,9.5,5,1.8,10.4,2.1,10.4,6.4,8.9,15,8.4,6.6,8.4,5.4,8.1,10.2,1.8,4.4,8.3,1.1,3.6,10.6,4.4,2.5,4.2,11.3,7.6,4.6,5.7,4.7,2.5,9.3,5.4,6.6,7.2,4.3,9,1.5,6.3,,,,,,,,,,,,,,,,,,,,,,,,,,,,,,,,,,,,,,,,,28.9,29.5,29,28.8,29.2,29,29.2,29,28.9,28.8,28.9,29.2,28.7,28.7,29.2,28.6,29.5,29.3,29,28.7,29,28.5,29.2,29,28.6,29.4,28.5,28.7,29.1,28.7,29.4,81,78,79,78,78,82,81,77,81,83,79,78,83,83,78,83,77,77,81,83,80,83,78,81,83,76,82,84,77,83,76,0.1,0,0.2,0.1,0,0.1,0,0.1,0.1,0.2,0.1,0.1,0.3,0.2,0,0,0,0,0.1,0,0,0,0.2,0,0.2,0,0,0,0.1,0,0.4,21.7,18.9,23.3,22.1,18.9,11.7,15.5,23.2,15,15.8,24.2,19.5,22.2,22,22.6,18.3,17.8,16.8,15.8,22.3,19.5,22.2,24.7,21.4,16.5,20.4,16.4,17.9,21,21.8,20.7,33.1,25.2,32,32,26.3,16.2,19.4,32.8,21.2,22.3,32.4,24.8,32.8,31.3,33.5,27,21.6,23.8,24.1,34.2,28.1,30.2,34.6,32.4,23.4,26.6,23.4,27,30.2,32.4,31,,,,,,22.2204,114.2127
2026-08-13T10:00,30.2,31,31.2,30.3,31.1,30.4,31.4,31.9,30.6,31.6,30.2,31.8,30.8,30.3,31.3,30.5,31.1,31.3,30.9,30.6,30.8,30.8,30.5,30.2,30.6,31.2,31.4,31.2,31.1,30.8,30.3,32.5,30.9,29.6,31.2,30.1,30.3,30.8,30.8,31.4,76,76,76,75,75,80,74,74,78,75,82,73,77,78,74,79,76,72,73,78,74,77,77,78,76,74,76,73,74,75,77,69,75,82,76,77,77,74,74,74,0,0,0,0.1,0,0.6,0,0,0.4,0,0.9,0,0.1,0.1,0,0.1,0.1,0,0,0,0,0.7,0,0,0,0,0,0,0.1,0,0.1,0,0,0.1,0,0,0.1,0,0.1,0,10.3,9.8,10.2,5.9,2.8,11.2,3.6,10.5,8,9.7,16.3,8.6,6.5,9.4,6.4,8.9,10.4,3.4,5.1,9.4,2.9,4.7,11.8,6.8,3.9,5.1,11.5,7.9,5.2,6.9,5.3,1.8,10.5,7.3,8.5,8.8,4.5,9.8,1.5,6.1,,,,,,,,,,,,,,,,,,,,,,,,,,,,,,,,,,,,,,,,,29.2,29.6,29.2,29.2,29.6,29.7,29.6,29.2,29.4,29.2,29.3,29.7,29.1,29.2,29.4,29,29.9,29.6,29.2,28.9,29.4,28.8,29.5,29.4,29,29.8,28.7,29,29.2,29,29.7,79,78,78,77,77,78,78,77,78,80,78,75,81,80,78,82,75,76,80,82,79,81,76,79,81,74,80,82,76,81,74,0.1,0,0.2,0.1,0,0.1,0,0.1,0.1,0.2,0.1,0.1,0.3,0.2,0,0,0,0,0.1,0,0,0,0.2,0,0.2,0,0,0,0.1,0,0.4,21.9,19.2,22.4,21.8,17.2,13,17.5,22.7,14.8,18.2,24,19.7,22.7,22.5,22.1,20.2,17.3,17.3,17.3,23.6,20.7,22.2,25.4,22.1,16.9,19.1,16.4,18.9,20.2,22.1,22.6,32.8,25.9,30.6,31.3,23.4,16.9,21.2,32.4,20.2,24.8,31,24.5,33.5,31.3,32.4,28.8,20.5,24.1,24.1,35.3,29.2,29.9,33.1,31.3,23,25.2,23.4,27.7,29.9,31.7,31.7,,,,,,22.2204,114.2127
2026-08-13T11:00,31.1,32.1,32.3,31.1,32.2,31.1,32.5,33.2,31.3,32.7,30.5,32.9,31.8,31.2,32.5,31.2,32.2,32.5,31.9,31.3,32.1,31.2,31.3,31.1,31.3,32.3,32.5,32.5,32.2,31.9,31.1,33.8,31.8,30.1,31.9,31,31,32,32,32.6,72,69,70,72,69,76,68,67,75,70,80,67,72,75,68,76,70,67,69,75,67,76,73,75,72,69,69,67,69,70,73,62,70,79,73,73,74,69,68,69,0,0,0,0.1,0,0.6,0,0,0.4,0,0.9,0,0.1,0.1,0,0.1,0.1,0,0,0,0,0.7,0,0,0,0,0,0,0.1,0,0.1,0,0,0.1,0,0,0.1,0,0.1,0,12.1,10.7,11,7.4,5.2,12.7,5.1,10.5,10.1,11,17.5,8.9,6.9,10.7,7.5,10.2,10.7,5.6,6.4,10.4,5.1,6.2,13.2,9.4,5.8,7,12.2,8.2,6.4,8.2,6.6,1.5,11.7,9.1,11,10.7,4.7,10.7,1.8,6.6,,,,,,,,,,,,,,,,,,,,,,,,,,,,,,,,,,,,,,,,,29.5,29.8,29.3,29.4,29.8,30.2,29.9,29.3,29.8,29.5,29.6,30.1,29.3,29.5,29.5,29.3,30.2,29.8,29.5,29.1,29.6,29.1,29.8,29.7,29.3,30.3,29,29.3,29.3,29.3,30,77,78,78,76,76,75,76,77,75,79,77,73,80,78,78,80,74,75,79,81,78,80,75,77,79,72,79,81,75,80,73,0.1,0,0.2,0.1,0,0.1,0,0.1,0.1,0.2,0.1,0.1,0.3,0.2,0,0,0,0,0.1,0,0,0,0.2,0,0.2,0,0,0,0.1,0,0.4,22.1,19.6,21.9,22,16.6,15,19.6,21.9,15,20.2,23.7,20.1,23.4,23.3,22.4,22,17.1,18.4,18.4,25.1,21.7,22.2,26.2,23,17.1,18.5,17.2,20.2,20.2,22.5,24.3,32,26.3,29.5,31,21.6,18.7,23.8,31.3,20.2,26.6,30.2,24.1,33.5,31.7,31.7,31,19.8,24.8,24.5,36,30.2,30.2,32.4,30.6,23,23.8,24.1,28.4,29.9,31.3,32.4,,,,,,22.2204,114.2127
2026-08-13T12:00,31.9,33.1,33.2,31.8,33.2,31.7,33.5,34.4,31.9,33.7,30.9,34,32.7,32,33.6,31.8,33.3,33.5,32.8,32,33.3,31.6,32,31.9,31.9,33.3,33.5,33.8,33.3,32.8,31.8,35,32.7,30.6,32.6,31.8,31.7,33,33.1,33.7,69,63,64,68,62,73,63,61,72,65,79,61,68,71,63,73,65,62,64,71,61,74,69,72,69,65,63,60,64,64,69,55,66,77,69,69,70,63,63,64,0,0,0,0.1,0,0.6,0,0,0.4,0,0.9,0,0.1,0.1,0,0.1,0.1,0,0,0,0,0.7,0,0,0,0,0,0,0.1,0,0.1,0,0,0.1,0,0,0.1,0,0.1,0,14,11.5,11.7,9.4,7.9,13.8,7,10.7,11.7,12.2,18.8,9.5,7.2,11.7,8.9,11,11.1,7.8,7.9,11.2,7.3,7.9,14.6,11.7,7.4,8.9,12.6,8.6,7.5,9.9,8.2,1.8,12.7,10.9,13.2,12.5,5.1,11.6,2.2,7.4,,,,,,,,,,,,,,,,,,,,,,,,,,,,,,,,,,,,,,,,,29.7,29.9,29.4,29.6,29.9,30.3,30,29.4,30,29.6,29.7,30.4,29.6,29.6,29.6,29.4,30.4,29.9,29.6,29.2,29.7,29.3,29.9,29.8,29.5,30.7,29.1,29.5,29.5,29.5,30.2,77,77,78,76,76,74,75,77,74,79,77,72,79,77,78,79,74,75,78,80,78,79,75,76,78,69,78,79,75,79,72,0,0,0,0,0,0,0,0,0,0,0,0,0,0,0,0,0.1,0,0,0,0,0,0,0,0,0.1,0,0,0,0,0,21.9,19.4,21.6,22.7,17.3,18.3,22.3,21.2,16.6,20.8,23.9,20.5,23.7,24.3,23.6,24.3,17.9,19.6,19.4,26.8,22.5,23.5,26.7,23.4,17.6,17.7,18.5,21.7,21.4,23.1,25.1,31,25.6,29.2,31,22,22,28.4,29.9,22,27,29.9,24.1,32.4,32,32,33.8,20.5,26.6,25.6,36.4,31,31.3,32.4,30.2,23,22.3,25.2,29.5,31,30.6,32.8,,,,,,22.2204,114.2127
2026-08-13T13:00,32.5,33.8,33.9,32.3,34,32.2,34.3,35.3,32.4,34.4,31.1,34.8,33.5,32.7,34.4,32.2,34,34.3,33.5,32.5,34.3,31.9,32.5,32.5,32.4,34,34.2,34.7,34.1,33.6,32.4,35.9,33.3,31,33.1,32.4,32.3,33.7,33.9,34.5,66,58,60,66,58,70,59,57,70,61,77,57,64,68,59,71,62,58,61,69,56,73,66,70,67,61,59,56,60,60,66,50,63,75,67,67,67,59,60,60,0,0,0,0.1,0,0.6,0,0,0.4,0,0.9,0,0.1,0.1,0,0.1,0.1,0,0,0,0,0.7,0,0,0,0,0,0,0.1,0,0.1,0,0,0.1,0,0,0.1,0,0.1,0,15,12,12.2,10.6,9.9,14.6,8.6,11,13.5,12.9,19.8,10.3,7.6,12.7,10,12,11.6,9.2,8.7,11.6,8.8,9.3,15.6,13.6,8.9,10.6,13.2,8.9,8.7,11.1,9.3,2.5,13.8,12.4,14.8,13.6,5.2,12.6,2.2,8.2,,,,,,,,,,,,,,,,,,,,,,,,,,,,,,,,,,,,,,,,,29.8,30.1,29.3,29.7,29.9,30.2,30,29.4,30.2,29.6,29.7,30.6,29.8,29.7,29.7,29.5,30.5,29.9,29.7,29.4,29.6,29.5,30,29.8,29.7,31.1,29.3,29.7,29.7,29.8,30.4,77,77,79,76,76,74,74,78,74,80,77,71,78,77,77,78,74,75,78,79,79,78,75,76,78,67,78,78,75,78,73,0,0,0,0,0,0,0,0,0,0,0,0,0,0,0,0,0.1,0,0,0,0,0,0,0,0,0.1,0,0,0,0,0,21.9,19.1,21.4,24.2,18.6,22.1,25,20.2,18.7,20.9,24.2,21.2,23.5,25.6,25.6,27.2,19.5,21.1,20.4,28.3,23,25.3,26.9,23.4,17.7,17.1,19.8,23.2,22.9,24.3,24.9,29.9,24.8,29.2,31,23.4,25.9,33.8,27.7,24.5,27,30.2,24.8,31,32.4,33.1,36.7,21.6,28.8,26.6,36.7,31.7,33.1,32.4,29.9,23,21.2,26.6,31,32.4,29.9,32.8,,,,,,22.2204,114.2127
2026-08-13T14:00,32.7,34.1,34.2,32.5,34.3,32.4,34.7,35.7,32.5,34.6,31.2,35.1,33.8,32.9,34.7,32.4,34.4,34.6,33.8,32.7,34.7,32,32.7,32.7,32.6,34.3,34.6,35.1,34.4,33.8,32.6,36.3,33.5,31.1,33.3,32.7,32.6,34,34.3,34.8,65,56,58,65,56,69,57,55,69,60,77,55,63,67,57,70,60,57,60,68,54,73,65,69,66,60,57,54,58,59,65,48,62,74,66,66,66,58,58,58,0,0,0,0.1,0,0.6,0,0,0.4,0,0.9,0,0.1,0.1,0,0.1,0.1,0,0,0,0,0.7,0,0,0,0,0,0,0.1,0,0.1,0,0,0.1,0,0,0.1,0,0.1,0,15.7,12.5,12.5,11.3,10.9,14.9,9.2,11,14.3,13.5,19.8,10.6,7.9,13,10.6,12.2,11.7,10.2,9.2,11.7,9.9,9.9,16.1,14.4,9.7,11.6,13.8,9.2,9.3,11.8,10.2,3,14.3,13.1,15.5,14.4,5.2,13.4,2.2,8.8,,,,,,,,,,,,,,,,,,,,,,,,,,,,,,,,,,,,,,,,,29.8,30.2,29.3,29.7,29.9,30,29.9,29.5,30.2,29.6,29.7,30.7,29.8,29.7,29.7,29.5,30.5,29.9,29.7,29.4,29.4,29.6,30,29.7,29.7,31.3,29.3,29.8,29.8,29.9,30.5,77,77,80,77,77,75,74,78,74,81,77,71,78,78,77,78,74,75,78,78,80,78,76,77,78,65,78,77,75,77,73,0,0,0,0,0,0,0,0,0,0,0,0,0,0,0,0,0.1,0,0,0,0,0,0,0,0,0.1,0,0,0,0,0,21.4,19.4,21.3,24.9,19.9,24.7,27,19.6,20.3,21,25,21.5,23.7,26.3,26.9,29,20.4,21.9,20.9,29.3,22.9,26,27,23,18.1,17.2,20.6,24.4,24,25.3,24.9,28.8,24.8,28.8,31,25.2,29.2,37.4,26.3,26.3,26.6,31,24.8,30.2,32.8,34.6,38.9,22.3,29.5,27.7,36.7,31.7,34.2,32.4,29.2,23,20.9,27.4,32,33.1,30.2,32.4,,,,,,22.2204,114.2127
2026-08-13T15:00,28.7,29.3,29.7,29.1,29.3,29.1,30,30,29.2,29.4,29.7,29.8,29.7,29.3,29.3,29.3,29.7,29.4,29.6,29.4,29.1,30.1,29.3,28.7,29.4,29.7,30.3,29.3,29.5,29.2,29.1,30.8,29.3,28.5,29.6,28.6,30.4,28.9,29.9,29.9,86,86,82,81,84,85,82,82,84,85,85,82,83,81,83,84,83,83,82,85,84,81,82,83,82,82,83,81,81,85,83,79,84,88,83,84,78,83,79,81,0,0,0,0.1,0,0.2,0,0.5,0.4,0,0.1,0,0,0.1,0,0.2,0,0.3,0,0.1,0.1,0.2,0,0,0.1,0.2,0,0,0.1,0,0.1,0,0,0.1,0,0,0.1,0,0,0,8.2,10.6,9.4,5.9,2.9,9.2,4.1,10.6,8.9,9.7,12.2,8.9,6,7.2,7.1,8.9,7.7,2.9,5.3,6.9,3.3,2.9,9.4,4.9,3.5,7.6,14,8.2,6.2,6.6,5.6,1.9,10.5,5,6.4,7.1,3.6,9.6,2.5,5,,,,,,,,,,,,,,,,,,,,,,,,,,,,,,,,,,,,,,,,,29.8,30.1,29.2,29.7,29.8,29.9,29.7,29.5,30.1,29.5,29.5,30.7,29.7,29.5,29.5,29.3,30.2,29.9,29.6,29.4,29.3,29.6,29.9,29.6,29.7,31.2,29.3,29.7,29.7,29.9,30.4,77,78,80,77,78,76,75,78,75,82,78,71,78,79,78,79,74,75,78,79,81,78,76,78,78,65,78,78,76,77,74,0.1,0,0,0,0,0,0,0,0,0,0,0,0,0,0,0,0.4,0,0,0.1,0,0,0,0,0,0,0,0,0,0,0,20.9,20.5,21,25.2,21.1,25.3,27.2,19.6,20.8,20.8,26.2,21.3,24.7,26.8,27.9,29,19.4,20.5,21.7,28.8,22.2,25.7,26.5,21.8,18.3,18.4,20.6,25,23.4,26.3,24.6,28.1,26.6,27.7,31,26.6,30.6,37.8,25.9,26.6,26.6,32.8,24.5,32,33.1,36,39.2,21.6,27.7,28.4,36.4,31,34.2,32,27.7,23.4,22,27.7,33.1,32.8,32,31,,,,,,22.2204,114.2127
2026-08-13T16:00,28.7,29.2,29.7,29.1,29.3,29.1,30.1,30,29.1,29.4,29.7,29.8,29.8,29.3,29.2,29.2,29.7,29.3,29.6,29.4,29.2,30.1,29.3,28.7,29.4,29.7,30.4,29.3,29.5,29.2,29.2,30.8,29.3,28.4,29.6,28.6,30.5,28.9,30.1,30,86,86,82,81,84,85,81,81,84,85,85,82,83,81,83,84,83,84,82,85,84,81,82,84,82,82,82,81,81,85,83,79,84,88,84,84,77,83,78,81,0,0,0,0.1,0,0.2,0,0.5,0.4,0,0.1,0,0,0.1,0,0.2,0,0.3,0,0.1,0.1,0.2,0,0,0.1,0.2,0,0,0.1,0,0.1,0,0,0.1,0,0,0.1,0,0,0,8,10.7,9.3,6.1,4,9.3,4.5,10.7,9.4,10.3,12.2,8.8,6.2,7.2,7.8,9.2,7.6,3.6,5.6,7.1,4,3.2,9.6,5.2,3.8,8.4,14.8,8.4,6.8,7.2,6.4,2.2,10.5,5.4,6.6,7.4,3.3,10,2.9,5.5,,,,,,,,,,,,,,,,,,,,,,,,,,,,,,,,,,,,,,,,,29.7,29.9,29.2,29.6,29.6,29.7,29.4,29.4,29.9,29.4,29.3,30.6,29.4,29.2,29.3,29.1,29.9,29.8,29.5,29.2,29.1,29.5,29.9,29.3,29.6,31,29.3,29.4,29.6,29.7,30.2,77,80,80,77,80,77,77,79,76,83,79,71,78,80,79,80,75,76,79,80,83,78,77,79,79,67,79,79,78,78,75,0.1,0,0,0,0,0,0,0,0,0,0,0,0,0,0,0,0.4,0,0,0.1,0,0,0,0,0,0,0,0,0,0,0,20.1,22.2,20.5,25,22.9,24.9,26.7,19.6,20.5,20.2,28,20.6,26,27.1,28.6,27.9,17.8,18.6,21.8,27.5,21.5,25.2,25.5,20.1,18.5,20.3,20.6,24.9,22.2,27.5,23.9,27.7,28.8,26.6,31,28.8,31.3,36,26.3,25.9,26.6,35.6,23.8,34.6,33.8,37.4,38.9,20.5,24.1,28.8,36,29.2,33.5,31,25.6,23.8,23.8,27.4,33.8,32,34.9,29.2,,,,,,22.2204,114.2127
2026-08-13T17:00,28.6,29.2,29.7,29.1,29.3,29,30.1,30,29,29.3,29.7,29.8,29.8,29.3,29.2,29.2,29.8,29.3,29.6,29.4,29.2,30.1,29.2,28.7,29.4,29.8,30.4,29.3,29.5,29.2,29.2,30.8,29.2,28.3,29.6,28.6,30.7,28.8,30.2,30.1,86,86,82,81,84,85,81,81,84,85,85,82,82,80,84,84,83,84,82,85,84,82,82,84,82,82,82,80,80,85,83,79,84,88,84,84,76,84,78,81,0,0,0,0.1,0,0.2,0,0.5,0.4,0,0.1,0,0,0.1,0,0.2,0,0.3,0,0.1,0.1,0.2,0,0,0.1,0.2,0,0,0.1,0,0.1,0,0,0.1,0,0,0.1,0,0,0,8,11.1,9.5,6.7,4.8,9.5,5.2,11,10,10.4,11.8,9,6.6,7.2,8,9.2,7.7,4,6.3,7.5,4.3,3.3,9.7,5.6,4.1,9.5,15.3,8.7,7.2,7.4,7,2.5,10.8,5.4,7.1,7.4,3.1,10.5,3.2,5.6,,,,,,,,,,,,,,,,,,,,,,,,,,,,,,,,,,,,,,,,,29.6,29.7,29.2,29.4,29.5,29.5,29.2,29.4,29.7,29.3,29.1,30.4,29.2,29,29,28.9,29.6,29.7,29.3,29.1,29,29.4,29.8,29.1,29.4,30.8,29.2,29.2,29.4,29.6,30,78,82,80,78,81,79,79,79,78,84,80,72,79,82,80,81,76,77,80,81,84,79,77,81,80,69,80,81,79,78,76,0.1,0,0,0,0,0,0,0,0,0,0,0,0,0,0,0,0.4,0,0,0.1,0,0,0,0,0,0,0,0,0,0,0,19.6,23.1,20.4,24.7,24.8,23.9,25.5,19.4,20,19.9,29.1,19.9,26.3,26.8,28.4,26.3,16.2,16.9,21.8,26.5,20.6,23.9,24.2,18.7,18.9,21.9,19.8,24.7,20.7,28,22.9,27,30.6,26.3,30.6,31.3,31.3,34.2,26.6,25.2,26.6,37.4,23,36,34.2,38.2,37.4,19.1,21.2,28.8,36.4,28.1,32,30.2,23.8,24.8,25.2,26.6,34.2,30.6,36.7,27.4,,,,,,22.2204,114.2127
2026-08-13T18:00,28.6,29.2,29.7,29.1,29.2,29,30.2,30,29,29.3,29.7,29.8,29.9,29.4,29.2,29.1,29.8,29.2,29.6,29.4,29.3,30.1,29.2,28.7,29.4,29.8,30.5,29.3,29.6,29.2,29.2,30.9,29.2,28.3,29.6,28.6,30.8,28.8,30.3,30.1,87,86,81,81,83,85,81,81,85,86,85,82,82,80,84,85,83,84,83,85,84,82,82,84,83,82,81,80,80,85,83,79,85,88,84,84,75,84,77,80,0,0,0,0.1,0,0.2,0,0.5,0.4,0,0.1,0,0,0.1,0,0.2,0,0.3,0,0.1,0.1,0.2,0,0,0.1,0.2,0,0,0.1,0,0.1,0,0,0.1,0,0,0.1,0,0,0,7.8,11.3,9.4,7,5.6,9.2,5.5,11,10.2,10.4,11.4,9.2,6.6,7,8.8,9.3,7.8,4.7,6.5,7.9,5,3.7,10.1,5.9,4.5,10.1,15.9,8.7,7.9,8,7.3,2.9,10.9,5.8,7.3,7.7,3.1,10.5,3.6,6.1,,,,,,,,,,,,,,,,,,,,,,,,,,,,,,,,,,,,,,,,,29.4,29.4,29.2,29.2,29.4,29.2,28.9,29.2,29.4,29.1,28.8,30.1,28.9,28.7,28.8,28.7,29.4,29.4,29.1,28.9,28.8,29.2,29.7,28.9,29.2,30.4,29.1,29,29.2,29.5,29.7,79,84,79,79,81,81,80,79,80,85,81,73,81,84,82,82,77,79,81,81,85,80,77,83,81,72,80,82,80,78,77,0.2,0,2.6,0.3,2.7,0,0,0.3,0,0,0,0,0,0,0,0.1,0,0.1,0.2,1.1,0.5,0,0.2,0,0,0,0,0.5,0,0.2,0,18.9,22.6,20.9,24,27.6,22.3,24,18.8,18.9,19.8,28.6,19.1,24.8,25.5,26.8,24.1,15.3,15.1,20.4,27.4,20,22.1,22.9,17.7,19.4,21.7,18.3,24,19.1,27.4,22,26.3,30.6,28.1,30.2,36.4,29.9,32.4,26.6,23.8,27,38.5,22,34.2,34.2,37.1,35.3,18,18.7,28.1,39.6,27.4,29.5,29.2,22.3,27,25.6,24.5,33.8,28.4,36.4,26.3,,,,,,22.2204,114.2127
2026-08-13T19:00,28.6,29.2,29.7,29,29.2,29,30.2,30,28.9,29.2,29.7,29.8,30,29.4,29.2,29.1,29.9,29.2,29.6,29.4,29.3,30,29.2,28.7,29.3,29.8,30.5,29.4,29.6,29.2,29.2,30.8,29.2,28.2,29.5,28.6,30.9,28.8,30.4,30.1,87,86,81,81,83,85,81,81,85,86,85,82,82,80,84,85,83,85,83,85,84,82,82,84,83,82,81,80,80,85,83,79,85,88,84,84,75,84,77,80,0,0,0,0.1,0,0.2,0,0.5,0.4,0,0.1,0,0,0.1,0,0.2,0,0.3,0,0.1,0.1,0.2,0,0,0.1,0.2,0,0,0.1,0,0.1,0,0,0.1,0,0,0.1,0,0,0,7.8,11.3,9.2,7.1,6,9.2,5.9,11.2,10.5,10.2,10.9,9.2,6.6,6.7,8.7,9.3,7.9,5.1,6.5,8,5.4,3.8,10,6.3,4.8,10.4,16.2,8.7,8.1,8.4,7.6,3.3,11.2,5.8,7.7,7.6,2.9,11,4,6.4,,,,,,,,,,,,,,,,,,,,,,,,,,,,,,,,,,,,,,,,,29.2,29.2,29.2,28.8,29.4,28.9,28.6,29.1,29,28.9,28.6,29.8,28.7,28.4,28.5,28.5,29.3,29.1,28.9,28.7,28.6,28.9,29.5,28.8,29,29.9,28.9,28.8,29.1,29.5,29.5,81,85,79,81,81,83,82,80,83,85,82,75,83,86,84,84,78,81,82,82,86,81,78,85,82,75,81,83,81,77,79,0.2,0,2.6,0.3,2.7,0,0,0.3,0,0,0,0,0,0,0,0.1,0,0.1,0.2,1.1,0.5,0,0.2,0,0,0,0,0.5,0,0.2,0,18.6,21,22.2,22.9,30.5,20,22.2,18.4,17.4,19.7,26.9,17.7,21.8,23.7,24.3,21.6,14.6,13.7,18.6,29.1,19.5,19.6,21.7,16.6,20.6,21.1,16.4,23.3,17.6,26.4,20.9,25.2,29.9,30.6,29.9,42.5,27.4,30.2,27,22.3,27,38.9,21.2,31,33.8,34.9,32,16.9,16.9,27,43.6,26.6,25.9,28.4,21.2,29.9,25.2,21.6,32.8,25.6,34.9,25.2,,,,,,22.2204,114.2127
2026-08-13T20:00,28.5,29.2,29.7,29,29.2,28.9,30.2,30,28.9,29.2,29.6,29.8,30,29.4,29.2,29,29.9,29.2,29.6,29.4,29.3,30,29.1,28.7,29.3,29.8,30.6,29.4,29.6,29.2,29.2,30.8,29.2,28.2,29.5,28.6,30.9,28.8,30.4,30.2,87,86,81,81,83,85,81,81,85,86,85,82,82,80,84,85,83,85,83,85,84,82,82,84,83,82,81,80,80,85,83,79,85,88,84,84,75,84,77,80,0,0,0,0.1,0,0.2,0,0.5,0.4,0,0.1,0,0,0.1,0,0.2,0,0.3,0,0.1,0.1,0.2,0,0,0.1,0.2,0,0,0.1,0,0.1,0,0,0.1,0,0,0.1,0,0,0,7.6,11.1,9.2,7.1,6.4,9.1,6.2,10.9,10.5,10.2,10.6,9.1,6.9,6.7,9.1,9.3,8.2,5.1,6.5,7.9,5.4,3.8,10.2,6.3,4.8,10.7,16.5,8.7,8.1,8.4,7.9,3.3,11.2,5.8,7.6,7.6,2.9,11,4,6.6,,,,,,,,,,,,,,,,,,,,,,,,,,,,,,,,,,,,,,,,,29.1,29,29.1,28.6,29.2,28.7,28.4,28.9,28.8,28.7,28.4,29.5,28.5,28.2,28.3,28.4,29.2,28.9,28.7,28.5,28.4,28.7,29.4,28.6,28.8,29.6,28.7,28.6,28.9,29.4,29.3,82,86,79,82,81,84,83,80,85,86,83,76,85,87,86,85,79,82,83,82,87,82,78,86,83,77,81,84,82,77,80,0.2,0,2.6,0.3,2.7,0,0,0.3,0,0,0,0,0,0,0,0.1,0,0.1,0.2,1.1,0.5,0,0.2,0,0,0,0,0.5,0,0.2,0,17.9,19.7,22.7,21.9,31.2,18.9,20.7,17.7,16.1,19.5,25.6,17.2,20,22.5,22.7,19.5,14.3,12.5,17.7,28.5,18.8,17.6,20.2,15.8,21.2,20.6,14.9,21.6,16.8,25.4,20.1,24.1,28.8,31.7,29.5,43.9,26.3,28.4,26.3,21.2,27,38.5,21.2,28.4,33.5,33.5,29.2,16.2,15.5,26.6,43.2,26.3,23,27.4,20.5,31.7,25.6,19.4,30.6,24.1,33.1,24.5,,,,,,22.2204,114.2127
2026-08-13T21:00,28.5,29.2,29.7,29,29.2,28.9,30.1,30,28.8,29.2,29.5,29.8,30,29.4,29.2,28.9,29.9,29.1,29.6,29.4,29.3,29.9,29.1,28.7,29.3,29.8,30.6,29.4,29.6,29.2,29.2,30.8,29.2,28.1,29.5,28.6,30.8,28.8,30.4,30.2,87,86,81,81,83,85,81,81,85,86,85,82,82,80,84,85,83,85,83,85,84,82,82,84,83,82,81,80,80,85,83,79,85,88,84,84,75,84,77,80,0.1,0,0,0,0,0.1,0.3,0.7,0.1,0,0.3,0,0,0.1,0,0.1,0,0,0,0,0,0.1,1.5,0,0,0,0,0,0,0,0,0,0,0,0,0,0.2,0,0,0,7.4,10.8,8.9,7.1,6.4,8.8,6.2,10.7,10.2,9.9,10.3,8.7,6.9,6.7,9.1,9,8.2,5.1,6.2,7.9,5.4,3.8,10.2,6.3,4.8,10.7,16.5,8.4,8.1,8.4,7.9,3.3,11.2,5.8,7.6,7.6,2.6,11,4,6.6,,,,,,,,,,,,,,,,,,,,,,,,,,,,,,,,,,,,,,,,,28.9,28.8,28.8,28.5,28.9,28.6,28.3,28.9,28.6,28.6,28.3,29.3,28.4,28.2,28.1,28.4,29,28.9,28.6,28.2,28.3,28.5,29.4,28.5,28.6,29.4,28.6,28.6,28.7,29.2,29.1,83,87,81,83,81,85,84,80,86,87,84,77,86,87,87,85,80,82,84,82,88,82,78,87,84,78,81,84,83,78,81,0.1,0,0.5,1,2.7,0,0,0.2,0.1,0,0,0.1,0.2,0,0,1,0.2,0.1,0,0.2,0.2,0,2.5,0,0.1,0.1,0,0.5,0,0.5,0.3,16.9,19.1,21.9,21,26.4,19.3,20.2,16.7,15.6,18.7,24.8,17.8,19.9,22.2,22.5,17.8,14.3,12.1,18,22,18.7,16.3,19.7,14.9,20.4,20.8,14.4,18.6,16.8,23.5,19.5,22.7,27.7,28.8,28.4,36.7,27.4,27.7,24.1,21.2,26.3,37.4,23.4,28.1,33.8,32.8,26.3,16.2,15.1,27.4,33.8,26.3,21.2,26.6,19.4,31,27,19.1,26.6,24.5,30.2,24.5,,,,,,22.2204,114.2127
2026-08-13T22:00,28.5,29.2,29.7,29,29.2,28.8,30,30,28.8,29.2,29.4,29.8,30,29.3,29.3,28.8,29.9,29.1,29.5,29.3,29.3,29.8,29,28.7,29.3,29.7,30.6,29.4,29.5,29.2,29.2,30.7,29.2,28,29.5,28.5,30.6,28.9,30.4,30.2,87,86,81,82,83,86,81,82,85,86,86,82,82,80,84,86,83,85,83,85,84,82,83,84,83,82,81,80,80,85,83,80,85,88,84,84,76,84,78,80,0.1,0,0,0,0,0.1,0.3,0.7,0.1,0,0.3,0,0,0.1,0,0.1,0,0,0,0,0,0.1,1.5,0,0,0,0,0,0,0,0,0,0,0,0,0,0.2,0,0,0,7.1,10.3,8.2,6.6,6.4,8.3,6.3,9.9,9.7,9.1,9.7,8.1,6.4,6.4,9.1,8.7,8.4,5.1,5.8,7.4,5,3.4,10,6.4,4.5,10.5,16.2,8.2,7.4,8,7.8,3.3,10.9,5.4,7.2,7.4,2.6,10.7,4,6.9,,,,,,,,,,,,,,,,,,,,,,,,,,,,,,,,,,,,,,,,,28.7,28.7,28.4,28.5,28.5,28.6,28.2,28.8,28.5,28.5,28.4,29.1,28.4,28.4,28.1,28.4,28.8,28.9,28.5,27.9,28.2,28.5,29.5,28.4,28.6,29.3,28.6,28.7,28.6,29,29,84,87,83,83,82,86,85,79,87,87,84,78,86,86,88,85,81,82,84,83,88,83,77,87,85,79,82,83,84,80,81,0.1,0,0.5,1,2.7,0,0,0.2,0.1,0,0,0.1,0.2,0,0,1,0.2,0.1,0,0.2,0.2,0,2.5,0,0.1,0.1,0,0.5,0,0.5,0.3,16.1,18.5,20.2,20,18.7,20.4,19.6,15.6,15.6,18.2,24.2,18.7,20.9,22.9,22.5,16.4,14.3,12.2,18.9,13,18.8,15.5,19.5,14.7,19.1,21.3,14.7,15.3,17.6,21.3,18.7,20.9,26.6,24.1,27.4,24.8,29.9,27.4,21.6,21.6,25.6,36,26.6,29.2,34.2,32.8,23.4,16.6,15.5,28.4,20.2,26.6,19.8,26.3,18.7,29.2,28.8,19.8,21.6,25.9,26.6,24.8,,,,,,22.2204,114.2127
2026-08-13T23:00,28.4,29.2,29.7,28.9,29.2,28.8,29.9,29.9,28.7,29.3,29.3,29.8,29.9,29.3,29.3,28.6,29.9,29.1,29.5,29.3,29.3,29.6,28.9,28.7,29.2,29.7,30.6,29.4,29.5,29.2,29.2,30.6,29.3,28,29.5,28.5,30.4,28.9,30.3,30.2,87,86,81,82,83,86,81,82,86,86,86,83,82,81,85,86,83,86,84,85,84,83,83,84,83,83,81,81,81,85,83,80,85,88,84,84,77,84,78,80,0.1,0,0,0,0,0.1,0.3,0.7,0.1,0,0.3,0,0,0.1,0,0.1,0,0,0,0,0,0.1,1.5,0,0,0,0,0,0,0,0,0,0,0,0,0,0.2,0,0,0,6.6,9.7,7.7,6.1,6,8,5.9,9.2,9.2,8.2,9.4,7.7,6.1,6.4,8.7,8.1,8.8,4.7,5.3,6.8,4.7,3.1,10,6.4,4.1,10,15.9,7.9,7,8,7.5,3,10.8,5.1,6.9,7.1,2.3,10.5,3.6,7.1,,,,,,,,,,,,,,,,,,,,,,,,,,,,,,,,,,,,,,,,,28.6,28.5,28.1,28.5,28.3,28.5,28.1,28.8,28.5,28.4,28.4,29,28.4,28.4,28,28.4,28.7,28.8,28.5,27.6,28.2,28.4,29.5,28.4,28.5,29.2,28.6,28.7,28.5,28.8,28.9,85,87,85,83,82,86,86,79,87,88,84,78,86,86,88,85,82,82,85,83,88,83,76,87,85,79,82,82,85,81,81,0.1,0,0.5,1,2.7,0,0,0.2,0.1,0,0,0.1,0.2,0,0,1,0.2,0.1,0,0.2,0.2,0,2.5,0,0.1,0.1,0,0.5,0,0.5,0.3,15.3,18.8,18.9,19.6,13.2,21.8,19.1,15.3,15.9,17.4,23.9,19.2,21.5,22.7,23,16.1,15,12.9,19.3,7.9,18.6,14.8,18.9,14.5,18.2,22.2,14.9,12.9,18.3,20.7,17.7,19.8,26.3,21.2,27,16.9,32.4,27,20.5,22,24.8,34.9,28.1,29.5,34.2,33.5,22.3,17.6,16.2,29.2,10.1,26.6,18.7,25.6,18.7,27.7,30.6,20.9,18,27.7,25.6,24.1,,,,,,22.2204,114.2127
2026-08-14T00:00,28.4,29.2,29.7,28.9,29.2,28.7,29.8,29.8,28.7,29.3,29.1,29.8,29.9,29.3,29.4,28.4,29.9,29,29.4,29.3,29.3,29.5,28.8,28.7,29.2,29.6,30.5,29.4,29.5,29.2,29.2,30.5,29.3,27.9,29.5,28.5,30.1,29,30.2,30.2,87,86,81,82,83,87,81,83,86,86,87,83,83,81,85,87,84,86,84,85,84,83,84,84,84,83,82,81,81,85,83,81,85,88,84,84,78,84,79,80,0.1,0,0,0,0,0.1,0.3,0.7,0.1,0,0.3,0,0,0.1,0,0.1,0,0,0,0,0,0.1,1.5,0,0,0,0,0,0,0,0,0,0,0,0,0,0.2,0,0,0,6.4,8.7,7.1,5.6,5.2,7.8,6,8.1,8.7,7.4,8.8,6.9,5.9,6.4,8.4,7.8,8.7,4.3,4.7,6.1,4.3,2.7,9.7,6.2,3.8,9.2,15.4,7.4,6.3,7.3,7.4,2.6,10.2,5,6.5,6.6,2,9.8,3.6,7.1,,,,,,,,,,,,,,,,,,,,,,,,,,,,,,,,,,,,,,,,,28.6,28.4,27.9,28.4,28.3,28.5,28,28.6,28.4,28.4,28.3,28.9,28.3,28.4,28,28.4,28.7,28.7,28.4,27.4,28.2,28.3,29.6,28.3,28.4,29.1,28.5,28.5,28.5,28.6,28.9,84,88,86,82,82,85,87,80,87,88,84,78,87,86,88,86,82,83,85,83,88,84,75,87,85,79,82,82,85,81,80,0.3,0.5,0.6,1.7,0.6,0.3,0.1,0.2,0.2,0.2,0,0,0.1,0,0.1,0.1,0.7,0.3,0.2,0.3,0.6,0,1.1,0.2,0.8,0.4,0.5,1,0.4,1.4,0.4,15.5,19.6,18.3,20.2,12.7,23.2,18.3,16.9,16.1,17.1,24.4,19,21,21.4,23.7,16.9,16.3,13.3,19.1,6.2,18,13.8,17,14.7,17.3,23.4,15.5,12.3,19.3,22.8,15.5,19.8,27.7,22,28.4,17.3,35.3,25.9,22.7,22.3,24.8,34.9,26.6,29.2,32.4,35.6,24.1,20.2,17.3,28.8,6.8,26.3,17.6,24.1,19.8,27.7,32,22,16.9,29.5,29.2,21.2,,,,,,22.2204,114.2127
2026-08-14T01:00,28.3,29.2,29.6,28.9,29.2,28.6,29.7,29.8,28.6,29.3,29,29.8,29.8,29.2,29.4,28.3,29.9,29,29.3,29.2,29.2,29.3,28.7,28.7,29.1,29.6,30.5,29.4,29.4,29.3,29.1,30.3,29.3,27.8,29.5,28.5,29.8,29,30.1,30.2,86,86,81,83,83,87,82,83,86,86,87,84,83,82,85,87,84,86,84,85,84,83,84,84,84,83,82,81,81,85,83,81,84,88,84,84,79,84,79,80,0.1,0,0,0,0,0.1,0.3,0.7,0.1,0,0.3,0,0,0.1,0,0.1,0,0,0,0,0,0.1,1.5,0,0,0,0,0,0,0,0,0,0,0,0,0,0.2,0,0,0,6,7.9,6.4,5.2,4.9,7.1,5.8,7.1,7.7,6.6,8.5,5.8,5.1,6.1,8,7.2,9.2,4,3.8,5.2,4,1.9,9.7,5.8,3.4,8.7,14.8,7.3,5.3,7,7.1,2.2,9.9,4.7,5.8,6.6,1.8,9.3,3.2,7.4,,,,,,,,,,,,,,,,,,,,,,,,,,,,,,,,,,,,,,,,,28.6,28.2,27.9,28.4,28.4,28.5,27.8,28.5,28.4,28.3,28.2,28.8,28.1,28.3,28.1,28.2,28.7,28.5,28.3,27.2,28.2,28.2,29.6,28.3,28.3,29,28.5,28.4,28.5,28.4,28.9,83,88,86,81,81,84,88,81,86,88,84,79,88,86,87,87,81,84,86,84,88,86,74,86,84,78,81,82,84,81,80,0.3,0.5,0.6,1.7,0.6,0.3,0.1,0.2,0.2,0.2,0,0,0.1,0,0.1,0.1,0.7,0.3,0.2,0.3,0.6,0,1.1,0.2,0.8,0.4,0.5,1,0.4,1.4,0.4,16,21,18.1,21,14.4,24.5,17.1,19.2,16.6,16.6,25.2,18,20.4,19.6,24.8,18.7,17.9,14.1,18.4,5.5,17.4,13.4,15.3,15.5,17.3,24.8,16.3,12.7,20.9,26.2,13.5,20.9,30.2,24.1,30.6,21.6,38.5,24.8,26.6,22.7,25.6,35.6,23.8,28.8,29.9,38.9,27.4,23.4,18.4,27.7,7.2,25.9,17.3,22,21.6,28.1,33.5,23.4,17.6,31,34.6,16.9,,,,,,22.2204,114.2127
2026-08-14T02:00,28.3,29.2,29.6,28.8,29.2,28.5,29.5,29.7,28.6,29.4,28.8,29.8,29.8,29.2,29.5,28.1,29.8,29,29.2,29.2,29.2,29.2,28.7,28.7,29.1,29.5,30.5,29.4,29.4,29.3,29.1,30.2,29.3,27.7,29.5,28.4,29.5,29.1,30,30.2,86,86,82,83,83,88,82,84,87,86,88,84,83,82,86,88,84,86,84,85,84,83,85,83,84,84,82,82,82,85,83,82,84,88,84,84,80,84,80,80,0.1,0,0,0,0,0.1,0.3,0.7,0.1,0,0.3,0,0,0.1,0,0.1,0,0,0,0,0,0.1,1.5,0,0,0,0,0,0,0,0,0,0,0,0,0,0.2,0,0,0,5.5,7,5.9,4.3,4.1,6.4,5.5,5.9,7,5.8,7.9,5,4.8,6.1,7.8,6.4,9.4,3.6,3.6,4.6,3.3,1.6,9.5,6,2.7,7.9,14.3,7.1,4.7,6.7,6.6,1.8,9.7,4.3,5.4,6.3,1.5,8.9,2.9,7.5,,,,,,,,,,,,,,,,,,,,,,,,,,,,,,,,,,,,,,,,,28.6,28.2,27.9,28.5,28.5,28.5,27.8,28.3,28.4,28.3,28.1,28.8,28,28.2,28.1,28.2,28.7,28.4,28.2,27.2,28.2,28.1,29.6,28.2,28.3,29,28.5,28.3,28.5,28.3,28.9,82,88,85,80,81,83,88,82,85,88,84,78,88,86,87,88,80,84,86,84,88,86,73,86,83,78,81,82,83,81,79,0.3,0.5,0.6,1.7,0.6,0.3,0.1,0.2,0.2,0.2,0,0,0.1,0,0.1,0.1,0.7,0.3,0.2,0.3,0.6,0,1.1,0.2,0.8,0.4,0.5,1,0.4,1.4,0.4,16.3,21.9,18.4,20.6,16.4,25.4,16.3,20.7,17.4,16.3,25.7,16.8,19.6,18.6,25,20.4,19,14.9,17.1,6.5,16.8,13.7,15.3,15.8,16.9,25.5,17.1,14.1,21.9,27.2,11,21.2,31.7,26.6,31,25.2,40.3,23.4,29.5,23.8,25.2,35.6,20.9,28.1,28.8,40,30.2,26.3,20.2,25.9,8.6,25.9,18,20.2,22.7,27.7,33.8,24.1,19.8,32.4,37.1,13.3,,,,,,22.2204,114.2127
2026-08-14T03:00,28.2,29.2,29.6,28.8,29.2,28.5,29.4,29.6,28.5,29.4,28.6,29.7,29.7,29.1,29.5,27.9,29.8,28.9,29.1,29.2,29.1,29,28.6,28.7,29,29.4,30.5,29.4,29.4,29.3,29.1,30,29.4,27.6,29.5,28.4,29.2,29.1,29.9,30.2,86,86,82,84,83,88,82,85,87,85,88,84,83,83,86,89,84,86,85,85,84,83,86,83,84,84,83,82,82,85,83,83,84,88,84,84,81,84,81,80,0.1,0,0,0,0,0.1,0.3,0.7,0.1,0,0.3,0,0,0.1,0,0.1,0,0,0,0,0,0.1,1.5,0,0,0,0,0,0,0,0,0,0,0,0,0,0.2,0,0,0,5,6.1,5.5,3.7,3.7,5.8,5,4.9,6,5,7.4,4,4.4,5.9,7.1,5.9,9.7,3.2,3.1,3.8,3,0.8,9.5,5.8,2.4,7.1,13.5,6.8,3.8,6.2,6.7,1.4,9.4,4,4.7,5.8,1.8,8.5,2.5,7.6,,,,,,,,,,,,,,,,,,,,,,,,,,,,,,,,,,,,,,,,,28.4,28.2,27.9,28.6,28.6,28.4,27.8,28.3,28.4,28.3,28,28.7,28.1,28.3,28,28.2,28.7,28.3,28.1,27.3,28.1,28.2,29.4,28.2,28.3,28.9,28.4,28.3,28.4,28.3,28.9,83,87,84,79,81,83,87,81,84,87,84,76,86,85,87,88,80,84,86,83,88,84,73,86,82,78,81,81,83,81,79,0,1.2,1.6,1.1,0.4,0,0.2,0.9,0.4,0.1,0,0.1,0.5,0.2,0,0.4,0,1.1,0.1,0.4,0.2,1.2,0.1,0,0.9,0.1,0.4,1.4,0.3,0.9,0.3,15.9,20.9,19.7,17.9,17.7,25.3,15.3,21.1,18.9,15.3,24.7,15.6,18.9,19.5,23.2,21.7,19.9,16.6,15.4,9,17.1,15.1,14.5,15.6,16.9,24.9,17.1,17.1,22.7,24.1,8.8,21.2,31,28.8,27,27,40.3,22,29.9,26.6,23.4,34.2,19.4,27.4,30.2,37.4,32.4,28.4,23,22.7,11.2,26.6,21.2,18.4,22.7,26.6,33.1,24.1,25.2,32.8,33.1,10.8,,,,,,22.2204,114.2127
2026-08-14T04:00,28.2,29.2,29.6,28.8,29.2,28.4,29.2,29.6,28.5,29.5,28.5,29.7,29.6,29,29.6,27.8,29.8,28.9,29,29.1,29.1,28.8,28.5,28.7,29,29.4,30.4,29.4,29.3,29.3,29,29.9,29.4,27.5,29.5,28.4,28.9,29.2,29.8,30.2,86,86,82,84,83,89,82,85,87,85,89,85,83,83,86,89,84,86,85,85,84,83,86,83,84,84,83,83,83,84,83,83,84,88,84,84,82,84,82,80,0.1,0,0,0,0,0.1,0.3,0.7,0.1,0,0.3,0,0,0.1,0,0.1,0,0,0,0,0,0.1,1.5,0,0,0,0,0,0,0,0,0,0,0,0,0,0.2,0,0,0,4.6,5.4,5.5,3.2,3,5.7,4.7,3.9,5.3,4.7,6.9,3.4,3.7,5.9,6.8,5.4,10.3,2.9,3.3,3.7,2.3,0.4,9.2,5.5,2.1,6.6,13,6.9,3.3,5.8,6.6,1.1,9,3.6,4.4,5.5,1.8,8.2,2.6,7.7,,,,,,,,,,,,,,,,,,,,,,,,,,,,,,,,,,,,,,,,,28.3,28.3,28,28.8,28.7,28.4,27.9,28.4,28.5,28.3,27.9,28.7,28.2,28.4,27.9,28.2,28.6,28.4,28.1,27.5,28.1,28.4,29.1,28.2,28.5,28.8,28.3,28.5,28.4,28.3,28.8,84,86,82,77,81,84,86,80,82,86,85,74,84,84,88,86,81,83,86,82,87,82,74,86,81,79,81,80,82,81,79,0,1.2,1.6,1.1,0.4,0,0.2,0.9,0.4,0.1,0,0.1,0.5,0.2,0,0.4,0,1.1,0.1,0.4,0.2,1.2,0.1,0,0.9,0.1,0.4,1.4,0.3,0.9,0.3,14.8,19.1,21.5,14.7,18.5,24.6,14.3,20.9,20.6,14.6,23.2,14.8,17.7,21,20.7,23.2,20.6,18.6,13.7,12.2,18.2,18.1,13.2,15,17.4,23.5,16.5,21.1,23,18.9,6.5,20.9,29.2,31,21.2,27.7,38.9,20.2,29.5,30.2,21.2,32.4,18,26.6,32.8,33.5,34.2,30.2,26.6,18.4,14.8,27.7,26.3,16.2,22.3,25.2,31.7,23.8,32.4,32.8,25.9,8.6,,,,,,22.2204,114.2127
2026-08-14T05:00,28.2,29.2,29.6,28.7,29.2,28.3,29.1,29.5,28.5,29.5,28.4,29.7,29.6,29,29.6,27.7,29.8,28.8,28.9,29.1,29.1,28.7,28.4,28.7,29,29.3,30.4,29.4,29.3,29.4,29,29.8,29.4,27.4,29.5,28.3,28.6,29.3,29.6,30.2,86,86,82,84,83,89,83,86,88,85,89,85,84,84,86,90,85,86,85,85,84,84,87,83,84,84,83,83,83,84,83,84,83,88,83,84,83,84,83,80,0.1,0,0,0,0,0.1,0.3,0.7,0.1,0,0.3,0,0,0.1,0,0.1,0,0,0,0,0,0.1,1.5,0,0,0,0,0,0,0,0,0,0,0,0,0,0.2,0,0,0,4.1,4.6,5.5,2.7,2.5,5.1,4.6,3.1,4.8,4.7,6.6,2.9,3.5,5.9,6.5,4.7,10.7,2.5,3.3,3.4,1.9,0,9,5.7,1.8,5.8,12.5,7.2,2.9,5.6,6.4,0.7,8.6,3.3,3.7,5.4,1.9,7.9,2.3,7.6,,,,,,,,,,,,,,,,,,,,,,,,,,,,,,,,,,,,,,,,,28.2,28.5,28.2,29,28.8,28.4,28,28.2,28.6,28.4,27.9,28.8,28.4,28.5,27.9,28.2,28.6,28.4,28.1,27.6,28.1,28.6,28.9,28.3,28.6,28.8,28.2,28.6,28.4,28.4,28.8,85,84,81,76,81,84,85,80,81,85,85,72,82,83,88,85,81,82,85,81,86,80,75,86,80,79,81,79,82,81,79,0,1.2,1.6,1.1,0.4,0,0.2,0.9,0.4,0.1,0,0.1,0.5,0.2,0,0.4,0,1.1,0.1,0.4,0.2,1.2,0.1,0,0.9,0.1,0.4,1.4,0.3,0.9,0.3,14.1,18.1,22.3,13,18.6,23.4,13.6,20.4,21.4,14.3,21.9,13.7,17.3,22.3,18.7,23.2,20.5,19.7,11.8,14.8,18.5,20.1,12,14.5,16.4,21.6,16.3,23.9,23.3,14.6,4.3,20.2,28.1,31.7,16.6,27.4,36.7,19.1,28.8,32.4,20.2,30.6,16.6,25.9,34.6,30.2,34.2,30.6,28.8,14.8,17.6,27,30.2,14.8,22,22.7,29.5,23.4,37.4,32.8,19.4,7.6,,,,,,22.2204,114.2127
2026-08-14T06:00,28.1,29.2,29.5,28.7,29.2,28.3,29,29.5,28.4,29.6,28.3,29.7,29.5,28.9,29.7,27.6,29.7,28.8,28.9,29.1,29,28.6,28.4,28.7,28.9,29.3,30.4,29.4,29.2,29.4,29,29.7,29.4,27.4,29.5,28.3,28.4,29.3,29.5,30.2,85,86,83,85,83,90,83,86,88,85,89,86,84,84,87,90,85,86,85,85,84,84,87,83,84,85,84,84,83,84,83,84,83,88,83,84,84,84,83,81,0.1,0,0,0,0,0.1,0.3,0.7,0.1,0,0.3,0,0,0.1,0,0.1,0,0,0,0,0,0.1,1.5,0,0,0,0,0,0,0,0,0,0,0,0,0,0.2,0,0,0,4,4.2,5.4,2.3,1.8,4.8,4.3,2.2,4.2,4.9,6.2,2.5,3.4,5.9,6.2,4.5,11.3,2.2,3.4,3.3,1.6,0.4,8.7,5.4,1.5,5.3,12,7.2,2.7,5,6.6,0.5,8.4,2.9,3.4,5,2.3,7.7,2.3,7.8,,,,,,,,,,,,,,,,,,,,,,,,,,,,,,,,,,,,,,,,,28.4,28.7,28.3,29,28.8,28.5,28.1,27.7,28.6,28.6,28,28.8,28.4,28.5,28.1,28.3,28.7,28.4,28.3,27.7,28.2,28.6,28.8,28.4,28.7,28.8,28.1,28.6,28.5,28.4,28.7,84,82,81,75,81,83,84,82,81,83,84,70,81,82,87,83,80,82,84,81,85,79,75,85,79,78,81,79,82,80,79,0,0.7,0.5,0,0.4,0.1,0.1,2.5,0.2,0.2,0.1,0,0.1,1.2,0.4,1.7,1.4,1.5,0.1,0,0,0.8,0,0.1,0,0,0.3,0.1,0.3,1,1.1,13.8,18.7,21.2,11.8,17.1,22.1,13,19.7,20.2,15,20.7,12.1,17.4,22.4,18.9,20.9,18.7,19.4,9.6,15.5,16.5,21.9,11.5,13.8,13.6,19.3,16.1,25.1,23.7,11.4,2.2,19.1,28.4,29.9,14.4,24.5,33.8,18,28.8,31.3,21.2,29.2,14,25.2,34.6,29.9,31.3,28.1,28.4,12.2,18.4,23.4,32.8,14,21.2,18.7,25.9,23,39.2,33.1,15.1,8.3,,,,,,22.2204,114.2127
2026-08-14T07:00,28.1,29.2,29.5,28.7,29.2,28.3,28.9,29.4,28.4,29.6,28.2,29.7,29.5,28.9,29.7,27.5,29.7,28.8,28.8,29.1,29,28.5,28.3,28.7,28.9,29.3,30.3,29.4,29.2,29.4,29,29.6,29.4,27.3,29.5,28.3,28.2,29.3,29.5,30.2,85,86,83,85,83,90,83,87,88,85,89,86,84,85,87,90,85,86,85,85,84,84,88,83,84,85,84,84,84,84,83,85,83,88,83,84,85,84,84,81,0.1,0,0,0,0,0.1,0.3,0.7,0.1,0,0.3,0,0,0.1,0,0.1,0,0,0,0,0,0.1,1.5,0,0,0,0,0,0,0,0,0,0,0,0,0,0.2,0,0,0,3.7,3.9,5.8,1.9,1.4,4.6,4.3,2.2,3.8,4.7,5.8,2.6,3,5.7,6,4.3,11.6,1.8,3.5,3.2,1.3,0.8,8.7,5.1,1.3,5,11.5,7.2,3,5.2,6.5,0.5,8.2,2.9,3.1,4.6,2.4,7.5,2.4,8,,,,,,,,,,,,,,,,,,,,,,,,,,,,,,,,,,,,,,,,,28.7,28.9,28.5,28.9,28.9,28.7,28.3,27,28.7,28.8,28.1,29,28.5,28.6,28.3,28.4,28.8,28.4,28.5,27.8,28.4,28.7,28.8,28.6,28.8,29,28,28.5,28.5,28.4,28.6,81,80,81,75,80,81,83,85,80,82,83,68,81,80,85,80,79,81,82,81,84,79,75,84,79,76,81,81,81,79,79,0,0.7,0.5,0,0.4,0.1,0.1,2.5,0.2,0.2,0.1,0,0.1,1.2,0.4,1.7,1.4,1.5,0.1,0,0,0.8,0,0.1,0,0,0.3,0.1,0.3,1,1.1,14.1,20.1,18.8,10.6,14.7,20.3,13,20.3,18.1,16.3,19.9,10,17.8,21.9,20.3,17.9,16.5,17.8,7.9,15.2,13.4,23.7,11.5,13.2,9.6,16.4,16.3,26,24.1,9.3,2.3,18,29.5,26.6,13.3,19.8,30.6,17.6,28.8,28.8,23,28.1,11.5,24.5,33.5,31,26.6,24.1,27,10.4,18.4,18,34.6,14,20.2,14.4,21.2,22.7,38.9,33.5,11.5,9.7,,,,,,22.2204,114.2127
2026-08-14T08:00,28.1,29.2,29.5,28.7,29.2,28.2,28.8,29.4,28.4,29.6,28.2,29.7,29.5,28.8,29.7,27.5,29.7,28.8,28.8,29.1,29,28.4,28.3,28.7,28.9,29.2,30.3,29.4,29.2,29.4,29,29.6,29.4,27.3,29.5,28.3,28.1,29.4,29.4,30.1,85,86,83,85,83,90,83,87,88,85,89,86,84,85,87,90,85,86,85,85,84,84,88,83,84,85,84,84,84,84,83,85,83,88,83,84,85,84,84,81,0.1,0,0,0,0,0.1,0.3,0.7,0.1,0,0.3,0,0,0.1,0,0.1,0,0,0,0,0,0.1,1.5,0,0,0,0,0,0,0,0,0,0,0,0,0,0.2,0,0,0,3.6,3.8,5.8,1.9,1.4,4.3,4.1,1.8,3.7,4.8,5.6,2.4,3,5.7,6,4.2,11.6,1.8,3.5,3.3,1.3,0.8,8.6,5.1,1.3,5,11.3,7.3,3,4.9,6.5,0.5,8,2.9,2.7,4.6,2.4,7.3,2.4,8,,,,,,,,,,,,,,,,,,,,,,,,,,,,,,,,,,,,,,,,,28.9,29.2,28.8,29,29.2,28.9,28.5,26.5,28.8,29,28.4,29.2,28.6,28.8,28.6,28.4,29,28.5,28.6,27.9,28.6,28.7,28.9,28.9,29,29.3,28.1,28.6,28.7,28.6,28.6,79,78,80,74,79,80,82,87,80,80,81,67,81,79,83,79,78,81,81,80,83,79,74,82,78,74,80,81,81,78,79,0,0.7,0.5,0,0.4,0.1,0.1,2.5,0.2,0.2,0.1,0,0.1,1.2,0.4,1.7,1.4,1.5,0.1,0,0,0.8,0,0.1,0,0,0.3,0.1,0.3,1,1.1,14.1,21.5,17.4,10,12.2,19.3,13.5,20.6,17.1,17.6,19.1,7.9,18.6,21.4,21.3,15.7,15.2,17.6,8.4,14.7,11.1,24.6,10.9,13.5,6.9,14.4,16.6,26.6,24.3,7,3.3,17.6,30.6,24.1,12.6,15.8,27.7,18.4,27.7,27,24.5,27.4,9.4,24.1,32,31,22,21.6,25.9,10.4,17.6,14.4,34.9,14,19.8,11.2,18,23.4,38.2,33.8,9,10.4,,,,,,22.2204,114.2127
2026-08-14T09:00,28.1,29.2,29.5,28.7,29.2,28.2,28.8,29.4,28.4,29.6,28.3,29.6,29.5,28.8,29.7,27.5,29.6,28.8,28.8,29.1,29,28.3,28.3,28.7,28.9,29.2,30.3,29.4,29.1,29.4,29,29.6,29.4,27.3,29.5,28.3,28.1,29.4,29.4,30.1,85,86,83,85,83,90,83,87,88,85,88,86,84,85,87,90,85,86,85,85,84,84,88,83,84,85,84,84,84,84,83,85,83,88,83,84,85,84,84,81,0.1,0.2,0,0,0.1,0.6,0.7,0.7,0.4,0,0.1,0.1,0.1,0.6,0,0.1,0,0.2,0,0.1,0,0.4,1.5,0.2,0.1,0.4,0.1,0.2,0,0,0,0.1,0.2,0.1,0.1,0.5,0.2,0.4,0,0.8,3.6,3.7,5.8,1.9,1.4,4.3,3.8,1.8,3.6,4.8,5.5,2.4,3,5.7,6,4.2,11.8,1.8,3.5,3.3,1.3,0.8,8.8,5.1,1.3,5,11.3,7.3,3.4,4.9,6.6,0.5,7.7,2.9,2.7,4.6,2.4,7.1,2.7,8,,,,,,,,,,,,,,,,,,,,,,,,,,,,,,,,,,,,,,,,,29.2,29.4,29.2,29.4,29.7,29.2,28.7,26.5,29.1,29.4,28.8,29.6,28.9,29.2,28.8,28.3,29.4,28.5,28.5,28.3,28.7,28.7,29.3,29.2,29.4,29.8,28.4,28.9,28.9,29.2,28.6,77,77,78,72,77,79,81,87,79,78,80,65,80,77,82,79,76,80,81,78,82,78,73,80,76,71,79,80,80,76,78,0,0.3,0.2,0,0.1,0,0,0.8,0.3,0,0.1,0,0,0.1,0,0.7,0.4,1.1,0.1,0,0,0.7,0,0,0.1,0,0.1,0,0,0.1,0.2,14.4,22.3,16.6,9.6,9.7,18.6,15.5,16.4,16.9,18.4,19.1,6.1,19.3,20.8,20.2,12.8,16.1,18.1,11.4,13.6,10.4,23.9,9.9,14.9,5.9,13.3,17.9,26.7,23.2,5.1,3.9,18,31.7,23,11.9,13,25.6,21.2,24.8,26.3,24.5,27,7.9,24.5,30.2,29.2,17.6,22.3,26.3,13.3,16.2,13.3,32.8,13.7,20.2,10.1,16.2,25.6,36.7,33.5,7.2,9,,,,,,22.2204,114.2127
2026-08-14T10:00,28.2,29.1,29.5,28.8,29.2,28.2,28.8,29.3,28.4,29.6,28.4,29.6,29.5,28.8,29.7,27.6,29.6,28.8,28.8,29.1,29,28.3,28.4,28.7,29,29.2,30.3,29.4,29.1,29.5,29,29.6,29.4,27.3,29.5,28.2,28.1,29.4,29.4,30.1,85,86,83,85,83,90,83,87,88,85,88,86,84,85,87,89,85,86,84,85,84,84,88,83,84,85,84,84,85,84,83,85,83,88,83,84,85,84,84,82,0.1,0.2,0,0,0.1,0.6,0.7,0.7,0.4,0,0.1,0.1,0.1,0.6,0,0.1,0,0.2,0,0.1,0,0.4,1.5,0.2,0.1,0.4,0.1,0.2,0,0,0,0.1,0.2,0.1,0.1,0.5,0.2,0.4,0,0.8,3.6,3.7,5.8,2.4,1.4,4.1,3.8,1.8,4,4.3,5,2.4,2.7,5.7,6,3.9,11.7,2.2,3,3.2,1.6,0.8,8.7,4.6,1.8,5.5,11,6.9,3.7,4.9,6.4,0.8,7.4,3.2,2.9,4.2,2.6,6.8,3.1,8,,,,,,,,,,,,,,,,,,,,,,,,,,,,,,,,,,,,,,,,,29.4,29.6,29.8,29.9,30.4,29.5,29,26.7,29.4,29.9,29.2,30.2,29.3,29.7,29.1,28,29.8,28.5,28.4,28.8,28.8,28.8,29.8,29.6,29.9,30.4,28.9,29.2,29.3,29.8,28.8,74,76,75,70,74,78,80,86,78,76,78,64,80,75,81,81,73,80,80,75,81,77,71,78,74,68,77,79,79,74,77,0,0.3,0.2,0,0.1,0,0,0.8,0.3,0,0.1,0,0,0.1,0,0.7,0.4,1.1,0.1,0,0,0.7,0,0,0.1,0,0.1,0,0,0.1,0.2,14.9,23.5,16.8,8.9,7.6,18.4,18.3,13,17.8,19.3,19.3,5.2,19.9,20.1,18.2,9.5,18.5,19.1,15.1,12.3,10.8,21.7,8.7,16.9,6.4,12.6,19.7,26.2,21.9,4.5,5.4,19.1,32.8,22.3,11.9,10.4,23.8,25.2,20.9,26.6,23.8,26.6,6.8,25.6,27.7,26.6,13.7,24.5,27,18,14.4,13.7,29.2,13,20.9,10.4,15.5,29.2,34.6,32.8,6.5,7.2,,,,,,22.2204,114.2127
2026-08-14T11:00,28.2,29.1,29.5,28.8,29.3,28.3,28.8,29.3,28.4,29.6,28.6,29.6,29.5,28.7,29.7,27.7,29.6,28.7,28.8,29.2,28.9,28.3,28.5,28.8,29,29.2,30.3,29.5,29.1,29.5,29,29.6,29.4,27.4,29.6,28.2,28.2,29.4,29.4,30,85,86,83,85,82,89,83,87,88,85,87,86,84,85,87,89,85,86,84,85,84,84,88,83,83,85,84,84,85,84,83,85,83,88,82,84,85,84,84,82,0.1,0.2,0,0,0.1,0.6,0.7,0.7,0.4,0,0.1,0.1,0.1,0.6,0,0.1,0,0.2,0,0.1,0,0.4,1.5,0.2,0.1,0.4,0.1,0.2,0,0,0,0.1,0.2,0.1,0.1,0.5,0.2,0.4,0,0.8,3.6,3.7,5.9,2.7,1.8,4.1,3.4,1.8,4.3,4.1,4.5,2.3,3.1,5.7,6.3,4,11.6,2.2,2.9,3.3,1.8,0.5,8.9,4.6,2,6.3,10.7,6.5,4.4,4.9,6.8,1.1,7.1,3.6,2.9,4.1,2.6,6.8,3.4,8,,,,,,,,,,,,,,,,,,,,,,,,,,,,,,,,,,,,,,,,,29.6,29.7,30,30.4,30.9,29.8,29.2,27,29.7,30.2,29.5,30.6,29.6,30.1,29.4,27.7,30.1,28.7,28.3,29.2,28.8,28.8,30.1,29.9,30.4,30.9,29.3,29.5,29.5,30.3,29,73,76,73,69,72,77,79,85,77,75,77,64,79,74,80,82,72,79,80,73,81,77,70,77,72,66,76,78,78,72,76,0,0.3,0.2,0,0.1,0,0,0.8,0.3,0,0.1,0,0,0.1,0,0.7,0.4,1.1,0.1,0,0,0.7,0,0,0.1,0,0.1,0,0,0.1,0.2,16,23.7,17.4,7.8,5.8,18.4,20.9,14.2,18.9,20.2,20.1,6.4,21.3,19.9,17.4,7.9,20.6,19.9,17.6,11.7,11.8,19.9,7.4,18.3,7.4,12.6,21.4,25.8,21.2,4.3,6.6,20.5,32.8,23,11.9,9.4,22.7,28.8,19.1,26.6,23.8,27,7.2,27.4,25.9,24.8,11.2,26.6,27.4,20.9,13.7,14.8,26.3,12.2,21.2,11.2,15.8,31.7,33.1,32.4,6.1,7.2,,,,,,22.2204,114.2127
2026-08-14T12:00,28.2,29.1,29.5,28.9,29.3,28.3,28.9,29.4,28.4,29.6,28.8,29.5,29.6,28.7,29.7,27.8,29.5,28.7,28.8,29.2,28.9,28.3,28.6,28.8,29.1,29.2,30.4,29.5,29,29.5,29,29.7,29.4,27.4,29.6,28.2,28.4,29.4,29.4,30,85,86,83,85,82,89,83,86,88,85,85,86,84,85,87,88,85,86,84,85,84,84,87,83,83,85,84,84,85,84,83,84,83,88,82,85,84,84,84,82,0.1,0.2,0,0,0.1,0.6,0.7,0.7,0.4,0,0.1,0.1,0.1,0.6,0,0.1,0,0.2,0,0.1,0,0.4,1.5,0.2,0.1,0.4,0.1,0.2,0,0,0,0.1,0.2,0.1,0.1,0.5,0.2,0.4,0,0.8,4,3.8,5.8,3.2,2.2,4.1,3.2,1.9,4.7,3.6,4.4,2.5,3.3,5.9,6.3,3.9,11.8,2.5,2.6,3.1,2.2,0.4,8.9,4.4,2.3,6.6,11,6.5,5.4,5.2,6.9,1.8,6.8,3.6,2.9,4.1,2.5,6.5,4.1,7.6,,,,,,,,,,,,,,,,,,,,,,,,,,,,,,,,,,,,,,,,,29.7,29.6,29.8,30.5,31.1,30,29.3,27.5,29.8,30.2,29.6,30.6,29.7,30.3,29.6,27.4,30.1,29,28.3,29.7,28.9,28.8,30,30,30.7,31.2,29.6,29.4,29.7,30.2,29.3,73,77,74,68,70,76,79,83,77,75,77,66,78,73,79,83,73,78,79,71,81,77,70,77,70,65,75,79,77,71,76,0,0,0,0,0,0,0,1,0,0,0,0,0,0,0,0.3,0,0,0,0,0,0.3,0,0,0,0,0.1,0,0,0,0.2,17.5,22.9,19.6,5.9,4.3,18.9,23.5,15.8,19.7,20.8,21.4,9.5,24,20.2,18.6,8.2,21.8,20.3,16.7,12.4,13.5,18.1,6.2,18.6,8.1,14,23.2,26,21.7,3.7,7.9,22.3,31.3,26.3,12.2,9.7,22,31.7,20.9,27,24.8,28.1,10.8,31,25.2,24.8,10.8,28.1,27,19.8,14.4,17.3,24.5,11.5,20.9,11.9,17.6,33.8,33.8,32.4,5.8,11.5,,,,,,22.2204,114.2127
2026-08-14T13:00,28.3,29,29.6,29,29.3,28.3,28.9,29.4,28.4,29.6,29,29.5,29.6,28.7,29.6,27.9,29.5,28.7,28.9,29.3,28.9,28.3,28.7,28.8,29.2,29.2,30.4,29.6,29,29.6,29,29.8,29.4,27.5,29.7,28.2,28.5,29.4,29.5,29.9,85,86,84,84,82,89,83,86,88,85,84,86,83,85,87,87,85,86,83,84,84,84,87,83,83,85,84,84,85,84,83,84,84,88,82,85,84,84,84,83,0.1,0.2,0,0,0.1,0.6,0.7,0.7,0.4,0,0.1,0.1,0.1,0.6,0,0.1,0,0.2,0,0.1,0,0.4,1.5,0.2,0.1,0.4,0.1,0.2,0,0,0,0.1,0.2,0.1,0.1,0.5,0.2,0.4,0,0.8,4,4.1,6.3,4,2.5,4.1,3,2.6,5.4,3.3,4,2.6,3.6,5.6,6.6,4.1,12,2.9,2.6,3.4,2.9,0.5,9.2,4.2,2.8,7.6,10.9,6.1,6.6,5.2,7.4,2.2,6.7,4.3,3.4,4.1,2.9,6.2,4.5,7.8,,,,,,,,,,,,,,,,,,,,,,,,,,,,,,,,,,,,,,,,,29.9,29.3,29.3,30.6,31.3,30.2,29.3,28.1,30,30.1,29.6,30.4,29.8,30.4,29.8,27.1,30,29.4,28.4,30.2,28.9,28.8,29.7,30,31,31.4,29.8,29.1,29.8,30,29.6,73,79,77,68,69,75,79,79,78,75,77,69,77,73,78,84,74,78,78,69,82,77,70,77,69,64,74,80,77,71,76,0,0,0,0,0,0,0,1,0,0,0,0,0,0,0,0.3,0,0,0,0,0,0.3,0,0,0,0,0.1,0,0,0,0.2,19.4,21.7,22.7,4.3,6.8,19.6,25.9,18.4,20.7,21.4,22.9,13.7,27.8,21.1,20.2,9.9,22.7,20.3,14.6,15,15.8,16.7,5.1,18.1,8.9,16.6,24.8,26,23.2,3.1,13,24.1,29.2,30.2,13,11.2,22,33.8,24.5,27.4,26.3,29.5,15.8,35.3,24.8,25.9,11.9,29.5,25.9,16.9,16.6,20.9,23.4,10.8,19.8,13,20.2,35.3,35.3,32.8,6.1,18.4,,,,,,22.2204,114.2127
2026-08-14T14:00,28.3,29,29.6,29,29.3,28.4,29,29.4,28.4,29.6,29.3,29.4,29.6,28.7,29.6,28.1,29.4,28.8,28.9,29.4,28.9,28.3,28.8,28.8,29.2,29.2,30.4,29.6,28.9,29.6,29.1,29.8,29.4,27.5,29.8,28.2,28.7,29.4,29.5,29.9,85,86,84,84,82,88,83,86,88,85,83,86,83,85,87,87,85,86,82,84,84,84,87,84,82,85,84,84,85,84,83,83,84,88,82,85,83,85,84,83,0.1,0.2,0,0,0.1,0.6,0.7,0.7,0.4,0,0.1,0.1,0.1,0.6,0,0.1,0,0.2,0,0.1,0,0.4,1.5,0.2,0.1,0.4,0.1,0.2,0,0,0,0.1,0.2,0.1,0.1,0.5,0.2,0.4,0,0.8,4,4.2,6.9,4.5,2.9,4.2,3.3,3.3,5.8,3.7,3.6,2.7,4.2,5.9,7,4.3,12,3.3,3.1,3.8,3.6,0.8,9.2,4,3.1,8.4,10.9,5.8,8,5.5,7.9,2.9,6.4,4.7,3.4,4.1,3,5.9,5.1,7.4,,,,,,,,,,,,,,,,,,,,,,,,,,,,,,,,,,,,,,,,,29.9,29.1,28.9,30.6,31.2,30.3,29.3,28.6,30,30,29.5,30.2,29.7,30.4,29.8,27,29.9,29.7,28.5,30.4,28.9,28.6,29.6,30,31.1,31.6,29.8,28.9,29.9,29.8,29.8,74,80,80,68,69,74,79,77,79,76,77,71,77,74,77,85,76,78,77,69,82,78,70,77,68,64,74,81,77,71,77,0,0,0,0,0,0,0,1,0,0,0,0,0,0,0,0.3,0,0,0,0,0,0.3,0,0,0,0,0.1,0,0,0,0.2,21.1,20.2,24.2,4.4,9.8,20.4,27.6,20.7,21.1,21.9,24.2,16.3,29.8,21.6,21.6,11.9,23.2,20.3,13.5,17.3,17.3,15.5,5.2,17.7,10,19.2,24.9,26.4,24.5,1.9,17.6,25.6,27,33.1,13.3,13,22.3,35.3,27,27.7,27,31.3,19.1,38.2,25.2,27.4,13.7,29.9,25.6,15.5,18.4,23,22.7,10.8,19.1,14,22.7,34.9,36.4,33.5,6.1,23.4,,,,,,22.2204,114.2127
2026-08-14T15:00,28.4,29,29.6,29.1,29.3,28.4,29.1,29.4,28.5,29.6,29.5,29.4,29.7,28.6,29.6,28.3,29.4,28.8,29,29.4,28.9,28.4,28.9,28.8,29.3,29.2,30.4,29.7,28.9,29.6,29.1,29.9,29.4,27.6,29.8,28.1,28.9,29.4,29.6,29.8,85,86,84,84,81,87,82,85,87,86,81,86,83,85,87,86,85,85,82,84,84,84,86,84,82,85,83,83,86,83,83,83,84,88,81,85,83,85,84,83,0.1,0.2,0,0,0.1,0.6,0.7,0.7,0.4,0,0.1,0.1,0.1,0.6,0,0.1,0,0.2,0,0.1,0,0.4,1.5,0.2,0.1,0.4,0.1,0.2,0,0,0,0.1,0.2,0.1,0.1,0.5,0.2,0.4,0,0.8,4.3,4.3,7.4,5.3,3.6,4.3,3.3,3.8,6.5,4.1,3.3,3,4.8,5.9,7.3,4.6,12.3,3.6,3.5,4.3,4,1.1,9.4,3.9,3.6,9.2,11.2,5.5,9.1,5.8,8.3,3.3,6.1,5.2,3.9,4.1,3.1,5.6,5.8,7.1,,,,,,,,,,,,,,,,,,,,,,,,,,,,,,,,,,,,,,,,,29.8,29.1,28.6,30.7,31,30.3,29.2,28.9,29.9,29.8,29.4,30.1,29.4,30.1,29.8,27,29.8,29.6,28.7,30.1,29,28.2,29.7,29.9,31,31.6,29.7,29,29.8,29.9,29.8,75,80,81,67,71,74,79,76,80,77,78,72,78,76,77,85,77,79,76,71,82,80,70,78,69,64,75,81,77,70,78,0,0,0,0,0,0,0,0,0,0,0,0,0.3,0,0,0.2,0,0,0,0,0,0.3,0,0,0,0,0,0,0,0,0.2,21.6,19,23.7,5.8,11.3,21.4,27.7,21,21.1,21.7,25.7,16.4,29.6,22.4,22.2,13.3,22.4,20.3,14.7,18.9,17.3,15.5,6.8,17.1,11.2,20.8,22.5,26.6,26.5,0.8,18.9,25.6,24.8,32.8,13,14.8,23.8,35.3,26.3,27.4,27,33.5,19.1,38.9,26.6,29.5,15.8,29.2,26.3,17.3,20.5,23,22.7,11.5,18.7,15.1,24.5,31.3,36.4,34.9,6.1,25.6,,,,,,22.2204,114.2127
2026-08-14T16:00,28.4,28.9,29.6,29.1,29.3,28.5,29.2,29.4,28.5,29.5,29.8,29.3,29.7,28.6,29.5,28.4,29.3,28.8,29.1,29.5,28.9,28.4,29,28.8,29.4,29.2,30.4,29.7,28.9,29.6,29.1,30,29.4,27.7,29.8,28.1,29.1,29.4,29.6,29.7,85,86,84,84,81,87,82,85,87,86,80,86,83,84,87,85,84,85,81,84,85,84,86,84,81,85,83,83,86,83,83,82,84,88,81,85,82,85,84,84,0.1,0.2,0,0,0.1,0.6,0.7,0.7,0.4,0,0.1,0.1,0.1,0.6,0,0.1,0,0.2,0,0.1,0,0.4,1.5,0.2,0.1,0.4,0.1,0.2,0,0,0,0.1,0.2,0.1,0.1,0.5,0.2,0.4,0,0.8,4.3,4.5,7.9,5.8,4,4.7,3.3,4.6,6.9,4.6,3.3,3.3,5.2,6.1,7.3,4.7,12.5,4,4.6,4.9,4.7,1.4,9.5,3.8,4.2,10,11.2,5.4,10.2,5.6,9,3.7,5.9,5.5,3.9,4.1,3.2,5.6,6.2,7.1,,,,,,,,,,,,,,,,,,,,,,,,,,,,,,,,,,,,,,,,,29.6,29.3,28.4,30.7,30.5,30.2,29.1,29.1,29.7,29.7,29.2,30.1,29,29.7,29.6,27.2,29.7,29.4,29,29.6,29,27.7,30,29.7,30.8,31.5,29.5,29.1,29.6,30.2,29.6,76,81,82,66,74,74,80,75,80,79,80,73,80,78,77,84,78,79,76,75,81,83,69,79,71,64,76,81,78,70,79,0,0,0,0,0,0,0,0,0,0,0,0,0.3,0,0,0.2,0,0,0,0,0,0.3,0,0,0,0,0,0,0,0,0.2,21.1,17.6,21.7,7.4,13.3,22.6,26.8,20.1,21,21.2,27,15.6,28.1,22.9,22.7,14.8,21.2,19.7,17.2,19.7,16.8,15.9,9.2,16.5,12.8,22.2,18.6,26.4,28.2,1.6,18.9,25.2,22.3,31,12.2,16.6,25.2,33.8,24.5,26.6,26.3,35.6,17.3,38.2,28.4,32,19.1,27.4,27.4,20.5,22.7,22.3,23,12.6,18.4,16.2,25.9,25.9,36,36.4,6.1,25.9,,,,,,22.2204,114.2127
2026-08-14T17:00,28.5,28.9,29.6,29.2,29.3,28.5,29.2,29.4,28.5,29.5,30,29.2,29.8,28.5,29.5,28.6,29.3,28.8,29.1,29.6,28.9,28.4,29.1,28.8,29.4,29.2,30.4,29.8,28.8,29.7,29.1,30.1,29.3,27.7,29.9,28.1,29.3,29.3,29.7,29.7,85,86,84,83,81,87,82,84,87,86,78,86,82,84,87,84,84,85,81,84,85,84,86,84,81,85,83,83,86,83,83,82,84,88,81,86,82,85,83,84,0.1,0.2,0,0,0.1,0.6,0.7,0.7,0.4,0,0.1,0.1,0.1,0.6,0,0.1,0,0.2,0,0.1,0,0.4,1.5,0.2,0.1,0.4,0.1,0.2,0,0,0,0.1,0.2,0.1,0.1,0.5,0.2,0.4,0,0.8,4.7,4.8,8.6,6.4,4.3,4.6,3.4,5.4,7.2,5.3,3,4,5.7,5.9,7.6,5.3,12.6,4.3,5.2,5.5,5,1.8,9.8,3.7,4.7,10.7,11,5.2,11.3,6,9.5,4.4,5.7,5.9,4.1,4.1,3.7,5.4,6.9,6.8,,,,,,,,,,,,,,,,,,,,,,,,,,,,,,,,,,,,,,,,,29.4,29.3,28.3,30.7,30.2,30.1,28.9,29.1,29.5,29.5,29.1,29.9,28.7,29.3,29.4,27.3,29.5,29.2,29,29.2,29.1,27.2,30.1,29.5,30.5,31.3,29.3,29.2,29.4,30.2,29.5,78,81,83,66,76,74,81,76,81,80,81,75,81,80,78,84,79,80,76,78,80,85,69,80,73,65,77,81,79,70,80,0,0,0,0,0,0,0,0,0,0,0,0,0.3,0,0,0.2,0,0,0,0,0,0.3,0,0,0,0,0,0,0,0,0.2,20.9,17,19.9,9.4,15.7,22.9,25.5,19.4,20.7,20.6,27,14.8,26.1,22.4,22.3,16.2,19.6,19.2,18.3,19.7,16.4,16.6,11.2,15.6,13.8,22.6,16.4,25.8,29.2,3.4,18.8,24.8,20.9,28.8,12.2,18.4,26.3,32.8,23,25.9,25.6,36.4,16.6,36.7,29.2,32.4,22.3,25.6,27.4,22,23.8,21.2,23.4,13.7,18,16.9,26.6,22,34.9,37.4,6.5,25.2,,,,,,22.2204,114.2127
2026-08-14T18:00,28.5,28.9,29.6,29.2,29.3,28.5,29.3,29.4,28.5,29.5,30.1,29.2,29.8,28.5,29.4,28.7,29.2,28.8,29.2,29.6,28.9,28.5,29.1,28.8,29.5,29.3,30.4,29.8,28.8,29.7,29.2,30.1,29.3,27.8,29.9,28.1,29.4,29.3,29.7,29.6,85,86,84,83,81,86,82,84,87,86,77,86,82,84,87,84,84,85,80,84,85,84,85,84,81,85,83,83,86,83,83,81,85,88,81,86,81,85,83,84,0.1,0.2,0,0,0.1,0.6,0.7,0.7,0.4,0,0.1,0.1,0.1,0.6,0,0.1,0,0.2,0,0.1,0,0.4,1.5,0.2,0.1,0.4,0.1,0.2,0,0,0,0.1,0.2,0.1,0.1,0.5,0.2,0.4,0,0.8,4.7,5,9.2,6.9,4.3,4.9,3.5,5.9,7.6,6,3.1,4,6,5.9,7.6,5.2,12.6,4.7,5.8,5.8,5.4,2.2,9.9,3.3,5,11.5,11,5,12.4,6,9.8,4.4,5.8,6,4.4,4.1,3.7,5.1,7.2,6.4,,,,,,,,,,,,,,,,,,,,,,,,,,,,,,,,,,,,,,,,,29.2,29.1,28.2,30.4,29.9,29.9,28.6,28.9,29.2,29.3,28.9,29.6,28.6,29,29.2,27.2,29.3,29,28.7,29.1,29,26.9,30,29.3,30.1,30.8,29.1,29,29.1,29.7,29.4,80,82,84,67,77,74,82,78,82,81,83,78,82,82,80,85,81,80,77,79,80,86,70,80,75,67,78,81,81,72,80,0.1,0,0,0,0,0,0.3,0,0,0,0,0,0.9,0,0,1.8,0.1,0.1,0,0.2,0,0.7,0,0,0.1,0,0.1,0.2,0,0,0.5,20.4,16.8,18.6,11.2,17.3,21.6,24.1,19,20.2,19.5,24.7,15,24.3,20.6,20.2,19.1,18.1,17.4,17.1,18.7,16.2,16.4,12.3,15.5,13.8,22.2,15.6,23.8,28.2,5.4,17.7,25.2,20.5,27,13.3,20.2,25.9,31.7,23,25.6,24.1,33.8,17.3,34.6,27.7,28.4,26.3,23.8,25.2,20.2,22.3,20.5,23.8,14.4,17.6,16.2,26.6,20.5,32,37.1,8.3,23,,,,,,22.2204,114.2127
2026-08-14T19:00,28.6,28.8,29.6,29.3,29.3,28.5,29.3,29.3,28.5,29.5,30.3,29.1,29.8,28.4,29.4,28.8,29.2,28.8,29.2,29.6,28.9,28.5,29.2,28.8,29.5,29.3,30.4,29.8,28.8,29.7,29.2,30.2,29.2,27.8,29.9,28.1,29.5,29.3,29.7,29.5,85,86,84,83,81,86,82,84,87,86,76,86,82,85,87,83,84,85,80,84,85,84,85,85,81,85,83,83,86,83,83,81,85,88,81,86,81,85,83,85,0.1,0.2,0,0,0.1,0.6,0.7,0.7,0.4,0,0.1,0.1,0.1,0.6,0,0.1,0,0.2,0,0.1,0,0.4,1.5,0.2,0.1,0.4,0.1,0.2,0,0,0,0.1,0.2,0.1,0.1,0.5,0.2,0.4,0,0.8,4.7,5,9.5,7.4,4.7,4.9,3.7,6.2,8,6.2,3.2,4.3,6.4,5.6,7.6,5.5,12.7,4.7,6.2,6.1,5.8,2.2,10.2,3.3,5.3,11.9,10.8,4.9,12.7,6,10,4.8,5.6,6.4,4.3,4.1,3.9,4.6,7.6,6.4,,,,,,,,,,,,,,,,,,,,,,,,,,,,,,,,,,,,,,,,,28.9,28.9,28.2,30,29.8,29.7,28.3,28.5,28.9,29.1,28.6,29.2,28.5,28.8,29,27,29,28.9,28.2,29,29,26.7,29.7,29.1,29.8,30.3,29,28.7,28.7,29.1,29.3,82,84,85,68,77,75,84,81,84,83,84,81,83,83,81,87,83,79,78,79,79,86,72,81,76,70,79,82,83,75,80,0.1,0,0,0,0,0,0.3,0,0,0,0,0,0.9,0,0,1.8,0.1,0.1,0,0.2,0,0.7,0,0,0.1,0,0.1,0.2,0,0,0.5,20.1,17.4,17.3,12.7,18.2,19.8,22.9,18.6,19.7,18.1,20.7,15.6,21.9,18.1,16.8,22.9,16.9,15.6,14.4,16.8,16.2,16.1,13.1,15,13,21.1,15.1,21.3,25.9,8.4,15.8,25.6,21.2,25.2,15.1,22,24.5,30.6,23.4,25.6,22.7,29.5,19.1,31.7,25.6,22.3,30.6,21.6,22.3,16.6,19.8,19.8,23.8,15.1,17.6,15.1,26.3,20.2,28.4,36,10.1,20.2,,,,,,22.2204,114.2127
2026-08-14T20:00,28.6,28.8,29.6,29.3,29.3,28.5,29.3,29.3,28.5,29.4,30.3,29.1,29.8,28.3,29.3,28.9,29.2,28.8,29.2,29.6,28.9,28.5,29.2,28.8,29.5,29.3,30.4,29.8,28.8,29.7,29.2,30.2,29.2,27.8,29.8,28.1,29.6,29.3,29.7,29.5,85,86,84,83,81,86,82,84,87,86,75,86,82,85,87,83,84,85,80,84,85,84,85,85,81,85,83,83,86,83,83,81,85,88,81,86,81,85,83,85,0.1,0.2,0,0,0.1,0.6,0.7,0.7,0.4,0,0.1,0.1,0.1,0.6,0,0.1,0,0.2,0,0.1,0,0.4,1.5,0.2,0.1,0.4,0.1,0.2,0,0,0,0.1,0.2,0.1,0.1,0.5,0.2,0.4,0,0.8,4.7,5,9.8,7.4,4.7,4.9,3.4,6.4,8,6.2,3.4,4.3,6.4,5.6,7.6,5.5,12.6,4.7,6.5,6.1,5.8,2.2,10,3.2,5.3,12.4,10.5,4.6,13.2,6,10.4,4.8,5.6,6.5,4.3,4.1,3.9,4.6,7.6,6,,,,,,,,,,,,,,,,,,,,,,,,,,,,,,,,,,,,,,,,,28.7,28.7,28.3,29.7,29.6,29.6,28.1,28.3,28.7,29,28.4,28.9,28.3,28.7,28.8,26.9,28.7,28.8,27.9,29,28.9,26.6,29.5,29,29.5,29.8,28.9,28.4,28.4,28.6,29.1,84,85,85,69,78,75,85,83,85,84,85,83,84,84,83,88,84,79,79,79,79,86,74,81,77,73,79,83,85,77,80,0.1,0,0,0,0,0,0.3,0,0,0,0,0,0.9,0,0,1.8,0.1,0.1,0,0.2,0,0.7,0,0,0.1,0,0.1,0.2,0,0,0.5,19.6,17.7,16.3,14,18.6,18.1,21.5,18.2,19.2,16.8,18.1,16,18.9,16.1,14.5,24.6,16.1,15,11.6,14.8,15.8,15.5,14.2,15,12.8,20.1,15.1,19.3,24.1,10.2,13.7,25.9,22,23.4,16.2,23.4,22.7,29.2,23.8,25.6,20.9,26.6,20.9,28.1,23.4,17.6,33.8,20.5,20.5,13,17.3,19.1,23.8,16.6,17.6,14.8,25.9,20.5,25.9,34.9,11.5,16.9,,,,,,22.2204,114.2127
2026-08-14T21:00,28.6,28.7,29.6,29.3,29.3,28.4,29.3,29.2,28.5,29.4,30.3,29,29.8,28.1,29.3,28.9,29.2,28.8,29.2,29.5,28.9,28.5,29.1,28.7,29.5,29.4,30.4,29.7,28.8,29.7,29.2,30.2,29.1,27.8,29.7,28.1,29.6,29.3,29.7,29.4,85,86,84,83,81,86,82,84,87,86,74,86,82,86,87,83,84,85,80,84,85,84,85,85,81,85,83,83,86,83,83,81,85,88,81,86,81,85,83,85,0,0,0,0.6,0,0.7,0.5,0.4,0.7,0,0,0,0,1.1,0.1,0.1,0.1,0,0,0,0,0,0.4,0.1,0,0,0.2,0.2,0,0,0,0,0.1,0,0,0,0.2,0,0.3,0.5,4.7,5,9.8,7.4,4.7,4.9,3.1,6.4,8.1,5.8,3.9,4.3,6.4,5.4,7.3,5.5,12.4,4.7,6.5,5.8,5.8,1.8,9.8,3.3,5.3,12.6,10,4.3,13.2,5.6,10.4,4.8,5.6,6.6,4.1,4.1,3.9,4.3,7.7,5.5,,,,,,,,,,,,,,,,,,,,,,,,,,,,,,,,,,,,,,,,,28.6,28.5,28.3,29.4,29.4,29.6,28,28.2,28.5,28.9,28.4,28.7,28.1,28.6,28.7,27,28.6,28.6,27.9,29,28.8,26.7,29.3,28.8,29.3,29.5,28.8,28.1,28.2,28.4,29,84,86,85,70,79,74,86,84,87,84,85,84,84,85,84,88,85,80,79,79,79,86,76,82,77,74,79,85,86,78,81,0.4,0,0,0,0,0,0.4,0.1,0,0,0.6,0,0.6,0,0,2.3,0,0,0,0.1,0.1,0.1,0,0,0.1,0,0.1,0,0,0,0.2,19.4,17.7,15.6,14.5,18.6,16.3,19.4,17.5,18.7,15.5,17.8,16.6,14.3,15.4,13.8,24.8,16.1,15.1,8.4,13,15,15.1,15.7,14.8,13.2,19,15.3,18.5,23.6,9.8,11.5,25.9,23.4,22,16.6,23.8,20.5,26.6,23.8,25.9,19.1,26.3,23,23.8,22.3,16.2,35.3,20.5,21.2,9.4,15.1,18,23.8,19.1,18,15.8,25.2,21.2,24.8,33.8,11.2,14,,,,,,22.2204,114.2127
2026-08-14T22:00,28.6,28.7,29.5,29.2,29.3,28.3,29.3,29.1,28.5,29.4,30.3,29,29.8,27.9,29.2,28.9,29.2,28.8,29.2,29.4,28.9,28.6,29,28.6,29.5,29.4,30.4,29.6,28.9,29.6,29.2,30.1,29,27.8,29.6,28,29.6,29.2,29.7,29.3,85,86,84,83,82,86,82,85,87,86,73,86,82,86,87,83,84,85,80,84,85,84,85,86,82,85,83,83,86,83,83,81,85,88,81,86,81,85,83,86,0,0,0,0.6,0,0.7,0.5,0.4,0.7,0,0,0,0,1.1,0.1,0.1,0.1,0,0,0,0,0,0.4,0.1,0,0,0.2,0.2,0,0,0,0,0.1,0,0,0,0.2,0,0.3,0.5,4.3,4.8,9.5,7.4,4.3,4.7,2.6,6.4,7.8,5.5,4.4,4,6,5.1,7.3,5.2,12.1,4.3,6.2,5.7,5.4,1.4,9.8,2.9,5.2,13,9.4,4.1,12.8,5.3,10,4.5,5.5,6.3,3.8,4.1,3.7,4.1,7.4,5.2,,,,,,,,,,,,,,,,,,,,,,,,,,,,,,,,,,,,,,,,,28.6,28.4,28.4,29.2,29.2,29.7,28.1,28.1,28.3,28.8,28.5,28.6,27.9,28.6,28.7,27.2,28.5,28.5,28.1,29,28.7,27,29.2,28.6,29.2,29.3,28.7,27.9,28.2,28.4,28.8,84,88,85,71,80,71,86,85,88,84,84,85,84,85,84,87,85,82,78,78,80,86,78,84,77,75,79,87,86,77,82,0.4,0,0,0,0,0,0.4,0.1,0,0,0.6,0,0.6,0,0,2.3,0,0,0,0.1,0.1,0.1,0,0,0.1,0,0.1,0,0,0,0.2,19.4,18.1,14.6,14.8,18.1,14.2,17.3,16.3,18.2,14.8,18.6,17.2,11.4,15.9,13.5,26.6,16.6,15.9,4.8,11.4,13.9,15,17.3,15.4,14.6,18,16.4,18.5,23.3,8.6,9,26.3,24.8,20.5,16.6,23.4,17.6,24.1,23.4,26.6,17.3,27.4,25.6,18.7,21.2,16.6,35.6,21.6,23.4,6.1,13.3,16.6,23.4,22.3,18.7,18,24.5,22.7,24.8,32.8,9.7,11.2,,,,,,22.2204,114.2127
2026-08-14T23:00,28.6,28.6,29.5,29.2,29.3,28.1,29.2,28.9,28.5,29.3,30.1,28.9,29.8,27.7,29.1,28.9,29.2,28.8,29.2,29.3,28.9,28.6,28.9,28.6,29.4,29.5,30.3,29.5,28.9,29.6,29.2,30.1,28.8,27.8,29.5,28,29.5,29.2,29.7,29.2,85,87,84,84,82,87,82,85,87,86,73,86,82,87,88,84,84,85,81,85,86,83,86,86,82,84,84,84,86,83,83,81,85,88,82,86,81,85,83,86,0,0,0,0.6,0,0.7,0.5,0.4,0.7,0,0,0,0,1.1,0.1,0.1,0.1,0,0,0,0,0,0.4,0.1,0,0,0.2,0.2,0,0,0,0,0.1,0,0,0,0.2,0,0.3,0.5,4.3,4.7,9.4,7.1,4,4.5,1.8,6.1,7.5,4.8,4.9,3.6,5.4,4.6,6.6,4.5,11.3,4,5.9,5.1,5.1,1.1,9.3,3,5.2,13.2,8.7,3.6,12.2,5,9.7,3.8,5.2,6.1,3.7,3.9,3.5,3.9,7.2,4.7,,,,,,,,,,,,,,,,,,,,,,,,,,,,,,,,,,,,,,,,,28.7,28.3,28.4,29,29,29.7,28.1,28.1,28.2,28.8,28.5,28.5,27.7,28.6,28.7,27.4,28.5,28.4,28.2,28.9,28.6,27.2,29.1,28.5,29.1,29.2,28.6,27.8,28.3,28.4,28.6,83,89,85,72,81,70,86,85,89,84,84,85,84,85,84,86,85,84,78,78,80,86,80,85,77,76,79,88,86,77,83,0.4,0,0,0,0,0,0.4,0.1,0,0,0.6,0,0.6,0,0,2.3,0,0,0,0.1,0.1,0.1,0,0,0.1,0,0.1,0,0,0,0.2,19.6,18.1,14.3,14.6,18.2,12.8,16.6,16.2,18.2,14.5,19.1,17.4,10.6,15.9,13.8,28.6,16.7,16.3,3.2,10.1,13.1,14.1,19,15,15.5,17.3,17.8,18.7,23.3,7.3,7.1,27,25.9,19.8,16.6,24.5,15.8,23.8,23.8,27.4,16.6,28.1,27,14.8,20.9,17.3,34.9,22,25.6,4.3,12.2,15.5,22.3,25.2,18.7,19.4,24.1,24.5,25.2,32.4,8.6,9.4,,,,,,22.2204,114.2127
2026-08-15T00:00,28.6,28.5,29.4,29.1,29.3,28,29.2,28.8,28.5,29.3,30,28.8,29.7,27.5,29.1,28.8,29.2,28.8,29.2,29.2,28.8,28.7,28.8,28.5,29.3,29.6,30.3,29.4,29,29.6,29.2,30,28.7,27.8,29.3,28,29.4,29.1,29.6,29.1,85,87,84,84,83,87,82,86,88,86,72,86,82,88,88,84,84,85,81,85,86,83,86,87,83,84,84,84,85,83,83,81,85,88,82,86,82,84,83,86,0,0,0,0.6,0,0.7,0.5,0.4,0.7,0,0,0,0,1.1,0.1,0.1,0.1,0,0,0,0,0,0.4,0.1,0,0,0.2,0.2,0,0,0,0,0.1,0,0,0,0.2,0,0.3,0.5,4,4.6,8.8,6.8,3.6,4.4,1,5.7,7.3,3.9,5.4,3.2,4.8,4.1,6.4,4.2,10.6,3.6,5.2,4.8,4.7,0.5,9.3,3,5,13.7,7.8,2.9,11.6,4.7,9,3.2,5.1,5.8,3.4,3.9,3.1,3.7,7.1,4.3,,,,,,,,,,,,,,,,,,,,,,,,,,,,,,,,,,,,,,,,,28.7,28.2,28.4,28.7,28.9,29.6,28,28.2,28.3,28.7,28.4,28.4,27.5,28.5,28.6,27.4,28.4,28.3,28.1,28.9,28.6,27.4,28.9,28.3,29,29,28.6,27.8,28.4,28.3,28.6,82,90,84,74,81,70,86,84,88,84,84,85,84,85,85,86,85,85,78,78,80,86,81,86,77,78,79,87,84,77,83,0.9,0,0.1,0,0.8,0,2.5,1.3,0.3,0.3,0.3,0.3,0.2,0.2,0.2,0.6,0.8,1,0.2,0.4,0,1.9,0,0,0.1,0,0.6,0.1,0.7,0.7,0.8,21.3,17.5,14.5,14.9,20.5,12.4,19.4,17.6,19.2,14.4,19.4,16.8,7.3,15.9,14.3,26.6,15.9,16.5,4.3,10.2,12.7,12.5,20.2,13.9,15.7,17.7,19.9,18.7,23.8,7.3,6.7,29.9,25.9,20.2,17.6,28.1,15.1,27.7,25.6,28.8,17.3,28.8,26.6,11.2,21.2,18.4,33.1,21.6,27,5.4,12.6,15.1,19.8,27.7,17.6,20.2,25.6,27.7,25.9,33.1,8.6,9,,,,,,22.2204,114.2127
2026-08-15T01:00,28.5,28.4,29.4,29,29.3,27.8,29.1,28.6,28.4,29.2,29.8,28.8,29.7,27.2,29,28.8,29.2,28.8,29.2,29.1,28.8,28.7,28.6,28.3,29.3,29.6,30.2,29.3,29.1,29.5,29.2,29.9,28.5,27.8,29.1,28,29.3,29.1,29.6,29,85,87,84,84,83,88,83,86,88,86,71,86,82,89,88,85,83,85,81,85,86,83,87,87,83,84,84,85,85,83,83,82,86,88,83,87,82,84,83,87,0,0,0,0.6,0,0.7,0.5,0.4,0.7,0,0,0,0,1.1,0.1,0.1,0.1,0,0,0,0,0,0.4,0.1,0,0,0.2,0.2,0,0,0,0,0.1,0,0,0,0.2,0,0.3,0.5,3.6,4.5,8.2,6.6,2.9,4.3,0,5.6,7.2,3.1,6.2,2.5,4.2,3.6,6.1,3.8,9.8,3.3,4.7,4.7,4,0.8,8.9,2.7,4.7,14,7.4,2.7,10.7,4.1,8.4,2.6,5.1,5.7,3.3,4,2.9,3.4,6.9,4,,,,,,,,,,,,,,,,,,,,,,,,,,,,,,,,,,,,,,,,,28.8,28.1,28.3,28.5,28.8,29.4,27.9,28.3,28.4,28.6,28.3,28.4,27.5,28.4,28.5,27.4,28.3,28.2,27.9,28.9,28.5,27.6,28.7,28.3,28.9,28.7,28.6,27.9,28.7,28.2,28.6,81,91,84,77,80,71,86,83,86,85,85,85,83,84,85,87,85,86,78,77,81,86,82,86,78,79,79,85,82,77,81,0.9,0,0.1,0,0.8,0,2.5,1.3,0.3,0.3,0.3,0.3,0.2,0.2,0.2,0.6,0.8,1,0.2,0.4,0,1.9,0,0,0.1,0,0.6,0.1,0.7,0.7,0.8,23.7,16.9,15.3,15,23.8,12.6,24,19.8,20.3,14.8,19.7,16.3,4.6,16.1,15.3,22.4,14.9,18.4,7,10.9,12.9,10.3,20.9,12.5,15.3,19,22.3,18.9,24.7,8,6.8,33.8,25.6,21.2,18.7,33.1,15.1,33.5,28.1,30.2,18.7,29.5,25.6,9,22,19.8,30.2,20.5,28.4,7.9,14,15.1,16.2,29.9,15.8,20.5,27.4,32,27,34.6,9.4,9.7,,,,,,22.2204,114.2127
2026-08-15T02:00,28.5,28.4,29.3,28.9,29.2,27.6,29,28.4,28.4,29.2,29.6,28.7,29.7,27,28.9,28.7,29.2,28.8,29.2,28.9,28.7,28.7,28.5,28.2,29.2,29.7,30.1,29.1,29.2,29.5,29.2,29.9,28.3,27.8,28.9,28,29.3,29.1,29.6,28.9,85,87,84,85,84,89,83,87,88,86,71,86,82,91,88,85,83,85,82,86,86,83,87,88,84,83,85,85,85,82,84,82,86,89,83,87,82,84,83,87,0,0,0,0.6,0,0.7,0.5,0.4,0.7,0,0,0,0,1.1,0.1,0.1,0.1,0,0,0,0,0,0.4,0.1,0,0,0.2,0.2,0,0,0,0,0.1,0,0,0,0.2,0,0.3,0.5,3.2,4.3,7.6,6.3,2.6,4.1,0.8,5.7,6.8,2.4,7,2.3,3.6,2.8,5.5,3.3,9.2,2.5,3.7,4.6,3.6,1,8.4,2.7,4.6,14.1,7,2.2,10.2,3.6,7.9,2,5.4,5.6,3.3,3.7,2.9,3.3,6.7,3.9,,,,,,,,,,,,,,,,,,,,,,,,,,,,,,,,,,,,,,,,,28.8,28.1,28.3,28.4,28.7,29.3,27.9,28.3,28.5,28.5,28.3,28.4,27.4,28.4,28.4,27.4,28.3,28.1,27.7,28.8,28.5,27.7,28.5,28.2,28.8,28.6,28.6,28,28.8,28.1,28.5,80,91,83,79,80,72,86,82,84,85,85,84,83,84,86,87,85,86,78,77,81,86,83,86,78,80,79,84,81,77,81,0.9,0,0.1,0,0.8,0,2.5,1.3,0.3,0.3,0.3,0.3,0.2,0.2,0.2,0.6,0.8,1,0.2,0.4,0,1.9,0,0,0.1,0,0.6,0.1,0.7,0.7,0.8,24.5,16.4,16,14.4,25.4,12.6,26.6,20.3,22,15.2,19.9,15.8,7.6,16.1,15.5,18.1,14.5,20.4,9.1,11.5,12.5,9.5,20.9,11,14.8,19.5,22.9,18.7,25.1,7.9,6.4,35.3,25.2,22,18.4,35.6,15.5,37.1,28.4,32,19.8,29.5,24.5,10.1,23,20.9,26.6,20.2,29.2,10.1,15.5,14.8,13,30.2,13.7,20.2,28.1,34.2,27,34.9,9.7,10.1,,,,,,22.2204,114.2127
2026-08-15T03:00,28.5,28.3,29.3,28.8,29.2,27.5,29,28.3,28.4,29.1,29.4,28.6,29.6,26.7,28.8,28.6,29.2,28.8,29.2,28.8,28.7,28.8,28.3,28.1,29.1,29.8,30.1,29,29.2,29.4,29.2,29.8,28.1,27.8,28.7,28,29.1,29,29.5,28.8,85,87,84,85,85,89,83,88,88,86,70,86,82,92,89,86,83,85,82,86,86,82,87,88,85,83,85,86,84,82,84,82,86,89,84,87,83,84,82,87,0,0,0,0.6,0,0.7,0.5,0.4,0.7,0,0,0,0,1.1,0.1,0.1,0.1,0,0,0,0,0,0.4,0.1,0,0,0.2,0.2,0,0,0,0,0.1,0,0,0,0.2,0,0.3,0.5,2.9,4.3,7.4,5.8,2.3,4.2,1.8,5.5,6.7,2.2,7.5,1.6,3.1,2.3,4.9,2.9,8.5,2.2,3.3,4.4,2.9,1.6,8.4,2.4,4.5,14.5,7.2,2.2,9.2,3.3,7.3,1.8,5.5,5.1,3.4,3.9,2.6,3.3,6.6,4.1,,,,,,,,,,,,,,,,,,,,,,,,,,,,,,,,,,,,,,,,,28.8,28,28.3,28.3,28.6,29.2,27.8,28.2,28.5,28.4,28.3,28.4,27.5,28.3,28.2,27.4,28.2,27.9,27.7,28.8,28.4,27.7,28.4,28.3,28.7,28.6,28.3,28,28.7,28.1,28.4,80,91,83,80,80,73,86,83,83,85,85,83,83,85,87,87,85,86,77,77,81,86,83,85,78,79,80,84,82,77,82,0.4,0.4,0.3,0,0.5,0,0.1,0.6,0.9,0,0.2,0.3,2.1,0.1,0,0,0.4,0.3,0.4,0,0.1,2,0,0.3,0.2,0.1,0.2,0,0.3,0.1,0.1,22.4,15.5,16.3,11.6,24.5,12.6,25,17.4,23.7,15,19.2,15.8,12.5,16.3,15.3,14.3,14.8,19.6,9.5,11.6,12,8.8,19.7,8.9,14,19.1,20.9,17.2,24,7.3,4.3,32.4,24.5,22.7,14.8,34.2,15.8,35.6,24.8,33.5,20.5,28.4,24.1,18.4,24.1,20.5,21.6,20.9,28.8,11.2,16.2,14,10.8,27.7,11.5,18,27,33.1,24.5,33.8,9.4,9.4,,,,,,22.2204,114.2127
2026-08-15T04:00,28.5,28.2,29.2,28.8,29.2,27.3,28.9,28.1,28.4,29.1,29.3,28.6,29.6,26.5,28.8,28.5,29.2,28.8,29.2,28.7,28.7,28.8,28.1,28,29,29.9,30,28.9,29.3,29.4,29.1,29.7,28,27.8,28.5,28,29,29,29.5,28.7,85,88,84,85,85,90,83,89,89,86,70,86,82,93,89,86,83,85,83,87,87,82,88,89,85,83,86,86,84,82,84,82,86,89,84,87,83,84,82,88,0,0,0,0.6,0,0.7,0.5,0.4,0.7,0,0,0,0,1.1,0.1,0.1,0.1,0,0,0,0,0,0.4,0.1,0,0,0.2,0.2,0,0,0,0,0.1,0,0,0,0.2,0,0.3,0.5,2.9,4.3,7,5.5,1.8,4.3,2.6,5.4,6.4,2.4,8.3,1.5,2.9,1.8,4.6,3,7.4,1.9,3.1,4.7,2.5,2.4,7.9,2.6,4.1,14.9,7.3,1.9,8.6,2.9,6.7,1.5,5.6,5.1,3.7,3.9,2.7,3.6,6.6,4.6,,,,,,,,,,,,,,,,,,,,,,,,,,,,,,,,,,,,,,,,,28.8,28,28.2,28.3,28.5,29.1,27.8,28.1,28.5,28.4,28.3,28.4,27.6,28.2,28.1,27.3,28.2,27.7,27.8,28.7,28.4,27.6,28.4,28.4,28.7,28.7,27.9,27.9,28.5,28.2,28.2,80,90,82,80,81,73,87,84,82,86,84,82,82,86,89,87,85,85,76,77,82,86,83,83,78,78,82,83,84,77,83,0.4,0.4,0.3,0,0.5,0,0.1,0.6,0.9,0,0.2,0.3,2.1,0.1,0,0,0.4,0.3,0.4,0,0.1,2,0,0.3,0.2,0.1,0.2,0,0.3,0.1,0.1,19.1,15.1,16.3,8,22.1,12.6,21.5,13.6,25.2,15.3,18.4,15.6,18.4,17.1,14.3,10.8,15.5,17.1,9.7,12.1,11.5,7.4,17.6,7.3,12.6,18.2,19.5,14.7,22.6,6.9,2.8,27.4,23.4,23.4,9.7,30.6,16.6,32,19.4,34.9,20.5,27,23.8,30.2,25.2,19.4,15.5,22,28.1,11.9,16.9,13,8.6,23.8,9,15.1,24.5,30.6,20.9,32,9,7.9,,,,,,22.2204,114.2127
2026-08-15T05:00,28.5,28.2,29.2,28.7,29.2,27.2,28.9,28,28.3,29.1,29.1,28.5,29.5,26.3,28.7,28.5,29.3,28.8,29.2,28.5,28.7,28.8,28,27.9,28.9,29.9,30,28.8,29.4,29.3,29.1,29.7,27.9,27.7,28.3,27.9,29,29,29.5,28.6,85,88,84,86,86,90,83,89,89,86,70,86,83,94,89,87,83,85,83,87,87,82,88,89,86,82,86,87,84,82,84,83,86,89,84,87,83,83,82,88,0,0,0,0.6,0,0.7,0.5,0.4,0.7,0,0,0,0,1.1,0.1,0.1,0.1,0,0,0,0,0,0.4,0.1,0,0,0.2,0.2,0,0,0,0,0.1,0,0,0,0.2,0,0.3,0.5,2.5,4.4,6.9,4.9,1.5,4.2,3.6,5.8,6.4,3.1,8.6,1.6,2.6,1.3,4.6,2.9,6.8,1.6,3.1,5.1,1.8,3.1,7.4,2.6,4,15,7.6,1.8,8,2.7,6.6,1.5,6,4.9,3.9,3.9,2.9,3.7,6.7,4.9,,,,,,,,,,,,,,,,,,,,,,,,,,,,,,,,,,,,,,,,,28.8,28,28.3,28.4,28.6,29,27.8,28.1,28.5,28.4,28.4,28.5,27.7,28.2,28,27.3,28.3,27.6,27.9,28.7,28.4,27.7,28.4,28.6,28.7,28.9,27.7,28,28.4,28.3,28.1,80,88,82,79,81,73,87,84,81,86,83,81,82,86,89,86,85,85,75,76,82,86,81,81,77,76,83,83,85,77,84,0.4,0.4,0.3,0,0.5,0,0.1,0.6,0.9,0,0.2,0.3,2.1,0.1,0,0,0.4,0.3,0.4,0,0.1,2,0,0.3,0.2,0.1,0.2,0,0.3,0.1,0.1,16.3,15.2,16.3,4.8,19.3,12.3,18.8,10.5,26.8,15,17.1,16.1,22.7,17.6,13.8,8.1,16.1,15.8,10.6,12.1,10.3,6,15.5,5,10.7,16.7,20.3,12.4,21.1,6.9,4,22.7,23,23.4,5.8,26.6,16.9,28.8,14.8,36.7,20.2,25.2,24.1,38.9,26.6,19.1,10.4,22.7,27.4,13,17.3,11.9,7.2,20.2,7.2,12.6,22,28.1,17.3,30.6,8.6,7.2,,,,,,22.2204,114.2127
2026-08-15T06:00,28.4,28.2,29.1,28.7,29.2,27.1,28.9,27.9,28.3,29,29,28.5,29.5,26.2,28.7,28.4,29.3,28.8,29.2,28.5,28.6,28.9,27.9,27.9,28.9,30,30,28.7,29.4,29.3,29.1,29.6,27.7,27.7,28.2,27.9,28.9,28.9,29.5,28.5,85,88,84,86,86,91,83,90,89,86,69,86,83,94,89,87,83,85,84,87,87,82,88,90,86,82,86,87,83,82,84,83,86,89,85,87,84,83,82,88,0,0,0,0.6,0,0.7,0.5,0.4,0.7,0,0,0,0,1.1,0.1,0.1,0.1,0,0,0,0,0,0.4,0.1,0,0,0.2,0.2,0,0,0,0,0.1,0,0,0,0.2,0,0.3,0.5,2.2,4.5,6.6,4.7,1.6,4.6,4.1,5.9,6.4,3.6,9.1,1.5,2.5,1,4.1,2.9,6.5,1.3,3,5.2,1.4,3.4,7,2.5,3.7,15.1,8,2,7.8,2.6,6.1,1.3,6.5,5,4.1,4.1,2.8,3.7,6.8,5,,,,,,,,,,,,,,,,,,,,,,,,,,,,,,,,,,,,,,,,,28.9,28.2,28.3,28.5,28.8,29.1,27.8,28.2,28.5,28.4,28.5,28.6,27.6,28.4,28.3,27.4,28.4,27.4,28,28.7,28.5,27.8,28.6,28.8,28.8,29,27.8,28.1,28.4,28.3,28.1,79,86,81,78,80,73,86,83,80,85,82,80,82,84,86,85,84,86,74,75,81,85,78,79,76,74,83,82,85,77,84,0.1,0.3,0.1,0,0.7,0,0.4,0.3,1.6,0.1,0.8,0.2,1.4,1.2,0.5,0,0.4,0.6,0.2,0.1,0,0.2,0,0,0,0,0,0,0.4,0,0,13.9,16.4,15.5,3.2,16.5,12,17.4,8.3,28.2,14,15.6,17.1,24.3,18.9,14.5,6.4,16.4,17.4,12.4,12,8.4,4,13.4,2.2,8,14.4,20.3,10.3,20.3,6.9,5.6,18.7,24.1,22,4.7,22,16.2,27,11.5,38.9,18.4,23,25.9,40.7,28.4,19.8,7.6,23,27.4,15.5,16.9,10.1,5.8,17.6,6.5,11.5,18.7,27,14.4,30.2,7.9,7.2,,,,,,22.2204,114.2127
2026-08-15T07:00,28.4,28.2,29.1,28.7,29.1,27,28.9,27.8,28.4,29,28.9,28.5,29.5,26.1,28.7,28.4,29.3,28.8,29.2,28.4,28.6,28.9,27.9,27.8,28.8,30,30,28.6,29.5,29.2,29.1,29.6,27.7,27.7,28.1,27.9,28.8,28.9,29.5,28.5,85,88,84,86,87,91,83,90,89,86,69,86,83,95,89,88,83,85,84,87,87,82,88,90,87,82,86,87,83,82,84,83,86,89,85,87,84,83,82,88,0,0,0,0.6,0,0.7,0.5,0.4,0.7,0,0,0,0,1.1,0.1,0.1,0.1,0,0,0,0,0,0.4,0.1,0,0,0.2,0.2,0,0,0,0,0.1,0,0,0,0.2,0,0.3,0.5,2.2,4.1,6.8,4.4,1.5,4.8,4.6,5.9,6.5,3.9,9.4,1.8,2.5,0.8,4.4,2.9,5.7,1.3,3.2,5.4,1.1,3.8,6.6,2.5,3.6,15.3,8.4,2.1,7.5,2.5,5.9,1.5,6.5,4.8,4.3,4.1,3.1,3.8,6.9,5.2,,,,,,,,,,,,,,,,,,,,,,,,,,,,,,,,,,,,,,,,,29,28.5,28.5,28.7,29.1,29.2,27.9,28.3,28.6,28.5,28.6,28.7,27.6,28.7,28.6,27.5,28.6,27.2,28.1,28.8,28.6,28,28.8,29.1,28.9,29.2,27.9,28.3,28.4,28.5,28.1,78,83,80,76,78,72,84,82,80,84,80,80,83,81,81,85,82,87,73,73,81,85,74,78,75,73,81,81,85,77,83,0.1,0.3,0.1,0,0.7,0,0.4,0.3,1.6,0.1,0.8,0.2,1.4,1.2,0.5,0,0.4,0.6,0.2,0.1,0,0.2,0,0,0,0,0,0,0.4,0,0,11.6,18.2,14.8,3,13.6,11.6,16.8,6.5,29.2,12.2,13.9,18.6,24.8,20,15.7,4.6,16.6,20.2,14.4,11.8,6.1,2.3,12.2,3,6.9,12.2,19.4,9.1,19.8,6.5,7.3,15.1,26.3,20.2,4.7,16.6,15.1,25.9,9,41.4,15.8,20.2,28.8,38.5,30.2,20.9,5.8,23.4,27.7,18.4,15.8,7.6,4.7,15.5,6.5,11.2,15.1,26.6,11.9,30.6,7.6,7.9,,,,,,22.2204,114.2127
2026-08-15T08:00,28.4,28.2,29.1,28.7,29.1,27,28.9,27.8,28.4,29,28.9,28.4,29.5,26,28.7,28.4,29.3,28.8,29.2,28.4,28.6,28.9,27.9,27.8,28.8,30,30,28.6,29.5,29.2,29.1,29.6,27.6,27.7,28.1,27.9,28.8,28.9,29.5,28.5,85,88,84,86,87,91,83,90,89,86,69,86,83,95,89,88,83,85,84,87,87,82,88,90,87,82,86,87,83,82,84,83,86,89,85,87,84,83,82,88,0,0,0,0.6,0,0.7,0.5,0.4,0.7,0,0,0,0,1.1,0.1,0.1,0.1,0,0,0,0,0,0.4,0.1,0,0,0.2,0.2,0,0,0,0,0.1,0,0,0,0.2,0,0.3,0.5,2.2,4.1,6.8,4.1,1.5,4.8,5.1,5.9,6.6,4.2,9.2,1.8,2.5,0.8,4.2,2.9,5.4,1.3,3.2,5.4,1.1,3.8,6.2,2.5,3.6,15.5,8.6,2.1,7.4,2.5,5.6,1.5,6.8,4.8,4.3,4.1,2.8,3.8,6.8,5.2,,,,,,,,,,,,,,,,,,,,,,,,,,,,,,,,,,,,,,,,,29.3,28.7,28.7,29.1,29.4,29.4,28.1,28.6,28.7,28.7,28.9,28.9,27.6,29,28.8,27.8,28.8,27.1,28.4,29,29,28.3,29.2,29.4,29.2,29.5,28.2,28.5,28.5,28.7,28.3,77,80,79,74,76,71,83,80,79,83,78,79,83,79,78,83,81,88,71,71,79,83,70,76,74,71,80,80,84,76,81,0.1,0.3,0.1,0,0.7,0,0.4,0.3,1.6,0.1,0.8,0.2,1.4,1.2,0.5,0,0.4,0.6,0.2,0.1,0,0.2,0,0,0,0,0,0,0.4,0,0,10.1,19.6,14.3,3.8,11.4,10.8,16.6,5.1,29.7,11.3,13.1,20.2,24.7,20.8,16.2,3.5,16.8,22.1,15.8,10.7,4.7,2.5,11.6,5.4,7.8,10.4,18.5,8.7,20,6.1,7.4,12.2,27.7,18.7,5.4,13.7,14,25.2,7.2,42.5,14.8,19.1,30.6,36,31.3,21.2,5,23.4,27.7,20.5,14.4,6.1,4.7,13.7,6.8,11.2,13,25.2,10.1,30.6,7.2,7.9,,,,,,22.2204,114.2127
2026-08-15T09:00,28.4,28.2,29.1,28.7,29.1,27.1,29,27.9,28.4,29,28.9,28.4,29.5,26.1,28.7,28.4,29.3,28.8,29.3,28.4,28.6,28.9,28,27.8,28.8,29.9,30,28.7,29.5,29.2,29.1,29.6,27.6,27.7,28.1,27.9,28.8,28.9,29.5,28.5,85,88,84,86,87,91,83,90,89,86,69,86,83,95,89,88,83,85,84,87,87,82,88,90,87,82,86,87,83,82,84,83,86,89,85,87,84,83,82,88,0.1,0.1,0,0.1,0.2,0.1,0,0.2,0,0.1,0,0.1,0.8,0.2,0.2,0,0.6,0,0,0.1,0.2,2.2,0.1,0.3,0,0.7,0.2,0.2,0,0.3,0.6,0,0.1,0,0,0.2,0.1,0.3,0,0.6,2.2,4.1,7,3.8,1.5,4.8,5.4,5.9,6.9,4.2,9,1.8,2.5,0.8,4.5,2.9,5.1,1.3,3.2,5.2,1.1,3.8,5.7,2.5,3.6,15.3,8.6,1.8,7.4,2.5,5.6,1.3,7,4.8,4.1,4.1,2.6,3.8,6.8,4.8,,,,,,,,,,,,,,,,,,,,,,,,,,,,,,,,,,,,,,,,,29.8,29,29.1,29.6,29.7,29.6,28.3,29.2,28.9,29,29.3,29.1,27.7,29.3,28.7,28.3,29.1,27.2,29,29.5,29.6,28.7,29.7,29.9,29.5,29.9,28.5,29,28.8,29.3,28.8,75,78,77,71,75,70,82,77,78,82,76,78,83,77,78,80,80,87,69,69,76,80,68,75,72,69,78,78,82,73,78,0.1,0,0.1,0,0.5,0,0,0.2,0.8,0,0.7,0,0.9,0.1,0,0,0,0.6,0,0.1,0,0.8,0,0.1,0,0,0,0,0.1,0,0,9.1,19.9,14.3,5.4,10.5,9.2,17.4,3.5,28.9,12.2,14.7,21.2,23.3,21,14.4,2.6,16.5,21.5,16.3,8.7,3.6,6,10.2,6.6,9.1,9.2,16.5,8,20.5,5.5,5.6,10.8,28.4,18.4,6.1,14.8,13.3,25.6,5.8,41,15.8,20.2,30.6,32.8,30.6,20.2,5,22.3,27,21.6,12.6,5.4,7.6,12.2,7.6,12.2,13,22,9.7,30.6,7.2,6.8,,,,,,22.2204,114.2127
2026-08-15T10:00,28.4,28.3,29.1,28.8,29.1,27.2,29.2,28,28.5,29.1,29,28.4,29.5,26.2,28.8,28.4,29.3,28.8,29.3,28.5,28.7,28.9,28.2,27.8,28.9,29.9,30.1,28.7,29.6,29.2,29.1,29.6,27.7,27.8,28.2,27.9,28.8,29,29.6,28.5,85,88,84,85,87,90,82,90,89,86,69,86,83,95,88,88,83,85,84,86,87,83,87,90,87,82,85,86,83,82,84,83,86,89,85,87,84,83,82,88,0.1,0.1,0,0.1,0.2,0.1,0,0.2,0,0.1,0,0.1,0.8,0.2,0.2,0,0.6,0,0,0.1,0.2,2.2,0.1,0.3,0,0.7,0.2,0.2,0,0.3,0.6,0,0.1,0,0,0.2,0.1,0.3,0,0.6,2.5,3.7,7.4,3.8,1.1,4.9,5.4,5.5,7.2,3.7,8.4,1.8,2.2,1.1,4.5,2.5,4.9,1.5,3.3,4.8,1.3,3.3,5.2,2.5,3.6,15.3,8.3,1.3,7.4,2.5,5.6,0.8,7.4,5,3.9,4.4,2.3,3.7,6.4,4.3,,,,,,,,,,,,,,,,,,,,,,,,,,,,,,,,,,,,,,,,,30.4,29.2,29.6,30.2,29.9,29.9,28.5,29.9,29.1,29.4,29.8,29.3,27.9,29.6,28.4,28.9,29.5,27.4,29.7,30.2,30.5,29.2,30.2,30.4,29.9,30.4,29,29.6,29.3,30.1,29.4,73,77,75,69,74,69,81,74,77,80,74,78,82,76,79,77,78,85,66,68,73,77,66,73,71,66,76,75,80,70,75,0.1,0,0.1,0,0.5,0,0,0.2,0.8,0,0.7,0,0.9,0.1,0,0,0,0.6,0,0.1,0,0.8,0,0.1,0,0,0,0,0.1,0,0,8.8,20,14.5,5.9,11.9,7.6,18.9,2.2,27.5,13.6,17.1,21.9,21.3,20.5,13.8,2.4,16.3,19.6,16.5,6.2,3.5,10,7.8,6.9,10.6,9,13.9,8.1,21.4,4.9,2.4,10.4,28.4,18.7,7.6,18,12.2,27,5,37.8,18.4,22.7,29.9,28.8,28.8,18.4,6.1,20.9,26.3,21.6,10.8,5,11.5,11.2,8.3,13.7,14.4,18,10.4,30.2,7.9,5,,,,,,22.2204,114.2127
2026-08-15T11:00,28.4,28.4,29.1,28.9,29.1,27.3,29.4,28.1,28.6,29.1,29.1,28.4,29.5,26.3,28.9,28.4,29.3,28.8,29.4,28.5,28.7,28.8,28.4,27.9,28.9,29.8,30.2,28.8,29.6,29.2,29.1,29.7,27.7,27.8,28.3,28,28.8,29,29.7,28.6,85,87,84,85,87,90,82,89,88,85,69,86,84,94,88,88,83,85,84,86,87,83,86,90,87,83,85,86,83,82,84,82,86,89,84,87,84,83,81,88,0.1,0.1,0,0.1,0.2,0.1,0,0.2,0,0.1,0,0.1,0.8,0.2,0.2,0,0.6,0,0,0.1,0.2,2.2,0.1,0.3,0,0.7,0.2,0.2,0,0.3,0.6,0,0.1,0,0,0.2,0.1,0.3,0,0.6,2.5,3.2,7.7,3.8,1.3,4.7,5.4,5.1,7.6,2.9,7.8,1.9,2.2,1.9,5,2.7,4.9,1.8,3,4.3,1.6,2.9,4.8,2.5,4,15.2,7.8,1,7.9,2.5,5.6,0.8,7.6,5,3.2,4.5,1.8,3.3,6.1,3.7,,,,,,,,,,,,,,,,,,,,,,,,,,,,,,,,,,,,,,,,,30.9,29.5,29.9,30.7,29.9,30.1,28.7,30.4,29.3,29.7,30.2,29.5,28.2,29.9,28.1,29.3,29.7,27.6,30.3,30.7,31,29.6,30.7,30.9,30.3,30.9,29.4,30,29.5,30.7,29.9,71,76,73,66,74,69,80,71,77,79,73,77,81,75,80,74,77,83,64,66,71,74,65,72,69,64,74,73,78,67,72,0.1,0,0.1,0,0.5,0,0,0.2,0.8,0,0.7,0,0.9,0.1,0,0,0,0.6,0,0.1,0,0.8,0,0.1,0,0,0,0,0.1,0,0,9.1,20,15.3,5.9,14.5,6.7,20.4,0.4,26,15.1,19.4,22.8,20,20.3,14.2,1.6,16.4,17.9,15.9,3.9,4.9,12.1,6,6.4,11.2,9.2,12.3,10,22.2,4.7,1.8,10.8,28.4,19.8,8.3,21.2,11.5,28.1,5.4,34.9,19.8,24.5,29.5,25.9,27.4,16.6,7.2,20.2,25.2,21.2,9.4,6.5,14,11.2,9,14.8,15.1,15.5,11.5,30.2,9,4.7,,,,,,22.2204,114.2127
2026-08-15T12:00,28.4,28.5,29.1,29.1,29.1,27.5,29.6,28.2,28.7,29.2,29.3,28.4,29.5,26.5,29,28.5,29.2,28.8,29.4,28.7,28.7,28.8,28.6,27.9,29,29.7,30.3,29,29.6,29.3,29.1,29.8,27.8,27.8,28.4,28,28.8,29.1,29.8,28.7,85,87,84,84,86,89,82,89,88,85,69,86,84,93,87,87,83,85,84,85,86,84,85,89,86,83,84,85,83,82,84,82,86,89,84,87,84,83,81,88,0.1,0.1,0,0.1,0.2,0.1,0,0.2,0,0.1,0,0.1,0.8,0.2,0.2,0,0.6,0,0,0.1,0.2,2.2,0.1,0.3,0,0.7,0.2,0.2,0,0.3,0.6,0,0.1,0,0,0.2,0.1,0.3,0,0.6,2.9,3.3,8.1,3.8,1.3,5,5.1,4.7,7.6,1.8,7.1,2.1,1.8,2.4,5.5,2.8,4.7,2.1,3.2,3.7,2.1,2.2,4.1,2.8,4,14.8,7.6,0.4,8,2.5,5.9,1.1,7.9,5.2,3,4.8,1.3,3.3,6,3.1,,,,,,,,,,,,,,,,,,,,,,,,,,,,,,,,,,,,,,,,,31.1,29.7,30.1,30.9,29.5,30,28.8,30.8,29.5,30,30.2,29.7,28.6,30.1,28.1,29.6,29.8,27.9,30.7,30.9,31.1,29.9,30.9,31.1,30.7,31.2,29.7,30.2,29.3,30.9,30.2,70,76,73,64,76,70,80,69,77,77,73,76,80,74,80,73,77,82,64,65,71,72,64,71,67,62,73,73,79,66,70,0,0,0,0,0.6,0,0,0,0,0.1,0,0,0,0,0,0,0,0,0,0,0,0,0,0,0,0,0,0,0,0,0,10.7,20.2,16.8,3.8,18.4,5.2,21.2,3.1,24.2,15.8,20.1,24.2,19.6,20.9,14.4,1.9,17.6,16.6,12,2.6,8.3,11.9,6.4,5.4,10.2,6.9,12.5,12.5,22.3,6.5,4.6,12.6,27.7,21.6,8.3,24.8,10.8,28.8,7.2,32.4,19.8,24.8,30.6,25.6,26.6,15.8,8.3,21.2,23.8,19.4,9.4,10.4,13.3,12.6,9.4,15.1,14,15.5,13.7,30.2,11.5,6.5,,,,,,22.2204,114.2127
2026-08-15T13:00,28.4,28.6,29.1,29.2,29.1,27.8,29.8,28.4,28.8,29.3,29.5,28.4,29.5,26.7,29.1,28.5,29.2,28.8,29.5,28.8,28.8,28.8,28.9,28,29.1,29.6,30.4,29.1,29.6,29.3,29.1,29.9,28,27.9,28.6,28,28.8,29.1,29.9,28.8,85,87,84,84,86,88,81,88,88,85,70,86,84,92,87,87,84,85,83,85,86,85,84,89,86,84,83,85,83,82,84,82,86,89,84,87,83,83,81,87,0.1,0.1,0,0.1,0.2,0.1,0,0.2,0,0.1,0,0.1,0.8,0.2,0.2,0,0.6,0,0,0.1,0.2,2.2,0.1,0.3,0,0.7,0.2,0.2,0,0.3,0.6,0,0.1,0,0,0.2,0.1,0.3,0,0.6,3.2,3.1,8.8,3.8,1.5,4.9,4.9,4.4,8,1,6.2,2.5,1.9,3.1,6,3.3,4.7,2.7,3.3,3.7,2.1,1.8,3.7,2.8,4,14.7,6.9,0.8,8.2,2.5,5.9,1.8,8.3,5.1,2.9,5,0.5,3.3,5.9,2,,,,,,,,,,,,,,,,,,,,,,,,,,,,,,,,,,,,,,,,,31.2,29.8,30,31,28.9,29.7,28.9,31,29.5,30.3,30.1,29.8,29.2,30.3,28.2,29.7,29.8,28.2,30.8,30.9,30.8,30.2,31,31.1,31.1,31.3,29.9,30.2,29,31,30.4,70,76,74,61,78,71,81,67,78,76,74,76,79,73,79,73,77,81,65,64,71,72,63,69,65,61,71,73,80,67,69,0,0,0,0,0.6,0,0,0,0,0.1,0,0,0,0,0,0,0,0,0,0,0,0,0,0,0,0,0,0,0,0,0,13,20.4,18.6,2.4,23.2,3.5,21.9,7.2,22.2,15.8,19.6,25.2,19.8,21.8,13.7,7,19.1,15.7,7.5,1.6,12.5,10,9.4,7,8.8,4.4,13.5,15.1,22.5,10.5,7.9,15.1,26.6,24.1,8.3,28.8,9.7,29.5,10.4,29.9,19.1,24.8,32,26.3,25.9,15.5,9.4,23,22,16.6,10.1,15.5,11.2,14.8,9.7,14.8,12.2,16.6,16.6,30.6,14.4,9.7,,,,,,22.2204,114.2127
2026-08-15T14:00,28.4,28.8,29.1,29.4,29.1,28,30,28.6,28.9,29.4,29.7,28.5,29.5,27,29.2,28.6,29.2,28.8,29.6,28.9,28.8,28.7,29.2,28.1,29.1,29.5,30.5,29.3,29.6,29.3,29.1,30,28.1,27.9,28.7,28,28.9,29.2,30,28.9,85,86,84,83,85,87,81,87,87,84,70,85,84,91,86,87,84,85,83,84,86,85,82,88,85,84,82,84,83,82,84,81,86,89,83,87,83,83,81,87,0.1,0.1,0,0.1,0.2,0.1,0,0.2,0,0.1,0,0.1,0.8,0.2,0.2,0,0.6,0,0,0.1,0.2,2.2,0.1,0.3,0,0.7,0.2,0.2,0,0.3,0.6,0,0.1,0,0,0.2,0.1,0.3,0,0.6,3.6,3.1,9.4,3.8,1.8,5.1,4.7,4.2,8.4,0.8,5.8,2.8,2,3.9,6.5,4,4.8,3.1,3.8,3.8,2.6,1.1,3.3,2.8,4.4,14.4,6.3,1.4,8.5,2.6,6.1,2.9,8.9,5.4,2.7,5.4,0,3.5,5.6,1.5,,,,,,,,,,,,,,,,,,,,,,,,,,,,,,,,,,,,,,,,,31.2,29.9,30,31,28.5,29.5,28.9,31.1,29.6,30.5,30,29.8,29.5,30.4,28.3,29.7,29.8,28.5,30.9,30.9,30.6,30.4,31,31.1,31.3,31.5,30.1,30.2,28.8,30.9,30.6,70,76,75,60,80,72,81,66,79,75,75,76,78,73,78,74,77,81,66,63,72,71,63,68,64,60,71,74,81,68,69,0,0,0,0,0.6,0,0,0,0,0.1,0,0,0,0,0,0,0,0,0,0,0,0,0,0,0,0,0,0,0,0,0,15.6,20.4,20.5,4.1,25.6,2.3,22.6,10.8,20.7,16.1,19.6,26.3,21.2,22.2,12,11.1,19.9,15.1,6.5,1.8,15.9,7.2,12.8,9,8.2,4.6,14.7,17.2,22.6,13.7,10.7,17.6,25.9,26.3,8.3,30.6,9.4,30.2,13,27.7,18.7,24.8,33.1,27.7,25.2,14.4,11.2,24.1,20.9,15.1,10.8,19.4,10.1,16.9,9.7,14.4,11.2,17.6,18.7,31,16.9,12.6,,,,,,22.2204,114.2127
2026-08-15T15:00,28.4,28.9,29.2,29.5,29.1,28.2,30.3,28.8,29,29.4,29.9,28.5,29.5,27.3,29.3,28.6,29.2,28.8,29.7,29.1,28.9,28.7,29.4,28.2,29.2,29.4,30.7,29.5,29.6,29.3,29.1,30.1,28.2,27.9,28.9,28,28.9,29.3,30.1,29,85,86,84,82,85,86,80,87,87,84,70,85,84,90,85,86,84,85,83,83,86,86,81,88,85,84,81,83,83,82,84,81,85,89,83,86,83,82,80,87,0.1,0.1,0,0.1,0.2,0.1,0,0.2,0,0.1,0,0.1,0.8,0.2,0.2,0,0.6,0,0,0.1,0.2,2.2,0.1,0.3,0,0.7,0.2,0.2,0,0.3,0.6,0,0.1,0,0,0.2,0.1,0.3,0,0.6,4,3.1,10.2,3.9,2.2,5.1,4.3,4.2,8.9,1.5,5.2,3.1,2.3,4.3,7,4.7,4.8,3.8,4.2,4.5,2.9,0.8,2.9,3.1,4.5,13.9,5.7,2.2,9,2.7,6.4,3.6,9.4,5.6,3.3,5.7,0.8,3.4,5.4,1.6,,,,,,,,,,,,,,,,,,,,,,,,,,,,,,,,,,,,,,,,,31.1,29.8,29.8,31,28.4,29.3,28.9,31.1,29.5,30.5,29.9,29.7,29.4,30.3,28.5,29.6,29.8,28.5,30.8,31.1,30.5,30.4,30.9,31.1,31.1,31.6,30.1,30,28.7,30.6,30.7,71,76,77,60,80,73,81,67,80,75,76,77,79,73,77,75,77,81,67,62,72,71,64,67,64,58,71,76,80,70,69,0,0,0,0,0,0,0,0,0,0,0,0,0,0,0,0,0,0,0,0,0,0,0,0,0,0,0,0,0.3,0,0,17.4,20.2,21.6,5.4,23.8,3.1,23.2,13.1,20,17,19.6,26.5,22.7,21.4,8.8,14.2,19.7,15.5,9.2,2.8,16.6,2.3,15.4,8.7,8.9,5.2,15.3,18.4,23,15.6,13.2,19.4,25.2,27.4,8.6,28.4,9.4,31.3,14.4,26.3,19.8,24.8,33.8,29.5,24.5,12.2,14.4,24.1,21.2,15.8,10.8,20.2,10.4,18.7,9.4,13.3,10.8,18.4,20.2,32,18,14.8,,,,,,22.2204,114.2127
2026-08-15T16:00,28.4,29,29.2,29.7,29.1,28.5,30.5,29,29.1,29.5,30.1,28.5,29.6,27.5,29.5,28.7,29.2,28.9,29.7,29.2,28.9,28.6,29.7,28.3,29.3,29.3,30.8,29.6,29.6,29.4,29.1,30.2,28.3,28,29.1,28,28.9,29.3,30.2,29.2,85,85,84,82,85,85,80,86,87,84,71,85,85,89,85,86,84,85,83,83,85,87,80,88,84,85,81,83,83,82,84,81,85,89,82,86,83,82,80,86,0.1,0.1,0,0.1,0.2,0.1,0,0.2,0,0.1,0,0.1,0.8,0.2,0.2,0,0.6,0,0,0.1,0.2,2.2,0.1,0.3,0,0.7,0.2,0.2,0,0.3,0.6,0,0.1,0,0,0.2,0.1,0.3,0,0.6,4.3,3.4,10.9,3.9,2.5,5.7,4.2,4.1,9,2.5,4.8,3.7,2.4,5.2,7.5,5.2,4.8,4.1,4.8,5.2,3.4,1.1,2.2,3.1,4.8,13.1,5.2,2.9,9.4,2.9,6.7,4.3,9.9,5.6,4.1,5.9,1.3,3.8,5.2,2.3,,,,,,,,,,,,,,,,,,,,,,,,,,,,,,,,,,,,,,,,,30.9,29.7,29.6,31,28.5,29.2,28.8,31,29.4,30.4,29.7,29.5,29.1,30,28.8,29.5,29.7,28.5,30.6,31.4,30.3,30.4,30.8,31,30.7,31.6,30,29.8,28.7,30.2,30.7,72,77,78,60,79,73,81,68,81,77,77,78,80,74,76,76,78,82,68,60,73,71,66,67,65,57,72,77,79,72,70,0,0,0,0,0,0,0,0,0,0,0,0,0,0,0,0,0,0,0,0,0,0,0,0,0,0,0,0,0.3,0,0,18.9,19.8,22,6.2,19.7,4,23.5,14.9,19.6,18.2,20.1,26.2,24.6,20.5,6,17.2,18.8,16.1,13.2,4.3,16.5,6,17.8,7.6,10.3,5.9,16.6,18.6,23.8,16.9,15.2,20.9,24.5,28.1,9,24.5,9.7,32.8,15.5,25.2,21.2,24.5,34.2,31.7,23.4,9.4,18.7,23.4,22.3,17.6,10.8,19.8,11.9,20.5,8.3,12.2,11.2,18.7,21.2,32.8,18.4,16.6,,,,,,22.2204,114.2127
2026-08-15T17:00,28.4,29.2,29.2,29.8,29.1,28.7,30.7,29.2,29.2,29.6,30.3,28.5,29.6,27.8,29.5,28.7,29.1,28.9,29.8,29.4,29,28.6,29.9,28.4,29.3,29.2,30.9,29.8,29.6,29.4,29.1,30.2,28.5,28,29.3,28.1,29,29.4,30.3,29.3,85,85,84,81,84,85,79,85,86,83,71,85,85,88,84,86,84,85,82,82,85,88,79,87,84,85,80,82,84,82,84,80,85,89,82,86,82,83,80,86,0.1,0.1,0,0.1,0.2,0.1,0,0.2,0,0.1,0,0.1,0.8,0.2,0.2,0,0.6,0,0,0.1,0.2,2.2,0.1,0.3,0,0.7,0.2,0.2,0,0.3,0.6,0,0.1,0,0,0.2,0.1,0.3,0,0.6,4.7,4,11.5,3.9,3,5.8,4.1,4.4,9.3,3.3,4.9,3.9,2.7,5.6,7.8,5.9,5,4.5,5,5.9,3.7,1.6,1.9,3.1,4.8,12.8,4.7,3.6,9.6,2.9,6.8,5.1,10.2,5.9,4.5,6.3,2.1,3.8,5,2.9,,,,,,,,,,,,,,,,,,,,,,,,,,,,,,,,,,,,,,,,,30.6,29.5,29.4,30.9,28.6,29,28.7,30.7,29.3,30.2,29.6,29.3,28.8,29.8,28.9,29.3,29.6,28.4,30.4,31.4,30.2,30.4,30.6,30.9,30.4,31.5,29.9,29.6,28.6,29.9,30.6,73,78,80,61,79,74,81,70,82,78,78,79,82,75,76,78,79,83,69,60,73,71,68,68,66,56,74,79,77,74,72,0,0,0,0,0,0,0,0,0,0,0,0,0,0,0,0,0,0,0,0,0,0,0,0,0,0,0,0,0.3,0,0,19.4,19.7,22.1,7.1,16.6,5.1,23.4,15.9,19.2,18.6,20.1,26,25.7,19.4,6.4,18.9,18.2,16.8,16.6,6.4,16.1,11.4,19.1,6.9,11.3,7.6,17.6,18.8,23.7,17.6,16.7,21.6,24.5,28.4,9.4,20.9,10.1,33.5,16.6,24.8,22,24.8,34.6,33.5,22.7,7.9,22,22.3,23.4,19.4,11.5,19.1,13.7,21.6,7.6,11.2,11.9,19.4,22,32.4,18.7,18,,,,,,22.2204,114.2127
2026-08-15T18:00,28.4,29.3,29.2,29.9,29,28.9,30.9,29.3,29.3,29.6,30.4,28.5,29.6,28,29.6,28.8,29.1,28.9,29.9,29.5,29,28.5,30.1,28.4,29.4,29.1,30.9,29.9,29.5,29.4,29.1,30.3,28.6,28,29.4,28.1,29,29.4,30.3,29.4,85,85,84,81,84,84,79,85,86,83,71,85,85,87,84,85,85,85,82,81,85,88,78,87,83,86,79,81,84,82,84,80,85,89,81,86,82,83,80,85,0.1,0.1,0,0.1,0.2,0.1,0,0.2,0,0.1,0,0.1,0.8,0.2,0.2,0,0.6,0,0,0.1,0.2,2.2,0.1,0.3,0,0.7,0.2,0.2,0,0.3,0.6,0,0.1,0,0,0.2,0.1,0.3,0,0.6,5,4.2,12.3,4,3.3,6.1,4,5,9.3,4,5.4,4.2,3,6.1,8,6.6,5,4.9,5.4,6.5,4,2,2.1,3.4,4.9,12.3,4.3,4,10,3.1,6.8,5.8,10.2,6.2,5.2,6.6,2.4,4.4,5,3.5,,,,,,,,,,,,,,,,,,,,,,,,,,,,,,,,,,,,,,,,,30.2,29.3,29.2,30.7,28.5,28.9,28.5,30.3,29.2,30,29.3,29,28.6,29.5,28.6,29.1,29.4,28.3,30.1,30.9,29.9,30.3,30.2,30.7,30.2,31.3,29.5,29.4,28.4,29.6,30.2,75,80,81,63,80,74,82,72,82,79,80,81,84,77,78,81,80,84,71,62,74,72,70,70,66,57,77,80,75,75,75,0,0,0,0,0,0.2,0,0,0.1,0.1,0.4,0,0,0,0,0,0,0,0,0,0,0,0,0.3,0,0,0,0.4,0,0,0,18.8,19.5,21.2,8.1,14.8,5.6,22.4,16.4,18.9,18.1,19.9,25.7,25.6,18.2,8.6,19.3,17.3,17.1,18.1,10.3,15.8,14.3,19,5.5,10.9,10,18.1,18.6,21.9,17.4,16.7,21.6,25.2,28.4,10.1,18.4,10.1,33.1,17.6,25.2,21.2,25.6,35.3,34.2,22,9,23.8,21.2,23.8,20.9,14.4,18.7,15.8,21.6,6.5,10.4,13.3,20.2,22,29.2,18.7,18.7,,,,,,22.2204,114.2127
2026-08-15T19:00,28.4,29.4,29.3,30,29,29,31,29.5,29.3,29.7,30.5,28.6,29.6,28.2,29.6,28.8,29,28.9,29.9,29.6,29,28.5,30.3,28.5,29.4,29,30.9,30,29.5,29.4,29.1,30.3,28.7,28,29.5,28.1,29,29.4,30.3,29.5,85,84,84,80,84,83,78,84,86,83,72,85,85,87,83,85,85,85,82,81,85,89,77,87,83,86,79,81,84,82,84,80,85,89,81,86,82,83,80,85,0.1,0.1,0,0.1,0.2,0.1,0,0.2,0,0.1,0,0.1,0.8,0.2,0.2,0,0.6,0,0,0.1,0.2,2.2,0.1,0.3,0,0.7,0.2,0.2,0,0.3,0.6,0,0.1,0,0,0.2,0.1,0.3,0,0.6,5.4,4.6,12.5,4,3.4,6.3,4,5.2,9.3,4.3,5.4,4.2,3.3,6.6,8.3,6.9,4.9,5.2,5.6,7.2,4,2.5,1.8,3.4,4.9,11.8,4,4.3,10,3.1,6.8,6.2,10.5,6.3,5.5,6.6,2.9,4.2,4.9,4,,,,,,,,,,,,,,,,,,,,,,,,,,,,,,,,,,,,,,,,,29.7,29.1,28.9,30.4,28.4,28.7,28.4,29.8,29.1,29.6,29,28.7,28.5,29.3,28.1,28.8,29.2,28.2,29.8,30.1,29.6,30.2,29.8,30.4,30.1,30.9,29.1,29.3,28.2,29.3,29.6,77,82,82,65,82,75,84,75,82,81,82,83,85,78,81,84,82,84,74,66,75,73,72,73,67,60,80,80,73,75,79,0,0,0,0,0,0.2,0,0,0.1,0.1,0.4,0,0,0,0,0,0,0,0,0,0,0,0,0.3,0,0,0,0.4,0,0,0,17.6,19.1,20,9.3,13.2,6.5,21,16.7,18.8,16.8,19.4,25.5,24.4,17.1,10.7,18.9,16,16.8,18.4,14.4,15.7,16.1,18.2,4,9.4,12.5,18,17.8,18.9,16.6,15.9,21.2,26.3,27.7,11.2,16.2,9.7,32.4,18.4,25.9,19.8,26.6,36,34.2,21.2,11.9,24.8,19.8,24.1,22,18,18.7,18.7,21.2,5.4,10.1,15.1,21.2,21.6,24.1,18.4,18.7,,,,,,22.2204,114.2127
2026-08-15T20:00,28.4,29.5,29.3,30,28.9,29.2,31.1,29.5,29.3,29.7,30.6,28.6,29.6,28.4,29.6,28.9,29,28.9,29.9,29.6,29,28.4,30.4,28.5,29.4,29,30.9,30,29.5,29.4,29.1,30.3,28.7,28,29.6,28.1,29,29.4,30.3,29.5,85,84,84,80,84,83,78,84,86,83,72,85,85,86,83,85,85,85,82,81,85,89,77,87,83,86,79,81,84,82,84,80,85,89,81,86,82,83,80,84,0.1,0.1,0,0.1,0.2,0.1,0,0.2,0,0.1,0,0.1,0.8,0.2,0.2,0,0.6,0,0,0.1,0.2,2.2,0.1,0.3,0,0.7,0.2,0.2,0,0.3,0.6,0,0.1,0,0,0.2,0.1,0.3,0,0.6,5.4,4.6,13,3.9,3.4,6.3,4,5.2,9.3,4.7,5.5,4.2,3.3,6.8,8.1,7.3,4.9,5.2,5.6,7.2,4,2.5,2,3.4,4.9,11.4,3.8,4.7,10,3.1,6.6,6.2,10.5,6.3,5.8,6.6,2.9,4.5,4.5,4,,,,,,,,,,,,,,,,,,,,,,,,,,,,,,,,,,,,,,,,,29.4,28.9,28.7,30.2,28.3,28.6,28.3,29.4,29,29.4,28.7,28.5,28.4,29.1,27.7,28.6,29,28.1,29.5,29.5,29.4,30,29.5,30.1,30,30.5,28.8,29.2,28,29.1,29.2,79,84,82,67,83,75,85,77,82,82,84,84,86,80,83,86,83,85,76,69,76,75,74,75,67,63,82,80,73,76,82,0,0,0,0,0,0.2,0,0,0.1,0.1,0.4,0,0,0,0,0,0,0,0,0,0,0,0,0.3,0,0,0,0.4,0,0,0,16.6,19,18.9,10.7,12.2,7.7,20.2,16.7,18.4,15.7,19.4,25,23.9,16.2,12.2,18.4,15,16.6,18.5,17.4,16,17.7,17.3,2.5,8.2,14.3,18.2,17.6,16.8,16.5,15.3,20.9,27.4,27.4,12.2,15.5,10.1,31.7,19.1,26.3,18.4,27.7,36,34.6,20.5,14.4,25.6,18.7,24.1,22.7,20.5,19.1,22,20.5,4.7,10.4,16.6,22.3,22,20.9,18.4,19.4,,,,,,22.2204,114.2127
2026-08-15T21:00,28.4,29.6,29.3,29.9,28.8,29.3,31.2,29.6,29.2,29.7,30.7,28.6,29.6,28.5,29.5,28.9,28.9,28.9,29.9,29.7,29,28.4,30.4,28.5,29.4,28.9,30.9,30,29.4,29.4,29.1,30.3,28.8,28,29.6,28.1,29,29.3,30.2,29.6,85,84,84,80,84,83,78,84,86,83,72,85,85,86,83,85,85,85,82,81,85,89,77,87,83,86,79,81,84,82,84,80,85,89,81,86,82,83,80,83,0,0,0,0.2,0.5,0,0,0,0.3,0.3,0,0,0,0,0.5,0,0.1,0,0,0,0.1,1.3,0,0,0,0,0.5,0,0.1,0,0,0.2,0,0.1,0,0.1,0,0,0.1,0.1,5.4,4.6,13.3,3.8,3.1,6.3,4,5.2,9.2,4.7,5.5,3.9,3.3,6.7,7.9,7.3,4.9,5.2,5.2,6.8,4,2.5,2,3.4,4.9,10.9,3.4,4.7,9.8,3.1,6.1,5.9,10.2,6.3,5.8,6.7,2.9,4.3,4,3.9,,,,,,,,,,,,,,,,,,,,,,,,,,,,,,,,,,,,,,,,,29.3,28.8,28.6,29.9,28.3,28.5,28.3,29.1,28.8,29.3,28.6,28.5,28.4,28.9,27.7,28.4,28.8,28.1,29.3,29.2,29.2,29.7,29.2,29.9,29.9,30.1,28.6,29.1,27.9,28.9,29,79,85,82,68,84,76,85,79,82,82,84,84,85,81,84,86,84,85,78,71,78,77,76,75,67,66,83,80,76,77,82,0.1,0.4,0.1,0,0.5,0,0.4,0,0.2,0.1,0.7,0,0.2,0,0.1,0.2,0.4,0,0,0,0.1,0,0,0.6,0,0,0.4,0.9,0,0,0.2,16.6,19,18.1,11.9,12.3,9.3,20,16.9,17.6,14.9,19.6,23.7,24.2,15.8,13.3,18.1,14.5,16.5,18.6,17.6,16.9,20.5,16.6,2.3,9,15.3,18.4,18.6,15.8,16.4,16.3,20.9,27.7,26.6,13.7,16.6,11.9,31,19.8,25.6,17.6,28.8,34.6,35.3,20.2,16.2,25.6,18,24.1,22.7,20.5,20.5,26.3,20.2,4.3,11.9,17.3,23.4,23.8,20.2,18.7,20.9,,,,,,22.2204,114.2127
2026-08-15T22:00,28.4,29.6,29.3,29.9,28.7,29.4,31.2,29.5,29.1,29.7,30.7,28.6,29.7,28.6,29.4,28.9,28.8,28.9,29.9,29.7,29,28.3,30.4,28.4,29.4,28.9,30.7,30,29.4,29.4,29.1,30.2,28.8,28,29.6,28,29,29.3,30.1,29.6,85,84,84,80,85,83,78,84,86,83,73,85,85,85,83,85,85,85,82,81,85,89,77,88,83,86,80,81,84,82,84,80,85,89,81,86,82,84,80,82,0,0,0,0.2,0.5,0,0,0,0.3,0.3,0,0,0,0,0.5,0,0.1,0,0,0,0.1,1.3,0,0,0,0,0.5,0,0.1,0,0,0.2,0,0.1,0,0.1,0,0,0.1,0.1,5.4,4.3,13.2,3.7,2.7,6,3.6,5,8.9,4.3,5.5,3.5,3,6.6,7.2,7,4.8,5,4.9,6.5,3.5,2.3,2.5,3.4,4.6,10.4,3.2,4.7,9.6,2.9,5.8,5.6,10,6.1,5.5,6.4,2.7,4.3,3.6,3.8,,,,,,,,,,,,,,,,,,,,,,,,,,,,,,,,,,,,,,,,,29.2,28.7,28.5,29.5,28.3,28.4,28.4,28.8,28.7,29.2,28.6,28.6,28.4,28.8,27.8,28.3,28.7,28.1,29.1,29.1,29,29.3,29,29.7,29.8,29.7,28.5,29,27.8,28.7,28.9,79,85,82,69,84,77,85,80,82,81,84,83,84,82,85,85,84,85,79,73,80,79,78,75,68,68,83,80,81,78,82,0.1,0.4,0.1,0,0.5,0,0.4,0,0.2,0.1,0.7,0,0.2,0,0.1,0.2,0.4,0,0,0,0.1,0,0,0.6,0,0,0.4,0.9,0,0,0.2,16.9,19.7,17.8,13,13.4,11.9,19.7,17.1,16.8,14.4,20.5,21.9,25,15.5,13.6,17.6,13.7,16.3,18.4,16.6,17.7,23.6,16,2.3,11.6,16,18.7,19.9,15.4,16.4,17.6,21.2,27.7,26.3,15.1,18.7,14,30.6,20.5,24.1,17.3,29.9,32.8,36,20.2,18,25.6,18,23.8,22.7,19.4,22.7,31,19.8,4.7,13.7,18,24.8,26.3,20.9,19.4,22.7,,,,,,22.2204,114.2127
2026-08-15T23:00,28.5,29.7,29.3,29.7,28.6,29.4,31.2,29.5,29,29.6,30.6,28.6,29.7,28.8,29.2,29,28.7,28.9,29.9,29.7,28.9,28.2,30.3,28.4,29.3,28.9,30.6,29.9,29.3,29.4,29.1,30.1,28.8,27.9,29.6,28,29,29.2,29.9,29.6,84,84,84,80,85,83,77,84,86,83,73,85,85,85,83,85,86,85,82,82,86,89,77,88,83,86,80,82,85,83,85,81,85,89,81,86,82,84,81,81,0,0,0,0.2,0.5,0,0,0,0.3,0.3,0,0,0,0,0.5,0,0.1,0,0,0,0.1,1.3,0,0,0,0,0.5,0,0.1,0,0,0.2,0,0.1,0,0.1,0,0,0.1,0.1,5.4,4,13.2,3.6,2.3,6.1,3.6,4.7,8.4,4,5.2,3.2,2.7,6.6,7,6.6,4.5,4.7,4.2,5.9,3.1,1.8,2.8,3.4,4.2,9.6,2.6,4.3,8.9,2.9,5.3,4.9,9.2,5.8,5.2,6.2,2.4,4.2,2.9,3.6,,,,,,,,,,,,,,,,,,,,,,,,,,,,,,,,,,,,,,,,,29.2,28.6,28.4,29.2,28.3,28.3,28.4,28.6,28.6,29.1,28.6,28.6,28.5,28.6,27.9,28.2,28.6,28.1,29,29,28.8,29,28.8,29.5,29.6,29.4,28.4,28.9,27.8,28.5,28.9,79,85,82,70,84,78,84,81,83,81,83,83,83,83,85,84,84,85,80,75,81,80,79,75,69,71,83,80,84,79,81,0.1,0.4,0.1,0,0.5,0,0.4,0,0.2,0.1,0.7,0,0.2,0,0.1,0.2,0.4,0,0,0,0.1,0,0,0.6,0,0,0.4,0.9,0,0,0.2,17.4,19.7,17.8,13.8,13.8,13.4,20.3,17.2,16.6,14.1,21.1,20.7,26.4,15.4,14.5,17.6,13.7,16.4,18.2,15.9,18.4,25.2,15.5,2.3,13.5,16.3,18.8,20.6,15.4,16.7,18.4,22.3,27.7,26.3,16.2,20.2,15.5,31,21.2,24.1,16.9,31,31.3,37.4,19.8,20.5,25.9,18.4,24.1,22.3,19.1,24.8,33.8,19.8,4.7,15.1,18.7,25.6,28.1,21.6,20.2,24.5,,,,,,22.2204,114.2127
