time,temperature_2m_icon_seamless_eps (°C),temperature_2m_member01_icon_seamless_eps (°C),temperature_2m_member02_icon_seamless_eps (°C),temperature_2m_member03_icon_seamless_eps (°C),temperature_2m_member04_icon_seamless_eps (°C),temperature_2m_member05_icon_seamless_eps (°C),temperature_2m_member06_icon_seamless_eps (°C),temperature_2m_member07_icon_seamless_eps (°C),temperature_2m_member08_icon_seamless_eps (°C),temperature_2m_member09_icon_seamless_eps (°C),temperature_2m_member10_icon_seamless_eps (°C),temperature_2m_member11_icon_seamless_eps (°C),temperature_2m_member12_icon_seamless_eps (°C),temperature_2m_member13_icon_seamless_eps (°C),temperature_2m_member14_icon_seamless_eps (°C),temperature_2m_member15_icon_seamless_eps (°C),temperature_2m_member16_icon_seamless_eps (°C),temperature_2m_member17_icon_seamless_eps (°C),temperature_2m_member18_icon_seamless_eps (°C),temperature_2m_member19_icon_seamless_eps (°C),temperature_2m_member20_icon_seamless_eps (°C),temperature_2m_member21_icon_seamless_eps (°C),temperature_2m_member22_icon_seamless_eps (°C),temperature_2m_member23_icon_seamless_eps (°C),temperature_2m_member24_icon_seamless_eps (°C),temperature_2m_member25_icon_seamless_eps (°C),temperature_2m_member26_icon_seamless_eps (°C),temperature_2m_member27_icon_seamless_eps (°C),temperature_2m_member28_icon_seamless_eps (°C),temperature_2m_member29_icon_seamless_eps (°C),temperature_2m_member30_icon_seamless_eps (°C),temperature_2m_member31_icon_seamless_eps (°C),temperature_2m_member32_icon_seamless_eps (°C),temperature_2m_member33_icon_seamless_eps (°C),temperature_2m_member34_icon_seamless_eps (°C),temperature_2m_member35_icon_seamless_eps (°C),temperature_2m_member36_icon_seamless_eps (°C),temperature_2m_member37_icon_seamless_eps (°C),temperature_2m_member38_icon_seamless_eps (°C),temperature_2m_member39_icon_seamless_eps (°C),relativehumidity_2m_icon_seamless_eps (%),relativehumidity_2m_member01_icon_seamless_eps (%),relativehumidity_2m_member02_icon_seamless_eps (%),relativehumidity_2m_member03_icon_seamless_eps (%),relativehumidity_2m_member04_icon_seamless_eps (%),relativehumidity_2m_member05_icon_seamless_eps (%),relativehumidity_2m_member06_icon_seamless_eps (%),relativehumidity_2m_member07_icon_seamless_eps (%),relativehumidity_2m_member08_icon_seamless_eps (%),relativehumidity_2m_member09_icon_seamless_eps (%),relativehumidity_2m_member10_icon_seamless_eps (%),relativehumidity_2m_member11_icon_seamless_eps (%),relativehumidity_2m_member12_icon_seamless_eps (%),relativehumidity_2m_member13_icon_seamless_eps (%),relativehumidity_2m_member14_icon_seamless_eps (%),relativehumidity_2m_member15_icon_seamless_eps (%),relativehumidity_2m_member16_icon_seamless_eps (%),relativehumidity_2m_member17_icon_seamless_eps (%),relativehumidity_2m_member18_icon_seamless_eps (%),relativehumidity_2m_member19_icon_seamless_eps (%),relativehumidity_2m_member20_icon_seamless_eps (%),relativehumidity_2m_member21_icon_seamless_eps (%),relativehumidity_2m_member22_icon_seamless_eps (%),relativehumidity_2m_member23_icon_seamless_eps (%),relativehumidity_2m_member24_icon_seamless_eps (%),relativehumidity_2m_member25_icon_seamless_eps (%),relativehumidity_2m_member26_icon_seamless_eps (%),relativehumidity_2m_member27_icon_seamless_eps (%),relativehumidity_2m_member28_icon_seamless_eps (%),relativehumidity_2m_member29_icon_seamless_eps (%),relativehumidity_2m_member30_icon_seamless_eps (%),relativehumidity_2m_member31_icon_seamless_eps (%),relativehumidity_2m_member32_icon_seamless_eps (%),relativehumidity_2m_member33_icon_seamless_eps (%),relativehumidity_2m_member34_icon_seamless_eps (%),relativehumidity_2m_member35_icon_seamless_eps (%),relativehumidity_2m_member36_icon_seamless_eps (%),relativehumidity_2m_member37_icon_seamless_eps (%),relativehumidity_2m_member38_icon_seamless_eps (%),relativehumidity_2m_member39_icon_seamless_eps (%),rain_icon_seamless_eps (mm),rain_member01_icon_seamless_eps (mm),rain_member02_icon_seamless_eps (mm),rain_member03_icon_seamless_eps (mm),rain_member04_icon_seamless_eps (mm),rain_member05_icon_seamless_eps (mm),rain_member06_icon_seamless_eps (mm),rain_member07_icon_seamless_eps (mm),rain_member08_icon_seamless_eps (mm),rain_member09_icon_seamless_eps (mm),rain_member10_icon_seamless_eps (mm),rain_member11_icon_seamless_eps (mm),rain_member12_icon_seamless_eps (mm),rain_member13_icon_seamless_eps (mm),rain_member14_icon_seamless_eps (mm),rain_member15_icon_seamless_eps (mm),rain_member16_icon_seamless_eps (mm),rain_member17_icon_seamless_eps (mm),rain_member18_icon_seamless_eps (mm),rain_member19_icon_seamless_eps (mm),rain_member20_icon_seamless_eps (mm),rain_member21_icon_seamless_eps (mm),rain_member22_icon_seamless_eps (mm),rain_member23_icon_seamless_eps (mm),rain_member24_icon_seamless_eps (mm),rain_member25_icon_seamless_eps (mm),rain_member26_icon_seamless_eps (mm),rain_member27_icon_seamless_eps (mm),rain_member28_icon_seamless_eps (mm),rain_member29_icon_seamless_eps (mm),rain_member30_icon_seamless_eps (mm),rain_member31_icon_seamless_eps (mm),rain_member32_icon_seamless_eps (mm),rain_member33_icon_seamless_eps (mm),rain_member34_icon_seamless_eps (mm),rain_member35_icon_seamless_eps (mm),rain_member36_icon_seamless_eps (mm),rain_member37_icon_seamless_eps (mm),rain_member38_icon_seamless_eps (mm),rain_member39_icon_seamless_eps (mm),windspeed_10m_icon_seamless_eps (km/h),windspeed_10m_member01_icon_seamless_eps (km/h),windspeed_10m_member02_icon_seamless_eps (km/h),windspeed_10m_member03_icon_seamless_eps (km/h),windspeed_10m_member04_icon_seamless_eps (km/h),windspeed_10m_member05_icon_seamless_eps (km/h),windspeed_10m_member06_icon_seamless_eps (km/h),windspeed_10m_member07_icon_seamless_eps (km/h),windspeed_10m_member08_icon_seamless_eps (km/h),windspeed_10m_member09_icon_seamless_eps (km/h),windspeed_10m_member10_icon_seamless_eps (km/h),windspeed_10m_member11_icon_seamless_eps (km/h),windspeed_10m_member12_icon_seamless_eps (km/h),windspeed_10m_member13_icon_seamless_eps (km/h),windspeed_10m_member14_icon_seamless_eps (km/h),windspeed_10m_member15_icon_seamless_eps (km/h),windspeed_10m_member16_icon_seamless_eps (km/h),windspeed_10m_member17_icon_seamless_eps (km/h),windspeed_10m_member18_icon_seamless_eps (km/h),windspeed_10m_member19_icon_seamless_eps (km/h),windspeed_10m_member20_icon_seamless_eps (km/h),windspeed_10m_member21_icon_seamless_eps (km/h),windspeed_10m_member22_icon_seamless_eps (km/h),windspeed_10m_member23_icon_seamless_eps (km/h),windspeed_10m_member24_icon_seamless_eps (km/h),windspeed_10m_member25_icon_seamless_eps (km/h),windspeed_10m_member26_icon_seamless_eps (km/h),windspeed_10m_member27_icon_seamless_eps (km/h),windspeed_10m_member28_icon_seamless_eps (km/h),windspeed_10m_member29_icon_seamless_eps (km/h),windspeed_10m_member30_icon_seamless_eps (km/h),windspeed_10m_member31_icon_seamless_eps (km/h),windspeed_10m_member32_icon_seamless_eps (km/h),windspeed_10m_member33_icon_seamless_eps (km/h),windspeed_10m_member34_icon_seamless_eps (km/h),windspeed_10m_member35_icon_seamless_eps (km/h),windspeed_10m_member36_icon_seamless_eps (km/h),windspeed_10m_member37_icon_seamless_eps (km/h),windspeed_10m_member38_icon_seamless_eps (km/h),windspeed_10m_member39_icon_seamless_eps (km/h),windgusts_10m_icon_seamless_eps (undefined),windgusts_10m_member01_icon_seamless_eps (undefined),windgusts_10m_member02_icon_seamless_eps (undefined),windgusts_10m_member03_icon_seamless_eps (undefined),windgusts_10m_member04_icon_seamless_eps (undefined),windgusts_10m_member05_icon_seamless_eps (undefined),windgusts_10m_member06_icon_seamless_eps (undefined),windgusts_10m_member07_icon_seamless_eps (undefined),windgusts_10m_member08_icon_seamless_eps (undefined),windgusts_10m_member09_icon_seamless_eps (undefined),windgusts_10m_member10_icon_seamless_eps (undefined),windgusts_10m_member11_icon_seamless_eps (undefined),windgusts_10m_member12_icon_seamless_eps (undefined),windgusts_10m_member13_icon_seamless_eps (undefined),windgusts_10m_member14_icon_seamless_eps (undefined),windgusts_10m_member15_icon_seamless_eps (undefined),windgusts_10m_member16_icon_seamless_eps (undefined),windgusts_10m_member17_icon_seamless_eps (undefined),windgusts_10m_member18_icon_seamless_eps (undefined),windgusts_10m_member19_icon_seamless_eps (undefined),windgusts_10m_member20_icon_seamless_eps (undefined),windgusts_10m_member21_icon_seamless_eps (undefined),windgusts_10m_member22_icon_seamless_eps (undefined),windgusts_10m_member23_icon_seamless_eps (undefined),windgusts_10m_member24_icon_seamless_eps (undefined),windgusts_10m_member25_icon_seamless_eps (undefined),windgusts_10m_member26_icon_seamless_eps (undefined),windgusts_10m_member27_icon_seamless_eps (undefined),windgusts_10m_member28_icon_seamless_eps (undefined),windgusts_10m_member29_icon_seamless_eps (undefined),windgusts_10m_member30_icon_seamless_eps (undefined),windgusts_10m_member31_icon_seamless_eps (undefined),windgusts_10m_member32_icon_seamless_eps (undefined),windgusts_10m_member33_icon_seamless_eps (undefined),windgusts_10m_member34_icon_seamless_eps (undefined),windgusts_10m_member35_icon_seamless_eps (undefined),windgusts_10m_member36_icon_seamless_eps (undefined),windgusts_10m_member37_icon_seamless_eps (undefined),windgusts_10m_member38_icon_seamless_eps (undefined),windgusts_10m_member39_icon_seamless_eps (undefined),temperature_2m_ncep_gefs_seamless (°C),temperature_2m_member01_ncep_gefs_seamless (°C),temperature_2m_member02_ncep_gefs_seamless (°C),temperature_2m_member03_ncep_gefs_seamless (°C),temperature_2m_member04_ncep_gefs_seamless (°C),temperature_2m_member05_ncep_gefs_seamless (°C),temperature_2m_member06_ncep_gefs_seamless (°C),temperature_2m_member07_ncep_gefs_seamless (°C),temperature_2m_member08_ncep_gefs_seamless (°C),temperature_2m_member09_ncep_gefs_seamless (°C),temperature_2m_member10_ncep_gefs_seamless (°C),temperature_2m_member11_ncep_gefs_seamless (°C),temperature_2m_member12_ncep_gefs_seamless (°C),temperature_2m_member13_ncep_gefs_seamless (°C),temperature_2m_member14_ncep_gefs_seamless (°C),temperature_2m_member15_ncep_gefs_seamless (°C),temperature_2m_member16_ncep_gefs_seamless (°C),temperature_2m_member17_ncep_gefs_seamless (°C),temperature_2m_member18_ncep_gefs_seamless (°C),temperature_2m_member19_ncep_gefs_seamless (°C),temperature_2m_member20_ncep_gefs_seamless (°C),temperature_2m_member21_ncep_gefs_seamless (°C),temperature_2m_member22_ncep_gefs_seamless (°C),temperature_2m_member23_ncep_gefs_seamless (°C),temperature_2m_member24_ncep_gefs_seamless (°C),temperature_2m_member25_ncep_gefs_seamless (°C),temperature_2m_member26_ncep_gefs_seamless (°C),temperature_2m_member27_ncep_gefs_seamless (°C),temperature_2m_member28_ncep_gefs_seamless (°C),temperature_2m_member29_ncep_gefs_seamless (°C),temperature_2m_member30_ncep_gefs_seamless (°C),relativehumidity_2m_ncep_gefs_seamless (%),relativehumidity_2m_member01_ncep_gefs_seamless (%),relativehumidity_2m_member02_ncep_gefs_seamless (%),relativehumidity_2m_member03_ncep_gefs_seamless (%),relativehumidity_2m_member04_ncep_gefs_seamless (%),relativehumidity_2m_member05_ncep_gefs_seamless (%),relativehumidity_2m_member06_ncep_gefs_seamless (%),relativehumidity_2m_member07_ncep_gefs_seamless (%),relativehumidity_2m_member08_ncep_gefs_seamless (%),relativehumidity_2m_member09_ncep_gefs_seamless (%),relativehumidity_2m_member10_ncep_gefs_seamless (%),relativehumidity_2m_member11_ncep_gefs_seamless (%),relativehumidity_2m_member12_ncep_gefs_seamless (%),relativehumidity_2m_member13_ncep_gefs_seamless (%),relativehumidity_2m_member14_ncep_gefs_seamless (%),relativehumidity_2m_member15_ncep_gefs_seamless (%),relativehumidity_2m_member16_ncep_gefs_seamless (%),relativehumidity_2m_member17_ncep_gefs_seamless (%),relativehumidity_2m_member18_ncep_gefs_seamless (%),relativehumidity_2m_member19_ncep_gefs_seamless (%),relativehumidity_2m_member20_ncep_gefs_seamless (%),relativehumidity_2m_member21_ncep_gefs_seamless (%),relativehumidity_2m_member22_ncep_gefs_seamless (%),relativehumidity_2m_member23_ncep_gefs_seamless (%),relativehumidity_2m_member24_ncep_gefs_seamless (%),relativehumidity_2m_member25_ncep_gefs_seamless (%),relativehumidity_2m_member26_ncep_gefs_seamless (%),relativehumidity_2m_member27_ncep_gefs_seamless (%),relativehumidity_2m_member28_ncep_gefs_seamless (%),relativehumidity_2m_member29_ncep_gefs_seamless (%),relativehumidity_2m_member30_ncep_gefs_seamless (%),rain_ncep_gefs_seamless (mm),rain_member01_ncep_gefs_seamless (mm),rain_member02_ncep_gefs_seamless (mm),rain_member03_ncep_gefs_seamless (mm),rain_member04_ncep_gefs_seamless (mm),rain_member05_ncep_gefs_seamless (mm),rain_member06_ncep_gefs_seamless (mm),rain_member07_ncep_gefs_seamless (mm),rain_member08_ncep_gefs_seamless (mm),rain_member09_ncep_gefs_seamless (mm),rain_member10_ncep_gefs_seamless (mm),rain_member11_ncep_gefs_seamless (mm),rain_member12_ncep_gefs_seamless (mm),rain_member13_ncep_gefs_seamless (mm),rain_member14_ncep_gefs_seamless (mm),rain_member15_ncep_gefs_seamless (mm),rain_member16_ncep_gefs_seamless (mm),rain_member17_ncep_gefs_seamless (mm),rain_member18_ncep_gefs_seamless (mm),rain_member19_ncep_gefs_seamless (mm),rain_member20_ncep_gefs_seamless (mm),rain_member21_ncep_gefs_seamless (mm),rain_member22_ncep_gefs_seamless (mm),rain_member23_ncep_gefs_seamless (mm),rain_member24_ncep_gefs_seamless (mm),rain_member25_ncep_gefs_seamless (mm),rain_member26_ncep_gefs_seamless (mm),rain_member27_ncep_gefs_seamless (mm),rain_member28_ncep_gefs_seamless (mm),rain_member29_ncep_gefs_seamless (mm),rain_member30_ncep_gefs_seamless (mm),windspeed_10m_ncep_gefs_seamless (km/h),windspeed_10m_member01_ncep_gefs_seamless (km/h),windspeed_10m_member02_ncep_gefs_seamless (km/h),windspeed_10m_member03_ncep_gefs_seamless (km/h),windspeed_10m_member04_ncep_gefs_seamless (km/h),windspeed_10m_member05_ncep_gefs_seamless (km/h),windspeed_10m_member06_ncep_gefs_seamless (km/h),windspeed_10m_member07_ncep_gefs_seamless (km/h),windspeed_10m_member08_ncep_gefs_seamless (km/h),windspeed_10m_member09_ncep_gefs_seamless (km/h),windspeed_10m_member10_ncep_gefs_seamless (km/h),windspeed_10m_member11_ncep_gefs_seamless (km/h),windspeed_10m_member12_ncep_gefs_seamless (km/h),windspeed_10m_member13_ncep_gefs_seamless (km/h),windspeed_10m_member14_ncep_gefs_seamless (km/h),windspeed_10m_member15_ncep_gefs_seamless (km/h),windspeed_10m_member16_ncep_gefs_seamless (km/h),windspeed_10m_member17_ncep_gefs_seamless (km/h),windspeed_10m_member18_ncep_gefs_seamless (km/h),windspeed_10m_member19_ncep_gefs_seamless (km/h),windspeed_10m_member20_ncep_gefs_seamless (km/h),windspeed_10m_member21_ncep_gefs_seamless (km/h),windspeed_10m_member22_ncep_gefs_seamless (km/h),windspeed_10m_member23_ncep_gefs_seamless (km/h),windspeed_10m_member24_ncep_gefs_seamless (km/h),windspeed_10m_member25_ncep_gefs_seamless (km/h),windspeed_10m_member26_ncep_gefs_seamless (km/h),windspeed_10m_member27_ncep_gefs_seamless (km/h),windspeed_10m_member28_ncep_gefs_seamless (km/h),windspeed_10m_member29_ncep_gefs_seamless (km/h),windspeed_10m_member30_ncep_gefs_seamless (km/h),windgusts_10m_ncep_gefs_seamless (km/h),windgusts_10m_member01_ncep_gefs_seamless (km/h),windgusts_10m_member02_ncep_gefs_seamless (km/h),windgusts_10m_member03_ncep_gefs_seamless (km/h),windgusts_10m_member04_ncep_gefs_seamless (km/h),windgusts_10m_member05_ncep_gefs_seamless (km/h),windgusts_10m_member06_ncep_gefs_seamless (km/h),windgusts_10m_member07_ncep_gefs_seamless (km/h),windgusts_10m_member08_ncep_gefs_seamless (km/h),windgusts_10m_member09_ncep_gefs_seamless (km/h),windgusts_10m_member10_ncep_gefs_seamless (km/h),windgusts_10m_member11_ncep_gefs_seamless (km/h),windgusts_10m_member12_ncep_gefs_seamless (km/h),windgusts_10m_member13_ncep_gefs_seamless (km/h),windgusts_10m_member14_ncep_gefs_seamless (km/h),windgusts_10m_member15_ncep_gefs_seamless (km/h),windgusts_10m_member16_ncep_gefs_seamless (km/h),windgusts_10m_member17_ncep_gefs_seamless (km/h),windgusts_10m_member18_ncep_gefs_seamless (km/h),windgusts_10m_member19_ncep_gefs_seamless (km/h),windgusts_10m_member20_ncep_gefs_seamless (km/h),windgusts_10m_member21_ncep_gefs_seamless (km/h),windgusts_10m_member22_ncep_gefs_seamless (km/h),windgusts_10m_member23_ncep_gefs_seamless (km/h),windgusts_10m_member24_ncep_gefs_seamless (km/h),windgusts_10m_member25_ncep_gefs_seamless (km/h),windgusts_10m_member26_ncep_gefs_seamless (km/h),windgusts_10m_member27_ncep_gefs_seamless (km/h),windgusts_10m_member28_ncep_gefs_seamless (km/h),windgusts_10m_member29_ncep_gefs_seamless (km/h),windgusts_10m_member30_ncep_gefs_seamless (km/h),temperature_2m_ecmwf_ifs04 (°C),relativehumidity_2m_ecmwf_ifs04 (%),rain_ecmwf_ifs04 (mm),windspeed_10m_ecmwf_ifs04 (km/h),windgusts_10m_ecmwf_ifs04 (undefined),latitude,longitude
2026-08-29T00:00,28.6,28.6,28.7,28.6,28.3,28.1,28.3,28.2,28.3,28.2,28.8,28.7,28.3,28.6,29.1,27.8,28.6,28.4,28.8,28.8,28.5,27.7,28.6,28.4,28.8,29,28.6,28.1,28.5,28.9,28.4,28.2,28.7,27.8,29,28,28.4,28,29.3,29,88,87,89,89,91,89,90,89,88,89,87,88,89,87,87,89,88,90,87,88,88,89,89,87,87,87,89,88,88,87,88,88,87,90,87,90,90,90,88,88,0.1,0,0,0.3,0,0,2.8,3.9,0.3,0.1,0,0,0,0,0.5,1.5,0,0,0,0,0.2,1,6.2,0.7,0,0,1.6,0.8,0,2.5,0,0.4,0,0,0,0,0,0.1,0,0,5.5,10.8,9.1,3.7,4.4,7.6,4.4,8.9,5.2,11.8,9.9,9.9,5.6,8.9,10.9,7.2,14.3,4.6,6.1,10.6,4.3,5.4,5.7,7.4,6.4,8.7,7.8,9,11,8.2,9.2,7.2,10.6,6.1,5.1,4.1,4.6,7.8,4.8,6.9,,,,,,,,,,,,,,,,,,,,,,,,,,,,,,,,,,,,,,,,,28.6,28.6,27.9,29,28.6,28.4,28.6,28.6,28.6,28.6,28.4,28.2,28.4,28.6,29,28.4,28.5,28.5,28.4,28.6,28.5,28.4,28.7,28.5,28.6,28.4,28.8,28.4,28.3,28.5,28.5,84,84,89,82,83,84,85,84,83,83,87,88,85,84,81,84,85,87,84,84,85,85,82,85,83,85,82,84,85,86,86,1.6,1.3,9.8,1.4,4.4,0.8,3.5,0.2,2.5,2.5,4.4,5.6,2.2,3.2,2.7,1.1,1.5,1.2,3.2,3.9,2.3,2.4,2.9,0.8,1.5,1.2,1.3,1.1,7.1,0.5,0.4,24.7,26.8,21.8,21,29.2,23.7,23.8,19.8,25.9,26.6,22.5,25.3,24.6,24.8,27.6,24.5,24.2,22.5,26.7,28.3,22.4,26.4,26.2,19.8,23,22.8,21.9,26.9,22.4,21.8,26.1,36,37.4,33.8,31.3,39.2,34.2,34.2,30.2,36,36.7,33.8,37.1,33.8,34.6,37.8,34.9,36.4,33.8,36.7,38.5,34.2,37.4,36.7,29.9,33.8,32.4,31,40,34.2,34.6,37.1,,,,,,22.2204,114.2127
2026-08-29T01:00,28.1,28.5,28.6,28.2,28.1,27.6,28.2,28,28.1,28.1,28.3,28.2,28.2,28.2,28.7,27.5,28.2,28.2,28.3,28.7,28.3,27.6,28.4,28.1,28.6,28.5,28.2,28,28.3,28.6,28.2,28,28.3,27.7,28.7,27.8,28.3,27.7,29.1,28.7,88,88,87,92,90,89,90,90,89,90,89,89,89,87,88,89,90,90,88,88,88,87,90,89,88,89,91,89,89,89,89,87,87,90,89,92,89,91,88,89,1.8,0,0,3.7,1,2.1,2.1,6.1,0.5,0.3,3.2,5.5,0,1.3,3.5,2,1.7,0.1,1.9,0,0.2,1,7.4,4.1,0.4,2.6,5.8,0.1,0,12.3,0,0.3,1.1,0,1.3,0,0,3.5,0,1,5.8,9.8,8.8,3.1,5.4,7.3,5.6,9.1,6.2,12,8.7,8.3,6.2,8.8,9.6,8.3,14.5,5.2,6.1,11.1,4.9,5.4,6.6,8,7.1,8.5,8.6,9.2,10.4,9.1,9.7,6.8,10.6,5.7,5.2,3.5,5.4,7.7,4.8,7.9,,,,,,,,,,,,,,,,,,,,,,,,,,,,,,,,,,,,,,,,,28.5,28.5,27,29,28.4,28.2,28.4,28.5,28.8,28.4,28.2,27.7,28.5,28.7,28.9,28.4,28.4,28.5,28.2,28.5,28.4,28.5,28.8,28.5,28.7,28.3,28.8,28.4,27.5,28.4,28.5,84,85,93,82,84,85,85,85,82,83,87,89,84,83,81,83,86,86,85,84,86,84,80,84,82,86,82,84,89,86,87,1.6,1.3,9.8,1.4,4.4,0.8,3.5,0.2,2.5,2.5,4.4,5.6,2.2,3.2,2.7,1.1,1.5,1.2,3.2,3.9,2.3,2.4,2.9,0.8,1.5,1.2,1.3,1.1,7.1,0.5,0.4,25.4,28,21,20.5,30.8,23.5,24.2,21.1,27.9,31.2,22.9,25.6,26.7,27.3,27.5,27.7,25.2,25.9,28.8,31.1,21.3,30.5,26.5,22.4,25.1,22.6,21.9,27.9,20.6,21.5,25.6,37.1,38.5,29.5,29.9,37.8,33.1,34.2,31.7,36.4,40,32.8,34.6,35.3,36.4,36,37.8,36.4,37.8,37.4,40.7,32.4,40.3,35.3,33.1,36.4,33.1,30.2,40.3,29.9,34.2,36,,,,,,22.2204,114.2127
2026-08-29T02:00,28,28,28,28,28,27.5,27.7,27.8,28,27.8,28,27.7,28,27.6,28.3,27.3,28.1,28,28,28.1,28.2,27.5,28.2,27.8,28.4,28.2,28.1,27.7,28,28.4,28.1,27.8,27.9,27.5,28.3,27.5,28.1,27.6,28.9,28.5,88,90,89,93,89,89,92,91,89,90,90,91,90,89,90,90,91,91,89,89,88,87,90,91,87,90,91,89,90,90,89,87,89,90,90,93,90,92,89,89,0.5,2.6,1.8,5.1,0.9,0,4.5,6.8,1.6,2.2,2.6,6.6,0.9,2.1,5.4,1.7,3.6,1.5,3.2,7,0,0.7,8.2,4.6,0.7,5.7,5.9,0.6,1.3,10.7,0,0.2,4,0,2.9,2,0,4.1,1.6,4.8,5.4,7.1,8.3,3.8,5.4,8.3,2.6,7.6,5.8,9.8,9.1,9.7,5.4,7.6,8.2,8,15,4,5.4,8.7,5.1,5,6.8,6.8,7.6,7.7,8.7,10.2,9.7,10,9,6.5,8,5.1,5.5,4.7,5.8,7.7,5.5,9.5,,,,,,,,,,,,,,,,,,,,,,,,,,,,,,,,,,,,,,,,,28.5,28.2,26.3,28.9,28.1,27.8,28.2,28.4,28.9,28.2,28.1,27.4,28.6,28.7,28.9,28.5,28.3,28.6,28,28.3,28.2,28.5,28.8,28.6,28.8,28.3,28.8,28.3,26.9,28.3,28.3,84,86,96,82,85,87,85,86,81,84,87,90,83,82,81,82,86,85,86,85,86,83,80,83,81,86,81,84,92,87,88,1.6,1.3,9.8,1.4,4.4,0.8,3.5,0.2,2.5,2.5,4.4,5.6,2.2,3.2,2.7,1.1,1.5,1.2,3.2,3.9,2.3,2.4,2.9,0.8,1.5,1.2,1.3,1.1,7.1,0.5,0.4,25.9,27.9,20.2,19.3,29.5,22.3,24.6,22.6,28.7,32.4,22.4,24.6,27.5,27.8,26.6,29.2,24.5,28.5,29.2,31.3,18.8,32.4,26.1,24.2,26.7,22.2,21.5,28.4,19.8,21.3,22.8,36.7,37.4,24.8,27.4,34.2,31,33.1,32.8,35.6,40,30.6,31,35.6,35.3,33.8,38.5,34.2,40.3,36,39.2,28.8,41.4,32.8,35.3,38.2,33.1,29.2,40,25.2,33.5,32.8,,,,,,22.2204,114.2127
2026-08-29T03:00,27.9,27.6,27.7,27.9,27.9,27.4,27.3,27.6,27.8,27.6,27.7,27.8,27.8,27.3,28,27.2,27.9,27.6,27.8,27.9,27.8,27.4,28,27.6,28.1,28.1,28,27.4,27.8,28,28,27.6,27.5,27.3,28.3,27.6,28.1,27.4,28.8,28.4,89,92,90,93,90,89,91,92,91,91,90,90,90,90,91,90,92,90,89,90,89,88,91,91,88,91,91,89,91,90,89,88,90,90,89,91,89,92,89,89,0,3.3,2,3.5,0.1,0,3.7,5.1,3.6,3.7,2.3,1,2.4,1.1,6.1,1.9,5.1,1.6,1.8,6.9,0.8,0.6,6.6,2.3,0.9,5.9,2.5,0.4,4,5.8,0,0,3.8,0,2.7,0.1,0,2.8,0.9,7,4.7,5.8,6.2,3.4,4,6.5,1.5,7.6,5.8,7.6,7.4,8.6,4.1,7.6,7.1,7.2,13.6,4.8,4,7.3,3.4,4.7,5.2,5.8,6.6,7.3,9,9.1,7.3,9.4,8.1,5.8,6.9,4.9,3.9,4.7,6.5,5.8,6.1,9,,,,,,,,,,,,,,,,,,,,,,,,,,,,,,,,,,,,,,,,,28.3,27.7,26.1,28.9,27.4,27.3,28,28.3,28.9,28,27.9,27.2,28.6,28.4,28.8,28.6,28.1,28.6,27.5,27.6,27.8,28.5,28.5,28.6,28.8,28.4,28.7,28.3,26.5,28.2,27.8,85,89,96,82,88,89,85,86,81,85,88,90,83,83,82,81,87,84,88,88,87,83,82,83,81,85,82,84,93,87,89,1.7,3.6,13.7,0.8,6.2,3.1,2.1,0.7,1.7,0.9,1.4,4.8,1.4,1.4,0.7,1.9,2.9,3.1,3.3,3.9,2.4,2.4,0.3,2,1.4,2.7,1,1.5,9.5,1.6,4.5,25.4,26.1,13.6,17.3,22.8,19.2,24.1,23.8,27.3,27.4,18.8,20.3,25.9,24.1,24.5,28.1,19.8,29.2,25.1,25.9,13.5,31.1,23.7,25,27.9,22.3,21.1,28.3,16.9,21.4,16.2,34.2,33.8,19.1,23.8,27.4,26.3,31.3,33.8,34.2,33.8,26.6,25.6,34.2,29.9,31.3,36.4,27.7,40.7,30.6,32.4,22.3,40,29.2,36,38.9,32.4,28.1,38.5,20.9,32.8,25.9,,,,,,22.2204,114.2127
2026-08-29T04:00,27.8,27.3,27.7,28,27.7,27.2,27.1,27.6,27.6,27.3,27.4,27.6,27.5,27.2,28,27.2,27.4,27.6,27.5,27.6,27.4,27.3,28,27.4,28,28,28.1,27.4,27.6,27.9,27.8,27.5,27.2,27.2,28.1,27.5,28.1,27.1,28.8,28.3,89,93,91,92,91,90,93,91,91,92,90,91,92,92,92,88,95,90,90,92,90,89,92,92,88,92,91,90,92,91,90,89,92,91,90,91,88,92,89,90,0,2.1,0.1,0.3,0,0,2.7,0.9,3.2,2.3,1.6,0,0.8,0,1.6,0.1,6.3,0,1.4,5.5,0.3,0,1,0.9,1,6.3,0.1,0,2.9,4.2,0,0,3.5,0.1,1,0,0,3.1,0,8,3.5,5,5.9,3.8,4,5.1,3.3,8.4,5.1,6.5,8.6,9,3,5.8,3.7,7.6,12,4.7,3.3,5.8,1.5,4.3,4.7,5.8,5.6,6.8,9.7,8.6,6.9,6.7,7.4,4.7,6.3,4.5,4.3,4.7,6.8,6,7.3,8.3,,,,,,,,,,,,,,,,,,,,,,,,,,,,,,,,,,,,,,,,,28.1,27,26.1,28.8,26.6,26.8,27.8,28.1,28.8,27.9,27.8,27.1,28.6,27.9,28.7,28.7,27.9,28.6,27,26.7,27.4,28.4,28.2,28.6,28.7,28.5,28.7,28.3,26.2,28.1,27.2,86,92,95,83,92,90,86,86,81,86,89,90,83,85,84,81,87,83,90,92,88,83,84,82,81,84,83,85,92,87,91,1.7,3.6,13.7,0.8,6.2,3.1,2.1,0.7,1.7,0.9,1.4,4.8,1.4,1.4,0.7,1.9,2.9,3.1,3.3,3.9,2.4,2.4,0.3,2,1.4,2.7,1,1.5,9.5,1.6,4.5,23.8,23.5,4.8,14.2,13.2,15.3,22.7,25,24.6,19.3,14.1,14,23.2,18.1,21.8,25.7,13.6,29,18.6,17.9,7.3,27.5,20.1,25.5,28.7,22.2,20.6,27.2,12.7,21.3,9.2,29.9,28.4,13,18.7,18.4,20.2,28.4,34.9,31.7,24.1,21.2,19.1,31.7,22,28.4,32.4,18.7,39.6,23,22,14.4,36.7,24.5,35.3,38.5,31,26.6,36.4,16.6,31.3,16.6,,,,,,22.2204,114.2127
2026-08-29T05:00,27.6,27.2,27.6,28,27.7,27.1,27.2,27.6,27.4,27.1,27.2,27.5,27.4,27.2,28,27,27.3,27.6,27.5,27.5,27.3,27.2,27.9,27.5,27.9,27.9,28.1,27.3,27.4,27.9,27.7,27.4,27.1,27.1,28.1,27.4,28,27,28.7,28.1,90,93,92,93,91,92,92,90,92,93,90,91,93,93,92,87,95,90,90,93,90,90,93,91,89,92,90,91,92,92,90,90,92,92,91,91,89,92,89,90,0,0.4,0,0,0,0,0.1,0,2.4,0.7,0.8,0,0,0,0.1,0,9.8,0,0,0.4,0.1,0,0,0,0,6.3,0,0,1.5,0.7,0,0,2.4,0.1,0,0,0,0.6,0,7.6,3.6,4.7,5.9,3.3,4,3.2,2.6,8.3,5,6,7.1,7.7,1.8,4.4,6.1,6.4,10.7,3.8,3.3,5.6,2.6,4.1,5.4,7.3,5.5,5.7,8.3,8.4,5.4,5.9,6.7,4.7,4.2,3.8,5.2,4.7,5.4,5.9,6.4,6.8,,,,,,,,,,,,,,,,,,,,,,,,,,,,,,,,,,,,,,,,,28.1,26.6,26.2,28.8,26.1,26.5,27.7,28.1,28.8,27.9,27.8,27.1,28.6,27.7,28.6,28.8,27.7,28.7,26.9,26.2,27.2,28.4,28,28.7,28.6,28.6,28.7,28.4,26.2,28.1,26.9,86,93,93,83,94,91,86,85,81,87,89,90,83,86,85,80,87,82,90,93,88,83,86,82,81,83,83,85,91,87,91,1.7,3.6,13.7,0.8,6.2,3.1,2.1,0.7,1.7,0.9,1.4,4.8,1.4,1.4,0.7,1.9,2.9,3.1,3.3,3.9,2.4,2.4,0.3,2,1.4,2.7,1,1.5,9.5,1.6,4.5,21.7,20.5,4.2,12,7.7,12.3,20.5,25,22,12.7,11.4,8.7,20.1,13.5,18.3,22.2,10.2,27.7,13.7,11.3,3.6,22.7,16.9,24,28.4,21.3,18.8,25.2,9.5,20,7.6,25.6,23.8,8.3,14.8,11.5,15.5,25.6,34.6,29.2,16.2,17.3,13.3,28.1,15.8,25.2,27.7,11.9,37.4,17.6,13.7,8.3,32,20.2,32.8,37.4,28.4,24.1,33.1,13.7,28.8,9.7,,,,,,22.2204,114.2127
2026-08-29T06:00,27.5,27.2,27.5,28.1,27.5,26.9,27.3,27.5,27.2,27,27.2,27.4,27.3,27.1,28,26.7,27.4,27.5,27.5,27.5,27.3,27,27.9,27.5,27.8,27.8,28,27.2,27.5,27.9,27.6,27.3,26.7,27,28.1,27.3,27.9,27,28.6,27.8,91,94,92,93,93,93,92,90,92,94,91,92,94,94,93,89,95,91,90,94,90,90,93,91,90,93,90,91,93,92,91,91,92,94,90,92,90,92,89,92,0,0,0,0,0,0,0,0,1.1,0,0,0,0,0,0,0,4.5,0,0,0,0,0,0,0,0,4.2,0,0,0,0,0,0,2,0,0,0,0,0,0,5.9,2.6,3.4,4.1,4.5,2.6,2.5,2.5,7.6,4.7,5.9,4.7,6.5,1.8,4.7,6.5,4.6,8.3,3.1,3.5,4.7,1.1,4.1,3.6,5.9,4.4,5.2,6.1,7.9,4.7,6,4.8,4,2.5,3.1,4.1,3.8,4,6.7,5.1,5.4,,,,,,,,,,,,,,,,,,,,,,,,,,,,,,,,,,,,,,,,,28.2,26.7,26.4,28.8,26,26.8,27.9,28.3,28.8,28.1,27.9,27.3,28.6,27.9,28.7,28.9,27.8,28.7,27.3,26.4,27.2,28.5,28.2,28.8,28.8,28.7,28.9,28.5,26.4,28.3,27.1,86,91,91,83,93,90,86,85,81,86,88,89,83,85,84,80,86,82,88,90,87,83,85,81,81,82,82,85,90,86,89,0.4,0.3,0.2,0,2.6,0.1,0.3,0.4,0.6,0.6,0.6,0,0.1,0,0.4,0.4,0,0.6,0.3,0.4,0,0.7,0,0.6,0.8,0.5,1.1,1.3,0,0.5,0.2,18.4,17.6,3.6,10,6.8,9.7,17.7,23.2,19.6,8.9,10.5,5.4,16.6,11.6,14.2,17.8,9,25.3,12.7,7.6,1.8,15.8,13.4,20.3,26.7,18.1,15.2,22.2,9.4,16.7,6.2,21.6,20.5,5.8,12.2,8.6,13.7,22.3,32,26.3,11.9,15.5,9,23.4,13.3,20.9,22.3,9.4,33.5,16.9,9,5.4,24.8,15.8,27.4,35.3,24.1,19.8,28.8,13,24.1,7.2,,,,,,22.2204,114.2127
2026-08-29T07:00,27.6,27.4,27.6,28.3,27.7,27.1,27.4,27.5,27.4,27.2,27.4,27.6,27.5,27.3,28.1,26.8,27.7,27.8,27.6,27.7,27.4,27.1,28,27.7,27.9,27.9,28.2,27.4,27.6,28,27.7,27.5,26.7,27.1,28.1,27.3,28,27.2,28.7,27.7,92,94,94,92,94,93,92,90,91,95,92,92,95,93,91,90,93,91,91,95,90,91,94,91,91,93,91,91,94,91,92,92,92,95,91,93,90,92,90,92,0,0,0,0,0,0,0,0,0.2,0,0,0,0,0,0,0,0.6,0,0,0,0,0,0,0,0,1.8,0,0,0,0,0,0,1.3,0,0,0,0,0,0,4,2.7,2.2,3.3,4.2,3.1,2.9,2.3,6.6,4.3,4.3,3.8,6.8,1.9,3.9,5.2,4.2,7.7,2.6,3.1,4.7,0.8,3.6,2.1,5.2,3.5,5.4,5.8,8.5,5.1,6.4,3.1,3.6,1.8,2.9,4.4,3.6,4.1,5.1,3.3,4.8,,,,,,,,,,,,,,,,,,,,,,,,,,,,,,,,,,,,,,,,,28.5,27.1,26.6,28.8,26.3,27.4,28.3,28.5,28.9,28.4,28.2,27.6,28.6,28.3,28.8,29,27.9,28.7,28,27,27.5,28.6,28.5,29,29,28.9,29.1,28.6,26.8,28.5,27.5,85,88,88,82,90,87,86,84,81,84,86,87,83,84,83,80,84,83,85,86,86,84,83,81,81,82,80,85,88,85,85,0.4,0.3,0.2,0,2.6,0.1,0.3,0.4,0.6,0.6,0.6,0,0.1,0,0.4,0.4,0,0.6,0.3,0.4,0,0.7,0,0.6,0.8,0.5,1.1,1.3,0,0.5,0.2,14.2,14.2,1.1,8.8,6.5,8,14.3,20.4,17.8,6.9,10.7,3.4,13.3,10.6,11.1,13,8.1,21.7,13.4,5.4,1.5,9.4,9.7,15.3,24.1,14,11.4,18.5,10.7,12.6,3.8,17.6,18,5,10.8,7.9,13,18.7,28.4,22.7,9,15.1,5.8,18,12.2,15.8,15.8,8.6,28.4,18.4,6.5,4,16.2,11.9,20.5,32,19.1,15.1,24.1,13.7,18.4,6.8,,,,,,22.2204,114.2127
2026-08-29T08:00,28.4,27.9,28.4,28.9,28.4,27.7,27.7,28.1,28,27.8,28.1,28.1,28.3,28.2,28.4,27.5,27.9,28.3,28.1,28.5,27.7,27.9,28.4,28.4,28.6,28.2,28.7,28,28.1,28.4,28.4,28.2,27.2,27.9,28.9,27.9,28.4,27.7,29.2,28.1,86,91,88,89,87,89,91,87,87,91,89,89,90,89,90,87,91,87,87,91,90,84,91,87,87,91,88,88,90,90,89,88,90,89,85,89,87,90,87,91,0,0,0,0,0,0,0.1,0,0,0,0,0,0,0,0.1,0,2.5,0,0,0,0,0,0,0,0,0,0,0,0,0,0,0,0,0,0,0,0,0,0,0.4,3.7,3.9,3.6,3.2,3.2,3.6,2.3,9.3,6.2,4.6,5.2,7.6,3.4,5.4,5.8,4.7,8.2,3.1,2.8,5.9,0.8,3,2.5,8,4.9,7.9,6.6,9.7,6.7,8.2,4.2,5.1,2.6,3.4,5.9,3.8,3.6,5.2,5.1,7.4,,,,,,,,,,,,,,,,,,,,,,,,,,,,,,,,,,,,,,,,,28.9,27.7,27,29.1,26.8,28,28.7,28.8,29.2,28.6,28.5,28,28.9,28.8,29,29.2,28.3,29,28.7,27.7,27.9,28.8,29,29.2,29.2,29.1,29.4,28.8,27.3,28.8,28.1,83,84,85,81,86,85,85,83,80,83,84,85,82,82,81,79,82,83,82,81,84,83,81,80,80,81,78,84,86,84,82,0.4,0.3,0.2,0,2.6,0.1,0.3,0.4,0.6,0.6,0.6,0,0.1,0,0.4,0.4,0,0.6,0.3,0.4,0,0.7,0,0.6,0.8,0.5,1.1,1.3,0,0.5,0.2,10.5,11.4,3.7,8,6.6,7.6,11.4,17.7,15.5,5.3,11.1,3.4,10.1,9.7,9.8,9.5,6.9,17.7,13.2,3.6,2.8,7.7,6.9,11.5,21.4,10.4,8.9,14.4,11.4,9.7,3.2,13.7,15.5,4.7,9.4,7.6,12.2,15.5,24.8,19.4,7.6,15.1,4,13.3,11.5,11.9,11.5,8.3,23,18.4,4.7,3.6,10.1,9,14.4,28.4,14.4,11.2,19.1,13.7,13.3,6.8,,,,,,22.2204,114.2127
2026-08-29T09:00,29.2,28.7,29.4,29.4,29.1,28.4,27.9,28.9,28.6,28.5,28.9,28.7,28.9,28.7,28.8,28.4,28.3,29.3,28.6,28.9,28.4,28.6,28.9,29.4,29.1,28.9,29.2,28.9,28.8,29,29,29.1,28.1,29.1,29.8,28.3,28.8,28.5,29.8,28.5,82,87,84,84,84,86,90,85,85,89,86,86,86,86,88,84,89,82,85,88,85,81,87,83,85,88,86,84,87,87,85,83,86,81,81,86,85,86,84,89,0,0,0,0,0,0,0.1,0,0,0,0,0,0.2,0.1,0,0,2.5,0,0,0,0,0,0,0,0,0,0,0,0,0,0,0,0,0,0,0,0,0,0,0.6,5.4,4,5.8,4.7,4.1,4.1,3.1,8.5,6.5,3.9,4.7,7.7,3.8,6.7,5.5,6.2,9.8,6.1,4.8,8.6,1.5,2.9,5.7,8.9,5.5,8.7,7.2,9.2,9,9.6,6,6,4.9,5,6.6,4.9,3.5,5,6.1,8.4,,,,,,,,,,,,,,,,,,,,,,,,,,,,,,,,,,,,,,,,,29.5,28.5,27.6,29.6,27.5,28.5,29.2,29.2,29.6,28.6,28.8,28.5,29.5,29.4,29.4,29.6,28.9,29.5,29.3,28.5,28.4,29.1,29.5,29.5,29.4,29.6,29.9,29.3,27.9,29.2,28.7,81,81,82,79,82,83,83,81,78,83,82,82,79,79,79,77,78,80,79,77,81,81,78,79,79,79,76,82,82,82,79,0.1,0.1,0,0.3,0,0.3,0,0,0.2,0.2,0.7,0,0,0,0,0.6,0,0.7,0,0,0,0.5,0,0.1,0.7,0.2,0.1,0.2,0,0.1,0,7.3,8.8,4.8,6.6,6.6,5.8,9.3,15.3,12.4,5.1,12.1,5.4,7.1,8.9,9.2,7.9,5.5,11.9,11.4,2.9,2.7,9.2,5.5,8.7,18,6.8,7.9,9.4,9.3,7,1.5,9.7,12.2,5.4,7.6,6.8,10.4,12.2,20.9,15.8,7.6,15.8,4.7,9.7,10.1,10.1,10.1,6.8,17.3,15.5,3.6,3.6,9.4,7.2,10.4,23.4,10.4,9.7,14,11.9,10.1,6.1,,,,,,22.2204,114.2127
2026-08-29T10:00,30.3,28.8,30.2,29.7,30.1,29.2,27.7,29.5,29.2,29.7,29.5,29.5,29.5,29,29.4,29.8,28.7,30.4,29.1,29.4,29,28.8,29.5,30,29.8,29,29.8,30.1,29.7,29.5,29.5,30.1,28.2,30.4,30.7,28.9,29.7,28.6,30.5,28.8,78,86,80,82,80,82,89,82,82,83,83,82,83,85,84,78,88,78,83,85,82,80,84,80,83,86,83,78,82,85,83,79,86,76,78,82,83,86,80,87,0,0.5,0.1,0,0,0,0.7,0.2,0,0,0.3,0,0.3,0.1,0,0,1.6,0,0,0,0.4,0,0,0,0,0.2,0,0,0,0,0,0,1.3,0,0,0,0,0.6,0,1.2,4.7,5.2,6.2,6.9,4.3,5.9,2.8,9.2,6.2,2.7,5.4,8.1,5.6,6.8,7.6,6.2,8.8,5.1,4.4,8.7,1.5,2.5,5.6,7.2,5.5,10,8.3,9.2,10.3,10.6,6.6,5.9,3.6,3.7,6.7,4.2,2.6,5.6,6.4,9.8,,,,,,,,,,,,,,,,,,,,,,,,,,,,,,,,,,,,,,,,,30.2,29.5,28.3,30.3,28.4,29.1,29.8,29.6,30.2,28.6,29.2,29.1,30.4,30,30,30.1,29.7,30.3,30,29.4,29,29.5,30.2,29.9,29.5,30.1,30.5,29.8,28.7,29.6,29.4,78,78,79,76,77,80,80,80,76,83,79,79,76,76,77,74,74,76,77,73,77,78,75,78,78,77,74,78,78,79,76,0.1,0.1,0,0.3,0,0.3,0,0,0.2,0.2,0.7,0,0,0,0,0.6,0,0.7,0,0,0,0.5,0,0.1,0.7,0.2,0.1,0.2,0,0.1,0,4.7,6.8,5.8,4.4,6.2,3.7,7.6,12.9,9.8,6.8,13.3,7.6,4.6,8,8,7.8,4.9,6,8.8,3.1,2.6,10,4.6,5.9,14.2,3.5,7.4,4,6.2,4.7,1.9,6.1,9,6.5,6.1,6.1,8.6,9,16.9,12.2,8.6,17.3,7.6,6.5,8.6,9.4,10.8,5.4,11.5,11.2,3.6,4.3,11.2,6.5,7.6,18,6.8,9.4,8.6,9,7.6,5.4,,,,,,22.2204,114.2127
2026-08-29T11:00,31,29.4,30.9,30,31.2,29.8,27.9,30.3,29.8,30.5,29.9,30.6,29.6,29.5,30.6,30.1,28.8,31.6,29.9,30.1,29.2,28.9,30.5,30.8,30.7,29.4,30.5,31.1,30.3,29.7,29.9,30.9,28.8,31.3,31.7,30.1,30.7,28.6,31.3,29.3,74,85,77,82,75,80,88,80,81,80,83,77,84,83,79,77,87,72,81,82,83,80,81,77,80,86,80,74,79,84,81,75,85,72,74,78,78,86,76,85,0,0.3,0.4,0,0,0,0.8,0.3,0.5,0.2,0.1,0,1.5,0.1,0,0.1,2.4,0,0,0.1,0.7,0,0,0,0,1.3,0,0,0,0.4,0.2,0,1,0,0,0,0,1.1,0,0,5,4.4,7,7.1,3.7,6.6,3.8,9.1,5.8,1.5,6.1,8.1,6.3,7.4,6.3,5.6,7.9,4.1,3.8,7.9,3.9,3.8,4.9,7.3,5.7,12.9,9.7,10.5,12.7,10.6,6.9,6.3,2.4,3.1,7.1,3.6,2.3,6.8,6.2,11.5,,,,,,,,,,,,,,,,,,,,,,,,,,,,,,,,,,,,,,,,,30.8,30.3,28.9,30.9,29.2,29.5,30.2,30,30.7,28.7,29.5,29.6,31,30.7,30.4,30.6,30.3,30.9,30.5,30.2,29.6,29.9,30.8,30.2,29.7,30.6,31,30.4,29.3,30,30,75,75,76,73,74,78,78,78,74,82,78,77,73,73,75,71,71,72,75,70,74,76,72,77,77,75,72,75,75,77,73,0.1,0.1,0,0.3,0,0.3,0,0,0.2,0.2,0.7,0,0,0,0,0.6,0,0.7,0,0,0,0.5,0,0.1,0.7,0.2,0.1,0.2,0,0.1,0,2.7,5.1,6.5,2.6,6.2,2.7,6.4,11.1,8.1,7.8,14.6,9.7,2.9,6.6,6.6,7.6,4,4.7,7.3,3.1,3.6,9.3,4.6,4,11.5,1.8,6.2,1.1,4.7,4.6,3.6,4,7.2,7.9,5.4,6.1,7.2,7.2,14,10.4,9.4,18.4,9.7,5,7.2,9,10.8,4.7,7.6,8.6,4,5.4,12.2,6.5,6.1,14,4.7,9.4,5.4,7.2,6.5,5,,,,,,22.2204,114.2127
2026-08-29T12:00,32,30.4,31.3,30.5,32,30.4,28,31,30.2,30.8,30.3,31.7,29.7,29.7,31.6,30.1,28.8,32.6,30.3,30.2,29.1,29.3,31.5,31.5,31.7,29.3,30.9,32.2,30.4,30.2,30.3,31.4,29.1,32.2,32.6,31.1,31.7,29.1,32,30.1,69,79,75,80,71,76,87,76,80,78,81,71,83,82,74,77,87,68,78,80,84,79,75,73,74,86,77,69,78,82,79,72,83,68,71,73,73,82,73,81,0,0.1,0.2,0,0,0,0.7,0.4,0.2,0.4,0.2,0,2,0.1,0,0.1,2.2,0,0.2,0.2,2,0,0,0.1,0,2.4,0,0,0.1,1.5,0.1,0,1.2,0,0,0.2,0,0.2,0,0,6.7,4.7,8.7,10.1,3.1,7.2,4.3,7.7,7.2,0.5,8.5,8.6,6.3,8.7,4.7,7.7,8.7,2.1,2.6,7.9,3.1,6.4,6.1,9.6,4.3,13.7,11.8,10,13.4,12.7,7.1,7.8,2.2,2.3,6.4,3.4,3.7,7.9,7.4,10.1,,,,,,,,,,,,,,,,,,,,,,,,,,,,,,,,,,,,,,,,,31.2,31,29.4,31.3,29.8,29.5,30.3,30.2,31.1,29.3,29.6,29.9,31.3,31.3,30.8,31,30.6,31.3,30.9,31,30.1,30.4,31.2,30.4,29.9,30.8,31.5,30.9,29.6,30.3,30.3,72,71,74,70,72,77,77,77,72,79,78,76,71,69,73,69,70,70,73,66,72,74,70,75,76,73,69,72,74,75,71,0,0,0,0,0,0.2,0.1,0.1,0,0,0.5,0,0,0,0,0.1,0.3,0,0,0,0,0.1,0,0.2,0.4,0,0,0,0,0.2,0,1.5,1.8,6.9,1.8,6.4,2.6,6.8,10.4,7.3,7.1,15.3,10.7,0.7,4.2,4.2,5,1.6,3.6,7.4,2.6,5.3,6.3,4.8,4.1,10.7,1.3,4,1.1,4.4,5.9,3.7,4.7,7.6,8.6,6.1,6.8,6.5,7.2,13.3,11.5,8.6,18.4,11.2,5.8,5.8,7.9,9.7,5.4,6.5,9.4,5,6.8,11.2,7.6,6.5,13,4.7,9,5,7.2,7.2,5,,,,,,22.2204,114.2127
2026-08-29T13:00,32.6,30.9,31.3,30.7,32.7,31.2,28.1,31.7,30.2,30.9,30.6,31.8,29.6,30.1,32.4,30.3,28.5,33.3,30.4,30.2,29.2,29.8,32.3,32,32.2,29.4,30.8,33.2,29.5,30.6,31.3,32.1,29.2,32.5,33.6,31.7,32.1,29,32.3,30.6,66,78,75,80,67,72,87,73,81,76,79,71,84,80,70,76,88,62,77,80,83,76,70,71,70,86,78,65,84,80,75,70,83,64,66,71,70,83,70,77,0,0.3,0.1,0,0,0,0.5,0.2,1.6,0.2,0,0.1,3.2,0.1,0,0.1,2.1,0,0,0.2,0.1,0,0,0,0,2.3,0,0,6.4,1.9,0,0,0.9,0,0.1,0.4,0,1.1,0.1,0.3,8.9,7.4,11.8,11.2,2.4,8.7,4.4,8.1,7.9,3.4,8.7,11.9,4.6,9.3,4,9.1,9.1,1.1,5.6,6.5,4.7,4.2,4.5,11.8,5.4,14.3,12.6,8.2,12.8,12,7.4,9.2,5.8,1.1,4,4,4.9,6.6,8.1,10.1,,,,,,,,,,,,,,,,,,,,,,,,,,,,,,,,,,,,,,,,,31.5,31.6,29.9,31.7,30.1,29.4,30.3,30.2,31.5,30.1,29.5,30.1,31.5,31.8,31.1,31.4,30.6,31.6,31.1,31.7,30.5,30.9,31.5,30.6,30.1,31,31.9,31.3,29.7,30.5,30.5,69,67,72,67,71,77,76,76,70,75,79,75,69,65,70,67,69,69,71,63,71,72,68,72,76,72,67,69,73,74,69,0,0,0,0,0,0.2,0.1,0.1,0,0,0.5,0,0,0,0,0.1,0.3,0,0,0,0,0.1,0,0.2,0.4,0,0,0,0,0.2,0,3.3,3.4,8,2.5,7.2,2.1,8.4,11.2,9.6,5.2,16.3,11.9,4.6,1.3,2.5,1.8,5.6,2.9,9.5,2.2,7.3,2.3,5.7,6,11.3,2.1,2.2,3.3,4.2,7.6,4,6.8,9,9.7,7.6,8.3,6.5,8.3,13.3,14.8,7.2,17.6,12.6,7.6,4.7,7.2,7.9,6.8,6.8,11.9,6.5,9,9.7,9.4,7.9,13.3,6.1,9,6.8,7.9,9.4,5.4,,,,,,22.2204,114.2127
2026-08-29T14:00,33.1,31.3,31.5,30.5,32.9,31.7,28.8,32.1,30.1,31.7,30.5,32,29.5,30.7,32.8,30,28.3,33.4,30.3,29.9,29.4,30,32.9,32,32.4,29.6,30.8,33.8,29.4,30.9,31.3,32.3,29.5,32.6,34,32,32.6,28.7,32.3,30.1,63,77,75,81,64,71,82,71,82,73,78,70,84,76,66,78,88,62,78,81,82,75,67,69,68,84,78,61,87,79,74,68,82,64,60,69,68,84,70,79,0,0.1,0.1,0.7,0,0.1,0.1,0.1,4.2,0.1,0.1,0.2,3.2,0.1,0,0.2,1.9,0,0,0.5,0,0,0,0,0,1.2,0,0,3.8,2.1,0.1,0,0.6,0,0.1,0.2,0,1,0.1,1.5,9.9,10.2,13.9,9.9,1.3,10,5,9.2,8.7,5.6,9.6,12.6,5.6,9.9,2.5,8.4,8.2,5.9,7,5.6,3.9,3.6,3.5,13.3,5.4,11.8,9.9,8.2,11.2,13.7,8.5,12.3,8.3,4.4,4.6,5.4,4.2,8.3,7.2,9.6,,,,,,,,,,,,,,,,,,,,,,,,,,,,,,,,,,,,,,,,,31.5,31.9,30.2,31.9,30.4,29.3,30.3,30.3,31.7,30.6,29.2,30.3,31.5,32.1,31.2,31.6,30.6,31.7,31.1,32.1,30.8,31.2,31.7,30.7,30,31.1,32.2,31.5,29.8,30.6,30.6,67,65,71,65,71,77,76,76,69,72,80,75,68,62,69,66,70,68,71,62,70,71,67,71,76,71,65,68,73,73,69,0,0,0,0,0,0.2,0.1,0.1,0,0,0.5,0,0,0,0,0.1,0.3,0,0,0,0,0.1,0,0.2,0.4,0,0,0,0,0.2,0,5.4,6.4,9.5,3.9,8.3,2.5,10.1,11.2,13,5.1,15.8,12.9,8.2,1.8,4.3,3.9,9.5,4.6,11.6,2.7,8.4,3.9,7.1,7.7,11.1,2.5,4.1,5.8,3.7,8.9,4.8,8.6,10.1,10.4,9.4,9.4,7.2,9.7,13.3,17.3,6.8,16.9,13.3,10.1,4.3,6.8,7.2,8.6,7.6,14,7.9,10.1,9,11.2,9.4,13.3,7.2,9.4,8.3,8.6,11.2,6.1,,,,,,22.2204,114.2127
2026-08-29T15:00,32.9,31.3,31.4,30.7,32.8,32,29,32,30,32,30.4,32.2,29.9,30.9,33,30,28.5,32.9,30.5,29.6,29.6,30.1,33.3,31.8,32.4,29.2,30.9,33.7,29.4,30.7,31.2,32.3,29.9,32.6,33.9,32.2,32.8,28.7,32.5,29.5,64,76,74,80,64,69,81,72,83,71,77,69,81,76,65,77,86,64,77,81,81,75,64,71,67,85,77,60,87,79,75,69,80,65,60,67,66,84,71,82,0,0.4,0.1,0.5,0,0,0.1,0.3,3.5,0,0.1,0.2,0,0,0,0.1,0.7,0,0,0.5,0,0,0,0,0,3.6,0,0.1,2.6,2.1,0.2,0,0,0,0.1,0.2,0,0,0,2.4,9.2,12,14.8,9.8,2.6,11.1,3.2,10.4,9,8.2,10.1,11.2,6.4,10.5,4.3,8.9,9.1,7.8,5.4,4.8,4.3,3.8,4.1,13.9,6.7,11.9,10.2,9.7,11.3,14.5,9.3,14.3,9.3,4.5,7.4,6.4,3.4,9,4.2,8.6,,,,,,,,,,,,,,,,,,,,,,,,,,,,,,,,,,,,,,,,,31.3,31.8,30.4,32,30.4,29.3,30.2,30.3,31.5,30.5,28.4,30.3,31.3,32.1,31.2,31.5,30.5,31.6,30.9,32,30.9,31,31.6,30.7,29.3,31.1,32.1,31.5,29.9,30.5,30.5,67,66,71,65,72,77,76,75,71,73,83,75,69,62,69,65,72,67,72,64,69,72,68,71,79,70,65,68,73,73,70,0,0,0,0,0,0,0,0.1,0,0,2.8,0,0,0,0,0,1,0,0,0,0,0,0,0,0.7,0,0,0,0,0,0,7.4,7.6,11,5.2,9.8,4.7,11.2,10.2,15.3,6.5,12.7,12.4,11.3,3.8,5.4,6,12.4,5.7,12.6,5,8,7.4,9.1,8.7,10,1.5,6.8,7.2,1.8,10.4,7.1,9.7,10.1,11.2,11.2,10.8,9,11.5,11.9,19.1,8.3,15.8,13,12.6,5.4,7.2,7.6,11.2,7.6,14.8,9.7,10.1,10.4,12.2,9.7,12.6,7.2,9.7,9,9,12.6,8.3,,,,,,22.2204,114.2127
2026-08-29T16:00,32.3,30.7,31.5,30.7,32.6,31.9,29.1,31.6,30.1,31.9,30.2,31.9,29.9,30.5,32.9,30,28.6,32,30.5,29.8,29.6,30,33.2,31,32.3,29.2,30.8,33.1,29.7,30.7,30.6,32,29.9,32.2,33.3,31.8,33,28.8,32.5,29.1,66,77,73,80,66,69,82,74,82,71,78,69,80,77,65,78,86,70,77,80,82,75,62,75,67,85,78,64,85,79,78,71,80,67,63,68,63,83,71,84,0,0.4,0,0,0,0,0.1,0.6,1,0,0.2,0.2,0,0.1,0,0,0,0,0,0,0,0,0,0.6,0,1.9,0,0.1,0,0.4,0.9,0,0.1,0,0.2,0.3,0,0,0.1,2.1,8.7,12.3,15,8.9,4.4,10.6,3,10,8.2,9.2,8.6,10.1,7,10.2,3.4,7.4,9.4,7.9,6.5,3.2,2.7,4.4,5.4,14.8,7.4,5.8,11.1,10.8,11.9,11.5,8.2,14.8,9.9,5.2,7.9,7.7,3.4,7,6.1,7.3,,,,,,,,,,,,,,,,,,,,,,,,,,,,,,,,,,,,,,,,,31,31.5,30.5,31.9,30.2,29.3,30.2,30.3,31,30.2,27.4,30.3,31.1,31.9,31,31.3,30.3,31.2,30.6,31.5,30.8,30.6,31.3,30.5,28.3,31,31.8,31.2,29.9,30.2,30.3,68,68,71,66,74,78,76,75,74,75,86,74,71,63,70,65,74,67,75,68,69,73,70,73,83,69,66,70,72,75,73,0,0,0,0,0,0,0,0.1,0,0,2.8,0,0,0,0,0,1,0,0,0,0,0,0,0,0.7,0,0,0,0,0,0,9.7,8.4,12,6.6,11.3,8.1,12.7,8.7,17.3,8.7,11.5,11.1,13.9,6.4,5.9,7.2,14.8,6,12.7,8,8.3,10.8,11.8,9.3,9.1,1.9,9.7,8.7,2.5,11.9,10,10.4,9.7,11.9,13,11.9,11.5,13.3,10.4,20.5,10.4,14.8,11.9,15.5,7.6,7.9,8.6,14.4,7.6,14.8,11.5,9.4,13,13.3,10.1,11.5,6.8,10.4,9.4,9.4,14,11.5,,,,,,22.2204,114.2127
2026-08-29T17:00,31.6,30.6,31.3,30.2,32.2,31.6,28.7,30.7,30.2,31.6,30.2,31.1,29.7,30.2,32.5,29.7,28.9,31.1,30.2,29.5,29.4,29.8,31.8,30.4,31.8,29.3,30.5,32.1,29.6,30.6,30.1,31.3,29.8,31.3,32.7,31.2,32.9,28.5,31.8,28.9,69,76,74,82,68,70,82,77,81,72,78,71,81,79,65,79,85,76,79,81,82,77,70,78,69,85,79,69,85,79,81,74,81,72,67,71,63,83,74,85,0.1,0,0,1,0,0,0.7,1,0,0,0,0.1,0,0,0,0,0,0,0,0.2,0,0,0.3,0.6,0,0,0,0.4,0,0,1.7,0,0,0,0.2,0,0,0.2,1.7,0.7,6.8,10.5,13.8,6.6,4.9,7.7,2.5,10.6,8.4,9,8,7.6,5.2,9,5,6.2,8.9,6.1,6.5,1.6,4.3,2.6,5.4,11.6,8.3,7.4,10,10.8,11.5,10.9,6.4,16.1,9.3,6.9,2.6,7.7,5.1,5.6,8,7.1,,,,,,,,,,,,,,,,,,,,,,,,,,,,,,,,,,,,,,,,,30.7,31.1,30.5,31.8,30.1,29.3,30.1,30.2,30.6,29.8,26.7,30.2,30.8,31.5,30.8,31.1,30.1,30.9,30.3,31.1,30.6,30.3,31,30.4,27.6,30.9,31.5,30.9,29.9,30,30,70,70,72,67,76,79,77,75,76,77,88,75,73,65,72,66,76,68,77,71,70,75,72,74,85,70,68,72,73,76,75,0,0,0,0,0,0,0,0.1,0,0,2.8,0,0,0,0,0,1,0,0,0,0,0,0,0,0.7,0,0,0,0,0,0,10.7,8.1,13.5,7.9,11.8,10.4,13.3,7.4,18.3,10.2,13.3,10.2,15.6,7.6,6.6,7.9,16,6,12.6,10.6,9,13,13.2,9.9,7.2,4,12,9.4,4.5,13,11.4,10.8,9,13.7,14.8,12.6,13,14.4,9,21.6,12.2,14.8,10.8,17.6,9.4,9,9.4,16.6,7.6,14.4,13.3,8.6,14.8,14,10.8,10.4,7.6,11.2,10.4,9.4,15.5,13,,,,,,22.2204,114.2127
2026-08-29T18:00,30.9,30.4,30.7,30,31.5,30.8,28.6,30,29.9,30.8,29.6,30.3,29.4,29.6,31.8,29.3,28.7,30.5,29.7,29,29,29.2,30.5,29.9,31,29.2,30,31.2,29.2,30.2,29.8,30.6,29.3,30.4,31.3,30.4,32.2,28.2,31,28.8,74,76,77,83,73,73,82,80,82,76,81,74,83,82,69,81,86,80,82,82,85,81,77,80,74,86,81,74,87,80,82,77,82,79,70,75,67,84,77,86,0,0,0,0,0,0,0.7,0.3,0,0,0,0,0,0,0,0,0,0,0,0.1,0,0,2.4,0.1,0,0,0,0.2,0,0,0.6,0,0.1,0,0.4,0.1,0,0.4,3.4,0.2,4.3,8.7,10.2,6.3,5.5,6,3.4,8.8,8.3,7.7,6.9,6.8,5.9,8,4.2,6,5.9,4.9,6.5,1.5,5.8,3.6,8.1,8.1,7.4,7.5,6.2,9.2,10,8.8,7,13,7.4,5.9,3.4,5.2,5.4,5.6,6.9,5.7,,,,,,,,,,,,,,,,,,,,,,,,,,,,,,,,,,,,,,,,,30.5,30.8,30.2,31.5,30,29.2,30,30,30.3,29.6,26.7,30,30.4,31,30.5,30.8,29.9,30.7,30,30.7,30.3,30,30.6,30.1,27.4,30.5,31,30.5,29.7,29.7,29.8,72,72,75,68,77,80,78,75,77,79,88,77,76,69,74,69,78,70,79,74,72,76,74,76,84,73,71,74,75,77,77,0,0,0.1,0,0,0,0,0,0,0.1,0.5,0,0.1,0,0,0,0.5,0,0.1,0,0,0,0,0,0.4,0,0,0,0,0,0,9.4,7.1,15.6,9.1,11,10.7,12.2,6.8,18.4,10.4,13.4,9.2,15.8,7.2,8.1,7.7,14.8,4.7,11.7,12.2,8.4,13.2,13.1,10.6,3.7,6.7,12.6,10.8,5.2,13.4,9.7,10.1,8.3,17.3,16.2,11.5,13,13.7,8.3,22,13.3,16.9,10.1,19.1,10.8,10.4,9,17.3,6.8,13.7,15.1,7.9,14.4,14,12.2,9,10.4,12.2,13,8.6,16.9,11.9,,,,,,22.2204,114.2127
2026-08-29T19:00,30,29.6,29.9,29.5,30.5,29.9,28.4,29.3,29.3,29.9,28.9,29.5,28.8,29,31,28.6,28.2,29.8,29.2,28.8,28.6,28.5,29.5,29.3,30.2,28.9,29.5,30.2,28.9,29.6,29.4,29.8,28.7,29.5,30.6,29.5,30.9,27.8,30.5,28.4,81,81,82,86,81,77,84,85,84,83,86,80,87,85,76,85,88,84,85,83,87,86,82,83,80,88,84,81,88,83,85,81,85,84,76,82,77,87,80,89,0,0,0,0,0,0.2,0.5,0,0,0,0,0,0,0,0,0,0.4,0,0,0,0,0,1.9,0.2,0,0,0,0,0,0,0,0,0.3,0,0,0,0,0,0,0.2,4.7,6.5,7.6,4.3,3.7,4.3,2.2,6.1,8.2,4.5,7.3,4.7,4.6,5.8,2.6,6.2,4.6,4.8,5.8,1.5,4,4.1,10.9,6.4,6.4,5.1,3.9,6.6,10.2,8.2,6.7,10.5,4.1,4.5,3.8,5.1,4,3.9,4.1,3.9,,,,,,,,,,,,,,,,,,,,,,,,,,,,,,,,,,,,,,,,,30.3,30.5,29.7,31.1,29.8,29.1,29.9,29.8,30,29.3,27.1,29.7,29.9,30.3,30.2,30.5,29.7,30.5,29.7,30.2,30,29.8,30.3,29.8,27.5,29.9,30.3,30.1,29.5,29.4,29.6,74,74,78,69,78,82,78,76,78,82,87,79,79,75,76,73,79,73,80,76,74,78,76,78,82,77,75,77,77,79,79,0,0,0.1,0,0,0,0,0,0,0.1,0.5,0,0.1,0,0,0,0.5,0,0.1,0,0,0,0,0,0.4,0,0,0,0,0,0,7.1,5.7,17.9,10.7,9.5,10,10.9,6.1,17.6,10.6,14.6,8,15.8,8.4,10.2,7.1,13.5,2.9,10.5,13.5,7.3,12.3,12.2,11.4,1.4,10.2,12.8,13,5.5,13.5,7.3,9,7.6,22,17.3,9.7,11.9,12.2,7.9,22.3,14,20.2,9.4,19.4,12.2,12.6,8.6,16.9,6.1,12.6,16.6,7.2,13,14,14,7.2,14.4,13.7,16.6,7.9,18,9.7,,,,,,22.2204,114.2127
2026-08-29T20:00,29.3,29,29.2,29.1,29.8,29.3,28.2,28.7,28.9,29.4,28.3,28.9,28.4,28.6,30.3,28,27.7,29.4,28.8,28.4,28.4,28.1,29.1,28.9,29.6,28.6,29.1,29.6,28.6,29.2,29,29.4,28.3,29,29.8,28.9,29.9,27.6,30,28.1,86,85,86,89,80,82,86,88,86,86,90,84,90,89,81,88,92,88,88,84,89,89,82,87,83,90,87,85,89,85,88,84,87,89,83,87,84,89,85,92,0,0,0,0,0.6,0.1,0.3,0,0,0,0,0,0,0.1,0,0,1.2,0,0,0.1,0,0,0.1,0,0,0,0,0,0,0,0,0,0.2,0,0,0,0,0,0,0,3,6.1,6.3,5.2,9.7,4.1,3.9,5.5,7.3,2.5,7,3.8,3,3.7,4.6,6,3.6,4.2,4.7,1.9,1.6,4.3,12.5,3.3,5.6,4.2,4.5,3.7,9.2,7.2,6,7.4,1.5,0.4,2.5,4.9,3.6,2.9,3.7,3.1,,,,,,,,,,,,,,,,,,,,,,,,,,,,,,,,,,,,,,,,,30.1,30.2,29.4,30.8,29.7,29,29.7,29.7,29.8,29.2,27.4,29.5,29.6,29.8,29.9,30.2,29.5,30.3,29.5,29.9,29.8,29.6,30,29.5,27.6,29.6,29.9,29.8,29.3,29.2,29.4,76,76,81,71,79,83,79,77,79,83,86,81,81,79,78,76,80,75,81,78,76,79,77,79,80,80,78,79,79,80,80,0,0,0.1,0,0,0,0,0,0,0.1,0.5,0,0.1,0,0,0,0.5,0,0.1,0,0,0,0,0,0.4,0,0,0,0,0,0,5.8,4.5,19.5,12.2,7.6,9.5,9.4,5.6,17.7,11.2,16.6,7.4,15.3,10.5,11.8,6.6,13.4,3.1,9.4,14.3,6.2,11.6,11.3,12.1,5.1,12.9,12.7,15.2,5.8,13.6,6.5,7.9,7.2,25.6,18.4,8.6,11.2,10.8,7.6,23,14.4,21.6,9.4,19.1,13.3,14,8.3,16.2,6.5,11.2,17.6,6.8,13,13.7,15.1,6.5,16.9,14.4,18.7,7.9,18.4,7.9,,,,,,22.2204,114.2127
2026-08-29T21:00,28.9,28.5,28.8,28.7,28.6,28.7,28,28.3,28.7,29,28.1,28.6,28.1,28.4,29.5,27.8,27.4,29,28.5,28,28.1,27.8,28.6,28.6,29.3,28.3,28.8,28.8,28.4,29,28.9,29.1,28,28.7,29.4,28.5,29.3,27.4,29.7,28,90,88,88,89,75,87,88,92,88,88,91,87,93,90,86,89,93,90,90,87,91,92,73,89,86,91,88,88,90,87,89,86,89,91,87,90,89,91,89,94,0,0,0,0.3,0.4,0,0.1,0,0,0,0,0,0,0,0.1,0.1,1.2,0,0,0.1,1.1,0.1,0,0.1,0,1,0,0.2,0,0,0,0,0,0.2,0,0.6,0,0,0,0,2.9,5.2,5.2,5.8,17.1,4,3.3,3.9,5.6,3.2,4.7,2.9,2.5,2.3,5.7,4.5,3.4,3.5,4.3,2.2,2.9,1.8,16.2,1.8,5.1,5,4.2,4,7.8,5.5,5.6,4.8,4.6,3.4,2.6,4.7,2.9,3.2,4,2.7,,,,,,,,,,,,,,,,,,,,,,,,,,,,,,,,,,,,,,,,,29.9,29.9,29.4,30.4,29.5,28.9,29.6,29.6,29.7,29.2,27.7,29.4,29.5,29.5,29.7,29.9,29.4,30.1,29.4,29.7,29.6,29.4,29.9,29.4,27.6,29.5,29.7,29.8,29.2,29.1,29.3,77,78,81,73,79,83,80,77,79,83,86,82,81,81,79,78,79,75,81,79,77,80,77,80,80,80,79,79,80,81,81,0,0,0.2,0,0,0,0,0,0,0.3,0.3,0,0,0,0,0,0.5,0,0,0,0,0.5,0.5,0,0,0,0,0,0.1,0.5,0,3.6,3.6,19.6,14.3,6.8,9.5,6.6,5.5,18.5,11.5,15.5,7.2,13.2,11.1,12.3,6.9,11.7,5.6,7.9,14.6,5.8,12.9,10.8,12.6,7,13,12,15.7,7.3,12.2,6.2,6.5,6.8,26.3,19.8,9,11.5,8.6,7.6,25.6,14.4,19.8,9.7,16.9,13.7,14.8,8.6,14.4,9,9.7,17.6,6.8,15.5,13,15.5,7.2,16.6,14,19.1,9.4,16.9,7.2,,,,,,22.2204,114.2127
2026-08-29T22:00,28.6,28.2,28.6,28.3,27.9,28.3,27.8,28,28.4,28.6,27.8,28.3,27.9,28.1,29.2,27.6,27.2,28.8,28.2,27.4,27.9,27.4,27.3,28.5,29.1,28.3,28.7,28.4,28.4,28.8,28.7,28.7,27.7,28.3,29,28.2,29,27.3,29.4,27.9,92,91,90,90,74,90,89,94,90,90,93,91,94,93,88,91,94,93,91,91,90,94,64,89,88,91,89,87,90,88,91,89,91,91,91,92,92,92,91,95,0,0,0,1.8,0,0,0.1,0,0,0,0,0,0,0.1,0,0.1,2.4,0,0,0.8,0.5,0.4,0,0.1,0,0.1,0,0.4,0,0,0,0,0.1,0.5,0,0.1,0,0,0,0,3.2,3.8,4.3,4.3,10.7,4,2.9,2.8,5.2,3.3,5.9,2.4,3.6,2.8,6.6,5,3.3,1.8,3.6,2.3,5.4,4.7,17.7,3.2,4.2,6.8,3.3,4.7,7.7,4.6,5.2,3.6,4.2,3.8,1.8,3.1,3.2,2.9,4.3,2.7,,,,,,,,,,,,,,,,,,,,,,,,,,,,,,,,,,,,,,,,,29.7,29.7,29.5,30,29.4,28.9,29.4,29.5,29.7,29.2,28,29.3,29.5,29.3,29.5,29.6,29.5,29.9,29.5,29.6,29.5,29.3,29.8,29.3,27.7,29.6,29.8,29.8,29,29.1,29.3,78,79,81,76,80,83,82,78,79,82,86,82,81,81,80,78,78,74,81,79,78,80,77,80,80,79,78,78,81,81,81,0,0,0.2,0,0,0,0,0,0,0.3,0.3,0,0,0,0,0,0.5,0,0,0,0,0.5,0.5,0,0,0,0,0,0.1,0.5,0,1.1,3.9,18.9,16.4,8.2,10,3.3,5.2,19.8,11.4,12.7,8,10.7,10.9,12.3,7.1,9.4,9.2,6.8,14.8,5.4,15.4,10,12.6,7.6,12,11,15.3,9.1,9.9,5.4,5.4,6.8,25.9,21.2,10.4,11.9,6.5,7.9,28.8,14.4,16.9,10.4,13.3,13.3,14.8,9,11.5,12.2,8.3,17.3,6.8,19.1,12.2,15.5,8.3,14.8,13,18.4,11.5,14.8,7.2,,,,,,22.2204,114.2127
2026-08-29T23:00,28.6,27.9,28.5,28.1,27.3,28.1,27.6,27.8,28.3,28.5,27.7,28.2,28,27.9,28.9,27.4,27.2,28.7,28,27,27.9,26.9,26.1,28.2,28.9,28.5,28.5,28.2,28.3,28.6,28.6,28.4,27.4,27.9,28.5,27.9,28.8,27.1,29.3,28,92,91,91,91,78,91,91,96,91,90,93,92,92,94,86,92,94,94,93,94,91,94,71,91,89,90,90,86,91,90,92,92,92,91,92,94,94,93,92,95,0,0.1,0,0.5,0,0,0.8,0,0,0,0,0,0,0.4,0,0,1.2,0,0,1.4,0,0.3,0,0,0,0,0,0.1,0,0,0,0,0.1,0.3,0.2,0,0,0,0,0,4.7,1.5,4.7,2,7.6,3.6,2.6,2.8,4.7,2.3,5.2,3,4,3.4,8.4,4.6,1.5,1,1.8,2.7,2.4,3.5,15.9,4.6,3.3,7.4,3.2,2.7,5.8,5.2,4,4.1,3.7,2.5,3.6,2.5,4.4,3.6,5.2,2.9,,,,,,,,,,,,,,,,,,,,,,,,,,,,,,,,,,,,,,,,,29.5,29.5,29.6,29.8,29.2,28.9,29.3,29.4,29.7,29.3,28.3,29.2,29.6,29.3,29.4,29.3,29.5,29.7,29.5,29.6,29.4,29.2,29.6,29.2,27.7,29.6,29.8,29.9,28.8,29,29.3,79,80,80,77,80,83,83,78,79,81,86,82,80,81,81,79,77,72,81,79,79,80,78,80,81,78,78,77,82,81,81,0,0,0.2,0,0,0,0,0,0,0.3,0.3,0,0,0,0,0,0.5,0,0,0,0,0.5,0.5,0,0,0,0,0,0.1,0.5,0,0.8,4.2,18.6,17.4,10.6,10.5,4.7,5.5,20.2,10.6,10.8,9.1,8.7,10.4,12,6.9,8.1,12,5.9,14.5,5.8,16.9,7.4,12.6,7.6,10.8,10.1,14.4,10.5,7.7,5.2,4.3,7.2,25.9,21.2,11.9,12.6,6.1,7.9,29.9,14.4,14.8,11.5,10.8,13,15.1,9,10.1,15.1,7.2,16.6,7.2,20.9,11.9,15.5,9,13.3,11.9,17.6,13,13,7.2,,,,,,22.2204,114.2127
2026-08-30T00:00,28.5,27.7,28.2,27.8,27.1,27.9,27.4,27.5,28.2,28.2,27.6,27.9,27.8,27.6,28.6,27.3,27.1,28.6,27.8,26.7,28,26.5,25.7,27.5,28.7,28.6,28.2,28.1,28.3,28.4,28.4,28.3,27.2,27.6,27.9,27.7,28.9,27,29.3,27.9,91,93,91,92,81,93,90,95,92,90,94,92,92,95,86,93,93,95,94,95,91,94,78,93,91,90,91,88,92,90,93,93,91,91,88,96,91,93,89,96,0,0.1,0.1,0.5,0,0,0.5,0.2,0,0,0,0,0,0.4,0,0,0.1,0,0,1.3,0,0.1,0,0.9,0,0,0,0,0,0.2,0,0,0.1,0.1,0.2,0,0,0,0,0.1,4.2,2.6,2.4,2.7,6.7,3.1,3.9,3.5,4.8,3.6,4.4,4.5,5.6,2.8,8.4,4.1,2.1,1.3,0.8,3,3.6,6.8,14.3,3.9,2.9,7,3.4,2.4,7.7,5.9,3.6,4.6,3.9,2.9,5.4,1.9,4.7,2.3,7.4,3.5,,,,,,,,,,,,,,,,,,,,,,,,,,,,,,,,,,,,,,,,,29.3,29.3,29.6,29.7,29,28.7,29.2,29.3,29.7,29.3,28.4,29,29.5,29.3,29.2,29.1,29.4,29.4,29.3,29.6,29.3,29.1,29,29.1,27.6,29.6,29.7,29.8,28.5,28.8,29.2,80,80,79,77,81,82,83,78,79,80,85,83,80,80,82,80,77,70,81,79,79,80,80,80,82,77,78,76,83,81,81,0.2,0.1,0.6,0.2,0.1,0,0.2,0,0,0.7,0.3,0,0.3,0,0.2,0.1,0.5,0,0.1,0,0.2,0.1,1.2,0.2,0.1,0,0.2,0.3,1,0.6,1.3,0.8,5,19.5,15.6,12.2,10.8,8.5,5.9,19,9.2,10.8,10,8.4,9.9,12.3,5.3,7.7,13.2,6.2,14,5.9,15.3,1.6,12.6,6.6,10.6,9,13.4,10.7,6.6,6,4,7.6,27.4,19.1,13.7,13.3,9.4,7.9,27.4,14.4,15.1,12.6,9.7,12.2,15.5,7.2,10.4,16.2,7.6,16.2,7.6,19.1,11.5,15.5,7.9,13,10.1,16.6,13,11.9,7.6,,,,,,22.2204,114.2127
2026-08-30T01:00,28.3,27.5,28.2,27.5,26.8,27.7,27.3,27.1,28.1,27.9,27.5,27.8,27.7,27.6,28.3,27.2,26.9,28.6,27.6,26.6,28.1,26.2,25.6,27,28.5,28.5,27.9,27.9,28.2,28.2,28.3,28.3,27,27.3,27.1,27.6,28.9,26.9,29.3,27.8,93,94,92,92,83,94,90,92,92,87,95,91,93,95,84,93,95,94,95,96,90,92,78,95,93,91,92,89,92,90,93,94,93,92,91,97,91,93,87,96,0.2,0,0,1.7,0,0,0.2,0.3,0,0,0.1,0,0,0,0,0,0.2,0,0,0.6,0,0,0,1.3,0,0.1,0.1,0,0,0.2,0,0,0,0.1,0.4,0,0,0.1,0,0,2.1,2.7,0.4,2.1,5.9,3.3,4.3,5.2,4.5,4.8,4.8,5,4.3,1.8,9.2,4.1,3.3,1.9,1.3,2.6,3.3,6.3,10.9,3.3,2.8,6.8,2.8,2.3,8,4,4,3.3,3.7,2.5,4.7,2.5,3.7,1.6,7.1,1.6,,,,,,,,,,,,,,,,,,,,,,,,,,,,,,,,,,,,,,,,,29.2,29.2,29.5,29.6,28.7,28.5,29.1,29.2,29.7,29.2,28.4,28.8,29.5,29.4,29.1,29,29.2,29.1,29.1,29.6,29.2,29,28.2,29,27.4,29.6,29.6,29.8,28.3,28.5,29,81,80,78,76,82,81,82,79,79,79,85,83,81,79,83,81,77,67,81,78,80,81,83,80,83,77,78,75,83,81,80,0.2,0.1,0.6,0.2,0.1,0,0.2,0,0,0.7,0.3,0,0.3,0,0.2,0.1,0.5,0,0.1,0,0.2,0.1,1.2,0.2,0.1,0,0.2,0.3,1,0.6,1.3,0.7,6.3,21.2,12.8,13.2,11.4,12.8,5.9,17.4,10.2,11.5,11.2,8.8,8.9,12.5,3.2,7.6,14.2,6.8,13.3,5.9,12,5.9,12.5,5.1,10.6,7.3,12.4,10.5,8.2,7.1,4,8.3,29.2,15.5,15.5,14,14.8,7.9,23,14,16.2,13.7,9.4,10.8,16.2,4.7,11.9,16.6,8.3,15.5,7.6,15.8,11.5,15.1,6.1,13.3,8.3,15.5,12.2,11.2,8.3,,,,,,22.2204,114.2127
2026-08-30T02:00,28.2,27.3,28.1,27.3,26.8,27.7,27.2,27,28,27.4,27.4,27.6,27.5,27.5,28.1,27.2,26.8,28.5,27.6,26.6,28.1,25.9,25.6,26.8,28.4,28.4,27.7,27.8,28.1,28,28.2,28.2,26.9,27.1,26.7,27.5,28.7,26.8,29.1,27.7,94,94,91,93,84,94,91,91,93,86,96,91,93,96,81,93,96,92,96,96,90,90,78,95,93,92,93,90,93,91,94,94,93,92,93,97,92,94,87,96,0,0.3,0,0.8,0,0,0.4,0.1,0,0,0.1,0.1,0.2,0.2,0,0.2,0.2,0,0,0.5,0,0,0,1.8,0.8,0,0.2,0,0.2,0.3,0,0,0,0,0.5,0,0,0.1,0,0,1.1,0.7,3.3,1.6,4.7,2.3,4,5.1,4.5,5.8,3.3,4.6,4.4,0,10,3.6,2.6,3.2,2.2,4.5,4.4,6.1,8.9,4.7,4.4,3.9,4.7,2.6,5.9,2.6,1.5,2.8,3.6,2.6,3.6,2.2,3.1,0.8,7,2.5,,,,,,,,,,,,,,,,,,,,,,,,,,,,,,,,,,,,,,,,,29.1,29.1,29.5,29.6,28.5,28.3,28.9,29.1,29.7,29.1,28.4,28.7,29.4,29.4,29,28.9,29.1,28.8,29,29.6,29.2,28.9,27.7,29,27.3,29.5,29.5,29.6,28,28.2,28.9,81,80,77,75,83,80,81,79,78,79,84,84,81,79,83,82,78,66,81,78,80,81,85,80,84,77,78,75,83,81,80,0.2,0.1,0.6,0.2,0.1,0,0.2,0,0,0.7,0.3,0,0.3,0,0.2,0.1,0.5,0,0.1,0,0.2,0.1,1.2,0.2,0.1,0,0.2,0.3,1,0.6,1.3,1.3,7.4,21.7,10.2,13.2,11.8,16.3,5.9,15.8,13.4,12.7,12.3,7.4,7.3,12.2,1.6,7.6,14.3,6.9,11.8,5.4,9.2,12.1,12,5,10.7,5.4,11.1,10.1,11.4,8.7,4,9.4,29.2,12.6,15.8,14.4,19.1,7.9,19.4,15.1,18,14.8,9.7,9.7,15.8,4,13.3,16.6,8.6,14,7.6,12.6,12.2,14.4,5.8,13.7,6.8,14,11.5,12.2,9.7,,,,,,22.2204,114.2127
2026-08-30T03:00,28.1,27,27.9,27.1,26.6,27.6,27.1,27,27.9,27,27.3,27.3,27.4,27.4,27.7,27.1,26.6,28.4,27.5,26.6,27.9,25.6,25.6,26.6,27.7,28.2,27.6,27.7,27.9,27.8,28.2,28.1,26.7,27,26.5,27.4,28.5,26.7,28.8,27.6,94,94,93,93,85,94,90,91,94,86,96,92,94,96,79,94,97,91,96,96,90,90,80,96,93,93,93,90,94,92,93,95,93,91,94,98,94,94,87,97,0,0.3,0,1.5,0,0,0.1,0,0,0,0,0.3,0,0,0,0.2,0.3,0,0,0.7,0,0,0,2.9,2.4,0,0,0,0.5,0.4,0,0,0.1,0,0.5,0,0,0,0,0,0.7,0.7,4.4,1.4,4.2,3.3,4.1,5.7,4,7,4.8,3.2,2.4,3.7,11.2,2.5,2.5,5.2,2.1,2.1,5.9,5.8,7.1,5.3,6.5,2.5,3.1,3.2,4.3,3.1,0.8,2.3,5.6,3.6,3.7,1.3,3.8,2.5,6.8,1,,,,,,,,,,,,,,,,,,,,,,,,,,,,,,,,,,,,,,,,,29,28.9,29.3,29.5,28.4,28.2,28.8,29,29.7,28.8,28.4,28.6,29.3,29.3,28.9,28.8,28.9,28.6,28.9,29.5,29.1,28.8,27.4,28.9,27.1,29.3,29.5,29.4,27.6,27.8,28.7,81,81,77,75,83,78,81,79,77,81,83,85,81,80,83,82,80,66,81,79,80,81,86,80,85,78,78,76,83,82,81,0.2,1,0.3,0.1,0.4,0,0.1,0.1,0,0.9,0.7,0.1,0.8,0.1,0.8,0.4,0.4,0,0.2,0,0,0.6,1.6,0.4,0.5,0.4,0.1,0.2,0.6,0.1,0.7,1.8,8.9,19.6,9,11.2,12.1,18.1,5.6,15,16.6,15.1,13.4,2,4.6,11,2.1,8.5,14.1,6.1,9.6,4.7,7.4,15.9,10.2,6.8,11.2,3.3,9.7,9.3,15.3,10.5,4,10.8,26.3,11.2,13.7,14.4,21.6,7.2,18.4,18.4,20.5,16.2,10.8,8.3,14,6.1,14.4,16.2,7.6,11.5,6.8,10.4,15.1,12.2,7.6,14.4,6.8,11.9,10.8,15.8,11.9,,,,,,22.2204,114.2127
2026-08-30T04:00,28.2,26.9,27.8,26.9,26.5,27.6,27,26.9,27.9,26.6,27.2,27.2,27.3,27.3,27.2,27.1,26.7,28.4,27.4,26.6,27.7,25.5,25.6,26.5,27.1,28,27.5,27.6,27.7,27.7,28.1,28.1,26.6,26.9,26.4,27.4,28.4,26.6,28.5,27.6,93,94,93,94,86,93,88,91,94,87,96,93,94,97,82,95,96,89,96,95,88,88,81,97,93,94,93,89,95,92,94,96,93,90,94,98,94,96,88,98,0,0.3,0,0.8,0,0,0.1,0,0,0,0,0.1,0,0,0.1,0,0,0,0,0.8,0,0,0,3.5,1.5,0,0,0,0.7,0.1,0,0,0.1,0,0.3,0,0,0,0,0,1.5,1.1,4.9,3.3,4.5,3.4,3.9,6.5,4.7,6.6,4.6,1.5,3.1,5.4,9,3.9,2.7,6.8,3.3,3.1,5.5,6.2,6.4,4.6,6.9,3.1,2.7,2.5,3.8,1.8,4.4,1.5,6.4,3.8,3.1,1.1,3.8,2.8,6.2,1.9,,,,,,,,,,,,,,,,,,,,,,,,,,,,,,,,,,,,,,,,,29,28.6,29.2,29.3,28.5,28.1,28.6,28.9,29.7,28.4,28.3,28.5,29.1,29.1,28.9,28.8,28.6,28.4,28.9,29.3,29,28.7,27.3,28.8,27,29.1,29.5,29.1,27.1,27.4,28.6,80,82,77,74,82,77,82,79,75,83,83,86,82,82,83,81,82,68,80,80,81,80,86,81,86,78,77,77,83,84,83,0.2,1,0.3,0.1,0.4,0,0.1,0.1,0,0.9,0.7,0.1,0.8,0.1,0.8,0.4,0.4,0,0.2,0,0,0.6,1.6,0.4,0.5,0.4,0.1,0.2,0.6,0.1,0.7,3.2,10.8,16.6,7.9,8.1,11.9,18.7,5,15.2,20.3,18.1,14.8,5.5,1.8,9.2,7,9.4,13.8,4.7,6.5,3.3,5.9,18.4,8.4,9.7,12,3.9,7.4,9,20,12.2,4.3,13,22,10.4,10.1,14.4,23.4,6.5,18.4,22.7,23,18,12.6,7.2,11.2,9.7,15.1,15.5,6.1,7.9,5.8,8.3,19.1,9.7,10.8,15.1,7.6,9,9.7,20.9,14.4,,,,,,22.2204,114.2127
2026-08-30T05:00,28.2,26.9,27.7,26.9,26.4,27.5,26.9,26.9,27.9,26.4,27.2,27.1,27.3,27.2,26.6,27.1,26.7,28.3,27.4,26.6,27.5,25.4,25.6,26.5,26.7,27.9,27.5,27.5,27.5,27.7,28,28.1,26.6,26.8,26.5,27.4,28.2,26.5,28.3,27.6,93,93,93,94,87,93,87,92,94,90,96,94,94,96,86,94,96,86,96,96,86,86,82,97,91,94,93,89,96,93,95,96,93,89,94,98,94,96,90,98,0,0.1,0,0,0,0.2,0.1,0,0,0.1,0.4,0,0,0,0.2,0,0.2,0,0,2.2,0,0,0,3.5,0.3,0.1,0,0,0.7,0,0,0,0,0,0.1,0,0,0,0,0,0.5,2.5,5.5,3.3,3.6,3.6,4.7,6,4.1,7,5.4,3.4,1.1,5.5,7.6,4.6,2.9,7.8,1.1,3.4,6,5.8,7.1,4.2,7.4,2.5,2.2,3.3,4.3,2.4,3.6,2.3,6.6,3.9,3.2,2.3,3.9,2.1,4.1,2.3,,,,,,,,,,,,,,,,,,,,,,,,,,,,,,,,,,,,,,,,,28.9,28.4,29.1,29.3,28.5,28,28.4,28.8,29.7,28.1,28.2,28.4,29,28.9,28.9,28.6,28.5,28.2,28.9,29.3,28.9,28.7,27.4,28.8,26.9,28.9,29.4,28.8,26.8,27.2,28.4,79,83,77,74,82,75,82,79,74,85,83,87,82,83,82,81,83,70,80,80,81,80,85,81,87,79,77,78,83,85,84,0.2,1,0.3,0.1,0.4,0,0.1,0.1,0,0.9,0.7,0.1,0.8,0.1,0.8,0.4,0.4,0,0.2,0,0,0.6,1.6,0.4,0.5,0.4,0.1,0.2,0.6,0.1,0.7,5.1,13,14.3,7.2,6.8,11.1,19.1,4.5,14.8,22.3,20.1,16.3,12.3,3.1,7.2,11.6,10.1,13.5,3.6,3.9,1.5,4.6,20,6.4,12.1,11.8,6.1,5.3,9.3,23.2,13.5,5.8,15.1,18.7,10.1,8.6,13.3,24.1,6.1,17.6,25.2,24.8,19.8,15.1,7.2,9.4,13.3,15.1,15.1,5,5.8,5.4,6.8,21.6,7.9,13.7,14.8,8.6,7.9,9.7,25.2,16.6,,,,,,22.2204,114.2127
2026-08-30T06:00,28.1,26.9,27.7,26.7,26.4,27.5,26.8,26.9,27.9,26.2,27.2,27.1,27.2,27.2,26.3,27.1,26.6,28.1,27.4,26.5,27.3,25,25.4,26.5,26.2,27.8,27.4,27.4,27.3,27.6,27.9,28.1,26.6,26.6,26.5,27.4,28.1,26.5,28.1,27.6,93,94,93,94,87,93,87,92,94,93,96,94,94,96,89,94,95,84,97,97,84,87,83,96,91,94,95,90,97,93,96,95,93,88,93,98,94,96,93,96,0,0,0,0.3,0,0,0,0,0,0.3,0.1,0,0.9,0,0.1,0,2.4,0,0,3.3,0,0.1,0.1,4.3,0.3,0.2,0,0,0,0,0,0,0,0.2,0.2,0,0,0,0,0.6,2.3,3.4,6.5,3.6,4.5,3.8,4.6,6,2.1,6.7,5.2,3.7,1.6,5.7,8.6,4.3,1.8,7.7,2.9,5,6.5,5,6.9,5.8,7.7,1.8,3.4,3.3,3.3,2,3.4,3.2,7,3.8,4.7,2.6,4.3,1.9,4.5,5.3,,,,,,,,,,,,,,,,,,,,,,,,,,,,,,,,,,,,,,,,,28.9,28.4,29,29.2,28.5,27.9,28,28.7,29.7,28,28.1,28.3,28.8,28.7,28.9,28.3,28.5,28,29,29.3,29,28.6,27.6,28.8,26.9,28.7,29.3,28.6,26.7,27,28.3,79,83,76,74,82,74,82,79,73,85,84,87,82,84,81,81,83,72,80,80,81,80,84,80,87,79,77,79,83,85,84,0.8,0.9,0,0.2,0,0,0.2,0,0,1.9,0.1,0.2,0.8,0.3,1.1,0.8,0,0,0,0.1,0,0,0.4,0.5,0.2,0.5,0.5,0.3,0.1,0,0.4,8.7,15.1,13.9,7,8.7,8.7,18.7,4.6,13.4,21.4,20.2,17.9,17,6.5,5.8,15.3,9.8,13.7,2.8,2.4,1.5,3.6,18.9,5.6,14.3,9.7,8.4,4.5,10.3,24.3,14.1,10.1,18,18.4,9.4,11.2,10.4,23.8,6.5,15.5,24.1,24.8,21.6,19.8,9,9.4,17.3,13.7,15.8,4,5.4,6.1,6.1,20.5,7.9,16.2,12.2,10.1,9.4,11.2,27.4,17.3,,,,,,22.2204,114.2127
2026-08-30T07:00,28.1,27.1,27.8,26.7,26.2,27.6,26.9,27.2,28.1,26.3,27.3,27.2,27.3,27.5,26.3,27.2,26.5,28.1,27.6,26.4,27.2,24.9,25.1,26.5,25.9,28,27.6,27.5,27.5,27.8,28,28.2,26.8,26.6,26.7,27.5,28.5,26.6,28.3,27.8,94,93,93,94,88,92,86,91,95,94,96,94,93,95,90,93,95,83,97,97,82,87,86,96,91,94,94,89,97,92,96,95,92,88,92,96,93,95,91,95,0,0,0,0.1,0.1,0,0,0.1,0,0.2,0.1,0,0.3,0,0,0,4.5,0,0,5.5,0,0.1,0.3,3.6,0.2,0,0,0,0,0,0,0,0,0.6,0.3,0,0,0,0,0,3.6,4.8,6.9,3.8,5.2,3.8,3.9,5.3,2.3,7.7,4,4.2,0.8,6,6.1,5,2.9,6.8,1.8,6.2,6,4.6,6.6,5.5,6.6,1.3,4,4.1,3.6,1.8,3.2,3.2,7.2,3.6,5.4,4.1,3.9,0.7,5.2,4.5,,,,,,,,,,,,,,,,,,,,,,,,,,,,,,,,,,,,,,,,,28.8,28.4,29,29.3,28.5,27.9,27.7,28.7,29.7,27.9,27.9,28.3,28.6,28.7,29,27.8,28.6,27.8,29.1,29.4,29.1,28.6,28,28.9,27,28.6,29.2,28.4,26.6,27,28.2,80,82,75,73,83,73,82,79,72,84,85,87,83,84,79,82,83,75,80,79,80,80,82,79,86,79,77,80,84,84,84,0.8,0.9,0,0.2,0,0,0.2,0,0,1.9,0.1,0.2,0.8,0.3,1.1,0.8,0,0,0,0.1,0,0,0.4,0.5,0.2,0.5,0.5,0.3,0.1,0,0.4,13.3,17.3,13.9,6.7,12.4,5.5,17.7,5,11.2,18.5,19,19.7,21.3,10.4,6.9,18.6,8.9,14.5,2.1,2.9,5.6,2.9,16.4,7.1,16.6,6.6,10,8,12.5,24.6,14.5,16.2,20.9,19.4,9,15.5,6.5,22.3,6.8,12.6,21.2,23.8,23,25.6,12.2,10.1,21.2,11.9,17.6,3.2,6.1,7.9,5.8,18,9,18.7,8.3,12.2,11.9,13.7,28.4,16.9,,,,,,22.2204,114.2127
2026-08-30T08:00,28.3,27.8,28.1,27,26.3,27.9,27.3,27.5,28.8,27.5,27.5,27.5,27.4,27.9,26.4,27.4,26.7,28.5,28.5,26.4,27.3,25,24.9,26.6,25.8,28.7,27.8,27.6,28.6,28.3,28.7,28.7,27.2,26.7,27,27.9,29.8,26.8,28.8,28.1,92,90,91,92,82,91,85,88,87,89,95,92,92,92,91,92,93,80,91,97,80,86,89,96,91,90,91,88,90,90,93,89,89,85,91,93,83,95,87,92,0,0,0,0,0.1,0.2,0,0.1,0,0,0,0.1,0.8,0,0.1,0,2.9,0,0,8,0,0.1,0.9,3,0.5,0,1.5,0,0,0,0,1.5,0,0.5,0.3,0.1,0,0,0,0,4.1,5.5,8.1,4,6.6,3.3,4,5.3,5.1,9,5,4.6,1.1,6.5,7.2,4.8,4.3,6,3.1,6.4,6.5,3.9,5.9,5.9,6.4,1.3,4.3,3.3,3,2,4.1,2.5,8.5,4.7,5.4,4.8,5.1,1.4,6.2,4.5,,,,,,,,,,,,,,,,,,,,,,,,,,,,,,,,,,,,,,,,,28.8,28.4,29.1,29.4,28.5,28,27.6,28.8,29.7,28,27.8,28.3,28.5,28.7,29.2,27.6,28.8,27.6,29.3,29.6,29.2,28.6,28.3,29.1,27.1,28.6,29.2,28.2,26.7,27.1,28.2,80,81,74,73,83,72,82,79,72,83,86,87,83,83,78,82,81,77,79,78,79,80,80,78,85,78,77,80,84,83,84,0.8,0.9,0,0.2,0,0,0.2,0,0,1.9,0.1,0.2,0.8,0.3,1.1,0.8,0,0,0,0.1,0,0,0.4,0.5,0.2,0.5,0.5,0.3,0.1,0,0.4,16.2,19.5,13.7,6.4,15.4,2.9,16.6,6,10.1,15.5,18.5,21.3,23.8,13.7,10,20.6,7.8,15.6,1.8,4.9,9.2,3.3,14.9,8.4,17.7,4.4,11.2,11.2,14.4,25,15.4,20.2,23.8,19.4,8.6,19.4,3.6,20.9,7.9,11.5,18.4,22.7,24.5,29.2,14.8,11.5,23.8,10.1,19.1,3.6,7.2,10.1,6.1,16.6,9.4,20.2,6.5,13.3,14,15.5,29.2,17.6,,,,,,22.2204,114.2127
2026-08-30T09:00,28.5,28.5,28.5,27.4,26,28,27.5,27.8,29.6,27.8,27.8,27.8,27.5,28.1,26.5,27.6,26.8,29.4,29.6,26.4,27.4,25.5,24.9,26.7,25.9,29.6,27.9,28,29.3,29,29.5,29,27.9,27.4,27.3,28.4,30.8,27.2,29.3,28.5,92,86,88,91,79,92,83,87,83,87,93,90,91,90,91,91,92,76,83,97,79,85,91,95,91,84,89,87,85,86,85,88,86,80,90,90,79,93,84,90,0,0.1,0,0.1,0.1,1.5,0.1,0.1,0,0.1,0,0.1,1.6,0,0.1,0,1,0,0,7.1,0,0.2,1.1,2.6,0.7,0.1,2.6,0,0,0.3,0.2,1.9,0,0,0.2,0,0,0.9,0.4,0,4.5,6.5,10.5,3.7,6.7,3.3,3.7,6.4,6.5,11,5.8,5.2,2.3,7.6,6.6,5.2,3.6,6.6,4.1,8,6.6,3.7,6.4,6.1,7,4.4,4,4.8,4.8,1.8,7,3.3,10.5,5.4,5.1,6.2,5.2,2.2,7.2,6,,,,,,,,,,,,,,,,,,,,,,,,,,,,,,,,,,,,,,,,,28.7,28.4,29.5,29.6,28.6,28.4,27.9,29,29.8,28.5,27.7,28.4,28.6,29,29.3,27.7,29.3,27.5,29.6,29.8,29.4,28.6,28.7,29.4,27.3,28.9,29.6,28,26.7,27.3,28.3,80,81,72,73,82,70,80,78,72,80,86,86,82,81,78,80,78,79,77,77,78,79,79,77,84,77,75,80,84,82,84,0.3,0.8,0,0,0,0,0,0.1,0,0.8,1.7,0,0.5,0.7,0.2,0.2,0,0,0,0.2,0.1,0.7,0.1,0.1,0.5,0.4,0.1,0.2,0.4,0,0.1,16.6,22.5,12.9,6,17.3,2.3,15.5,7.3,12.1,13.1,18.4,22.9,24.1,15.8,13.3,20.4,6.8,16.7,3.8,7.4,12.6,4.9,15.3,7.9,17.4,6.4,11.1,12.3,15.5,25.7,17.3,20.9,26.6,18,8.3,22,3.2,19.1,9.4,13.7,16.2,22.3,25.9,29.2,16.6,14,24.5,9.4,20.9,5.4,9,13.3,7.6,17.3,8.3,19.8,8.3,13.3,14.8,16.6,30.2,19.8,,,,,,22.2204,114.2127
2026-08-30T10:00,29,29.1,28.8,27.8,25.9,27.9,28,28.2,30.1,28.1,28,28,27.7,28.9,26.5,28.1,27.4,30,30.6,26.4,27.9,25.9,24.9,26.9,26.2,30.2,28.1,28.4,29.9,29.5,29.7,29.4,28.8,28.1,28,28.5,31.7,27.7,29.6,29,90,83,86,89,81,93,80,85,81,86,91,90,90,87,90,89,89,73,78,95,77,83,92,95,91,79,88,85,82,83,83,87,82,76,87,89,74,90,81,87,0.1,0.1,0,0.2,0.1,2,0,0.1,0.1,0.5,0.1,0.3,1.8,0,0.3,0,0.4,0,0,5.1,0,0,1.2,2.2,0.6,0,2.4,0,0.1,0.9,0.2,0,0,0,0.1,0,0,0.4,0,0,4.7,7.6,11.1,3.6,7,4,2.6,7.2,6.6,10,6.3,5.8,3.8,8.6,5.9,5.5,1.8,8.3,5.1,8.4,6.6,3.8,5.8,6.2,7.1,5.2,5,6.2,4.6,1.5,7.5,3.3,12.1,4.5,4,6.8,3.2,2.9,8.6,5.6,,,,,,,,,,,,,,,,,,,,,,,,,,,,,,,,,,,,,,,,,28.7,28.4,30,30,28.7,29.1,28.4,29.2,29.9,29.2,27.6,28.6,28.9,29.5,29.5,28,29.9,27.5,30.1,30,29.6,28.6,29.1,29.9,27.4,29.3,30.1,27.8,26.9,27.6,28.5,80,82,70,72,82,67,78,76,73,77,85,84,81,77,78,77,74,80,74,76,77,77,77,75,84,76,73,80,85,80,83,0.3,0.8,0,0,0,0,0,0.1,0,0.8,1.7,0,0.5,0.7,0.2,0.2,0,0,0,0.2,0.1,0.7,0.1,0.1,0.5,0.4,0.1,0.2,0.4,0,0.1,15.1,25.9,12,5.6,18.8,4,14.4,8.7,15.8,12.2,18.2,24.4,23.2,16.9,16.2,19.3,5.6,18.1,7.2,10.5,16.3,7.6,16.8,7,16,10.8,10.9,12.7,16.2,26.5,20.3,19.4,29.2,15.5,8.3,24.1,4.3,17.3,10.8,17.3,14.4,22.3,27.4,27,18,17.6,23.8,8.6,22.7,8.6,11.5,17.3,9.7,18.7,6.8,18.7,12.2,12.2,14.8,17.6,31.3,22.7,,,,,,22.2204,114.2127
2026-08-30T11:00,29.7,29.4,29.2,28.1,26.4,28.1,28.7,28.8,30.2,28.7,28.2,28.2,28.1,29.3,26.5,28.4,27.9,30.6,30.8,26.4,28.5,26.4,25.2,27,26.9,30.5,28.3,27.9,30.3,30.1,29.9,29.6,29.5,29.1,28.4,28.5,32.6,28,30.4,29,87,81,84,87,81,92,78,83,79,83,91,89,88,85,89,87,86,71,77,94,74,82,93,94,90,78,88,87,80,81,83,86,79,72,84,88,69,89,77,86,0,0.3,0,0.2,0,1.9,0,0.3,0,0.8,0.3,0.6,1.8,0,0.3,0,0.8,0,0,2.6,0,0,0.6,1.3,0.6,0.1,1.8,0.3,0.2,1,0.3,0.7,0.1,0,0,0.1,0.2,1.3,0,0.3,4.3,8.6,12.8,4,7.4,3.7,2.2,8.6,6.8,10.9,7.9,7.2,3.3,8.6,5.5,6.2,1.8,11.9,6.8,8.7,6.4,4.8,5.7,6.3,7.3,7.5,5.5,6.5,3.3,1.8,8.4,4.7,13.8,4.2,4.7,8,3.8,2.3,10,5.4,,,,,,,,,,,,,,,,,,,,,,,,,,,,,,,,,,,,,,,,,28.6,28.5,30.4,30.3,28.8,29.6,28.9,29.4,30,29.6,27.6,28.8,29,29.8,29.6,28.3,30.4,27.5,30.4,30.2,29.7,28.6,29.4,30.2,27.7,29.5,30.5,27.7,27.1,27.8,28.6,80,82,68,71,81,65,76,75,73,75,85,83,80,75,78,75,71,81,72,75,76,76,76,74,83,75,72,80,84,79,83,0.3,0.8,0,0,0,0,0,0.1,0,0.8,1.7,0,0.5,0.7,0.2,0.2,0,0,0,0.2,0.1,0.7,0.1,0.1,0.5,0.4,0.1,0.2,0.4,0,0.1,13.8,27.8,10.8,5.4,19.8,5.7,14,10.1,19,13.1,17.8,24.9,22.5,18,18.1,18.6,4.1,18.9,9.7,12.9,18.4,9.2,18,6.4,14,14.5,11.2,12.6,16.2,27,22.9,17.6,30.6,13.7,8.3,25.2,5.4,15.8,12.2,19.8,14,22,28.1,25.6,19.4,19.8,23,9,23.8,11.2,13.7,20.2,11.5,19.8,6.5,17.3,15.1,12.2,14.4,17.3,31.7,25.2,,,,,,22.2204,114.2127
2026-08-30T12:00,30,29.9,29.7,28.4,26.7,28,29.2,29.2,30.4,29.2,28.6,28.3,28.7,29.4,26.3,28.7,28.4,30.7,31.2,26.2,29,26.5,25.6,27.1,27.5,31,28.4,27.9,30.7,30.7,29.9,30,29.7,29.8,29.3,28.5,32.5,28.4,30.8,29,85,79,82,87,81,93,76,81,79,81,90,88,86,84,90,86,85,72,75,93,72,83,91,93,88,77,88,88,77,78,83,85,77,69,80,87,68,87,76,87,0,0.2,0,0.4,0,1.9,0,0.1,0,0.8,0.5,0.6,0.2,0,0.6,0,0.8,0,0,1.9,0,0.6,0.3,0.9,0.5,0.3,1.9,0.1,0.1,0.9,0.5,0.4,0.1,0,0,0,0.2,1.7,0,0.8,3.8,8.8,12.6,4.3,7.4,3.4,2.1,9.7,6.4,10.9,6.6,7.9,3.2,6.5,6.6,5.8,2.9,12.1,8.1,8,6.2,5.1,5.6,5.5,8.5,8.1,6.5,5.6,4.6,1.8,5.9,5,14,7.2,5.8,9.2,4.5,2.9,9.4,5.5,,,,,,,,,,,,,,,,,,,,,,,,,,,,,,,,,,,,,,,,,28.5,28.7,30.7,30.5,28.7,29.9,29.2,29.6,30.1,29.4,27.7,28.8,28.9,30,29.9,28.7,30.7,27.5,30.4,30.3,29.8,28.6,29.6,30.4,28,29.3,30.6,27.8,27.4,28,28.5,80,81,67,69,81,65,75,74,73,76,85,82,80,74,77,73,70,82,72,74,76,75,75,73,81,76,72,80,82,78,83,0.2,0.4,0,0,0.2,0,0.4,0,0.2,0.8,0.2,0.2,0.2,0.8,0.3,0.1,0.3,0,0.2,0.1,0.3,0.8,0.2,0.1,0.3,0.5,0.4,0.7,0.2,0,0.1,12.6,27.7,9.7,5.9,19.6,7.4,14.4,11.2,19.6,15.5,16.1,24.1,22.9,18.8,18.7,18,2.3,18.8,11.5,14.8,18.4,9.8,18.7,6.6,11.2,16.1,12,12.3,14.8,26.6,24,15.8,30.2,12.6,8.6,24.8,6.5,15.8,13,20.5,16.2,20.5,27.7,26.3,20.5,19.8,21.6,10.4,23.4,13.7,15.5,21.2,12.2,20.5,7.9,16.2,16.6,13.3,13.7,15.5,31,26.3,,,,,,22.2204,114.2127
2026-08-30T13:00,30.3,30.2,29.7,28.5,26.9,28.1,29.6,29.3,30.9,29.8,28.8,28.3,29.2,29.6,26.3,28.9,29,31.2,31.2,26,29.7,26.6,25.9,27.2,28.1,31.3,28.2,27.9,31.1,30.6,30.1,30.2,30,30.4,29.9,28.6,31.9,28.7,31.1,28.7,82,77,82,86,81,92,73,80,77,78,89,88,84,83,90,84,82,69,76,94,71,82,89,92,86,77,87,88,75,78,81,83,76,68,77,86,71,87,74,87,0,0.1,0,0.4,0,1.5,0,0.4,0,0.1,0,0.5,0.1,0.2,0.6,0,0.3,0,0,2.7,0,0.5,0.1,0.8,0.3,0.1,1.9,0,0,2.2,0.7,0.6,0.1,0,0,0,0.4,1.7,0.1,0.9,4.3,8.6,14,5.2,6.4,3.8,1.6,9.7,6.2,9.2,7,7.9,3.3,3.6,6.4,5.1,3,11.1,11.6,5.5,4.4,1.3,6.2,4.4,8.4,7.1,7.2,4.8,2.7,2.3,2.9,4.9,13,9.7,5.4,8,5.6,4.4,10,5.4,,,,,,,,,,,,,,,,,,,,,,,,,,,,,,,,,,,,,,,,,28.3,28.9,30.8,30.8,28.6,29.9,29.4,29.7,30.3,28.9,27.9,28.7,28.6,30.1,30.1,29,30.8,27.5,30.2,30.4,29.8,28.7,29.7,30.4,28.5,29,30.6,28,27.8,28.1,28.4,81,80,67,67,81,66,75,74,72,78,84,82,81,74,76,72,70,82,72,74,76,74,74,72,79,78,72,79,79,78,82,0.2,0.4,0,0,0.2,0,0.4,0,0.2,0.8,0.2,0.2,0.2,0.8,0.3,0.1,0.3,0,0.2,0.1,0.3,0.8,0.2,0.1,0.3,0.5,0.4,0.7,0.2,0,0.1,11.2,26.1,9.6,6.9,19.1,8.9,15.5,12.2,19.2,18.8,13.6,22.5,23.7,19.7,18.1,17.3,6.4,17.7,13.5,16.3,17.9,9.9,18.9,7.6,10.1,16.9,13.7,11.8,12.7,25.8,24.6,13.3,28.4,11.9,9.4,23.8,7.9,16.6,13.7,20.2,19.8,19.1,27,28.1,21.2,19.1,20.2,12.6,22.3,15.8,16.9,21.2,12.2,20.5,9.7,15.5,17.3,15.1,13,12.6,29.5,27,,,,,,22.2204,114.2127
2026-08-30T14:00,30.2,30.5,30,29,27.2,28.2,29.9,28.9,31.3,30.2,28.7,28.4,29.8,29.9,26.4,28.8,29.7,31.5,30.4,25.9,30.2,26.9,26.3,27.2,28.2,31,28.2,28.1,31,30,30.3,30.3,29.8,30,30.1,28.6,31.3,28.9,31.3,28.5,81,76,81,83,82,91,71,82,76,76,90,88,80,81,90,85,78,68,79,95,69,82,87,93,86,77,88,87,75,80,79,80,77,71,75,86,74,85,73,87,0.3,0,0.2,0,0,2.2,0,1,0,0,0,0.6,0,0.2,0.2,0,0.3,0,0.2,3.3,0,0,0,0.8,0.1,0.6,1.8,0,0.2,3.3,0.4,0.5,0.4,0.2,0,0,1.3,1.2,0.1,0.5,5.5,6.4,13.7,6.3,6.4,4.7,1.5,9.4,7.9,8.2,7.6,7.3,3.9,3.1,7.6,5.1,3.2,11.6,13.1,4.3,6.5,3.9,5,2.9,9.3,7,7.4,3.3,3.3,1.8,1.8,4.5,13.3,13,5.8,8.7,5,4.6,10.5,5.8,,,,,,,,,,,,,,,,,,,,,,,,,,,,,,,,,,,,,,,,,28.2,29,30.8,30.9,28.6,30,29.6,29.7,30.3,28.4,28,28.7,28.4,30.1,30.3,29.3,30.9,27.6,30.1,30.4,29.8,28.8,29.7,30.3,28.7,28.7,30.5,28.1,28.1,28.1,28.3,81,79,67,66,81,67,75,74,72,80,84,82,82,74,75,72,70,82,73,74,76,74,74,72,78,79,73,79,77,78,82,0.2,0.4,0,0,0.2,0,0.4,0,0.2,0.8,0.2,0.2,0.2,0.8,0.3,0.1,0.3,0,0.2,0.1,0.3,0.8,0.2,0.1,0.3,0.5,0.4,0.7,0.2,0,0.1,10.1,24.2,9.3,8.2,18.6,10,16.6,13.4,18.2,21.7,12.2,20.4,24.1,19.5,16.4,17.3,10.3,16.9,14.7,17.5,18.2,9.7,19,8.8,10.5,16.5,14.5,11.4,10.8,24.9,24.6,11.5,26.6,11.5,10.1,22.7,9,17.3,15.1,19.1,23,18,24.8,28.8,21.6,17.6,19.4,14.4,20.9,16.6,18,21.6,12.2,20.5,11.5,14.4,17.6,16.6,12.2,10.1,28.4,27.7,,,,,,22.2204,114.2127
2026-08-30T15:00,29.7,30.7,29.6,29.3,27.4,28.2,29.9,28.9,30.3,29.8,28.5,28.3,30,30.2,26.6,28.5,29.7,31.3,29.7,26,30.4,27.1,26.7,27.1,27.8,30.7,27.8,28.3,31.1,29.5,30.2,29.9,29.2,28.9,30.4,28.5,30.5,28.7,31.2,28.7,83,76,82,81,82,90,70,82,77,78,90,88,75,79,90,88,79,69,82,94,67,81,83,93,87,78,89,86,76,82,79,81,81,76,74,86,77,86,73,85,1.5,0,0.8,0,0,1.6,0,0.5,0.3,0,0.5,0.5,0,0.1,0,0.1,0.9,0.1,0.8,2.3,0,0.1,0,1.2,0.4,0.4,1.9,0,0,2.8,0.4,3.6,0.6,0.5,0,0,1.8,1.2,0.1,0.2,3.2,5.8,15.1,6.6,6.9,5.4,1.3,8.5,10.1,8.6,8.7,5.6,4.2,4.4,8.8,5.2,2.6,10,13.9,4.7,8.7,2.6,5.6,2.6,9.4,5.6,7.7,4.7,2.4,2.3,0.8,2.2,13,13.2,3.3,7.2,5.1,4.4,11.3,8.5,,,,,,,,,,,,,,,,,,,,,,,,,,,,,,,,,,,,,,,,,28.1,29,30.8,31,28.7,30,29.6,29.6,30.1,28.1,27.9,28.8,28.4,30,30.2,29.3,30.7,27.6,29.9,30.3,29.6,28.7,29.6,30.1,28.5,28.6,30.3,28.1,28,27.9,28.1,81,78,67,66,81,68,75,75,73,81,84,81,82,74,75,73,71,82,74,74,76,75,75,73,79,79,74,79,76,79,82,0.1,0.1,0.1,0,1.4,0,0,0,0,0.3,0.2,0.2,0.3,0.1,0.1,0.3,0.3,0.2,0,0,0,0.2,0,0.1,0.1,1,1.1,0.5,0.1,0,1.3,9.1,22.3,8.7,8.8,18.6,10.7,17.3,15.9,16.8,23.3,12.7,17,23.5,18.8,13,18.1,12.5,16,13.7,18.2,19.2,9.7,18.2,9.1,8.3,15.8,14.8,12.1,8.7,24.6,24.5,10.4,25.2,11.2,10.4,22.3,10.1,18.4,18.4,17.3,24.8,18.4,20.5,28.1,21.2,15.8,20.9,16.2,19.1,14.8,18.7,23,11.5,19.4,12.2,13,17.3,17.3,12.2,8.3,28.4,28.4,,,,,,22.2204,114.2127
2026-08-30T16:00,28.9,30.7,29.6,29.3,27.6,28.5,29.6,28.8,30.2,29,28.2,28.3,29.9,29.9,26.6,28.2,29.4,30.8,29.3,26.4,30.2,27.2,26.8,26.9,27.6,30,27.6,28.3,31,28.9,30.2,29.5,28.6,28.4,30.4,28.3,29.9,28.6,30.6,28.8,88,76,82,81,81,88,72,82,78,82,91,88,74,79,90,90,80,71,82,92,68,81,83,94,88,80,89,85,75,85,78,82,84,80,73,86,80,86,77,84,2.6,0,0.2,0,0,0.2,0,0.3,0.3,0.9,4.2,0.2,0,0.1,0.2,0.3,0.8,0.3,1.2,0.9,0,0.7,0,1.6,0.4,0.8,1.5,0,0.1,3.1,0.3,6.8,1.6,0.7,0,0,1.5,1.8,1.6,0,1.5,7.4,15.2,6.5,8.7,4.3,3.5,7.4,10.6,9,8,4.8,6.1,5.8,9.1,5.4,1.5,8,9.6,3.8,10.1,2.4,7.2,2.9,9.5,6.2,6.8,5.1,1.4,2.6,3.4,3.7,10.8,11.3,2.5,6.1,4.7,3.9,8.3,9.5,,,,,,,,,,,,,,,,,,,,,,,,,,,,,,,,,,,,,,,,,27.9,28.9,30.7,30.9,28.8,30,29.5,29.5,29.8,27.9,27.8,28.9,28.5,29.9,30.1,29.3,30.3,27.7,29.8,30.2,29.3,28.5,29.4,29.8,28.2,28.6,30.1,28,27.7,27.6,27.8,80,78,68,67,80,68,76,76,74,82,85,80,82,74,76,74,73,81,75,75,77,76,76,75,80,79,76,79,77,81,82,0.1,0.1,0.1,0,1.4,0,0,0,0,0.3,0.2,0.2,0.3,0.1,0.1,0.3,0.3,0.2,0,0,0,0.2,0,0.1,0.1,1,1.1,0.5,0.1,0,1.3,8.2,20.2,8.6,9.8,18.7,11.2,18,19.4,14.5,23.6,14,13,22.1,17.7,9.5,19.8,13.8,15.4,11,18.8,20.2,9.7,16.8,9.4,4.5,15,14.3,13.4,7,24.3,24.5,10.1,23.4,11.2,10.8,22.3,11.2,19.8,22.7,14.8,25.9,19.1,15.1,27,20.2,14,23,17.6,17.6,11.5,19.4,24.1,10.4,18,12.2,11.5,16.6,17.3,13,6.8,28.4,28.8,,,,,,22.2204,114.2127
2026-08-30T17:00,28.6,30.4,29.3,28.9,27.4,28.4,29.1,28.5,29.8,28.3,27.8,28.4,29.2,29.4,26.6,28.1,28.9,29.9,29,26.9,29.5,27.1,26.8,26.9,27.4,29.1,27.4,28.4,30.2,28.4,30.1,28.9,27.9,27.9,30.3,28.1,29.2,28.4,30,28.5,90,77,83,82,82,88,74,83,79,85,93,88,79,82,91,90,82,75,82,90,71,82,82,94,88,82,89,84,78,87,78,83,88,83,73,87,83,87,79,85,1.3,0,0,0,0,0,0,0.3,0.5,1.7,4.2,0,1.1,0.1,1.4,0.3,0.6,0.9,0.6,0.2,0,1.2,0,0.4,0,0.5,1,0,1.5,1.9,0.1,6.1,3.2,1.2,0,0,1.5,1.8,1.8,0.1,5.6,8.4,12.2,9.1,8.1,3.9,5,7.3,10.7,6.6,6.6,5.1,5.8,7.2,6.6,4.1,2,8.1,7.2,4.4,10.1,4.5,7.7,3.7,9.5,5.1,6.2,4.5,1.5,3.3,3.1,3.6,8,5.9,3.9,5.4,4.6,3.3,6.2,8.1,,,,,,,,,,,,,,,,,,,,,,,,,,,,,,,,,,,,,,,,,27.9,28.9,30.5,30.8,28.9,29.9,29.4,29.3,29.5,27.7,27.7,28.9,28.6,29.7,29.9,29.1,30,27.8,29.6,30.1,29.1,28.4,29.3,29.5,27.9,28.6,29.9,27.8,27.5,27.4,27.6,80,78,69,68,80,69,77,77,75,83,85,80,82,75,77,76,75,81,76,76,77,77,77,77,82,79,77,80,77,82,82,0.1,0.1,0.1,0,1.4,0,0,0,0,0.3,0.2,0.2,0.3,0.1,0.1,0.3,0.3,0.2,0,0,0,0.2,0,0.1,0.1,1,1.1,0.5,0.1,0,1.3,7.4,18.4,8.7,10.6,18.1,11.2,18,21.4,13,23.5,14.8,10.1,21.1,15.8,8,20.1,14.6,14.9,8.2,18.4,20.1,9.6,15.6,8.7,0.7,13.9,13.1,14.3,5.9,23.6,24.5,9.7,22.3,11.5,11.2,21.6,11.5,20.2,25.2,13,26.6,19.8,11.5,25.9,18.4,12.2,23.8,18,16.6,9.7,19.4,24.1,10.1,16.9,11.9,10.4,15.1,16.9,13.7,6.1,27.7,29.2,,,,,,22.2204,114.2127
2026-08-30T18:00,28.3,30,28.9,28.3,27.3,27.8,28.5,28.2,29.4,27.8,27.4,28.2,28.7,28.2,26.6,27.3,28.2,29.3,28.8,26.9,28.7,26.9,26.7,27,27.2,28.8,27.3,28.3,29.7,27.9,29.8,28.6,27.5,27.5,29.9,27.8,28.6,28,29.1,28.1,92,79,85,85,83,91,78,85,80,88,95,89,82,90,91,92,85,78,83,90,76,85,82,92,89,84,90,85,80,88,79,84,90,86,75,88,85,89,84,87,1.2,0,0,0.1,0,0.5,0,0,0.2,2.5,3.3,0,0.8,3.2,1.4,1.8,0.7,0.9,0,0,0,1.3,0,0,0,0.1,0.8,0,1.5,1.6,0.1,2.7,2.4,1.6,0,0,0.8,1.7,9.8,0.1,4.5,5.8,10.4,7.9,6.8,4.3,4.1,6.3,8.6,3.4,6.3,5,4.4,7,5.4,2.5,4,5.1,7,4.7,10.6,5.2,8,4.7,8.7,4.3,6.5,4.4,0.7,3.5,3.2,5.4,5.8,4.2,6.6,4.5,2.7,3.3,5.9,7,,,,,,,,,,,,,,,,,,,,,,,,,,,,,,,,,,,,,,,,,27.9,28.8,30.2,30.5,28.8,29.7,29.2,29,29.4,27.5,27.7,28.7,28.5,29.6,29.7,28.9,29.8,27.8,29.4,29.8,29,28.2,29.1,29.3,27.6,28.5,29.6,27.6,27.5,27.4,27.5,79,79,71,70,80,71,78,78,76,83,85,80,83,76,79,78,77,81,77,78,78,78,78,78,84,80,78,81,77,82,82,0,0.2,0.2,0,0.5,0.2,0.9,0,0,0.1,0.1,1.1,0.2,0.1,0.3,0.2,0.2,0.4,0,0,0,0.9,0.1,1.2,0,0.3,1.4,0.1,0,0.8,0,6.9,17.4,9.5,11.5,16.1,10.4,16.6,20.8,12,23.4,14.5,9.4,20.2,11.5,6.9,18.3,13.5,15.7,6.4,17.3,17.5,9.8,14.8,7.2,3.6,10.8,9.9,14.7,5.8,21.2,24.3,9,22.3,12.6,12.2,19.1,11.2,18.7,25.6,12.2,27.4,19.4,11.5,24.8,15.5,11.5,22,16.6,17.3,10.1,18.7,20.9,10.4,16.2,10.1,10.4,11.9,15.5,14.4,6.5,24.8,29.5,,,,,,22.2204,114.2127
2026-08-30T19:00,28,29.4,28.4,27.9,27,27.4,28,27.8,28.5,27.5,27.2,27.9,28.2,27.5,26.6,26.8,27.5,28.6,28.4,26.8,28,26.6,26.5,26.9,26.8,28.7,27.2,28,29,27.6,29.4,28.3,27.1,27.2,28.7,27.6,28.2,27.6,28.3,27.6,93,84,87,87,84,94,81,87,83,90,96,91,85,93,91,94,89,82,85,90,79,87,83,92,90,84,90,87,83,90,81,85,93,88,84,90,86,91,86,89,0.9,0,0,0.6,0,0.9,0,0,0.5,1.3,3.1,0,0,5.1,0.9,1.1,0.5,1.1,0,0,0,1.5,0,0,0.3,0,0.7,0,2.2,1.2,0.1,0.3,1.7,1.1,0.4,0,0.2,0.5,9.9,0.2,4.9,2.9,8,5.8,6.8,3.6,3.3,4.7,4.3,0.7,6,3.4,2.5,6,6.7,2.7,4.3,4.4,5.6,4.1,7.6,4.7,8.4,5.2,8.7,2.6,6.6,4,1.5,4.4,2.6,5.2,5.2,4.3,9.6,2.6,1.8,3.6,8.9,8.3,,,,,,,,,,,,,,,,,,,,,,,,,,,,,,,,,,,,,,,,,27.9,28.7,29.9,30.2,28.7,29.5,28.9,28.8,29.2,27.4,27.9,28.4,28.4,29.4,29.4,28.7,29.6,27.9,29.2,29.4,29,28,29,29.1,27.3,28.4,29.4,27.3,27.5,27.4,27.4,78,82,74,71,81,73,78,80,78,83,85,81,83,78,81,81,78,81,77,80,78,80,79,79,86,81,78,83,77,81,83,0,0.2,0.2,0,0.5,0.2,0.9,0,0,0.1,0.1,1.1,0.2,0.1,0.3,0.2,0.2,0.4,0,0,0,0.9,0.1,1.2,0,0.3,1.4,0.1,0,0.8,0,6.5,16.3,10.3,12.1,13.2,9.3,14.6,18.4,11,23,14.1,10.4,19.2,6.8,5.5,15.1,11.6,16.8,8,15.3,12.9,10.1,14.3,4.7,7.9,6.3,6.2,14.8,6.9,17.8,23.9,7.9,22.7,14,13.3,16.2,10.1,16.2,24.1,12.2,27.7,18.4,13.3,24.1,11.9,10.8,18.7,14,19.1,11.5,17.6,16.6,11.2,15.8,7.6,11.2,7.9,13.3,15.5,7.6,21.2,29.9,,,,,,22.2204,114.2127
2026-08-30T20:00,27.9,29,28.3,27.6,26.8,27.2,27.2,27.5,28.4,27.3,27.1,27.8,27.8,27.3,26.4,26.7,27,27.5,28.2,26.7,27.6,26.3,26.4,26.9,26.6,28.2,27,27.7,28.4,27.3,29.1,27.9,26.8,27,28,27.4,28,27.4,28,27.2,93,87,89,88,86,95,86,89,83,90,96,93,90,94,91,95,91,88,86,91,80,89,84,92,90,86,90,90,85,91,85,87,95,89,87,91,86,92,86,91,0.5,0,0,1.4,0,0.6,1.1,0.5,0.3,1.1,1.3,0,0,7.6,0.3,0.5,0.2,1.6,0,0,0,3,0,0,0.4,0.3,0.6,0,1.7,0.9,0.1,2.2,2.1,0.3,1.8,0,0.2,0,2.3,0.6,4.9,2.4,5.5,4.3,7.2,1.6,2.9,4.1,2.2,1.8,2.9,1.8,2.3,4.9,8,2.8,4.4,4.3,4,2.5,7.2,4.5,8.5,4.6,8.9,1.4,6.3,1.6,2.9,4.4,2.9,6.2,5.9,4.3,10.1,3.7,2.6,3.3,6.2,7.1,,,,,,,,,,,,,,,,,,,,,,,,,,,,,,,,,,,,,,,,,27.9,28.6,29.6,29.9,28.6,29.3,28.7,28.6,29.2,27.3,28,28.2,28.3,29.2,29.2,28.5,29.4,27.8,29,29,29,27.9,28.9,28.9,27.1,28.3,29.2,27.1,27.6,27.5,27.4,78,83,76,73,81,75,79,81,79,83,85,82,84,79,82,83,79,81,78,82,79,81,80,80,87,82,78,84,77,81,83,0,0.2,0.2,0,0.5,0.2,0.9,0,0,0.1,0.1,1.1,0.2,0.1,0.3,0.2,0.2,0.4,0,0,0,0.9,0.1,1.2,0,0.3,1.4,0.1,0,0.8,0,6.6,15.5,10.3,12.3,11.2,8.6,13.4,15.6,10.2,22.2,13.7,10.5,19.1,4.3,4.1,12.4,9.8,17.1,11.4,13.9,9.8,10.6,13.4,1.8,11.5,3.1,5.4,15.1,8.4,15.1,23.2,7.9,23,14.8,14,14,9.7,14.8,22,11.9,27,18,14.8,24.1,9,10.1,15.8,12.6,20.2,13.3,16.6,13,12.6,15.1,6.5,11.9,5.4,11.5,16.2,8.6,18,29.5,,,,,,22.2204,114.2127
2026-08-30T21:00,27.8,28.5,28.1,27.4,26.6,27,26.8,27.4,28.1,27.2,27,27.7,27.5,26.9,26.4,26.6,26.8,27,28,26.7,27.2,26.2,26.3,26.8,26.5,27.9,27,27.7,27.9,27,28.7,27.7,26.8,26.8,27.7,27.3,27.7,27.2,27.7,26.8,93,90,90,89,88,96,88,90,84,91,96,93,92,95,91,96,92,91,87,91,82,90,85,92,91,87,90,90,88,93,88,87,95,90,88,92,87,93,87,92,0.1,3.3,0.1,0.8,0.6,0.7,0.9,0.2,0.6,1.1,0.6,0,0,2.7,0,0.5,0,2.4,1.3,0,0.1,2.6,0.1,0,0.4,0.2,0.1,0,1.1,1.1,0.1,0.9,2.6,0.3,0.6,0.2,1.1,0,0.3,1.6,4.8,1.1,4,3.3,7,1.9,3,3.1,0.5,4,2.9,1.1,2.1,4.6,8.4,3.5,4.7,4.6,4.1,1.6,6.4,4.2,8.4,4.4,8.3,1.8,5.8,1.8,2.6,4,3.1,6.9,7.3,4,8.6,1.8,2.6,3.3,5.5,7.1,,,,,,,,,,,,,,,,,,,,,,,,,,,,,,,,,,,,,,,,,27.8,28.6,29.5,29.7,28.6,29.1,28.4,28.5,29.2,27.3,28,28.1,28.3,28.9,29.2,28.5,29.3,27.5,28.8,28.9,28.9,27.9,28.8,28.9,27,28.1,29.1,27.1,27.6,27.4,27.3,79,83,77,74,79,76,79,81,79,82,85,83,84,80,82,83,79,83,79,83,80,82,81,80,88,83,78,84,78,81,83,0,0,0.1,0.6,0.2,0,0.4,0,0.1,0,1.4,0.3,0,0.5,0.4,0.4,0.2,2.1,0,0.1,0,0.9,0.4,0.2,0,0.4,0.5,0,0,1,0,8,14.6,9.7,12.6,10.5,9.1,13.8,12.5,9.2,20.1,14.1,9.4,20.5,4.1,3.1,10.2,9,15.5,13.7,13.2,8.8,12.1,12.3,3.3,13.2,3.7,5.7,15.6,9.7,13.3,22.6,9.4,23,14,14.4,14.4,10.4,15.5,18.4,10.8,24.8,18.7,15.5,25.6,7.6,8.6,13.7,13,19.1,15.8,15.8,11.9,14.8,14,8.3,12.6,5.8,10.1,16.6,10.1,15.8,28.8,,,,,,22.2204,114.2127
2026-08-30T22:00,27.7,28.1,28.1,27.4,26.3,27,26.5,27.3,28,27.1,27,27.7,27.3,26.7,26.4,26.5,26.7,26.7,27.8,26.7,26.8,26.2,26.3,26.7,26.3,27.7,27.1,27.7,27.4,26.6,28.4,27.5,26.9,26.7,27.6,27.2,27.5,27.1,27.5,26.5,92,92,91,90,89,95,90,90,85,91,96,93,93,95,91,95,93,93,87,91,84,91,86,93,91,89,90,89,91,95,90,86,95,90,88,92,88,93,88,93,0.1,3.3,0.1,0.8,0.6,0.7,0.9,0.2,0.6,1.1,0.6,0,0,2.7,0,0.5,0,2.4,1.3,0,0.1,2.6,0.1,0,0.4,0.2,0.1,0,1.1,1.1,0.1,0.9,2.6,0.3,0.6,0.2,1.1,0,0.3,1.6,4.9,2,3.1,3.1,7.1,1.9,3.4,2.6,1.5,6.2,3.6,1.3,2.2,4.4,8,4.5,4.7,5.1,4.9,1.1,5.6,4.6,8.2,4,7.7,4.1,5.4,2.6,4.1,4.1,3.7,7.4,9.2,3.3,5.8,2.4,1.6,2.9,5.4,7.6,,,,,,,,,,,,,,,,,,,,,,,,,,,,,,,,,,,,,,,,,27.8,28.6,29.4,29.5,28.6,28.9,28.2,28.5,29.3,27.4,28,28,28.3,28.7,29.1,28.6,29.2,27.1,28.6,28.8,28.7,27.9,28.7,28.8,27,28,29.1,27.1,27.6,27.3,27.2,82,82,77,75,77,76,79,81,78,80,85,83,83,81,82,82,80,85,80,83,80,82,82,79,88,83,78,84,79,81,82,0,0,0.1,0.6,0.2,0,0.4,0,0.1,0,1.4,0.3,0,0.5,0.4,0.4,0.2,2.1,0,0.1,0,0.9,0.4,0.2,0,0.4,0.5,0,0,1,0,10.1,15,9.4,12.5,11.3,10.1,15,9.7,7.8,17.4,15.3,8.8,22.6,3.7,2.4,9.1,8.7,13.8,15.5,12.9,9.4,14.8,10.9,8.7,13.4,6.3,5.8,15.9,10.8,11.7,21.3,11.2,23.4,12.6,14.4,15.5,11.5,17.3,14,9.4,22,19.8,15.5,27.7,6.8,6.8,11.5,14,17.3,19.4,15.5,12.2,16.9,12.6,11.9,13.7,7.6,8.6,16.9,11.5,14,27.7,,,,,,22.2204,114.2127
2026-08-30T23:00,27.6,27.7,28,27.3,26,26.9,26.4,27.2,27.8,27,26.9,27.7,27.1,26.6,26.4,26.5,26.7,26.5,27.7,26.7,26.6,26.1,26.2,26.6,26.2,27.4,27.2,27.6,27,26.3,28.1,27.4,27,26.7,27.5,27.1,27.3,27.1,27.4,26.2,92,94,91,90,91,95,91,91,86,91,96,93,94,95,91,95,93,94,87,91,86,91,87,94,92,90,90,89,93,96,92,86,94,90,88,93,89,93,89,93,0.1,3.3,0.1,0.8,0.6,0.7,0.9,0.2,0.6,1.1,0.6,0,0,2.7,0,0.5,0,2.4,1.3,0,0.1,2.6,0.1,0,0.4,0.2,0.1,0,1.1,1.1,0.1,0.9,2.6,0.3,0.6,0.2,1.1,0,0.3,1.6,4.8,3.4,1.9,3.9,7.4,1.8,3.6,2.5,2.5,7.7,4.3,1.6,2.5,3.7,7.6,4.8,4.7,5.6,5.6,1.5,5.3,5.3,8.5,4.4,7.4,5.8,4.8,3.4,5.4,4,4.3,7.8,10.9,3.1,3.2,4,2.2,2.5,5.7,8,,,,,,,,,,,,,,,,,,,,,,,,,,,,,,,,,,,,,,,,,27.8,28.5,29.3,29.4,28.6,28.8,28.1,28.5,29.3,27.5,28.1,28,28.3,28.5,29.1,28.6,29.1,26.8,28.5,28.7,28.6,27.9,28.7,28.8,27,27.9,29.1,27.1,27.5,27.2,27.1,83,82,77,76,75,77,79,81,77,79,85,84,83,82,82,82,80,86,81,83,81,82,82,78,88,83,78,84,80,81,82,0,0,0.1,0.6,0.2,0,0.4,0,0.1,0,1.4,0.3,0,0.5,0.4,0.4,0.2,2.1,0,0.1,0,0.9,0.4,0.2,0,0.4,0.5,0,0,1,0,11.7,17.3,9.1,12,12,10.1,16,8.7,6.6,15.7,16,9,23.9,3.2,1.5,8.9,7.9,13.3,17.1,12.3,9.4,16.7,9.6,12.6,13.8,8.5,5.4,15.8,11.4,10.4,20.2,12.2,24.8,11.5,14,16.2,11.5,18,10.8,7.9,19.8,20.9,15.1,28.8,6.5,5.8,10.4,15.1,16.6,22,14.8,11.9,19.1,11.2,14.4,14.8,9.7,7.6,16.9,12.6,12.6,26.3,,,,,,22.2204,114.2127
2026-08-31T00:00,27.4,27.5,27.9,27.2,25.8,26.8,26.3,27.1,27.6,26.8,26.7,27.6,27,26.6,26.3,26.4,26.5,26.6,27.7,26.6,26.4,25.9,26.1,26.6,26.1,27.2,27.1,27.3,26.8,26.2,27.8,27.3,26.9,26.6,27.4,27,27.2,27,27.3,26.1,92,95,91,90,92,95,92,92,87,91,96,94,94,95,91,94,93,93,87,92,87,92,88,94,92,91,90,90,94,96,93,87,94,90,88,93,89,94,90,93,0.7,1.6,1.3,0.4,1.5,0.7,0.4,0,0.2,0,1.7,0,0.2,0.2,0,0,0.1,0.8,0,0,0,0.8,0.2,0,0.4,0.4,0,0.1,0,1.2,0,0.5,2.3,0.4,0,0.2,0.6,0,0,0.4,4.5,4.7,1.5,4.5,7.4,1.3,3.1,3.1,2.5,8.2,5.2,2.3,2.6,1.3,6.9,4.8,4.4,6.1,6,2.4,5.7,5.5,8.8,4.2,7.7,6.1,4.4,3.9,5.9,4.5,4.8,7.6,12.7,3.7,3.1,4,3.8,2.5,6.6,7.9,,,,,,,,,,,,,,,,,,,,,,,,,,,,,,,,,,,,,,,,,27.8,28.2,29,29.2,28.5,28.6,28,28.4,29.2,27.6,28.1,27.8,28.2,28.5,28.9,28.4,28.9,26.9,28.3,28.5,28.5,27.7,28.6,28.6,26.9,27.8,29,27,27.5,27.2,26.9,82,83,78,76,73,78,78,81,77,78,84,84,83,82,83,82,81,85,81,83,81,81,82,77,88,83,79,84,80,80,82,0.1,0.6,0,0,0,0.1,0.1,0.4,0.1,0,2.5,1,0.1,1.2,0,0.2,0.3,2.2,0,0.2,0.1,0,1,0,0.2,2.1,0.1,0,0,0,0.1,11,22.2,8.4,10.5,11.9,8.1,14.8,8.6,5.1,15.1,16.9,7.9,23.3,2.9,1.8,9.7,7.1,14,18.6,11.7,8.7,17.6,8.4,14.2,14.7,11.1,3.7,15.4,12,9,19,11.5,29.5,10.8,13,15.1,9.7,16.9,9.7,6.8,19.4,21.6,13,28.4,5.8,5.8,10.4,16.2,17.3,23.4,14,10.4,20.9,10.1,15.8,15.8,12.2,6.5,16.6,13.3,11.2,24.1,,,,,,22.2204,114.2127
2026-08-31T01:00,27.2,27.3,27.7,27.1,25.6,26.7,26.3,27,27.5,26.6,26.5,27.5,26.9,26.5,26.2,26.3,26.4,26.9,27.7,26.5,26.4,25.6,26,26.6,26.1,27.1,27,27,26.8,26.1,27.6,27.2,26.7,26.6,27.4,26.9,27.1,26.9,27.2,26,91,94,92,91,93,95,92,93,88,91,96,95,94,95,92,92,94,91,86,93,87,92,89,95,93,91,91,91,94,96,93,89,93,89,88,94,88,94,91,93,0.7,1.6,1.3,0.4,1.5,0.7,0.4,0,0.2,0,1.7,0,0.2,0.2,0,0,0.1,0.8,0,0,0,0.8,0.2,0,0.4,0.4,0,0.1,0,1.2,0,0.5,2.3,0.4,0,0.2,0.6,0,0,0.4,4,5.9,2.6,4.5,7.2,1.1,2.6,4.2,2.6,8.2,5.6,3.2,2.4,1.9,5.8,4.5,3.7,6.4,6.3,3.4,6.4,5.6,9.3,4,8.1,5.9,4.2,4.7,5.8,4.7,5.2,7.3,14.4,4.4,4.7,2.5,5.6,2.5,7.8,7.3,,,,,,,,,,,,,,,,,,,,,,,,,,,,,,,,,,,,,,,,,27.8,27.7,28.8,29.1,28.3,28.4,28,28.4,29,27.6,28.2,27.6,28.2,28.5,28.8,28.2,28.7,27,28.2,28.4,28.4,27.5,28.5,28.4,26.9,27.9,28.8,26.8,27.4,27.2,26.8,81,85,80,77,71,79,77,80,78,78,84,84,82,81,83,83,82,84,82,83,82,80,81,77,88,82,79,85,80,79,81,0.1,0.6,0,0,0,0.1,0.1,0.4,0.1,0,2.5,1,0.1,1.2,0,0.2,0.3,2.2,0,0.2,0.1,0,1,0,0.2,2.1,0.1,0,0,0,0.1,9.2,28,7.1,8.9,11.1,5.5,12.4,8.3,5.2,15.6,17.6,6.2,22.1,2.4,3.5,10.6,6.1,15.5,20.1,11.5,7.2,18.5,7.4,14.5,15,13.2,1.1,15,12.5,8,17.4,9.7,35.3,10.4,11.2,13.3,7.2,14.8,10.1,6.5,19.4,22,10.1,27,5.4,6.1,11.5,17.3,19.1,24.5,13,8.3,22.3,9,16.2,17.3,15.1,5,16.2,14,9.7,21.6,,,,,,22.2204,114.2127
2026-08-31T02:00,27,27.2,27.6,27,25.5,26.6,26.3,27,27.3,26.4,26.4,27.5,26.8,26.5,26.1,26.2,26.2,27.1,27.7,26.4,26.4,25.5,26,26.6,26,27,26.9,26.7,26.7,26,27.5,27.1,26.6,26.6,27.3,26.9,27.1,26.9,27.2,26,91,94,92,91,94,95,92,94,89,91,96,96,94,95,92,91,94,90,86,94,87,93,90,95,93,91,91,92,94,95,93,90,93,89,88,94,88,95,91,93,0.7,1.6,1.3,0.4,1.5,0.7,0.4,0,0.2,0,1.7,0,0.2,0.2,0,0,0.1,0.8,0,0,0,0.8,0.2,0,0.4,0.4,0,0.1,0,1.2,0,0.5,2.3,0.4,0,0.2,0.6,0,0,0.4,3.7,6.9,3.7,4.8,7.3,1.6,2.5,4.9,3.1,8.2,6.2,3.8,2.5,4.5,5.4,4.1,3.3,7,6.4,4.5,6.6,5.6,9.6,3.6,8.4,5.6,3.7,5.4,6.1,4.7,5.5,7.1,15.3,4.9,6.4,1.8,7.3,2.5,8.7,7.1,,,,,,,,,,,,,,,,,,,,,,,,,,,,,,,,,,,,,,,,,27.8,27.3,28.5,29,28.2,28.2,28,28.3,28.8,27.7,28.2,27.5,28.1,28.6,28.6,28.1,28.6,27.2,28.1,28.3,28.3,27.4,28.5,28.2,26.9,27.9,28.7,26.7,27.4,27.3,26.6,79,86,81,77,70,80,76,80,78,78,83,84,82,81,84,83,83,82,82,83,82,79,80,76,88,82,80,85,80,78,81,0.1,0.6,0,0,0,0.1,0.1,0.4,0.1,0,2.5,1,0.1,1.2,0,0.2,0.3,2.2,0,0.2,0.1,0,1,0,0.2,2.1,0.1,0,0,0,0.1,7.8,31.8,6.6,8.3,10.5,3.6,10.8,8.1,5.2,15.8,17.7,4.8,20.8,2.1,5.4,11.6,5.1,16.6,21.5,11.3,5.7,18.5,6.9,13.8,15.4,14.7,1.1,15.3,13.4,7.9,16.5,8.6,39.2,10.4,9.7,11.9,5.4,13,10.4,6.1,19.8,21.6,9.4,25.9,5.4,7.6,13,17.6,20.9,25.6,12.6,6.8,22.3,8.3,15.8,17.6,16.9,4.7,16.2,14.8,9,19.4,,,,,,22.2204,114.2127
2026-08-31T03:00,26.9,27,27.5,26.9,25.5,26.5,26.3,26.9,27.2,26.3,26.4,27.4,26.7,26.4,26,26.1,26.1,27.2,27.7,26.3,26.3,25.4,26,26.5,26,26.8,26.8,26.5,26.5,26,27.3,27.1,26.6,26.5,27.2,26.8,27,26.8,27.2,26,92,94,92,91,94,95,92,94,90,91,96,96,94,95,92,90,94,90,86,94,88,93,91,95,93,91,91,92,94,95,93,91,92,89,88,94,88,95,90,93,0,0,0.1,0.3,0.5,0.3,0.2,0,0.7,0,1.1,0,0.4,0.2,0.1,0.4,0,0,0,0,0,0,0.2,0.1,0,0.2,0,0,0.2,0.6,0,0,0,0.1,0,0.3,0.1,0.2,0,0,3.3,6.9,4.2,5.1,6.9,2.6,3.1,5.4,4,8.4,6.2,2.3,2.6,6,5.8,4.5,2.9,7.3,6.3,5.1,6.4,5.4,9.7,3.7,8.4,5.2,3.2,5.5,6.1,4.3,5.7,6.9,13.8,5.2,6.7,1.8,7.5,2.9,9.4,7.2,,,,,,,,,,,,,,,,,,,,,,,,,,,,,,,,,,,,,,,,,27.8,27.1,28.3,29,28.2,28,28,28.3,28.7,27.6,28.2,27.4,28,28.5,28.4,28,28.4,27.3,28,28.2,28.2,27.3,28.5,28.2,26.8,27.9,28.6,26.6,27.4,27.4,26.6,78,87,82,78,70,80,76,79,78,78,82,84,82,81,84,83,84,81,82,83,82,79,80,75,88,82,81,84,79,77,81,0,1.1,0.2,0.1,0,0.1,0,0.2,0,0,1.3,1.4,0.2,0.3,0.5,1.1,0.3,0.5,0,0,0.1,0.1,0.2,0,1.4,0.6,0.1,0,0,0,0,7.4,31.8,6.4,7.6,10.5,2.9,10.7,7.7,4.1,16.1,16.7,6.8,20.4,1.1,7.9,13,4.8,18.1,23.1,11.3,4.3,16.6,5.7,11.6,14.5,14.9,2.5,15.7,14.7,8.4,16.1,8.6,38.9,11.2,8.6,11.9,5.4,12.6,10.4,6.5,19.8,20.2,11.9,25.6,5.8,10.1,14.4,16.6,23.4,27.4,12.6,6.5,19.4,7.9,13.7,16.6,17.3,5,16.9,16.2,9.4,18.7,,,,,,22.2204,114.2127
2026-08-31T04:00,26.8,26.9,27.5,26.8,25.6,26.5,26.4,26.9,27,26.2,26.4,27.4,26.6,26.3,26,26,26.1,27.2,27.7,26.2,26.2,25.4,26.1,26.4,26.1,26.7,26.6,26.3,26.3,25.9,27.3,27.1,26.7,26.5,27.1,26.7,26.9,26.8,27.3,26.1,93,94,93,91,93,95,91,94,90,91,96,96,94,95,93,90,93,90,86,94,89,94,91,95,93,91,92,91,93,94,92,92,91,89,89,94,87,95,89,93,0,0,0.1,0.3,0.5,0.3,0.2,0,0.7,0,1.1,0,0.4,0.2,0.1,0.4,0,0,0,0,0,0,0.2,0.1,0,0.2,0,0,0.2,0.6,0,0,0,0.1,0,0.3,0.1,0.2,0,0,3.3,6.7,4,5.1,6.8,3.6,3.2,6.2,4.7,9.2,6.8,0.5,3.2,7.4,6.1,4.7,2.6,7.1,5.5,5.1,5.7,5.4,9.9,4.3,8.2,4.6,3.1,5.2,6.2,4,6.1,6.9,11.5,5.3,6.3,2.5,7.2,3,10,7.1,,,,,,,,,,,,,,,,,,,,,,,,,,,,,,,,,,,,,,,,,27.7,27.1,28.1,28.9,28.2,27.8,28,28.3,28.6,27.5,28.1,27.4,27.8,28.5,28.2,28,28.3,27.3,27.9,28.1,28,27.2,28.5,28.2,26.8,27.9,28.5,26.7,27.3,27.6,26.5,77,87,82,78,70,80,76,79,78,78,82,84,82,81,84,82,84,80,83,83,82,78,80,74,88,81,82,83,78,75,80,0,1.1,0.2,0.1,0,0.1,0,0.2,0,0,1.3,1.4,0.2,0.3,0.5,1.1,0.3,0.5,0,0,0.1,0.1,0.2,0,1.4,0.6,0.1,0,0,0,0,8.3,30.6,6.3,7,10.3,4.8,10.7,8.2,3.6,15.9,14.7,13.1,20.6,3,11.3,14.6,4.7,19.9,25.1,11.3,4.7,12.9,5.8,8.4,13.3,14,4,16.5,15.5,8.8,16.1,9,36.4,12.6,7.9,12.2,6.5,12.6,10.8,7.2,19.4,17.6,16.6,25.2,6.1,13.3,16.6,14.4,25.9,29.5,13,6.5,14.8,8.3,10.8,15.1,16.6,5.8,18.4,17.6,10.1,18.4,,,,,,22.2204,114.2127
2026-08-31T05:00,26.8,26.9,27.5,26.8,25.7,26.5,26.5,26.9,27,26.2,26.5,27.4,26.6,26.3,26,25.8,26.1,27.2,27.7,26.3,26.1,25.4,26.1,26.4,26.2,26.7,26.6,26.2,26.1,25.9,27.2,27.1,26.7,26.6,27.1,26.7,26.9,26.8,27.4,26.2,93,94,93,90,92,95,91,94,90,91,95,95,94,95,93,90,93,90,85,93,90,94,91,95,93,90,92,91,93,94,92,92,91,89,89,94,87,95,88,93,0,0,0.1,0.3,0.5,0.3,0.2,0,0.7,0,1.1,0,0.4,0.2,0.1,0.4,0,0,0,0,0,0,0.2,0.1,0,0.2,0,0,0.2,0.6,0,0,0,0.1,0,0.3,0.1,0.2,0,0,3.5,6.5,3.9,5.4,7,4.1,3.7,6.8,5.2,9.2,7,1.1,3.5,8.2,6.8,5.1,2.9,7,5.1,5.4,5.3,5.4,10,5.2,8.5,4.7,3,5,6.3,3.7,6.4,7.1,11.1,5.3,5.9,2.9,6.9,3.3,10.5,6.7,,,,,,,,,,,,,,,,,,,,,,,,,,,,,,,,,,,,,,,,,27.8,27.1,28,28.9,28.3,27.8,28.1,28.4,28.6,27.5,28.1,27.4,27.8,28.5,28.1,28,28.2,27.4,27.9,28,28,27.3,28.6,28.2,26.8,27.9,28.4,26.7,27.4,27.7,26.6,76,87,82,79,71,80,76,78,78,78,81,84,82,81,83,82,84,80,83,83,82,78,80,73,88,81,82,82,77,74,79,0,1.1,0.2,0.1,0,0.1,0,0.2,0,0,1.3,1.4,0.2,0.3,0.5,1.1,0.3,0.5,0,0,0.1,0.1,0.2,0,1.4,0.6,0.1,0,0,0,0,9.2,30.2,5.6,6,9.5,7,10.7,10,5.9,16.3,12.4,18.4,20.3,4.7,14.4,16.1,4.5,21.4,26,11.9,7,10.2,7.3,6.2,12.5,13.9,5.6,16.7,16.1,9.2,15.9,9.7,34.9,13.3,7.6,11.9,7.9,12.6,11.9,8.6,19.4,15.1,20.5,24.5,6.5,16.6,18.4,13,27.7,31,14,7.9,11.2,8.6,8.6,14,16.2,7.2,19.1,18.7,10.8,18,,,,,,22.2204,114.2127
2026-08-31T06:00,26.8,26.9,27.7,27,25.7,26.5,26.6,27,27,26.3,26.5,27.3,26.7,26.2,26.2,25.6,26.2,27.1,28,26.5,26,25.3,26.2,26.5,26.3,26.9,26.6,26.1,25.9,26,27.2,27,26.4,26.9,27.1,26.7,27,26.7,27.6,26.3,93,93,93,89,92,94,90,93,90,91,94,95,93,95,93,91,93,90,84,91,91,95,91,95,93,89,92,91,93,94,92,92,92,88,89,95,87,95,87,93,0,0,0,0,0.8,0.9,0,0,0.2,0,0,0.3,0.3,1.1,0,1.3,0,0.6,0,0,0.3,1.2,0.4,1.2,0,0.1,0,0,0.3,0.3,0,1.1,7.5,0,0,0,0,1.5,0,0,3.9,6.6,4,5.4,6.8,3.9,3.9,7.7,5.1,8.4,7.2,0.8,4.3,8.1,7.3,5.4,3.3,7.1,4.7,5.8,5.4,5.4,10,6,8.9,5.1,3.6,4.9,6.2,3.8,6.6,7.7,13,5.3,5.5,3.2,6.6,3.3,11,6,,,,,,,,,,,,,,,,,,,,,,,,,,,,,,,,,,,,,,,,,27.9,26.9,28,28.8,28.3,27.8,28.1,28.4,28.5,27.4,28.2,27.5,27.8,28.5,28.1,27.9,28.3,27.4,27.8,28.1,28,27.4,28.5,28.1,26.9,27.9,28.4,26.8,27.4,27.7,26.7,75,88,81,79,72,80,76,78,78,78,81,84,82,80,82,82,83,80,83,82,82,77,80,73,87,81,82,81,77,74,78,0,0.4,0.2,3.6,0,0.6,0.3,0.2,0.3,0,0.3,0.8,0,0.3,0.1,0.2,0.6,0.1,0,0.5,0.1,0.2,0.8,0,1,0.2,0.7,0,0,0,0,10.4,31,4.7,5.8,8,8.5,11.3,11.5,8.7,16.1,9.7,20.9,19.4,5.4,16.7,17.4,4.4,21.9,25.8,13.7,10.6,8.4,8.2,6,13,14.6,8.2,16.7,16.3,9.8,15,11.2,35.6,13.3,8.3,10.4,9.4,13,14,11.2,19.1,12.2,23.4,23.4,6.8,19.4,20.5,11.9,28.1,31.7,16.2,11.5,10.1,9.4,8.6,14.4,16.9,9.4,19.1,18.7,11.5,17.3,,,,,,22.2204,114.2127
2026-08-31T07:00,26.8,26.9,27.9,27.2,25.7,26.6,26.7,27.1,27.1,26.5,26.7,27.3,26.8,26.2,26.5,25.3,26.5,27,28.3,26.8,25.8,25.3,26.2,26.6,26.6,27.2,26.7,26.1,25.8,26.1,27.2,26.9,26.1,27.3,27.2,26.7,27.3,26.7,27.8,26.4,91,92,92,88,91,93,90,92,90,90,94,94,91,95,92,92,93,91,83,90,92,95,90,95,92,87,92,91,93,94,91,91,95,87,88,95,87,95,86,92,0,0,0,0,0.8,0.9,0,0,0.2,0,0,0.3,0.3,1.1,0,1.3,0,0.6,0,0,0.3,1.2,0.4,1.2,0,0.1,0,0,0.3,0.3,0,1.1,7.5,0,0,0,0,1.5,0,0,4.5,6.9,4.3,6,6.9,3.2,4.1,8.9,5.1,7.4,7,1.9,5.3,7.7,7.9,5.8,3.6,7.6,4.3,5.8,5.8,5.4,9.6,6.4,9.7,5.8,4.8,4.8,6.6,4.2,6.7,8.5,15.9,5.5,5.2,3.3,6.4,3.4,11.6,5.5,,,,,,,,,,,,,,,,,,,,,,,,,,,,,,,,,,,,,,,,,28.1,26.8,28.2,28.7,28.3,28,28.2,28.5,28.4,27.3,28.2,27.7,28,28.6,28.1,27.9,28.4,27.4,27.8,28.2,28.1,27.7,28.5,27.9,27,28,28.3,26.8,27.5,27.6,26.9,74,89,80,79,73,79,77,77,78,78,81,83,81,79,82,82,82,80,82,81,81,76,79,74,86,80,81,80,77,74,76,0,0.4,0.2,3.6,0,0.6,0.3,0.2,0.3,0,0.3,0.8,0,0.3,0.1,0.2,0.6,0.1,0,0.5,0.1,0.2,0.8,0,1,0.2,0.7,0,0,0,0,11.8,32.1,3.6,6.6,6.5,10.2,11.6,13,11.6,15.9,6.2,22.3,18.1,5.5,18.4,18.9,6.8,21.4,25.1,15.6,14.2,7.9,8.7,7.4,14.1,15,11.1,16.4,16.1,10.4,14.2,13.3,37.4,12.6,9.7,8.3,11.2,13.7,16.6,14.8,18.7,9,25.6,22,7.2,22,22.7,11.5,27.4,31.3,19.1,16.2,10.4,10.4,9.4,15.5,17.6,12.2,18.7,18.4,12.2,16.6,,,,,,22.2204,114.2127
2026-08-31T08:00,27,27.3,28.2,27.5,25.9,26.7,26.8,27.4,27.5,26.8,26.9,27.3,27,26.3,27.1,25.1,26.8,27,28.7,27.1,25.8,25.3,26.4,26.8,27,27.3,27.1,26.3,25.9,26.4,27.4,27,25.9,27.7,27.5,27,27.7,26.8,28,26.7,90,90,90,86,91,92,89,89,89,89,92,93,89,94,90,93,92,91,81,88,93,95,89,94,90,86,90,90,93,93,90,90,96,85,87,94,85,95,85,91,0,0,0,0,0.8,0.9,0,0,0.2,0,0,0.3,0.3,1.1,0,1.3,0,0.6,0,0,0.3,1.2,0.4,1.2,0,0.1,0,0,0.3,0.3,0,1.1,7.5,0,0,0,0,1.5,0,0,4.7,7,5.1,7.1,7.4,3.1,4.3,9.1,5.2,6.7,6.5,3.4,6,7.2,8.1,5.8,3.8,7.9,4.7,5.8,6.5,5.2,9.3,7.2,10.6,6.6,5.5,4.7,6.6,4.1,6.5,9.1,17.5,5.7,5.2,3,6.9,3.3,12.3,5,,,,,,,,,,,,,,,,,,,,,,,,,,,,,,,,,,,,,,,,,28.4,26.7,28.4,28.5,28.4,28.2,28.4,28.7,28.5,27.4,28.3,27.8,28.2,28.7,28.2,28,28.6,27.5,27.9,28.4,28.3,28,28.6,27.8,27.2,28.2,28.4,27,27.7,27.8,27.2,73,89,79,80,73,79,76,77,78,78,81,83,80,78,81,81,80,80,81,80,80,74,78,75,84,79,80,79,77,73,74,0,0.4,0.2,3.6,0,0.6,0.3,0.2,0.3,0,0.3,0.8,0,0.3,0.1,0.2,0.6,0.1,0,0.5,0.1,0.2,0.8,0,1,0.2,0.7,0,0,0,0,12.7,32.9,3.3,7.2,5.1,11.3,11.4,14.8,14.1,16.1,3.1,23.2,17.1,6.2,19.8,19.4,9.6,20.9,23.5,17.3,16.9,8.2,9.7,8.2,14.5,14.8,12.7,15.8,15.9,10.5,12.8,14.8,38.9,12.2,11.5,6.8,12.6,13.7,19.1,17.6,18.7,7.2,27.4,20.9,7.9,24.1,23.8,11.5,27,30.2,21.2,19.4,10.8,11.2,9.7,15.8,17.6,13.7,18,18,12.2,15.5,,,,,,22.2204,114.2127
2026-08-31T09:00,27.5,28.2,28.5,28,26.1,26.9,27.1,28.2,28.2,27.6,27.4,27.5,27.3,26.6,28.2,25,27.3,27.1,29.3,27.4,25.8,25.6,26.7,27.1,27.8,27.1,28,26.8,26.2,26.9,28.2,27.3,26,28.2,28.1,27.8,28.6,27.1,28.1,27.1,88,86,87,84,90,90,88,85,86,87,89,91,87,92,84,94,89,90,78,87,93,94,87,92,87,87,85,89,92,91,86,88,95,83,84,90,81,93,85,89,0,0,1.3,0.1,0.3,0.8,0.3,0,0.2,0,0.2,1.8,0.5,0.6,0,1.7,0,1.1,0.3,0.9,0.8,0.4,0.1,2,0,1.2,0,0,0.2,0.1,0.1,0,1.6,0.1,0,0,0,0.6,0.3,0,5.1,6.2,6.3,9.9,8.4,3.8,5.2,8.3,5.4,6.7,6.6,4.2,5.6,7.3,9.5,5.4,4.3,6.8,6.5,5.8,7,5,9.7,8.2,12.2,7.9,5.1,4,6.6,3.6,5.6,9.4,16.9,6.5,5.8,2.4,8.5,2.9,13.9,5.4,,,,,,,,,,,,,,,,,,,,,,,,,,,,,,,,,,,,,,,,,28.7,26.9,28.7,28,28.7,28.4,28.9,28.9,28.7,27.7,28.4,27.8,28.5,28.8,28.2,28.4,28.9,27.6,28.3,28.7,28.6,28.5,28.9,27.9,27.5,28.7,28.7,27.5,28.1,28.2,27.8,72,88,78,82,71,79,74,76,77,77,80,83,79,77,80,78,78,80,79,78,78,72,76,75,82,77,78,77,76,71,72,0,0,0.1,2.6,0,0,0.2,0.5,0.9,0,0.7,0.1,0,1.5,1.3,0.1,0.3,0.3,0,0.2,0,0,0.5,0.3,0.5,0.2,0.3,0,0.1,0,0,13.3,32.8,5.2,9.4,4.5,11.9,9.8,17,16.3,17.2,2,24.1,16.3,8.3,21.4,18.5,11.8,20.8,21.1,17.7,17.6,8.7,11.2,7.4,14.1,13.4,12.1,15.1,16.1,9.4,11,15.5,39.2,12.6,13.7,5.8,13.7,11.9,21.2,19.8,19.8,7.6,27.7,19.8,10.1,25.9,23,13,28.1,27.4,21.6,20.2,11.2,11.9,8.3,14.4,15.5,13,17.3,18,10.8,14,,,,,,22.2204,114.2127
2026-08-31T10:00,28,29.4,29,28.6,26.5,27.2,27.3,29.2,29.2,28.5,28.1,27.8,27.6,26.9,29.5,25,28,27.3,30,27.6,25.9,26.1,27.2,27.4,28.7,26.8,29.1,27.5,26.7,27.6,29.2,27.9,26.1,28.7,28.9,28.8,29.8,27.5,28.3,27.6,85,80,84,82,90,88,86,79,82,85,86,88,86,90,77,94,85,88,75,87,93,92,85,90,83,88,79,87,90,87,82,85,94,81,81,85,75,91,84,87,0,0,1.3,0.1,0.3,0.8,0.3,0,0.2,0,0.2,1.8,0.5,0.6,0,1.7,0,1.1,0.3,0.9,0.8,0.4,0.1,2,0,1.2,0,0,0.2,0.1,0.1,0,1.6,0.1,0,0,0,0.6,0.3,0,5.6,5.8,7.8,13.9,9.7,4.8,6.7,8.2,5.8,7.1,6.8,5.4,5.2,7.9,12.6,4.7,4.9,5.9,9.3,5.8,7.6,5.6,10.5,10.1,14.4,9.4,5.6,3.4,6.4,3.6,4.5,9.5,15.5,7.5,6.8,3.8,11.5,3.1,16.2,6.5,,,,,,,,,,,,,,,,,,,,,,,,,,,,,,,,,,,,,,,,,29.1,27.1,29.1,27.3,29.2,28.6,29.5,29.1,29.1,28.1,28.6,27.7,28.8,29,28.3,29,29.3,27.7,28.8,29.1,29,29.1,29.3,28,27.8,29.4,29.1,28.1,28.6,28.8,28.6,72,86,76,85,67,78,71,75,75,77,80,84,77,76,80,75,76,80,76,76,76,70,74,74,80,74,76,74,76,67,69,0,0,0.1,2.6,0,0,0.2,0.5,0.9,0,0.7,0.1,0,1.5,1.3,0.1,0.3,0.3,0,0.2,0,0,0.5,0.3,0.5,0.2,0.3,0,0.1,0,0,14,32.4,7.9,13.2,4.4,12.4,7.7,19.1,18.2,18.4,5.1,24.5,15.5,10.8,22.8,17.1,14.1,21.3,18.3,17.3,17.7,9.2,12.3,6,12.9,11.3,10.2,14,16.6,7.6,9.4,16.2,38.9,13.3,16.2,5.4,14,9.7,23,21.6,21.2,9,27.4,19.1,12.2,27.7,21.2,15.1,29.2,23.8,20.5,19.8,11.9,12.2,6.1,12.2,12.6,10.8,16.6,18.4,9,12.2,,,,,,22.2204,114.2127
2026-08-31T11:00,28.4,30.4,29.4,29.1,27,27.4,27.5,30,30.1,29.3,28.7,28,27.9,27.1,30.6,25.1,28.5,27.6,30.6,27.7,26.1,26.7,27.6,27.7,29.5,26.6,30,28.3,27.2,28.2,30,28.5,26.4,29.1,29.6,29.7,30.7,27.9,28.5,28.1,83,76,81,80,88,86,86,75,78,82,83,86,85,89,71,94,82,86,73,87,93,89,83,89,79,89,74,84,89,85,78,82,92,79,78,80,71,89,84,84,0,0,1.3,0.1,0.3,0.8,0.3,0,0.2,0,0.2,1.8,0.5,0.6,0,1.7,0,1.1,0.3,0.9,0.8,0.4,0.1,2,0,1.2,0,0,0.2,0.1,0.1,0,1.6,0.1,0,0,0,0.6,0.3,0,5.8,5.3,8.2,17,10.4,5.5,7.6,8.7,6.2,6.6,6.6,6.2,5,8.2,15,4.1,5,6.4,11.5,5.4,7.9,6.3,10.5,11.9,15.9,10.3,6.9,3.4,6.4,4,4,10.3,14,8,7.6,5.7,13.6,3.3,17.4,7.3,,,,,,,,,,,,,,,,,,,,,,,,,,,,,,,,,,,,,,,,,29.4,27.4,29.4,26.9,29.6,28.8,29.9,29.2,29.4,28.4,28.6,27.7,29.1,29.1,28.4,29.4,29.6,27.8,29.3,29.5,29.3,29.5,29.6,28.1,28.1,29.9,29.4,28.5,28.9,29.3,29.1,72,85,75,86,65,78,69,75,74,76,79,84,76,76,79,72,75,80,74,74,75,69,73,73,79,72,74,72,75,65,67,0,0,0.1,2.6,0,0,0.2,0.5,0.9,0,0.7,0.1,0,1.5,1.3,0.1,0.3,0.3,0,0.2,0,0,0.5,0.3,0.5,0.2,0.3,0,0.1,0,0,15.5,31.7,10.1,15.3,4.5,13.1,7,20.5,18.9,18.3,8,25.5,15,12.1,23.5,16.2,15,21.2,15.3,17.2,17,10,13.1,4.1,11,9.4,8.7,13,16.7,5.8,8.3,16.9,38.5,13.3,17.3,5.8,14.4,9,24.5,22,21.2,10.4,27.7,18.4,13.7,28.4,20.2,16.6,29.5,19.8,20.2,19.1,13,12.6,4.7,11.2,10.8,9.4,15.5,18.4,7.6,11.2,,,,,,22.2204,114.2127
2026-08-31T12:00,28.5,31.1,30,29.4,27.8,27.5,27.3,30.4,30.7,29.9,29.1,28.3,28.1,27.1,31.1,25.3,28.6,28.3,31.1,27.8,26.4,27.6,27.8,27.7,30.2,26.7,30.6,29.3,27.5,28.5,30.5,29.2,26.9,29.2,30.1,30.3,31.2,28.1,28.8,28.7,83,73,78,79,84,86,88,73,76,79,82,85,84,89,68,93,81,84,71,87,92,85,83,89,76,88,72,79,88,84,76,79,90,79,75,77,69,88,83,81,0.6,0.1,0.5,0.3,0,0.6,3.4,0.1,0.3,0.6,0.5,0.7,0.6,1.1,0.2,0.3,0.1,0.1,1,1,0.7,0.1,0,1.8,0.1,2.1,0,0,0.1,0.4,0.6,0.1,0.5,1.7,0.1,0,1.1,0.5,0.1,0,6,5.1,7.6,18.8,10.7,5.4,7.6,9.2,7.1,4.6,4.6,6.5,5.4,7.7,14.8,4.2,4.1,8.7,11.9,4.7,7.2,6.8,9.6,12.1,16.6,9.4,7.3,4.6,6.8,4,3.9,12.4,12.1,8.2,8.9,7.1,14.6,3.9,16.6,7.4,,,,,,,,,,,,,,,,,,,,,,,,,,,,,,,,,,,,,,,,,29.3,27.6,29.5,27.1,29.7,29,29.9,29.3,29.5,28.5,28.6,27.7,29.3,29,28.7,29.6,29.8,27.9,29.7,29.6,29.4,29.6,29.8,28.1,28.4,30.1,29.5,28.5,29.1,29.5,29.4,73,84,74,84,65,77,70,75,74,75,79,84,75,76,77,71,74,80,72,73,74,69,72,73,78,70,73,71,74,64,66,0,0.6,0,0.3,0,0.1,0.1,0.5,0.4,0.1,0.2,0.7,0.6,0.1,0.6,0,0.8,0.3,0.1,0,0,0,0.2,0.2,0.6,0.4,0,0,0.2,0,0,17.1,31,10.5,13.7,5.9,13.1,9,21.3,18.3,15.5,9.5,27.2,15,10.7,22.6,16.9,14.9,20.4,12.3,17.5,16.3,11.4,13.1,1.1,7.9,8.2,8,11.3,15.6,3.7,8.3,18.4,38.2,12.2,15.8,7.2,14.4,11.2,25.2,20.5,18.4,11.2,29.5,18,12.6,28.1,20.5,16.6,28.1,15.8,20.2,18.4,15.1,12.6,5.4,12.6,11.2,9,14,17.3,7.2,11.2,,,,,,22.2204,114.2127
2026-08-31T13:00,28.4,31.7,30.5,29.5,28.8,27.5,27,30.7,31.1,30.3,29.4,28.5,28.1,27,31.4,25.6,28.5,29.1,31.5,27.7,26.7,28.6,28,27.6,30.9,26.9,30.9,30.4,27.8,28.7,30.7,29.9,27.6,29.1,30.5,30.6,31.4,28.3,29.3,29.3,84,72,76,78,80,86,91,72,74,76,81,85,84,89,67,92,82,81,70,88,90,80,83,90,73,87,71,72,87,83,74,75,87,79,72,74,69,87,82,79,0.6,0.1,0.5,0.3,0,0.6,3.4,0.1,0.3,0.6,0.5,0.7,0.6,1.1,0.2,0.3,0.1,0.1,1,1,0.7,0.1,0,1.8,0.1,2.1,0,0,0.1,0.4,0.6,0.1,0.5,1.7,0.1,0,1.1,0.5,0.1,0,6,5.6,6.4,19.6,10.8,4.7,7.2,9.8,7.9,2.2,4.3,7.4,6.5,7.2,13.3,4.8,3.7,12.5,11.5,3.7,6,7.3,7.9,11.9,17.3,7.4,8,5.9,7.6,4,3.9,14.8,10.7,7.9,10.6,8.4,14.8,4.5,14.8,6.7,,,,,,,,,,,,,,,,,,,,,,,,,,,,,,,,,,,,,,,,,29,27.7,29.6,27.5,29.8,29.1,29.7,29.2,29.6,28.5,28.5,27.8,29.3,28.9,29.1,29.7,29.9,28.1,30.2,29.7,29.4,29.6,29.9,28.1,28.5,30.2,29.5,28.4,29.1,29.6,29.5,74,83,72,80,67,77,71,76,74,74,79,84,74,76,74,71,74,80,71,73,74,71,72,73,77,69,73,72,73,64,65,0,0.6,0,0.3,0,0.1,0.1,0.5,0.4,0.1,0.2,0.7,0.6,0.1,0.6,0,0.8,0.3,0.1,0,0,0,0.2,0.2,0.6,0.4,0,0,0.2,0,0,18.5,30.7,9.4,10.5,8.8,12.8,12.8,21.4,17.3,11.2,10.2,29.5,14.5,8.6,21.1,18,14,19.8,9.1,18.4,15.9,14,13.7,3.1,7.1,10,7.9,9.4,14.4,2,8.8,19.4,37.8,10.8,13,9.4,13.7,15.1,24.8,18.4,14.4,11.9,32,18,10.4,27,21.6,15.8,25.6,11.5,20.5,17.6,18,12.6,6.8,15.5,13,8.6,12.2,15.8,7.6,11.9,,,,,,22.2204,114.2127
2026-08-31T14:00,28.3,32,30.8,29.5,29.5,27.5,26.9,30.6,31.3,30.4,29.5,28.6,28.1,26.9,31.3,25.9,28.3,29.5,31.6,27.7,27.1,29.4,28.3,27.6,31.2,27.2,31,31,28,28.8,30.8,30.3,28,29,30.5,30.9,31.5,28.3,29.7,29.8,84,71,75,78,77,86,93,72,73,75,81,85,84,89,68,90,83,80,70,88,88,77,83,91,71,86,71,68,86,83,73,73,86,80,72,72,70,86,80,77,0.6,0.1,0.5,0.3,0,0.6,3.4,0.1,0.3,0.6,0.5,0.7,0.6,1.1,0.2,0.3,0.1,0.1,1,1,0.7,0.1,0,1.8,0.1,2.1,0,0,0.1,0.4,0.6,0.1,0.5,1.7,0.1,0,1.1,0.5,0.1,0,5.4,6.1,4.4,19.8,11.2,4,6.9,10,7.7,1.6,5.3,7.9,6.9,6.6,11.8,5.7,3.9,15.4,11.3,3.1,5.2,7.5,6.9,11.9,17,5.6,8.6,7,7.9,4.3,3.8,16.8,9.6,7.9,11.5,7.9,14.7,4.8,13,5.2,,,,,,,,,,,,,,,,,,,,,,,,,,,,,,,,,,,,,,,,,28.8,27.8,29.7,27.9,29.8,29.2,29.6,29.2,29.6,28.5,28.3,28,29.4,28.9,29.4,29.8,29.9,28.3,30.4,29.7,29.4,29.5,29.9,28,28.7,30.1,29.4,28.4,29.1,29.7,29.6,75,82,71,77,69,76,73,76,74,74,80,83,74,76,73,72,74,80,70,73,74,72,72,73,77,69,73,72,73,65,65,0,0.6,0,0.3,0,0.1,0.1,0.5,0.4,0.1,0.2,0.7,0.6,0.1,0.6,0,0.8,0.3,0.1,0,0,0,0.2,0.2,0.6,0.4,0,0,0.2,0,0,18.9,29.7,8.7,9.1,11.8,12.7,15.9,20.9,15.5,8.8,11.7,29.9,13.8,7.2,20.5,19.3,13.4,18.8,6.8,19.1,15,16.7,13.5,5.8,8.9,13,8.2,8.7,14.2,2.9,8.7,20.2,36.7,9.4,11.5,11.5,13.3,18,24.1,15.8,11.5,13.3,32.8,16.9,8.6,26.3,22.7,14.8,23,8.6,20.9,16.2,20.2,12.2,7.9,16.9,14.4,8.6,11.2,15.1,8.6,11.9,,,,,,22.2204,114.2127
2026-08-31T15:00,28.4,31.7,30.6,29.1,29.9,27.5,27,30.3,31.1,30.1,29.3,28.5,27.8,27,30.8,26.2,28,29.2,31,27.9,27.4,29.7,28.8,27.6,31.3,27.6,30.7,31.1,28.3,28.8,30.7,30.2,28,29,30,31,31.4,28.3,30.4,30.1,84,72,76,80,77,86,93,74,73,76,82,85,85,89,72,88,84,81,72,87,87,75,82,91,72,85,72,68,84,83,73,74,86,81,75,70,71,86,78,76,0,1.3,2.3,1.2,0.6,0.6,1.2,0.9,1.6,2.2,2.4,0.7,1.8,0.5,2.6,0,0.7,1.6,2.1,0.8,0.6,0.5,0,0.3,1.1,0,0,0.1,0,0,1.1,2.8,0.6,0.7,4.2,0,2.1,0.8,0,0,4.3,5.2,1.3,19,12.2,3.3,6.7,10,5.5,2.3,3.6,7.5,6.9,6.6,10,6.2,4.6,15.6,11.6,3.5,5.6,8.1,6.6,12.3,14.6,3,8.8,7.2,8,4.8,3.3,16.9,9.3,8.2,9.9,4.5,14.5,4.7,10.9,2.2,,,,,,,,,,,,,,,,,,,,,,,,,,,,,,,,,,,,,,,,,28.5,27.7,29.6,28.1,29.6,29.2,29.5,29.1,29.5,28.8,28.1,28.2,29.4,28.9,29.3,29.7,29.8,28.5,30.2,29.7,29.4,29.4,29.8,27.8,28.7,29.7,29.3,28.4,29,29.9,29.6,75,82,71,77,71,76,74,76,74,74,81,82,74,76,74,73,74,79,70,74,74,73,72,74,76,70,73,72,73,66,65,0,1.1,0,0.1,0.9,0.1,0,0.2,0.3,0.3,0.1,0.7,0.4,0.3,0,0.1,0.5,0,0,0,0,0.1,0.1,0.3,0.1,1.5,0,0,0.5,0,0,17.7,26.7,8,10.3,13.5,12.7,17.3,19.5,11.6,8.7,14.7,28.2,10.9,6.6,20.6,20.6,12,17.8,6.3,19.4,13.5,18.4,11.8,7,10,14.4,8.4,8.7,14.8,5.4,7.2,19.1,34.2,8.3,13,13.3,13,18.7,22,13.7,9.7,16.2,30.6,13.7,7.6,25.9,24.1,13.3,21.2,8.3,20.5,14.4,22,11.5,8.6,16.2,15.5,8.3,11.2,15.8,10.8,10.4,,,,,,22.2204,114.2127
2026-08-31T16:00,28.5,31.1,30.1,28.5,30,27.4,27.2,29.7,30.6,29.4,28.8,28.4,27.4,27.1,29.9,26.5,27.7,28.4,30,28.1,27.6,29.8,29.3,27.6,31.1,28,30.2,30.7,28.6,28.8,30.3,29.8,27.8,28.9,29.2,31.1,31.1,28.2,31.1,30.3,83,74,78,83,78,87,91,77,75,79,83,85,86,89,79,86,86,83,76,85,86,74,81,90,74,84,74,70,82,83,74,77,87,83,81,68,73,86,75,75,0,1.3,2.3,1.2,0.6,0.6,1.2,0.9,1.6,2.2,2.4,0.7,1.8,0.5,2.6,0,0.7,1.6,2.1,0.8,0.6,0.5,0,0.3,1.1,0,0,0.1,0,0,1.1,2.8,0.6,0.7,4.2,0,2.1,0.8,0,0,3.7,4.8,2.7,17.1,13.4,3.1,6.4,11.4,6.1,3.6,0.5,6.7,6.1,6.9,8.3,7.1,5.1,15,12,4.3,6.9,8.2,6.9,12.8,11.7,0.7,8.8,7.2,8,5.4,2.8,16.6,9.5,8.4,7.4,1.5,14.1,4.3,9.1,1.9,,,,,,,,,,,,,,,,,,,,,,,,,,,,,,,,,,,,,,,,,28.3,27.6,29.5,28.3,29.4,29.2,29.4,28.9,29.5,29.1,27.9,28.4,29.4,29,29.1,29.6,29.6,28.8,29.8,29.6,29.5,29.3,29.7,27.6,28.7,29.2,29.2,28.5,29,30.1,29.6,76,83,71,78,73,76,75,77,75,75,82,80,74,76,76,74,74,78,71,75,73,74,72,77,76,73,74,72,74,67,66,0,1.1,0,0.1,0.9,0.1,0,0.2,0.3,0.3,0.1,0.7,0.4,0.3,0,0.1,0.5,0,0,0,0,0.1,0.1,0.3,0.1,1.5,0,0,0.5,0,0,15.5,23.2,7.2,12.2,14.5,12.6,17.3,17.6,7.2,10,18.1,25.2,7.4,6.6,21.2,21.7,10.8,17,8.2,19,12,19.6,9.7,7.6,10.3,14.8,8,8.7,15.5,8.1,4.8,17.6,31.3,7.6,16.2,15.1,12.2,18.7,19.1,11.9,9.4,20.2,27.4,9.7,6.8,25.6,25.6,11.5,19.4,9.4,20.2,12.6,23,10.4,9,14.4,16.6,8.3,11.5,17.3,13.7,8.3,,,,,,22.2204,114.2127
2026-08-31T17:00,28.5,30.5,29.6,28,29.9,27.4,27.4,29.2,30.1,28.8,28.3,28.2,27.1,27.2,29.1,26.7,27.5,27.9,29.2,28.2,27.7,29.7,29.6,27.6,30.7,28.2,29.7,30.3,28.7,28.6,29.9,29.5,27.5,28.8,28.5,30.9,30.8,28,31.3,30.2,83,76,80,85,79,87,90,81,77,82,85,85,87,89,84,85,88,85,79,84,86,75,81,90,76,84,76,73,82,84,76,79,88,84,86,69,75,87,74,76,0,1.3,2.3,1.2,0.6,0.6,1.2,0.9,1.6,2.2,2.4,0.7,1.8,0.5,2.6,0,0.7,1.6,2.1,0.8,0.6,0.5,0,0.3,1.1,0,0,0.1,0,0,1.1,2.8,0.6,0.7,4.2,0,2.1,0.8,0,0,4.1,4.5,5.8,14.8,14.1,3.5,7.2,12.8,7.6,3.9,2.1,5.4,5.8,7.4,7.6,7.4,5.6,14.7,11.3,5,7.2,8.4,7.6,12.8,9.4,2.1,8,6.5,7.9,5.8,2.6,15.6,9.2,8.5,5.1,4.8,13.5,4.1,8.7,5.5,,,,,,,,,,,,,,,,,,,,,,,,,,,,,,,,,,,,,,,,,28.1,27.5,29.4,28.4,29.2,29.1,29.3,28.8,29.4,29.2,27.8,28.5,29.4,29.1,29,29.5,29.4,28.9,29.5,29.4,29.6,29.2,29.6,27.4,28.7,28.8,29.1,28.6,28.9,30.2,29.6,76,84,71,79,75,76,76,77,75,76,83,79,75,76,78,75,75,78,72,76,73,75,72,78,76,75,75,72,75,68,67,0,1.1,0,0.1,0.9,0.1,0,0.2,0.3,0.3,0.1,0.7,0.4,0.3,0,0.1,0.5,0,0,0,0,0.1,0.1,0.3,0.1,1.5,0,0,0.5,0,0,13.6,20.3,6.5,15,14.7,12.2,16.3,15,5.2,13.2,21,21.6,4.7,6.5,21.2,22.1,10.1,15.8,9.7,17.7,10,19.1,8.3,8,10.2,14.8,7.2,8.8,16.1,9.7,3.4,16.2,28.4,6.8,19.8,15.8,11.9,17.6,16.6,10.4,14.4,23,24.5,6.8,6.8,25.2,26.3,10.1,18.4,9.7,20.2,10.4,23.4,9.4,9,12.6,16.9,7.9,11.9,18.4,15.8,6.5,,,,,,22.2204,114.2127
2026-08-31T18:00,28,29.6,28.8,28.2,29.4,27.2,27.2,28.8,29.4,28.6,28.2,27.8,27,27.2,29.4,26.2,27.4,28.4,29.4,27.7,27.1,28.5,28.6,27.4,29.6,27,29.3,29.6,27.7,28.3,28.9,29.5,27.2,28.8,28.1,29.5,30.1,27.5,29.4,28.9,86,80,85,85,81,88,91,85,81,85,87,88,87,91,83,89,88,83,80,88,90,81,83,92,80,91,81,79,90,87,79,78,89,83,86,79,79,90,82,83,0,2.1,2.8,0.7,0,0.3,0.5,1.2,2.4,1,0.7,0.2,0.3,0.2,0.2,0.1,0.3,0,0.4,0,0.7,0.1,0.6,1.3,3.2,0.8,0,0.4,0,0,0.3,0.8,1,0,5,0.1,1.1,0.4,1.3,0,4.2,4.5,4.3,11.5,11.4,2.4,9.5,3.7,4.3,2.4,1.1,5.4,6.3,6,8.6,6,5.2,16.6,5.2,4,4.2,6.4,9.7,12.1,11.5,3.6,4.3,3.8,6.5,3.6,4.6,13.2,6.6,7.3,7.1,0.7,8,2.8,13.4,6.9,,,,,,,,,,,,,,,,,,,,,,,,,,,,,,,,,,,,,,,,,28.1,27.5,29.3,28.5,29,28.9,29.1,28.6,29.2,28.9,27.8,28.4,29.4,28.9,28.9,29.2,29.3,28.8,29.2,29,29.5,28.8,29.4,27.4,28.6,28.5,28.8,28.6,28.8,30.2,29.4,77,84,71,79,76,77,77,77,76,77,83,80,75,77,79,76,76,79,73,77,74,77,73,78,76,76,76,73,76,69,68,0,1,0.1,0.7,0.3,0,0.8,1.4,0.4,3.2,0.2,0.7,0,1.8,0.3,0.4,1.3,0.6,0,0.9,0.1,2.8,1.1,0.1,0.1,1.5,1.8,0.1,0.8,0,0.8,13.3,17.6,5.4,18.7,12.8,11.9,13.7,12.4,4.7,23.1,22.3,16.3,4.5,6.9,19.9,20.8,9,15.4,8.9,15.3,6.6,15.9,7.9,8.4,10.1,14.5,5.5,9,15.5,9.2,2.4,15.8,25.9,6.1,24.1,14.4,11.5,14.8,15.1,10.1,29.9,24.8,23,6.8,7.6,24.1,25.2,9,17.3,8.3,20.9,7.9,22,8.6,9,11.9,16.6,7.6,12.2,18.7,16.2,6.1,,,,,,22.2204,114.2127
2026-08-31T19:00,27.9,28.8,28.2,27.8,29.2,27.1,27.3,28.2,28.7,28,27.8,27.6,26.7,27.2,28.7,26.3,27.1,28,28.8,27.7,27.1,28.1,28.5,27.3,29,26.9,28.7,29.1,27.5,28.1,28.3,29.2,27,28.7,27.3,29,29.6,27.2,29.2,28.5,86,83,87,87,82,88,91,88,84,88,89,89,88,91,87,89,90,84,83,89,91,83,84,92,82,92,84,83,91,88,81,80,90,83,90,82,81,91,82,85,0,2.1,2.8,0.7,0,0.3,0.5,1.2,2.4,1,0.7,0.2,0.3,0.2,0.2,0.1,0.3,0,0.4,0,0.7,0.1,0.6,1.3,3.2,0.8,0,0.4,0,0,0.3,0.8,1,0,5,0.1,1.1,0.4,1.3,0,4.6,3.6,6.1,8.8,11.4,2.9,9.8,3,6,3.4,3.1,5.2,6.2,6.4,7.7,6,5.3,16.9,3.7,4,4,6,10.8,12,10.5,4,3.5,3.4,6,2.8,4.6,12.1,6,7.1,5.6,3.1,6.4,2.3,13.8,9.4,,,,,,,,,,,,,,,,,,,,,,,,,,,,,,,,,,,,,,,,,28.1,27.5,29.1,28.4,28.8,28.7,28.8,28.4,29.1,28.4,27.9,28.1,29.4,28.7,28.9,29,29.1,28.5,29,28.5,29.4,28.4,29.2,27.4,28.4,28.4,28.5,28.5,28.7,30,29.1,78,84,72,80,77,78,78,78,76,79,82,81,76,79,80,78,77,80,75,79,75,80,75,78,77,77,78,75,76,71,70,0,1,0.1,0.7,0.3,0,0.8,1.4,0.4,3.2,0.2,0.7,0,1.8,0.3,0.4,1.3,0.6,0,0.9,0.1,2.8,1.1,0.1,0.1,1.5,1.8,0.1,0.8,0,0.8,13.7,14.9,3.9,22.5,9.4,11.2,10.5,9.7,5.3,38.2,23,14.8,5.4,7.3,18.2,18.3,8,15.1,6.6,16.6,1.9,13.5,7.2,8.7,9.7,14.2,2.9,9.1,14.1,10,3.3,16.2,24.1,5.8,29.2,12.2,11.2,11.2,14,10.1,50.4,25.6,22.3,7.9,8.6,23,23,8.3,16.6,6.5,22.3,5,19.8,7.9,8.6,11.2,15.5,6.8,12.2,18.7,16.2,6.1,,,,,,22.2204,114.2127
2026-08-31T20:00,27.8,28.2,27.8,27.5,29.1,27,27.3,27.8,28.2,27.6,27.5,27.4,26.5,27.3,28.3,26.3,26.9,27.7,28.3,27.6,27,27.8,28.4,27.3,28.6,26.9,28.2,28.7,27.4,27.9,27.9,28.8,26.8,28.5,26.9,28.6,29.2,27,29.1,28.2,87,85,89,88,83,89,90,91,86,90,91,90,89,91,90,89,91,85,85,89,91,85,84,92,84,93,87,85,92,89,83,81,91,84,93,84,83,92,83,87,0,2.1,2.8,0.7,0,0.3,0.5,1.2,2.4,1,0.7,0.2,0.3,0.2,0.2,0.1,0.3,0,0.4,0,0.7,0.1,0.6,1.3,3.2,0.8,0,0.4,0,0,0.3,0.8,1,0,5,0.1,1.1,0.4,1.3,0,5.1,3.3,6.6,7,11.6,3.3,10.2,3.3,7.6,4.1,4.3,5.5,6.3,7.4,7,6.2,5.6,17,2.9,4.3,4,6,11.5,12,10,4,3.1,3.5,5.2,2.3,4.7,12.1,5.5,6.9,4.7,4.6,5.3,2.2,14.1,11.1,,,,,,,,,,,,,,,,,,,,,,,,,,,,,,,,,,,,,,,,,28.2,27.6,29,28.4,28.6,28.6,28.7,28.3,28.9,28,27.9,27.8,29.3,28.6,28.8,28.8,28.9,28.4,28.8,28.2,29.3,28.1,29,27.4,28.3,28.2,28.1,28.5,28.7,29.8,28.9,79,84,73,80,78,79,78,78,77,80,82,83,77,80,81,79,78,80,76,80,76,82,76,78,78,78,79,77,77,72,71,0,1,0.1,0.7,0.3,0,0.8,1.4,0.4,3.2,0.2,0.7,0,1.8,0.3,0.4,1.3,0.6,0,0.9,0.1,2.8,1.1,0.1,0.1,1.5,1.8,0.1,0.8,0,0.8,13.5,13.4,2.9,26.1,7.6,10.5,7.8,7.7,7,48.7,23.2,17.1,6.1,7.8,17.7,17,8.6,15.1,5.1,19.5,1.6,14.8,6,7.9,9.5,12.9,1.6,8.8,13.4,13,4,15.8,23,6.1,33.1,11.2,10.8,9,13.3,10.8,64.8,26.3,22.3,9.4,9.4,23,22,9,17.3,5,23,4,19.4,7.6,8.3,10.8,14.4,6.8,11.9,18.7,16.9,6.5,,,,,,22.2204,114.2127
2026-08-31T21:00,27.7,27.9,27.6,27.4,28.9,27,27.3,27.6,27.9,27.3,27.3,27.3,26.4,27.4,28,26.4,26.8,27.5,28.1,27.5,27,27.6,28,27.3,28.4,26.9,27.8,28.5,27.3,27.8,27.6,28.5,26.7,28.4,26.7,28.3,29,26.9,28.9,27.9,88,86,90,89,83,89,90,93,87,91,92,90,89,90,91,89,92,85,86,89,91,86,85,92,84,94,89,86,93,90,84,81,91,84,94,85,84,93,84,89,0,0.1,0.4,0.1,0,0,0.3,1.1,1.7,0,0.8,0,0.2,0,0.1,0,0.4,0.3,0,0.2,0.1,0,2.6,1,0.4,5.4,2.6,0.1,0,0.1,0.1,0,0.1,0.1,0.2,0.1,0.1,0,0.8,21.8,5.4,2.9,5.9,6,11.8,3.9,10.5,3.1,8.7,4,4.8,5.4,6.4,8.1,5.7,6.4,5.8,16.7,2.7,4.3,4.3,6,12.1,12.1,10.2,3.3,2.9,4,4.6,1.5,4.8,12.9,4.9,6.9,4.2,5.6,5,2.3,14.3,11.9,,,,,,,,,,,,,,,,,,,,,,,,,,,,,,,,,,,,,,,,,28.2,27.8,28.9,28.3,28.4,28.5,28.7,28.2,28.7,27.8,27.8,27.4,29.1,28.5,28.6,28.7,28.7,28.4,28.7,28.1,29.1,28.1,28.7,27.4,28.2,28.2,27.9,28.4,28.6,29.6,28.8,79,83,75,80,79,79,78,78,77,80,83,86,79,80,81,79,79,79,77,80,77,83,77,77,78,78,80,78,77,73,73,0.5,0.6,0,1,1.8,0,1.5,1.9,0.9,0.2,0.5,1.4,0.1,1.2,0.3,0.6,0.9,1.3,0.2,0.1,0.1,2.3,0.9,0,0,1.4,3.2,0.1,0.2,0,0.2,11.8,14.1,3.7,28.1,8.4,9.7,7.1,5.5,8,49.9,23.9,16.9,6.6,7.7,18.4,17.6,11.4,15.4,4.6,19.6,4,16.6,2.8,5.4,8.3,10.2,1.6,6.8,13.2,15.1,3.8,14,24.1,7.2,34.6,12.2,10.4,10.4,13,11.5,67,26.6,23,10.1,9.4,25.2,23,12.6,20.9,4.3,22.3,5.4,23,7.2,7.2,10.1,12.2,7.6,9.7,18.7,20.2,6.5,,,,,,22.2204,114.2127
2026-08-31T22:00,27.6,27.6,27.4,27.4,28.7,26.9,27.3,27.4,27.7,27.1,27.1,27.2,26.4,27.4,27.9,26.4,26.8,27.4,27.9,27.4,26.9,27.4,27.5,27.4,28.2,26.9,27.5,28.3,27.3,27.8,27.4,28.2,26.6,28.2,26.7,28.1,28.8,26.7,28.7,27.6,88,88,89,90,83,90,89,93,88,92,93,90,89,89,92,89,92,85,87,90,92,88,85,91,84,94,91,86,93,90,86,82,92,84,94,87,83,94,84,90,0,0.1,0.4,0.1,0,0,0.3,1.1,1.7,0,0.8,0,0.2,0,0.1,0,0.4,0.3,0,0.2,0.1,0,2.6,1,0.4,5.4,2.6,0.1,0,0.1,0.1,0,0.1,0.1,0.2,0.1,0.1,0,0.8,21.8,5.9,2.6,4.5,5.4,12.5,4,10.5,2.7,9.1,4,4.6,6,6.4,8.9,3.9,6.6,5.8,16.5,3.1,4.4,4.5,6,12.9,12.2,10.8,2.6,2.7,4.4,4,0.4,4.7,14.4,4.7,6.9,4.3,6.1,5.4,2.1,13.8,11.7,,,,,,,,,,,,,,,,,,,,,,,,,,,,,,,,,,,,,,,,,28.2,28,28.8,28.1,28.1,28.4,28.8,28.3,28.5,27.8,27.6,26.9,28.8,28.4,28.4,28.7,28.6,28.5,28.6,28.1,29,28.1,28.4,27.5,28.1,28.2,27.6,28.3,28.5,29.4,28.7,80,83,77,81,80,80,77,79,78,79,84,89,81,80,80,78,79,78,78,79,78,82,77,76,79,78,81,79,78,73,74,0.5,0.6,0,1,1.8,0,1.5,1.9,0.9,0.2,0.5,1.4,0.1,1.2,0.3,0.6,0.9,1.3,0.2,0.1,0.1,2.3,0.9,0,0,1.4,3.2,0.1,0.2,0,0.2,9.8,16.3,5.8,29.9,10.5,9.4,9.9,3.7,8.7,46.1,24.2,18.8,8.2,7.2,20.9,18.7,15.5,17.6,4.4,17.7,7.2,18.3,2.2,2.6,6.8,7.1,2.2,4.1,13.9,17.4,5.1,11.9,26.3,8.6,35.3,14.8,9.7,13.3,13.3,12.6,62.6,26.3,24.8,10.8,8.6,28.4,24.8,17.6,25.6,4.3,20.9,8.3,28.8,7.6,5.8,9,9.7,8.3,7.2,18.7,24.1,6.8,,,,,,22.2204,114.2127
2026-08-31T23:00,27.4,27.5,27.4,27.4,28.5,26.8,27.2,27.3,27.5,26.9,27,27.1,26.4,27.5,27.8,26.4,26.7,27.3,27.8,27.2,26.9,27.1,27,27.4,28,27,27.1,28.1,27.3,27.8,27.2,27.8,26.5,28,26.8,27.9,28.7,26.6,28.6,27.3,89,89,89,90,83,91,89,94,89,92,94,90,89,88,92,90,92,85,88,91,92,90,86,90,84,95,93,86,93,90,87,82,92,84,94,88,83,95,85,92,0,0.1,0.4,0.1,0,0,0.3,1.1,1.7,0,0.8,0,0.2,0,0.1,0,0.4,0.3,0,0.2,0.1,0,2.6,1,0.4,5.4,2.6,0.1,0,0.1,0.1,0,0.1,0.1,0.2,0.1,0.1,0,0.8,21.8,6.4,2.5,4.3,5.4,13,4.4,10.8,2.2,9.2,3.9,4.1,6.6,6.4,9.8,1.8,6.9,6,16.6,3.6,4.6,5.2,6.3,14,12.5,11.6,2.1,3,5.1,3.7,1.4,4.9,16,5.1,6.9,5.2,6.6,5.9,2.3,13.4,12.3,,,,,,,,,,,,,,,,,,,,,,,,,,,,,,,,,,,,,,,,,28.1,28.1,28.7,27.9,27.9,28.4,28.7,28.3,28.4,27.8,27.5,26.6,28.6,28.4,28.2,28.7,28.4,28.4,28.6,28.1,28.8,28.2,28.2,27.5,28,28,27.3,28.2,28.4,29.1,28.6,80,82,78,81,81,80,77,79,78,78,85,91,83,80,80,78,79,77,79,79,78,82,78,76,79,78,83,79,78,74,76,0.5,0.6,0,1,1.8,0,1.5,1.9,0.9,0.2,0.5,1.4,0.1,1.2,0.3,0.6,0.9,1.3,0.2,0.1,0.1,2.3,0.9,0,0,1.4,3.2,0.1,0.2,0,0.2,9.7,18.4,7.9,31.2,13,8.7,13.5,3.8,10.1,42.4,24.5,23.1,10.8,6.2,23.1,19.3,18,20,3.9,16.4,9.2,21.1,5.2,2.5,6.4,6.2,1.8,2.5,14.5,19.1,5.2,11.9,27.7,10.4,35.6,17.6,9.4,16.6,13.3,14.4,59,26.3,26.3,11.9,8.3,30.6,26.3,22,29.2,4.3,20.5,10.4,33.8,8.3,5,9,10.1,9,5.4,19.1,27.4,8.6,,,,,,22.2204,114.2127
2026-09-01T00:00,27.3,27.4,27.3,27.4,28.2,26.7,27.1,27.3,27.4,26.8,26.9,27.1,26.4,27.6,27.7,26.5,26.7,27.2,27.7,27.1,26.9,26.9,26.4,27.5,27.9,27,26.8,28,27.2,27.7,27.1,27.4,26.5,27.8,26.9,27.7,28.6,26.4,28.4,27,90,89,88,90,82,91,88,94,90,91,94,90,89,87,92,90,92,84,88,92,93,91,87,89,83,95,95,86,94,91,89,81,92,84,93,89,82,96,86,93,0,0.1,0.4,0.1,0,0,0.3,1.1,1.7,0,0.8,0,0.2,0,0.1,0,0.4,0.3,0,0.2,0.1,0,2.6,1,0.4,5.4,2.6,0.1,0,0.1,0.1,0,0.1,0.1,0.2,0.1,0.1,0,0.8,21.8,6.9,3.4,6,5.5,13.7,4.6,11.1,2.1,9.4,4.3,3.8,7.2,6.6,10.8,1.9,6.9,5.9,16.8,4.1,4.8,5.8,6.4,16,12.8,12.6,3.6,2.9,5.9,3.6,2.9,4.7,18.1,5.5,6.9,6.2,6.9,6.6,2.6,13.2,12.3,,,,,,,,,,,,,,,,,,,,,,,,,,,,,,,,,,,,,,,,,28,28.1,28.6,27.7,27.7,28.3,28.2,28.3,28.3,27.9,27.4,26.5,28.3,28.3,28,28.4,28.4,28,28.4,28,28.7,28.2,28,27.4,27.9,27.4,26.9,28.1,28.3,28.9,28.5,80,82,78,82,82,80,79,79,79,76,85,91,84,80,80,79,79,79,79,80,78,81,79,76,79,81,86,79,79,75,77,0.7,0.1,0.2,1.9,1.9,0,0.6,1.4,1.5,0.1,1.4,1.4,1.7,0.4,0,2,2.2,0.7,0.8,0.1,0.1,1.8,0.6,0.4,0.1,1.6,5.3,0.6,0.8,0,1.2,13,18.9,9.4,32.3,16,8,17.1,4.8,12.7,40.6,24.1,24.9,13.4,4.5,23.8,18.6,18,21.2,2.5,17.2,9,24.8,7.4,4.1,7.2,9.9,1.1,2.9,15.2,20.2,5,15.5,27,12.6,37.4,21.6,8.6,19.8,13.3,16.9,59.8,25.9,27.7,14.4,7.6,31,27.4,24.1,29.9,4.7,22,10.8,38.2,10.8,5.4,10.4,16.2,9.4,5.8,19.8,29.2,13.3,,,,,,22.2204,114.2127
2026-09-01T01:00,27.3,27.3,27.3,27.5,28,26.7,27.1,27.2,27.2,26.7,26.9,27.1,26.5,27.7,27.7,26.5,26.8,27.1,27.7,27,26.9,26.8,25.9,27.5,27.8,27,26.6,27.9,27.2,27.6,27,27.1,26.5,27.6,27,27.6,28.5,26.4,28.2,26.8,90,90,87,90,81,91,88,94,90,91,94,90,89,85,92,90,92,83,88,92,93,92,88,89,82,95,96,85,93,90,90,81,91,84,92,89,81,97,86,94,0,0.1,0.4,0.1,0,0,0.3,1.1,1.7,0,0.8,0,0.2,0,0.1,0,0.4,0.3,0,0.2,0.1,0,2.6,1,0.4,5.4,2.6,0.1,0,0.1,0.1,0,0.1,0.1,0.2,0.1,0.1,0,0.8,21.8,7.1,4.1,8.6,6,14.5,4.8,11.9,2.4,9.7,4.9,3.3,8.6,6.6,11.6,4,7.4,6.2,17.5,4.6,5.2,6.8,6.9,17.4,13.2,13.4,5.2,3.2,6.9,4.7,4.7,5.1,19.7,6.6,7.1,7.2,7.1,7.4,2.7,13.1,12.7,,,,,,,,,,,,,,,,,,,,,,,,,,,,,,,,,,,,,,,,,27.9,28,28.5,27.4,27.5,28.2,27.5,28.2,28.2,28,27.3,26.7,28,28.2,27.9,28.1,28.3,27.5,28.3,27.9,28.6,28.1,27.8,27.3,27.9,26.6,26.4,27.9,28.2,28.6,28.3,80,82,77,83,83,81,83,79,80,74,85,89,84,81,80,80,79,81,78,81,77,81,81,77,80,84,89,79,79,75,79,0.7,0.1,0.2,1.9,1.9,0,0.6,1.4,1.5,0.1,1.4,1.4,1.7,0.4,0,2,2.2,0.7,0.8,0.1,0.1,1.8,0.6,0.4,0.1,1.6,5.3,0.6,0.8,0,1.2,18.4,18.5,11.2,32.9,21,7.2,20.6,5.5,15.5,39.3,23.4,25.7,15.6,2.5,23.3,19.5,17.6,22.2,2.7,19,8.1,29.7,10.5,5.4,8.9,16.5,5,4,16.2,20.8,12.2,21.2,25.2,14.8,39.6,25.9,7.9,23.4,13.3,20.2,60.8,25.2,29.2,17.6,6.5,30.2,28.1,25.6,29.5,5.4,24.1,10.4,42.1,14,6.8,12.2,25.2,9.4,6.8,20.9,29.9,19.1,,,,,,22.2204,114.2127
2026-09-01T02:00,27.3,27.2,27.3,27.5,27.8,26.8,27,27.1,27.1,26.6,26.9,27,26.5,27.7,27.6,26.6,26.8,27.1,27.8,26.9,26.9,26.8,25.6,27.6,27.7,27,26.5,27.9,27.3,27.5,27,26.9,26.6,27.5,27.1,27.5,28.4,26.3,28,26.6,90,90,86,90,81,91,87,94,90,91,94,89,89,84,91,89,92,83,88,92,92,92,88,88,81,94,96,85,93,90,90,81,91,84,91,89,81,97,86,95,0,0.1,0.4,0.1,0,0,0.3,1.1,1.7,0,0.8,0,0.2,0,0.1,0,0.4,0.3,0,0.2,0.1,0,2.6,1,0.4,5.4,2.6,0.1,0,0.1,0.1,0,0.1,0.1,0.2,0.1,0.1,0,0.8,21.8,7.7,4.4,10.5,6.4,15.3,5.1,12.6,3.3,10,5.3,3.4,9.6,6.6,12.9,5.9,7.7,6.8,18.2,5.1,5.4,7.6,7.1,18.5,13.5,14.2,7,4,7.5,6.2,6.2,5.4,20.8,7.3,7.1,8.4,7.7,7.9,3,13.8,12.2,,,,,,,,,,,,,,,,,,,,,,,,,,,,,,,,,,,,,,,,,27.7,28,28.4,27.1,27.3,28.2,27,28.2,28.1,28.1,27.3,26.8,27.8,28.1,27.8,27.9,28.2,27.1,28.2,27.8,28.5,28.1,27.6,27.3,27.8,26.1,26,27.8,28.1,28.4,28.1,81,82,77,83,84,81,85,79,80,73,84,88,84,81,80,81,79,83,78,82,77,80,82,78,80,86,92,79,80,76,80,0.7,0.1,0.2,1.9,1.9,0,0.6,1.4,1.5,0.1,1.4,1.4,1.7,0.4,0,2,2.2,0.7,0.8,0.1,0.1,1.8,0.6,0.4,0.1,1.6,5.3,0.6,0.8,0,1.2,22.4,18.3,13,32,26,6.9,22.2,5.2,18.3,35.7,23.2,26.3,16.4,3.4,22.9,20.9,17.8,22.7,4.8,21.2,8,33.2,13.3,7.1,10.3,20.7,7.9,5.4,17.4,20.8,18.9,25.6,24.1,16.6,39.2,30.2,7.9,25.6,13.3,23.4,58.7,25.6,31,19.1,7.6,29.5,27.7,25.6,29.2,6.8,27,10.4,44.6,16.2,9,13.7,30.2,9.4,8.3,22,29.5,23.8,,,,,,22.2204,114.2127
2026-09-01T03:00,27.3,27.1,27.3,27.5,27.5,26.8,27,27,27,26.6,26.9,27,26.6,27.7,27.5,26.6,26.8,27,27.8,26.9,27,26.8,25.6,27.5,27.6,26.9,26.6,27.8,27.3,27.2,27,26.7,26.6,27.4,27,27.5,28.3,26.3,27.8,26.5,89,90,85,89,81,90,86,94,89,91,93,88,89,83,91,88,92,82,87,92,91,91,87,88,81,93,95,85,92,89,90,81,91,84,90,88,81,97,85,95,0,0.1,0,0,0,0,0,0.6,0,0,0.1,0.1,0.3,0,0,0,0.5,0,0,0,0,0,5.7,0.2,0,0,0.1,0,0,0.3,0.1,0,0.6,0,0.4,0,0.6,0,0,3.7,8.2,4.3,11.9,6.6,16.1,5.4,13.7,4.3,10.7,5.6,3.9,10.5,6.6,13.9,7.3,8,8,18.7,5.6,5.6,8.2,7.3,18.5,13.7,14.7,8.7,5,7.8,8.1,7.9,5.4,21.4,8.3,7.1,9.4,8.4,8.4,2.9,15.3,11.2,,,,,,,,,,,,,,,,,,,,,,,,,,,,,,,,,,,,,,,,,27.4,27.9,28.2,27,27.2,28,27,28,28,28.1,27.4,26.8,27.8,28,27.7,27.8,28,27,28.2,27.7,28.4,27.9,27.4,27.4,27.6,26.1,25.7,27.8,28,28.2,27.8,82,82,77,83,85,81,85,79,80,73,83,87,83,81,80,80,80,83,78,82,77,80,82,78,81,85,94,79,81,76,81,0.2,0,0.3,1,1.8,0.9,0,1,2,0,2.1,1.1,1.1,1,0.1,1.5,0.8,0.3,2,0.1,0.1,1.1,1.3,1.6,0.5,0.1,20.5,0.4,0.7,0,0.3,23.7,19.2,14.7,28.1,29.6,7.1,20,3.4,20.1,27.5,24.4,27.9,14.8,8.3,23.1,19.6,17.6,22.9,7.1,23.3,9.6,34.6,13.9,9.4,10.4,20,7.9,7,19.2,19.4,21.7,27.7,25.2,18,34.9,34.6,8.3,25.6,12.6,27,49,27,33.8,17.3,11.2,29.5,26.3,23.8,29.9,9,30.6,11.9,45,16.2,12.2,14,27.4,9,9.4,23.4,27.4,25.9,,,,,,22.2204,114.2127
2026-09-01T04:00,27.4,27,27.3,27.5,27.2,26.9,26.9,26.9,26.8,26.6,26.9,26.9,26.6,27.5,27.4,26.6,26.8,27,27.9,26.9,27.2,27,25.7,27.4,27.4,26.8,26.8,27.8,27.4,26.7,27,26.6,26.7,27.3,26.9,27.4,28.2,26.3,27.6,26.3,88,91,85,89,81,90,85,94,88,91,92,87,89,81,90,86,92,82,86,91,89,90,86,88,80,91,94,84,91,88,90,81,90,84,90,86,81,97,84,95,0,0.1,0,0,0,0,0,0.6,0,0,0.1,0.1,0.3,0,0,0,0.5,0,0,0,0,0,5.7,0.2,0,0,0.1,0,0,0.3,0.1,0,0.6,0,0.4,0,0.6,0,0,3.7,8.5,4.4,13.3,6.8,16.8,5.4,14.8,5.5,11.3,6,4.9,11.1,6.8,15.1,8.8,8.3,9.2,19.1,6.1,5.9,9,8,17.9,13.2,15.3,10.8,6.1,8,10.5,9.7,5.4,21.4,9.1,6.8,10.3,9.5,8.7,2.9,17.3,9.2,,,,,,,,,,,,,,,,,,,,,,,,,,,,,,,,,,,,,,,,,26.9,27.7,27.9,26.9,27.2,27.9,27.2,27.9,28,28,27.5,26.7,28,27.8,27.7,27.8,27.6,27,28.3,27.7,28.3,27.7,27.3,27.6,27.5,26.4,25.5,27.7,27.8,28,27.3,84,82,78,83,85,80,83,79,79,74,83,86,81,82,79,79,81,83,79,82,77,80,82,77,82,83,96,80,81,76,82,0.2,0,0.3,1,1.8,0.9,0,1,2,0,2.1,1.1,1.1,1,0.1,1.5,0.8,0.3,2,0.1,0.1,1.1,1.3,1.6,0.5,0.1,20.5,0.4,0.7,0,0.3,24.1,20.4,15.8,22.9,32.7,7.6,16.8,1.1,22,18,26.1,29.5,11.7,14.2,23.1,17.3,17.2,22.6,9.8,25.5,12,34.8,13.2,12.7,10.5,17.2,6.9,9,21.5,17.4,23.2,28.8,26.6,18.7,28.4,38.5,9.4,24.1,11.5,31,35.6,29.2,37.1,13.7,16.6,29.9,23.8,21.2,31,12.2,34.6,13.7,43.6,14.8,16.6,13.7,20.5,9,10.4,24.8,24.5,26.6,,,,,,22.2204,114.2127
2026-09-01T05:00,27.6,27,27.4,27.6,27,27.1,26.8,26.8,26.6,26.6,26.9,26.8,26.6,27.3,27.2,26.6,26.8,26.9,28,26.9,27.3,27.2,25.9,27.3,27.3,26.6,27,27.9,27.5,26.2,27.1,26.5,26.8,27.3,26.8,27.4,28.1,26.3,27.4,26.2,86,91,84,88,81,89,84,93,87,91,90,86,89,80,89,85,91,81,85,91,87,89,85,88,80,89,92,84,90,86,89,82,89,83,89,84,82,97,83,94,0,0.1,0,0,0,0,0,0.6,0,0,0.1,0.1,0.3,0,0,0,0.5,0,0,0,0,0,5.7,0.2,0,0,0.1,0,0,0.3,0.1,0,0.6,0,0.4,0,0.6,0,0,3.7,9.1,4.7,14.1,7.2,17.3,5.7,16.5,7.2,12.3,6.4,5.9,11.6,6.8,16.2,10.2,8.6,10.5,19.5,6.9,6.1,9.9,8.7,16.8,13.3,15.6,13,7.6,8,13.3,11.5,5.4,21.4,10.2,6.6,11,10.4,8.9,3,19.9,7.6,,,,,,,,,,,,,,,,,,,,,,,,,,,,,,,,,,,,,,,,,26.7,27.6,27.7,26.8,27.2,27.9,27.4,27.8,28,27.9,27.6,26.7,28.2,27.6,27.6,27.9,27.3,27.1,28.4,27.6,28.2,27.6,27.2,27.7,27.4,26.7,25.4,27.7,27.8,27.9,27.1,85,81,78,82,85,80,82,79,79,75,82,86,79,82,79,78,82,82,79,81,77,80,82,77,82,81,97,80,81,76,82,0.2,0,0.3,1,1.8,0.9,0,1,2,0,2.1,1.1,1.1,1,0.1,1.5,0.8,0.3,2,0.1,0.1,1.1,1.3,1.6,0.5,0.1,20.5,0.4,0.7,0,0.3,23.7,21.1,16.7,18.6,34.7,9,15.5,2.2,24.9,14.9,27.5,30.9,9.7,19.7,23.8,15.3,17.1,22.6,12.7,26.5,13.7,34.4,12.4,16.1,10.8,13.1,7,11.1,22.9,15.6,22.5,28.8,27,19.4,22.7,41.8,11.2,23,11.5,34.6,28.1,31,39.2,11.5,22.3,30.2,21.2,19.8,31.3,15.8,36.4,15.1,42.1,14.4,20.2,13.3,16.6,10.4,11.9,25.9,22.3,26.3,,,,,,22.2204,114.2127
2026-09-01T06:00,27.7,27,27.5,27.6,26.7,27.3,26.7,26.7,26.5,26.7,27.1,26.8,26.7,27.2,27.2,26.6,26.9,26.9,28.1,27,27.5,27.4,26.1,27.3,27.2,26.5,27.4,28,27.6,25.7,27.2,26.4,27,27.2,26.7,27.5,28.1,26.4,27.2,26.2,84,90,83,86,80,88,82,92,85,90,88,85,89,79,88,83,91,81,83,90,85,87,84,88,80,86,89,84,88,85,89,82,88,83,88,82,82,96,81,93,0,0.1,0,0,0,0,0,0.6,0,0,0.1,0.1,0.3,0,0,0,0.5,0,0,0,0,0,5.7,0.2,0,0,0.1,0,0,0.3,0.1,0,0.6,0,0.4,0,0.6,0,0,3.7,9.7,5.2,15.3,7.6,18.4,5.7,18.2,8.9,13,6.9,6.9,12.2,7,17.5,11.2,8.9,12.2,20.1,7.7,6.4,10.7,9.7,15.8,13,16.1,15.2,9,8,16.2,13.7,5.8,21.5,11.1,6.6,12,11.8,9.7,2.7,22.7,7.2,,,,,,,,,,,,,,,,,,,,,,,,,,,,,,,,,,,,,,,,,26.9,27.6,27.5,26.9,27.2,28,27.5,27.9,27.8,28.1,27.5,26.7,28.3,27.6,27.5,27.9,27,27.1,28.3,27.7,28.1,27.6,27.1,27.7,27.4,26.9,25.5,27.7,27.8,27.9,27.1,84,80,78,81,85,79,81,78,80,74,82,86,78,82,79,77,82,81,79,80,77,79,82,77,82,80,96,80,80,75,82,0.3,0,0.2,0.4,1.3,1.9,0,0.3,1,0,1.3,1.2,0.2,1.1,0,0,0.8,0.1,1.2,0,0.1,0.1,0.8,0.8,1,0.1,5.8,0,0.1,0,0.1,22.2,19.4,17.2,15.6,36.4,11.9,15.2,6,29,18.4,27.4,30.9,9.7,24.8,25.1,14.2,17.3,22.3,16.5,25.5,13.9,32.4,12.6,18.7,11,9.9,11,13,23,15.2,19.5,27.4,24.1,19.8,18.7,43.9,15.1,23,13.3,38.2,31.3,32,40,11.5,28.1,31.3,18.7,21.2,30.6,21.2,34.2,15.5,40.7,16.2,23.4,13.3,18,15.1,13.7,26.3,22,24.1,,,,,,22.2204,114.2127
2026-09-01T07:00,28,27.1,27.6,27.7,26.5,27.5,26.7,26.7,26.5,26.9,27.3,26.7,26.8,27.2,27.3,26.8,27,26.8,28.4,27.3,27.8,27.7,26.4,27.3,27.2,26.5,27.8,28.1,27.7,25.4,27.4,26.5,27.2,27.3,26.7,27.6,28.2,26.6,27.2,26.3,82,89,82,85,80,86,81,91,83,89,86,84,89,77,86,80,90,80,81,88,83,85,82,87,79,84,87,83,87,83,87,81,87,82,87,80,81,95,79,92,0,0.1,0,0,0,0,0,0.6,0,0,0.1,0.1,0.3,0,0,0,0.5,0,0,0,0,0,5.7,0.2,0,0,0.1,0,0,0.3,0.1,0,0.6,0,0.4,0,0.6,0,0,3.7,10.5,5.8,16.6,7.6,19.4,6.2,19.9,10.5,13.8,7.2,8.3,12.4,7.3,18.5,13,9.5,13.9,20.9,8.5,6.6,12,9.9,15,13.3,16.4,17.5,10.8,8.6,18.7,15.6,6.2,21.5,12.1,6.5,13.1,12.6,10.2,2.9,25.2,8.4,,,,,,,,,,,,,,,,,,,,,,,,,,,,,,,,,,,,,,,,,27.2,27.6,27.3,27,27.2,28.2,27.6,28.1,27.5,28.2,27.4,26.7,28.5,27.6,27.3,28.1,26.8,27.2,28.2,27.8,28.1,27.7,27.2,27.7,27.4,27.2,25.7,27.7,27.8,28,27.2,81,78,77,80,84,79,80,78,82,73,82,87,78,83,80,75,82,80,79,78,78,77,82,77,81,78,95,80,79,75,81,0.3,0,0.2,0.4,1.3,1.9,0,0.3,1,0,1.3,1.2,0.2,1.1,0,0,0.8,0.1,1.2,0,0.1,0.1,0.8,0.8,1,0.1,5.8,0,0.1,0,0.1,19.8,16.6,17.6,13.1,37.1,15.9,15,10.9,33.2,25,26.5,30.7,10.9,29.8,26.5,13.4,17.9,22.2,20.8,23.4,13.7,29.3,14.5,20.9,10.9,13.4,17.1,14.8,22.8,15,15.9,24.5,20.2,20.2,15.8,45,20.2,23.8,16.2,41.8,40.3,32.8,40,12.6,34.2,32.4,16.2,24.1,29.5,27.4,30.2,15.5,38.9,18.7,26.3,13.3,22,21.2,15.1,26.6,22.3,20.9,,,,,,22.2204,114.2127
2026-09-01T08:00,28.2,27.3,27.9,27.9,26.4,27.9,26.9,26.7,26.7,27.2,27.6,26.7,26.9,27.4,27.6,27.1,27.1,26.7,28.8,27.6,28.2,28,26.5,27.5,27.3,26.7,28.2,28.4,27.8,25.3,27.6,26.7,27.4,27.5,26.8,27.8,28.3,27,27.3,26.5,80,88,80,84,79,84,79,90,81,88,83,83,88,75,84,78,89,80,79,86,81,83,82,86,78,81,84,81,85,81,86,80,86,81,85,78,80,93,77,90,0,0.1,0,0,0,0,0,0.6,0,0,0.1,0.1,0.3,0,0,0,0.5,0,0,0,0,0,5.7,0.2,0,0,0.1,0,0,0.3,0.1,0,0.6,0,0.4,0,0.6,0,0,3.7,11.8,6.3,18.2,7.9,20.4,6.9,21.1,12.1,14.2,7.8,9.4,13.1,7.6,19.9,14.8,10.1,15.5,21.7,9.5,7.2,13.3,10.6,14.6,14.4,17.4,19.4,12.6,9.5,21.3,17.1,7.6,21.7,13,6.6,14,13.7,11.3,3.2,27.2,10.5,,,,,,,,,,,,,,,,,,,,,,,,,,,,,,,,,,,,,,,,,27.6,27.8,27.3,27.1,27.3,28.5,27.8,28.3,27.3,28.4,27.4,26.7,28.7,27.6,27.2,28.2,26.7,27.5,28.2,27.9,28.1,27.9,27.3,27.8,27.6,27.6,25.8,27.9,27.9,28.1,27.4,79,76,76,79,83,78,79,77,83,72,81,87,77,83,80,74,81,78,79,77,78,76,82,77,80,76,93,79,78,74,80,0.3,0,0.2,0.4,1.3,1.9,0,0.3,1,0,1.3,1.2,0.2,1.1,0,0,0.8,0.1,1.2,0,0.1,0.1,0.8,0.8,1,0.1,5.8,0,0.1,0,0.1,17.4,14,17.5,12,36.6,19.2,15.4,15.1,36.2,31.1,26.1,30.6,12.3,33.1,27.3,11.7,18.4,22.3,23.7,21.4,12.1,26.6,16.5,22.7,11.7,19.2,21.7,15.3,21.7,15.3,15.8,22,16.6,20.2,14,45,24.1,24.8,19.4,43.9,47.9,33.5,39.6,14,38.5,32.8,13.7,26.3,28.8,31.3,26.6,14.4,36.7,20.2,28.4,14,25.9,25.6,16.2,25.6,22.7,19.4,,,,,,22.2204,114.2127
2026-09-01T09:00,28.6,27.9,28.3,28.2,26.5,28.4,27.2,26.9,27.2,27.7,28.2,26.7,27.2,27.9,28.3,27.7,27.4,26.5,29.4,28.3,28.7,28.4,26.5,27.9,27.6,27.2,28.7,28.8,28,25.6,27.9,27.2,27.8,28,27.2,28.2,28.7,27.6,27.6,27,78,85,78,83,77,81,77,88,79,85,80,83,87,72,80,75,88,80,76,83,79,81,82,84,76,78,81,79,83,79,84,78,84,79,83,76,77,90,74,88,0,0,0,0.1,0,0,0,0.3,0,0,0,0.3,0.7,0,0,0,0.3,0.1,0,0,0.2,0.1,2.1,0,0,0,0,0.1,0,0,0,0,0.1,0,0,0.1,0,0.1,0,0,13.7,7.1,20.4,8,21.9,8.5,22.2,14.2,14.5,8.9,10.9,13.8,8.5,21.7,17.3,11.4,17.6,22.7,11.2,8.4,15.1,11.4,14.6,16.2,18.4,21.7,14.8,11.3,23.5,18.6,9.7,22.3,14.2,7.4,15.3,14.7,13.2,3.7,28.8,13.2,,,,,,,,,,,,,,,,,,,,,,,,,,,,,,,,,,,,,,,,,27.8,28.2,27.7,27.2,27.4,28.7,28.4,28.5,27.2,28.4,27.5,26.6,29.1,27.8,27.2,28.4,26.8,27.9,28.3,28,28.2,28.2,27.6,28.1,27.9,27.9,25.8,28.4,28.2,28.1,27.7,78,74,74,78,81,77,76,77,83,72,80,87,75,82,79,72,79,75,79,76,77,75,80,76,79,72,92,77,76,74,77,0.7,0,0,0.4,0.1,2,0,0.3,1.8,0.1,0.2,1.5,0.2,1,0,0,0.2,0,0.1,0,0.6,0,1.1,0.3,1.2,0,2.6,0.1,0,0.1,0,15.3,12.6,16.7,11.5,34.1,21.1,17.7,19,36.3,34.7,27.4,30.6,13.2,34.4,26.5,8.2,18.9,23.2,23.4,19.6,8.9,24.4,16.6,23.5,13.3,22.5,23.2,13.8,19.6,15.4,18,19.8,14.4,19.8,13.3,43.2,25.9,27,23.8,44.3,51.1,34.9,39.2,15.1,40,31.3,11.2,27.4,28.8,32,24.5,11.5,33.5,19.8,29.2,15.5,29.9,27,15.5,23,22.7,22,,,,,,22.2204,114.2127
2026-09-01T10:00,29.1,28.6,28.9,28.6,26.6,29.2,27.7,27.2,27.9,28.4,29,26.7,27.5,28.8,29.4,28.6,27.8,26.3,30.2,29.2,29.4,28.9,26.4,28.5,28.2,28,29.3,29.5,28.3,26.3,28.4,28,28.2,28.6,27.8,28.8,29.3,28.5,28.2,27.8,76,81,75,81,75,78,75,86,76,82,76,83,85,69,75,72,86,81,71,78,76,79,83,81,74,75,77,75,80,77,81,75,82,76,80,74,74,85,71,85,0,0,0,0.1,0,0,0,0.3,0,0,0,0.3,0.7,0,0,0,0.3,0.1,0,0,0.2,0.1,2.1,0,0,0,0,0.1,0,0,0,0,0.1,0,0,0.1,0,0.1,0,0,16.1,8,23.1,8.8,23.9,11.1,23.1,16.7,15.4,10.5,12.5,14.4,9.7,23.5,20.2,13.1,20,24,14.3,10.7,17.4,12.8,14.9,18.7,20.4,23.6,17.7,14.2,26,20.2,13,23.3,15.7,8.5,17.4,16.5,16,4.3,30.7,16.5,,,,,,,,,,,,,,,,,,,,,,,,,,,,,,,,,,,,,,,,,28,28.7,28.3,27.3,27.6,29,29,28.6,27.2,28.3,27.7,26.5,29.5,28,27.3,28.6,27,28.5,28.5,28.2,28.2,28.5,27.9,28.5,28.4,28.3,25.7,29.1,28.6,28.1,28,77,73,72,77,79,76,73,77,82,72,78,88,73,81,77,70,77,72,78,74,76,73,78,75,77,67,90,73,73,73,74,0.7,0,0,0.4,0.1,2,0,0.3,1.8,0.1,0.2,1.5,0.2,1,0,0,0.2,0,0.1,0,0.6,0,1.1,0.3,1.2,0,2.6,0.1,0,0.1,0,13.8,11.9,15.7,11.4,30.4,22.2,21.1,23.3,34.6,37.5,29.7,30.6,14,33.8,24.6,5.4,19.6,24.4,21.3,18.4,5.2,22.5,15.5,24.1,15.5,25.1,22.8,11,16.9,15.2,20.6,18,13.3,18.7,13.7,40,26.6,29.9,28.4,43.6,52.9,36.4,38.9,15.8,39.6,29.2,8.6,28.1,29.2,30.6,22.7,7.9,30.2,18.7,28.8,17.3,33.8,27,14,19.4,22.7,26.6,,,,,,22.2204,114.2127
2026-09-01T11:00,29.7,29.5,29.6,29.1,26.9,30,28.3,27.6,28.7,29.2,30,26.7,27.9,29.8,30.6,29.5,28.2,26,31.2,30.2,30.2,29.5,26.4,29.2,28.8,28.9,30,30.2,28.5,27,28.9,28.9,28.7,29.4,28.5,29.4,30,29.5,28.9,28.7,74,77,72,79,72,74,73,83,73,78,72,84,84,65,69,68,84,82,67,72,73,76,84,78,72,71,73,71,77,74,78,71,80,73,77,72,69,79,68,82,0,0,0,0.1,0,0,0,0.3,0,0,0,0.3,0.7,0,0,0,0.3,0.1,0,0,0.2,0.1,2.1,0,0,0,0,0.1,0,0,0,0,0.1,0,0,0.1,0,0.1,0,0,18.8,9.4,25.8,9.9,26,14.3,24.1,19.2,16.3,12.6,14.1,15.1,11.3,25.7,23.9,15.1,22.2,25.3,17.3,13.4,19.9,15.1,15.3,21.6,22.1,25.9,21,17.6,28.6,21.7,16.8,24.4,17.2,10.2,19.4,18.1,19.2,5.6,32.7,19.6,,,,,,,,,,,,,,,,,,,,,,,,,,,,,,,,,,,,,,,,,28.2,29.2,28.9,27.3,27.8,29.2,29.6,28.8,27.4,28.2,27.9,26.5,29.8,28.2,27.5,28.6,27.3,29,28.8,28.3,28.4,28.8,28.3,28.8,28.7,28.8,25.8,29.6,29,28.1,28.4,76,71,70,77,78,75,71,77,80,72,77,88,72,80,75,70,75,70,77,73,75,72,76,74,76,63,88,71,71,73,71,0.7,0,0,0.4,0.1,2,0,0.3,1.8,0.1,0.2,1.5,0.2,1,0,0,0.2,0,0.1,0,0.6,0,1.1,0.3,1.2,0,2.6,0.1,0,0.1,0,13.5,10.9,15.1,11.9,25.8,23,23.4,27.1,32.8,38.7,30.3,31,14.6,33.2,23.1,7.4,19.4,24.9,20,16.9,3.9,21.5,14.2,24.4,17.7,27.4,22.3,9.6,14,15.6,23.4,16.9,11.9,18.4,14.4,35.6,27.4,31.7,32,41.8,53.3,37.1,38.9,17.3,38.9,28.1,8.3,27.7,29.2,29.2,21.2,5.8,28.1,18,28.8,18.7,37.1,26.3,13.3,16.2,23,31,,,,,,22.2204,114.2127
2026-09-01T12:00,30.2,30.4,30.2,29.6,27.1,30.8,28.9,28,29.5,30,30.9,26.7,28.2,30.7,31.8,30.5,28.6,25.8,32.1,31.1,30.9,30,26.3,29.8,29.4,29.8,30.6,30.9,28.7,27.8,29.3,29.7,29.2,30.1,29.2,30.1,30.6,30.4,29.5,29.6,72,72,69,78,70,70,70,80,71,74,68,85,82,61,63,65,82,83,62,67,70,74,85,75,69,68,70,68,74,72,75,67,78,70,75,71,65,74,64,79,0,0,0,0.1,0,0,0,0.3,0,0,0,0.3,0.7,0,0,0,0.3,0.1,0,0,0.2,0.1,2.1,0,0,0,0,0.1,0,0,0,0,0.1,0,0,0.1,0,0.1,0,0,21.5,11.2,28.4,11.2,27.7,17.4,24.8,21.7,18,14.4,15.8,15.8,12.6,27.1,26.9,16.9,24.6,26.6,20.5,16.2,22.4,17.5,15.7,24.1,24.3,27.8,24,20.7,30.5,23,20.5,25.2,18.9,12.1,22,20.2,22.3,7,34,22.4,,,,,,,,,,,,,,,,,,,,,,,,,,,,,,,,,,,,,,,,,28.4,29.4,29.3,27.2,27.7,29.3,29.8,28.9,27.8,27.8,27.9,26.7,29.7,28.3,27.8,28.3,27.4,29.3,29.1,28.5,28.7,29.1,28.5,29,29,29.3,26,29.8,29.2,28.4,28.7,75,70,69,77,77,75,70,77,78,74,76,87,72,80,73,73,74,69,75,72,74,71,75,74,75,62,84,70,70,73,70,1.2,0,0,0.3,0.1,1,0,0.5,0.3,1,0.1,1,0.1,0.2,0,0.4,0,0,0.1,0,1.4,0,0.7,1.2,0.4,0,0.7,0,0,0.1,0,13.8,8.9,14.3,13.6,20.8,23.7,22.7,29.4,30.6,37.8,28.4,31.8,16.1,32.6,22.7,11.2,17.7,23.8,20.2,15.6,5.5,21.8,12.3,24.6,18.7,28.2,20.8,9.6,11.4,16.3,25.3,16.9,10.1,18,15.8,29.5,28.8,31.3,33.5,39.2,51.8,37.1,39.2,19.4,38.2,29.2,11.5,25.2,27.7,27.7,20.2,6.5,28.4,17.3,29.5,19.8,38.2,24.8,13.3,13.3,24.5,33.1,,,,,,22.2204,114.2127
2026-09-01T13:00,30.5,31.1,30.7,30,27.3,31.4,29.3,28.3,30.2,30.6,31.6,26.7,28.5,31.5,32.7,31.2,28.8,25.7,32.8,31.9,31.5,30.3,26.2,30.4,29.8,30.5,31.1,31.4,28.9,28.4,29.6,30.4,29.5,30.6,29.7,30.5,31.1,31.1,30,30.3,71,69,66,77,68,67,69,78,69,71,65,85,81,58,58,62,80,84,59,63,68,73,86,72,68,65,66,65,72,71,72,65,76,67,72,70,62,70,62,76,0,0,0,0.1,0,0,0,0.3,0,0,0,0.3,0.7,0,0,0,0.3,0.1,0,0,0.2,0.1,2.1,0,0,0,0,0.1,0,0,0,0,0.1,0,0,0.1,0,0.1,0,0,23.3,11.8,30.6,12.5,29,20.1,25.5,23.4,19.4,15.9,17.2,16.5,13.6,28.6,29.6,18.3,26.2,27.6,23.1,18.4,24.5,19.6,15.9,25.9,26,29.3,25.8,23.1,32,23.7,23.5,25.5,20.2,13.8,23.9,21.7,25,8,34.8,24.7,,,,,,,,,,,,,,,,,,,,,,,,,,,,,,,,,,,,,,,,,28.7,29.5,29.6,27.1,27.6,29.3,29.9,28.9,28.3,27.4,27.9,26.9,29.5,28.4,28.3,27.9,27.6,29.6,29.5,28.6,29.2,29.4,28.7,29.2,29.1,29.8,26.4,29.8,29.3,28.7,29,74,69,68,78,77,75,71,77,75,76,74,86,73,79,71,76,73,68,73,71,72,70,75,73,74,62,80,71,69,72,70,1.2,0,0,0.3,0.1,1,0,0.5,0.3,1,0.1,1,0.1,0.2,0,0.4,0,0,0.1,0,1.4,0,0.7,1.2,0.4,0,0.7,0,0,0.1,0,14.9,6.8,13.8,15.6,16.1,24.6,21.5,30.3,27.6,35.7,25.3,33,18.6,31.4,23.1,15.1,15.5,21.7,20.9,14.8,7.8,23.7,12.6,25.4,19.2,28,18.9,10.2,9.4,17.3,26.3,17.6,8.3,17.6,18,22.7,30.2,29.9,33.8,36.4,49,36.4,40,21.6,36.7,31.7,16.9,21.2,25.6,25.9,19.8,9,29.9,17.3,30.6,20.5,38.5,22.7,14,11.2,26.3,34.9,,,,,,22.2204,114.2127
2026-09-01T14:00,30.7,31.4,30.9,30.2,27.4,31.7,29.5,28.5,30.5,30.9,31.9,26.7,28.6,31.8,33.1,31.5,28.9,25.6,33.1,32.3,31.7,30.4,26.1,30.7,30,30.9,31.4,31.7,28.9,28.7,29.7,30.7,29.8,30.9,30,30.8,31.2,31.5,30.2,30.7,70,68,65,76,67,65,68,76,68,69,63,85,81,57,56,61,79,84,57,61,67,72,87,70,67,63,64,63,71,70,71,63,75,66,71,69,60,68,61,75,0,0,0,0.1,0,0,0,0.3,0,0,0,0.3,0.7,0,0,0,0.3,0.1,0,0,0.2,0.1,2.1,0,0,0,0,0.1,0,0,0,0,0.1,0,0,0.1,0,0.1,0,0,24.4,12.1,31.6,13.3,29.5,21.2,25.5,24,20.3,16.7,17.7,16.8,14.3,28.9,30.7,18.9,26.6,28.3,23.8,19.2,26.1,21,16.1,26.6,26.7,29.9,26.9,24.5,32.4,24.1,26.1,25.6,21,14.5,25,22.5,26.8,8.5,35.1,25.7,,,,,,,,,,,,,,,,,,,,,,,,,,,,,,,,,,,,,,,,,28.9,29.5,29.8,27,27.6,29.3,29.9,28.9,28.6,27.2,27.9,27.2,29.4,28.4,28.7,27.6,27.8,29.8,29.7,28.8,29.5,29.7,28.9,29.4,29.2,30.2,26.7,29.8,29.4,28.9,29.3,73,68,68,78,77,76,71,77,73,77,73,85,74,79,70,79,73,67,71,71,71,70,75,73,74,62,76,71,68,72,70,1.2,0,0,0.3,0.1,1,0,0.5,0.3,1,0.1,1,0.1,0.2,0,0.4,0,0,0.1,0,1.4,0,0.7,1.2,0.4,0,0.7,0,0,0.1,0,15.6,4.6,15.4,16.7,13.7,25.2,21.5,31.4,24.6,34.9,22,34.6,19.9,30,23.8,17.6,15,20.4,21.1,13.5,9.3,25,15,25.8,20.2,27.8,18,11.2,7.6,18.9,28.5,18.4,7.2,19.1,19.8,16.9,31.3,29.2,34.6,32.8,47.2,34.2,41.4,22.7,35.6,34.2,20.9,19.1,24.1,24.5,18.7,10.8,31.3,18.4,32.4,21.6,38.5,22,15.8,9.4,28.4,37.4,,,,,,22.2204,114.2127
2026-09-01T15:00,30.5,31.4,30.7,30.2,27.4,31.5,29.3,28.5,30.5,30.8,31.9,26.7,28.5,31.7,33,31.5,28.8,25.6,32.9,32.3,31.5,30.2,26.1,30.7,29.8,30.9,31.4,31.6,28.7,28.6,29.4,30.7,29.8,30.9,30,30.7,31,31.4,30,30.6,70,69,65,76,67,65,68,75,68,70,63,85,82,57,56,61,79,83,57,61,67,72,87,69,68,62,62,63,71,70,71,63,75,66,71,69,60,69,62,75,0.2,0,0,0.6,0,0.1,0.6,0,0,0.5,0,0.1,0.9,0,0,0,0.7,0,0,0,0.2,0.3,0.6,0,0,0,0,0,0,0,0,0,0.5,0,0,0.3,0,0.8,0.1,1.6,24.2,10.8,31.5,13.1,28.8,20.8,24.7,23.2,20.3,16.3,17.3,16.8,13.9,28.2,30.6,18.6,25.7,28.3,22.4,18.4,26.8,21.1,16.1,25.9,26.3,29.7,26.4,24.2,31.9,24,27.5,24.7,21,14.5,25,22.5,27.2,8.2,34.4,25.5,,,,,,,,,,,,,,,,,,,,,,,,,,,,,,,,,,,,,,,,,29.2,29.4,29.6,27.3,27.8,29.2,30,28.8,28.7,27.4,28,27.3,29.5,28.5,29.1,27.6,28,30,29.6,28.9,29.6,29.8,28.9,29.7,29.1,30.5,26.9,29.9,29.4,28.8,29.4,72,68,68,77,76,77,70,78,73,76,73,84,74,79,70,78,73,67,71,71,70,70,74,72,74,62,74,70,68,72,69,0,0.3,0,0,0,0.3,0,0,0.5,0.6,0,0.2,0,0.2,0.1,0.6,0.3,0,0.1,0,1.3,0,0.7,1.5,0.3,0,0,0,0.1,0,0,15,3.2,20.1,15.7,11.6,25.4,23.4,32.9,20.8,35.6,18.6,36.5,19.1,28.5,25.1,17.6,16.5,19,20.8,11.7,9.4,25.2,18.2,26.7,21.3,27.5,17.7,13.4,5.8,22,32.1,18.4,7.2,23,20.5,14,31.3,30.2,36,28.1,47.9,29.2,43.2,22,34.6,36.4,22.3,20.2,23,24.1,17.3,11.2,31.7,22.7,35.6,23.4,38.9,23.8,19.1,8.6,31.3,41.4,,,,,,22.2204,114.2127
2026-09-01T16:00,30.2,31.1,30.3,30.1,27.3,31.1,29,28.4,30.3,30.5,31.6,26.8,28.2,31.3,32.5,31.1,28.5,25.8,32.5,32,30.9,29.8,26.1,30.5,29.5,30.6,31.3,31.4,28.4,28.2,28.9,30.5,29.8,30.7,29.8,30.5,30.5,31,29.5,30.3,71,73,67,77,68,65,69,75,69,72,63,84,84,59,58,62,79,81,58,62,67,73,88,69,69,61,61,63,71,72,71,63,75,66,71,70,62,71,64,76,0.2,0,0,0.6,0,0.1,0.6,0,0,0.5,0,0.1,0.9,0,0,0,0.7,0,0,0,0.2,0.3,0.6,0,0,0,0,0,0,0,0,0,0.5,0,0,0.3,0,0.8,0.1,1.6,23.1,8.2,30.3,12.1,27.2,19.1,23.4,21.2,19.4,14.9,16.4,16.5,13.3,27,29.4,17.6,24.4,27.8,19.6,15.8,27.2,20.3,15.9,23.9,25.3,29.1,24.6,22.8,30.4,23.5,28.4,23.5,20.4,13.6,24.4,22.1,27,7.4,32.4,24.3,,,,,,,,,,,,,,,,,,,,,,,,,,,,,,,,,,,,,,,,,29.5,29.3,29.2,27.6,28.1,29.1,30.1,28.6,28.7,27.8,28.1,27.4,29.7,28.5,29.5,27.8,28.3,30.1,29.3,29,29.5,29.9,28.9,30,29,30.7,27.1,30,29.3,28.7,29.3,71,68,69,75,75,77,69,79,74,74,73,83,73,78,70,77,73,67,71,71,70,70,72,70,74,62,73,69,68,72,68,0,0.3,0,0,0,0.3,0,0,0.5,0.6,0,0.2,0,0.2,0.1,0.6,0.3,0,0.1,0,1.3,0,0.7,1.5,0.3,0,0,0,0.1,0,0,14.5,4.6,26.2,14,9.8,25.1,26,34.4,16.8,36.9,14.9,38.9,17.2,26.9,27.3,16.3,18.8,17.9,20.5,9.9,9,24.9,22.7,28.2,22.9,27.3,18.3,16.3,4.3,25.9,36.5,18,7.9,28.8,20.9,12.2,31,32,37.8,23.4,49.3,22.3,45.4,20.2,33.8,38.5,22.3,22.7,22.7,24.1,15.1,11.2,31.7,28.1,40,25.2,39.2,27,23,8.6,34.6,46.4,,,,,,22.2204,114.2127
2026-09-01T17:00,29.8,30.6,29.8,29.8,27.2,30.4,28.5,28.2,29.9,30.1,31.1,26.8,27.8,30.6,31.6,30.5,28,26,31.8,31.6,30.2,29.2,26.1,30.2,29,30.2,31.1,31,28,27.7,28.2,30,29.7,30.3,29.5,30.1,29.8,30.3,28.8,29.8,72,77,69,78,70,67,70,76,71,75,65,83,87,62,62,64,79,79,60,65,68,75,88,70,71,61,61,65,72,74,72,65,75,68,72,72,64,75,66,78,0.2,0,0,0.6,0,0.1,0.6,0,0,0.5,0,0.1,0.9,0,0,0,0.7,0,0,0,0.2,0.3,0.6,0,0,0,0,0,0,0,0,0,0.5,0,0,0.3,0,0.8,0.1,1.6,21.5,4.9,29,10.3,25.5,16.2,21.6,18.5,18.1,12.6,14.8,16.3,12.3,24.9,27.4,16.2,22.7,27.2,15.6,13,27,18.7,15.9,21.5,23.6,27.8,22.3,21,28.6,22.3,29,21.9,19.2,12.2,23.2,21,26.2,6.3,30.2,22.3,,,,,,,,,,,,,,,,,,,,,,,,,,,,,,,,,,,,,,,,,29.6,29.1,28.8,28,28.3,29,30.1,28.4,28.5,28.1,28.3,27.4,29.7,28.5,29.7,28,28.6,30.1,29,29.1,29.4,29.9,28.9,30.1,28.9,30.6,27.3,30.1,29.2,28.5,29.2,70,69,70,74,74,78,69,80,76,72,73,83,73,78,70,75,73,67,72,71,70,70,71,69,75,62,72,69,68,72,67,0,0.3,0,0,0,0.3,0,0,0.5,0.6,0,0.2,0,0.2,0.1,0.6,0.3,0,0.1,0,1.3,0,0.7,1.5,0.3,0,0,0,0.1,0,0,14.5,6.1,30.2,12.3,8.3,25.3,27.6,35.2,14.2,37.9,13.2,41.5,16.1,25.3,29.1,15.1,20,17.3,20,8.2,9,25.8,26.1,29.6,24.5,28,19.4,19,4.9,28.8,39.3,18.4,8.6,32.8,20.5,11.5,31.3,34.2,39.2,20.2,51.1,19.1,48.6,18.7,32.4,40.7,22,25.6,23,23.8,13.3,11.2,33.5,32.4,43.2,27.7,40.3,30.2,26.6,10.1,37.4,49.7,,,,,,22.2204,114.2127
2026-09-01T18:00,29.2,30,29.1,29.5,27,29.7,27.9,28,29.5,29.6,30.5,26.8,27.4,29.9,30.7,29.9,27.6,26.3,31,31,29.4,28.6,26.1,29.8,28.5,29.6,30.8,30.5,27.5,27.1,27.4,29.5,29.5,29.8,29.1,29.6,29,29.6,28,29.3,74,82,71,80,71,68,72,76,73,78,67,82,89,65,66,66,80,77,63,68,69,77,88,70,73,62,60,66,74,76,74,67,76,69,73,73,67,79,69,80,0.2,0,0,0.6,0,0.1,0.6,0,0,0.5,0,0.1,0.9,0,0,0,0.7,0,0,0,0.2,0.3,0.6,0,0,0,0,0,0,0,0,0,0.5,0,0,0.3,0,0.8,0.1,1.6,20.1,1.8,27,9.2,23.5,13.5,19.8,15.5,16.9,10.8,13.1,16,11,23,25.2,14.6,21.4,26.5,11.3,10.3,26.7,17,15.6,19.4,22,26.3,19.8,18.4,26.7,21.3,29.3,20.3,18.6,11,21.7,19.9,25.2,5,28.3,20.5,,,,,,,,,,,,,,,,,,,,,,,,,,,,,,,,,,,,,,,,,29.3,29.1,28.6,28.2,28.4,28.8,29.9,28.2,28,28,28.4,27.4,29.5,28.5,29.5,28.2,28.9,30,28.8,29.2,29.3,29.8,28.7,29.8,28.7,30.2,27.7,30,29.1,28.5,29.1,70,70,70,74,74,78,70,81,79,72,74,83,74,79,70,75,72,68,73,71,71,70,70,68,76,63,72,69,69,71,67,0,0.5,0,0,0.1,1.5,0,0.2,1.6,0.6,0,0.6,0,0.8,0.2,0.6,0.1,0.3,0,0,0.7,0,0,0.3,0.3,0,0,0,0,0,0,15.3,6,30,11.8,8.2,26.4,27.7,35.1,14.6,38.3,14.5,44.8,15.2,23.3,30.6,13.6,19.8,17.8,19,6.7,9.1,28.6,26.2,31.7,27.2,30.5,20.7,20.3,7.5,29.5,38.8,20.5,9.4,34.2,18.7,10.4,33.1,37.1,40,20.2,52.6,22,54,18,30.2,43.2,20.5,28.1,25.2,22.7,11.2,11.9,38.5,33.1,45.4,31.3,43.2,32.8,28.8,13.3,39.2,50.4,,,,,,22.2204,114.2127
2026-09-01T19:00,28.7,29.5,28.6,29.2,26.8,29.1,27.4,27.8,29,29.1,29.9,26.8,27,29.2,29.8,29.2,27.2,26.4,30.3,30.4,28.7,28,26.1,29.5,27.9,29.1,30.4,30.1,27.1,26.6,26.8,28.9,29.3,29.3,28.7,29.1,28.3,29,27.4,28.7,75,86,73,81,73,70,74,77,75,80,69,81,91,67,69,67,80,75,65,70,70,79,88,71,76,62,61,68,75,78,75,68,77,71,74,75,69,83,72,81,0.2,0,0,0.6,0,0.1,0.6,0,0,0.5,0,0.1,0.9,0,0,0,0.7,0,0,0,0.2,0.3,0.6,0,0,0,0,0,0,0,0,0,0.5,0,0,0.3,0,0.8,0.1,1.6,19,1.5,25.1,7.9,21.8,11,18.2,13.3,16,9,11.9,15.8,10.3,20.9,23.4,13.2,21,26,8,8.2,26.2,15.7,15.3,17.9,20.5,25.2,17.4,16.3,25.1,20.5,29.6,19.1,17.6,10,20.6,18.7,24.1,3.7,26.5,19.1,,,,,,,,,,,,,,,,,,,,,,,,,,,,,,,,,,,,,,,,,28.9,29,28.3,28.4,28.5,28.7,29.5,27.9,27.3,27.8,28.4,27.3,29.2,28.4,29.2,28.3,29.1,29.7,28.5,29.3,29.1,29.6,28.4,29.3,28.5,29.4,28,29.8,29.1,28.5,28.8,71,72,70,74,74,79,70,82,83,72,74,83,74,79,70,75,72,69,75,72,72,70,69,68,78,64,72,70,70,71,68,0,0.5,0,0,0.1,1.5,0,0.2,1.6,0.6,0,0.6,0,0.8,0.2,0.6,0.1,0.3,0,0,0.7,0,0,0.3,0.3,0,0,0,0,0,0,16.3,4.8,28.2,11.3,8.8,28.3,28.7,34.6,16.4,38.4,17.3,48.5,14.6,21.3,32.1,11.8,20.7,19.2,17.5,5.5,10.1,32,23.9,33.4,30.2,33.8,22.6,21.1,11.4,29.2,36.5,23.4,10.1,34.2,16.2,10.4,36,40.3,40.7,22,54,27.7,60.5,17.3,28.1,45.7,18.4,31,28.1,21.6,9,12.6,45,32.4,46.4,35.6,47.2,34.9,30.6,18,40.7,49.7,,,,,,22.2204,114.2127
2026-09-01T20:00,28.2,29.1,28.2,28.9,26.7,28.6,27,27.6,28.6,28.7,29.4,26.7,26.8,28.6,29.2,28.7,26.9,26.5,29.7,29.9,28.2,27.6,26,29.2,27.5,28.6,30.1,29.7,26.7,26.2,26.3,28.4,29,28.9,28.4,28.8,27.8,28.5,26.9,28.4,76,88,74,81,74,71,75,77,76,82,70,80,92,69,72,69,80,74,67,72,71,80,88,71,77,63,61,69,76,79,76,70,77,72,75,76,71,85,74,82,0.2,0,0,0.6,0,0.1,0.6,0,0,0.5,0,0.1,0.9,0,0,0,0.7,0,0,0,0.2,0.3,0.6,0,0,0,0,0,0,0,0,0,0.5,0,0,0.3,0,0.8,0.1,1.6,18.4,2.5,23.8,7.9,20.8,9.8,17.5,12.3,15.6,8,10.9,15.5,9.4,19.2,21.7,12.4,21.3,26.1,6.2,7.6,25.7,14.5,15.3,17.2,19.5,24.3,15.8,14.7,24.2,19.8,29.5,18.8,17.4,9.2,19.9,18,23.2,3.2,25.9,18.3,,,,,,,,,,,,,,,,,,,,,,,,,,,,,,,,,,,,,,,,,28.6,29,28.1,28.5,28.6,28.6,29.2,27.6,26.9,27.7,28.4,27.2,29,28.4,28.9,28.4,29.3,29.4,28.4,29.3,29,29.4,28.2,28.9,28.3,28.6,28.2,29.6,29,28.5,28.6,72,73,70,74,74,79,71,83,85,72,75,83,75,80,70,75,71,70,76,73,73,70,69,68,79,65,72,71,71,70,68,0,0.5,0,0,0.1,1.5,0,0.2,1.6,0.6,0,0.6,0,0.8,0.2,0.6,0.1,0.3,0,0,0.7,0,0,0.3,0.3,0,0,0,0,0,0,17.3,3.7,26.9,11.7,9.9,30,29.6,33.9,17.7,38.2,19.1,49.6,13,19.8,33,11.7,22.3,18.9,16.1,5.4,10.9,34,23.1,34.9,32.1,36.7,24.5,21.9,14.9,28.4,35,25.6,10.4,33.8,15.5,11.9,38.2,42.1,40.7,23.4,54.4,32,63,16.2,26.3,47.9,17.6,32.8,28.8,20.2,8.3,13.3,48.6,32.8,47.5,38.2,50.4,37.1,32.4,22,41,49,,,,,,22.2204,114.2127
2026-09-01T21:00,27.8,28.8,27.9,28.6,26.5,28.3,26.6,27.4,28.3,28.5,29,26.6,26.6,28.2,28.7,28.2,26.7,26.4,29.2,29.4,27.9,27.4,26,28.9,27.2,28.2,29.7,29.3,26.4,25.9,25.9,27.8,28.7,28.6,28,28.5,27.4,28.2,26.6,28.1,77,89,74,81,75,72,76,77,77,82,71,79,91,70,74,70,79,74,68,72,72,81,87,71,78,64,62,70,77,80,77,72,77,73,76,77,72,86,75,82,0,0,0,0.1,0,0,0.8,0,0,0,0,0,0.1,0,0,0,0,0,0,0,0,0,0.1,0,0,0,0,0,0,0,0,0,0,0,0,0,0.1,0.1,0,0.2,18.4,2.7,23,9.2,20.9,9.3,17.1,12.4,15.4,7.7,10.5,15.5,8.9,18.1,20.4,12.4,21.5,26.6,6.1,8.1,24.5,13.7,15.5,16.6,18.9,23.4,14.7,13.9,24.1,19.5,29.2,19.4,17.1,8.8,19.5,17.4,22.7,3.1,26.1,18.6,,,,,,,,,,,,,,,,,,,,,,,,,,,,,,,,,,,,,,,,,28.4,28.9,27.8,28.5,28.6,28.5,28.9,27.5,27.1,27.8,28.4,27,28.9,28.3,28.7,28.4,29.3,29.1,28.4,29.2,28.9,29.1,28,28.7,28,27.7,27.9,29.4,28.8,28.5,28.4,73,74,70,74,74,79,71,83,82,72,75,85,75,80,70,76,70,71,76,74,74,70,69,68,80,66,71,71,71,70,68,0,0,0,0,0.1,1.4,0,0.4,0.5,0.6,0,11.2,0.1,0.8,0,0.1,0,0.2,0,0,0.4,0,0,0,0.8,0,0,0,0,0,0,17.4,3.8,25.9,12.4,12,30.8,29.1,32.8,17.8,36.8,18.5,45.8,11.4,18.9,33.4,13.5,22.7,16,14.3,6.5,10.8,31.5,24.5,35.1,31.7,38.7,26.4,22.9,17.5,26.8,35.3,25.9,10.4,33.1,17.6,16.9,39.6,40.7,40,23.8,52.9,32,59,13.3,25.2,49,19.1,33.5,24.8,18.4,9.4,13.7,45.7,34.9,47.9,37.8,52.6,39.2,34.6,25.6,39.6,48.2,,,,,,22.2204,114.2127
2026-09-01T22:00,27.3,28.5,27.8,28.2,26.3,28.1,26.3,27.1,27.9,28.3,28.4,26.4,26.5,27.8,28.2,27.7,26.7,26.2,28.7,28.9,27.6,27.3,25.9,28.7,26.9,27.7,29.2,29,26.1,25.7,25.6,27.2,28.3,28.2,27.6,28.1,27.1,27.9,26.3,28,77,89,75,80,75,72,77,77,78,82,72,79,89,71,75,71,78,74,69,72,73,81,86,71,78,65,63,70,78,80,77,73,77,75,76,77,72,85,76,81,0,0,0,0.1,0,0,0.8,0,0,0,0,0,0.1,0,0,0,0,0,0,0,0,0,0.1,0,0,0,0,0,0,0,0,0,0,0,0,0,0.1,0.1,0,0.2,18.1,2.3,22,11.4,21.7,9.2,17.2,13.1,15.6,8.1,10.4,15.5,9.4,17.1,19.3,12.5,21.8,27.4,7.6,9.5,23.1,13.3,15.5,16.3,18.5,22.8,14.2,13.6,24.3,19.2,28.8,20.9,17,7.9,19.3,16.9,22.1,3.4,26.7,19.9,,,,,,,,,,,,,,,,,,,,,,,,,,,,,,,,,,,,,,,,,28.2,28.8,27.6,28.5,28.6,28.4,28.6,27.5,27.4,28,28.2,26.7,28.8,28.2,28.5,28.4,29.1,28.9,28.5,29.1,28.8,28.8,27.8,28.5,27.7,26.7,27.5,29.3,28.7,28.4,28.1,74,75,71,75,75,79,70,82,76,72,75,87,75,80,69,77,70,72,76,75,75,69,70,67,81,67,69,70,71,70,67,0,0,0,0,0.1,1.4,0,0.4,0.5,0.6,0,11.2,0.1,0.8,0,0.1,0,0.2,0,0,0.4,0,0,0,0.8,0,0,0,0,0,0,17.8,4.1,24.5,13.7,14.6,31.5,28,31.5,17.8,35.3,17.3,39.8,9.1,18.7,33.9,16.3,22,12.1,12.3,8,10.2,27.7,27,34.6,30.4,40.1,28.8,24.5,19.3,24.8,36.4,25.9,10.4,32.4,21.2,23.8,41,37.8,38.5,23.4,50.8,30.2,51.5,10.1,24.8,49.3,22,33.1,18.4,16.6,11.9,14.4,40,38.2,48.2,36,54.4,41,37.1,28.4,37.1,47.9,,,,,,22.2204,114.2127
2026-09-01T23:00,26.9,28.2,27.7,27.8,26.1,27.9,26,26.9,27.5,28.1,27.9,26.1,26.4,27.4,27.8,27.3,26.7,25.9,28.3,28.4,27.5,27.2,25.7,28.5,26.7,27.3,28.8,28.6,25.8,25.5,25.4,26.5,27.8,27.8,27.1,27.8,26.9,27.7,26.1,27.8,77,88,74,79,75,73,79,78,78,82,72,78,86,71,76,73,77,74,69,72,74,81,85,71,79,66,65,71,79,81,78,75,77,76,77,78,72,85,77,79,0,0,0,0.1,0,0,0.8,0,0,0,0,0,0.1,0,0,0,0,0,0,0,0,0,0.1,0,0,0,0,0,0,0,0,0,0,0,0,0,0.1,0.1,0,0.2,18.1,2.2,21.5,14.1,22.5,9.6,17.7,14.3,15.8,8.5,10.5,15.8,10.4,16.9,18.2,12.9,21.9,28.5,9.4,11.5,21.7,13.1,15.8,16.1,18.4,21.9,14,13.5,25,19,28.1,22.7,17.1,7.4,19.5,17.2,21.5,4,28,21.2,,,,,,,,,,,,,,,,,,,,,,,,,,,,,,,,,,,,,,,,,28.1,28.7,27.4,28.5,28.5,28.3,28.2,27.4,27.7,28,28.1,26.6,28.8,28.1,28.4,28.4,29,28.6,28.5,29,28.7,28.5,27.6,28.3,27.5,26,27.1,29.2,28.5,28.3,27.9,74,76,71,75,75,79,69,81,72,72,74,88,75,80,69,77,70,73,76,76,76,69,70,67,82,68,68,70,70,70,67,0,0,0,0,0.1,1.4,0,0.4,0.5,0.6,0,11.2,0.1,0.8,0,0.1,0,0.2,0,0,0.4,0,0,0,0.8,0,0,0,0,0,0,19.3,3.6,23.8,15.3,16.8,31.6,27.5,31,18.4,33.8,17.1,33.9,6.3,19,34.2,18.4,21.8,9.4,11.8,9.9,10.9,25.6,29.2,33.9,29,40.7,30.2,26,20.4,24.4,36.7,27,10.8,32,25.2,29.2,42.1,35.3,37.4,23.8,48.6,29.5,44.6,7.9,24.5,49.3,24.8,33.1,15.1,16.2,14.8,15.8,36.7,41,47.9,34.2,54.7,42.1,38.9,30.6,36,47.2,,,,,,22.2204,114.2127
2026-09-02T00:00,26.5,27.9,27.6,27.4,25.9,27.8,25.7,26.6,27.2,27.9,27.4,25.9,26.3,27,27.4,26.8,26.7,25.6,27.9,27.9,27.4,27.2,25.6,28.3,26.5,26.9,28.3,28.2,25.6,25.4,25.3,25.8,27.4,27.5,26.7,27.6,26.7,27.5,26,27.7,78,87,74,78,76,74,80,78,79,81,73,78,83,72,77,74,76,75,69,71,75,81,84,71,79,68,67,71,80,81,78,77,77,78,77,79,72,83,77,78,0,0,0,0.1,0,0,0.8,0,0,0,0,0,0.1,0,0,0,0,0,0,0,0,0,0.1,0,0,0,0,0,0,0,0,0,0,0,0,0,0.1,0.1,0,0.2,18.1,3.1,21.1,17,23.8,10.1,18.4,15.7,16.3,9.6,11.1,15.8,11.7,17.1,17.3,13.3,21.9,29.8,11.9,13.5,20.1,13,16,15.6,18.4,21,14.2,13.7,25.7,18.9,27.1,24.5,17,7.1,19.3,17.2,21.1,4.7,29,23.1,,,,,,,,,,,,,,,,,,,,,,,,,,,,,,,,,,,,,,,,,27.9,28.7,27.1,28.4,28.4,28.2,27.5,27.3,27.5,27.6,28.1,26.7,28.7,27.9,28.2,28.2,28.8,28.4,28.5,28.9,28.5,28.3,27.5,27.9,27.2,25.9,26.8,28.9,28.3,28.1,27.7,73,76,71,75,76,79,69,81,71,74,73,87,75,79,69,77,71,73,76,76,75,69,69,67,84,68,67,70,70,70,67,0,0,0,0,0.5,0.2,0,0.2,0,1.7,0,3.1,0,0.1,0,0,0,0,0,0,0,0,0,0,1.2,0,0,0,0,0,0,22.1,1.4,24,17.7,19.1,31.1,26.7,31.6,19.5,33.4,18.4,29.8,2.9,18.9,34.2,19.4,21.7,10.2,13.2,11.4,13.1,28,31.4,33.2,28.5,40.7,29.9,26.8,19.5,25.7,35.8,30.6,10.8,33.1,29.5,31.7,43.2,34.6,37.4,24.5,47.5,31.3,40,7.2,24.5,49.3,28.1,32.8,18,18.7,17.3,19.4,38.9,43.6,47.5,32.8,53.3,41.8,40,30.6,37.1,46.8,,,,,,22.2204,114.2127
2026-09-02T01:00,26.1,27.7,27.6,27,25.7,27.6,25.5,26.4,26.8,27.8,27,25.6,26.3,26.7,27.1,26.4,26.7,25.4,27.5,27.5,27.3,27.1,25.6,28.1,26.3,26.5,27.8,27.9,25.4,25.3,25.1,25.3,27,27.1,26.3,27.3,26.5,27.4,25.9,27.6,78,86,74,77,76,74,81,78,79,80,74,77,81,72,78,74,75,76,70,71,75,82,83,71,79,69,69,72,80,81,79,78,77,79,78,79,73,82,78,77,0,0,0,0.1,0,0,0.8,0,0,0,0,0,0.1,0,0,0,0,0,0,0,0,0,0.1,0,0,0,0,0,0,0,0,0,0,0,0,0,0.1,0.1,0,0.2,18.1,4.7,20.9,19.7,24.6,10.6,19.1,17.2,17.1,10.6,11.7,16.1,13.4,17.9,16.8,13.8,21.5,30.6,14.1,15.5,19,13.3,16.3,15.4,18.8,20.2,14.1,14.1,26,19,26.4,26.1,16.9,6.6,19.7,17.8,20.6,5.4,29.5,24.7,,,,,,,,,,,,,,,,,,,,,,,,,,,,,,,,,,,,,,,,,27.7,28.6,26.8,28.3,28.2,28.2,26.8,27.1,27.3,26.9,28.1,26.9,28.7,27.7,28.1,28,28.6,28.2,28.5,28.9,28.3,28.1,27.3,27.5,26.9,26.1,26.6,28.7,28.1,27.8,27.4,72,75,72,75,76,79,69,81,72,76,73,86,74,78,68,76,72,73,75,75,74,70,69,68,86,67,67,69,69,70,68,0,0,0,0,0.5,0.2,0,0.2,0,1.7,0,3.1,0,0.1,0,0,0,0,0,0,0,0,0,0,1.2,0,0,0,0,0,0,25.2,4.3,24.7,20.3,20.8,29.8,25.8,32.5,20.9,33.9,20.2,26.4,3.6,19.8,34,20.5,21.9,15.4,16.4,13.1,16.2,32,33.4,33.6,27.8,39.6,28.9,27.5,17.7,27.5,34.4,35.3,11.2,34.6,33.8,32.8,43.9,34.6,37.8,25.9,46.4,34.2,36,7.9,25.2,49,31.7,32.8,23.8,23,20.2,23.8,43.9,45.4,46.4,31.3,50.4,41,40.7,29.5,39.6,46.4,,,,,,22.2204,114.2127
2026-09-02T02:00,25.8,27.6,27.4,26.8,25.6,27.5,25.2,26.2,26.5,27.7,26.8,25.5,26.2,26.5,26.9,26.1,26.7,25.2,27.2,27.1,27.1,26.9,25.5,27.8,26.1,26.2,27.5,27.6,25.2,25.3,25.1,24.8,26.7,26.9,26,27.1,26.2,27.3,25.8,27.5,78,84,74,77,76,74,82,78,79,79,74,77,79,72,78,75,74,76,70,71,76,82,82,71,79,70,70,72,81,81,79,79,77,79,78,79,74,81,78,76,0,0,0,0.1,0,0,0.8,0,0,0,0,0,0.1,0,0,0,0,0,0,0,0,0,0.1,0,0,0,0,0,0,0,0,0,0,0,0,0,0.1,0.1,0,0.2,18.1,6.6,21.1,21.8,25.2,10.9,19.6,17.9,17.8,11.3,12,16.1,14.4,18.6,16.5,14.3,20.9,31.2,15.9,16.9,18.5,13.9,16.3,15.7,19.1,19.6,14,14.5,26.3,18.9,25.7,27,17.1,6.9,19.9,18.4,20.4,6.1,30,25.6,,,,,,,,,,,,,,,,,,,,,,,,,,,,,,,,,,,,,,,,,27.5,28.4,26.5,28.2,28,28.1,26.2,27,27,26.5,28,27.1,28.7,27.6,28,27.7,28.3,28.1,28.4,28.8,28.1,28,27.1,27,26.7,26.3,26.5,28.4,28,27.5,27.2,71,74,72,74,77,79,69,81,72,78,72,84,74,77,68,75,72,72,74,75,73,71,68,68,87,67,66,69,68,70,68,0,0,0,0,0.5,0.2,0,0.2,0,1.7,0,3.1,0,0.1,0,0,0,0,0,0,0,0,0,0,1.2,0,0,0,0,0,0,27.4,9,24.8,22.8,21.9,29.5,25.2,32.9,22.1,33.7,22,25,7.9,21.2,34.2,21.3,22.8,20.3,19.7,14.6,18.6,34.9,34.6,34.5,27.7,37.8,28,27.6,17.5,29.2,33.2,39.2,13,35.6,37.4,33.5,44.3,34.9,38.2,27.7,46.1,37.1,33.5,10.1,25.9,49,34.2,33.8,28.8,27.4,23.4,27.7,47.5,46.8,45.7,30.2,47.9,40,40.7,29.9,41,46.1,,,,,,22.2204,114.2127
2026-09-02T03:00,25.6,27.4,27.2,26.7,25.5,27.3,25,26.1,26.2,27.5,26.6,25.3,26.2,26.2,26.6,25.8,26.6,25.1,26.9,26.8,26.9,26.7,25.5,27.5,26,26,27.2,27.3,25.1,25.2,25,24.5,26.4,26.6,25.8,27,25.9,27.2,25.6,27.4,78,82,74,77,76,74,83,78,79,78,74,77,78,72,78,75,74,76,70,72,77,83,81,71,79,71,71,72,81,81,79,79,77,79,79,79,76,80,78,76,0,0,0,0,0,0,0.8,0,0,0,0,0,0,0,0,0,0,0,0,0,0,0,0,0,0,0,0,0,0,0,0,0.4,0,0,0,0,0.4,0,0,0,18.1,8.9,21.3,23.2,25.3,11,20.4,18.3,18.8,11.8,12.1,16.1,15.1,19.3,16.6,14.5,20,31.3,16.9,17.7,18.2,15.2,16.3,16.4,19.4,18.7,13.8,14.8,25.9,18.7,25.1,27.1,17.4,7.2,20.3,18.6,19.7,6.5,29.8,26.2,,,,,,,,,,,,,,,,,,,,,,,,,,,,,,,,,,,,,,,,,27.2,28.1,26.2,28,27.9,28,25.9,26.9,26.7,26.4,27.8,27,28.6,27.4,27.7,27.4,27.9,27.9,28,28.6,27.8,27.7,26.9,26.6,26.6,26.3,26.3,28,27.8,27.3,26.8,71,73,72,73,77,79,69,81,72,78,72,83,74,76,68,74,72,71,73,75,73,72,68,68,87,67,66,69,66,71,69,0,0,0,0,0.3,0,0,0,0,1.5,0,1,0,0,0,0,0,0,0,0,0,0,0,0,0.4,0,0,0,0,0,0,27.7,14.1,24,25.2,21,30.6,25,32.9,22.7,32,24.2,24.8,11.4,22.3,34.8,21.9,25.4,22.6,22.4,16.3,20.1,34.9,33.6,34,28,34.6,27.2,27,19.9,29,32.1,42.1,18,35.6,39.6,33.5,44.3,36,38.9,30.2,46.1,39.6,33.8,14.8,27,50,35.3,37.8,32.4,31.3,27,30.2,48.2,47.2,44.6,30.2,45.4,39.2,39.6,33.5,40.7,45.7,,,,,,22.2204,114.2127
2026-09-02T04:00,25.4,27.3,26.8,26.7,25.5,27.1,24.8,25.9,25.8,27.3,26.5,25.1,26.1,25.9,26.4,25.6,26.5,25,26.6,26.5,26.6,26.4,25.6,27.1,25.8,25.8,26.8,27,25,25.1,25,24.3,26.2,26.4,25.6,26.8,25.4,27.2,25.5,27.2,79,79,75,77,76,74,83,79,79,78,75,77,78,73,79,76,74,77,71,73,78,83,81,72,79,72,73,73,82,81,80,79,77,78,79,79,79,79,79,77,0,0,0,0,0,0,0.8,0,0,0,0,0,0,0,0,0,0,0,0,0,0,0,0,0,0,0,0,0,0,0,0,0.4,0,0,0,0,0.4,0,0,0,18.1,11.9,21.1,24.1,24.9,11.4,21.1,18.6,20.4,12.1,12.2,16,15.1,20.1,16.8,14.5,18.5,31.4,18,17.7,18.5,16.2,16,17.1,19.6,18,13.3,14.8,25.4,18.5,24.6,26.6,17.6,8,21,19.1,18.6,6.5,29,26.5,,,,,,,,,,,,,,,,,,,,,,,,,,,,,,,,,,,,,,,,,26.8,27.6,25.9,27.9,27.9,27.7,25.9,26.8,26.5,26.4,27.5,26.9,28.6,27.2,27.5,27,27.5,27.8,27.6,28.4,27.5,27.4,26.7,26.2,26.7,26.2,26.2,27.7,27.7,27,26.5,72,73,72,72,77,79,69,80,72,77,72,82,75,76,68,74,71,70,72,75,72,72,68,67,87,67,65,70,65,71,70,0,0,0,0,0.3,0,0,0,0,1.5,0,1,0,0,0,0,0,0,0,0,0,0,0,0,0.4,0,0,0,0,0,0,27,19.2,23.2,27.6,19.3,32.2,24.4,32.9,23.5,30.6,26.9,25.7,14.6,23.1,35.8,22.1,28.4,24,24.9,18.7,20.9,34.4,31.8,33,28.3,30.6,26.7,26.1,24.1,28.3,30.4,43.9,24.5,34.9,40.7,32.8,43.9,37.1,39.6,33.5,46.4,42.1,35.6,20.9,28.4,51.1,35.6,43.6,35.3,35.6,31,32,47.5,46.8,43.6,30.6,43.2,38.5,37.8,38.9,40,45.4,,,,,,22.2204,114.2127
2026-09-02T05:00,25.3,27.2,26.5,26.7,25.5,26.9,24.5,25.8,25.5,27.2,26.5,25,26,25.7,26.2,25.3,26.3,25,26.3,26.3,26.4,26,25.6,26.6,25.6,25.7,26.5,26.8,25,25.1,25,24.1,26.1,26.1,25.5,26.7,25,27.2,25.3,27,79,76,76,78,77,73,84,79,79,77,76,77,78,73,79,76,75,77,71,74,78,84,80,73,79,73,74,73,82,81,80,79,78,77,80,79,82,78,79,77,0,0,0,0,0,0,0.8,0,0,0,0,0,0,0,0,0,0,0,0,0,0,0,0,0,0,0,0,0,0,0,0,0.4,0,0,0,0,0.4,0,0,0,18.1,15.1,21.2,24.4,24.2,11.6,21.9,18.7,21.6,12.2,12.4,15.8,14.8,20.6,17.3,14.3,16.4,31.2,19.1,17.8,19.1,18,15.5,18.1,19.9,17.2,12.5,14.6,24.3,18.1,24.4,25.6,18.1,9.1,21.6,19.2,17.3,6.9,28.2,26.3,,,,,,,,,,,,,,,,,,,,,,,,,,,,,,,,,,,,,,,,,26.6,27.3,25.7,27.8,27.8,27.6,25.9,26.8,26.3,26.5,27.3,26.8,28.5,27.1,27.3,26.7,27.2,27.7,27.3,28.3,27.3,27.2,26.6,25.9,26.7,26.1,26.1,27.4,27.7,26.8,26.3,72,72,72,71,77,79,69,80,72,76,72,81,75,75,68,73,70,69,71,75,72,72,68,66,86,67,65,70,63,72,70,0,0,0,0,0.3,0,0,0,0,1.5,0,1,0,0,0,0,0,0,0,0,0,0,0,0,0.4,0,0,0,0,0,0,26.2,22.9,22.7,29.6,18.8,33.3,24.2,32.1,23.8,29.6,28.9,26.3,17.7,23.5,36.5,22.5,30.9,24.3,27,20.7,21.5,33.9,30.1,31.7,27.8,28.2,26.7,25.8,27.9,27.8,29.4,45,29.2,34.9,42.1,33.1,43.9,37.8,39.6,36,46.4,44.3,36.7,26.3,30.2,51.8,36,47.2,37.4,39.2,34.2,33.1,47.5,46.1,42.8,31,42.5,38.5,37.4,43.2,39.2,45,,,,,,22.2204,114.2127
2026-09-02T06:00,25.2,27.1,26.2,26.8,25.5,26.8,24.4,25.8,25.2,27.1,26.6,24.9,25.9,25.5,26.1,25.2,26.3,25,26.1,26.2,26.2,25.7,25.7,26.3,25.5,25.7,26.3,26.6,25.1,25.1,25.1,24,26,26,25.5,26.7,24.6,27.2,25.2,26.8,80,73,77,78,77,73,84,79,79,77,76,77,78,73,79,75,75,77,72,75,79,84,80,74,79,74,75,73,82,81,81,78,78,75,81,79,85,76,79,78,0,0,0,0,0,0,0.8,0,0,0,0,0,0,0,0,0,0,0,0,0,0,0,0,0,0,0,0,0,0,0,0,0.4,0,0,0,0,0.4,0,0,0,18.3,18.4,21.3,25.1,23.7,12.3,22.7,19.1,23.2,12.6,12.4,15.5,14.8,21.3,17.6,14.5,14.8,30.8,19.9,17.7,19.7,19.7,15.3,19.4,19.9,16.6,12,14.8,23.3,17.4,23.9,24.8,18.6,10.1,22.3,19.6,16.3,7.3,27.4,26.2,,,,,,,,,,,,,,,,,,,,,,,,,,,,,,,,,,,,,,,,,26.5,27.1,25.6,27.6,27.8,27.5,25.8,26.8,26.3,26.5,27.2,26.8,28.2,27.1,27.1,26.5,27,27.5,27.2,28.2,27.1,27.2,26.6,25.8,26.8,26,26.1,27.3,27.6,26.7,26.3,72,71,72,71,76,79,69,79,71,76,71,80,74,74,68,72,70,69,71,74,72,71,68,66,85,67,64,69,62,72,70,0,0,0,0,0.4,0.1,0,0,0,0.1,0,0.5,0,0,0.4,0,0.1,0,0,0,0,0,0,0,0.1,0,0,0,0,0,0,25.4,24,22.9,30.2,20.5,33.6,22.9,30.4,24.1,30.2,30.3,26,21.3,24.2,36.7,22.7,31.5,23.8,29.5,23.4,21.5,34,29.8,30.4,26.7,28.6,27,26.8,30.5,27.4,28.6,44.3,30.2,35.6,44.3,35.6,45,37.4,38.2,37.8,46.4,45.4,36.4,31,33.1,51.8,37.1,47.5,37.8,42.5,36,33.8,49.7,45.4,42.5,31,44.6,39.6,39.6,45.4,39.6,44.6,,,,,,22.2204,114.2127
2026-09-02T07:00,25.2,27.3,26,26.9,25.6,26.8,24.2,26,25.1,27.1,26.8,25,26,25.5,26.1,25.3,26.3,25,26.1,26.2,26.1,25.4,25.8,26.1,25.6,25.8,26.3,26.6,25.2,25.3,25.3,24,26.1,26,25.6,26.8,24.4,27.4,25.3,26.8,80,70,77,78,76,72,84,79,78,76,75,76,78,73,78,74,75,77,71,75,79,85,79,74,78,74,75,73,82,80,80,77,77,74,81,78,87,75,78,78,0,0,0,0,0,0,0.8,0,0,0,0,0,0,0,0,0,0,0,0,0,0,0,0,0,0,0,0,0,0,0,0,0.4,0,0,0,0,0.4,0,0,0,18.6,21.7,21.5,25.4,23.5,13,23.4,19.1,24.4,13,12.9,15.8,15.2,22,18.2,14.5,13.2,30.4,21,17.8,20.4,21.1,15.5,20.7,20.2,16.5,11.8,15.1,22.8,17.3,23.7,24,18.8,11,23.1,19.8,15.8,7.6,26.6,26.1,,,,,,,,,,,,,,,,,,,,,,,,,,,,,,,,,,,,,,,,,26.5,27.1,25.5,27.5,27.8,27.4,25.7,26.9,26.4,26.6,27.1,26.9,27.9,27.1,27,26.6,26.9,27.4,27.2,28.1,27,27.4,26.7,25.7,26.8,25.9,26.2,27.4,27.7,26.7,26.4,71,70,71,71,75,79,69,79,70,75,70,79,72,73,68,72,69,68,71,73,71,70,67,66,84,67,64,68,61,72,69,0,0,0,0,0.4,0.1,0,0,0,0.1,0,0.5,0,0,0.4,0,0.1,0,0,0,0,0,0,0,0.1,0,0,0,0,0,0,25,23.6,23.4,29.9,23.1,33.4,21.7,28.4,23.8,32.3,31,25.7,24.5,24.4,36.4,22.9,30.9,22.3,31.7,26.4,21.2,34.6,29.5,29.5,25.3,30.7,27.8,29.1,32.2,26.9,28.3,42.1,29.9,37.1,46.4,38.9,46.1,36.4,36,39.6,46.8,45.7,35.3,34.9,36,51.5,38.5,45.7,37.4,45.4,37.1,34.2,52.9,43.9,42.1,31,48.2,41.4,42.8,46.4,40.7,43.9,,,,,,22.2204,114.2127
2026-09-02T08:00,25.4,27.6,26.1,27.2,25.7,27.1,24,26.4,25.2,27.3,27.2,25.4,26.2,25.7,26.4,25.6,26.6,25.1,26.3,26.5,26.3,25.3,26,26.3,25.8,26.2,26.6,26.8,25.4,25.7,25.7,24.1,26.4,26.1,25.9,27,24.5,27.7,25.5,27,79,67,76,78,76,70,85,77,77,74,74,75,77,72,77,73,74,77,70,74,78,85,79,73,77,73,74,72,81,78,79,76,76,72,80,77,88,73,77,77,0,0,0,0,0,0,0.8,0,0,0,0,0,0,0,0,0,0,0,0,0,0,0,0,0,0,0,0,0,0,0,0,0.4,0,0,0,0,0.4,0,0,0,18.8,24.3,22,26.1,23.3,14.3,23.9,19.5,25.5,14,13.5,16.1,15.9,22.5,18.6,15,12.7,30.2,21.7,18.1,21.5,22.5,15.5,21.7,20.4,16.5,12.5,15.8,22.2,17.3,24,23.7,19.4,11.7,23.4,20.1,15.7,8.3,26.1,26.1,,,,,,,,,,,,,,,,,,,,,,,,,,,,,,,,,,,,,,,,,26.7,27.2,25.7,27.5,27.9,27.4,25.9,27,26.7,26.5,27.2,27.1,27.9,27.2,27.1,26.8,27,27.4,27.4,28.2,27.1,27.7,26.9,26,27,26.1,26.4,27.6,27.8,26.8,26.7,70,69,70,70,74,79,68,78,68,76,69,78,70,72,68,71,69,68,71,72,70,69,66,65,82,66,63,67,60,71,68,0,0,0,0,0.4,0.1,0,0,0,0.1,0,0.5,0,0,0.4,0,0.1,0,0,0,0,0,0,0,0.1,0,0,0,0,0,0,24.6,23.6,24.2,30.3,25.3,32.7,20.9,26.7,23.7,33.4,31.7,24.7,26.3,25.1,35.2,23.5,30.7,21.6,33.2,28.1,20.9,35.3,29.6,28.6,24.2,32.1,28.1,30.2,33.5,26.9,27.9,40.3,29.5,37.8,47.9,41,46.8,35.3,33.5,40,46.1,46.1,33.5,37.1,38.5,49.3,39.2,44.6,37.4,47.5,37.1,34.2,54.4,42.8,41.4,31.3,50.8,41.8,44.6,46.4,41,42.8,,,,,,22.2204,114.2127
2026-09-02T09:00,25.9,28.2,26.5,27.6,25.9,27.7,23.9,27.1,25.6,27.9,27.9,26.1,26.6,26.3,26.9,26.4,27.1,25.4,27,27.2,26.8,25.3,26.2,27,26.3,26.9,27.2,27.3,25.9,26.5,26.3,24.4,27.1,26.6,26.5,27.5,24.9,28.3,26,27.4,77,64,74,77,75,68,86,74,75,72,71,72,76,70,75,70,72,77,67,72,76,85,79,71,75,71,72,70,79,75,77,75,74,70,78,75,87,70,75,75,0,0,0,0,0,0,6.6,0,0,0,0,0,0,0,0,0,0,0,0,0,0,0.1,0.2,0,0,0,0,0,0,0,0,0,0,0,0,0,1.4,0,0,0,19.4,26.7,23.2,26.8,23.8,16.3,24.2,20.2,26.3,15.7,15.2,17,17.8,23,19.2,16.1,13,30,22.9,19,23,23.5,16.1,22.9,21.1,17.2,14.1,17.3,22.4,17.7,24.5,24.1,20,12.5,23.6,20.9,16.5,9.7,26.1,26.3,,,,,,,,,,,,,,,,,,,,,,,,,,,,,,,,,,,,,,,,,27.3,27.5,26.6,28,28.2,27.5,26.6,27.2,27.3,26,27.4,27.4,28.3,27.7,27.5,27.3,27.3,27.6,27.6,28.7,27.4,28.1,27.3,26.6,27.5,26.8,27,28.2,28.2,27,27.2,68,68,68,68,72,78,66,77,66,78,68,76,68,71,67,69,68,68,70,71,68,68,64,63,80,65,62,66,60,70,66,0,0,0,0,0,0.7,0,0,0,1.4,0,0.8,0,0,0.2,0,0,0,0,0,0,0,0,0,0.1,0,0,0,0,0,0,25.1,24.8,25.5,31.7,26.1,31.9,21.3,25,23.6,32.1,32.9,22.7,25.6,26,31.8,24.5,31.3,21.6,33.6,27.7,21,35.7,29.4,28.6,23.5,33.4,27.7,29.4,33.6,26.8,28.2,38.9,31,37.8,47.9,41,45.7,34.6,31.3,38.9,44.3,46.8,31,35.6,39.6,44.3,39.2,44.6,38.9,49.3,35.3,33.5,52.9,41.4,40.3,32,50.8,40,43.6,45,40.3,41,,,,,,22.2204,114.2127
2026-09-02T10:00,26.5,29.2,27.2,28.2,26.2,28.7,23.8,28.3,26.4,28.7,28.9,27.3,27.2,27.1,27.8,27.5,28,25.7,28.1,28.2,27.6,25.4,26.4,28.1,27,28,28.3,28.2,26.5,27.7,27.2,24.8,28.1,27.3,27.4,28.2,25.5,29.1,26.7,28.1,75,61,71,74,73,64,87,69,73,68,67,68,74,67,71,66,69,76,64,68,72,85,80,67,72,67,68,67,77,70,73,74,70,67,75,72,85,67,72,71,0,0,0,0,0,0,6.6,0,0,0,0,0,0,0,0,0,0,0,0,0,0,0.1,0.2,0,0,0,0,0,0,0,0,0,0,0,0,0,1.4,0,0,0,20.4,29.1,24.7,28,24.8,19.4,24.7,21.2,27.2,18.2,17.3,18.5,20.5,23.7,20.2,18,14.7,29.5,24.4,20.3,25.1,24.4,17.3,24.1,21.8,19,17,20.2,22.9,18.6,26,25,21.5,14,23.7,22,18.5,11.9,26.6,27.1,,,,,,,,,,,,,,,,,,,,,,,,,,,,,,,,,,,,,,,,,28.1,27.8,27.8,28.7,28.7,27.7,27.7,27.4,28.1,25.3,27.7,27.7,29,28.3,28.2,28.1,27.7,27.9,27.8,29.3,27.9,28.6,27.9,27.5,28.1,27.7,27.7,29,28.7,27.4,28,66,68,65,66,71,78,64,76,64,81,68,74,66,69,65,67,67,67,69,70,66,68,62,61,77,63,60,65,60,69,64,0,0,0,0,0,0.7,0,0,0,1.4,0,0.8,0,0,0.2,0,0,0,0,0,0,0,0,0,0.1,0,0,0,0,0,0,26.6,26.4,27.2,33.5,26.1,31,21.8,23.2,23.7,29.8,33.7,20.8,23.1,27.1,26.9,25.4,31.8,21.7,33.7,25.9,21,35.9,29.2,28.9,22.7,34.6,27,27.7,33,26.7,28.7,37.8,32.8,37.8,46.8,39.6,43.6,33.8,28.8,37.1,41.8,47.9,27.7,32.4,40,37.8,38.9,45.4,40.7,50.4,32.8,32.4,49.7,40,38.9,33.5,49.7,37.4,41.4,42.5,38.9,39.2,,,,,,22.2204,114.2127
2026-09-02T11:00,27.3,30.3,28.1,28.9,26.6,29.9,23.7,29.6,27.2,29.6,30,28.6,27.9,28.2,28.8,28.8,29,26.1,29.4,29.4,28.6,25.6,26.7,29.4,27.9,29.3,29.5,29.3,27.3,29,28.2,25.2,29.3,28.2,28.4,29,26.4,30.1,27.6,29,72,57,67,72,72,61,89,64,70,65,63,64,72,63,67,62,66,76,59,63,68,84,80,63,69,62,64,64,74,65,69,72,66,64,71,69,82,63,68,67,0,0,0,0,0,0,6.6,0,0,0,0,0,0,0,0,0,0,0,0,0,0,0.1,0.2,0,0,0,0,0,0,0,0,0,0,0,0,0,1.4,0,0,0,21.3,31.5,26.7,29.1,25.6,22.7,24.7,22.2,28.1,21.3,20,20.7,23.9,24.4,21.3,20.1,16.3,29,25.6,21.9,27.4,25.1,18.6,25.8,23,21.2,20.4,23.2,23.7,19.8,27.6,26.3,23,16.1,24,23.4,20.9,14.2,27.3,27.9,,,,,,,,,,,,,,,,,,,,,,,,,,,,,,,,,,,,,,,,,28.8,28.2,28.8,29.3,29.2,28,28.6,27.7,28.8,25.1,28.1,28.1,29.7,28.9,28.9,28.9,28.1,28.1,28.1,29.8,28.5,29.1,28.4,28.4,28.5,28.6,28.4,29.6,29.1,27.8,28.6,65,68,63,65,69,77,63,75,63,82,67,73,65,68,64,66,66,67,68,69,65,67,60,59,76,62,59,64,61,68,63,0,0,0,0,0,0.7,0,0,0,1.4,0,0.8,0,0,0.2,0,0,0,0,0,0,0,0,0,0.1,0,0,0,0,0,0,26.7,27,28.4,33.8,25.6,30.8,22.6,21.5,23.1,28,33.6,19.6,21.2,27.3,23.4,25.7,32.1,22.3,33.8,23.9,21,35.8,28.2,28.6,22.6,34.2,25.2,26.7,31.5,27,28.2,36.4,33.5,37.4,45.7,38.2,42.8,33.1,27,34.9,40.3,47.5,25.9,29.5,39.2,32.8,37.8,45.4,42.5,50.8,30.2,31.3,47.2,38.5,37.4,34.2,47.5,34.2,40,39.2,38.5,37.1,,,,,,22.2204,114.2127
2026-09-02T12:00,28.1,31.3,28.9,29.5,26.9,31,23.6,30.8,28.1,30.6,31.1,29.8,28.5,29.2,29.8,30.1,29.9,26.5,30.7,30.6,29.5,25.8,27,30.7,28.8,30.6,30.7,30.3,28,30.2,29.2,25.7,30.5,29,29.4,29.8,27.2,31,28.5,29.8,69,54,63,70,70,57,90,59,68,61,58,59,70,60,63,58,63,76,55,58,65,84,81,59,66,58,60,61,71,60,65,71,62,62,67,66,79,60,65,64,0,0,0,0,0,0,6.6,0,0,0,0,0,0,0,0,0,0,0,0,0,0,0.1,0.2,0,0,0,0,0,0,0,0,0,0,0,0,0,1.4,0,0,0,22.4,33.3,28.5,29.8,26.6,26,25,22.9,28.7,24.1,22.5,22.9,26.6,24.6,22.4,22.2,18.1,28.5,26.7,23.6,29.8,25.7,20,27.1,24.2,23.5,24.2,26.1,24.3,20.4,29.2,27.2,24.5,18.1,24.3,24.9,23.6,16.7,27.5,28.3,,,,,,,,,,,,,,,,,,,,,,,,,,,,,,,,,,,,,,,,,29.5,28.5,29.4,29.6,29.8,28.4,29.3,27.8,29.6,25.5,28.7,28.4,30.2,29.6,29.4,29.5,28.4,28.2,28.5,30.1,29.1,29.6,29,29.1,28.5,29.3,29.1,29.9,29.5,28.1,29.2,64,68,62,65,67,76,63,75,63,79,66,73,65,67,64,65,65,67,67,69,64,66,60,59,76,62,60,63,62,67,63,0,0,0,0,0.1,0.1,0,0,0,0.6,0,0,0,0,0,0,0,0,0,0,0,0,0,0,0.3,0,0,0,0,0,0,25.1,25.7,27.6,32.2,25,32.3,22.4,20.8,22,27.3,31.5,20,19.8,25.6,21.8,24.6,31.8,23.5,34.1,21.6,20.9,35.8,26.7,26.5,23.6,30.6,22.4,27.2,28.4,29.2,26.2,34.6,32,37.1,44.3,36,44.3,32.4,25.6,32.8,41,45.4,26.6,28.1,37.4,29.5,36.4,45,43.6,50,28.1,30.6,45.7,37.1,35.6,34.6,43.6,31.3,40.3,35.3,40.3,35.6,,,,,,22.2204,114.2127
2026-09-02T13:00,28.7,32.2,29.6,30,27.1,31.9,23.6,31.8,28.8,31.3,31.9,30.9,29.1,30,30.6,31.1,30.7,26.8,31.7,31.5,30.3,25.9,27.3,31.7,29.5,31.6,31.7,31.1,28.6,31.2,30,26.2,31.4,29.7,30.2,30.5,27.9,31.8,29.2,30.4,67,52,60,68,69,54,91,55,66,58,55,56,69,57,60,54,60,75,52,55,62,83,81,56,63,55,57,58,69,56,62,70,59,60,64,63,76,57,62,61,0,0,0,0,0,0,6.6,0,0,0,0,0,0,0,0,0,0,0,0,0,0,0.1,0.2,0,0,0,0,0,0,0,0,0,0,0,0,0,1.4,0,0,0,22.8,34.2,29.7,30.2,27.3,28.3,25,23.2,29.3,26.3,24.2,24.4,28.8,24.3,23.2,23.5,19.3,27.9,27.1,24.3,31.7,26,21.6,28.1,25,24.6,26.9,28.3,24.9,21,30.2,28,25.9,19.7,24.5,25.9,25.5,19,27.5,28.9,,,,,,,,,,,,,,,,,,,,,,,,,,,,,,,,,,,,,,,,,30.2,28.9,29.9,29.7,30.4,28.9,29.9,27.9,30.3,26.3,29.4,28.8,30.7,30.2,29.9,30,28.8,28.2,29,30.3,29.7,30,29.5,29.7,28.4,29.9,29.8,30.1,29.8,28.4,29.7,64,68,63,65,66,76,63,74,63,73,65,73,66,66,65,65,65,68,67,69,64,65,60,61,77,62,61,63,63,66,63,0,0,0,0,0.1,0.1,0,0,0,0.6,0,0,0,0,0,0,0,0,0,0,0,0,0,0,0.3,0,0,0,0,0,0,23.1,23.5,26,29.8,24.8,35.3,21.9,20,21,26.4,28,20.9,19.2,23.1,21.9,22.7,30.7,25.9,34.4,18.8,20.9,35.5,24.4,23.4,25.6,25.8,19.5,28.9,24.5,31.7,23.5,32.4,29.2,37.1,42.8,33.5,46.4,32,24.5,30.6,42.5,41.8,29.2,27.4,34.6,27.7,34.2,43.9,44.3,49,25.9,29.9,44.6,35.6,33.1,34.9,38.5,28.1,41,30.6,42.8,33.8,,,,,,22.2204,114.2127
2026-09-02T14:00,29,32.6,29.9,30.3,27.2,32.3,23.5,32.4,29.3,31.7,32.3,31.5,29.3,30.4,31,31.7,31,27,32.2,32,30.6,26,27.5,32.3,29.9,32.2,32.2,31.5,28.9,31.8,30.3,26.4,31.8,30.1,30.6,30.8,28.4,32.1,29.6,30.7,66,50,59,67,68,53,92,53,65,57,53,54,68,56,59,53,59,75,50,53,60,83,81,54,62,53,55,57,68,54,60,69,58,59,63,62,74,56,61,59,0,0,0,0,0,0,6.6,0,0,0,0,0,0,0,0,0,0,0,0,0,0,0.1,0.2,0,0,0,0,0,0,0,0,0,0,0,0,0,1.4,0,0,0,23.1,33.9,30,30.1,27.2,29.4,25,22.6,29,27.1,24.5,25,30,23.6,23.5,24.1,19.3,27.1,26.4,23.9,32.5,26,22.4,28.6,25,25,27.9,28.9,25,20.7,30.6,28,26.4,20.3,24.3,26.3,26.5,20,27,28.8,,,,,,,,,,,,,,,,,,,,,,,,,,,,,,,,,,,,,,,,,30.6,29.2,30.2,29.9,30.7,29.1,30.3,28.1,30.8,27.2,30,29.1,31.1,30.7,30.2,30.4,29,28.2,29.4,30.5,30.2,30.3,30,30.2,28.2,30.3,30.3,30.2,30.1,28.7,30.1,64,68,63,65,66,76,63,74,64,69,65,73,66,65,65,65,65,69,66,69,64,65,61,62,78,62,63,63,64,66,64,0,0,0,0,0.1,0.1,0,0,0,0.6,0,0,0,0,0,0,0,0,0,0,0,0,0,0,0.3,0,0,0,0,0,0,21.2,21.2,24.8,27.8,25.5,37.8,21.6,19.5,19.6,25,25.4,22.4,18.5,21.3,22.6,20.8,28.9,28.2,34.4,18.4,20.3,35.3,22.6,21,27.2,22.5,15.9,29.6,21.3,32.1,20.9,31.3,26.3,37.1,41.4,32,48.2,32,23.8,28.4,41.8,39.2,31.3,27,32.4,27.4,32.4,42.1,45,47.5,25.9,28.4,43.9,33.8,31.3,34.6,34.6,24.5,41.8,27.4,42.8,31.7,,,,,,22.2204,114.2127
2026-09-02T15:00,26.3,29,26.8,27.8,25.9,28.6,23.5,28.5,27,28.6,28.4,27.7,26.8,27.4,27.6,27.5,27.6,25.9,28,28.4,27.1,25,27.1,28.3,27.1,28.5,27.8,28.1,26.6,28.2,26.6,25.3,27.6,27.2,27,27.9,26.1,28.6,27,27.9,78,56,73,77,74,65,90,70,74,69,68,68,76,72,75,71,72,77,67,69,74,86,76,67,72,69,70,69,77,71,74,72,73,71,76,73,80,67,74,71,0,0,0,0,0,0,12.8,0,0,0,0,0,0.1,0,0,0,0,0,0,0,0,0.3,0.5,0,0,0,0,0,0,0,0,0,0,0,0,0,0,0,0,0,17.8,19.6,20.4,24.5,20.6,14.8,25.5,13.4,22.7,13.7,10.9,13.5,18.4,12.7,14.7,14.3,8.9,24.9,13.8,12.1,21.4,20.5,19.3,19.1,16.3,12.2,13,15.5,21.1,11.3,21.8,21.2,17.7,10,20.5,16.3,16.7,11.5,19.1,23.9,,,,,,,,,,,,,,,,,,,,,,,,,,,,,,,,,,,,,,,,,30.8,29.4,30.2,30.1,30.3,29,30.5,28.4,31,28,30.2,29.1,31.3,31,30.2,30.8,29.2,28.1,29.6,30.8,30.5,30.2,30.2,30.4,28.2,30.5,30.3,30.2,30.1,28.7,30.3,64,68,63,64,68,77,63,73,65,67,65,74,66,65,65,65,66,70,65,68,64,65,61,63,78,62,65,63,65,67,65,0,0,0,0,0.4,0,0,0.1,0,0,0,0.3,0,0,0,0,0,0,0,0.6,0,0,0,0,1,0,0,0,0,0,0,20.9,17.8,25.3,26.6,24.7,38.8,22.2,18.6,17.7,21.5,24.6,24,18.5,20.9,23.8,18.7,25.3,29.5,33.4,21,18.6,35.1,21.7,20,27.3,21.2,10.6,28.6,19.4,27.6,18.1,31.7,22,38.2,40,31.7,49,33.1,23.4,25.9,37.1,37.8,32.8,26.6,31.3,29.2,30.2,38.5,45.7,46.4,29.5,25.6,43.6,31.7,29.5,33.5,32.8,19.1,41.8,25.9,38.2,27.7,,,,,,22.2204,114.2127
2026-09-02T16:00,26.5,29.3,26.9,27.9,25.9,28.9,23.6,28.8,27.4,28.8,28.6,28.1,27,27.7,27.9,27.8,27.8,26,28.4,28.8,27.3,25,27.3,28.7,27.4,28.9,28.1,28.3,26.8,28.6,26.7,25.6,27.8,27.4,27.3,28,26.4,28.8,27.2,28,77,55,72,76,73,64,91,69,73,68,67,67,76,72,74,70,72,77,66,68,73,86,76,66,71,68,69,69,76,70,73,71,73,71,76,72,79,66,74,71,0,0,0,0,0,0,12.8,0,0,0,0,0,0.1,0,0,0,0,0,0,0,0,0.3,0.5,0,0,0,0,0,0,0,0,0,0,0,0,0,0,0,0,0,17.6,18.2,20.1,23.8,20,14.8,25.3,12.6,21.9,13.6,10.6,13,18.8,10.6,14.3,14.3,8.3,23.8,11.9,10.8,21.4,19.7,20.3,18.7,15.8,11.8,13,15.3,21.1,10.4,21.4,20.7,17.5,9.7,20,15.8,17.3,11.9,17.8,23.4,,,,,,,,,,,,,,,,,,,,,,,,,,,,,,,,,,,,,,,,,30.9,29.4,30,30.2,29.6,28.7,30.5,28.9,31,28.9,30.3,29.1,31.4,31,30.1,31,29.4,28,29.7,31,30.7,30,30.4,30.4,28.1,30.4,30.1,30.2,30.1,28.7,30.4,65,68,63,63,71,78,63,71,66,67,66,75,65,65,65,66,66,70,65,67,65,65,62,64,78,63,68,63,67,69,66,0,0,0,0,0.4,0,0,0.1,0,0,0,0.3,0,0,0,0,0,0,0,0.6,0,0,0,0,1,0,0,0,0,0,0,22,14.3,26.7,25.3,23.5,38.6,23.2,18,15.1,18.1,25.2,25.4,18.5,21.6,25.5,17.3,20.9,30.4,32.4,25.3,16.1,34.9,21.1,19.3,26.6,21.3,4.8,27.7,18.3,21.4,15.5,32.8,17.6,40,38.9,32.4,49.3,34.9,23.8,23.4,30.2,37.4,34.2,26.6,31,32.8,28.4,33.8,46.4,45.4,34.9,22.3,43.6,29.2,27.7,32,31.7,13.7,41,25.6,31.3,23,,,,,,22.2204,114.2127
2026-09-02T17:00,26.7,29.5,27.1,28,25.9,29.1,23.6,29.1,27.7,29,28.8,28.5,27.1,28,28.1,28.1,28,26.1,28.7,29.1,27.4,25,27.4,29,27.6,29.2,28.3,28.6,27,28.9,26.9,25.9,28,27.6,27.5,28.2,26.7,28.9,27.4,28.2,77,54,71,76,73,63,91,68,73,67,67,66,76,72,74,70,71,77,66,67,72,86,76,65,71,67,69,68,75,69,72,70,73,71,75,71,77,66,73,70,0,0,0,0,0,0,12.8,0,0,0,0,0,0.1,0,0,0,0,0,0,0,0,0.3,0.5,0,0,0,0,0,0,0,0,0,0,0,0,0,0,0,0,0,17.6,17.1,19.6,23.1,19.5,14.8,24.8,11.7,21.1,13.2,10,12.7,18.8,8.9,13.8,14.1,7.8,22.9,10.5,9.6,21.1,19.4,21.1,18.4,15.1,11.5,13.2,15.3,20.9,9.6,21.3,20.2,17.1,9.5,19.5,15.3,17.4,12.3,16.8,23,,,,,,,,,,,,,,,,,,,,,,,,,,,,,,,,,,,,,,,,,30.8,29.4,29.8,30.3,29,28.5,30.4,29.1,31,29.5,30.2,29,31.4,30.9,30,31.1,29.5,27.9,29.6,31.1,30.7,29.7,30.4,30.4,28.1,30.3,30,30,30,28.7,30.5,65,68,64,63,74,79,63,70,67,67,66,75,65,65,65,66,67,71,65,66,66,66,62,65,78,63,69,64,68,70,67,0,0,0,0,0.4,0,0,0.1,0,0,0,0.3,0,0,0,0,0,0,0,0.6,0,0,0,0,1,0,0,0,0,0,0,22.8,12.6,27,24.6,24,37.9,24.4,18.2,14.1,16.5,26.4,26.1,18.9,22.8,26.1,17.9,18.1,31,31.4,28.4,14.8,35.4,20.8,19.9,25.9,22,2.8,26.7,18.5,17.6,14.1,32.8,16.2,40.3,37.4,34.2,49.3,35.6,24.1,22,25.2,37.8,35.3,26.6,32,34.2,28.1,30.6,46.8,44.6,38.9,20.9,43.9,27.4,27.7,31,31.7,11.9,40.7,26.6,26.6,20.5,,,,,,22.2204,114.2127
2026-09-02T18:00,26.8,29.7,27.1,28.1,25.9,29.3,23.6,29.4,28,29.1,29,28.8,27.2,28.2,28.3,28.4,28.1,26.2,28.9,29.4,27.6,25.1,27.5,29.3,27.8,29.5,28.5,28.7,27.1,29.2,27,26.1,28.1,27.8,27.6,28.3,27,29,27.6,28.3,77,53,71,76,72,63,92,68,72,67,66,65,76,72,73,69,71,76,66,66,72,85,76,64,70,66,68,68,75,68,72,70,72,71,75,71,76,65,73,70,0,0,0,0,0,0,12.8,0,0,0,0,0,0.1,0,0,0,0,0,0,0,0,0.3,0.5,0,0,0,0,0,0,0,0,0,0,0,0,0,0,0,0,0,17.1,15.9,19.4,22.5,18.9,14.8,24.5,11.5,20.6,13.1,9.7,12.2,18.8,7.6,13.6,14.1,7.5,21.8,9.4,8.7,21.3,19,22,17.7,14.6,10.8,13.2,15,20.9,9,20.9,19.7,16.9,9.3,19.1,14.8,17.8,12.6,15.8,22.5,,,,,,,,,,,,,,,,,,,,,,,,,,,,,,,,,,,,,,,,,30.7,29.5,29.7,30.2,28.6,28.4,30.2,29.1,30.8,29.6,29.9,29,31.2,30.7,30,30.9,29.5,27.6,29.3,30.8,30.6,29.2,30.3,30.2,28.1,30.1,30,29.6,30,28.9,30.4,65,68,65,63,75,79,63,69,68,68,66,75,66,65,66,66,67,72,65,67,67,67,63,65,78,64,69,65,68,70,67,0,0,0,0,0.2,0.4,0,0,0.3,0,0,0.2,0,0,0,0,0,0.1,0,0.4,0.7,0,0,0,1.4,0,0.6,0,0,0.2,0.4,21.4,15,24.9,23.8,28.7,35.3,24.7,20,15,15.6,28.6,25.2,18.9,24.3,24.6,21.3,17.9,31.9,31.7,29.1,15.2,36.8,19.7,22,25.5,23.4,8.4,26.3,20.9,15.7,15.3,30.2,20.5,38.2,36,38.9,48.2,35.3,25.2,22.7,23.8,40,35.6,25.9,35.3,31.7,31.3,29.2,46.4,44.6,40.3,23.4,45.7,26.6,31,31.3,32.8,17.3,40.7,30.6,26.6,22.7,,,,,,22.2204,114.2127
2026-09-02T19:00,26.9,29.8,27.2,28.1,25.9,29.4,23.7,29.5,28.1,29.2,29.1,29,27.2,28.3,28.4,28.5,28.2,26.3,29.1,29.5,27.7,25.1,27.6,29.5,27.9,29.7,28.7,28.8,27.2,29.4,27,26.2,28.2,27.9,27.7,28.4,27.2,29.1,27.7,28.3,77,52,70,76,72,62,92,67,72,66,65,64,76,71,73,69,71,76,65,66,71,85,76,63,69,65,67,67,74,67,71,69,72,71,74,70,75,65,72,69,0,0,0,0,0,0,12.8,0,0,0,0,0,0.1,0,0,0,0,0,0,0,0,0.3,0.5,0,0,0,0,0,0,0,0,0,0,0,0,0,0,0,0,0,17.1,14.8,18.9,22.3,18.3,14.4,23.4,11,20.4,13.1,9.4,12,18.8,6.3,13.6,13.6,7.2,20.7,8.3,8.2,21.2,18.3,22.5,17.6,14.1,10.6,13.2,14.8,20.4,8.4,20.5,19.2,16.8,9.1,18.8,14.5,18.1,12.6,15,22.5,,,,,,,,,,,,,,,,,,,,,,,,,,,,,,,,,,,,,,,,,30.5,29.5,29.5,30,28.4,28.5,29.8,28.9,30.6,29.5,29.4,29,30.9,30.3,29.9,30.5,29.6,27.3,28.9,30.3,30.2,28.6,30.1,29.8,28.1,29.7,30,29.1,29.9,29.1,30.3,66,67,67,64,76,79,63,69,69,69,67,74,67,66,67,66,67,73,66,69,69,68,64,64,79,64,68,67,67,69,67,0,0,0,0,0.2,0.4,0,0,0.3,0,0,0.2,0,0,0,0,0,0.1,0,0.4,0.7,0,0,0,1.4,0,0.6,0,0,0.2,0.4,19.5,20.2,21.7,23.4,35.5,32.7,24.4,22.4,17.3,16,31,23.7,19.4,26,22.1,25.8,19.1,32.9,32.6,28.5,18.4,39.1,18.8,26,25.2,25.6,17.4,26,24.9,16.7,18.8,26.6,28.1,34.9,34.6,44.6,46.8,33.8,27,24.8,24.5,42.8,35.6,24.8,40,27.4,36.4,29.2,45.7,44.6,40.3,28.1,47.9,26.3,36,32.4,34.9,27,40.7,36,29.2,27,,,,,,22.2204,114.2127
2026-09-02T20:00,26.9,29.8,27.2,28,25.9,29.4,23.8,29.6,28.2,29.2,29.1,29.2,27.3,28.4,28.4,28.6,28.2,26.3,29.2,29.6,27.7,25.1,27.6,29.5,28,29.8,28.7,28.8,27.1,29.4,27,26.2,28.3,28,27.8,28.4,27.3,29.1,27.7,28.3,77,51,70,76,72,62,92,67,72,66,65,64,76,71,73,69,71,76,65,65,71,85,76,63,69,65,67,67,74,67,71,69,72,71,74,70,74,65,72,69,0,0,0,0,0,0,12.8,0,0,0,0,0,0.1,0,0,0,0,0,0,0,0,0.3,0.5,0,0,0,0,0,0,0,0,0,0,0,0,0,0,0,0,0,16.5,14.4,18.6,21.7,18,14.4,22.4,11.1,19.9,12.8,9.2,11.7,18.8,5.5,13.5,13.6,6.9,20,7.9,7.6,20.7,18,23.1,17.2,13.6,10.4,13.2,14.8,20.1,8.2,20.2,18.9,16.8,9.1,18.3,14.2,18.1,13,14.5,22.2,,,,,,,,,,,,,,,,,,,,,,,,,,,,,,,,,,,,,,,,,30.2,29.4,29.4,29.8,28.2,28.5,29.5,28.6,30.3,29.3,29,28.9,30.6,30,29.7,30.1,29.5,27.1,28.5,29.9,29.9,28.1,29.9,29.5,28.1,29.3,30,28.6,29.8,29.1,30,66,67,68,65,76,79,63,69,69,70,67,73,68,67,68,66,67,74,67,70,70,69,65,64,79,65,67,68,67,69,67,0,0,0,0,0.2,0.4,0,0,0.3,0,0,0.2,0,0,0,0,0,0.1,0,0.4,0.7,0,0,0,1.4,0,0.6,0,0,0.2,0.4,18.8,24.2,20.5,22.8,38.5,31.3,23.8,23.9,18.9,18,32.4,23,19.6,27,20.3,28.8,20.3,33,32.8,27.8,21.8,40.2,18.9,28.3,24.7,26.7,24.2,25.9,28.6,19.7,21.9,24.5,34.2,33.1,33.5,47.5,45.7,32.8,27.7,26.6,26.3,44.6,34.9,25.2,42.8,24.8,39.6,29.5,45,44.6,40,31.3,49.3,26.6,39.2,32.4,36,33.8,40,40,31.7,30.2,,,,,,22.2204,114.2127
2026-09-02T21:00,26.8,29.7,27.1,27.9,25.8,29.4,24,29.5,28.2,29.2,29,29.2,27.3,28.3,28.4,28.5,28.2,26.2,29.2,29.5,27.7,25.1,27.6,29.5,28,29.7,28.7,28.7,27,29.4,27,26.2,28.2,28,27.7,28.4,27.3,29.1,27.6,28.3,77,51,70,76,72,62,92,67,72,66,65,64,76,71,73,69,71,76,65,65,71,85,76,63,69,65,67,67,74,67,71,69,72,71,74,70,74,65,72,69,0,0,0,0,0,0,1,0,0,0,0,0,0,0,0,0,0,0,0,0,0,0,0.6,0,0,0,0,0,0,0,0,0,0,0,0,0,0,0,0,0,16.3,14.4,18.4,21.1,17.7,14,20.9,11.4,19.9,12.5,8.9,11.7,18.8,5,13.5,13.6,6.6,19.2,7.9,7.4,20.4,17.8,23.7,16.9,13.1,10.2,13.2,14.8,19.6,7.9,19.8,18.9,16.8,9.1,18,14.3,18.3,13,14.2,22.3,,,,,,,,,,,,,,,,,,,,,,,,,,,,,,,,,,,,,,,,,30,29.2,29.1,29.5,27.9,28.3,29.4,28.4,30.1,29.1,28.7,28.8,30.4,29.6,29.3,29.8,29.3,26.9,28.1,29.7,29.7,27.8,29.7,29.2,28.1,28.9,29.8,28.1,29.4,29,29.7,66,67,68,65,76,79,63,70,69,70,67,73,68,68,69,66,67,75,67,70,71,70,65,64,79,65,66,69,67,69,67,0,0,0,0,1.3,0.6,0,0,0.1,0,0,0,0.1,0,0,0,0,0.1,0,0,0,0,0,0,0.6,0,0,0,0,0,0.1,19.6,25.6,22.3,22,34.5,32.6,23,23.2,19.6,20.6,32,22.7,20.4,27,20.6,27.8,21.5,32.4,32.2,27.6,22,39,19.5,27.1,23.5,25.5,25.2,26.7,30.1,21.3,22.4,25.6,36.7,34.6,32.4,45,45.7,31.7,27.4,27,30.2,44.6,33.8,27.4,42.8,25.9,39.2,30.2,44.6,43.6,39.6,31.3,49,27.4,38.5,31,35.3,35.3,37.4,41.8,33.1,31,,,,,,22.2204,114.2127
2026-09-02T22:00,26.7,29.6,26.9,27.8,25.7,29.2,24.2,29.4,28.1,29,28.9,29.1,27.3,28.1,28.2,28.3,28.2,26.1,29.1,29.4,27.7,25.1,27.5,29.3,27.9,29.6,28.6,28.6,26.8,29.2,26.8,26,28.1,27.9,27.6,28.3,27.3,29,27.3,28.2,77,50,69,76,72,62,92,67,72,66,65,64,76,70,73,69,71,75,65,64,71,84,77,63,68,65,67,66,74,67,71,69,72,71,74,70,73,65,72,69,0,0,0,0,0,0,1,0,0,0,0,0,0,0,0,0,0,0,0,0,0,0,0.6,0,0,0,0,0,0,0,0,0,0,0,0,0,0,0,0,0,15.8,14.4,17.9,21,17.1,13.7,18.9,11.7,19.6,12.6,9.2,11.5,18.5,4.7,13.8,13.3,6.9,18.4,8.3,7.4,19.7,17.5,24.3,17.1,13.1,10.2,13.5,14.8,19.6,8.1,19.2,18.6,16.6,9.1,18,14.5,18.1,13.3,14.2,22.6,,,,,,,,,,,,,,,,,,,,,,,,,,,,,,,,,,,,,,,,,29.7,28.9,28.9,29.2,27.7,28.2,29.2,28,29.9,28.8,28.4,28.6,30.2,29.3,28.9,29.6,29,26.9,27.9,29.5,29.5,27.5,29.4,29,28,28.4,29.6,27.7,28.9,28.7,29.4,67,68,67,66,75,80,64,71,68,69,68,73,67,69,69,66,67,76,68,69,71,70,65,65,79,65,66,70,68,69,68,0,0,0,0,1.3,0.6,0,0,0.1,0,0,0,0.1,0,0,0,0,0.1,0,0,0,0,0,0,0.6,0,0,0,0,0,0.1,21.6,26.3,25.9,20.9,27,34.7,22.3,21.9,19.9,23.6,30.7,22.1,22,26.6,21.4,25.6,22.7,31.1,31.1,27.3,21.3,36.4,21.9,24.8,22,24.2,23.7,27.9,30.9,23.4,22.3,28.4,37.4,37.8,31.7,39.6,46.8,30.6,26.3,27,36,43.9,32,31,41,28.8,37.4,31.7,43.9,42.5,38.9,29.9,47.9,28.8,36,28.8,33.8,34.6,33.8,42.1,34.6,30.6,,,,,,22.2204,114.2127
2026-09-02T23:00,26.5,29.3,26.7,27.5,25.5,29.1,24.4,29.1,27.9,28.8,28.7,29,27.2,27.8,28,28.1,28.1,25.9,28.9,29.1,27.6,25.1,27.4,29,27.7,29.3,28.5,28.3,26.4,28.9,26.7,25.8,27.9,27.8,27.5,28.2,27.2,28.8,27,28,78,50,69,76,72,63,92,68,72,66,65,64,76,69,74,69,71,75,65,64,71,84,78,63,68,65,67,66,74,67,72,69,72,71,74,70,73,66,71,70,0,0,0,0,0,0,1,0,0,0,0,0,0,0,0,0,0,0,0,0,0,0,0.6,0,0,0,0,0,0,0,0,0,0,0,0,0,0,0,0,0,15.5,14.8,17.6,20.5,16.6,13.4,16.8,11.9,19.9,12.3,9.4,11.5,18.5,4.7,14.2,13.1,6.6,17.6,9,7.4,19.2,17.1,24.5,16.9,12.8,10.4,13.2,14.8,19.1,8.7,18.9,18.8,17,9.4,17.9,14.8,18,13.3,14.1,22.8,,,,,,,,,,,,,,,,,,,,,,,,,,,,,,,,,,,,,,,,,29.4,28.7,28.6,28.9,27.6,28,29,27.7,29.6,28.6,28.2,28.4,30,29,28.5,29.3,28.7,26.8,27.6,29.3,29.2,27.4,29.2,28.7,27.9,28,29.3,27.2,28.5,28.5,29,67,68,66,66,74,80,64,72,68,69,68,73,67,70,69,66,67,76,68,68,71,70,65,66,79,65,66,72,68,69,68,0,0,0,0,1.3,0.6,0,0,0.1,0,0,0,0.1,0,0,0,0,0.1,0,0,0,0,0,0,0.6,0,0,0,0,0,0.1,23.3,26.6,28.4,20.7,22.4,36.6,21.9,20.9,20.5,25.9,29.4,21.4,23.1,25.9,22.1,24.2,23.8,29.4,29.9,27.2,21.3,33.8,24.4,22.8,20.5,23.8,22.7,28.3,30.9,25.8,22.9,31.3,37.8,40.7,31.3,35.6,47.5,30.2,25.2,27.7,40,42.8,29.9,33.5,38.9,31,36,32.8,42.8,41,37.4,29.2,45.7,30.2,33.8,26.6,32.4,33.8,30.6,41.8,35.6,31,,,,,,22.2204,114.2127
2026-09-03T00:00,26.3,29.1,26.5,27.3,25.3,28.8,24.7,28.8,27.6,28.6,28.4,28.8,27.2,27.5,27.8,27.8,28,25.7,28.7,28.8,27.6,25.1,27.2,28.7,27.5,29,28.3,28,26.1,28.5,26.4,25.6,27.7,27.7,27.3,28,27.1,28.7,26.7,27.8,78,50,69,76,72,63,91,69,73,66,66,65,76,68,74,70,71,74,65,64,71,83,79,63,68,65,67,66,74,68,72,69,73,71,74,71,73,66,71,70,0,0,0,0,0,0,1,0,0,0,0,0,0,0,0,0,0,0,0,0,0,0,0.6,0,0,0,0,0,0,0,0,0,0,0,0,0,0,0,0,0,15,15.2,17.4,19.7,16.3,13.1,14.5,12.6,19.9,12.1,9.2,11.5,18.1,4.8,14.6,12.8,6.9,16.8,9.8,7.9,18.7,16.9,25.1,17.3,12.8,10.4,13.2,14.5,18.6,8.9,18.4,19,16.9,9.4,18.1,15.2,17.7,13,14.3,23.6,,,,,,,,,,,,,,,,,,,,,,,,,,,,,,,,,,,,,,,,,29.1,28.5,28.3,28.6,27.8,28,28.4,27.4,29.3,28.4,27.9,28.2,29.8,28.7,28.2,29,28.4,26.7,27.5,29,29,27.3,28.8,28.4,27.8,27.5,29.1,26.7,28.2,28.2,28.6,67,68,66,67,73,79,65,75,68,69,68,73,67,71,69,67,67,76,68,68,70,70,65,67,78,65,67,74,68,68,67,0,0,0,0,0.1,0.2,0,0.1,0,0,0,0.2,0,0,0,0,0,0,0,0,0,0,0,0,0.2,0,0,0,0,0,0,24.8,27.3,29.6,21.3,22.7,36.8,23.4,20.6,21.8,26.4,28.9,19.8,23.4,25.2,22.2,24.1,24.2,27.6,29.3,25.6,22,31,25.9,22.8,18.7,24.9,22.7,25.4,29.6,27.3,24.4,34.2,38.2,42.1,31.3,34.9,48.6,31.7,24.5,30.2,41,41.4,27.4,34.6,36.4,30.6,35.6,33.5,40.7,40,33.8,30.2,42.1,32,33.5,25.2,32,34.2,27.4,40.3,36.4,32.8,,,,,,22.2204,114.2127
2026-09-03T01:00,26.1,28.8,26.2,27,25.1,28.5,25,28.4,27.4,28.3,28.1,28.6,27.1,27.1,27.5,27.5,27.9,25.5,28.5,28.5,27.5,25.1,27.1,28.3,27.3,28.6,28.1,27.7,25.6,28.1,26.2,25.3,27.4,27.5,27.1,27.9,27,28.5,26.3,27.6,78,50,69,76,72,64,91,70,73,67,66,65,76,67,74,70,71,74,65,63,72,82,79,63,68,65,67,66,75,68,73,69,73,71,74,71,73,67,71,71,0,0,0,0,0,0,1,0,0,0,0,0,0,0,0,0,0,0,0,0,0,0,0.6,0,0,0,0,0,0,0,0,0,0,0,0,0,0,0,0,0,14.8,15.6,17.1,19.3,16,12.9,12.3,13.1,20.1,12,9.4,11.5,17.7,5.3,15,12.5,7.1,15.8,10.9,8.2,17.9,16.9,25.7,17.4,12.5,10.6,13.5,14.5,18.1,9.4,18.2,19,17,9.6,18,15.6,17.5,13,14.5,24,,,,,,,,,,,,,,,,,,,,,,,,,,,,,,,,,,,,,,,,,28.7,28.3,28.1,28.3,28,27.9,27.8,27,29,28.2,27.6,27.9,29.5,28.4,27.8,28.7,28.2,26.6,27.5,28.6,28.7,27.2,28.4,28,27.6,26.9,28.8,26.2,28,27.9,28.2,68,67,66,67,71,77,66,78,69,70,68,73,68,72,68,69,66,76,67,69,70,70,66,68,78,64,68,77,67,67,67,0,0,0,0,0.1,0.2,0,0.1,0,0,0,0.2,0,0,0,0,0,0,0,0,0,0,0,0,0.2,0,0,0,0,0,0,26.7,28.6,30.3,23.2,24.8,36.2,25.7,20.4,23.2,26,29.1,18.1,23.7,24.1,21.9,23.9,24,26.3,28.4,23.1,23.1,28.3,26.4,24.3,17.6,26.2,23,21.6,27.7,28,26.5,37.1,38.2,43.2,31.7,36,50,33.8,23.8,33.5,40.7,39.6,24.1,34.9,33.5,29.5,35.6,33.8,37.8,38.5,29.5,32.4,37.8,34.2,33.5,23.8,31.7,34.6,24.1,38.2,37.1,35.3,,,,,,22.2204,114.2127
2026-09-03T02:00,25.8,28.4,25.9,26.7,24.9,28.3,25.3,28,27.1,28.1,27.8,28.4,27,26.7,27.2,27.1,27.7,25.3,28.2,28.1,27.4,25.1,26.9,27.9,27.1,28.2,27.8,27.3,25.2,27.6,25.9,25,27.2,27.4,26.8,27.7,26.8,28.3,25.9,27.4,79,50,69,77,73,65,90,71,73,67,67,66,76,67,75,70,71,73,65,63,72,81,81,63,68,66,68,66,75,69,73,69,74,71,75,72,74,68,71,72,0,0,0,0,0,0,1,0,0,0,0,0,0,0,0,0,0,0,0,0,0,0,0.6,0,0,0,0,0,0,0,0,0,0,0,0,0,0,0,0,0,14.3,16.5,16.8,19,15.2,12.4,11.2,13.8,20.4,11.9,9.7,11.7,17.4,5.8,15.5,12.5,7.4,15,12,8.4,17.4,16.6,26,17.8,12.8,10.6,13.3,14.5,17.6,10.2,17.7,19.2,17.4,9.9,18.2,16.3,17.6,13,15.2,25,,,,,,,,,,,,,,,,,,,,,,,,,,,,,,,,,,,,,,,,,28.4,28.1,27.8,28,28.2,27.9,27.2,26.8,28.7,28,27.3,27.7,29.2,28.2,27.5,28.3,28,26.5,27.4,28.3,28.4,27.2,28,27.7,27.5,26.5,28.5,25.8,27.9,27.7,27.9,68,67,66,68,70,76,66,79,69,70,68,73,69,73,68,70,66,76,67,70,69,70,66,68,77,64,69,79,65,66,66,0,0,0,0,0.1,0.2,0,0.1,0,0,0,0.2,0,0,0,0,0,0,0,0,0,0,0,0,0.2,0,0,0,0,0,0,28,29.2,30.5,24.7,26.7,35.7,27.1,19.9,24.4,25.8,28.7,17.3,24.3,23.1,22.1,24.3,23.8,26,28.2,21.6,24.4,26,27.1,25.4,17.6,26.9,24.5,19.1,26.7,28.6,28.3,38.9,37.8,43.6,32.4,36.7,50.4,35.3,23,36,40.3,38.2,22.7,35.6,31,28.8,35.6,34.2,36.4,37.4,27,34.2,34.6,36,33.5,23,31.3,35.3,22.3,37.1,37.8,37.1,,,,,,22.2204,114.2127
2026-09-03T03:00,25.6,28.1,25.7,26.4,24.8,28,25.6,27.7,26.8,27.8,27.5,28.1,27,26.2,26.9,26.7,27.6,25.1,27.9,27.7,27.3,25.1,26.7,27.5,26.9,27.8,27.6,27,24.8,27.2,25.7,24.7,26.9,27.2,26.6,27.5,26.7,28.1,25.4,27.2,79,51,69,77,73,66,90,72,74,67,68,66,76,66,75,71,71,73,66,63,72,81,82,64,68,66,68,65,76,69,74,69,74,71,75,72,74,69,71,73,0,0,0,0,0,0,1,0,0,0,0,0,0,0,0,0,0,0,0,0,0,0,0.6,0,0,0,0,0,0,0,0,0,0,0,0,0,0,0,0,0,13.8,17,16.3,18.5,14.9,12.3,10.9,14.5,20.4,11.9,10,11.7,17,6,15.9,12.3,7.7,14.3,13.1,8.7,16.7,16.7,26.6,17.9,12.5,10.5,13.6,14.5,17.1,10.7,17.3,19.1,17.6,10.1,18.2,16.9,17.4,13.1,15.4,25.5,,,,,,,,,,,,,,,,,,,,,,,,,,,,,,,,,,,,,,,,,28.1,28,27.4,27.5,28.1,27.8,26.9,26.7,28.4,27.8,27,27.5,28.9,28.1,27.2,28,27.6,26.6,27.1,28,28.1,27,27.7,27.3,27.3,26.2,28.1,25.5,27.8,27.4,27.6,68,68,67,68,70,75,65,77,70,70,69,73,70,73,67,70,66,75,68,70,69,70,66,67,76,65,69,80,62,65,66,0,0,0,0,0,0,0,0,0,0,0,0.1,0,0,0,0,0,0,0,0,0,0.3,0,0,0,0,0,0.1,0,0,0,29,28.8,30.8,25.7,26.7,34.6,26.1,18.5,25.5,25.6,27.8,18.2,25.1,21.3,21.5,24.8,24,26.5,28,21.6,25.9,24.9,28,25,17.7,25.8,26.7,18.9,27,29.1,29.3,39.2,37.1,42.8,34.2,36.4,49.7,34.9,22.3,36.7,40.3,37.4,23.4,36.7,28.8,29.2,35.6,34.6,37.8,36.4,27.7,36,33.5,37.4,33.1,23.4,31,36.7,22.7,38.2,38.5,38.2,,,,,,22.2204,114.2127
2026-09-03T04:00,25.3,27.8,25.4,26.2,24.6,27.7,25.9,27.3,26.5,27.5,27.2,27.8,26.9,25.9,26.6,26.3,27.5,24.9,27.7,27.4,27.2,25.1,26.5,27.1,26.7,27.4,27.4,26.6,24.4,26.7,25.5,24.4,26.6,27,26.4,27.3,26.5,27.9,25,27,80,51,69,77,73,66,89,73,74,68,68,67,76,65,76,71,71,72,66,63,73,80,83,64,68,66,68,65,76,70,74,69,74,71,75,73,74,69,71,74,0,0,0,0,0,0,1,0,0,0,0,0,0,0,0,0,0,0,0,0,0,0,0.6,0,0,0,0,0,0,0,0,0,0,0,0,0,0,0,0,0,13.6,17.6,16.1,18.3,14.6,11.9,11.4,15,20.7,12,10,11.7,16.6,6.5,16.4,12,8,13.5,14.3,9.2,16.3,16.5,26.9,18.1,12.5,10.7,13.3,14.4,16.5,11.2,16.7,19.3,17.8,10.1,18.2,17.4,17.3,12.8,15.9,26.2,,,,,,,,,,,,,,,,,,,,,,,,,,,,,,,,,,,,,,,,,27.8,27.8,26.9,26.9,27.9,27.8,26.7,26.7,28.2,27.6,26.7,27.4,28.6,28,27,27.6,27.2,26.7,26.9,27.8,27.7,26.9,27.4,26.9,27.1,25.9,27.7,25.4,27.7,27.3,27.3,68,68,68,68,71,75,64,74,71,69,69,73,70,73,67,70,67,74,68,70,70,71,65,66,76,65,70,80,57,64,66,0,0,0,0,0,0,0,0,0,0,0,0.1,0,0,0,0,0,0,0,0,0,0.3,0,0,0,0,0,0.1,0,0,0,29.7,27.7,31.2,25.9,25.9,33.1,23.9,17.8,26.2,25.8,26.7,19.9,26,19.6,20.9,25.3,24.4,27.1,28,22.7,27.9,24.1,29,23.7,17.7,23.8,29.4,19.5,28.1,29,29.7,38.9,36.4,41.4,36,36.4,48.2,33.8,22,36.4,40.3,37.1,25.2,37.8,27.4,29.9,35.6,34.9,40.7,35.3,30.6,37.8,33.1,38.5,32.8,24.8,30.6,38.9,24.5,40.3,39.2,38.9,,,,,,22.2204,114.2127
2026-09-03T05:00,25.1,27.5,25.2,25.9,24.5,27.4,26.2,27,26.2,27.3,27,27.6,26.9,25.5,26.3,26,27.4,24.7,27.4,27,27.1,25.2,26.3,26.8,26.5,27,27.2,26.3,24.1,26.3,25.3,24.2,26.4,26.9,26.2,27.2,26.3,27.7,24.7,26.8,80,52,69,77,73,67,89,74,74,68,69,67,76,64,76,71,71,72,66,63,73,79,84,64,68,66,68,65,76,70,75,69,75,72,75,73,75,70,71,74,0,0,0,0,0,0,1,0,0,0,0,0,0,0,0,0,0,0,0,0,0,0,0.6,0,0,0,0,0,0,0,0,0,0,0,0,0,0,0,0,0,13,18.1,15.3,18.1,14.1,11.9,13,15.5,20.7,11.6,10.3,11.7,15.9,6.5,16.9,11.7,8,12.7,15,9.2,15.6,16.6,27.2,18.1,12.2,11,13.3,14.4,16,11.7,16.8,19.2,17.8,10.3,18.1,18.1,17.6,12.9,16.1,26.8,,,,,,,,,,,,,,,,,,,,,,,,,,,,,,,,,,,,,,,,,27.6,27.7,26.6,26.5,27.8,27.7,26.6,26.8,28,27.5,26.6,27.3,28.4,28,26.8,27.4,26.9,26.8,26.7,27.7,27.5,26.7,27.2,26.6,27,25.8,27.4,25.3,27.6,27.1,27.1,68,69,69,68,71,74,63,71,71,69,70,72,70,73,66,70,67,73,69,70,70,72,65,65,75,66,70,80,54,64,66,0,0,0,0,0,0,0,0,0,0,0,0.1,0,0,0,0,0,0,0,0,0,0.3,0,0,0,0,0,0.1,0,0,0,30,27,31.7,25.9,25.9,31.3,22.7,18.4,26.7,25.8,25.8,21.3,27.1,18.6,20.1,26.3,24.5,27.7,27,23.8,28.8,23.8,29,22.5,17.7,22.4,31.3,20.5,30.3,29.5,30,38.5,35.3,40.7,37.1,37.1,46.1,33.1,22.3,36.4,39.6,36.7,27.4,38.9,26.6,29.5,36.4,35.6,42.5,33.8,33.5,39.2,33.5,38.9,32.4,25.6,29.9,40.7,27,43.2,40,39.2,,,,,,22.2204,114.2127
2026-09-03T06:00,24.9,27.3,25.1,25.7,24.4,27.2,26.4,26.7,26,27.1,26.7,27.4,26.9,25.3,26.1,25.7,27.3,24.6,27.2,26.8,27,25.2,26.1,26.5,26.4,26.7,27,26.1,23.8,26,25.2,24,26.2,26.8,26,27,26.2,27.5,24.4,26.6,81,52,69,77,74,68,88,74,75,69,69,68,75,64,76,72,71,71,66,63,74,79,84,65,68,67,69,65,77,71,75,70,75,72,76,74,75,70,71,75,0,0,0,0,0,0,1,0,0,0,0,0,0,0,0,0,0,0,0,0,0,0,0.6,0,0,0,0,0,0,0,0,0,0,0,0,0,0,0,0,0,12.5,18.7,14.8,18,13.8,12,14.6,16,20.4,11.8,10.3,11.7,15.5,7,17.2,11.5,8.3,12,15.7,9.7,15.3,16.6,27.6,18.3,12.2,10.7,13.1,14.1,15.5,12,16.3,19.5,17.8,10.3,17.8,18.4,17.3,13,16.3,27.4,,,,,,,,,,,,,,,,,,,,,,,,,,,,,,,,,,,,,,,,,27.6,27.6,26.5,26.3,27.7,27.7,26.4,26.7,27.8,27.3,26.5,27.3,28.3,28,26.6,27.3,26.8,26.8,26.6,27.6,27.4,26.5,27.2,26.5,27,25.6,27.2,25.3,27.3,27.1,26.9,68,69,69,67,71,74,63,71,71,69,70,71,70,73,66,70,67,72,69,70,69,73,65,65,75,66,70,80,53,64,66,0,0,0,0,0,0,0,0,0,0,0,0,0,0,0,0,0,0,0,0,0,0.4,0,0,0,0,0,0.2,0,0,0,29,27,32.4,24.9,27.4,29.3,22.6,19.7,27.7,25.2,24.8,22,28.7,18.4,19.4,27.3,24.7,27,25,25.6,29,23.7,27.9,22.1,18.1,21.3,32.5,22.1,34.2,29.8,29.7,38.5,34.6,42.1,36,40.3,42.8,33.1,23.4,37.4,38.2,36,29.9,40.3,27,27,38.2,37.1,42.1,31.7,36.7,40.3,34.2,38.2,32.4,25.6,29.2,42.5,30.2,47.2,41,39.2,,,,,,22.2204,114.2127
2026-09-03T07:00,24.8,27.1,25,25.6,24.3,27,26.6,26.5,25.8,27,26.6,27.3,26.9,25.1,26,25.5,27.2,24.6,27.1,26.5,26.9,25.3,25.9,26.3,26.3,26.5,26.9,25.9,23.6,25.7,25.1,23.9,26.1,26.7,25.9,26.9,26.1,27.4,24.2,26.5,81,53,69,77,74,68,88,75,75,69,70,68,75,63,76,72,71,71,67,63,74,78,85,65,68,67,69,65,77,71,75,70,75,72,76,74,76,71,71,76,0,0,0,0,0,0,1,0,0,0,0,0,0,0,0,0,0,0,0,0,0,0,0.6,0,0,0,0,0,0,0,0,0,0,0,0,0,0,0,0,0,12,18.8,14.3,17.9,13.5,11.9,16.3,16.1,20.4,11.5,10.1,11.7,15.2,7,17.7,11.5,8.1,11.2,16.2,9.5,15,16.6,27.9,18.1,11.7,10.9,12.9,14.1,15,12.5,15.9,19.1,17.8,10.3,17.6,18.6,17.3,13.4,16.3,27.5,,,,,,,,,,,,,,,,,,,,,,,,,,,,,,,,,,,,,,,,,27.6,27.5,26.5,26.3,27.6,27.7,26.4,26.6,27.7,27.2,26.5,27.3,28.2,28,26.4,27.5,26.8,26.9,26.5,27.5,27.4,26.3,27.2,26.5,27,25.6,27,25.3,26.9,27.1,26.8,67,69,69,66,70,73,63,71,70,69,70,70,69,73,66,69,66,72,69,70,68,75,65,65,75,66,71,79,52,64,65,0,0,0,0,0,0,0,0,0,0,0,0,0,0,0,0,0,0,0,0,0,0.4,0,0,0,0,0,0.2,0,0,0,27.9,27,33.2,23.1,29.3,27.3,22.6,21.2,28.5,23.9,23.9,22.7,30.3,18.5,18.4,28.7,25.1,26.2,22.4,27.7,28.5,23.3,26,22.2,18.6,20.3,33.1,24.5,38.9,30.5,29.3,38.2,33.8,44.6,34.2,45,38.9,33.8,25.2,38.5,36.4,35.3,32.4,41.8,28.4,23.8,40,38.9,40.3,28.8,40.3,41,34.9,36.7,32.8,24.8,28.4,44.3,34.2,52.2,41.8,38.9,,,,,,22.2204,114.2127
2026-09-03T08:00,24.7,27,25,25.5,24.3,26.9,26.8,26.4,25.8,26.9,26.5,27.3,26.9,25,25.9,25.4,27.2,24.6,27,26.4,26.9,25.3,25.7,26.2,26.3,26.3,26.9,25.7,23.6,25.6,25.1,23.8,26.1,26.7,25.9,26.9,26,27.4,24.1,26.4,81,53,69,77,74,68,88,75,75,69,70,68,75,63,76,72,71,71,67,63,74,78,86,65,68,67,69,65,77,71,75,70,75,72,76,74,76,71,71,76,0,0,0,0,0,0,1,0,0,0,0,0,0,0,0,0,0,0,0,0,0,0,0.6,0,0,0,0,0,0,0,0,0,0,0,0,0,0,0,0,0,11.5,18.6,13.8,17.9,13,11.6,17.7,16.1,20.2,11.5,10.1,11.7,14.8,6.7,17.7,11.2,8.1,10.4,16.2,9.5,14.8,16.5,28.3,17.8,11.2,10.7,12.4,13.8,14.5,12.5,15.6,18.9,17.6,10.3,17.1,18.6,17.3,13.5,16,27.2,,,,,,,,,,,,,,,,,,,,,,,,,,,,,,,,,,,,,,,,,27.8,27.5,26.7,26.5,27.7,27.8,26.5,26.7,27.8,27.3,26.6,27.4,28.3,28.2,26.5,27.7,27,27,26.7,27.7,27.6,26.2,27.4,26.6,27.2,25.7,27.1,25.3,26.8,27.2,27,66,69,68,65,69,73,63,71,69,69,70,69,68,72,66,68,65,71,69,70,67,76,65,65,74,66,71,79,52,64,64,0,0,0,0,0,0,0,0,0,0,0,0,0,0,0,0,0,0,0,0,0,0.4,0,0,0,0,0,0.2,0,0,0,26.7,26.3,33.5,21.7,30.8,25.3,23.4,22.4,28.5,23,23.7,22.7,31.2,19.8,17.4,29.3,25.5,25.4,20.3,28.8,27.6,23.3,24,22.2,18.5,19.8,33.2,25.9,41.9,30.4,28.6,38.2,32.8,46.1,32.4,47.5,34.9,34.6,27,38.9,34.9,34.9,33.5,42.5,30.6,21.2,41.4,40,39.2,26.6,42.1,40.7,35.3,34.9,32.8,24.5,27.7,44.6,36.7,54.7,41.8,38.2,,,,,,22.2204,114.2127
2026-09-03T09:00,24.7,27,25.1,25.5,24.4,26.8,26.9,26.4,25.8,26.9,26.5,27.3,27,25.1,26,25.3,27.3,24.7,27,26.4,26.9,25.4,25.6,26.2,26.4,26.3,26.9,25.7,23.7,25.5,25.2,23.9,26.1,26.7,25.9,26.9,26,27.4,24.1,26.4,81,54,69,77,74,68,88,75,75,69,70,68,75,63,76,72,71,71,67,63,74,78,87,65,68,67,69,65,77,71,74,70,75,72,76,74,76,71,71,76,0,0,0,0,0,0,0.8,0,0,0,0,0,0,0,0,0,0,0,0,0,0,0,2.9,0,0,0,0,0,0,0,0,0,0,0,0,0,2,0,0,0,10.9,17.9,13,17.9,12.5,11.3,18.6,15.8,19.7,11.2,9.9,11.7,14.4,6.2,17.7,10.9,7.9,9.7,15.8,9.3,14.5,16.3,28.6,17.4,10.7,10.4,11.9,13.6,14,12.5,15.3,18.3,17.1,10,16.6,18.4,17.1,13.8,15.8,26.6,,,,,,,,,,,,,,,,,,,,,,,,,,,,,,,,,,,,,,,,,28.1,28,27.4,27.3,28.1,28.2,26.9,27.1,28.3,27.8,26.9,27.5,28.7,28.6,27,28,27.4,27.5,27.4,28.4,28.2,26.1,27.8,27,27.8,26.2,27.5,25.1,27,27.6,27.5,65,68,66,63,67,72,62,70,67,67,69,68,67,70,65,67,63,70,68,69,66,76,65,64,73,65,71,80,52,63,62,0,0,0,0,0,0,0,0,0,0,0,0,0,0,0,0,0,0,0,0,0,0.2,0,0,0,0,0,0.4,0,0,0,26.8,25.1,33,21.6,31.8,23.5,25,22.5,27.8,22.8,24.7,22.1,30.3,23.4,16.5,29.6,26.7,25.8,18.6,28.1,26.4,23.1,22.1,21.9,18.4,20.1,32.8,26,42.2,30,28.1,38.2,30.2,45.4,31.7,47.2,31.3,35.6,29.5,38.2,33.8,35.6,32,41.8,34.2,20.2,41.4,40,38.9,24.5,41,38.5,33.8,32.8,32.8,24.8,27.7,43.2,37.4,53.6,40.3,37.4,,,,,,22.2204,114.2127
2026-09-03T10:00,24.7,27.1,25.2,25.5,24.6,26.8,26.9,26.5,25.9,27,26.5,27.4,27.2,25.3,26.1,25.4,27.4,24.9,27.1,26.4,27,25.5,25.4,26.3,26.6,26.3,27,25.7,23.8,25.6,25.5,24,26.2,26.8,26,26.9,26,27.4,24.2,26.5,81,54,70,77,74,67,88,75,75,69,70,67,74,63,75,72,71,71,68,64,74,78,87,65,68,67,69,65,77,71,74,70,75,72,76,74,77,71,71,76,0,0,0,0,0,0,0.8,0,0,0,0,0,0,0,0,0,0,0,0,0,0,0,2.9,0,0,0,0,0,0,0,0,0,0,0,0,0,2,0,0,0,10.4,17.3,12.3,17.9,12.3,11.1,19.3,15.3,19.2,10.7,9.4,11.5,13.7,5.4,17.6,10.7,7.6,8.9,15.1,9.1,14.5,16,29,16.6,9.7,10.2,11.2,13.3,13.5,12.5,14.7,17.8,16.4,9.8,15.3,18.1,16.8,14.1,15,25.5,,,,,,,,,,,,,,,,,,,,,,,,,,,,,,,,,,,,,,,,,28.6,28.6,28.3,28.3,28.7,28.6,27.4,27.8,29,28.6,27.3,27.7,29.4,29.2,27.8,28.5,28,28.2,28.4,29.2,28.9,26.2,28.3,27.4,28.5,27,28,24.9,27.4,28.2,28.3,63,67,64,61,65,71,62,69,65,64,68,68,65,68,63,65,61,68,66,67,64,76,64,63,71,64,70,82,52,62,59,0,0,0,0,0,0,0,0,0,0,0,0,0,0,0,0,0,0,0,0,0,0.2,0,0,0,0,0,0.4,0,0,0,27.4,23.8,32.1,21.8,32.5,22,26.9,22.1,26.3,23,26.4,21.1,28.7,28.5,16.1,29.3,28.1,27.4,17.2,26.8,24.5,22.5,20.1,21.5,18.7,20.6,32.3,25.6,40.7,29.2,28.2,37.8,27.4,43.2,31.3,45,27.7,36.7,32.8,36.7,32.8,36.7,29.5,40.3,38.2,19.8,40.7,39.6,38.9,23,38.2,35.6,32,30.2,32.8,25.2,28.1,40.3,37.1,50.8,37.8,36.4,,,,,,22.2204,114.2127
2026-09-03T11:00,24.8,27.2,25.5,25.6,24.8,26.9,27,26.6,26.1,27.2,26.6,27.6,27.3,25.5,26.2,25.4,27.5,25.1,27.1,26.5,27.1,25.6,25.3,26.4,26.9,26.4,27.1,25.8,24.1,25.7,25.8,24.1,26.4,26.9,26.2,27,26,27.5,24.4,26.5,81,55,70,77,74,67,89,74,75,69,70,67,74,63,74,72,72,71,68,64,74,78,88,65,69,67,69,65,77,70,73,71,74,73,76,74,77,70,71,77,0,0,0,0,0,0,0.8,0,0,0,0,0,0,0,0,0,0,0,0,0,0,0,2.9,0,0,0,0,0,0,0,0,0,0,0,0,0,2,0,0,0,9.7,16.3,11.2,18.2,12.1,10.4,19.6,14.5,18.2,10.2,8.9,11.2,13.3,4.9,17.5,10.7,7.1,7.9,14.1,8.4,14.3,15.8,29.4,15.7,8.7,9.7,10.7,13,12.8,12.2,14.2,17.1,15.9,9.5,14.3,17.4,16.5,14.4,14.5,24.4,,,,,,,,,,,,,,,,,,,,,,,,,,,,,,,,,,,,,,,,,29.1,29.1,29.2,29.2,29.3,29,28,28.2,29.6,29.3,27.6,28,29.9,29.8,28.6,29,28.6,28.5,29,29.9,29.5,26.3,28.9,27.7,29,27.6,28.5,24.7,27.9,28.7,29,62,67,63,60,63,70,61,68,64,62,67,67,64,66,62,64,60,68,65,65,63,75,64,62,70,63,69,83,52,61,58,0,0,0,0,0,0,0,0,0,0,0,0,0,0,0,0,0,0,0,0,0,0.2,0,0,0,0,0,0.4,0,0,0,27.4,22.3,31,21.1,32.1,21,27.9,22.2,25.1,22.7,28,20.7,26.8,31.4,16,28.5,28.5,29,17.3,26.6,23.1,22.1,18.5,21.7,18.1,20.8,31,24.5,38.9,28.1,27.5,37.1,24.8,41,30.2,42.1,25.6,37.4,34.2,35.3,31.7,37.4,27.7,38.9,40,19.8,39.2,38.2,39.2,22.7,36.7,32.8,30.6,27.7,32.8,24.5,28.1,37.4,35.6,47.5,35.3,34.9,,,,,,22.2204,114.2127
2026-09-03T12:00,24.9,27.4,25.8,25.8,25,27,27,26.9,26.3,27.4,26.7,27.8,27.5,25.9,26.4,25.6,27.6,25.4,27.3,26.7,27.2,25.8,25.1,26.7,27.2,26.6,27.3,25.9,24.5,25.9,26.1,24.4,26.6,27,26.4,27.1,26,27.6,24.7,26.6,81,56,71,76,74,66,89,73,74,69,70,66,73,64,74,72,72,71,69,65,74,78,88,65,69,67,69,65,76,70,71,71,74,73,76,74,78,70,71,77,0,0,0,0,0,0,0.8,0,0,0,0,0,0,0,0,0,0,0,0,0,0,0,2.9,0,0,0,0,0,0,0,0,0,0,0,0,0,2,0,0,0,9.4,15,10.5,18.7,12,10.2,19.7,13.8,17.1,9.4,8.4,11,12.6,3.9,17.4,10.5,6.9,7,13,7.7,14.3,15.3,29.4,14.8,7.7,9.2,9.7,12.7,12.5,12,13.6,16.4,14.8,9,13,16.9,16.1,15.1,13.6,23.2,,,,,,,,,,,,,,,,,,,,,,,,,,,,,,,,,,,,,,,,,29.6,29.4,29.8,29.8,29.9,29.2,28.7,28.2,30,29.8,27.7,28.6,30.4,30.2,29.3,29.6,29,28.1,29,30.3,29.9,26.7,29.5,27.6,29.3,28.2,28.8,24.7,28.2,29.2,29.4,62,67,63,59,62,70,61,69,64,62,67,66,63,65,62,64,60,70,66,64,63,74,63,62,69,64,68,83,52,61,58,0,0,0,0,0,0,0,0,0,0,0,0,0,0,0,0,0,0.4,0,0,0,0.1,0,0,0,0,0,0.5,0,0,0,25.9,19.9,28.9,18.4,29.5,20.4,27.2,23.4,23.5,21.6,28.9,21,25.4,30.3,17.1,26.3,27.6,30.3,20.2,28.4,22.3,21.8,17.3,22.8,15.2,19.6,28,23,36.7,25.9,26.3,35.6,23,39.2,27,38.5,25.2,37.1,33.5,33.8,29.9,37.8,27.7,37.8,37.8,20.5,37.1,35.6,40.7,25.6,38.2,31,30.2,25.9,33.5,21.2,27,34.6,33.5,45,32.8,33.1,,,,,,22.2204,114.2127
2026-09-03T13:00,25.1,27.6,26.1,25.9,25.3,27.1,27,27.1,26.5,27.6,26.9,28,27.8,26.2,26.7,25.7,27.8,25.8,27.4,26.8,27.3,25.9,25,26.9,27.5,26.7,27.5,26.1,24.9,26.1,26.5,24.6,26.9,27.1,26.6,27.2,26,27.7,25,26.8,81,57,71,76,74,65,89,73,74,69,70,66,73,64,73,73,73,71,69,65,74,78,89,66,70,66,69,65,76,69,70,71,73,73,76,73,79,69,72,77,0,0,0,0,0,0,0.8,0,0,0,0,0,0,0,0,0,0,0,0,0,0,0,2.9,0,0,0,0,0,0,0,0,0,0,0,0,0,2,0,0,0,8.7,13.5,9.3,18.8,11.9,9.8,19.7,12.7,16.4,8.9,7.9,10.7,12.2,2.6,16.9,10.2,6.4,6.3,11.6,7.4,14.3,14.8,29.8,13.8,6.5,8.8,8.7,12.2,12,11.7,13.1,15.5,14.1,8.5,11.8,16.5,15.4,15.7,12.6,21.7,,,,,,,,,,,,,,,,,,,,,,,,,,,,,,,,,,,,,,,,,30,29.5,30.3,30.3,30.4,29.3,29.3,28,30.4,30.2,27.7,29.4,30.9,30.6,30,30.3,29.4,27.3,28.7,30.4,30.3,27.1,30.1,27.4,29.4,28.7,29,24.8,28.6,29.7,29.7,62,68,63,59,62,71,62,70,64,62,67,66,63,65,62,64,60,72,67,63,63,73,62,63,69,65,68,82,52,61,60,0,0,0,0,0,0,0,0,0,0,0,0,0,0,0,0,0,0.4,0,0,0,0.1,0,0,0,0,0,0.5,0,0,0,23.4,17.8,26.2,15,26.4,21,25.4,25.4,22,19.7,29.8,21.3,23.9,26.9,18.6,23.4,25.3,31.3,24.1,31.3,21.7,21.5,16.9,24.2,11.5,18.4,24.2,21.7,34.3,23.4,24.7,33.8,21.6,37.1,23,34.2,25.9,36.4,31.3,32.4,28.1,37.8,28.8,36.7,33.8,21.6,34.6,32.4,42.8,29.9,41,29.2,30.2,24.5,34.6,16.6,25.6,31.7,30.2,42.5,30.6,31,,,,,,22.2204,114.2127
2026-09-03T14:00,25.2,27.8,26.5,26.1,25.6,27.2,27,27.4,26.8,27.8,27.1,28.2,28,26.6,26.9,25.9,28,26.2,27.5,27,27.4,26.1,24.8,27.2,27.9,26.9,27.7,26.3,25.4,26.3,26.9,24.9,27.2,27.3,26.9,27.3,26.1,27.8,25.3,26.9,81,58,72,76,74,65,90,72,74,69,70,65,72,65,72,73,73,71,70,66,74,78,89,66,70,66,69,65,76,69,69,72,73,73,77,73,79,69,72,77,0,0,0,0,0,0,0.8,0,0,0,0,0,0,0,0,0,0,0,0,0,0,0,2.9,0,0,0,0,0,0,0,0,0,0,0,0,0,2,0,0,0,8.7,12.1,8.4,19.2,11.8,9.5,19.5,11.7,15.3,8.2,7.1,10.5,11.5,1.6,16.9,10.3,5.6,5.6,10.2,7,14.3,14.5,30.2,12.9,5.3,8.1,8,12,11.5,11.5,12.6,14.9,13,7.9,10.4,15.6,15.6,16.4,11.9,20.2,,,,,,,,,,,,,,,,,,,,,,,,,,,,,,,,,,,,,,,,,30.3,29.6,30.6,30.6,30.8,29.4,29.8,27.9,30.7,30.4,27.8,29.9,31.2,30.8,30.4,30.8,29.7,26.8,28.5,30.6,30.4,27.4,30.5,27.3,29.4,29,29.2,24.9,28.9,30.1,30,62,69,63,59,62,71,62,71,64,63,67,65,63,65,62,64,60,74,68,63,64,72,62,64,69,66,67,81,52,61,61,0,0,0,0,0,0,0,0,0,0,0,0,0,0,0,0,0,0.4,0,0,0,0.1,0,0,0,0,0,0.5,0,0,0,21.3,16.3,24.3,12.8,24.5,21.7,23.6,26.4,20.2,18,29.7,21.7,22.8,23.4,20,20.6,23.1,32.1,26.3,33.6,20.4,21.6,15.9,24.4,9.4,17.7,21.1,20.1,31.7,21.3,22.9,31.3,20.2,35.3,19.8,31.7,26.6,34.9,29.5,30.2,26.3,37.4,29.9,35.3,30.2,23,31.3,29.5,43.9,32.4,43.2,27.4,31,22.7,34.2,13,24.1,29.2,27.4,40,28.8,28.8,,,,,,22.2204,114.2127
2026-09-03T15:00,25.4,28,26.8,26.3,25.9,27.4,26.9,27.7,27,28,27.2,28.4,28.2,27,27.2,26.1,28.1,26.5,27.7,27.2,27.5,26.2,24.7,27.5,28.3,27.1,27.9,26.4,25.8,26.6,27.3,25.1,27.4,27.4,27.1,27.5,26.1,28,25.6,27,80,59,72,75,74,64,90,71,73,69,70,64,72,66,71,73,73,71,70,67,74,78,89,66,70,66,69,65,75,69,67,72,73,74,77,73,80,68,72,77,0,0,0,0,0,0,0.8,0,0,0,0,0,0,0,0,0,0,0,0,0,0,0,2.9,0,0,0,0,0,0,0,0,0,0,0,0,0,2,0,0,0,8.8,10.7,7.4,19.3,11.8,9.1,19.3,10.7,14.3,7.7,6.6,10.3,10.8,0.7,16.5,10.1,5.2,4.7,8.8,6.4,14,14,30.3,11.8,4.3,7.7,7.1,11.7,10.8,11.2,11.8,14.2,11.8,7.4,9.2,15,15.3,16.7,11,18.5,,,,,,,,,,,,,,,,,,,,,,,,,,,,,,,,,,,,,,,,,30.6,29.5,30.8,30.7,31,29.3,30,27.9,30.9,30.6,28.1,30,31.5,30.8,30.3,31,29.7,26.8,28.4,30.8,30.4,27.4,30.7,27.8,29.3,28.9,29.2,24.9,29,30.4,30.1,62,70,63,60,62,71,62,71,64,64,67,65,63,66,62,65,60,74,68,63,65,72,63,64,70,67,67,81,52,61,63,0,0.2,0,0,0,0,0,0,0,0,0,0,0,0,0,0,0,0,0,0,0,0,0,0,1.1,0.1,0.1,0.2,0,0,0,19.6,14.7,23.1,11.2,25,21.8,22,25.8,18,15.8,28.3,22.7,22,20.6,21.9,17.6,20.6,31.7,24.5,34.3,18.1,22.4,13.4,22.1,7.6,17.4,19.6,18.9,29.3,20.3,19.4,27.7,18.4,33.5,18.7,32,26.6,33.5,28.1,27.4,24.5,36.4,31,33.5,28.1,25.6,27.4,27,42.5,31.3,44.3,24.8,32,20.2,31,10.1,23,27.7,24.8,37.8,28.1,26.3,,,,,,22.2204,114.2127
2026-09-03T16:00,25.5,28.2,27.2,26.5,26.2,27.5,26.9,27.9,27.2,28.2,27.4,28.6,28.4,27.4,27.5,26.2,28.3,26.9,27.9,27.4,27.6,26.3,24.5,27.8,28.6,27.3,28.1,26.6,26.2,26.8,27.7,25.4,27.7,27.5,27.4,27.6,26.1,28.1,26,27.2,80,60,73,75,74,63,91,70,73,69,70,64,71,66,70,73,74,71,70,67,75,79,90,66,71,66,69,65,75,68,66,72,72,74,77,73,80,67,72,77,0,0,0,0,0,0,0.8,0,0,0,0,0,0,0,0,0,0,0,0,0,0,0,2.9,0,0,0,0,0,0,0,0,0,0,0,0,0,2,0,0,0,8.6,9.6,6.8,19.7,12,8.6,19.2,9.9,13,7.2,6.1,10.1,10.4,0.7,16,10.1,4.7,4.1,7.4,5.9,14,13.8,30.4,10.6,3.3,7.2,6.2,11.2,10.3,10.7,11.3,13.4,11,6.9,8,14.2,15.1,17.4,10.3,16.9,,,,,,,,,,,,,,,,,,,,,,,,,,,,,,,,,,,,,,,,,30.8,29.3,30.7,30.6,31.1,29.2,30,28,30.9,30.7,28.4,29.9,31.6,30.5,30,31,29.7,26.9,28.5,30.9,30.2,27.2,30.6,28.5,29,28.6,29.2,25,29.1,30.5,30.2,63,70,64,61,63,72,62,72,64,65,68,65,63,68,61,66,61,74,68,63,65,73,64,64,72,68,67,80,52,61,65,0,0.2,0,0,0,0,0,0,0,0,0,0,0,0,0,0,0,0,0,0,0,0,0,0,1.1,0.1,0.1,0.2,0,0,0,17.9,12.7,22.1,10.3,25.7,21.6,20.2,24.2,15.8,13.7,25.8,24.4,21.4,17.6,23.9,14.5,17.7,30.2,20.9,34.3,15.5,23.7,10.7,18.4,6.5,16.9,18.6,17.4,26.9,20.5,15.3,23.8,16.9,32,18.7,33.8,26.3,31.3,26.6,24.1,22.3,34.9,32,31.7,26.6,28.1,22.7,24.5,40.3,28.1,45,22.3,33.8,17.6,26.3,8.3,22.3,27,22.3,35.6,28.1,23.4,,,,,,22.2204,114.2127
2026-09-03T17:00,25.6,28.4,27.5,26.6,26.5,27.6,26.8,28.2,27.5,28.5,27.6,28.8,28.6,27.8,27.7,26.4,28.4,27.2,28,27.6,27.7,26.4,24.4,28,28.9,27.5,28.3,26.7,26.6,27,28,25.7,27.9,27.7,27.6,27.7,26.1,28.2,26.2,27.3,80,61,73,75,75,62,91,69,73,69,70,63,71,67,69,73,74,72,71,68,75,79,90,66,71,66,69,65,74,68,65,72,72,74,76,72,81,67,72,77,0,0,0,0,0,0,0.8,0,0,0,0,0,0,0,0,0,0,0,0,0,0,0,2.9,0,0,0,0,0,0,0,0,0,0,0,0,0,2,0,0,0,9,8.2,5.8,20.3,12.1,8.8,18.7,8.9,12.3,6.5,5.6,9.8,10.1,1.3,16,9.9,4.2,3.6,6.1,5.8,14,13.5,30.6,9.7,2.9,7,5.4,11,9.8,10.5,10.8,13,10,6.6,7,13.5,15.2,17.7,9.2,15.5,,,,,,,,,,,,,,,,,,,,,,,,,,,,,,,,,,,,,,,,,30.8,29.2,30.6,30.4,30.9,29.1,29.9,28,30.9,30.6,28.6,29.8,31.6,30.3,29.7,30.9,29.6,27.1,28.5,30.8,30,27,30.5,29,28.8,28.3,29.2,25.2,29.1,30.4,30.2,63,71,64,62,64,72,63,72,65,66,68,65,63,69,61,67,62,73,68,64,66,74,66,64,74,69,67,80,52,61,66,0,0.2,0,0,0,0,0,0,0,0,0,0,0,0,0,0,0,0,0,0,0,0,0,0,1.1,0.1,0.1,0.2,0,0,0,17.2,11.3,22.5,10.4,25.7,21.4,18.7,22.7,13.7,11.9,24.3,24.9,21.3,15.2,24.5,13.2,15.3,28.8,18.8,34.5,14.4,24.5,9.7,15,7.9,17.1,17.9,16.2,25.4,21.7,12.7,21.2,15.8,32,18.7,34.6,26.3,29.2,25.6,20.9,20.5,33.8,32,30.6,24.8,28.4,20.2,22.3,37.8,26.3,45.7,21.2,34.9,15.8,22.3,10.8,21.6,26.6,20.2,34.2,28.8,22,,,,,,22.2204,114.2127
2026-09-03T18:00,25.7,28.6,27.8,26.7,26.7,27.6,26.8,28.3,27.6,28.6,27.7,29,28.8,28.1,27.9,26.5,28.5,27.4,28.1,27.8,27.7,26.5,24.3,28.2,29.2,27.7,28.4,26.8,27,27.2,28.3,25.9,28.1,27.8,27.8,27.8,26.1,28.3,26.5,27.4,80,61,74,75,75,62,92,69,72,69,70,62,70,68,68,73,74,72,71,68,75,79,90,66,72,66,70,65,74,67,64,73,71,74,76,72,82,66,73,76,0,0,0,0,0,0,0.8,0,0,0,0,0,0,0,0,0,0,0,0,0,0,0,2.9,0,0,0,0,0,0,0,0,0,0,0,0,0,2,0,0,0,9.2,7.4,5.2,20.5,12.4,8.7,18.5,8.2,11.5,6,4.8,9.6,9.7,2,15.6,9.7,3.8,3.6,5,5.4,13.8,13,30.8,9.1,2.6,6.5,4.8,10.8,9.3,10.2,10.5,12.4,9.2,6.1,6.3,13.2,15.3,18.1,8.6,14.2,,,,,,,,,,,,,,,,,,,,,,,,,,,,,,,,,,,,,,,,,30.7,29.2,30.5,30.1,30.6,29,29.6,27.9,30.8,30.5,28.6,29.8,31.5,30,29.4,30.8,29.5,27.2,28.4,30.4,29.8,26.9,30.3,29.2,28.7,27.9,29.1,25.4,29,30,30.2,63,72,64,64,66,73,64,72,66,67,69,66,63,70,62,67,63,72,69,65,67,74,68,66,75,70,68,79,53,61,66,0,0.3,0,0,0.2,0.1,0,0.1,0,0,0,0,0,0.3,0,0,0,0,0,0,0,0,0.2,0,4.3,0,0.1,0.1,0,0,0.1,18.2,10.1,24.5,11.3,23.2,21.2,17.1,21.7,10.9,11.2,24.5,23.1,21.3,13.7,21.3,14.4,12.6,26.6,19,34.6,14.8,24.2,9.9,11.8,15.1,17.3,17.9,15,24.4,24.2,13.6,21.6,15.1,34.2,18,32.4,26.6,26.3,24.8,17.6,18.7,33.8,29.9,30.6,22.7,24.5,20.9,19.8,36,27,47.2,22.7,35.3,15.5,19.4,22,20.9,26.6,18.7,32.8,31.3,22.3,,,,,,22.2204,114.2127
2026-09-03T19:00,25.8,28.6,28,26.8,26.8,27.7,26.7,28.5,27.7,28.8,27.8,29.1,28.9,28.3,28,26.6,28.6,27.6,28.2,27.9,27.7,26.6,24.2,28.3,29.3,27.8,28.5,26.9,27.3,27.3,28.5,26,28.3,27.8,27.9,27.8,26.1,28.3,26.6,27.5,80,62,74,75,75,61,92,68,72,69,70,62,70,68,67,73,75,72,71,69,75,79,91,66,72,67,70,66,74,67,63,73,71,75,76,72,82,66,73,76,0,0,0,0,0,0,0.8,0,0,0,0,0,0,0,0,0,0,0,0,0,0,0,2.9,0,0,0,0,0,0,0,0,0,0,0,0,0,2,0,0,0,9.7,6.6,4.8,20.8,12.7,8.7,18.5,7.4,10.7,5.7,4.7,9.4,9.4,2.8,15.6,9.4,3.7,3.3,4.4,5.1,13.8,12.8,30.8,8.6,2.9,6.4,4,10.3,9,9.7,10,12.2,8.4,5.6,5.8,12.6,15.1,18.1,8.4,12.9,,,,,,,,,,,,,,,,,,,,,,,,,,,,,,,,,,,,,,,,,30.5,29.2,30.2,29.8,30,28.9,29.3,27.8,30.7,30.2,28.5,29.7,31.3,29.8,29.2,30.5,29.3,27.3,28.3,29.7,29.5,26.8,30.1,29.2,28.6,27.4,29,25.7,28.8,29.5,30.1,64,72,63,66,67,73,66,73,67,67,69,66,62,71,64,67,64,71,69,66,68,75,69,68,77,71,68,78,54,60,66,0,0.3,0,0,0.2,0.1,0,0.1,0,0,0,0,0,0.3,0,0,0,0,0,0,0,0,0.2,0,4.3,0,0.1,0.1,0,0,0.1,19.5,9.6,27.4,13,20.6,20.7,16.5,20.7,8,11.1,25.9,19.8,22.4,13.1,16.1,17.1,10,24.2,21,34.4,17.2,23.7,10.6,9.4,27.2,17.1,18.6,13.9,24.1,27.6,16,23.8,14.8,37.8,17.6,29.5,27.4,23.4,24.1,14.4,16.9,34.2,26.6,30.6,20.2,18.4,23.8,17.3,34.2,29.2,48.6,25.6,35.3,16.6,17.3,37.4,20.2,27,18,32,34.9,23.4,,,,,,22.2204,114.2127
2026-09-03T20:00,25.8,28.7,28.2,26.8,26.9,27.6,26.7,28.5,27.7,28.9,27.8,29.1,28.9,28.5,28,26.6,28.7,27.7,28.3,27.9,27.6,26.7,24.1,28.3,29.4,27.8,28.6,26.9,27.4,27.3,28.6,26.1,28.3,27.9,28,27.8,26,28.3,26.7,27.6,80,62,74,75,75,61,92,68,72,69,70,61,70,69,67,73,75,73,71,69,75,79,91,66,72,67,70,66,74,67,63,73,71,75,76,72,83,66,73,76,0,0,0,0,0,0,0.8,0,0,0,0,0,0,0,0,0,0,0,0,0,0,0,2.9,0,0,0,0,0,0,0,0,0,0,0,0,0,2,0,0,0,9.8,6.1,4.4,20.8,12.6,8.6,18.7,6.9,10.2,5.2,4.3,9.4,9.4,3.3,15.2,9.2,3.3,3.4,4.1,5.1,13.6,12.8,30.7,8.1,3.1,5.9,3.6,10.1,8.5,9.7,10,11.7,7.9,5.6,5.4,12.2,15.5,18.1,8,12,,,,,,,,,,,,,,,,,,,,,,,,,,,,,,,,,,,,,,,,,30.2,29.2,30,29.5,29.6,28.8,29,27.6,30.6,30,28.4,29.6,31.1,29.6,29,30.3,29.1,27.3,28.1,29.1,29.2,26.8,29.9,29.2,28.5,27.1,28.9,26,28.5,28.9,30,64,72,63,68,69,74,67,73,68,67,70,67,62,72,65,67,65,71,70,67,69,75,70,70,78,72,69,77,55,60,66,0,0.3,0,0,0.2,0.1,0,0.1,0,0,0,0,0,0.3,0,0,0,0,0,0,0,0,0.2,0,4.3,0,0.1,0.1,0,0,0.1,20.7,11,29.1,13.4,18.8,20,16.4,19.7,6.9,11.5,26.7,17.5,23,11.8,12.7,19.2,9.5,22.5,21.8,34.3,18.7,23.4,12.2,10.1,36.3,16.7,18.7,12.1,24.6,29.7,18.6,25.6,16.2,40.3,17.6,27,27.7,21.6,23.4,12.6,15.8,34.2,24.1,30.6,17.6,14,26.6,16.6,32.8,30.2,49,27,35.6,18,17.3,48.6,19.1,26.6,16.6,32,37.4,25.6,,,,,,22.2204,114.2127
2026-09-03T21:00,25.8,28.6,28.3,26.8,26.9,27.5,26.7,28.4,27.7,28.9,27.7,29,28.9,28.5,28,26.6,28.7,27.7,28.3,27.9,27.5,26.7,24.1,28.3,29.4,27.8,28.6,26.8,27.5,27.3,28.6,26.2,28.3,27.9,28,27.8,25.9,28.3,26.6,27.6,80,62,74,75,75,61,92,68,72,69,70,60,70,70,67,73,75,74,71,69,75,79,91,66,72,68,70,67,74,67,63,73,71,75,76,72,84,66,73,76,0,0,0,0.1,0,0,0.6,0,0,0,0,0,0,0,0,0,0,0,0,0,0,0,5.9,0,0,0,0,0,0,0,0,0,0,0,0,0,2.6,0,0,0,9.9,5.9,4,20.9,12.6,8.6,19,6.7,9.7,4.9,4.3,9.4,9.4,3.6,15.2,8.9,3.3,3.5,4.1,5.1,13.3,12.8,30.9,8.1,3.4,5.6,3.2,9.6,8.2,9.7,10,11.3,7.4,5.6,5.4,11.7,15.6,17.8,8,11,,,,,,,,,,,,,,,,,,,,,,,,,,,,,,,,,,,,,,,,,29.9,29.1,29.7,29.4,29.3,28.7,28.7,27.4,30.5,29.8,28.3,29.4,30.7,29.4,28.7,30,29,27.3,28,28.8,29,26.8,29.7,29,28.5,27.1,28.7,26.1,28.1,28.5,29.8,65,71,63,68,70,75,67,72,69,67,71,68,63,73,66,66,65,71,70,67,70,75,70,70,79,72,70,76,57,61,66,0,0,0,0.1,0.1,0.1,0,0.1,0,0,0,0,0,0.1,0,0,0,0,0,0,0,0,0.1,0,2,0,0.3,0,0,0,0.1,20.8,14.5,28.2,11.4,17.9,19.3,16.4,18.5,7.2,11.8,26,16.9,21.9,9.2,12.3,20.8,11.2,21.7,21.7,33.6,17.5,23.4,14.5,14.5,38,15.2,17.9,9.4,26.7,29.9,20.8,26.3,20.5,40.3,19.1,26.3,27.7,21.6,22,12.2,15.8,33.5,23,28.4,14,13.3,29.2,18,32,29.5,47.2,25.2,37.4,20.9,21.2,51.8,17.6,24.5,14,33.8,37.8,28.4,,,,,,22.2204,114.2127
2026-09-03T22:00,25.7,28.5,28.3,26.6,26.9,27.4,26.7,28.2,27.5,28.9,27.6,28.9,28.8,28.5,27.9,26.6,28.6,27.6,28.3,27.9,27.3,26.7,24,28.1,29.3,27.8,28.6,26.6,27.5,27.1,28.5,26.1,28.2,27.8,27.9,27.7,25.8,28.2,26.5,27.6,80,62,74,76,76,61,92,68,72,69,70,60,70,71,67,73,75,75,70,69,76,79,92,66,72,69,71,67,74,67,63,73,71,76,75,72,84,66,73,75,0,0,0,0.1,0,0,0.6,0,0,0,0,0,0,0,0,0,0,0,0,0,0,0,5.9,0,0,0,0,0,0,0,0,0,0,0,0,0,2.6,0,0,0,9.9,5.9,4.1,20.9,12.6,9,19.2,6.3,9.7,4.9,4.3,9.1,9.8,3.6,14.9,8.7,3.3,3.9,4.4,5.1,13.3,12.8,31.1,7.8,4,5.5,2.9,9.6,7.9,9.4,10.2,10.9,7.4,5.6,5.4,11.4,16.2,17.5,7.6,9.9,,,,,,,,,,,,,,,,,,,,,,,,,,,,,,,,,,,,,,,,,29.5,29,29.3,29.4,29,28.5,28.5,27.2,30.3,29.7,28.1,29.1,30.2,29.3,28.4,29.8,28.9,27.2,27.8,28.6,28.8,27,29.5,28.8,28.4,27.1,28.5,26.2,27.7,28.2,29.5,66,70,63,67,71,76,66,72,69,66,72,68,65,74,67,66,65,72,69,67,71,75,69,68,79,72,71,75,59,63,66,0,0,0,0.1,0.1,0.1,0,0.1,0,0,0,0,0,0.1,0,0,0,0,0,0,0,0,0.1,0,2,0,0.3,0,0,0,0.1,20.3,18.9,26.5,12.1,17.6,18.6,16.3,17.6,9.4,12.3,24.5,17.2,19.6,5.9,13.8,23,14.4,21.7,21,32.2,14.7,24,17,20.3,36,13.7,16.7,7,29.7,29,22.9,26.6,26.6,38.9,21.2,26.3,27,23,20.5,13,16.9,32.8,22.3,26.3,10.1,14.8,32,20.9,31.7,28.1,43.9,22,40,24.5,27.7,50.8,15.8,22,10.8,36.7,37.1,32,,,,,,22.2204,114.2127
2026-09-03T23:00,25.6,28.4,28.3,26.4,26.7,27.2,26.6,28,27.3,28.9,27.5,28.7,28.7,28.4,27.7,26.5,28.6,27.4,28.3,27.8,27.1,26.6,23.9,27.9,29.2,27.7,28.5,26.4,27.4,27,28.3,26.1,28.1,27.7,27.9,27.6,25.6,28.1,26.2,27.6,81,61,73,76,76,62,92,68,72,69,71,59,70,72,67,73,75,76,70,69,76,79,92,66,72,70,71,68,74,67,64,73,71,76,75,72,85,66,74,75,0,0,0,0.1,0,0,0.6,0,0,0,0,0,0,0,0,0,0,0,0,0,0,0,5.9,0,0,0,0,0,0,0,0,0,0,0,0,0,2.6,0,0,0,9.8,6.4,3.9,21.3,12.6,9,19.7,6.4,9.7,4.9,4.5,9.1,10.5,3.7,15,8.4,3.3,4.2,4.7,5.1,12.8,13,31.1,7.9,4.7,5.2,2.9,9.1,7.4,9.2,10.5,10.6,7.4,5.6,5.8,10.7,16.5,17.3,7.6,8.9,,,,,,,,,,,,,,,,,,,,,,,,,,,,,,,,,,,,,,,,,29.2,28.8,28.9,29.4,28.8,28.4,28.3,27,30.1,29.5,27.9,28.8,29.8,29.2,28.1,29.5,28.7,27.1,27.7,28.4,28.5,27,29.3,28.5,28.3,27.2,28.4,26.3,27.3,27.9,29.2,67,69,63,66,71,76,66,71,69,66,72,68,67,74,68,65,64,72,69,67,71,75,69,67,80,72,71,74,60,64,66,0,0,0,0.1,0.1,0.1,0,0.1,0,0,0,0,0,0.1,0,0,0,0,0,0,0,0,0.1,0,2,0,0.3,0,0,0,0.1,20.3,22,25.2,15.3,18,17.3,16.5,17.1,12.3,14.5,23.4,17.1,19.2,4.3,15,24.9,17.8,21.3,19.9,30.8,13.3,24.4,19,24.1,33,12.1,16.4,6.4,32,28,24.5,27,30.2,38.2,23.8,26.3,25.6,23.8,19.8,15.5,19.4,31.7,21.6,25.9,8.3,16.2,34.6,24.1,31,26.3,40.7,20.5,41.4,27,31.7,47.9,14.4,20.9,9.4,38.9,36,34.6,,,,,,22.2204,114.2127
2026-09-04T00:00,25.5,28.2,28.2,26.2,26.5,26.9,26.6,27.7,27,28.9,27.3,28.5,28.5,28.3,27.5,26.4,28.5,27.2,28.2,27.7,26.8,26.6,23.9,27.6,29,27.6,28.4,26.1,27.3,26.7,28.1,26,27.9,27.6,27.7,27.5,25.5,28,26,27.6,81,60,73,77,76,62,92,68,72,69,71,59,70,73,67,73,75,77,69,69,76,78,92,66,72,71,72,69,75,68,65,73,71,77,74,72,86,67,74,74,0,0,0,0.1,0,0,0.6,0,0,0,0,0,0,0,0,0,0,0,0,0,0,0,5.9,0,0,0,0,0,0,0,0,0,0,0,0,0,2.6,0,0,0,9.7,6.9,4.2,21.2,12.3,9.4,20,6.6,9.7,4.8,4.7,9.3,10.9,3.5,14.8,8.1,3.3,4.6,5.3,5,12.6,13,31.9,8.1,5.6,4.9,2.5,8.8,7.1,9.2,10.7,9.9,7.4,5.6,6.2,10.5,17.1,16.8,7.8,7.9,,,,,,,,,,,,,,,,,,,,,,,,,,,,,,,,,,,,,,,,,28.9,28.6,28.6,29.2,28.6,28.2,28.2,26.8,29.9,29.2,27.6,28.6,29.5,29.2,27.7,29.1,28.4,27,27.5,28.2,28.3,26.9,29.1,28.2,28.1,27.2,28.2,26.4,27.1,27.7,28.9,68,69,64,66,71,76,67,71,69,65,72,67,67,73,69,64,63,72,69,67,70,76,69,67,80,72,70,74,61,64,66,0,0.1,0,0,0,0,0,0,0.1,0,0,0,0,0.1,0,0,0,0,0,0.1,0,0,0,0,0.6,0.1,0,0,0,0,0,20.9,21.9,25.2,18.4,17.9,14.8,15.9,16.9,16.4,17.8,22.7,15.9,21.6,6.8,16.1,26.8,21.1,20.5,18.6,28.8,15.1,24.6,19.2,23.9,31.1,11.6,17.8,5.6,33,27.8,25.1,28.1,29.2,38.2,26.6,26.3,21.6,23.4,20.2,20.5,24.1,30.2,19.8,30.2,10.1,17.3,36.4,28.1,28.8,24.8,37.8,22.7,41.4,27,31.3,43.6,13.7,23.4,10.1,40,34.9,34.9,,,,,,22.2204,114.2127
2026-09-04T01:00,25.4,28,28.2,26,26.3,26.7,26.6,27.4,26.7,28.8,27.1,28.3,28.3,28.1,27.3,26.3,28.4,26.9,28.1,27.5,26.5,26.5,23.8,27.3,28.8,27.4,28.3,25.9,27.1,26.5,27.8,25.9,27.7,27.5,27.6,27.3,25.3,27.8,25.6,27.6,81,59,73,77,77,63,92,69,72,69,71,58,71,74,67,73,75,78,68,69,77,78,93,66,72,72,72,70,75,68,65,73,72,77,73,73,87,67,74,73,0,0,0,0.1,0,0,0.6,0,0,0,0,0,0,0,0,0,0,0,0,0,0,0,5.9,0,0,0,0,0,0,0,0,0,0,0,0,0,2.6,0,0,0,9.6,7.1,4.6,21.6,12.3,9.8,20.5,6.7,9.7,5.1,4.9,9.2,11.7,3.4,14.8,7.8,3.3,4.9,6,5.1,12.6,13.5,32.7,8.7,6.6,4.9,2.5,8.2,7.1,8.9,11.2,9.6,7.4,5.9,6.6,9.8,17.6,16.1,7.6,6.9,,,,,,,,,,,,,,,,,,,,,,,,,,,,,,,,,,,,,,,,,28.7,28.3,28.2,28.9,28.5,28.1,28.1,26.6,29.6,28.9,27.2,28.4,29.2,29.2,27.3,28.7,28,26.9,27.4,28.1,28.1,26.7,28.9,27.9,27.9,27.3,28.1,26.5,26.9,27.5,28.5,68,70,64,65,70,76,68,72,68,64,71,67,67,70,69,63,61,73,68,68,68,76,70,67,81,71,68,74,61,64,65,0,0.1,0,0,0,0,0,0,0.1,0,0,0,0,0.1,0,0,0,0,0,0.1,0,0,0,0,0.6,0.1,0,0,0,0,0,21.7,19.9,26,21.3,17.6,11.7,15.2,16.9,21.3,21.7,22,14.1,25.8,10.9,17.6,28.6,24.6,20.2,17.6,26.3,19.1,25.1,19.2,21.4,28.4,11.5,21.1,7.6,33.3,27.2,25.7,29.5,25.6,38.5,29.9,26.6,16.9,22.7,21.2,27,30.2,28.8,17.6,37.1,14.4,18.7,37.4,32,26.6,23,34.6,26.3,40.7,26.3,28.4,37.4,13.7,27.7,11.9,40.7,33.8,34.2,,,,,,22.2204,114.2127
2026-09-04T02:00,25.2,27.8,28.1,25.7,26.1,26.4,26.5,27.1,26.4,28.7,26.9,28,28.1,27.9,27,26.1,28.3,26.7,28.1,27.4,26.2,26.5,23.8,27,28.5,27.3,28.2,25.6,26.9,26.2,27.5,25.8,27.5,27.4,27.5,27.1,25.1,27.7,25.3,27.5,82,59,72,78,77,63,92,69,72,69,72,58,71,75,67,72,75,79,67,69,77,78,93,66,71,74,73,71,75,69,66,73,72,78,72,73,88,67,74,73,0,0,0,0.1,0,0,0.6,0,0,0,0,0,0,0,0,0,0,0,0,0,0,0,5.9,0,0,0,0,0,0,0,0,0,0,0,0,0,2.6,0,0,0,9.5,7.7,4.8,21.5,11.9,10.2,20.8,7,10.2,5.1,5.4,9.2,12.4,3.3,15,7,3.4,5.2,7,5.2,12.4,13.8,33.6,8.9,8,4.7,2.3,7.7,7,9.2,11.5,9.3,7.4,6.2,7.3,9.3,18.4,15.8,7.7,5.9,,,,,,,,,,,,,,,,,,,,,,,,,,,,,,,,,,,,,,,,,28.5,28.1,27.8,28.6,28.4,28,28,26.4,29.3,28.6,26.9,28.3,28.9,29.1,26.9,28.4,27.6,26.8,27.3,27.9,27.8,26.6,28.7,27.6,27.8,27.3,27.9,26.6,26.7,27.4,28.2,68,70,65,65,70,75,68,72,67,64,71,66,67,69,69,63,60,73,68,69,67,77,70,67,81,71,66,74,61,64,65,0,0.1,0,0,0,0,0,0,0.1,0,0,0,0,0.1,0,0,0,0,0,0.1,0,0,0,0,0.6,0.1,0,0,0,0,0,22.4,19.1,27.1,23.1,17.7,10.2,15.5,16.8,24.9,24.9,20.9,12.8,29.1,14.7,18.6,29.9,27.4,20.2,17,24.6,22.4,25.1,19.1,19.1,24.3,11.7,24.9,10.5,33.3,26.4,26.3,30.6,24.1,38.9,32,27,15.1,22.7,22,32.4,34.9,27,15.8,42.1,18.7,19.8,38.2,34.9,26.3,22,32.4,28.8,40,25.6,25.6,31.7,13.7,31.7,14.8,41,32,33.5,,,,,,22.2204,114.2127
2026-09-04T03:00,25.1,27.5,28,25.5,25.9,26.1,26.5,26.7,26.1,28.7,26.7,27.7,27.9,27.7,26.8,26,28.1,26.4,28,27.2,25.9,26.4,23.8,26.7,28.2,27.1,28,25.3,26.8,26,27.2,25.6,27.3,27.2,27.3,27,24.9,27.5,25,27.5,82,58,72,78,78,64,92,69,72,69,72,57,71,76,67,72,75,80,66,68,77,78,93,66,71,75,73,72,75,69,67,73,72,78,72,73,88,68,74,72,0,0,0,0.1,0,0,0.6,0,0,0,0,0,0,0,0,0,0,0,0,0,0,0,5.9,0,0,0,0,0,0,0,0,0,0,0,0,0,2.6,0,0,0,9.4,8.4,5.4,21.6,11.6,10.7,21.6,7.6,10.2,5.4,5.6,9.4,13.1,3.2,14.8,6.7,3.4,5.5,8.1,5.6,11.9,14,34.7,9.2,9,4.3,2.3,7.4,6.8,8.9,12,8.7,7.7,6.2,7.8,9.2,19.2,15.5,7.9,5.4,,,,,,,,,,,,,,,,,,,,,,,,,,,,,,,,,,,,,,,,,28.2,27.9,27.4,28.3,28.2,28,27.8,26.4,29,28.2,26.7,28.1,28.6,28.9,26.6,28,27.4,26.6,27.1,27.4,27.6,26.4,28.5,27.3,27.6,27.2,27.7,26.6,26.5,27.2,27.9,68,70,65,65,70,74,68,72,66,64,71,66,68,69,69,64,59,73,69,72,66,78,71,67,81,71,65,74,61,64,66,0,0.1,0,0,0,0,0,0,0,0,0,0,0,0,0,0,0,0,0,0,0,0,0,0,0.6,0,0,0,0,0,0,22.8,21.2,27.9,24.1,18,11.6,17.2,16.7,25.7,26.3,19.5,12.1,30.4,17.4,19.4,30.6,27.7,21.4,16.9,23.9,22.2,25.1,19.1,17.6,17.6,12.4,27.4,12.2,33.2,24.1,27,31.7,27,39.2,33.1,27.7,18.7,24.5,22,35.3,36.7,24.8,14.8,43.6,23.4,20.5,38.5,35.3,29.9,21.6,30.6,28.8,38.9,25.9,23.4,26.3,14,34.2,18.7,41,29.2,33.8,,,,,,22.2204,114.2127
2026-09-04T04:00,24.9,27.3,27.9,25.2,25.7,25.9,26.5,26.4,25.8,28.6,26.5,27.5,27.7,27.5,26.5,25.9,28,26.1,27.9,27.1,25.6,26.3,23.8,26.4,28,27,27.9,25,26.6,25.7,26.9,25.5,27.1,27.1,27.2,26.8,24.7,27.3,24.6,27.4,83,57,71,79,78,64,92,70,72,69,72,57,71,77,67,72,75,82,66,68,78,78,93,66,71,77,74,73,76,69,68,73,73,79,71,73,89,68,75,71,0,0,0,0.1,0,0,0.6,0,0,0,0,0,0,0,0,0,0,0,0,0,0,0,5.9,0,0,0,0,0,0,0,0,0,0,0,0,0,2.6,0,0,0,9,8.9,6,21.5,11.3,11.2,21.9,7.9,10.5,5.4,6.1,9.2,13.8,3.3,15,6.4,3.8,6.2,8.7,5.7,11.7,14.3,35.7,9.6,10.1,4.2,2.4,7.1,6.9,8.7,12.5,8.4,7.7,6.5,8.3,8.8,19.9,15.1,8.3,4.7,,,,,,,,,,,,,,,,,,,,,,,,,,,,,,,,,,,,,,,,,27.8,27.8,27.1,28,28.1,28.1,27.6,26.4,28.8,27.8,26.6,27.9,28.3,28.6,26.4,27.7,27.2,26.5,26.8,26.8,27.3,26.2,28.4,27.1,27.5,27.1,27.5,26.6,26.4,27,27.6,67,69,65,64,69,74,67,71,66,65,70,66,69,70,69,65,59,73,70,76,66,78,71,66,81,70,65,74,61,64,67,0,0.1,0,0,0,0,0,0,0,0,0,0,0,0,0,0,0,0,0,0,0,0,0,0,0.6,0,0,0,0,0,0,22.5,24.3,29,24.5,18.7,15.5,19.1,17.3,25.6,26.9,17.9,12,30.7,20,19.3,31,27,23,17.4,23.8,19.8,25,19.2,16.7,13,13.1,29.2,14.1,32.8,21.3,28.1,33.1,32,39.2,33.1,28.8,25.2,27,22,37.1,37.4,22.7,14.4,43.6,28.4,20.9,38.2,34.6,35.3,22,29.9,27.7,37.8,26.6,20.9,21.2,14.8,36.7,23.8,40.7,25.6,34.2,,,,,,22.2204,114.2127
2026-09-04T05:00,24.8,27.1,27.8,25,25.5,25.7,26.4,26.1,25.5,28.5,26.3,27.3,27.6,27.3,26.3,25.7,27.9,25.9,27.9,27,25.3,26.2,23.8,26.2,27.8,26.9,27.8,24.8,26.4,25.5,26.6,25.4,26.9,27,27,26.7,24.6,27.2,24.4,27.4,83,56,71,79,78,65,92,70,72,69,73,56,72,78,67,73,76,83,65,68,78,77,94,66,71,78,74,73,76,70,69,73,73,79,71,73,90,69,75,71,0,0,0,0.1,0,0,0.6,0,0,0,0,0,0,0,0,0,0,0,0,0,0,0,5.9,0,0,0,0,0,0,0,0,0,0,0,0,0,2.6,0,0,0,9,9.4,6.4,21.5,11.3,11.3,22.1,8.3,10.5,5.4,6.4,9.4,14.2,3,14.8,6.1,3.9,6.5,9.3,5.8,11.4,14.5,36.8,10.3,11.2,4.4,2.1,6.9,6.6,8.7,12.5,7.9,7.7,6.5,8.8,8.5,20.9,14.9,8.5,4.6,,,,,,,,,,,,,,,,,,,,,,,,,,,,,,,,,,,,,,,,,27.6,27.8,26.8,27.8,28,28.1,27.4,26.4,28.6,27.6,26.5,27.8,28.2,28.4,26.2,27.4,27,26.4,26.7,26.4,27.1,26.2,28.3,27,27.5,27,27.4,26.6,26.3,26.8,27.3,67,68,65,64,69,73,66,70,65,65,70,66,69,71,69,66,59,73,71,78,66,78,72,66,81,70,65,74,61,64,67,0,0.1,0,0,0,0,0,0,0,0,0,0,0,0,0,0,0,0,0,0,0,0,0,0,0.6,0,0,0,0,0,0,22.5,26.3,29.3,24.2,19.8,19.4,20.9,18.1,25.5,27.2,17,12,30.6,21.9,19.1,30.2,26,24.5,17.7,23.9,18.6,25.2,19.2,15.7,14.2,14.2,30.6,15.9,32,19.2,28.5,33.5,35.3,39.2,32.8,30.6,31.7,28.4,22.3,37.8,38.2,20.9,14.4,43.2,32.4,20.5,37.1,33.8,39.2,22.3,29.9,27,37.4,27.4,19.1,18.7,15.5,38.2,27.4,40,23.4,34.9,,,,,,22.2204,114.2127
2026-09-04T06:00,24.8,27,27.7,24.9,25.4,25.5,26.4,25.9,25.3,28.4,26.2,27.1,27.4,27.2,26.2,25.6,27.8,25.7,27.9,26.9,25.1,26.2,23.8,25.9,27.6,26.8,27.7,24.6,26.3,25.3,26.3,25.4,26.7,26.9,26.9,26.6,24.4,27,24.2,27.4,83,56,71,80,79,66,91,71,72,69,73,56,72,78,68,73,76,84,65,68,79,77,94,66,71,79,74,74,76,70,70,73,73,79,70,74,90,69,75,70,0,0,0,0.1,0,0,0.6,0,0,0,0,0,0,0,0,0,0,0,0,0,0,0,5.9,0,0,0,0,0,0,0,0,0,0,0,0,0,2.6,0,0,0,9,9.7,6.8,21.2,10.9,11.6,22.4,8.6,10.2,5.7,6.4,9.4,14.6,3.1,14.7,5.9,3.9,6.5,9.7,6,10.9,14.5,37.8,10.5,11.9,4.1,2.1,6.4,6.5,8.7,13,7.7,7.4,6.5,8.9,8.2,21.6,14.5,8.7,4.3,,,,,,,,,,,,,,,,,,,,,,,,,,,,,,,,,,,,,,,,,27.4,27.8,26.6,27.7,27.9,28.1,27.4,26.4,28.4,27.4,26.4,27.7,28.1,28.2,26.1,27.1,26.9,26.4,26.6,26.3,26.9,26.2,28.2,26.9,27.5,27,27.2,26.6,26.1,26.7,27.2,66,66,65,64,68,73,65,70,65,65,70,66,68,71,68,66,58,73,71,77,66,77,72,65,80,70,65,74,62,64,66,0,0.5,0,0,0,0,0,0,0,0,0,0,0,0,0,0,0,0,0,0,0,0,0,0,0,0,0,0.2,0,0,0,22.5,26.1,28.9,23.4,22,23.8,21.2,18.8,25.5,28.1,16.9,12.3,30.8,22.4,18.1,28.1,25.6,25.1,17.4,24.4,18.8,25.6,19.2,15,15.2,15.2,31.7,17.6,30.3,18.9,28.9,32.8,34.9,38.9,31.7,33.8,37.8,28.1,23.8,37.8,40,20.5,14.8,43.9,34.2,19.4,34.6,34.2,40.3,22.7,32.4,27,38.9,28.1,17.6,20.5,16.9,39.2,29.2,38.5,24.1,35.6,,,,,,22.2204,114.2127
2026-09-04T07:00,24.7,26.9,27.6,24.9,25.3,25.3,26.4,25.7,25.2,28.4,26.1,26.9,27.4,27.1,26.1,25.5,27.7,25.6,27.8,26.9,25,26.1,23.9,25.8,27.4,26.7,27.6,24.5,26.2,25.2,26.1,25.3,26.6,26.8,26.8,26.5,24.3,26.9,24,27.4,84,56,71,80,79,66,91,71,72,69,74,56,72,79,68,73,76,84,65,68,79,77,93,66,71,80,75,75,77,71,71,73,74,80,70,74,91,70,75,70,0,0,0,0.1,0,0,0.6,0,0,0,0,0,0,0,0,0,0,0,0,0,0,0,5.9,0,0,0,0,0,0,0,0,0,0,0,0,0,2.6,0,0,0,8.6,10,7,20.9,10.5,12.1,22.7,9,10.2,5.7,6.4,9.2,15,3.2,14.5,5.4,3.4,6.6,10,5.6,10.4,14.8,38.5,10.2,12.3,4.1,2.1,6.1,6.4,8.5,13.2,7.4,7.4,6.5,9,8.1,22.2,14.5,8.9,4.3,,,,,,,,,,,,,,,,,,,,,,,,,,,,,,,,,,,,,,,,,27.2,27.8,26.5,27.5,27.9,28,27.4,26.4,28.3,27.3,26.3,27.7,28.2,28.1,25.9,27,26.8,26.3,26.6,26.5,26.7,26.3,28.2,26.9,27.6,26.9,27.2,26.6,25.9,26.7,27.2,66,64,65,64,67,72,65,70,65,64,70,65,67,71,67,66,58,72,71,75,66,76,72,65,79,69,65,73,63,63,65,0,0.5,0,0,0,0,0,0,0,0,0,0,0,0,0,0,0,0,0,0,0,0,0,0,0,0,0,0.2,0,0,0,22.1,24.5,27.9,22.3,24.5,27.8,20.5,19.1,25.5,28.8,16.8,13,30.9,22.2,16.8,25.2,25.3,25.4,17.3,25.1,19.6,26.1,19.2,14.4,15.7,16.2,32.2,19.1,27.8,20.1,28.9,31.3,33.1,38.2,30.2,37.4,43.6,27,25.6,36.7,41.8,20.5,15.8,44.6,34.6,17.6,31.3,34.9,40,23,36,27.4,40.7,28.4,16.9,24.5,18.4,39.6,30.2,36.4,26.3,36,,,,,,22.2204,114.2127
2026-09-04T08:00,24.8,26.8,27.6,24.9,25.3,25.2,26.5,25.7,25.2,28.4,26.1,26.8,27.4,27,26.1,25.4,27.7,25.5,27.8,26.9,24.9,26.1,23.9,25.7,27.4,26.6,27.6,24.4,26.2,25.2,25.9,25.4,26.6,26.8,26.8,26.4,24.3,26.7,24,27.4,84,56,71,80,79,67,91,71,72,69,74,56,72,79,68,74,76,85,65,68,79,77,93,66,71,80,75,75,77,71,72,73,74,80,70,74,91,71,75,70,0,0,0,0.1,0,0,0.6,0,0,0,0,0,0,0,0,0,0,0,0,0,0,0,5.9,0,0,0,0,0,0,0,0,0,0,0,0,0,2.6,0,0,0,8.3,10,6.8,20.4,10.2,12.1,22.7,9.1,9.7,5.7,6.1,8.9,15,3.2,14.2,5.4,3.4,6.6,10,5.6,9.6,14.8,38.6,10.2,12.3,4.1,1.8,5.9,5.9,8.2,13,7.1,6.9,6.3,8.7,7.9,22.7,14.3,8.9,4.1,,,,,,,,,,,,,,,,,,,,,,,,,,,,,,,,,,,,,,,,,27.3,28,26.7,27.6,28,28.2,27.5,26.5,28.3,27.4,26.4,27.9,28.4,28.2,26.1,27,26.9,26.6,26.8,26.9,26.8,26.6,28.3,27.1,27.9,27,27.3,26.7,25.9,26.8,27.3,65,62,64,63,66,71,64,69,65,64,70,64,66,71,66,65,57,71,70,73,66,75,72,64,78,69,64,72,63,62,64,0,0.5,0,0,0,0,0,0,0,0,0,0,0,0,0,0,0,0,0,0,0,0,0,0,0,0,0,0.2,0,0,0,21.5,23.4,26.8,20.9,26.3,30.6,19.8,19.5,24.9,29.4,17.1,13,30.2,21.7,15.3,22.7,24.5,25.7,17.3,25.4,19.9,26.1,19.1,13.4,16.8,16.7,32,20.3,25.2,20.3,28.6,29.9,31.3,37.4,28.1,39.6,47.2,25.6,26.6,35.3,42.8,20.5,15.8,44.3,34.2,15.8,28.1,34.6,39.6,23.4,38.2,27,41,28.4,15.8,27.7,19.4,38.9,30.2,33.8,27.4,36,,,,,,22.2204,114.2127
2026-09-04T09:00,24.9,26.8,27.6,25,25.3,25.2,26.5,25.7,25.3,28.4,26.1,26.8,27.5,27,26.2,25.3,27.7,25.6,27.8,26.9,24.9,26.1,24,25.7,27.4,26.6,27.5,24.5,26.3,25.2,25.8,25.5,26.6,26.9,26.9,26.4,24.3,26.6,24.1,27.4,84,57,71,80,79,68,91,71,72,69,74,56,72,79,68,75,76,85,66,68,79,77,92,66,71,80,75,75,77,71,73,73,74,80,70,74,91,72,75,70,0,0,0,0,0,0,0.4,0,0,0,0,0,0,0,0,0.6,0,0,0,0,0,0,2.1,0,0,0,0,0,0,0,0,0,0,0,0,0,7.8,0.4,0,0,7.9,9.7,6.4,19.6,9.8,12.1,22.7,9.1,9.2,5.7,5.6,8.7,14.6,3.2,13.8,5.4,3,6.3,9.5,5.2,8.8,14.5,38.5,9.7,11.9,4.1,1.3,5.6,5.5,7.9,12.8,6.8,6.4,6.1,8,7.7,23,14.1,8.9,3.9,,,,,,,,,,,,,,,,,,,,,,,,,,,,,,,,,,,,,,,,,27.7,28.4,27.1,28,28.2,28.8,27.8,27,28.7,27.8,26.6,28.4,28.7,28.7,26.6,27.3,27.4,27.2,27.3,27.4,27.2,27.3,28.6,27.5,28.5,27.3,27.7,26.9,26.3,27.4,27.7,64,61,63,62,64,69,63,68,64,63,69,62,65,70,64,64,56,69,68,71,65,73,71,63,75,68,62,71,63,61,62,0,0,0,0,0,0,0,0,0,0,0,0,0,0,0,0,0,0,0,0,0,0,0,0,0,0,0,0,0,0,0,21.3,23.7,25.9,19.5,26.5,31,19,19.6,23.7,29.5,16.7,11.9,28.8,21.3,13.6,20.9,24.1,26.4,17.8,25,19.8,24.8,19.1,12.4,18.4,16.7,30.8,20.8,23.8,20.5,28.1,28.8,30.6,36,25.6,38.2,46.4,23.8,26.6,33.5,43.2,20.2,14.4,42.1,33.1,14.4,25.2,32.8,40.3,24.1,37.4,26.3,37.8,28.1,14.8,28.8,19.8,36.7,29.2,31,26.6,34.9,,,,,,22.2204,114.2127
2026-09-04T10:00,25,26.9,27.7,25.2,25.5,25.2,26.6,25.8,25.4,28.4,26.2,26.8,27.6,27.1,26.4,25.2,27.6,25.7,27.9,27.1,25,26.2,24.1,25.8,27.5,26.6,27.5,24.6,26.4,25.3,25.7,25.6,26.6,26.9,26.9,26.4,24.3,26.5,24.3,27.4,84,57,72,80,79,68,91,71,72,69,75,57,72,79,68,76,77,86,67,69,79,77,92,67,72,80,75,75,78,72,73,73,75,80,71,74,91,73,75,70,0,0,0,0,0,0,0.4,0,0,0,0,0,0,0,0,0.6,0,0,0,0,0,0,2.1,0,0,0,0,0,0,0,0,0,0,0,0,0,7.8,0.4,0,0,7.2,9.4,5.9,18.3,9.4,12.3,22.6,9.2,7.9,5.4,5.1,8.4,14.3,3.1,13,5.1,2.5,6,8.8,4.7,7.7,14.6,37.7,9,11.2,4.1,1.3,5.4,4.7,7.7,12.6,6.6,5.7,5.6,7.1,7.7,23.2,13.7,8.9,3.4,,,,,,,,,,,,,,,,,,,,,,,,,,,,,,,,,,,,,,,,,28.4,28.9,27.8,28.6,28.6,29.6,28.2,27.8,29.2,28.3,26.9,29.1,29.2,29.3,27.4,27.8,28.1,28.1,28,28.1,27.9,28.1,29.1,28,29.3,27.8,28.4,27.2,26.8,28.2,28.2,63,61,62,60,62,65,63,66,63,63,68,60,64,68,61,64,55,67,66,69,64,70,69,61,72,68,60,69,62,59,60,0,0,0,0,0,0,0,0,0,0,0,0,0,0,0,0,0,0,0,0,0,0,0,0,0,0,0,0,0,0,0,20.6,24.6,25.2,18.1,26.2,30.1,18.3,20,22.1,29.4,16.3,9.7,26.7,21,11.8,19.2,23.4,27.4,18.8,24.6,19.2,22.8,19.9,11.5,20.3,17.1,28.4,20.2,22.4,20.7,27,27.4,30.2,34.6,22.3,35.3,43.2,21.6,26.3,31.7,43.2,19.8,12.2,38.9,31.7,12.6,22,30.2,41.4,24.8,35.3,24.8,32.8,27,13.7,28.8,19.4,33.5,27.4,27.7,25.2,33.1,,,,,,22.2204,114.2127
2026-09-04T11:00,25.2,27.1,27.7,25.5,25.7,25.3,26.7,26,25.7,28.4,26.3,26.9,27.8,27.2,26.7,25.1,27.7,25.9,28,27.2,25.2,26.2,24.3,26,27.6,26.6,27.5,24.8,26.6,25.5,25.6,25.7,26.7,27,27,26.5,24.3,26.3,24.6,27.5,84,59,73,79,79,69,90,71,72,70,76,57,72,78,68,78,77,86,68,69,79,77,91,67,72,80,75,75,78,72,74,73,75,81,71,74,91,75,75,71,0,0,0,0,0,0,0.4,0,0,0,0,0,0,0,0,0.6,0,0,0,0,0,0,2.1,0,0,0,0,0,0,0,0,0,0,0,0,0,7.8,0.4,0,0,6.9,8.9,4.7,17.3,9,12.2,22.4,8.9,6.9,5.1,4.1,7.7,13.6,3,12.2,5.1,2.2,5.2,7.6,4.2,6.4,14.3,36.6,8.3,10.1,4.1,0.7,5.2,4,7.1,12.3,6.1,4.7,5,5.7,7.4,23.2,13.3,8.9,3.1,,,,,,,,,,,,,,,,,,,,,,,,,,,,,,,,,,,,,,,,,28.9,29.3,28.3,29.1,28.6,30.3,28.5,28.4,29.7,28.7,27.2,29.6,29.7,29.9,28.2,28.3,28.7,28.9,28.7,28.7,28.4,28.8,29.5,28.5,29.9,28,28.9,27.5,27.4,28.8,28.6,63,61,61,59,61,63,62,65,62,62,67,59,64,67,59,63,54,65,65,67,63,68,68,60,70,68,59,68,61,58,59,0,0,0,0,0,0,0,0,0,0,0,0,0,0,0,0,0,0,0,0,0,0,0,0,0,0,0,0,0,0,0,19.7,25.1,24.9,16.8,26.9,29.2,17.6,19.7,20.5,29.2,16,7.6,24.5,20.5,10.2,17.2,21.6,28.1,19.1,23.9,17.9,21.1,19.4,10.8,21,17.7,25.5,20,20.3,20.3,25.4,25.9,29.2,33.1,20.2,33.8,40,19.8,25.6,29.5,42.5,19.4,10.4,35.3,29.9,11.5,19.4,27.4,42.1,24.8,33.1,23.4,29.2,25.6,13,28.4,20.2,30.2,26.3,24.5,23.8,31,,,,,,22.2204,114.2127
2026-09-04T12:00,25.5,27.2,27.7,25.8,25.9,25.4,26.8,26.2,26,28.4,26.5,27,28.1,27.3,27,25,27.7,26.1,28,27.4,25.3,26.3,24.4,26.2,27.7,26.7,27.6,25,26.8,25.7,25.5,25.9,26.9,27.1,27.1,26.5,24.4,26.2,24.9,27.5,84,60,74,79,79,69,90,71,72,70,76,58,71,77,69,80,77,86,70,69,79,77,90,68,73,79,75,75,78,72,75,73,76,81,72,74,91,76,74,71,0,0,0,0,0,0,0.4,0,0,0,0,0,0,0,0,0.6,0,0,0,0,0,0,2.1,0,0,0,0,0,0,0,0,0,0,0,0,0,7.8,0.4,0,0,6.3,8.2,4,15.8,8.3,12.1,22.2,8.7,5.6,4.8,3.3,7.3,12.8,2.9,11.1,4.9,1.9,4.7,6.1,3.7,4.8,14.1,35.2,7.4,8.8,4.1,0.5,5,3.2,6.9,11.8,6,3.5,4.5,4.3,7.4,23.2,13.1,8.7,2.4,,,,,,,,,,,,,,,,,,,,,,,,,,,,,,,,,,,,,,,,,29.4,29.4,28.8,29.4,28.3,30.7,28.8,29,30,28.9,27.4,29.9,30.2,30.4,28.8,28.7,29.2,29.6,29.2,29.4,28.7,29.2,29.7,29,30.2,27.9,29.2,27.7,27.8,29.3,29,63,62,61,58,62,62,61,64,62,62,67,58,64,67,57,63,54,64,65,66,63,68,68,59,70,70,59,68,61,58,59,0,0,0,0,0.1,0,0,0,0,0,0,0,0,0,0,0,0,0,0,0,0,0.1,0,0,0,0.2,0,0,0,0,0,17.7,22.7,24.3,15.7,29,27.4,15.8,20,19.5,28.5,16,5.4,21.6,19.5,8.4,15.5,18.5,29.2,18.4,22.8,15.2,20.2,17.6,9.7,20.7,19,21.6,19.7,17.6,18.7,23.2,24.1,25.9,32.4,19.1,36,36.7,18,25.2,27.4,40.7,19.4,9,31,28.1,10.4,17.6,24.8,42.5,24.5,31.7,21.6,27.7,23.8,12.6,27.7,22.3,27.4,26.6,21.2,22.3,28.4,,,,,,22.2204,114.2127
2026-09-04T13:00,25.7,27.4,27.8,26.2,26.2,25.5,27,26.5,26.4,28.5,26.7,27.1,28.4,27.5,27.3,24.9,27.7,26.4,28.1,27.6,25.6,26.3,24.6,26.4,27.9,26.7,27.6,25.3,27,25.9,25.5,26.2,27,27.3,27.3,26.6,24.5,26,25.3,27.6,84,61,75,78,78,70,90,71,73,70,77,59,71,77,69,81,78,85,72,70,79,77,88,68,74,78,75,75,78,73,75,73,76,81,73,75,91,78,74,72,0,0,0,0,0,0,0.4,0,0,0,0,0,0,0,0,0.6,0,0,0,0,0,0,2.1,0,0,0,0,0,0,0,0,0,0,0,0,0,7.8,0.4,0,0,5.5,7.7,3,14.3,7.9,12,21.7,8.4,4.1,4.3,2.3,6.9,11.7,2.9,10.3,4.9,2,4.1,4.7,2.9,3.7,14,34,6.6,7.2,4.1,0.7,4.8,2.2,6.4,11.6,5.5,2.6,3.6,3.4,7.2,23.2,12.4,8.7,2.2,,,,,,,,,,,,,,,,,,,,,,,,,,,,,,,,,,,,,,,,,29.9,29.5,29.1,29.6,27.6,30.9,28.9,29.4,30.3,29.1,27.5,30,30.6,30.9,29.3,29.2,29.6,30.2,29.7,30.1,28.9,29.5,29.8,29.4,30.2,27.6,29.2,27.9,28.1,29.6,29.3,64,64,61,58,64,61,60,63,63,62,67,58,64,67,56,63,54,63,65,65,63,69,68,58,70,74,60,69,61,58,61,0,0,0,0,0.1,0,0,0,0,0,0,0,0,0,0,0,0,0,0,0,0,0.1,0,0,0,0.2,0,0,0,0,0,14.9,19.2,23.3,14.6,32.6,25.9,13,20.5,18.3,27.5,16.3,3.8,18.1,18.2,7.1,14.6,14.8,29.9,17.5,21.6,12.2,20.3,15.9,9.1,20.2,21.6,18.8,19.7,15.3,16.6,20.6,22,22,31.3,18.7,39.6,33.5,16.2,24.5,25.2,38.5,19.8,7.6,26.3,25.9,9.7,16.2,22.3,42.5,23.4,30.2,19.4,27.7,21.6,12.6,26.3,24.8,24.5,27.7,18,20.9,25.6,,,,,,22.2204,114.2127
2026-09-04T14:00,26,27.6,27.8,26.6,26.4,25.7,27.1,26.8,26.8,28.5,26.9,27.2,28.7,27.6,27.7,24.8,27.8,26.7,28.2,27.9,25.8,26.4,24.8,26.7,28.1,26.8,27.6,25.5,27.2,26.1,25.4,26.4,27.2,27.4,27.4,26.7,24.6,25.9,25.7,27.6,84,63,76,77,78,71,90,71,73,70,77,59,71,76,69,83,78,85,74,70,79,77,87,69,74,78,75,75,79,73,76,73,77,81,74,75,91,79,74,73,0,0,0,0,0,0,0.4,0,0,0,0,0,0,0,0,0.6,0,0,0,0,0,0,2.1,0,0,0,0,0,0,0,0,0,0,0,0,0,7.8,0.4,0,0,5.4,7,2.3,12.7,7.3,12,21.6,8.2,2.8,4.1,1.1,6.6,11,2.9,9,4.7,1.9,4.2,3.4,2.6,2.9,13.8,32.2,5.9,6.1,4.4,1.4,4.6,1.6,6.3,11.6,5.4,1.8,3.3,2.5,7.2,22.7,11.8,8.7,2.3,,,,,,,,,,,,,,,,,,,,,,,,,,,,,,,,,,,,,,,,,30.1,29.5,29.4,29.7,26.9,31.1,29,29.8,30.5,29.1,27.7,30.1,31,31.1,29.6,29.4,29.8,30.6,30,30.6,28.9,29.8,29.8,29.7,30.3,27.4,29.2,28.1,28.3,29.7,29.4,65,66,61,58,67,61,59,63,63,62,67,58,64,67,56,63,55,62,65,65,64,69,68,58,71,76,60,69,61,59,62,0,0,0,0,0.1,0,0,0,0,0,0,0,0,0,0,0,0,0,0,0,0,0.1,0,0,0,0.2,0,0,0,0,0,12.5,16.4,21.6,13.2,35.6,25.2,11,19.3,16.7,27.1,16.3,3.3,14.8,17,5.9,13.4,10.6,29.9,15.9,20.9,9.4,20.9,14.6,8.8,19.1,24.4,17.1,19.5,13.4,14.8,18.9,19.4,19.1,29.9,18,43.9,32,14.8,23.4,23,37.1,19.8,6.8,22.3,24.5,9.7,14.8,19.4,42.1,22,29.5,17.3,28.1,19.1,12.6,24.1,27.4,21.6,27.7,15.1,19.1,23.4,,,,,,22.2204,114.2127
2026-09-04T15:00,26.3,27.8,27.9,27,26.7,25.8,27.2,27.1,27.2,28.5,27.1,27.3,28.9,27.8,28,24.7,27.8,26.9,28.3,28.1,26,26.4,24.9,26.9,28.3,26.8,27.6,25.8,27.4,26.4,25.4,26.6,27.3,27.5,27.6,26.8,24.7,25.7,26.1,27.7,84,65,77,77,78,71,90,71,73,71,78,60,71,75,69,85,79,85,76,71,79,77,86,70,75,77,75,74,79,73,77,73,77,81,75,75,91,81,74,73,0,0,0,0,0,0,0.4,0,0,0,0,0,0,0,0,0.6,0,0,0,0,0,0,2.1,0,0,0,0,0,0,0,0,0,0,0,0,0,7.8,0.4,0,0,5.4,6.2,2.3,11.2,7,11.9,21.1,8,1.5,4.2,0.5,6.4,10,3.1,8.2,4.8,2.5,4.1,2.5,2.3,2.7,13.4,30.2,5.1,5.1,4.4,1.8,4.5,1.1,6.1,11.4,4.9,1.5,3.1,2.8,7.2,22.7,11.1,8.5,2.6,,,,,,,,,,,,,,,,,,,,,,,,,,,,,,,,,,,,,,,,,30.1,29.5,29.7,29.8,26,31.4,28.9,29.9,30.5,29,27.8,30.1,31.1,31.2,29.6,29.2,29.7,30.8,30.2,30.7,28.9,30.1,29.6,29.8,30.3,27.3,29.1,28.3,28.2,29.5,29.4,65,67,61,57,71,60,59,63,63,63,67,58,65,67,57,64,56,62,65,65,65,68,68,58,71,77,59,69,61,60,63,0,0,0,0,1.6,0,0,0,0,0,0,0,0,0,0,0,0,0,0,0.3,0,0.1,0,0,0.4,0.1,0,0,0,0,0,9.7,15.5,17.5,10.8,38.3,26.2,10.1,15.1,13.8,28.4,15.6,2.3,12,16.2,5.7,10.8,5.4,28.2,13.8,21,7,21.7,11.5,8.1,16.6,26.6,14.8,19.3,10.1,12.1,17.3,16.2,18.4,25.9,16.2,49,33.8,13.7,20.2,20.5,37.8,19.1,6.8,19.8,24.1,11.2,13,15.8,40.3,19.8,29.9,15.5,28.4,15.8,13.3,20.9,29.5,18,26.3,12.2,15.8,22.3,,,,,,22.2204,114.2127
2026-09-04T16:00,26.5,28,28,27.4,27,26,27.4,27.3,27.6,28.6,27.3,27.4,29.2,27.9,28.4,24.7,27.8,27.2,28.4,28.3,26.3,26.5,25.1,27.2,28.5,26.9,27.7,26.1,27.7,26.6,25.4,26.8,27.5,27.7,27.7,26.9,24.8,25.6,26.5,27.8,84,66,79,76,78,72,89,71,73,71,79,61,70,74,69,87,79,85,78,71,79,77,85,70,76,76,75,74,79,74,77,73,78,81,76,75,90,83,74,74,0,0,0,0,0,0,0.4,0,0,0,0,0,0,0,0,0.6,0,0,0,0,0,0,2.1,0,0,0,0,0,0,0,0,0,0,0,0,0,7.8,0.4,0,0,5.5,5.7,2.9,9.4,6.8,11.9,20.6,7.9,0,3.9,1.1,6.2,9.3,3.2,7.2,4.8,3.3,4.7,2.5,2.6,3.3,13.5,28.1,4.7,4.8,4.2,2.3,4.7,1.5,5.8,11.6,4.7,1.8,2.9,3.7,7.2,22.5,10.6,8.6,3.3,,,,,,,,,,,,,,,,,,,,,,,,,,,,,,,,,,,,,,,,,29.8,29.5,30,29.9,25,31.6,28.8,29.8,30.4,28.8,27.9,30,31.1,31,29.4,28.8,29.5,30.9,30.2,30.7,28.7,30.4,29.3,29.7,30.3,27.4,28.8,28.5,27.9,29,29.2,65,67,61,56,75,59,60,63,63,64,67,59,66,68,58,66,57,63,66,66,67,67,68,60,72,77,58,69,62,61,65,0,0,0,0,1.6,0,0,0,0,0,0,0,0,0,0,0,0,0,0,0.3,0,0.1,0,0,0.4,0.1,0,0,0,0,0,6.9,15.6,13,8.4,41.4,28,10,10,11,31.1,14.2,2.9,9.8,15.8,6.5,9.3,3.1,26.1,11.6,21.8,5.5,22.7,9.1,7.2,13.2,28,11.6,19,8.3,9.8,16.2,13,19.1,21.6,14,54.4,37.4,13,16.2,17.6,39.2,18,6.8,17.6,23.8,13.3,11.5,11.9,37.4,17.3,30.6,13.7,28.8,12.2,14.4,16.9,31.3,14,24.5,9.7,12.6,22,,,,,,22.2204,114.2127
2026-09-04T17:00,26.8,28.2,28,27.8,27.2,26.1,27.5,27.6,27.9,28.6,27.5,27.5,29.5,28.1,28.6,24.6,27.9,27.4,28.5,28.5,26.5,26.5,25.3,27.4,28.7,27,27.7,26.3,27.9,26.8,25.4,27,27.6,27.8,27.8,27,24.9,25.5,26.9,27.8,84,68,80,76,78,73,89,71,73,71,79,62,70,73,69,89,80,85,79,72,79,77,84,71,76,75,75,74,79,74,78,73,79,81,76,75,90,84,73,75,0,0,0,0,0,0,0.4,0,0,0,0,0,0,0,0,0.6,0,0,0,0,0,0,2.1,0,0,0,0,0,0,0,0,0,0,0,0,0,7.8,0.4,0,0,6,5,3.8,8.2,6.3,11.9,20.5,7.6,1,3.8,1.9,6.1,8.1,3.1,6.4,4.7,3.7,5.1,3,3.1,4.2,13.2,26.5,4.7,5.1,4.2,2.7,4.7,1.8,5.6,11.5,4.7,2.9,3.1,4.9,6.7,21.9,10,8.6,3.7,,,,,,,,,,,,,,,,,,,,,,,,,,,,,,,,,,,,,,,,,29.6,29.4,30,29.8,24.2,31.6,28.6,29.7,30.3,28.4,28,29.9,31,30.9,29.2,28.5,29.1,30.7,30.2,30.6,28.6,30.4,29,29.7,30.3,27.3,28.5,28.6,27.7,28.6,29.2,66,67,62,56,78,59,61,64,64,66,67,60,67,68,60,67,58,64,67,66,68,66,68,61,72,77,58,69,62,62,66,0,0,0,0,1.6,0,0,0,0,0,0,0,0,0,0,0,0,0,0,0.3,0,0.1,0,0,0.4,0.1,0,0,0,0,0,5.6,16,10.8,6.9,44.2,29.3,9.7,8.3,10.1,33,13.1,4.5,8.8,15.4,8.3,9.2,6.8,24.6,9.6,22.3,4.4,23.3,9.5,6.6,11.4,29,8.9,18.2,9.2,9.1,15.3,10.4,20.5,19.4,12.2,57.6,39.6,12.2,14.8,15.1,40.3,16.9,7.2,16.2,23.4,15.5,9.7,9.7,36.4,14.8,31,12.2,29.9,9.4,14.8,14,32.8,10.8,22,7.9,9.7,21.6,,,,,,22.2204,114.2127
2026-09-04T18:00,27,28.3,28,28.1,27.4,26.2,27.6,27.8,28.2,28.6,27.7,27.6,29.7,28.2,28.9,24.6,27.9,27.6,28.5,28.6,26.7,26.6,25.4,27.6,28.8,27,27.7,26.5,28,27,25.3,27.2,27.7,27.9,27.9,27,25,25.4,27.2,27.8,85,69,81,75,77,73,89,71,74,72,79,63,70,72,70,90,80,85,81,73,79,78,83,72,77,75,75,73,80,74,78,73,79,81,77,75,90,85,73,76,0,0,0,0,0,0,0.4,0,0,0,0,0,0,0,0,0.6,0,0,0,0,0,0,2.1,0,0,0,0,0,0,0,0,0,0,0,0,0,7.8,0.4,0,0,6,4.2,4.8,6.9,6.4,11.9,20.1,7.3,1.8,3.7,2.6,5.8,7.4,3.3,5.6,4.9,4.1,5.9,3.7,3.3,4.8,13,24.5,4.7,5.8,4.2,3.1,4.7,2.5,5.9,11.5,4.7,3.4,3.1,5.9,6.7,21.4,9.6,8.6,4,,,,,,,,,,,,,,,,,,,,,,,,,,,,,,,,,,,,,,,,,29.4,29.1,29.8,29.6,24,31.2,28.3,29.6,30,27.9,28.1,29.7,30.9,30.7,29.1,28.4,28.8,30.4,30,30.4,28.6,30.1,28.9,29.6,30.3,27.2,28.2,28.5,27.6,28.3,29.4,68,67,63,57,79,61,62,66,66,68,67,62,68,69,62,68,60,65,69,66,69,67,70,63,72,78,59,70,62,64,66,0.2,0,0,0,1.5,0,0,0,0,0,0,0,0.1,0,0,0,0,0,0,0.1,0,0.2,0,0,2.5,0,0,0,0,0,0,5.4,16.9,13.4,6.9,43.1,29,9.4,10.3,8.7,33.8,12.2,5.6,7.4,14.8,10.9,7.6,10.5,25.7,7.7,21.4,4.4,24,9,6.6,10.5,29.7,7.1,16.3,8.6,9,14,9,22.7,22.3,11.9,57.6,38.9,10.8,18,12.2,40.7,15.8,7.2,15.1,22,18,7.6,11.2,37.8,12.2,29.5,11.5,32,8.3,14.4,12.6,34.2,8.6,19.1,6.5,8.6,20.5,,,,,,22.2204,114.2127
2026-09-04T19:00,27.1,28.4,28.1,28.4,27.5,26.3,27.7,27.9,28.4,28.6,27.9,27.7,29.8,28.3,29.1,24.6,27.9,27.8,28.6,28.7,26.9,26.6,25.6,27.7,28.9,27.1,27.7,26.7,28.2,27.1,25.3,27.3,27.8,27.9,28,27.1,25.1,25.4,27.4,27.9,85,71,81,75,77,74,88,71,74,72,80,63,70,72,70,91,81,85,82,73,79,78,82,72,77,74,75,73,80,74,79,73,80,81,78,76,90,86,73,76,0,0,0,0,0,0,0.4,0,0,0,0,0,0,0,0,0.6,0,0,0,0,0,0,2.1,0,0,0,0,0,0,0,0,0,0,0,0,0,7.8,0.4,0,0,6.3,4,5.3,5.9,6.3,11.5,19.5,7.3,2.3,3.6,3.4,5.8,7.1,3.3,5.2,4.9,4.6,6.7,4.4,3.6,5.5,12.9,22.6,4.6,6.2,3.9,3.5,5.1,2.8,5.8,11.6,4.7,3.9,3.2,6.6,6.7,20.7,9,8.4,4.5,,,,,,,,,,,,,,,,,,,,,,,,,,,,,,,,,,,,,,,,,29.1,28.8,29.5,29.2,24,30.7,28,29.5,29.6,27.2,28.1,29.5,30.7,30.5,29.1,28.5,28.4,29.9,29.8,30.1,28.6,29.6,28.8,29.4,30.2,27,27.9,28.3,27.5,28.1,29.7,70,68,64,60,79,64,64,68,67,70,68,64,69,70,63,68,63,66,71,67,69,69,72,66,72,79,61,70,63,65,66,0.2,0,0,0,1.5,0,0,0,0,0,0,0,0.1,0,0,0,0,0,0,0.1,0,0.2,0,0,2.5,0,0,0,0,0,0,5.1,18.6,19.1,7.9,39.5,28,8.7,14.8,6.9,33.2,11.5,5.8,6.9,13.8,14.4,4.3,13.9,27.8,6.6,19.6,4.7,24.3,7.9,6.4,10,29.5,5.8,13.4,6.1,8.6,12.9,8.3,25.9,28.1,11.9,55.8,37.1,9.4,23.4,9.4,41,15.1,7.6,14.4,19.8,20.9,5.4,14.4,40.3,10.1,27.4,11.2,34.2,7.9,14,12.6,34.9,7.6,16.2,5.8,8.6,19.4,,,,,,22.2204,114.2127
2026-09-04T20:00,27.2,28.5,28.1,28.5,27.6,26.3,27.7,28,28.5,28.5,28,27.7,29.9,28.3,29.1,24.6,27.9,27.8,28.6,28.8,27,26.5,25.7,27.8,28.9,27.1,27.7,26.8,28.2,27.2,25.3,27.4,27.9,28,28.1,27.1,25.1,25.3,27.6,27.9,85,72,82,75,77,74,88,71,74,73,80,64,70,72,70,92,81,85,83,74,79,78,81,73,77,74,75,73,80,74,79,73,80,81,79,76,90,87,73,77,0,0,0,0,0,0,0.4,0,0,0,0,0,0,0,0,0.6,0,0,0,0,0,0,2.1,0,0,0,0,0,0,0,0,0,0,0,0,0,7.8,0.4,0,0,6.6,3.7,5.8,5.2,6.3,11.5,19.2,7,2.8,3.6,3.4,5.9,6.7,3.1,4.7,4.8,4.7,7.1,4.9,4,5.8,12.9,21,4.6,6.3,3.9,3.5,5.1,2.8,5.8,11.7,4.7,4.3,3.5,6.9,6.5,20.2,8.2,8.4,4.5,,,,,,,,,,,,,,,,,,,,,,,,,,,,,,,,,,,,,,,,,29,28.6,29.2,28.9,24.1,30.3,27.7,29.4,29.4,26.7,28.1,29.3,30.6,30.3,29,28.5,28.1,29.5,29.6,29.9,28.6,29.2,28.7,29.3,30.1,26.8,27.7,28.2,27.5,27.9,29.9,72,68,65,62,79,66,65,69,69,72,69,66,69,70,65,69,65,67,73,67,70,71,74,68,73,79,62,71,63,67,66,0.2,0,0,0,1.5,0,0,0,0,0,0,0,0.1,0,0,0,0,0,0,0.1,0,0.2,0,0,2.5,0,0,0,0,0,0,4.7,20.1,23,8,36.7,27.2,8.4,18.6,5.5,32.1,11.4,6.4,8.4,12.9,16.9,2.3,15.9,29.5,6.1,18.2,5.7,23.7,6.7,5.9,10,28.7,4.5,11.5,4.1,7.7,13.2,8.3,27.7,32,11.5,53.6,36.4,7.9,27.7,8.6,39.6,15.5,7.6,14,18.4,22.3,4,16.9,42.8,8.6,25.9,11.2,34.9,7.6,13,13.7,34.6,7.2,14,5.4,8.3,20.2,,,,,,22.2204,114.2127
2026-09-04T21:00,27.3,28.5,28.1,28.6,27.6,26.2,27.7,28,28.5,28.5,28,27.6,29.9,28.3,29.1,24.6,27.9,27.8,28.6,28.7,27,26.5,25.8,27.9,28.9,27.2,27.7,26.8,28.2,27.2,25.2,27.5,27.9,28,28.1,27.1,25.1,25.3,27.6,27.9,85,73,82,75,77,74,88,71,74,74,80,65,70,72,70,92,81,86,84,75,79,78,80,74,77,74,75,73,80,74,79,73,80,81,80,76,90,87,73,78,1.2,0,0,0,0,0,0,0,0,0,0,0,0,0.1,0,0.1,0,1.1,0,0.1,0,0,0,0,0,0,0,0,0,0,0,0,0,0,0,0,2.1,0,0,0,6.6,3.7,6.1,4.7,6.3,11.2,18.7,6.8,2.8,3.6,3.4,5.9,6.7,2.8,4.7,4.7,4.8,7.4,4.9,4,5.8,12.9,19.4,4.3,6.3,3.6,3.5,5.1,2.8,5.8,11.3,4.7,4.5,3.5,6.8,6.3,19.1,7.4,8.4,4.4,,,,,,,,,,,,,,,,,,,,,,,,,,,,,,,,,,,,,,,,,28.9,28.4,28.9,28.7,24.3,30,27.5,29.3,29.3,26.4,28.1,29.2,30.4,30.2,28.9,28.4,28,29.1,29.4,29.6,28.6,29.1,28.5,29.1,29.9,26.8,27.7,28.1,27.7,27.9,29.8,73,68,65,64,78,67,66,69,70,73,70,67,69,70,66,71,67,67,73,67,70,71,75,70,74,79,62,71,63,68,66,0,0,0,0,1.5,0,0,0,0,0,0,0,0,0,0,0,0,0,0.2,0,0,0,0,0,5.1,0,0,0,0,0.1,0.1,4.8,19.9,23.5,7.1,35.5,27.1,7.9,20,4.1,29.2,12.5,6.6,9,12.2,16.7,2.5,16,30.3,6.6,17.8,6.5,20.9,6.6,4.6,11.7,27.1,2.2,11,3.6,6.1,16.1,9.4,27.7,32.8,10.1,51.8,37.4,7.2,29.2,10.8,36,18.4,7.6,13.7,17.3,21.2,4.3,17.6,45,8.6,26.3,11.5,31.7,7.6,11.2,17.6,32.4,7.6,13.3,5,6.5,23.8,,,,,,22.2204,114.2127
2026-09-04T22:00,27.3,28.4,28.1,28.7,27.5,26.2,27.7,28,28.4,28.4,28.1,27.6,29.8,28.3,29,24.7,27.8,27.7,28.5,28.7,27.1,26.4,25.8,27.9,28.9,27.2,27.7,26.7,28.2,27.1,25.2,27.5,27.9,27.9,28.1,27.1,25.2,25.3,27.6,27.8,86,74,83,75,77,75,87,71,75,75,80,65,70,73,70,93,82,86,84,76,79,79,80,74,77,74,75,73,80,74,79,74,81,81,80,77,90,88,73,79,1.2,0,0,0,0,0,0,0,0,0,0,0,0,0.1,0,0.1,0,1.1,0,0.1,0,0,0,0,0,0,0,0,0,0,0,0,0,0,0,0,2.1,0,0,0,6.7,3.7,6.1,4.2,6.6,11.2,18.4,6.3,2.3,3.6,3.1,5.9,6.7,2.3,4.7,4.7,4.5,8,4.7,4,5.4,12.9,17.6,4.1,5.9,3.3,3.2,5.4,2.3,5.8,10.9,4.7,4.2,3.7,6.1,6.3,18.1,6.6,8.4,4.1,,,,,,,,,,,,,,,,,,,,,,,,,,,,,,,,,,,,,,,,,28.9,28.3,28.7,28.6,24.5,29.8,27.4,29.2,29.4,26.2,28,29.1,30.2,30.1,28.7,28.4,28,28.7,29.2,29.4,28.6,29.2,28.4,29,29.5,26.7,27.9,28.1,27.9,27.9,29.5,73,68,64,65,77,67,66,68,70,74,71,67,69,69,67,73,68,67,73,68,71,71,76,72,76,78,62,72,64,69,66,0,0,0,0,1.5,0,0,0,0,0,0,0,0,0,0,0,0,0,0.2,0,0,0,0,0,5.1,0,0,0,0,0.1,0.1,6.4,18.8,22.5,5.4,34.7,27.5,7.3,20.5,8.3,25.3,14.3,7.3,9.6,12,15,4.3,14.9,31.1,7.6,18.1,7.9,17.3,6.6,2.9,14.8,24.9,1.3,11,4.1,4,19.8,10.8,26.6,31.7,8.3,50,39.6,6.5,29.5,15.1,30.6,22.7,7.9,13.7,16.2,18.7,5.4,17.6,47.5,9.7,27.4,12.6,26.6,7.6,9.4,22.7,29.2,8.3,13.3,5.4,4,29.2,,,,,,22.2204,114.2127
2026-09-04T23:00,27.2,28.4,28,28.7,27.4,26.1,27.7,27.9,28.3,28.3,28.1,27.5,29.7,28.3,28.8,24.8,27.8,27.6,28.5,28.5,27.1,26.3,25.9,27.8,28.8,27.2,27.7,26.6,28.2,27.1,25.2,27.5,27.8,27.9,28.1,27.1,25.2,25.4,27.5,27.8,86,75,83,76,77,75,86,72,75,76,80,66,71,73,71,93,82,87,84,77,80,79,80,75,76,74,76,73,80,73,79,74,81,81,81,78,91,88,73,80,1.2,0,0,0,0,0,0,0,0,0,0,0,0,0.1,0,0.1,0,1.1,0,0.1,0,0,0,0,0,0,0,0,0,0,0,0,0,0,0,0,2.1,0,0,0,6.5,3.7,6.3,4.2,6.8,10.8,18.2,6.1,1.5,3.6,2.6,5.5,6.7,1.5,5,4.7,4.4,8.7,4.2,3.6,4.7,12.7,15.7,3.8,5.4,2.8,2.9,5.4,1.5,5.8,10.5,5.1,3.9,3.4,5.4,6.1,16.9,5.9,8.4,3.8,,,,,,,,,,,,,,,,,,,,,,,,,,,,,,,,,,,,,,,,,28.8,28.2,28.5,28.4,24.7,29.6,27.2,29.1,29.5,26.1,27.9,29,29.9,30,28.5,28.3,28.1,28.5,29,29.2,28.6,29.2,28.3,28.8,29.2,26.7,28,28,28,28,29.3,73,67,64,66,76,67,66,68,70,75,72,68,69,69,68,74,69,67,73,68,71,71,76,73,77,77,62,72,65,69,66,0,0,0,0,1.5,0,0,0,0,0,0,0,0,0,0,0,0,0,0.2,0,0,0,0,0,5.1,0,0,0,0,0.1,0.1,8.7,17.9,22,4.5,33.8,27.6,6,20.6,13,21.7,15.6,7.3,9.7,12.6,13.8,5.5,12.6,31.9,8.5,19.1,9.4,15.7,6.4,2.3,16.6,22.1,5.2,11.5,5.2,1,22.8,13,25.9,31,7.6,48.2,41,6.1,29.2,19.1,25.9,25.2,7.9,13.7,16.2,17.6,6.8,16.9,49,11.2,28.8,13.7,23,7.2,7.9,25.6,25.6,10.8,13.7,6.8,4.3,33.8,,,,,,22.2204,114.2127
