time,temperature_2m_icon_seamless_eps (°C),temperature_2m_member01_icon_seamless_eps (°C),temperature_2m_member02_icon_seamless_eps (°C),temperature_2m_member03_icon_seamless_eps (°C),temperature_2m_member04_icon_seamless_eps (°C),temperature_2m_member05_icon_seamless_eps (°C),temperature_2m_member06_icon_seamless_eps (°C),temperature_2m_member07_icon_seamless_eps (°C),temperature_2m_member08_icon_seamless_eps (°C),temperature_2m_member09_icon_seamless_eps (°C),temperature_2m_member10_icon_seamless_eps (°C),temperature_2m_member11_icon_seamless_eps (°C),temperature_2m_member12_icon_seamless_eps (°C),temperature_2m_member13_icon_seamless_eps (°C),temperature_2m_member14_icon_seamless_eps (°C),temperature_2m_member15_icon_seamless_eps (°C),temperature_2m_member16_icon_seamless_eps (°C),temperature_2m_member17_icon_seamless_eps (°C),temperature_2m_member18_icon_seamless_eps (°C),temperature_2m_member19_icon_seamless_eps (°C),temperature_2m_member20_icon_seamless_eps (°C),temperature_2m_member21_icon_seamless_eps (°C),temperature_2m_member22_icon_seamless_eps (°C),temperature_2m_member23_icon_seamless_eps (°C),temperature_2m_member24_icon_seamless_eps (°C),temperature_2m_member25_icon_seamless_eps (°C),temperature_2m_member26_icon_seamless_eps (°C),temperature_2m_member27_icon_seamless_eps (°C),temperature_2m_member28_icon_seamless_eps (°C),temperature_2m_member29_icon_seamless_eps (°C),temperature_2m_member30_icon_seamless_eps (°C),temperature_2m_member31_icon_seamless_eps (°C),temperature_2m_member32_icon_seamless_eps (°C),temperature_2m_member33_icon_seamless_eps (°C),temperature_2m_member34_icon_seamless_eps (°C),temperature_2m_member35_icon_seamless_eps (°C),temperature_2m_member36_icon_seamless_eps (°C),temperature_2m_member37_icon_seamless_eps (°C),temperature_2m_member38_icon_seamless_eps (°C),temperature_2m_member39_icon_seamless_eps (°C),relativehumidity_2m_icon_seamless_eps (%),relativehumidity_2m_member01_icon_seamless_eps (%),relativehumidity_2m_member02_icon_seamless_eps (%),relativehumidity_2m_member03_icon_seamless_eps (%),relativehumidity_2m_member04_icon_seamless_eps (%),relativehumidity_2m_member05_icon_seamless_eps (%),relativehumidity_2m_member06_icon_seamless_eps (%),relativehumidity_2m_member07_icon_seamless_eps (%),relativehumidity_2m_member08_icon_seamless_eps (%),relativehumidity_2m_member09_icon_seamless_eps (%),relativehumidity_2m_member10_icon_seamless_eps (%),relativehumidity_2m_member11_icon_seamless_eps (%),relativehumidity_2m_member12_icon_seamless_eps (%),relativehumidity_2m_member13_icon_seamless_eps (%),relativehumidity_2m_member14_icon_seamless_eps (%),relativehumidity_2m_member15_icon_seamless_eps (%),relativehumidity_2m_member16_icon_seamless_eps (%),relativehumidity_2m_member17_icon_seamless_eps (%),relativehumidity_2m_member18_icon_seamless_eps (%),relativehumidity_2m_member19_icon_seamless_eps (%),relativehumidity_2m_member20_icon_seamless_eps (%),relativehumidity_2m_member21_icon_seamless_eps (%),relativehumidity_2m_member22_icon_seamless_eps (%),relativehumidity_2m_member23_icon_seamless_eps (%),relativehumidity_2m_member24_icon_seamless_eps (%),relativehumidity_2m_member25_icon_seamless_eps (%),relativehumidity_2m_member26_icon_seamless_eps (%),relativehumidity_2m_member27_icon_seamless_eps (%),relativehumidity_2m_member28_icon_seamless_eps (%),relativehumidity_2m_member29_icon_seamless_eps (%),relativehumidity_2m_member30_icon_seamless_eps (%),relativehumidity_2m_member31_icon_seamless_eps (%),relativehumidity_2m_member32_icon_seamless_eps (%),relativehumidity_2m_member33_icon_seamless_eps (%),relativehumidity_2m_member34_icon_seamless_eps (%),relativehumidity_2m_member35_icon_seamless_eps (%),relativehumidity_2m_member36_icon_seamless_eps (%),relativehumidity_2m_member37_icon_seamless_eps (%),relativehumidity_2m_member38_icon_seamless_eps (%),relativehumidity_2m_member39_icon_seamless_eps (%),rain_icon_seamless_eps (mm),rain_member01_icon_seamless_eps (mm),rain_member02_icon_seamless_eps (mm),rain_member03_icon_seamless_eps (mm),rain_member04_icon_seamless_eps (mm),rain_member05_icon_seamless_eps (mm),rain_member06_icon_seamless_eps (mm),rain_member07_icon_seamless_eps (mm),rain_member08_icon_seamless_eps (mm),rain_member09_icon_seamless_eps (mm),rain_member10_icon_seamless_eps (mm),rain_member11_icon_seamless_eps (mm),rain_member12_icon_seamless_eps (mm),rain_member13_icon_seamless_eps (mm),rain_member14_icon_seamless_eps (mm),rain_member15_icon_seamless_eps (mm),rain_member16_icon_seamless_eps (mm),rain_member17_icon_seamless_eps (mm),rain_member18_icon_seamless_eps (mm),rain_member19_icon_seamless_eps (mm),rain_member20_icon_seamless_eps (mm),rain_member21_icon_seamless_eps (mm),rain_member22_icon_seamless_eps (mm),rain_member23_icon_seamless_eps (mm),rain_member24_icon_seamless_eps (mm),rain_member25_icon_seamless_eps (mm),rain_member26_icon_seamless_eps (mm),rain_member27_icon_seamless_eps (mm),rain_member28_icon_seamless_eps (mm),rain_member29_icon_seamless_eps (mm),rain_member30_icon_seamless_eps (mm),rain_member31_icon_seamless_eps (mm),rain_member32_icon_seamless_eps (mm),rain_member33_icon_seamless_eps (mm),rain_member34_icon_seamless_eps (mm),rain_member35_icon_seamless_eps (mm),rain_member36_icon_seamless_eps (mm),rain_member37_icon_seamless_eps (mm),rain_member38_icon_seamless_eps (mm),rain_member39_icon_seamless_eps (mm),windspeed_10m_icon_seamless_eps (km/h),windspeed_10m_member01_icon_seamless_eps (km/h),windspeed_10m_member02_icon_seamless_eps (km/h),windspeed_10m_member03_icon_seamless_eps (km/h),windspeed_10m_member04_icon_seamless_eps (km/h),windspeed_10m_member05_icon_seamless_eps (km/h),windspeed_10m_member06_icon_seamless_eps (km/h),windspeed_10m_member07_icon_seamless_eps (km/h),windspeed_10m_member08_icon_seamless_eps (km/h),windspeed_10m_member09_icon_seamless_eps (km/h),windspeed_10m_member10_icon_seamless_eps (km/h),windspeed_10m_member11_icon_seamless_eps (km/h),windspeed_10m_member12_icon_seamless_eps (km/h),windspeed_10m_member13_icon_seamless_eps (km/h),windspeed_10m_member14_icon_seamless_eps (km/h),windspeed_10m_member15_icon_seamless_eps (km/h),windspeed_10m_member16_icon_seamless_eps (km/h),windspeed_10m_member17_icon_seamless_eps (km/h),windspeed_10m_member18_icon_seamless_eps (km/h),windspeed_10m_member19_icon_seamless_eps (km/h),windspeed_10m_member20_icon_seamless_eps (km/h),windspeed_10m_member21_icon_seamless_eps (km/h),windspeed_10m_member22_icon_seamless_eps (km/h),windspeed_10m_member23_icon_seamless_eps (km/h),windspeed_10m_member24_icon_seamless_eps (km/h),windspeed_10m_member25_icon_seamless_eps (km/h),windspeed_10m_member26_icon_seamless_eps (km/h),windspeed_10m_member27_icon_seamless_eps (km/h),windspeed_10m_member28_icon_seamless_eps (km/h),windspeed_10m_member29_icon_seamless_eps (km/h),windspeed_10m_member30_icon_seamless_eps (km/h),windspeed_10m_member31_icon_seamless_eps (km/h),windspeed_10m_member32_icon_seamless_eps (km/h),windspeed_10m_member33_icon_seamless_eps (km/h),windspeed_10m_member34_icon_seamless_eps (km/h),windspeed_10m_member35_icon_seamless_eps (km/h),windspeed_10m_member36_icon_seamless_eps (km/h),windspeed_10m_member37_icon_seamless_eps (km/h),windspeed_10m_member38_icon_seamless_eps (km/h),windspeed_10m_member39_icon_seamless_eps (km/h),windgusts_10m_icon_seamless_eps (undefined),windgusts_10m_member01_icon_seamless_eps (undefined),windgusts_10m_member02_icon_seamless_eps (undefined),windgusts_10m_member03_icon_seamless_eps (undefined),windgusts_10m_member04_icon_seamless_eps (undefined),windgusts_10m_member05_icon_seamless_eps (undefined),windgusts_10m_member06_icon_seamless_eps (undefined),windgusts_10m_member07_icon_seamless_eps (undefined),windgusts_10m_member08_icon_seamless_eps (undefined),windgusts_10m_member09_icon_seamless_eps (undefined),windgusts_10m_member10_icon_seamless_eps (undefined),windgusts_10m_member11_icon_seamless_eps (undefined),windgusts_10m_member12_icon_seamless_eps (undefined),windgusts_10m_member13_icon_seamless_eps (undefined),windgusts_10m_member14_icon_seamless_eps (undefined),windgusts_10m_member15_icon_seamless_eps (undefined),windgusts_10m_member16_icon_seamless_eps (undefined),windgusts_10m_member17_icon_seamless_eps (undefined),windgusts_10m_member18_icon_seamless_eps (undefined),windgusts_10m_member19_icon_seamless_eps (undefined),windgusts_10m_member20_icon_seamless_eps (undefined),windgusts_10m_member21_icon_seamless_eps (undefined),windgusts_10m_member22_icon_seamless_eps (undefined),windgusts_10m_member23_icon_seamless_eps (undefined),windgusts_10m_member24_icon_seamless_eps (undefined),windgusts_10m_member25_icon_seamless_eps (undefined),windgusts_10m_member26_icon_seamless_eps (undefined),windgusts_10m_member27_icon_seamless_eps (undefined),windgusts_10m_member28_icon_seamless_eps (undefined),windgusts_10m_member29_icon_seamless_eps (undefined),windgusts_10m_member30_icon_seamless_eps (undefined),windgusts_10m_member31_icon_seamless_eps (undefined),windgusts_10m_member32_icon_seamless_eps (undefined),windgusts_10m_member33_icon_seamless_eps (undefined),windgusts_10m_member34_icon_seamless_eps (undefined),windgusts_10m_member35_icon_seamless_eps (undefined),windgusts_10m_member36_icon_seamless_eps (undefined),windgusts_10m_member37_icon_seamless_eps (undefined),windgusts_10m_member38_icon_seamless_eps (undefined),windgusts_10m_member39_icon_seamless_eps (undefined),temperature_2m_ncep_gefs_seamless (°C),temperature_2m_member01_ncep_gefs_seamless (°C),temperature_2m_member02_ncep_gefs_seamless (°C),temperature_2m_member03_ncep_gefs_seamless (°C),temperature_2m_member04_ncep_gefs_seamless (°C),temperature_2m_member05_ncep_gefs_seamless (°C),temperature_2m_member06_ncep_gefs_seamless (°C),temperature_2m_member07_ncep_gefs_seamless (°C),temperature_2m_member08_ncep_gefs_seamless (°C),temperature_2m_member09_ncep_gefs_seamless (°C),temperature_2m_member10_ncep_gefs_seamless (°C),temperature_2m_member11_ncep_gefs_seamless (°C),temperature_2m_member12_ncep_gefs_seamless (°C),temperature_2m_member13_ncep_gefs_seamless (°C),temperature_2m_member14_ncep_gefs_seamless (°C),temperature_2m_member15_ncep_gefs_seamless (°C),temperature_2m_member16_ncep_gefs_seamless (°C),temperature_2m_member17_ncep_gefs_seamless (°C),temperature_2m_member18_ncep_gefs_seamless (°C),temperature_2m_member19_ncep_gefs_seamless (°C),temperature_2m_member20_ncep_gefs_seamless (°C),temperature_2m_member21_ncep_gefs_seamless (°C),temperature_2m_member22_ncep_gefs_seamless (°C),temperature_2m_member23_ncep_gefs_seamless (°C),temperature_2m_member24_ncep_gefs_seamless (°C),temperature_2m_member25_ncep_gefs_seamless (°C),temperature_2m_member26_ncep_gefs_seamless (°C),temperature_2m_member27_ncep_gefs_seamless (°C),temperature_2m_member28_ncep_gefs_seamless (°C),temperature_2m_member29_ncep_gefs_seamless (°C),temperature_2m_member30_ncep_gefs_seamless (°C),relativehumidity_2m_ncep_gefs_seamless (%),relativehumidity_2m_member01_ncep_gefs_seamless (%),relativehumidity_2m_member02_ncep_gefs_seamless (%),relativehumidity_2m_member03_ncep_gefs_seamless (%),relativehumidity_2m_member04_ncep_gefs_seamless (%),relativehumidity_2m_member05_ncep_gefs_seamless (%),relativehumidity_2m_member06_ncep_gefs_seamless (%),relativehumidity_2m_member07_ncep_gefs_seamless (%),relativehumidity_2m_member08_ncep_gefs_seamless (%),relativehumidity_2m_member09_ncep_gefs_seamless (%),relativehumidity_2m_member10_ncep_gefs_seamless (%),relativehumidity_2m_member11_ncep_gefs_seamless (%),relativehumidity_2m_member12_ncep_gefs_seamless (%),relativehumidity_2m_member13_ncep_gefs_seamless (%),relativehumidity_2m_member14_ncep_gefs_seamless (%),relativehumidity_2m_member15_ncep_gefs_seamless (%),relativehumidity_2m_member16_ncep_gefs_seamless (%),relativehumidity_2m_member17_ncep_gefs_seamless (%),relativehumidity_2m_member18_ncep_gefs_seamless (%),relativehumidity_2m_member19_ncep_gefs_seamless (%),relativehumidity_2m_member20_ncep_gefs_seamless (%),relativehumidity_2m_member21_ncep_gefs_seamless (%),relativehumidity_2m_member22_ncep_gefs_seamless (%),relativehumidity_2m_member23_ncep_gefs_seamless (%),relativehumidity_2m_member24_ncep_gefs_seamless (%),relativehumidity_2m_member25_ncep_gefs_seamless (%),relativehumidity_2m_member26_ncep_gefs_seamless (%),relativehumidity_2m_member27_ncep_gefs_seamless (%),relativehumidity_2m_member28_ncep_gefs_seamless (%),relativehumidity_2m_member29_ncep_gefs_seamless (%),relativehumidity_2m_member30_ncep_gefs_seamless (%),rain_ncep_gefs_seamless (mm),rain_member01_ncep_gefs_seamless (mm),rain_member02_ncep_gefs_seamless (mm),rain_member03_ncep_gefs_seamless (mm),rain_member04_ncep_gefs_seamless (mm),rain_member05_ncep_gefs_seamless (mm),rain_member06_ncep_gefs_seamless (mm),rain_member07_ncep_gefs_seamless (mm),rain_member08_ncep_gefs_seamless (mm),rain_member09_ncep_gefs_seamless (mm),rain_member10_ncep_gefs_seamless (mm),rain_member11_ncep_gefs_seamless (mm),rain_member12_ncep_gefs_seamless (mm),rain_member13_ncep_gefs_seamless (mm),rain_member14_ncep_gefs_seamless (mm),rain_member15_ncep_gefs_seamless (mm),rain_member16_ncep_gefs_seamless (mm),rain_member17_ncep_gefs_seamless (mm),rain_member18_ncep_gefs_seamless (mm),rain_member19_ncep_gefs_seamless (mm),rain_member20_ncep_gefs_seamless (mm),rain_member21_ncep_gefs_seamless (mm),rain_member22_ncep_gefs_seamless (mm),rain_member23_ncep_gefs_seamless (mm),rain_member24_ncep_gefs_seamless (mm),rain_member25_ncep_gefs_seamless (mm),rain_member26_ncep_gefs_seamless (mm),rain_member27_ncep_gefs_seamless (mm),rain_member28_ncep_gefs_seamless (mm),rain_member29_ncep_gefs_seamless (mm),rain_member30_ncep_gefs_seamless (mm),windspeed_10m_ncep_gefs_seamless (km/h),windspeed_10m_member01_ncep_gefs_seamless (km/h),windspeed_10m_member02_ncep_gefs_seamless (km/h),windspeed_10m_member03_ncep_gefs_seamless (km/h),windspeed_10m_member04_ncep_gefs_seamless (km/h),windspeed_10m_member05_ncep_gefs_seamless (km/h),windspeed_10m_member06_ncep_gefs_seamless (km/h),windspeed_10m_member07_ncep_gefs_seamless (km/h),windspeed_10m_member08_ncep_gefs_seamless (km/h),windspeed_10m_member09_ncep_gefs_seamless (km/h),windspeed_10m_member10_ncep_gefs_seamless (km/h),windspeed_10m_member11_ncep_gefs_seamless (km/h),windspeed_10m_member12_ncep_gefs_seamless (km/h),windspeed_10m_member13_ncep_gefs_seamless (km/h),windspeed_10m_member14_ncep_gefs_seamless (km/h),windspeed_10m_member15_ncep_gefs_seamless (km/h),windspeed_10m_member16_ncep_gefs_seamless (km/h),windspeed_10m_member17_ncep_gefs_seamless (km/h),windspeed_10m_member18_ncep_gefs_seamless (km/h),windspeed_10m_member19_ncep_gefs_seamless (km/h),windspeed_10m_member20_ncep_gefs_seamless (km/h),windspeed_10m_member21_ncep_gefs_seamless (km/h),windspeed_10m_member22_ncep_gefs_seamless (km/h),windspeed_10m_member23_ncep_gefs_seamless (km/h),windspeed_10m_member24_ncep_gefs_seamless (km/h),windspeed_10m_member25_ncep_gefs_seamless (km/h),windspeed_10m_member26_ncep_gefs_seamless (km/h),windspeed_10m_member27_ncep_gefs_seamless (km/h),windspeed_10m_member28_ncep_gefs_seamless (km/h),windspeed_10m_member29_ncep_gefs_seamless (km/h),windspeed_10m_member30_ncep_gefs_seamless (km/h),windgusts_10m_ncep_gefs_seamless (km/h),windgusts_10m_member01_ncep_gefs_seamless (km/h),windgusts_10m_member02_ncep_gefs_seamless (km/h),windgusts_10m_member03_ncep_gefs_seamless (km/h),windgusts_10m_member04_ncep_gefs_seamless (km/h),windgusts_10m_member05_ncep_gefs_seamless (km/h),windgusts_10m_member06_ncep_gefs_seamless (km/h),windgusts_10m_member07_ncep_gefs_seamless (km/h),windgusts_10m_member08_ncep_gefs_seamless (km/h),windgusts_10m_member09_ncep_gefs_seamless (km/h),windgusts_10m_member10_ncep_gefs_seamless (km/h),windgusts_10m_member11_ncep_gefs_seamless (km/h),windgusts_10m_member12_ncep_gefs_seamless (km/h),windgusts_10m_member13_ncep_gefs_seamless (km/h),windgusts_10m_member14_ncep_gefs_seamless (km/h),windgusts_10m_member15_ncep_gefs_seamless (km/h),windgusts_10m_member16_ncep_gefs_seamless (km/h),windgusts_10m_member17_ncep_gefs_seamless (km/h),windgusts_10m_member18_ncep_gefs_seamless (km/h),windgusts_10m_member19_ncep_gefs_seamless (km/h),windgusts_10m_member20_ncep_gefs_seamless (km/h),windgusts_10m_member21_ncep_gefs_seamless (km/h),windgusts_10m_member22_ncep_gefs_seamless (km/h),windgusts_10m_member23_ncep_gefs_seamless (km/h),windgusts_10m_member24_ncep_gefs_seamless (km/h),windgusts_10m_member25_ncep_gefs_seamless (km/h),windgusts_10m_member26_ncep_gefs_seamless (km/h),windgusts_10m_member27_ncep_gefs_seamless (km/h),windgusts_10m_member28_ncep_gefs_seamless (km/h),windgusts_10m_member29_ncep_gefs_seamless (km/h),windgusts_10m_member30_ncep_gefs_seamless (km/h),temperature_2m_ecmwf_ifs04 (°C),relativehumidity_2m_ecmwf_ifs04 (%),rain_ecmwf_ifs04 (mm),windspeed_10m_ecmwf_ifs04 (km/h),windgusts_10m_ecmwf_ifs04 (undefined),latitude,longitude
2026-09-22T00:00,27,27.6,26.7,27.3,26.4,27.1,26.7,27,26.6,27.4,27.1,27.9,27.5,28,27,27.2,27.1,27.1,27,27.5,27.4,27.3,27,26.8,27.5,27,26.8,27.4,27.4,26.9,27.1,27.4,27,27.4,27.5,26.7,27.4,27.1,27,27.3,87,83,89,84,88,88,90,85,85,84,89,83,85,87,87,89,84,90,88,89,86,89,88,87,85,86,87,90,88,88,88,85,88,87,85,86,88,87,84,85,0,0,0,0,0,0,0,0,0,0,0,0,0,0,0,0,0,0,0,0,0,0,0,0,0,0,0,0,0,0,0,0,0,0,0,0,0,0,0,0,1.5,1.6,1.3,1.9,1.8,3.4,2.6,2.7,2.9,1.1,2.6,2.1,3.5,3.1,1.8,3.2,2.3,2.7,4,3.1,2.2,3.1,2.6,1.6,2,1.1,2.2,2.9,2.1,2.4,3.9,2.2,2.3,4.1,3.3,1.8,2.2,2.5,0,2.2,,,,,,,,,,,,,,,,,,,,,,,,,,,,,,,,,,,,,,,,,27.1,27.1,27,27.1,27,27,27,27,27.1,27,27.1,26.9,27.2,27.2,27.1,27,27.1,27.2,27.1,27.1,27,27.1,27.1,27.1,27.1,27,27.1,27,27.1,27,27,82,82,83,83,82,84,83,84,85,83,82,85,83,83,84,82,81,84,82,83,83,81,82,83,84,81,83,84,84,82,84,0,0,0,0,0,0,0.1,0.1,0.2,0,0,0,0,0,0,0,0,0.2,0,0,0,0,0,0,0,0,0,0.1,0,0,0,7.5,8.1,8.7,6.7,7,5.5,8.7,10.7,6.5,6.8,7.4,9.1,7.3,8.8,7.2,8,7.7,9.4,6.6,8.8,6.1,7.2,7.1,9.1,8.2,8.7,6.6,6.8,9,7.3,10.9,9,10.4,10.4,7.9,8.3,6.5,11.5,14,7.6,8.6,8.6,11.9,9,10.8,9.4,10.4,10.1,11.2,7.9,10.8,6.8,8.3,8.3,11.9,10.1,10.1,7.6,7.9,11.9,8.6,14,,,,,,22.2204,114.2127
2026-09-22T01:00,26.8,27.4,26.4,27.3,26.3,27,26.6,26.9,26.5,27.2,27,27.9,27.5,27.9,26.8,27.1,26.9,27.2,26.9,27.4,27.4,27.3,26.9,26.6,27.4,26.9,26.8,27.4,27.2,26.8,27,27.4,26.9,27.4,27.4,26.6,27.3,27,27,27.2,88,84,90,85,89,89,90,85,85,85,89,83,84,88,89,89,84,90,89,89,86,89,88,88,86,87,86,89,90,88,88,84,89,87,85,87,88,89,84,85,0,0,0,0,0,0,0,0,0,0,0,0,0,0,0,0,0,0,0,0,0,0,0,0,0,0,0,0,0,0,0,0,0,0,0,0,0,0,0,0,1.8,1.5,1.8,2.3,2.2,2.9,2.6,3.1,2.9,1.3,1.8,1.5,4,2.9,1.4,3.1,3.1,2.4,4.3,2.9,2.5,2.6,1,1.3,1.8,0.7,2.5,2.9,1.9,1.9,3.4,2.5,1.8,3.7,3.6,1.6,1.9,2,1.3,2.9,,,,,,,,,,,,,,,,,,,,,,,,,,,,,,,,,,,,,,,,,27,27,26.9,27,26.9,26.9,26.9,26.8,27,26.9,27,26.8,27,27,26.9,26.9,27,27.1,27,27,26.9,27,27,26.9,27,27,27,26.8,27,26.9,26.9,83,82,83,83,82,84,83,84,84,83,82,85,83,84,84,83,82,84,83,84,82,81,82,84,84,82,82,85,84,83,84,0,0,0,0,0,0,0.1,0.1,0.2,0,0,0,0,0,0,0,0,0.2,0,0,0,0,0,0,0,0,0,0.1,0,0,0,6.5,8,8.2,5.6,6.4,4.8,7.2,10.2,7,6.8,6.4,8.2,6.4,9.3,6.6,7.2,6.9,8.1,5.5,9.4,6.1,7,6,9.1,6.8,8.7,5.6,7.9,8.8,6.9,10.5,7.9,10.4,10.4,6.5,7.2,5.4,9.4,13,7.9,8.3,7.9,10.1,7.6,11.5,8.6,9.4,9.4,9.7,6.8,11.5,7.2,8.6,7.2,11.5,8.3,10.4,6.5,8.3,11.2,8.3,13,,,,,,22.2204,114.2127
2026-09-22T02:00,26.6,27.2,26.2,27.3,26.2,26.9,26.7,26.7,26.5,27.1,26.9,27.7,27.5,27.9,26.6,27.1,27,27.2,26.8,27.3,27.5,27.3,26.7,26.3,27.3,26.9,26.7,27.3,27.3,26.6,26.9,27.3,26.7,27.4,27.3,26.4,27.3,26.9,26.9,27.1,89,85,92,85,89,91,90,86,84,87,90,83,84,88,90,89,83,89,89,90,85,89,89,90,86,87,86,89,90,89,89,84,90,87,85,88,87,89,85,85,0,0,0,0,0,0,0,0,0,0,0,0,0,0,0,0,0,0,0,0,0,0,0,0,0,0,0,0,0,0,0,0,0,0,0,0,0,0,0,0,2.2,1.8,1.8,2.3,1.8,3.2,2.3,3.6,2.5,2.3,1.9,2.2,4,2.3,1.8,2.5,3.9,2.6,4.3,2.4,3,2.4,1.5,1.6,1.1,1.1,2.9,4,1.3,2.3,2.9,3.3,1.8,3.6,3.2,1.1,2.7,2,0.8,2.9,,,,,,,,,,,,,,,,,,,,,,,,,,,,,,,,,,,,,,,,,26.9,26.9,26.8,26.9,26.8,26.8,26.8,26.7,27,26.8,26.9,26.7,26.9,26.9,26.8,26.8,26.9,27,26.9,27,26.8,26.9,26.9,26.8,26.9,26.9,26.9,26.7,26.9,26.8,26.8,83,82,83,83,82,84,83,84,84,83,82,84,83,84,84,83,82,84,83,84,82,81,82,84,84,82,82,85,84,83,84,0,0,0,0,0,0,0.1,0.1,0.2,0,0,0,0,0,0,0,0,0.2,0,0,0,0,0,0,0,0,0,0.1,0,0,0,5.7,8.8,8.4,4.4,5.9,4.3,6.1,10.5,7.1,6.7,5.9,7.3,5.6,10.1,6.3,6.6,6.5,7.2,4.7,9.7,6.5,7.1,5.6,9,6.3,8.9,4.9,8.9,8.4,6.4,10.2,7.2,11.2,10.4,5.4,6.8,4.7,7.9,12.6,8.3,7.9,7.6,9,6.8,12.6,7.9,8.3,8.6,8.6,5.8,11.9,7.6,9,7.2,11.5,7.6,11.2,5.8,9.7,10.4,7.9,12.6,,,,,,22.2204,114.2127
2026-09-22T03:00,26.6,27.2,26.1,27.2,26.2,26.8,26.7,26.8,26.4,27,26.9,27.7,27.4,27.9,26.5,27.2,26.9,27.2,26.7,27.3,27.4,27.4,26.7,26.2,27.2,26.9,26.7,27.1,27.4,26.5,27,27.4,26.6,27.3,27.2,26.3,27.4,26.9,26.8,27.1,89,84,93,85,89,91,88,84,84,86,90,84,83,86,90,89,83,89,89,89,84,88,87,91,88,87,86,89,87,90,89,81,91,88,86,89,87,89,86,85,0,0,0,0,0,0,0,0,0,0,0,0,0,0,0,0,0,0,0,0,0,0,0,0,0,0,0,0,0,0,0,0,0,0,0,0,0,0,0,0,2.1,1.8,2.5,2.3,1.8,3.4,2.7,5.1,1.8,2.1,1.9,2.9,3.9,1.9,1.5,2.2,3.2,3.2,4,2.9,3,2.2,4.2,1.9,1.6,1.5,2.9,4,0.5,2.9,2.9,3.6,2.1,4.3,3.3,1.8,3.6,1.8,0.4,2.2,,,,,,,,,,,,,,,,,,,,,,,,,,,,,,,,,,,,,,,,,26.8,26.9,26.7,26.8,26.7,26.7,26.8,26.7,26.9,26.7,26.8,26.6,26.9,26.8,26.7,26.7,26.8,26.9,26.8,26.9,26.7,26.7,26.8,26.7,26.8,26.8,26.8,26.6,26.8,26.7,26.7,83,82,83,83,82,84,83,84,84,83,82,84,83,84,84,83,82,84,83,84,82,81,82,84,84,82,82,85,84,83,84,0.1,0,0,0.2,0,0,0.1,0.3,0,0,0,0.1,0,0.1,0,0,0,0,0,0.2,0,0,0.1,0,0.1,0,0,0.1,0,0,0.1,5.5,10.5,8.1,4,5.4,3.8,6,11.9,6.8,6.6,6.2,6.9,5.2,10.9,5.9,5.7,6.6,7.2,3.7,9.1,6.8,6.8,7,9.1,6.5,9.4,4.7,11,8.4,5.4,10.3,6.8,13.3,10.1,5,6.5,4.3,7.9,14,8.6,7.9,7.9,8.6,6.8,13.7,7.6,6.8,8.6,8.6,4.3,11.5,7.9,8.6,9,11.5,8.3,12.2,5.4,12.2,10.1,6.5,12.6,,,,,,22.2204,114.2127
2026-09-22T04:00,26.5,27.3,26.2,27.2,26.2,26.9,26.6,26.7,26.5,27.1,27,27.7,27.4,27.9,26.5,27.2,26.7,27.1,26.7,27.2,27.4,27.5,26.7,26.2,27.2,26.8,26.7,27,27.3,26.4,26.9,27.2,26.8,27.4,27.2,26.3,27.2,26.9,26.7,27.1,90,84,92,85,89,91,88,82,84,85,87,83,84,86,90,88,85,90,90,90,85,87,88,91,87,86,86,88,87,90,89,83,87,88,86,89,88,88,86,84,0,0,0,0,0,0,0,0.3,0,0,0,0,0,0,0,0,0,0,0,0,0,0,0,0,0,0,0,0,0,0,0,0,0,0,0,0,0,0,0,0,1.8,2.8,1.9,2.2,2.2,3.1,5.9,5.9,2.9,2.3,2.3,1.8,3.8,3.1,2.9,1.9,3.6,3.7,4.1,4.8,2.5,3.3,4,1.5,1.8,1.1,4,5.4,1.1,2.5,4,3.2,4.2,5.1,4.2,2.3,3.3,2.5,0.8,2.9,,,,,,,,,,,,,,,,,,,,,,,,,,,,,,,,,,,,,,,,,26.7,26.8,26.6,26.8,26.6,26.7,26.8,26.7,26.9,26.6,26.7,26.6,26.8,26.8,26.6,26.5,26.7,26.9,26.6,26.8,26.6,26.6,26.7,26.6,26.8,26.7,26.8,26.6,26.7,26.6,26.7,82,82,83,83,82,83,83,84,84,84,82,83,83,83,83,82,83,84,83,84,82,80,82,84,83,82,81,84,83,83,84,0.1,0,0,0.2,0,0,0.1,0.3,0,0,0,0.1,0,0.1,0,0,0,0,0,0.2,0,0,0.1,0,0.1,0,0,0.1,0,0,0.1,5.8,13.1,8.2,4.2,5.4,3.6,6.6,13.8,7,6.8,7.6,7.3,5.8,11.6,6.1,4.7,7.6,7.2,3,8.7,7.4,6.4,9.4,9.3,8.1,10.5,4.7,13.6,8.3,4.2,10.3,7.2,16.2,10.1,5,6.5,4,8.3,16.6,9,7.9,9,9,6.8,14.8,7.6,5.8,9.4,9,3.2,10.8,8.6,7.9,11.9,11.9,10.1,13.7,5.8,15.1,10.1,4.7,13,,,,,,22.2204,114.2127
2026-09-22T05:00,26.4,27.4,26.2,27.2,26.4,26.9,26.5,26.9,26.5,27.1,27,27.8,27.3,28,26.7,27.2,26.5,27,26.6,26.7,27.4,27.3,26.5,26.4,27.3,26.8,26.6,27.1,27.4,26.5,27,27.2,26.8,27.5,27.1,26.5,27.1,26.5,26.7,27.1,90,82,90,85,86,91,84,82,84,84,87,83,85,85,85,87,87,90,91,88,84,88,89,88,86,86,87,85,87,89,88,84,86,86,86,89,89,88,87,85,0,0,0.3,0,0,0,0.4,0,0,0,0,0,0,0,0.9,0,0,0,0,2.2,0,0,0,0,0,0,0,0,0,0,0,0,0,0,0,0,0,0.2,0,0,2.6,3.3,4.2,3.6,3.2,4.3,8,4.2,5.1,3.1,3.3,3.3,4.5,4,6.6,3.2,5,4.4,4.4,8.4,3.3,5,4,4.3,2.4,2.4,3.6,6.6,3.3,3.9,5.5,3.3,3.3,5.8,5.2,3.7,4,3.1,2.2,4,,,,,,,,,,,,,,,,,,,,,,,,,,,,,,,,,,,,,,,,,26.7,26.8,26.6,26.8,26.6,26.7,26.9,26.7,26.9,26.6,26.7,26.6,26.9,26.9,26.6,26.5,26.7,26.9,26.6,26.8,26.6,26.6,26.7,26.6,26.8,26.7,26.8,26.6,26.6,26.6,26.7,82,82,83,82,82,83,82,84,83,84,82,83,82,83,83,82,83,83,82,84,82,80,82,84,83,82,81,84,83,82,84,0.1,0,0,0.2,0,0,0.1,0.3,0,0,0,0.1,0,0.1,0,0,0,0,0,0.2,0,0,0.1,0,0.1,0,0,0.1,0,0,0.1,6.5,15.5,8.7,5.3,6.4,4.6,8.1,15.9,8.3,7.2,8.7,8.4,7.1,12.6,7.1,4.9,8.9,8,3.3,9,8.3,6.9,12.1,10.5,10.2,12.7,5.8,15.2,9.3,3.3,10.9,7.9,19.1,10.8,5.8,7.6,5,10.1,18.7,10.1,8.3,10.4,10.1,7.9,16.2,7.9,5.4,10.4,10.1,3.6,11.5,9.7,7.9,15.1,13,12.6,15.8,6.8,17.6,11.2,3.6,14,,,,,,22.2204,114.2127
2026-09-22T06:00,26.4,26.9,26,27.4,26.4,27.1,26.2,26.9,26.4,27.4,26.9,27.6,27.3,27.7,26.3,27.3,26.6,27.1,26.6,26.6,27.4,27.5,26.4,26.4,27.4,26.9,26.4,27.1,27.4,26.5,27.1,27.2,26.8,27.6,26.9,26.6,27.1,26.4,26.9,27.2,90,83,89,83,85,88,85,83,84,82,88,84,85,87,85,87,87,89,91,87,84,86,90,86,86,85,89,85,88,88,86,84,85,85,85,88,89,87,85,83,0,0.3,0.3,0,0,0,0.4,0,0,0,0,0,0,0,1.9,0,0,0,0,0.8,0,0,0,0,0,0,0,0,0,0,0,0,0,0,0.3,0,0,0.9,0,0,2.6,3.6,2.7,4.5,3.3,5.1,8,5.3,5.2,3.6,3.7,3.2,4.8,4.7,3.8,4.6,4.7,5.1,5.1,6,4,5.9,4,4.4,3.6,3.7,4.5,4.7,3.8,3.1,6.6,3.6,4,5.4,5.9,3.7,5.9,3.5,2.5,5,,,,,,,,,,,,,,,,,,,,,,,,,,,,,,,,,,,,,,,,,26.8,26.8,26.7,26.9,26.7,26.8,27,26.7,27,26.7,26.7,26.8,26.9,26.9,26.7,26.6,26.8,27,26.8,26.9,26.7,26.6,26.7,26.8,26.8,26.7,26.9,26.6,26.7,26.7,26.7,81,82,82,81,82,82,81,84,82,83,82,82,81,83,82,81,83,82,81,83,82,80,82,84,82,82,81,83,82,81,84,0,0.1,0.2,0.4,0.1,0.2,0.2,0,0.2,0.1,0.2,0.3,0.1,0,0,0,0,0.3,0.2,0.7,0.1,0,0.1,0,0.2,0.1,0,0,0.6,0,0.2,7.9,18,10.5,6.8,9.1,7.1,10,17.7,10.1,7.5,10,9.9,8.6,14.4,8.5,6,10.3,9.3,5.2,11.4,10.1,7.9,14.8,12.2,13.3,16.4,7.6,15.6,11.6,3.4,11.9,9.7,22,13.3,7.9,10.8,7.9,13.3,20.9,12.2,8.6,11.9,12.6,9.7,18.7,9.4,6.5,12.2,11.5,6.1,14.8,11.9,9.4,18.4,15.1,16.2,19.8,9.4,18.7,13.7,3.6,15.8,,,,,,22.2204,114.2127
2026-09-22T07:00,26.7,26.9,26.1,27.3,26.5,27.3,25.9,27,26.4,27.2,26.8,27.6,27.4,27.7,26.3,27.3,26.8,27.3,27,26.4,27.5,27.6,26.6,26.4,27.7,27,26.5,27.1,27.6,26.5,27.3,27.2,27,27.8,27.1,26.7,27.4,26.2,27,27.2,89,83,89,84,85,86,86,82,85,84,89,84,85,86,85,88,86,88,90,87,84,86,90,87,84,85,90,86,87,88,86,85,84,85,85,88,87,87,83,83,0,0,0,0,0,0,1,0,0,0,0,0.1,0,0.5,0.5,0,0,0,0,1.5,0,0,0,0,0,0,0,0,0,0,0,0,0,0,0,0,0,1.4,0.2,0,2.7,2.9,3.5,4.5,3.7,5.9,6.9,4.8,6.2,3.2,4,3.7,5.2,6.2,1.3,3.6,5.4,4.7,5.9,5.3,4,5.6,2.9,3.1,3.3,3.3,4,4.2,4,3.2,7.5,4,4,5.8,4.7,4,7.8,4.2,4.7,5.4,,,,,,,,,,,,,,,,,,,,,,,,,,,,,,,,,,,,,,,,,27,26.8,26.8,27.1,26.9,27,27.2,26.7,27.2,26.8,26.8,27,27.1,27,26.9,26.8,26.9,27.2,27,27.2,26.8,26.8,26.8,27,27,26.8,27.1,26.7,26.8,26.9,26.9,81,83,82,80,81,82,80,84,80,82,82,81,80,83,82,81,83,81,80,81,82,79,81,83,82,82,80,83,82,79,83,0,0.1,0.2,0.4,0.1,0.2,0.2,0,0.2,0.1,0.2,0.3,0.1,0,0,0,0,0.3,0.2,0.7,0.1,0,0.1,0,0.2,0.1,0,0,0.6,0,0.2,9.8,20.6,13.7,9.2,12.5,10.9,12.9,19.8,12.1,7.6,11.8,12.4,10,17.3,10.3,7.9,12.2,10.8,7.9,14.8,12,9.5,18,14.7,16.7,20.7,10.5,15.8,14.4,4.3,13.8,12.2,25.2,17.3,10.8,15.5,12.2,17.3,22.7,14.8,9,14,16.2,11.9,22.3,11.9,8.6,14.8,13.7,10.1,19.4,14.4,11.2,21.6,18.4,20.9,25.2,12.6,19.1,17.3,4.7,18.4,,,,,,22.2204,114.2127
2026-09-22T08:00,27.6,27.5,26.7,27.6,27.3,27.6,26.1,27.4,26.9,27.8,27.4,27.6,27.9,27.9,26.9,28.3,27.4,28,27.9,26.5,27.9,28.1,27.3,27.3,28.2,27.6,27.3,27.6,27.8,27.2,27.6,28,27.6,28.3,27.4,27.5,27.9,26.4,27.5,27.4,84,80,85,82,80,84,86,79,83,80,83,83,82,84,83,82,83,82,84,87,82,83,85,81,82,80,82,82,84,84,84,80,81,81,82,84,84,85,81,81,0,0,0,0.2,0,0,1.5,0,0,0,0,0.7,0,1.2,0,0,0,0,0,2,0,0,0,0,0,0,0,0.1,0.6,0,0,0,0,0,0.1,0,0,0.6,0,0,2.6,4,3.4,5.4,7.1,8,6.2,4.7,7,4.3,3.9,4,7,6.2,3.5,4.7,6.9,7.3,8.3,5.2,4.7,6.7,5.1,3.3,3.8,3.6,6.5,5.5,6.1,3.1,8.2,5.1,4.3,7.6,5.1,4.3,9.7,2.9,4.7,6.1,,,,,,,,,,,,,,,,,,,,,,,,,,,,,,,,,,,,,,,,,27.2,26.9,27,27.3,27.1,27.2,27.3,26.7,27.5,27.1,27,27.2,27.3,27.1,27.2,27.1,27.1,27.4,27.2,27.5,27,27,26.9,27.2,27.1,26.9,27.3,26.8,27,27.2,27,80,83,81,79,81,81,79,83,79,81,81,80,79,83,81,80,82,80,79,79,81,79,81,82,81,82,80,82,81,78,82,0,0.1,0.2,0.4,0.1,0.2,0.2,0,0.2,0.1,0.2,0.3,0.1,0,0,0,0,0.3,0.2,0.7,0.1,0,0.1,0,0.2,0.1,0,0,0.6,0,0.2,12.2,22.6,16.5,11.4,16.2,13.9,15.9,21.3,14,8.9,13.8,15.2,11.8,20.1,11.9,9.4,14,12.9,10.9,17.7,14.2,11.7,20.9,16.9,19.9,24.3,13,16.6,17.3,5.9,16.2,15.1,27.4,20.5,13.7,19.4,16.2,21.2,24.5,17.6,10.4,16.2,19.8,14,24.8,14,10.8,17.3,16.2,13.7,23.4,16.9,13.7,24.5,21.2,24.8,28.8,15.8,19.4,20.2,6.5,20.9,,,,,,22.2204,114.2127
2026-09-22T09:00,28.4,28.1,27.5,27.8,27.8,27.9,26.3,27.9,27.3,28.2,27.9,28.3,28.2,28.5,27.8,29,28.1,28.2,28.6,26.8,28.3,28.5,27.9,27.9,28.4,28,27.8,28.1,27.8,27.9,27.8,28.7,28.1,28.7,28.1,28.1,28.4,26.9,28,28.1,78,77,80,81,77,82,84,76,81,76,79,79,81,82,78,77,79,81,79,87,80,81,82,76,80,78,80,79,83,80,82,76,78,80,79,78,80,84,78,78,0,0,0,0.1,0,0,1.4,0,0,0,0,0.1,0,0,0,0,0,0,0,1.6,0,0,0,0,0,0.1,0,0.1,0.7,0,0,0,0,0,0,0,0,0,0,0,3.6,7.2,3.8,7.3,11.4,10.4,4.6,6.3,7.9,7.6,5.8,4,8.9,7.3,3.6,8.4,6.2,9.3,12.2,5.5,7.3,9.8,5.4,6.3,5.8,5.7,6.9,6.6,5.8,4.2,10.6,8.6,5.9,11,6.1,6.3,13.7,3.5,7,6.6,,,,,,,,,,,,,,,,,,,,,,,,,,,,,,,,,,,,,,,,,27.4,27,27.2,27.6,27.2,27.5,27.5,26.9,27.7,27.4,27.3,27.4,27.6,27.2,27.5,27.4,27.4,27.6,27.5,27.7,27.2,27.2,27,27.4,27.3,27,27.5,27,27.2,27.5,27.2,79,82,80,78,80,80,78,82,78,80,80,79,78,83,80,79,80,79,78,78,80,78,81,81,80,81,79,81,81,77,81,0,0,0.1,0,0,0,0,0,0,0,0,0,0,0,0,0,0,0.2,0.1,0,0.1,0,0,0,0,0,0,0,0.2,0,0.3,15.5,24.1,19.2,14.2,19.6,17,19.4,22.8,16.4,11.3,16.7,18.8,14,22.3,13.7,11.4,16.2,16.3,14,19.7,17,14.9,23.1,19.6,22.5,26.1,15.9,18.1,19.4,8.4,19.3,18.7,28.4,23,16.9,23,19.8,24.5,25.6,20.5,13.3,19.1,23.4,16.6,26.6,16.2,13.3,19.4,20.2,17.3,25.9,19.8,16.9,27,24.1,27.7,30.2,19.1,20.5,22,9.7,23.8,,,,,,22.2204,114.2127
2026-09-22T10:00,29,28.8,28.5,28.5,27.9,27.9,26.8,28.5,27.5,28.7,28.3,29,28.4,28.9,28.9,29,28.7,28.5,28.9,27.2,28.6,28.9,28.3,28.6,28.6,28.4,28.4,28.7,27.9,28.3,27.8,29.3,28.3,28.9,28.7,28.4,28.3,27.7,28.6,28.9,74,74,74,79,77,82,82,72,79,75,75,76,80,79,72,79,76,80,78,85,79,79,79,74,80,77,77,76,82,76,82,74,77,79,75,76,80,79,75,74,0,0,0,0,0,0,0.6,0,0,0,0,0,0,0,0,0,0,0,0,0.7,0,0,0.1,0,0,0,0,0,0.5,0.1,0,0,0,0,0.1,0,0,0,0,0,5.2,9,5.4,9.3,11.5,12.4,4.7,9.9,8.7,9,6.9,5.2,9,9.7,5.4,11.8,7.3,8.7,12.7,7.2,8.9,11.3,6.3,6.8,6.8,6.6,7.4,7.6,3.6,3.3,10.5,9.8,7.1,11.8,6.9,7.8,15.2,4.3,7.9,7,,,,,,,,,,,,,,,,,,,,,,,,,,,,,,,,,,,,,,,,,27.7,27.3,27.5,27.9,27.4,27.8,27.6,27.2,28,27.9,27.6,27.6,28.1,27.3,27.9,27.8,27.8,27.7,27.7,27.9,27.5,27.5,27.1,27.6,27.5,27.2,27.8,27.3,27.4,27.9,27.5,79,81,80,77,80,78,78,80,77,78,79,78,76,82,78,78,77,79,77,77,79,77,80,79,79,80,79,79,80,76,80,0,0,0.1,0,0,0,0,0,0,0,0,0,0,0,0,0,0,0.2,0.1,0,0.1,0,0,0,0,0,0,0,0.2,0,0.3,19.8,24.8,22.2,17.7,22.9,20.2,22.5,23.6,19.2,15.2,20.2,22.8,16.5,24.4,16.1,14.9,18.3,20.9,17.5,21.6,20.2,18.8,25.3,22.5,24.8,26.5,19.1,20,20.9,12.3,22.8,22.7,28.8,25.2,20.5,25.9,23,27.4,26.3,23,16.9,22.7,26.6,19.1,28.1,18.7,16.2,22,24.5,20.5,27.7,22.7,20.2,28.8,26.6,30.2,30.6,22,22,23.4,13.3,26.3,,,,,,22.2204,114.2127
2026-09-22T11:00,29.9,29.3,29.3,29.3,28.2,28.3,27.8,29.1,27.9,29.1,28.7,29.5,28.8,29.5,29.4,29.3,29.3,29,29.1,28.2,28.9,29.1,29.3,29.3,28.7,28.9,29.3,29.4,28.7,28.9,28.2,29.9,28.8,29.2,29.3,29,28.4,28.6,29.4,29.5,69,72,69,75,75,80,77,69,79,73,74,76,77,77,70,79,72,78,77,80,78,78,73,70,80,75,73,73,78,73,79,70,75,78,72,74,80,76,71,71,0,0,0,0,0,0,0.1,0,0,0,0,0.5,0.2,0,0,0,0,0,0,0,0,0,0,0,0,0,0.2,0,0,0.1,0,0,0,0,0,0,0,0,0,0,7.4,9.6,7.9,7.6,11.6,12.1,3.4,12.3,7.6,10,7.3,6,9.3,11,8,12.6,9.3,9,12.9,9.5,8.8,11.3,7.7,7.6,6.3,6,8.3,9,4,4.8,8.7,10.5,9.4,11,9.3,8.1,12.8,4.5,7.6,8.6,,,,,,,,,,,,,,,,,,,,,,,,,,,,,,,,,,,,,,,,,27.9,27.5,27.6,28.1,27.5,28,27.7,27.4,28.2,28.2,27.8,27.7,28.4,27.4,28.2,28.1,28.1,27.9,27.9,28,27.7,27.7,27.2,27.8,27.7,27.4,28,27.5,27.6,28.2,27.7,78,79,79,77,79,77,77,79,77,77,78,77,75,81,77,77,75,79,77,77,78,77,79,78,78,79,78,78,80,75,79,0,0,0.1,0,0,0,0,0,0,0,0,0,0,0,0,0,0,0.2,0.1,0,0.1,0,0,0,0,0,0,0,0.2,0,0.3,22.5,25.1,23.9,20.4,25,22.4,24.6,24.3,21.1,18,22.7,25.6,18.4,25.1,18.4,18,20.1,23.8,20.2,22.7,22,21.3,26.4,24.3,26.1,26.5,21.3,21.1,21.6,15.5,24.9,25.2,28.8,26.3,22.7,27.7,24.8,28.8,26.6,24.8,19.4,24.5,29.2,20.9,28.4,20.2,18.7,23.4,27.4,22.7,28.4,24.1,22.7,29.9,28.1,31.3,30.2,24.1,22.7,23.8,16.6,28.1,,,,,,22.2204,114.2127
2026-09-22T12:00,30.3,29.5,29.8,29.8,28.7,28.7,28.9,29.5,28.5,29.4,29,29.8,29.1,30,29.7,29.5,29.7,29.4,29.9,28.2,28.8,29.4,29.5,29.6,28.9,29.5,29.3,29.4,29,28.9,28.5,30.4,28.9,29.9,29.7,29.3,28.7,29.3,29.2,29.9,68,73,67,71,71,77,73,67,76,73,73,74,74,74,69,77,71,76,72,80,78,76,71,69,79,72,73,73,75,73,77,68,75,74,71,73,78,72,72,68,0,0.1,0,0,0,0,0,0,0,0.1,0,0.7,0.1,0,0,0,0,0,0,1.4,0.8,0,0.1,0,0,0,0.3,0.3,0.1,0.2,0,0,0.5,0,0.3,0,0,0.3,0.3,0,8.4,9.6,9.5,8.9,11.6,12.8,3.7,13.7,8.4,10.9,8.3,8.3,9.8,12.3,8.4,13.7,10.6,11,12.1,8.8,8.1,11.3,6.5,8.5,6.3,6,8.4,9.7,5.6,5.2,7.8,11,10.2,11.2,9.3,8.4,11.4,5.2,7.2,9.2,,,,,,,,,,,,,,,,,,,,,,,,,,,,,,,,,,,,,,,,,27.9,27.6,27.7,28.2,27.6,28,27.8,27.5,28.2,28.2,27.9,27.7,28.4,27.6,28.3,28.1,28.1,27.9,28,28,27.7,27.7,27.3,27.9,27.8,27.6,28.1,27.6,27.6,28.3,27.8,78,77,78,77,78,77,77,78,77,77,78,76,75,80,77,77,75,79,77,77,78,77,77,78,78,77,78,78,80,75,78,0,0,0,0,0,0,0,0,0,0,0,0,0,0,0,0,0,0,0,0,0,0,0,0,0,0,0,0,0,0,0,22.3,24.3,23.5,20.9,25,22,24.2,24.3,22,18.7,22.3,26.3,19.1,24.3,18.7,19.9,21,24.2,20.5,22.8,21.6,22,26.4,24,25.6,25.3,21.6,21,20.6,17.3,24.8,24.8,27.7,25.2,22.7,27,24.1,27.4,26.3,25.2,20.2,23.8,29.9,21.2,27,20.5,20.2,23.8,27.4,22.3,27.7,23.4,23,29.9,27.4,30.6,29.2,24.1,22.7,22.3,18,27.7,,,,,,22.2204,114.2127
2026-09-22T13:00,30.5,29.7,30,29.7,29,28.9,29.6,29.7,29,29.5,29.1,30.3,29.3,30.3,29.5,29.7,29.9,29.4,30.4,29.1,28.9,30,29.8,29.9,29.2,29.7,29.5,29.7,29,29,29.1,30.9,29.3,30.1,29.9,29.4,29,29.5,29.6,30,68,73,67,71,69,76,68,65,73,73,72,71,73,73,70,75,69,76,68,76,79,73,70,68,77,71,73,73,75,71,74,65,73,72,70,71,76,71,71,68,0,0.3,0,0,0,0,0,0,0,0.1,0,0.5,0,0,0.2,0,0,0,0,0,0,0,0.4,0,0,0.4,0.1,0.4,0.5,0.3,0,0,0.6,0,0.5,0,0,0.5,0.1,0.3,9.5,9.3,9.7,9,11.8,12.6,6.2,14.5,8.4,11,8.7,8.4,9.2,13.2,8.6,13.7,10.6,11.9,11.1,8.8,5.6,11.3,6.1,8.5,8.2,4.9,7.2,9,6,7.5,8.6,11.8,9.3,11.5,9,8.9,10.5,7.3,8.2,6.3,,,,,,,,,,,,,,,,,,,,,,,,,,,,,,,,,,,,,,,,,27.9,27.7,27.7,28.2,27.6,28,27.8,27.6,28.1,28.1,27.8,27.7,28.2,27.8,28.2,28.1,28,27.9,27.9,28,27.6,27.7,27.4,27.9,27.9,27.7,28.1,27.7,27.6,28.2,27.8,78,75,77,77,78,77,76,76,78,77,78,74,76,78,77,77,76,79,77,78,77,78,75,78,77,75,77,78,79,75,77,0,0,0,0,0,0,0,0,0,0,0,0,0,0,0,0,0,0,0,0,0,0,0,0,0,0,0,0,0,0,0,20.9,22.5,21.6,20.2,23.5,20.3,22,23.5,22,18.7,20.6,25.6,19.2,22,18.4,20.7,20.9,22.8,19.8,22.7,19.8,21.2,25.2,22.4,24.5,23.8,21,20.2,18.9,18.4,23.4,23,25.9,23,21.6,25.2,22,24.8,25.6,24.5,19.8,21.6,29.5,20.5,24.8,20.2,21.6,23.4,25.9,20.9,26.3,21.6,22.3,28.8,25.6,28.8,27.7,23,22,19.8,18.7,26.3,,,,,,22.2204,114.2127
2026-09-22T14:00,30.4,29.9,30.2,29.7,28.9,28.7,29.8,29.6,29.3,29.5,29.2,30.5,29.9,30.4,29.7,30.1,30,29.5,30.4,29.6,29.4,30.4,29.7,30.2,29.6,29.8,29.8,29.9,28.9,29,29.3,31,29.4,30,30.3,29.3,29.2,29.3,29.6,30.3,69,72,67,70,67,76,67,65,70,73,72,70,71,72,68,73,67,75,68,73,76,69,71,64,76,69,72,72,75,73,73,64,72,72,68,73,75,72,72,67,0,0.5,0,0.1,0,0,0,0,0,0.2,0,0.7,0,0,0.3,0,0,0,0,0,0,0,0.5,0,0,0,0.1,0.8,0.4,0.6,0,0,1,0,0,0,0.2,0.7,0,0.1,9,9.6,8.1,8.6,11.8,12,9.1,14.7,9.2,11,9.1,9,8.4,12.6,6.7,14.1,10.4,11.8,10.6,10.5,6.4,11.9,5.8,8,7.4,4.7,7.3,8.7,7.4,5.8,8.9,11.3,8.4,11.9,8.9,9,9.4,6.6,5.8,5.5,,,,,,,,,,,,,,,,,,,,,,,,,,,,,,,,,,,,,,,,,27.9,27.7,27.7,28.2,27.5,27.9,27.8,27.6,28,28,27.8,27.7,28.1,27.9,28.2,28,27.9,27.9,27.9,28,27.5,27.6,27.5,27.9,27.9,27.8,28.1,27.7,27.6,28.1,27.8,78,74,76,77,77,78,76,75,79,77,78,73,77,77,77,77,77,79,77,78,77,78,74,78,77,74,77,78,79,76,77,0,0,0,0,0,0,0,0,0,0,0,0,0,0,0,0,0,0,0,0,0,0,0,0,0,0,0,0,0,0,0,19.6,21.3,20.2,20,22.4,18.8,20.9,22.7,22,18.4,18.8,25.2,19,20.5,17.9,20.9,20.9,21.8,19.1,22.6,18.8,20.5,24.5,21.6,23.4,22.3,20.5,19.1,17.6,19.1,22.3,21.6,24.8,21.6,20.9,24.1,20.2,23,24.8,24.1,19.4,19.8,29.2,19.8,23,19.4,22,23,24.5,19.8,25.2,20.2,21.6,28.1,24.5,27.4,26.6,22.3,21.2,18,19.1,25.2,,,,,,22.2204,114.2127
2026-09-22T15:00,30.2,30,30.1,29.7,28.4,28.5,29.1,29.4,29.3,29.3,29,30.5,30,30.4,29.8,29.7,29.9,29.5,30.2,29.7,29.5,30.4,29.4,30.1,29.9,29.9,29.6,29.7,29.2,29.5,29.1,30.8,29.6,29.9,30.3,29.2,29,29.3,29.9,30.1,70,71,67,69,70,75,67,65,70,74,72,69,69,72,67,74,67,75,69,73,75,69,71,64,72,68,73,73,73,71,73,65,71,73,68,74,75,72,70,66,0,0.4,0,0,0,0,0,0,0,0.4,0,0.1,0,0,0.1,0,0,0,0,0,0,0,0.5,0,0,0.1,0.4,0.8,0,0,0.4,0,0.5,0,0,0,0.5,1,0,0,9.4,9,8.4,7.7,12.2,12.1,9,13.9,9.8,10,8.2,9.7,7.6,12.6,5.7,13.7,9.4,13.7,10.3,10.2,8.9,11.1,6.9,7.6,10,4.8,7.7,9,6.6,4.8,8,11.8,8.6,12.3,9,8.2,8,4.8,5.3,5.2,,,,,,,,,,,,,,,,,,,,,,,,,,,,,,,,,,,,,,,,,27.8,27.6,27.6,28.1,27.4,27.8,27.6,27.5,27.9,27.9,27.7,27.6,28,27.8,28.1,27.9,27.8,27.7,27.8,27.9,27.4,27.4,27.4,27.8,27.8,27.8,28,27.7,27.5,28,27.7,78,73,75,77,76,78,76,74,79,77,78,73,77,77,77,78,77,78,77,78,76,78,73,78,76,73,76,78,79,77,77,0,0,0,0,0,0,0,0,0,0,0,0,0,0,0,0,0,0,0,0,0,0,0,0,0,0,0,0,0,0,0,19.3,21.3,19.4,20.1,22.7,18,21.2,22,22,18.4,17.8,25.6,18.5,19.8,17.5,20.3,20.2,21.4,19.5,22.6,18.8,20.2,24.1,21.6,23.4,22,20.5,18.1,16.8,19.1,22.7,20.9,24.5,21.2,21.2,24.8,19.1,23.8,24.8,24.1,19.4,18.7,29.5,19.1,22.3,18.7,21.6,22.3,24.1,20.5,25.6,20.2,21.2,27.7,24.8,27.4,26.3,22.7,20.2,17.3,19.1,25.9,,,,,,22.2204,114.2127
2026-09-22T16:00,29.7,29.9,29.8,29.6,27.8,28.4,28.6,29.1,28.8,29.3,28.8,30.4,29.8,30.1,29.8,29.3,29.7,28.9,29.8,29.8,29.3,30.1,29.5,29.9,29.7,29.3,29.3,29.4,29.1,29.6,29,30.3,29.2,29.5,30,29.2,29,29.2,29.9,30,73,70,68,70,71,73,67,66,69,74,72,67,69,72,66,77,66,77,71,73,75,71,71,64,70,70,73,74,73,70,74,65,73,72,70,73,75,73,69,67,0,0,0,0,0,0,0,0,0,0,1.6,0,0,0,0.1,0,0,0,0,0,0,0,0,0,0,0.1,0.4,0.6,0.8,0,0,0,0.9,0,0.3,0,0,0.4,0,0,8.7,9.2,8.5,7.1,11.3,11.7,7.2,13.3,11.2,10,7.9,10.5,8.6,12.7,5,13.1,8.7,15.5,10.6,10.8,10.2,11.1,7.1,7.8,11.3,4.9,7.7,9.1,4.5,5.4,9,11.8,8.9,12.7,9,8.2,8.7,4.8,5.3,4.6,,,,,,,,,,,,,,,,,,,,,,,,,,,,,,,,,,,,,,,,,27.7,27.4,27.5,27.9,27.3,27.6,27.5,27.5,27.8,27.8,27.6,27.5,27.9,27.6,28,27.7,27.6,27.6,27.7,27.8,27.2,27.3,27.3,27.6,27.7,27.7,27.8,27.7,27.4,27.8,27.5,77,74,75,78,75,78,76,73,79,78,78,73,78,77,77,79,77,77,77,78,75,78,74,78,75,73,75,77,79,77,77,0,0,0,0,0,0,0,0,0,0,0,0,0,0,0,0,0,0,0,0,0,0,0,0,0,0,0,0,0,0,0,18.8,21.3,19.5,19.9,23,17.4,22.3,21.3,21.6,18.4,17.1,26,17.7,19.5,16.9,19.3,19.5,20.9,19.8,22.8,19.5,19.9,23.4,22.3,23.8,21.7,20.6,17.1,16.4,19.1,23.1,20.5,24.8,21.2,21.6,25.9,18.4,25.6,24.8,24.5,19.8,18.4,29.9,18.7,22,18,20.5,21.2,24.1,21.6,26.3,20.9,21.2,27.4,25.9,28.1,26.6,23.4,18.7,16.9,19.1,27,,,,,,22.2204,114.2127
2026-09-22T17:00,28.9,29.4,29.3,29.1,27.5,28.1,27.9,28.5,28,29,28.5,30,29.4,29.7,29.6,28.8,29.2,28.1,29.2,29.3,28.7,29.4,29.3,29.3,29.1,29.1,28.8,29.3,29,29.2,28.7,29.6,29.1,29.1,29.4,28.9,28.6,29,29.6,29.6,75,70,70,72,67,76,68,67,69,75,72,68,71,74,66,79,67,73,74,75,74,75,72,68,69,70,75,75,73,71,76,68,74,69,73,73,77,73,68,69,0,0,0,0,0,0,0,0,0,0,0,0,0,0,0,0.2,0,0,0,0,0,0,0,0,0,0,0.3,0.1,0,0,0,0,0,0,0,0,0,0.3,0,0,8.9,9.5,7.1,6.8,6.9,10.7,6.4,13.2,9.9,10.3,7,10.8,8.2,12.2,5.2,13.1,7.2,14,10,11.9,10,12,7.6,7.9,12.1,4.7,7.1,10.3,6.9,6.8,9.3,11.3,9.6,13.7,9.3,7.1,8.7,5.4,5.2,5,,,,,,,,,,,,,,,,,,,,,,,,,,,,,,,,,,,,,,,,,27.6,27.3,27.4,27.8,27.2,27.5,27.3,27.4,27.7,27.7,27.5,27.3,27.8,27.5,27.9,27.6,27.5,27.4,27.6,27.6,27.1,27.1,27.2,27.5,27.5,27.5,27.6,27.6,27.3,27.7,27.3,77,74,75,79,74,79,76,73,79,78,78,73,78,78,78,80,77,77,77,78,75,78,74,78,75,73,75,77,79,78,77,0,0,0,0,0,0,0,0,0,0,0,0,0,0,0,0,0,0,0,0,0,0,0,0,0,0,0,0,0,0,0,18.4,21.6,19.1,19.6,23.4,16.9,23.1,21,21.3,18.5,16.7,26,16.6,19.5,16.5,18.6,18.5,20.9,19.8,22.7,19.8,19.5,23,22.7,23.8,21.7,20.9,16.4,15.9,18.7,23.5,20.5,25.2,21.6,22,27,18,27,25.2,24.8,20.2,18,30.2,18.4,22.3,18,20.2,20.5,24.5,22.7,27,22,21.2,27,27,28.8,27,24.5,18,16.9,19.4,27.7,,,,,,22.2204,114.2127
2026-09-22T18:00,28.4,28.7,28.6,28.4,27,27.9,27.4,27.9,27.3,28.4,28.2,29.2,28.9,29.1,29,28.4,28.4,27.3,28.4,28.8,28.2,28.6,28.6,28.5,28.3,28.7,28.5,28.8,28.5,28.7,28.1,28.8,28.5,28.2,28.7,28.3,28,28.7,29.1,28.9,76,71,72,76,66,77,69,68,69,77,74,71,72,78,69,82,71,71,77,77,73,76,77,73,72,73,77,79,77,74,80,71,78,72,77,75,80,75,69,73,0,0,0,0,0,0,0,0,0,0,0,0,0,0,0,0,0,0,0,0,0,0,0,0,0,0,0,0,0,0,0,0,0,0,0,0,0,0,0,0,5.5,8.9,6.3,5.4,5.3,9.8,4,8.2,7.5,7.9,6.8,10.3,5.6,11.8,3.7,14.5,6.4,10.7,8.3,11.3,5.6,12.3,6.1,5.5,12.2,4.2,6,10.3,6.6,5.2,8,9.2,9.7,14,9.7,5.8,9,5.4,4.3,4.3,,,,,,,,,,,,,,,,,,,,,,,,,,,,,,,,,,,,,,,,,27.4,27.2,27.2,27.6,27,27.3,27.1,27.2,27.5,27.5,27.3,27.2,27.6,27.3,27.7,27.3,27.3,27.2,27.4,27.4,26.9,26.9,27,27.3,27.4,27.4,27.4,27.4,27.1,27.4,27.1,78,75,75,80,75,80,77,74,79,79,79,74,79,79,79,81,78,77,78,79,76,79,75,79,76,74,76,78,80,79,78,0,0,0,0,0,0,0,0,0,0,0,0,0,0,0,0,0,0,0,0,0,0,0,0,0,0,0,0,0,0,0,18.4,21.6,18.8,18.9,23.1,16.9,23.4,21.3,20.6,18.1,16.3,25.3,15.7,19.4,16.5,18.4,17.8,20.5,19.1,22.7,20.2,19.5,22.3,22.7,22.7,21.7,21.3,16.3,15.9,18.7,22.9,21.2,25.9,22,22,27.4,18.7,27.7,25.6,25.6,20.9,18.4,30.2,18.7,23,18.7,20.5,20.9,24.8,23,27.7,23,22,26.6,28.1,28.8,27.7,25.9,18.4,17.3,20.5,27.7,,,,,,22.2204,114.2127
2026-09-22T19:00,27.9,28.2,27.9,27.9,26.7,27.5,26.8,27.4,26.6,27.9,27.8,28.6,28.3,28.6,28.3,28.2,27.7,26.9,27.7,28.3,27.9,28.1,27.8,27.8,27.8,28.2,28.1,28.3,28.1,28,27.6,28.3,28,27.5,28.2,27.7,27.5,28.2,28.5,28.3,78,73,76,80,66,78,74,70,72,79,78,72,76,80,74,82,75,73,81,80,74,75,82,78,73,76,81,82,79,78,84,72,80,76,80,78,84,79,71,79,0,0,0,0,0,0,0,0,0,0,0,0,0,0,0,0,0,0,0,0,0,0,0,0,0,0,0,0,0,0,0,0,0,0,0,0,0,0,0,0,5.2,5.7,5.9,4.4,4.1,8.4,2.3,7.2,5.9,6,6.5,7.3,4.4,9,3.7,13.7,5.4,7.8,6.8,10.6,4.7,9.2,4.6,4.4,8,3.8,4.6,8.9,5.9,4.4,7,7,7.7,11.4,6.9,5.3,7.6,5,3.9,3.3,,,,,,,,,,,,,,,,,,,,,,,,,,,,,,,,,,,,,,,,,27.2,27.1,27.1,27.4,26.9,27,26.9,27,27.3,27.3,27.1,27,27.4,27.2,27.4,27.1,27.2,27,27.2,27.2,26.7,26.6,26.8,27.1,27.2,27.2,27.2,27.1,26.9,27.2,27,79,77,76,81,77,82,78,75,79,79,79,75,80,81,80,82,78,78,80,81,77,79,77,82,77,76,78,80,80,80,79,0,0,0,0,0,0,0,0,0,0,0,0,0,0,0,0,0,0,0,0,0,0,0,0,0,0,0,0,0,0,0,18.4,22,18.5,18.1,22,17.3,23,21.6,19.9,17.8,16.2,24.3,15.5,19.8,16.8,18.2,17,20.5,18.4,23,20.5,19.5,21.6,23.1,21.6,21.7,21.6,16.2,15.9,18.7,21.8,22.3,27,22.7,22,27,20.2,28.4,26.3,26.3,21.6,19.1,30.2,19.1,24.5,20.2,21.6,21.6,25.6,22.7,28.8,24.5,22.7,26.3,29.2,28.8,28.4,27.4,19.1,18,21.6,27,,,,,,22.2204,114.2127
2026-09-22T20:00,27.6,27.9,27.4,27.6,26.4,27.4,26.5,27.1,26.3,27.7,27.5,28.3,28,28.5,27.8,28,27.3,26.7,27.4,28.1,27.7,27.9,27.4,27.4,27.6,27.8,27.7,28.2,27.8,27.5,27.3,28,27.7,27.1,28,27.3,27.3,27.8,28.1,27.8,78,74,80,83,68,77,76,72,75,80,82,73,79,81,77,80,78,76,84,81,76,76,86,81,74,79,84,82,79,81,86,73,79,78,82,80,86,82,74,83,0,0,0,0,0,0,0,0,0,0,0,0,0,0,0,0,0,0,0,0,0,0,0,0,0,0,0,0,0,0,0,0,0,0,0,0,0,0,0,0,5.6,5,5.4,3.6,5.1,8.1,2.6,6.2,5.9,5.3,5.8,6.9,3.7,8.2,3.9,12.9,5.2,6.6,5.8,10.8,3.9,7.1,3.9,4.2,6.8,4,3.8,9.7,4.5,4.2,5.8,6.4,6.9,11.2,6.3,5.2,6,5.6,3.2,3.9,,,,,,,,,,,,,,,,,,,,,,,,,,,,,,,,,,,,,,,,,27,27,27,27.2,26.8,26.9,26.8,26.9,27.2,27.2,27,26.9,27.3,27.1,27.2,26.9,27.1,26.9,27,27.1,26.6,26.5,26.7,27,27.1,27.1,27.1,26.9,26.8,27,26.8,80,78,77,82,78,83,79,77,79,80,80,76,81,82,81,82,79,79,81,82,78,80,78,83,78,78,79,81,81,81,80,0,0,0,0,0,0,0,0,0,0,0,0,0,0,0,0,0,0,0,0,0,0,0,0,0,0,0,0,0,0,0,18.4,22,18.2,17.3,21.3,17.7,23,22,19.2,17.4,16.2,23.5,15.3,20.2,17.2,18.1,16.6,20.5,17.7,23.4,20.5,19.5,20.9,23.1,20.9,22,22,16.6,15.9,18.7,21.1,23.4,27.7,23,22,26.6,21.2,28.8,27,26.6,22.3,19.8,29.9,19.8,25.6,21.2,22.3,22.3,25.9,22.7,29.9,25.2,23.4,25.9,29.9,28.8,28.8,28.4,19.8,18.4,23,26.6,,,,,,22.2204,114.2127
2026-09-22T21:00,27.5,27.7,27.1,27.4,26,27.3,26.3,26.9,26.1,27.5,27.4,28.1,27.7,28.4,27.5,27.9,27,26.8,27.2,28,27.5,27.8,27,27.1,27.5,27.5,27.3,28.1,27.7,27.2,27.2,27.7,27.6,27,27.8,27,27.2,27.5,27.7,27.3,77,75,82,84,72,75,78,74,77,82,84,74,81,82,77,79,81,79,85,79,79,77,88,83,75,82,87,83,80,82,87,75,76,78,84,83,87,83,76,86,0,0,0,0,0,0,0,0,0,0,0,0,0,0,0,0,0,0,0,0,0,0,0,0,0,0,0,0,0,0,0,0,0,0,0,0,0,0,0,0,6.5,5.5,5.5,3.7,7,9.3,3.4,5.8,6.2,5.4,6,7,3.2,9.4,3.9,12.9,5,6.2,4.8,10.8,3.1,6.6,4.5,4.5,6.7,4.5,4.7,9.9,4.4,3.9,4.3,7,6.6,10.7,6.3,5.2,6,5.2,3.1,5.5,,,,,,,,,,,,,,,,,,,,,,,,,,,,,,,,,,,,,,,,,26.9,26.9,26.9,27,26.7,26.8,26.7,26.8,27.1,27.1,26.9,26.8,27.1,27,27,26.8,27.1,26.8,26.9,27,26.5,26.4,26.6,26.9,27,27,27,26.8,26.7,26.9,26.8,81,79,78,83,78,84,79,79,80,80,81,76,82,83,82,82,79,79,82,82,79,80,79,83,79,80,80,81,81,82,80,0,0,0,0.2,0,0,0,0,0,0,0,0,0.2,0,0,0,0,0,0,0,0,0,0,0,0,0,0,0,0,0,0,18.7,21.6,17.8,17.3,20.5,18,22.7,22,18.8,17.3,16.2,23.1,15.9,20.9,17,17.7,16.6,20.5,17.3,24.1,20.2,19.5,20.5,23.4,21.2,22.3,22,17,15.2,19.5,20.6,23.8,27.7,22.7,22,25.9,22,28.1,27.4,26.3,22.3,20.2,29.2,20.5,26.6,21.2,22.3,23,26.3,22.3,31.3,24.8,23.8,25.6,30.2,29.2,28.8,28.4,20.5,18,24.1,26.3,,,,,,22.2204,114.2127
2026-09-22T22:00,27.3,27.6,26.9,27.3,25.5,27.2,26.1,26.8,25.9,27.4,27.4,27.9,27.6,28.3,27.3,27.6,26.9,26.7,27,27.9,27.4,27.7,26.8,26.9,27.3,27.2,27.1,28,27.6,27,27,27.6,27.4,27.1,27.7,26.9,27,27.3,27.4,27,77,74,82,84,78,74,80,74,80,82,83,76,82,82,77,81,83,81,87,80,81,79,89,85,77,83,87,84,80,83,87,77,75,76,84,84,88,84,79,87,0,0,0,0,0,0,0,0,0,0,0,0,0,0,0,0,0,0,0,0,0,0,0,0,0,0,0,0,0,0,0,0,0,0,0,0,0,0,0,0,4.4,6.6,5.8,4.1,5.8,9.4,3.2,5.8,5.7,6.4,7.4,7.1,3.1,10.6,4.2,15.2,4.7,5.5,4.8,11.3,1.9,6.8,4.6,4.7,4.8,4.2,5.3,9.7,4.7,3.9,3.9,8,6.6,10.5,6.9,6.4,6.2,5.2,3.3,5.2,,,,,,,,,,,,,,,,,,,,,,,,,,,,,,,,,,,,,,,,,26.8,26.8,26.8,27,26.7,26.8,26.6,26.7,27,27,26.8,26.8,27,26.9,26.9,26.9,27.1,26.8,26.8,26.9,26.5,26.5,26.6,26.9,26.9,26.9,26.9,26.8,26.7,26.8,26.7,82,81,78,84,78,84,79,80,81,80,81,75,84,84,83,82,80,80,83,82,79,79,79,83,80,81,81,81,80,82,80,0,0,0,0.2,0,0,0,0,0,0,0,0,0.2,0,0,0,0,0,0,0,0,0,0,0,0,0,0,0,0,0,0,19.1,21.3,17.8,17.7,20.2,18.4,22.1,22,18.8,17.3,16.3,22.7,17,21.6,16.6,17.7,17,20.9,17.3,24.9,19.6,19.8,20.2,23.8,22.3,22.3,22,17.5,14.4,20.2,20.9,23.8,27.4,22.3,22,24.8,22.7,27.4,27.7,25.6,22.3,20.2,28.4,21.6,28.1,20.5,22,23.4,26.3,22,32.8,23.4,24.1,24.8,30.6,29.5,28.4,28.1,21.2,17.6,25.2,26.3,,,,,,22.2204,114.2127
2026-09-22T23:00,27,27.5,26.7,27.2,25.2,27.1,26.1,26.8,25.8,27.3,27.3,27.7,27.3,28.1,27,27,26.7,26.8,26.9,27.8,27.4,27.5,26.6,26.9,27.2,27,26.9,28,27.6,26.9,26.9,27.5,27.2,27,27.6,26.9,27,27.2,27.2,26.9,77,76,83,84,80,75,83,75,81,80,83,78,84,82,78,79,83,83,88,81,80,81,90,83,80,84,88,84,80,82,86,77,75,75,83,81,86,84,81,87,0,0,0,0,0,0,0,0,0,0,0,0,0,0,0,0,0,0,0,0,0,0,0,0,0,0,0,0,0,0,0,0,0,0,0,0,0,0,0,0,3.9,6.8,4.8,3.9,4.1,9.2,3.9,6.2,6,7,7.8,7,3.6,10.9,4,15.8,4.6,7.3,4.8,11.9,2.7,7.6,4.1,5.5,4.4,4,5.8,9.8,4.7,5,4.1,6.8,6.4,9.4,7.8,7.3,6.3,5.5,3.8,5,,,,,,,,,,,,,,,,,,,,,,,,,,,,,,,,,,,,,,,,,26.8,26.8,26.7,26.9,26.7,26.8,26.6,26.7,27,26.9,26.8,26.8,26.9,26.9,26.8,26.9,27.1,26.8,26.8,26.9,26.4,26.5,26.6,26.9,26.9,26.8,26.8,26.8,26.7,26.8,26.7,83,82,79,84,78,84,79,81,82,80,82,75,85,84,84,82,80,80,83,81,80,79,80,83,80,82,82,81,80,82,80,0,0,0,0.2,0,0,0,0,0,0,0,0,0.2,0,0,0,0,0,0,0,0,0,0,0,0,0,0,0,0,0,0,19.5,20.9,17.4,18,20.2,18.8,22.1,22,18.7,17.3,16.6,22.3,18.4,22.7,16.7,17.3,17,21.2,17.7,25.6,19.2,19.8,19.8,24.1,23.1,22.7,22,17.5,14.1,21,20.9,24.1,26.6,21.6,22.3,24.5,23.4,27,28.1,25.2,22,20.5,27.7,23,29.2,20.2,21.6,23.4,26.6,22,33.8,22.7,24.1,24.5,31,29.9,28.4,27.7,21.6,17.3,25.9,25.9,,,,,,22.2204,114.2127
2026-09-23T00:00,26.8,27.4,26.5,27.1,25.1,26.9,25.9,26.7,25.6,27.2,27.2,27.6,27.1,28.1,26.8,26.6,26.6,27,26.9,27.8,27.4,27.5,26.5,26.7,27.2,26.8,26.7,28,27.5,26.8,26.9,27.4,27.1,27,27.6,26.8,26.9,27.1,27.2,26.9,77,76,83,82,81,76,87,76,80,78,82,80,85,83,81,80,84,83,88,82,80,81,91,84,80,85,88,84,81,82,85,78,76,76,80,77,84,85,81,87,0,0,0,0,0,0,0,0,0,0,0,0,0,0,0,0,0,0,0,0,0,0,0,0,0,0,0,0,0,0,0,0,0,0,0,0,0,0,0,0,3.5,7,4.6,4,2.3,8.9,4.7,6.8,5.3,7.1,8.2,6.6,3.9,10.4,4,13.6,4.7,7.2,5.6,11.8,3.3,8,4,5.3,5.7,3.9,5.2,9.4,4.5,4.8,4,5.9,6.3,8,8.2,6.6,5.8,5.2,4.2,5.3,,,,,,,,,,,,,,,,,,,,,,,,,,,,,,,,,,,,,,,,,26.7,26.7,26.6,26.8,26.6,26.7,26.5,26.6,26.9,26.8,26.7,26.7,26.8,26.8,26.7,26.8,27,26.8,26.7,26.8,26.3,26.4,26.5,26.8,26.8,26.7,26.7,26.7,26.6,26.7,26.6,83,82,80,84,79,84,78,81,82,80,82,75,85,84,85,82,81,80,83,80,81,80,80,82,80,81,82,82,80,82,81,0,0,0,0.8,0,0,0,0,0,0,0,0,0.2,0,0,0,0.3,0,0,0,0,0,0,0,0,0,0,0,0,0,0,19.9,20.2,16.6,18.5,20.6,19.9,22.9,22.4,18.7,16.9,16.9,22,19.8,23.9,17.4,16.9,15.8,21.6,18,26,19.1,19.8,19.8,24.9,23.1,23,22,17.1,14.4,21.8,20.9,24.5,25.2,20.5,23,25.2,24.5,28.4,28.4,25.2,21.6,20.9,27.4,24.5,30.2,20.9,21.2,22,27,22.3,34.2,22.3,24.1,24.5,31.7,29.9,28.8,27.4,20.9,17.6,26.3,25.9,,,,,,22.2204,114.2127
2026-09-23T01:00,26.7,27.3,26.4,27,25,26.9,25.9,26.6,25.5,27,27,27.5,27,28,26.7,26.5,26.6,27,27,27.7,27.3,27.6,26.4,26.6,27.3,26.8,26.4,27.9,27.4,26.6,26.8,27.3,26.9,27,27.5,26.7,26.8,27,27.1,27,78,77,83,81,81,77,89,76,80,78,81,80,86,82,83,80,84,84,86,82,79,79,90,85,77,84,88,84,82,84,85,77,79,77,80,74,82,86,82,85,0,0,0,0,0,0,0,0,0,0,0,0,0,0,0,0.2,0,0,0,0,0,0,0,0,0,0,0.2,0,0,0,0,0,0,0,0,0,0,0,0,0,3,7,4.5,3.3,1.6,8.8,5.4,6.9,3.9,6.6,7.7,6.2,4.2,10.7,3.9,9.7,4.7,7.9,6.6,11.8,4,8.7,3.6,4.5,6,4.4,5.1,9.4,4.7,4.1,4.7,5.9,6.6,6.8,8.5,5.7,5.8,5.2,4.1,5.8,,,,,,,,,,,,,,,,,,,,,,,,,,,,,,,,,,,,,,,,,26.6,26.6,26.5,26.7,26.5,26.7,26.5,26.6,26.8,26.7,26.7,26.5,26.7,26.7,26.7,26.7,26.8,26.7,26.6,26.8,26.2,26.3,26.4,26.7,26.7,26.6,26.6,26.7,26.5,26.6,26.5,83,82,81,83,79,84,77,81,82,80,83,76,85,84,85,83,82,80,83,80,81,81,81,81,79,80,81,83,80,81,82,0,0,0,0.8,0,0,0,0,0,0,0,0,0.2,0,0,0,0.3,0,0,0,0,0,0,0,0,0,0,0,0,0,0,19.9,19.1,15.9,19.4,21.7,21,24,22.9,19.1,16.9,16.9,22,20.9,25.1,18.1,16.6,14.8,22,18.8,26.1,19.1,19.4,20.2,25.4,23.2,23.1,22,16.6,15.1,22.3,21.2,24.8,23.8,19.1,23.8,26.6,25.9,30.2,28.8,25.6,20.9,21.2,27.4,26.6,31.7,22,20.9,19.8,27.4,23.4,33.8,22.7,23.8,24.8,32.8,29.9,29.5,27,20.2,18.4,26.6,25.6,,,,,,22.2204,114.2127
2026-09-23T02:00,26.7,27.3,26.3,27,25,26.8,26.1,26.6,25.4,26.9,26.8,27.5,27,28,26.6,26.6,26.5,27.1,26.9,27.7,27,27.4,26.4,26.5,27.3,26.8,26.5,27.7,27.3,26.5,26.7,27.1,26.8,27,27.4,26.5,26.7,27,26.9,27,79,77,82,81,81,78,89,76,81,78,82,79,87,82,85,81,83,82,84,81,80,80,89,86,75,84,88,85,82,86,86,78,82,80,79,74,81,85,83,80,0,0,0,0,0,0,0,0,0,0,0,0,0,0,0,0,0,0,0,0,0.5,0,0,0,0,0,0.1,0,0,0,0,0,0,0,0,0,0,0,0,0,2.4,7,4.6,2.9,1.3,9.2,5.5,6.9,2.9,6.5,8.4,6.2,4.2,9.4,3.7,6.7,5.4,8,6.8,11.3,4.3,8.4,3.3,3.6,4.8,4.5,5.8,9,5,3.6,5.2,5.1,6.5,6.8,8.4,5.6,6.5,6,4,6.3,,,,,,,,,,,,,,,,,,,,,,,,,,,,,,,,,,,,,,,,,26.6,26.5,26.5,26.7,26.4,26.7,26.5,26.6,26.7,26.6,26.6,26.4,26.7,26.6,26.6,26.6,26.7,26.6,26.5,26.7,26.2,26.3,26.4,26.7,26.7,26.6,26.6,26.6,26.5,26.6,26.4,83,82,82,83,80,84,77,80,82,80,83,76,84,83,85,83,83,80,83,79,81,81,81,80,79,79,81,84,81,81,83,0,0,0,0.8,0,0,0,0,0,0,0,0,0.2,0,0,0,0.3,0,0,0,0,0,0,0,0,0,0,0,0,0,0,20.3,18.9,15.5,20.2,22.1,22,24.7,23.7,19.5,16.9,17.7,22.1,22.3,25.9,18.8,17,14.6,22,19.7,26.2,19.5,19.4,20.2,26.2,23.3,23.4,22.5,16.6,15.9,22.7,21.2,25.6,23,18.4,24.5,27.4,27,31.7,29.5,25.9,20.9,22,27.7,28.1,32.8,22.7,21.2,18.7,27.7,24.1,33.8,23,23.4,24.8,33.5,29.9,30.2,27.4,19.8,19.1,27,25.6,,,,,,22.2204,114.2127
2026-09-23T03:00,26.7,27.3,26.2,26.9,24.9,26.7,26.2,26.5,25.4,26.8,26.9,27.4,26.7,27.9,26.6,26.6,26.5,27,26.8,27.5,27,27.3,26.4,26.5,27.1,26.9,26.7,27.4,27.2,26.4,26.7,27,26.8,26.9,27.3,26.3,26.7,26.9,26.9,27,80,77,81,80,82,78,87,76,80,79,83,79,87,83,84,83,83,83,84,82,80,80,87,85,75,81,86,86,83,86,87,79,82,82,80,77,80,84,84,76,0,0,0,0,0,0,0,0,0,0,0,0,0.1,0,0,0,0,0,0,0,0,0,0,0,0,0,0,0.2,0,0,0,0,0,0,0,0,0,0,0,0,3,7,4.1,3.6,1.8,9.1,5.4,6.1,2.9,6.5,8.7,6.9,4,7.9,4,4.3,5.8,7.6,6.5,10.5,4.7,8.3,4.5,3.3,3.6,4.4,5.8,8.7,4.8,4,5,4,6.1,6.2,8,5.6,6.8,5.9,4.4,5.5,,,,,,,,,,,,,,,,,,,,,,,,,,,,,,,,,,,,,,,,,26.5,26.5,26.4,26.6,26.3,26.6,26.4,26.5,26.6,26.6,26.6,26.3,26.6,26.5,26.5,26.6,26.6,26.5,26.4,26.5,26.1,26.2,26.3,26.6,26.6,26.5,26.5,26.4,26.4,26.5,26.3,83,82,82,83,80,84,77,80,82,81,83,76,83,82,85,83,83,80,82,79,80,81,81,80,79,79,81,84,82,81,83,0,0,0,0.2,0,0.1,0,0,0,0,0,0,0,0,0,0,1.4,0,0,0,0,0,0,0,0,0,0,0.8,0,0,0,21.1,19.7,15.1,20.6,21.9,22.4,24.8,24.6,20,17.7,18.8,22.6,23.5,26.3,18.8,18.1,16,22,20.3,26.8,20.2,19.4,20.3,26.5,24,24.3,23.3,17.7,16.3,23.1,21.3,26.3,24.1,18,25.2,27,27.7,31.7,30.6,25.9,21.6,23.4,28.4,29.5,33.5,22.7,22.3,20.2,27.7,24.8,34.6,24.1,23.4,24.5,33.5,30.2,31,28.4,20.9,19.4,27.7,25.2,,,,,,22.2204,114.2127
2026-09-23T04:00,26.7,27.2,26,26.9,25,26.7,26.2,26.4,25.4,26.8,27,27.5,26.7,27.8,26.6,26.7,26.4,27,26.7,27.5,27,27.3,26.4,26.4,27.1,26.8,26.7,27.3,27.1,26.4,26.7,27,26.8,27,27.3,26.2,26.6,26.9,26.9,26.9,80,78,82,79,82,78,86,76,80,79,83,79,87,84,83,85,82,83,84,80,81,81,84,84,76,78,84,87,83,84,86,79,83,83,80,79,81,83,83,76,0,0,0,0,0,0,0,0,0,0,0,0,0,0,0,0,0,0,0,0,0,0,0,0,0,0,0,0.4,0,0,0,0,0,0,0,0,0,0,0,0,2.9,7.2,3.7,4,1.8,9.1,4.3,5.8,2.6,7.2,8.7,6.9,3.2,7.6,3.1,3.7,5.8,7.2,5.8,9.4,4,7.6,5.4,3.4,4,5.2,5.4,8.1,4.7,4.4,5.4,3.6,5.8,6.9,7.2,5.4,6.9,4.8,4.7,5.4,,,,,,,,,,,,,,,,,,,,,,,,,,,,,,,,,,,,,,,,,26.4,26.5,26.3,26.6,26.3,26.6,26.3,26.4,26.6,26.5,26.5,26.2,26.6,26.3,26.5,26.5,26.6,26.4,26.4,26.4,26.2,26.2,26.2,26.5,26.4,26.4,26.3,26.3,26.3,26.4,26.3,83,81,81,83,80,83,78,79,82,82,83,77,83,82,84,82,82,80,81,79,78,80,81,81,78,79,80,84,83,81,82,0,0,0,0.2,0,0.1,0,0,0,0,0,0,0,0,0,0,1.4,0,0,0,0,0,0,0,0,0,0,0.8,0,0,0,22,21.2,15.2,20.5,21.3,22.8,24.6,25.8,20.5,18.5,20.5,23.4,24.7,26.7,18.5,19.6,18.5,21.8,21.3,27.7,20.9,19.5,20,26.8,24.9,25.1,24,18.8,16.8,23.4,20.9,27.4,25.9,18.4,25.6,26.3,28.1,31,32,25.9,22.3,25.2,29.5,30.2,34.2,22.3,23.4,23,27.4,25.6,35.3,25.6,23.4,24.1,33.1,31,31.3,29.9,22.7,19.8,28.1,24.8,,,,,,22.2204,114.2127
2026-09-23T05:00,26.8,27.2,26,26.9,25,26.7,26.2,26.4,25.4,26.8,27,27.5,26.8,27.6,26.6,26.8,26.4,26.9,26.6,27.5,26.9,27.4,26.5,26.4,27,26.8,26.6,27.1,27.1,26.4,26.6,27,26.8,27.1,27.3,26.2,26.6,26.9,26.9,26.8,80,78,83,79,82,79,86,76,80,79,82,78,86,84,83,86,81,82,85,79,81,79,84,84,78,78,83,88,83,84,86,79,83,82,80,80,80,83,82,77,0,0,0,0,0,0,0,0,0,0,0,0,0,0,0,0,0,0,0,0,0,0,0,0,0,0,0,0.9,0,0,0,0,0,0,0,0,0,0,0,0,2.9,6.5,3.6,3.6,2.3,9,3.7,5.8,3.1,7.3,9.7,6.5,4,7.9,3.6,4.6,5.7,7.2,5.9,7.9,5.2,7.2,4.7,3.2,4,5.4,5,7.5,4.8,4,5.2,4,5.4,8,5.8,5.4,7.2,4.3,4.3,5.4,,,,,,,,,,,,,,,,,,,,,,,,,,,,,,,,,,,,,,,,,26.4,26.5,26.3,26.6,26.3,26.6,26.3,26.3,26.6,26.5,26.5,26.2,26.6,26.3,26.4,26.5,26.6,26.4,26.4,26.3,26.2,26.2,26.2,26.4,26.4,26.3,26.3,26.3,26.3,26.4,26.3,82,81,81,83,80,83,79,79,82,83,83,77,82,81,83,82,82,80,80,79,77,79,81,81,78,79,80,84,84,81,81,0,0,0,0.2,0,0.1,0,0,0,0,0,0,0,0,0,0,1.4,0,0,0,0,0,0,0,0,0,0,0.8,0,0,0,22.8,22.7,15.7,20.5,20.8,22.9,24.7,27.1,21,19.3,22.1,24.3,25.6,27,18.6,20.7,20.7,22,22,28.2,21.2,19.5,20.1,26.8,25.6,25.6,24.7,20.1,17.2,23.7,20.6,28.1,27.7,18.7,25.9,25.6,28.4,31,33.1,25.9,23.4,27,30.6,31.3,34.9,22.7,24.8,25.6,27,26.3,36,26.3,23.8,23.8,32.8,31.7,31.7,31,24.1,20.2,28.8,24.5,,,,,,22.2204,114.2127
2026-09-23T06:00,26.8,27.2,26,26.9,25.1,26.7,26.2,26.3,25.5,26.8,27,27.6,26.9,27.6,26.6,26.9,26.4,26.9,26.7,27.5,26.9,27.4,26.4,26.4,27.1,26.8,26.6,27,27.2,26.4,26.6,26.8,26.8,27.2,27.3,26.3,26.6,26.9,26.9,26.8,79,78,84,80,82,80,85,76,80,80,82,78,85,84,83,86,81,82,85,80,81,78,85,83,79,79,82,88,82,83,86,79,83,81,81,80,77,84,82,79,0,0,0,0,0,0,0,0,0,0,0,0,0,0,0,0,0,0,0,0,0,0,0,0,0,0,0,2.1,0,0,0,0.3,0,0,0,0,0,0,0,0,3.8,6.9,4,3.8,2.6,9,4.1,5.1,3.3,7.4,9.7,6.5,3.6,9.1,3.4,5.4,5.3,7.2,6.5,7.3,4.9,6.9,4.8,3.4,3.6,5.4,5.7,7.6,4.3,3.9,5.5,4.4,5.1,7.8,5.8,5.8,7.4,4.4,4.4,4.8,,,,,,,,,,,,,,,,,,,,,,,,,,,,,,,,,,,,,,,,,26.5,26.6,26.3,26.7,26.4,26.7,26.3,26.4,26.7,26.5,26.5,26.2,26.6,26.3,26.5,26.5,26.6,26.4,26.4,26.3,26.2,26.2,26.3,26.5,26.4,26.4,26.3,26.4,26.3,26.4,26.4,81,81,81,83,80,82,79,78,82,83,83,77,81,80,82,81,82,80,79,79,77,79,81,80,78,79,79,83,84,81,81,0,0.1,0,0,0,0.5,0,0,0,0.2,0,0,0,0,0,0,0.4,0,0,0,0,0,0.1,0,0,0,0,0.1,0,0,0.1,23.2,24,16.5,21,21.1,22.6,25.7,28.3,21.5,20.1,23.1,25.6,26.6,27.8,19.8,21.6,22.3,22.3,22.5,28.7,20.9,20,20.2,27,26.5,26,25,20.5,18.4,24.4,20.3,28.8,28.8,19.8,26.3,25.6,28.1,31.7,34.2,26.6,24.1,28.1,32,32,35.6,24.1,25.9,27.4,27,26.6,36.7,25.9,24.1,23.8,33.1,32.4,32,31,24.5,21.2,29.2,24.1,,,,,,22.2204,114.2127
2026-09-23T07:00,26.9,27.4,26.2,27,25.4,26.8,26.3,26.4,25.6,26.9,27,27.7,27.1,27.6,26.8,27.1,26.6,27.1,26.9,27.6,27,27.4,26.5,26.5,27.4,26.9,26.7,27,27.3,26.6,26.7,26.8,27,27.2,27.4,26.5,26.6,26.9,26.9,26.9,79,78,82,80,81,80,85,76,81,79,82,78,84,83,83,86,80,80,84,81,82,79,86,84,79,79,81,88,83,84,84,80,82,80,81,79,77,84,82,81,0,0,0,0,0,0,0,0,0,0,0,0,0,0,0,0,0,0,0,0,0,0,0,0,0,0,0,3.9,0,0,0,1.2,0,0,0,0,0,0,0,0,3.3,6.9,4.3,4,3.2,9.5,4.8,5.2,3.3,7.3,9.8,5.4,3.7,10.5,2.9,7.4,5.6,8,6.5,7.7,4.9,6.2,4.4,3.7,3.3,5.1,6.6,7.9,4.3,3.7,6,4,5.4,7.8,6.6,6.5,7.4,5.2,3.9,4.2,,,,,,,,,,,,,,,,,,,,,,,,,,,,,,,,,,,,,,,,,26.6,26.7,26.4,26.8,26.4,26.8,26.4,26.4,26.8,26.5,26.5,26.3,26.8,26.4,26.5,26.6,26.7,26.6,26.5,26.5,26.3,26.3,26.3,26.5,26.5,26.5,26.5,26.6,26.4,26.5,26.5,80,80,81,82,80,82,79,78,81,83,83,78,80,80,82,81,82,79,79,78,78,79,80,79,77,78,79,81,82,81,80,0,0.1,0,0,0,0.5,0,0,0,0.2,0,0,0,0,0,0,0.4,0,0,0,0,0,0.1,0,0,0,0,0.1,0,0,0.1,23.7,25.4,17.7,21.2,21.4,22,26.8,29.2,21.8,20.5,23.9,27.7,27.2,29,21.5,22.5,23.3,22.5,23,29.2,20.6,20.4,20.7,27.7,27.1,26,24.9,20.2,19.6,25.3,19.7,29.2,30.2,20.9,26.6,25.6,27.7,33.1,34.9,27.7,24.8,28.8,33.1,32.8,36.7,25.9,27.4,28.4,27.4,27.4,37.1,24.5,24.8,24.5,33.5,33.1,32.4,31,24.5,22.7,29.9,23.8,,,,,,22.2204,114.2127
2026-09-23T08:00,27.2,27.8,27,27.7,26.1,27.1,27.1,27,26.3,27.5,27.3,28.4,27.6,27.6,27.6,27.7,27.2,27.8,27.5,27.9,27.6,27.9,27.4,27.3,28.1,27.6,27.5,27.4,28,27.4,27.3,27.1,27.6,27.6,27.7,27,27.3,27.3,27.3,27.8,78,77,75,77,78,79,81,73,79,77,81,76,81,83,77,82,76,75,81,79,79,77,81,80,79,76,77,87,76,78,80,80,79,79,80,77,72,82,80,76,0,0,0,0,0,0,0,0,0,0,0,0,0,0,0,0,0,0,0,0.4,0,0,0,0,0,0,0,0.5,0,0,0,0.9,0,0,0,0,0,0,0,0,4,7.2,5.8,4.3,3.5,10.5,5.9,5.5,3.1,8.6,9.8,6.6,4.4,12.3,3.5,9.9,6.9,9.3,7.3,9.6,6.8,7.7,4.4,4.7,4,6.9,8.5,9,5.6,4,7.3,4,7.6,9.5,8.2,7.2,8.4,6,4,4.8,,,,,,,,,,,,,,,,,,,,,,,,,,,,,,,,,,,,,,,,,26.8,26.8,26.6,27,26.6,26.9,26.5,26.5,27,26.6,26.6,26.4,26.9,26.5,26.7,26.8,26.8,26.8,26.6,26.7,26.4,26.4,26.4,26.7,26.7,26.6,26.6,26.9,26.5,26.6,26.6,79,79,81,81,79,81,79,77,80,82,82,78,79,79,81,80,82,78,78,78,78,79,80,78,77,78,78,79,81,81,80,0,0.1,0,0,0,0.5,0,0,0,0.2,0,0,0,0,0,0,0.4,0,0,0,0,0,0.1,0,0,0,0,0.1,0,0,0.1,24.1,26.5,18.6,21.7,22,22.2,27.7,30,22.2,21.3,24.7,28.9,27.7,30.1,23,23.3,24.3,22.6,23.6,29.6,20.3,21.2,21.1,28,27.5,25.7,24.9,20.2,20.8,25.7,19.4,29.5,31,22,26.6,25.9,27.4,33.8,35.6,28.4,25.6,29.5,34.2,33.1,37.1,27.4,28.1,29.2,27.4,27.7,37.1,23.8,25.6,24.8,33.8,33.1,32,30.2,24.5,23.8,29.9,23.4,,,,,,22.2204,114.2127
2026-09-23T09:00,28,28.2,27.7,28.4,27.1,27.6,27.8,27.6,27.5,28.2,27.8,29,28,28.2,28.5,28.1,28,28.4,28,27.7,28,28.6,28.2,28.1,28.9,28.3,28.3,28,28.6,28.3,28,27.7,28.2,28.1,28.2,27.5,28,27.8,27.8,28.7,74,75,72,72,72,75,77,71,71,73,78,73,78,80,73,79,72,73,78,81,77,72,76,74,72,73,72,84,72,73,77,77,75,75,77,74,67,78,77,71,0,0,0,0,0,0,0,0,0,0,0,0,0,0,0,0,0,0,0,1.2,0,0,0,0,0,0,0,0,0,0,0,0,0,0,0,0,0,0,0,0,6.2,9.7,9.7,7.6,8.5,13,8.7,7,4.4,11.8,11.7,10.7,7.2,13.4,5.2,13.4,9.8,11.8,8.5,12.2,9.8,11.3,6.1,8.3,9.4,10.7,11.4,12.1,10.6,7.1,10.5,5.4,10.9,11.8,10.9,9.8,10.8,8.8,6,8.1,,,,,,,,,,,,,,,,,,,,,,,,,,,,,,,,,,,,,,,,,27.1,27,26.9,27.2,26.8,27.2,26.8,26.6,27.3,26.9,26.8,26.5,27.1,26.6,26.9,27.1,27,27.1,26.8,26.9,26.6,26.5,26.5,26.9,26.9,26.8,26.9,27.2,26.8,26.8,26.8,78,77,80,80,78,80,78,77,79,80,81,78,78,78,80,79,81,77,78,77,78,79,79,77,76,77,77,78,79,80,80,0,0,0.2,0.1,0,0,0,0,0.1,0,0,0,0,0,0,0,0,0,0,0,0,0.1,0.1,0,0,0,0,0,0,0,0.1,24.4,27.2,19.5,21.7,22.1,23,27.8,30.2,22.6,22,25.5,29.7,27.7,30.9,23.2,23.6,24.3,22.1,24.4,30,20.8,22.7,21.6,28,27.5,25.1,24.5,20.2,21.3,25.4,19.8,29.2,31.7,22.7,26.3,25.9,28.1,33.5,35.6,28.1,25.9,30.2,34.6,32.8,37.1,27.7,28.1,28.4,26.6,28.4,36.4,23.8,27,25.6,33.1,32.8,31,29.5,24.1,24.5,29.5,23.4,,,,,,22.2204,114.2127
2026-09-23T10:00,28.5,28.6,28.2,28.8,28,28.2,28.4,28.2,28.4,28.5,28.5,29.5,28.4,28.6,29.4,28.7,28.6,28.9,28.6,27.5,28.3,29.2,29.1,28.9,29,28.7,29,28.7,28.9,29.2,28.6,28.7,28.7,28.7,28.7,27.8,28.6,28.5,28.8,29.3,72,73,70,71,70,72,73,69,65,73,73,71,76,78,68,76,71,70,75,83,75,69,71,69,72,71,69,80,71,69,75,72,72,71,73,72,66,75,73,68,0,0,0,0,0,0,0,0,0,0,0,0,0,0.5,0,0,0,0,0,1.3,0.1,0,0,0,0,0,0,0,0,0,0,0,0,0,0,0,0,0,0,0,7.9,11.4,10.8,8.3,10.6,14.8,10.7,10.5,7.3,13.5,13.5,12.4,8.3,13.7,9.6,14.2,10.4,13.4,9.5,11.6,9.9,12.7,9.9,12.4,11.7,10.9,12.8,14.2,11.7,10.2,10.8,8.4,12,13.1,11.5,10.4,12.5,9.4,9.7,9.8,,,,,,,,,,,,,,,,,,,,,,,,,,,,,,,,,,,,,,,,,27.4,27.3,27.3,27.6,27,27.5,27,26.7,27.5,27.2,27,26.6,27.4,26.8,27.3,27.4,27.3,27.4,27.1,27.2,26.9,26.7,26.7,27.1,27.1,27.1,27.2,27.5,27.1,27.1,26.9,77,75,78,79,77,79,76,76,78,79,79,77,77,77,78,77,79,76,77,77,77,78,79,75,75,77,75,77,77,78,79,0,0,0.2,0.1,0,0,0,0,0.1,0,0,0,0,0,0,0,0,0,0,0,0,0.1,0.1,0,0,0,0,0,0,0,0.1,24.7,27.9,19.9,21.7,22.5,24.1,27.3,29.9,22.5,22.4,25.9,30.3,27.2,31.7,23.5,23.7,24.1,21.3,25.3,30,21.3,25,22.4,27.9,26.7,24.7,23.8,20.2,21.7,25.1,20.3,28.8,32,23,25.6,26.3,29.2,32.4,35.6,27.4,25.9,31,34.9,31.7,37.1,27.4,28.1,27.4,25.2,29.5,35.3,23.8,28.8,26.3,32.4,31.7,29.5,28.4,23.4,24.8,28.8,23.8,,,,,,22.2204,114.2127
2026-09-23T11:00,29.2,28.6,28.9,29.2,28.9,28.9,29.1,28.7,29.4,28.6,29,30,28.9,29.3,30.1,29.2,29.3,29.4,29.2,28.1,28.9,29,29.9,29.4,29.3,29.3,29.6,29.5,29.5,30.1,29.1,29.7,29.2,29.6,29.4,28.4,29.2,29.4,29.5,29.7,70,73,67,69,66,69,71,67,61,73,70,69,74,75,64,74,67,67,71,80,72,72,67,67,70,69,67,75,69,65,73,67,69,67,67,70,65,71,69,66,0,0,0,0,0,0,0,0,0,0,0,0,0,0.1,0,0,0,0,0,0,0.1,0.5,0,0,0,0,0,0,0,0,0,0,0,0,0,0,0,0,0,0,8.7,12.8,10.8,9,12.3,15.8,12,13,9.1,13.8,14.2,12.8,9,13.4,12.1,14.1,12.3,14.1,9.7,12.1,9.5,12.3,12.5,13.7,11.7,11.9,13.4,14.7,13,11.7,11.4,10.3,12.3,13.8,12.4,10.5,12.9,10.7,11.3,10.8,,,,,,,,,,,,,,,,,,,,,,,,,,,,,,,,,,,,,,,,,27.6,27.5,27.6,27.8,27.3,27.8,27.2,26.8,27.7,27.5,27.2,26.7,27.6,27,27.5,27.7,27.5,27.7,27.3,27.4,27.1,26.8,26.8,27.3,27.3,27.2,27.4,27.7,27.4,27.3,27.1,76,74,77,78,76,78,75,76,77,77,78,76,76,76,77,76,77,75,77,76,76,78,78,74,74,76,74,76,76,77,79,0,0,0.2,0.1,0,0,0,0,0.1,0,0,0,0,0,0,0,0,0,0,0,0,0.1,0.1,0,0,0,0,0,0,0,0.1,24.6,28.3,20.2,21.5,22.3,24.7,27.4,29.6,22.6,22.7,26.5,30.1,26.6,32,23.4,24,23.6,21,26,29.8,22.1,26.1,22.6,27.7,26.2,24.5,23.5,20.1,21.6,24.7,21,28.4,32.4,23.4,24.8,26.3,29.9,32,34.9,26.6,25.6,31.3,34.6,31,36.7,27.4,27.7,26.3,24.5,29.9,34.2,24.1,29.5,26.6,31.7,30.6,28.4,27.4,23,24.8,28.1,24.1,,,,,,22.2204,114.2127
2026-09-23T12:00,29.6,28.8,29.5,29.8,29.6,29.5,29.3,29.3,30.2,29,29.4,30.4,29.6,29.7,30.4,29.2,29.8,29.7,30,28.6,29.8,29.1,30.4,29.9,29.5,29.7,29.9,30.1,29.9,30.6,29.7,30.4,29.7,30.2,30,28.7,29.9,29.9,30,30.2,68,72,65,67,65,67,70,65,59,71,67,67,70,74,63,74,66,67,68,77,68,73,64,66,69,66,67,68,68,61,70,64,67,64,64,68,64,67,67,64,0,0,0,0,0,0,0,0,0,0,0,0,0,0.5,0,0.6,0,0,0,0,0,0.9,0,0,0,0,0,0,0,0,0,0,0,0,0,0,0,0,0,0,8.4,12.4,10.5,9.7,12.2,16.2,12.2,14.1,9,14.6,13.4,12.7,9.5,12.7,13.4,13,13.3,13.8,9.7,13.4,10.4,10.9,13.7,13.7,10.6,12.6,14.1,15,13.3,12.2,11.5,10.5,12.6,14.3,12.6,10.2,13.8,11.6,11.9,11.6,,,,,,,,,,,,,,,,,,,,,,,,,,,,,,,,,,,,,,,,,27.7,27.6,27.7,27.8,27.5,27.9,27.3,26.9,27.8,27.6,27.4,26.7,27.6,27,27.7,27.8,27.6,27.8,27.4,27.5,27.2,26.9,27,27.4,27.4,27.3,27.5,27.8,27.5,27.4,27.2,75,73,77,78,75,77,74,75,77,76,77,75,75,75,76,75,76,75,76,75,75,78,77,73,74,75,74,75,75,76,78,0,0,0,0.1,0,0,0,0,0,0,0,0,0,0,0,0,0,0,0,0,0,0,0,0,0,0,0,0,0,0,0,24.4,28.3,20.2,21.4,22.2,24.7,28.1,28.9,22.7,22.2,27,29.3,26,31.8,23.8,24.3,23.4,21.5,25.5,29.1,22.3,25.5,22.7,27.5,25.6,24.1,23.5,20.3,21.3,24.4,21.7,28.4,32.8,23.4,24.5,25.9,29.9,32.8,33.5,27,24.8,31.7,33.8,30.2,36,27.7,27.7,25.9,24.1,29.2,33.1,24.5,28.8,26.6,31.7,29.5,27.7,26.6,23,23.8,27.7,24.8,,,,,,22.2204,114.2127
2026-09-23T13:00,29.6,29,30,30.1,29.9,29.3,29.4,29.5,30.6,29.1,29.7,30.7,30.1,29.7,30.7,29,29.9,29.7,30.5,28.8,30.2,29.2,30.7,30.2,29.7,30,30.1,30.5,30.1,30.7,30.1,30.4,30.2,30.4,30.3,28.8,30.4,30.2,30.2,30.5,68,71,63,66,63,68,70,64,58,71,65,67,67,73,61,75,66,67,66,75,67,72,63,65,68,65,67,65,67,61,68,63,64,63,63,67,62,66,67,63,0,0,0,0,0,0,0,0,0,0,0,0,0,0.9,0,0.9,0,0.4,0,0.1,0.1,1.3,0,0,0,0,0,0,0,0,0.1,0,0,0,0,0,0,0,0,0,8.7,11.6,10.5,9.5,12.6,15.1,12.6,15.2,9.6,13.4,13,12.3,9.5,11.5,13.7,11.9,14.2,13.8,9.4,13,10.2,10.5,14.1,14.1,10.5,13.1,14.8,14.8,13.1,13.3,11.9,10.7,12.6,14.1,12.6,9.4,14.4,11.9,12.6,12.6,,,,,,,,,,,,,,,,,,,,,,,,,,,,,,,,,,,,,,,,,27.7,27.7,27.8,27.8,27.6,27.9,27.3,26.9,27.8,27.6,27.5,26.8,27.6,27,27.8,27.7,27.6,27.7,27.5,27.5,27.4,26.9,27.2,27.4,27.4,27.3,27.5,27.8,27.5,27.4,27.4,75,73,77,78,74,76,74,75,77,76,77,75,75,75,75,75,76,76,75,75,74,77,76,72,74,75,74,75,75,76,78,0,0,0,0.1,0,0,0,0,0,0,0,0,0,0,0,0,0,0,0,0,0,0,0,0,0,0,0,0,0,0,0,24.3,28.4,20.2,20.9,22,24.5,29.6,27.8,22.9,21.3,27.1,28.6,25.4,31.2,23.8,24.2,23.3,22,24.7,27.7,22.5,24.2,23.2,26.9,25.1,24,23.8,20.9,20.5,24.2,23,28.1,32.8,23.4,24.5,25.2,29.5,34.6,32,27.4,24.1,32,33.1,29.9,35.3,28.1,27.4,26.3,24.1,28.1,31.7,24.8,27.4,26.3,31.7,28.4,27.4,26.3,23,22,27.7,25.9,,,,,,22.2204,114.2127
2026-09-23T14:00,29.5,29.3,29.9,30.2,29.6,29.3,29.6,29.5,30.4,29.1,29.7,30.6,30.1,30,30.7,29.3,29.7,29.2,30.9,29.2,30.1,29.1,30.6,30.1,29.9,29.9,30,30.6,30.1,30.5,30.1,30.5,30.2,30.2,30.3,28.9,30.5,30.2,30.3,30.2,68,70,63,67,65,68,70,64,60,71,65,68,67,70,62,74,67,71,63,74,67,72,64,66,67,65,67,65,67,63,68,63,65,63,62,65,61,66,66,65,0,0,0,0.1,0,0,0,0,0,0,0,0,0,0.2,0,0.2,0,0.5,0,0,0.1,1.8,0,0,0,0,0,0,0,0,0.1,0,0,0,0,0,0,0,0,0,8.6,11.6,10.5,10,12.8,14.4,12.7,15.6,10.8,13.3,12.6,12.3,9.5,11.5,14.3,11.6,14.5,13.7,9.4,12,10,10.4,14.8,14.3,11.5,13.3,15.3,15.2,13.5,13.7,12.3,10.1,13,14.1,13,8.4,14.1,12.6,13.1,12.8,,,,,,,,,,,,,,,,,,,,,,,,,,,,,,,,,,,,,,,,,27.7,27.7,27.9,27.8,27.7,27.8,27.2,27,27.7,27.6,27.5,26.8,27.6,26.9,27.8,27.7,27.6,27.7,27.5,27.5,27.4,26.9,27.3,27.4,27.4,27.3,27.4,27.7,27.5,27.4,27.5,75,73,77,78,74,75,74,74,77,76,76,74,75,75,75,75,75,76,75,75,74,77,75,71,74,74,74,75,75,75,77,0,0,0,0.1,0,0,0,0,0,0,0,0,0,0,0,0,0,0,0,0,0,0,0,0,0,0,0,0,0,0,0,24.2,28.3,20.5,20.9,22.1,24.5,30.8,26.7,23.1,20.9,27.3,27.7,24.5,30.7,23.4,24.2,22.8,22.7,23.9,26.8,22.8,23.4,22.7,26,24.2,23.8,23.8,20.9,19.8,24.1,23.9,28.1,32.8,23.4,24.5,25.2,29.2,35.6,30.6,27.7,23.4,32,32,29.2,34.2,28.1,27.4,25.9,24.1,27,30.6,25.2,26.3,25.6,31.3,27.7,27,25.9,23,20.9,27.7,26.3,,,,,,22.2204,114.2127
2026-09-23T15:00,29.6,29.4,29.5,30,29.2,29.1,29.6,29.2,29.7,29,29.5,30.4,30,30.2,30.2,29.1,29.4,29.2,30.8,29.1,29.9,28.9,30.2,29.9,30,29.7,29.7,30.4,30.1,30,29.9,30.6,29.8,29.9,30,28.7,30.4,29.7,30,30,68,69,65,67,67,69,71,65,64,70,67,70,68,68,65,75,69,72,63,74,68,73,65,67,65,66,68,66,67,66,67,64,67,65,64,66,62,68,67,67,0,0,0,0.1,0,0,0,0,0,0,0,0,0,0.2,0,0.9,0,0.4,0,0.3,0.2,1.7,0,0,0,0,0,0,0,0,0.1,0,0,0,0,0,0,0,0,0,8.5,11.6,10.5,9.8,12.6,14.6,12.9,15.7,11.1,13.1,13,12.8,9.5,11.9,15.1,11.1,13.6,13.3,9.9,12,9.7,9.7,14.7,14.3,11.9,13.2,15.2,15.8,13.6,14,11.9,9.7,13.5,14.1,13.5,8.5,14.6,14,13.5,12.4,,,,,,,,,,,,,,,,,,,,,,,,,,,,,,,,,,,,,,,,,27.5,27.6,27.8,27.8,27.6,27.7,27.1,26.9,27.7,27.6,27.4,26.7,27.6,26.8,27.7,27.5,27.5,27.6,27.4,27.4,27.2,26.8,27.3,27.4,27.3,27.3,27.2,27.7,27.3,27.4,27.5,75,74,77,78,74,75,74,74,77,76,76,74,75,75,75,75,74,76,75,75,74,77,74,71,74,74,74,75,76,74,76,0,0,0,0,0,0,0,0,0,0,0,0,0,0,0,0,0,0,0,0,0,0,0,0,0,0,0,0,0,0,0,23.8,28.1,20.5,20.5,22.3,23.8,31.5,25.8,22.7,20.5,27.2,26.6,23.4,29.9,22,24.2,21.7,22.3,23.1,25.6,22.8,23.8,21.2,24.9,23.4,23.4,23.8,19.8,19.8,24.1,23.2,27.7,32.8,24.1,24.1,25.9,28.8,36.4,29.9,27.4,23.4,32,31,28.1,33.1,26.6,27.7,25.2,24.1,26.3,29.2,25.9,26.6,23.8,29.9,27,27,25.9,22.3,21.2,28.4,25.9,,,,,,22.2204,114.2127
2026-09-23T16:00,29.5,29.3,29.1,29.5,28.5,28.8,29,28.8,28.9,28.9,29.1,29.8,29.8,30.1,29.3,29,29,28.8,30.4,28.6,29.3,28.8,29.7,29.3,29.8,29.3,29.2,29.9,29.8,29.2,29.6,30.4,29.3,29.3,29.3,28.6,29.8,28.9,29.5,29.5,69,69,68,69,71,70,74,66,69,71,69,72,69,68,70,74,71,73,66,76,70,73,68,70,65,68,71,68,69,70,69,64,70,67,67,67,66,72,69,69,0,0,0,0,0,0,0,0,0,0,0,0,0,0,0,0,0,0.8,0,0.7,0.1,1,0,0,0,0,0,0,0,0,0.1,0,0,0,0,0,0,0,0,0,8.7,11.2,10,9.5,12.4,14,13.2,16.3,10.6,12.8,13.5,13,9.5,12.3,15.8,11.3,13.4,13.4,10.5,11.6,10,9.7,14.7,14.7,11.8,13.5,14.7,15.5,14,14.3,11.9,10,13.6,13.8,13.4,8.3,14.4,14.6,13.1,12.1,,,,,,,,,,,,,,,,,,,,,,,,,,,,,,,,,,,,,,,,,27.4,27.4,27.7,27.7,27.5,27.6,26.8,26.9,27.7,27.5,27.2,26.6,27.5,26.6,27.6,27.4,27.4,27.5,27.2,27.3,27,26.7,27.2,27.3,27.2,27.1,26.9,27.6,27.1,27.3,27.4,75,75,77,78,75,75,74,74,77,75,75,74,76,75,75,75,73,75,76,76,74,76,74,71,74,73,74,75,76,73,75,0,0,0,0,0,0,0,0,0,0,0,0,0,0,0,0,0,0,0,0,0,0,0,0,0,0,0,0,0,0,0,23,27.7,20.5,20.2,22.7,23.1,31.8,25.3,22.3,20.2,27.1,25.2,22.1,28.8,20.2,24.2,20.2,21.2,22.7,24.1,22.8,24.1,18.7,23,22.3,23,23.5,18.4,19.8,24.1,21.3,27.4,32.8,24.8,23.4,27,28.4,36.7,29.2,26.6,23.4,32,29.9,26.3,32,24.8,28.1,24.1,24.1,25.9,28.1,26.6,28.1,21.6,27.7,26.6,27,26.3,21.2,22,29.2,24.8,,,,,,22.2204,114.2127
2026-09-23T17:00,29.2,29,28.4,29,27.6,28.4,28.1,28,28.2,28.6,28.6,29.2,29.3,29.9,28.5,28.8,28.4,28.9,29.3,28.2,28.7,28.8,28.6,28.6,29.4,29,28.4,29.3,29.4,28.4,29,29.6,28.8,28.7,28.5,28.2,28.8,28.3,29,28.8,70,70,71,72,74,73,78,71,73,72,72,74,71,69,74,76,75,72,72,78,73,72,75,74,68,69,74,71,69,72,72,69,73,71,70,70,73,71,72,72,0,0,0,0,0,0,0,0,0,0,0,0,0,0,0,0,0,0.1,0,1,0,0,0,0,0,0,0,0,0,0,0,0,0,0,0,0,0,0,0,0,9,10.4,9,9.7,12,13.1,12.8,15.6,9.4,12.2,13.1,12.8,10,12.3,15,11,13.2,13,10.8,10.5,9.4,9.7,14.2,14,10.9,12.8,13.9,14.2,12.6,13.6,11.5,10.6,12.9,13.2,13.2,8,14,13.9,13,12.1,,,,,,,,,,,,,,,,,,,,,,,,,,,,,,,,,,,,,,,,,27.2,27.2,27.6,27.7,27.4,27.5,26.6,26.8,27.6,27.4,27,26.5,27.4,26.5,27.5,27.2,27.3,27.4,27,27.2,26.8,26.6,27,27.2,27.1,27,26.7,27.5,26.9,27.2,27.3,75,77,77,78,76,76,74,74,77,75,75,74,77,75,75,76,72,75,76,77,75,76,74,72,74,73,74,75,77,73,75,0,0,0,0,0,0,0,0,0,0,0,0,0,0,0,0,0,0,0,0,0,0,0,0,0,0,0,0,0,0,0,22.7,27.5,20.5,20.2,22.8,22.3,31.8,24.5,22,20.2,26.7,24.2,21.3,27.7,18.8,23.8,19.1,20.9,22,23.4,22.4,24.5,16.9,21.6,21.6,22.7,23.1,17.1,19.8,24.1,20.2,27.4,32.4,25.2,23.8,27.7,28.4,37.1,28.8,26.3,23.8,32,28.8,25.2,30.6,23,28.1,23,24.5,25.6,27.4,26.6,28.8,19.4,25.9,26.3,27,26.6,20.2,22.7,29.9,24.5,,,,,,22.2204,114.2127
2026-09-23T18:00,28.6,28.4,27.7,28.3,26.8,27.7,27.4,27.1,27.6,28.2,27.9,28.5,28.6,29.1,27.9,28.3,27.6,28.3,28.3,27.9,28.3,28.5,27.6,27.7,28.7,27.9,27.7,28.6,28.8,27.7,28.4,28.5,28.2,28.1,27.9,27.6,27.8,27.8,28.1,27.8,73,74,75,76,77,77,78,75,76,75,75,78,75,75,75,78,78,76,79,80,76,74,77,79,73,76,76,75,71,72,76,76,77,74,72,74,77,71,77,78,0,0,0,0,0,0,0,0,0,0,0,0,0,0,0,0,0,0,0,0.5,0,0,0,0,0,0,0,0,0,0,0,0,0,0,0,0,0,0,0,0,8.4,8.7,7.6,9.2,10.6,11.5,9.4,15.2,6.4,11.3,10.5,12.2,9.7,11.9,10.5,10,11.3,12.1,8.6,10.2,8.7,9.5,11.6,11.8,11.1,10.5,11.1,13.4,7.9,8.9,10.5,10.2,11.6,11.3,10.3,6.8,11.1,12.3,12.4,11,,,,,,,,,,,,,,,,,,,,,,,,,,,,,,,,,,,,,,,,,27,27,27.4,27.5,27.1,27.4,26.5,26.6,27.5,27.2,26.8,26.4,27.2,26.3,27.3,27,27.1,27.2,26.8,27,26.7,26.4,26.9,27,26.9,26.9,26.5,27.4,26.7,27.1,27.1,76,78,78,79,78,77,74,75,79,76,75,74,78,75,76,77,72,75,76,78,76,76,75,73,75,73,75,76,77,74,75,0,0,0,0,0,0,0,0,0,0,0,0,0,0,0,0,0,0,0,0,0,0,0,0,0,0,0,0,0,0,0,22.7,26.8,20.2,20.9,22.5,22.3,31.4,24.1,22.7,20.2,26,23.1,20.6,26.3,17.7,23.4,18,21.2,21.6,23.4,21.3,24.5,15.9,20.6,21.3,22.6,22.8,15.8,19.8,24.1,19.8,27.7,32,25.2,25.6,27.4,28.8,37.4,28.4,27.4,24.5,31.7,28.1,24.5,29.2,22,27.7,22.3,25.9,25.6,27.7,25.6,28.8,18,24.8,25.9,27.4,26.6,19.1,23,29.9,24.8,,,,,,22.2204,114.2127
2026-09-23T19:00,28,27.7,27,27.7,26.4,27.2,26.9,26.7,27.1,27.8,27.5,28,28,28.4,27.4,27.9,27.1,27.9,27.7,27.5,27.9,27.9,27.2,27.2,27.9,27.4,27.3,28.2,28.2,27.2,27.8,27.9,27.6,27.7,27.5,27.1,27.3,27.3,27.6,27.2,77,78,79,79,78,79,78,75,79,78,75,80,79,80,76,82,79,79,82,83,79,78,77,81,78,77,76,77,75,73,80,79,80,76,74,78,79,74,78,81,0,0,0,0,0,0,0,0,0,0,0,0,0,0,0,0,0,0,0,0.1,0,0,0,0,0,0,0,0,0,0,0,0,0,0,0,0,0,0,0,0,6.1,6.2,6.1,6.3,6,9.4,7.6,9.2,4.7,9.7,8.1,10.9,8.7,11.3,9,9.1,9,10.8,7.2,7.3,7.2,8.5,9.4,8.5,9.1,7.6,9.6,11.4,6.6,8,9.1,6.6,8.8,8.3,8.4,5,8.6,10,9,7.6,,,,,,,,,,,,,,,,,,,,,,,,,,,,,,,,,,,,,,,,,26.8,26.9,27.3,27.3,26.8,27.2,26.5,26.4,27.2,27.1,26.7,26.4,27,26.2,27,26.8,27,27.1,26.7,26.7,26.5,26.3,26.7,26.9,26.6,26.7,26.4,27.1,26.6,26.9,26.9,77,80,79,81,79,79,74,76,81,77,76,73,79,76,78,79,73,76,77,79,76,77,77,73,77,73,75,77,77,75,76,0,0,0,0,0,0,0,0,0,0,0,0,0,0,0,0,0,0,0,0,0,0,0,0,0,0,0,0,0,0,0,22.7,25.7,19.8,22,22.2,22.3,31.1,23.4,23.8,20.2,25.3,22.1,19.9,24.9,17.1,22.7,17.3,21.6,20.9,24.1,19.8,23.8,14.8,19.5,21,22.5,22,14.9,19.5,23.8,19.5,28.1,31.7,24.8,28.1,26.6,28.8,37.8,28.4,29.2,25.6,31,27.4,23.8,27.7,20.9,27.4,22,27.7,25.6,28.4,23.4,28.8,16.9,24.5,25.6,28.1,26.6,18,23.8,29.9,25.2,,,,,,22.2204,114.2127
2026-09-23T20:00,27.5,27.4,26.6,27.4,26.2,27,26.6,26.5,26.8,27.6,27.3,27.9,27.7,28.1,27.1,27.6,26.9,27.6,27.4,27.4,27.6,27.7,27,27,27.6,27.2,27.1,28,27.9,26.9,27.5,27.6,27.4,27.5,27.3,26.7,27,27.1,27.4,27.1,80,80,82,80,77,79,78,76,82,79,76,78,81,81,79,83,78,80,85,84,80,80,79,82,78,78,75,79,78,74,83,81,81,78,75,81,81,77,77,80,0,0,0,0,0,0,0,0,0,0,0,0,0,0,0,0,0,0,0,0,0,0,0,0,0,0,0,0,0,0,0,0,0,0,0,0,0,0,0,0,4.7,5.8,6,4.5,5.2,9,6.3,8.6,4.1,9.5,7.6,7.4,6.5,10.7,8.3,9,7.9,9.3,6.3,6.5,6,7,8.9,7.9,7.7,7.1,10,10.2,6.7,7.6,7.2,5.6,7.1,7.3,8.3,4.6,8.1,9,7,6.1,,,,,,,,,,,,,,,,,,,,,,,,,,,,,,,,,,,,,,,,,26.7,26.7,27.1,27.1,26.6,27.1,26.4,26.3,27,27,26.6,26.4,26.8,26.1,26.8,26.7,26.9,26.9,26.7,26.6,26.4,26.2,26.5,26.8,26.5,26.6,26.3,27,26.6,26.7,26.8,78,81,80,82,81,81,74,77,83,78,76,73,80,76,79,81,75,77,77,80,77,77,78,74,78,74,76,78,77,76,77,0,0,0,0,0,0,0,0,0,0,0,0,0,0,0,0,0,0,0,0,0,0,0,0,0,0,0,0,0,0,0,22.3,24.5,19.8,22.7,21.6,22,30.4,23.1,24.2,20.5,24.5,21.4,19.1,23.8,16.3,22,16.6,22,20.5,24.5,18.4,23.4,14.4,18.8,20.8,22.4,21.6,14.2,19.1,23.8,19.5,28.1,31,24.8,29.9,25.9,28.8,38.2,28.4,29.9,26.6,30.6,26.6,23.4,26.6,19.8,27,21.2,28.8,25.6,29.2,21.6,28.4,16.6,24.1,25.2,28.4,26.6,17.6,23.8,29.9,25.6,,,,,,22.2204,114.2127
2026-09-23T21:00,27.3,27.1,26.4,27.2,25.9,26.8,26.3,26.3,26.5,27.4,27.1,27.7,27.5,27.9,26.9,27.4,26.7,27.5,27.2,27.4,27.4,27.5,26.8,26.8,27.4,27,26.8,28,27.8,26.7,27.3,27.3,27.2,27.4,27.1,26.4,26.8,27,27.2,27,81,80,83,81,78,79,79,78,84,80,78,79,80,82,80,84,78,81,86,84,80,81,80,84,79,80,77,80,80,76,84,82,82,79,77,82,82,79,78,80,0,0,0,0,0,0,0,0,0,0,0,0,0,0,0,0,0,0,0,0,0,0,0,0,0,0,0,0,0,0,0,0,0,0,0,0,0,0,0,0,4.2,6,5.5,4,4.7,8.6,5.4,7.6,3.6,9,7,6.8,6.3,10,7.4,8.3,7.3,8.8,5.7,6.5,5.9,6.6,8.8,7.3,7,6.6,9.2,9.8,6.3,7.2,6.2,5,7.1,7.3,7.8,4.2,7.4,8.4,6.4,5.5,,,,,,,,,,,,,,,,,,,,,,,,,,,,,,,,,,,,,,,,,26.6,26.6,27,27,26.5,27,26.4,26.2,26.9,26.9,26.6,26.3,26.8,26,26.7,26.6,26.8,26.9,26.7,26.5,26.4,26.1,26.5,26.7,26.5,26.5,26.4,26.9,26.6,26.6,26.7,79,82,81,82,82,82,74,77,84,79,76,73,80,75,80,82,78,78,77,81,77,77,79,75,78,76,76,80,77,77,78,0,0,0,0,0,0,0,0,0,0,0,0,0,0,0,0,0,0,0,0,0,0,0,0,0,0,0,0,0,0,0,22,23.8,19.8,22.7,20.7,21.2,30,22.7,23.4,21.2,23.8,21.1,18.4,23.4,15.2,21.6,15.9,22,20.2,23.8,17.1,22.7,14.4,18.4,20.9,22.5,21.3,14.3,18.7,24.1,19.5,27.7,29.9,24.8,30.6,25.2,27.7,38.2,28.1,28.8,27.7,30.2,26.3,23,26.6,18,26.6,20.5,28.4,25.6,29.2,19.8,28.4,16.9,24.1,25.6,28.4,26.6,18.4,23.4,29.9,25.2,,,,,,22.2204,114.2127
2026-09-23T22:00,27.1,27,26.2,27.1,25.7,26.8,26.2,26.2,26.4,27.3,26.9,27.7,27.5,27.8,26.8,27.3,26.6,27.4,27.1,27.4,27.3,27.4,26.8,26.7,27.4,26.9,26.7,28,27.7,26.6,27.2,27.2,27.1,27.4,27.1,26.2,26.6,26.9,27.2,27.1,82,80,82,82,80,79,81,80,85,81,81,79,78,82,81,85,78,81,86,84,80,82,82,85,78,80,80,80,81,78,85,82,82,80,80,83,83,81,78,80,0,0,0,0,0,0,0,0,0,0,0,0,0,0,0,0,0,0,0,0,0,0,0,0,0,0,0,0,0,0,0,0,0,0,0,0,0,0,0,0,3.9,6.8,5.2,4.3,4.3,8.6,5,7.4,4,8.7,7.1,6.6,6.6,9.3,7.3,7.9,7.3,8.4,5.6,6.8,6.1,6.3,9.2,7.3,6.7,6.9,8.9,10,6.6,7.4,5.4,5.2,7.6,7.7,7.8,3.9,7.6,8.3,6.6,5.6,,,,,,,,,,,,,,,,,,,,,,,,,,,,,,,,,,,,,,,,,26.6,26.6,26.9,26.9,26.5,26.9,26.4,26.3,26.7,26.8,26.7,26.2,26.8,26,26.6,26.5,26.7,26.8,26.7,26.5,26.4,26.1,26.4,26.6,26.5,26.5,26.4,26.8,26.6,26.5,26.6,79,82,82,81,83,83,74,76,85,79,77,74,79,75,80,83,81,79,77,81,78,78,79,77,77,78,76,82,78,78,80,0,0,0,0,0,0,0,0,0,0,0,0,0,0,0,0,0,0,0,0,0,0,0,0,0,0,0,0,0,0,0,21.2,23.1,20.2,22.7,19.9,20.2,29.3,22.4,22.7,22,23.1,21,17.6,23.8,13.7,21.2,15.5,21.6,19.8,23.1,15.7,22.4,15.2,18.4,20.7,22.5,21.2,15.1,18.4,24.5,19.5,26.6,29.2,25.2,30.2,24.1,25.9,37.8,27.4,26.6,28.4,30.2,25.9,23,27,16.2,25.9,19.4,27.4,25.6,28.8,18.4,28.4,17.6,24.1,25.9,28.4,26.3,19.4,22.7,30.2,24.8,,,,,,22.2204,114.2127
2026-09-23T23:00,27,26.9,26.1,27.1,25.5,26.7,26,26.1,26.2,27.1,26.8,27.6,27.4,27.8,26.8,27.2,26.5,27.3,27,27.4,27.2,27.3,26.8,26.6,27.4,26.8,26.6,28,27.7,26.6,27.1,27.1,27,27.3,27,26,26.5,26.9,27.1,27.1,82,79,82,83,81,79,82,81,86,82,83,79,77,82,82,85,78,81,85,84,80,82,83,86,78,81,82,81,82,80,85,82,82,80,82,83,84,83,79,80,0,0,0,0,0,0,0,0,0,0,0,0,0,0,0,0,0,0,0,0,0,0,0,0,0,0,0,0,0,0,0,0,0,0,0,0,0,0,0,0,3.9,7.3,4.8,4.7,4.3,8.5,4.9,7.3,4,8.5,7.3,6.6,6.6,8.5,6.9,7.1,7.2,8.4,5.5,7.2,6.5,5.8,9.2,7.2,6.5,6.8,8.8,10,7,7.4,5.1,5.2,8.1,8,7.7,3.8,7.6,8.2,6.9,5.9,,,,,,,,,,,,,,,,,,,,,,,,,,,,,,,,,,,,,,,,,26.6,26.5,26.8,26.9,26.5,26.8,26.4,26.3,26.6,26.7,26.7,26.2,26.8,25.9,26.6,26.5,26.6,26.8,26.7,26.5,26.4,26.1,26.4,26.6,26.5,26.4,26.5,26.8,26.6,26.4,26.5,79,82,83,81,83,83,74,75,85,80,77,74,79,74,81,83,83,80,77,81,78,78,80,78,77,79,76,83,78,78,81,0,0,0,0,0,0,0,0,0,0,0,0,0,0,0,0,0,0,0,0,0,0,0,0,0,0,0,0,0,0,0,20.5,22.7,20.6,22.7,18.7,19.4,28.6,22,21.6,22.4,22.4,21,17.2,24.1,12.6,20.9,15.1,21.2,19.5,22.4,14.3,21.7,15.3,18.4,20.7,22.7,20.9,15.9,18.1,24.5,19.1,25.9,28.1,25.6,30.2,23,24.8,37.1,27,25.2,28.8,29.9,25.9,23,27.7,14.8,25.6,18.7,26.6,25.2,28.4,16.9,28.1,18,23.8,25.9,28.1,25.9,20.2,22,30.2,24.1,,,,,,22.2204,114.2127
2026-09-24T00:00,26.9,26.7,25.9,27,25.3,26.6,25.9,26,26.1,27,26.7,27.6,27.3,27.7,26.7,27,26.4,27.2,26.9,27.3,27.1,27.3,26.7,26.4,27.3,26.7,26.5,27.9,27.6,26.5,26.9,26.9,26.9,27.3,26.9,25.8,26.4,26.8,27,27.1,83,80,83,83,82,80,83,81,86,83,84,79,77,83,83,86,78,81,84,85,80,81,84,87,79,81,82,82,82,81,85,83,83,80,83,83,85,84,80,81,0,0,0,0,0,0,0,0,0,0,0,0,0,0,0,0.1,0,0,0,0,0,0,0,0,0,0,0,0.1,0,0,0,0,0,0,0,0,0,0,0,0,3.8,6.6,4.4,4.6,4.3,8.4,4.9,7.2,3.6,8,7.2,6.2,6,8.4,6.6,6.5,6.9,8.3,5.4,7.2,6.2,5.7,8.4,6.4,6.5,6.5,8.7,9.9,6.6,7.3,5.1,5.1,7.8,8,7.3,3.3,7.6,7.8,6.8,5.5,,,,,,,,,,,,,,,,,,,,,,,,,,,,,,,,,,,,,,,,,26.5,26.4,26.7,26.8,26.4,26.8,26.3,26.2,26.4,26.6,26.6,26.1,26.7,25.9,26.5,26.4,26.5,26.6,26.6,26.5,26.3,26.1,26.3,26.4,26.5,26.5,26.4,26.7,26.5,26.3,26.4,79,82,84,81,83,83,75,75,85,80,78,75,80,74,81,83,84,81,78,81,78,78,80,80,78,79,77,84,79,78,82,0,0,0,0,0,0,0,0,0,0,0,0,0,0,0,0,0,0,0,0,0,0,0,0,0,0,0,0,0,0,0,19.8,22.3,21.1,22.7,17.3,19.1,27.5,21.6,20.9,22,22,20.9,17.4,24.5,11.9,20.5,14.8,21.3,18.4,22,13.6,21.1,14.7,18.1,20,22.3,20.2,15.5,17.3,24.5,18.7,25.2,27.4,26.3,30.2,20.9,24.1,35.6,27,24.5,28.4,29.2,25.9,23,28.8,14,24.8,18.4,27,24.1,28.4,15.8,27.4,17.3,22.7,25.2,27.7,25.2,19.4,20.9,29.9,23,,,,,,22.2204,114.2127
2026-09-24T01:00,26.7,26.6,25.8,26.9,25.2,26.5,25.8,25.9,26,26.9,26.7,27.5,27.2,27.6,26.6,26.9,26.3,27.1,26.8,27.2,27,27.2,26.6,26.3,27.1,26.6,26.5,27.7,27.5,26.3,26.8,26.8,26.8,27.2,26.8,25.8,26.3,26.6,26.9,27,84,80,83,84,84,81,84,80,85,83,84,80,78,84,83,86,79,81,82,85,81,81,84,87,80,82,82,84,82,81,86,83,84,81,84,83,87,84,80,82,0,0,0,0,0,0,0,0,0,0,0,0,0,0,0,0.1,0,0,0,0,0,0,0,0,0,0,0,0.1,0,0,0,0,0,0,0,0,0,0,0,0,3.6,6.1,3.6,4.4,4.3,8,5.2,7.6,3.3,7.6,6.8,5.8,4.7,8.3,5.8,5.9,6.5,8.3,5.4,6.9,5.5,5.5,7.6,5.6,6.1,6.5,8.4,10.2,6.2,7,5.4,4.7,7.2,8.3,6.8,2.9,7.2,7.3,6.8,5.2,,,,,,,,,,,,,,,,,,,,,,,,,,,,,,,,,,,,,,,,,26.4,26.4,26.6,26.7,26.3,26.8,26.2,26.2,26.3,26.5,26.5,26,26.7,25.9,26.4,26.3,26.4,26.5,26.4,26.4,26.2,26,26.2,26.3,26.4,26.5,26.3,26.6,26.3,26.2,26.3,78,81,84,81,83,83,75,76,85,81,78,75,81,74,82,82,84,81,78,81,79,78,81,82,81,79,77,84,79,78,83,0,0,0,0,0,0,0,0,0,0,0,0,0,0,0,0,0,0,0,0,0,0,0,0,0,0,0,0,0,0,0,19.1,22,21.7,22.7,15.7,18.9,26.2,21.6,20.5,20.9,21.6,20.5,18.1,24.8,11.5,20.2,14.6,21.3,17.3,22,12.8,20.7,13.4,17.7,19.4,22.1,19.9,14.8,16.2,24.1,18,24.5,26.6,27,29.9,18.4,23.8,33.5,27,24.5,27.4,28.1,25.9,23,29.9,13.7,24.5,18,27.7,22.3,28.4,15.1,26.6,16.2,21.2,23.8,27.7,24.1,17.6,19.8,29.2,21.6,,,,,,22.2204,114.2127
2026-09-24T02:00,26.6,26.6,25.6,26.8,25,26.4,25.8,25.8,25.9,26.8,26.6,27.5,27.1,27.4,26.5,26.7,26.1,27,26.8,27.1,27,27.1,26.5,26.2,27,26.5,26.4,27.5,27.4,26.2,26.7,26.7,26.7,27.1,26.7,25.7,26.2,26.5,26.8,26.9,84,81,84,84,85,82,84,80,85,83,84,80,79,85,84,87,80,81,81,86,81,80,84,87,81,82,82,85,82,82,86,84,84,81,84,83,88,84,81,83,0,0,0,0,0,0,0,0,0,0,0,0,0,0,0,0.1,0,0,0,0,0,0,0,0,0,0,0,0.1,0,0,0,0,0,0,0,0,0,0,0,0,3.6,5.9,3.2,4.3,4.4,7.9,5.5,7.6,2.9,7.2,6.8,5.4,4.3,8.6,5.4,6.1,6.1,8.3,5.4,6.6,4.9,5.4,6.9,4.8,6.2,6.1,8,10.1,5.8,6.6,5.8,4.3,6.9,8.4,6.5,2.5,7.2,6.9,6.8,4.8,,,,,,,,,,,,,,,,,,,,,,,,,,,,,,,,,,,,,,,,,26.4,26.3,26.5,26.7,26.2,26.7,26.1,26.1,26.2,26.4,26.4,25.9,26.6,25.9,26.4,26.2,26.4,26.4,26.3,26.4,26.1,26,26.2,26.2,26.3,26.6,26.2,26.5,26.1,26.1,26.2,78,81,84,81,82,83,76,77,85,81,79,76,82,74,82,81,84,81,79,81,79,78,81,83,82,79,78,84,80,78,83,0,0,0,0,0,0,0,0,0,0,0,0,0,0,0,0,0,0,0,0,0,0,0,0,0,0,0,0,0,0,0,19.1,22.1,22.5,23.1,14.8,19.6,25.3,21.6,20.6,20.5,22,20.5,19.1,25.2,11.5,20.2,14.8,21.3,16.6,22.4,12.4,20.3,12.4,17.3,19.9,22.3,19.2,13.7,15.8,23.8,17.7,24.5,26.6,27.7,29.9,16.9,24.5,32,27.4,24.8,27,27.7,25.6,24.1,30.6,13.7,24.5,18,28.1,21.2,28.8,14.4,25.9,15.1,20.2,23.8,27.7,23,16.2,19.1,28.8,20.9,,,,,,22.2204,114.2127
2026-09-24T03:00,26.5,26.6,25.5,26.7,24.8,26.3,25.7,25.7,25.7,26.7,26.5,27.4,27,27.2,26.4,26.5,25.9,26.8,26.7,26.9,26.8,27,26.4,26,26.9,26.4,26.3,27.3,27.3,26,26.6,26.6,26.6,27,26.6,25.7,26.1,26.4,26.7,26.7,84,81,85,85,86,83,84,80,86,83,85,80,80,86,85,88,81,82,81,87,82,81,85,88,82,83,83,85,83,83,86,85,84,81,84,83,88,84,82,84,0,0,0,0,0,0,0,0,0,0,0,0,0,0,0,0,0,0,0,0,0,0,0,0,0,0,0,0.1,0,0,0,0,0,0,0,0,0,0,0,0,3.7,6,3.3,4,4.5,7.9,5.4,7.6,2.9,7.6,6.6,5.4,4.4,9.1,5.1,6.1,5.8,8.7,5.4,6.6,4.8,5.4,6.5,4.3,5.9,5.8,7.3,10.1,5.4,5.8,5.9,4.1,7,8.6,6.6,2.6,7.2,6.5,6.6,4.4,,,,,,,,,,,,,,,,,,,,,,,,,,,,,,,,,,,,,,,,,26.3,26.2,26.4,26.6,26.1,26.6,26,26,26.2,26.3,26.3,25.8,26.5,25.8,26.3,26.2,26.3,26.3,26.2,26.3,26.1,26,26.1,26.3,26.2,26.5,26.1,26.5,26,26,26.1,79,81,84,81,81,83,77,78,85,82,79,77,82,75,82,81,84,81,80,81,79,78,81,83,82,79,79,84,81,78,83,0,0,0,0,0,0,0,0,0,0,0,0,0.1,0,0,0,0,0,0,0,0,0,0,0.1,0.1,0,0,0.1,0,0,0,20.2,22.9,23.4,23.5,14.8,21.2,25.1,22,21.7,21.3,23.1,20.2,21.4,24.5,11.9,20.2,14.8,21.4,16.6,23.7,11.6,20.2,11.6,16.9,21.7,23,19,12.6,15.9,23.4,18,25.6,27.4,29.2,30.2,16.9,27,31.7,27.7,26.3,27.7,28.8,24.8,27,30.2,14,25.2,17.6,27.7,21.2,30.2,13.7,25.6,13.7,19.8,25.6,28.4,22.3,14.8,19.4,28.4,21.2,,,,,,22.2204,114.2127
2026-09-24T04:00,26.3,26.6,25.3,26.7,24.7,26.2,25.6,25.6,25.5,26.6,26.4,27.3,26.8,27,26.4,26.3,25.8,26.5,26.6,26.8,26.7,26.9,26.3,25.9,26.8,26.3,26.1,27.2,27.1,25.9,26.6,26.4,26.5,26.8,26.5,25.6,26,26.2,26.6,26.6,83,81,85,85,87,84,84,80,86,82,86,81,80,87,86,89,83,84,83,87,83,81,86,88,83,83,84,85,85,84,86,87,83,81,83,82,88,84,82,85,0,0,0,0,0,0,0,0,0,0,0,0,0,0,0,0,0,0,0,0,0,0,0,0,0,0,0,0.1,0,0,0,0,0,0,0,0,0,0,0,0,3.8,6,3.7,3.6,4.2,7.6,5.4,7.6,3.1,8,7,5.8,4.4,9.6,4.3,6.1,5.8,8.9,5.5,7,5.2,5.2,6.5,4,5.5,5.4,6.6,10.1,5,5.1,6.2,3.9,7.1,9.1,6.7,3.1,7.7,6.5,6,4,,,,,,,,,,,,,,,,,,,,,,,,,,,,,,,,,,,,,,,,,26.3,26.1,26.4,26.5,26.1,26.5,25.9,25.9,26.1,26.3,26.4,25.7,26.3,25.7,26.3,26.1,26.3,26.3,26.1,26.1,26,26,26,26.3,26.1,26.3,26.1,26.5,25.8,25.9,26.2,80,80,84,80,81,82,78,79,85,82,79,79,81,76,82,81,84,81,80,81,78,78,82,82,81,79,79,83,82,79,82,0,0,0,0,0,0,0,0,0,0,0,0,0.1,0,0,0,0,0,0,0,0,0,0,0.1,0.1,0,0,0.1,0,0,0,22.1,24.4,24.7,24.3,15.5,23.6,25.4,22.5,23.3,22.8,25,20.3,24.6,23.8,12.4,20.6,15,21.5,16.9,25.8,11.2,20.5,10.7,17,24.1,24,18.9,11.2,16.9,23.5,18.8,27.4,28.8,30.2,30.6,18,30.2,32,28.1,28.4,28.8,31,24.1,31,29.5,14.4,26.3,17.6,27,21.6,32,13,25.2,12.2,19.8,28.8,29.5,22,13,19.8,27.7,22.3,,,,,,22.2204,114.2127
2026-09-24T05:00,26.3,26.7,25.4,26.7,24.7,26.3,25.7,25.6,25.5,26.6,26.4,27.3,26.8,26.9,26.4,26.2,25.7,26.4,26.6,26.7,26.6,26.8,26.3,25.9,26.8,26.3,26.1,27.2,27,25.8,26.6,26.4,26.5,26.7,26.5,25.7,26,26.1,26.5,26.6,82,81,85,85,87,84,83,80,86,82,86,81,80,87,86,90,83,85,83,87,83,82,86,88,83,83,84,84,85,85,86,87,82,80,82,81,87,84,82,86,0,0,0,0,0,0,0,0,0,0,0,0,0,0,0,0,0,0,0,0,0,0,0,0,0,0,0,0.1,0,0,0,0,0,0,0,0,0,0,0,0,3.9,6.5,3.8,3.3,4.6,8,5.4,7.6,3.2,8.8,7.2,5.8,4.4,10.2,4.4,6.2,5.9,9.6,5.5,7.4,5.7,5.5,6.8,4.1,5.6,5.4,6.2,10.3,5.3,4.8,6.8,3.8,7.4,9.7,7,3.6,8.2,6.6,6.2,3.6,,,,,,,,,,,,,,,,,,,,,,,,,,,,,,,,,,,,,,,,,26.3,26.1,26.5,26.5,26.1,26.4,25.9,25.8,26.2,26.3,26.4,25.7,26.3,25.7,26.3,26.2,26.3,26.3,26.2,26,26,26,26,26.4,26.1,26.2,26.1,26.5,25.8,25.8,26.2,80,80,84,80,80,82,78,80,84,82,79,80,80,77,82,81,84,81,80,81,78,78,82,81,80,79,80,82,82,79,82,0,0,0,0,0,0,0,0,0,0,0,0,0.1,0,0,0,0,0,0,0,0,0,0,0.1,0.1,0,0,0.1,0,0,0,23.7,25.2,25.4,24.8,16.2,25.3,26.1,23.5,24.5,24.5,27,20.5,27.7,23.9,12.8,21.3,15.5,22,18,27.2,11.2,20.8,10.9,17.8,25.9,24.8,18.6,10.9,17.9,23.6,19.2,29.2,29.9,31.3,31,19.1,32.8,32.4,29.2,29.9,29.9,32.8,24.1,34.2,29.9,15.1,27.7,18,27,22.7,33.5,13,25.6,12.2,20.5,31,30.6,21.6,12.6,20.9,28.1,23,,,,,,22.2204,114.2127
2026-09-24T06:00,26.4,26.8,25.6,26.8,25,26.4,25.9,25.8,25.8,26.7,26.6,27.3,26.9,27,26.5,26.3,25.9,26.5,26.7,26.8,26.7,26.9,26.4,26.1,26.9,26.4,26.3,27.2,27.2,26,26.8,26.7,26.7,26.8,26.6,26,26.2,26.3,26.6,26.7,81,81,84,84,85,84,82,79,84,82,85,81,80,87,85,90,82,85,82,86,82,82,85,87,82,82,83,84,84,85,85,85,82,79,81,80,85,83,82,86,0,0,0,0,0,0,0,0,0,0,0,0,0,0,0,0,0,0,0,0,0,0,0,0,0,0,0,0,0,0,0,0,0,0,0,0,0,0,0,0,3.9,7,3.5,3.1,5.2,8.8,5.4,7.6,3.4,9.6,7.4,5.9,4.6,10.5,4.6,6.3,6,9.7,5.5,7.4,6.8,5.8,7.2,4.7,6,5.9,6.8,10.5,6,5,7.6,3.8,8,10.2,6.3,3.6,9.4,6.8,6.8,3.3,,,,,,,,,,,,,,,,,,,,,,,,,,,,,,,,,,,,,,,,,26.4,26.1,26.5,26.5,26.2,26.5,25.9,25.8,26.3,26.3,26.4,25.7,26.3,25.7,26.3,26.3,26.3,26.4,26.3,26,26.1,26,26,26.5,26.1,26.2,26.1,26.5,25.9,25.9,26.3,80,80,83,80,80,81,78,79,83,81,78,79,79,77,82,81,84,80,80,80,78,78,83,81,79,78,80,81,81,78,82,0,0,0,0,0,0,0,0,0,0,0,0,0,0,0.1,0,0,0,0,0,0,0,0.3,0.2,0,0,0,0.9,0,0,0,25,25.8,25.5,25.4,16.2,26.2,26.6,25.8,24.9,25.3,28.4,21.8,29,25.8,13.2,22.8,16.4,23.2,19.9,28.1,11.9,21.2,13,19.7,26.3,25.5,18.2,12.1,18.8,24.6,19.2,30.6,30.2,31.3,31,19.4,33.1,32.8,31.3,30.2,30.6,34.2,25.6,36,32.4,15.5,29.2,19.4,28.1,24.5,33.8,13.3,26.3,14.8,23,31.7,31.7,21.2,14,22,29.5,23.4,,,,,,22.2204,114.2127
2026-09-24T07:00,26.7,26.9,26.1,27,25.5,26.7,26.3,26.1,26.2,26.8,26.8,27.4,27.1,27.1,26.7,26.5,26.3,26.7,26.9,27,26.9,27.1,26.7,26.4,27.2,26.7,26.6,27.3,27.5,26.3,27,27,26.9,27,26.8,26.4,26.6,26.5,26.8,26.9,79,82,82,83,82,83,80,77,81,81,83,80,79,86,83,89,80,84,81,85,81,82,84,85,80,80,82,84,82,83,83,82,81,78,80,78,83,81,81,85,0,0,0,0,0,0,0,0,0,0,0,0,0,0,0,0,0,0,0,0,0,0,0,0,0,0,0,0,0,0,0,0,0,0,0,0,0,0,0,0,3.5,7.1,3.1,3.4,5.8,10.2,5.8,7.6,3.7,10.8,7.9,6.2,5.2,10.5,5.5,6.6,6.6,9.8,5.9,7.4,8,6.3,7.9,5.5,6.2,6.6,8.7,11.2,6.8,5.3,8.4,3.9,8.6,11,6,3.4,11,7.2,8,3.4,,,,,,,,,,,,,,,,,,,,,,,,,,,,,,,,,,,,,,,,,26.5,26.2,26.6,26.6,26.4,26.6,25.9,25.8,26.5,26.4,26.4,25.8,26.3,25.7,26.5,26.5,26.5,26.5,26.5,26.1,26.2,26,26,26.5,26.2,26.2,26.2,26.6,26,26,26.5,79,79,81,79,79,81,78,78,81,80,78,78,78,76,82,80,84,79,79,78,77,77,83,81,77,77,80,81,80,76,81,0,0,0,0,0,0,0,0,0,0,0,0,0,0,0.1,0,0,0,0,0,0,0,0.3,0.2,0,0,0,0.9,0,0,0,26.1,26,25.4,25.9,15.9,26.4,27.1,28.3,25,25.7,29.4,23.4,29.3,28.9,13.4,24.7,17.6,24.4,21.7,28.3,13,22.4,15.8,22.4,26.1,26.2,17.9,14.1,19.8,26.3,19.7,32,30.6,31.3,31,19.4,32.8,32.8,34.2,30.2,31.7,35.3,27.4,37.1,35.6,16.2,31,21.6,29.9,26.3,33.5,14.4,27.7,18.4,25.9,32,33.1,20.5,16.6,23.4,31.7,23.4,,,,,,22.2204,114.2127
2026-09-24T08:00,27.1,27.2,26.7,27.4,26.1,27,26.8,26.6,26.8,27.1,27.2,27.7,27.5,27.5,27.1,27,26.7,27,27.3,27.3,27.2,27.4,27.1,26.9,27.7,27,27,27.5,28,26.7,27.4,27.6,27.2,27.4,27.2,26.9,27.1,26.9,27.2,27.3,77,81,79,81,79,81,78,75,78,80,81,78,77,84,81,86,77,82,79,83,79,80,82,82,78,78,80,82,79,81,80,78,80,76,78,76,80,79,79,83,0,0,0,0,0,0,0,0,0,0,0,0,0,0,0,0,0,0,0,0,0,0,0,0,0,0,0,0,0,0,0,0,0,0,0,0,0,0,0,0,4.1,7.9,3.7,4.2,7.2,11.3,6.5,8.7,4.3,12,8.9,6.8,6,10.9,6.3,7.2,7.4,10.5,6.9,7.9,9.2,6.9,8.7,6.5,7.4,7.7,10.3,12,8,5.8,9.7,4.7,9.2,12,6.2,3.9,12.4,8,9.4,3.8,,,,,,,,,,,,,,,,,,,,,,,,,,,,,,,,,,,,,,,,,26.6,26.4,26.8,26.8,26.6,26.7,26,25.9,26.7,26.6,26.5,26,26.4,25.8,26.7,26.7,26.7,26.7,26.7,26.3,26.3,26.1,26,26.6,26.3,26.3,26.3,26.8,26.2,26.2,26.6,78,79,80,79,79,80,77,77,80,78,77,77,78,76,81,79,83,78,78,77,77,77,83,81,76,76,80,80,79,75,81,0,0,0,0,0,0,0,0,0,0,0,0,0,0,0.1,0,0,0,0,0,0,0,0.3,0.2,0,0,0,0.9,0,0,0,26.8,26,25,26.2,16.3,26.5,27.2,30.2,25.1,25.8,29.8,24.6,29.9,31.6,14.1,26.4,18.9,25.6,23.3,28.9,14,23.9,18.8,24.4,26.2,26.7,18.2,16.2,20.9,27.2,19.8,32.8,30.6,30.2,31,19.8,31.7,32.4,36,29.9,31.7,36,29.2,37.8,38.5,16.9,32,23.4,31,27.7,33.5,15.5,28.4,22,28.4,32,33.8,20.9,19.1,24.5,33.1,23.4,,,,,,22.2204,114.2127
2026-09-24T09:00,27.8,27.7,27.6,28,26.9,27.6,27.5,27.3,27.6,27.7,27.7,28.4,28.2,28.3,27.7,27.8,27.4,27.7,28,28.1,27.9,28.1,27.8,27.8,28.4,27.6,27.5,28.1,28.6,27.3,28.1,28.4,27.8,28.2,27.9,27.6,27.8,27.6,27.7,28,73,78,73,76,75,78,74,71,74,77,78,74,74,79,77,81,73,78,75,78,76,76,79,77,74,75,77,78,75,77,76,74,77,73,74,72,76,75,76,79,0,0,0,0,0,0,0,0,0,0,0,0,0,0,0,0,0,0,0,0,0,0,0,0,0,0,0,0,0,0,0,0,0,0,0,0,0,0,0,0,6.2,8.9,6.3,6.2,9.4,12.3,8.6,11.2,6.4,13.4,10.6,8.6,7.8,12,7.8,9.1,9.1,12.8,9.1,10.1,10.7,8.4,10.3,8.1,9.8,10.1,11.8,13.4,10.2,7.1,11.3,6.4,11.1,13.5,8.4,5.2,13.6,9.8,10.8,4.9,,,,,,,,,,,,,,,,,,,,,,,,,,,,,,,,,,,,,,,,,26.7,26.5,27,26.9,26.8,26.9,26.2,26.1,26.9,26.8,26.7,26.1,26.6,26,27,26.9,27,27,26.9,26.5,26.4,26.2,26.2,26.7,26.5,26.5,26.4,27,26.5,26.4,26.8,77,78,79,78,78,79,76,76,79,76,77,77,78,76,80,78,81,77,77,75,77,76,82,80,76,76,80,79,78,74,80,0,0,0,0,0,0,0,0,0,0,0,0,0,0,0.1,0,0,0,0,0,0,0,0.3,0,0,0,0.1,0.1,0,0,0,26.9,26.1,23.7,26.3,17.9,25.7,26.9,30.9,24.8,25.3,29.9,25.4,31.2,33.8,15.7,27.2,19.6,25.8,23.6,29.4,15.2,24.6,21.3,25.2,26.9,27.4,19.7,18.6,21.8,27.2,20.1,32,29.9,28.4,30.6,20.9,30.2,31.3,36.4,29.2,30.6,36,29.9,38.2,40.3,18.4,32.4,24.1,31,27.7,33.8,16.6,28.8,24.8,29.2,32.8,34.2,22.3,21.2,25.6,32.8,23.4,,,,,,22.2204,114.2127
2026-09-24T10:00,28.8,28.4,28.8,28.8,27.8,28.3,28.4,28.3,28.5,28.4,28.4,29.2,29,29.3,28.5,28.8,28.3,28.7,28.8,29,28.8,29,28.6,28.8,29.2,28.4,28.2,28.9,29.4,28.1,28.9,29.3,28.6,29.1,28.9,28.5,28.7,28.4,28.4,28.8,68,74,67,70,70,75,70,67,70,74,75,70,69,73,73,74,68,73,70,72,71,71,74,71,69,72,75,73,71,71,72,69,73,68,69,68,72,71,71,75,0,0,0,0,0,0,0,0,0,0,0,0,0,0,0,0,0,0,0,0,0,0,0,0,0,0,0,0,0,0,0,0,0,0,0,0,0,0,0,0,9.4,10.5,10.5,8.8,11.6,13,11.5,14.8,9.2,15,13.2,10.7,10.5,14.1,9.4,12.1,11,15.8,12.3,13.9,12.3,10.6,12,10.1,13.4,13,13.5,15.1,12.8,8.2,13.6,8.8,13,15,12.2,7.4,14.8,12,11.9,6.6,,,,,,,,,,,,,,,,,,,,,,,,,,,,,,,,,,,,,,,,,26.9,26.7,27.2,27,27,27.2,26.5,26.3,27.1,27,26.9,26.2,26.7,26.2,27.4,27.2,27.4,27.3,27.1,26.8,26.6,26.4,26.4,27,26.7,26.7,26.5,27.4,26.8,26.6,26.9,77,77,78,77,77,77,74,75,78,75,76,76,79,75,78,76,79,76,75,74,76,76,81,78,76,76,80,78,76,73,80,0,0,0,0,0,0,0,0,0,0,0,0,0,0,0.1,0,0,0,0,0,0,0,0.3,0,0,0,0.1,0.1,0,0,0,26.8,25.8,22.2,26.3,20.2,24.5,26,31.1,24.3,24.7,29.3,26,32.1,35.1,17.8,27.3,20.3,25.8,23.3,30.1,16.7,25,23.5,25.7,27.7,28.2,21.3,20.8,22.8,26.7,20.7,31,28.8,25.9,30.2,22,28.4,29.5,36,28.4,28.8,35.3,30.6,38.2,41,19.8,32.4,23.8,30.2,27,34.2,17.6,28.8,27,29.2,33.8,34.2,24.5,23,26.3,31.7,23.8,,,,,,22.2204,114.2127
2026-09-24T11:00,29.5,29.1,29.7,29.5,28.5,28.8,29.1,29,29.2,29,28.9,29.9,29.6,30,29.1,29.6,28.9,29.4,29.5,29.8,29.5,29.7,29.3,29.7,29.8,28.9,28.7,29.6,30.1,28.7,29.6,30,29.1,29.8,29.6,29.2,29.4,29.1,29,29.6,64,70,62,66,66,72,67,64,66,71,73,66,66,69,69,69,65,69,67,67,68,67,71,66,66,69,72,68,67,67,69,66,71,65,66,64,68,67,68,71,0,0,0,0,0,0,0,0,0,0,0,0,0,0,0,0,0,0,0,0,0,0,0,0,0,0,0,0,0,0,0,0,0,0,0,0,0,0,0,0,11.5,11.4,13.3,10.8,13.1,13.7,13.8,17.3,11.2,15.9,15.2,12.3,12.2,15.2,10.8,14.9,12.3,17.8,14.1,16.5,13.3,12.3,13.1,11.5,15.5,14.8,14.5,16.1,14.8,9.4,14.9,10.5,14.8,16.3,14.8,9.2,15.8,13.7,13,7.8,,,,,,,,,,,,,,,,,,,,,,,,,,,,,,,,,,,,,,,,,27.1,26.8,27.4,27.2,27.2,27.4,26.7,26.5,27.3,27.2,27.1,26.4,26.9,26.4,27.7,27.4,27.7,27.5,27.2,27,26.8,26.6,26.6,27.1,27,27,26.6,27.6,27.1,26.8,27,76,76,77,77,76,76,73,74,78,74,76,76,79,75,77,75,77,75,74,73,76,75,79,76,76,76,79,77,75,72,79,0,0,0,0,0,0,0,0,0,0,0,0,0,0,0.1,0,0,0,0,0,0,0,0.3,0,0,0,0.1,0.1,0,0,0,26.2,25.6,21,25.7,21.3,23.8,25,30.4,23.9,24.4,28.9,26.4,32.7,35.2,19.5,27.2,20.6,25.2,22.8,29.8,17.4,25.3,24.5,25.3,27.5,28.2,22.8,22.2,23.4,26.1,21,29.5,28.4,24.1,29.9,23,27.7,28.1,34.9,27.7,27.7,34.6,30.6,37.4,40.3,21.2,32,23.8,29.5,26.3,34.2,18.4,28.8,28.1,28.8,33.5,33.8,25.9,24.5,26.6,30.2,23.8,,,,,,22.2204,114.2127
2026-09-24T12:00,30,29.6,30.1,29.9,28.9,29.3,29.4,29.3,29.7,29.3,29.3,30.5,29.9,30.4,29.6,30.1,29.3,29.8,29.9,30.2,29.9,30.1,29.7,30.1,30.1,29.3,29,30.1,30.5,29.1,30,30.5,29.3,30.3,29.9,29.9,29.9,29.5,29.4,30.2,63,67,61,64,64,70,65,63,64,70,71,63,64,67,66,67,63,67,66,65,66,65,68,64,65,67,70,64,65,64,67,64,71,63,66,61,66,65,66,68,0,0,0,0,0,0,0,0,0,0,0.1,0,0,0,0,0,0,0,0,0,0,0,0,0,0,0,0,0,0,0,0,0,0.1,0,0,0,0,0,0,0,11.9,11.9,14.1,11.5,13.3,13.7,14.2,18.4,11.5,15.9,15.5,13.1,12.7,15.5,11.1,16.2,12.6,18.4,14.4,17.6,13.4,13,13.6,12.4,15.6,15.2,14.8,16.2,15.5,10.2,15.2,11.5,15,16.2,15.3,10.1,15.9,13.7,13.4,8.2,,,,,,,,,,,,,,,,,,,,,,,,,,,,,,,,,,,,,,,,,27.2,26.9,27.6,27.3,27.3,27.5,26.8,26.6,27.4,27.2,27.3,26.6,27,26.6,27.7,27.5,27.8,27.6,27.3,27.1,26.8,26.8,26.8,27.2,27.2,27.2,26.7,27.7,27.1,26.9,27.2,75,75,77,77,75,76,73,74,78,74,76,75,79,75,77,74,76,75,75,73,76,74,77,75,75,76,78,76,75,72,78,0,0,0,0,0,0,0,0,0,0,0,0,0,0,0,0,0,0,0,0,0,0,0,0,0,0,0,0,0,0,0,25.1,25.1,21,25,20.9,24.2,24,29,23.7,24.5,28.9,26.4,31.9,32.7,19.9,26.6,20.5,24.7,22.6,29.1,17.8,25.5,23.8,24,25.8,28.1,23,22.7,23.3,25.2,21.3,28.4,28.8,24.1,29.2,23,28.4,27.4,33.5,27.7,28.1,34.2,30.2,36,37.1,22,31.7,23.4,28.8,26.3,33.5,18.4,28.8,26.6,27.7,31,33.1,26.3,25.2,26.3,28.8,24.1,,,,,,22.2204,114.2127
2026-09-24T13:00,30.2,30.1,30.3,30.1,29.1,29.6,29.6,29.4,30,29.5,29.5,30.9,30.1,30.6,29.9,30.4,29.6,30,30.2,30.4,30.1,30.4,30,30.4,30.2,29.4,29.2,30.5,30.7,29.3,30.3,30.8,29.4,30.6,29.9,30.5,30.2,29.7,29.6,30.8,63,65,62,64,62,68,64,63,62,69,70,62,64,67,64,66,62,67,65,65,66,65,66,63,65,67,69,61,64,62,65,63,72,62,67,59,64,64,65,65,0,0,0,0,0,0,0,0,0,0,0.1,0,0,0,0,0,0,0,0,0,0,0,0,0,0,0,0,0,0,0,0,0,0.1,0,0,0,0,0,0,0,11.6,12.6,13.6,11.3,12.4,13.5,13.3,19,11.5,15.5,15.5,13.3,12.6,15.7,11,16.9,12.4,18.2,13.4,17.9,12.9,13.4,14.1,13.3,14.9,14.2,14.8,15.5,15.8,11.5,14.8,12.4,14.8,15.5,15.1,10.8,15.5,13.1,13.4,8,,,,,,,,,,,,,,,,,,,,,,,,,,,,,,,,,,,,,,,,,27.2,27,27.7,27.4,27.4,27.6,26.8,26.7,27.4,27.3,27.4,26.8,27.1,26.7,27.5,27.6,27.8,27.6,27.3,27.2,26.7,27,27.1,27.1,27.4,27.4,26.9,27.7,27.1,27,27.4,75,75,77,78,74,76,73,74,79,75,77,74,78,74,77,74,74,75,76,73,76,74,76,74,75,75,77,75,75,72,78,0,0,0,0,0,0,0,0,0,0,0,0,0,0,0,0,0,0,0,0,0,0,0,0,0,0,0,0,0,0,0,24.1,24.4,22.1,24.1,20,25.3,23.2,27.2,23.6,25.1,29.3,25.9,29.9,28.8,19.9,25.4,20,24.2,22.5,27.9,17.3,25.8,21.6,22.3,23.2,28,22.9,22.7,22.8,23.9,21.6,27.4,29.5,24.8,28.8,23,30.2,26.6,31.7,27.7,28.8,33.8,29.5,33.8,32,22.3,31.3,23,28.1,26.6,32,18.4,28.8,24.1,25.9,27.7,31.7,25.9,25.6,25.9,27.4,24.5,,,,,,22.2204,114.2127
2026-09-24T14:00,30.2,30.3,30.2,30.2,29,29.7,29.5,29.3,30,29.5,29.5,31,30.1,30.6,30.1,30.4,29.6,29.9,30.2,30.4,30.1,30.4,30,30.3,30.1,29.4,29.3,30.7,30.7,29.3,30.4,30.8,29.3,30.7,29.8,30.6,30.2,29.8,29.7,31,64,64,64,64,62,68,65,64,62,69,70,62,64,68,63,67,63,68,66,66,66,65,66,64,65,67,68,60,64,62,65,63,73,62,68,59,64,64,65,64,0,0,0,0,0,0,0,0,0,0,0.1,0,0,0,0,0,0,0,0,0,0,0,0,0,0,0,0,0,0,0,0,0,0.1,0,0,0,0,0,0,0,11.6,12.9,13,10.8,11.6,13.5,12.8,18.9,11.8,15.3,15.3,13.6,12.2,15.8,10.1,17.2,12.4,18.3,12.9,18.1,12.2,13.6,13.7,13.9,14.5,13.7,14,15.1,15.6,12.5,14.6,12.8,14.3,14.9,15,11,15,12.3,13.1,7.9,,,,,,,,,,,,,,,,,,,,,,,,,,,,,,,,,,,,,,,,,27.2,27.1,27.7,27.5,27.5,27.6,26.9,26.8,27.5,27.3,27.5,27,27.1,26.8,27.4,27.7,27.7,27.6,27.4,27.2,26.7,27.2,27.2,27.1,27.6,27.5,27.1,27.6,27.1,27,27.5,75,75,78,78,73,77,73,74,79,76,77,73,78,74,77,74,74,75,77,74,76,74,75,74,74,75,76,74,76,72,77,0,0,0,0,0,0,0,0,0,0,0,0,0,0,0,0,0,0,0,0,0,0,0,0,0,0,0,0,0,0,0,23.5,24.1,22.3,23.5,19.2,25.8,22.3,25.5,23.3,25.5,29.1,25.1,28.4,25.7,19.6,24.6,19.5,23.4,22.3,26.8,17.3,25.9,20.2,21,22,27.2,22.4,22.5,22.4,22.8,21.6,26.6,30.2,25.2,28.4,23,31.3,25.9,30.2,28.1,29.5,33.1,28.4,32,28.1,22.3,31,22.7,27,26.3,31,18.4,28.4,22,24.5,25.2,30.2,25.6,25.6,25.2,25.9,24.5,,,,,,22.2204,114.2127
2026-09-24T15:00,29.9,29.9,29.9,29.9,28.8,29.4,29.1,28.9,29.7,29.2,29.3,30.5,29.8,30.2,29.9,30.1,29.1,29.6,29.9,30.1,29.9,30,29.7,29.9,29.8,29.1,29.3,30.5,30.4,29,30.2,30.4,29.2,30.5,29.5,30.1,29.8,29.6,29.4,30.8,66,67,66,66,62,70,68,66,63,70,71,65,65,70,65,69,66,70,68,67,67,67,68,67,66,69,68,62,66,64,66,65,73,63,69,62,66,64,66,65,0,0,0,0,0,0,0,0,0,0,0,0,0,0,0,0,0,0,0,0,0,0,0,0,0,0,0,0,0,0,0,0,0,0,0,0,0,0,0,0,11.5,13,11.3,10.2,11.4,13.2,12.4,18.2,11.9,14.7,15,13.6,11.6,16,8.7,17.2,12.4,18.3,12.5,17.1,11.8,13.9,12.5,13.8,14.3,13.4,12.6,14.6,14.2,11.7,14.2,12.6,13.7,15.2,14.7,11.3,14.6,12,12.2,7.9,,,,,,,,,,,,,,,,,,,,,,,,,,,,,,,,,,,,,,,,,27.3,27.1,27.7,27.5,27.6,27.6,26.9,26.8,27.6,27.3,27.5,26.9,27.1,26.8,27.4,27.7,27.7,27.6,27.4,27.1,26.7,27.2,27.1,27.2,27.6,27.5,27.1,27.6,27,26.9,27.4,75,76,79,78,73,78,73,74,79,76,77,73,78,74,76,75,75,75,78,75,76,75,75,74,74,75,75,74,76,72,76,0,0,0,0,0,0,0,0,0,0,0,0,0,0,0,0,0,0,0,0,0,0,0,0,0,0,0,0,0,0,0,23.8,24.9,21.3,23.8,19.1,25.3,21.3,23.9,23.1,25.5,27.4,24.1,27.3,23.6,18.8,23.9,19.1,22,21.6,25.6,17.7,24.3,19.4,20.2,21.6,24.8,21.2,22.4,22,21.6,21,27.4,31,24.1,28.8,23.8,31,25.2,29.2,28.4,29.9,31.3,27,31,25.6,22,30.6,22.7,25.6,25.2,29.9,18.7,27.4,21.2,23.8,24.8,28.1,24.8,25.9,24.5,24.5,23.4,,,,,,22.2204,114.2127
2026-09-24T16:00,29.3,29.2,29.4,29.5,28.4,28.8,28.3,28.2,29,28.7,28.8,29.7,29.3,29.7,29.6,29.5,28.4,29.1,29.4,29.7,29.5,29.4,29.1,29.2,29.3,28.6,29.1,30,29.9,28.4,29.8,29.8,29,29.9,29,29.1,29.2,29.1,28.9,30.3,68,71,70,68,64,72,72,70,66,73,74,70,67,72,68,71,70,73,71,69,69,69,71,70,67,72,68,65,70,66,68,69,73,64,69,67,69,66,68,67,0,0,0,0,0,0,0,0,0,0,0,0,0,0,0,0,0,0,0,0,0,0,0,0,0,0,0,0,0,0,0,0,0,0,0,0,0,0,0,0,11.2,12.9,9,9.9,11.2,13.2,12.1,17.3,11.9,13.8,14.3,13.3,11.2,15.3,7.7,16.8,12.4,17.9,12.1,15.3,11.1,13.7,11.1,13.1,13.8,13.5,10.7,14.2,12.4,10.3,14.2,12.1,12.7,15.6,13.4,11.7,14.2,11.6,10.6,7.9,,,,,,,,,,,,,,,,,,,,,,,,,,,,,,,,,,,,,,,,,27.3,27.2,27.6,27.6,27.5,27.5,27,26.9,27.7,27.3,27.5,26.8,27.1,26.7,27.5,27.7,27.6,27.6,27.5,27.1,26.8,27.2,27,27.2,27.6,27.4,27.1,27.6,26.9,26.8,27.2,76,78,79,78,73,78,73,75,79,77,77,74,79,75,75,76,76,75,78,76,75,76,75,75,74,75,75,74,77,72,76,0,0,0,0,0,0,0,0,0,0,0,0,0,0,0,0,0,0,0,0,0,0,0,0,0,0,0,0,0,0,0,24.5,25.9,20,24.5,19.4,24.1,20.2,22.8,23,25.6,25.2,22.8,26.4,21.7,18,23.8,18.8,19.9,20.5,24.5,18,22,19.1,19.5,21.6,21.7,20.2,22.7,21.6,20.2,19.9,28.4,31.3,22.7,29.5,24.8,29.5,24.5,27.7,28.4,29.9,29.2,25.6,29.9,24.1,21.2,30.2,22.7,23.4,24.1,28.8,19.8,25.6,21.6,23,25.2,25.9,23.4,26.3,24.1,23,22.3,,,,,,22.2204,114.2127
2026-09-24T17:00,28.8,28.5,28.8,29,27.8,28.3,27.7,27.6,28.4,28.2,28.3,29,28.8,29.2,29.1,28.9,27.8,28.5,28.8,29.2,29,28.8,28.5,28.6,28.8,28.1,28.7,29.5,29.3,27.9,29.3,29.1,28.7,29.4,28.6,28.2,28.6,28.6,28.4,29.7,71,75,73,71,66,75,75,73,69,75,76,74,69,75,71,74,74,75,74,72,71,72,74,74,69,74,70,69,74,70,70,72,74,67,70,71,72,68,70,70,0,0,0,0,0,0,0,0,0,0,0,0,0,0,0,0,0,0,0,0,0,0,0,0,0,0,0,0,0,0,0,0,0,0,0,0,0,0,0,0,10.4,12.6,7.4,8.9,10.5,13,11.3,15.6,11.3,12.9,13.4,12.8,10.2,14.8,7.6,15.8,11.9,16.9,11.6,13.4,10.7,13,10.1,12.2,12.9,13,9.2,13.8,10.9,8.9,13.7,11.1,11.4,15.3,12.3,11.2,13.5,10.8,9.4,7.9,,,,,,,,,,,,,,,,,,,,,,,,,,,,,,,,,,,,,,,,,27.3,27.2,27.5,27.6,27.5,27.5,27,26.9,27.7,27.3,27.4,26.7,27,26.6,27.6,27.6,27.5,27.5,27.5,27,26.8,27.1,26.8,27.2,27.5,27.2,27,27.5,26.8,26.7,27,77,79,80,79,74,79,73,76,80,77,78,75,80,75,75,78,78,76,79,77,75,77,76,76,75,76,75,75,77,73,76,0,0,0,0,0,0,0,0,0,0,0,0,0,0,0,0,0,0,0,0,0,0,0,0,0,0,0,0,0,0,0,24.8,26.3,18.4,24.9,20.2,22.7,19.4,21.6,22.7,25.6,23.9,22,25.9,20.6,17.3,23.5,18.5,18.6,19.5,23.8,18,20.2,18.7,19.2,21.6,19.6,19.2,22.3,20.9,19.1,18.9,29.2,31.3,20.9,30.2,25.9,28.1,23.8,27,28.4,29.9,27.7,24.5,29.5,23,20.9,29.5,22.7,22,23,28.1,20.2,24.5,21.6,22.7,25.9,23.8,22.7,26.3,23.4,22.3,21.2,,,,,,22.2204,114.2127
2026-09-24T18:00,28.2,28.2,27.8,28.4,26.9,27.9,27.3,27.1,27.7,27.8,28,29,28.3,28.9,28.2,28.6,27.5,28.1,28.1,28.8,28.3,28.5,27.9,28.1,28.3,27.7,27.7,29.1,28.9,27.2,28.5,28.6,28,28.6,28.2,28,28.1,27.9,28,28.7,73,71,77,73,73,77,75,75,73,77,77,72,72,76,75,77,73,74,77,76,73,73,77,75,73,74,78,73,76,76,75,73,78,75,73,70,76,75,72,76,0,0,0,0,0,0,0,0,0,0,0,0,0,0,0,0,0,0,0,0,0,0,0,0,0,0,0,0,0,0,0,0,0,0,0,0,0,0,0,0,6.8,10.7,8.2,6.1,7.4,10.8,7.8,11.3,8.7,11,11.3,8.6,7.4,12.4,6.3,11.1,8.2,14.6,9.4,12.4,8.4,10,8,9.2,10,9.2,8.6,11,11.3,7.4,10,8.2,10.6,11.3,9.4,7.3,11.5,7.7,8.2,6.1,,,,,,,,,,,,,,,,,,,,,,,,,,,,,,,,,,,,,,,,,27.1,27.1,27.3,27.4,27.4,27.4,26.9,26.9,27.5,27.1,27.2,26.5,27,26.5,27.5,27.4,27.4,27.3,27.3,26.8,26.6,27,26.7,27.1,27.4,27.1,26.8,27.3,26.6,26.6,26.8,79,80,81,80,75,80,73,77,81,78,80,76,81,76,76,79,79,77,80,78,76,78,77,78,77,77,77,76,77,74,77,0,0,0,0,0,0,0,0,0,0,0,0,0,0,0,0,0,0,0,0,0,0,0,0,0,0,0,0,0,0,0,24.1,25.3,16.9,24.5,21.7,21,18.4,21.2,21.8,24.9,23.5,21.6,25.6,19.8,17,22.8,18.5,17.9,19.1,23.5,17.6,19.8,18.4,18.5,21.6,18.5,18.8,21.6,19.8,18.4,18.6,28.8,30.2,19.4,30.6,27.7,26.3,23,26.6,27.7,29.5,27.7,24.5,29.9,22.3,20.9,28.1,23.4,20.9,23,28.4,20.5,24.5,22,22.3,26.3,22,22,25.9,23,22,21.2,,,,,,22.2204,114.2127
2026-09-24T19:00,27.6,27.5,27.1,27.9,26.2,27.4,26.7,26.5,27,27.3,27.5,28.4,27.7,28.3,27.6,28,26.9,27.6,27.5,28.3,27.8,27.9,27.3,27.4,27.8,27.2,27.2,28.6,28.3,26.6,27.8,27.9,27.6,28,27.7,27.2,27.4,27.3,27.5,28,76,74,81,77,76,79,78,78,77,79,79,76,75,79,78,81,77,76,81,80,76,76,81,78,76,76,81,77,80,80,79,76,80,78,75,73,79,78,75,80,0,0,0,0,0,0,0,0,0,0,0,0,0,0,0,0,0,0,0,0,0,0,0,0,0,0,0,0,0,0,0,0,0,0,0,0,0,0,0,0,5.2,10,6.5,4.7,6.2,10.1,6.3,9,7.4,9.8,9.8,6.9,6.3,11.3,5.6,8.9,7.3,13,8.4,10.6,7,8.6,6.4,7.6,8.4,7.7,7.4,10,9.5,5.8,8.4,6.8,9.3,9.9,7.6,6.3,10.2,6.3,6.8,5.7,,,,,,,,,,,,,,,,,,,,,,,,,,,,,,,,,,,,,,,,,26.9,26.9,27.2,27.2,27.2,27.2,26.8,26.7,27.3,26.9,27,26.4,26.9,26.5,27.3,27.2,27.3,27.1,27.1,26.7,26.4,26.9,26.6,26.9,27.2,26.9,26.7,27.1,26.3,26.5,26.5,81,81,82,82,76,82,74,79,83,79,82,78,82,77,78,81,81,79,80,80,77,80,79,79,79,79,79,78,78,75,79,0,0,0,0,0,0,0,0,0,0,0,0,0,0,0,0,0,0,0,0,0,0,0,0,0,0,0,0,0,0,0,23.4,23.6,15.1,24.1,23.7,19.1,17.7,21.3,20.5,23.8,23.4,21.6,24.9,19.8,16.7,21.8,18.5,17.2,19.7,23.6,16.9,20.2,18.5,17.9,21.5,17.6,18.4,21,18.8,18,18.6,28.1,28.8,17.6,30.6,30.2,23.8,22.3,26.3,26.3,29.2,28.1,24.8,30.6,22.3,21.2,26.6,24.1,20.5,23.4,29.2,20.5,25.2,22,21.6,26.3,20.5,21.6,25.6,22.7,22.3,21.6,,,,,,22.2204,114.2127
2026-09-24T20:00,27.2,27.1,26.5,27.5,25.7,27,26.2,26,26.5,27,27.1,27.9,27.3,28,27.1,27.6,26.5,27.2,27.1,27.9,27.4,27.5,26.8,26.9,27.4,26.8,26.9,28.2,27.9,26.1,27.4,27.4,27.3,27.6,27.3,26.6,27,26.9,27.1,27.5,78,76,84,79,79,81,80,80,79,81,81,78,77,81,81,83,79,78,83,82,78,78,83,81,78,78,83,80,82,83,81,79,81,81,76,76,82,81,77,83,0,0,0,0,0,0,0,0,0,0,0,0,0,0,0,0,0,0,0,0,0,0,0,0,0,0,0,0,0,0,0,0,0,0,0,0,0,0,0,0,3.9,9.2,5.4,3.8,5,9.3,5.2,7.5,6.6,8.9,9,5.8,5.2,10.5,5.4,7.6,6.2,11.9,7.2,9,6.2,7.8,5.5,6.3,7.1,6.8,6.7,9.3,8.4,4.7,7.5,5.6,8,9.2,6.4,5.5,9.5,5.2,5.7,5.4,,,,,,,,,,,,,,,,,,,,,,,,,,,,,,,,,,,,,,,,,26.7,26.8,27,27,27.1,27.1,26.7,26.6,27.2,26.8,26.9,26.2,26.8,26.4,27.1,27,27.2,26.9,27,26.6,26.3,26.8,26.5,26.8,27.1,26.8,26.6,26.9,26.2,26.5,26.4,82,82,83,83,77,83,75,80,84,80,84,80,83,77,80,82,82,81,81,81,78,81,80,81,81,80,81,80,78,76,81,0,0,0,0,0,0,0,0,0,0,0,0,0,0,0,0,0,0,0,0,0,0,0,0,0,0,0,0,0,0,0,22.3,22.3,14,23.8,24.6,18.1,16.7,20.9,19.6,22.4,23.4,21.3,24.5,19.5,16.5,21.1,18.5,16.8,19.6,23.6,16.2,20.5,18.2,17.5,21.6,17.1,18.7,20.3,17.7,18,18.2,27.4,27.4,16.6,30.6,31.3,22.7,21.2,25.6,25.2,28.1,28.8,24.8,31,22.7,21.6,25.2,24.5,19.8,23.4,29.5,20.2,25.6,22.3,21.6,26.3,19.8,22,24.8,22.3,22.7,21.6,,,,,,22.2204,114.2127
2026-09-24T21:00,26.9,26.8,26.2,27.2,25.4,26.8,26,25.7,26.2,26.8,26.9,27.7,27,27.8,26.9,27.3,26.2,27,26.8,27.6,27.1,27.3,26.6,26.6,27.2,26.5,26.7,27.9,27.6,25.9,27.2,27.1,27,27.4,27.1,26.2,26.7,26.7,26.9,27.1,80,77,85,81,81,82,81,81,80,82,82,80,78,82,83,85,81,79,84,84,80,79,84,83,79,79,84,82,83,85,83,81,82,82,77,78,84,83,78,85,0,0,0,0,0,0,0,0,0,0,0,0,0,0,0,0,0,0,0,0,0,0,0,0,0,0,0,0,0,0,0,0,0,0,0,0,0,0,0,0,3.4,8.8,4.6,3.6,4.2,8.9,4.3,6.7,5.8,8.3,8.4,5.3,4.7,10,4.9,6.9,5.7,11.1,6.4,7.7,5.7,7.3,4.9,5.3,6.3,6.3,6.2,9.2,7.6,4.2,6.7,4.8,7.1,8.8,5.6,5.2,9.2,4.7,4.9,5.1,,,,,,,,,,,,,,,,,,,,,,,,,,,,,,,,,,,,,,,,,26.6,26.7,26.9,26.9,26.9,27,26.6,26.5,27.1,26.7,26.8,26.1,26.8,26.3,27,26.8,27.1,26.8,26.9,26.5,26.2,26.7,26.5,26.8,26.9,26.7,26.5,26.8,26.1,26.5,26.3,83,83,84,84,78,84,76,82,85,80,84,82,83,77,81,83,83,82,81,82,80,82,81,82,82,81,81,81,79,77,82,0,0,0,0,0,0,0,0,0,0,0,0,0,0,0,0,0,0,0,0,0,0,0,0,0,0,0,0,0,0,0,21.6,21.4,13.2,23.8,24.5,18.6,15.9,19.8,19,21,23.9,21,23.8,19.1,16.6,20.4,18.1,16,18.7,23.3,15.9,20.5,18.1,17.9,21,17.1,19.5,19.6,17,18.4,17.1,26.3,26.6,15.8,31,31,23.4,20.2,23.8,24.5,26.6,29.5,24.5,31,23.4,21.6,24.1,24.1,19.1,22.7,29.2,19.8,25.6,22.3,22,25.9,19.8,23.4,23.8,21.6,23,20.5,,,,,,22.2204,114.2127
2026-09-24T22:00,26.7,26.6,26,27,25.2,26.6,25.8,25.5,26,26.6,26.8,27.5,26.9,27.6,26.6,27.2,26.1,26.9,26.7,27.5,26.9,27.1,26.4,26.4,27,26.4,26.6,27.7,27.4,25.7,27,26.9,26.8,27.3,26.9,26,26.5,26.5,26.7,26.9,81,79,86,82,83,83,83,82,81,82,82,81,80,83,84,86,82,81,85,85,81,80,86,85,80,80,85,84,83,86,84,83,84,83,79,79,85,84,80,86,0,0,0,0,0,0,0,0,0,0,0,0,0,0,0,0,0,0,0,0,0,0,0,0,0,0,0,0,0,0,0,0,0,0,0,0,0,0,0,0,2.7,8.2,3.9,3.6,3.3,8.2,4.2,6.2,4.9,7.8,7.8,4.7,4.3,9.4,4.3,6.6,5.2,10.3,5.8,6.6,5,6.9,4.2,4.3,5.8,5.8,6,9.5,6.6,3.4,6.3,4.2,6.2,8.3,5.1,4.7,8.9,4.5,4.5,4.8,,,,,,,,,,,,,,,,,,,,,,,,,,,,,,,,,,,,,,,,,26.5,26.6,26.8,26.8,26.7,26.9,26.6,26.5,27,26.7,26.8,26,26.9,26.3,26.9,26.8,27.1,26.7,26.8,26.5,26.2,26.7,26.5,26.7,26.8,26.5,26.6,26.7,26.2,26.5,26.4,83,84,84,85,79,85,77,84,85,81,84,83,83,76,82,83,84,83,81,82,82,82,82,83,83,82,80,83,79,77,82,0,0,0,0,0,0,0,0,0,0,0,0,0,0,0,0,0,0,0,0,0,0,0,0,0,0,0,0,0,0,0,20.9,21.3,12.8,24.2,23.9,20.5,14.8,18.4,18.6,19.6,24.5,20.6,23,19.1,16.7,19.3,18.1,15.5,17.5,22.9,15.6,20.5,18.4,18.3,20.5,17.6,20.5,18.9,16.3,18.7,15.9,24.8,25.9,15.1,31.3,29.9,24.8,18.7,22,24.1,24.5,30.2,24.1,31,24.1,21.6,23,23,18.4,21.2,28.4,19.1,25.9,22.3,22.3,25.6,20.5,25.6,22.7,20.9,23.4,18.7,,,,,,22.2204,114.2127
2026-09-24T23:00,26.6,26.5,25.9,26.9,25.1,26.6,25.7,25.4,25.9,26.6,26.8,27.3,26.8,27.6,26.5,27.1,26,26.8,26.6,27.3,26.8,27.1,26.3,26.2,27,26.2,26.5,27.5,27.2,25.5,26.9,26.7,26.7,27.3,26.8,25.8,26.4,26.5,26.6,26.7,82,80,87,83,85,83,83,83,82,82,82,82,81,84,85,87,83,82,85,86,83,80,86,87,81,81,85,85,83,87,85,85,86,84,81,81,86,85,81,87,0,0,0,0,0,0,0,0,0,0,0,0,0,0,0,0,0,0,0,0,0,0,0,0,0,0,0,0,0,0,0,0,0,0,0,0,0,0,0,0,2.3,7.7,3.7,3.3,2.9,8.1,3.8,6.2,4.1,7.6,7.5,4.8,4.2,8.9,3.6,6.4,4.8,9.6,4.9,5.9,4.7,6.8,3.7,3.8,5.4,5.6,5.6,9.7,6,3.6,5.6,3.7,5.2,8.2,5.1,4.7,8.4,4.7,4,4.6,,,,,,,,,,,,,,,,,,,,,,,,,,,,,,,,,,,,,,,,,26.5,26.6,26.7,26.7,26.5,26.9,26.5,26.4,27,26.7,26.7,25.9,26.9,26.3,26.8,26.7,27,26.7,26.8,26.5,26.2,26.6,26.5,26.6,26.7,26.4,26.6,26.6,26.2,26.5,26.4,83,85,85,85,80,85,78,85,85,81,84,84,83,76,83,84,85,83,81,82,83,83,83,84,84,83,80,84,80,78,82,0,0,0,0,0,0,0,0,0,0,0,0,0,0,0,0,0,0,0,0,0,0,0,0,0,0,0,0,0,0,0,20.2,20.9,13.1,24.6,22.7,22,14.4,17.7,18.2,18.1,24.8,19.9,23.1,18.7,16.3,18.9,17.7,15.1,16.2,22.5,15,20.5,18.2,18.6,20.3,17.9,21.3,18.5,15.5,18.7,15.1,24.1,25.2,15.1,31.7,28.1,26.3,18,20.5,23.4,23,30.6,23.4,31,24.5,20.9,22.3,22.3,18,20.2,28.1,18.4,25.6,22,22.7,25.2,20.9,26.6,22,20.2,23.4,17.6,,,,,,22.2204,114.2127
2026-09-25T00:00,26.5,26.5,25.8,26.7,25,26.5,25.7,25.4,25.9,26.5,26.7,27.3,26.8,27.5,26.4,27,26,26.8,26.6,27.2,26.7,27.1,26.2,26.1,27,26.1,26.5,27.4,27.1,25.5,26.8,26.6,26.5,27.3,26.8,25.8,26.3,26.4,26.5,26.6,83,80,86,84,86,83,84,83,83,81,82,83,81,84,86,88,83,83,84,87,84,80,87,88,82,82,85,86,83,87,86,86,87,84,82,81,87,85,82,87,0,0,0,0,0,0,0,0,0,0,0,0,0,0,0,0,0,0,0,0,0,0,0,0,0,0,0,0,0,0,0,0,0,0,0,0,0,0,0,0,2.2,7.2,3.1,3.6,2.5,7.9,3.7,6.1,3.6,7.6,7.3,4.7,4.2,8.7,3.4,6.9,4.9,9.2,4.4,5.4,4.5,6.5,3.1,3.2,4.9,5.5,5.6,10.4,4.9,3.7,5.4,3.3,4.4,8.4,4.7,4.7,8.2,4.9,4,4.2,,,,,,,,,,,,,,,,,,,,,,,,,,,,,,,,,,,,,,,,,26.4,26.5,26.6,26.6,26.4,26.7,26.4,26.3,26.9,26.6,26.6,25.8,26.8,26.2,26.7,26.6,26.8,26.6,26.6,26.4,26.1,26.5,26.4,26.5,26.6,26.3,26.6,26.4,26.1,26.4,26.3,83,85,86,85,80,85,79,85,85,81,84,85,83,76,83,84,85,83,82,82,83,84,83,85,84,84,80,85,80,78,82,0,0.1,0,0,0,0,0,0,0,0,0,0,0.1,0,0,0,0,0,0.1,0,0,0,0,0,0,0,0,0,0,0,0,19.8,20.5,14.1,25.2,21.1,22.3,14.4,17.6,17.3,16.9,24.9,19.2,23.9,18.4,14.8,18.8,17.3,14.8,15.7,22,14.1,19.8,17.3,18.1,20.1,17.9,20.9,18.2,15.1,18,15.1,24.1,24.5,16.2,31.7,26.3,27.4,17.6,20.2,22,21.6,30.2,22.3,31.7,24.1,19.1,22.3,21.6,17.6,19.4,28.1,17.6,24.8,20.5,22.3,25.2,20.9,26.3,21.6,19.4,22.3,17.3,,,,,,22.2204,114.2127
2026-09-25T01:00,26.5,26.4,25.8,26.7,24.9,26.5,25.7,25.3,25.9,26.5,26.7,27.2,26.8,27.5,26.4,27,26,26.8,26.6,27.2,26.6,27.1,26.2,26,27,26.1,26.5,27.2,27.1,25.5,26.8,26.6,26.5,27.4,26.7,25.7,26.3,26.5,26.4,26.6,84,81,86,85,88,83,84,83,83,81,82,84,82,84,87,88,84,84,84,87,85,80,87,89,82,83,84,87,82,87,86,87,88,84,83,82,88,86,83,87,0,0,0,0,0,0,0,0,0,0,0,0,0,0,0,0,0,0,0,0,0,0,0,0,0,0,0,0,0,0,0,0,0,0,0,0,0,0,0,0,2.2,6.8,2.9,3.4,2.2,8,3.6,6.1,2.9,7.9,7.6,4.7,4.1,8.6,3.2,7.2,4.8,8.8,4,5.2,4.3,6.3,3,3.3,4.5,5.2,5.8,10.8,4.4,4.2,5.1,3.1,4,8.3,4.7,4.7,8.1,5.1,4,3.9,,,,,,,,,,,,,,,,,,,,,,,,,,,,,,,,,,,,,,,,,26.3,26.5,26.4,26.6,26.3,26.6,26.2,26.2,26.9,26.5,26.6,25.7,26.8,26.2,26.6,26.5,26.7,26.5,26.5,26.3,26,26.4,26.4,26.4,26.5,26.1,26.5,26.3,26,26.3,26.3,83,85,87,84,80,84,80,85,84,82,84,85,83,76,84,85,85,84,83,82,82,84,83,86,83,85,81,86,81,79,82,0,0.1,0,0,0,0,0,0,0,0,0,0,0.1,0,0,0,0,0,0.1,0,0,0,0,0,0,0,0,0,0,0,0,19.8,20.2,15.5,25.9,19,22,14.5,18,16.3,15.9,24.5,18.5,25.2,18,12.9,19.1,17.3,14.8,15.3,21.6,13.6,19.1,15.8,17.7,19.7,17.4,20.2,17.9,15.2,16.9,15.5,24.1,24.1,17.6,31.7,23.8,28.1,17.6,20.9,19.8,20.9,29.2,20.5,32.4,23.4,16.2,22.7,20.9,16.9,18.7,28.1,16.6,24.1,18.7,21.2,25.2,20.5,24.8,21.6,19.1,20.9,17.6,,,,,,22.2204,114.2127
2026-09-25T02:00,26.4,26.4,25.8,26.6,24.9,26.5,25.7,25.3,25.9,26.5,26.7,27.2,26.8,27.5,26.3,27,26,26.8,26.6,27.2,26.6,27.1,26.2,26,27,26.1,26.5,27.2,27,25.5,26.8,26.6,26.4,27.4,26.7,25.7,26.2,26.5,26.4,26.5,84,81,86,85,88,83,84,83,83,80,82,84,82,84,87,88,84,84,84,87,85,80,87,89,82,83,84,87,82,87,86,87,88,84,83,82,88,86,83,87,0,0,0,0,0,0,0,0,0,0,0,0,0,0,0,0,0,0,0,0,0,0,0,0,0,0,0,0,0,0,0,0,0,0,0,0,0,0,0,0,2.3,6.9,2.5,3.2,2.3,8,3.6,6.2,2.5,8,7.6,4.8,4,8.6,3.3,7.6,4.7,8.3,3.6,5.5,4.3,6.2,2.9,3.4,4.4,5.2,5.8,11.3,4,4.3,5,3.2,3.7,7.9,4.7,4.3,7.5,5.1,4,3.8,,,,,,,,,,,,,,,,,,,,,,,,,,,,,,,,,,,,,,,,,26.3,26.5,26.3,26.5,26.2,26.5,26.1,26.1,26.8,26.4,26.5,25.6,26.7,26.1,26.5,26.5,26.6,26.5,26.4,26.3,26,26.3,26.3,26.3,26.4,26,26.5,26.2,25.9,26.2,26.2,83,85,87,84,80,84,80,85,84,82,84,85,83,77,84,85,85,84,84,82,81,85,83,86,82,85,81,86,81,79,82,0,0.1,0,0,0,0,0,0,0,0,0,0,0.1,0,0,0,0,0,0.1,0,0,0,0,0,0,0,0,0,0,0,0,19.8,19.9,16.7,26.3,17,22.4,15,18.4,15.9,15.7,24.3,17.7,26.5,18.1,11.4,19.9,16.9,14.8,15.9,21.6,12.6,18.5,15.2,17.3,20.4,17.3,19.4,17.6,15.3,15.8,15.5,24.1,23.8,18.7,31.7,21.6,28.8,18,21.2,19.1,20.5,28.8,19.4,33.5,23,14.4,23.4,20.5,16.9,19.1,28.1,15.1,23.4,17.6,20.9,25.9,20.5,23.8,21.6,18.7,19.8,17.6,,,,,,22.2204,114.2127
2026-09-25T03:00,26.4,26.4,25.8,26.6,24.9,26.5,25.8,25.3,25.9,26.5,26.7,27.2,26.8,27.5,26.3,27,26,26.8,26.6,27.2,26.6,27.1,26.2,26.1,27,26.1,26.5,27.1,27,25.5,26.8,26.6,26.4,27.3,26.7,25.8,26.2,26.5,26.4,26.5,84,81,86,85,88,83,84,82,83,79,82,84,82,84,87,88,84,84,84,86,85,80,87,88,82,83,84,87,82,86,86,87,88,84,83,82,88,86,83,87,0,0,0,0,0,0,0,0,0,0,0,0,0,0,0,0,0,0,0,0,0,0,0,0,0,0,0,0,0,0,0,0,0,0,0,0,0,0,0,0,2.1,6.9,2.2,2.6,2.3,8.3,3.4,5.9,2.3,8,7.6,4.6,3.6,8.7,3.2,8.1,4.7,8.3,3,5.8,4,5.8,3,3.9,4.3,4.7,5.4,11,3.3,4.5,4.7,3.4,3.9,7.6,4.5,4,6.9,5.1,4.1,3.3,,,,,,,,,,,,,,,,,,,,,,,,,,,,,,,,,,,,,,,,,26.2,26.4,26.1,26.5,26.1,26.4,26,26,26.7,26.3,26.4,25.5,26.5,26,26.4,26.4,26.5,26.4,26.3,26.3,25.9,26.2,26.2,26.2,26.3,25.9,26.4,26.2,25.8,26.2,26.1,83,85,87,84,80,84,80,85,84,83,84,85,83,79,85,85,85,84,85,82,79,85,84,85,83,85,81,85,81,79,82,0,0,0,0,0,0,0,0,0,0,0,0,0,0,0,0,0,0,0.4,0,0,0,0,0,0,0,0,0,0,0,0,19.5,20,16.8,26.1,15.5,23.6,15.7,18.5,17,16.7,24.6,17,27.8,18.8,11.2,20.8,16.2,15.2,17.6,22,11.3,18.8,15.5,17.5,22.3,16.9,18.7,17,15.5,15.1,15.3,23.4,23.4,18.7,31.7,19.4,29.9,18.7,21.6,20.2,21.6,29.2,18.7,34.6,23,13.7,24.5,20.2,17.3,20.9,28.1,13,23,17.6,20.9,28.1,20.2,23,20.9,19.1,19.1,16.9,,,,,,22.2204,114.2127
2026-09-25T04:00,26.4,26.4,25.8,26.6,25,26.5,25.8,25.4,25.9,26.5,26.7,27.1,26.8,27.4,26.3,27,26,26.7,26.5,27.2,26.6,27.1,26.3,26.1,27,26.1,26.5,27.1,27,25.6,26.9,26.6,26.5,27.3,26.8,25.8,26.1,26.5,26.5,26.5,85,80,86,85,87,82,83,81,84,78,82,84,81,83,87,87,84,83,85,84,84,80,87,87,82,83,83,87,83,86,85,86,87,84,82,81,88,86,82,87,0,0,0,0,0,0,0,0,0,0,0,0,0,0,0,0,0,0,0,0,0,0,0,0,0,0,0,0,0,0,0,0,0,0,0,0,0,0,0,0,2,7,1.8,1.5,2.7,8.6,3.4,5.6,1.6,8.4,8.1,3.9,3.6,8.9,3.1,8.4,4.5,8.4,2.6,6.3,3.7,5.4,2.9,4.3,4.3,4,5.4,10.9,3.4,4.2,4.7,3.6,4.5,7.3,4.7,3,6.5,5.2,4.7,3.3,,,,,,,,,,,,,,,,,,,,,,,,,,,,,,,,,,,,,,,,,26,26.3,26,26.4,26,26.5,26,26,26.6,26.2,26.4,25.5,26.4,25.9,26.4,26.4,26.4,26.3,26.2,26.3,25.9,26.1,26,26.2,26.2,25.8,26.3,26.2,25.8,26.1,25.9,84,86,87,83,80,84,79,86,85,84,83,85,84,82,86,85,84,84,85,81,78,85,85,84,84,85,82,83,80,79,83,0,0,0,0,0,0,0,0,0,0,0,0,0,0,0,0,0,0,0.4,0,0,0,0,0,0,0,0,0,0,0,0,19.2,20.3,16.3,26.1,14.1,25.2,16.5,19.2,18.7,18.7,25.2,16.6,29.1,19.9,11.6,21.9,15.9,16,20.6,22.4,9.2,19.5,16.1,18.2,24.5,17.1,18,16.9,16,14.9,14.8,22.7,23.4,18.7,31.7,16.9,31,20.2,22.3,22,23.4,29.5,18,36,23.8,13.7,25.6,19.4,17.6,23.8,28.1,10.8,23.4,18,21.2,31,20.2,22.3,20.5,19.8,18.4,16.2,,,,,,22.2204,114.2127
2026-09-25T05:00,26.4,26.4,25.8,26.6,25.1,26.5,25.9,25.4,25.9,26.5,26.7,27.2,26.8,27.4,26.3,27,26.1,26.7,26.5,27.3,26.6,27.1,26.3,26.3,27,26.1,26.5,27.1,27,25.7,26.9,26.7,26.6,27.2,26.8,25.9,26.1,26.5,26.5,26.6,85,79,86,85,86,81,82,80,84,77,81,83,80,83,87,86,83,83,86,82,84,81,88,85,81,84,82,86,83,84,84,85,86,84,80,80,87,86,81,86,0,0,0,0,0,0,0,0,0,0,0,0,0,0,0,0,0,0,0,0,0,0,0,0,0,0,0,0,0,0,0,0,0,0,0,0,0,0,0,0,2.4,7.1,1.8,1.6,2.7,9.4,3.6,4.9,1.5,8.8,8.8,3.6,3.5,9.6,3.1,9.3,4.3,9,2.1,6.9,3.4,5,3.3,5.2,4.5,3.9,5.5,10.6,3.3,4.2,4.9,3.8,5.2,7.1,4.7,2.3,6.4,5.2,5,3.1,,,,,,,,,,,,,,,,,,,,,,,,,,,,,,,,,,,,,,,,,26,26.3,25.9,26.4,25.9,26.5,26,26,26.5,26.2,26.4,25.4,26.3,25.8,26.4,26.3,26.4,26.3,26.2,26.4,26,26.1,25.9,26.2,26.2,25.8,26.3,26.3,25.8,26.1,25.9,84,86,86,83,80,83,79,86,85,84,83,85,84,83,86,85,84,84,85,81,76,85,85,83,84,85,82,82,80,79,83,0,0,0,0,0,0,0,0,0,0,0,0,0,0,0,0,0,0,0.4,0,0,0,0,0,0,0,0,0,0,0,0,19.4,20.6,16.2,26.2,13.4,26.2,17.3,20,20.5,20,25.8,16.2,30,20.9,12.4,22.9,15.6,16.9,22.5,22.8,8,20.3,17.6,19,26.3,17.5,17.6,17,16.9,15.1,15.1,22.3,23.8,18.4,32,15.5,31.3,21.2,23,23.8,24.8,30.2,18,37.1,24.1,14,26.6,19.4,18.7,25.9,28.1,9.4,23.4,19.1,22,33.1,20.2,22,20.2,20.9,18.4,16.6,,,,,,22.2204,114.2127
2026-09-25T06:00,26.5,26.4,25.9,26.6,25.2,26.5,26.1,25.6,26,26.5,26.7,27.2,26.9,27.4,26.4,27.1,26.2,26.6,26.5,27.4,26.7,27.1,26.5,26.5,27.1,26.2,26.6,27.1,27.1,25.9,27.1,26.8,26.8,27.2,26.9,26.1,26.2,26.6,26.6,26.7,84,78,85,84,85,80,81,78,84,75,81,83,79,82,86,85,83,82,86,80,83,80,87,83,80,83,81,86,83,83,83,83,84,84,79,78,86,86,79,85,0,0,0,0,0,0,0,0,0,0,0,0,0,0,0,0,0,0,0,0,0,0,0,0,0,0,0,0,0,0,0,0,0,0,0,0,0,0,0,0,2.6,7.1,2.2,2.5,3.3,9.8,3.9,4.6,1.5,9.1,9.2,3.1,3.4,9.8,3.6,10.2,4.7,9.8,2.2,7.7,3.2,5,4.1,5.8,4.7,3.6,5.6,10.5,3.5,4.2,5.4,3.8,6,7.4,4.6,1.8,7.1,5.5,5.5,2.9,,,,,,,,,,,,,,,,,,,,,,,,,,,,,,,,,,,,,,,,,26,26.3,26,26.4,26,26.7,26,25.9,26.5,26.2,26.4,25.5,26.2,25.8,26.4,26.3,26.4,26.3,26.1,26.5,26.1,26.1,25.9,26.2,26.3,25.8,26.3,26.4,25.8,26.1,25.9,83,85,85,83,80,82,79,86,85,84,83,84,84,82,86,84,84,83,85,80,75,84,84,82,83,84,82,81,80,80,83,0,0,0,0,0,0.1,0,0,0,0,0,0,0,0,0,0,0,0,0.1,0,0,0,0,0,0,0,0.2,0,0,0,0,20.1,21.2,15.8,27.3,13.3,25.9,18.3,21.4,21.7,20.9,26.1,16.7,31,21.1,13.3,23.5,16.1,18.1,23,23.3,8,20.8,19.1,20.5,26.9,18.4,17.7,17.2,17.9,16,17.1,22.7,24.5,18.4,33.1,15.1,30.6,22.3,24.5,25.2,25.9,31,18.4,37.8,24.8,14.8,27.7,19.8,20.5,26.6,28.1,10.1,23.8,20.9,23.4,33.8,20.9,22,20.9,22.3,19.1,18.7,,,,,,22.2204,114.2127
2026-09-25T07:00,26.6,26.6,26.1,26.8,25.5,26.6,26.3,25.8,26.2,26.6,26.8,27.4,27.1,27.5,26.6,27.3,26.4,26.7,26.7,27.6,26.9,27.2,26.7,26.7,27.2,26.4,26.8,27.3,27.3,26.1,27.2,27,27,27.2,27.1,26.4,26.4,26.8,26.8,26.9,84,76,84,83,83,78,80,77,83,73,80,81,78,81,85,84,82,80,85,77,81,80,87,81,79,82,80,84,83,81,82,81,82,83,77,76,85,85,78,84,0,0,0,0,0,0,0,0,0,0,0,0,0,0,0,0,0,0,0,0,0,0,0,0,0,0,0,0,0,0,0,0,0,0,0,0,0,0,0,0,2.5,7.1,2.5,3.3,3.6,10.6,4.2,4.6,1.3,9.5,9.7,3.1,3.6,10.3,4,10.7,4.9,10.1,2.5,8.2,2.9,5.2,4.3,6.5,5.2,3.6,5.6,10.4,3.9,4,5.6,4.1,6.8,7.7,5.1,1.5,7.9,5.7,6.3,3.1,,,,,,,,,,,,,,,,,,,,,,,,,,,,,,,,,,,,,,,,,26.1,26.4,26.1,26.4,26.1,26.9,26.1,25.9,26.5,26.2,26.4,25.6,26.2,25.8,26.4,26.4,26.5,26.4,26.1,26.6,26.2,26.1,25.9,26.1,26.4,25.8,26.4,26.5,25.9,26.2,26,82,84,84,83,79,80,79,85,85,83,83,83,84,81,86,82,83,82,85,80,75,83,82,82,82,83,81,81,79,81,82,0,0,0,0,0,0.1,0,0,0,0,0,0,0,0,0,0,0,0,0.1,0,0,0,0,0,0,0,0.2,0,0,0,0,21.3,22.4,15.7,29.1,14.3,25.3,19.2,23.2,22.5,21.7,26.3,17.5,31.5,21.4,14.3,24,16.9,19.7,23.2,23.4,10.1,21.5,21.1,21.9,27.2,19.4,18.1,17.8,19.2,17.1,19.7,23.8,25.6,18.4,34.2,15.1,28.8,23.4,25.9,26.3,27,32,19.1,38.2,25.6,15.5,28.8,20.2,23,26.3,28.1,11.9,24.5,23,24.8,34.2,22,22.3,22,23.4,20.2,21.6,,,,,,22.2204,114.2127
2026-09-25T08:00,26.9,26.9,26.5,27.1,25.8,26.8,26.6,26.1,26.5,26.8,27,27.6,27.3,27.7,26.9,27.5,26.7,26.9,26.9,27.9,27.2,27.5,27,27,27.5,26.6,27,27.5,27.5,26.5,27.5,27.3,27.3,27.4,27.3,26.7,26.6,27,27.1,27.3,82,74,82,81,81,77,78,75,82,72,79,80,76,79,83,82,80,79,84,75,79,79,85,79,77,81,78,83,82,79,80,79,80,82,75,74,83,83,76,82,0,0,0,0,0,0,0,0,0,0,0,0,0,0,0,0,0,0,0,0,0,0,0,0,0,0,0,0,0,0,0,0,0,0,0,0,0,0,0,0,2.3,7.4,2.2,3.3,4,10.9,4.1,4.8,1.6,9.8,10,2.9,3.9,10.6,3.6,11,5.2,10.5,2.5,8.9,3.2,5.2,4.6,7.1,5.5,3.8,5.9,10.4,4,4.2,5.6,4.1,7.4,7.7,5.4,1.8,8.2,6,6.9,2.9,,,,,,,,,,,,,,,,,,,,,,,,,,,,,,,,,,,,,,,,,26.2,26.5,26.3,26.5,26.2,27.1,26.2,26,26.7,26.3,26.4,25.7,26.3,25.9,26.5,26.5,26.6,26.6,26.2,26.7,26.4,26.3,26,26.1,26.6,25.9,26.5,26.6,26.1,26.4,26.1,81,82,82,82,78,78,79,84,84,82,82,82,83,79,85,81,82,81,84,79,74,81,80,81,81,82,81,80,78,81,81,0,0,0,0,0,0.1,0,0,0,0,0,0,0,0,0,0,0,0,0.1,0,0,0,0,0,0,0,0.2,0,0,0,0,22,23.2,16,30.9,15.2,24.7,20.2,24.4,23.1,22.1,26.7,17.9,32,21.5,15,24.5,17.7,20.9,23.1,23.7,11.8,21.3,22.6,23.1,27,20,19.1,18.3,19.8,17.9,21.5,24.5,26.3,18.7,35.6,15.8,27.7,24.1,27,27,27.4,33.1,19.4,38.2,26.3,16.2,29.9,20.9,24.8,26.3,28.1,13.3,24.5,24.8,25.9,33.8,22.3,22.7,22.7,24.1,20.9,23.8,,,,,,22.2204,114.2127
2026-09-25T09:00,27.4,27.4,27.1,27.7,26.4,27.1,27,26.6,27.1,27.2,27.3,28,27.7,28.2,27.4,28,27.1,27.4,27.5,28.4,27.8,27.9,27.5,27.4,28,27.1,27.5,27.9,28,27,28,27.9,27.7,27.8,27.7,27.3,27.1,27.5,27.5,27.8,79,71,78,78,78,75,76,73,79,70,77,78,74,77,80,80,77,77,81,72,76,77,82,77,74,78,75,81,79,76,77,76,77,80,73,71,80,80,74,79,0,0,0,0,0,0,0,0,0,0,0,0,0,0,0,0,0,0,0,0,0,0,0,0,0,0,0,0,0,0,0,0,0,0,0,0,0,0,0,0,2,8,1.8,2.5,4.8,11.3,4.2,5.8,2.5,10.1,10.1,3.1,4.2,11,3.2,10.8,5.8,10.5,2.6,9.8,3.8,5.5,4.7,7.6,6,4.3,6.3,10.1,4.1,4.7,5.7,4.6,8.1,7.4,6,2.6,8.2,6.3,7.8,2.9,,,,,,,,,,,,,,,,,,,,,,,,,,,,,,,,,,,,,,,,,26.4,26.7,26.7,26.6,26.5,27.2,26.5,26.1,26.9,26.6,26.6,26,26.6,26.2,26.7,26.7,26.8,26.8,26.5,26.9,26.7,26.6,26.2,26.3,26.8,26.1,26.6,26.8,26.4,26.5,26.5,79,80,80,81,77,77,77,83,82,80,81,80,81,77,83,80,80,79,82,79,73,79,78,80,80,80,80,79,76,80,79,0,0,0,0,0,0,0,0,0,0,0,0,0,0,0,0,0,0,0,0,0,0,0,0,0,0,0.2,0,0,0,0,22.3,23.3,16.8,31.7,16.2,24.8,21.3,25,23.3,22.4,27.1,17.9,31.8,22.2,15.5,25.3,19.2,21.9,23.3,23.5,12.9,20.8,22.6,23.2,26.9,19.7,20.3,18.9,19.7,18.3,21.1,25.2,26.3,19.4,37.1,16.6,27.4,24.8,27.7,27.4,27,33.8,19.1,37.8,27,16.2,30.6,22.3,25.2,26.3,27.7,14,23.8,25.2,25.9,33.1,21.6,23.4,22.7,23,21.2,23.8,,,,,,22.2204,114.2127
2026-09-25T10:00,28.2,28.2,28,28.5,27.2,27.7,27.7,27.3,27.9,27.8,27.8,28.7,28.3,28.8,28.3,28.6,27.7,28,28.3,29.1,28.6,28.5,28.3,28,28.7,27.7,28.1,28.5,28.7,27.8,28.7,28.7,28.3,28.5,28.3,28.1,27.9,28.2,28.1,28.7,75,67,73,74,74,73,73,70,75,68,74,74,70,73,75,77,74,74,77,69,72,74,78,73,70,75,71,77,76,72,74,72,74,76,70,66,76,75,71,74,0,0,0,0,0,0,0,0,0,0,0,0,0,0,0,0,0,0,0,0,0,0,0,0,0,0,0,0,0,0,0,0,0,0,0,0,0,0,0,0,2.9,8.7,2.9,2.3,5.8,11.5,5.1,7.3,4.3,10.8,10.6,4.5,5,11.4,3.4,10.7,6.9,10,3.5,11.1,5.1,6.3,4.8,8.3,6.5,5.4,7,10.5,5.2,6.1,6.2,5.8,9.5,7.8,7.3,4.3,8,6.9,9.3,3.9,,,,,,,,,,,,,,,,,,,,,,,,,,,,,,,,,,,,,,,,,26.7,26.9,27.2,26.8,26.8,27.4,26.8,26.4,27.3,27,26.8,26.4,26.9,26.5,27,26.9,27.1,27.1,26.9,27.1,27.1,26.9,26.4,26.6,27,26.4,26.7,27.1,26.8,26.7,26.9,77,78,77,79,76,76,74,81,81,77,79,78,80,75,81,79,78,78,79,78,71,76,75,80,79,77,80,78,74,78,77,0,0,0,0,0,0,0,0,0,0,0,0,0,0,0,0,0,0,0,0,0,0,0,0,0,0,0.2,0,0,0,0,22.5,23.4,17.9,32.4,17.4,24.8,22,25.3,23.5,22.2,28,17.5,31.4,23.2,15.8,26.3,20.7,22.6,23.2,23.3,13.5,20.3,22.6,23.1,27,19,21.7,19.7,18.8,18.9,20.4,25.6,26.3,20.2,38.2,17.6,27.4,25.2,27.7,27.4,25.9,34.6,18,36.7,27.7,15.8,31,23.8,25.2,26.3,27,14.4,22.7,25.2,25.6,31.7,20.5,24.5,22.7,21.2,21.2,23,,,,,,22.2204,114.2127
2026-09-25T11:00,29,29,29,29.5,28.1,28.3,28.4,28.1,28.8,28.4,28.4,29.3,29,29.5,29.2,29.3,28.4,28.7,29.2,29.9,29.5,29.3,29.1,28.6,29.5,28.5,28.9,29.1,29.4,28.7,29.4,29.6,29,29.2,29,29,28.8,29,28.8,29.6,70,62,68,69,70,70,70,67,70,66,71,71,67,70,70,74,69,71,71,65,68,70,73,70,66,70,67,74,71,69,70,67,70,73,66,61,71,69,67,69,0,0,0,0,0,0,0,0,0,0,0,0,0,0,0,0,0,0,0,0,0,0,0,0,0,0,0,0,0,0,0,0,0,0,0,0,0,0,0,0,4.5,9.7,5.4,3.6,7.3,11.9,6.6,9.3,6.5,11.5,11.2,6.8,6.6,12.2,5.8,11.2,8.6,10.1,5.8,12.4,6.5,7.6,5.8,9.5,7.6,7.2,8.6,11.2,7.2,7.8,6.9,7.3,10.8,9,9,6.5,8.7,8,10.9,5.9,,,,,,,,,,,,,,,,,,,,,,,,,,,,,,,,,,,,,,,,,26.9,27.1,27.5,26.9,27,27.5,27,26.6,27.5,27.3,26.9,26.7,27.2,26.7,27.3,27.2,27.3,27.3,27.1,27.2,27.3,27.2,26.6,26.8,27.2,26.7,26.8,27.3,27,26.9,27.2,75,77,75,78,75,76,72,80,79,75,78,76,78,73,79,78,77,76,76,78,70,74,73,79,79,75,79,77,72,77,75,0,0,0,0,0,0,0,0,0,0,0,0,0,0,0,0,0,0,0,0,0,0,0,0,0,0,0.2,0,0,0,0,22.6,23.1,18.9,32.6,18.4,24.9,22.5,25.4,23.5,22.1,28.4,17.4,30.7,24.4,15.9,26.9,21.7,22.8,23.3,23.5,14.1,19.8,23.1,22.7,26.8,18.8,22.8,19.9,18,19.2,20.2,25.9,25.9,20.9,38.9,18.7,27.7,25.2,28.1,27.4,25.2,34.9,17.6,35.6,28.1,15.5,31.3,24.8,24.8,26.3,26.6,15.1,22,25.2,25.2,30.6,19.8,24.8,22.3,19.8,21.6,22.3,,,,,,22.2204,114.2127
2026-09-25T12:00,29.8,29.8,29.9,30.3,28.9,28.9,29.1,28.8,29.6,29,29,30,29.6,30.2,30.1,29.9,29,29.4,30,30.6,30.3,29.9,29.9,29.2,30.2,29.1,29.6,29.8,30.1,29.5,30.1,30.4,29.6,29.9,29.6,29.9,29.6,29.7,29.5,30.4,65,58,62,65,66,68,67,64,65,64,69,67,63,67,65,71,66,68,67,62,63,67,69,67,62,66,63,70,67,65,67,63,66,69,64,56,67,64,64,64,0,0,0,0,0,0,0,0,0,0,0,0,0,0,0,0,0,0,0,0,0,0,0,0,0,0,0,0,0,0,0,0,0,0,0,0,0,0,0,0,6.4,10.5,8,5.7,8.7,12.3,9,11.4,8.4,12,11.9,9.1,8.4,13,8.3,11.9,10.6,10.2,8,13.7,8,9.1,7.2,10.6,8.4,9.3,10.3,12.3,9.7,9.4,8,9.2,12.6,10.6,10.9,8.8,10.1,9.4,12.2,8.1,,,,,,,,,,,,,,,,,,,,,,,,,,,,,,,,,,,,,,,,,27,27.2,27.6,27,27,27.5,27.1,26.7,27.7,27.3,27.1,26.8,27.3,26.8,27.5,27.3,27.4,27.4,27.2,27.2,27.4,27.3,26.7,27,27.3,26.8,26.9,27.4,27.1,27,27.3,74,76,74,78,75,76,70,80,78,75,78,75,77,73,77,78,77,75,75,78,70,74,72,79,79,74,79,76,72,76,74,0,0,0,0,0,0,0,0,0,0,0,0,0,0,0,0,0,0,0,0,0,0,0,0,0,0,0,0,0,0,0,22.2,22.4,19.1,32.4,19.8,24.8,22.1,25.5,23.7,21.5,28.7,17.7,29.4,25.3,15.7,27.3,22.3,22.6,23.2,23.6,15.5,20,23.8,22.6,26.4,19.1,22.7,19.8,17.6,19.7,20.5,25.6,25.2,20.9,38.5,20.2,28.4,24.5,28.4,27.7,24.5,35.3,17.6,33.8,28.4,14.8,32,25.2,24.5,26.3,26.6,16.2,22.3,25.6,24.8,30.2,19.8,24.5,21.6,19.4,22.3,22,,,,,,22.2204,114.2127
2026-09-25T13:00,30.3,30.4,30.6,31,29.5,29.3,29.5,29.3,30.2,29.5,29.4,30.4,30.1,30.7,30.7,30.4,29.4,29.9,30.7,31.1,30.9,30.4,30.5,29.6,30.7,29.6,30.1,30.3,30.6,30.1,30.6,31,30,30.4,30,30.5,30.1,30.2,30,31,62,55,58,61,64,66,65,62,62,63,67,65,61,64,62,69,63,66,63,60,60,65,65,65,59,63,61,68,64,63,64,60,64,67,62,52,64,61,62,61,0,0,0,0,0,0,0,0,0,0,0,0,0,0,0,0,0,0,0,0,0,0,0,0,0,0,0,0,0,0,0,0,0,0,0,0,0,0,0,0,7.9,11.4,10.3,7.9,10,12.4,10.6,13.1,9.9,12.5,12.4,11.1,10,13.6,10.5,12.9,12,10.6,9.8,14.4,9.3,10.4,8.4,11.3,9.3,10.7,12.2,13.4,12,10.8,9.3,11.1,13.8,12.5,12.4,10.4,11.6,10.6,13.3,9.7,,,,,,,,,,,,,,,,,,,,,,,,,,,,,,,,,,,,,,,,,27.1,27.3,27.6,27.1,27,27.6,27.1,26.8,27.8,27.3,27.2,26.9,27.4,26.9,27.6,27.5,27.4,27.5,27.2,27.2,27.4,27.3,26.8,27.1,27.5,26.9,26.9,27.6,27.1,27.1,27.3,75,77,75,78,76,76,69,80,78,77,78,75,77,73,76,78,77,74,74,79,70,76,73,79,79,74,78,75,72,76,74,0,0,0,0,0,0,0,0,0,0,0,0,0,0,0,0,0,0,0,0,0,0,0,0,0,0,0,0,0,0,0,21.9,21.6,19.3,31.6,21,25.1,21.4,25.3,23.9,21,28.7,18.4,27.4,25.9,15.2,27.9,22.1,22.1,23.1,23.6,17.3,20.8,24.6,22.6,26.2,19.5,22.6,19.5,17.7,20.5,21.2,24.8,24.5,20.5,37.4,21.6,29.5,23.4,28.4,27.7,23.4,35.6,18,32,28.8,13.7,32.8,25.2,24.1,25.9,26.6,17.6,23,25.6,24.5,30.2,19.8,23.8,20.9,19.4,23,21.6,,,,,,22.2204,114.2127
2026-09-25T14:00,30.6,30.6,30.9,31.3,29.7,29.5,29.7,29.5,30.4,29.6,29.5,30.6,30.2,30.9,31,30.6,29.6,30.2,30.9,31.3,31.1,30.6,30.7,29.8,30.9,29.8,30.2,30.5,30.8,30.4,30.8,31.2,30.2,30.6,30.2,30.7,30.4,30.4,30.1,31.3,60,54,56,60,63,66,65,62,60,63,66,64,60,64,60,68,62,65,61,59,59,64,64,65,58,62,60,67,63,62,63,59,63,66,61,51,63,59,62,59,0,0,0,0,0,0,0,0,0,0,0,0,0,0,0,0,0,0,0,0,0,0,0,0,0,0,0,0,0,0,0,0,0,0,0,0,0,0,0,0,8.9,11.4,11.3,9,10.4,12.2,11.8,13.7,10.7,12.2,12.7,12,10.6,13.8,11.6,13.5,12.9,11,10.6,14.8,9.7,10.9,9.2,11.6,9.9,11.6,12.9,14,12.9,11.4,9.7,11.8,14.4,13.2,13.3,11.2,12.4,11.4,14.1,10.5,,,,,,,,,,,,,,,,,,,,,,,,,,,,,,,,,,,,,,,,,27.2,27.3,27.6,27.2,26.9,27.6,27.1,26.9,27.8,27.3,27.3,26.9,27.5,26.9,27.7,27.6,27.4,27.5,27.2,27.2,27.3,27.3,26.8,27.1,27.6,26.9,27,27.6,27.1,27.2,27.2,75,77,75,78,76,77,68,81,78,78,78,75,77,73,75,79,77,74,73,79,71,77,73,79,79,74,78,74,72,76,74,0,0,0,0,0,0,0,0,0,0,0,0,0,0,0,0,0,0,0,0,0,0,0,0,0,0,0,0,0,0,0,21.7,21,19.1,31.4,21.7,25.3,20.6,25.1,23.7,20.7,29.3,18.8,26.2,26.2,14.8,28,21.6,21.3,22.7,23.7,18.3,21.6,24.7,22.3,25.3,19.5,22.1,19.5,17.3,20.7,20.9,24.5,23.8,20.5,37.1,22.3,30.6,22.3,28.4,27.7,23,36.4,18.4,30.6,28.8,13.3,33.5,24.5,23.8,25.9,26.6,18.4,23.4,25.6,24.1,30.2,19.8,23.4,20.5,19.4,23.4,20.9,,,,,,22.2204,114.2127
2026-09-25T15:00,30.4,30.3,30.6,31.1,29.5,29.3,29.5,29.3,30.2,29.4,29.3,30.5,30,30.7,30.7,30.5,29.3,30,30.7,31.1,30.9,30.5,30.4,29.5,30.6,29.6,30,30.4,30.6,30.2,30.6,31,30,30.5,29.9,30.4,30.1,30.2,29.9,31,61,56,57,61,65,67,66,64,61,65,67,65,61,66,61,69,63,66,62,60,60,65,65,67,59,63,62,68,64,64,64,61,64,67,62,52,65,60,64,60,0,0,0,0,0,0,0,0,0,0,0,0,0,0,0,0,0,0,0,0,0,0,0,0,0,0,0,0,0,0,0,0,0,0,0,0,0,0,0,0,9.1,10.8,11,9.2,10.2,11.7,11.5,13.4,10.3,11.6,12.2,11.7,10.3,13.2,11.8,13.6,12.6,10.8,10.2,14.1,9.4,10.7,9.1,11.4,9.7,11.4,12.7,13.8,12.6,11.3,9.3,11.4,14.2,13,13,10.8,12.2,11.3,13.8,10.3,,,,,,,,,,,,,,,,,,,,,,,,,,,,,,,,,,,,,,,,,27.2,27.3,27.6,27.2,26.8,27.6,27.1,27,27.9,27.4,27.3,27,27.5,26.9,27.7,27.6,27.4,27.5,27.2,27.2,27.3,27.4,26.7,27.2,27.7,26.9,27,27.6,27,27.2,27.2,76,78,75,78,76,78,69,81,78,78,79,74,77,73,75,80,77,74,72,79,71,77,74,79,79,74,78,74,72,75,74,0,0,0,0,0,0,0,0,0,0,0,0,0,0,0,0,0,0,0,0,0,0,0,0,0,0,0,0,0,0,0,21.6,20.5,19.1,31.6,21,25.7,19.8,24.2,22.9,20.6,30.5,18.4,25.4,25.7,15.3,27.6,20.5,20.5,22.3,23.9,17.7,21.6,23.6,21.8,24.1,19.1,22,19.3,16.7,20.2,19.5,24.5,23.8,20.9,37.4,21.6,31.7,21.2,27.7,27,23,37.1,18.4,29.9,28.4,14,33.5,23,23.4,25.9,27,18.4,23.4,24.5,24.1,29.5,19.8,23.4,20.5,18.4,23.8,20.2,,,,,,22.2204,114.2127
2026-09-25T16:00,29.8,29.7,29.8,30.5,28.8,28.8,29.1,28.7,29.6,28.9,28.8,30,29.5,30.1,30.1,30,28.8,29.6,30.1,30.5,30.2,30,29.8,29,30,29.1,29.4,30,30,29.6,30.1,30.3,29.5,30,29.4,29.7,29.5,29.6,29.4,30.4,63,60,59,63,68,70,69,67,63,67,69,68,64,69,63,72,67,69,64,64,62,67,68,70,62,65,65,71,68,68,66,65,68,70,65,55,68,63,67,62,0,0,0,0,0,0,0,0,0,0,0,0,0,0,0,0,0,0,0,0,0,0,0,0,0,0,0,0,0,0,0,0,0,0,0,0,0,0,0,0,8.5,9.8,9.9,8.8,9.2,10.5,10.7,11.9,9,10.4,11.3,10.4,9.7,11.8,10.8,12.7,12.1,10.3,9.1,12.7,8.8,10,8.8,10.3,9,10.8,11.4,12.8,11.9,10.6,8.3,10.5,13,11.8,12,9.8,11.4,10.4,12.8,9.5,,,,,,,,,,,,,,,,,,,,,,,,,,,,,,,,,,,,,,,,,27.3,27.2,27.6,27.1,26.8,27.6,27.1,27,28,27.5,27.2,27,27.4,26.9,27.6,27.6,27.3,27.4,27.2,27.1,27.2,27.5,26.5,27.2,27.8,26.9,26.9,27.5,27,27.2,27.2,77,80,75,79,76,79,70,81,78,78,80,73,78,73,76,80,78,74,72,80,72,77,74,80,79,74,77,75,72,75,74,0,0,0,0,0,0,0,0,0,0,0,0,0,0,0,0,0,0,0,0,0,0,0,0,0,0,0,0,0,0,0,21.3,20.5,18.4,31.6,19.5,26.3,19.1,23,21.6,20.2,31.4,18.2,25,24.5,15.9,27.4,19.6,19.7,22,24.2,16.6,20.9,22,21.3,22.9,18.4,21.6,18.9,15.9,19.8,17.9,24.5,23.8,21.2,38.2,20.2,32.8,20.5,27,25.9,23.4,38.2,18.4,29.5,28.1,15.5,33.1,21.2,23,25.9,27.4,18.4,23.4,23.4,24.1,28.8,19.4,23.8,20.9,17.3,23.8,19.1,,,,,,22.2204,114.2127
2026-09-25T17:00,29.1,28.8,28.8,29.7,28,28.2,28.4,27.9,28.8,28.2,28.2,29.4,28.9,29.4,29.3,29.4,28.1,29,29.2,29.8,29.4,29.4,29,28.3,29.2,28.4,28.7,29.4,29.3,28.8,29.4,29.5,28.8,29.4,28.7,28.7,28.7,28.9,28.7,29.5,67,65,63,67,73,74,73,72,67,71,73,71,67,74,67,75,71,72,67,68,66,71,71,74,65,68,69,74,72,73,69,70,72,74,69,60,73,68,71,66,0,0,0,0,0,0,0,0,0,0,0,0,0,0,0,0,0,0,0,0,0,0,0,0,0,0,0,0,0,0,0,0,0,0,0,0,0,0,0,0,7.7,8.4,8.3,8,7.9,9.3,9.4,10.3,7.2,8.7,10,8.7,8.4,10.4,9.7,11.6,10.8,9.5,7.6,10.7,7.6,8.9,7.9,9.2,8,9.5,9.9,11.6,10.3,9.5,7.1,9.2,11.8,10.2,10.2,8.1,10.3,9,11.7,7.7,,,,,,,,,,,,,,,,,,,,,,,,,,,,,,,,,,,,,,,,,27.3,27.2,27.5,27,26.7,27.6,27.1,27,27.9,27.5,27.2,27,27.3,26.8,27.4,27.5,27.1,27.3,27.1,27,27.1,27.5,26.4,27.3,27.8,26.8,26.8,27.3,26.9,27.2,27.1,78,81,76,80,76,80,72,82,78,78,81,73,79,74,77,81,79,74,72,80,72,77,75,80,79,74,77,76,73,75,74,0,0,0,0,0,0,0,0,0,0,0,0,0,0,0,0,0,0,0,0,0,0,0,0,0,0,0,0,0,0,0,20.9,20.2,18.2,31.9,18,26.7,18.4,22.4,20.9,19.5,32.4,17.5,24.9,23.4,16,27.4,17.9,18.8,21.2,24.1,15.6,20.3,20.2,20.5,21.6,17.9,21.6,18.2,15.6,19.2,16.2,24.1,23.8,21.2,38.9,19.1,33.1,19.8,26.3,25.2,23.4,38.9,18,29.5,27,15.8,33.1,19.4,22.7,25.6,27.4,17.6,23,22,24.1,27.7,19.4,24.1,20.9,16.6,23.4,17.6,,,,,,22.2204,114.2127
2026-09-25T18:00,28.3,27.9,27.8,28.8,27.1,27.6,27.7,27.1,28,27.5,27.5,28.7,28.2,28.7,28.4,28.7,27.4,28.4,28.3,29,28.5,28.8,28.2,27.5,28.3,27.6,27.8,28.9,28.5,28,28.7,28.5,28,28.8,27.9,27.7,27.9,28.1,27.9,28.5,71,70,68,71,78,78,78,77,71,75,76,75,71,78,70,79,76,76,71,72,70,74,76,78,70,72,74,78,76,78,73,76,77,78,73,65,78,73,75,70,0,0,0,0,0,0,0,0,0,0,0,0,0,0,0,0,0,0,0,0,0,0,0,0,0,0,0,0,0,0,0,0,0,0,0,0,0,0,0,0,6.6,7,6.2,7.1,6.6,8,7.8,8.4,5.5,7.1,8.7,6.9,6.8,8.6,8.3,10.2,9.5,8.4,5.8,8.9,6.3,7.6,6.9,7.8,7.4,8.3,8,10.2,8.4,8.4,6.3,7.6,10.3,8.4,8.6,6.3,8.9,7.7,10,6.1,,,,,,,,,,,,,,,,,,,,,,,,,,,,,,,,,,,,,,,,,27.1,27.1,27.3,26.9,26.5,27.4,27,26.9,27.8,27.4,27.1,26.9,27.2,26.7,27.2,27.3,27,27.1,26.9,26.8,27,27.3,26.3,27.3,27.7,26.7,26.7,27.1,26.7,27,27,80,82,77,81,77,81,74,83,80,79,82,74,80,76,77,82,80,75,74,81,73,79,76,81,80,75,77,77,74,76,74,0,0,0,0,0,0,0,0,0,0,0,0,0,0,0,0.7,0,0,0,0,0,0,0,0,0,0,0,0,0,0,0,19.8,20,17.7,31.8,17.6,26,17.7,22,20.5,18.4,32.8,16.9,24.9,21.6,13.9,27,16.1,18.1,20.5,23,14.6,19.7,18.8,19.4,20.2,17.2,21.3,17.4,15.9,18.5,14.5,23,23.8,21.2,38.9,19.1,32.8,19.4,25.9,25.6,22.7,39.6,17.6,29.9,25.2,14,33.1,17.6,21.6,25.2,26.6,16.6,23,20.9,23.4,26.3,19.4,24.8,20.2,17.3,22.7,15.8,,,,,,22.2204,114.2127
2026-09-25T19:00,27.6,27.1,26.8,28,26.2,27,27.1,26.4,27.2,26.8,26.9,28.1,27.6,28,27.6,28.1,26.7,27.8,27.5,28.3,27.7,28.2,27.4,26.8,27.5,26.9,27.1,28.4,27.8,27.2,28,27.7,27.4,28.2,27.2,26.8,27.1,27.3,27.3,27.7,75,75,72,74,83,81,81,81,74,78,79,78,74,83,74,82,80,80,75,77,73,77,79,82,74,75,79,82,81,83,76,81,81,81,76,69,83,77,79,74,0,0,0,0,0,0,0,0,0,0,0,0,0,0,0,0,0,0,0,0,0,0,0,0,0,0,0,0,0,0,0,0,0,0,0,0,0,0,0,0,5.4,5.5,4.6,6.1,5.4,7.1,6.3,6.8,3.9,5.9,7.8,5.4,5.5,7.1,6.7,8.9,8.1,7.6,4.4,7.4,5.2,6.3,6.1,6.7,6.3,6.9,6.6,9,6.6,7,5.7,6,8.8,6.8,7.1,4.5,7.3,6.1,8.9,4.6,,,,,,,,,,,,,,,,,,,,,,,,,,,,,,,,,,,,,,,,,26.9,27,27,26.8,26.3,27.2,26.8,26.7,27.5,27.3,27,26.7,27,26.5,27,27.1,26.8,26.9,26.7,26.7,26.8,27.1,26.2,27.2,27.5,26.4,26.6,26.9,26.4,26.8,26.8,82,82,79,82,78,83,75,85,82,81,83,75,82,79,76,83,81,76,77,81,73,81,76,81,81,77,78,79,75,78,75,0,0,0,0,0,0,0,0,0,0,0,0,0,0,0,0.7,0,0,0,0,0,0,0,0,0,0,0,0,0,0,0,18.4,20,17.2,31.7,17.3,25,17.4,21.7,20.5,17.2,32.4,15.9,24.8,19.5,11,27,14.4,17.3,20,21.6,13.4,18.9,17.5,18.1,18.8,16.8,21,16.1,17,18.2,12.5,22,24.1,20.9,38.9,19.4,32,19.1,25.6,26.3,21.2,40.3,17.3,30.6,23,10.8,33.5,15.8,20.5,25.2,25.6,15.1,22.7,19.8,23,24.8,19.4,25.9,18.7,19.1,21.6,13.7,,,,,,22.2204,114.2127
2026-09-25T20:00,27.1,26.5,26.1,27.4,25.7,26.6,26.6,25.9,26.6,26.4,26.5,27.7,27.1,27.5,27,27.7,26.2,27.4,27,27.8,27.1,27.8,26.9,26.4,27,26.4,26.6,28,27.3,26.7,27.5,27.1,26.9,27.8,26.8,26.1,26.6,26.8,26.8,27.1,78,79,75,77,86,84,84,84,77,81,82,81,77,86,77,85,83,82,78,80,76,80,82,85,77,78,82,84,84,86,79,85,84,84,79,73,86,81,82,77,0,0,0,0,0,0,0,0,0,0,0,0,0,0,0,0,0,0,0,0,0,0,0,0,0,0,0,0,0,0,0,0,0,0,0,0,0,0,0,0,4.6,4.8,3.3,5.4,4.3,6.4,5,5.5,2.8,5.1,6.9,4.3,4.4,5.8,5.6,8.2,7.2,7.1,3.4,6.4,4.5,5.2,5.4,5.6,5.5,5.9,5.6,8.2,5.4,6.2,5.4,5.2,7.9,5.6,6,3.4,6.5,5.1,7.8,3.3,,,,,,,,,,,,,,,,,,,,,,,,,,,,,,,,,,,,,,,,,26.8,26.9,26.8,26.8,26.2,27.1,26.7,26.6,27.3,27.2,26.9,26.5,26.9,26.3,26.8,26.9,26.6,26.7,26.5,26.6,26.6,27,26.1,27.2,27.4,26.3,26.6,26.7,26.2,26.6,26.7,84,83,80,83,80,84,77,86,84,83,84,76,83,82,76,84,82,78,80,82,74,83,77,82,82,78,79,80,76,79,76,0,0,0,0,0,0,0,0,0,0,0,0,0,0,0,0.7,0,0,0,0,0,0,0,0,0,0,0,0,0,0,0,17.3,19.3,16.3,31.6,16.9,24.4,16.3,21.3,20.5,16.2,32.1,15,24.9,17.7,8.4,26.3,12.7,16.2,19.1,20.3,12.9,18.1,16.4,17.1,17.7,15.9,20.8,14.8,17.3,17.6,11,20.9,23.8,20.2,38.9,19.4,31.7,18.7,25.6,26.6,20.2,40.7,16.9,30.6,21.2,8.3,33.5,14.4,19.4,24.1,24.5,13.7,22.3,18.7,22.7,23.8,18.7,26.3,17.3,20.2,20.9,12.2,,,,,,22.2204,114.2127
2026-09-25T21:00,26.8,26.2,25.7,27.1,25.3,26.4,26.4,25.6,26.3,26.1,26.2,27.5,26.8,27.3,26.6,27.4,26,27.2,26.7,27.5,26.7,27.5,26.6,26.1,26.7,26.1,26.3,27.9,27,26.4,27.2,26.8,26.6,27.5,26.5,25.7,26.4,26.5,26.6,26.7,80,82,78,79,88,86,86,86,79,83,84,83,79,88,79,87,85,84,80,83,78,82,84,87,80,80,84,85,86,88,81,88,86,86,81,76,88,84,84,79,0,0,0,0,0,0,0,0,0,0,0,0,0,0,0,0,0,0,0,0,0,0,0,0,0,0,0,0,0,0,0,0,0,0,0,0,0,0,0,0,3.8,4.5,2.5,4.8,3.8,5.7,4,5,2.3,4.8,6.4,3.8,3.6,4.9,4.6,7.7,6.6,6.6,3.2,5.6,4.2,4.2,4.8,4.8,5,5.1,5.1,7.9,4.5,5.2,5.1,4.7,7.1,5.2,5.5,2.4,6,4.4,7,2.3,,,,,,,,,,,,,,,,,,,,,,,,,,,,,,,,,,,,,,,,,26.7,26.8,26.7,26.8,26.2,27,26.6,26.6,27.1,27.1,26.9,26.4,26.9,26.3,26.7,26.9,26.6,26.6,26.4,26.5,26.4,26.9,26,27.3,27.3,26.2,26.6,26.6,26.1,26.4,26.6,85,84,81,83,82,85,79,86,85,84,85,76,84,84,76,84,82,80,82,82,75,84,77,82,83,78,80,81,77,80,77,0,0,0,0,0,0,0,0.1,0.1,0,0.1,0,0,0,0,0.2,0,0,0,0,0,0,0,0.3,0,0,0,0,0,0,0,17,18.3,14.5,32.2,16.2,24.4,15,20.8,20.9,15.1,31.7,13.9,23.8,17.1,7.2,25.2,11.6,15.4,17.3,19.8,11.7,17,15,17,17.4,14.2,20.3,13.7,17.3,17.2,10.6,20.5,22.3,18.4,39.6,19.1,31.7,17.6,25.6,27,19.1,40.7,16.2,29.5,20.5,7.2,33.1,13.3,18.7,22,23.8,12.6,21.2,17.6,23.8,23.8,16.9,25.9,16.2,20.5,20.2,12.2,,,,,,22.2204,114.2127
2026-09-25T22:00,26.6,26.1,25.4,26.9,25.1,26.3,26.2,25.5,26,25.9,26.1,27.3,26.5,27.1,26.4,27.2,25.8,27.1,26.5,27.4,26.5,27.3,26.4,26,26.5,25.8,26,27.8,26.9,26.2,27,26.6,26.5,27.4,26.4,25.4,26.3,26.3,26.5,26.5,81,84,80,80,91,87,87,87,81,85,86,85,81,91,81,88,86,85,82,85,80,83,85,89,83,83,87,86,88,90,83,90,88,87,82,79,90,86,85,81,0,0,0,0,0,0,0,0,0,0,0,0,0,0,0,0,0,0,0,0,0,0,0,0,0,0,0,0,0,0,0,0,0,0,0,0,0,0,0,0,2.6,4.3,2.1,4.3,3.3,5,3,4.6,1.8,4.6,6.1,3.3,3.1,4.3,3.9,7.1,6.1,6.3,2.9,4.8,3.9,3.7,4.3,4.6,4.2,4.3,4.8,8.4,3.6,4.7,4.7,4.7,6.6,4.8,5.4,1.8,5.5,3.9,6.6,1.5,,,,,,,,,,,,,,,,,,,,,,,,,,,,,,,,,,,,,,,,,26.8,26.8,26.6,26.9,26.2,26.9,26.5,26.6,27,27,26.9,26.3,26.8,26.2,26.6,27,26.6,26.5,26.3,26.5,26.3,26.8,26,27.3,27.2,26.2,26.6,26.5,26,26.3,26.5,85,84,82,84,84,86,81,86,86,84,86,76,84,85,77,83,82,82,84,83,76,85,77,82,84,77,80,82,78,81,78,0,0,0,0,0,0,0,0.1,0.1,0,0.1,0,0,0,0,0.2,0,0,0,0,0,0,0,0.3,0,0,0,0,0,0,0,16.6,16.9,12.6,32.8,15.5,24.9,13.9,20.4,21.3,14.1,31,13.4,22.7,17.2,6.6,23.8,10.4,14.5,15.1,19.6,11,15.6,13.8,17.6,17.7,11.9,19.8,12.6,16.6,16.5,10.5,20.9,20.5,15.5,40.7,18.4,31.7,16.6,25.9,27,17.6,40.3,15.5,28.1,20.5,6.8,32,12.2,18,19.1,23.4,11.9,19.8,16.6,24.8,24.1,14.4,25.2,15.1,20.5,19.8,12.6,,,,,,22.2204,114.2127
2026-09-25T23:00,26.5,26,25.2,26.8,25,26.2,26.1,25.5,25.8,25.9,26,27.2,26.3,27.1,26.3,27.1,25.8,27.1,26.5,27.3,26.3,27.2,26.4,26,26.3,25.6,25.9,27.8,26.8,26.2,26.8,26.4,26.3,27.3,26.3,25.2,26.3,26.1,26.5,26.3,82,86,83,81,92,88,88,88,82,87,88,87,83,93,83,90,87,86,84,87,82,85,86,90,86,85,88,87,90,91,84,92,89,88,83,81,91,88,86,82,0,0,0,0,0,0,0,0,0,0,0,0,0,0,0,0,0,0,0,0,0,0,0,0,0,0,0,0,0,0,0,0,0,0,0,0,0,0,0,0,1.8,4.3,1.6,3.6,3.1,4.3,2.5,4.8,1.6,4.6,5.4,2.9,2.6,4,3.2,6.7,5.6,6,3.1,4.1,3.9,2.9,3.6,4.1,4,3.3,4.9,8.7,3,3.9,4.5,4.5,6.2,4.8,5.2,1.5,5.3,3.4,6.5,0.5,,,,,,,,,,,,,,,,,,,,,,,,,,,,,,,,,,,,,,,,,26.8,26.8,26.6,26.9,26.2,26.9,26.4,26.6,27,27,26.8,26.3,26.8,26.2,26.5,27,26.5,26.4,26.3,26.4,26.1,26.8,26,27.3,27.1,26.2,26.6,26.5,25.9,26.2,26.4,85,85,83,84,85,86,82,86,86,84,86,76,85,86,77,83,82,84,85,83,77,86,77,83,85,77,81,83,78,81,79,0,0,0,0,0,0,0,0.1,0.1,0,0.1,0,0,0,0,0.2,0,0,0,0,0,0,0,0.3,0,0,0,0,0,0,0,16.6,15.5,10.6,33.2,14.6,24.8,12.2,20.4,20.9,13.3,30,12.5,22,16.9,6.1,22.8,9.4,13.4,13.5,19.1,10.2,14.5,12.5,18.4,17.7,10,18.8,11.1,16.2,15.7,10.1,20.9,19.1,13.3,41,17.3,31.7,14.8,25.9,26.6,16.6,39.2,14.8,27.4,20.2,6.1,31.3,10.8,16.9,16.9,23,11.2,18,15.1,25.9,24.5,12.2,24.1,13.3,20.5,19.1,11.9,,,,,,22.2204,114.2127
2026-09-26T00:00,26.4,26,25.1,26.7,25,26.2,26.1,25.5,25.7,25.8,25.9,27.1,26.2,27.1,26.2,27.1,25.8,27.1,26.5,27.2,26.2,27.1,26.3,26,26.3,25.5,25.8,27.8,26.7,26.1,26.7,26.4,26.3,27.2,26.3,25,26.3,26,26.5,26.3,83,88,85,82,94,89,88,89,84,89,90,88,84,94,84,91,88,86,86,89,83,86,86,91,88,87,90,87,91,91,85,93,90,89,84,83,92,90,86,83,0,0,0,0,0,0,0,0,0,0,0,0,0,0,0,0,0,0,0,0,0,0,0,0,0,0,0,0,0,0,0,0,0,0,0,0,0,0,0,0,1.1,4.2,1.5,3.1,2.6,3.5,2.4,4.7,1.5,4.3,5.2,3.1,2.1,4,2.5,6.5,5.1,5.9,3.1,3.3,3.9,2.9,3.1,3.8,4,2.6,4.8,9.2,2.8,3.7,3.9,4.8,5.5,4.5,5.1,1.8,5,2.9,6.1,0,,,,,,,,,,,,,,,,,,,,,,,,,,,,,,,,,,,,,,,,,26.7,26.7,26.5,26.8,26.2,26.8,26.3,26.6,26.9,26.9,26.7,26.2,26.7,26.2,26.4,27,26.4,26.3,26.2,26.3,26,26.7,26,27.1,27,26.1,26.5,26.4,25.8,26.1,26.2,85,86,84,84,85,86,82,86,86,84,86,76,85,86,77,83,82,84,85,83,77,87,77,84,85,77,82,82,78,81,79,0.1,0,0,0.4,0.1,0.1,0,0.1,0,0,0.8,0,0.1,0,0,0,0,0.1,0,0,0,0,0,0.7,0,0,0,0,0,0,0,16.9,14.6,9.2,32.4,13.4,24.3,10.1,20.4,19.5,12.4,28.2,11.6,22.3,16.1,5.4,22.4,8,11.8,12.6,18.3,9,13.1,11.5,19.1,17.4,9,17.2,8.6,15.8,14.5,8,20.9,18,11.5,40.3,15.8,31,12.2,25.9,24.8,15.1,37.1,14,27.7,19.1,5.4,30.6,8.6,14.4,15.5,22.7,11.2,16.2,13.3,25.9,24.1,11.2,22,10.4,20.5,17.6,9,,,,,,22.2204,114.2127
2026-09-26T01:00,26.4,26,25,26.7,25,26.2,26.1,25.6,25.6,25.8,25.9,27,26,27.1,26.1,27,25.8,27.1,26.5,27.2,26.2,27.1,26.4,26,26.3,25.4,25.8,27.8,26.7,26.2,26.7,26.3,26.2,27.2,26.3,24.9,26.4,26,26.6,26.2,83,89,86,82,95,90,89,89,84,90,91,89,85,95,85,91,89,87,87,90,84,86,87,92,90,89,91,87,92,92,86,94,91,89,85,85,93,91,87,84,0,0,0,0,0,0,0,0,0,0,0,0,0,0,0,0,0,0,0,0,0,0,0,0,0,0,0,0,0,0,0,0,0,0,0,0,0,0,0,0,1.5,4.5,1.4,2.6,2.4,2.9,2.5,5.1,1.8,4.4,4.8,2.9,1.6,4.3,2.5,6.1,4.6,5.8,3.6,2.4,3.9,3.1,2.9,3.1,3.7,2.3,4.7,9,3.1,3.2,3.4,4.7,5,4.5,5.4,2.3,5.2,2.4,6.2,0.8,,,,,,,,,,,,,,,,,,,,,,,,,,,,,,,,,,,,,,,,,26.6,26.5,26.5,26.7,26.1,26.7,26.3,26.6,26.9,26.8,26.5,26.1,26.5,26.1,26.3,26.9,26.3,26.3,26.2,26.3,26,26.6,26,26.9,27,26.1,26.4,26.3,25.8,26.1,26.1,86,87,84,85,85,86,81,85,86,85,86,77,86,86,77,82,81,83,84,83,76,88,78,86,85,77,82,81,78,80,78,0.1,0,0,0.4,0.1,0.1,0,0.1,0,0,0.8,0,0.1,0,0,0,0,0.1,0,0,0,0,0,0.7,0,0,0,0,0,0,0,17.7,14.2,8.3,30.7,12.3,23.5,7.6,20.3,17.8,12,26.4,10.7,23,14.9,4.6,22.8,6,9.5,12.4,17.5,8.6,11.6,10,19.4,16.6,8.6,15.1,6.1,15.5,13,4.9,21.2,16.9,10.1,38.9,14.4,29.9,9.4,25.6,22.7,14,34.2,13,28.8,17.6,4.3,29.9,6.5,11.2,14.8,22,11.2,14.4,11.9,25.2,23.8,10.4,19.4,7.2,20.2,15.8,5,,,,,,22.2204,114.2127
2026-09-26T02:00,26.4,26,25,26.6,25,26.2,26.1,25.7,25.5,25.8,25.9,27,26,27.1,26.1,27,25.8,27.1,26.6,27.2,26.1,27,26.4,26,26.3,25.3,25.7,27.9,26.7,26.2,26.6,26.3,26.2,27.2,26.3,24.9,26.5,26,26.6,26.2,84,90,87,83,95,90,89,89,85,91,92,89,86,95,86,92,89,87,88,91,85,87,87,92,91,90,91,87,92,92,87,95,91,89,85,86,93,92,87,84,0,0,0,0,0,0,0,0,0,0,0,0,0,0,0,0,0,0,0,0,0,0,0,0,0,0,0,0,0,0,0,0,0,0,0,0,0,0,0,0,1.8,4,1.1,2.1,2.3,2.1,2.6,5.1,1.8,4.2,4.2,2.5,1.1,4.9,2.3,5.5,3.8,5.8,3.6,1.8,3.7,3.6,2.3,2.5,3.9,1.8,4.1,8.9,3.5,3,2.8,4.1,4.5,4.4,5.1,2.4,5.1,1.9,6.3,1.3,,,,,,,,,,,,,,,,,,,,,,,,,,,,,,,,,,,,,,,,,26.5,26.4,26.5,26.6,26,26.7,26.2,26.6,26.9,26.7,26.3,26.1,26.4,26.1,26.2,26.8,26.2,26.3,26.2,26.2,25.9,26.5,26,26.7,26.9,26.1,26.3,26.2,25.7,26,26,86,87,84,85,85,86,80,85,86,85,86,78,86,85,77,82,81,83,84,83,76,88,79,87,85,77,83,80,78,79,77,0.1,0,0,0.4,0.1,0.1,0,0.1,0,0,0.8,0,0.1,0,0,0,0,0.1,0,0,0,0,0,0.7,0,0,0,0,0,0,0,18,13.5,7.7,29.3,11.6,22.7,6.5,19.6,16,11.5,24.9,9.7,23.4,14.1,3.9,22.7,4.2,8,12.9,16.5,8.8,10.3,9.1,19.8,16.2,9.2,13.8,4.1,15.2,11.9,2.6,21.2,16.2,9,37.4,13.3,29.2,7.6,24.8,20.5,13,32.4,11.9,29.2,16.6,3.6,29.2,4.7,9,14.4,21.2,10.8,13,10.4,24.5,23.4,10.4,17.6,4.7,19.8,14.4,2.9,,,,,,22.2204,114.2127
2026-09-26T03:00,26.3,26,24.9,26.5,25,26.2,26.1,25.7,25.5,25.8,25.9,27,25.9,27.1,26,26.9,25.8,27,26.6,27.1,26.1,26.9,26.3,26,26.4,25.2,25.7,27.9,26.7,26.2,26.5,26.3,26.2,27.2,26.3,24.8,26.5,25.9,26.6,26.2,85,90,87,84,95,91,89,89,85,91,93,89,87,94,87,92,89,87,88,92,86,87,87,92,91,91,91,87,92,92,87,95,91,89,85,87,93,92,87,84,0,0,0,0,0,0,0,0,0,0,0,0,0,0,0,0.3,0,0,0,0,0,0.4,0,0,0,0,0,0,0,0,0,0,0,0,0,0,0,0,0.2,0,2.2,3.2,1,1.6,1.8,1.3,2.9,5,1.8,3.5,3.3,1.8,0.8,5.2,2.1,4.8,2.9,5.8,3.6,1.6,3.5,3.9,1.8,1.6,3.7,1.8,3.3,7.9,4.1,2.9,1.8,3.2,3.6,4,4.6,2.3,5.1,1.1,6.4,1.8,,,,,,,,,,,,,,,,,,,,,,,,,,,,,,,,,,,,,,,,,26.5,26.3,26.4,26.6,25.9,26.7,26.2,26.5,26.8,26.6,26.2,26,26.3,26.1,26.1,26.7,26.1,26.2,26.2,26.1,25.8,26.4,25.9,26.6,26.8,26,26.2,26.1,25.7,26,25.9,86,87,84,85,85,86,80,85,86,86,86,79,86,84,77,82,81,83,84,82,76,88,80,87,85,77,84,80,78,79,77,0.3,0.1,0.7,0.4,0.2,0.1,0,0.6,0.2,0,0.7,0,0,0.1,0,0,0,0.1,0,0,0,0.3,0,0.2,0,0,0,0,0,0,0,18,12.8,7.8,28.2,11.6,22.3,6.6,17.9,14.8,10.8,24.5,9,23.4,13.3,3.2,22,2.3,7.2,13.6,15.3,7.7,9.1,8,19.5,17,9.6,13.3,3.3,15.3,11.6,2.6,21.2,15.5,8.6,35.6,13.3,29.2,7.6,22.7,18.7,12.2,32,10.8,28.4,15.8,3.2,28.1,3.6,8.6,14.8,19.8,9,12.2,9.7,24.1,23.4,10.8,16.9,3.6,19.4,14,3.6,,,,,,22.2204,114.2127
2026-09-26T04:00,26.2,26,24.9,26.4,25,26.1,26.1,25.8,25.5,25.8,25.8,26.9,25.8,27,25.9,26.9,25.7,27,26.7,27,26,26.9,26.3,26,26.4,25.1,25.6,27.9,26.7,26.2,26.4,26.3,26.2,27.2,26.4,24.8,26.5,25.9,26.7,26.1,86,90,87,85,95,91,89,89,85,91,93,88,88,93,87,93,90,87,88,92,86,87,88,92,90,91,90,87,92,92,88,95,92,88,86,87,92,92,87,85,0,0,0,0,0,0,0,0,0,0,0,0,0,0,0,0.3,0,0,0,0,0,0.4,0,0,0,0,0,0,0,0,0,0,0,0,0,0,0,0,0.2,0,2.4,2.6,1.5,1.1,1.6,1.3,3.2,5.1,1.8,3.2,2.7,1,1.1,5.9,2.3,4,1.8,5.9,4.1,2.3,3,3.9,1.8,1.6,3.6,1.8,2.1,6.8,4.4,3.1,0.7,2.8,2.9,3.7,4.2,2.5,5.6,0.8,6.3,2.1,,,,,,,,,,,,,,,,,,,,,,,,,,,,,,,,,,,,,,,,,26.4,26.2,26.3,26.6,25.9,26.8,26.1,26.4,26.7,26.4,26,25.9,26.3,26.2,26,26.7,26.1,26.2,26.2,26,25.7,26.4,25.8,26.6,26.7,25.9,26.2,26,25.6,26,25.8,87,86,84,85,85,85,81,84,86,87,86,80,86,84,78,82,80,84,85,82,77,88,81,86,85,77,84,80,78,79,78,0.3,0.1,0.7,0.4,0.2,0.1,0,0.6,0.2,0,0.7,0,0,0.1,0,0,0,0.1,0,0,0,0.3,0,0.2,0,0,0,0,0,0,0,18.1,12.3,7.9,28,12,22.4,7.9,16.2,13.7,10.5,25.3,7.9,23.1,13.2,3,20.9,1.6,7.6,14.2,14.4,5.5,9.2,7.9,19.5,18.4,10.1,13.4,3.1,15.7,11.9,4.7,21.2,14.4,9,34.2,13.7,29.5,8.6,19.8,17.3,11.9,32.4,9.4,27.4,15.5,2.9,27,2.9,9,15.8,18,6.8,11.9,9.7,23.4,23.8,11.5,16.6,3.2,19.4,14,5.4,,,,,,22.2204,114.2127
2026-09-26T05:00,26.1,26,24.9,26.3,25,26,26.1,25.9,25.5,25.8,25.8,26.9,25.7,27,25.8,26.9,25.7,26.9,26.8,26.9,26,26.8,26.3,25.9,26.6,25,25.6,27.9,26.7,26.2,26.4,26.3,26.2,27.3,26.5,24.8,26.6,25.8,26.7,26.1,86,90,87,86,94,92,89,88,85,91,93,87,88,91,88,93,90,87,88,92,86,87,89,92,89,91,89,87,92,92,88,94,92,87,86,87,91,92,86,85,0,0,0,0,0,0,0,0,0,0,0,0,0,0,0,0.3,0,0,0,0,0,0.4,0,0,0,0,0,0,0,0,0,0,0,0,0,0,0,0,0.2,0,2.3,3.1,2.2,1.1,2.1,2.6,3.2,5.4,1.8,3.1,3.4,1.1,1.8,6.5,2.3,3.9,2.3,6.2,4.3,3.6,2.9,3.9,2.3,2.4,3.3,1.9,2.3,5.9,5.1,3.9,1.1,3.8,3.4,3.4,3.8,2.2,6.1,1.5,6.4,2.1,,,,,,,,,,,,,,,,,,,,,,,,,,,,,,,,,,,,,,,,,26.4,26.1,26.3,26.6,26,26.8,26.1,26.4,26.7,26.4,25.9,25.9,26.2,26.3,25.9,26.7,26.1,26.2,26.2,26,25.6,26.4,25.7,26.6,26.6,25.9,26.2,25.9,25.6,26,25.7,87,86,84,84,85,85,81,84,86,87,86,81,86,83,78,82,80,84,85,81,77,87,82,85,85,77,84,80,78,79,78,0.3,0.1,0.7,0.4,0.2,0.1,0,0.6,0.2,0,0.7,0,0,0.1,0,0,0,0.1,0,0,0,0.3,0,0.2,0,0,0,0,0,0,0,18.4,12.2,8.3,27.7,12.1,22.6,9.1,15.2,13.8,10.2,26.2,7.4,23.2,13.9,2.5,20.5,2.8,8.6,15.1,14.4,3.9,10.3,8.9,19.9,19.9,10.8,14.1,2.9,15.7,11.9,6.4,21.2,14,9.4,33.1,14,29.9,9.7,17.6,16.6,11.5,33.1,8.3,26.6,15.8,2.5,26.3,2.9,9.7,16.9,17.3,5.4,11.9,10.1,23.4,24.1,12.2,16.6,3.2,18.7,14,7.2,,,,,,22.2204,114.2127
2026-09-26T06:00,26,26.1,25,26.3,25.1,26,26.2,26.1,25.6,25.9,25.9,27,25.7,27.1,25.8,26.9,25.7,26.9,26.9,26.9,26,26.8,26.3,26,26.8,25,25.7,27.9,26.8,26.3,26.4,26.4,26.3,27.4,26.6,24.9,26.7,25.9,26.8,26.2,86,89,86,86,93,91,88,87,84,90,92,85,88,89,87,92,90,87,87,91,85,86,88,91,87,91,87,87,91,91,87,93,91,86,86,86,90,91,86,84,0,0,0,0,0,0,0,0,0,0,0,0,0,0,0,0.3,0,0,0,0,0,0.4,0,0,0,0,0,0,0,0,0,0,0,0,0,0,0,0,0.2,0,2.5,4,2.6,1,2.6,3.7,3.2,5.5,1.8,3.6,4.5,1.8,2.5,7.2,2,4.6,3.4,6.3,4.6,5.1,2.7,3.9,3.1,3.4,3.3,1.9,3.3,5.7,5.1,4.5,2.4,5,4.4,3.6,3.9,2.2,7,2.6,6.4,2.3,,,,,,,,,,,,,,,,,,,,,,,,,,,,,,,,,,,,,,,,,26.3,26.2,26.4,26.6,26.1,26.8,26.2,26.5,26.7,26.4,25.9,25.9,26.2,26.3,26,26.8,26.1,26.3,26.3,26,25.7,26.4,25.8,26.6,26.7,26,26.3,26,25.7,26,25.8,87,86,83,83,84,85,81,83,85,87,86,81,85,83,78,82,80,84,85,81,77,86,82,85,84,77,84,79,78,78,77,0.5,0.1,1.3,0.5,0.1,0.1,0,0.1,0.2,0,0.3,0,0.1,0,0,0,0,0,0.1,0,0,0.1,0,0,0,0,0,0,0,0,0,18.6,12,8.5,27,11.9,23.2,10.5,15.6,15,10.6,27.3,7,24.1,15.3,2.3,20.9,3.6,10,16.6,16.3,3.9,11.6,10.6,20.5,21.2,11.1,14.9,2.2,15.3,12,6.9,21.2,13.7,9.4,33.5,13.7,29.9,11.2,17.6,18,11.9,34.2,7.9,27.4,17.3,2.5,26.3,3.2,10.8,18.4,19.1,5,12.6,11.9,24.1,25.2,12.2,17.3,2.9,17.6,14,7.6,,,,,,22.2204,114.2127
2026-09-26T07:00,26.2,26.2,25.3,26.4,25.4,26.1,26.4,26.3,25.9,26.1,26.1,27.2,25.9,27.2,26,27,25.8,27,27.1,27.1,26.2,26.8,26.5,26.1,27,25.2,25.9,28,27,26.4,26.6,26.6,26.4,27.6,26.8,25.2,26.8,26.2,26.9,26.4,86,88,84,86,91,90,87,86,83,89,91,83,87,87,87,91,89,86,86,89,85,86,88,90,85,89,85,86,90,90,86,91,90,84,85,85,89,89,85,83,0,0,0,0,0,0,0,0,0,0,0,0,0,0,0,0.3,0,0,0,0,0,0.4,0,0,0,0,0,0,0,0,0,0,0,0,0,0,0,0,0.2,0,2.6,5.1,2.6,0.8,2.9,4.7,3.1,5.9,1.8,3.9,5.1,2.4,2.6,7.3,2.1,5,4,6.4,4.9,5.8,2.9,3.8,3.4,4.1,3.1,1.9,4.3,5.9,5.1,4.4,3.7,6.2,5.1,4.1,3.8,1.5,7.7,3.1,6.9,2.6,,,,,,,,,,,,,,,,,,,,,,,,,,,,,,,,,,,,,,,,,26.3,26.3,26.7,26.7,26.3,26.9,26.3,26.7,26.9,26.5,26,26,26.2,26.4,26.1,26.9,26.2,26.4,26.4,26,25.7,26.6,25.9,26.7,26.9,26.1,26.3,26.2,25.8,26.1,25.9,86,86,81,81,83,85,81,82,84,85,86,81,84,82,77,82,79,84,85,81,77,85,82,85,83,77,83,78,78,77,76,0.5,0.1,1.3,0.5,0.1,0.1,0,0.1,0.2,0,0.3,0,0.1,0,0,0,0,0,0.1,0,0,0.1,0,0,0,0,0,0,0,0,0,19.2,12.3,8.3,26.6,11.4,24.1,12.2,16.9,16.9,11.3,28.7,6.8,25.1,17.2,2.1,21.3,3.9,11.6,18.2,19.1,4.8,12.8,13.2,21.4,22.5,11.4,16.3,2.4,14.2,11.8,7,21.2,14,9,34.6,12.6,29.9,13.3,18.4,20.2,12.6,35.3,7.6,28.4,19.1,2.5,26.6,4.3,12.6,20.2,22,5.4,13.7,14.4,24.8,26.6,12.2,18.4,2.5,16.2,14,7.6,,,,,,22.2204,114.2127
2026-09-26T08:00,26.5,26.6,25.8,26.8,25.8,26.5,26.7,26.5,26.2,26.5,26.5,27.6,26.4,27.4,26.3,27.3,26.1,27.2,27.3,27.4,26.6,26.9,26.9,26.4,27.4,25.7,26.3,28.2,27.2,26.7,27,27,26.7,27.9,27,25.6,27.1,26.6,27.1,26.9,84,86,82,84,89,88,86,84,81,87,89,80,85,85,85,90,87,85,85,87,83,85,86,88,83,87,82,85,88,88,84,89,89,82,84,83,87,86,84,81,0,0,0,0,0,0,0,0,0,0,0,0,0,0,0,0.3,0,0,0,0,0,0.4,0,0,0,0,0,0,0,0,0,0,0,0,0,0,0,0,0.2,0,2.1,5.1,2.4,0.8,2.5,5.2,2.8,6.2,2.2,3.9,5.1,2.7,2.6,7.2,1.9,5,4.3,6.6,5,6.1,2.9,4.1,3.8,4.1,3.3,1.9,4.7,6.1,4.5,4,4.5,6.2,5.4,4.3,3.8,1.1,8,3.6,7.1,3,,,,,,,,,,,,,,,,,,,,,,,,,,,,,,,,,,,,,,,,,26.4,26.6,27,26.8,26.5,26.9,26.4,26.9,27.1,26.7,26.2,26.2,26.3,26.5,26.3,27,26.5,26.5,26.5,26.1,25.9,26.8,26.1,26.8,27,26.3,26.4,26.4,26.1,26.3,26.2,85,85,79,79,82,84,81,81,83,84,85,81,83,82,76,81,78,84,84,81,76,84,82,84,82,77,82,77,77,76,75,0.5,0.1,1.3,0.5,0.1,0.1,0,0.1,0.2,0,0.3,0,0.1,0,0,0,0,0,0.1,0,0,0.1,0,0,0,0,0,0,0,0,0,19.5,12.5,8,26.8,11,24.9,13.2,17.6,17.9,11.6,29.7,6.8,26,18.6,2.5,22.1,4.7,13,19.5,20.6,5.8,13.1,14.8,22,23.1,12.1,17.4,2.8,13.4,11.9,7.1,21.6,14,9,35.6,12.2,29.9,14.4,19.1,21.6,13,36,7.6,29.2,20.5,2.9,27,5,14,21.2,23.4,6.1,14.4,16.2,25.9,27.4,13,19.1,2.9,14.8,14,7.6,,,,,,22.2204,114.2127
2026-09-26T09:00,27.3,27.2,26.6,27.6,26.5,27.3,27.1,26.9,26.9,27.1,27.1,28.3,27.2,27.9,27,27.8,26.8,27.6,27.6,28,27.2,27.2,27.7,27,27.9,26.6,27.1,28.5,27.7,27.3,27.9,27.7,27.1,28.5,27.5,26.4,27.5,27.5,27.4,27.8,80,83,78,80,85,83,84,81,78,84,85,76,81,83,82,87,84,83,84,83,80,84,82,84,80,83,78,83,86,85,80,85,86,78,82,79,85,81,83,77,0,0,0,0,0,0,0,0,0,0,0,0,0,0.4,0,0.3,0,0.1,0.1,0,0,1,0,0,0,0,0,0,0,0,0,0,0,0,0,0,0.1,0,0.1,0,1.3,4.4,1.5,0.5,1.3,5,2.9,6.8,3.1,3.6,4.1,2.3,1.9,6.5,2.2,4.6,3.6,6.6,5.4,5.4,3,4.8,3.5,2.7,3.7,1.8,4.1,5.9,3.8,2.4,4.8,5,4.9,4.7,3.6,1.1,8,3.6,7.9,3.7,,,,,,,,,,,,,,,,,,,,,,,,,,,,,,,,,,,,,,,,,26.7,27,27.4,27,26.8,27.1,26.7,27.2,27.3,27.1,26.4,26.5,26.6,26.7,26.7,27.3,26.9,26.8,26.8,26.3,26.2,27.1,26.4,27,27.2,26.6,26.7,26.9,26.5,26.7,26.7,83,83,77,78,80,83,80,79,81,82,84,80,81,81,74,80,76,83,83,79,75,82,81,83,81,77,81,75,75,75,73,0.2,0,0.1,0.1,0.1,0.1,0,0,0,0,0,0,0,0,0,0,0,0.1,0,0,0,0,0,0,0,0,0,0,0,0,0,19.7,13,8.4,28.1,11.3,25.6,13.6,17.4,18.1,11.9,30.1,7.6,25.8,19.5,3.4,22.5,5.6,14.4,19.8,20.2,6.6,12.8,14.5,22.7,23.5,13.2,18,3.2,12.3,12.1,7.7,22,14,9.4,36.4,12.2,29.9,14.4,18.7,21.2,13,35.6,7.9,28.8,20.9,3.6,27,5.4,15.5,21.6,22.7,6.8,13.7,15.8,26.6,27.4,14.4,19.4,3.6,13,13.7,7.6,,,,,,22.2204,114.2127
2026-09-26T10:00,28.4,28.1,27.9,28.8,27.5,28.5,27.7,27.5,27.8,28,28.1,29.3,28.5,28.5,28.1,28.5,27.7,28.2,28,29,28.2,27.5,28.7,27.9,28.7,27.9,28.2,29,28.3,28.1,29.2,28.7,27.8,29.4,28.1,27.5,28,28.8,27.9,29.2,74,78,73,74,80,77,80,78,74,79,80,71,75,80,77,84,79,80,82,77,76,83,77,79,76,76,73,81,82,80,74,79,82,73,79,74,82,75,81,71,0,0,0,0,0,0,0,0,0,0,0,0,0,0.4,0,0.3,0,0.1,0.1,0,0,1,0,0,0,0,0,0,0,0,0,0,0,0,0,0,0.1,0,0.1,0,0.5,3.6,1.3,0.8,1.5,4.1,3.9,7.7,4,3.1,2.8,1.8,0.4,6,3.1,4.5,1.8,7.2,5.9,4.5,3.3,5.6,3.6,1.4,4.8,1.8,3.3,6,4.3,1.5,5,3.4,4.3,5.5,4.2,3.1,8.4,3.1,9.1,4.7,,,,,,,,,,,,,,,,,,,,,,,,,,,,,,,,,,,,,,,,,27.1,27.4,27.8,27.3,27.1,27.2,27.1,27.5,27.7,27.6,26.6,26.9,26.9,26.9,27.2,27.6,27.5,27.1,27,26.5,26.6,27.6,26.8,27.3,27.4,27,27,27.4,26.9,27.2,27.4,81,81,75,77,78,81,78,77,80,79,83,78,79,80,72,78,74,81,81,77,73,79,79,81,79,76,79,73,71,73,71,0.2,0,0.1,0.1,0.1,0.1,0,0,0,0,0,0,0,0,0,0,0,0.1,0,0,0,0,0,0,0,0,0,0,0,0,0,20.2,13.8,9.7,30.6,12.3,25.7,13.7,16.9,17.6,11.9,30,8.4,24.7,19.6,4.6,22.9,6.2,15.6,20.2,18.6,7.4,12.2,13.3,23.6,23.2,15.2,18.6,4.3,11.2,12.4,8.4,22.7,14.4,10.1,37.1,13,29.5,14,18,20.5,13,34.9,8.3,27.7,20.9,4.3,26.6,6.1,16.9,21.6,20.9,7.9,12.6,14.8,27.4,26.6,16.6,19.8,5,11.5,13.3,7.9,,,,,,22.2204,114.2127
2026-09-26T11:00,29.7,29,29.3,30.2,28.6,29.9,28.4,28.2,28.9,29,29.2,30.4,30,29.3,29.3,29.3,28.8,28.9,28.5,30.2,29.3,27.9,30,28.8,29.6,29.4,29.4,29.6,29,29,30.7,29.9,28.5,30.3,28.7,28.7,28.6,30.3,28.3,30.7,68,73,66,67,73,69,77,74,70,73,74,65,68,76,71,79,74,76,80,70,71,81,71,74,72,69,67,78,78,76,67,73,78,68,76,68,78,67,79,65,0,0,0,0,0,0,0,0,0,0,0,0,0,0.4,0,0.3,0,0.1,0.1,0,0,1,0,0,0,0,0,0,0,0,0,0,0,0,0,0,0.1,0,0.1,0,1.8,5.1,3,1.3,4,3.4,5.9,9.2,5.2,3.8,3.8,0.7,1.8,7.1,4.2,6,0.4,8.1,6.5,4.5,4.3,6.8,3.4,3.4,6.2,2.1,1.9,7.3,6.8,4.2,4.9,3.6,5.2,7.2,6.1,5.5,9.4,2.7,10.8,6.2,,,,,,,,,,,,,,,,,,,,,,,,,,,,,,,,,,,,,,,,,27.4,27.8,28.1,27.6,27.4,27.4,27.4,27.7,27.9,28,26.8,27.2,27.2,27.1,27.6,27.9,27.9,27.4,27.3,26.8,27,27.9,27.2,27.5,27.6,27.3,27.2,27.8,27.3,27.5,27.9,79,79,73,77,76,80,77,76,78,77,82,77,78,79,71,77,72,80,80,75,72,77,77,80,78,76,78,71,69,72,69,0.2,0,0.1,0.1,0.1,0.1,0,0,0,0,0,0,0,0,0,0,0,0.1,0,0,0,0,0,0,0,0,0,0,0,0,0,20.9,14.4,11,32,13,25.8,13.8,16.6,17.7,12.2,30,9,24.2,19.7,5.5,23.2,7.2,16.5,20.2,17,8.3,11.7,12.8,24.2,23.1,16.6,18.9,5.6,10.1,12.6,9.2,23,14.8,10.8,37.1,13,29.2,13.7,17.6,19.8,13,34.2,9,26.6,20.5,5.4,26.3,6.8,18,21.6,18.7,9,11.9,13.7,27.7,25.9,18.4,20.2,6.1,10.1,13.3,8.6,,,,,,22.2204,114.2127
2026-09-26T12:00,30.9,30,30.6,31.5,29.7,31.2,29.1,28.7,29.9,30,30.2,31.5,31.3,30,30.4,30,29.8,29.5,28.9,31.2,30.3,28.3,31.1,29.7,30.4,30.9,30.6,30.2,29.7,29.8,32.1,30.9,29.2,31.2,29.4,29.9,29.2,31.7,28.8,32.1,62,68,61,60,68,62,73,70,66,68,68,59,61,74,66,75,68,73,78,64,67,80,65,68,68,62,62,75,75,71,60,67,73,63,73,62,75,60,77,59,0,0,0,0,0,0,0,0,0,0,0,0,0,0.4,0,0.3,0,0.1,0.1,0,0,1,0,0,0,0,0,0,0,0,0,0,0,0,0,0,0.1,0,0.1,0,3.3,7.4,5.1,2.4,6.8,3.3,8.1,10.5,6.7,4.9,6.4,0.5,3.6,9.2,5.6,8.6,2.9,9.4,7.6,5.4,5.4,8.3,3.7,6,7.6,2.8,1.8,9.4,9.8,7.4,4.8,6.3,7.3,9.3,8.9,7.7,11,1.8,12.7,6.9,,,,,,,,,,,,,,,,,,,,,,,,,,,,,,,,,,,,,,,,,27.5,27.9,28.2,27.8,27.4,27.5,27.5,27.9,28.1,28.2,27,27.4,27.4,27.3,27.8,28,28.1,27.6,27.4,26.9,27.2,28,27.4,27.7,27.7,27.5,27.3,28,27.6,27.7,28.1,79,79,73,77,75,80,76,75,77,75,82,77,77,78,71,76,71,79,80,74,71,76,76,79,77,76,78,71,68,71,69,0,0,0,0,0,0,0,0,0,0,0,0,0,0,0,0,0,0,0,0,0,0,0,0,0,0,0,0,0,0,0,21.6,15.2,11,31.6,12.8,25,13.8,17.1,17.9,12.6,29.5,9.5,23.9,19.1,6.7,23.1,8.5,17.3,20.2,15.5,9.7,11.8,12.9,24.6,22.7,17.7,19.2,6.9,9.4,13.8,10.6,23.4,15.5,11.2,36.4,12.6,28.4,13.7,18,20.2,13,33.1,9.4,25.9,20.2,6.5,26.3,8.3,18.7,21.2,16.2,10.1,11.9,13.3,28.1,25.6,19.8,20.9,7.2,9.4,14,10.1,,,,,,22.2204,114.2127
2026-09-26T13:00,31.8,30.7,31.7,32.5,30.4,32.2,29.6,29.2,30.7,30.7,30.9,32.3,32.4,30.5,31.2,30.6,30.6,30,29.2,32,31.1,28.6,32,30.4,31,32,31.5,30.6,30.2,30.4,33.2,31.7,29.7,31.9,29.9,30.8,29.6,32.7,29.1,33.2,57,64,57,55,64,56,71,68,63,64,64,55,56,72,62,72,65,70,77,59,64,78,61,65,65,57,59,73,72,67,55,63,70,59,71,58,73,55,75,54,0,0,0,0,0,0,0,0,0,0,0,0,0,0.4,0,0.3,0,0.1,0.1,0,0,1,0,0,0,0,0,0,0,0,0,0,0,0,0,0,0.1,0,0.1,0,4.8,9.7,6.5,3.2,9,3.4,10,11.8,7.4,6.6,8.9,1.5,5.1,11.5,6.6,11,4.7,10.3,8.2,7,6.4,9.4,4.3,8.6,8.7,3.4,2.6,11.3,12.5,10,4.3,8.8,9.1,11,11,9.5,12.6,1.5,14,7.6,,,,,,,,,,,,,,,,,,,,,,,,,,,,,,,,,,,,,,,,,27.4,27.8,28.2,28,27.4,27.6,27.6,28,28.2,28.3,27,27.5,27.4,27.6,27.9,28.1,28.1,27.7,27.5,27.1,27.4,28.1,27.6,27.8,27.8,27.6,27.3,28,27.8,27.7,28.3,79,79,73,77,74,80,74,75,76,74,82,77,77,78,71,76,71,79,80,73,71,75,75,79,76,77,79,71,68,71,70,0,0,0,0,0,0,0,0,0,0,0,0,0,0,0,0,0,0,0,0,0,0,0,0,0,0,0,0,0,0,0,22,16.2,11.3,30.1,12,23.6,13.7,17.9,18.3,13.1,28.8,10.1,23.2,18.9,8.2,23,10.2,17.6,19.8,14.1,11.4,12.4,13.3,24.8,22.4,18.8,19.7,8.2,9.2,15.6,12.6,23.8,16.2,11.5,35.6,11.5,27.4,13.7,19.1,20.5,12.6,32,9.7,25.2,19.8,7.9,25.9,9.7,18.7,20.9,13.7,11.5,12.2,13,28.1,24.8,20.9,21.6,7.9,8.6,15.5,12.2,,,,,,22.2204,114.2127
2026-09-26T14:00,32.2,31,32.1,33,30.8,32.6,29.8,29.3,31,31,31.3,32.6,32.9,30.8,31.6,30.8,30.9,30.2,29.3,32.4,31.4,28.8,32.3,30.7,31.2,32.5,31.9,30.7,30.4,30.7,33.8,32.1,30,32.1,30.1,31.2,29.8,33.2,29.2,33.8,55,63,55,53,62,54,70,67,62,62,62,54,54,71,61,71,63,69,76,57,62,78,59,63,64,54,57,72,71,66,53,61,69,58,70,56,72,53,75,52,0,0,0,0,0,0,0,0,0,0,0,0,0,0.4,0,0.3,0,0.1,0.1,0,0,1,0,0,0,0,0,0,0,0,0,0,0,0,0,0,0.1,0,0.1,0,5.6,11.1,7.6,3.9,10.1,3.9,11,12.2,7.9,7.4,10.2,2.3,6.1,13,7.1,12.2,6.1,10.9,8.8,7.8,6.9,10.2,4.5,10,9.1,3.9,3.6,12.4,13.9,11.5,3.6,10.2,10.5,12,12.3,10.3,13.6,1.8,14.8,8,,,,,,,,,,,,,,,,,,,,,,,,,,,,,,,,,,,,,,,,,27.4,27.8,28.2,28,27.3,27.7,27.6,28,28.2,28.4,27.1,27.5,27.4,27.7,28,28.1,28,27.8,27.6,27.1,27.5,28,27.8,27.8,27.9,27.6,27.2,28,27.9,27.7,28.3,80,79,73,77,73,80,73,75,75,73,82,77,77,78,71,76,71,79,80,72,71,75,75,79,76,78,79,71,68,71,71,0,0,0,0,0,0,0,0,0,0,0,0,0,0,0,0,0,0,0,0,0,0,0,0,0,0,0,0,0,0,0,21.7,16.3,12,28.4,11.8,22.7,13.4,18.4,18.2,13.1,28.1,10.9,22.5,18.7,9.7,22.7,11.7,17.9,19.2,12.9,13.2,12.7,13.4,24.6,21.6,19.2,19.9,9.2,9.2,16.3,14.6,23.8,16.6,11.9,33.8,11.2,26.3,13.3,19.8,20.9,12.6,31,10.4,24.5,19.4,9,25.9,11.2,18.7,20.2,11.9,13,12.2,13,27.7,24.1,21.6,22.3,8.6,9,15.8,14.8,,,,,,22.2204,114.2127
2026-09-26T15:00,27,27,26.7,27.5,26,27,26.9,26.5,26.5,26.9,27,28.1,27.4,28,27,27.5,26.6,27.4,27.4,28.1,27.2,27.3,27.4,26.7,27.6,27,27.2,28.3,27.5,26.9,28.4,27.2,27.1,27.8,27.5,26.4,27,27.8,27.2,28.8,82,86,83,83,89,87,86,86,80,85,88,80,80,86,87,89,85,83,85,83,80,84,86,88,83,81,81,85,88,87,82,87,89,82,83,78,88,84,86,77,0,0,0,0,0,0,0,0,0,0,0,0,0,0.1,0,0,0,0,0.1,0,0,0,0,0,0,0,0,0,0,0,0,0,0,0,0,0,0,0,0.1,0,2.9,1.8,1.1,3.1,1.9,1.8,3.1,6.3,2.8,2.6,2.1,5,1.8,6.5,3.6,4.4,2.7,5.7,5.2,1.3,2.8,5.4,2.2,2,3.7,3.6,3,3.9,3.3,2.3,2.8,0.5,3.3,4,4.8,1.3,6.1,3.8,7.2,2.8,,,,,,,,,,,,,,,,,,,,,,,,,,,,,,,,,,,,,,,,,27.3,27.8,28.2,27.9,27.4,27.7,27.6,27.9,28.1,28.3,27,27.5,27.4,27.7,28,28,28,27.8,27.6,27.1,27.5,27.9,27.8,27.7,27.9,27.5,27.2,28,28,27.7,28.3,81,79,73,78,72,80,72,76,75,72,82,77,77,78,70,77,71,79,80,72,72,75,75,79,76,79,79,71,68,71,73,0,0,0,0,0,0,0,0,0,0,0,0,0,0,0,0.2,0,0,0,0,0,0,0,0,0,0,0,0,0,0,0,20.5,15.1,12.2,26.3,12.2,22,12.3,18.6,17.9,12.7,26.7,11.8,20.9,18.6,10.6,22.5,12.7,16.9,18,12.9,14.3,11.3,13.3,23.9,20,19.5,20.2,9.7,10.7,15,17,23,15.5,11.5,31,11.5,25.6,12.2,20.5,20.5,12.2,29.5,11.5,23,19.4,9.7,25.6,12.6,18,19.4,11.9,14.4,10.8,13,27,23.4,22,23,9,10.8,14.8,18,,,,,,22.2204,114.2127
2026-09-26T16:00,27.1,27.1,26.9,27.7,26.1,27.1,26.9,26.5,26.5,26.9,27.1,28.2,27.5,28,27.2,27.5,26.7,27.4,27.4,28.2,27.3,27.4,27.4,26.8,27.6,27.2,27.4,28.3,27.5,26.9,28.6,27.2,27.1,27.8,27.5,26.5,27,27.9,27.2,29.1,81,86,83,83,89,87,86,86,79,84,88,81,80,86,88,88,85,83,85,83,80,84,86,88,83,80,81,85,87,86,81,87,89,82,83,77,88,84,86,76,0,0,0,0,0,0,0,0,0,0,0,0,0,0.1,0,0,0,0,0.1,0,0,0,0,0,0,0,0,0,0,0,0,0,0,0,0,0,0,0,0.1,0,3.6,2.4,1.8,3.9,3,3,3.6,6.7,3.1,3.3,3.5,5.6,2.5,7.1,4.7,5.4,4.1,5.6,5.4,2.3,3.1,5.8,3.3,2.9,4.4,4.4,4,4.1,4,3.1,4,1.3,4,4.6,5.4,1.6,6.3,4.7,7.6,3.1,,,,,,,,,,,,,,,,,,,,,,,,,,,,,,,,,,,,,,,,,27.3,27.7,28.2,27.7,27.4,27.8,27.5,27.7,27.9,28.2,27,27.5,27.3,27.6,28,27.9,27.8,27.8,27.5,27.1,27.4,27.7,27.7,27.6,27.9,27.5,27.2,27.9,28,27.6,28.2,81,79,73,79,72,79,72,77,75,72,82,76,78,78,69,78,72,78,80,72,73,75,75,79,76,79,79,72,69,71,75,0,0,0,0,0,0,0,0,0,0,0,0,0,0,0,0.2,0,0,0,0,0,0,0,0,0,0,0,0,0,0,0,18.7,14,11.5,23.4,12.8,21.6,11.2,18.5,17.1,11.9,25.3,12.5,19.4,18.5,11.4,22,14.1,15.8,16.9,13.2,15.8,9.3,13.4,23,18.1,19.5,20.5,10.2,12.8,13,19.9,22,14,11.2,27.7,11.9,24.8,10.4,21.6,19.4,11.9,28.1,13,21.6,19.4,10.8,24.8,14,16.9,18.4,12.6,15.5,8.6,12.6,26.3,22.3,22,23.8,9.7,13.3,13.3,21.6,,,,,,22.2204,114.2127
2026-09-26T17:00,27.1,27.1,27,27.8,26.1,27.1,26.9,26.5,26.6,27,27.1,28.3,27.7,28.1,27.3,27.6,26.7,27.4,27.5,28.4,27.4,27.5,27.5,26.8,27.6,27.4,27.5,28.3,27.6,27,28.8,27.3,27.2,27.8,27.6,26.7,27,28.1,27.2,29.3,81,86,84,83,89,86,86,86,79,84,88,81,79,86,88,88,84,82,85,82,79,84,86,88,83,79,81,85,87,86,81,86,89,82,82,76,88,83,86,76,0,0,0,0,0,0,0,0,0,0,0,0,0,0.1,0,0,0,0,0.1,0,0,0,0,0,0,0,0,0,0,0,0,0,0,0,0,0,0,0,0.1,0,4.3,3.1,2.2,4.6,3.8,4,4.1,6.9,3.1,3.9,4.7,6.6,3.2,7.8,5.1,6.4,5.2,5.8,5.6,3.3,3.5,6.2,4.3,3.5,4.8,4.8,5,4.8,4.7,4.1,4.7,2.1,4.6,4.7,6.1,1.8,6.5,5.2,7.6,3.2,,,,,,,,,,,,,,,,,,,,,,,,,,,,,,,,,,,,,,,,,27.2,27.7,28.1,27.6,27.4,27.7,27.4,27.5,27.7,28.1,26.9,27.4,27.2,27.5,28,27.7,27.7,27.7,27.4,27.1,27.2,27.5,27.6,27.4,27.8,27.4,27.2,27.7,27.9,27.5,28,82,79,73,80,72,79,72,78,75,72,83,76,79,79,69,79,73,78,80,72,75,75,76,80,76,80,79,72,70,71,77,0,0,0,0,0,0,0,0,0,0,0,0,0,0,0,0.2,0,0,0,0,0,0,0,0,0,0,0,0,0,0,0,17.6,12.7,11.2,21.3,12.6,21,10,18.8,16.2,11.7,23.8,12.9,18.4,18,12.1,21.5,15,14.5,15.7,12.7,16.3,8.3,13,22.2,16.7,19,20.5,10,14.3,11.8,22,20.9,13,11.2,25.6,12.2,24.8,9.4,22.3,18.7,11.9,27,14,20.5,19.4,11.5,25.2,14.8,16.2,18,13,16.6,7.6,12.6,25.9,21.2,21.6,24.1,9.7,14.8,11.9,24.1,,,,,,22.2204,114.2127
2026-09-26T18:00,27.2,27.2,27.1,27.8,26.1,27.2,26.9,26.5,26.6,27,27.2,28.4,27.8,28.2,27.4,27.6,26.8,27.5,27.5,28.5,27.4,27.5,27.5,26.9,27.6,27.5,27.6,28.3,27.6,27,29,27.3,27.2,27.8,27.6,26.8,27,28.2,27.2,29.6,80,86,84,82,89,86,86,87,79,83,87,81,78,87,88,88,84,82,85,82,79,84,86,88,83,79,81,85,87,86,80,86,89,82,82,76,88,83,87,75,0,0,0,0,0,0,0,0,0,0,0,0,0,0.1,0,0,0,0,0.1,0,0,0,0,0,0,0,0,0,0,0,0,0,0,0,0,0,0,0,0.1,0,5,3.8,2.9,4.9,4.1,4.7,4.4,7.1,3.3,4.2,5.7,7.3,4,8.8,5.4,7.3,5.9,5.9,5.8,4.4,3.9,6.3,5,4.2,5.1,5.6,6.1,5.4,5.4,4.7,5.7,3.1,5.2,5,6.9,2.3,6.9,5.8,7.7,3.5,,,,,,,,,,,,,,,,,,,,,,,,,,,,,,,,,,,,,,,,,27.2,27.5,27.9,27.5,27.2,27.6,27.2,27.3,27.4,27.9,26.8,27.3,27,27.3,27.8,27.6,27.5,27.6,27.3,27,27,27.4,27.4,27.3,27.6,27.3,27.1,27.6,27.7,27.3,27.8,82,80,75,81,73,80,73,80,76,74,84,77,80,80,70,80,74,79,81,72,77,76,77,81,77,81,80,72,72,72,79,0,0,0,0.1,0,0,0,0,0,0,0,0,0,0,0,0.2,0,0,0,0,0,0,0,0,0,0,0,0,0,0,0,16.6,12.2,11.5,20.6,11.7,20.4,9.6,19,15.4,11.7,23.1,12.9,18,17.1,13,21.3,14.3,13.7,15.4,11.5,16.1,8.8,12.4,21.4,15.3,17.8,20.9,9.6,13.7,11.4,21.4,19.8,12.6,12.2,25.2,11.9,25.6,9,23.4,17.6,12.6,26.6,14.4,20.5,18.7,13,27,14.4,15.8,18,12.2,17.3,7.9,12.6,25.9,19.8,20.5,24.5,9.4,14.8,11.5,25.2,,,,,,22.2204,114.2127
2026-09-26T19:00,27.2,27.2,27.2,27.9,26.2,27.2,26.9,26.4,26.6,27.1,27.2,28.4,27.9,28.2,27.4,27.7,26.8,27.5,27.5,28.5,27.5,27.6,27.6,26.9,27.6,27.7,27.7,28.3,27.6,27,29.1,27.3,27.3,27.8,27.7,26.8,27,28.3,27.2,29.8,80,86,84,82,89,86,86,87,79,83,87,81,78,87,88,87,84,82,85,81,79,84,86,88,83,78,81,85,87,86,80,86,89,82,82,75,88,82,87,75,0,0,0,0,0,0,0,0,0,0,0,0,0,0.1,0,0,0,0,0.1,0,0,0,0,0,0,0,0,0,0,0,0,0,0,0,0,0,0,0,0.1,0,5.4,4.3,3.3,5.2,4.5,5.1,4.7,7.1,3.1,4.7,6.4,7.6,4.3,9.4,5.8,8.1,6.6,6.1,5.7,5.1,4.2,6.7,5.4,4.9,5.4,5.9,6.8,5.7,6.1,5.3,6,3.5,5.8,5.2,7.6,2.3,7,6.2,7.8,3.8,,,,,,,,,,,,,,,,,,,,,,,,,,,,,,,,,,,,,,,,,27.1,27.3,27.6,27.4,27,27.4,26.9,27.1,27.1,27.6,26.6,27.1,26.8,27.1,27.4,27.4,27.3,27.4,27.1,26.9,26.7,27.3,27.2,27.3,27.3,27.2,27,27.5,27.4,27.1,27.6,82,80,77,82,74,82,74,82,77,76,85,78,81,82,72,81,76,80,82,73,79,77,78,82,78,83,82,72,75,73,81,0,0,0,0.1,0,0,0,0,0,0,0,0,0,0,0,0.2,0,0,0,0,0,0,0,0,0,0,0,0,0,0,0,15.3,11.8,11.9,21.3,10.5,20,8.9,19.3,14.8,12.2,22.8,12.4,17.7,16,13.3,21.5,12.8,12.9,15.3,10.5,15.6,9.8,11.8,21,13.9,16,20.9,9.2,12.3,11.7,19.4,18.7,12.6,13.3,26.3,10.8,26.6,8.6,24.5,16.6,13.3,27,14,21.2,18,14.4,29.5,13.7,15.5,18.4,11.5,17.3,9,12.6,25.9,18,18.7,24.8,9,13.7,11.9,24.8,,,,,,22.2204,114.2127
2026-09-26T20:00,27.2,27.3,27.3,27.9,26.2,27.3,26.9,26.4,26.6,27.1,27.3,28.4,28,28.2,27.5,27.7,26.9,27.5,27.5,28.6,27.5,27.6,27.6,26.9,27.6,27.7,27.7,28.3,27.7,27,29.2,27.3,27.3,27.7,27.7,26.9,27,28.4,27.2,29.9,80,86,84,82,89,86,86,87,79,83,87,81,78,87,88,87,84,82,85,81,79,84,86,88,83,78,81,85,87,86,80,86,89,82,82,75,88,82,87,75,0,0,0,0,0,0,0,0,0,0,0,0,0,0.1,0,0,0,0,0.1,0,0,0,0,0,0,0,0,0,0,0,0,0,0,0,0,0,0,0,0.1,0,5.4,4.8,3.3,5.2,4.8,5.4,5,7.1,3.1,4.7,6.7,7.6,4.3,9.7,5.8,8.4,6.9,5.9,5.7,5.4,4.1,6.7,5.8,5.2,5.4,6,7.2,5.8,6.4,5.6,6.4,3.9,6.3,5.2,8,2.3,7.2,6.2,7.9,3.8,,,,,,,,,,,,,,,,,,,,,,,,,,,,,,,,,,,,,,,,,27.1,27.1,27.4,27.4,26.9,27.3,26.7,27,26.9,27.4,26.6,27,26.7,26.9,27.2,27.3,27.1,27.3,27,26.8,26.5,27.2,27,27.2,27.1,27.1,26.9,27.3,27.2,26.9,27.4,82,81,79,82,75,83,75,83,79,78,86,79,82,83,74,82,77,81,83,73,81,78,79,83,79,84,84,73,77,74,82,0,0,0,0.1,0,0,0,0,0,0,0,0,0,0,0,0.2,0,0,0,0,0,0,0,0,0,0,0,0,0,0,0,14.7,11.2,11.9,22.5,9.3,19.6,8.5,19.2,14.5,12,22,12.3,17.7,14.9,13.3,21.3,11.9,12.3,14.9,10,15.5,10.8,10.9,20.6,13,14.7,20.9,8.6,10.8,11.3,17.3,17.6,12.2,14.4,28.4,10.1,27,9,24.8,16.2,14,27,13.7,21.6,17.3,15.1,31.3,13,15.1,18.7,10.4,18,10.4,12.6,26.3,16.9,17.6,25.2,9,12.6,11.9,24.1,,,,,,22.2204,114.2127
2026-09-26T21:00,27.2,27.3,27.3,27.9,26.2,27.3,26.8,26.4,26.6,27.1,27.3,28.4,28,28.1,27.5,27.7,26.9,27.5,27.5,28.6,27.4,27.6,27.6,26.9,27.6,27.7,27.7,28.2,27.7,27,29.3,27.2,27.3,27.7,27.7,26.9,27,28.4,27.2,29.9,80,86,84,82,89,86,86,87,79,83,87,81,78,87,88,87,84,82,85,81,79,84,86,88,83,78,81,85,87,86,80,86,89,82,82,75,88,82,87,75,0,0,0,0,0,0,0,0,0,0,0,0,0,0.1,0,0,0,0,0,0,0,0,0,0,0,0,0,0,0,0,0,0,0.2,0,0.2,0,0,0,0,0,5.1,5.1,3.3,4.9,4.8,5.4,5,7.1,3.1,4.7,6.7,7.3,4.3,10.1,5.4,8.4,6.9,5.4,5.4,5.4,4,6.7,5.8,5.2,5.1,6,7.2,5.3,6.4,5.6,6.4,3.9,6.5,4.9,8.4,2.3,7.4,5.8,7.9,3.8,,,,,,,,,,,,,,,,,,,,,,,,,,,,,,,,,,,,,,,,,27,27,27.2,27.4,26.8,27.2,26.6,27,26.8,27.2,26.6,26.8,26.7,26.8,27,27.3,26.9,27.1,27,26.6,26.4,27,26.9,27.1,27,27,26.8,27.1,27.1,26.8,27.3,82,81,80,82,76,84,76,84,81,79,86,80,82,84,75,82,78,82,84,74,82,80,80,83,79,85,85,75,77,74,83,0,0,0,0.2,0,0,0,0.1,0,0,0,0,0,0,0,0.1,0,0,0,0,0,0,0,0,0,0,0,0,0,0,0.2,14.2,10.5,11.5,24.6,8.6,18.8,8.7,18.7,14.7,11.6,21.4,11.9,17.4,14.5,11.8,21.2,11.9,11.9,14.7,9,16.1,11.5,10.6,20.8,13,14.3,20.5,8.8,9.3,10.5,15.8,17.3,11.9,14.4,32,9.4,26.6,9.7,24.5,16.9,14.4,26.6,13.7,21.6,17.3,14.8,31.3,13.3,14.8,19.1,9.4,19.4,11.9,12.6,27,17.3,17.3,25.6,9.7,10.8,11.2,22.7,,,,,,22.2204,114.2127
2026-09-26T22:00,27.2,27.3,27.3,27.9,26.2,27.3,26.8,26.4,26.6,27,27.3,28.4,27.9,28.1,27.4,27.7,26.9,27.4,27.5,28.6,27.4,27.5,27.5,26.9,27.6,27.7,27.7,28.2,27.7,27,29.2,27.2,27.2,27.6,27.8,26.8,27.1,28.3,27.3,29.9,80,86,85,82,89,86,86,87,80,83,87,81,79,88,88,86,85,83,86,81,80,84,86,88,84,79,81,85,87,86,80,86,89,82,82,75,88,82,87,75,0,0,0,0,0,0,0,0,0,0,0,0,0,0.1,0,0,0,0,0,0,0,0,0,0,0,0,0,0,0,0,0,0,0.2,0,0.2,0,0,0,0,0,4.7,4.9,2.9,4.5,4.5,4.7,4.8,6.4,2.9,3.9,6.3,7,4,10.1,4.7,8.4,6.5,5.1,5.2,5.2,3.7,6.4,5.4,5.2,4.6,5.5,7.2,4.8,6.4,5.5,5.8,3.5,6.5,4.4,8.7,1.8,7.4,5.6,7.6,3.4,,,,,,,,,,,,,,,,,,,,,,,,,,,,,,,,,,,,,,,,,26.9,27,27.2,27.5,26.7,27.2,26.5,27,26.7,27.1,26.7,26.7,26.7,26.8,26.8,27.2,26.8,27,26.9,26.5,26.4,26.9,26.9,27,26.9,27,26.8,26.9,27.1,26.7,27.2,83,81,81,81,77,84,78,84,83,80,85,81,83,84,75,82,79,83,84,74,83,81,81,84,80,85,86,77,77,75,84,0,0,0,0.2,0,0,0,0.1,0,0,0,0,0,0,0,0.1,0,0,0,0,0,0,0,0,0,0,0,0,0,0,0.2,14.2,9.9,10.7,27.4,8.1,17.7,9.4,18.2,15.4,11.4,20.8,11.5,17.2,13.9,10.7,20.7,12,11.7,14.7,8,17.2,12.3,10.1,21.5,14.3,14.3,20.2,9.8,7.8,9.6,14.3,16.9,11.2,13.7,36.7,8.6,25.6,10.4,23.8,18,14.4,26.6,13.3,21.2,17.3,13.3,30.6,14,14,19.4,7.9,20.9,13.7,12.2,28.1,18,17.3,25.6,11.2,8.6,10.1,20.5,,,,,,22.2204,114.2127
2026-09-26T23:00,27.1,27.3,27.2,27.8,26.2,27.2,26.7,26.4,26.5,27,27.2,28.3,27.9,28,27.4,27.7,26.9,27.4,27.4,28.5,27.3,27.5,27.4,26.9,27.6,27.6,27.6,28.2,27.8,27.1,29.2,27.1,27.1,27.6,27.8,26.8,27.1,28.2,27.3,29.8,80,86,85,82,89,86,86,87,80,84,86,82,80,88,88,86,85,83,86,82,80,85,87,88,84,80,82,84,87,87,80,86,89,82,82,76,88,81,87,76,0,0,0,0,0,0,0,0,0,0,0,0,0,0.1,0,0,0,0,0,0,0,0,0,0,0,0,0,0,0,0,0,0,0.2,0,0.2,0,0,0,0,0,4,4.7,2.9,3.7,4.1,4,4.5,6.1,2.4,3.4,5.9,6.3,3.2,9.7,3.7,8.1,5.8,4.4,4.2,4.5,3.3,6.3,5.2,4.7,4.1,5.2,7,4,6.4,5.4,5.6,2.9,6.5,3.7,9.1,1.3,7.4,4.7,7.3,3.1,,,,,,,,,,,,,,,,,,,,,,,,,,,,,,,,,,,,,,,,,26.8,26.9,27.1,27.5,26.7,27.1,26.4,26.9,26.7,27,26.7,26.6,26.7,26.8,26.7,27.2,26.7,26.9,26.9,26.4,26.4,26.8,26.8,27,26.8,27,26.8,26.7,27,26.6,27.2,83,81,82,80,78,85,79,84,84,81,85,82,83,84,76,82,80,83,84,75,83,83,81,84,80,85,86,78,77,75,84,0,0,0,0.2,0,0,0,0.1,0,0,0,0,0,0,0,0.1,0,0,0,0,0,0,0,0,0,0,0,0,0,0,0.2,14,9.2,10.4,29.7,8,16.7,9.8,17.6,15.6,10.8,19.8,11.2,17.3,13.7,11,20,12,11.2,14.5,7,17.6,12.9,9.8,22.3,14.6,14.2,19.6,10.4,6.8,8.5,12.7,16.6,10.4,13.3,40.7,9,24.1,11.2,22.7,18.7,14,25.6,13,20.9,17.3,12.6,28.8,14,13.3,19.1,7.2,21.6,14.8,11.9,29.2,18.4,17.3,25.2,11.9,7.2,9,18,,,,,,22.2204,114.2127
2026-09-27T00:00,27,27.3,27.2,27.7,26.1,27.2,26.6,26.4,26.4,26.9,27.2,28.2,27.8,27.9,27.3,27.7,26.9,27.3,27.4,28.5,27.2,27.4,27.4,26.9,27.5,27.5,27.5,28.1,27.8,27.1,29.1,27.1,27.1,27.5,27.8,26.7,27.1,28.1,27.3,29.7,80,86,85,82,89,86,87,87,80,84,86,82,81,88,88,86,86,84,87,82,81,85,87,88,85,81,82,84,87,87,80,87,89,83,82,76,88,81,87,77,0,0,0,0,0,0,0,0,0,0,0,0,0,0.1,0,0,0,0,0,0,0,0,0,0,0,0,0,0,0,0,0,0,0.2,0,0.2,0,0,0,0,0,3.3,4.8,2.5,2.9,3.8,3.4,4,5.4,1.9,2.3,4.7,5.4,2.5,9.7,2.6,7.3,4.8,3.7,3.7,3.9,2.5,5.9,4.6,4.4,3.1,4.5,6.8,2.9,6.1,4.9,4.9,2.3,6.3,2.7,9.4,0.8,7.1,4.3,7,2.9,,,,,,,,,,,,,,,,,,,,,,,,,,,,,,,,,,,,,,,,,26.7,26.7,27,27.4,26.5,27,26.3,26.8,26.6,26.9,26.6,26.4,26.5,26.7,26.6,27.1,26.6,26.7,26.8,26.3,26.4,26.6,26.7,26.9,26.7,26.9,26.8,26.6,26.9,26.4,27.1,83,81,83,80,80,85,80,84,85,81,85,82,84,84,77,82,81,83,84,76,83,84,81,84,81,85,85,78,78,75,84,0,0,0,0.3,0,0.1,0,0.3,0,0,0,0,0,0.3,0,0.1,0,0,0,0,0,0,0,0,0,0,0.3,0,0,0,0.2,13.6,8.2,10.1,30.7,9.4,15.6,9.7,17.1,15,9.8,18.3,10.8,17.7,13.5,11.4,17.8,11.3,10.5,13.7,6.6,16.9,13.3,9.2,23,14.1,14.1,18.4,10.2,7,7.2,10.9,16.2,9.4,13,42.5,11.2,22,11.5,21.6,18,13,23.4,12.2,20.9,17.3,12.6,25.9,13,11.9,17.6,7.2,20.9,15.5,10.8,29.9,17.6,16.9,23.8,11.9,7.2,8.3,15.1,,,,,,22.2204,114.2127
2026-09-27T01:00,26.9,27.3,27.1,27.6,26.1,27.1,26.5,26.3,26.3,26.9,27.1,28.2,27.7,27.7,27.2,27.7,26.9,27.3,27.4,28.4,27,27.3,27.3,26.9,27.5,27.3,27.4,28,27.8,27.1,29,27,27,27.5,27.8,26.6,27.1,27.9,27.4,29.6,81,86,86,82,89,87,87,87,81,85,86,82,82,88,87,85,86,84,87,83,82,85,88,88,86,82,82,84,87,87,81,87,90,83,82,77,87,81,87,77,0,0,0,0,0,0,0,0,0,0,0,0,0,0.1,0,0,0,0,0,0,0,0,0,0,0,0,0,0,0,0,0,0,0.2,0,0.2,0,0,0,0,0,2.2,4.6,1.8,2.2,3.1,2.6,3.7,4.9,1.9,1.5,4,4.5,1.8,9.4,1.3,7,4,3,3.1,3.1,1.8,5.4,3.9,3.6,2.4,3.6,6.6,1.8,5.6,4.4,4.3,1.8,6,1.8,9.7,0.5,7.4,3.7,6.6,2.3,,,,,,,,,,,,,,,,,,,,,,,,,,,,,,,,,,,,,,,,,26.5,26.6,26.9,27.3,26.3,26.9,26.2,26.7,26.6,26.8,26.5,26.3,26.3,26.6,26.5,27,26.5,26.6,26.8,26.2,26.3,26.5,26.6,26.8,26.5,26.8,26.8,26.5,26.8,26.3,27.1,84,80,83,81,82,86,81,84,86,81,85,82,85,85,78,83,81,82,84,76,83,85,81,85,81,86,83,78,79,76,83,0,0,0,0.3,0,0.1,0,0.3,0,0,0,0,0,0.3,0,0.1,0,0,0,0,0,0,0,0,0,0,0.3,0,0,0,0.2,13.2,7.2,9.8,31.8,11.9,14.5,9.5,16.9,14,8.4,16.4,10.5,18,13.4,11.5,15.6,9.8,9.1,12.4,7.4,15.7,13.2,8.3,23.6,13.4,14.1,17.3,9.7,7.4,6.4,9.2,15.8,8.3,13,43.6,14.4,19.1,11.5,20.5,16.2,11.2,20.9,11.5,20.9,17.3,13.3,22,11.5,10.4,15.5,7.9,19.8,15.8,9.7,30.6,16.2,16.6,21.6,11.9,7.9,7.6,12.2,,,,,,22.2204,114.2127
2026-09-27T02:00,26.8,27.3,27,27.4,26.1,27.1,26.5,26.3,26.2,26.8,27.1,28.1,27.5,27.6,27.1,27.7,26.8,27.2,27.3,28.3,26.9,27.2,27.2,26.8,27.4,27.2,27.3,28,27.9,27.1,28.9,26.9,26.9,27.4,27.8,26.5,27.2,27.8,27.4,29.4,81,86,86,83,90,87,87,87,82,86,86,82,83,89,87,85,87,85,88,83,83,86,88,88,86,83,82,84,87,88,81,88,90,83,82,78,87,81,87,78,0,0,0,0,0,0,0,0,0,0,0,0,0,0.1,0,0,0,0,0,0,0,0,0,0,0,0,0,0,0,0,0,0,0.2,0,0.2,0,0,0,0,0,1.5,4.4,1.5,1.3,2.3,1.6,3.2,4,1.5,0.5,2.9,3.6,0.8,8.6,0.7,6.4,3.6,2.5,2.5,2.3,1.3,5.1,3.1,3.2,1.8,3.3,6.4,0.8,5.4,4,4,1.1,5.8,1.1,10.1,0.7,7.1,3.7,6.3,2,,,,,,,,,,,,,,,,,,,,,,,,,,,,,,,,,,,,,,,,,26.4,26.5,26.9,27.3,26.2,26.8,26.1,26.5,26.6,26.7,26.4,26.2,26.2,26.6,26.4,26.9,26.5,26.5,26.7,26.1,26.3,26.4,26.5,26.8,26.4,26.7,26.7,26.5,26.7,26.1,27,84,80,83,81,84,86,82,84,86,81,85,82,86,85,79,83,81,82,84,77,83,85,81,85,82,86,82,78,80,76,83,0,0,0,0.3,0,0.1,0,0.3,0,0,0,0,0,0.3,0,0.1,0,0,0,0,0,0,0,0,0,0,0.3,0,0,0,0.2,12.8,6.7,9.7,32.1,13.3,13.6,9.7,16.3,12.7,7.2,15,9.8,17.6,13,11.8,13.5,8.7,8.2,11.2,9,14.6,12.8,7.5,24.2,12.6,14.2,16.2,9.2,7.4,6.6,7.9,15.5,7.2,12.6,44.3,16.6,16.9,11.5,19.4,14.8,9.4,19.1,10.4,20.5,16.6,13.7,18.4,10.1,9.4,13.7,9.4,18.4,15.5,8.6,31,15.1,16.6,19.8,11.2,7.9,6.8,10.4,,,,,,22.2204,114.2127
2026-09-27T03:00,26.7,27.3,26.9,27.3,26,27,26.4,26.3,26.1,26.7,27,28,27.4,27.5,27,27.7,26.8,27.2,27.3,28.2,26.8,27.1,27.1,26.8,27.4,27,27.2,27.9,27.9,27.1,28.8,26.8,26.8,27.4,27.7,26.4,27.2,27.6,27.4,29.3,81,87,87,83,90,87,87,87,82,86,86,82,84,89,87,84,88,86,88,84,83,86,89,88,87,84,83,83,87,88,81,88,90,83,82,78,87,81,87,79,0,0,0,0,0,0,0,0,0,0,0,0,0,0.1,0,0,0,0,0,0,0,0,0,0,0,0,0,0,0,0,0,0,0.2,0,0.2,0,0,0,0,0,0.4,4.3,0.8,1.1,1.6,1.8,2.7,3.8,1.1,0.4,2.2,2.9,0.4,8.3,1.6,5.6,3.2,2.4,1.8,2.2,1.1,4.7,2.8,2.5,1.6,2.7,6.6,1.1,5,3.6,4,1.3,5.3,1.1,10.1,1.1,7.1,3.6,5.5,1.9,,,,,,,,,,,,,,,,,,,,,,,,,,,,,,,,,,,,,,,,,26.3,26.3,26.8,27.2,26.2,26.7,26.1,26.4,26.5,26.5,26.3,26.1,26.1,26.5,26.3,26.8,26.4,26.4,26.6,26.1,26.2,26.4,26.4,26.7,26.3,26.6,26.7,26.4,26.5,26,26.8,84,80,83,81,84,86,82,84,86,81,85,82,86,85,79,83,81,82,84,78,83,85,81,85,82,86,82,78,81,76,83,0,0,0,0,0.1,0.1,0,0.1,0.1,0,0,0,0.1,0.2,0,0.1,0,0,0,0,0,0,0,0,0,0,0.2,0,0,0,0.1,12.6,6.3,10,32.4,12.9,13.8,10.1,15.1,11.5,6.1,14.6,9,16,11.8,11.6,11.5,7.3,7.8,9.8,11,13.4,11.2,7.1,24.2,11.6,14.2,15.5,8.2,6.1,6.1,7.9,15.1,6.5,12.6,44.6,16.6,16.2,11.5,18,13.3,7.6,18.4,9.7,18.7,15.1,13.3,15.1,8.6,9,12.2,11.9,17.3,14,7.9,31.3,14.4,16.6,18.7,10.1,6.8,5.8,10.4,,,,,,22.2204,114.2127
2026-09-27T04:00,26.6,27.3,26.8,27.2,26,27,26.3,26.3,26.1,26.7,26.9,27.9,27.3,27.3,26.9,27.7,26.8,27.1,27.3,28.2,26.6,27,27,26.8,27.4,26.9,27.1,27.9,27.9,27.1,28.6,26.8,26.7,27.3,27.7,26.3,27.2,27.5,27.5,29.1,82,87,87,83,90,87,88,87,83,87,86,83,85,89,86,84,88,87,89,84,84,87,89,88,88,85,83,83,87,88,82,88,90,83,82,79,87,81,87,79,0,0,0,0,0,0,0,0,0,0,0,0,0,0.1,0,0,0,0,0,0,0,0,0,0,0,0,0,0,0,0,0,0,0.2,0,0.2,0,0,0,0,0,0.7,4.7,0.8,1.6,1,2.6,2.1,3.3,0.8,1.5,1.3,2.9,1,8,2.6,5.1,3.6,2.8,1.8,2.5,1.5,4.3,2.6,1.9,1.8,2.5,6.8,2.2,4.5,3.3,4.3,2.1,4.8,1.8,10.4,1.9,6.6,4.3,5.2,1.8,,,,,,,,,,,,,,,,,,,,,,,,,,,,,,,,,,,,,,,,,26.2,26.2,26.7,27.1,26.2,26.6,26,26.3,26.5,26.4,26.3,26.1,26,26.5,26.3,26.7,26.3,26.3,26.6,26,26.2,26.4,26.3,26.7,26.2,26.6,26.6,26.3,26.4,25.9,26.7,85,80,83,82,83,86,82,83,86,81,86,81,86,84,79,84,80,82,84,79,82,84,81,84,82,86,82,78,81,75,84,0,0,0,0,0.1,0.1,0,0.1,0.1,0,0,0,0.1,0.2,0,0.1,0,0,0,0,0,0,0,0,0,0,0.2,0,0,0,0.1,12.6,5.6,9.9,33,12,14,10.2,14,10.3,4.7,14.9,8.3,14.1,10.4,11.3,9.7,6,7.5,8.9,13.5,11.9,9.1,6.6,24.3,11.5,13.7,15,7.2,4.7,4.8,9.1,14.8,5.4,12.6,44.6,15.5,16.2,11.5,16.6,11.9,5.4,18,9,16.2,13,13,11.9,7.2,8.6,10.8,14.8,16.2,11.5,7.6,31.3,14,16.6,17.6,8.6,5,4.7,11.2,,,,,,22.2204,114.2127
2026-09-27T05:00,26.6,27.3,26.7,27.1,26,26.9,26.2,26.3,26,26.6,26.9,27.8,27.2,27.2,26.8,27.7,26.8,27.1,27.3,28.1,26.5,27,26.9,26.8,27.3,26.7,27,27.8,28,27.1,28.6,26.7,26.6,27.3,27.7,26.3,27.3,27.3,27.5,29,82,87,87,83,90,87,88,87,83,87,85,83,86,90,86,84,89,87,89,85,85,87,89,88,88,86,83,83,87,89,82,89,90,83,82,80,87,80,87,80,0,0,0,0,0,0,0,0,0,0,0,0,0,0.1,0,0,0,0,0,0,0,0,0,0,0,0,0,0,0,0,0,0,0.2,0,0.2,0,0,0,0,0,1.4,4.9,0.7,2.3,0.8,3.6,1.6,3.3,1,2.3,1.1,3.3,1.6,7.6,3.7,4.6,4.3,3.2,2.1,2.9,1.9,4,2.5,1.8,2.3,2.5,7.2,3.3,4.3,3.1,4.8,2.7,4.8,2.6,10.4,2.4,6.6,5,4.8,1.8,,,,,,,,,,,,,,,,,,,,,,,,,,,,,,,,,,,,,,,,,26.2,26.2,26.7,27.1,26.3,26.6,26,26.2,26.5,26.4,26.2,26,26,26.5,26.3,26.6,26.3,26.3,26.5,26.1,26.2,26.5,26.2,26.7,26.2,26.6,26.6,26.3,26.3,25.9,26.6,85,80,83,82,82,86,82,83,85,80,86,80,86,84,78,84,80,82,84,80,82,83,81,83,82,86,83,78,81,75,84,0,0,0,0,0.1,0.1,0,0.1,0.1,0,0,0,0.1,0.2,0,0.1,0,0,0,0,0,0,0,0,0,0,0.2,0,0,0,0.1,12.7,4.5,10.1,33.4,11.8,14.4,9.7,13.4,9.4,3.7,15.5,7.6,13,9.8,10.8,9.5,5.5,7.1,8.2,14.9,10.7,8.4,6.7,24,11.6,14.1,14.9,5.9,3.3,3.8,10.8,14.8,5,12.2,44.6,14.4,16.2,11.2,15.5,10.8,4,18,7.9,14.8,11.9,12.6,10.4,6.5,8.3,9.7,16.9,14.8,10.1,7.2,31.3,13.7,16.9,17.3,7.2,4,4,12.2,,,,,,22.2204,114.2127
2026-09-27T06:00,26.5,27.3,26.7,27,26,26.9,26.2,26.3,26,26.6,26.9,27.8,27.1,27.1,26.7,27.7,26.8,27.1,27.3,28.1,26.4,26.9,26.9,26.7,27.3,26.6,26.9,27.8,28,27.1,28.5,26.7,26.5,27.3,27.7,26.2,27.3,27.2,27.5,28.9,82,87,87,83,90,87,88,87,84,88,85,83,87,90,86,83,89,88,89,85,85,87,89,88,89,87,83,82,87,89,82,89,90,83,83,80,86,80,87,80,0,0,0,0,0,0,0,0,0,0,0,0,0,0.1,0,0,0,0,0,0,0,0,0,0,0,0,0,0,0,0,0,0,0.2,0,0.2,0,0,0,0,0,2.2,5,1.1,3.1,0.7,4.1,1.6,3.3,0.8,3,1.5,3.5,2.3,7.2,4.7,3.9,4.8,3.8,2.3,3.6,2.1,3.7,2.9,1.5,3,2.7,7.6,4.1,3.9,2.9,5.4,3.3,4.3,3.1,10.5,2.4,6.4,5.9,4.5,2.3,,,,,,,,,,,,,,,,,,,,,,,,,,,,,,,,,,,,,,,,,26.3,26.2,26.8,27.2,26.3,26.6,26.1,26.2,26.5,26.4,26.3,26,26.1,26.5,26.3,26.6,26.3,26.4,26.6,26.2,26.3,26.6,26.3,26.7,26.2,26.7,26.6,26.4,26.3,26,26.7,85,79,82,82,81,86,81,83,84,79,85,79,85,83,78,84,80,81,84,80,82,82,81,81,82,86,84,77,80,75,84,0,0,0,0,0,0.2,0,0,0.2,0,0,0,0.4,0,0,0,0,0,0,0,0,0,0,0,0,0.1,0,0,0,0,0.1,13.2,1.8,9.5,33.5,11.2,14.5,8.5,13.7,8.9,2.4,15.9,6.6,13.4,10.1,10.5,10.8,5.5,5.7,7.8,15.5,9.4,8.7,6.9,24,11.7,15.2,15.8,5.2,1.1,3.2,11.6,15.1,4.7,11.5,44.6,13,16.2,9.7,15.8,10.4,3.2,18.4,6.5,15.1,12.2,12.2,11.5,6.1,6.5,9.4,17.6,13,10.1,7.2,31.3,13.7,18,18,6.1,3.6,3.6,12.6,,,,,,22.2204,114.2127
2026-09-27T07:00,26.4,27.3,26.7,26.9,25.9,26.9,26.1,26.3,26,26.5,26.8,27.7,27,27.1,26.7,27.7,26.8,27.1,27.3,28.1,26.4,26.9,26.9,26.7,27.3,26.5,26.9,27.8,28,27.1,28.5,26.6,26.5,27.3,27.7,26.2,27.3,27.1,27.6,28.8,82,87,87,83,90,87,88,87,84,88,85,83,88,90,85,83,89,88,89,85,86,87,89,88,89,88,83,82,87,89,82,89,90,83,83,81,86,80,87,81,0,0,0,0,0,0,0,0,0,0,0,0,0,0.1,0,0,0,0,0,0,0,0,0,0,0,0,0,0,0,0,0,0,0.2,0,0.2,0,0,0,0,0,2.5,5.5,1.3,3.6,0.8,4.6,1.1,3.1,1.1,3.4,1.9,4,2.7,6.9,5.1,3.7,5.4,4.1,2.5,3.8,2.6,3.3,3.3,1.6,3.3,2.9,7.9,4.5,3.9,2.9,5.6,3.7,4.3,3.5,10.5,2.9,6.4,6.1,4.4,2.4,,,,,,,,,,,,,,,,,,,,,,,,,,,,,,,,,,,,,,,,,26.4,26.3,27,27.2,26.4,26.7,26.2,26.3,26.7,26.6,26.4,26.1,26.2,26.6,26.4,26.7,26.4,26.5,26.7,26.3,26.5,26.8,26.4,26.7,26.3,26.8,26.6,26.5,26.4,26.1,26.8,85,78,81,81,79,85,80,83,84,78,84,78,84,83,77,84,80,80,83,79,81,81,80,79,81,85,84,76,79,74,84,0,0,0,0,0,0.2,0,0,0.2,0,0,0,0.4,0,0,0,0,0,0,0,0,0,0,0,0,0.1,0,0,0,0,0.1,14.1,1.6,8.9,33.7,10.2,14.6,6.9,14.4,8.8,1.9,16.5,5.2,14.6,11.2,10.4,12.6,5.7,4,7.7,15.5,7.9,9.2,7.2,24,12.1,16.7,16.9,4.8,1.4,2.9,12,15.8,4.7,10.1,45,11.5,16.2,8.3,16.6,10.4,2.9,18.7,5,16.2,13.3,11.5,13.7,6.5,4.7,9,17.6,11.2,10.4,7.6,31,14,19.4,19.1,5,4,3.2,13,,,,,,22.2204,114.2127
2026-09-27T08:00,26.4,27.3,26.7,26.9,25.9,26.9,26.1,26.3,26,26.5,26.8,27.7,27,27,26.7,27.6,26.8,27.1,27.3,28.1,26.4,26.9,26.9,26.7,27.3,26.5,26.9,27.8,28,27.1,28.5,26.6,26.5,27.3,27.7,26.2,27.3,27.1,27.6,28.8,82,87,87,83,90,87,88,87,84,88,85,83,88,90,85,83,89,88,89,85,86,87,89,88,89,88,83,82,87,89,82,89,90,83,83,81,86,80,87,81,0,0,0,0,0,0,0,0,0,0,0,0,0,0.1,0,0,0,0,0,0,0,0,0,0,0,0,0,0,0,0,0,0,0.2,0,0.2,0,0,0,0,0,2.5,5.5,1.3,3.6,0.8,4.9,1.1,3.1,1.1,3.4,2.1,4.2,2.7,6.5,5.4,3.7,5.7,4,2.5,4.1,2.6,3.3,3.4,1.6,3.3,2.9,8.2,4.9,3.9,3.1,5.6,3.7,4.3,3.7,10.5,2.9,6.4,6.6,4.4,2.4,,,,,,,,,,,,,,,,,,,,,,,,,,,,,,,,,,,,,,,,,26.6,26.6,27.2,27.4,26.6,26.9,26.5,26.5,26.9,26.8,26.5,26.2,26.4,26.8,26.7,26.9,26.6,26.7,26.9,26.6,26.7,27,26.6,26.9,26.5,27,26.7,26.8,26.7,26.4,27,84,77,80,80,78,84,78,83,82,77,82,77,82,82,76,83,79,79,82,78,80,80,79,77,80,84,84,75,78,73,83,0,0,0,0,0,0.2,0,0,0.2,0,0,0,0.4,0,0,0,0,0,0,0,0,0,0,0,0,0.1,0,0,0,0,0.1,14.9,3.7,8.6,34,9.5,14.6,6.6,15.3,8.7,2.9,17.1,4.8,15.4,12.3,10.1,14.4,6.4,3.6,8.1,15,7.6,9.8,7.6,24.4,12.5,18.2,17.9,4.1,2.9,2.9,12.7,16.6,5,9.7,45,10.8,16.6,7.2,17.3,10.4,3.2,19.1,4.3,16.9,14,11.2,15.8,7.2,3.6,9.4,17.3,10.1,11.5,7.9,31.3,14.4,20.9,19.8,4.3,4,3.2,13.7,,,,,,22.2204,114.2127
2026-09-27T09:00,26.4,27.3,26.7,26.9,25.9,27,26.1,26.4,26.1,26.5,26.8,27.7,27,27,26.7,27.6,26.9,27.1,27.3,28.2,26.4,26.9,27,26.7,27.4,26.5,26.9,27.8,28,27.1,28.5,26.6,26.5,27.3,27.7,26.2,27.3,27.2,27.6,28.9,82,87,87,83,90,87,88,87,84,88,85,83,88,90,85,83,89,88,89,85,86,87,89,88,89,88,83,82,87,89,82,89,90,83,83,81,86,80,87,81,0,0.1,0,0,0,0,0,0.1,0,0,0,0,0,0,0,0,0,0,0,0,0,0,0,0,0,0,0,0,0,0,0,0,0.1,0,0.1,0,0,0,0,0,2.2,5.8,1.3,3.6,0.7,4.9,1.1,3,1.1,3.1,2.1,4.2,2.4,6.5,5.1,3.7,5.6,3.7,2.2,4.1,2.4,3.3,3.4,1.6,2.9,2.9,8.2,4.9,4,3.4,5.5,3.3,4.3,3.7,10.1,2.9,6.4,6.9,4.6,2.4,,,,,,,,,,,,,,,,,,,,,,,,,,,,,,,,,,,,,,,,,26.9,27.2,27.5,27.6,27,27.2,26.8,26.7,27.2,27.2,26.8,26.5,26.8,27.1,27.1,27.2,26.9,27.1,27.2,27.2,27,27.4,26.9,27.2,26.8,27.2,27,27.2,27.1,26.9,27.3,82,74,79,79,76,83,76,82,79,75,80,76,80,81,74,81,77,77,80,75,78,78,78,74,78,83,82,73,76,71,82,0,0,0,0.1,0,0.1,0,0,0,0,0,0,0.2,0,0,0,0,0,0,0,0,0,0,0,0,0.1,0.2,0,0,0,0,15.5,4.3,9.5,34.8,9.7,14.9,7.2,16.3,8.5,4.7,17.1,5.2,15.6,13,10.2,15.9,7.9,5.2,9,13.9,8.4,11.1,7.9,24.9,12.8,20.1,17.6,3.1,2.4,3,14.2,16.9,5.4,10.1,45.4,10.8,16.6,7.6,17.6,10.4,4.7,18.7,4.7,16.9,14.4,10.8,16.9,8.3,5,9.7,16.2,10.8,13,7.9,32,14.8,22.7,19.8,3.2,3.6,3.6,15.5,,,,,,22.2204,114.2127
2026-09-27T10:00,26.5,27.3,26.8,26.9,25.9,27.1,26.2,26.4,26.3,26.6,26.9,27.8,27.1,27.1,26.7,27.5,26.9,27.2,27.4,28.3,26.5,27,27.2,26.8,27.4,26.5,26.9,27.9,28,27.1,28.7,26.7,26.5,27.4,27.6,26.3,27.3,27.2,27.6,29,82,87,86,83,90,86,88,87,84,87,85,83,88,90,84,83,88,88,88,84,86,86,88,87,89,87,82,82,87,89,82,89,90,82,84,81,86,80,87,81,0,0.1,0,0,0,0,0,0.1,0,0,0,0,0,0,0,0,0,0,0,0,0,0,0,0,0,0,0,0,0,0,0,0,0.1,0,0.1,0,0,0,0,0,1.8,5.7,1.1,3.1,0.8,4.6,1.5,2.9,1.3,2.7,1.9,3.9,2.1,6.1,4.7,3.9,5.5,3.3,1.8,3.8,1.9,3.2,3.7,1.8,2.5,2.7,8.3,4.3,4.2,3.4,5,3,4.5,3.1,10.1,2.4,6.4,6.7,4.8,2.3,,,,,,,,,,,,,,,,,,,,,,,,,,,,,,,,,,,,,,,,,27.3,27.9,27.8,27.8,27.4,27.5,27.3,27,27.7,27.7,27.2,26.8,27.2,27.4,27.7,27.7,27.3,27.6,27.6,27.9,27.4,27.8,27.2,27.6,27.3,27.5,27.3,27.8,27.7,27.6,27.6,80,71,77,79,74,81,74,80,76,73,77,74,78,79,72,80,76,75,78,72,76,77,76,71,75,81,79,71,73,69,80,0,0,0,0.1,0,0.1,0,0,0,0,0,0,0.2,0,0,0,0,0,0,0,0,0,0,0,0,0.1,0.2,0,0,0,0,16.3,4.4,11.2,36.1,10.5,15.5,8.4,17.1,8.9,6.5,16.9,6.4,15.8,13.8,10.2,17.3,9.8,7.4,10.6,12.2,10.1,12.4,8.3,25.8,13.5,21.8,17.3,2.2,2.5,3.3,16.2,17.6,5.8,11.2,46.1,11.2,16.9,9,18.4,10.1,6.8,18.4,5.4,16.6,14.8,10.4,17.3,10.1,7.2,10.8,14.4,11.9,14.4,7.6,33.1,15.1,24.1,19.1,2.2,3.2,4,18,,,,,,22.2204,114.2127
2026-09-27T11:00,26.5,27.3,26.9,26.9,25.9,27.2,26.2,26.5,26.4,26.7,26.9,27.9,27.2,27.1,26.8,27.5,27,27.2,27.4,28.5,26.6,27.1,27.3,26.8,27.5,26.5,27,28,28,27.1,28.8,26.8,26.6,27.5,27.6,26.4,27.3,27.4,27.6,29.1,81,87,85,82,90,86,88,87,84,87,85,83,88,90,83,83,87,87,87,84,85,86,87,87,88,87,82,81,87,89,81,88,89,81,84,81,85,80,87,80,0,0.1,0,0,0,0,0,0.1,0,0,0,0,0,0,0,0,0,0,0,0,0,0,0,0,0,0,0,0,0,0,0,0,0.1,0,0.1,0,0,0,0,0,1.1,5.9,1.1,2.9,1.3,4.1,1.8,3,1.3,1.9,1.4,3.7,1.5,6.1,4.1,4.4,5.1,2.5,1.6,3.1,1.8,3.6,3.6,2,1.9,2.5,8.1,3.7,4.7,4,4.5,2.3,5,2.8,9.7,2.1,6.6,6.6,5.1,2.2,,,,,,,,,,,,,,,,,,,,,,,,,,,,,,,,,,,,,,,,,27.6,28.4,28.1,28,27.7,27.8,27.7,27.3,28,28.1,27.5,27.1,27.5,27.7,28.1,28.1,27.6,28,27.9,28.5,27.7,28.1,27.5,27.9,27.6,27.8,27.6,28.2,28.2,28.1,27.9,79,69,76,78,73,80,73,79,73,72,75,73,77,78,70,78,74,73,76,69,74,75,75,69,73,80,77,69,71,67,79,0,0,0,0.1,0,0.1,0,0,0,0,0,0,0.2,0,0,0,0,0,0,0,0,0,0,0,0,0.1,0.2,0,0,0,0,16.9,5.7,13.2,36.6,12,16.2,10.2,17.8,9.3,8.6,17.2,7.7,15.9,14.5,10.9,18,11.6,9.4,11.8,10.9,11.5,13.7,8.4,26.9,14.2,22.9,17.1,3.5,4,5,18,18,6.8,12.6,46.1,12.2,17.3,10.4,18.7,10.4,9,18.4,6.8,16.2,15.1,10.8,17.6,11.5,9.4,11.5,13,13.3,15.8,7.9,34.2,15.5,25.6,19.1,2.5,3.6,5,20.2,,,,,,22.2204,114.2127
2026-09-27T12:00,26.6,27.3,27,26.9,25.9,27.4,26.3,26.5,26.7,26.7,27,27.9,27.3,27.2,26.9,27.4,27.1,27.3,27.5,28.6,26.7,27.2,27.6,26.8,27.5,26.5,27.1,28,28,27.1,29,26.8,26.6,27.6,27.6,26.5,27.3,27.5,27.6,29.2,81,87,84,82,89,85,87,86,83,86,84,83,87,90,83,83,86,87,86,83,84,85,86,87,88,86,81,81,87,88,81,88,89,80,84,80,85,80,87,80,0,0.1,0,0,0,0,0,0.1,0,0,0,0,0,0,0,0,0,0,0,0,0,0,0,0,0,0,0,0,0,0,0,0,0.1,0,0.1,0,0,0,0,0,0.5,6.2,0.7,2.3,1.8,3.6,2.6,3.4,1.3,1.3,1.3,3.3,1.1,6.1,3.1,4.6,4.7,1.8,1,2.7,1.6,3.8,3.6,2.4,1.5,2.5,7.9,3.1,5.1,4.3,4,1.6,5.2,2,9,1.3,6.6,6.3,5.6,2.2,,,,,,,,,,,,,,,,,,,,,,,,,,,,,,,,,,,,,,,,,27.8,28.6,28.2,28.2,27.7,27.9,28,27.4,28.2,28.3,27.6,27.3,27.6,27.9,28.4,28.2,27.8,28.2,28.1,29.1,27.9,28.4,27.7,27.9,27.8,28,27.8,28.3,28.4,28.4,28,79,69,75,77,74,80,72,79,72,71,74,72,76,77,69,77,73,72,75,66,74,74,74,70,72,79,76,69,70,67,78,0,0,0,0,0,0,0,0,0,0,0,0,0,0,0,0,0,0,0,0,0,0,0,0,0,0,0,0,0,0,0,17.7,7.9,15,35.7,14.5,17,11.7,18.4,10.5,10.5,18.2,9.6,15.7,16,12.8,18.4,12.8,10.5,13.1,10.4,12.6,14.8,9,28.2,14.8,23.1,17.9,6.7,6.1,7.8,20.2,18.4,8.6,14.4,45.4,14.8,18,11.9,19.1,11.2,11.5,19.1,8.6,15.8,15.8,12.2,18,13,10.4,12.6,12.2,14,16.9,9,35.3,15.8,25.9,20.2,5.8,5,6.8,22.3,,,,,,22.2204,114.2127
2026-09-27T13:00,26.7,27.3,27.2,27,25.9,27.5,26.4,26.6,26.9,26.8,27,28,27.4,27.3,27,27.3,27.2,27.4,27.6,28.8,26.9,27.3,27.8,26.9,27.6,26.6,27.2,28.2,28,27.2,29.2,26.9,26.7,27.7,27.6,26.7,27.3,27.7,27.7,29.4,80,88,84,82,89,85,87,86,83,85,84,83,87,90,82,83,85,86,85,82,84,84,85,86,87,85,80,81,87,88,80,87,89,79,85,80,85,80,86,79,0,0.1,0,0,0,0,0,0.1,0,0,0,0,0,0,0,0,0,0,0,0,0,0,0,0,0,0,0,0,0,0,0,0,0.1,0,0.1,0,0,0,0,0,0.8,6.5,0.8,2.2,2.4,3.1,3,4.1,1.6,0.4,1.6,3.5,1.3,6.2,1.8,5.4,4.7,0.8,1.1,2.2,2.1,4.2,3.7,3.1,1.4,2.7,7.9,2,5.9,4.9,3.7,0.8,5.7,1.1,8.6,0.8,6.9,6.3,5.9,2.2,,,,,,,,,,,,,,,,,,,,,,,,,,,,,,,,,,,,,,,,,27.9,28.6,28.3,28.4,27.7,27.8,28.2,27.4,28.3,28.4,27.5,27.5,27.6,28.1,28.5,28.3,27.9,28.3,28.2,29.5,27.9,28.7,27.8,27.8,27.8,28.1,27.9,28.2,28.4,28.6,28,79,69,75,76,76,80,71,79,72,71,74,72,76,76,69,77,73,71,74,64,74,72,74,72,73,78,76,69,70,67,78,0,0,0,0,0,0,0,0,0,0,0,0,0,0,0,0,0,0,0,0,0,0,0,0,0,0,0,0,0,0,0,18.6,11,16.5,33.9,17.7,18.1,13.8,18.8,12.4,13.1,19.3,12.1,15.1,17.2,15.4,18.2,13.9,11.5,14.2,10.1,13.4,15.9,10.5,29.6,15.5,22.7,19.1,10.9,8.4,10.9,22,19.1,10.8,16.6,43.9,18,18.7,13.3,19.1,12.2,14,20.5,11.2,15.1,16.6,14.4,18,14,11.2,13.7,12.2,14.8,17.3,10.1,36.7,15.8,25.9,21.6,10.1,6.8,9.7,24.1,,,,,,22.2204,114.2127
2026-09-27T14:00,26.7,27.3,27.3,27.1,25.9,27.7,26.5,26.7,27.1,26.9,27.1,28.1,27.5,27.4,27.1,27.2,27.4,27.5,27.7,29,27,27.4,28,26.9,27.7,26.7,27.3,28.3,28,27.2,29.4,27,26.8,27.9,27.6,26.8,27.2,27.8,27.7,29.6,80,88,83,81,89,84,87,86,82,84,84,83,86,90,82,83,84,85,84,82,83,83,84,86,87,84,79,81,87,88,80,87,89,78,85,79,85,80,86,79,0,0.1,0,0,0,0,0,0.1,0,0,0,0,0,0,0,0,0,0,0,0,0,0,0,0,0,0,0,0,0,0,0,0,0.1,0,0.1,0,0,0,0,0,1.8,6.9,0.8,2.1,3.4,2.9,3.7,5.2,1.9,1.1,2.2,3.8,2.1,6.3,1.5,5.9,5.1,0.5,1.8,1.8,2.6,4.5,4.2,3.4,2.1,3.3,7.5,1.5,6.4,5.6,3.4,1,6.4,0.8,7.9,0,7.1,6.2,6.7,2.3,,,,,,,,,,,,,,,,,,,,,,,,,,,,,,,,,,,,,,,,,27.9,28.5,28.3,28.5,27.6,27.8,28.3,27.4,28.4,28.4,27.5,27.5,27.6,28.2,28.5,28.3,27.9,28.4,28.3,29.8,27.9,28.8,27.8,27.8,27.8,28.2,27.9,28.2,28.4,28.6,28,79,70,75,75,77,80,71,79,72,71,74,71,76,76,70,77,73,71,73,63,75,72,74,74,73,78,76,70,70,68,78,0,0,0,0,0,0,0,0,0,0,0,0,0,0,0,0,0,0,0,0,0,0,0,0,0,0,0,0,0,0,0,18.9,13.7,17.6,33,19.8,18.8,15.3,19.1,13.5,15,20,13.7,14.6,18.4,17.1,18.2,14.7,12.2,15.2,10.6,13.7,16.4,12.2,30.3,15.9,22.4,20.5,14.1,10.2,13.6,23,19.4,12.6,18.4,43.9,20.2,19.8,14.4,19.4,13.3,15.8,21.6,12.6,14.8,17.6,16.2,18.4,14.8,11.9,14.8,12.6,15.1,18,11.5,37.8,16.2,25.9,23,13.7,8.6,11.9,25.2,,,,,,22.2204,114.2127
2026-09-27T15:00,26.8,27.3,27.5,27.1,25.9,27.8,26.6,26.7,27.4,27,27.2,28.2,27.7,27.4,27.2,27.1,27.5,27.6,27.7,29.2,27.2,27.6,28.3,27,27.8,26.7,27.4,28.4,28,27.2,29.6,27.1,26.9,28,27.5,27,27.2,28,27.7,29.8,79,88,82,81,89,84,86,86,82,83,84,82,85,89,81,83,83,85,83,81,82,82,82,85,86,83,78,80,87,87,79,86,88,77,86,79,85,80,86,78,0,0.1,0,0,0,0,0,0.1,0,0,0,0,0,0,0,0,0,0,0,0,0,0,0,0,0,0,0,0,0,0,0,0,0.1,0,0.1,0,0,0,0,0,3,7.3,1.1,2.8,4.2,3,4.1,6.1,2.2,2.2,2.9,4.4,2.7,6.4,1.8,6.4,5.6,1.5,2.6,2,3.6,5.2,4.5,4,3.1,3.8,7.7,1.6,6.6,5.9,3.8,1.9,6.6,1.1,7.6,0.8,7.1,6.5,7,2.6,,,,,,,,,,,,,,,,,,,,,,,,,,,,,,,,,,,,,,,,,27.9,28.5,28.2,28.4,27.6,27.9,28.2,27.3,28.3,28.4,27.6,27.5,27.6,28.1,28.3,28.3,27.9,28.4,28.3,29.8,27.8,28.7,27.8,27.8,27.8,28.2,27.9,28.2,28.3,28.4,28,80,70,76,76,78,80,72,79,73,71,73,70,75,76,71,76,72,71,73,63,75,72,74,76,73,78,77,70,70,69,78,0,0,0,0,0,0,0,0,0,0,0,0,0,0,0,0,0,0,0,0,0,0,0,0,0,0,0,0,0,0,0,18.7,14.9,17.8,34.1,19.8,19.2,16.2,19.1,14.2,16.1,19.7,13.7,14,19.2,18.1,17.9,14.8,12.5,16.3,12.1,14,16.8,13.6,29.7,15.8,22.1,21.6,15.1,10.8,14.8,22.3,19.8,14,18.7,46.1,20.2,20.5,15.1,19.4,14,16.9,22,13,14,19.1,17.6,19.4,15.1,12.2,16.2,14,15.1,18.4,13,38.2,16.6,26.3,24.5,15.1,10.1,13.7,24.8,,,,,,22.2204,114.2127
2026-09-27T16:00,26.9,27.3,27.6,27.2,25.9,28,26.7,26.8,27.6,27.1,27.2,28.3,27.8,27.6,27.2,27.1,27.6,27.7,27.8,29.4,27.4,27.7,28.5,27,27.8,26.8,27.5,28.5,28,27.2,29.8,27.2,27,28.1,27.5,27.1,27.2,28.2,27.7,29.9,79,88,81,81,89,83,86,86,81,82,84,82,85,89,80,83,81,84,82,80,81,82,81,85,85,82,78,80,87,87,79,86,88,76,86,79,84,79,86,77,0,0.1,0,0,0,0,0,0.1,0,0,0,0,0,0,0,0,0,0,0,0,0,0,0,0,0,0,0,0,0,0,0,0,0.1,0,0.1,0,0,0,0,0,3.7,7.5,1.8,3.5,4.9,3.4,4.5,7.1,2.5,3.2,3.6,5.3,3.8,6.5,2.9,6.9,6.3,2.5,3.4,2.6,4.3,5.9,4.9,4.7,3.8,4.7,7.4,2.3,7.4,6.6,4.5,3,7.1,2.2,6.9,1.3,7.1,6.6,7.8,2.8,,,,,,,,,,,,,,,,,,,,,,,,,,,,,,,,,,,,,,,,,27.8,28.3,28,28.3,27.4,27.9,28,27.2,28.1,28.3,27.7,27.3,27.6,27.9,28.1,28.2,27.9,28.3,28.2,29.6,27.7,28.5,27.7,27.8,27.8,28.1,27.7,28.2,28.1,28.2,28,80,70,77,77,78,80,73,80,74,72,73,70,75,77,72,75,72,71,74,64,75,73,75,77,73,78,79,69,71,70,78,0,0,0,0,0,0,0,0,0,0,0,0,0,0,0,0,0,0,0,0,0,0,0,0,0,0,0,0,0,0,0,17.9,15.5,17.7,36,18.8,19.3,16.5,18.5,14.8,16.5,18.9,12.8,13.1,19.8,18.6,18,14.5,12.4,17.2,14.8,13.8,17,14.7,28.7,15.8,21.5,22.3,15.5,11.3,15.7,20.5,19.8,15.5,18.7,49.3,19.4,21.6,15.8,19.8,14.8,17.6,22,12.6,13.7,20.2,19.1,20.5,15.1,13,18,16.2,14.8,18.7,14.4,37.8,16.6,26.6,25.6,15.8,11.2,15.5,23.8,,,,,,22.2204,114.2127
2026-09-27T17:00,27,27.4,27.7,27.2,25.9,28.1,26.8,26.8,27.8,27.2,27.3,28.4,27.9,27.7,27.3,27,27.6,27.7,27.9,29.5,27.5,27.8,28.7,27,27.9,26.9,27.5,28.6,28,27.2,29.9,27.3,27,28.2,27.5,27.2,27.2,28.3,27.7,30.1,79,88,80,80,88,83,86,85,81,81,84,82,84,89,80,84,81,83,81,79,81,81,80,85,85,81,77,80,87,87,78,86,88,75,86,78,84,79,86,77,0,0.1,0,0,0,0,0,0.1,0,0,0,0,0,0,0,0,0,0,0,0,0,0,0,0,0,0,0,0,0,0,0,0,0.1,0,0.1,0,0,0,0,0,4.7,8,1.8,4.1,5.6,3.8,5.2,8.1,2.5,4.3,4.4,6.2,4.5,6.6,3.9,7.5,7,3.3,4.2,3.1,5.1,6.1,5.1,5.1,4.7,5.3,7.7,3.2,8,6.9,5.2,3.7,7.4,2.9,6.2,2.1,7.1,7.2,8.1,3.1,,,,,,,,,,,,,,,,,,,,,,,,,,,,,,,,,,,,,,,,,27.6,28.2,27.8,28.2,27.3,27.9,27.8,27.1,27.9,28.2,27.8,27.2,27.5,27.8,27.8,28.1,27.8,28.2,28.1,29.3,27.6,28.3,27.6,27.8,27.8,28,27.6,28.1,27.9,27.9,27.9,81,70,78,79,78,80,74,80,75,73,73,70,75,78,74,75,72,72,75,66,76,75,76,78,73,79,81,70,72,72,78,0,0,0,0,0,0,0,0,0,0,0,0,0,0,0,0,0,0,0,0,0,0,0,0,0,0,0,0,0,0,0,16.9,15.5,17.2,37.3,17.8,19.4,16.3,18.3,14.7,16.6,18.5,12.2,12.6,19.5,18.7,18.7,14.1,12.6,17.9,17.3,13.4,17.7,15.3,28.6,15.6,21.3,22.7,15.5,11.9,16.3,19.5,19.4,16.2,18.7,51.8,18.7,22.3,16.2,19.8,15.1,18,22.7,12.6,13.3,20.9,19.8,22.7,15.1,13.3,19.4,17.6,14.4,19.1,15.5,38.9,16.9,27.7,26.3,16.6,12.2,16.9,23.4,,,,,,22.2204,114.2127
2026-09-27T18:00,27,27.4,27.8,27.3,25.9,28.2,26.9,26.9,27.9,27.2,27.3,28.5,28,27.8,27.3,27,27.7,27.8,27.9,29.7,27.6,27.9,28.9,27.1,28,26.9,27.6,28.7,28,27.2,30.1,27.4,27.1,28.3,27.5,27.3,27.2,28.4,27.7,30.2,78,88,79,80,88,82,85,85,81,81,84,82,84,89,80,84,80,83,80,79,80,80,79,84,84,80,76,80,87,86,78,85,87,74,87,78,84,79,86,76,0,0.1,0,0,0,0,0,0.1,0,0,0,0,0,0,0,0,0,0,0,0,0,0,0,0,0,0,0,0,0,0,0,0,0.1,0,0.1,0,0,0,0,0,5.4,8.6,2.2,4.5,6,4.3,5.2,8.8,2.9,5.1,5.1,6.8,5.2,6.8,4.7,7.8,7.5,4,4.5,3.8,5.8,6.6,5.6,5.4,5.2,5.8,7.8,3.9,8.1,7.2,5.9,4.3,7.6,3.3,5.9,2.6,7.4,7.4,8.6,3.3,,,,,,,,,,,,,,,,,,,,,,,,,,,,,,,,,,,,,,,,,27.5,27.9,27.6,28,27.2,27.7,27.5,27,27.8,28,27.7,27,27.4,27.6,27.5,27.9,27.6,27.9,27.9,28.9,27.4,27.9,27.5,27.7,27.6,27.9,27.5,27.9,27.6,27.5,27.7,82,72,80,81,79,81,76,81,77,75,74,71,76,79,76,77,74,74,77,69,77,78,77,79,74,80,83,73,74,74,80,0,0,0,0,0,0,0,0,0,0,0,0,0,0,0,0,0,0,0,0,0,0,0,0,0,0,0.1,0,0,0,0,15.6,15,16.6,38,17.2,18.8,15.5,18,13.9,15.8,18.7,12.9,13.2,17.9,18.1,19.9,13.6,12.7,17.6,17.1,13,18.1,15.4,30.2,15.3,21.5,22.3,15.5,11.9,16.6,19.8,18.7,16.2,19.1,52.6,19.1,23,16.2,19.8,15.1,17.3,24.1,14,14,20.2,20.2,26.3,15.1,14,19.8,18,14,20.5,15.8,42.1,17.3,29.9,26.3,17.3,12.6,18,25.2,,,,,,22.2204,114.2127
2026-09-27T19:00,27.1,27.4,27.9,27.3,25.9,28.3,26.9,26.9,28.1,27.3,27.4,28.6,28,27.8,27.4,26.9,27.8,27.9,28,29.8,27.7,28,29,27.1,28,27,27.7,28.7,28,27.2,30.2,27.5,27.1,28.4,27.4,27.4,27.2,28.5,27.7,30.3,78,88,78,80,88,82,85,85,80,80,84,82,83,88,80,84,79,82,79,78,80,80,79,84,84,79,76,80,87,86,77,85,87,74,87,78,84,79,86,76,0,0.1,0,0,0,0,0,0.1,0,0,0,0,0,0,0,0,0,0,0,0,0,0,0,0,0,0,0,0,0,0,0,0,0.1,0,0.1,0,0,0,0,0,5.8,8.7,2.5,5.1,6.7,4.6,5.6,9.4,2.9,5.4,5.5,7.2,5.5,6.6,5.4,8.1,7.9,4.7,5.3,4,6.2,6.9,5.9,5.8,6,6.1,7.6,4.2,8.4,7.2,6.2,4.7,7.9,4,5.2,3.1,7.4,7.6,8.9,3.6,,,,,,,,,,,,,,,,,,,,,,,,,,,,,,,,,,,,,,,,,27.3,27.6,27.4,27.8,27,27.5,27.2,26.9,27.6,27.8,27.6,26.8,27.2,27.4,27.1,27.7,27.4,27.7,27.5,28.3,27.2,27.6,27.3,27.6,27.3,27.8,27.4,27.6,27.4,27.2,27.5,83,75,82,83,79,83,78,81,78,76,77,72,78,80,79,79,76,77,80,73,79,82,77,79,76,82,84,77,75,76,82,0,0,0,0,0,0,0,0,0,0,0,0,0,0,0,0,0,0,0,0,0,0,0,0,0,0,0.1,0,0,0,0,14.1,14.2,16.1,38.1,17.1,18.3,14.4,17.7,13,14.3,19.5,14.4,14,15.3,17.3,21.2,12.9,13.1,16.3,15.9,12.4,18.3,14.7,32.7,15.1,22,21.2,15.5,11.2,17,21,17.6,16.2,19.4,52.2,19.4,23.4,16.2,20.2,14.4,16.6,26.3,15.8,15.5,18.7,19.8,30.2,14.8,15.1,19.8,17.6,14,22,15.8,46.8,17.3,32.4,25.9,18,12.6,19.1,27.7,,,,,,22.2204,114.2127
2026-09-27T20:00,27.1,27.4,27.9,27.3,25.9,28.3,27,27,28.1,27.3,27.4,28.6,28.1,27.9,27.3,26.9,27.8,27.9,28,29.8,27.7,28,29.1,27.1,28,27,27.7,28.8,28,27.2,30.2,27.5,27.2,28.4,27.4,27.4,27.2,28.6,27.7,30.3,78,88,78,80,88,82,85,85,80,80,84,82,83,88,80,84,79,82,79,78,80,80,78,84,84,79,76,80,87,86,77,85,87,74,87,78,84,79,86,76,0,0.1,0,0,0,0,0,0.1,0,0,0,0,0,0,0,0,0,0,0,0,0,0,0,0,0,0,0,0,0,0,0,0,0.1,0,0.1,0,0,0,0,0,6.2,8.9,2.5,5.1,6.7,4.9,5.6,9.4,2.9,5.9,5.5,7.5,5.9,6.6,5.7,8.1,8.1,5,5.3,4,6.2,7.1,5.9,5.8,6,6.4,7.4,4.6,8.2,7.2,6.6,4.7,7.9,4.1,4.9,3.1,7.4,7.7,8.9,3.6,,,,,,,,,,,,,,,,,,,,,,,,,,,,,,,,,,,,,,,,,27.2,27.4,27.3,27.7,26.8,27.4,27,26.9,27.4,27.6,27.4,26.6,27.1,27.3,26.9,27.5,27.2,27.4,27.3,27.8,27,27.3,27.1,27.5,27.1,27.6,27.3,27.3,27.2,26.9,27.4,83,77,84,84,80,84,80,82,80,78,79,73,79,81,81,81,78,79,82,76,80,85,78,79,77,83,85,80,77,78,84,0,0,0,0,0,0,0,0,0,0,0,0,0,0,0,0,0,0,0,0,0,0,0,0,0,0,0.1,0,0,0,0,13,13.5,15.5,37.8,16.6,17.7,13.6,17.1,12,13.2,20,15.3,14.3,13.2,16.5,21.9,12.4,13.6,15.8,15,12.3,17.7,14.5,34.5,14.5,22.5,20.2,15.5,10.9,17.1,22.1,16.9,15.8,19.4,51.5,19.8,23.8,15.8,20.2,14.4,15.8,27.7,17.3,15.8,17.3,19.4,32.8,15.1,15.8,20.2,18,14,22.3,16.2,49.7,17.3,34.2,25.2,18.7,12.6,19.4,29.9,,,,,,22.2204,114.2127
2026-09-27T21:00,27.1,27.4,27.9,27.3,25.9,28.3,27,27,28.1,27.3,27.4,28.7,28.1,28,27.3,26.9,27.8,27.9,28,29.8,27.7,28,29.1,27.1,28,27,27.7,28.8,28,27.2,30.2,27.6,27.2,28.4,27.4,27.4,27.2,28.6,27.7,30.3,78,88,78,80,88,82,85,85,80,80,84,82,83,88,80,84,79,82,79,78,80,80,78,84,84,79,76,80,87,86,77,85,87,74,87,78,84,79,86,76,0,0.1,0,0,0,0,0,0,0,0,0,0,0,0,0,0,0,0,0,0,0,0,0,0,0,0,0,0,0,0,0,0,0,0,0,0,0.1,0,0.1,0,6.2,8.9,2.5,5.1,6.7,4.9,5.6,9.1,2.9,5.9,5.5,7.5,5.9,6.6,5.7,7.9,8.1,5.1,5.3,4,5.9,7.1,5.9,5.4,5.7,6.4,7.1,4.6,8,6.9,6.6,4.3,7.7,4.1,4.6,3.1,7.4,7.7,8.9,3.6,,,,,,,,,,,,,,,,,,,,,,,,,,,,,,,,,,,,,,,,,27.1,27.2,27.2,27.5,26.8,27.3,26.9,26.9,27.3,27.5,27.3,26.5,27,27.2,26.8,27.4,27.1,27.3,27.2,27.6,26.8,27.2,27,27.4,26.9,27.5,27.2,27.2,27,26.8,27.3,83,79,85,85,80,85,81,82,81,79,81,73,80,82,82,82,79,80,83,78,80,86,78,79,77,84,86,82,78,78,85,0,0,0,0.3,0,0,0,0,0,0,0,0,0,0,0,0.2,0,0,0,0,0,0,0,0,0,0,0,0,0,0,0,12.8,13,15.3,37,15.9,17,13.4,16.5,12,12.9,20.1,15.8,13.3,12.5,16.3,21.6,12.8,13.4,16.1,15.5,12.5,16,15,34.7,13.5,22.6,19.2,15.8,10.9,16.4,23,16.9,15.5,19.1,50.8,19.4,23.8,15.5,19.8,15.1,16.6,28.8,18,15.1,16.9,18.7,32,16.2,16.6,21.2,19.8,14.4,20.5,16.9,50,16.6,34.2,24.8,19.4,13,19.4,31.7,,,,,,22.2204,114.2127
2026-09-27T22:00,27.1,27.4,27.8,27.3,25.9,28.2,27,27,28.1,27.4,27.3,28.7,28,28.1,27.1,27,27.7,27.8,27.9,29.8,27.7,28,29,27,28,27.1,27.6,28.8,28,27.2,30.2,27.6,27.2,28.4,27.4,27.4,27.2,28.5,27.7,30.2,78,88,78,80,88,82,85,85,80,80,84,82,83,87,81,84,80,82,79,78,81,80,78,84,84,79,77,81,86,86,77,85,87,75,87,79,84,79,86,76,0,0.1,0,0,0,0,0,0,0,0,0,0,0,0,0,0,0,0,0,0,0,0,0,0,0,0,0,0,0,0,0,0,0,0,0,0,0.1,0,0.1,0,5.8,9,2.2,4.4,6.4,4.6,5.2,8.8,2.5,5.6,4.8,7,5.6,6.3,5.4,7.4,7.3,5.1,5,3.7,5.5,7.1,5.6,5.1,5.4,6.3,6.6,4.3,7.4,6.2,6.3,3.6,7.7,3.9,3.8,3.1,7.1,7.6,8.9,3.3,,,,,,,,,,,,,,,,,,,,,,,,,,,,,,,,,,,,,,,,,27.1,27.1,27.2,27.4,26.7,27.3,26.8,26.9,27.2,27.4,27.3,26.4,26.9,27.1,26.7,27.3,27,27.2,27.1,27.5,26.7,27.2,26.9,27.4,26.9,27.5,27.1,27.2,27,26.7,27.3,82,80,86,85,81,86,81,83,82,80,83,73,81,82,83,82,80,81,84,79,80,86,79,80,78,85,86,82,79,78,85,0,0,0,0.3,0,0,0,0,0,0,0,0,0,0,0,0.2,0,0,0,0,0,0,0,0,0,0,0,0,0,0,0,12.9,12.7,15.1,36.1,15.3,17,13.2,15.5,12.2,13.4,20,15.5,11.7,12.5,16.1,20.7,13.1,13.4,16.9,17.1,12.5,13.8,15.9,34.7,12.7,22.6,18.8,16.2,11.2,16,23.5,17.3,15.1,18.7,49.7,18.7,23.4,15.1,19.4,16.2,17.3,29.5,18,13.7,16.6,18,29.5,17.6,17.3,22.7,22,15.1,17.3,18,49,15.1,33.1,24.1,20.5,13.3,18.7,32.8,,,,,,22.2204,114.2127
2026-09-27T23:00,27.1,27.4,27.7,27.2,25.9,28.2,27,27,28,27.4,27.3,28.7,27.9,28.2,27,27,27.6,27.8,27.8,29.7,27.6,28,28.9,27,28,27.1,27.5,28.7,27.9,27.1,30.1,27.6,27.2,28.4,27.4,27.3,27.3,28.5,27.7,30.1,79,88,78,81,88,82,85,85,80,81,85,82,83,87,82,85,80,82,80,78,81,81,78,84,85,80,77,81,86,86,76,86,87,76,87,80,84,78,87,77,0,0.1,0,0,0,0,0,0,0,0,0,0,0,0,0,0,0,0,0,0,0,0,0,0,0,0,0,0,0,0,0,0,0,0,0,0,0.1,0,0.1,0,5.4,8.5,2.2,4,6,4.6,4.6,7.8,2.2,5.4,4.4,6.3,5,6,4.7,6.9,6.6,4.7,4.2,3,4.9,6.6,5.4,4.5,4.8,6,6,4.2,6.4,5.6,6,2.9,7.4,3.2,3.3,2.8,7.1,7.4,8.6,3.3,,,,,,,,,,,,,,,,,,,,,,,,,,,,,,,,,,,,,,,,,27,27,27.1,27.3,26.7,27.2,26.7,26.9,27.2,27.3,27.2,26.2,26.8,27.1,26.7,27.2,27,27.2,27.1,27.4,26.6,27.2,26.8,27.3,26.8,27.4,27.1,27.2,26.9,26.7,27.3,82,81,86,85,81,87,82,83,83,81,85,73,81,82,83,82,81,82,84,80,80,86,79,80,78,86,86,83,80,78,85,0,0,0,0.3,0,0,0,0,0,0,0,0,0,0,0,0.2,0,0,0,0,0,0,0,0,0,0,0,0,0,0,0,13,13.1,15.1,35.3,13.7,16.9,13.4,14.8,12,13.6,19.6,14.9,10.4,12.1,16.1,19.6,13.5,13,17.1,18,12.3,12.3,15.6,34.4,11.5,21.7,17.9,15.9,10.9,15.2,24.2,17.6,15.5,18.7,48.6,17.3,23.4,15.1,19.1,16.2,18,29.5,17.3,12.2,15.8,18.4,27,18.4,17.6,23.4,23.8,15.1,15.8,18,47.9,14,32,23,20.5,13.3,18,33.5,,,,,,22.2204,114.2127
2026-09-28T00:00,27.1,27.4,27.6,27.2,25.9,28,26.9,27,27.8,27.3,27.2,28.7,27.9,28.2,26.8,27.1,27.5,27.8,27.7,29.6,27.5,27.9,28.8,26.9,28,27.1,27.5,28.7,27.9,27.1,29.9,27.6,27.1,28.3,27.4,27.2,27.3,28.4,27.7,30,79,88,78,81,88,83,85,85,80,81,85,82,84,86,84,85,81,82,80,79,82,82,78,85,85,80,78,82,85,86,76,86,87,77,87,80,84,78,87,78,0,0.1,0,0,0,0,0,0,0,0,0,0,0,0,0,0,0,0,0,0,0,0,0,0,0,0,0,0,0,0,0,0,0,0,0,0,0.1,0,0.1,0,4.7,8.2,1.8,2.9,5.4,4.1,3.8,6.8,1.6,4.8,3.7,5.8,4.3,6,4,6.4,5.9,4.1,3.9,2.4,3.9,6.6,5.1,3.9,4.1,5.6,5.6,3.8,5.5,5,5.5,1.8,6.7,2.6,2.5,2.5,6.9,6.8,8.3,3.1,,,,,,,,,,,,,,,,,,,,,,,,,,,,,,,,,,,,,,,,,26.9,26.9,27.1,27.2,26.6,27.1,26.6,26.8,27.1,27.1,27.2,26.1,26.8,27,26.6,27,26.9,27.1,27,27.3,26.6,27.1,26.7,27.2,26.7,27.3,27,27.1,26.8,26.6,27.2,82,82,86,85,81,88,83,83,83,81,86,73,81,82,83,82,81,82,84,82,80,86,79,80,79,86,86,84,81,78,85,0,0,0,0.8,0,0,0,0,0,0,0,0,0,0,0,0.1,0,0,0,0,0,0,0,0,0,0.4,0.1,0.1,0,0,0,12.5,14.7,15.5,35.4,10.9,17.3,14.3,14.7,9.7,13.5,18.7,13,9.7,10.5,17.3,18.2,13.1,13,16.3,19.1,11.3,12.9,14.2,34.5,10.5,20.3,16.8,14.6,9.7,14.8,24.6,17.6,17.3,19.1,47.9,14,23.4,16.2,18.7,13.7,17.6,28.8,15.1,11.2,13.7,20.9,24.5,18,17.6,22.3,24.8,14,17.3,16.6,47.5,13,30.6,21.2,19.4,12.6,17.6,33.1,,,,,,22.2204,114.2127
2026-09-28T01:00,27,27.4,27.5,27.1,25.9,27.9,26.9,27,27.7,27.3,27.2,28.7,27.7,28.3,26.6,27.2,27.4,27.7,27.6,29.5,27.4,27.8,28.6,26.8,28,27.1,27.4,28.6,27.9,27.1,29.8,27.6,27.1,28.3,27.3,27.1,27.4,28.3,27.7,29.8,80,88,78,82,88,83,85,85,80,82,85,82,84,85,85,85,82,82,81,79,83,82,78,85,85,81,79,82,84,85,76,87,87,78,87,81,84,77,88,78,0,0.1,0,0,0,0,0,0,0,0,0,0,0,0,0,0,0,0,0,0,0,0,0,0,0,0,0,0,0,0,0,0,0,0,0,0,0.1,0,0.1,0,4,7.9,1.6,2.2,4.7,4,3.4,5.3,1.3,4.5,2.5,5.1,3.9,5.7,3.4,5.8,4.9,3.9,3.1,1.8,2.7,6.4,5,3.4,3.4,5.4,5.1,3.6,4.7,4.2,5.2,0.5,6.2,2.3,2.2,2,6.4,6.7,8,2.6,,,,,,,,,,,,,,,,,,,,,,,,,,,,,,,,,,,,,,,,,26.9,26.8,27,27.1,26.5,27.1,26.4,26.8,27.1,27,27.1,25.9,26.7,26.9,26.6,26.9,26.9,27,26.9,27.2,26.5,27.1,26.5,27.1,26.6,27.2,27,27.1,26.7,26.5,27.1,83,83,86,86,80,88,83,83,83,82,86,72,81,81,83,82,81,83,84,83,79,85,79,80,80,85,85,84,81,77,86,0,0,0,0.8,0,0,0,0,0,0,0,0,0,0,0,0.1,0,0,0,0,0,0,0,0,0,0.4,0.1,0.1,0,0,0,12.5,17,15.9,35.8,7.6,17.7,15.8,14.5,6.9,13.1,18.2,10.6,9.2,8.4,19.5,16.7,12.7,13.5,14.8,19.9,9.8,15,11.6,35.2,9.5,18.9,15.2,12.7,8.7,14.8,25.1,16.9,20.2,19.4,47.2,9.7,23.8,18,18.4,10.1,16.9,27.4,12.2,10.4,11.2,24.5,22,16.9,17.6,19.8,25.9,12.2,20.2,14,47.5,11.9,29.2,19.1,17.3,11.9,16.9,31.7,,,,,,22.2204,114.2127
2026-09-28T02:00,27,27.4,27.3,27,25.9,27.7,26.9,26.9,27.5,27.3,27.1,28.6,27.6,28.4,26.4,27.3,27.2,27.6,27.5,29.3,27.3,27.8,28.5,26.8,27.9,27.1,27.3,28.5,27.9,27,29.6,27.6,27.1,28.2,27.3,27,27.4,28.2,27.7,29.6,81,88,78,83,88,83,85,86,80,82,85,83,84,85,87,85,83,82,82,80,84,83,78,86,86,81,80,83,84,85,76,87,87,80,87,82,84,77,88,79,0,0.1,0,0,0,0,0,0,0,0,0,0,0,0,0,0,0,0,0,0,0,0,0,0,0,0,0,0,0,0,0,0,0,0,0,0,0.1,0,0.1,0,3.3,7.7,1.5,1.1,4.3,3.8,2.7,4.4,1.1,3.8,1.8,4.3,3.3,5.2,2.5,5.2,3.9,3.4,2,1.3,1.8,5.9,4.8,3.1,2.6,4.9,4.6,3.4,4.1,3.6,5.1,1,6,1.9,1.5,1.6,6.1,6.2,7.4,2.4,,,,,,,,,,,,,,,,,,,,,,,,,,,,,,,,,,,,,,,,,26.8,26.7,26.9,27.1,26.4,27,26.3,26.7,27,26.9,27,25.8,26.7,26.8,26.6,26.8,26.9,27,26.8,27.2,26.5,27.1,26.4,27,26.5,27.2,26.9,27.1,26.6,26.4,27,83,83,86,86,80,88,84,83,83,82,87,72,81,81,83,82,81,83,84,84,79,85,79,80,81,85,85,84,82,77,86,0,0,0,0.8,0,0,0,0,0,0,0,0,0,0,0,0.1,0,0,0,0,0,0,0,0,0,0.4,0.1,0.1,0,0,0,12,18.3,16.6,35.5,5.7,18.2,16.9,15,5.4,12.5,18.2,8.6,8.7,6.6,21.2,15.7,11.9,13.4,13.7,19.8,9,16.7,9.6,35.1,8,17.8,14.3,11,8.9,14,25.4,16.2,21.6,20.2,46.1,7.2,23.8,19.4,18.4,7.6,16.2,25.9,9.7,10.1,9,26.6,20.2,15.5,17.3,18.4,25.6,11.5,22,11.9,47.2,10.4,28.1,17.6,15.1,11.2,16.2,31.3,,,,,,22.2204,114.2127
2026-09-28T03:00,27,27.4,27.2,26.9,25.9,27.6,26.8,26.9,27.3,27.3,27.1,28.6,27.5,28.5,26.1,27.4,27.1,27.6,27.4,29.2,27.2,27.7,28.3,26.7,27.9,27.1,27.2,28.5,27.9,27,29.5,27.6,27,28.1,27.3,26.8,27.5,28,27.7,29.5,81,87,79,83,88,84,85,86,81,83,86,83,85,84,88,85,84,83,83,80,85,84,79,86,86,82,81,83,83,85,76,88,87,81,87,83,85,77,88,80,0,0.1,0,0,0,0,0,0,0,0,0,0,0,0,0,0,0,0,0,0,0,0,0,0,0,0,0,0,0,0,0,0,0,0,0,0,0.1,0,0.1,0,2.3,7.2,1.3,0.5,3.7,3.6,2.1,3.3,1.1,3.6,0.8,4,3.2,4.9,1.6,4.5,3.1,3.1,1.6,1.5,1.1,5.6,4.6,2.7,2.5,4.8,4,3.6,3.9,3.2,4.7,2.4,5.3,1.8,1.3,1.5,5.9,6.1,7.1,1.9,,,,,,,,,,,,,,,,,,,,,,,,,,,,,,,,,,,,,,,,,26.7,26.6,26.8,27,26.3,26.9,26.2,26.6,27,26.8,26.9,25.6,26.6,26.6,26.6,26.7,26.8,26.9,26.7,27.1,26.5,27,26.3,26.9,26.4,27.2,26.7,27.1,26.5,26.3,26.9,83,83,86,86,81,88,84,84,83,82,88,72,81,82,83,82,81,83,84,84,80,85,79,80,81,86,85,84,83,76,86,0,0,0,0.9,0,0,0,0,0,0,0,0,0,0.1,0,0.8,0,0,0,0.1,0,0,0,0,0,0.3,0.1,0.4,0,0,0,10.7,17.5,17.2,34.3,6.1,18.6,17,15.9,5.9,11.3,18,7.4,8.4,5.8,21.2,15.8,11.2,13.1,13.5,18.5,9.7,15.6,8,34.1,5.4,16.6,14.5,9.8,9.2,13,25.6,14.4,20.9,21.2,44.3,7.6,23.4,19.8,19.1,7.6,14.8,25.2,8.6,9.7,8.3,26.6,20.2,14,16.9,18,23.8,12.6,20.9,9.7,46.8,8.6,27.7,17.6,13,11.2,14.8,32,,,,,,22.2204,114.2127
2026-09-28T04:00,26.9,27.4,27,26.9,25.9,27.5,26.8,26.9,27.2,27.3,27,28.6,27.4,28.5,26,27.5,27,27.5,27.4,29.1,27.1,27.6,28.1,26.6,27.9,27.1,27.1,28.4,27.8,26.9,29.3,27.5,27,28.1,27.3,26.7,27.5,27.9,27.7,29.3,82,87,79,84,88,84,85,86,81,84,86,83,85,84,89,86,85,83,84,80,86,85,79,86,87,83,82,84,82,85,76,89,87,82,87,84,85,76,89,80,0,0.1,0,0,0,0,0,0,0,0,0,0,0,0,0,0,0,0,0,0,0,0,0,0,0,0,0,0,0,0,0,0,0,0,0,0,0.1,0,0.1,0,1.6,6.9,1.5,0.8,3.1,4,1.3,2.6,1.6,3.2,0.7,4,3,4.9,1.5,4,2.3,2.8,1.1,1.8,1.5,5.1,4.5,2.9,2.6,4.6,4.1,4,4.1,3.3,5,3.4,4.8,1.9,1.1,1.1,5.6,5.8,6.9,1.8,,,,,,,,,,,,,,,,,,,,,,,,,,,,,,,,,,,,,,,,,26.6,26.6,26.8,27,26.2,26.8,26.1,26.5,26.9,26.7,26.9,25.5,26.5,26.5,26.6,26.6,26.8,26.8,26.5,27.1,26.4,27,26.3,26.8,26.3,27.2,26.5,27.1,26.5,26.3,26.8,82,83,86,85,82,88,84,85,83,83,89,73,82,83,83,81,82,84,84,84,80,84,79,79,81,87,85,83,83,76,86,0,0,0,0.9,0,0,0,0,0,0,0,0,0,0.1,0,0.8,0,0,0,0.1,0,0,0,0,0,0.3,0.1,0.4,0,0,0,9.4,15.5,17.6,32.4,8.6,18.8,16.3,17,6.7,10.5,18.4,7.2,8.5,6.6,20.7,17.1,10.1,13,14.5,16.6,11.9,13.4,6.3,32.9,4,15.6,15.1,8.5,9.5,11.9,25.9,11.9,18.7,22.3,41.8,9,23,19.4,20.5,9,13.3,24.5,7.9,9.7,8.3,25.2,20.9,12.6,16.9,18,21.2,14.8,18,7.6,46.4,6.8,28.1,18.4,11.2,11.5,13.3,33.5,,,,,,22.2204,114.2127
2026-09-28T05:00,26.9,27.4,26.9,26.8,25.9,27.3,26.8,26.9,27,27.2,27,28.6,27.3,28.6,25.8,27.5,26.9,27.4,27.3,29,27,27.5,28,26.6,27.8,27.1,27,28.4,27.8,26.9,29.2,27.5,26.9,28,27.3,26.6,27.6,27.8,27.7,29.2,82,87,79,84,88,85,85,86,81,84,86,83,85,83,91,86,86,83,84,81,87,86,79,87,87,83,82,84,82,85,76,89,87,83,86,85,85,76,89,81,0,0.1,0,0,0,0,0,0,0,0,0,0,0,0,0,0,0,0,0,0,0,0,0,0,0,0,0,0,0,0,0,0,0,0,0,0,0.1,0,0.1,0,1.3,6.4,1.4,1.5,2.5,4,0.8,2.5,2.1,3.3,1,4.3,3.3,4.4,1.8,3.6,1.8,2.7,1,2.5,2.1,4.9,4.3,2.9,3.1,4.7,4,4.5,4.3,3.3,5.2,4.6,4.6,2.3,1.1,1.1,5.6,5.9,6.6,1.8,,,,,,,,,,,,,,,,,,,,,,,,,,,,,,,,,,,,,,,,,26.6,26.7,26.8,27,26.2,26.8,26.1,26.5,26.9,26.6,26.8,25.4,26.5,26.5,26.7,26.6,26.8,26.8,26.5,27.2,26.4,27,26.3,26.8,26.2,27.2,26.5,27.1,26.5,26.3,26.7,82,82,86,85,82,88,84,85,83,83,89,73,82,83,83,81,82,84,84,83,81,84,79,79,81,87,85,82,83,75,85,0,0,0,0.9,0,0,0,0,0,0,0,0,0,0.1,0,0.8,0,0,0,0.1,0,0,0,0,0,0.3,0.1,0.4,0,0,0,8.7,13.7,17.7,31.6,10.1,19.5,15.9,18.3,7.4,11.4,18.7,7.2,8.9,7.6,19.4,17.9,9.1,12.7,15.3,14.5,14.6,11.9,4.7,31.7,6.2,15.3,15.5,7.3,9.7,10.8,26.1,10.4,16.6,22.7,40.3,10.4,23,19.1,21.6,9.7,13,23.8,7.9,10.1,8.3,23.4,22,11.5,16.6,18.4,18.4,16.9,16.2,6.1,45.4,6.1,28.8,18.7,9.4,11.9,11.9,34.6,,,,,,22.2204,114.2127
2026-09-28T06:00,26.9,27.4,26.8,26.8,25.9,27.2,26.8,26.9,26.9,27.2,26.9,28.6,27.2,28.7,25.7,27.6,26.8,27.4,27.2,28.9,26.9,27.5,27.9,26.5,27.8,27.1,27,28.4,27.8,26.9,29.1,27.5,26.9,28,27.3,26.5,27.6,27.7,27.7,29.1,83,87,80,85,88,85,85,86,81,85,87,83,86,83,91,86,87,83,85,81,88,86,80,87,88,84,83,85,81,85,76,89,87,85,86,85,85,76,90,82,0,0.1,0,0,0,0,0,0,0,0,0,0,0,0,0,0,0,0,0,0,0,0,0,0,0,0,0,0,0,0,0,0,0,0,0,0,0.1,0,0.1,0,1.1,6.1,1.8,2.2,2.3,4.2,0.7,2.6,2.3,3.3,1.8,4.5,3.3,4.1,2.3,3.3,1.8,3,1.3,2.8,2.7,4.4,4,3.4,3.6,4.7,4,4.7,4.9,3.8,5.4,5.2,4.1,2.8,1.5,1.3,5.4,5.7,6.1,1.8,,,,,,,,,,,,,,,,,,,,,,,,,,,,,,,,,,,,,,,,,26.6,26.8,26.9,26.9,26.2,26.9,26.2,26.6,27,26.7,26.9,25.5,26.5,26.5,26.7,26.8,26.8,26.8,26.5,27.4,26.5,27,26.4,26.8,26.3,27.3,26.6,27.2,26.6,26.4,26.8,82,81,86,85,82,88,84,84,82,83,89,73,82,83,82,81,81,84,83,81,81,84,79,78,81,87,85,82,82,74,84,0,0,0,0.6,0,0,0,0.1,0,0,0,0,0,0.1,0,0.8,0.1,0,0,0,0.3,0,0,0,0,1.4,0.1,0,0,0,0.1,9.1,12.4,16.9,32,9.5,20.3,15.1,19.1,6.9,12.6,19.1,7.6,10,7.9,18.1,18,8,12.5,15.8,12.6,17.3,11.4,3.7,30.3,7.6,16.6,15.1,6.3,9.6,10.2,26.6,10.1,14.8,21.2,40,10.4,23.8,18,22.7,8.6,14.8,23.4,7.9,11.2,8.3,21.6,23,10.4,16.2,19.1,15.8,19.4,15.8,6.1,43.2,7.2,29.9,18.7,8.3,11.9,11.2,35.3,,,,,,22.2204,114.2127
2026-09-28T07:00,26.8,27.4,26.8,26.8,25.9,27.2,26.8,26.9,26.8,27.2,26.9,28.6,27.2,28.7,25.6,27.7,26.8,27.3,27.2,28.9,26.9,27.4,27.8,26.5,27.8,27.1,26.9,28.3,27.8,26.9,29,27.6,26.9,27.9,27.3,26.4,27.7,27.7,27.7,29,83,87,80,85,88,85,85,86,80,86,87,83,86,82,92,86,88,83,86,81,89,87,80,87,88,85,84,85,81,85,76,90,87,85,86,86,85,76,90,82,0,0.1,0,0,0,0,0,0,0,0,0,0,0,0,0,0,0,0,0,0,0,0,0,0,0,0,0,0,0,0,0,0,0,0,0,0,0.1,0,0.1,0,1.4,5.8,1.8,2.5,2.1,4.3,0.5,2.8,2.8,3.2,2.1,4.9,3.8,4.1,2.6,3,2.3,2.9,1.8,3.3,3.4,3.9,4,3.5,4.2,4.7,4,5.2,5.2,4.2,5.8,6,4.1,3.1,1.5,1.5,5.2,5.8,5.9,1.9,,,,,,,,,,,,,,,,,,,,,,,,,,,,,,,,,,,,,,,,,26.7,27,27,26.8,26.3,26.9,26.4,26.8,27.1,26.8,27,25.6,26.7,26.7,26.8,27,26.9,27,26.6,27.7,26.6,27.1,26.4,26.9,26.4,27.4,26.8,27.4,26.7,26.6,26.8,81,80,86,85,81,87,83,83,81,83,87,73,82,82,82,80,80,84,82,79,81,85,79,78,80,86,85,81,81,73,82,0,0,0,0.6,0,0,0,0.1,0,0,0,0,0,0.1,0,0.8,0.1,0,0,0,0.3,0,0,0,0,1.4,0.1,0,0,0,0.1,9.4,11.3,15.6,33.5,8.7,20.8,14.2,19.6,5.6,14.2,19.3,8,11.5,7.7,16.6,18.1,7.3,12.6,16.9,10.5,19.5,12,5.5,28.8,9.1,19.2,14.8,5.5,9.4,9.8,26.8,10.8,13,19.4,40.3,10.4,24.8,16.9,23.8,7.2,17.6,23,8.6,13,8.3,19.4,24.1,9.4,16.2,19.8,13.3,22,16.2,6.5,40.7,9.7,31.3,18.7,7.2,11.5,10.4,35.6,,,,,,22.2204,114.2127
2026-09-28T08:00,26.8,27.4,26.7,26.8,25.9,27.1,26.8,26.9,26.8,27.2,26.9,28.6,27.2,28.8,25.6,27.7,26.8,27.3,27.2,28.9,26.8,27.4,27.8,26.5,27.8,27.1,27,28.4,27.8,26.9,29,27.6,26.9,27.9,27.4,26.4,27.7,27.6,27.7,29,83,87,80,85,88,85,85,86,80,86,87,83,86,82,92,86,88,83,86,81,89,87,80,87,88,85,84,85,81,85,76,90,87,86,86,86,85,76,90,82,0,0.1,0,0,0,0,0,0,0,0,0,0,0,0,0,0,0,0,0,0,0,0,0,0,0,0,0,0,0,0,0,0,0,0,0,0,0.1,0,0.1,0,1.5,5.8,1.8,2.5,2.1,4.3,0.8,3.1,2.8,3.3,2.1,5,3.9,3.8,2.9,3.1,2.4,2.9,1.8,3.6,3.4,3.9,4,3.5,4.2,4.7,4,5.2,5.5,4.3,6.1,6,4,3.1,1.6,1.5,5.2,5.5,5.9,1.9,,,,,,,,,,,,,,,,,,,,,,,,,,,,,,,,,,,,,,,,,26.9,27.4,27.2,26.9,26.6,27.1,26.7,27,27.3,27,27.2,25.8,26.9,26.9,27,27.2,27,27.2,26.7,28.1,26.8,27.3,26.6,27.1,26.6,27.5,27,27.7,27,26.8,27,80,78,85,85,80,86,82,82,80,82,86,72,81,81,80,80,79,83,81,77,81,84,78,77,79,85,84,80,79,72,80,0,0,0,0.6,0,0,0,0.1,0,0,0,0,0,0.1,0,0.8,0.1,0,0,0,0.3,0,0,0,0,1.4,0.1,0,0,0,0.1,10.5,10.2,15,34.3,8.4,21.5,13.4,20,4.9,16.3,19.6,8.7,13,7.6,14.8,18.7,7.7,13.3,18.2,8.9,21.7,12.1,8.1,28.1,10.2,20.9,14.8,5.2,9,9.7,27.1,11.5,11.5,17.6,40.3,10.1,25.9,15.5,24.5,6.1,20.5,23,9.4,14,8.3,17.3,24.8,9,16.2,20.9,11.2,24.1,16.2,7.6,39.2,11.5,32,18.7,6.8,10.8,10.1,36,,,,,,22.2204,114.2127
2026-09-28T09:00,26.8,27.4,26.7,26.9,25.9,27.1,26.9,26.9,26.9,27.2,26.9,28.6,27.2,28.8,25.6,27.8,26.9,27.3,27.2,28.9,26.8,27.4,27.8,26.5,27.8,27.1,27.1,28.4,27.8,26.9,29,27.6,26.9,27.9,27.4,26.4,27.8,27.6,27.7,29,83,87,80,85,88,85,85,86,79,86,87,83,86,82,92,86,88,83,86,81,89,87,80,87,88,85,84,85,81,85,76,90,87,86,86,86,85,76,90,82,0,0,0,0,0,0,0,0,0,0,0,0,0,0,0,0,0,0,0,0,0,0.2,0,0,0,0,0,0,0,0,0,0,0,0,0,0,0,0,0.4,0,1.5,5.8,1.8,2.2,2.1,4.3,0.8,3.1,2.8,3.3,1.8,5,3.9,3.6,2.9,3.1,2.4,2.9,1.8,3.6,3.1,3.9,4,3.1,4.1,4.7,4,5.2,5.6,4.3,6.1,5.7,4,3.1,1.3,1.5,5.2,5.5,5.9,1.9,,,,,,,,,,,,,,,,,,,,,,,,,,,,,,,,,,,,,,,,,27.2,28,27.6,27.1,27,27.3,27.2,27.2,27.7,27.3,27.4,26.3,27.2,27.3,27.6,27.4,27.4,27.5,27,28.8,27.1,27.8,26.9,27.3,27,27.7,27.3,28.1,27.5,27.2,27.4,78,75,83,84,78,84,80,82,77,81,84,70,79,79,77,79,77,81,80,74,80,81,77,76,77,84,83,78,76,70,78,0,0,0,0.2,0,0,0,0.1,0,0,0,0,0,0.1,0,1.2,0,0,0,0,0.3,0,0,0,0,1.6,0.1,0,0,0,0,11.7,9.5,14.8,34.8,8.5,22.1,12.3,20.8,5.1,19.5,20.3,9.9,13.3,7.2,12.3,19.5,8.8,14.1,19.9,7.4,23.2,11.9,9.7,29.3,10.9,21.7,15.6,5.1,8.3,9.8,27.7,12.2,10.4,16.9,40.3,9.7,26.6,13.7,25.2,6.1,23.8,23.4,10.8,14.4,7.9,14.4,25.6,10.1,16.9,22.3,9.4,25.9,15.1,9,40,12.2,31.3,19.1,6.8,9.7,10.4,35.6,,,,,,22.2204,114.2127
2026-09-28T10:00,26.8,27.5,26.8,27,25.9,27.2,27,26.9,27,27.2,26.9,28.6,27.2,28.9,25.8,27.8,27,27.4,27.3,29.1,26.8,27.5,27.9,26.5,27.8,27.1,27.2,28.5,27.9,26.9,29.1,27.7,26.9,28,27.5,26.3,27.8,27.6,27.7,29.1,83,87,80,84,88,85,85,86,79,87,87,83,86,82,91,86,88,83,86,80,89,87,80,87,88,86,84,84,81,85,76,90,87,86,86,86,85,76,90,82,0,0,0,0,0,0,0,0,0,0,0,0,0,0,0,0,0,0,0,0,0,0.2,0,0,0,0,0,0,0,0,0,0,0,0,0,0,0,0,0.4,0,1.4,6,1.8,1.8,2.3,3.9,0.7,2.6,2.6,2.9,1.3,4.9,3.8,3.8,2.6,3.4,2.6,2.6,1.5,3.6,2.7,3.6,3.6,2.6,4.1,4.4,3.6,4.7,5.4,4.1,6.1,5.2,4.4,2.8,1,1.6,5.5,5,5.6,1.9,,,,,,,,,,,,,,,,,,,,,,,,,,,,,,,,,,,,,,,,,27.6,28.9,28,27.3,27.5,27.6,27.9,27.3,28.1,27.6,27.8,26.8,27.6,27.8,28.4,27.6,27.9,27.9,27.3,29.6,27.4,28.4,27.3,27.5,27.5,28,27.7,28.6,28.1,27.7,27.8,76,72,82,83,76,81,77,81,74,80,81,67,77,76,74,79,75,77,78,71,78,78,76,75,73,83,82,75,72,69,76,0,0,0,0.2,0,0,0,0.1,0,0,0,0,0,0.1,0,1.2,0,0,0,0,0.3,0,0,0,0,1.6,0.1,0,0,0,0,13.1,8.9,15.1,35.3,8.8,22.6,11.3,21.1,6.2,23.5,21.1,11.5,13.4,7.2,9.7,20.6,10.6,15,21.7,6.1,24.5,11.7,10.9,31.7,10.8,21.9,16.9,5.6,7.6,10.8,28.4,13.3,9.7,16.6,40.3,9.7,27,11.9,25.6,6.8,27,24.1,12.6,14,7.6,11.5,25.9,12.2,18,23.8,7.6,27.4,13.3,10.4,42.1,12.2,29.5,19.8,7.2,8.3,10.8,35.3,,,,,,22.2204,114.2127
2026-09-28T11:00,26.9,27.5,26.9,27.1,25.9,27.3,27.1,27,27.1,27.1,27,28.6,27.3,28.9,25.9,27.8,27.1,27.4,27.4,29.2,26.8,27.5,28.1,26.5,27.8,27.1,27.3,28.7,27.9,27,29.2,27.7,26.9,28,27.6,26.4,27.8,27.7,27.7,29.3,82,87,80,84,88,84,84,85,78,87,87,83,85,82,90,86,87,82,87,79,89,87,80,86,88,86,84,84,81,85,76,90,87,86,86,86,85,77,90,81,0,0,0,0,0,0,0,0,0,0,0,0,0,0,0,0,0,0,0,0,0,0.2,0,0,0,0,0,0,0,0,0,0,0,0,0,0,0,0,0.4,0,1.5,5.9,1.5,1.1,2.8,3.3,0.4,2.3,2.4,2.5,0.8,4.7,3.3,3.6,2.3,3.8,2.9,2.6,1.1,3.3,2,3.6,3.3,2.2,3.9,4.2,3.6,4.1,5.3,4,6.1,4.5,4.4,2.3,0.8,1.9,5.5,4.9,5.9,1.8,,,,,,,,,,,,,,,,,,,,,,,,,,,,,,,,,,,,,,,,,28,29.5,28.4,27.6,27.9,27.9,28.4,27.5,28.5,27.9,28,27.3,28,28.1,29.1,27.8,28.3,28.2,27.5,30.2,27.7,28.9,27.7,27.7,27.9,28.2,28,29,28.6,28.1,28.1,75,70,80,82,74,79,74,81,72,79,79,65,76,74,71,78,74,75,77,68,77,75,75,75,71,82,81,73,69,67,74,0,0,0,0.2,0,0,0,0.1,0,0,0,0,0,0.1,0,1.2,0,0,0,0,0.3,0,0,0,0,1.6,0.1,0,0,0,0,14.5,8.4,16,34.6,9.8,23.2,10.7,21.7,7.5,25.6,21.6,13,13.6,7.1,8.3,21.6,12,16.1,23,4.6,25.3,11.8,11.9,33.8,11.6,21.9,17.7,6.1,7.1,11.7,28.8,14.4,9.7,16.9,39.6,10.1,27.7,10.8,25.9,7.9,29.2,24.8,14,14,7.2,10.1,26.3,13.7,18.7,25.2,6.8,28.8,12.6,11.9,43.9,13,28.1,20.2,7.6,7.6,11.2,34.9,,,,,,22.2204,114.2127
2026-09-28T12:00,26.9,27.5,27,27.3,25.9,27.4,27.2,27,27.2,27.1,27,28.7,27.4,28.9,26.1,27.8,27.3,27.4,27.5,29.5,26.9,27.5,28.2,26.5,27.8,27.1,27.5,28.8,27.9,27.1,29.3,27.8,26.9,28,27.7,26.4,27.9,27.7,27.7,29.4,82,87,80,83,87,84,84,85,77,87,87,82,85,82,88,86,86,82,87,79,89,86,79,86,88,86,84,83,82,84,77,90,87,86,86,85,85,77,90,81,0,0,0,0,0,0,0,0,0,0,0,0,0,0,0,0,0,0,0,0,0,0.2,0,0,0,0,0,0,0,0,0,0,0,0,0,0,0,0,0.4,0,1.3,6.1,1.6,0.8,3.4,3.3,0,1.8,2.3,2.2,0.5,4.7,3.2,3.9,1.8,4.4,3.1,2.5,0.5,3.2,1.5,3.6,3,1.6,4.1,4.4,3.3,3.6,5.4,3.6,6.1,3.3,4.8,1.9,0.5,2.2,5.8,4.5,6.1,1.4,,,,,,,,,,,,,,,,,,,,,,,,,,,,,,,,,,,,,,,,,28.2,29.7,28.6,27.7,28.1,28.1,28.7,27.8,28.6,28.1,28.2,27.6,28.2,28.3,29.4,27.9,28.4,28.4,27.6,30.4,27.9,29.2,27.9,27.8,28.1,28.3,28.2,29.3,28.9,28.3,28.2,74,69,79,82,74,78,72,80,71,78,78,63,76,73,70,77,73,74,76,66,76,73,74,76,70,81,80,72,68,66,74,0,0,0,0.1,0,0,0,0,0,0,0,0,0,0,0,1.9,0,0,0,0,0,0,0,0,0,0.7,0,0,0,0,0,16.2,9.1,17.1,32.4,11.8,24.2,11.8,22.2,9,25.1,21.6,14.3,14.7,7.9,9.3,22.3,12.4,17,23.4,1.6,25.9,12.2,13,34.9,13.2,21.7,17.9,6.6,8.1,11.7,28.7,15.8,11.5,18,37.8,11.9,28.8,11.5,25.9,9.4,28.8,25.2,15.1,14.8,7.6,10.8,27,14.4,19.4,25.9,7.2,30.2,13,12.6,45,14.8,27,20.5,8.3,8.6,10.8,34.9,,,,,,22.2204,114.2127
2026-09-28T13:00,26.9,27.5,27.1,27.4,25.9,27.5,27.3,27.1,27.4,27.1,27.1,28.7,27.5,28.9,26.4,27.8,27.5,27.5,27.6,29.7,26.9,27.6,28.4,26.6,27.8,27.1,27.8,29,28,27.2,29.4,27.8,26.9,28.1,27.8,26.4,27.9,27.8,27.7,29.6,81,87,80,83,87,84,84,85,76,88,87,82,85,82,87,85,86,82,87,78,89,86,79,85,87,87,83,83,82,84,77,90,88,86,86,85,85,77,90,80,0,0,0,0,0,0,0,0,0,0,0,0,0,0,0,0,0,0,0,0,0,0.2,0,0,0,0,0,0,0,0,0,0,0,0,0,0,0,0,0.4,0,1.8,6.6,1.5,1,4,2.9,0.5,2.1,2.2,2.1,1.4,4.5,3,3.7,1.8,5.1,3.7,2.9,0.5,3.4,1.9,3.6,3.2,2.1,4.3,4.8,3.5,3.3,5.6,3.8,5.8,2.6,5.2,1.4,1.1,2.5,5.8,4.3,6.2,1.5,,,,,,,,,,,,,,,,,,,,,,,,,,,,,,,,,,,,,,,,,28.4,29.7,28.7,27.8,28.3,28.3,29,28.1,28.7,28.2,28.2,27.9,28.3,28.3,29.6,28.1,28.5,28.6,27.7,30.5,28,29.5,28.1,27.9,28.3,28.4,28.3,29.4,29,28.6,28.3,74,69,79,82,74,77,71,79,71,77,77,62,76,72,69,76,73,74,75,64,76,71,74,78,70,80,79,72,68,65,74,0,0,0,0.1,0,0,0,0,0,0,0,0,0,0,0,1.9,0,0,0,0,0,0,0,0,0,0.7,0,0,0,0,0,18,12.7,18.7,29.5,14.2,24.9,13.8,22.3,11,23.2,21.2,15.5,15.9,8.8,11.8,23.2,12.6,18.3,23.4,2.6,26,14.1,13.3,36,15.5,21.9,18,8.9,10.2,11,28.3,17.6,14,19.1,35.3,14,29.9,13.3,25.9,10.8,27.4,25.2,16.2,15.8,8.3,13.3,28.1,15.1,19.8,26.3,7.9,31.3,14.4,13.3,45.4,16.9,26.3,20.5,9.4,10.4,10.4,34.9,,,,,,22.2204,114.2127
2026-09-28T14:00,27,27.5,27.3,27.6,25.9,27.6,27.5,27.1,27.6,27.1,27.2,28.7,27.6,29,26.6,27.8,27.7,27.6,27.7,29.9,27,27.6,28.6,26.6,27.9,27.2,28,29.2,28,27.3,29.6,27.9,26.9,28.2,27.9,26.5,27.9,27.9,27.7,29.8,80,87,80,82,87,83,83,84,74,88,87,82,84,82,85,85,85,81,87,77,89,85,79,84,87,87,83,82,82,84,77,89,88,86,86,84,85,78,90,80,0,0,0,0,0,0,0,0,0,0,0,0,0,0,0,0,0,0,0,0,0,0.2,0,0,0,0,0,0,0,0,0,0,0,0,0,0,0,0,0.4,0,1.9,6.9,1.6,1.9,4.7,2.7,1.1,3.1,2.2,1.8,2.2,4.7,3.2,4,1.8,5.4,4.6,3.4,1.1,3.3,2.8,3.7,3.1,2.9,5.2,5.2,3.6,3.1,5.8,3.9,5.8,2.2,5.6,1.6,1.8,3,6.3,4,6.5,1.6,,,,,,,,,,,,,,,,,,,,,,,,,,,,,,,,,,,,,,,,,28.4,29.6,28.8,27.8,28.3,28.4,29,28.3,28.7,28.2,28.3,28,28.3,28.3,29.6,28.2,28.5,28.6,27.7,30.4,28,29.6,28.2,27.9,28.3,28.4,28.4,29.4,29.1,28.7,28.3,74,70,79,82,74,76,71,78,71,76,76,62,76,72,69,76,73,75,75,63,76,71,74,80,70,80,78,72,68,65,74,0,0,0,0.1,0,0,0,0,0,0,0,0,0,0,0,1.9,0,0,0,0,0,0,0,0,0,0.7,0,0,0,0,0,19.6,16.4,19.7,27.1,15.8,25.4,15.6,22.7,12.4,21.7,20.6,16.2,17.1,9.8,14.2,23.8,13,19.4,23.6,5.9,26.6,15.6,14.1,36.8,17.3,21.7,18.4,10.6,12.7,10.7,28.3,19.4,16.6,20.5,32.4,15.8,31,15.1,26.3,12.2,25.9,25.2,16.9,16.9,9,15.5,28.4,15.5,20.5,26.6,9,32.4,15.5,14,46.1,19.1,25.6,20.9,10.4,12.2,10.4,35.3,,,,,,22.2204,114.2127
2026-09-28T15:00,27,27.6,27.4,27.7,26,27.7,27.6,27.2,27.8,27.1,27.2,28.8,27.8,29,26.9,27.8,27.9,27.6,27.9,30.1,27,27.7,28.8,26.7,27.9,27.2,28.2,29.3,28.1,27.3,29.8,28,26.9,28.2,28,26.5,27.9,28,27.7,30,80,87,80,81,87,83,83,84,73,88,87,82,84,82,83,85,84,81,87,76,89,85,79,84,87,87,82,81,83,84,77,89,88,86,85,84,85,78,90,79,0,0,0,0,0,0,0,0,0,0,0,0,0,0,0,0,0,0,0,0,0,0.2,0,0,0,0,0,0,0,0,0,0,0,0,0,0,0,0,0.4,0,2.6,7.4,1.9,3.1,5.4,2.8,1.5,4,2.3,2.3,3.3,5.2,3.6,4,2.1,6.1,5.6,4,1.5,3.6,3.9,3.7,3.3,3.6,6.3,5.8,4.1,3.1,6.5,4.6,5.5,2.6,6,2,2.5,3.4,6.3,3.7,6.8,1.8,,,,,,,,,,,,,,,,,,,,,,,,,,,,,,,,,,,,,,,,,28.4,29.4,28.7,27.8,28.3,28.4,28.9,28.2,28.7,28.2,28.4,28.1,28.3,28.3,29.6,28.1,28.5,28.4,27.7,30.3,28,29.4,28.2,27.8,28.2,28.4,28.4,29.2,29,28.7,28.3,75,71,79,82,74,75,72,78,72,76,75,62,76,71,70,77,73,76,75,63,77,72,75,81,70,80,77,74,69,65,74,0,0,0,0,0,0,0,0,0,0,0,0,0,0,0,0.8,0,0,0,0,0,0,0,0,0,0.1,0,0,0,0,0,20.2,17.9,20.2,24.6,15.9,24.7,17.1,23,13.5,20.7,19.8,16.4,18.3,10.2,16.1,23.2,13.1,20.1,23.9,7.7,27.7,16.3,15.2,38.3,18.2,21.1,18.7,11.7,14.4,11.8,28,20.9,18,21.6,29.5,16.2,31.3,16.9,27,13,25.2,24.5,18,18.7,9.4,17.6,28.1,16.2,21.6,27,9.7,33.5,16.2,15.5,47.2,20.5,25.6,21.6,11.5,14,11.9,35.6,,,,,,22.2204,114.2127
2026-09-28T16:00,27,27.6,27.6,27.9,26,27.9,27.7,27.2,28,27.1,27.3,28.8,27.9,29,27.1,27.8,28.1,27.7,28,30.4,27.1,27.8,29,26.7,27.9,27.2,28.4,29.5,28.1,27.4,29.9,28,26.9,28.3,28.1,26.5,28,28,27.7,30.2,79,87,80,81,86,82,83,84,72,88,87,81,84,82,81,85,83,81,87,75,89,84,78,83,87,87,82,81,83,84,77,89,88,85,85,83,85,79,90,78,0,0,0,0,0,0,0,0,0,0,0,0,0,0,0,0,0,0,0,0,0,0.2,0,0,0,0,0,0,0,0,0,0,0,0,0,0,0,0,0.4,0,3.3,7.7,2.5,3.8,6,3.1,1.9,5,2.4,2.5,4.5,5.6,4.1,4.2,2.5,6.8,6.4,4.7,2.3,3.8,4.8,3.9,3.4,4.8,7.1,6.7,4.4,3.3,7,5.2,5.2,3.6,6.5,2.6,3.3,3.9,6.6,3.9,6.6,2,,,,,,,,,,,,,,,,,,,,,,,,,,,,,,,,,,,,,,,,,28.2,29.2,28.6,27.7,28.3,28.3,28.6,28.1,28.6,28.1,28.5,28,28.3,28.4,29.4,27.9,28.5,28.2,27.7,30,27.9,29,28,27.7,28,28.3,28.3,29,28.8,28.7,28.2,76,73,79,82,74,75,74,78,72,76,73,63,77,70,72,79,74,77,74,65,78,74,76,82,71,80,77,76,69,65,74,0,0,0,0,0,0,0,0,0,0,0,0,0,0,0,0.8,0,0,0,0,0,0,0,0,0,0.1,0,0,0,0,0,20.4,18.6,20.9,22.1,15,23.9,18.2,23.1,14.6,19.8,18.8,16.6,20,10.7,18.4,22,13.7,20.6,23.9,9.3,28.5,16.2,16.6,40,18.7,20.3,19.1,12.4,15.8,13.8,27.8,22,19.4,22.3,26.6,15.8,31.7,18.4,27.7,13.7,24.5,23.8,19.1,20.5,9.7,19.4,27.7,17.3,23,27.4,10.4,34.6,16.9,17.3,47.9,21.6,25.6,22.7,13,15.5,13.7,36.4,,,,,,22.2204,114.2127
2026-09-28T17:00,27.1,27.6,27.7,28,26,28,27.8,27.3,28.1,27.1,27.3,28.8,28,29,27.4,27.7,28.3,27.7,28.1,30.6,27.1,27.8,29.2,26.8,27.9,27.2,28.6,29.6,28.1,27.5,30.1,28.1,26.9,28.3,28.2,26.6,28,28.1,27.7,30.4,79,87,80,80,86,82,82,83,71,88,87,81,83,83,80,85,82,80,87,74,89,84,78,83,86,87,82,80,84,84,77,89,88,85,85,83,85,79,90,78,0,0,0,0,0,0,0,0,0,0,0,0,0,0,0,0,0,0,0,0,0,0.2,0,0,0,0,0,0,0,0,0,0,0,0,0,0,0,0,0.4,0,3.6,7.9,2.9,4.8,6.6,3.5,2.3,6,2.6,2.9,5.2,6.1,4.2,4.2,3.3,7.2,6.9,5.1,3,4.2,5.8,4.2,3.5,5.6,8.3,7.3,5,3.7,7.6,5.8,5.4,4.8,6.5,3.1,4,4.3,6.8,3.7,6.9,2.3,,,,,,,,,,,,,,,,,,,,,,,,,,,,,,,,,,,,,,,,,28,28.9,28.4,27.6,28.2,28.2,28.2,27.9,28.5,28,28.5,27.8,28.2,28.4,29.2,27.8,28.4,28,27.7,29.7,27.8,28.7,27.8,27.6,27.9,28.2,28.2,28.8,28.5,28.6,28.1,77,75,80,82,75,75,76,78,74,76,73,65,78,70,74,80,75,79,75,67,79,76,77,83,72,80,77,78,71,66,75,0,0,0,0,0,0,0,0,0,0,0,0,0,0,0,0.8,0,0,0,0,0,0,0,0,0,0.1,0,0,0,0,0,20.3,18.6,21.1,20,14,23.4,18.5,23.1,14.9,19.1,18.4,17.1,20.6,11.4,19.5,20.9,13.7,20.7,23.8,10.4,28.9,16.3,17.9,41,18.5,19.4,19.1,12.9,16.3,15.6,27.4,22.7,20.2,23,24.1,15.5,32,19.4,28.4,14.4,24.5,24.5,19.8,22,10.8,20.9,27,17.6,23.8,28.1,11.2,34.9,17.6,18.7,48.2,22.3,25.2,23.8,14,16.9,15.5,37.1,,,,,,22.2204,114.2127
2026-09-28T18:00,27.1,27.6,27.7,28.1,26,28.1,27.9,27.3,28.3,27.1,27.4,28.8,28,29,27.6,27.7,28.5,27.7,28.2,30.7,27.2,27.8,29.4,26.8,28,27.2,28.8,29.7,28.2,27.6,30.2,28.1,26.9,28.4,28.3,26.6,28,28.1,27.7,30.5,78,87,80,79,86,82,82,83,71,88,87,81,83,83,79,85,82,80,86,73,88,83,78,82,86,88,81,79,84,84,77,88,88,84,85,83,85,80,90,77,0,0,0,0,0,0,0,0,0,0,0,0,0,0,0,0,0,0,0,0,0,0.2,0,0,0,0,0,0,0,0,0,0,0,0,0,0,0,0,0.4,0,4,7.7,3.2,5.5,7.3,4.2,2.6,6.6,2.8,3.3,6,6.7,4.8,4.1,3.9,7.6,7.7,5.4,3.3,4.5,6.5,4.1,3.9,6.5,9,8,5.2,4.2,8.3,6.3,5.2,5.5,6.8,3.8,4.5,4.8,6.8,4.1,7.2,2.3,,,,,,,,,,,,,,,,,,,,,,,,,,,,,,,,,,,,,,,,,27.7,28.5,28,27.4,28,28,27.9,27.7,28.2,27.8,28.3,27.5,28,28.2,28.8,27.6,28.2,27.7,27.6,29.3,27.7,28.4,27.7,27.5,27.7,28,28,28.6,28.2,28.2,27.9,79,77,82,82,77,77,78,79,77,77,74,67,80,72,77,81,77,81,77,70,80,78,78,84,73,81,80,80,74,68,77,0,0,0,0,0,0,0,0,0,0,0,0,0,0,0,0.1,0,0,0,0,0,0,0,0,0,0,0,0,0,0,0,19.2,18.2,21.2,18.2,13.5,23.8,18,22.4,14.9,18.4,19.1,17.1,19.5,12.7,19,19.5,12.9,20.2,23.8,11.4,28.4,16.6,18,40.7,18,17,19.1,13.3,16.2,16.5,27.4,22.3,20.2,23.8,22,15.5,33.1,19.4,28.4,15.1,25.2,27.4,19.8,22.3,13.3,20.9,26.6,16.9,23.8,29.2,12.2,34.6,18.7,20.2,47.2,22.3,23.4,24.8,15.1,17.3,16.9,37.8,,,,,,22.2204,114.2127
2026-09-28T19:00,27.1,27.7,27.8,28.2,26,28.1,28,27.4,28.4,27.1,27.4,28.9,28.1,29,27.7,27.7,28.6,27.8,28.3,30.8,27.2,27.9,29.5,26.9,28,27.3,28.9,29.8,28.2,27.6,30.3,28.2,26.9,28.4,28.4,26.6,28,28.2,27.7,30.6,78,87,81,79,86,81,82,83,70,88,87,81,83,83,78,85,81,80,86,73,88,83,78,82,86,88,81,79,85,84,77,88,88,84,85,82,85,80,90,77,0,0,0,0,0,0,0,0,0,0,0,0,0,0,0,0,0,0,0,0,0,0.2,0,0,0,0,0,0,0,0,0,0,0,0,0,0,0,0,0.4,0,4.3,7.7,3.6,5.9,7.7,4.5,3.1,7.3,3.1,3.4,6.4,7,5,4.1,4.2,7.6,8.2,5.4,3.6,4.7,7.2,4.1,4.1,7,9.5,8.3,5.5,4.5,8.6,7,5.2,6.3,6.8,4.1,4.8,4.8,6.8,3.8,7.1,2.6,,,,,,,,,,,,,,,,,,,,,,,,,,,,,,,,,,,,,,,,,27.5,28.2,27.6,27.2,27.7,27.8,27.5,27.6,27.8,27.6,28,27.2,27.8,28,28.3,27.5,28,27.5,27.4,28.8,27.6,28.1,27.5,27.3,27.5,27.9,27.8,28.4,27.8,27.6,27.6,80,78,85,82,80,79,80,81,80,79,77,70,81,75,80,82,79,84,79,73,81,80,80,85,75,83,83,81,77,71,80,0,0,0,0,0,0,0,0,0,0,0,0,0,0,0,0.1,0,0,0,0,0,0,0,0,0,0,0,0,0,0,0,17.4,16.9,21,16.7,13.4,24.1,16.9,21.3,14.5,18,20.5,16.3,17.7,14.1,17.5,17.6,11.8,19.3,24.1,12,27.3,17.3,17.7,39.6,17.1,15,18.8,13.3,15.4,17,27,21.2,20.2,24.5,20.2,15.8,34.6,18.7,28.4,16.2,25.9,31.7,19.4,22,16.2,19.8,25.9,15.8,23.4,30.2,13.3,33.5,19.8,21.2,45.4,22,20.9,26.3,15.8,17.3,18.4,38.2,,,,,,22.2204,114.2127
2026-09-28T20:00,27.1,27.7,27.8,28.3,26,28.2,28,27.4,28.5,27.1,27.4,28.9,28.1,29,27.8,27.7,28.7,27.8,28.3,30.9,27.2,27.9,29.5,26.9,28,27.3,29,29.8,28.2,27.6,30.4,28.2,26.9,28.5,28.4,26.6,28,28.2,27.7,30.7,78,87,81,79,86,81,82,83,70,88,87,81,83,83,77,85,81,80,86,73,88,83,78,82,86,88,81,79,85,84,77,88,88,84,85,82,85,81,90,77,0,0,0,0,0,0,0,0,0,0,0,0,0,0,0,0,0,0,0,0,0,0.2,0,0,0,0,0,0,0,0,0,0,0,0,0,0,0,0,0.4,0,4.3,7.7,3.6,5.9,7.7,4.5,3.1,7.6,3.1,3.5,6.4,7.3,5,3.7,4.2,7.6,8.2,5.4,3.6,4.7,7.2,4.1,4.1,7,9.7,8.3,5.5,4.5,8.7,7,5.2,6.6,6.8,4,4.8,4.8,6.5,3.8,7.1,2.6,,,,,,,,,,,,,,,,,,,,,,,,,,,,,,,,,,,,,,,,,27.3,27.9,27.3,27,27.5,27.6,27.2,27.5,27.5,27.5,27.7,26.9,27.6,27.8,27.9,27.4,27.8,27.3,27.3,28.4,27.5,27.9,27.4,27.3,27.3,27.7,27.6,28.2,27.5,27.2,27.4,82,79,87,81,82,81,82,82,82,81,79,72,83,77,83,83,81,86,81,76,82,82,81,86,76,85,86,83,79,73,82,0,0,0,0,0,0,0,0,0,0,0,0,0,0,0,0.1,0,0,0,0,0,0,0,0,0,0,0,0,0,0,0,16.1,16.1,20.7,14.6,13,24.5,16.1,20.5,14.1,17.8,21.6,15.5,15.8,15.1,16.7,16.2,11.3,18.2,24.5,12.3,25.5,17.2,17.4,38.2,16.3,13.2,18.4,13.5,15,17.1,26.7,20.5,19.8,24.8,18,16.2,35.6,18,28.4,16.9,26.6,35.3,18.7,21.6,18.4,19.8,24.8,15.1,23,31.3,14,31.3,20.9,22,43.6,21.6,18.7,27,16.2,17.6,19.4,38.2,,,,,,22.2204,114.2127
2026-09-28T21:00,27.1,27.7,27.7,28.3,26,28.2,28,27.4,28.5,27.1,27.4,28.9,28.1,29,27.9,27.7,28.7,27.8,28.3,30.9,27.2,27.9,29.5,26.9,28,27.3,29,29.8,28.2,27.6,30.4,28.2,26.9,28.5,28.4,26.6,28,28.2,27.7,30.7,78,87,82,79,86,81,82,83,70,88,87,81,83,83,77,85,81,80,86,73,88,83,78,82,86,88,81,79,85,84,77,88,88,84,85,82,85,82,90,77,0,0,0,0,0,0,0,0,0,0,0,0,0,0,0,0,0,0,0,0,0,0,0,0,0,0,0,0,0,0,0,0,0,0,0,0,0,0,0,0,4.3,7.4,3.6,5.6,7.7,4.5,3.1,7.6,3.1,3.4,6,7.3,5,3.3,4.2,7.2,7.9,5.1,3.6,4.7,6.8,4.1,4.1,6.6,9.7,8,5.2,4.5,8.3,7,5.2,6.6,6.7,4,4.8,4.5,6.2,3.6,7.1,2.6,,,,,,,,,,,,,,,,,,,,,,,,,,,,,,,,,,,,,,,,,27.2,27.9,27.1,26.9,27.3,27.4,27.1,27.4,27.3,27.4,27.6,26.7,27.5,27.6,27.7,27.4,27.6,27.2,27.2,28.1,27.5,27.7,27.3,27.3,27.2,27.6,27.4,28,27.4,27,27.3,83,79,87,80,83,82,83,84,83,82,80,73,84,79,84,84,83,87,83,78,83,84,82,87,77,86,87,85,80,75,83,0,0,0,0,0,0,0,0,0,0,0,0,0,0,0,0.1,0,0,0,0.1,0,0,0,0,0,0,0,0,0,0,0,15.5,15.6,20.7,11.2,13,25.2,15.8,20.6,14,17.9,22.7,14.2,14.3,14.8,17.2,14.8,11.2,17.5,25.9,12.6,21.5,17,17.4,36.1,15.8,12.3,18.4,13.4,15.7,17.4,25.6,20.2,19.4,24.8,14.8,16.6,36,17.6,29.5,17.6,26.3,38.2,17.3,20.9,18.7,21.2,23,15.1,22.7,32.8,14.4,27,21.6,22.3,42.5,21.2,16.9,27,16.2,19.4,20.2,37.4,,,,,,22.2204,114.2127
2026-09-28T22:00,27,27.7,27.6,28.3,26,28.2,28,27.4,28.5,27.1,27.4,28.9,28.1,28.9,27.9,27.6,28.7,27.7,28.3,30.8,27.2,27.8,29.5,26.9,28,27.3,29,29.7,28.1,27.6,30.5,28.3,26.9,28.5,28.4,26.6,27.9,28.1,27.7,30.6,78,87,82,79,86,81,82,83,71,87,87,81,83,83,77,86,81,80,85,74,88,83,78,82,86,88,81,79,86,84,76,88,88,84,85,82,85,82,90,77,0,0,0,0,0,0,0,0,0,0,0,0,0,0,0,0,0,0,0,0,0,0,0,0,0,0,0,0,0,0,0,0,0,0,0,0,0,0,0,0,4,6.9,3.7,5.4,7.3,4.2,2.7,7.2,3.1,3.3,5.6,7.2,4.7,2.5,3.9,6.8,7.4,4.3,3.2,4.5,6.4,3.8,3.8,6.2,9.2,7.6,5,4.1,8,6.6,5,6.4,6.3,3.6,4.4,4.3,5.9,3.4,6.8,2.6,,,,,,,,,,,,,,,,,,,,,,,,,,,,,,,,,,,,,,,,,27.2,27.9,27.1,26.9,27.2,27.3,27.1,27.3,27.3,27.3,27.5,26.7,27.4,27.5,27.6,27.3,27.6,27.2,27.1,27.9,27.4,27.7,27.2,27.3,27.1,27.5,27.4,27.8,27.4,26.9,27.2,83,78,87,79,84,83,84,85,84,83,80,75,85,80,84,84,84,87,84,79,84,85,83,87,78,87,86,86,80,76,82,0,0,0,0,0,0,0,0,0,0,0,0,0,0,0,0.1,0,0,0,0.1,0,0,0,0,0,0,0,0,0,0,0,15.3,14.8,20.6,7.9,13,25.7,15.3,20.6,14.4,18.1,23.5,12.6,13.3,14,18.6,13.3,11.5,17.1,27.4,12.7,16.9,16.1,17.2,33.5,15.8,11.2,18.4,12.9,17.2,17.5,24.5,19.8,19.1,24.8,10.8,16.6,36,17.3,30.6,18.4,25.9,40.3,15.8,20.2,18.4,23,20.9,15.8,22.7,34.6,14.8,21.6,21.6,22.7,41.4,20.5,15.8,26.6,16.2,22,20.5,36,,,,,,22.2204,114.2127
2026-09-28T23:00,27,27.8,27.5,28.2,26.1,28.1,28,27.4,28.5,27.1,27.3,28.9,28,28.9,27.8,27.6,28.7,27.7,28.3,30.7,27.3,27.8,29.4,26.9,27.9,27.3,29,29.6,28.1,27.6,30.5,28.3,26.8,28.5,28.4,26.6,27.9,28.1,27.7,30.5,79,87,83,80,86,81,82,84,71,87,87,81,84,83,77,86,81,80,85,74,88,83,79,83,86,88,81,80,86,85,75,88,87,83,85,82,86,83,90,78,0,0,0,0,0,0,0,0,0,0,0,0,0,0,0,0,0,0,0,0,0,0,0,0,0,0,0,0,0,0,0,0,0,0,0,0,0,0,0,0,3.3,6.1,3.7,4.7,6.9,3.9,2.6,6.8,2.9,3.1,4.9,6.9,4.3,1.8,3.6,6.1,7.1,3.6,2.5,4,5.2,3.5,3.5,5,8.8,6.9,4.4,3.5,6.9,6.1,5.2,5.8,5.9,2.9,4,3.5,5.4,3.2,6.3,2.5,,,,,,,,,,,,,,,,,,,,,,,,,,,,,,,,,,,,,,,,,27.2,28,27,26.9,27.1,27.2,27,27.3,27.2,27.2,27.5,26.6,27.4,27.4,27.6,27.3,27.5,27.2,27.1,27.7,27.3,27.6,27.1,27.4,26.9,27.5,27.3,27.6,27.4,26.8,27.2,84,77,86,78,85,83,84,86,84,83,81,75,85,81,84,84,85,87,85,79,84,86,84,87,79,87,86,87,80,77,82,0,0,0,0,0,0,0,0,0,0,0,0,0,0,0,0.1,0,0,0,0.1,0,0,0,0,0,0,0,0,0,0,0,14.7,14.9,20.4,6.1,13.6,26.6,15.1,20.7,14.5,18.9,24.3,10.8,12.5,12.7,19.6,11.9,11.5,16.6,28.1,12.4,13.4,15.3,16.8,31.8,15.9,10.4,18.4,12.7,18.7,17.1,23.5,19.1,19.4,24.5,7.9,17.3,36,17.3,31,18.4,25.9,41.4,13.7,19.1,17.6,24.5,18.7,16.2,22.3,35.3,14.8,17.3,21.2,22.3,40.7,20.2,14.4,26.3,16.2,23.8,20.2,34.6,,,,,,22.2204,114.2127
