time,temperature_2m_icon_seamless_eps (°C),temperature_2m_member01_icon_seamless_eps (°C),temperature_2m_member02_icon_seamless_eps (°C),temperature_2m_member03_icon_seamless_eps (°C),temperature_2m_member04_icon_seamless_eps (°C),temperature_2m_member05_icon_seamless_eps (°C),temperature_2m_member06_icon_seamless_eps (°C),temperature_2m_member07_icon_seamless_eps (°C),temperature_2m_member08_icon_seamless_eps (°C),temperature_2m_member09_icon_seamless_eps (°C),temperature_2m_member10_icon_seamless_eps (°C),temperature_2m_member11_icon_seamless_eps (°C),temperature_2m_member12_icon_seamless_eps (°C),temperature_2m_member13_icon_seamless_eps (°C),temperature_2m_member14_icon_seamless_eps (°C),temperature_2m_member15_icon_seamless_eps (°C),temperature_2m_member16_icon_seamless_eps (°C),temperature_2m_member17_icon_seamless_eps (°C),temperature_2m_member18_icon_seamless_eps (°C),temperature_2m_member19_icon_seamless_eps (°C),temperature_2m_member20_icon_seamless_eps (°C),temperature_2m_member21_icon_seamless_eps (°C),temperature_2m_member22_icon_seamless_eps (°C),temperature_2m_member23_icon_seamless_eps (°C),temperature_2m_member24_icon_seamless_eps (°C),temperature_2m_member25_icon_seamless_eps (°C),temperature_2m_member26_icon_seamless_eps (°C),temperature_2m_member27_icon_seamless_eps (°C),temperature_2m_member28_icon_seamless_eps (°C),temperature_2m_member29_icon_seamless_eps (°C),temperature_2m_member30_icon_seamless_eps (°C),temperature_2m_member31_icon_seamless_eps (°C),temperature_2m_member32_icon_seamless_eps (°C),temperature_2m_member33_icon_seamless_eps (°C),temperature_2m_member34_icon_seamless_eps (°C),temperature_2m_member35_icon_seamless_eps (°C),temperature_2m_member36_icon_seamless_eps (°C),temperature_2m_member37_icon_seamless_eps (°C),temperature_2m_member38_icon_seamless_eps (°C),temperature_2m_member39_icon_seamless_eps (°C),relativehumidity_2m_icon_seamless_eps (%),relativehumidity_2m_member01_icon_seamless_eps (%),relativehumidity_2m_member02_icon_seamless_eps (%),relativehumidity_2m_member03_icon_seamless_eps (%),relativehumidity_2m_member04_icon_seamless_eps (%),relativehumidity_2m_member05_icon_seamless_eps (%),relativehumidity_2m_member06_icon_seamless_eps (%),relativehumidity_2m_member07_icon_seamless_eps (%),relativehumidity_2m_member08_icon_seamless_eps (%),relativehumidity_2m_member09_icon_seamless_eps (%),relativehumidity_2m_member10_icon_seamless_eps (%),relativehumidity_2m_member11_icon_seamless_eps (%),relativehumidity_2m_member12_icon_seamless_eps (%),relativehumidity_2m_member13_icon_seamless_eps (%),relativehumidity_2m_member14_icon_seamless_eps (%),relativehumidity_2m_member15_icon_seamless_eps (%),relativehumidity_2m_member16_icon_seamless_eps (%),relativehumidity_2m_member17_icon_seamless_eps (%),relativehumidity_2m_member18_icon_seamless_eps (%),relativehumidity_2m_member19_icon_seamless_eps (%),relativehumidity_2m_member20_icon_seamless_eps (%),relativehumidity_2m_member21_icon_seamless_eps (%),relativehumidity_2m_member22_icon_seamless_eps (%),relativehumidity_2m_member23_icon_seamless_eps (%),relativehumidity_2m_member24_icon_seamless_eps (%),relativehumidity_2m_member25_icon_seamless_eps (%),relativehumidity_2m_member26_icon_seamless_eps (%),relativehumidity_2m_member27_icon_seamless_eps (%),relativehumidity_2m_member28_icon_seamless_eps (%),relativehumidity_2m_member29_icon_seamless_eps (%),relativehumidity_2m_member30_icon_seamless_eps (%),relativehumidity_2m_member31_icon_seamless_eps (%),relativehumidity_2m_member32_icon_seamless_eps (%),relativehumidity_2m_member33_icon_seamless_eps (%),relativehumidity_2m_member34_icon_seamless_eps (%),relativehumidity_2m_member35_icon_seamless_eps (%),relativehumidity_2m_member36_icon_seamless_eps (%),relativehumidity_2m_member37_icon_seamless_eps (%),relativehumidity_2m_member38_icon_seamless_eps (%),relativehumidity_2m_member39_icon_seamless_eps (%),rain_icon_seamless_eps (mm),rain_member01_icon_seamless_eps (mm),rain_member02_icon_seamless_eps (mm),rain_member03_icon_seamless_eps (mm),rain_member04_icon_seamless_eps (mm),rain_member05_icon_seamless_eps (mm),rain_member06_icon_seamless_eps (mm),rain_member07_icon_seamless_eps (mm),rain_member08_icon_seamless_eps (mm),rain_member09_icon_seamless_eps (mm),rain_member10_icon_seamless_eps (mm),rain_member11_icon_seamless_eps (mm),rain_member12_icon_seamless_eps (mm),rain_member13_icon_seamless_eps (mm),rain_member14_icon_seamless_eps (mm),rain_member15_icon_seamless_eps (mm),rain_member16_icon_seamless_eps (mm),rain_member17_icon_seamless_eps (mm),rain_member18_icon_seamless_eps (mm),rain_member19_icon_seamless_eps (mm),rain_member20_icon_seamless_eps (mm),rain_member21_icon_seamless_eps (mm),rain_member22_icon_seamless_eps (mm),rain_member23_icon_seamless_eps (mm),rain_member24_icon_seamless_eps (mm),rain_member25_icon_seamless_eps (mm),rain_member26_icon_seamless_eps (mm),rain_member27_icon_seamless_eps (mm),rain_member28_icon_seamless_eps (mm),rain_member29_icon_seamless_eps (mm),rain_member30_icon_seamless_eps (mm),rain_member31_icon_seamless_eps (mm),rain_member32_icon_seamless_eps (mm),rain_member33_icon_seamless_eps (mm),rain_member34_icon_seamless_eps (mm),rain_member35_icon_seamless_eps (mm),rain_member36_icon_seamless_eps (mm),rain_member37_icon_seamless_eps (mm),rain_member38_icon_seamless_eps (mm),rain_member39_icon_seamless_eps (mm),windspeed_10m_icon_seamless_eps (km/h),windspeed_10m_member01_icon_seamless_eps (km/h),windspeed_10m_member02_icon_seamless_eps (km/h),windspeed_10m_member03_icon_seamless_eps (km/h),windspeed_10m_member04_icon_seamless_eps (km/h),windspeed_10m_member05_icon_seamless_eps (km/h),windspeed_10m_member06_icon_seamless_eps (km/h),windspeed_10m_member07_icon_seamless_eps (km/h),windspeed_10m_member08_icon_seamless_eps (km/h),windspeed_10m_member09_icon_seamless_eps (km/h),windspeed_10m_member10_icon_seamless_eps (km/h),windspeed_10m_member11_icon_seamless_eps (km/h),windspeed_10m_member12_icon_seamless_eps (km/h),windspeed_10m_member13_icon_seamless_eps (km/h),windspeed_10m_member14_icon_seamless_eps (km/h),windspeed_10m_member15_icon_seamless_eps (km/h),windspeed_10m_member16_icon_seamless_eps (km/h),windspeed_10m_member17_icon_seamless_eps (km/h),windspeed_10m_member18_icon_seamless_eps (km/h),windspeed_10m_member19_icon_seamless_eps (km/h),windspeed_10m_member20_icon_seamless_eps (km/h),windspeed_10m_member21_icon_seamless_eps (km/h),windspeed_10m_member22_icon_seamless_eps (km/h),windspeed_10m_member23_icon_seamless_eps (km/h),windspeed_10m_member24_icon_seamless_eps (km/h),windspeed_10m_member25_icon_seamless_eps (km/h),windspeed_10m_member26_icon_seamless_eps (km/h),windspeed_10m_member27_icon_seamless_eps (km/h),windspeed_10m_member28_icon_seamless_eps (km/h),windspeed_10m_member29_icon_seamless_eps (km/h),windspeed_10m_member30_icon_seamless_eps (km/h),windspeed_10m_member31_icon_seamless_eps (km/h),windspeed_10m_member32_icon_seamless_eps (km/h),windspeed_10m_member33_icon_seamless_eps (km/h),windspeed_10m_member34_icon_seamless_eps (km/h),windspeed_10m_member35_icon_seamless_eps (km/h),windspeed_10m_member36_icon_seamless_eps (km/h),windspeed_10m_member37_icon_seamless_eps (km/h),windspeed_10m_member38_icon_seamless_eps (km/h),windspeed_10m_member39_icon_seamless_eps (km/h),windgusts_10m_icon_seamless_eps (undefined),windgusts_10m_member01_icon_seamless_eps (undefined),windgusts_10m_member02_icon_seamless_eps (undefined),windgusts_10m_member03_icon_seamless_eps (undefined),windgusts_10m_member04_icon_seamless_eps (undefined),windgusts_10m_member05_icon_seamless_eps (undefined),windgusts_10m_member06_icon_seamless_eps (undefined),windgusts_10m_member07_icon_seamless_eps (undefined),windgusts_10m_member08_icon_seamless_eps (undefined),windgusts_10m_member09_icon_seamless_eps (undefined),windgusts_10m_member10_icon_seamless_eps (undefined),windgusts_10m_member11_icon_seamless_eps (undefined),windgusts_10m_member12_icon_seamless_eps (undefined),windgusts_10m_member13_icon_seamless_eps (undefined),windgusts_10m_member14_icon_seamless_eps (undefined),windgusts_10m_member15_icon_seamless_eps (undefined),windgusts_10m_member16_icon_seamless_eps (undefined),windgusts_10m_member17_icon_seamless_eps (undefined),windgusts_10m_member18_icon_seamless_eps (undefined),windgusts_10m_member19_icon_seamless_eps (undefined),windgusts_10m_member20_icon_seamless_eps (undefined),windgusts_10m_member21_icon_seamless_eps (undefined),windgusts_10m_member22_icon_seamless_eps (undefined),windgusts_10m_member23_icon_seamless_eps (undefined),windgusts_10m_member24_icon_seamless_eps (undefined),windgusts_10m_member25_icon_seamless_eps (undefined),windgusts_10m_member26_icon_seamless_eps (undefined),windgusts_10m_member27_icon_seamless_eps (undefined),windgusts_10m_member28_icon_seamless_eps (undefined),windgusts_10m_member29_icon_seamless_eps (undefined),windgusts_10m_member30_icon_seamless_eps (undefined),windgusts_10m_member31_icon_seamless_eps (undefined),windgusts_10m_member32_icon_seamless_eps (undefined),windgusts_10m_member33_icon_seamless_eps (undefined),windgusts_10m_member34_icon_seamless_eps (undefined),windgusts_10m_member35_icon_seamless_eps (undefined),windgusts_10m_member36_icon_seamless_eps (undefined),windgusts_10m_member37_icon_seamless_eps (undefined),windgusts_10m_member38_icon_seamless_eps (undefined),windgusts_10m_member39_icon_seamless_eps (undefined),temperature_2m_ncep_gefs_seamless (°C),temperature_2m_member01_ncep_gefs_seamless (°C),temperature_2m_member02_ncep_gefs_seamless (°C),temperature_2m_member03_ncep_gefs_seamless (°C),temperature_2m_member04_ncep_gefs_seamless (°C),temperature_2m_member05_ncep_gefs_seamless (°C),temperature_2m_member06_ncep_gefs_seamless (°C),temperature_2m_member07_ncep_gefs_seamless (°C),temperature_2m_member08_ncep_gefs_seamless (°C),temperature_2m_member09_ncep_gefs_seamless (°C),temperature_2m_member10_ncep_gefs_seamless (°C),temperature_2m_member11_ncep_gefs_seamless (°C),temperature_2m_member12_ncep_gefs_seamless (°C),temperature_2m_member13_ncep_gefs_seamless (°C),temperature_2m_member14_ncep_gefs_seamless (°C),temperature_2m_member15_ncep_gefs_seamless (°C),temperature_2m_member16_ncep_gefs_seamless (°C),temperature_2m_member17_ncep_gefs_seamless (°C),temperature_2m_member18_ncep_gefs_seamless (°C),temperature_2m_member19_ncep_gefs_seamless (°C),temperature_2m_member20_ncep_gefs_seamless (°C),temperature_2m_member21_ncep_gefs_seamless (°C),temperature_2m_member22_ncep_gefs_seamless (°C),temperature_2m_member23_ncep_gefs_seamless (°C),temperature_2m_member24_ncep_gefs_seamless (°C),temperature_2m_member25_ncep_gefs_seamless (°C),temperature_2m_member26_ncep_gefs_seamless (°C),temperature_2m_member27_ncep_gefs_seamless (°C),temperature_2m_member28_ncep_gefs_seamless (°C),temperature_2m_member29_ncep_gefs_seamless (°C),temperature_2m_member30_ncep_gefs_seamless (°C),relativehumidity_2m_ncep_gefs_seamless (%),relativehumidity_2m_member01_ncep_gefs_seamless (%),relativehumidity_2m_member02_ncep_gefs_seamless (%),relativehumidity_2m_member03_ncep_gefs_seamless (%),relativehumidity_2m_member04_ncep_gefs_seamless (%),relativehumidity_2m_member05_ncep_gefs_seamless (%),relativehumidity_2m_member06_ncep_gefs_seamless (%),relativehumidity_2m_member07_ncep_gefs_seamless (%),relativehumidity_2m_member08_ncep_gefs_seamless (%),relativehumidity_2m_member09_ncep_gefs_seamless (%),relativehumidity_2m_member10_ncep_gefs_seamless (%),relativehumidity_2m_member11_ncep_gefs_seamless (%),relativehumidity_2m_member12_ncep_gefs_seamless (%),relativehumidity_2m_member13_ncep_gefs_seamless (%),relativehumidity_2m_member14_ncep_gefs_seamless (%),relativehumidity_2m_member15_ncep_gefs_seamless (%),relativehumidity_2m_member16_ncep_gefs_seamless (%),relativehumidity_2m_member17_ncep_gefs_seamless (%),relativehumidity_2m_member18_ncep_gefs_seamless (%),relativehumidity_2m_member19_ncep_gefs_seamless (%),relativehumidity_2m_member20_ncep_gefs_seamless (%),relativehumidity_2m_member21_ncep_gefs_seamless (%),relativehumidity_2m_member22_ncep_gefs_seamless (%),relativehumidity_2m_member23_ncep_gefs_seamless (%),relativehumidity_2m_member24_ncep_gefs_seamless (%),relativehumidity_2m_member25_ncep_gefs_seamless (%),relativehumidity_2m_member26_ncep_gefs_seamless (%),relativehumidity_2m_member27_ncep_gefs_seamless (%),relativehumidity_2m_member28_ncep_gefs_seamless (%),relativehumidity_2m_member29_ncep_gefs_seamless (%),relativehumidity_2m_member30_ncep_gefs_seamless (%),rain_ncep_gefs_seamless (mm),rain_member01_ncep_gefs_seamless (mm),rain_member02_ncep_gefs_seamless (mm),rain_member03_ncep_gefs_seamless (mm),rain_member04_ncep_gefs_seamless (mm),rain_member05_ncep_gefs_seamless (mm),rain_member06_ncep_gefs_seamless (mm),rain_member07_ncep_gefs_seamless (mm),rain_member08_ncep_gefs_seamless (mm),rain_member09_ncep_gefs_seamless (mm),rain_member10_ncep_gefs_seamless (mm),rain_member11_ncep_gefs_seamless (mm),rain_member12_ncep_gefs_seamless (mm),rain_member13_ncep_gefs_seamless (mm),rain_member14_ncep_gefs_seamless (mm),rain_member15_ncep_gefs_seamless (mm),rain_member16_ncep_gefs_seamless (mm),rain_member17_ncep_gefs_seamless (mm),rain_member18_ncep_gefs_seamless (mm),rain_member19_ncep_gefs_seamless (mm),rain_member20_ncep_gefs_seamless (mm),rain_member21_ncep_gefs_seamless (mm),rain_member22_ncep_gefs_seamless (mm),rain_member23_ncep_gefs_seamless (mm),rain_member24_ncep_gefs_seamless (mm),rain_member25_ncep_gefs_seamless (mm),rain_member26_ncep_gefs_seamless (mm),rain_member27_ncep_gefs_seamless (mm),rain_member28_ncep_gefs_seamless (mm),rain_member29_ncep_gefs_seamless (mm),rain_member30_ncep_gefs_seamless (mm),windspeed_10m_ncep_gefs_seamless (km/h),windspeed_10m_member01_ncep_gefs_seamless (km/h),windspeed_10m_member02_ncep_gefs_seamless (km/h),windspeed_10m_member03_ncep_gefs_seamless (km/h),windspeed_10m_member04_ncep_gefs_seamless (km/h),windspeed_10m_member05_ncep_gefs_seamless (km/h),windspeed_10m_member06_ncep_gefs_seamless (km/h),windspeed_10m_member07_ncep_gefs_seamless (km/h),windspeed_10m_member08_ncep_gefs_seamless (km/h),windspeed_10m_member09_ncep_gefs_seamless (km/h),windspeed_10m_member10_ncep_gefs_seamless (km/h),windspeed_10m_member11_ncep_gefs_seamless (km/h),windspeed_10m_member12_ncep_gefs_seamless (km/h),windspeed_10m_member13_ncep_gefs_seamless (km/h),windspeed_10m_member14_ncep_gefs_seamless (km/h),windspeed_10m_member15_ncep_gefs_seamless (km/h),windspeed_10m_member16_ncep_gefs_seamless (km/h),windspeed_10m_member17_ncep_gefs_seamless (km/h),windspeed_10m_member18_ncep_gefs_seamless (km/h),windspeed_10m_member19_ncep_gefs_seamless (km/h),windspeed_10m_member20_ncep_gefs_seamless (km/h),windspeed_10m_member21_ncep_gefs_seamless (km/h),windspeed_10m_member22_ncep_gefs_seamless (km/h),windspeed_10m_member23_ncep_gefs_seamless (km/h),windspeed_10m_member24_ncep_gefs_seamless (km/h),windspeed_10m_member25_ncep_gefs_seamless (km/h),windspeed_10m_member26_ncep_gefs_seamless (km/h),windspeed_10m_member27_ncep_gefs_seamless (km/h),windspeed_10m_member28_ncep_gefs_seamless (km/h),windspeed_10m_member29_ncep_gefs_seamless (km/h),windspeed_10m_member30_ncep_gefs_seamless (km/h),windgusts_10m_ncep_gefs_seamless (km/h),windgusts_10m_member01_ncep_gefs_seamless (km/h),windgusts_10m_member02_ncep_gefs_seamless (km/h),windgusts_10m_member03_ncep_gefs_seamless (km/h),windgusts_10m_member04_ncep_gefs_seamless (km/h),windgusts_10m_member05_ncep_gefs_seamless (km/h),windgusts_10m_member06_ncep_gefs_seamless (km/h),windgusts_10m_member07_ncep_gefs_seamless (km/h),windgusts_10m_member08_ncep_gefs_seamless (km/h),windgusts_10m_member09_ncep_gefs_seamless (km/h),windgusts_10m_member10_ncep_gefs_seamless (km/h),windgusts_10m_member11_ncep_gefs_seamless (km/h),windgusts_10m_member12_ncep_gefs_seamless (km/h),windgusts_10m_member13_ncep_gefs_seamless (km/h),windgusts_10m_member14_ncep_gefs_seamless (km/h),windgusts_10m_member15_ncep_gefs_seamless (km/h),windgusts_10m_member16_ncep_gefs_seamless (km/h),windgusts_10m_member17_ncep_gefs_seamless (km/h),windgusts_10m_member18_ncep_gefs_seamless (km/h),windgusts_10m_member19_ncep_gefs_seamless (km/h),windgusts_10m_member20_ncep_gefs_seamless (km/h),windgusts_10m_member21_ncep_gefs_seamless (km/h),windgusts_10m_member22_ncep_gefs_seamless (km/h),windgusts_10m_member23_ncep_gefs_seamless (km/h),windgusts_10m_member24_ncep_gefs_seamless (km/h),windgusts_10m_member25_ncep_gefs_seamless (km/h),windgusts_10m_member26_ncep_gefs_seamless (km/h),windgusts_10m_member27_ncep_gefs_seamless (km/h),windgusts_10m_member28_ncep_gefs_seamless (km/h),windgusts_10m_member29_ncep_gefs_seamless (km/h),windgusts_10m_member30_ncep_gefs_seamless (km/h),temperature_2m_ecmwf_ifs04 (°C),relativehumidity_2m_ecmwf_ifs04 (%),rain_ecmwf_ifs04 (mm),windspeed_10m_ecmwf_ifs04 (km/h),windgusts_10m_ecmwf_ifs04 (undefined),latitude,longitude
2026-10-07T00:00,24.2,24.2,24.6,24.1,24.3,24,23.8,24.4,23.6,24.4,24,24.6,24.3,23.8,24.2,23.4,24.8,24.2,24.3,23.7,24.1,24,24,24.2,24.7,24.1,24.3,24.2,23.7,24.2,24.2,24.2,23.9,24.4,24.1,24.3,23.9,24.1,24.4,24.2,64,61,66,61,63,66,63,62,66,62,72,62,65,64,62,70,66,67,65,70,69,65,65,65,61,61,65,61,60,65,70,66,64,71,58,69,65,59,63,66,0,0,0,0,0,0,0,0,0,0,0,0,0,0,0,0,0,0,0,0,0,0,0,0,0,0,0,0,0,0,0,0,0,0,0,0,0,0,0,0,4,8.1,10,6.2,4.7,9,9.3,7.2,9.3,7.2,9.7,5.1,5.8,9.9,6.8,7,5,7.1,9.5,9.4,6.2,7.6,8.3,7,6.1,5.1,8.1,9.2,8,6.1,7.4,4.7,9.3,8.8,8.8,8.6,7.8,6.5,6.8,6.9,,,,,,,,,,,,,,,,,,,,,,,,,,,,,,,,,,,,,,,,,24.8,24.8,24.4,25,24.9,24.9,25.2,24.5,24.8,25,24.8,24.7,24.6,25.2,25,24.7,24.6,24.9,24.6,24.9,24.9,24.8,24.3,25.2,24.9,24.9,24.5,24.4,24.5,25,24.7,59,58,58,60,57,59,64,59,59,55,59,58,60,63,61,56,61,60,62,58,60,59,60,58,61,60,62,60,60,58,63,0,0,0,0,0,0,0,0,0,0,0,0,0,0,0,0,0,0,0,0,0,0,0,0,0,0,0,0,0,0,0,16.6,16.1,17.1,18.4,17.6,17.1,16.3,17.5,17.9,18.6,19.4,17,17.2,16,17.8,15.5,16.6,17.1,15.7,19.2,14.6,17.5,17.3,16.2,15.9,17.1,17.8,16.2,17.3,17.7,15.8,18.7,18,19.8,20.5,19.8,19.1,17.6,19.8,20.2,20.5,23,19.8,19.1,17.6,20.2,17.3,18,18.7,17.6,22.7,16.2,19.4,18.4,18,17.6,18.7,19.8,18,19.8,20.2,18,,,,,,22.2204,114.2127
2026-10-07T01:00,24.2,24,24.3,23.9,24.3,23.9,23.5,24.2,23.4,24.3,23.9,24.6,24.2,23.4,24.1,23.4,24.7,24.1,24,23.7,24,23.8,23.7,24.1,24.6,24.1,24.2,24,23.6,24.1,24,24.2,23.6,24.2,23.9,24.1,23.9,23.9,24.3,24,64,59,63,60,61,63,60,60,62,61,71,59,65,62,60,71,65,65,62,70,67,61,62,63,60,61,62,59,59,63,69,65,61,70,56,67,65,57,61,60,0,0,0,0,0,0,0,0,0,0,0,0,0,0,0,0,0,0,0,0,0,0,0,0,0,0,0,0,0,0,0,0,0,0,0,0,0,0,0,0,4.3,7.8,10.5,6.2,5.1,9.3,10,7.6,9.3,7.6,9.6,5.8,6.5,10.3,7.2,7.2,5.1,7.8,9.5,9.4,6.5,8,8.4,7.7,6.5,5.1,8.5,9.2,8,6.5,7.9,5.4,9,9.1,8.8,9,7.9,6.5,6.9,8,,,,,,,,,,,,,,,,,,,,,,,,,,,,,,,,,,,,,,,,,24.7,24.7,24.3,24.9,24.7,24.8,25.1,24.4,24.8,24.8,24.7,24.7,24.6,25.1,25,24.7,24.6,24.8,24.6,24.8,24.8,24.7,24.2,25.1,24.9,24.8,24.4,24.4,24.4,24.9,24.6,59,57,57,57,55,57,62,59,58,55,59,58,58,61,60,57,59,59,61,56,58,58,59,58,60,58,61,59,59,56,64,0,0,0,0,0,0,0,0,0,0,0,0,0,0,0,0,0,0,0,0,0,0,0,0,0,0,0,0,0,0,0,17,16.5,16.5,17.9,18.6,17.7,16.1,17.4,17.6,18.9,19.4,17.7,17.3,16.7,18.3,16,17.6,17.6,16,19,14.9,17.9,17.3,17.4,16.2,18.2,17.8,16.7,16.9,18.1,15.6,19.1,18,19.1,19.8,20.5,19.4,17.6,19.8,19.8,20.5,22.3,20.2,19.1,18,20.5,17.6,19.1,19.1,18,22,16.6,19.8,18.4,19.4,18,19.8,19.8,18.7,19.1,20.2,18,,,,,,22.2204,114.2127
2026-10-07T02:00,24.1,23.8,24,23.8,24.1,23.6,23.2,24,23.1,24.2,23.6,24.4,24.1,23.1,24,23.3,24.5,23.9,23.7,23.6,23.9,23.6,23.5,23.9,24.5,24,24,23.7,23.4,23.9,23.8,24,23.3,24,23.6,23.8,23.7,23.7,24.1,23.7,64,57,60,59,59,60,58,57,60,58,70,57,63,60,58,71,64,62,59,69,65,58,60,60,58,59,59,57,57,60,64,63,59,68,55,64,64,56,57,56,0,0,0,0,0,0,0,0,0,0,0,0,0,0,0,0,0,0,0,0,0,0,0,0,0,0,0,0,0,0,0,0,0,0,0,0,0,0,0,0,4.7,7.3,10,5.8,5.4,9.7,10.1,7.2,9.3,7.3,9.9,5.8,6.5,10.7,7.6,7.3,5.4,7.7,9.4,9.6,6.5,8,8.4,8.4,6.5,5.1,8.9,9.1,8,6.5,8.7,6.2,8.7,9,8.4,8.7,8.3,6.5,6.6,8.4,,,,,,,,,,,,,,,,,,,,,,,,,,,,,,,,,,,,,,,,,24.6,24.6,24.2,24.8,24.5,24.6,24.9,24.3,24.7,24.6,24.5,24.6,24.5,24.9,24.9,24.6,24.5,24.6,24.5,24.6,24.7,24.5,24.1,25,24.8,24.7,24.3,24.4,24.3,24.7,24.6,58,56,57,56,54,56,61,58,57,54,59,57,57,59,59,58,58,58,61,55,57,58,59,57,59,56,61,58,59,55,64,0,0,0,0,0,0,0,0,0,0,0,0,0,0,0,0,0,0,0,0,0,0,0,0,0,0,0,0,0,0,0,17.6,16.6,16.6,17.9,19.1,18,16.4,17.2,17.6,19.1,19.7,18,17.3,17.3,18.9,16.7,17.9,17.9,16.3,18.9,15.5,18.5,17.2,18.4,16.6,18.7,17.9,17.3,16.8,17.9,15.8,19.4,18.4,18.7,19.4,20.9,19.8,18,19.8,19.4,20.9,22,20.5,19.1,18.7,20.5,18.4,19.8,19.1,18,21.6,16.9,20.5,18.4,20.5,18.4,20.5,19.8,19.4,18.7,20.2,18,,,,,,22.2204,114.2127
2026-10-07T03:00,24.1,23.6,23.7,23.6,24,23.4,22.9,23.8,22.8,24,23.3,24.2,23.8,22.8,23.8,23.2,24.3,23.7,23.3,23.5,23.7,23.3,23.2,23.7,24.2,23.9,23.7,23.4,23.2,23.7,23.5,23.9,23,23.7,23.3,23.4,23.5,23.5,23.9,23.4,63,55,57,58,57,57,57,55,58,56,67,54,62,60,55,70,62,60,58,67,62,56,58,56,57,57,55,55,56,58,60,60,57,64,54,63,62,55,54,55,0,0,0,0,0,0,0,0,0,0,0,0,0,0,0,0,0,0,0,0,0,0,0,0,0,0,0,0,0,0,0,0,0,0,0,0,0,0,0,0,4.7,7.6,10,5.8,5.1,9.7,10.5,7.2,9.3,7.3,10.2,5.4,6.5,10.7,7.3,7.2,5.4,7.3,9.4,9.4,6.5,7.6,8.6,8.8,6.2,5.4,8.7,8.8,7.6,6.5,8.6,6.2,8.6,9.3,8,8.2,7.9,6.2,6.6,8,,,,,,,,,,,,,,,,,,,,,,,,,,,,,,,,,,,,,,,,,24.4,24.4,24.1,24.7,24.3,24.4,24.8,24.1,24.6,24.4,24.4,24.4,24.4,24.7,24.8,24.5,24.3,24.4,24.4,24.4,24.5,24.3,24,24.8,24.6,24.5,24.2,24.3,24.2,24.5,24.5,58,56,57,56,53,56,61,57,57,53,59,57,57,58,59,59,57,57,61,55,57,58,59,57,59,55,61,58,59,55,64,0,0,0,0,0,0,0,0,0,0,0,0,0,0,0,0,0,0,0,0,0,0,0,0,0,0,0,0,0,0,0,17.6,17,16.9,17.8,18.8,18,16.9,17.2,17.9,18.7,19.9,18.4,17.1,17.3,18.4,17.1,17.7,17.4,16.4,18.9,16,18.9,17.4,18.8,17.6,18.5,17.9,17.4,16.7,17.7,16.6,19.4,18.7,19.1,19.8,20.9,19.8,18.7,19.8,19.8,20.5,22,21.2,19.1,19.4,20.5,18.7,19.8,18.7,18,20.9,17.6,20.9,19.1,20.9,19.1,20.2,20.2,19.8,18.7,20.2,18.4,,,,,,22.2204,114.2127
2026-10-07T04:00,24,23.4,23.4,23.5,23.8,23,22.5,23.5,22.6,23.8,23,23.9,23.6,22.5,23.6,23.2,24.2,23.4,23,23.3,23.5,23,23,23.4,24,23.7,23.5,23.1,23.1,23.4,23.1,23.7,22.7,23.4,23,23.2,23.2,23.2,23.6,23.1,61,53,56,57,55,56,57,54,57,55,65,52,60,59,54,68,59,58,58,64,58,56,57,54,56,55,53,54,55,57,58,58,56,60,54,62,59,54,52,55,0,0,0,0,0,0,0,0,0,0,0,0,0,0,0,0,0,0,0,0,0,0,0,0,0,0,0,0,0,0,0,0,0,0,0,0,0,0,0,0,4.4,7.6,9.6,5.4,5.1,9.7,10.4,7.3,9.7,7.3,10.2,5.1,6.1,10.4,7.2,7.1,5.4,7.6,9.1,9.7,6.5,7.3,8.6,9.1,6.2,5.4,8.6,8.8,7.2,6.5,8.6,6.2,8.5,8.8,7.6,8.5,7.8,6.2,6.5,8.4,,,,,,,,,,,,,,,,,,,,,,,,,,,,,,,,,,,,,,,,,24.2,24.2,23.9,24.5,24.1,24.2,24.6,23.9,24.4,24.1,24.2,24.2,24.2,24.5,24.5,24.3,24.1,24.2,24.2,24.1,24.3,24.1,23.9,24.5,24.5,24.2,24.1,24.1,24.1,24.3,24.4,58,57,57,56,53,56,61,57,57,53,60,57,57,58,59,59,57,57,61,56,57,58,60,57,60,55,61,58,60,56,65,0,0,0,0,0,0,0,0,0,0,0,0,0,0,0,0,0,0,0,0,0,0,0,0,0,0,0,0,0,0,0,17.7,17.4,17.7,18.1,18.6,18.1,17.9,17.6,18.3,18.2,20,18.8,17,18.1,18.2,17.7,17.7,16.8,16.6,18.7,17.2,19.5,18.1,18.9,18.4,17.6,18.5,18,16.7,17.7,17.8,19.8,19.1,19.4,20.5,20.9,20.2,20.2,19.8,20.5,19.8,22,21.6,19.1,20.2,20.2,19.1,19.8,18.7,18,20.2,18.4,21.6,20.2,20.9,20.2,19.4,20.9,19.8,18.7,20.2,19.4,,,,,,22.2204,114.2127
2026-10-07T05:00,23.9,23.1,23,23.4,23.7,22.7,22.2,23.3,22.3,23.6,22.7,23.7,23.4,22.2,23.4,23,24,23.1,22.8,23,23.3,22.8,22.8,23.1,23.8,23.6,23.2,22.8,22.9,23.2,22.9,23.4,22.4,23.1,22.7,22.9,22.9,23,23.4,22.8,59,53,56,55,53,55,58,53,56,54,63,51,60,59,54,66,56,57,58,62,56,57,57,54,55,53,53,55,56,56,58,57,56,58,55,60,56,54,51,55,0,0,0,0,0,0,0,0,0,0,0,0,0,0,0,0,0,0,0,0,0,0,0,0,0,0,0,0,0,0,0,0,0,0,0,0,0,0,0,0,4.8,7.6,9.3,5,5.1,10,10.1,6.9,9.7,7,9.9,5.1,6.1,10,6.9,7.1,5.4,7.6,9.1,9.7,6.5,6.9,8.1,8.8,5.9,5.4,8.1,8.4,6.8,6.5,8.6,5.9,8.4,8.5,7.6,8.8,7.8,5.8,6.5,8,,,,,,,,,,,,,,,,,,,,,,,,,,,,,,,,,,,,,,,,,24,24,23.9,24.4,24,24,24.4,23.8,24.3,24,24.1,24.1,24,24.3,24.4,24.2,23.9,24,24.1,24,24.2,23.9,23.8,24.4,24.3,24.1,24.1,24,24,24.2,24.3,58,58,58,57,54,57,62,57,58,54,61,57,58,59,60,60,57,57,61,57,58,59,61,58,61,56,61,58,60,57,65,0,0,0,0,0,0,0,0,0,0,0,0,0,0,0,0,0,0,0,0,0,0,0,0,0,0,0,0,0,0,0,18.1,18.3,18.3,18.7,18.6,18.7,18.9,18,19.4,18.4,20.1,19.5,17.6,18.9,18.1,18.3,17.9,16.8,17.1,18.8,18.1,20.2,19.1,19.4,19.2,17.3,19.1,18.6,17.1,18.6,18.9,20.2,20.2,20.5,21.2,21.2,20.5,21.2,20.2,22,20.9,22.3,22.3,19.4,21.2,20.2,19.8,19.8,18.7,18.4,20.5,19.4,22,21.6,22,20.9,19.1,22,20.5,19.1,20.9,20.5,,,,,,22.2204,114.2127
2026-10-07T06:00,23.8,22.9,22.8,23.4,23.6,22.4,21.8,23.1,22.1,23.3,22.4,23.5,23.2,21.9,23.2,22.8,23.9,22.8,22.5,22.6,23.2,22.6,22.5,22.9,23.6,23.5,22.8,22.6,22.7,23,22.6,23.3,22.2,22.8,22.4,22.7,22.6,22.8,23.2,22.5,56,53,56,54,52,55,59,53,55,54,62,51,59,60,54,63,54,57,58,61,55,57,58,54,54,52,54,56,56,56,57,56,57,56,55,59,55,55,51,56,0,0,0,0,0,0,0,0,0,0,0,0,0,0,0,0,0,0,0,0,0,0,0,0,0,0,0,0,0,0,0,0,0,0,0,0,0,0,0,0,4.5,7.2,8.8,5.1,5.2,10,9.3,6.6,10.1,7,9.4,5.2,5.4,9.6,6.5,6.6,5.4,7.2,9.5,9.4,6.2,6.9,8,8.9,5.8,5.1,7.8,8.5,6.5,5.8,8.9,5.2,8.4,8.5,7.6,8.9,7.8,5.8,6.5,7.7,,,,,,,,,,,,,,,,,,,,,,,,,,,,,,,,,,,,,,,,,24,24,23.9,24.4,24,24,24.3,23.9,24.3,24,24.1,24.1,24.1,24.4,24.3,24.2,23.8,24,24.1,24,24.2,23.9,23.9,24.4,24.2,24.1,24.1,24.1,24,24.2,24.3,60,60,59,59,56,60,62,58,60,57,62,59,60,61,61,61,58,58,62,59,60,60,63,60,62,58,62,60,61,59,66,0,0,0,0,0,0,0,0,0,0,0,0,0,0,0,0,0,0,0,0,0,0,0,0,0,0,0,0,0,0,0,19.1,19.6,19.3,19.6,19.5,19.5,19.9,18.8,21.4,20.8,20.9,19.9,18.4,20,18.9,19.2,18.3,17.7,18.6,19.6,18.8,20.6,20.7,20.8,19.7,18.1,20.4,19.4,18.4,19.9,20.2,21.6,22,22,22.3,22,22,22.7,21.2,25.2,24.8,23.4,22.7,21.2,22.7,21.2,20.9,20.5,19.8,20.2,22.3,20.9,22.7,23.8,24.5,21.6,20.2,23.4,22.3,20.2,22.3,22.3,,,,,,22.2204,114.2127
2026-10-07T07:00,23.6,22.8,22.6,23.3,23.7,22.1,21.7,23,21.8,23.2,22.2,23.4,23.2,21.7,23.1,22.7,23.8,22.6,22.4,22.3,23.1,22.4,22.3,22.7,23.5,23.5,22.6,22.4,22.7,22.9,22.4,23.3,22.2,22.5,22.3,22.5,22.4,22.7,23.1,22.2,56,54,58,55,52,57,61,55,57,55,63,52,60,62,56,63,55,59,59,61,56,59,59,57,55,53,56,58,58,57,59,58,59,57,57,60,56,56,52,58,0,0,0,0,0,0,0,0,0,0,0,0,0,0,0,0,0,0,0,0,0,0,0,0,0,0,0,0,0,0,0,0,0,0,0,0,0,0,0,0,4.8,6.9,8.5,5.4,4.8,10.4,8.6,6.6,10.2,6.6,9.1,4.7,5.4,9.3,6.5,6.2,5.4,7.6,9.5,9,6.2,6.9,7.7,8.7,5.8,5.1,7,8,6.1,6.2,9.3,5.2,8,8.5,7.3,9.3,7.1,5.4,6.2,7.7,,,,,,,,,,,,,,,,,,,,,,,,,,,,,,,,,,,,,,,,,24.2,24,24.1,24.5,24,24,24.3,24,24.3,24.1,24.2,24.2,24.2,24.5,24.2,24.3,23.9,24.1,24.2,24.2,24.2,23.9,24.1,24.4,24.2,24.2,24.2,24.3,24.1,24.3,24.3,62,62,61,63,58,63,63,59,63,61,63,61,63,63,62,62,59,59,63,61,62,61,65,63,63,61,63,62,62,60,67,0,0,0,0,0,0,0,0,0,0,0,0,0,0,0,0,0,0,0,0,0,0,0,0,0,0,0,0,0,0,0,20.6,21.2,20.6,20.5,21,20.6,21.3,19.7,23.8,24.8,21.9,20.7,19.6,21,20,20.2,19,18.4,20.1,21,19.9,20.7,22.5,22.6,20.2,19.6,22.2,20.5,19.7,21.2,21.4,23.4,24.5,23.8,23.4,23.4,23.8,23.8,22.7,29.2,30.6,25.2,23,23.8,24.5,22.3,22.3,21.2,21.6,22.3,24.8,22.3,23.4,25.9,28.1,22.3,22.3,24.8,24.5,21.6,24.5,24.1,,,,,,22.2204,114.2127
2026-10-07T08:00,24,23.3,23,23.8,24.1,22.3,22.2,23.4,22.1,23.7,22.5,23.9,24,22.3,23.6,23,24.3,23,22.8,22.6,23.5,22.9,22.7,22.8,24,23.9,23,22.8,23.1,23.5,22.6,23.8,22.7,22.9,22.8,22.9,22.9,23.4,23.5,22.6,55,54,58,55,53,58,61,55,57,54,63,51,56,63,55,62,54,59,59,61,56,58,60,58,53,52,56,59,58,55,60,56,58,57,57,59,57,55,52,58,0,0,0,0,0,0,0,0,0,0,0,0,0,0,0,0,0,0,0,0,0,0,0,0,0,0,0,0,0,0,0,0,0,0,0,0,0,0,0,0,5.1,6.5,9.2,5.4,5.2,10.5,9.1,7,10.2,6.9,9.2,5.8,6.6,9.3,6.9,6.7,5.9,8,10.4,9.1,6.2,7.6,7.7,8.8,5.8,5.1,7.4,9.3,6.5,7,9.9,5.4,8.6,8.8,7.7,9.7,7.1,5.5,6.6,8.6,,,,,,,,,,,,,,,,,,,,,,,,,,,,,,,,,,,,,,,,,24.3,24.2,24.3,24.6,24.2,24.2,24.3,24.2,24.4,24.3,24.3,24.4,24.3,24.7,24.3,24.4,24.1,24.2,24.4,24.4,24.3,24.1,24.3,24.5,24.3,24.4,24.3,24.5,24.2,24.4,24.4,63,63,62,65,60,65,63,60,65,64,63,62,65,65,63,62,60,61,64,63,63,62,67,65,64,63,64,63,62,62,67,0,0,0,0,0,0,0,0,0,0,0,0,0,0,0,0,0,0,0,0,0,0,0,0,0,0,0,0,0,0,0,21.4,22.3,21.1,21.4,21.9,20.6,22,20.6,25.6,27.4,22.8,21.1,20.7,21.8,21,20.6,19.5,19.1,21.1,22.6,20.2,20.7,24,24.1,20.1,20.7,23.2,21.2,20.7,22.3,22.5,24.8,26.3,24.8,24.5,24.5,24.5,25.2,23.8,31.7,33.8,26.6,23.4,25.2,25.6,23.4,23,22,22.7,23.8,27,23,23.4,27.7,30.2,22.7,23.4,25.9,25.6,22.7,26.3,25.6,,,,,,22.2204,114.2127
2026-10-07T09:00,24.8,24.2,23.8,24.5,24.9,23.3,23.2,24.3,23.1,24.4,23.3,24.6,24.7,23.3,24.2,23.9,25.1,23.9,23.8,23.4,24.2,23.8,23.7,23.6,24.8,24.4,23.8,23.7,23.9,24.3,23.7,24.5,23.5,23.8,23.7,23.8,23.9,24.2,24.1,23.6,53,53,57,53,50,56,60,53,55,52,61,49,53,61,53,59,52,56,57,59,56,55,57,56,51,50,54,57,57,52,57,54,57,55,55,57,55,52,50,55,0,0,0,0,0,0,0,0,0,0,0,0,0,0,0,0,0,0,0,0,0,0,0,0,0,0,0,0,0,0,0,0,0,0,0,0,0,0,0,0,5.9,7.3,9.4,6.5,6.4,10.7,10.3,7.1,10.5,7.4,9.7,6.3,8.2,10,7,7.6,7.1,9.1,11,9.4,7.1,8.5,9.4,8.6,6.8,5.6,8.1,9.4,7.3,7.3,10.5,7.2,10.2,9.4,8.7,10.2,8.7,6.5,7,9.2,,,,,,,,,,,,,,,,,,,,,,,,,,,,,,,,,,,,,,,,,24.6,24.5,24.5,24.8,24.4,24.4,24.6,24.6,24.6,24.5,24.6,24.7,24.3,24.9,24.6,24.6,24.4,24.5,24.7,24.7,24.6,24.4,24.5,24.7,24.5,24.6,24.6,24.8,24.5,24.6,24.6,63,63,61,66,61,64,63,60,66,65,62,61,66,65,62,62,60,62,63,64,63,61,67,66,63,62,63,63,61,63,67,0,0,0,0,0,0,0,0,0,0,0,0,0,0,0,0,0,0,0,0,0,0,0,0,0,0,0,0,0,0,0,21.8,22.9,20.6,22.2,22.9,19.8,22.1,20.6,26.1,27.6,23.8,21.4,21.5,22.3,21.5,19.9,19.6,19.5,20.9,23.5,20.5,20.2,24.8,24.7,19.9,20.9,23.5,21.1,20.7,23.8,23.3,24.8,27,24.5,24.8,25.9,23,26.3,23.8,31.7,33.1,28.1,23.4,25.6,25.6,23.8,22,22.3,22.7,23.8,27.7,22.7,22.7,28.4,29.9,22.3,23.4,25.9,25.2,23,27.7,26.6,,,,,,22.2204,114.2127
2026-10-07T10:00,25.7,25.1,24.9,25.3,25.7,24.4,24.4,25.3,24.4,25.3,24.4,25.4,25.4,24.5,25,25,25.9,25,24.9,24.5,24.9,24.9,24.8,24.5,25.6,24.9,24.7,24.8,24.7,25.1,24.8,25.2,24.6,24.8,24.9,24.9,25,25,24.8,24.7,51,52,55,51,48,55,58,52,52,50,60,49,52,59,51,57,50,54,55,58,55,54,56,55,50,50,53,55,55,51,56,53,56,54,53,55,53,51,49,53,0,0,0,0,0,0,0,0,0,0,0,0,0,0,0,0,0,0,0,0,0,0,0,0,0,0,0,0,0,0,0,0,0,0,0,0,0,0,0,0,8.6,10.2,11.3,9,8.6,12.2,12.1,9.7,11.9,10.4,11.1,8.4,11.4,11.8,10,9.7,9.8,11.3,12.8,10.5,8.9,10.7,11.1,11,9.8,8.1,10.9,11.6,9.5,9.8,11.7,9,12.2,11.8,10.6,12.1,11.5,9,9,10.9,,,,,,,,,,,,,,,,,,,,,,,,,,,,,,,,,,,,,,,,,24.9,24.8,24.8,25.1,24.8,24.8,25,25,24.7,24.7,24.9,25,24.3,25.1,25,24.9,24.9,24.7,25,25.1,24.9,24.8,24.7,24.9,24.9,24.9,25,25.1,24.9,24.8,24.9,62,63,58,65,61,62,62,59,67,65,61,60,67,65,61,61,59,64,60,64,63,59,67,66,62,60,62,62,59,64,66,0,0,0,0,0,0,0,0,0,0,0,0,0,0,0,0,0,0,0,0,0,0,0,0,0,0,0,0,0,0,0,21.8,23.9,19.9,23.2,24,18.4,22.7,20.4,26.1,26.6,24.6,21.1,21.9,22.5,21.4,18.4,20.1,20,20.2,24.3,20.5,19.1,25.9,24.6,19.9,20.4,23.2,21,19.9,25.1,24.2,24.5,27,23.4,25.2,27.4,20.5,27.4,23,30.2,30.2,29.5,23,24.8,25.2,23.4,19.8,22.7,21.6,23.4,27.7,22,21.6,28.8,28.4,21.2,22.7,25.9,23.8,22.7,28.8,27,,,,,,22.2204,114.2127
2026-10-07T11:00,26.6,26,26.1,26.2,26.7,25.5,25.5,26.2,25.6,26.2,25.6,26.3,26.4,25.7,25.9,26.1,26.9,26.1,26,25.6,25.7,26,25.8,25.6,26.6,25.7,25.6,26,25.7,25.9,25.9,26,25.7,25.9,26,26.1,26.1,25.9,25.5,25.7,50,52,54,51,47,54,57,51,51,50,59,49,51,57,51,56,49,54,55,57,54,53,55,54,49,50,52,53,54,51,55,53,55,53,52,54,53,50,49,53,0,0,0,0,0,0,0,0,0,0,0,0,0,0,0,0,0,0,0,0,0,0,0,0,0,0,0,0,0,0,0,0,0,0,0,0,0,0,0,0,9.3,11.4,11.8,10,9.3,12.8,13.6,10.6,12.7,11.2,12.5,8.9,12.1,12.7,10.7,11.1,10.6,12,13.5,11.5,10.2,11.7,11.7,12,11,8.9,12,11.9,10,10.7,12.5,10,13,12.5,11.5,13,12.8,10,8.9,11.7,,,,,,,,,,,,,,,,,,,,,,,,,,,,,,,,,,,,,,,,,25.2,25.1,25,25.3,25.1,25,25.2,25.3,24.9,24.8,25.1,25.3,24.4,25.3,25.3,25.2,25.3,24.9,25.3,25.3,25.2,25.2,24.9,25.1,25.2,25.2,25.4,25.4,25.2,25,25.2,61,63,57,65,61,60,62,59,67,65,61,59,67,65,61,60,59,65,59,64,63,58,66,66,61,59,61,61,58,65,66,0,0,0,0,0,0,0,0,0,0,0,0,0,0,0,0,0,0,0,0,0,0,0,0,0,0,0,0,0,0,0,21.5,24.1,19.1,23.6,25,16.9,23.4,20.2,26.3,25.4,25.1,20.9,21.8,22.3,21.4,17.4,20.2,20.7,19.8,24.9,20.5,18.6,26.2,24.6,19.4,19.9,22.9,20.7,19.5,26.3,24.5,23.8,27,22.3,25.2,28.1,18.4,28.1,22.7,29.2,27.7,30.2,23,24.1,24.5,23.4,18.4,22.7,21.2,23,28.1,21.6,20.5,28.8,27,20.5,22,25.6,22.7,22.3,29.5,27,,,,,,22.2204,114.2127
2026-10-07T12:00,27.3,26.8,27,26.9,27.4,26.4,26.2,27,26.6,26.9,26.4,27,27.1,26.6,26.7,26.8,27.7,27,26.7,26.5,26.5,26.9,26.7,26.6,27.3,26.4,26.2,27,26.5,26.7,26.8,26.9,26.5,26.6,26.8,26.8,26.9,26.6,26.2,26.6,49,52,52,50,48,55,57,51,50,51,58,50,51,56,50,57,50,54,55,57,53,53,55,54,50,49,52,51,53,51,55,57,56,55,52,54,54,51,49,53,0,0,0,0,0,0,0,0,0,0,0,0,0,0,0,0,0,0,0,0,0,0,0,0,0,0,0,0,0,0,0,0,0,0,0,0,0,0,0,0,10,12.3,12.7,10.2,10.1,13.1,14,11.2,12.7,12,13.4,9.9,12.5,13.1,11.5,12.1,11.2,12.6,14.6,12.5,10.5,12.3,12.5,13,12.1,9.4,12.6,12.8,10.4,11.7,13.4,11.2,15,13.7,12.1,13.3,13.9,10.8,9.4,12.4,,,,,,,,,,,,,,,,,,,,,,,,,,,,,,,,,,,,,,,,,25.3,25.2,25.2,25.4,25.2,25.1,25.3,25.4,24.9,24.9,25.2,25.4,24.5,25.5,25.4,25.5,25.5,24.9,25.4,25.3,25.4,25.4,25.1,25.2,25.3,25.4,25.6,25.6,25.4,25,25.3,61,63,57,66,62,58,63,60,67,64,62,59,66,65,62,59,59,66,60,65,63,58,66,65,60,59,62,61,59,66,66,0,0,0,0,0,0,0,0,0,0,0,0,0,0,0,0,0,0,0,0,0,0,0,0,0,0,0,0,0,0,0,21.4,24.2,18.9,23.5,25.3,16.2,24.5,20.5,27.2,24.8,25.3,21,21.1,21.7,21.1,16.6,20.3,21.4,20.1,25.6,20.9,18.2,25.9,23.9,19,19.6,22.9,20.7,19.7,26.8,24.1,23.4,26.6,21.6,24.8,27.7,16.9,28.1,23,29.2,26.3,29.5,23,22.7,23.8,23.4,17.6,22.3,21.2,23,28.8,22,20.2,28.4,25.6,19.8,21.2,25.9,22.3,22,29.5,26.3,,,,,,22.2204,114.2127
2026-10-07T13:00,27.6,27.2,27.7,27.4,27.7,26.9,26.8,27.5,27.2,27.3,27.1,27.3,27.4,27.2,27.2,27.2,28.1,27.5,27.4,27.2,26.9,27.4,27.2,27.1,27.7,26.8,26.7,27.7,27,27,27.4,27.3,27.1,27.2,27.3,27.4,27.4,26.9,26.7,27.1,50,52,49,51,50,56,57,52,49,52,56,52,53,55,51,57,50,53,55,56,54,50,55,54,51,50,54,50,54,54,54,59,55,55,51,55,54,53,51,53,0,0,0,0,0,0,0,0,0,0,0,0,0,0,0,0,0,0,0,0,0,0,0,0,0,0,0,0,0,0,0,0,0,0,0,0,0,0,0,0,10.5,12.3,12.5,10.1,10.7,13.1,13.5,11.3,12.6,12,13.9,10.5,13,12.6,12.1,11.5,11.5,12.6,14.7,12.9,10.6,12.7,12.6,13.4,12.6,9.9,12.7,12.7,11.5,12,13.6,12,15,14.2,11.9,13.1,14.7,11.4,10.2,12.3,,,,,,,,,,,,,,,,,,,,,,,,,,,,,,,,,,,,,,,,,25.5,25.3,25.4,25.5,25.3,25.1,25.3,25.5,24.8,25,25.3,25.5,24.7,25.7,25.5,25.7,25.6,24.8,25.4,25.2,25.6,25.6,25.2,25.3,25.4,25.6,25.7,25.7,25.6,25,25.4,62,64,58,66,62,57,65,62,68,63,63,60,63,64,64,58,59,67,61,66,64,59,65,64,60,59,63,61,60,68,65,0,0,0,0,0,0,0,0,0,0,0,0,0,0,0,0,0,0,0,0,0,0,0,0,0,0,0,0,0,0,0,21.5,23.8,19.2,23.8,24.9,15.6,25.5,21.4,28.2,24.1,25.3,21.7,19.9,21.5,21.1,15.8,20.6,21.9,21.7,26.6,21.9,18.5,25.8,23.3,18.7,19.3,23.4,21.1,20.1,26.9,23.4,22.7,25.9,20.9,24.5,27,15.5,28.1,23.8,29.9,24.8,28.4,23,20.9,23,23,16.9,22,22,23.4,29.9,22.3,20.2,28.1,24.1,19.4,20.9,25.9,22.7,21.6,29.5,24.8,,,,,,22.2204,114.2127
2026-10-07T14:00,27.5,27.4,28,27.6,27.7,27.3,27.1,27.7,27.5,27.5,27.5,27.4,27.5,27.7,27.4,27.5,28.3,27.8,28,27.6,27.1,27.8,27.6,27.4,27.9,26.8,27.1,28.1,27.2,27.1,27.7,27.5,27.4,27.5,27.6,27.7,27.6,27,26.7,27.3,52,52,50,52,50,57,57,52,49,53,56,52,54,54,52,57,51,53,52,56,55,48,56,55,52,52,54,50,54,54,53,58,54,56,50,55,55,54,53,53,0,0,0,0,0,0,0,0,0,0,0,0,0,0,0,0,0,0,0,0,0,0,0,0,0,0,0,0,0,0,0,0,0,0,0,0,0,0,0,0,10.5,11.7,12.1,9.8,10.4,11.9,13.1,11.1,12.1,11.6,13.6,9.8,12.6,12.3,12.1,10.7,10.9,12.1,13.6,12.6,10.5,11.8,12.6,12.9,11.9,9.7,12.6,12.2,11.1,12,13.7,11.3,14.4,14.2,11.3,12.4,13.9,11,10.2,11.3,,,,,,,,,,,,,,,,,,,,,,,,,,,,,,,,,,,,,,,,,25.5,25.3,25.6,25.5,25.3,25.1,25.2,25.6,24.8,25,25.4,25.5,24.8,25.9,25.5,25.9,25.6,24.7,25.4,25.2,25.7,25.7,25.4,25.3,25.5,25.7,25.8,25.8,25.7,25,25.5,63,64,59,67,63,56,66,63,68,62,64,61,62,64,65,57,60,67,63,67,65,60,65,64,60,59,64,62,61,69,65,0,0,0,0,0,0,0,0,0,0,0,0,0,0,0,0,0,0,0,0,0,0,0,0,0,0,0,0,0,0,0,21.9,23.6,19.9,23.9,24.7,15.4,26.9,22.8,29.2,23.3,25.5,23,19.1,22,21.5,15.8,21,22.5,23.2,27.3,22.5,19.1,25.7,22.5,18.9,19.5,23.9,22,20.6,27.4,23.2,22.7,25.2,20.5,24.1,26.3,14.4,28.4,24.5,30.6,24.1,27.4,23.4,19.8,22.7,23,16.9,21.6,22.3,24.1,30.6,23,20.2,27.7,23,19.1,20.5,26.3,23,21.6,29.5,24.1,,,,,,22.2204,114.2127
2026-10-07T15:00,27.4,27.4,28.1,27.6,27.6,27.4,27.1,27.6,27.6,27.6,27.7,27.4,27.5,28,27.4,27.6,28.2,27.9,28.2,27.7,27.1,28,27.7,27.5,27.9,26.7,27.2,28.2,27.1,27.1,27.7,27.4,27.5,27.7,27.6,27.8,27.5,27.1,26.7,27.4,54,54,52,53,53,57,59,53,50,55,55,53,55,53,54,58,53,54,52,58,56,50,57,56,53,53,55,51,55,55,53,57,55,54,52,56,55,56,54,54,0,0,0,0,0,0,0,0,0,0,0,0,0,0,0,0,0,0,0,0,0,0,0,0,0,0,0,0,0,0,0,0,0,0,0,0,0,0,0,0,9.9,10.9,11.6,9.2,10,11.6,12.6,10.8,11.3,11.4,13.6,9.4,12.1,12,11.6,10.4,10.5,11.6,12.9,12.2,10,11,12.2,12.6,11.9,9.4,12.2,11.5,10.6,11.9,12.7,10.8,13.9,13.7,11,11.8,13,10.7,10,10.8,,,,,,,,,,,,,,,,,,,,,,,,,,,,,,,,,,,,,,,,,25.5,25.4,25.6,25.4,25.4,25.1,25.2,25.7,24.9,25,25.5,25.4,24.8,25.9,25.6,26,25.6,24.6,25.4,25.2,25.7,25.8,25.5,25.3,25.5,25.8,25.9,25.8,25.8,25,25.5,64,64,60,67,63,55,67,64,68,63,65,62,62,65,66,57,61,67,64,68,66,60,65,64,61,60,65,63,62,70,65,0,0,0,0,0,0,0,0,0,0,0,0,0,0,0,0,0,0,0,0,0,0,0,0,0,0,0,0,0,0,0,22.4,23.2,19.8,24.1,25.1,14.1,28.5,23.6,29.7,23.1,25.9,23.4,18.9,22.5,21.4,16.5,21.5,23.2,24.5,27.5,22.8,19.7,25.8,22.2,19.1,19.7,23.8,22.7,20.7,28.6,23.5,23,24.8,20.5,24.1,26.3,13.3,29.5,24.8,31,23.8,27.4,23.8,19.4,23,22.7,17.3,22,22.7,24.8,30.6,23.4,20.5,27.4,22.3,19.4,20.5,26.3,23.8,21.6,30.2,24.1,,,,,,22.2204,114.2127
2026-10-07T16:00,27.4,27.4,28.1,27.5,27.3,27.4,27.3,27.4,27.4,27.5,27.6,27.3,27.4,27.9,27.3,27.6,28,27.8,28.2,27.7,26.9,27.9,27.6,27.4,27.7,26.6,27.1,28.2,26.9,26.9,27.5,27.2,27.4,27.8,27.5,27.7,27.3,27,26.6,27.1,57,56,54,54,55,58,58,56,52,57,52,55,56,55,56,58,55,56,52,58,58,53,58,58,55,54,57,53,56,58,53,57,55,53,54,58,53,58,55,57,0,0,0,0,0,0,0,0,0,0,0,0,0,0,0,0,0,0,0,0,0,0,0,0,0,0,0,0,0,0,0,0,0,0,0,0,0,0,0,0,8.8,10.6,11.4,8.7,9.3,10.5,12,10.1,10.6,10.6,13.9,8.8,11.4,11.5,11.1,10,9.8,11.3,12.3,11.8,9.4,10.2,11.9,11.6,11.1,8.4,11.6,11.2,10.3,11.3,12.1,10.3,13.4,13,10,11.1,12.1,10.4,9.4,10.3,,,,,,,,,,,,,,,,,,,,,,,,,,,,,,,,,,,,,,,,,25.5,25.6,25.7,25.3,25.5,25,25.1,25.8,24.9,24.9,25.6,25.4,24.7,25.8,25.8,26,25.5,24.6,25.3,25.3,25.6,25.8,25.6,25.3,25.5,25.7,26,25.8,25.8,25,25.4,64,65,61,68,63,55,68,65,69,64,66,64,63,66,67,58,62,66,66,68,68,61,65,65,62,61,65,64,62,70,65,0,0,0,0,0,0,0,0,0,0,0,0,0,0,0,0,0,0,0,0,0,0,0,0,0,0,0,0,0,0,0,22.5,22.6,19.6,23.7,25.5,12.8,30.5,23.8,30.1,23,26,23.4,18.9,23.2,21.1,17.3,22.3,23.6,25.9,27.5,23,20.2,25.2,21.9,19.8,19.8,23.3,23.2,20.3,29.6,23.9,23.4,24.5,20.9,24.5,26.6,12.6,31.3,25.6,31.7,24.1,27.7,24.5,19.4,24.1,22.7,18.4,22.7,23.4,25.9,30.2,23.8,20.9,27.4,22,20.5,20.9,26.3,24.8,21.6,31.3,24.8,,,,,,22.2204,114.2127
2026-10-07T17:00,27.2,27.1,27.7,27.1,26.8,27.2,26.7,27,27,27.2,27.1,26.9,27.1,27.6,26.9,27,27.5,27.5,27.8,27.4,26.6,27.5,27.3,27,27.3,26.4,26.8,27.8,26.4,26.7,27,26.7,27,27.5,27.1,27.3,26.6,26.6,26.4,26.8,59,58,57,56,60,59,62,59,56,59,53,57,58,58,59,63,58,59,55,59,61,56,61,61,58,56,60,55,59,60,53,58,56,54,58,60,54,60,57,59,0,0,0,0,0,0,0,0,0,0,0,0,0,0,0,0,0,0,0,0,0,0,0,0,0,0,0,0,0,0,0,0,0,0,0,0,0,0,0,0,8.6,9.5,10.6,8,8.6,9.8,10.9,8.6,9.3,9.2,12.8,7.6,10,10,10,10,8.2,9.7,11.3,11.6,7.4,9.2,10.6,10.8,9.5,7.4,10.8,10.2,9.7,9.7,11.2,10.1,12.2,12.3,9.2,10.3,11.6,10,8.4,9,,,,,,,,,,,,,,,,,,,,,,,,,,,,,,,,,,,,,,,,,25.5,25.7,25.7,25.3,25.5,24.9,25,25.8,24.9,24.9,25.7,25.3,24.7,25.8,25.9,26,25.5,24.6,25.2,25.4,25.5,25.9,25.7,25.3,25.5,25.7,26.2,25.9,25.8,25.1,25.4,65,66,62,68,64,56,68,66,69,65,67,65,63,67,68,60,64,66,67,69,69,62,66,66,63,62,66,66,63,70,66,0,0,0,0,0,0,0,0,0,0,0,0,0,0,0,0,0,0,0,0,0,0,0,0,0,0,0,0,0,0,0,22.9,22.4,20.1,23.7,26.1,12.4,31.9,24.1,30.9,23.2,26.6,23.7,19.5,23.9,21,18.9,22.9,24.7,26.9,27.6,23.1,20.8,25.5,21.8,20.1,20,23,23.8,20.5,30.3,24.7,24.1,24.5,21.6,24.8,27.4,13,32.8,25.9,32.8,24.5,28.4,25.2,19.8,25.2,22.7,19.8,23.4,24.5,27.4,30.2,24.1,21.6,27.7,22.3,21.2,21.2,26.3,25.9,22,32,25.6,,,,,,22.2204,114.2127
2026-10-07T18:00,26.6,26.4,27.1,26.4,26,26.6,25.9,26.5,26,26.7,26.2,26.3,26.5,26.7,26.3,26.2,27,26.8,26.9,26.6,26.2,26.7,26.6,26.2,26.8,25.9,26,26.9,25.6,26,26,25.9,26.2,26.7,26.4,26.5,25.7,26,25.9,25.9,64,63,62,61,67,65,66,63,64,63,59,62,63,66,64,70,61,65,62,63,66,62,66,65,62,61,66,62,64,65,58,61,61,58,63,67,60,65,62,67,0,0,0,0,0,0,0,0,0,0,0,0,0,0,0,0,0,0,0,0,0,0,0,0,0,0,0,0,0,0,0,0,0,0,0,0,0,0,0,0,5.4,7.1,8,6,5.4,7,8.9,5.6,6.6,6.4,10.2,4.7,6,6.7,6,8,4.7,6,8,9.3,4.4,5.6,7.6,8.2,5,3.7,7.8,7.6,8.3,7.7,8.6,7.9,9.6,9.7,5.9,7.1,9.4,6,5.6,7.2,,,,,,,,,,,,,,,,,,,,,,,,,,,,,,,,,,,,,,,,,25.5,25.8,25.7,25.4,25.5,24.9,25,25.8,25,25,25.7,25.4,24.8,25.8,26,25.9,25.5,24.5,25.2,25.5,25.5,25.9,25.7,25.4,25.5,25.8,26.3,26,25.8,25.1,25.3,67,67,64,69,65,58,67,68,69,66,68,66,63,69,69,63,66,66,68,69,71,64,67,67,64,63,67,68,65,70,67,0,0,0,0,0,0,0,0,0,0,0,0,0,0,0,0,0,0,0,0,0,0,0,0,0,0,0,0,0,0,0,23.2,23.1,21.6,23.7,26.6,14.1,32.6,24.4,32.1,23.9,27.3,24.2,21,24.6,21.1,21.1,23,26.8,28,27.6,23.7,21.4,26.1,22.3,20.2,20.7,23,24.3,21.8,30.1,25.8,24.8,25.2,23.4,25.2,28.4,14.8,34.2,26.3,34.2,24.8,29.5,26.3,20.9,25.9,23.4,22,24.5,26.6,28.8,30.6,25.2,22.7,28.8,23,21.6,22,26.3,26.6,23,32.4,26.6,,,,,,22.2204,114.2127
2026-10-07T19:00,26.3,25.9,26.8,26.1,25.6,26.2,25.2,26.2,25.3,26.3,25.7,26.1,26.2,25.9,26,25.5,26.6,26.2,26.4,26.1,26,26.3,26.3,25.6,26.5,25.7,25.5,26.2,25.1,25.5,25.3,25.4,25.5,26.2,25.9,25.9,25.2,25.8,25.6,25.2,67,66,65,63,71,70,70,65,69,67,67,64,67,72,67,75,63,70,67,66,69,65,68,66,65,63,70,67,66,68,65,65,66,62,67,73,65,69,65,72,0,0,0,0,0,0,0,0,0,0,0,0,0,0,0,0,0,0,0,0,0,0,0,0,0,0,0,0,0,0,0,0,0,0,0,0,0,0,0,0,3.8,5,5.6,3.1,4,5.9,7,3.6,5.1,5.1,8.7,2.3,4,5.9,4,6.9,3.5,4.4,7,8.1,4.3,3.8,5.9,7.2,4.3,2.1,6.2,6.2,6.2,6.2,7.2,5.8,7.8,7.8,4.4,5.8,7.3,3.1,3.1,6.1,,,,,,,,,,,,,,,,,,,,,,,,,,,,,,,,,,,,,,,,,25.6,25.9,25.7,25.5,25.5,24.8,25,25.8,25,25.1,25.8,25.4,24.9,25.8,26,25.8,25.6,24.4,25.2,25.5,25.4,26,25.8,25.5,25.5,25.8,26.5,26.2,25.8,25.1,25.1,68,69,66,70,67,60,67,70,68,66,68,68,63,71,71,66,68,65,69,70,73,67,69,68,66,65,69,70,67,71,69,0,0,0,0,0,0,0,0,0,0,0,0,0,0,0,0,0,0,0,0,0,0,0,0,0,0,0,0,0,0,0,24,24.4,24.3,23.4,27.3,17.3,32.9,24.7,33.1,24.9,28,25.2,22.8,24.9,21.6,23.3,23.2,29.3,28.8,27.8,24.6,22,27.1,23.1,19.8,21.5,22.7,24.5,23.4,29.7,27.2,25.6,26.6,26.3,25.9,29.9,17.6,35.6,27,36.4,25.9,30.6,27.7,22.3,27,24.1,24.1,25.2,29.5,30.6,31,26.3,23.8,30.2,24.5,22,23,26.3,27,24.8,32.4,28.4,,,,,,22.2204,114.2127
2026-10-07T20:00,26.2,25.7,26.5,26.1,25.4,25.9,25,26.2,25.1,26.1,25.6,26.1,25.9,25.4,25.9,25.3,26.4,26.2,26.2,25.8,25.8,26.2,26,25.4,26.2,25.7,25.2,25.7,24.8,25.1,25.1,25.2,25.2,26.1,25.5,25.7,25.1,25.8,25.6,25,68,68,67,63,74,73,70,65,72,70,71,64,70,75,69,72,65,71,70,68,71,66,70,66,68,63,70,69,67,69,71,67,70,64,70,75,67,69,66,71,0,0,0,0,0,0,0,0,0,0,0,0,0,0,0,0,0,0,0,0,0,0,0,0,0,0,0,0,0,0,0,0,0,0,0,0,0,0,0,0,4.1,4.1,5.3,2.7,4.7,6,6,4.1,4.3,4.6,9.1,1.8,4.5,6.7,4.2,6.9,3.2,4.1,6.9,8.3,4.7,3.4,6.4,6.3,5.6,3.7,5.9,5.8,5.1,5.9,6.9,5,8,8.2,4.5,5.8,6.7,3.9,2.7,5.8,,,,,,,,,,,,,,,,,,,,,,,,,,,,,,,,,,,,,,,,,25.6,26,25.7,25.6,25.4,24.8,25.1,25.8,24.9,25.2,25.8,25.5,25,25.7,26,25.7,25.6,24.4,25.1,25.6,25.4,26,25.8,25.6,25.5,25.8,26.6,26.3,25.8,25.2,25,70,71,68,71,68,62,66,72,68,66,69,69,63,73,72,68,69,65,69,70,74,69,70,69,67,66,70,71,69,71,70,0,0,0,0,0,0,0,0,0,0,0,0,0,0,0,0,0,0,0,0,0,0,0,0,0,0,0,0,0,0,0,24.4,25.3,26.3,23.7,27.7,20.5,33.3,25.1,34.9,26.3,28.7,26.2,24.3,25.9,22.1,25.6,23.5,31.1,29.5,27.9,25.3,22.7,28.2,24,20.1,21.9,23.1,25,24.8,29.6,28,26.6,28.1,28.4,26.6,31,20.9,36.4,27.7,38.9,27,31.7,28.8,24.1,28.4,25.2,26.6,26.3,31.7,32,31.3,27.7,25.2,31.7,25.9,22.7,23.8,26.6,27.7,26.3,32.8,29.5,,,,,,22.2204,114.2127
2026-10-07T21:00,26.1,25.5,26.2,26.1,25,25.8,24.9,26,24.9,25.9,25.7,26,25.7,25,25.6,25.1,26.4,26,26.2,25.7,25.6,26.2,25.8,25.1,25.8,25.6,24.9,25.3,24.6,24.9,25.2,25.1,25.1,25.9,25.2,25.5,25,25.4,25.5,24.8,69,70,70,63,77,73,73,67,73,71,69,65,70,77,70,70,66,72,70,69,70,66,70,67,68,66,72,71,68,69,73,71,69,64,73,75,68,73,68,70,0,0,0,0,0,0,0,0,0,0,0,0,0,0,0,0,0,0,0,0,0,0,0,0,0,0,0,0,0,0,0,0,0,0,0,0,0,0,0,0,4.5,3.5,6.3,2.8,5.8,6.4,6.2,3.9,4.5,4.3,10.5,2.5,5.2,7,5,7.2,3.1,4.6,8.1,9,4.8,3.8,6.4,6.3,7.3,4.7,5.4,5.9,4.3,4.8,7.8,5.8,9,10,4.5,5.8,7,5,4.7,4.7,,,,,,,,,,,,,,,,,,,,,,,,,,,,,,,,,,,,,,,,,25.7,26,25.7,25.6,25.5,24.9,25.1,25.8,24.8,25.2,25.9,25.5,25.1,25.7,26,25.6,25.7,24.4,25.1,25.6,25.4,26,25.9,25.7,25.5,25.8,26.6,26.3,25.8,25.2,25.1,71,73,69,72,69,63,66,72,68,66,70,70,64,73,73,69,70,65,69,71,74,71,70,70,68,68,71,72,70,71,70,0,0.1,0,0,0,0,0,0,0,0,0,0,0,0,0.1,0,0,0,0,0,0,0.1,0,0,0,0,0,0,0,0,0,24.8,26.1,27.3,24.4,27.9,23.5,33.6,26.1,37.7,27.6,29.7,26.9,25.4,27.6,22.5,27,23.9,31.9,30.1,28.2,26.4,23.9,29.3,24.7,20.6,21.8,24.1,26.1,25.5,29.9,27.6,27.7,29.2,30.2,27.7,31.7,24.5,36.4,29.2,42.1,28.8,32.8,29.9,25.9,30.6,25.9,28.4,27,32.8,33.1,31.7,28.8,27.4,33.5,27,23.4,24.1,27.7,29.2,27.4,33.5,30.2,,,,,,22.2204,114.2127
2026-10-07T22:00,25.9,25.5,26.2,26,24.9,25.7,24.6,26,24.8,25.8,25.6,25.8,25.4,24.8,25.3,24.9,26.4,25.7,26.1,25.6,25.4,26,25.6,24.9,25.6,25.2,24.8,25.1,24.5,24.6,25.2,24.8,25.1,25.6,25.1,25.2,25.1,25.2,25.1,24.6,68,71,71,66,74,71,75,67,75,70,66,68,69,79,72,74,66,73,71,68,70,69,69,68,68,69,74,73,69,73,73,76,68,64,75,76,67,73,73,72,0,0,0,0,0,0,0,0,0,0,0,0,0,0,0,0,0,0,0,0,0,0,0,0,0,0,0,0,0,0,0,0,0,0,0,0,0,0,0,0,5.2,3.9,7.1,3.7,5.8,7.5,7.4,3.8,4.8,4.6,12.3,3.6,5.7,7,5.4,7.9,3.9,6,9.2,9.8,5.2,4.5,6.9,7.4,8.3,5.4,5.8,5.7,4,4.2,8.7,7.6,10.3,11.6,4.8,6.6,7.9,5.8,6.2,4.7,,,,,,,,,,,,,,,,,,,,,,,,,,,,,,,,,,,,,,,,,25.7,25.9,25.7,25.5,25.5,25,25.2,25.8,24.6,25.1,26,25.6,25.1,25.7,25.9,25.4,25.8,24.5,25.1,25.6,25.3,26,25.9,25.7,25.6,25.8,26.5,26.2,25.8,25.3,25.3,71,74,70,72,70,65,67,72,69,66,70,70,65,72,75,69,70,65,69,71,73,73,71,71,70,70,73,73,71,71,70,0,0.1,0,0,0,0,0,0,0,0,0,0,0,0,0.1,0,0,0,0,0,0,0.1,0,0,0,0,0,0,0,0,0,25.5,26.5,27.6,25.4,28.3,26.8,33.6,27.3,41.3,28.9,30.4,27.3,26.5,30,23.5,28.1,24.2,32.1,31,28.4,27.4,25.5,30.9,25.4,21.5,21.4,25.5,27.4,25.8,30.8,27.2,29.2,30.2,31.3,28.8,32.4,28.8,35.6,31.3,45.4,31.3,34.2,30.6,28.1,33.5,26.6,30.6,27.4,33.5,34.6,31.7,30.2,30.2,34.9,28.1,24.5,24.1,29.2,31.3,28.8,34.2,30.2,,,,,,22.2204,114.2127
2026-10-07T23:00,25.6,25.4,26.1,25.9,24.9,25.4,24.6,25.8,24.5,25.7,25.3,25.7,25.2,24.7,25.2,24.9,26.3,25.4,26,25.5,25.1,25.9,25.3,24.7,25.4,24.9,24.8,25.1,24.4,24.5,25.2,24.7,24.8,25.4,25,25.1,24.9,25.2,25,24.5,67,71,71,68,73,71,74,69,78,70,67,70,69,80,72,76,66,72,71,70,73,71,70,71,70,70,72,75,68,76,72,77,71,64,76,74,68,70,72,76,0,0,0,0,0,0,0,0,0,0,0,0,0,0,0,0,0,0,0,0,0,0,0,0,0,0,0,0,0,0,0,0,0,0,0,0,0,0,0,0,6.6,4.1,7.6,5.3,5.4,8.9,9,4.1,5.8,5,13.4,5.1,5.5,6.5,5.8,10.2,5.6,7.2,8.9,10.5,6.2,3.8,7.2,8.4,8.8,5.5,7.4,5.3,4,4.3,9.5,8.7,10.5,11.9,5.4,8.2,8.7,6.6,6.2,4.8,,,,,,,,,,,,,,,,,,,,,,,,,,,,,,,,,,,,,,,,,25.6,25.8,25.6,25.4,25.5,25,25.2,25.7,24.4,25.1,26,25.6,25.1,25.5,25.8,25.3,25.9,24.6,25.1,25.5,25.3,25.9,25.8,25.7,25.7,25.7,26.4,26.2,25.7,25.2,25.3,72,75,71,73,71,66,68,72,69,66,71,70,66,72,76,70,70,66,69,72,73,74,71,72,71,71,74,73,72,71,71,0,0.1,0,0,0,0,0,0,0,0,0,0,0,0,0.1,0,0,0,0,0,0,0.1,0,0,0,0,0,0,0,0,0,26.3,27.4,28.1,26.8,28.8,29.5,33.3,28.8,43.9,30.3,30.9,28.1,27.6,32.5,24.6,29.2,25,32.1,31.7,28.7,27.8,27.2,31.8,26.1,22.9,22.2,26.6,28.6,26.5,31.8,27,30.6,31.3,32.8,30.2,32.8,32.8,34.9,33.1,48.6,33.5,34.9,31.7,30.2,36.7,28.1,32.4,28.1,34.2,35.6,32,31,32.4,36.4,29.2,25.9,24.8,30.2,32.8,30.2,35.3,31,,,,,,22.2204,114.2127
2026-10-08T00:00,25.3,25.3,25.9,25.6,24.8,25.3,24.4,25.6,24.6,25.4,25,25.4,25,24.6,25.1,24.9,25.9,25.3,25.8,25.2,25,25.8,24.9,24.7,25.4,24.7,24.8,25,24.4,24.5,25,24.7,24.6,25.1,25,25,24.7,24.9,24.9,24.5,70,69,70,70,74,69,76,69,77,71,69,72,71,82,74,75,67,72,71,73,75,72,73,73,70,72,72,76,68,75,71,77,72,67,75,74,68,73,72,78,0,0,0,0,0,0,0,0,0,0,0,0,0,0,0,0,0,0,0,0,0,0,0,0,0,0,0,0,0,0,0,0,0,0,0,0,0,0,0,0,7.1,5.6,7.4,5.5,5.9,10,9.7,4.3,7.2,6.1,13.6,4.5,6.3,7.2,6.5,11,6.3,9,8.9,10.8,7.3,4.4,7.5,9.3,8.7,4.8,8.5,5.7,4,6.2,10,9.5,10.8,11.2,6.2,9.3,9.8,7.8,6.4,5.9,,,,,,,,,,,,,,,,,,,,,,,,,,,,,,,,,,,,,,,,,25.5,25.8,25.5,25.3,25.4,24.9,25.1,25.6,24.2,25,25.9,25.5,25,25.2,25.8,25.2,25.8,24.5,24.9,25.4,25.2,25.9,25.7,25.6,25.6,25.6,26.3,26.1,25.6,25.1,25.2,73,76,72,74,72,68,69,73,68,67,72,71,68,73,76,71,71,67,70,73,74,75,72,73,72,72,75,74,74,72,73,0,0,0,0,0,0,0,0,0,0,0,0,0,0,0.2,0,0,0,0,0.1,0,0.1,0,0,0,0,0,0,0.1,0,0.1,27.9,28.4,29.5,28.4,29.5,32,32.7,30.6,45.5,31.7,30.9,29,29.2,35.5,27,31,26.3,32.2,32.9,29.2,27.6,28.7,32.1,27.1,25.3,24.6,27,29.4,28.4,33,28,32.4,32.4,34.2,32,33.1,36.4,34.9,34.9,51.5,35.6,35.3,32.8,32,40.3,30.6,34.9,29.2,34.9,37.1,32.4,31,34.2,36.7,30.6,28.4,27.4,30.6,33.8,32.4,37.1,32.4,,,,,,22.2204,114.2127
2026-10-08T01:00,25.1,25.1,25.6,25.4,24.6,25,24.2,25.2,24.7,25.2,24.8,25.3,24.8,24.9,24.9,24.8,25.4,25.1,25.6,25,25,25.6,24.6,24.7,25.2,24.6,24.5,25.1,24.3,24.4,24.7,24.5,24.3,24.9,24.8,24.8,24.4,24.8,24.8,24.5,70,70,72,70,76,73,77,71,75,72,71,71,74,80,74,76,70,72,72,76,75,74,75,75,70,74,74,77,70,75,75,78,75,69,76,75,70,75,74,77,0,0,0,0,0,0,0,0,0,0,0,0,0,0,0,0,0,0,0,0,0,0,0,0,0,0,0,0,0,0,0,0,0,0,0,0,0,0,0,0,6.8,6.8,9.2,6.3,7,10.4,9.7,4.8,8.7,7.3,13.9,4.6,6.3,9.5,7.1,11.1,6.8,10,10,11.8,8,4.6,8.8,10.1,9.1,5,8.7,6.4,4,7.1,10.1,10,11.4,12,7.2,10.2,10.1,9.1,6.9,6.8,,,,,,,,,,,,,,,,,,,,,,,,,,,,,,,,,,,,,,,,,25.4,25.7,25.3,25.1,25.2,24.8,25,25.5,23.9,24.9,25.8,25.4,24.9,24.8,25.7,25,25.6,24.4,24.8,25.3,25.2,25.8,25.6,25.5,25.5,25.3,26.1,25.9,25.4,24.9,24.9,74,76,74,75,74,71,71,74,67,69,73,71,71,75,76,72,73,69,71,75,74,75,73,74,72,72,75,74,76,72,75,0,0,0,0,0,0,0,0,0,0,0,0,0,0,0.2,0,0,0,0,0.1,0,0.1,0,0,0,0,0,0,0.1,0,0.1,29.6,29.3,31.6,30.4,30.2,34.7,32.3,32.4,46.4,32.8,30.6,30,30.8,38.8,30.2,32.7,27.6,32,34.2,29.4,26.8,30.4,32.6,28.3,28.2,27.6,27.2,30.5,30.7,34.7,29.3,34.2,33.5,35.6,34.2,33.5,39.6,34.9,37.1,54,37.4,34.9,33.8,34.2,44.3,33.8,37.4,31,35.6,38.9,33.1,30.2,35.6,37.1,31.7,31.3,30.2,31,34.9,34.9,38.9,33.8,,,,,,22.2204,114.2127
2026-10-08T02:00,24.9,24.9,25.5,25.1,24.5,24.7,24,24.9,24.6,25,24.5,25.3,24.6,24.9,24.7,24.5,25.2,24.9,25.4,24.7,24.9,25.5,24.5,24.6,25,24.5,24.3,25.1,24.3,24.3,24.5,24.2,24.3,24.7,24.8,24.6,24.2,24.7,24.6,24.6,69,72,71,71,79,76,78,72,76,73,69,72,74,77,74,77,70,71,70,77,73,74,75,75,71,75,76,77,70,74,77,81,75,69,74,77,71,76,76,75,0,0,0,0,0,0,0,0,0,0,0,0,0,0,0,0,0,0,0,0,0,0,0,0,0,0,0,0,0,0,0,0,0,0,0,0,0,0,0,0,6.8,7.5,9.4,6.8,7.9,11.7,10.2,5.6,9.9,8.5,14,5,6.3,11,7.4,11.8,7,10.1,10.9,12.8,8.2,4.8,9.6,10.5,10,5.8,9.4,7.8,3.8,7.7,10.4,10,12.2,12.2,8.6,11.1,10.5,9.8,7.5,7.6,,,,,,,,,,,,,,,,,,,,,,,,,,,,,,,,,,,,,,,,,25.2,25.5,25.1,25,25,24.6,24.9,25.4,23.6,24.8,25.7,25.3,24.7,24.5,25.6,24.9,25.4,24.3,24.6,25.1,25.2,25.7,25.4,25.3,25.4,25.1,26,25.8,25.2,24.7,24.7,75,76,74,76,75,73,72,75,66,70,73,72,73,76,76,73,74,70,71,76,75,75,74,75,73,72,75,74,77,73,76,0,0,0,0,0,0,0,0,0,0,0,0,0,0,0.2,0,0,0,0,0.1,0,0.1,0,0,0,0,0,0,0.1,0,0.1,31.1,30,32.8,32.1,30.3,36.3,31.6,33.6,46.6,33.7,30.5,31.2,32.1,41.2,32.6,33.9,28.6,31.7,35.6,30,26.8,31.8,32.5,29.2,30.4,30.4,27.5,30.9,32.4,36,30.9,35.6,33.8,36.7,36,33.5,42.1,34.9,38.2,55.4,38.9,34.6,34.9,35.6,47.5,36.4,39.2,32,36,40.3,33.8,30.2,36.4,37.1,32.8,33.8,33.1,31,35.3,36.7,40.7,35.3,,,,,,22.2204,114.2127
2026-10-08T03:00,24.6,24.7,25.3,25,24.4,24.4,23.9,24.6,24.2,24.8,24.3,25.1,24.5,24.7,24.5,24.2,25.1,24.7,25.2,24.4,24.6,25.3,24.3,24.4,24.9,24.4,24.2,25,24.2,24.2,24.3,24.1,24.2,24.5,24.5,24.4,24,24.4,24.4,24.4,68,73,70,70,79,77,78,72,80,72,67,73,74,75,72,78,69,70,69,77,75,74,73,74,69,74,76,75,72,73,76,81,73,66,73,77,71,77,74,76,0,0,0,0,0,0,0,0,0,0,0,0,0,0,0,0,0,0,0,0,0,0,0,0,0,0,0,0,0,0,0,0,0,0,0,0,0,0,0,0,6.6,7.7,9.7,6.6,8.4,12.5,10.5,6.4,10.3,9.2,13.8,5.8,6.4,11.8,7.5,11.5,6.9,10,11.4,13.5,8.9,5.5,10,10.8,9.8,6.6,9.9,9.1,4.2,7.9,11.3,10.8,13.1,12.5,9,10.9,10.8,10,7.4,8.6,,,,,,,,,,,,,,,,,,,,,,,,,,,,,,,,,,,,,,,,,25,25.3,24.8,24.8,24.9,24.4,24.7,25.1,23.5,24.7,25.4,25.1,24.5,24.3,25.3,24.9,25.2,24.3,24.4,25,25.1,25.4,25.2,25.1,25.2,24.9,25.8,25.5,25,24.5,24.7,75,76,73,76,75,74,74,75,64,70,72,72,74,75,76,72,74,70,70,77,75,75,74,75,74,72,75,73,77,73,76,0,0,0,0,0,0,0,0,0,0,0,0,0,0,0,0,0,0,0,0.3,0.1,0,0,0,0,0,0,0,0,0,0.1,32.4,30.1,33,33.8,29.6,37.5,30.9,34.1,46.3,34.1,29.5,31.8,33.1,42.4,34.2,33.7,29.4,31.8,36.8,31,27.7,32.2,32.7,29.8,31.8,32.3,27.3,30.5,33.6,37,32.4,36.7,33.5,36.7,37.8,33.1,43.2,34.6,38.5,54.4,39.2,33.1,35.6,36.7,49.7,38.2,39.2,32.8,36.4,41.4,35.3,31,36.7,37.4,33.5,35.3,35.3,31,34.9,37.8,42.1,36.7,,,,,,22.2204,114.2127
2026-10-08T04:00,24.4,24.5,25.3,24.8,24.3,24.1,23.8,24.4,24,24.5,24,25,24.3,24.6,24.4,23.9,24.9,24.7,25.1,24.1,24.2,25.2,24,24.2,24.7,24.3,24,24.9,24.2,24.2,24.1,24.1,24,24.4,24.3,24.3,23.8,24.1,24.2,24.3,66,73,68,68,77,73,77,71,76,71,68,74,73,73,68,77,67,68,68,75,75,73,71,73,64,73,75,74,74,71,74,79,71,64,71,74,69,79,72,77,0,0,0,0,0,0,0,0,0,0,0,0,0,0,0,0,0,0,0,0,0,0,0,0,0,0,0,0,0,0,0,0,0,0,0,0,0,0,0,0,6.6,8.1,10,6.9,8.7,12.7,11.1,6.7,10,8.7,13.2,6.3,6.6,12.1,7.1,10.9,7.1,9.9,11.6,13,9,5.3,9.4,10.9,9.9,6.6,9.6,9.4,4.6,7.7,11.4,11.3,13.3,12.2,8.7,11.1,10.4,10.1,6.4,9.5,,,,,,,,,,,,,,,,,,,,,,,,,,,,,,,,,,,,,,,,,24.8,24.9,24.6,24.6,24.7,24.1,24.6,24.9,23.5,24.6,25.1,24.9,24.3,24.1,25,24.9,25,24.2,24.3,24.9,25,25.2,25,24.8,24.9,24.7,25.7,25.3,24.8,24.3,24.7,75,76,71,76,74,73,75,76,63,70,71,73,74,74,76,71,75,70,69,78,76,74,73,75,74,71,74,72,76,73,74,0,0,0,0,0,0,0,0,0,0,0,0,0,0,0,0,0,0,0,0.3,0.1,0,0,0,0,0,0,0,0,0,0.1,33.4,29.7,32.7,35.1,28.8,37.8,30.2,33.5,45.3,33.8,28.2,32.4,33.4,43,35.5,32.7,30.1,31.7,37.6,32.4,29.3,32.2,32.7,30.1,32.8,33.5,27.1,30.1,34.3,37.8,33.8,37.4,33.1,36.4,39.2,32,43.6,33.8,38.2,52.2,39.2,31.3,36,37.8,51.1,39.2,37.8,33.5,36.4,42.1,36.7,32.4,36.4,37.8,33.8,36,36.7,31,33.8,38.5,43.2,37.8,,,,,,22.2204,114.2127
2026-10-08T05:00,24.4,24.4,25.2,24.5,24,23.9,23.7,24.2,23.8,24.3,23.9,24.8,24.2,24.5,24.2,23.6,24.7,24.7,25,24.1,24,25.1,23.8,24,24.6,24.1,23.8,24.8,24.2,24.1,24,23.9,23.7,24.3,24.2,24.2,23.7,24,24.1,24,65,72,68,67,77,67,74,71,73,69,66,73,72,72,66,74,65,67,67,71,71,71,68,69,62,73,74,73,74,69,72,77,68,63,69,72,66,77,69,77,0,0,0,0,0,0,0,0,0,0,0,0,0,0,0,0,0,0,0,0,0,0,0,0,0,0,0,0,0,0,0,0,0,0,0,0,0,0,0,0,5.9,8.7,9.7,7.1,8.4,11.5,11,7.2,9.7,7.7,12.9,6.2,6.4,12.1,6.4,10.5,7.1,8.9,12,12.7,8.9,5.2,9.2,10.5,9.3,6.1,9.7,10.8,4.8,7.9,11.4,11.1,12.4,12.3,8.2,10.8,10.6,9.5,5.4,9.8,,,,,,,,,,,,,,,,,,,,,,,,,,,,,,,,,,,,,,,,,24.6,24.7,24.4,24.4,24.6,24,24.5,24.7,23.5,24.6,24.9,24.7,24.2,24,24.7,24.9,24.8,24.2,24.2,24.8,24.9,25,24.8,24.6,24.7,24.5,25.5,25.1,24.6,24.2,24.7,74,75,70,75,73,72,76,75,61,70,70,72,73,72,75,69,74,70,68,78,75,73,72,74,74,70,73,71,74,72,73,0,0,0,0,0,0,0,0,0,0,0,0,0,0,0,0,0,0,0,0.3,0.1,0,0,0,0,0,0,0,0,0,0.1,33.8,29.5,31.7,36,27.9,37.8,29.7,33.2,44.4,33.7,27.2,32.7,33.9,43.2,36.3,32,30.6,31.8,37.9,33.7,30.2,32.2,32.6,30.5,33.2,34.2,26.4,29.1,34.8,38.2,34.5,37.8,32.4,35.3,40.7,31,43.2,33.5,37.4,50,38.5,30.6,36.4,38.5,51.5,40.3,36.7,33.8,36.4,42.5,38.2,33.1,36,37.8,33.8,36.7,37.8,30.6,33.5,38.9,43.9,38.5,,,,,,22.2204,114.2127
2026-10-08T06:00,24.4,24.3,25.1,24.4,23.8,23.7,23.6,24.1,23.7,24.1,23.9,24.5,24.1,24.3,24.1,23.5,24.5,24.6,24.9,24,23.8,25,23.5,23.7,24.5,23.8,23.7,24.5,24.1,24.1,23.8,23.7,23.5,24.3,24.1,24.2,23.5,23.8,23.9,23.7,66,71,68,66,77,65,70,68,67,69,63,72,72,72,65,70,64,67,67,69,68,69,68,67,60,73,72,72,75,67,69,77,68,61,67,69,64,74,67,75,0,0,0,0,0,0,0,0,0,0,0,0,0,0,0,0,0,0,0,0,0,0,0,0,0,0,0,0,0,0,0,0,0,0,0,0,0,0,0,0,5.9,9.2,8.9,6.9,8,10.7,10.9,7.2,9.2,6.8,13.3,5.6,6.7,12,6.2,10.7,6.4,9.7,12,13,7.7,5.6,9.3,10.7,9.2,5.7,9.7,10.2,5.5,8.1,11.4,10.8,12.5,12.5,8.2,10.5,10.8,8.5,5.2,9.3,,,,,,,,,,,,,,,,,,,,,,,,,,,,,,,,,,,,,,,,,24.6,24.7,24.4,24.3,24.4,23.9,24.6,24.6,23.5,24.5,24.9,24.6,24.2,24.1,24.6,24.8,24.7,24.2,24.2,24.8,24.8,24.9,24.7,24.5,24.6,24.5,25.4,25,24.5,24.2,24.6,72,73,69,72,72,70,74,73,60,69,69,70,72,71,72,67,73,69,67,76,73,71,70,73,72,68,72,70,71,70,71,0,0,0,0,0,0,0.1,0,0,0,0,0,0,0,0,0,0,0,0,0.1,0,0,0,0,0,0,0,0,0,0,0,33.5,29,30.1,36.3,26.7,36.9,30.2,32.5,43.9,33.3,26.9,33,34.6,43,37.1,32,31.1,31.9,37.6,34.5,30.3,31.7,31.8,30.1,33.6,34,25.2,28.2,34.8,38.1,34.3,37.4,32,33.5,41.8,29.5,41.8,33.8,36.7,49.3,37.8,31.3,37.1,38.9,51.1,41.4,36,34.6,36.4,42.5,38.9,33.1,35.3,37.4,33.5,37.8,38.2,29.9,33.8,39.2,43.9,38.5,,,,,,22.2204,114.2127
2026-10-08T07:00,24.5,24.5,25.1,24.4,23.8,23.5,23.5,24.1,23.5,24,23.9,24.5,24.1,24.2,24.1,23.4,24.5,24.6,24.8,24,23.7,24.9,23.5,23.6,24.4,23.8,23.6,24.3,24.2,24.1,23.7,23.6,23.5,24.3,24.1,24.3,23.3,23.7,23.9,23.5,67,70,68,64,76,64,70,66,67,70,63,71,71,74,65,68,64,68,67,69,65,69,71,66,59,73,71,73,74,66,68,76,69,61,66,68,65,72,67,71,0,0,0,0,0,0,0,0,0,0,0,0,0,0,0,0,0,0,0,0,0,0,0,0,0,0,0,0,0,0,0,0,0,0,0,0,0,0,0,0,6.2,10.5,8.9,6.9,8.4,11.2,10.8,7.9,8.9,7.1,13,4.6,6.7,11.5,5.6,10.7,6.1,10.2,11.7,12.8,7.4,5.5,9.8,11.2,8.9,5.2,9.2,10.4,5.5,7.9,11.3,11.2,12.8,12,8,10.5,10.6,8,4.9,8.7,,,,,,,,,,,,,,,,,,,,,,,,,,,,,,,,,,,,,,,,,24.6,24.7,24.4,24.3,24.3,24,24.7,24.6,23.6,24.5,25.1,24.6,24.2,24.2,24.6,24.7,24.6,24.4,24.3,24.8,24.8,25,24.7,24.5,24.5,24.6,25.3,25.1,24.5,24.3,24.6,70,70,69,69,70,67,72,70,59,67,67,68,70,70,67,65,71,67,67,74,70,69,68,72,69,65,71,68,68,67,70,0,0,0,0,0,0,0.1,0,0,0,0,0,0,0,0,0,0,0,0,0.1,0,0,0,0,0,0,0,0,0,0,0,32.4,28.2,28,36.3,25.4,34.8,30.6,31.6,43.9,32.8,27.2,33.3,35.2,42.2,37.5,32.2,31.2,31.8,36.9,34.9,29.7,30.9,30.9,29.3,33.8,32.8,23.5,27.1,34.7,37.2,33.5,36.7,32,31,42.1,27.7,40,33.8,36,48.6,36.7,33.1,37.4,39.2,49.7,42.1,35.3,34.9,36,41.8,39.6,32.8,34.6,37.1,32.8,38.5,37.8,28.4,34.6,39.2,43.2,37.4,,,,,,22.2204,114.2127
2026-10-08T08:00,25,25,25.3,24.9,24.4,23.7,24,24.6,24.1,24.7,23.9,25.1,24.8,24.3,24.9,23.7,25,24.6,24.8,24.3,24.3,25.1,24,24,24.5,24.5,24.1,24.3,24.7,24.6,24.1,24.1,23.9,24.3,24.5,24.5,23.8,24.2,24.7,24,67,68,69,62,72,64,69,63,66,68,63,66,68,74,62,66,64,69,68,68,63,67,71,65,58,69,68,73,71,66,65,73,67,60,65,68,63,69,64,67,0,0,0,0,0,0,0,0,0,0,0,0,0,0,0,0,0,0,0,0,0,0,0,0,0,0,0,0,0,0,0,0,0,0,0,0,0,0,0,0,6.7,11.7,8.7,7.7,9.8,11.2,11.8,8.4,9.4,8.2,12.8,4.8,7.6,12.2,6.9,10.7,7.1,9.4,11.5,13.8,7.4,6,11,12.3,8.4,5.7,9.7,10.7,6.1,8.4,12.3,12.2,13.6,11.5,8.7,11,11.7,8,5.4,8.7,,,,,,,,,,,,,,,,,,,,,,,,,,,,,,,,,,,,,,,,,24.7,24.9,24.5,24.3,24.4,24.1,24.8,24.7,23.7,24.5,25.2,24.5,24.3,24.3,24.6,24.7,24.6,24.5,24.4,24.8,24.8,25.2,24.8,24.6,24.5,24.8,25.3,25.2,24.5,24.4,24.6,68,68,68,66,69,64,69,68,59,66,66,66,68,69,64,64,69,66,66,71,67,67,66,71,67,63,69,67,65,65,68,0,0,0,0,0,0,0.1,0,0,0,0,0,0,0,0,0,0,0,0,0.1,0,0,0,0,0,0,0,0,0,0,0,31.1,27.6,26.6,36.3,24.1,32.7,30.2,30.4,43.1,31.9,27.6,33.2,35.1,41,37.5,31.7,31.2,31.2,36,35.3,28.6,29.7,30,28.7,33.4,31.7,22.8,26.6,34.4,36.7,32.4,35.6,31.7,28.8,42.5,26.3,37.4,33.5,35.3,47.9,35.3,34.6,37.4,38.9,47.9,42.1,33.8,34.9,35.3,40.3,39.6,31.3,33.5,36.4,32,38.2,36.4,27.7,34.9,39.2,42.1,36,,,,,,22.2204,114.2127
2026-10-08T09:00,25.6,25.9,25.5,25.8,25.2,24.4,24.9,25.3,25,25.5,24.1,25.9,25.6,24.9,25.8,24.1,26,24.7,25.2,24.4,25.2,25.4,25.1,24.9,25,25.4,25,24.7,25.5,25.4,25,24.9,24.3,24.7,25.3,24.8,24.6,25.2,25.5,24.9,64,65,68,58,64,62,64,62,61,66,64,60,62,71,59,64,61,69,67,68,58,65,65,60,57,62,61,72,67,63,59,69,66,60,60,68,57,62,61,61,0,0,0,0,0,0,0,0,0,0,0,0,0,0,0,0,0,0,0,0,0,0,0,0,0,0,0,0,0,0,0,0,0,0,0,0,0,0,0,0,8,13.7,8.4,10.6,12.6,12.2,14.1,10.5,11.7,10.8,12.7,7.8,11.8,13,11,10,10.5,8.7,12.3,14.4,10.2,6,14.5,14.5,9.2,9,12.3,10.8,8.7,11.1,13.7,14.1,14.5,12,11.9,11.9,13.5,10.4,8.7,11.3,,,,,,,,,,,,,,,,,,,,,,,,,,,,,,,,,,,,,,,,,24.9,25.2,24.7,24.4,24.6,24.4,24.9,25,23.8,24.6,25.4,24.6,24.5,24.5,24.7,24.8,24.7,24.6,24.6,24.9,24.9,25.4,25,24.9,24.7,24.9,25.7,25.4,24.6,24.4,24.7,66,66,67,64,67,62,67,66,59,65,65,64,65,69,63,63,67,65,65,69,66,65,65,69,66,62,67,66,63,63,66,0,0,0,0,0,0,0,0,0,0,0,0,0,0,0,0,0,0,0,0,0,0,0,0,0,0,0,0,0,0,0,29.6,26.9,25.9,36.6,23,29.7,28.5,29.5,42.3,29.9,29.1,32.4,34.1,39.5,37.1,30,30.4,29.8,34.2,35.2,26.6,28.3,30,27.7,32.2,30.3,22.8,26.5,34.4,36.2,30.3,33.8,31.3,27.7,42.1,24.8,34.2,31.3,34.6,46.4,32.8,36,36,37.4,45.7,41.4,31.7,33.5,33.1,37.8,39.6,28.8,32.4,35.6,31,36,33.8,27.4,33.8,38.9,41,33.1,,,,,,22.2204,114.2127
2026-10-08T10:00,26.3,26.6,25.9,26.7,26,25.2,25.9,26.2,25.9,26.2,24.7,26.7,26.3,25.3,26.7,24.9,26.8,25.2,25.7,24.9,26.1,26,26,25.8,25.4,26.2,26,25.7,26.4,26.1,26,25.7,24.8,25.3,26.3,25.1,25.4,26.1,26.4,25.9,60,62,67,53,58,59,59,58,56,62,62,55,57,68,52,61,54,68,64,67,52,63,59,56,55,56,55,67,60,58,54,65,65,57,53,65,53,56,57,53,0,0,0,0,0,0,0,0,0,0,0,0,0,0,0,0,0,0,0,0,0,0,0,0,0,0,0,0,0,0,0,0,0,0,0,0,0,0,0,0,11.1,14.2,9.9,12.7,13.8,13.6,16,12.8,13.6,12.5,14.5,10,13.4,13,15,11.2,13.6,9.7,13,14.5,12.5,7.7,16.9,16.8,10.9,11.3,14.2,13.2,11.5,14.7,15.8,14.7,15,13.4,14.5,13.6,15,12.7,12,13.5,,,,,,,,,,,,,,,,,,,,,,,,,,,,,,,,,,,,,,,,,25.1,25.5,25,24.6,25,24.8,25,25.4,24,24.8,25.7,24.6,24.6,24.7,24.8,24.9,25,24.7,24.8,25,25.1,25.8,25.3,25.2,25,25.1,26.1,25.8,24.8,24.5,24.9,64,64,67,62,66,60,65,65,59,63,65,62,61,68,62,62,65,64,65,67,65,63,64,68,65,61,64,65,62,60,64,0,0,0,0,0,0,0,0,0,0,0,0,0,0,0,0,0,0,0,0,0,0,0,0,0,0,0,0,0,0,0,27.9,25.8,25.5,36.4,21.9,26.6,26.1,29,41.4,27.6,31.2,31,32.2,37.7,36.1,28,29.3,28.3,31.9,34.6,23.8,27.2,30.1,26.9,30.4,28.4,23.2,27,34.6,35.4,27.7,31.7,30.6,26.6,41.8,23.4,31,28.4,33.5,45,29.5,37.1,34.2,35.6,43.2,40,28.8,31.7,30.6,34.6,38.9,25.2,31.7,35.3,29.5,33.1,30.6,27.4,32,38.5,39.2,29.5,,,,,,22.2204,114.2127
2026-10-08T11:00,26.9,27,26.3,27.3,26.7,25.9,26.6,27.1,26.6,26.7,24.9,27.4,26.9,25.4,27.4,25.9,27.5,25.9,25.9,25.2,26.8,26.8,26.7,26.5,26.1,26.9,26.7,26.3,27,26.6,26.7,26.5,25.6,25.7,27,25.7,26,26.8,27.2,26.8,56,61,66,50,53,56,56,54,52,59,63,50,54,69,49,55,51,64,63,67,50,61,57,54,51,51,51,65,55,57,52,63,63,55,51,63,51,51,51,47,0,0,0,0,0,0,0,0,0,0,0,0,0,0,0,0,0,0,0,0,0,0,0,0,0,0,0,0,0,0,0,0,0,0,0,0,0,0,0,0,12.1,14.8,10.9,12.9,14.1,13.6,17.1,14.8,14.2,13.3,14.7,11.5,14.6,12.7,16.4,13.5,13.9,11.2,13.4,13,13.1,10.2,16.8,18.2,14.3,12.3,15.3,13.4,12.6,15.5,16.1,14.8,15.3,14,14.8,14.8,15.5,14,13.4,13.9,,,,,,,,,,,,,,,,,,,,,,,,,,,,,,,,,,,,,,,,,25.3,25.9,25.2,24.7,25.4,25.1,25.1,25.7,24.1,24.9,25.9,24.7,24.8,24.9,25,25,25.2,24.9,25,25.1,25.3,26.1,25.5,25.5,25.2,25.3,26.5,26,24.9,24.6,25.1,63,63,66,61,64,59,63,64,59,62,65,60,59,68,62,62,64,63,64,66,64,62,63,66,64,61,62,65,62,59,63,0,0,0,0,0,0,0,0,0,0,0,0,0,0,0,0,0,0,0,0,0,0,0,0,0,0,0,0,0,0,0,26.6,25.5,25.4,36.1,21,24,24,28.2,40.4,25.9,32.7,29.8,30.4,35.7,35,26.1,27.9,26.7,30,33.6,21.6,25.8,30.1,26.1,28.7,26.2,23.4,27.1,34.3,34.5,25.3,29.9,29.9,26.3,40.7,22.7,28.1,25.6,32.4,43.6,27,37.4,32.4,33.5,40.7,38.2,26.6,29.9,28.1,31.7,37.8,22.3,30.6,34.2,28.4,30.2,27.4,27.4,31,37.4,37.8,26.3,,,,,,22.2204,114.2127
2026-10-08T12:00,27.5,27,26.8,27.8,27.3,26.5,27.3,27.6,27.4,27.4,25.4,27.8,27.4,25.6,27.9,26.5,28.2,26,26.4,25,27.4,27.5,27.5,27,26.7,27.2,27.4,26.4,27.4,27,27.4,27.1,26.2,26,27.5,26.3,26.5,27.3,27.6,27.4,54,61,64,47,49,56,53,52,51,57,63,49,51,70,49,52,49,64,62,70,50,58,55,54,50,49,49,66,53,56,49,61,63,55,51,61,51,50,50,45,0,0,0,0,0,0,0,0,0,0,0,0,0,0,0,0,0,0,0,0.2,0,0,0,0,0,0,0,0,0,0,0,0,0,0,0,0,0,0,0,0,11.4,13.2,12.2,13.1,13.9,13.4,17.7,15,13.6,14,14.2,12.2,14.9,12.6,15.9,14,13.6,11.6,12.6,10.8,12.4,11.2,16.6,17.4,14.8,12.5,15.2,13.2,12.6,15.5,16,14.5,14.8,13.3,14.5,15.3,15.1,14,13.5,13.8,,,,,,,,,,,,,,,,,,,,,,,,,,,,,,,,,,,,,,,,,25.5,26.1,25.5,24.8,25.7,25.3,25.4,25.9,24.2,25,26,24.7,24.8,25.2,25.1,25.1,25.3,25.1,25.1,25.2,25.6,26.3,25.7,25.8,25.4,25.6,26.7,26.1,25,24.7,25.3,62,62,65,61,62,58,62,64,58,61,66,59,59,67,62,62,63,63,63,66,64,61,63,65,63,60,62,66,62,59,63,0,0,0,0,0,0,0,0,0,0,0,0,0,0,0,0,0,0,0,0,0,0,0,0,0,0,0,0,0,0,0,25.8,24.9,25.2,35.3,20.6,22.7,21.4,27.2,39.2,24.5,32.1,29.3,28.5,34,33.7,24.9,26.4,24.6,28.3,31.9,20.1,25.1,29,25.4,26.9,23,23.2,27.2,33.1,33.2,23.3,28.8,29.2,26.3,39.2,22.3,26.6,22.7,31,42.1,25.6,36.4,31.3,31,38.2,36.4,25.2,28.1,25.9,29.2,35.6,20.5,29.5,32.8,27.4,28.4,23.8,27.4,30.6,35.3,36.4,24.1,,,,,,22.2204,114.2127
2026-10-08T13:00,27.8,27.5,26.7,28.1,27.7,26.9,27.8,28,28,27.8,25.9,28.1,27.7,26.1,28.3,26.8,28.3,26.4,26.9,25.3,27.9,27.9,27.8,27,27.1,27.4,27.8,25.8,27.6,27.4,27.9,27.5,26.8,26.4,28,26.5,27.1,27.6,28,27.9,54,60,66,48,48,56,52,51,49,57,62,49,50,70,49,52,50,64,61,72,52,57,55,56,50,49,48,73,55,55,49,60,62,54,50,61,51,51,48,45,0,0,0,0,0,0,0,0,0,0,0,0,0,0,0,0,0,0,0,0.1,0,0,0,0,0,0,0,0.6,0,0,0,0,0,0,0,0,0,0,0,0,11,13.4,11.8,12.5,13.1,13.2,17.1,14.2,13.2,13.9,14.2,12.1,14.6,12.2,15.1,13.7,12.7,11.4,12.5,10.5,12.2,11.6,16.3,15.5,14.5,12.1,14.8,11.2,12,14.8,15.7,13.5,15.3,13.3,14.6,15.1,15.5,13.8,13.2,13.2,,,,,,,,,,,,,,,,,,,,,,,,,,,,,,,,,,,,,,,,,25.7,26.3,25.7,24.9,25.9,25.6,25.6,26.1,24.2,25.1,26,24.8,24.9,25.4,25.2,25.1,25.5,25.3,25.2,25.3,25.8,26.5,25.8,26.1,25.6,26,26.7,26.2,25,24.8,25.5,63,62,64,61,61,58,61,64,57,61,68,59,60,66,63,62,62,63,63,67,64,61,63,64,63,60,63,67,62,60,63,0,0,0,0,0,0,0,0,0,0,0,0,0,0,0,0,0,0,0,0,0,0,0,0,0,0,0,0,0,0,0,25.3,25,25.3,34.1,21.3,22.9,19.2,26.4,38,23.9,31.2,29.4,26.9,32,32,24.6,25.6,22.9,26.4,30.1,19.2,25,27.4,24.6,25.5,19.7,23.4,27.4,31.2,31.9,21.9,27.7,28.1,26.3,37.4,22.7,25.9,19.8,29.2,40.7,24.8,34.9,31,28.4,35.6,34.2,24.1,26.6,23.8,27,33.1,19.4,28.8,30.6,26.6,26.6,20.2,27.7,31,32.8,34.6,22.3,,,,,,22.2204,114.2127
2026-10-08T14:00,28,27.6,26.6,27.9,27.9,27.1,28,28.1,28.2,28.4,26.3,28.2,27.9,27.2,28.6,27,28.9,27,27.1,25.3,28.2,28.3,28.3,26.9,27.3,27.5,28.1,25.7,27.9,27.8,28.1,27.5,27.1,26.7,28.1,26.3,27.3,27.6,28.2,28.1,54,61,69,50,47,57,52,50,48,56,63,49,51,66,50,53,49,64,61,74,54,57,54,57,51,50,49,74,56,54,49,60,63,55,52,62,51,51,48,46,0,0,0.3,0,0,0,0,0,0,0,0,0,0,0,0,0,0,0,0,0.3,0,0,0,0,0,0,0,0.6,0,0,0,0,0,0,0,0,0,0,0,0,10.6,13.6,10.6,12,12.5,12.6,16.3,13.7,12.2,13.6,13.4,11.7,14,12.9,14.4,13.1,12.1,11.7,11.9,9.8,11.3,12.2,16.1,15.9,13.7,11.5,14.8,10,11.5,14.5,14.5,12.2,13.7,13.2,14.1,13.4,15.2,14,12.6,12,,,,,,,,,,,,,,,,,,,,,,,,,,,,,,,,,,,,,,,,,25.9,26.5,25.8,24.9,26.1,25.7,25.8,26.3,24.2,25.2,26,24.8,24.9,25.6,25.3,25.1,25.6,25.5,25.2,25.4,26,26.7,25.9,26.3,25.8,26.3,26.8,26.2,25,24.9,25.6,63,62,63,62,60,59,61,64,57,61,70,60,61,65,64,62,62,63,63,68,64,62,64,64,63,60,65,69,63,62,64,0,0,0,0,0,0,0,0,0,0,0,0,0,0,0,0,0,0,0,0,0,0,0,0,0,0,0,0,0,0,0,25.1,25.4,25.3,33.3,22.2,23.7,17.7,25.6,36.8,23.8,30.9,30.3,25.9,30.5,30.6,24.4,25,21.9,25.2,28.4,19.1,25.5,26.2,24.7,24.6,17.1,23.6,27.7,29.9,30.9,21.8,27.4,27.7,26.6,36,23.4,25.9,18.4,27.7,39.6,24.5,33.8,31,27,33.5,32.8,24.1,25.9,22.7,25.6,31,19.4,28.1,29.2,26.3,25.9,17.6,27.7,31,31,33.5,22,,,,,,22.2204,114.2127
2026-10-08T15:00,28,27.4,26.9,27.9,27.8,27.4,28,28.2,28.6,28.4,26.5,28.2,27.8,27.3,28.6,26.9,28.9,27.4,27.1,25.5,28.3,28.2,28.5,26.6,27.1,27.4,28.1,25.4,28.1,27.9,28.1,27.6,27.1,26.9,27.9,26.1,27.2,27.6,28.2,28.1,55,62,68,52,49,57,52,50,46,57,63,49,54,66,51,55,49,64,62,74,55,60,54,60,53,52,51,77,56,55,50,61,64,55,54,66,53,52,49,48,0,0,0,0,0,0,0,0,0,0,0,0,0,0,0,0,0,0,0,0.1,0,0,0,0,0,0,0,0.7,0,0,0,0,0,0,0,0.1,0,0,0,0,10.4,12.1,10.5,11.8,11.9,12.2,15.4,13,12.1,12.8,13,10.8,13.6,11.8,13.8,11.6,11.7,12.2,10,8.9,10,11.5,15.5,14.2,12.3,10.7,14.2,8.7,11.2,13.8,13.9,11.8,12.8,12.6,13.2,11.6,13.9,13.9,11.7,11.5,,,,,,,,,,,,,,,,,,,,,,,,,,,,,,,,,,,,,,,,,25.9,26.5,25.9,24.8,26.1,25.5,25.8,26.3,24.2,25.3,26.1,24.7,24.8,25.7,25.4,25,25.6,25.6,25.1,25.4,26,26.7,26,26.3,25.9,26.3,26.8,26.3,24.9,25,25.6,64,63,63,64,61,61,61,65,57,61,71,62,63,66,64,62,63,64,64,69,64,64,65,65,63,61,66,70,64,64,65,0,0,0,0,0,0,0,0,0,0,0,0,0,0,0,0,0,0,0,0,0,0,0,0,0,0,0,0,0,0,0,25.6,25.8,25.3,32.6,23.2,25.7,18.2,24.9,36.4,24.3,31,31.3,27,28.8,29.6,25.6,25.7,22.7,24.4,27.2,20.4,25.5,24.9,25.4,24.9,16.4,23.7,27.4,29.5,30.3,23.2,27.4,27.7,26.6,35.6,24.5,27,19.1,27,38.9,25.2,34.2,32.4,27.4,31.7,32,25.6,26.3,23,24.8,29.5,20.9,28.1,28.1,26.6,25.9,16.6,27.7,31,30.6,32.8,23.4,,,,,,22.2204,114.2127
2026-10-08T16:00,27.6,27.2,27.4,27.6,27.5,27.3,27.6,27.8,28.2,28.3,26.6,27.9,27.6,27.2,28.2,26.8,28.5,27.4,27,25.6,28,28.1,28.2,26.4,27,27.1,27.9,25.3,27.9,27.7,27.7,27.3,27,27.2,27.6,26,27,27.2,28,27.8,57,65,67,55,52,59,56,53,48,57,64,50,56,68,55,58,52,65,64,75,56,62,56,62,55,55,53,80,56,58,54,63,66,56,58,68,56,56,50,51,0,0,0,0,0,0,0,0,0,0,0,0,0,0,0,0,0,0,0,0.3,0,0,0,0,0,0,0,0.7,0,0,0,0,0,0,0,0,0,0,0,0,9.2,11.9,10.3,10.9,10.5,11.3,14.6,11.3,11.2,12.2,12.1,10.3,13.4,11.1,13.4,10.8,11.1,11.1,9.4,7.7,9.4,10.4,14.7,13.2,10.8,10.5,13.5,9,10.2,13.4,12.9,10.9,11.8,12.9,12.8,10.8,12.5,12.8,11.3,10.9,,,,,,,,,,,,,,,,,,,,,,,,,,,,,,,,,,,,,,,,,25.8,26.5,25.9,24.6,26.1,25.3,25.7,26.3,24,25.3,26.1,24.5,24.7,25.7,25.6,24.8,25.5,25.7,25,25.4,26,26.5,26,26.2,26,26.2,26.9,26.4,24.9,25.1,25.5,65,65,64,65,62,65,63,66,58,62,72,65,65,67,65,63,65,66,65,71,64,66,67,66,64,63,68,72,66,67,66,0,0,0,0,0,0,0,0,0,0,0,0,0,0,0,0,0,0,0,0,0,0,0,0,0,0,0,0,0,0,0,26.1,26,25.4,32.5,23.9,28.1,20.6,24.7,36.3,24.8,31,32.8,29.2,27.2,29.1,27.2,26.9,24,24.2,26.8,22.4,25.8,24,26.6,25.2,16.6,23.9,27.3,29.9,29.8,25.3,28.1,28.1,27,35.3,25.9,28.8,21.2,26.6,38.9,26.6,35.3,34.2,28.8,29.9,31.3,27.4,27.4,24.5,25.2,28.8,23,28.1,27,27.7,26.6,16.6,27.4,31,30.6,32.4,26.3,,,,,,22.2204,114.2127
2026-10-08T17:00,27.1,26.9,27.4,27.1,26.8,27.1,26.9,27.2,27.6,27.9,26.6,27.3,26.9,27,27.4,26.4,27.7,27.3,26.9,25.6,27.3,27.8,27.7,26.1,26.6,26.5,27.3,24.4,27.4,27,27.1,26.8,26.8,27.1,26.8,26,26.5,26.6,27.4,27.1,62,68,68,59,57,63,62,58,53,61,65,55,59,71,61,63,59,67,66,77,58,65,60,66,59,58,57,88,59,63,60,67,68,58,63,70,61,62,53,55,0,0,0,0,0,0,0,0,0,0,0,0,0,0,0,0,0,0,0,0,0,0,0,0,0,0,0,0.6,0,0,0,0,0,0,0,0,0,0,0,0,7.6,10.4,9.7,9.7,9.4,9.5,12.4,10.8,8.8,10,10.5,9,12.6,9.7,13.3,9.1,10.1,9.7,6.8,7.3,10.2,8.2,12.1,11.7,8.8,9.7,12,11.5,9.5,12.6,11.6,10.1,10.4,11.4,11.5,9.1,11.2,11.5,10.4,9.7,,,,,,,,,,,,,,,,,,,,,,,,,,,,,,,,,,,,,,,,,25.7,26.5,26,24.4,26,25.1,25.5,26.2,24,25.3,26.2,24.4,24.6,25.7,25.7,24.7,25.4,25.7,24.9,25.4,25.9,26.4,26,26.1,26,26.1,27,26.4,24.8,25.1,25.5,67,67,65,67,64,68,64,68,59,63,73,67,67,68,66,63,67,68,66,72,64,69,69,68,65,64,70,73,67,69,67,0,0,0,0,0,0,0,0,0,0,0,0,0,0,0,0,0,0,0,0,0,0,0,0,0,0,0,0,0,0,0,26.4,26.3,25.4,32.4,24.9,29.8,23.1,24.5,36.5,25.4,31.3,33.5,31,25.8,28.5,27.8,27.8,25.1,24,26,23.8,26.3,23.8,27.6,25.6,16.9,24.1,27.4,30.1,29.4,26.8,28.4,28.4,27,35.6,27,30.6,23.4,26.6,38.5,27.7,36.4,36,30.2,28.4,31.3,28.8,28.4,25.9,25.2,28.1,25.2,28.8,26.6,28.8,27.4,16.6,27.4,31.3,31,32.4,28.4,,,,,,22.2204,114.2127
2026-10-08T18:00,26.6,26.6,27.2,26.4,25.8,26.6,26.2,26.4,26.8,27.3,26.3,26.5,26,26.6,26.3,25.8,27,27,26.7,25.7,26.2,27.4,27,25.8,26.1,25.7,26.4,23.6,26.7,26.1,26.3,26.1,26.5,26.6,26,25.8,25.9,25.7,26.5,26,66,71,69,65,66,68,70,66,60,67,68,61,67,75,70,71,66,70,69,77,63,68,67,70,64,64,65,95,64,70,67,72,71,63,70,71,68,69,60,62,0,0,0,0,0,0,0,0,0,0,0,0,0,0,0,0,0,0,0,0,0,0,0,0,0,0,0,3.4,0,0,0,0,0,0,0,0,0,0,0,0,4.7,8.1,7.8,6.5,6.6,7.8,11.2,8.3,6.5,8.8,9.1,6.2,9,8.7,11.7,7.2,7.9,7.6,4.9,6.4,8.9,5.4,11.2,10.6,6.2,6.2,9.7,12,6.9,9.4,9,7.6,9,8.9,8.3,7.2,9.5,9.4,7.3,7.3,,,,,,,,,,,,,,,,,,,,,,,,,,,,,,,,,,,,,,,,,25.7,26.5,26,24.4,26.1,25,25.4,26.2,24,25.3,26.3,24.3,24.5,25.7,25.7,24.7,25.4,25.7,24.9,25.5,25.9,26.3,26.1,26,26.1,26.1,27,26.4,24.8,25.2,25.5,69,69,67,68,66,70,66,70,60,65,74,69,68,69,68,64,68,69,67,74,65,72,71,70,67,65,72,74,68,71,69,0,0,0,0,0,0,0,0,0,0,0,0,0,0,0,0,0,0,0,0,0,0,0,0,0,0,0,0,0,0,0,26.4,26.2,24.9,33.1,25.2,30.4,24.5,24.5,36.4,25.3,31.7,33.8,31.7,24.9,28,27.1,27.4,25,23.9,25.3,24.1,27,23.8,27.9,25.4,16.9,24.1,27.6,29.7,29.3,26.8,28.8,28.8,27,36,27.7,32.4,25.9,27,38.2,28.4,37.4,37.1,31.3,27.4,31.7,28.4,28.8,26.6,25.2,27.7,26.3,29.9,27,29.9,27.7,16.9,27.7,32,31,32.4,29.2,,,,,,22.2204,114.2127
2026-10-08T19:00,26.4,26.6,27.1,26.1,25.2,26.3,25.9,26.1,26.1,26.9,26.2,26,25.5,26.5,25.8,25.5,26.5,26.8,26.7,26,25.6,27.2,26.6,25.7,25.8,25.2,25.9,23.8,26.3,25.7,25.8,25.7,26.4,26.4,25.5,25.7,25.5,25.2,25.9,25.4,69,73,70,70,74,73,75,71,66,72,71,66,72,77,76,76,71,72,70,77,71,70,73,72,69,68,72,93,68,74,74,77,74,67,75,73,74,74,65,70,0,0,0,0,0,0,0,0,0,0,0,0,0,0,0,0,0,0,0,0,0,0,0,0,0,0,0,2.3,0,0,0,0,0,0,0,0,0,0,0,0,4.3,7.8,6.2,5.8,5.8,7,10.8,8.3,5.8,8.4,8.7,4.6,7.2,7.9,9.4,6.5,7.6,6.9,3.5,6.1,6.6,3.5,9.2,11.3,5.8,5.2,8.3,12.4,5.4,8.3,7.9,6.5,8.8,7.4,6.5,7.4,9.2,8.3,5.8,5.8,,,,,,,,,,,,,,,,,,,,,,,,,,,,,,,,,,,,,,,,,25.7,26.6,26,24.3,26.2,24.9,25.2,26.1,24,25.3,26.4,24.3,24.4,25.7,25.7,24.7,25.3,25.7,25,25.5,25.9,26.3,26.2,26,26.2,26.1,27.1,26.4,24.8,25.3,25.5,71,71,69,68,68,72,69,72,60,68,75,71,69,71,71,64,70,70,67,76,67,74,73,72,69,66,74,76,70,72,71,0,0,0,0,0,0,0,0,0,0,0,0,0,0,0,0,0,0,0,0,0,0,0,0,0,0,0,0,0,0,0,26,25.6,24,34.6,25.2,30.3,25.9,24.6,35.7,25.2,32.4,33.8,32,24,27.8,24.9,26.3,24.2,23.5,24.9,23.8,27.7,24.4,27.9,24.9,17,23.8,28,29,29.3,25.8,29.2,29.2,27.4,36.7,28.4,34.2,28.4,28.1,37.8,28.8,38.2,37.8,32.8,26.3,32,27.7,28.8,27,25.6,27.7,27.4,31,28.1,31,28.1,17.6,28.1,33.1,30.6,32.8,28.8,,,,,,22.2204,114.2127
2026-10-08T20:00,26.2,26.7,27,26,25,26.1,25.9,26.2,25.8,26.6,26.2,25.7,25.3,26.5,25.7,25.4,26.5,26.7,26.8,26.3,25.4,27.1,26.6,25.9,25.7,25,25.8,24.3,26.1,25.6,25.7,25.5,26.5,26.3,25.4,25.7,25.4,25,25.6,25.1,73,74,71,73,79,76,75,70,72,75,72,70,76,78,78,79,74,74,71,75,76,71,74,72,73,72,75,91,71,76,77,80,74,69,77,74,75,79,72,75,0,0,0,0,0,0,0,0,0,0,0,0,0,0,0,0,0,0,0,0,0,0,0,0,0,0,0,0.4,0,0,0,0,0,0,0,0,0,0,0,0,4.4,7.3,6.1,6.2,6.1,7.3,11.9,7.6,5.8,7.4,9.3,4.5,6.9,7.5,9.4,7,8.3,7.4,3.8,8.5,6.2,3.3,9.6,11.1,6.8,5.1,8.6,16.9,5.4,8.3,8,6.5,9.6,7.4,6.5,7.2,9.9,8.3,5.8,5.8,,,,,,,,,,,,,,,,,,,,,,,,,,,,,,,,,,,,,,,,,25.7,26.6,26,24.4,26.2,24.9,25.1,26.1,24.1,25.2,26.4,24.3,24.3,25.7,25.7,24.8,25.3,25.7,25,25.5,25.9,26.2,26.3,26,26.3,26.1,27.1,26.4,24.7,25.4,25.5,73,73,71,68,70,73,71,74,61,71,75,72,69,72,73,65,71,71,68,77,69,76,75,74,71,67,76,77,71,73,72,0,0,0,0,0,0,0,0,0,0,0,0,0,0,0,0,0,0,0,0,0,0,0,0,0,0,0,0,0,0,0,26,25.6,23.6,35.3,25.6,30.6,27,25.1,35.4,25.2,33.6,33.5,32.4,23.2,28.1,23.5,25.6,23.8,23.4,24.9,23.8,28.4,25.2,28.3,24.7,16.7,24.3,28.3,29,29.4,25.1,29.5,29.9,27.4,37.4,29.2,35.6,30.6,29.2,37.4,29.2,39.6,38.2,33.8,25.6,32.8,26.6,29.2,27.7,25.9,28.1,28.1,32.4,29.5,32.4,28.4,18,28.8,33.8,31,33.5,28.8,,,,,,22.2204,114.2127
2026-10-08T21:00,26.2,26.7,27,26,24.9,26.1,25.9,26.1,25.7,26.5,26.1,25.5,25.2,26.3,25.6,25.4,26.4,26.6,26.2,26.3,25.2,27.1,26.4,25.9,25.7,24.8,25.7,24.4,26.1,25.5,25.6,25.4,26.5,26.2,25.4,25.8,25.3,25,25.4,25,76,75,71,75,81,76,75,71,74,77,73,73,78,79,79,80,74,75,77,74,77,72,74,72,74,75,77,89,72,76,78,82,74,70,78,74,76,80,74,78,0,0,0,0,0,0,0,0,0,0,0,0,0,0,0,0,0,0,0.5,0,0,0,0,0,0,0,0,0.4,0,0,0,0,0,0,0,0,0,0,0,0,5.1,7.6,6.1,6.6,6.5,8.1,12.3,7.7,6.2,7.8,9.5,3.8,6.9,6.9,10.1,7.8,9.1,7.4,3.7,9.4,6.5,3.1,10,11.8,7.6,5.1,9.4,15.7,5.9,8.7,8,6.8,10.7,8,6.2,8.2,10.3,8.3,6.1,5.8,,,,,,,,,,,,,,,,,,,,,,,,,,,,,,,,,,,,,,,,,25.7,26.6,26.1,24.5,26.2,25,25.1,26.1,24.2,25.2,26.3,24.4,24.4,25.7,25.6,24.9,25.3,25.8,25.1,25.6,25.9,26.1,26.3,26,26.3,26.1,27.1,26.5,24.7,25.5,25.6,73,74,72,68,71,73,73,74,61,73,75,72,69,73,74,66,72,72,69,77,70,77,76,74,73,68,76,77,71,74,73,0,0,0,0,0,0,0,0,0,0,0,0,0,0,0,0,0,0,0,0,0,0,0,0,0,0,0,0,0,0,0,26,26.2,23.7,35.3,26.7,31.3,28.1,25.9,34.7,25.2,35.1,33.2,33.2,22.3,29.5,22.5,25.6,24.5,23.5,25.4,23.8,29.6,26.5,29.4,25.4,15.9,25.4,29.1,29.7,29.8,24.7,29.9,31,27.4,37.8,30.6,36.7,32,30.6,37.1,29.5,41.4,37.8,34.6,25.2,33.8,25.6,29.5,28.8,26.3,28.8,28.4,33.5,31,34.2,29.2,17.6,30.6,34.6,32,34.2,28.8,,,,,,22.2204,114.2127
2026-10-08T22:00,26.2,26.7,27,26.1,24.9,26.1,25.9,26,25.8,26.5,26.1,25.5,25.2,26.2,25.7,25.6,26.5,26.6,25.5,26.3,25.3,27.1,26.3,26,25.7,24.8,25.8,24.5,26.1,25.6,25.7,25.4,26.4,26.1,25.5,25.9,25.2,25.1,25.4,25,79,75,72,75,81,75,74,70,75,78,73,74,78,80,78,78,72,76,84,72,77,72,73,72,74,77,76,86,72,75,77,82,74,71,77,75,75,79,75,78,0,0,0,0,0,0,0,0,0,0,0,0,0,0,0,0,0,0,0.5,0,0,0,0,0,0,0,0,0.4,0,0,0,0,0,0,0,0,0,0,0,0,6.2,8.7,6.4,7.8,6.9,9.7,13,8.7,7.6,8.4,10.2,3.6,7.3,6.6,11.7,9,10,7.5,4.3,10.5,7.2,3.1,11.3,12.8,9.2,5.4,10.9,13.1,7,9.8,8.8,8.3,12.2,9.4,6.5,9.6,11.2,8.3,7.6,6.5,,,,,,,,,,,,,,,,,,,,,,,,,,,,,,,,,,,,,,,,,25.8,26.6,26.1,24.7,26.2,25.1,25.1,26.2,24.4,25.3,26.1,24.5,24.4,25.8,25.6,25.1,25.5,25.8,25.1,25.6,25.9,26.1,26.3,26,26.2,26.2,27.1,26.5,24.7,25.5,25.7,73,75,73,69,72,73,74,74,61,73,75,71,69,73,74,66,72,72,69,77,72,77,77,74,75,68,76,77,72,74,73,0,0,0,0,0,0,0,0,0,0,0,0,0,0,0,0,0,0,0,0,0,0,0,0,0,0,0,0,0,0,0,26.4,27.6,23.7,34.6,28,32.4,28.8,27,33.6,25.2,37,32.4,33.5,21.8,31.4,21.5,26,26,23.9,26.5,24.3,30.3,27.9,31.2,26.1,14.9,27.3,29.5,31.1,30.6,24.4,30.2,32,27.4,38.2,32.8,37.1,33.5,32,36.4,30.2,43.2,37.1,35.3,24.8,35.3,24.1,29.5,30.2,26.6,30.2,28.8,34.9,32.8,36,29.9,16.6,32.8,35.3,33.5,35.3,28.4,,,,,,22.2204,114.2127
2026-10-08T23:00,26.2,26.6,26.9,26.1,24.9,26.1,26,26,25.9,26.5,26.1,25.5,25.2,26.1,25.7,25.7,26.5,26.5,25.1,26.3,25.3,27,26.2,26,25.7,24.8,25.9,24.7,26.2,25.7,25.8,25.4,26.4,26.1,25.5,25.9,25.2,25.2,25.4,25.1,81,75,72,75,81,74,73,70,76,78,73,75,78,81,77,77,71,76,88,72,76,72,72,72,74,78,76,83,72,74,76,82,74,71,77,75,74,79,75,79,0,0,0,0,0,0,0,0,0,0,0,0,0,0,0,0,0,0,0.5,0,0,0,0,0,0,0,0,0.4,0,0,0,0,0,0,0,0,0,0,0,0,7.3,9.8,6.9,8.9,7.6,11,13.5,9.4,8.5,9.2,10.8,3.6,8.1,7.1,12.5,10.2,11,8.1,5.4,11.4,8,4.2,12.3,13.8,10.4,6.2,12.1,11,7.9,10.7,9.6,9.4,13.3,10.8,6.9,11,12.1,8.7,8.5,7.3,,,,,,,,,,,,,,,,,,,,,,,,,,,,,,,,,,,,,,,,,25.9,26.6,26.1,24.8,26.1,25.1,25,26.3,24.5,25.3,25.9,24.6,24.5,25.8,25.5,25.2,25.5,25.8,25.1,25.6,25.9,26,26.2,26,26.2,26.2,27.1,26.5,24.7,25.5,25.8,73,76,74,69,72,73,75,74,62,74,75,71,70,74,74,67,73,73,70,77,73,77,78,74,76,68,75,77,72,74,73,0,0,0,0,0,0,0,0,0,0,0,0,0,0,0,0,0,0,0,0,0,0,0,0,0,0,0,0,0,0,0,26.8,28.2,23.9,33.9,29.2,32.8,30,27.9,33,25.2,38.5,32.1,33.9,21.8,32.5,21.3,26.8,27.1,24.7,27,24.4,31.5,29.2,32.3,26.9,14.2,28.5,30,32.2,31.1,24.4,30.6,32.8,27.4,38.2,34.2,37.4,34.6,32.8,36.4,30.2,45,36.4,36,25.2,36.4,23.8,30.2,31.3,27.7,31,28.8,36,34.2,37.4,30.6,15.8,34.6,35.6,34.9,36,28.8,,,,,,22.2204,114.2127
2026-10-09T00:00,26.1,26.5,26.8,26,24.8,26,25.9,25.8,25.7,26.4,25.9,25.4,25.1,26.1,25.5,25.6,26.2,26.5,25.2,26.2,25.2,26.9,26.1,26,25.6,24.7,25.8,24.8,26.1,25.6,25.8,25.3,26.3,25.9,25.5,25.9,25.2,25.2,25.3,25,80,75,73,74,81,75,74,70,77,79,74,75,78,81,77,77,73,76,87,74,76,72,72,74,75,78,77,82,72,75,76,81,76,72,78,76,75,80,75,79,0,0,0,0,0,0,0,0,0,0,0,0,0,0,0,0,0,0,0.2,0,0,0,0,0,0,0,0,0,0,0,0,0,0,0,0,0,0,0,0,0,8.2,10.4,7.7,9.8,7.8,11.4,13.6,9.7,8.8,9.8,12.1,4,8.7,8.2,12,11,11,9,6.4,12.4,8.2,5.6,12.7,14.2,10.9,6.6,12.3,9.4,8.4,10.8,9.7,10.2,13.9,11.6,7.1,12,12.5,9.2,8.7,7.9,,,,,,,,,,,,,,,,,,,,,,,,,,,,,,,,,,,,,,,,,25.8,26.5,26,24.8,26.1,25.1,24.9,26.2,24.4,25.3,25.7,24.5,24.4,25.7,25.6,25.1,25.5,25.7,25.1,25.6,25.9,25.9,26.1,26,26.1,26.2,27,26.5,24.6,25.4,25.8,74,76,75,70,72,74,76,74,64,74,75,72,71,75,74,69,74,74,71,77,74,77,78,75,76,68,75,77,73,74,73,0,0,0,0,0,0,0,0,0,0,0,0,0,0,0,0,0,0,0,0,0,0,0,0,0,0,0,0,0,0,0,27.2,28.6,24.3,33.3,30,32.6,31.1,27.7,33.2,24.9,39.7,31.8,34,23,32.9,22.5,27.9,27.9,26.6,27,24.3,32.3,30.1,32.4,27.3,13.6,29.2,30.2,32.9,31.1,25,31.3,32.8,27.7,37.8,34.9,37.1,36.4,32.4,36.7,29.5,46.8,35.6,36.7,26.3,36.7,24.5,31.3,32,29.5,31,28.8,37.1,35.3,37.8,31,15.1,35.3,35.3,35.6,36,29.5,,,,,,22.2204,114.2127
2026-10-09T01:00,26,26.4,26.6,25.8,24.8,25.7,25.8,25.7,25.5,26.2,25.7,25.3,25,26,25.3,25.5,25.9,26.4,25.5,26.1,25,26.8,25.9,25.8,25.5,24.7,25.6,25,25.9,25.4,25.7,25.2,26.1,25.8,25.4,25.9,25.1,25.1,25,24.9,79,76,73,74,81,77,76,71,78,79,75,75,79,81,78,78,75,76,83,76,77,72,73,76,76,78,78,82,71,77,77,80,78,72,78,78,77,80,75,80,0,0,0,0,0,0,0,0,0,0,0,0,0,0,0,0,0,0,0.2,0,0,0,0,0,0,0,0,0,0,0,0,0,0,0,0,0,0,0,0,0,9.2,11.3,8.4,10.4,7.9,11.8,13.9,9.5,9.2,10.2,13,4.8,9.1,10.1,11.2,11.7,10.6,10.5,7.1,13.4,7.9,6.8,13.2,14.5,11.4,7,12.3,7.9,8.9,11,10.2,10.7,14.2,12.1,7.3,12.4,13,9.8,8.2,8,,,,,,,,,,,,,,,,,,,,,,,,,,,,,,,,,,,,,,,,,25.7,26.4,25.9,24.7,26,25,24.8,26.1,24.3,25.3,25.4,24.5,24.4,25.6,25.6,24.9,25.4,25.6,25,25.5,25.8,25.8,26,26,26,26.1,27,26.4,24.5,25.4,25.7,74,76,75,70,73,74,76,74,66,73,75,72,73,75,73,71,74,74,72,78,74,76,77,75,76,68,74,77,74,73,74,0,0,0,0,0,0,0,0,0,0,0,0,0,0,0,0,0,0,0,0,0,0,0,0,0,0,0,0,0,0,0,27.8,28.1,24.8,32.4,30.4,31.7,32.6,26.9,34.2,24.7,40.5,31.1,33.3,24.5,32.6,24.7,29.1,28.2,28.8,26.8,24.4,33.1,30.7,32.3,27.5,13.4,29.4,29.9,33.3,31.2,26.3,32,32.8,28.1,36.7,35.3,36,37.8,31.3,37.8,28.4,48.6,34.6,37.1,27.4,37.1,26.3,32.8,32.8,31.7,30.6,28.4,37.8,36,37.8,31.3,14.8,35.3,34.9,36,35.6,31,,,,,,22.2204,114.2127
2026-10-09T02:00,25.9,26.2,26.4,25.7,24.7,25.5,25.7,25.5,25.3,26.1,25.5,25.3,24.9,25.9,25.2,25.3,25.6,26.3,25.8,25.9,24.9,26.6,25.7,25.7,25.3,24.6,25.4,25.2,25.8,25.2,25.6,25.1,26,25.6,25.3,25.8,25.1,25,24.8,24.8,77,76,73,73,81,78,78,71,79,79,75,75,79,80,78,79,77,76,80,78,78,71,73,77,77,78,79,82,71,79,77,80,80,73,79,79,78,81,75,80,0,0,0,0,0,0,0,0,0,0,0,0,0,0,0,0,0,0,0.2,0,0,0,0,0,0,0,0,0,0,0,0,0,0,0,0,0,0,0,0,0,9.8,11.9,8.7,10.8,8.1,11.9,13.8,9.4,9.5,10.6,14,5.4,9.7,11.5,10.5,12.2,10.5,11.6,7.9,14,7.9,7.9,13.6,14.7,11.5,7.1,12.2,7.4,9.2,11,10.4,11.1,14.3,12.2,7.6,13,13.4,10,8.2,8.2,,,,,,,,,,,,,,,,,,,,,,,,,,,,,,,,,,,,,,,,,25.6,26.3,25.8,24.7,25.9,24.9,24.7,26,24.1,25.3,25.2,24.4,24.3,25.5,25.6,24.8,25.2,25.4,24.8,25.5,25.7,25.6,25.9,25.9,25.9,26.1,26.9,26.3,24.5,25.3,25.6,75,76,75,71,73,75,76,74,68,73,75,73,74,76,73,72,75,75,73,78,75,76,77,76,76,68,74,77,75,73,74,0,0,0,0,0,0,0,0,0,0,0,0,0,0,0,0,0,0,0,0,0,0,0,0,0,0,0,0,0,0,0,28.4,27.7,25.4,31.6,30.7,31.3,33.5,26.2,34.9,24.6,40.9,30.9,33.1,26.1,32.4,26.6,30,29.1,30.7,26.6,24.5,33.7,31.3,32.6,28.2,13.4,29.2,29.9,33.4,31,27.3,32.8,32.4,28.8,36,35.3,35.3,38.9,30.6,38.5,27.7,49.3,33.8,37.4,28.8,37.4,27.7,33.8,33.5,33.8,30.6,28.4,38.5,36.7,37.8,32,14.8,34.9,34.6,36.4,35.6,32,,,,,,22.2204,114.2127
2026-10-09T03:00,25.6,26.1,26.3,25.5,24.6,25.2,25.4,25.2,25.2,25.9,25.3,25.2,24.8,25.8,25,25.1,25.5,26.1,25.7,25.8,24.7,26.5,25.4,25.5,25.2,24.5,25.2,25.3,25.6,25,25.5,24.9,25.8,25.4,25,25.8,24.9,24.8,24.6,24.6,77,76,72,74,83,78,79,71,80,79,74,75,79,78,78,79,77,76,81,79,80,70,72,77,77,78,79,82,70,80,78,81,80,74,80,79,77,82,75,81,0,0,0,0,0,0,0,0,0,0,0,0,0,0,0,0,0,0,0,0,0,0,0,0,0,0,0,0,0,0,0,0,0,0,0,0.1,0,0,0,0,9.7,12.1,9,11,8.2,12.4,13.6,8.8,9.8,10.5,14,5.5,9.8,12.1,10.8,12.3,10.8,12.4,8.6,14.3,7.8,8.4,13.6,15.1,11.6,7.3,12.7,7.9,9.4,11.1,10.8,11.2,14.5,12.4,7.7,13.7,13.6,10,8.1,8.4,,,,,,,,,,,,,,,,,,,,,,,,,,,,,,,,,,,,,,,,,25.4,26.1,25.7,24.6,25.8,24.7,24.6,25.9,24,25.3,25,24.3,24.2,25.3,25.4,24.6,25,25.3,24.6,25.4,25.6,25.4,25.7,25.8,25.6,26,26.7,26.1,24.4,25.1,25.4,76,75,75,72,74,76,77,74,69,73,75,73,74,77,73,73,76,76,74,78,76,76,77,77,76,69,74,77,76,72,74,0,0,0,0,0,0,0,0,0,0,0,0,0,0,0,0,0,0,0,0.1,0,0,0,0,0,0,0,0,0,0,0,29.1,27.2,27,31.4,31.1,31.4,33.7,26.5,35.7,25.3,40.4,31.1,33.2,27.4,33.3,27.5,30.7,30,32.1,27.3,25.3,34.3,32.2,33.6,29.4,14.3,29,30.2,33.3,31.3,28.8,33.5,32.4,30.2,35.3,35.6,34.9,38.9,30.6,39.2,28.4,49,33.8,37.8,30.2,38.5,29.2,34.6,34.9,35.6,31.3,28.8,38.9,37.8,38.5,33.5,15.8,34.6,34.6,36.4,36,33.1,,,,,,22.2204,114.2127
2026-10-09T04:00,25.3,26,26.2,25.3,24.4,24.9,25.1,25,25.1,25.6,25.1,25,24.7,25.6,24.9,24.9,25.3,25.9,25.6,25.7,24.4,26.3,25.1,25.3,25,24.4,25,25.3,25.5,24.8,25.4,24.7,25.6,25.1,24.7,25.8,24.6,24.5,24.4,24.4,77,76,71,75,84,77,79,70,81,78,72,75,80,76,77,79,76,76,82,79,82,69,70,76,76,77,79,82,70,80,78,83,79,75,80,77,74,83,75,83,0,0,0,0,0,0,0,0,0,0,0,0,0,0,0,0,0,0,0,0,0,0,0,0,0,0,0,0,0,0,0,0,0,0,0,0.1,0,0,0,0,8.7,12.1,8.8,11,8.4,12.7,13.4,8,10,10.4,13.2,5.6,10,11.9,11.3,12,11.1,12.7,9.3,14.2,7.7,8.2,13.4,15.1,11.8,7.2,13.2,8.9,9.1,11.1,11.2,10.9,14.8,12.2,7.9,13.9,13.7,10,7.8,8.7,,,,,,,,,,,,,,,,,,,,,,,,,,,,,,,,,,,,,,,,,25.3,26,25.5,24.5,25.6,24.6,24.5,25.8,23.8,25.3,25,24.2,24,25.1,25.1,24.5,24.8,25.1,24.3,25.4,25.5,25.2,25.5,25.6,25.4,25.9,26.6,25.9,24.3,24.8,25.2,76,73,75,73,76,76,77,74,69,73,76,73,75,77,74,73,76,76,76,78,76,77,77,77,77,71,74,77,76,72,75,0,0,0,0,0,0,0,0,0,0,0,0,0,0,0,0,0,0,0,0.1,0,0,0,0,0,0,0,0,0,0,0,29.5,26.7,28.9,31,31.3,31.1,33.5,27,36.4,26.5,39.8,31.8,33.6,28.6,34.4,28.3,30.7,31.4,33,28.5,26.4,34.3,33.2,34.7,31.1,15.9,28.7,30.3,33.4,31.7,30.5,33.8,32,32,34.9,35.6,34.6,38.2,31.3,40,29.5,47.5,34.2,37.8,31.3,39.6,30.6,34.9,36.4,37.1,32.4,29.5,39.2,38.9,39.6,35.3,17.3,34.2,34.6,36,36.7,34.2,,,,,,22.2204,114.2127
2026-10-09T05:00,25.2,25.9,26.2,25.2,24.3,24.7,24.9,24.9,25.1,25.5,25,25,24.6,25.5,24.8,24.7,25.3,25.8,25.3,25.6,24.3,26.2,24.9,25.1,24.9,24.3,24.9,25.3,25.4,24.7,25.3,24.6,25.5,25,24.6,25.7,24.4,24.3,24.3,24.3,76,75,69,75,85,76,78,69,81,77,70,75,80,74,76,78,74,75,83,78,82,68,69,75,75,77,78,81,69,79,78,83,78,75,80,76,72,83,74,83,0,0,0,0,0,0,0,0,0,0,0,0,0,0,0,0,0,0,0,0,0,0,0,0,0,0,0,0,0,0,0,0,0,0,0,0.1,0,0,0,0,8.1,11.6,8.8,10.6,8.5,13.2,13,7.5,10.3,10.1,12.6,5.5,10.1,11.9,11.8,11.8,11.4,12.7,9.5,14,7.9,7.9,13.4,15.1,11.4,7.1,13.5,10.5,8.8,11.1,11.6,10.7,14.8,12.1,8.1,13.7,13.5,9.9,7.5,8.9,,,,,,,,,,,,,,,,,,,,,,,,,,,,,,,,,,,,,,,,,25.2,25.9,25.4,24.4,25.4,24.4,24.4,25.7,23.7,25.2,24.9,24.2,24,25,24.9,24.4,24.7,24.9,24.2,25.4,25.3,25,25.4,25.5,25.1,25.8,26.4,25.8,24.3,24.7,25,76,72,74,73,76,76,77,73,68,72,76,73,74,77,74,73,76,76,76,78,76,77,76,77,77,72,74,77,76,71,75,0,0,0,0,0,0,0,0,0,0,0,0,0,0,0,0,0,0,0,0.1,0,0,0,0,0,0,0,0,0,0,0,29.6,25.9,30.1,31,31.3,31.2,32.7,27.3,36.4,27,39.2,31.7,33.3,29,35.2,28.5,30.7,32.1,33.6,29.5,26.9,34.4,33.8,35.5,32.4,17.3,27.9,30,32.8,31.4,31.2,33.8,31.3,33.1,34.2,35.6,34.2,37.1,31.3,40,30.2,46.1,33.8,37.4,31.7,40.3,31.3,34.6,37.4,37.8,33.5,29.5,39.2,39.2,40.3,36.4,18.4,33.5,34.6,35.3,36.4,34.6,,,,,,22.2204,114.2127
2026-10-09T06:00,25.2,25.8,26.1,25.1,24.4,24.6,24.7,24.9,25.1,25.4,24.8,25,24.6,25.4,24.9,24.5,25.2,25.6,25,25.5,24.3,26.1,24.8,24.9,24.8,24.3,24.7,25,25.3,24.7,25.1,24.6,25.3,24.8,24.6,25.5,24.2,24.3,24.4,24.2,75,74,68,73,83,75,77,68,79,75,69,75,80,73,74,77,72,73,81,76,80,68,69,73,73,78,76,79,68,78,77,81,76,73,78,75,71,82,73,82,0,0,0,0,0,0,0,0,0,0,0,0,0,0,0,0,0,0,0.1,0,0,0,0,0,0,0,0,0,0,0,0,0,0,0,0,0.1,0,0,0,0,7.8,10.8,8.5,10.3,8.7,13.1,12.4,7.2,10.8,10,12.1,5.2,10.3,11.5,11,11.9,11.1,11.8,9,14,7.9,7.3,13,14.5,11.1,6.5,13.2,12.1,8,10.8,11.4,10.8,14.3,11.2,7.8,12.4,12.7,10.2,7.7,9.1,,,,,,,,,,,,,,,,,,,,,,,,,,,,,,,,,,,,,,,,,25.1,25.8,25.2,24.3,25.3,24.3,24.5,25.5,23.7,25.1,24.8,24.1,24,24.8,24.8,24.3,24.7,24.8,24.1,25.3,25.2,24.9,25.4,25.5,25,25.6,26.3,25.7,24.3,24.6,24.9,75,71,73,73,75,75,76,72,67,71,75,72,73,76,73,72,75,75,75,78,76,76,75,77,76,72,73,75,75,70,75,0,0,0,0,0,0,0,0,0,0,0,0,0,0,0,0,0,0,0,0,0,0,0,0,0,0,0,0,0,0,0,29.2,24.5,29.8,30.6,30.8,31.3,31.6,26.1,35.7,26.4,38.5,31,32.1,27.9,34.8,28.2,30.3,32,33.2,30.3,26.1,33.7,33.2,35.1,32.7,17.7,26.6,29,31.4,30.1,30.4,33.1,29.5,33.1,33.5,35.3,33.8,35.6,31,39.2,30.2,45,32.4,36.4,30.6,40,31,33.8,37.1,37.8,34.2,28.8,38.5,38.5,40,36.7,18.7,32.4,34.2,33.8,34.9,33.5,,,,,,22.2204,114.2127
2026-10-09T07:00,25.3,25.8,26,25.1,24.5,24.6,24.6,25,25.1,25.5,24.6,25.1,24.6,25.3,25,24.5,25.1,25.4,24.7,25.4,24.4,26,24.7,24.8,24.7,24.3,24.7,24.5,25.3,24.7,25,24.7,25.1,24.7,24.7,25.2,24,24.4,24.5,24.3,73,73,67,71,80,73,75,67,75,73,68,74,80,73,73,75,69,70,78,72,76,68,70,71,71,79,74,78,66,75,75,79,72,71,76,74,70,80,71,79,0,0,0,0,0,0,0,0,0,0,0,0,0,0,0,0,0,0,0.1,0,0,0,0,0,0,0,0,0,0,0,0,0,0,0,0,0.1,0,0,0,0,7.8,10,8,10.2,9.2,12.5,11.8,6.9,10.9,9.7,11.9,5.1,10.5,11.1,10.2,11.8,10.2,10.7,7.9,14,8.2,6.7,12.8,13.5,10.3,6.2,12.9,14.2,7.5,10.6,11.1,11.3,13.9,9.8,7.3,10.6,12.2,11.1,8.4,9.6,,,,,,,,,,,,,,,,,,,,,,,,,,,,,,,,,,,,,,,,,25,25.7,25,24.3,25.2,24.2,24.6,25.4,23.7,25,24.7,24.1,24,24.7,24.7,24.3,24.7,24.7,24.1,25.3,25,24.9,25.5,25.5,24.9,25.5,26.1,25.7,24.3,24.6,24.8,73,71,72,73,73,73,73,72,65,70,74,71,71,76,72,71,74,73,72,77,75,75,73,76,75,72,72,73,74,69,74,0,0,0,0,0,0,0,0,0,0,0,0,0,0,0,0,0,0,0,0,0,0,0,0,0,0,0,0,0,0,0,28,23,28.7,29.8,30,30.8,30.3,24.5,34.5,25.6,37.4,29.5,29.9,26.4,34,27.8,29.5,31.6,32.4,31.1,24.6,32.4,32.1,34,32.2,17.4,25.5,27.4,29.5,28.2,28.8,31.7,27,32,32.8,34.2,33.8,33.8,29.9,37.4,29.5,43.9,30.6,34.6,29.2,39.2,29.5,32.8,36.4,37.1,34.6,27.7,37.4,37.1,39.2,36.4,19.1,31,33.5,31.3,32.8,32,,,,,,22.2204,114.2127
2026-10-09T08:00,25.6,25.9,26.2,25.3,24.8,24.8,24.8,25.4,25.3,25.8,24.7,25.4,24.9,25.4,25.3,24.7,25.3,25.4,24.3,25.4,24.8,26.1,24.9,24.9,24.7,24.6,24.8,24.2,25.4,25,25.1,24.9,25.2,24.8,25,25.1,24.1,24.7,24.9,24.6,70,71,65,68,76,71,72,65,71,70,67,72,78,72,70,72,66,68,76,69,72,68,70,68,69,78,72,76,65,72,72,75,69,68,72,73,69,76,68,75,0,0,0,0,0,0,0,0,0,0,0,0,0,0,0,0,0,0,0.1,0,0,0,0,0,0,0,0,0,0,0,0,0,0,0,0,0.1,0,0,0,0,8.1,9.5,8,10.2,9.5,12.4,11.8,7.4,11.4,10,11.8,5.1,11,11,10,12.1,9.9,10.1,7.4,13.7,8.7,6.4,13.3,13.2,9.7,6.2,12.9,15.2,7.2,11,11,11.8,13.7,9.2,7.1,9.1,11.8,11.8,9.2,9.9,,,,,,,,,,,,,,,,,,,,,,,,,,,,,,,,,,,,,,,,,25.1,25.8,25,24.4,25.3,24.2,24.8,25.5,23.8,25,24.7,24.2,24.2,24.7,24.7,24.4,24.9,24.7,24.3,25.3,25.1,25,25.7,25.5,24.9,25.5,26.2,25.8,24.4,24.7,24.8,71,70,71,72,71,71,71,70,64,68,72,69,69,74,71,69,72,71,70,76,73,73,71,75,73,71,71,71,72,68,72,0,0,0,0,0,0,0,0,0,0,0,0,0,0,0,0,0,0,0,0,0,0,0,0,0,0,0,0,0,0,0,26.8,21.7,27.3,28.5,28.6,29.5,28.4,22.9,32.7,24.2,36.1,27.6,27.6,24.8,32.7,26.5,28,31.1,30.8,30.8,23.3,30.9,30.8,33,31.1,17.1,24.5,26.2,27.4,26.6,27.1,30.2,24.8,31,31,33.1,32.4,31.7,28.4,35.6,28.1,42.5,28.4,32,27.4,37.8,27.7,31,35.3,35.3,34.2,26.3,35.6,35.6,38.2,35.3,19.1,29.5,32.4,29.2,30.6,29.9,,,,,,22.2204,114.2127
2026-10-09T09:00,26.4,26.4,26.7,25.9,25.5,25.4,25.4,26.2,26,26.6,25.1,26.1,25.6,25.8,25.9,25.4,25.8,25.8,24,25.6,25.5,26.6,25.5,25.6,24.8,25.3,25.4,24.2,25.7,25.6,25.6,25.6,25.7,25.3,25.8,25.1,24.8,25.4,25.7,25.4,66,67,62,65,70,68,68,61,66,65,65,68,72,70,66,68,63,66,76,67,68,66,68,64,68,73,69,75,63,67,68,70,66,65,67,72,66,70,64,69,0,0,0,0,0,0,0,0,0,0,0,0,0,0,0,0,0,0,0.5,0,0,0,0,0,0,0,0,0.1,0,0,0,0,0,0,0,0,0,0,0,0,9.3,10,8.8,10.8,10.5,13.2,12.7,9.4,12.2,11.4,12.3,6.2,12.2,11.6,11.6,13,10.9,10.6,7.2,13,10.1,7.7,14.6,13.7,9.4,7.6,13.7,14.6,7.8,12.6,11.5,12.9,14.4,9.7,8.4,8.5,12.3,12.7,10.7,10.5,,,,,,,,,,,,,,,,,,,,,,,,,,,,,,,,,,,,,,,,,25.4,26.1,25.1,24.6,25.5,24.5,25.2,25.9,23.9,25.3,24.8,24.3,24.6,25,24.9,24.7,25.1,24.9,24.6,25.4,25.4,25.2,25.8,25.7,25.2,26,26.5,26.1,24.6,24.9,25,68,68,69,70,68,69,68,67,63,65,70,67,66,71,69,67,69,69,67,74,70,71,69,73,70,67,69,68,70,66,69,0,0,0,0,0,0,0,0,0,0,0,0,0,0,0,0,0,0,0,0,0,0,0,0,0,0,0,0,0,0,0,25.1,20.9,25.7,25.8,26.6,26.6,25.6,21.1,30.6,22,34.4,24.8,24.9,24,31.4,24.2,25.4,30.3,27.3,29.1,22,28.5,29.6,31.9,29,16.7,23.7,25.2,25,25,25,28.1,24.1,29.2,27.7,31.3,29.2,28.4,26.3,33.1,25.6,40.3,25.9,28.4,25.9,36,25.2,28.1,34.6,31.3,32.4,25.2,32.8,34.2,36.7,32.8,18.7,28.1,31,26.6,28.8,27.4,,,,,,22.2204,114.2127
2026-10-09T10:00,27.3,27,27.5,26.7,26.4,26.4,26.2,27.2,26.8,27.5,25.8,27,26.5,26.4,26.7,26.4,26.6,26.3,23.7,25.8,26.4,27.3,26.4,26.6,25,26.2,26.3,24.3,26.1,26.4,26.5,26.4,26.6,26.2,26.8,25.2,25.9,26.3,26.6,26.4,60,63,59,61,64,63,63,57,60,59,62,62,64,67,62,63,60,65,78,65,63,62,64,60,66,66,66,75,62,61,64,64,63,61,61,72,63,63,60,62,0,0,0,0,0,0,0,0,0,0,0,0,0,0,0,0,0,0,0.5,0,0,0,0,0,0,0,0,0.1,0,0,0,0,0,0,0,0,0,0,0,0,11.3,11.3,10.2,12.2,11.6,14.1,14.4,12.2,13.5,13.5,13.4,7.8,13.7,12.3,13.8,14,11.9,11.2,7.2,12.4,12.3,9.3,16.3,14.8,9.2,9.2,14.3,12.8,9.2,14.7,12.6,13.9,15.2,11,10.2,7.9,13.4,13.7,12.2,11.4,,,,,,,,,,,,,,,,,,,,,,,,,,,,,,,,,,,,,,,,,25.8,26.6,25.4,24.9,25.9,24.8,25.6,26.5,24,25.8,25.1,24.6,25.1,25.5,25.2,25,25.4,25.1,25,25.5,25.9,25.4,26,25.9,25.5,26.7,26.9,26.5,24.9,25.3,25.4,65,64,65,66,64,66,65,63,62,61,68,65,63,68,68,65,66,66,64,72,65,69,67,72,67,62,66,66,67,63,66,0,0,0,0,0,0,0,0,0,0,0,0,0,0,0,0,0,0,0,0,0,0,0,0,0,0,0,0,0,0,0,23,20.4,24.2,22.2,24.4,23,22.6,19.6,28.4,19.5,32.7,21.8,21.9,22.9,29.9,21.1,22.4,29.3,23.2,26.9,20.3,25.8,28.3,31.1,26.1,16.1,22.9,24.9,22.4,23.7,22.7,25.6,23.8,27.4,23.4,28.8,24.5,25.2,23.4,30.2,22.7,37.8,23.4,24.1,24.8,33.8,22.3,24.5,33.5,26.3,29.5,23.8,29.2,32.4,35.3,29.5,18.4,27,29.5,23.8,27,24.8,,,,,,22.2204,114.2127
2026-10-09T11:00,28.1,27.6,28.1,27.4,27.2,27.2,26.9,28,27.6,28.3,26.5,27.8,27.3,27,27.4,27.3,27.2,26.8,23.6,26.1,27.2,28,27.2,27.4,25.3,27,27.1,24.4,26.5,27.1,27.2,27.2,27.3,26.9,27.6,25.3,26.8,27.1,27.4,27.2,56,60,57,58,59,60,60,53,56,55,60,58,58,64,59,59,58,63,79,64,59,60,61,56,65,60,63,75,61,56,60,59,60,58,57,71,60,57,57,57,0,0,0,0,0,0,0,0,0,0,0,0,0,0,0,0,0,0,0.5,0,0,0,0,0,0,0,0,0.1,0,0,0,0,0,0,0,0,0,0,0,0,12.6,12.2,11,12.9,12.5,14.4,15.4,14,14.2,14.7,14,8.9,14.9,12.9,15.6,14.6,12.7,11.7,7.3,11.8,13.4,10.4,17.2,15.4,9.4,10.5,14.7,11.2,10,16.4,12.9,14.6,15.8,11.8,11.5,7.9,14,14.2,13.4,11.9,,,,,,,,,,,,,,,,,,,,,,,,,,,,,,,,,,,,,,,,,26.1,27,25.6,25.2,26.3,25.2,25.9,27,24.2,26.3,25.3,24.8,25.5,25.9,25.5,25.3,25.6,25.3,25.4,25.7,26.3,25.7,26.2,26,25.8,27.3,27.3,26.9,25.2,25.6,25.8,63,62,63,64,61,64,63,60,61,58,67,63,61,66,66,63,64,64,62,70,62,67,65,70,65,58,64,64,65,61,63,0,0,0,0,0,0,0,0,0,0,0,0,0,0,0,0,0,0,0,0,0,0,0,0,0,0,0,0,0,0,0,21.1,19.6,22.8,19.6,22.1,19.6,20.2,17.9,26.5,17,30.7,19,18.8,22.4,28.4,18.8,19.9,28,20.1,25,19.2,23.8,27.4,29.7,23.8,15.4,22.3,24.1,20.2,22.6,21,23.4,23.4,25.2,20.5,26.6,20.9,22.3,21.2,27.7,20.2,35.3,20.9,20.5,24.1,32,19.8,21.6,32,22.3,27,22.7,26.3,31,33.5,26.3,18,25.9,28.1,21.6,25.2,22.7,,,,,,22.2204,114.2127
2026-10-09T12:00,28.7,27.8,28.6,27.8,27.7,27.8,27.4,28.5,28.2,28.8,27.2,28.4,27.8,27.7,27.9,27.9,27.6,27.4,23.8,26.4,27.9,28.4,27.8,27.9,25.7,27.6,27.6,24.6,26.6,27.6,27.9,27.8,27.8,27.5,28.1,25.4,27.4,27.5,27.9,27.8,54,59,56,56,56,58,59,51,53,53,58,56,55,62,58,57,57,61,79,62,56,59,59,54,63,57,61,74,61,54,57,56,58,57,55,70,59,55,55,55,0,0,0,0,0,0,0,0,0,0,0,0,0,0,0,0,0,0,0.1,0,0,0,0,0,0,0,0,0,0,0,0,0,0,0,0,0,0,0,0,0,12.9,12.9,10.8,13.2,12.8,13.9,15.3,14.3,13.7,14.2,14.1,9,15.3,13.2,15.6,14.5,12.5,11.7,7.2,11.5,13.2,10.7,16.5,15.3,9.7,10.4,14.2,9.8,10.5,16.7,12.6,14.6,15.7,12.1,11.5,7.9,13.8,14,13.7,11.8,,,,,,,,,,,,,,,,,,,,,,,,,,,,,,,,,,,,,,,,,26.3,27.2,25.8,25.3,26.6,25.4,26.1,27.2,24.3,26.6,25.5,24.9,25.9,26,25.7,25.5,25.8,25.5,25.6,25.9,26.6,25.8,26.4,26.1,26.1,27.5,27.5,27.1,25.3,25.6,26,62,61,61,63,59,63,62,59,61,56,66,62,59,65,64,62,62,62,61,68,60,66,64,69,64,57,63,63,64,60,62,0,0,0,0,0,0,0,0,0,0,0,0,0,0,0,0,0,0,0,0,0,0,0,0,0,0,0,0,0,0,0,20,19,21.1,18.2,20.5,17,18,16.5,25,15.6,29,16.9,16.4,22.7,26.9,17.2,18,26.7,18.8,23.7,18.1,22.6,26.3,28.1,21.9,15.1,21.8,23,18.7,21.9,19.7,22,22.7,23,19.4,24.5,18.7,20.5,19.8,25.9,18.7,32.8,18.7,18,24.8,30.6,18.7,19.4,29.9,20.5,25.6,21.2,24.5,29.5,31.7,23.8,18,25.2,26.3,20.2,23.8,21.2,,,,,,22.2204,114.2127
2026-10-09T13:00,29,27.9,28.9,28.2,28.2,28.3,27.7,28.8,28.8,29.2,27.9,28.8,28.1,28.4,28.3,28.4,27.8,28.1,24.3,26.7,28.5,28.7,28.2,28.2,26.1,28,28.1,24.8,26.7,27.9,28.4,28.3,28.2,28,28.4,25.6,27.8,27.7,28.2,28.2,53,59,56,54,54,56,59,50,52,53,57,54,54,60,58,56,57,60,78,61,53,59,58,52,61,55,59,74,62,54,55,54,57,57,55,70,59,54,54,54,0,0,0,0,0,0,0,0,0,0,0,0,0,0,0,0,0,0,0.1,0,0,0,0,0,0,0,0,0,0,0,0,0,0,0,0,0,0,0,0,0,12.4,13.1,10.3,12.8,12.4,12.6,14.5,13.4,12.7,13,13.9,9,15.1,12.9,15.3,13.6,11.5,11.9,7.2,11,11.9,10.5,14.8,14.9,9.9,9.8,13.2,9.4,10.5,16.2,11.8,14.1,14.9,11.8,11,8.2,13.2,13.1,13.3,11.2,,,,,,,,,,,,,,,,,,,,,,,,,,,,,,,,,,,,,,,,,26.4,27.4,26,25.4,26.9,25.7,26.3,27.2,24.5,26.8,25.7,25.1,26.2,26,25.9,25.8,26,25.7,25.8,26.2,26.8,26,26.5,26.1,26.2,27.6,27.6,27.2,25.5,25.5,26.2,63,61,61,64,57,63,61,60,61,55,66,61,58,66,63,62,61,61,61,65,58,66,65,68,63,58,64,63,64,60,61,0,0,0,0,0,0,0,0,0,0,0,0,0,0,0,0,0,0,0,0,0,0,0,0,0,0,0,0,0,0,0,19.4,18.5,19.6,18.1,19.5,15.5,16.7,15.7,23.9,15.5,27,15.4,14.4,24.3,25.5,16.2,16.8,25,19.1,22.4,17.2,22.1,25.1,26.4,20.8,15.6,21.4,22.3,18.2,21.3,19.3,21.2,21.6,20.9,19.4,22.7,16.9,19.8,18.7,24.8,17.6,30.2,16.6,16.2,26.3,29.2,18,18,27.4,20.2,24.8,20.2,23.4,28.4,29.5,21.6,18.4,24.8,24.8,19.4,22.3,20.5,,,,,,22.2204,114.2127
2026-10-09T14:00,29.1,27.9,29.1,28.3,28.3,28.6,27.9,28.9,29,29.4,28.4,29.1,28.2,28.9,28.5,28.6,28,28.5,24.7,26.8,28.9,28.8,28.5,28.4,26.4,28.1,28.3,25,26.8,28,28.7,28.5,28.4,28.2,28.5,25.6,28.1,27.8,28.3,28.5,53,60,56,54,54,55,60,51,52,53,56,54,55,59,59,56,57,59,77,61,51,59,57,52,60,54,59,74,63,55,54,54,57,57,56,69,59,55,54,54,0,0,0,0,0,0,0,0,0,0,0,0,0,0,0,0,0,0,0.1,0,0,0,0,0,0,0,0,0,0,0,0,0,0,0,0,0,0,0,0,0,11.9,12.7,9.8,12.3,11.9,11.3,13.3,12.4,11.6,11.9,13.4,8.8,14.6,12.4,14.1,12.6,10.5,11.4,7.2,10.4,10.9,9.5,13.2,14,9.7,9.2,12.2,8.8,9.9,14.9,10.7,13.2,14.1,11.5,10.1,8.1,12.2,12.2,12.8,10.6,,,,,,,,,,,,,,,,,,,,,,,,,,,,,,,,,,,,,,,,,26.4,27.6,26.2,25.5,27.1,25.9,26.5,27.3,24.7,26.9,25.8,25.2,26.4,26,26,26,26.1,25.8,25.8,26.3,26.9,26.1,26.6,26.2,26.4,27.7,27.7,27.3,25.6,25.4,26.3,63,61,60,64,56,63,61,60,62,55,66,61,58,66,62,62,61,61,61,64,58,66,65,68,63,59,64,64,64,60,61,0,0,0,0,0,0,0,0,0,0,0,0,0,0,0,0,0,0,0,0,0,0,0,0,0,0,0,0,0,0,0,19.7,18.5,18.4,18.2,19.1,14.4,16.8,15.7,23.2,16.2,25.7,14.3,13.7,25.3,24.4,16.6,16.1,23.7,20.1,21.9,17.2,21.4,23.9,25.2,19.7,16.8,21.3,22.3,19.1,20.7,18.3,20.9,21.2,19.4,19.4,21.2,15.8,19.4,18,24.1,17.3,28.1,15.1,14.8,27,27.7,18,17.3,25.2,20.2,24.1,19.4,22.7,27,28.1,20.2,18.7,24.8,24.1,19.4,21.2,19.8,,,,,,22.2204,114.2127
2026-10-09T15:00,28.8,27.7,29.1,28.2,28,28.6,27.8,28.7,28.9,29.6,28.6,29.1,28,29,28.3,28.4,28,28.6,24.9,26.8,29,28.8,28.5,28.3,26.4,27.8,28.2,25.1,26.8,27.7,28.6,28.3,28.4,28.2,28.3,25.5,28.2,27.5,28.2,28.5,55,61,57,56,56,55,61,53,53,53,55,54,57,59,61,58,57,59,76,63,50,60,58,53,60,56,60,76,64,58,55,57,58,57,58,69,59,58,56,55,0,0,0,0,0,0,0,0,0,0,0,0,0,0,0,0,0,0,0,0,0,0,0,0,0,0,0,0,0,0,0,0,0,0,0,0,0,0,0,0,11.3,10.7,9.3,11.4,11.3,10.5,12.4,11.2,10.1,11.1,12.1,8.2,13.8,10.9,13.1,10.9,9.4,10.4,7.2,9.5,9.8,7.6,11.3,12.6,9.2,8.6,11.2,8.3,8.3,13.3,9.2,11.8,12.5,10.7,9.5,7.2,10.9,11.3,11.7,9.5,,,,,,,,,,,,,,,,,,,,,,,,,,,,,,,,,,,,,,,,,26.6,27.6,26.4,25.7,27.1,26,26.9,27.5,24.8,27,26,25.1,26.4,26,26.2,26.2,26.2,25.9,25.8,26.4,26.9,26.3,26.6,26.2,26.5,27.8,27.8,27.2,25.7,25.6,26.4,63,62,60,64,57,63,60,60,63,56,66,61,58,66,62,62,61,61,62,64,59,66,65,69,63,59,65,66,65,60,61,0,0,0,0,0,0,0,0,0,0,0,0,0,0,0,0,0,0,0,0,0,0,0,0,0,0,0,0,0,0,0,20.2,19.1,17.5,18.8,19.3,14.1,17.6,16.3,22.7,17.3,24.6,13.3,12.6,25.1,23.6,16.9,16.3,23,21.3,22,18,20.9,22,24.4,19.5,17.2,21.5,23.2,20.5,20,17.4,21.2,22,18.7,19.4,21.2,15.1,19.8,18.4,23.8,17.6,27,14.4,13.7,27,26.3,18.4,18,24.1,21.2,24.1,19.8,22,24.8,27,20.2,19.1,24.8,25.2,20.5,20.5,19.1,,,,,,22.2204,114.2127
2026-10-09T16:00,28.3,27.4,29,27.8,27.3,28.5,27.6,28.2,28.6,29.7,28.5,28.9,27.5,28.9,27.8,27.9,27.9,28.5,25.1,26.7,28.9,28.6,28.4,27.9,26.4,27.3,28,25.1,26.7,27.2,28.3,27.7,28.2,28,27.9,25.3,28.2,27.1,27.8,28.3,59,64,58,59,61,55,62,57,55,53,56,56,61,59,65,60,58,60,75,65,51,62,59,56,61,59,63,78,66,62,57,61,59,58,61,69,59,61,60,57,0,0,0,0,0,0,0,0,0,0,0,0,0,0,0,0,0,0,0,0,0,0,0,0,0,0,0,0,0,0,0,0,0,0,0,0,0,0,0,0,10.8,8.3,8.4,10.1,10.5,9.7,11.1,9.8,8.7,10.2,11,7.6,13,8.9,11.5,9.5,8.3,9.2,6.8,8.1,9.1,4.9,9.4,10.9,8.1,8.8,9.8,7.9,6.2,11.2,7.9,10.1,10.5,9.4,9.4,5.7,9.3,10.1,10.8,8.3,,,,,,,,,,,,,,,,,,,,,,,,,,,,,,,,,,,,,,,,,26.7,27.6,26.5,25.9,27.1,26.1,27.3,27.7,24.8,26.9,26.1,25,26.4,26,26.3,26.3,26.2,25.9,25.7,26.3,26.8,26.4,26.7,26.2,26.5,27.9,27.8,27,25.7,25.9,26.5,64,64,60,64,58,63,59,60,65,57,67,62,59,67,62,63,62,62,64,65,60,66,66,70,64,59,66,69,66,60,61,0,0,0,0,0,0,0,0,0,0,0,0,0,0,0,0,0,0,0,0,0,0,0,0,0,0,0,0,0,0,0,21.3,20.2,17.4,19.1,20.4,14.5,18.6,16.8,22.9,18.4,24,12.4,11.6,24.3,22.9,17.3,17.3,22.7,23.1,22.1,19.9,20.5,20.2,23.9,20.2,17.5,22.2,25.2,22,19,16.3,22.3,23,18.7,20.2,22,15.1,20.9,19.4,23.8,18.7,26.3,14,12.6,26.3,25.2,19.4,19.4,23.4,23,24.5,20.9,22,22.7,26.3,21.2,19.8,24.8,27,22,19.8,18.4,,,,,,22.2204,114.2127
2026-10-09T17:00,27.7,27.1,28.8,27.4,26.7,28.2,27.2,27.7,28.2,29.4,28.3,28.5,27,28.7,27.3,27.3,27.7,28.2,25.1,26.5,28.6,28.4,28.2,27.5,26.2,26.8,27.6,25.1,26.7,26.7,27.9,27.2,27.9,27.7,27.3,25.1,28,26.6,27.3,27.9,63,66,60,63,65,57,64,60,58,55,57,58,65,61,68,64,60,62,74,68,53,64,61,60,63,62,66,80,67,66,60,66,62,60,64,69,61,66,64,60,0,0,0,0,0,0,0,0,0,0,0,0,0,0,0,0,0,0,0,0,0,0,0,0,0,0,0,0,0,0,0,0,0,0,0,0,0,0,0,0,9.8,6.1,7.2,8.6,9.5,8.3,9.5,8.3,7.6,8.9,9.1,6.8,11.6,7.2,10.1,8.1,6.9,7.9,6.5,7.2,7.9,3.3,7.4,9.4,7.1,8.4,8.6,7.6,4.6,9.5,6.9,8.6,8.9,8.2,8.7,4.7,7.7,9,9.4,7.2,,,,,,,,,,,,,,,,,,,,,,,,,,,,,,,,,,,,,,,,,26.7,27.5,26.6,26,27,26.1,27.6,27.9,24.9,26.8,26.2,24.9,26.4,26,26.4,26.4,26.1,25.9,25.6,26.3,26.6,26.5,26.7,26.2,26.5,28,27.8,26.8,25.7,26,26.5,65,66,61,65,60,64,59,60,66,59,68,62,60,68,63,63,63,64,66,66,62,67,67,71,65,60,67,71,67,60,61,0,0,0,0,0,0,0,0,0,0,0,0,0,0,0,0,0,0,0,0,0,0,0,0,0,0,0,0,0,0,0,22,22,17,19.8,21,14.5,19.3,17.1,22.8,19.4,23.9,11.9,11.3,23.6,22.4,17.7,18.9,22.3,23.8,22.4,21.2,20.2,18.9,23.4,20.6,17.8,22.4,26.7,22.7,18.4,15.6,23,24.5,18.4,20.9,22.3,15.1,21.6,19.8,23.8,20.2,25.9,13.7,12.2,25.9,24.5,20.2,20.9,23,24.5,24.5,22,21.6,21.2,25.6,22,20.5,25.2,28.8,23.4,19.8,18,,,,,,22.2204,114.2127
2026-10-09T18:00,27.1,27,28.6,26.9,26.3,27.6,26.5,27.4,27.3,27.8,27.3,27.3,26.4,28.2,26.8,26.6,27.3,27.7,24.9,26,27.5,28.1,28,26.7,25.8,26.1,26.8,24.8,26.6,26.3,27.1,26.4,27.1,27.1,26.5,25.2,27.2,25.8,26.5,26.8,68,70,61,69,70,65,72,63,66,70,66,66,71,68,72,72,64,68,74,70,65,66,65,70,68,66,75,80,68,71,68,73,72,66,69,69,69,73,70,68,0,0,0,0,0,0,0,0,0,0,0,0,0,0,0,0,0,0,0,0,0,0,0,0,0,0,0,0,0,0,0,0,0,0,0,0,0,0,0,0,6.2,6.6,4.1,5.8,6.2,5.5,6.5,5.2,5.8,6.9,6.6,5.1,6.9,5.6,7.1,6.1,5.1,5.4,5.8,5,5,3.9,6.2,8.3,5.4,4.7,5.9,7.2,5.8,7.6,5.4,6.8,7.3,5.8,5.4,4.2,6.4,6.5,6.2,5.4,,,,,,,,,,,,,,,,,,,,,,,,,,,,,,,,,,,,,,,,,26.6,27.3,26.7,25.9,26.8,26.1,27.5,27.8,24.9,26.6,26.2,24.9,26.4,26,26.4,26.4,25.9,25.8,25.5,26.3,26.3,26.5,26.7,26.3,26.4,27.8,27.7,26.6,25.7,26,26.5,67,70,62,66,62,65,61,61,67,62,70,62,61,70,64,63,65,66,68,67,65,68,69,72,67,63,69,73,69,61,61,0,0,0,0,0,0,0,0,0,0,0,0,0,0,0,0,0,0,0,0,0,0,0,0,0,0,0,0,0,0,0,22,23.8,16.6,20.9,20.9,14.9,19.6,16.7,23.1,20.9,23.8,11.5,11.9,23.3,21.6,18,20.8,22,23.4,22,22,19.8,18.1,22.3,20.6,18.9,22.5,27.4,22.7,18.8,15.3,23.4,26.6,17.6,22.3,22.3,15.1,22,19.4,24.1,21.6,26.3,12.6,12.6,25.9,24.1,20.5,22.3,23,24.8,24.1,22.7,21.2,20.5,24.8,22,21.6,25.6,30.2,24.1,20.5,17.3,,,,,,22.2204,114.2127
2026-10-09T19:00,26.5,26.7,28.4,26.4,25.7,27.2,26,26.9,26.7,27.2,26.8,26.7,25.9,27.9,26.2,26,26.9,27.4,24.9,25.7,26.9,27.8,27.7,26.2,25.6,25.5,26.3,24.7,26.5,25.7,26.6,25.8,26.6,26.6,25.9,25.1,26.8,25.2,25.9,26.2,73,73,62,73,76,69,75,67,71,75,69,70,76,71,76,77,67,71,73,73,69,68,67,75,70,70,80,82,69,76,72,79,76,68,73,69,72,78,75,72,0,0,0,0,0,0,0,0,0,0,0,0,0,0,0,0,0,0,0,0,0,0,0,0,0,0,0,0,0,0,0,0,0,0,0,0,0,0,0,0,4.7,5.2,3.1,4.3,4.7,4.5,5,3.4,4.3,5.4,5.3,4.1,5.1,4.1,4.9,4.7,3.9,4.1,5.4,4.7,3.4,2.6,4.6,6.8,4.1,3.6,4.7,6.8,4.7,5.9,4,5.4,5.8,4.5,4,3.3,5.1,5.1,4.4,4.3,,,,,,,,,,,,,,,,,,,,,,,,,,,,,,,,,,,,,,,,,26.4,27,26.7,25.6,26.6,26,27.3,27.7,24.9,26.4,26.2,25,26.4,26.1,26.4,26.3,25.5,25.7,25.4,26.2,25.9,26.3,26.7,26.4,26.2,27.6,27.6,26.3,25.6,25.9,26.3,69,74,63,68,65,67,65,63,68,67,71,63,62,72,65,64,69,69,70,69,69,70,70,73,69,66,72,75,70,63,62,0,0,0,0,0,0,0,0,0,0,0,0,0,0,0,0,0,0,0,0,0,0,0,0,0,0,0,0,0,0,0,21.6,25.6,15.9,21.6,20.5,15.3,19.6,16,23,22.7,23.8,11.4,13.3,22.9,21,18.7,22.4,21.3,22.3,21.3,22,19.1,18.2,21.2,20.2,20,22.6,27.4,22,19.8,15.8,23.8,28.8,17.3,24.1,22.3,15.5,22,18.7,24.8,23.4,27,11.5,13.3,25.9,24.1,20.9,24.1,23.4,24.5,23.8,23,21.2,20.5,24.5,22,22.3,25.9,31.3,24.1,21.2,16.9,,,,,,22.2204,114.2127
2026-10-09T20:00,26.1,26.4,28.1,26.1,25.3,26.8,25.7,26.5,26.3,26.8,26.5,26.2,25.5,27.6,25.8,25.5,26.7,27.1,24.9,25.5,26.5,27.6,27.5,25.8,25.4,25,25.9,24.7,26.4,25.4,26.2,25.3,26.3,26.3,25.5,24.9,26.4,24.8,25.5,25.8,76,75,64,76,79,71,78,69,74,79,71,73,79,73,79,81,69,73,73,75,72,70,69,79,72,73,83,83,70,79,75,83,79,70,76,70,75,82,79,75,0,0,0,0,0,0,0,0,0,0,0,0,0,0,0,0,0,0,0,0,0,0,0,0,0,0,0,0,0,0,0,0,0,0,0,0,0,0,0,0,3.6,4,2.5,3.2,3.6,4.3,4,2.3,3.3,4.7,4.5,3.5,4,3.2,3.8,3.6,3.1,3.1,5,4.4,2.3,1.5,3.9,6.2,3.3,2.9,3.6,6.5,3.9,4.8,3.3,4.8,5,4,3.3,2.9,4.1,4,3.3,3.3,,,,,,,,,,,,,,,,,,,,,,,,,,,,,,,,,,,,,,,,,26.2,26.8,26.7,25.5,26.5,25.9,27.1,27.6,24.9,26.2,26.2,25,26.3,26.1,26.4,26.2,25.3,25.6,25.3,26.2,25.7,26.2,26.7,26.4,26.1,27.4,27.5,26.2,25.5,25.8,26.2,71,77,65,70,67,68,68,65,69,70,73,63,64,73,66,65,71,71,71,71,72,71,72,74,71,69,75,76,72,65,63,0,0,0,0,0,0,0,0,0,0,0,0,0,0,0,0,0,0,0,0,0,0,0,0,0,0,0,0,0,0,0,20.9,27.2,15.5,22.3,19.8,15.2,19.2,15.2,23.4,23.8,23.8,11.2,14.8,22.6,20.7,19.1,23.1,20.9,21.2,20.5,22,18.7,18.2,20.5,19.8,20.7,22.4,27.5,21.6,20.1,16.3,23.4,31,16.6,25.6,22,15.5,22,17.6,25.6,25.2,27.4,10.8,14.4,25.9,24.1,21.2,24.8,23.8,24.1,23.4,23.4,20.9,20.9,24.1,21.6,23,25.9,32,24.1,22,16.6,,,,,,22.2204,114.2127
2026-10-09T21:00,25.9,26.3,27.9,26,25.1,26.6,25.4,26.4,26,26.6,26.2,25.9,25.3,27.3,25.6,25.3,26.4,26.8,24.8,25.3,26.2,27.5,27.2,25.6,25.2,24.8,25.7,24.6,26.3,25.2,26,25.1,26.1,26.1,25.3,24.8,26.1,24.6,25.2,25.5,78,77,66,78,81,73,80,70,76,81,72,75,81,75,81,83,71,75,73,77,73,71,70,81,73,75,85,83,71,81,77,85,81,71,77,71,78,84,82,77,0,0,0,0,0,0,0,0,0,0,0,0,0,0,0,0,0,0,0,0,0,0,0,0,0,0,0,0,0,0,0,0,0,0,0,0,0,0,0,0,3.2,3.7,2.5,2.9,3.2,4.3,3.6,2.4,2.5,4.4,4.3,3.2,3.6,3,3.4,3.3,3,2.6,4.7,4.1,1.6,0.8,3.7,5.8,3.1,2.5,3.3,6.1,3.6,4.5,2.9,4.5,4.7,3.6,2.9,2.5,3.7,3.6,2.5,2.5,,,,,,,,,,,,,,,,,,,,,,,,,,,,,,,,,,,,,,,,,26.2,26.6,26.6,25.5,26.4,25.9,26.9,27.4,24.9,26,26.2,25,26.2,26.1,26.4,26.1,25.3,25.5,25.4,26.2,25.6,26.1,26.7,26.4,26,27.2,27.4,26.2,25.5,25.8,26,72,79,67,71,68,69,72,68,70,72,74,63,66,74,68,66,72,73,72,73,74,72,73,75,72,71,77,77,74,67,64,0,0,0,0,0,0,0,0,0,0,0,0,0,0,0,0,0,0,0,0,0,0,0,0,0,0,0,0,0,0,0,19.9,28.3,15.1,22,19.2,14.1,18.8,14.5,23.4,24.1,23.5,11.5,15.9,22.4,20.9,19.5,22,21,20.2,20.5,21.6,18.4,18.4,20.2,18.8,20.1,21.9,27.6,21.2,19.8,16.6,22.3,32.4,15.8,25.9,21.2,14.8,21.6,16.6,25.9,26.3,27.7,11.5,15.8,25.9,24.5,22,24.1,24.1,23.4,23.4,23.4,20.5,21.2,23.8,20.9,22.7,25.6,32.4,23.8,22,16.6,,,,,,22.2204,114.2127
2026-10-09T22:00,25.8,26.2,27.5,25.9,24.9,26.3,25.3,26.3,25.9,26.4,25.9,25.7,25.2,26.9,25.5,25.2,26.1,26.5,24.7,25.1,26,27.3,26.8,25.4,25.1,24.6,25.6,24.5,26.3,25.1,25.9,25,26,25.9,25.1,24.7,25.8,24.4,24.9,25.4,79,78,67,79,82,74,81,70,78,83,73,76,82,77,81,85,73,76,74,79,74,73,72,83,75,77,86,83,71,82,79,86,82,72,78,72,80,85,84,77,0,0,0,0,0,0,0,0,0,0,0,0,0,0,0,0,0,0,0,0,0,0,0,0,0,0,0,0,0,0,0,0,0,0,0,0,0,0,0,0,3.3,3.8,2.6,2.6,3.3,4.3,3.6,2.9,1.8,4,4.3,2.6,3.7,3.3,3.1,3.6,3,2.7,4.7,4,1.5,0.5,4.2,5.8,2.8,2.5,2.9,5.8,3.6,4.9,2.9,4.7,5.2,3.7,2.5,2.9,3.7,3.2,2.6,2.2,,,,,,,,,,,,,,,,,,,,,,,,,,,,,,,,,,,,,,,,,26.1,26.6,26.4,25.5,26.4,25.8,26.7,27.2,24.9,25.9,26.1,25,26,26.1,26.4,25.9,25.4,25.5,25.5,26.2,25.7,26.1,26.7,26.4,25.9,27,27.4,26.3,25.5,25.8,25.8,72,80,69,72,69,69,75,70,72,74,75,64,69,74,69,68,73,74,73,74,74,74,73,75,73,73,78,77,75,69,66,0,0,0,0,0,0,0,0,0,0,0,0,0,0,0,0,0,0,0,0,0,0,0,0,0,0,0,0,0,0,0,18.8,28.8,14.4,21.4,18.1,12.6,18.5,14.1,23.5,24.2,23.8,12.3,16.6,22.5,21.5,20.3,20.3,21.8,19.1,20.6,21,17.7,18.9,20.4,17.5,18.7,21.7,27.3,20.9,18.8,16.9,21.2,33.5,15.5,25.2,20.5,13.7,21.2,15.1,26.3,27.4,27.7,13,17.6,25.9,24.8,22.7,22.7,24.8,22.7,23.4,23.4,20.2,22,23.8,20.2,21.6,25.6,32.4,23.4,21.2,16.9,,,,,,22.2204,114.2127
2026-10-09T23:00,25.9,26.1,27.2,25.8,24.9,26.1,25.1,26.3,25.7,26.3,25.6,25.5,25.2,26.5,25.4,25.2,25.9,26.1,24.6,25,25.8,27.2,26.5,25.3,24.9,24.5,25.6,24.5,26.2,25.1,25.8,24.9,26,25.7,25.1,24.6,25.4,24.4,24.7,25.3,79,80,69,79,83,75,82,70,79,85,74,78,83,79,82,87,75,78,75,81,74,74,73,83,76,78,86,83,72,83,81,86,83,72,78,74,83,86,86,78,0,0,0,0,0,0,0,0,0,0,0,0,0,0,0,0,0,0,0,0,0,0,0,0,0,0,0,0,0,0,0,0,0,0,0,0,0,0,0,0,3.8,4.2,2.5,3.1,3.3,4.3,4.1,4.1,1.1,4.1,4.4,2.2,4.2,3.6,3.5,4,3,3.1,4.3,4,2.1,0.8,5.2,6.4,3.1,2.5,3.3,5.8,3.6,5.7,3,5,6,3.6,2.7,2.9,3.9,3.8,2.9,2.3,,,,,,,,,,,,,,,,,,,,,,,,,,,,,,,,,,,,,,,,,26.1,26.5,26.3,25.6,26.4,25.8,26.6,27,24.9,25.8,26.1,25,25.9,26,26.4,25.8,25.5,25.5,25.5,26.2,25.8,26,26.7,26.4,25.9,26.8,27.3,26.3,25.5,25.8,25.7,73,80,70,73,70,70,78,73,73,75,75,64,71,74,71,70,73,75,73,75,75,75,74,76,73,75,79,77,76,71,67,0,0,0,0,0,0,0,0,0,0,0,0,0,0,0,0,0,0,0,0,0,0,0,0,0,0,0,0,0,0,0,17.8,29.5,14.1,21,17.9,12.1,18.2,13.7,23.7,25.1,23.7,13.1,17.8,22.8,22.1,20.5,18.8,22.3,18.5,20.8,20.4,17.6,19.9,21,17,18.2,21.4,26.8,20.7,18.3,16.9,20.2,34.6,15.1,25.2,19.8,13.3,21.2,14.8,26.6,28.8,27.7,14,19.1,25.9,25.2,23,21.2,25.2,22,23.8,23.4,20.2,23,24.1,19.8,21.2,25.2,32,23,20.9,17.3,,,,,,22.2204,114.2127
2026-10-10T00:00,25.9,26,26.9,25.8,24.9,25.8,25,26.3,25.7,26.2,25.3,25.4,25.2,26.1,25.4,25.2,25.6,25.8,24.5,24.9,25.6,27.1,26.1,25.3,24.8,24.5,25.5,24.4,26.2,25.1,25.7,24.9,26,25.6,25.1,24.5,25.1,24.3,24.6,25.2,79,81,70,79,83,76,83,69,80,85,74,79,83,80,82,88,77,79,76,82,74,75,73,84,77,79,86,83,72,84,82,86,83,72,78,75,86,86,88,78,0,0,0,0,0,0,0,0,0,0,0,0,0,0,0,0,0,0,0,0,0,0,0,0,0,0,0,0,0,0,0,0,0,0,0,0,0,0,0,0,4.7,4.7,2.9,3.7,3.8,4.3,5,5.4,1,4.3,4.5,2.1,5.2,4,4,4.7,3.4,3.7,4.3,3.6,2.7,1.4,6.1,7.1,2.9,3.1,3.8,5.4,4.2,6.8,3.5,5.8,6.8,4,3.1,2.9,3.9,4,3.1,2.3,,,,,,,,,,,,,,,,,,,,,,,,,,,,,,,,,,,,,,,,,26,26.3,26.2,25.6,26.3,25.7,26.5,26.8,24.9,25.7,26.1,25,25.7,25.9,26.3,25.7,25.5,25.4,25.5,26.1,25.8,26,26.6,26.3,25.8,26.7,27.2,26.3,25.4,25.8,25.6,74,80,70,74,71,70,79,75,74,76,75,64,72,74,72,72,73,76,73,75,75,76,75,77,73,77,80,78,76,72,68,0,0,0,0,0,0,0,0,0,0,0,0,0,0,0,0,0,0,0,0,0,0,0,0,0,0,0.1,0,0,0,0,17.4,30.3,13.6,21.4,18.1,12.3,18.7,14.3,23.9,27,24,14.1,18.7,23.6,22.4,20.7,18.6,23,18.6,21,20.3,17.5,20.9,21.9,17.2,18.7,21.6,26,20.9,18.1,16.3,19.8,35.6,14.8,25.6,19.8,13.7,21.6,15.5,27,31,27.7,15.1,20.5,26.3,25.2,23,20.9,25.6,21.6,23.8,23,20.2,24.1,24.8,19.8,21.6,25.2,31,23.4,20.5,17.3,,,,,,22.2204,114.2127
2026-10-10T01:00,26,26,26.6,25.8,24.9,25.6,24.9,26.3,25.6,26.1,25.1,25.3,25.2,25.8,25.4,25.2,25.4,25.6,24.5,24.8,25.5,27,25.8,25.2,24.7,24.5,25.5,24.4,26.2,25.1,25.7,24.9,26,25.4,25.1,24.4,24.8,24.3,24.5,25.2,79,82,72,79,83,77,83,69,80,86,74,79,83,81,82,89,78,80,77,83,73,75,74,83,78,80,86,82,73,83,83,85,83,72,77,77,87,85,89,78,0,0,0,0,0,0,0,0,0,0,0,0,0,0,0,0,0,0,0,0,0,0,0,0,0,0,0,0,0,0,0,0,0,0,0,0,0,0,0,0,5.3,5.2,2.9,4.1,4.3,4.4,5.6,6.6,1.5,4.9,4.9,2.5,5.8,4.7,4.5,5.4,3.5,4.4,4,3.8,3.3,1.8,6.9,8.1,3.2,3.2,4,5.4,4.3,7.3,3.7,6.2,7.9,4,3.6,3.3,4.3,4.7,3.8,2.8,,,,,,,,,,,,,,,,,,,,,,,,,,,,,,,,,,,,,,,,,25.9,26.2,26.2,25.5,26.2,25.7,26.4,26.6,24.8,25.5,26.1,25,25.6,25.8,26.2,25.5,25.5,25.3,25.5,26,25.7,25.9,26.5,26.1,25.8,26.5,27.1,26.2,25.4,25.7,25.6,74,80,70,74,73,71,80,78,75,76,75,65,73,74,73,73,73,76,74,76,76,76,75,77,74,78,80,79,76,72,68,0,0,0,0,0,0,0,0,0,0,0,0,0,0,0,0,0,0,0,0,0,0,0,0,0,0,0.1,0,0,0,0,17.8,31,13.1,22.1,18.4,13.2,19.4,15.6,24.2,29.5,24.2,14.7,20,24.4,22.6,20.8,18.5,23.2,19.2,21.2,20.7,17.8,22.8,23.3,17.8,20,21.6,25.3,22,18.4,15.9,19.4,36.7,14.8,25.9,20.5,14.4,22,16.9,27,33.1,27.4,15.8,21.6,26.6,25.6,23,20.5,25.6,21.2,24.1,22.7,20.2,25.6,25.9,19.8,22.7,25.6,29.5,24.5,20.2,16.9,,,,,,22.2204,114.2127
2026-10-10T02:00,26,26,26.4,25.8,24.9,25.5,24.9,26.3,25.6,26,24.9,25.2,25.2,25.5,25.4,25.2,25.2,25.4,24.4,24.8,25.3,27,25.5,25.2,24.7,24.5,25.5,24.4,26.1,25.1,25.6,24.9,25.9,25.4,25.2,24.3,24.6,24.3,24.5,25.1,79,82,72,79,83,77,83,69,80,86,74,80,83,81,82,89,79,80,78,84,73,75,74,83,78,81,86,81,73,83,83,85,83,72,77,78,88,85,89,78,0,0,0,0,0,0,0,0,0,0,0,0,0,0,0,0,0,0,0,0,0,0,0,0,0,0,0,0,0,0,0,0,0,0,0,0,0,0,0,0,5.5,5.3,3.3,4.6,4.5,4.5,6.3,7.1,1.8,5.4,4.9,2.6,6.5,5,4.7,5.5,3.9,4.7,4,4,3.7,2.2,7.4,8.5,3.5,3.4,4.5,5.4,4.7,7.8,4.4,6.4,8.6,4,3.8,3.3,4.7,5.1,4.1,3.4,,,,,,,,,,,,,,,,,,,,,,,,,,,,,,,,,,,,,,,,,25.7,26.1,26.1,25.5,26,25.6,26.3,26.4,24.8,25.3,26.1,25,25.5,25.7,26.1,25.4,25.5,25.2,25.4,25.9,25.6,25.8,26.3,26,25.8,26.4,27,26,25.3,25.7,25.5,75,80,70,75,74,71,80,79,75,76,75,65,74,74,74,74,73,76,74,76,76,76,76,78,74,79,80,80,76,72,69,0,0,0,0,0,0,0,0,0,0,0,0,0,0,0,0,0,0,0,0,0,0,0,0,0,0,0.1,0,0,0,0,18.3,31.1,13.4,23.2,18.6,14.5,20.6,16.9,24.5,31.3,24.3,15.4,21,24.6,22.7,20.6,18.5,24.4,19.8,21.7,20.9,18.5,23.9,24.4,18.5,20.7,22.3,24.4,22.8,18.7,15.9,19.8,37.1,14.8,26.6,20.5,15.5,23,18.4,27.4,34.9,27.4,16.6,22.7,26.6,25.2,22.7,20.2,26.3,21.6,24.5,22.7,20.5,26.6,27,20.2,23.4,25.9,28.1,25.2,19.8,16.9,,,,,,22.2204,114.2127
2026-10-10T03:00,25.9,25.9,26.3,25.8,24.8,25.3,24.8,26.2,25.6,25.9,24.8,25.2,25.2,25.3,25.4,25.2,25.1,25.2,24.4,24.8,25.2,26.9,25.3,25.1,24.7,24.4,25.4,24.5,26,25.1,25.5,24.9,25.8,25.3,25.2,24.2,24.5,24.3,24.5,25.1,79,82,72,79,83,77,83,70,80,86,74,81,83,80,83,89,79,80,79,84,73,74,74,82,78,82,86,80,74,82,83,85,83,72,77,79,88,84,89,79,0,0,0,0,0,0,0,0,0,0,0,0,0,0,0,0,0,0,0,0,0,0,0,0,0,0,0,0,0,0,0,0,0,0,0,0,0,0,0,0,5.7,5.2,3.6,4.8,4.7,4.5,6.5,6.9,2.2,5.6,4.9,2.7,6.7,5.4,4.6,5.4,4.2,5.1,4,4.4,4,2.5,7.5,8.7,3.9,3.6,5,5.8,4.6,7.6,4.6,6.2,9,4,3.9,3.3,5,5.4,4.3,3.7,,,,,,,,,,,,,,,,,,,,,,,,,,,,,,,,,,,,,,,,,25.5,26,26,25.3,25.9,25.4,26.2,26.2,24.7,25.2,26,24.9,25.3,25.5,25.9,25.3,25.4,25,25.2,25.8,25.5,25.6,26,25.8,25.7,26.2,26.8,25.8,25.1,25.5,25.3,76,80,71,76,74,72,80,80,75,76,75,66,75,74,75,74,72,77,75,77,77,77,77,79,75,80,80,81,76,71,70,0,0,0,0,0,0,0,0,0,0,0,0,0,0,0,0,0,0,0.1,0,0,0,0,0,0,0.1,0.1,0,0,0,0,19.5,30.7,14.3,24.3,18.4,16.2,22.3,17.7,25.5,32,24.3,15.8,22,24.2,22.4,19.7,17.9,26.1,20.7,22.2,21.6,19.7,24.7,25.4,19.3,20.9,23.4,23.5,24.3,18.4,16.9,21.2,36.4,15.5,27.7,20.2,17.3,24.8,19.1,28.1,36.4,27.7,16.9,23.8,25.9,24.8,21.6,19.4,28.1,22.7,25.2,23,21.6,27.7,28.4,20.9,23.8,27,26.6,26.6,19.1,17.6,,,,,,22.2204,114.2127
2026-10-10T04:00,25.8,25.8,26.3,25.7,24.8,25.1,24.8,26.1,25.6,25.8,24.7,25.1,25.1,25,25.4,25,25,25.1,24.3,24.9,25,26.8,25.1,25,24.7,24.4,25.3,24.5,25.9,25,25.4,24.7,25.7,25.3,25.2,24.1,24.4,24.2,24.5,25,80,82,71,79,84,77,83,71,79,85,74,82,82,78,83,89,79,79,79,83,72,72,74,81,79,83,86,79,74,81,83,84,83,71,78,81,86,84,88,81,0,0,0,0,0,0,0,0,0,0,0,0,0,0,0,0,0,0,0,0,0,0,0,0,0,0,0,0,0,0,0,0,0,0,0,0,0,0,0,0,5.4,5.1,3.6,4.8,4.6,4.7,6.7,6.6,2.5,5.5,5.2,2.6,6.6,6.1,4.8,5.3,4.5,5.4,4,4.9,4.3,2.9,7.4,8.4,3.9,3.8,5.4,6.5,4.8,6.6,5.4,5.8,9.2,4,3.9,3,5.5,5.6,4.3,4,,,,,,,,,,,,,,,,,,,,,,,,,,,,,,,,,,,,,,,,,25.3,25.9,25.9,25.1,25.7,25.3,26.1,26.1,24.6,25,25.8,24.9,25.1,25.3,25.7,25.1,25.2,24.7,25,25.6,25.3,25.4,25.6,25.6,25.6,26.1,26.6,25.6,24.8,25.3,25.1,77,80,72,76,74,73,80,79,75,76,74,67,77,74,75,74,71,77,76,78,77,78,78,79,76,80,80,81,77,70,72,0,0,0,0,0,0,0,0,0,0,0,0,0,0,0,0,0,0,0.1,0,0,0,0,0,0,0.1,0.1,0,0,0,0,21.5,30,15.1,25.6,17.7,18.1,24.3,18.2,26.7,32,24.5,15.9,22.9,22.7,22,18.4,16.9,27.7,21.6,23,22.4,21.3,25.1,26.5,20.1,21.3,24.8,22.7,25.7,17.6,18,23,35.3,16.2,29.2,19.1,19.1,26.6,19.8,29.2,37.1,28.1,16.6,24.8,24.5,24.1,20.5,18.7,30.6,23.8,26.3,24.1,22.7,28.4,29.9,22,24.1,28.8,25.6,27.7,18.7,18.7,,,,,,22.2204,114.2127
2026-10-10T05:00,25.6,25.7,26.3,25.6,24.7,24.9,24.8,26,25.7,25.7,24.7,25,25,24.8,25.4,24.9,25,24.9,24.2,25,24.8,26.7,25,24.8,24.8,24.4,25.2,24.6,25.8,25,25.3,24.6,25.5,25.2,25.2,23.9,24.4,24.2,24.6,25,80,81,70,79,84,76,82,72,78,84,74,82,82,76,84,89,79,78,80,82,71,69,73,79,79,83,87,77,75,79,83,84,83,71,78,83,85,83,87,83,0,0,0,0,0,0,0,0,0,0,0,0,0,0,0,0,0,0,0,0,0,0,0,0,0,0,0,0,0,0,0,0,0,0,0,0,0,0,0,0,5.4,4.8,4,5.1,4.8,5.1,6.7,5.9,2.9,5.8,5.2,2.2,6.6,6.8,4.7,5.4,4.7,5.8,4,5.6,4.7,3.6,7,8.2,4.2,3.9,6.1,6.8,4.8,6.2,5.9,5.6,9.7,4.3,4,2.6,5.8,5.6,4.3,4,,,,,,,,,,,,,,,,,,,,,,,,,,,,,,,,,,,,,,,,,25.2,25.9,25.7,24.9,25.6,25.2,26,26,24.5,24.9,25.7,24.8,25,25.2,25.5,25.1,25.1,24.5,24.9,25.5,25.2,25.2,25.4,25.5,25.5,26,26.5,25.5,24.7,25.2,25,78,79,72,76,73,74,80,79,75,76,73,67,78,74,75,72,70,77,77,79,77,78,79,79,76,80,80,81,77,69,73,0,0,0,0,0,0,0,0,0,0,0,0,0,0,0,0,0,0,0.1,0,0,0,0,0,0,0.1,0.1,0,0,0,0,22.4,28.7,16.1,26.1,17.4,19.5,25.3,18.3,27.1,31.7,24.1,15.6,23.5,21.6,21.3,17.3,16.3,28.6,22.1,23.2,22.6,22.1,25.1,26.6,20.5,21,25.4,21.4,26,17.1,18.5,24.1,33.5,16.9,29.5,18.4,20.5,27.7,19.8,29.5,37.1,28.1,16.2,25.6,23,23,19.4,18.4,31.7,24.5,26.6,24.1,23.4,28.4,30.2,22.3,23.4,29.2,23.8,28.1,18,19.1,,,,,,22.2204,114.2127
2026-10-10T06:00,25.5,25.7,26.4,25.6,24.7,24.8,24.8,26,25.8,25.7,24.7,25.1,25,24.6,25.4,24.9,25,24.9,24.3,25.2,24.8,26.7,24.9,24.8,25,24.4,25.2,24.8,25.7,25,25.3,24.6,25.4,25.3,25.3,23.9,24.5,24.3,24.8,25,79,81,68,79,84,75,81,73,77,83,73,82,80,73,84,88,78,77,80,81,70,67,72,77,78,84,86,76,76,77,82,83,82,70,78,84,82,81,85,84,0,0,0,0,0,0,0,0,0,0,0,0,0,0,0,0,0,0,0,0,0,0,0,0,0,0,0,0,0,0,0,0,0,0,0,0,0,0,0,0,5.1,4.8,4.3,5.1,5.1,5.4,6.7,5.4,3.2,5.9,5.4,2.2,6.4,7.6,5.2,5.7,4.7,6.2,4,6.1,5.1,4,7.1,8.1,4.2,4,6.9,7.6,4.7,5.4,6.1,5.4,9.9,4.3,3.9,2.6,6.3,5.9,4.6,4.5,,,,,,,,,,,,,,,,,,,,,,,,,,,,,,,,,,,,,,,,,25.1,25.9,25.6,24.9,25.5,25.1,25.9,25.9,24.4,25,25.6,24.8,24.9,25.1,25.4,25.1,25.1,24.5,24.8,25.5,25.2,25.2,25.3,25.4,25.4,25.9,26.4,25.5,24.6,25.2,24.9,78,78,72,75,71,74,80,79,74,75,72,66,78,73,73,69,69,76,76,78,76,77,78,79,76,79,79,79,76,67,73,0,0,0,0,0,0,0,0,0,0,0,0,0,0,0,0,0,0,0,0,0,0,0,0,0,0,0,0,0,0,0,22.2,27.1,16.4,25.3,17.1,20,24.7,18.1,25.9,30.6,23,14,23.5,19.9,19.9,16.6,16,28,21.6,22.7,21.6,21.5,24.6,25.6,20.2,19.5,24.3,19.3,24.8,16.6,17.7,24.1,31.7,17.3,28.4,17.6,20.9,27,19.4,28.4,35.6,27,15.1,25.6,21.6,21.6,19.1,18.4,31,23.4,25.9,23,23,27.7,29.2,22,21.2,27.7,20.9,26.3,17.3,18.7,,,,,,22.2204,114.2127
2026-10-10T07:00,25.6,25.8,26.6,25.7,24.9,24.9,25,26,25.9,25.8,24.9,25.2,25.1,24.7,25.6,25,25.1,25,24.4,25.5,24.8,26.8,24.9,24.9,25.2,24.5,25.3,25,25.7,25.1,25.3,24.7,25.5,25.4,25.5,23.9,24.7,24.4,25,25.2,79,79,67,78,83,74,80,73,75,81,72,82,79,71,84,86,76,75,79,79,69,64,71,75,78,83,85,74,75,74,81,81,81,68,77,85,80,79,83,84,0,0,0,0,0,0,0,0,0,0,0,0,0,0,0,0,0,0,0,0,0,0,0,0,0,0,0,0,0,0,0,0,0,0,0,0,0,0,0,0,5.4,5.1,4.3,5.2,5.2,5.8,6.9,4.7,3.6,6.3,5.5,2.2,6.6,8,5.4,6.1,5.1,6.6,4,6.6,5.4,4.4,7.3,8.2,4.7,4.3,7.4,8.4,4.7,4.8,6.6,5.4,10.2,4.4,3.9,2.6,6.9,5.9,4.8,4.5,,,,,,,,,,,,,,,,,,,,,,,,,,,,,,,,,,,,,,,,,25.1,25.9,25.5,24.9,25.6,25.1,25.8,25.9,24.5,25.1,25.6,24.8,24.9,25.1,25.4,25.2,25.1,24.5,24.8,25.5,25.2,25.2,25.4,25.4,25.4,26,26.4,25.5,24.6,25.2,24.9,76,77,71,74,69,74,79,78,73,73,71,65,77,71,71,64,67,75,75,77,73,76,77,78,75,77,78,77,74,65,72,0,0,0,0,0,0,0,0,0,0,0,0,0,0,0,0,0,0,0,0,0,0,0,0,0,0,0,0,0,0,0,21.6,25.4,16.4,24,16.5,20.1,23.4,17.9,24.5,28.8,21.6,12.4,23.2,18.3,17.8,15.9,16.4,26.4,20.6,21.9,19.7,20.7,24,24.1,20,17.1,22.3,16.3,22.6,15.9,16.9,23.4,29.2,17.3,26.3,17.3,20.5,25.2,18.7,26.6,33.1,25.6,14,24.8,19.8,19.4,19.1,18.4,29.2,22,24.1,21.2,22,25.9,27,20.9,18.7,25.2,17.6,23.4,16.9,17.6,,,,,,22.2204,114.2127
2026-10-10T08:00,25.8,26.1,26.9,25.9,25.1,25.1,25.3,26.2,26.2,26,25.2,25.6,25.3,24.9,25.9,25.3,25.5,25.3,24.7,25.8,25.1,27,25.2,25.1,25.5,24.8,25.5,25.4,26,25.4,25.5,25,25.7,25.7,25.8,24.1,25,24.7,25.4,25.5,77,77,65,77,81,72,78,72,73,78,71,80,77,68,82,83,74,73,78,77,67,62,70,73,76,82,83,72,74,72,79,79,79,67,76,84,77,77,80,83,0,0,0,0,0,0,0,0,0,0,0,0,0,0,0,0,0,0,0,0,0,0,0,0,0,0,0,0,0,0,0,0,0,0,0,0,0,0,0,0,5.4,5.1,4.7,5.5,5.4,5.8,7.2,5,4,6.6,5.6,2.5,6.9,8.5,5.8,6.4,5.5,6.8,4,7.1,5.8,4.9,7.3,8.2,4.8,4.5,7.9,8.8,4.8,4.8,7.1,5.7,10.2,4.6,4,2.9,7.1,6.4,5.1,4.7,,,,,,,,,,,,,,,,,,,,,,,,,,,,,,,,,,,,,,,,,25.3,26.1,25.5,25.1,25.7,25.2,25.9,26,24.6,25.3,25.7,25,25.1,25.2,25.5,25.4,25.2,24.7,24.9,25.6,25.4,25.4,25.6,25.5,25.4,26.1,26.5,25.8,24.8,25.4,25.1,74,75,70,72,67,73,78,76,71,71,70,63,76,68,68,60,65,73,73,75,71,74,75,76,74,74,76,74,72,62,70,0,0,0,0,0,0,0,0,0,0,0,0,0,0,0,0,0,0,0,0,0,0,0,0,0,0,0,0,0,0,0,20.3,23.2,16.3,22.1,16.3,20,21.7,17.3,22.6,26.4,20.7,11.6,22.4,16.8,16.3,16.1,16.6,24.7,19.2,20.7,18.1,19.5,22.4,22.3,19.1,15.5,20.7,14.5,20,15.7,15.8,22,26.6,17.3,24.1,16.9,19.8,23,18,24.5,30.2,24.1,13.3,23.8,18.4,17.6,19.1,18.7,27,20.2,22.7,19.8,20.9,24.1,24.8,19.8,16.6,23.4,15.5,20.5,16.6,16.6,,,,,,22.2204,114.2127
2026-10-10T09:00,26.3,26.7,27.4,26.3,25.7,25.7,25.8,26.7,26.7,26.6,25.8,26.2,25.8,25.5,26.4,26,26.1,25.8,25.4,26.3,25.6,27.4,25.7,25.7,26.1,25.2,26,26.1,26.5,26,26,25.6,26.2,26.2,26.3,24.6,25.5,25.3,26,26,74,74,63,74,77,69,75,70,70,74,68,76,74,65,78,78,71,70,75,74,64,60,68,70,73,79,79,69,71,69,76,75,76,65,73,82,74,74,76,79,0,0,0,0,0,0,0,0,0,0,0,0,0,0,0,0,0,0,0,0,0,0,0,0,0,0,0,0,0,0,0,0,0,0,0,0,0,0,0,0,5.9,5.6,5.2,6.1,5.9,5.9,8,5.8,4.6,7.2,6,3.3,7.7,9,6.4,6.9,6.2,7.2,4.3,7.7,6.2,5.5,7.6,8.6,5.2,4.8,8.2,9.4,5.4,5.4,7.6,5.9,10.2,5,4.4,3.6,7.5,7.1,5.6,4.9,,,,,,,,,,,,,,,,,,,,,,,,,,,,,,,,,,,,,,,,,25.7,26.4,25.9,25.4,25.9,25.4,26.2,26.3,24.9,25.6,26,25.5,25.5,25.6,25.9,25.8,25.7,25,25.3,25.9,25.7,25.7,26,25.8,25.7,26.5,26.7,26.3,25.2,25.8,25.6,70,72,67,69,64,71,75,72,68,68,68,60,73,64,65,57,61,70,69,72,68,71,71,73,71,69,73,70,68,59,66,0,0,0,0,0,0,0,0,0,0,0,0,0,0,0,0,0,0,0,0,0,0,0,0,0,0,0,0,0,0,0,18.3,20.7,15.8,19.8,16,19.2,19.6,16.6,20.4,23.5,20.2,11.8,20.6,15.6,14.8,16.5,16.8,22,17.6,19.7,17.1,18.4,20.1,20.3,17.8,14.8,19.7,13.8,17.4,15.5,14.8,19.4,23.8,16.6,21.6,16.6,19.1,20.5,16.9,22,26.3,23.4,13.3,22,17.6,16.2,19.4,19.1,23.8,18.7,21.2,18.7,19.4,21.2,22.7,18.7,15.8,22.3,14.8,18.4,16.2,15.8,,,,,,22.2204,114.2127
2026-10-10T10:00,27.1,27.5,28.2,27,26.5,26.6,26.6,27.4,27.5,27.4,26.6,27.1,26.6,26.5,27.3,27,27,26.7,26.3,26.9,26.5,28.1,26.5,26.5,26.9,25.9,26.8,27,27.3,26.8,26.7,26.5,27,27,27.1,25.3,26.4,26.1,26.8,26.8,69,69,60,71,72,65,70,66,65,68,65,71,70,62,72,71,66,66,70,71,61,57,65,67,68,75,73,66,66,66,71,70,71,62,69,78,69,69,71,74,0,0,0,0,0,0,0,0,0,0,0,0,0,0,0,0,0,0,0,0,0,0,0,0,0,0,0,0,0,0,0,0,0,0,0,0,0,0,0,0,6.4,6.1,5.8,7,6.4,6.3,8.6,7.1,5.2,7.7,6.7,4.6,8.8,9.5,7.5,7.5,6.8,7.7,5.6,8.1,6.6,6.2,8.7,9,6.4,5.2,8.4,10,6.3,6.5,8.2,6.6,10.5,6.4,5.1,5.2,7.9,7.6,6.4,5.1,,,,,,,,,,,,,,,,,,,,,,,,,,,,,,,,,,,,,,,,,26.2,26.9,26.4,25.9,26.3,25.7,26.7,26.7,25.3,26,26.5,26.1,26,26.1,26.4,26.3,26.3,25.5,25.9,26.4,26.1,26.1,26.5,26.2,26.2,27.1,27.1,26.9,25.8,26.3,26.2,65,69,62,66,61,69,71,68,64,65,65,56,69,60,61,54,57,67,65,69,65,67,67,70,66,63,70,65,63,56,61,0,0,0,0,0,0,0,0,0,0,0,0,0,0,0,0,0,0,0,0,0,0,0,0,0,0,0,0,0,0,0,15.6,18.3,15.3,17.5,15.3,18.4,17.3,15.6,18.1,20,20,12.1,18.7,14.2,13.7,17.1,17.1,18.8,16.1,18.5,16.3,16.9,17,18.2,16.1,14.8,19.2,14.1,14.9,15.5,14,16.6,20.5,15.5,18.7,16.2,18,17.6,15.8,19.1,21.6,23,14,19.4,17.3,14.8,19.8,19.4,19.8,17.6,19.8,17.6,18,18.4,20.5,17.3,15.8,22,14.8,16.6,16.2,15.1,,,,,,22.2204,114.2127
2026-10-10T11:00,28.1,28.6,29,27.7,27.4,27.6,27.5,28.2,28.3,28.4,27.6,28.1,27.4,27.6,28.2,28.1,28.1,27.7,27.4,27.6,27.4,28.9,27.4,27.5,27.8,26.7,27.7,28,28.2,27.7,27.6,27.6,27.9,27.9,28.1,26.1,27.3,27.1,27.7,27.7,63,63,56,67,66,60,65,62,60,61,61,64,65,59,65,64,60,62,65,67,57,55,62,64,63,70,67,62,61,62,66,64,66,58,64,73,65,65,65,67,0,0,0,0,0,0,0,0,0,0,0,0,0,0,0,0,0,0,0,0,0,0,0,0,0,0,0,0,0,0,0,0,0,0,0,0,0,0,0,0,7.4,7.3,6.9,7.9,7.3,7.3,9.7,8.6,6.1,8.7,7.9,6.3,9.8,10.2,8.7,7.9,8.4,8.9,7.2,8.7,7.6,7.4,10,9.7,7.4,6.5,8.7,10.9,7.9,7.9,8.8,7.5,10.9,7.7,5.9,7.1,8.7,8.7,7.3,5.6,,,,,,,,,,,,,,,,,,,,,,,,,,,,,,,,,,,,,,,,,26.6,27.3,26.8,26.3,26.6,26,27.1,27,25.6,26.4,26.9,26.6,26.4,26.5,26.8,26.7,26.8,25.8,26.3,26.7,26.5,26.4,27,26.6,26.5,27.5,27.4,27.5,26.3,26.7,26.7,61,67,59,63,59,67,67,64,61,63,63,53,66,57,58,52,54,64,61,67,63,64,63,67,63,59,67,62,59,54,57,0,0,0,0,0,0,0,0,0,0,0,0,0,0,0,0,0,0,0,0,0,0,0,0,0,0,0,0,0,0,0,13.3,15.8,14,15.4,14.8,17.1,15.1,14.6,16,16.4,19.4,12.5,16.8,13.1,12.3,17,16.4,16.1,14.6,17.2,15.4,15.7,14.4,16.6,14.8,14.5,18.7,13.8,13.3,15.3,13,14.4,18,14.8,16.6,16.2,16.9,15.5,14.8,16.9,18,22.7,14.4,17.6,16.9,13.3,20.2,19.4,16.9,16.6,18.7,16.6,16.6,15.8,18.7,16.2,15.8,21.6,15.1,15.1,16.2,14.4,,,,,,22.2204,114.2127
2026-10-10T12:00,29,29.5,29.8,28.5,28.2,28.6,28.4,29,29.1,29.3,28.5,29.1,28.2,28.7,29.1,29.2,29.1,28.6,28.4,28.3,28.4,29.7,28.3,28.5,28.6,27.5,28.5,29,29.1,28.6,28.4,28.6,28.8,28.7,28.9,27,28.2,28,28.5,28.6,58,58,53,63,61,56,60,57,55,55,57,58,61,56,58,57,55,58,60,64,53,53,59,61,58,65,61,59,56,59,61,59,62,55,60,69,61,60,60,61,0,0,0,0,0,0,0,0,0,0,0,0,0,0,0,0,0,0,0,0,0,0,0,0,0,0,0,0,0,0,0,0,0,0,0,0,0,0,0,0,8.2,8.2,7.9,8.9,7.9,7.7,10.5,9.9,6.9,9.9,9.3,7.8,11.4,10.5,9.7,8.4,9.7,9.8,8.9,9.2,8.7,8.2,11.5,10.2,8.6,7.6,8.7,11.5,9.2,9.6,9.5,8.4,11.1,9.2,6.9,9,9.4,9.5,8.1,6,,,,,,,,,,,,,,,,,,,,,,,,,,,,,,,,,,,,,,,,,26.9,27.6,26.8,26.6,26.8,26.2,27.3,27.1,25.8,26.8,27.1,26.8,26.6,26.7,27,26.9,27.2,25.9,26.6,26.9,26.7,26.6,27.2,26.8,26.6,27.5,27.5,27.7,26.5,26.9,27,59,66,59,61,57,65,65,62,59,61,62,53,64,56,57,53,53,63,59,66,62,62,61,65,62,58,66,61,58,54,55,0,0,0,0,0,0,0,0,0,0,0,0,0,0,0,0,0,0,0,0,0,0,0,0,0,0,0,0,0,0,0,12.1,13.6,12.8,13.7,14.3,16.1,13.4,13.5,15.1,13.8,18.6,12.7,15.8,12.2,10.8,16.3,15.1,14.7,13.5,16.1,13.8,15,12.9,15.6,14.4,14.2,17.6,12.9,12.8,15.1,11.5,13.3,15.8,14,15.1,16.2,15.8,14.4,14.4,16.6,15.8,22,14.8,16.9,16.2,12.2,19.8,18.7,15.8,15.5,18,15.5,15.8,14.8,18,15.8,15.5,20.9,15.1,14.8,16.9,13.7,,,,,,22.2204,114.2127
2026-10-10T13:00,29.7,30.2,30.4,29,28.9,29.4,29,29.6,29.6,30.1,29.3,29.9,28.9,29.6,29.8,30,29.9,29.4,29.2,28.8,29.2,30.2,29.1,29.2,29.3,28,29.2,29.7,29.8,29.2,29,29.4,29.5,29.3,29.6,27.7,28.9,28.7,29.2,29.2,54,54,51,60,57,53,56,54,52,51,54,53,58,54,53,52,52,56,56,61,51,52,57,59,55,61,56,57,52,57,57,55,58,53,57,65,58,57,56,56,0,0,0,0,0,0,0,0,0,0,0,0,0,0,0,0,0,0,0,0,0,0,0,0,0,0,0,0,0,0,0,0,0,0,0,0,0,0,0,0,8.5,8.7,8.7,9.5,8.8,8.4,11.1,10.9,7.8,10.5,10,9,12.3,11,10.6,8.8,10.8,10.6,10.5,9.4,9.4,9,12.6,10.9,9.5,9,8.5,12.5,10.2,10.5,9.5,9,11.1,10.5,7.6,10,9.7,10.1,8.7,6.4,,,,,,,,,,,,,,,,,,,,,,,,,,,,,,,,,,,,,,,,,27,27.8,26.7,26.8,27,26.4,27.6,27.2,25.9,27.1,27.2,26.9,26.7,26.8,27.1,27,27.5,25.8,26.8,27,26.8,26.7,27.4,27.1,26.7,27.4,27.6,27.9,26.5,27.1,27.3,59,65,59,60,56,63,63,62,59,60,61,54,64,57,58,55,54,64,57,66,61,62,60,64,62,58,66,61,58,56,54,0,0,0,0,0,0,0,0,0,0,0,0,0,0,0,0,0,0,0,0,0,0,0,0,0,0,0,0,0,0,0,11.8,12.4,12,13.2,14.3,14.8,12.8,12.9,15,11.9,18.6,13.7,15.7,12.1,9.7,15.9,14.8,14.6,12.9,15.8,12.7,14.4,12.4,15.5,14.6,14,16.8,12.9,13.6,16.1,10.6,13.3,14.4,13.3,14.8,16.2,15.1,14.4,14,16.9,14.4,21.2,15.1,16.9,15.5,11.5,19.1,17.6,15.5,14.8,17.6,14.4,15.8,14.4,17.6,15.8,15.5,20.2,15.1,15.1,17.6,13.3,,,,,,22.2204,114.2127
2026-10-10T14:00,30.1,30.6,30.7,29.2,29.1,29.8,29.3,29.9,29.9,30.5,29.7,30.3,29.1,30.1,30.1,30.4,30.3,29.7,29.7,29,29.6,30.5,29.5,29.6,29.5,28.3,29.5,30.2,30.2,29.5,29.3,29.7,29.8,29.6,29.9,28.1,29.3,29.1,29.5,29.6,53,53,50,59,55,51,55,52,51,49,53,50,57,53,51,50,50,55,55,60,50,52,56,58,54,59,54,56,51,56,56,54,57,53,55,63,57,56,54,53,0,0,0,0,0,0,0,0,0,0,0,0,0,0,0,0,0,0,0,0,0,0,0,0,0,0,0,0,0,0,0,0,0,0,0,0,0,0,0,0,8.6,8.9,9,9.8,9,8.7,10.9,11.2,8.2,10.9,10.5,9.5,12.5,10.9,11,8.7,11.2,10.8,11,9.2,10,9.1,13,11,9.7,9.4,8.3,12.3,10.5,11.1,9.7,9.2,10.8,11,7.8,10.5,9.8,10.2,8.9,6.3,,,,,,,,,,,,,,,,,,,,,,,,,,,,,,,,,,,,,,,,,27.1,27.9,26.7,27,27.1,26.6,27.7,27.3,26,27.4,27.3,26.9,26.8,26.9,27.2,27.2,27.7,25.8,27,27.1,27,26.8,27.6,27.3,26.7,27.3,27.6,27.9,26.5,27.2,27.5,59,65,60,59,56,62,62,61,58,59,61,55,63,57,58,57,55,64,56,66,61,61,59,64,62,59,66,62,58,57,54,0,0,0,0,0,0,0,0,0,0,0,0,0,0,0,0,0,0,0,0,0,0,0,0,0,0,0,0,0,0,0,12,11.9,11.9,13.1,14.2,14.5,13,13,15.9,11,18.7,14.3,16.2,12.5,9.4,16.6,15.3,15.5,12.4,16.2,12.6,14.1,12.6,16.1,15.1,14.2,17.2,13.4,14.2,16.9,10.1,13.3,13.7,13,14.8,16.2,14.8,14.8,14.4,17.6,13.3,20.9,15.5,16.9,15.1,10.8,19.1,16.9,15.8,14,17.6,14,15.5,14.8,18,16.2,15.5,20.5,15.5,15.1,18.4,12.6,,,,,,22.2204,114.2127
2026-10-10T15:00,30,30.4,30.7,29.1,28.9,29.8,29.2,29.9,29.7,30.5,29.7,30.2,29,30,30,30.1,30.3,29.6,29.7,28.9,29.7,30.4,29.6,29.5,29.3,28.1,29.5,30.2,30.1,29.3,29.2,29.5,29.7,29.5,29.8,28.2,29.2,29,29.4,29.5,54,55,51,60,56,52,56,52,53,50,54,50,59,54,52,52,51,57,56,61,51,53,57,59,56,59,55,58,52,58,57,56,59,55,56,63,59,57,55,53,0,0,0,0,0,0,0,0,0,0,0,0,0,0,0,0,0,0,0,0,0,0,0,0,0,0,0,0,0,0,0,0,0,0,0,0,0,0,0,0,7.9,8.3,8.2,9.4,8.5,8.1,10.3,10.2,7.9,10.2,9.8,8.8,12,10.2,10.3,7.9,10.5,10.2,10.5,8.7,9.4,8.4,12.2,10.3,9.4,9,7.6,11.3,10.1,10.7,9.1,8.7,10.2,10.7,7.2,9.5,9.2,9.5,8.4,5.8,,,,,,,,,,,,,,,,,,,,,,,,,,,,,,,,,,,,,,,,,27.2,28,26.7,27.2,27.2,26.7,27.8,27.5,26.1,27.5,27.4,27,26.9,27.1,27.2,27.4,27.8,25.8,27,27.2,27.1,26.8,27.7,27.5,26.7,27.3,27.8,28,26.4,27.3,27.5,59,65,60,59,56,61,61,60,57,58,61,55,63,57,58,58,56,63,56,66,60,60,59,64,62,59,67,62,58,58,54,0,0,0,0,0,0,0,0,0,0,0,0,0,0,0,0,0,0,0,0,0,0,0,0,0,0,0,0,0,0,0,11.9,12,11.3,13.8,13.7,14.8,13.8,14.1,16.9,9.6,18.7,13.8,16.3,13.1,8.7,18,15.3,16.2,11.7,17.2,13,13.1,13.7,17.2,15.2,14.2,19.8,13.7,13.3,17.2,9.4,13.7,14,12.6,15.8,16.2,15.5,15.8,15.8,19.1,12.2,20.5,15.5,17.3,15.5,10.1,19.8,16.9,16.6,13.7,18.4,14.8,14.8,15.5,19.1,16.6,15.8,23,15.8,14.4,18.4,11.5,,,,,,22.2204,114.2127
2026-10-10T16:00,29.5,29.9,30.4,28.6,28.3,29.4,28.8,29.5,29.2,30.1,29.4,29.8,28.5,29.7,29.6,29.4,29.9,29.2,29.3,28.5,29.6,30.1,29.4,29.1,28.8,27.7,29.2,30,29.7,28.8,28.7,28.9,29.2,29.1,29.3,28.1,28.9,28.6,28.9,29.2,58,59,52,63,60,54,60,54,56,54,58,52,62,57,56,58,55,61,60,64,54,56,59,62,62,61,58,61,56,61,61,61,62,58,58,63,62,60,58,55,0,0,0,0,0,0,0,0,0,0,0,0,0,0,0,0,0,0,0,0,0,0,0,0,0,0,0,0,0,0,0,0,0,0,0,0,0,0,0,0,6.8,7.4,7.1,8.3,7.6,7.1,8.9,8.9,7.2,9,8.9,7.9,10.4,8.4,9,7.1,9.5,8.8,9.4,7.8,8.4,7.4,10.6,9.3,8.3,8,6.3,9.8,9,9.5,8.2,7.7,9.3,9.3,6.3,8,8,8.4,7.3,5,,,,,,,,,,,,,,,,,,,,,,,,,,,,,,,,,,,,,,,,,27.2,28,26.8,27.3,27.3,26.8,27.9,27.7,26.1,27.4,27.4,27,26.9,27.3,27.2,27.6,27.8,25.8,26.9,27.3,27.2,26.9,27.8,27.6,26.8,27.4,27.9,28,26.2,27.3,27.4,58,65,59,59,57,61,61,59,57,56,62,56,63,56,59,58,57,63,57,67,60,60,59,64,61,60,68,62,58,58,55,0,0,0,0,0,0,0,0,0,0,0,0,0,0,0,0,0,0,0,0,0,0,0,0,0,0,0,0,0,0,0,11.9,12.4,10.9,14.9,13.8,15.5,14.8,15.6,18.6,7.9,18.3,12.7,16.2,14,8.8,18.9,15.1,17,11.6,18.1,13.2,11.5,14.8,18.8,15.1,13.7,23.5,14.1,11.9,17,8.9,14.4,15.1,12.2,17.6,16.2,16.9,17.3,17.6,20.5,11.5,20.2,14.8,18,16.6,9.4,21.2,16.9,18,13.7,19.4,15.8,14,16.9,21.2,17.3,16.2,26.6,16.2,13.7,18.4,10.8,,,,,,22.2204,114.2127
2026-10-10T17:00,28.9,29.2,29.9,28,27.5,28.8,28.1,29,28.6,29.6,28.9,29.1,27.8,29.1,29,28.5,29.3,28.5,28.8,28,29.2,29.6,29.1,28.6,28,27.1,28.7,29.5,29.1,28,28.1,28,28.4,28.5,28.7,27.9,28.3,28,28.3,28.7,63,64,55,67,65,57,64,56,61,59,62,55,67,60,62,66,59,67,64,67,58,59,63,67,68,64,63,66,61,65,66,67,68,63,62,65,67,65,62,59,0,0,0,0,0,0,0,0,0,0,0,0,0,0,0,0,0,0,0,0,0,0,0,0,0,0,0,0,0,0,0,0,0,0,0,0,0,0,0,0,5.6,6.2,5.6,7.2,6.5,5.8,7.5,6.6,6.2,7.1,7.3,6.2,8.8,6.8,7.5,5.8,7.7,7.1,7.9,6.9,6.9,6.3,8.4,7.9,7,6.6,5.3,7.9,7.3,8,7,6.8,8.4,8,5.1,5.7,6.7,7,6.4,4.1,,,,,,,,,,,,,,,,,,,,,,,,,,,,,,,,,,,,,,,,,27.2,28,26.9,27.4,27.3,26.8,27.8,27.8,26.2,27.3,27.3,27,26.9,27.4,27.2,27.7,27.7,25.8,26.8,27.2,27.2,26.9,27.8,27.7,26.9,27.4,28,28,26.1,27.3,27.3,59,66,59,60,58,61,62,60,57,56,64,56,63,57,59,59,58,63,58,68,60,60,61,65,62,61,69,63,58,59,56,0,0,0,0,0,0,0,0,0,0,0,0,0,0,0,0,0,0,0,0,0,0,0,0,0,0,0,0,0,0,0,12.3,13.1,10.8,16.4,14,16.2,16.3,16.8,19.9,7.4,18.4,12.3,16.4,14.8,8.9,19.9,15.5,18.4,12.8,19.1,14.1,10.8,16,20.5,15.8,14.2,25.9,14.1,10.5,17,8.7,15.1,16.2,12.2,19.4,16.6,18.4,19.1,19.4,22,11.5,20.5,14.8,18.7,17.3,9,22.3,17.6,19.8,14,20.5,16.9,13.7,18,23,18.7,16.9,29.2,16.6,13,18.7,10.1,,,,,,22.2204,114.2127
2026-10-10T18:00,28.2,28.3,29.4,27.3,26.6,28.2,27.4,28.5,27.9,29,28.3,28.4,27,28.3,28.3,27.4,28.6,27.8,28.1,27.4,28.8,29,28.7,27.9,27.2,26.4,28.2,29,28.4,27.2,27.4,27.1,27.6,27.8,28,27.6,27.7,27.4,27.6,28.2,68,69,58,71,71,61,69,59,66,65,66,58,72,64,68,74,65,73,69,71,63,63,66,71,75,67,68,70,67,70,71,74,73,68,66,66,72,69,67,63,0,0,0,0,0,0,0,0,0,0,0,0,0,0,0,0,0,0,0,0,0,0,0,0,0,0,0,0,0,0,0,0,0,0,0,0,0,0,0,0,4.3,5,4,5.8,5.4,4.8,6.2,4.7,5.1,5.7,5.6,4.7,6.9,5.4,5.8,4.9,6,5.4,6.2,5.8,5.4,4.7,6.4,6.2,5.8,4.9,4,6,6.2,6.1,5.8,5.4,7.2,6.8,4,3.6,5.2,5.5,5.1,3,,,,,,,,,,,,,,,,,,,,,,,,,,,,,,,,,,,,,,,,,27.2,27.7,27,27.2,27.2,26.6,27.6,27.7,26.2,27.2,27.2,27,26.7,27.4,27.2,27.6,27.6,25.5,26.6,27,27.1,26.9,27.6,27.4,26.9,27.4,27.9,27.9,26.1,27.2,27.3,61,68,59,63,60,63,65,63,59,58,67,57,64,59,59,61,60,65,60,70,62,61,64,68,64,63,71,65,58,61,56,0,0,0,0,0,0,0,0,0,0,0,0,0,0,0,0,0,0,0,0,0,0,0,0,0,0,0,0,0,0,0,13.5,14.6,11.5,18.1,14.4,17.3,18.1,17.9,20.6,9.2,19.1,12.3,17,15.7,8.7,20.2,16.6,20.9,14.7,19.5,15.3,11.1,16.8,22.3,18.4,15.2,25.9,14.6,10.4,17.7,8.7,15.8,17.6,13,21.2,16.9,19.4,20.9,20.5,22.7,12.6,21.6,15.1,19.4,18,8.6,22.7,19.1,22.3,15.8,21.2,18,13.7,19.1,25.2,21.2,18.4,29.9,16.9,13.3,19.8,10.1,,,,,,22.2204,114.2127
2026-10-10T19:00,27.5,27.6,28.8,26.7,25.8,27.5,26.8,27.9,27.2,28.5,27.8,27.7,26.3,27.7,27.6,26.5,28,27.1,27.6,26.8,28.4,28.4,28.3,27.3,26.4,25.7,27.7,28.5,27.8,26.4,26.8,26.2,26.9,27.2,27.4,27.3,27.2,26.7,26.9,27.6,73,75,61,75,76,65,74,61,71,71,71,62,77,67,74,81,69,78,74,75,67,66,70,75,81,71,72,75,71,75,76,80,78,72,69,68,77,74,72,67,0,0,0,0,0,0,0,0,0,0,0,0,0,0,0,0,0,0,0,0,0,0,0,0,0,0,0,0,0,0,0,0,0,0,0,0,0,0,0,0,3.7,4,3.3,4.7,4.7,4.3,5,3,4.6,4,4,3.8,5.4,4.3,4.7,4.7,4.2,4,4.7,5,3.8,3.3,4.8,4.9,4.7,3.8,3.1,4.2,5.1,4.7,4.7,5,6.5,5.8,3,2.4,4,4.3,4.3,1.8,,,,,,,,,,,,,,,,,,,,,,,,,,,,,,,,,,,,,,,,,27.1,27.4,27,26.9,27.2,26.4,27.2,27.3,26.2,27,27.1,27,26.5,27.3,27.2,27.5,27.5,25.2,26.4,26.6,27,26.8,27.3,27.1,26.8,27.3,27.7,27.7,26.1,27,27.3,63,71,60,66,62,66,69,67,61,60,70,58,66,62,59,65,63,68,63,73,65,62,68,72,67,66,74,68,58,64,56,0,0,0,0,0,0,0,0,0,0,0,0,0,0,0,0,0,0,0,0,0,0,0,0,0,0,0,0,0,0,0,15,17.1,12.8,20.2,15.1,18.5,20.3,18.6,21.4,11.9,20.2,12.4,17.8,16.4,7.9,20.2,18,24.1,16.9,19.7,16.8,11.8,17.5,23.8,21.3,16.6,24.9,15,10.4,18.4,8.9,16.9,19.4,14,22.7,17.6,20.5,22.3,21.2,23.4,14,23.4,15.5,20.2,18.4,8.3,23,20.9,25.6,18,22,19.1,14,20.2,27.4,24.5,19.8,29.9,17.6,14,21.6,10.1,,,,,,22.2204,114.2127
2026-10-10T20:00,27,27.1,28.4,26.3,25.3,27.1,26.3,27.6,26.7,28,27.4,27.2,25.8,27.2,27.1,25.8,27.6,26.7,27.2,26.4,28,28,27.9,26.8,25.9,25.3,27.2,28.1,27.3,25.9,26.4,25.6,26.4,26.8,26.9,27.1,26.7,26.3,26.4,27.2,77,78,63,78,80,67,77,63,75,75,74,64,80,69,78,86,73,82,77,77,70,69,72,78,85,73,76,78,75,78,79,84,82,75,72,70,80,77,76,70,0,0,0,0,0,0,0,0,0,0,0,0,0,0,0,0,0,0,0,0,0,0,0,0,0,0,0,0,0,0,0,0,0,0,0,0,0,0,0,0,3.1,3.3,3,4,4.1,4.5,4.3,2.2,4,3.3,3.3,3.4,4.3,4,4.1,4.3,3.4,3.3,3.6,4.3,3.1,2.5,4.1,4.1,4,2.7,2.3,3.3,4.5,4,4,4.5,5.8,5.1,2.4,2.1,3.3,3.6,3.6,1.4,,,,,,,,,,,,,,,,,,,,,,,,,,,,,,,,,,,,,,,,,27,27.1,27,26.6,27.1,26.2,26.9,27.1,26.2,26.7,27,26.9,26.3,27.2,27.2,27.3,27.4,25,26.2,26.4,26.8,26.8,27,26.8,26.8,27.3,27.6,27.6,26.1,26.9,27.3,65,73,61,69,64,68,72,71,63,63,73,59,68,65,60,68,66,70,65,75,68,63,72,76,70,69,76,70,59,67,57,0,0,0,0,0,0,0,0,0,0,0,0,0,0,0,0,0,0,0,0,0,0,0,0,0,0,0,0,0,0,0,16.1,18.1,13.7,21.7,15.5,19.3,21.7,18.9,21.5,14.2,20.9,13,18.4,17.1,7.5,19.8,19.2,26.3,18.2,19.8,17.7,12.4,17.4,25.3,23.5,17.7,23.8,15.3,10.5,19.1,9.3,17.6,20.2,15.1,23.8,18.4,20.9,23.8,21.6,23.8,15.5,24.8,15.8,20.9,19.1,8.3,23,22.3,28.4,19.8,22.3,19.8,14.4,20.5,29.2,26.6,21.2,29.5,18,14,23,10.8,,,,,,22.2204,114.2127
2026-10-10T21:00,26.7,26.8,28,26,25,26.8,26,27.4,26.3,27.7,27.1,26.8,25.6,26.8,26.8,25.5,27.3,26.4,27,26.2,27.6,27.6,27.6,26.5,25.6,25,26.9,27.9,27,25.6,26.1,25.3,26.1,26.5,26.5,27,26.4,26,26,26.8,79,80,65,80,82,69,79,64,77,78,76,66,82,70,81,88,76,85,79,78,72,71,74,80,87,75,78,80,77,81,81,87,84,77,74,72,82,79,79,72,0,0,0,0,0,0,0,0,0,0,0,0,0,0,0,0,0,0,0,0,0,0,0,0,0,0,0,0,0,0,0,0,0,0,0,0,0,0,0,0,2.6,3,2.7,3.6,3.7,4.6,4,2.2,3.2,2.9,2.9,2.8,4,4.1,3.8,3.8,3.1,2.9,2.9,4,2.9,1.8,4,3.8,3.3,2.3,1.9,3,3.7,3.6,3.6,4.2,5.4,5.1,2.1,1.6,2.9,3.3,3.3,1.1,,,,,,,,,,,,,,,,,,,,,,,,,,,,,,,,,,,,,,,,,26.8,26.9,26.8,26.6,27,26,26.7,26.9,26.1,26.5,27,26.8,26.2,26.9,27.1,27.2,27.2,24.9,26.1,26.3,26.6,26.6,26.8,26.7,26.7,27.2,27.5,27.3,25.9,26.9,27.1,67,75,64,71,67,70,74,74,65,66,74,61,69,68,62,71,70,71,67,75,70,65,75,78,73,72,77,72,60,70,60,0,0,0,0,0,0,0,0,0,0,0,0,0,0,0,0,0,0,0,0,0,0,0,0,0,0,0,0,0,0,0,16.3,17.1,14.3,21.3,15.9,18.8,21.6,18.8,21.3,15,21,14,18.7,17.8,7.6,19.5,19.6,27.5,18.4,19.1,17.8,12.5,17,26.1,23.9,18.1,23.1,15.2,10.2,19.6,10.8,17.6,19.4,15.8,23.8,18.7,20.5,24.1,22,23.8,16.6,25.6,16.6,21.2,20.2,8.6,22.7,22.7,30.6,20.5,21.6,20.5,14,20.2,30.6,27.4,22,28.8,18,13,23.8,12.2,,,,,,22.2204,114.2127
2026-10-10T22:00,26.3,26.5,27.6,25.9,24.9,26.5,25.8,27.3,26,27.3,26.9,26.5,25.4,26.5,26.5,25.3,27.1,26.3,26.8,26.1,27.2,27.2,27.3,26.3,25.4,24.7,26.5,27.6,26.7,25.4,25.9,25,25.9,26.3,26.2,26.8,26.2,25.7,25.7,26.5,82,81,67,82,84,70,81,66,79,81,78,68,84,70,83,89,78,87,80,79,75,74,75,82,87,77,81,82,79,83,83,88,86,78,76,74,84,81,82,75,0,0,0,0,0,0,0,0,0,0,0,0,0,0,0,0,0,0,0,0,0,0,0,0,0,0,0,0,0,0,0,0,0,0,0,0,0,0,0,0,1.8,2.5,2.9,3.6,3.6,4.5,4,2.9,2.4,3,2.6,2.3,3.6,4.5,3.7,2.9,3.4,3.3,2.6,4,2.7,1.5,4.1,3.5,2.5,1.8,2.1,3.1,2.9,3.6,3.2,4,5.1,5.4,1.9,0.8,2.7,2.9,2.9,1.5,,,,,,,,,,,,,,,,,,,,,,,,,,,,,,,,,,,,,,,,,26.6,26.7,26.6,26.6,26.9,25.8,26.6,26.8,26.1,26.2,27.1,26.7,26.2,26.6,27.1,27,27.1,25,25.9,26.3,26.4,26.4,26.7,26.7,26.5,27.2,27.4,27.1,25.7,26.9,26.8,70,76,67,72,70,71,76,75,66,69,75,64,71,72,64,74,75,71,69,75,72,67,77,79,75,75,78,74,62,73,64,0,0,0,0,0,0,0,0,0,0,0,0,0,0,0,0,0,0,0,0,0,0,0,0,0,0,0,0,0,0,0,15.8,15.6,14.6,20.4,16,17.6,20.9,18.4,20.3,15.9,20.9,15.2,19.1,18.7,8.6,19.1,19.6,27.7,17.7,17.7,18,12.8,16.2,26.7,23.3,18.7,22.2,15.5,10,20.1,12.7,17.6,18,16.2,23.8,18.7,19.8,24.5,22,23,17.6,25.9,17.3,21.2,21.2,9.4,22.3,22.7,32,20.5,20.5,20.9,13.7,19.1,31.7,27,22.3,27.4,17.6,11.2,23.8,14,,,,,,22.2204,114.2127
2026-10-10T23:00,26.1,26.4,27.1,25.8,24.8,26.3,25.7,27.2,25.8,27,26.6,26.2,25.3,26.2,26.3,25.3,26.9,26.2,26.7,26,26.8,26.8,26.9,26.1,25.3,24.6,26.2,27.4,26.5,25.3,25.8,24.9,25.8,26.2,25.9,26.7,25.9,25.5,25.4,26.1,83,81,69,83,85,71,82,67,81,84,80,70,85,70,84,88,79,89,81,80,77,77,76,84,87,78,82,84,80,85,84,89,88,79,78,76,86,83,85,77,0,0,0,0,0,0,0,0,0,0,0,0,0,0,0,0,0,0,0,0,0,0,0,0,0,0,0,0,0,0,0,0,0,0,0,0,0,0,0,0,1.9,2.6,2.9,3.7,3.7,4.4,4.3,4,1.8,3.2,2.7,1.3,3.7,4.8,3.6,2.2,3.9,3.8,2.6,3.8,3,1,4.6,3.7,2.4,2.3,2.8,3.7,2.9,3.6,3.3,3.8,5.2,5.9,1.4,0.8,2.9,2.6,3,1.4,,,,,,,,,,,,,,,,,,,,,,,,,,,,,,,,,,,,,,,,,26.4,26.6,26.4,26.6,26.8,25.7,26.5,26.7,26,25.9,27.1,26.5,26.2,26.3,27,26.9,26.9,25,25.8,26.3,26.3,26.3,26.6,26.6,26.4,27.1,27.4,26.9,25.5,26.9,26.6,72,77,70,73,73,72,77,77,68,72,75,67,72,75,66,77,78,71,71,75,73,69,79,80,77,77,79,76,64,76,68,0,0,0,0,0,0,0,0,0,0,0,0,0,0,0,0,0,0,0,0,0,0,0,0,0,0,0,0,0,0,0,15.5,14.8,14.9,19.8,16.5,17.3,20.6,18.4,19.8,16.9,21.2,16.4,19.3,20,9,18.9,19.4,28,17.5,17,18.1,13,15.6,27.3,22.8,19,21.7,15.3,10.1,20.7,14.4,17.3,16.9,16.6,23.4,19.1,19.4,24.5,22,22.7,18.7,26.3,18,21.6,22.7,10.1,22,22.7,33.1,20.5,19.8,21.2,13.7,18.4,32.4,27,22.7,26.6,17.3,10.4,24.5,15.8,,,,,,22.2204,114.2127
2026-10-11T00:00,25.8,26.2,26.8,25.8,24.8,26.2,25.6,27.1,25.6,26.6,26.5,25.9,25.2,25.9,26.1,25.3,26.8,26.1,26.6,26,26.4,26.5,26.6,25.9,25.2,24.4,25.9,27.2,26.4,25.3,25.8,24.8,25.8,26.1,25.7,26.6,25.7,25.3,25.1,25.8,84,81,71,85,86,71,83,68,82,86,81,71,86,69,85,87,81,90,81,80,79,79,77,86,86,80,84,85,81,87,84,90,89,79,79,78,87,84,88,79,0,0,0,0,0,0,0,0,0,0,0,0,0,0,0,0,0,0,0,0,0,0,0,0,0,0,0,0,0,0,0,0,0,0,0,0,0,0,0,0,2.3,2.9,2.6,3.8,3.9,4.3,4.8,4.8,1.5,3.6,2.9,0.8,3.8,5.1,3.7,2.6,4.6,4.3,2.8,4,3.3,1.1,5.2,3.6,2.6,2.6,3.1,4.3,3.1,4.1,3.5,3.7,5.4,6.5,1.5,1.8,3.6,2.9,3.1,1.4,,,,,,,,,,,,,,,,,,,,,,,,,,,,,,,,,,,,,,,,,26.3,26.5,26.3,26.6,26.7,25.5,26.4,26.6,25.9,25.8,27,26.3,26.1,26.1,26.8,26.8,26.8,24.9,25.8,26.2,26.2,26.2,26.5,26.6,26.3,27,27.3,26.8,25.4,26.8,26.4,73,78,71,74,75,73,78,78,69,74,76,70,73,77,67,79,79,73,72,76,74,70,80,81,78,78,79,77,66,77,70,0,0,0,0,0,0,0,0,0,0,0,0,0,0,0,0,0,0,0,0,0,0,0,0,0,0,0,0,0,0,0,15.3,14.8,14.8,19.9,17.2,17.7,20.9,18.9,19.7,18.1,21.8,17.2,19.2,21.7,9,19.6,19.4,28.3,17.6,17.1,17.8,13.3,15.3,27.9,23.6,19.8,21.4,14.8,11.2,22,15.2,17.3,16.9,16.9,23.8,19.8,20.2,24.8,22.3,22.3,20.2,26.6,18.7,22,24.5,10.1,22.3,22.7,33.1,20.5,19.8,20.9,14,18,33.1,27.7,23.4,26.3,16.6,11.5,25.9,16.6,,,,,,22.2204,114.2127
2026-10-11T01:00,25.7,26.2,26.5,25.8,24.9,26,25.5,27.1,25.5,26.4,26.3,25.7,25.2,25.7,26,25.3,26.6,26.1,26.6,25.9,26,26.3,26.3,25.8,25.2,24.3,25.6,27,26.2,25.3,25.7,24.7,25.7,26,25.5,26.5,25.6,25.2,24.9,25.5,85,81,72,85,87,72,84,68,83,88,82,72,86,68,86,86,82,91,81,81,80,80,78,86,85,81,85,86,81,88,85,90,90,79,80,79,88,85,90,81,0,0,0,0,0,0,0,0,0,0,0,0,0,0,0,0,0,0,0,0,0,0,0,0,0,0,0,0,0,0,0,0,0,0,0,0,0,0,0,0,3.1,3.3,2.7,4.3,4.5,4.3,5,5.9,1.9,4.3,3.3,0.4,4,5.4,3.9,3.4,5.4,5,3.4,4.7,3.6,1.4,5.6,4.3,3.1,3.3,3.8,5.1,4.2,4.6,3.9,3.6,5.6,7.1,1.8,2.7,4.1,3.1,3.6,1.8,,,,,,,,,,,,,,,,,,,,,,,,,,,,,,,,,,,,,,,,,26.3,26.5,26.3,26.5,26.6,25.4,26.4,26.6,25.8,25.7,26.8,26.1,26,26,26.7,26.7,26.8,24.8,25.8,26.1,26.1,26,26.5,26.5,26.3,26.9,27.2,26.7,25.3,26.8,26.2,74,78,72,74,77,75,78,78,71,75,77,73,73,78,67,80,79,74,73,76,74,70,80,81,79,79,79,78,67,78,72,0,0,0,0,0,0,0,0,0,0,0,0,0,0,0,0,0,0,0,0,0,0,0,0,0,0,0,0,0,0,0,15.2,15.4,14.9,20.5,18,18.8,21.4,19.6,19.6,19.4,22.8,18.1,19.4,23.2,8.6,20.5,19.4,28.6,17.7,17.2,17.1,13.3,15.2,28.6,24.6,20.3,21.7,14.1,12.4,23.2,15.5,16.9,17.6,16.9,24.1,20.9,21.2,25.6,22.7,22.3,22,26.6,19.8,22,26.6,10.1,23,22.7,32,20.5,20.2,20.2,14.4,17.6,33.1,28.8,24.5,26.6,15.5,13.3,27.7,16.9,,,,,,22.2204,114.2127
2026-10-11T02:00,25.5,26.1,26.4,25.8,24.9,25.9,25.4,27,25.4,26.2,26.2,25.6,25.2,25.5,25.9,25.3,26.5,26.1,26.6,25.9,25.7,26.2,26.1,25.7,25.2,24.3,25.4,26.8,26.1,25.3,25.7,24.7,25.7,26,25.4,26.4,25.5,25.1,24.8,25.4,85,81,72,86,87,72,84,68,83,89,83,72,86,68,87,86,82,91,81,81,80,80,78,87,85,82,86,86,81,89,85,90,90,79,81,80,88,86,91,82,0,0,0,0,0,0,0,0,0,0,0,0,0,0,0,0,0,0,0,0,0,0,0,0,0,0,0,0,0,0,0,0,0,0,0,0,0,0,0,0,3.8,3.8,2.7,4.5,4.9,4.4,5.2,6.4,2.5,4.8,3.8,0.5,4.5,5.8,4.2,4.3,5.6,5.7,3.7,5.1,4,1.8,6.1,4.6,3.8,3.6,4.1,5.6,4.8,4.7,4.1,3.7,6.3,7.7,2,3.5,4.8,3.6,3.8,1.8,,,,,,,,,,,,,,,,,,,,,,,,,,,,,,,,,,,,,,,,,26.2,26.4,26.2,26.4,26.5,25.2,26.4,26.5,25.7,25.7,26.7,25.9,25.9,25.9,26.5,26.5,26.7,24.7,25.7,26,26,26,26.5,26.4,26.2,26.8,27.1,26.6,25.2,26.7,26,75,79,73,75,78,76,78,79,72,75,78,75,74,78,68,81,79,76,74,77,75,71,80,81,79,79,79,78,69,78,74,0,0,0,0,0,0,0,0,0,0,0,0,0,0,0,0,0,0,0,0,0,0,0,0,0,0,0,0,0,0,0,15.5,16.4,15.2,20.9,18.9,19.9,22.3,20.2,20,20.8,23.3,18.7,19.5,24.5,8.9,21.4,19.8,28.2,17.9,17.7,17.2,13.4,15.5,29.3,25.3,21.3,21.9,13.7,13.6,24.6,16.7,17.3,18.7,17.6,24.5,22,22.3,26.3,23,22.3,23.8,27,20.5,22.3,28.1,10.1,24.1,22.7,31,20.9,20.5,19.8,14.8,17.6,33.5,29.5,25.6,26.6,14.8,14.8,29.2,18,,,,,,22.2204,114.2127
2026-10-11T03:00,25.4,26.1,26.4,25.8,24.9,25.7,25.4,26.8,25.3,26.1,26.1,25.5,25.2,25.3,25.8,25.2,26.4,26.1,26.6,25.9,25.4,26.2,25.9,25.6,25.2,24.4,25.3,26.5,26.1,25.3,25.6,24.7,25.6,25.9,25.3,26.4,25.4,25.1,24.8,25.3,84,82,71,86,87,72,84,67,83,90,84,71,86,68,88,87,82,90,81,81,80,79,78,87,85,83,87,85,81,89,85,90,90,79,82,80,88,87,92,83,0,0,0,0,0,0,0,0,0,0,0,0,0,0,0,0,0,0,0,0,0,0,0,0,0,0,0,0,0,0,0,0,0,0,0,0,0,0,0,0,4.1,4.1,3.1,4.7,5.1,4.4,5,6.4,2.9,5.1,4.3,0.4,5,5.8,4.4,4.7,5.9,5.9,4,5.6,4.3,2.2,6.4,5.1,4.1,3.8,4.4,5.7,5.2,4.8,4.1,3.9,7,7.9,2.1,3.7,5.6,3.9,4.1,1.9,,,,,,,,,,,,,,,,,,,,,,,,,,,,,,,,,,,,,,,,,26,26.3,26.1,26.2,26.3,25.1,26.2,26.3,25.5,25.6,26.4,25.7,25.7,25.8,26.4,26.3,26.5,24.6,25.7,25.9,25.9,25.9,26.4,26.2,26.1,26.6,26.9,26.5,25.1,26.5,25.8,76,80,75,76,79,77,79,80,73,75,79,76,75,78,69,82,80,77,75,77,76,72,80,81,79,80,80,78,70,79,76,0,0.1,0,0,0,0,0.1,0,0,0,0,0,0,0,0,0,0.1,0,0,0,0,0,0,0,0.1,0,0,0,0,0,0,16.5,18.2,16.4,21.3,20,21.4,23.7,20.7,20.4,22.3,24.2,19.3,20.1,25.5,10,22.2,20.5,27.1,18.5,18.6,18.3,13.4,16.5,29.6,25.3,22.2,22.7,14.2,14.5,25.6,18.3,18.4,20.5,18.7,24.8,23,23.8,27.7,23.8,22.7,25.6,28.1,21.2,22.7,28.8,10.8,25.6,23,29.9,21.6,21.2,20.5,15.1,18.4,33.8,29.9,26.6,26.6,15.1,15.5,30.2,19.8,,,,,,22.2204,114.2127
2026-10-11T04:00,25.3,26,26.5,25.7,24.8,25.5,25.3,26.5,25.4,26,26.1,25.5,25.1,25.1,25.8,25.1,26.2,26.1,26.6,25.8,25.1,26.3,25.7,25.5,25.2,24.4,25.1,26.3,26,25.3,25.5,24.7,25.5,25.8,25.3,26.3,25.3,25,24.8,25.2,83,82,69,86,87,73,84,66,83,90,84,70,85,67,88,88,81,89,81,82,78,76,77,87,86,84,87,84,80,88,85,89,89,79,83,80,88,88,92,84,0,0,0,0,0,0,0,0,0,0,0,0,0,0,0,0,0,0,0,0,0,0,0,0,0,0,0,0,0,0,0,0,0,0,0,0,0,0,0,0,4.5,4.5,3.7,4.9,5.4,4.7,4.9,5.9,2.9,5.4,5.4,0.5,5.7,5.8,4.8,5,5.8,5.6,4.2,6.1,4.3,2.5,6.6,5.9,4.6,4.1,4.5,5.8,5.5,4.7,4.1,3.7,8.2,7.8,2.3,3.9,6.6,4.5,4.2,2,,,,,,,,,,,,,,,,,,,,,,,,,,,,,,,,,,,,,,,,,25.9,26.2,26,26,26.1,25,26,26.1,25.3,25.5,26.1,25.5,25.6,25.7,26.2,26.1,26.2,24.5,25.6,25.8,25.8,25.9,26.3,25.9,26,26.4,26.7,26.3,25,26.3,25.6,77,81,77,77,80,78,80,81,75,75,80,77,75,78,71,82,81,77,76,78,77,72,81,81,79,81,81,78,71,80,78,0,0.1,0,0,0,0,0.1,0,0,0,0,0,0,0,0,0,0.1,0,0,0,0,0,0,0,0.1,0,0,0,0,0,0,18.1,20,17.9,21.3,21.1,23.4,25.1,21.5,21.1,24.1,24.8,20,20.8,26,11.6,23.4,21.4,26,19.3,19.1,19.8,13.9,17.7,29.7,25.1,23.4,23.5,14.7,15.6,26.3,20.7,19.8,22.3,20.2,25.6,24.5,25.2,29.5,24.1,23.4,27.4,29.2,22,23,29.2,12.2,26.6,23.8,28.8,22,22,22,15.5,19.4,33.8,29.5,27.7,27,15.8,15.8,31.3,22.3,,,,,,22.2204,114.2127
2026-10-11T05:00,25.3,26,26.7,25.7,24.8,25.2,25.3,26.2,25.4,26,26.1,25.6,25.2,25,25.9,25,26.1,26.1,26.6,25.8,24.8,26.5,25.6,25.4,25.2,24.6,25,26,26,25.4,25.5,24.8,25.5,25.7,25.4,26.3,25.2,25,24.9,25.2,81,83,67,86,86,73,83,65,82,91,84,68,85,67,89,89,79,87,81,83,77,73,76,86,87,84,88,82,79,86,85,87,89,78,83,80,88,89,91,85,0,0,0,0,0,0,0,0,0,0,0,0,0,0,0,0,0,0,0,0,0,0,0,0,0,0,0,0,0,0,0,0,0,0,0,0,0,0,0,0,4.9,4.7,4,5.4,5.6,5.1,4.3,5.6,2.9,5.5,6.4,1.1,6.7,5.8,5.1,5.4,6,5.9,4.4,6.6,4.7,2.9,6.8,6.4,5,4.3,4.7,6,5.5,4.6,4.2,4.1,9.5,7.5,2.5,3.8,7.4,4.8,4.5,2.1,,,,,,,,,,,,,,,,,,,,,,,,,,,,,,,,,,,,,,,,,25.8,26.1,25.9,25.9,26,24.9,25.9,26,25.2,25.5,26,25.4,25.5,25.7,26.1,26,26.1,24.5,25.5,25.7,25.7,25.9,26.2,25.8,25.9,26.3,26.5,26.2,24.9,26.2,25.5,78,81,78,77,80,78,80,81,75,74,80,77,75,77,72,82,81,77,76,78,77,73,81,80,79,81,82,78,72,80,79,0,0.1,0,0,0,0,0.1,0,0,0,0,0,0,0,0,0,0.1,0,0,0,0,0,0,0,0.1,0,0,0,0,0,0,19.3,21.1,19.5,20.9,21.7,24.6,26.1,21.7,21.4,25.3,25,20.4,20.9,25.7,12.6,23.7,21.5,24.1,19.9,20,21,14.4,18.9,29.3,24.3,24.1,23.7,15.5,15.7,26.8,22.4,20.9,23.4,21.6,25.6,24.8,26.6,30.2,24.5,23.4,28.8,29.5,22,23,28.4,13,27.4,23.8,27,22.3,22.7,23,15.8,20.2,33.8,28.8,28.4,26.6,16.2,15.5,31.7,24.5,,,,,,22.2204,114.2127
2026-10-11T06:00,25.3,26.1,26.9,25.8,24.9,25.1,25.4,26,25.6,26,26.1,25.7,25.2,24.9,26,24.9,26,26.1,26.7,25.8,24.7,26.7,25.5,25.4,25.3,24.7,25,25.8,26,25.6,25.5,24.9,25.5,25.7,25.5,26.4,25.2,25,25.1,25.2,79,84,64,85,85,73,82,64,81,90,84,66,83,67,88,90,78,85,81,83,75,70,75,85,87,84,88,80,78,84,84,86,87,77,83,80,87,89,90,85,0,0,0,0,0,0,0,0,0,0,0,0,0,0,0,0,0,0,0,0,0,0,0,0,0,0,0,0,0,0,0,0,0,0,0,0,0,0,0,0,5.2,5.4,4.7,5.4,5.9,5.1,4.1,4.8,2.5,5.8,7.4,1.8,7.2,5.8,5.4,5.4,6,5.7,4.6,7.1,4.7,3.3,7.2,7.1,5.6,4.6,5,6.2,5.6,4.8,4.5,4.6,10.7,7.2,2.5,3.8,8.4,5.2,4.8,2.6,,,,,,,,,,,,,,,,,,,,,,,,,,,,,,,,,,,,,,,,,25.7,26,25.8,25.9,25.9,24.8,25.9,26,25.1,25.5,26,25.3,25.4,25.6,26,25.9,26,24.5,25.5,25.6,25.6,25.9,26.1,25.8,25.8,26.3,26.5,26.2,24.9,26.2,25.4,78,81,79,76,79,77,80,81,74,73,79,77,74,76,72,81,80,75,76,79,77,74,80,79,78,80,81,78,72,79,80,0,0,0,0,0,0,0,0,0,0,0,0,0,0,0,0.1,0,0,0,0,0,0.1,0,0,0,0,0,0,0,0,0,20.1,20.6,20.5,20.1,21.3,25.7,25.8,21.4,21,25.8,24.4,19.8,20,24,12.8,23.1,20.2,22.1,19.7,20.5,21.7,15.6,19.1,28.8,23.1,23.9,22.8,15.9,15.5,25.9,23.7,22,22.3,22.7,24.5,24.5,27.7,29.9,24.5,22.7,30.2,28.8,21.6,22,26.6,13,26.6,22.3,24.5,21.6,23,23.8,16.9,20.5,33.5,27,28.1,25.6,16.2,14.8,31,26.3,,,,,,22.2204,114.2127
2026-10-11T07:00,25.4,26.3,27.3,25.9,25.1,25.1,25.5,25.9,25.8,26.2,26.2,25.9,25.4,24.9,26.1,25,26,26.2,26.8,25.9,24.7,27,25.6,25.5,25.4,25,25.1,25.8,26.2,25.8,25.6,25.1,25.6,25.8,25.7,26.5,25.3,25.2,25.4,25.4,76,83,61,84,83,72,80,62,80,88,83,64,82,66,88,89,76,83,80,82,72,67,74,83,87,83,87,77,76,82,83,83,85,76,83,78,86,89,88,85,0,0,0,0,0,0,0,0,0,0,0,0,0,0,0,0,0,0,0,0,0,0,0,0,0,0,0,0,0,0,0,0,0,0,0,0,0,0,0,0,5.4,5.5,5,5.6,5.9,5.1,4.1,4.5,2.6,6.1,8.2,2.5,8.2,5.8,5.9,5.5,6,6,5.1,7.9,5,3.7,7.2,7.9,6,4.6,5,6.5,5.4,4.8,4.5,5.1,11.5,7.2,2.9,4.1,9.2,5.3,5,3,,,,,,,,,,,,,,,,,,,,,,,,,,,,,,,,,,,,,,,,,25.6,25.9,25.7,25.9,25.9,24.8,25.9,25.9,25.1,25.6,26,25.2,25.4,25.6,25.9,25.9,25.9,24.5,25.5,25.6,25.5,25.9,26.1,25.9,25.8,26.3,26.5,26.2,24.8,26.3,25.4,78,80,79,74,77,76,79,80,72,72,78,76,73,76,72,80,79,73,75,79,76,76,80,78,77,79,80,77,72,76,79,0,0,0,0,0,0,0,0,0,0,0,0,0,0,0,0.1,0,0,0,0,0,0.1,0,0,0,0,0,0,0,0,0,20.9,19.3,21.3,18.9,20.4,26.1,24.8,21,20.1,25.8,23.5,18.7,18.3,21.8,12.8,22,18.8,19.9,19.1,20.6,22.2,17.1,19.3,28,21.8,22.9,21.4,16.1,14.7,24.5,24.9,23,20.5,23.4,23,23.4,28.4,28.4,24.1,21.6,31,27,20.5,19.8,24.5,12.6,25.2,19.8,21.6,20.5,23,23.8,18.4,20.2,32.8,24.8,27,24.1,16.2,13.7,29.9,27.4,,,,,,22.2204,114.2127
2026-10-11T08:00,25.7,26.5,27.7,26.2,25.3,25.3,25.8,26,26.1,26.5,26.5,26.2,25.6,25.2,26.4,25.3,26.2,26.5,27.1,26.2,24.9,27.3,25.8,25.7,25.7,25.3,25.3,26,26.4,26.1,25.9,25.4,25.9,26,26.1,26.7,25.6,25.5,25.7,25.7,74,82,59,82,81,71,78,60,78,86,81,62,80,65,86,88,74,80,78,81,70,64,72,81,85,82,85,75,74,80,81,81,83,74,81,77,84,87,86,83,0,0,0,0,0,0,0,0,0,0,0,0,0,0,0,0,0,0,0,0,0,0,0,0,0,0,0,0,0,0,0,0,0,0,0,0,0,0,0,0,5.6,5.6,5.4,5.9,6.1,5.1,4.1,4.2,2.6,6.6,8.8,2.9,8.8,5.6,6.1,5.3,6.1,6.2,5.6,8.2,5.1,3.9,7.3,8.4,6.4,4.9,5.2,6.6,5.6,5.1,4.7,5.6,12.3,7.5,2.9,4.3,9.7,5.5,5.2,3.3,,,,,,,,,,,,,,,,,,,,,,,,,,,,,,,,,,,,,,,,,25.7,26,25.8,26.1,26.1,24.8,26,26,25.2,25.7,26.2,25.3,25.5,25.7,26,25.9,26,24.6,25.6,25.6,25.6,25.9,26.1,26,25.9,26.4,26.6,26.3,25,26.4,25.5,77,78,78,71,75,74,78,78,70,71,76,74,71,74,71,78,77,70,73,79,75,76,78,76,75,77,78,76,70,74,79,0,0,0,0,0,0,0,0,0,0,0,0,0,0,0,0.1,0,0,0,0,0,0.1,0,0,0,0,0,0,0,0,0,20.9,18.1,21.5,17.8,19,26.3,23.6,20.3,19,25.6,22.3,16.9,16.9,19.4,12.5,20.7,17.3,17.9,18.4,20.6,21.7,18.2,19.1,26.9,20.2,22.2,20.4,16.2,13,22.9,25.4,23.4,18.7,23.8,22,22,28.4,27,23.4,20.5,31.3,25.6,18.7,18.4,21.6,11.9,23.4,18,19.1,19.4,22.7,23.4,19.1,20.2,31.7,22.7,25.9,23,15.8,12.2,28.8,28.1,,,,,,22.2204,114.2127
2026-10-11T09:00,26.2,27,28.2,26.7,25.8,25.9,26.3,26.4,26.6,27.1,26.9,26.8,26.1,25.7,26.9,25.8,26.6,26.9,27.5,26.7,25.6,27.8,26.3,26.2,26.2,25.8,25.8,26.5,26.9,26.6,26.4,25.9,26.4,26.5,26.7,27.2,26.1,26,26.3,26.3,71,79,57,79,77,69,75,58,75,81,78,60,77,63,83,84,72,77,75,78,67,62,70,78,81,79,82,72,71,77,78,78,79,71,77,75,80,83,82,79,0,0,0,0,0,0,0,0,0,0,0,0,0,0,0,0,0,0,0,0,0,0,0,0,0,0,0,0,0,0,0,0,0,0,0,0,0,0,0,0,5.7,5.9,5.5,6.2,6.4,5,4.3,4.4,3.1,7.3,9.2,3.4,9.7,5.6,6.4,5.4,6.4,6.9,6.5,8.5,5.2,4.4,7.4,9.2,6.9,5.3,5.2,7.1,5.9,5.8,5.4,6.4,12.7,8.1,3.1,4.8,10,5.6,5.6,3.5,,,,,,,,,,,,,,,,,,,,,,,,,,,,,,,,,,,,,,,,,25.9,26.4,26,26.4,26.4,25.1,26.3,26.3,25.5,25.9,26.5,25.6,25.9,26,26.4,26.2,26.4,25.1,25.9,25.9,25.9,26.2,26.4,26.3,26.3,26.7,26.9,26.5,25.4,26.6,25.7,75,75,76,68,71,72,76,76,66,70,73,71,68,71,68,76,73,67,70,77,73,75,76,74,72,75,76,74,67,71,78,0,0,0,0,0,0,0,0,0,0,0,0,0,0,0,0,0,0,0,0,0,0,0,0,0,0,0,0,0,0,0,20.3,16.8,21,16.8,17.6,25.8,22.8,19.4,17.9,25.5,21,14.5,15.6,16.6,11.2,19.8,16.3,16.1,17.6,19.9,20.5,18.7,18.7,25,18.7,21.3,19.8,15.9,10.3,21.9,25.4,22,17.3,23,22,20.2,27.7,25.6,22,19.1,30.6,24.1,15.8,17.3,18.4,11.2,22,16.6,16.9,18.4,21.6,22,19.1,19.8,29.2,21.2,24.5,22.7,15.5,10.4,27.7,27.7,,,,,,22.2204,114.2127
2026-10-11T10:00,26.9,27.8,28.9,27.4,26.6,26.7,27.1,27.2,27.4,28,27.6,27.5,26.7,26.6,27.6,26.7,27.4,27.6,28.1,27.4,26.6,28.4,27.2,26.9,27,26.5,26.5,27.3,27.6,27.3,27.1,26.7,27.1,27.2,27.6,27.8,26.8,26.8,27,27.1,67,74,55,74,72,65,70,55,71,74,72,57,73,61,78,79,68,72,71,74,63,59,66,74,75,75,76,69,68,73,73,73,74,66,72,71,75,78,77,73,0,0,0,0,0,0,0,0,0,0,0,0,0,0,0,0,0,0,0,0,0,0,0,0,0,0,0,0,0,0,0,0,0,0,0,0,0,0,0,0,6.4,6.7,5.5,6.6,7.1,5.4,5.5,5.4,4,8,9.8,4.2,10.3,6.1,7.3,5.6,7.4,8.3,7.6,8.9,5.6,5.4,8.2,9.9,7.8,6.2,5.6,7.7,6.9,7,6.2,7.4,12.6,9.2,3.6,5.8,9.9,6.2,6.2,3.9,,,,,,,,,,,,,,,,,,,,,,,,,,,,,,,,,,,,,,,,,26.3,26.9,26.4,26.9,26.9,25.5,26.6,26.7,26.1,26.1,27,26.1,26.3,26.4,26.9,26.5,27,25.6,26.3,26.3,26.3,26.5,26.7,26.5,26.7,27,27.3,26.9,25.9,26.9,26,72,72,73,65,67,70,73,73,62,68,71,67,64,67,64,73,67,63,67,74,70,73,72,72,69,73,74,71,63,68,76,0,0,0,0,0,0,0,0,0,0,0,0,0,0,0,0,0,0,0,0,0,0,0,0,0,0,0,0,0,0,0,18.8,15.8,20.3,15.6,15.9,24.8,22.2,18,16.4,24.7,19.4,11.4,14.3,13.5,9.9,19,14.8,14.3,16.7,19.3,18.3,18.4,18.6,22.7,17.4,20.4,20,15.5,7.2,21.1,24.6,19.8,16.2,22,22.3,18.4,26.6,24.1,20.5,18,28.8,23,12.2,16.2,15.1,10.4,20.2,15.5,15.1,16.9,20.5,19.4,18.7,19.8,26.3,19.8,22.7,22.7,15.1,8.6,26.6,26.3,,,,,,22.2204,114.2127
2026-10-11T11:00,27.7,28.6,29.7,28.3,27.4,27.7,27.9,28.1,28.2,29,28.4,28.4,27.5,27.7,28.4,27.6,28.2,28.4,28.8,28.2,27.7,29,28.1,27.6,27.8,27.3,27.3,28.3,28.4,28.1,27.9,27.6,27.9,28.1,28.6,28.6,27.6,27.7,27.9,28.1,63,68,53,70,66,61,66,52,67,67,67,54,68,58,73,72,65,67,67,69,58,57,63,70,67,70,71,65,64,69,67,68,68,61,65,67,69,72,71,66,0,0,0,0,0,0,0,0,0,0,0,0,0,0,0,0,0,0,0,0,0,0,0,0,0,0,0,0,0,0,0,0,0,0,0,0,0,0,0,0,7.3,7.8,5.7,7.3,7.8,6.1,6.8,6.3,5.2,8.7,10.2,5.4,11.2,7,8.2,6.1,8.9,9.8,9.1,9.5,6.4,6.8,9.2,10.9,8.9,7.4,6.8,8.9,7.9,8.6,7.9,8.9,12.7,10.4,4.8,7.1,10,7.1,7.2,4.3,,,,,,,,,,,,,,,,,,,,,,,,,,,,,,,,,,,,,,,,,26.7,27.4,26.7,27.3,27.3,25.8,26.8,27.1,26.5,26.3,27.3,26.5,26.7,26.9,27.4,26.8,27.5,26.1,26.7,26.6,26.7,26.8,27,26.8,27.1,27.3,27.6,27.2,26.4,27.2,26.3,69,69,71,62,64,68,71,70,58,67,68,64,61,63,60,71,63,60,64,72,67,71,70,70,66,71,72,69,59,66,75,0,0,0,0,0,0,0,0,0,0,0,0,0,0,0,0,0,0,0,0,0,0,0,0,0,0,0,0,0,0,0,17.1,14.8,19,14.8,14.6,23.1,20.9,16.8,15.1,23.8,18.3,8.8,13.4,11,8.7,18.2,14.1,12.7,15.9,18.3,16.5,17.7,18.4,20.8,16.1,19.3,20.1,14.7,4.4,20.2,23.7,17.6,15.5,20.5,22.7,16.9,24.8,22.7,19.1,16.6,27,22,9.4,15.8,12.2,9.7,18.7,15.1,13.7,15.8,19.1,17.6,18,19.4,23.8,18.7,21.2,22.7,14.8,7.6,25.9,24.8,,,,,,22.2204,114.2127
2026-10-11T12:00,28.5,29.4,30.5,29.1,28.2,28.7,28.7,28.9,28.9,29.9,29.1,29.2,28.2,28.6,29.1,28.5,29,29.1,29.5,29,28.9,29.7,29,28.4,28.6,28,28.1,29.3,29.1,28.8,28.6,28.4,28.7,28.9,29.5,29.2,28.4,28.6,28.7,29,59,63,51,65,60,58,61,49,63,59,61,51,64,55,68,66,62,63,63,64,54,55,60,65,61,65,65,62,60,65,62,63,63,56,59,63,63,65,66,59,0,0,0,0,0,0,0,0,0,0,0,0,0,0,0,0,0,0,0,0,0,0,0,0,0,0,0,0,0,0,0,0,0,0,0,0,0,0,0,0,7.9,9.2,6.1,7.8,8.9,6.9,8.1,7.8,6.6,9.7,10.7,6.1,12,8,9.3,6.5,10.7,11.7,10.5,9.9,7.1,8.3,10.3,12.1,9.6,8.4,7.9,9.9,9.4,9.8,9.3,10.4,12.6,11.6,6,8.7,9.8,8.2,8.3,5,,,,,,,,,,,,,,,,,,,,,,,,,,,,,,,,,,,,,,,,,27,27.6,26.8,27.6,27.6,26,27,27.5,26.7,26.5,27.6,26.8,27,27.2,27.8,27,27.6,26.3,27,26.9,27,27.1,27.3,27.1,27.3,27.5,27.9,27.5,26.9,27.4,26.3,67,68,70,60,62,66,69,68,56,66,66,62,59,60,58,69,62,59,62,70,65,69,68,68,65,70,71,67,56,64,74,0,0,0,0,0,0,0,0,0,0,0,0,0,0,0,0,0,0,0,0,0,0,0,0,0,0,0,0,0,0,0,15.4,13.9,17.6,14.6,13.3,20.7,19.2,15.5,14,22.4,18.2,6,13.2,9.1,7.4,17.1,13.7,11.1,14.8,17.6,15.1,15.9,18.4,19.7,15.5,18.5,20.3,14,3.6,19.5,22.8,15.8,14.8,19.1,22.3,15.8,22,20.9,18,15.5,25.2,21.6,7.9,16.6,10.8,9.7,17.3,15.5,12.6,15.1,18,16.2,16.6,19.4,22,18,20.2,22.7,14.8,8.3,25.6,23,,,,,,22.2204,114.2127
2026-10-11T13:00,29,29.9,31,29.7,28.8,29.4,29.3,29.6,29.5,30.6,29.6,29.8,28.7,29.4,29.6,29.2,29.6,29.7,30,29.6,29.7,30.1,29.7,28.9,29.2,28.5,28.7,30,29.7,29.3,29.2,28.9,29.3,29.5,30.2,29.7,29,29.2,29.3,29.6,57,59,50,62,56,56,58,47,59,54,57,49,61,54,64,61,60,60,60,61,51,54,58,62,55,61,61,60,58,62,58,60,59,53,55,61,59,61,62,54,0,0,0,0,0,0,0,0,0,0,0,0,0,0,0,0,0,0,0,0,0,0,0,0,0,0,0,0,0,0,0,0,0,0,0,0,0,0,0,0,8.7,10.5,6.2,8.4,9.5,8.1,9.1,8.8,7.6,10,10.9,6.9,12.5,8.8,10.2,7,12.2,12.9,11.4,10.5,7.7,9.3,11.4,12.5,10.4,9.1,8.8,10.8,10.1,10.9,10.3,11.4,12.3,12.6,7.3,9.6,9.9,9.1,9.5,5.4,,,,,,,,,,,,,,,,,,,,,,,,,,,,,,,,,,,,,,,,,27.3,27.7,26.9,27.8,27.7,26.1,27.2,27.7,26.8,26.6,27.8,27.1,27.1,27.6,28,27.2,27.6,26.3,27.3,27.1,27.3,27.3,27.5,27.4,27.4,27.7,28,27.7,27.4,27.5,26.3,65,67,69,59,61,65,68,65,56,64,65,60,59,56,56,68,62,60,61,68,63,66,68,67,65,69,70,65,52,63,74,0,0,0,0,0,0,0,0,0,0,0,0,0,0,0,0,0,0,0,0,0,0,0,0,0,0,0,0,0,0,0,13.7,13.7,16.5,14.8,12.6,17.6,17.6,14.4,13.5,20.4,18.3,3.7,14.2,7.4,6.8,15.6,14,10.6,14.2,16.5,13.9,13.8,18.6,18.9,15.5,17.4,20.6,13.4,4.7,18.9,21.5,14.4,14.8,17.3,21.6,15.1,18,19.4,17.3,14.4,23.4,21.6,7.6,18,10.4,9.7,16.2,16.2,12.2,14.8,16.6,15.1,15.1,19.8,20.5,18,19.4,22.3,14.8,10.1,25.2,21.2,,,,,,22.2204,114.2127
2026-10-11T14:00,29.3,30.2,31.3,29.9,29,29.8,29.6,29.9,29.7,30.9,29.8,30.1,28.9,29.8,29.8,29.5,29.9,29.9,30.2,29.8,30.2,30.3,30,29.2,29.4,28.7,29,30.4,29.9,29.5,29.5,29.2,29.6,29.7,30.5,29.9,29.3,29.4,29.5,29.9,56,57,50,60,55,55,57,47,58,52,55,49,60,54,62,59,60,59,58,59,51,54,58,61,53,59,59,59,57,61,56,59,58,52,53,60,57,59,60,52,0,0,0,0,0,0,0,0,0,0,0,0,0,0,0,0,0,0,0,0,0,0,0,0,0,0,0,0,0,0,0,0,0,0,0,0,0,0,0,0,8.9,11.2,6.3,8.7,9.8,8.2,9.8,9.3,7.9,10,10.8,6.9,12.8,9.3,10.5,7.2,12.8,13.6,11.7,10.3,8.1,9.9,11.8,12.8,10.7,9.4,9,11.3,10.7,11.5,10.9,12,12.1,12.8,8,9.9,9.8,9.4,9.8,5.6,,,,,,,,,,,,,,,,,,,,,,,,,,,,,,,,,,,,,,,,,27.5,27.8,27,27.9,27.9,26.1,27.4,28,26.8,26.7,27.9,27.2,27.2,27.8,28.2,27.4,27.7,26.4,27.5,27.3,27.5,27.4,27.7,27.6,27.5,27.8,28.1,27.9,27.8,27.6,26.3,63,67,68,59,61,64,67,64,56,63,64,59,59,54,55,67,63,60,60,67,61,64,67,66,65,68,70,64,50,62,74,0,0,0,0,0,0,0,0,0,0,0,0,0,0,0,0,0,0,0,0,0,0,0,0,0,0,0,0,0,0,0,12.6,14.1,15.3,15.4,12.6,14.5,17,14.4,13.7,18.7,18.9,1.8,15.5,5.6,7,14.6,14.8,11.2,14.6,15.9,13.4,12.7,18.8,18.8,16.3,17.4,21.1,13,5.1,18.4,20.1,13.3,14.8,15.8,20.9,15.1,14.8,18.4,17.3,13.7,21.6,21.6,6.8,19.8,9.7,9.7,15.5,17.3,12.2,15.1,15.8,14.4,14,19.8,19.8,18,19.1,22.3,14.8,11.2,24.8,19.8,,,,,,22.2204,114.2127
2026-10-11T15:00,25.8,26.5,28.2,26.3,25.4,26.1,25.9,26.4,26.5,26.8,26.6,26.9,25.8,26,26.6,25.6,26.7,26.6,27.3,26.6,25.8,27.4,26.6,26.1,25.7,25.4,25.6,26.7,26.5,26,26.4,25.4,26.1,26.2,26.2,26.6,25.8,25.5,25.9,26.1,77,81,64,80,82,76,79,65,75,86,78,64,80,74,85,84,80,81,73,78,76,66,80,80,81,77,84,79,78,81,77,83,84,78,80,80,81,86,85,80,0,0,0,0,0,0,0,0,0,0,0,0,0,0,0,0,0,0,0,0,0,0,0,0,0,0,0,0,0,0,0,0,0,0,0,0,0,0,0,0,3.4,3.4,2.2,5.1,4.9,1.4,3.9,3.2,1.5,4.1,5.5,0.4,6.3,3.7,5.2,2.2,5.5,4.8,4.6,5.4,2.5,2.5,5.5,5.4,4.5,3.7,2.7,4.7,3.4,4.7,3.5,5.4,7.8,5.7,1.8,4.1,5.6,3.1,4.2,1.5,,,,,,,,,,,,,,,,,,,,,,,,,,,,,,,,,,,,,,,,,27.5,27.9,27.1,28,28,26.1,27.5,28.1,26.7,26.9,28,27.2,27.4,28,28.3,27.5,27.8,26.5,27.6,27.3,27.6,27.5,27.8,27.7,27.6,27.9,28.1,28.1,28,27.6,26.3,62,67,67,59,61,63,67,64,56,62,65,59,61,53,54,66,64,60,60,66,60,63,67,66,65,68,71,62,49,62,74,0,0,0,0,0,0,0,0,0,0,0,0,0,0,0,0,0,0,0,0,0,0,0,0,0,0,0,0,0,0,0,12.3,14.6,14.4,15.2,13.4,10.8,16.9,15.9,13.7,16.8,18.8,1.5,17.5,3.6,7.2,13.9,16.7,12.4,15.9,15.5,13,12.6,18.4,19.2,16.9,18.6,21.3,12.6,4.1,18,19.1,13.3,15.5,14.8,19.8,15.8,11.9,18,18.7,13.7,19.8,21.2,5.8,21.6,8.6,9.7,15.1,19.1,13.3,16.6,15.5,14.4,14,19.8,20.5,18.4,19.8,22.3,14.4,10.8,23.4,19.4,,,,,,22.2204,114.2127
2026-10-11T16:00,25.9,26.5,28.2,26.3,25.5,26.3,25.9,26.5,26.6,26.9,26.6,27,25.8,26.1,26.6,25.7,26.8,26.6,27.4,26.7,26,27.4,26.7,26.2,25.7,25.5,25.6,26.9,26.5,25.9,26.5,25.4,26.1,26.3,26.3,26.6,25.8,25.5,25.9,26.2,78,80,65,80,82,76,79,66,74,86,78,64,80,75,84,83,80,82,72,77,77,67,81,79,81,77,83,79,79,82,76,83,84,78,80,80,81,85,85,80,0,0,0,0,0,0,0,0,0,0,0,0,0,0,0,0,0,0,0,0,0,0,0,0,0,0,0,0,0,0,0,0,0,0,0,0,0,0,0,0,3.1,3.5,1.5,5,4.7,1.9,3.8,3.4,1.9,4,4.9,0.5,5.9,3.9,5.5,2.3,5.6,4.6,4.5,4.9,3.1,2.4,5.5,5.2,4.2,3.6,2.6,4.3,3.3,5.1,3.4,5.6,7.2,5.6,2.2,4,4.9,3.3,4,2.3,,,,,,,,,,,,,,,,,,,,,,,,,,,,,,,,,,,,,,,,,27.5,27.9,27.1,28,28,26.1,27.7,28.2,26.6,27.1,28,27,27.5,28,28.3,27.5,28,26.6,27.6,27.4,27.7,27.5,27.9,27.7,27.6,28,28,28.2,28.1,27.6,26.3,62,67,67,60,62,63,67,64,57,61,66,59,63,53,54,65,64,59,61,66,59,63,67,67,65,68,72,61,49,63,73,0,0,0,0,0,0,0,0,0,0,0,0,0,0,0,0,0,0,0,0,0,0,0,0,0,0,0,0,0,0,0,12.1,15.3,14.3,15.2,15.1,6.7,17.3,18,13.8,14.8,19.1,3,20.3,2.9,7.3,14.1,18.6,14.1,17.6,15,13.3,13.6,18.4,20.6,17.3,20.2,21.2,11.9,1.8,18.3,18.6,13.7,16.9,14,18.7,17.3,9,18.4,20.9,13.7,18,21.2,4.7,23.4,7.9,9.7,15.1,20.9,14.8,18.4,15.8,15.1,14,20.2,21.6,18.7,21.2,22.3,14,10.1,22,19.8,,,,,,22.2204,114.2127
2026-10-11T17:00,25.9,26.6,28.3,26.4,25.5,26.5,26,26.6,26.6,27,26.6,27.1,25.8,26.3,26.6,25.7,26.9,26.7,27.4,26.8,26.2,27.4,26.9,26.2,25.7,25.5,25.7,27.1,26.5,25.9,26.5,25.4,26.2,26.3,26.3,26.6,25.9,25.5,25.9,26.3,78,80,66,80,82,77,80,67,74,86,77,65,80,77,84,83,81,82,71,77,78,68,82,79,80,76,83,80,79,82,75,84,84,79,79,80,81,85,85,79,0,0,0,0,0,0,0,0,0,0,0,0,0,0,0,0,0,0,0,0,0,0,0,0,0,0,0,0,0,0,0,0,0,0,0,0,0,0,0,0,2.9,3.3,1.1,5.1,4.7,2.3,4,3.7,2.1,4,4.5,0.8,5.8,3.7,5.8,2.6,5.8,4.8,4.4,4.4,3.7,2.4,5.7,4.7,4.5,3.2,2.5,4.5,3.2,5,3.3,5.5,6.6,5.2,2.5,4,4.7,3.3,4.3,2.6,,,,,,,,,,,,,,,,,,,,,,,,,,,,,,,,,,,,,,,,,27.5,27.9,27.1,28,28,26,27.7,28.2,26.5,27.2,27.9,26.9,27.5,27.9,28.2,27.5,28.1,26.6,27.5,27.3,27.6,27.5,27.9,27.6,27.6,27.9,27.8,28.2,28,27.5,26.3,62,68,67,61,63,63,68,65,58,61,68,59,66,54,55,65,66,60,63,66,60,63,68,69,66,69,73,61,50,65,73,0,0,0,0,0,0,0,0,0,0,0,0,0,0,0,0,0,0,0,0,0,0,0,0,0,0,0,0,0,0,0,12.8,16.4,14.5,15.5,16.9,4.8,17.8,19.8,14.3,13.5,19.5,4.5,22.1,4.8,8,14.4,20.5,15.5,19.1,14.7,14.9,13.8,18.2,21.6,18,22,21.3,11.7,0.4,19.6,18.4,14.4,18.4,14,18.4,18.7,7.2,19.1,22.7,14.8,16.6,21.2,4,24.8,7.6,10.1,15.5,23,16.6,20.2,15.5,16.6,14.4,20.2,23.4,19.4,22.7,22.3,14,9.4,21.2,19.8,,,,,,22.2204,114.2127
2026-10-11T18:00,26,26.6,28.3,26.4,25.5,26.6,26,26.7,26.7,27,26.7,27.2,25.9,26.4,26.7,25.8,27,26.7,27.4,26.8,26.3,27.5,27,26.3,25.7,25.5,25.8,27.2,26.5,25.9,26.6,25.4,26.2,26.3,26.4,26.6,26,25.5,25.9,26.3,79,80,66,79,82,78,80,67,73,86,77,66,81,78,84,82,82,82,71,76,79,68,83,79,80,75,82,80,80,82,75,84,84,79,79,81,80,84,84,79,0,0,0,0,0,0,0,0,0,0,0,0,0,0,0,0,0,0,0,0,0,0,0,0,0,0,0,0,0,0,0,0,0,0,0,0,0,0,0,0,3.2,3.6,0.8,5.2,4.7,2.8,4,3.7,2.3,4.2,4,1.1,5.4,4,5.8,2.5,6,4.7,4.4,4.3,3.9,2.3,5.9,4.7,4.3,3.3,2.9,4.7,3.7,5.4,3.6,5.8,6.2,5.1,3,4,4.3,3.3,4.3,3.2,,,,,,,,,,,,,,,,,,,,,,,,,,,,,,,,,,,,,,,,,27.4,27.6,27,27.9,27.9,25.9,27.5,28,26.5,27.1,27.6,26.7,27.3,27.6,28.2,27.4,28,26.5,27.3,27.3,27.5,27.5,27.7,27.4,27.5,27.7,27.6,28.2,27.9,27.3,26.3,63,70,68,63,66,64,71,67,61,63,71,60,70,56,57,67,69,63,66,66,63,63,70,72,68,70,75,63,51,67,73,0,0,0,0,0,0,0,0,0,0,0,0,0,0,0,0,0,0,0,0,0,0,0,0,0,0,0,0,0,0,0,14,18.5,15,16.6,19.1,5,18.8,20.9,15.7,13.7,20.2,5.9,22.8,7,8.9,15.1,22.2,17.1,20.2,13.4,17.8,13.5,17.9,23.1,19.1,23.1,20.9,12.5,2.4,20.9,17.3,15.1,20.2,14.4,19.4,20.9,6.1,20.5,24.1,16.9,16.2,22,4,26.3,8.3,10.8,16.2,25.2,18.7,21.6,14,19.8,14,19.8,25.6,20.5,24.5,22.7,14.8,9.4,22.3,18.7,,,,,,22.2204,114.2127
2026-10-11T19:00,26,26.6,28.4,26.4,25.5,26.7,26,26.8,26.7,27.1,26.7,27.3,25.9,26.6,26.7,25.8,27,26.7,27.4,26.9,26.4,27.5,27.1,26.3,25.7,25.5,25.8,27.3,26.5,25.9,26.6,25.4,26.2,26.4,26.4,26.5,26,25.5,26,26.4,80,80,67,79,82,78,80,68,73,86,77,66,81,79,83,82,83,82,70,76,79,69,84,79,79,75,82,81,80,82,74,84,84,80,79,81,80,84,84,78,0,0,0,0,0,0,0,0,0,0,0,0,0,0,0,0,0,0,0,0,0,0,0,0,0,0,0,0,0,0,0,0,0,0,0,0,0,0,0,0,3.3,3.6,0.8,5.2,5.1,3.3,4.3,4,2.5,4.3,3.6,1.5,5.4,4,6.1,3.1,6.3,4.7,4.3,4.3,4.6,2.5,5.8,4.7,4.3,3.3,3,4.7,3.8,5.4,3.6,5.8,5.8,4.7,3.4,4,4.3,3.8,4.7,3.5,,,,,,,,,,,,,,,,,,,,,,,,,,,,,,,,,,,,,,,,,27.2,27.3,26.9,27.7,27.8,25.8,27.1,27.7,26.4,26.8,27.3,26.6,27,27.2,28.1,27.2,27.8,26.3,27,27.2,27.3,27.4,27.5,27.1,27.3,27.4,27.4,28,27.6,27,26.2,66,74,70,66,70,65,74,70,64,66,75,61,74,58,59,70,72,67,70,66,66,64,72,75,70,72,77,65,53,70,73,0,0,0,0,0,0,0,0,0,0,0,0,0,0,0,0,0,0,0,0,0,0,0,0,0,0,0,0,0,0,0,15.1,21,15.5,18.4,20.9,5.5,20.6,21.6,18.1,14.6,20.6,6.8,22.8,8.7,10.4,16.6,23.5,19.1,20.9,11.6,21.7,12.7,17.5,24.2,20.5,24.1,20.2,13.7,5.4,22.4,15.8,16.6,22.3,15.5,21.6,23.4,5.4,22.3,25.2,19.4,16.2,23,4.7,27.4,9.4,12.2,17.3,27,20.9,22.7,11.9,24.1,13.7,19.1,27.7,22.3,26.6,22.7,15.8,10.1,24.8,16.9,,,,,,22.2204,114.2127
2026-10-11T20:00,26,26.6,28.3,26.4,25.5,26.8,26,26.8,26.8,27.1,26.7,27.3,25.9,26.6,26.7,25.8,27.1,26.7,27.4,26.9,26.5,27.5,27.1,26.3,25.7,25.5,25.9,27.4,26.5,25.9,26.7,25.4,26.2,26.4,26.4,26.5,26,25.5,26,26.4,80,80,68,79,82,79,80,69,73,86,77,67,81,80,83,82,83,82,70,76,80,69,84,79,79,75,82,81,81,82,74,84,84,80,79,81,80,84,84,78,0,0,0,0,0,0,0,0,0,0,0,0,0,0,0,0,0,0,0,0,0,0,0,0,0,0,0,0,0,0,0,0,0,0,0,0,0,0,0,0,3.6,4,0.7,5.2,5.1,3.3,4.3,4,2.5,4.3,3.6,1.5,5.4,4,6.1,3.1,6.6,5.1,4.3,4.3,4.6,2.5,6.2,4.7,4.7,3.3,3,5,3.8,5.4,3.6,5.8,5.8,4.7,3.4,4,4.3,3.8,4.7,3.5,,,,,,,,,,,,,,,,,,,,,,,,,,,,,,,,,,,,,,,,,27.1,27,26.8,27.5,27.6,25.7,26.9,27.5,26.3,26.6,27.1,26.5,26.7,26.9,28,27.1,27.6,26.2,26.8,27,27.1,27.3,27.3,26.9,27.2,27.1,27.2,27.9,27.3,26.8,26.1,68,76,72,69,73,66,77,73,67,68,78,62,77,61,62,73,75,71,74,67,70,66,74,77,72,74,78,68,55,73,74,0,0,0,0,0,0,0,0,0,0,0,0,0,0,0,0,0,0,0,0,0,0,0,0,0,0,0,0,0,0,0,16.4,22.8,15.9,19.5,22.4,6.3,21.6,22,19.9,15.5,20.9,7.6,23.2,10.4,11.4,17.3,24.5,20.5,21.3,10.7,24.6,12.6,17.1,25.3,21.2,24.9,19.8,14.8,7.6,23.8,15,17.6,24.5,16.6,23,25.2,6.1,24.1,25.6,22,16.2,24.1,5.8,28.4,10.8,13.3,18.4,28.4,22.7,23.8,11.2,27.7,13.7,19.1,29.5,23.4,28.8,23,16.9,10.4,27,15.8,,,,,,22.2204,114.2127
2026-10-11T21:00,26,26.6,28.2,26.4,25.5,26.8,26,26.8,26.8,27,26.7,27.2,25.9,26.7,26.7,25.7,27.1,26.7,27.4,26.9,26.5,27.5,27.1,26.3,25.7,25.5,25.9,27.4,26.5,25.9,26.7,25.4,26.2,26.4,26.4,26.5,26,25.5,26,26.4,80,80,69,79,82,80,80,70,73,86,77,68,81,81,83,82,83,82,70,76,81,69,84,79,79,75,82,81,82,82,74,84,84,80,79,81,80,84,84,78,0,0,0,0,0,0,0,0,0,0,0,0,0,0,0,0,0,0,0,0,0,0,0,0,0,0,0,0,0,0,0,0,0,0,0,0,0,0,0,0,4,4.3,0.7,5.2,5.1,3.3,4.3,4,2.5,4.3,3.6,1.5,5.4,4,6.1,3.1,7,5.4,4.3,4.3,4.6,2.5,6.2,4.7,5,3.3,3,5.4,3.8,5.4,3.6,5.8,5.8,4.7,3.4,4,4.3,4.1,4.7,3.5,,,,,,,,,,,,,,,,,,,,,,,,,,,,,,,,,,,,,,,,,26.8,26.8,26.6,27.3,27.4,25.7,26.7,27.3,26.2,26.5,26.9,26.3,26.6,26.6,27.7,26.9,27.4,26.1,26.6,26.8,26.9,27,27.1,26.9,27.1,26.9,27.1,27.7,27,26.6,26,71,76,74,72,75,67,78,74,70,70,80,63,79,64,66,76,77,73,76,69,73,69,76,78,74,75,79,71,57,75,75,0,0,0,0,0,0,0,0,0,0,0,0,0,0,0,0,0,0,0,0,0,0,0,0,0,0,0,0,0,0,0,17.2,23.4,16.2,20,22.5,7.9,22.3,21.2,21.2,15.5,20.5,8.2,24,12,12.8,17.7,24.5,21.3,21.2,11.3,25.9,13.7,17.3,25.7,21.3,25.6,19.4,15.3,9.5,24.9,15.1,19.1,26.3,17.3,23.8,25.9,8.3,25.6,24.8,23.8,15.5,24.5,7.2,29.5,12.6,14.8,19.1,28.8,23.8,24.5,12.2,29.9,14.4,19.8,30.6,24.1,31,23,18,10.4,29.2,15.8,,,,,,22.2204,114.2127
2026-10-11T22:00,26,26.6,28.1,26.3,25.4,26.8,26,26.8,26.8,27,26.6,27.2,25.9,26.7,26.6,25.7,27.1,26.6,27.4,26.9,26.4,27.5,27.1,26.3,25.7,25.4,25.9,27.4,26.5,25.9,26.7,25.4,26.2,26.4,26.4,26.5,26,25.5,26,26.3,81,80,70,79,82,80,80,70,73,86,78,69,82,81,83,82,83,82,71,76,81,70,84,80,79,76,82,81,82,82,74,84,84,80,79,81,80,84,84,78,0,0,0,0,0,0,0,0,0,0,0,0,0,0,0,0,0,0,0,0,0,0,0,0,0,0,0,0,0,0,0,0,0,0,0,0,0,0,0,0,4.3,4.7,0.7,4.8,5.4,3.3,4.4,4,2.3,3.8,3.7,1.5,5.8,4,6.5,2.8,7.4,5.4,4.4,4.7,4.4,2.9,6.6,5.1,5.4,3.2,2.9,5.4,3.6,5.4,3.6,5.8,6.1,4.4,3.3,4,4.7,4.4,5,3.1,,,,,,,,,,,,,,,,,,,,,,,,,,,,,,,,,,,,,,,,,26.6,26.7,26.5,27,27.2,25.8,26.7,27.3,26,26.4,26.8,26.2,26.6,26.5,27.5,26.7,27.3,26,26.5,26.6,26.7,26.7,27,26.9,26.9,26.8,27.1,27.5,26.6,26.5,25.9,74,76,76,74,77,69,79,75,73,71,80,65,79,66,70,78,78,75,78,71,76,74,78,77,75,77,79,74,59,76,76,0,0,0,0,0,0,0,0,0,0,0,0,0,0,0,0,0,0,0,0,0,0,0,0,0,0,0,0,0,0,0,18.4,23.4,16.6,20.1,21.8,10.6,22.3,19.8,22,15,19.4,8.7,25.3,13.7,14.1,17.7,23.9,21.4,21.3,13,26.3,15.2,17.6,25.5,20.6,26.4,19.2,16.2,11,25.7,15.6,20.9,27.7,18.4,24.1,26.3,11.5,26.6,23.8,24.8,15.1,24.8,9,30.6,14.8,16.2,20.2,28.4,24.5,25.2,14.8,31.3,15.8,20.9,31.3,24.5,32.8,23,19.1,10.8,31,16.6,,,,,,22.2204,114.2127
2026-10-11T23:00,26,26.6,28,26.3,25.4,26.8,26,26.8,26.8,26.9,26.6,27,25.9,26.6,26.6,25.6,27,26.6,27.3,26.8,26.3,27.5,27.1,26.2,25.7,25.4,25.9,27.4,26.5,25.9,26.6,25.4,26.2,26.3,26.4,26.5,26.1,25.5,26,26.2,81,81,70,79,82,81,80,71,74,87,79,70,82,82,83,83,83,81,71,76,82,70,84,80,79,77,82,81,83,82,74,83,85,80,79,81,81,84,84,79,0,0,0,0,0,0,0,0,0,0,0,0,0,0,0,0,0,0,0,0,0,0,0,0,0,0,0,0,0,0,0,0,0,0,0,0,0,0,0,0,5.1,5.1,0.8,4.7,5.4,2.9,4.5,4.1,2.1,3.7,3.8,1.1,5.8,3.7,6.5,2,7.9,5.9,4,5,3.7,3,6.6,5.4,6.1,3.3,3.3,5.8,3.6,5.4,3.7,5.9,6.6,4.5,3.3,4,5.1,4.7,5.1,2.7,,,,,,,,,,,,,,,,,,,,,,,,,,,,,,,,,,,,,,,,,26.4,26.6,26.4,26.9,27.1,25.9,26.6,27.2,25.8,26.3,26.7,26.1,26.6,26.3,27.2,26.6,27.2,25.9,26.5,26.4,26.5,26.4,26.9,27,26.8,26.7,27.1,27.3,26.3,26.4,25.8,77,76,78,76,79,70,80,76,75,72,81,66,80,69,73,80,79,77,79,73,78,77,79,77,76,78,79,76,61,77,77,0,0,0,0,0,0,0,0,0,0,0,0,0,0,0,0,0,0,0,0,0,0,0,0,0,0,0,0,0,0,0,19.1,23.4,17.3,20.5,21.2,13,22.8,19.1,23.2,14.8,19.1,8.9,26.2,15.5,15,18.2,23.2,21.5,21.4,14.4,26.7,15.9,18.1,25.6,20.4,27.3,18.9,16.6,11.8,26.4,15.7,22,28.8,19.1,24.8,26.3,14,27.4,23.4,26.3,15.1,24.8,9.7,31.3,16.6,17.3,20.9,28.4,25.2,25.9,16.2,32.8,16.6,21.6,31.7,24.8,34.6,23,19.8,10.8,32.4,16.9,,,,,,22.2204,114.2127
2026-10-12T00:00,26,26.6,27.8,26.2,25.4,26.8,26,26.8,26.7,26.8,26.6,26.9,25.8,26.6,26.5,25.5,27,26.6,27.2,26.8,26.2,27.4,27,26.2,25.8,25.4,25.9,27.3,26.5,25.9,26.6,25.4,26.1,26.3,26.4,26.5,26.1,25.5,25.9,26.2,82,81,71,79,82,81,80,72,74,87,79,71,83,82,83,84,83,81,72,77,82,70,83,81,79,78,82,81,83,82,75,83,85,80,80,81,81,84,84,79,0,0,0,0,0,0,0,0,0,0,0,0,0,0,0,0,0,0,0,0,0,0,0,0,0,0,0,0,0,0,0,0,0,0,0,0,0,0,0,0,5.5,5.9,1,4.3,5.9,2.6,4.6,4.2,1.8,3.2,3.9,0.8,6.3,3.8,6.6,1.6,8.7,6.4,4.1,5.4,3.1,3.1,7.1,5.8,6.5,3.4,3.3,6.2,3.7,5.5,3.8,5.9,7.1,4.2,3.3,4,5.9,5.1,5.2,1.9,,,,,,,,,,,,,,,,,,,,,,,,,,,,,,,,,,,,,,,,,26.3,26.5,26.3,26.8,27,25.8,26.5,27,25.7,26.2,26.6,26,26.6,26.2,27.1,26.4,27.1,25.8,26.4,26.3,26.3,26.2,26.8,26.9,26.7,26.5,27,27.1,26,26.3,25.8,78,77,79,77,80,72,81,77,77,73,81,66,81,71,75,81,79,79,80,74,79,78,80,77,77,80,79,77,62,78,77,0,0,0,0,0,0,0,0.1,0,0,0,0,0.1,0,0,0,0,0,0,0,0.1,0,0,0,0,0,0,0,0,0,0,19.2,23.5,17.7,20.8,21.3,14.4,23.2,19.6,24.3,15.5,19.2,7.5,26.7,16.3,15.5,19.1,22.8,22.4,21.8,14.6,27.6,15.1,17.4,25.6,20.4,28.5,18.9,16.8,12,26.8,15.6,22,29.2,19.8,26.3,26.3,15.5,27.7,24.1,27.7,16.6,24.8,8.3,31.3,18,18,22,28.4,25.9,26.3,16.2,34.2,15.8,21.2,32,24.8,35.6,23.4,20.2,11.2,33.1,16.6,,,,,,22.2204,114.2127
2026-10-12T01:00,25.9,26.6,27.5,26.2,25.4,26.7,26,26.7,26.7,26.7,26.5,26.8,25.8,26.6,26.5,25.4,26.9,26.6,27.1,26.8,26.1,27.4,26.9,26.1,25.8,25.3,25.9,27.3,26.4,25.9,26.5,25.4,26.1,26.3,26.4,26.4,26,25.5,25.9,26.1,82,81,72,79,83,82,81,72,75,87,80,73,83,83,83,84,83,81,73,77,83,71,83,82,79,79,82,81,83,82,75,82,85,80,80,81,82,85,84,80,0,0,0,0,0,0,0,0,0,0,0,0,0,0,0,0,0,0,0,0,0,0,0,0,0,0,0,0,0,0,0,0,0,0,0,0,0,0,0,0,6.4,6.4,1.3,4.4,6.4,2.5,4.7,4.5,1.8,3.1,4.3,0.5,6.5,3.7,7.1,1.4,9.1,6.8,4.3,5.9,2.9,3.5,7.3,6.3,7.3,4,3.5,6.7,3.9,5.6,3.9,6,7.6,4.3,2.9,4.1,6.4,5.6,5.4,1.3,,,,,,,,,,,,,,,,,,,,,,,,,,,,,,,,,,,,,,,,,26.2,26.5,26.2,26.7,26.9,25.7,26.3,26.9,25.6,26,26.6,26,26.5,26.1,27,26.3,27.1,25.7,26.4,26.2,26.3,26.1,26.8,26.8,26.6,26.2,27,27,25.7,26.1,25.8,79,78,80,78,81,74,82,79,79,75,81,65,82,73,77,82,79,81,80,74,80,78,80,77,78,81,79,78,63,79,76,0,0,0,0,0,0,0,0.1,0,0,0,0,0.1,0,0,0,0,0,0,0,0.1,0,0,0,0,0,0,0,0,0,0,18.9,24,18.1,21.5,21.6,15.2,23.3,20.8,25.5,17.1,19.6,5.4,26.5,17,15.9,20.1,23.1,23.3,22.5,13.8,29,13.9,16.8,25.3,20.4,30.1,18.9,16.6,11.9,27.3,14.8,22,28.8,20.5,28.1,26.3,16.6,28.1,25.2,29.2,18.7,24.5,5.8,31.3,19.4,18.4,23,28.8,26.6,26.6,15.8,35.3,14.8,20.2,32,24.5,36.7,23.8,20.2,11.5,33.1,15.8,,,,,,22.2204,114.2127
2026-10-12T02:00,25.9,26.6,27.3,26.1,25.3,26.7,26,26.7,26.7,26.6,26.5,26.6,25.8,26.5,26.4,25.3,26.9,26.5,27.1,26.7,26,27.4,26.8,26,25.9,25.3,26,27.2,26.4,25.9,26.4,25.3,26.1,26.3,26.4,26.4,26,25.5,25.9,26,82,82,73,79,83,82,81,73,76,87,81,74,84,83,83,85,83,80,74,77,83,71,82,82,79,80,82,81,84,82,76,82,86,80,80,81,83,85,84,80,0,0,0,0,0,0,0,0,0,0,0,0,0,0,0,0,0,0,0,0,0,0,0,0,0,0,0,0,0,0,0,0,0,0,0,0,0,0,0,0,7,7.3,1.6,4.2,6.6,3.1,4.5,4.7,1.9,3.6,4.7,0.4,7.1,3.9,7.3,1.3,9.7,7.4,4.2,6.3,2.6,3.5,7.4,7.2,8,4.4,3.9,7.2,4.4,5.8,4,6.3,8.2,4.7,2.9,4.2,7.3,6.2,5.6,0.5,,,,,,,,,,,,,,,,,,,,,,,,,,,,,,,,,,,,,,,,,26.2,26.4,26.1,26.7,26.8,25.7,26.3,26.8,25.4,25.9,26.6,26,26.4,26,26.8,26.2,27.1,25.6,26.4,26.1,26.1,26,26.8,26.7,26.5,26.1,26.9,26.9,25.5,26,25.8,79,79,81,79,82,75,82,80,81,76,81,64,82,75,78,82,79,82,80,75,80,78,80,78,79,82,80,79,64,80,76,0,0,0,0,0,0,0,0.1,0,0,0,0,0.1,0,0,0,0,0,0,0,0.1,0,0,0,0,0,0,0,0,0,0,19.1,24.1,18.6,22.3,22.2,15.8,23.8,22.5,26.6,18.4,20,3.3,26.7,18,17.2,21.1,23.5,23.8,23.3,13.7,29.8,13.1,16.2,25.5,20.5,31.3,19.3,17.2,12.1,27.8,14.8,22,28.8,21.2,29.2,26.3,17.3,28.4,26.6,30.2,20.5,24.5,4,31.3,20.5,19.4,24.1,29.5,27,27.4,15.5,36,14,19.4,31.7,24.5,37.4,24.1,20.5,12.2,33.1,15.8,,,,,,22.2204,114.2127
2026-10-12T03:00,25.8,26.6,27.1,26.1,25.3,26.6,26,26.6,26.6,26.5,26.4,26.4,25.8,26.4,26.3,25.2,26.8,26.5,27,26.7,25.8,27.4,26.7,25.9,25.9,25.3,26,27.2,26.4,25.9,26.4,25.3,26,26.2,26.4,26.4,26,25.5,25.9,25.9,83,82,73,79,83,83,81,74,76,88,82,75,84,83,83,86,83,80,75,78,83,71,82,83,79,81,82,81,84,81,77,81,86,79,81,81,83,85,85,81,0,0,0,0,0,0,0,0,0,0,0,0,0,0,0,0,0,0,0,0,0,0,0,0,0,0,0,0,0,0,0,0,0,0,0,0,0,0,0,0,7.9,8.2,1.9,4.2,7.2,3.6,4.7,5.1,1.8,3.8,5.2,0.5,7.7,4.1,7.6,2.1,10.2,8,4.4,6.7,2.8,4,7.7,7.8,8.5,4.6,4.6,7.8,4.8,5.8,4.2,6.1,9,4.6,3,4.3,7.9,7.1,6,0.5,,,,,,,,,,,,,,,,,,,,,,,,,,,,,,,,,,,,,,,,,26.1,26.3,26,26.6,26.6,25.7,26.3,26.6,25.2,25.7,26.5,25.9,26.3,25.8,26.6,26,26.8,25.5,26.3,26.1,25.9,25.9,26.7,26.4,26.3,26,26.8,26.7,25.4,25.9,25.8,80,80,81,81,82,76,81,81,82,78,81,64,82,77,80,83,80,82,80,76,80,78,81,79,80,82,81,81,66,80,77,0,0,0,0,0.1,0,0.1,0.1,0,0,0,0,0,0,0.1,0,0,0,0,0,0,0.1,0,0,0,0,0,0,0,0,0,20.2,24.6,19.4,23.2,22.9,16.6,24.9,24.4,27.5,19.8,20.5,2.9,27,19.1,19.6,22.1,25.2,24.5,24.4,14,30.3,13,16.9,25.8,21.6,31.8,19.8,18.8,13.1,28,15.2,23,28.8,22,29.5,26.6,18,29.2,28.4,31.3,22,24.5,4,31.7,21.2,22,24.8,31.3,27.4,28.4,15.8,36.4,14,19.8,31.3,25.2,38.2,24.1,22,14,33.5,16.6,,,,,,22.2204,114.2127
2026-10-12T04:00,25.8,26.6,26.9,26,25.3,26.6,26,26.6,26.6,26.4,26.4,26.3,25.8,26.4,26.3,25.1,26.7,26.4,26.9,26.6,25.7,27.4,26.6,25.8,25.9,25.2,26,27.1,26.4,25.9,26.3,25.3,26,26.2,26.4,26.4,26,25.5,25.9,25.8,83,83,74,79,83,83,81,74,77,88,83,76,84,83,82,87,83,80,76,78,84,72,81,84,79,82,82,80,85,81,77,80,86,79,81,80,84,85,85,81,0,0,0,0,0,0,0,0,0,0,0,0,0,0,0,0,0,0,0,0,0,0,0,0,0,0,0,0,0,0,0,0,0,0,0,0,0,0,0,0,8.9,8.7,2.3,4.6,7.4,4.1,4.9,5.4,2.3,4.5,5.6,0.8,8.4,4.3,7.7,2.7,10.8,8.5,4.6,7.6,3.1,4.2,8.1,8.4,9.3,5.1,5.1,8.4,5.4,6,4.6,6.3,10,4.8,2.7,4.5,8.9,7.7,6.7,1.1,,,,,,,,,,,,,,,,,,,,,,,,,,,,,,,,,,,,,,,,,26,26.1,26,26.4,26.5,25.8,26.3,26.5,25,25.6,26.5,25.8,26.1,25.6,26.2,25.9,26.5,25.4,26.3,26,25.7,25.9,26.6,26.2,26.1,26,26.6,26.5,25.3,25.9,25.8,81,80,81,82,82,76,80,81,82,79,82,65,81,78,82,83,82,82,79,77,81,78,82,81,82,82,83,82,68,80,77,0,0,0,0,0.1,0,0.1,0.1,0,0,0,0,0,0,0.1,0,0,0,0,0,0,0.1,0,0,0,0,0,0,0,0,0,21.7,25,19.9,24.3,23.6,17.1,26.5,26.4,28.5,21.1,21.6,3.5,27.6,20.2,22.3,23,27.8,24.7,25.6,14.5,30.7,13.3,17.9,25.8,22.8,31.6,20.3,20.8,14.8,28.4,16.1,24.8,28.8,22.3,29.2,27,19.1,29.9,31,32.4,23,24.8,4.7,32.4,22,24.8,25.6,33.8,27.7,29.5,16.9,36.4,14.4,20.5,30.6,25.9,38.9,24.1,23.8,15.8,34.2,17.3,,,,,,22.2204,114.2127
2026-10-12T05:00,25.8,26.6,26.7,26,25.2,26.5,26,26.5,26.6,26.3,26.4,26.1,25.7,26.3,26.2,25.1,26.7,26.4,26.9,26.6,25.6,27.4,26.5,25.8,26,25.2,26,27.1,26.4,25.9,26.3,25.3,25.9,26.2,26.4,26.4,26,25.5,25.9,25.7,83,83,75,79,83,83,81,75,77,88,84,78,85,83,82,87,82,79,77,78,84,72,80,84,80,83,83,80,85,81,78,80,86,79,81,80,84,86,85,81,0,0,0,0,0,0,0,0,0,0,0,0,0,0,0,0,0,0,0,0,0,0,0,0,0,0,0,0,0,0,0,0,0,0,0,0,0,0,0,0,9.3,9.3,2.6,4.6,8.1,4.6,5.1,5.4,2.6,5,6.1,1.1,8.9,4.4,8.1,3.3,11.3,9.2,4.8,8.1,3.9,4.4,8.3,9,9.7,5.4,5.4,8.5,5.9,6.4,4.8,6.5,10.7,5.1,2.9,4.4,9.5,8.4,6.9,1.8,,,,,,,,,,,,,,,,,,,,,,,,,,,,,,,,,,,,,,,,,25.9,26.1,26,26.3,26.4,25.9,26.3,26.4,24.9,25.5,26.5,25.8,26,25.5,26,25.8,26.3,25.3,26.3,26,25.5,25.9,26.5,26,26,26,26.6,26.4,25.2,25.8,25.8,81,80,81,83,82,77,79,81,82,80,82,66,80,79,83,83,83,81,79,78,81,78,82,82,82,81,84,83,70,80,78,0,0,0,0,0.1,0,0.1,0.1,0,0,0,0,0,0,0.1,0,0,0,0,0,0,0.1,0,0,0,0,0,0,0,0,0,23.3,25.3,20.9,25,24,17.8,27.3,27.7,28.7,22.1,22.3,4.8,28,20.7,23.8,23.3,29.7,24.7,26.6,15.7,30.8,14.1,18.9,26.2,23.6,31.4,21,22.7,16.6,28.7,17,25.9,28.8,23,29.2,27.4,19.8,30.2,32.4,32.8,23.8,25.2,5.8,32.8,22.3,27,25.6,35.3,27.7,30.2,18,36.4,15.5,21.6,30.2,26.3,38.9,24.1,25.6,18,34.9,18.4,,,,,,22.2204,114.2127
2026-10-12T06:00,25.8,26.5,26.6,25.9,25.2,26.5,26,26.5,26.6,26.2,26.3,26,25.7,26.3,26.2,25,26.6,26.4,26.8,26.6,25.5,27.3,26.4,25.7,26,25.2,26,27,26.3,25.9,26.2,25.3,25.9,26.2,26.4,26.4,26,25.5,25.8,25.7,84,83,75,79,83,84,80,75,78,88,85,79,85,83,82,88,82,79,77,79,84,72,80,85,80,84,83,80,85,81,78,80,86,79,81,80,85,86,85,81,0,0,0,0,0,0,0,0,0,0,0,0,0,0,0,0,0,0,0,0,0,0,0,0,0,0,0,0,0,0,0,0,0,0,0,0,0,0,0,0,10,9.8,2.6,5.1,8.3,5.4,5.1,5.6,2.9,5.4,6.4,1.1,9.3,4.7,8.3,4,11.6,9.7,4.8,8.2,4.2,4.6,8.5,9.7,10.1,5.6,5.6,9.2,6.5,6.6,4.8,6.4,11.1,5.1,2.8,4.6,10.2,8.6,6.9,2.2,,,,,,,,,,,,,,,,,,,,,,,,,,,,,,,,,,,,,,,,,25.8,26.1,26,26.3,26.3,25.8,26.3,26.4,24.9,25.5,26.4,25.8,26,25.4,25.9,25.7,26.2,25.2,26.2,26,25.4,25.8,26.4,25.9,25.9,26,26.6,26.3,25.1,25.8,25.8,81,79,81,83,82,78,78,81,81,79,81,67,79,79,82,82,83,81,79,79,81,79,82,81,81,80,84,83,73,79,78,0,0,0.1,0,0,0.1,0,0,0,0,0,0,0,0,0,0,0,0,0.1,0.1,0,0.2,0,0,0,0,0.1,0,0,0,0.1,24.3,25.1,21.6,25.5,24.1,19.3,27.6,28.1,28.6,22.5,22.7,6.2,28,20.5,24.1,22.2,30.5,24.6,27.3,17.3,30.6,16.1,20,26.3,23.2,30.8,21.8,24.2,18.6,29.3,17.9,26.6,29.2,23.8,29.5,27.4,21.2,29.9,32.8,32.8,24.5,25.6,6.8,33.1,22,27.7,24.1,35.6,27.7,31,20.2,36,18,22.7,30.6,25.9,38.2,24.8,27.4,20.2,36,19.4,,,,,,22.2204,114.2127
2026-10-12T07:00,25.7,26.5,26.5,25.9,25.2,26.5,26,26.5,26.6,26.2,26.3,25.9,25.7,26.3,26.2,25,26.6,26.4,26.8,26.5,25.4,27.3,26.4,25.7,26,25.1,26,27,26.3,25.9,26.2,25.3,25.9,26.2,26.4,26.4,26,25.5,25.8,25.7,84,84,76,79,83,84,80,76,78,88,85,79,86,83,82,88,82,79,78,79,85,73,79,85,80,85,83,80,86,81,78,79,86,78,81,80,85,86,85,81,0,0,0,0,0,0,0,0,0,0,0,0,0,0,0,0,0,0,0,0,0,0,0,0,0,0,0,0,0,0,0,0,0,0,0,0,0,0,0,0,10.5,10.3,2.9,5.2,8.5,5.7,5.1,5.9,3.2,5.9,6.6,1.5,9.8,4.8,8.5,4.4,11.8,9.9,4.8,8.7,4.8,4.6,8.7,9.9,10.6,5.9,5.9,9.4,6.8,6.9,5.1,6.6,11.6,5.4,3.1,4.6,10.7,9.1,7.1,2.9,,,,,,,,,,,,,,,,,,,,,,,,,,,,,,,,,,,,,,,,,25.7,26.1,26,26.3,26.2,25.6,26.3,26.4,25,25.5,26.4,25.8,26,25.3,25.9,25.6,26.2,25.1,26.2,26.1,25.4,25.7,26.4,26,25.8,26.1,26.8,26.4,25,25.9,25.8,79,77,80,81,81,79,77,80,80,77,80,67,78,77,81,81,81,81,79,80,81,81,81,80,78,79,82,81,76,77,78,0,0,0.1,0,0,0.1,0,0,0,0,0,0,0,0,0,0,0,0,0.1,0.1,0,0.2,0,0,0,0,0.1,0,0,0,0.1,24.8,25,22.6,26.1,24.2,20.9,26.9,27.9,28,22.4,22.7,7.2,28,19.7,23.9,20.6,30.9,24.5,27.6,19.6,30,19.5,21.3,26.4,21.9,29.9,22.6,25,20.3,30.1,19.2,27,29.5,24.8,29.9,27.4,22.3,29.2,32.8,32,24.5,25.9,7.9,33.1,21.6,27.4,22.3,35.3,27.7,31.3,22.3,35.6,21.2,23.8,31,25.2,36.7,25.6,28.8,22.3,36.7,20.2,,,,,,22.2204,114.2127
2026-10-12T08:00,25.7,26.5,26.4,25.9,25.2,26.5,26,26.5,26.6,26.2,26.3,25.9,25.7,26.3,26.1,25,26.6,26.4,26.8,26.5,25.4,27.3,26.4,25.7,26,25.1,26,27,26.3,25.9,26.2,25.3,25.9,26.2,26.4,26.4,26,25.5,25.8,25.7,84,84,76,79,83,84,80,76,78,88,85,80,86,83,82,88,82,79,78,79,85,73,79,85,80,86,83,80,86,81,78,79,86,78,81,80,85,86,85,81,0,0,0,0,0,0,0,0,0,0,0,0,0,0,0,0,0,0,0,0,0,0,0,0,0,0,0,0,0,0,0,0,0,0,0,0,0,0,0,0,10.5,10.3,2.9,5.2,8.5,6,5.1,5.9,3.2,5.9,6.6,1.5,9.8,4.8,8.5,4.4,11.8,9.9,4.8,8.7,4.8,4.6,8.7,9.9,10.6,5.9,5.9,9.4,6.8,6.9,5.1,6.6,11.6,5.4,3.1,4.6,10.7,9.3,7.1,2.9,,,,,,,,,,,,,,,,,,,,,,,,,,,,,,,,,,,,,,,,,25.7,26.2,26.1,26.4,26.3,25.5,26.3,26.4,25.2,25.7,26.5,26,26.1,25.5,26,25.7,26.3,25.2,26.2,26.2,25.4,25.8,26.4,26.1,25.9,26.2,26.9,26.5,25.1,26,25.8,78,75,79,80,80,79,76,79,78,75,79,67,77,75,79,80,80,80,78,80,80,81,80,78,76,77,81,80,77,75,78,0,0,0.1,0,0,0.1,0,0,0,0,0,0,0,0,0,0,0,0,0.1,0.1,0,0.2,0,0,0,0,0.1,0,0,0,0.1,24.8,24.6,23,26.2,23.5,21.9,26.1,27.6,27,21.9,22.9,8.1,27.7,18.6,23.1,19.4,30.7,23.9,27.9,21.2,29.4,21.6,21.9,26.4,20.4,28.6,23,25.5,21.1,30.7,19.7,26.6,29.2,25.2,29.9,26.6,23,28.4,32.4,31,24.5,25.9,9,33.1,20.5,26.3,20.5,34.6,27.4,31.3,24.1,34.9,23.4,24.1,31.3,23.8,34.9,25.9,29.9,23,37.4,20.5,,,,,,22.2204,114.2127
2026-10-12T09:00,25.7,26.5,26.4,25.9,25.3,26.5,26,26.5,26.6,26.2,26.3,25.9,25.7,26.3,26.1,25,26.6,26.4,26.8,26.5,25.4,27.3,26.4,25.7,26,25.1,26,27,26.3,25.9,26.2,25.3,25.9,26.2,26.4,26.4,26,25.5,25.8,25.8,84,84,76,79,83,84,80,76,78,88,85,80,86,83,82,88,82,79,78,79,85,73,79,85,80,86,83,80,86,81,78,79,86,78,81,80,85,86,85,80,0,0,0,0,0,0,0,0,0,0,0,0,0,0,0,0,0,0,0,0,0,0,0,0,0,0,0,0,0,0,0,0,0,0,0,0,0,0,0,0,10.5,10.3,2.9,5.2,8.5,6,5.1,5.9,3.2,5.9,6.6,1.5,9.8,4.8,8.5,4.4,11.8,9.9,4.8,8.7,4.8,4.6,8.7,9.9,10.6,5.6,5.6,9.4,6.5,6.9,5.1,6.6,11.6,5.4,3.1,4.6,10.7,9.3,6.9,2.9,,,,,,,,,,,,,,,,,,,,,,,,,,,,,,,,,,,,,,,,,26,26.4,26.3,26.6,26.5,25.7,26.4,26.6,25.4,26,26.6,26.5,26.3,25.9,26.2,26,26.4,25.5,26.3,26.4,25.6,26,26.7,26.3,26.2,26.5,27,26.7,25.3,26.2,26,76,73,77,78,78,77,75,77,76,73,78,64,76,72,77,78,79,77,77,79,79,80,78,77,74,75,80,78,76,74,77,0,0,0,0,0,0,0,0,0,0,0,0,0,0,0,0,0,0,0,0.1,0,0.1,0,0,0,0,0,0,0,0,0,23.9,24.1,23,25.8,22.2,20.9,25.3,27.6,25.7,21.3,23.1,8.8,27.4,17.1,22.3,18.7,30,22.8,27.9,22,28.6,22.4,21.1,25.9,19.2,26.8,23.1,25.5,20.6,31.1,19.5,25.6,27.7,24.5,29.2,24.8,22,27.4,32,29.5,23.8,25.9,10.4,32.4,19.1,24.5,19.4,33.8,25.9,31.3,24.5,33.5,23.8,23,31,22,32,25.9,29.5,22,37.4,19.8,,,,,,22.2204,114.2127
2026-10-12T10:00,25.7,26.5,26.5,25.9,25.3,26.5,26.1,26.5,26.7,26.3,26.4,25.9,25.8,26.3,26.1,25.1,26.6,26.4,26.9,26.5,25.4,27.3,26.4,25.7,26,25.1,26,27,26.3,25.9,26.2,25.3,25.9,26.2,26.4,26.4,26,25.5,25.8,25.9,84,84,76,79,83,84,79,76,77,87,84,80,86,83,81,87,82,79,78,79,85,74,79,84,80,87,83,80,86,81,77,79,85,77,80,80,85,86,85,79,0,0,0,0,0,0,0,0,0,0,0,0,0,0,0,0,0,0,0,0,0,0,0,0,0,0,0,0,0,0,0,0,0,0,0,0,0,0,0,0,10,9.8,2.5,4.9,8,6,4.8,5.6,2.9,5.2,6.4,1.1,9.6,4.5,8,4,11.3,9.4,4.6,8.2,4.5,4.1,8.2,9.4,10.1,5.1,5.4,9.1,6.2,6.6,4.8,6.4,11.1,5.1,3.1,4.4,10.2,8.8,6.4,2.5,,,,,,,,,,,,,,,,,,,,,,,,,,,,,,,,,,,,,,,,,26.3,26.7,26.6,26.8,26.9,26.1,26.6,26.9,25.8,26.3,26.9,27.2,26.6,26.4,26.6,26.5,26.6,25.9,26.5,26.7,25.8,26.2,27,26.6,26.6,26.8,27.1,27,25.7,26.4,26.2,73,72,75,76,76,73,75,75,73,71,76,61,74,68,76,75,77,73,75,77,78,77,75,75,71,73,79,76,73,73,75,0,0,0,0,0,0,0,0,0,0,0,0,0,0,0,0,0,0,0,0.1,0,0.1,0,0,0,0,0,0,0,0,0,22.3,23.4,22.3,25,20.4,19,23.9,27.1,23.9,20.6,23.1,9,26.9,15.1,20.9,17.9,29.2,21.8,28,22.5,27.8,22.7,19.7,25.6,17.9,24.3,23.3,25.4,18.8,31.2,18.8,24.1,25.9,23,27.7,22.3,20.2,26.3,31.3,27.7,22.3,25.6,12.2,31.3,16.9,22.3,18.4,32.8,24.1,31.3,24.1,31.7,23.4,21.2,29.9,19.4,28.4,25.6,28.4,20.2,37.1,18.4,,,,,,22.2204,114.2127
2026-10-12T11:00,25.8,26.5,26.6,25.9,25.4,26.6,26.1,26.6,26.7,26.4,26.4,26,25.8,26.4,26.1,25.2,26.6,26.4,26.9,26.6,25.4,27.3,26.5,25.8,26,25.1,26,27.1,26.3,25.9,26.2,25.3,25.9,26.3,26.4,26.4,26.1,25.5,25.8,26.1,84,84,76,80,82,83,78,76,77,87,83,80,86,82,81,86,82,79,77,79,86,74,78,83,80,87,84,80,86,81,77,79,84,77,80,80,84,86,85,78,0,0,0,0,0,0,0,0,0,0,0,0,0,0,0,0,0,0,0,0,0,0,0,0,0,0,0,0,0,0,0,0,0,0,0,0,0,0,0,0,9.8,9.7,2.2,4.6,7.5,5.9,4.3,5.4,2.6,4.9,5.9,1,9.2,3.9,7.3,3.3,10.6,8.9,4.3,8.2,3.9,3.8,8,8.9,9.8,4.8,4.6,8.6,5.6,6.4,4.3,5.9,10.4,4.8,2.8,4.2,9.5,8.3,5.6,2.2,,,,,,,,,,,,,,,,,,,,,,,,,,,,,,,,,,,,,,,,,26.6,26.9,26.8,27,27.3,26.5,26.8,27.2,26.1,26.7,27,27.8,26.7,26.9,26.9,26.9,26.8,26.3,26.6,27,26,26.5,27.3,26.8,26.9,27.1,27.2,27.2,26,26.6,26.3,71,70,73,74,74,70,75,73,71,69,75,58,73,64,74,73,76,70,74,75,77,75,73,74,69,71,78,75,70,72,73,0,0,0,0,0,0,0,0,0,0,0,0,0,0,0,0,0,0,0,0.1,0,0.1,0,0,0,0,0,0,0,0,0,20.8,21.8,21.9,23.6,19.1,17,23,26.4,22.5,19.2,23.1,8.3,26.5,13.1,19.4,17,27.8,20.5,27.3,22.5,26.7,22.5,18.5,24.7,16.6,21.5,23.2,24.9,16.8,30.9,18,22.7,23.8,22,26.3,20.5,18.7,25.6,30.6,25.6,20.9,25.2,13,30.6,15.1,20.2,17.3,31.3,22.3,30.6,23.4,29.9,22.7,20.2,28.8,17.6,24.8,25.2,27.4,17.6,36.4,17.3,,,,,,22.2204,114.2127
2026-10-12T12:00,25.8,26.4,26.7,25.9,25.4,26.7,26.2,26.6,26.8,26.5,26.4,26.1,25.8,26.5,26.1,25.3,26.6,26.4,27,26.6,25.5,27.3,26.5,25.8,26,25.1,26,27.1,26.4,25.9,26.3,25.3,25.9,26.3,26.4,26.4,26.1,25.5,25.9,26.3,84,85,76,80,82,83,77,76,76,86,82,80,87,82,81,85,82,79,77,78,86,74,78,83,80,87,84,81,86,81,76,79,84,76,79,80,84,86,85,77,0,0,0,0,0,0,0,0,0,0,0,0,0,0,0,0,0,0,0,0,0,0,0,0,0,0,0,0,0,0,0,0,0,0,0,0,0,0,0,0,9.2,8.7,2.2,4.6,6.8,5.4,4.1,5.1,2,4.2,5.6,0.8,8.9,3.8,6.6,2.6,9.7,8.5,4.1,7.8,3.4,3.6,7.3,8.1,9,4.1,4.1,8.1,5.1,6.2,3.9,5.7,9.9,4.6,2.6,3.7,9,7.8,4.9,1.8,,,,,,,,,,,,,,,,,,,,,,,,,,,,,,,,,,,,,,,,,26.7,27.1,26.9,27.2,27.5,26.9,26.9,27.3,26.3,27,27,28.2,26.8,27.4,27.2,27.2,26.9,26.4,26.7,27.1,26.1,26.6,27.5,27,27.2,27.5,27.3,27.3,26.4,26.6,26.4,70,68,73,72,73,68,75,72,70,67,75,57,73,61,72,71,75,69,74,74,76,74,72,73,68,70,77,75,67,72,72,0,0,0,0,0,0,0,0,0,0,0,0,0,0,0,0,0,0,0,0,0,0,0,0,0,0,0,0,0,0,0,20.1,19.5,21.8,22,18,15.5,22.8,25.5,21.3,17.1,23.1,5.2,26,11,17.5,15.8,26.2,19.5,26.4,21.8,25.3,22.3,18.3,23.5,15,18.3,22.8,24.2,13.8,29.7,16.9,22,21.2,22,24.5,19.4,17.6,25.2,29.2,23.4,18.7,25.2,11.9,30.2,13,18,16.6,29.9,21.2,29.5,22.3,28.1,22.3,20.2,27.4,16.9,21.6,24.8,26.6,15.1,34.6,16.6,,,,,,22.2204,114.2127
2026-10-12T13:00,25.8,26.4,26.9,25.9,25.5,26.7,26.2,26.6,26.9,26.7,26.5,26.2,25.8,26.5,26.1,25.5,26.7,26.5,27.1,26.6,25.5,27.4,26.6,25.9,26,25.1,26,27.2,26.4,25.9,26.3,25.3,25.9,26.3,26.4,26.4,26.1,25.5,25.9,26.5,84,85,76,80,82,83,76,76,76,85,81,80,87,81,80,84,82,80,76,78,86,75,78,82,81,88,84,81,86,81,75,79,83,76,79,80,83,86,85,75,0,0,0,0,0,0,0,0,0,0,0,0,0,0,0,0,0,0,0,0,0,0,0,0,0,0,0,0,0,0,0,0,0,0,0,0,0,0,0,0,8.4,8.2,1.6,4.3,6.1,5.1,3.7,4.6,2.1,3.2,5.4,0.7,8.6,3.3,6,1.9,9.2,7.7,3.7,7,2.5,3.1,6.9,7.4,8.2,3.4,3.4,7.6,4.6,6,3.7,5.3,8.9,4.3,2.4,3.5,8,7.1,4.2,1.1,,,,,,,,,,,,,,,,,,,,,,,,,,,,,,,,,,,,,,,,,26.8,27.3,26.9,27.4,27.7,27.3,26.9,27.4,26.4,27.3,27,28.5,26.7,27.9,27.5,27.6,27,26.5,26.8,27.1,26.2,26.7,27.7,27.2,27.4,27.9,27.5,27.3,26.9,26.6,26.5,69,67,73,71,72,66,75,71,69,65,75,56,73,59,70,70,74,68,74,73,75,73,71,72,67,68,76,75,64,73,72,0,0,0,0,0,0,0,0,0,0,0,0,0,0,0,0,0,0,0,0,0,0,0,0,0,0,0,0,0,0,0,19.7,16.5,22.1,20.3,17.5,14.4,22.8,24.4,20,15,22.8,3,25.8,9.2,15.6,14.7,24.5,19,25.1,20.3,24.4,21.6,19.4,22.2,14.1,14.9,22,23.5,10.6,28.1,16,21.2,18.4,22,22.3,18.4,16.9,24.8,27.4,21.2,16.2,25.2,9.7,29.9,10.8,15.5,15.5,28.1,20.9,28.1,20.9,26.6,21.6,20.2,25.9,16.2,18,24.1,25.6,11.9,32.4,16.2,,,,,,22.2204,114.2127
2026-10-12T14:00,25.8,26.4,27.1,26,25.6,26.8,26.3,26.7,27,26.8,26.5,26.3,25.9,26.6,26.2,25.6,26.7,26.5,27.2,26.6,25.6,27.4,26.6,25.9,25.9,25.1,26,27.2,26.4,25.9,26.4,25.3,26,26.4,26.4,26.4,26.1,25.5,25.9,26.7,84,85,75,81,82,82,75,76,75,84,80,79,87,80,80,83,82,80,75,78,86,75,78,81,81,88,85,81,86,81,74,79,82,75,78,80,83,86,85,74,0,0,0,0,0,0,0,0,0,0,0,0,0,0,0,0,0,0,0,0,0,0,0,0,0,0,0,0,0,0,0,0,0,0,0,0,0,0,0,0,7.8,7.6,1.3,3.9,5.5,4.6,3.5,4.4,1.8,2.8,4.7,0.8,8.3,2.9,5.4,1.3,8.3,7.1,3.5,6.5,2.4,2.6,6.4,6.4,7.8,2.7,3,7.1,4,5.6,3.4,5.2,8.2,3.9,2.4,3.4,7.4,6.3,3.4,1,,,,,,,,,,,,,,,,,,,,,,,,,,,,,,,,,,,,,,,,,26.9,27.4,26.8,27.6,27.9,27.5,26.9,27.5,26.5,27.5,26.9,28.6,26.7,28.2,27.7,27.8,27,26.6,26.9,27.1,26.2,26.7,27.8,27.4,27.5,28.1,27.6,27.2,27.2,26.5,26.5,68,66,74,70,71,65,75,71,68,64,75,56,73,58,68,69,74,68,75,73,75,72,70,72,67,68,76,75,62,74,71,0,0,0,0,0,0,0,0,0,0,0,0,0,0,0,0,0,0,0,0,0,0,0,0,0,0,0,0,0,0,0,19.5,13.6,22.1,18.9,17.3,14.4,22.9,22.9,18.8,13.3,22.6,5.1,25.4,7.8,14,13.8,23,18.9,23.7,19,23.2,21,19.8,21.2,13.4,12.4,21.4,22.7,7.8,26.6,14.8,20.5,15.8,22.3,20.5,18,16.6,24.5,25.9,19.4,14,25.2,8.3,29.5,9.4,13.7,15.1,26.3,20.2,26.6,19.8,25.2,21.2,20.5,24.8,15.8,15.5,23.8,24.8,9.7,30.6,15.5,,,,,,22.2204,114.2127
2026-10-12T15:00,25.9,26.3,27.2,26,25.6,26.9,26.3,26.8,27,27,26.6,26.4,25.9,26.7,26.2,25.8,26.7,26.5,27.3,26.7,25.7,27.4,26.7,26,25.9,25.1,26,27.3,26.4,25.9,26.4,25.3,26,26.4,26.5,26.4,26.1,25.5,25.9,26.9,83,85,75,81,81,82,74,75,74,84,79,79,87,80,79,82,82,80,75,77,86,75,78,80,81,88,85,81,86,82,73,80,81,75,77,80,82,85,85,72,0,0,0,0,0,0,0,0,0,0,0,0,0,0,0,0,0,0,0,0,0,0,0,0,0,0,0,0,0,0,0,0,0,0,0,0,0,0,0,0,7.2,6.7,1.3,4,4.9,4.2,3.1,4,1.8,2.1,4.5,1.5,8,3,4.8,1.1,7.4,6.5,3.4,5.9,2.5,1.9,6.2,5.6,7,2.2,2.5,6.3,3.7,5.8,2.9,4.9,7.1,4,2.3,3.3,6.5,5.6,2.9,1.1,,,,,,,,,,,,,,,,,,,,,,,,,,,,,,,,,,,,,,,,,27,27.4,26.8,27.6,27.9,27.6,26.9,27.5,26.6,27.5,27,28.4,26.8,28.1,27.7,27.8,27,26.8,26.9,27.1,26.2,26.6,27.9,27.4,27.5,28.1,27.6,27.2,27.2,26.5,26.6,68,65,75,70,71,65,75,71,68,64,74,57,73,58,67,68,74,67,75,73,75,72,70,72,67,68,76,75,61,75,70,0,0,0,0,0,0,0,0,0,0,0,0,0,0,0,0,0,0,0,0,0,0,0,0,0,0,0,0,0,0,0,18.7,10.8,22,17.9,17,14.7,22.3,21.6,18.4,12.2,21.7,7.1,24.8,6.5,12.5,13.3,21.7,18.4,22.4,18.4,22.6,20.5,19.9,20.8,13,11.2,20.9,22.1,6.6,25.5,13.2,20.2,13.7,22.3,19.4,17.6,16.2,24.1,24.5,18.4,13,24.8,7.9,29.2,8.6,13,15.1,24.8,19.4,25.6,19.1,24.5,20.9,20.5,24.1,15.1,13.7,23.4,24.1,8.6,29.5,14.4,,,,,,22.2204,114.2127
2026-10-12T16:00,25.9,26.3,27.4,26,25.7,27,26.3,26.8,27.1,27.1,26.6,26.5,25.9,26.7,26.2,25.9,26.8,26.6,27.4,26.7,25.8,27.4,26.8,26.1,25.9,25.2,26,27.4,26.4,25.9,26.5,25.3,26,26.5,26.5,26.4,26.1,25.5,25.9,27,83,85,75,82,81,81,74,75,74,83,78,78,87,79,79,81,82,81,74,77,86,75,78,79,81,88,85,81,86,82,73,80,80,74,77,80,81,85,85,70,0,0,0,0,0,0,0,0,0,0,0,0,0,0,0,0,0,0,0,0,0,0,0,0,0,0,0,0,0,0,0,0,0,0,0,0,0,0,0,0,6.3,6.3,1.5,3.8,4,4,2.9,3.8,1.9,1.8,3.9,1.8,8,2.9,4.7,1.1,6.9,5.9,3.3,5.5,3,1.5,5.6,5,6.2,2.2,2.7,5.8,3.6,5.6,2.9,4.5,6.5,3.8,2.2,3.3,5.9,5.2,2.6,1.1,,,,,,,,,,,,,,,,,,,,,,,,,,,,,,,,,,,,,,,,,27,27.3,26.7,27.6,27.9,27.6,26.9,27.4,26.7,27.3,27.1,27.9,27,27.8,27.7,27.8,27,26.9,26.8,27,26.2,26.5,28,27.4,27.5,27.9,27.5,27.2,27,26.4,26.6,68,65,76,70,71,66,75,72,68,65,73,59,73,60,67,68,74,67,76,73,76,73,70,71,67,70,76,75,61,76,69,0,0,0,0,0,0,0,0,0,0,0,0,0,0,0,0,0,0,0,0,0,0,0,0,0,0,0,0,0,0,0,18.1,8,21.6,17,17.4,15.1,21.7,20.2,18.1,11.9,20.6,9.3,24.3,7,11.8,13.4,20.9,18,21.1,17.8,22.1,20.4,19.4,20.6,13.1,11.3,20.5,21.2,7,24,11.8,19.8,12.2,22.3,19.1,18,16.2,23.8,23,18,12.6,24.5,7.9,28.8,8.3,12.6,15.5,23.8,18.7,24.1,18.4,24.1,20.2,20.2,23.8,14,12.2,23.4,23.8,7.9,28.4,13,,,,,,22.2204,114.2127
2026-10-12T17:00,25.9,26.3,27.6,26.1,25.8,27,26.4,26.9,27.2,27.2,26.7,26.6,26,26.8,26.2,26,26.8,26.6,27.5,26.7,25.8,27.4,26.8,26.1,25.8,25.2,26,27.4,26.5,25.9,26.5,25.3,26,26.5,26.5,26.4,26.2,25.5,26,27.2,83,85,74,82,81,81,73,75,73,82,77,78,87,79,78,80,82,81,73,76,86,76,78,78,81,88,86,82,86,82,72,80,79,74,76,80,81,85,85,69,0,0,0,0,0,0,0,0,0,0,0,0,0,0,0,0,0,0,0,0,0,0,0,0,0,0,0,0,0,0,0,0,0,0,0,0,0,0,0,0,5.9,5.8,1.4,4,3.6,3.8,2.9,3.7,2.3,2.3,3.8,2.1,7.9,2.9,4.3,1.5,6.1,5.5,3.6,5.1,3.2,1.1,5.1,4.6,5.4,2.1,3.1,5.3,3.8,5.5,3,4.3,5.6,3.7,2.2,2.9,5.1,4.6,2.6,1.8,,,,,,,,,,,,,,,,,,,,,,,,,,,,,,,,,,,,,,,,,27.1,27.2,26.6,27.6,27.8,27.5,26.8,27.3,26.7,27.2,27.2,27.5,27.1,27.6,27.7,27.8,26.9,27,26.7,27,26.2,26.3,28,27.4,27.4,27.7,27.4,27.1,26.8,26.3,26.6,68,65,77,71,71,67,76,73,68,66,73,61,73,61,67,68,75,67,76,74,77,73,71,72,67,71,77,76,61,77,69,0,0,0,0,0,0,0,0,0,0,0,0,0,0,0,0,0,0,0,0,0,0,0,0,0,0,0,0,0,0,0,17.5,6.8,21,16.6,17.4,15.3,21.3,18.8,17.9,12.3,19.8,10.1,23.9,8.4,11.4,12.8,19.8,17.3,20.2,17.3,21.3,20.1,18.5,20.5,13.1,11.9,20.2,20.9,8,23.3,11.2,19.4,10.8,22,18.7,18,15.8,23.8,22,17.6,11.9,23.8,7.9,28.4,8.3,12.2,15.1,22.7,18,23.4,18,23.4,19.4,19.8,23.8,13.3,11.9,23.4,23.4,7.9,27.7,11.5,,,,,,22.2204,114.2127
2026-10-12T18:00,26,26.3,27.7,26.1,25.8,27.1,26.4,26.9,27.2,27.3,26.7,26.6,26,26.8,26.2,26.1,26.8,26.6,27.6,26.7,25.9,27.4,26.9,26.2,25.8,25.2,26.1,27.4,26.5,25.9,26.6,25.4,26,26.6,26.5,26.4,26.2,25.5,26,27.3,83,85,74,82,81,80,72,75,72,82,76,78,87,78,78,79,82,81,73,76,86,76,78,77,81,88,86,82,86,82,71,80,79,73,76,80,80,85,85,68,0,0,0,0,0,0,0,0,0,0,0,0,0,0,0,0,0,0,0,0,0,0,0,0,0,0,0,0,0,0,0,0,0,0,0,0,0,0,0,0,5.4,5.4,1.8,4,3.3,3.7,2.9,3.6,2.5,2.4,3.3,2.4,7.6,3.1,4,2.1,5.8,5.1,3.6,4.7,3.9,0.7,5.1,3.7,5.1,2.5,3.3,5,3.9,5.4,2.7,4.3,5.2,3.6,2.2,2.9,4.7,4.1,3.1,2.3,,,,,,,,,,,,,,,,,,,,,,,,,,,,,,,,,,,,,,,,,27.1,27.1,26.4,27.5,27.6,27.4,26.7,27.3,26.7,27.1,27.2,27.2,27.1,27.4,27.6,27.7,26.9,27,26.7,26.9,26.2,26.1,27.8,27.4,27.3,27.5,27.3,27,26.7,26.3,26.5,69,66,78,72,72,68,78,74,69,67,74,62,74,62,68,68,76,68,77,75,78,73,72,74,67,73,78,77,61,79,69,0,0,0,0,0,0,0,0,0,0,0,0,0,0,0,0,0,0,0,0,0,0,0,0,0,0,0,0,0,0,0,16.8,7.1,20.3,16.2,17.1,14.5,21.3,17.8,16.8,11.7,19.1,9.4,23.5,8.5,11.2,11.4,18.7,16.7,19.5,16.6,20.2,18.7,17.6,20.5,12.8,13,19.8,21,8.8,22.9,10.7,19.1,9.7,21.6,18.4,18,15.1,24.1,20.9,17.3,11.2,23,7.9,28.4,7.9,11.9,13.3,22,17.6,23,17.6,22.7,18.4,19.1,23.8,13,12.6,23.4,23.8,8.3,27.4,10.8,,,,,,22.2204,114.2127
2026-10-12T19:00,26,26.3,27.8,26.1,25.9,27.1,26.4,26.9,27.2,27.4,26.7,26.7,26,26.8,26.2,26.2,26.8,26.7,27.7,26.7,25.9,27.3,26.9,26.2,25.8,25.2,26.1,27.5,26.5,25.9,26.6,25.4,26.1,26.6,26.5,26.4,26.2,25.5,26,27.4,83,85,74,83,81,80,72,75,72,81,75,78,87,78,78,78,82,82,72,76,86,77,78,76,82,88,86,82,86,82,71,81,78,73,75,80,80,85,85,67,0,0,0,0,0,0,0,0,0,0,0,0,0,0,0,0,0,0,0,0,0,0,0,0,0,0,0,0,0,0,0,0,0,0,0,0,0,0,0,0,5,5,1.8,4.3,3,3.6,3,3.6,2.8,2.8,2.9,2.4,7.6,3.2,3.8,2.4,5.4,4.7,3.7,4.3,4.4,0.8,5,3.3,4.7,2.6,3.6,4.5,4.2,5.8,2.9,4,4.7,3.6,2.5,3,4.3,3.7,3.1,2.5,,,,,,,,,,,,,,,,,,,,,,,,,,,,,,,,,,,,,,,,,27,26.9,26.3,27.5,27.5,27.2,26.6,27.2,26.6,27,27.1,27,27.2,27.2,27.6,27.7,26.8,26.8,26.6,26.7,26.1,26,27.6,27.3,27.1,27.4,27.1,26.9,26.5,26.2,26.3,71,68,80,73,73,70,80,76,71,68,75,63,74,62,69,69,78,70,78,75,80,72,74,76,68,75,79,79,62,81,70,0,0,0,0,0,0,0,0,0,0,0,0,0,0,0,0,0,0,0,0,0,0,0,0,0,0,0,0,0,0,0,16.4,8.2,19.2,15.5,16.6,13.2,21.3,16.3,15.6,11,18.7,7.8,23.2,7.9,10.9,9.7,18,15.8,19.1,15.9,18.4,16.6,16.2,20.5,12.5,14.2,19.4,21,9.4,22.6,10.2,18.4,9,21.2,17.6,18.4,14,24.8,19.4,16.9,10.4,22.3,7.6,28.8,7.9,11.5,10.4,20.9,17.3,22.7,17.3,21.6,17.3,18,24.5,13,14.4,23,24.5,8.6,27,10.1,,,,,,22.2204,114.2127
2026-10-12T20:00,26,26.3,27.9,26.1,25.9,27.1,26.4,26.9,27.2,27.4,26.7,26.6,26,26.8,26.2,26.2,26.8,26.7,27.7,26.7,26,27.3,26.9,26.2,25.8,25.2,26.1,27.5,26.5,25.9,26.6,25.4,26.1,26.6,26.5,26.4,26.2,25.5,26,27.5,83,85,74,83,81,80,72,75,72,81,75,78,87,78,78,78,82,82,72,76,86,77,78,76,82,88,86,82,86,82,71,81,78,73,75,80,80,85,85,67,0,0,0,0,0,0,0,0,0,0,0,0,0,0,0,0,0,0,0,0,0,0,0,0,0,0,0,0,0,0,0,0,0,0,0,0,0,0,0,0,4.7,4.7,1.8,4.3,2.6,3.6,3,3.6,2.8,2.8,2.9,2.4,7.6,3.2,3.8,2.4,5.4,4.3,3.7,4.3,4.4,0.5,5,3.3,4.3,2.9,3.9,4.5,4.2,5.8,2.9,4,4.3,3.6,2.5,3,4,3.7,3.4,2.5,,,,,,,,,,,,,,,,,,,,,,,,,,,,,,,,,,,,,,,,,26.9,26.7,26.2,27.4,27.3,27.1,26.6,27.1,26.6,26.9,27.1,26.9,27.2,27.1,27.5,27.6,26.7,26.7,26.6,26.6,26.1,25.8,27.4,27.2,27,27.2,27,26.9,26.4,26.1,26.2,72,69,81,74,75,71,81,77,73,69,76,64,75,63,70,70,80,71,79,76,81,72,76,78,69,77,80,80,63,82,71,0,0,0,0,0,0,0,0,0,0,0,0,0,0,0,0,0,0,0,0,0,0,0,0,0,0,0,0,0,0,0,16,9,18.5,15.2,16,12.2,21.3,15.5,14.8,10,18,6.9,22.9,7.7,10.9,8.3,17,14.9,18.7,14.8,17.3,14.7,14.9,20.2,11.8,15,19.1,20.9,10.1,22.3,9.5,18,8.3,20.9,17.3,18.4,13.3,25.2,18.7,16.9,9.7,21.6,7.6,29.2,8.3,11.5,8.6,20.2,16.9,22.7,16.6,20.9,16.2,16.9,24.5,12.6,15.5,22.7,24.8,9.4,26.6,9.4,,,,,,22.2204,114.2127
2026-10-12T21:00,26,26.3,27.9,26.1,25.9,27.1,26.4,26.9,27.2,27.3,26.7,26.5,26,26.8,26.2,26.2,26.8,26.7,27.7,26.7,26,27.2,26.9,26.2,25.8,25.2,26.1,27.5,26.5,25.9,26.6,25.4,26.1,26.6,26.5,26.4,26.2,25.5,26,27.5,83,85,74,83,81,80,72,75,72,81,75,79,87,78,78,78,82,82,72,76,86,78,78,76,82,88,86,82,86,82,71,81,78,73,75,80,80,85,85,67,0,0,0,0,0,0,0,0,0,0,0,0,0,0,0,0,0,0,0,0,0,0,0,0,0,0,0,0,0,0,0,0,0,0,0,0,0,0,0,0,4.3,4.7,1.8,4.3,2.3,3.6,3,3.6,2.8,2.8,2.5,2.4,7.6,2.9,3.8,2.4,5.4,4,3.7,4.3,4.4,0.4,5,3.3,4.3,2.9,3.9,4.5,4.2,5.8,2.9,4,4,3.6,2.5,3,4,3.7,3.4,2.5,,,,,,,,,,,,,,,,,,,,,,,,,,,,,,,,,,,,,,,,,26.8,26.5,26.1,27.3,27.1,26.9,26.6,27,26.5,26.8,27,26.9,27.1,26.9,27.3,27.4,26.7,26.6,26.5,26.6,26.2,25.8,27.3,27.2,26.9,27.1,26.9,26.9,26.3,26.1,26.2,73,70,82,75,77,72,81,78,75,70,77,64,75,65,72,72,81,72,80,77,82,72,78,79,70,78,80,81,64,83,72,0,0,0,0,0,0,0,0,0,0,0,0,0,0,0,0,0,0,0,0,0,0,0,0,0,0,0,0,0,0,0,15.6,9.2,18.2,14.5,15.7,11.8,20.5,15.1,14.8,9.2,17.3,6.6,22.9,9,11.5,8.3,15.9,13.8,18.7,13.8,16.9,13.6,14,19.4,10.9,14.6,18.7,20.2,10.8,21.9,8.7,18,7.9,20.5,16.9,18.4,13.3,24.8,18.4,17.3,9.4,20.9,7.2,29.5,10.1,12.2,8.6,19.1,15.8,23,15.5,20.5,15.1,16.2,24.1,11.9,15.8,22.3,24.1,10.1,26.3,9,,,,,,22.2204,114.2127
2026-10-12T22:00,26,26.3,27.9,26.1,25.9,27.1,26.4,26.9,27.1,27.3,26.7,26.4,26,26.7,26.2,26.2,26.8,26.7,27.6,26.7,26,27.1,26.9,26.2,25.7,25.3,26.1,27.4,26.4,25.9,26.6,25.4,26.1,26.6,26.4,26.4,26.2,25.5,26,27.4,83,85,74,84,82,80,73,75,72,81,75,79,88,78,79,78,83,83,72,76,86,78,78,76,83,88,86,82,86,82,72,82,78,73,75,80,80,85,86,68,0,0,0,0,0,0,0,0,0,0,0,0,0,0,0,0,0,0,0,0,0,0,0,0,0,0,0,0,0,0,0,0,0,0,0,0,0,0,0,0,4.3,4.7,1.8,4.7,1.8,3.3,3.3,4,2.3,2.6,2.5,1.9,7.2,2.9,3.7,2.1,5.8,4,3.7,4.4,4,0.4,5.4,3.3,4.4,2.9,3.6,4.7,3.7,6.2,2.7,3.6,4,3.6,2.9,2.9,3.6,4.1,3.1,2.3,,,,,,,,,,,,,,,,,,,,,,,,,,,,,,,,,,,,,,,,,26.6,26.4,26.1,27.2,27,26.8,26.6,26.8,26.3,26.7,27,26.9,26.9,26.8,27,27.3,26.6,26.6,26.4,26.5,26.3,25.8,27.2,27.2,26.8,27.1,26.9,26.9,26.2,26.1,26.2,75,70,83,77,79,73,81,79,77,70,78,65,76,68,75,74,82,72,82,77,83,71,79,79,71,78,81,81,66,83,72,0,0,0,0,0,0,0,0,0,0,0,0,0,0,0,0,0,0,0,0,0,0,0,0,0,0,0,0,0,0,0,15.6,9.2,17.8,14.1,15.5,12,19.4,15.1,15.5,8.9,16.6,6.2,23,11.4,12.1,8.6,14.8,12.8,19.1,12.7,16.6,12.3,13.4,18.7,10.4,13.7,18.4,19.1,10.8,21.5,8.4,18.4,7.6,20.5,16.2,18.7,13.7,23.8,18.4,18,9.4,20.2,6.5,30.2,12.6,13.3,9.4,17.6,14.4,23.4,14.4,20.2,14,15.5,23.8,11.2,15.5,21.6,23,10.8,25.9,8.3,,,,,,22.2204,114.2127
2026-10-12T23:00,25.9,26.3,27.8,26.1,25.9,27,26.4,26.9,27,27.1,26.6,26.2,26,26.6,26.2,26.1,26.8,26.7,27.6,26.6,26,26.9,26.8,26.2,25.7,25.3,26.1,27.4,26.4,25.8,26.6,25.4,26.1,26.6,26.4,26.4,26.1,25.5,26,27.3,84,85,75,84,83,80,74,76,73,82,76,81,88,79,79,78,83,83,72,77,86,79,78,77,83,88,86,82,87,82,72,82,79,73,75,81,81,85,86,68,0,0,0,0,0,0,0,0,0,0,0,0,0,0,0,0,0,0,0,0,0,0,0,0,0,0,0,0,0,0,0,0,0,0,0,0,0,0,0,0,4.4,4.7,1.5,4.8,1.8,3.4,3.3,4,2.1,2.3,2.3,1.6,7.2,2.4,3.6,1.8,6.2,4,4,4.8,3.8,0,5.8,3.7,4.5,2.6,3.6,4.9,3.4,6.5,2.6,3.2,4,3.3,2.9,2.9,3.6,4.6,3.1,1.8,,,,,,,,,,,,,,,,,,,,,,,,,,,,,,,,,,,,,,,,,26.5,26.3,26,27.1,26.8,26.7,26.6,26.7,26.2,26.6,26.9,26.9,26.8,26.7,26.8,27.1,26.5,26.5,26.3,26.5,26.3,25.8,27.1,27.1,26.7,27,26.9,26.9,26.1,26.1,26.2,76,71,83,78,80,74,81,80,78,71,79,65,76,71,77,76,83,72,83,78,84,71,80,80,72,79,81,82,67,83,73,0,0,0,0,0,0,0,0,0,0,0,0,0,0,0,0,0,0,0,0,0,0,0,0,0,0,0,0,0,0,0,14.9,8.9,17.4,13.4,15.1,11.7,18.4,14.9,15.8,8.4,15.8,6.1,23.4,13.2,12,8.8,13.7,11.6,19.4,11.6,16.6,11.3,12.6,18,10.4,13.4,17.6,18,10.5,21.5,7.9,18,7.2,20.2,15.8,18.4,13.7,23,18,18.4,9,19.4,6.5,30.6,14.4,13.3,9.7,16.6,13,23.4,13.3,19.8,12.6,14.4,23.4,10.8,15.5,20.9,22,10.8,25.9,7.9,,,,,,22.2204,114.2127
2026-10-13T00:00,25.9,26.3,27.8,26.1,25.9,27,26.3,26.8,26.9,27,26.6,26,26,26.4,26.2,25.9,26.7,26.7,27.5,26.5,26,26.8,26.7,26.1,25.7,25.4,26.1,27.3,26.4,25.8,26.6,25.4,26.1,26.6,26.4,26.4,26.1,25.6,25.9,27.1,84,85,75,84,83,81,75,76,74,82,77,82,88,80,80,79,84,84,73,77,85,80,78,77,84,87,85,82,87,82,73,83,80,74,76,81,81,86,87,69,0,0,0,0,0,0,0,0,0,0,0,0,0,0,0,0,0,0,0,0,0,0,0,0,0,0,0,0,0,0,0,0,0,0,0,0,0,0,0,0,4.1,4.8,1.6,5.2,1.5,3.2,3.6,4.1,1.5,1.8,2.4,1.1,7.1,1.9,3.7,1.3,6.6,3.7,4,4.9,3.6,0.4,5.9,4.1,4.6,2.3,3.3,5.4,2.9,6.9,2.2,3.3,3.8,3.3,3.3,2.9,3.7,5,2.6,1.6,,,,,,,,,,,,,,,,,,,,,,,,,,,,,,,,,,,,,,,,,26.5,26.2,26,27,26.7,26.6,26.5,26.6,26,26.5,26.8,26.8,26.7,26.6,26.7,27,26.5,26.4,26.2,26.5,26.2,25.7,27,27,26.6,26.8,26.8,26.9,25.9,26,26.1,76,71,82,79,80,74,81,80,79,72,80,65,77,72,77,77,83,72,84,78,85,71,80,81,73,80,82,82,67,84,73,0,0,0,0,0,0,0,0,0,0,0,0,0,0,0,0,0,0,0,0,0,0,0,0,0,0,0,0,0,0,0,13.3,8.4,17,12.6,14,10.9,17.7,13.9,15.8,7.3,14.8,7,23.9,13,10.5,8,13.3,10.4,19.4,10.8,16.6,9.4,11.5,17.3,10.9,13.3,16.6,17.4,8.8,21.5,7.4,16.2,6.8,19.4,15.1,17.3,12.6,22,16.9,18.4,7.9,18,7.2,31,14.4,11.5,9,15.8,11.5,23,12.6,19.4,10.8,13,22.7,10.8,15.1,19.8,21.2,9,25.9,7.2,,,,,,22.2204,114.2127
2026-10-13T01:00,25.9,26.4,27.7,26.1,25.8,26.9,26.3,26.8,26.8,26.8,26.5,25.8,26,26.3,26.1,25.8,26.7,26.6,27.4,26.5,25.9,26.6,26.6,26.1,25.7,25.4,26.2,27.2,26.3,25.7,26.6,25.4,26.1,26.6,26.3,26.3,26.1,25.6,25.9,27,84,85,76,85,84,81,76,76,74,83,77,83,89,80,80,79,84,85,73,78,85,82,78,78,84,87,85,82,87,82,74,83,81,74,76,82,82,86,87,71,0,0,0,0,0,0,0,0,0,0,0,0,0,0,0,0,0,0,0,0,0,0,0,0,0,0,0,0,0,0,0,0,0,0,0,0,0,0,0,0,4.2,5,1.5,5.5,1.5,3.4,3.7,4.6,1,1.9,2.1,0.5,7.4,1.1,4.2,0.8,7.2,3.8,4,5.4,3.6,0.5,6.4,4.7,5.2,2.1,3.2,5.6,2.9,7.3,2.2,3,3.9,3.5,3.8,2.5,3.8,6,2.7,1.1,,,,,,,,,,,,,,,,,,,,,,,,,,,,,,,,,,,,,,,,,26.5,26.1,26,26.9,26.6,26.5,26.4,26.6,25.9,26.4,26.7,26.7,26.6,26.6,26.5,26.9,26.4,26.4,26,26.5,26,25.6,26.9,26.9,26.5,26.7,26.7,26.8,25.7,25.9,25.9,76,72,82,79,80,73,80,81,79,72,80,66,77,73,77,77,83,71,85,78,85,70,80,81,73,80,83,83,68,84,74,0,0,0,0,0,0,0,0,0,0,0,0,0,0,0,0,0,0,0,0,0,0,0,0,0,0,0,0,0,0,0,11.9,7.4,16.2,11.7,12.6,9.4,17.4,12.6,15.5,6.1,13.8,7.9,24.4,12.2,8,7.2,13.1,9,19.1,10.3,16.2,7.6,9.8,16.7,11.2,13.2,15.5,17.2,6.8,21.5,6.9,14,6.1,18.4,14.4,15.5,10.8,21.2,15.5,18,6.8,16.2,8.3,31,13.3,8.6,7.6,15.8,9.7,22.3,11.5,18.7,8.6,11.5,21.6,11.5,15.1,18.7,20.9,6.1,25.9,6.8,,,,,,22.2204,114.2127
2026-10-13T02:00,25.8,26.4,27.6,26.1,25.8,26.8,26.2,26.8,26.6,26.6,26.5,25.6,25.9,26.1,26.1,25.7,26.6,26.6,27.3,26.4,25.9,26.5,26.6,26,25.7,25.4,26.2,27.2,26.3,25.7,26.5,25.4,26.1,26.6,26.3,26.3,26.1,25.6,25.9,26.8,84,85,76,85,85,81,78,77,75,84,78,85,89,81,81,80,85,85,73,78,85,83,79,79,85,87,84,82,88,82,75,84,81,74,76,82,83,86,88,72,0,0,0,0,0,0,0,0,0,0,0,0,0,0,0,0,0,0,0,0,0,0,0,0,0,0,0,0,0,0,0,0,0,0,0,0,0,0,0,0,4.5,5.3,1.9,6.1,2.1,3.6,4.1,4.7,0.5,2.5,2,0,7.4,0.8,4.5,0.8,8.1,3.9,4,5.8,3.9,1,6.8,5.2,5.6,1.9,3.1,6.1,2.9,7.9,2.3,2.7,4.2,3.4,4.2,2.7,4,6.6,2.9,0.8,,,,,,,,,,,,,,,,,,,,,,,,,,,,,,,,,,,,,,,,,26.4,26.1,26,26.8,26.5,26.4,26.4,26.5,25.8,26.3,26.6,26.6,26.5,26.5,26.5,26.8,26.3,26.3,25.9,26.4,25.9,25.5,26.8,26.7,26.4,26.5,26.6,26.7,25.6,25.8,25.8,76,72,81,80,80,73,80,81,79,73,81,66,78,74,76,77,83,71,85,78,85,70,80,82,74,81,83,83,68,85,74,0,0,0,0,0,0,0,0,0,0,0,0,0,0,0,0,0,0,0,0,0,0,0,0,0,0,0,0,0,0,0,11,6.4,16.2,11.8,11.9,8.6,17.5,12.1,15.5,6,13.3,8,24.8,11.6,6.2,7.3,13,8.4,18.7,10.4,16.3,5.9,8.9,16.9,11.7,13.4,14.8,17.5,5.1,21.6,6.5,12.6,5.8,18,14,14.8,9.7,20.9,14.4,18,6.5,15.1,9,31,12.6,6.5,7.6,15.5,8.6,21.6,11.5,18.4,6.8,10.4,21.2,12.2,15.1,18,20.9,4.3,25.9,6.1,,,,,,22.2204,114.2127
2026-10-13T03:00,25.8,26.4,27.5,26.1,25.8,26.8,26.2,26.7,26.5,26.5,26.4,25.3,25.9,26,26.1,25.5,26.6,26.6,27.2,26.3,25.9,26.3,26.5,25.9,25.7,25.5,26.2,27.1,26.2,25.7,26.5,25.5,26.1,26.6,26.3,26.3,26,25.7,25.9,26.6,85,85,76,86,86,82,79,77,76,84,79,86,89,82,82,80,86,86,74,79,85,84,79,79,85,87,84,82,88,82,76,84,82,75,77,82,83,86,89,73,0,0,0,0,0,0,0,0,0,0,0,0,0,0,0,0,0,0,0,0,0,0,0,0,0,0,0,0,0,0,0,0,0,0,0,0,0,0,0,0,4.7,5.5,2.3,6.5,2.3,3.8,4.6,5.3,0.4,3.1,2.1,0.8,8,0.8,4.9,1.3,8.7,4,4.5,6.3,4.4,1.3,7.4,5.6,5.8,2.2,2.9,6.4,3.6,8,2.4,2.6,4.4,3.6,4.3,2.9,4.2,7.4,2.9,1,,,,,,,,,,,,,,,,,,,,,,,,,,,,,,,,,,,,,,,,,26.3,26,25.9,26.7,26.5,26.3,26.3,26.4,25.7,26.3,26.5,26.6,26.3,26.3,26.5,26.6,26.3,26.2,25.9,26.4,25.9,25.4,26.7,26.6,26.3,26.4,26.6,26.6,25.4,25.7,25.7,77,72,82,81,81,74,81,82,80,74,82,67,79,75,76,78,83,71,85,79,85,70,80,83,75,82,83,83,69,85,74,0,0,0,0,0,0,0,0,0,0,0,0,0,0.1,0,0,0,0,0,0,0,0,0,0,0,0,0,0,0,0,0,11.4,5.7,17,12.6,12.7,9,18.7,12.6,16.3,7,13.7,7.6,25.1,11.4,5.1,9,13.1,8.4,18,10.8,16.3,4.7,8.2,18,12.9,14.4,14.9,18.7,4.2,21.7,5.6,13,5.4,18.7,14.4,15.1,10.1,22,14.8,18.4,7.2,15.5,9.4,31,13,5.8,9.4,15.1,8.6,20.5,12.2,18,6.1,9.7,22,13.3,16.2,18,22,4.3,25.9,5.4,,,,,,22.2204,114.2127
2026-10-13T04:00,25.8,26.5,27.5,26.1,25.7,26.7,26.1,26.7,26.4,26.3,26.3,25.1,25.9,25.9,26.1,25.4,26.5,26.6,27.1,26.3,25.9,26.2,26.4,25.9,25.7,25.5,26.2,27,26.2,25.6,26.5,25.5,26.1,26.6,26.2,26.3,26,25.7,25.9,26.4,85,85,77,86,87,82,80,78,76,85,80,87,90,82,82,81,86,86,74,79,85,84,79,80,86,86,84,82,88,82,77,85,83,75,77,83,84,86,89,75,0,0,0,0,0,0,0,0,0,0,0,0,0,0,0,0,0,0,0,0,0,0,0,0,0,0,0,0,0,0,0,0,0,0,0,0,0,0,0,0,4.8,6.2,2.5,7.2,3,3.9,4.7,5.5,0.7,3.5,2.4,1.1,8.4,1.5,5.6,1.9,9.3,4.2,4.6,6.9,4.8,1.3,8,6.1,6.5,2.2,3.3,6.9,4.1,8.4,2.8,2.8,4.6,3.6,4.8,3.1,4.9,8.1,3.4,1.5,,,,,,,,,,,,,,,,,,,,,,,,,,,,,,,,,,,,,,,,,26.2,25.9,25.7,26.6,26.4,26.1,26.2,26.3,25.6,26.2,26.4,26.6,26.1,26.1,26.5,26.5,26.2,26.1,25.9,26.3,25.8,25.3,26.6,26.5,26.1,26.3,26.6,26.5,25.3,25.6,25.6,78,73,82,83,81,76,82,83,80,75,83,67,81,77,75,79,84,72,84,80,84,71,81,83,76,84,83,84,70,85,74,0,0,0,0,0,0,0,0,0,0,0,0,0,0.1,0,0,0,0,0,0,0,0,0,0,0,0,0,0,0,0,0,12.6,5,18.6,13.5,14.2,10.6,20.3,13.8,17.1,8.2,14.2,7.7,25.1,12,5.2,11.5,12.9,8.4,17.1,11.8,16.1,4.4,8.6,19.6,13.9,15.8,15.7,20.5,4.4,22.5,5.2,14,5,19.8,15.1,16.6,11.5,23.4,15.8,19.1,8.6,16.6,9.4,30.6,13.3,5.8,12.2,15.1,9,19.1,13.7,18,5.8,9.7,23.8,14.8,17.6,18.7,23.8,5.4,26.3,4.7,,,,,,22.2204,114.2127
2026-10-13T05:00,25.7,26.5,27.4,26.1,25.7,26.6,26.1,26.6,26.3,26.2,26.3,24.9,25.9,25.8,26.1,25.3,26.5,26.6,27,26.2,25.8,26.1,26.3,25.9,25.7,25.6,26.2,26.9,26.2,25.6,26.4,25.5,26.1,26.5,26.2,26.3,26,25.7,25.8,26.2,85,85,77,86,88,82,81,78,77,85,81,88,90,83,83,81,87,87,75,79,84,85,79,81,86,86,83,82,88,82,78,85,84,76,78,83,84,87,90,76,0,0,0,0,0,0,0,0,0,0,0,0,0,0,0,0,0,0,0,0,0,0,0,0,0,0,0,0,0,0,0,0,0,0,0,0,0,0,0,0,5.1,6.4,2.9,7.4,3.3,4.2,5.2,5.7,1.1,4.2,2.6,1.9,8.9,1.9,6.1,2.2,10.3,4.1,4.7,7.1,5.4,1.6,8.5,6.6,7,2.4,3.3,7.4,4.5,8.9,3.1,2.8,5.1,3.8,5,3.3,5.1,8.9,4,1.8,,,,,,,,,,,,,,,,,,,,,,,,,,,,,,,,,,,,,,,,,26.2,25.9,25.6,26.5,26.4,26.1,26.2,26.3,25.5,26.2,26.3,26.6,26,26,26.6,26.4,26.2,26.1,25.9,26.3,25.8,25.3,26.6,26.4,26,26.2,26.6,26.4,25.2,25.6,25.6,79,73,83,84,82,77,82,83,81,75,84,67,82,78,75,80,84,72,83,81,83,71,81,83,77,85,82,84,71,85,74,0,0,0,0,0,0,0,0,0,0,0,0,0,0.1,0,0,0,0,0,0,0,0,0,0,0,0,0,0,0,0,0,13.7,4.7,19.8,14.3,15.4,11.4,21.8,14.4,18,9.4,15,7.9,24.7,12.6,5.3,13.4,12.9,8.8,16.9,12.6,16.2,5.4,9,21,14.7,16.9,16.9,21.8,5.3,22.7,4.7,15.1,4.7,20.5,15.8,17.6,12.6,24.8,16.2,19.4,9.7,17.3,9.7,30.2,13.7,6.1,14.4,14.8,9.4,18.4,14.8,18,6.1,10.1,24.8,15.5,18.7,19.8,24.8,6.1,26.3,4.3,,,,,,22.2204,114.2127
2026-10-13T06:00,25.7,26.6,27.4,26.1,25.7,26.6,26,26.6,26.2,26.1,26.3,24.8,25.8,25.7,26,25.3,26.5,26.6,27,26.2,25.8,26,26.3,25.8,25.7,25.6,26.3,26.9,26.1,25.6,26.4,25.5,26.1,26.5,26.2,26.3,26,25.7,25.8,26.1,86,85,77,87,88,83,82,78,78,86,81,89,90,83,83,81,87,87,75,79,84,85,79,81,87,86,83,82,88,82,78,86,84,76,78,84,85,87,90,77,0,0,0,0,0,0,0,0,0,0,0,0,0,0,0,0,0,0,0,0,0,0,0,0,0,0,0,0,0,0,0,0,0,0,0,0,0,0,0,0,5.4,6.6,3.2,7.7,3.6,4.3,5.3,6.2,1.6,4.9,3,2.3,9.4,2.4,6.9,2.9,10.7,4.3,4.8,7.4,5.7,2.1,9,6.8,7.2,2.9,3.9,7.6,5.2,8.9,3.3,3.1,5.1,4.1,5.5,3.3,5.4,9.4,4.2,2.2,,,,,,,,,,,,,,,,,,,,,,,,,,,,,,,,,,,,,,,,,26.2,25.9,25.4,26.4,26.4,26.1,26.2,26.3,25.4,26.2,26.3,26.6,26,26,26.7,26.3,26.2,26.1,25.9,26.3,25.8,25.4,26.6,26.4,25.9,26.1,26.6,26.3,25.2,25.6,25.6,79,73,83,84,82,78,81,83,82,75,84,66,83,79,75,81,83,73,83,81,83,71,81,83,77,85,81,84,71,85,74,0,0,0,0.1,0,0,0,0,0,0,0.1,0,0,0.1,0,0,0,0,0,0,0,0,0.2,0,0,0,0.1,0,0,0,0,14.3,4.4,20.3,15.5,16.2,12,22.6,14.2,18.6,9.8,15.5,7.6,24,13.1,5.9,14.2,13.1,8.8,17.3,13.4,16.7,6,10.4,21.5,14.9,17.4,18.6,21.7,5.9,22.8,4.6,15.5,4.7,20.9,16.9,18.4,13,25.6,15.5,19.8,10.1,17.6,10.8,29.2,13.7,6.5,15.1,14.4,9.4,18.7,15.5,18,6.5,11.5,25.6,15.5,19.1,21.2,24.8,6.5,26.3,4.3,,,,,,22.2204,114.2127
2026-10-13T07:00,25.7,26.6,27.4,26.1,25.7,26.5,26,26.6,26.1,26,26.3,24.7,25.8,25.7,26,25.3,26.4,26.6,26.9,26.2,25.8,26,26.2,25.8,25.7,25.6,26.3,26.8,26.1,25.5,26.4,25.5,26.1,26.5,26.1,26.3,26,25.7,25.8,26,86,85,77,87,89,83,83,79,78,86,82,89,90,83,84,81,87,87,75,79,84,85,79,81,87,86,83,82,88,82,79,86,85,77,79,84,85,87,90,78,0,0,0,0,0,0,0,0,0,0,0,0,0,0,0,0,0,0,0,0,0,0,0,0,0,0,0,0,0,0,0,0,0,0,0,0,0,0,0,0,5.6,6.9,3.6,7.9,4,4.7,5.8,6.4,1.9,5.2,3,2.7,9.8,2.7,7.1,3.3,11.2,4.3,5,7.6,6,2.4,9.2,7.3,7.5,3.1,4,7.9,5.5,9,3.6,2.9,5.4,4.4,5.5,3.6,5.6,9.9,4.7,2.5,,,,,,,,,,,,,,,,,,,,,,,,,,,,,,,,,,,,,,,,,26.3,26,25.2,26.4,26.4,26.1,26.3,26.3,25.3,26.3,26.4,26.7,26,26,26.8,26.3,26.3,26.2,25.9,26.4,25.8,25.5,26.7,26.5,25.9,26.1,26.7,26.3,25.2,25.7,25.7,79,73,82,84,82,78,79,82,82,75,83,64,83,79,74,81,82,73,82,81,83,71,81,82,77,84,81,83,71,84,74,0,0,0,0.1,0,0,0,0,0,0,0.1,0,0,0.1,0,0,0,0,0,0,0,0,0.2,0,0,0,0.1,0,0,0,0,15,4.3,20.8,16.6,16.9,12.2,23,13.6,19.1,10,15.5,8.7,23,13.3,6.2,14.3,13.4,9,18.1,14.2,17.1,6.5,12.2,21.8,14.5,17.5,20.3,21.1,6.1,22.5,4.5,15.8,5,20.9,18.4,18.7,13.3,25.9,14.8,20.2,10.1,17.3,12.2,27.7,14,6.8,15.1,14,9,19.8,15.8,18,7.6,13.3,25.6,15.1,18.7,22.7,23.8,6.8,25.9,4.7,,,,,,22.2204,114.2127
2026-10-13T08:00,25.7,26.6,27.4,26.1,25.7,26.5,26,26.6,26.1,26,26.3,24.7,25.8,25.7,26,25.3,26.4,26.6,26.9,26.2,25.8,26,26.2,25.8,25.7,25.6,26.3,26.8,26.1,25.5,26.4,25.6,26.1,26.5,26.1,26.3,26,25.7,25.8,25.9,86,85,77,87,89,83,83,79,78,86,82,89,90,82,84,81,87,87,75,79,84,84,79,81,87,86,83,82,88,82,79,86,85,77,79,84,85,87,90,78,0,0,0,0,0,0,0,0,0,0,0,0,0,0,0,0,0,0,0,0,0,0,0,0,0,0,0,0,0,0,0,0,0,0,0,0,0,0,0,0,5.6,6.9,3.6,7.9,4,4.7,5.8,6.4,1.9,5.2,3,3.1,9.8,3.2,7.1,3.6,11.2,4.3,5,7.6,6.3,2.4,9.2,7.3,7.5,3.1,4,7.9,5.8,9,3.6,2.9,5.4,4.4,5.5,3.6,5.6,9.9,4.9,2.5,,,,,,,,,,,,,,,,,,,,,,,,,,,,,,,,,,,,,,,,,26.4,26.3,25.1,26.5,26.5,26.2,26.5,26.5,25.3,26.5,26.5,26.8,26.1,26.2,27.1,26.3,26.4,26.3,25.9,26.5,25.9,25.7,26.8,26.6,26,26.2,26.8,26.4,25.4,25.8,25.9,79,72,81,83,81,78,78,81,82,74,82,62,82,78,73,81,80,73,82,80,82,71,81,81,76,83,80,82,71,83,73,0,0,0,0.1,0,0,0,0,0,0,0.1,0,0,0.1,0,0,0,0,0,0,0,0,0.2,0,0,0,0.1,0,0,0,0,15.3,4.4,20.9,17.3,17.4,12.4,23.1,12.7,19.4,10.3,15.3,10.5,21.9,13.2,6.8,14.5,13.2,9.1,18.9,14.8,17.2,7,13.7,21.7,14,17.4,21.5,20.3,6.1,22.2,4.3,15.8,5.4,20.9,19.1,19.1,13.3,25.6,13.7,19.8,10.4,16.9,13.7,26.3,13.7,7.6,15.1,13.7,9,20.2,15.8,17.6,8.6,14.8,25.6,14.4,18.4,23.8,22.7,7.2,25.2,5.4,,,,,,22.2204,114.2127
2026-10-13T09:00,25.7,26.7,27.4,26.1,25.8,26.5,26,26.6,26.2,26,26.3,24.7,25.8,25.8,26,25.5,26.4,26.6,26.9,26.2,25.8,26.2,26.2,25.9,25.7,25.6,26.3,26.8,26.1,25.5,26.4,25.6,26.2,26.5,26.1,26.3,26.1,25.7,25.8,25.9,86,85,77,87,89,83,83,79,78,86,82,88,90,81,84,80,87,87,75,78,84,83,79,80,87,86,83,82,87,82,79,86,85,77,79,84,85,87,90,78,0,0,0,0,0,0,0,0,0,0,0,0,0,0,0,0,0,0,0,0,0,0,0,0,0,0,0,0,0,0,0,0,0,0,0,0,0,0,0,0,5.6,6.6,3.6,7.9,3.6,4.7,5.8,6.4,1.9,4.8,3,3.4,9.8,3.5,7.1,4,11.2,4.3,5,7.6,6.3,2.4,9.2,7.3,7.5,3.1,4,7.9,5.8,9,3.6,2.6,5.4,4.4,5.5,3.6,5.6,9.9,4.9,2.5,,,,,,,,,,,,,,,,,,,,,,,,,,,,,,,,,,,,,,,,,26.5,26.8,25.1,26.6,26.7,26.3,26.6,27,25.5,26.8,26.9,27.2,26.3,26.6,27.5,26.6,26.8,26.7,26,26.7,26.1,26.2,27.1,26.8,26.5,26.3,27,26.6,25.7,26.1,26.3,78,70,80,82,80,77,77,78,80,72,79,60,80,75,71,79,78,71,81,79,81,69,79,79,74,82,79,80,70,81,71,0,0,0,0,0.1,0,0,0,0,0,0,0,0,0,0,0,0,0,0,0,0,0,0.1,0,0,0,0.1,0,0,0,0,15,4.1,20.9,17.3,18.2,12.2,22.2,12,18.7,10.6,14.8,12.4,21.1,12.3,8,14.3,13,9,18.9,14.8,16.9,8,14.5,21.3,13.4,16.8,21.9,19.2,5.8,21.4,4.2,15.1,5.4,20.9,18.7,19.1,13,24.1,13,18.4,10.8,15.8,15.5,24.8,13,8.6,15.1,13.3,9,19.8,15.5,16.9,10.4,15.1,24.8,14,17.6,24.1,20.9,7.2,24.1,6.1,,,,,,22.2204,114.2127
2026-10-13T10:00,25.8,26.7,27.5,26.1,25.8,26.6,26,26.6,26.3,26.1,26.4,24.8,25.8,26,26,25.7,26.4,26.6,26.9,26.3,25.9,26.4,26.3,25.9,25.7,25.6,26.3,26.8,26.2,25.5,26.5,25.7,26.2,26.5,26.1,26.3,26.1,25.7,25.8,25.9,86,85,76,87,89,83,82,79,78,85,82,87,89,79,84,79,86,86,75,77,84,81,79,80,87,87,83,82,87,82,78,86,85,78,79,84,84,87,89,78,0,0,0,0,0,0,0,0,0,0,0,0,0,0,0,0,0,0,0,0,0,0,0,0,0,0,0,0,0,0,0,0,0,0,0,0,0,0,0,0,5.4,6.1,3.3,7.1,3.2,4.3,5.6,6.2,1.5,4.4,2.7,3.4,9.2,3.7,6.9,4,10.7,4.1,4.8,7.1,6,2.4,8.7,6.8,7.1,2.9,3.9,7.7,5.6,8.6,3.3,2.3,5.1,4.3,5,3.3,5.4,9.7,4.7,2.2,,,,,,,,,,,,,,,,,,,,,,,,,,,,,,,,,,,,,,,,,26.7,27.4,25.3,26.8,26.9,26.6,26.7,27.6,25.9,27.2,27.4,27.6,26.7,27.2,28.1,27.1,27.2,27.1,26.1,27,26.4,26.7,27.5,27.2,27.1,26.4,27.1,26.9,26.1,26.5,27,77,67,79,80,78,76,77,73,77,70,76,57,78,71,70,75,76,69,81,77,79,67,77,78,71,81,78,79,68,79,68,0,0,0,0,0.1,0,0,0,0,0,0,0,0,0,0,0,0,0,0,0,0,0,0.1,0,0,0,0.1,0,0,0,0,14.5,3.9,20.4,16.9,18.6,12.1,20.7,11.3,17.3,11,14,14.1,20.6,10.9,9.2,14.3,12.6,8.5,18.7,14.3,16.5,8.9,14.5,20.9,12.6,15.9,22.1,17.6,5.8,20.6,4.1,14.4,5.4,20.5,18,19.1,12.6,22,12.6,16.6,11.5,14.4,16.9,23.4,12.2,9.7,14.8,13,8.6,19.1,15.1,16.2,12.2,15.1,23.4,13.3,16.9,24.1,18.7,6.8,22.3,6.8,,,,,,22.2204,114.2127
2026-10-13T11:00,25.8,26.7,27.7,26.2,25.9,26.6,26,26.6,26.4,26.2,26.5,25,25.9,26.2,26.1,25.9,26.5,26.7,26.9,26.4,25.9,26.7,26.4,26,25.8,25.6,26.3,26.9,26.2,25.6,26.5,25.7,26.3,26.6,26.2,26.4,26.1,25.6,25.8,26,86,85,75,87,89,83,81,80,77,85,82,85,88,77,84,78,86,86,74,76,84,78,78,79,87,87,84,81,86,81,78,86,84,78,80,84,84,87,89,78,0,0,0,0,0,0,0,0,0,0,0,0,0,0,0,0,0,0,0,0,0,0,0,0,0,0,0,0,0,0,0,0,0,0,0,0,0,0,0,0,5.1,5.9,2.9,6.6,2.9,4,5.6,6,1.5,3.6,2.4,3.4,8.4,3.7,6.4,4,9.7,3.9,4.5,6.6,5.2,2.6,8.5,6.6,6.9,2.9,3.8,7.7,5.3,8.1,3.1,2,4.3,4.3,4.8,3.1,5.1,9.2,4.7,1.8,,,,,,,,,,,,,,,,,,,,,,,,,,,,,,,,,,,,,,,,,26.9,27.8,25.5,27.1,27.1,26.8,26.9,28.2,26.2,27.5,27.8,28,27,27.6,28.5,27.5,27.6,27.5,26.3,27.2,26.7,27.2,27.8,27.4,27.5,26.7,27.3,27.2,26.5,26.8,27.5,75,65,77,78,77,75,76,70,75,69,73,55,76,68,68,72,74,67,80,76,77,65,75,76,69,79,77,77,67,77,66,0,0,0,0,0.1,0,0,0,0,0,0,0,0,0,0,0,0,0,0,0,0,0,0.1,0,0,0,0.1,0,0,0,0,13.4,3.1,19.6,15.9,18.5,11.6,19.4,10.3,16.1,11,12.8,14.4,19.6,8.9,9.7,13.9,12.1,7.9,18.3,13.9,16.1,9.7,14.6,20.4,11.8,15.3,21.8,16.3,5.9,19.4,3.3,13.3,5.8,20.2,16.9,18.7,11.9,20.2,12.2,14.8,11.9,13.3,17.6,21.6,11.2,10.4,14.4,12.6,8.6,18.4,14.8,15.5,14,15.1,22.3,13,16.2,23.8,17.3,6.8,20.9,7.6,,,,,,22.2204,114.2127
2026-10-13T12:00,25.9,26.8,27.8,26.2,26,26.7,26,26.7,26.5,26.4,26.6,25.2,25.9,26.5,26.1,26.2,26.5,26.7,27,26.4,26,27,26.4,26.1,25.9,25.6,26.3,26.9,26.2,25.6,26.6,25.8,26.4,26.6,26.2,26.4,26.2,25.6,25.9,26,86,85,74,87,88,83,80,80,76,84,81,83,87,75,84,77,85,85,74,74,84,75,78,77,87,87,84,81,84,81,77,86,84,79,80,84,83,87,88,78,0,0,0,0,0,0,0,0,0,0,0,0,0,0,0,0,0,0,0,0,0,0,0,0,0,0,0,0,0,0,0,0,0,0,0,0,0,0,0,0,4.6,5.2,2.3,6.2,2.2,3.4,5.5,5.8,1.1,2.9,2.3,3.8,7.9,3.5,5.9,4,9,3.4,4.3,6.1,4.6,2.6,7.9,6.1,6.6,2.7,3.3,7.5,5.2,7.3,2.8,1.6,4.1,4.3,4.2,2.9,4.7,8.5,4.3,1.6,,,,,,,,,,,,,,,,,,,,,,,,,,,,,,,,,,,,,,,,,27.2,28,25.8,27.4,27.2,27.2,27.1,28.4,26.6,27.7,28,28.4,27.2,27.9,28.7,27.8,27.7,27.9,26.5,27.5,26.9,27.5,28,27.6,27.7,27,27.4,27.4,26.8,27,27.8,73,64,75,76,76,73,75,69,73,69,72,53,75,66,67,70,73,66,79,75,76,63,74,75,68,77,76,76,66,76,65,0,0,0,0,0,0,0,0,0,0,0,0,0,0,0,0,0,0,0,0,0,0,0,0,0,0,0,0,0,0,0,12.2,2.6,18.4,14.8,17.6,10.5,18,9.6,14.2,10.6,11.7,12.5,18.3,5.7,8.7,13.4,11.2,7,17.4,14,15.5,10.3,14.4,19.8,11.2,14.6,21.6,15.9,5.2,18.1,1.1,12.6,6.5,19.1,15.1,17.6,11.5,18.7,12.6,13.3,12.2,13,16.6,19.8,9.7,10.4,14,12.2,8.6,17.3,15.1,14.8,14.8,15.1,21.2,12.2,15.8,23.4,16.9,7.6,19.8,7.6,,,,,,22.2204,114.2127
2026-10-13T13:00,25.9,26.8,28,26.2,26.1,26.7,26,26.7,26.7,26.6,26.7,25.5,25.9,26.8,26.1,26.6,26.5,26.8,27,26.6,26,27.4,26.5,26.2,25.9,25.5,26.3,26.9,26.3,25.7,26.6,25.8,26.4,26.6,26.3,26.4,26.3,25.5,25.9,26.1,86,85,73,87,88,83,79,80,76,83,81,81,86,73,84,75,84,84,73,72,84,72,78,76,86,88,85,81,83,81,76,86,83,79,80,84,82,87,87,77,0,0,0,0,0,0,0,0,0,0,0,0,0,0,0,0,0,0,0,0,0,0,0,0,0,0,0,0,0,0,0,0,0,0,0,0,0,0,0,0,4.2,4.8,1.9,5.5,1.1,3.1,5.4,5.5,0.5,1.8,2.1,3.8,7.1,3.5,5.2,3.6,8,3.2,3.9,5.6,4.1,2.6,7.4,5.6,6,2.2,3.2,7.3,4.8,6.8,2.9,1.8,3.7,4.1,4.1,2.7,4,7.9,3.9,1,,,,,,,,,,,,,,,,,,,,,,,,,,,,,,,,,,,,,,,,,27.5,28.1,26.2,27.7,27.3,27.6,27.3,28.5,26.9,27.7,28.2,28.8,27.4,28.1,28.7,28,27.8,28.2,26.8,27.7,27.1,27.7,28.2,27.6,27.8,27.5,27.5,27.6,27,27.1,28,71,64,73,74,75,71,73,69,71,69,71,52,74,65,66,69,73,64,77,73,75,62,73,74,67,74,75,75,66,75,65,0,0,0,0,0,0,0,0,0,0,0,0,0,0,0,0,0,0,0,0,0,0,0,0,0,0,0,0,0,0,0,10.8,3.6,17.2,13,15.9,9.3,16.4,10.5,12.7,10.4,11.3,10,16.4,3.7,7.3,12.6,10.5,6.5,16.3,14.4,14.5,11.1,14.1,19.4,10.8,14.2,21.4,16.2,5.3,17.2,2.3,11.9,7.2,17.3,13.3,16.2,11.2,16.9,13.3,12.2,12.2,13,14.4,17.6,8.3,9.7,14,11.5,8.6,16.2,15.5,13.7,15.5,14.8,20.5,11.9,15.8,23,16.9,8.6,18.7,6.8,,,,,,22.2204,114.2127
2026-10-13T14:00,26,26.9,28.2,26.2,26.2,26.8,26,26.7,26.9,26.8,26.8,25.7,25.9,27.1,26.2,26.9,26.5,26.8,27.1,26.7,26.1,27.8,26.6,26.3,26,25.5,26.3,27,26.3,25.7,26.7,25.9,26.5,26.6,26.3,26.5,26.3,25.5,25.9,26.2,86,85,72,87,87,83,78,80,75,82,80,79,86,70,83,73,83,83,73,71,84,69,78,75,86,89,85,80,82,81,75,85,83,80,80,84,82,87,86,77,0,0,0,0,0,0,0,0,0,0,0,0,0,0,0,0,0,0,0,0,0,0,0,0,0,0,0,0,0,0,0,0,0,0,0,0,0,0,0,0,4,4.2,1.5,4.8,0.4,2.8,5.2,5,0.7,0.8,2.3,3.8,6.5,3.9,4.8,3.6,7.1,3,3.8,5.2,3.6,2.6,6.8,5.2,5.9,2.2,3.3,6.9,4.6,5.9,2.7,1.9,3.4,4.2,3.6,2.5,3.9,7.4,3.8,1.1,,,,,,,,,,,,,,,,,,,,,,,,,,,,,,,,,,,,,,,,,27.7,28.1,26.5,27.9,27.4,27.8,27.4,28.6,27.1,27.7,28.2,28.9,27.5,28.2,28.7,28.2,27.8,28.3,26.9,27.9,27.2,27.9,28.2,27.6,27.9,27.8,27.5,27.6,27.2,27.3,28.1,70,65,71,72,74,69,72,69,70,69,71,52,73,64,66,68,73,64,76,72,74,61,72,74,67,72,75,75,65,74,65,0,0,0,0,0,0,0,0,0,0,0,0,0,0,0,0,0,0,0,0,0,0,0,0,0,0,0,0,0,0,0,10.2,5.7,15.9,12.4,14.8,8.3,15.3,11.4,11.5,10,11.8,8.3,15,4.5,7,12,11.2,6.4,15.5,14.9,13.7,12,13.8,18.8,10.9,13.7,21,16.3,5.9,16.2,5.1,11.5,7.9,16.2,12.2,14.8,10.4,15.8,14,11.5,11.9,13,12.2,15.8,7.2,9.4,13.7,11.5,8.6,15.1,15.8,13.3,15.8,14.4,19.8,11.5,15.8,22.7,16.9,9,18,6.8,,,,,,22.2204,114.2127
2026-10-13T15:00,26.1,26.9,28.3,26.2,26.3,26.8,26.1,26.8,27.1,27,26.9,26,25.9,27.4,26.2,27.2,26.6,26.9,27.2,26.8,26.1,28.1,26.7,26.4,26.1,25.5,26.3,27,26.4,25.7,26.7,25.9,26.6,26.6,26.3,26.5,26.4,25.4,25.9,26.3,86,86,71,87,87,82,77,80,74,81,80,76,85,67,83,72,82,82,72,69,85,65,77,73,86,89,86,80,80,80,74,85,82,81,80,84,81,87,85,76,0,0,0,0,0,0,0,0,0,0,0,0,0,0,0,0,0,0,0,0,0,0,0,0,0,0,0,0,0,0,0,0,0,0,0,0,0,0,0,0,3.8,3.7,1.6,4.1,0.4,2.4,4.8,4.8,1.1,0.8,2.5,3.8,6,3.9,4.6,3.6,6.5,2.9,3.3,4.6,2.9,2.3,5.9,4.6,5.8,2.2,3.1,6.8,4.2,5.5,2.5,2.1,3,4.3,3.2,2.5,3.7,6.5,3.6,1.5,,,,,,,,,,,,,,,,,,,,,,,,,,,,,,,,,,,,,,,,,27.7,28,26.6,28,27.5,27.7,27.5,28.7,27.1,27.6,28.3,28.6,27.5,28.1,28.6,28.2,27.8,28.2,26.9,28,27.3,28,28.2,27.6,27.9,27.8,27.5,27.6,27.2,27.4,28,70,66,71,72,73,69,72,69,70,69,71,54,72,64,66,67,73,65,76,71,73,60,71,74,66,71,75,75,63,73,66,0,0,0,0,0,0,0,0,0,0,0,0,0,0,0,0,0,0,0,0,0,0,0,0,0,0,0,0,0,0,0,10.3,8,15.1,12.9,14.1,7.9,14.8,11.9,11.4,9.3,12.4,7.4,13.4,5.4,7.6,11.3,12.5,7.2,15.2,14.8,13.1,12,13.2,18.5,10.9,13.4,20.5,15.5,5.8,15.5,7.6,11.2,8.6,15.5,13,14,9.4,15.1,14.8,11.2,10.8,13.3,10.4,14.4,6.5,9.4,13.3,12.2,8.6,14.8,16.2,13.3,16.6,14,19.8,11.9,15.8,22.3,15.8,8.3,17.6,7.6,,,,,,22.2204,114.2127
2026-10-13T16:00,26.1,26.9,28.5,26.2,26.4,26.9,26.1,26.8,27.2,27.2,27.1,26.2,26,27.7,26.2,27.5,26.6,26.9,27.2,26.9,26.2,28.5,26.8,26.5,26.1,25.5,26.3,27.1,26.4,25.8,26.8,26,26.7,26.7,26.4,26.6,26.5,25.3,25.9,26.3,86,86,69,87,86,82,76,80,73,80,79,74,84,65,83,70,81,81,72,67,85,62,77,72,85,90,86,79,79,80,73,85,81,81,81,84,80,87,84,75,0,0,0,0,0,0,0,0,0,0,0,0,0,0,0,0,0,0,0,0,0,0,0,0,0,0,0,0,0,0,0,0,0,0,0,0,0,0,0,0,3.6,3.2,1.8,3.6,1.1,2.5,4.7,4.7,1.6,1.3,2.9,3.7,5.6,3.8,4.4,3.3,5.6,2.9,2.9,4.1,2.5,2.3,5.5,4.1,5.4,2.3,3.2,6.5,4.3,4.7,2.5,2.8,2.9,4.6,3,2.9,3.6,5.9,3.2,1.9,,,,,,,,,,,,,,,,,,,,,,,,,,,,,,,,,,,,,,,,,27.5,27.7,26.5,27.9,27.5,27.5,27.4,28.8,27,27.5,28.3,28,27.6,27.9,28.5,28.1,27.9,28,26.9,28,27.2,28.2,28.1,27.5,27.9,27.7,27.5,27.5,27.1,27.6,27.8,70,68,71,72,72,69,72,68,71,70,71,57,71,65,66,67,73,66,76,71,73,58,71,74,66,72,75,75,62,72,67,0,0,0,0,0,0,0,0,0,0,0,0,0,0,0,0,0,0,0,0,0,0,0,0,0,0,0,0,0,0,0,10.8,10.9,14.6,14.5,13.6,8,14.5,11.9,11.8,8.4,13,8.2,11.9,6.1,8.9,10.6,13.5,8.7,15,14.1,13.1,11.9,12.3,18.4,11,13.7,19.8,14.5,4.7,15.7,10.1,11.2,9.7,15.5,14.4,13.7,7.9,14.8,15.5,11.5,9,13.7,8.6,13.3,5.8,9.4,13,13.7,8.6,14.8,16.6,13.7,16.9,13.7,20.5,12.6,16.2,22,14.8,6.8,17.6,8.6,,,,,,22.2204,114.2127
2026-10-13T17:00,26.2,27,28.6,26.3,26.5,27,26.1,26.8,27.4,27.4,27.2,26.4,26,28,26.2,27.8,26.6,27,27.3,27,26.2,28.8,26.9,26.5,26.2,25.4,26.3,27.1,26.4,25.8,26.8,26.1,26.8,26.7,26.4,26.6,26.5,25.3,26,26.4,86,86,69,87,86,82,75,80,73,79,79,72,83,63,83,69,80,80,71,66,85,59,77,70,85,90,87,79,78,80,72,84,80,81,81,84,79,87,83,75,0,0,0,0,0,0,0,0,0,0,0,0,0,0,0,0,0,0,0,0,0,0,0,0,0,0,0,0,0,0,0,0,0,0,0,0,0,0,0,0,3.6,3.3,1.8,3.3,1.8,2.5,4.7,4.7,2.1,2.4,3.3,4,5.4,3.8,4.3,3.3,4.7,2.9,2.9,3.7,2.5,2.6,5.1,3.7,5.4,2.4,3.3,6.4,4.5,4.3,2.5,3.3,3,4.5,2.7,3,3.6,5.5,3.3,2.1,,,,,,,,,,,,,,,,,,,,,,,,,,,,,,,,,,,,,,,,,27.4,27.5,26.5,27.8,27.5,27.2,27.4,28.7,26.9,27.3,28.2,27.6,27.5,27.6,28.3,28,27.9,27.7,26.8,28,27.1,28.2,28,27.5,27.8,27.6,27.4,27.4,27.1,27.7,27.5,71,70,71,73,72,70,72,69,71,70,72,59,71,66,67,67,74,67,76,71,73,58,71,74,66,72,75,76,60,72,69,0,0,0,0,0,0,0,0,0,0,0,0,0,0,0,0,0,0,0,0,0,0,0,0,0,0,0,0,0,0,0,11.2,12.6,14.3,15,13.2,8.2,14.1,11.8,11.8,8.2,13.1,9.2,10.9,7.1,10.1,10.4,14.2,9.3,14.5,13.7,12.6,11.9,12,18,11.6,13.9,18.8,13.7,2.9,15.9,11.9,10.8,10.8,14.8,15.1,13.3,7.2,14,15.5,11.2,7.6,14,7.2,12.2,5.8,9.7,12.6,14,8.3,14.8,16.2,13.7,17.6,13,20.5,13.7,15.8,21.6,13.7,7.2,17.6,9.7,,,,,,22.2204,114.2127
2026-10-13T18:00,26.2,27,28.7,26.3,26.5,27,26.1,26.9,27.5,27.5,27.2,26.6,26,28.1,26.3,28,26.7,27,27.3,27.1,26.2,29,27,26.6,26.2,25.4,26.2,27.1,26.5,25.9,26.8,26.1,26.8,26.7,26.4,26.6,26.6,25.3,26,26.5,86,86,68,87,86,82,74,81,72,79,78,70,82,60,82,67,80,80,71,65,84,57,77,69,85,91,87,79,77,80,72,84,80,82,81,84,79,87,82,74,0,0,0,0,0,0,0,0,0,0,0,0,0,0,0,0,0,0,0,0,0,0,0,0,0,0,0,0,0,0,0,0,0,0,0,0,0,0,0,0,3.6,3.1,2.3,3,2.5,2.9,4.3,4.3,2.3,2.7,3.7,4,5.4,3.8,4.4,3.3,4,2.6,2.9,3.3,2.6,2.6,4.7,3.3,5.5,2.6,3.6,6.3,4.7,4,2.6,3.8,3.1,4.7,2.9,3.1,3.3,5.1,3.3,2.6,,,,,,,,,,,,,,,,,,,,,,,,,,,,,,,,,,,,,,,,,27.3,27.3,26.5,27.6,27.4,27,27.3,28.5,26.8,27.2,27.9,27.5,27.4,27.4,28.2,27.9,27.7,27.6,26.7,27.8,27,28,27.8,27.4,27.5,27.5,27.3,27.2,27.2,27.5,27.2,71,72,71,74,72,71,72,71,71,71,74,60,71,67,68,68,75,68,77,72,74,60,72,75,68,73,76,77,59,74,71,0,0,0,0,0,0,0,0,0,0,0,0,0,0,0,0,0,0,0,0,0,0,0,0,0,0,0,0,0,0,0,10.6,13.1,13.1,13.5,12.2,8,13.2,11.9,10.7,7.9,13,8.3,10.1,8.2,10.8,10.2,13.1,8.6,13.9,13.2,11.7,13,11.4,17.1,12.9,13.4,17.8,13.2,0.5,15.8,12.6,10.1,12.2,13.3,13.7,12.2,7.2,13.3,14.8,10.1,6.8,13.7,6.5,11.5,6.8,10.1,11.9,13.3,7.2,14,15.1,13,18,11.9,19.8,14.8,15.1,20.5,13,9.4,17.3,11.2,,,,,,22.2204,114.2127
2026-10-13T19:00,26.3,27,28.8,26.3,26.6,27.1,26.1,26.9,27.6,27.6,27.3,26.8,26,28.3,26.3,28.2,26.7,27,27.4,27.1,26.3,29.1,27,26.7,26.2,25.4,26.2,27.2,26.5,25.9,26.9,26.1,26.9,26.7,26.4,26.7,26.6,25.2,26,26.5,86,86,67,87,85,82,73,81,72,78,77,68,81,58,82,66,79,79,71,64,84,55,77,69,84,91,87,78,76,80,71,84,79,82,82,83,78,87,81,74,0,0,0,0,0,0,0,0,0,0,0,0,0,0,0,0,0,0,0,0,0,0,0,0,0,0,0,0,0,0,0,0,0,0,0,0,0,0,0,0,4,3.2,2.7,3.1,2.9,3,4.3,4.3,2.8,3.4,3.8,4,5.8,3.7,4.5,3.7,3.6,2.7,2.5,2.9,2.7,2.9,4.3,3.2,5.2,2.8,3.3,6.2,5.1,3.6,2.7,4.1,3.2,4.7,2.8,3.2,3.4,4.7,3.4,3.1,,,,,,,,,,,,,,,,,,,,,,,,,,,,,,,,,,,,,,,,,27.3,27.1,26.5,27.4,27.3,26.8,27.2,28.1,26.8,27,27.6,27.5,27.3,27.2,28,27.7,27.5,27.4,26.6,27.5,26.8,27.7,27.6,27.4,27.2,27.4,27.1,27.1,27.4,27.3,26.9,72,73,72,75,73,73,73,74,71,71,77,60,72,69,70,69,77,69,77,74,74,62,74,76,70,74,77,78,58,76,73,0,0,0,0,0,0,0,0,0,0,0,0,0,0,0,0,0,0,0,0,0,0,0,0,0,0,0,0,0,0,0,9.3,13.4,11.4,11,11,8,11.8,11.5,8.7,7.1,12.7,6.6,10,9.5,10.8,10.4,11.5,7.2,13,12.2,11.2,14.1,11,15.5,14.8,12.6,16.3,12.6,3.3,15.6,13,9.4,13.3,11.5,11.5,11.2,7.9,12.6,13,9,6.1,13.3,6.1,10.8,8.3,10.8,11.5,11.9,5.8,13.3,13.7,12.2,18.7,11.2,18.7,15.8,13.7,19.1,12.6,13,16.9,12.2,,,,,,22.2204,114.2127
2026-10-13T20:00,26.3,27,28.9,26.3,26.6,27.1,26.1,26.9,27.6,27.6,27.3,26.8,26,28.3,26.3,28.2,26.7,27,27.4,27.2,26.3,29.2,27.1,26.7,26.2,25.4,26.2,27.2,26.5,25.9,26.9,26.2,26.9,26.7,26.4,26.7,26.6,25.2,26,26.6,86,86,67,87,85,82,73,81,72,78,77,67,81,57,82,65,79,79,71,64,84,54,77,68,84,91,87,78,76,80,71,84,79,82,82,83,78,87,81,74,0,0,0,0,0,0,0,0,0,0,0,0,0,0,0,0,0,0,0,0,0,0,0,0,0,0,0,0,0,0,0,0,0,0,0,0,0,0,0,0,4,3.1,2.7,3.2,3.3,3.3,4,4.3,2.8,3.4,4.1,4.4,5.9,4,4.5,3.7,3.3,2.7,2.5,2.9,2.9,3.1,4,2.9,5.2,2.8,3.3,6.2,5.4,3.3,2.7,4.1,3.2,4.7,2.5,3.2,3.4,4.7,3.4,3.1,,,,,,,,,,,,,,,,,,,,,,,,,,,,,,,,,,,,,,,,,27.3,26.9,26.5,27.3,27.2,26.6,27.2,27.7,26.8,26.8,27.4,27.6,27.1,27,27.8,27.5,27.2,27.3,26.5,27.3,26.7,27.5,27.5,27.3,27,27.2,27,27,27.6,27.1,26.6,72,74,72,76,74,74,73,76,71,72,79,61,73,70,72,71,78,69,78,76,75,64,75,77,72,75,78,79,57,78,75,0,0,0,0,0,0,0,0,0,0,0,0,0,0,0,0,0,0,0,0,0,0,0,0,0,0,0,0,0,0,0,8.1,13.6,10,8.7,9.9,8.8,10.7,10.7,7.1,6.6,12.5,5.9,9.5,10.1,10.8,10.3,9.8,6,12,11.4,10.6,14.4,10,14.5,15.8,11.9,15.5,12.1,8.4,14.6,12.2,8.3,14,10.1,9.4,10.4,8.3,11.5,11.2,7.6,5.8,13,5.8,10.1,9.7,10.8,10.8,10.4,5,12.2,12.2,11.2,19.1,10.1,17.6,16.6,13,18.4,12.6,18.7,16.2,12.6,,,,,,22.2204,114.2127
2026-10-13T21:00,26.3,27,28.9,26.3,26.6,27.1,26,26.9,27.6,27.6,27.3,26.8,26,28.3,26.3,28.2,26.7,27,27.4,27.2,26.3,29.1,27.1,26.8,26.2,25.4,26.2,27.2,26.5,25.9,26.9,26.2,27,26.7,26.3,26.7,26.6,25.2,26,26.6,86,86,67,87,85,82,73,81,72,78,77,66,81,56,82,64,79,79,71,64,84,54,77,68,84,91,87,78,76,80,71,84,79,82,83,83,78,87,81,74,0,0,0,0,0,0,0,0,0,0,0,0,0,0,0,0,0,0,0,0,0,0,0,0,0,0,0,0,0,0,0,0,0,0,0,0,0,0,0,0,4,2.8,2.7,3.2,3.3,3.7,3.6,4.3,2.8,3.4,4.1,4.7,6.2,4.4,4.8,4,2.9,2.7,2.5,2.9,2.9,3.7,3.6,2.9,5.2,2.8,3.1,6.2,5.8,3.3,2.7,4.1,3.2,4.7,2.3,3.2,3.4,4.7,3.4,3.1,,,,,,,,,,,,,,,,,,,,,,,,,,,,,,,,,,,,,,,,,27.1,26.8,26.4,27.2,27.1,26.5,27.1,27.5,26.8,26.8,27.3,27.6,27,26.9,27.6,27.3,27.1,27.4,26.4,27.2,26.6,27.4,27.3,27.2,26.8,27.1,27,26.9,27.7,26.9,26.5,72,75,72,76,75,75,73,77,71,72,80,62,73,71,74,72,79,69,78,77,75,64,76,78,73,76,79,80,55,79,75,0,0,0,0,0,0,0,0.1,0,0,0.1,0,0,0,0,0,0,0,0,0,0,0,0,0,0,0,0,0,0,0,0,6.8,12.9,9.5,7.6,9.4,9.2,9.7,8.7,6.1,6.8,11.7,5.6,9.4,10.2,10.2,9.9,8.8,4.6,11,10.6,9.8,13,9.4,13.4,15.3,11.7,15.5,11.8,17.1,12.9,10.5,7.2,13.3,9.4,7.9,10.1,8.6,9.7,7.9,6.5,6.1,12.6,5,9.7,10.4,10.4,10.4,9,5,11.2,11.2,10.1,19.1,9.7,16.6,16.2,13,18.4,12.6,29.2,14.4,11.2,,,,,,22.2204,114.2127
2026-10-13T22:00,26.3,27,28.8,26.4,26.6,27.1,26,26.8,27.6,27.5,27.3,26.8,26,28.2,26.2,28,26.7,27,27.3,27.2,26.2,28.9,27.1,26.8,26.2,25.4,26.2,27.1,26.4,26,26.9,26.2,27,26.7,26.3,26.7,26.6,25.3,26,26.6,86,86,67,87,85,82,74,82,73,78,76,65,81,55,82,64,80,79,72,65,83,54,78,68,83,91,86,78,76,81,71,84,79,82,83,82,78,87,81,74,0,0,0,0,0,0,0,0,0,0,0,0,0,0,0,0,0,0,0,0,0,0,0,0,0,0,0,0,0,0,0,0,0,0,0,0,0,0,0,0,4.3,2.8,2.6,3.5,3.3,3.6,3.3,4.3,2.6,2.6,4.4,5.1,6.6,4.7,4.7,4.5,2.9,2.3,2.5,2.9,3.1,4.3,3.2,2.5,4.8,2.9,2.5,6.2,6.2,3,2.3,3.8,3.4,4.7,2.1,3.1,3,4.7,3.7,2.9,,,,,,,,,,,,,,,,,,,,,,,,,,,,,,,,,,,,,,,,,26.9,26.7,26.4,27.1,27.1,26.4,27.1,27.3,26.7,26.7,27.3,27.6,27,26.8,27.3,27.1,26.9,27.4,26.3,27.1,26.6,27.3,27.2,27.1,26.7,27,26.9,26.8,27.8,26.8,26.5,73,75,72,76,75,75,73,77,71,73,80,63,74,71,76,74,79,70,78,78,75,64,77,79,74,77,81,81,53,79,75,0,0,0,0,0,0,0,0.1,0,0,0.1,0,0,0,0,0,0,0,0,0,0,0,0,0,0,0,0,0,0,0,0,5.5,11.4,9.1,6.7,9.4,9,8.2,5.9,5.7,7.1,11,5.4,9,10.2,9.5,9.2,7.8,2.6,9.8,9.8,8.9,11.3,8.7,12.5,14.2,12.1,15.5,12,27.6,10.5,8.2,5.8,11.9,9.4,6.5,10.1,9,7.9,4.3,5.8,6.5,12.2,4.3,9,10.8,9.7,10.1,7.9,5.4,9.7,10.8,8.6,19.4,9.4,15.8,15.1,13.7,19.1,13,41.8,11.9,8.6,,,,,,22.2204,114.2127
2026-10-13T23:00,26.3,27,28.8,26.4,26.6,27.1,26,26.8,27.5,27.4,27.2,26.7,26,28,26.2,27.8,26.6,26.9,27.3,27.2,26.2,28.7,27,26.8,26.1,25.4,26.2,27.1,26.4,26,26.8,26.2,27,26.7,26.2,26.6,26.6,25.3,25.9,26.6,86,86,68,87,85,83,75,82,73,79,76,65,81,54,82,63,80,80,72,66,82,54,78,68,83,91,86,77,77,81,72,84,78,82,84,81,78,87,81,74,0,0,0,0,0,0,0,0,0,0,0,0,0,0,0,0,0,0,0,0,0,0,0,0,0,0,0,0,0,0,0,0,0,0,0,0,0,0,0,0,4.7,2.3,2.5,3.8,3,4,2.9,4.3,2.3,2.2,4.3,5.4,6.9,5.1,5,4.8,2.5,2.3,2.5,3.2,3,5,2.9,2.5,4.7,2.9,2.3,6.2,6.6,3,2.3,3.6,3.4,4.4,1.8,3.1,2.9,4.7,3.6,2.7,,,,,,,,,,,,,,,,,,,,,,,,,,,,,,,,,,,,,,,,,26.8,26.7,26.3,27,27,26.4,27,27.3,26.7,26.7,27.3,27.6,26.9,26.8,27.1,27,26.8,27.5,26.2,27,26.6,27.3,27,27,26.6,26.8,26.8,26.7,27.8,26.7,26.4,73,75,72,76,76,76,73,77,71,73,80,64,74,72,77,75,79,69,78,79,75,63,77,80,74,78,82,82,51,79,75,0,0,0,0,0,0,0,0.1,0,0,0.1,0,0,0,0,0,0,0,0,0,0,0,0,0,0,0,0,0,0,0,0,4.3,9.9,8.9,5.8,9,8.9,6.6,3.1,5,7,10.5,4.7,8,10,8.4,8.5,6.8,3.4,8.9,9.1,7.3,11,7.7,11.3,13.4,12.3,15.5,12.2,34.8,8.7,6.6,4.3,10.4,9.4,5.4,9.7,9,6.5,2.9,4.7,6.5,11.9,5,8.3,11.2,8.6,9.4,6.5,9,8.6,10.4,7.6,19.8,8.6,14.4,14.4,13.7,19.1,13.3,50.8,10.1,6.8,,,,,,22.2204,114.2127
