time,temperature_2m_icon_seamless_eps (°C),temperature_2m_member01_icon_seamless_eps (°C),temperature_2m_member02_icon_seamless_eps (°C),temperature_2m_member03_icon_seamless_eps (°C),temperature_2m_member04_icon_seamless_eps (°C),temperature_2m_member05_icon_seamless_eps (°C),temperature_2m_member06_icon_seamless_eps (°C),temperature_2m_member07_icon_seamless_eps (°C),temperature_2m_member08_icon_seamless_eps (°C),temperature_2m_member09_icon_seamless_eps (°C),temperature_2m_member10_icon_seamless_eps (°C),temperature_2m_member11_icon_seamless_eps (°C),temperature_2m_member12_icon_seamless_eps (°C),temperature_2m_member13_icon_seamless_eps (°C),temperature_2m_member14_icon_seamless_eps (°C),temperature_2m_member15_icon_seamless_eps (°C),temperature_2m_member16_icon_seamless_eps (°C),temperature_2m_member17_icon_seamless_eps (°C),temperature_2m_member18_icon_seamless_eps (°C),temperature_2m_member19_icon_seamless_eps (°C),temperature_2m_member20_icon_seamless_eps (°C),temperature_2m_member21_icon_seamless_eps (°C),temperature_2m_member22_icon_seamless_eps (°C),temperature_2m_member23_icon_seamless_eps (°C),temperature_2m_member24_icon_seamless_eps (°C),temperature_2m_member25_icon_seamless_eps (°C),temperature_2m_member26_icon_seamless_eps (°C),temperature_2m_member27_icon_seamless_eps (°C),temperature_2m_member28_icon_seamless_eps (°C),temperature_2m_member29_icon_seamless_eps (°C),temperature_2m_member30_icon_seamless_eps (°C),temperature_2m_member31_icon_seamless_eps (°C),temperature_2m_member32_icon_seamless_eps (°C),temperature_2m_member33_icon_seamless_eps (°C),temperature_2m_member34_icon_seamless_eps (°C),temperature_2m_member35_icon_seamless_eps (°C),temperature_2m_member36_icon_seamless_eps (°C),temperature_2m_member37_icon_seamless_eps (°C),temperature_2m_member38_icon_seamless_eps (°C),temperature_2m_member39_icon_seamless_eps (°C),relativehumidity_2m_icon_seamless_eps (%),relativehumidity_2m_member01_icon_seamless_eps (%),relativehumidity_2m_member02_icon_seamless_eps (%),relativehumidity_2m_member03_icon_seamless_eps (%),relativehumidity_2m_member04_icon_seamless_eps (%),relativehumidity_2m_member05_icon_seamless_eps (%),relativehumidity_2m_member06_icon_seamless_eps (%),relativehumidity_2m_member07_icon_seamless_eps (%),relativehumidity_2m_member08_icon_seamless_eps (%),relativehumidity_2m_member09_icon_seamless_eps (%),relativehumidity_2m_member10_icon_seamless_eps (%),relativehumidity_2m_member11_icon_seamless_eps (%),relativehumidity_2m_member12_icon_seamless_eps (%),relativehumidity_2m_member13_icon_seamless_eps (%),relativehumidity_2m_member14_icon_seamless_eps (%),relativehumidity_2m_member15_icon_seamless_eps (%),relativehumidity_2m_member16_icon_seamless_eps (%),relativehumidity_2m_member17_icon_seamless_eps (%),relativehumidity_2m_member18_icon_seamless_eps (%),relativehumidity_2m_member19_icon_seamless_eps (%),relativehumidity_2m_member20_icon_seamless_eps (%),relativehumidity_2m_member21_icon_seamless_eps (%),relativehumidity_2m_member22_icon_seamless_eps (%),relativehumidity_2m_member23_icon_seamless_eps (%),relativehumidity_2m_member24_icon_seamless_eps (%),relativehumidity_2m_member25_icon_seamless_eps (%),relativehumidity_2m_member26_icon_seamless_eps (%),relativehumidity_2m_member27_icon_seamless_eps (%),relativehumidity_2m_member28_icon_seamless_eps (%),relativehumidity_2m_member29_icon_seamless_eps (%),relativehumidity_2m_member30_icon_seamless_eps (%),relativehumidity_2m_member31_icon_seamless_eps (%),relativehumidity_2m_member32_icon_seamless_eps (%),relativehumidity_2m_member33_icon_seamless_eps (%),relativehumidity_2m_member34_icon_seamless_eps (%),relativehumidity_2m_member35_icon_seamless_eps (%),relativehumidity_2m_member36_icon_seamless_eps (%),relativehumidity_2m_member37_icon_seamless_eps (%),relativehumidity_2m_member38_icon_seamless_eps (%),relativehumidity_2m_member39_icon_seamless_eps (%),rain_icon_seamless_eps (mm),rain_member01_icon_seamless_eps (mm),rain_member02_icon_seamless_eps (mm),rain_member03_icon_seamless_eps (mm),rain_member04_icon_seamless_eps (mm),rain_member05_icon_seamless_eps (mm),rain_member06_icon_seamless_eps (mm),rain_member07_icon_seamless_eps (mm),rain_member08_icon_seamless_eps (mm),rain_member09_icon_seamless_eps (mm),rain_member10_icon_seamless_eps (mm),rain_member11_icon_seamless_eps (mm),rain_member12_icon_seamless_eps (mm),rain_member13_icon_seamless_eps (mm),rain_member14_icon_seamless_eps (mm),rain_member15_icon_seamless_eps (mm),rain_member16_icon_seamless_eps (mm),rain_member17_icon_seamless_eps (mm),rain_member18_icon_seamless_eps (mm),rain_member19_icon_seamless_eps (mm),rain_member20_icon_seamless_eps (mm),rain_member21_icon_seamless_eps (mm),rain_member22_icon_seamless_eps (mm),rain_member23_icon_seamless_eps (mm),rain_member24_icon_seamless_eps (mm),rain_member25_icon_seamless_eps (mm),rain_member26_icon_seamless_eps (mm),rain_member27_icon_seamless_eps (mm),rain_member28_icon_seamless_eps (mm),rain_member29_icon_seamless_eps (mm),rain_member30_icon_seamless_eps (mm),rain_member31_icon_seamless_eps (mm),rain_member32_icon_seamless_eps (mm),rain_member33_icon_seamless_eps (mm),rain_member34_icon_seamless_eps (mm),rain_member35_icon_seamless_eps (mm),rain_member36_icon_seamless_eps (mm),rain_member37_icon_seamless_eps (mm),rain_member38_icon_seamless_eps (mm),rain_member39_icon_seamless_eps (mm),windspeed_10m_icon_seamless_eps (km/h),windspeed_10m_member01_icon_seamless_eps (km/h),windspeed_10m_member02_icon_seamless_eps (km/h),windspeed_10m_member03_icon_seamless_eps (km/h),windspeed_10m_member04_icon_seamless_eps (km/h),windspeed_10m_member05_icon_seamless_eps (km/h),windspeed_10m_member06_icon_seamless_eps (km/h),windspeed_10m_member07_icon_seamless_eps (km/h),windspeed_10m_member08_icon_seamless_eps (km/h),windspeed_10m_member09_icon_seamless_eps (km/h),windspeed_10m_member10_icon_seamless_eps (km/h),windspeed_10m_member11_icon_seamless_eps (km/h),windspeed_10m_member12_icon_seamless_eps (km/h),windspeed_10m_member13_icon_seamless_eps (km/h),windspeed_10m_member14_icon_seamless_eps (km/h),windspeed_10m_member15_icon_seamless_eps (km/h),windspeed_10m_member16_icon_seamless_eps (km/h),windspeed_10m_member17_icon_seamless_eps (km/h),windspeed_10m_member18_icon_seamless_eps (km/h),windspeed_10m_member19_icon_seamless_eps (km/h),windspeed_10m_member20_icon_seamless_eps (km/h),windspeed_10m_member21_icon_seamless_eps (km/h),windspeed_10m_member22_icon_seamless_eps (km/h),windspeed_10m_member23_icon_seamless_eps (km/h),windspeed_10m_member24_icon_seamless_eps (km/h),windspeed_10m_member25_icon_seamless_eps (km/h),windspeed_10m_member26_icon_seamless_eps (km/h),windspeed_10m_member27_icon_seamless_eps (km/h),windspeed_10m_member28_icon_seamless_eps (km/h),windspeed_10m_member29_icon_seamless_eps (km/h),windspeed_10m_member30_icon_seamless_eps (km/h),windspeed_10m_member31_icon_seamless_eps (km/h),windspeed_10m_member32_icon_seamless_eps (km/h),windspeed_10m_member33_icon_seamless_eps (km/h),windspeed_10m_member34_icon_seamless_eps (km/h),windspeed_10m_member35_icon_seamless_eps (km/h),windspeed_10m_member36_icon_seamless_eps (km/h),windspeed_10m_member37_icon_seamless_eps (km/h),windspeed_10m_member38_icon_seamless_eps (km/h),windspeed_10m_member39_icon_seamless_eps (km/h),windgusts_10m_icon_seamless_eps (undefined),windgusts_10m_member01_icon_seamless_eps (undefined),windgusts_10m_member02_icon_seamless_eps (undefined),windgusts_10m_member03_icon_seamless_eps (undefined),windgusts_10m_member04_icon_seamless_eps (undefined),windgusts_10m_member05_icon_seamless_eps (undefined),windgusts_10m_member06_icon_seamless_eps (undefined),windgusts_10m_member07_icon_seamless_eps (undefined),windgusts_10m_member08_icon_seamless_eps (undefined),windgusts_10m_member09_icon_seamless_eps (undefined),windgusts_10m_member10_icon_seamless_eps (undefined),windgusts_10m_member11_icon_seamless_eps (undefined),windgusts_10m_member12_icon_seamless_eps (undefined),windgusts_10m_member13_icon_seamless_eps (undefined),windgusts_10m_member14_icon_seamless_eps (undefined),windgusts_10m_member15_icon_seamless_eps (undefined),windgusts_10m_member16_icon_seamless_eps (undefined),windgusts_10m_member17_icon_seamless_eps (undefined),windgusts_10m_member18_icon_seamless_eps (undefined),windgusts_10m_member19_icon_seamless_eps (undefined),windgusts_10m_member20_icon_seamless_eps (undefined),windgusts_10m_member21_icon_seamless_eps (undefined),windgusts_10m_member22_icon_seamless_eps (undefined),windgusts_10m_member23_icon_seamless_eps (undefined),windgusts_10m_member24_icon_seamless_eps (undefined),windgusts_10m_member25_icon_seamless_eps (undefined),windgusts_10m_member26_icon_seamless_eps (undefined),windgusts_10m_member27_icon_seamless_eps (undefined),windgusts_10m_member28_icon_seamless_eps (undefined),windgusts_10m_member29_icon_seamless_eps (undefined),windgusts_10m_member30_icon_seamless_eps (undefined),windgusts_10m_member31_icon_seamless_eps (undefined),windgusts_10m_member32_icon_seamless_eps (undefined),windgusts_10m_member33_icon_seamless_eps (undefined),windgusts_10m_member34_icon_seamless_eps (undefined),windgusts_10m_member35_icon_seamless_eps (undefined),windgusts_10m_member36_icon_seamless_eps (undefined),windgusts_10m_member37_icon_seamless_eps (undefined),windgusts_10m_member38_icon_seamless_eps (undefined),windgusts_10m_member39_icon_seamless_eps (undefined),temperature_2m_ncep_gefs_seamless (°C),temperature_2m_member01_ncep_gefs_seamless (°C),temperature_2m_member02_ncep_gefs_seamless (°C),temperature_2m_member03_ncep_gefs_seamless (°C),temperature_2m_member04_ncep_gefs_seamless (°C),temperature_2m_member05_ncep_gefs_seamless (°C),temperature_2m_member06_ncep_gefs_seamless (°C),temperature_2m_member07_ncep_gefs_seamless (°C),temperature_2m_member08_ncep_gefs_seamless (°C),temperature_2m_member09_ncep_gefs_seamless (°C),temperature_2m_member10_ncep_gefs_seamless (°C),temperature_2m_member11_ncep_gefs_seamless (°C),temperature_2m_member12_ncep_gefs_seamless (°C),temperature_2m_member13_ncep_gefs_seamless (°C),temperature_2m_member14_ncep_gefs_seamless (°C),temperature_2m_member15_ncep_gefs_seamless (°C),temperature_2m_member16_ncep_gefs_seamless (°C),temperature_2m_member17_ncep_gefs_seamless (°C),temperature_2m_member18_ncep_gefs_seamless (°C),temperature_2m_member19_ncep_gefs_seamless (°C),temperature_2m_member20_ncep_gefs_seamless (°C),temperature_2m_member21_ncep_gefs_seamless (°C),temperature_2m_member22_ncep_gefs_seamless (°C),temperature_2m_member23_ncep_gefs_seamless (°C),temperature_2m_member24_ncep_gefs_seamless (°C),temperature_2m_member25_ncep_gefs_seamless (°C),temperature_2m_member26_ncep_gefs_seamless (°C),temperature_2m_member27_ncep_gefs_seamless (°C),temperature_2m_member28_ncep_gefs_seamless (°C),temperature_2m_member29_ncep_gefs_seamless (°C),temperature_2m_member30_ncep_gefs_seamless (°C),relativehumidity_2m_ncep_gefs_seamless (%),relativehumidity_2m_member01_ncep_gefs_seamless (%),relativehumidity_2m_member02_ncep_gefs_seamless (%),relativehumidity_2m_member03_ncep_gefs_seamless (%),relativehumidity_2m_member04_ncep_gefs_seamless (%),relativehumidity_2m_member05_ncep_gefs_seamless (%),relativehumidity_2m_member06_ncep_gefs_seamless (%),relativehumidity_2m_member07_ncep_gefs_seamless (%),relativehumidity_2m_member08_ncep_gefs_seamless (%),relativehumidity_2m_member09_ncep_gefs_seamless (%),relativehumidity_2m_member10_ncep_gefs_seamless (%),relativehumidity_2m_member11_ncep_gefs_seamless (%),relativehumidity_2m_member12_ncep_gefs_seamless (%),relativehumidity_2m_member13_ncep_gefs_seamless (%),relativehumidity_2m_member14_ncep_gefs_seamless (%),relativehumidity_2m_member15_ncep_gefs_seamless (%),relativehumidity_2m_member16_ncep_gefs_seamless (%),relativehumidity_2m_member17_ncep_gefs_seamless (%),relativehumidity_2m_member18_ncep_gefs_seamless (%),relativehumidity_2m_member19_ncep_gefs_seamless (%),relativehumidity_2m_member20_ncep_gefs_seamless (%),relativehumidity_2m_member21_ncep_gefs_seamless (%),relativehumidity_2m_member22_ncep_gefs_seamless (%),relativehumidity_2m_member23_ncep_gefs_seamless (%),relativehumidity_2m_member24_ncep_gefs_seamless (%),relativehumidity_2m_member25_ncep_gefs_seamless (%),relativehumidity_2m_member26_ncep_gefs_seamless (%),relativehumidity_2m_member27_ncep_gefs_seamless (%),relativehumidity_2m_member28_ncep_gefs_seamless (%),relativehumidity_2m_member29_ncep_gefs_seamless (%),relativehumidity_2m_member30_ncep_gefs_seamless (%),rain_ncep_gefs_seamless (mm),rain_member01_ncep_gefs_seamless (mm),rain_member02_ncep_gefs_seamless (mm),rain_member03_ncep_gefs_seamless (mm),rain_member04_ncep_gefs_seamless (mm),rain_member05_ncep_gefs_seamless (mm),rain_member06_ncep_gefs_seamless (mm),rain_member07_ncep_gefs_seamless (mm),rain_member08_ncep_gefs_seamless (mm),rain_member09_ncep_gefs_seamless (mm),rain_member10_ncep_gefs_seamless (mm),rain_member11_ncep_gefs_seamless (mm),rain_member12_ncep_gefs_seamless (mm),rain_member13_ncep_gefs_seamless (mm),rain_member14_ncep_gefs_seamless (mm),rain_member15_ncep_gefs_seamless (mm),rain_member16_ncep_gefs_seamless (mm),rain_member17_ncep_gefs_seamless (mm),rain_member18_ncep_gefs_seamless (mm),rain_member19_ncep_gefs_seamless (mm),rain_member20_ncep_gefs_seamless (mm),rain_member21_ncep_gefs_seamless (mm),rain_member22_ncep_gefs_seamless (mm),rain_member23_ncep_gefs_seamless (mm),rain_member24_ncep_gefs_seamless (mm),rain_member25_ncep_gefs_seamless (mm),rain_member26_ncep_gefs_seamless (mm),rain_member27_ncep_gefs_seamless (mm),rain_member28_ncep_gefs_seamless (mm),rain_member29_ncep_gefs_seamless (mm),rain_member30_ncep_gefs_seamless (mm),windspeed_10m_ncep_gefs_seamless (km/h),windspeed_10m_member01_ncep_gefs_seamless (km/h),windspeed_10m_member02_ncep_gefs_seamless (km/h),windspeed_10m_member03_ncep_gefs_seamless (km/h),windspeed_10m_member04_ncep_gefs_seamless (km/h),windspeed_10m_member05_ncep_gefs_seamless (km/h),windspeed_10m_member06_ncep_gefs_seamless (km/h),windspeed_10m_member07_ncep_gefs_seamless (km/h),windspeed_10m_member08_ncep_gefs_seamless (km/h),windspeed_10m_member09_ncep_gefs_seamless (km/h),windspeed_10m_member10_ncep_gefs_seamless (km/h),windspeed_10m_member11_ncep_gefs_seamless (km/h),windspeed_10m_member12_ncep_gefs_seamless (km/h),windspeed_10m_member13_ncep_gefs_seamless (km/h),windspeed_10m_member14_ncep_gefs_seamless (km/h),windspeed_10m_member15_ncep_gefs_seamless (km/h),windspeed_10m_member16_ncep_gefs_seamless (km/h),windspeed_10m_member17_ncep_gefs_seamless (km/h),windspeed_10m_member18_ncep_gefs_seamless (km/h),windspeed_10m_member19_ncep_gefs_seamless (km/h),windspeed_10m_member20_ncep_gefs_seamless (km/h),windspeed_10m_member21_ncep_gefs_seamless (km/h),windspeed_10m_member22_ncep_gefs_seamless (km/h),windspeed_10m_member23_ncep_gefs_seamless (km/h),windspeed_10m_member24_ncep_gefs_seamless (km/h),windspeed_10m_member25_ncep_gefs_seamless (km/h),windspeed_10m_member26_ncep_gefs_seamless (km/h),windspeed_10m_member27_ncep_gefs_seamless (km/h),windspeed_10m_member28_ncep_gefs_seamless (km/h),windspeed_10m_member29_ncep_gefs_seamless (km/h),windspeed_10m_member30_ncep_gefs_seamless (km/h),windgusts_10m_ncep_gefs_seamless (km/h),windgusts_10m_member01_ncep_gefs_seamless (km/h),windgusts_10m_member02_ncep_gefs_seamless (km/h),windgusts_10m_member03_ncep_gefs_seamless (km/h),windgusts_10m_member04_ncep_gefs_seamless (km/h),windgusts_10m_member05_ncep_gefs_seamless (km/h),windgusts_10m_member06_ncep_gefs_seamless (km/h),windgusts_10m_member07_ncep_gefs_seamless (km/h),windgusts_10m_member08_ncep_gefs_seamless (km/h),windgusts_10m_member09_ncep_gefs_seamless (km/h),windgusts_10m_member10_ncep_gefs_seamless (km/h),windgusts_10m_member11_ncep_gefs_seamless (km/h),windgusts_10m_member12_ncep_gefs_seamless (km/h),windgusts_10m_member13_ncep_gefs_seamless (km/h),windgusts_10m_member14_ncep_gefs_seamless (km/h),windgusts_10m_member15_ncep_gefs_seamless (km/h),windgusts_10m_member16_ncep_gefs_seamless (km/h),windgusts_10m_member17_ncep_gefs_seamless (km/h),windgusts_10m_member18_ncep_gefs_seamless (km/h),windgusts_10m_member19_ncep_gefs_seamless (km/h),windgusts_10m_member20_ncep_gefs_seamless (km/h),windgusts_10m_member21_ncep_gefs_seamless (km/h),windgusts_10m_member22_ncep_gefs_seamless (km/h),windgusts_10m_member23_ncep_gefs_seamless (km/h),windgusts_10m_member24_ncep_gefs_seamless (km/h),windgusts_10m_member25_ncep_gefs_seamless (km/h),windgusts_10m_member26_ncep_gefs_seamless (km/h),windgusts_10m_member27_ncep_gefs_seamless (km/h),windgusts_10m_member28_ncep_gefs_seamless (km/h),windgusts_10m_member29_ncep_gefs_seamless (km/h),windgusts_10m_member30_ncep_gefs_seamless (km/h),temperature_2m_ecmwf_ifs04 (°C),relativehumidity_2m_ecmwf_ifs04 (%),rain_ecmwf_ifs04 (mm),windspeed_10m_ecmwf_ifs04 (km/h),windgusts_10m_ecmwf_ifs04 (undefined),latitude,longitude
2026-08-31T00:00,27.7,27.5,27.6,27.5,27,28.8,27,26.7,27,27.3,27.6,27.2,27,27.4,26,27.2,27.1,27.2,27.4,27.6,27.4,27.3,26.9,27,27.3,26.8,26.5,27.4,26.6,26.8,27.1,27.3,27.1,26.9,27.4,27.5,27.1,27.5,26.3,26.3,89,90,94,90,93,84,90,95,91,94,89,91,93,91,94,86,90,87,89,88,88,90,85,91,87,92,93,91,94,92,92,89,79,91,89,90,90,94,92,92,0,0,0,0.1,0.4,0,0.2,0.3,0.1,0.2,0,0.1,0.4,0.1,0.8,0,0.1,0.2,0,0,0,0,0,0,0,0.7,0.3,0.1,0.6,0.2,0,0.1,0,0.5,0,0.1,0,0.6,1.3,0.1,5.6,9.7,5.9,4.7,6.2,5,3.3,7.5,8.4,4.7,8.4,8.5,5,8.7,6.8,10.4,4.8,7.1,3.6,5.8,7.3,4.3,7.7,7.6,8.3,4.6,3.3,6.5,7.4,4.5,7,7.6,10.7,5.4,7.3,7,4.3,3.1,6.8,6.8,,,,,,,,,,,,,,,,,,,,,,,,,,,,,,,,,,,,,,,,,27.7,27.8,27.4,27.7,27.9,27.8,27.4,27.9,28,27.4,26.7,28,27.6,27.7,27.7,27.9,27.5,27.8,27.8,27.6,27.6,27.6,27.5,27.7,27.7,27.7,28,27.8,27.3,27.7,27.7,82,80,85,81,82,82,82,82,82,83,82,79,80,81,83,83,84,81,83,83,85,84,80,85,81,81,81,83,86,81,83,0.1,0.2,0.2,0.1,0.1,0.3,0.1,0.2,0.1,0,0,0.1,0,0.4,0.2,0.3,0.3,0.2,0.5,0.1,0.9,0.8,0,1.2,0.2,0,0.2,0.3,0.5,0.7,0.6,8.4,17.2,7.6,11.4,11.4,10.3,6.5,15.9,12.5,9.2,9.5,13.1,6.5,11.2,7.6,9.4,3.9,3,9.6,9.8,4.8,11.4,8.4,8.5,11.3,5.4,7.5,8.2,4.8,12.1,8.5,9.4,19.4,8.6,15.1,13.7,11.9,7.9,19.4,15.5,10.8,10.8,16.2,7.2,14,8.6,10.4,6.5,4.7,10.4,10.8,6.8,13,9.7,9.4,14,5.4,8.6,10.4,6.5,13.3,10.8,,,,,,22.2204,114.2127
2026-08-31T01:00,27.4,27.2,27.5,27.2,27.1,28.8,26.9,26.7,26.8,27.2,27.5,26.9,27,27.2,26,27.2,26.8,27.1,27.2,27.4,27.2,27.1,26.6,26.7,27,26.3,26.5,27.2,26.7,26.8,27.1,27,26.8,26.8,27.2,27.2,27,27.4,26.2,26.2,90,90,92,90,90,81,90,94,91,95,90,90,92,91,93,86,90,86,90,89,89,90,87,91,87,92,93,91,94,92,90,89,81,91,90,90,90,94,93,93,0,0,0,0.1,0,0,0,0,0,0.1,0,0,0.3,0,0.1,0,0.1,0,0,0,0,0,0,0,0,0.8,0.1,0,0.1,0,0,0,0,0.3,0,0,0.2,0.5,0.6,0,4.3,9.3,5.8,4,6.9,6.1,4.1,7.4,6.5,4.3,7.7,7.8,4.2,7.3,6.9,7.7,4,5.7,4,4.6,6.2,4.3,8.2,6.5,7.6,3.1,3.7,5.7,7.3,4.7,7.7,6.5,6.8,4.5,7.4,6.3,4.8,3.3,7,6.5,,,,,,,,,,,,,,,,,,,,,,,,,,,,,,,,,,,,,,,,,27.6,27.8,27.2,27.5,27.7,27.7,27.4,27.7,27.7,27.3,26.5,28.1,27.5,27.7,26.7,27.8,27.6,27.6,27.9,27.7,27.6,27.2,27.4,27.9,27.3,27.7,28,27.9,27.3,26.9,27.7,82,80,83,83,81,80,82,83,83,86,86,78,80,81,83,83,81,81,82,81,81,84,81,82,83,82,80,83,84,84,82,0.1,0.2,0.2,0.1,0.1,0.3,0.1,0.2,0.1,0,0,0.1,0,0.4,0.2,0.3,0.3,0.2,0.5,0.1,0.9,0.8,0,1.2,0.2,0,0.2,0.3,0.5,0.7,0.6,8,14.8,11.2,11,9.7,7.8,10.7,14.2,9,10.9,13.5,9.8,4,9.1,12.5,8.9,2.9,5.7,8.2,7,4.1,16.4,6.4,9.2,8.6,6.5,8.6,9.4,0.5,14,7.9,9,16.6,11.9,14,11.2,9.4,11.5,16.2,11.2,12.6,14,11.9,5,11.9,13.3,9,5,6.8,9,8.3,6.8,17.6,7.2,9.7,10.1,6.5,9.4,11.5,5.4,15.1,9.7,,,,,,22.2204,114.2127
2026-08-31T02:00,27.3,27,27.2,26.9,27.1,28.6,26.9,26.7,26.6,27.1,27.3,26.6,26.8,27.1,25.9,27,26.7,27.1,27.1,27.1,27,26.9,26.4,26.5,26.8,26.2,26.4,27.1,26.6,26.7,27,26.8,26.5,26.7,27,27,26.9,27.3,26.3,26.2,90,90,92,92,89,80,90,93,90,94,90,90,92,92,92,86,91,86,89,89,90,92,88,91,87,92,93,91,92,92,89,90,85,91,90,91,89,94,92,93,0,0,0.1,0.1,0,0,0,0,0.2,0,0,0,0.8,0,0,0,0,0,0,0,0,0,0,0,0,0.2,0,0,0,0,0,0,0,0,0,0,0.1,0.2,0.3,0.1,3.9,8,4.7,4,7.4,6.4,3.7,7.7,6.5,4.7,7.5,6.9,4.2,7.3,8,7.2,3.2,6.1,5.4,4.5,6.2,3.2,8.7,5.8,7.7,2.7,3.5,4.7,8.7,4.6,7,7.6,7.1,5.2,7.2,6.4,4.2,3.9,7.6,6.1,,,,,,,,,,,,,,,,,,,,,,,,,,,,,,,,,,,,,,,,,27.4,27.6,27.1,27.3,27.4,27.6,27.3,27.5,27.4,27.1,26.3,28,27.4,27.7,25.9,27.7,27.6,27.4,27.9,27.7,27.6,26.8,27.3,27.9,27,27.6,27.9,27.8,27.2,26.4,27.6,82,81,82,85,81,79,83,84,84,87,89,78,80,81,83,83,80,81,82,80,78,83,81,80,84,83,80,84,82,86,81,0.1,0.2,0.2,0.1,0.1,0.3,0.1,0.2,0.1,0,0,0.1,0,0.4,0.2,0.3,0.3,0.2,0.5,0.1,0.9,0.8,0,1.2,0.2,0,0.2,0.3,0.5,0.7,0.6,8.3,12.8,13.4,13,8.4,6.5,13.5,13,6.4,12.4,15.8,7.9,2,9,15.4,8.1,4.3,8,7.3,5.4,5.6,19.4,5.4,10,6.6,7.4,8.8,11.4,3.8,14.5,7.9,8.6,14,14,13.7,9.7,7.2,14,14,7.9,13.3,15.8,9.4,4,10.4,15.8,8.3,4.7,8.3,7.9,6.1,7.2,20.2,5.4,10.4,6.8,7.9,10.1,12.2,5,15.5,9,,,,,,22.2204,114.2127
2026-08-31T03:00,27.2,26.8,27,26.8,26.9,28.3,26.8,26.6,26.4,26.9,27.3,26.4,26.7,26.8,25.9,26.9,26.5,27.1,27.1,26.9,26.9,26.9,26.4,26.2,26.7,26.2,26.4,26.8,26.4,26.7,26.8,26.7,26.4,26.6,26.8,26.7,26.7,27.2,26.3,26.1,91,91,92,92,89,81,90,93,90,94,90,91,91,92,92,87,92,85,89,90,91,92,89,92,87,92,93,91,91,91,89,89,88,91,91,90,89,93,92,92,0,0,0,0.2,0,0,0,0,0.3,0,0,0,0.5,0.1,0,0,0,0,0,0,0,0.1,0,0,0,0,0,0,0,0,0,0,0,0,0,0,0.5,0,0,0.1,4.3,8.7,5.4,4.7,7.4,6.6,4,8.6,7.3,5.2,8,7.7,4,8.1,8.4,7.1,4,7.1,5.4,6.2,5.8,3.5,9.3,4.7,7.9,3.4,4.2,4.7,9,5.4,6.8,8,8,5.9,6.8,7.4,5.4,4.8,8.2,6.5,,,,,,,,,,,,,,,,,,,,,,,,,,,,,,,,,,,,,,,,,27.3,27.4,27,27,27.1,27.4,27,27.2,27.3,27.1,26.2,27.6,27.3,27.7,25.5,27.6,27.5,27.3,27.8,27.7,27.3,26.6,27.2,27.9,26.9,27.5,27.6,27.7,27.2,26.3,27.5,82,82,82,87,83,79,85,84,84,86,89,80,81,81,84,83,80,81,82,79,79,82,81,80,84,83,81,84,82,86,81,0.2,0.3,0,2,0.6,0.3,0.2,0.4,0.6,0.9,0.2,0.9,0.6,0.4,0.4,0.2,1.4,0.3,0.2,0,0.4,0,0,0.2,0.1,0.2,0.3,0.4,0.7,0.2,0.4,8.8,11.4,13.2,14.5,8.4,6.5,13.8,12.5,5.7,12.6,14.3,9.3,3.1,8.7,13.5,8.1,4.8,9.1,7.6,5.4,6.8,17.4,5.1,9.9,5.4,8.7,8.3,11.6,6.6,12.9,8.2,9,12.6,13.7,14.4,10.1,6.8,14.4,13.7,6.5,13,14.8,10.8,5,9.7,14.8,8.6,5,9.4,7.9,5.4,7.6,19.1,4.7,11.2,5,10.4,10.1,11.9,6.5,14,8.6,,,,,,22.2204,114.2127
2026-08-31T04:00,27,26.7,26.8,26.7,26.8,28.2,26.7,26.6,26.4,26.8,27.2,26.2,26.7,26.7,26,26.8,26.5,27,27,26.7,26.9,26.8,26.4,26.1,26.5,26.2,26.4,26.7,26.2,26.5,26.8,26.6,26.5,26.4,26.7,26.6,26.9,27.2,26.4,26.1,91,92,92,92,89,81,90,93,90,94,90,91,91,91,92,88,91,84,89,90,91,91,88,93,87,91,93,92,91,90,89,88,90,91,91,90,88,92,92,92,0,0,0,0.1,0,0,0,0,0,0,0,0,0,0.1,0,0,0,0,0,0,0,2.7,0,0,0,0.2,0,0,0,0,0,0,0,1,0,0,0,0,0,0.1,4.8,8.2,5.4,4.7,8.1,6.6,4.7,8.7,8,5.5,8,7.9,4.8,9,8,7.8,4.7,7,5.4,7.7,6,5.2,9,4.1,9,4.1,4.2,4.9,8.4,5.2,8.3,7.4,6.7,5.4,7.5,8.2,5.6,4.6,8.8,6.5,,,,,,,,,,,,,,,,,,,,,,,,,,,,,,,,,,,,,,,,,27.2,27.1,26.9,26.7,26.8,27.2,26.5,26.9,27.2,27,26.1,27,27.2,27.6,25.2,27.5,27.3,27.3,27.6,27.7,27,26.5,27.2,27.7,26.9,27.3,27.2,27.5,27.2,26.5,27.5,83,83,82,89,85,80,87,84,83,85,87,83,81,81,86,83,81,82,81,79,81,80,81,81,84,83,84,85,83,85,81,0.2,0.3,0,2,0.6,0.3,0.2,0.4,0.6,0.9,0.2,0.9,0.6,0.4,0.4,0.2,1.4,0.3,0.2,0,0.4,0,0,0.2,0.1,0.2,0.3,0.4,0.7,0.2,0.4,9.3,10.1,11.6,15.3,9.4,7.2,12.6,12.6,5.7,11.4,11.1,12.2,6.4,8,10.5,9.1,5.5,9.4,8.4,5.6,7.4,13.5,4.7,10.5,4.3,11.4,8.7,10.7,8.7,10.8,8.5,10.1,11.5,11.9,15.8,10.8,7.6,13.3,14.4,6.1,11.5,11.9,13.7,7.2,9,12.2,9.7,6.1,9.7,8.6,5,8.3,16.2,4.3,11.9,4.3,13,9.7,11.5,9,11.5,8.3,,,,,,22.2204,114.2127
2026-08-31T05:00,27,26.7,26.7,26.6,26.7,28,26.6,26.6,26.3,26.8,27.2,26.1,26.7,26.8,26.1,26.7,26.5,27,26.9,26.6,26.8,26.8,26.5,26,26.5,26.2,26.5,26.6,26.1,26.5,26.8,26.6,26.6,26.3,26.6,26.5,26.9,27.1,26.3,26.1,91,92,92,91,89,81,90,92,90,94,90,90,90,90,91,89,91,84,89,89,91,89,88,93,87,91,92,91,91,91,89,88,92,91,91,90,87,92,91,92,0,0,0,0,0,0,0,0,0,0,0,0,0,0,0,0,0,0,0,0,0,2,0,0,0,0,0,0,0,0,0,0,0,1.1,0,0,0,0,0,0.2,5.9,8,4.7,5.2,9.4,7,4.9,9.1,8.3,5.8,7.6,8.7,5.2,9.2,7.6,8,4.3,7.4,5.9,7.9,6.3,6,8.4,4.8,9.1,5.1,4.4,5.1,8.7,5.3,7.8,7.6,8,5.2,8.1,7.8,6.3,4.3,9.1,6.5,,,,,,,,,,,,,,,,,,,,,,,,,,,,,,,,,,,,,,,,,27,26.7,26.8,26.4,26.5,27.1,26.2,26.5,27.2,26.9,26,26.4,27.1,27.5,25,27.4,27.1,27.3,27.5,27.6,26.8,26.5,27.2,27.4,27,27.2,26.9,27.3,27.1,26.6,27.4,83,85,82,90,87,81,89,84,82,84,86,85,82,81,87,83,83,82,81,80,83,79,81,82,83,82,86,85,84,84,81,0.2,0.3,0,2,0.6,0.3,0.2,0.4,0.6,0.9,0.2,0.9,0.6,0.4,0.4,0.2,1.4,0.3,0.2,0,0.4,0,0,0.2,0.1,0.2,0.3,0.4,0.7,0.2,0.4,10.5,9.4,10.6,14.7,10.9,7.6,11.5,13,6.3,10,9,14,8.9,8.8,8.9,10.1,8,9,9,5.8,7.9,12,5.1,12,4,13,9.3,10.8,10.8,9.5,8.7,11.5,11.2,11.2,16.2,11.9,7.9,12.2,14.8,6.5,10.4,9.7,15.5,9.4,9.4,10.1,10.8,8.6,9.7,9.4,5.8,8.6,14,5,13.3,4,14.4,9.7,11.5,11.5,9.7,9,,,,,,22.2204,114.2127
2026-08-31T06:00,26.9,26.6,26.6,26.6,26.5,27.9,26.7,26.6,26.3,26.7,27.1,26.1,26.7,26.7,26.1,26.7,26.5,26.9,26.8,26.6,26.8,26.8,26.5,25.9,26.4,26.3,26.5,26.5,26.1,26.5,26.7,26.6,26.7,26.3,26.5,26.4,27,27,26.3,26.2,91,93,93,91,89,81,90,92,90,94,90,89,90,90,91,88,91,84,89,89,90,88,88,93,88,91,92,91,91,90,89,87,93,91,91,91,87,93,91,92,0,0,0,0,0,0,0,0,0,0,0,0,0,0,0,0,0,0,0,0,0,0.7,0,0,0.1,0,0,0,0,0,0.2,0,0,0.3,0,0,0,0,0,0,6.6,7.9,4.5,4.7,9.2,7.4,5.4,8.6,7.9,5.8,7.7,9.2,5.6,8.5,7.4,8.7,3.6,7.4,5.5,7.2,5.6,5.7,7.6,4.8,8.7,6.4,4,4.9,9.1,5.6,7.4,8.9,7.5,5.5,7.6,7.7,6,4.7,8.9,7.6,,,,,,,,,,,,,,,,,,,,,,,,,,,,,,,,,,,,,,,,,26.7,26.4,26.5,26.1,26.1,27.1,26,26.2,27.4,26.6,25.9,25.9,26.8,27.5,24.8,27.3,26.7,27.3,27.4,27.2,26.8,26.4,27,26.9,27.1,27,26.5,27.1,26.6,26.6,27,84,87,83,90,89,80,90,85,81,85,85,87,82,80,87,82,85,81,80,82,83,80,82,85,82,82,88,85,86,84,83,0.3,1.1,0.3,0.9,2.3,0.1,1.8,0.8,0.4,0.8,0.2,1.8,0.4,0.3,0.5,0.2,0.7,0.1,0.2,0.2,0.7,0.3,0.6,1.2,0.3,0.1,1.4,0.5,0.8,0.3,1.3,12.7,10.1,11.6,11.8,11.5,7.9,10.9,13.4,7.6,8.2,8.7,13.1,10.7,10.5,8.9,10.9,13,7.2,9.7,7.2,7.9,12.7,7.3,13.8,4.7,11.8,10.1,12.8,13.2,9.7,10.3,14,11.9,13,13.7,12.6,8.3,11.9,14.8,7.9,9.4,9.4,14.4,10.8,11.2,9.4,11.5,13.7,8.3,10.4,8.3,9,14,7.6,15.8,4.7,12.6,10.1,13.7,14.4,10.1,11.2,,,,,,22.2204,114.2127
2026-08-31T07:00,27,26.8,26.7,26.8,26.6,27.9,26.9,26.7,26.5,26.8,27.3,26.2,26.9,26.9,26.3,26.8,26.7,27,27,26.7,27.1,26.9,26.6,26,26.4,26.6,26.7,26.7,26.3,26.6,26.7,26.7,27,26.5,26.7,26.6,27.1,27.3,26.5,26.4,90,92,92,91,89,81,89,92,90,93,89,89,89,90,90,87,90,85,88,89,89,87,87,93,88,90,91,89,90,90,89,87,92,90,90,90,87,91,90,91,0,0,0,0,0,0,0,0,0,0,0,0,0,0,0,0,0,0,0,0,0,0,0,0,0,0,0,0,0,0,0.5,0,0,0,0,0,0,0,0,0,6.4,7.3,4.5,4.7,8.1,7.4,4.8,8.4,7.4,4.8,7.9,8.8,5.7,8.4,7.7,9.1,3.7,7.9,6,8.2,5.6,6,7.4,4.8,8.2,6.9,4.3,4.7,8.7,5.8,7.3,8.5,6.6,5.8,7.4,7.1,6,5.1,8.9,8.3,,,,,,,,,,,,,,,,,,,,,,,,,,,,,,,,,,,,,,,,,26.4,26,26.2,25.9,25.7,27.2,25.8,25.8,27.6,26.1,25.9,25.5,26.4,27.5,24.8,27.3,26.3,27.3,27.4,26.8,27,26.3,26.9,26.2,27.3,26.8,26,26.8,26.1,26.6,26.4,84,89,85,88,90,79,91,86,79,88,84,88,82,78,86,81,87,80,79,85,81,82,83,89,81,81,90,86,88,83,85,0.3,1.1,0.3,0.9,2.3,0.1,1.8,0.8,0.4,0.8,0.2,1.8,0.4,0.3,0.5,0.2,0.7,0.1,0.2,0.2,0.7,0.3,0.6,1.2,0.3,0.1,1.4,0.5,0.8,0.3,1.3,15.5,11.2,14.2,8,11.9,7.9,10.4,13.8,9.4,7,8.7,11.2,11.3,12.8,8.6,11.2,19.3,4.6,10.9,10.8,8,13.4,10.1,15.9,6,8.9,10.6,15.4,16,10.4,12.9,16.6,13.3,15.8,10.4,13.3,8.6,11.2,14.8,9.7,8.3,9.4,12.2,11.9,13.7,9,12.2,19.8,6.1,11.5,11.5,9.4,14.8,11.2,19.1,5.8,9.4,10.4,16.2,17.3,11.2,14,,,,,,22.2204,114.2127
2026-08-31T08:00,27.3,27.3,27,27.1,26.9,28.3,27.5,27.2,26.8,27.2,27.8,26.6,26.8,27.2,26.9,27.4,27.2,27.2,27.6,27.1,27.6,27.1,27.2,26.4,26.8,27.1,27.3,27.2,26.7,26.9,27,26.9,27.6,27.1,27.3,27,27.3,27.9,27.1,26.6,88,90,91,89,88,79,87,89,88,92,86,88,89,88,88,85,87,83,85,87,86,85,85,91,87,88,89,86,88,89,87,86,88,87,88,88,86,87,86,88,0,0,0,0,0,0,0,0,0,0,0,0,0.8,0,0,0,0,0,0,0,0,0,0,0,0,0,0,0,0,0,0.1,0.3,0,0,0,0,0.3,0,0,0,5.8,6.9,6,4,9.2,7.9,4.1,8.9,8.1,4.3,8.7,7.7,5.2,8.9,8.2,9.3,5.5,8.4,6.2,7.9,6.9,6.7,7.1,5.2,7.9,6.8,4.3,4.6,8.7,5.8,7.9,7.8,7.4,6.8,7.1,7.6,6,5.4,8.9,8.3,,,,,,,,,,,,,,,,,,,,,,,,,,,,,,,,,,,,,,,,,26.1,25.7,26.1,25.8,25.5,27.3,25.8,25.6,27.7,25.8,26.1,25.2,26.2,27.4,24.8,27.3,25.9,27.4,27.5,26.5,27.2,26.3,26.8,25.9,27.4,26.8,25.8,26.5,25.8,26.6,26.2,85,90,86,87,90,78,91,87,78,89,83,88,82,77,85,79,89,78,78,86,80,83,83,90,80,80,91,86,89,83,85,0.3,1.1,0.3,0.9,2.3,0.1,1.8,0.8,0.4,0.8,0.2,1.8,0.4,0.3,0.5,0.2,0.7,0.1,0.2,0.2,0.7,0.3,0.6,1.2,0.3,0.1,1.4,0.5,0.8,0.3,1.3,16.8,11.7,15.5,5.9,11.7,7.4,9.4,13.4,10.5,6.6,8.6,8.6,11.5,13.6,8.7,11.4,22.1,1.9,11.4,12.6,8.9,13.7,12.1,16.6,7.3,6.4,10.2,16.1,17,10.9,13.7,18,14,17.3,8.6,13.3,8.3,10.4,14.4,11.2,7.6,9.4,10.1,12.6,15.1,9,12.2,23,4.7,12.2,13.3,9.7,15.1,13.3,20.5,7.2,7.2,10.8,17.6,18.7,11.9,15.5,,,,,,22.2204,114.2127
2026-08-31T09:00,27.8,28.3,27.6,27.7,27.2,28.8,28.2,27.7,27.5,27.9,28.5,27.3,26.6,27.7,27.7,27.9,27.9,27.5,28.2,28,28,27.8,27.6,27.2,27.2,27.2,28.2,27.7,27.1,27.5,27.4,27.4,28.5,27.6,28.2,27.7,27.2,28.8,27.9,26.8,86,85,88,86,87,77,84,87,86,89,82,85,91,85,84,82,83,82,82,83,84,82,84,88,86,87,83,83,86,86,85,84,83,85,85,85,87,82,83,87,0,0,0.2,0,0,0,0,0,0,0,0,0,1.8,0,0,0,0,0,0,0,0.1,0,0,0,0.1,0.3,0,0,0,0,0.1,0.4,0,0,0,0,0.8,0,0,0.4,6.6,5,6.9,4.7,10.4,8.1,4.8,9.3,8.8,4.4,8.8,7.4,4.7,9,8.5,8.7,5.9,7.4,6.9,9.2,7.2,7.2,6.1,5,7,7.9,5.1,5.1,9.1,5.7,8.9,7.7,8.6,6.2,7.2,8.3,6.2,4.4,9.3,8.4,,,,,,,,,,,,,,,,,,,,,,,,,,,,,,,,,,,,,,,,,25.8,25.4,26.1,25.9,25.7,27.4,25.8,25.7,27.3,25.8,26.7,25.3,26,27,24.9,27.5,25.6,27.7,27.6,26.5,27.5,26.2,27,26.1,27.7,27,25.7,26.2,25.9,26.7,26.4,86,91,85,86,89,77,90,87,79,89,80,87,82,78,84,77,90,76,78,84,79,84,82,87,78,78,90,86,87,82,81,1,3.1,1,0.6,0.6,0,0.7,1.3,0.8,0.6,0,1,0.1,0.6,0.5,0.1,2.2,0.2,0.1,0.1,1,0.9,0.2,0.7,0.1,0.1,1,0.7,0.2,0.4,0.4,15.1,10.5,14.1,8.4,10.4,6,8.2,12.1,10.9,6,8.3,6.3,10.5,12.3,8.7,10.7,19.7,0.5,11.7,11.5,10.1,12.8,11.7,14.3,8.6,4.4,9,13.4,15.7,10.2,11.5,16.9,13.7,16.6,10.8,11.2,7.2,9.4,13.7,11.5,6.5,9,7.6,11.9,14,9,11.9,20.9,4.3,12.6,12.2,10.8,14,13.3,18.7,8.6,7.2,10.1,15.8,17.6,11.2,13.7,,,,,,22.2204,114.2127
2026-08-31T10:00,28.5,29.4,28.3,28.2,27,29.4,28.3,28.1,28.3,28.9,29,28.4,26.6,28.1,28.2,27.9,28.9,26.9,28.6,28.9,27.9,28.5,28,28.1,27.6,27.1,28.8,28.8,27.1,28,27.8,28,28.7,28,28.8,28.4,27.8,29.2,28.6,26.4,84,80,85,83,88,74,83,85,83,84,80,82,91,83,82,82,78,86,80,79,83,79,83,82,84,88,80,79,87,83,84,82,82,82,82,82,84,81,79,90,0,0,0.5,0.2,0.5,0,0.9,0,0,0,0.2,0,1.2,0,0.1,0.1,0,0.5,0.2,0,1,0,0,0,0.2,0.8,0,0,0.1,0,0.3,0.1,0.1,0,0,0,0,0.2,0,0.7,6.8,3.5,7,5.2,8.6,11.9,4.8,10.2,9.3,2.3,8.6,6.5,3.4,8.9,8.3,10.4,7.3,7.9,8,9.3,7.6,8,7.1,4.5,8.3,7,3.7,5,8.5,5.4,8.4,8.5,9.2,6.2,7.8,10.2,7.4,5.4,11.5,9.5,,,,,,,,,,,,,,,,,,,,,,,,,,,,,,,,,,,,,,,,,25.6,25.2,26.2,26.1,26.1,27.6,26,26,26.8,26,27.5,25.5,25.9,26.5,25.1,27.7,25.3,28.1,27.8,26.7,27.8,26.2,27.3,26.7,27.9,27.3,25.8,26,26.3,26.8,26.9,87,92,84,84,87,76,88,86,80,87,77,84,82,81,84,74,90,73,78,81,77,85,79,82,76,76,87,85,85,82,76,1,3.1,1,0.6,0.6,0,0.7,1.3,0.8,0.6,0,1,0.1,0.6,0.5,0.1,2.2,0.2,0.1,0.1,1,0.9,0.2,0.7,0.1,0.1,1,0.7,0.2,0.4,0.4,12.8,9.7,12,12.8,8.8,4.4,7.3,11.2,10.6,4.7,7.9,3.9,9.1,9.8,8.4,9.7,14,2.5,12.2,9,11.2,11.5,10.8,11.6,9.5,6,8.2,9.7,13,9.7,8.2,14.4,12.6,14.4,14.4,8.6,5.8,7.6,12.6,11.2,5.4,8.6,5.4,10.8,11.5,9,10.8,15.8,4.3,12.6,10.1,11.9,12.2,12.6,15.5,10.1,7.9,9,12.2,15.5,9.7,10.1,,,,,,22.2204,114.2127
2026-08-31T11:00,28.9,30.5,29.2,29,26.5,30,27.9,28.5,29,29.4,29.6,29.7,26.8,28.8,28.1,27.6,29.6,27,29.2,29.5,27.9,29,28.8,29.2,28.3,26.9,28.6,29.6,27.1,28.5,27.8,29.2,28.6,28.1,28.5,29,28.6,28.2,28.9,26.3,81,75,81,81,89,73,86,82,79,80,77,75,89,79,81,83,74,87,77,77,83,77,80,77,81,89,79,75,87,80,83,76,84,82,82,78,80,86,78,91,0,0,0.4,0,1.2,0,2.4,0,0,0,0.2,0,0.1,0.2,0,0.4,0,0.2,0.3,0.1,0.8,0,0,0,0,0.9,0.2,0,0.2,0,0.3,0,0.8,0,0,0,0,1.9,0.2,1.3,8.4,5.9,7.6,4.9,5.5,13.6,3.5,10.4,11.2,1.8,9.7,5.2,3.8,13.3,9.2,10.2,10,6.4,10.5,9.1,7.2,10.8,6.9,5.5,9.4,6.2,3.8,4.1,7.6,5.4,7.1,13.1,10.9,6.3,9.7,14.3,7.8,5.5,13.2,8.6,,,,,,,,,,,,,,,,,,,,,,,,,,,,,,,,,,,,,,,,,25.7,25.3,26.5,26.6,26.5,27.8,26.3,26.4,26.6,26.3,28.2,26,26,26.2,25.3,27.9,25.2,28.2,28,26.9,28.1,26.4,27.7,27.2,28.1,27.5,26.1,25.9,26.7,26.9,27.5,86,91,82,82,85,75,85,85,81,86,75,82,81,82,83,72,89,72,78,78,76,85,77,78,75,75,85,84,82,81,72,1,3.1,1,0.6,0.6,0,0.7,1.3,0.8,0.6,0,1,0.1,0.6,0.5,0.1,2.2,0.2,0.1,0.1,1,0.9,0.2,0.7,0.1,0.1,1,0.7,0.2,0.4,0.4,10.9,10.1,11.1,15.5,6.4,3,6.1,10.8,9.5,4.1,6.5,1.6,8.4,8.2,7.7,9,9.1,4.7,11,7.5,11.5,9.2,9.7,10.2,10,7.1,8.7,8.6,10.7,7.9,6.6,12.2,12.2,12.6,16.9,8.6,4.7,6.5,11.5,10.4,5.8,7.9,4.3,9.7,10.1,8.3,10.1,11.2,5,11.9,8.3,12.2,10.4,11.2,13,10.8,8.3,9,10.1,12.6,8.6,7.6,,,,,,22.2204,114.2127
2026-08-31T12:00,29.4,31.2,29.9,29.4,27.2,30,27.8,29.3,29.6,30.1,30.4,30.2,27.4,29.2,28.1,27.8,29.7,28.2,29.9,30.2,28.4,29.9,30,30,29.2,27.1,28.4,30.5,27.3,28.7,27.8,29.8,28.2,28.8,28.2,29.3,29.1,27.9,29.5,26.6,78,72,77,80,85,74,88,79,77,75,74,73,87,78,82,83,73,83,75,75,80,73,75,73,78,88,80,72,87,79,83,74,86,80,84,78,79,88,76,89,0.4,0.1,0.8,0.1,0,0.3,2.7,0,0.1,0,0.1,0.1,0.2,0.8,0,0.1,0,0,0.6,0.3,0,0,0,0,0,0.4,0.5,0,0.1,0,0.2,0.3,3.4,0,0.1,0,0.4,2.5,0.4,0,10.8,10.5,8.3,6,5.4,12.1,2.6,9.8,13.4,2.1,10.5,4.2,3.5,16.9,7.3,10.5,12.4,8.2,9.8,8.3,8.6,11.5,8.4,6.8,11.7,7,2.5,3.6,8.6,5.1,6.6,16.3,10.9,6.6,8.4,16.8,10.3,5,14.8,7.3,,,,,,,,,,,,,,,,,,,,,,,,,,,,,,,,,,,,,,,,,26.4,25.9,27,27.3,26.9,28.3,27,27.1,26.9,26.6,28.6,26.8,26.3,26.5,25.6,28.3,25.4,28,28.3,27.2,28.3,26.9,28.3,27.8,28,27.5,26.5,26.1,27.1,27.1,28,82,88,79,79,84,73,81,82,79,84,74,79,79,81,82,70,87,74,76,76,75,82,75,75,75,75,84,83,80,80,71,0.1,0.6,0,0.2,0.4,0,0.2,0.3,0.1,0,0.3,0,0,0.2,0.1,0,0.4,0.1,0.6,0,1,1.2,0.5,0.5,0.2,0.2,0.1,0,0.2,0.1,0,9.2,11.8,10.7,15.4,5.9,2.4,4,9.9,7.6,5.4,3.6,3.9,8.2,8.4,5.9,7.9,5.8,6.8,7.4,6.6,10.5,5.9,7.9,8.4,9.8,4.3,10.2,9.8,8,5.1,6.6,10.4,13.3,11.5,16.6,14.8,4.7,5.4,10.8,8.3,8.3,6.8,5.8,9,10.4,6.5,9.7,7.9,6.5,10.1,7.9,10.8,8.6,9.4,11.5,10.4,7.9,11.2,10.8,9.4,7.6,7.6,,,,,,22.2204,114.2127
2026-08-31T13:00,29.3,30.2,30.5,29.6,28.5,29.8,28,29.5,30.1,30.7,30.6,30.6,27.4,29.1,28.2,28.8,28.6,28.9,30.4,30.4,29.1,30.5,30.8,30.6,30,27.6,28.3,30.9,27.6,28.7,27.7,29.8,27.9,29.2,28.9,28.8,29.2,28.2,30,27,77,75,75,77,81,75,86,77,75,71,72,70,86,77,81,79,79,79,73,74,78,70,70,70,74,85,81,69,85,78,84,74,87,78,81,79,78,86,74,86,0.8,3.3,0.4,0.1,0,1.3,0.4,0.1,0.1,0,0.5,0.1,0.4,0.5,0,0,0.1,0,1,1.2,0,0,0,0,0,0,0.1,0,0.2,0,0.2,1.1,1.3,0,0.1,0.2,1.2,0.9,0.1,0,12.4,13.7,7.2,8.9,9.5,13.6,5.7,7.9,12.9,4.1,11.4,9.1,4,17.7,6,10.4,13.3,8.8,11.3,7.9,11.5,13.4,8.4,7.1,15.3,5,2.5,3.1,8.7,4.3,5.5,16.7,9.5,9.4,9,17.5,11.2,3.9,15.2,6.3,,,,,,,,,,,,,,,,,,,,,,,,,,,,,,,,,,,,,,,,,27.4,26.8,27.7,28.2,27.4,28.8,27.8,27.8,27.6,27,28.9,27.8,26.7,27,25.9,28.8,25.9,27.6,28.5,27.5,28.4,27.5,28.9,28.4,27.9,27.4,27,26.5,27.4,27.3,28.6,77,83,77,76,83,70,77,79,76,82,73,76,77,78,80,68,83,79,74,75,75,78,72,74,75,75,83,82,78,78,71,0.1,0.6,0,0.2,0.4,0,0.2,0.3,0.1,0,0.3,0,0,0.2,0.1,0,0.4,0.1,0.6,0,1,1.2,0.5,0.5,0.2,0.2,0.1,0,0.2,0.1,0,8.2,13.3,10.5,13.7,14.7,3.4,1.6,9.1,5,9.9,0.5,8.2,7.8,9.8,3.6,7.8,3.5,8.6,3.6,6.6,9.4,3.6,5.8,7.4,9.4,1.1,12.8,12,5,2.8,8.7,8.6,14.8,11.2,14.8,23.4,5,4.7,10.4,5,11.9,5.8,8.6,8.6,11.5,4.3,9.7,4.7,7.9,7.6,7.9,8.6,6.5,7.6,10.8,9.4,6.8,14,13,5.8,6.1,8.6,,,,,,22.2204,114.2127
2026-08-31T14:00,29.1,29.8,30.8,29.3,28.9,29.7,28.3,29.8,30.5,30.7,29.9,30.5,27.6,29.3,28.4,29.4,27.7,29.1,30.2,30.1,29.1,30.7,31.3,30.9,30.5,28.1,28.4,30.9,28.2,28.8,27.7,29.7,28.2,29.6,29.7,28.1,29.2,28.8,29.8,27.6,78,77,72,79,80,76,84,76,73,72,75,70,85,76,80,75,86,78,73,75,78,70,67,68,73,81,81,69,83,78,83,75,86,77,77,83,78,82,75,84,0.8,3.3,0.2,0.7,0,1.1,0.6,0.6,0.1,0.2,2.2,0.2,0.1,0,0,0,0.7,0,1.2,2,0.2,0.1,0,0,0,0,0.1,0.3,0.3,0,0.1,1.4,0.5,0.1,0,0.6,1.2,0,0.6,0,13,15.9,7.6,12,13.9,14.1,6.8,7.9,11.7,6.9,14.7,10.9,4.5,18.9,5.6,13.5,8.1,13.4,13,8.3,12.6,15.6,7.2,8,14.5,4.9,3.7,4.2,9.2,2.1,5.8,15.8,9,11.3,8.4,15.6,10.2,4.4,16.1,6.2,,,,,,,,,,,,,,,,,,,,,,,,,,,,,,,,,,,,,,,,,28.1,27.6,28.1,28.8,27.8,29.1,28.4,28.4,28.1,27.3,29.1,28.5,27.1,27.4,26.1,29,26.2,27.3,28.6,27.6,28.3,27.8,29.4,28.7,27.7,27.4,27.4,26.9,27.7,27.5,28.9,73,79,75,74,82,69,74,77,74,81,73,74,75,76,79,67,81,82,73,75,76,76,71,73,75,76,82,81,77,77,72,0.1,0.6,0,0.2,0.4,0,0.2,0.3,0.1,0,0.3,0,0,0.2,0.1,0,0.4,0.1,0.6,0,1,1.2,0.5,0.5,0.2,0.2,0.1,0,0.2,0.1,0,8,13.3,10.7,13.6,22.1,4.7,2.2,9.4,2.3,13,2.4,12,7.1,10.9,1.4,9.1,2.5,10.1,5.2,7.2,8.4,4.6,5.5,7.9,7.9,4.7,15.2,14.8,5,4,11.3,7.9,15.1,11.2,13.7,29.9,5,5,10.4,4,14,4.7,11.5,7.9,12.6,2.9,9.7,3.6,9.4,6.5,8.3,7.9,5,6.8,10.8,8.3,6.1,15.8,15.1,4,6.1,9.7,,,,,,22.2204,114.2127
2026-08-31T15:00,29.1,30.1,30.1,28.8,29,29.3,28.7,30.1,30.7,29.9,29.4,30.1,27.5,29,28.7,29.4,27.7,29.2,29.6,29.6,29.1,30.7,31.3,30.9,30.3,28.6,28.5,30.8,28.3,28.9,27.7,29.7,28.7,30.4,29.9,27.5,29.2,29.6,29.6,28.2,78,74,74,82,80,77,81,75,72,76,78,71,84,78,79,76,86,78,75,77,79,71,68,67,75,79,81,70,83,78,83,74,84,74,75,86,78,78,76,80,0.2,0.4,1.5,0.5,0,1.1,0,0.3,0.1,0.8,1,0.1,0.3,0.1,0,0.3,0.5,0,1.1,2.9,0.8,0.1,0,0,2.2,0,0,0.5,0.4,0,0.1,1,0.1,0.1,0.1,1.6,0.7,0,0.5,0,12.9,14.1,8.2,10.9,14.7,14,8.7,9.2,8.8,8,14.2,10.5,5.7,19.2,4.3,14.8,3.5,14.4,13.2,9.4,12.3,15.7,7.4,8.8,15,5.3,4.4,4.3,9.6,0.7,6.2,15.4,10.6,12.4,11.2,10.6,10.7,4.3,15.5,5.2,,,,,,,,,,,,,,,,,,,,,,,,,,,,,,,,,,,,,,,,,28.2,28.2,28.2,28.9,27.8,29,28.7,28.6,28.5,27.4,29,28.5,27.2,27.4,26.3,29,26.5,27.2,28.6,27.5,27.9,27.6,29.4,28.6,27.7,27.3,27.5,27.2,27.8,27.7,28.8,73,76,76,74,82,70,72,77,73,81,73,75,74,76,79,68,80,83,74,76,79,78,71,75,75,76,81,80,77,77,74,0.1,1.2,0.1,0.7,0.5,0.5,0.2,0.1,0,0.8,0.1,0.4,0.1,0.3,0,0,0,0,1.3,0,1,1.6,0.7,0.3,0,0.1,0.6,0.1,0.2,0.1,0,8.7,10.6,11.2,14.5,25,4.3,4.4,10.7,3.8,12.8,2.8,14.4,5.8,11.3,2.2,9.6,3.7,10.9,7.6,7.8,7.7,4,7.2,9.5,5.4,4.7,15.1,16.7,6.6,6.7,12.7,8.6,13.7,12.2,14.8,31,4.3,6.8,10.8,5.8,13.3,4.3,14,6.5,13.3,2.9,9.7,5.4,10.1,7.6,8.6,11.2,4.3,7.9,12.6,7.2,4.7,15.8,16.9,5,7.9,11.2,,,,,,22.2204,114.2127
2026-08-31T16:00,28.8,29.7,28.9,28.6,28.8,28.9,28.3,30.3,30.4,28.7,29,28.9,27.4,28.5,29.1,28.6,27.9,29.2,29,29,28.8,29.9,31,30.7,28.9,28.6,28.6,30.3,28.4,28.8,27.7,29.7,28.7,30.3,29.2,27.3,29.1,30.1,29.9,28.4,80,76,79,82,81,79,84,75,75,81,80,77,85,81,77,79,84,80,78,79,81,74,69,68,80,78,80,73,82,78,83,75,84,74,79,86,79,76,75,78,1.3,1.3,2.1,0.2,0.3,1.2,0.7,0,1.2,1.7,1.7,1.2,0.2,0.3,0,0.4,0,0,0.9,4.1,1.8,0.8,0,0,3.8,0,0,1.6,0.4,0,0.1,0.3,1.8,1,0.6,1.4,0.6,0.1,0,0,13.1,13.8,7.4,8.2,12.1,12.4,8.3,8.4,4.6,4.7,11.6,10.1,5.7,17.9,4,14.1,2.3,13.7,12.4,9.4,12.3,15.2,9.4,7.3,17.5,5.6,3.3,4.7,8.7,2.4,5.9,15,11.2,11.4,11.2,7.8,8.8,1.8,14.3,4.3,,,,,,,,,,,,,,,,,,,,,,,,,,,,,,,,,,,,,,,,,27.9,28.7,28,28.6,27.7,28.7,28.8,28.6,28.8,27.4,28.8,28.3,27.1,27.3,26.3,28.7,26.7,27.2,28.4,27.3,27.2,27,29.2,28.3,27.8,27.3,27.5,27.6,27.8,27.8,28.5,74,74,77,76,83,72,72,77,73,81,73,77,74,76,79,70,80,83,75,79,82,81,73,77,76,77,81,80,77,78,77,0.1,1.2,0.1,0.7,0.5,0.5,0.2,0.1,0,0.8,0.1,0.4,0.1,0.3,0,0,0,0,1.3,0,1,1.6,0.7,0.3,0,0.1,0.6,0.1,0.2,0.1,0,9.9,6.4,12.3,16.2,25.5,3.6,7.2,12,8.9,10.5,2.7,16.6,4.3,12,4,9.6,6.8,11,9.7,8,10.9,1.8,10.8,12,3.8,3.2,13.3,18.2,8.2,10,13,10.4,11.2,14,16.6,29.5,4,9.7,11.5,9.4,11.2,4,16.2,5,14.4,4,9.7,9,10.1,10.1,9.4,16.2,4,10.4,15.1,6.5,3.2,14.4,18.7,7.2,11.2,12.6,,,,,,22.2204,114.2127
2026-08-31T17:00,28.4,29.2,28.4,28.7,28.9,28.6,28.1,30.5,29.9,27.8,28.7,28,27.2,28.1,29.4,28.4,28,29.2,28.5,28.5,28.3,29.5,30.7,30.4,28.9,28.6,28.8,29.8,28.6,28.9,27.6,29.3,28.4,29.8,27.7,27.3,29.3,28.7,30.1,28.5,83,80,81,80,80,80,84,75,77,87,81,83,86,82,77,80,83,79,81,82,83,76,71,69,80,78,79,75,82,79,83,78,86,78,89,87,78,82,74,79,0.7,1.1,1.2,0,0.1,0.8,0.3,0.1,3.6,1.7,1.2,1.4,0.2,0.3,0,0.1,0,0,0.7,4,1.7,0.3,0,0,0.1,0,0,2.3,0.4,0,0.2,0.9,1.3,0.9,1.6,0.2,0,3.1,0,0,12.1,13.1,5.6,4.1,9,9.6,6.1,7,5,3.2,9.2,10.1,5.4,16.7,4.1,9.1,2.2,10.5,10.8,9.8,11.3,14.1,11,4,11.6,3.4,2.6,4.7,7.8,3.1,6.2,14.7,10.4,11.3,8.5,6.8,7.5,3.5,11.8,5.5,,,,,,,,,,,,,,,,,,,,,,,,,,,,,,,,,,,,,,,,,27.7,28.8,27.8,28.4,27.6,28.3,28.8,28.5,28.9,27.4,28.6,28,27.1,27,26.4,28.4,26.9,27.2,28.3,27.2,26.7,26.6,29,27.9,27.7,27.1,27.3,27.7,27.7,27.9,28.2,76,74,79,77,83,74,72,78,73,82,73,79,74,78,80,72,80,83,77,80,84,84,74,80,77,78,82,80,78,78,79,0.1,1.2,0.1,0.7,0.5,0.5,0.2,0.1,0,0.8,0.1,0.4,0.1,0.3,0,0,0,0,1.3,0,1,1.6,0.7,0.3,0,0.1,0.6,0.1,0.2,0.1,0,11,3.3,13.5,16.2,23.9,2.5,9,13.5,12.9,8.3,3,16.7,3.9,12.4,5.2,8.5,9.1,10.7,9.8,7.7,13.7,0.8,13.4,14.4,4.7,2.6,11.1,18.3,9.3,12,13.1,11.9,9.7,15.5,17.3,28.4,4,11.5,12.6,12.6,9.7,4.3,17.6,4,14.4,4.7,9,11.2,10.1,11.2,9.4,18.7,3.6,12.6,17.3,6.1,3.2,13,19.8,9,13.3,13.7,,,,,,22.2204,114.2127
2026-08-31T18:00,28.1,28.9,28.2,28.6,28.8,28.3,27.5,29.9,29.3,27.2,28.3,27.5,27.4,28,29.3,28.4,27.9,29.1,28,28,27.8,29.4,30.2,30,28.7,28.5,28.7,29.4,28.6,28.8,27.3,28.8,28.2,29.2,27,27.3,29.2,27.6,29.5,28,84,83,82,80,82,82,86,79,82,91,84,85,86,83,77,80,83,80,84,84,85,76,75,71,80,79,79,77,83,81,85,82,87,81,93,87,79,90,78,83,0,1,0,0,0,0.3,1.3,1.8,3.1,1.9,1.6,0.8,0,0.6,0,0,0,0,1.1,3.3,1.4,0,0,0,0.3,0,0,3.1,0.2,0,0.3,1.8,2.3,4.6,3.7,0.2,0,4.2,0.2,0.4,10,9.6,6.4,2.9,6.3,7.2,5.9,1.9,2.1,4.7,7.9,9.4,3.6,12.3,4.5,7.1,1.6,10.6,7.6,9.6,9.8,11.9,8.9,4,13.2,1.4,2.6,3.7,6.2,2.8,6.8,15.8,10.8,12.1,7.3,7.4,8.1,4,9.6,4.6,,,,,,,,,,,,,,,,,,,,,,,,,,,,,,,,,,,,,,,,,27.6,28.3,27.9,28.2,27.5,28,28.8,28.4,28.8,27.1,28.6,27.9,27.1,26.6,26.4,28.1,27,27.3,28.2,27.3,26.6,26.4,28.9,27.7,27.2,26.7,26.9,27.6,27.7,28,28.1,77,77,79,78,83,76,73,79,74,83,74,81,74,81,81,73,81,83,78,79,83,86,76,82,81,82,85,81,79,78,80,0.7,1.5,0.1,0.7,1.3,0.5,0,0.7,0.3,1,0.1,2,0.1,1.6,0,0.5,0.1,0,1.6,0,0.4,0.9,0.2,0,0.7,1.3,4.4,1.4,0,1.1,0.2,11.8,3.3,14.2,13.9,21.2,3.3,9.4,15.8,14.9,7.9,3.6,14.8,3.2,11.1,5.2,6.6,9.3,9.9,7,6.1,11.3,0.7,12.8,15.6,6.4,4.6,8,16.9,9.2,12.7,13.1,13,10.4,16.2,15.1,29.2,5.8,11.9,15.1,15.1,9,5.4,16.9,3.2,13,5.4,7.2,10.1,10.1,10.1,7.6,15.1,3.2,14,18.7,6.8,5.8,10.8,19.1,9,13.7,14,,,,,,22.2204,114.2127
2026-08-31T19:00,27.9,28.7,27.8,28.3,28.4,28.2,27,28.7,28.7,27,28,27.3,27.2,27.6,28.5,28.4,27.7,28.8,27.7,27.7,27.5,29,29.6,29.1,28.2,28.1,28.4,29,28,28.4,27.2,28.4,27.7,28.9,26.8,27.1,28.8,27.2,29.1,27.6,86,85,84,83,84,82,88,87,85,92,86,87,88,85,82,80,84,82,85,86,86,78,80,77,82,82,82,82,87,84,86,83,88,83,94,89,81,92,82,86,0,0.2,0.2,0,0,0,1.9,6.4,1.1,0.6,0.8,0.2,0,2.2,0.2,0,0,0.4,1.3,3.1,0.8,0,0,0,1.3,0,0,3.3,0.9,0,0,1.1,2.4,0.7,3.3,0.4,0,3,0.2,0.5,8.2,7.1,7.4,2.8,6.5,5.9,6.6,6.8,4.7,5.6,6.5,9.7,3.6,13.4,2.5,8.4,2.6,10,5.5,7.8,8.6,8.8,5.1,5.3,14.1,3.4,1.8,2.2,4.6,3.1,6.5,14.7,13.1,7.1,6.2,7.1,6.3,4.6,6.4,3.4,,,,,,,,,,,,,,,,,,,,,,,,,,,,,,,,,,,,,,,,,27.6,27.5,27.9,28.1,27.5,27.6,28.7,28.2,28.6,26.8,28.6,27.8,27,26.1,26.5,27.8,27.1,27.3,28,27.5,26.6,26.2,28.8,27.5,26.6,26.2,26.4,27.4,27.5,28.1,28,78,82,79,79,83,79,74,79,75,85,75,82,75,85,81,74,82,82,79,77,80,87,77,83,86,86,88,82,79,77,81,0.7,1.5,0.1,0.7,1.3,0.5,0,0.7,0.3,1,0.1,2,0.1,1.6,0,0.5,0.1,0,1.6,0,0.4,0.9,0.2,0,0.7,1.3,4.4,1.4,0,1.1,0.2,13.2,7.2,14.4,10.5,22.7,5.8,9,17.8,16,9,5.2,13.7,2.3,8.9,5.2,3.6,7.8,9.3,2.6,3.8,6.1,1.8,13.6,15.6,8.4,7.7,5.1,15,8.4,12.4,13,14.4,12.2,16.6,11.9,30.2,8.6,11.5,18.7,17.6,9,6.5,15.1,2.9,10.4,6.1,4.7,7.6,10.1,8.3,5,9,3.2,15.8,19.4,8.3,9.7,8.3,17.3,7.9,13.7,13.7,,,,,,22.2204,114.2127
2026-08-31T20:00,27.9,28.2,27.5,27.4,28.2,28.2,26.6,28.2,28.4,27,27.9,27,26.9,27.4,28.1,28.2,27.5,28.7,27.6,27.6,27.4,28.6,28.9,28,28,28,28,28.7,27.7,28.1,27.1,28.3,27.8,28.7,26.9,27.1,28.6,27.1,28.8,27.3,87,87,87,89,86,82,90,89,87,92,87,88,90,87,86,81,87,81,85,87,87,81,86,85,81,85,87,84,90,86,87,82,87,84,92,90,84,92,85,89,0.1,1.6,0.4,2.3,1.6,0,5.1,1.5,0,0.9,0,1.2,0.3,0.9,0.8,0.2,0,0,0.6,0.8,0,0,0.3,0.7,0.1,0,0.1,1.6,0.9,0,0,0,0.2,0,1.8,0.4,0,2.4,0,0.5,7.9,8.2,9.6,3.7,9.1,6.2,5.5,7.4,7.4,5.1,5.9,8.3,3.6,12.9,1.6,11.1,2.5,9,3.2,5.6,7.2,7.9,5.4,5,13.7,0.7,2.4,0.4,3.6,2.1,5.4,12.6,10.6,3.4,7.1,5.9,5.3,5.4,6.5,4.1,,,,,,,,,,,,,,,,,,,,,,,,,,,,,,,,,,,,,,,,,27.4,26.9,27.9,28,27.4,27.2,28.6,27.8,28.3,26.6,28.5,27.6,27,25.7,26.5,27.4,27.1,27.4,27.9,27.6,26.8,26.2,28.6,27.3,26.1,25.9,26,27.1,27.5,28.1,27.9,80,85,80,80,83,82,75,81,77,86,76,84,75,88,82,76,83,81,80,76,77,87,79,84,89,89,90,84,80,78,81,0.7,1.5,0.1,0.7,1.3,0.5,0,0.7,0.3,1,0.1,2,0.1,1.6,0,0.5,0.1,0,1.6,0,0.4,0.9,0.2,0,0.7,1.3,4.4,1.4,0,1.1,0.2,12.7,9.7,14.5,7.4,27.1,7.9,8.6,18.4,16.5,9.4,6.2,13,1.8,8.1,6.1,1.8,5.7,8.7,1.8,1.6,1.4,2.8,16.6,15.1,9,9.1,4.9,13.9,7.4,11.3,12.2,14.4,13,16.9,9,31,10.8,10.8,20.2,18.7,9.4,7.6,14.4,2.9,9.7,6.8,3.2,6.1,9.7,6.5,3.6,5,3.2,18.4,19.1,9,12.6,6.5,16.2,7.2,13.3,13,,,,,,22.2204,114.2127
2026-08-31T21:00,27.9,27.9,27.3,26.7,28,28.1,26.6,28.1,28,27,27.8,27,26.8,27.5,27.7,28,27.1,28.6,27.6,27.6,27.3,28.4,28.7,27.2,28.2,27.6,27.6,28.7,27.6,27.9,27.1,28.2,27.8,28.4,27,27,28.3,26.7,28.7,27.1,87,88,88,93,86,83,90,90,87,92,87,90,91,86,88,82,90,82,87,87,87,82,89,91,79,85,90,83,91,88,88,82,85,87,91,90,86,93,85,90,0,1.3,0.1,4.4,1.6,0,5.5,0,2.8,0.6,0,0.1,0.1,0.1,0.8,0.1,0.3,0,0,0.2,0,0,0.1,1.4,0,0.8,0.1,0.4,0,0.1,0,0,0,0,0.7,0.4,0,5.4,0,0.8,9,5.9,7.4,4.6,10.3,6.1,5.4,7.9,8.9,4.1,5.8,7.9,4,10.8,4.9,10,3.1,7.3,2.5,5.8,7.6,9.3,4.1,4,13.4,2.3,2.2,0.4,3.2,0.5,6.2,11.2,8.7,3.6,9.2,6.5,5.8,6.1,7.2,5.8,,,,,,,,,,,,,,,,,,,,,,,,,,,,,,,,,,,,,,,,,27,26.8,27.5,27.9,27.2,26.9,28.5,27.3,28.1,26.5,28.2,27.3,27,25.5,26.6,26.9,27.2,27.6,27.8,27.6,27,26.4,28.3,27.3,26.1,26.1,26.1,26.7,27.5,27.8,27.8,82,85,83,80,84,85,76,85,78,86,77,86,76,91,83,79,83,80,80,76,76,86,81,84,89,89,89,87,80,80,81,1.4,0,1.6,1.6,0.7,1.4,0,10.1,0.9,0.4,0.9,2.7,0,4.6,0,0.8,1.9,1,1.5,0,0.1,0.5,2,0,0.3,0.4,0.4,3.2,0.1,2.4,0.9,9,8.9,15.2,6,27.7,8.4,8.3,16.8,15.8,9,5.4,10.3,1.8,9.9,7.3,1.4,4.2,7.6,3.1,1.4,3.7,2.3,21,13.8,8,8.1,4.9,14.9,6.6,9.7,10,13,10.8,16.9,7.2,30.6,11.9,10.1,18.4,18.4,11.2,7.6,15.1,2.9,11.5,7.9,3.2,6.1,9,5.4,3.6,6.1,2.9,23.8,16.9,8.3,12.6,5.8,17.6,6.5,13.7,11.5,,,,,,22.2204,114.2127
2026-08-31T22:00,27.9,27.9,27.3,26.4,27.9,28.1,26.4,28.1,27.9,27,27.8,27.1,26.8,27.6,26.9,28,26.7,28.4,27.4,27.6,27.3,27.8,27.9,27.1,28.2,27.2,27.5,28.4,27.5,27.4,26.9,28.2,27.7,28.2,27.1,26.9,28.2,26.6,28.6,27.1,86,89,89,94,87,84,91,90,86,93,88,89,91,85,93,82,93,83,88,89,87,84,91,92,78,89,91,84,92,90,89,81,85,88,91,91,87,93,85,89,0,0,0.1,3.4,0,0,3.9,0,0.9,0,0,0,0,0,1.3,0,0.8,2,0,0,0,0.8,5.3,0,0,1.3,0,1.8,0,1.2,0,0,0,0.4,0,0.6,0,5.4,0,0.9,9,3.7,6.6,3.4,8,6.1,5.2,8.6,9,4,6.3,9.4,4.6,11.3,7.5,9.4,3.6,9.8,3.3,3.4,7.2,11.5,6.2,2.5,15.7,4.7,2.5,1,3.7,2.4,6.6,9.7,7.2,4.7,9.1,6.5,5.7,6.5,7.6,6.5,,,,,,,,,,,,,,,,,,,,,,,,,,,,,,,,,,,,,,,,,26.4,27,26.9,27.9,27.1,26.7,28.5,26.6,27.9,26.6,28,27,27,25.5,26.6,26.3,27.3,27.7,27.7,27.5,27.4,26.6,28,27.4,26.3,26.4,26.3,26.3,27.5,27.4,27.8,85,83,86,80,85,88,77,90,80,86,79,88,76,93,83,83,82,78,79,77,75,85,82,84,87,87,87,90,80,83,80,1.4,0,1.6,1.6,0.7,1.4,0,10.1,0.9,0.4,0.9,2.7,0,4.6,0,0.8,1.9,1,1.5,0,0.1,0.5,2,0,0.3,0.4,0.4,3.2,0.1,2.4,0.9,6.2,6.4,16.2,5,25.9,9.4,8,14.3,14.4,10.5,4.9,11.5,2.5,12.8,8.8,1.8,5.2,7.1,3.7,3.9,7.9,1.5,25.6,11.6,6.2,7.9,4.9,16.6,6.3,9.5,7.6,10.4,7.2,16.9,6.1,29.5,12.6,9.4,14.4,17.3,13.7,7.2,16.9,2.9,14.8,9,4.3,7.2,8.6,4.7,4.7,9.7,2.2,30.6,13.7,6.5,11.5,6.1,19.8,5.8,14,9.7,,,,,,22.2204,114.2127
2026-08-31T23:00,27.9,27.8,27.2,26.4,27.8,28.2,26.3,28.2,27.8,26.9,27.8,27.1,26.8,27.6,26.2,28,26.6,28.1,27.4,27.5,27.3,27.1,27.7,27.1,27.8,27.1,27.3,28.3,27.3,26.9,26.9,28.1,27.5,28.1,27.2,26.8,28,26.5,28.4,27.1,85,90,90,94,87,84,91,89,86,93,87,88,92,85,96,82,94,84,89,90,87,87,92,92,79,90,91,85,94,93,90,81,87,86,90,91,87,93,85,90,0,0,0.2,0.2,0,0,2.1,0,0,0.4,0,0.1,0,0,5.1,0,0.3,1.1,0,0,0,0.9,0.6,0,0,0,0,0.1,0,1.2,0,0,0,1.7,0,0.6,0,4.8,0,0.1,9.4,3.6,6.3,0.5,8,6.1,5.6,8.7,10.4,4.9,5.9,10.7,3.1,13.4,8,10.7,2.9,12.3,3.1,4.2,6.6,10.1,7.5,1.5,18.3,3.7,2.2,1.8,4.7,2.5,6.6,9.5,7.2,5.6,7.1,8.8,5.7,7.1,6.2,5.5,,,,,,,,,,,,,,,,,,,,,,,,,,,,,,,,,,,,,,,,,26.1,27.2,26.6,27.9,27,26.6,28.5,26.2,27.6,26.7,27.8,26.8,27,25.5,26.7,25.9,27.3,27.8,27.7,27.5,27.7,26.9,27.7,27.5,26.4,26.7,26.6,26.1,27.5,27,27.8,86,81,88,80,85,89,77,93,82,86,80,90,77,94,84,86,82,78,79,78,75,83,84,83,86,86,85,92,80,86,80,1.4,0,1.6,1.6,0.7,1.4,0,10.1,0.9,0.4,0.9,2.7,0,4.6,0,0.8,1.9,1,1.5,0,0.1,0.5,2,0,0.3,0.4,0.4,3.2,0.1,2.4,0.9,8,3.5,16.5,3.9,23.7,10.6,7.3,10.2,12.2,13,6.2,16.2,2.9,14.9,10,2.1,8.5,8,3.6,5.6,11.4,1.1,28.2,9.6,4.6,9.9,5.9,16.9,5.4,10.9,6.3,8.6,4.7,17.3,5.4,28.1,13,8.6,12.6,15.5,15.1,7.2,19.1,3.2,17.6,10.4,5,9,9,4.3,6.8,13.3,2.5,34.6,10.8,5,11.2,7.2,20.5,5.4,14.4,8.3,,,,,,22.2204,114.2127
2026-09-01T00:00,27.8,27.5,27.2,26.5,27.8,28.3,26.4,28.2,27.6,27,27.8,27.2,26.6,27.5,25.9,28,26.5,28.2,27.3,26.6,27.3,26.1,27.8,27,27.3,27.1,27.3,27.9,27.2,26.9,26.9,27.9,27.5,27.9,27.3,26.8,28,26.6,28.1,27,85,91,90,93,86,83,90,86,87,92,87,87,93,84,95,82,94,83,90,92,87,94,92,93,81,90,91,88,95,93,89,82,87,86,90,90,88,92,86,90,0,1.4,0.1,0,0,0,0,0.1,0,0,0,0,0.4,0,4.1,0,0.1,0,0,2.2,0,4.1,1.2,0.1,0,0,0,0,0,0.2,0,0,0,2.5,0,1.6,0,4.1,0.2,0,9,6.6,3.9,0.5,8.8,7,7.1,10,10.5,5.4,5.9,10.3,3.8,15.6,7.2,11.5,2.3,14.2,3.1,3.4,6.5,4.9,7.7,1.8,19.1,2.7,2.6,3.1,5.1,3.7,7.1,10.9,8.9,6.6,4.8,11.5,5.3,6.5,7.3,5.2,,,,,,,,,,,,,,,,,,,,,,,,,,,,,,,,,,,,,,,,,26.1,27.3,26.8,27.9,27,26.8,28.3,26.1,27,26.6,27.8,26.6,26.9,25.5,26.6,25.7,27.1,27.6,27.6,27.5,27.8,27.1,27.5,27.5,26.5,26.8,26.9,26.1,27.4,26.8,27.7,86,80,87,80,84,87,77,93,86,86,80,91,78,95,85,88,84,80,79,79,76,82,85,82,85,86,84,92,80,88,80,0.1,0.3,1.1,0.1,0.7,0.2,0.8,3.2,4.8,0.2,1.6,3.8,0.1,5.3,0.1,0.9,0.9,0.5,1.2,0.1,0.4,0,2.4,0.2,0.1,0.7,1.1,0.9,1,2.9,1.5,8.7,2,15.8,2.7,22.3,9.8,6.5,4.1,9.7,13,7.8,19.4,3.1,15.8,11.2,1.8,11.9,9.3,3.7,8.5,13.7,2.5,27.3,7.1,2.9,11.6,7.9,15.4,3.9,12,5.7,8.6,4.7,19.1,4.3,26.6,11.9,7.6,14,13.3,14.8,7.6,22.7,3.6,19.8,11.9,5,12.6,11.2,4.7,11.2,15.8,4.3,33.5,9,3.6,12.6,9.7,18.7,5,15.1,7.6,,,,,,22.2204,114.2127
2026-09-01T01:00,27.8,27.4,27,26.5,27.9,28.4,26.4,28.1,27.4,27,27.7,27.1,26.6,27.3,25.7,27.9,26.5,28,27.2,26.4,27.1,25.5,27.9,26.9,27.3,26.9,27.2,27.7,27.2,26.9,27.1,27.6,27.2,27.9,27.2,26.7,27.9,26.5,27.9,26.9,84,90,92,93,83,81,90,84,88,91,87,86,92,83,94,83,94,82,91,93,86,97,89,94,81,92,92,89,95,92,87,84,88,85,91,90,88,92,84,91,0,2.8,0,0.1,0,0,0,0,0,0,0,0,0.6,0,2.1,0,0,0,0,2.6,0.2,6.6,0.7,0.1,0,0,0,0,0,0,0,0.3,0.2,0.8,0,0.7,0,2,0,0,8.4,6.5,4.7,0.4,10.6,8.4,8.1,8.4,10.1,5,6.3,10.5,5.1,18.1,7.3,12.4,2.9,16.6,3.2,2.6,12.3,5.1,10,1.1,20.4,5.2,2.6,5.2,5.5,1.9,8,12.6,13.7,7.2,5.2,12.1,5.6,6.7,9.8,6.4,,,,,,,,,,,,,,,,,,,,,,,,,,,,,,,,,,,,,,,,,26.3,27.5,27.1,27.9,27.2,27.1,28.2,26.4,26.3,26.6,28,26.4,26.9,25.6,26.6,25.6,26.7,27.2,27.6,27.5,27.8,27.3,27.2,27.5,26.5,26.8,27.3,26.2,27.4,26.6,27.6,85,80,85,79,82,84,77,92,91,86,80,91,78,94,85,88,86,83,79,81,77,80,86,81,85,85,83,92,80,89,81,0.1,0.3,1.1,0.1,0.7,0.2,0.8,3.2,4.8,0.2,1.6,3.8,0.1,5.3,0.1,0.9,0.9,0.5,1.2,0.1,0.4,0,2.4,0.2,0.1,0.7,1.1,0.9,1,2.9,1.5,8.7,4.7,15.3,2.3,21.1,8.3,5,9.7,7.3,11.8,8.9,21.3,3.6,16.5,12.6,1.3,15.5,12.8,4.7,12.7,15.5,5.1,24.1,5.7,1.8,12.8,11.2,13.3,3.7,13.3,5.1,9.7,5.8,21.6,3.6,24.8,10.4,6.5,17.3,10.4,13.3,8.6,27,4.3,21.6,13.7,4.3,16.9,14.4,5.4,16.6,18.4,6.8,29.9,7.9,1.8,14.4,13,15.8,5.4,15.8,7.2,,,,,,22.2204,114.2127
2026-09-01T02:00,27.7,27.5,27,26.5,28,28.4,26.5,27.9,27.4,26.9,27.7,27.1,26.5,27.3,25.8,27.8,26.4,27.8,27.1,26.4,26.6,25.3,28,26.8,27.1,26.8,27.1,27.6,27.2,26.9,27.2,27.4,27,27.7,27.1,26.8,28,26.7,27.4,26.8,83,89,91,93,81,80,89,86,88,92,86,86,92,82,94,82,94,82,91,92,88,97,86,94,82,92,92,88,95,93,86,85,88,84,91,89,87,90,83,91,0,1.8,0.4,0.2,0,0,0,0,0,0,0,0.1,0.2,0,0.5,0,0,0,0,1,0.7,8.4,0.3,0,0,0,2.3,0,0,0,0,0.3,0.3,0.4,0,0,0,0.7,0,0,9.5,8.2,7.3,2.3,12.1,8.7,8.9,6.6,10.5,4,7.2,10.5,5.2,19.1,9,12.6,4.4,18,3.8,0.8,14.4,4.1,12.1,1.1,22,4.8,2.3,4.7,6.4,2.9,8.1,13.4,15.7,8.5,6.4,11,6.3,7.2,16.2,6.9,,,,,,,,,,,,,,,,,,,,,,,,,,,,,,,,,,,,,,,,,26.5,27.6,27.4,27.8,27.3,27.4,28.1,26.6,25.9,26.6,28.1,26.3,26.8,25.8,26.6,25.7,26.5,27,27.6,27.5,27.8,27.5,27,27.5,26.6,26.9,27.5,26.3,27.3,26.6,27.5,84,80,83,79,81,82,77,90,94,86,80,91,79,94,85,88,87,86,79,82,78,79,87,80,84,85,82,91,81,89,81,0.1,0.3,1.1,0.1,0.7,0.2,0.8,3.2,4.8,0.2,1.6,3.8,0.1,5.3,0.1,0.9,0.9,0.5,1.2,0.1,0.4,0,2.4,0.2,0.1,0.7,1.1,0.9,1,2.9,1.5,8.4,7.6,14.7,3.1,19.6,8.6,4.3,17.1,5.9,11.6,9.2,21.4,4.3,17.5,14,1,17.6,16.6,5.6,15.4,17.7,6.7,22.1,5.8,1.1,13.4,13.9,11.6,5.8,15.2,6.3,10.4,7.6,22.3,5,23,11.2,5.8,20.2,9,13,9.7,29.2,5,22.7,15.1,4.3,19.8,17.6,6.1,21.6,20.9,8.6,27.4,7.6,1.8,16.2,15.8,13,6.5,16.9,8.3,,,,,,22.2204,114.2127
2026-09-01T03:00,27.6,27.5,26.8,26.3,27.9,28.4,26.4,27.8,27.3,26.7,27.8,27.1,26.5,27.3,26.1,27.8,26.4,27.6,27.1,26.4,26.7,25.5,28,26.8,26.9,26.8,26.9,27.4,27.2,26.9,27.3,27.4,26.5,27.7,27,26.7,28.1,26.9,26.5,26.7,83,87,89,93,81,79,90,86,87,92,83,85,92,82,92,81,93,83,90,92,85,95,84,94,84,91,92,90,93,93,85,84,90,83,90,88,84,89,87,90,0,2.6,2.3,0.6,0,0,0.1,0,0,0,0,0,0.1,0,0.1,0,0,0,0,0.5,0,3,0,0,0,0,3.8,0,0,0,0.1,0.2,1.1,0.1,0.1,0,0,0.3,0,0.2,12.7,9.8,9.8,4,13.8,9.4,9.8,5.8,10.1,4.8,10.5,12.4,5.2,20.5,11.3,12.9,3.3,17.7,4,0.8,14.4,4.2,10.4,1.1,20.7,5.1,2.9,5.5,6.8,4.5,8.5,18.9,19.1,11.4,9.3,11.9,7.4,6.5,17.8,8,,,,,,,,,,,,,,,,,,,,,,,,,,,,,,,,,,,,,,,,,26.6,27.7,27.5,27.8,27.4,27.6,28,26.8,26.1,26.6,28.1,26.3,26.6,25.9,26.6,25.9,26.6,26.9,27.6,27.6,27.8,27.6,26.9,27.5,26.7,26.9,27.5,26.3,27.3,26.8,27.7,84,80,82,79,80,81,77,88,92,86,80,90,81,93,85,87,87,88,79,82,79,78,87,80,84,85,82,90,82,88,81,0,0.4,0.9,0,0.6,0,0.1,1.2,2.4,0,0.9,6.4,0.1,2.5,0,0.1,0,1.4,0.9,0.2,0.3,0,3.5,0.1,1.1,1.3,0.3,1.6,0.9,1.5,1.4,8.1,9.7,12.2,6.5,17.1,10.7,3.4,19.9,6.5,13,8.9,18.6,5.6,17.8,14.2,1.3,17.5,19.6,5.4,15.2,20.3,6.8,22.8,7.1,2.9,14.1,14.7,8.7,9.3,16.6,8.9,9.7,9.7,19.8,10.1,20.5,16.9,5,22.3,9.4,14.8,11.5,27,6.5,22,15.8,4.7,20.2,20.9,6.5,24.8,24.1,8.3,27.4,8.3,3.6,17.3,18,10.1,9.7,18.4,11.5,,,,,,22.2204,114.2127
2026-09-01T04:00,27.5,27.4,26.2,26.3,27.7,28.4,26.5,27.7,27.3,26.7,27.8,27.1,26.5,27.2,26.3,27.8,26.3,27.5,27.2,26.5,26.7,25.7,28,26.8,26.9,26.7,26.6,26.3,27.2,27,27.1,27.1,26.3,27.6,26.8,26.6,28.4,27,26.2,26.6,82,86,91,93,81,79,89,87,86,92,81,85,92,82,91,80,93,83,89,92,83,94,84,94,84,90,92,93,92,92,85,83,91,82,89,88,82,87,90,90,0,1,2.9,0.2,0,0,0.2,0,0,0,0,0,0.2,0,0.1,0,0,0,0,0,0,0.2,0.1,0,0,0,2.9,3.9,0,0,0.2,0,0.7,0,0.5,0,0,0.1,0.3,0.3,14.9,10.1,12.7,4.3,15.7,10.3,9.5,7.6,9.4,5.9,11.3,13,4.7,22.7,11.2,14,2.9,17.8,3.6,3.4,14.2,6.2,7.9,2,20.6,4.3,4.7,6.9,7,4.2,9,22,20.7,14.1,12.5,13.3,10,7.9,13.8,9.7,,,,,,,,,,,,,,,,,,,,,,,,,,,,,,,,,,,,,,,,,26.8,27.8,27.4,27.8,27.4,27.6,28,27,26.6,26.7,28.1,26.4,26.5,26,26.7,26.3,26.8,26.9,27.5,27.6,27.8,27.6,26.7,27.4,26.8,27,27.3,26.3,27.2,27.1,28,83,81,81,80,80,81,77,86,88,86,79,89,83,92,84,85,86,89,80,80,79,78,87,80,83,85,82,88,83,85,81,0,0.4,0.9,0,0.6,0,0.1,1.2,2.4,0,0.9,6.4,0.1,2.5,0,0.1,0,1.4,0.9,0.2,0.3,0,3.5,0.1,1.1,1.3,0.3,1.6,0.9,1.5,1.4,7.5,11.5,8.6,10.7,14.5,14.3,3.7,20.7,8.9,15.5,9.7,15,7.5,17.3,13.8,3.4,16.1,21.9,5.5,15,23.5,5.8,24.7,8.5,5.9,15.5,14.5,5.9,13.2,17.6,11.8,8.6,12.6,15.5,17.3,17.6,24.8,5,24.1,11.2,18,13.7,22.7,8.3,19.8,16.6,5,19.1,24.5,6.8,27.4,27.7,7.6,28.8,10.4,6.8,18.4,20.2,7.2,14.4,19.8,15.8,,,,,,22.2204,114.2127
2026-09-01T05:00,27.5,27.5,26.4,26.3,27.4,28.4,26.5,27.7,27.2,26.7,27.7,27.1,26.5,27,26.4,27.8,26.3,27.4,27.2,26.6,26.8,26.1,27.7,26.7,26.9,26.6,26.5,25.9,27.1,27,26.8,26.8,26.6,27.6,26.8,26.3,28.4,27.2,26.2,26.4,81,84,89,93,82,78,89,84,86,91,81,84,91,82,89,79,93,82,88,92,83,92,85,94,84,90,92,95,90,91,87,82,88,81,88,88,80,86,92,90,0,0,0.3,0,0,0,0.2,0,0,1,0,0,0.4,0,0,0,0,0,0,0,0,0.1,0,0,0,0,1.7,5.9,0,0,0.1,0,0,0,0.2,0.2,0,0,1.4,0.3,17.1,11.6,11.6,4.4,16.5,10.5,7.5,11.6,9.7,6.9,12.3,13.9,5.5,24.9,11.8,14.3,2.3,18.2,4.7,5,12.4,9.1,7.3,4,22.3,5.1,4.3,6.9,7.4,4.2,8.7,22.7,20.1,14.5,12.3,16.6,11.6,6.5,13,10.8,,,,,,,,,,,,,,,,,,,,,,,,,,,,,,,,,,,,,,,,,27,27.9,27.3,27.8,27.5,27.7,28.1,27.2,27,26.9,28,26.7,26.4,26.2,26.8,26.6,27,27,27.4,27.6,27.9,27.7,26.7,27.5,26.9,27.1,27.2,26.4,27.2,27.4,28.2,83,80,80,80,80,81,77,84,85,85,79,87,84,91,83,83,84,89,80,79,79,78,86,80,83,84,82,86,84,83,80,0,0.4,0.9,0,0.6,0,0.1,1.2,2.4,0,0.9,6.4,0.1,2.5,0,0.1,0,1.4,0.9,0.2,0.3,0,3.5,0.1,1.1,1.3,0.3,1.6,0.9,1.5,1.4,7.9,12.8,7.3,14.7,13,17.4,5.2,20.8,10.1,17.3,12.2,13.8,8.2,17.1,14,6,14.8,23.8,5.7,16.9,26.1,5.8,25.8,10.2,8.6,15.7,15.3,5.4,16.1,18.2,14.1,9,16.6,14,22.7,16.2,31.3,6.8,25.6,11.9,20.9,16.2,21.2,9.4,18.7,17.3,6.5,18.4,27.4,7.2,29.9,31,8.3,30.2,13.7,10.4,19.1,22.7,6.5,17.6,21.6,19.1,,,,,,22.2204,114.2127
2026-09-01T06:00,27.4,27.7,26.5,26.4,27.1,28.4,26.5,27.4,27.2,26.7,27.7,27.2,26.8,26.9,26.6,27.7,26.4,27.3,27.2,26.7,26.8,26.5,27.5,26.6,26.7,26.5,26.6,26,27.1,27.1,26.5,26.7,26.8,27.6,26.7,26.2,28.1,27.2,26.5,26.4,81,82,88,93,83,77,90,85,85,90,80,84,89,80,88,79,93,82,85,92,83,89,86,93,85,90,91,94,88,91,89,82,86,80,88,89,78,85,92,90,0,0,0,0,0.1,0,0.1,0,0,1.2,0,0,0,0,0,0,0,0,0.2,0,0.1,0.4,0.1,0,0,0,1.7,1.6,0,0.2,0.3,0,0,0,0,0.3,0,0.1,0.1,0.4,18.4,13.8,15.1,5,17.5,10.6,7.7,15.9,10.5,8,11.5,14.8,6.1,25.6,11.6,16.3,3.4,18.5,7.6,5.7,12.7,8.8,9.5,6.1,23.8,6.5,3.6,2.2,9,3.3,8.7,22.7,20.6,14.1,13,18.1,14.1,6.8,14.2,10.9,,,,,,,,,,,,,,,,,,,,,,,,,,,,,,,,,,,,,,,,,27.2,27.9,27.3,27.7,27.5,27.6,28.1,27.3,26.9,27,27.9,27.1,26.4,26.3,27,26.9,27.2,27,27.4,27.6,27.9,27.8,26.7,27.6,26.9,27.3,27.3,26.8,27.2,27.5,28.2,83,77,80,80,80,80,77,83,84,84,79,84,85,90,82,82,82,88,80,78,79,78,85,79,83,82,81,84,84,81,79,0,0,0.2,0,0.1,0.1,0.2,0.6,1.9,0,0.2,1.3,0,1.2,0,0,0.2,1.9,1.2,0.2,0.2,0,0.9,0.2,0.6,0.5,0,0.5,0.6,0.3,1,9.7,15.6,10.8,17.9,13.8,19.4,9.7,20.7,7.9,18.2,16,16.2,7.9,17.4,15.1,8,14.8,25.3,6,19.8,28,7.6,25.3,12.6,11.4,13.5,17.4,7.5,16.8,18.2,14.7,12.2,22.7,18,24.8,16.9,34.6,13,25.9,10.4,23,19.8,25.6,9.4,19.1,18.7,9,19.1,29.2,7.9,33.5,33.1,12.2,31.7,19.8,14,19.8,26.3,10.1,18.7,23.4,19.8,,,,,,22.2204,114.2127
2026-09-01T07:00,27.3,27.8,26.6,26.5,27,28.5,26.8,27.3,27.3,26.8,27.9,27.4,27.1,26.8,26.9,27.8,26.5,27.4,27,27.1,27,26.9,27.7,26.8,26,26.5,26.6,26,27.2,27,26.5,26.6,27,27.7,26.8,26.2,27.9,27.3,26.5,26.6,82,81,85,92,82,77,88,84,84,89,80,83,86,79,85,79,93,80,84,90,84,86,85,92,89,90,91,95,87,91,89,82,84,80,87,89,79,84,91,90,0,0,0,0,0.1,0,0,0,0,0.8,0,0,0,0,0,0,0.2,0,0,0,0.1,0.1,0,0,0.4,0,1.7,0.7,0,1.3,0.3,0,0,0,0,0.1,0,0,0,0,18.8,15.1,16.6,5.8,18.9,11.1,6.9,18.4,11.5,5.4,11.1,14.7,7.6,26.3,12.9,17.7,5.4,19.2,9,7.3,12.6,10.8,11.6,9,24.6,7.9,5.6,4.1,14.2,5.1,8.4,22.1,21.5,14,17.3,20.9,17,7.6,16.7,13.1,,,,,,,,,,,,,,,,,,,,,,,,,,,,,,,,,,,,,,,,,27.4,27.9,27.3,27.6,27.6,27.6,28.2,27.4,26.6,27.2,27.7,27.6,26.4,26.5,27.2,27.3,27.5,27.1,27.3,27.5,27.9,28,26.9,27.8,27,27.4,27.5,27.2,27.3,27.7,28.2,82,73,79,79,80,79,76,81,85,83,79,81,85,89,82,81,80,87,81,76,79,77,83,77,84,80,79,81,83,80,78,0,0,0.2,0,0.1,0.1,0.2,0.6,1.9,0,0.2,1.3,0,1.2,0,0,0.2,1.9,1.2,0.2,0.2,0,0.9,0.2,0.6,0.5,0,0.5,0.6,0.3,1,12.4,21.3,16.2,20.6,15.4,21.8,15.5,19.8,4.3,18.4,19.9,20,7.8,18.1,16.9,10.5,15.3,26.6,6.3,22.8,29.6,10.8,24.4,15.9,15,11.8,19.8,9.6,16.3,18.3,14.5,16.9,29.5,24.5,25.6,18.7,36.4,20.9,26.3,8.3,24.8,24.1,32.8,9.4,20.2,20.9,12.2,20.5,30.2,8.6,36.7,34.9,18,33.1,27.4,17.6,20.2,30.6,15.8,19.1,24.8,19.4,,,,,,22.2204,114.2127
2026-09-01T08:00,27.6,28.3,26.8,26.8,26.7,28.9,27.4,27.7,27.7,27.2,28.2,28,27.6,26.9,27.2,28.1,26.8,27.7,27,28,27.2,27.3,28.2,27.3,25.7,26.7,26.9,25.9,27,27.5,27,27,27.2,28.2,27,26.5,28.2,27.9,26.5,26.8,80,79,82,89,82,76,85,82,82,89,79,81,82,78,83,77,91,79,83,83,84,83,81,87,90,89,89,96,84,86,86,80,82,78,83,88,78,82,90,89,0,0,0,0,0.2,0,0,0,0,0.1,0,0,0,0,0,0,0.7,0,0,0,0,0,0,0,0.7,0,0.8,4.5,0,1.7,0.1,0,0,0,0,0,0,0,0,0,20.5,16.6,17.7,7.1,21.3,12.6,8.6,22.5,13.4,5.8,11.7,15.6,8.5,27,15.3,20.3,7.7,19.9,11.2,10.5,14.1,12.3,14.4,13.2,26.4,10.3,6.8,4.7,17.3,9.1,9.9,23,22.3,16.3,21.5,20.6,21.2,9.7,18.9,16.2,,,,,,,,,,,,,,,,,,,,,,,,,,,,,,,,,,,,,,,,,27.7,27.9,27.3,27.6,27.7,27.7,28.3,27.6,26.7,27.6,27.7,27.9,26.7,26.8,27.4,27.7,27.8,27.1,27.2,27.5,28.1,28.3,27.2,28,27,27.7,27.8,27.6,27.5,27.9,28.3,81,70,79,79,79,78,76,80,84,81,79,79,84,87,81,80,78,86,81,75,79,76,81,76,84,78,77,79,82,79,77,0,0,0.2,0,0.1,0.1,0.2,0.6,1.9,0,0.2,1.3,0,1.2,0,0,0.2,1.9,1.2,0.2,0.2,0,0.9,0.2,0.6,0.5,0,0.5,0.6,0.3,1,14.9,26.1,20.5,22.5,17.7,24.5,18.9,19.8,5.1,19.2,22.5,23.1,7.9,17.9,18.5,12.5,16.3,26.9,7,24.9,30.6,13.9,24.5,18.5,18.3,13,23,12,16.3,18.8,13.8,20.9,34.2,29.2,25.9,20.9,37.4,25.9,26.6,7.6,26.6,26.6,37.4,9.4,20.9,22.3,15.8,22,30.6,9.7,38.2,36.4,23,34.2,32.4,20.5,20.5,34.6,20.5,19.1,26.3,18.4,,,,,,22.2204,114.2127
2026-09-01T09:00,28.3,29.1,27.3,27.2,26.6,29.3,27.7,28.1,28,27.8,28.5,28.8,27.6,27.6,27.7,28.8,27.4,28.3,27.1,28.6,27.4,28,28.7,27.6,25.4,27,27.4,26.2,26.9,27.5,27.8,27.5,28.1,29,27.6,26.9,28.7,28.6,26.5,27.1,76,75,80,87,82,73,83,78,81,84,78,77,80,75,83,74,89,76,82,80,83,79,78,84,89,88,87,92,83,80,83,77,77,74,79,86,75,78,89,87,0,0,0,0,0.5,0,0,0,0,0,0,0,0.2,0,0,0,0.9,0,0,0,0,0,0,0,0.5,0,0.7,4.1,0,0.1,0,0,0,0,0,0.2,0,0,0,0,23.4,21.2,20.3,11.2,22.3,14.4,12.7,25.3,15.2,8.3,11.4,19.2,8.9,29.9,17.4,25.6,10.5,21.6,11.5,14.8,17.3,14.8,18,15.6,28,14.6,8.5,6,16.9,14,11.8,24.4,24.3,20.2,24.1,22.3,23.3,12.2,20.8,18.8,,,,,,,,,,,,,,,,,,,,,,,,,,,,,,,,,,,,,,,,,28.1,28.2,27.2,27.9,28.1,28,28.5,27.9,27.2,28.2,27.9,28.1,27.4,27.3,27.6,28.4,28,27.1,27.2,27.7,28.4,28.7,27.6,28.2,27.1,28.1,28.4,27.8,28,28.2,28.7,79,69,79,78,78,76,75,78,81,78,79,78,80,83,79,78,77,86,81,73,78,74,79,75,84,76,75,77,79,78,75,0,0,1.1,0.3,0,0.1,0.3,0,0.1,0,0.1,0.1,0,1.3,0,0,0.5,1.6,1,0,0.4,0,0.1,0,0.4,0,0,0.2,0.1,0,1.4,17.2,27.1,22,23,19.5,27.9,17.7,21.4,8.1,21.1,22.2,23.7,8.5,16.6,19.2,15.1,17.3,25.5,8.3,25.1,30.9,18,24.7,20.6,20.1,14.4,26.2,14.2,16.5,19.7,12.9,23.4,35.3,29.5,27,23.4,38.9,25.6,28.1,10.4,28.8,26.6,36.4,10.4,20.5,23,19.8,23,29.5,10.8,36,37.4,26.3,34.2,32.8,22.3,20.9,37.4,23,19.4,27.4,16.6,,,,,,22.2204,114.2127
2026-09-01T10:00,29.2,30.2,28,27.1,26.6,30.2,27.9,29.4,28.2,28.5,28.6,30.1,27.5,28.7,28.6,29.8,27.4,29,27.1,29.4,27.5,29.1,29.3,27.5,25.3,27.4,27.8,27.4,27.1,27.6,28,28.2,28.7,29.7,28.3,27,29.3,29.6,26.3,27.4,72,69,76,87,80,69,81,73,80,80,77,70,80,70,78,69,88,72,81,75,83,73,74,83,89,86,84,83,82,76,81,74,74,71,76,85,71,74,88,85,0,0,0,0.4,0.2,0,0,0,0,0,0,0,0.3,0,0,0,1.3,0,0,0,0,0,0,0.5,0.6,0,0.1,0,0,0,0,0,0,0,0,0.1,0,0,0,0,27.4,27.8,23.7,13.7,23.8,23,17.3,26.3,20.4,11.2,12.1,24.4,12,33,20.8,30.9,16.8,23.8,13,22.6,19.8,22.3,26.2,15.8,28.1,18.5,13.2,10.5,20.6,13.2,12.5,27.1,27.6,23,27.4,22.3,24.1,19.5,23.5,22.5,,,,,,,,,,,,,,,,,,,,,,,,,,,,,,,,,,,,,,,,,28.6,28.6,27.1,28.3,28.5,28.5,28.7,28.3,28.1,28.9,28.1,28.2,28.3,27.9,27.8,29.2,28.3,27,27.1,28,28.7,29.2,28.2,28.3,27.2,28.7,29.1,27.9,28.7,28.6,29.3,76,70,78,77,76,75,74,76,78,76,78,77,74,79,77,75,76,86,82,71,76,72,77,75,83,74,72,75,76,78,73,0,0,1.1,0.3,0,0.1,0.3,0,0.1,0,0.1,0.1,0,1.3,0,0,0.5,1.6,1,0,0.4,0,0.1,0,0.4,0,0,0.2,0.1,0,1.4,19.7,26.4,21.7,23,21.3,31.2,16.6,23.9,11.6,23.8,20.7,23.4,9.7,14.9,20,18.7,19.1,23.4,9.8,24.7,30.8,22.6,25.2,22.6,20.9,14.9,29.9,16.7,16.9,21.7,11.3,24.8,34.2,27.7,28.1,26.6,39.6,22,30.2,15.1,31,24.8,32.8,11.9,19.8,23.4,23.8,24.5,27.7,12.2,31.7,37.8,28.4,33.8,31,23.4,21.2,40.3,24.8,19.8,27.7,14,,,,,,22.2204,114.2127
2026-09-01T11:00,30.3,31.2,28.4,27.2,26.9,30.8,28.7,30.2,28.1,29,29.2,30.7,26.9,29.6,29.4,30.6,27.6,29.3,27.1,30.4,27.8,30.2,29.9,27.7,25.3,27.2,28,28.2,27.7,27.8,28.3,29.3,29.5,30.5,29.3,27.7,30.2,30.4,27,28,68,65,74,86,79,66,77,70,80,77,74,67,84,67,75,65,85,71,82,70,80,67,71,82,88,86,84,78,78,75,82,70,70,67,72,82,68,70,83,82,0,0,0,0.1,0,0,0,0.2,0,0,0,0,0.2,0,0,0,0.1,0,0,0,0,0,0,1.2,0.3,0,0.2,0,0,0,1.2,0,0,0,0,0,0,0,0,0,29.2,30.1,23.7,15.5,26.6,26.7,18.3,24.7,22.7,15,18.1,25.9,11.6,35.7,20.4,33.2,22.5,25.6,17,24.8,25.2,25.4,26.8,17.1,29.4,19.9,20.1,19.5,23,13,15.5,26,27.9,24.6,28.8,26.6,26.1,19.9,26.7,25.9,,,,,,,,,,,,,,,,,,,,,,,,,,,,,,,,,,,,,,,,,28.9,28.9,27.1,28.5,28.8,28.9,28.9,28.7,28.9,29.5,28.4,28.1,29.1,28.2,28.1,29.7,28.5,26.9,27.1,28.3,29,29.5,28.6,28.6,27.3,29.2,29.7,28.1,29.2,29,29.6,74,70,78,77,75,73,74,74,75,73,77,77,70,77,76,73,76,86,82,70,74,71,76,74,83,72,70,74,73,77,71,0,0,1.1,0.3,0,0.1,0.3,0,0.1,0,0.1,0.1,0,1.3,0,0,0.5,1.6,1,0,0.4,0,0.1,0,0.4,0,0,0.2,0.1,0,1.4,20.9,25.6,21.2,23.5,23.7,33.2,18.3,25.8,13.5,25.6,20,23.3,10.9,12.6,21,20.9,21.6,21.8,11.4,23.7,30.3,25.5,24.9,24.2,21.9,16,32.7,18.7,16.8,23.2,9.3,25.9,32.8,26.3,28.8,29.9,40,19.8,32,18.7,32.8,24.1,30.6,13.3,18.4,24.5,26.3,25.9,26.3,13.7,28.1,37.4,29.9,33.5,29.5,24.8,22,42.1,25.9,20.2,27.7,12.6,,,,,,22.2204,114.2127
2026-09-01T12:00,31.6,31.7,28.5,27.3,27,31.6,29.6,30.3,28.9,29.6,29.9,31.1,26.2,30.4,30,31.1,27.8,29.3,27.6,31,27.7,30.7,30.8,28,25.4,28.2,28.1,28.8,27.4,28.3,28.1,29.7,30.9,31.2,29.9,28.3,30.2,31.3,28.3,28.3,62,63,73,85,78,62,73,70,75,75,70,64,89,64,72,63,81,72,80,68,79,65,67,81,87,80,83,73,78,74,84,68,65,64,69,79,67,66,77,80,0,0,0,0,0.1,0,0,0,0,0,0,0,1.8,0,0,0,0,0,0,0.1,0,0,0,0.2,0.1,0,0.3,0,0,0,0.2,0,0,0,0,0,0,0,0,0,30.5,31.5,23.9,17.3,27.4,28.5,18.5,23,27.1,18.3,23.4,25.6,11.2,36.5,21.8,34.9,24.7,26.8,20,24.9,28.5,24,27.5,18.1,30.6,22.3,21,22,25.9,14.8,17.7,27.1,29.5,27.1,28.3,29.5,27.1,22.3,28.9,28.6,,,,,,,,,,,,,,,,,,,,,,,,,,,,,,,,,,,,,,,,,29,29.1,27.2,28.5,28.9,29.4,28.7,29.1,29.5,30.1,28.8,27.9,29.5,27.8,28.5,29.8,28.6,26.7,27,28.6,29.2,29.7,28.7,29.1,27.4,29.6,29.9,28.4,29.5,29.1,29.6,74,70,78,78,74,72,75,74,73,71,75,78,68,79,75,73,76,87,83,70,73,70,76,72,83,71,69,74,72,77,71,0.3,0,1,0.8,0,0,0.2,0.1,0.1,0.1,0,0.5,0,2.3,0.1,0.5,0.4,2.5,0.9,0,0.3,0,0.7,0,0.5,0,0,0.1,0,0.6,1.4,21.1,25,20.7,24.5,27.6,32.5,19.2,26.4,12.9,26.3,21.1,24.9,11.9,8.9,22.7,20.3,24.6,21,13.3,22.5,29.5,25.4,24.5,25.2,23.2,18.1,34.2,19.8,16.9,22.2,8.4,25.9,32,25.6,29.2,33.5,39.2,19.8,33.5,20.5,33.5,24.8,32.4,14.8,15.8,26.6,25.6,28.1,25.6,15.5,26.3,35.6,29.2,32.8,29.5,27,23.8,43.2,26.3,20.2,26.3,13,,,,,,22.2204,114.2127
2026-09-01T13:00,32,31.8,28.8,27.6,26.4,31.5,30.4,30.4,28.9,30.5,30.5,30.9,26.1,31.2,30.6,31.7,28.3,29.5,27.9,31.3,28.3,31.1,31.1,28.4,25.3,28.9,28.6,28.8,27.5,28.6,28.4,30.4,31.6,30.9,30.8,28.4,30.6,31.8,28.4,28.5,61,63,71,83,82,64,70,70,75,72,67,65,89,61,69,60,78,71,78,68,75,63,65,79,88,76,79,73,78,75,83,65,62,65,65,78,65,64,77,78,0,0,0,0,0.1,0,0.1,0,0,0,0,0,2.1,0,0,0,0,0,0.1,0.2,0,0,0,0,0.2,0,0,0,0,0,0,0,0,0,0,0,0,0,0,0,31,31.5,24.2,20.5,27.8,29,19.3,21.7,24.8,21.5,24.9,26.1,11.7,34.8,21.2,34.9,26.9,25.6,21.3,24.4,31.8,22.8,27.4,22.7,30.5,23.6,23,21.3,26.4,13.7,16.7,27.7,29.2,27.6,27.5,29.9,29.7,23.3,29.1,30,,,,,,,,,,,,,,,,,,,,,,,,,,,,,,,,,,,,,,,,,28.9,29.2,27.3,28.3,28.8,29.8,28.5,29.4,30,30.6,29.3,27.5,29.6,27.1,28.9,29.6,28.7,26.3,26.9,28.9,29.2,29.8,28.7,29.8,27.4,30,29.9,28.8,29.7,29.2,29.3,76,69,78,80,74,71,77,74,71,70,73,80,67,84,75,73,77,89,83,72,73,70,77,69,82,71,68,74,71,76,72,0.3,0,1,0.8,0,0,0.2,0.1,0.1,0.1,0,0.5,0,2.3,0.1,0.5,0.4,2.5,0.9,0,0.3,0,0.7,0,0.5,0,0,0.1,0,0.6,1.4,21.7,23.9,19.7,25.5,31.6,30.8,19.1,27,12.2,26.2,23,27.2,13,7.9,25.3,18.8,27.9,20.2,15.1,21.8,28.4,23.6,24.4,25.5,24.4,20.7,34.9,20.8,17.4,20,11.2,25.6,31,24.8,29.5,37.4,37.8,20.9,34.6,21.6,34.2,26.6,35.6,16.6,13,29.5,23,30.6,25.6,17.6,25.2,32.8,27.7,32,29.5,29.2,25.9,43.2,25.9,20.2,24.5,14.4,,,,,,22.2204,114.2127
2026-09-01T14:00,31.6,32.3,28.8,28.1,25.9,31.1,30.5,30.9,29,31.3,31.2,31,26.3,31.1,31,31.7,28.4,30.1,27.9,31.6,28.4,31.4,30.7,28.8,25.4,28.7,28.7,28.4,28.3,28.4,29.1,30.8,32,30.9,31.1,28.3,30.8,32,28.4,28.5,62,62,71,80,86,67,70,69,75,68,64,65,87,61,69,60,78,68,79,67,75,62,66,77,88,76,78,74,75,78,79,64,60,65,64,79,64,64,76,77,0,0.1,0,0,1,0.3,0.9,0,0,0.1,0,0,0.5,0,0,0,0,0,0,0.1,0,0,0,0.1,0.3,0,0,0.1,0,0,0.1,0,0,0,0,0.1,0,0,0,0,30.5,31,25.2,23.7,22.7,28.6,18.7,21.3,24.5,23.5,24.6,25.8,13.3,34.5,18.1,33.9,26.9,27.4,20.3,23.7,31.8,23.2,26.9,23.4,30.1,25.3,22.5,21.3,27.9,14.1,22.4,27.4,26.7,27.6,27.9,29.8,29.7,23.7,29.9,32.4,,,,,,,,,,,,,,,,,,,,,,,,,,,,,,,,,,,,,,,,,28.8,29.3,27.4,28.1,28.7,30.1,28.3,29.7,30.4,30.8,29.5,27.4,29.8,26.6,29.2,29.5,28.8,26.2,26.8,29.1,29.3,29.7,28.8,30.2,27.4,30.3,29.8,29.1,29.8,29.3,29,77,69,78,81,73,71,78,74,70,69,71,81,67,87,75,74,78,90,84,73,73,70,77,67,83,71,68,74,71,76,73,0.3,0,1,0.8,0,0,0.2,0.1,0.1,0.1,0,0.5,0,2.3,0.1,0.5,0.4,2.5,0.9,0,0.3,0,0.7,0,0.5,0,0,0.1,0,0.6,1.4,22.7,22.7,18.2,25.8,35.1,30.1,19.5,28,13,26.1,25.4,28.3,14,10.6,27.3,18.4,30.1,20.2,17,21.8,27.2,22.7,24.7,25.9,26.3,23.2,35.8,22,17.8,17.9,14.4,25.9,30.2,24.5,28.8,41,37.8,22.7,35.3,22.3,34.6,29.5,38.5,18.7,11.5,32.4,22,33.5,25.9,19.8,25.6,30.6,27,32.4,31,31.7,28.4,43.9,26.3,20.2,23,16.2,,,,,,22.2204,114.2127
2026-09-01T15:00,31,32.5,28.4,28.3,26.6,30.9,30.5,31.3,28.9,30.6,30.9,30.7,26.6,30.4,31.3,31,28.3,30.1,27.3,31.9,28.3,31.5,30.5,28.9,25.1,28.2,28.1,28.6,28.1,28.1,29,30.7,31.9,31,31.3,27.9,30.9,31.6,27.7,28.4,65,60,73,79,82,68,71,67,76,71,67,67,86,64,68,61,77,68,83,65,74,61,67,77,91,77,80,74,76,80,79,64,61,64,64,81,62,64,78,76,0,0,0,0.1,0.2,0.6,0.8,0,0.5,0.7,0,0.1,0.1,0,0,0,0,0,0,0.1,0,0,0,0,1,0,0,0,0,0,0.3,0,0,0,0,0.2,0,0.2,0.2,0,27.6,29.2,23.8,25.3,22.7,26.3,19.5,22.1,23.5,21.8,23.8,24.8,15,32.5,17.9,32.8,27.4,25.2,19.8,24.1,30.4,23.6,27.2,23.7,29.7,26.6,21.7,20,27.4,14.6,22.7,25.5,25.2,27.7,26.9,28.9,27.8,22.6,29.5,32.4,,,,,,,,,,,,,,,,,,,,,,,,,,,,,,,,,,,,,,,,,28.8,29.3,27.4,27.9,28.6,30.2,28.3,29.7,30.6,30.8,29.5,27.7,30.1,26.4,29.3,29.5,28.8,26.3,26.6,29.2,29.3,29.4,28.9,30.3,27.2,30.4,29.8,29.2,29.7,29.3,28.7,77,69,79,82,72,71,78,74,70,70,70,80,67,88,75,74,78,90,85,74,73,70,76,67,86,71,68,74,72,76,75,0.6,0.2,0.2,1.5,0,1.1,0.6,0.5,2.3,0.7,0,0.7,0,1.8,1.1,0.7,1.8,0.9,0.6,0.5,0.1,0,1,0.1,4.5,1.1,0,0.4,0,3,2.4,23.1,21.7,16,23,37.2,31.5,21.5,28,14.5,25.8,28.4,27.3,15.6,13,29,18.8,31.4,20.6,18.9,23.3,26.1,24.6,24.2,27.2,29.2,25.1,36.9,23.5,18,16.3,16.4,27.7,30.6,24.1,25.6,43.9,40.3,25.2,35.6,22.7,34.9,34.2,39.6,21.6,13,34.6,23,36.4,27,21.2,27.7,29.5,28.4,34.6,34.2,34.6,31.3,45.4,27.7,20.5,22.3,17.6,,,,,,22.2204,114.2127
2026-09-01T16:00,30.8,32.3,28.7,28,27.1,30.9,30.2,31.7,29,30.3,30.6,30.8,26.8,30.3,31.4,30.3,28.1,29.3,26.7,31.8,28.1,31.4,30.4,29.1,25,27.8,28.1,29.1,28.1,28.4,29.1,30.6,31.3,30.9,31,27.8,30.7,31.6,27.4,28.2,66,60,71,82,79,65,72,66,77,72,67,66,85,64,67,63,76,72,87,66,75,62,67,75,92,77,81,72,76,78,76,64,65,64,67,82,63,64,80,76,0,0,0,0.5,0,0,0.6,0,0.1,0.9,0,0,0,0,0,0,0,0.1,0.4,0.1,0,0,0,0,2.9,0,0,0,0,0,0.3,0,0.1,0,0.1,0.2,0,0,0.2,0,28.1,27,25.2,25.1,24.9,25.9,21.5,20.1,16.9,21.4,22.8,23.1,17.3,29.5,17.3,32.1,29.3,25.7,15.2,22.9,29.7,23.7,25.2,23.1,28.8,27.6,21.5,20,26.8,15,23.8,26.6,22.1,26.1,25.3,27.7,25.3,22,29.2,31.8,,,,,,,,,,,,,,,,,,,,,,,,,,,,,,,,,,,,,,,,,28.8,29.3,27.4,27.7,28.6,30.2,28.4,29.6,30.5,30.6,29.3,28.4,30.3,26.4,29.2,29.5,28.7,26.5,26.3,29.2,29.4,29,29,30.2,26.8,30.3,29.6,29.1,29.4,29.4,28.4,78,70,79,82,72,71,78,74,71,71,69,77,68,88,76,74,79,89,86,74,73,70,74,67,90,71,69,74,73,76,78,0.6,0.2,0.2,1.5,0,1.1,0.6,0.5,2.3,0.7,0,0.7,0,1.8,1.1,0.7,1.8,0.9,0.6,0.5,0.1,0,1,0.1,4.5,1.1,0,0.4,0,3,2.4,24.2,21.3,16.4,18.2,38.9,33.7,24.2,27.7,16.1,25.3,31.9,25.9,17.6,14.9,30.7,19.8,32.4,21.8,20.9,25.5,25.5,27.4,23.2,28.8,32.9,26.8,37.6,24.9,18.4,15.6,18.2,29.9,31.3,23.8,21.6,46.1,44.6,28.1,35.6,23,35.6,40.3,40.3,25.2,15.8,36.7,25.6,39.2,28.4,22.7,31.3,29.2,31,37.8,38.5,37.8,34.2,47.5,29.9,20.9,22.3,19.1,,,,,,22.2204,114.2127
2026-09-01T17:00,30.3,31.7,28.4,27.6,27.2,30.7,29.9,30.8,29.1,30.3,30.2,30.7,26.7,30.2,30.7,29.6,27.6,26.8,26.5,31.6,28,30.9,30.1,28.9,25,27.7,28.4,29.1,28.5,28.6,29.1,30.2,31.4,30.4,30.4,27.6,30.3,30.8,27.3,27.8,67,64,73,84,78,66,72,70,77,72,69,68,85,64,70,65,78,88,87,66,75,64,68,75,93,76,81,73,74,77,75,66,64,65,70,83,66,68,81,77,0,0.2,0,0.8,0,0,0.3,0.6,0,0,0.2,0.1,0,0,0.2,0,0,1.2,0.7,0.3,0,0,0,0,4.6,0,0,0,0,0,0,0,0,0,0.3,0.2,0,0.4,0.5,0.1,29.4,23.8,21.8,24.8,26.3,23.4,20.8,16.7,17,18.3,21.7,22.1,20,28.9,16.7,30.8,29.2,23,13,21.1,27.7,22.6,24.5,19.8,28.7,26.5,20.5,18.6,25.9,15,23.8,26.1,20.1,23.8,21.4,26,23.8,20.1,28.1,31.7,,,,,,,,,,,,,,,,,,,,,,,,,,,,,,,,,,,,,,,,,28.7,29.2,27.4,27.7,28.4,30.1,28.4,29.6,30.4,30.3,29,28.8,30.4,26.6,29.1,29.5,28.5,26.8,26.2,29.1,29.4,28.6,29.1,30.1,26.6,30.2,29.4,29,29.2,29.5,28.2,78,70,80,81,72,71,78,74,72,72,69,75,69,87,76,74,79,88,87,74,73,70,73,67,91,71,69,74,74,76,80,0.6,0.2,0.2,1.5,0,1.1,0.6,0.5,2.3,0.7,0,0.7,0,1.8,1.1,0.7,1.8,0.9,0.6,0.5,0.1,0,1,0.1,4.5,1.1,0,0.4,0,3,2.4,25.7,20.9,18.1,16.2,39.6,35.8,26.2,28.1,17.9,26,34.8,26,19.4,15.1,33,21.8,33.2,23.1,22.9,27.6,25.2,29.7,23.7,29.9,34.9,27.8,38,25.7,18.9,16.9,19.9,32.4,31.3,24.1,21.2,47.5,48.2,30.6,36.7,24.8,37.1,45,41.4,28.8,17.6,38.9,29.2,41.8,30.2,24.8,34.6,29.9,33.5,41,41.4,40.7,36.4,48.6,31.3,22,24.5,21.6,,,,,,22.2204,114.2127
2026-09-01T18:00,29.4,31.1,28.1,27.3,26.8,30.1,29.6,29.6,28.9,29.7,29.9,30.1,26.6,29.4,29.8,28.9,27.2,26.2,26.5,30.8,27.9,30,29.6,28.7,25.2,27.5,28.4,28.9,28.1,28.5,28.5,29.5,30.8,29.7,30.1,27.6,29.1,30.2,27,27.3,70,66,74,85,78,68,74,77,77,75,69,70,85,67,74,68,78,90,87,69,75,68,69,76,91,77,80,74,76,78,76,69,66,68,69,83,71,69,82,78,0,0.2,0,0.8,0,0,0,0.9,0,0.2,0,0.4,0,0,0.1,0,0,2.5,1.3,1.4,0,0,0,0,2.4,0,0,0,0,0,0,0,0,0.1,0,0.2,0,0.1,0.5,0.4,28.9,21.5,20.8,24.4,28.9,24.3,19.1,15.6,14.1,14.9,20.9,20.1,19.2,28,12,27.4,28.5,16.7,8.9,20.1,27.8,20.9,24.8,15.3,28.4,22.1,13.8,17,23.8,14.7,22,25.7,17.8,20.5,19.2,24.5,21.6,16.2,24.8,30.3,,,,,,,,,,,,,,,,,,,,,,,,,,,,,,,,,,,,,,,,,28.6,29.1,27.5,27.9,28.1,29.8,28.2,29.6,30.2,30,28.6,28.8,30.3,27,28.8,29.5,28.3,27,26.2,28.9,29.3,28.4,29.2,30.1,26.8,29.8,29.2,28.8,29,29.6,28.2,79,70,80,79,73,71,79,73,73,72,70,74,70,84,76,74,79,87,87,73,73,70,72,67,88,72,69,74,75,75,80,1.3,0,0.8,0.2,0,0,1.1,0.8,2.6,1.2,0,0.5,0.3,0.9,0.5,0.4,1.3,1.2,0.3,0.4,0.8,0,0.2,0.1,1.1,0.4,0,0.6,0.6,1,2,27.8,20.5,17.8,20.2,39.6,37.3,26.9,30.3,20.6,28.6,37.3,28.5,21.7,11.3,35.8,25.5,34.4,25.1,24.3,28.7,25.8,30.2,27,29.2,34.3,28.3,37.4,25.5,19.2,20.7,20.7,34.9,29.9,25.2,28.8,47.9,51.5,32,40.3,29.2,41,47.9,43.9,33.1,17.3,42.1,35.3,43.6,32.8,27.4,37.4,32.4,36,45,41.8,43.2,37.8,48.6,30.6,23.4,30.2,26.3,,,,,,22.2204,114.2127
2026-09-01T19:00,28.7,30.5,27.8,27,26.4,29.5,29,28.4,28.8,29.3,29.5,29.4,26.7,29,29.4,28.4,27,26.4,26.1,29.9,27.7,29.3,28.9,28.4,25.4,27.4,28.3,28.7,27.8,28.2,27.8,28.8,30.2,29.3,29.6,27.6,28,30.1,26.9,26.9,73,66,75,87,82,70,76,82,77,76,70,72,83,68,75,69,77,88,90,71,75,70,72,77,90,78,80,74,77,79,81,72,68,69,70,83,77,68,82,79,0,0,0,0,0,0,0.1,1.6,0,0.2,0,0,0,0,0.1,0,0,1,2,1.4,0,0,0,0,0.7,0,0,0,0,0,0.1,0,0,0,0,0.1,0.4,0,0.2,0,27.5,21,21.3,24.5,26,23.1,18.2,14,14.4,10.1,19.8,18,18.2,28.3,7.6,25.1,28.9,16.4,7.9,18.4,29.8,22.4,22,14.1,24.3,20.8,10.8,14.4,21.1,14.3,19.8,25,17.3,18.1,17.7,24.1,16.2,13.4,23.6,30.5,,,,,,,,,,,,,,,,,,,,,,,,,,,,,,,,,,,,,,,,,28.4,29,27.7,28.2,27.6,29.4,28,29.6,29.9,29.7,28.1,28.6,30,27.6,28.5,29.5,28,27.3,26.2,28.6,29.2,28.3,29.4,30,27.2,29.2,28.9,28.6,28.9,29.7,28.3,79,70,80,77,74,71,80,72,73,72,71,74,70,80,76,74,79,85,87,72,73,71,71,66,83,73,70,75,76,73,79,1.3,0,0.8,0.2,0,0,1.1,0.8,2.6,1.2,0,0.5,0.3,0.9,0.5,0.4,1.3,1.2,0.3,0.4,0.8,0,0.2,0.1,1.1,0.4,0,0.6,0.6,1,2,29.6,20.3,16.7,28.8,38.9,38.3,27.6,32.9,23.4,31.6,39.2,32.4,24.2,6,38.6,30.7,36.6,27.8,25.1,29.9,27.8,29.9,31.9,27.8,32.3,28.4,37,24.5,20.6,25.6,23.2,37.1,28.1,26.6,40.3,47.5,54,32.8,45,34.9,46.1,49.7,47.5,37.4,15.8,45.7,42.5,45,35.3,30.6,40,36.4,38.5,49,41,45,38.5,47.9,29.2,25.6,37.8,32,,,,,,22.2204,114.2127
2026-09-01T20:00,28.3,30.1,27.6,26.7,26.7,29.3,28.7,28.5,28.7,29,29.2,29,26.7,28.8,29.2,27.2,27.1,26.9,26,29.3,27.4,28.1,28.6,28.1,25.6,27.4,28.3,28.5,27.8,28,27.8,28.4,30.1,29.1,29.2,27.4,28.3,29.8,26.8,26.7,74,68,75,87,80,68,76,83,77,77,70,73,82,67,76,77,77,84,91,73,75,75,72,79,88,79,80,74,76,78,80,73,67,69,70,84,74,67,83,80,0,0,0,0,0,0,0.1,0.1,0,0,0,0,0,0,0,0.5,0,0.9,2.7,0.9,0,0,0,0.4,0.8,0,0,0,0,0,0,0,0,0,0,0.2,0,0,0.2,0,27.7,18.5,22.3,24.4,22.6,19.9,18.8,8.9,14.6,9.4,19.1,17.5,16.4,26.8,6.1,26.7,29.3,17.3,6.8,19.7,29,23,18.5,12.2,20.6,21.4,10.2,15.2,20.9,16,18.4,26,19.1,18.8,20.6,24.5,17.7,13.1,21.1,29.7,,,,,,,,,,,,,,,,,,,,,,,,,,,,,,,,,,,,,,,,,28.3,28.9,28,28.5,27.3,29.1,27.8,29.6,29.7,29.4,27.9,28.4,29.7,28,28.2,29.4,27.7,27.5,26.4,28.4,29,28.2,29.5,30,27.5,28.8,28.5,28.2,28.7,29.8,28.4,79,70,79,75,75,71,81,71,73,72,71,74,71,77,76,74,79,84,86,71,73,71,70,66,79,74,70,77,77,72,78,1.3,0,0.8,0.2,0,0,1.1,0.8,2.6,1.2,0,0.5,0.3,0.9,0.5,0.4,1.3,1.2,0.3,0.4,0.8,0,0.2,0.1,1.1,0.4,0,0.6,0.6,1,2,30.4,19.9,16.4,35.6,37.4,38.1,27.8,34,25.5,33.5,38.9,34.9,25.4,5.8,39.7,34.6,38.8,29.3,26.6,31,29.2,29.9,35.1,26.7,29.5,28,36.1,24.2,23.8,29.2,27.1,38.9,27,29.2,48.2,45.7,55.4,33.5,47.5,38.9,48.2,50.4,50,40.3,15.8,47.5,47.5,46.4,37.4,34.9,42.1,38.2,40.3,51.8,40.7,45,39.2,46.8,28.8,29.5,43.2,36.4,,,,,,22.2204,114.2127
2026-09-01T21:00,28,29.6,27.4,26.6,26.7,29.2,28.5,28.2,28.5,28.8,28.9,28.6,26.7,28.6,28.9,27.2,27.1,27.1,26.1,29,27.1,27.8,28.4,28,26,27.2,28.3,28.4,27.5,27.7,27.6,27.9,29.6,28.9,28.8,27.4,28,29.6,26.8,26.7,75,69,75,86,79,68,76,83,77,76,70,73,82,68,76,77,76,81,90,73,76,75,73,79,85,80,79,74,77,78,80,74,69,69,70,84,74,67,82,80,0.3,0,0.1,0,0,0,0,0.5,0.3,0,0,0,0,0,0,0.2,0,0,1.9,0,0,0,0,0,0.3,0,0,0,0.1,0,0,0,0,0,0,0,0,0,0,0,28.6,18.7,22.3,23.4,22.2,18.8,18.4,9.4,16,10.2,19.4,16.6,16.3,25.8,9,25.3,28.9,19.7,7.4,19.5,28.2,20.5,18,12.9,19.8,21.8,9.5,14.5,21.3,15,17.8,26.4,19,19.3,21,23.5,18.2,11.8,21.6,28.4,,,,,,,,,,,,,,,,,,,,,,,,,,,,,,,,,,,,,,,,,28.4,28.7,28.3,28.5,27.1,29.1,27.6,29.5,29.6,29,28.1,28.4,29.5,28,28,29,27.4,27.5,26.6,28.5,28.7,28,29.3,29.9,27.7,28.7,28,27.6,28.5,29.7,28.4,78,71,77,74,76,71,82,71,73,73,70,73,71,76,75,74,79,85,84,71,74,71,70,66,76,73,70,81,78,72,78,0.4,0.1,0.1,0,0,0,1.1,0.3,0.4,0.6,0,0.2,0,0.1,0.5,0,1.3,0.9,0.2,0,0.2,0,0.1,0,0,0,0,1.3,1,0,1.9,29.5,19.2,16.9,37.4,33.7,36.4,27.8,32.1,25.6,32.7,35.1,35.3,24.5,9.9,37.5,36.2,40.4,29.5,29.6,31.7,28.8,30.5,35,26.7,25.8,27.1,34.6,26.1,28.8,29.3,27.4,39.6,26.6,33.1,49.3,41,54,34.6,46.1,38.9,45,49,51.5,39.6,18.4,45.7,47.9,49,38.5,42.5,44.3,36.4,41.4,52.6,41.4,41.4,40,44.6,31.3,36.7,44.6,37.1,,,,,,22.2204,114.2127
2026-09-01T22:00,27.7,29.3,27.3,26.6,26.9,29.1,28.3,28,28.3,28.7,28.7,28.2,26.6,28.4,28.7,27.6,27.3,27.4,26.5,29,26.8,27.8,28.4,28,26.3,27,28.4,28.3,27.1,27.5,27.5,27.5,29.1,28.8,28.4,27.5,28,29.3,26.8,26.8,75,69,75,84,78,68,75,82,77,74,70,73,83,68,75,75,76,79,87,72,76,74,73,79,81,80,78,73,79,77,79,74,70,69,70,83,74,68,81,81,0.3,0,0.1,0,0,0,0,0.5,0.3,0,0,0,0,0,0,0.2,0,0,1.9,0,0,0,0,0,0.3,0,0,0,0.1,0,0,0,0,0,0,0,0,0,0,0,30,19.5,22.3,22.1,22.3,17.7,18.4,11,18.2,12.1,19.7,16.2,16.2,24.8,14.7,24,28.7,23.5,8.8,19.1,27.1,17.9,18.2,14.7,19.8,22.4,9.7,13.9,21.7,13.9,17.2,26.7,18.8,20.6,20.9,22.6,19.7,11.2,22.4,27.2,,,,,,,,,,,,,,,,,,,,,,,,,,,,,,,,,,,,,,,,,28.4,28.6,28.6,28.5,27,29.3,27.5,29.4,29.5,28.6,28.5,28.4,29.4,27.8,27.8,28.5,27.2,27.3,26.9,28.6,28.3,27.8,29,29.7,27.8,28.8,27.5,26.8,28.3,29.5,28.5,76,72,75,73,77,70,82,72,72,74,69,72,71,75,75,74,80,87,83,71,74,72,71,66,74,72,69,86,79,72,79,0.4,0.1,0.1,0,0,0,1.1,0.3,0.4,0.6,0,0.2,0,0.1,0.5,0,1.3,0.9,0.2,0,0.2,0,0.1,0,0,0,0,1.3,1,0,1.9,27.8,18.4,19.6,37.4,29,33.5,27.3,29.4,24.7,30.4,30.8,34.4,23.3,15,33.3,36.3,41.4,29,33.2,31.8,27.5,31.5,32.8,27.8,22.3,26.6,34.1,29,35.6,27.5,26,39.6,27,37.8,47.2,34.9,51.5,35.3,42.5,37.1,38.9,46.1,52.6,37.1,22,41.8,46.1,51.1,38.9,51.5,46.4,33.1,42.1,51.8,42.5,35.6,40.7,41.8,34.6,45.4,43.6,36.4,,,,,,22.2204,114.2127
2026-09-01T23:00,27.4,28.9,27.1,26.6,26.9,29,28.1,27.9,28,28.5,28.4,27.9,26.6,28.2,28.5,27.8,27.4,27.5,26.7,28.9,26.5,27.8,28.3,28,26.6,26.8,28.4,28.2,26.7,27.3,27.4,27.1,28.7,28.6,28,27.5,27.9,29.1,26.8,26.8,76,70,76,83,77,68,75,81,77,72,71,73,83,69,75,73,75,77,85,71,77,74,73,79,79,80,77,73,81,77,78,75,72,69,71,82,73,69,80,81,0.3,0,0.1,0,0,0,0,0.5,0.3,0,0,0,0,0,0,0.2,0,0,1.9,0,0,0,0,0,0.3,0,0,0,0.1,0,0,0,0,0,0,0,0,0,0,0,30.6,20.3,22.1,20.9,22.6,17.2,18,13.2,19.7,14.1,19.6,15.6,16.6,24.7,18.9,23.7,27.9,26.4,10.5,19.7,27.2,16.9,18.4,16,20.4,22.7,10.2,13.7,22.4,13.3,17.1,26.9,18.9,21.5,20.9,22.2,20.9,11,23.6,26.4,,,,,,,,,,,,,,,,,,,,,,,,,,,,,,,,,,,,,,,,,28.5,28.5,28.7,28.4,26.9,29.3,27.4,29.3,29.4,28.4,28.8,28.4,29.2,27.7,27.7,28.1,27,27.3,27.1,28.7,27.9,27.6,28.8,29.5,27.9,28.8,26.9,26.3,28.2,29.2,28.5,75,72,73,72,78,70,82,72,71,75,68,71,71,75,74,74,80,87,81,71,75,72,71,66,72,71,69,89,80,72,80,0.4,0.1,0.1,0,0,0,1.1,0.3,0.4,0.6,0,0.2,0,0.1,0.5,0,1.3,0.9,0.2,0,0.2,0,0.1,0,0,0,0,1.3,1,0,1.9,27.2,19.3,23.1,37.5,25.4,32.1,26.9,28.1,24.4,28.2,28.3,34,23.1,19.4,30.3,35.8,41.5,28.8,34.7,31.3,25.9,32,30.7,30.1,21.1,27.8,34.7,29.5,41.2,27.1,25.8,40.3,28.8,41.4,45.7,31.3,49.3,36,40.3,35.6,34.6,43.9,52.9,36.4,25.9,39.2,44.6,52.6,38.5,55.8,47.2,30.6,42.5,50.4,44.6,32.8,41.4,40.3,36.4,51.8,42.8,36.4,,,,,,22.2204,114.2127
2026-09-02T00:00,26.8,28.4,26.6,26.7,26.8,28.7,27.9,27.8,27.8,28.2,28.2,27.5,26.7,27.9,28,27.7,27.4,27.2,26.7,28.6,26.2,27.6,28,27.8,26.6,26.7,28.3,28.1,26.2,27,27.1,26.8,28.2,28.3,27.6,27.5,27.6,28.8,26.6,26.7,79,70,79,83,77,69,75,80,77,72,72,74,82,70,75,72,75,78,82,72,77,75,73,79,79,79,76,73,83,77,78,76,73,69,72,82,73,70,79,81,3.1,0,0.9,0,0,0,0,0,0.3,0,0,0,0,0,0,0,0,0,0,0,0,0,0,0,0,0,0,0,1.3,0,0,0,0,0,0,0,0.1,0,0,0,30,20.4,21.9,20.2,22.4,17.5,18,15,19.8,15,18.6,15.6,16.6,25.4,20.5,24.7,26.6,27.7,12.2,20.5,28.3,17.1,19,16.5,21.6,22.1,10.6,13.6,22.7,14.4,16.6,26.7,19.1,21.6,20.6,23,20.7,11.6,24.5,26.7,,,,,,,,,,,,,,,,,,,,,,,,,,,,,,,,,,,,,,,,,28.4,28.4,28.6,28.2,26.6,29.1,27.4,29.1,29.1,28.3,28.7,28.3,28.9,27.6,27.5,27.9,27,27.4,27.1,28.6,27.6,27.7,28.7,29,27.8,28.7,26.2,26.2,28,28.7,28.5,74,71,72,72,79,70,81,71,71,75,68,71,71,75,74,74,79,85,80,71,75,72,71,67,72,71,71,88,80,72,80,0,0,0,0,0.3,0,0.4,0,0,0,0,0,0,0.2,0.1,0,0,0.7,0.1,0,0,0,0,0,0,0,0.7,0.5,0.3,0,1.6,28.1,23.2,26.6,38.5,24.2,32.6,26.6,29.3,25.3,26.3,27.6,34.6,24.4,22.2,29.9,35.3,39.7,28.3,31.3,30.3,24.5,31.7,29.4,33.7,22,29.6,35.3,24.7,42.8,28.9,28.4,42.1,33.5,43.2,46.1,32.4,49,36.4,41.8,36,34.2,43.2,52.9,39.2,29.9,39.6,44.3,51.5,37.4,51.1,45.7,29.5,42.8,47.2,49,34.6,42.1,42.1,33.5,54.7,42.8,38.9,,,,,,22.2204,114.2127
2026-09-02T01:00,26.1,28,26,26.8,26.6,28.4,27.8,27.8,27.5,27.9,28,27.2,26.9,27.6,27.4,27.4,27.3,26.8,26.7,28.2,25.9,27.4,27.7,27.6,26.4,26.5,28.1,27.9,25.7,26.8,26.8,26.5,27.9,27.9,27.3,27.4,27.2,28.5,26.5,26.5,84,71,83,84,78,69,75,80,77,72,73,74,80,71,76,71,74,79,80,74,78,76,74,78,79,78,76,72,84,77,79,77,74,70,73,81,74,70,78,82,3.1,0,0.9,0,0,0,0,0,0.3,0,0,0,0,0,0,0,0,0,0,0,0,0,0,0,0,0,0,0,1.3,0,0,0,0,0,0,0,0.1,0,0,0,28.9,20,21.4,20.4,21.9,18.1,18.5,16.9,19.9,15.7,17.1,15.6,16.3,27.1,20.6,26.5,25.4,28,14.2,22,29.6,18,19.5,16.6,23.5,21.4,11.5,13.7,22.9,16.4,15.9,26.1,19.3,21.9,20.2,24.5,20.1,12.8,25.5,27.2,,,,,,,,,,,,,,,,,,,,,,,,,,,,,,,,,,,,,,,,,28.2,28.3,28.3,27.9,26.4,28.7,27.5,29,28.8,28.4,28.5,28.1,28.5,27.6,27.4,27.8,27.1,27.6,26.9,28.4,27.4,27.8,28.6,28.5,27.6,28.6,25.4,26.5,27.9,28,28.4,74,69,71,73,80,71,79,71,70,75,68,71,70,75,74,74,77,82,80,71,74,71,71,68,73,71,74,84,79,72,79,0,0,0,0,0.3,0,0.4,0,0,0,0,0,0,0.2,0.1,0,0,0.7,0.1,0,0,0,0,0,0,0,0.7,0.5,0.3,0,1.6,30.5,29.2,30,39.5,25.2,33.5,26.6,31.6,27,26.2,26.8,35.4,27,24.3,30.5,35.1,37.4,27.5,25.9,28.7,23.9,31.7,29.3,38.3,23.4,31.5,35.7,19.8,42.4,31.7,32,44.3,39.6,43.6,47.5,36,49,36.4,45,37.1,36,42.8,52.6,43.9,33.8,41,43.9,49,35.6,41.8,43.6,29.5,42.8,43.2,54.4,38.9,43.2,45,28.8,55.1,42.5,42.5,,,,,,22.2204,114.2127
2026-09-02T02:00,25.6,27.6,25.6,26.9,26.4,28,27.7,27.6,27.2,27.5,27.8,26.9,27,27.3,26.9,27.1,27.2,26.4,26.6,27.9,25.7,27.2,27.5,27.4,26.2,26.3,27.8,27.7,25.3,26.6,26.5,26.3,27.5,27.5,27.1,27.3,26.8,28.2,26.3,26.4,87,71,86,84,78,70,75,79,77,72,75,75,79,72,77,72,74,81,78,75,78,77,74,78,80,77,75,72,85,77,79,78,75,71,74,81,74,71,78,82,3.1,0,0.9,0,0,0,0,0,0.3,0,0,0,0,0,0,0,0,0,0,0,0,0,0,0,0,0,0,0,1.3,0,0,0,0,0,0,0,0.1,0,0,0,28,19.6,20.9,20.8,22.1,18.5,19,18.7,19.9,16.1,15.8,15.8,16.5,28.2,20.7,27.8,24,28,16,22.5,31,18.6,19.7,16.6,24.9,20.9,12.2,13.6,22.9,18.4,15.8,25.8,19.5,21.3,20.2,25.6,19.7,13.7,26,27.6,,,,,,,,,,,,,,,,,,,,,,,,,,,,,,,,,,,,,,,,,28.1,28.2,28,27.7,26.3,28.4,27.6,28.7,28.5,28.4,28.3,27.9,28.2,27.6,27.2,27.7,27.2,27.7,26.8,28.1,27.2,27.8,28.4,28.1,27.5,28.4,24.9,26.7,27.8,27.4,28.4,73,68,70,74,81,71,78,70,70,74,68,71,70,75,74,74,76,79,80,71,74,70,71,68,73,71,76,81,79,72,79,0,0,0,0,0.3,0,0.4,0,0,0,0,0,0,0.2,0.1,0,0,0.7,0.1,0,0,0,0,0,0,0,0.7,0.5,0.3,0,1.6,32.6,33.5,32.6,39.9,28.1,34.6,26.8,32.6,28.7,27.9,26.5,35.8,29,26,30.9,34.9,36.2,27.4,23.2,27.9,25.3,32.1,29.3,40.5,25,32.6,35.2,19.6,40.4,32.7,34.5,46.4,44.6,44.6,48.6,40.3,49,36.7,46.8,38.2,38.2,42.5,51.1,46.8,37.4,42.5,43.9,47.5,34.9,35.3,41.4,31.7,43.6,40.3,58,42.8,43.6,47.2,27,54,41.8,44.6,,,,,,22.2204,114.2127
2026-09-02T03:00,25.4,27.3,25.6,26.8,26.3,27.8,27.5,27.3,26.9,27.2,27.3,26.6,27.1,27,26.4,26.5,27.1,26,26.5,27.6,25.7,26.8,27.3,27.3,26.1,26.1,27.5,27.6,25.2,26.5,26.2,26,27.1,27.2,26.8,27.2,26.6,27.9,26,26.3,88,71,86,83,77,70,75,79,78,73,77,75,78,72,78,75,74,82,78,76,78,78,74,78,80,77,75,72,85,77,79,79,76,72,75,80,74,71,78,82,0.3,0,0.3,0,0,0,0,0,0.8,0,0.3,0,0,0,0,0,0,0.1,0,0,0.7,0,0,0,0,0.1,0,0,0,0,0,0,0,0,0,0,0.3,0,0,0,28,19.2,20.2,22.1,23,18.2,19,19.6,20.1,15.9,15.5,16.1,16.8,28.8,20.9,28.3,22.8,28.5,16.6,22.3,32.9,19.2,19.2,16.5,25.1,20.2,12.7,13.7,22.7,19.6,15.8,25.5,19.1,20.3,20.2,26.4,19.2,13.9,26,26.8,,,,,,,,,,,,,,,,,,,,,,,,,,,,,,,,,,,,,,,,,27.9,27.9,27.8,27.6,26.5,28,27.7,28.3,28,28,28,27.6,28,27.4,26.9,27.6,27.3,27.7,26.5,27.9,27.1,27.7,28.1,27.8,27.3,28,24.7,26.8,27.5,27.2,28.3,73,68,70,74,80,71,77,70,70,73,68,72,70,75,74,74,75,78,81,71,74,70,71,68,73,71,77,79,79,72,79,0,0,0,0,0.1,0,0.1,0,0,0.4,0,0,0,0.2,0,0,0,0.4,0.2,0,0,0,0,0,0,0,3.2,0,0.6,0,1.2,33.4,33.9,34.6,39.7,32.3,35.1,27.5,30.9,29.3,29.8,26.3,34.3,29.8,27.9,30,33.9,36.6,27.9,23.9,27.3,29.2,33.4,29.2,38.9,26.1,31.7,33.7,22.1,36.4,29.9,34.3,48.6,47.2,46.4,50.4,44.6,49,37.4,45.7,38.9,41,42.1,47.9,46.4,40.3,42.8,43.9,47.9,36.7,35.3,40.7,37.1,45.4,39.2,58,45.7,43.2,46.8,30.6,50,40.3,43.6,,,,,,22.2204,114.2127
2026-09-02T04:00,25.3,27,25.7,26.7,26.1,27.6,27.2,26.8,26.7,26.8,26.8,26.3,27.1,26.7,26.1,25.7,27,25.6,26.4,27.4,25.7,26.3,27.1,27.1,26,25.9,27.1,27.4,25.3,26.4,26,25.8,26.7,26.9,26.6,27.1,26.4,27.5,25.8,26.2,87,72,84,82,77,70,76,78,78,73,80,74,77,73,79,78,74,83,78,77,78,79,73,78,79,78,74,73,84,77,78,80,77,73,76,79,74,72,78,82,0.3,0,0.3,0,0,0,0,0,0.8,0,0.3,0,0,0,0,0,0,0.1,0,0,0.7,0,0,0,0,0.1,0,0,0,0,0,0,0,0,0,0,0.3,0,0,0,28,18.7,19,23.7,24.2,17.5,18.6,20.4,20.2,15.5,15.6,16.3,17.5,29,20.3,28.8,21.4,28.9,17.1,21.7,34.5,19.7,18.7,15.6,24.3,19.1,13,13.9,22.1,20.7,15.8,25.2,18.7,18.9,19.9,26.9,18.9,13.4,25,25.5,,,,,,,,,,,,,,,,,,,,,,,,,,,,,,,,,,,,,,,,,27.8,27.5,27.6,27.7,26.8,27.6,27.7,27.8,27.6,27.6,27.6,27.2,27.7,27.3,26.7,27.4,27.4,27.7,26.2,27.6,27,27.5,27.7,27.6,27.2,27.6,24.7,26.8,27.2,27.1,28.2,72,68,70,73,79,71,76,70,69,73,68,73,70,75,74,75,75,77,82,70,73,69,71,67,72,72,78,77,79,72,79,0,0,0,0,0.1,0,0.1,0,0,0.4,0,0,0,0.2,0,0,0,0.4,0.2,0,0,0,0,0,0,0,3.2,0,0.6,0,1.2,33.5,32,35.9,38.5,37.2,35.5,28.8,28.3,29.3,31.6,26.1,32,30.1,29.7,28.3,32.6,38.2,29.4,25.2,26.9,33.9,35.2,28.4,35.5,26.5,29.7,31.7,25,32.1,25.6,32.8,50.4,48.6,48.6,52.2,49.7,48.6,38.2,43.2,39.6,44.3,41.8,43.6,44.3,42.5,42.8,43.6,49,39.6,37.8,40.7,44.6,47.5,39.6,55.8,47.9,42.5,45.7,37.1,43.9,38.2,41,,,,,,22.2204,114.2127
2026-09-02T05:00,25.3,26.8,25.9,26.6,26,27.3,27,26.5,26.4,26.6,26.4,26.2,27.1,26.4,25.9,25.2,26.9,25.2,26.4,27.2,25.6,26,27,27,26,25.7,26.8,27.3,25.4,26.4,25.9,25.7,26.5,26.7,26.4,26.9,26.3,27.2,25.7,26.1,87,72,82,81,76,71,76,78,79,74,81,74,77,73,79,81,74,84,78,77,78,79,73,78,79,79,74,73,83,77,78,80,77,74,77,79,74,72,78,83,0.3,0,0.3,0,0,0,0,0,0.8,0,0.3,0,0,0,0,0,0,0.1,0,0,0.7,0,0,0,0,0.1,0,0,0,0,0,0,0,0,0,0,0.3,0,0,0,27.6,18.4,18.1,24.8,25,16.7,18.3,20.9,19.9,15.1,15.6,16.3,17.8,29.4,19.7,28.3,20.6,28.9,17.9,21.4,34.8,20.2,18,15.5,24,18.5,13.4,14.3,21.9,21.5,16.3,25.2,18.4,17.9,20.1,27,18.6,12.9,24.5,24.7,,,,,,,,,,,,,,,,,,,,,,,,,,,,,,,,,,,,,,,,,27.7,27.2,27.5,27.8,27,27.2,27.7,27.5,27.2,27.3,27.3,27,27.5,27.2,26.5,27.2,27.5,27.6,26,27.4,26.9,27.3,27.3,27.5,27.2,27.3,24.7,26.9,27,27,28.1,72,68,70,72,78,71,75,70,69,72,68,74,70,75,74,75,74,77,83,70,73,69,71,66,72,72,79,76,78,72,79,0,0,0,0,0.1,0,0.1,0,0,0.4,0,0,0,0.2,0,0,0,0.4,0.2,0,0,0,0,0,0,0,3.2,0,0.6,0,1.2,33.3,30.6,36.8,37.1,40.7,35.3,29.6,26.7,29.2,32.7,26.1,30.9,29.7,30.5,26.8,31.2,39.3,30.7,27,26.3,37.1,36.2,27.9,32.4,26.9,28.2,30.2,26.8,29.6,22.6,31.3,51.5,50,50.4,52.6,53.3,48.2,38.9,41.4,40,46.8,41.4,41.4,42.8,43.6,42.8,43.2,50.4,41.8,40.3,40,50.4,48.6,39.6,53.6,49,41,44.6,42.1,40,36.7,38.9,,,,,,22.2204,114.2127
2026-09-02T06:00,25.1,26.6,26,26.5,25.9,26.8,26.8,26.4,26.2,26.5,26.3,26.1,27.1,26.1,25.9,25,26.8,24.8,26.4,26.9,25.4,25.9,26.8,26.9,25.9,25.5,26.7,27.2,25.4,26.3,25.8,25.6,26.4,26.5,26.3,26.7,26.3,27,25.6,25.8,87,72,81,80,76,73,76,78,80,74,81,74,77,74,79,82,74,86,78,77,80,79,74,78,79,80,73,73,83,77,78,81,77,75,78,79,74,72,79,85,1.7,0,0,0,0.2,0.2,0,0,0.6,0,0,0,0,0,0,0.2,0,1,0,0,1.2,0,0,0,0,0,0,0,0,0,0,0,0,0,0,0,0,0,0,1.4,26.1,17.8,17.2,24.7,25,15.6,17.6,21.4,19,15,15.3,15.5,17.6,29.8,18.4,26,20.4,27.8,18.8,21.5,33.1,20.6,16.9,15.5,24,18.6,13.1,14,21.9,21.8,17.3,25,17.6,17.7,20.8,27,17.3,12.1,23.7,24.7,,,,,,,,,,,,,,,,,,,,,,,,,,,,,,,,,,,,,,,,,27.6,27.2,27.3,27.8,26.9,26.9,27.7,27.3,26.9,27.2,27.2,26.9,27.2,27.3,26.4,27.1,27.5,27.5,26,27.3,26.7,27.3,27.1,27.3,27.2,27,24.5,26.9,27.1,26.8,28,71,68,70,72,78,72,75,69,69,71,68,74,70,74,74,75,74,77,83,69,73,68,71,66,71,72,80,75,77,72,79,0,0,0,0,0.1,0.4,0,0,0,0.1,0,0.1,0,0,0.1,0.9,0,0,0.1,0,0,0,0,0,0,0,4.8,0.1,0,0,1.1,32.7,31,37.1,34.8,41.3,34.7,30,26.4,28.7,33.3,25.8,32.2,28.7,29.9,26.3,29.5,39.3,31.3,28.4,25,37.1,35.3,28,31.1,26.8,26,30,27.2,28.5,21.1,30.2,50.8,51.8,51.5,49.7,55.4,46.8,38.9,41.4,40.7,47.5,40.7,43.9,42.5,43.2,42.8,42.1,52.2,41.4,41.8,38.2,52.9,47.9,39.6,51.5,48.2,38.9,44.3,44.3,39.2,35.6,37.1,,,,,,22.2204,114.2127
2026-09-02T07:00,25,26.6,26.2,26.5,25.8,26.2,26.6,26.5,26,26.6,26.3,26.1,27,25.7,26.1,25,26.7,24.3,26.4,26.7,25,25.9,26.6,26.8,25.8,25.4,26.6,27.1,25.5,26.3,25.7,25.6,26.5,26.3,26.4,26.6,26.3,26.9,25.7,25.5,88,73,81,78,77,76,77,77,80,74,80,75,78,76,78,81,73,89,78,77,82,78,75,79,79,82,73,74,84,77,78,81,77,75,78,80,75,72,79,88,1.7,0,0,0,0.2,0.2,0,0,0.6,0,0,0,0,0,0,0.2,0,1,0,0,1.2,0,0,0,0,0,0,0,0,0,0,0,0,0,0,0,0,0,0,1.4,24.7,17.1,17.1,23.9,24.7,14.3,17.2,21.8,18.5,14.7,15,14.5,17.4,30,16.3,22.4,20.5,26.2,19.8,21.7,30.6,21.4,16.1,15.6,23.7,19.1,12.5,14,22.5,22.2,18.6,24.5,16.5,17.9,21.7,26.4,16,11,22.7,25.2,,,,,,,,,,,,,,,,,,,,,,,,,,,,,,,,,,,,,,,,,27.5,27.2,27.3,27.9,26.7,26.6,27.6,27.3,26.8,27.4,27.1,26.9,27,27.4,26.5,27,27.4,27.3,26.2,27.3,26.6,27.4,26.9,27.2,27.3,26.8,24.4,26.9,27.4,26.5,27.8,70,67,70,71,77,74,75,68,69,70,67,72,70,73,74,74,73,76,81,69,73,68,71,66,71,71,80,74,75,72,79,0,0,0,0,0.1,0.4,0,0,0,0.1,0,0.1,0,0,0.1,0.9,0,0,0.1,0,0,0,0,0,0,0,4.8,0.1,0,0,1.1,31.9,31.8,36.9,31.7,40.1,33,30.1,26.4,27.4,33.6,25.6,34.5,27,28.5,25.8,27.3,39,31.6,29.9,23.3,35.6,33.3,27.9,30.1,25.9,23.6,30.4,26.8,28.3,21.8,29.4,49,53.6,52.2,45,56.2,45,38.9,41.8,41,47.5,39.6,48.2,42.8,42.1,42.5,40.7,54.4,40.3,43.2,36.4,53.3,46.1,39.6,49,46.4,36,44.6,45,40.3,35.3,35.6,,,,,,22.2204,114.2127
2026-09-02T08:00,24.9,26.9,26.5,26.5,25.8,26,26.6,26.9,26.2,26.9,26.5,26.5,27.1,25.6,26.6,25.4,26.7,24.3,26.7,26.8,24.7,26.1,26.5,26.8,25.9,25.6,26.8,27,25.8,26.5,25.9,25.8,26.9,26.3,26.7,26.5,26.7,27.1,26.2,25.3,88,72,79,77,77,77,76,75,79,73,79,74,78,77,76,79,73,89,77,76,84,77,75,79,79,82,72,74,83,76,77,80,76,75,77,80,74,72,78,90,1.7,0,0,0,0.2,0.2,0,0,0.6,0,0,0,0,0,0,0.2,0,1,0,0,1.2,0,0,0,0,0,0,0,0,0,0,0,0,0,0,0,0,0,0,1.4,24.6,17.7,17.5,24.1,25,14.8,17.4,22.7,18.5,15.9,15.5,14.8,18.3,30.6,15.6,21.4,20.8,25.2,21.4,22.3,28.3,22.4,15.9,15.9,24.2,20.1,13,14.2,23.2,22.5,19.9,24.8,16.3,18.7,22.9,26.2,16.3,11.3,22.4,26,,,,,,,,,,,,,,,,,,,,,,,,,,,,,,,,,,,,,,,,,27.7,27.4,27.4,27.9,26.6,26.4,27.7,27.5,26.9,27.7,27.2,26.9,27,27.6,26.6,27.1,27.4,27.3,26.4,27.3,26.6,27.5,26.9,27.3,27.4,26.8,24.2,27,27.6,26.6,27.7,69,66,69,71,77,75,75,67,69,69,66,72,69,71,73,73,73,76,80,68,73,67,70,66,70,70,81,73,74,71,79,0,0,0,0,0.1,0.4,0,0,0,0.1,0,0.1,0,0,0.1,0.9,0,0,0.1,0,0,0,0,0,0,0,4.8,0.1,0,0,1.1,30.7,32.6,36.7,29.5,38.6,32.1,30.6,26.9,26.7,33.1,26.6,35.6,25.7,28.1,25.1,26,38.7,32,31,22.5,34.2,32.1,28.1,29.9,25.6,22.7,30.7,26.8,28.8,23.7,28.7,46.8,54,52.2,41,56.2,44.3,38.9,42.5,41,46.8,40,51.5,42.5,41.4,41.4,39.2,55.4,39.6,44.3,35.3,53.3,45.4,39.6,46.4,44.3,34.6,44.6,45,41.4,36,34.9,,,,,,22.2204,114.2127
2026-09-02T09:00,24.9,27.9,27.3,26.6,25.9,26.3,27.1,27.9,26.8,27.7,26.9,27.5,27.6,25.9,27.7,26.2,26.8,24.8,27.3,27.5,24.5,26.5,26.8,26.8,26.1,26.3,27.2,27.1,26.6,27.1,26.6,26.6,27.9,26.4,27.4,26.5,27.6,27.7,27.5,25.3,88,69,76,76,77,77,74,71,76,70,78,70,76,76,72,75,73,86,74,72,86,76,74,79,78,80,71,74,80,73,75,76,73,74,74,80,71,70,74,90,1.3,0,0,0,0.1,0,0,0,0,0,0,0,0,0,0,0,0.1,0.2,0,0,2.6,0.1,0,0,0.2,0,0,0,0,0,0.1,0,0,0,0,0.3,0,0,0,0.1,25.9,20.5,20.3,25.7,26.5,18.8,19.2,24.7,20.4,19.7,17.3,18.2,21,31.4,17.8,24.2,20.8,25.5,24.4,23.7,27.1,24.2,17.6,16.7,25.7,22.2,16.1,16,25.2,23.5,20.9,26.2,18.4,19.7,25.2,26.7,19.3,14.2,23.8,27.2,,,,,,,,,,,,,,,,,,,,,,,,,,,,,,,,,,,,,,,,,28.2,27.9,28,27.6,26.6,26.1,28.1,28,27.7,28.3,27.5,26.8,27.1,28.1,26.7,27.6,27.6,27.4,26.7,27.2,26.8,27.6,27.4,27.7,27.3,27.3,24.1,27.3,27.6,27.1,27.6,68,65,68,71,76,76,74,66,68,67,65,73,68,69,72,71,72,75,78,68,72,67,68,64,69,68,82,71,74,70,79,0,0,0,0,0,0.9,0,0,0.1,0,0,0.8,0,0,0.5,0.3,0,0,0,0,0,0,0,0,0,0,1,0.1,0,0,0.4,29.5,33.6,36.3,28.5,37.7,31.2,31.2,28.2,26.5,31.6,29.6,34.8,25.2,29,23.8,26.1,38.4,32.9,32.4,22.9,34.7,32.2,28.3,30.3,25.5,24.4,30.9,27.9,30.7,26.9,28.6,44.6,52.6,50.8,38.9,54.7,45.4,39.2,43.2,40,45,42.1,51.5,41,41.8,38.2,38.2,55.4,40.7,44.6,36.4,52.9,46.4,39.2,45,42.1,35.3,45,44.6,41.4,38.9,35.3,,,,,,22.2204,114.2127
2026-09-02T10:00,25,29.3,28.3,26.9,26,27,27.8,29.3,27.8,28.7,27.5,28.9,28.2,26.5,29.1,27.3,27,25.7,28.2,28.7,24.3,27.1,27.2,26.9,26.4,27.3,27.8,27.3,27.7,27.9,27.5,27.7,29.1,26.7,28.5,26.7,28.8,28.6,29.2,25.4,87,65,71,75,78,75,72,66,72,66,76,65,73,74,67,71,74,81,70,67,87,76,73,79,77,77,70,74,75,70,72,71,68,73,69,80,66,68,68,88,1.3,0,0,0,0.1,0,0,0,0,0,0,0,0,0,0,0,0.1,0.2,0,0,2.6,0.1,0,0,0.2,0,0,0,0,0,0.1,0,0,0,0,0.3,0,0,0,0.1,27.8,25.5,24.8,28.1,28,24.2,21.6,27.6,23.8,25,19.7,23.2,25.2,32.1,21.6,29.6,21.3,26.3,28.5,25.7,26.4,26.5,20.1,18,28,24.8,20,19.3,28.1,24.5,22.2,28.4,22.5,20.4,28.4,27.5,24.4,18.4,26.6,28.8,,,,,,,,,,,,,,,,,,,,,,,,,,,,,,,,,,,,,,,,,29,28.5,28.9,27.2,26.7,26,28.7,28.7,28.7,29,27.9,26.7,27.3,28.8,26.8,28.2,27.8,27.6,27.1,27.1,27.1,27.7,28,28.3,27.3,27.9,23.9,27.6,27.7,27.9,27.5,66,64,66,72,75,76,72,65,67,65,64,74,67,68,71,69,71,74,76,68,71,66,67,62,68,66,83,70,73,68,79,0,0,0,0,0,0.9,0,0,0.1,0,0,0.8,0,0,0.5,0.3,0,0,0,0,0,0,0,0,0,0,1,0.1,0,0,0.4,28,34.6,35.8,28.6,37,30.6,32.2,30.3,26.6,29.4,33.4,33.5,25.1,30.6,22.6,26.9,38.3,34.2,33.9,24.6,35.7,33,29,31.1,25.4,27.6,31.5,29.3,33.2,31.1,28.6,42.5,49.7,48.6,37.8,51.8,47.2,40,43.9,38.5,42.8,45.7,50.4,38.9,42.1,34.2,37.1,54.4,42.5,44.6,38.2,51.8,48.6,38.9,43.6,40,37.4,45.7,43.9,41,42.8,36,,,,,,22.2204,114.2127
2026-09-02T11:00,25.2,30.4,29.1,27,26.1,27.8,28.5,30.5,28.8,29.5,28.1,30.1,28.7,27,30.3,28.2,27.3,26.5,29,29.7,24.4,27.6,27.6,27.1,27,28.1,28.5,27.5,28.6,28.6,28.5,28.5,30.1,27.2,29.4,26.9,29.8,29.3,30.5,25.6,85,62,68,75,78,72,69,62,68,63,74,60,71,72,62,67,74,77,66,63,87,75,72,78,75,74,68,74,71,67,69,67,64,71,65,79,62,66,63,86,1.3,0,0,0,0.1,0,0,0,0,0,0,0,0,0,0,0,0.1,0.2,0,0,2.6,0.1,0,0,0.2,0,0,0,0,0,0.1,0,0,0,0,0.3,0,0,0,0.1,29.5,29.4,28.1,29.8,29.8,28.3,23.7,29.7,26.4,28.6,21.5,26.8,28,32.6,24.4,33.2,21.9,27.1,31.4,27.2,26.4,28,22.1,19,29.6,26.4,23,22,29.9,24.9,23.1,30.1,26,21.5,31,28,28.2,21.5,28.7,29.8,,,,,,,,,,,,,,,,,,,,,,,,,,,,,,,,,,,,,,,,,29.7,29.1,29.5,27.1,26.7,25.8,29.3,29.4,29.5,29.6,28.2,26.7,27.7,29.4,26.9,28.8,28,27.8,27.4,27.2,27.4,28,28.7,28.9,27.6,28.6,23.8,28.1,27.8,28.5,27.5,65,63,65,72,74,76,70,64,66,64,63,75,66,66,70,68,70,73,74,67,70,66,65,61,67,64,84,68,73,67,79,0,0,0,0,0,0.9,0,0,0.1,0,0,0.8,0,0,0.5,0.3,0,0,0,0,0,0,0,0,0,0,1,0.1,0,0,0.4,26.8,34.6,34.2,29.8,35.9,30.5,32.2,30.6,26.2,27.7,36.4,32.9,24.6,30.7,23.1,27.2,37.6,34.8,34.3,25.6,35.3,33.6,29.3,30.5,25.5,29.5,31.7,30,35.8,34.5,28.8,40,46.8,46.1,37.4,49,47.9,40.7,42.8,36.7,40.7,47.9,49.3,37.1,41.8,31.7,36,52.9,43.6,44.6,38.9,49.7,49.3,38.9,41,38.2,38.9,45.7,42.8,41.8,45.7,36.7,,,,,,22.2204,114.2127
2026-09-02T12:00,25.9,31,29.3,27.1,26.4,28.9,29.4,31.3,29.7,30,28.7,31.1,29.1,27.4,31.1,28.7,27.7,27.2,29.4,30.4,24.9,27.8,27.9,27.4,27.9,28.6,29.4,27.7,29.4,29.2,29.5,29.1,30.8,27.9,30.1,27.3,30.7,29.6,31.2,26.1,82,60,67,75,78,67,66,58,64,61,71,56,69,69,58,65,72,74,64,59,85,73,71,76,72,72,66,72,67,65,65,65,61,68,62,77,59,65,61,84,0.2,0,0,0,0,0,0,0,0,0,0,0,0,0,0,0,0,0,0,0,0.7,0,0,0,0,0,0,0,0,0,0,0,0,0,0,0.4,0,0,0,0,30.3,31.5,29,29.6,31.1,29.9,24.5,29.4,26.8,29.4,22.7,27.1,29.2,33.1,23.9,33.9,23.1,27.8,31.7,27.4,27.7,28.5,23.4,20.9,30.3,26.6,24,23.5,29.3,24.1,24,30.1,26.4,22.7,31,27.6,29.6,22.2,28.4,29.8,,,,,,,,,,,,,,,,,,,,,,,,,,,,,,,,,,,,,,,,,30.2,29.7,29.9,27.3,26.5,25.7,29.6,30.1,29.9,29.8,28.5,26.9,28.2,30.1,26.8,29.1,28.4,28.2,27.7,27.6,27.6,28.5,29.2,29.5,28.4,29.1,23.8,28.9,28,28.6,27.8,65,62,66,71,74,75,69,63,67,64,62,74,66,65,70,68,70,72,73,66,70,65,64,61,66,64,84,67,72,67,77,0,0,0,0,0.3,0.4,0.1,0,0.1,0,0,0.4,0,0,0,0,0,0,0,0,0.2,0,0,0,0,0,0.9,0,0,0,0.1,24.7,33.2,31,30.6,34.1,30.6,31.1,27.7,24.1,27.2,37,33.7,23.3,28.2,24.5,26.1,35.5,34,33.4,25.3,32.3,32.9,29.1,27.1,25.1,28.7,31.1,29.7,38.3,35.9,29.5,36.7,44.6,42.8,38.5,45.7,46.8,40.7,38.9,34.6,39.6,47.9,49.3,36,39.6,32,34.6,50.8,43.6,44.3,37.8,45.7,47.9,39.2,36,37.4,38.5,44.3,41.4,43.9,47.2,37.1,,,,,,22.2204,114.2127
2026-09-02T13:00,26.7,31.3,29.3,27.1,26.6,30.1,30.2,32,30.7,30.2,29.4,31.9,29.3,27.8,31.8,29,28.2,27.8,29.7,31,25.7,27.9,28.2,27.8,29,28.9,30.3,27.8,30.2,29.7,30.6,29.4,31.3,28.7,30.7,27.6,31.5,29.6,31.5,26.8,78,58,67,75,77,61,63,55,61,61,68,54,68,65,54,64,70,71,62,56,83,72,70,74,67,70,63,70,64,63,62,63,58,65,59,74,56,64,60,81,0.2,0,0,0,0,0,0,0,0,0,0,0,0,0,0,0,0,0,0,0,0.7,0,0,0,0,0,0,0,0,0,0,0,0,0,0,0.4,0,0,0,0,31.1,31.9,28.8,28.7,32.4,30.8,25,27.8,26.2,28.5,23.9,25.6,29.6,33.4,22.1,33.3,24.4,28.3,30.5,27.3,29,28.3,24.8,22.6,30.9,26.5,24.6,24.8,27.9,22.7,25.1,29,25.8,24.1,30,26.9,30.1,21.9,26.8,29.1,,,,,,,,,,,,,,,,,,,,,,,,,,,,,,,,,,,,,,,,,30.5,30.3,30.1,27.7,26.2,25.7,29.8,30.8,30,29.8,28.8,27.3,28.9,30.8,26.8,29.2,28.9,28.6,27.9,28.2,27.9,29.1,29.6,30.1,29.6,29.7,23.9,29.9,28.4,28.4,28.2,65,61,67,69,75,74,69,63,68,64,61,72,66,64,70,69,69,71,72,64,69,64,64,61,64,64,85,66,70,68,75,0,0,0,0,0.3,0.4,0.1,0,0.1,0,0,0.4,0,0,0,0,0,0,0,0,0.2,0,0,0,0,0,0.9,0,0,0,0.1,22.6,31.4,27.4,31.6,32.4,31,29.2,23.3,22.2,28.2,36.7,34.8,21.6,25.1,26.1,24.5,33.5,32.9,32,24.3,28.2,31.9,29,22.5,24.8,27.1,30.6,28.7,41,36.7,30.3,33.5,42.8,39.2,41,42.5,44.6,40.7,33.1,32,38.9,46.8,49.3,35.3,36.4,34.2,33.5,47.9,42.8,43.9,35.6,41,45.4,40.3,29.5,37.4,37.4,42.5,39.6,46.8,47.5,37.4,,,,,,22.2204,114.2127
2026-09-02T14:00,27.4,31.3,29.1,27,26.9,30.9,30.8,32.4,31.4,30.4,29.7,32.4,29.4,27.9,31.9,29.2,28.5,28.3,29.9,31.4,26.4,28.1,28.5,28,29.8,29.1,31,27.9,30.6,30.2,31.3,29.5,31.6,29.3,31.1,27.8,31.9,29.6,31.6,27.3,75,58,68,75,76,57,61,53,58,60,66,52,67,63,53,64,68,69,61,54,80,70,70,73,64,69,61,69,62,61,59,63,57,63,57,73,54,64,59,79,0.2,0,0,0,0,0,0,0,0,0,0,0,0,0,0,0,0,0,0,0,0.7,0,0,0,0,0,0,0,0,0,0,0,0,0,0,0.4,0,0,0,0,30.8,31.4,28.3,27.5,32.6,30.7,25.4,25.8,25.1,27.7,24.1,24.2,30,32.9,20.5,32.4,25.4,28,28.8,26.1,29.9,28,25.2,23,31.1,26,24.7,25.3,26.1,21.3,25.6,28.1,24.5,24.8,28.6,25.9,29.7,21.4,25.6,28,,,,,,,,,,,,,,,,,,,,,,,,,,,,,,,,,,,,,,,,,30.8,30.8,30.2,28,25.8,25.9,30.1,31.3,29.9,29.9,29.1,27.4,29.4,31.3,26.9,29.3,29,28.8,28,28.7,28.2,29.4,30,30.5,30.4,30.1,24,30.5,28.5,28.3,28.5,65,61,68,68,77,73,68,63,69,64,61,71,66,63,70,69,70,71,71,63,69,64,64,62,63,64,84,65,69,68,74,0,0,0,0,0.3,0.4,0.1,0,0.1,0,0,0.4,0,0,0,0,0,0,0,0,0.2,0,0,0,0,0,0.9,0,0,0,0.1,21.7,28.8,25.8,32.1,31.3,31.5,28.1,20,22.1,29.1,35.7,36,20.7,22.7,27.5,23,33.2,32.5,30.9,23.6,25.3,31.5,28.3,19.4,24.7,25.5,30.4,27.5,42.5,37.1,30.5,32,40.7,37.8,42.8,40.7,43.6,41,29.2,31.7,37.8,45.7,49.7,34.9,34.6,36,32.4,46.1,42.8,43.6,33.8,37.4,43.6,40.3,24.8,37.4,36.7,41,38.2,48.6,47.5,37.4,,,,,,22.2204,114.2127
2026-09-02T15:00,27.8,30.9,28.8,26.9,27,30.9,31,32.7,31.6,30.6,29.5,32.3,29.3,27.8,31.3,29.2,28.7,28.7,30,31.7,26.9,28.3,28.8,28.1,30.2,29.1,31.1,27.9,30.7,30.6,31.5,29.4,31.6,29.7,31.2,27.5,31.8,29.5,31.6,27.7,73,59,69,76,76,57,61,51,57,59,67,52,67,63,56,64,67,67,60,53,77,69,70,73,62,68,61,69,62,59,58,63,57,62,57,75,54,64,59,77,0,0,0,0,0,0,0,0,0,0,0,0,0,0,0,0,0,0,0,0,0,0,0,0,0,0,0,0,0,0,0,0,0,0,0,0.9,0,0,0,0,29.8,29.5,26.9,26,31.9,29.2,25.7,23.9,23.9,27.7,23.1,23.9,30.3,31.1,20,30.4,25.7,26.2,26.4,23.2,29,27.5,23.8,20.2,29.8,24.5,24,25.2,25,20.5,25.5,26.8,23.4,23.7,27.8,25.2,28.8,20.9,25,26.5,,,,,,,,,,,,,,,,,,,,,,,,,,,,,,,,,,,,,,,,,30.8,31,30.1,28.1,25.4,26.7,30.4,31.3,29.5,30.1,29.3,27.1,29.8,31.4,27.4,29.4,28.4,28.6,28,29,28.6,29.3,30.2,30.5,30.6,30.4,24.2,30.7,28.4,28.4,28.6,65,61,68,68,81,71,67,64,70,64,61,72,65,63,69,69,72,71,71,63,69,64,64,63,63,64,82,65,69,67,74,0,0,0.4,0.1,3.8,0.1,0.2,0.1,0.4,0,0,0.4,0,0.1,0,0.1,0.5,0,0.1,0,0.1,0,0,0,0,0,0.1,0,0,0,0.1,23.3,25.9,28.5,32,31.4,32.4,28.5,18.5,25.7,28.3,33.6,36.4,20.4,22.9,28.5,22.5,34.2,34,31.6,24.4,24.7,32.7,27,18.4,24.6,25.1,30.9,26.1,42.6,36.9,29,34.9,37.8,40.3,43.9,41.4,44.6,41.8,27.7,34.6,36.7,44.6,50.4,34.2,34.9,37.1,32,45.7,44.3,43.9,33.5,36,43.9,39.2,23.4,37.1,36.7,41,37.1,49,47.5,36.7,,,,,,22.2204,114.2127
2026-09-02T16:00,28,30.2,28.3,26.6,27.2,30.4,30.8,32.7,31.4,30.8,28.9,31.7,28.9,27.5,30.3,29.1,28.7,29,30,31.8,27.4,28.5,29,28.1,30.3,29,30.8,27.8,30.6,31,31.4,29,31.5,29.8,31.1,27.1,31.4,29.4,31.4,27.9,72,61,71,79,75,59,62,50,57,58,70,53,67,64,61,64,67,66,61,53,75,68,71,73,61,69,61,69,62,58,57,65,57,61,57,79,55,65,59,76,0,0,0,0,0,0,0,0,0,0,0,0,0,0,0,0,0,0,0,0,0,0,0,0,0,0,0,0,0,0,0,0,0,0,0,0.9,0,0,0,0,28,26.4,24.9,24.3,30.1,26.1,25.4,21.7,22.6,27.1,21.1,23.8,30.4,28.1,19.6,27.6,25.1,23.5,23.5,19.6,26.9,27,21.9,16,27.2,22.3,22.2,24.3,23.5,20.2,24.7,25.5,22.4,21.7,26.7,24.1,27.1,20,24.3,25,,,,,,,,,,,,,,,,,,,,,,,,,,,,,,,,,,,,,,,,,30.8,31.1,29.9,28.2,24.8,27.7,30.7,31.1,29,30.4,29.6,26.5,30.1,31.3,28.1,29.5,27.5,28.3,27.9,29.1,29,28.8,30.3,30.3,30.5,30.6,24.5,30.7,28.2,28.6,28.5,65,62,67,68,85,68,66,65,70,65,62,74,65,64,68,69,74,72,71,63,68,65,64,65,63,64,80,65,69,66,74,0,0,0.4,0.1,3.8,0.1,0.2,0.1,0.4,0,0,0.4,0,0.1,0,0.1,0.5,0,0.1,0,0.1,0,0,0,0,0,0.1,0,0,0,0.1,26.5,23.1,33.3,31.9,32.2,33.5,29.6,18.4,31,26.5,31.4,36.8,20.9,24.8,29.3,22.5,35.6,35.8,32.8,25.5,25.7,34.8,25.6,18.1,24.5,24.7,31.2,24.9,41.2,36.5,27.1,39.6,34.9,45,44.6,43.2,46.8,42.8,27.4,39.6,35.3,43.2,51.1,33.5,36.4,37.8,32,46.4,46.4,44.3,33.5,35.3,45.4,37.4,23.8,36.4,36.7,41.8,36,48.2,47.2,35.6,,,,,,22.2204,114.2127
2026-09-02T17:00,28.1,29.5,27.9,26.4,27.2,29.9,30.4,32.4,31.1,30.6,28.4,31.1,28.6,27.2,29.4,28.8,28.5,29.1,29.9,31.7,27.8,28.6,29.1,28,30.1,28.8,30.4,27.7,30.2,31,31,28.6,31.1,29.8,30.8,26.7,30.9,29.2,31,28,71,63,72,80,75,61,63,51,58,59,72,55,68,65,65,65,67,66,61,54,73,67,71,74,61,69,62,70,64,58,58,66,59,61,59,82,57,66,60,75,0,0,0,0,0,0,0,0,0,0,0,0,0,0,0,0,0,0,0,0,0,0,0,0,0,0,0,0,0,0,0,0,0,0,0,0.9,0,0,0,0,27.1,23.2,22.9,23,28.6,22.9,24.6,18.8,20.4,25.8,19.4,22.5,29.8,26.1,18.9,25.9,24.7,21.1,20.6,16.2,25.8,25.8,19.9,13,24.4,20.4,20.3,23,22.1,19.5,22.9,24.1,20.4,19.6,25.3,23.1,24.6,19.2,23.4,23.7,,,,,,,,,,,,,,,,,,,,,,,,,,,,,,,,,,,,,,,,,30.6,31.1,29.6,28.2,24.5,28.4,30.8,30.9,28.6,30.5,29.7,26.1,30.3,31.2,28.6,29.5,26.9,28.1,27.7,29.2,29.2,28.5,30.4,30.2,30.4,30.6,24.8,30.4,27.9,28.6,28.5,65,63,66,68,88,66,65,66,70,65,63,76,64,64,67,69,76,72,71,64,68,65,64,66,64,64,78,65,69,66,75,0,0,0.4,0.1,3.8,0.1,0.2,0.1,0.4,0,0,0.4,0,0.1,0,0.1,0.5,0,0.1,0,0.1,0,0,0,0,0,0.1,0,0,0,0.1,28.8,21.3,36.1,31.6,32.5,34,30.7,18.9,34.3,25.3,29.4,36.8,22.3,26.3,29.7,22.7,36.7,36.5,33,25.8,26.7,36.6,24.3,18.6,24.3,24.7,31.4,24.3,40.1,36.2,26,43.2,33.1,47.9,45,44.6,47.5,44.6,28.4,42.8,33.8,41.4,51.5,34.2,37.4,38.9,32,47.2,47.2,44.3,33.5,36,46.4,36,25.2,35.6,37.1,41.8,35.3,47.5,47.2,35.3,,,,,,22.2204,114.2127
2026-09-02T18:00,27.4,29.6,27.6,26.5,27.1,29.9,29.2,30.8,30.1,29.3,28.5,30.2,28.1,27.2,29.4,28.2,27.8,28.4,29.5,30.5,27.4,28.2,28.8,28,29.1,28.2,29.4,26.8,29,29.3,30,27.8,30.2,29,29.5,26.8,30.2,28.6,29.9,27.5,73,64,73,78,75,61,67,61,65,66,70,58,71,65,65,68,68,69,63,59,74,68,70,74,67,71,66,75,69,66,64,68,64,64,66,79,60,68,67,76,0,0,0,0,0,0,0,0,0,0,0,0,0,0,0,0,0,0,0,0,0,0,0,0,0,0,0,0,0,0,0,0,0,0,0,0.4,0,0,0,0,27.7,19.9,22.2,25.5,26.7,17.1,21.1,13,14.8,19.1,17.5,15.6,25.6,28,16.3,29.4,23.2,17.3,18.2,14.3,28,21.3,19.6,16.2,19.9,20.4,16.9,20.2,19.9,16.9,16.5,23.5,11.9,16.9,23.3,21.6,18.4,16.9,19.5,24.4,,,,,,,,,,,,,,,,,,,,,,,,,,,,,,,,,,,,,,,,,30.3,30.9,29.2,28.2,24.3,28.5,30.3,30.8,28.3,30.4,29.7,25.9,30.2,31,28.7,29.5,26.7,28.1,27.4,29.1,29,28.3,30.3,30.1,30.2,30.4,25.3,29.9,27.6,28.4,28.5,65,64,66,68,88,66,65,66,70,66,64,76,63,64,67,69,75,72,72,65,68,65,65,66,65,64,76,66,70,66,75,0,0,0,0,3,0,0,0.3,0,0,0,0.6,0,0,0,0,1,0,0.3,0,0,0,0,0.1,0,0,0.2,0,0,0,0.8,28.9,22,35.9,31.3,31.1,31.3,32.4,21.1,34.3,24.1,26.9,35.9,24.8,25.9,29.8,22.6,36.2,34.3,31.4,24.8,27.6,36.7,23.4,20.2,23.8,25.3,30.2,24.9,39,37.8,26.7,43.9,33.8,47.9,45,44.3,46.1,47.5,31,43.2,32.4,38.9,50.8,37.4,37.8,40,32.4,48.2,45,42.8,32.8,38.2,47.5,34.9,28.1,34.9,37.1,40,34.9,46.8,47.9,36.4,,,,,,22.2204,114.2127
2026-09-02T19:00,27.2,28.9,27.2,26.4,27.1,29.4,28.6,30.1,29.5,28.8,28.1,29.4,27.6,26.9,28.5,27.8,27.6,28.2,29.2,30.1,27.6,28.1,28.7,27.9,28.7,27.8,28.8,26.6,28.3,28.9,29.4,27.2,29.7,28.8,28.9,26.5,29.6,28.2,29.2,27.4,73,66,74,79,75,63,69,64,67,68,72,60,72,66,69,70,68,70,64,61,73,68,71,75,69,72,68,76,71,68,66,71,66,65,70,80,62,69,70,76,0,0,0,0,0,0,0,0,0,0,0,0,0,0,0,0,0,0,0,0,0,0,0,0,0,0,0,0,0,0,0,0,0,0,0,0.4,0,0,0,0,26.7,16.8,20.4,24.5,25,13.7,19.8,10.5,12.1,17,15.4,13.3,24.4,27.1,14.8,28.5,22.4,14.8,15.8,11.6,27.4,19.5,17.7,14.9,17.1,18.6,14.6,18.4,17.9,15.5,13.9,22.4,8.9,15,21.9,20.7,15,15.6,17.7,23.4,,,,,,,,,,,,,,,,,,,,,,,,,,,,,,,,,,,,,,,,,29.9,30.6,28.7,28.2,24.3,28.4,29.6,30.7,28,30.1,29.5,25.9,30.1,30.6,28.6,29.4,26.8,28.2,27,29,28.6,28.2,30,30,29.9,30.1,25.8,29.3,27.2,28,28.6,65,65,67,67,87,68,66,66,70,67,64,76,63,65,68,69,74,71,73,67,67,65,65,65,66,65,74,68,71,67,76,0,0,0,0,3,0,0,0.3,0,0,0,0.6,0,0,0,0,1,0,0.3,0,0,0,0,0.1,0,0,0.2,0,0,0,0.8,28.5,24.1,33.9,30.5,29.2,27.2,34.2,24,32.3,22.5,23.9,34.8,28.2,25.4,30,22.4,34.8,30.2,28.7,22.8,29.4,36.6,23.3,22.7,23.2,26,28.4,26.6,37.6,39.7,28.4,43.2,35.6,46.4,45,43.2,43.6,50.8,34.2,42.5,30.6,36,49.7,42.1,38.2,41,32.8,49.3,41,40.7,31.7,41.4,49,33.8,32,34.6,37.1,37.1,34.9,45.7,49.3,38.2,,,,,,22.2204,114.2127
2026-09-02T20:00,27.1,28.5,26.8,26.2,27,29,28.1,29.6,29.1,28.5,27.7,28.8,27.3,26.7,27.9,27.4,27.4,28.1,28.9,29.8,27.7,28,28.7,27.7,28.4,27.5,28.4,26.4,27.8,28.5,28.9,26.8,29.2,28.6,28.3,26.3,29.1,27.9,28.7,27.3,73,67,75,80,75,64,70,66,69,69,73,62,73,67,72,71,68,70,65,63,72,68,71,76,70,73,69,77,73,69,68,72,68,66,72,81,64,70,72,76,0,0,0,0,0,0,0,0,0,0,0,0,0,0,0,0,0,0,0,0,0,0,0,0,0,0,0,0,0,0,0,0,0,0,0,0.4,0,0,0,0,26,15.6,19.4,23.5,23.9,12.7,19,9.2,10,15.9,14.3,11.6,23.2,26.1,13.7,28,21.9,13.5,13.7,9.3,26.7,18.4,16.2,14.2,15.8,17.3,13,17,16.8,14.9,12.2,21.4,7.7,13.5,21.3,20.7,12.6,15,16.3,22.4,,,,,,,,,,,,,,,,,,,,,,,,,,,,,,,,,,,,,,,,,29.6,30.3,28.4,28.2,24.4,28.3,29,30.5,27.9,29.9,29.3,25.9,29.8,30.3,28.4,29.2,26.8,28.2,26.6,28.8,28.3,28.1,29.8,29.9,29.7,29.8,26,28.8,27,27.7,28.6,65,66,68,67,85,69,67,66,70,67,65,75,63,65,69,69,73,71,74,68,67,65,66,64,67,65,73,69,72,68,76,0,0,0,0,3,0,0,0.3,0,0,0,0.6,0,0,0,0,1,0,0.3,0,0,0,0,0.1,0,0,0.2,0,0,0,0.8,27.7,25.2,31.7,29.5,27.3,24.7,34.9,26.1,30.6,21.7,22.1,34,29.4,25,30.1,22.6,33.5,27.1,26.6,21.6,30.5,35.6,23.1,24.5,22,26.3,27.1,27.6,35.8,40.1,29.8,42.1,36.4,44.6,44.3,42.5,41.4,52.6,36.7,41.8,29.5,34.2,48.6,44.6,38.2,42.1,33.1,49.7,38.2,38.9,31.7,43.2,48.6,32.8,33.8,33.8,37.1,36,35.3,43.9,49.3,39.6,,,,,,22.2204,114.2127
2026-09-02T21:00,26.9,28.2,26.6,26.1,26.9,28.7,27.7,29.3,28.7,28.2,27.5,28.5,27,26.6,27.6,27.1,27.2,27.9,28.6,29.5,27.7,27.8,28.6,27.4,28.1,27.3,28,26.3,27.3,28.2,28.4,26.4,28.9,28.4,27.9,26.2,28.7,27.7,28.3,27.2,73,68,75,80,75,64,71,67,70,69,74,63,74,67,73,72,68,70,66,64,72,69,71,77,71,73,70,77,74,70,69,73,69,67,74,81,65,70,74,76,0,0,0,0,0,0,0,0,0,0,0,0,0,0,0,0,0,0,0,0,0,0,0,0.1,0,0,0,0.1,0,0,0,0,0,0,0,0,0,0,0,0,25.5,15.7,19.2,22.7,23.4,13.2,18.4,9.4,9.2,15.3,13.7,10.5,22.2,25.4,12.9,28.3,21.4,13.5,12.5,8.1,26.3,17.9,15.2,13.6,15.3,16.4,12.2,15.5,15.8,14.3,11.5,20.9,7.8,12.5,21,21.1,11.3,14.6,15.1,21.4,,,,,,,,,,,,,,,,,,,,,,,,,,,,,,,,,,,,,,,,,29.4,30,28.2,28.1,24.6,28.2,28.9,30.2,27.9,29.7,29,26.1,29.5,30,28.1,28.9,26.7,28,26.4,28.7,28.1,28,29.4,29.7,29.5,29.5,25.7,28.7,26.8,27.4,28.6,65,66,68,67,83,69,67,66,70,67,65,73,64,65,69,69,74,71,74,69,67,65,66,64,67,65,75,70,73,69,76,0,0,0.3,0,0.1,0,0,0,0,0,0,0,0,0,0,0,0.6,0.3,1,0,0,0,0,0,0,0,0,0,0,0,0.3,26,24,29.4,28.5,26.5,24.6,33.5,25.9,29.2,21,22.3,33.5,27.1,24.9,29.8,23.4,32.6,25.1,25,21.6,29.5,33.5,22.9,23.1,20.5,25.7,27.4,26.6,33.1,37.4,31.1,41.4,34.9,42.8,43.2,42.1,40.7,51.8,37.8,41.8,28.8,34.6,47.5,42.5,37.4,43.2,32.4,49,36.7,37.8,33.1,41.8,45.4,31.7,32,32.4,37.1,37.8,36.4,40.7,47.2,40.7,,,,,,22.2204,114.2127
2026-09-02T22:00,26.7,28,26.5,26,26.8,28.3,27.4,28.9,28.4,28,27.3,28.2,26.8,26.6,27.4,26.8,27.1,27.8,28.2,29.2,27.6,27.5,28.4,27,27.8,27,27.7,26.3,26.9,27.8,27.8,26.1,28.5,28.2,27.4,26.1,28.3,27.4,27.9,27.1,74,68,76,80,75,64,71,68,71,69,74,65,75,68,74,73,68,71,68,65,71,70,71,79,71,74,71,77,75,71,70,74,69,67,75,80,66,70,75,77,0,0,0,0,0,0,0,0,0,0,0,0,0,0,0,0,0,0,0,0,0,0,0,0.1,0,0,0,0.1,0,0,0,0,0,0,0,0,0,0,0,0,25,16.3,19.1,21.6,23.5,15,18.3,10.4,9.1,14.8,13.2,10.2,21.2,24.6,11.9,28.6,21,14.5,11.6,7.9,25.4,17.8,14.6,12.7,15.9,15.2,12.3,14.1,15.5,14.1,11.8,20.6,8.1,12.3,20.5,21.7,10.8,13.8,13.8,20.5,,,,,,,,,,,,,,,,,,,,,,,,,,,,,,,,,,,,,,,,,29.3,29.7,28.1,28.1,24.9,28.2,29,29.8,28,29.4,28.7,26.5,29.2,29.7,27.8,28.6,26.4,27.7,26.2,28.6,28,27.8,29.1,29.5,29.4,29.2,25.2,28.8,26.8,27.2,28.5,66,67,67,66,80,68,67,66,69,66,65,71,65,65,68,70,75,71,75,69,67,65,65,64,67,66,78,70,73,70,77,0,0,0.3,0,0.1,0,0,0,0,0,0,0,0,0,0,0,0.6,0.3,1,0,0,0,0,0,0,0,0,0,0,0,0.3,24.1,22.2,27.1,28.2,26.3,25.7,31.1,24.7,28.5,21.1,24,32.8,23.5,25.4,29.3,24.4,32.4,23.7,23.5,22.3,27.3,31,23,20.2,20.2,24.4,28.7,25,30.1,33.2,32.2,40,32.8,40.3,42.1,41.4,40.7,49.3,37.8,42.1,28.1,36,46.1,38.2,36.4,44.3,31.7,47.5,36,37.1,35.6,38.5,41,31,28.1,31,37.1,41,37.4,36.7,43.9,41,,,,,,22.2204,114.2127
2026-09-02T23:00,26.5,27.9,26.4,25.9,26.6,28,27,28.6,28.1,27.7,27.1,28,26.6,26.6,27.3,26.5,26.9,27.6,27.8,28.9,27.5,27.2,28.2,26.6,27.5,26.8,27.4,26.4,26.5,27.3,27.3,25.9,28.2,28,26.9,26.1,27.9,27.2,27.6,26.9,75,69,76,80,75,64,72,69,72,69,75,66,75,68,74,74,69,71,70,66,71,71,72,81,72,74,72,77,76,72,70,74,69,68,76,79,66,70,76,77,0,0,0,0,0,0,0,0,0,0,0,0,0,0,0,0,0,0,0,0,0,0,0,0.1,0,0,0,0.1,0,0,0,0,0,0,0,0,0,0,0,0,24.6,17.6,19.7,20.3,23.6,17.1,18.1,11.9,9.2,14.3,13,10.2,20.2,24.2,11.2,29.1,20.5,16.1,11,8.2,24.6,18.1,13.8,12.6,16.7,14.3,12.1,12.8,15.4,13.9,12.5,20.1,9,11.8,20.4,22.5,10.9,13.4,13.2,19.6,,,,,,,,,,,,,,,,,,,,,,,,,,,,,,,,,,,,,,,,,29.2,29.4,28,27.9,25.1,28.1,29,29.5,28.1,29.1,28.4,26.6,28.9,29.3,27.4,28.2,26.4,27.4,26.1,28.5,27.8,27.6,28.7,29.2,29.1,29,24.8,28.8,26.8,27.1,28.5,66,67,67,66,78,68,67,66,69,65,65,69,66,65,68,70,76,71,75,69,67,66,65,64,67,66,80,70,73,70,77,0,0,0.3,0,0.1,0,0,0,0,0,0,0,0,0,0,0,0.6,0.3,1,0,0,0,0,0,0,0,0,0,0,0,0.3,23.7,22.1,25.2,28,26.3,27.3,29.5,24.5,28.2,21.3,26.4,32.3,20.9,25.9,28.4,25.1,32.2,23,22.4,23.1,25.7,28.9,23.6,17.8,21.9,23.4,29,24.3,27.5,30.4,32.7,39.2,31.7,38.9,40.7,41.4,41,47.2,37.8,42.5,28.4,37.4,44.6,34.9,36,43.9,31.3,46.4,35.6,36.4,37.1,36,37.8,30.6,25.6,30.6,36.7,42.5,38.2,33.8,41.8,41.4,,,,,,22.2204,114.2127
2026-09-03T00:00,26.2,27.8,26.3,25.8,26.4,27.7,26.7,28.3,27.8,27.5,26.9,27.9,26.4,26.5,27.3,26.2,26.8,27.4,27.4,28.6,27.3,26.9,27.9,26.1,27.2,26.6,27.1,26.4,26.1,26.9,26.8,25.7,27.9,27.7,26.4,26.1,27.6,26.9,27.2,26.8,75,69,75,80,74,63,72,69,73,68,75,68,76,68,74,74,69,71,72,66,72,72,72,82,72,74,72,76,77,73,71,74,69,69,77,78,66,70,77,78,0,0,0,0,0,0,0,0,0,0,0,0,0,0,0,0,0,0,0,0,0,0,0,0.1,0,0,0,0.1,0,0,0,0,0,0,0,0,0,0,0,0,24.5,19.1,20,19.3,23.9,19.3,17.8,13.3,9.9,14.1,13,10.4,19.2,23.5,10.7,30,20.2,18.1,10.5,8.9,24,18.3,13.6,13.1,17.7,13.4,12.5,12,15.4,14.1,13.5,20.2,9.8,11.8,20.1,23,11.5,12.9,12.3,19.1,,,,,,,,,,,,,,,,,,,,,,,,,,,,,,,,,,,,,,,,,28.9,28.9,27.9,27.7,25,27.9,28.8,29.1,28,28.7,28,26.3,28.7,28.9,27.1,28,26.6,27.2,26.1,28.3,27.5,27.2,28.3,28.9,28.7,28.7,24.6,28.6,26.8,27,28.4,66,67,67,67,76,68,68,66,69,65,65,69,67,66,68,70,75,72,76,69,68,68,66,65,67,66,81,70,73,69,77,0,0,0,0,0,0,0,0,0,0,0,0,0,0,0,0,0.5,0.7,0.1,0,0,0,0,0,0,0,0,0.2,0,0,0,24.6,24.1,24.5,27,26.9,28.7,29.2,25.3,28.4,22.4,29.1,31.6,21.5,27.6,27.2,25.3,33,22.7,21.8,23.9,25.3,28.5,24.8,17.7,25.3,22.9,28.2,23.9,25.6,30.4,31.4,38.5,32.8,38.5,39.2,41.8,41.4,45.7,37.8,42.8,31,38.9,43.2,34.9,37.4,41.8,32.4,46.4,35.3,36.4,37.1,34.6,37.8,31.7,25.2,32,34.9,40.7,38.2,33.5,41.4,41,,,,,,22.2204,114.2127
2026-09-03T01:00,26,27.7,26.2,25.7,26.2,27.5,26.4,28,27.5,27.3,26.8,27.7,26.3,26.5,27.2,25.9,26.7,27.2,27,28.3,27.2,26.6,27.8,25.8,26.9,26.4,26.9,26.5,25.8,26.6,26.3,25.5,27.6,27.5,26,26.1,27.3,26.7,27,26.6,76,69,75,80,74,63,73,70,74,67,75,69,77,68,74,75,69,72,73,67,72,73,72,83,73,74,73,75,78,74,71,75,69,69,78,77,67,70,78,78,0,0,0,0,0,0,0,0,0,0,0,0,0,0,0,0,0,0,0,0,0,0,0,0.1,0,0,0,0.1,0,0,0,0,0,0,0,0,0,0,0,0,24.4,20.1,20.3,18.7,24.3,20.8,17.6,14.8,10.7,13.9,13,10.5,18.4,22.9,10.5,30.5,20.1,19.4,10.2,10.1,23.2,18.6,13.7,14,18.8,13,12.6,11.6,15.6,14,14.6,19.9,11,11.5,20.1,23.8,11.8,12.7,12.3,18.5,,,,,,,,,,,,,,,,,,,,,,,,,,,,,,,,,,,,,,,,,28.7,28.4,27.8,27.4,24.7,27.7,28.6,28.7,27.9,28.2,27.7,25.9,28.5,28.4,26.9,27.8,27.1,27.1,26,28.2,27.1,26.8,28,28.5,28.2,28.4,24.6,28.3,26.8,26.9,28.2,67,68,67,68,75,68,68,66,68,64,64,70,67,67,69,70,72,72,76,69,68,70,67,66,66,67,81,70,72,69,77,0,0,0,0,0,0,0,0,0,0,0,0,0,0,0,0,0.5,0.7,0.1,0,0,0,0,0,0,0,0,0.2,0,0,0,26.4,27.2,24.5,25.5,28,30.1,29.2,26.2,28.7,23.6,32.2,31.1,23.5,29.4,25.7,25.6,34.4,22,22,24.6,25.2,28.5,26.7,19,29.1,23.1,26.8,23.7,24.3,31.7,29.7,38.2,34.9,38.5,37.4,42.5,42.1,44.3,37.4,43.6,34.2,40,41.4,36,40,38.5,34.6,46.8,34.9,36.7,36,33.5,38.9,33.5,25.9,34.2,32.4,37.1,37.4,34.6,42.1,40.3,,,,,,22.2204,114.2127
2026-09-03T02:00,25.8,27.5,26.1,25.7,26.1,27.2,26.2,27.8,27.2,27.2,26.7,27.5,26.2,26.4,27.2,25.7,26.6,27,26.8,28.1,27.1,26.4,27.6,25.6,26.7,26.3,26.7,26.5,25.5,26.3,26,25.3,27.4,27.3,25.7,26.1,27,26.6,26.7,26.5,76,69,75,80,74,63,73,70,74,67,75,69,77,68,74,75,69,72,74,67,72,74,72,84,73,74,73,75,78,74,72,75,69,70,78,76,67,70,78,79,0,0,0,0,0,0,0,0,0,0,0,0,0,0,0,0,0,0,0,0,0,0,0,0.1,0,0,0,0.1,0,0,0,0,0,0,0,0,0,0,0,0,24.3,21.1,20.3,17.8,24.6,21.8,17.7,15.5,11.8,13.7,13,10.6,17.8,22.2,10,30.8,20.3,20.2,10.2,11,22.1,18.8,13.7,14.5,19.3,12.6,12.7,11.6,15.8,14,15.4,19.9,11.7,11.5,20.1,24,12.4,12.7,12.4,18.7,,,,,,,,,,,,,,,,,,,,,,,,,,,,,,,,,,,,,,,,,28.4,27.9,27.8,27.1,24.5,27.5,28.3,28.3,27.8,27.8,27.3,25.6,28.3,27.9,26.6,27.6,27.3,27,25.9,28,26.8,26.4,27.7,28.1,27.7,28.1,24.6,28,26.8,26.8,28.1,67,68,67,69,74,68,69,66,68,64,64,71,67,68,70,70,71,73,77,69,69,72,68,67,66,67,80,70,72,68,77,0,0,0,0,0,0,0,0,0,0,0,0,0,0,0,0,0.5,0.7,0.1,0,0,0,0,0,0,0,0,0.2,0,0,0,28.3,29.1,24.1,24.6,29,30.9,29.2,27.4,28.9,24.2,33.2,30.9,25.5,30.8,24.4,25.3,36,21.6,21.9,24.9,25.4,28.1,27.2,20.1,31.3,23.9,25.4,23.3,23.5,32.3,28,38.2,36.7,38.5,36.4,42.5,42.5,42.8,37.4,43.9,35.3,40.3,40.7,36.7,41.4,35.3,35.6,47.2,34.2,35.6,34.9,32.8,39.2,34.6,26.6,36.4,31.3,34.2,36,35.3,42.5,39.6,,,,,,22.2204,114.2127
2026-09-03T03:00,25.5,27.3,25.9,25.6,25.9,27,26,27.5,27,27,26.6,27.3,26.1,26.3,27,25.5,26.5,26.8,26.6,27.8,26.9,26.2,27.5,25.5,26.5,26.3,26.5,26.5,25.4,26.1,25.7,25.1,27.1,27.1,25.5,26.1,26.8,26.5,26.5,26.4,76,69,75,80,74,63,74,71,74,67,75,69,77,67,74,75,69,72,74,67,72,75,72,84,73,74,73,75,78,74,73,75,69,70,78,76,68,70,78,80,0,0,0,0,0,0,0,0,0,0,0,0,0,0,0,0,0,0,0,0,0,0,0,0.1,0,0,0,0,0,0,0,0,0,0,0,0,0,0,0,0.1,24.1,21.4,20,17.3,24.8,21.3,17.7,15.3,12.8,13.7,13,10.5,17.1,21.6,9.8,30.8,20.9,20,10.4,11.8,20.8,18.6,13.9,14.8,19.6,12.1,12.2,11.5,16,14,16.2,19.6,12.2,11,20.4,24,12.7,13,12.9,19.3,,,,,,,,,,,,,,,,,,,,,,,,,,,,,,,,,,,,,,,,,28,27.5,27.6,26.8,24.3,27.2,28,27.9,27.6,27.5,26.8,25.5,28.1,27.4,26.2,27.4,27.2,27,25.7,27.6,26.5,26,27.4,27.7,27.1,27.6,24.7,27.6,26.6,26.5,27.9,68,68,67,70,74,68,70,66,68,64,64,71,67,69,71,70,72,73,78,69,69,74,68,68,65,67,78,70,73,68,76,0,0,0,0,0,0,0,0,0,0,0,0,0,0,0,0,0.3,0.7,0.3,0,0,0,0,0,0,0,0,0.4,0,0,0,29.9,29.1,23.4,24.8,29.1,30.3,28.9,28.3,28.2,22.9,30.9,31.4,26.4,31.2,23.1,25,36.6,19.9,21.3,23.8,24.6,26.1,26,20.4,30.7,25.1,24.1,22.2,22.5,31.2,26.2,38.5,37.4,38.2,36.4,41.8,41.8,41.8,37.8,43.9,31.7,38.9,41,36.4,41.4,32.8,35.6,47.2,32.4,32.4,33.5,32,37.1,33.5,26.6,38.2,32.8,32.8,33.1,34.9,42.1,38.2,,,,,,22.2204,114.2127
2026-09-03T04:00,25.3,27.1,25.8,25.6,25.7,26.7,25.8,27.2,26.7,26.8,26.5,26.9,26,26,26.8,25.3,26.4,26.6,26.4,27.5,26.7,26,27.4,25.6,26.3,26.2,26.3,26.5,25.2,26,25.6,24.8,26.7,26.9,25.3,25.9,26.6,26.5,26.2,26.3,76,70,75,80,74,64,74,71,74,67,75,69,78,66,75,74,70,73,75,68,73,76,73,83,74,75,73,75,79,75,74,76,69,71,78,77,68,70,78,80,0,0,0,0,0,0,0,0,0,0,0,0,0,0,0,0,0,0,0,0,0,0,0,0.1,0,0,0,0,0,0,0,0,0,0,0,0,0,0,0,0.1,24.3,21.7,19.5,16.8,25,19.7,17.7,14.8,13.9,13.5,13.3,10.5,16.6,20.6,9.6,30.6,22.1,19.2,10.7,12.5,19.3,18.9,13.9,14.7,19.8,12.1,11.9,11.2,16.3,13.8,17,19.6,12.4,11,20.9,23.4,13.7,13.2,13.3,20.5,,,,,,,,,,,,,,,,,,,,,,,,,,,,,,,,,,,,,,,,,27.5,27.2,27.5,26.5,24.1,27,27.7,27.6,27.5,27.2,26.3,25.5,27.8,27,25.9,27.2,27,27,25.4,27.3,26.2,25.6,27.2,27.3,26.6,27.2,24.9,27.3,26.3,26.2,27.8,69,67,68,70,74,69,70,67,68,63,64,72,66,70,71,71,73,72,78,69,70,76,67,68,65,67,76,70,74,69,74,0,0,0,0,0,0,0,0,0,0,0,0,0,0,0,0,0.3,0.7,0.3,0,0,0,0,0,0,0,0,0.4,0,0,0,31.3,28.2,22.6,25,28.6,28.8,28.9,29.3,27.3,20.9,26.9,32.1,27.5,30.7,22.7,24.4,36.6,18.5,21.1,22.4,23.3,24,23.7,19.9,28.5,26.6,22.9,20.8,21.3,29.6,24.7,38.9,37.4,37.4,36.7,40.3,40.7,41,38.2,43.6,25.9,36.7,41.8,36,41,30.2,34.9,46.8,29.9,27.7,31.7,31.3,33.8,31.7,25.9,39.6,35.3,32,29.5,34.6,41.4,36.4,,,,,,22.2204,114.2127
2026-09-03T05:00,25,26.8,25.6,25.5,25.5,26.5,25.7,27,26.4,26.6,26.5,26.6,26,25.8,26.6,25.2,26.3,26.4,26.2,27.2,26.4,25.8,27.2,25.7,26.2,26.2,26.2,26.4,25.2,25.8,25.5,24.6,26.4,26.7,25.2,25.8,26.4,26.5,26,26.2,76,70,75,80,74,65,75,72,74,67,75,68,78,65,75,74,70,74,74,68,74,77,74,82,75,76,73,74,79,75,75,77,69,71,78,77,69,70,77,81,0,0,0,0,0,0,0,0,0,0,0,0,0,0,0,0,0,0,0,0,0,0,0,0.1,0,0,0,0,0,0,0,0,0,0,0,0,0,0,0,0.1,24.3,21.7,18.9,16.3,25.2,18.1,17.8,14,15,13.7,13.3,10.3,15.8,19.7,9.3,30.3,23,18,11.6,13.4,17.6,18.6,13.7,14.7,20,11.9,11.3,11.3,16.3,13.9,17.8,19.6,12.6,10.5,21.2,22.6,13.9,13.7,14.2,21.8,,,,,,,,,,,,,,,,,,,,,,,,,,,,,,,,,,,,,,,,,27.2,27,27.4,26.3,24,26.9,27.4,27.3,27.4,27,26,25.6,27.6,26.6,25.6,27.1,26.8,27,25.1,27,26,25.2,27.1,27,26.3,26.8,25.1,27.1,26.1,26,27.7,69,67,68,70,74,69,70,67,68,63,64,72,66,70,72,71,74,72,78,69,70,78,67,68,64,67,74,70,75,70,73,0,0,0,0,0,0,0,0,0,0,0,0,0,0,0,0,0.3,0.7,0.3,0,0,0,0,0,0,0,0,0.4,0,0,0,31.7,27.2,22.5,25.2,28.1,27.7,28.9,29.7,26.3,19.4,23.7,32.2,28,30.1,22.3,23.7,36,17.4,21.2,21.1,22.1,21.7,21.4,19.3,26.7,27.5,21.8,19.6,20.7,27.8,25,39.2,37.4,37.4,36.7,39.6,39.6,40,38.9,42.8,21.6,34.9,42.5,35.3,40.3,28.8,34.2,46.8,28.1,24.8,30.6,30.6,30.6,30.2,25.6,40,37.1,31.3,26.6,34.2,40.3,36,,,,,,22.2204,114.2127
2026-09-03T06:00,24.8,26.6,25.5,25.5,25.4,26.3,25.7,26.8,26.2,26.5,26.5,26.3,26,25.6,26.5,25.1,26.2,26.2,26.1,27,26.3,25.8,27.2,25.9,26.1,26.2,26.2,26.4,25.2,25.8,25.5,24.5,26.1,26.6,25.2,25.7,26.4,26.5,25.9,26.2,75,71,75,80,74,66,76,72,74,67,75,67,78,64,75,73,70,74,74,68,75,77,74,80,75,77,73,74,79,75,75,77,69,71,78,78,69,70,76,82,0,0,0,0,0,0,0,0,0,0,0,0,0,0,0,0,0,0,0,0,0,0,0,0.1,0,0,0,0,0,0,0,0,0,0,0,0,0,0,0,0.1,24.5,21.5,18.3,15.5,25.6,16,18,12.7,16.2,13.6,13.6,10.3,15.3,18.8,9.5,30.1,24.3,16.8,12.3,14.3,16.4,18.6,13.8,14.2,20.2,11.8,10.9,11.4,16.8,13.6,18.5,19.9,12.6,10.5,21.7,22,14.8,14.4,15.1,23.4,,,,,,,,,,,,,,,,,,,,,,,,,,,,,,,,,,,,,,,,,27.1,27,27.4,26.2,24,26.9,27.3,27.2,27.4,26.7,25.9,25.6,27.5,26.4,25.4,27,26.6,26.9,25,26.8,25.9,24.9,27,26.8,26.2,26.6,25.1,26.9,26.1,25.9,27.7,68,67,68,70,74,68,70,67,68,63,64,72,66,70,72,71,74,72,77,69,71,80,67,68,63,67,73,70,75,70,72,0,0,0,0,0,0,0,0,0,0,0,0,0,0,0,0,0,0.1,0.1,0,0,0.2,0,0,0,0,0,0,0,0,0,30.1,26.7,23,24.7,27.3,27.3,28.5,29.9,25.7,19.4,22.5,30.9,28,28.9,22.1,22.7,35.2,17.9,21.8,20.6,20.8,20.3,20.2,19.1,26,27.3,21.5,19,20.7,26.3,26.7,38.9,37.4,38.5,36,40,39.2,38.9,39.6,41.8,21.2,34.2,42.8,34.6,39.6,28.8,33.1,46.8,27,25.2,30.2,29.5,27.4,29.5,24.8,38.9,37.4,31,25.2,34.2,38.5,38.2,,,,,,22.2204,114.2127
2026-09-03T07:00,24.7,26.6,25.4,25.6,25.4,26.2,25.8,26.8,26.1,26.6,26.6,26.2,26,25.5,26.5,25.2,26.2,26.2,26.2,26.9,26.3,25.8,27.3,26,26.1,26.4,26.3,26.5,25.3,26,25.6,24.5,26.1,26.5,25.3,25.8,26.4,26.7,25.9,26.2,75,70,74,80,74,66,76,72,74,67,75,65,77,62,75,71,70,74,73,68,75,78,74,79,75,77,72,74,79,74,76,77,68,71,77,78,70,70,75,82,0,0,0,0,0,0,0,0,0,0,0,0,0,0,0,0,0,0,0,0,0,0,0,0.1,0,0,0,0,0,0,0,0,0,0,0,0,0,0,0,0.1,24.7,21.7,17.7,15.6,26,14.6,17.7,12,17.2,13.8,14.1,10.2,15.6,18.1,9.4,29.8,25.3,15.8,13.1,15.5,15.1,18.4,14.3,14,20.2,12,10.6,11.5,17.1,13.8,19.2,19.9,12.8,10.5,21.9,21.5,15.3,15.4,15.8,24.8,,,,,,,,,,,,,,,,,,,,,,,,,,,,,,,,,,,,,,,,,27.1,27,27.5,26.1,24.1,27,27.2,27.2,27.4,26.5,26,25.6,27.5,26.2,25.2,27,26.4,26.7,25,26.7,26,24.7,27.1,26.8,26.4,26.6,25.1,26.9,26.1,25.9,27.7,67,67,67,70,74,67,69,66,68,64,64,72,65,69,72,72,74,73,76,69,71,81,67,68,62,67,73,70,74,70,72,0,0,0,0,0,0,0,0,0,0,0,0,0,0,0,0,0,0.1,0.1,0,0,0.2,0,0,0,0,0,0,0,0,0,27,26.4,24,23.7,26.8,27.6,27.7,30.6,25.2,20.4,22,29.4,27.4,27.4,22.3,21.1,33.9,18.5,22.5,20.3,19.6,19.7,19.4,18.9,25.1,26.1,21.9,18.4,21.4,25,28.7,37.8,37.4,40.3,34.9,40.7,38.9,37.8,40.7,40.7,22.3,33.5,42.8,33.8,38.5,29.5,31.7,46.4,26.3,27,30.6,28.4,23.8,28.8,24.1,37.1,37.1,30.6,24.1,34.2,36.4,41.8,,,,,,22.2204,114.2127
2026-09-03T08:00,24.7,26.7,25.4,25.8,25.6,26.3,26.1,26.9,26.2,26.7,26.8,26.4,26.1,25.5,26.8,25.4,26.3,26.3,26.4,27,26.5,26,27.6,26.2,26.4,26.7,26.6,26.6,25.5,26.3,25.8,24.7,26.3,26.5,25.5,25.9,26.7,27,26.2,26.2,74,70,74,79,73,66,75,71,73,66,74,64,77,61,74,70,69,74,72,68,74,77,73,78,74,76,71,73,78,73,75,76,67,71,76,78,69,69,73,82,0,0,0,0,0,0,0,0,0,0,0,0,0,0,0,0,0,0,0,0,0,0,0,0.1,0,0,0,0,0,0,0,0,0,0,0,0,0,0,0,0.1,25.2,21.9,17.4,15.9,26.5,13.9,17.9,12,17.9,14.6,14.8,10.6,15.9,17.8,9.7,29.5,25.9,15.2,14.1,16.5,14.5,18.8,14.7,14,20.5,12.4,10.8,12.2,17.6,13.7,19.7,19.6,13.2,10.7,22.2,21.2,15.8,16.1,16.5,25.5,,,,,,,,,,,,,,,,,,,,,,,,,,,,,,,,,,,,,,,,,27.4,27.2,27.7,26.3,24.1,27.2,27.4,27.4,27.6,26.6,26.2,25.7,27.7,26.4,25.2,27,26.5,26.5,25.1,26.8,26.1,24.5,27.2,26.9,26.5,26.9,25.2,27.1,26.1,25.9,27.6,66,66,66,69,74,66,68,65,68,64,63,71,65,68,72,72,73,73,75,68,71,82,67,67,61,66,72,70,74,69,72,0,0,0,0,0,0,0,0,0,0,0,0,0,0,0,0,0,0.1,0.1,0,0,0.2,0,0,0,0,0,0,0,0,0,25,26.1,25.3,23.3,26.6,27.5,27.2,30.6,24.5,20.7,21.9,27.9,26.8,26.6,22.3,20.4,33.4,19.3,22.6,20.3,19.1,18.8,18.8,18.4,24.7,25.1,21.9,18,22.2,23.7,30.3,37.1,37.4,42.1,33.5,41.4,38.5,37.1,41.4,39.2,23,33.1,42.1,33.1,37.8,30.6,30.6,46.4,25.9,27.7,31,28.1,21.2,28.4,23.4,35.6,36.4,29.5,23.4,34.9,34.6,43.6,,,,,,22.2204,114.2127
2026-09-03T09:00,25,27.1,25.5,26.2,26,26.6,26.7,27.4,26.5,27.2,27.3,27,26.3,25.8,27.4,25.9,26.5,26.6,26.8,27.3,27.1,26.6,28.2,26.3,27,27.2,27.2,26.9,26,27,26.3,25.3,26.9,26.8,25.9,26.2,27.2,27.5,26.8,26.4,73,69,74,78,72,65,73,69,72,64,72,62,76,60,72,68,67,72,70,67,72,75,71,77,72,74,69,72,76,71,73,74,65,70,74,77,67,67,70,82,0,0,0,0,0,0,0,0,0,0,0,0,0,0,0,0,0,0,0,0,0,0,0,0,0,0,0,0,0,0,0,0,0,0,0,0,0,0,0,0,25.7,22.5,17.7,16.9,27.2,14.5,18.1,12.5,18.3,15.8,16.3,11.2,17.2,18,10.2,29.7,26.3,15.3,15.5,18.1,14.7,19.6,15.7,14.3,20.7,13,11.6,13.7,18.1,14,20.2,19.4,14.3,11.7,22.2,21.2,16.3,17.4,17.1,25.5,,,,,,,,,,,,,,,,,,,,,,,,,,,,,,,,,,,,,,,,,28,27.7,28,26.7,24,27.4,27.9,28,27.8,27.1,26.5,26.1,28,27,25.5,27.1,26.9,26.5,25.3,27.2,26.3,24.3,27.4,27.4,26.7,27.6,25.6,27.5,26,26,27.4,65,65,65,67,75,66,66,64,68,62,62,69,64,66,71,72,71,73,74,67,70,82,66,65,61,64,70,69,74,68,73,0,0,0,0,0.1,0,0,0,0,0,0,0,0,0,0,0,0,0,0.1,0,0,0.5,0,0,0,0,0,0,0,0,0.7,24.9,26.1,26.9,22.8,26.9,27.5,27.6,30.2,23.5,19.6,21.5,27.3,25.8,27.4,22.6,20.6,33.9,19.5,20.9,20.7,19.4,18.4,18.8,17.7,24,24.6,20.6,17.1,22.9,22.5,30.5,36.4,37.4,44.3,32,42.5,38.2,37.1,41.8,37.4,22,32.4,40.3,32.8,37.8,31.7,30.2,46.8,25.9,25.9,31.3,29.2,20.2,28.1,22.7,34.6,35.3,27,22.3,37.1,32.8,42.1,,,,,,22.2204,114.2127
2026-09-03T10:00,25.4,27.7,25.8,26.7,26.7,27.2,27.6,28.2,27,27.8,27.9,27.9,26.7,26.4,28.4,26.7,26.9,27.2,27.5,27.9,28,27.4,29.1,26.4,27.8,27.9,28.3,27.4,26.7,28.1,27.1,26.1,27.9,27.2,26.5,26.7,28.1,28.3,27.7,26.7,72,67,73,76,70,62,69,66,70,62,70,59,75,58,68,65,65,70,67,65,68,72,67,77,69,71,66,70,74,67,70,71,63,69,72,74,65,64,67,81,0,0,0,0,0,0,0,0,0,0,0,0,0,0,0,0,0,0,0,0,0,0,0,0,0,0,0,0,0,0,0,0,0,0,0,0,0,0,0,0,26.7,23.7,17.9,18.8,28.5,16.3,18.4,13.7,19.2,17.6,18.4,12.5,19.3,18.8,11.2,30,26.7,16.5,16.9,19.6,15.6,20.7,17.2,14.8,21.2,14.3,13.4,15.9,19.1,14.3,20.6,19.2,15.4,13.5,22.3,21.7,16.6,18.6,17.6,25,,,,,,,,,,,,,,,,,,,,,,,,,,,,,,,,,,,,,,,,,28.7,28.3,28.4,27.3,23.8,27.6,28.7,28.8,28.1,27.8,27,26.6,28.6,27.9,26,27.1,27.4,26.6,25.5,27.8,26.7,24.2,27.7,28.2,26.9,28.7,26.1,28.2,25.9,26.1,27.1,63,63,64,65,77,67,64,64,67,60,60,68,63,64,69,71,68,72,73,65,68,82,66,63,61,62,68,67,75,68,75,0,0,0,0,0.1,0,0,0,0,0,0,0,0,0,0,0,0,0,0.1,0,0,0.5,0,0,0,0,0,0,0,0,0.7,25.7,26.1,29,22.5,27.8,27.2,28.7,29.3,22.8,17.8,21.7,27.2,25.2,28.8,23,21.4,34.7,19.2,18.9,21.6,20.7,17.7,19.4,16.9,23.3,24.1,19.1,16.3,23.5,21.3,29.6,36,37.4,46.4,30.2,43.2,37.8,37.4,41.8,35.6,20.2,31.7,37.8,32.8,37.8,32.8,29.9,46.8,25.9,23.4,32,31.3,19.8,27.4,22.3,34.2,33.8,23.8,21.2,40.3,31.3,38.5,,,,,,22.2204,114.2127
2026-09-03T11:00,25.9,28.5,26.1,27.4,27.5,27.8,28.6,29.1,27.6,28.6,28.6,29.1,27,27,29.5,27.7,27.3,27.9,28.3,28.5,29.1,28.3,30.2,26.5,28.9,28.7,29.4,27.8,27.5,29.2,28,27.1,29,27.7,27.3,27.2,29.1,29.2,28.8,27.1,70,65,72,74,68,60,65,63,68,59,67,56,74,56,64,62,62,67,64,63,64,69,63,77,65,68,62,68,71,63,67,67,60,67,69,72,62,61,63,79,0,0,0,0,0,0,0,0,0,0,0,0,0,0,0,0,0,0,0,0,0,0,0,0,0,0,0,0,0,0,0,0,0,0,0,0,0,0,0,0,27.8,25,18.4,21.1,29.6,18.9,19.2,15.2,19.9,19.6,20.6,14,21.8,19.6,12.5,30.2,26.8,18.1,18.6,21.8,16.8,22.4,19.5,15.4,21.7,15.5,15,18.3,20.1,14.5,21.1,18.7,17,15.3,22.3,22.2,17.1,20.4,18.4,24,,,,,,,,,,,,,,,,,,,,,,,,,,,,,,,,,,,,,,,,,29.4,28.9,28.7,27.9,23.7,27.9,29.4,29.4,28.5,28.5,27.4,27,29,28.6,26.3,27.1,27.9,26.8,25.8,28.3,27,24.1,28.1,28.8,27.1,29.6,26.6,28.7,25.9,26.3,26.8,62,62,63,63,79,67,62,63,67,58,59,66,63,63,68,71,66,71,72,64,67,83,65,61,61,61,66,66,75,67,77,0,0,0,0,0.1,0,0,0,0,0,0,0,0,0,0,0,0,0,0.1,0,0,0.5,0,0,0,0,0,0,0,0,0.7,26.4,26.1,30.5,22.9,28.5,27.6,29.5,28,22.6,16.3,22.2,26.9,23.7,29.4,23.2,21.7,35.6,18.5,17.3,22,21.9,17.6,19.6,16.1,23.1,22.6,18.1,15.8,24.3,21.3,28.8,35.6,37.4,47.2,29.2,43.9,37.8,37.4,41,34.2,18.4,31.3,36,32.4,37.4,33.8,29.9,47.2,25.6,21.2,32.4,33.1,20.2,26.6,21.6,33.1,31.7,21.2,20.9,42.1,30.6,36,,,,,,22.2204,114.2127
2026-09-03T12:00,26.4,29.3,26.4,28,28.3,28.5,29.6,30,28.3,29.4,29.3,30.2,27.4,27.6,30.6,28.6,27.7,28.6,29.1,29.2,30.1,29.2,31.2,26.6,29.9,29.5,30.5,28.3,28.3,30.4,28.8,28.1,30.2,28.1,28,27.8,30.1,30,29.8,27.4,69,63,72,72,65,57,61,59,66,56,65,53,73,55,60,59,59,65,61,62,59,66,59,77,62,64,59,66,68,59,64,64,57,66,67,69,59,58,60,78,0,0,0,0,0,0,0,0,0,0,0,0,0,0,0,0,0,0,0,0,0,0,0,0,0,0,0,0,0,0,0,0,0,0,0,0,0,0,0,0,28.8,26.1,18.9,23.3,30.7,21.2,20,16.6,21.1,21.4,23.2,15.3,24.1,20.1,13.9,30.4,26.4,19.3,20.4,23.3,18,24,21.2,15.6,21.9,16.8,16.8,20.6,20.9,15,21.5,18.2,18.5,16.8,22.7,22.5,17.6,21.7,18.9,23.3,,,,,,,,,,,,,,,,,,,,,,,,,,,,,,,,,,,,,,,,,29.8,29.4,28.9,28.5,23.6,28.3,29.8,29.9,29.1,29.1,28,26.9,29.4,29,26.1,27.1,28.1,27.1,26,28.9,27.2,23.9,28.7,29.3,27.5,30.2,26.9,29,26.1,26.6,26.6,62,62,63,62,80,66,61,63,66,57,58,65,63,63,70,71,65,69,72,64,67,85,65,60,61,61,65,66,74,66,79,0,0,0,0,0.1,0,0,0,0,0,0,0,0,0,0,0,0.1,0,0,0,0,1.4,0,0,0,0,0,0,0,0,0.6,26.1,25.6,31.1,24,28.6,28.9,28.8,25.3,23.1,15,23.4,26.8,21.5,27.9,24.4,21.4,35.5,17.1,16.4,21.8,23.8,17.9,19.4,15.3,22.9,20.1,18.6,15.9,24.6,23.3,27.2,35.6,37.1,46.1,29.5,43.9,38.9,36.7,38.5,33.8,16.9,32,35.6,31,35.6,35.6,29.9,46.8,24.5,20.5,32,34.6,20.9,25.2,20.5,31.7,28.4,20.5,21.6,41.8,31.3,34.6,,,,,,22.2204,114.2127
2026-09-03T13:00,26.8,29.9,26.6,28.4,29,29,30.3,30.7,28.8,30,29.8,31,27.7,28.1,31.5,29.3,28,29.1,29.7,29.6,30.9,29.9,32,26.7,30.7,30.1,31.4,28.7,28.9,31.3,29.5,28.9,31.1,28.5,28.6,28.2,30.9,30.7,30.6,27.6,68,61,71,71,64,55,58,57,65,54,63,51,72,54,57,57,57,63,59,60,56,63,56,77,59,62,56,65,66,56,61,61,55,65,65,67,57,55,57,77,0,0,0,0,0,0,0,0,0,0,0,0,0,0,0,0,0,0,0,0,0,0,0,0,0,0,0,0,0,0,0,0,0,0,0,0,0,0,0,0,29,26.5,19.1,25.3,31.3,22.9,20.8,17.6,21.9,22.7,25,16.4,26.1,20.4,14.5,30.7,25.7,20.3,21.8,24.7,19,25,22.7,15.9,22.2,17.9,17.6,22.3,21.4,14.8,21.8,17.9,19.6,18.4,23,22.8,17.7,22.9,19,22.3,,,,,,,,,,,,,,,,,,,,,,,,,,,,,,,,,,,,,,,,,30,29.9,29,29.1,23.7,28.8,30.1,30.3,29.8,29.6,28.5,26.7,29.7,29.2,25.7,27,28.2,27.6,26.2,29.5,27.4,23.6,29.4,29.7,27.8,30.6,27.2,29.2,26.3,27,26.3,63,62,62,61,80,65,62,63,66,57,58,65,64,64,73,72,66,67,71,64,67,87,65,60,60,62,65,67,74,65,80,0,0,0,0,0.1,0,0,0,0,0,0,0,0,0,0,0,0.1,0,0,0,0,1.4,0,0,0,0,0,0,0,0,0.6,26.2,24.8,30.9,25.6,27.9,30.6,27,22.4,23.9,14,25.3,26.2,19.5,25.6,26.3,20.9,36,15.3,16.2,21.4,26.5,18.2,18.7,15,23.2,17.2,19.9,16.5,24.6,26.9,25.7,35.6,36.7,43.6,31,43.6,40,36,35.3,33.8,15.5,32.8,35.6,28.8,33.5,37.4,29.9,46.4,23,20.5,31.7,36,22,23.8,19.4,29.9,24.5,20.5,22.3,40,32.8,33.8,,,,,,22.2204,114.2127
2026-09-03T14:00,27,30.3,26.8,28.7,29.4,29.3,30.7,31,29.1,30.3,30.1,31.5,27.8,28.4,32,29.6,28.1,29.4,30,29.8,31.2,30.3,32.5,26.8,31.1,30.4,31.8,28.8,29.3,31.8,29.8,29.3,31.6,28.7,28.9,28.5,31.3,31,31.1,27.7,68,60,71,70,63,54,57,56,64,53,62,50,71,54,55,56,56,62,58,60,55,62,55,77,58,61,55,64,65,55,60,60,54,64,64,66,56,54,56,77,0,0,0,0,0,0,0,0,0,0,0,0,0,0,0,0,0,0,0,0,0,0,0,0,0,0,0,0,0,0,0,0,0,0,0,0,0,0,0,0,29,26.1,19.1,26,30.8,23.5,20.7,18,22.3,23,25.5,16.5,27.4,19.8,14.6,29.9,24.6,20.4,22.1,24.7,18.9,25.5,22.8,15.6,21.4,17.9,18.1,23,21.4,14.3,21.4,17.4,19.5,18.9,23,22.3,17.4,22.9,18.8,21.5,,,,,,,,,,,,,,,,,,,,,,,,,,,,,,,,,,,,,,,,,30.1,30.2,29.2,29.5,23.8,29.1,30.3,30.6,30.3,30,28.9,26.7,29.9,29.2,25.4,27.1,28,28.2,26.2,30,27.5,23.5,29.8,29.9,28.1,30.9,27.3,29.3,26.5,27.3,26.3,64,62,62,61,80,64,62,63,65,57,58,65,65,65,76,72,67,66,72,64,67,89,66,61,60,63,65,68,73,64,80,0,0,0,0,0.1,0,0,0,0,0,0,0,0,0,0,0,0.1,0,0,0,0,1.4,0,0,0,0,0,0,0,0,0.6,26.7,24,30.5,26.4,27.6,31.9,26.5,20.5,25.1,13.3,26.1,25.9,18.4,24.1,27.4,20.9,36.8,13.8,15.7,20.8,28.5,18.9,18.2,15.3,23.4,14.1,20.6,17,24.5,29,25.3,36,35.6,41.4,31.3,42.8,40.3,36,33.1,34.2,15.1,33.5,35.3,27.4,32,37.4,29.9,46.8,21.2,20.5,31.3,37.1,22.7,22.7,19.1,28.8,22,20.9,23,38.2,33.8,34.2,,,,,,22.2204,114.2127
2026-09-03T15:00,26.9,30.4,26.8,28.6,29.4,29.2,30.7,30.9,29.1,30.2,30.1,31.4,27.8,28.5,32,29.5,28.1,29.3,29.9,29.6,31,30.2,32.5,26.9,31.1,30.3,31.7,28.7,29.3,31.7,29.7,29.3,31.6,28.6,28.8,28.7,31.3,31,31,27.6,69,60,71,71,63,54,58,57,64,53,62,51,71,55,55,57,56,63,59,61,56,62,56,77,59,62,56,65,65,56,61,61,55,64,64,66,57,54,57,77,0,0,0,0,0,0,0,0,0,0,0,0,0,0,0,0,0,0,0,0,0,0,0,0,0,0,0,0,0,0,0,0,0,0,0,0,0,0,0,0,28.4,24.3,18.6,25.7,29.3,22.7,20,17.4,21.9,21.9,24.7,15.5,27.6,17.9,13.7,28.6,22.5,19.2,21.4,23.6,18,25.3,21.3,14.7,20.1,16.9,17.5,22,20.4,13,20.7,17.1,18,18.4,22.5,20.8,16.3,22.2,18.1,21,,,,,,,,,,,,,,,,,,,,,,,,,,,,,,,,,,,,,,,,,29.9,30.3,29.4,29.7,24,29.1,30.2,30.6,30.4,30,28.8,27.2,29.9,29.2,25.4,27.6,27.1,28.8,26.1,30.1,27.6,23.5,29.9,29.8,28.4,30.8,27.1,29.2,26.5,27.3,26.5,64,63,62,61,79,64,63,63,64,59,59,64,66,66,77,71,71,65,74,65,67,89,67,62,60,65,65,69,73,64,78,0,0,0,0,0,0,0,0,0,0,0,0,0,0.1,0.1,0,0.4,0,0.1,0,0,0.7,0,0,0,0.1,0,0,0,0,0.1,28.9,22.4,29.7,25.3,27.1,31,28,21.2,26,13,25.6,25.1,17.7,24.6,25.9,21.7,37.8,12.1,15.6,20.9,29.4,19.2,18.3,16.8,23.7,11.6,20.4,16.7,24.5,29.4,27.2,37.1,33.5,40,29.9,42.1,38.9,37.1,33.8,34.9,16.2,33.1,33.8,26.6,32,33.8,29.5,48.2,18.7,19.8,31.7,38.5,23,22.3,20.5,28.4,21.6,20.9,22.7,36.4,34.2,36.7,,,,,,22.2204,114.2127
2026-09-03T16:00,26.7,30.2,26.7,28.4,29.3,29,30.3,30.4,28.9,29.9,29.8,31,27.8,28.4,31.6,29.1,27.9,29,29.5,29.1,30.5,29.7,32.1,26.9,30.7,30,31.2,28.5,29.1,31.4,29.3,29,31.2,28.4,28.5,28.7,31,30.8,30.7,27.4,70,61,72,72,64,55,60,59,65,54,64,54,71,56,57,58,58,65,60,63,58,64,58,78,61,64,58,66,67,59,62,62,57,64,66,67,58,54,60,78,0,0,0,0,0,0,0,0,0,0,0,0,0,0,0,0,0,0,0,0,0,0,0,0,0,0,0,0,0,0,0,0,0,0,0,0,0,0,0,0,27,21.1,17.6,24.5,26.8,20.3,18.7,16.5,20.7,19.6,22.2,13.4,27.2,15.3,12.1,26.8,19.5,17.4,20,21.3,16.4,24.3,18.8,13.5,18.1,15.4,15.6,19.9,18.8,11.2,19.6,16.3,15.8,17.5,21.4,19,14.2,20.4,17.1,20.7,,,,,,,,,,,,,,,,,,,,,,,,,,,,,,,,,,,,,,,,,29.6,30.2,29.6,29.7,24.4,28.9,30,30.6,30.3,29.8,28.6,27.9,29.7,29.1,25.4,28.2,25.9,29.5,25.8,30.1,27.7,23.7,29.7,29.7,28.6,30.6,26.6,29,26.3,27.2,26.8,63,63,61,61,77,64,64,64,63,62,61,64,67,67,77,69,76,65,76,66,67,87,69,64,61,66,66,70,74,65,75,0,0,0,0,0,0,0,0,0,0,0,0,0,0.1,0.1,0,0.4,0,0.1,0,0,0.7,0,0,0,0.1,0,0,0,0,0.1,31.7,20.5,28.2,23.5,26.1,29.1,31.1,23.1,27.4,12.8,24.2,23.6,18.1,25.7,23.1,22.5,38.4,10.8,15.8,21.5,29.8,19.7,18.5,18.9,23.8,9.9,20,16,24.1,29,30.4,38.9,30.6,38.9,27.7,41.4,36,38.5,35.6,36.4,18,32.4,32,25.9,32.4,28.8,29.2,50.4,15.8,18.7,32,39.6,23.4,22.7,22.7,28.8,22.7,20.9,22,34.2,34.2,40.3,,,,,,22.2204,114.2127
2026-09-03T17:00,26.4,30,26.5,28,29,28.6,29.7,29.7,28.7,29.3,29.4,30.3,27.6,28.2,31,28.5,27.6,28.6,28.9,28.5,29.7,29.1,31.5,26.9,30.2,29.4,30.5,28.1,28.8,30.7,28.8,28.5,30.6,28.1,28,28.6,30.5,30.3,30.1,27.1,71,62,72,74,65,57,64,63,66,55,66,57,71,58,59,61,60,69,63,65,62,66,61,79,63,67,61,68,69,62,65,65,59,65,68,68,61,56,64,78,0,0,0,0,0,0,0,0,0,0,0,0,0,0,0,0,0,0,0,0,0,0,0,0,0,0,0,0,0,0,0,0,0,0,0,0,0,0,0,0,25.1,17.4,16.8,22.7,24,17.3,17.1,15.4,19.4,17.3,19.2,11,26.2,12.3,10.4,24.5,16.1,14.8,18,18.6,14.5,22.9,15.2,11.8,15.8,13.1,13.8,17.2,16.8,9.6,18.3,15.8,12.8,15.9,20.4,16.5,11.8,18.4,15.6,20.2,,,,,,,,,,,,,,,,,,,,,,,,,,,,,,,,,,,,,,,,,29.2,30.1,29.7,29.6,24.6,28.6,29.7,30.4,30.2,29.7,28.4,28.5,29.6,28.8,25.5,28.5,25.1,29.8,25.5,30,27.8,23.9,29.6,29.5,28.5,30.3,26.3,28.8,26.3,27.1,27.1,63,64,61,62,76,65,65,64,62,64,62,64,68,69,76,68,79,66,78,67,67,86,70,66,62,68,67,70,74,66,73,0,0,0,0,0,0,0,0,0,0,0,0,0,0.1,0.1,0,0.4,0,0.1,0,0,0.7,0,0,0,0.1,0,0,0,0,0.1,33.1,20,26.9,21.9,25.7,27.2,33.5,25.5,28.1,12.8,22.7,22.7,18.7,26.6,21.3,22.8,38.8,9.9,15.7,22.7,29.6,20.2,17.7,20.3,23.4,10.8,19.3,15,23.4,27.9,32.5,39.6,28.8,37.4,26.3,40.3,34.2,40,37.8,37.4,19.1,31.3,30.6,25.9,32.4,25.6,28.4,51.8,14,18,32.4,40,24.1,22.7,24.5,29.2,23.4,20.9,20.5,32,33.5,42.5,,,,,,22.2204,114.2127
2026-09-03T18:00,26,29.7,26.3,27.5,28.6,28.1,29,29,28.3,28.8,28.9,29.6,27.4,27.9,30.3,27.8,27.3,28.1,28.3,27.8,28.8,28.4,30.9,26.9,29.6,28.8,29.6,27.7,28.4,30,28.1,27.9,29.9,27.7,27.5,28.5,29.9,29.8,29.4,26.7,73,64,73,76,67,59,67,66,68,57,68,61,71,61,62,63,63,72,66,67,65,69,64,80,66,70,64,70,71,66,68,68,62,65,70,69,64,57,68,79,0,0,0,0,0,0,0,0,0,0,0,0,0,0,0,0,0,0,0,0,0,0,0,0,0,0,0,0,0,0,0,0,0,0,0,0,0,0,0,0,23.3,13.5,15.5,20.6,20.9,14.3,15.5,13.7,18,14.3,16.1,8.7,25.3,9.5,8.6,22.2,12.5,12.2,15.5,15.5,12.5,21.4,11.5,10.7,13.5,11,11.5,14.4,14.8,8.6,16.7,15.5,9.7,14.2,18.8,14.5,9.4,16.3,13.9,20,,,,,,,,,,,,,,,,,,,,,,,,,,,,,,,,,,,,,,,,,28.9,29.9,29.6,29.4,24.8,28.4,29.3,30.1,30,29.6,28.3,28.6,29.4,28.1,25.8,28.3,25.2,29.6,25.2,29.8,28,24.1,29.6,29.4,28.2,30,26,28.7,26.4,27.1,27.2,64,65,62,63,76,66,65,64,63,66,63,65,69,72,74,69,77,68,80,67,67,85,70,67,64,69,68,70,73,67,72,0,0,0,0,0,0,0,0,0,0,0,0,0.1,0.2,0,0,0.1,0.1,0.8,0,0,0.1,0.3,0.1,0,0.5,0,0,0,0,0,31.7,21,25.7,21.3,25.5,26.1,33.8,28.2,28.9,13,21,22.3,20.2,26.9,22.3,22.2,38.4,10.8,15.4,22.7,28.8,20.8,14.6,19.8,23.2,12,18.4,13.8,22.3,25.9,31.5,38.5,29.2,36.4,26.6,38.5,33.8,40.7,39.6,38.5,19.1,29.5,29.5,26.6,31.7,27.4,27,51.8,15.1,17.3,32,38.5,25.6,22,25.2,29.5,23.8,20.5,18.7,30.2,32,42.1,,,,,,22.2204,114.2127
2026-09-03T19:00,25.7,29.4,26.1,27.1,28.2,27.7,28.3,28.3,28,28.2,28.4,28.8,27.2,27.6,29.7,27.1,26.9,27.6,27.7,27.2,27.9,27.7,30.2,26.9,29,28.2,28.8,27.3,28,29.3,27.5,27.4,29.2,27.3,27,28.3,29.4,29.3,28.7,26.3,75,65,73,78,68,61,71,70,69,59,70,64,72,63,65,65,65,75,68,69,69,71,67,81,69,73,67,72,73,69,70,71,64,66,72,70,66,59,71,80,0,0,0,0,0,0,0,0,0,0,0,0,0,0,0,0,0,0,0,0,0,0,0,0,0,0,0,0,0,0,0,0,0,0,0,0,0,0,0,0,21.7,10.8,14.3,19.2,18.3,11.7,14,12,16.5,11.5,13.1,6.4,24.5,7.2,6.9,19.9,9.5,10.1,13.7,13,10.9,19.8,8.6,9.7,11.5,9,9.7,11.9,13,8.1,15.1,15,7.7,12.9,17.4,12.6,7.5,14.4,12.7,19.2,,,,,,,,,,,,,,,,,,,,,,,,,,,,,,,,,,,,,,,,,28.5,29.7,29.5,29.1,24.9,28.2,28.8,29.7,29.8,29.5,28.3,28.5,29.3,27.2,26.1,27.8,25.8,29.1,25,29.7,28.2,24.4,29.6,29.3,27.6,29.7,25.9,28.7,26.7,27,27.3,66,65,63,63,76,67,66,64,64,67,63,68,69,75,71,71,73,70,81,66,68,83,70,67,66,70,68,69,71,67,72,0,0,0,0,0,0,0,0,0,0,0,0,0.1,0.2,0,0,0.1,0.1,0.8,0,0,0.1,0.3,0.1,0,0.5,0,0,0,0,0,29.2,23.1,24.1,21.4,24.7,25.3,33,31.3,28.9,13.7,19.1,22.1,21.7,26.4,24.5,21.1,37.2,12.8,15,21.8,27,21.7,12.4,19.3,24.1,13.3,17.5,12.7,20.7,23.1,28.8,37.1,30.6,34.9,27.7,36,34.2,41.4,41.4,39.6,18.7,27.7,28.8,27.4,30.2,31.3,25.2,51.1,16.9,16.6,31.3,35.6,27.7,21.2,25.6,29.5,24.1,19.8,16.6,28.8,30.2,40.7,,,,,,22.2204,114.2127
2026-09-03T20:00,25.4,29.2,26,26.8,27.9,27.3,27.8,27.8,27.8,27.7,28.1,28.2,27,27.3,29.1,26.7,26.7,27.3,27.2,26.7,27.3,27.3,29.7,26.9,28.5,27.8,28.2,27,27.6,28.7,27.1,26.9,28.6,27,26.6,28.1,29,28.9,28.2,26.1,76,66,74,79,69,63,73,72,70,61,71,68,72,66,68,67,67,77,70,71,72,73,69,81,71,75,70,73,75,72,72,73,66,67,74,71,69,60,74,81,0,0,0,0,0,0,0,0,0,0,0,0,0,0,0,0,0,0,0,0,0,0,0,0,0,0,0,0,0,0,0,0,0,0,0,0,0,0,0,0,20.1,9,13.5,17.9,16.7,9.9,12.5,10.8,15.6,9.7,11.5,4.9,24.2,6.1,6.1,18.1,7.2,8.5,11.9,11.3,10,18.7,6.9,9,9.8,7.4,8.3,10.4,11.7,8.1,14.1,14.3,6.6,11.8,16.6,11.6,5.9,13.2,11.8,18.2,,,,,,,,,,,,,,,,,,,,,,,,,,,,,,,,,,,,,,,,,28.2,29.4,29.3,28.9,25,28,28.4,29.3,29.5,29.4,28.3,28.3,29.1,26.5,26.3,27.4,26.2,28.7,24.9,29.5,28.2,24.6,29.5,29.1,27,29.4,25.7,28.6,26.9,26.9,27.3,67,66,64,64,76,68,66,64,65,68,63,69,69,78,69,73,70,72,82,66,68,82,70,68,68,70,69,69,70,68,72,0,0,0,0,0,0,0,0,0,0,0,0,0.1,0.2,0,0,0.1,0.1,0.8,0,0,0.1,0.3,0.1,0,0.5,0,0,0,0,0,27,25.1,22.7,21.5,24.3,24.6,31.8,33.1,29,13.4,17.6,22.3,22.4,25,25.2,19.6,36.4,14.4,14.8,21.1,25.3,22.3,13.3,19.2,24.8,15.4,16.5,11.5,19.5,20.7,26.6,35.3,31.7,33.1,28.4,35.3,33.8,41,42.5,40,17.6,25.6,28.1,27.7,28.4,33.1,23.8,50.8,18,15.8,30.6,33.1,28.4,21.6,25.2,28.8,24.8,18.7,14.4,27,28.1,38.9,,,,,,22.2204,114.2127
2026-09-03T21:00,25.2,29,25.8,26.6,27.7,27.1,27.5,27.4,27.6,27.3,27.8,27.7,26.8,27,28.7,26.6,26.4,27,26.9,26.5,26.9,27,29.2,26.9,28.1,27.6,27.7,26.8,27.3,28.3,26.9,26.6,28.2,26.8,26.3,27.8,28.6,28.5,27.8,25.9,77,66,75,80,70,65,75,74,71,63,72,72,73,69,71,68,69,78,71,72,74,74,70,81,72,77,72,74,76,74,73,74,67,68,75,71,72,61,75,82,0,0,0,0,0,0,0,0,0,0,0,0,0,0,0,0,0,0,0,0,0,0,0,0,0,0,0,0,0,0,0,0,0,0,0,0,0,0,0,0,18.6,8.7,12.7,17.1,16.1,8.7,11.5,9.8,14.8,8.1,10.7,4.2,24.1,5.4,5.8,16.6,5.7,7.7,10.8,10.1,9.5,17.6,6.3,8.8,8.8,6.4,7.3,9.8,10.9,7.4,13,13.5,6.8,11,15.6,11.9,5.2,12.4,11.1,16.5,,,,,,,,,,,,,,,,,,,,,,,,,,,,,,,,,,,,,,,,,27.9,29,29.2,28.6,25.1,27.8,28.1,28.9,29.3,29.3,28.3,28,28.9,26.2,26.4,27.2,26.2,28.4,24.9,29.3,28.1,24.8,29.4,28.9,26.6,29.2,25.5,28.4,27,26.7,27.3,68,67,65,64,76,69,67,64,66,69,64,69,69,79,69,74,70,72,81,66,68,81,70,69,70,70,70,69,69,68,72,0,0,0,0,0,0,0,0,0,0,0,0,0,0.5,0,0,0,0,0.2,0,0,0,0,0,0,0.2,0,0,0,0,0,26.7,26.2,20.5,20.5,24.1,23.6,30.2,32.4,28.2,11.3,16.4,22.9,21.6,21.6,23,17.9,36.1,13.4,14.8,21.2,23.3,21.8,16.4,18.6,23.1,19.5,15.5,10.1,17.7,19.2,25,34.6,32.4,29.9,28.1,37.4,31.7,39.2,42.1,38.5,16.2,23.4,28.1,26.6,25.6,30.2,22.7,51.5,16.2,15.8,29.9,31,27.7,24.5,24.1,25.9,27.4,17.6,12.6,24.1,25.2,36.7,,,,,,22.2204,114.2127
2026-09-03T22:00,25.1,28.9,25.6,26.4,27.4,26.9,27.2,27.2,27.4,26.9,27.5,27.2,26.6,26.7,28.2,26.5,26.2,26.8,26.7,26.3,26.6,26.7,28.7,26.8,27.7,27.4,27.3,26.7,27,27.8,26.7,26.2,27.8,26.6,26.1,27.4,28.3,28.2,27.4,25.7,78,67,75,80,70,67,76,75,71,66,73,76,73,73,74,68,71,79,72,73,77,75,70,81,73,79,74,74,77,75,73,76,67,69,76,72,75,62,76,83,0,0,0,0,0,0,0,0,0,0,0,0,0,0,0,0,0,0,0,0,0,0,0,0,0,0,0,0,0,0,0,0,0,0,0,0,0,0,0,0,17.3,9,12,16.6,16.1,7.9,10.4,8.4,14.6,7.1,10.2,4,24.3,4.7,5.4,15.1,4.8,7.4,9.7,9.6,9.1,16.2,6.5,8.3,8.3,5.6,6.2,9.3,11,6.8,12,12.5,7.2,10.2,15.1,12.7,4.6,12.1,10.5,14.3,,,,,,,,,,,,,,,,,,,,,,,,,,,,,,,,,,,,,,,,,27.7,28.6,29.1,28.4,25.2,27.6,27.8,28.6,29,29.1,28.3,27.6,28.6,26.1,26.3,27,26,28.2,25.1,29.1,27.9,25,29.2,28.6,26.2,29,25.3,28.3,27.1,26.6,27.4,69,67,66,65,76,70,68,65,67,70,64,68,69,79,70,74,70,72,80,67,69,79,69,69,73,69,71,70,69,69,72,0,0,0,0,0,0,0,0,0,0,0,0,0,0.5,0,0,0,0,0.2,0,0,0,0,0,0,0.2,0,0,0,0,0,26.8,26.6,18,18.4,24,22.3,28.1,30.3,26.7,8.6,15.6,24,20.1,18.1,19.7,16.4,36.4,11.8,14.9,21.7,21.5,20.3,19.6,17.7,20.3,24.2,14.4,8.6,16.2,17.8,23.3,33.8,33.1,26.3,27,41,28.4,36.7,40.7,36.4,14,21.2,28.4,24.8,22.3,25.6,21.2,52.2,13,15.8,28.8,28.4,25.6,28.4,22.7,22,30.2,16.2,10.4,20.9,22.3,34.6,,,,,,22.2204,114.2127
2026-09-03T23:00,25,28.8,25.5,26.2,27.1,26.7,26.9,27,27.2,26.5,27.3,26.7,26.3,26.3,27.7,26.6,25.9,26.6,26.5,26.2,26.3,26.5,28.2,26.7,27.4,27.3,26.9,26.6,26.7,27.3,26.5,25.8,27.4,26.3,25.8,27,27.9,27.8,27,25.5,79,67,76,80,71,69,77,77,72,69,74,81,74,76,77,68,73,80,73,74,79,75,70,81,73,80,76,74,77,76,73,77,67,70,77,72,78,63,77,84,0,0,0,0,0,0,0,0,0,0,0,0,0,0,0,0,0,0,0,0,0,0,0,0,0,0,0,0,0,0,0,0,0,0,0,0,0,0,0,0,15.8,9.8,11.2,16.4,16.6,7.1,9.8,6.9,14.4,6.1,10.2,3.9,24.5,4,5.4,13.8,4.6,7.4,8.8,9.4,9.2,15.3,7.4,8,8,4.9,5.6,9.3,11.2,5.8,11,11.7,7.9,9.5,14.2,14.3,4.2,12,9.9,11.9,,,,,,,,,,,,,,,,,,,,,,,,,,,,,,,,,,,,,,,,,27.4,28.2,29,28,25.1,27.4,27.6,28.3,28.8,29,28.3,27.2,28.4,26.1,26.1,26.8,25.8,28,25.2,28.9,27.6,25.1,28.9,28.3,25.9,28.7,25.1,28.1,27.1,26.5,27.4,70,68,67,65,77,70,68,65,68,71,65,68,69,78,71,74,71,71,79,67,70,78,69,70,75,69,72,70,69,69,72,0,0,0,0,0,0,0,0,0,0,0,0,0,0.5,0,0,0,0,0.2,0,0,0,0,0,0,0.2,0,0,0,0,0,26.5,27.2,16.2,17.6,24.3,20.6,26.2,28.8,25.2,7.1,15.3,24.3,18.4,16.5,17.8,14.8,36.2,10.5,14.6,21.8,19.9,19.3,21.7,17.4,17.6,26.8,13.6,7.9,14.7,16.9,22.7,32.4,33.1,23.8,26.3,43.2,25.2,34.6,39.2,34.9,12.6,20.2,28.4,23,20.5,22,20.2,51.8,10.8,15.5,27.7,26.6,23.8,31,21.6,18.4,31,15.1,9.4,18.4,20.2,33.5,,,,,,22.2204,114.2127
2026-09-04T00:00,24.8,28.7,25.3,26.1,26.8,26.5,26.7,26.8,27,26.2,27,26.3,26.1,25.9,27.3,26.6,25.7,26.5,26.3,26.1,26.1,26.4,27.8,26.7,27,27.2,26.6,26.5,26.4,26.9,26.4,25.5,27,26.1,25.7,26.5,27.6,27.5,26.7,25.4,80,66,76,80,72,71,77,77,72,72,74,85,75,80,80,68,75,80,73,74,81,76,70,81,74,81,78,74,78,76,72,77,67,71,77,72,80,64,77,85,0,0,0,0,0,0,0,0,0,0,0,0,0,0,0,0,0,0,0,0,0,0,0,0,0,0,0,0,0,0,0,0,0,0,0,0,0,0,0,0,14.5,10.9,10.4,16.1,17.1,6.9,9.3,6.2,14.5,5.6,10.5,4.2,24.5,3.9,5.1,12.6,4.5,7.6,7.9,9.1,9.2,13.9,8.7,7.9,7.7,4.5,4.8,9.4,11.3,5.1,10.1,10.4,9.1,9,13.8,15.6,4,11.9,9.8,9.7,,,,,,,,,,,,,,,,,,,,,,,,,,,,,,,,,,,,,,,,,26.9,28,28.8,27.5,24.9,27.2,27.5,28,28.6,28.8,28.3,26.8,28.1,26.3,25.9,26.7,25.6,27.8,25.2,28.6,27.1,25.1,28.7,28.1,25.8,28.3,25,27.9,27,26.4,27.4,72,68,68,66,79,70,68,66,68,72,65,68,70,76,72,74,71,71,78,68,72,78,69,70,76,71,72,70,69,69,72,0,0,0,0,0.5,0,0,0,0,0.1,0,0,0,0.1,0.1,0,0,0.1,0,0,0.3,0,0,0,0.1,0.2,0,0,0,0,0.1,24.3,26.4,15.1,18.4,24.5,18,24.5,27.9,23.8,7.4,16.1,23.7,16.9,16.7,17.3,13.8,34.9,10.1,13.7,20.9,19.4,18.1,21.8,17.9,14.5,24.5,13,8.3,13.9,16.2,23.4,29.2,32.4,22.7,25.9,41.8,22,33.1,37.4,34.6,12.2,20.9,28.1,20.5,20.9,21.2,18.7,49.3,10.4,14,25.9,25.2,22,30.6,22,15.8,27.4,14.4,9.4,16.9,19.4,34.2,,,,,,22.2204,114.2127
2026-09-04T01:00,24.8,28.6,25.1,26,26.6,26.3,26.5,26.7,26.8,25.9,26.9,25.9,25.8,25.6,26.9,26.6,25.6,26.4,26.2,26.1,25.9,26.2,27.4,26.6,26.7,27.1,26.4,26.4,26.1,26.6,26.3,25.2,26.7,26,25.5,26.2,27.4,27.2,26.4,25.2,80,66,77,80,72,72,78,78,73,74,75,88,75,82,82,68,76,80,74,74,82,76,70,80,74,82,79,74,78,77,72,78,67,72,78,73,82,65,77,86,0,0,0,0,0,0,0,0,0,0,0,0,0,0,0,0,0,0,0,0,0,0,0,0,0,0,0,0,0,0,0,0,0,0,0,0,0,0,0,0,13.3,11.9,9.9,15.8,17.6,6.4,9.4,5.6,14.8,5.1,10.8,4.7,24.6,3.9,5.5,11.7,4.4,7.9,7.6,9.1,9.4,13.1,9.8,7.9,7.7,4.3,4.7,9.5,11.6,4.8,9.5,9.7,9.8,8.9,13.4,16.9,4.2,11.8,9.6,8.1,,,,,,,,,,,,,,,,,,,,,,,,,,,,,,,,,,,,,,,,,26.3,27.8,28.6,26.9,24.5,27.1,27.5,27.8,28.4,28.6,28.2,26.3,27.8,26.7,25.7,26.5,25.5,27.7,25.2,28.2,26.5,25,28.4,27.9,25.7,27.7,24.9,27.7,26.9,26.4,27.4,75,68,68,67,81,69,67,66,69,72,66,69,70,74,74,74,72,70,77,68,75,78,69,70,76,73,72,71,70,70,71,0,0,0,0,0.5,0,0,0,0,0.1,0,0,0,0.1,0.1,0,0,0.1,0,0,0.3,0,0,0,0.1,0.2,0,0,0,0,0.1,21.7,24.9,15,19.8,24.5,15,23.7,27.4,22.7,8.7,17.3,22.6,15.5,17.3,17.9,13.2,33.8,10.2,12.1,20,19.1,17.1,20.9,18.5,12.3,19.6,12.6,9,13.6,15.6,24.9,25.6,31,22.3,25.2,38.9,18.4,31.7,35.6,34.9,12.2,22.3,27.4,18,22.7,21.6,16.9,45.7,10.8,12.6,23.8,23.8,20.2,29.2,22.7,14,22,13.7,9.7,16.2,19.1,36.4,,,,,,22.2204,114.2127
2026-09-04T02:00,24.7,28.5,25,25.9,26.4,26.2,26.3,26.6,26.7,25.8,26.7,25.7,25.7,25.4,26.7,26.6,25.5,26.3,26.1,26.1,25.8,26.2,27.1,26.6,26.6,27.1,26.2,26.3,25.9,26.4,26.2,25,26.4,25.8,25.4,25.9,27.3,27,26.2,25.1,81,66,77,80,73,73,78,78,73,75,75,89,76,84,83,68,77,80,74,74,83,76,69,80,74,83,80,74,78,77,72,79,67,73,78,73,83,66,77,87,0,0,0,0,0,0,0,0,0,0,0,0,0,0,0,0,0,0,0,0,0,0,0,0,0,0,0,0,0,0,0,0,0,0,0,0,0,0,0,0,12.3,12.6,9.4,15.8,17.6,6.4,9.7,5.4,14.8,4.6,10.8,4.7,24.2,3.8,5.6,10.7,4.3,7.9,7.4,8.8,9.2,12.5,10.6,7.9,7.4,4.2,4.5,9.8,11.9,5.1,9.2,8.9,10.5,8.6,13.3,17.7,4.2,11.5,9.6,7.2,,,,,,,,,,,,,,,,,,,,,,,,,,,,,,,,,,,,,,,,,25.8,27.6,28.5,26.4,24.2,27,27.5,27.6,28.2,28.4,28.1,26,27.5,26.9,25.4,26.3,25.3,27.6,25.1,27.9,26,24.9,28.2,27.6,25.6,27.3,24.8,27.5,26.8,26.3,27.4,77,68,68,68,83,68,67,67,69,72,66,69,71,72,75,75,72,70,77,69,78,78,69,70,76,74,72,71,70,70,71,0,0,0,0,0.5,0,0,0,0,0.1,0,0,0,0.1,0.1,0,0,0.1,0,0,0.3,0,0,0,0.1,0.2,0,0,0,0,0.1,19.5,23.4,15.8,20.4,24.4,12.7,22.7,27,21.3,9.8,18.3,21.5,14.8,17.6,18.4,12.6,32.5,10.2,11.3,18.7,18.5,16.8,20.2,19.1,12.3,15.9,12.3,9.7,13.2,15.4,25.8,22.3,29.9,23,24.1,36,15.8,31,33.8,34.9,12.6,23,26.6,16.9,23.8,22.3,15.5,42.8,11.2,11.5,22,22.7,19.1,27.4,23.4,13.3,17.6,13.3,10.1,15.8,19.1,37.8,,,,,,22.2204,114.2127
2026-09-04T03:00,24.6,28.4,24.9,25.9,26.2,26.1,26.2,26.6,26.5,25.7,26.6,25.6,25.5,25.3,26.5,26.4,25.5,26.3,25.9,26,25.6,26.2,26.9,26.6,26.5,27,26,26.2,25.8,26.3,26,24.9,26.2,25.7,25.2,25.7,27.3,26.8,26.1,25,81,66,77,80,74,73,78,77,73,75,75,88,77,84,83,68,77,80,74,74,83,76,68,80,74,83,80,74,78,77,72,80,67,73,78,74,82,67,77,87,0,0,0,0,0,0,0,0,0,0,0,0,0,0,0,0,0,0,0,0,0,0,0,0,0,0,0,0,0,0,0,0,0,0,0,0,0,0,0,0,11.6,12.8,8.9,15.6,17.1,6.4,10,5.7,14.8,4.6,10.8,4.8,23.4,3.8,5.9,9.9,4.3,7.9,7.4,8.5,8.9,12.5,11.3,8.3,7.4,4.2,4.5,10.1,11.9,5.1,8.7,8.4,10.7,8.8,13.8,17.7,4.5,11.2,10,6.8,,,,,,,,,,,,,,,,,,,,,,,,,,,,,,,,,,,,,,,,,25.5,27.3,28.3,26.1,24,27,27.4,27.4,28,28.1,27.9,25.7,27.2,26.9,25.2,26,25.2,27.4,25.1,27.7,25.4,24.8,28,27.2,25.4,27.1,24.7,27.4,26.8,26.2,27.3,78,68,68,69,83,68,67,67,69,72,66,69,71,71,76,76,72,71,78,69,81,79,69,71,76,73,72,71,70,70,71,0.1,0,0,0,0.2,0,0,0,0,0.1,0,0,0.2,0,0.3,0,0,0.2,0,0,1.5,0,0,0,0.1,0,0,0,0,0.1,0,18,22.7,17.4,19.2,23.8,11.9,22,26.4,20.3,10.8,18.3,20.5,15.5,16.9,18.5,12,30,10.2,11.5,17.9,17,17.6,19.7,19.3,13,14.8,12,10.1,12.7,15.2,25.5,20.5,28.8,24.8,22,33.5,15.1,30.2,32.8,33.8,13,22.3,25.9,18,23.8,22.7,14,41.4,11.2,11.9,20.9,20.9,19.8,26.3,23.4,13.7,16.6,13.3,10.4,15.5,18.7,37.8,,,,,,22.2204,114.2127
2026-09-04T04:00,24.6,28.3,24.8,25.8,26.2,26.1,26.2,26.6,26.2,25.8,26.6,25.6,25.4,25.2,26.5,26.1,25.5,26.3,25.7,26,25.4,26.2,26.8,26.5,26.4,26.9,25.8,26.1,25.7,26.3,25.9,24.7,26,25.5,25.1,25.6,27.4,26.6,25.9,24.9,81,65,77,79,75,72,78,76,74,74,75,86,77,83,81,69,76,79,75,73,83,76,68,79,74,83,80,74,77,77,72,81,67,74,78,74,80,68,77,88,0,0,0,0,0,0,0,0,0,0,0,0,0,0,0,0,0,0,0,0,0,0,0,0,0,0,0,0,0,0,0,0,0,0,0,0,0,0,0,0,11.2,12.6,8.7,15.6,16.4,6.4,10.7,5.7,15.1,4.6,10.5,5.3,21.9,3.9,6.2,9.4,4,8.2,7.7,8.4,8.9,12.8,12.2,8.7,7.4,4.2,4.8,10.6,11.9,5.6,8.9,8.4,10.5,9,14.3,17.4,5,10.5,10.5,7.2,,,,,,,,,,,,,,,,,,,,,,,,,,,,,,,,,,,,,,,,,25.2,27.1,28.2,25.9,24,27,27.4,27.1,27.9,27.9,27.7,25.6,27,26.8,25.1,25.6,25.1,27.3,25,27.6,24.9,24.6,27.8,26.8,25.3,27.1,24.6,27.2,26.7,26,27.2,80,69,68,69,83,67,67,67,70,72,65,69,72,71,77,78,73,71,79,69,84,79,70,72,76,72,71,72,70,70,72,0.1,0,0,0,0.2,0,0,0,0,0.1,0,0,0.2,0,0.3,0,0,0.2,0,0,1.5,0,0,0,0.1,0,0,0,0,0.1,0,17.3,22.3,19.5,17.6,23,11.9,21.2,25.8,19.2,11.2,17.7,19.8,16.9,15.9,18.7,11.8,27.2,10.4,12.6,16.7,15.7,18.5,18.6,19.4,13.7,15.5,12.2,10.1,12,15.7,25.2,19.8,27.7,27.4,19.1,31.3,15.1,30.2,31.7,32,13.3,20.9,25.2,20.9,23.4,22.7,13,40.7,11.5,12.6,20.2,19.4,21.6,24.8,23,15.1,17.3,13.3,10.4,15.1,18.4,37.4,,,,,,22.2204,114.2127
2026-09-04T05:00,24.5,28.2,24.7,25.8,26.1,26,26.1,26.7,26,25.9,26.6,25.7,25.3,25.2,26.5,25.7,25.5,26.3,25.6,26,25.3,26.3,26.7,26.5,26.4,26.8,25.8,26.1,25.6,26.4,25.7,24.6,25.8,25.4,25,25.5,27.6,26.5,25.8,24.8,82,65,77,78,75,71,77,75,74,73,75,82,78,82,80,70,75,78,75,73,83,76,67,79,75,83,80,74,77,76,72,82,67,74,79,75,77,68,77,88,0,0,0,0,0,0,0,0,0,0,0,0,0,0,0,0,0,0,0,0,0,0,0,0,0,0,0,0,0,0,0,0,0,0,0,0,0,0,0,0,10.7,12.5,8.2,15.6,15.6,6.6,11.5,6.1,15.3,5.1,10,6,20.3,4.2,6.5,8.8,4.2,8.5,7.9,8.4,8.9,12.9,13.1,9.5,7.4,4.2,5.5,11.1,11.9,5.4,8.7,8.2,10.2,9.4,15,17.1,5.7,10.2,11.2,7.6,,,,,,,,,,,,,,,,,,,,,,,,,,,,,,,,,,,,,,,,,25.1,26.9,28.1,25.8,23.9,27,27.4,26.9,27.8,27.8,27.5,25.5,26.9,26.7,25,25.3,25.1,27.2,25,27.5,24.6,24.6,27.6,26.5,25.1,27.1,24.5,27.1,26.7,25.7,27.1,80,69,68,69,83,67,67,67,70,72,65,69,72,71,77,80,73,72,79,69,86,80,70,72,77,71,71,72,70,71,72,0.1,0,0,0,0.2,0,0,0,0,0.1,0,0,0.2,0,0.3,0,0,0.2,0,0,1.5,0,0,0,0.1,0,0,0,0,0.1,0,17,22,20.8,16.1,22.3,12.3,20.9,25.1,18.2,11.5,17.1,19.2,18.1,15.9,19,11.7,24.8,11.2,13,15.9,15.6,19.4,17.9,19.2,14.7,16.3,12.5,10.1,12.4,16,24.5,19.8,26.6,29.2,16.6,30.2,15.8,30.2,31.3,30.2,13.7,19.8,24.1,22.7,23,23.4,12.2,39.6,11.9,13.3,19.4,18.4,23,23.8,22.3,16.6,18,13.7,10.4,15.8,18,37.4,,,,,,22.2204,114.2127
2026-09-04T06:00,24.5,28.2,24.7,25.9,26.1,26.1,26.2,26.8,25.8,26.1,26.7,25.9,25.3,25.3,26.6,25.4,25.7,26.4,25.5,26,25.3,26.4,26.7,26.5,26.5,26.8,25.8,26,25.6,26.5,25.6,24.6,25.7,25.4,24.9,25.5,27.9,26.5,25.8,24.8,81,65,77,78,76,69,77,73,74,71,74,78,79,80,77,71,74,77,75,72,82,76,66,78,74,83,79,74,76,76,73,83,67,74,78,75,74,69,77,88,0,0,0,0,0,0,0,0,0,0,0,0,0,0,0,0,0,0,0,0,0,0,0,0,0,0,0,0,0,0,0,0,0,0,0,0,0,0,0,0,10.5,12.5,7.9,15.3,14.9,6.9,12.5,6.9,15.6,5.6,9.9,6.5,18.8,4.3,6.8,8.5,4.3,8.4,8.7,8.4,8.6,13.5,14,10.2,7.6,4.3,5.7,11.9,11.6,5.7,8.6,8.2,10.2,9.7,15.8,16.4,6.3,9.4,11.8,8,,,,,,,,,,,,,,,,,,,,,,,,,,,,,,,,,,,,,,,,,25.2,26.7,28,25.8,23.8,27,27.4,26.7,27.8,27.8,27.3,25.3,26.8,26.7,25,25.1,25.3,27.1,25.1,27.4,24.8,24.6,27.5,26.3,25,27,24.4,27.1,26.7,25.2,27,80,69,68,68,84,67,67,67,70,71,65,69,72,71,77,81,72,72,78,69,85,80,70,72,78,71,71,72,70,74,72,0.1,0,0,0,0.6,0,0,0,0,0,0,0,0.1,0,0,0.1,0,0.4,0,0,0.4,0,0,0,0.1,0,0,0,0,0.3,0.1,17.4,20.9,21.4,14.8,22.6,13.1,21.6,24.3,17.5,11.5,16.3,18,18.1,16,19.8,12,23.8,12.3,12.7,15.2,16.3,19.6,17.2,18.7,15.7,17,13.1,9.8,14,16.4,24.1,20.9,25.2,29.9,14.8,31,16.6,31.3,31.7,27.7,14,18.7,22.3,23.4,23,24.5,12.2,38.5,13.3,13.3,18.4,18.7,23,23,21.6,17.6,18.7,14,9.7,18,18,38.5,,,,,,22.2204,114.2127
2026-09-04T07:00,24.5,28.2,24.7,26,26.1,26.1,26.3,27,25.8,26.4,26.7,26.2,25.3,25.5,26.9,25.2,25.9,26.6,25.6,26.3,25.4,26.5,26.9,26.7,26.8,26.9,25.9,26.2,25.6,26.8,25.6,24.7,25.9,25.4,25,25.6,28.2,26.6,26,24.8,81,64,77,76,77,67,76,71,74,69,74,74,79,78,74,71,72,76,74,71,81,76,65,77,73,81,78,73,76,75,72,83,66,73,78,76,71,69,76,88,0,0,0,0,0,0,0,0,0,0,0,0,0,0,0,0,0,0,0,0,0,0,0,0,0,0,0,0,0,0,0,0,0,0,0,0,0,0,0,0,10.3,13,7.7,15.5,14.2,7.4,13.3,7.4,15.8,5.9,9.9,6.7,17.4,4.5,7.6,7.9,4.7,8.6,8.9,8.7,8.4,13.8,15,10.8,7.4,5,6,12.6,11.8,5.9,9,7.7,9.7,10,16.8,15.9,7.3,8.9,12.6,8.8,,,,,,,,,,,,,,,,,,,,,,,,,,,,,,,,,,,,,,,,,25.4,26.6,28,25.9,23.7,27,27.4,26.7,27.8,27.9,27.1,25.1,26.8,26.7,25.1,25,25.6,27.1,25.2,27.4,25.2,24.6,27.4,26.2,24.8,27,24.3,27.1,26.8,24.6,26.9,79,68,68,67,85,67,66,68,69,70,65,69,72,72,76,81,72,72,77,68,83,80,69,71,80,71,71,71,70,78,73,0.1,0,0,0,0.6,0,0,0,0,0,0,0,0.1,0,0,0.1,0,0.4,0,0,0.4,0,0,0,0.1,0,0,0,0,0.3,0.1,18.4,19.9,21.6,13.4,23.2,13.8,22.3,23.6,16.7,11.5,15,16.6,17.7,16.2,21.1,12.2,23.2,13.7,11.9,14.9,17,19.1,16.5,17.8,16.8,17.2,13.7,9,16.1,16.5,23.7,22.7,23.8,29.5,13.3,32.8,18,32.4,32.4,24.8,14,17.6,20.2,23.4,22.7,26.3,13,37.1,14.8,12.6,17.3,19.8,22.7,22,20.9,18.7,19.4,14.8,9,20.9,18.4,40,,,,,,22.2204,114.2127
2026-09-04T08:00,24.6,28.3,24.9,26.3,26.1,26.3,26.4,27.3,26,26.8,26.8,26.6,25.3,25.8,27.2,25.2,26.3,26.9,25.8,26.7,25.7,26.6,27.2,27,27.2,27.1,26.3,26.5,25.7,27.1,25.7,25,26.2,25.6,25.3,25.7,28.5,26.8,26.3,25,81,64,76,75,77,66,75,69,73,67,74,71,79,76,72,71,70,74,73,69,79,76,63,75,72,80,76,72,75,73,72,82,65,73,77,76,68,68,75,87,0,0,0,0,0,0,0,0,0,0,0,0,0,0,0,0,0,0,0,0,0,0,0,0,0,0,0,0,0,0,0,0,0,0,0,0,0,0,0,0,10.1,13.5,7.1,15.1,14,7.9,13.9,8.4,16,6.4,10.2,6.2,16.3,4,8,7.7,4.9,8.3,9.4,9.2,7.4,14.1,15.9,11.7,7.1,5.2,5.7,13.5,12.3,5.9,9.7,6.6,9.7,10.1,17.3,15.6,7.9,8.7,12.8,9.3,,,,,,,,,,,,,,,,,,,,,,,,,,,,,,,,,,,,,,,,,25.5,26.7,28.2,26.1,23.6,27.2,27.5,26.8,28,28.1,27.1,25.2,26.9,26.8,25.3,24.9,25.9,27.3,25.6,27.5,25.6,24.8,27.5,26.3,24.8,27.2,24.5,27.3,27,24.3,26.8,78,67,67,65,86,66,66,68,68,69,64,69,72,72,75,82,71,72,75,67,80,79,68,70,81,71,70,70,69,81,73,0.1,0,0,0,0.6,0,0,0,0,0,0,0,0.1,0,0,0.1,0,0.4,0,0,0.4,0,0,0,0.1,0,0,0,0,0.3,0.1,19.1,18.8,21.1,12.2,24,14.4,23.4,23.2,16.6,11.2,14.3,15.5,17,16.2,22.1,12.2,22.6,14.5,11.4,13.9,17.5,18.7,15.7,16.9,17.5,17.4,13.6,8.3,17.8,16.6,23.7,23.8,22.3,28.8,12.6,33.8,18.7,33.5,32.8,23,13.7,17.3,18.4,22.7,22.7,27,13,35.3,15.8,12.2,15.8,20.2,22.3,20.9,19.8,19.4,19.8,14.8,8.6,23,18.7,40.7,,,,,,22.2204,114.2127
2026-09-04T09:00,24.8,28.6,25.3,26.9,26.2,26.6,26.7,27.8,26.4,27.3,26.9,27.3,25.5,26.2,27.9,25.5,27,27.5,26.4,27.6,26.3,26.8,27.9,27.6,28,27.6,27,27.1,25.8,27.7,26,25.6,26.9,26,25.8,25.8,29,27.4,26.8,25.3,81,64,75,73,77,65,74,67,71,65,74,68,79,74,69,70,68,71,71,66,76,76,61,73,69,77,73,70,74,71,71,80,63,72,75,76,65,66,73,85,0,0,0,0,0,0,0,0,0,0,0,0,0,0,0,0,0,0,0,0,0,0,0,0,0,0,0,0,0,0,0,0,0,0,0,0,0,0,0,0,10,14.8,6.6,15.1,13.8,8.7,14.7,9.5,16.6,7.1,11,5,15.8,2.9,8.8,7.6,5.4,8,9.9,10.2,5.7,14.1,17.3,12.6,6.5,5.9,4.9,15,13,6.1,10.7,5.1,10.1,9.7,17.9,15.6,9,8.7,13.1,9.6,,,,,,,,,,,,,,,,,,,,,,,,,,,,,,,,,,,,,,,,,25.6,27.2,28.5,26.7,23.5,27.7,27.8,27.3,28.4,28.5,27.3,25.8,27.1,26.8,25.4,24.8,26.1,27.7,26.3,28,25.9,25.2,27.9,26.7,24.8,27.5,24.9,27.8,27.2,24.4,26.8,78,66,66,63,86,65,65,67,67,67,63,68,71,72,74,83,71,70,72,65,78,77,66,68,80,70,68,68,68,82,73,0.1,0,0,0,0.5,0,0,0,0,0,0,0,0,0,0,0.1,0,0.3,0,0,0,0,0,0,0,0,0,0,0,0.3,0.3,19.1,17.8,20.2,11.5,24.3,14.8,24.1,24,17,10.5,13.7,14.7,16.3,16.6,21.5,11.7,20.8,14.5,11.3,12.9,16.8,18.1,14.1,15.6,17.7,16.4,12.7,8.1,17.8,16.6,24.7,24.1,20.9,27,12.6,33.8,19.1,33.5,32.8,23,12.6,17.3,17.3,21.2,22.3,26.6,12.6,32,15.8,12.2,14.4,19.1,22,18.7,18,19.8,18.7,14,9,24.1,19.1,40.3,,,,,,22.2204,114.2127
2026-09-04T10:00,25.1,29,25.8,27.7,26.4,27,27.2,28.5,27.2,28.1,27,28.3,25.8,26.9,28.8,25.9,27.9,28.4,27.4,28.8,27.3,26.9,28.9,28.4,29.2,28.4,28.1,28,26.1,28.6,26.5,26.5,27.9,26.6,26.6,26.1,29.7,28.3,27.7,25.9,80,63,73,70,77,63,72,64,69,62,74,64,78,71,65,69,64,68,68,62,73,76,58,69,64,74,68,67,74,67,70,76,60,71,73,75,63,64,69,83,0,0,0,0,0,0,0,0,0,0,0,0,0,0,0,0,0,0,0,0,0,0,0,0,0,0,0,0,0,0,0,0,0,0,0,0,0,0,0,0,10,17.1,6.4,15.3,14.4,9.9,15.9,11.4,17.4,8.2,12,3.7,15.5,1.9,9.8,7.7,5.9,8,10.2,11.5,3.6,13.9,19.4,13.7,6,6.6,3.9,16.9,14.3,6.6,12.5,3.1,10.3,9.6,18.6,15.9,10.7,8.9,13.4,10.3,,,,,,,,,,,,,,,,,,,,,,,,,,,,,,,,,,,,,,,,,25.7,27.8,29,27.5,23.5,28.4,28.1,27.9,29,29,27.6,26.6,27.4,26.9,25.6,24.7,26.3,28.3,27.1,28.6,26.2,25.7,28.5,27.4,25,27.9,25.5,28.4,27.5,24.7,26.8,79,64,64,60,86,63,65,66,66,64,61,66,70,72,73,84,71,68,69,63,75,75,64,66,79,68,66,66,66,81,74,0.1,0,0,0,0.5,0,0,0,0,0,0,0,0,0,0,0.1,0,0.3,0,0,0,0,0,0,0,0,0,0,0,0.3,0.3,19.2,17.2,19.1,11.5,24,15.5,24.9,25.1,18,9.8,12.9,14,15.5,17,20.4,10.9,19.4,14,11.3,11.4,15.3,17.2,12.2,13.7,17.7,15,11.5,8,16.9,16.7,26.2,23.8,19.4,24.5,13,33.5,18.7,33.5,32.8,24.5,11.5,18,16.9,19.1,22,25.6,11.9,28.4,15.1,12.2,12.6,17.6,21.6,15.8,15.8,19.8,17.3,13,9.7,24.5,19.4,39.6,,,,,,22.2204,114.2127
2026-09-04T11:00,25.4,29.4,26.5,28.6,26.5,27.4,27.7,29.3,28.1,29,27.2,29.4,26.2,27.6,29.8,26.4,29,29.4,28.4,30.1,28.4,27.1,30,29.4,30.6,29.3,29.4,29.1,26.4,29.5,27.1,27.5,29.2,27.4,27.6,26.4,30.5,29.3,28.7,26.5,79,63,70,67,76,62,71,62,66,60,75,60,77,68,61,68,61,64,64,57,69,76,54,65,59,70,63,63,73,63,68,71,57,69,70,74,60,61,65,81,0,0,0,0,0,0,0,0,0,0,0,0,0,0,0,0,0,0,0,0,0,0,0,0,0,0,0,0,0,0,0,0,0,0,0,0,0,0,0,0,9.8,19.6,5.9,15.3,14.7,11.2,17.2,13,19.1,9.3,13.6,2.9,15.3,1.4,11,7.7,6.2,8.4,10.7,12.9,3,13.6,21.3,15.2,5.2,7.7,2.4,19.5,15.9,7.6,14.3,0.8,11,9.7,19.2,15.8,12.4,9.2,14.4,10.6,,,,,,,,,,,,,,,,,,,,,,,,,,,,,,,,,,,,,,,,,25.7,28.4,29.5,28.1,23.6,29,28.5,28.4,29.4,29.3,27.8,27.2,27.7,27.1,25.8,24.7,26.5,28.7,27.9,29,26.6,26.3,28.9,27.9,25.2,28.4,26,29,27.8,25.1,26.8,79,63,63,59,86,62,64,65,65,63,60,65,69,72,72,84,71,67,66,62,73,73,63,65,77,67,64,64,65,80,74,0.1,0,0,0,0.5,0,0,0,0,0,0,0,0,0,0,0.1,0,0.3,0,0,0,0,0,0,0,0,0,0,0,0.3,0.3,19,15.2,17.2,11.2,23.9,15.3,24.9,25.6,19.1,8,12.8,13,14.7,17.1,19.4,10,18.6,13.6,10.1,10.2,14.3,16.2,10.9,11.5,17.7,14.2,9.8,8.3,16.4,16.6,27,23.4,17.6,21.6,13.7,32.8,18.4,32.4,32.8,25.9,10.1,18.7,16.6,17.6,21.6,24.8,10.8,25.6,14.4,11.5,11.2,16.9,20.5,14,14,19.8,16.2,11.5,10.1,24.5,19.8,39.2,,,,,,22.2204,114.2127
2026-09-04T12:00,25.7,29.9,27.1,29.4,26.7,27.9,28.3,30,29,29.8,27.3,30.4,26.5,28.4,30.8,27,29.9,30.3,29.5,31.4,29.5,27.2,31.1,30.3,31.8,30.1,30.5,30.1,26.7,30.4,27.7,28.6,30.4,28.1,28.5,26.8,31.1,30.3,29.6,27.2,79,62,68,64,76,61,69,59,63,57,75,57,76,65,58,67,58,61,61,53,65,76,51,62,55,66,59,60,72,60,67,67,54,67,67,74,57,58,62,78,0,0,0,0,0,0,0,0,0,0,0,0,0,0,0,0,0,0,0,0,0,0,0,0,0,0,0,0,0,0,0,0,0,0,0,0,0,0,0,0,10.2,21.7,5.1,15.5,15.2,12.5,18.5,14.7,21,10.7,14.7,3.8,15.5,3.1,11.8,7.6,6.7,9.4,10.9,14.6,4.7,13.3,23.1,16.5,5.1,8.7,1.1,21.4,16.9,8.4,16.1,1.5,11.5,10.8,20,16.1,14.2,9.2,14.9,10.9,,,,,,,,,,,,,,,,,,,,,,,,,,,,,,,,,,,,,,,,,25.6,28.6,30,28.3,23.6,29.3,29.1,28.8,29.8,29,27.9,27.5,28.1,27.3,26,24.8,26.7,28.8,28.6,28.7,27.4,27.4,29.2,28.1,25.6,28.8,26.4,29.4,27.9,25.6,26.8,79,64,62,59,86,62,63,65,65,64,60,66,68,71,71,83,70,67,64,64,70,70,63,65,75,66,63,63,64,78,74,0,0,0,0,0.1,0,0,0,0,0,0,0,0,0,0,0,0,0.6,0,0,0,0,0,0,0,0,0,0,0,0,0.2,18.4,12.2,14.1,11.2,23.6,15,23.6,25.2,20.9,4.8,13.4,11.9,14.5,17.3,18.7,8.5,19.4,13,6.6,8.7,13.6,14.2,10.2,8.3,17.6,14,7.1,7.4,16,15.8,27.5,23,15.5,18.7,14.4,31.7,18,30.2,32,28.1,8.6,19.8,16.2,17.3,21.6,24.5,9.4,24.8,14,9.7,10.4,16.9,18.7,13.7,13,19.8,16.2,9.4,10.1,23.4,19.8,40.7,,,,,,22.2204,114.2127
2026-09-04T13:00,25.9,30.2,27.6,30.1,26.9,28.2,28.6,30.6,29.7,30.4,27.5,31.2,26.8,28.9,31.6,27.4,30.7,31.1,30.3,32.4,30.3,27.4,32,31.1,32.8,30.7,31.5,30.9,26.9,31.1,28.2,29.4,31.3,28.7,29.2,27,31.6,31,30.4,27.7,78,62,67,62,76,60,68,57,61,55,75,55,75,63,56,66,56,59,59,50,62,76,49,59,52,63,55,57,72,57,65,64,52,66,65,73,56,56,59,76,0,0,0,0,0,0,0,0,0,0,0,0,0,0,0,0,0,0,0,0,0,0,0,0,0,0,0,0,0,0,0,0,0,0,0,0,0,0,0,0,9.8,23.2,4.6,15.2,15.2,13.2,19.4,16.1,22.5,11.6,15.8,5.4,15.4,4.3,12.1,7.7,7,10.2,10.9,15.5,7,13.1,24.3,17,4.7,9.6,0.7,22.8,17.6,9.4,17.3,3.6,12.1,11.8,20.5,16.1,15.3,9.4,15.6,10.9,,,,,,,,,,,,,,,,,,,,,,,,,,,,,,,,,,,,,,,,,25.5,28.6,30.5,28.4,23.7,29.5,29.7,29,30.1,28.5,27.9,27.5,28.6,27.7,26.3,24.9,27,28.7,29.1,28.1,28.4,28.6,29.4,28.2,26.1,29.2,26.6,29.6,28.1,26.2,26.7,79,65,61,61,85,63,62,65,65,67,61,67,67,70,71,82,70,68,62,68,68,66,63,66,72,65,63,62,64,75,74,0,0,0,0,0.1,0,0,0,0,0,0,0,0,0,0,0,0,0.6,0,0,0,0,0,0,0,0,0,0,0,0,0.2,18.4,9.6,9.9,11.3,23.2,14.5,21.4,24.1,23.2,1.1,14.7,10.4,14,17.1,17.8,7,20.4,12.9,2.2,8.7,13.6,12.3,9.5,6.3,17.7,14.4,3.9,6.7,15.3,14.6,27.7,22.3,12.6,15.5,15.1,30.2,17.3,27.7,31.3,30.2,7.2,20.9,15.5,17.6,22,24.1,7.6,25.6,14,7.6,10.1,18,16.2,14,12.2,19.8,16.6,7.2,10.1,22,19.4,42.5,,,,,,22.2204,114.2127
2026-09-04T14:00,26.1,30.4,28,30.4,26.9,28.4,28.8,30.8,30,30.6,27.5,31.6,26.9,29.2,32,27.7,31,31.5,30.7,32.9,30.8,27.4,32.4,31.5,33.3,31,31.9,31.3,27,31.4,28.4,29.8,31.8,29,29.5,27.2,31.9,31.5,30.9,28,78,62,66,61,76,60,68,57,60,55,76,54,75,62,55,66,55,58,58,49,61,76,49,58,51,62,54,56,72,56,65,62,51,66,64,73,56,55,58,75,0,0,0,0,0,0,0,0,0,0,0,0,0,0,0,0,0,0,0,0,0,0,0,0,0,0,0,0,0,0,0,0,0,0,0,0,0,0,0,0,9.7,23.4,3.8,14.4,15.2,13.5,19.7,16.9,22.8,12.3,15.6,6.5,14.6,5.6,12,7.6,7.2,10.7,10.9,15.6,8.2,12.6,23.9,16.8,4.7,9.9,1.6,23.1,17.6,9.7,17.6,4.8,12,12.2,20.6,15.6,15.3,8.9,15.1,10.9,,,,,,,,,,,,,,,,,,,,,,,,,,,,,,,,,,,,,,,,,25.4,28.6,30.7,28.4,23.8,29.6,30,29.1,30.3,28.2,27.9,27.5,29.1,28,26.6,25.1,27.2,28.6,29.4,27.6,29.1,29.4,29.5,28.1,26.4,29.4,26.8,29.8,28.2,26.7,26.6,79,66,61,62,85,64,62,66,65,68,61,69,66,69,70,81,69,69,62,71,66,64,64,68,70,65,64,62,64,73,75,0,0,0,0,0.1,0,0,0,0,0,0,0,0,0,0,0,0,0.6,0,0,0,0,0,0,0,0,0,0,0,0,0.2,17.8,9.5,5.6,11.4,23,13.6,19.8,23.6,24.9,1.9,15,9.8,13.2,16.5,16.9,5.5,20.9,12.4,1.4,9.3,13.9,10.5,8.8,6.3,17.4,15.4,2.4,5.8,14.7,14.2,27.7,21.6,10.4,13,15.8,29.2,16.2,25.6,31.3,32.4,6.1,21.2,15.5,16.9,21.6,23.4,6.1,25.6,13,6.5,9.4,19.1,14.4,14,11.5,19.4,17.6,5.8,9.7,20.2,19.4,43.6,,,,,,22.2204,114.2127
2026-09-04T15:00,25.2,29.1,26.4,27.3,26.2,26.9,26.8,27.4,27.1,27.1,26.9,27.2,25.7,26.8,28.2,26.1,27.1,28.1,26.8,28.2,26.8,27.1,28.3,28.6,28.2,27.5,26.9,27.9,25.7,27.9,26,26.4,27.6,26.4,26.2,26.1,28.9,28.3,28.1,26.2,82,65,76,74,79,68,78,71,71,70,79,72,81,74,75,73,72,77,76,70,80,78,68,73,78,78,78,70,78,74,72,78,66,75,74,78,74,70,73,84,0,0,0,0,0,0,0,0,0,0,0,0,0,0,0,0,0,0,0,0,0,0,0,0,0,0,0,0,0,0,0,0,0,0,0,0,0,0,0,0,7.3,9.9,0.8,8.5,11.5,6.6,12.5,11.9,13.1,7,7,2.8,9.8,3.7,1.1,4.6,5.9,3.4,7.4,6.3,1.8,11.6,9.1,5.8,0.5,4.7,1.3,9,9.2,5.1,7.4,2.2,8.2,7.5,15.6,11.8,2.5,3.4,4.7,6.5,,,,,,,,,,,,,,,,,,,,,,,,,,,,,,,,,,,,,,,,,25.5,28.5,30.5,28.7,23.9,29.6,29.9,28.9,30.4,28.3,27.9,27.2,29.4,28.2,27.2,25.4,27.5,28.7,29.3,27.4,29.1,29.6,29.5,28,26.6,29.3,26.7,29.7,28.5,27,26.3,78,67,62,62,84,64,63,67,65,67,61,72,66,69,69,79,69,68,63,73,66,64,64,70,69,66,65,63,64,72,77,0,0.1,0,0,0.2,0,0,0,0,0,0,0,0,0,0,0,0,0.1,0,0,0,0,0,0.1,0,0,0,0,0,0,1.2,16.8,8.4,1.3,10.5,23.1,12,19.3,24.3,26.1,3.4,14.2,10.9,11.5,15.2,15.5,4.9,20.1,10.4,4.9,9.2,15.5,9.3,7.2,5.8,16.6,17.6,1.5,4,13,14.8,26.8,20.2,7.9,11.5,16.2,29.5,14.8,25.2,32.4,34.2,6.1,20.5,15.8,14.8,20.5,21.6,5.8,24.8,10.4,7.9,8.6,21.2,13.3,12.6,10.4,18.7,20.2,6.1,9.4,18.4,20.5,42.5,,,,,,22.2204,114.2127
2026-09-04T16:00,25.3,29.2,26.6,27.5,26.3,27,26.9,27.4,27.3,27.1,27,27.4,25.8,26.9,28.3,26.3,27.2,28.3,27,28.4,27,27.1,28.5,28.9,28.4,27.6,27,28.1,25.7,28,26,26.7,27.9,26.6,26.4,26.3,28.9,28.6,28.4,26.4,82,66,76,75,80,69,78,71,71,70,79,72,82,73,76,74,72,78,76,70,81,79,69,73,79,77,78,69,79,74,72,78,66,75,74,78,75,70,73,83,0,0,0,0,0,0,0,0,0,0,0,0,0,0,0,0,0,0,0,0,0,0,0,0,0,0,0,0,0,0,0,0,0,0,0,0,0,0,0,0,7.2,9.2,1.1,7.4,11.2,6.4,12.3,12.6,12.6,7.3,6.4,3.1,8.7,4.2,0,4.5,6.1,3.1,6.9,5.8,3,11.3,7.7,5.1,1.1,4.8,1.4,7.9,8.4,5,7.2,3,7.9,7.3,15.5,11.3,2.3,2.9,3.6,6.3,,,,,,,,,,,,,,,,,,,,,,,,,,,,,,,,,,,,,,,,,25.7,28.5,30.1,29,24.2,29.6,29.6,28.7,30.5,28.5,27.9,26.7,29.7,28.3,27.8,25.9,27.8,28.9,29,27.4,28.9,29.5,29.5,27.7,26.8,28.9,26.5,29.6,28.9,27.2,25.9,76,68,63,63,84,64,64,68,64,66,60,75,66,70,68,77,69,67,66,74,68,65,64,72,70,68,67,64,63,73,79,0,0.1,0,0,0.2,0,0,0,0,0,0,0,0,0,0,0,0,0.1,0,0,0,0,0,0.1,0,0,0,0,0,0,1.2,15.5,6.3,3.8,11.3,23.4,10.4,19.4,26.8,26.8,4.1,12.6,12.8,9.1,13.8,13.5,4.8,19.1,7,9.2,8.4,17.7,8.4,5.2,5.1,15.9,20.6,2.5,2,11.2,15.9,25.2,18.4,5.8,11.2,16.6,30.2,12.6,25.6,33.8,35.3,6.8,18.7,16.6,11.9,18.7,19.1,6.1,23.8,7.2,10.8,7.6,23.8,13,10.4,9.7,18,23.4,7.6,9,16.6,21.6,41,,,,,,22.2204,114.2127
2026-09-04T17:00,25.4,29.3,26.9,27.7,26.3,27.1,27,27.4,27.4,27.2,27,27.5,25.9,27.1,28.5,26.5,27.3,28.4,27.1,28.6,27.3,27.2,28.7,29.1,28.6,27.7,27.2,28.3,25.7,28.2,26.1,26.9,28.1,26.8,26.6,26.4,29,28.9,28.7,26.6,82,66,76,75,80,69,78,71,71,70,80,72,82,73,77,74,72,79,76,70,81,79,70,73,80,77,78,69,79,74,72,77,67,75,73,78,76,70,73,83,0,0,0,0,0,0,0,0,0,0,0,0,0,0,0,0,0,0,0,0,0,0,0,0,0,0,0,0,0,0,0,0,0,0,0,0,0,0,0,0,6.8,8.4,1.8,6.3,10.9,6.4,12,13.2,12.1,7.6,5.9,3.5,7.9,5,1.1,4.7,6.4,3.2,6.9,5.6,3.6,11.2,6.6,4.6,2.1,5,2.3,7.4,7.9,5.4,7,3.8,7.6,7.3,15.1,10.5,2.2,2.5,2.3,6.1,,,,,,,,,,,,,,,,,,,,,,,,,,,,,,,,,,,,,,,,,25.9,28.5,29.8,29.1,24.4,29.5,29.4,28.4,30.4,28.7,27.9,26.3,29.8,28.4,28.3,26.2,28,29,28.6,27.4,28.7,29.3,29.4,27.3,26.8,28.6,26.4,29.4,29.1,27.4,25.6,75,68,64,63,83,65,65,69,64,65,60,77,67,71,68,76,69,66,68,74,69,67,65,74,70,70,68,65,63,73,81,0,0.1,0,0,0.2,0,0,0,0,0,0,0,0,0,0,0,0,0.1,0,0,0,0,0,0.1,0,0,0,0,0,0,1.2,14.4,4.8,7.6,14.1,23.3,9.7,19.3,29.9,26.9,5.2,10.8,14.4,7.2,12.2,12.3,4.7,17.1,4.9,12.7,7.8,19.2,8.1,5.1,5.3,15.1,21.9,4,2.5,10.3,16.2,24.7,16.9,5.8,10.8,17.6,30.6,11.2,25.6,35.3,35.6,7.6,16.9,16.9,9.4,17.3,17.3,6.5,22.3,5,13.3,6.5,25.6,12.2,9.4,9.4,17.6,25.2,9,8.6,15.8,22.3,40,,,,,,22.2204,114.2127
2026-09-04T18:00,25.5,29.4,27.1,27.8,26.3,27.2,27,27.4,27.6,27.2,27,27.6,25.9,27.3,28.7,26.6,27.4,28.6,27.3,28.8,27.4,27.2,28.8,29.3,28.7,27.8,27.3,28.5,25.8,28.3,26.2,27.1,28.4,26.9,26.7,26.5,29,29.1,29,26.7,83,66,76,75,80,69,79,72,70,70,81,72,82,73,77,74,72,79,77,70,81,80,70,72,81,77,78,69,80,74,72,76,67,76,73,78,76,70,73,82,0,0,0,0,0,0,0,0,0,0,0,0,0,0,0,0,0,0,0,0,0,0,0,0,0,0,0,0,0,0,0,0,0,0,0,0,0,0,0,0,6.7,7.6,2.7,5.2,10.7,6.1,12,13.5,11.6,7.9,5.8,3.7,7.1,6,1.8,4.7,6.2,3.4,6.7,5.5,4.7,11,5.6,4.4,2.6,4.9,2.7,6.6,7.1,5.5,6.8,4.6,7.4,7.2,14.8,9.5,2.7,2.3,1.6,5.8,,,,,,,,,,,,,,,,,,,,,,,,,,,,,,,,,,,,,,,,,26.1,28.6,29.6,28.8,24.6,29.2,29.3,28.3,30.1,28.7,27.9,26,29.7,28.4,28.5,26.5,28.1,28.9,28.4,27.4,28.6,29.2,29.3,26.8,26.8,28.4,26.5,29.3,29.2,27.5,25.5,74,68,66,64,82,66,66,70,64,65,60,78,68,72,70,75,69,67,70,74,70,68,67,78,71,70,69,66,64,73,82,0,0.1,0,0,0.2,0,0.1,0,0,0,0,0,0,0,0,0,0,0,0,0,0,0,0.2,0.5,0,0,0,0,0,0,1.9,13.7,4.8,9.4,17.3,22.2,9,18.2,30.8,25.8,5.9,9.7,15.4,5.7,10.9,11.7,4.7,14.6,4.5,14.3,6.6,18.8,7.7,5.9,6.9,15,20.9,5.8,3.2,10.5,15.9,25.5,15.8,9.4,11.2,20.5,29.2,10.1,24.1,36.7,34.6,7.9,14.4,17.3,7.9,15.8,16.2,6.5,20.5,4.3,14.8,5.4,26.3,11.5,10.1,10.4,17.6,24.1,10.8,9,16.6,21.6,41,,,,,,22.2204,114.2127
2026-09-04T19:00,25.6,29.5,27.3,27.9,26.3,27.3,27,27.4,27.7,27.3,27,27.7,26,27.4,28.8,26.7,27.5,28.7,27.4,28.9,27.6,27.2,28.9,29.4,28.8,27.8,27.4,28.6,25.8,28.3,26.2,27.3,28.5,27,26.8,26.6,29.1,29.2,29.2,26.9,83,67,76,75,81,70,79,72,70,71,82,73,83,73,78,75,73,80,77,70,81,80,70,72,82,76,79,68,81,74,72,76,67,76,73,79,77,71,73,82,0,0,0,0,0,0,0,0,0,0,0,0,0,0,0,0,0,0,0,0,0,0,0,0,0,0,0,0,0,0,0,0,0,0,0,0,0,0,0,0,6.4,7.4,3.2,4.6,10.2,5.9,11.8,13.9,11.3,7.9,5.4,4.4,6.6,6.4,2.5,4.7,6.5,3.7,6.2,5.4,5.1,10.6,4.9,4,3.1,5.2,3.2,6.3,6.9,5.9,6.8,5.4,7.1,6.8,14.7,8.7,3.2,2.4,1.1,5.7,,,,,,,,,,,,,,,,,,,,,,,,,,,,,,,,,,,,,,,,,26.3,28.9,29.5,28.3,24.7,28.9,29.3,28.2,29.7,28.7,27.9,25.8,29.5,28.5,28.5,26.7,28.2,28.8,28.3,27.5,28.5,29.1,29,26.3,26.8,28.1,26.7,29.1,29.1,27.6,25.5,73,68,68,64,80,68,67,70,65,67,61,79,70,72,72,75,69,68,71,73,70,70,69,82,71,70,70,66,65,73,83,0,0.1,0,0,0.2,0,0.1,0,0,0,0,0,0,0,0,0,0,0,0,0,0,0,0.2,0.5,0,0,0,0,0,0,1.9,13,8.9,10.2,20.5,20.6,8,16.6,30.1,23.5,6.2,9,15.8,5.4,9.9,11.3,4.4,12.1,4.7,14.5,4.9,17.6,7.3,7.9,9.4,15,18.6,8.6,4.4,11.3,14.8,26.7,15.1,15.5,11.9,24.1,27.4,9.7,22.3,37.8,32.8,8.6,11.5,17.6,7.2,14.8,15.5,6.1,18.4,5,16.2,4.3,26.6,10.8,11.9,11.9,18.4,21.2,12.6,9.4,18,19.8,43.2,,,,,,22.2204,114.2127
2026-09-04T20:00,25.7,29.5,27.4,27.9,26.3,27.3,27,27.4,27.7,27.3,27,27.7,26,27.4,28.8,26.8,27.5,28.8,27.5,29,27.7,27.1,29,29.5,28.8,27.8,27.4,28.7,25.8,28.4,26.3,27.4,28.6,27.1,26.8,26.7,29.1,29.3,29.3,26.9,83,67,76,76,81,70,79,72,70,71,83,73,83,73,78,75,73,80,77,70,81,81,70,71,82,76,79,68,81,74,72,76,67,76,73,79,78,71,73,82,0,0,0,0,0,0,0,0,0,0,0,0,0,0,0,0,0,0,0,0,0,0,0,0,0,0,0,0,0,0,0,0,0,0,0,0,0,0,0,0,6.4,6.9,3.7,3.8,9.9,5.9,11.8,14.2,11.1,7.9,5.1,4.3,6.2,6.8,2.9,4.7,6.5,4,6.2,5.4,5.4,10.5,4.6,4,3.3,5.2,3.4,6,6.4,6,6.6,5.5,6.9,6.8,14.2,8.2,3.4,2.3,1.3,5.4,,,,,,,,,,,,,,,,,,,,,,,,,,,,,,,,,,,,,,,,,26.4,29,29.4,27.9,24.9,28.6,29.3,28.1,29.4,28.6,27.8,25.6,29.3,28.5,28.4,26.8,28.2,28.7,28.1,27.7,28.4,29,28.8,26,26.7,28,26.9,29,29,27.6,25.5,73,67,70,65,79,69,68,70,65,68,62,80,72,73,74,75,69,70,72,72,71,71,71,84,72,70,71,67,66,73,83,0,0.1,0,0,0.2,0,0.1,0,0,0,0,0,0,0,0,0,0,0,0,0,0,0,0.2,0.5,0,0,0,0,0,0,1.9,12.3,13,10.7,22,19.5,6.7,15.8,29.4,21.5,7.1,9,16,5.2,9.3,11.4,4.3,10.1,5.2,14.8,3.4,16.3,7.6,9.4,10.8,15,16.5,10.6,5,12.4,13.8,27.8,14.4,19.8,12.6,25.9,25.6,9,20.9,38.2,30.2,9.4,9.7,17.6,6.5,13.3,15.1,6.1,15.8,5.8,16.9,4,25.9,10.4,13.3,13.3,18.4,18.7,13.7,10.1,19.8,18.7,44.3,,,,,,22.2204,114.2127
2026-09-04T21:00,25.7,29.5,27.4,27.9,26.3,27.3,27,27.4,27.7,27.3,26.9,27.7,26,27.4,28.8,26.8,27.4,28.8,27.5,29,27.7,27,28.9,29.4,28.8,27.8,27.4,28.8,25.8,28.4,26.3,27.5,28.7,27.1,26.8,26.8,29.1,29.3,29.4,26.9,83,67,76,77,82,70,79,72,70,71,84,73,83,74,78,75,73,80,77,70,81,82,69,70,82,76,79,68,81,74,72,76,67,76,73,79,79,71,73,82,0,0,0,0,0,0,0,0,0,0,5.8,0,0,0.2,0,0,0,0,0,0,0,0.6,0,0,0,0,0,0,0,0,0,0,0,0,0,0,0,0,0,0,6.4,6.6,3.9,3.3,9.4,5.9,11.8,14.2,11.1,7.9,4.7,4.3,5.8,7.1,2.9,4.7,6.5,4,6.2,5.4,5.5,10.4,4.6,4.2,3.1,5.2,3.4,6,6.1,6,6.6,5.5,6.9,6.9,13.7,7.7,3.4,2.3,1.5,5.1,,,,,,,,,,,,,,,,,,,,,,,,,,,,,,,,,,,,,,,,,26.5,28.9,29.2,27.5,24.9,28.6,29.2,28,29.3,28.4,27.6,25.5,29.2,28.5,28.3,26.8,28.1,28.6,28,27.8,28.2,28.9,28.5,26.2,26.8,27.9,27,29,28.8,27.5,25.7,73,66,72,66,79,70,68,70,65,70,63,80,73,73,74,75,69,71,72,71,71,72,72,82,73,70,71,68,67,74,82,0,0,0,0,0,0,0,0,0,0,0,0,0,0,0,0,0,0,0,0,0,0,0,0.1,0,0,0,0,0,0,0.3,12.1,15.1,10.9,20.9,19.4,5.5,15.6,28.2,19.4,8.6,9.3,15.3,4.1,8.5,11.4,4,8.6,6.1,14.7,2.7,15.2,8,11.5,10.8,14.5,15.3,10.9,6,13.7,13.7,27.8,13.7,21.2,12.6,24.5,24.8,7.9,20.5,36.7,27,10.8,9.7,16.9,5.8,11.9,15.5,6.1,13,6.8,17.3,4.3,24.1,10.1,14.8,13.7,17.6,17.3,14,10.4,22,18,43.6,,,,,,22.2204,114.2127
2026-09-04T22:00,25.8,29.4,27.5,27.9,26.2,27.2,26.9,27.3,27.6,27.2,26.8,27.7,26,27.4,28.8,26.7,27.4,28.8,27.5,29,27.7,26.9,28.9,29.3,28.8,27.8,27.4,28.7,25.7,28.3,26.3,27.5,28.6,27.1,26.7,26.9,29,29.3,29.4,26.9,84,68,76,78,82,70,79,72,70,71,85,74,84,74,79,76,74,81,77,70,81,83,68,69,82,76,80,68,82,74,72,77,67,76,74,80,79,72,74,83,0,0,0,0,0,0,0,0,0,0,5.8,0,0,0.2,0,0,0,0,0,0,0,0.6,0,0,0,0,0,0,0,0,0,0,0,0,0,0,0,0,0,0,6.4,6.4,3.9,3.1,9.4,6,11.9,14.2,11.1,7.6,4.4,4,6,7,2.9,4.7,6.3,4,6.2,5.4,4.8,10.3,4.6,4.6,2.8,5.2,3.1,6.1,5.6,6.4,6.3,4.8,6.4,6.9,13.4,7.1,3.2,1.8,1.3,5.1,,,,,,,,,,,,,,,,,,,,,,,,,,,,,,,,,,,,,,,,,26.5,28.8,28.9,27.2,25,28.6,29.2,27.9,29.2,28.2,27.4,25.5,29,28.5,28.1,26.9,27.9,28.5,27.9,28,28,28.8,28.3,26.6,26.8,27.9,27.1,28.9,28.7,27.3,25.9,73,66,74,67,79,71,67,70,64,72,63,80,74,74,74,75,69,73,72,71,72,73,73,77,73,69,71,69,67,75,82,0,0,0,0,0,0,0,0,0,0,0,0,0,0,0,0,0,0,0,0,0,0,0,0.1,0,0,0,0,0,0,0.3,11.8,16.4,10.7,18.4,19.7,4,16.2,26.5,17.7,10.8,9.7,14.3,3.3,7.8,11.9,3.9,7.1,7.7,14.7,3.3,14.4,8.6,13.8,10.5,13.8,14.6,10.5,7.2,15.6,13.7,27.4,13.3,21.2,12.6,21.2,24.5,6.8,20.5,34.6,23.4,12.2,10.8,15.8,5.4,10.1,16.2,5.8,10.1,8.6,16.9,5,22,9.7,16.2,13.7,16.9,16.6,13.7,11.2,24.1,17.6,41.8,,,,,,22.2204,114.2127
2026-09-04T23:00,25.8,29.3,27.4,27.8,26.1,27.1,26.8,27.2,27.5,27.2,26.7,27.7,25.9,27.3,28.8,26.7,27.2,28.7,27.4,28.9,27.7,26.6,28.7,29.2,28.7,27.8,27.4,28.7,25.6,28.2,26.3,27.4,28.6,27.1,26.6,26.9,29,29.2,29.4,26.8,84,68,77,79,83,70,79,72,70,72,87,74,84,75,79,76,74,81,77,70,81,84,66,67,82,75,81,67,83,73,73,77,67,77,74,80,80,72,74,84,0,0,0,0,0,0,0,0,0,0,5.8,0,0,0.2,0,0,0,0,0,0,0,0.6,0,0,0,0,0,0,0,0,0,0,0,0,0,0,0,0,0,0,6.4,6.4,3.8,2.9,9.2,6,12.2,13.9,10.8,7.6,4.1,3.3,5.8,6.8,2.2,5.1,6.3,3.8,6.2,5.4,4.2,9.9,4.9,5.1,2.1,5.5,2.8,6.3,5.4,6.3,6.3,4.2,6.4,6.9,12.9,6.2,3.1,1.6,1.3,4.8,,,,,,,,,,,,,,,,,,,,,,,,,,,,,,,,,,,,,,,,,26.4,28.6,28.8,26.9,24.9,28.6,29.1,27.8,29.1,28,27.2,25.4,28.9,28.5,28,26.8,27.7,28.4,27.8,28.1,27.8,28.6,28.1,26.9,26.8,27.9,27.1,28.9,28.5,27.1,26,73,65,76,68,79,71,66,70,63,73,64,80,75,74,74,75,69,74,72,71,72,74,73,74,74,69,71,70,67,76,81,0,0,0,0,0,0,0,0,0,0,0,0,0,0,0,0,0,0,0,0,0,0,0,0.1,0,0,0,0,0,0,0.3,11.6,16.8,10.2,15.9,20,2.8,17,24.9,16.2,12.5,10,13.7,4.2,7,12.2,3.6,6.9,9.2,14,4.5,13.3,9.8,14.6,10.9,13.5,13.3,10.2,8.7,16.9,14.7,27.7,13,20.9,11.9,18.4,24.1,6.1,21.2,32.8,20.5,14,11.5,14.8,5.8,8.6,16.6,5.8,8.3,10.4,16.2,5.8,19.4,10.4,16.6,14,16.2,15.1,13.3,11.5,25.9,18,41,,,,,,22.2204,114.2127
2026-09-05T00:00,25.8,29.2,27.4,27.7,26,27,26.6,27.1,27.3,27.1,26.5,27.7,25.9,27.2,28.7,26.5,27.1,28.7,27.4,28.8,27.7,26.4,28.6,29,28.5,27.7,27.4,28.6,25.6,28.1,26.3,27.4,28.5,27,26.4,27,28.9,29.1,29.3,26.7,84,69,77,80,84,70,79,72,70,72,89,75,85,76,80,77,75,81,77,69,82,86,64,65,82,75,81,67,83,73,73,78,67,77,75,81,81,73,75,85,0,0,0,0,0,0,0,0,0,0,5.8,0,0,0.2,0,0,0,0,0,0,0,0.6,0,0,0,0,0,0,0,0,0,0,0,0,0,0,0,0,0,0,6.7,6.1,3.6,2.7,8.9,5.8,12.6,13.5,11,7.2,3.4,2.5,6,6.6,1.8,5,6.1,4,6.2,5.8,3.2,9.8,5.7,6,1.4,5.5,2,6.8,5.1,6.2,6,3.6,6.4,6.9,12.2,5.7,3,1.5,1.1,4.9,,,,,,,,,,,,,,,,,,,,,,,,,,,,,,,,,,,,,,,,,26.4,28.3,28.7,26.7,24.9,28.6,28.7,27.6,28.8,27.9,27.1,25.1,28.7,28.4,27.8,26.7,27.5,28.2,27.8,28.1,27.6,28.3,27.8,26.9,26.5,27.9,27,28.7,28.3,26.9,25.9,74,65,77,68,79,71,64,70,63,74,65,82,75,74,74,75,69,74,72,72,73,75,73,74,76,69,72,71,66,77,82,0,0,0,0,0,0.1,0,0.1,0,0,0,0.7,0.1,0,0,0,0,0.4,0,0.1,0,0,0,0.1,0.2,0,0.1,0,0,0,1.1,11.4,16.4,9.7,14.5,20.1,2.2,17.6,23.8,15.5,14.4,9.7,13.3,5.7,5.8,12.2,3.6,7.1,11.1,12.8,5,12.2,11.8,14.1,12.1,13.8,11.1,10,9.9,16.7,16,28.9,12.6,19.8,10.8,16.2,24.1,5.4,23.4,31.7,19.4,15.8,11.5,14.4,6.8,7.6,16.2,5.4,8.6,13,15.1,6.1,16.6,12.2,15.1,15.1,15.8,13,12.2,12.2,26.6,19.8,42.5,,,,,,22.2204,114.2127
2026-09-05T01:00,25.8,29.1,27.3,27.6,25.8,26.9,26.5,27,27.1,27,26.4,27.6,25.8,27.1,28.6,26.4,26.9,28.6,27.3,28.6,27.7,26.1,28.4,28.7,28.4,27.7,27.3,28.5,25.5,28,26.3,27.3,28.4,26.9,26.3,27,28.9,28.9,29.2,26.5,85,70,77,81,85,70,79,73,70,72,90,76,85,78,80,77,75,82,77,69,82,87,62,64,82,75,82,67,84,73,73,79,66,77,76,81,81,74,76,86,0,0,0,0,0,0,0,0,0,0,5.8,0,0,0.2,0,0,0,0,0,0,0,0.6,0,0,0,0,0,0,0,0,0,0,0,0,0,0,0,0,0,0,6.8,6.1,3.4,3,8.7,6.1,12.9,13.2,11,6.8,3,1.9,6.3,6.2,1.1,5.4,6,4.1,6.2,5.9,2.5,9.8,6.4,7.1,1.5,5.5,1.5,7.5,4.9,6.2,5.9,2.5,6.4,6.9,11.9,5.2,2.9,1.5,1.1,4.7,,,,,,,,,,,,,,,,,,,,,,,,,,,,,,,,,,,,,,,,,26.3,28,28.7,26.5,24.7,28.5,28.3,27.3,28.6,27.8,27.1,24.7,28.6,28.3,27.7,26.6,27.4,28.1,27.8,28,27.5,28,27.6,26.7,26.2,27.9,26.8,28.6,28.1,26.8,25.7,74,64,77,68,80,71,62,70,62,74,65,85,74,74,73,76,68,74,72,72,73,75,72,75,78,69,74,72,65,79,83,0,0,0,0,0,0.1,0,0.1,0,0,0,0.7,0.1,0,0,0,0,0.4,0,0.1,0,0,0,0.1,0.2,0,0.1,0,0,0,1.1,10.9,15.4,8.4,13.1,20.3,3.1,18.1,23,14.8,16.3,9.6,12.6,7.3,5.4,11.9,3.7,8.6,13,10.9,5.3,11.2,13.8,12.1,13.5,14.5,8.8,9.4,10.6,16.2,17.2,30.8,11.9,18,9,14,24.1,4.7,26.3,31,19.1,17.6,11.5,14,8.6,6.5,15.5,5.4,9.7,15.8,13.3,5.8,14,14.8,13,16.2,15.8,10.4,11.2,13,26.6,22.3,45,,,,,,22.2204,114.2127
2026-09-05T02:00,25.8,29,27.3,27.4,25.7,26.8,26.3,26.9,26.9,26.9,26.2,27.5,25.7,27,28.5,26.3,26.8,28.5,27.2,28.5,27.6,25.9,28.2,28.4,28.3,27.6,27.3,28.4,25.4,27.9,26.3,27.2,28.3,26.8,26.1,27.1,28.8,28.7,29.1,26.3,85,70,78,83,85,71,79,73,71,72,92,76,86,79,81,77,76,82,77,69,82,89,60,62,82,75,82,67,84,73,74,80,66,77,77,82,82,74,76,87,0,0,0,0,0,0,0,0,0,0,5.8,0,0,0.2,0,0,0,0,0,0,0,0.6,0,0,0,0,0,0,0,0,0,0,0,0,0,0,0,0,0,0,7.2,5.9,3.2,3.3,8.4,6,13.4,12.9,11.2,6.5,2.6,1.3,6.6,6.1,0.5,5.4,5.8,4.1,6.4,5.9,1.8,9.8,7.1,8.4,2.2,5.6,0.8,8,4.7,6.5,5.9,1.5,5.9,7.2,11.3,4.7,2.6,1.6,1.5,4.8,,,,,,,,,,,,,,,,,,,,,,,,,,,,,,,,,,,,,,,,,26.2,27.7,28.6,26.3,24.6,28.4,28,27.1,28.3,27.7,27.1,24.4,28.4,28.3,27.6,26.5,27.3,28,27.8,28,27.3,27.7,27.4,26.5,26,27.9,26.6,28.4,27.9,26.6,25.6,75,64,77,68,81,71,60,70,62,74,66,87,73,74,73,76,68,74,72,73,74,75,72,76,79,69,75,73,64,80,83,0,0,0,0,0,0.1,0,0.1,0,0,0,0.7,0.1,0,0,0,0,0.4,0,0.1,0,0,0,0.1,0.2,0,0.1,0,0,0,1.1,11.1,14.4,6.6,12.1,20.4,3.5,18.9,22.7,14.4,16.7,9.7,12.3,8.7,5.5,12.1,3.8,9.6,14.5,9.7,5,10.8,15.4,11.1,14.7,14.7,7.6,9.2,11.1,16.3,18.4,32.7,11.9,16.6,8.3,12.2,24.5,5,28.8,30.2,18.7,18.4,11.5,14,10.4,6.5,15.5,5,10.8,17.6,11.9,5.8,12.6,16.9,11.2,17.6,15.8,9,10.4,13.3,27,24.8,47.5,,,,,,22.2204,114.2127
2026-09-05T03:00,25.8,28.8,27.2,27.3,25.6,26.7,26.1,26.8,26.7,26.8,26.1,27.5,25.6,26.9,28.4,26.2,26.6,28.4,27.1,28.3,27.5,25.6,28,28.2,28.1,27.5,27.2,28.2,25.4,27.7,26.3,27.1,28.1,26.8,25.9,27.1,28.7,28.6,29,26.2,86,71,78,84,86,71,79,73,71,72,93,77,86,80,81,78,76,82,77,69,82,90,58,60,81,75,83,67,85,72,74,81,66,77,78,82,82,75,77,88,0,0,0,0,0,0,0,0,0,0,5.8,0,0,0.2,0,0,0,0,0,0,0,0.6,0,0,0,0,0,0,0,0,0,0,0,0,0,0,0,0,0,0,7.3,5.9,3,3.3,8.2,6.3,13.7,12.2,11.2,6.1,1.9,1.1,6.9,6.2,0.5,5.4,5.8,4.5,6.4,6,2.1,9.7,7.9,9.7,3.2,5.6,0.5,8.7,4.5,6.5,5.9,1.3,5.9,7.2,10.6,4.3,2.9,2,2.3,4.7,,,,,,,,,,,,,,,,,,,,,,,,,,,,,,,,,,,,,,,,,26.1,27.4,28.6,26.1,24.3,28.3,27.8,26.9,28.2,27.7,27,24.3,28.3,28.2,27.4,26.5,27.1,27.9,27.7,27.9,27.2,27.5,27.3,26.4,25.9,28,26.4,28.3,27.8,26.5,25.7,75,63,77,68,83,72,60,70,62,74,67,87,73,74,73,76,68,74,72,73,74,75,72,76,79,69,75,74,63,80,82,0,0.6,0.1,0,0.5,0.1,0,0.2,0,0,0,1.1,0,0,0,0,0,0.7,0,0.1,0,0,0,0.1,0,0,0.3,0,0,0,0,11.6,13.8,3.9,11.4,21.3,3.5,20.7,22.8,14.4,15.2,10.2,12.4,10.1,6.8,12.5,3.6,9.7,14,9.1,4.3,11.7,15.8,10.5,15.6,15,7.8,9,11.2,17.1,19.5,35.1,12.2,16.2,8.6,11.2,25.2,6.5,30.6,29.9,18.4,17.3,12.2,14,12.2,7.9,15.8,4.7,11.2,16.9,10.8,5,13.7,18.4,10.4,18.7,16.2,9,10.8,13,27.7,27,50,,,,,,22.2204,114.2127
2026-09-05T04:00,25.8,28.7,27.1,27.1,25.5,26.6,26,26.7,26.5,26.7,25.9,27.4,25.6,26.7,28.2,26.1,26.4,28.3,27,28.2,27.5,25.4,27.8,27.9,27.9,27.5,27.2,28.1,25.3,27.6,26.3,27,28,26.7,25.7,27.2,28.6,28.4,28.9,26,86,71,79,85,87,71,79,73,71,72,95,77,87,82,82,78,76,82,77,69,82,91,56,58,81,75,84,67,85,72,74,82,66,77,79,83,83,75,78,89,0,0,0,0,0,0,0,0,0,0,5.8,0,0,0.2,0,0,0,0,0,0,0,0.6,0,0,0,0,0,0,0,0,0,0,0,0,0,0,0,0,0,0,7.6,5.9,2.9,3.6,8,6.6,13.9,11.9,11.5,5.4,1.6,1.3,6.9,5.9,1.3,5.9,5.4,4.7,6.4,6.5,3.1,9.7,8.9,10.7,4.4,5.6,0.8,9.2,4.3,6.5,5.6,2.1,5.9,7.2,10.3,4.1,3.3,2.6,2.6,4.9,,,,,,,,,,,,,,,,,,,,,,,,,,,,,,,,,,,,,,,,,26.1,27.2,28.5,26,24,28.1,27.7,26.8,28.1,27.6,27,24.4,28.2,28.2,27.3,26.5,27,27.8,27.7,27.8,27,27.3,27.3,26.2,25.8,28,26.1,28.2,27.6,26.5,26,76,62,77,69,86,72,60,70,61,74,67,87,73,75,72,77,69,73,71,73,75,74,72,76,79,69,75,74,61,80,81,0,0.6,0.1,0,0.5,0.1,0,0.2,0,0,0,1.1,0,0,0,0,0,0.7,0,0.1,0,0,0,0.1,0,0,0.3,0,0,0,0,12.4,13.7,3.3,10.7,22.6,5.8,22.5,23.3,14.5,12.8,11.2,12.4,11.2,8.9,13.2,3.3,9.7,12.7,8.8,3.7,13.6,15.6,9.7,16.1,15,8.1,10.2,10.9,18.6,20.3,38.1,13.3,16.6,10.1,10.8,26.3,9,32.4,29.9,18.4,15.1,13,13.7,13.7,10.4,16.6,4.7,11.2,15.1,9.7,4.3,15.8,19.4,10.4,20.2,16.6,9.7,11.5,12.2,28.8,29.5,52.9,,,,,,22.2204,114.2127
2026-09-05T05:00,25.8,28.6,27,27,25.4,26.5,25.9,26.6,26.4,26.7,25.8,27.4,25.5,26.6,28.1,26,26.3,28.2,26.9,28,27.4,25.2,27.6,27.7,27.8,27.4,27.2,28,25.3,27.5,26.3,26.9,27.9,26.6,25.6,27.2,28.6,28.2,28.7,25.9,86,72,79,87,87,71,79,73,71,72,96,78,87,83,82,78,77,82,77,69,82,92,54,57,81,75,84,67,86,72,75,82,66,77,79,83,83,76,79,89,0,0,0,0,0,0,0,0,0,0,5.8,0,0,0.2,0,0,0,0,0,0,0,0.6,0,0,0,0,0,0,0,0,0,0,0,0,0,0,0,0,0,0,7.8,5.9,2.9,3.6,7.8,6.6,14.2,11.3,11.7,5.1,1.3,1.8,7.2,6.2,1.9,5.9,5.4,5.2,6.4,6.5,3.9,9.7,9.3,12.1,5.2,5.6,1.4,9.7,4.2,6.2,5.9,3,5.9,6.8,9.7,4.2,3.6,2.9,3.2,4.8,,,,,,,,,,,,,,,,,,,,,,,,,,,,,,,,,,,,,,,,,26,27,28.5,25.9,23.8,28,27.6,26.7,28,27.6,26.9,24.5,28.1,28.2,27.2,26.5,26.9,27.8,27.7,27.8,26.9,27.2,27.3,26.1,25.9,28,26,28.2,27.5,26.5,26.2,76,61,76,69,87,73,60,70,61,74,68,86,73,75,71,77,69,73,71,73,75,73,72,76,78,69,75,74,59,80,80,0,0.6,0.1,0,0.5,0.1,0,0.2,0,0,0,1.1,0,0,0,0,0,0.7,0,0.1,0,0,0,0.1,0,0,0.3,0,0,0,0,13,13.3,6.2,10.2,23.3,9,23.9,23,14.6,11.4,12,12.4,12.3,10.4,14,3.3,9,11.2,7.9,4,15,15.5,9.4,16.6,14.8,8.8,11.9,10.8,19.6,21,40.6,14,16.9,11.2,10.8,27.7,11.5,33.5,28.8,18.4,13.7,13.7,13.7,15.1,12.6,18.4,4.7,10.8,13.3,9,4.3,18,20.5,10.8,21.2,16.6,10.4,12.6,12.2,29.2,31.3,55.8,,,,,,22.2204,114.2127
2026-09-05T06:00,25.9,28.5,27,26.9,25.4,26.4,25.8,26.6,26.2,26.6,25.7,27.3,25.5,26.6,28,25.9,26.2,28.1,26.9,27.9,27.4,25,27.5,27.5,27.7,27.4,27.1,27.9,25.3,27.4,26.3,26.9,27.8,26.6,25.5,27.3,28.5,28.1,28.7,25.8,87,72,79,88,88,71,79,73,72,72,97,78,88,84,83,79,77,83,77,69,83,93,52,56,80,75,85,67,86,72,75,83,66,78,80,83,83,76,79,90,0,0,0,0,0,0,0,0,0,0,5.8,0,0,0.2,0,0,0,0,0,0,0,0.6,0,0,0,0,0,0,0,0,0,0,0,0,0,0,0,0,0,0,8.1,5.9,3,3.6,7.6,7,14.4,11,11.7,4.7,1.3,2.6,7.2,6.1,2.6,5.7,5.2,5.5,6.4,6.6,4.8,9.7,10,12.7,5.9,5.6,1.8,10.5,4.2,6.2,5.6,3.6,5.6,6.8,9.4,4.2,4.2,3.2,3.5,4.7,,,,,,,,,,,,,,,,,,,,,,,,,,,,,,,,,,,,,,,,,26,26.9,28.5,25.8,23.9,27.9,27.5,26.7,27.8,27.6,26.9,24.6,28,28.1,27.2,26.5,26.9,27.8,27.6,27.9,26.9,27.1,27.2,26.1,26,28,26,28.1,27.4,26.5,26.3,76,60,75,69,86,73,60,70,61,75,69,85,72,74,69,78,69,73,71,73,75,72,72,75,77,69,75,74,56,79,79,0,0.4,0,0,0.1,0.1,0,0,0,0,0,1,0,0,0,0.1,0,0.3,0,0,0,0,0,0,0,0,0,0.3,0,0,1.1,13.7,13,8.7,10.4,23.8,12.1,24.2,21,14.6,10.8,12.4,12.1,13,11.4,15.5,3.6,8.2,10.3,7.1,5.4,15.7,15.8,9.7,17.4,13.8,9.5,13,11.7,20.5,21.7,42.5,14.8,17.3,12.6,11.2,29.5,14.4,34.2,26.3,18.4,14.4,13.7,13.7,16.2,14,22,4.7,9.7,11.9,7.9,6.1,19.8,21.6,11.2,22.3,15.5,11.2,13.7,13.7,29.2,32.8,58.7,,,,,,22.2204,114.2127
2026-09-05T07:00,25.9,28.4,26.9,26.8,25.3,26.3,25.8,26.6,26.1,26.6,25.6,27.3,25.5,26.5,28,25.9,26.2,28,26.9,27.8,27.4,24.9,27.4,27.3,27.6,27.4,27.1,27.8,25.3,27.3,26.4,26.8,27.7,26.6,25.4,27.3,28.5,28,28.6,25.8,87,73,80,88,88,71,78,73,72,73,98,79,88,84,83,79,77,83,77,69,83,94,51,55,80,75,85,67,86,72,75,84,66,78,81,84,84,77,80,91,0,0,0,0,0,0,0,0,0,0,5.8,0,0,0.2,0,0,0,0,0,0,0,0.6,0,0,0,0,0,0,0,0,0,0,0,0,0,0,0,0,0,0,8.1,5.9,3.1,3.7,7.4,7,14.6,10.5,11.7,4,1.1,2.9,7.2,6.3,3.1,5.8,4.9,5.4,6.1,6.6,5.3,9.7,10.4,13.4,6.7,5.2,2.2,10.5,4.1,5.9,5.6,4,5.4,6.5,8.8,4.3,4.7,3.4,3.9,4.7,,,,,,,,,,,,,,,,,,,,,,,,,,,,,,,,,,,,,,,,,26.1,27,28.5,25.9,24.1,27.7,27.4,26.7,27.7,27.7,26.9,24.7,28,28.1,27.3,26.5,27,27.9,27.6,28.1,26.9,27.1,27.2,26.2,26.3,27.9,26,28.1,27.3,26.5,26.5,76,59,73,69,84,73,61,69,61,75,69,85,71,73,67,79,69,73,70,73,75,71,71,74,75,69,74,74,52,79,78,0,0.4,0,0,0.1,0.1,0,0,0,0,0,1,0,0,0,0.1,0,0.3,0,0,0,0,0,0,0,0,0,0.3,0,0,1.1,14.3,13,11,10.9,24.2,15.4,24.2,18.6,15,12.3,12.3,11.9,13.7,12.3,17,4.7,7.2,9.6,6.6,7.2,16.2,16.3,10.1,18.4,12.7,10.1,14,13.8,21.3,22.2,43.9,15.8,17.6,14,11.5,31.7,17.6,34.6,22.7,18,15.5,13.7,13.7,16.9,15.5,25.9,5,8.3,10.8,7.2,9,21.2,22.7,11.9,23,14,11.5,15.1,15.5,28.4,33.5,61.2,,,,,,22.2204,114.2127
2026-09-05T08:00,26,28.3,26.9,26.8,25.4,26.3,25.9,26.6,26.1,26.6,25.6,27.3,25.5,26.5,27.9,26,26.2,28,26.9,27.8,27.4,24.9,27.3,27.2,27.6,27.4,27.1,27.8,25.4,27.3,26.4,26.8,27.7,26.6,25.5,27.4,28.4,27.9,28.6,25.8,87,73,80,89,88,71,78,73,72,73,98,79,88,85,83,79,77,83,77,69,83,94,51,54,80,75,85,67,86,72,75,84,66,78,81,84,84,77,80,91,0,0,0,0,0,0,0,0,0,0,5.8,0,0,0.2,0,0,0,0,0,0,0,0.6,0,0,0,0,0,0,0,0,0,0,0,0,0,0,0,0,0,0,8.1,5.9,3.1,3.3,7.4,7.3,14.5,10.2,11.7,3.6,1.5,2.9,6.8,6.3,3.1,5.5,4.9,5.4,5.9,6.5,5.6,9.7,10.4,13.4,6.7,5.2,2.2,10.7,3.7,5.6,5.6,4.3,5.4,6.1,8.5,4.3,4.7,3.4,3.9,4.3,,,,,,,,,,,,,,,,,,,,,,,,,,,,,,,,,,,,,,,,,26.3,27.1,28.6,26,24.3,27.7,27.5,26.8,27.8,27.8,27,25,28.2,28.3,27.6,26.6,27.2,28.1,27.7,28.3,27.2,27.3,27.4,26.4,26.7,28,26.3,28.2,27.3,26.9,26.6,76,59,71,69,82,73,61,68,61,75,69,83,70,72,65,79,68,72,70,73,74,69,70,73,73,69,73,73,50,77,77,0,0.4,0,0,0.1,0.1,0,0,0,0,0,1,0,0,0,0.1,0,0.3,0,0,0,0,0,0,0,0,0,0.3,0,0,1.1,15.1,13.1,12.4,11.1,24.2,17.7,23.8,16.4,14.5,14.3,11.7,11.7,14,12.6,17.9,5.1,7.2,8.2,5.8,8.3,16.6,16.3,10.4,18.7,11.6,10.4,14.1,15.5,21.4,22.4,45.1,16.9,18,14.8,11.9,32.8,19.4,34.2,20.2,17.3,16.2,13.3,13.7,17.6,15.8,28.4,5.8,7.2,9.7,6.8,10.8,22.3,23,12.2,23.4,13,12.2,16.2,17.3,27.4,33.8,63.4,,,,,,22.2204,114.2127
2026-09-05T09:00,26.2,28.2,26.9,26.8,25.5,26.3,26,26.7,26.2,26.6,25.7,27.4,25.6,26.6,27.9,26.1,26.3,28,26.9,27.8,27.4,24.9,27.3,27.2,27.6,27.4,27.2,27.8,25.6,27.4,26.5,26.9,27.7,26.7,25.6,27.5,28.4,27.9,28.6,25.8,87,73,80,89,88,71,78,73,72,73,98,79,88,85,83,79,77,83,77,69,83,94,51,54,80,75,85,67,86,72,75,84,66,78,81,84,84,77,80,91,0,0,0,0,0,0,0,0,0,0,2.6,0,0,0.3,0.1,0,0,0,0,0,0,0.3,0,0,0.1,0.1,0,0,0,0,0,0,0,0,0,0,0.4,0,0.1,0,8.1,5.9,3.1,3,7.4,7.6,14.3,9.7,11.7,3.3,1.8,2.9,6.5,6.3,3.1,5.2,4.9,5.1,5.7,6.4,5.6,9.7,10.4,13,6.4,5.1,2.2,10.4,3.3,4.9,5.6,4.3,5.4,5.4,8.2,4.4,4.9,3,3.9,4,,,,,,,,,,,,,,,,,,,,,,,,,,,,,,,,,,,,,,,,,26.6,27.2,29,26.4,24.4,27.9,27.9,27,28.1,28.1,27.4,25.6,28.5,28.8,28.1,27.1,27.6,28.5,28,28.8,27.8,27.9,27.9,26.8,27.3,28.4,26.8,28.5,27.5,27.7,26.7,74,59,69,68,81,72,60,67,60,73,68,80,68,70,63,77,67,70,69,71,71,66,68,71,70,67,71,72,49,74,77,0,0.1,0,0,0,0.1,0,0,0,0,0,0.2,0,0,0,0.2,0,0.5,0,0,0,0,0,0,0,0,0,0.3,0,0,6.2,15.4,14.1,12.4,10.5,24.4,18.2,23.4,15.5,13.3,13.7,11,11.6,14.8,12.4,17.7,5.2,7.4,6.3,3.9,8.6,16.8,16.4,10.2,18.5,10.5,10.7,13.7,16.2,21,21.9,45.8,18.4,19.1,14,11.5,32,19.4,32.8,19.4,15.5,15.1,12.6,13.7,18.4,14.8,27.4,6.8,6.8,9,7.2,10.8,22.7,22.7,12.6,23.4,11.9,13,16.2,18.4,25.9,33.1,64.8,,,,,,22.2204,114.2127
2026-09-05T10:00,26.3,28.1,27,26.8,25.6,26.3,26.2,26.9,26.3,26.6,25.7,27.4,25.7,26.6,27.9,26.3,26.5,28.1,27,27.8,27.5,25,27.3,27.2,27.6,27.5,27.2,27.8,25.8,27.4,26.7,26.9,27.8,26.8,25.8,27.5,28.4,27.9,28.6,26,87,73,80,89,87,72,77,73,72,74,98,79,88,85,83,79,76,83,77,70,83,93,52,54,80,76,85,68,85,73,75,84,67,78,81,84,84,77,80,91,0,0,0,0,0,0,0,0,0,0,2.6,0,0,0.3,0.1,0,0,0,0,0,0,0.3,0,0,0.1,0.1,0,0,0,0,0,0,0,0,0,0,0.4,0,0.1,0,7.6,5.9,3,2.4,7.4,8.1,13.8,9.4,11.2,2.5,2.5,2.3,5.9,6.1,2.9,4.5,4.7,4.4,5,6.2,5.2,10.1,9.7,12.3,5.9,4.7,1.8,10.4,2.9,4.1,5.4,4,5.1,4.7,8.2,4.8,4.8,2.6,3.4,3.8,,,,,,,,,,,,,,,,,,,,,,,,,,,,,,,,,,,,,,,,,27.1,27.4,29.5,26.8,24.4,28.3,28.4,27.3,28.7,28.4,28,26.3,29,29.6,28.9,27.8,28,29.1,28.4,29.4,28.7,28.8,28.6,27.4,28.1,29,27.6,28.9,27.8,28.9,26.7,72,60,68,67,80,71,59,65,58,71,66,76,67,67,61,75,65,67,68,69,68,61,65,69,67,65,69,71,49,70,77,0,0.1,0,0,0,0.1,0,0,0,0,0,0.2,0,0,0,0.2,0,0.5,0,0,0,0,0,0,0,0,0,0.3,0,0,6.2,15.7,15.8,11.6,9.4,24,17.2,22.7,15.3,12.2,11,10.7,11.4,15.5,11.2,17,6,7.2,6.8,5.4,8.4,17,16.6,9.9,18.4,9.4,11,12.9,17.2,20.3,20.8,46.2,20.2,20.2,12.6,10.8,30.6,18,30.2,19.4,13.3,13.3,11.5,13.3,19.1,12.6,24.8,8.3,6.8,8.6,8.3,10.1,22.7,21.6,13,23,11.2,13.3,15.8,18.7,23.8,31.7,65.5,,,,,,22.2204,114.2127
2026-09-05T11:00,26.5,28.1,27,26.8,25.8,26.4,26.5,27.1,26.4,26.7,25.8,27.5,25.9,26.8,27.9,26.5,26.7,28.1,27.1,27.9,27.5,25.2,27.4,27.3,27.7,27.5,27.3,27.8,26,27.5,26.9,27,27.9,26.9,26,27.6,28.4,28,28.7,26.1,87,73,81,89,86,72,76,73,73,74,97,79,88,85,83,79,76,83,78,71,84,93,53,54,80,76,84,69,85,73,75,84,67,79,81,84,84,77,80,90,0,0,0,0,0,0,0,0,0,0,2.6,0,0,0.3,0.1,0,0,0,0,0,0,0.3,0,0,0.1,0.1,0,0,0,0,0,0,0,0,0,0,0.4,0,0.1,0,7.6,5.4,2.9,1.8,7.4,8.2,13.4,8.9,11,1.8,2.9,1.8,4.9,6.3,2.8,3.6,4.3,3.4,4.3,5.8,4.6,10.1,9.4,11.2,4.9,4.3,1.1,9.9,2.5,3,5.4,3.3,4.9,4,7.9,5.2,4.8,1.8,3.1,3.2,,,,,,,,,,,,,,,,,,,,,,,,,,,,,,,,,,,,,,,,,27.6,27.5,29.8,27.1,24.7,28.5,28.9,27.7,29.1,28.6,28.4,26.9,29.4,30.1,29.5,28.3,28.4,29.5,28.7,29.9,29.5,29.5,29,28.1,28.7,29.4,28.2,29.2,28.1,29.9,26.6,70,60,67,67,78,70,58,64,57,69,65,73,65,65,59,73,64,65,67,67,65,58,64,67,64,63,68,70,50,67,79,0,0.1,0,0,0,0.1,0,0,0,0,0,0.2,0,0,0,0.2,0,0.5,0,0,0,0,0,0,0,0,0,0.3,0,0,6.2,15.3,16.4,10.5,8.7,23.7,15.6,21.3,15.2,11.3,9,9.7,11.3,15.6,9.2,16.4,6.6,7.3,9,9,7.7,16.9,15.9,8.9,17.4,8.5,10.7,12.5,18.4,18.7,19.6,47,20.9,20.2,11.2,10.1,29.5,16.9,27.4,19.8,11.5,11.5,10.1,13.7,19.1,10.4,22.3,9.4,7.2,9,9.4,9.4,22.7,20.5,12.6,22.3,10.8,13.3,15.5,19.4,21.6,30.2,66.2,,,,,,22.2204,114.2127
2026-09-05T12:00,26.8,28.1,27.1,26.8,26.1,26.4,26.8,27.3,26.6,26.8,26,27.6,26.1,26.9,27.9,26.8,27,28.2,27.3,28,27.6,25.5,27.5,27.4,27.7,27.6,27.4,27.9,26.3,27.6,27.1,27.1,28,27.1,26.3,27.8,28.4,28,28.8,26.3,87,74,81,89,85,72,76,73,73,75,96,79,88,85,83,79,75,83,78,71,84,92,54,55,80,77,84,69,84,74,75,84,68,79,80,84,84,77,80,90,0,0,0,0,0,0,0,0,0,0,2.6,0,0,0.3,0.1,0,0,0,0,0,0,0.3,0,0,0.1,0.1,0,0,0,0,0,0,0,0,0,0,0.4,0,0.1,0,7.2,5.4,2.5,1.3,7.7,8.7,12.8,8.4,10.5,1.1,3.7,1.3,4,6,2.3,3.1,4.5,2.4,3.8,5.8,4.3,10.4,8.8,9.7,4.1,4,0.8,9.7,1.8,1.8,5.1,2.7,4.6,3,7.9,5.4,4.7,1.1,2.3,3.1,,,,,,,,,,,,,,,,,,,,,,,,,,,,,,,,,,,,,,,,,28.2,27.7,29.8,27.2,25.4,28.4,29.5,28.2,29.4,28.7,28.3,27.5,29.8,29.9,30.1,28.5,28.5,29.6,28.7,30.2,30.1,29.9,28.9,29,29.1,29.3,28.5,29.1,28.2,30.7,26.2,68,60,67,68,75,71,57,62,56,68,65,71,64,65,58,73,65,65,67,65,64,56,65,65,63,63,68,71,51,65,83,0,0,0,0,0,0.1,0,0,0,0,0,0,0,0,0,0.2,0,0.1,0,0,0,0,0,0,0,0,0,0.1,0,0,15.8,14.6,15.1,9.2,7.7,22.9,13.4,18.1,15.6,10.4,7.9,7.1,11.3,14.6,5.4,15.8,6.6,7.1,10.9,11.3,5.9,17,13.9,6.6,15.9,8.5,9.2,12.4,19.4,16.9,18.7,49.6,20.2,18.7,10.4,9.4,29.2,16.2,24.1,20.2,10.1,10.1,8.3,14.4,18.7,8.6,21.6,9.4,7.9,10.1,10.8,8.6,23.4,18.7,11.5,20.5,11.2,11.9,15.5,20.2,19.4,28.4,68,,,,,,22.2204,114.2127
2026-09-05T13:00,27,28,27.1,26.9,26.3,26.5,27.1,27.6,26.8,26.8,26.2,27.7,26.3,27,27.9,27.1,27.3,28.3,27.4,28,27.7,25.7,27.6,27.6,27.8,27.7,27.4,27.9,26.6,27.8,27.3,27.2,28.1,27.2,26.6,27.9,28.4,28.1,28.9,26.5,86,74,81,89,84,73,75,74,73,76,95,78,88,84,83,79,75,83,78,72,84,91,56,55,80,78,84,70,83,75,74,84,68,79,80,84,84,77,80,89,0,0,0,0,0,0,0,0,0,0,2.6,0,0,0.3,0.1,0,0,0,0,0,0,0.3,0,0,0.1,0.1,0,0,0,0,0,0,0,0,0,0,0.4,0,0.1,0,6.8,5.4,2.6,1.1,7.9,9.3,12.4,7.9,10.2,0.5,4.4,0.8,3.3,6.2,2.3,2.4,4.4,1.6,3.6,5.9,4,10.8,8.1,8.3,2.5,3.9,1.5,8.9,1.6,0.7,5.4,2.3,4.4,1.9,7.7,5.6,5.2,0.5,1.9,2.9,,,,,,,,,,,,,,,,,,,,,,,,,,,,,,,,,,,,,,,,,28.9,28,29.6,27.2,26.2,28.2,30,28.9,29.7,28.7,28.1,28.1,30.1,29.5,30.5,28.5,28.4,29.6,28.7,30.2,30.5,30.2,28.6,30,29.3,29.1,28.6,28.8,28.3,31.3,25.7,66,60,67,69,71,72,57,61,55,67,66,69,64,66,58,73,66,66,68,64,65,56,68,63,62,65,69,72,52,64,87,0,0,0,0,0,0.1,0,0,0,0,0,0,0,0,0,0.2,0,0.1,0,0,0,0,0,0,0,0,0,0.1,0,0,15.8,13.9,13.1,8,6.7,22,12.6,14,16.3,8.7,6.8,4,11.7,12.8,3,15,6.8,7.8,12.9,12.4,3.3,18.6,11.6,3.7,14,8.9,6.9,12.5,20.5,15.5,17.5,52.2,18.4,16.6,10.4,8.6,29.5,15.5,20.5,20.9,9.4,9,6.1,15.5,18,7.2,21.2,9.4,8.6,11.9,11.9,7.9,24.1,16.9,9.7,18,12.2,9.7,15.8,20.9,16.9,26.6,70.2,,,,,,22.2204,114.2127
2026-09-05T14:00,27.3,28,27.2,26.9,26.6,26.6,27.5,27.9,27,26.9,26.3,27.8,26.5,27.2,27.9,27.4,27.6,28.4,27.6,28.2,27.8,26,27.7,27.7,27.9,27.8,27.5,28,26.9,27.9,27.5,27.4,28.2,27.4,26.9,28,28.5,28.2,28.9,26.8,86,74,81,88,83,73,74,74,74,76,94,78,88,84,83,78,74,84,79,73,85,89,57,56,80,78,83,71,83,76,74,84,69,79,80,84,84,77,80,88,0,0,0,0,0,0,0,0,0,0,2.6,0,0,0.3,0.1,0,0,0,0,0,0,0.3,0,0,0.1,0.1,0,0,0,0,0,0,0,0,0,0,0.4,0,0.1,0,6.4,5.4,2.7,1.8,7.9,9.8,11.6,7.2,9.7,0.8,5.2,1.3,2.7,6.5,2.2,2.2,4.3,1.8,3.3,6.3,3.7,11.2,7.6,6.8,1.4,3.9,2.1,8.7,1.3,0.5,5.2,1.6,4.2,1,7.7,6.2,5.2,1,1.1,3.3,,,,,,,,,,,,,,,,,,,,,,,,,,,,,,,,,,,,,,,,,29.4,28.2,29.4,27.2,26.9,28.1,30.3,29.4,29.9,28.7,27.9,28.5,30.4,29.2,30.8,28.5,28.3,29.6,28.7,30.2,30.7,30.4,28.4,30.6,29.5,28.9,28.7,28.6,28.3,31.7,25.3,65,60,68,70,68,73,57,60,54,67,67,69,63,67,58,73,67,67,69,63,66,56,70,62,62,66,69,73,54,64,91,0,0,0,0,0,0.1,0,0,0,0,0,0,0,0,0,0.2,0,0.1,0,0,0,0,0,0,0,0,0,0.1,0,0,15.8,12.8,11,7.9,5.6,21,13,10,16.3,7.4,5.4,3.6,12.7,10.5,5.6,13.2,7.1,7.6,15.3,13.5,1,20.2,9.9,1.1,12,9.2,5,13,21.2,14.8,17,53,16.9,14.4,10.1,7.9,28.8,14.8,17.3,20.9,8.3,8.3,5,16.9,16.6,6.5,20.2,8.6,9,13.7,13,7.2,24.8,15.1,8.3,16.2,13.3,7.9,15.8,20.9,15.1,25.6,69.8,,,,,,22.2204,114.2127
2026-09-05T15:00,27.5,27.9,27.3,27,26.9,26.7,27.9,28.1,27.3,27,26.5,27.9,26.7,27.4,28,27.8,27.9,28.4,27.7,28.3,27.9,26.3,27.8,27.9,28,27.9,27.6,28.1,27.2,28.1,27.7,27.5,28.3,27.6,27.3,28.1,28.5,28.3,29,27,86,73,81,88,82,73,73,74,74,77,93,78,88,83,82,78,73,84,79,74,85,88,59,57,80,79,83,72,82,76,74,83,70,80,79,83,84,77,79,87,0,0,0,0,0,0,0,0,0,0,2.6,0,0,0.3,0.1,0,0,0,0,0,0,0.3,0,0,0.1,0.1,0,0,0,0,0,0,0,0,0,0,0.4,0,0.1,0,5.9,5.1,2.8,2.4,8.1,10.3,11.2,7.1,9.5,1.3,6.3,2.2,2.9,6.5,2.6,2.1,4.6,2.5,3.2,6.5,4,11.2,6.9,5.1,0.4,4.1,2.8,8,1.1,2.1,5.3,1.8,4,0.8,7.8,6.6,5.8,1.6,0.4,3.6,,,,,,,,,,,,,,,,,,,,,,,,,,,,,,,,,,,,,,,,,29.5,28.4,29.4,27.2,27.4,28,29.9,29.7,29.9,28.7,27.8,28.6,30.5,29.3,30.8,28.6,28.2,29.4,28.7,30.1,30.5,30.4,28.4,30.7,29.8,29,28.9,28.6,28.3,31.9,25.3,65,60,68,71,67,73,58,60,54,67,67,70,62,67,59,72,67,69,69,63,67,57,70,63,62,66,69,73,56,64,93,0,0,0,0,0,0,0,0,0,0,0,0,0,0,0,0.1,0,0.3,0,0,0.3,0,0,0.2,0,0,0,0,0,0,10.9,12,9.1,8,5.4,19.6,13,6.6,15,5.6,4.3,4.3,14.1,7.1,7.8,10.5,6.4,5.8,17.1,13.5,2.8,20.1,8.4,1.1,10.2,9.2,3.3,12.6,20.5,13.9,16.9,51.2,15.8,12.2,10.1,7.6,26.6,13.7,14,20.2,6.8,7.9,5,18.4,14,7.2,17.6,7.9,7.9,15.5,13.3,6.8,25.2,13.3,7.2,14.8,14.4,6.5,15.1,19.8,14.4,25.6,65.9,,,,,,22.2204,114.2127
2026-09-05T16:00,27.7,27.9,27.4,27.1,27.2,26.8,28.2,28.4,27.5,27.1,26.7,28,26.9,27.5,28,28.1,28.2,28.5,27.9,28.4,28,26.5,27.9,28,28.1,28,27.7,28.1,27.5,28.2,27.9,27.6,28.5,27.8,27.6,28.2,28.5,28.3,29.1,27.2,86,73,81,87,81,74,73,74,74,78,92,77,87,83,82,78,73,84,79,75,85,87,61,58,80,80,82,73,81,77,74,83,70,80,79,83,84,77,79,87,0,0,0,0,0,0,0,0,0,0,2.6,0,0,0.3,0.1,0,0,0,0,0,0,0.3,0,0,0.1,0.1,0,0,0,0,0,0,0,0,0,0,0.4,0,0.1,0,5.9,4.8,3.1,3.1,8.1,10.8,10.8,6.6,9,2.1,7,2.9,3.4,6.9,3.2,2.5,4.6,3.6,3.6,6.9,4.3,11.5,6,3.7,1.3,4.4,3.8,7.8,1.5,3.2,5.2,2.4,4,1.8,7.8,6.5,6.1,2.4,0,4.5,,,,,,,,,,,,,,,,,,,,,,,,,,,,,,,,,,,,,,,,,29.3,28.6,29.5,27.2,27.8,28.1,29.3,29.9,29.9,28.8,27.8,28.4,30.5,29.5,30.6,28.7,28.1,29.2,28.6,29.9,30.1,30.4,28.5,30.5,30.1,29.1,28.9,28.7,28.3,31.9,25.4,66,61,68,71,66,74,61,62,55,68,68,72,61,66,60,71,68,71,69,64,69,58,69,66,62,66,68,72,57,65,93,0,0,0,0,0,0,0,0,0,0,0,0,0,0,0,0.1,0,0.3,0,0,0.3,0,0,0.2,0,0,0,0,0,0,10.9,11.2,7.2,8,6.3,18.3,12.2,4.7,13.5,3.6,5.9,5.6,15.2,3.6,8.7,9.1,5.1,3.5,18.2,13,5.6,19.6,7.2,2.3,8.7,9.5,2.4,11.9,18.7,12.4,17.4,47.3,15.1,10.4,10.1,7.9,23.8,13,10.8,19.4,5.8,7.6,6.1,20.2,11.2,8.3,14,6.5,5.8,17.6,13,6.5,25.6,11.9,6.5,13.7,15.5,5.4,14,18.4,14,25.9,59.8,,,,,,22.2204,114.2127
2026-09-05T17:00,28,27.9,27.4,27.1,27.4,26.9,28.5,28.6,27.7,27.2,26.9,28.1,27.1,27.7,28,28.4,28.5,28.6,28,28.5,28.1,26.8,28,28.1,28.2,28.1,27.8,28.2,27.8,28.3,28.1,27.7,28.6,27.9,27.8,28.2,28.5,28.4,29.2,27.4,85,74,82,87,80,74,72,74,75,78,90,77,87,83,82,78,72,84,80,76,85,86,63,59,80,80,82,74,80,78,73,83,71,80,78,83,84,77,79,86,0,0,0,0,0,0,0,0,0,0,2.6,0,0,0.3,0.1,0,0,0,0,0,0,0.3,0,0,0.1,0.1,0,0,0,0,0,0,0,0,0,0,0.4,0,0.1,0,5.5,4.8,3.4,3.8,8.3,11.3,10.1,6.2,8.5,2.4,7.8,4,4,7.1,3.4,3.4,4.6,4.5,3.6,7.1,4.7,11.9,5.4,2.4,2.4,5,4.3,7.1,1.6,4,5.4,3.1,3.9,2.7,7.9,6.9,6.8,3.2,0.8,5,,,,,,,,,,,,,,,,,,,,,,,,,,,,,,,,,,,,,,,,,29.2,28.7,29.5,27.2,28,28.1,28.7,30,29.8,28.8,27.8,28.3,30.4,29.7,30.3,28.7,28,29,28.6,29.7,29.7,30.3,28.6,30.3,30.2,29.2,29,28.7,28.2,31.8,25.6,67,62,69,72,66,74,63,63,56,69,68,74,61,66,62,71,68,73,69,65,71,59,69,68,63,66,68,72,59,66,93,0,0,0,0,0,0,0,0,0,0,0,0,0,0,0,0.1,0,0.3,0,0,0.3,0,0,0.2,0,0,0,0,0,0,10.9,10.4,5.5,8.7,7.1,17.4,12,4.9,12.1,2.2,8,6.3,15.9,2.9,9.7,8.8,4.4,2.4,18.7,12.3,7,19.5,6.1,3.2,7.7,10.1,3.3,11,16.8,11.4,18,39.8,14,9,10.1,7.9,22,12.6,8.6,18.7,5,7.6,6.8,21.2,9,9.7,11.5,5.8,4.3,19.1,12.6,6.8,25.2,10.8,5.8,13.7,16.2,4.7,13,16.9,14,26.3,52.6,,,,,,22.2204,114.2127
2026-09-05T18:00,28.1,27.8,27.5,27.2,27.6,26.9,28.7,28.8,27.8,27.2,27,28.1,27.3,27.8,28,28.6,28.7,28.6,28.1,28.5,28.2,27,28.1,28.2,28.3,28.2,27.8,28.3,28,28.4,28.2,27.8,28.7,28,28.1,28.3,28.5,28.5,29.3,27.6,85,74,82,86,79,74,71,74,75,79,89,77,87,82,82,77,71,84,80,77,86,85,65,60,81,81,81,74,80,79,73,82,72,80,78,83,84,78,79,86,0,0,0,0,0,0,0,0,0,0,2.6,0,0,0.3,0.1,0,0,0,0,0,0,0.3,0,0,0.1,0.1,0,0,0,0,0,0,0,0,0,0,0.4,0,0.1,0,5.5,4.6,3.7,4.5,8.3,11.8,9.8,6,8.3,3.2,8.6,4.3,4.6,7.2,4.1,3.7,4.7,5.2,4.2,7.7,5.1,11.9,4.8,1.6,3.2,5.2,5.1,6.9,2.1,5.2,5.2,3.6,3.5,3.4,7.9,7.2,7.3,4,1.1,5.5,,,,,,,,,,,,,,,,,,,,,,,,,,,,,,,,,,,,,,,,,29,28.7,29.4,27.1,28.1,28.1,28.5,30,29.6,28.6,27.8,28.2,30.2,29.6,29.9,28.6,27.9,28.7,28.5,29.7,29.5,30.2,28.5,30.2,30,29.2,28.9,28.5,28.2,31.7,25.8,68,63,70,73,66,74,65,65,58,71,68,75,63,68,64,72,69,75,70,66,72,61,69,70,65,66,69,73,61,66,93,0,0,0,0,0,0.4,0.2,0,0,0,0,0,0,0,0,0.1,0,0,0,0,0.1,0,0,1.6,0.1,0,0,0,0,0,1.8,9.8,4.3,9.2,7.4,17.1,12.6,5.4,11.4,3.3,8.5,6.6,15.1,4.5,10.5,7.4,4.8,2.3,18.7,11.5,7,18.7,5.5,3.1,7.8,9.7,3.7,10.6,15.3,11.3,19,25.8,13,8.6,10.4,8.3,22,13.7,7.9,18,5.8,7.2,6.8,21.2,8.6,10.8,10.1,5.4,3.6,19.8,11.9,8.3,24.1,10.1,4.7,15.8,15.8,4,12.2,15.8,14.4,26.3,43.2,,,,,,22.2204,114.2127
2026-09-05T19:00,28.3,27.8,27.5,27.2,27.7,27,28.9,28.9,28,27.3,27.1,28.2,27.4,27.9,28,28.8,28.8,28.7,28.2,28.6,28.2,27.2,28.1,28.3,28.4,28.2,27.9,28.3,28.2,28.5,28.3,27.9,28.8,28.1,28.2,28.3,28.5,28.5,29.3,27.7,84,74,82,86,78,75,71,74,75,80,88,77,87,82,82,77,71,84,80,77,86,84,67,61,81,82,81,75,79,79,73,82,72,81,78,83,84,78,79,85,0,0,0,0,0,0,0,0,0,0,2.6,0,0,0.3,0.1,0,0,0,0,0,0,0.3,0,0,0.1,0.1,0,0,0,0,0,0,0,0,0,0,0.4,0,0.1,0,5.5,4.6,3.5,4.8,8.5,12,9.5,5.7,7.8,3.5,8.9,4.7,5.1,7.3,4.3,4.3,5,5.8,4.3,7.7,5.6,11.9,4.6,1.4,4,5.4,5.6,6.4,2.3,5.6,5.5,3.8,3.4,3.9,8,7.2,7.7,4.3,1.6,6,,,,,,,,,,,,,,,,,,,,,,,,,,,,,,,,,,,,,,,,,28.9,28.5,29.4,27,27.9,28.1,28.3,29.9,29.3,28.3,27.8,28.1,29.9,29.4,29.4,28.4,27.9,28.3,28.3,29.6,29.3,30,28.3,30.1,29.6,29.1,28.8,28.3,28.2,31.5,26.2,69,65,72,73,67,75,67,67,60,73,68,75,66,71,67,73,69,77,71,67,72,62,70,71,68,67,71,74,62,66,92,0,0,0,0,0,0.4,0.2,0,0,0,0,0,0,0,0,0.1,0,0,0,0,0.1,0,0,1.6,0.1,0,0,0,0,0,1.8,8.9,6.1,9.7,7.1,16.8,14,7.3,11.5,6.3,7.9,6.4,14.2,6,11,6.9,5.2,1.8,18.3,10.4,8,17.4,5.1,2.8,10.8,9.8,3.6,10.2,13.7,11.6,20.4,8,11.9,9.4,10.8,8.6,22.3,15.5,8.3,17.6,7.6,7.2,6.8,20.5,9.4,11.9,9.4,5,2.9,20.5,10.8,10.1,22.7,10.1,3.6,19.1,14.8,3.6,11.9,15.1,15.1,26.6,32.8,,,,,,22.2204,114.2127
2026-09-05T20:00,28.4,27.7,27.5,27.2,27.8,27,28.9,29,28,27.3,27.2,28.2,27.5,27.9,28,28.9,28.9,28.7,28.3,28.6,28.2,27.3,28.2,28.3,28.4,28.2,27.9,28.4,28.3,28.5,28.4,28,28.8,28.2,28.3,28.3,28.5,28.5,29.3,27.8,84,74,82,86,78,75,71,74,75,80,87,77,87,82,82,77,71,84,80,78,86,83,68,62,81,82,81,75,79,80,73,82,73,81,78,83,84,78,79,85,0,0,0,0,0,0,0,0,0,0,2.6,0,0,0.3,0.1,0,0,0,0,0,0,0.3,0,0,0.1,0.1,0,0,0,0,0,0,0,0,0,0,0.4,0,0.1,0,5.9,4.6,3.5,4.8,8.5,12,9.1,5.6,7.8,3.5,9.7,5.1,5.4,7,4.3,4.3,5,6.2,4.3,8,5.6,11.9,4.3,1.6,4.3,5.7,5.6,6.4,2.3,6,5.5,4.1,3.4,4.2,8,7.2,7.7,4.7,1.9,6.1,,,,,,,,,,,,,,,,,,,,,,,,,,,,,,,,,,,,,,,,,28.7,28.4,29.3,26.9,27.8,28.2,28.2,29.8,29,28.1,27.8,28.1,29.6,29.2,29,28.3,27.9,28.1,28.2,29.5,29.2,29.8,28.1,30,29.2,29,28.6,28.2,28.2,31.3,26.5,70,66,74,74,68,75,69,68,62,74,68,75,68,73,69,74,70,79,72,69,73,64,71,72,70,68,72,75,63,66,91,0,0,0,0,0,0.4,0.2,0,0,0,0,0,0,0,0,0.1,0,0,0,0,0.1,0,0,1.6,0.1,0,0,0,0,0,1.8,8.4,8.3,10.2,6.9,16.5,14.4,8.9,12.8,8.4,7,6.2,13.3,6.5,11,8.2,5.4,1.8,17.8,10,9.7,16.1,4.4,2.6,14.1,10.4,3.6,10,12.4,11.6,21.1,8,10.8,10.1,11.2,8.6,22.7,16.6,8.6,18.4,9,6.8,6.8,19.4,9.7,12.6,9,5,2.9,20.5,10.1,11.9,20.9,10.1,3.2,21.6,13.7,3.6,11.5,14,15.5,27,27,,,,,,22.2204,114.2127
2026-09-05T21:00,28.4,27.7,27.5,27.2,27.8,26.9,28.9,29,28,27.3,27.3,28.2,27.5,27.9,28,29,28.9,28.6,28.3,28.6,28.2,27.4,28.2,28.2,28.4,28.2,27.9,28.4,28.4,28.5,28.4,28,28.9,28.2,28.3,28.3,28.4,28.5,29.3,27.9,84,74,82,86,78,75,71,74,75,80,86,77,87,82,82,77,71,84,80,79,86,83,69,63,81,82,81,75,79,81,73,82,74,81,78,83,84,78,79,85,0,0,0,0,0,0,0,0,0,0,0.2,0,0,0.1,0,0,0,0,0,0,0,0,0,0,0,0.1,0,0,0,0,0,0,0,0,0,0.1,0.1,0,0,0,6.2,4.6,3.1,4.5,8.5,12,8.8,5.6,7.8,3.5,10.1,5.1,5.4,6.6,4.3,4,5,6,4,8,5.1,11.9,4.3,1.6,4.3,5.7,5.6,6.4,2.3,6,5.5,4.1,3.4,4.2,8,7.2,7.7,4.7,1.9,6.1,,,,,,,,,,,,,,,,,,,,,,,,,,,,,,,,,,,,,,,,,28.5,28.3,29.1,26.9,27.6,28.2,28.2,29.6,28.9,27.9,27.7,28.1,29.4,29,28.7,28.2,27.8,27.9,28.1,29.3,29,29.7,28.1,29.9,28.9,29,28.5,28.1,28.2,31.1,26.7,71,68,75,74,69,75,70,67,64,75,69,76,69,75,71,75,71,80,73,71,74,65,72,72,72,70,73,75,64,66,90,0,0,0.2,0,0,0.2,0,0,0,0.1,0,0,0,0,0,0.4,0,0.2,0,0.1,0,0,0,0,0.1,0,0,0,0,0,0.4,8.2,9.8,10.5,6.2,16,13.3,10,15,9,6,6.6,12.6,5.9,10.4,9.7,5.4,2.3,17.7,9.7,10.2,14.4,3,3.6,16.1,9.5,3.8,9.8,11.1,10.5,21,19.8,10.1,11.2,11.5,7.6,22,15.5,9.4,20.9,10.1,6.1,7.2,18,9.7,12.6,9.7,5.4,3.2,20.5,9.7,12.6,18.7,10.8,4.3,22.7,13,4,11.2,13,14.8,27.7,30.2,,,,,,22.2204,114.2127
2026-09-05T22:00,28.4,27.6,27.5,27.2,27.7,26.9,28.7,28.9,28,27.3,27.3,28.2,27.5,27.9,28,29,28.8,28.6,28.3,28.6,28.2,27.4,28.2,28.1,28.3,28.1,27.8,28.5,28.4,28.5,28.3,28,28.9,28.2,28.2,28.2,28.4,28.5,29.3,27.9,83,75,82,86,78,76,71,74,75,81,85,78,87,83,82,77,71,85,80,79,86,82,71,64,82,83,81,75,79,81,73,82,74,82,79,83,84,79,80,85,0,0,0,0,0,0,0,0,0,0,0.2,0,0,0.1,0,0,0,0,0,0,0,0,0,0,0,0.1,0,0,0,0,0,0,0,0,0,0.1,0.1,0,0,0,7,4.6,2.7,4,8.4,11.7,8.8,5.5,7.5,3.2,10.8,4.7,5.1,6.2,4.1,3.7,5.2,5.6,3.7,7.5,4.6,11.5,4.1,1.6,4,6,5.4,6.4,2.1,5.6,5.5,3.6,3.1,4,8,6.9,7.6,4.6,2.3,6,,,,,,,,,,,,,,,,,,,,,,,,,,,,,,,,,,,,,,,,,28.3,28.2,28.9,26.9,27.4,28.2,28.2,29.5,28.7,27.8,27.6,28.1,29.3,28.9,28.5,28.1,27.6,27.8,28,29.1,28.9,29.5,28,29.8,28.6,29,28.3,28.1,28.1,30.8,26.9,72,69,76,74,70,76,71,65,66,75,69,76,70,76,73,76,71,80,74,73,74,66,72,71,74,71,74,75,64,66,89,0,0,0.2,0,0,0.2,0,0,0,0.1,0,0,0,0,0,0.4,0,0.2,0,0.1,0,0,0,0,0.1,0,0,0,0,0,0.4,7.9,11,10.7,5.4,15.5,11.3,9.7,17.9,9.5,5.2,7.3,11.7,6.1,10.2,10.5,5.7,3.2,17.5,9.7,10.5,12.8,3.4,5.4,17.4,9.7,4,9.8,10.3,9.3,20.7,29.9,9.4,13,12.2,6.5,20.5,13.7,10.4,24.1,11.2,5,7.6,16.2,9.7,12.6,10.8,5.8,4,20.2,9.4,12.6,16.6,11.5,6.1,23.4,12.2,4.3,11.2,11.9,13.7,28.4,38.5,,,,,,22.2204,114.2127
2026-09-05T23:00,28.4,27.5,27.5,27.2,27.5,26.7,28.5,28.8,28,27.3,27.4,28.1,27.5,27.9,28,28.9,28.7,28.5,28.3,28.6,28.1,27.4,28.2,27.9,28.3,28.1,27.8,28.5,28.4,28.4,28.3,28,28.9,28.1,28.1,28.1,28.3,28.4,29.2,27.8,82,75,83,86,79,76,72,74,75,81,84,78,88,83,83,76,72,85,80,80,86,82,73,65,82,83,82,75,79,82,73,82,75,82,79,84,84,80,80,86,0,0,0,0,0,0,0,0,0,0,0.2,0,0,0.1,0,0,0,0,0,0,0,0,0,0,0,0.1,0,0,0,0,0,0,0,0,0,0.1,0.1,0,0,0,7.8,4.6,1.9,3.3,8.2,11.5,8.7,5.9,7.5,2.9,11.3,4,4.7,5.2,3.6,3.3,5.4,4.8,3.3,6.7,3.6,11.2,4.1,1.1,3.5,5.7,4.9,6.6,1.6,4.8,5.5,2.8,3.2,3.9,8.2,6.5,7.2,4.1,2.3,5.5,,,,,,,,,,,,,,,,,,,,,,,,,,,,,,,,,,,,,,,,,28.2,28.1,28.8,27,27.2,28.2,28.3,29.3,28.6,27.7,27.5,28.1,29.1,28.7,28.4,28,27.5,27.7,27.8,28.8,28.7,29.4,28,29.7,28.3,28.9,28.2,28,28.1,30.6,27,73,70,77,74,71,76,71,63,67,75,70,77,71,77,74,77,72,80,75,75,75,66,73,71,75,73,75,75,64,66,89,0,0,0.2,0,0,0.2,0,0,0,0.1,0,0,0,0,0,0.4,0,0.2,0,0.1,0,0,0,0,0.1,0,0,0,0,0,0.4,7.4,12.1,10.3,4,15.1,9.7,8.1,19.5,10,4.7,7.4,11.2,7.4,11.2,10.9,6.2,4,17.3,9.3,11.1,11.2,5.1,6.1,17.9,11.3,4.2,8.9,9.7,8.2,20.2,35,8.6,14.4,12.2,5.8,19.4,11.9,11.5,26.6,11.5,5,7.9,15.1,10.1,13.3,11.9,6.5,4.3,19.8,9,13.7,14.4,11.9,7.6,23.8,11.9,4.7,10.4,10.8,13.3,29.5,44.6,,,,,,22.2204,114.2127
2026-09-06T00:00,28.3,27.3,27.4,27.2,27.3,26.6,28.2,28.6,27.9,27.3,27.4,28.1,27.5,27.8,27.9,28.9,28.5,28.4,28.2,28.6,28.1,27.3,28.1,27.7,28.2,27.9,27.7,28.5,28.3,28.4,28.1,28,28.9,28,27.9,28,28.2,28.3,29.1,27.8,82,76,83,86,80,76,72,73,75,81,83,78,88,84,83,76,72,85,79,80,86,82,74,66,83,83,82,74,80,82,73,82,76,83,80,84,84,80,81,86,0,0,0,0,0,0,0,0,0,0,0.2,0,0,0.1,0,0,0,0,0,0,0,0,0,0,0,0.1,0,0,0,0,0,0,0,0,0,0.1,0.1,0,0,0,8.9,4.6,1.3,2.2,8.1,11,8.3,6.2,7.5,2.6,11.7,3.6,4,4.4,3.4,2.6,5.6,4,2.6,6.4,2.9,10.9,4.1,0.8,2.4,5.8,4.2,6.8,1.1,4,5.5,2.3,2.9,3.3,8.4,6.2,7.2,3.4,2.4,5,,,,,,,,,,,,,,,,,,,,,,,,,,,,,,,,,,,,,,,,,28.1,28,28.7,27,26.9,28.1,28.3,29.1,28.5,27.6,27.4,27.9,29,28.6,28.3,27.8,27.4,27.5,27.5,28.5,28.4,29.2,28,29.5,28,28.8,28.1,27.8,28,30.4,26.8,73,70,77,74,72,75,70,63,68,76,70,77,71,78,75,78,73,80,75,77,75,66,73,71,76,74,75,75,62,67,89,0.1,0,0.3,0.5,0,0.2,0.1,0,0.1,0.1,0,0,0,0.1,0,1,0.1,1,0.3,0.8,0.2,0,0,0,0,0,0,0.3,0,0,0.7,6.6,12,9.4,2.8,15.1,9,5.1,19.1,9.6,5.6,7.1,10.9,8.4,12.8,11.2,6.5,3.7,16.3,8.4,13,10.1,5.4,5.2,17.7,12.4,3.5,7,9.2,8.7,19.9,34.2,7.9,15.8,11.9,6.5,18.4,10.8,13,27,10.8,7.2,8.3,14.4,11.2,15.5,12.6,7.2,4.3,18.7,8.3,16.6,12.6,11.5,6.8,24.1,12.2,4.3,8.3,10.1,14.4,31,45.4,,,,,,22.2204,114.2127
2026-09-06T01:00,28.2,27.2,27.4,27.2,27.1,26.5,27.9,28.4,27.8,27.3,27.4,28,27.4,27.7,27.9,28.7,28.2,28.2,28.2,28.5,28,27.3,28.1,27.5,28.2,27.8,27.6,28.6,28.2,28.3,28,27.9,29,27.9,27.7,27.9,28.1,28.2,29,27.7,81,77,83,87,81,77,73,73,75,82,82,79,88,84,84,76,73,86,79,81,86,81,76,68,84,84,83,74,80,83,73,82,77,84,81,85,84,81,82,87,0,0,0,0,0,0,0,0,0,0,0.2,0,0,0.1,0,0,0,0,0,0,0,0,0,0,0,0.1,0,0,0,0,0,0,0,0,0,0.1,0.1,0,0,0,10.1,4.6,0.5,1.1,7.9,10.5,8.3,6.6,7.2,2,12.1,2.5,3.7,3.6,2.7,2.3,5.9,2.9,2.5,5.4,1.8,10.5,4.1,1.3,1.6,5.6,3.5,7,1.3,3.2,5.5,1.3,3.1,3.1,8.1,5.9,6.8,2.9,2.1,4.5,,,,,,,,,,,,,,,,,,,,,,,,,,,,,,,,,,,,,,,,,28,28,28.6,27,26.6,28.1,28.4,28.8,28.3,27.6,27.2,27.7,28.9,28.4,28.2,27.7,27.3,27.3,27.2,28.1,28.1,29.1,27.9,29.3,27.6,28.7,28,27.6,27.9,30.2,26.6,74,70,76,75,73,75,67,63,68,77,71,78,71,79,76,79,74,79,76,78,76,66,74,72,77,75,74,75,60,68,90,0.1,0,0.3,0.5,0,0.2,0.1,0,0.1,0.1,0,0,0,0.1,0,1,0.1,1,0.3,0.8,0.2,0,0,0,0,0,0,0.3,0,0,0.7,6.5,12.2,9.4,5.4,15.2,8.6,7.2,18.4,8.6,8.9,7.4,11.3,9.4,15,11.5,7.3,3.1,14.9,7.1,16.3,9,5.2,4.3,17,12.6,2.5,4.3,8.7,10.6,20.8,32.4,7.6,16.9,11.2,7.9,17.3,10.1,14.4,26.3,9.7,10.4,8.3,14,12.2,18.4,13.3,8.6,4.3,17.3,7.2,20.5,10.8,10.4,5.8,24.5,13.3,3.6,5.8,9.4,16.2,32.8,44.3,,,,,,22.2204,114.2127
2026-09-06T02:00,28.1,27.1,27.3,27.1,26.9,26.3,27.5,28.2,27.6,27.2,27.4,27.9,27.4,27.6,27.8,28.6,28,28.1,28.1,28.5,27.9,27.2,28,27.3,28.1,27.7,27.6,28.6,28.1,28.2,27.9,27.9,29,27.8,27.4,27.7,28,28.2,28.9,27.6,81,77,83,87,82,77,74,73,74,82,81,80,88,85,84,75,73,86,78,81,86,81,78,69,84,84,83,73,81,83,73,81,78,84,82,85,85,82,82,87,0,0,0,0,0,0,0,0,0,0,0.2,0,0,0.1,0,0,0,0,0,0,0,0,0,0,0,0.1,0,0,0,0,0,0,0,0,0,0.1,0.1,0,0,0,11.3,4.4,0.4,0,8.2,10,8.3,7,7.2,1.3,12.5,1.8,3.2,3,2.5,2.6,6.4,2.1,2.6,4.8,1.8,10.2,4.4,1.8,0.8,5.6,3.3,7.2,1.6,2.1,5.5,0.4,2.8,2.7,8.3,5.4,6.6,2.2,2.1,4,,,,,,,,,,,,,,,,,,,,,,,,,,,,,,,,,,,,,,,,,27.9,27.9,28.6,27,26.4,28,28.4,28.6,28.2,27.5,27.1,27.6,28.8,28.3,28.2,27.7,27.2,27.2,26.9,27.9,27.9,29,27.8,29,27.4,28.6,27.9,27.5,27.7,29.7,26.4,74,69,76,75,74,74,65,64,69,78,71,78,71,79,76,79,75,79,76,79,76,65,75,72,77,75,74,75,58,70,90,0.1,0,0.3,0.5,0,0.2,0.1,0,0.1,0.1,0,0,0,0.1,0,1,0.1,1,0.3,0.8,0.2,0,0,0,0,0,0,0.3,0,0,0.7,6.8,13.4,8.7,8.5,15.6,9.2,11.9,19,8,12,7.5,12.4,9.8,16.2,11.5,7.7,1.5,14.2,6.1,18.7,8.4,5.4,5.6,16.9,12.2,1.9,3.1,8.8,13,22,33.6,7.2,18.4,10.4,9.7,17.3,10.4,16.6,26.3,9,13.3,8.6,15.1,13,20.2,14,9.7,5,16.6,6.8,23.4,10.4,10.1,7.2,24.5,13.3,2.9,4,9,18,34.2,43.6,,,,,,22.2204,114.2127
2026-09-06T03:00,27.9,27,27.3,27.1,26.7,26.2,27.2,28,27.5,27.2,27.4,27.8,27.3,27.5,27.8,28.5,27.8,28,28.1,28.4,27.9,27.1,28,27.1,28,27.6,27.5,28.7,27.9,28.1,27.7,27.8,29,27.7,27.2,27.6,27.8,28.1,28.8,27.5,80,78,83,87,83,77,74,72,74,82,80,80,89,85,85,75,74,87,78,82,86,81,79,70,85,84,84,73,81,84,73,81,78,85,83,85,85,83,83,88,0,0,0,0,0,0,0,0,0,0,0.2,0,0,0.1,0,0,0,0,0,0,0,0,0,0,0,0.1,0,0,0,0,0,0,0,0,0,0.1,0.1,0,0,0,12.4,4.7,1.1,1.1,7.9,9.5,8.3,7,7.4,1.1,13,1.1,3.1,2.6,2.2,3.1,6.6,1.9,3.4,4.1,2.3,9.5,4.2,2.5,0.5,5.5,2.9,7.9,2.2,1,5.5,0.7,3.1,2.9,8.5,5.2,6.3,1.5,2.1,3.6,,,,,,,,,,,,,,,,,,,,,,,,,,,,,,,,,,,,,,,,,27.7,27.8,28.5,27,26.1,27.9,28.3,28.3,28,27.5,27,27.5,28.7,28.1,28.2,27.8,27.1,27.1,26.8,27.7,27.8,28.8,27.3,28.8,27.2,28.4,27.7,27.4,27.6,28.8,26.3,74,69,76,75,75,74,63,65,70,78,71,78,72,79,76,78,76,79,76,79,76,64,79,73,77,75,74,75,57,74,90,0,0,0,0.6,0,0.1,0,0,0.1,0.1,0,0,0,0,0,0.7,0.6,1.3,0.5,1.2,0.1,0,2.2,0,0,0,0.1,1.3,0,0.9,0.2,7.4,14.8,6.1,10.4,16.9,11.2,14.8,20.5,8.7,14.1,8.4,14.4,9.3,15.9,11,7.1,2.2,14.1,5.7,19.5,9,6.4,10.8,17,11.1,1.1,3.4,8.8,14.8,23.3,36.1,7.6,19.8,9,11.9,18.7,12.6,19.8,27.4,9.4,16.2,9.4,18.4,12.6,19.8,14.8,11.2,6.5,16.2,6.8,24.1,11.9,10.4,14,24.8,12.2,2.9,4.3,9,19.4,35.3,45.7,,,,,,22.2204,114.2127
2026-09-06T04:00,27.8,26.9,27.2,27.1,26.5,26,26.8,27.8,27.4,27.2,27.4,27.7,27.3,27.5,27.8,28.4,27.5,27.9,28,28.3,27.8,27,27.9,26.9,27.9,27.5,27.4,28.7,27.8,28,27.6,27.8,29,27.6,27,27.4,27.7,28,28.8,27.5,79,79,84,87,84,77,75,72,74,83,79,81,89,86,85,75,74,87,78,82,86,81,81,71,86,85,84,72,82,84,73,81,79,85,83,86,85,83,83,89,0,0,0,0,0,0,0,0,0,0,0.2,0,0,0.1,0,0,0,0,0,0,0,0,0,0,0,0.1,0,0,0,0,0,0,0,0,0,0.1,0.1,0,0,0,13.7,4.7,2.2,2.2,8,9,8.4,7.3,7.1,1.1,13,0.4,3.6,2.9,2.3,3.8,6.7,2.5,4.1,3.2,3.6,9.2,4.5,3.6,1.1,5.5,2.6,8.2,2.5,0.4,5.2,1.6,2.8,3.3,8.4,4.7,6.2,1.3,1.6,3.3,,,,,,,,,,,,,,,,,,,,,,,,,,,,,,,,,,,,,,,,,27.6,27.5,28.4,27,25.9,27.7,28.2,28,27.9,27.6,26.9,27.4,28.6,28,28.2,28,27,27,26.7,27.6,27.8,28.7,26.6,28.5,27.1,28.3,27.6,27.4,27.5,27.7,26.3,75,68,76,76,76,75,61,65,70,78,72,79,73,79,75,77,77,78,77,79,76,62,84,74,77,75,75,76,55,79,90,0,0,0,0.6,0,0.1,0,0,0.1,0.1,0,0,0,0,0,0.7,0.6,1.3,0.5,1.2,0.1,0,2.2,0,0,0,0.1,1.3,0,0.9,0.2,8.2,15.8,4.3,12.4,18.8,14,16.6,22,9.4,15.4,9.8,16.4,8.7,15.1,11.3,8.2,6.5,14.4,6.2,19.3,11.2,8,17.6,17,9.7,1.5,4.4,9.2,16,24.8,38.2,8.3,21.2,7.6,14.4,21.6,15.5,23.4,28.8,10.1,18.7,10.8,22.3,11.9,18,15.1,13,8.6,16.6,7.2,23.4,14.4,10.8,23.4,25.2,10.4,2.9,5.4,9.7,20.9,36.4,48.2,,,,,,22.2204,114.2127
2026-09-06T05:00,27.8,26.9,27.2,27,26.3,25.9,26.5,27.6,27.3,27.1,27.4,27.6,27.2,27.4,27.7,28.3,27.3,27.8,28,28.3,27.7,26.9,27.9,26.7,27.9,27.3,27.3,28.7,27.7,27.9,27.4,27.8,29,27.5,26.8,27.3,27.7,27.9,28.7,27.4,79,79,84,88,85,78,76,72,74,83,78,81,89,86,86,74,75,87,77,82,86,81,82,72,86,85,85,72,82,84,73,81,80,86,84,86,85,84,84,89,0,0,0,0,0,0,0,0,0,0,0.2,0,0,0.1,0,0,0,0,0,0,0,0,0,0,0,0.1,0,0,0,0,0,0,0,0,0,0.1,0.1,0,0,0,14.5,4.7,2.6,3.3,7.8,8.2,8.5,7.7,7.1,1.3,13.3,0.4,3.8,3,2.1,4.6,7,3.1,4.8,3,4.7,8.9,4.7,4.4,2.2,5.4,2.6,8.4,3.2,1.1,5.2,2.4,2.8,3.5,8.4,4.6,6,1.1,1.6,3.1,,,,,,,,,,,,,,,,,,,,,,,,,,,,,,,,,,,,,,,,,27.6,27.4,28.4,27,25.8,27.6,28.1,27.7,27.8,27.7,26.9,27.4,28.6,28,28.2,28.2,27,27,26.7,27.6,27.8,28.5,26.2,28.3,27,28.3,27.6,27.4,27.4,26.9,26.4,75,68,76,76,76,75,59,65,71,78,72,79,73,78,73,76,78,78,77,78,76,61,87,74,77,75,75,76,54,82,90,0,0,0,0.6,0,0.1,0,0,0.1,0.1,0,0,0,0,0,0.7,0.6,1.3,0.5,1.2,0.1,0,2.2,0,0,0,0.1,1.3,0,0.9,0.2,8.4,16.6,5.4,14.7,20,16.1,18,22.8,9.7,16.6,10.5,18,8.5,13.8,12.6,10.5,10,15.2,7.7,18.7,13.6,9.5,22.1,16.6,8.1,2.2,5.4,9.2,17.3,26,38.2,8.6,22,6.5,16.6,24.1,18,25.9,29.9,10.4,20.2,11.2,25.2,11.9,16.2,16.2,14.4,10.8,17.3,8.3,22.7,16.9,11.5,29.5,24.8,9,3.2,6.8,9.7,22.3,37.8,48.6,,,,,,22.2204,114.2127
2026-09-06T06:00,27.7,26.8,27.2,27,26.2,25.9,26.3,27.5,27.2,27.1,27.4,27.6,27.2,27.4,27.7,28.2,27.2,27.8,27.9,28.3,27.7,26.9,27.9,26.6,27.8,27.3,27.2,28.8,27.6,27.8,27.4,27.7,29,27.4,26.6,27.2,27.6,27.9,28.6,27.3,78,80,84,88,85,78,76,72,74,83,78,81,89,87,86,74,75,87,77,83,86,81,83,73,87,85,85,71,83,85,73,81,80,86,85,87,85,85,84,90,0,0,0,0,0,0,0,0,0,0,0.2,0,0,0.1,0,0,0,0,0,0,0,0,0,0,0,0.1,0,0,0,0,0,0,0,0,0,0.1,0.1,0,0,0,15.3,4.7,3.3,4,7.3,7.7,8.6,7.7,7.1,1.6,13.8,1.1,4.2,3.6,2.3,5.5,7,4.2,5.6,2.9,5.4,8.6,4.7,4.7,2.6,5.1,2.8,8.4,3.6,1.8,5.2,2.9,2.9,4,8.2,4.3,5.8,1.1,1.6,2.9,,,,,,,,,,,,,,,,,,,,,,,,,,,,,,,,,,,,,,,,,27.6,27.3,28.5,27,25.8,27.5,28,27.5,27.6,27.7,27,27.4,28.7,28.1,28.2,28.2,27,27.1,26.7,27.7,27.8,28.4,26.2,28.2,27,28.3,27.6,27.4,27.2,26.7,26.5,75,67,76,76,75,75,58,64,72,78,72,78,72,77,70,75,78,78,78,78,76,60,86,74,77,74,75,76,52,82,89,0,0,0,0.7,0,0.1,0,0,0.1,0.1,0,0,0,0,0,0.1,0.6,1.3,0.6,0.2,0.1,0,1.2,0,0.1,0,0.1,0.1,0,1.4,0.6,8.1,17,5.7,16.3,20.5,17.2,19.1,22.6,9.1,16.3,10,18.2,9.4,13,14.5,11.7,12.2,16.5,10.1,18.8,14.8,10.6,22.2,15.8,7.4,3.1,6.4,9.1,18.3,27.2,35.3,9,22,6.8,18.4,27.4,19.1,27,29.9,9.7,20.2,10.8,25.2,13.3,15.1,18.4,15.1,12.6,19.1,10.8,22.3,18.7,12.6,29.9,22.7,7.9,4,7.9,9.4,24.5,40,43.9,,,,,,22.2204,114.2127
2026-09-06T07:00,27.7,26.8,27.2,27,26.1,25.8,26.1,27.4,27.1,27.1,27.5,27.6,27.2,27.3,27.7,28.1,27.1,27.8,27.9,28.2,27.7,26.9,27.8,26.5,27.8,27.2,27.2,28.8,27.6,27.7,27.3,27.8,29,27.4,26.6,27.1,27.5,27.9,28.6,27.3,77,80,84,88,86,78,77,72,74,83,77,82,89,87,86,74,76,87,77,83,86,81,84,74,87,85,86,71,83,85,73,81,81,86,85,87,85,85,85,90,0,0,0,0,0,0,0,0,0,0,0.2,0,0,0.1,0,0,0,0,0,0,0,0,0,0,0,0.1,0,0,0,0,0,0,0,0,0,0.1,0.1,0,0,0,15.7,4.5,3.8,4.7,7.1,7.7,8.3,7.7,6.9,1.9,13.7,1.4,4.5,4,2.5,6,6.8,4.4,5.9,2.5,5.9,8.2,4.6,5.2,3.3,5.1,3.1,8.4,4,2.2,5,3.4,2.6,4.2,8.2,4.1,5.5,1.1,1.6,2.8,,,,,,,,,,,,,,,,,,,,,,,,,,,,,,,,,,,,,,,,,27.7,27.3,28.6,26.9,25.9,27.5,28,27.4,27.4,27.8,27.2,27.4,28.8,28.3,28.3,28.3,27,27.1,26.7,27.8,27.8,28.3,26.6,28.1,26.9,28.4,27.8,27.5,27,26.8,26.6,74,66,75,76,74,75,57,62,73,78,71,77,71,77,67,74,77,77,78,78,76,59,83,73,77,73,75,75,51,81,88,0,0,0,0.7,0,0.1,0,0,0.1,0.1,0,0,0,0,0,0.1,0.6,1.3,0.6,0.2,0.1,0,1.2,0,0.1,0,0.1,0.1,0,1.4,0.6,8,17,5.9,17.7,20.5,17.8,19.5,21.7,8.1,15.4,8.7,18,11.1,11.5,16.6,12.3,13.5,18.3,13,18.6,15.4,11.3,20.5,14.3,7.3,4.3,7.3,8.6,19.2,28.9,30.3,9,21.6,7.9,19.4,30.2,19.4,27,29.5,8.3,19.1,9.7,23.8,15.1,14,21.2,15.8,14.8,20.9,13.7,22.3,19.8,13.7,27.4,19.8,6.8,5.4,8.6,8.6,27.4,42.8,37.1,,,,,,22.2204,114.2127
2026-09-06T08:00,27.7,26.9,27.2,27,26.1,25.9,26,27.4,27.1,27.1,27.5,27.6,27.2,27.4,27.7,28.1,27.1,27.8,27.9,28.2,27.7,26.9,27.8,26.5,27.8,27.2,27.2,28.8,27.5,27.7,27.3,27.8,29,27.4,26.6,27.1,27.5,27.9,28.6,27.3,76,80,84,88,86,78,77,72,74,83,77,82,89,87,86,74,76,87,77,83,86,81,84,74,87,85,86,71,83,85,73,81,81,86,85,87,85,85,85,90,0,0,0,0,0,0,0,0,0,0,0.2,0,0,0.1,0,0,0,0,0,0,0,0,0,0,0,0.1,0,0,0,0,0,0,0,0,0,0.1,0.1,0,0,0,16.1,4.5,3.8,4.7,6.8,7.2,8.4,7.3,6.9,1.9,14,1.4,4.3,4,2.5,6.3,6.8,4.9,5.9,2.6,6.2,8.2,4.2,5.2,3.3,5.1,2.9,8.4,4,2.5,5,3.4,2.6,4.2,7.9,4.1,5.5,1.3,1.6,2.8,,,,,,,,,,,,,,,,,,,,,,,,,,,,,,,,,,,,,,,,,28,27.4,28.8,27,26.2,27.5,28.1,27.5,27.4,27.9,27.4,27.6,29,28.6,28.4,28.4,27.2,27.3,26.8,28.1,27.7,28.4,27,28.2,27.1,28.6,28.1,27.7,27,27,26.8,73,65,74,76,73,75,56,61,73,77,70,76,70,75,64,73,76,77,78,77,76,59,80,72,76,72,74,74,50,79,87,0,0,0,0.7,0,0.1,0,0,0.1,0.1,0,0,0,0,0,0.1,0.6,1.3,0.6,0.2,0.1,0,1.2,0,0.1,0,0.1,0.1,0,1.4,0.6,8,17,7.4,18.1,20.3,18.6,19.8,20.6,7.3,14.5,7.4,17.5,12.8,10.3,18.2,12.2,14.2,19.9,15.2,17.8,16,11.6,18.6,13.5,6.6,5.7,7.9,8.6,20.2,31.3,26,9.4,21.2,9,20.2,31.7,19.8,26.6,28.4,7.2,17.6,8.6,22.7,16.9,12.6,23,15.5,15.5,22.7,15.8,21.2,21.2,14.4,24.5,17.3,6.1,6.1,9.7,8.3,28.8,46.1,31,,,,,,22.2204,114.2127
2026-09-06T09:00,27.8,27,27.2,27,26.2,26,26,27.4,27.1,27.2,27.5,27.6,27.2,27.5,27.7,28.2,27.2,28,27.9,28.2,27.7,26.9,27.8,26.5,27.8,27.2,27.2,28.9,27.5,27.7,27.3,27.8,29.1,27.4,26.7,27.1,27.5,27.9,28.7,27.3,75,80,84,88,86,78,77,72,74,83,77,82,89,87,86,74,76,86,77,83,86,81,84,74,87,85,86,71,83,85,73,81,81,86,85,87,85,85,85,90,0,0,0,0,0,0,0,0,0,0,0,0,0,0.1,0,0,0,0.1,0,0,0.1,0,0,0,0,0.1,0,0,0,0.2,0,0,0,0,0,0.3,0,0.1,0.1,0,16.1,4.3,3.4,4.7,6.5,6.9,8.2,6.9,6.9,1.9,14.2,1.4,3.9,4,2.5,6.3,6.5,4.9,5.6,2.6,6.2,8.2,3.9,4.8,3.3,4.9,2.9,8.2,4,2.5,5,3.1,2.3,4,7.4,3.8,5.3,1,1.6,2.8,,,,,,,,,,,,,,,,,,,,,,,,,,,,,,,,,,,,,,,,,28.5,27.7,29.1,27.3,26.9,27.6,28.4,28,27.7,28.4,27.9,27.9,29.3,29.2,28.7,28.7,27.8,27.5,27.1,28.5,27.5,28.8,27.4,28.5,27.5,28.8,28.6,28,27.3,27.2,27,70,64,73,75,71,74,55,60,72,75,68,74,68,72,60,70,73,76,77,75,76,59,78,70,74,70,72,73,51,78,86,0,0,0,0.3,0,0,0,0,0,0.3,0,0,0,0,0,0,0,1.1,0.3,0.1,0.7,0,0.2,0,0,0,0,0,0,1.3,0.4,8,17.5,8.6,17.9,19.5,19.1,20.2,19.2,7.2,14,6.5,17,13.7,8.5,18.9,11.6,13.4,21,15.6,15.9,16.6,11.9,16.5,13.1,4.8,6.5,7.9,9.4,21.2,34.9,23.2,9.4,20.9,9.7,19.8,29.9,19.8,25.9,27,6.8,16.2,7.9,22.3,18.4,10.8,23,13.7,14.4,23.4,15.8,18.7,22.7,14.8,21.6,15.8,5.8,6.5,10.8,8.6,28.8,49.7,27.4,,,,,,22.2204,114.2127
2026-09-06T10:00,28,27.1,27.3,27.1,26.5,26.1,26.1,27.5,27.2,27.2,27.5,27.7,27.3,27.6,27.7,28.3,27.3,28.2,28,28.3,27.8,27,27.8,26.6,27.8,27.2,27.2,28.9,27.6,27.8,27.4,27.9,29.1,27.5,26.9,27.1,27.6,28,28.7,27.3,74,80,84,88,86,78,77,73,75,83,77,82,88,86,86,74,76,85,77,83,86,81,84,74,87,85,86,71,83,85,73,81,81,85,85,87,85,84,85,90,0,0,0,0,0,0,0,0,0,0,0,0,0,0.1,0,0,0,0.1,0,0,0.1,0,0,0,0,0.1,0,0,0,0.2,0,0,0,0,0,0.3,0,0.1,0.1,0,15.7,4.3,3.1,4,5.9,6.8,8.2,6.1,6.4,1.6,14.1,1.1,3.2,3.3,2.6,6.2,5.7,4.6,4.8,2.6,5.4,8.1,3.1,4.5,2.9,4.9,2.4,7.9,3.2,2.2,4.8,2.8,2,3.9,6.9,3.9,5,0.8,1.9,2.4,,,,,,,,,,,,,,,,,,,,,,,,,,,,,,,,,,,,,,,,,29.2,28.3,29.4,27.7,27.7,27.9,28.8,28.8,28.1,28.9,28.5,28.3,29.7,30,29,29.1,28.5,27.8,27.6,29.1,27.3,29.3,27.8,28.9,28.1,29.2,29.3,28.4,27.8,27.5,27.2,66,62,71,73,69,72,53,59,70,73,66,72,66,68,56,67,69,75,75,72,77,59,77,68,71,68,70,72,52,76,84,0,0,0,0.3,0,0,0,0,0,0.3,0,0,0,0,0,0,0,1.1,0.3,0.1,0.7,0,0.2,0,0,0,0,0,0,1.3,0.4,7.3,17.7,9.9,16.6,18.4,19.5,20.6,17.7,7.7,13.2,5.5,16.6,14.9,6.3,18.4,10.5,11.8,21.7,15.1,13.7,17.3,12.1,14,13.6,2.2,6.5,8.3,10.8,22.3,39,21.2,9.7,20.2,10.8,18.4,26.3,20.2,24.8,25.2,6.8,15.1,7.6,22,19.4,8.6,22,11.5,12.6,23.4,14.8,15.5,23.8,14.4,18.4,15.1,5.8,6.8,11.5,9.7,27.7,53.6,25.2,,,,,,22.2204,114.2127
2026-09-06T11:00,28.2,27.3,27.4,27.1,26.7,26.3,26.3,27.6,27.3,27.3,27.6,27.8,27.4,27.7,27.7,28.4,27.5,28.4,28.1,28.3,27.8,27.1,27.8,26.8,27.9,27.3,27.2,28.9,27.6,27.8,27.5,28,29.1,27.6,27.1,27.1,27.6,28.1,28.9,27.4,72,79,84,88,85,78,77,73,75,83,78,82,88,86,85,74,76,84,78,83,86,81,83,73,86,85,86,72,83,85,73,81,81,84,84,87,85,84,85,89,0,0,0,0,0,0,0,0,0,0,0,0,0,0.1,0,0,0,0.1,0,0,0.1,0,0,0,0,0.1,0,0,0,0.2,0,0,0,0,0,0.3,0,0.1,0.1,0,14.9,4.2,2.4,3.3,5.1,6.8,8,5.4,6.4,1.3,14.3,0.5,2.4,3,2.3,5.9,4.6,4.2,4.3,2.6,4.7,8,2.4,3.7,2.2,4.8,1.8,7.4,2.9,1.8,4.5,2.3,1.9,3.7,6.4,3.7,4.8,0.8,2.3,2.3,,,,,,,,,,,,,,,,,,,,,,,,,,,,,,,,,,,,,,,,,29.8,28.8,29.6,28,28.3,28.1,29.2,29.5,28.5,29.3,29,28.7,30,30.6,29.3,29.4,29,28.1,27.9,29.5,27.2,29.7,28.2,29.2,28.5,29.5,29.9,28.8,28.3,27.6,27.4,63,61,70,72,67,71,52,58,69,71,64,71,64,65,54,65,66,75,73,70,77,59,75,67,69,66,68,71,53,76,83,0,0,0,0.3,0,0,0,0,0,0.3,0,0,0,0,0,0,0,1.1,0.3,0.1,0.7,0,0.2,0,0,0,0,0,0,1.3,0.4,6.4,17,11.2,15.1,17.3,19.8,19.9,15.8,7.1,12.7,5.1,15.5,15.5,4.4,17.4,8.7,10,22.3,14.5,12.8,17.3,11.3,11.7,13.1,0.4,6.5,9.2,11.2,22,43,19.9,9.7,19.1,11.5,17.3,23,20.2,23.4,23,6.8,14,7.2,21.2,20.5,7.6,20.5,9.4,11.5,23.4,14,14,24.5,13.7,15.1,14.8,6.1,6.8,12.6,10.1,26.3,57.6,23.8,,,,,,22.2204,114.2127
2026-09-06T12:00,28.4,27.6,27.5,27.2,27.1,26.5,26.5,27.7,27.4,27.4,27.6,27.9,27.4,27.9,27.7,28.5,27.8,28.7,28.1,28.3,27.9,27.2,27.9,26.9,27.9,27.4,27.2,29,27.7,27.9,27.6,28.1,29.2,27.7,27.5,27.1,27.7,28.3,29,27.4,71,78,84,87,84,78,77,74,75,82,79,82,87,85,85,75,76,83,78,82,85,81,82,72,86,85,86,72,82,84,73,80,81,83,84,87,85,83,84,89,0,0,0,0,0,0,0,0,0,0,0,0,0,0.1,0,0,0,0.1,0,0,0.1,0,0,0,0,0.1,0,0,0,0.2,0,0,0,0,0,0.3,0,0.1,0.1,0,14.1,4,1.6,2.2,4.4,6.3,7.9,4.3,5.9,0.8,14.6,0.8,1.3,2.2,2.5,5.6,3.8,3.4,3.4,2.5,4,8,1.8,2.6,1.5,4.7,1,6.6,2.3,1.1,4.7,1.5,1.8,3.6,5.7,4.2,5.1,1,2.5,2.2,,,,,,,,,,,,,,,,,,,,,,,,,,,,,,,,,,,,,,,,,30.1,29.3,29.7,28.2,28.3,28.2,29.4,30,28.6,29.3,29.3,29,30.3,30.6,29.5,29.7,29.1,28.2,28.2,29.6,27.3,29.9,28.5,29.6,28.8,29.8,30.1,28.9,28.8,27.4,27.6,62,60,70,71,67,71,52,58,69,71,63,71,63,65,54,64,66,75,72,69,76,59,73,66,68,65,67,70,53,78,82,0,0,0.3,0,0,0,0,0,0.1,0.5,0,0,0,0,0,0,0,0.6,0.1,0,0.7,0,0.1,0,0.1,0,0,0.3,0,1.8,0.1,4.6,14.8,12,13.2,16.3,20.2,17,13.2,5.8,12.5,3.8,13.7,16.3,4.1,15,6.5,9.2,22.9,14,14.4,17,8.2,8.4,12.3,2.4,6,9.8,10.4,19.2,46.8,19.6,9.7,17.6,12.2,16.6,21.6,20.9,21.2,20.5,6.8,13.7,6.5,19.1,21.6,7.6,18.4,8.3,11.9,23.8,13.7,15.8,24.5,11.9,11.9,14.8,6.8,6.8,13.7,9.7,24.5,62.6,24.1,,,,,,22.2204,114.2127
2026-09-06T13:00,28.6,27.9,27.7,27.2,27.4,26.8,26.7,27.9,27.5,27.5,27.6,28,27.6,28.1,27.7,28.7,28.1,29.1,28.2,28.4,28,27.3,27.9,27.2,28,27.4,27.3,29,27.7,27.9,27.8,28.2,29.2,27.8,27.8,27.2,27.8,28.4,29.1,27.5,70,78,84,87,84,77,77,74,76,82,80,81,86,84,84,75,76,82,78,82,85,81,80,71,85,84,86,73,82,84,73,80,80,82,83,87,85,82,84,89,0,0,0,0,0,0,0,0,0,0,0,0,0,0.1,0,0,0,0.1,0,0,0.1,0,0,0,0,0.1,0,0,0,0.2,0,0,0,0,0,0.3,0,0.1,0.1,0,13.3,4,1,1.1,3.9,6.3,7.6,3.4,5.9,1.1,14.5,1.5,0.7,1.1,2.9,5.2,2.9,2.7,2.5,2.5,3,8,0.8,1.5,1,4.9,0.7,6.1,1.8,0.7,4.6,1.1,2.2,3.5,4.7,4.4,5.1,1.9,2.9,2.3,,,,,,,,,,,,,,,,,,,,,,,,,,,,,,,,,,,,,,,,,30.3,29.8,29.7,28.3,28.2,28.3,29.6,30.4,28.6,29.1,29.5,29.2,30.5,30.4,29.6,30,29.1,28.2,28.3,29.6,27.5,29.9,28.8,29.9,28.9,30.1,30.3,29,29.2,27.2,27.8,62,59,70,71,68,72,53,57,69,72,64,71,63,66,55,64,67,76,72,69,75,59,71,66,68,64,67,70,53,80,81,0,0,0.3,0,0,0,0,0,0.1,0.5,0,0,0,0,0,0,0,0.6,0.1,0,0.7,0,0.1,0,0.1,0,0,0.3,0,1.8,0.1,4,11.8,12.6,12.7,15.9,21,13,10.3,6.2,12.8,1.1,11.6,17.2,7,11.9,4.1,10.9,23.2,13.8,17.7,15.9,4.1,4.6,11.2,5.4,5.3,11,9.5,14.8,50.8,20,9.7,16.2,12.6,16.2,20.9,21.6,19.1,17.6,6.8,14,5.8,16.2,22,8.3,15.8,7.9,12.6,24.5,13.7,19.1,24.1,9.7,9,14.8,7.9,6.8,14.4,8.6,22,67.7,25.6,,,,,,22.2204,114.2127
2026-09-06T14:00,28.9,28.1,27.8,27.3,27.8,27.1,27,28.1,27.6,27.6,27.7,28.2,27.7,28.3,27.8,28.8,28.4,29.4,28.3,28.4,28.2,27.4,27.9,27.4,28.1,27.5,27.3,29,27.8,28,28,28.4,29.3,28,28.2,27.3,27.9,28.6,29.3,27.6,68,77,84,87,83,77,76,75,76,82,81,81,85,83,84,75,76,80,79,81,85,81,79,70,85,84,86,73,82,84,74,80,80,81,82,87,84,81,83,88,0,0,0,0,0,0,0,0,0,0,0,0,0,0.1,0,0,0,0.1,0,0,0.1,0,0,0,0,0.1,0,0,0,0.2,0,0,0,0,0,0.3,0,0.1,0.1,0,12.2,4,0.8,0,3.6,6.3,7.5,2.6,5.6,1.3,14.8,2.3,1.5,0.4,3.4,5.2,2.2,2.2,2.4,2.5,1.8,8.3,0.8,0.5,1.1,4.7,0.8,5.6,1.6,0.4,4.3,1.8,2.4,4.1,3.9,4.7,5.7,2.5,3.3,2.9,,,,,,,,,,,,,,,,,,,,,,,,,,,,,,,,,,,,,,,,,30.4,30,29.7,28.5,28,28.3,29.8,30.6,28.6,29,29.5,29.3,30.7,30.2,29.6,30.1,29.1,28.2,28.4,29.5,27.7,29.9,29,30.1,29,30.3,30.3,29,29.6,26.9,28,62,58,70,71,69,73,54,58,69,73,64,71,63,67,56,65,68,77,72,69,74,59,70,66,68,63,68,70,53,83,80,0,0,0.3,0,0,0,0,0,0.1,0.5,0,0,0,0,0,0,0,0.6,0.1,0,0.7,0,0.1,0,0.1,0,0,0.3,0,1.8,0.1,5.6,8.4,13.4,13.4,15.7,21.1,9.4,7.7,7.6,12.6,1.3,9.7,17.1,9.7,8.9,1.8,13.1,23.1,14.1,20.5,14.8,2.3,3.3,9.5,7.6,4.2,12.4,9.4,10.9,52.7,20.1,9.7,14.4,13,15.8,19.8,22,16.6,15.5,6.8,14.4,5.4,14,22,9.4,13.7,7.6,13.7,24.5,14,22,23,8.3,7.2,14.4,8.6,6.5,15.5,8.6,19.4,70.9,26.3,,,,,,22.2204,114.2127
2026-09-06T15:00,29.1,28.4,27.9,27.3,28.2,27.3,27.3,28.3,27.7,27.7,27.7,28.3,27.8,28.5,27.8,29,28.7,29.8,28.4,28.5,28.3,27.5,27.9,27.6,28.2,27.6,27.4,29.1,27.9,28.1,28.1,28.5,29.3,28.1,28.5,27.3,28,28.7,29.4,27.7,67,76,84,87,82,77,76,76,77,82,82,81,84,82,83,75,76,79,79,81,85,81,78,69,84,84,86,74,81,83,74,80,79,80,81,87,84,80,83,88,0,0,0,0,0,0,0,0,0,0,0,0,0,0.1,0,0,0,0.1,0,0,0.1,0,0,0,0,0.1,0,0,0,0.2,0,0,0,0,0,0.3,0,0.1,0.1,0,11.4,4,1.5,1.1,3.7,6.3,7.2,2.4,5.1,1.8,14.8,3.1,2.5,0.8,4,4.8,1.9,1.5,3.1,2.9,1.8,8.3,1.5,0.7,1.8,5.1,1.5,5.1,2.2,0.8,4.3,2.6,3.1,4.8,3.3,5.1,6.1,3.3,3.3,3.3,,,,,,,,,,,,,,,,,,,,,,,,,,,,,,,,,,,,,,,,,30.4,29.9,29.8,28.6,27.9,28.4,29.8,30.6,28.6,29,29.4,29.2,30.9,30.2,29.4,30,29.1,28.2,28.4,29.4,28.1,29.8,29.2,30,29.1,30.2,30.2,28.9,29.7,26.6,28.1,62,58,70,71,69,73,54,60,69,73,65,72,63,67,57,66,69,77,72,70,74,59,70,66,68,63,69,70,54,85,80,0,0,0.2,0,0,0,0,0,0.1,0,0,0.1,0,0,0,0,0,0.3,0.4,0,0.6,0,0,0,0.1,0,0,0.1,0,2.3,0,7.1,4,13.3,14.5,15.3,20.5,6.2,5.6,8.4,12.3,3.9,6.6,15.7,11.3,6.4,2.2,14.7,22.4,14.5,21.8,13.4,4.7,3.4,6,8.2,2.5,13.6,10.6,7.6,52.1,19.5,10.1,11.9,12.6,16.2,18.4,21.6,14,14.4,7.6,15.1,5.8,12.2,20.5,10.1,11.5,7.6,14.8,24.1,14.8,23.8,21.2,8.3,7.2,13,9,6.1,16.6,10.1,16.9,70.6,25.6,,,,,,22.2204,114.2127
2026-09-06T16:00,29.4,28.7,28.1,27.4,28.5,27.6,27.6,28.4,27.8,27.8,27.7,28.4,27.9,28.7,27.8,29.1,29,30.1,28.4,28.5,28.4,27.7,28,27.8,28.2,27.7,27.4,29.1,28,28.2,28.3,28.6,29.3,28.2,28.9,27.4,28.1,28.8,29.6,27.8,65,76,84,86,81,77,76,77,77,81,83,80,84,81,82,76,76,77,80,80,85,81,76,68,84,83,85,74,81,83,74,80,79,79,80,87,84,80,82,87,0,0,0,0,0,0,0,0,0,0,0,0,0,0.1,0,0,0,0.1,0,0,0.1,0,0,0,0,0.1,0,0,0,0.2,0,0,0,0,0,0.3,0,0.1,0.1,0,10.2,4,2.2,2.2,4,5.8,6.9,2.5,5.1,2.4,14.8,3.7,4,1.6,4.4,5.1,2.3,1.3,3.9,3,2.3,8.7,2.2,1.5,2.8,5,2.2,4.6,2.6,1.6,4.6,3.6,3.6,5.2,2.9,5.5,6.7,4,3.6,3.8,,,,,,,,,,,,,,,,,,,,,,,,,,,,,,,,,,,,,,,,,30.4,29.6,29.8,28.7,27.8,28.4,29.8,30.5,28.6,29,29.1,28.9,31,30.2,29.2,29.8,29.1,28.3,28.3,29.2,28.4,29.7,29.2,29.8,29.2,30,30,28.8,29.8,26.4,28.1,62,59,69,71,70,72,54,62,69,73,66,73,64,68,58,67,70,77,73,71,74,60,70,66,67,63,71,71,55,87,80,0,0,0.2,0,0,0,0,0,0.1,0,0,0.1,0,0,0,0,0,0.3,0.4,0,0.6,0,0,0,0.1,0,0,0.1,0,2.3,0,8.4,2.9,13,15.4,14.7,19.9,4,4,9.2,13.8,6.4,5.9,13.8,12.1,4.3,4.9,15.4,21.9,15,22.1,11.6,7.3,3.8,2.3,8.3,3,15.1,12.5,4.7,49.9,18.7,10.4,9,12.2,16.9,16.6,20.9,11.5,14,8.3,16.6,6.8,10.8,18,11.2,10.1,7.6,15.8,23,15.5,25.6,18.7,9.4,7.9,10.8,9,5.4,18,12.2,14.4,68,24.1,,,,,,22.2204,114.2127
2026-09-06T17:00,29.6,28.9,28.2,27.4,28.9,27.8,27.8,28.6,27.9,27.8,27.8,28.5,28,28.9,27.8,29.3,29.3,30.4,28.5,28.5,28.5,27.8,28,28,28.3,27.8,27.5,29.1,28,28.2,28.4,28.7,29.4,28.4,29.2,27.5,28.2,28.9,29.7,27.8,64,75,83,86,80,76,76,77,78,81,83,80,83,81,82,76,76,76,80,80,84,80,75,67,83,83,85,75,81,83,74,80,79,78,80,87,84,79,82,87,0,0,0,0,0,0,0,0,0,0,0,0,0,0.1,0,0,0,0.1,0,0,0.1,0,0,0,0,0.1,0,0,0,0.2,0,0,0,0,0,0.3,0,0.1,0.1,0,9.4,4.1,3.2,3.3,4.6,5.8,7.1,3,4.9,2.7,14.8,4.5,4.7,2.4,5.1,5.4,2.9,1.5,4.9,3.1,3.4,8.7,3.3,2.5,3.6,5.4,2.9,3.8,3.2,2.3,4.4,4.3,4.3,6.1,2.6,6,7.1,4.7,4,4.6,,,,,,,,,,,,,,,,,,,,,,,,,,,,,,,,,,,,,,,,,30.3,29.3,29.8,28.8,27.7,28.4,29.7,30.2,28.6,28.9,28.8,28.6,31.1,30.1,29,29.6,29.1,28.3,28.2,29.1,28.7,29.5,29.2,29.5,29.2,29.8,29.8,28.7,29.7,26.2,28.1,63,60,69,71,70,72,54,64,69,74,67,74,64,69,59,68,72,78,74,72,75,61,71,67,68,64,72,72,56,88,80,0,0,0.2,0,0,0,0,0,0.1,0,0,0.1,0,0,0,0,0,0.3,0.4,0,0.6,0,0,0,0.1,0,0,0.1,0,2.3,0,9.7,6.6,12.3,15.8,15,18.6,3.2,4.7,9.8,15.8,8.4,8.1,11.9,12.9,4.2,7.3,15.5,21.3,15,21.9,9.8,9.3,4.7,2.5,8.7,4.7,16.3,13.9,2.6,47.9,17.6,10.8,7.2,11.5,16.9,16.2,20.2,10.1,13.7,9,17.6,7.9,10.8,16.2,12.2,9,7.9,16.2,22.3,15.8,25.9,16.6,10.4,9.4,9.4,9.7,5.4,18.7,13.7,12.6,65.2,22.7,,,,,,22.2204,114.2127
2026-09-06T18:00,29.7,29.1,28.3,27.5,29.2,28,28,28.7,28,27.9,27.8,28.6,28,29,27.8,29.4,29.5,30.6,28.6,28.6,28.6,27.9,28,28.2,28.4,27.9,27.5,29.1,28.1,28.3,28.5,28.8,29.4,28.5,29.5,27.5,28.3,29,29.8,27.9,63,75,83,86,80,76,76,78,78,81,84,80,82,80,81,76,75,75,81,80,84,80,74,66,83,83,85,75,80,82,74,80,78,78,79,87,84,78,81,86,0,0,0,0,0,0,0,0,0,0,0,0,0,0.1,0,0,0,0.1,0,0,0.1,0,0,0,0,0.1,0,0,0,0.2,0,0,0,0,0,0.3,0,0.1,0.1,0,8.8,4.2,3.6,4,5.4,5.8,6.9,3.7,4.6,3.4,14.9,5.2,5.8,3.1,5.6,5.5,3.4,1.8,5.9,3.2,4.1,9.1,3.6,3.3,4.1,5.4,3.2,3.3,3.6,2.7,4.5,5.1,4.6,6.3,2.4,6.5,7.6,5,4,4.9,,,,,,,,,,,,,,,,,,,,,,,,,,,,,,,,,,,,,,,,,30,29.1,29.6,28.6,27.5,28.2,29.5,29.9,28.5,28.7,28.6,28.4,30.9,29.7,28.9,29.4,28.9,28.2,28.1,28.9,28.7,29.3,29.1,29.4,29,29.6,29.5,28.5,29.6,26.1,28,65,61,70,72,71,73,56,66,70,76,68,75,64,72,61,69,74,79,75,72,76,63,72,69,70,65,73,73,58,89,81,0,0,0,0,0,0,0,0,0,0,0,0.2,0,0,0,0.1,0.1,0,0.5,0,0.8,0,0,0,0,0,0,0,0,1.5,0.3,10.8,8.5,10.9,14.7,16.9,17.3,4,7.4,10.5,16.8,9.5,9,10.5,13.6,5.1,8.1,14.5,20.1,14.3,20.3,9.1,10.7,7.4,4.2,10.8,5.9,15.9,13.7,2.6,46.1,16.5,11.5,7.6,10.4,15.8,17.6,19.1,10.4,13.3,9.7,18.7,9,13.7,14.8,13.7,9.7,7.9,15.5,21.2,15.1,24.8,15.1,11.9,11.2,8.6,11.5,5.8,18.4,13.7,11.2,62.6,21.2,,,,,,22.2204,114.2127
2026-09-06T19:00,29.8,29.3,28.4,27.5,29.4,28.2,28.1,28.8,28.1,27.9,27.8,28.7,28.1,29.1,27.8,29.5,29.7,30.8,28.6,28.6,28.6,28,28,28.3,28.4,28,27.5,29.1,28.1,28.4,28.6,28.8,29.4,28.5,29.7,27.6,28.3,29.1,29.9,27.9,62,74,83,86,79,76,76,78,79,81,84,80,82,79,81,76,75,74,81,79,84,80,73,66,82,83,85,76,80,82,75,80,78,77,78,87,84,78,81,86,0,0,0,0,0,0,0,0,0,0,0,0,0,0.1,0,0,0,0.1,0,0,0.1,0,0,0,0,0.1,0,0,0,0.2,0,0,0,0,0,0.3,0,0.1,0.1,0,8.4,4.2,4.3,4.4,5.6,5.8,6.6,4.2,4.4,3.8,14.6,5.6,6.2,3.4,5.9,5.9,3.7,1.8,6.2,3.5,4.3,9.1,4,3.7,4.9,5.5,4,3.1,4.1,3.1,4.5,5.4,5.1,7,2.6,6.6,7.9,5.4,4,5.2,,,,,,,,,,,,,,,,,,,,,,,,,,,,,,,,,,,,,,,,,29.6,28.8,29.3,28.4,27.3,28,29.2,29.6,28.3,28.4,28.3,28.3,30.6,29.3,28.8,29.2,28.6,28,28,28.7,28.5,29,28.9,29.3,28.7,29.4,29.2,28.3,29.3,26.1,27.8,68,63,72,73,72,74,59,69,72,79,69,77,65,75,63,71,76,81,77,72,77,65,74,71,73,67,75,73,61,89,82,0,0,0,0,0,0,0,0,0,0,0,0.2,0,0,0,0.1,0.1,0,0.5,0,0.8,0,0,0,0,0,0,0,0,1.5,0.3,11.4,9.7,8.9,13,19.4,15.9,5.4,11,11.2,16.9,9.8,12.4,9.7,14.8,7.1,8.3,12.7,18.7,13,18.2,9.1,11.8,10.8,5,13.4,7.2,14.8,12.3,4.4,44.3,15.9,12.2,8.6,9.4,14.4,19.8,18,11.9,13.3,10.1,19.4,10.1,18,13.7,15.5,11.2,7.9,14,20.5,14.4,22.7,14,13.3,13,8.6,14,6.5,17.6,13,10.1,59.4,19.8,,,,,,22.2204,114.2127
2026-09-06T20:00,29.9,29.4,28.4,27.5,29.5,28.3,28.2,28.9,28.1,27.9,27.9,28.7,28.1,29.2,27.8,29.6,29.8,30.9,28.6,28.6,28.7,28,28,28.4,28.4,28,27.5,29.1,28.2,28.4,28.6,28.9,29.5,28.6,29.8,27.6,28.4,29.1,29.9,28,62,74,83,86,79,76,76,79,79,81,84,80,82,79,81,76,75,73,81,79,84,80,73,65,82,83,85,76,80,82,75,80,78,77,78,87,84,78,81,86,0,0,0,0,0,0,0,0,0,0,0,0,0,0.1,0,0,0,0.1,0,0,0.1,0,0,0,0,0.1,0,0,0,0.2,0,0,0,0,0,0.3,0,0.1,0.1,0,8.1,4.2,4.3,4.7,5.9,5.8,6.6,4.7,4.4,3.8,14.3,5.6,6.5,3.4,5.9,5.9,3.7,1.8,6.6,3.5,4.6,9.1,4.3,3.7,4.9,5.5,4,2.8,4.1,3.1,4.5,5.8,5.1,6.8,2.3,6.8,7.7,5.8,4,5.2,,,,,,,,,,,,,,,,,,,,,,,,,,,,,,,,,,,,,,,,,29.3,28.6,29,28.2,27.1,27.8,29,29.3,28.2,28.3,28.1,28.2,30.4,28.9,28.7,29,28.4,27.9,27.8,28.5,28.4,28.8,28.7,29.2,28.4,29.2,28.9,28.2,29.1,26.2,27.7,71,64,74,74,73,75,61,71,73,81,70,78,65,78,65,72,78,82,78,72,78,67,76,73,75,68,76,74,63,89,83,0,0,0,0,0,0,0,0,0,0,0,0.2,0,0,0,0.1,0.1,0,0.5,0,0.8,0,0,0,0,0,0,0,0,1.5,0.3,12.1,10,7.1,11.5,22.1,14.9,6.2,12,11.2,17.4,10.1,16.7,9.4,15.6,8.4,9,11.3,17.3,12.2,16.2,10.2,12.4,13.4,5.8,15.1,7.6,13.7,11.4,5.8,43,15.4,13.3,10.1,8.3,13,22,16.6,13,13,10.4,20.5,10.4,22.3,13.3,16.9,11.9,8.6,13,19.8,13.7,20.9,14.4,14.4,14.8,8.6,15.5,7.2,16.9,12.6,10.1,56.9,18.7,,,,,,22.2204,114.2127
2026-09-06T21:00,29.8,29.4,28.5,27.5,29.6,28.3,28.2,28.9,28.1,27.9,27.9,28.7,28.1,29.3,27.8,29.6,29.8,31,28.6,28.6,28.7,28.1,28,28.5,28.4,28,27.5,29.1,28.2,28.4,28.6,28.9,29.5,28.6,29.9,27.6,28.4,29,29.9,28,62,74,83,86,79,76,76,79,79,81,84,80,82,79,81,76,75,73,81,79,84,80,73,65,82,83,85,76,80,82,75,80,78,77,78,87,84,78,81,86,0,0,0,0,0,0,0,0,0.3,0,0,0,0,0,0,0,0,0,0,0,0,0,0,0,0,0.7,0,0,0,0,0,0,0,0,0,0,0,0.1,0,0,8.2,4.2,4.3,4.7,5.9,5.8,6.6,4.7,4.4,3.8,13.6,5.6,6.5,3.3,5.9,5.9,3.3,1.4,6.6,3.5,4.3,9.1,4.3,3.3,4.9,5.5,4,2.8,4.1,3.1,4.5,5.9,5.1,6.4,2.3,6.4,7.1,5.8,3.7,5.2,,,,,,,,,,,,,,,,,,,,,,,,,,,,,,,,,,,,,,,,,29,28.5,28.9,28.1,26.9,27.7,28.8,29.2,28,28.3,28,28,30.2,28.6,28.6,28.8,28.3,27.8,27.7,28.4,28.2,28.6,28.5,29,28.2,29.1,28.7,28.1,29,26.2,27.6,73,65,75,75,75,75,63,72,74,81,70,78,64,80,67,74,79,83,79,73,79,69,78,74,76,69,78,75,64,90,83,0,0,0,0,0,0,0,0,0,0.2,0,0,0,0,0,0,0.1,0.3,2.3,0,1,0,0,0,0.1,0,0,0,0,3.6,1.9,12.7,10.7,5.9,10.7,24.3,13.7,6.5,9,10.4,18.1,9.9,21.1,10.2,15.8,7.7,10.1,11,16.7,12.2,15,12.9,12.8,14.2,6.4,14.9,7.7,13.3,11.6,5.9,42.3,15.4,14.4,11.2,7.2,12.2,23.8,15.1,13,11.9,10.1,21.6,10.1,27,14,17.6,11.5,10.1,12.6,19.8,13.7,20.5,16.6,15.1,16.2,9,15.5,8.3,16.6,13.3,11.5,55.1,18.7,,,,,,22.2204,114.2127
2026-09-06T22:00,29.7,29.4,28.5,27.5,29.6,28.3,28.2,28.9,28,27.9,27.9,28.7,28.1,29.3,27.8,29.6,29.8,30.9,28.6,28.6,28.7,28.1,28,28.4,28.4,28.1,27.5,29.1,28.2,28.4,28.5,28.8,29.5,28.6,29.9,27.7,28.4,28.9,29.9,28,62,74,83,86,79,76,77,80,80,82,83,80,82,79,81,76,75,72,81,79,84,79,73,64,82,83,85,77,80,82,76,81,78,78,77,87,84,79,81,86,0,0,0,0,0,0,0,0,0.3,0,0,0,0,0,0,0,0,0,0,0,0,0,0,0,0,0.7,0,0,0,0,0,0,0,0,0,0,0,0.1,0,0,8.7,4.1,4,4.3,5.6,5.8,6.4,4.7,4.4,3.7,12.8,5.3,6.2,2.9,5.4,6.2,2.6,0.8,5.9,3.8,3.8,9.1,4,3,4.6,5.1,3.6,2.8,3.6,2.7,4.5,5.5,4.8,5.9,1.6,6.3,6.4,5.8,3.3,4.9,,,,,,,,,,,,,,,,,,,,,,,,,,,,,,,,,,,,,,,,,28.8,28.5,28.9,28,26.7,27.7,28.7,29.1,27.9,28.5,28,27.8,30,28.5,28.5,28.7,28.2,27.8,27.6,28.3,28,28.5,28.4,28.8,28,29.1,28.7,28,28.8,26.3,27.6,75,67,76,75,77,75,65,74,75,81,71,78,63,81,68,76,80,83,79,75,81,70,79,74,77,70,79,77,64,91,83,0,0,0,0,0,0,0,0,0,0.2,0,0,0,0,0,0,0.1,0.3,2.3,0,1,0,0,0,0.1,0,0,0,0,3.6,1.9,13.6,11.5,5.1,10.4,26.6,12.4,6.5,4.1,9,18.6,9.3,25.7,11.9,15.7,6.3,11.8,11.1,17,12.8,14.4,16.6,13.2,14.6,6.8,13.7,8.5,13.3,12.5,5.6,41,15.8,15.8,11.9,5.8,12.2,25.2,13.7,12.2,10.4,9.4,23,9,31.3,15.8,18.4,10.4,12.2,12.2,19.8,14,20.5,20.5,15.1,17.6,9.7,15.1,9.4,16.6,14.4,14,54,19.1,,,,,,22.2204,114.2127
2026-09-06T23:00,29.6,29.4,28.5,27.5,29.5,28.2,28.1,28.8,28,27.8,28,28.6,28.1,29.3,27.8,29.6,29.7,30.9,28.6,28.6,28.7,28.1,28,28.4,28.4,28.1,27.5,29.1,28.2,28.3,28.4,28.8,29.5,28.5,29.8,27.7,28.4,28.8,29.9,28,62,75,82,87,80,76,77,80,80,82,82,81,83,79,81,75,74,72,81,79,84,79,73,64,82,83,85,77,80,82,77,81,78,78,77,88,84,79,81,86,0,0,0,0,0,0,0,0,0.3,0,0,0,0,0,0,0,0,0,0,0,0,0,0,0,0,0.7,0,0,0,0,0,0,0,0,0,0,0,0.1,0,0,9.3,3.7,3.3,4,5.6,5.8,6.4,4.5,4.4,3.3,12,4.5,5.4,2.2,4.9,6.1,1.6,1.1,5.4,3.7,3.1,9.1,3.6,2.3,4.1,5.1,3.2,2.8,3.1,2.1,4.7,5.2,4.6,5.2,1.5,5.7,5.1,5.4,3.1,4.3,,,,,,,,,,,,,,,,,,,,,,,,,,,,,,,,,,,,,,,,,28.6,28.4,28.8,28,26.6,27.6,28.6,29.1,27.8,28.6,27.9,27.7,29.8,28.3,28.4,28.6,28.2,27.7,27.4,28.2,27.9,28.4,28.2,28.7,27.9,29,28.6,27.9,28.6,26.5,27.6,76,68,76,76,79,75,66,74,75,80,71,78,63,82,69,77,80,84,79,76,82,71,80,74,78,71,80,78,64,91,83,0,0,0,0,0,0,0,0,0,0.2,0,0,0,0,0,0,0.1,0.3,2.3,0,1,0,0,0,0.1,0,0,0,0,3.6,1.9,14.7,11.3,4.8,10,27.9,10.8,6.1,0.4,7.8,19.1,9,28.5,12.7,15.9,5.8,12.6,10.6,17.2,13.2,13.3,20.4,13.5,14.8,6.5,13.3,9.4,13,13.8,5.1,37.1,17.1,17.6,12.6,5.4,11.9,26.3,11.9,11.9,9.4,8.6,23.8,8.6,34.2,17.3,18.7,10.1,13.7,11.5,19.8,14.8,19.4,24.1,15.5,18.4,10.1,14.8,10.8,16.6,15.8,15.5,51.1,20.5,,,,,,22.2204,114.2127
