time,temperature_2m_icon_seamless_eps (°C),temperature_2m_member01_icon_seamless_eps (°C),temperature_2m_member02_icon_seamless_eps (°C),temperature_2m_member03_icon_seamless_eps (°C),temperature_2m_member04_icon_seamless_eps (°C),temperature_2m_member05_icon_seamless_eps (°C),temperature_2m_member06_icon_seamless_eps (°C),temperature_2m_member07_icon_seamless_eps (°C),temperature_2m_member08_icon_seamless_eps (°C),temperature_2m_member09_icon_seamless_eps (°C),temperature_2m_member10_icon_seamless_eps (°C),temperature_2m_member11_icon_seamless_eps (°C),temperature_2m_member12_icon_seamless_eps (°C),temperature_2m_member13_icon_seamless_eps (°C),temperature_2m_member14_icon_seamless_eps (°C),temperature_2m_member15_icon_seamless_eps (°C),temperature_2m_member16_icon_seamless_eps (°C),temperature_2m_member17_icon_seamless_eps (°C),temperature_2m_member18_icon_seamless_eps (°C),temperature_2m_member19_icon_seamless_eps (°C),temperature_2m_member20_icon_seamless_eps (°C),temperature_2m_member21_icon_seamless_eps (°C),temperature_2m_member22_icon_seamless_eps (°C),temperature_2m_member23_icon_seamless_eps (°C),temperature_2m_member24_icon_seamless_eps (°C),temperature_2m_member25_icon_seamless_eps (°C),temperature_2m_member26_icon_seamless_eps (°C),temperature_2m_member27_icon_seamless_eps (°C),temperature_2m_member28_icon_seamless_eps (°C),temperature_2m_member29_icon_seamless_eps (°C),temperature_2m_member30_icon_seamless_eps (°C),temperature_2m_member31_icon_seamless_eps (°C),temperature_2m_member32_icon_seamless_eps (°C),temperature_2m_member33_icon_seamless_eps (°C),temperature_2m_member34_icon_seamless_eps (°C),temperature_2m_member35_icon_seamless_eps (°C),temperature_2m_member36_icon_seamless_eps (°C),temperature_2m_member37_icon_seamless_eps (°C),temperature_2m_member38_icon_seamless_eps (°C),temperature_2m_member39_icon_seamless_eps (°C),relativehumidity_2m_icon_seamless_eps (%),relativehumidity_2m_member01_icon_seamless_eps (%),relativehumidity_2m_member02_icon_seamless_eps (%),relativehumidity_2m_member03_icon_seamless_eps (%),relativehumidity_2m_member04_icon_seamless_eps (%),relativehumidity_2m_member05_icon_seamless_eps (%),relativehumidity_2m_member06_icon_seamless_eps (%),relativehumidity_2m_member07_icon_seamless_eps (%),relativehumidity_2m_member08_icon_seamless_eps (%),relativehumidity_2m_member09_icon_seamless_eps (%),relativehumidity_2m_member10_icon_seamless_eps (%),relativehumidity_2m_member11_icon_seamless_eps (%),relativehumidity_2m_member12_icon_seamless_eps (%),relativehumidity_2m_member13_icon_seamless_eps (%),relativehumidity_2m_member14_icon_seamless_eps (%),relativehumidity_2m_member15_icon_seamless_eps (%),relativehumidity_2m_member16_icon_seamless_eps (%),relativehumidity_2m_member17_icon_seamless_eps (%),relativehumidity_2m_member18_icon_seamless_eps (%),relativehumidity_2m_member19_icon_seamless_eps (%),relativehumidity_2m_member20_icon_seamless_eps (%),relativehumidity_2m_member21_icon_seamless_eps (%),relativehumidity_2m_member22_icon_seamless_eps (%),relativehumidity_2m_member23_icon_seamless_eps (%),relativehumidity_2m_member24_icon_seamless_eps (%),relativehumidity_2m_member25_icon_seamless_eps (%),relativehumidity_2m_member26_icon_seamless_eps (%),relativehumidity_2m_member27_icon_seamless_eps (%),relativehumidity_2m_member28_icon_seamless_eps (%),relativehumidity_2m_member29_icon_seamless_eps (%),relativehumidity_2m_member30_icon_seamless_eps (%),relativehumidity_2m_member31_icon_seamless_eps (%),relativehumidity_2m_member32_icon_seamless_eps (%),relativehumidity_2m_member33_icon_seamless_eps (%),relativehumidity_2m_member34_icon_seamless_eps (%),relativehumidity_2m_member35_icon_seamless_eps (%),relativehumidity_2m_member36_icon_seamless_eps (%),relativehumidity_2m_member37_icon_seamless_eps (%),relativehumidity_2m_member38_icon_seamless_eps (%),relativehumidity_2m_member39_icon_seamless_eps (%),rain_icon_seamless_eps (mm),rain_member01_icon_seamless_eps (mm),rain_member02_icon_seamless_eps (mm),rain_member03_icon_seamless_eps (mm),rain_member04_icon_seamless_eps (mm),rain_member05_icon_seamless_eps (mm),rain_member06_icon_seamless_eps (mm),rain_member07_icon_seamless_eps (mm),rain_member08_icon_seamless_eps (mm),rain_member09_icon_seamless_eps (mm),rain_member10_icon_seamless_eps (mm),rain_member11_icon_seamless_eps (mm),rain_member12_icon_seamless_eps (mm),rain_member13_icon_seamless_eps (mm),rain_member14_icon_seamless_eps (mm),rain_member15_icon_seamless_eps (mm),rain_member16_icon_seamless_eps (mm),rain_member17_icon_seamless_eps (mm),rain_member18_icon_seamless_eps (mm),rain_member19_icon_seamless_eps (mm),rain_member20_icon_seamless_eps (mm),rain_member21_icon_seamless_eps (mm),rain_member22_icon_seamless_eps (mm),rain_member23_icon_seamless_eps (mm),rain_member24_icon_seamless_eps (mm),rain_member25_icon_seamless_eps (mm),rain_member26_icon_seamless_eps (mm),rain_member27_icon_seamless_eps (mm),rain_member28_icon_seamless_eps (mm),rain_member29_icon_seamless_eps (mm),rain_member30_icon_seamless_eps (mm),rain_member31_icon_seamless_eps (mm),rain_member32_icon_seamless_eps (mm),rain_member33_icon_seamless_eps (mm),rain_member34_icon_seamless_eps (mm),rain_member35_icon_seamless_eps (mm),rain_member36_icon_seamless_eps (mm),rain_member37_icon_seamless_eps (mm),rain_member38_icon_seamless_eps (mm),rain_member39_icon_seamless_eps (mm),windspeed_10m_icon_seamless_eps (km/h),windspeed_10m_member01_icon_seamless_eps (km/h),windspeed_10m_member02_icon_seamless_eps (km/h),windspeed_10m_member03_icon_seamless_eps (km/h),windspeed_10m_member04_icon_seamless_eps (km/h),windspeed_10m_member05_icon_seamless_eps (km/h),windspeed_10m_member06_icon_seamless_eps (km/h),windspeed_10m_member07_icon_seamless_eps (km/h),windspeed_10m_member08_icon_seamless_eps (km/h),windspeed_10m_member09_icon_seamless_eps (km/h),windspeed_10m_member10_icon_seamless_eps (km/h),windspeed_10m_member11_icon_seamless_eps (km/h),windspeed_10m_member12_icon_seamless_eps (km/h),windspeed_10m_member13_icon_seamless_eps (km/h),windspeed_10m_member14_icon_seamless_eps (km/h),windspeed_10m_member15_icon_seamless_eps (km/h),windspeed_10m_member16_icon_seamless_eps (km/h),windspeed_10m_member17_icon_seamless_eps (km/h),windspeed_10m_member18_icon_seamless_eps (km/h),windspeed_10m_member19_icon_seamless_eps (km/h),windspeed_10m_member20_icon_seamless_eps (km/h),windspeed_10m_member21_icon_seamless_eps (km/h),windspeed_10m_member22_icon_seamless_eps (km/h),windspeed_10m_member23_icon_seamless_eps (km/h),windspeed_10m_member24_icon_seamless_eps (km/h),windspeed_10m_member25_icon_seamless_eps (km/h),windspeed_10m_member26_icon_seamless_eps (km/h),windspeed_10m_member27_icon_seamless_eps (km/h),windspeed_10m_member28_icon_seamless_eps (km/h),windspeed_10m_member29_icon_seamless_eps (km/h),windspeed_10m_member30_icon_seamless_eps (km/h),windspeed_10m_member31_icon_seamless_eps (km/h),windspeed_10m_member32_icon_seamless_eps (km/h),windspeed_10m_member33_icon_seamless_eps (km/h),windspeed_10m_member34_icon_seamless_eps (km/h),windspeed_10m_member35_icon_seamless_eps (km/h),windspeed_10m_member36_icon_seamless_eps (km/h),windspeed_10m_member37_icon_seamless_eps (km/h),windspeed_10m_member38_icon_seamless_eps (km/h),windspeed_10m_member39_icon_seamless_eps (km/h),windgusts_10m_icon_seamless_eps (km/h),windgusts_10m_member01_icon_seamless_eps (km/h),windgusts_10m_member02_icon_seamless_eps (km/h),windgusts_10m_member03_icon_seamless_eps (km/h),windgusts_10m_member04_icon_seamless_eps (km/h),windgusts_10m_member05_icon_seamless_eps (km/h),windgusts_10m_member06_icon_seamless_eps (km/h),windgusts_10m_member07_icon_seamless_eps (km/h),windgusts_10m_member08_icon_seamless_eps (km/h),windgusts_10m_member09_icon_seamless_eps (km/h),windgusts_10m_member10_icon_seamless_eps (km/h),windgusts_10m_member11_icon_seamless_eps (km/h),windgusts_10m_member12_icon_seamless_eps (km/h),windgusts_10m_member13_icon_seamless_eps (km/h),windgusts_10m_member14_icon_seamless_eps (km/h),windgusts_10m_member15_icon_seamless_eps (km/h),windgusts_10m_member16_icon_seamless_eps (km/h),windgusts_10m_member17_icon_seamless_eps (km/h),windgusts_10m_member18_icon_seamless_eps (km/h),windgusts_10m_member19_icon_seamless_eps (km/h),windgusts_10m_member20_icon_seamless_eps (km/h),windgusts_10m_member21_icon_seamless_eps (km/h),windgusts_10m_member22_icon_seamless_eps (km/h),windgusts_10m_member23_icon_seamless_eps (km/h),windgusts_10m_member24_icon_seamless_eps (km/h),windgusts_10m_member25_icon_seamless_eps (km/h),windgusts_10m_member26_icon_seamless_eps (km/h),windgusts_10m_member27_icon_seamless_eps (km/h),windgusts_10m_member28_icon_seamless_eps (km/h),windgusts_10m_member29_icon_seamless_eps (km/h),windgusts_10m_member30_icon_seamless_eps (km/h),windgusts_10m_member31_icon_seamless_eps (km/h),windgusts_10m_member32_icon_seamless_eps (km/h),windgusts_10m_member33_icon_seamless_eps (km/h),windgusts_10m_member34_icon_seamless_eps (km/h),windgusts_10m_member35_icon_seamless_eps (km/h),windgusts_10m_member36_icon_seamless_eps (km/h),windgusts_10m_member37_icon_seamless_eps (km/h),windgusts_10m_member38_icon_seamless_eps (km/h),windgusts_10m_member39_icon_seamless_eps (km/h),temperature_2m_ncep_gefs_seamless (°C),temperature_2m_member01_ncep_gefs_seamless (°C),temperature_2m_member02_ncep_gefs_seamless (°C),temperature_2m_member03_ncep_gefs_seamless (°C),temperature_2m_member04_ncep_gefs_seamless (°C),temperature_2m_member05_ncep_gefs_seamless (°C),temperature_2m_member06_ncep_gefs_seamless (°C),temperature_2m_member07_ncep_gefs_seamless (°C),temperature_2m_member08_ncep_gefs_seamless (°C),temperature_2m_member09_ncep_gefs_seamless (°C),temperature_2m_member10_ncep_gefs_seamless (°C),temperature_2m_member11_ncep_gefs_seamless (°C),temperature_2m_member12_ncep_gefs_seamless (°C),temperature_2m_member13_ncep_gefs_seamless (°C),temperature_2m_member14_ncep_gefs_seamless (°C),temperature_2m_member15_ncep_gefs_seamless (°C),temperature_2m_member16_ncep_gefs_seamless (°C),temperature_2m_member17_ncep_gefs_seamless (°C),temperature_2m_member18_ncep_gefs_seamless (°C),temperature_2m_member19_ncep_gefs_seamless (°C),temperature_2m_member20_ncep_gefs_seamless (°C),temperature_2m_member21_ncep_gefs_seamless (°C),temperature_2m_member22_ncep_gefs_seamless (°C),temperature_2m_member23_ncep_gefs_seamless (°C),temperature_2m_member24_ncep_gefs_seamless (°C),temperature_2m_member25_ncep_gefs_seamless (°C),temperature_2m_member26_ncep_gefs_seamless (°C),temperature_2m_member27_ncep_gefs_seamless (°C),temperature_2m_member28_ncep_gefs_seamless (°C),temperature_2m_member29_ncep_gefs_seamless (°C),temperature_2m_member30_ncep_gefs_seamless (°C),relativehumidity_2m_ncep_gefs_seamless (%),relativehumidity_2m_member01_ncep_gefs_seamless (%),relativehumidity_2m_member02_ncep_gefs_seamless (%),relativehumidity_2m_member03_ncep_gefs_seamless (%),relativehumidity_2m_member04_ncep_gefs_seamless (%),relativehumidity_2m_member05_ncep_gefs_seamless (%),relativehumidity_2m_member06_ncep_gefs_seamless (%),relativehumidity_2m_member07_ncep_gefs_seamless (%),relativehumidity_2m_member08_ncep_gefs_seamless (%),relativehumidity_2m_member09_ncep_gefs_seamless (%),relativehumidity_2m_member10_ncep_gefs_seamless (%),relativehumidity_2m_member11_ncep_gefs_seamless (%),relativehumidity_2m_member12_ncep_gefs_seamless (%),relativehumidity_2m_member13_ncep_gefs_seamless (%),relativehumidity_2m_member14_ncep_gefs_seamless (%),relativehumidity_2m_member15_ncep_gefs_seamless (%),relativehumidity_2m_member16_ncep_gefs_seamless (%),relativehumidity_2m_member17_ncep_gefs_seamless (%),relativehumidity_2m_member18_ncep_gefs_seamless (%),relativehumidity_2m_member19_ncep_gefs_seamless (%),relativehumidity_2m_member20_ncep_gefs_seamless (%),relativehumidity_2m_member21_ncep_gefs_seamless (%),relativehumidity_2m_member22_ncep_gefs_seamless (%),relativehumidity_2m_member23_ncep_gefs_seamless (%),relativehumidity_2m_member24_ncep_gefs_seamless (%),relativehumidity_2m_member25_ncep_gefs_seamless (%),relativehumidity_2m_member26_ncep_gefs_seamless (%),relativehumidity_2m_member27_ncep_gefs_seamless (%),relativehumidity_2m_member28_ncep_gefs_seamless (%),relativehumidity_2m_member29_ncep_gefs_seamless (%),relativehumidity_2m_member30_ncep_gefs_seamless (%),rain_ncep_gefs_seamless (mm),rain_member01_ncep_gefs_seamless (mm),rain_member02_ncep_gefs_seamless (mm),rain_member03_ncep_gefs_seamless (mm),rain_member04_ncep_gefs_seamless (mm),rain_member05_ncep_gefs_seamless (mm),rain_member06_ncep_gefs_seamless (mm),rain_member07_ncep_gefs_seamless (mm),rain_member08_ncep_gefs_seamless (mm),rain_member09_ncep_gefs_seamless (mm),rain_member10_ncep_gefs_seamless (mm),rain_member11_ncep_gefs_seamless (mm),rain_member12_ncep_gefs_seamless (mm),rain_member13_ncep_gefs_seamless (mm),rain_member14_ncep_gefs_seamless (mm),rain_member15_ncep_gefs_seamless (mm),rain_member16_ncep_gefs_seamless (mm),rain_member17_ncep_gefs_seamless (mm),rain_member18_ncep_gefs_seamless (mm),rain_member19_ncep_gefs_seamless (mm),rain_member20_ncep_gefs_seamless (mm),rain_member21_ncep_gefs_seamless (mm),rain_member22_ncep_gefs_seamless (mm),rain_member23_ncep_gefs_seamless (mm),rain_member24_ncep_gefs_seamless (mm),rain_member25_ncep_gefs_seamless (mm),rain_member26_ncep_gefs_seamless (mm),rain_member27_ncep_gefs_seamless (mm),rain_member28_ncep_gefs_seamless (mm),rain_member29_ncep_gefs_seamless (mm),rain_member30_ncep_gefs_seamless (mm),windspeed_10m_ncep_gefs_seamless (km/h),windspeed_10m_member01_ncep_gefs_seamless (km/h),windspeed_10m_member02_ncep_gefs_seamless (km/h),windspeed_10m_member03_ncep_gefs_seamless (km/h),windspeed_10m_member04_ncep_gefs_seamless (km/h),windspeed_10m_member05_ncep_gefs_seamless (km/h),windspeed_10m_member06_ncep_gefs_seamless (km/h),windspeed_10m_member07_ncep_gefs_seamless (km/h),windspeed_10m_member08_ncep_gefs_seamless (km/h),windspeed_10m_member09_ncep_gefs_seamless (km/h),windspeed_10m_member10_ncep_gefs_seamless (km/h),windspeed_10m_member11_ncep_gefs_seamless (km/h),windspeed_10m_member12_ncep_gefs_seamless (km/h),windspeed_10m_member13_ncep_gefs_seamless (km/h),windspeed_10m_member14_ncep_gefs_seamless (km/h),windspeed_10m_member15_ncep_gefs_seamless (km/h),windspeed_10m_member16_ncep_gefs_seamless (km/h),windspeed_10m_member17_ncep_gefs_seamless (km/h),windspeed_10m_member18_ncep_gefs_seamless (km/h),windspeed_10m_member19_ncep_gefs_seamless (km/h),windspeed_10m_member20_ncep_gefs_seamless (km/h),windspeed_10m_member21_ncep_gefs_seamless (km/h),windspeed_10m_member22_ncep_gefs_seamless (km/h),windspeed_10m_member23_ncep_gefs_seamless (km/h),windspeed_10m_member24_ncep_gefs_seamless (km/h),windspeed_10m_member25_ncep_gefs_seamless (km/h),windspeed_10m_member26_ncep_gefs_seamless (km/h),windspeed_10m_member27_ncep_gefs_seamless (km/h),windspeed_10m_member28_ncep_gefs_seamless (km/h),windspeed_10m_member29_ncep_gefs_seamless (km/h),windspeed_10m_member30_ncep_gefs_seamless (km/h),windgusts_10m_ncep_gefs_seamless (km/h),windgusts_10m_member01_ncep_gefs_seamless (km/h),windgusts_10m_member02_ncep_gefs_seamless (km/h),windgusts_10m_member03_ncep_gefs_seamless (km/h),windgusts_10m_member04_ncep_gefs_seamless (km/h),windgusts_10m_member05_ncep_gefs_seamless (km/h),windgusts_10m_member06_ncep_gefs_seamless (km/h),windgusts_10m_member07_ncep_gefs_seamless (km/h),windgusts_10m_member08_ncep_gefs_seamless (km/h),windgusts_10m_member09_ncep_gefs_seamless (km/h),windgusts_10m_member10_ncep_gefs_seamless (km/h),windgusts_10m_member11_ncep_gefs_seamless (km/h),windgusts_10m_member12_ncep_gefs_seamless (km/h),windgusts_10m_member13_ncep_gefs_seamless (km/h),windgusts_10m_member14_ncep_gefs_seamless (km/h),windgusts_10m_member15_ncep_gefs_seamless (km/h),windgusts_10m_member16_ncep_gefs_seamless (km/h),windgusts_10m_member17_ncep_gefs_seamless (km/h),windgusts_10m_member18_ncep_gefs_seamless (km/h),windgusts_10m_member19_ncep_gefs_seamless (km/h),windgusts_10m_member20_ncep_gefs_seamless (km/h),windgusts_10m_member21_ncep_gefs_seamless (km/h),windgusts_10m_member22_ncep_gefs_seamless (km/h),windgusts_10m_member23_ncep_gefs_seamless (km/h),windgusts_10m_member24_ncep_gefs_seamless (km/h),windgusts_10m_member25_ncep_gefs_seamless (km/h),windgusts_10m_member26_ncep_gefs_seamless (km/h),windgusts_10m_member27_ncep_gefs_seamless (km/h),windgusts_10m_member28_ncep_gefs_seamless (km/h),windgusts_10m_member29_ncep_gefs_seamless (km/h),windgusts_10m_member30_ncep_gefs_seamless (km/h),temperature_2m_ecmwf_ifs04 (°C),relativehumidity_2m_ecmwf_ifs04 (%),rain_ecmwf_ifs04 (mm),windspeed_10m_ecmwf_ifs04 (km/h),windgusts_10m_ecmwf_ifs04 (undefined),latitude,longitude
2026-08-06T00:00,26.3,26.5,27.6,27,26.1,26.8,27.1,26,26.6,26,26.1,26.4,27,26.8,27.7,27.3,26.5,26.2,26.4,26.1,26.4,26.4,25.8,26.4,26.7,27.1,26.9,26.3,26.3,26.5,26.4,27.1,26.4,26.4,26,26.4,25.9,26.3,26.9,26.2,91,87,82,87,91,84,86,91,85,87,91,91,90,88,82,80,90,90,88,91,93,90,92,95,93,90,88,89,91,89,89,89,88,87,97,90,92,88,88,89,0,0,0,0,0,0,0,0,0,0,0,0,0,0,0,0,0,0,0,0,0,0,0,0,0,0,0,0,0,0,0,0,0,0,0,0,0,0,0,0,2.6,0.4,2.3,1.5,1.9,1.8,3,2.2,1.8,1.6,1.8,1.5,1.8,1.5,1.6,1.9,1.9,1.5,1.6,2.6,1.8,1.6,1.9,2.5,3.8,3.1,2.2,1.8,1.9,1.6,1.5,4,0.7,0.8,2.6,1.8,1.4,1.1,2.3,1.8,,,,,,,,,,,,,,,,,,,,,,,,,,,,,,,,,,,,,,,,,27,27.1,26.9,26.8,26.9,27.1,27,26.9,27.1,27,26.8,26.9,27.1,27,26.8,26.9,27,26.9,27.1,27,26.9,26.9,26.9,26.9,26.9,26.9,27.1,27,27.2,27,26.9,86,84,86,85,86,87,84,85,82,84,88,88,84,86,85,87,85,87,83,91,89,89,82,83,87,87,85,84,82,84,85,0,0,0,0,0,0,0,0,0,0,0,0,0,0,0,0,0,0,0,0,0.1,0,0,0,0,0,0,0,0,0,0,8.1,4,6.9,9.3,9.8,7.9,7.6,9.6,4.2,8.6,8.6,9.8,7,8.4,9.5,10.8,7.2,8.5,3.9,13.1,10.7,9,3.5,4.6,10.1,11.2,8,6.3,4.2,4.3,7.1,10.4,5.4,9,12.2,13,9.7,9.7,14,5.4,10.8,11.5,12.2,9,10.8,12.2,14.4,8.6,13,5,18,15.8,11.9,4.3,5.4,13.3,14.4,10.1,7.2,5,5.8,8.3,,,,,,22.2204,114.2127
2026-08-06T01:00,26.1,26.2,27.4,26.8,25.9,26.5,26.9,25.7,26.4,25.7,25.9,26.1,26.9,26.5,27.4,27,26.2,26.1,26.1,25.9,26.2,26.3,25.6,26.3,26.7,26.9,26.7,26.1,26.1,26.3,26.1,27,26.1,26.2,25.9,26.2,25.7,25.9,27,25.9,91,89,83,88,93,86,87,93,87,89,93,92,91,90,84,83,91,91,90,92,94,91,93,95,93,91,90,90,92,90,90,89,90,88,97,91,93,90,86,90,0,0,0,0,0,0,0,0,0,0,0,0,0,0,0,0,0,0,0,0,0,0,0,0,0,0,0,0,0,0,0,0,0,0,0,0,0,0,0,0,1.9,0.4,2.1,1.1,2.1,1.5,2.9,2.2,1.5,1.5,1.1,1.6,1.5,1.3,1.5,1.6,1.5,1.1,1,2.7,2.5,0.7,1.8,2.3,3.1,3.1,1.8,1.1,1.6,1.8,1.6,3.6,0.8,0.7,2.6,1.8,1.5,1,2.1,0.8,,,,,,,,,,,,,,,,,,,,,,,,,,,,,,,,,,,,,,,,,26.8,27,26.8,26.6,26.7,26.9,26.8,26.8,26.9,26.8,26.6,26.7,26.9,26.8,26.6,26.7,26.8,26.8,26.9,26.9,26.8,26.7,26.8,26.7,26.8,26.6,26.9,26.8,27,26.9,26.8,87,85,87,87,87,88,85,86,83,86,89,89,85,88,86,88,86,88,84,90,90,90,82,84,88,88,86,85,82,84,86,0,0,0,0,0,0,0,0,0,0,0,0,0,0,0,0,0,0,0,0,0.1,0,0,0,0,0,0,0,0,0,0,7.5,2.5,6.6,7,7.3,6.3,8.7,9.5,5.4,8.9,8.1,8.4,7.6,6.3,10,8.9,7.9,7.4,2.9,12.6,9.4,7.8,3.1,4.2,8.3,9.4,6.1,6,5.4,2.3,6.1,9.4,3.2,7.9,9.4,9.4,7.6,10.8,14.4,6.5,10.8,9.7,10.4,9.4,7.6,12.6,11.9,9,11.5,3.6,16.6,13,10.4,4.3,5,10.8,12.2,8.3,6.8,6.1,3.2,7.2,,,,,,22.2204,114.2127
2026-08-06T02:00,26,25.9,27.2,26.5,25.6,26.1,26.8,25.4,25.9,25.4,25.6,25.9,26.7,26.3,27,26.6,25.9,25.9,25.7,25.7,26,26.1,25.2,26.3,26.8,26.7,26.4,25.8,25.9,26,25.9,26.9,25.8,26,25.9,26,25.4,25.6,26.8,25.6,92,91,84,90,94,89,88,94,89,91,94,93,92,92,87,85,92,92,92,93,95,92,95,95,92,92,91,91,93,92,92,89,91,90,97,92,94,91,87,92,0,0,0,0,0,0,0,0,0,0,0,0,0,0,0,0,0,0,0,0,0,0,0,0,0,0,0,0,0,0,0,0,0,0,0,0,0,0,0,0,1.4,0.8,2,1.6,1.9,1.3,2.9,2.2,1.5,1.1,0.8,1.6,1.6,1.8,1.3,1.8,0.8,1.8,0.5,2.4,2.5,1.3,1.8,2.1,2.9,2.6,1.8,1.1,1.3,1.6,1.5,3.6,1,1.1,2.3,1.8,1.5,1.5,1.6,0.4,,,,,,,,,,,,,,,,,,,,,,,,,,,,,,,,,,,,,,,,,26.6,26.9,26.6,26.5,26.6,26.8,26.6,26.7,26.7,26.6,26.5,26.5,26.7,26.7,26.5,26.5,26.7,26.7,26.8,26.8,26.7,26.6,26.6,26.6,26.6,26.5,26.7,26.6,26.9,26.7,26.6,88,86,88,88,88,89,86,87,83,87,90,90,85,89,87,89,87,89,84,90,90,90,82,85,89,89,87,85,82,84,87,0,0,0,0,0,0,0,0,0,0,0,0,0,0,0,0,0,0,0,0,0.1,0,0,0,0,0,0,0,0,0,0,6.4,1.8,5.7,4.9,5.4,5.1,9.1,8.9,5.6,8.2,7.2,7.5,8.1,4.5,9.1,7.3,7.9,6.6,1.8,11.5,7.2,6.6,2.8,3.6,7.3,8,5.2,5.2,5.9,1,5.3,8.3,2.5,7.2,7.2,6.8,6.1,11.2,13.7,6.8,10.1,8.6,9.4,9.7,5.4,12.2,9.7,9.4,10.1,2.9,15.1,10.1,9.4,4.3,4.7,9,10.1,6.5,6.1,6.5,1.8,6.5,,,,,,22.2204,114.2127
2026-08-06T03:00,25.9,25.8,27.1,26.3,25.4,25.9,26.7,25.2,25.5,25.2,25.4,25.8,26.5,26.1,26.6,26.3,25.5,25.7,25.3,25.6,25.8,25.9,24.9,26.2,26.9,26.7,26.1,25.5,25.7,25.7,25.6,26.8,25.5,25.8,25.8,25.8,25.2,25.3,26.6,25.3,93,92,84,92,95,91,88,94,92,92,94,93,93,92,88,87,94,92,94,93,96,93,97,95,89,93,93,93,94,94,94,90,93,91,97,93,96,92,88,93,0,0,0,0,0,0,0,0,0,0,0,0,0,0,0,0,0,0,0,0,0,0,0,0,0,0,0,0,0,0,0,0,0,0,0,0,0,0,0,0,2.1,0,2.3,1.8,1.5,2,2.6,2.1,1.8,0.7,1,1.8,2,2.3,1.9,1.8,0.4,3.1,0.8,1.9,2.1,2.1,1.8,2.3,3.9,2.2,1.8,1.6,0.4,1.6,1.3,4.1,1.1,1.1,1.9,2.2,2.3,1.1,1.1,1.1,,,,,,,,,,,,,,,,,,,,,,,,,,,,,,,,,,,,,,,,,26.5,26.7,26.5,26.3,26.4,26.6,26.5,26.5,26.5,26.4,26.4,26.5,26.6,26.6,26.3,26.4,26.5,26.6,26.6,26.7,26.6,26.4,26.5,26.4,26.5,26.3,26.5,26.4,26.7,26.6,26.5,88,86,88,88,88,89,87,87,84,87,90,90,85,89,87,90,87,89,84,90,90,90,82,85,89,89,88,85,83,84,87,0,0,0,0,0,0,0,0,0,0,0,0,0,0,0,0,0,0,0,0,0,0,0,0,0,0,0,0,0,0,0,5,3,2.9,3,4.5,4.7,8,6.8,3.8,5.8,6.2,7.6,8.5,3.5,6.5,5,7.4,5.4,0.5,9.9,3.7,5.5,2.4,1.1,7.4,6.7,3.6,2.9,5.1,1.8,4.4,7.2,3.6,6.5,5.4,5.8,6.1,10.1,11.5,5.8,7.9,7.9,9.7,10.1,5.8,10.1,8.3,9.4,7.9,2.9,13,7.9,8.6,4,4.7,9,8.3,5.4,5,5.8,3.2,5.8,,,,,,22.2204,114.2127
2026-08-06T04:00,25.9,25.5,26.9,26.1,25.2,25.8,26.6,25.1,25.2,25,25.2,25.6,26.5,26.1,26.4,26.3,25.3,25.6,25,25.4,25.6,25.8,24.8,26.1,26.7,26.6,25.9,25.2,25.4,25.4,25.3,26.7,25.3,25.7,25.9,25.6,24.9,25.2,26.4,25,92,93,85,93,96,91,88,95,94,93,96,93,91,92,90,86,95,92,95,94,97,93,97,95,90,93,95,95,95,95,95,90,94,91,96,94,97,94,90,94,0,0,0,0,0,0,0,0,0,0,0,0,0,0,0,0,0,0,0,0,0,0,0,0,0,0,0,0,0,0,0,0,0,0,0,0,0,0,0,0,3.4,1.6,2.1,1.8,1.8,2.5,2.4,2.5,1.8,1.1,1.3,2,3.1,3.1,1.9,2.2,1.5,3.5,1.4,1.8,1.8,3.1,1.8,2.6,4.3,2.7,2,2.3,1.1,1.1,1.4,4.3,0.8,1.3,3.1,3.1,2.6,1.3,1.3,2.2,,,,,,,,,,,,,,,,,,,,,,,,,,,,,,,,,,,,,,,,,26.4,26.6,26.4,26.2,26.3,26.4,26.3,26.3,26.3,26.3,26.3,26.5,26.5,26.5,26.2,26.2,26.4,26.5,26.4,26.6,26.5,26.3,26.4,26.3,26.4,26.3,26.3,26.3,26.6,26.5,26.4,88,86,88,88,89,89,88,87,84,88,89,90,86,89,87,90,87,89,84,90,89,91,81,85,89,90,88,86,84,83,87,0,0,0,0,0,0,0,0,0,0,0,0,0,0,0,0,0,0,0,0,0,0,0,0,0,0,0,0,0,0,0,4.5,5,1.8,2.5,4.9,5.6,6.9,5.4,2.2,3.3,6.2,9.2,8.8,5.6,4.8,4.9,7.9,3.4,2.3,8.3,1.3,6.6,2.5,2.3,8.5,5.7,2.5,0.8,3.6,4.8,4.2,6.1,5.8,5.4,4.3,5.8,6.5,8.3,8.3,4.3,5,7.6,11.2,10.4,7.2,7.2,7.6,9.4,5,3.6,10.4,6.1,8.3,3.6,4.7,9.7,6.8,4.3,4,4.3,5.8,5,,,,,,22.2204,114.2127
2026-08-06T05:00,25.9,25.4,26.7,26.1,25.1,25.8,26.5,25,25.1,24.8,25,25.5,26.4,26.1,26.2,26.1,25.1,25.4,24.8,25.3,25.3,25.6,24.5,26,26.5,26.5,25.7,25.1,25.3,25.2,25,26.5,25.1,25.6,25.8,25.4,24.7,25,26,24.9,90,94,86,92,96,90,88,94,94,94,97,93,91,91,90,86,96,93,96,94,98,93,98,95,91,92,95,96,97,96,97,91,95,92,95,94,98,95,92,94,0,0,0,0,0,0,0,0,0,0,0,0,0,0,0,0,0,0,0,0,0,0,0,0,0,0,0,0,0,0,0,0,0,0,0,0,0,0,0,0,3.4,2.1,2.1,2.3,1.8,3.1,2.8,2.5,1.8,1.4,1.5,2.3,3.1,3.6,1.9,2.3,1.8,3.4,1.8,2.6,1.6,3.3,1.8,3.4,4.3,3.1,2.5,2.3,2.1,1.6,1.1,4.5,0.8,1.1,4.1,3.1,2.1,1.1,1.3,2.5,,,,,,,,,,,,,,,,,,,,,,,,,,,,,,,,,,,,,,,,,26.4,26.6,26.4,26.2,26.2,26.4,26.3,26.3,26.3,26.3,26.4,26.6,26.4,26.5,26.2,26.2,26.4,26.5,26.4,26.5,26.5,26.2,26.4,26.3,26.4,26.3,26.3,26.2,26.6,26.5,26.3,87,85,87,88,88,88,88,86,84,87,88,89,85,88,87,90,87,88,83,90,88,90,80,84,89,89,88,85,84,82,86,0,0,0,0,0,0,0,0,0,0,0,0,0,0,0,0,0,0,0,0,0,0,0,0,0,0,0,0,0,0,0,5.1,6.5,4.7,4.2,5.6,6.6,7,6.1,3.1,3.4,6.6,10.5,8.5,7.9,5.7,7.1,9,2.7,3.8,7.3,4.4,8.4,2.7,4.7,9.9,5.6,4.1,2.7,2.6,7.2,4.8,5.4,7.6,5,4,5.8,6.8,7.6,6.1,3.6,3.6,7.2,12.6,10.1,8.3,5.8,7.2,9.7,3.6,4.3,8.6,5,8.6,3.2,5,10.8,6.1,4,3.6,3.6,7.9,4.7,,,,,,22.2204,114.2127
2026-08-06T06:00,25.8,25.3,26.6,26.1,25.1,25.9,26.3,24.9,25.2,24.8,24.7,25.3,26.3,26,26,25.9,25.1,25.2,24.7,25.2,25.1,25.6,24.4,25.8,26.3,26.3,25.6,25,25.3,25.1,24.7,26.5,25,25.5,25.8,25.3,24.5,24.8,25.8,24.8,91,93,87,91,96,90,89,94,93,95,98,93,91,91,91,88,96,93,97,93,99,93,98,95,92,93,94,96,97,97,99,92,96,92,94,93,99,95,94,95,0,0,0,0,0,0,0,0,0,0,0,0,0,0,0,0,0,0,0,0,0,0,0,0,0,0,0,0,0,0,0,0,0,0,0,0,0,0,0,0,3.1,2.3,2,2.9,1.8,3.1,3.3,2.5,2.2,1.5,1.8,2.6,2.9,3.8,1.5,2.3,2.7,3.1,1.8,3.1,0.8,3.6,1.4,4.1,4.1,3.4,3.1,2.4,2.5,1.5,0.4,4.4,1.1,1.6,3.9,3.1,2.2,1.1,2.3,2.5,,,,,,,,,,,,,,,,,,,,,,,,,,,,,,,,,,,,,,,,,26.4,26.7,26.5,26.2,26.3,26.5,26.4,26.3,26.3,26.3,26.4,26.7,26.5,26.6,26.3,26.3,26.4,26.5,26.5,26.6,26.5,26.3,26.4,26.4,26.4,26.4,26.3,26.3,26.6,26.5,26.4,86,84,85,87,87,87,87,84,83,86,87,88,83,87,86,88,86,87,82,89,87,88,79,83,88,88,87,83,83,81,85,0,0,0,0,0,0,0,0,0,0,0,0,0,0,0,0,0,0,0,0,0,0,0,0,0,0,0,0,0,0,0,5.8,7.1,5.5,5.6,6.3,6.4,8.2,6.6,3.6,5.6,6.7,11.8,7.7,8.5,8,7.8,9.5,3.6,4.4,6.8,5.7,9.7,1.8,5.8,11.2,6.3,5.2,4.2,2.9,7.9,5.1,5.8,8.6,5.4,4.7,6.5,6.1,8.6,5.4,4,5,6.8,13.7,9,8.6,7.6,7.2,10.1,4,5,7.6,5.8,9.7,2.9,5.8,12.2,6.5,4.7,4.3,4,8.6,5,,,,,,22.2204,114.2127
2026-08-06T07:00,26.2,25.9,27,26.4,25.5,26.1,26.7,25.3,25.9,25.3,25.2,25.8,26.6,26.4,26.4,26.3,25.8,25.7,25.1,25.7,25.5,25.8,24.8,26.3,26.7,26.6,26.2,25.5,25.7,25.5,25,26.7,25.5,25.9,26.1,25.9,25,25.3,26.3,25.2,90,91,86,90,94,91,89,94,90,93,98,92,91,90,90,87,91,92,97,92,99,93,98,93,91,93,92,95,96,97,99,91,95,89,93,90,98,94,93,94,0,0,0,0,0,0,0,0,0,0,0,0,0,0,0,0,0,0,0,0,0,0,0,0,0,0,0,0,0,0,0,0,0,0,0,0,0,0,0,0,3.1,2.3,2.6,2.4,2.2,2.3,3.9,2.6,2.4,1.9,2.4,2.9,2.5,4.1,1.3,2.4,3.2,3.4,1.5,3.1,0,3.3,1.4,4.8,4.1,3.1,3.6,2.6,2.3,1.3,0.5,4.4,2,2,4,4.3,1.8,1.1,3.1,2.2,,,,,,,,,,,,,,,,,,,,,,,,,,,,,,,,,,,,,,,,,26.6,26.9,26.6,26.4,26.5,26.7,26.6,26.4,26.5,26.5,26.6,26.8,26.7,26.8,26.5,26.4,26.6,26.6,26.7,26.7,26.7,26.5,26.5,26.6,26.6,26.5,26.5,26.6,26.8,26.7,26.5,84,83,83,86,85,84,85,82,82,84,85,87,81,85,86,86,84,85,81,87,86,86,78,81,87,86,85,81,82,81,83,0,0,0,0,0,0,0,0,0,0,0,0,0,0,0,0,0,0,0,0,0,0,0,0,0,0,0,0,0,0,0,6.3,7.4,5.5,6.6,6.9,5.3,9.7,6.3,4.1,8.2,6.4,13,6.1,8,10.5,7.6,9.7,5.1,5,6.8,6.5,10.3,1.8,5.9,12.2,7.5,6,5.1,4.4,7.8,5.4,6.5,9,5.8,6.5,7.6,5,10.4,5.8,4.7,7.9,6.8,14.8,7.2,9,10.8,7.6,10.4,5.4,5.8,7.6,7.2,11.2,2.9,6.5,13.7,7.9,6.1,5.4,5.4,9,5.4,,,,,,22.2204,114.2127
2026-08-06T08:00,27.1,27.2,27.9,27.4,26.5,26.9,27.7,26.6,26.9,26.2,26.6,26.9,27.4,27.4,27.5,27.4,27,26.7,26.7,26.7,27.1,26.9,26.4,27.3,27.7,28,27.4,26.6,26.9,26.8,26.4,27.6,26.8,26.6,26.9,27,26.6,27,27.3,26.6,87,84,83,86,90,89,84,86,86,87,85,84,88,86,85,85,87,88,87,87,84,88,86,87,86,82,86,88,87,88,91,86,88,86,88,85,88,83,85,85,0,0,0,0,0,0,0,0,0,0,0,0,0,0,0,0,0,0,0,0,0,0,0,0,0,0,0,0,0,0,0,0,0,0,0,0,0,0,0,0,4.8,1.8,2.6,1.8,2.2,1.8,3.4,2.5,2.1,1.5,2.6,3.1,2.7,4,0.4,1.6,2.6,3.7,1.5,3.3,0.8,3.4,2.2,6,5,2.8,2.8,2.7,1.8,1.1,0.8,5.2,1,1.5,5.2,3.8,1.1,1.1,3.2,1.8,,,,,,,,,,,,,,,,,,,,,,,,,,,,,,,,,,,,,,,,,26.9,27.2,27,26.7,26.9,27,26.9,26.7,26.8,26.8,26.9,27.1,27,27.1,26.8,26.8,26.9,26.9,27.1,27,27,26.8,26.8,26.9,26.8,26.9,26.9,27,27,27,26.8,82,81,80,84,82,82,83,80,80,82,83,85,78,82,84,83,82,83,79,85,84,83,77,78,85,84,83,78,80,79,81,0,0,0,0,0,0,0,0,0,0,0,0,0,0,0,0,0,0,0,0,0,0,0,0,0,0,0,0,0,0,0,6.5,7.2,5.1,7.2,6.9,4.1,10.8,6.2,4.8,9.4,6.4,13.5,5.1,7.3,11.9,7.4,10,6.5,5.2,6.9,6.8,10.7,2.5,5.6,13.3,8.2,6.5,5,5.9,7.4,5.4,7.2,9,6.1,7.9,8.3,4.7,12.2,6.5,5.8,10.4,7.2,15.5,6.1,8.6,13.3,8.3,11.2,6.8,6.5,7.6,7.9,12.2,3.2,6.8,15.1,8.6,7.2,6.1,6.8,9,6.1,,,,,,22.2204,114.2127
2026-08-06T09:00,28.1,28.5,29,28.4,27.6,27.8,28.8,27.7,28,27.3,27.5,27.8,28.3,28.2,28.7,28.6,28.5,27.7,28,27.8,28.3,27.8,27.4,28,28.8,29.1,28.4,27.7,27.9,28.2,27.5,28.4,28.3,27.7,27.6,28,27.9,28.4,28.3,27.8,81,75,78,78,82,81,77,80,79,78,82,78,82,80,77,77,80,82,78,81,77,82,79,82,80,76,79,80,81,78,83,80,77,77,82,78,79,73,79,79,0,0,0,0,0,0,0,0,0,0,0,0,0,0,0,0,0,0,0,0,0,0,0,0,0,0,0,0,0,0,0,0,0,0,0,0,0,0,0,0,6.5,2.9,3.8,2.4,3.6,3.3,4.7,3.6,2.6,1.8,3.3,3.3,3.6,5.2,0.5,2.4,2.3,4.7,2.5,3.9,1.4,4.5,3.1,6.2,6,2.9,2.5,3.7,1.6,0.8,1.6,7,1.5,1.9,7.2,4.7,0.7,2.2,4,1.6,,,,,,,,,,,,,,,,,,,,,,,,,,,,,,,,,,,,,,,,,27.4,27.9,27.6,27.3,27.5,27.5,27.4,27.2,27.3,27.3,27.4,27.4,27.6,27.7,27.3,27.4,27.3,27.3,27.7,27.4,27.6,27.4,27.4,27.5,27.2,27.5,27.5,27.6,27.5,27.7,27.3,79,77,76,80,78,79,80,77,78,79,80,82,74,77,81,79,79,80,76,82,80,79,74,74,82,80,79,74,77,76,77,0,0,0,0,0,0,0,0,0,0,0,0,0,0,0,0,0,0,0,0,0,0,0,0,0,0,0,0,0,0,0,6.6,6.4,4,7.6,6.1,3.7,11.5,7.2,6.2,9.4,7.4,13.1,4.9,5.9,11.5,8,11.5,7.6,5.5,8,6.3,11,2.5,5.1,14,8,7.1,3.9,7.2,7.2,5.5,7.6,7.9,5.8,9,7.9,5.4,13.3,7.9,7.6,11.9,8.3,15.1,6.5,7.2,13.7,8.6,13,7.9,6.8,8.3,7.2,13,5,6.5,16.6,9,8.3,5.8,9,9,6.8,,,,,,22.2204,114.2127
2026-08-06T10:00,28.9,29.5,29.9,29.4,28.5,28.7,29.8,28.7,29.1,28.3,28.7,28.8,29.1,29.1,30.1,29.5,29.8,28.6,29.1,29,29.5,28.6,28.4,28.8,29.8,30.3,29.4,28.6,29.2,29.4,28.6,29.1,29.5,28.5,28.4,29,29.2,29.5,29.4,29,77,71,73,73,77,77,72,73,73,73,75,74,76,75,71,71,75,79,73,75,72,79,75,76,73,71,73,75,75,72,77,76,72,74,78,75,73,68,74,74,0,0,0,0,0,0,0,0,0,0,0,0,0,0,0,0,0,0,0,0,0,0,0,0,0,0,0,0,0,0,0,0,0,0,0,0,0,0,0,0,8,3.6,4.7,1.9,4.3,4,6.2,4,3.3,2.2,4.4,4.3,5.6,7.3,1.5,3.8,0.8,5.4,3.3,4,1.8,4.3,3.7,7.2,6.9,2.6,2.9,4.3,2.2,1.1,3,8,2.2,2.5,7.6,5.5,1.3,2.9,4.7,1.8,,,,,,,,,,,,,,,,,,,,,,,,,,,,,,,,,,,,,,,,,28.1,28.8,28.4,28.1,28.2,28.1,28,27.8,27.9,27.9,28.1,27.8,28.3,28.5,27.9,28.2,27.9,27.9,28.5,28,28.3,28.1,28.2,28.3,27.7,28.3,28.2,28.3,28.1,28.6,28,75,71,71,75,74,75,75,74,75,76,75,80,70,72,77,74,75,76,72,78,76,75,71,70,78,76,75,69,74,72,73,0,0,0,0,0,0,0,0,0,0,0,0,0,0,0,0,0,0,0,0,0,0,0,0,0,0,0,0,0,0,0,7.1,5.6,3.5,8.4,6,5.5,12.1,9.1,8,10.8,8.5,12.4,5.9,4.3,10.6,8.4,13.2,8.6,5.9,9.5,5.6,11.7,4.6,4.9,15.3,8.1,7.9,3.4,9.6,7.4,6.6,7.6,6.5,5,10.1,7.2,6.8,14,10.1,9.4,13,9.4,14.8,7.6,5.4,13,9.4,15.5,9,7.6,9.7,5.8,13.7,7.2,6.1,17.6,8.6,9,5.4,11.2,9.4,7.6,,,,,,22.2204,114.2127
2026-08-06T11:00,29.4,30.4,30.6,30.5,29.4,29.4,30.8,29.7,30.1,29.5,29.7,29.6,29.8,29.8,31.3,30.4,31,29.5,30.1,30,30.6,29.5,29.4,29.7,30.6,31.5,30.4,29.5,30.4,30.6,29.6,29.9,30.7,29.2,29.3,29.8,30.4,30.5,30.3,30.2,73,68,69,67,73,73,68,70,68,69,70,70,74,70,66,68,68,74,69,69,67,73,73,70,69,66,69,70,69,68,72,71,67,72,73,71,67,65,70,70,0,0,0,0,0,0,0,0,0,0,0,0,0,0,0,0,0,0,0,0,0,0,0,0,0,0,0,0,0,0,0,0,0,0,0,0,0,0,0,0,9.9,5.4,7.2,2.5,4.8,5.6,8.4,4.5,4.7,2.9,6.2,5.7,8.4,8.3,4.4,4.6,0.8,6.1,4.2,6.2,3.3,5.1,4.5,8,8,1.8,4.7,6.2,2.5,3.3,5.2,9,3.6,3.5,8.4,7.4,3.1,4,6.1,3.3,,,,,,,,,,,,,,,,,,,,,,,,,,,,,,,,,,,,,,,,,28.7,29.5,29,28.7,28.8,28.6,28.5,28.3,28.4,28.4,28.7,28.2,28.8,29.1,28.3,28.8,28.4,28.3,29.1,28.5,28.8,28.6,28.8,28.8,28.1,28.9,28.8,28.8,28.6,29.2,28.5,72,67,68,71,71,72,72,71,72,73,72,77,67,68,74,71,72,73,69,75,73,72,69,67,75,72,72,66,71,69,69,0,0,0,0,0,0,0,0,0,0,0,0,0,0,0,0,0,0,0,0,0,0,0,0,0,0,0,0,0,0,0,7.7,3.8,4.1,8.7,6.1,7.7,12.5,10.5,9.2,12.6,9,12.7,7.2,2.9,10.5,8.3,14.6,9.5,6.8,10.6,4.7,12.1,6.8,5.1,16.2,8.2,8.2,4.7,10.9,7.4,8,8.3,5.8,5,10.4,7.2,7.9,14.4,11.9,10.8,13.7,10.4,14.4,8.6,4.3,12.6,10.1,16.9,10.1,8.3,10.8,5.4,14.4,9.4,5.8,18.4,8.6,9.7,5.4,12.6,9.4,8.6,,,,,,22.2204,114.2127
2026-08-06T12:00,30,31.1,31.3,31.6,30.1,30.1,31.6,30.6,30.8,30.5,30.6,30.4,30.3,30.4,32.4,31.1,32.2,30.3,30.9,30.8,31.5,30.5,30.2,30.5,31.2,32.5,31.2,30.1,31.3,31.4,30.4,30.6,31.4,30,29.9,30.5,31.1,31.3,31.2,31.2,70,66,67,62,71,69,63,65,65,66,67,68,71,68,60,62,63,71,67,64,64,68,70,67,65,60,66,67,65,66,68,68,65,70,69,68,65,63,66,67,0,0,0,0,0,0,0,0,0,0,0,0,0,0,0,0,0,0,0,0,0,0,0,0,0,0,0,0,0,0,0,0,0,0,0,0,0,0,0,0,9.6,8,8.6,4.8,6.1,7.8,9.8,6.2,7,4.7,7.2,7.2,10.5,9.4,6.2,7,3.5,6.9,6.1,8.7,5.2,6.1,5.4,9,8.4,2.3,6.8,7.8,5.2,6.6,7.1,9.4,5.5,4.4,9.3,9.1,5.4,6.2,7.7,5.4,,,,,,,,,,,,,,,,,,,,,,,,,,,,,,,,,,,,,,,,,28.9,29.9,29.2,29,29,28.7,28.8,28.6,28.7,28.6,28.9,28.5,29.2,29.4,28.6,29,28.7,28.6,29.4,28.7,29,28.9,29,29.1,28.4,29.2,29,29.1,28.9,29.5,28.9,70,65,67,69,69,72,70,69,70,71,70,75,65,67,72,70,70,71,68,73,72,70,68,66,72,70,71,65,69,68,67,0,0,0,0,0,0,0,0,0,0,0,0,0,0,0,0,0,0,0,0,0,0,0,0,0,0,0,0,0,0,0,8.8,0.4,4.9,7.8,6.8,8.9,13.1,10.9,9.4,13.1,8.8,13.5,8,3.7,11,8.4,14.5,10.7,7.9,10.8,5.7,13.1,8.3,5.1,16.7,7.7,7.7,6.4,10.8,6.5,9.7,9.7,6.8,6.1,10.1,7.9,8.6,14.8,12.6,11.2,14,10.8,15.1,9.4,5.4,13,11.2,16.6,11.5,9.7,11.9,6.8,15.5,10.8,6.5,18.7,8.3,10.1,6.5,12.2,9.4,10.4,,,,,,22.2204,114.2127
2026-08-06T13:00,30.3,31.4,31.7,32.2,30.7,30.3,32.3,31.1,31.3,31.1,31.1,30.8,30.5,31,33.2,31.6,32.8,30.8,31.4,31.2,31.9,31.1,30.6,31,31.7,33.2,31.7,30.5,31.6,31.7,30.8,31,31.8,30.6,30.3,31,31.6,31.8,31.7,31.7,69,64,63,57,68,69,59,63,64,63,66,66,69,66,56,60,61,67,65,62,63,66,67,66,62,58,63,64,65,66,67,68,63,67,67,63,64,63,64,66,0,0,0,0,0,0,0,0,0,0,0,0,0,0,0,0,0,0,0,0,0,0,0,0,0,0,0,0,0,0,0,0,0,0,0,0,0,0,0,0,9.7,9.8,9.4,6.4,7.7,8.9,9.8,8.6,7.6,7.6,8.4,8.6,11.4,10.1,7.3,7.6,5.7,7.9,8.7,10.5,7.8,6.6,8,9.7,8.1,4.3,9,8.8,8.8,9,7.6,9.4,6.8,5.7,9.7,10.4,7,8.1,8.1,7.1,,,,,,,,,,,,,,,,,,,,,,,,,,,,,,,,,,,,,,,,,29,30.1,29.3,29.2,29,28.7,28.9,28.8,28.9,28.8,29.1,28.8,29.4,29.5,28.8,29,28.9,28.8,29.5,28.9,29,29,29.1,29.2,28.6,29.3,29.1,29.3,29.1,29.5,29.1,70,65,67,68,68,72,68,68,68,70,69,74,64,67,71,69,68,70,67,72,73,69,68,66,69,68,70,65,68,67,66,0,0,0,0,0,0,0,0,0,0,0,0,0,0,0,0,0,0,0,0,0,0,0,0,0,0,0,0,0,0,0,11.3,6.1,7.6,7.3,8.7,9.5,13.7,11.6,9.7,13.3,9.3,14.8,8.6,6.2,12.1,10.5,13.8,12.9,10,12.1,9,14.8,10,6.4,17,7.4,8.9,8.8,10.1,7.2,12,11.5,9.4,7.6,9,9.4,9.7,14.8,12.6,10.8,14,11.2,16.6,10.1,7.2,13.7,13,15.5,13.3,11.2,13,9,16.9,12.2,7.2,18.7,7.9,10.4,8.3,11.2,9.7,12.6,,,,,,22.2204,114.2127
2026-08-06T14:00,30.5,31.5,32,32.3,30.9,30.5,32.5,31.3,31.5,31.4,31.4,31.1,30.7,31.2,33.3,32,33.1,31.1,31.5,31.5,31.7,31.6,30.7,31.3,32.2,33.5,31.9,30.7,31.4,31.6,31.1,31.3,32,30.8,30.7,31.1,31.8,31.9,32,31.9,70,63,62,56,67,69,58,62,63,62,64,64,67,64,55,59,58,65,63,60,65,63,66,66,58,56,60,62,67,67,65,67,63,67,64,63,64,63,61,65,0,0,0,0,0,0,0,0,0,0,0,0,0,0,0,0,0,0,0,0,0,0,0,0,0,0,0,0,0,0,0,0,0,0,0,0,0,0,0,0,9.5,10,9.5,7.2,9.4,8.7,10.4,9.4,7.3,8,9.3,9.7,11.5,10.1,7.5,7.2,5.9,8.4,9.8,10.5,9.7,7.1,8.9,9.8,8,6.2,9.6,9,8.8,10.5,7.7,9.4,7.7,7.2,9.7,9.8,7,9.5,8.5,7.9,,,,,,,,,,,,,,,,,,,,,,,,,,,,,,,,,,,,,,,,,29.1,30.2,29.3,29.2,29.1,28.7,29,28.9,29.1,28.8,29.2,29,29.6,29.6,28.9,29.1,29,29,29.6,29,29,29,29.2,29.3,28.8,29.4,29.1,29.4,29.2,29.5,29.3,69,65,67,67,68,73,68,68,67,69,68,73,64,67,70,69,67,69,67,72,74,69,68,66,67,67,70,65,67,67,66,0,0,0,0,0,0,0,0,0,0,0,0,0,0,0,0,0,0,0,0,0,0,0,0,0,0,0,0,0,0,0,13,10.6,10.2,7.5,10.7,10.5,13.8,12.5,10.1,13.1,10.5,16.4,9,9.2,13.3,13.1,13.3,14.3,11.9,13.6,11.9,16.4,12.2,8.3,16.9,7.4,11.3,10.6,10.4,9.7,14.1,13,11.5,9,8.6,11.2,10.4,15.1,13,10.8,14,11.5,17.6,10.8,9.4,14.4,14.4,14.8,14.8,12.6,14,11.2,18,13.7,8.3,18.7,8.3,11.2,10.4,10.8,10.8,14.4,,,,,,22.2204,114.2127
2026-08-06T15:00,30.4,31.6,32,32.1,30.7,30.5,32.2,31.2,31.5,31.6,31.4,31.4,30.8,31.2,33.1,31.9,33,31.3,31.5,31.5,31.3,31.7,30.7,31.3,32.4,33.3,31.7,30.8,31.1,31.5,31,31.3,31.8,30.8,30.8,31.3,31.7,31.7,32.1,31.8,70,60,61,57,66,70,60,62,62,60,64,61,65,63,57,59,58,62,61,59,66,62,64,66,55,57,61,62,69,68,63,67,64,66,63,62,64,64,59,65,0,0,0,0,0,0,0,0,0,0,0,0,0,0,0,0,0,0,0,0,0,0,0,0,0,0,0,0,0,0,0,0,0,0,0,0,0,0,0,0,9.3,6.9,9.7,7.7,10.2,8.3,10.8,8,7.2,6.5,8.5,8,9.5,9.3,8.2,6.4,7.2,8,7.9,8.8,10.7,8,6.1,9.6,8,7.7,9.7,7.8,7.9,9.4,8.1,9.4,7.1,7.4,9.1,8.4,7.5,8.7,8.7,8.7,,,,,,,,,,,,,,,,,,,,,,,,,,,,,,,,,,,,,,,,,29.2,30.1,29.3,29.2,29.2,28.8,29,28.9,29.3,28.9,29.3,29.1,29.7,29.7,29,29.2,29,29.1,29.7,29,28.9,29.1,29.2,29.3,28.9,29.4,29.1,29.3,29.2,29.4,29.4,68,67,67,67,68,73,69,68,65,69,67,72,64,66,70,68,67,69,67,72,74,69,68,66,66,67,69,66,67,68,66,0,0,0,0,0,0,0,0,0,0,0,0,0,0,0,0,0,0,0,0,0,0,0,0,0,0,0,0,0,0,0,13.6,13.6,11.5,9.2,12.9,11.4,14.1,13.2,10.5,13,11,16.8,10.5,11.4,15.1,15.3,13.8,15,12.7,14.8,13.3,17.1,14,9.7,16.2,8.4,12.8,12.6,12,12.5,15.6,14,13.7,10.1,9.7,13.3,11.5,16.2,13.7,10.8,14.4,11.9,18,11.9,11.2,15.8,16.2,14.8,16.2,13.7,15.1,13,19.1,15.5,9,18.4,9.4,12.2,13,12.6,13.3,15.8,,,,,,22.2204,114.2127
2026-08-06T16:00,30.1,31.4,31.7,31.7,30.3,30.4,31.6,31,31.3,31.5,31,31.2,30.6,30.9,32.6,31.6,32.7,31.2,31.3,31.4,31,31.5,30.6,31.2,32.2,33,31.4,30.6,30.9,31.2,30.6,31.1,31.4,30.7,30.5,31,31.5,31.4,31.8,31.4,71,59,62,58,66,70,63,61,62,58,64,59,64,64,59,61,60,61,59,57,67,62,63,67,56,59,62,62,70,67,64,68,63,65,63,63,65,64,59,66,0,0,0,0,0,0,0,0,0,0,0,0,0,0,0,0,0,0,0,0,0,0,0,0,0,0,0,0,0,0,0,0,0,0,0,0,0,0,0,0,8.9,6.4,9,7.6,9.6,6.1,10.2,7,7.1,5.9,8.3,7.7,8.9,8.4,8.9,5.9,7.8,7.1,7.1,8,9.3,8.4,5.6,8.5,7.8,8.2,8.1,7.2,7.8,8.2,7.8,9.4,6.8,6.1,8.7,8.2,7.9,7.7,7.9,9,,,,,,,,,,,,,,,,,,,,,,,,,,,,,,,,,,,,,,,,,29.2,29.8,29.2,29.1,29.3,28.9,28.9,28.9,29.5,28.9,29.5,29.1,29.7,29.8,29.1,29.3,29,29.1,29.7,29,28.8,29.2,29.1,29.3,29,29.4,29.1,29.2,29.1,29.3,29.3,68,69,68,68,68,72,70,68,63,69,65,72,65,66,70,68,68,71,67,73,75,70,68,65,66,67,69,67,69,70,66,0,0,0,0,0,0,0,0,0,0,0,0,0,0,0,0,0,0,0,0,0,0,0,0,0,0,0,0,0,0,0,13.9,16,12.2,11.5,15,12.2,15.6,14,10.9,13.2,11,16.6,12.6,13.6,16.6,17.1,14,15.6,13.5,15.4,14.9,17.4,16,10.5,15.2,11.2,13.8,15.1,14.5,15.7,16.4,14.4,16.2,11.2,11.9,16.2,12.6,17.3,14,10.8,14.8,11.9,18,13.3,13,17.3,18.4,15.5,17.3,14.8,15.8,14.8,19.8,16.9,9.4,17.6,10.8,13.3,15.5,14.8,16.2,16.9,,,,,,22.2204,114.2127
2026-08-06T17:00,29.7,30.9,31.1,31.1,29.7,30.1,30.9,30.4,30.8,31,30.2,30.7,30.1,30.5,31.8,31.1,32.1,30.8,30.8,30.8,30.5,31,30.1,30.7,31.6,32.4,30.8,29.9,30.5,30.7,30.1,30.5,30.8,30.3,29.9,30.3,31,30.6,31.2,30.9,73,60,65,61,67,71,64,64,65,59,65,60,67,65,62,63,64,62,60,58,68,64,65,69,59,62,63,64,71,68,64,70,64,65,66,65,67,67,60,67,0,0,0,0,0,0,0,0,0,0,0,0,0,0,0,0,0,0,0,0,0,0,0,0,0,0,0,0,0,0,0,0,0,0,0,0,0,0,0,0,8,6.1,7.3,5.8,9.2,5.6,8.9,7.1,6.3,5.7,8.6,7.9,7.7,6.9,8.6,6.4,7.8,7.8,6.7,7.3,8.7,8.8,5.2,8.1,7.7,8.6,7.6,7.4,7.6,8.3,6.3,10,6.4,5.8,9,8,8.4,8,6.8,6.7,,,,,,,,,,,,,,,,,,,,,,,,,,,,,,,,,,,,,,,,,29.1,29.5,29,28.9,29.2,28.9,28.8,28.7,29.5,28.8,29.5,29,29.6,29.7,29.1,29.3,28.9,29,29.5,28.9,28.6,29.1,28.9,29.2,28.9,29.3,29,28.9,29,29.1,29.2,69,72,69,69,69,72,72,69,63,70,65,73,67,66,71,69,70,72,68,74,76,71,69,66,67,68,69,69,70,71,67,0,0,0,0,0,0,0,0,0,0,0,0,0,0,0,0,0,0,0,0,0,0,0,0,0,0,0,0,0,0,0,14.8,17.3,12.9,13.8,16.3,12.7,16.3,14.8,11.5,13.7,10.9,16.4,14.7,14.8,17.7,17.9,14.2,16.1,14.8,16.1,16.3,17,17.2,11.3,14,13.8,14.4,16.6,16.3,17.3,16.6,15.1,17.6,12.6,13.3,17.6,13.3,17.6,14.8,11.5,14.8,12.2,18,14.4,14.8,18.4,19.4,15.8,18,15.8,16.6,16.2,20.2,18,10.4,16.6,12.6,14.4,17.6,16.6,18.4,17.3,,,,,,22.2204,114.2127
2026-08-06T18:00,29,29.8,30.4,30.2,28.8,29.5,30,29.3,29.9,29.9,29.1,29.7,29.4,29.6,30.8,30.4,31,29.8,29.8,29.7,29.6,30,29.1,29.7,30.5,31.3,29.8,28.9,29.8,29.8,29.3,29.7,29.7,29.5,28.9,29.2,29.9,29.5,30.2,30,77,64,68,65,69,73,67,68,69,62,67,65,71,68,65,67,70,65,63,63,70,68,69,74,65,69,67,69,74,70,67,75,67,67,71,70,73,71,64,70,0,0,0,0,0,0,0,0,0,0,0,0,0,0,0,0,0,0,0,0,0,0,0,0,0,0,0,0,0,0,0,0,0,0,0,0,0,0,0,0,7.8,6.2,7.3,5.5,8.8,5.4,8.4,6.8,5.8,5.5,8,7.6,6.4,5.9,6.1,5.1,7.6,8,6.3,6.8,8.6,9.4,4.8,8.8,7.6,9.7,6.6,6.6,6.1,8.4,6.2,9.6,6.3,5.4,9,7.7,9.1,8.1,7.2,5.7,,,,,,,,,,,,,,,,,,,,,,,,,,,,,,,,,,,,,,,,,28.7,29,28.7,28.6,28.9,28.6,28.5,28.5,29.1,28.5,29.2,28.7,29.2,29.3,28.8,29,28.6,28.7,29.1,28.6,28.3,28.8,28.7,28.9,28.7,28.9,28.7,28.6,28.7,28.8,29,71,75,72,71,71,74,74,71,66,71,67,75,70,68,73,72,72,74,70,76,78,73,71,68,68,70,70,71,72,72,69,0,0,0,0,0,0,0,0,0,0,0,0,0,0,0,0,0,0,0,0,0,0,0,0,0,0,0,0,0,0,0,15.1,16.9,13.7,14.4,16.1,12.7,14.8,14.9,12.8,13.1,11.6,15.6,14.9,15.2,17.7,17.2,13.9,16,16.2,16.3,16.4,16,16.6,12.8,12.1,15,14.4,16.8,15.9,16.9,15.5,15.5,18.4,14.4,14.4,17.6,13.7,16.6,15.1,14,13.7,12.6,17.6,15.5,16.6,18.7,19.4,15.8,18.4,17.6,16.9,16.9,19.1,17.6,12.2,15.1,14.4,14.8,18.7,16.6,18.4,16.2,,,,,,22.2204,114.2127
2026-08-06T19:00,28,28.4,29.3,28.8,27.5,28.5,28.7,27.8,28.7,28.4,27.7,28.4,28.4,28.5,29.7,29.4,29.5,28.4,28.5,28.4,28.3,28.8,27.7,28.5,29,29.7,28.5,27.7,28.7,28.6,28.1,28.8,28.4,28.4,27.7,28,28.3,28.2,28.6,28.8,82,70,73,73,74,78,73,75,75,67,72,71,78,74,69,72,77,71,71,70,77,73,76,80,73,76,74,76,79,75,72,80,72,72,78,77,80,77,73,75,0,0,0,0,0,0,0,0,0,0,0,0,0,0,0,0,0,0,0,0,0,0,0,0,0,0,0,0,0,0,0,0,0,0,0,0,0,0,0,0,6.6,5.2,6.2,4.7,6.9,4.8,7.2,5.7,4.2,5.2,6.5,7.2,5.7,4.5,3.6,4.4,6.1,7.2,4.4,5.2,7.3,9.1,4,8.3,7.2,9.2,5.8,5.4,5.2,6.2,5.7,8,5,4.4,7.5,6.3,9,7.2,6.2,4.4,,,,,,,,,,,,,,,,,,,,,,,,,,,,,,,,,,,,,,,,,28.2,28.5,28.2,28.3,28.4,28.2,28.1,28.1,28.5,28.2,28.8,28.2,28.7,28.7,28.4,28.6,28.3,28.2,28.6,28.3,28,28.3,28.4,28.5,28.4,28.4,28.4,28.1,28.3,28.6,28.6,75,78,75,72,74,76,77,74,71,73,70,78,73,71,75,75,75,76,73,79,79,75,74,70,71,73,72,74,73,73,72,0,0,0,0,0,0,0,0,0,0,0,0,0,0,0,0,0,0,0,0,0,0,0,0,0,0,0,0,0,0,0,14.4,16,14.7,14,14.8,12.6,12.4,14.1,14.8,11.6,12.3,14.2,15,15.7,16.6,15.5,13,15.3,17.2,15.6,15.7,14.1,14.8,14,10.5,15.5,13.8,16.1,14.6,15.1,13.4,15.8,18.4,16.2,15.1,16.6,14,14.4,15.1,16.9,12.2,13.3,16.9,16.2,18.4,18.7,18.4,16.2,18,19.4,17.3,17.3,17.3,16.6,14.8,13,16.2,14.4,19.1,15.5,17.3,14.4,,,,,,22.2204,114.2127
2026-08-06T20:00,27.3,27.5,28.5,27.8,26.5,27.8,27.7,26.9,27.9,27.3,26.8,27.5,27.7,27.8,29.1,28.7,28.5,27.3,27.5,27.4,27.3,27.9,26.8,27.6,28.1,28.7,27.4,26.8,27.8,27.6,27.2,28.1,27.5,27.4,26.8,27.1,27.1,27.3,27.5,27.9,87,77,79,80,81,83,81,82,80,73,78,78,84,81,73,76,83,78,78,79,82,77,82,85,80,80,81,83,84,82,78,84,77,77,85,84,84,82,82,80,0,0,0,0,0,0,0,0,0,0,0,0,0,0,0,0,0,0,0,0,0,0,0,0,0,0,0,0,0,0,0,0,0,0,0,0,0,0,0,0,5.2,4.1,4.2,4,5,3.7,6.4,4.2,3,3.5,5.4,5.4,4.8,2.9,2.5,3,5.2,5.8,3.6,4,5.7,7.4,3.1,6.5,5.6,6.6,4.3,4,4.7,4.7,3.9,6.5,3.4,4.3,4.7,4.2,7.1,5.4,4,4,,,,,,,,,,,,,,,,,,,,,,,,,,,,,,,,,,,,,,,,,27.8,28,27.9,28,27.9,27.9,27.8,27.8,28,27.9,28.3,27.9,28.2,28.2,28.1,28.3,28,27.8,28.1,28,27.7,28,28.1,28.2,28.1,28,28.1,27.8,28,28.3,28.2,78,80,78,74,77,79,79,76,75,75,73,80,76,74,77,79,77,78,76,81,81,77,77,73,73,75,74,77,75,74,74,0,0,0,0,0,0,0,0,0,0,0,0,0,0,0,0,0,0,0,0,0,0,0,0,0,0,0,0,0,0,0,14.2,14.6,15.3,13.4,13.5,12.6,10.8,13.7,16.3,10.4,13,13.5,14.4,16.2,15.5,14.2,12.5,14.6,17.7,15.2,14.8,12.5,13.2,14.9,10.2,15.5,13.3,15.8,13.4,13.8,12,16.6,17.6,18,15.1,15.5,14.4,13,15.5,19.4,11.5,14,16.2,16.6,19.4,18.7,17.6,15.5,17.6,20.9,17.3,17.3,15.8,15.5,16.6,11.9,17.6,14.8,19.4,14.8,16.9,13.7,,,,,,22.2204,114.2127
2026-08-06T21:00,26.8,27.1,28.2,27.3,26,27.4,27.3,26.4,27.5,26.8,26.3,27,27.3,27.5,28.9,28.5,27.8,26.8,27,26.8,26.7,27.4,26.3,27.1,27.6,28,27,26.4,27.2,27,26.7,27.9,27.2,26.9,26.3,26.6,26.4,26.9,26.9,27.3,90,82,83,84,86,86,86,87,83,77,83,84,88,84,74,79,86,83,82,84,87,81,86,89,86,83,86,87,86,87,83,86,79,81,90,90,86,86,87,83,0,0,0,0,0,0,0,0,0,0,0,0,0,0,0,0,0,0,0,0,0,0,0,0,0,0,0,0,0,0,0,0,0,0,0,0,0,0,0,0,4.1,3.1,3.4,3.2,4.3,2.7,5.6,2.9,2.6,3.1,4.3,3.8,4,2.6,2.2,2.3,4.6,4.7,2.9,3.8,3.8,5,2.7,4.7,4.2,4.2,3.8,3.2,4.7,4.3,2.4,5.2,2.7,4,3.6,3.3,4.1,3.7,3.6,3.7,,,,,,,,,,,,,,,,,,,,,,,,,,,,,,,,,,,,,,,,,27.6,27.8,27.7,27.8,27.7,27.7,27.7,27.5,27.7,27.7,27.9,27.7,28,27.9,27.8,28,27.8,27.6,27.8,27.7,27.5,27.8,27.8,27.9,27.8,27.7,27.8,27.5,27.8,28,28,80,81,80,75,79,81,80,78,78,76,76,81,78,77,79,82,79,80,79,83,82,78,79,76,76,77,77,79,76,76,76,0,0,0,0,0,0,0,0,0,0,0,0,0,0,0,0,0,0,0,0,0,0,0,0,0,0,0,0,0,0,0,14.4,13,16,12.1,13,12.7,10.2,13.8,16.7,10.9,13.6,12.7,13.7,15.9,15.3,14.1,11.6,14,17.7,14.8,14.2,11.7,12.9,15,10.4,16.1,13.7,16.4,13,14.1,11.9,18,15.5,19.4,14.4,15.1,15.5,12.2,16.2,20.5,12.2,15.1,15.5,15.8,19.4,18.7,18,14,17.3,21.6,17.6,16.6,14.8,15.1,18,11.9,19.1,15.8,20.9,14.8,18,14.8,,,,,,22.2204,114.2127
2026-08-06T22:00,26.4,27,28,27.1,25.7,27.2,27.1,26.1,27.2,26.6,25.9,26.7,27.1,27.3,28.6,28.3,27.3,26.4,26.8,26.6,26.3,27.1,26,26.7,27.3,27.5,26.7,26.2,26.8,26.6,26.4,27.7,27,26.6,26,26.4,26,26.6,26.7,26.9,93,84,85,86,89,88,88,90,85,80,87,88,90,86,75,80,87,86,84,88,90,84,88,93,90,87,89,89,88,89,86,88,81,83,92,93,89,89,90,85,0,0,0,0,0,0,0,0,0,0,0,0,0,0,0,0,0,0,0,0,0,0,0,0,0,0,0,0,0,0,0,0,0,0,0,0,0,0,0,0,3.6,2.3,2.6,2.5,4.4,2.3,4.7,2.3,1.5,2.5,3.1,2.8,3.2,2.1,1.5,2.4,4,4.5,2.5,3.3,2.5,3.1,2.1,3.7,3.1,2.8,3,2.4,3.6,4,1.8,4,2.4,3.3,2.8,2.8,2.3,2.8,3.1,3.3,,,,,,,,,,,,,,,,,,,,,,,,,,,,,,,,,,,,,,,,,27.4,27.7,27.5,27.7,27.5,27.5,27.6,27.4,27.5,27.5,27.6,27.5,27.8,27.7,27.6,27.7,27.6,27.5,27.6,27.5,27.4,27.7,27.5,27.6,27.6,27.6,27.6,27.3,27.6,27.7,27.7,82,81,81,76,81,83,81,80,80,78,79,82,80,80,80,85,80,82,81,85,83,80,80,79,79,78,80,81,78,79,78,0,0,0,0,0,0,0,0,0,0,0,0,0,0,0,0,0,0,0,0,0,0,0,0,0,0,0,0,0,0,0,15.4,11.1,16.4,11.2,12.6,13.3,10.2,14.2,16.3,12.5,13.9,12,12.6,15,14.8,14.5,10.3,13.1,17.5,14.1,13.1,10.7,13,15.2,10.7,16.3,14.2,17.1,13,15.4,13.1,19.4,13,20.5,13,14.8,16.9,11.9,17.3,20.9,13.7,16.2,14.4,14.8,19.1,18.7,18.7,12.2,16.9,22,18,15.5,13.7,15.1,19.1,13,20.5,17.3,22.3,15.1,20.2,16.6,,,,,,22.2204,114.2127
2026-08-06T23:00,26.1,26.8,28,26.9,25.5,27,27,25.8,26.8,26.3,25.7,26.5,27.1,27.1,28.3,28.1,26.9,26.1,26.6,26.4,26,26.7,25.7,26.5,27.4,27.2,26.7,26.1,26.5,26.3,26.2,27.6,26.9,26.4,26,26.4,25.7,26.4,26.6,26.5,94,86,86,87,92,89,90,92,88,82,90,91,91,88,77,81,89,89,85,90,91,87,90,95,91,90,89,90,90,91,88,90,82,85,93,94,90,91,92,88,0,0,0,0,0,0,0,0,0,0,0,0,0,0,0,0,0,0,0,0,0,0,0,0,0,0,0,0,0,0,0,0,0,0,0,0,0,0,0,0,2.9,1.8,2.3,1.9,3.8,2.6,3.9,1.6,1.4,2.1,2.9,2.7,2.5,1.8,1.6,2.5,3.3,4,2.3,2.9,2.6,3.4,1.5,2.5,1.8,2.5,1.5,1.8,1.8,3.2,2.2,3.7,2.3,1.8,2.8,2.6,1.6,2.3,2.8,2.1,,,,,,,,,,,,,,,,,,,,,,,,,,,,,,,,,,,,,,,,,27.2,27.6,27.4,27.6,27.4,27.3,27.5,27.2,27.3,27.4,27.3,27.4,27.7,27.5,27.4,27.5,27.5,27.3,27.4,27.3,27.3,27.5,27.3,27.4,27.4,27.5,27.5,27.2,27.5,27.5,27.5,83,81,82,77,82,85,82,81,81,79,82,82,81,83,81,87,81,83,83,87,83,81,81,82,81,80,82,83,79,81,80,0,0,0,0,0,0,0,0,0,0,0,0,0,0,0,0,0,0,0,0,0,0,0,0,0,0,0,0,0,0,0,15.6,9.7,16.8,10.2,11.7,13,9.7,14.7,15.2,13.2,14,10.9,10.8,14.6,14.1,14.1,8.5,12.3,16.8,13.6,12,9.7,12.3,15.5,10.1,16.4,14.2,16.8,12.8,15.9,13.9,20.2,11.2,21.6,11.9,14,17.3,11.5,18,20.2,14.8,16.9,13.3,13,18.7,18,18,10.1,15.8,21.6,18,14.4,12.6,14.8,19.8,12.6,21.2,18,23,15.1,21.2,17.6,,,,,,22.2204,114.2127
2026-08-07T00:00,25.9,26.7,27.8,26.6,25.4,26.9,26.9,25.5,26.5,26.1,25.6,26.4,27,26.9,28.1,27.8,26.6,25.9,26.5,26.3,25.8,26.4,25.4,26.3,27.2,27,26.5,25.9,26.2,26.1,26,27.4,26.6,26.2,26,26.3,25.4,26.2,26.4,26.3,95,87,87,88,93,90,90,94,90,84,92,92,91,90,79,83,90,91,85,92,93,89,91,96,92,91,89,91,91,92,90,92,84,86,93,95,91,92,93,89,0,0,0,0,0,0,0,0,0,0,0,0,0,0,0,0,0,0,0,0,0,0,0,0,0,0,0,0,0,0,0,0,0,0,0,0,0,0,0,0,1.9,1.3,1.5,1.4,1.9,2.3,2.6,1.5,1.1,1.6,2.6,2.3,2.5,1.5,2.1,1.8,3.4,3.3,2.3,2.7,3.3,3.8,1.1,2.5,0.4,2.9,0.5,1.1,0.8,2.3,1.8,4.5,2,0.7,2.4,2.3,3.4,2.1,2.9,2.3,,,,,,,,,,,,,,,,,,,,,,,,,,,,,,,,,,,,,,,,,27.1,27.5,27.2,27.4,27.2,27.2,27.3,27.1,27.2,27.2,27.1,27.3,27.5,27.3,27.2,27.3,27.3,27.2,27.2,27.2,27.2,27.4,27.2,27.3,27.2,27.3,27.3,27.1,27.4,27.3,27.4,84,82,83,79,83,86,83,82,82,80,84,82,83,85,82,88,82,84,84,87,83,82,82,83,82,82,83,84,80,83,81,0,0,0,0,0,0,0,0,0,0,0,0,0,0,0,0,0,0,0,0,0,0,0,0,0,0,0,0,0,0,0,14.9,10.2,16.8,9.9,10.2,11.7,9.3,14.6,13.2,12.7,13.3,9.4,8.6,14.8,12.3,12.3,6.7,10.8,15.3,12.7,11.1,8.8,10.9,15.9,8.3,16.1,13.6,15.3,11.9,15.3,13,19.8,12.2,22.3,11.9,12.6,15.8,11.5,18.4,17.6,14.4,16.6,12.2,10.4,19.1,16.6,15.1,7.6,14.4,19.8,17.3,14,10.8,13.3,20.5,10.4,21.6,18,22,14,21.6,16.6,,,,,,22.2204,114.2127
2026-08-07T01:00,25.8,26.5,27.7,26.4,25.3,26.8,26.9,25.2,26.1,25.8,25.4,26.3,27,26.6,28,27.5,26.4,25.8,26.3,26.2,25.4,26.2,25.1,26.1,26.9,26.8,26.3,25.6,26,25.9,25.7,27.4,26.4,26,25.9,26.2,25,26,26.2,26.1,95,88,88,89,93,91,89,95,92,87,93,93,91,92,78,84,91,92,86,92,95,91,93,97,93,93,90,92,92,93,91,92,86,87,93,95,92,93,94,90,0,0,0,0,0,0,0,0,0,0,0,0,0,0,0,0,0,0,0,0,0,0,0,0,0,0,0,0,0,0,0,0,0,0,0,0,0,0,0,0,1.5,1.3,1.5,2.5,1.5,2.3,1.3,0.8,1.3,1.1,2.5,1.9,2.5,1.3,2.8,1.8,3.2,3.1,2.3,2.1,3.8,4,1.1,1.4,0.4,3.3,2,0.5,0.8,2.4,0.5,5.4,0.8,2.7,2.2,1.5,4.8,1.5,3.2,2.4,,,,,,,,,,,,,,,,,,,,,,,,,,,,,,,,,,,,,,,,,27.1,27.4,27.1,27.3,27,27,27.2,27.1,27.2,27,27,27.2,27.4,27.2,27.1,27.2,27.2,27.1,27.1,27.1,27.1,27.2,27.1,27.3,27.1,27.1,27.2,27.1,27.3,27.2,27.2,85,82,83,81,84,87,84,83,83,81,84,81,84,87,83,89,82,85,85,87,84,84,83,84,83,84,84,85,81,85,82,0,0,0,0,0,0,0,0,0,0,0,0,0,0,0,0,0,0,0,0,0,0,0,0,0,0,0,0,0,0,0,14.1,11.5,16.9,10.3,8.3,10,9.2,14.3,10.5,11.5,12.3,8.4,6.2,15.7,11,9.3,4.4,9.5,13.1,11.6,11,7.7,9.4,16.4,5.9,16.1,13,13.5,10.4,15,11.7,18.7,14.4,23,12.6,10.8,13.3,11.5,18,14,13.7,15.8,11.2,7.6,20.2,14.4,11.5,5,12.6,17.6,15.8,13.7,9,11.5,21.2,7.2,21.2,17.6,20.2,12.2,21.2,14.4,,,,,,22.2204,114.2127
2026-08-07T02:00,25.8,26.4,27.5,26.4,25.3,26.6,26.8,25,25.9,25.6,25.4,26.2,26.9,26.4,28,27.3,26.1,25.6,26.1,26.1,25.2,26.1,24.9,25.9,26.7,26.5,26.2,25.5,25.8,25.8,25.4,27.3,26.2,26.1,25.9,26.1,24.7,25.8,25.9,25.9,95,90,89,88,93,92,89,97,93,89,94,94,90,94,77,85,92,93,87,93,97,92,94,98,94,94,91,93,93,94,93,90,87,85,93,96,93,94,95,90,0,0,0,0,0,0,0,0,0,0,0,0,0,0,0,0,0,0,0,0,0,0,0,0,0,0,0,0,0,0,0,0,0,0,0,0,0,0,0,0,2.6,1.5,1,2.6,2.3,2.4,0.7,1.1,2.6,1.8,2.4,1.8,3.6,1.6,2.3,1.9,3.2,3.3,2.1,1,3.7,4.3,1.3,1.3,1.5,4.1,1.6,1.3,1.8,3.6,0.5,4.2,1.1,2.8,3.3,0.8,3.9,0.7,4.1,2.3,,,,,,,,,,,,,,,,,,,,,,,,,,,,,,,,,,,,,,,,,27,27.3,27,27.1,26.9,26.9,27.1,27,27.2,26.8,26.9,27.1,27.3,27.1,26.9,27,27.2,27,27,27,27,27.1,27,27.2,27,27,27.1,27,27.2,27.1,27.1,85,83,84,82,84,87,85,83,83,82,85,81,85,88,84,89,82,85,86,87,84,85,84,84,83,85,85,86,81,86,83,0,0,0,0,0,0,0,0,0,0,0,0,0,0,0,0,0,0,0,0,0,0,0,0,0,0,0,0,0,0,0,13,12,16.7,10.9,7.7,7.8,9.6,13.8,8.5,10.9,11.9,7.6,4.5,15.9,10.2,6.7,2.7,8.1,10.9,9.9,11.3,6.7,7.6,16.8,3.7,16,12.7,12.1,9,14.5,10.2,17.3,15.1,23,13.3,9.4,10.4,11.5,17.6,10.8,13,15.5,9.7,5.4,20.9,12.6,8.3,3.2,10.4,15.1,14,13.3,7.9,9.7,21.6,4.7,20.9,16.9,17.6,10.8,20.2,12.6,,,,,,22.2204,114.2127
2026-08-07T03:00,25.9,26.3,27.3,26.4,25.3,26.4,26.7,24.8,25.8,25.4,25.3,26.1,26.8,26.3,27.9,27.2,25.9,25.5,25.9,26,25,26,24.8,25.9,26.6,26.4,26.1,25.3,25.7,25.5,25.2,27.1,26,26,25.8,26,24.5,25.6,25.7,25.8,94,90,90,86,93,93,88,98,92,90,94,94,90,94,77,85,93,94,88,94,98,93,94,98,95,94,91,94,93,95,94,90,88,84,93,96,94,95,95,90,0,0,0,0,0,0,0,0,0,0,0,0,0,0,0,0,0,0,0,0,0,0,0,0,0,0,0,0,0,0,0,0,0,0,0,0,0,0,0,0,3.4,1.1,1.6,3.1,3.5,2.4,1.6,1.3,1.8,1,2.8,2.4,3.6,2.5,2.3,2.3,3.4,3.7,2.6,0.7,3.2,5.1,2.2,3.9,3.4,4.3,1.8,1.6,2.6,3.8,1.3,3.6,0.4,3.3,4.2,1.8,4.8,0.4,3.9,2.2,,,,,,,,,,,,,,,,,,,,,,,,,,,,,,,,,,,,,,,,,26.9,27.2,26.9,27,26.8,26.8,27,26.9,27.1,26.7,26.7,27,27.1,27,26.8,26.9,27.2,26.9,26.9,26.9,26.9,26.9,26.9,27.1,27,26.9,27,27,27.2,27,27,85,83,85,83,84,87,85,83,83,82,85,81,85,89,84,89,82,85,86,87,84,86,84,84,83,86,86,87,81,87,84,0,0,0,0,0,0,0,0,0,0,0,0,0,0,0,0,0,0,0,0,0,0,0,0,0,0,0,0,0,0,0,11.6,10.5,16.2,11.5,7.6,5.2,9.6,13.1,7.4,10.8,12.5,5.8,3.6,16.3,9.2,4.4,2.2,6.3,9.2,7.6,10.8,6.1,5,17,2.1,15.2,12.2,10.5,7.7,12.9,8.7,15.8,13,22.3,13.7,9,7.6,11.9,16.9,9,13,15.8,7.6,4.7,21.6,11.2,6.5,2.9,8.3,13,11.5,12.6,7.6,7.2,21.6,3.6,20.2,16.2,14.8,9.7,18,11.2,,,,,,22.2204,114.2127
2026-08-07T04:00,25.9,26.2,27.2,26.3,25.1,26.2,26.6,24.7,25.5,25.3,25.3,26.1,26.7,26.3,27.9,27.2,25.8,25.5,25.7,25.8,24.9,26,24.8,25.9,26.7,26.3,26.1,25.2,25.8,25.4,25.1,26.5,25.8,25.7,25.7,26,24.4,25.4,25.5,25.7,93,91,90,85,94,93,88,99,93,91,94,92,91,93,76,84,94,94,88,95,99,94,94,97,92,94,89,94,92,95,94,94,89,85,92,96,94,96,96,90,0,0,0,0,0,0,0,0,0,0,0,0,0,0,0,0,0,0,0,0,0,0,0,0,0,0,0,0,0,0,0,0,0,0,0,0,0,0,0,0,3.4,0.4,2.9,4.2,3.4,2.6,2.2,1.3,1.8,1.8,2.3,2.4,3.4,2.9,2.9,2.8,3.3,3.7,1.8,1.5,2.6,5.5,1.8,4,4,4.2,2.9,1.9,3.3,3.8,2.3,3.3,1,2.9,4.2,1.9,4,2.5,4.1,2.3,,,,,,,,,,,,,,,,,,,,,,,,,,,,,,,,,,,,,,,,,26.8,27.1,26.8,27,26.7,26.7,26.9,26.8,27,26.7,26.6,27,27,26.9,26.7,26.8,27.2,26.9,26.8,26.9,26.8,26.8,26.8,27,27,26.8,26.8,26.9,27.1,26.9,26.9,85,84,85,83,84,86,85,83,83,82,86,82,85,88,84,88,82,85,87,87,84,86,83,84,83,86,86,88,81,87,84,0,0,0,0,0,0,0,0,0,0,0,0,0,0,0,0,0,0,0,0,0,0,0,0,0,0,0,0,0,0,0,10.7,8,15.2,11.9,8,2.5,9.4,12,6.6,10.9,13.5,3.6,4.1,17.2,8.1,2.9,2.6,4.6,7.8,5.8,9.8,6.6,2.1,17.1,1.6,14.4,11.7,8,6.6,10.8,7.7,14.4,9.7,20.9,14.4,9.7,4.7,11.9,15.8,7.6,13.3,16.2,5.4,5,22.7,10.1,5,3.6,5.8,10.8,9,11.5,7.9,4.3,21.6,3.2,19.4,15.1,11.2,8.6,15.1,9.7,,,,,,22.2204,114.2127
2026-08-07T05:00,25.9,26.1,27.2,26.4,25.1,26.1,26.5,24.5,25.4,25.2,25.3,26.1,26.5,26.3,27.9,27.2,25.7,25.4,25.6,25.8,24.7,26.1,24.7,25.7,26.6,26.1,26.1,25.2,25.8,25.4,25.2,26.4,25.7,25.7,25.7,25.9,24.3,25.5,25.4,25.6,92,92,89,84,94,94,89,100,93,91,94,91,92,92,74,82,94,95,90,95,100,93,94,97,90,95,87,92,91,95,93,95,90,86,92,96,95,95,96,90,0,0,0,0,0,0,0,0,0,0,0,0,0,0,0,0,0,0,0,0,0,0,0,0,0,0,0,0,0,0,0,0,0,0,0,0,0,0,0,0,3.2,1.1,2.9,3.8,3.3,2.2,2.2,0.4,1.8,1.5,2.3,2.7,3.4,2.9,3.1,2.3,3.8,4,1.8,2.4,2.4,5.3,1.1,3.3,4.7,4.1,3.5,2.6,2.9,4.6,2.5,4.5,2.3,2.9,4,0.8,4,3.6,4.1,2.6,,,,,,,,,,,,,,,,,,,,,,,,,,,,,,,,,,,,,,,,,26.7,27.1,26.9,27,26.7,26.7,26.9,26.8,27,26.8,26.6,27,27,26.9,26.7,26.9,27.2,26.9,26.8,26.9,26.8,26.8,26.8,27,27,26.8,26.8,26.9,27.1,26.9,26.9,85,84,85,83,84,85,85,83,83,82,85,82,85,88,84,87,82,85,86,86,84,86,82,83,82,86,86,88,81,86,84,0,0,0,0,0,0,0,0,0,0,0,0,0,0,0,0,0,0,0,0,0,0,0,0,0,0,0,0,0,0,0,10.1,6.9,14.4,12.4,8.6,1,9.4,11.4,6,11.2,14.1,3.2,4.7,17.2,7.6,3.4,3.1,3.1,7.2,5.8,9.1,7.4,2,16.8,2.8,14.1,11.2,6.5,6.2,9.6,7.6,12.6,7.9,19.1,14.8,10.1,2.5,11.5,14.8,6.8,13.3,16.2,4.3,5.4,22.7,9.7,4.3,4,4.3,9,7.2,10.8,8.3,2.9,20.9,3.2,18.4,14,8.6,7.6,12.6,9,,,,,,22.2204,114.2127
2026-08-07T06:00,25.9,26,27.1,26.3,25,25.9,26.4,24.4,25.3,25.1,25.3,26.1,26.3,26.2,28,27.1,25.7,25.3,25.4,25.8,24.6,26.2,24.5,25.6,26.4,26.1,26.1,25.2,25.6,25.5,25.2,26.4,25.8,25.6,25.6,25.8,24.2,25.4,25.4,25.5,92,92,89,85,94,94,89,99,93,92,93,91,93,92,74,82,95,95,91,94,100,92,95,98,90,96,87,92,92,92,92,95,88,87,93,95,95,94,96,90,0,0,0,0,0,0,0,0,0,0,0,0,0,0,0,0,0,0,0,0,0,0,0,0,0,0,0,0,0,0,0,0,0,0,0,0,0,0,0,0,2.3,1.1,2.9,3.3,3.1,1.8,4.3,1.3,2.1,1.3,3,2.9,3.4,2.5,3.6,2.1,4.1,3.6,2.3,2.3,2.3,4.5,1.3,3,3.6,4.5,2.9,2.5,2.8,5.4,2.2,5.1,2.6,2.3,3.8,2.5,4,3,3.9,2.7,,,,,,,,,,,,,,,,,,,,,,,,,,,,,,,,,,,,,,,,,26.9,27.1,27,27.1,26.8,26.8,27,26.9,27,26.9,26.6,27,27.1,27,26.8,27,27.3,26.9,26.9,26.9,26.9,26.9,27,27,27.1,26.9,26.9,27,27.2,27.1,27,84,84,84,82,83,83,84,82,82,81,84,81,84,87,83,86,81,84,84,85,83,85,81,82,81,85,85,87,80,84,83,0,0,0,0,0,0,0,0,0,0,0,0,0,0,0,0,0,0,0,0,0,0,0,0,0,0,0,0,0,0,0,8.7,7.6,12.8,12.6,9.4,1.5,8.1,10.8,5.4,11.2,13.3,4.2,5.4,16.3,9,4.1,2.3,2.7,6.4,6.7,9.4,7.7,2.9,15.6,4.1,13.7,10.1,5.5,6.1,8.9,7.5,10.4,9,16.6,14.8,10.4,1.8,9.7,13.7,6.5,13,15.1,4.7,5.8,21.6,11.2,4.7,3.2,4.3,7.9,7.6,11.2,8.3,3.2,19.1,4.3,17.3,12.2,7.6,6.8,11.2,8.6,,,,,,22.2204,114.2127
2026-08-07T07:00,26.3,26.4,27.5,26.7,25.5,26.3,26.9,24.9,25.9,25.5,25.8,26.5,26.7,26.6,28.5,27.5,26.3,25.9,26,26.2,25.1,26.6,25,26.1,27,26.8,26.6,25.7,26,26.2,25.6,26.9,26.4,25.9,26,26.3,24.8,25.9,26,26.1,91,91,88,85,94,94,87,99,91,91,91,89,93,91,73,82,93,94,89,92,99,91,94,97,86,94,86,90,92,89,90,92,85,87,93,93,94,93,95,88,0,0,0,0,0,0,0,0,0,0,0,0,0,0,0,0,0,0,0,0,0,0,0,0,0,0,0,0,0,0,0,0,0,0,0,0,0,0,0,0,2.5,1.5,1.3,3,2.9,1.8,5.1,1.3,2.3,1.6,3.2,2.2,2.9,2.5,3.8,1.9,3.4,3.4,2.9,1.8,2,4,1.8,2.4,3,4.7,2.6,1.5,2.4,5,1.8,2.6,2.3,0.5,2.6,3.3,4,1.8,3.9,2.9,,,,,,,,,,,,,,,,,,,,,,,,,,,,,,,,,,,,,,,,,27.1,27.1,27.2,27.3,27,27,27.2,27.1,27.2,27.2,26.8,27.2,27.3,27.2,27,27.2,27.4,27.1,27.1,27,27.1,27,27.3,27.1,27.3,27.1,27.2,27.1,27.3,27.3,27.2,82,84,81,81,82,81,82,81,80,79,81,79,83,86,82,84,80,83,82,84,81,84,79,81,80,83,82,85,79,82,81,0,0,0,0,0,0,0,0,0,0,0,0,0,0,0,0,0,0,0,0,0,0,0,0,0,0,0,0,0,0,0,6.9,9.6,10,12.6,9.8,2.1,6.5,9.8,4.7,10.9,11.9,5.4,5.8,14.8,10.9,4.8,1.3,3.7,5.5,8.3,10.4,7.8,4,13.8,5.8,13,8.6,5.6,5.8,7.9,7.4,7.9,11.2,13.3,14.8,11.2,2.2,7.6,12.2,6.1,13,13.7,6.1,6.8,19.4,13.3,5.4,2.5,5,6.8,9.4,11.9,8.3,4.7,16.6,6.1,16.2,10.8,7.2,6.5,10.1,9,,,,,,22.2204,114.2127
2026-08-07T08:00,27.2,27.3,28.3,27.5,26.9,27.6,27.8,26.6,27.4,26.8,26.6,27.4,27.8,27.8,29.1,28.4,28.3,27.2,27.4,27.3,27.2,27.6,26.5,27.4,28.1,28.4,27.6,26.8,27.5,27.9,26.9,28.1,27.3,27.2,27.1,27.3,26.8,27.1,27.9,27.3,89,87,85,82,88,87,82,87,84,84,86,85,89,87,73,79,77,88,82,87,85,84,87,88,84,80,82,86,83,76,84,87,82,82,87,89,83,85,81,81,0,0,0,0,0,0,0,0,0,0,0,0,0,0,0,0,0,0,0,0,0,0,0,0,0,0,0,0,0,0,0,0,0,0,0,0,0,0,0,0,1.6,0.8,0.4,2.9,1.8,1.1,4.3,1.5,2.3,1,3,2.6,3.7,2.5,3.3,2.3,3.8,3.3,2.1,1.8,2.8,4.9,1.6,3.1,1.9,6,2.1,1.5,2.4,5.6,1.1,3.6,1.5,0.7,2.7,3,4.5,1.8,5.4,2.4,,,,,,,,,,,,,,,,,,,,,,,,,,,,,,,,,,,,,,,,,27.4,27.3,27.6,27.6,27.3,27.3,27.5,27.4,27.5,27.6,27.2,27.5,27.7,27.5,27.3,27.6,27.6,27.4,27.4,27.3,27.5,27.4,27.7,27.4,27.7,27.4,27.5,27.5,27.7,27.8,27.6,80,83,79,79,81,78,80,79,78,77,79,77,81,84,80,82,79,81,79,82,79,82,77,79,78,81,80,82,77,79,79,0,0,0,0,0,0,0,0,0,0,0,0,0,0,0,0,0,0,0,0,0,0,0,0,0,0,0,0,0,0,0,6.1,11.2,8.7,12.6,10.6,1.9,5.4,10,4.7,10.7,10.9,6.8,6.1,13.7,12,5.4,0.5,4.2,4.9,9.4,10.9,7.1,4.5,12.4,6.6,12.7,7.9,5.7,5.4,7.4,7.2,6.8,13,11.2,14.8,11.9,2.5,6.5,11.9,6.1,12.6,12.6,7.6,7.2,17.6,14.4,6.5,2.2,5.4,6.5,10.4,12.2,7.9,6.1,14.8,7.2,15.5,9.7,6.8,6.1,9.4,9,,,,,,22.2204,114.2127
2026-08-07T09:00,28.4,28.4,29.4,28.6,28.4,28.9,29.2,28.2,29.1,28.4,27.7,28.7,28.9,29.2,30.1,29.7,29.8,28.4,28.9,28.7,28.5,28.6,28.2,28.7,29.8,29.4,29,28.2,28.8,29,28.3,29.3,28.4,28.7,28.4,28.6,28.4,28.5,29,28.9,82,80,79,78,81,78,71,79,74,73,80,78,83,80,69,69,70,82,75,77,80,78,76,81,70,75,73,80,77,70,79,77,75,74,82,79,74,77,77,71,0,0,0,0,0,0,0,0,0,0,0,0,0,0,0,0,0,0,0,0,0,0,0,0,0,0,0,0,0,0,0,0,0,0,0,0,0,0,0,0,1.8,1,0.8,3.1,2.5,1.3,4.3,0.8,2.6,1.1,2.5,2.2,4.3,3.2,4.1,2.4,4.8,4.7,2.8,1.9,4.2,7.1,1.5,2.3,2.6,7.4,3.1,2,2.4,6.2,1.1,5.3,1.8,2.3,2.8,3.6,5.7,2.2,5.3,3.1,,,,,,,,,,,,,,,,,,,,,,,,,,,,,,,,,,,,,,,,,27.9,27.8,28.2,28.1,27.7,27.8,28,27.9,28.1,28.2,27.8,28.1,28.2,28.1,28,28.1,28,28.1,28.1,27.9,28.2,28,28.3,28.1,28.2,28,28.1,28.1,28.4,28.4,28.3,77,81,76,76,79,74,77,77,75,74,76,74,78,81,77,79,77,77,76,79,76,78,74,76,75,77,77,78,74,76,75,0,0,0,0,0,0,0,0,0,0,0,0,0,0,0,0,0,0,0,0,0,0,0,0,0,0,0,0,0,0,0,7.3,12.1,8.8,12.6,10.9,1.8,6.5,10.8,4.7,10.7,10.9,7.2,5.8,12.6,11.3,5.7,1.5,3.5,4.6,9.4,10.5,6,4.6,11.2,6.2,12.3,8.7,5.3,4.7,7.3,6.8,7.6,13.7,10.8,14.8,12.6,2.9,7.6,12.6,6.1,12.6,12.6,7.9,7.2,15.5,13.3,6.8,3.2,4.7,6.5,10.4,11.9,6.8,6.8,13.7,6.8,14.8,10.1,6.5,5.4,9.4,7.9,,,,,,22.2204,114.2127
2026-08-07T10:00,30,29.9,30.6,30.2,29.7,30.3,30.7,29.9,30.7,30,28.9,29.9,30.1,30.6,31.5,30.7,31.3,29.9,30.4,30.1,30.1,29.9,29.7,30,31.4,30.7,30.7,29.6,30.3,30.3,29.7,30.6,29.8,30.4,29.6,29.9,29.7,30,30.4,30.5,75,72,73,73,76,71,61,68,67,67,74,71,76,73,65,63,66,74,70,69,72,72,68,76,62,71,64,74,71,65,72,70,69,66,75,69,70,68,72,64,0,0,0,0,0,0,0,0,0,0,0,0,0,0,0,0,0,0,0,0,0,0,0,0,0,0,0,0,0,0,0,0,0,0,0,0,0,0,0,0,2.6,0.8,1.3,3.6,4.2,0.5,3.6,0.8,1.9,0.5,1.9,1.6,4.3,3.1,5.9,2.8,6.4,5.9,3.3,1.8,4.8,8.4,1.1,1.6,3.2,8.9,3.7,2,3.1,7.3,0.7,6.4,1.9,2.4,3.8,3.1,6.3,2.7,6.6,3.1,,,,,,,,,,,,,,,,,,,,,,,,,,,,,,,,,,,,,,,,,28.5,28.4,28.9,28.8,28.3,28.5,28.6,28.4,28.8,29,28.6,28.8,28.9,28.7,28.8,28.8,28.6,28.9,28.8,28.6,29,28.8,29,28.9,29,28.7,28.8,29,29.2,29.2,29.2,74,78,73,73,76,70,74,74,72,71,73,72,74,78,74,77,73,72,73,76,74,74,70,74,72,73,74,74,70,72,71,0,0,0,0,0,0,0,0,0,0,0,0,0,0,0,0,0,0,0,0,0,0,0,0,0,0,0,0,0,0,0,9.4,12.2,9.7,12.4,11.2,2.7,8.9,12.3,5.4,11,11.6,7.6,5.7,11.7,9.4,6,3,1.8,5.2,9.4,10.2,4.8,5.4,10.5,5.1,11.9,9.9,5.1,4,8.3,5.8,9.7,13.7,11.5,14.4,13,3.6,9.7,14,6.1,12.6,13,8.3,6.8,13.7,11.5,7.6,4.7,4,6.8,10.1,11.5,5.4,7.2,13,6.1,14.4,11.5,6.5,5,9.7,6.8,,,,,,22.2204,114.2127
2026-08-07T11:00,31.1,31.4,31.9,31.9,31,31.7,32.3,31.4,32.2,31.5,30.1,31.1,31.3,31.8,33,31.7,32.8,31.4,31.8,31.5,31.7,31.5,31.3,31.6,32.9,32.3,32.3,31.1,31.9,31.7,31.2,31.8,31.4,32.1,30.8,31.2,31.4,31.4,32.3,32,70,64,66,65,71,64,55,60,63,60,67,64,70,66,62,59,63,69,65,62,66,66,62,66,57,65,59,68,65,63,66,64,62,61,70,64,66,62,66,59,0,0,0,0,0,0,0,0,0,0,0,0,0,0,0,0,0,0,0,0,0,0,0,0,0,0,0,0,0,0,0,0,0,0,0,0,0,0,0,0,5,0.5,1.9,5.4,5.4,1.1,2.5,1.5,1.3,0.4,1.4,2.1,4,4.7,8.1,2.5,8.4,5,2.6,1.5,5,8.7,1.1,1.6,4.7,9.9,4.2,1.5,4.4,9.4,1.9,5.8,2.6,2.9,4.7,2.2,6.9,2.6,8.7,3.6,,,,,,,,,,,,,,,,,,,,,,,,,,,,,,,,,,,,,,,,,29,29,29.5,29.4,28.9,29,29.1,29,29.4,29.8,29.4,29.5,29.5,29.3,29.5,29.5,29.1,29.5,29.5,29.2,29.8,29.4,29.5,29.6,29.6,29.4,29.4,29.7,29.9,29.8,29.9,72,76,70,70,74,67,71,72,69,68,70,69,71,75,71,74,71,68,70,73,71,70,67,71,69,69,71,71,67,69,68,0,0,0,0,0,0,0,0,0,0,0,0,0,0,0,0,0,0,0,0,0,0,0,0,0,0,0,0,0,0,0,11.6,12.8,11.3,12.7,11.9,4.4,11.6,14.1,6.8,10.9,11.9,7.6,6.2,12,8.6,6.2,4.3,2.1,6.8,9.4,9.4,3.2,5.9,10.5,4.7,11.9,11.6,5.5,3.9,9.7,5.8,11.9,14,12.6,14.8,13.7,4.7,11.9,15.5,6.8,13,13.7,9,7.2,13.3,10.4,8.3,6.5,4,7.6,10.4,11.5,4.7,7.6,13,6.5,14.4,13.3,6.8,5.4,10.8,6.8,,,,,,22.2204,114.2127
2026-08-07T12:00,31.8,32.8,33,33.3,32.2,32.7,33.6,32.5,33.5,32.9,31.3,32.3,32.4,32.9,34.3,32.3,34.1,32.8,33.2,32.7,33,33,32.5,33,34.1,33.8,33.7,32.5,33.1,33,32.4,32.9,32.9,33.4,31.7,32.5,32.9,32.6,33.9,33.4,67,59,62,61,65,60,53,56,59,56,64,59,64,62,57,57,59,60,59,58,62,61,60,58,56,61,58,60,62,61,61,58,57,59,65,58,62,57,61,57,0,0,0,0,0,0,0,0,0,0,0,0,0,0,0,0,0,0,0,0,0,0,0,0,0,0,0,0,0,0,0,0,0,0,0,0,0,0,0,0,5.4,1.6,1.6,7.3,6.4,3.6,2.5,2.3,0.7,2.2,3.1,1.3,7.7,4.7,8.8,4.1,9.5,5.9,1.8,2.3,5,9.5,0.8,3.2,5.9,12.2,5.9,0.7,5.1,10.6,3.5,5.8,4.9,3.3,6.1,2,6.7,2.9,10.2,5.4,,,,,,,,,,,,,,,,,,,,,,,,,,,,,,,,,,,,,,,,,29.5,29.5,29.9,30,29.3,29.3,29.4,29.4,29.7,30.4,30,30.1,29.9,29.7,30,30,29.5,29.9,29.8,29.7,30.4,29.7,29.8,30.1,30,30,29.8,30.3,30.3,30.3,30.3,70,74,69,68,72,66,70,70,68,66,68,67,70,73,68,72,69,67,69,71,69,68,66,69,68,67,70,69,65,67,66,0,0,0,0,0,0,0,0,0,0,0,0,0,0,0,0,0,0,0,0,0,0,0,0,0,0,0,0,0,0,0,13,13.4,13.7,14.2,13,5.8,13.4,14.8,9.4,10.9,12.5,7.6,7.9,14.5,9.7,7.1,6.2,4.4,8.7,10.7,8.9,2.6,5.1,12,6.8,12.3,13.7,6.8,5.4,11.2,7.9,13.3,14.8,14.8,15.8,14.4,5.8,13.7,16.2,9.4,14.4,14.8,10.1,8.6,15.5,11.5,10.1,8.3,5.8,9,12.2,12.6,5.4,7.9,14,8.6,14.4,15.1,8.6,7.2,12.2,9.7,,,,,,22.2204,114.2127
2026-08-07T13:00,32.2,33.7,34.1,34.3,33.1,33.3,34.5,33.4,34,34,32.2,33.2,32.9,33.7,34.8,33.1,35.1,33.8,34.2,33.5,34.1,34.1,33.4,34,35,34.8,34.8,33.6,34.3,34.1,33.1,33.5,34,34.5,32.1,33.4,34,33.4,35,34.6,66,55,57,58,61,59,53,55,58,55,59,56,63,58,55,55,55,57,55,56,57,58,57,57,54,57,56,55,59,58,59,55,55,57,64,55,59,55,58,55,0,0,0,0,0,0,0,0,0,0,0,0,0.1,0,0,0,0,0,0,0,0,0,0,0,0,0.1,0,0,0,0,0,0,0,0,0,0,0,0,0,0,7.2,4,1.9,8.6,7.1,5.8,2.9,2.9,4.6,2.7,3.7,2.3,8.4,5,9.4,8.1,10.2,6.3,1.1,4.1,4.7,9.8,1.8,3.7,6.4,12.1,7.2,0.8,5.3,10.2,5,5.5,4.8,3.1,7.4,2.4,6.5,1.8,10.1,6.7,,,,,,,,,,,,,,,,,,,,,,,,,,,,,,,,,,,,,,,,,29.9,29.9,30.1,30.5,29.7,29.3,29.6,29.8,29.9,30.9,30.5,30.7,30.1,29.9,30.4,30.5,29.9,30.1,30,30.1,31,29.8,30,30.5,30.4,30.6,30.1,30.7,30.5,30.6,30.4,69,73,68,66,70,67,69,69,68,65,66,64,69,72,66,70,68,67,68,70,67,68,66,67,67,66,69,67,64,66,66,0,0,0,0,0,0,0,0,0,0,0,0,0,0,0,0,0,0,0,0,0,0,0,0,0,0,0,0,0,0,0,14.7,13.7,16.9,16.2,14.2,7.6,14.6,15.5,12.8,11.5,13.9,8,10.3,18.5,11.9,9.4,8.7,7.1,10.7,13.4,9.8,4.7,5.5,14.3,9.7,12.6,15.8,8.1,7.9,13,12.5,14.8,15.5,17.3,17.6,15.5,7.2,15.5,16.2,13,15.8,15.8,11.5,11.2,19.4,14,12.6,10.4,8.3,11.2,14.8,14,7.2,8.6,16.2,11.9,14.8,17.3,10.8,9.4,14,14,,,,,,22.2204,114.2127
2026-08-07T14:00,32.5,34,34.6,34.3,33.7,33.5,35.2,33.9,34.2,34.9,32.9,33.6,33.2,34,35.2,33.7,35.6,34.5,34.9,34,34.5,34.7,33.9,34.8,35.3,35.3,35.7,34.4,34.6,34.7,33.6,33.9,34.8,34.9,32.1,33.9,34.4,33.9,35.5,35.3,65,54,54,58,58,59,51,53,58,53,59,55,63,56,52,55,52,54,52,54,55,55,55,54,53,54,52,54,55,56,56,54,53,53,63,54,58,54,56,54,0,0,0,0,0,0,0,0,0,0,0,0,0.1,0,0,0,0,0,0,0,0,0.1,0,0,0,0,0,0,0.2,0.1,0,0,0,0.2,0,0,0.2,0,0,0,8.7,5.3,3.3,9.1,8,6.8,3.5,4.7,6.2,2.6,5.4,6.1,7.7,7.4,9,8.7,10.3,6.6,2.6,5.6,4.7,8.9,2.6,2.6,7.3,12.1,6.7,3.3,6.4,10.4,5.3,5.4,3.1,2.5,8.7,7,5.2,2.5,10,5.4,,,,,,,,,,,,,,,,,,,,,,,,,,,,,,,,,,,,,,,,,30.1,30.1,30.2,30.7,30.1,29.4,29.7,30,30,31.2,30.7,31.1,30.3,30.1,30.7,30.8,30.1,30.2,30.1,30.4,31.3,29.9,30,30.7,30.6,31,30.3,31,30.6,30.8,30.5,68,72,68,65,69,67,69,68,68,65,65,63,69,72,65,68,68,68,68,69,66,68,66,67,67,65,69,66,63,65,66,0,0,0,0,0,0,0,0,0,0,0,0,0,0,0,0,0,0,0,0,0,0,0,0,0,0,0,0,0,0,0,16,14.5,19.6,18.2,15,9.1,15.9,15.9,15.2,12.7,15.6,9.2,12.2,21.7,13.8,11.2,10.9,9.8,12.6,16,11.5,8,7.3,16.8,12,13.3,18.1,9.7,10.1,15.1,16.3,16.6,16.6,19.8,19.1,16.6,8.6,16.9,16.9,15.5,17.3,17.3,13,13,22.3,15.8,14,12.6,10.8,13,16.9,15.1,9.4,9.4,18.4,14,15.5,19.1,13,11.5,16.6,17.6,,,,,,22.2204,114.2127
2026-08-07T15:00,32.5,34.1,34.7,34.3,34,33.5,35.5,33.7,33.9,35.2,33.4,33.6,33.4,33.7,35.6,33.9,35.7,34.7,35.1,33.9,34.6,34.4,33.4,35,34.8,35.7,36,34.5,34.8,34.5,33.9,33.9,35.2,35,31.8,33.2,34.7,34.2,35.6,35.6,65,56,55,58,55,58,50,55,59,50,56,55,62,57,51,55,51,54,51,55,56,56,58,51,56,53,50,54,54,59,56,54,51,54,65,58,57,54,56,52,0,0,0,0,0,0,0,0,0,0,0,0,0.1,0,0,0,0,0,0,0,0,0.3,0.1,0,0.1,0,0,0,0,0.1,0,0,0,0,0,0,0,0,0.1,0,11.2,6.3,5.2,8.3,9.6,7.6,4.7,7.2,6.1,2.3,5.8,6.5,6.6,7.2,9.1,8.7,9.5,6.1,3.6,7.9,3.6,9.3,3.4,1.8,7.1,11.4,7.1,7.1,5.9,10,6.1,6.9,0.5,4.6,9.1,8.3,5.8,6.1,8.9,4.7,,,,,,,,,,,,,,,,,,,,,,,,,,,,,,,,,,,,,,,,,30.1,30.3,30.1,30.7,30.3,29.4,29.7,30.2,30,31.1,30.5,31.2,30.3,30.1,30.9,30.9,30.2,30.1,30.1,30.4,31.2,30,30,30.5,30.6,31.2,30.2,31,30.6,30.7,30.3,68,72,69,66,68,67,69,68,68,66,66,63,69,72,65,67,68,69,68,69,67,68,67,68,67,64,69,66,63,66,67,0,0,0,0,0,0,0,0,0,0,0,0,0,0,0,0,0,0,0,0,0,0,0,0,0,0,0,0,0,0,0,17.7,16.1,20.9,19.4,16.3,10.5,17.3,17.1,16.4,14.1,17.4,10.7,13.5,22.5,14.4,11.5,13,12.2,13.7,17.3,13,11.1,9.6,18.7,12.8,14.6,19.7,11,12.1,17.7,18.3,18.7,17.6,21.6,20.5,17.3,10.4,18.4,18,16.6,17.6,19.1,14,14,23.4,16.6,13.3,14,13,14,18.4,15.8,11.5,10.4,20.2,14.4,16.9,20.9,14,13,19.8,19.8,,,,,,22.2204,114.2127
2026-08-07T16:00,31.8,33.8,34.3,34.4,33.1,33.4,35.4,33.2,33.7,34.9,33.5,33.5,33.5,33.2,35.5,33.9,35.6,34.5,34.8,33.5,34.4,34.2,33.4,35.1,34.2,35.8,35.6,33.6,34.8,34.2,33.9,33.4,34.9,34.6,31.4,32.2,34.7,34,35.4,35.6,69,57,57,57,60,57,51,57,60,50,55,57,62,60,51,56,51,54,54,58,57,58,59,52,58,51,52,60,54,62,56,57,52,56,68,62,57,55,57,52,0,0,0,0,0,0,0,0,0,0,0,0,0.1,0,0,0,0,0,0,0,0,0.3,0,0,0,0,0,0,0,0.2,0,0,0,0,0,0,0.1,0,0.1,0,12.6,6.6,5.9,8.1,12.8,8.4,5.9,6.8,6.1,1.5,6,7.6,5.5,7.1,8.3,7.4,7.9,7.3,5.1,7.3,2.2,10,3.8,5.5,7.7,10.5,6.6,8.8,5.5,9.1,5.7,8.5,3.6,5.3,9.3,8.1,4.6,7.2,9.1,5.5,,,,,,,,,,,,,,,,,,,,,,,,,,,,,,,,,,,,,,,,,29.9,30.3,29.9,30.4,30.5,29.4,29.7,30.3,30,30.9,30,31,30.2,29.9,31,30.8,30,29.8,30,30.3,30.8,30.1,29.8,30.2,30.6,31.3,30,30.9,30.4,30.5,29.9,70,72,70,67,68,67,70,68,69,68,69,64,70,73,65,67,69,70,69,70,69,68,68,71,67,64,70,67,64,67,70,0,0,0,0,0,0,0,0,0,0,0,0,0,0,0,0,0,0,0,0,0,0,0,0,0,0,0,0,0,0,0,19.1,17.7,21.3,20.1,17.6,12.4,18.6,18.5,16.6,15.1,19.4,12.3,14.2,22.3,14.7,11,15,14.7,14.7,18.3,14.5,14.1,11.4,20.3,13.2,16.4,21.4,12.8,13.8,20.8,19.6,20.9,18.7,22.7,22,18,12.6,19.4,19.4,17.3,17.3,21.2,14.8,15.1,23.8,16.9,11.9,15.5,14.8,15.1,19.1,16.2,14,11.5,22.3,14,18.7,22.3,14.8,14,23.4,21.6,,,,,,22.2204,114.2127
2026-08-07T17:00,30.8,32.7,33.4,34.2,31.7,32.5,34.4,32.2,33.5,34.3,32.4,32.4,33.3,32.4,35.3,33.6,35.1,33.7,33.3,32.1,34.2,34,32.7,34.1,33.4,35.6,35,32.3,34.6,33.7,33.2,32.4,34.2,33.1,30.8,31.4,34.4,32.6,34.7,35,74,63,61,57,68,65,56,61,61,53,63,62,63,63,53,59,54,57,61,66,58,59,62,57,61,52,55,68,54,63,61,63,57,63,71,65,57,64,60,53,0,0,0,0,0,0,0,0,0,0,0,0,0.1,0,0,0,0,0,0,0,0,0,0,0,0,0,0,0,0,0,0,0,0,1.1,0,0,0,0,0.1,0,11.3,7,7.2,9.7,10.5,8.3,7,8.5,5.2,4,7.3,8.8,3.8,8.4,7.2,5.3,7.3,7.7,6.5,11,3.6,9.7,4.7,7.3,8.3,9.5,2.5,8.7,4.9,7.4,6,9,5.2,4.7,7.6,6.5,4.3,10.1,8.7,5.6,,,,,,,,,,,,,,,,,,,,,,,,,,,,,,,,,,,,,,,,,29.7,30.2,29.6,30.1,30.5,29.3,29.5,30.2,29.8,30.5,29.6,30.8,30,29.7,30.9,30.7,29.8,29.6,29.9,30.1,30.4,30.1,29.6,29.8,30.4,31.1,29.8,30.6,30.2,30.2,29.6,71,73,72,69,69,68,71,69,70,70,71,66,71,74,67,67,71,72,70,71,71,69,69,73,68,65,71,68,66,69,72,0,0,0,0,0,0,0,0,0,0,0,0,0,0,0,0,0,0,0,0,0,0,0,0,0,0,0,0,0,0,0,20.4,18.9,21.1,20.6,19,13.2,19.3,19.7,16.8,16.4,20.7,13.8,15.1,22,15.8,11.4,16.8,16.1,15.2,18.8,16,16.3,12.7,21.3,14,18.7,22.1,14.7,15,22.8,20.2,22.3,19.8,23.8,23.4,19.1,14,20.5,20.9,17.6,17.6,23.4,15.8,16.2,24.5,18,11.5,17.3,16.6,15.8,20.2,17.3,16.2,12.2,24.1,14.4,20.9,23.8,15.8,15.1,26.3,23,,,,,,22.2204,114.2127
2026-08-07T18:00,30.1,31.4,31.8,33.1,30.6,31.2,32.8,31,32.9,32.6,30.8,31.1,32.7,31.1,34.3,32.9,34,32.3,31.4,30.3,33,33.5,31.6,32.8,32.3,34.7,34.3,31,34.1,32.9,32,31,32.6,32.1,29.9,30.7,34,30.7,33.4,34,77,70,68,63,73,73,65,65,65,61,71,68,67,69,59,63,59,64,71,75,64,60,66,64,67,57,61,74,56,67,68,71,64,67,76,69,58,74,66,58,0,0,0,0,0,0,0,0,0,0,0,0,0.2,0,0,0,0,0,0.2,0,0.1,0,0,0,0,0,0,0,0,0,0,0,0,0.5,0,0,0,0,0.3,0,9,6.5,8.8,9.2,9.7,7.9,7.9,6.8,3.1,4.5,7,8.4,2.8,6.9,4.7,4.3,6.2,8.7,5.6,9.8,5.7,9.2,4.6,6.2,7.3,5.9,3.3,7.5,5.1,5,5.5,9.1,5,4.2,8,5.1,4.9,11.3,8.4,7,,,,,,,,,,,,,,,,,,,,,,,,,,,,,,,,,,,,,,,,,29.3,29.9,29.2,29.7,30,29,29.3,29.8,29.4,30.1,29.3,30.3,29.6,29.4,30.3,30.4,29.3,29.3,29.6,29.8,29.9,29.7,29.3,29.5,30,30.4,29.4,30.1,29.7,29.8,29.2,73,75,74,71,71,70,72,71,72,73,73,68,74,76,70,68,74,74,71,73,73,72,70,75,70,68,73,70,69,70,74,0,0,0,0,0,0,0,0,0,0,0,0,0,0,0,0,0,0,0,0,0,0,0,0,0,0,0,0,0,0,0,20.4,18.7,21,20.9,19.6,13.6,19.4,20.2,16.9,17.2,21,15,16.1,22,17.7,13.1,17.6,17.1,15.4,19.4,17.4,17,13,21.4,15.3,20.6,21.6,15.9,15.6,22.6,20.3,23,20.2,24.8,25.2,20.5,14.8,21.2,22.7,18.7,19.1,25.6,16.9,18.4,25.9,20.9,13.3,19.8,18.7,16.2,21.6,19.4,18,12.6,26.3,15.8,24.1,24.8,16.9,16.6,27.7,24.5,,,,,,22.2204,114.2127
2026-08-07T19:00,29.2,29.9,30.2,31.3,29.2,29.8,31,29.5,32.1,30.6,29.2,29.8,31.8,29.9,32.9,31.5,32.2,30.5,30.1,29.2,31.3,32.2,30.1,31.3,30.9,32.7,32.2,29.8,32.8,31.8,30.5,29.5,31,31,28.8,29.5,32.4,29,32,32.2,80,77,76,74,79,81,75,72,72,70,79,75,74,73,67,74,70,72,79,79,74,67,73,73,75,68,74,79,64,75,75,79,72,75,82,76,67,82,73,69,0,0,0,0,0,0,0,0,0,0,0,0,0.1,0,0,0,0,0,0.5,0,0,0,0,0,0,0,0,0,0,0,0,0,0,0,0,0,0,0,0,0,6.1,5.1,7.9,6.7,7.4,6.1,7.4,5.8,0.8,4.4,6.1,7.6,2.2,4.3,3,3.1,4,7.3,4.2,6.2,5.6,7.7,3.3,5.9,2.9,5.4,4.7,4.7,3.2,3.1,4.7,8,4,3.3,5.8,4.3,4.6,8.1,7.2,4.2,,,,,,,,,,,,,,,,,,,,,,,,,,,,,,,,,,,,,,,,,28.9,29.3,28.7,29.2,29.3,28.6,28.9,29.2,28.8,29.6,29,29.7,29,29,29.5,29.9,28.8,29,29.3,29.3,29.4,29.1,28.9,29.2,29.5,29.5,28.9,29.5,29.2,29.3,28.9,75,78,77,74,74,74,74,74,76,75,75,71,77,78,74,71,77,76,72,76,76,75,72,78,72,72,74,73,72,72,76,0,0,0,0,0,0,0,0,0,0,0,0,0,0,0,0,0,0,0,0,0,0,0,0,0,0,0,0,0,0,0,19.4,17.6,20.4,21,19.3,13.5,18.5,19.9,16.9,17.9,20.9,16,17.3,22,20,15.3,18.4,17.6,15.3,19.5,18.7,17.1,12.8,21.1,16.3,22.2,20.4,16.8,16.2,21.6,20.1,23,20.9,25.6,27.4,22.3,15.5,21.6,24.8,19.8,20.9,27.7,18,20.9,28.1,24.8,16.2,22.7,20.5,16.2,23.4,22.3,19.4,13,28.4,17.6,28.1,25.6,18,18.4,28.8,25.6,,,,,,22.2204,114.2127
2026-08-07T20:00,28.4,28.9,29.4,30.2,28.2,28.8,29.8,28.4,31.1,29.3,28.2,28.8,31,29.1,32,30.5,30.6,29.2,29.2,28.5,29.7,31.1,29,29.9,30.4,31.1,30.6,28.9,31.6,30.6,29.4,28.8,29.9,30,28,28.5,30.5,28.2,31,31,86,81,82,81,84,87,81,77,76,78,85,80,78,78,73,80,80,78,85,83,82,75,79,81,80,78,83,83,71,82,82,84,78,82,87,83,78,85,78,77,0,0,0,0,0,0,0,0,0,0,0,0,0,0,0,0,0,0,0,0,0,0,0,0,0,0,0,0,0,0,0,0,0,0,0,0,0,0,0,0,4.9,3.7,5.1,5.4,6.9,4.6,7.1,4.7,2,4,4.6,6.6,2.1,1.9,2.2,2.7,4.7,5.9,2.9,3.3,5.9,6.5,3,5.6,1.6,5.1,5.2,4,2.5,3.5,4,5.4,3.2,2.3,3.6,3.6,5.5,5.6,6.2,3.3,,,,,,,,,,,,,,,,,,,,,,,,,,,,,,,,,,,,,,,,,28.6,28.9,28.4,28.9,28.7,28.3,28.6,28.8,28.4,29.2,28.8,29.2,28.6,28.7,28.9,29.5,28.4,28.7,29,29,29,28.6,28.7,29,29,28.8,28.6,29,28.8,29,28.6,77,80,79,76,77,77,75,77,78,78,77,74,80,80,77,73,80,78,73,78,78,78,73,80,74,75,76,76,75,73,78,0,0,0,0,0,0,0,0,0,0,0,0,0,0,0,0,0,0,0,0,0,0,0,0,0,0,0,0,0,0,0,18.8,17.2,19.9,21.3,19.3,13.8,18.3,19.7,16.7,18.5,21.1,17.1,18.2,22.1,21.6,17.3,19.2,18.1,15.5,19.4,20,17.6,12.6,21.1,17.2,23.3,19.6,17.9,16.4,21.1,20.4,23.4,21.6,25.9,29.2,24.1,15.8,22,26.3,20.5,23,29.5,19.8,23,29.9,27.7,19.1,24.8,22.3,17.3,24.5,24.8,21.2,13.7,30.2,19.4,31,25.9,19.8,19.4,29.9,26.6,,,,,,22.2204,114.2127
2026-08-07T21:00,28,28.3,29,29.5,27.6,28.3,29,27.7,30.4,28.4,27.6,28.1,30.4,28.5,31.5,29.9,29.8,28.4,28.6,27.9,28.7,30.5,28.3,29.1,29.8,30.4,29.8,28.3,30.7,29.8,28.7,28.3,29.3,29.2,27.5,28,29.5,27.6,30.3,30.1,89,84,85,85,87,90,85,81,80,82,88,84,82,81,76,83,85,81,88,86,85,78,82,84,83,81,87,85,77,87,86,87,81,86,90,86,83,88,81,82,0,0,0,0,0,0,0,0,0,0,0,0,0,0,0,0,0,0,0,0,0,0,0,0,0,0.1,0,0,0,0,0,0,0,0,0,0,0,0,0,0,3.5,2.7,3.9,4.7,6.4,3.7,6.5,4,1.9,3.6,4,5,2.5,1.1,2.6,2.4,4.7,5.9,3.1,1.4,5.6,6.5,2.5,5.4,2.4,5.4,5.2,3.6,2.7,4.8,3.7,4.5,3.1,2.6,2.6,3.1,6,4.9,5.8,3.5,,,,,,,,,,,,,,,,,,,,,,,,,,,,,,,,,,,,,,,,,28.4,28.7,28.2,28.7,28.4,28.1,28.5,28.6,28.2,28.9,28.6,28.8,28.4,28.5,28.6,29.2,28.2,28.4,28.8,28.7,28.7,28.4,28.6,28.9,28.7,28.5,28.4,28.7,28.6,28.8,28.5,78,81,80,78,78,80,76,79,79,80,79,76,81,81,79,75,81,80,74,80,80,80,74,81,76,77,77,78,76,74,79,0.1,0,0,0,0,0,0,0,0,0.1,0,0,0,0,0,0,0,0,0,1.2,0,0,0,0,0,0,0.1,0,0,0,0,18.8,18,19.5,21.7,19.8,14.1,18.2,19.5,16.6,19.7,21.3,18.4,18.4,22.3,22.1,18.2,19.4,18.4,16.8,18.7,21.3,18.6,12.9,22.1,17.4,23.5,19.2,19.1,16.3,21.4,20.3,24.5,23.4,25.6,31.3,25.9,16.2,22.3,27,20.2,25.9,31.3,22.7,24.5,31.7,29.2,21.6,25.9,23.4,20.2,24.1,27.7,23.8,15.1,31.7,20.2,31.7,25.9,22.7,19.8,32.4,27.4,,,,,,22.2204,114.2127
2026-08-07T22:00,27.7,28.1,28.8,29.2,27.2,28,28.5,27.2,29.7,27.9,27.3,27.8,29.9,28.2,31.1,29.5,29.4,28.1,28.2,27.7,28.1,30.1,27.8,28.5,29.5,30.1,29.3,28,29.8,29.1,28.3,28.2,29,28.6,27.2,27.7,28.6,27.3,30,29.3,91,85,87,87,89,90,86,85,84,84,90,87,86,84,77,85,87,83,89,88,85,81,84,86,85,82,88,85,83,91,88,89,81,90,92,89,87,88,83,86,0,0,0,0,0,0,0,0,0,0,0,0,0,0,0,0,0,0,0,0,0,0,0,0,0,0.1,0,0,0,0,0,0,0,0,0,0,0,0,0,0,2.9,2.3,2.6,4.3,6.3,3.3,5.6,3.3,1.5,3.3,2.9,3.8,2.9,1.4,2.7,2.6,4.5,5.9,3.4,0.7,5.2,6.8,2.5,4.4,3.3,6.4,5.1,3.3,3.4,5.5,3.4,3.7,3.1,3.4,2,2.8,6.1,4.1,5.6,4,,,,,,,,,,,,,,,,,,,,,,,,,,,,,,,,,,,,,,,,,28.3,28.7,28.2,28.6,28.3,28,28.5,28.4,28.2,28.8,28.4,28.5,28.3,28.4,28.5,28.9,28.2,28.1,28.7,28.4,28.6,28.3,28.6,28.9,28.3,28.6,28.4,28.5,28.5,28.7,28.4,79,81,81,79,79,82,77,80,79,83,81,78,82,82,80,77,81,82,75,81,82,82,74,82,78,78,77,79,77,76,79,0.1,0,0,0,0,0,0,0,0,0.1,0,0,0,0,0,0,0,0,0,1.2,0,0,0,0,0,0,0.1,0,0,0,0,19.2,19.3,18.9,21.8,20.1,14.3,18.2,19.5,16,20.5,21.6,19.9,18.4,22.8,21.7,19.2,18.8,18.4,19.3,17.5,22.4,19.5,14.6,23.4,17.3,22.9,18.8,20.2,16.7,22.4,20.3,25.9,25.9,24.8,33.1,27.4,16.9,23,27.7,19.8,29.2,33.1,26.3,25.2,33.5,29.9,24.5,25.9,24.5,23.8,23,30.2,27,16.9,33.1,20.9,31.7,25.6,26.3,20.2,35.3,28.1,,,,,,22.2204,114.2127
2026-08-07T23:00,27.5,27.8,28.8,28.9,26.9,27.8,28.2,26.9,29.3,27.5,27.1,27.5,29.4,27.9,30.9,29.2,29.1,27.8,27.9,27.5,27.6,29.7,27.4,28.1,29.2,29.8,28.9,27.7,29.1,28.5,27.9,28.1,28.8,28,26.9,27.4,28,27.1,29.7,28.7,93,86,88,88,90,91,87,88,87,85,91,89,89,86,77,86,89,85,90,90,85,83,85,86,87,82,89,85,87,94,89,90,82,92,94,90,90,89,84,89,0,0,0,0,0,0,0,0,0,0,0,0,0,0,0,0,0,0,0,0,0,0,0,0,0,0.1,0,0,0,0,0,0,0,0,0,0,0,0,0,0,2.5,2.1,1.9,4.7,6.2,3.2,4.9,2.5,1.6,2.9,2.3,3.1,3.3,1.5,3.1,2.5,4.6,5.9,3.5,1.3,4.9,7.2,3.2,4.2,4,7.1,4.9,3.3,3.9,5.7,3.1,3.1,3.1,3.9,2.3,2.9,6.2,3.6,5.8,4.2,,,,,,,,,,,,,,,,,,,,,,,,,,,,,,,,,,,,,,,,,28.3,28.7,28.2,28.5,28.3,27.9,28.4,28.4,28.2,28.7,28.3,28.3,28.2,28.3,28.4,28.6,28.1,27.9,28.5,28.3,28.6,28.3,28.6,28.9,28.1,28.6,28.4,28.4,28.4,28.6,28.4,80,81,82,80,79,84,78,81,79,84,82,80,82,83,81,79,81,84,76,82,83,83,75,82,80,79,78,80,77,77,80,0.1,0,0,0,0,0,0,0,0,0.1,0,0,0,0,0,0,0,0,0,1.2,0,0,0,0,0,0,0.1,0,0,0,0,19.8,20.2,18.5,22.2,20.9,14.5,18.7,19.3,15.8,21.1,22.1,21.1,18.8,23.4,21.6,20.2,18.8,19.2,20.7,16.6,22.7,20.3,16.8,24.2,17.7,22.7,19,21.4,16.9,23.2,20.7,27.4,28.1,24.8,34.6,28.8,17.6,24.1,28.1,19.8,31,34.2,28.8,26.6,34.9,30.2,27,26.3,25.9,26.3,22.7,32,28.8,19.4,33.8,22,31.7,25.9,29.2,20.5,37.1,29.5,,,,,,22.2204,114.2127
2026-08-08T00:00,27.2,27.6,28.6,28.9,26.8,27.5,28,26.6,29.1,27.2,26.8,27.2,28.9,27.5,30.9,29,28.9,27.5,27.5,27.3,27.3,29.5,27.1,27.9,28.7,29.7,28.6,27.4,28.6,28.2,27.6,27.9,28.4,27.6,26.7,27.2,27.5,26.8,29.6,28.3,94,87,89,88,91,92,88,90,88,86,91,90,92,88,77,87,90,87,91,91,85,84,86,85,89,82,90,85,89,95,89,91,83,93,95,91,92,90,84,91,0,0,0,0,0,0,0,0,0,0,0,0,0,0,0,0,0,0,0,0,0.2,0,0,0,0,0,0,0,0,0,0,0,0,0,0,0,0,0,0.1,0,2.6,2.2,1.8,5.2,5.9,3.3,4.7,2.3,2.2,2.8,2.4,3.6,3.6,1.1,3.3,2.9,4.9,5.2,3.3,1.9,5.8,7.2,3.5,4.8,4.3,7.4,4.8,3.2,4,5.9,3.1,3.1,3.1,3.7,2.5,3.1,5.9,3.5,6.3,4,,,,,,,,,,,,,,,,,,,,,,,,,,,,,,,,,,,,,,,,,28.2,28.7,28,28.4,28.2,27.8,28.2,28.3,28,28.7,28.2,28.1,28,28.2,28.3,28.4,28,27.8,28.4,28.2,28.5,28.2,28.4,29.1,27.9,28.5,28.3,28.2,28.3,28.5,28.3,81,81,83,81,80,85,80,82,80,84,82,82,83,84,82,81,81,85,77,83,84,84,77,81,81,80,79,81,78,78,81,0,0,0,0,0,0,0.2,0,0,0.2,0,0,0.1,0,0,0,0.2,0,0,0.7,0,0.1,0,0,0,0,0,0,0,0,0,20.6,21.1,18.8,22.7,21.7,15.3,19.5,19.5,16.2,21.5,23.1,22.6,20.1,23.7,22.2,21.7,19.4,21.4,20.6,17.3,22.4,20.6,19.3,24.3,19,23.7,20.1,23.1,17.6,24.2,22.2,29.5,29.5,26.6,35.3,30.2,19.4,26.3,29.2,21.2,31,34.9,30.2,29.2,35.3,31,29.9,27,29.2,27,23.8,32.4,28.8,23,34.6,24.5,33.5,28.4,31.7,22.3,37.1,32.4,,,,,,22.2204,114.2127
2026-08-08T01:00,27,27.4,28.5,29,26.7,27.3,27.9,26.4,29.1,26.9,26.7,27,28.5,27.2,31,28.8,28.8,27.4,27.2,27.1,27.1,29.4,26.8,27.8,28.3,29.6,28.4,27.2,28.4,28.1,27.5,27.6,28,27.4,26.5,27.1,27.3,26.6,29.7,28.1,95,88,89,86,91,93,89,90,87,87,90,91,93,90,75,88,90,89,91,92,86,85,87,84,91,81,91,85,91,95,89,92,83,93,96,91,92,92,83,93,0,0,0,0,0,0,0,0,0,0,0,0,0,0,0,0,0,0,0,0,0.2,0,0,0,0,0,0,0,0,0,0,0,0,0,0,0,0,0,0.1,0,2.4,2.2,2.2,6.3,5.8,3.6,5.1,2.3,3,2.6,3,4.3,4.1,0.8,3.3,3.3,4.8,4.7,3.3,2.2,7.9,7.6,3.2,5.5,4.4,7.8,5,3.7,4,5.8,3,3.6,3.1,3.6,2.9,3.3,5.8,4,7.1,3.4,,,,,,,,,,,,,,,,,,,,,,,,,,,,,,,,,,,,,,,,,28.1,28.8,27.9,28.3,28.1,27.7,28,28.3,27.9,28.8,28.3,28,27.9,28,28.3,28.2,27.9,27.8,28.3,28.2,28.6,28.1,28.2,29.3,27.9,28.5,28.2,28.1,28.1,28.5,28.2,81,80,85,81,80,85,82,82,82,83,82,83,83,85,82,82,82,85,79,83,84,85,79,79,81,81,79,83,79,79,82,0,0,0,0,0,0,0.2,0,0,0.2,0,0,0.1,0,0,0,0.2,0,0,0.7,0,0.1,0,0,0,0,0,0,0,0,0,21.7,22,19.5,23.6,22.3,16.1,21,20.2,16.8,22.1,24,23.5,21.7,23.9,23,23,20.2,23.9,19.6,18.3,22.3,20.8,21.7,24.2,20.5,25.4,21.9,24.5,18.2,24.7,24.3,32,30.6,29.2,35.3,31.7,21.6,28.8,30.2,23.4,30.2,34.9,31,32,35.3,31.7,32.8,27.7,32.8,27,25.2,31.7,28.1,27.4,35.3,27.7,35.6,31.3,33.8,24.8,36,35.3,,,,,,22.2204,114.2127
2026-08-08T02:00,26.9,27.2,28.4,29.1,26.7,27.1,27.9,26.2,29.2,26.7,26.5,26.8,28.2,27,31.1,28.8,28.7,27.2,27,27,27.1,29.2,26.6,27.7,28,29.5,28.4,27,28.3,28.1,27.3,27.5,27.6,27.2,26.4,26.9,27.2,26.4,29.7,27.9,96,88,89,85,91,93,90,91,86,88,89,91,94,91,74,88,90,90,91,92,86,85,87,83,92,81,91,86,91,94,88,93,84,93,96,91,92,93,82,93,0,0,0,0,0,0,0,0,0,0,0,0,0,0,0,0,0,0,0,0,0.2,0,0,0,0,0,0,0,0,0,0,0,0,0,0,0,0,0,0.1,0,2.3,2.6,2.2,7,6.1,4,5.4,2.1,3.5,2.9,3.6,4.8,4.8,0.5,3.6,3.8,5.2,4.4,3.4,2.5,9,7.7,3.1,5.7,4.6,8,5.2,4,4,5.9,3.2,4.2,3.3,3.7,2.9,3.6,5.8,4.3,7.6,3.3,,,,,,,,,,,,,,,,,,,,,,,,,,,,,,,,,,,,,,,,,28,28.8,27.8,28.3,28.1,27.7,27.9,28.3,27.8,29,28.3,28.1,27.8,28,28.3,28.1,27.9,27.8,28.2,28.2,28.7,28.2,28,29.5,27.9,28.5,28.1,28.1,28.1,28.4,28.1,81,80,86,81,81,85,83,82,83,81,82,84,84,85,82,83,82,85,80,83,83,85,80,77,81,81,80,83,80,79,83,0,0,0,0,0,0,0.2,0,0,0.2,0,0,0.1,0,0,0,0.2,0,0,0.7,0,0.1,0,0,0,0,0,0,0,0,0,22.2,22.5,19.9,23.8,22.4,16.8,21.7,20.5,17.2,22.3,24.4,22.9,22.6,24.1,22.8,23.6,20.4,25.3,18.6,18.9,22,20.3,22.8,23.4,21.1,26,22.9,24.7,18.3,24.8,25.6,32.8,30.6,30.2,34.6,31.7,22.7,30.6,29.9,24.8,28.4,34.6,30.2,33.5,34.6,31.7,33.8,28.1,34.2,25.9,25.6,30.6,27.4,29.5,34.2,29.2,36,33.1,34.2,25.6,34.6,37.1,,,,,,22.2204,114.2127
2026-08-08T03:00,26.7,27.1,28.2,28.9,26.6,27,27.8,25.9,29.3,26.5,26.3,26.6,28.2,26.8,31.1,29,28.5,27,26.7,26.8,27,29,26.4,27.3,27.8,29.3,28.3,26.7,28.2,28,27.2,27.3,27.3,26.9,26.2,26.7,27.3,26.3,29.5,27.8,97,88,89,85,91,94,91,92,85,88,89,92,93,92,73,86,91,91,92,92,87,86,88,85,93,82,91,87,91,94,87,93,85,95,97,92,92,94,82,93,0,0,0,0,0.2,0,0,0,0,0,0,0,0,0,0,0,0,0,0,0,0,0,0,0,0.2,0,0,0,0,0,0,0,0,0,0,0,0,0,0,0,1.8,3,2.4,7,6.9,4.1,5.8,1.8,3.7,3.1,3.8,4.9,5.5,0.7,3.7,4,5.2,4.2,3.9,2.2,9.2,8.2,3,4.7,4.7,8,5.1,4,4,6.2,3.7,4.5,3.3,3.7,3,3.7,5.8,4.7,7.1,3.3,,,,,,,,,,,,,,,,,,,,,,,,,,,,,,,,,,,,,,,,,28,28.8,27.7,28.2,28.1,27.6,27.9,28.3,27.7,29.1,28.4,28.3,27.7,28,28.4,28,27.9,27.8,28.1,28.1,28.9,28.4,28,29.4,27.8,28.5,28,28.3,28,28.4,28,81,79,86,82,81,85,84,82,84,79,82,83,84,85,81,84,82,85,81,83,80,83,80,76,82,81,81,82,80,79,83,0,0,0,0.2,0,0,0,0,0,0.1,0,0,0.2,0,0,0,0.1,0,0,0,0,0,0,0,0,0,0,0,0,0,0,21.1,21,19.5,23.1,20.5,16.3,22,19.7,16.9,20.1,23.3,19.9,22.3,23.9,21.2,22.3,20,23.3,17.4,17.3,21.3,19.5,22,21.3,20.3,24.4,22,22.6,16.9,23.2,25.2,30.2,28.4,29.2,32.4,28.8,22,30.6,27.4,24.5,25.6,32.8,26.6,32,33.5,30.2,31.3,27.4,31.7,23.4,23.8,29.5,27.4,28.4,30.2,27.7,33.5,32,31.7,23,32,36,,,,,,22.2204,114.2127
2026-08-08T04:00,26.6,27,28.1,28.7,26.6,26.8,27.7,25.8,29.3,26.3,26.1,26.4,28.3,26.7,31.1,29.2,28.3,26.8,26.5,26.6,26.9,28.8,26.2,27,27.7,29,28.3,26.4,28.2,27.9,27.1,27.3,27,26.7,26,26.5,27.4,26.2,29.2,27.9,98,88,88,85,92,94,91,93,84,89,90,93,91,92,72,83,91,92,92,93,89,86,88,88,93,84,91,89,90,93,85,93,86,96,98,93,92,95,82,92,0,0,0,0,0.2,0,0,0,0,0,0,0,0,0,0,0,0,0,0,0,0,0,0,0,0.2,0,0,0,0,0,0,0,0,0,0,0,0,0,0,0,1.8,3.2,3.3,7,7.7,3.7,6.1,2.2,3.8,3.3,3.7,4.7,5.9,1.6,3.9,4.3,4.9,4,4.2,1.9,8.7,8.9,2.9,4,4.8,8,5.1,4.3,3.8,6.3,3.9,4.4,3.2,3.7,3.3,3.7,5.6,4.7,6.4,3.7,,,,,,,,,,,,,,,,,,,,,,,,,,,,,,,,,,,,,,,,,27.9,28.8,27.7,28.2,28.1,27.6,27.9,28.3,27.6,29.3,28.5,28.6,27.6,28,28.5,28,28,27.8,28.1,28.1,29.3,28.8,28,29.2,27.8,28.6,27.9,28.5,28,28.4,28,81,79,85,82,81,85,84,82,85,77,81,81,84,85,80,84,82,85,81,83,77,80,80,76,82,80,81,81,81,79,83,0,0,0,0.2,0,0,0,0,0,0.1,0,0,0.2,0,0,0,0.1,0,0,0,0,0,0,0,0,0,0,0,0,0,0,19.4,18.4,18.6,21.6,18.5,15.5,21.6,17.9,16.3,17.3,21.6,16.5,21.3,23.7,19.1,20.1,19.5,20,15.9,15.5,20.8,18.5,20.1,18.8,18.8,22,20.5,19.5,15.3,21.3,23.4,26.3,25.6,27,29.5,24.1,20.5,29.5,23.8,23.4,22,30.6,21.6,29.5,32,27.7,27,26.3,27.4,20.5,20.9,28.4,27.7,25.6,25.2,24.5,29.5,29.2,27.4,19.1,29.2,33.1,,,,,,22.2204,114.2127
2026-08-08T05:00,26.7,27.1,28.1,28.7,26.8,27,27.9,25.8,29.6,26.4,26.2,26.6,28.6,26.8,31.1,29.6,28.4,26.9,26.6,26.7,27.1,28.8,26.3,26.9,27.8,29,28.5,26.5,28.5,28.1,27.2,27.5,27,26.9,26.1,26.7,27.8,26.4,29.2,28.2,98,88,87,85,91,93,91,93,82,88,90,92,88,91,71,80,90,92,92,92,89,86,88,89,91,84,89,90,88,91,84,92,86,96,97,93,90,95,81,89,0,0,0,0,0.2,0,0,0,0,0,0,0,0,0,0,0,0,0,0,0,0,0,0,0,0.2,0,0,0,0,0,0,0,0,0,0,0,0,0,0,0,2.3,3.2,3.8,7.2,8.3,3.9,6.2,2.5,4.1,3.6,4.1,4.7,6.9,2.1,4,5.1,5.2,4.2,4.6,1.6,8.7,9.2,3,4.3,5.5,8.2,5.2,4.5,4,6.6,4,4.8,3.3,4.1,3.4,4.1,6.3,4.7,6.6,4.2,,,,,,,,,,,,,,,,,,,,,,,,,,,,,,,,,,,,,,,,,28,28.8,27.8,28.3,28.2,27.6,28.1,28.4,27.6,29.4,28.6,28.9,27.7,28.1,28.7,28.1,28.1,27.9,28.2,28.3,29.6,29.1,28.1,29.2,27.9,28.7,27.9,28.8,28.1,28.5,28.1,81,78,84,82,81,84,83,81,85,75,80,79,84,84,79,84,82,85,80,82,74,78,79,76,82,79,81,79,80,78,82,0,0,0,0.2,0,0,0,0,0,0.1,0,0,0.2,0,0,0,0.1,0,0,0,0,0,0,0,0,0,0,0,0,0,0,17.8,16.9,17.7,20.3,16.6,14.5,21,16.4,16,15.8,20.5,15.5,20.6,23.1,17.3,18.5,18.8,17.7,14.8,14.7,20.2,18.3,18.1,16.8,17.6,19.5,18.8,17.8,13.3,19.6,22,23,23,24.1,27,20.9,18.7,28.1,20.9,22,19.8,28.4,18.7,27,30.2,25.2,23.4,25.2,23.8,18.4,19.4,27.4,27.7,23.4,21.6,22,25.9,26.3,23.8,15.8,26.6,30.2,,,,,,22.2204,114.2127
2026-08-08T06:00,26.9,27.4,28.5,29,27.3,27.6,28.3,26.3,30,27.2,26.7,27.3,29,27.1,31.2,29.9,29,27.3,27.2,27,27.5,29,26.7,27.4,28.4,29.4,29.3,27,29.2,28.7,27.5,28.2,27.3,27.9,26.5,27.4,28.4,26.7,29.4,28.9,96,87,86,83,89,91,89,91,80,87,89,89,85,89,71,79,86,91,90,90,88,85,86,88,87,82,84,90,85,88,83,90,86,92,94,91,87,93,79,85,0,0,0,0,0,0,0,0,0,0,0,0,0,0,0,0,0,0,0,0,0,0,0,0,0,0,0,0,0,0,0,0,0,0,0,0,0,0,0,0,2,2.9,3.3,7.9,8.7,4.2,6,2.6,4.1,3.3,3.9,5.1,7.9,1.9,3.9,5.4,6.3,4.5,5.2,1.9,8.7,9,3,4.6,6.9,9.2,6,4.3,4.2,7.1,3.7,5.4,3.3,4.9,3.4,4.6,7.6,4.8,7.9,4.7,,,,,,,,,,,,,,,,,,,,,,,,,,,,,,,,,,,,,,,,,28.3,28.9,28,28.4,28.4,27.8,28.3,28.6,27.7,29.5,28.7,29.1,27.7,28.2,29,28.2,28.2,28,28.4,28.7,29.7,29.3,28.3,29.2,28.1,28.8,27.9,29,28.3,28.6,28.2,80,77,82,81,80,82,81,79,84,74,79,78,83,83,77,83,81,84,78,80,74,77,78,76,80,78,80,78,78,77,81,0,0,0,0.1,0,0,0,0,0,0,0,0,0,0,0,0,0,0,0,0,0,0,0,0,0,0,0,0,0,0,0,16.9,17,15.8,19.1,16.2,13.8,19.8,15.5,15.6,16.2,19.9,15.6,19.8,21.6,16.4,17.7,17.9,17.6,14.6,15.7,19,18.7,17.3,16.9,16.6,18.4,16.9,17.3,11.9,18.4,20.7,21.2,22.3,20.5,24.8,20.2,17.3,26.6,19.8,20.2,20.2,27.4,19.4,25.6,28.1,22.7,21.6,24.5,23,18.4,20.9,25.6,27.4,22.7,21.6,20.5,24.1,23.4,22.3,14.4,25.2,27.7,,,,,,22.2204,114.2127
2026-08-08T07:00,27.4,28,29.1,29.4,28.1,28.5,28.9,27,30.6,28.3,27.6,28.4,29.5,27.7,31.4,30.3,30,28,28.2,27.6,28.1,29.4,27.4,28.2,29.2,30.1,30.3,27.8,30.2,29.6,28.1,29.1,27.9,29.3,27.3,28.5,29.2,27.3,29.8,30,93,86,85,81,87,87,86,87,77,85,87,86,81,86,71,78,79,88,87,88,87,83,84,86,83,77,78,88,80,84,83,87,85,86,91,88,83,90,76,79,0,0,0,0,0,0,0,0,0,0,0,0,0,0,0,0,0,0,0,0,0,0,0,0,0,0,0,0,0,0,0,0,0,0,0,0,0,0,0,0,2.9,2.7,3.1,9.2,8.9,4.5,6.6,2.3,4.3,3.2,3.5,5.6,9.2,1.8,3.8,5.9,7.8,5.2,5.7,2.2,8.7,8.9,3.1,4.6,8.4,10.5,7.3,4.1,4.2,7.9,3.5,6.4,2.9,6,3.1,4.6,9.3,5,9.8,5.6,,,,,,,,,,,,,,,,,,,,,,,,,,,,,,,,,,,,,,,,,28.6,29.1,28.3,28.6,28.7,28.1,28.6,28.9,27.9,29.5,28.9,29.3,27.9,28.5,29.4,28.5,28.4,28.3,28.8,29.2,29.7,29.4,28.6,29.4,28.6,28.9,28,29.3,28.8,28.8,28.4,79,76,80,79,78,80,79,77,82,74,78,77,83,82,74,81,79,81,76,77,74,75,76,75,78,76,79,76,76,75,79,0,0,0,0.1,0,0,0,0,0,0,0,0,0,0,0,0,0,0,0,0,0,0,0,0,0,0,0,0,0,0,0,16.3,17.7,13,18.1,16.1,12.7,18.5,15.3,14.9,16.6,19.7,16.4,18.5,19.8,15.7,17.3,16.9,18.4,15.1,17.6,17.8,19,17.1,18.2,15.5,17.4,15,17.1,11.2,17.7,19.5,20.5,22.3,16.6,23,20.5,15.8,24.8,19.4,18.4,22,26.6,22,24.8,25.9,20.2,20.9,23.4,23,19.8,23.8,24.1,27,22.3,23.4,19.4,23,20.5,22,13.7,24.1,24.8,,,,,,22.2204,114.2127
2026-08-08T08:00,28.1,28.9,29.9,30.1,29.1,29.6,29.9,27.9,31.3,29.5,28.7,29.6,30.3,28.7,31.9,30.9,31,28.9,29.3,28.5,29,30.1,28.4,29.3,30.2,30.9,31.4,28.9,31.2,30.6,29,30.2,28.8,30.6,28.2,29.7,30.1,28.2,30.5,31.1,89,84,82,77,83,82,82,83,74,81,84,81,77,82,69,75,73,84,83,84,84,80,80,82,77,73,72,85,75,79,81,82,82,79,86,83,78,86,72,73,0,0,0,0,0,0,0,0,0,0,0,0,0,0,0,0,0,0,0,0,0,0,0,0,0,0,0,0,0,0,0,0,0,0,0,0,0,0,0,0,3.3,2.9,3.2,10.5,9.4,5.6,7.6,1.9,5.2,3.7,4,6.5,10.6,1.8,4.6,6.6,9.4,5.7,6.3,2.4,8.9,8.9,3.4,5.1,10,12.2,8.9,4.5,4.6,9.1,3.6,7.9,3,6.9,3.2,5.6,10.9,5.5,11.8,6.6,,,,,,,,,,,,,,,,,,,,,,,,,,,,,,,,,,,,,,,,,29.1,29.4,28.8,29,29.2,28.5,29.1,29.4,28.2,29.8,29.2,29.6,28.2,28.8,29.8,28.9,28.8,28.7,29.3,29.8,30,29.7,29.1,29.7,29.1,29.3,28.3,29.7,29.3,29.2,28.8,77,74,77,77,76,77,76,75,80,73,77,75,81,80,72,79,77,79,73,74,73,74,74,74,75,74,78,74,73,73,77,0,0,0,0.1,0,0,0,0,0,0,0,0,0,0,0,0,0,0,0,0,0,0,0,0,0,0,0,0,0,0,0,16.2,18.4,11.7,17.2,16.1,12,17.2,15.5,14.2,17.1,19,17.1,17.7,18.8,15.6,16.6,16,19.1,15.1,18.9,17.1,19.5,17.1,19.4,15,17,13.8,17.1,11.4,17.2,18.4,19.8,22.3,14.4,21.6,20.9,14.8,23.8,19.1,16.9,23,25.6,24.5,23.4,24.1,19.4,20.2,22.3,23.4,20.9,25.9,23.4,27,22.3,25.2,18.7,22,18,21.6,14.4,23,22.7,,,,,,22.2204,114.2127
2026-08-08T09:00,29.1,30.2,31.3,31.1,30.5,31,31.3,29.2,32.2,31,30.1,30.9,31.4,30.3,32.8,31.9,32,30.4,30.6,29.9,30.2,31.3,30,30.7,31.5,31.9,32.5,30.4,32.4,31.8,30.3,31.6,30.4,31.9,29.5,31.1,31.2,29.6,31.5,32.2,84,79,75,72,76,74,75,78,69,75,78,75,71,75,65,69,67,77,76,78,78,73,75,76,71,68,66,79,69,72,76,74,76,72,81,75,71,80,68,66,0,0,0,0,0,0,0,0,0,0,0,0,0,0,0,0,0,0,0,0,0,0,0,0,0,0,0,0,0,0,0,0,0,0,0,0,0,0,0,0,2.4,3.4,5.8,12.8,12.1,8.6,10.4,1.8,8.6,6.1,5.9,8.8,12.7,4,7.1,9.5,12.3,7.6,8.4,3.7,11,11,5.1,6,11.9,15,11.8,5.6,6.8,11.2,5.7,11,4.1,9.7,3.5,8.2,13.2,7.6,14,9.3,,,,,,,,,,,,,,,,,,,,,,,,,,,,,,,,,,,,,,,,,29.8,29.9,29.5,29.5,30,29.1,29.9,30,28.9,30.5,29.8,30.2,28.9,29.3,30.3,29.7,29.3,29.3,30.1,30.3,30.6,30.1,29.9,30.3,29.8,29.9,29,30.3,30,29.8,29.3,74,72,74,75,72,74,72,72,77,70,74,71,78,77,70,75,75,76,69,71,69,72,70,71,72,71,76,71,70,71,75,0,0,0,0,0,0,0,0,0,0,0,0,0,0,0,0,0,0,0,0,0,0,0,0,0,0,0,0,0,0,0,16.2,18.1,12.4,16.4,15.5,11.8,17.1,15.1,13.4,16.7,18,18.9,16.5,18.8,17.3,15.7,15.3,18.8,14.8,19.9,18,20.5,17.2,19.8,15.1,16.9,12.6,16.8,13.6,17,17.3,19.4,22,15.5,20.2,20.9,14.4,23.8,18.7,15.8,23,23.4,26.6,20.9,23.4,22,19.1,20.5,23.4,22,27,25.2,28.1,23,25.9,18.4,21.2,16.2,21.6,17.6,21.6,20.9,,,,,,22.2204,114.2127
2026-08-08T10:00,30.4,31.7,32.9,32.2,32.1,32.6,33.1,30.7,33.3,32.6,31.8,32.4,32.6,32.2,33.9,33,33.2,32.1,32.1,31.7,31.7,32.8,31.9,32.4,33,33,33.7,32.1,33.5,33.1,31.9,33,32.3,33.2,31.1,32.7,32.5,31.3,32.7,33.5,77,73,67,65,67,65,65,72,63,68,71,69,65,67,59,61,61,69,68,70,70,65,69,68,64,63,60,71,62,64,69,65,69,63,75,66,64,72,63,59,0,0,0,0,0,0,0,0,0,0,0,0,0,0,0,0,0,0,0,0,0,0,0,0,0,0,0,0,0,0,0,0,0,0,0,0,0,0,0,0,3,4.4,10.1,15.2,15.9,12.8,14,2.1,13.2,9.5,8.7,12.1,15.7,7.7,10.2,13.7,15.7,11.2,13.4,7.3,14.6,14.9,7.9,8.2,14.4,18.7,15.1,7.7,10.3,14.7,8.7,15,6.4,14,4.2,11.8,16.6,10.6,16.6,13.7,,,,,,,,,,,,,,,,,,,,,,,,,,,,,,,,,,,,,,,,,30.6,30.5,30.4,30.2,31,29.9,30.9,30.8,29.7,31.3,30.6,31.1,29.7,29.9,30.9,30.7,30,30,31,30.9,31.3,30.6,30.9,31.1,30.7,30.7,29.9,31.1,30.8,30.5,30,70,70,71,72,68,71,67,69,74,66,70,67,74,74,68,71,72,73,65,68,64,70,66,66,69,68,73,67,66,69,73,0,0,0,0,0,0,0,0,0,0,0,0,0,0,0,0,0,0,0,0,0,0,0,0,0,0,0,0,0,0,0,15.9,17.7,14,15.7,14.7,11.7,18.3,14.8,12.6,16.3,17,21.1,15,19.1,20,15.1,14.8,18.3,15.6,20.7,20.8,21.8,18.4,20.2,15.7,17.1,11.4,16.7,16.8,17.1,16.4,19.1,21.2,18.4,18.7,20.5,14.4,24.5,18.4,14.8,22.3,20.9,28.4,18.4,23.4,25.9,18,18.4,23.4,22.7,27.4,28.4,29.5,23.8,26.3,18.7,20.5,14.8,22,22,20.5,19.4,,,,,,22.2204,114.2127
2026-08-08T11:00,31.5,33,34.2,33.2,33.5,33.9,34.5,32,34.2,34,33.2,33.6,33.7,33.8,34.9,34,34.2,33.5,33.4,33.1,33,34,33.5,33.9,34.3,34,34.7,33.6,34.5,34.1,33.3,34.2,33.9,34.2,32.5,34,33.5,32.8,33.7,34.4,72,67,60,60,60,57,58,67,58,61,64,63,60,61,54,55,56,62,61,64,64,58,63,62,58,58,55,64,56,58,63,57,62,57,69,59,58,66,59,53,0,0,0,0,0,0,0,0,0,0,0,0,0,0,0,0,0,0,0,0,0,0,0,0,0,0,0,0,0,0,0,0,0,0,0,0,0,0,0,0,4.4,4.4,14,17.1,18.9,16.5,17,2,16.4,12.2,11,14.8,18,10.8,12.6,16.9,18.7,13.8,17.3,9.8,17.3,18,10.4,9.8,16.3,21.5,17.9,9.4,13.1,17.4,10.9,18.4,8.1,17.4,4.9,14.6,19.2,13.1,18.9,17.2,,,,,,,,,,,,,,,,,,,,,,,,,,,,,,,,,,,,,,,,,31.2,31,31.2,30.9,31.8,30.6,31.6,31.4,30.4,32,31.2,31.7,30.5,30.4,31.5,31.4,30.6,30.6,31.8,31.5,31.9,31.1,31.7,31.7,31.3,31.4,30.6,31.7,31.5,31.1,30.6,68,68,68,70,65,69,63,66,72,63,68,64,71,72,66,68,70,70,63,65,60,68,63,63,67,66,71,65,64,68,71,0,0,0,0,0,0,0,0,0,0,0,0,0,0,0,0,0,0,0,0,0,0,0,0,0,0,0,0,0,0,0,15.7,17.7,15.5,15.4,14.5,11.7,19.8,15.2,12.2,15.9,16.5,22.4,14.1,19.4,21.6,14.5,14.3,18.1,16.4,21.1,22.5,23,19.6,20.1,16.1,17.6,10.5,16,19,16.9,15.3,19.1,21.2,20.5,18.4,20.2,15.1,25.2,19.1,14.8,21.6,19.8,29.2,16.9,23.8,28.8,17.6,16.9,23.4,22.7,27,30.2,30.6,24.5,26.6,19.4,20.5,14.4,22,24.8,19.8,18.7,,,,,,22.2204,114.2127
2026-08-08T12:00,32.3,33.9,35,33.9,34.4,34.7,35.4,33,35.1,35,34.4,34.5,34.6,34.7,35.4,34.7,34.9,34.3,34.5,34,33.9,34.9,34.6,34.9,35.3,34.9,35.5,34.7,35.2,34.8,34.4,35,35,35,33.7,34.9,34.3,33.7,34.4,35,68,62,56,57,55,52,54,64,54,56,58,58,56,58,52,51,53,58,56,61,60,54,58,57,54,54,52,58,53,54,58,53,57,53,63,54,54,61,56,50,0.1,0,0,0,0,0,0,0.3,0,0,0,0,0,0,0,0,0,0,0,0.1,0,0,0,0,0,0,0,0,0,0,0,0,0,0,0,0,0,0,0,0,4.6,3.3,15.6,17.2,19,18.4,18.4,0,17.5,12.9,12.1,16.2,18.4,12.1,13,17.3,19.4,14.5,18,10.6,17.3,18.1,12.1,10.8,16.6,22.7,19.5,10.2,13.8,19,11.7,19.5,8.9,17.9,7,15,19.9,14.2,19.5,18,,,,,,,,,,,,,,,,,,,,,,,,,,,,,,,,,,,,,,,,,31.4,31.2,31.8,31.4,32.2,31,32,31.8,30.6,32.1,31.5,32,31,30.8,31.9,31.7,31,31,32.1,31.9,32.1,31.4,32.1,32.1,31.6,31.8,30.9,32,31.9,31.6,31.1,67,67,66,68,63,68,62,65,71,63,67,64,69,71,64,67,69,68,63,63,60,67,62,62,67,65,70,65,63,67,70,0,0,0,0,0,0,0,0,0,0,0,0,0,0,0,0,0,0,0,0,0,0,0,0,0,0,0,0,0,0,0,15.2,18.4,15.6,16.4,14.5,11.9,19.4,17.1,12.5,14.8,16.9,21.4,14.9,19.9,21.3,13.3,14.2,18.2,14.4,19.6,21.9,23.6,20,20.5,16.6,18.3,10.5,15.5,18.8,16.6,13.7,19.4,22,20.9,19.1,19.8,16.6,25.2,21.6,15.5,20.9,21.2,27.7,17.6,24.8,29.2,18.4,16.2,23,20.2,25.6,29.9,30.6,24.5,26.6,20.9,21.2,15.8,20.5,24.8,19.8,18.7,,,,,,22.2204,114.2127
2026-08-08T13:00,33,34.5,35.6,34.4,35.2,35.2,35.9,33.8,35.8,35.7,35.3,35.2,35.3,35.2,35.7,35.3,35.5,34.8,35.4,34.5,34.5,35.7,35.4,35.6,35.9,35.6,36,35.5,35.6,35.2,35.3,35.5,35.8,35.7,34.9,35.5,34.8,34.4,35,35.2,66,58,53,55,52,50,51,63,50,52,53,54,53,56,51,49,50,56,52,60,57,51,53,53,51,51,49,53,52,51,54,51,52,50,56,51,52,56,53,49,0.1,0,0,0,0,0,0,0.3,0,0,0,0,0,0,0,0,0,0,0,0.1,0,0,0,0,0,0,0,0,0,0,0,0,0,0,0,0,0,0,0,0,3.5,4.8,15.9,16.8,17.9,19.2,18.9,2.8,17,13.2,12,17.1,18,12.1,13.1,16.3,19.3,14.5,17.3,10.8,15.9,16.6,13.1,10.8,15.9,23.1,20,10.6,13.4,19.7,11.9,18.8,9.2,17,11.5,14.3,19.8,14.7,19.1,17.2,,,,,,,,,,,,,,,,,,,,,,,,,,,,,,,,,,,,,,,,,31.5,31.4,32.3,31.9,32.4,31.4,32.2,32,30.7,32,31.6,32.1,31.4,31.2,32.3,31.8,31.4,31.4,32.2,32.3,32.1,31.7,32.2,32.3,31.6,32,31,32.1,32.1,32,31.4,68,67,65,66,63,68,62,64,71,65,68,65,68,70,63,67,68,67,65,62,62,67,63,62,67,64,70,66,64,67,69,0,0,0,0,0,0,0,0,0,0,0,0,0,0,0,0,0,0,0,0,0,0,0,0,0,0,0,0,0,0,0,15.6,19.6,15.7,18.2,14,13.2,18.2,20.3,14,14.8,19,19.4,16.6,20.9,20.2,14.5,13.8,18.4,10.7,17.4,20.9,23.4,19.4,21,17.5,19.6,13.9,15.3,17.1,17.6,13.1,20.2,23,20.9,20.5,19.1,18.4,25.2,24.8,16.9,20.2,23.8,25.2,19.8,26.6,27.7,19.8,15.8,23,16.6,23.4,28.8,29.9,24.5,26.3,22.3,22.7,18.4,19.1,23,20.5,19.1,,,,,,22.2204,114.2127
2026-08-08T14:00,33.4,34.9,35.9,34.7,35.6,35.5,36.2,34.2,36.3,36.2,35.9,35.7,35.7,35.5,35.8,35.6,35.9,35.1,36,34.8,35,36.1,35.8,35.9,36.4,36,36.3,36,35.9,35.5,35.9,35.8,36.2,36,35.7,35.9,35.2,34.7,35.3,35.3,64,55,52,53,50,48,49,63,48,49,49,51,51,55,50,48,49,55,49,59,55,49,50,51,49,49,48,50,51,50,51,50,50,49,52,50,51,54,52,49,0.1,0,0,0,0,0,0,0.3,0,0,0,0,0,0,0,0,0,0,0,0.1,0,0,0,0,0,0,0,0,0,0,0,0,0,0,0,0,0,0,0,0,2.8,6.8,15.5,16.3,16.8,18.8,18.8,4.3,15.9,12.7,11.8,16.9,17.2,11.7,12.8,15.6,18.7,13.8,16.2,10.4,14.5,15.5,13.5,10.5,14.9,22.5,19.8,10.6,12.7,19.9,11.7,18.2,9.1,16.1,14.4,13.6,19.1,14.7,18.5,16.2,,,,,,,,,,,,,,,,,,,,,,,,,,,,,,,,,,,,,,,,,31.5,31.3,32.6,32.2,32.5,31.5,32.3,32.1,30.6,31.9,31.6,32.2,31.7,31.4,32.5,31.7,31.6,31.6,32.2,32.6,32.2,32,32.4,32.5,31.6,32.1,31,32,32.2,32.1,31.6,69,68,65,65,63,69,62,64,72,67,69,65,68,70,62,68,67,67,66,61,63,66,63,62,68,64,71,67,64,67,70,0,0,0,0,0,0,0,0,0,0,0,0,0,0,0,0,0,0,0,0,0,0,0,0,0,0,0,0,0,0,0,16.5,21.1,15.2,19.8,13.2,15.5,17.6,22.1,16.2,16.2,20.7,18.4,18.5,22.3,18.4,17.2,14.1,19.5,6.3,15.9,21,23.2,18.8,21.3,19.2,20.9,17.8,15.1,15.6,19.5,13.2,20.9,24.1,20.9,22.3,18.7,20.5,24.8,27.4,18.7,20.5,25.9,23.8,22,28.4,25.9,21.2,16.2,23.8,14.4,21.6,27.4,29.2,24.1,26.3,24.1,24.1,20.5,18.4,21.6,22,19.4,,,,,,22.2204,114.2127
2026-08-08T15:00,33.8,35.2,36,35,35.8,35.8,36.4,34.1,36.5,36.3,36.4,36.1,35.8,35.9,35.9,35.8,35.9,35.3,36.2,35,35.5,36.3,36,36,36.8,36.2,36.4,36.2,36.2,35.6,36.3,35.9,36.2,36.2,36.1,35.9,35.4,34.6,35.3,35.4,63,53,51,52,49,47,48,64,47,48,46,49,51,53,50,47,48,54,47,58,52,48,48,50,47,48,47,48,49,49,49,49,50,48,50,50,50,55,52,49,0,0,0,0,0,0,0,1.3,0,0,0,0,0,0,0,0,0,0,0,0,0,0,0,0,0,0,0,0,0,0,0,0,0,0,0,0,0,0,0,0,2.2,6.6,14.6,16.7,16.9,17.1,17.2,3.7,14.5,11.9,11,15.5,15.8,11.2,12.4,14.8,18.4,13.5,15.9,9.2,13.4,15,13.3,9.6,13.6,21.5,18.9,10,11.3,19.7,9.8,17.6,8.9,15.6,14.1,13,18.4,14.6,18.1,14.5,,,,,,,,,,,,,,,,,,,,,,,,,,,,,,,,,,,,,,,,,31.4,30.9,32.4,32.1,32.5,31.3,32.4,32.2,30.3,31.9,31.5,32.4,31.7,31.3,32.5,31.6,31.7,31.4,32.1,32.7,32.3,32.2,32.5,32.5,31.4,32,31,31.7,32.3,31.8,31.3,70,71,66,66,64,70,62,64,74,69,70,64,68,71,62,69,67,68,67,61,63,65,63,63,69,65,72,69,64,69,72,0,0,0,0,0,0,0,0,0,0,0,0,0,0,0,0,0,0,0,0,0,0,0,0,0,0,0,0,0,0,0,17.8,22.1,14.4,21.1,11.3,18.5,17.9,21.8,18,18.6,21.4,19.7,19.8,24,15.5,19.2,14.4,22.1,1.8,15.1,20.7,22.5,18.1,21.7,20.8,21.8,19.2,15.1,14.9,22.2,14.1,22,25.9,21.2,24.8,18,23.4,24.1,27.7,20.5,23.4,27,25.6,24.1,29.9,22.7,22.7,16.9,27,15.5,20.9,26.6,28.4,23.8,27,25.6,26.3,21.2,20.2,20.9,25.2,19.1,,,,,,22.2204,114.2127
2026-08-08T16:00,33.9,35.3,35.8,35.1,35.7,36,36.3,33.6,36.4,36.2,36.5,36.3,35.5,36,35.8,35.8,35.7,35.4,36.1,34.9,35.8,36.3,35.9,35.7,36.9,36.1,36.2,36.1,36.4,35.5,36.5,35.8,35.8,36.2,36.1,35.6,35.3,34.2,35,35.3,62,53,52,51,50,46,48,67,46,48,45,48,53,50,50,47,48,53,47,58,50,47,47,50,45,48,48,49,48,50,47,49,52,48,50,52,49,57,54,49,0,0,0,0,0,0,0,1.3,0,0,0,0,0,0,0,0,0,0,0,0,0,0,0,0,0,0,0,0,0,0,0,0,0,0,0,0,0,0,0,0,3.1,5.2,13.4,17,17.1,14.1,15,3,12.5,10.7,9.6,12.7,13.7,10,12.8,14,17.7,12.8,15.2,7.6,12.3,14.3,12.4,8.9,12.2,20.3,17.8,9.3,9.6,18.7,7.2,16.9,8.7,15.2,11.6,12.6,17.8,14.8,17.6,12.7,,,,,,,,,,,,,,,,,,,,,,,,,,,,,,,,,,,,,,,,,31.2,30.2,32,31.7,32.3,30.9,32.5,32.2,29.9,32,31.4,32.7,31.7,31.1,32.4,31.3,31.7,31,31.9,32.7,32.4,32.4,32.6,32.4,31.1,31.7,30.9,31.3,32.2,31.3,30.7,71,75,68,68,66,72,63,64,76,70,72,62,69,73,63,71,67,71,68,61,62,64,63,63,71,68,73,72,64,72,75,0,0,0,0,0,0,0,0,0,0,0,0,0,0,0,0,0,0,0,0,0,0,0,0,0,0,0,0,0,0,0,19,22.7,14,22.8,11,21.3,18.8,21.2,19.5,21.2,21.5,21.9,20.9,26.1,12.3,20.5,15.4,25.8,10.7,15,19.9,21.8,17.1,21.9,22.2,23.1,19,16.9,14.8,25,14.8,23,27.7,21.6,27.4,17.6,26.3,23,27,22.7,27.4,27.7,28.4,26.6,31.3,18.7,24.1,18.4,31,18,20.9,25.9,27.7,23.8,28.1,27.4,28.8,21.6,23,20.5,29.5,18.7,,,,,,22.2204,114.2127
2026-08-08T17:00,33.6,35,35.2,34.8,35.3,35.6,35.8,33,36,35.6,36.1,36,35,35.9,35.4,35.3,35.2,35.1,35.6,34.6,35.5,35.9,35.4,35,36.5,35.6,35.7,35.6,36.1,35,36.2,35.2,35.1,35.7,35.6,35,34.9,33.5,34.4,34.9,64,55,54,52,52,48,50,70,48,50,47,49,56,50,51,49,50,55,49,59,51,49,49,53,47,50,50,51,49,53,48,51,55,50,52,55,51,61,56,51,0,0,0,0,0,0,0,1.3,0,0,0,0,0,0,0,0,0,0,0,0,0,0,0,0,0,0,0,0,0,0,0,0,0,0,0,0,0,0,0,0,4.2,3.6,12.6,16.6,16.5,11.8,13.3,3.6,10.3,9.7,8.4,10.4,11.3,8.4,13.1,12.6,16.5,11.8,13.8,5.8,10.6,13.6,10.6,9.5,10.6,18.8,16.5,8.7,7.6,17,5.5,15,8.5,14.1,9,11.7,16.5,14.3,16.3,10.9,,,,,,,,,,,,,,,,,,,,,,,,,,,,,,,,,,,,,,,,,31,29.8,31.7,31.4,32,30.6,32.4,32.1,29.6,32.2,31.3,32.9,31.6,30.9,32.2,30.9,31.5,30.6,31.7,32.6,32.5,32.5,32.7,32.3,30.8,31.4,30.7,30.9,32.2,30.8,30.2,73,78,70,70,68,74,63,64,78,70,73,61,70,74,64,74,68,73,69,62,62,63,63,64,73,70,75,74,64,74,78,0,0,0,0,0,0,0,0,0,0,0,0,0,0,0,0,0,0,0,0,0,0,0,0,0,0,0,0,0,0,0,20.1,22.7,14.2,24.5,13,23,19.3,20.3,20.2,21,21.4,23.2,21.3,26.9,9.8,21.4,16.5,28.2,17.4,15.3,19.3,20.7,16.1,21.7,23.2,24.2,18.7,19.6,15.4,26.8,15,24.1,28.8,22,29.5,18,27.7,22,26.3,24.1,30.2,27.7,30.2,28.1,32,16.2,25.9,19.8,34.2,20.2,20.5,25.2,26.6,23.4,28.1,28.8,30.2,22,25.6,20.5,32.4,18,,,,,,22.2204,114.2127
2026-08-08T18:00,31.2,32.7,33.3,32.6,33.1,33,33.6,31.8,33.7,33,33,33,32.7,34.3,33.8,33,33.1,32.7,33.1,32.8,32.5,33.7,32.8,32.9,33.3,33.4,33.4,33.2,33.2,32.3,34.3,33,33.3,33.1,32.7,33,32.6,31.9,33.1,33.1,77,69,64,62,62,61,62,79,59,62,64,63,67,59,58,61,61,68,60,70,68,60,64,67,66,60,61,64,63,67,58,63,62,62,66,63,63,68,62,60,0,0,0.1,0,0,0,0,0.2,0,0,0,0,0,0,0,0,0,0,0,0,0,0,0,0,0,0,0,0,0,0,0,0,0,0,0,0,0,0,0,0,4.7,1,8.3,10.4,12.8,9.3,11.2,1.8,6.9,8.6,5.9,8.9,8.4,4,7.7,8.7,11.4,7.2,7.6,1.9,5.6,10.2,5.4,6.9,5.9,12.3,10.5,6.2,4.8,9.2,3.9,9.4,4.6,8.1,7.2,7.6,9.4,6.8,11,8.4,,,,,,,,,,,,,,,,,,,,,,,,,,,,,,,,,,,,,,,,,30.7,29.6,31.6,31,31.6,30.3,32.3,32,29.4,32.4,31.2,32.8,31.5,30.7,31.9,30.4,31.2,30.1,31.4,32.4,32.4,32.4,32.6,32.3,30.6,31.1,30.4,30.5,32.2,30.4,29.9,75,79,70,72,70,76,63,65,80,67,74,60,71,75,66,77,69,76,71,62,62,64,62,64,74,72,77,76,64,76,80,0,0,0,0,0,0,0,0,0,0,0,0,0,0,0,0,0,0,0,0,0,0,0,0,0,0,0.1,0.3,0,0,0,20.8,22.1,14.9,25.4,15.3,22,17.9,18.9,20,17.1,21.6,22.7,21.2,26.8,9.4,22.4,17.6,28.2,19.2,15.3,19,18.8,15.5,19.6,23.8,23.7,18.5,21.4,16.2,26.4,14.3,25.6,28.4,22,30.6,20.2,26.6,20.5,25.6,25.2,31,27.7,29.2,28.1,32.4,16.2,29.2,20.9,34.9,20.5,20.2,24.5,24.8,23.4,26.6,31,29.5,22.3,27,20.9,32.8,16.9,,,,,,22.2204,114.2127
2026-08-08T19:00,30.4,31.9,32.3,31.9,32.1,32,32.6,30.8,32.8,31.9,32,32,31.7,33.6,33.1,32.1,32.1,31.8,32,32,31.6,32.8,31.7,31.9,32.3,32.5,32.4,32.2,32.3,31.3,33.5,32.1,32.2,32.2,31.6,32,31.8,30.9,32.3,32.3,82,74,68,65,66,66,66,83,63,67,69,67,72,61,61,65,65,72,64,74,73,64,69,72,71,64,65,68,67,73,62,68,67,67,71,68,67,73,65,63,0,0,0.1,0,0,0,0,0.2,0,0,0,0,0,0,0,0,0,0,0,0,0,0,0,0,0,0,0,0,0,0,0,0,0,0,0,0,0,0,0,0,6.2,3.1,7.2,9.7,12.8,7.1,9.7,2.9,5.3,8.4,4.7,7.3,6.8,2.5,7,7.2,9.8,6.2,5.9,2.5,5.1,9.3,3.7,7.1,5.4,10.4,8.2,6.5,3.8,7.3,2.9,7.4,4.2,6.9,5.4,6.3,7.4,6.9,9.2,6.8,,,,,,,,,,,,,,,,,,,,,,,,,,,,,,,,,,,,,,,,,30.3,29.6,31.7,30.7,31.2,30,32,31.9,29.2,32.7,31.1,32.5,31.3,30.4,31.5,29.8,30.8,29.6,31.1,32.2,32.4,32.2,32.4,32.3,30.4,30.9,30,30.2,32.2,30.1,29.7,77,80,69,75,72,78,63,67,82,63,74,60,72,77,69,81,71,79,74,63,61,65,61,63,75,73,79,78,63,78,81,0,0,0,0,0,0,0,0,0,0,0,0,0,0,0,0,0,0,0,0,0,0,0,0,0,0,0.1,0.3,0,0,0,21.3,21.1,15.3,25.6,17.6,19.5,15.6,16.6,19.2,19.5,21.4,20.7,21,25.9,11.2,23.4,18.8,26.6,18.2,14.9,18.4,16.2,15.7,17.6,23.8,22.1,18.2,22.5,17.4,25,13.2,27,27.4,22,31,23.4,24.1,18.7,24.5,25.6,31,27,26.6,27,32,17.6,32.8,22,34.6,20.2,19.8,23.4,22.7,23.4,23.8,33.1,27.7,22.7,27.7,21.2,32,15.5,,,,,,22.2204,114.2127
2026-08-08T20:00,29.8,31.3,31.7,31.4,31.5,31.4,31.9,30.1,32.1,31.1,31.2,31.3,31,33.1,32.6,31.5,31.5,31.1,31.2,31.4,30.9,32.1,30.9,31.2,31.5,31.8,31.7,31.4,31.7,30.6,32.8,31.3,31.5,31.4,30.8,31.3,31.1,30.2,31.7,31.7,85,77,71,67,69,69,69,87,66,70,73,70,76,63,63,68,68,75,67,76,76,67,73,76,75,67,68,72,70,77,65,71,70,70,74,71,70,76,68,66,0,0,0.1,0,0,0,0,0.2,0,0,0,0,0,0,0,0,0,0,0,0,0,0,0,0,0,0,0,0,0,0,0,0,0,0,0,0,0,0,0,0,7.1,4.3,7,9.3,13,6.6,8.8,3.8,4.7,8.6,4.1,7.1,6,2.6,6.6,6.8,9.3,6.2,5,4.1,5.9,9.2,3.2,7.4,5.4,9.7,7.2,6.7,4,6.8,3.2,6.8,4,6.3,4.9,5.7,6.6,7.5,8.2,6,,,,,,,,,,,,,,,,,,,,,,,,,,,,,,,,,,,,,,,,,30.1,29.6,31.7,30.4,30.8,29.9,31.8,31.7,29.2,32.9,31.1,32.1,31.3,30.4,31.2,29.3,30.4,29.2,30.9,32,32.2,32,32.3,32.2,30.3,30.8,29.8,30.1,32.2,29.9,29.6,79,80,69,76,74,80,64,68,83,60,73,61,72,77,71,84,73,81,75,63,61,66,60,63,76,74,80,79,63,79,81,0,0,0,0,0,0,0,0,0,0,0,0,0,0,0,0,0,0,0,0,0,0,0,0,0,0,0.1,0.3,0,0,0,20.6,20.3,15.6,24.8,18.6,17.7,14.4,15.1,18.4,25.1,19.5,18.4,18.9,23.8,12.9,23.8,19.9,26,16.1,14.4,17.9,14.1,16.6,16.3,23.7,20.3,18.2,22.3,17.8,23.5,11.9,26.6,26.6,22,31,25.2,22.7,18.4,23.4,25.2,30.2,25.9,23.8,25.6,31,18.7,35.6,23,34.9,19.8,19.4,22.7,20.9,23,21.6,34.2,25.9,23.4,27.4,21.6,30.6,14,,,,,,22.2204,114.2127
2026-08-08T21:00,29.3,30.8,31.3,31,31,30.9,31.5,29.5,31.7,30.6,30.6,30.8,30.5,32.7,32.2,31.1,31,30.7,30.7,30.9,30.4,31.7,30.2,30.7,31,31.4,31.3,31,31.2,30.2,32.1,30.8,31,30.9,30.3,30.7,30.7,29.9,31.3,31.3,87,79,73,68,71,71,71,90,68,72,76,72,78,64,65,69,70,77,69,77,78,69,76,78,77,69,69,74,72,79,68,73,72,72,76,73,72,77,70,68,0.1,0,0,0,0,0,0,0,0,0,0,0,0,0,0,0,0,0,0,0,0,0,0,0,0,0,0,0,0,0,0,0,0,0,0,0,0,0,0,0,7.3,4.8,7.1,9.3,13,6.6,8.9,4,4.7,8.7,4,7.3,5.9,3,6.4,7,9.2,6.4,5,4.5,6.3,9.1,3.3,7.8,5.8,9.7,7,7.1,4.1,6.8,3.7,6.7,4,6.2,4.8,5.5,6.5,7.8,8,5.9,,,,,,,,,,,,,,,,,,,,,,,,,,,,,,,,,,,,,,,,,30,29.6,31.6,30.4,30.7,29.8,31.5,31.4,29.3,32.7,31.3,31.7,31.3,30.6,31,29.2,30.1,29,30.8,31.7,32.1,31.9,32.1,32.1,30.3,30.8,29.8,30.2,32,29.9,29.7,79,80,69,76,74,80,66,70,82,59,70,63,71,75,72,85,75,82,75,64,61,66,59,63,76,73,80,78,63,79,79,0,0,0,0,0,0,0,0,0.4,0,0,0.1,0.1,0,0,0,0,0,0,0,0,0,0,0,0,0,0.1,0,0,0,0,18.4,20.7,15.5,23.5,17.7,17.9,14.8,14.8,17.8,25.3,14.5,14.2,14.5,20.4,12.1,24.2,20.5,26.6,12.9,13,17.2,13,16.6,14.8,23.2,18.8,19.3,19.5,17.1,22.4,10.8,23.8,26.6,22.3,30.6,24.5,23,19.8,22.3,23.4,29.2,24.1,20.2,23.4,28.4,19.1,37.4,24.5,37.4,18.7,18.4,22,19.4,22.7,19.8,33.1,24.8,25.6,24.5,20.9,28.8,12.6,,,,,,22.2204,114.2127
2026-08-08T22:00,28.8,30.3,30.9,30.8,30.7,30.5,31.1,28.9,31.3,30.3,30,30.4,30.2,32.2,31.8,30.9,30.7,30.3,30.2,30.5,29.9,31.3,29.6,30.4,30.5,31,31,30.6,30.8,29.9,31.2,30.3,30.6,30.4,29.9,30.3,30.3,29.7,31,30.9,90,82,75,69,72,72,71,92,69,75,79,74,80,65,66,70,71,78,71,77,80,70,80,79,78,70,70,76,74,81,72,76,73,75,78,75,73,77,71,69,0.1,0,0,0,0,0,0,0,0,0,0,0,0,0,0,0,0,0,0,0,0,0,0,0,0,0,0,0,0,0,0,0,0,0,0,0,0,0,0,0,6.8,4.9,7,9.8,13.1,6.8,8.9,4.2,4.7,7.9,4,7.2,5.9,3.4,6.4,7,8.8,6.4,5,4.7,6.2,9.4,3.3,8.2,5.8,9.7,7.3,7.2,4,7.2,4,6.6,4,6.2,5,5.5,6.5,8.3,8.3,5.4,,,,,,,,,,,,,,,,,,,,,,,,,,,,,,,,,,,,,,,,,30,29.7,31.4,30.5,30.7,29.9,31.1,31.1,29.5,32.4,31.6,31.1,31.5,31,30.8,29.2,29.9,28.9,30.8,31.4,31.9,31.8,31.9,32,30.4,31,29.8,30.5,31.7,30,29.9,79,80,69,75,74,80,69,71,81,60,67,65,68,72,72,85,77,82,74,65,62,66,57,63,75,71,80,75,63,78,77,0,0,0,0,0,0,0,0,0.4,0,0,0.1,0.1,0,0,0,0,0,0,0,0,0,0,0,0,0,0.1,0,0,0,0,15.7,21.5,15.5,22,16.1,19,16.6,15.2,17.2,22.1,11.5,9.3,11.5,16.7,10.4,24.5,20.6,27.9,9.5,11.5,16.6,12.2,15.9,13.2,23.2,17.4,21.4,16,15.6,21.7,9.7,19.1,27.4,22.3,29.2,22.7,24.1,22,21.6,20.5,27.7,21.2,16.2,20.5,25.2,18.7,38.5,26.3,41,18,17.3,21.2,18,22,18,31,23.8,28.1,20.5,20.2,27,11.5,,,,,,22.2204,114.2127
2026-08-08T23:00,28.3,29.9,30.7,30.6,30.4,30.2,30.8,28.3,30.9,30,29.5,30,29.9,31.7,31.4,30.7,30.5,29.9,29.7,30.1,29.6,31,29,30.1,30.2,30.7,30.7,30.3,30.4,29.7,30.4,29.9,30.2,30,29.6,29.8,30,29.6,30.8,30.6,92,83,76,70,74,72,72,94,70,76,81,75,82,66,67,70,72,78,73,77,81,71,83,80,79,71,71,78,75,82,76,78,75,76,80,76,74,76,72,69,0.1,0,0,0,0,0,0,0,0,0,0,0,0,0,0,0,0,0,0,0,0,0,0,0,0,0,0,0,0,0,0,0,0,0,0,0,0,0,0,0,6.2,4.3,6.6,10,12.9,7.3,9.4,4.1,4.7,7.2,4.3,7.2,5.9,3.9,6.2,7.6,9,6.6,5.2,4.3,6.1,9.3,3.3,8.4,5.8,10.1,8.1,7.6,4,7.2,4,6.6,4.1,5.9,5,5.2,6.6,9.1,8.4,5.4,,,,,,,,,,,,,,,,,,,,,,,,,,,,,,,,,,,,,,,,,30.1,29.8,31.3,30.6,30.6,29.9,30.8,30.8,29.7,32.1,31.7,30.8,31.5,31.2,30.8,29.2,29.8,28.9,30.8,31.1,31.7,31.6,31.7,31.8,30.4,31.1,29.9,30.8,31.4,30.1,30,78,79,69,74,73,79,71,72,79,61,65,67,67,70,70,84,78,82,71,66,63,66,57,64,75,70,79,72,64,77,75,0,0,0,0,0,0,0,0,0.4,0,0,0.1,0.1,0,0,0,0,0,0,0,0,0,0,0,0,0,0.1,0,0,0,0,13.4,22.1,15.4,20.2,14.8,19.3,18.1,14.8,16.5,19.9,13.1,7.2,12.2,15.3,10.1,24.7,20.3,29,8.2,10.4,15.8,12.6,15,12.2,22.8,16.9,22.3,13.5,14.8,20.6,9,15.5,27.7,22,27,20.9,24.8,24.1,20.5,18.4,26.6,19.1,13.7,18.4,22.3,19.1,38.5,26.6,43.2,18.4,16.2,20.5,17.6,21.6,16.9,29.2,22.7,29.2,17.6,20.2,24.8,10.8,,,,,,22.2204,114.2127
2026-08-09T00:00,27.9,29.5,30.5,30.5,30.2,30,30.6,27.8,30.6,29.8,29.1,29.7,29.6,31.3,31.1,30.5,30.3,29.7,29.4,29.8,29.3,30.8,28.5,29.9,29.9,30.4,30.5,30.1,30.2,29.5,29.6,29.6,30,29.7,29.4,29.5,29.7,29.5,30.6,30.3,93,85,77,70,74,73,72,95,71,78,83,76,83,67,68,69,73,78,75,77,82,72,86,80,79,72,70,79,76,83,80,79,75,78,81,77,75,75,73,70,0.1,0,0,0,0,0,0,0,0,0,0,0,0,0,0,0,0,0,0,0,0,0,0,0,0,0,0,0,0,0,0,0,0,0,0,0,0,0,0,0,5.6,4.4,6.4,10.8,13,7.9,9.8,3.9,4.5,7,4.3,7.2,6.2,4.6,5.8,8.2,9.4,6.6,5.5,4.2,6.2,9.9,3.2,8.7,5.9,10.4,9,8.2,3.6,7.7,4,6.7,4.3,6,5.4,5.2,6.7,10.7,9.4,5.5,,,,,,,,,,,,,,,,,,,,,,,,,,,,,,,,,,,,,,,,,30.2,29.9,31.1,30.5,30.4,30,30.4,30.6,29.8,31.7,31.4,30.7,31.2,31.1,30.9,29.2,29.7,28.9,31,30.7,31.4,31.2,31.5,31.4,30.3,30.9,29.9,30.9,31,30.2,29.9,76,78,69,74,73,77,73,72,77,63,65,66,67,70,66,83,78,82,65,68,64,67,58,65,75,70,78,69,66,76,75,0,0.2,0.1,1.3,0,0,0,0,0,0,0,0.1,0,0,0,0.3,0,0,0,0,0.1,0,0,0,0,0.2,0,0,0,0,0,11.5,22.1,14.2,16.7,14.4,17.6,19.3,13.8,15.1,19.9,11.6,8.3,12.2,14.8,10.8,24.7,18.8,28.8,11,10,14.6,13.5,13.8,12,22.7,16.7,20.5,11.6,15.4,19.1,9.5,13.7,28.4,19.8,22.3,19.1,24.1,25.6,19.4,16.9,25.9,16.6,14,16.9,20.2,19.8,37.4,24.8,42.8,21.6,15.1,19.8,18.7,21.2,16.2,28.8,20.9,26.6,16.9,22.3,22.7,11.5,,,,,,22.2204,114.2127
2026-08-09T01:00,27.7,29.3,30.4,30.3,30,29.8,30.4,27.4,30.4,29.7,28.8,29.5,29.4,30.9,30.9,30.4,30.1,29.5,29,29.6,29,30.6,28.2,29.8,29.7,30.2,30.4,30,30,29.4,29,29.4,29.8,29.5,29.2,29.3,29.5,29.5,30.4,30.1,94,85,77,71,75,73,72,95,71,79,84,77,84,68,69,69,73,78,76,77,82,72,88,79,79,72,70,80,77,83,83,80,76,79,81,78,75,74,74,70,0.1,0,0,0,0,0,0,0,0,0,0,0,0,0,0,0,0,0,0,0,0,0,0,0,0,0,0,0,0,0,0,0,0,0,0,0,0,0,0,0,5,4.7,6.6,11.4,13.3,8.4,10.7,3.9,4.6,6.5,4.3,7.7,6.4,5.6,5.6,8.6,9.7,7,5.9,4.9,6.5,10,3.7,9.2,6.6,11,9.9,8.9,3.8,8.3,4,7,4.7,6.3,5.5,5.2,7.3,12.2,9.8,5.6,,,,,,,,,,,,,,,,,,,,,,,,,,,,,,,,,,,,,,,,,30.3,29.9,30.9,30.4,30.2,30.2,30.1,30.6,29.8,31.2,31,30.8,30.9,30.8,31.1,29.2,29.7,28.9,31.3,30.3,31,30.8,31.4,31,30.1,30.6,29.9,31,30.7,30.3,29.8,72,77,69,74,73,74,75,71,76,67,67,65,69,70,61,82,76,82,58,70,65,69,60,67,76,71,78,66,68,74,76,0,0.2,0.1,1.3,0,0,0,0,0,0,0,0.1,0,0,0,0.3,0,0,0,0,0.1,0,0,0,0,0.2,0,0,0,0,0,10.4,22,12.2,12.3,14.1,15.8,20,13.1,13.4,20.8,9,11.4,11.8,15.3,11.8,24.6,17,27.8,15.9,10.5,13.8,15.5,14.6,12.2,22.3,16.7,18,10.6,17.8,17.5,10.9,12.6,28.8,16.6,16.6,17.6,23,27,18,15.5,25.6,14.4,16.6,15.5,19.1,20.5,36,21.2,41.4,26.6,14.4,19.1,20.9,21.2,16.2,28.8,19.1,22.7,17.3,25.6,20.5,13,,,,,,22.2204,114.2127
2026-08-09T02:00,27.6,29.1,30.3,30.2,29.8,29.6,30.2,27.3,30.3,29.6,28.7,29.3,29.3,30.6,30.7,30.2,30,29.4,28.8,29.4,28.9,30.4,28,29.7,29.6,30,30.3,29.9,29.9,29.4,28.7,29.3,29.7,29.4,29.2,29.2,29.4,29.4,30.2,30,93,85,77,71,76,73,72,95,72,79,84,77,84,68,69,69,74,78,77,76,82,73,89,79,79,73,70,80,77,83,84,80,76,79,81,78,75,74,74,70,0.1,0,0,0,0,0,0,0,0,0,0,0,0,0,0,0,0,0,0,0,0,0,0,0,0,0,0,0,0,0,0,0,0,0,0,0,0,0,0,0,4.5,5.2,7.1,12.1,13.4,9,11.2,4,4.7,6.8,4.7,8.2,7.1,6.2,5.8,9.3,10.3,7.2,6.4,5.4,6.8,10.5,3.8,9.6,6.9,11.6,11,9.7,3.9,8.9,4.1,7.1,4.9,6.8,5.8,5.4,7.8,13.4,10.3,5.7,,,,,,,,,,,,,,,,,,,,,,,,,,,,,,,,,,,,,,,,,30.4,29.9,30.7,30.2,30,30.4,29.9,30.4,29.8,30.8,30.6,30.9,30.6,30.6,31.2,29.2,29.7,29,31.4,30.1,30.7,30.5,31.2,30.7,30,30.4,29.9,31,30.4,30.4,29.7,70,76,69,74,73,70,76,71,74,69,69,64,70,71,57,81,75,82,54,71,66,70,62,68,76,72,76,64,70,73,76,0,0.2,0.1,1.3,0,0,0,0,0,0,0,0.1,0,0,0,0.3,0,0,0,0,0.1,0,0,0,0,0.2,0,0,0,0,0,10.2,21.3,11,10.3,13.7,14.8,20.2,13,12.3,21.7,9.2,14.2,12,16.2,13.3,24.1,15.9,25.8,20.2,11.3,14.2,17.3,16.4,12.7,21.3,16.1,15.3,11.3,19.6,16.4,11.5,12.6,28.4,14.8,12.6,16.2,23.8,27.4,16.9,15.5,25.6,14,18.7,15.1,19.4,22,33.8,18.7,38.2,31,14.4,19.1,23,21.6,16.9,27.7,18,19.8,18,27,19.4,14,,,,,,22.2204,114.2127
2026-08-09T03:00,27.8,29.1,30.2,29.9,29.5,29.4,30,27.5,30.3,29.5,28.7,29.1,29.2,30.4,30.6,30,29.8,29.3,28.5,29.4,28.9,30.1,28,29.6,29.6,29.9,30.1,29.8,30,29.3,28.7,29.3,29.7,29.3,29.2,29.2,29.3,29.1,30.1,29.9,91,84,76,72,77,74,72,94,73,79,83,77,84,68,69,69,75,78,78,75,82,74,89,79,79,74,70,80,76,82,84,79,76,79,80,77,75,74,74,70,0,0,0,0,0,0,0,0,0,0,0,0,0,0,0,0,0,0,0,0,0,0,0,0,0,0,0,0,0,0,0,0,0,0,0,0,0,0,0,0,4.3,6.2,8,12.9,13.4,10,12,4.3,4.7,7.1,5.1,9.2,7.8,6.7,6.1,9.8,11.1,7.4,6.9,6.1,7.2,10.7,4.1,10.1,7.4,12.1,12.2,10.1,3.9,9.7,4.1,7.7,4.9,7.6,6.2,5.4,8.6,14.2,10.6,6,,,,,,,,,,,,,,,,,,,,,,,,,,,,,,,,,,,,,,,,,30.3,29.9,30.5,29.9,29.8,30.6,29.8,30.2,29.9,30.4,30.4,30.7,30.3,30.3,31.1,29.2,29.6,29.1,31.3,30,30.4,30.2,30.9,30.4,29.9,30.2,30,30.8,30.1,30.2,29.6,70,75,69,75,74,65,76,72,72,70,70,65,72,71,57,80,75,80,55,72,68,70,65,69,76,72,73,65,71,73,74,0,0,0,0.7,0,0,0,0,0,0,0.1,0,0,0,0,0.9,0,0.4,0,0,0,0,0,0,0.1,0,0,0,0.1,0.1,0,11.4,19.1,11.6,10.2,13.7,16.4,19.1,12.5,12.3,21.4,12.1,15.7,12.6,18.2,15.9,23,14.9,21.3,22.2,12.4,14.3,18.7,17.6,14,19.1,15.1,13.4,12.1,18.6,16.7,11.7,14,25.9,15.5,11.5,15.8,27.7,26.6,15.5,17.3,25.9,18,20.5,15.1,23.4,24.5,31.7,17.3,32.4,33.8,15.8,19.4,25.2,23,19.1,24.5,17.6,19.1,18.7,24.8,20.2,13.7,,,,,,22.2204,114.2127
2026-08-09T04:00,28.1,29.3,30.1,29.7,29.2,29.2,29.8,27.9,30.3,29.5,28.9,29,29.1,30.3,30.5,29.8,29.6,29.4,28.2,29.4,29,29.9,28.1,29.5,29.7,29.7,30,29.7,30.2,29.3,28.9,29.3,29.8,29.3,29.3,29.3,29.2,28.8,29.9,29.9,87,81,75,73,78,74,73,92,73,78,82,77,84,69,68,70,76,77,78,75,81,75,87,78,78,74,70,79,75,82,83,78,76,77,79,76,75,76,74,70,0,0,0,0,0,0,0,0,0,0,0,0,0,0,0,0,0,0,0,0,0,0,0,0,0,0,0,0,0,0,0,0,0,0,0,0,0,0,0,0,4.5,7.1,9,13.5,13.2,11,12.6,4.7,4.6,7.4,5.6,10.2,8.8,6.9,6.4,10.1,12.1,7.7,7.2,6.9,7.4,11,4.2,10.5,7.7,12.9,13.3,10.3,4.3,10.6,3.8,8.4,4.7,8.2,6.5,5.7,9.4,14.7,11.3,6.4,,,,,,,,,,,,,,,,,,,,,,,,,,,,,,,,,,,,,,,,,30.1,29.8,30.4,29.4,29.7,30.8,29.8,29.8,29.9,30.1,30.1,30.4,30.1,30.1,30.9,29.3,29.5,29.3,31,29.9,30.1,30,30.6,30.2,29.8,30.2,30.2,30.5,29.9,30,29.5,70,75,70,76,75,59,74,73,69,70,71,66,73,72,58,80,74,78,58,72,70,70,67,69,75,72,69,69,73,74,71,0,0,0,0.7,0,0,0,0,0,0,0.1,0,0,0,0,0.9,0,0.4,0,0,0,0,0,0,0.1,0,0,0,0.1,0.1,0,13.1,16.8,12.7,10.6,13.7,20.7,18.2,11.5,13.4,21.1,16.1,16.8,13,21,18.4,21.6,13.6,16.5,23.3,13.5,14.8,19.8,18.6,16,16.3,14.3,12.5,13.8,16.1,18,11.6,16.2,22.7,17.3,12.6,15.5,33.5,24.8,13.7,20.2,27,23.8,22.7,16.2,29.5,27.7,29.5,16.2,25.2,35.6,18.4,20.5,27.7,25.2,22.3,20.2,17.6,19.4,20.2,21.2,21.6,13.3,,,,,,22.2204,114.2127
2026-08-09T05:00,28.6,29.5,30.1,29.4,28.9,29.1,29.5,28.4,30.3,29.6,29.3,28.9,29.1,30.3,30.5,29.5,29.4,29.5,28,29.5,29.1,29.7,28.4,29.5,29.8,29.6,29.9,29.7,30.5,29.3,29.3,29.5,30,29.5,29.6,29.5,29.2,28.5,29.7,30,82,78,74,74,79,75,73,90,74,76,80,77,83,69,67,70,77,76,78,74,79,76,85,77,77,75,69,78,73,80,81,76,75,76,77,75,74,77,73,70,0,0,0,0,0,0,0,0,0,0,0,0,0,0,0,0,0,0,0,0,0,0,0,0,0,0,0,0,0,0,0,0,0,0,0,0,0,0,0,0,5.4,7.9,10.3,14.5,13.1,12.3,13.5,4.9,4.1,7.8,6.2,11.7,9.8,7.1,6.8,10.6,13.2,8.2,7.8,7.9,7.7,11.2,4.6,11,7.7,13.4,14.8,10.3,4.7,11.4,3.3,9.4,4.8,9.4,6.8,6.2,10.2,15.1,11.5,6.7,,,,,,,,,,,,,,,,,,,,,,,,,,,,,,,,,,,,,,,,,30,29.8,30.3,29.2,29.7,31,29.9,29.6,30,29.9,30,30.2,30,29.9,30.7,29.3,29.5,29.5,30.8,29.9,29.9,29.9,30.4,30.1,29.7,30.2,30.3,30.2,29.8,29.9,29.6,71,74,70,77,75,56,73,74,67,70,72,67,74,72,60,79,74,76,61,72,71,70,69,69,75,72,66,71,73,75,68,0,0,0,0.7,0,0,0,0,0,0,0.1,0,0,0,0,0.9,0,0.4,0,0,0,0,0,0,0.1,0,0,0,0.1,0.1,0,13.9,14.9,13.7,11.3,13,24.2,17.7,11.2,14.7,20.7,18.8,18,13.8,22.7,20.3,20.2,13.1,14.3,24.5,14.2,16,20.6,19.4,17.3,14.3,14.4,13.9,15.6,14.1,18.3,12.3,17.6,19.4,18.7,13.7,15.5,37.1,23.8,13.3,22.3,28.4,27.7,24.5,17.3,32.8,29.5,27,15.8,19.8,37.1,19.8,22,29.2,26.6,24.5,17.3,18.4,20.5,21.2,18.4,22.7,14.8,,,,,,22.2204,114.2127
2026-08-09T06:00,29.1,29.8,30.2,29.2,28.8,29,29.4,29,30.5,29.8,29.7,29,29.2,30.3,30.5,29.4,29.3,29.7,27.8,29.7,29.4,29.5,28.8,29.6,30.1,29.6,29.9,29.8,30.8,29.3,29.8,29.8,30.2,29.7,29.9,29.8,29.2,28.3,29.7,30.1,76,74,72,75,79,75,73,86,74,74,77,77,82,69,66,71,77,75,78,73,78,77,83,76,75,75,68,77,71,78,79,74,74,74,74,73,74,78,72,69,0,0,0,0,0,0,0,0,0,0,0,0,0,0,0,0,0,0,0,0,0,0,0,0,0,0,0,0,0,0,0,0,0,0,0,0,0,0,0,0,6.8,8.9,11.8,15.1,12.9,13.3,14.6,5.2,4.1,8.3,6.8,12.9,11,6.9,7.6,10.9,14.2,8.7,8.3,8.7,8.2,11.2,4.9,11.5,8.2,14.2,16.3,10.3,5,12.4,3.3,10.3,4.8,10.4,7.6,6.5,11.4,15.2,12.2,7.1,,,,,,,,,,,,,,,,,,,,,,,,,,,,,,,,,,,,,,,,,29.9,29.8,30.2,29.3,29.8,30.9,29.9,29.6,30,29.6,29.9,30,30,29.7,30.6,29.3,29.6,29.4,30.7,29.9,29.9,29.7,30.4,29.9,29.7,30.3,30.4,30.1,29.8,30,29.8,72,74,71,76,74,57,72,74,67,71,73,68,73,72,62,79,73,76,63,72,70,70,68,69,75,71,64,72,73,75,65,0,0,0,0.3,0,0,0,0,0,0,0,0,0,0,0,0.1,0,0.2,0,0,0,0,0,0,0.1,0,0,0,0,0,0,13,13.8,13.8,11.8,11.7,24.8,17.6,12,15.6,21.2,19.1,19.1,15.2,21.4,20.5,19.1,13.8,14.2,25.7,14.2,18.1,20.8,19.6,17.7,13.9,15.5,15.9,16.7,13.4,17.2,15.4,16.9,16.9,18.7,15.1,15.1,37.1,23.4,14.8,23,30.6,27.4,25.9,19.4,31,29.5,24.5,16.6,18,38.2,19.8,24.5,29.9,27,24.5,17.3,20.2,22.3,22.7,18,22,20.9,,,,,,22.2204,114.2127
2026-08-09T07:00,29.7,30.2,30.4,29.1,28.8,29.1,29.5,29.8,30.8,30,30.2,29.2,29.4,30.5,30.7,29.4,29.4,30,27.9,30,29.7,29.6,29.3,29.8,30.4,29.8,30,30,31.2,29.5,30.4,30.1,30.6,30,30.3,30.2,29.4,28.2,29.7,30.4,71,71,69,75,79,75,72,83,73,72,74,76,80,68,65,70,77,73,77,72,75,76,80,74,73,74,67,75,70,76,76,72,73,71,72,70,73,78,71,68,0,0,0,0,0,0,0,0,0,0,0,0,0,0,0,0,0,0,0,0,0,0,0,0,0,0,0,0,0,0,0,0,0,0,0,0,0,0,0,0,8.3,9.8,13.3,16.1,13,14.8,15.4,5.8,4.5,9.4,7.6,14.1,11.8,7.4,8.4,11.7,15.6,9.2,9.1,9.7,8.4,11.5,5.4,12.3,8.7,15.1,17.5,10.5,5.5,13.5,3.4,11.2,4.8,11.6,8.4,7.1,12.6,16.1,12.6,7.9,,,,,,,,,,,,,,,,,,,,,,,,,,,,,,,,,,,,,,,,,30,29.8,30.2,29.6,30,30.7,29.9,29.7,30.1,29.4,29.8,29.9,30.2,29.6,30.5,29.4,29.7,29.3,30.7,29.9,30,29.6,30.6,29.7,29.6,30.4,30.6,30.1,30,30.1,30.1,72,74,72,75,72,61,72,73,68,72,73,68,71,72,65,79,73,77,64,71,68,71,66,69,75,70,64,72,71,75,62,0,0,0,0.3,0,0,0,0,0,0,0,0,0,0,0,0.1,0,0.2,0,0,0,0,0,0,0.1,0,0,0,0,0,0,11.8,12.2,13.9,12.8,10.9,24.4,17.3,14,16.3,22.1,18,19.3,17.1,18.5,20.4,17.8,14.8,14.6,26.7,14,20.4,20.6,19.8,17.5,14.5,17.1,18.4,17.2,13.6,15.8,20.6,15.5,14.8,18,16.9,14.8,35.3,23.8,17.6,23,33.5,25.6,26.6,22,27,28.1,21.6,18.4,18.4,38.5,18.7,27,29.5,27.4,23,18.7,22.3,24.8,23.8,18.4,20.5,28.8,,,,,,22.2204,114.2127
2026-08-09T08:00,30.4,30.7,30.7,29.3,29,29.3,29.7,30.5,31.2,30.4,30.8,29.6,29.8,30.8,30.9,29.7,29.7,30.4,28.3,30.4,30.2,29.9,29.8,30.2,30.9,30.1,30.3,30.3,31.5,29.9,31,30.6,31,30.4,30.7,30.7,29.7,28.4,30,30.7,67,68,67,74,78,74,71,79,72,70,71,74,78,67,63,69,76,71,75,70,73,75,77,72,71,73,66,73,68,74,73,69,71,69,69,68,71,77,69,67,0,0,0,0,0,0,0,0,0,0,0,0,0,0,0,0,0,0,0,0,0,0,0,0,0,0,0,0,0,0,0,0,0,0,0,0,0,0,0,0,9.9,10.7,14.5,16.9,13.5,15.8,16.4,6.4,5,10.2,8.8,15.6,12.8,7.9,9.2,12.4,16.9,9.9,10.1,10.4,9.1,12,6.3,12.7,9.1,16.1,19.1,11.2,6,14.8,3.7,12.2,5.3,12.9,9.4,7.7,13.9,16.7,13.4,8.9,,,,,,,,,,,,,,,,,,,,,,,,,,,,,,,,,,,,,,,,,30.1,29.9,30.3,30,30.3,30.7,30.1,29.9,30.3,29.5,30,30,30.5,29.7,30.5,29.6,30,29.4,30.8,30,30.2,29.7,30.8,29.7,29.7,30.7,30.8,30.3,30.3,30.3,30.5,72,73,72,73,70,63,71,72,68,72,72,68,69,71,66,78,72,77,65,70,66,71,64,69,75,68,63,71,70,74,60,0,0,0,0.3,0,0,0,0,0,0,0,0,0,0,0,0.1,0,0.2,0,0,0,0,0,0,0.1,0,0,0,0,0,0,11.5,11.1,13.8,13.5,10.5,23.8,17.7,16.3,16.9,23.2,18.2,20.1,18.3,17,20.7,15.9,15.6,15.7,27.1,14.1,22.5,20.4,20.5,17.7,15.3,18.1,19.5,17.3,14.3,15.1,24.4,15.1,13.3,17.6,18.4,14,32.8,24.5,20.9,23,35.3,24.8,27.7,23.8,24.1,27.4,19.1,19.4,19.4,38.2,18.4,29.5,29.2,27.7,22.7,20.2,23.8,26.3,24.5,19.1,19.8,34.6,,,,,,22.2204,114.2127
2026-08-09T09:00,31.3,31.3,31.4,29.9,29.7,29.8,30.4,31.5,31.8,31.1,31.6,30.3,30.5,31.3,31.4,30.3,30.3,31.1,29.2,31,30.9,30.6,30.5,30.9,31.6,30.7,30.9,31,31.9,30.6,31.8,31.4,31.7,31.1,31.4,31.4,30.2,29.1,30.6,31.3,63,65,64,72,75,72,68,74,69,67,67,71,75,65,61,66,73,68,72,67,70,72,74,69,68,70,64,70,67,71,69,66,68,66,66,65,69,74,67,64,0,0,0,0,0,0.1,0,0,0,0,0,0,0,0,0,0,0,0,0,0,0,0,0,0,0,0,0,0,0.1,0,0,0,0,0,0,0,0,0,0,0,11.6,11.8,15.9,17.9,14.4,17.3,17.5,7.4,6.3,11.6,10.2,17.1,13.8,9.1,10.6,13.6,18.4,11.2,11.8,11.5,10.2,12.7,7.7,13.8,10,17.8,20.9,12.3,6.9,16.6,4.8,13.2,6.2,14.5,11.3,9.1,15.5,18,14.5,10.3,,,,,,,,,,,,,,,,,,,,,,,,,,,,,,,,,,,,,,,,,30.5,30.4,30.8,30.5,30.8,31,30.4,30.3,30.8,29.9,30.4,30.4,30.9,30.1,30.8,30.3,30.3,29.8,31.1,30.3,30.6,30.1,31,30,30.1,31.2,31.1,30.8,30.8,30.8,30.9,70,71,70,71,68,63,69,70,66,71,70,66,67,70,66,74,71,75,64,69,64,70,63,68,73,65,62,69,68,72,59,0,0,0,0,0,0,0,0,0,0,0,0,0,0,0,0,0,0,0,0,0,0,0,0,0,0,0,0,0,0,0,12.5,9.8,13.7,14.2,8.9,22.6,19.7,18.7,17.4,24.2,20.7,21.3,18.6,17.7,21.3,11.9,15.5,16.7,26.4,15,24.1,20.1,22,18.9,16.4,18,19.6,17.1,15,16,25.5,16.6,12.2,17.6,18.7,13,30.2,26.6,24.5,23.4,35.6,27.7,28.8,24.5,24.5,27.7,16.9,19.4,20.9,36.7,18.7,31,27.7,29.5,23.8,20.9,24.1,25.6,24.1,19.8,20.2,35.6,,,,,,22.2204,114.2127
2026-08-09T10:00,32.4,32.1,32.4,30.8,30.8,30.5,31.4,32.7,32.8,32,32.6,31.5,31.6,32.2,32.2,31.4,31.3,32.1,30.5,31.9,31.9,31.6,31.4,32,32.6,31.7,31.9,32,32.5,31.6,32.9,32.4,32.7,32.2,32.4,32.5,31.1,30.1,31.4,32.1,59,62,60,68,71,69,64,67,65,63,63,66,70,61,59,62,69,64,67,64,65,67,69,64,64,66,61,65,65,67,63,61,63,62,62,61,66,71,64,61,0,0,0,0,0,0.1,0,0,0,0,0,0,0,0,0,0,0,0,0,0,0,0,0,0,0,0,0,0,0.1,0,0,0,0,0,0,0,0,0,0,0,14,13.5,17.6,19.3,16,18.8,19.4,8.5,8.9,13.7,12.7,19.1,14.5,10.8,12.7,15.3,20.3,13.1,13.8,12.8,11.7,13.8,10.2,14.8,11.2,20,23.1,14,7.8,18.4,7.1,14.6,7.9,16.3,13.9,11,17.2,20.1,15.6,12.9,,,,,,,,,,,,,,,,,,,,,,,,,,,,,,,,,,,,,,,,,31.1,31.1,31.4,31.1,31.4,31.5,30.8,30.9,31.3,30.5,31,31,31.4,30.6,31.2,31.2,30.8,30.4,31.6,30.8,31,30.6,31.2,30.5,30.6,31.8,31.6,31.6,31.4,31.3,31.4,68,69,67,68,66,62,67,67,64,68,67,64,64,68,64,68,69,73,61,68,63,68,62,68,71,63,61,65,66,69,59,0,0,0,0,0,0,0,0,0,0,0,0,0,0,0,0,0,0,0,0,0,0,0,0,0,0,0,0,0,0,0,14.8,8.8,13.9,15,7.1,20.2,22.2,21.9,17.9,25.4,24.4,22.9,17.8,19.2,22.2,8.2,14.7,18.5,25.1,16.1,25.4,19.7,24.2,20.6,17.8,17.9,18.6,16.5,15.5,17,24.6,19.1,11.9,18,18.7,11.5,27,29.5,28.4,24.1,34.9,32,29.5,24.1,25.9,28.4,15.1,19.1,23.4,34.2,19.4,32,25.9,32,25.9,22,23.8,24.1,22.7,20.5,21.2,34.6,,,,,,22.2204,114.2127
2026-08-09T11:00,33.6,33,33.5,31.8,32,31.4,32.6,34,33.8,33,33.7,32.8,32.8,33.2,33.1,32.6,32.5,33.2,32.1,32.9,32.9,32.8,32.4,33.3,33.6,32.8,33,33.1,33,32.8,34.1,33.5,33.8,33.3,33.4,33.6,32,31.3,32.5,33,55,59,56,64,66,66,59,59,60,60,58,61,65,57,56,58,64,59,62,60,60,61,65,59,59,62,57,60,64,62,57,57,58,58,58,56,62,66,61,57,0,0,0,0,0,0.1,0,0,0,0,0,0,0,0,0,0,0,0,0,0,0,0,0,0,0,0,0,0,0.1,0,0,0,0,0,0,0,0,0,0,0,16.2,15.6,19.6,20.8,17.9,20,21.4,10,11.7,16,15,21.1,15.8,13,14.7,17.3,22.4,15.4,16.1,14,13.7,15.1,12.6,16.3,12.8,22.4,25,15.8,9.5,20.5,9.3,15.9,10,18.7,17.1,13.2,19,21.9,17.4,15.8,,,,,,,,,,,,,,,,,,,,,,,,,,,,,,,,,,,,,,,,,31.6,31.7,31.9,31.6,31.9,31.9,31.2,31.3,31.8,31,31.5,31.5,31.8,31.1,31.6,31.9,31.2,30.9,32,31.2,31.4,31.1,31.5,30.9,31,32.2,32,32.2,31.8,31.8,31.7,66,67,65,66,65,61,66,64,62,66,64,62,63,67,63,64,68,70,60,67,62,67,62,67,70,61,60,63,64,67,60,0,0,0,0,0,0,0,0,0,0,0,0,0,0,0,0,0,0,0,0,0,0,0,0,0,0,0,0,0,0,0,16.5,7.8,13.7,15.5,5.3,18.2,23.5,23.8,17.4,26,26.9,23.8,17.3,20.8,22.3,7.2,13.6,19.7,23.4,16.9,25.5,19.7,25.3,21.9,19.4,16.8,16.3,16.6,15.9,17.3,22.4,20.9,12.2,19.1,19.1,10.8,24.1,30.6,31,23.8,34.2,34.9,30.2,23.8,27,28.8,14.4,18.7,25.2,31.3,20.9,32.4,25.2,33.1,27.4,23.4,22.7,22.3,22,20.9,22,31.7,,,,,,22.2204,114.2127
2026-08-09T12:00,34.7,33.8,34.6,32.8,33.2,32.3,33.8,35.1,34.8,34,34.7,34,34,34.1,33.9,33.8,33.6,34.2,33.6,33.8,33.9,34,33.3,34.5,34.6,33.8,34.1,34.2,33.5,33.9,35.1,34.5,34.8,34.3,34.4,34.7,32.9,32.5,33.5,33.8,51,56,52,61,61,63,54,53,55,56,54,56,60,53,53,54,59,55,57,57,55,56,60,54,55,57,54,55,63,58,51,53,54,55,54,52,59,61,58,53,0,0,0,0,0,0.1,0,0,0,0,0,0,0,0,0,0,0,0,0,0,0,0,0,0,0,0,0,0,0.1,0,0,0,0,0,0,0,0,0,0,0,18.1,17.2,21,22.2,19.9,21.5,23,11.3,14.3,18.2,17.1,22.9,16.5,14.9,17,18.8,24.1,17.4,18.3,15.2,15.7,16.4,15.1,17.8,14.2,24.9,26.9,17.6,10.5,22.6,11.7,17.4,12.2,20.5,19.8,15.3,20.6,24,18.8,18.6,,,,,,,,,,,,,,,,,,,,,,,,,,,,,,,,,,,,,,,,,31.9,32.2,32.2,31.8,32.2,32.2,31.5,31.6,32,31.4,31.8,31.7,32,31.4,31.9,32.1,31.6,31.3,32.3,31.4,31.6,31.3,31.8,31.2,31.1,32.3,32.3,32.4,32.1,32,32,65,65,64,65,65,61,65,62,62,64,63,62,63,66,62,63,66,67,60,67,62,67,61,66,70,62,60,63,64,67,61,0,0,0,0,0,0,0,0,0,0,0,0,0,0,0,0,0,0,0,0,0,0,0,0,0,0,0,0,0,0,0,17,7.5,14.3,17,4.1,15.8,21.7,23.9,15.8,26.3,27.3,24.2,17.1,21.7,22.1,7.1,11,20.4,20.9,17.3,23.9,21.6,24.3,22.4,21.5,14.3,12.8,17.1,15.7,15.7,18.8,21.2,13.3,21.2,20.9,10.8,20.9,28.8,30.6,21.6,33.8,35.6,30.2,23,27.4,28.4,15.1,18.4,25.9,27.7,22.7,31,27.4,31.3,28.1,25.6,20.2,20.2,22.3,20.2,22,26.6,,,,,,22.2204,114.2127
2026-08-09T13:00,35.5,34.4,35.4,33.7,34.1,32.9,34.7,36,35.5,34.7,35.5,34.9,34.8,34.8,34.5,34.7,34.4,35,34.8,34.4,34.7,34.9,34,35.4,35.4,34.6,34.9,35,33.8,34.7,35.9,35.3,35.5,35.1,35.1,35.5,33.6,33.4,34.2,34.5,49,54,49,58,57,61,51,48,52,53,51,52,57,50,51,50,56,52,53,54,52,51,57,51,52,54,51,52,62,55,47,50,50,52,51,49,56,58,55,50,0,0,0,0,0,0.1,0,0,0,0,0,0,0,0,0,0,0,0,0,0,0,0,0,0,0,0,0,0,0.1,0,0,0,0,0,0,0,0,0,0,0,19.2,18.4,22.1,22.9,21.1,22,24.1,12.1,16.4,19.6,18.4,24.1,16.8,16.2,18.5,19.9,25.5,18.7,19.9,16.1,16.9,17.2,16.9,18.5,15.3,26.6,28.3,18.4,11.7,23.5,13.6,18.2,13.6,22,22,16.7,22.2,25.1,19.7,20.4,,,,,,,,,,,,,,,,,,,,,,,,,,,,,,,,,,,,,,,,,32.2,32.5,32.4,31.9,32.3,32.4,31.7,31.8,32.2,31.7,32.1,31.9,32.1,31.8,32.2,32.1,31.9,31.7,32.5,31.6,31.8,31.3,32.2,31.4,31.1,32.2,32.7,32.5,32.3,32,32.1,65,63,65,66,65,62,65,62,63,63,62,62,65,66,62,65,65,64,61,67,63,67,61,66,71,63,60,63,64,67,62,0,0,0,0,0,0,0,0,0,0,0,0,0,0,0,0,0,0,0,0,0,0,0,0,0,0,0,0,0,0,0,17.3,8.3,17.5,19,4.7,12.9,18.7,22.7,13.8,26.1,26.7,25.1,16.7,22.1,22,10.6,8.2,21.1,17.5,19.5,21.6,25.2,22.7,22.3,24.2,11.2,8.7,17.7,15.3,15.7,14.1,21.2,14.8,24.5,23,11.5,18,25.2,28.8,18.7,33.5,35.3,30.2,22.3,27,28.1,16.6,18,25.9,23.4,24.8,28.4,30.6,28.4,28.1,28.1,16.9,17.6,22.7,18.7,22,20.2,,,,,,22.2204,114.2127
2026-08-09T14:00,35.9,34.7,35.8,34.1,34.6,33.3,35.1,36.3,35.8,35,35.8,35.4,35.2,35.2,34.8,35.1,34.8,35.4,35.4,34.7,35,35.4,34.3,35.8,35.7,35,35.3,35.4,34,35,36.3,35.7,35.8,35.5,35.4,35.9,33.9,33.9,34.6,34.8,48,53,48,56,55,60,49,46,50,52,49,51,55,49,50,49,54,51,51,53,51,49,56,49,51,52,50,50,62,54,45,49,49,51,49,48,54,56,54,49,0,0,0,0,0,0.1,0,0,0,0,0,0,0,0,0,0,0,0,0,0,0,0,0,0,0,0,0,0,0.1,0,0,0,0,0,0,0,0,0,0,0,19.6,18.7,21.9,22.9,21.4,22,24.5,12.1,17.1,20.1,18.9,23.9,16.8,16.5,19,20.1,26,19,20.4,15.9,17.2,17.4,17.4,18.8,15.5,27.1,28.8,18.7,11.7,23.8,14.4,18,13.9,22.2,22.8,17.3,22.7,25.6,20.4,21.2,,,,,,,,,,,,,,,,,,,,,,,,,,,,,,,,,,,,,,,,,32.4,32.6,32.3,32,32.3,32.4,31.9,32,32.1,31.9,32.4,31.9,32.2,31.9,32.3,32,32,31.8,32.6,31.6,31.9,31.4,32.4,31.6,31,32,32.7,32.5,32.3,31.9,32.1,65,63,66,66,65,63,65,61,65,62,62,63,66,66,62,66,65,63,62,67,64,68,61,65,72,66,61,64,65,68,64,0,0,0,0,0,0,0,0,0,0,0,0,0,0,0,0,0,0,0,0,0,0,0,0,0,0,0,0,0,0,0,18.1,10.4,21.1,21.2,6.8,10.4,16.8,22.1,13.2,26.3,25.8,25.6,16.3,22.7,22.4,15.5,7.8,22.3,15,22.3,20.6,28,21,22,26.9,9.8,6.3,17.9,15.9,18.7,8,22,16.6,27,25.6,12.6,16.9,22.7,27.7,17.6,32.8,34.2,30.6,22,27.4,27.7,18.7,18.4,27,20.5,27.4,27.4,33.1,26.6,27.7,31,15.8,17.3,22.7,19.1,23.4,16.6,,,,,,22.2204,114.2127
2026-08-09T15:00,35.7,34.5,35.6,34,34.6,33.2,34.9,35.9,35.6,34.9,35.6,35.2,35,35.1,34.8,35,34.6,35.2,35.4,34.6,34.9,35.4,34.1,35.7,35.4,34.8,35.2,35.3,33.8,34.8,36.1,35.5,35.6,35.4,35.2,35.7,33.8,33.8,34.5,34.7,49,54,49,56,55,61,50,48,51,53,49,52,56,49,50,50,55,52,52,54,52,49,57,49,52,52,50,51,63,55,46,50,50,52,49,49,53,56,54,50,0,0,0,0,0,0,0,0,0,0,0,0,0.2,0,0,0,0,0,0,0.1,0,0,0.1,0,0,0,0,0,0,0,0,0,0,0,0,0,0,0,0,0,18.4,17.6,20.3,21.9,20.1,20.5,23.4,11.1,16.1,19.1,17.8,22,16.1,15.5,18.5,19.1,25.2,17.9,19.3,14.8,16,16.7,16.4,18.2,14.4,26.4,28,17.4,11,22.4,13.8,16.9,13,21.2,21.8,16.5,22.4,24.8,20.1,20.2,,,,,,,,,,,,,,,,,,,,,,,,,,,,,,,,,,,,,,,,,32.3,32.3,32,31.9,32.1,32.1,32.1,32.1,31.7,32.1,32.6,31.9,32.1,31.8,32.3,31.9,31.7,31.7,32.5,31.5,32,31.5,32.3,31.7,30.9,31.5,32.2,32.5,32,31.7,31.6,66,65,68,67,66,65,65,61,68,61,61,64,67,67,64,67,68,65,63,68,64,69,62,64,73,70,65,65,67,70,67,0,0,0,0,0,0,0,0,0,0,0,0,0,0,0.4,0,0,0,0,0,0,0,0,0,0,0,0,0,0,0,0,19.8,12.9,23.2,23.6,9.4,11.2,16.8,22.9,13.8,25.9,23.8,25.9,15.5,22.6,22.4,18.7,11,24.5,14.5,25.3,21.9,28.5,20.6,21.4,29,12,10,16.5,18.4,23,1.9,25.2,18.7,28.4,28.8,14,19.8,22.3,28.1,19.4,31.7,31.7,31.7,22.3,28.4,28.4,22,19.4,30.2,20.2,29.9,29.2,34.6,27.4,27,34.2,18.4,20.5,21.2,22.7,27.7,18,,,,,,22.2204,114.2127
2026-08-09T16:00,35.1,34.1,35.1,33.7,34.1,32.9,34.4,35.1,35,34.3,35.1,34.6,34.3,34.7,34.4,34.4,34,34.6,34.8,34,34.3,34.9,33.6,35.1,34.8,34.3,34.7,34.7,33.5,34.1,35.5,34.9,34.9,34.8,34.6,35.1,33.4,33.3,34,34.2,51,56,52,58,57,63,52,53,53,55,52,56,59,51,50,52,57,55,54,57,56,51,60,51,56,54,52,53,64,58,48,54,53,54,50,51,53,58,55,52,0,0,0,0,0,0,0,0,0,0,0,0,0.2,0,0,0,0,0,0,0.1,0,0,0.1,0,0,0,0,0,0,0,0,0,0,0,0,0,0,0,0,0,15.9,15.4,17.1,20.1,17.9,18.3,21.3,9.3,13.8,16.9,15.5,18.7,14.8,13,16.9,17.1,23.7,15.6,17.3,12.3,13.7,15,14.1,16.5,12.1,24.4,26.2,14.8,9.7,20.1,12.4,14.3,11.1,18.4,19.7,14.1,21.6,22.7,19.4,17.8,,,,,,,,,,,,,,,,,,,,,,,,,,,,,,,,,,,,,,,,,32,31.8,31.4,31.8,31.8,31.6,32.2,32.1,31.1,32.2,32.8,31.7,31.9,31.6,32.1,31.7,31.1,31.3,32.2,31.2,32,31.6,32.2,31.8,30.8,30.8,31.3,32.4,31.5,31.3,30.9,68,68,71,68,67,68,65,62,71,60,60,66,69,69,66,69,72,69,65,70,63,69,63,63,74,74,70,66,70,72,72,0,0,0,0,0,0,0,0,0,0,0,0,0,0,0.4,0,0,0,0,0,0,0,0,0,0,0,0,0,0,0,0,22.7,15.5,24.7,26.5,12,17.7,17.9,23.9,16.6,25.4,21.5,26.6,15.5,22.7,22.2,21.8,16.6,27.7,16.7,27.8,24.4,27.9,22.1,20.8,30.3,17.4,17.2,14.1,22.7,27.7,14.1,29.5,20.9,29.9,32.4,15.5,24.8,23.4,29.5,22.7,30.6,28.8,33.5,22.7,30.2,29.5,25.9,21.2,34.6,21.2,32.8,32,35.3,29.5,25.6,37.1,23,25.6,19.4,27.7,33.5,22.7,,,,,,22.2204,114.2127
2026-08-09T17:00,34.2,33.4,34.3,33.1,33.4,32.3,33.6,33.9,34.1,33.5,34.2,33.7,33.4,34.1,33.9,33.5,33.2,33.8,34,33.3,33.5,34.3,32.7,34.3,33.9,33.5,34,34,33,33.2,34.6,34,33.9,34,33.8,34.2,32.8,32.6,33.3,33.6,54,59,57,61,60,65,55,60,57,58,55,60,63,54,52,56,60,60,58,60,61,55,64,55,60,56,55,57,66,62,52,58,58,58,52,55,54,61,57,55,0,0,0,0,0,0,0,0,0,0,0,0,0.2,0,0,0,0,0,0,0.1,0,0,0.1,0,0,0,0,0,0,0,0,0,0,0,0,0,0,0,0,0,13,12.7,13.8,17.7,15.2,15.3,18.6,7.5,11,14.2,12.8,14.6,13.2,9.9,14.8,14.8,21.2,12.5,14.6,9.5,10.9,12.8,11.4,14.7,9.4,22,24,11.7,8.1,16.9,10.5,11.7,8.7,15.5,17,11.5,20,20.1,18.4,14.8,,,,,,,,,,,,,,,,,,,,,,,,,,,,,,,,,,,,,,,,,31.6,31.3,30.9,31.6,31.4,31.2,32.2,32.1,30.6,32.3,32.9,31.5,31.7,31.3,31.9,31.5,30.6,30.9,32,30.9,32,31.6,31.9,31.7,30.6,30.3,30.6,32.3,31.1,31,30.3,70,71,74,69,68,71,65,62,74,60,60,68,70,70,68,70,75,72,66,72,63,69,65,63,75,77,75,67,72,74,75,0,0,0,0,0,0,0,0,0,0,0,0,0,0,0.4,0,0,0,0,0,0,0,0,0,0,0,0,0,0,0,0,25,17.4,25.5,28.5,14.3,23,18.5,24.4,20.2,25.1,20.6,27.1,16.2,23.2,21.5,23.7,20.7,30.3,18.4,29.3,25.5,26.3,23.1,20.3,30.9,21.7,22.5,13,26.3,29.8,22.8,32.4,22.3,31.7,34.9,16.9,28.8,23.8,29.5,25.6,29.9,27,34.2,23,31,29.9,28.8,23.4,37.8,22,35.3,33.8,34.6,30.6,24.5,39.2,26.6,29.2,18.4,31.7,36.7,26.6,,,,,,22.2204,114.2127
2026-08-09T18:00,33.2,32.6,33.4,32.5,32.6,31.7,32.7,32.6,33.1,32.7,33.3,32.7,32.3,33.4,33.3,32.6,32.3,32.9,33,32.5,32.6,33.5,31.8,33.4,32.9,32.6,33.1,33.1,32.5,32.2,33.7,33,32.8,33.2,32.9,33.2,32.1,31.8,32.5,32.9,58,62,61,63,63,68,59,67,61,61,58,65,67,56,53,60,64,64,62,64,66,58,68,58,65,59,57,61,68,66,57,63,63,62,55,59,55,64,59,58,0,0,0,0,0,0,0,0,0,0,0,0,0.2,0,0,0,0,0,0,0.1,0,0,0.1,0,0,0,0,0,0,0,0,0,0,0,0,0,0,0,0,0,9.9,10,10.2,15.3,13.1,12.4,15.8,5.6,8.1,11.3,10.2,10.7,11.6,6.9,12.7,12.5,18.9,9.5,11.6,6.9,8.4,11,8.2,12.5,6.9,19.6,21.4,8.7,6.6,13.8,8.7,8.9,6.3,12.6,13.8,8.9,18.7,17.6,17.2,11.8,,,,,,,,,,,,,,,,,,,,,,,,,,,,,,,,,,,,,,,,,31.3,31,30.4,31.2,30.9,30.8,32.1,32.1,30.4,32.1,32.6,31.3,31.7,31.1,31.9,31,30.3,30.6,31.7,30.5,32,31.6,31.7,31.6,30.3,30,30.2,32,30.7,30.9,30,72,73,76,71,71,73,65,62,76,60,61,70,70,71,69,72,76,74,68,74,63,68,67,63,76,79,78,68,74,75,76,0,0,0,0,0.1,0,0,0,0.5,0,0,0,0,0,0.3,0.3,0.5,0,0,0,0,0,0,0,0,0.1,0.3,0,0,0,1.4,25.6,17.9,26,28.8,15.8,24.4,18.4,22.5,21.7,24.5,22.3,26.7,16.7,23.2,20.3,24.2,22.2,30.6,17.9,29.6,23.8,24.2,22.6,19.6,30.4,23.3,23.2,12.9,26.9,28.2,25.4,33.1,22.3,35.3,35.3,18.4,30.6,23.4,27.7,27,29.5,28.4,33.5,23,30.6,28.8,29.5,25.9,38.9,22,37.4,32.4,31.7,29.5,23.8,39.6,28.8,29.9,18.7,33.1,35.6,29.5,,,,,,22.2204,114.2127
2026-08-09T19:00,32.3,31.9,32.5,31.8,31.8,31.2,31.9,31.4,32.2,31.8,32.4,31.7,31.4,32.8,32.7,31.6,31.4,32.1,32.1,31.7,31.7,32.7,31,32.5,32,31.7,32.4,32.2,31.9,31.2,32.7,32.1,31.9,32.3,32,32.3,31.4,31,31.7,32.2,61,65,65,66,66,71,62,74,65,65,62,70,71,59,54,64,67,68,65,68,71,62,72,62,70,62,60,64,69,70,61,68,67,65,57,63,56,67,61,61,0,0,0,0,0,0,0,0,0,0,0,0,0.2,0,0,0,0,0,0,0.1,0,0,0.1,0,0,0,0,0,0,0,0,0,0,0,0,0,0,0,0,0,7.6,8,7.6,13.8,11.3,10,13.6,4.2,5.9,8.8,7.8,7.7,10.2,4.6,10.9,10.3,17.2,7.1,9.2,5.2,7,9.4,6,11,5.2,17.2,19.3,6.4,5.2,11.2,6.7,6.9,5.2,9.8,11.3,6.5,17.4,15.4,16,9.6,,,,,,,,,,,,,,,,,,,,,,,,,,,,,,,,,,,,,,,,,30.9,30.7,30,30.8,30.4,30.4,31.9,32,30.3,31.8,32.1,31,31.7,30.9,31.9,30.4,30.1,30.2,31.5,30.1,31.9,31.6,31.4,31.3,30.1,30,29.8,31.8,30.4,30.9,29.8,74,74,79,74,74,75,65,61,76,60,62,71,70,72,69,73,77,76,70,76,63,66,68,63,78,80,80,70,75,75,77,0,0,0,0,0.1,0,0,0,0.5,0,0,0,0,0,0.3,0.3,0.5,0,0,0,0,0,0,0,0,0.1,0.3,0,0,0,1.4,25.3,18,26.3,28,16.9,23.7,18.1,19.3,22.4,24,25,25.5,17.2,23,18.8,23.1,22.5,30,15.5,28.5,22.4,21.8,20.9,19.5,29.3,23.2,21.5,12.9,25.5,24.7,25.5,32.4,21.6,39.6,34.2,19.4,31,22.7,24.8,27.7,29.2,31,32.4,22.7,29.5,27,29.5,28.1,38.5,21.6,38.9,29.5,27.7,27.7,23.4,38.5,29.9,29.5,19.4,32.8,32,32.4,,,,,,22.2204,114.2127
2026-08-09T20:00,31.5,31.4,31.9,31.3,31.2,30.7,31.2,30.5,31.5,31.2,31.7,31.1,30.7,32.3,32.2,30.9,30.7,31.4,31.5,31.2,31,32.1,30.4,31.8,31.3,31,31.8,31.6,31.5,30.5,32,31.4,31.1,31.6,31.4,31.6,30.8,30.4,31.1,31.7,64,67,68,68,68,73,64,79,67,67,64,73,74,61,55,66,69,71,68,70,74,64,74,64,73,63,61,67,71,73,64,71,70,68,58,66,56,69,63,63,0,0,0,0,0,0,0,0,0,0,0,0,0.2,0,0,0,0,0,0,0.1,0,0,0.1,0,0,0,0,0,0,0,0,0,0,0,0,0,0,0,0,0,6.4,7.2,6.3,12.9,10.8,8.9,12.7,4,5,7.4,6.6,6.6,9.6,3.5,9.6,9.1,16.3,5.8,7.9,4.4,6.8,8.5,4.7,9.8,4.7,16.1,18.4,5.6,4.7,9.9,5.6,5.6,4.7,8.3,9.7,5.2,16.6,14.1,15,8.4,,,,,,,,,,,,,,,,,,,,,,,,,,,,,,,,,,,,,,,,,30.6,30.5,29.7,30.5,30,30.2,31.8,31.9,30.3,31.5,31.7,30.8,31.6,30.8,31.9,29.9,29.9,30,31.3,29.8,31.7,31.5,31.1,31.1,29.9,29.9,29.6,31.5,30.3,30.9,29.7,75,75,80,75,76,77,65,61,77,61,63,72,70,72,69,75,77,76,70,78,63,65,70,64,79,80,81,71,76,74,77,0,0,0,0,0.1,0,0,0,0.5,0,0,0,0,0,0.3,0.3,0.5,0,0,0,0,0,0,0,0,0.1,0.3,0,0,0,1.4,24.1,17.3,26.1,26.6,16.8,22.9,17.6,17.5,22.7,23.5,27.1,23.5,15.9,22.1,17.2,22.2,22.3,28.4,12.7,27.4,23,20.2,19.6,19,27.7,22,19.9,13.4,24,21,24.9,31.3,20.5,41.8,32.8,19.4,31.3,21.6,23,28.4,29.2,33.1,30.6,22.3,28.1,24.8,28.4,29.9,37.4,21.2,38.9,27.7,24.5,26.3,23,36.7,29.5,28.8,20.5,31.7,28.8,33.8,,,,,,22.2204,114.2127
2026-08-09T21:00,31,31.1,31.4,30.9,30.8,30.4,30.6,29.8,31,30.8,31.1,30.7,30.3,31.9,31.8,30.4,30.2,31,31,30.8,30.5,31.6,29.9,31.2,30.8,30.4,31.4,31.2,31.1,30,31.5,30.8,30.6,31.1,30.9,31,30.3,30,30.6,31.3,66,68,69,69,70,74,65,83,68,69,65,75,76,62,56,67,70,72,69,71,76,66,75,66,75,63,61,69,73,74,67,73,72,70,58,68,56,70,64,65,0,0,0,0,0,0.1,0,0,0,0,0,0,0.1,0,0,0,0,0,0,0,0,0,0,0,0,0,0,0,0,0,0,0,0,0,0,0,0,0,0,0,5.9,7.1,6.2,13.1,10.8,9.2,12.8,4.1,4.7,6.6,6.1,6.5,9.1,3.3,8.9,8.9,16.4,5.8,7.6,4.3,6.9,8.1,4.3,9.1,4.7,16.1,18.4,5.9,4.3,9.5,5,5.4,4.4,7.8,9.2,4.6,16.4,14,14.5,8,,,,,,,,,,,,,,,,,,,,,,,,,,,,,,,,,,,,,,,,,30.5,30.4,29.7,30.5,29.8,30,31.7,31.7,30.1,31.2,31.4,30.7,31.6,30.7,31.8,29.5,29.8,30.1,31.5,29.8,31.3,31.1,30.9,30.8,30,29.7,29.5,31.2,30.3,31.1,29.7,76,75,80,75,76,78,64,62,78,62,64,71,69,71,68,77,78,75,68,78,64,66,72,65,79,80,81,72,76,72,77,0,0,0.9,0,0.8,0,0,0,0.4,0,0,0,0,0,0,2.3,0.2,0,0,0,0,0,0,0,0.4,2.5,0.2,0,0,0,1,22.8,16.1,25.8,24.3,15.3,22.7,16.6,17.7,23.5,22.9,26.8,20.7,12.7,20.1,14.7,20.8,22.4,26.2,10,25.8,23.3,18.5,19.6,18.3,25.7,20,20.3,14.7,22.5,18.2,25,29.5,19.1,40.3,30.6,18,31.7,20.5,23,29.9,28.4,33.5,28.1,21.6,25.6,22.7,26.3,30.2,35.3,20.5,36.4,28.8,22.3,25.9,22.3,33.5,26.3,28.8,21.2,28.4,26.6,33.1,,,,,,22.2204,114.2127
2026-08-09T22:00,30.4,30.8,31.1,30.6,30.4,30.2,30.1,29.2,30.5,30.4,30.6,30.4,30,31.5,31.3,29.9,29.7,30.7,30.7,30.5,30,31.1,29.6,30.7,30.4,29.8,31,30.8,30.7,29.7,31,30.3,30.2,30.6,30.4,30.4,29.8,29.6,30.1,31,69,70,70,70,72,75,65,85,68,70,66,75,77,64,56,68,70,72,70,72,78,67,76,67,77,62,61,70,74,75,69,75,73,72,58,71,55,72,65,66,0,0,0,0,0,0.1,0,0,0,0,0,0,0.1,0,0,0,0,0,0,0,0,0,0,0,0,0,0,0,0,0,0,0,0,0,0,0,0,0,0,0,5.9,7.4,6.6,14.2,10.9,10.2,13.4,4.2,5.1,6.6,6.1,7.3,9.2,3.7,8.4,9.5,17.6,6.3,8,4.7,7.3,8.2,4.7,8.9,5.1,16.3,19.2,6.7,4.4,10,4.8,5.2,4.3,7.7,9,4.5,16.7,14.7,13.7,7.6,,,,,,,,,,,,,,,,,,,,,,,,,,,,,,,,,,,,,,,,,30.5,30.5,29.8,30.6,29.8,30,31.7,31.4,29.9,30.9,31.1,30.8,31.5,30.8,31.7,29.2,29.7,30.4,31.7,29.9,30.8,30.6,30.6,30.6,30.1,29.6,29.6,31,30.4,31.3,29.8,75,75,79,73,76,79,64,64,78,63,65,68,67,70,67,78,79,72,64,78,65,67,73,67,78,80,81,73,75,70,76,0,0,0.9,0,0.8,0,0,0,0.4,0,0,0,0,0,0,2.3,0.2,0,0,0,0,0,0,0,0.4,2.5,0.2,0,0,0,1,21,14.6,25.2,21.6,12.6,22.8,15,19.1,24.2,22.8,25.6,18.6,11.8,17.7,13.2,19,21.9,23.1,11.6,23.8,23.7,17,20,17.3,23.6,17.4,21.5,16.2,20.4,15.9,24.6,27,17.6,37.1,28.1,15.8,31.7,19.1,24.1,31.3,27.7,33.1,25.2,20.2,22.7,20.5,23.8,29.9,32,19.4,32.4,31,21.2,25.9,21.6,29.2,21.2,28.4,22,24.5,24.1,31.3,,,,,,22.2204,114.2127
2026-08-09T23:00,29.9,30.6,30.8,30.2,30,29.9,29.6,28.6,30.1,30,30.2,30.1,29.8,31.2,30.9,29.5,29.3,30.4,30.4,30.2,29.6,30.6,29.3,30.1,30.1,29.3,30.7,30.5,30.3,29.4,30.5,29.9,29.9,30.2,30,29.9,29.4,29.2,29.6,30.6,71,70,70,71,73,75,66,88,68,71,67,75,77,65,57,68,70,72,71,73,79,68,76,69,78,61,61,70,76,75,71,77,73,74,58,73,54,73,67,67,0,0,0,0,0,0.1,0,0,0,0,0,0,0.1,0,0,0,0,0,0,0,0,0,0,0,0,0,0,0,0,0,0,0,0,0,0,0,0,0,0,0,5.9,8,7.4,15.7,11.4,11.9,14.7,4.3,5,6.3,6.1,8.2,9.5,3.9,8.2,10.6,19,7.4,8.4,5.1,7.2,8.5,5.5,8.6,5.1,16.9,20.5,8.3,4.4,11.2,4.4,5.2,4.3,8,9.5,4.5,17.1,15.7,13.2,7.6,,,,,,,,,,,,,,,,,,,,,,,,,,,,,,,,,,,,,,,,,30.5,30.5,29.9,30.7,29.8,30,31.5,31.1,29.8,30.6,30.8,30.7,31.3,30.7,31.6,29.1,29.7,30.6,31.8,30,30.4,30.2,30.4,30.3,30.2,29.6,29.7,30.8,30.6,31.4,29.8,75,74,78,72,75,79,64,65,78,64,66,67,67,69,66,79,79,70,62,77,66,68,74,68,77,79,80,74,73,68,75,0,0,0.9,0,0.8,0,0,0,0.4,0,0,0,0,0,0,2.3,0.2,0,0,0,0,0,0,0,0.4,2.5,0.2,0,0,0,1,18.8,13.2,23,19.2,10.5,22.6,13.3,19.8,23.8,22.8,25,18.4,13.6,16.3,14.3,17.7,21.1,21.3,14.9,21.7,23.4,16,20.1,16.8,21.6,14.9,21.2,17.1,18.1,14.2,23.7,24.5,16.6,32.8,25.6,13.7,31,17.3,24.8,31.7,28.4,33.5,23.8,18.7,21.2,19.1,22,28.4,29.2,18.7,28.8,32,20.2,26.3,21.6,25.9,16.9,27,22,21.2,22,29.5,,,,,,22.2204,114.2127
2026-08-10T00:00,29.5,30.4,30.5,29.9,29.7,29.7,29.2,28.2,29.7,29.7,29.8,30,29.7,30.9,30.5,29.1,28.9,30.2,30.2,30,29.2,30.2,29,29.7,29.8,28.8,30.4,30.3,29.9,29.1,30.1,29.5,29.6,29.8,29.6,29.4,28.9,28.9,29.1,30.3,73,71,69,71,75,76,65,90,68,72,68,75,78,66,58,68,70,71,71,73,80,68,76,70,79,60,60,71,78,75,73,78,74,75,57,74,53,74,67,68,0,0,0,0,0,0.1,0,0,0,0,0,0,0.1,0,0,0,0,0,0,0,0,0,0,0,0,0,0,0,0,0,0,0,0,0,0,0,0,0,0,0,6.1,9,8.4,17.2,12.2,13.7,16,4.3,5.4,6.8,6.1,9.7,9.8,4.2,8,11.4,20.6,8.1,9.2,5.6,7.6,9,6.4,8.3,5.4,18.1,21.7,9.8,4.3,12.5,4.3,5.7,4.6,8.8,10,4.5,17.4,16.9,13,7.8,,,,,,,,,,,,,,,,,,,,,,,,,,,,,,,,,,,,,,,,,30.5,30.4,30.1,30.6,29.7,29.9,31.1,30.8,29.7,30.2,30.4,30.4,30.8,30.4,31.4,29,29.8,30.6,31.5,30,30.1,29.9,30.2,29.9,30.3,29.7,29.8,30.6,30.8,31.3,29.6,74,74,76,71,75,79,66,66,78,65,66,68,69,69,66,79,78,69,63,75,66,69,74,69,76,77,78,74,71,68,75,0,0,0.5,0,0.2,0.1,0,0,0,0,0,0,0.1,0,0,3,0,0,0,0.1,0,0,0,0,0,0.2,0.2,0.3,0,0,0.8,16.2,13,18.4,16.6,9.6,21.7,10.7,19.5,22.3,23.5,25.6,19.6,12,16.8,15,18,19.5,19.8,14.5,19.1,22.4,15.7,19.4,17.1,20.2,11.9,16.9,16.4,15.3,13.4,21.3,21.6,15.8,27,22.7,12.2,29.2,14,24.5,29.9,32,35.6,25.6,15.8,22,18.7,22.7,25.6,27,18,25.9,30.6,19.8,26.3,22.3,24.5,14,22.3,20.2,20.2,19.4,28.8,,,,,,22.2204,114.2127
2026-08-10T01:00,29.2,30.2,30.3,29.5,29.4,29.5,28.8,28,29.4,29.5,29.4,29.8,29.6,30.7,30.1,28.7,28.6,30,30,29.9,29,29.8,28.8,29.3,29.7,28.3,30.1,30.1,29.7,28.9,29.8,29.2,29.4,29.4,29.3,29.1,28.5,28.6,28.7,30.1,75,72,69,71,76,76,65,91,67,73,68,75,78,66,58,68,70,71,72,73,81,69,75,70,80,59,60,71,79,75,74,78,73,76,56,75,53,74,68,68,0,0,0,0,0,0.1,0,0,0,0,0,0,0.1,0,0,0,0,0,0,0,0,0,0,0,0,0,0,0,0,0,0,0,0,0,0,0,0,0,0,0,6.4,9.7,9.5,18.8,12.9,15.5,17.3,4.3,6,7,6.5,10.8,10.2,4.9,8,12.4,21.7,9.3,10,6.5,8,9.5,7.3,8.3,5.4,18.8,23,11.6,4.3,13.4,4.3,5.8,4.8,9.3,10.5,4.8,18.1,17.9,12.7,8,,,,,,,,,,,,,,,,,,,,,,,,,,,,,,,,,,,,,,,,,30.4,30.2,30.2,30.5,29.6,29.8,30.5,30.6,29.7,29.8,30,30,30,30.1,31.2,29.1,30,30.6,31,30.1,29.8,29.6,30.1,29.6,30.3,30,30,30.4,31,31,29.4,72,74,73,70,76,78,69,67,78,66,67,69,73,69,66,79,77,68,65,71,66,70,73,69,74,75,76,74,68,68,76,0,0,0.5,0,0.2,0.1,0,0,0,0,0,0,0.1,0,0,3,0,0,0,0.1,0,0,0,0,0,0.2,0.2,0.3,0,0,0.8,14.1,13.3,13.4,14.6,9,20.4,7.8,18.5,20.6,24.1,26.5,20.8,9.4,18,15,18.8,18,18.7,13.5,16.9,21.2,16.1,19.4,17.4,19.5,9.1,11.6,14.8,13.3,12.2,20.3,18.4,15.8,20.2,20.2,11.5,26.6,10.1,23.8,26.3,37.1,38.9,29.2,12.6,23.8,19.1,24.1,21.6,25.2,17.3,23,28.1,19.4,26.6,23.8,24.1,11.5,16.6,17.6,19.8,16.9,28.1,,,,,,22.2204,114.2127
2026-08-10T02:00,29,30,30.1,29.2,29.2,29.3,28.4,27.9,29.2,29.3,29.1,29.7,29.5,30.5,29.8,28.4,28.3,29.8,29.8,29.7,28.8,29.4,28.6,28.9,29.5,27.9,29.8,29.8,29.5,28.7,29.6,28.9,29.2,29.2,29.1,28.8,28.2,28.3,28.4,29.8,76,72,69,72,77,76,65,91,66,73,68,75,78,67,58,68,70,70,72,73,81,69,75,71,80,59,60,72,79,75,75,78,73,76,56,76,53,75,68,69,0,0,0,0,0,0.1,0,0,0,0,0,0,0.1,0,0,0,0,0,0,0,0,0,0,0,0,0,0,0,0,0,0,0,0,0,0,0,0,0,0,0,6.4,10.1,10.1,19.6,13.7,16.8,18.4,4.3,6.5,7.4,6.9,11.8,10.4,5.1,8.4,12.7,22.7,9.7,10.8,7.1,8,9.5,8.1,8.3,5.8,19.5,23.8,12.6,4.3,14.4,4.3,6.3,5.2,10,10.9,4.9,18.4,18.7,12.7,8.6,,,,,,,,,,,,,,,,,,,,,,,,,,,,,,,,,,,,,,,,,30.3,30.1,30.3,30.3,29.5,29.8,30.1,30.3,29.8,29.5,29.6,29.7,29.5,29.8,31,29.2,30.1,30.4,30.5,30.1,29.5,29.3,30,29.2,30.3,30.1,30.1,30.3,31.1,30.8,29.2,71,73,71,70,76,77,72,68,77,67,67,70,75,69,67,78,75,68,67,69,66,70,72,70,73,73,74,74,66,69,76,0,0,0.5,0,0.2,0.1,0,0,0,0,0,0,0.1,0,0,3,0,0,0,0.1,0,0,0,0,0,0.2,0.2,0.3,0,0,0.8,13.3,13.3,10.7,13.5,8.6,19.1,6.4,18,18.4,24.7,26.6,21.3,9.7,19.5,14.9,18.9,16.8,18.4,14.1,16.1,20.2,16.6,20,18.2,18.7,7.4,8.7,13.4,14,11.2,20.1,16.2,15.5,15.1,18.4,10.4,24.5,8.3,23.4,23.4,40.3,40.3,31.3,11.9,26.6,19.4,24.8,19.1,24.5,17.3,21.6,27.4,20.2,27,25.2,23.8,10.1,12.6,15.5,20.9,14.4,27,,,,,,22.2204,114.2127
2026-08-10T03:00,28.9,29.7,29.9,28.9,29,29,28.1,28,28.9,29.2,28.9,29.5,29.3,30.4,29.5,28.2,28,29.5,29.7,29.6,28.7,29.1,28.4,28.6,29.4,27.5,29.4,29.6,29.5,28.5,29.6,28.7,29.1,29,28.9,28.7,27.9,28.1,28,29.6,76,73,69,73,78,76,65,90,65,73,68,75,78,67,58,68,71,70,72,73,81,69,75,71,80,60,61,73,78,75,75,77,72,76,56,76,54,76,68,69,0,0,0,0,0,0,0,0,0,0,0,0,0,0,0,0,0,0,0,0,0,0,0,0,0,0,0,0,0,0,0,0,0,0,0,0,0,0,0,0,6.4,10.5,10.6,20,14.2,17.4,19.3,4.2,6.6,7.9,7.3,12.1,10.6,5.1,8.9,12.4,23,9.8,11.3,7.6,8.1,9.5,8.9,8.3,5.9,20,24.2,13,4.3,14.7,4.3,6.4,5.4,10.8,10.9,5,18.6,19,12.9,9,,,,,,,,,,,,,,,,,,,,,,,,,,,,,,,,,,,,,,,,,30,30.1,30.3,29.9,29.4,29.8,29.7,29.9,29.9,29.2,29.4,29.5,29.3,29.6,30.7,29.1,30.1,30.2,30.1,29.9,29.2,29.1,29.9,29,30,30.1,30.1,30.1,30.9,30.5,28.9,72,72,69,71,76,75,74,69,75,67,68,70,74,68,68,77,73,69,69,68,66,70,72,71,73,72,72,75,65,70,77,0,0,0,0,0,0,0,0,0,0,0,0,0,0,0,0.9,0,0,0,0,0,0,0,0,0,0,0,0,0,0,0.1,13.2,12.6,9.9,13.9,7.3,17,8,18.3,15.9,24,25,20.5,12.1,21.3,15.3,17.3,15.8,18.7,14.9,16.1,20.5,17.4,20.2,19,17.7,7.8,9.2,12.6,15.9,9.2,19.5,15.1,15.1,13,18.7,9,22.3,10.4,24.5,20.9,40,38.5,30.2,15.8,30.6,19.8,23,19.1,25.9,18.7,22,29.9,22,27.4,26.3,22.7,10.1,13,14.8,23.8,11.5,25.6,,,,,,22.2204,114.2127
2026-08-10T04:00,28.9,29.4,29.6,28.5,28.8,28.7,27.8,28.3,28.7,29,28.6,29.3,29.1,30.2,29.1,27.9,27.7,29.3,29.5,29.5,28.6,28.7,28.1,28.3,29.3,27,28.9,29.2,29.5,28.2,29.6,28.6,29,28.8,28.7,28.6,27.6,27.8,27.6,29.3,77,73,70,74,79,76,65,89,63,72,68,75,79,68,57,69,71,69,73,73,82,69,75,71,79,62,62,74,77,76,74,76,71,75,56,75,56,77,67,70,0,0,0,0,0,0,0,0,0,0,0,0,0,0,0,0,0,0,0,0,0,0,0,0,0,0,0,0,0,0,0,0,0,0,0,0,0,0,0,0,6.9,10.5,10.9,20,15,18,20,4,6.6,8.2,7.8,12.7,10.9,5.1,9,11.9,23,9.6,11.6,8.5,8,9.5,9.4,8.6,6,20,24,13.5,4.7,15,4.4,7.1,5.4,11.7,11.1,5,18.3,19.1,13.4,9.7,,,,,,,,,,,,,,,,,,,,,,,,,,,,,,,,,,,,,,,,,29.7,30.2,30.2,29.3,29.3,30,29.4,29.6,30,29.1,29.3,29.3,29.4,29.4,30.4,29.1,30.1,29.9,29.7,29.6,28.9,28.8,29.7,28.7,29.7,30,30,29.9,30.5,30.3,28.7,75,70,68,74,77,73,75,71,72,68,68,69,73,67,68,76,72,72,70,69,67,69,71,72,74,71,70,76,66,72,77,0,0,0,0,0,0,0,0,0,0,0,0,0,0,0,0.9,0,0,0,0,0,0,0,0,0,0,0,0,0,0,0.1,12.9,12.1,9.4,14.8,6.1,15.4,11.3,19.1,14.4,23,23,18.7,15.7,24.4,15.9,15.1,15.1,20.2,15.5,16.3,21.8,18.3,20.3,19.7,16.3,8.6,10.9,12.2,18.2,7.2,17.7,15.1,14.8,12.6,20.2,7.6,20.5,14.4,25.9,18.7,37.8,34.9,27.7,22.3,35.3,20.5,20.5,20.5,28.4,20.9,23.4,33.5,24.5,28.1,27.4,21.2,10.8,15.5,14.8,27.7,9,23.8,,,,,,22.2204,114.2127
2026-08-10T05:00,28.9,29.1,29.4,28.1,28.6,28.4,27.5,28.7,28.5,28.9,28.5,29.1,28.9,30.1,28.9,27.7,27.4,29.1,29.4,29.4,28.7,28.4,27.9,28,29.3,26.6,28.4,28.9,29.7,28.1,29.8,28.5,28.9,28.7,28.6,28.6,27.3,27.6,27.3,29.1,76,74,71,75,80,76,65,87,62,71,67,76,79,68,56,69,72,68,74,73,82,68,74,71,78,64,63,76,76,77,73,74,69,74,56,74,57,77,66,70,0,0,0,0,0,0,0,0,0,0,0,0,0,0,0,0,0,0,0,0,0,0,0,0,0,0,0,0,0,0,0,0,0,0,0,0,0,0,0,0,7.4,10.6,11.1,19.8,15.6,18.2,20.9,4,6.8,9,8.2,13,10.9,5.1,9.5,11.1,23,9,12.1,9.2,7.8,9.2,10.2,8.9,6.6,20.3,23.8,13.7,4.8,15.4,4.8,7.3,5.4,13.1,10.8,5.2,18.6,18.8,14.2,10.5,,,,,,,,,,,,,,,,,,,,,,,,,,,,,,,,,,,,,,,,,29.4,30.2,30.1,29,29.2,30.1,29.3,29.3,30.1,29,29.2,29.3,29.4,29.2,30.1,29.1,30,29.7,29.5,29.4,28.7,28.6,29.6,28.6,29.4,29.9,30,29.8,30.3,30.1,28.6,76,69,67,75,77,71,76,71,70,68,69,69,71,66,69,75,71,73,71,69,67,69,71,72,75,70,68,76,66,73,77,0,0,0,0,0,0,0,0,0,0,0,0,0,0,0,0.9,0,0,0,0,0,0,0,0,0,0,0,0,0,0,0.1,12.6,12,9.7,15.4,5.8,14.3,14,19.5,13.8,22.4,21.7,17.7,18.7,26.8,16.6,14.6,14.8,21.2,16.2,16.8,22.5,19.1,19.9,20.3,15.3,9.2,12.8,11.4,19.5,6,16.3,15.1,14.8,12.2,20.9,7.2,19.4,18,27.4,16.9,36,32.8,25.9,27,38.9,21.2,18.4,21.2,31,22.3,24.8,36.7,25.9,28.1,27.7,19.8,11.5,17.6,14.4,29.9,7.9,22.3,,,,,,22.2204,114.2127
2026-08-10T06:00,29.1,28.9,29.3,27.8,28.6,28.1,27.3,29.2,28.4,28.9,28.4,29,28.9,30.1,28.7,27.6,27.2,28.9,29.4,29.4,28.8,28.2,27.8,27.8,29.4,26.3,28,28.7,29.9,28,30.1,28.5,29,28.7,28.6,28.8,27.2,27.5,27.1,28.9,75,74,71,75,80,76,64,84,60,70,67,76,79,68,55,70,73,67,74,72,82,67,74,71,76,66,64,77,74,77,71,71,67,73,56,72,59,78,64,70,0,0,0,0,0,0,0,0,0,0,0,0,0,0,0,0,0,0,0,0,0,0,0,0,0,0,0,0,0,0,0,0,0,0,0,0,0,0,0,0,7.4,10.6,11.4,19.5,16.3,18.4,21.9,4.4,6.6,9.8,9.1,13.2,11.2,5.1,10.5,10,22.8,9,12.4,9.7,8,9.4,11,9.2,7.1,20.1,23.5,14.2,5.2,15.7,4.9,8,5.4,14,11,5.8,18.3,18.8,14.9,11.1,,,,,,,,,,,,,,,,,,,,,,,,,,,,,,,,,,,,,,,,,29.4,30.3,30.1,29,29.1,30.1,29.3,29.2,30,28.9,29.1,29.2,29.2,29,29.9,29.2,30,29.7,29.3,29.2,28.5,28.5,29.5,28.5,29.3,29.8,30,29.8,30.2,30,28.6,76,68,67,75,76,70,76,70,70,68,70,69,71,64,70,74,71,73,71,69,67,69,71,72,75,71,67,75,67,74,76,0,0,0,0,0,0,0,0,0,0,0,0,0,0,0,0,0,0,0,0,0,0,0,0,0,0,0,0,0,0,0,12.3,11.9,9.6,15.4,6.6,14.3,15.6,19.8,12.8,22.6,21.4,17.9,19.5,27,16.8,14.7,14.5,22.7,16.6,17.4,23.2,18.8,19.4,20.2,15,10,13.6,10.9,19.1,6.9,15.5,14.8,14.8,11.5,20.2,8.3,19.1,20.2,28.4,15.8,35.6,33.1,26.3,27.4,41,22,18,20.5,32.8,22.7,25.2,38.5,25.9,27,27.4,18.7,12.2,18.4,13.7,28.8,9.7,20.9,,,,,,22.2204,114.2127
2026-08-10T07:00,29.4,28.9,29.4,27.7,28.7,28,27.2,29.9,28.4,29,28.5,29,28.9,30.2,28.6,27.5,27,28.9,29.6,29.5,29.1,28.2,27.9,27.9,29.6,26.2,27.9,28.7,30.2,28,30.4,28.7,29.2,28.8,28.7,29,27.2,27.5,27,28.9,74,73,71,75,79,75,64,81,58,69,66,75,79,67,54,70,74,66,73,71,81,66,73,70,74,68,64,77,71,77,69,69,65,71,56,70,61,78,63,69,0,0,0,0,0,0,0,0,0,0,0,0,0,0,0,0,0,0,0,0,0,0,0,0,0,0,0,0,0,0,0,0,0,0,0,0,0,0,0,0,7.6,11,11.9,19.6,16.6,19.1,22.6,4.7,7.1,10.6,9.7,13.6,11.5,5.6,11.2,9.7,22.9,9.1,13.2,10.5,8.2,9.6,11.8,10,7.7,20.6,23.5,14.4,5.8,16.1,5.5,8.4,5.4,15.5,11,6.3,18.6,18.6,15.9,12.1,,,,,,,,,,,,,,,,,,,,,,,,,,,,,,,,,,,,,,,,,29.5,30.3,30.1,29.2,29.1,30,29.4,29.2,29.9,28.9,29.1,29.3,29,28.9,29.8,29.3,29.9,29.8,29.2,29.1,28.5,28.4,29.3,28.4,29.3,29.7,30,30,30.3,30,28.8,75,68,68,73,75,70,74,69,71,69,71,68,71,63,70,72,72,72,70,69,67,69,71,72,75,72,67,74,67,74,74,0,0,0,0,0,0,0,0,0,0,0,0,0,0,0,0,0,0,0,0,0,0,0,0,0,0,0,0,0,0,0,12.3,12.2,9.2,15.1,8.3,15,16.9,19.8,11.5,23.2,22.2,18.3,19.5,26,16.9,14.7,14.3,23.9,17.1,17.9,23.7,18.4,18.4,19.4,14.3,10.4,13.7,10.7,18.2,9.6,15.1,14,15.1,10.8,19.1,10.1,19.4,21.6,29.2,15.1,35.6,34.2,27,25.9,42.1,22.7,18.7,19.4,34.6,22.3,25.6,39.2,25.2,25.6,26.6,17.6,12.6,18.7,13.3,25.6,13.3,19.8,,,,,,22.2204,114.2127
2026-08-10T08:00,29.8,29.1,29.7,27.7,29,28.1,27.2,30.5,28.7,29.3,28.8,29.3,29.2,30.4,28.8,27.6,26.8,29.1,29.9,29.8,29.5,28.4,28.2,28.1,30,26.4,28,28.9,30.6,28.2,30.9,29.1,29.5,29.1,28.9,29.4,27.5,27.7,27.2,29.2,72,72,70,75,78,74,64,78,56,67,64,74,77,66,53,70,75,65,72,70,79,64,71,69,72,68,64,76,69,76,67,66,63,69,56,68,61,77,61,68,0,0,0,0,0,0,0,0,0,0,0,0,0,0,0,0,0,0,0,0,0,0,0,0,0,0,0,0,0,0,0,0,0,0,0,0,0,0,0,0,7.9,11.3,12.4,19.9,17.3,19.4,23.2,5.2,7.8,11.1,10.6,14.2,12,5.9,12.2,9.2,22.8,9.8,13.7,11,8.9,10.1,12.7,10.8,8.4,21.1,23.2,14.7,6.8,16.2,6.4,8.9,5.9,16.4,11.5,7,19,18.7,16.9,13.1,,,,,,,,,,,,,,,,,,,,,,,,,,,,,,,,,,,,,,,,,29.6,30.5,30.2,29.5,29.3,30.1,29.7,29.3,29.9,29,29.2,29.4,28.9,29,29.8,29.5,29.9,29.9,29.2,29.2,28.6,28.5,29.4,28.6,29.4,29.8,30.1,30.2,30.5,30.2,29,74,67,69,71,74,70,73,67,72,69,71,68,70,61,70,71,72,71,69,69,67,69,71,71,75,72,67,73,67,73,72,0,0,0,0,0,0,0,0,0,0,0,0,0,0,0,0,0,0,0,0,0,0,0,0,0,0,0,0,0,0,0,12.5,11.8,7.4,15.7,8.9,15.6,17.6,20,10.7,23.5,22.7,18.6,19.7,24.9,17.6,14.3,15.1,25.2,17.4,18.4,23.9,17.9,17.8,19.1,14.4,10.5,13.6,10.5,17.6,12.1,14.7,14.4,14.8,10.1,18.7,11.5,19.8,22.3,29.5,15.1,35.3,35.3,27.7,25.2,41.4,23.8,18.7,19.1,35.3,22.3,25.6,38.9,24.5,24.5,25.9,17.3,13,18.4,13,23,15.8,19.1,,,,,,22.2204,114.2127
2026-08-10T09:00,30.5,29.6,30.3,28,29.6,28.4,27.5,31.4,29.3,30,29.4,30,29.9,31,29.2,27.8,26.8,29.6,30.5,30.4,30.2,29.1,28.9,28.8,30.7,27.1,28.7,29.4,31.3,28.7,31.6,29.8,30.2,29.8,29.4,30.1,28.1,28.2,27.8,29.8,69,69,68,73,75,72,64,74,54,64,61,72,74,64,52,69,76,63,69,68,76,61,68,67,68,67,63,73,66,74,64,63,60,66,55,65,60,75,59,65,0,0,0,0,0,0,0,0,0,0,0,0,0,0,0,0,0.1,0,0,0,0,0,0,0,0,0,0,0,0,0,0,0,0,0,0,0,0,0,0,0,7.9,12.1,13.4,20.6,17.9,20.2,24,5.6,9.3,12.1,11.8,15,12.8,6.6,13.5,9.5,22.8,11.5,14.7,11.6,10.2,11.3,13.7,12.1,9.2,22.3,23.2,15.5,8.2,16.6,7.9,9.4,6.6,17.9,12.3,8.2,19.9,19.1,18.4,14.6,,,,,,,,,,,,,,,,,,,,,,,,,,,,,,,,,,,,,,,,,29.9,30.8,30.4,29.7,29.7,30.5,30.1,29.6,30.2,29.3,29.5,29.6,29.2,29.4,30.2,29.9,30.2,30.2,29.4,29.4,28.9,28.9,29.8,29.1,29.8,30.3,30.4,30.5,30.9,30.6,29.4,73,67,69,68,72,69,71,65,71,68,70,68,68,60,68,70,71,70,68,67,66,68,70,69,74,71,67,72,65,71,70,0,0,0,0,0,0,0,0,0,0,0,0,0,0,0,0,0,0,0,0,0,0,0,0,0,0,0,0.1,0,0,0,13,10.3,4.7,16.4,7.2,16.3,17.1,20.5,11.4,23,23.5,18.5,21.2,23.8,19.6,13.3,16.6,25.6,18.2,18.4,23.5,17.9,17.9,18.8,14.6,9.2,12.7,9.7,16.5,13.3,14.6,16.2,13.3,9.4,19.8,11.2,20.2,21.2,29.5,15.5,33.8,35.3,26.6,26.6,37.4,25.9,17.3,20.5,34.9,23,25.2,36,23.4,23.8,24.8,17.3,12.6,17.6,13,21.2,16.6,18.4,,,,,,22.2204,114.2127
2026-08-10T10:00,31.5,30.6,31.4,28.5,30.7,29.1,27.9,32.6,30.3,31.1,30.4,31,30.9,31.9,30,28.2,26.8,30.4,31.5,31.3,31.2,30.1,29.9,29.9,31.8,28.2,29.7,30.3,32.1,29.5,32.6,30.9,31.3,30.7,30.1,31.1,29.2,29,28.8,30.8,64,65,64,71,71,69,63,68,52,61,57,68,69,60,50,68,76,60,65,64,71,58,64,64,64,64,60,69,62,70,60,58,57,61,54,62,58,72,57,61,0,0,0,0,0,0,0,0,0,0,0,0,0,0,0,0,0.1,0,0,0,0,0,0,0,0,0,0,0,0,0,0,0,0,0,0,0,0,0,0,0,8,13.2,14.9,21.7,18.6,21.1,25,6.8,11.5,12.9,13.7,16.5,14.1,7.9,15.2,10.1,23.4,13.8,15.9,12.2,12.2,13.1,15.1,13.7,10.4,24,23.3,16.4,10.2,17.7,9.9,9.7,8.1,19.5,13.7,10,21.5,19.9,20.4,16.5,,,,,,,,,,,,,,,,,,,,,,,,,,,,,,,,,,,,,,,,,30.3,31.2,30.8,30,30.3,31,30.6,30,30.7,29.8,29.9,30,29.7,30.1,30.8,30.4,30.6,30.5,29.8,29.8,29.5,29.5,30.4,29.7,30.3,30.9,30.9,30.9,31.5,31.1,29.9,71,66,69,65,70,67,70,62,69,67,68,68,65,59,66,70,69,68,66,65,65,67,68,66,72,69,67,70,61,69,69,0,0,0,0,0,0,0,0,0,0,0,0,0,0,0,0,0,0,0,0,0,0,0,0,0,0,0,0.1,0,0,0,14.2,8.6,4.6,17.4,5.1,17.3,16,21.6,12.6,22.8,24.7,19.2,23.6,22.7,22.2,12,18.3,25.3,18.7,17.9,22.4,17.6,18.2,18.3,14.7,7.2,11,8.6,14.8,14.1,14.5,18.4,11.5,8.6,21.2,10.4,20.5,19.1,28.8,16.2,32.4,34.9,25.6,29.2,32,28.8,15.5,23,33.8,24.1,24.1,32,22,23.4,23.4,18,11.9,16.2,13,20.2,16.6,18,,,,,,22.2204,114.2127
2026-08-10T11:00,32.6,31.7,32.6,29.2,31.9,29.9,28.5,33.8,31.4,32.3,31.6,32.2,32.1,32.9,30.9,28.7,27,31.3,32.6,32.3,32.4,31.3,31.1,31.1,33.1,29.6,31,31.4,33.1,30.4,33.7,32.1,32.5,31.9,30.9,32.2,30.4,29.9,30,31.9,59,60,60,68,65,66,62,61,50,57,53,64,63,56,48,67,77,57,61,61,66,54,60,60,58,61,58,65,57,66,56,54,53,57,52,59,56,68,54,57,0,0,0,0,0,0,0,0,0,0,0,0,0,0,0,0,0.1,0,0,0,0,0,0,0,0,0,0,0,0,0,0,0,0,0,0,0,0,0,0,0,8.4,14.5,16.9,23,19.6,22.1,25.4,7.4,14,14.1,15.4,17.7,15.6,9,17,11.3,23.5,16.6,17.2,12.9,14,15.1,17.1,15.5,11.7,26,23.5,17.6,12.4,18.7,12.4,10,9.2,21,15.3,12,23.4,20.5,22.4,18.7,,,,,,,,,,,,,,,,,,,,,,,,,,,,,,,,,,,,,,,,,30.6,31.6,31.1,30.2,30.8,31.3,31,30.4,31.1,30.1,30.4,30.3,30.1,30.7,31.3,30.7,31,30.8,30.2,30.2,30,30,30.9,30.3,30.7,31.3,31.2,31.2,31.9,31.5,30.3,69,66,69,62,68,66,68,60,68,66,67,68,63,59,64,69,67,67,65,63,63,66,66,63,70,68,67,69,59,67,67,0,0,0,0,0,0,0,0,0,0,0,0,0,0,0,0,0,0,0,0,0,0,0,0,0,0,0,0.1,0,0,0,15.4,7.9,7.9,19,3.5,17.3,14.8,22.2,14.4,22.7,25.3,20.2,24.8,21.3,24.3,11.2,19.7,24.6,19.6,17.9,21.9,17.7,18.5,18.6,15.3,6,8.7,8.9,13.6,14.6,14.9,20.5,11.2,9.4,23.4,9.7,21.2,18,28.8,17.6,31.3,33.8,25.2,30.6,27.4,31,14.4,25.2,32.4,25.6,23.8,29.5,21.2,23.8,23,19.4,11.5,15.1,14,19.4,17.3,18,,,,,,22.2204,114.2127
2026-08-10T12:00,33.7,32.7,33.8,29.9,33,30.6,29.1,35,32.5,33.4,32.7,33.3,33.2,33.9,31.7,29.2,27,32.2,33.6,33.2,33.5,32.5,32.3,32.3,34.2,30.9,32.3,32.5,34,31.3,34.7,33.2,33.6,32.9,31.7,33.2,31.6,30.8,31.1,33,55,56,56,64,60,63,61,56,48,53,49,61,58,53,47,66,78,54,56,57,61,51,56,57,53,58,55,60,53,63,52,50,50,52,51,55,53,64,52,52,0,0,0,0,0,0,0,0,0,0,0,0,0,0,0,0,0.1,0,0,0,0,0,0,0,0,0,0,0,0,0,0,0,0,0,0,0,0,0,0,0,8.4,15.5,17.9,24.4,20.2,23,26.1,8.2,16.1,15,17.1,18.8,16.9,10.4,18.8,11.9,23.7,19.1,18.2,13.5,16.1,17.1,18.1,17.3,12.7,27.7,23.5,18.2,14.2,19.7,14.4,10.2,10.7,22.2,16.8,13.8,25.1,21.1,24.2,20.5,,,,,,,,,,,,,,,,,,,,,,,,,,,,,,,,,,,,,,,,,31,31.8,31.4,30.3,30.9,31.5,31.3,30.5,31.4,30.3,30.8,30.5,30.3,31,31.5,30.9,31.2,31.1,30.6,30.7,30.5,30.4,31.2,30.7,30.9,31.3,31.1,31.5,32.2,31.7,30.6,67,65,68,60,67,65,67,60,67,66,66,68,62,59,63,67,66,66,63,61,61,65,65,61,69,67,67,68,59,66,65,0,0,0,0,0,0,0,0,0,0,0,0,0,0,0,0,0,0,0,0,0,0,0,0,0,0,0,0,0,0,0,17.3,10.5,11.6,21.4,2.9,17.6,13.1,22.7,16.6,23.6,24.9,21.5,24.3,19.8,25,11.5,20.4,23.2,21,18.8,22.9,17.9,19.7,20.3,17.4,6.3,5.4,11.6,13.6,16.4,16.2,22,14,13,26.3,9.7,22,18.4,29.2,19.8,32,32,27.4,30.6,24.8,31.3,14.8,26.3,31,27.4,23.8,29.9,22,24.8,24.8,22.3,12.2,14,16.9,19.4,20.2,19.1,,,,,,22.2204,114.2127
2026-08-10T13:00,34.5,33.5,34.7,30.4,33.9,31.2,29.5,35.8,33.3,34.3,33.5,34.2,34.1,34.6,32.4,29.6,27.1,32.9,34.4,33.9,34.3,33.5,33.2,33.3,35.1,32,33.3,33.3,34.7,32,35.4,34.1,34.4,33.7,32.4,34,32.6,31.5,32.1,33.8,51,52,53,62,57,61,61,51,47,51,46,58,54,50,46,65,79,52,53,55,57,48,53,55,50,55,53,56,50,60,49,47,48,49,50,53,52,62,51,49,0,0,0,0,0,0,0,0,0,0,0,0,0,0,0,0,0.1,0,0,0,0,0,0,0,0,0,0,0,0,0,0,0,0,0,0,0,0,0,0,0,8.2,15.9,18.9,25.3,20.2,23.2,26.1,8.8,17.8,15.7,17.8,19.1,17.4,11.2,19.8,12.2,23.8,20.6,18.7,13.7,17.2,18.4,18.8,18.4,13.2,28.7,23.2,18.7,15.7,20.2,15.7,10.2,11.5,22.9,17.9,14.8,26.4,21.3,25.2,21.7,,,,,,,,,,,,,,,,,,,,,,,,,,,,,,,,,,,,,,,,,31.4,32,31.6,30.5,30.8,31.6,31.5,30.6,31.6,30.3,31.3,30.7,30.5,31.2,31.6,31.1,31.2,31.4,31,31.2,31,30.8,31.4,31,30.9,31.1,30.9,31.7,32.3,31.8,30.8,64,64,67,58,67,64,65,60,66,67,65,68,61,60,62,65,65,66,61,58,59,63,64,60,69,67,68,67,60,66,64,0,0,0,0,0,0,0,0,0,0,0,0,0,0,0,0,0,0,0,0,0,0,0,0,0,0,0,0,0,0,0,19.3,14.3,15.1,24.4,3.8,19.6,12.8,23.4,19.1,24.8,23.8,23.8,24.1,19,25.1,12.7,21.2,21.6,22.9,20.5,24.8,18.8,22,22.4,21.5,7.2,3.3,16.2,15.7,20.4,17.8,22.7,18.4,18,29.5,9.7,23,19.1,30.2,22.7,33.1,29.5,30.6,29.9,23.4,31.3,15.8,26.6,29.2,28.8,24.1,31.3,23.4,26.3,27.7,25.9,13.3,12.6,20.9,20.5,24.1,20.9,,,,,,22.2204,114.2127
2026-08-10T14:00,34.8,33.9,35.1,30.7,34.3,31.5,29.6,36.1,33.8,34.7,34,34.6,34.5,35,32.8,29.8,27,33.2,34.7,34.2,34.6,33.9,33.6,33.8,35.5,32.6,33.8,33.7,34.9,32.3,35.8,34.5,34.8,34.1,32.7,34.4,33.1,31.9,32.6,34.2,50,51,52,61,55,60,62,50,47,50,45,57,53,49,46,65,80,51,52,54,55,47,52,54,48,54,53,55,49,59,48,47,48,48,50,52,51,61,50,48,0,0,0,0,0,0,0,0,0,0,0,0,0,0,0,0,0.1,0,0,0,0,0,0,0,0,0,0,0,0,0,0,0,0,0,0,0,0,0,0,0,7.8,15.9,18.9,25.5,19.9,23.3,25.6,8.7,18.3,15.2,17.8,19,17.2,11.2,19.8,12.1,23.7,21.1,18.2,13.2,17.5,18.9,18.8,18.4,13.2,28.7,22.4,18.1,16,19.6,16.2,10,11.5,22.6,17.7,15.3,26.7,20.6,25.2,21.7,,,,,,,,,,,,,,,,,,,,,,,,,,,,,,,,,,,,,,,,,31.6,32.1,31.7,30.5,30.7,31.6,31.5,30.6,31.7,30.4,31.6,30.7,30.6,31.3,31.7,31,31.2,31.6,31.4,31.5,31.4,31,31.5,31.2,30.9,31,30.8,31.7,32.3,31.7,30.9,63,64,66,57,67,65,65,61,66,68,64,69,61,61,62,65,65,65,60,58,58,63,65,59,69,67,68,67,62,67,63,0,0,0,0,0,0,0,0,0,0,0,0,0,0,0,0,0,0,0,0,0,0,0,0,0,0,0,0,0,0,0,20.5,17.4,18.3,26,5.5,22.5,14.2,23.8,21,25.4,23,26.9,24.2,19.8,25,14.2,21.7,20.6,24,21.6,25.4,20.2,24.6,23.8,25.2,8.4,4.6,20.3,18.1,24.3,18.7,24.1,21.6,22.3,31.3,10.1,24.5,20.9,31,24.8,33.8,28.4,33.5,29.5,23,31,17.6,27.4,28.1,29.9,25.2,32,25.6,28.4,29.5,29.2,14.4,12.2,24.5,22.3,27.4,22.7,,,,,,22.2204,114.2127
2026-08-10T15:00,30.4,29.7,30.4,28.4,29.8,28.7,26.9,30.5,29.7,30,29.6,30.2,29.7,31.2,29.5,28.4,25.5,29.7,30.1,30.2,29.9,29.5,28.9,29.5,30.5,28.5,29.4,29.7,30.6,28.6,31.4,29.3,30.1,29.8,29.8,30.2,29,28.2,28.9,30,71,74,72,72,77,71,71,79,61,70,66,76,79,65,56,73,88,67,73,70,75,63,71,69,69,65,67,75,66,78,66,72,67,70,60,67,62,80,60,68,0,0,0,0,0,0,0.2,0,0,0,0,0,0,0,0,0,3.1,0,0,0,0,0,0,0,0,0,0,0,0,0,0,0,0,0,0,0,0,0,0,0,4.7,7.2,8.4,17.6,12.4,17.2,18.5,4.3,6.6,6.5,5.8,9.4,7.3,3.8,9.3,4.7,23.2,7.2,6.9,6.8,6.5,8.9,8.6,7.5,6.4,16.3,15,8.4,4.7,9.5,4.7,6.4,4.1,10.5,7.9,5.3,18.5,11.1,11.6,8.4,,,,,,,,,,,,,,,,,,,,,,,,,,,,,,,,,,,,,,,,,31.4,32,31.6,30.5,30.7,31.3,31.3,30.7,31.6,30.5,31.7,30.6,30.7,31.2,31.7,30.8,31,31.7,31.5,31.3,31.5,30.9,31.2,31.2,30.8,31,30.8,31.5,32.1,31.5,30.7,64,64,67,56,67,67,66,63,66,68,64,71,62,62,63,67,67,65,59,60,59,64,67,59,70,67,68,68,64,69,64,0,0,0,0,0,0,0,0,0,0,0,0,0,0,0,0,0,0.1,0,0,0,0,0,0,0,0,0,0,0,0,0,21.5,19.1,20.4,25.1,6.5,23.5,17.7,24.1,21.4,24.3,23,29,24.5,21.6,24.5,17.1,22.5,20.9,23.9,22.9,23.3,22.9,26.9,23.7,26.3,10.5,7.4,22.4,21.3,25.4,18.8,26.3,23.4,24.1,30.6,10.4,26.6,23.8,31.7,25.2,32.8,29.5,36.4,29.9,25.2,31,21.2,28.8,28.8,29.5,27.7,30.2,28.8,31.7,29.5,31,15.5,13,27.4,26.3,29.5,24.1,,,,,,22.2204,114.2127
2026-08-10T16:00,30.6,29.9,30.6,28.5,30,28.8,27,30.5,29.9,30.2,29.9,30.3,29.8,31.3,29.7,28.6,25.4,29.8,30.1,30.3,29.9,29.7,29.1,29.8,30.6,28.9,29.7,29.9,30.6,28.7,31.5,29.4,30.2,29.9,30,30.4,29.3,28.4,29.2,30.2,71,74,72,72,76,71,72,79,62,70,67,76,79,65,57,74,90,67,73,70,74,63,71,69,69,65,67,75,66,78,65,73,68,70,61,67,62,81,60,67,0,0,0,0,0,0,0.2,0,0,0,0,0,0,0,0,0,3.1,0,0,0,0,0,0,0,0,0,0,0,0,0,0,0,0,0,0,0,0,0,0,0,4.5,6.8,7.6,17.3,11.5,16.4,17.7,4.7,6.6,5.8,5,8.6,6.4,3.7,8.8,4.3,22.9,7,6.1,6,6.5,8.7,7.8,7,5.9,15.3,13.4,7.2,4.7,8.3,4.7,6,4,9.2,7.4,5.2,18.4,9.7,10.6,7.8,,,,,,,,,,,,,,,,,,,,,,,,,,,,,,,,,,,,,,,,,31.1,31.7,31.4,30.5,30.6,30.9,30.9,30.7,31.4,30.5,31.7,30.4,30.9,31,31.6,30.3,30.7,31.7,31.6,30.8,31.4,30.5,30.8,31.1,30.6,31,30.9,31,31.7,31.1,30.3,66,65,68,56,67,71,68,65,67,68,65,73,63,63,65,71,69,64,59,65,61,67,71,60,72,66,67,71,67,72,66,0,0,0,0,0,0,0,0,0,0,0,0,0,0,0,0,0,0.1,0,0,0,0,0,0,0,0,0,0,0,0,0,23.2,19.9,21.9,22.8,7.3,23.4,22.1,24.5,20.9,22.6,23.8,30.8,24.9,24.5,24.4,21.3,23.8,22.1,23.1,25.4,20.5,27.1,29.5,23.3,25.8,13.6,10.4,23.6,25.3,24.9,20,29.2,24.1,25.2,28.4,10.4,28.8,27.4,32.8,24.8,31,32,38.9,31,28.4,31,25.6,30.6,30.2,28.4,31.3,27.4,32.8,35.6,28.4,31.7,16.6,14.4,29.5,31.7,31,25.6,,,,,,22.2204,114.2127
2026-08-10T17:00,30.7,30,30.7,28.7,30.1,28.9,27,30.4,30.1,30.3,30.1,30.5,29.9,31.4,29.8,28.7,25.3,29.9,30.2,30.4,30,30,29.3,30.1,30.7,29.3,30,30.1,30.6,28.8,31.5,29.5,30.3,30.1,30.2,30.5,29.5,28.5,29.5,30.4,71,74,72,72,76,71,74,79,63,71,67,76,79,65,57,74,92,68,73,71,74,63,71,69,69,65,68,75,65,79,65,74,69,70,62,66,62,81,60,67,0,0,0,0,0,0,0.2,0,0,0,0,0,0,0,0,0,3.1,0,0,0,0,0,0,0,0,0,0,0,0,0,0,0,0,0,0,0,0,0,0,0,4,6.2,6.7,16.7,11.2,15.8,16.5,5.1,6.4,5.2,4.7,8,5.9,3.6,8.3,3.7,22.9,6.5,5,5,6.2,8.6,6.9,6.6,5.4,14.2,12.1,6.6,4.5,7.2,4.7,5.7,4,8.4,6.6,4.7,18,8.5,10,6.8,,,,,,,,,,,,,,,,,,,,,,,,,,,,,,,,,,,,,,,,,30.7,31.5,31,30.4,30.6,30.6,30.5,30.7,31.2,30.5,31.7,30.2,31,30.8,31.5,29.9,30.4,31.6,31.6,30.3,31.3,30.2,30.4,31,30.4,30.9,30.9,30.6,31.3,30.7,30,69,66,70,56,67,74,70,67,68,68,66,75,64,65,67,74,72,64,59,69,63,69,74,61,74,67,67,73,70,75,69,0,0,0,0,0,0,0,0,0,0,0,0,0,0,0,0,0,0.1,0,0,0,0,0,0,0,0,0,0,0,0,0,25.1,20,22.6,20.8,7.9,23.6,25,24.9,20.9,21.6,24.2,31.4,24.6,26.1,25,24.9,24.4,23,21.7,27.4,19.1,30.2,31.2,22.5,25.3,15.8,12.8,24.2,28.3,24.4,21.9,31,24.1,26.3,26.3,10.8,31.3,29.9,33.1,25.2,29.9,33.1,40.3,31,30.6,31,29.2,31.3,30.2,27,33.8,25.2,36,38.9,27.4,32.8,17.6,15.8,31.7,34.9,32,26.6,,,,,,22.2204,114.2127
2026-08-10T18:00,30.8,30.1,30.9,28.8,30.2,29,27,30.4,30.3,30.4,30.2,30.6,29.9,31.5,30,28.9,25.3,30.1,30.1,30.4,30.1,30.1,29.4,30.3,30.8,29.6,30.2,30.3,30.6,28.8,31.6,29.6,30.4,30.2,30.3,30.6,29.7,28.6,29.8,30.5,71,74,73,71,75,71,75,80,64,71,67,76,79,65,58,75,93,68,73,71,73,63,71,69,69,64,68,74,65,79,65,75,70,70,63,66,62,81,60,67,0,0,0,0,0,0,0.2,0,0,0,0,0,0,0,0,0,3.1,0,0,0,0,0,0,0,0,0,0,0,0,0,0,0,0,0,0,0,0,0,0,0,4,5.9,6.3,16.4,10.5,15.5,15.6,5.1,6.1,5.2,4.1,7.3,5.1,3.6,7.8,3.4,22.6,6,4.7,4.6,6.4,8.2,6.2,6.2,4.9,13.7,10.5,6.2,4.2,6.2,4.3,5.2,3.6,7.5,6,4.7,17.9,7.4,9.2,6.4,,,,,,,,,,,,,,,,,,,,,,,,,,,,,,,,,,,,,,,,,30.3,31.5,30.6,30.3,30.4,30.3,30.2,30.5,31,30.4,31.6,30,31,30.6,31.2,29.6,30.1,31.4,31.5,29.8,31.1,29.9,30.1,30.8,30.2,30.7,30.6,30.2,30.7,30.3,29.7,72,66,73,56,67,76,72,69,70,69,66,77,65,67,69,77,74,64,59,73,64,71,77,62,76,69,68,75,73,77,72,0,0,0,0,0,0,0,0,0,0.1,0,0,0,0,0,0.1,0,0,0,0,0,0,0,0,0,0,0,0,0,0,0,25.4,18.5,22.7,19.7,8.1,24.6,25,25,22.6,21.8,22.6,30.7,23.5,25.4,25.6,26,23.3,21.6,20.2,26.6,19.2,30.6,31.2,21.2,25.3,16.3,13.8,24.2,27.8,24.9,22.7,32,22.7,28.1,24.8,10.4,33.8,31,33.1,26.6,29.9,31.3,40.3,29.9,29.9,31.7,31,30.6,27.4,25.6,34.6,25.2,37.8,41.4,26.3,34.6,18.4,16.6,33.1,35.3,33.5,27.7,,,,,,22.2204,114.2127
2026-08-10T19:00,30.8,30.2,30.9,28.8,30.3,29,27,30.4,30.4,30.5,30.4,30.7,30,31.6,30.1,29,25.2,30.2,30.1,30.5,30.1,30.3,29.5,30.5,30.8,29.9,30.3,30.4,30.6,28.8,31.6,29.7,30.4,30.3,30.4,30.7,29.9,28.7,30,30.6,71,74,73,72,75,71,76,80,64,72,68,76,79,65,58,75,94,69,74,71,72,63,72,69,69,64,69,74,66,80,64,76,70,70,64,66,62,82,60,67,0,0,0,0,0,0,0.2,0,0,0,0,0,0,0,0,0,3.1,0,0,0,0,0,0,0,0,0,0,0,0,0,0,0,0,0,0,0,0,0,0,0,3.6,5.7,5.9,16.1,10.1,15,14.8,5.4,6,5,3.9,7.1,5.1,3.3,7.5,2.9,22.5,5.6,4.1,4.1,6.5,8.1,5.8,6.1,4.9,12.9,9.5,6.1,4.3,5.5,4.4,5.2,3.6,6.8,5.6,4.2,17.6,6.8,8.8,5.9,,,,,,,,,,,,,,,,,,,,,,,,,,,,,,,,,,,,,,,,,29.8,31.5,30.1,30.1,30.3,30,29.8,30.2,30.7,30.2,31.5,29.7,30.9,30.3,30.8,29.2,29.9,31.2,31.4,29.4,30.9,29.6,29.7,30.5,29.9,30.4,30.3,29.9,30.1,30,29.4,75,65,76,57,68,77,74,72,72,71,65,79,66,69,72,79,76,63,60,78,65,73,79,64,77,71,70,77,77,79,76,0,0,0,0,0,0,0,0,0,0.1,0,0,0,0,0,0.1,0,0,0,0,0,0,0,0,0,0,0,0,0,0,0,24.5,16.6,22.7,18.7,7.9,25.4,23.6,24.5,24.4,22.9,20.9,29.1,21.2,23.4,26.3,25.5,21.6,18.6,18.5,24.6,19.4,29.5,29.7,19.9,25.4,15.8,14.5,23.8,25.1,25.2,22.7,32.4,20.2,29.5,23.4,10.4,36.7,31,32.4,28.8,30.6,28.4,39.2,28.4,28.1,32.8,31.7,28.8,23,23.8,33.8,26.3,38.9,43.2,25.2,36,18.7,17.3,34.2,33.5,34.6,28.8,,,,,,22.2204,114.2127
2026-08-10T20:00,30.8,30.3,31,28.8,30.3,29,27,30.4,30.4,30.6,30.5,30.8,30,31.6,30.2,29.1,25.2,30.2,30,30.5,30.1,30.3,29.6,30.6,30.9,30,30.4,30.5,30.6,28.8,31.6,29.7,30.4,30.3,30.4,30.8,30,28.8,30.1,30.7,71,74,73,72,75,71,77,80,65,72,68,76,79,65,59,76,95,69,74,71,72,63,72,69,69,64,69,74,66,80,64,77,71,70,65,66,62,82,60,67,0,0,0,0,0,0,0.2,0,0,0,0,0,0,0,0,0,3.1,0,0,0,0,0,0,0,0,0,0,0,0,0,0,0,0,0,0,0,0,0,0,0,3.7,5.5,5.4,15.8,10.2,14.7,14.1,5.6,6,4.9,3.7,6.8,4.7,3.3,7,2.8,21.9,5.5,4.2,3.7,6.5,8.1,5.4,5.8,4.4,12.4,8.7,6,4.2,5.2,4.4,4.7,3.6,6.4,5.2,4.2,17.2,6,8.3,5.5,,,,,,,,,,,,,,,,,,,,,,,,,,,,,,,,,,,,,,,,,29.5,31.4,29.7,30,30.1,29.7,29.6,30,30.4,30.1,31.4,29.6,30.7,30.1,30.5,28.9,29.6,30.9,31.2,29.1,30.7,29.4,29.6,30.3,29.7,30.1,30,29.6,29.6,29.7,29.1,78,65,79,58,68,78,76,73,74,72,64,80,66,71,73,81,77,64,60,81,65,74,80,65,78,74,72,79,79,80,79,0,0,0,0,0,0,0,0,0,0.1,0,0,0,0,0,0.1,0,0,0,0,0,0,0,0,0,0,0,0,0,0,0,23.3,15.1,22.1,18.4,8.9,26,21.8,23.4,25.4,24.3,20.3,27,19.9,21.7,25.5,25,20,16.1,17.4,22.8,19.7,28,28.4,19.1,25,15.5,15,23.2,22.9,25.3,22.1,31.7,18.7,30.6,22.3,10.8,38.5,30.2,31.3,30.2,32.4,26.3,37.4,27,26.6,32.8,32.8,27.4,20.9,22,33.5,27,38.5,43.6,24.1,36.7,19.1,18.4,34.9,32,35.3,29.2,,,,,,22.2204,114.2127
2026-08-10T21:00,30.8,30.3,31,28.7,30.3,28.9,26.9,30.3,30.4,30.6,30.5,30.8,29.9,31.6,30.2,29.2,25.2,30.3,29.8,30.5,30,30.3,29.6,30.7,30.9,30.1,30.4,30.5,30.5,28.8,31.6,29.8,30.4,30.3,30.4,30.8,30,28.8,30.1,30.7,71,74,73,73,75,72,78,80,66,72,68,76,79,65,60,77,95,69,75,71,72,63,72,69,70,64,70,74,67,80,64,78,71,70,66,66,62,82,60,67,0,0,0,1,0,0,0.3,0,0,0,0,0,0,0,0,0,2.6,0,0.1,0,0,0,0,0,0,0,0,0,0,0,0,0,0,0,0,0,0,0,0,0,3.7,5.5,5.1,15.6,10.2,14.7,13.3,5.6,6,4.9,3.7,6.8,4.7,3.3,6.5,2.5,21.3,5.4,4.6,3.7,6.5,8.1,5,5.4,4.1,12.1,8.2,6,3.9,4.9,4.4,4.3,3.6,6.4,4.7,4.2,16.8,5.7,8,5.5,,,,,,,,,,,,,,,,,,,,,,,,,,,,,,,,,,,,,,,,,29.4,31.2,29.5,29.9,29.8,29.6,29.5,30,30.1,30,31.3,29.7,30.6,29.8,30.5,28.8,29.5,30.6,31,28.9,30.5,29.4,29.7,30.1,29.8,29.8,29.8,29.5,29.5,29.5,29,79,66,80,60,68,79,77,72,75,73,63,80,66,73,73,82,79,67,60,83,65,73,80,67,77,76,74,80,80,81,80,0,0,0,0,0,0,0,0,0,0.7,0,0,0,0,0,0.4,0,0,0,0,0,0,0,0,0,0,0,0,0,0,0,21.9,15.6,21.5,17.9,11,25.7,20.6,22.1,24.7,25.7,19.8,24.8,18.9,21,23.1,25.3,19.7,14.9,16.5,22.8,18.8,26.1,27.7,18.4,24.5,16,16.1,23,22.1,24.6,21.8,29.5,19.1,30.2,22,13,39.6,28.8,29.9,30.6,36.4,25.6,34.6,25.9,26.3,30.6,34.6,27,22.3,20.5,33.8,26.3,36.4,42.5,23.4,35.6,20.2,20.5,35.6,31,35.3,29.2,,,,,,22.2204,114.2127
2026-08-10T22:00,30.7,30.3,30.9,28.5,30.2,28.8,26.8,30.3,30.4,30.5,30.6,30.8,29.9,31.5,30.2,29.2,25.2,30.3,29.6,30.4,29.9,30.2,29.6,30.7,30.8,30,30.4,30.5,30.5,28.6,31.5,29.8,30.3,30.3,30.3,30.7,29.9,28.7,30.1,30.6,72,74,73,74,75,73,79,80,66,73,68,75,79,66,60,78,95,70,75,72,71,63,73,69,70,64,70,74,68,81,63,79,72,70,68,66,63,82,60,67,0,0,0,1,0,0,0.3,0,0,0,0,0,0,0,0,0,2.6,0,0.1,0,0,0,0,0,0,0,0,0,0,0,0,0,0,0,0,0,0,0,0,0,3.7,5.5,5.1,15.6,10.5,14.5,12.6,5.6,6,4.6,3.9,6.7,4.7,3.3,6.5,2.1,20.5,5.1,4.9,3.3,6.6,8.1,5,5.4,3.9,11.9,7.6,6,3.9,4.9,4.4,4.3,3.6,6.4,4.3,4.2,16.3,5.5,8,5.5,,,,,,,,,,,,,,,,,,,,,,,,,,,,,,,,,,,,,,,,,29.4,30.9,29.5,29.8,29.5,29.4,29.6,30.1,29.9,30,31.1,29.9,30.4,29.6,30.5,28.7,29.3,30.3,30.7,28.9,30.4,29.5,29.9,30,30,29.5,29.7,29.4,29.5,29.3,28.9,79,67,79,62,69,80,77,70,76,74,62,78,65,75,71,81,80,70,61,83,65,71,78,69,75,79,76,81,80,82,80,0,0,0,0,0,0,0,0,0,0.7,0,0,0,0,0,0.4,0,0,0,0,0,0,0,0,0,0,0,0,0,0,0,20,17.2,20.7,17.3,13.4,25.2,19.7,20.7,23.5,27.7,19.2,22.1,18.9,20.6,20.2,25.8,20,17.5,15.5,23.4,17.7,23.7,27.3,17.5,23.9,16.6,17.9,23.2,21.7,23.2,21.2,26.3,20.5,29.5,21.6,15.8,40,26.3,27.7,30.2,41,25.2,31.3,25.2,26.3,27.7,36.4,27,25.9,19.1,33.8,24.8,32.4,40,23,33.1,21.2,22.7,36.4,29.5,34.6,28.4,,,,,,22.2204,114.2127
2026-08-10T23:00,30.7,30.3,30.8,28.3,30.1,28.6,26.8,30.2,30.3,30.5,30.6,30.8,29.8,31.4,30.1,29.2,25.3,30.3,29.3,30.4,29.8,30.1,29.6,30.6,30.8,29.9,30.3,30.5,30.4,28.5,31.4,29.9,30.3,30.3,30.2,30.7,29.7,28.7,30,30.6,73,74,73,75,75,74,80,81,66,73,69,75,79,67,61,79,95,70,76,72,71,64,73,70,71,65,71,74,69,81,63,80,72,69,70,66,63,82,61,67,0,0,0,1,0,0,0.3,0,0,0,0,0,0,0,0,0,2.6,0,0.1,0,0,0,0,0,0,0,0,0,0,0,0,0,0,0,0,0,0,0,0,0,3.6,5.5,5.1,15.4,10.8,14.5,11.9,5.6,6,4.4,3.9,6.6,5,3,6.3,1.6,19.6,5.1,5.6,3.3,6.6,8.2,4.7,5.4,3.9,11.9,7.2,5.8,3.6,4.8,4.4,4,3.6,6.8,4,4.2,15.6,5.5,8,5.5,,,,,,,,,,,,,,,,,,,,,,,,,,,,,,,,,,,,,,,,,29.5,30.6,29.5,29.7,29.3,29.4,29.6,30.2,29.7,29.9,31,30,30.2,29.4,30.5,28.6,29.3,30.1,30.5,28.9,30.2,29.6,30.1,29.8,30.2,29.3,29.6,29.4,29.5,29.3,28.9,79,69,79,64,70,80,77,69,77,74,61,76,65,77,70,81,80,73,61,83,64,69,76,70,74,80,77,81,80,82,80,0,0,0,0,0,0,0,0,0,0.7,0,0,0,0,0,0.4,0,0,0,0,0,0,0,0,0,0,0,0,0,0,0,18.9,18.5,20.8,17,15.5,24.8,19,19.9,22.4,28.4,18.7,20.3,19.2,20.3,18.9,26.2,19.8,22,15.1,23.4,16.9,22,26.1,17.1,23.2,16.9,18.1,23.2,21.6,22.4,20.6,23.8,22,29.2,21.6,18.4,39.6,24.1,25.9,29.5,43.6,24.8,28.1,24.8,26.3,25.6,37.4,26.6,29.5,18.7,33.1,23.8,29.2,37.1,22.7,31,21.6,23.8,36.4,28.4,34.2,27.7,,,,,,22.2204,114.2127
2026-08-11T00:00,30.6,30.3,30.7,28,29.9,28.3,26.7,30.2,30.1,30.4,30.7,30.7,29.7,31.2,30.1,29.2,25.4,30.2,28.9,30.3,29.7,30,29.5,30.5,30.7,29.7,30.2,30.4,30.3,28.3,31.3,29.9,30.1,30.3,30,30.6,29.6,28.6,29.8,30.5,73,74,73,77,75,75,81,81,67,74,69,74,78,68,61,80,94,71,77,72,71,64,74,70,73,65,71,74,71,82,63,81,73,69,71,66,63,82,61,67,0,0,0,1,0,0,0.3,0,0,0,0,0,0,0,0,0,2.6,0,0.1,0,0,0,0,0,0,0,0,0,0,0,0,0,0,0,0,0,0,0,0,0,3.6,5.5,5.1,15.3,11.2,14.3,11.2,5.9,6.1,4.2,3.7,6.9,5.4,3,6,1.5,18.7,5.1,6.6,3.3,6.8,8.2,4.7,5,3.6,11.9,7,5.6,3.6,4.8,4.7,4,3.6,7.3,3.6,4,14.7,5.5,8.1,5.9,,,,,,,,,,,,,,,,,,,,,,,,,,,,,,,,,,,,,,,,,29.5,30.2,29.5,29.6,29.1,29.4,29.7,30.1,29.5,29.9,30.8,30.1,29.8,29.3,30.4,28.7,29.3,30,30.2,28.9,30.1,29.5,30.2,29.6,30.1,29.1,29.5,29.4,29.6,29.3,28.8,78,71,79,65,72,80,76,69,77,73,61,73,66,78,69,80,78,74,62,82,63,69,73,71,73,80,75,80,79,82,80,0,0,0.1,0,0,0.4,0,0,0,0.3,0,0,0,0,0,0.7,0,0,0,0,0,0,0,0,0,0,0,0.1,0,0,0,18.9,19.4,21.5,16.9,16.5,25,17.9,18.7,21.3,27,18.2,18.8,19.6,20.5,18.3,26.2,19.2,25.2,16.1,22.3,17.7,20.2,23.7,17.5,22.1,16.1,15.5,23.3,21.3,22.4,19.8,23.4,23,30.2,21.6,20.2,38.5,22,24.5,28.1,41.4,24.1,25.6,25.6,26.6,24.8,37.1,25.9,33.1,20.2,30.6,23.8,26.6,33.1,23.4,28.8,20.5,22,35.6,27.4,34.2,26.6,,,,,,22.2204,114.2127
2026-08-11T01:00,30.4,30.2,30.5,27.7,29.7,28,26.6,30.1,30,30.3,30.7,30.7,29.6,31.1,30,29.1,25.5,30.2,28.6,30.2,29.6,29.8,29.5,30.4,30.6,29.5,30.1,30.3,30.2,28.1,31.1,30,30,30.2,29.8,30.5,29.3,28.5,29.7,30.4,74,74,73,78,75,77,82,81,67,74,69,74,78,68,62,81,93,71,78,73,71,64,75,70,74,66,72,74,73,82,62,82,73,69,73,66,64,82,62,68,0,0,0,1,0,0,0.3,0,0,0,0,0,0,0,0,0,2.6,0,0.1,0,0,0,0,0,0,0,0,0,0,0,0,0,0,0,0,0,0,0,0,0,3.6,5.7,5.2,15.5,11.9,14.7,10.5,5.6,6.4,3.9,4,7.2,5.8,2.9,6,1.1,17.5,5.1,7.6,3.7,7.2,8.4,4.7,5.1,3.6,11.9,6.9,5.7,3.1,5.1,4.7,3.6,3.3,7.8,3.3,4,14,5.8,8.2,6.3,,,,,,,,,,,,,,,,,,,,,,,,,,,,,,,,,,,,,,,,,29.5,29.8,29.5,29.3,29.1,29.4,29.9,29.9,29.4,29.8,30.6,30.2,29.4,29.3,30.3,28.7,29.4,29.9,29.9,28.9,30,29.3,30.2,29.3,30,29,29.5,29.6,29.8,29.4,28.8,77,74,79,65,74,79,74,69,78,72,62,70,69,78,67,79,75,73,62,81,62,70,70,72,73,79,71,79,77,81,80,0,0,0.1,0,0,0.4,0,0,0,0.3,0,0,0,0,0,0.7,0,0,0,0,0,0,0,0,0,0,0,0.1,0,0,0,18.9,19.7,22.8,17.1,16.9,25,16.7,17.3,20.3,24.8,17.6,17.8,19.9,20.9,18,26.2,18.9,27.4,17.3,20.4,18.6,18.1,20.9,17.9,20.4,14.9,12.9,23.6,21,23,19.3,23.8,24.5,32,21.6,21.2,36.7,20.2,23.4,26.3,37.1,23,23,27,26.6,25.2,35.6,24.5,37.1,22.7,27.4,24.5,24.1,28.4,24.1,27,18.7,19.1,34.2,26.3,34.6,25.2,,,,,,22.2204,114.2127
2026-08-11T02:00,30.3,30.2,30.4,27.5,29.5,27.8,26.5,30.1,29.8,30.2,30.7,30.6,29.4,30.9,29.9,29.1,25.7,30.2,28.2,30.1,29.4,29.7,29.4,30.3,30.6,29.3,29.9,30.2,30.2,27.9,31,30,29.9,30.1,29.6,30.3,29.1,28.4,29.5,30.3,75,74,73,80,75,78,83,82,67,74,69,73,78,69,62,82,92,72,79,73,70,65,76,70,75,66,72,74,75,83,62,82,73,68,75,67,64,82,62,68,0,0,0,1,0,0,0.3,0,0,0,0,0,0,0,0,0,2.6,0,0.1,0,0,0,0,0,0,0,0,0,0,0,0,0,0,0,0,0,0,0,0,0,3.7,5.6,5.2,15.6,12.3,14.8,9.8,5.4,6.4,4.1,4,7.6,6.2,2.9,5.8,1,16.7,5.1,8.7,3.7,7.8,8.5,4.7,5.1,3.3,12.4,7.2,5.9,3.1,5,5,3.3,3.4,8.2,3.3,4,13.3,6.1,8.4,6.7,,,,,,,,,,,,,,,,,,,,,,,,,,,,,,,,,,,,,,,,,29.5,29.5,29.5,29.2,29,29.5,29.9,29.6,29.3,29.7,30.4,30.2,29.1,29.3,30.2,28.8,29.4,29.9,29.6,28.9,29.9,29.2,30.2,29.1,29.8,29,29.5,29.7,29.9,29.5,28.8,75,75,79,65,75,78,72,69,77,72,64,67,70,77,66,78,72,73,63,80,62,70,68,72,73,78,68,78,75,80,80,0,0,0.1,0,0,0.4,0,0,0,0.3,0,0,0,0,0,0.7,0,0,0,0,0,0,0,0,0,0,0,0.1,0,0,0,18.6,19.2,23,17,16.9,24.6,15.5,16.3,19,23.2,16.7,16.6,19.8,20.8,17.7,25.5,18.5,28.6,18.4,18.6,19.1,16.4,18.5,17.9,19.1,13.5,13,23.7,19.8,22.9,18.2,23.8,24.5,32.4,21.2,21.2,34.6,19.1,22.7,24.1,33.8,22.3,21.2,27.4,26.3,25.6,33.5,23,39.2,24.5,23.8,24.5,22.3,24.5,24.1,25.2,16.9,16.6,32.8,24.8,33.5,23.4,,,,,,22.2204,114.2127
2026-08-11T03:00,30.2,30.1,30.2,27.1,29.3,27.5,26.4,30,29.7,30.1,30.7,30.5,29.3,30.7,29.9,29,25.8,30.1,27.9,30.1,29.3,29.5,29.4,30.2,30.5,29.1,29.8,30.2,30.1,27.7,30.8,30,29.8,30.1,29.4,30.2,28.9,28.4,29.3,30.2,76,73,73,82,75,80,83,82,68,75,69,73,77,70,63,83,91,72,80,73,70,65,76,71,77,67,73,74,76,84,62,83,73,68,77,67,65,82,62,68,0,0,0,1,0,0,0.3,0,0,0,0,0,0,0,0,0,2.6,0,0.1,0,0,0,0,0,0,0,0,0,0,0,0,0,0,0,0,0,0,0,0,0,3.4,5.9,5.2,15.6,13.1,14.7,9.1,5.6,6.6,4,4.2,8,6.6,2.9,5.8,1.1,15.5,5.1,9.7,4.1,8,8.5,4.7,4.7,3.3,12.4,7.2,6.2,2.9,5.4,5.1,3.3,3.5,9.2,3,4.2,12.4,6.3,8.9,6.8,,,,,,,,,,,,,,,,,,,,,,,,,,,,,,,,,,,,,,,,,29.5,29.4,29.4,29,29,29.5,29.7,29.3,29.2,29.6,30,30.1,28.9,29.3,30,28.7,29.3,29.7,29.4,28.8,29.6,29,30,29,29.7,28.9,29.4,29.7,29.9,29.5,28.7,73,74,78,66,74,77,71,69,75,73,67,65,70,76,65,78,71,74,64,79,63,69,68,72,72,76,68,77,73,79,80,0,0,1.1,0,0,0.4,0,0,0,0.1,0,0,0,0,0,0.2,0,0,0,0,0,0,0,0,0,0,0,0.2,0,0,0,17.3,17.4,22.3,16.6,15.2,23.1,14.9,15.9,17.3,22.8,16.2,15.5,18.7,19.2,17.8,23.6,17,27.6,18.2,16.8,17.6,14.9,16.2,16.5,18,12.6,13,23.6,17.7,21.5,16.6,22.3,22.7,31,20.5,19.8,31.3,19.1,22.7,22,33.8,21.2,19.8,26.3,24.1,25.9,31,20.9,38.5,24.8,20.5,23.4,21.2,21.6,22,23.8,15.8,15.1,32,23,30.2,20.9,,,,,,22.2204,114.2127
2026-08-11T04:00,30,30.1,30.1,26.9,29.1,27.2,26.3,30,29.5,30,30.7,30.4,29.2,30.6,29.8,29,26,30.1,27.5,30,29.1,29.3,29.3,30,30.4,28.9,29.6,30.1,30,27.5,30.7,30.1,29.6,30,29.2,30.1,28.7,28.3,29.1,30,77,73,73,84,76,81,84,82,68,75,69,72,77,71,63,84,89,73,81,74,70,65,77,71,78,68,74,74,78,84,61,84,73,68,79,67,65,82,63,68,0,0,0,1,0,0,0.3,0,0,0,0,0,0,0,0,0,2.6,0,0.1,0,0,0,0,0,0,0,0,0,0,0,0,0,0,0,0,0,0,0,0,0,3.7,5.9,5.2,15.5,13.6,14.9,8.5,5.4,6.6,4.3,4.6,8.4,7,2.9,5.6,1.5,14.3,5.1,10.8,4.1,8.6,8.7,4.7,4.8,3.1,12.4,7.6,6.5,2.6,5.8,5.1,2.9,3.5,9.7,2.7,4.2,11.8,7,9,7.3,,,,,,,,,,,,,,,,,,,,,,,,,,,,,,,,,,,,,,,,,29.4,29.5,29.4,28.9,28.9,29.6,29.4,29,29.3,29.5,29.6,29.9,28.9,29.3,29.9,28.5,29.2,29.4,29.1,28.7,29.3,28.9,29.8,28.9,29.6,28.8,29.3,29.8,29.8,29.5,28.7,72,72,76,66,73,76,71,69,73,74,70,64,69,75,65,79,70,75,66,78,65,67,68,71,72,73,69,75,70,78,79,0,0,1.1,0,0,0.4,0,0,0,0.1,0,0,0,0,0,0.2,0,0,0,0,0,0,0,0,0,0,0,0.2,0,0,0,15.5,15.2,20.4,15.9,13,20.9,14.8,16.2,15.7,23.3,15.5,14.4,17.3,17.4,18.2,21.1,14.8,25.4,17.7,14.6,14.9,13.9,13.6,14.6,17,12,12.1,23.2,15.4,19.4,15.1,20.2,20.2,28.1,19.8,17.3,27,19.8,23,19.4,34.9,20.5,18.7,24.5,21.6,25.9,27.7,18,36,24.1,17.3,21.2,20.9,19.4,18.4,22.7,15.5,14.4,31.3,21.2,26.3,18.4,,,,,,22.2204,114.2127
2026-08-11T05:00,29.9,30.1,30,26.6,29,27,26.2,29.9,29.4,30,30.7,30.4,29.1,30.4,29.7,29,26.1,30.1,27.2,29.9,29,29.1,29.3,29.9,30.3,28.7,29.4,30,29.9,27.3,30.5,30.1,29.5,29.9,29,30,28.4,28.2,29,29.9,78,73,73,85,76,83,85,82,68,75,69,72,77,72,64,85,88,73,82,74,70,66,78,71,79,68,74,74,80,85,61,84,74,68,80,67,66,82,63,68,0,0,0,1,0,0,0.3,0,0,0,0,0,0,0,0,0,2.6,0,0.1,0,0,0,0,0,0,0,0,0,0,0,0,0,0,0,0,0,0,0,0,0,3.7,6.2,5.4,15.7,14.1,14.9,7.9,5.2,6.6,4.3,4.5,8.8,7.4,2.5,5.6,2.3,13.1,5.1,11.9,4.1,9.2,8.7,4.7,4.8,2.8,12.2,7.6,6.9,2.4,5.9,5.4,2.5,3.7,10.1,2.4,4.2,10.9,7.3,9,7.6,,,,,,,,,,,,,,,,,,,,,,,,,,,,,,,,,,,,,,,,,29.3,29.6,29.5,28.9,28.9,29.7,29.2,28.8,29.3,29.3,29.4,29.8,28.9,29.4,29.8,28.5,29.1,29.3,28.9,28.7,29.1,28.9,29.6,28.9,29.5,28.8,29.2,29.9,29.8,29.6,28.8,70,70,75,67,71,75,71,69,71,76,72,63,68,73,65,79,69,76,67,76,66,65,68,70,71,71,70,74,68,77,78,0,0,1.1,0,0,0.4,0,0,0,0.1,0,0,0,0,0,0.2,0,0,0,0,0,0,0,0,0,0,0,0.2,0,0,0,14.3,13.2,18.7,15.2,11.6,19.1,15.3,16.1,14.9,24.7,15.8,13.7,16.2,15.9,18.2,18.4,13,23.2,16.9,12.4,13,13.4,12.2,13,16.2,11.9,11.6,22.1,13.7,17.8,13.3,18.7,17.6,25.2,19.1,15.5,23.8,20.2,23,18,36.7,19.8,18,23,19.1,25.9,24.1,15.8,33.1,23.4,14.8,19.4,20.2,18.4,16.2,22,14.8,14,29.9,19.1,22.7,16.2,,,,,,22.2204,114.2127
2026-08-11T06:00,29.8,30,29.9,26.3,28.8,26.9,26.2,29.9,29.2,29.9,30.7,30.3,29,30.3,29.7,28.9,26.2,30.1,26.9,29.8,28.9,29,29.2,29.8,30.2,28.5,29.2,29.9,29.9,27.2,30.4,30.1,29.4,29.9,28.9,29.9,28.3,28.1,28.8,29.9,78,73,73,87,76,84,85,83,68,76,69,71,77,72,64,86,87,74,83,74,70,66,78,71,80,69,75,75,81,85,61,85,74,68,82,68,66,82,64,69,0,0,0,1,0,0,0.3,0,0,0,0,0,0,0,0,0,2.6,0,0.1,0,0,0,0,0,0,0,0,0,0,0,0,0,0,0,0,0,0,0,0,0,3.9,6.1,5.4,15.9,14.7,14.8,7.2,5.2,6.6,4.4,4.8,9.3,7.8,2.5,5.3,2.6,12.3,5.1,12.6,4.6,9.5,8.9,4.7,4.6,2.8,12.5,8,7.3,2.1,5.9,5.4,2.5,3.9,10.5,2.3,4.2,10.5,7.2,9.2,8.1,,,,,,,,,,,,,,,,,,,,,,,,,,,,,,,,,,,,,,,,,29.3,29.6,29.6,28.8,29,29.8,29.1,28.7,29.3,29.1,29.4,29.8,28.9,29.5,29.8,28.5,29.2,29.4,28.8,28.9,29.1,29,29.6,28.9,29.5,28.9,29.2,29.9,29.8,29.6,28.9,69,70,74,68,70,74,71,69,70,78,72,64,68,71,65,79,67,75,67,72,66,63,67,69,70,70,70,74,68,77,76,0,0,0.1,0,0,0,0,0,0,0.1,0,0,0,0,0,0,0,0.1,0,0,0,0,0,0,0,0,0,0,0,0,0,13.8,11.6,16.3,14.7,11.9,17.6,15.1,15.7,14.5,26.2,15.8,14,15.9,14.8,18.3,15.5,11.7,21.3,16.4,10.2,11.9,12.8,12.9,12.6,15.7,11.7,11.4,20.1,12.1,16.7,12,18.4,15.5,21.6,18.4,15.1,21.2,19.8,22.3,17.6,38.9,19.8,18,22.3,17.3,25.6,20.2,14.8,29.9,22.7,12.6,17.3,18.7,19.1,15.8,22.3,14,14,26.6,16.6,20.5,15.1,,,,,,22.2204,114.2127
2026-08-11T07:00,29.7,30,29.8,26.1,28.7,26.8,26.2,29.8,29.2,29.8,30.6,30.3,28.9,30.2,29.7,28.9,26.4,30.1,26.7,29.8,28.8,29,29.2,29.7,30.2,28.4,29.1,29.9,29.8,27.1,30.3,30.2,29.3,29.8,28.8,29.9,28.1,28.1,28.7,29.8,79,73,73,88,76,84,86,83,69,76,69,71,77,73,65,86,87,74,84,75,70,66,79,72,81,70,75,75,82,86,61,85,74,68,83,68,67,82,64,69,0,0,0,1,0,0,0.3,0,0,0,0,0,0,0,0,0,2.6,0,0.1,0,0,0,0,0,0,0,0,0,0,0,0,0,0,0,0,0,0,0,0,0,3.9,6.5,5.4,15.8,14.8,14.7,6.6,5,6.6,4.8,4.7,9.3,7.8,2.5,5.2,3.1,11.6,4.7,13,4.6,9.7,8.6,4.4,4.6,2.5,12,8,7.3,2.1,5.9,5.4,2.2,3.9,10.5,2.3,4.2,10.1,7.5,9.4,8.1,,,,,,,,,,,,,,,,,,,,,,,,,,,,,,,,,,,,,,,,,29.3,29.7,29.9,28.8,29.1,29.9,29.2,28.7,29.2,28.8,29.6,29.8,29,29.7,29.8,28.7,29.3,29.7,28.8,29.1,29.2,29.1,29.7,29,29.5,29,29.2,29.9,29.8,29.7,29.2,68,71,73,69,69,74,71,68,70,81,70,65,68,69,65,78,65,73,67,68,64,62,65,68,69,70,70,74,68,76,74,0,0,0.1,0,0,0,0,0,0,0.1,0,0,0,0,0,0,0,0.1,0,0,0,0,0,0,0,0,0,0,0,0,0,13.4,10.2,13.3,14.2,12.5,16.4,15,14.7,14.2,28.2,16,14.8,16.3,13.9,18.7,12.7,11.3,20.1,15.9,8.6,11.2,11.9,15,13,15.9,11.4,11.2,17.7,10.5,15.9,10.8,18.4,13.7,17.6,18,15.8,19.4,19.4,21.2,18.4,41,20.5,18.7,21.6,16.2,24.8,15.8,14.4,26.3,21.6,11.2,14.8,17.3,20.5,16.9,23.4,13.3,14,22.3,13.7,19.1,14,,,,,,22.2204,114.2127
2026-08-11T08:00,29.7,30,29.7,26,28.7,26.7,26.2,29.8,29.1,29.8,30.6,30.2,28.9,30.1,29.7,28.9,26.5,30.1,26.5,29.7,28.8,28.9,29.1,29.7,30.2,28.4,29,29.8,29.8,27,30.3,30.2,29.3,29.8,28.7,29.8,28,28.1,28.6,29.8,79,73,73,89,76,85,86,83,69,76,69,71,77,73,65,87,86,74,85,75,70,66,79,72,81,70,76,75,82,86,61,85,74,68,84,68,67,82,64,69,0,0,0,1,0,0,0.3,0,0,0,0,0,0,0,0,0,2.6,0,0.1,0,0,0,0,0,0,0,0,0,0,0,0,0,0,0,0,0,0,0,0,0,3.9,6.5,5.4,15.8,14.8,14.2,6.3,5,6.6,4.8,4.7,9.3,7.8,2.5,5.2,3.4,10.8,4.7,13.3,4.6,9.7,8.6,4.4,4.6,2.3,11.8,8.4,7.7,2.1,5.9,5.4,2.2,3.9,10.5,2.3,4.2,9.7,7.4,9.4,8.1,,,,,,,,,,,,,,,,,,,,,,,,,,,,,,,,,,,,,,,,,29.5,29.9,30.2,28.9,29.2,30.1,29.4,28.9,29.4,28.8,29.8,29.9,29.2,29.9,30,28.9,29.6,29.9,29,29.5,29.4,29.3,29.8,29.2,29.6,29.3,29.4,30.1,29.9,30,29.5,67,71,72,69,69,73,70,67,69,82,69,66,68,68,65,77,63,72,67,64,63,60,64,67,68,69,69,74,68,75,72,0,0,0.1,0,0,0,0,0,0,0.1,0,0,0,0,0,0,0,0.1,0,0,0,0,0,0,0,0,0,0,0,0,0,13.7,8.9,11.2,13.6,13.1,15.6,14.8,13.8,14.1,29.5,16.1,15.1,17,13.8,18.4,10.6,11.1,19.4,15.3,7.8,10.9,12.1,16.7,13.8,16.7,10.9,10.4,15.8,9.5,15.5,10.4,18.7,12.2,14.4,17.3,15.8,18.4,19.1,20.2,18.7,42.5,20.9,19.1,21.2,15.8,23.8,12.6,14,24.5,20.5,10.1,13.3,16.6,21.6,17.6,24.5,12.6,13.7,19.1,12.2,18,13.7,,,,,,22.2204,114.2127
2026-08-11T09:00,29.6,30,29.7,25.9,28.7,26.8,26.2,29.7,29.1,29.8,30.5,30.2,28.9,30.1,29.7,28.9,26.6,30.2,26.4,29.7,28.8,29,29.1,29.6,30.2,28.4,28.9,29.8,29.8,26.9,30.3,30.2,29.2,29.8,28.7,29.8,28,28.2,28.5,29.8,79,73,73,90,76,85,86,83,69,76,69,71,77,73,65,87,86,74,86,75,70,66,79,72,81,70,77,75,82,86,61,85,74,68,85,68,67,82,64,69,0,0,0,0.6,0,0,0,0,0,0,0,0,0,0,0,0.3,0,0,0.1,0,0,0,0,0,0,0,0,0,0,0,0,0,0,0,0,0,0,0,0,0,3.7,6.5,5.4,15.8,14.5,13.8,6,5,6.6,4.8,4.7,9.3,7.7,2.5,5.2,3.8,10.1,4.7,13.3,4.6,9.2,8.6,4,4.6,2.1,11.1,8.8,7.7,2.1,5.6,5.4,2.2,3.9,10,2.1,4,9.4,7.3,9.4,8.1,,,,,,,,,,,,,,,,,,,,,,,,,,,,,,,,,,,,,,,,,29.9,30.2,30.7,29.2,29.4,30.5,29.7,29.4,29.7,29.1,30.1,30.3,29.5,30,30.2,29.3,30,30.1,29.5,30,29.8,29.6,30.2,29.6,30,29.7,29.8,30.4,30.3,30.4,30,66,70,70,68,69,71,68,66,67,80,67,65,67,68,65,75,62,72,66,61,61,59,63,66,66,68,68,73,66,72,70,0,0,0,0,0,0,0,0,0,0.3,0,0,0,0,0,0,0,0,0,0,0,0,0,0,0,0,0,0,0,0,0,15,7.4,9.8,13.4,12.9,15.5,15.3,13.6,14.5,29.9,16.3,15.2,17.3,14.8,17.2,9.5,11.1,20.2,15.1,7.6,10.9,13.9,16.9,14.8,18.2,10,9.5,14.4,9.5,15.1,10.2,19.4,11.2,12.2,16.6,15.1,18,19.8,18.7,18.4,41.4,20.5,18.4,21.2,17.3,22.3,10.8,13.7,25.6,19.1,9.7,13,17.3,21.2,18.4,25.2,11.5,12.2,16.9,12.6,17.3,13,,,,,,22.2204,114.2127
2026-08-11T10:00,29.6,30,29.7,25.8,28.7,26.9,26.3,29.7,29.2,29.8,30.4,30.2,28.9,30.1,29.8,28.9,26.7,30.3,26.3,29.7,28.8,29,29.1,29.6,30.2,28.5,28.7,29.8,29.8,26.9,30.3,30.2,29.2,29.8,28.7,29.9,28,28.2,28.5,29.8,79,73,74,90,76,85,86,83,70,76,69,71,78,73,66,87,85,74,86,75,70,66,79,73,81,71,77,75,81,87,61,84,74,69,85,68,68,82,64,70,0,0,0,0.6,0,0,0,0,0,0,0,0,0,0,0,0.3,0,0,0.1,0,0,0,0,0,0,0,0,0,0,0,0,0,0,0,0,0,0,0,0,0,3.2,6.5,5.2,15.6,13.7,13,5.8,4.7,6.1,4.7,4.4,8.8,7.3,2.5,5,4,9.7,4.3,13,4.6,8.7,8.1,4,4.5,1.6,10.5,8.7,8,2.3,5.2,5.1,1.8,3.7,9.5,2.4,3.7,9.1,6.9,9.1,7.6,,,,,,,,,,,,,,,,,,,,,,,,,,,,,,,,,,,,,,,,,30.4,30.6,31.2,29.7,29.7,30.9,30.1,30.1,30.2,29.7,30.4,30.7,29.9,30.1,30.4,29.7,30.5,30.2,30.1,30.6,30.2,30,30.7,30,30.5,30.3,30.4,30.9,30.9,31,30.5,64,69,67,67,69,68,66,64,66,76,66,64,67,70,64,74,61,72,65,58,59,58,62,64,64,67,66,71,62,69,68,0,0,0,0,0,0,0,0,0,0.3,0,0,0,0,0,0,0,0,0,0,0,0,0,0,0,0,0,0,0,0,0,16.8,5.8,8.7,13.4,12.2,15.6,16.3,13.5,15.1,30,16.6,14.8,18,16.9,16.3,9.1,11.2,21.9,15,8.1,11.2,16.5,17.1,16.2,19.6,8.7,8.4,13.3,10.1,15.2,10.2,20.9,10.4,11.2,16.2,14,18.4,20.5,17.6,18.4,39.2,20.2,17.3,21.2,20.2,20.5,9.7,13.7,28.4,17.6,9.7,13.7,19.1,20.5,19.1,26.3,10.1,10.8,15.1,14,17.3,12.2,,,,,,22.2204,114.2127
2026-08-11T11:00,29.7,30,29.7,25.8,28.8,27.1,26.4,29.7,29.3,29.8,30.4,30.2,28.9,30.2,29.9,28.9,26.8,30.4,26.2,29.7,28.9,29.2,29.1,29.6,30.2,28.6,28.6,29.8,29.8,26.9,30.3,30.2,29.2,29.9,28.8,29.9,28.1,28.3,28.5,29.9,79,73,74,91,76,85,86,83,70,76,68,72,78,72,66,87,85,74,87,76,70,65,80,73,80,71,78,76,80,87,61,83,74,70,85,69,68,81,64,70,0,0,0,0.6,0,0,0,0,0,0,0,0,0,0,0,0.3,0,0,0.1,0,0,0,0,0,0,0,0,0,0,0,0,0,0,0,0,0,0,0,0,0,3,6.5,4.8,15.3,12.9,12.1,5.5,4.6,5.6,5.1,4.3,8.4,6.9,2.5,4.7,4.4,9.4,4,12.3,4.6,8,7.6,3.6,4.1,1.5,9.8,9,8,2.3,4.4,5,1.9,3.5,8.9,2.3,3.5,8.8,6.8,9.1,7.2,,,,,,,,,,,,,,,,,,,,,,,,,,,,,,,,,,,,,,,,,30.7,31,31.7,30,30,31.3,30.4,30.7,30.7,30.2,30.6,31.1,30.2,30.2,30.7,30.1,30.9,30.3,30.6,31.1,30.6,30.3,31.1,30.5,31,30.7,30.9,31.3,31.3,31.5,31,63,68,65,66,69,66,64,63,64,73,65,63,66,71,64,72,60,72,64,56,58,57,62,63,63,66,65,70,60,66,66,0,0,0,0,0,0,0,0,0,0.3,0,0,0,0,0,0,0,0,0,0,0,0,0,0,0,0,0,0,0,0,0,17.8,5.4,7.9,13.3,11.8,16.3,16.9,13.5,15.1,30.3,17.5,15,18.4,18.8,16.3,8.3,11.9,23.5,14.5,8.2,12.3,17.7,16.9,16.8,20.6,8.3,6.1,12.7,11,15.1,10,22,10.4,11.2,15.8,13.7,19.4,21.2,16.9,18,38.5,20.9,17.3,22,22.7,20.2,9.4,14.4,31,17.3,10.4,14.8,20.2,20.5,19.8,26.6,9.7,9.4,14.8,15.5,18,13,,,,,,22.2204,114.2127
2026-08-11T12:00,29.7,30,29.8,25.7,28.9,27.4,26.6,29.7,29.4,29.8,30.3,30.2,29,30.3,30,28.9,26.9,30.5,26.2,29.7,29,29.3,29.1,29.6,30.3,28.7,28.5,29.8,29.8,26.9,30.4,30.2,29.3,29.9,28.9,30,28.1,28.4,28.5,30,78,73,74,91,76,84,85,83,71,76,68,72,79,71,66,87,85,73,88,76,70,64,80,73,79,72,79,76,79,88,62,82,74,70,85,69,68,81,64,71,0,0,0,0.6,0,0,0,0,0,0,0,0,0,0,0,0.3,0,0,0.1,0,0,0,0,0,0,0,0,0,0,0,0,0,0,0,0,0,0,0,0,0,2.9,6.5,4.7,15.4,11.6,11.4,5.2,4.6,5.2,5,4,7.9,6.1,2.6,4.7,4.7,8.7,3.6,11.6,4.6,7.3,7.6,3.3,4,1.1,9.1,9.4,8.3,2.5,3.6,4.7,1.9,3.4,8,2.5,3.3,8.5,6.5,8.6,6.7,,,,,,,,,,,,,,,,,,,,,,,,,,,,,,,,,,,,,,,,,30.8,31.2,31.9,30.2,30.2,31.4,30.8,31,31,30.4,30.7,31.3,30.3,30.2,31,30.3,31.2,30.4,30.9,31.4,30.8,30.6,31.2,30.8,31.2,30.9,31.1,31.6,31.5,31.9,31.2,62,67,63,65,68,66,61,63,63,73,66,64,66,72,63,71,59,72,63,54,58,57,62,62,62,65,64,69,59,64,64,0,0,0,0,0,0,0,0,0,0,0,0,0,0,0,0,0,0,0,0,0,0,0,0,0,0,0,0,0,0,0,18,6.7,8.7,13.8,12,17.4,17.3,14.1,14.8,31.7,20,15.7,19.7,20.6,17.9,8,13.4,25,15.3,9,14.5,16.3,17.6,16.6,20.9,9.2,2.5,13.3,12,15.7,11.3,23,11.2,12.6,16.2,14.4,21.2,21.2,17.6,18,40.7,24.1,18.7,23.8,24.8,22,10.1,16.6,32.4,19.4,12.2,16.9,19.8,21.2,20.2,26.3,11.2,8.6,15.8,16.6,19.8,15.1,,,,,,22.2204,114.2127
2026-08-11T13:00,29.7,30.1,29.8,25.7,29,27.7,26.7,29.7,29.5,29.8,30.2,30.3,29.1,30.4,30.2,29,27,30.6,26.2,29.7,29.1,29.5,29.1,29.7,30.3,28.9,28.4,29.8,29.9,27,30.5,30.1,29.3,29.9,29,30,28.2,28.6,28.5,30.1,78,73,75,91,76,84,84,83,71,76,68,73,79,71,67,87,85,73,89,76,70,64,80,74,78,72,79,76,78,88,62,80,73,71,84,69,68,81,64,71,0,0,0,0.6,0,0,0,0,0,0,0,0,0,0,0,0.3,0,0,0.1,0,0,0,0,0,0,0,0,0,0,0,0,0,0,0,0,0,0,0,0,0,2.6,6.5,4.7,15.3,10.4,10.2,5.1,4.6,4.8,5.1,3.6,7.6,5.8,2.9,4.6,5,8.3,3.6,10.5,4.2,6.3,7.1,3,4,1.1,8.1,9.7,8.3,2.8,3.3,4.5,1.8,3.3,7,2.5,2.9,8.7,6.2,8.3,6.3,,,,,,,,,,,,,,,,,,,,,,,,,,,,,,,,,,,,,,,,,30.8,31.4,32,30.4,30.5,31.4,31.2,31.2,31.2,30.4,30.6,31.3,30.4,30.3,31.3,30.4,31.3,30.5,31,31.5,30.9,30.9,31.2,31.1,31.3,31,31.1,31.8,31.5,32.2,31.3,62,65,62,64,66,66,58,63,62,73,67,65,66,72,62,70,58,72,62,53,59,57,61,61,62,64,63,67,59,64,63,0,0,0,0,0,0,0,0,0,0,0,0,0,0,0,0,0,0,0,0,0,0,0,0,0,0,0,0,0,0,0,19.7,8.9,12.3,14.8,12.7,19.9,17.4,15.3,15.5,33.5,24.2,17.8,21.9,21.9,20.4,9.6,15.9,26,18.4,11.3,17.7,13.7,19.3,17.5,21.1,11.7,1.8,15.7,13,18.1,14.7,24.5,13,15.1,16.9,15.5,23.4,20.9,19.1,18,43.9,29.2,21.2,26.6,27,25.2,11.2,19.8,33.5,23,15.1,19.8,18.7,22.7,20.2,25.6,13.7,8.6,17.6,17.6,22.7,18.7,,,,,,22.2204,114.2127
2026-08-11T14:00,29.8,30.1,29.9,25.7,29.1,28,26.9,29.7,29.6,29.8,30,30.3,29.2,30.5,30.3,29,27.1,30.7,26.3,29.7,29.2,29.7,29.1,29.7,30.4,29.1,28.3,29.8,30,27,30.5,30.1,29.3,30,29.1,30.1,28.4,28.7,28.6,30.2,78,73,75,91,76,83,84,83,72,76,67,74,80,70,67,87,85,72,89,76,70,63,80,74,77,73,80,77,76,88,62,79,73,72,84,69,68,81,64,72,0,0,0,0.6,0,0,0,0,0,0,0,0,0,0,0,0.3,0,0,0.1,0,0,0,0,0,0,0,0,0,0,0,0,0,0,0,0,0,0,0,0,0,3.1,6.9,4.7,14.8,9.2,9.4,5.1,4.6,4.7,5.2,3.2,7.3,5.5,3.1,4.6,5.1,8,3.2,9.8,4.2,5.8,6.6,2.9,4,1,7.6,10.1,8.4,3.1,2.6,4.2,2,3.2,6.2,2.5,2.9,8.6,5.9,7.8,5.9,,,,,,,,,,,,,,,,,,,,,,,,,,,,,,,,,,,,,,,,,30.8,31.4,31.9,30.4,30.6,31.3,31.4,31.3,31.3,30.4,30.6,31.3,30.5,30.2,31.4,30.4,31.4,30.5,31,31.6,30.9,31,31.2,31.2,31.4,31.1,31.1,31.9,31.5,32.2,31.3,63,65,63,63,65,68,57,63,62,74,69,67,67,73,62,70,58,73,62,53,60,58,62,61,62,63,62,67,59,64,63,0,0,0,0,0,0,0,0,0,0,0,0,0,0,0,0,0,0,0,0,0,0,0,0,0,0,0,0,0,0,0,22.1,11.7,16.2,16.1,13.7,22.7,17.4,16.9,16.7,34.6,27.8,19.9,24.1,23.2,23.2,12.3,18.6,26.8,21.5,13.8,20.4,12.3,20.9,19.2,21.1,14,5.8,18.2,14.8,20.6,18.5,25.6,15.1,18.4,17.6,16.6,25.6,20.9,20.9,18.7,46.8,32.8,23.4,28.8,29.2,29.2,12.6,22.3,34.2,25.9,17.3,22.3,17.6,24.1,21.2,25.2,15.8,9.4,19.8,19.1,25.6,22,,,,,,22.2204,114.2127
2026-08-11T15:00,29.8,30.1,30,25.8,29.3,28.3,27,29.7,29.7,29.9,29.9,30.3,29.2,30.6,30.4,29,27.2,30.8,26.3,29.7,29.3,29.9,29.1,29.7,30.5,29.3,28.2,29.9,30,27.1,30.6,30.1,29.3,30,29.2,30.2,28.5,28.8,28.6,30.2,77,73,76,91,76,82,83,83,72,76,67,74,80,69,67,87,85,72,90,76,71,63,79,74,76,73,81,77,75,89,63,77,73,73,84,70,68,80,64,72,0,0,0,0.6,0,0,0,0,0,0,0,0,0,0,0,0.3,0,0,0.1,0,0,0,0,0,0,0,0,0,0,0,0,0,0,0,0,0,0,0,0,0,3.3,6.5,4.7,14.7,8,8.3,4.8,4.4,4.2,5.4,3.2,7.2,5,3.1,4.2,5.4,7.6,2.9,8.7,4.2,5.1,6.1,3.1,4,1.3,7.2,10.5,8.5,3.4,2.3,4.2,2,3,5.4,2.9,2.5,8.5,5.8,7.6,5.4,,,,,,,,,,,,,,,,,,,,,,,,,,,,,,,,,,,,,,,,,30.7,31.3,31.6,30.5,30.7,31,31.3,31.2,31.1,30.4,30.5,31.2,30.4,30,31.2,30.5,31.3,30.4,30.9,31.6,30.9,31,31.1,31.1,31.5,31,31,31.8,31.4,32,31,64,66,66,63,64,71,58,64,64,74,71,69,68,75,64,69,60,74,63,55,61,59,63,62,63,63,62,68,59,66,65,0,0,0,0,0,0,0,0,0,0,0,0,0,0,0,0,0,0.1,0,0,0,0,0,0,0,0,0,0,0,0,0,22.5,15.1,19.4,16.9,14.7,24.3,17.7,19,18.6,34.9,28.8,21.7,25.4,24.2,26.2,13.7,20.2,27.2,23,15.6,21.7,12.1,21.7,21,20.9,16,9.6,19.9,17.2,23.1,21.5,25.9,18.7,22.3,18,17.3,27.4,22,23,20.9,48.2,34.6,25.2,29.9,31,34.2,13.7,23.4,34.9,27.4,18.4,24.1,16.9,24.8,23.8,24.8,18,11.2,21.6,21.6,28.1,25.2,,,,,,22.2204,114.2127
2026-08-11T16:00,29.9,30.1,30,25.8,29.4,28.6,27.2,29.7,29.9,29.9,29.8,30.4,29.3,30.7,30.6,29,27.3,31,26.4,29.7,29.4,30,29.1,29.7,30.5,29.5,28.1,29.9,30,27.1,30.7,30.1,29.4,30.1,29.3,30.3,28.5,29,28.6,30.3,77,73,76,91,76,82,83,83,73,76,67,75,81,68,67,86,85,71,90,77,71,62,79,75,75,73,81,78,73,89,63,76,73,74,83,70,68,80,63,72,0,0,0,0.6,0,0,0,0,0,0,0,0,0,0,0,0.3,0,0,0.1,0,0,0,0,0,0,0,0,0,0,0,0,0,0,0,0,0,0,0,0,0,3.9,6.5,4.6,14.5,6.5,7.6,4.8,4.5,3.8,5.8,2.9,7.1,5,3.3,4.2,5.9,7.7,2.5,7.6,4.1,4.7,5.6,3.1,4,1.5,6.6,10.9,8.9,3.9,2.1,4.1,2.3,3.1,4.8,2.9,2.7,8.6,5.8,7.3,5,,,,,,,,,,,,,,,,,,,,,,,,,,,,,,,,,,,,,,,,,30.7,31,31.1,30.4,30.6,30.7,31,31,30.8,30.4,30.4,30.9,30.3,29.7,30.8,30.6,31.1,30.3,30.6,31.5,30.9,30.8,31.1,30.8,31.5,30.9,30.8,31.5,31.3,31.5,30.6,66,67,71,64,64,74,60,64,66,74,73,71,70,77,68,69,63,75,64,59,62,60,65,64,65,64,63,69,59,69,69,0,0,0,0,0,0,0,0,0,0,0,0,0,0,0,0,0,0.1,0,0,0,0,0,0,0,0,0,0,0,0,0,21.7,19.3,22.5,17.3,15.7,25.5,19.4,22.1,20.9,34.4,28.1,23.5,26.2,25.4,29.6,14.3,21.2,27.5,23.7,17.1,21.9,13.7,22,22.9,20.8,17.6,12.9,21.2,20.1,25.3,23.5,25.9,23.4,26.6,18.4,18.4,29.5,23.8,25.2,24.1,49,35.3,27.4,30.6,32.4,40.3,14.8,23.8,35.6,28.1,19.4,25.2,16.2,25.2,26.6,24.8,19.8,14,23.4,24.8,30.6,28.1,,,,,,22.2204,114.2127
2026-08-11T17:00,29.9,30.2,30.1,25.8,29.5,28.9,27.3,29.7,29.9,29.9,29.7,30.4,29.4,30.8,30.7,29,27.4,31,26.4,29.7,29.5,30.2,29.1,29.8,30.6,29.6,28,29.9,30.1,27.2,30.8,30.1,29.4,30.1,29.4,30.3,28.6,29.1,28.6,30.4,76,73,76,91,76,81,82,83,73,77,67,76,82,68,68,86,85,71,91,77,71,62,79,75,74,74,82,78,72,89,64,75,73,75,83,70,69,80,63,73,0,0,0,0.6,0,0,0,0,0,0,0,0,0,0,0,0.3,0,0,0.1,0,0,0,0,0,0,0,0,0,0,0,0,0,0,0,0,0,0,0,0,0,4.3,6.5,4.7,14.4,5.8,6.5,4.8,4.5,3.3,6.1,2.5,7.1,4.9,3.6,4.1,5.9,7.3,2.5,6.6,3.8,4.9,5.2,3.1,4,1.8,6.5,11.4,9.1,4.2,2.5,4.3,2.6,3.2,4.3,2.9,2.9,8.8,5.7,6.8,4.7,,,,,,,,,,,,,,,,,,,,,,,,,,,,,,,,,,,,,,,,,30.5,30.7,30.6,30.2,30.5,30.3,30.7,30.7,30.4,30.2,30.3,30.6,30.2,29.3,30.5,30.5,30.8,30,30.3,31.2,30.7,30.5,30.9,30.5,31.4,30.8,30.6,31.2,31,31,30.2,69,69,75,66,64,77,63,66,69,75,74,73,72,79,71,70,67,77,66,63,63,62,68,66,66,65,65,71,61,72,72,0,0,0,0,0,0,0,0,0,0,0,0,0,0,0,0,0,0.1,0,0,0,0,0,0,0,0,0,0,0,0,0,21.7,21.9,23.7,18.2,16.4,26,21.7,24.6,22.2,34.1,27.2,24.9,26.7,26,32,14.6,21.9,27.5,23.7,18.1,22.1,15.3,22.7,24,21,18.6,15.5,22,22.7,26.6,24.6,27,26.6,29.5,19.4,19.1,31.3,25.2,27.7,25.9,49.3,35.6,29.5,31.7,33.5,44.6,15.5,24.8,36,28.8,20.2,25.9,16.2,26.6,28.8,25.2,20.9,16.6,24.8,27.4,32.8,30.2,,,,,,22.2204,114.2127
2026-08-11T18:00,29.9,30.2,30.2,25.9,29.6,29.1,27.4,29.7,30,30,29.6,30.4,29.4,30.9,30.8,29,27.4,31.1,26.5,29.7,29.6,30.3,29.1,29.8,30.6,29.8,27.9,29.9,30.1,27.2,30.8,30,29.4,30.1,29.5,30.4,28.7,29.2,28.6,30.4,76,73,77,91,77,80,81,83,74,77,67,77,82,67,68,86,85,71,91,77,71,62,80,75,74,74,82,78,71,90,64,74,73,76,82,70,69,80,63,73,0,0,0,0.6,0,0,0,0,0,0,0,0,0,0,0,0.3,0,0,0.1,0,0,0,0,0,0,0,0,0,0,0,0,0,0,0,0,0,0,0,0,0,5,6.5,4.7,14.3,4.8,5.9,4.8,4.7,2.9,6.3,2.2,7.2,4.8,3.9,4.1,6.3,7,2.2,5.5,3.8,5.1,4.7,3.4,3.7,2.2,6.4,11.8,9.2,4.2,2.9,4.3,2.4,3.6,4.1,3,2.8,8.9,5.9,6.5,4.3,,,,,,,,,,,,,,,,,,,,,,,,,,,,,,,,,,,,,,,,,30.1,30.3,30.1,29.8,30.1,29.9,30.2,30.3,30.1,30,30.1,30.2,29.9,29,30.2,30.1,30.4,29.7,29.9,30.8,30.4,30,30.5,30.1,31.2,30.5,30.1,30.8,30.6,30.6,29.8,73,71,78,69,66,79,68,69,71,77,75,76,74,81,73,73,71,79,69,68,66,66,72,68,67,65,68,73,65,75,75,0,0,0,0,0,0,0,0,0,0,0.3,0,0,0,0,0.1,0,0.2,0,0,0,0,0,0,0,0,0,0,0,0,0,23.3,21.9,22.7,19.7,16.8,26.3,22.4,25.5,21.7,33.8,26.5,25.3,26.5,25.9,33,14.7,22.4,27.1,23.1,18.4,21.9,16.1,23.7,23.7,21.5,17.9,17.1,22,23,26.4,24.1,30.2,28.1,29.2,22.7,19.8,33.1,26.3,29.9,25.9,49.7,35.3,32.4,33.5,34.2,46.8,16.6,27,36.4,29.5,21.2,25.9,17.3,29.9,29.2,26.3,20.5,18.7,25.6,28.8,34.6,30.6,,,,,,22.2204,114.2127
2026-08-11T19:00,29.9,30.1,30.2,25.9,29.7,29.3,27.5,29.6,30,30,29.5,30.4,29.5,30.9,30.9,29,27.5,31.2,26.5,29.7,29.6,30.4,29.1,29.8,30.6,29.9,27.9,29.9,30.1,27.3,30.8,30,29.4,30.2,29.6,30.4,28.7,29.3,28.6,30.4,76,74,77,91,77,79,81,83,74,77,67,77,83,67,68,86,85,71,92,77,72,62,80,76,73,75,83,79,70,90,65,73,73,77,82,71,69,80,63,73,0,0,0,0.6,0,0,0,0,0,0,0,0,0,0,0,0.3,0,0,0.1,0,0,0,0,0,0,0,0,0,0,0,0,0,0,0,0,0,0,0,0,0,5.2,6.5,4.8,14.2,4.2,5.6,4.8,4.7,2.5,6.5,1.8,7.1,4.8,4.2,3.8,6.7,7,1.8,4.8,3.8,5.4,4.6,3.5,3.8,2.5,6.5,12.1,9.4,4.5,3.6,4.6,2.7,3.6,4.1,3.3,3.1,9.2,5.9,6.3,4.4,,,,,,,,,,,,,,,,,,,,,,,,,,,,,,,,,,,,,,,,,29.6,29.8,29.6,29.2,29.6,29.4,29.7,29.8,29.7,29.6,30,29.7,29.5,28.7,30.1,29.5,29.9,29.4,29.5,30.2,29.9,29.5,30,29.8,30.9,30.1,29.5,30.5,30,30.2,29.4,77,74,81,73,68,81,73,72,73,79,75,79,76,84,74,77,76,81,72,73,69,70,76,70,68,65,71,75,70,78,79,0,0,0,0,0,0,0,0,0,0,0.3,0,0,0,0,0.1,0,0.2,0,0,0,0,0,0,0,0,0,0,0,0,0,25.1,20.9,20.2,20.8,17.1,26.1,21.8,25.3,19.9,33.1,25.1,25.5,26.4,25.2,33.1,14.7,22.4,26.3,22.3,18.7,21.2,16.5,25.1,21.9,21.8,16.5,17.6,21.3,22.3,25.6,22.3,34.2,28.1,27.4,27,20.5,34.9,27.7,32,24.8,49.7,34.6,35.6,35.6,34.6,47.5,17.3,29.9,36.4,29.9,22.7,25.6,19.1,34.2,28.4,27.7,19.1,20.9,25.6,29.9,36.4,30.2,,,,,,22.2204,114.2127
2026-08-11T20:00,29.9,30.1,30.3,25.9,29.8,29.5,27.6,29.6,30,30,29.4,30.4,29.5,30.9,30.9,29,27.5,31.2,26.6,29.7,29.7,30.4,29,29.8,30.6,30,27.8,29.9,30.1,27.3,30.8,30,29.3,30.2,29.6,30.5,28.6,29.3,28.5,30.4,76,74,77,91,77,79,81,83,74,77,68,78,83,67,69,86,85,71,92,77,72,62,80,76,73,75,83,79,70,90,66,73,73,78,82,71,70,80,63,73,0,0,0,0.6,0,0,0,0,0,0,0,0,0,0,0,0.3,0,0,0.1,0,0,0,0,0,0,0,0,0,0,0,0,0,0,0,0,0,0,0,0,0,5.6,6.5,4.8,13.9,4,5.2,4.8,4.7,2.5,6.5,1.8,7.4,5.1,4.2,3.8,6.7,7,1.8,4.1,3.8,5.5,4.1,3.9,3.8,2.5,6.4,12.1,9.4,4.5,4,4.6,2.7,3.8,4.1,3.3,3.1,8.9,6.1,6,4.4,,,,,,,,,,,,,,,,,,,,,,,,,,,,,,,,,,,,,,,,,29.2,29.4,29.2,28.7,29.2,29.1,29.3,29.4,29.4,29.4,29.9,29.4,29.2,28.5,30,29,29.5,29.1,29.1,29.7,29.5,29,29.6,29.4,30.7,29.8,29.1,30.1,29.6,29.9,29,80,76,83,77,71,82,78,75,75,81,75,81,78,86,74,80,79,83,75,77,72,74,79,72,69,66,73,77,74,80,81,0,0,0,0,0,0,0,0,0,0,0.3,0,0,0,0,0.1,0,0.2,0,0,0,0,0,0,0,0,0,0,0,0,0,27.4,20,18.6,21.7,17.2,26.2,21.5,24.9,18.6,32.3,24.2,25.8,26.3,24.5,32.3,14.7,21.9,26.3,21.3,18.2,20.5,17.1,25.7,20.7,21.7,15.5,18.1,20.9,21.8,24.8,21.2,37.8,28.4,26.6,29.9,21.6,36.4,28.4,34.2,24.1,49,33.1,37.8,37.8,34.6,47.2,17.6,31.3,37.4,29.9,23,25.6,20.5,37.1,27.7,28.4,18.4,22.3,25.6,30.6,37.8,29.9,,,,,,22.2204,114.2127
2026-08-11T21:00,29.8,30.1,30.3,25.9,29.8,29.6,27.6,29.6,30,30,29.3,30.4,29.5,30.8,30.9,28.9,27.5,31.1,26.6,29.7,29.7,30.4,29,29.8,30.6,30,27.8,29.9,30,27.3,30.8,29.9,29.3,30.2,29.7,30.5,28.5,29.3,28.4,30.4,76,74,77,91,77,79,81,83,74,77,69,79,83,67,70,86,85,71,92,77,72,63,80,76,73,75,83,79,70,90,67,73,73,79,82,71,71,80,63,73,0,0,0,0.1,0,0,0,0,0,0,0,0,0,0,0,0.3,0,0,0.1,0,0,0,0,0,0,0,0,0,0.1,0.5,0,0,0,0,0,0,0,0,0,0,5.6,6.5,4.8,13.6,3.9,5.2,4.8,4.7,2.5,6.5,1.8,7.4,5.1,4.2,3.8,6.7,7,1.8,3.4,3.8,5.8,3.7,4.2,3.8,2.5,6.4,12.1,9.4,4.5,4.4,4.6,2.7,3.8,3.9,3.3,3.1,8.7,6.1,5.7,4.4,,,,,,,,,,,,,,,,,,,,,,,,,,,,,,,,,,,,,,,,,29,29.2,29,28.5,28.9,29,29.1,29.2,29.1,29.4,29.8,29.3,29.1,28.3,30,28.6,29.3,28.9,28.9,29.3,29.2,28.8,29.4,29.2,30.4,29.6,28.9,29.9,29.4,29.6,28.9,82,78,84,79,74,83,80,76,77,80,75,82,79,87,74,82,80,83,77,80,75,77,81,74,71,67,74,78,76,81,82,0.1,0,0.1,0,0,0,0,0,0,0.1,0.2,0,0.2,0,0,0.2,0,0.4,0,0,0,0,0,0,0,0,0,0,0,0,0,29.3,19.8,19.6,20.4,17.9,25.5,20.8,25,18.1,31,23,24.7,26.9,23.5,30.9,14.5,20.9,27.8,20,17.1,19.8,17.6,25.2,19.7,21.6,15.3,18.1,20.3,21.9,24.8,20.3,40.3,29.5,28.1,29.2,23,37.1,28.8,36,23.8,46.4,31,37.4,40.3,33.8,45.4,17.3,31,40.3,28.4,22,25.6,21.6,37.1,27.4,28.1,18,23.4,25.6,31.7,39.2,29.9,,,,,,22.2204,114.2127
2026-08-11T22:00,29.7,30,30.4,25.8,29.8,29.6,27.6,29.6,29.8,29.9,29.2,30.3,29.4,30.7,30.9,28.8,27.5,31.1,26.6,29.7,29.7,30.3,28.9,29.9,30.5,30,27.9,29.9,29.9,27.3,30.7,29.9,29.2,30.2,29.7,30.5,28.4,29.3,28.3,30.3,77,75,77,91,78,78,81,83,74,78,70,79,84,68,71,86,84,72,93,77,73,64,81,76,73,76,83,80,71,90,68,74,74,80,82,72,72,81,63,72,0,0,0,0.1,0,0,0,0,0,0,0,0,0,0,0,0.3,0,0,0.1,0,0,0,0,0,0,0,0,0,0.1,0.5,0,0,0,0,0,0,0,0,0,0,5.5,6.5,4.7,13.3,3.9,5.2,5.1,4.5,2.5,6.5,1.4,7.7,5.4,3.9,3.4,7.1,7.3,1.8,3,3.8,5.5,3.7,4.2,3.8,2.5,6.1,12,9.2,4.5,4.7,4.8,2.7,3.8,3.9,3.7,3.1,8.4,6.1,5.7,4.7,,,,,,,,,,,,,,,,,,,,,,,,,,,,,,,,,,,,,,,,,28.9,29.1,29,28.3,28.7,29,29,29.1,29,29.5,29.7,29.3,29.2,28.2,30.2,28.4,29.2,28.9,28.8,29,29,28.7,29.2,29,30.2,29.5,28.8,29.7,29.4,29.5,28.8,83,81,85,81,77,83,81,77,78,79,74,81,79,88,72,83,80,83,78,82,78,79,82,76,73,69,74,79,78,82,82,0.1,0,0.1,0,0,0,0,0,0,0.1,0.2,0,0.2,0,0,0.2,0,0.4,0,0,0,0,0,0,0,0,0,0,0,0,0,30.8,20,21.1,18.6,18.7,24.7,20.2,24.7,17.6,29.2,22,22.8,27.8,22.2,29.6,14,19.7,30.1,18.6,15.5,19.4,17.8,24,18.9,20.9,15.5,18.1,19.5,22.4,25.2,19.7,42.5,30.6,30.6,27,24.5,37.8,28.4,37.4,23.8,42.8,28.4,35.6,42.8,32.4,42.8,16.2,29.2,43.9,26.6,19.8,25.9,22.3,36,27,27.4,18,23.8,25.6,32.4,40.3,30.2,,,,,,22.2204,114.2127
2026-08-11T23:00,29.7,29.9,30.5,25.8,29.8,29.6,27.5,29.6,29.7,29.9,29.1,30.3,29.4,30.6,30.9,28.7,27.5,31,26.7,29.7,29.6,30.2,28.8,29.9,30.5,30,27.9,29.9,29.9,27.3,30.6,29.9,29.1,30.2,29.7,30.5,28.1,29.3,28.2,30.1,77,76,77,91,78,78,81,84,74,78,72,80,84,69,71,87,84,73,93,77,74,65,81,77,74,76,83,80,72,91,70,74,75,81,82,72,73,82,63,72,0,0,0,0.1,0,0,0,0,0,0,0,0,0,0,0,0.3,0,0,0.1,0,0,0,0,0,0,0,0,0,0.1,0.5,0,0,0,0,0,0,0,0,0,0,5.2,6.2,4.6,13.3,4.2,5.2,5.1,4.7,2.5,6.3,1.5,7.4,5.9,3.9,3.4,7,7.3,1.8,2.3,3.8,5.5,3.3,4.7,3.4,2.2,5.9,11.9,9.1,4.5,5.4,4.8,2.6,3.8,3.9,3.7,3.1,8.4,6.4,5.4,5,,,,,,,,,,,,,,,,,,,,,,,,,,,,,,,,,,,,,,,,,28.8,29,28.9,28.1,28.6,29,28.8,29.1,28.8,29.5,29.7,29.3,29.3,28.1,30.3,28.2,29.1,28.8,28.7,28.8,28.8,28.5,29.2,28.9,30,29.3,28.7,29.5,29.4,29.4,28.8,84,82,85,83,79,83,82,78,79,78,74,81,78,89,71,84,80,83,79,84,81,81,82,78,74,71,74,79,78,82,82,0.1,0,0.1,0,0,0,0,0,0,0.1,0.2,0,0.2,0,0,0.2,0,0.4,0,0,0,0,0,0,0,0,0,0,0,0,0,31.9,20.5,22.7,17.3,18.9,24.6,20.6,24.8,17.6,27.7,21.1,21.8,28,21.3,28.8,13.7,19.1,31.9,17.8,14.6,19.6,18.1,23.4,18.7,20.3,16.4,18.2,19.2,23.2,25.7,19.8,43.9,31.3,33.1,25.6,25.2,38.5,29.2,38.5,24.5,39.6,27,34.6,43.9,31.7,40.7,15.8,28.4,46.4,25.6,19.1,27.4,23.8,35.3,27.7,26.6,19.1,24.5,25.9,33.8,41.4,31,,,,,,22.2204,114.2127
2026-08-12T00:00,29.5,29.8,30.5,25.8,29.7,29.6,27.5,29.5,29.5,29.9,29,30.2,29.3,30.5,30.8,28.6,27.5,30.9,26.7,29.7,29.6,30.1,28.6,29.9,30.4,30,28,29.9,29.7,27.2,30.5,29.8,29,30.2,29.7,30.4,27.9,29.3,28,30,78,77,77,90,79,77,82,84,74,79,74,81,84,70,72,87,83,74,93,77,75,67,82,77,74,76,83,80,73,91,72,75,76,82,82,72,74,82,63,71,0,0,0,0.1,0,0,0,0,0,0,0,0,0,0,0,0.3,0,0,0.1,0,0,0,0,0,0,0,0,0,0.1,0.5,0,0,0,0,0,0,0,0,0,0,5.2,6.1,4.8,12.8,4.2,5.4,5.4,4.6,2.5,6.1,1.5,7.3,5.9,3.4,3.2,7,8,1.9,1.8,3.8,5.2,2.9,4.8,3.4,2.2,5.7,11.5,9,4.2,5.8,5.1,2.6,3.8,3.6,3.7,2.8,7.9,6.1,5.4,5.8,,,,,,,,,,,,,,,,,,,,,,,,,,,,,,,,,,,,,,,,,28.8,29,28.7,28,28.4,28.9,28.6,29,28.7,29.3,29.6,29.2,29.4,28,30.2,28.2,29,28.6,28.6,28.5,28.6,28.4,29.2,28.9,29.9,29,28.5,29.4,29.4,29.3,28.6,84,82,86,85,81,83,84,79,80,78,74,81,77,89,69,84,81,84,80,86,83,82,81,79,74,75,75,79,77,82,83,0.1,0,0,0,0,0,0,0,0,0.2,0.2,0.2,0.3,0,0,0.4,0,1.4,0,0,0,0,0,0.1,0,0,0,0,0,0.3,0,31.9,21.3,23.3,18.1,18,25.5,22.5,25,18.4,26.6,20.6,22.6,27.4,20.5,27.6,13.1,19.7,32.8,18.9,15,20.7,19.5,24.3,19.9,19.9,17.7,18.5,19,25,26.9,20.8,44.6,32,35.3,27,24.1,40.3,31.3,38.5,26.6,37.4,27.7,34.9,42.1,31.7,39.2,16.2,29.9,47.2,27,21.2,31,27,37.1,30.6,25.9,23,25.9,27,36.7,42.8,33.1,,,,,,22.2204,114.2127
2026-08-12T01:00,29.4,29.7,30.6,25.8,29.7,29.5,27.4,29.5,29.3,29.8,28.9,30.1,29.2,30.3,30.7,28.5,27.4,30.7,26.8,29.7,29.5,30,28.5,29.9,30.3,29.9,28.1,29.9,29.6,27.2,30.4,29.8,28.8,30.2,29.7,30.4,27.6,29.2,27.8,29.8,79,78,76,90,80,77,82,84,74,79,76,81,84,71,74,88,82,75,93,77,75,69,83,77,75,77,83,81,74,91,74,77,77,83,82,73,75,83,63,70,0,0,0,0.1,0,0,0,0,0,0,0,0,0,0,0,0.3,0,0,0.1,0,0,0,0,0,0,0,0,0,0.1,0.5,0,0,0,0,0,0,0,0,0,0,4.5,6.1,4.7,12.5,4.5,5.8,5.4,4.6,2.5,6,1.6,7.4,6.3,3.1,3.2,6.9,8.3,1.9,1.1,3.8,5.1,2.9,4.8,3.3,1.8,5.5,11.6,8.6,4.2,6.1,5.2,2.6,3.6,3.6,3.7,3.1,7.7,6.2,5.1,6.2,,,,,,,,,,,,,,,,,,,,,,,,,,,,,,,,,,,,,,,,,28.8,29.1,28.5,27.8,28.2,28.8,28.3,28.9,28.7,29.1,29.6,29.1,29.7,27.9,30.1,28.2,28.8,28.4,28.6,28.4,28.5,28.2,29.4,28.9,29.9,28.7,28.3,29.4,29.6,29.3,28.5,83,81,87,87,82,83,85,80,80,79,74,82,75,89,66,83,82,84,80,87,84,83,79,78,72,79,77,79,75,82,84,0.1,0,0,0,0,0,0,0,0,0.2,0.2,0.2,0.3,0,0,0.4,0,1.4,0,0,0,0,0,0.1,0,0,0,0,0,0.3,0,31.2,22.5,23.4,19.5,16.3,27.2,25.4,25.1,19.8,25.9,20.6,24.1,26.2,20.1,26.4,13.3,20.9,33.4,20.9,16.1,22.2,21.2,25.7,21.9,19.6,19.2,19.2,19.2,26.8,28.5,22.6,44.3,32.4,37.8,29.2,22,42.1,33.8,38.2,29.9,36,29.9,36,38.5,32.4,38.5,16.9,32.4,46.8,29.2,24.5,35.6,31.3,39.2,34.6,24.8,28.1,27,28.4,40.3,44.3,35.6,,,,,,22.2204,114.2127
2026-08-12T02:00,29.3,29.6,30.7,25.7,29.6,29.5,27.3,29.5,29.1,29.8,28.8,30.1,29.1,30.1,30.6,28.3,27.4,30.6,26.8,29.7,29.5,29.8,28.4,30,30.2,29.9,28.2,29.8,29.5,27.2,30.3,29.8,28.7,30.2,29.7,30.4,27.4,29.2,27.6,29.6,80,79,76,90,80,77,83,84,73,80,78,82,84,72,75,88,82,76,93,77,76,70,83,77,76,77,83,81,76,91,76,78,78,83,83,73,76,84,63,69,0,0,0,0.1,0,0,0,0,0,0,0,0,0,0,0,0.3,0,0,0.1,0,0,0,0,0,0,0,0,0,0.1,0.5,0,0,0,0,0,0,0,0,0,0,4.1,5.8,4.7,12,5,6.1,5.9,4.9,2.9,5.8,1.6,7.8,6.8,2.5,3.2,7.2,8.6,1.9,0.7,3.8,5.1,2.5,5.3,3.3,1.5,5.2,11.4,8.5,4.2,6.5,5.3,2.6,3.3,3.3,3.6,2.9,6.9,6.3,5.1,6.9,,,,,,,,,,,,,,,,,,,,,,,,,,,,,,,,,,,,,,,,,28.8,29.1,28.4,27.7,28,28.8,28,28.8,28.7,28.9,29.6,29,29.7,27.9,30,28.2,28.8,28.2,28.6,28.2,28.5,28.1,29.5,29,29.9,28.5,28.1,29.3,29.6,29.3,28.4,82,81,87,88,83,83,86,80,80,80,75,82,74,89,65,82,83,85,80,88,84,84,78,78,71,83,79,80,74,82,85,0.1,0,0,0,0,0,0,0,0,0.2,0.2,0.2,0.3,0,0,0.4,0,1.4,0,0,0,0,0,0.1,0,0,0,0,0,0.3,0,29.5,22.8,23.5,20.1,14.7,28.2,27.2,25,20.3,24.6,21,25,25.3,19.9,25.6,13.5,21.5,33.4,21.5,16.5,24.1,21.4,26.4,23.1,19.2,20.6,19,19.5,27.2,29.1,23.5,42.5,32,38.9,29.9,19.8,43.2,35.6,37.4,31.3,34.2,31.3,36.4,35.3,32.8,38.2,16.9,32.8,46.1,29.5,25.9,39.2,32,40.3,36.7,23.8,31.7,27.4,29.5,41,43.9,36.7,,,,,,22.2204,114.2127
2026-08-12T03:00,29.2,29.5,30.8,25.7,29.6,29.4,27.2,29.4,28.9,29.7,28.7,30,29,30,30.6,28.2,27.3,30.4,26.9,29.7,29.4,29.6,28.3,30,30.1,29.8,28.3,29.8,29.4,27.2,30.2,29.7,28.6,30.2,29.7,30.3,27.1,29.1,27.4,29.4,81,79,76,89,81,76,83,85,73,81,80,83,84,74,76,88,81,77,93,77,77,72,84,77,76,78,82,82,77,91,77,79,79,84,83,73,77,85,63,68,0,0,0,0.1,0,0,0,0,0,0,0,0,0,0,0,0.3,0,0,0.1,0,0,0,0,0,0,0,0,0,0.1,0.5,0,0,0,0,0,0,0,0,0,0,3.8,5.8,4.7,11.5,5.4,6.9,5.9,5,2.9,5.6,1.8,8,7.3,2.3,3.1,7.2,9,1.9,0.4,3.8,4.8,2.2,5.5,3,1.1,4.9,11.5,8.4,3.9,7.3,5.5,2.5,3.1,3.4,4,2.9,6.7,6.1,4.8,7.4,,,,,,,,,,,,,,,,,,,,,,,,,,,,,,,,,,,,,,,,,28.8,29,28.5,27.6,27.9,28.7,27.9,28.8,28.7,28.8,29.4,29,29.5,27.8,29.7,28.3,28.8,28.1,28.7,28.2,28.5,28,29.4,29.1,29.9,28.3,27.9,29.1,29.6,29.4,28.4,82,81,86,89,83,83,86,80,80,80,76,82,75,89,67,81,82,85,79,88,83,84,78,77,69,85,81,81,75,81,85,0.1,0,0.3,0,0,0.1,0,0.1,0,0,0.1,0.1,0.1,0,0,0.2,0.1,0.7,0,0,0,0.2,0.1,0.2,0,0,0,0,0,0.2,0,26.5,22.3,23.4,18.9,13.7,27.9,27.4,25.1,20,23.4,20.9,24.3,24.3,19.9,25.7,12.5,20.3,32.3,19.3,15.6,25.3,18.4,25.6,22.8,17.6,21.3,18.2,20,24.1,28.2,23.4,38.5,30.6,38.5,27.7,18.4,42.8,36,36.7,29.9,32,31.7,34.9,33.1,32.4,38.5,16.2,29.5,45,25.6,24.1,40.7,27.4,38.5,35.3,22.7,32.4,25.9,29.9,36.4,40.7,35.3,,,,,,22.2204,114.2127
2026-08-12T04:00,29.1,29.4,30.8,25.7,29.5,29.4,27.2,29.4,28.7,29.7,28.6,30,28.9,29.8,30.5,28.1,27.3,30.3,26.9,29.7,29.3,29.5,28.1,30,30,29.7,28.3,29.8,29.2,27.2,30,29.7,28.5,30.2,29.7,30.3,26.8,29.1,27.3,29.2,81,80,75,89,82,76,84,85,73,81,82,83,84,75,77,89,81,78,93,77,78,74,85,77,77,78,82,82,79,91,79,80,80,85,83,74,78,86,63,67,0,0,0,0.1,0,0,0,0,0,0,0,0,0,0,0,0.3,0,0,0.1,0,0,0,0,0,0,0,0,0,0.1,0.5,0,0,0,0,0,0,0,0,0,0,3.4,5.8,5.2,11.3,5.6,7.3,5.9,5.3,2.9,5.5,1.8,8.1,7.5,2.1,3.1,7.2,9.4,1.9,0.5,3.8,4.9,2.2,5.7,2.9,0.8,4.8,11.9,8.3,3.9,7.7,6,2.5,3.1,3.2,4,2.7,6.3,6.3,4.8,8.2,,,,,,,,,,,,,,,,,,,,,,,,,,,,,,,,,,,,,,,,,28.8,28.8,28.6,27.6,27.9,28.7,27.9,28.9,28.8,28.7,29.2,29.1,29.2,27.8,29.4,28.4,28.9,28,28.9,28.2,28.7,27.9,29.3,29.1,29.9,28.3,27.7,28.9,29.5,29.4,28.4,81,82,85,88,82,84,86,79,80,80,77,81,76,89,71,80,81,85,77,88,82,84,79,76,67,85,82,83,76,80,84,0.1,0,0.3,0,0,0.1,0,0.1,0,0,0.1,0.1,0.1,0,0,0.2,0.1,0.7,0,0,0,0.2,0.1,0.2,0,0,0,0,0,0.2,0,22.5,20.8,23.3,16.8,12.8,27.2,26.3,25.6,19.1,22.1,21.1,22.9,23.6,19.9,26.6,11.6,18.4,30.6,15.5,14.3,26.4,13.7,24.3,21.7,15.7,21.3,16.7,20.3,19.8,26.2,22.1,33.1,28.1,37.4,24.1,16.9,41.4,35.6,36,26.6,29.9,31.7,32.8,31.3,32,39.6,15.1,24.1,43.6,19.8,20.5,41,19.4,35.6,32.4,22,32,23,30.2,29.2,36,32.4,,,,,,22.2204,114.2127
2026-08-12T05:00,29,29.3,30.9,25.7,29.5,29.3,27.1,29.4,28.5,29.7,28.6,29.9,28.9,29.7,30.4,28,27.2,30.2,27,29.7,29.3,29.4,28,30,29.9,29.7,28.4,29.8,29.1,27.2,29.9,29.7,28.3,30.2,29.6,30.3,26.6,29,27.2,29.1,82,81,75,89,82,76,84,85,73,82,84,84,84,76,77,89,80,79,93,77,78,75,85,77,78,78,82,82,80,91,80,81,81,86,83,74,79,87,63,67,0,0,0,0.1,0,0,0,0,0,0,0,0,0,0,0,0.3,0,0,0.1,0,0,0,0,0,0,0,0,0,0.1,0.5,0,0,0,0,0,0,0,0,0,0,3,5.4,5.4,10.8,5.9,7.8,6.4,5.5,3,5.4,2,8.4,8.2,1.6,2.8,7.2,9.8,1.9,0.8,3.8,4.7,1.8,5.7,2.9,0.8,5.1,11.9,7.9,3.6,7.8,6.3,2.5,2.9,3.4,4,3.1,5.8,6.5,4.6,8.7,,,,,,,,,,,,,,,,,,,,,,,,,,,,,,,,,,,,,,,,,28.9,28.7,28.7,27.6,28,28.8,27.9,28.9,28.9,28.7,29.1,29.1,29,27.8,29.2,28.6,29.1,28.1,29,28.2,28.8,27.9,29.3,29.2,29.9,28.3,27.7,28.8,29.4,29.5,28.5,80,82,84,88,81,83,85,79,79,79,78,81,77,89,73,79,79,85,75,87,81,83,79,75,66,85,83,84,77,79,83,0.1,0,0.3,0,0,0.1,0,0.1,0,0,0.1,0.1,0.1,0,0,0.2,0.1,0.7,0,0,0,0.2,0.1,0.2,0,0,0,0,0,0.2,0,19.2,19.5,23,14.5,12.1,26.4,25.3,25.1,18.2,20.3,20.7,21.3,22.8,20.2,27,11.5,16.2,29.1,12.6,12.5,26.6,9.5,22.9,21.1,14.8,21.3,15.3,20.2,16.2,24,20.4,28.1,25.6,35.6,20.2,15.5,39.2,34.9,34.9,23.8,27.4,30.6,30.2,29.9,32,40.3,14,19.8,42.1,15.1,16.6,39.6,12.6,32.8,29.9,21.2,31,20.5,29.2,23,31.7,28.8,,,,,,22.2204,114.2127
2026-08-12T06:00,28.9,29.2,30.9,25.8,29.4,29.3,27,29.4,28.3,29.6,28.5,29.9,28.8,29.5,30.4,27.9,27.2,30,27,29.7,29.2,29.2,27.9,30.1,29.8,29.6,28.5,29.8,29,27.2,29.8,29.6,28.2,30.2,29.6,30.2,26.4,29,27,28.9,83,82,75,89,83,75,85,86,72,82,86,84,84,77,78,90,80,80,93,77,79,77,86,77,78,78,82,83,81,91,82,83,82,86,83,74,80,87,63,66,0,0,0,0.1,0,0,0,0,0,0,0,0,0,0,0,0.3,0,0,0.1,0,0,0,0,0,0,0,0,0,0.1,0.5,0,0,0,0,0,0,0,0,0,0,2.6,5.4,5.5,10.3,6.3,8.2,6.4,5.7,3,5.1,2.3,8.4,8.5,1.5,2.8,7.2,10.2,1.9,1,3.8,4.8,1.9,6.2,2.9,0.5,5,12.3,7.9,3.6,8.2,6.6,2.5,2.9,3.3,4,3,5.6,6.4,4.1,9.1,,,,,,,,,,,,,,,,,,,,,,,,,,,,,,,,,,,,,,,,,29.2,28.7,28.7,27.6,28.1,29,27.9,28.8,29.1,28.8,29.2,29,29,27.9,29.1,28.7,29.3,28.3,29.2,28.4,29,28.1,29.3,29.2,29.8,28.5,27.8,28.8,29.5,29.5,28.6,78,82,84,87,80,81,85,79,77,77,77,81,76,89,72,78,77,84,73,86,80,81,79,75,65,84,82,84,77,78,81,0.1,0,0.1,0,0,0.1,0,0,0,0,0.3,0,0.1,0,0,0,0,0.6,0,0,0,0,0,0.1,0,0.2,0,0,0,0,0,17.3,18.5,22.4,12.2,10.6,24.9,24.8,23.7,16.8,17.5,19.9,19.7,22.5,20.7,26.3,11.4,14.5,28,11.1,9.5,24.3,6.5,21.9,20.8,15.3,21.1,14.2,19.2,14.4,22.1,17.1,24.5,23.4,33.8,16.6,13.7,36,34.2,33.5,21.2,23.4,28.1,27.7,29.2,32.4,41,13.7,16.9,40.7,13.3,12.6,35.6,7.9,30.6,29.2,21.6,29.9,18.4,26.6,19.8,28.8,23.4,,,,,,22.2204,114.2127
2026-08-12T07:00,28.8,29.2,30.9,25.8,29.4,29.2,27,29.3,28.2,29.6,28.5,29.8,28.8,29.5,30.3,27.8,27.2,30,27.1,29.7,29.2,29.2,27.8,30.1,29.8,29.6,28.5,29.7,28.9,27.2,29.7,29.6,28.1,30.2,29.6,30.2,26.3,29,27,28.8,84,83,75,88,83,75,85,86,72,82,87,85,84,78,79,90,79,81,93,77,80,78,87,77,79,79,82,83,82,91,83,83,83,87,84,74,81,88,63,66,0,0,0,0.1,0,0,0,0,0,0,0,0,0,0,0,0.3,0,0,0.1,0,0,0,0,0,0,0,0,0,0.1,0.5,0,0,0,0,0,0,0,0,0,0,2.3,5.1,5.5,9.8,6.3,8.3,6.1,6,2.9,5.1,2.1,8.7,8.8,1.5,2.5,6.8,10.6,1.9,1.5,3.7,4.7,1.6,6.2,2.5,0.5,5,12.4,7.6,3.6,8.7,6.6,2.5,2.6,3.3,4,3,5.5,6.7,4.1,9.4,,,,,,,,,,,,,,,,,,,,,,,,,,,,,,,,,,,,,,,,,29.5,28.7,28.7,27.7,28.4,29.3,27.9,28.7,29.3,28.9,29.4,29,29.2,28.1,29.1,28.9,29.5,28.6,29.4,28.6,29.2,28.4,29.4,29.3,29.8,28.7,28.1,28.9,29.6,29.6,28.8,75,83,85,86,79,77,84,80,75,75,76,82,75,89,70,76,76,82,70,85,78,79,78,74,65,82,80,82,75,78,80,0.1,0,0.1,0,0,0.1,0,0,0,0,0.3,0,0.1,0,0,0,0,0.6,0,0,0,0,0,0.1,0,0.2,0,0,0,0,0,15.9,17.1,21.8,9.9,9.4,23.2,24.2,21.6,15.2,14.7,18.6,18.2,22.2,21.4,26.6,11.5,12.6,27.5,10.2,6.2,20.9,3.6,21,21,15.9,20.3,13.4,17.9,13.4,20.3,13.4,21.2,20.9,31.7,12.6,11.5,32,33.1,31.7,18.4,19.1,24.5,24.8,29.2,33.1,41.4,13.7,14.8,39.6,12.6,8.6,29.9,4.7,28.4,28.8,22.3,28.4,16.6,23,18,26.3,16.9,,,,,,22.2204,114.2127
2026-08-12T08:00,28.8,29.2,30.9,25.9,29.4,29.2,27,29.3,28.1,29.6,28.4,29.8,28.8,29.4,30.3,27.8,27.2,29.9,27.2,29.7,29.2,29.1,27.8,30.1,29.7,29.6,28.5,29.7,28.9,27.2,29.6,29.6,28.1,30.2,29.6,30.2,26.3,29,27,28.7,84,83,75,88,83,75,85,86,72,82,88,85,84,78,79,90,79,81,93,77,80,78,87,77,79,79,82,83,83,91,83,84,83,87,84,74,81,88,63,66,0,0,0,0.1,0,0,0,0,0,0,0,0,0,0,0,0.3,0,0,0.1,0,0,0,0,0,0,0,0,0,0.1,0.5,0,0,0,0,0,0,0,0,0,0,2.3,5.1,5.5,9.3,6.3,8.3,6.1,6,2.9,5.1,2.4,8.7,8.8,1.5,2.5,6.8,10.6,1.9,1.8,3.7,4.7,1.8,6.2,2.5,0.5,5,12.4,7.6,3.6,8.7,6.9,2.5,2.6,3.3,4,3,5.4,6.7,3.6,9.4,,,,,,,,,,,,,,,,,,,,,,,,,,,,,,,,,,,,,,,,,29.8,28.9,28.8,28,28.7,29.6,28.1,28.8,29.7,29.1,29.7,29.1,29.4,28.3,29.2,29.2,29.8,28.9,29.7,28.9,29.5,28.7,29.6,29.4,29.9,29,28.5,29.2,29.8,29.8,29,72,82,85,84,78,75,83,80,73,74,75,81,74,88,68,75,74,80,68,83,77,77,77,74,65,80,78,81,74,77,78,0.1,0,0.1,0,0,0.1,0,0,0,0,0.3,0,0.1,0,0,0,0,0.6,0,0,0,0,0,0.1,0,0.2,0,0,0,0,0,14.8,15.6,21.1,7.8,8.5,21.5,23.4,19.8,14.1,12.5,17.7,16.6,22.4,22.2,27.5,10.9,11.3,27.1,9.8,4.1,18.2,1.1,20.5,21,16.4,19.8,12.2,16.6,13.3,18.8,11,18.7,18.7,29.5,9.7,10.1,28.8,31.3,29.5,16.6,16.2,22,22.3,29.2,33.8,41,13.3,13.3,38.2,13,6.1,25.6,2.9,27,28.4,22.3,26.6,14.8,20.2,16.9,23.8,13,,,,,,22.2204,114.2127
2026-08-12T09:00,28.8,29.2,30.8,26.1,29.4,29.2,27.1,29.3,28.1,29.6,28.4,29.8,28.8,29.4,30.4,27.8,27.2,29.9,27.3,29.7,29.2,29.1,27.7,30.2,29.7,29.6,28.5,29.7,28.8,27.3,29.6,29.6,28,30.2,29.6,30.2,26.3,29.1,27,28.7,84,83,75,88,83,75,85,86,72,82,89,85,84,78,79,90,79,81,93,77,80,78,87,77,79,79,82,83,83,91,83,84,83,87,84,74,81,88,63,66,0,0.2,0,0,0,0,0,0.1,0,0,0.1,0,0,0,0,0,0,0,0,0,0,0,0.1,0,0,0,0,0,0.1,0.2,0,0,0,0,0.1,0,0,0,0,0,2.3,5.2,5.4,8.8,5.9,8.3,5.9,6,2.9,5.1,2.7,8.7,8.8,1.5,2.5,6.8,10.6,1.9,2.1,3.7,4.7,2,6.2,2.5,0.5,5.1,12.4,7.6,3.6,8.7,6.8,2.5,2.6,3.4,4,3,5.2,6.7,3.1,9.3,,,,,,,,,,,,,,,,,,,,,,,,,,,,,,,,,,,,,,,,,30.2,29.4,29.1,28.4,29.1,29.9,28.5,29,30.1,29.4,30,29.5,29.6,28.6,29.3,29.7,30.2,29.2,30.2,29.4,29.8,29.2,29.9,29.6,30.4,29.3,29.1,29.6,30.2,30.2,29.4,70,79,83,81,76,74,81,79,71,74,74,78,73,86,67,74,72,79,66,80,75,74,75,73,64,78,75,79,72,75,77,0,0,0,0,0,0,0,0,0,0,0,0,0,0.1,0,0,0,0.2,0,0,0,0,0,0,0,0,0,0,0,0,0,13.7,13.6,20.4,6.4,8.7,20.5,21.6,18.5,13.8,12.9,18.4,15.5,22.4,22.9,27.3,10.3,9.8,27.2,10.5,3.8,17.3,1.8,20.3,20.7,16.1,19.4,10.5,16.1,13.8,16.6,11.3,16.6,15.8,27.4,7.6,9.7,26.6,28.1,26.3,15.8,16.6,21.6,19.8,28.8,34.2,39.6,12.2,11.9,36.7,13.7,6.1,23.4,3.6,25.9,27.4,20.9,24.5,12.2,18.7,17.3,20.5,12.6,,,,,,22.2204,114.2127
2026-08-12T10:00,28.8,29.3,30.8,26.2,29.5,29.3,27.1,29.3,28.1,29.7,28.4,29.9,28.9,29.5,30.4,27.8,27.3,29.9,27.4,29.7,29.2,29.2,27.7,30.2,29.7,29.6,28.5,29.7,28.8,27.4,29.5,29.5,28,30.2,29.5,30.3,26.4,29.1,27.1,28.7,85,84,75,88,83,75,85,86,72,81,89,85,84,78,79,90,79,81,93,77,80,77,88,76,79,79,82,83,83,91,83,85,83,87,85,74,81,88,63,67,0,0.2,0,0,0,0,0,0.1,0,0,0.1,0,0,0,0,0,0,0,0,0,0,0,0.1,0,0,0,0,0,0.1,0.2,0,0,0,0,0.1,0,0,0,0,0,2.6,4.8,5.2,8.1,5.7,7.9,5.7,6.2,2.5,4.7,3,8.4,8.6,1.6,2,6.5,10.3,1.9,2.3,3.6,4.5,1.8,6.3,2.3,0.8,5.1,12,7.2,3.7,8.7,7.2,2.9,2.5,3.2,4,3.1,5.2,6.8,2.5,8.9,,,,,,,,,,,,,,,,,,,,,,,,,,,,,,,,,,,,,,,,,30.6,30.1,29.6,29,29.6,30.2,29,29.4,30.6,29.7,30.4,30.2,29.8,28.9,29.4,30.3,30.8,29.5,30.7,30,30.2,29.7,30.3,30,31,29.7,29.9,30.1,30.6,30.8,29.9,69,75,81,77,74,74,79,77,69,75,72,75,72,83,67,72,70,78,63,77,73,71,73,72,62,77,71,77,70,73,76,0,0,0,0,0,0,0,0,0,0,0,0,0,0.1,0,0,0,0.2,0,0,0,0,0,0,0,0,0,0,0,0,0,12.6,11.5,20.1,5.6,9.5,20,19.8,17.6,14.2,15,19.3,14.9,22.5,23.9,26.8,9.8,8.4,27.1,12.6,4.7,17.2,4.1,20,20.8,15.5,18.7,8.2,15.7,14.9,14.3,13,15.1,13,25.2,6.1,10.1,25.2,24.1,22.7,16.2,18.4,22.3,17.6,28.1,34.6,37.8,11.2,11.2,34.9,15.5,7.6,22,6.1,25.2,26.3,18.7,22.3,9.7,18,18.4,17.3,14.8,,,,,,22.2204,114.2127
2026-08-12T11:00,28.8,29.4,30.7,26.4,29.5,29.3,27.2,29.3,28.1,29.7,28.5,29.9,29,29.6,30.5,27.9,27.3,30,27.5,29.7,29.2,29.3,27.7,30.2,29.6,29.6,28.4,29.7,28.8,27.5,29.4,29.5,27.9,30.2,29.5,30.3,26.6,29.2,27.3,28.7,85,84,76,87,83,75,85,86,72,81,89,85,83,78,78,90,79,81,93,78,80,77,88,76,79,80,83,83,83,91,82,85,83,87,85,73,81,87,64,68,0,0.2,0,0,0,0,0,0.1,0,0,0.1,0,0,0,0,0,0,0,0,0,0,0,0.1,0,0,0,0,0,0.1,0.2,0,0,0,0,0.1,0,0,0,0,0,2.9,4.9,4.8,7.1,5.4,7.2,5.5,6,2.3,4.8,3.3,8.1,8.3,1.8,1.8,6.6,10.3,1.5,2.3,3.6,4.7,2.1,6.1,2.4,1.1,5.2,11.8,6.8,4,8.2,7.2,3.3,2.3,3.4,4,2.7,5.2,7,1.8,8.5,,,,,,,,,,,,,,,,,,,,,,,,,,,,,,,,,,,,,,,,,30.9,30.6,30,29.5,30,30.4,29.4,29.8,31,29.9,30.7,30.7,30,29.2,29.6,30.8,31.2,29.7,31.1,30.5,30.6,30.1,30.6,30.3,31.5,30,30.5,30.5,30.9,31.2,30.2,68,72,79,74,72,74,77,75,68,75,72,72,72,81,67,71,69,77,62,75,72,68,72,71,61,76,68,75,68,72,75,0,0,0,0,0,0,0,0,0,0,0,0,0,0.1,0,0,0,0.2,0,0,0,0,0,0,0,0,0,0,0,0,0,12.9,10.5,20.8,5.5,9.9,20.2,18.7,17.1,14.7,17.6,20.6,14.6,22.4,24.7,26.5,8.9,8,27.4,14.8,5.6,17.9,6.1,20.6,20.9,14.8,18.8,7.4,15.8,16.3,13.5,15,15.1,11.5,24.8,5.8,10.8,24.8,21.6,19.8,16.6,20.5,23.4,16.2,27.7,34.9,36,10.8,11.5,33.8,17.3,9,21.6,8.3,25.6,25.6,18,21.6,8.6,17.6,20.2,15.8,16.9,,,,,,22.2204,114.2127
2026-08-12T12:00,28.8,29.5,30.5,26.7,29.6,29.3,27.3,29.4,28.2,29.8,28.5,30,29.1,29.7,30.6,27.9,27.4,30.1,27.6,29.7,29.2,29.4,27.7,30.3,29.6,29.7,28.3,29.7,28.8,27.6,29.4,29.5,27.9,30.2,29.5,30.3,26.8,29.3,27.5,28.7,85,84,76,87,82,75,85,87,71,80,89,86,83,77,78,90,79,80,92,78,80,76,89,76,79,80,83,83,83,90,81,85,83,86,86,73,81,87,64,68,0,0.2,0,0,0,0,0,0.1,0,0,0.1,0,0,0,0,0,0,0,0,0,0,0,0.1,0,0,0,0,0,0.1,0.2,0,0,0,0,0.1,0,0,0,0,0,3.3,4.7,4.7,6.4,4.8,6.7,5.3,5.8,2.1,4.6,4,8,7.8,2.3,1.3,6.3,10,1.5,2.5,3.2,4.6,2.4,6,2.4,1.5,5.8,11.3,6.9,4,8.1,7.2,3.6,2.4,3.3,3.6,2.9,5.2,7.1,1.1,8,,,,,,,,,,,,,,,,,,,,,,,,,,,,,,,,,,,,,,,,,31,30.9,30.1,29.7,30.3,30.4,29.5,30,31.4,30,30.7,31,30.2,29.4,29.7,31,31.4,29.8,31.2,30.7,30.8,30.3,30.8,30.5,31.7,30.1,30.6,30.7,30.8,31.3,30.3,68,71,78,73,71,75,76,74,67,75,73,71,72,80,67,70,69,77,62,74,71,66,72,70,61,76,67,74,68,72,75,0,0,0,0,0,0,0,0,0,0,0,0,0,0,0,0,0,0,0,0,0,0,0,0,0,0,0,0,0,0,0,15.3,11.4,23.5,7.1,9.9,21.5,19.7,16.6,14.9,19.7,22.6,15.3,22.4,25.8,26,8.6,10.5,27.5,17.1,7.3,18.8,6.9,22.4,21,14.8,20.2,8.7,16.6,18.5,15.7,17.3,17.6,12.6,27,7.2,11.2,25.9,22,18.4,16.9,22.3,24.8,16.6,27.4,35.3,34.9,12.2,14.4,33.5,19.4,10.4,22.3,9,27,24.8,20.2,23,9.7,18,22.3,18,19.1,,,,,,22.2204,114.2127
2026-08-12T13:00,28.9,29.6,30.4,26.9,29.7,29.4,27.4,29.4,28.2,29.9,28.6,30,29.2,29.8,30.7,28,27.5,30.2,27.8,29.7,29.3,29.5,27.8,30.3,29.6,29.7,28.2,29.7,28.8,27.7,29.3,29.5,27.9,30.1,29.5,30.3,27,29.5,27.7,28.7,85,84,77,87,82,75,85,87,71,79,89,85,83,76,77,90,80,80,92,78,80,74,89,75,79,80,84,83,83,90,80,85,83,86,86,72,80,86,64,70,0,0.2,0,0,0,0,0,0.1,0,0,0.1,0,0,0,0,0,0,0,0,0,0,0,0.1,0,0,0,0,0,0.1,0.2,0,0,0,0,0.1,0,0,0,0,0,3.6,4.7,4.7,5.5,4.7,5.9,5,5.7,2.3,4.7,4.3,7.9,7.7,2.6,1.1,6,9.6,1.5,2.5,3.3,4.6,2.7,5.8,2.3,1.9,6.1,11,6.6,4.2,7.8,6.8,3.7,2.7,3.6,3.6,3.1,5.4,6.9,0.5,7.2,,,,,,,,,,,,,,,,,,,,,,,,,,,,,,,,,,,,,,,,,31,31,30,29.8,30.4,30.3,29.5,30.2,31.6,30,30.6,31.1,30.3,29.5,29.7,31.1,31.5,29.9,31.1,30.8,31,30.5,30.8,30.6,31.7,30.1,30.6,30.9,30.5,31.4,30.2,70,71,78,72,69,76,76,73,65,75,74,70,71,80,67,70,69,77,63,73,71,66,72,70,62,76,67,73,69,72,76,0,0,0,0,0,0,0,0,0,0,0,0,0,0,0,0,0,0,0,0,0,0,0,0,0,0,0,0,0,0,0,19.8,14,27.6,9.7,10.6,23.4,21.7,16.9,15.8,21.2,24.6,16.7,22.5,26.8,26.3,11.8,15.5,27.3,19.4,9.4,20.3,7.3,25.4,21.3,17.9,22.4,11.2,18.1,21.3,19.9,19.5,21.6,15.1,31,9.4,11.5,27.7,24.5,18,18,24.5,27,18.4,27,35.6,34.6,15.1,18.7,33.5,22,11.5,23.8,9.4,29.5,24.1,24.1,25.9,11.9,18.7,25.2,21.6,21.2,,,,,,22.2204,114.2127
2026-08-12T14:00,28.9,29.7,30.3,27.2,29.7,29.4,27.6,29.4,28.3,29.9,28.6,30.1,29.3,29.9,30.9,28.1,27.6,30.3,27.9,29.7,29.3,29.6,27.8,30.3,29.6,29.8,28.1,29.7,28.8,27.9,29.2,29.5,27.9,30.1,29.4,30.4,27.2,29.6,27.9,28.8,85,84,77,87,81,76,85,87,71,78,89,85,82,76,76,90,80,80,92,79,80,73,90,74,78,80,84,83,83,90,78,85,82,85,87,71,80,86,65,71,0,0.2,0,0,0,0,0,0.1,0,0,0.1,0,0,0,0,0,0,0,0,0,0,0,0.1,0,0,0,0,0,0.1,0.2,0,0,0,0,0.1,0,0,0,0,0,4,4.9,4.5,4.8,4.3,5.4,4.8,5.9,2.4,4.5,4.7,7.9,7.3,3.2,0.8,6,9.3,1.1,2.8,3.3,4.6,3.1,5.7,2.5,2.6,6.7,10.6,6.4,4.6,7.3,6.9,4,2.6,4,3.6,3.1,5.4,7.3,1.1,6.8,,,,,,,,,,,,,,,,,,,,,,,,,,,,,,,,,,,,,,,,,30.8,31,29.9,29.8,30.4,30.2,29.4,30.3,31.8,30,30.4,31.2,30.4,29.5,29.7,31.1,31.4,29.8,31,30.8,31.1,30.6,30.7,30.6,31.6,30,30.5,31,30.2,31.3,30.1,71,71,79,72,69,77,77,72,65,75,76,70,72,80,67,70,70,78,64,73,71,65,73,70,63,76,67,73,70,73,77,0,0,0,0,0,0,0,0,0,0,0,0,0,0,0,0,0,0,0,0,0,0,0,0,0,0,0,0,0,0,0,23.4,16.4,30.2,11.9,12.2,25,23.9,17.1,16.9,22.9,26.3,17.7,23.7,27.3,27,15.3,20,27.5,21.4,11.2,21.2,7.9,27.8,22.2,21.8,23.9,13.1,19.1,24,22.9,21.4,25.2,17.3,34.2,11.5,12.6,29.2,26.6,18,19.1,26.6,28.8,19.4,27.7,35.6,34.6,17.3,22.3,33.5,23.8,12.6,24.8,9.7,31.3,24.5,27,28.4,13.3,19.8,28.4,24.8,23.4,,,,,,22.2204,114.2127
2026-08-12T15:00,29,29.9,30.1,27.4,29.8,29.5,27.7,29.4,28.4,30,28.7,30.2,29.4,30.1,31,28.2,27.7,30.4,28.1,29.7,29.4,29.8,27.8,30.4,29.6,29.9,28,29.6,28.9,28,29.2,29.5,27.9,30.1,29.4,30.4,27.5,29.7,28.1,28.8,85,84,78,87,81,76,84,87,71,77,89,85,82,75,76,90,80,79,92,79,80,72,90,74,78,80,85,83,82,90,77,84,82,84,87,71,79,85,65,72,0,0.2,0,0,0,0,0,0.1,0,0,0.1,0,0,0,0,0,0,0,0,0,0,0,0.1,0,0,0,0,0,0.1,0.2,0,0,0,0,0.1,0,0,0,0,0,4.3,4.8,4.7,4,3.8,4.7,4.7,5.9,3,4.6,5.4,8,7.1,3.5,1,5.8,8.8,1.1,2.8,3.4,4.7,3.4,5.9,2.6,3,7.1,10.3,6.3,4.8,6.9,6.9,4.4,2.9,4.6,3.6,3.1,5.4,7.5,1.8,6.2,,,,,,,,,,,,,,,,,,,,,,,,,,,,,,,,,,,,,,,,,30.6,30.9,29.6,29.9,30.3,29.9,29.2,30.3,31.7,29.8,30,31.1,30.2,29.4,29.7,31,31.2,29.8,30.9,30.7,30.9,30.6,30.6,30.4,31.4,29.9,30.4,30.8,29.9,31.1,29.8,73,72,81,71,69,79,78,71,66,76,78,71,74,80,67,71,72,79,65,73,72,65,74,71,65,76,67,74,71,74,78,0,0,0,0,0,0,0,0,0,0,0,0,0,0,0,0,0,0,0,0,0,0,0,0,0,0,0,0,0,0,0,25,17.8,30,13.3,14.3,25.2,25.5,17.7,18.8,24.7,27,17.6,25.7,27.2,27.1,17.1,22,27.5,21.9,11.6,21.8,9,28,23.4,23.8,24.5,13.4,19.6,26.2,23.4,22.1,27.7,19.1,35.6,13,14.8,29.9,28.8,18.7,20.9,29.5,30.2,19.4,29.9,34.9,36,18.7,25.2,33.5,24.5,13,25.6,10.8,32.4,26.3,27.7,29.9,13.3,20.9,32.4,25.9,24.8,,,,,,22.2204,114.2127
2026-08-12T16:00,29.1,30,30,27.7,29.9,29.5,27.8,29.5,28.5,30.1,28.8,30.2,29.5,30.2,31.1,28.3,27.7,30.5,28.2,29.7,29.4,29.9,27.9,30.4,29.6,29.9,27.9,29.6,28.9,28.1,29.1,29.5,27.9,30.1,29.4,30.5,27.7,29.8,28.3,28.9,85,84,78,86,80,76,84,87,71,77,89,85,82,74,75,89,81,78,92,79,80,70,90,73,78,80,85,83,82,90,76,84,82,84,88,70,78,85,65,73,0,0.2,0,0,0,0,0,0.1,0,0,0.1,0,0,0,0,0,0,0,0,0,0,0,0.1,0,0,0,0,0,0.1,0.2,0,0,0,0,0.1,0,0,0,0,0,4.7,4.8,4.7,3.6,3.9,4.3,4.7,5.9,3.3,4.8,5.9,7.9,7.1,4.2,1.3,6.2,8.5,1.1,2.6,3.5,4.8,3.4,5.9,2.9,3.3,7.6,10.5,6.4,5.2,6.5,6.9,4.7,3.2,4.9,3.3,3.1,5.4,7.4,2.3,5.9,,,,,,,,,,,,,,,,,,,,,,,,,,,,,,,,,,,,,,,,,30.2,30.6,29.3,29.9,30.1,29.6,28.9,30.3,31.5,29.6,29.6,30.9,30,29.2,29.5,30.7,30.7,29.6,30.8,30.7,30.7,30.6,30.4,30.2,31.3,29.7,30.3,30.5,29.7,30.8,29.5,75,73,83,71,70,80,80,71,67,77,80,72,76,81,67,72,75,79,66,73,73,65,75,72,67,77,68,75,72,75,79,0,0,0,0,0,0,0,0,0,0,0,0,0,0,0,0,0,0,0,0,0,0,0,0,0,0,0,0,0,0,0,25.5,18.6,28.9,14.1,17.2,24.8,27,19,21.3,26.5,26.8,17.6,27.7,26.5,26.7,17.8,22.8,27.5,21.4,11.8,21.9,10.6,27,24.8,23.9,24.3,12.8,20,28,22.4,22.4,29.5,20.2,36.4,14.4,17.6,30.2,31.3,20.2,23.4,32.8,31.3,19.4,32.8,33.5,37.8,19.4,27.4,33.8,24.5,13,25.6,11.9,33.1,28.4,27.4,31.3,13,22.3,36.4,26.3,26.3,,,,,,22.2204,114.2127
2026-08-12T17:00,29.1,30.1,29.9,27.9,29.9,29.6,27.9,29.5,28.5,30.2,28.8,30.3,29.6,30.3,31.2,28.4,27.8,30.5,28.3,29.7,29.4,30,27.9,30.4,29.6,29.9,27.8,29.6,28.9,28.3,29.1,29.5,27.9,30.1,29.3,30.5,27.9,29.9,28.5,28.9,85,84,79,86,80,76,84,87,71,76,88,85,81,74,74,89,81,78,91,80,80,69,90,73,78,80,86,83,81,89,74,84,81,83,88,70,78,84,66,74,0,0.2,0,0,0,0,0,0.1,0,0,0.1,0,0,0,0,0,0,0,0,0,0,0,0.1,0,0,0,0,0,0.1,0.2,0,0,0,0,0.1,0,0,0,0,0,5,5.1,5.1,3.4,3.9,3.6,4.7,5.9,3.6,4.8,6.2,8.2,6.9,4.6,1.5,6.1,8.1,0.7,2.9,3.2,5.2,3.8,5.8,3.2,3.7,8.2,10.4,6.3,5.4,6.1,6.9,4.8,3.2,5.5,3.3,3.4,5.8,7.7,3.1,5.5,,,,,,,,,,,,,,,,,,,,,,,,,,,,,,,,,,,,,,,,,29.8,30.3,29,29.8,29.8,29.3,28.6,30.1,31.3,29.3,29.2,30.6,29.7,29.1,29.4,30.5,30.3,29.5,30.7,30.5,30.4,30.5,30.1,29.9,31,29.5,30.1,30.2,29.5,30.5,29.2,77,74,85,72,72,82,82,72,69,78,82,73,78,82,67,73,77,80,67,73,74,65,77,74,69,78,69,77,73,77,81,0,0,0,0,0,0,0,0,0,0,0,0,0,0,0,0,0,0,0,0,0,0,0,0,0,0,0,0,0,0,0,25,18.9,27.5,14.4,18.6,24.1,27.5,19.3,23,27.3,26.3,17.1,28.5,25.5,25.7,18.4,23,27.5,20.9,11.9,21.9,11.3,25.3,25.4,23.9,23.8,12.1,20,29,21.9,22.4,30.6,20.9,36.7,15.5,19.8,30.2,33.1,21.6,25.6,34.6,32,18.7,34.6,32.4,37.8,20.5,28.8,34.6,24.8,13,25.9,12.6,32.4,30.2,27.4,31.7,12.6,23,39.2,26.6,27.4,,,,,,22.2204,114.2127
2026-08-12T18:00,29.2,30.2,29.8,28.1,30,29.6,28,29.5,28.6,30.2,28.8,30.3,29.7,30.4,31.3,28.5,27.8,30.6,28.4,29.7,29.4,30.1,27.9,30.4,29.6,30,27.7,29.6,28.9,28.4,29.1,29.5,27.9,30.1,29.3,30.5,28.1,30,28.7,29,85,84,79,86,79,77,84,87,71,75,88,85,81,73,74,89,81,77,91,80,80,68,91,73,78,81,86,83,81,89,73,84,81,83,88,70,77,84,67,75,0,0.2,0,0,0,0,0,0.1,0,0,0.1,0,0,0,0,0,0,0,0,0,0,0,0.1,0,0,0,0,0,0.1,0.2,0,0,0,0,0.1,0,0,0,0,0,5.4,5.1,5.6,3.2,3.8,3.3,4.5,6,4.3,5.1,6.6,8.4,7,4.9,1.5,6.1,7.8,0.8,2.9,3.4,5.4,4.1,5.8,3.1,4,8.7,10.5,6.7,5.4,5.8,6.6,5.2,3.6,5.9,3.3,3.4,5.8,7.9,3.5,5.3,,,,,,,,,,,,,,,,,,,,,,,,,,,,,,,,,,,,,,,,,29.5,30,28.7,29.4,29.3,29,28.3,29.7,30.9,29,28.9,30.4,29.2,28.9,29.3,30.1,29.9,29.3,30.3,30.3,30,30.3,29.8,29.5,30.6,29.2,29.9,29.8,29.4,30.1,28.9,79,75,86,75,74,84,83,74,71,79,84,74,81,83,67,75,79,81,69,74,76,66,79,77,72,80,70,79,74,79,83,0,0,0,0,0,0,0,0,0,0,0,0,0,0,0,0,0,0.3,0,0,0,0,0,0,0,0,0,0,0,0,0,23.4,18.1,26.8,14.1,18.1,23.1,27.1,18.4,23.5,26.2,25.3,16.4,27.3,23.9,23.2,18.6,22.2,27.7,20.6,12.3,21.7,11.3,22.2,24.7,23.4,22.6,11.5,18.7,28.2,21.6,22.4,30.2,20.2,37.1,16.6,19.8,29.5,34.6,22.3,28.1,33.8,31.7,17.6,34.6,31.3,33.5,21.6,29.2,35.6,25.9,13.3,25.9,12.6,29.5,30.2,28.1,31,12.2,22.7,39.6,27.7,28.4,,,,,,22.2204,114.2127
2026-08-12T19:00,29.2,30.3,29.7,28.3,30,29.6,28.1,29.5,28.7,30.2,28.9,30.3,29.8,30.5,31.3,28.6,27.8,30.7,28.4,29.7,29.4,30.1,27.9,30.4,29.6,30,27.6,29.6,28.9,28.5,29,29.4,27.8,30.1,29.2,30.5,28.3,30,28.8,29,85,84,80,86,79,77,84,87,72,75,88,85,81,73,73,89,82,77,91,80,80,67,91,73,78,81,87,83,81,89,73,84,81,82,89,70,77,83,67,76,0,0.2,0,0,0,0,0,0.1,0,0,0.1,0,0,0,0,0,0,0,0,0,0,0,0.1,0,0,0,0,0,0.1,0.2,0,0,0,0,0.1,0,0,0,0,0,5.8,5.1,5.9,3.1,4,3.1,4.6,6.3,4.3,5.4,7.1,8.5,7.1,5.2,1.8,5.9,7.4,0.8,2.9,3.4,5.6,4.1,5.8,3.4,4,9,10.6,6.4,5.9,5.8,6.6,4.8,3.7,6.2,2.9,3.7,5.8,7.9,4,5.2,,,,,,,,,,,,,,,,,,,,,,,,,,,,,,,,,,,,,,,,,29.1,29.8,28.5,29,28.8,28.6,28.1,29.3,30.4,28.7,28.6,30.1,28.7,28.7,29.2,29.7,29.5,29,29.9,30.1,29.6,29.9,29.4,29.1,30.1,28.9,29.5,29.4,29.3,29.7,28.6,81,76,87,79,77,85,84,77,74,81,86,75,83,84,68,77,81,81,72,75,78,68,82,80,75,81,72,82,74,82,85,0,0,0,0,0,0,0,0,0,0,0,0,0,0,0,0,0,0.3,0,0,0,0,0,0,0,0,0,0,0,0,0,21.2,16.7,26.1,14,16.4,21.4,25.4,17.3,23.4,24.3,23.5,15.1,25,22,19.6,18.6,20.9,28.3,20.6,12.2,21,10.6,18.6,22.9,22.4,21.4,11.1,17.3,26.8,21.6,21.9,28.8,18.7,37.4,17.3,19.1,28.1,35.3,23,30.2,32,30.2,16.6,33.5,30.2,27.4,22.3,28.8,37.4,27.4,13.7,25.9,11.9,25.6,29.9,29.5,29.5,12.2,21.6,38.9,29.2,29.2,,,,,,22.2204,114.2127
2026-08-12T20:00,29.2,30.3,29.7,28.5,30,29.7,28.1,29.5,28.7,30.3,28.9,30.3,29.8,30.5,31.3,28.6,27.8,30.7,28.5,29.6,29.4,30.2,27.9,30.4,29.6,30,27.5,29.6,28.9,28.5,29,29.4,27.8,30.1,29.1,30.5,28.3,30.1,28.9,29,85,84,80,86,79,77,84,87,72,75,88,85,81,73,73,89,82,77,91,80,80,67,91,73,78,81,87,83,81,89,72,84,81,82,89,70,76,83,68,77,0,0.2,0,0,0,0,0,0.1,0,0,0.1,0,0,0,0,0,0,0,0,0,0,0,0.1,0,0,0,0,0,0.1,0.2,0,0,0,0,0.1,0,0,0,0,0,5.8,5.1,6.1,3.1,4,3.1,4.7,6.3,4.7,5.4,7.1,8.8,6.9,5.2,1.8,5.6,7.1,0.8,2.9,3.4,5.6,4.1,5.8,3.4,4,9,10.7,6.6,5.9,5.4,6.6,4.8,3.7,6.2,2.9,3.7,5.8,7.9,4.3,5.1,,,,,,,,,,,,,,,,,,,,,,,,,,,,,,,,,,,,,,,,,28.9,29.6,28.4,28.6,28.4,28.4,28,29,30,28.4,28.4,29.8,28.4,28.6,29.1,29.4,29.2,28.8,29.6,29.8,29.3,29.6,29.1,28.8,29.7,28.7,29.3,29.1,29.2,29.4,28.4,82,77,88,82,80,87,84,80,76,82,87,76,85,85,68,79,82,82,74,76,80,69,84,82,78,83,73,84,75,84,87,0,0,0,0,0,0,0,0,0,0,0,0,0,0,0,0,0,0.3,0,0,0,0,0,0,0,0,0,0,0,0,0,19.4,15.2,25.9,14.2,15.3,20.4,24.3,17.7,22.8,22.6,22.5,14.3,23.3,21.2,16.9,18.3,20,28.8,20.4,12.5,21.2,10.1,16,21.8,21.8,20.1,10.6,16.6,25.7,21.4,21.6,27.7,17.3,38.2,19.1,18.7,27.4,35.6,24.5,31.3,31,29.9,15.8,32.8,29.9,23,23.4,28.4,39.2,28.4,14,26.3,11.5,22.7,29.9,30.6,28.8,12.2,21.6,38.2,29.9,30.2,,,,,,22.2204,114.2127
2026-08-12T21:00,29.2,30.3,29.7,28.6,29.9,29.7,28.2,29.4,28.8,30.3,28.9,30.3,29.8,30.4,31.3,28.7,27.8,30.7,28.5,29.6,29.4,30.2,27.9,30.3,29.5,29.9,27.4,29.6,28.9,28.6,28.9,29.4,27.8,30.1,29,30.4,28.3,30.1,29,29,85,84,80,86,79,77,84,87,73,75,88,85,81,73,73,89,82,77,91,80,80,67,91,73,78,81,87,83,81,89,72,84,81,82,89,71,76,83,69,78,0,0,0,0,0,0,0.3,0,0,0,0,0,0,0,0,0,0,0,0.1,0,0,0,0,0,0,0,1.5,0,0,0.1,0,0,0,0,0.2,0,0,0,0,0,5.8,5.1,6.4,3.1,4,3.1,4.8,6.3,4.7,5.4,7.1,8.8,6.9,5.2,1.8,5.1,6.7,0.8,2.9,3.4,5.6,4.1,5.8,3.4,4,9,10.9,6.6,5.9,5.4,6.6,4.5,3.7,6.3,2.9,3.7,5.8,7.9,4.3,4.8,,,,,,,,,,,,,,,,,,,,,,,,,,,,,,,,,,,,,,,,,28.8,29.5,28.4,28.5,28.2,28.2,27.9,28.8,29.7,28.4,28.4,29.6,28.5,28.5,29.1,29.2,29.1,28.7,29.4,29.5,29,29.3,28.9,28.6,29.5,28.5,29.1,28.9,29,29.3,28.2,82,77,88,84,82,88,84,81,77,83,87,77,85,86,68,80,83,83,75,78,81,70,85,83,79,84,73,85,77,84,88,0,0,0,0,0,0,0,0,0,0.2,0,0,0,0,0,0,0,0.1,0,0,0,0,0,0,0,0,0,0.1,0,0.1,0,18.9,14,26.4,15.8,15.4,19.9,23.7,19,21.8,21.7,22.2,14.3,23.1,21.4,15.8,18.4,19.5,29.8,19.7,12.7,21.5,9.3,15.8,21.5,22,20,10.8,17.6,25.5,20.4,21.9,27.4,16.2,40.3,22,19.4,27.4,35.3,27,30.2,31.3,30.2,15.8,33.5,30.6,22,24.1,27.4,41.4,28.4,14.4,27.4,10.8,21.6,30.6,32,29.5,12.6,22.7,37.8,28.8,31.3,,,,,,22.2204,114.2127
2026-08-12T22:00,29.2,30.3,29.7,28.7,29.9,29.7,28.2,29.4,28.8,30.3,28.8,30.3,29.8,30.4,31.2,28.7,27.7,30.6,28.4,29.5,29.3,30.1,27.9,30.3,29.5,29.9,27.3,29.5,28.9,28.6,28.9,29.4,27.8,30.1,28.9,30.4,28.3,30,29,28.9,85,85,81,86,79,77,84,87,73,76,88,85,81,74,73,89,83,77,91,80,80,67,91,74,79,81,88,84,81,89,72,84,81,82,89,71,75,83,70,78,0,0,0,0,0,0,0.3,0,0,0,0,0,0,0,0,0,0,0,0.1,0,0,0,0,0,0,0,1.5,0,0,0.1,0,0,0,0,0.2,0,0,0,0,0,5.4,4.8,6.6,2.8,4.1,3.4,4.5,6.5,4.7,5.6,7.1,9,6.9,4.9,1.5,4.6,6.7,0.8,2.9,3.2,5.2,4.1,5.8,3.4,3.7,8.5,11,6.6,6,5,6.6,4.1,3.3,6,2.5,3.9,5.8,7.9,4.3,4.8,,,,,,,,,,,,,,,,,,,,,,,,,,,,,,,,,,,,,,,,,28.9,29.4,28.5,28.5,28.1,28.1,27.9,28.6,29.6,28.4,28.4,29.4,28.8,28.6,29.1,29,29,28.7,29.3,29.1,28.8,29.1,28.9,28.5,29.4,28.4,29,28.7,28.8,29.4,28.1,81,77,87,85,84,90,85,82,78,84,87,77,83,86,67,81,83,83,76,81,82,70,85,84,79,85,74,86,79,83,89,0,0,0,0,0,0,0,0,0,0.2,0,0,0,0,0,0,0,0.1,0,0,0,0,0,0,0,0,0,0.1,0,0.1,0,19.2,13,27.4,18,15.7,19.4,23.7,21.1,20.7,21.4,22.2,14.8,23.6,22.7,16.1,18.2,19.2,30.9,19.4,12.6,22.2,9.2,16.6,21.7,22.4,20.7,11,19.4,25.8,19.4,22.3,27.7,15.5,43.2,25.9,20.5,27.7,34.6,29.9,27.7,32.8,31.7,16.6,34.6,31.7,22.7,24.8,26.3,43.9,28.1,14.8,29.2,10.4,21.6,31.7,33.8,31,13.3,24.8,37.8,27.4,32.4,,,,,,22.2204,114.2127
2026-08-12T23:00,29.2,30.3,29.7,28.8,29.8,29.8,28.2,29.4,28.8,30.3,28.8,30.2,29.8,30.3,31.2,28.8,27.5,30.6,28.3,29.5,29.3,30.1,27.8,30.2,29.5,29.8,27.2,29.5,28.9,28.6,28.9,29.4,27.7,30,28.8,30.3,28.2,30,28.9,28.9,85,85,81,86,79,78,85,87,74,76,88,85,82,75,73,89,83,77,91,80,81,68,91,75,79,82,88,84,82,89,72,84,81,82,89,73,74,83,71,79,0,0,0,0,0,0,0.3,0,0,0,0,0,0,0,0,0,0,0,0.1,0,0,0,0,0,0,0,1.5,0,0,0.1,0,0,0,0,0.2,0,0,0,0,0,5.4,4.8,6.9,2.8,4.2,3.3,4.7,6.4,4.7,5.4,6.8,8.9,6.6,4.9,1.3,4.1,6.4,0.8,2.6,3.2,5.2,3.8,5.8,3.1,3,8,11.2,6.6,5.8,5.1,6.6,3.4,3.1,5.8,2.5,3.9,5.8,7.4,4.3,4.8,,,,,,,,,,,,,,,,,,,,,,,,,,,,,,,,,,,,,,,,,29,29.3,28.6,28.4,27.9,28,27.9,28.6,29.5,28.4,28.5,29.3,29.1,28.6,29.1,28.9,29,28.6,29.1,28.8,28.7,28.9,28.9,28.4,29.4,28.3,28.9,28.7,28.6,29.5,28,80,77,86,86,86,90,85,82,78,85,86,78,82,86,67,81,83,84,77,83,83,71,85,84,79,85,74,86,81,82,90,0,0,0,0,0,0,0,0,0,0.2,0,0,0,0,0,0,0,0.1,0,0,0,0,0,0,0,0,0,0.1,0,0.1,0,19.6,13,27.9,19.8,16.1,19.7,23.2,22.8,19.7,21.6,23,15.3,24.4,23.7,16.7,18.7,19.5,31.5,19,12.3,22.8,9.2,17.6,22.7,22.2,20.9,11.2,20.6,26.4,19,22.7,28.4,15.5,44.6,28.8,21.6,28.8,33.8,33.1,25.9,33.5,33.1,17.3,35.6,33.8,23.8,26.3,26.3,45.7,28.1,14.8,31,10.1,22.7,33.8,33.8,32.4,13.7,27,37.8,27.4,33.1,,,,,,22.2204,114.2127
