time,temperature_2m_icon_seamless_eps (°C),temperature_2m_member01_icon_seamless_eps (°C),temperature_2m_member02_icon_seamless_eps (°C),temperature_2m_member03_icon_seamless_eps (°C),temperature_2m_member04_icon_seamless_eps (°C),temperature_2m_member05_icon_seamless_eps (°C),temperature_2m_member06_icon_seamless_eps (°C),temperature_2m_member07_icon_seamless_eps (°C),temperature_2m_member08_icon_seamless_eps (°C),temperature_2m_member09_icon_seamless_eps (°C),temperature_2m_member10_icon_seamless_eps (°C),temperature_2m_member11_icon_seamless_eps (°C),temperature_2m_member12_icon_seamless_eps (°C),temperature_2m_member13_icon_seamless_eps (°C),temperature_2m_member14_icon_seamless_eps (°C),temperature_2m_member15_icon_seamless_eps (°C),temperature_2m_member16_icon_seamless_eps (°C),temperature_2m_member17_icon_seamless_eps (°C),temperature_2m_member18_icon_seamless_eps (°C),temperature_2m_member19_icon_seamless_eps (°C),temperature_2m_member20_icon_seamless_eps (°C),temperature_2m_member21_icon_seamless_eps (°C),temperature_2m_member22_icon_seamless_eps (°C),temperature_2m_member23_icon_seamless_eps (°C),temperature_2m_member24_icon_seamless_eps (°C),temperature_2m_member25_icon_seamless_eps (°C),temperature_2m_member26_icon_seamless_eps (°C),temperature_2m_member27_icon_seamless_eps (°C),temperature_2m_member28_icon_seamless_eps (°C),temperature_2m_member29_icon_seamless_eps (°C),temperature_2m_member30_icon_seamless_eps (°C),temperature_2m_member31_icon_seamless_eps (°C),temperature_2m_member32_icon_seamless_eps (°C),temperature_2m_member33_icon_seamless_eps (°C),temperature_2m_member34_icon_seamless_eps (°C),temperature_2m_member35_icon_seamless_eps (°C),temperature_2m_member36_icon_seamless_eps (°C),temperature_2m_member37_icon_seamless_eps (°C),temperature_2m_member38_icon_seamless_eps (°C),temperature_2m_member39_icon_seamless_eps (°C),relativehumidity_2m_icon_seamless_eps (%),relativehumidity_2m_member01_icon_seamless_eps (%),relativehumidity_2m_member02_icon_seamless_eps (%),relativehumidity_2m_member03_icon_seamless_eps (%),relativehumidity_2m_member04_icon_seamless_eps (%),relativehumidity_2m_member05_icon_seamless_eps (%),relativehumidity_2m_member06_icon_seamless_eps (%),relativehumidity_2m_member07_icon_seamless_eps (%),relativehumidity_2m_member08_icon_seamless_eps (%),relativehumidity_2m_member09_icon_seamless_eps (%),relativehumidity_2m_member10_icon_seamless_eps (%),relativehumidity_2m_member11_icon_seamless_eps (%),relativehumidity_2m_member12_icon_seamless_eps (%),relativehumidity_2m_member13_icon_seamless_eps (%),relativehumidity_2m_member14_icon_seamless_eps (%),relativehumidity_2m_member15_icon_seamless_eps (%),relativehumidity_2m_member16_icon_seamless_eps (%),relativehumidity_2m_member17_icon_seamless_eps (%),relativehumidity_2m_member18_icon_seamless_eps (%),relativehumidity_2m_member19_icon_seamless_eps (%),relativehumidity_2m_member20_icon_seamless_eps (%),relativehumidity_2m_member21_icon_seamless_eps (%),relativehumidity_2m_member22_icon_seamless_eps (%),relativehumidity_2m_member23_icon_seamless_eps (%),relativehumidity_2m_member24_icon_seamless_eps (%),relativehumidity_2m_member25_icon_seamless_eps (%),relativehumidity_2m_member26_icon_seamless_eps (%),relativehumidity_2m_member27_icon_seamless_eps (%),relativehumidity_2m_member28_icon_seamless_eps (%),relativehumidity_2m_member29_icon_seamless_eps (%),relativehumidity_2m_member30_icon_seamless_eps (%),relativehumidity_2m_member31_icon_seamless_eps (%),relativehumidity_2m_member32_icon_seamless_eps (%),relativehumidity_2m_member33_icon_seamless_eps (%),relativehumidity_2m_member34_icon_seamless_eps (%),relativehumidity_2m_member35_icon_seamless_eps (%),relativehumidity_2m_member36_icon_seamless_eps (%),relativehumidity_2m_member37_icon_seamless_eps (%),relativehumidity_2m_member38_icon_seamless_eps (%),relativehumidity_2m_member39_icon_seamless_eps (%),rain_icon_seamless_eps (mm),rain_member01_icon_seamless_eps (mm),rain_member02_icon_seamless_eps (mm),rain_member03_icon_seamless_eps (mm),rain_member04_icon_seamless_eps (mm),rain_member05_icon_seamless_eps (mm),rain_member06_icon_seamless_eps (mm),rain_member07_icon_seamless_eps (mm),rain_member08_icon_seamless_eps (mm),rain_member09_icon_seamless_eps (mm),rain_member10_icon_seamless_eps (mm),rain_member11_icon_seamless_eps (mm),rain_member12_icon_seamless_eps (mm),rain_member13_icon_seamless_eps (mm),rain_member14_icon_seamless_eps (mm),rain_member15_icon_seamless_eps (mm),rain_member16_icon_seamless_eps (mm),rain_member17_icon_seamless_eps (mm),rain_member18_icon_seamless_eps (mm),rain_member19_icon_seamless_eps (mm),rain_member20_icon_seamless_eps (mm),rain_member21_icon_seamless_eps (mm),rain_member22_icon_seamless_eps (mm),rain_member23_icon_seamless_eps (mm),rain_member24_icon_seamless_eps (mm),rain_member25_icon_seamless_eps (mm),rain_member26_icon_seamless_eps (mm),rain_member27_icon_seamless_eps (mm),rain_member28_icon_seamless_eps (mm),rain_member29_icon_seamless_eps (mm),rain_member30_icon_seamless_eps (mm),rain_member31_icon_seamless_eps (mm),rain_member32_icon_seamless_eps (mm),rain_member33_icon_seamless_eps (mm),rain_member34_icon_seamless_eps (mm),rain_member35_icon_seamless_eps (mm),rain_member36_icon_seamless_eps (mm),rain_member37_icon_seamless_eps (mm),rain_member38_icon_seamless_eps (mm),rain_member39_icon_seamless_eps (mm),windspeed_10m_icon_seamless_eps (km/h),windspeed_10m_member01_icon_seamless_eps (km/h),windspeed_10m_member02_icon_seamless_eps (km/h),windspeed_10m_member03_icon_seamless_eps (km/h),windspeed_10m_member04_icon_seamless_eps (km/h),windspeed_10m_member05_icon_seamless_eps (km/h),windspeed_10m_member06_icon_seamless_eps (km/h),windspeed_10m_member07_icon_seamless_eps (km/h),windspeed_10m_member08_icon_seamless_eps (km/h),windspeed_10m_member09_icon_seamless_eps (km/h),windspeed_10m_member10_icon_seamless_eps (km/h),windspeed_10m_member11_icon_seamless_eps (km/h),windspeed_10m_member12_icon_seamless_eps (km/h),windspeed_10m_member13_icon_seamless_eps (km/h),windspeed_10m_member14_icon_seamless_eps (km/h),windspeed_10m_member15_icon_seamless_eps (km/h),windspeed_10m_member16_icon_seamless_eps (km/h),windspeed_10m_member17_icon_seamless_eps (km/h),windspeed_10m_member18_icon_seamless_eps (km/h),windspeed_10m_member19_icon_seamless_eps (km/h),windspeed_10m_member20_icon_seamless_eps (km/h),windspeed_10m_member21_icon_seamless_eps (km/h),windspeed_10m_member22_icon_seamless_eps (km/h),windspeed_10m_member23_icon_seamless_eps (km/h),windspeed_10m_member24_icon_seamless_eps (km/h),windspeed_10m_member25_icon_seamless_eps (km/h),windspeed_10m_member26_icon_seamless_eps (km/h),windspeed_10m_member27_icon_seamless_eps (km/h),windspeed_10m_member28_icon_seamless_eps (km/h),windspeed_10m_member29_icon_seamless_eps (km/h),windspeed_10m_member30_icon_seamless_eps (km/h),windspeed_10m_member31_icon_seamless_eps (km/h),windspeed_10m_member32_icon_seamless_eps (km/h),windspeed_10m_member33_icon_seamless_eps (km/h),windspeed_10m_member34_icon_seamless_eps (km/h),windspeed_10m_member35_icon_seamless_eps (km/h),windspeed_10m_member36_icon_seamless_eps (km/h),windspeed_10m_member37_icon_seamless_eps (km/h),windspeed_10m_member38_icon_seamless_eps (km/h),windspeed_10m_member39_icon_seamless_eps (km/h),windgusts_10m_icon_seamless_eps (undefined),windgusts_10m_member01_icon_seamless_eps (undefined),windgusts_10m_member02_icon_seamless_eps (undefined),windgusts_10m_member03_icon_seamless_eps (undefined),windgusts_10m_member04_icon_seamless_eps (undefined),windgusts_10m_member05_icon_seamless_eps (undefined),windgusts_10m_member06_icon_seamless_eps (undefined),windgusts_10m_member07_icon_seamless_eps (undefined),windgusts_10m_member08_icon_seamless_eps (undefined),windgusts_10m_member09_icon_seamless_eps (undefined),windgusts_10m_member10_icon_seamless_eps (undefined),windgusts_10m_member11_icon_seamless_eps (undefined),windgusts_10m_member12_icon_seamless_eps (undefined),windgusts_10m_member13_icon_seamless_eps (undefined),windgusts_10m_member14_icon_seamless_eps (undefined),windgusts_10m_member15_icon_seamless_eps (undefined),windgusts_10m_member16_icon_seamless_eps (undefined),windgusts_10m_member17_icon_seamless_eps (undefined),windgusts_10m_member18_icon_seamless_eps (undefined),windgusts_10m_member19_icon_seamless_eps (undefined),windgusts_10m_member20_icon_seamless_eps (undefined),windgusts_10m_member21_icon_seamless_eps (undefined),windgusts_10m_member22_icon_seamless_eps (undefined),windgusts_10m_member23_icon_seamless_eps (undefined),windgusts_10m_member24_icon_seamless_eps (undefined),windgusts_10m_member25_icon_seamless_eps (undefined),windgusts_10m_member26_icon_seamless_eps (undefined),windgusts_10m_member27_icon_seamless_eps (undefined),windgusts_10m_member28_icon_seamless_eps (undefined),windgusts_10m_member29_icon_seamless_eps (undefined),windgusts_10m_member30_icon_seamless_eps (undefined),windgusts_10m_member31_icon_seamless_eps (undefined),windgusts_10m_member32_icon_seamless_eps (undefined),windgusts_10m_member33_icon_seamless_eps (undefined),windgusts_10m_member34_icon_seamless_eps (undefined),windgusts_10m_member35_icon_seamless_eps (undefined),windgusts_10m_member36_icon_seamless_eps (undefined),windgusts_10m_member37_icon_seamless_eps (undefined),windgusts_10m_member38_icon_seamless_eps (undefined),windgusts_10m_member39_icon_seamless_eps (undefined),temperature_2m_ncep_gefs_seamless (°C),temperature_2m_member01_ncep_gefs_seamless (°C),temperature_2m_member02_ncep_gefs_seamless (°C),temperature_2m_member03_ncep_gefs_seamless (°C),temperature_2m_member04_ncep_gefs_seamless (°C),temperature_2m_member05_ncep_gefs_seamless (°C),temperature_2m_member06_ncep_gefs_seamless (°C),temperature_2m_member07_ncep_gefs_seamless (°C),temperature_2m_member08_ncep_gefs_seamless (°C),temperature_2m_member09_ncep_gefs_seamless (°C),temperature_2m_member10_ncep_gefs_seamless (°C),temperature_2m_member11_ncep_gefs_seamless (°C),temperature_2m_member12_ncep_gefs_seamless (°C),temperature_2m_member13_ncep_gefs_seamless (°C),temperature_2m_member14_ncep_gefs_seamless (°C),temperature_2m_member15_ncep_gefs_seamless (°C),temperature_2m_member16_ncep_gefs_seamless (°C),temperature_2m_member17_ncep_gefs_seamless (°C),temperature_2m_member18_ncep_gefs_seamless (°C),temperature_2m_member19_ncep_gefs_seamless (°C),temperature_2m_member20_ncep_gefs_seamless (°C),temperature_2m_member21_ncep_gefs_seamless (°C),temperature_2m_member22_ncep_gefs_seamless (°C),temperature_2m_member23_ncep_gefs_seamless (°C),temperature_2m_member24_ncep_gefs_seamless (°C),temperature_2m_member25_ncep_gefs_seamless (°C),temperature_2m_member26_ncep_gefs_seamless (°C),temperature_2m_member27_ncep_gefs_seamless (°C),temperature_2m_member28_ncep_gefs_seamless (°C),temperature_2m_member29_ncep_gefs_seamless (°C),temperature_2m_member30_ncep_gefs_seamless (°C),relativehumidity_2m_ncep_gefs_seamless (%),relativehumidity_2m_member01_ncep_gefs_seamless (%),relativehumidity_2m_member02_ncep_gefs_seamless (%),relativehumidity_2m_member03_ncep_gefs_seamless (%),relativehumidity_2m_member04_ncep_gefs_seamless (%),relativehumidity_2m_member05_ncep_gefs_seamless (%),relativehumidity_2m_member06_ncep_gefs_seamless (%),relativehumidity_2m_member07_ncep_gefs_seamless (%),relativehumidity_2m_member08_ncep_gefs_seamless (%),relativehumidity_2m_member09_ncep_gefs_seamless (%),relativehumidity_2m_member10_ncep_gefs_seamless (%),relativehumidity_2m_member11_ncep_gefs_seamless (%),relativehumidity_2m_member12_ncep_gefs_seamless (%),relativehumidity_2m_member13_ncep_gefs_seamless (%),relativehumidity_2m_member14_ncep_gefs_seamless (%),relativehumidity_2m_member15_ncep_gefs_seamless (%),relativehumidity_2m_member16_ncep_gefs_seamless (%),relativehumidity_2m_member17_ncep_gefs_seamless (%),relativehumidity_2m_member18_ncep_gefs_seamless (%),relativehumidity_2m_member19_ncep_gefs_seamless (%),relativehumidity_2m_member20_ncep_gefs_seamless (%),relativehumidity_2m_member21_ncep_gefs_seamless (%),relativehumidity_2m_member22_ncep_gefs_seamless (%),relativehumidity_2m_member23_ncep_gefs_seamless (%),relativehumidity_2m_member24_ncep_gefs_seamless (%),relativehumidity_2m_member25_ncep_gefs_seamless (%),relativehumidity_2m_member26_ncep_gefs_seamless (%),relativehumidity_2m_member27_ncep_gefs_seamless (%),relativehumidity_2m_member28_ncep_gefs_seamless (%),relativehumidity_2m_member29_ncep_gefs_seamless (%),relativehumidity_2m_member30_ncep_gefs_seamless (%),rain_ncep_gefs_seamless (mm),rain_member01_ncep_gefs_seamless (mm),rain_member02_ncep_gefs_seamless (mm),rain_member03_ncep_gefs_seamless (mm),rain_member04_ncep_gefs_seamless (mm),rain_member05_ncep_gefs_seamless (mm),rain_member06_ncep_gefs_seamless (mm),rain_member07_ncep_gefs_seamless (mm),rain_member08_ncep_gefs_seamless (mm),rain_member09_ncep_gefs_seamless (mm),rain_member10_ncep_gefs_seamless (mm),rain_member11_ncep_gefs_seamless (mm),rain_member12_ncep_gefs_seamless (mm),rain_member13_ncep_gefs_seamless (mm),rain_member14_ncep_gefs_seamless (mm),rain_member15_ncep_gefs_seamless (mm),rain_member16_ncep_gefs_seamless (mm),rain_member17_ncep_gefs_seamless (mm),rain_member18_ncep_gefs_seamless (mm),rain_member19_ncep_gefs_seamless (mm),rain_member20_ncep_gefs_seamless (mm),rain_member21_ncep_gefs_seamless (mm),rain_member22_ncep_gefs_seamless (mm),rain_member23_ncep_gefs_seamless (mm),rain_member24_ncep_gefs_seamless (mm),rain_member25_ncep_gefs_seamless (mm),rain_member26_ncep_gefs_seamless (mm),rain_member27_ncep_gefs_seamless (mm),rain_member28_ncep_gefs_seamless (mm),rain_member29_ncep_gefs_seamless (mm),rain_member30_ncep_gefs_seamless (mm),windspeed_10m_ncep_gefs_seamless (km/h),windspeed_10m_member01_ncep_gefs_seamless (km/h),windspeed_10m_member02_ncep_gefs_seamless (km/h),windspeed_10m_member03_ncep_gefs_seamless (km/h),windspeed_10m_member04_ncep_gefs_seamless (km/h),windspeed_10m_member05_ncep_gefs_seamless (km/h),windspeed_10m_member06_ncep_gefs_seamless (km/h),windspeed_10m_member07_ncep_gefs_seamless (km/h),windspeed_10m_member08_ncep_gefs_seamless (km/h),windspeed_10m_member09_ncep_gefs_seamless (km/h),windspeed_10m_member10_ncep_gefs_seamless (km/h),windspeed_10m_member11_ncep_gefs_seamless (km/h),windspeed_10m_member12_ncep_gefs_seamless (km/h),windspeed_10m_member13_ncep_gefs_seamless (km/h),windspeed_10m_member14_ncep_gefs_seamless (km/h),windspeed_10m_member15_ncep_gefs_seamless (km/h),windspeed_10m_member16_ncep_gefs_seamless (km/h),windspeed_10m_member17_ncep_gefs_seamless (km/h),windspeed_10m_member18_ncep_gefs_seamless (km/h),windspeed_10m_member19_ncep_gefs_seamless (km/h),windspeed_10m_member20_ncep_gefs_seamless (km/h),windspeed_10m_member21_ncep_gefs_seamless (km/h),windspeed_10m_member22_ncep_gefs_seamless (km/h),windspeed_10m_member23_ncep_gefs_seamless (km/h),windspeed_10m_member24_ncep_gefs_seamless (km/h),windspeed_10m_member25_ncep_gefs_seamless (km/h),windspeed_10m_member26_ncep_gefs_seamless (km/h),windspeed_10m_member27_ncep_gefs_seamless (km/h),windspeed_10m_member28_ncep_gefs_seamless (km/h),windspeed_10m_member29_ncep_gefs_seamless (km/h),windspeed_10m_member30_ncep_gefs_seamless (km/h),windgusts_10m_ncep_gefs_seamless (km/h),windgusts_10m_member01_ncep_gefs_seamless (km/h),windgusts_10m_member02_ncep_gefs_seamless (km/h),windgusts_10m_member03_ncep_gefs_seamless (km/h),windgusts_10m_member04_ncep_gefs_seamless (km/h),windgusts_10m_member05_ncep_gefs_seamless (km/h),windgusts_10m_member06_ncep_gefs_seamless (km/h),windgusts_10m_member07_ncep_gefs_seamless (km/h),windgusts_10m_member08_ncep_gefs_seamless (km/h),windgusts_10m_member09_ncep_gefs_seamless (km/h),windgusts_10m_member10_ncep_gefs_seamless (km/h),windgusts_10m_member11_ncep_gefs_seamless (km/h),windgusts_10m_member12_ncep_gefs_seamless (km/h),windgusts_10m_member13_ncep_gefs_seamless (km/h),windgusts_10m_member14_ncep_gefs_seamless (km/h),windgusts_10m_member15_ncep_gefs_seamless (km/h),windgusts_10m_member16_ncep_gefs_seamless (km/h),windgusts_10m_member17_ncep_gefs_seamless (km/h),windgusts_10m_member18_ncep_gefs_seamless (km/h),windgusts_10m_member19_ncep_gefs_seamless (km/h),windgusts_10m_member20_ncep_gefs_seamless (km/h),windgusts_10m_member21_ncep_gefs_seamless (km/h),windgusts_10m_member22_ncep_gefs_seamless (km/h),windgusts_10m_member23_ncep_gefs_seamless (km/h),windgusts_10m_member24_ncep_gefs_seamless (km/h),windgusts_10m_member25_ncep_gefs_seamless (km/h),windgusts_10m_member26_ncep_gefs_seamless (km/h),windgusts_10m_member27_ncep_gefs_seamless (km/h),windgusts_10m_member28_ncep_gefs_seamless (km/h),windgusts_10m_member29_ncep_gefs_seamless (km/h),windgusts_10m_member30_ncep_gefs_seamless (km/h),temperature_2m_ecmwf_ifs04 (°C),relativehumidity_2m_ecmwf_ifs04 (%),rain_ecmwf_ifs04 (mm),windspeed_10m_ecmwf_ifs04 (km/h),windgusts_10m_ecmwf_ifs04 (undefined),latitude,longitude
2026-09-06T00:00,27,27.5,27.4,26.2,26.3,26.9,26.5,27.1,27.1,27.2,26.9,27.6,26.6,26.9,27.1,27,26.2,26.2,26.4,27.5,26.5,26.6,26.4,27.1,26.6,26.7,27,27.2,26.7,26.8,26.6,27.4,27,26.6,26.4,27,26.8,27.3,26.6,27.1,89,85,87,93,92,90,91,85,87,87,87,82,93,89,85,88,91,92,92,86,92,91,89,90,90,89,87,88,90,89,90,86,89,88,91,89,90,84,90,88,0,0,0,0,0,0.1,0,0,0,0,0,0,0,0,0,0,0.4,0.1,0,1.2,0,0,0.2,0,0,0,0,0,0,0,0.1,0,0,0,0,0,0,0,0,0.1,2.9,1.3,0.8,2.4,2.2,1.1,1.5,1,3.3,1.9,1.1,1.6,2.5,1.5,1.9,1.5,3.2,2.9,2.7,2.7,1.8,1.6,2.5,2.2,1.8,1.9,3.3,1.6,2,1.3,1.1,1.8,1.1,4.1,0.7,0.7,1.8,1.8,2.5,3.4,,,,,,,,,,,,,,,,,,,,,,,,,,,,,,,,,,,,,,,,,27.6,27.6,27.6,27.5,27.7,27.5,27.6,27.5,27.6,27.6,27.5,27.5,27.4,27.5,27.6,27.7,27.6,27.6,27.5,27.6,27.6,27.6,27.6,27.5,27.4,27.5,27.5,27.5,27.4,27.4,27.6,80,80,81,80,82,78,76,81,80,76,78,81,78,79,78,81,81,79,77,80,79,83,79,79,81,79,81,81,78,80,78,0,0,0.1,0.1,0.1,0,0,0.1,0.1,0,0,0,0,0,0,0.1,0.1,0,0,0.1,0,0.1,0,0,0.1,0,0,0,0,0,0,3.6,6.9,3,4.4,6.1,3.2,3.4,4.2,4.3,3.7,3.2,4.5,2.3,5.6,4.8,4.1,5.1,5.2,5.5,4,3.2,8,5.4,6.6,3.9,2.2,2.2,4.3,4.8,4.5,3.3,5.8,8.6,5.8,5.4,8.6,4.7,6.8,8.3,5,6.1,6.8,6.1,7.2,6.8,7.2,6.8,8.3,7.9,7.2,5.8,7.9,11.2,6.1,9,6.5,7.6,3.6,10.8,6.8,7.6,5.8,,,,,,22.2204,114.2127
2026-09-06T01:00,26.6,27.4,27.3,26.2,26.3,26.8,26.5,27,26.8,27.2,26.8,27.4,26.5,26.8,27.1,26.9,26,26.1,26.4,27.4,26.6,26.5,26.2,27.1,26.5,26.6,26.8,27.1,26.6,26.6,26.4,27.2,26.3,26.3,26.4,27,26.8,27.2,26.5,27,90,86,87,93,92,90,91,86,87,88,88,83,92,90,85,90,91,92,92,87,92,90,90,90,91,89,88,89,90,90,91,86,93,89,91,89,90,85,90,88,0.1,0,0.1,0,0,0.1,0,0,0.1,0,0,0,0.2,0,0,0,0.4,0,0.2,1.3,0,0,0.4,0,0,0,0.2,0,0.1,0.1,0.2,0,0.6,0.1,0,0,0,0,0,0.1,3,0.8,0.5,1.9,1.8,2.1,3.3,0.5,3.2,1.1,0.5,1.3,2.7,0.8,0.4,0.8,2.9,2.4,2.5,2.5,1.6,1.6,1.6,2.2,2.1,1.1,2.5,3,1.6,1,1.5,2.3,1.5,3.2,0.4,1.6,1.8,1.1,2.1,3,,,,,,,,,,,,,,,,,,,,,,,,,,,,,,,,,,,,,,,,,27.4,27.5,27.4,27.3,27.5,27.4,27.5,27.4,27.3,27.5,27.4,27.4,27.2,27.3,27.4,27.5,27.4,27.4,27.4,27.4,27.3,27.4,27.4,27.4,27.3,27.3,27.4,27.2,27.3,27,27.4,81,82,82,79,82,80,79,81,79,80,79,80,80,81,79,81,80,79,79,81,82,84,80,80,81,78,79,84,79,81,78,0,0,0.1,0.1,0.1,0,0,0.1,0.1,0,0,0,0,0,0,0.1,0.1,0,0,0.1,0,0.1,0,0,0.1,0,0,0,0,0,0,0.7,4.5,2.6,2.2,4.3,1.9,2.4,4.4,2.6,1,1.1,2.5,4.2,5.6,0.8,0.7,0,2.9,4.5,4.7,5.1,4.5,4.1,3.3,2.8,3.9,1.1,2.9,1.8,0.7,1.8,4,6.1,5.4,3.2,6.8,3.2,6.1,7.9,3.2,4.3,5.8,4.3,8.3,6.1,4.7,5,5.8,6.1,6.1,6.1,9.4,7.9,5,6.1,5.8,7.9,3.6,9.4,4.3,5,4.7,,,,,,22.2204,114.2127
2026-09-06T02:00,26.4,27.3,27.2,26.1,26,26.8,26.5,27,26.5,27.1,26.7,27.3,26.4,26.8,27.1,26.8,25.8,26,26.3,27.2,26.5,26.4,26.2,27.1,26.3,26.6,26.6,27,26.4,26.4,26.3,27.1,26,26.1,26.3,26.9,26.8,27.1,26.4,26.7,91,86,87,93,93,89,93,86,89,88,89,84,92,90,85,91,92,92,92,87,91,91,91,90,91,90,89,88,90,90,92,87,95,90,92,90,90,86,90,90,0.2,0,0.2,0.1,0.2,0,0,0,0.2,0,0,0,0.2,0.1,0,0,0.4,0,0.3,1.4,0.1,0,0,0,0.2,0,0.2,0.2,0.2,0.1,0.2,0,1,0.2,0,0,0,0,0,0.2,2.9,1.1,1.3,2.9,1.8,1.4,2.5,1.6,2.9,1.1,1.1,1.3,2.8,0.5,1.5,1.3,2.2,2.3,2.1,2.7,2.1,1.6,1.1,1.8,2.3,0.8,1.9,2.9,1.1,0.8,1.1,1.9,2,1.8,1.5,2.3,2.1,3.1,1.8,2.6,,,,,,,,,,,,,,,,,,,,,,,,,,,,,,,,,,,,,,,,,27.2,27.4,27.2,27.1,27.3,27.2,27.3,27.2,27.1,27.3,27.3,27.2,27.1,27.1,27.3,27.3,27.3,27.3,27.3,27.2,27.1,27.3,27.3,27.3,27.1,27.2,27.2,27,27.2,26.6,27.2,81,83,82,79,82,81,81,81,79,82,80,80,81,82,79,81,79,79,80,81,83,84,81,80,81,78,78,85,80,81,78,0,0,0.1,0.1,0.1,0,0,0.1,0.1,0,0,0,0,0,0,0.1,0.1,0,0,0.1,0,0.1,0,0,0.1,0,0,0,0,0,0,2.6,3.6,5.1,1.9,5.4,1.6,5.1,8,1.5,2.5,4.2,2.7,7.4,6.3,2.3,3.6,3.8,4.6,5.4,5.3,8.5,5.6,4,4,4.4,7.9,2.6,7.8,0.7,2.9,3.7,3.2,4.7,5.4,2.2,6.1,2.5,6.1,8.6,2.2,2.9,5,3.2,9,6.5,3.2,4.3,5,5.4,6.1,6.5,10.1,6.1,4.7,4.7,5,8.3,3.6,8.3,2.5,4,4.7,,,,,,22.2204,114.2127
2026-09-06T03:00,26.2,27.2,27,26,25.9,26.8,26.4,26.9,26.3,27.1,26.7,27.2,26.4,26.7,27.1,26.7,25.6,26.1,26.3,27.1,26.4,26.3,26.2,27,26.3,26.5,26.5,26.8,26.2,26.4,26.3,26.9,25.9,26.1,26.3,26.8,26.8,27,26.4,26.6,91,87,88,93,93,90,93,87,90,88,90,84,91,91,85,90,93,91,92,87,91,91,90,90,91,90,90,89,90,90,92,88,96,91,92,91,88,87,90,90,0.1,0,0.4,0.2,0.4,0,0,0,0.2,0,0,0,0.2,0.1,0,0.1,0.4,0.1,0.4,0.5,0.1,0,0.3,0.3,0.1,0,0.6,0.3,0.2,0,0,0,0.7,0,0,0,0,0,0,0.1,2.5,1.1,1.8,2.9,1.9,1.6,2.3,1.8,2.4,1.5,0.8,1.6,3.1,1,1.3,1.1,2.5,2,2.5,2.5,1.9,1.8,1.1,1.8,1.6,0.7,2,2.3,0.5,0.8,1.1,2.3,1.8,2.2,3.1,2.4,2,2.8,2.1,1,,,,,,,,,,,,,,,,,,,,,,,,,,,,,,,,,,,,,,,,,27.1,27.4,27.1,27,27.3,27.2,27.3,27.2,27,27.2,27.3,27.1,27,27.1,27.3,27.2,27.2,27.2,27.2,27.1,27.1,27.3,27.3,27.2,27.1,27.2,27.1,27,27.2,26.4,27.2,80,83,82,79,81,80,81,81,79,82,80,80,81,82,79,81,78,79,80,81,83,83,81,80,81,78,77,84,80,82,78,0.4,0.2,0.5,0.1,0.4,0.1,0.4,0.3,0.1,0.1,0.2,0.6,0.9,0.2,0.1,0.4,0.1,0.3,0,1,0.5,0.1,0.1,0.3,0.3,0.3,0.3,0.6,0.4,0.5,0.1,3.6,4.4,6.3,3.9,5.7,2.9,6.6,11.2,0.8,3.2,5.1,3.6,6.9,8.1,4.4,5.4,6.8,7.1,6.9,4.1,8.4,7.6,5.2,5.9,4,9.1,2.9,8.4,1.1,5.4,5.6,4,5.4,6.1,3.6,6.1,2.9,7.2,11.2,2.2,2.5,5.8,4,8.3,8.3,4.3,5.8,6.8,7.2,7.6,6.8,9.7,7.2,6.1,5.4,4.3,8.6,3.6,7.6,2.9,5.8,6.5,,,,,,22.2204,114.2127
2026-09-06T04:00,26.1,27,26.6,26,25.9,26.8,26.3,26.9,26.3,27.1,26.8,27.2,26.4,26.7,27,26.6,25.5,26.1,26.1,26.5,26.3,26.3,26.2,26.9,26.3,26.5,26.4,26.5,26,26.4,26.4,26.8,25.7,26.1,26.2,26.6,26.7,26.9,26.4,26.6,92,88,90,93,92,90,95,87,89,88,90,83,90,90,85,91,93,90,93,91,91,92,90,90,91,90,90,91,91,91,91,87,98,91,92,91,89,88,90,90,0.2,0.1,1.5,0.3,0.3,0,0,0,0.1,0,0,0,0.1,0,0,0.1,0.5,0.1,0.1,2.6,0.1,0.1,0.5,0.1,0,0,0.6,0.3,0.2,0,0,0.1,4.3,0,0,0.4,0,0,0,0,2.7,1.1,2.6,3.2,2.2,1.6,3.1,2.1,2.3,2.6,1.1,1.8,3,1.1,1.6,0.7,2.5,2.5,2.6,2.7,2.9,2.6,1.6,1.6,2,0.4,1.8,1.5,0.8,0.4,1.5,2.1,1.8,2.5,3.1,3.1,2.6,3.2,1.9,1.1,,,,,,,,,,,,,,,,,,,,,,,,,,,,,,,,,,,,,,,,,27.1,27.3,27.1,27,27.3,27.1,27.2,27.2,26.9,27.2,27.3,27.1,27,27,27.3,27.2,27.1,27.1,27.2,27.1,27.1,27.3,27.3,27,27,27.1,27,27.1,27.2,26.2,27.2,79,81,81,79,80,79,81,80,78,80,79,79,80,82,78,80,78,79,79,80,83,82,80,79,81,78,77,83,79,83,78,0.4,0.2,0.5,0.1,0.4,0.1,0.4,0.3,0.1,0.1,0.2,0.6,0.9,0.2,0.1,0.4,0.1,0.3,0,1,0.5,0.1,0.1,0.3,0.3,0.3,0.3,0.6,0.4,0.5,0.1,4.4,5.9,7.1,6.1,5.6,4,8.2,13.4,2.1,3,6,4.2,4.3,10,6.2,7.6,9.6,9.6,8.7,2.5,7.1,9.2,6.9,7.2,2.9,9,3.1,6.8,1.9,8,7.6,5.4,6.8,7.6,6.1,6.5,4.3,9,14.4,2.9,2.9,7.2,5.4,7.2,10.8,6.8,8.3,10.4,10.4,9.7,7.2,9.4,10.1,8.3,7.6,4,9.4,4,6.8,4,9.4,8.6,,,,,,22.2204,114.2127
2026-09-06T05:00,26,26.6,26.3,25.9,26,26.7,26.3,26.3,26.3,27.1,26.8,27.3,26.5,26.8,27,26.4,25.4,26.1,26.1,26.1,26.3,26.3,26.2,27,26.3,26.5,26.4,26.6,26,26.3,26.4,26.7,25.6,26.1,26.1,26.5,26.6,26.9,26.4,26.5,92,90,92,93,92,90,95,91,89,87,87,83,91,89,85,91,94,91,93,95,92,91,90,89,92,90,90,90,92,92,90,88,98,91,93,91,88,87,90,90,0.4,0.8,1.3,0.3,0.2,0,0,0.9,0,0,0,0,0,0,0,0,0.6,0.1,0.5,5.7,0,0,0.7,0,0,0,0.1,0,0.1,0,0,0.1,5.5,0,0.2,0.4,0.1,0,0,0.3,2.9,1.5,2.4,3.6,2.5,2.2,3.2,2.2,2.4,2.6,1.5,2.3,2.5,1.3,1.5,1.4,2.5,2.6,2.3,2.8,3.3,3.1,1.8,0.7,2.1,1.3,1.8,1.6,1.3,0.4,1.6,2.3,1.4,2.6,2.8,2.5,3.2,2.6,2.1,1.9,,,,,,,,,,,,,,,,,,,,,,,,,,,,,,,,,,,,,,,,,27.1,27.3,27.1,27,27.3,27.2,27.3,27.2,27,27.2,27.3,27.1,27.1,27.1,27.3,27.2,27.1,27.1,27.3,27.1,27.2,27.4,27.3,27,27.1,27.1,27,27.2,27.3,26.1,27.2,78,80,81,79,79,78,80,80,78,79,78,79,79,81,77,80,78,79,78,79,82,81,79,79,80,78,76,81,78,83,78,0.4,0.2,0.5,0.1,0.4,0.1,0.4,0.3,0.1,0.1,0.2,0.6,0.9,0.2,0.1,0.4,0.1,0.3,0,1,0.5,0.1,0.1,0.3,0.3,0.3,0.3,0.6,0.4,0.5,0.1,5.4,6.6,7.6,7.7,6,5,9.4,14.4,3.1,3.6,7.2,4.9,3.1,10.9,7.5,9.1,11,10.8,9.5,3.2,6.4,10.6,8,8.3,2.8,8.8,3.5,5.7,2.4,9.9,8.7,6.8,7.9,8.6,8.3,7.6,5.4,10.4,16.6,3.6,3.6,8.3,7.2,6.8,12.6,8.6,10.1,12.6,12.6,11.2,7.6,9.4,12.2,9.7,9.4,4,9.7,5,6.8,5,11.9,10.4,,,,,,22.2204,114.2127
2026-09-06T06:00,26,26.1,26.3,26,25.9,26.7,26.2,25.7,26.4,27.1,26.8,27.3,26.4,26.8,27,26.4,25.1,25.9,26,26.1,26.3,26.2,26.2,27,26.3,26.4,26.3,26.2,26,26.3,26.4,26.6,25.6,26,25.8,26.3,26.3,26.9,26.4,26.4,92,94,92,92,92,90,95,95,88,87,87,82,91,88,85,91,95,91,94,94,91,91,91,88,92,90,91,93,91,92,91,88,98,92,95,91,90,87,90,91,0.5,2.6,0.5,0.2,0.2,0,0.7,2.6,0,0,0,0,0,0,0,0,0.3,0.2,0.3,2.4,0.1,0,0.6,0,0,0,0.4,0.7,0,0,0,0,5.9,0,0.9,1.4,0.1,0,0,0.3,3.3,1.6,2.4,3.4,2.6,2.9,3.4,2.5,2.2,2.1,1.6,1.9,3.3,1.3,1.8,2.1,2.6,3.2,3.1,2.4,3,3.4,2.2,1.1,2.2,1.3,2.6,1.3,1.5,1.1,1.8,2.7,1.9,3,3.1,1.8,2.9,2.1,1.9,2.3,,,,,,,,,,,,,,,,,,,,,,,,,,,,,,,,,,,,,,,,,27.2,27.4,27.1,27.1,27.4,27.2,27.4,27.2,27.1,27.2,27.3,27.2,27.1,27.1,27.3,27.1,27,27,27.3,27.1,27.3,27.4,27.4,27,27.2,27.1,27.1,27.3,27.3,26.2,27.1,78,79,81,78,79,77,79,80,77,79,78,79,79,80,77,80,78,79,78,79,82,80,78,79,79,78,76,80,77,82,79,0.1,0.1,0.8,0,0.1,0.1,0.1,0.1,0,0.1,0.1,0.1,0.2,0,0.1,0.1,0.1,0.2,0,0.8,0.4,0,0,0.3,0.1,0.2,0.1,0.1,0.1,0.2,0.1,5.9,6.8,8,7.9,7.9,5.5,10,13.7,3,5.4,7.9,5.8,4.5,10.8,7.7,9,10,10.8,9.7,4.9,7.4,11.5,8.2,8.8,3.6,8.7,5.4,6.4,2.3,9.7,8.3,7.6,7.9,9,9,10.1,6.8,11.2,15.8,4,5.4,9.4,9.4,8.6,12.2,9.4,10.8,12.2,13,11.9,8.6,11.2,13.3,9.7,10.4,5,10.1,7.2,7.9,5.8,12.2,10.4,,,,,,22.2204,114.2127
2026-09-06T07:00,26.2,25.7,26.3,26.1,26,26.8,26.1,25.6,26.5,27,26.8,27.4,26.5,26.9,27.1,26.5,25.4,26,26,26.1,26.4,26.3,26.3,27,26.5,26.6,26.3,25.9,26.1,26.4,26.5,26.6,25.7,26.1,25.7,26.3,26.4,26.9,26.4,26.5,92,96,92,92,92,89,95,96,88,87,87,82,91,88,84,91,94,91,94,94,92,91,91,88,91,90,92,95,91,92,91,89,97,92,96,92,90,87,90,90,0.4,3.6,0.1,0,0,0,1.3,4.7,0,0,0,0,0,0,0,0,0.1,0.2,0.3,1.9,0,0,0.1,0.1,0,0,0.4,0.9,0,0,0,0,2.5,0,2,0.7,0,0.1,0,0.1,2.6,1.6,2.2,3.7,2.3,3,3.3,3.3,1.8,1.8,2.2,1.8,3.3,1.5,1.8,1.1,2.9,2.4,2.4,3.2,2.5,3.3,1.8,0.8,2.2,1.5,2.8,1.6,1,1.5,1.9,2.2,2.2,3.3,2.4,2.2,2.6,1.6,2.3,2.3,,,,,,,,,,,,,,,,,,,,,,,,,,,,,,,,,,,,,,,,,27.3,27.6,27.2,27.2,27.6,27.4,27.5,27.3,27.2,27.3,27.3,27.4,27.2,27.2,27.4,27.1,27,27.1,27.5,27.2,27.5,27.4,27.6,27,27.4,27.2,27.2,27.4,27.4,26.3,26.8,78,78,80,77,78,77,78,80,76,79,78,78,79,80,77,80,78,79,77,79,81,80,77,79,78,78,75,80,77,81,80,0.1,0.1,0.8,0,0.1,0.1,0.1,0.1,0,0.1,0.1,0.1,0.2,0,0.1,0.1,0.1,0.2,0,0.8,0.4,0,0,0.3,0.1,0.2,0.1,0.1,0.1,0.2,0.1,7.1,6.6,8.1,7.9,10.3,6.9,10.2,12,3.5,7.2,8.9,7.4,7,10,7.6,8.9,8.7,10.4,9.9,7.2,8.9,12.2,7.9,10,4.8,8.7,8,7.2,3.9,9,7.6,7.9,7.6,9,9,13.3,8.3,11.2,14,4.3,7.9,10.1,11.5,11.2,11.2,9.4,11.2,11.2,12.2,11.9,9.7,13.3,14.4,9,11.2,6.5,10.1,10.1,9.4,6.8,11.2,9.4,,,,,,22.2204,114.2127
2026-09-06T08:00,26.2,26.3,26,26,25.9,26.2,26,25.9,26.1,26.4,26.2,26.4,26.2,26.3,26.9,26.1,25.6,25.9,26,26.4,26.2,26,26.1,25.9,26.1,26,26,25.8,25.9,25.9,26.4,26.2,26.1,26,25.7,26,26.4,26.1,25.9,26.2,91,92,92,92,93,93,95,95,92,92,93,93,93,91,89,95,93,93,94,91,92,92,93,96,93,92,94,94,92,93,92,93,94,93,97,94,92,94,92,92,0.1,2.3,0,0,0,0,1.4,6.3,0.1,0,0,0,0,0,0,0,0,0.1,0.4,0.3,0,0,0.1,0.3,0,0,0.8,1.6,0,0,0,0,0.6,0,2.4,2.9,0,0.1,0,0,2.2,1.5,2.6,2.4,2.6,2.3,2.6,2.2,1.8,2.1,1.8,1.5,2.7,1.9,1.1,1,2.5,2.5,2.5,1.8,1.9,1.6,1.6,1.5,1.9,1.1,1.6,0.8,1,1.1,2,2,0.5,3.4,2.2,2,2.3,1.9,1.8,2,,,,,,,,,,,,,,,,,,,,,,,,,,,,,,,,,,,,,,,,,27.5,27.8,27.4,27.5,27.8,27.6,27.8,27.4,27.5,27.5,27.5,27.7,27.4,27.5,27.5,27.2,26.9,27.3,27.7,27.3,27.7,27.6,27.8,27.3,27.7,27.4,27.5,27.7,27.6,26.4,26.7,77,76,79,75,78,76,77,79,75,78,77,77,78,78,76,79,78,78,76,79,80,79,76,78,77,77,75,79,76,80,80,0.1,0.1,0.8,0,0.1,0.1,0.1,0.1,0,0.1,0.1,0.1,0.2,0,0.1,0.1,0.1,0.2,0,0.8,0.4,0,0,0.3,0.1,0.2,0.1,0.1,0.1,0.2,0.1,7.4,6.4,8,8,12.2,7.9,9.7,10.8,4.6,8.4,9.7,9.3,8.8,9.2,8.1,9.4,8.2,9.8,9.7,8.6,10.5,12.4,7.6,10.6,5.6,8.9,10,8,5.2,9.4,7.4,8.3,7.6,9,9,15.8,9,11.2,12.2,5,9.7,10.8,13.7,13,10.1,9.4,10.8,9.7,11.2,11.5,10.4,15.1,14.4,8.3,11.5,7.6,10.1,12.2,10.4,7.9,10.4,8.6,,,,,,22.2204,114.2127
2026-09-06T09:00,26.4,26.4,26.5,26.3,26.5,26.5,26,25.6,26.6,26.8,26.6,26.7,26.4,26.8,27.1,26.7,26.3,26.3,26.5,26.5,26.6,26.6,26.2,25.9,26.7,26.7,26.1,25.9,26.2,26,27,26.4,26.1,26.4,25.7,26.1,26.7,26.1,26.3,26.6,89,90,90,90,90,91,95,97,89,90,90,91,91,89,88,91,89,90,91,91,89,89,93,96,89,88,93,93,91,93,88,92,94,90,97,93,90,95,90,90,0.1,0.1,0.3,0.2,0.4,0.1,0.1,3.9,0.3,0.4,0.2,0,0,0.2,0,0.3,0,0.5,0.2,0.1,0,0.1,0.8,0.8,0.2,0,0.3,1.2,0,0.1,0.3,0.3,2.1,0.3,1.5,0,0.3,1.3,0,0,2.9,1.8,2.3,2.9,2.8,3,2.7,2.5,2.3,2,1.8,1.4,3.3,2.3,1.5,1.8,2.9,3.3,3.3,2.4,2.2,1.4,1.9,1.8,1.9,1.8,1.8,1.5,1,0.8,2.3,2.3,1.3,3.7,2.3,2.8,2.9,2.6,1.8,2.5,,,,,,,,,,,,,,,,,,,,,,,,,,,,,,,,,,,,,,,,,28,28.3,27.9,28,28.1,28.1,28.3,27.8,28,28,28,28.1,28,28.1,27.7,27.7,26.8,27.9,28.3,27.6,28,28,28.3,27.8,28,27.9,27.8,28.1,28,26.6,26.8,75,74,77,73,77,74,75,78,72,76,75,75,75,75,75,77,78,75,73,77,78,77,74,76,75,74,74,77,75,79,79,0,0,0,0,0.1,0,0.1,0,0,0,0,0,0,0,0,0,0.1,0.1,0,0.2,0.1,0,0,0,0,0,0,0,0,0,0,7,6.9,7.6,7.8,13.7,7.3,7.9,10.3,5,8.3,9.3,11,9,7.9,8.4,9.5,7.7,9,8.7,8.8,11.5,11.8,7.1,9.6,5.6,7.8,10.9,8.1,6.3,9.7,7.4,8.6,7.9,8.6,8.3,17.3,8.6,10.8,11.5,6.1,10.1,11.2,15.8,13.3,9.4,9.7,10.1,8.6,10.1,10.1,10.8,15.8,13.3,7.9,11.2,7.6,9.4,13.7,10.8,9.7,10.4,8.3,,,,,,22.2204,114.2127
2026-09-06T10:00,26.7,26.5,26.7,26.5,27,26.7,26.1,25.7,26.8,27,27.1,26.8,26.6,27.2,27.3,27.1,27.3,26.7,27.2,26.6,27.1,27.1,26.2,26,27.4,27.1,26.2,26,26.5,26.1,27.5,26.7,26.3,26.9,25.9,26.3,27,26.1,26.7,27.1,89,91,87,88,88,89,94,97,88,88,87,91,89,86,87,89,85,89,88,90,87,86,93,96,86,85,93,93,90,93,85,89,92,88,96,92,89,95,88,88,0.1,0,0.4,0.2,0.5,0.2,0,1.8,0.3,0.2,0.3,0,0,0.1,0,0.2,0,0.4,0.1,0.1,0,0.1,0,0.1,0.4,0,0.4,0.3,0,0.1,0.2,0.6,1.5,0.4,1.1,0,0.5,1.6,0,0,3.3,1.8,3,3.3,3.1,3,3.1,2.5,2.6,2.3,2.9,1.9,3.7,2.4,1,2,3.3,3.7,3.6,2.7,2.2,1.4,2.1,2.2,1.8,1.6,1.8,2.9,1.6,1.1,2.7,2.6,2,3.7,1.8,2.6,3.2,2.8,1.8,2.6,,,,,,,,,,,,,,,,,,,,,,,,,,,,,,,,,,,,,,,,,28.6,28.9,28.6,28.6,28.5,28.8,28.8,28.2,28.6,28.5,28.7,28.7,28.8,28.9,28,28.3,26.8,28.7,29,27.9,28.3,28.7,28.9,28.5,28.5,28.7,28.1,28.6,28.4,26.8,26.9,72,71,74,70,75,71,73,76,69,73,73,73,71,71,73,75,78,72,69,75,77,75,71,72,73,70,74,74,73,78,77,0,0,0,0,0.1,0,0.1,0,0,0,0,0,0,0,0,0,0.1,0.1,0,0.2,0.1,0,0,0,0,0,0,0,0,0,0,6.7,7,7,6.6,15,6.2,5.8,10.1,5.7,7.7,8.6,13,9,6,8.6,8.7,6.7,7.9,7.4,8.7,12,10.2,6.4,7.9,5.2,6.2,12.2,7.7,7.5,9.6,7.3,8.6,8.3,7.9,7.2,18.4,7.9,10.1,10.8,7.2,9.4,11.2,18,13,8.6,10.1,9.4,7.9,9.4,8.3,10.8,16.2,11.5,7.6,10.1,7.6,8.6,14.8,10.4,11.9,10.4,7.9,,,,,,22.2204,114.2127
2026-09-06T11:00,27.2,26.7,27.3,26.9,27.6,27.1,26.3,25.7,26.9,27.4,27.8,27.2,26.7,27.6,27.6,27.6,28.1,27.2,27.9,26.8,27.6,27.8,26.3,26.4,28.3,27.4,26.4,26.1,26.9,26.4,28.1,27.2,26.5,27.5,26.3,26.8,27.5,26.2,27.1,27.5,86,90,86,86,85,86,94,96,86,86,83,89,88,83,84,86,80,87,85,89,83,83,92,94,82,84,91,91,87,92,81,86,90,85,92,89,85,94,85,86,0.2,0,0.4,0.2,0.5,0.1,0,1.8,0.2,0.1,0.2,0,0,0,0,0.1,0,0.5,0.1,0.4,0,0.1,0,0,0.5,0,0.3,0.4,0,0,0.2,0.3,1.1,0.6,0.5,0,0.5,2,0,0,4,1.8,3.3,3.6,3.7,3.6,3.1,1.8,3,2.6,3.2,1.9,4.2,3.1,1.1,2.1,4.5,4.4,4.5,2.9,2.3,2.5,2.4,2.2,2.5,2.1,1.8,3.7,2.3,1.8,3.3,3.1,1.8,4,3.1,3.3,3.8,3.4,2.4,3.1,,,,,,,,,,,,,,,,,,,,,,,,,,,,,,,,,,,,,,,,,29.1,29.3,29.1,29.1,28.7,29.2,29.3,28.6,29.1,29,29.2,29,29.3,29.4,28.3,28.8,26.8,29.2,29.5,28.3,28.7,29.2,29.4,29.1,28.8,29.2,28.4,29,28.8,27.1,27.2,70,69,71,68,74,69,72,74,67,71,71,72,69,68,71,73,78,69,66,73,75,73,69,70,71,68,73,72,72,76,75,0,0,0,0,0.1,0,0.1,0,0,0,0,0,0,0,0,0,0.1,0.1,0,0.2,0.1,0,0,0,0,0,0,0,0,0,0,6.1,6.6,5.9,6.2,16.2,4.8,5.6,9.5,5.1,7.6,7.7,15.3,8,4.8,7.5,7.4,5.4,5.8,5.4,8.1,12.5,8.8,5.2,7.1,5.4,5.1,13.2,7.2,8.9,8.4,6.5,8.6,8.3,7.6,6.8,19.1,7.2,9.4,10.4,7.9,9.4,10.8,19.8,12.2,7.9,9.7,8.3,6.8,8.3,6.8,10.4,15.8,10.1,7.2,9.4,7.2,7.9,15.5,10.1,13,9.7,7.2,,,,,,22.2204,114.2127
2026-09-06T12:00,27.7,27.1,28.2,27.3,28.4,27.6,26.5,25.8,27.1,28,28.6,27.8,26.8,28.3,28.1,27.9,28.9,27.7,28.7,27.4,28.1,28.9,26.7,27,29.2,28,26.6,26.4,27.2,27,28.6,27.9,27.2,28.1,26.8,27.5,28.1,26.5,27.6,28,85,88,83,83,81,84,92,96,86,83,81,85,87,80,82,83,75,85,80,87,79,75,91,90,77,80,90,90,84,88,78,84,88,82,90,84,83,93,83,83,0.6,0,0.3,0,0.7,0,0,0.7,0.1,0,0.6,0,0,0,0,0,0,0.3,0.1,0.3,0,0,0.3,0,0.5,0,0,0.1,0,0,0.1,0.4,0,1,0,0.2,0.4,1.3,0,0,3.8,1.9,2.9,4.6,4.5,4,3.2,1.5,3,3.1,3.7,2.5,4.6,3.3,2.1,3.1,5.4,4,5.2,2.7,3.1,4,2.3,2.3,2.6,2.7,2.9,3.6,2.6,1.6,4,3,1.1,4,3.2,3.8,4,4,3.1,3.5,,,,,,,,,,,,,,,,,,,,,,,,,,,,,,,,,,,,,,,,,29.4,29.7,29.6,29.3,28.9,29.4,29.4,28.9,29.4,29.2,29.4,28.9,29.3,29.6,28.7,29.2,27.1,29.4,29.7,28.7,29,29.5,29.6,29.3,29.1,29.3,28.7,29.3,28.9,27.7,27.8,69,68,69,67,74,68,72,73,66,70,70,73,69,67,69,71,76,69,66,72,74,71,68,70,70,68,72,71,71,73,72,0.1,0,0,0.1,0,0,0.1,0.1,0,0,0.1,0.1,0,0,0,0,0,0,0,0,0,0.1,0,0,0,0.1,0,0.1,0,0,0,5.2,5,3.5,6.6,16.9,4.1,5.8,8.2,2.9,8.7,6.5,17.7,6.4,2.5,5.1,4.9,3.1,2.3,3.1,6.5,12.5,8,2.9,6.9,5.8,4.8,13.2,6.4,8.9,5.3,4.6,7.9,7.2,7.2,7.2,19.4,7.2,8.6,10.1,7.6,10.4,10.1,21.6,10.8,7.2,8.6,7.2,5.8,7.6,6.1,10.1,15.1,9.4,6.5,9.4,6.8,7.9,15.5,9.7,12.6,7.9,6.1,,,,,,22.2204,114.2127
2026-09-06T13:00,28,27.6,28.7,27.8,29.1,28.1,26.9,26.2,27.5,28.7,29,28.1,27.1,29.1,28.6,28.2,29.5,28.3,29.2,27.8,28.4,29.8,27,27.4,29.8,28.4,26.9,26.8,27.6,27.7,29,28.5,27.7,28.4,27.2,27.8,28.8,26.6,28,28.3,82,85,81,80,77,81,89,93,85,79,78,82,84,75,79,82,72,83,77,86,77,70,89,87,75,78,89,89,81,83,77,81,83,80,86,83,81,92,80,82,0.6,0.1,0.1,0,0.8,0,0,0.4,0.1,0,0.7,0,0,0,0,0,0,0.1,0.1,0.1,0,0,0,0,0.7,0,0,0,0,0,0,0.7,0.6,1.4,0,0.4,0.5,1.5,0,0,3.6,1.6,3.6,5,4.8,4,3.7,1.9,3.1,3,5.6,2.9,5.6,4.7,2.3,3.9,7.2,3.8,6.4,2.4,4.1,5.2,2.5,2.3,3.6,2.9,3.2,3.5,3.4,2.5,5.2,2.4,1.8,4.2,3.2,4,4.3,4.5,3.6,3.7,,,,,,,,,,,,,,,,,,,,,,,,,,,,,,,,,,,,,,,,,29.6,29.9,29.9,29.5,28.9,29.3,29.4,29.2,29.5,29.4,29.4,28.6,29.1,29.6,29,29.5,27.6,29.3,29.6,29,29.2,29.8,29.7,29.3,29.2,29.1,29,29.4,28.9,28.4,28.6,68,67,68,68,74,69,72,72,66,71,69,75,70,67,68,70,74,69,66,71,73,70,68,70,69,70,71,71,71,70,69,0.1,0,0,0.1,0,0,0.1,0.1,0,0,0.1,0.1,0,0,0,0,0,0,0,0,0,0.1,0,0,0,0.1,0,0.1,0,0,0,4.4,2.5,2.3,8,17.9,5.8,6.5,7.2,1.5,11,4.9,19.8,4.9,1.5,2.6,1.8,0.5,2.7,2.9,4.3,12.2,7.6,1.5,8.3,6.6,6.3,12.7,6.4,8.7,1.3,2.9,7.2,6.1,6.8,7.9,19.4,7.6,8.3,9.7,6.5,11.9,9,23,9,6.8,6.8,5.8,4.7,7.2,6.1,9.4,14,9.4,5.4,9.7,6.8,8.3,14.8,9.4,11.2,5.8,4.7,,,,,,22.2204,114.2127
2026-09-06T14:00,28.6,28.1,29.1,27.9,29.4,28.6,27,26.2,27.7,29.3,29.4,28.4,27.6,29.5,29,28.2,29.4,29,29.2,28.2,28.5,30.3,27.2,27.8,30.2,28.5,27.3,27.5,27.5,27.9,29,29.1,28.5,28.7,27.7,28.2,29.1,26.8,27.8,28.6,81,81,80,79,75,78,89,93,83,77,77,80,81,73,77,82,72,80,77,85,76,67,87,84,74,78,87,85,82,82,78,79,79,79,84,82,79,91,81,80,0.4,0.1,0.2,0,0.8,0,0.3,0,0.1,0.1,0.9,0,0,0,0,0.4,0,0.1,0.4,0.1,0,0,0,0,0.8,0,0,0,0,0,0.2,0.1,0.2,1.5,0,0.5,0.5,1.3,0,0,3.3,2.2,2.6,5.4,4.1,4,3,1.3,2.9,1.6,5.9,3.3,6.4,5.9,2.9,3.9,8.6,3.3,7.1,3.6,5.4,6.4,2.6,2.2,4.7,3.3,3.9,3.2,3.1,1.8,5,3.8,2.8,4.8,3.3,4,4.6,3.8,4.1,2.9,,,,,,,,,,,,,,,,,,,,,,,,,,,,,,,,,,,,,,,,,29.7,30,30.1,29.5,28.9,29.3,29.3,29.4,29.5,29.4,29.4,28.4,29,29.5,29.2,29.7,28,29.2,29.5,29.3,29.4,29.9,29.7,29.3,29.3,29,29.1,29.5,28.9,28.9,29.2,68,67,67,68,74,69,72,72,66,71,69,76,71,68,67,69,72,70,67,70,73,69,68,71,69,71,70,71,71,68,67,0.1,0,0,0.1,0,0,0.1,0.1,0,0,0.1,0.1,0,0,0,0,0,0,0,0,0,0.1,0,0,0,0.1,0,0.1,0,0,0,5.1,1.1,4.7,9,18.9,7.9,8.2,7.3,4.1,13.7,3.9,20.7,4.7,3.6,4.2,1.6,2.6,5.8,5.1,2.2,11.9,7.1,3.7,10,8.2,8.2,12.3,6.8,9,1.6,4.1,6.5,5,6.8,8.6,19.4,8.3,8.3,9.7,6.1,13,7.9,23.4,7.9,6.8,5.8,5,4.3,6.8,6.1,9,13,9,5,10.1,7.6,8.3,14,9,10.4,4,4.3,,,,,,22.2204,114.2127
2026-09-06T15:00,29,28.3,29.3,28.2,29.8,28.9,27.3,26.4,28.3,29.7,29.2,28.6,28,30,29.2,27.7,28.9,29.1,28.9,28.5,28.5,30.6,27.5,27.9,30,28.8,27.7,28.3,27.7,28.4,29.2,29,28.7,28.7,27.9,28.7,29.6,26.9,27.9,28.9,80,81,79,77,73,76,88,91,79,76,77,78,79,70,75,84,75,79,78,83,76,65,85,83,75,76,85,82,81,79,77,79,79,80,83,81,77,89,81,78,0.1,0.4,0.2,0,0.1,0,0,0.1,0,0.1,1,0,0,0,0,0.6,0,0.1,0.5,0.1,0,0.1,0,0,1.3,0,0,0,0,0,0.2,0.7,0.5,1.7,0.2,0.1,0.6,1.1,0,0,2.9,2.3,2.9,5.5,3.2,5.2,2.5,1.5,3.1,2.9,5.6,3.3,6.7,6.1,3.4,3.6,9.5,3.9,8,4.6,5.4,6.6,2.5,2.2,6.5,3.3,4.1,3.7,3.4,1.1,4.4,4,3.1,5.2,2.9,3.1,4.6,3.6,4.2,2.2,,,,,,,,,,,,,,,,,,,,,,,,,,,,,,,,,,,,,,,,,29.7,29.8,30.1,29.5,28.9,29.2,29.2,29.5,29.5,29.4,29.4,28.5,29,29.4,29.3,29.6,28.3,29.3,29.6,29.4,29.5,29.9,29.6,29.3,29.3,29.1,29.1,29.4,29,29,29.3,68,67,67,68,74,69,72,72,66,71,68,76,71,69,67,69,71,70,67,70,72,69,68,72,69,70,70,71,71,68,67,0,0.3,0.2,0.1,0,0,0,0.3,0,0.1,0,0,0,0,0.1,0.1,0,0,0,0,0.1,0.1,0,0,0,0.1,0,0,0,0,0,6.2,2.8,6.5,8.9,18.8,9.1,10.2,8.1,6.3,14.7,4.1,20.1,5.4,5.7,5.9,2.9,4.4,6.8,6.5,4,10.4,5.7,5.9,10.6,10.1,8.2,12.6,7.6,9.8,2.4,5.8,6.8,5,6.8,8.6,19.4,9,9.4,10.1,6.5,13.7,7.2,22.3,7.6,7.6,6.1,4.7,5.4,6.5,6.5,9.7,11.5,8.6,5.8,10.1,9.7,7.9,13.7,9,10.4,3.6,5,,,,,,22.2204,114.2127
2026-09-06T16:00,29.1,28.3,28.8,28,29.9,28.8,27.3,26.3,28.4,29.7,29,28.5,28,29.8,29.2,27.5,28.2,28.9,28.5,28.5,28.4,30.4,27.5,27.9,29.2,28.9,27.7,28.4,27.4,28.4,29.4,28.7,28.3,28.6,27.9,29,29.6,26.7,27.7,28.8,80,81,81,78,73,76,87,92,78,76,78,79,78,71,75,85,80,80,80,83,77,66,85,83,78,76,85,81,81,79,77,80,80,80,83,80,76,90,82,79,0.2,0.3,1.9,0,0.1,0,0,0.6,0,0.1,0.7,0,0,0,0,0.5,0,0.9,0.3,0.1,0,0.1,0,0,2.4,0,0,0.4,0,0,0,0.7,0.7,1.2,0.4,0.1,0.2,0.9,0,0,3.9,2.9,3.3,5.1,2.3,4.2,0.7,1.3,3.3,4.4,5.6,2.2,6.4,5.4,4.8,3.9,9.5,4.7,6.8,4,4.7,6.6,2.1,2.2,7,3.2,4.7,4.1,2.9,1.8,4,3.6,2.9,4.9,2.2,2.9,4.8,3.2,3.7,1.6,,,,,,,,,,,,,,,,,,,,,,,,,,,,,,,,,,,,,,,,,29.5,29.5,29.8,29.5,28.8,29.2,29.1,29.4,29.4,29.3,29.4,28.7,29.1,29.2,29.3,29.4,28.6,29.3,29.6,29.3,29.5,29.9,29.5,29.2,29.1,29.2,29.1,29.3,29,28.9,29.1,69,68,68,68,74,70,73,72,67,72,68,77,70,70,68,69,71,70,67,71,72,70,69,72,70,69,70,71,71,68,68,0,0.3,0.2,0.1,0,0,0,0.3,0,0.1,0,0,0,0,0.1,0.1,0,0,0,0,0.1,0.1,0,0,0,0.1,0,0,0,0,0,7.5,5.2,7.6,8.6,18,9.8,12.5,9.2,7.7,14.6,4.7,18.5,6.1,7.7,7.7,3.8,6.3,6.9,7.6,8.4,9.3,5.2,7.7,10.4,12.2,7.4,12.3,8.3,10.1,2.4,7.1,7.6,5.4,7.2,8.3,19.1,9.7,11.5,10.4,7.6,14,6.5,20.2,7.9,8.6,6.8,4.7,7.6,6.5,7.2,10.4,10.1,8.6,7.2,10.1,12.6,7.2,13.7,9.4,10.8,3.6,6.8,,,,,,22.2204,114.2127
2026-09-06T17:00,28.5,28.3,28.6,27.8,29.6,28.8,27.2,26.3,28.4,28.8,28.6,28.4,27.9,29.3,28.9,27.3,27.6,28.4,28.2,28.4,28,29.8,27.5,27.9,28.5,28.8,27.6,28.2,27.3,28.2,29,28.4,27.9,28.4,27.8,28.8,29.1,26.6,27.4,28.7,82,80,81,79,75,78,88,92,77,80,79,80,80,73,76,85,83,83,80,83,80,70,84,82,80,76,85,82,82,80,78,80,82,80,84,80,79,90,83,79,1.6,0,0.5,0,0.7,0,0,0,0,0.3,0.3,0,0,0.1,0,0.1,0,1.9,0.2,0.2,0,0,0,0,1.9,0,0,0.2,0,0,0.4,0,0.4,0.2,0.2,0.3,0.8,0.3,0,0,3.1,2.8,2.8,4.9,2.9,3.8,2.3,1.8,3.3,4.1,2.9,1,4.6,3.7,5.1,4.2,6.6,4.3,5.4,6.4,3.6,6.2,1.8,2.3,4.8,2.5,4.9,3.6,2.7,1.8,3.6,3.6,2.6,4.4,1.6,3.1,4.8,2.5,3.3,1.9,,,,,,,,,,,,,,,,,,,,,,,,,,,,,,,,,,,,,,,,,29.3,29.3,29.6,29.3,28.6,29.1,28.9,29.2,29.3,29.2,29.4,28.7,29.1,29.1,29.2,29.2,28.7,29.3,29.5,29.2,29.4,29.7,29.3,29.1,28.9,29.3,28.9,29.2,28.9,28.8,28.9,70,69,69,69,75,71,74,73,68,73,68,77,70,71,69,70,72,70,68,72,72,71,70,73,71,69,71,71,71,69,69,0,0.3,0.2,0.1,0,0,0,0.3,0,0.1,0,0,0,0,0.1,0.1,0,0,0,0,0.1,0.1,0,0,0,0.1,0,0,0,0,0,8,6.9,8.3,8.4,16.9,10.1,14,10.2,8.7,14,5.8,16.9,6.9,9,8.6,4.7,7.1,6.7,8.4,11.5,9.2,5.8,8.9,10,13.7,6.6,12,8.6,10.4,2.9,8.3,7.9,6.1,7.9,8.3,18.7,10.4,13,11.2,8.3,14,6.8,18.4,8.3,9.4,7.6,5,9,6.5,7.9,11.5,9,8.6,8.3,10.1,14.8,6.8,13.3,9.4,11.2,4.3,8.3,,,,,,22.2204,114.2127
2026-09-06T18:00,27.9,28.2,28.3,27.4,28.7,28.5,27.1,26.3,28.1,28.4,28.5,28.4,27.7,29.1,28.5,27.1,27.2,27.9,27.9,27.9,27.7,29.1,27.5,27.8,28.1,28.4,27.4,28,27,27.9,28.5,28.1,27.7,28,27.4,28.4,28.6,26.6,27.1,28.6,84,80,82,82,80,81,90,92,79,81,80,81,82,76,79,85,85,85,82,84,82,75,84,82,82,80,86,83,84,83,80,82,83,83,87,82,82,90,85,80,1.2,0,0.2,0,1.6,0,0,0,0,0.2,0,0,0,0,0,0,0,1.4,0,0.3,0,0,0,0,0.6,0,0,0,0,0,0.3,0,0.1,0,0.7,0.6,0.6,0,0,0,2.4,2.4,2.6,3.5,3.1,2.5,2.2,1.1,3.1,2.9,1.9,0.4,3.4,1.8,2.5,3.1,5.2,3.8,3.8,4.7,2.9,4.6,1.8,2.3,2.7,2.3,4,2.9,2.2,2.4,1.5,2.2,2.2,3.3,2.2,2.4,3.1,2.2,3,1.8,,,,,,,,,,,,,,,,,,,,,,,,,,,,,,,,,,,,,,,,,29.1,29.1,29.3,29.1,28.5,28.9,28.6,29,29,29,29.2,28.5,29,28.9,29,29,28.6,29.2,29.2,29,29.3,29.4,29.1,29,28.7,29.1,28.7,29,28.7,28.7,28.7,71,70,70,71,76,73,76,75,70,75,70,78,71,72,70,71,74,72,70,74,73,73,71,74,73,70,72,72,72,70,71,0,0.5,0,0.2,0,0,0.1,0.9,0,0,0,0,0,0,0,0,0,0,0,0,0.1,0.1,0,0,0,0,0,0,0,0,0,7.7,7.7,8.3,8.3,15.5,10.5,14.6,11.1,8.9,12.7,7.5,15.5,7.6,9.2,8.7,5.8,6.7,7.2,9.1,12.2,9.3,6.8,9.2,9.8,13.6,6.9,10.9,8.3,10.8,4.2,9.1,7.9,6.8,9,8.3,18,10.8,14,11.9,8.6,13.3,8.6,16.6,8.6,9.4,7.9,5.8,9,7.2,9,12.2,9,8.6,9,10.8,15.1,7.6,12.6,9,11.5,5.4,9.4,,,,,,22.2204,114.2127
2026-09-06T19:00,27.6,27.9,27.8,26.9,27.9,28.2,26.8,26.3,27.7,28.1,28.2,28.2,27.3,28.8,28.2,26.9,26.7,27.5,27.3,27.6,27.4,28.3,27.4,27.6,27.8,28,27,27.6,26.7,27.6,28.1,27.6,27.4,27.4,27,28,28.2,26.5,26.9,28.4,86,82,85,85,85,83,91,92,82,83,82,82,84,79,81,86,87,87,87,84,85,82,84,83,83,83,88,86,85,85,83,85,85,87,89,84,85,91,87,82,0.3,0,0.2,0,0.4,0,0,0,0,0,0,0,0,0,0,0,0,0.4,0,0,0,0,0,0,0,0,0,0,0,0,0,0,0,0,0.6,0.3,0,0,0,0,1.5,1.8,1.4,3.2,2.8,2.1,2.9,2.2,2.7,1.5,1.1,0.5,2.5,1,1.1,2.6,3.7,2.5,3.2,2.6,2.6,2.6,1.8,1.6,2.3,1.8,4,1.8,1.9,1.8,1.8,2.3,2.3,2.8,1.5,0.5,2.3,2.4,2.5,2.1,,,,,,,,,,,,,,,,,,,,,,,,,,,,,,,,,,,,,,,,,28.9,28.9,29.1,28.7,28.3,28.6,28.3,28.6,28.7,28.8,29,28.2,28.8,28.7,28.8,28.8,28.4,29,28.8,28.8,29,29,28.9,28.8,28.5,28.9,28.5,28.9,28.4,28.5,28.4,72,72,72,73,78,75,78,78,71,77,72,80,73,73,72,73,76,74,72,75,75,76,73,74,75,72,74,74,74,71,73,0,0.5,0,0.2,0,0,0.1,0.9,0,0,0,0,0,0,0,0,0,0,0,0,0.1,0.1,0,0,0,0,0,0,0,0,0,7.5,8,8.7,8.1,14.2,10.1,14.4,11.6,8.7,11.2,9.7,13.7,7.9,8.8,8.2,6.8,6.3,7.8,9.4,11.6,9.3,7.9,8.9,10.4,12.9,7.7,10,8,11.3,6,10.1,7.9,7.9,10.8,8.3,17.3,11.2,14.8,13,8.3,12.6,11.2,15.1,9.4,9.4,7.9,6.8,8.6,8.6,10.1,13.3,9.7,9,9.7,11.5,14.8,8.6,11.5,8.6,12.2,7.2,10.4,,,,,,22.2204,114.2127
2026-09-06T20:00,27.6,27.7,27.6,26.5,27.4,27.9,26.6,26.4,27.5,27.9,28,28,27.1,28.5,27.9,26.8,26.5,27.4,26.9,27.6,27.1,28,27.3,27.4,27.7,27.8,26.8,27.3,26.6,27.5,27.8,27.3,27.3,27,27,27.8,28,26.4,26.8,28.2,86,82,86,87,88,85,92,91,83,85,84,83,86,81,83,86,89,87,90,85,86,84,84,84,84,85,90,88,87,86,85,87,86,89,89,85,87,91,88,83,0,0,0,0,0.1,0,0,0,0,0,0,0,0,0,0,0.2,0,0.1,0,0,0,0,0,0,0,0,0,0,0,0,0,0,0,0,0.1,0,0,0,0,0,1.5,1.8,1.5,3.1,2.5,1.1,2.3,0.7,2.4,1.5,1.3,0,2.5,1.5,0.7,2,2.6,2.2,3.4,2,2.6,1.8,1.4,1.9,2,1.5,3.3,2.2,1.5,1.5,1.8,2.3,1,2.8,0.8,0.4,1.6,2.6,2.3,2.3,,,,,,,,,,,,,,,,,,,,,,,,,,,,,,,,,,,,,,,,,28.7,28.7,28.9,28.4,28.2,28.3,28,28.3,28.4,28.6,28.8,28,28.6,28.5,28.6,28.6,28.2,28.8,28.5,28.6,28.8,28.7,28.7,28.6,28.3,28.6,28.3,28.7,28.2,28.4,28.2,73,73,74,75,79,77,80,80,73,78,74,81,75,74,74,75,78,76,74,77,77,78,74,75,77,74,75,75,75,72,75,0,0.5,0,0.2,0,0,0.1,0.9,0,0,0,0,0,0,0,0,0,0,0,0,0.1,0.1,0,0,0,0,0,0,0,0,0,7.4,8.2,9.5,8.1,12.8,9.8,13.9,12.6,8.2,9.7,11,12.2,8,8,7.9,7.6,6.6,8.2,9.7,10.8,9.1,8.6,8.4,10.9,11.8,7.9,9.2,7.4,11,7.4,10.4,7.9,8.6,11.5,8.6,16.2,10.8,15.1,14,8.3,11.5,13,13.7,9.7,9,8.3,8.3,8.3,9.4,10.8,13.3,10.1,9.7,9.7,11.9,14,9.4,10.4,8.3,12.2,8.3,11.2,,,,,,22.2204,114.2127
2026-09-06T21:00,27.4,27.6,27.4,26.3,27.3,27.7,26.6,26.4,27.4,27.7,27.9,27.7,27,28.2,27.6,26.7,26.4,27.5,26.6,27.5,27,27.8,27.3,27.3,27.7,27.6,26.7,27.2,26.5,27.3,27.6,27.2,27.1,26.7,26.9,27.6,27.9,26.3,26.7,28,87,83,87,89,89,86,92,91,83,86,85,84,86,82,84,87,90,87,92,85,87,86,84,84,84,86,90,89,87,87,86,88,87,90,89,86,88,91,88,84,0,0,0,0,0,0,0,0,0,0,0,0,0,0,0,0.2,0,0,0,0,0,0,0,0,0,0,0,0,0,0,0,0,0,0,0,0,0,0,0,0,1.5,1.6,1.4,3.1,2.3,1.1,1.1,1.1,2.5,1.8,1.4,1.4,2.6,1,0.8,2.3,2.2,2.3,3.4,2.3,2.9,2.1,1.5,2.2,2,1.5,1.9,1.9,1.6,1.5,1.4,2.3,0.4,2.5,0.8,0.4,1.1,2.1,2.4,2.2,,,,,,,,,,,,,,,,,,,,,,,,,,,,,,,,,,,,,,,,,28.6,28.6,28.7,28.3,28.1,28.2,27.8,28.2,28.3,28.5,28.6,27.9,28.5,28.4,28.4,28.4,28.1,28.6,28.4,28.5,28.6,28.4,28.5,28.4,28.2,28.5,28.2,28.6,28.1,28.2,28.1,75,74,76,76,80,78,81,81,74,79,76,82,76,75,75,77,79,77,76,78,78,79,76,76,78,75,76,77,76,73,76,0,0,0,0,0.1,0,0.5,3.7,0,0,0,0,0,0,0,0.5,0,0,0,0,0,1.5,0.1,0,0,0,0,0,0,0,0,7.4,8.4,9.7,8.8,12,8.7,13.4,13.7,8,8.7,11.3,11.2,7.5,7.1,7.9,8.4,6.9,8.1,9.7,10.2,8.9,9.3,7.6,10.4,10.9,7.4,8.7,7.1,10.4,7.8,10.1,7.9,9,11.5,9.4,15.1,9.4,15.1,15.8,7.9,10.4,13.3,13,9.4,8.3,8.6,9.7,8.3,9.4,11.2,12.2,10.4,10.8,8.6,11.5,13,8.6,9.4,8.3,11.5,8.6,11.2,,,,,,22.2204,114.2127
2026-09-06T22:00,27.4,27.5,27.2,26.1,27.1,27.5,26.5,26.3,27.2,27.5,27.7,27.5,26.9,27.9,27.4,26.6,26.3,27.5,26.5,27.4,26.9,27.6,27.2,27.2,27.4,27.5,26.7,27,26.3,27.1,27.3,27,26.9,26.6,26.8,27.4,27.7,26.3,26.6,27.8,87,83,88,91,90,88,93,91,85,86,86,85,87,84,85,88,91,86,92,85,88,87,83,85,85,87,91,90,88,88,88,89,88,91,89,87,89,91,89,85,0,0,0,0,0,0,0,0,0,0,0,0,0,0,0,0,0,0,0,0,0,0,0,0,0,0,0,0,0,0,0,0,0,0,0,0,0,0,0,0,1.3,1.3,1.1,2.6,1.9,1.5,0,1.1,2.9,1.6,1.5,1.5,2.5,1.3,0.7,1.9,1.9,1.8,2.9,1.9,2.6,1.8,0.8,2.7,1.8,1.3,1.1,2,1,1.8,1.1,2,1.1,1.8,1.1,0.8,1,1.5,2.3,1.9,,,,,,,,,,,,,,,,,,,,,,,,,,,,,,,,,,,,,,,,,28.4,28.4,28.5,28.2,28,28.1,27.7,28.1,28.2,28.4,28.4,27.8,28.3,28.2,28.3,28.2,28,28.4,28.3,28.4,28.5,28.2,28.3,28.3,28.1,28.3,28.2,28.4,28,28,28,76,76,78,76,81,79,82,82,74,79,78,83,77,77,77,79,80,78,77,79,79,80,78,78,79,77,76,78,77,74,76,0,0,0,0,0.1,0,0.5,3.7,0,0,0,0,0,0,0,0.5,0,0,0,0,0,1.5,0.1,0,0,0,0,0,0,0,0,7.3,8.3,9.2,10,11.3,7.6,12.6,15.1,7.4,7.7,10.7,10.8,7.3,6.3,8.1,9.6,7.1,7.8,9.4,9.3,9.2,10,6.9,9.4,10,6.4,7.7,7.1,9,8.1,9.3,7.9,9,10.8,10.4,14,7.6,14.4,18,7.2,9,12.6,12.6,9,7.2,9.4,11.2,9,8.6,11.2,10.4,10.4,12.2,7.2,10.4,11.5,7.6,8.6,8.3,10.1,8.6,10.4,,,,,,22.2204,114.2127
2026-09-06T23:00,27.2,27.3,27.1,26,26.9,27.4,26.4,26.3,27,27.3,27.4,27.3,26.8,27.7,27.2,26.5,26.1,27.3,26.3,27.2,26.8,27.3,27.1,27,27.2,27.4,26.5,26.8,26.2,26.9,27,26.8,26.8,26.4,26.7,27.3,27.4,26.2,26.6,27.7,88,84,89,91,91,89,93,92,86,88,87,86,88,86,86,89,92,87,93,86,88,89,84,87,86,87,92,91,89,89,89,90,89,92,90,88,90,92,89,85,0,0,0,0,0,0,0,0,0,0,0,0,0,0,0,0,0,0,0,0,0,0,0,0,0,0,0,0,0,0,0,0,0,0,0,0,0,0,0,0,1.1,1.5,0.8,1.6,1.5,1.1,0.8,1.1,2.2,1.1,1.3,1.5,2,1.5,1.3,1.1,2.1,1.6,2.6,1.1,1.8,2.6,0,3.2,1.5,1.3,1.8,1.8,0.5,1.6,1.5,1.9,1.1,1.6,1.1,1.6,0.4,1.8,1.3,2.1,,,,,,,,,,,,,,,,,,,,,,,,,,,,,,,,,,,,,,,,,28.2,28.3,28.4,28,27.9,28,27.7,28,28,28.3,28.2,27.7,28.2,28.1,28.1,28,27.9,28.2,28.2,28.3,28.4,28,28.1,28.1,28,28.2,28.1,28.3,27.9,27.9,28,78,77,79,76,81,80,82,82,75,79,79,83,77,78,78,80,80,79,78,79,80,81,79,79,79,78,76,79,78,75,77,0,0,0,0,0.1,0,0.5,3.7,0,0,0,0,0,0,0,0.5,0,0,0,0,0,1.5,0.1,0,0,0,0,0,0,0,0,7.6,8.4,8.4,10.9,10.3,5.8,11.2,16.1,6.8,6.9,9.6,9.7,7.4,5.4,9,10.6,7.8,8,9.4,7.7,8.6,11,5.9,8.9,8.9,6.2,7.2,6.3,7.6,8.3,9,8.6,9.4,9.7,11.5,13,6.8,13.3,19.8,7.2,8.3,11.9,11.9,8.6,7.2,10.1,13,9.4,9,11.5,9,10.4,13.7,6.8,10.1,10.1,7.2,7.9,7.9,9.4,8.6,10.4,,,,,,22.2204,114.2127
2026-09-07T00:00,27.1,27.1,26.9,26,26.7,27.2,26.4,26.2,26.8,27.1,27.2,27.1,26.6,27.4,27,26.4,26,27.2,26.3,27.1,26.7,27.1,26.9,26.8,27,27.2,26.4,26.7,26.1,26.7,26.8,26.6,26.6,26.3,26.5,27.1,27.2,26.1,26.5,27.7,89,85,90,91,92,90,93,92,87,89,88,87,89,87,87,89,93,87,93,87,89,90,86,88,87,88,92,91,90,91,90,90,90,92,91,88,92,92,90,86,0,0,0,0,0,0,0,0,0,0,0,0,0,0,0,0,0,0,0,0,0,0,0,0,0,0,0,0,0,0,0,0,0,0,0,0,0,0,0,0,1.5,1.1,0.8,1.6,1.5,1.3,2.4,1.5,2.2,0.8,1.1,1.8,1.6,1.8,1.1,1.5,1.5,0.8,2.3,0.4,1.1,2.6,0.5,3.2,1.1,1.8,2.2,2.3,1.3,1.3,1.6,1.8,0.8,1.8,1.1,1.9,2.5,2.1,0.4,2,,,,,,,,,,,,,,,,,,,,,,,,,,,,,,,,,,,,,,,,,28,28.1,28.2,27.9,27.8,27.8,27.6,27.9,27.8,28.2,28.1,27.6,28.1,28,27.9,27.8,27.8,28,28,28.1,28.2,27.9,27.9,28,27.8,28,28,28.1,27.8,27.7,27.9,79,78,80,77,81,81,82,82,76,80,79,83,77,79,79,81,80,80,79,79,81,81,79,80,79,79,76,79,78,76,78,0.3,0,0.5,0.1,0.5,0.3,0.8,3.1,0,0.1,0.2,0.5,0,0,0.8,1.1,0.1,0.5,0.3,0.1,0.9,1.4,0.3,0,0,0.1,0,0.1,0.1,0,0.1,9,8.7,6.7,11.5,8.9,5.2,9,17.4,6.8,7.3,8.5,8.4,7.4,6.1,10.2,12.5,8.7,9.5,10.2,6,7.9,13.3,6.1,9.4,7.8,6.4,6.8,4.6,6.9,8.5,9.4,10.4,10.4,8.6,12.6,11.9,7.6,11.2,21.6,7.9,8.6,10.8,10.8,8.6,8.6,11.2,15.1,10.1,11.2,12.6,7.9,10.4,15.8,8.6,10.4,8.6,7.9,7.2,6.5,9.4,9.4,11.5,,,,,,22.2204,114.2127
2026-09-07T01:00,26.9,27,26.7,26,26.6,27.1,26.4,26.1,26.6,26.8,27,26.9,26.5,27.3,26.8,26.4,25.9,27,26.2,27,26.6,26.9,26.7,26.7,26.8,27.1,26.3,26.6,26,26.5,26.7,26.5,26.5,26.2,26.4,26.9,27.1,26,26.5,27.7,90,86,92,92,92,90,92,92,88,90,89,88,90,88,88,89,93,88,93,88,90,92,87,89,88,88,93,92,90,91,91,91,90,93,91,89,93,92,90,86,0,0,0,0,0,0,0,0,0,0,0,0,0,0,0,0,0,0,0,0,0,0,0,0,0,0,0,0.1,0,0,0,0,0,0,0,0,0,0,0,0,2.8,1.6,1.5,2.6,1.4,2.4,3.7,1.8,2.2,1.1,1.3,2.3,1.6,2.1,1,1.9,1.5,0.4,2.7,1.5,1.1,2.7,1.4,1.8,0.7,2.1,1.5,1.3,1.3,1.8,1.8,1.6,1.5,1.9,1.5,2.2,3.3,2.3,1.6,1.9,,,,,,,,,,,,,,,,,,,,,,,,,,,,,,,,,,,,,,,,,27.8,28,28,27.7,27.6,27.7,27.5,27.8,27.6,28,27.9,27.5,27.9,27.9,27.7,27.7,27.7,27.8,27.8,27.9,28,27.8,27.8,27.8,27.7,27.7,27.8,27.9,27.7,27.6,27.7,80,78,80,77,81,81,81,82,76,80,79,83,78,79,80,81,81,81,79,79,82,81,79,81,78,79,77,78,78,76,78,0.3,0,0.5,0.1,0.5,0.3,0.8,3.1,0,0.1,0.2,0.5,0,0,0.8,1.1,0.1,0.5,0.3,0.1,0.9,1.4,0.3,0,0,0.1,0,0.1,0.1,0,0.1,10.9,9.5,5.1,11.8,8,7,6.7,19.5,8,8.3,7.4,7,7.8,9.2,11.3,14.8,9.4,12.2,12.1,5.4,7.9,15.4,9.2,10.5,6.4,7.8,6.6,2.1,7.1,9,10.7,12.6,11.5,7.2,13.7,10.4,9.4,8.3,23.8,9.4,9.7,9.7,9.7,9,10.8,13,17.6,11.2,14.4,14,6.8,10.1,18.7,11.5,11.5,7.2,9,6.8,4.3,9.4,10.4,12.6,,,,,,22.2204,114.2127
2026-09-07T02:00,26.8,26.9,26.6,26,26.5,27.2,26.4,26,26.4,26.7,26.9,26.8,26.3,27.2,26.7,26.3,25.9,26.9,26.1,26.9,26.5,26.8,26.6,26.6,26.6,27.1,26.2,26.4,26,26.4,26.7,26.3,26.4,26.1,26.2,26.7,27,26,26.5,27.6,90,86,92,91,93,88,92,92,89,91,89,89,91,88,89,89,93,90,94,88,90,92,87,89,89,89,93,93,90,92,90,91,90,93,92,90,92,92,90,86,0,0,0,0,0,0,0,0,0,0,0,0,0,0,0,0,0,0,0,0,0,0,0,0,0,0,0,0,0,0,0,0,0,0,0,0,0,0,0,0,3.9,2.1,2.1,3.1,1.5,3.8,4,1.9,1.4,1.9,2,2.8,1.6,2.6,0.7,2.1,1.1,1.9,2.9,3.1,0.7,2.5,2.9,1.3,0.5,2.2,1.9,1.9,1.3,1.8,2.1,1.8,2.2,1.8,2.9,2.5,3.6,2.5,1.8,2.2,,,,,,,,,,,,,,,,,,,,,,,,,,,,,,,,,,,,,,,,,27.7,27.8,27.9,27.5,27.5,27.6,27.5,27.7,27.5,27.9,27.8,27.4,27.8,27.7,27.6,27.6,27.6,27.7,27.7,27.7,27.9,27.8,27.7,27.7,27.6,27.5,27.7,27.8,27.6,27.5,27.6,80,79,80,78,81,81,81,82,77,81,79,82,78,79,80,81,81,82,80,79,82,81,79,81,77,80,77,78,78,77,79,0.3,0,0.5,0.1,0.5,0.3,0.8,3.1,0,0.1,0.2,0.5,0,0,0.8,1.1,0.1,0.5,0.3,0.1,0.9,1.4,0.3,0,0,0.1,0,0.1,0.1,0,0.1,12.2,10.8,3.5,12.4,7.3,9.5,4.5,20.3,9.4,8.9,6.4,5.7,7.9,12.2,11.7,16.1,9.7,13.9,12.9,5.5,8,15.8,12.3,11.3,5.5,8.9,6.3,1.1,8.3,10,11.7,14,12.2,6.1,14.4,9,11.2,6.5,24.5,10.4,10.4,8.6,8.3,8.6,12.6,13.7,18.7,11.9,16.6,15.1,6.5,10.1,19.8,14,12.2,5.8,10.1,6.5,3.2,9.7,11.2,13.7,,,,,,22.2204,114.2127
2026-09-07T03:00,26.7,26.8,26.6,25.9,26.4,27,26.4,26,26.3,26.7,26.9,26.7,26.3,27.1,26.5,26.2,25.8,26.8,26,26.9,26.3,26.8,26.6,26.5,26.5,27.1,26.2,26.4,25.9,26.4,26.7,26.3,26.3,26,26.1,26.6,27,25.9,26.4,27.5,91,87,91,92,93,88,92,92,91,91,88,88,92,88,89,89,94,90,94,88,91,93,86,90,90,89,93,93,90,92,90,92,90,94,92,91,92,92,90,86,0,0,0,0,0,0,0,0,0,0,0,0,0,0,0,0,0,0,0,0,0,0,0,0,0,0,0,0,0,0,0,0,0,0,0,0,0,0,0,0,3.8,2.3,2.5,2.5,1.5,4.1,4.4,2,1.5,2.1,2.3,3.1,2.3,3.3,1,2.6,1,3.7,3.5,3.1,0.8,3,3.8,1.9,1.5,2.6,1.4,2.6,1.5,1.9,2.5,2.1,2.4,2.6,3.1,2.7,4,2.8,1.8,2.4,,,,,,,,,,,,,,,,,,,,,,,,,,,,,,,,,,,,,,,,,27.5,27.7,27.7,27.3,27.5,27.5,27.4,27.6,27.3,27.7,27.6,27.3,27.7,27.5,27.5,27.6,27.4,27.6,27.5,27.5,27.8,27.7,27.5,27.5,27.5,27.3,27.5,27.6,27.4,27.3,27.4,81,80,80,79,80,81,81,82,78,81,79,81,78,80,80,81,82,82,81,79,82,81,79,81,77,81,77,78,79,78,80,1,0.1,1.9,0.1,1,1.3,0.4,1.5,0,0,0,1.2,0.1,0.3,0.4,1.6,0.5,1.1,0.5,0.3,1.7,1.9,0.4,0,0,1,0.1,0.2,0.1,0,0.9,12,11.2,1.8,12.8,5.4,11.2,1.3,18.7,10.5,8.1,5.4,4.1,6.8,13.3,11.2,14.7,9.2,13.9,12.9,5.8,6.3,12.8,13.5,11.5,3.1,9.9,5.9,1.9,8.8,10,11.8,14,12.6,5.8,14.8,7.2,13,6.5,23.8,11.9,10.4,7.9,6.5,7.6,14,13.7,17.3,11.9,16.6,15.5,6.8,10.1,18.4,15.5,13,4.7,11.2,5.8,3.6,10.1,11.5,14,,,,,,22.2204,114.2127
2026-09-07T04:00,26.5,26.7,26.6,25.9,26.4,26.9,26.2,26,26.1,26.7,26.8,26.7,26.3,27.1,26.4,26.2,25.8,26.7,25.9,26.8,26.3,26.8,26.6,26.4,26.4,27.1,26.1,26.3,25.9,26.4,26.7,26.3,26.3,26,26.1,26.5,26.9,25.8,26.4,27.5,91,87,91,92,93,88,93,92,91,90,89,89,92,88,90,89,94,91,95,88,92,92,86,90,90,88,93,93,90,91,90,92,90,94,92,91,93,93,90,87,0,0,0,0,0,0,0,0,0,0,0,0,0,0,0,0,0,0,0,0,0,0,0,0,0,0,0,0,0,0,0,0,0,0,0,0,0,0,0,0,3.6,2.6,2.3,2.4,1.5,4.1,4.6,2.6,2.6,2.3,2.4,2.8,3.4,3.6,1.5,2.8,1.3,4.3,4.3,3.1,1.8,3.1,3.8,2.5,2.2,3.3,1.8,2.8,1,1.9,2.5,2.1,2.8,3.4,3.3,3.3,4.3,3.7,2.3,3.1,,,,,,,,,,,,,,,,,,,,,,,,,,,,,,,,,,,,,,,,,27.4,27.5,27.5,27.1,27.4,27.4,27.3,27.5,27.2,27.6,27.5,27.2,27.5,27.2,27.4,27.6,27.3,27.5,27.4,27.4,27.7,27.7,27.4,27.4,27.4,27.2,27.4,27.5,27.3,27.2,27.2,81,80,80,80,79,81,81,82,79,81,79,80,78,81,80,81,82,82,81,80,81,80,80,81,76,81,77,79,79,78,81,1,0.1,1.9,0.1,1,1.3,0.4,1.5,0,0,0,1.2,0.1,0.3,0.4,1.6,0.5,1.1,0.5,0.3,1.7,1.9,0.4,0,0,1,0.1,0.2,0.1,0,0.9,11.2,10.5,0,13.4,2.9,12.6,2.6,17.1,11.4,7.6,5.2,2.4,5.2,14,10.5,12.1,9.3,13.2,12.8,6.9,5.9,9.3,13.8,12.2,1.1,11.1,4.9,2.9,9.1,9.9,11.6,13.3,12.6,6.1,15.1,5.4,14.8,7.6,21.6,13.3,9.7,7.6,4.7,5.8,15.5,13.3,14.4,11.2,15.5,15.5,7.9,10.1,15.1,16.2,13.7,3.2,12.2,5.4,4.3,10.1,11.2,13.7,,,,,,22.2204,114.2127
2026-09-07T05:00,26.5,26.7,26.6,25.9,26.4,26.6,26.2,26.1,26.1,26.7,26.7,26.6,26.3,27.1,26.4,26.1,25.7,26.4,25.9,26.7,26.3,26.8,26.5,26.3,26.4,27.2,26.1,26.2,25.9,26.4,26.7,26.3,26.4,26,26,26.5,26.7,25.8,26.5,27.5,91,87,91,92,93,91,94,91,91,90,89,90,91,88,90,89,94,93,95,89,90,92,87,91,90,87,93,93,90,90,89,91,90,95,93,91,94,93,89,87,0,0,0,0,0,0,0,0,0,0,0,0,0,0,0,0,0,0,0,0,0,0,0,0,0,0,0,0,0,0,0,0,0,0,0,0,0,0,0,0,3.4,2.1,2.3,2.8,1.5,3.8,4.6,2.6,2.5,2.5,2.4,3.1,4.2,3.3,1.5,2.8,1.3,3.9,3.8,3.1,2.4,3.2,4.1,2.6,2.5,3.9,2.4,3.1,1.1,2.6,2.5,1.8,3.1,2.8,3.1,3.6,4.1,3.9,2.4,3.6,,,,,,,,,,,,,,,,,,,,,,,,,,,,,,,,,,,,,,,,,27.3,27.5,27.4,27,27.4,27.4,27.3,27.5,27.2,27.6,27.5,27.2,27.4,27.1,27.4,27.6,27.2,27.5,27.3,27.3,27.7,27.7,27.3,27.3,27.3,27.2,27.3,27.5,27.2,27.1,27.2,81,80,80,81,78,81,81,82,79,81,79,79,78,81,80,81,82,82,81,80,80,80,80,81,76,81,77,79,80,78,81,1,0.1,1.9,0.1,1,1.3,0.4,1.5,0,0,0,1.2,0.1,0.3,0.4,1.6,0.5,1.1,0.5,0.3,1.7,1.9,0.4,0,0,1,0.1,0.2,0.1,0,0.9,10.6,9.9,1.5,13.1,1.4,13.1,5,16.8,12,7.7,6,1.1,3.9,13.9,9.7,9.4,9,12.5,12.5,7.3,6.8,8.5,14,12.1,2.4,11,4.5,3.6,9.4,9.7,11.1,12.6,11.9,6.5,14.8,4.7,15.1,8.3,20.2,13.7,9.4,6.8,3.6,4.7,15.8,12.2,11.9,10.4,14.4,15.1,8.6,10.1,13.7,16.6,14,2.9,12.6,5,5.4,10.1,10.8,13.3,,,,,,22.2204,114.2127
2026-09-07T06:00,26.4,26.6,26.6,25.9,26.3,26.4,26.3,26.2,26.1,26.7,26.6,26.6,26.2,27,26.4,26,25.7,26.2,25.9,26.6,26.3,26.7,26.4,26.3,26.4,27,26,26.1,25.9,26.4,26.8,26.3,26.4,26,25.9,26.5,26.7,25.8,26.6,27.4,92,88,91,93,94,92,95,91,91,90,89,90,92,87,90,89,94,94,96,90,91,92,88,91,90,87,93,94,91,89,89,92,90,95,94,92,94,93,89,87,0,0,0,0,0,0,0,0,0,0,0,0,0,0,0,0,0,0,0,0,0,0,0,0,0,0,0,0,0,0.2,0,0,0,0,0,0,0,0,0,0,3.1,1.8,2.3,2.9,1.5,3.6,4.6,2.6,2.9,2.3,2.1,2.9,3.2,3.3,1.9,2.8,0.8,3.8,3.1,3.3,2.6,2.8,3.6,2.6,1.8,3.6,2.9,3.1,1.1,3.3,2.2,1.9,3.1,2.8,2.8,3.3,4.6,3.5,2.4,3.6,,,,,,,,,,,,,,,,,,,,,,,,,,,,,,,,,,,,,,,,,27.4,27.5,27.4,26.9,27.5,27.4,27.3,27.5,27.3,27.6,27.5,27.3,27.3,27.1,27.5,27.7,27.3,27.5,27.4,27.4,27.8,27.7,27.3,27.3,27.3,27.3,27.4,27.5,27.1,27.2,27.3,80,79,80,81,77,80,81,82,78,81,78,78,78,81,79,80,81,81,80,79,79,80,80,81,76,80,77,79,80,77,80,0.8,0.3,0.6,0.6,0.2,1.1,0.6,1.6,0.1,0,0,0,0.2,0.9,0.3,1.4,0.4,0.7,0.1,0.2,0.3,1,1.3,0,0,0.5,0.1,1,0.5,0,1.4,9.7,8.4,3.1,11.9,2.2,11.2,5.4,16.2,11.2,7.6,5.8,0.8,3.4,13.5,8.7,5.7,8.6,11.7,11.9,6.8,5.9,10.5,13.8,11.5,2.5,9.2,4.5,4,9.2,8.9,10.6,11.5,10.1,6.8,13.3,5,13,8.6,19.4,12.6,9,5.8,3.6,4.3,15.1,10.4,10.8,9.7,13.3,14.4,8.3,9.4,15.1,16.2,13,3.2,11.2,5.4,6.1,9.7,9.7,12.2,,,,,,22.2204,114.2127
2026-09-07T07:00,26.6,26.8,26.8,26,26.5,26.5,26.5,26.4,26.3,26.9,26.7,26.7,26.2,27.2,26.6,26.1,25.8,26.3,26.1,26.8,26.4,26.7,26.4,26.5,26.6,26.8,26.3,26.3,26.1,26.6,27,26.5,26.5,26.2,26.1,26.5,26.9,26,26.7,27.6,91,87,90,93,93,93,94,90,91,90,89,90,93,87,89,90,94,94,95,90,91,92,89,90,90,88,91,94,91,88,89,91,90,95,94,92,92,94,88,87,0,0,0,0,0,0,0,0,0,0,0,0,0,0,0,0,0,0,0,0,0,0,0,0,0,0,0,0,0,0.1,0,0,0,0,0,0,0,0,0,0,2.8,1.8,2.3,2,1.1,3.6,4.6,2.3,1.8,2.6,1.5,2.6,2.6,3.1,2.3,2.6,2.2,2.7,2.9,2.9,2.8,3.1,3.6,2.2,1.1,3.6,3.1,2.4,1.8,2.9,1.8,1.8,2.8,2.8,2.6,2.8,5.1,3.4,2.1,3.6,,,,,,,,,,,,,,,,,,,,,,,,,,,,,,,,,,,,,,,,,27.5,27.6,27.4,26.9,27.6,27.6,27.3,27.6,27.5,27.7,27.6,27.5,27.3,27.3,27.6,27.8,27.5,27.6,27.5,27.5,27.8,27.8,27.4,27.3,27.4,27.6,27.5,27.7,27.1,27.3,27.4,79,78,79,81,76,79,80,81,77,80,77,77,78,80,78,78,80,80,79,78,79,80,79,80,76,77,76,78,80,76,79,0.8,0.3,0.6,0.6,0.2,1.1,0.6,1.6,0.1,0,0,0,0.2,0.9,0.3,1.4,0.4,0.7,0.1,0.2,0.3,1,1.3,0,0,0.5,0.1,1,0.5,0,1.4,9,6.5,5.1,10.1,4.8,8,7,14.9,9.4,7.1,4.6,2.8,3.1,12.1,7.4,5.2,7.9,10.7,11.3,5.4,5,13.6,13.3,10.5,3.3,6.5,5.4,4.5,8.4,7.9,9.8,10.4,7.6,7.6,11.5,6.5,9.4,8.6,19.4,10.4,8.3,4.3,4,4.3,13.7,8.3,10.1,9.4,12.2,13.3,7.2,8.3,17.6,15.5,11.5,4,8.6,6.5,6.8,9,8.3,11.2,,,,,,22.2204,114.2127
2026-09-07T08:00,27.3,27.3,27.2,26.4,26.9,27.4,27.4,26.7,27,27.6,27.1,27.2,26.6,27.7,27.4,26.6,26.2,26.9,26.5,27.3,27,27.4,26.9,27,27,27.2,26.9,26.9,26.4,27.2,27.3,27,27.1,26.8,26.5,27,27.5,26.7,26.9,28.1,90,87,90,92,92,88,90,91,89,89,89,90,92,85,88,88,91,93,94,89,91,89,89,88,90,86,89,92,90,87,91,91,89,93,92,92,88,94,88,86,0,0,0,0,0,0,0,0,0,0,0,0,0,0,0,0,0,0,0,0,0,0,0,0,0,0,0,0,0,0,0,0,0,0,0,0,0,0,0,0,2.3,1.8,2,1.6,1.1,4.4,4.9,1.8,1.3,2.1,1.3,2.3,2,3.4,2.3,2.4,2.2,2.6,3,2.3,2.6,3.6,3.6,2.2,0,4.1,2.8,1.6,2.1,2.7,1.5,1.6,2.5,2.5,3.1,2.8,5.9,2.6,2.3,3.4,,,,,,,,,,,,,,,,,,,,,,,,,,,,,,,,,,,,,,,,,27.8,27.8,27.6,27.2,27.8,27.8,27.5,27.8,27.7,28,27.8,27.8,27.5,27.6,27.9,28,27.8,27.8,27.8,27.8,28,28,27.6,27.5,27.6,28,27.7,27.8,27.2,27.5,27.7,78,77,78,80,75,77,79,80,76,79,76,75,77,79,77,77,78,79,78,76,78,79,78,79,75,75,75,77,79,75,77,0.8,0.3,0.6,0.6,0.2,1.1,0.6,1.6,0.1,0,0,0,0.2,0.9,0.3,1.4,0.4,0.7,0.1,0.2,0.3,1,1.3,0,0,0.5,0.1,1,0.5,0,1.4,8.2,5.4,7.1,8.3,7.1,5.1,8.7,14.8,7.9,6.4,3.3,4.1,2.8,10.9,5.9,8.4,6.9,9.7,10.8,4.8,6.7,15.7,12.3,9.6,4.4,4.3,5.5,5.1,7.7,7.1,9,9.4,5.8,8.6,10.1,7.9,6.8,9.4,18.7,9,7.6,3.6,4.7,4.3,12.2,6.5,10.1,8.6,11.2,12.6,6.8,7.9,19.4,14.4,10.4,5,6.8,6.8,7.6,8.3,7.2,10.1,,,,,,22.2204,114.2127
2026-09-07T09:00,28.3,28,28.2,27.1,27.4,28.2,28.3,27.3,28,28.3,27.8,28,27.1,28.4,28.9,27.5,26.9,27.6,27.3,28.1,27.8,28.6,27.8,27.7,27.8,27.9,27.7,28,27,28,27.9,28,27.8,27.9,27.1,27.8,28.2,28,27.1,29,85,85,86,89,88,82,85,90,82,85,86,87,90,79,80,84,87,88,90,85,85,81,85,83,85,83,85,85,89,82,86,87,85,87,89,86,84,89,88,81,0,0,0,0,0,0,0,0,0,0,0,0,0,0,0,0,0,0,0,0,0,0,0,0,0,0,0,0,0,0,0,0,0,0,0,0,0,0,0,0,2.6,1.8,2.3,1.9,1.5,4.8,5.8,2,2,1.9,1.1,2.6,1.9,4.3,3.2,2.6,2.4,2.7,4.2,2.6,3.6,5,4.4,2.3,1.4,4.1,2.8,3,2.2,4.4,3,1.9,2.9,3.6,3.3,3.4,6.8,3.2,1.8,4.1,,,,,,,,,,,,,,,,,,,,,,,,,,,,,,,,,,,,,,,,,28.2,28.2,27.9,27.8,28.1,28.3,28,28.3,27.9,28.5,28.2,28.3,28,28.1,28.3,28.3,28.4,28.3,28.1,28.3,28.2,28.4,28.1,27.9,28,28.4,28.2,28,27.6,27.9,28.2,76,75,76,77,74,75,77,78,75,75,74,73,75,77,75,76,75,77,77,74,77,77,76,77,73,72,73,76,76,73,75,0,0,0,0.7,0,0.3,0.2,0.5,0.1,0,0,0,0.2,0.7,0,0.4,0.1,0,0,0,0,0.1,0.3,0,0,0,0,0.5,0.1,0,0.1,7.4,5.9,8.2,7,9,2.9,10.4,14.2,7.6,5.4,2.2,4.8,2.5,9.7,4.5,10.4,5.3,8.9,10.9,4.9,9.1,16.1,10.4,9.4,5.4,2,4.4,4.8,6.6,6.2,8.7,7.9,5.8,10.1,9.4,10.1,6.5,10.8,17.6,8.3,6.5,3.6,5,4,10.8,5.8,10.8,7.9,10.4,11.9,7.2,9.4,18.7,12.6,9.7,6.1,6.1,6.5,8.3,7.6,6.5,9.7,,,,,,22.2204,114.2127
2026-09-07T10:00,29.4,28.8,29.1,28.1,28,29,29.4,28.3,28.7,29.1,28.7,28.9,27.9,29.2,29.9,28.5,27.9,28.2,28.4,29.1,28.8,29.7,28.8,28.6,28.5,28.9,28.9,28.9,27.9,29.1,28.8,29.2,28.9,29,27.7,28.7,29.3,29.1,27.5,29.9,78,81,78,83,84,75,78,83,79,79,79,81,86,73,74,78,81,83,84,82,80,71,79,79,80,79,78,79,84,77,82,78,79,80,87,82,78,80,87,76,0,0,0.1,0,0.2,0,0,0,0,0,0.1,0,0,0,0,0,0,0,0,0.1,0,0,0,0,0,0,0,0,0,0,0,0,0,0,0.5,0.3,0,0,0,0,3.7,2.3,2.6,3.1,1.1,6.6,6.6,2.1,2.7,1.8,1.8,2.7,2.2,7,3.7,3.4,3.1,3.6,4.6,3.2,3.6,7.9,4.7,3.7,2.5,4.8,4.3,3.7,2.7,4.4,3.5,2.9,2.9,4.3,2.8,2.5,6.8,4.7,1.6,4.4,,,,,,,,,,,,,,,,,,,,,,,,,,,,,,,,,,,,,,,,,28.8,28.7,28.3,28.6,28.5,28.8,28.5,29,28.1,29.3,28.7,28.8,28.7,28.7,28.8,28.7,29.1,28.8,28.6,29,28.6,29,28.8,28.5,28.5,28.9,28.7,28.2,28.3,28.4,28.8,73,73,74,74,73,72,75,75,74,70,72,71,71,74,73,74,71,75,75,71,75,74,73,74,71,70,71,75,73,71,73,0,0,0,0.7,0,0.3,0.2,0.5,0.1,0,0,0,0.2,0.7,0,0.4,0.1,0,0,0,0,0.1,0.3,0,0,0,0,0.5,0.1,0,0.1,6.5,7.4,8.9,6.4,11.7,1.8,12,13.5,7.3,3.2,0.8,5.1,2.6,8.3,4,11.4,4,8.7,11.2,5.9,11.6,15.1,8.1,9.7,6.1,1.3,3.4,4.7,5.5,5.9,8.1,6.8,6.8,11.5,9,12.2,6.8,12.2,16.2,7.9,5.4,4,5.4,4,9.4,5.4,11.9,6.8,9.7,11.5,7.6,11.5,16.9,10.1,9.7,7.2,6.1,5.4,8.6,6.8,5.8,9.4,,,,,,22.2204,114.2127
2026-09-07T11:00,30.4,29.7,29.8,28.9,28.7,29.9,30.6,29.1,29.5,30.2,29.6,30,28.4,30.1,30.9,29.4,29.2,28.8,29.3,30,29.8,30.8,30,29.4,29.2,30.1,29.9,30.1,28.9,30,29.7,30.1,29.5,30,28.5,29.5,30.4,30,28.2,31.2,72,73,73,78,80,69,69,79,76,72,74,74,81,69,66,72,74,79,78,76,76,66,73,73,77,72,72,72,79,73,78,71,76,72,84,76,70,73,83,66,0.2,0,0,0,0.1,0,0,0,0,0,0,0,0,0,0,0,0,0,0,0,0,0,0,0,0,0,0,0.1,0,0.4,0,0,0.3,0,0.3,0.3,0,0,0,0,4.1,3.6,3,4.2,0.7,8.6,8.4,2.3,3.6,3.7,2.9,4.7,2.5,7.9,6.5,6.2,3.1,4.2,4.7,5.1,2.5,8.1,6.2,5.9,3.7,6,6,4.2,3.1,5.8,4.1,5,2.5,6,3.1,3.5,8.3,6.9,2.3,7.3,,,,,,,,,,,,,,,,,,,,,,,,,,,,,,,,,,,,,,,,,29.2,29.1,28.7,29.3,28.8,29.3,28.9,29.5,28.4,29.8,29.1,29.3,29.2,29.1,29.2,29.1,29.6,29.2,28.9,29.4,28.9,29.5,29.4,28.9,28.9,29.3,29.2,28.5,28.8,28.8,29.3,71,71,72,71,73,70,73,73,73,67,70,69,69,72,71,73,69,74,74,69,74,72,70,72,70,68,69,74,70,69,72,0,0,0,0.7,0,0.3,0.2,0.5,0.1,0,0,0,0.2,0.7,0,0.4,0.1,0,0,0,0,0.1,0.3,0,0,0,0,0.5,0.1,0,0.1,5.9,8.5,10.2,5.8,14.4,2.2,12.6,11.6,7.6,1.5,0.8,5.8,2.9,7,5,12.2,3.8,8.8,12.5,6.4,13.3,13.4,6.2,10.1,7.2,3.3,4,4.7,5.8,6.4,7.7,6.1,7.9,13,9,14,7.2,13.3,14.8,7.9,5,4.3,6.1,4.3,8.6,5.8,13,6.5,9.4,11.5,7.9,13.3,15.5,8.3,9.7,8.3,6.1,5.4,9,6.8,5.8,9.4,,,,,,22.2204,114.2127
2026-09-07T12:00,31.2,30.7,30.9,29.8,29.2,30.8,31.4,30,30.1,31.1,30.3,30.9,29.2,31.2,32,30.2,30.5,29.4,30.4,30.9,30.7,31.8,31.1,30.2,29.4,31.4,30.8,30.6,29.8,31,30.7,30.8,30.2,30.9,29.3,30.2,31.4,30.6,28.9,32.2,67,68,67,73,77,65,66,74,74,66,70,67,76,64,61,67,67,74,71,70,72,60,66,69,75,64,68,69,74,70,73,67,73,67,80,72,65,70,78,60,0.1,0,0,0,0,0,0,0,0,0,0,0,0,0,0,0,0,0,0,0,0,0,0,0,0.1,0,0,0.1,0,0.3,0,0,0.4,0,0,0.2,0,0.1,0,0,5.6,5.8,4.9,5.4,2.2,8,8.1,2.6,5.4,5.6,4.2,6.7,4.4,8.3,6.7,7.4,1.5,4.9,4.7,6.4,2.7,7.4,6.2,7.2,4.3,6.9,6.9,4.6,2.9,5.6,4.8,6.6,0.7,6.9,3.5,4.3,6.6,7.4,2.5,7.9,,,,,,,,,,,,,,,,,,,,,,,,,,,,,,,,,,,,,,,,,29.4,29.2,28.8,29.6,28.9,29.5,29.1,29.8,28.8,30,29.3,29.5,29.4,29.3,29.3,29.3,29.7,29.3,29,29.6,29.1,29.6,29.8,29.2,29.1,29.5,29.4,28.9,29,28.9,29.4,70,71,71,70,73,69,72,72,72,66,69,69,68,72,71,72,69,74,74,68,73,71,68,71,70,68,69,73,69,69,72,0,0,0,0.2,0,0.1,0,0.4,0,0,0,0,0.2,0.4,0,0.1,0,0,0.5,0,0,0,0,0,0,0.2,0.2,0.2,0,0,0,6.4,9.7,12.1,4.9,15.9,3.3,12.2,9.4,7.6,2.3,2.3,6.8,4.8,7.2,6.2,12.4,4.3,9.9,13.4,5.8,13.7,11.2,4.8,10.7,9.1,4.8,5.8,5.7,7.2,8.2,7.9,6.8,9,14.8,9,15.1,7.2,13.7,13.3,8.3,5.8,4.7,7.2,5.8,9,6.1,13.3,6.8,9.7,12.2,7.9,14,14.4,7.6,10.1,10.1,6.8,6.5,8.6,7.6,6.8,9.7,,,,,,22.2204,114.2127
2026-09-07T13:00,31.7,31.4,31.6,30.4,29.6,31.6,31.8,30.5,30.4,31.7,30.9,31.5,29.8,32.2,32.7,30.8,31.3,30.3,31.3,31.4,31,32.5,31.7,30.6,29.4,32.2,31.2,30.8,30.5,31.9,31.6,31.4,31,31.3,30.1,30.8,32.2,31.1,29.5,32.9,66,64,64,69,76,62,63,70,72,63,68,64,72,59,58,64,61,70,67,67,70,56,63,68,75,59,67,69,69,66,66,64,69,64,76,69,62,67,74,56,0.2,0,0,0,0,0,0.1,0,0,0,0,0,0,0,0,0,0,0,0,0,0,0,0.1,0,0,0,0,0.1,0,0.1,0,0,0.1,0,0,0.1,0,0.1,0,0,5.5,6.3,4.4,6,2.6,6.7,6.8,3.6,6.6,5.3,5.2,6,4.8,8,6.8,7.4,1.8,6,3.6,6.3,2.9,6.5,5.8,8.2,5,7.2,5.9,3.6,3.3,5.4,4.2,6.9,1.1,7.1,3.3,4.2,6.6,6.9,2.6,8,,,,,,,,,,,,,,,,,,,,,,,,,,,,,,,,,,,,,,,,,29.3,29.2,28.9,29.8,29,29.5,29.1,29.9,29.4,30.1,29.3,29.5,29.4,29.3,29.3,29.5,29.6,29.2,29,29.5,29.3,29.6,30,29.3,29.2,29.5,29.6,29.3,29,28.8,29.4,71,71,72,70,73,70,72,70,70,67,69,69,69,72,71,71,69,74,74,69,73,71,68,69,70,68,69,71,70,69,72,0,0,0,0.2,0,0.1,0,0.4,0,0,0,0,0.2,0.4,0,0.1,0,0,0.5,0,0,0,0,0,0,0.2,0.2,0.2,0,0,0,8.4,11.3,14,4.8,16.5,4.8,12.4,7.1,7.9,5.6,4,7.9,7.8,9,7.6,12.1,5.5,11.9,14.3,5.8,13.6,9.9,4.1,11.7,11.5,5.9,7.9,6.7,8.6,10.8,8.9,8.3,10.8,16.2,9,15.5,7.6,13.3,11.9,9,7.2,5.4,8.3,7.9,10.1,7.2,13,7.2,10.8,13.7,7.6,14,13.3,7.9,10.8,11.9,7.6,8.6,8.3,9,9,10.1,,,,,,22.2204,114.2127
2026-09-07T14:00,31.9,31.8,31.9,30.8,29.8,32.4,32.4,30.8,30.4,32.2,31.1,31.8,30.4,32.8,32.9,31.3,31.7,30.6,31.7,31.7,31.1,32.9,31.9,30.7,29.6,32.6,31.6,31.2,31,32.3,31.8,31.8,31.5,31.6,30.6,31.1,32.6,31.7,30,33.3,65,62,61,67,75,57,58,69,72,61,67,63,68,56,56,62,60,68,65,65,70,54,61,67,74,56,66,67,67,63,65,63,67,62,72,68,58,65,72,54,0,0,0,0,0.1,0,0,0.1,0,0,0,0.1,0,0,0,0,0,0,0,0,0,0,0.1,0,0,0,0,0.1,0,0.1,0,0,0,0,0,0,0,0,0,0,5.9,5.7,4.4,5.4,2.5,6,5.8,3.6,7.1,4.7,5.4,5.2,4.5,7.8,6.1,6.6,4.8,6,2.3,5.4,3.7,6.1,5.3,8.4,4.7,6.8,5.2,1.3,2.5,4.8,3.7,6.8,2.6,7.4,2.9,4,6.6,6.6,2,7.3,,,,,,,,,,,,,,,,,,,,,,,,,,,,,,,,,,,,,,,,,29.3,29.1,29,29.9,29,29.5,29.1,29.9,29.7,30,29.4,29.5,29.4,29.3,29.2,29.6,29.5,29.2,29,29.5,29.4,29.6,30,29.4,29.2,29.5,29.7,29.6,29,28.7,29.4,71,72,72,70,73,70,72,70,69,68,69,69,69,73,71,70,70,74,74,69,72,71,67,69,70,68,69,70,70,70,72,0,0,0,0.2,0,0.1,0,0.4,0,0,0,0,0.2,0.4,0,0.1,0,0,0.5,0,0,0,0,0,0,0.2,0.2,0.2,0,0,0,10.1,13,15.5,5.9,16.4,5.9,12.9,5.2,8.2,8.1,5.8,9.4,10,11.4,8.9,12,7.4,13.3,14.5,7.3,13.7,10.4,4.1,12.4,13.8,7.1,10.2,7.1,10.1,12.6,9.3,9.7,11.9,17.6,9,15.8,7.6,12.6,10.8,9.7,8.6,6.1,9.4,9.4,11.2,8.3,13.3,7.9,11.9,14.4,7.6,13.7,12.6,7.9,11.5,13.3,8.3,10.1,7.6,10.1,10.4,10.1,,,,,,22.2204,114.2127
2026-09-07T15:00,31.6,32.1,32.1,31.1,29.7,32.6,32.6,31,30.3,32,31.1,32.1,30.8,33,33,31.5,31.1,30.6,32,31.8,30.9,33,31.6,30.5,29.7,32.5,31.4,31.4,31,32.5,32.2,31.9,31.4,31.5,31.1,31.2,32.8,31.8,30.3,33.3,67,61,62,65,76,55,56,68,73,62,67,62,66,53,56,61,65,69,64,65,72,53,63,67,74,55,67,66,67,63,65,63,69,62,69,68,57,65,70,54,0.1,0,0,0,0.4,0,0,0,0,0,0,0,0,0,0,0,0.1,0,0,0,0,0,0.1,0,0,0,0,0,0.1,0.1,0,0,0.2,0,0,0,0,0,0.1,0,6.5,4.6,4.7,4.3,3,5.5,4.8,2.6,7.8,5,5.8,4.5,4.7,7.8,5.3,5.9,5,5.9,1.3,4.7,3.6,6.1,4.5,7.9,5,5.8,5.9,0.5,1.1,3.9,3.4,6.2,3.6,7.2,1.8,4.1,5.9,5.7,2.3,6.6,,,,,,,,,,,,,,,,,,,,,,,,,,,,,,,,,,,,,,,,,29.2,29,29,29.8,29.1,29.5,29.2,29.8,29.7,30,29.4,29.6,29.4,29.2,29.3,29.5,29.6,29.1,29,29.5,29.5,29.5,29.9,29.3,29.2,29.5,29.7,29.4,29,28.6,29.3,71,72,72,70,73,70,71,70,69,68,69,69,69,73,71,70,70,74,74,70,71,72,67,69,70,67,69,70,70,70,72,0,0,0,0.1,0,0,0,0,0.2,0.1,0,0,0.2,1.4,0,0,0.1,0.3,0,0,0,0,0,0,0,0.1,0,0.5,0,0,0.1,10.8,14.1,16.8,6.7,16.1,6.9,11.6,4.9,8.9,9.9,7.3,10.7,10.5,12.3,10.6,12.8,7.7,14,13.6,9.3,13,11.2,4.1,12.7,14.3,7.7,11,6.2,10.8,12.9,9.4,10.4,13,18.7,9,15.5,7.6,11.2,10.1,9.7,9.7,7.6,10.4,9.7,11.9,10.1,14.4,8.3,13,14,8.6,13,12.6,7.6,11.9,13.7,8.3,10.4,6.8,10.4,11.2,9.7,,,,,,22.2204,114.2127
2026-09-07T16:00,31.4,32,31.7,31.1,29.7,32.6,32.7,31.2,29.9,30.9,30.9,32.4,30.9,32.8,33,31.6,30.1,30.5,32,31.8,30.6,32.7,31.4,30,29.5,32.2,30.3,31.3,30.2,32.2,32.2,31.7,30.9,31.1,31.3,30.9,32.8,31.7,30.2,33.2,68,61,64,66,76,55,56,67,75,68,68,60,66,53,56,62,70,69,64,65,74,55,64,68,74,57,72,66,72,64,64,64,71,66,67,70,57,65,71,54,0,0,0,0,0,0,0,0,0,0.2,0,0,0,0,0,0,0.9,0,0,0,0.2,0,0,0,0,0,0.6,0,0.5,0.2,0,0,0.1,0,0,0,0,0,0.4,0,6.5,3.9,5.4,3.3,3.5,4.6,4.7,2.9,7.8,6.1,6.1,4.8,5.2,7.9,4.8,5.6,5,5.8,0.8,4.5,3.6,6,3.2,7.7,6.3,4.5,6.4,1.1,0.4,3.5,2.6,5.5,3.9,6.6,0.8,4.3,5.2,5.1,0.8,5.2,,,,,,,,,,,,,,,,,,,,,,,,,,,,,,,,,,,,,,,,,29.1,28.9,29,29.5,29.1,29.5,29.3,29.6,29.5,29.9,29.4,29.6,29.4,29.1,29.4,29.3,29.6,29.1,28.8,29.5,29.5,29.3,29.7,29.1,29.2,29.6,29.6,29.1,28.9,28.6,29.2,71,73,73,71,72,69,70,71,70,68,69,69,69,74,71,71,69,74,73,71,71,73,67,70,70,67,69,71,70,70,71,0,0,0,0.1,0,0,0,0,0.2,0.1,0,0,0.2,1.4,0,0,0.1,0.3,0,0,0,0,0,0,0,0.1,0,0.5,0,0,0.1,10.8,14.5,17.7,7.9,14.7,7.6,9,7.3,9.9,11.7,8.8,11.8,10.2,12.2,12.8,14.5,7.4,14.8,12,11.2,12,11.9,4.7,13.1,13.8,7.9,11,5.1,10.8,12.3,9,10.4,13.7,19.4,8.6,15.1,7.2,9.4,9.4,9.7,11.2,9,11.5,9.4,12.2,12.2,15.5,8.3,13.7,13,10.4,12.2,13,7.2,11.9,13.3,8.3,10.4,5.8,10.1,11.5,9.4,,,,,,22.2204,114.2127
2026-09-07T17:00,31,31.7,31.2,30.5,29.4,32.1,32.4,30.9,29.4,30.2,30.3,32.2,30.4,32.1,32.6,30.9,29.6,30.2,31.7,31.2,30.2,31.8,31.3,29.2,29,31.9,29.7,31.3,30,31.4,31.9,31.3,30.2,30.3,31.1,30.5,32.4,31.3,29.9,32.8,70,61,67,71,78,59,58,70,76,72,72,61,70,56,57,67,73,72,67,68,75,61,66,71,78,59,76,67,73,68,64,68,74,73,68,71,59,67,73,56,0,0,0,0,0,0,0,0,0,0,0,0,0,0,0,0,0.2,0,0,0,0.2,0,0.1,0,0,0,0.2,0,0.1,0.8,0,0,0.4,0,0,0,0,0,0.3,0,5.7,3.6,4.5,3.9,4.6,3.6,3.8,2.9,6.1,6.6,5.5,4.2,4.4,6.2,4.3,4.7,5.6,5.4,2.6,4.1,3.2,5,2.1,7.9,4.8,2.7,6.3,3.1,1.4,3.2,1.8,4.4,3.4,5.9,1.1,4.4,3.6,4.8,0.8,4.1,,,,,,,,,,,,,,,,,,,,,,,,,,,,,,,,,,,,,,,,,29,28.7,28.9,29.3,29,29.4,29.3,29.4,29.3,29.8,29.3,29.5,29.3,28.9,29.4,29.1,29.6,29,28.7,29.4,29.4,29.2,29.5,28.9,29.1,29.5,29.5,28.8,28.8,28.5,29.1,72,73,74,72,72,70,69,72,71,69,69,69,69,74,71,72,69,74,73,72,71,74,68,71,70,67,70,72,71,70,71,0,0,0,0.1,0,0,0,0,0.2,0.1,0,0,0.2,1.4,0,0,0.1,0.3,0,0,0,0,0,0,0,0.1,0,0.5,0,0,0.1,10.5,14.2,18,9,13.8,8.3,7.1,9.8,11.1,12.5,10,12.2,9.9,12.6,14.1,15.5,7.4,14.5,10.9,12.6,11.1,12.3,6.3,13,13.3,8.2,11,4.6,11.2,12.1,9,10.8,14,19.8,9,14.8,7.6,8.3,9,10.4,12.2,10.4,12.2,9.4,13,13.7,16.6,8.6,14,11.9,11.5,11.9,13.3,7.6,11.9,13.3,8.3,10.8,5.4,10.4,11.9,9,,,,,,22.2204,114.2127
2026-09-07T18:00,30.2,31,30.2,29.6,28.6,31,31.4,30.1,28.6,29.3,29.3,31.5,29.5,30.9,31.9,29.9,28.8,29.4,30.5,30.4,29.7,30.6,31,28.3,28.4,31.3,29.1,30.4,29.7,30.5,31.5,30.2,29.7,29.2,30.5,29.6,31.2,30.7,29.5,32.1,75,66,72,77,82,68,65,75,78,78,78,64,76,63,62,73,79,78,76,73,79,69,69,76,81,64,80,73,77,73,66,74,77,80,72,77,70,71,75,61,0,0,0,0,0,0,0,0,0,0,0,0,0,0,0,0,0,0,0,0,0,0,0,0,0,0,0,0,0,0.2,0,0,0.1,0,0,0,0,0,0.1,0,4.6,2.6,4.9,4.6,5.7,2.3,2.5,3.3,5.2,5.6,5.6,2.6,4.9,4.3,1.6,3.3,5.4,5.6,4.6,3.8,3.8,4,1.1,5.3,4.6,0.4,3.7,4.6,1.8,2.7,0.4,4.3,2.7,6.3,1.5,5.5,3.3,3.1,1.5,1.6,,,,,,,,,,,,,,,,,,,,,,,,,,,,,,,,,,,,,,,,,28.8,28.6,28.7,29.1,28.9,29.2,29.2,29.2,29,29.5,29.1,29.3,29.2,28.8,29.2,28.8,29.5,28.8,28.6,29.2,29.2,29,29.2,28.7,28.9,29.4,29.3,28.7,28.6,28.3,28.9,73,74,76,73,73,72,70,74,73,71,70,71,71,75,72,73,71,75,74,73,72,75,69,72,72,69,72,73,72,71,72,0,0,0,0,0,0,0,0,0,0,0,0,0,0.2,0,0,0,0,0,0,0,0,0,0,0,0,0,0,0,0,0,10.1,12.8,17.6,10.7,13.2,9.2,6.4,10.5,13,12.8,11.2,12.1,9.9,13.2,13.8,15.5,7.7,13.1,10.1,12.3,11.2,13,8.2,12.4,12.5,8.8,11.6,5.6,11.9,12.5,9.2,10.8,13.3,19.4,10.4,14.8,8.6,7.9,9.4,12.6,13.7,11.5,12.6,9.7,14,14,17.3,9.4,13.7,11.5,11.5,12.2,14.4,9,11.9,13.7,9,11.9,6.5,11.5,13,9.7,,,,,,22.2204,114.2127
2026-09-07T19:00,29.2,30.2,29,28.5,27.8,30,30.3,29.2,27.8,28.5,28.3,30.8,28.4,29.8,31,28.7,27.7,28.4,29.1,29.3,28.9,29.3,30,27.5,27.7,30.3,28.4,29,29,29.3,30.5,29.1,29.1,28.2,29.7,28.5,30,30,29.1,31.3,81,72,79,83,86,75,73,80,81,83,83,67,83,70,68,81,85,84,84,79,83,77,75,80,84,72,85,81,81,80,74,81,81,86,77,83,79,76,78,66,0,0,0,0,0,0,0,0,0,0,0,0,0,0,0,0,0,0,0,0,0,0,0,0,0,0,0,0,0,0,0,0,0,0,0,0.1,0,0,0,0,4.3,1.9,4.8,4.4,4.9,2.5,2.5,3.4,4.4,4.6,5.3,1.3,4.8,2.9,1.3,3.1,4.7,5.2,5.4,4.3,3.7,3.6,2.6,3.7,3.6,1.8,2.4,5.5,1.8,3.3,1.9,4.2,2.1,6.3,2.1,5.8,3.2,1.8,1.8,0.8,,,,,,,,,,,,,,,,,,,,,,,,,,,,,,,,,,,,,,,,,28.6,28.4,28.3,28.8,28.7,28.9,29,29,28.6,29.1,28.9,29,29,28.6,29,28.6,29.3,28.5,28.5,29,29,28.8,29,28.3,28.6,29.1,29,28.6,28.3,28.1,28.7,74,75,78,75,75,75,71,76,76,74,72,73,73,76,74,75,73,77,75,75,74,77,71,73,74,71,74,74,74,72,73,0,0,0,0,0,0,0,0,0,0,0,0,0,0.2,0,0,0,0,0,0,0,0,0,0,0,0,0,0,0,0,0,9.8,11,16.2,12.1,12.7,9.9,6.4,10.1,15,13,11.8,11.5,9.4,13.9,12.3,14.8,8.5,11.4,9.7,10.6,11.5,13.4,10.2,11.6,11.9,9.4,12.3,6.9,13,13.1,9.9,10.8,11.9,18.7,12.2,14.8,10.1,8.3,9.7,15.5,15.1,12.6,12.6,10.1,14.8,13.7,17.6,10.1,12.6,11.2,11.2,13,15.5,11.5,11.9,13.7,10.1,13.7,7.9,13,14.4,10.4,,,,,,22.2204,114.2127
2026-09-07T20:00,28.6,29.7,28.4,27.7,27.4,29.3,29.7,28.6,27.4,28.1,27.8,30.1,27.7,29.4,30.2,28.1,27.1,27.8,28.3,28.7,28.4,28.5,29.4,27.2,27.4,29.3,27.9,28.2,28.7,28.6,29.6,28.4,28.8,27.6,29.1,27.9,29.3,29.6,28.9,30.7,84,74,84,87,88,79,77,83,83,85,86,69,87,74,72,84,89,87,89,83,86,82,78,83,86,77,87,86,83,85,80,85,83,88,80,87,83,79,78,69,0,0,0,0,0,0,0,0,0,0,0,0,0,0,0,0,0,0,0,0,0,0,0,0,0,0,0,0,0,0,0,0,0,0,0,0.1,0,0,0,0,4.2,2.5,3.7,4,4.1,2.6,2.9,3.2,3.6,3.4,4.3,1.1,4.6,1.8,1.6,3.1,4,4.8,5.8,4.5,3.3,3.8,3.3,3.1,3.1,2.6,3.1,4.9,2.2,3.3,2.2,3.9,2.3,4.8,2.7,4.8,3.7,2.4,1.6,1.6,,,,,,,,,,,,,,,,,,,,,,,,,,,,,,,,,,,,,,,,,28.4,28.2,28.1,28.6,28.5,28.7,28.8,28.8,28.3,28.7,28.6,28.8,28.8,28.4,28.7,28.4,29.1,28.3,28.3,28.8,28.8,28.6,28.8,28.1,28.4,28.9,28.8,28.6,28.1,27.9,28.5,75,76,80,77,77,78,73,78,79,77,73,75,75,77,76,77,75,78,76,76,76,78,73,74,76,73,76,75,75,73,75,0,0,0,0,0,0,0,0,0,0,0,0,0,0.2,0,0,0,0,0,0,0,0,0,0,0,0,0,0,0,0,0,9.5,9.6,14.8,12.9,12.1,10.5,6.4,9.4,16.4,13,12.5,10.9,9.3,14.3,10.8,14.3,8.7,10,9,9.6,11.3,13.7,11.5,11.2,11.2,9.7,12.6,7.9,13.3,13.7,10.2,10.8,10.8,17.6,13.3,14.8,11.2,8.6,10.4,17.6,15.8,13.3,13,10.4,15.5,13.3,18,10.4,11.9,10.8,10.8,13.3,16.2,13,11.9,13.7,10.8,14.4,9,13.7,15.5,11.2,,,,,,22.2204,114.2127
2026-09-07T21:00,28.3,29.2,28,27.3,27.1,28.7,29.1,28.3,27.2,28,27.6,29.5,27.3,28.7,29.7,27.7,26.7,27.5,27.8,28.3,28.1,28,28.9,27,27.3,28.6,27.6,27.8,28.4,28,28.9,27.9,28.6,27.3,28.7,27.5,28.6,29.2,28.6,30.3,85,77,86,90,89,83,80,84,85,86,86,73,88,76,75,86,91,89,91,85,87,85,80,85,87,81,89,89,84,88,84,87,84,88,82,89,87,80,80,71,0,0,0,0,0,0,0,0,0,0,0,0,0,0,0,0,0,0,0,0,0,0,0,0,0,0,0,0,0,0,0,0,0,0,0,0,0,0,0,0,4,2.6,3.1,3.3,2.5,3.2,3.2,2.7,3.3,2.6,3.2,1.3,4,0.8,2.2,3.1,3.3,4.5,5.1,4,2.5,3.6,3.2,3.2,2.6,3.1,3.3,4.6,2.2,3.1,2.5,4,2.5,3.2,3.1,4.4,4,3.3,0.8,1.9,,,,,,,,,,,,,,,,,,,,,,,,,,,,,,,,,,,,,,,,,28.3,28.1,27.9,28.4,28.4,28.5,28.7,28.6,28.1,28.5,28.4,28.6,28.6,28.2,28.6,28.2,28.9,28.2,28.2,28.6,28.6,28.5,28.6,27.9,28.2,28.7,28.6,28.4,27.9,27.8,28.4,76,77,80,79,78,80,74,79,81,78,74,77,76,78,77,79,76,79,77,77,77,79,74,75,77,75,77,76,76,74,76,0,0,0,0.1,0,0,0,0,0,0,0,0,0,0,0,0,0,0,0,0,0,0,0,0,0,0,0.1,0,0,0,0,9.5,9.3,12.9,13.1,11.7,10.3,6.9,9.3,15.9,12.7,12.5,11.1,8.9,13.6,10.3,14.2,8.6,9.5,8,9.4,10.8,14,12,11.2,10.7,9.5,12.1,8.1,12.6,13.9,10.2,10.8,10.8,16.2,13.7,14.8,11.2,9.4,11.2,17.6,15.8,13.3,13.3,10.4,15.1,13,18.4,10.4,11.5,9.7,11.2,13,16.6,13.3,12.2,13,10.8,14,9,13.3,16.2,11.2,,,,,,22.2204,114.2127
2026-09-07T22:00,28.1,28.8,27.7,27,26.9,28.3,28.6,28.1,27.1,27.8,27.4,29,27.1,28.1,29.3,27.2,26.4,27.4,27.4,28,27.8,27.7,28.4,26.9,27.2,28.1,27.2,27.5,28.1,27.7,28.4,27.6,28.3,27,28.3,27.3,28.1,28.8,28.2,29.8,86,80,86,91,90,85,84,85,87,86,87,75,88,79,77,88,92,89,93,87,89,85,83,87,88,84,91,90,85,90,85,87,85,89,83,89,90,82,82,74,0,0,0,0,0,0,0,0,0,0,0,0,0,0,0,0,0,0,0,0,0,0,0,0,0,0,0,0,0,0,0,0,0,0,0,0,0,0,0,0,3.6,1.9,3.1,2.9,2.1,2.9,4.2,2.4,3.3,2.1,2.6,1.1,3.3,0.5,2.2,3.4,2.6,4.2,4.6,3.7,2.2,3.3,3,3.6,2.1,3.1,3.6,4.2,1.9,2.9,3.4,3.4,3.3,2.8,3.4,3.8,4,3.2,0.8,1.8,,,,,,,,,,,,,,,,,,,,,,,,,,,,,,,,,,,,,,,,,28.2,28,27.9,28.2,28.2,28.3,28.6,28.5,27.9,28.4,28.2,28.4,28.4,28.1,28.6,28.2,28.7,28.2,28.2,28.4,28.5,28.4,28.4,27.8,28.2,28.5,28.4,28.3,27.8,27.8,28.3,77,78,80,80,79,81,76,80,82,79,75,79,77,79,77,80,77,79,77,78,79,80,76,75,77,76,78,78,77,76,78,0,0,0,0.1,0,0,0,0,0,0,0,0,0,0,0,0,0,0,0,0,0,0,0,0,0,0,0.1,0,0,0,0,9.2,9.1,11.3,12.3,11.2,9.7,8.5,9.7,14.5,12,12.1,11.6,8.7,12.3,10,14.5,8.9,9.4,7.5,10.1,10.2,14.1,11.5,11.6,10.1,9.2,11.2,7.8,11.6,13.7,9.9,10.8,11.2,14.4,13.3,14.4,11.2,10.1,11.5,16.9,14.8,13,14,10.1,14.4,12.2,18.4,10.4,11.5,8.6,11.5,12.6,16.9,13.3,12.6,12.2,10.1,13,9,12.6,16.2,11.2,,,,,,22.2204,114.2127
2026-09-07T23:00,28,28.3,27.6,26.7,26.8,27.8,28.1,28,27,27.7,27.2,28.5,26.9,27.6,28.9,26.9,26.2,27.3,27.2,27.8,27.4,27.4,28,26.8,27.2,27.6,27,27.2,27.8,27.4,27.8,27.3,28,26.8,27.9,27.1,27.8,28.4,27.8,29.4,86,82,85,93,91,88,87,85,87,87,87,78,89,82,79,88,93,89,93,87,90,85,85,88,88,87,91,91,87,91,87,87,86,91,85,89,92,84,84,76,0,0,0,0,0,0,0,0,0,0,0,0,0,0,0,0,0,0,0,0,0,0,0,0,0,0,0,0,0,0,0,0,0,0,0,0,0,0,0,0,3.8,1.4,2.9,2.6,2.4,3.1,4.1,1.9,3.1,1.5,2.6,0.8,2.9,1,2.2,3.4,1.8,3.7,3.7,3.1,1.4,2.5,2.6,3.6,2.1,3.1,3.3,4,1.6,2.5,3.5,3.1,3.3,3.1,2.7,3.3,3.3,2.5,1,1.9,,,,,,,,,,,,,,,,,,,,,,,,,,,,,,,,,,,,,,,,,28.1,28,27.8,28.1,28.1,28.1,28.4,28.3,27.8,28.2,28.1,28.2,28.2,27.9,28.5,28.1,28.5,28.1,28.1,28.3,28.3,28.2,28.2,27.7,28.1,28.3,28.2,28.1,27.6,27.7,28.2,78,78,80,81,80,82,77,81,83,80,76,81,78,80,78,81,78,80,78,79,80,81,77,76,78,77,79,79,77,77,79,0,0,0,0.1,0,0,0,0,0,0,0,0,0,0,0,0,0,0,0,0,0,0,0,0,0,0,0.1,0,0,0,0,9.2,8.7,10.2,11.6,10.9,9.6,9.4,10,14,10.9,11.6,11.5,8.4,11.2,9.3,14,8.8,9,7,10.5,9.7,13.4,11.3,11.7,9.5,8.4,10.2,7.3,10.6,13.4,9.4,10.8,10.8,13,13,14,11.2,10.8,12.2,16.2,13.7,12.6,14.4,9.7,13.7,11.5,17.6,10.1,11.2,7.9,12.2,11.9,16.2,13,13,11.2,9.4,11.9,8.6,11.9,16.2,11.2,,,,,,22.2204,114.2127
2026-09-08T00:00,27.9,27.8,27.4,26.6,26.6,27.4,27.7,27.9,27,27.4,27,28,26.8,27.2,28.4,26.7,26.1,27.3,26.9,27.8,27.1,27.3,27.7,26.7,27.1,27.2,26.9,27,27.4,27.2,27.2,27.2,27.7,26.5,27.6,26.9,27.7,27.9,27.5,29,87,85,85,93,92,90,89,84,88,89,88,80,89,84,82,88,94,89,94,87,92,84,86,87,89,88,92,92,88,91,90,87,87,92,87,89,92,86,86,79,0,0,0,0,0,0,0,0,0,0,0,0,0,0,0,0,0,0,0,0,0,0,0,0,0,0,0,0,0,0,0,0,0,0,0,0,0,0,0,0,2.6,1.1,2.3,2.4,2.1,2.8,3.4,1.8,2.3,1.5,2.6,0.8,2.5,1.1,1.9,2.4,1.5,3.1,3.3,2.4,1.1,1.9,2.3,3.7,1.3,3,3.3,3.1,1.6,2.4,3.3,2.6,2.7,2.9,1.5,2.7,2.6,1.9,0.8,1.5,,,,,,,,,,,,,,,,,,,,,,,,,,,,,,,,,,,,,,,,,28,27.9,27.7,28,28,28,28.2,28.2,27.7,28.1,27.9,28,28,27.8,28.3,28,28.3,28,28,28.1,28.2,28.1,28,27.6,27.9,28.1,28.1,27.9,27.5,27.6,28,79,78,80,81,80,83,79,82,83,81,77,82,79,80,79,82,79,80,78,80,81,82,78,77,79,78,79,80,77,78,79,0,0,0,0.1,0,0.1,0.2,0,0,0,0,0.2,0.1,0,0,0,0.1,0,0,0.1,0.1,0.1,0,0,0,0,0.1,0.1,0,0,0.1,8.7,7.3,9.6,10.9,10.1,10.5,9.2,10.3,13.9,9.3,10.7,11.3,7.9,10,8.5,12.7,7.9,7.9,7,11.1,8.8,11.6,11.4,11.6,8.7,7.3,9,7.4,9.4,12.5,9.4,10.4,9.7,11.9,12.2,13,12.2,11.2,13.3,16.2,11.9,11.9,14.8,9,12.6,10.4,16.2,9.4,10.1,8.3,13.3,10.8,13.7,13,13.7,10.1,8.3,10.4,8.6,11.2,15.8,11.2,,,,,,22.2204,114.2127
2026-09-08T01:00,27.8,27.4,27.2,26.5,26.5,27.1,27.4,27.6,26.9,27.1,26.9,27.6,26.6,26.8,28.1,26.5,25.9,27.3,26.7,27.6,26.7,27,27.4,26.6,27,27,26.8,26.9,27.1,27,26.9,27.1,27.4,26.3,27.2,26.6,27.6,27.5,27.2,28.7,88,87,87,94,93,91,90,86,88,90,88,82,89,86,84,88,94,89,94,88,94,84,88,87,90,89,91,93,90,92,92,87,89,94,89,91,92,89,88,80,0,0,0,0,0,0,0,0,0,0,0,0,0,0,0,0,0,0,0,0,0,0,0,0,0,0,0,0,0,0,0,0,0,0,0,0,0,0,0,0,1.9,1.3,1.5,1.8,1.6,2.9,3.3,1.5,1.8,1.1,1.8,1.1,1.5,1.5,1.6,1.6,0.8,2.2,3,1,1,1.3,1.8,3.5,0.7,2.9,2.5,2,1.3,2.3,2.6,1.8,2.3,2.8,1.1,2.2,2.5,1.6,0.5,1.6,,,,,,,,,,,,,,,,,,,,,,,,,,,,,,,,,,,,,,,,,27.8,27.8,27.6,28,27.9,27.8,27.9,28.1,27.6,28,27.7,27.9,27.8,27.8,28.2,27.8,28.1,27.9,27.8,28,28.1,27.9,27.8,27.5,27.8,27.9,28,27.7,27.4,27.5,27.9,79,78,81,81,81,83,81,82,83,81,77,82,80,80,79,82,80,81,79,81,82,83,79,77,80,78,78,81,76,78,79,0,0,0,0.1,0,0.1,0.2,0,0,0,0,0.2,0.1,0,0,0,0.1,0,0,0.1,0.1,0.1,0,0,0,0,0.1,0.1,0,0,0.1,8.6,6.1,9.6,10.2,9.5,12,9.2,11,14.2,7.9,9.7,11.7,7.3,9.4,7.6,11.2,6.4,6.5,7.9,11.7,8.3,9,11.7,12.1,7.9,6.1,8.1,7.6,8.9,12,9.6,10.1,7.9,11.2,11.5,11.5,14,11.2,14.4,16.6,9.7,10.8,15.1,8.3,11.9,9,14,7.9,8.3,9.4,14.4,9.7,10.8,13.3,14.4,9.4,6.8,9,8.6,10.1,14.8,11.2,,,,,,22.2204,114.2127
2026-09-08T02:00,27.7,27,26.9,26.3,26.3,26.9,27.2,27.3,26.8,26.8,26.6,27.3,26.3,26.5,27.7,26.2,25.7,27.3,26.6,27.2,26.5,26.8,27.1,26.6,26.9,26.8,26.8,26.8,26.9,26.7,26.6,26.8,27.2,26.2,26.9,26.4,27.5,27.2,26.9,28.4,88,90,89,94,94,92,91,87,89,92,90,84,91,87,87,89,95,89,95,90,95,85,89,86,91,90,91,93,91,93,93,88,90,94,91,92,92,91,90,82,0,0,0,0,0,0,0,0,0,0,0,0,0,0,0,0,0,0,0,0,0,0,0,0,0,0,0,0,0,0,0,0,0,0,0,0,0,0,0,0,1.4,1.3,1,1.1,1.1,3.5,3.1,0.8,0.8,1,1.6,1.1,0.8,2.1,1.5,0.4,0.8,1.3,3.3,2.2,1.3,1.1,1.9,2.6,1,3.1,1.8,0.7,1.3,2.2,2.5,1.6,1.9,2.3,1.1,1.9,2.4,2.5,0.4,1.4,,,,,,,,,,,,,,,,,,,,,,,,,,,,,,,,,,,,,,,,,27.7,27.7,27.5,28,27.9,27.7,27.7,28.1,27.6,27.9,27.6,27.7,27.7,27.7,28,27.7,27.9,27.8,27.7,27.9,28,27.8,27.7,27.4,27.7,27.7,27.9,27.6,27.3,27.4,27.7,79,78,81,81,81,83,82,82,83,82,77,82,80,80,80,82,81,81,79,82,82,84,79,78,80,78,78,81,76,78,79,0,0,0,0.1,0,0.1,0.2,0,0,0,0,0.2,0.1,0,0,0,0.1,0,0,0.1,0.1,0.1,0,0,0,0,0.1,0.1,0,0,0.1,8,5,9.5,9.3,8.6,13.1,8.9,12,14,6.8,8.7,12.2,6.7,9.3,6.5,9.7,5.5,5.4,8.1,12.1,7.2,7.6,11.4,12.5,6.8,5.5,7.1,7.3,8,11.4,9.5,9.4,6.5,10.8,10.4,10.1,15.1,10.8,14.8,16.2,8.3,9.7,15.1,7.6,10.8,7.9,12.2,6.8,6.8,9.7,14.8,8.3,9,13,14.8,7.9,5.8,7.6,8.3,9.4,14,10.8,,,,,,22.2204,114.2127
2026-09-08T03:00,27.6,26.5,26.3,26.1,26.2,26.7,27,26.9,26.6,26.5,26.3,27,25.9,26.3,27.3,25.8,25.6,27.1,26.4,27.1,26.3,26.5,26.9,26.6,26.7,26.7,26.6,26.6,26.6,26.5,26.5,26.6,26.9,26.1,26.7,26.2,27.4,27.1,26.7,28.1,89,93,92,95,95,92,91,89,90,94,92,85,94,88,89,91,96,89,96,91,96,87,90,85,91,90,93,94,92,94,94,89,91,95,93,93,93,91,91,83,0,0,0,0,0,0,0,0,0,0,0,0,0,0,0,0,0,0,0,0,0,0,0,0,0,0,0,0,0,0,0,0,0,0,0,0,0,0,0,0,1.8,1.1,1.8,1.3,0.8,3.8,3.6,0.5,0.8,1.1,1.4,1.3,2.2,2.6,1.6,1.8,0.4,1.3,3.3,3.6,1.6,2.1,2.5,2.2,1.1,3.2,2.3,1.8,1.1,2.2,2.6,2.3,1.6,1.8,0.7,1.8,2.5,3.6,0.8,1.5,,,,,,,,,,,,,,,,,,,,,,,,,,,,,,,,,,,,,,,,,27.6,27.6,27.4,27.9,27.7,27.6,27.6,28,27.5,27.7,27.4,27.6,27.6,27.6,27.9,27.6,27.8,27.6,27.6,27.8,27.9,27.8,27.5,27.3,27.6,27.6,27.8,27.5,27.2,27.3,27.6,79,78,82,81,82,83,82,82,83,83,77,82,80,80,80,82,81,81,80,82,82,84,79,79,80,79,78,81,76,79,79,0,0,0.2,0,0.1,0.1,0.4,0,0,0.2,0,0.2,0.2,0,0,0.1,0.2,0.1,0,0.1,0.2,0.2,0.2,0,0,0,0,0.2,0,0,0,7.3,4.1,9.7,8.2,6.8,13.5,8.4,11.9,13,7,7.3,11.7,6,8.7,4.8,8.7,4.8,4.8,7.4,11.4,4.3,8.2,10.1,11.9,5.2,5.4,6.4,6.2,7.1,11.2,9.4,8.6,5.4,10.8,9.4,7.9,15.8,10.1,14,15.5,7.9,7.9,14.4,6.5,10.1,6.5,10.4,5.4,5.8,9,14,6.8,10.1,11.9,14,5.4,5.4,6.5,7.9,8.6,13.3,10.4,,,,,,22.2204,114.2127
2026-09-08T04:00,27.5,26.2,26.1,26,26,26.5,27,26.6,26.4,26.3,26.1,26.7,25.6,26.2,27.1,25.7,25.4,27,26.4,27,26.2,26.3,26.7,26.5,26.6,26.6,26.4,26.5,26.4,26.3,26.3,26.4,26.7,26.1,26.5,25.9,27.3,27.1,26.5,27.8,89,95,93,95,96,92,90,91,91,95,93,86,95,88,90,92,96,90,96,90,96,88,90,84,92,90,94,95,93,95,94,90,92,95,94,94,95,89,93,85,0,0,0,0,0,0,0,0,0,0,0,0,0,0,0,0,0,0,0,0,0,0,0,0,0,0,0,0,0,0,0,0,0,0,0,0,0,0,0,0,2.6,1.5,1.8,2.2,0.5,3.9,3.6,0.8,1.8,1.9,1.5,1.9,3.2,2.6,1.5,2.5,0.5,2.5,3.3,4.3,1.4,2.6,2.8,2.3,1.8,3.4,3,2.4,1.3,1.8,2.6,2.3,1.3,0.8,0.8,1.9,2.6,4.3,1.5,1.6,,,,,,,,,,,,,,,,,,,,,,,,,,,,,,,,,,,,,,,,,27.5,27.6,27.3,27.9,27.6,27.6,27.5,27.9,27.5,27.6,27.3,27.4,27.5,27.4,27.8,27.6,27.7,27.5,27.5,27.8,27.7,27.7,27.4,27.3,27.5,27.5,27.7,27.4,27.1,27.3,27.5,79,77,82,82,82,84,81,83,83,83,77,82,80,80,80,81,81,81,81,83,81,83,79,79,80,80,78,81,75,79,79,0,0,0.2,0,0.1,0.1,0.4,0,0,0.2,0,0.2,0.2,0,0,0.1,0.2,0.1,0,0.1,0.2,0.2,0.2,0,0,0,0,0.2,0,0,0,6.2,4.1,9.5,7,5.2,13.4,7.9,11.1,11.5,7.2,5.8,10.6,5.2,8.4,3.1,7.9,3.9,4.7,6.2,10.5,0.4,10.8,8.7,10.8,3.1,5.5,5.9,5.9,6.4,10.5,9,7.6,4.7,11.2,7.9,5.8,16.2,9,13,14,8.3,5.8,13,5.4,9,5.4,8.6,3.6,5,7.6,13,5,13,10.4,12.6,2.9,5.8,5.8,7.2,7.6,12.6,9.7,,,,,,22.2204,114.2127
2026-09-08T05:00,27.5,26.3,26.2,26,25.9,26.3,26.8,26.4,26.3,26.3,25.8,26.5,25.8,26.2,26.8,25.6,25.2,27,26.4,26.9,26.1,26.1,26.5,26.4,26.6,26.6,26.3,26.4,26.1,26.2,26.1,26.1,26.6,26,26.4,25.8,27.2,27.1,26.6,27.5,88,95,92,95,97,91,90,93,91,95,96,85,93,85,91,92,97,90,96,89,97,88,91,84,91,89,94,96,94,95,95,92,93,96,95,94,95,87,93,86,0,0,0,0,0,0,0,0,0,0,0,0,0,0,0,0,0,0,0,0,0,0,0,0,0,0,0,0,0,0,0,0,0,0,0,0,0,0,0,0,3.4,1.8,2.2,1.9,1.1,3.9,3.5,0.8,3,1.8,1.8,2.3,4,3.2,1.8,2.9,0.4,3.6,3.3,4,1.3,2.9,2.5,2.3,1.8,3.4,3.3,2.8,1.5,1.5,2.8,2.4,1.5,0.4,0.8,2.3,3.2,4.7,1.1,1.5,,,,,,,,,,,,,,,,,,,,,,,,,,,,,,,,,,,,,,,,,27.5,27.6,27.2,27.9,27.5,27.6,27.6,28,27.6,27.6,27.3,27.4,27.5,27.4,27.8,27.6,27.7,27.5,27.5,27.9,27.7,27.7,27.3,27.3,27.5,27.5,27.6,27.4,27.1,27.3,27.5,78,77,82,82,82,84,80,82,83,83,77,82,79,80,80,81,81,80,81,82,81,82,79,79,79,80,78,80,75,79,78,0,0,0.2,0,0.1,0.1,0.4,0,0,0.2,0,0.2,0.2,0,0,0.1,0.2,0.1,0,0.1,0.2,0.2,0.2,0,0,0,0,0.2,0,0,0,5.6,4,9.4,5.6,3.6,12.9,6.8,10,10,8.4,4.2,9.7,4.4,7.8,3.3,7.5,2.7,4.1,4.8,9.8,3.5,12.9,7.3,9.5,0.8,5.2,5.2,5.8,6,9.9,8.1,6.5,4.7,10.8,6.5,4.3,15.8,8.3,12.2,12.6,9.4,4.3,11.5,4.7,8.6,4.7,7.9,2.9,4.3,6.1,11.9,4.7,15.5,8.6,11.2,1.4,5.8,5,6.5,6.8,11.9,8.6,,,,,,22.2204,114.2127
2026-09-08T06:00,27.4,26.4,26.3,25.9,25.9,26.1,26.6,26.2,26.2,26.2,25.9,26.5,25.7,26.3,26.7,25.5,25.1,26.7,26.4,26.8,25.9,26,26.4,26.4,26.5,26.5,26.2,26.2,25.9,26.1,26,25.9,26.4,25.9,26.3,25.7,27.1,26.7,26.6,27.3,89,94,91,95,96,89,89,94,91,95,95,83,93,81,91,91,98,91,96,89,97,89,92,84,92,89,93,96,95,96,96,93,94,96,96,94,95,87,93,87,0,0,0,0,0,0,0,0,0,0,0,0,0,0,0,0,0,0,0,0,0,0,0,0,0,0,0,0,0,0,0,0,0,0,0,0,0,0,0,0,3.5,1.9,2.5,1.9,2.2,4.5,4,0.8,3.3,1.8,2.5,3,3.6,3.7,2.1,2.9,1.4,4,3.7,3.6,1.5,3.1,2.3,2.5,1.8,3.2,3.3,3.1,1.6,1.6,3.1,2.5,1.4,2.2,0.5,2.3,3.7,4.4,0.7,1.9,,,,,,,,,,,,,,,,,,,,,,,,,,,,,,,,,,,,,,,,,27.5,27.6,27.3,28,27.5,27.6,27.7,28.1,27.8,27.6,27.3,27.5,27.5,27.4,27.8,27.6,27.7,27.5,27.5,28.1,27.7,27.8,27.4,27.3,27.5,27.5,27.7,27.5,27.1,27.3,27.6,77,77,81,81,81,84,79,80,82,82,76,82,78,79,80,81,80,79,80,81,81,81,78,79,79,79,77,79,75,78,77,0,0,0.1,0,0.7,0,0,0,0,0.1,0,0.1,0.3,0,0,0.2,0.1,0,0.1,0,0.1,0.3,0,0,0,0,0.1,0.1,0,0,0,4.3,4.3,8.5,4.3,2.9,11.8,5.4,9.2,8.3,9.8,2.1,9.1,3.2,7.5,3.3,7.9,0.8,2.9,3.2,9.2,6.2,14.4,5.7,8.7,1.8,4.7,3.9,4.7,5.7,9,6.7,5.4,5.4,9.7,5,4.7,14,7.6,12.6,10.4,11.2,3.6,10.4,4,8.6,5,8.3,2.9,2.9,4.7,11.2,6.1,16.9,6.8,9.7,2.5,5.4,3.6,5.8,5.8,10.8,7.2,,,,,,22.2204,114.2127
2026-09-08T07:00,27.3,26.9,26.5,26.2,26.1,26.2,26.8,26.4,26.5,26.4,26.1,27.1,26,26.8,27,25.7,25.3,26.7,26.6,26.9,26.1,26.2,26.5,26.6,26.6,26.6,26.4,26.3,26.1,26.3,26.2,26.1,26.5,26.2,26.4,25.9,27.3,26.8,26.7,27.4,89,91,90,95,95,87,88,94,91,94,94,75,92,76,90,91,98,92,96,89,97,89,91,84,92,89,93,97,95,95,96,93,95,95,96,94,94,85,93,87,0,0,0,0,0,0,0,0,0,0,0,0,0,0,0,0,0,0,0,0,0,0,0,0,0,0,0,0,0,0,0,0,0,0,0,0,0,0,0,0,4.3,2.6,2.5,1.9,2.6,4.8,4.7,1.3,2.9,1.8,2.9,3.6,3.3,4.3,2.3,3.3,2.6,4.7,3.6,4,1.6,3.3,2.9,2.6,1.8,3.1,3.5,2.5,1.5,1.8,2.8,2.9,1.8,4,0.5,1.9,4.3,4.4,0.7,2.2,,,,,,,,,,,,,,,,,,,,,,,,,,,,,,,,,,,,,,,,,27.7,27.8,27.5,28.2,27.7,27.7,27.9,28.4,28,27.7,27.4,27.7,27.6,27.5,27.9,27.7,27.9,27.7,27.6,28.3,27.7,27.9,27.5,27.4,27.6,27.7,27.8,27.7,27.2,27.4,27.6,76,76,80,80,79,83,78,77,80,82,75,81,77,78,79,80,78,77,78,78,81,80,77,78,78,78,76,78,74,77,75,0,0,0.1,0,0.7,0,0,0,0,0.1,0,0.1,0.3,0,0,0.2,0.1,0,0.1,0,0.1,0.3,0,0,0,0,0.1,0.1,0,0,0,3.3,5.8,7.2,2.9,4.3,10.3,4.2,9.2,6.9,11.2,2.1,7.9,1.9,7.7,4,8.7,2,1.4,1.8,8.7,8.7,15.5,4.7,7.7,4.5,4.3,2.3,3.8,5.6,7.7,4.7,4,6.8,8.3,3.6,6.1,11.9,6.8,13,8.3,13,4,9,4,8.6,5.8,9.4,4,1.8,3.6,10.8,8.6,18,5,7.9,5.4,5.4,2.5,5.4,5,9,5.4,,,,,,22.2204,114.2127
2026-09-08T08:00,27.6,28,27.4,27.1,27.1,27.1,27.9,27.2,27.3,27.4,26.9,29,26.9,27.5,28.5,26.7,26.5,27.5,27.7,27.8,27.4,27.2,27.7,27.1,27.1,28,27.1,27.4,27.5,27.6,27.8,27.2,27.6,27,27.2,26.7,28.2,28.1,27.6,28.3,88,85,88,92,89,81,82,91,88,91,91,61,90,74,85,89,91,89,92,85,92,88,88,82,91,87,88,91,90,92,89,89,90,90,92,92,90,74,89,84,0,0,0,0,0,0,0,0,0,0,0,0,0,0,0,0,0,0,0,0,0,0,0,0,0,0,0,0,0,0,0,0,0,0,0,0,0,0,0,0,3.4,3.4,2.2,1.1,2.4,4.8,4,1.3,2.2,1.5,2.5,4.7,2.5,3.3,2.3,2.5,2.5,4.7,3.7,3.6,1.3,2.5,2.6,2.6,1.8,2.6,4.1,2.6,1.1,1.6,2.6,2.2,1.9,4,1,1.3,4.3,4.7,0.8,1.8,,,,,,,,,,,,,,,,,,,,,,,,,,,,,,,,,,,,,,,,,27.9,28,27.7,28.4,27.9,28,28.2,28.7,28.4,28,27.6,28.1,27.8,27.8,28.1,27.8,28.1,27.9,27.9,28.7,27.8,28.1,27.7,27.7,27.8,27.9,27.9,28,27.4,27.7,27.8,74,75,78,78,77,82,76,74,78,80,74,79,76,77,78,79,77,76,76,76,80,79,76,77,77,76,75,76,73,75,73,0,0,0.1,0,0.7,0,0,0,0,0.1,0,0.1,0.3,0,0,0.2,0.1,0,0.1,0,0.1,0.3,0,0,0,0,0.1,0.1,0,0,0,2.6,7.1,6.4,1.8,5.2,8.3,4.2,10.4,5.2,12.2,3.3,6.9,2.1,7.7,5.8,9.6,4.5,1.1,1.8,8,10.9,16.4,3.8,6.6,6.5,3.6,1.1,4,5.6,6.8,3.8,3.2,7.9,6.8,3.2,7.6,9.7,6.8,13.7,6.8,14.8,4.3,7.9,4,8.6,7.2,10.4,5.4,1.8,2.9,10.4,11.2,19.1,3.6,6.8,7.6,5.8,1.8,5.4,4.7,7.9,4.7,,,,,,22.2204,114.2127
2026-09-08T09:00,28.3,29,28.5,28.4,28.1,28.1,28.8,28.4,28.3,28.6,27.9,29.8,28.1,28.5,29.7,27.9,27.7,28.4,28.7,28.9,28.6,28.5,28.9,27.7,28,29.2,27.9,28.3,28.7,29,29,28.3,28.6,27.9,28.3,27.6,29.2,29,28.6,29.4,85,75,82,85,83,74,73,84,83,84,85,56,84,68,75,84,84,84,86,78,85,80,78,79,86,80,83,86,82,84,81,83,84,84,86,87,81,67,83,78,0,0,0,0,0,0,0,0,0,0,0,0,0,0,0,0,0,0,0,0,0,0,0,0,0,0,0,0,0,0,0,0,0,0,0,0,0,0,0,0,3.3,5.8,3.3,1.9,2.2,7.2,6.3,1.8,2.6,2.7,3.4,7.8,3.4,4.7,4.3,3.7,2.7,5.4,4.7,5.1,2.3,4.5,4.7,3.2,2.3,3.8,5,4,2.3,2.9,3.3,2.1,2.7,4.4,1.5,1.5,5.5,6.3,1.6,2.9,,,,,,,,,,,,,,,,,,,,,,,,,,,,,,,,,,,,,,,,,28.2,28.4,28.1,28.9,28.4,28.5,28.5,29.1,28.9,28.4,28.1,28.6,28.2,28.3,28.4,28.1,28.4,28.3,28.4,29.3,28.1,28.4,28.1,28.2,28.2,28.2,28.1,28.4,27.8,28.2,28,72,73,75,75,74,79,74,71,74,77,72,76,74,74,77,77,76,74,74,73,78,77,74,74,75,73,74,74,71,72,72,0,0,0,0,0.1,0,0,0,0,0.1,0,0,0,0,0.1,0.2,0,0,0,0,0.1,0,0.1,0,0,0,0.1,0,0,0,0,1.5,7.7,5.2,2.2,4.8,5.1,4.9,11.3,4.2,12.8,3.8,4.7,3.4,7.8,7.7,10,7.2,3.5,2.3,6.8,12.9,17.1,2.3,5.4,7.3,3.9,2,4.8,5.6,5.7,5,3.6,9,5.8,4.3,8.6,8.3,7.9,14,7.6,15.5,5.4,6.8,4.7,8.3,9,10.8,7.6,4,3.2,9.7,13.3,19.8,3.2,6.1,8.6,7.6,2.5,6.8,5,6.8,6.1,,,,,,22.2204,114.2127
2026-09-08T10:00,29.1,30.1,30,30,29.3,29.4,29.9,30,29.5,30.1,29.2,30.6,29.7,29.7,31.2,29.3,29.3,29.7,30.1,30.2,30,30.1,30.5,28.5,29.2,30.6,29,29.5,30.3,30.7,30.5,29.7,29.9,29.2,29.6,28.8,30.4,30.1,29.8,30.7,80,63,73,76,76,65,62,75,76,76,77,52,77,61,63,77,76,77,77,69,76,69,65,75,79,71,78,80,70,73,71,76,77,77,78,80,68,60,76,70,0,0,0,0,0,0,0,0,0,0,0,0,0,0,0,0,0,0,0,0,0,0,0,0,0,0,0,0,0,0,0,0,0,0,0,0,0,0,0,0,3.3,9.4,5.4,3.2,2.5,10.1,9.3,2.3,3.1,4.3,4.7,11.8,5.4,6.8,7.4,4.8,3.3,6.5,5.2,7,3.3,7.5,7.4,4.1,3.2,5.5,6.2,5.3,4.3,4.8,4.3,2.3,3.9,4.6,2.6,1.8,7.1,8.8,3.3,4.1,,,,,,,,,,,,,,,,,,,,,,,,,,,,,,,,,,,,,,,,,28.7,28.8,28.6,29.4,29.1,29.1,29,29.6,29.5,28.9,28.7,29.3,28.7,28.9,28.8,28.4,28.9,28.8,29.1,30,28.5,28.7,28.6,28.9,28.7,28.7,28.3,28.9,28.4,29,28.3,70,71,72,71,71,74,71,68,69,74,70,71,73,71,75,76,74,73,71,70,77,75,72,71,72,70,73,71,69,68,71,0,0,0,0,0.1,0,0,0,0,0.1,0,0,0,0,0.1,0.2,0,0,0,0,0.1,0,0.1,0,0,0,0.1,0,0,0,0,1.8,8.9,4.7,4.3,6.5,2.1,6.9,12.2,5.8,13.3,5.6,2.2,5,8,10.2,10.4,9.9,7,2.5,6.1,15.5,16.9,1.1,4.6,8,7.2,3.6,6.9,5.8,4,7.3,4.3,9.7,5.4,6.1,9.7,6.8,9.7,14,9.4,15.5,6.8,5.8,6.1,7.9,11.2,11.5,10.4,7.6,4,9,15.8,19.8,3.6,5.8,9.7,9.7,4,9,5.8,6.1,8.3,,,,,,22.2204,114.2127
2026-09-08T11:00,30,31,31.2,31.3,30.2,30.5,30.9,31.2,30.5,31.4,30.2,31.3,30.9,30.8,32.4,30.6,30.5,30.9,31.2,31.3,31.3,31.5,31.8,29.2,30.4,31.8,29.8,30.5,31.6,32.1,31.7,30.8,31,30.3,30.7,29.9,31.5,31,30.6,31.9,76,53,66,68,71,58,53,68,70,68,71,49,70,55,53,70,69,70,69,61,69,59,54,72,72,63,73,74,61,64,63,69,70,71,71,73,58,54,71,63,0,0,0,0,0,0,0,0,0,0,0,0,0,0,0,0,0,0,0,0,0,0,0,0,0,0,0,0,0,0,0,0,0,0,0,0,0,0,0,0,3.6,11.7,6.8,4.4,2.6,12.3,11.3,3.1,4.2,5.8,5.6,14.4,6.7,8.3,9.6,6,3.5,7,6.2,8.4,4.3,9.4,9.8,4.7,3.4,6.8,7.1,6.2,6.1,6.7,5.5,3.5,4.8,4.7,3.5,2.6,8.3,10.5,4.3,5.4,,,,,,,,,,,,,,,,,,,,,,,,,,,,,,,,,,,,,,,,,29.1,29.2,29,29.9,29.5,29.6,29.3,30,30,29.3,29.1,29.8,29.1,29.4,29.1,28.6,29.2,29.1,29.6,30.5,28.8,29,29,29.4,29.1,29.1,28.5,29.3,28.9,29.5,28.6,69,70,70,67,69,71,69,65,65,72,69,68,71,69,74,74,73,72,69,68,75,74,71,69,70,68,72,69,68,66,71,0,0,0,0,0.1,0,0,0,0,0.1,0,0,0,0,0.1,0.2,0,0,0,0,0.1,0,0.1,0,0,0,0.1,0,0,0,0,3.8,10.5,5.6,6.1,8.9,2.4,9,12.6,7.9,14.3,7.6,1.1,6.1,8,12.1,11,12.3,10.1,3.4,6.6,17.3,17.3,2.9,5.4,8.6,10.2,5.4,8.9,6.3,3,9.5,5.4,10.8,5.4,7.9,10.4,6.5,11.2,14.4,10.8,16.2,8.3,5.4,7.2,8.3,13,11.9,13,10.8,5,9,17.6,20.2,4.3,6.1,10.1,11.9,5.8,10.8,6.8,5.8,10.4,,,,,,22.2204,114.2127
2026-09-08T12:00,30.8,31.8,31.9,32,30.8,31.4,31.8,31.9,31.2,32.1,30.9,32.1,31.6,31.7,33.1,31.4,31.3,31.8,32.2,32,32.1,32.4,32.5,29.8,31.4,32.6,30.5,31.2,32.4,32.7,32.6,31.4,31.8,31.2,31.6,30.7,32.3,31.6,30.8,32.7,71,48,61,63,69,54,48,63,67,62,67,45,65,51,48,63,65,64,62,56,65,52,49,69,66,57,69,69,55,60,58,64,65,65,66,67,52,50,69,58,0,0,0,0,0.4,0,0,0,0,0,0,0,0,0,0,0,0,0,0,0,0,0,0,0,0,0,0,0,0,0,0,0,0,0,0,0,0,0,0.1,0,5.1,12.1,7.3,5.9,2.8,12.3,11.5,4.1,5.4,6.7,6.6,14.4,7.3,8.6,10,6.9,4.4,6,7.2,9.2,4.9,9.9,10.7,5.2,3.3,8,8,6.6,7.6,7.9,6.5,5.4,5.9,4.9,4.5,3.4,9.1,10.9,4.7,6.3,,,,,,,,,,,,,,,,,,,,,,,,,,,,,,,,,,,,,,,,,29.3,29.3,29.1,30.2,29.7,29.8,29.4,30.3,30.4,29.4,29.2,30,29.4,29.6,29.2,28.9,29.3,29.2,29.7,30.5,28.9,29,29.2,29.5,29.5,29.4,28.8,29.4,29.1,29.5,28.9,69,70,70,64,68,70,68,62,62,71,69,67,70,69,73,73,73,72,68,67,74,74,71,69,69,67,71,68,67,66,70,0,0,0.1,0,0,0,0,0,0,0,0,0,0,0,0,0.1,0.1,0,0,0,0,0,0.1,0,0,0,0.1,0,0,0,0,5.5,12.3,7.4,7.1,9.7,4.3,10.2,12.5,8.5,15.6,9.1,2.6,6.9,8.9,13.7,11.8,14,12.2,5.1,7.6,18,17.8,5,6.8,8.5,12.1,7.1,10.5,7.2,3.7,11.4,6.8,12.2,7.2,9.4,10.8,7.6,12.2,15.5,11.5,17.6,9.7,5.8,8.3,9.4,14.4,12.6,14.4,13,6.8,9.7,18.7,20.5,5.8,7.2,10.1,13.7,7.6,12.2,7.9,6.1,11.9,,,,,,22.2204,114.2127
2026-09-08T13:00,31.5,32.4,32.4,32.4,31,32.2,32.5,32.3,31.7,32.5,31.4,32.8,32.1,32.5,33.5,32,31.7,32.5,33,32.5,32.6,33,33,30.4,32.4,33.1,30.9,31.8,32.8,32.8,33.2,31.8,32.3,32,32.3,31.5,33,32.1,30.7,33.4,66,47,58,60,68,51,45,59,65,58,64,42,60,49,45,57,64,59,55,52,62,47,47,66,60,53,66,66,52,57,54,60,60,59,61,62,48,48,69,53,0,0,0,0,0.4,0,0,0,0,0,0,0,0,0,0,0,0,0,0,0,0,0,0,0,0,0,0,0,0,0,0,0,0,0,0,0,0,0,0.1,0,7,11.9,7.4,7.4,3.3,11.2,10.8,5.2,6.9,6.9,7.1,13.2,7.4,8.3,9.4,7.7,6.6,4.8,8.6,9.4,6.2,10,11.3,6.1,4.1,9,8.3,6.8,8.6,9.4,7.4,7.5,7.1,6,5.7,4.5,9.4,10.7,4.6,6.8,,,,,,,,,,,,,,,,,,,,,,,,,,,,,,,,,,,,,,,,,29.5,29.4,29,30.4,29.6,29.8,29.4,30.5,30.6,29.3,29.2,30,29.6,29.6,29.3,29.1,29.3,29.2,29.7,30.3,28.9,29,29.3,29.4,29.8,29.6,29.1,29.4,29.2,29.3,29.1,69,70,71,62,68,71,67,60,60,71,69,68,69,69,73,72,73,72,69,67,74,74,71,70,67,66,70,69,67,68,70,0,0,0.1,0,0,0,0,0,0,0,0,0,0,0,0,0.1,0.1,0,0,0,0,0,0.1,0,0,0,0.1,0,0,0,0,7.1,14,9.8,8.1,10.6,7.7,11.3,13.1,9,17.2,10.6,4.5,8.1,10.8,14.7,12.2,15.2,14.2,7.6,9.4,18.4,18.7,7.5,9.1,7.9,13.3,8.7,12.4,8.2,6.2,13.1,8.3,13.3,9.7,10.8,11.2,10.1,13,16.9,12.2,19.4,11.2,6.5,9,10.8,15.1,13.3,15.8,15.1,8.6,11.2,19.1,20.9,7.9,9.4,9.7,15.1,9.4,13.7,9,7.6,13,,,,,,22.2204,114.2127
2026-09-08T14:00,31.9,32.7,32.6,32.4,31.2,32.6,32.9,32.4,31.8,32.6,31.7,33.1,32.2,32.9,33.6,32.2,31.7,32.9,33.4,32.7,32.9,33.3,33.2,30.7,32.9,33.3,31.1,32,33,32.7,33.4,31.9,32.5,32.3,32.6,31.9,33.4,32.2,30.5,33.7,64,46,56,59,68,49,44,58,65,56,62,41,58,48,44,53,64,56,51,50,61,44,46,65,58,50,65,64,50,58,52,59,58,57,58,59,46,48,69,51,0,0,0,0,0.4,0,0,0,0,0,0,0,0,0,0,0,0,0,0,0,0,0,0,0,0,0,0,0,0,0,0,0,0,0,0,0,0,0,0.1,0,8,11.3,7.4,8.5,4,10.1,9.9,5.8,7.4,6.9,7.3,11.8,7.3,8.3,8.7,8.1,8.2,4.1,9.4,9.8,6.9,9.4,11.1,7.2,5,9.7,8.6,6.9,8.5,9.8,7.5,8.9,7.7,6.8,5.9,5.2,9.6,10.4,4.7,6.9,,,,,,,,,,,,,,,,,,,,,,,,,,,,,,,,,,,,,,,,,29.6,29.4,29,30.6,29.6,29.8,29.4,30.6,30.6,29.2,29.2,30,29.6,29.6,29.4,29.2,29.3,29.1,29.6,30.1,28.9,28.9,29.3,29.3,29.9,29.7,29.4,29.4,29.3,29.2,29.2,69,70,71,61,68,72,67,59,59,71,70,68,69,70,73,71,73,73,69,67,74,74,71,71,67,66,69,69,67,69,70,0,0,0.1,0,0,0,0,0,0,0,0,0,0,0,0,0.1,0.1,0,0,0,0,0,0.1,0,0,0,0.1,0,0,0,0,8.9,15.1,11.5,8.8,11.4,10.9,11.9,13.2,9.7,18.7,12.2,6.2,9.7,12.4,15.9,13,16.2,15.9,9.9,11.3,18.1,19.1,9.7,11,7.9,14.6,10.2,14,9.3,8.7,14.8,9.7,14.4,11.5,12.2,11.5,11.9,13.7,17.6,12.2,20.9,11.9,7.6,10.1,12.2,15.8,14,16.9,16.6,10.4,12.6,19.4,20.9,10.1,10.8,9.7,16.6,11.2,15.1,10.1,8.6,14,,,,,,22.2204,114.2127
2026-09-08T15:00,31.7,32.6,32.6,31.9,31.3,32.6,32.7,32.1,31.4,32.4,31.8,32.8,31.8,32.7,33.3,32,31.2,32.9,33.3,32.5,32.8,33.2,33,30.4,32.4,33.3,30.8,31.8,32.9,32.2,33.3,31.6,32.3,32,32.7,31.8,33.3,31.9,30.4,33.7,66,46,56,62,67,49,45,60,67,57,59,43,60,47,46,54,67,55,50,51,60,44,47,67,61,49,67,66,50,62,52,61,59,59,57,59,46,50,69,50,0,0,0,0,0,0,0,0,0,0,0,0,0,0,0,0,0,0,0,0,0,0,0,0,0.2,0,0,0,0,0,0,0,0,0,0,0,0,0,0,0,7.6,10.8,6.7,7.6,4.8,9.8,9.4,5,7.1,6.1,6.7,11.1,6.8,8.7,7.7,7.7,9,4.7,9.2,9.3,6.7,8.9,10.6,8.2,4.9,9.7,8.6,6.5,6.9,8.8,6.6,8.7,7.4,6.9,5.4,5.4,9.4,9.7,4.8,6.2,,,,,,,,,,,,,,,,,,,,,,,,,,,,,,,,,,,,,,,,,29.5,29.3,29.1,30.7,29.6,29.7,29.5,30.6,30.5,29.1,29.2,29.9,29.5,29.5,29.3,29.3,29.3,29,29.5,30.2,28.8,29,29.2,29.3,29.8,29.7,29.5,29.4,29.2,29.2,29.2,69,70,70,60,68,72,66,59,59,71,70,68,70,70,73,71,73,73,69,67,74,74,71,71,67,66,69,69,67,70,70,0,0,0,0,0,0,0,0,0,0,0,0,0,0,0.2,0,0,0,0,0,0,0,0.1,0,0,0,0.1,0,0,0,0,10.2,15.5,12.2,9.4,12.4,12.9,11.9,12.4,9.3,19.9,12.5,8,10.8,13.2,16.5,13.9,17,16.9,11,12.5,17.8,18.8,11.9,12.5,8.7,15.5,11.3,15,10.7,10.6,16.1,10.8,14.8,12.2,13.3,12.2,13,14,17.3,11.9,22,11.9,8.6,11.2,13,16.2,14.8,18.4,17.3,11.2,13.7,19.4,20.5,12.2,11.9,10.1,17.6,12.6,16.2,11.5,10.1,15.1,,,,,,22.2204,114.2127
2026-09-08T16:00,31.1,32.1,32.4,31.1,31.2,32.2,32.1,31.5,30.7,31.9,31.7,32.2,31.2,32.2,32.7,31.5,30.4,32.6,32.9,32.1,32.4,32.8,32.6,29.7,31.4,32.9,30.1,31.1,32.5,31.4,32.9,31,31.8,31.3,32.4,31.3,32.9,31.3,30.3,33.3,70,47,57,68,67,50,48,64,71,60,58,46,65,48,50,58,72,57,51,55,60,45,49,70,67,50,72,70,52,68,53,65,62,64,57,62,47,55,70,51,0,0,0,0,0,0,0,0,0,0,0,0,0,0,0,0,0,0,0,0,0,0,0,0,0.2,0,0,0,0,0,0,0,0,0,0,0,0,0,0,0,6.2,10.3,5.9,6.4,5.8,9.1,8.9,4,6.6,5.5,5.6,10.6,7,9.1,6.3,6.9,9.2,5.6,8.4,8.8,5.3,8.4,9.7,8.9,4,8.9,8.6,5.6,4.7,7.6,5.3,7.6,6.4,6.5,4.4,5.5,8.5,9.1,4.9,5.4,,,,,,,,,,,,,,,,,,,,,,,,,,,,,,,,,,,,,,,,,29.4,29.2,29.3,30.7,29.7,29.6,29.5,30.4,30.2,29,29.1,29.8,29.3,29.4,29.2,29.2,29.4,29,29.4,30.3,28.7,29.1,29,29.3,29.6,29.6,29.5,29.4,29.1,29.2,29,69,71,69,60,68,73,66,60,61,72,70,68,71,71,73,71,74,74,69,67,75,74,72,71,68,67,68,70,67,70,71,0,0,0,0,0,0,0,0,0,0,0,0,0,0,0.2,0,0,0,0,0,0,0,0.1,0,0,0,0.1,0,0,0,0,11,15.3,12.2,10.1,12.9,14.1,11.2,11.3,9.2,20.5,12.7,9.4,12.1,13.9,16.1,14.5,17.9,17.2,11.5,13.7,17.5,17.7,14.1,13.2,9.7,16.1,12.3,15.3,12.6,12.4,16.9,11.2,15.1,12.2,14,13.3,14,14,16.6,11.2,22.7,11.9,9.7,12.6,13,15.8,15.8,19.4,18,11.5,14.8,19.4,20.2,14.4,12.6,10.8,18.4,14,16.9,13,11.5,16.2,,,,,,22.2204,114.2127
2026-09-08T17:00,30.4,31.5,31.9,30.1,30.9,31.5,31.3,30.8,29.9,31.3,31.3,31.5,30.4,31.4,32,30.7,29.5,32,32.3,31.4,31.9,32.2,32,29,30.5,32.3,29.4,30.4,31.8,30.6,32.2,30.3,31.1,30.4,31.8,30.7,32.3,30.5,30,32.6,74,49,60,74,69,52,53,68,75,65,58,50,70,50,56,63,77,60,54,60,62,49,53,73,72,53,76,74,56,75,57,70,67,70,59,66,51,61,72,55,0,0,0,0,0,0,0,0,0,0,0,0,0,0,0,0,0,0,0,0,0,0,0,0,0.2,0,0,0,0,0,0,0,0,0,0,0,0,0,0,0,5.4,9,4.7,6.4,6.3,8.4,8.4,3.2,6.8,4.7,4.3,9.4,7.5,8.8,5.4,5.6,9,5.8,7.1,8,4.2,7.2,8.5,8.9,3.4,7.7,8.9,5.6,3.3,6.8,4.4,6.7,5.8,6.3,3.5,5.1,7.3,8.6,5,4.6,,,,,,,,,,,,,,,,,,,,,,,,,,,,,,,,,,,,,,,,,29.3,29.1,29.4,30.6,29.7,29.5,29.4,30.3,29.9,28.8,29,29.6,29.1,29.2,29.1,29.1,29.3,28.9,29.3,30.3,28.6,29,28.8,29.3,29.3,29.4,29.4,29.4,28.9,29.1,28.9,70,72,69,61,69,74,66,61,62,73,71,69,72,72,74,71,75,75,70,68,76,74,73,72,69,68,69,71,68,71,72,0,0,0,0,0,0,0,0,0,0,0,0,0,0,0.2,0,0,0,0,0,0,0,0.1,0,0,0,0.1,0,0,0,0,11.5,14.4,12,10.5,13.2,15,11,10.4,10,21.5,12.1,10.8,12.7,13.9,15.6,14.8,17.9,17,11.7,14.1,16.8,17.2,15.6,13.9,10.8,16.3,12.9,15.5,14.1,13.6,17.2,11.9,14.8,12.2,14.4,14,14.8,14.4,16.2,10.4,23.8,11.5,10.8,13.3,13.3,15.8,16.6,20.2,18,11.9,15.1,19.1,19.4,15.8,13.3,11.5,18.7,15.1,17.6,14.4,13,16.6,,,,,,22.2204,114.2127
2026-09-08T18:00,29.7,30.7,31.2,29.1,30,30.4,30.2,30,29.2,30.3,30.6,30.7,29.4,30.4,31,29.6,28.5,30.9,31.3,30.3,31.2,31.2,31,28.3,29.7,31.2,28.6,29.5,30.7,29.6,31.1,29.5,30.1,29.4,30.8,29.7,31.2,29.4,29.4,31.4,79,52,64,80,74,57,62,73,78,72,63,53,75,56,63,71,81,67,60,69,66,55,58,75,76,59,80,79,63,81,64,75,74,76,65,72,59,70,76,63,0,0,0,0,0,0,0,0,0,0,0,0,0,0,0,0,0,0,0,0,0,0,0,0,0,0,0,0,0,0,0,0,0,0,0,0,0,0,0,0,5.2,6.3,3.4,5.7,5.6,7.1,6.8,3.1,6,4,3.2,6.7,6.9,6.7,4.3,4,7.8,4.3,5,6.9,2.9,5.1,6.4,7.7,2.8,5.4,8.2,5.3,2.7,6.1,2.6,5.3,5,6.1,2.9,4.1,5.1,7.3,4.3,3.6,,,,,,,,,,,,,,,,,,,,,,,,,,,,,,,,,,,,,,,,,29.1,28.9,29.3,30.4,29.4,29.2,29.2,30,29.6,28.4,28.9,29.3,28.8,28.9,28.8,28.9,29,28.6,29.1,29.9,28.5,28.8,28.6,29.1,29.1,29.1,29.1,29.1,28.6,28.8,28.6,72,73,70,63,71,76,68,62,64,75,72,71,74,74,75,72,77,77,72,70,77,75,75,73,70,70,71,73,70,73,74,0,0,0,0,0,0.1,0,0,0,0,0,0,0,0,0,0,0,0,0,0,0,0,0,0,0,0,0,0,0,0,0,11.8,13.4,11.7,10.1,13.7,15.3,11.8,10.6,9.8,22.7,11.6,12,12.7,13.4,14.9,14.8,17.1,16.3,12,13.9,15.6,16.2,15.8,14.2,11.6,16.1,13.7,15.9,14.8,13.8,16.5,12.6,14,12.2,14.4,15.1,15.5,15.1,16.6,10.1,25.6,11.5,12.2,13.3,13.7,16.2,16.9,20.2,17.6,12.6,15.1,18,18.7,16.6,14.4,12.2,18.7,16.6,18.7,15.5,14,16.2,,,,,,22.2204,114.2127
2026-09-08T19:00,28.8,29.8,30.2,28.1,28.8,29.1,28.8,29.1,28.4,29,29.6,29.7,28.4,29.2,29.8,28.3,27.6,29.5,30,28.9,30.3,30,29.9,27.6,29.1,29.9,27.6,28.4,29.4,28.4,29.8,28.5,28.8,28.2,29.6,28.6,29.8,28.1,28.6,30,84,57,70,86,81,64,72,78,81,80,70,57,81,63,71,81,84,76,69,79,71,63,64,78,80,66,84,85,71,87,73,81,82,83,73,80,70,80,80,73,0,0,0,0,0,0,0,0,0,0,0,0,0,0,0,0,0,0,0,0,0,0,0,0,0,0,0,0,0,0,0,0,0,0,0,0,0,0,0,0,5.4,3.1,2.6,4.5,4.9,5.4,5.1,2.7,4.7,3.6,2.2,3.8,5.9,4.2,3.9,3.3,5.9,3.6,2.5,6,1.3,3.1,4.1,6.2,2.3,1.8,7.1,5.2,2.6,5.4,2.2,4.1,4.8,5.6,2.4,3.3,3.3,5.7,3.5,3.3,,,,,,,,,,,,,,,,,,,,,,,,,,,,,,,,,,,,,,,,,28.8,28.7,29,30.1,29,28.9,28.9,29.7,29.4,28,28.7,28.9,28.6,28.7,28.5,28.6,28.5,28.4,28.9,29.5,28.3,28.5,28.3,28.7,28.9,28.8,28.8,28.7,28.2,28.5,28.3,75,75,72,65,74,77,71,64,65,78,74,74,75,75,77,74,80,79,74,73,79,77,76,75,71,74,74,76,72,74,77,0,0,0,0,0,0.1,0,0,0,0,0,0,0,0,0,0,0,0,0,0,0,0,0,0,0,0,0,0,0,0,0,11.5,11.7,11,9.8,14,14.9,13,11.3,8.7,23.5,10.8,13,11.9,12.8,14,14.8,16.1,15.2,12,13,14.1,14.9,14.9,14.2,12.6,15.1,14.2,16.1,15.1,13.9,15,13,13,11.9,13.7,16.2,16.2,15.8,16.9,10.1,27.7,11.2,14,12.6,13.7,16.6,17.3,19.8,17.3,13.3,14.8,16.9,18,16.9,15.1,12.6,18.4,18,20.2,16.2,14.4,15.8,,,,,,22.2204,114.2127
2026-09-08T20:00,28.1,29,29.4,27.3,27.9,28,27.7,28.4,27.8,28.1,28.8,28.8,27.6,28.2,28.8,27.2,26.8,28.4,29,27.9,29.5,28.9,28.9,27,28.5,28.8,26.9,27.6,28.3,27.5,28.7,27.7,27.9,27.3,28.5,27.7,28.7,27.1,27.9,28.9,88,62,76,90,86,69,81,82,83,86,76,61,86,69,78,88,87,83,76,87,75,70,69,80,83,73,88,89,78,92,81,86,88,88,80,86,79,88,84,81,0,0,0,0,0,0,0,0,0,0,0,0,0,0,0,0,0,0,0,0,0,0,0,0,0,0,0,0,0,0,0,0,0,0,0,0,0,0,0,0,5.4,1.1,3.1,3.5,4.3,4,4.5,3,3.8,3.8,1.8,1.8,4.8,1.9,3.8,3.8,4.4,4.3,2.1,5.6,1.4,2.3,2.5,4.8,2.5,1.1,5.9,4.7,3.1,4.7,3.4,3.5,5.2,5.2,2.3,3.8,3.4,4.8,2.7,3.7,,,,,,,,,,,,,,,,,,,,,,,,,,,,,,,,,,,,,,,,,28.6,28.5,28.8,29.8,28.7,28.6,28.6,29.4,29.2,27.6,28.6,28.6,28.4,28.4,28.3,28.4,28.2,28.1,28.7,29.1,28.2,28.2,28.1,28.5,28.7,28.5,28.4,28.4,27.9,28.2,28,77,76,74,67,76,79,73,66,67,80,75,76,77,77,79,76,82,80,76,76,80,79,78,76,73,76,76,78,74,76,79,0,0,0,0,0,0.1,0,0,0,0,0,0,0,0,0,0,0,0,0,0,0,0,0,0,0,0,0,0,0,0,0,11.3,10.8,10.5,9.3,13.8,14.1,13.8,10.8,7.6,24.5,10.2,13.9,11.2,12.3,13,14.8,15,14,12,12,13,13.6,14,13.8,13.4,14.3,14.6,16.1,15.1,13.8,14.2,13,12.6,11.9,13.7,16.6,16.6,16.2,16.6,9.7,29.2,11.2,15.1,11.9,13.7,16.2,17.3,19.4,16.9,14,14,15.8,16.9,16.9,15.5,13.3,17.6,18.7,20.5,16.6,14.8,15.5,,,,,,22.2204,114.2127
2026-09-08T21:00,27.8,28.4,28.7,26.9,27.4,27.5,27.3,28,27.4,27.6,28.2,28.2,27.1,27.6,28.1,26.7,26.3,27.8,28.4,27.5,28.9,28.2,28.3,26.8,28.2,28.1,26.6,27.2,27.6,27,28,27.3,27.6,26.8,27.9,27.1,28,26.9,27.6,28.4,89,68,82,92,87,70,86,84,85,88,80,65,88,73,84,92,89,87,81,90,78,75,74,82,84,77,90,91,82,94,85,88,90,91,84,90,86,91,85,85,0,0,0,0,0,0,0,0,0,0,0,0,0,0,0,0,0,0,0,0,0,0,0,0,0,0,0,0,0,0,0,0,0,0,0,0,0,0,0,0,5.1,2.1,3.6,3.2,4,3.8,4.9,3,3.3,3.8,2.2,2.3,4.3,1.4,4.1,3.8,3.8,4.3,2.5,5.7,1.8,2.8,3.5,4.3,2.5,1.8,5.4,4,3.1,4.1,3.8,3.5,5.2,4.6,2.3,3.8,4.3,4.8,2.6,4.2,,,,,,,,,,,,,,,,,,,,,,,,,,,,,,,,,,,,,,,,,28.4,28.3,28.7,29.5,28.5,28.4,28.4,29.2,29.1,27.4,28.4,28.4,28.2,28.3,28.2,28.2,28,28,28.5,28.9,28.1,28.1,28,28.3,28.4,28.3,28.2,28.2,27.7,28,27.8,78,78,75,69,78,80,75,68,68,81,76,78,78,78,80,77,83,80,77,77,81,80,79,77,75,77,77,79,75,77,80,0,0,0.1,0,0,0.1,0,0,0,0,0,0,0,0,0,0,0,0.1,0,0.2,0,0,0,0,0,0.2,0,0.2,0,0,0.4,11,11.1,10.5,9.5,13.3,13.7,13.5,9.2,7.2,24.5,9.8,14.3,10.8,12,12.1,14.5,14.8,13.9,11.8,11.2,12.3,12.3,13,13.4,14.1,13.2,14.2,15.1,15.1,13,14.2,12.6,13.3,12.2,14.8,15.8,16.2,15.8,14.8,9.7,29.2,10.8,15.8,11.5,13.7,15.1,17.6,19.4,16.9,14.4,13.7,15.5,15.5,16.2,15.5,14.4,16.6,18.4,19.8,16.6,14.4,15.8,,,,,,22.2204,114.2127
2026-09-08T22:00,27.6,27.9,28.1,26.7,27.2,27.4,27.1,27.8,27.3,27.5,27.9,27.8,26.9,27.2,27.6,26.4,26.1,27.5,28,27.4,28.4,27.7,27.7,26.7,28,27.7,26.5,26.9,27.2,26.7,27.5,27,27.5,26.5,27.5,26.8,27.6,26.9,27.4,28.1,88,74,87,92,87,70,88,84,86,89,83,70,89,75,89,93,91,90,84,90,81,79,78,84,85,80,92,91,85,94,88,89,89,92,87,92,91,91,86,86,0,0,0,0,0,0,0,0,0,0,0,0,0,0,0,0,0,0,0,0,0,0,0,0,0,0,0,0,0,0,0,0,0,0,0,0,0,0,0,0,4.6,3.5,4.1,2.8,3.6,4,5.2,2.7,2.8,3.1,2.9,2.8,4.4,2.1,3.8,3.5,3.2,3.9,2.9,5.8,1.5,3.8,5.2,4.2,2.5,1.9,5,3.3,2.6,3.6,3.3,3.1,5.1,4.3,2.2,3.2,5.1,5,2.3,4.3,,,,,,,,,,,,,,,,,,,,,,,,,,,,,,,,,,,,,,,,,28.2,28.1,28.5,29.1,28.3,28.3,28.2,28.9,29,27.3,28.2,28.2,28.1,28.1,28.1,28.1,28,27.9,28.3,28.7,28,28,27.9,28.2,28.1,28.1,28,28.1,27.5,27.9,27.7,79,80,76,71,79,81,77,70,69,81,77,79,79,80,81,78,83,80,78,78,82,81,80,78,78,78,78,81,76,78,80,0,0,0.1,0,0,0.1,0,0,0,0,0,0,0,0,0,0,0,0.1,0,0.2,0,0,0,0,0,0.2,0,0.2,0,0,0.4,10.5,11.7,10.7,10.9,12,12.8,13,7.4,7.5,23.8,9.9,14.2,10.1,12.2,10.8,14.3,14.9,13.7,11.9,10.4,11.9,11,12.4,12.3,14.1,12.4,14,13.9,14.8,12,14.6,11.9,14.4,12.6,15.8,14.4,15.5,15.1,12.6,9.4,28.4,10.8,16.2,11.5,13.7,13.7,17.6,19.1,16.9,14.8,13,15.1,14,15.1,14.8,15.5,15.5,17.3,18,16.6,13.3,16.9,,,,,,22.2204,114.2127
2026-09-08T23:00,27.4,27.4,27.6,26.5,27,27.1,27,27.6,27.1,27.3,27.5,27.4,26.8,26.9,27.3,26.2,25.9,27.3,27.6,27.2,27.9,27.3,27.3,26.6,27.8,27.3,26.4,26.7,26.8,26.5,27.1,26.8,27.4,26.2,27.1,26.5,27.3,27,27.3,27.9,88,79,91,92,87,71,90,85,87,89,85,74,90,76,92,94,92,92,87,90,84,83,82,85,85,83,93,92,88,94,90,89,89,93,89,93,94,91,86,87,0,0,0,0,0,0,0,0,0,0,0,0,0,0,0,0,0,0,0,0,0,0,0,0,0,0,0,0,0,0,0,0,0,0,0,0,0,0,0,0,4.5,4.3,4.3,2.8,3.3,4.5,5.3,2.4,2.6,2.6,3,3.1,4,3.1,3.6,3.1,3.1,3.3,2.5,5.9,1.4,4.3,6.2,3.9,2.2,2,4.7,3.1,2.3,3.4,2.5,3.1,4.9,4,2.2,2.8,5.1,5.2,2.4,4.3,,,,,,,,,,,,,,,,,,,,,,,,,,,,,,,,,,,,,,,,,28.1,28,28.4,28.8,28.1,28.2,28,28.7,28.8,27.2,28.1,28.1,27.9,28.1,28.1,28,27.9,27.9,28.2,28.6,27.9,28,27.8,28.1,27.9,28,27.8,28,27.4,27.8,27.6,79,81,77,73,80,81,78,72,70,81,78,80,80,80,82,79,83,80,79,79,82,81,80,79,80,78,79,81,77,78,80,0,0,0.1,0,0,0.1,0,0,0,0,0,0,0,0,0,0,0,0.1,0,0.2,0,0,0,0,0,0.2,0,0.2,0,0,0.4,9.2,12.2,10.5,11.9,10,11.3,12,5.4,7.2,23.4,9.1,13.6,10,11.7,9.5,13.5,14.7,13.2,11.3,9.3,11.6,10.2,11,11.2,13.3,11.3,13.8,12.9,14.1,11,14.8,10.8,15.1,12.2,16.2,12.2,14,14,10.4,9,27.7,10.1,15.8,11.5,13.3,11.9,17.3,18.7,16.6,14.4,11.9,14.4,13,14,13.3,15.5,14.4,16.6,16.9,15.8,12.6,17.3,,,,,,22.2204,114.2127
2026-09-09T00:00,27.1,27,27.2,26.4,26.7,26.4,26.8,27.3,27,27.1,27,27,26.6,26.9,27.1,25.9,25.7,27.1,27.2,26.9,27.5,26.8,27,26.6,27.6,27,26.3,26.5,26.4,26.3,26.8,26.6,27.1,26,26.7,26.3,27.1,26.8,27.1,27.5,88,84,92,92,88,75,91,87,88,90,87,78,90,75,92,94,93,93,90,90,86,87,87,85,86,86,93,93,90,94,92,89,90,94,91,94,95,91,87,88,0,0,0,0,0,0,0,0,0,0,0,0,0,0,0,0,0,0,0,0,0,0,0,0,0,0,0,0,0,0,0,0,0,0,0,0,0,0,0,0,3.9,3.9,4.1,2.4,3.1,4.6,4.6,1.6,2.9,2.1,1.8,2.9,3.2,3.6,3.2,2.8,2.8,3.2,1.8,5.8,1.5,4.3,5.4,3.4,1.9,2.4,4,2.9,1.9,3.3,1.9,3.1,4.5,3.4,1.8,2.6,4.3,4.7,1.9,3.9,,,,,,,,,,,,,,,,,,,,,,,,,,,,,,,,,,,,,,,,,28,27.9,28.2,28.6,28,28.1,27.7,28.5,28.6,27.1,27.9,27.9,27.7,28.1,28,27.8,27.7,27.8,28,28.4,27.9,27.9,27.7,27.9,27.7,27.9,27.7,27.8,27.3,27.8,27.5,79,82,78,74,80,81,79,73,72,81,79,80,80,79,82,79,83,80,79,79,82,81,80,80,80,77,79,81,77,78,80,0,0.1,0.1,0,0,0.1,0.2,0,0,0.1,0,0.4,0,0.2,0,0,0,0.3,0,0.3,0,0.1,0,0,0.1,0.1,0.1,0.6,0,0,0.1,6.9,12.1,9.4,10.7,7.4,9.1,10.9,3.1,6.2,23.5,8.1,12,9.9,11.2,7.8,12.2,14.2,12.1,10.1,7.5,10.4,9.7,9.6,9.4,11.6,10.8,13.6,12.4,12.4,10.7,14.1,8.6,14.8,10.4,14,9,10.8,12.2,8.6,7.6,27.7,9,14,11.5,12.6,9.7,15.5,17.3,15.1,12.6,9.7,13,12.6,12.6,10.8,13.7,14,16.2,16.2,14.4,12.2,16.6,,,,,,22.2204,114.2127
2026-09-09T01:00,26.8,26.6,26.9,26.3,26.6,25.5,26.6,27,26.8,26.8,26.6,26.7,26.6,26.9,27,25.7,25.6,26.9,26.8,26.6,27.1,26.4,26.8,26.6,27.3,26.7,26.2,26.3,26.1,26.2,26.4,26.4,26.8,25.9,26.3,26.1,27,26.5,26.9,27.2,89,87,90,92,89,80,90,88,89,92,89,82,90,72,90,93,94,93,93,90,88,91,91,84,87,89,92,95,92,95,94,88,90,95,93,94,94,90,87,88,0,0,0,0,0,0,0,0,0,0,0,0,0,0,0,0,0,0,0,0,0,0,0,0,0,0,0,0,0,0,0,0,0,0,0,0,0,0,0,0,3.4,2.9,3.6,2.3,2.7,4.7,4,0.8,3.2,1.9,2.5,2.3,2.6,4.4,2.5,2.3,2.5,3,1.8,5,1.3,4.1,3.6,2.9,2,3,3.3,2.8,1.8,2.9,1.9,2.9,4.1,2.5,1.1,2.2,3.6,4.3,1.4,3.4,,,,,,,,,,,,,,,,,,,,,,,,,,,,,,,,,,,,,,,,,27.9,27.8,28.1,28.4,27.9,27.9,27.5,28.4,28.4,27,27.8,27.8,27.6,28.2,27.8,27.5,27.6,27.8,27.8,28.3,27.8,27.8,27.6,27.8,27.6,27.9,27.6,27.6,27.2,27.7,27.4,78,82,78,75,80,80,78,74,75,80,79,80,80,78,81,79,83,79,79,79,82,80,80,80,80,76,79,80,77,78,80,0,0.1,0.1,0,0,0.1,0.2,0,0,0.1,0,0.4,0,0.2,0,0,0,0.3,0,0.3,0,0.1,0,0,0.1,0.1,0.1,0.6,0,0,0.1,4.2,11.6,7.6,8.8,4.5,6.5,9.6,1.8,4.6,23.6,6.5,9.7,9.7,10.2,5.8,10.7,13,10.8,8.6,4.7,9.4,9.7,8.6,6.8,9.8,10.8,13.4,12.5,10.4,10.3,13.1,5.8,14,7.9,10.8,5,6.5,10.1,6.8,5.8,28.1,7.6,11.2,11.5,11.9,7.2,12.6,15.8,13.3,10.1,6.8,11.5,12.2,11.2,7.6,10.8,14,15.8,15.8,11.9,11.5,15.5,,,,,,22.2204,114.2127
2026-09-09T02:00,26.6,26.3,26.6,26.2,26.4,24.8,26.5,26.7,26.7,26.6,26.2,26.4,26.5,27,26.9,25.5,25.6,26.7,26.5,26.3,26.8,26.1,26.6,26.5,27,26.5,26.1,26.1,25.8,26,26.2,26.2,26.5,25.7,26,26,26.9,26.3,26.8,27,89,90,89,92,90,83,90,90,89,93,91,85,90,70,89,92,95,93,95,90,90,93,94,83,88,91,92,96,94,95,95,88,91,95,95,94,93,90,88,88,0,0,0,0,0,0,0,0,0,0,0,0,0,0,0,0,0,0,0,0,0,0,0,0,0,0,0,0,0,0,0,0,0,0,0,0,0,0,0,0,2.9,1.8,2.9,2.2,2.6,4.7,3.9,0.7,3.1,2.5,3.7,1.4,2.1,5,2.6,2.2,2.1,2.9,2.7,4.7,1.3,3.4,2.3,2.5,2.1,3.2,2.7,3.4,1.8,2.7,2.2,2.6,4,2.5,1,2.2,3.7,4.2,1.1,2.9,,,,,,,,,,,,,,,,,,,,,,,,,,,,,,,,,,,,,,,,,27.8,27.7,28,28.2,27.8,27.8,27.4,28.3,28.2,26.9,27.7,27.7,27.4,28.2,27.7,27.3,27.5,27.7,27.7,28.2,27.8,27.7,27.5,27.7,27.6,27.9,27.5,27.5,27.1,27.7,27.3,78,82,78,75,80,80,78,74,77,79,79,79,80,77,80,79,83,79,79,79,82,80,80,80,79,75,79,79,77,78,80,0,0.1,0.1,0,0,0.1,0.2,0,0,0.1,0,0.4,0,0.2,0,0,0,0.3,0,0.3,0,0.1,0,0,0.1,0.1,0.1,0.6,0,0,0.1,3.2,11.2,5.4,6.6,2.6,3.6,7.6,3.7,2.7,24.1,5.1,7.5,9.6,9.4,5.6,8.7,12.6,10.9,7.4,2.8,8.8,9.8,8.8,4.5,7.8,11.9,13.7,13.1,8.4,9.8,13,4.7,13.3,6.1,8.6,3.2,4,8.3,6.1,5,28.4,6.5,8.6,11.2,10.8,6.1,10.4,14.8,12.6,8.6,5.4,10.8,12.2,10.4,5,9,14.4,16.2,15.8,9.7,11.2,15.1,,,,,,22.2204,114.2127
2026-09-09T03:00,26.4,26.2,26.4,26,26.1,24.4,26.3,26.3,26.6,26.4,25.8,26.1,26.4,26.9,26.8,25.3,25.4,26.5,26.1,26,26.5,25.9,26.5,26.4,26.7,26.2,25.9,25.9,25.5,25.8,25.9,26,26.3,25.6,25.6,25.8,26.7,26,26.6,26.7,89,91,89,92,91,84,90,92,89,94,92,87,90,68,89,93,96,94,96,91,92,93,94,83,88,92,92,97,95,96,97,88,92,94,97,95,93,91,89,89,0,0,0,0,0,0,0,0,0,0,0,0,0,0,0,0,0,0,0,0,0,0,0,0,0,0,0,0,0,0,0,0,0,0,0,0,0,0,0,0,2.5,0.8,2.3,2.1,2.2,5,3.9,1,2.5,2.6,3.8,0.5,3,5.5,2.6,1.5,1.4,2.9,3.1,4.2,1.1,2.2,2.3,2.3,2.1,3.1,2.5,3.5,1.8,2.8,2.1,2.2,3.4,3.4,0.5,1.8,3.6,4,1.3,2.3,,,,,,,,,,,,,,,,,,,,,,,,,,,,,,,,,,,,,,,,,27.7,27.6,27.9,28,27.7,27.7,27.4,28.2,28.1,26.8,27.6,27.7,27.4,28.2,27.7,27.2,27.4,27.6,27.6,28.1,27.7,27.7,27.3,27.5,27.5,27.7,27.4,27.5,27,27.7,27.2,78,82,78,75,80,80,77,74,77,79,79,78,80,77,80,79,83,80,79,79,82,80,81,80,79,76,79,78,76,78,80,0.1,0.2,0.2,0,0.2,0.2,0.4,0.1,0,0.1,0,0.2,0,0.4,0.1,0.1,0,0,0.1,0.1,0,0.1,0,0,0,0,0.2,0.2,0,0.1,0.3,5.3,10.9,2.9,5.6,4.1,0.4,4.8,5.6,1.6,25,3.6,5.6,8.9,8.6,7.1,6.3,12.8,11.7,6.8,3.4,8.9,9.4,10,2.8,6.6,12.6,14.8,13.7,6.2,9.1,13.8,6.8,13.3,5,8.6,5,4.3,7.2,7.2,6.1,29.5,5.8,6.1,10.1,9.7,7.6,8.3,15.1,13.3,8.3,6.5,11.2,11.9,11.2,4,8.3,14.8,17.3,16.2,7.2,10.1,16.2,,,,,,22.2204,114.2127
2026-09-09T04:00,26.3,26.2,26.2,25.7,25.9,24.1,26.2,26,26.4,26.2,25.5,25.8,26.3,26.7,26.6,25.1,25.3,26.2,25.8,25.8,26.2,25.7,26.5,26.3,26.4,26,25.8,25.6,25.2,25.7,25.6,25.8,26,25.5,25.2,25.6,26.5,25.8,26.3,26.6,89,91,89,93,92,84,90,93,89,94,93,87,89,67,88,94,96,96,97,91,93,93,93,83,87,93,93,98,96,96,98,89,92,93,98,96,94,93,89,89,0,0,0,0,0,0,0,0,0,0,0,0,0,0,0,0,0,0,0,0,0,0,0,0,0,0,0,0,0,0,0,0,0,0,0,0,0,0,0,0,2.3,1.8,2.2,2.1,1.8,5.4,3.8,1.1,2.1,2.6,3.1,1.3,4.3,5.7,2.5,1.8,1.8,3.4,3.2,4,1.1,1.5,3.8,2.6,1.6,3.1,2.9,3.5,1.8,2.6,2.3,1.8,3.1,4.9,0.4,1.6,3.2,3.6,2.2,2.3,,,,,,,,,,,,,,,,,,,,,,,,,,,,,,,,,,,,,,,,,27.7,27.5,27.9,27.9,27.7,27.6,27.4,28.1,28,26.6,27.5,27.7,27.4,28.1,27.6,27.1,27.3,27.4,27.5,28,27.5,27.6,27.2,27.4,27.5,27.5,27.4,27.6,27,27.7,27.1,78,82,77,75,80,80,75,73,75,78,79,78,79,77,81,78,83,81,79,78,82,80,82,80,79,77,79,77,76,78,79,0.1,0.2,0.2,0,0.2,0.2,0.4,0.1,0,0.1,0,0.2,0,0.4,0.1,0.1,0,0,0.1,0.1,0,0.1,0,0,0,0,0.2,0.2,0,0.1,0.3,8.4,11,1.1,7,7.9,4,3.6,7.7,4.8,26.6,3.6,3.5,8,8.1,9.1,4.7,14,13.4,7.3,6.4,9.7,9.5,11.4,2.2,6.8,13.7,16.5,15.5,4.1,8,14.9,10.4,13.3,4.7,9.7,8.6,6.1,6.8,9.4,7.9,31,5,3.6,9,8.3,10.1,6.8,16.2,14.8,8.6,9,11.9,11.5,13,3.2,8.6,15.5,19.1,17.3,4.3,9,17.6,,,,,,22.2204,114.2127
2026-09-09T05:00,26.3,26.3,26.1,25.7,25.9,24,26.2,25.9,26.4,26.2,25.3,25.8,26.2,26.6,26.6,25.1,25.3,26.1,25.7,25.7,26.1,25.7,26.6,26.2,26.2,25.9,25.8,25.5,25.1,25.6,25.5,25.8,26,25.5,25,25.6,26.4,25.7,26.3,26.5,89,90,89,93,92,83,89,94,88,94,93,85,89,67,88,94,96,96,97,91,94,92,91,83,87,93,93,98,96,96,98,89,92,92,99,95,94,93,89,89,0,0,0,0,0,0,0,0,0,0,0,0,0,0,0,0,0,0,0,0,0,0,0,0,0,0,0,0,0,0,0,0,0,0,0,0,0,0,0,0,2.5,2,1.8,2.6,1.8,5.6,3.8,1.4,2.3,2.5,2.6,2.6,5.4,5.9,2.8,2.3,2.6,4.2,3.9,4.1,1.3,2.5,4.8,2.8,1.6,3.2,3.2,3.8,1.9,2.9,2.4,2.3,3.3,5.7,0.4,1.8,3.3,3.8,2.5,2.3,,,,,,,,,,,,,,,,,,,,,,,,,,,,,,,,,,,,,,,,,27.7,27.5,27.9,27.8,27.7,27.6,27.5,28,28,26.6,27.5,27.8,27.4,28.1,27.6,27.1,27.2,27.3,27.5,27.9,27.5,27.6,27.1,27.4,27.6,27.4,27.4,27.6,27.1,27.7,27.1,78,82,76,75,79,80,74,72,73,78,79,77,78,77,81,77,83,81,79,78,81,79,82,79,78,78,78,76,75,78,79,0.1,0.2,0.2,0,0.2,0.2,0.4,0.1,0,0.1,0,0.2,0,0.4,0.1,0.1,0,0,0.1,0.1,0,0.1,0,0,0,0,0.2,0.2,0,0.1,0.3,11,11.9,3.8,10.4,10.8,7.2,6.2,9.6,8.1,27.5,4.7,1.6,7.1,6.6,11,6.1,15.3,14.7,8.8,10,11.5,10,13.6,3.3,7.6,14.5,17.6,18,2.6,7.4,16.7,13.3,14,5,11.9,12.2,8.3,7.6,11.5,10.4,32,5,2.9,7.9,7.2,12.6,6.8,17.3,16.2,10.4,11.9,13.3,11.9,15.1,3.6,9.7,16.2,20.2,19.8,2.9,8.6,19.4,,,,,,22.2204,114.2127
2026-09-09T06:00,26.8,26.5,26.4,26.2,26.4,24.8,26.5,26.5,26.8,26.5,26,26.8,25.8,26.4,26.8,25.5,25.9,26.9,26.4,26.3,26.8,26.1,26.6,26.4,26.6,26.3,26.1,26.1,25.8,26.1,26.3,26.2,26.5,25.8,25.9,26.4,26.7,26.5,26.9,27,88,90,91,91,89,82,88,92,87,96,92,70,89,75,88,92,94,92,95,88,92,95,90,85,88,92,91,93,94,93,94,89,89,92,99,88,91,88,87,88,0,0,0,0,0,0,0,0,0,0,0,0,0,0,0,0,0,0,0,0,0,0,0,0,0,0,0,0,0,0,0,0,0,0.1,0,0,0,0,0,0,3,3.2,1.9,2.7,2.5,5.5,4.9,2,1.8,2.3,4.1,2.9,2.3,4.7,3.1,4.3,2.3,3.3,5.2,5.1,1.1,1.8,3.8,2.7,2.5,2.9,5.6,6.1,1.8,3.6,3.2,1.8,3.6,3.1,1.3,2.5,4.5,5.4,1.4,2.1,,,,,,,,,,,,,,,,,,,,,,,,,,,,,,,,,,,,,,,,,27.8,27.6,27.9,27.7,27.7,27.7,27.5,27.9,28,26.6,27.6,27.8,27.6,28.3,27.7,27.3,27.2,27.3,27.5,27.8,27.5,27.7,27.1,27.5,27.8,27.3,27.4,27.4,27.1,27.9,27.1,77,81,75,75,78,79,73,72,71,78,78,76,77,76,80,76,82,81,79,78,80,78,81,78,76,78,75,76,74,77,79,0.2,0.2,0.1,0,0.1,0.5,0.1,0.2,0,0,0.1,0,0,0.3,0.3,0,0.1,0.2,0.1,0,0.1,0,0.1,0,0,0,0.1,0.1,0,0,0.1,12.1,13.5,6.4,13.8,13,9.5,8.9,11.8,11,28.3,5.9,3.9,5.4,4,12.3,9.2,15.9,15.7,11.8,13.6,13,11.5,16.4,4.7,8.7,15.1,17.7,22.7,0.4,7.7,18.6,14.4,15.8,6.8,15.5,15.1,10.8,10.1,13.7,13.3,32.8,6.5,5,7.2,6.1,14,9.7,18,17.6,13.7,15.5,15.1,13.3,18,4.7,12.6,16.9,20.9,25.2,3.2,9.4,20.9,,,,,,22.2204,114.2127
2026-09-09T07:00,27.1,26.7,26.6,26.3,26.5,25.1,26.7,26.6,26.9,26.7,26.1,27.2,25.8,26.5,27,25.7,26.1,27,26.6,26.5,27,26.4,26.7,26.5,26.6,26.5,26.3,26.3,26,26.3,26.6,26.4,26.6,26,26.1,26.6,26.8,26.6,27,27.2,87,88,90,89,87,80,87,91,86,95,91,65,89,76,87,91,93,91,93,87,91,93,88,84,87,91,90,92,93,91,93,89,88,90,98,86,89,87,86,87,0,0,0,0,0,0,0,0,0,0,0,0,0,0,0,0,0,0,0,0,0,0,0,0,0,0,0,0,0,0,0,0,0,0.1,0,0,0,0,0,0,3.3,3.6,2.3,3.1,2.5,5.8,5.4,2.1,2.3,2.4,4.3,3.9,2.7,4.5,3.1,4.6,2.6,3.9,5.8,5.4,1.6,3,4.4,2.9,2.9,3.1,6.4,6.1,1.8,3.8,3.5,1.9,3.9,3.6,1.6,2.9,5.1,5.9,1.5,1.9,,,,,,,,,,,,,,,,,,,,,,,,,,,,,,,,,,,,,,,,,27.9,27.7,28,27.6,27.8,27.8,27.6,27.8,28,26.7,27.8,27.9,27.8,28.5,27.9,27.5,27.3,27.3,27.6,27.8,27.6,27.9,27.1,27.7,28.1,27.4,27.4,27.2,27.3,28.2,27.1,76,79,75,75,76,78,73,72,68,77,78,75,76,74,78,75,80,80,78,78,79,76,79,77,73,78,71,76,74,75,78,0.2,0.2,0.1,0,0.1,0.5,0.1,0.2,0,0,0.1,0,0,0.3,0.3,0,0.1,0.2,0.1,0,0.1,0,0.1,0,0,0,0.1,0.1,0,0,0.1,12.4,15.6,8.4,17.6,14.6,11.8,12,14,13.5,28.6,6.6,7.9,4.4,1.5,13,13.2,16,16.9,15.9,17.5,14.5,13.2,19.5,5.7,10.8,15.8,17.6,28.6,2.5,8.3,20.3,14.8,18,9.7,19.8,17.6,14,13.3,16.2,16.6,33.5,8.3,9.4,6.8,5,14.8,14.4,18.4,18.7,18,19.4,17.3,15.8,21.2,6.1,16.2,17.6,20.9,31.7,4.7,10.4,22.7,,,,,,22.2204,114.2127
2026-09-09T08:00,27.3,27.1,26.9,26.5,26.8,25.5,26.9,26.8,27.2,27,26.3,27.6,26,26.8,27.2,26,26.4,27.3,26.8,26.7,27.3,26.7,26.9,26.7,26.8,26.8,26.5,26.5,26.3,26.6,27,26.7,26.8,26.2,26.5,26.9,27.1,26.9,27.3,27.5,86,85,88,88,86,78,85,90,84,93,90,61,87,75,85,89,91,89,91,85,90,91,86,83,86,88,88,90,91,89,90,87,86,88,95,84,87,85,84,85,0,0,0,0,0,0,0,0,0,0,0,0,0,0,0,0,0,0,0,0,0,0,0,0,0,0,0,0,0,0,0,0,0,0.1,0,0,0,0,0,0,3.7,4.3,2.5,3.4,2.9,5.8,5.6,1.8,2.4,2.3,4.4,4.5,3.4,4.2,3.3,5.2,2.9,4.3,6.4,5.6,1.8,3.3,4.8,3.5,3.3,3.5,6.9,6.1,1.9,4.4,3.7,2.1,4.1,3.8,1.8,2.9,5.2,6.5,1.6,2.1,,,,,,,,,,,,,,,,,,,,,,,,,,,,,,,,,,,,,,,,,28.2,27.9,28.2,27.6,28,28,27.7,27.8,28.1,26.8,28.1,28.1,28.1,28.6,28.1,27.7,27.5,27.5,27.8,27.8,27.8,28,27.2,28.1,28.3,27.5,27.5,27.1,27.5,28.6,27.2,75,78,74,74,75,77,72,72,66,77,76,74,75,73,77,74,78,79,77,78,78,75,77,75,70,77,68,76,73,73,78,0.2,0.2,0.1,0,0.1,0.5,0.1,0.2,0,0,0.1,0,0,0.3,0.3,0,0.1,0.2,0.1,0,0.1,0,0.1,0,0,0,0.1,0.1,0,0,0.1,13.3,17.3,10.9,21.1,15.6,14.2,15,16.1,15.3,29.4,6.9,12,4.6,5.3,14,16.8,16,17.7,19.6,20.5,16.1,15.6,22.4,6.5,13.4,16.9,17.3,32.8,5.1,8.7,22.3,15.8,20.2,12.6,24.1,19.8,17.3,16.6,18.4,19.1,33.8,10.1,13.3,6.8,7.2,16.6,18.7,18.7,19.8,22.3,22.3,19.1,18.7,24.8,8.3,19.1,19.1,20.9,36.4,6.1,12.2,24.5,,,,,,22.2204,114.2127
2026-09-09T09:00,27.7,27.6,27.6,26.9,27.2,26.3,27.2,27.2,27.7,27.5,26.7,28.2,26.5,27.4,27.6,26.5,26.8,27.6,27.2,27.1,27.8,27.3,27.1,27,27.3,27.4,27,26.8,26.9,27,27.6,27.2,27.2,26.6,27.2,27.3,27.6,27.3,27.7,28,84,81,83,86,84,75,83,87,81,89,87,58,84,72,83,86,89,86,88,82,87,87,84,80,83,83,85,87,88,85,86,84,83,85,90,82,83,82,81,82,0,0,0,0,0,0,0,0,0,0,0,0,0,0,0,0,0,0,0,0,0,0,0,0,0,0,0,0,0,0,0,0,0,0.1,0,0,0,0,0,0,4.7,5.2,3.1,4.4,3.6,6,6.1,1.8,2.8,2.2,4,5,4.1,4.7,3.9,5.5,3.7,5.2,7.5,6.1,2.4,3.3,5.2,4.6,4,4.4,7.6,5.8,2.3,5.2,4.1,2.6,4.6,4.6,2.3,2.9,5.2,7.4,2.1,2.6,,,,,,,,,,,,,,,,,,,,,,,,,,,,,,,,,,,,,,,,,28.5,28.2,28.4,27.6,28.2,28.3,27.8,28,28.3,26.9,28.7,28.3,28.6,28.6,28.2,27.9,27.8,27.8,27.9,28,28.1,28.2,27.2,28.6,28.6,27.7,27.8,27,27.9,29,27.4,72,76,73,73,73,76,71,70,64,76,73,73,72,73,76,73,75,77,76,77,76,74,76,73,67,75,66,76,71,70,77,0,0,0,0,0,0.7,0.1,0,0,0,0,0.1,0,0.1,0.2,0,0,0,0,0,0.1,0,0.1,0.1,0,0,0,0,0,0,0,15,18.2,13.5,25.1,16.3,17.1,18.2,17.1,16.4,30.4,6.9,15.3,4.9,13.6,16.4,20.1,16.2,18.4,22.7,21.7,17.5,19.3,26,8,15.3,19.2,16.9,33.9,6.9,9.9,23.9,17.6,21.2,15.1,28.4,20.9,20.9,19.4,19.4,19.8,34.2,11.2,16.6,7.6,14.8,19.8,22,18.7,20.2,25.9,23.8,20.5,23,29.5,10.4,20.2,22,20.2,37.4,7.6,14,26.3,,,,,,22.2204,114.2127
2026-09-09T10:00,28.3,28.4,28.6,27.5,27.9,27.4,27.7,27.8,28.5,28.4,27.2,29,27.3,28.3,28.1,27.2,27.4,28.2,27.8,27.7,28.4,28.2,27.4,27.6,28,28.3,27.7,27.4,27.7,27.6,28.5,28.1,27.8,27.2,28.3,27.8,28.3,27.9,28.3,28.7,80,75,76,82,81,70,80,84,78,82,84,55,81,68,79,81,85,83,83,79,83,80,81,75,80,77,81,84,83,80,79,79,80,82,81,79,78,78,78,78,0,0,0,0,0,0,0,0,0,0,0,0,0,0,0,0,0,0,0,0,0,0,0,0,0,0,0,0,0,0,0,0,0,0.1,0,0,0,0,0,0,5.8,6.5,4.3,5.8,5.1,6.5,6.8,3.4,3.8,3.3,4.4,6,5.4,5.9,4.9,6.6,4.7,6.6,9.1,7.1,3.6,3.6,6,6.2,5,5.6,8.2,6.1,3.8,6.6,5,3.8,5.7,5.3,3.6,3.5,5.9,8.1,3.6,4.1,,,,,,,,,,,,,,,,,,,,,,,,,,,,,,,,,,,,,,,,,29,28.5,28.7,27.7,28.5,28.6,27.9,28.2,28.5,27.1,29.5,28.6,29.1,28.5,28.3,28.1,28.2,28.2,28.1,28.3,28.5,28.4,27.2,29.3,28.8,28.1,28.1,27,28.4,29.4,27.5,69,75,72,72,72,74,70,68,62,76,69,71,68,73,75,72,72,75,75,75,73,73,75,70,65,72,64,77,69,68,77,0,0,0,0,0,0.7,0.1,0,0,0,0,0.1,0,0.1,0.2,0,0,0,0,0,0.1,0,0.1,0.1,0,0,0,0,0,0,0,18,19.1,16.9,29,18.1,21.7,21.6,17.9,16.9,31,7.8,18.5,6.4,23.6,20.7,22.8,16.6,19.3,25.4,21.9,19.1,24.4,30.2,10.5,17.2,23,16.8,32.7,8,13.5,25.6,19.8,22.3,18,32.4,21.6,24.8,22,20.2,19.4,34.6,11.5,19.8,9,25.6,23.8,24.5,18.7,20.5,29.2,24.1,21.6,27.7,34.6,13.3,20.2,25.9,18.7,36.4,8.6,16.2,28.1,,,,,,22.2204,114.2127
2026-09-09T11:00,29,29.3,29.7,28.2,28.6,28.7,28.2,28.5,29.3,29.3,27.9,30,28.2,29.4,28.8,27.9,28.1,28.7,28.5,28.4,29.2,29.2,27.8,28.2,28.8,29.3,28.5,28,28.7,28.3,29.5,29,28.5,27.8,29.5,28.4,29.1,28.5,29,29.5,76,69,68,79,77,64,76,79,74,74,79,52,76,63,75,76,82,79,78,75,78,73,79,70,75,69,76,80,77,75,73,73,76,78,72,76,73,74,74,73,0,0,0,0,0,0,0,0,0,0,0,0,0,0,0,0,0,0,0,0,0,0,0,0,0,0,0,0,0,0,0,0,0,0.1,0,0,0,0,0,0,7.6,8,5.1,7.3,6.3,7.4,8.1,5.8,5.4,5.2,5.9,7.4,6.5,7.7,6.5,7.6,6.8,8.8,10.8,8.3,5.4,4.8,7.6,7.9,6.5,7.7,9.3,8.2,6.1,8.6,6,5.8,7.2,6.8,5.5,5.8,7.1,9.3,5.8,6.1,,,,,,,,,,,,,,,,,,,,,,,,,,,,,,,,,,,,,,,,,29.2,28.7,28.8,27.8,28.6,28.8,28,28.4,28.7,27.2,30,28.8,29.5,28.3,28.3,28.2,28.5,28.4,28.2,28.5,28.8,28.5,27.1,29.8,29,28.3,28.4,27,28.8,29.6,27.7,67,74,71,71,71,73,70,67,61,75,66,70,66,74,74,72,70,74,74,73,71,73,74,68,63,70,64,77,68,66,76,0,0,0,0,0,0.7,0.1,0,0,0,0,0.1,0,0.1,0.2,0,0,0,0,0,0.1,0,0.1,0.1,0,0,0,0,0,0,0,20.8,21.2,20.4,31.6,21.1,25.4,23.8,19,17.1,31.7,9.4,21.4,9.2,31,24.4,25.4,17,20.5,27.8,22.1,20.8,28.9,33.6,13.6,18.6,26.1,17.5,31.6,9.5,16.9,27.3,22.3,24.5,21.2,34.9,22.7,28.1,23.8,20.9,19.8,34.9,12.6,22.3,11.2,33.5,26.6,27,18.7,21.6,31.7,24.5,22.7,31.7,37.8,16.2,20.9,28.8,18.7,35.3,10.4,18.7,29.9,,,,,,22.2204,114.2127
2026-09-09T12:00,29.6,30.1,30.7,28.8,29.3,29.8,28.8,29.2,30.1,30.1,28.4,30.8,29,30.5,29.4,28.6,28.7,29.3,29.1,29,29.9,30.1,28.2,28.8,29.6,30.2,29.3,28.6,29.5,28.9,30.5,29.9,29.1,28.4,30.6,28.9,29.9,29.1,29.6,30.2,73,63,60,75,74,59,73,75,70,67,75,50,72,58,72,71,78,75,73,71,74,66,77,65,71,62,71,76,72,70,66,68,72,74,63,73,68,70,70,69,0,0,0,0,0,0,0,0,0,0,0,0,0,0,0,0,0,0,0,0,0,0,0,0,0,0,0,0,0,0,0,0,0,0.1,0,0,0,0,0,0,9.1,9.2,6.2,8.8,7.9,8.6,9.4,7.9,7.2,7.4,7.9,8.7,7.9,9.6,8,8.8,8.7,10.9,12.6,10.1,7.3,6.6,9.1,9.7,7.6,9.4,10.1,10.8,7.9,10.5,7.6,7.6,9.4,8.1,7.6,8.3,8.4,10.7,8,7.9,,,,,,,,,,,,,,,,,,,,,,,,,,,,,,,,,,,,,,,,,29,28.7,28.7,27.8,28.6,28.8,28,28.5,28.7,27.2,30.3,28.8,29.7,28.2,28.3,28.1,28.7,28.4,28.3,28.5,28.7,28.4,27,29.9,29,28.4,28.5,27.1,29,29.4,27.8,67,74,72,71,72,73,71,67,62,74,64,70,66,75,74,72,69,74,73,72,71,73,73,68,63,69,65,77,68,67,75,0,0,0.1,0,0,0.3,0,0,0,0,0,0,0,0,0,0,0,0,0,0,0,0,0,0,0,0,0,0,0,0,0,24.4,25.2,24.8,31.7,23.6,27,24.3,20.9,17.9,31.6,10.5,23.2,13.4,33.3,25.6,27.5,17.4,22.9,29.2,22,22.5,31.4,34.7,17.3,20.1,27.3,19.2,30.5,11.6,19.7,28.9,25.9,28.4,25.6,34.9,24.5,29.9,24.5,22.7,21.2,35.3,14,23.8,15.1,36.4,28.1,29.5,19.1,23.8,33.5,24.5,24.5,34.2,38.2,19.8,22.7,30.2,20.5,33.8,12.6,22,32,,,,,,22.2204,114.2127
2026-09-09T13:00,30,30.7,31.5,29.3,29.8,30.8,29.1,29.7,30.6,30.8,28.9,31.5,29.7,31.3,29.8,29.2,29.1,29.6,29.6,29.5,30.4,30.8,28.4,29.2,30.2,30.9,29.8,29,30.2,29.3,31.1,30.5,29.6,28.9,31.4,29.3,30.4,29.6,30.1,30.8,70,58,55,73,71,56,71,72,67,62,72,49,69,54,69,67,76,73,69,68,70,61,75,61,68,56,68,73,67,66,61,63,69,71,56,71,64,67,67,66,0,0,0,0,0,0,0,0,0,0,0,0,0,0,0,0,0,0,0,0,0,0,0,0,0,0,0,0,0,0,0,0,0,0.1,0,0,0,0,0,0,10.2,10.2,7,10.1,9.1,9.7,10.8,9.8,9.2,9.2,9.8,9.9,8.7,10.7,9.5,9.7,10.1,12.6,13.8,11.4,8.6,8.4,10.4,10.8,8.3,10.9,11.2,13.3,9.8,12,8.6,9.1,10.9,9.1,8.9,10.2,10,11.6,9.8,9.8,,,,,,,,,,,,,,,,,,,,,,,,,,,,,,,,,,,,,,,,,28.7,28.5,28.4,27.8,28.4,28.7,27.9,28.6,28.6,27.1,30.5,28.6,29.7,28.1,28.2,28,28.7,28.3,28.4,28.5,28.4,28.3,26.9,29.7,28.9,28.3,28.5,27.1,29.2,29.1,27.9,69,74,73,71,73,73,72,69,64,73,62,70,67,75,74,73,69,75,72,71,73,73,72,68,64,69,67,77,68,68,75,0,0,0.1,0,0,0.3,0,0,0,0,0,0,0,0,0,0,0,0,0,0,0,0,0,0,0,0,0,0,0,0,0,28.1,29.7,29,30.2,25.6,27,23.8,23.2,20.1,31.1,12.4,24.1,18.4,33.5,25.4,29.7,18,25.4,29.9,22.1,24.5,32.1,34.1,22,22.9,27.6,21.3,29.3,14.2,23,30.1,29.5,33.1,30.6,33.5,27,31,24.8,24.8,22.7,35.3,15.5,24.8,20.2,36.7,28.4,32,19.8,26.6,34.9,24.5,26.3,36.4,37.1,23.4,24.8,31,23,32.4,14.8,25.2,34.2,,,,,,22.2204,114.2127
2026-09-09T14:00,30.2,31,31.9,29.5,30,31.2,29.3,29.8,30.8,31,29,31.8,30,31.6,29.9,29.4,29.3,29.8,29.7,29.6,30.5,31,28.5,29.3,30.4,31.2,30,29.1,30.5,29.5,31.4,30.8,29.8,29,31.7,29.4,30.7,29.7,30.3,31,68,56,52,71,70,55,69,70,66,59,70,49,68,53,67,65,75,71,67,67,68,58,74,59,66,54,66,72,64,64,58,61,68,70,53,69,62,66,66,64,0,0,0,0,0,0,0,0,0,0,0,0,0,0,0,0,0,0,0,0,0,0,0,0,0,0,0,0,0,0,0,0,0,0.1,0,0,0,0,0,0,11,10.4,7.1,10.9,9.6,10,11.2,10.9,10,10.2,10.7,10.4,9.4,11.2,10.3,10.2,11.1,13.3,14.6,12.2,9.3,9,11.3,11.5,8.7,11.9,11.5,14.5,10.5,12.8,9.4,9.8,11.8,9.8,9.6,11.4,10.5,11.9,10.6,10.5,,,,,,,,,,,,,,,,,,,,,,,,,,,,,,,,,,,,,,,,,28.4,28.3,28.2,27.8,28.3,28.6,27.8,28.5,28.4,27,30.5,28.5,29.6,27.9,28.1,27.8,28.7,28.2,28.4,28.5,28.2,28.2,26.8,29.5,28.8,28.2,28.4,27.1,29.3,28.7,27.9,71,75,75,72,74,73,73,70,66,73,62,71,69,76,74,73,69,76,72,71,74,73,72,69,66,69,69,77,68,70,74,0,0,0.1,0,0,0.3,0,0,0,0,0,0,0,0,0,0,0,0,0,0,0,0,0,0,0,0,0,0,0,0,0,30.6,33.7,32.1,28.7,26.9,27.1,23.5,24.3,22.3,30.9,14.4,24.9,22.4,32.8,25.3,31,19.5,27.7,30.5,22.3,26,32.5,33.1,25.7,25.6,27.6,23.7,28.5,16.3,26.3,30.9,32.4,37.4,34.2,31.7,29.2,31.7,25.2,26.3,24.1,35.3,17.3,25.9,24.5,36.4,28.8,33.5,20.9,29.2,36,24.8,27.7,37.1,35.6,26.6,27,31.7,25.6,31.3,16.9,28.1,35.6,,,,,,22.2204,114.2127
2026-09-09T15:00,30.1,30.8,31.7,29.3,29.8,31,29.3,29.6,30.6,30.8,28.8,31.6,29.9,31.4,29.7,29.2,29.1,29.6,29.5,29.4,30.3,30.8,28.3,29.1,30.2,30.9,29.8,29,30.3,29.3,31,30.6,29.6,28.9,31.5,29.3,30.5,29.5,30.1,30.9,68,57,54,71,70,57,69,70,66,60,70,51,69,55,67,66,76,71,68,68,68,58,74,59,66,55,67,73,63,65,58,61,69,70,54,68,63,67,66,65,0,0,0,0,0,0,0,0,0,0,0,0,0,0,0,0,0,0,0,0,0,0,0,0,0,0,0,0,0,0,0,0,0,0,0,0,0,0,0,0,11,9.7,6.8,11,9.6,9.4,10.9,10.9,10,10.1,10.7,9.7,9.5,10.2,10.4,9.7,11.1,13,14.3,12,9.3,9,11,11.2,8.4,11.7,11.2,14.2,10.2,12.5,9,9.5,11.5,9.7,9.1,11,10.1,11.5,10.6,10.2,,,,,,,,,,,,,,,,,,,,,,,,,,,,,,,,,,,,,,,,,28.2,28.1,28,27.7,28.2,28.5,27.7,28.4,28.3,26.8,30.4,28.3,29.3,27.8,28.1,27.6,28.6,28.1,28.3,28.4,28.1,28.1,26.7,29.1,28.7,28.1,28.4,27.1,29.3,28.4,27.8,72,76,76,73,74,73,74,71,68,73,63,72,70,77,73,73,70,76,73,71,75,73,72,71,68,70,70,77,68,71,73,0,0,0,0,0,0,0,0.1,0,0,0,0,0,0,0,0,0,0,0,0,0,0,0,0,0,0,0,0,0,0,0,30.7,35.9,32.6,27.1,27.6,27,24.5,23.4,23.5,30.5,16,25.3,25,32.2,25.7,31,21.3,28.6,30.8,23.1,26.5,31.8,31.6,27,27.4,27.9,25.3,28.1,17.6,27.7,31.1,33.1,40.3,36,30.2,31,32,26.3,25.6,24.8,34.6,18.7,27.4,27.7,36,29.9,33.8,23.4,30.6,36.7,25.6,28.8,36.4,34.2,28.4,29.9,32,27.7,31.3,18.7,29.9,36.4,,,,,,22.2204,114.2127
2026-09-09T16:00,29.6,30.2,31,28.8,29.3,30.3,29,29.1,30,30.1,28.4,31.1,29.4,30.8,29.2,28.6,28.5,29.2,29,29,29.7,30.1,28,28.7,29.7,30.2,29.2,28.5,29.7,28.8,30.2,30,29.1,28.4,30.7,28.9,29.9,29,29.6,30.4,69,61,59,72,71,62,69,71,68,64,72,55,71,60,68,68,78,73,70,71,69,60,76,61,66,59,70,75,63,67,61,63,71,72,59,68,65,70,68,67,0,0,0,0,0,0,0,0,0,0,0,0,0,0,0,0,0,0,0,0,0,0,0,0,0,0,0,0,0,0,0,0,0,0,0,0,0,0,0,0,10.7,8,5.7,10.4,8.9,8.4,9.5,10,9.6,9.4,9.8,8.2,9.2,8.2,9.7,8.7,10.6,11.6,13.3,11.2,8.7,8,10.2,9.8,7.7,11.3,10.5,13.1,9.1,11.1,8.4,8.8,10.8,9,7.8,9.9,9.4,10.8,9.9,9.2,,,,,,,,,,,,,,,,,,,,,,,,,,,,,,,,,,,,,,,,,28.1,27.9,27.7,27.5,28.1,28.4,27.6,28.2,28.2,26.6,30.1,28.2,28.9,27.6,28.1,27.3,28.4,28,28.1,28.4,28,27.9,26.6,28.5,28.4,27.9,28.4,26.9,29.2,28.2,27.6,73,76,77,74,75,73,75,71,71,73,65,72,72,77,72,74,72,76,74,72,75,73,72,72,70,71,72,77,69,73,73,0,0,0,0,0,0,0,0.1,0,0,0,0,0,0,0,0,0,0,0,0,0,0,0,0,0,0,0,0,0,0,0,29.2,37.3,31.7,24.9,28.4,26.6,25.9,21.2,23.7,29.7,16.9,25,26.5,31.1,26.4,30.2,23,28.5,30.7,24.2,26,30.5,29.3,27,28.8,27.9,26.3,28.5,18.6,27.4,31.3,33.1,42.8,36.4,28.4,32.8,32.4,27.7,23.8,25.6,33.5,20.5,28.4,29.9,34.9,31,33.8,26.3,31.7,37.1,27,29.9,34.9,32.4,29.5,32.8,32.4,29.5,31.7,20.2,30.6,36.4,,,,,,22.2204,114.2127
2026-09-09T17:00,29.1,29.5,30.1,28.1,28.6,29.4,28.6,28.5,29.2,29.3,27.8,30.4,28.7,30,28.5,27.9,27.8,28.6,28.3,28.4,28.9,29.3,27.6,28.1,29,29.2,28.5,28,28.9,28.2,29.2,29.2,28.5,27.9,29.7,28.4,29.2,28.3,29,29.7,71,66,65,73,73,68,70,73,71,69,75,60,74,66,69,72,81,75,74,74,71,64,78,64,68,65,73,78,64,71,64,67,74,74,65,68,69,74,71,70,0,0,0,0,0,0,0,0,0,0,0,0,0,0,0,0,0,0,0,0,0,0,0,0,0,0,0,0,0,0,0,0,0,0,0,0,0,0,0,0,10,6.2,4.7,9.2,7.9,6.8,7.8,8.9,8.8,8.3,8.8,6.1,8.9,5.6,8.8,6.9,9.7,9.8,11.9,10,7.6,7,9.1,8.4,7.1,10.1,9.5,11,7.7,9.3,7,7.4,9.3,8.3,6.2,8.4,8,9.4,8.4,7.7,,,,,,,,,,,,,,,,,,,,,,,,,,,,,,,,,,,,,,,,,27.9,27.7,27.5,27.3,28,28.3,27.5,28.1,28,26.5,29.8,28,28.6,27.4,28,27.1,28.3,27.9,27.9,28.3,28,27.8,26.5,28.1,28.2,27.8,28.3,26.8,29.1,27.9,27.4,74,77,78,75,75,74,76,72,73,74,68,73,73,78,71,74,73,76,75,73,76,74,72,74,72,72,73,77,70,74,73,0,0,0,0,0,0,0,0.1,0,0,0,0,0,0,0,0,0,0,0,0,0,0,0,0,0,0,0,0,0,0,0,28.1,37.9,31,23.4,29,26.6,26.7,19.8,23.1,28.9,18.2,24.6,27.2,29.7,26.4,29.5,24.1,28.1,30.7,24.9,26,29.3,27.8,26.6,29.2,27.9,27,28.5,18.8,27.1,31.2,32.8,44.3,36.4,27,34.6,33.1,28.8,23,25.2,32.4,22.7,29.2,31.7,33.8,31.7,33.5,28.4,32,37.1,28.1,30.6,33.8,31.3,30.2,34.9,32.8,31,32.4,20.9,31,36.4,,,,,,22.2204,114.2127
2026-09-09T18:00,28.4,28.7,29.1,27.4,27.8,28.4,28.2,27.8,28.3,28.3,27.2,29.6,28,29.1,27.7,27.1,27.1,28,27.5,27.7,28.1,28.3,27.2,27.5,28.3,28.2,27.7,27.4,28.1,27.5,28,28.4,27.9,27.3,28.6,27.8,28.4,27.6,28.3,29,73,71,73,75,76,75,71,75,74,75,78,64,78,73,71,76,85,77,77,78,74,68,80,68,69,72,78,81,66,76,69,70,77,77,72,69,73,78,74,73,0,0,0,0,0,0,0,0,0,0,0,0,0,0,0,0,0,0,0,0,0,0,0,0,0,0,0,0,0,0,0,0,0,0,0,0,0,0,0,0,8.8,4.3,4.1,8.2,6.8,5.4,6,7.2,8,7,7.3,3.8,8.2,3.6,7.6,5.2,8.7,8.1,10.1,8.9,6.2,5.8,7.6,6.6,6,9,8.1,8.8,6.2,7.5,5.7,5.9,7.9,7.3,4.7,6.6,6.7,7.9,6.9,6.3,,,,,,,,,,,,,,,,,,,,,,,,,,,,,,,,,,,,,,,,,27.7,27.5,27.4,27.2,27.8,28.1,27.3,28,27.8,26.3,29.2,27.8,28.4,27.3,27.9,26.9,28.1,27.7,27.8,28.1,27.9,27.6,26.4,27.9,27.9,27.6,28.2,26.7,28.8,27.7,27.3,76,77,79,77,76,75,76,73,75,75,72,74,74,78,71,75,74,77,76,74,77,75,71,75,74,73,74,77,72,75,74,0,0,0,0.1,0.1,0,0.6,0.1,0,0,0,0.1,0,0,0,0,0,0,0,0,0.1,0,0,0,0.1,0,0,0,0,0.1,0,27.4,37.8,30.6,22.3,30.1,26.7,26.4,19.4,21,28.2,20.9,23.5,26.5,28.2,26,28.8,23.5,27.4,30.4,25.2,26.3,28.9,27.2,25.9,29.2,28.3,27,28.8,17.8,26,30.8,32.8,44.6,36.4,26.3,36.7,34.6,28.8,24.1,23.4,31,26.3,28.4,32.8,32.8,31.7,33.1,28.8,31.7,37.1,29.5,31.3,33.5,31.3,30.2,34.9,33.8,32,32.8,20.9,30.2,36.7,,,,,,22.2204,114.2127
2026-09-09T19:00,27.8,27.9,28.2,26.8,27.1,27.5,27.8,27.1,27.5,27.5,26.6,28.8,27.3,28.3,27.1,26.4,26.4,27.5,26.9,27.1,27.4,27.5,26.8,26.9,27.6,27.3,26.9,26.8,27.3,26.8,27,27.6,27.3,26.7,27.6,27.3,27.7,26.9,27.6,28.3,75,76,79,77,78,81,73,77,76,80,81,68,81,78,73,80,88,80,81,82,76,72,82,71,71,77,81,84,67,79,73,74,80,79,79,69,77,82,76,77,0,0,0,0,0,0,0,0,0,0,0,0,0,0,0,0,0,0,0,0,0,0,0,0,0,0,0,0,0,0,0,0,0,0,0,0,0,0,0,0,8.1,3.1,3.9,7.4,6,4,4.6,6.2,7.3,5.7,6.2,2.1,7.6,3.1,6.6,3.8,7.8,6.4,8.7,7.3,5.2,5,6,5.2,5,7.6,7.4,6.9,4.8,6,4.7,4.6,6.7,6.6,3.3,5.1,5.6,6.8,5.9,4.9,,,,,,,,,,,,,,,,,,,,,,,,,,,,,,,,,,,,,,,,,27.4,27.4,27.3,27,27.7,28,27.2,28.1,27.5,26.2,28.5,27.6,28.2,27.2,27.7,26.8,27.9,27.5,27.6,27.9,27.7,27.3,26.4,27.8,27.6,27.5,28,26.6,28.5,27.6,27.1,77,77,79,78,77,76,75,73,77,77,76,75,74,78,72,75,75,78,78,76,78,76,70,75,75,73,75,77,74,75,75,0,0,0,0.1,0.1,0,0.6,0.1,0,0,0,0.1,0,0,0,0,0,0,0,0,0.1,0,0,0,0.1,0,0,0,0,0.1,0,27,36.9,30.2,21.6,31.5,27.2,25.8,19.4,18.4,27.5,24,22.4,24.7,26.4,25.6,28.1,21.8,25.9,30.5,25.2,26.7,28.6,27.1,24.8,28.1,28.7,26.1,29.2,16.4,24.9,30.5,32.4,43.9,36,25.6,38.9,36,28.8,25.9,20.5,29.5,30.6,26.6,32.8,31.3,31.3,32.8,28.1,30.2,36.7,31,32.4,33.5,32,29.5,34.2,35.3,32.8,33.5,20.5,29.2,36.7,,,,,,22.2204,114.2127
2026-09-09T20:00,27.4,27.4,27.6,26.3,26.7,26.8,27.5,26.6,27,26.9,26.2,28.3,26.8,27.7,26.6,25.8,26,27.1,26.4,26.7,26.8,26.8,26.5,26.5,27.1,26.7,26.4,26.4,26.8,26.4,26.3,27.1,26.8,26.3,26.9,26.9,27.3,26.5,27.2,27.8,76,79,83,78,79,85,74,79,78,84,83,71,83,81,75,82,90,81,83,84,77,75,84,73,73,81,84,86,69,82,76,76,82,81,83,70,80,84,78,79,0,0,0,0,0,0,0,0,0,0,0,0,0,0,0,0,0,0,0,0,0,0,0,0,0,0,0,0,0,0,0,0,0,0,0,0,0,0,0,0,7.3,2.5,4.1,6.6,5.2,3.3,3.5,5.2,6.9,5,5,1.4,7,3.1,5.5,3.1,7.2,5.4,7.5,6.6,4.3,4.4,4.8,4.5,4.3,7,6.6,5.4,3.7,4.9,4,3.8,5.9,5.9,2.4,4,5,5.8,5.1,4.1,,,,,,,,,,,,,,,,,,,,,,,,,,,,,,,,,,,,,,,,,27.3,27.3,27.2,26.9,27.5,27.9,27.1,28,27.3,26.1,28,27.5,28.1,27.1,27.5,26.7,27.8,27.4,27.5,27.7,27.6,27.1,26.4,27.7,27.3,27.3,27.9,26.6,28.2,27.4,27,78,77,79,79,77,77,74,74,78,78,79,75,75,78,72,76,75,79,79,77,78,77,69,75,76,74,76,77,76,76,76,0,0,0,0.1,0.1,0,0.6,0.1,0,0,0,0.1,0,0,0,0,0,0,0,0,0.1,0,0,0,0.1,0,0,0,0,0.1,0,26.3,35.6,29.5,22,32.3,28.1,25.5,20.2,16.1,26.5,26.6,21.6,23.3,25.3,24.5,27.4,20.9,24.8,30.3,25.7,26.8,28.2,27.8,23.8,27.8,29.5,25.9,29.2,15.1,24.1,30.2,31.7,42.8,35.6,25.9,40.3,37.4,29.2,27.7,18.7,28.4,33.1,25.9,32.8,30.6,30.2,32,27.7,29.5,36.7,32,32.4,33.5,33.1,29.2,33.5,36.4,33.1,33.8,20.2,28.8,37.1,,,,,,22.2204,114.2127
2026-09-09T21:00,27.2,27.2,27.3,26.1,26.4,26.4,27.3,26.3,26.7,26.5,25.9,28,26.6,27.5,26.4,25.4,25.7,26.9,26.1,26.4,26.5,26.4,26.4,26.2,26.9,26.3,26.1,26.2,26.5,26.1,25.9,26.8,26.6,26,26.5,26.7,27,26.2,27,27.5,77,81,85,79,80,88,75,80,79,86,85,72,84,81,76,83,91,82,84,85,77,77,85,74,75,83,86,87,71,83,78,78,83,82,85,71,82,85,79,81,0,0,0,0,0,0.1,0,0,0,0.2,0.1,0,0.5,0,0,0,0,0,0,0,0,0,0.1,0,0,0,0,0,0,0,0,0,0,0,0.1,0,0,0,0.1,0,6.9,2.1,3.8,6.2,4.7,2.6,3.1,4.7,6.9,4.6,4.1,1.6,6.3,2.5,4.6,3.1,7.1,4.9,6.7,6.2,3.9,4.2,3.6,4.7,3.9,6.2,6.6,4.7,3.3,4.6,4,3.3,5.9,5.6,2.1,3.6,4.5,5.1,4.7,4,,,,,,,,,,,,,,,,,,,,,,,,,,,,,,,,,,,,,,,,,27.3,27.2,27.1,26.9,27.5,27.7,27.1,27.9,27.3,26.2,27.8,27.5,28,27.1,27.5,26.7,27.6,27.3,27.4,27.6,27.6,27,26.4,27.6,27.3,27.2,27.8,26.6,28,27.3,26.9,76,77,79,78,77,78,74,74,78,78,80,75,76,77,72,76,75,80,79,77,78,78,69,75,75,74,76,76,76,77,77,0.7,0,0,1.9,1.2,0.8,0.1,0.2,0.2,0,0.6,0.7,0,0,0,0,0.4,0.1,0,0.6,0.5,0.2,0,0.4,0.6,0.7,0,0,0.3,0.3,0.7,24.9,34.4,28.4,23.4,32.6,29.5,26.1,21.2,15.2,25.6,26.3,22,22.4,25,22.7,26.3,21.5,24.5,30.3,26.2,25.4,28.2,28.9,23.1,27.4,30.3,25.9,28.8,14.4,24.8,30.6,29.9,41.8,34.6,27,40.3,38.5,30.6,28.4,18.4,27.7,32.8,26.6,32,30.6,28.4,31,28.1,29.5,37.1,32.8,31.3,33.5,34.2,28.8,33.1,37.4,33.1,33.8,19.1,29.9,37.8,,,,,,22.2204,114.2127
2026-09-09T22:00,27,27.1,27.1,25.9,26.3,26.2,27.1,26,26.5,26.3,25.7,27.7,26.4,27.4,26.4,25.1,25.6,26.8,25.9,26.2,26.3,26.1,26.3,26,26.7,26.1,26,26,26.3,25.9,25.6,26.5,26.4,25.8,26.2,26.6,26.9,25.9,26.9,27.3,78,81,85,80,81,90,77,82,80,87,86,71,85,80,78,82,92,82,84,86,78,78,86,75,77,84,87,87,73,84,81,79,84,84,86,71,84,85,80,82,0,0,0,0,0,0.1,0,0,0,0.2,0.1,0,0.5,0,0,0,0,0,0,0,0,0,0.1,0,0,0,0,0,0,0,0,0,0,0,0.1,0,0,0,0.1,0,6.2,1.1,3.3,6,4.2,1.5,3,4.6,6.9,4,3.6,2.4,5.5,1.1,3.3,3.1,7.1,4.7,6.2,5.4,3.8,3.9,3,5.4,3.3,5.8,6.9,4.7,2.9,4.9,3.9,2.9,5.8,5.4,1.6,3.3,4.6,4.7,4.7,4.4,,,,,,,,,,,,,,,,,,,,,,,,,,,,,,,,,,,,,,,,,27.5,27.1,27.1,27,27.4,27.6,27.1,27.8,27.4,26.3,27.8,27.5,27.9,27.1,27.5,26.7,27.5,27.2,27.3,27.6,27.6,26.9,26.5,27.5,27.4,27.2,27.8,26.7,27.9,27.2,26.9,74,78,78,77,77,79,73,75,77,78,79,74,76,76,73,76,75,80,78,77,77,78,70,76,74,75,76,75,76,78,77,0.7,0,0,1.9,1.2,0.8,0.1,0.2,0.2,0,0.6,0.7,0,0,0,0,0.4,0.1,0,0.6,0.5,0.2,0,0.4,0.6,0.7,0,0,0.3,0.3,0.7,23.1,33.2,27.4,25.6,32.5,31.5,27.4,23.1,15.5,24.5,24.6,22.7,22.3,24.9,20.5,24.9,22.8,24.5,30.2,26.3,23.4,28.5,30.8,22.7,27.4,30.7,25.9,28.4,13.9,26.3,31.8,28.1,40.3,33.5,29.2,40,39.6,32.8,29.2,18.4,27.7,30.6,27.7,30.6,30.6,25.9,29.5,28.8,29.9,37.1,33.1,29.5,33.8,35.6,28.1,33.1,38.2,33.1,34.2,17.6,31.7,38.5,,,,,,22.2204,114.2127
2026-09-09T23:00,26.8,27.1,27,25.8,26.3,26,26.9,25.8,26.4,26.2,25.6,27.6,26.3,27.4,26.4,24.9,25.6,26.7,25.7,26.1,26.1,25.8,26.3,25.9,26.7,26.1,25.9,25.9,26.3,25.8,25.5,26.4,26.3,25.7,26.1,26.5,26.9,25.8,26.8,27.1,79,82,84,81,81,91,78,83,81,87,87,70,86,77,79,81,92,82,84,87,77,80,86,76,79,84,87,88,76,84,83,80,84,85,87,72,85,84,81,83,0,0,0,0,0,0.1,0,0,0,0.2,0.1,0,0.5,0,0,0,0,0,0,0,0,0,0.1,0,0,0,0,0,0,0,0,0,0,0,0.1,0,0,0,0.1,0,5.8,0.7,2.7,6.2,3.7,0.8,3.3,4.5,6.9,3.6,3.4,3.1,4.7,1,2.5,4,7.3,4.7,6.1,5.4,3.7,4.4,2.3,6.5,2.9,5,7.2,4.9,2.9,5.2,4.5,2.9,6.5,5.4,1.4,3.4,4.7,4.5,5.1,5.1,,,,,,,,,,,,,,,,,,,,,,,,,,,,,,,,,,,,,,,,,27.6,27,27,27,27.4,27.5,27,27.6,27.4,26.3,27.8,27.5,27.8,27.1,27.5,26.7,27.4,27.1,27.3,27.6,27.5,26.8,26.5,27.5,27.3,27.1,27.7,26.7,27.8,27.1,26.8,72,78,78,76,76,79,73,75,76,78,78,73,76,75,73,76,75,80,77,76,77,78,70,76,73,75,76,74,76,78,77,0.7,0,0,1.9,1.2,0.8,0.1,0.2,0.2,0,0.6,0.7,0,0,0,0,0.4,0.1,0,0.6,0.5,0.2,0,0.4,0.6,0.7,0,0,0.3,0.3,0.7,22.4,32.1,27,27.7,32.5,32.6,28.1,24.3,15.5,24,23.4,23.8,22.4,25.2,19.5,23.4,24.3,24.1,30.6,27.1,22.6,28.2,31.7,23.1,28.3,31.6,26.2,28.1,14.6,27.8,32.6,27.4,39.2,32.8,31.3,40,40.7,34.6,29.5,18.7,27.7,29.2,29.5,29.9,31.3,24.8,28.1,30.2,29.5,37.8,34.2,28.8,33.8,36.4,28.4,34.2,39.2,33.1,34.2,18,33.5,39.2,,,,,,22.2204,114.2127
2026-09-10T00:00,26.7,27.1,27,25.8,26.3,25.9,26.7,25.7,26.4,26.2,25.5,27.5,26.2,27.5,26.5,24.7,25.6,26.6,25.7,26,26,25.7,26.3,25.9,26.7,26,25.9,25.9,26.2,25.7,25.5,26.3,26.3,25.6,26.1,26.5,26.9,25.7,26.8,27,79,81,83,82,82,92,79,84,81,87,88,69,86,74,81,80,92,82,83,87,77,80,87,77,81,84,87,87,78,84,85,81,84,85,87,73,86,83,81,84,0,0,0,0,0,0.1,0,0,0,0.2,0.1,0,0.5,0,0,0,0,0,0,0,0,0,0.1,0,0,0,0,0,0,0,0,0,0,0,0.1,0,0,0,0.1,0,5.4,1.5,2.5,6.2,3.6,1.4,3.6,4.4,7.3,3.5,3.8,3.8,3.5,2.7,1.8,4.6,7.7,4.7,5.8,5.2,3.6,4.7,2.7,7.7,3.1,4.8,7.6,5.5,3,5.5,4.7,3,6.9,5.4,1.6,3.5,5.2,4.7,5.4,5.8,,,,,,,,,,,,,,,,,,,,,,,,,,,,,,,,,,,,,,,,,27.4,26.8,26.7,26.8,27.3,27.6,26.8,27.4,27.2,26.3,27.6,27.4,27.7,27.1,27.3,26.5,27.4,27,27.2,27.5,27.4,26.9,26.4,27.4,27.1,26.9,27.5,26.8,27.6,27,26.7,72,78,78,77,75,77,73,75,76,78,78,73,75,74,74,76,74,79,77,76,77,77,70,75,73,75,77,72,76,77,77,0.7,0,1,2.3,1,1,0.1,0.9,0.4,0,1.2,0.6,0.4,0,0.4,0.1,0.5,0.1,0,1.2,1.2,1.8,0,0.6,0.6,1.6,0.1,0,0.5,0.2,1.8,24,31.9,27.4,29.9,33.4,32.7,29.1,24.5,15.5,24.3,24.1,25.7,23.2,25.9,20.3,22.2,26.2,23,31.4,29.3,24.8,27.2,31.6,24.1,31.6,33,26.7,28.6,17.3,29.5,33.9,29.2,38.9,33.5,33.8,41,42.1,35.6,29.9,18.7,28.1,29.5,31.7,30.2,32.4,25.6,26.6,33.5,28.1,38.9,36.4,30.6,33.1,36.4,29.5,37.8,40.3,33.1,34.9,21.2,34.9,40.3,,,,,,22.2204,114.2127
2026-09-10T01:00,26.7,27.1,27,25.7,26.3,25.8,26.6,25.6,26.4,26.2,25.5,27.3,26.2,27.5,26.5,24.5,25.6,26.6,25.6,25.9,26,25.5,26.3,25.8,26.6,26,25.8,25.8,26.2,25.6,25.5,26.3,26.2,25.5,26,26.5,26.9,25.6,26.9,26.9,79,81,81,83,82,92,80,85,81,87,89,68,86,71,82,79,91,82,82,87,76,81,87,77,83,84,87,87,80,84,86,82,84,86,86,74,86,83,81,84,0,0,0,0,0,0.1,0,0,0,0.2,0.1,0,0.5,0,0,0,0,0,0,0,0,0,0.1,0,0,0,0,0,0,0,0,0,0,0,0.1,0,0,0,0.1,0,4.7,3.1,2.6,6.1,3.3,2.1,4,4.3,7.3,4.1,4.6,4.8,3.1,4.9,1.9,5.2,8,5.2,5.5,5.2,3.6,4.8,3.3,8.6,3.1,4.7,8.4,5.8,3.1,5.4,5,3.1,7.1,5.5,2,3.7,5.5,4.5,5.4,6.5,,,,,,,,,,,,,,,,,,,,,,,,,,,,,,,,,,,,,,,,,27.2,26.6,26.3,26.6,27.2,27.8,26.5,27.1,27,26.2,27.4,27.2,27.6,27,27.1,26.4,27.5,26.9,27.1,27.4,27.2,26.9,26.3,27.4,26.7,26.8,27.3,26.9,27.4,26.9,26.6,73,77,79,78,73,75,73,75,76,79,77,73,75,74,74,76,73,77,77,75,76,76,70,74,74,75,78,70,76,75,77,0.7,0,1,2.3,1,1,0.1,0.9,0.4,0,1.2,0.6,0.4,0,0.4,0.1,0.5,0.1,0,1.2,1.2,1.8,0,0.6,0.6,1.6,0.1,0,0.5,0.2,1.8,26.9,32.3,28.5,31.9,34.8,31.8,30,24.5,16.1,25.3,25.3,27.8,24.7,27.1,21.8,21.3,28.7,21.3,32.4,31.8,28.6,26.2,30.6,26,35.9,34.5,26.8,29.2,21.5,31.1,35.3,32,38.9,34.6,36.7,42.8,43.6,36.4,29.9,18.7,29.2,31,34.2,31.3,33.5,27.4,25.6,37.4,25.9,40,38.9,33.8,31.7,36,31.3,42.8,41.8,33.1,35.6,25.6,36.7,41.8,,,,,,22.2204,114.2127
2026-09-10T02:00,26.7,27,27,25.7,26.4,25.7,26.5,25.5,26.4,26.1,25.4,27.1,26.2,27.3,26.5,24.4,25.5,26.6,25.6,25.9,26,25.5,26.3,25.8,26.5,25.9,25.8,25.8,26.2,25.5,25.5,26.3,26.2,25.5,26,26.4,26.9,25.6,26.9,26.9,79,80,81,83,82,91,81,85,81,87,89,67,86,70,83,79,91,82,82,87,76,81,87,77,84,84,87,87,81,84,87,82,84,86,86,75,86,82,81,84,0,0,0,0,0,0.1,0,0,0,0.2,0.1,0,0.5,0,0,0,0,0,0,0,0,0,0.1,0,0,0,0,0,0,0,0,0,0,0,0.1,0,0,0,0.1,0,4.4,4,2.6,5.8,3.3,3.1,4.1,4,7.2,4.6,5,5.5,2.2,6.3,2.5,5.1,8.3,5.2,5.4,5.2,3.3,5,4,9,3.1,4.4,8.6,5.9,2.9,5.4,5.1,2.9,7.3,5.6,2.3,3.6,5.8,4.6,5.4,6.5,,,,,,,,,,,,,,,,,,,,,,,,,,,,,,,,,,,,,,,,,27,26.4,26.1,26.3,26.9,27.8,26.2,26.9,26.8,26.1,27.3,27,27.5,26.9,27,26.2,27.5,26.8,27,27.3,27,26.9,26.1,27.3,26.4,26.7,27.2,26.9,27.3,26.8,26.5,74,76,79,79,72,73,73,75,76,78,77,73,74,74,75,76,72,76,77,75,76,76,70,73,75,75,78,69,76,74,77,0.7,0,1,2.3,1,1,0.1,0.9,0.4,0,1.2,0.6,0.4,0,0.4,0.1,0.5,0.1,0,1.2,1.2,1.8,0,0.6,0.6,1.6,0.1,0,0.5,0.2,1.8,28.7,32.7,29.3,33.3,36.1,31.8,30.2,24.7,16.9,25.3,26.9,29.3,25.9,28.1,23.8,21.5,30.5,20.9,33,33.2,30.9,25.6,30.2,28.1,38.4,34.8,27.2,28.7,25.1,32.2,36,34.6,39.2,35.6,38.5,44.3,44.6,36.4,30.2,19.1,29.2,32.8,35.6,32.8,34.6,29.2,25.6,40.3,24.8,40.7,40.7,35.6,31.3,36,33.5,45.7,41.8,33.5,35.3,29.5,37.8,42.8,,,,,,22.2204,114.2127
2026-09-10T03:00,26.7,26.8,26.9,25.6,26.4,25.4,26.4,25.5,26.3,26.1,25.4,26.7,26.1,27,26.3,24.4,25.4,26.5,25.6,25.9,26,25.4,26.3,25.8,26.2,25.7,25.8,25.8,26.2,25.3,25.5,26.3,26.1,25.5,25.9,26.3,26.9,25.6,26.9,26.8,78,79,81,83,82,89,81,85,81,87,89,67,86,70,84,79,90,82,82,87,76,81,87,77,85,85,86,87,82,84,87,82,84,86,86,76,85,82,80,83,0,0,0,0,0,0,0,0,0,0.2,0,0,0.3,0,0,0,0,0,0,0,0,0,0,0,0.7,1,0,0,0,0,0,0,0,0,0.6,0.1,0,0,0,0,3.8,5,2.5,4.7,3.1,3.7,3.9,3.3,7.2,5,5.5,6.2,1.8,7.3,3,4.3,8.6,4.7,5,5.1,2.6,4.5,4.5,8.4,2.9,4.1,8.4,5.6,2.8,4.7,4.8,2.5,6.9,5.4,2.3,3.3,5.9,4.6,5.1,6.3,,,,,,,,,,,,,,,,,,,,,,,,,,,,,,,,,,,,,,,,,26.9,26.4,26,26.1,26.4,27.7,25.9,26.8,26.7,26,27.2,26.8,27.3,26.7,27,26,27.4,26.7,26.9,27.2,26.9,26.7,25.9,27.2,26,26.7,27.1,26.9,27.1,26.5,26.4,74,74,79,79,73,74,74,75,76,76,76,73,74,74,75,76,72,75,77,75,75,77,71,73,76,74,77,69,76,75,76,0.3,0,2.2,0.8,0,0.4,0.1,0.9,0.6,0,1.5,0.4,0.4,0,0.6,0.2,0.1,0.3,0,0,0.4,2.8,0.3,0.4,0.2,0.3,0,0.1,0.8,0,1.3,29.3,33.6,30.2,32.8,36.3,32.5,27.7,25.8,18.1,24,28.9,29,27.3,28.8,26.3,23.5,31.2,21.9,33.4,32.7,31,26.6,30.8,30.3,36.6,33.9,27.2,27.2,26.9,32.8,36,35.6,40.3,36.4,38.5,46.1,45,34.9,31.3,20.5,28.1,35.3,35.3,34.2,35.6,31.7,27.4,41.4,25.9,41,40.3,35.3,32.4,37.1,36.7,45,40.3,34.6,33.1,31.7,38.9,43.2,,,,,,22.2204,114.2127
2026-09-10T04:00,26.7,26.4,26.7,25.5,26.4,25.2,26.3,25.6,26.2,26,25.3,26.2,26.1,26.5,26,24.3,25.3,26.4,25.6,25.9,26,25.5,26.1,25.9,25.8,25.4,25.7,25.8,26.1,25.2,25.7,26.2,25.9,25.5,25.7,26.1,26.8,25.7,26.8,26.8,77,78,83,82,82,87,81,84,80,87,89,68,86,71,86,81,90,83,82,86,75,80,88,76,86,85,85,87,82,85,86,83,84,85,86,77,84,82,79,82,0,0,0,0,0,0,0,0,0,0.2,0,0,0.3,0,0,0,0,0,0,0,0,0,0,0,0.7,1,0,0,0,0,0,0,0,0,0.6,0.1,0,0,0,0,3.1,5.9,1.9,3.4,2.9,4.6,3.6,2.7,6.9,5.4,5.7,6.8,1.8,8.3,3.5,3.4,9.1,4.1,4.1,5,1.8,3.6,4.7,7.2,2.6,3.7,8.4,5,2.3,3.5,4.2,2.1,5.9,4.8,2.1,2.8,5.4,4.8,4.5,5.8,,,,,,,,,,,,,,,,,,,,,,,,,,,,,,,,,,,,,,,,,27,26.4,25.9,25.9,25.8,27.6,25.5,26.7,26.6,25.9,27.1,26.6,27.2,26.5,27.1,25.8,27.3,26.7,26.7,27.2,26.8,26.3,25.6,27.1,25.6,26.7,27.1,26.8,27,26.1,26.4,73,72,79,79,74,76,76,76,76,74,76,74,74,74,75,76,72,75,77,75,75,80,72,73,76,73,75,70,75,77,75,0.3,0,2.2,0.8,0,0.4,0.1,0.9,0.6,0,1.5,0.4,0.4,0,0.6,0.2,0.1,0.3,0,0,0.4,2.8,0.3,0.4,0.2,0.3,0,0.1,0.8,0,1.3,29,34.6,31,31.7,36.4,33.8,23.9,27,19.7,22.5,31.4,27.7,28.7,29.8,28.9,26,31.7,23.3,33.4,31.2,29.8,29.2,31.4,33,32.6,31.9,27.7,24.8,27.8,32.4,35.6,36,41.8,37.4,37.8,47.9,44.6,32.4,33.1,22.7,25.9,38.5,33.5,35.6,36.7,34.6,30.2,41,28.1,41,39.2,33.8,34.6,38.2,40.7,42.8,37.8,36,30.2,33.1,39.6,43.2,,,,,,22.2204,114.2127
2026-09-10T05:00,26.8,26.1,26.5,25.3,26.4,24.9,26.3,25.7,26.2,25.9,25.3,25.6,26.1,25.9,25.7,24.4,25.2,26.3,25.7,26,26,25.5,26,25.9,25.4,25.1,25.6,25.7,26,25,25.9,26.3,25.8,25.5,25.6,26,26.8,25.7,26.8,26.7,76,76,84,82,81,84,80,83,80,87,89,69,86,72,87,82,89,84,82,86,75,79,88,75,88,86,84,87,82,86,84,83,84,84,86,78,82,82,78,81,0,0,0,0,0,0,0,0,0,0.2,0,0,0.3,0,0,0,0,0,0,0,0,0,0,0,0.7,1,0,0,0,0,0,0,0,0,0.6,0.1,0,0,0,0,2.3,7.2,1.8,2.5,2.8,5.8,3.1,2,6.7,6.3,5.6,7.6,2.3,9,3.9,2.5,9.6,3.7,3.7,5,1.1,2.6,5,5.4,2.5,3.7,8.6,4.8,1.8,3.2,3.6,1.8,5.4,4.4,2.1,2.3,5,5.2,3.9,5.2,,,,,,,,,,,,,,,,,,,,,,,,,,,,,,,,,,,,,,,,,27,26.5,25.9,25.8,25.5,27.4,25.3,26.7,26.5,25.8,27.1,26.5,27.1,26.3,27.1,25.7,27.2,26.7,26.7,27.2,26.7,26.1,25.3,27,25.4,26.8,27.1,26.8,27,25.9,26.5,72,71,79,78,74,77,77,76,75,71,75,74,74,74,75,75,72,74,76,75,74,81,73,73,76,72,73,70,75,78,74,0.3,0,2.2,0.8,0,0.4,0.1,0.9,0.6,0,1.5,0.4,0.4,0,0.6,0.2,0.1,0.3,0,0,0.4,2.8,0.3,0.4,0.2,0.3,0,0.1,0.8,0,1.3,28.3,35.2,31.9,31.6,35.3,34.9,20.9,28.1,20.6,22,32.5,26.4,29.8,30.8,29.8,27.2,31.4,24.7,33.4,30.3,27.4,31.3,31.4,34.6,30.2,29.5,27.8,22.2,28.1,31.5,35.2,35.6,42.5,38.2,37.4,47.9,45,29.5,33.8,24.1,25.2,40,32,37.1,37.4,35.3,32,40,29.9,41.4,38.5,31.7,35.6,37.8,43.2,41,34.9,36.7,27.4,33.8,39.2,43.6,,,,,,22.2204,114.2127
2026-09-10T06:00,26.9,25.8,26.4,25.3,26.5,24.7,26.3,25.8,26.2,25.9,25.3,25.2,26.1,25.4,25.5,24.5,25.1,26.2,25.8,26.1,26.2,25.7,26,26,25,24.9,25.6,25.8,26,24.9,26.1,26.3,25.8,25.6,25.6,25.8,26.8,25.9,26.8,26.8,75,75,84,81,80,80,79,81,79,86,88,70,85,73,88,83,87,85,82,85,74,77,88,74,88,86,83,87,81,86,83,83,84,83,85,78,79,82,76,79,0,0,0,0,0,0,0,0,0,0.2,0,0,0.3,0,0,0,0,0,0,0,0,0,0,0,0.7,1,0,0,0,0,0,0,0,0,0.6,0.1,0,0,0,0,1.8,8.3,2.3,2.2,2.5,6.8,3.1,1.8,6.6,6.9,5.9,8.6,3.3,9.8,4.1,2.9,10.2,3.3,3.7,5.5,1.6,2.2,5.2,4.6,2.6,4.3,8.4,5,1.8,4,3.4,1.9,5,4.3,1.8,1.8,5,6.2,3.9,5.1,,,,,,,,,,,,,,,,,,,,,,,,,,,,,,,,,,,,,,,,,27,26.4,25.8,25.7,25.7,27.4,25.3,26.7,26.4,25.6,27,26.5,27.1,26.2,27.1,25.8,27.3,26.8,26.8,27.2,26.6,25.9,25.2,26.9,25.5,26.8,27.1,26.7,27,25.9,26.6,71,71,79,77,73,77,76,76,74,68,74,74,74,74,75,74,72,73,74,74,74,81,74,73,76,71,72,69,74,77,71,0,0,1.4,0.3,0,0,0.1,0.6,0.3,0,0.1,1.7,0.2,0,0,0.2,0.2,0,0,0,0,1.1,0.1,0.1,0.3,0,0,0.1,0.2,0.1,0,27.6,34.7,33.2,32.5,33.1,36.1,18.9,28.3,20.7,22.7,31.6,25.9,30.6,32.2,27.4,26.7,30.3,24.9,33.2,30.5,22.8,30.9,28.7,34.3,31.2,26.3,27.3,19.6,28.3,29.5,35,34.9,42.5,39.2,38.2,44.6,46.4,26.6,33.5,23.8,26.3,38.9,31.3,37.8,38.5,32,31.7,38.5,30.2,42.5,39.2,27.7,35.3,34.9,42.8,41.4,31,36.4,24.8,33.8,36.4,44.3,,,,,,22.2204,114.2127
2026-09-10T07:00,27.1,25.6,26.5,25.3,26.7,24.6,26.4,26.1,26.3,26,25.5,24.9,26.3,25.1,25.4,24.7,25.2,26.3,26.1,26.4,26.4,26,26.1,26.3,24.9,24.8,25.7,26,26.1,25,26.2,26.5,25.9,25.8,25.8,25.9,26.9,26.2,27,26.8,73,73,84,79,79,77,78,79,77,85,86,70,84,74,88,83,86,84,81,83,73,75,88,73,88,86,81,86,80,86,81,82,83,81,84,78,77,81,74,78,0,0,0,0,0,0,0,0,0,0.2,0,0,0.3,0,0,0,0,0,0,0,0,0,0,0,0.7,1,0,0,0,0,0,0,0,0,0.6,0.1,0,0,0,0,1.9,9.4,2.6,2.6,3.1,8,3.7,2.2,7.1,7.6,5.9,9.4,4,10.6,4.4,4,10.8,3.3,4.3,6.1,2.1,2.6,5.2,3.9,2.7,4.8,8.9,5.4,2.2,5.1,4.2,2.4,5.4,4.1,1.8,1.8,5.5,6.9,3.8,5.2,,,,,,,,,,,,,,,,,,,,,,,,,,,,,,,,,,,,,,,,,27.1,26.4,25.7,25.7,26.3,27.3,25.6,26.7,26.3,25.5,27.1,26.5,27.2,26.2,27,26.1,27.4,27,27.1,27.4,26.5,25.9,25.1,26.9,25.8,26.8,27.2,26.7,27.2,26.2,26.8,70,71,79,77,70,76,74,76,73,65,73,74,73,75,75,72,72,73,71,73,73,80,74,74,75,71,70,68,74,75,68,0,0,1.4,0.3,0,0,0.1,0.6,0.3,0,0.1,1.7,0.2,0,0,0.2,0.2,0,0,0,0,1.1,0.1,0.1,0.3,0,0,0.1,0.2,0.1,0,26.3,34,34.2,34.1,29.9,37,16.9,27.9,20.2,24,29.3,25,31.2,33.6,23.2,25.3,28.3,24.4,32.8,31.1,18.1,29.5,24.9,32.4,33,22.9,26.4,17.4,28.4,26.9,35,33.8,41.8,40.3,39.6,39.2,48.2,23.4,32.8,23,28.4,36.4,30.6,38.5,39.6,26.6,30.2,36,30.2,43.6,40.3,22.7,34.6,30.2,41.4,42.1,26.6,35.3,23,33.5,32.4,45.7,,,,,,22.2204,114.2127
2026-09-10T08:00,27.4,25.6,26.7,25.5,27,24.8,26.6,26.4,26.6,26.3,25.8,25,26.5,25.2,25.6,25.1,25.3,26.6,26.5,26.7,26.7,26.4,26.3,26.6,25,25,26.1,26.3,26.4,25.1,26.3,26.8,26.1,26.1,26.1,26.1,27.2,26.5,27.2,27,71,71,83,78,77,74,77,77,75,83,84,70,82,73,87,82,84,83,79,81,72,73,86,71,86,85,78,84,78,85,80,81,81,79,82,77,74,79,72,76,0,0,0,0,0,0,0,0,0,0.2,0,0,0.3,0,0,0,0,0,0,0,0,0,0,0,0.7,1,0,0,0,0,0,0,0,0,0.6,0.1,0,0,0,0,2.3,10.6,3.2,2.6,3.3,9.2,4.1,2.9,7.3,8.3,6.4,10.2,4.8,11.4,4.5,4.7,11.4,3.3,5,6.5,2.7,3.1,5.3,3.9,3,5.5,9.2,5.8,2.5,5.8,4.8,2.7,5.8,4.6,2.3,2.2,5.9,7.3,4.3,5.6,,,,,,,,,,,,,,,,,,,,,,,,,,,,,,,,,,,,,,,,,27.2,26.4,25.7,25.7,26.9,27.4,26,26.7,26.4,25.5,27.2,26.6,27.4,26.2,27.1,26.3,27.6,27.2,27.4,27.6,26.6,25.9,25.2,27,26,26.9,27.4,26.8,27.3,26.5,26.9,69,71,78,76,68,75,72,76,72,62,72,73,73,75,74,70,71,72,68,72,72,78,73,74,74,70,69,66,73,72,66,0,0,1.4,0.3,0,0,0.1,0.6,0.3,0,0.1,1.7,0.2,0,0,0.2,0.2,0,0,0,0,1.1,0.1,0.1,0.3,0,0,0.1,0.2,0.1,0,24.9,33,34.3,34.3,26.1,37.4,15.5,27.3,19.6,25.2,26.8,23.7,31.5,34,19.6,24,25.6,24.4,32.2,31.6,15.3,27.7,21.8,30.8,33.8,20.1,25.6,16.9,28.3,24.5,35.4,32,40.7,40,39.2,33.8,48.6,20.9,31.3,22,30.2,33.5,29.2,38.9,39.6,22.3,28.1,32.8,30.2,43.2,41,19.4,32.8,26.3,39.2,41.4,23.4,34.2,21.2,33.1,29.2,46.1,,,,,,22.2204,114.2127
2026-09-10T09:00,28,26,27.3,26,27.6,25.3,27,27,27.2,26.7,26.4,25.5,27,25.7,26.2,25.8,25.6,27.1,27.2,27.2,27.2,27,26.9,27.1,25.6,25.5,26.8,26.9,27,25.6,26.4,27.2,26.7,26.7,26.7,26.6,27.7,27.1,27.8,27.3,68,69,79,76,74,71,75,74,72,80,80,68,79,70,84,79,81,80,76,77,70,70,82,69,82,82,74,81,75,83,79,78,78,76,78,75,71,76,69,74,0,0,0,0,0,0,0,0,0,0,0,0,0.1,0,0,0,0,0,0,0,0,0,0,0,0,0,0,0,0,0.1,0,0,0,0,0,0,0,0,0,0,3.1,11.8,4.1,2.5,4.5,10.3,5,3.7,8.1,9.5,7.1,10.9,5.6,12.6,4.8,5.4,11.9,2.9,6.2,7.1,3.6,4,5.6,4.6,3.6,6.5,9.9,6.1,3.3,6.1,5.9,3.3,6.7,5.6,3.3,2.5,6.7,8,5.4,6.4,,,,,,,,,,,,,,,,,,,,,,,,,,,,,,,,,,,,,,,,,27.5,26.6,25.7,25.7,27.2,27.7,26.6,26.8,26.7,25.9,27.5,26.7,27.5,26.2,27.6,26.6,28,27.2,27.7,27.9,27.2,26.2,25.6,27.1,26.3,27.2,27.6,27.3,27.5,26.9,27.1,68,70,77,75,66,72,69,75,70,60,70,72,73,74,71,68,69,72,66,70,70,76,70,73,72,69,68,65,72,69,65,0,0,0.2,0,0,0,0,0,0,0,0,0.5,0.2,0,0,0,0,0,0,0,0,0.1,0,0,0,0,0,0,0,0,0,23,31.7,32,33.2,21.8,36.6,15.2,26,19.4,25.9,24.2,20.6,31.7,33,16.7,22.1,21.4,25.4,31,31.2,15.2,25.7,19.4,29.8,31.1,18.6,25.1,16.6,28.2,21.5,35.9,28.4,38.5,36.4,36.4,28.4,47.2,19.8,29.2,21.2,31,29.9,25.9,39.2,37.4,19.8,25.2,27.4,30.6,40.7,41,19.1,29.9,23,37.4,37.1,22.7,33.1,20.2,32.8,27,46.1,,,,,,22.2204,114.2127
2026-09-10T10:00,28.7,26.7,28.1,26.6,28.4,26.1,27.6,27.7,28.1,27.4,27.2,26.4,27.7,26.8,27.1,26.7,26.1,28,28.2,28,28,28,27.7,27.9,26.5,26.3,27.8,27.7,27.9,26.2,26.4,27.9,27.6,27.4,27.7,27.5,28.6,28,28.5,27.7,65,66,74,73,69,68,72,70,67,76,74,66,75,66,79,74,78,74,71,72,67,65,77,65,77,78,69,76,70,79,79,74,72,72,72,71,67,71,65,72,0,0,0,0,0,0,0,0,0,0,0,0,0.1,0,0,0,0,0,0,0,0,0,0,0,0,0,0,0,0,0.1,0,0,0,0,0,0,0,0,0,0,4.6,13,5.8,3.6,6.3,11.1,6.6,5.3,9,10.7,8.5,12.1,7.1,13.5,5.8,5.9,11.9,3.1,8.1,8.5,5.3,5.5,6.5,6.5,4.8,8,10.7,7.4,4.5,7.1,7.2,4.2,7.9,7.4,4.6,3.8,8.4,9.2,7.1,7.7,,,,,,,,,,,,,,,,,,,,,,,,,,,,,,,,,,,,,,,,,27.9,26.8,25.8,25.9,27.6,28.2,27.3,26.9,27.3,26.5,27.9,26.9,27.6,26.3,28.3,26.8,28.5,27.2,27.9,28.3,27.9,26.7,26.1,27.2,26.6,27.6,28,28,27.6,27.5,27.2,66,70,75,74,65,69,65,75,67,58,68,70,73,73,68,66,67,71,65,68,67,73,67,72,70,67,67,63,71,66,65,0,0,0.2,0,0,0,0,0,0,0,0,0.5,0.2,0,0,0,0,0,0,0,0,0.1,0,0,0,0,0,0,0,0,0,20.8,30,28.3,31.1,17.4,34.8,15.5,24.2,18.8,26.7,21.3,16.8,32.6,30.5,14.5,20,17,26.6,29.6,30.6,16.2,24,17.4,29.3,27.4,17.8,25.1,16.4,28,18.6,36.8,24.1,36,31.3,32.4,23,44.3,19.4,27,20.9,31.3,26.3,21.6,39.6,33.8,18.4,21.2,21.2,31,37.1,41,20.2,26.6,20.2,35.3,31.3,23.4,32,19.4,32.4,25.6,45.4,,,,,,22.2204,114.2127
2026-09-10T11:00,29.6,27.5,29.1,27.4,29.3,27.1,28.3,28.6,29.1,28.2,28.2,27.4,28.4,28,28.2,27.9,26.7,29,29.3,28.9,28.8,29,28.7,28.8,27.7,27.2,28.9,28.6,28.9,27,26.3,28.7,28.6,28.3,28.9,28.5,29.5,29,29.4,28.1,61,63,68,70,63,65,70,65,62,71,68,63,70,61,73,68,74,68,65,67,63,61,71,62,71,73,64,70,65,75,79,69,67,67,66,66,62,65,60,71,0,0,0,0,0,0,0,0,0,0,0,0,0.1,0,0,0,0,0,0,0,0,0,0,0,0,0,0,0,0,0.1,0,0,0,0,0,0,0,0,0,0,6.7,14.3,7.6,5.8,8.7,12.2,8.9,7.4,10.2,12.1,10.2,13.4,8.7,14.6,7.4,7.1,11.9,4.2,10.5,10.2,7.9,7.4,8.3,9,6.6,9.8,11.7,9,6.4,8.4,8.7,6,9.8,9.5,6.1,5,9.9,10.7,9.2,9.2,,,,,,,,,,,,,,,,,,,,,,,,,,,,,,,,,,,,,,,,,28.2,27.1,26,26.1,27.9,28.5,27.9,27.1,27.7,27,28.3,27.2,27.7,26.5,28.8,27.1,28.9,27.2,28.2,28.6,28.5,27.1,26.6,27.4,26.8,28,28.2,28.6,27.7,28,27.2,65,69,74,72,64,67,62,73,65,57,66,68,73,72,65,65,65,71,64,66,65,71,64,71,68,66,66,62,70,64,65,0,0,0.2,0,0,0,0,0,0,0,0,0.5,0.2,0,0,0,0,0,0,0,0,0.1,0,0,0,0,0,0,0,0,0,18.5,28.1,25.3,27.9,15.6,32.7,16.1,22.7,18.3,26.7,18.7,13.8,32.9,28.2,13,17.8,14,27.4,28.2,29.8,16.7,22.1,16.1,28.3,24.2,17.9,25.1,16.6,27.3,16.8,36.9,20.5,33.1,27.4,28.4,19.8,41,19.8,25.2,20.5,31.3,22.7,18,39.2,30.6,17.3,18.4,17.6,31,33.8,40,21.2,24.1,18.7,33.1,26.3,24.5,31,19.8,32,24.8,43.6,,,,,,22.2204,114.2127
2026-09-10T12:00,30.3,28.3,30.1,28.2,30.2,28,29,29.4,30.1,28.9,29.1,28.5,29.1,29.2,29.3,28.9,27.2,30,30.3,29.7,29.6,30,29.6,29.6,28.8,28.2,30,29.5,29.9,27.8,26.3,29.4,29.5,29.1,29.9,29.4,30.4,29.9,30.3,28.6,57,60,62,67,58,63,67,61,57,66,62,59,66,56,68,63,71,62,60,62,60,56,65,59,65,69,59,65,60,71,79,65,61,63,60,62,58,60,57,69,0,0,0,0,0,0,0,0,0,0,0,0,0.1,0,0,0,0,0,0,0,0,0,0,0,0,0,0,0,0,0.1,0,0,0,0,0,0,0,0,0,0,8.4,15.6,9.6,8.2,10.7,13,11.2,9.4,11.2,13.4,11.8,14.5,10.8,15.7,9.1,8,12.2,5.6,13.1,12.2,10.7,9.5,10.1,12,8.4,11.8,12.9,11.5,8.4,10.5,10.1,7.9,11.5,11.5,7.6,6.4,11.8,12.8,11.3,10.4,,,,,,,,,,,,,,,,,,,,,,,,,,,,,,,,,,,,,,,,,28.2,27.2,26.3,26.4,28.2,28.8,28.1,27.5,27.9,27.3,28.5,27.8,27.7,26.7,29,27.3,29.1,27.2,28.3,28.8,28.7,27.3,27,27.5,26.9,28.4,28.3,29,27.8,28.2,27.2,65,69,73,69,63,66,62,70,64,58,66,65,73,71,65,64,65,71,64,66,65,70,64,71,66,65,66,62,69,63,66,0,0,0,0,0,0,0,0,0,0,0,0,0,0,0,0,0,0,0,0,0,0,0,0,0,0,0,0,0,0,0,16.2,25.9,23.3,22.9,15.6,29.9,17.6,21.9,17.6,26.1,16.9,11.8,32.4,25.1,12.6,15.9,14.4,27.3,27.1,28.6,16.9,21,15.9,26.8,22.2,18.7,24.7,17.9,26.3,16.4,36.1,18,29.9,25.2,24.5,19.8,36.4,21.2,24.8,20.2,30.6,20.2,15.5,38.2,27,17.3,16.2,18.7,30.6,32.4,37.8,21.6,23,19.1,29.9,23.8,25.2,30.2,21.2,31.3,24.8,40,,,,,,22.2204,114.2127
2026-09-10T13:00,30.9,29,30.8,28.7,30.8,28.7,29.6,30,30.8,29.5,29.8,29.4,29.7,30.1,30.1,29.7,27.6,30.7,31.1,30.3,30.2,30.8,30.3,30.2,29.7,28.9,30.9,30.2,30.6,28.4,26.1,29.9,30.2,29.7,30.8,30.1,31.1,30.6,30.9,28.9,55,58,57,65,55,61,65,58,54,62,57,57,62,52,63,59,68,58,56,58,58,53,60,56,60,65,55,61,56,68,79,61,57,60,55,59,55,56,54,68,0,0,0,0,0,0,0,0,0,0,0,0,0.1,0,0,0,0,0,0,0,0,0,0,0,0,0,0,0,0,0.1,0,0,0,0,0,0,0,0,0,0,9.8,16.1,10.8,10.2,12.1,13.7,12.9,10.7,11.7,14.4,12.9,15,12.4,16.1,10.7,9.2,11.8,6.9,14.8,13.8,12.8,11.4,11.5,14.1,10.2,13.4,13.7,13.1,9.9,12.3,11.4,9.4,13,13,8.7,7.7,13,14,12.6,11.1,,,,,,,,,,,,,,,,,,,,,,,,,,,,,,,,,,,,,,,,,28.1,27.3,26.7,26.9,28.4,29,28.2,27.9,27.9,27.5,28.6,28.6,27.8,26.9,28.9,27.4,29.2,27.2,28.4,28.9,28.8,27.6,27.3,27.6,27,28.9,28.4,29.3,27.9,28.4,27.1,65,69,71,66,63,66,62,67,64,59,66,60,73,70,65,63,65,71,64,66,66,68,64,71,65,64,66,62,69,63,67,0,0,0,0,0,0,0,0,0,0,0,0,0,0,0,0,0,0,0,0,0,0,0,0,0,0,0,0,0,0,0,13.7,23.3,22.2,17.5,17.1,26.9,19.6,21.7,17,25.5,15.8,10.2,31,21.4,14.2,14.3,16.7,26.6,25.9,27.8,18.4,20.4,18,24.8,20.4,20.1,24.5,20.2,25.3,17.4,34.5,16.6,26.6,24.1,20.9,21.6,31.3,23.8,25.6,20.2,29.2,18,13.7,36.4,23.8,17.6,14.8,22,29.5,31.3,34.9,22,23,20.9,26.6,22,25.9,29.9,23.4,30.6,25.6,35.6,,,,,,22.2204,114.2127
2026-09-10T14:00,31.1,29.3,31.2,29,31.1,29.1,29.9,30.3,31.1,29.7,30.1,29.8,29.9,30.5,30.5,30.1,27.8,31,31.4,30.5,30.4,31.2,30.7,30.4,30.2,29.3,31.2,30.5,30.9,28.7,26,30.1,30.6,30,31.2,30.3,31.4,30.9,31.1,29.1,54,57,54,64,53,60,64,56,53,60,55,56,61,50,61,57,67,56,55,56,57,51,58,56,57,63,54,60,55,67,79,59,56,59,53,58,54,55,53,67,0,0,0,0,0,0,0,0,0,0,0,0,0.1,0,0,0,0,0,0,0,0,0,0,0,0,0,0,0,0,0.1,0,0,0,0,0,0,0,0,0,0,10.6,16.5,11.7,11.3,12.8,13.7,13.5,11.5,12,14.8,13.5,15,12.9,16.1,11.5,9.7,11.6,7.6,15.3,14.4,13.8,12.1,12.4,15,10.8,14.3,13.7,13.8,10.5,13,11.9,10.2,13.6,13.7,8.9,7.9,13.8,14.7,13.3,11.3,,,,,,,,,,,,,,,,,,,,,,,,,,,,,,,,,,,,,,,,,28.2,27.4,27,27.3,28.6,29.1,28.3,28.1,28.1,27.6,28.6,29.2,27.8,27.1,28.8,27.5,29.3,27.2,28.5,28.9,28.8,27.7,27.5,27.6,27,29.3,28.4,29.4,28,28.4,27,65,69,71,63,63,67,63,64,64,60,66,58,73,70,66,63,65,72,65,67,67,68,65,71,64,64,67,62,69,63,68,0,0,0,0,0,0,0,0,0,0,0,0,0,0,0,0,0,0,0,0,0,0,0,0,0,0,0,0,0,0,0,12.5,21.2,22.1,14.8,19.3,25.2,20.3,21.6,17.2,25.9,14.8,8.7,29.9,19.9,15.6,13.4,19,25.8,25.4,27,19.9,20.2,20.9,24,19.4,21.1,24.6,23.2,24.9,19.7,32.8,16.2,23.8,23.8,19.1,23.8,27.7,25.2,25.6,20.9,28.8,16.2,12.2,34.9,22,18.4,14,24.8,28.4,30.6,32.4,22,23.4,22.7,25.2,20.9,26.6,29.9,26.3,30.2,27,32,,,,,,22.2204,114.2127
2026-09-10T15:00,30.9,29.2,31.2,29,30.8,29.1,29.9,30.3,30.9,29.6,30,29.7,29.7,30.4,30.3,29.9,27.7,30.8,31.2,30.3,30.2,31.1,30.6,30.2,30.2,29.2,31,30.3,30.7,28.6,25.7,30,30.4,29.9,31.1,30,31.3,30.8,30.9,29.1,55,57,54,64,54,61,64,56,55,60,56,57,62,51,62,59,68,57,57,57,58,51,59,58,57,63,56,62,57,67,79,59,58,60,54,60,55,57,55,67,0,0,0,0,0,0,0.1,0,0,0,0,0,0.2,0,0.2,0,0,0,0.4,0,0,0,0,0,0,0,0,0,0.1,0.1,0.2,0,0,0,0,0.3,0,0,0,0,10.3,16.1,11.4,10.9,12,13.3,12.6,11,11.2,14.4,12.7,14.3,12.3,15.3,11.2,9.5,11,7.2,14.3,13.9,13.3,11.5,12.1,14.6,10.1,14,13,13.2,10,12.6,11.8,9.7,13,13,8.4,7.6,13.2,14,12.5,10.5,,,,,,,,,,,,,,,,,,,,,,,,,,,,,,,,,,,,,,,,,28.5,27.4,26.9,27.7,28.7,28.9,28.3,27.9,28.3,27.7,28.5,29.3,27.7,27.1,28.8,27.5,29.4,27.1,28.5,28.8,28.7,27.7,27.7,27.6,26.7,29.4,28.3,29.5,28.1,28.3,27,64,70,72,62,63,69,63,63,63,60,66,58,73,71,67,64,65,73,67,68,67,68,65,72,63,64,68,61,70,64,68,0.1,0,0.2,0,0,0.1,0,0,0,0,0,0,0.1,0,0,0,0,0,0,0,0,0,0,0.2,0,0,0,0,0,0,0,12.8,19.8,23.1,16.3,20.9,25.6,19.3,21.4,17.7,26.3,13.7,6.4,29.2,21.3,15.6,12.2,20.5,25,24.9,25.8,19.2,19.9,21.6,25.7,18.9,21.7,25.4,26,24.8,23.7,30.8,17.6,22,24.5,20.9,25.6,27.7,24.8,25.2,22,29.9,15.1,11.2,33.5,23.4,18.4,13.7,26.3,27,29.9,31,21.2,23.8,23.8,27,20.2,26.6,29.9,29.9,30.6,30.2,29.9,,,,,,22.2204,114.2127
2026-09-10T16:00,30.3,28.8,30.9,28.6,30.2,28.7,29.6,30,30.3,29.3,29.6,29.3,29.2,29.8,29.7,29.4,27.4,30.2,30.5,29.8,29.7,30.8,30.2,29.7,29.9,28.8,30.3,29.7,30,28.4,25.4,29.6,29.9,29.4,30.5,29.2,30.8,30.3,30.3,28.9,59,58,55,66,57,63,66,58,59,61,59,58,65,53,64,63,70,61,61,60,60,53,61,62,59,65,60,65,60,69,80,60,62,63,57,64,58,61,59,69,0,0,0,0,0,0,0.1,0,0,0,0,0,0.2,0,0.2,0,0,0,0.4,0,0,0,0,0,0,0,0,0,0.1,0.1,0.2,0,0,0,0,0.3,0,0,0,0,9.2,14.9,10.4,9.4,10.5,12.5,10.6,9.4,10,13.1,11.3,12.9,10.7,13.8,10,9,10.1,6.6,11.5,12.3,11.5,10.5,10.8,12.7,8.9,13,11.6,11.8,8.8,10.8,11.3,8.7,11.6,11.6,7.2,6.4,12,12.4,10.8,9.2,,,,,,,,,,,,,,,,,,,,,,,,,,,,,,,,,,,,,,,,,29,27.4,26.8,28,28.7,28.5,28.2,27.5,28.7,27.8,28.4,29.2,27.6,27,28.7,27.3,29.5,27,28.5,28.6,28.6,27.6,27.8,27.5,26.2,29.4,28.2,29.5,28.1,28.1,27.1,63,71,74,61,64,71,63,63,62,59,66,60,74,72,67,64,66,74,69,70,68,69,65,73,62,64,70,60,71,65,69,0.1,0,0.2,0,0,0.1,0,0,0,0,0,0,0.1,0,0,0,0,0,0,0,0,0,0,0.2,0,0,0,0,0,0,0,14.7,19.5,24.5,20.1,22.1,27,18,20.7,18.7,27.5,12.6,6.2,28.5,24.1,15.3,11.2,21.8,24.5,24.3,25,17.7,20.3,21.5,28.5,18.6,21.9,26.6,28.9,25.6,28.2,28.6,20.5,21.2,25.9,24.8,27.7,29.5,23.8,24.1,23.8,32,14.8,11.2,32,26.6,18,13.7,27,25.2,29.5,29.9,20.5,24.5,24.5,30.6,19.8,26.6,29.9,34.2,31,34.9,28.4,,,,,,22.2204,114.2127
2026-09-10T17:00,29.5,28.3,30.3,28.2,29.3,28.2,29.3,29.6,29.4,28.7,28.9,28.6,28.5,29,28.8,28.6,26.9,29.4,29.6,29.1,29,30.2,29.5,28.9,29.4,28.2,29.4,28.8,29.1,27.9,25,29,29.2,28.8,29.8,28.2,30.1,29.7,29.6,28.6,63,59,57,68,62,66,68,61,65,64,63,61,69,57,68,68,74,67,66,65,63,56,66,66,63,67,66,71,65,72,81,62,67,67,61,69,61,66,64,70,0,0,0,0,0,0,0.1,0,0,0,0,0,0.2,0,0.2,0,0,0,0.4,0,0,0,0,0,0,0,0,0,0.1,0.1,0.2,0,0,0,0,0.3,0,0,0,0,7.8,13.6,8.9,7.2,8.3,11.3,8,7.4,8.5,11.7,9.2,10.6,8.7,11.9,8.4,8.4,9.5,5.6,8.3,10,9.2,8.7,9.5,10.5,7.1,11.6,9.9,9.8,7.1,8.9,10.5,7.1,10.1,9.7,5.8,4.9,10.3,10.5,8.6,7.4,,,,,,,,,,,,,,,,,,,,,,,,,,,,,,,,,,,,,,,,,29.2,27.3,26.6,28.2,28.6,28.2,28.1,27.2,28.9,27.8,28.2,29,27.5,26.9,28.6,27.2,29.6,26.9,28.5,28.4,28.5,27.5,27.8,27.4,25.8,29.2,28.1,29.3,28.1,27.9,27.1,63,72,75,60,64,73,64,64,61,59,67,62,74,73,68,65,66,75,71,72,68,70,65,74,61,64,71,59,72,66,69,0.1,0,0.2,0,0,0.1,0,0,0,0,0,0,0.1,0,0,0,0,0,0,0,0,0,0,0.2,0,0,0,0,0,0,0,17.6,19.2,24.8,24,24.2,28.1,17.7,20.2,20.1,28.3,12.2,8.2,28.6,26.3,15.2,10.9,22.3,23.5,24,24.7,16.9,20.6,21.6,30.2,18.9,21.7,28,31.7,26.7,31.9,27.1,24.5,20.9,27.4,29.2,30.2,31,23.4,23.4,26.6,33.5,14.8,12.2,31.3,29.2,19.1,15.1,27.7,24.1,29.5,29.5,21.2,25.6,25.6,33.1,19.8,26.3,30.6,37.8,32.8,37.8,28.1,,,,,,22.2204,114.2127
2026-09-10T18:00,28.6,27.7,29.7,27.6,28.4,27.5,28.8,29.1,28.5,28.1,28.1,27.9,27.7,28.1,27.9,27.8,26.4,28.5,28.6,28.3,28.2,29.5,28.8,28,28.8,27.6,28.3,27.9,28.1,27.4,24.7,28.3,28.4,28,29,27.1,29.4,28.9,28.7,28.3,68,60,60,71,67,69,71,64,70,66,68,63,74,61,72,74,77,72,72,69,66,60,70,71,66,70,73,76,71,75,82,65,73,71,66,75,65,72,69,72,0,0,0,0,0,0,0.1,0,0,0,0,0,0.2,0,0.2,0,0,0,0.4,0,0,0,0,0,0,0,0,0,0.1,0.1,0.2,0,0,0,0,0.3,0,0,0,0,5.9,12.2,7,5.1,6.1,9.8,5,5.4,6.6,10,7.1,8.7,6.6,10,6.8,7.7,8.7,5.1,5.2,7.9,6.6,6.9,7.5,7.9,5.2,10.2,8.3,8,5.2,6.4,9.4,5.5,8.6,7.8,4.6,3.7,8.4,7.9,6.2,5.6,,,,,,,,,,,,,,,,,,,,,,,,,,,,,,,,,,,,,,,,,28.9,27.1,26.6,28,28.3,27.9,27.7,26.9,29,27.7,27.9,28.8,27.4,26.5,28.5,27.4,29.5,26.7,28.3,28.3,28.4,27.7,27.7,27.2,25.5,28.9,28,28.9,28,27.8,27,64,74,75,59,64,75,66,66,61,59,68,64,74,74,69,64,67,76,73,73,68,70,66,75,62,65,72,59,73,67,70,0.1,1,0.4,0,0.2,0.2,0.2,0.1,0,0,0,0.3,0.3,0,0.3,0,0.1,0.2,0.1,0.3,0.1,0.1,0,0.1,0,0,0.3,0,0,0,0.1,23.7,19.5,23.5,28.2,27.5,28.1,18.7,19.1,22.1,29.8,12.3,11.4,29.3,26.9,16.8,12.1,21.8,22.2,24.4,26.1,17.5,21.2,22.1,29.6,19.4,20.5,28.7,34.2,28.8,32.8,26.8,31.7,21.6,28.1,33.8,34.2,31.3,24.5,22.7,31.3,34.6,15.1,16.2,32.4,29.9,22.3,19.8,28.4,23.8,30.2,31,24.5,27.7,27,33.5,20.5,25.2,31.7,40.7,36,38.2,28.4,,,,,,22.2204,114.2127
2026-09-10T19:00,27.8,27.1,29.1,27.1,27.5,26.9,28.4,28.5,27.6,27.5,27.4,27.2,27,27.2,27.1,26.9,25.9,27.7,27.7,27.6,27.4,28.9,28.1,27.3,28.3,26.9,27.4,27.1,27.3,27,24.3,27.7,27.6,27.3,28.2,26.2,28.6,28.1,27.9,27.9,72,62,63,73,71,71,73,66,76,68,73,66,77,64,76,79,81,77,77,73,68,63,74,76,70,72,78,81,76,78,83,67,78,75,70,80,69,77,74,73,0,0,0,0,0,0,0.1,0,0,0,0,0,0.2,0,0.2,0,0,0,0.4,0,0,0,0,0,0,0,0,0,0.1,0.1,0.2,0,0,0,0,0.3,0,0,0,0,4.3,10.7,5.5,3.3,4,9,2.6,3.6,5.1,8.8,5.3,7.2,4.7,8.4,5.4,6.8,7.9,4.5,2.9,6,4.6,5.2,6,5.4,3.4,8.8,6.5,6.5,3.8,4.5,8.6,4.3,7.7,6.1,3.6,2.6,6.8,5.9,4,3.8,,,,,,,,,,,,,,,,,,,,,,,,,,,,,,,,,,,,,,,,,28.4,26.9,26.5,27.7,27.8,27.6,27.2,26.7,28.9,27.5,27.5,28.6,27.2,26,28.4,27.6,29.4,26.5,28,28.1,28.4,28,27.6,27,25.2,28.5,27.8,28.3,27.8,27.7,26.9,65,76,74,59,65,77,68,68,60,58,70,67,75,75,69,63,67,77,75,74,68,69,67,76,63,68,72,60,75,69,72,0.1,1,0.4,0,0.2,0.2,0.2,0.1,0,0,0,0.3,0.3,0,0.3,0,0.1,0.2,0.1,0.3,0.1,0.1,0,0.1,0,0,0.3,0,0,0,0.1,32,20.6,21.8,32.9,31.7,27.6,20.1,18.4,25.7,31.4,13,16.2,30.5,26.9,19.4,17.3,20.7,21.1,25.2,27.9,20.6,22.4,22.7,28.5,20.2,18.9,29.5,36.5,31.5,32.6,26.9,40.3,22.7,28.8,38.5,38.9,31.7,25.9,21.6,36.7,34.9,15.8,21.2,34.2,30.2,26.3,25.9,28.8,23.8,31.3,33.1,29.2,31,28.1,32.8,21.6,23.8,33.1,43.2,40.7,37.4,29.5,,,,,,22.2204,114.2127
2026-09-10T20:00,27.3,26.6,28.6,26.7,26.9,26.4,28.1,28.1,27,26.9,26.9,26.6,26.6,26.5,26.5,26.3,25.5,27.2,27.1,27,26.9,28.3,27.6,26.8,27.9,26.5,26.8,26.6,26.6,26.6,24.1,27.3,27.1,26.8,27.7,25.5,28.1,27.6,27.4,27.7,74,63,65,75,74,73,74,68,79,70,76,67,80,66,78,83,83,80,80,76,70,65,76,79,72,74,82,84,79,80,84,69,82,78,72,83,71,80,77,74,0,0,0,0,0,0,0.1,0,0,0,0,0,0.2,0,0.2,0,0,0,0.4,0,0,0,0,0,0,0,0,0,0.1,0.1,0.2,0,0,0,0,0.3,0,0,0,0,3.4,9.8,4.7,2.3,2.5,8.3,1.3,2.6,4,8,4.5,5.9,3.6,7.3,4.7,6.1,7.6,4.2,2,5,3.5,4.2,5.3,4,2.2,7.9,5.5,5.2,2.9,3.1,8,3.3,6.8,5.2,2.9,1.8,6,4.4,2.5,2.8,,,,,,,,,,,,,,,,,,,,,,,,,,,,,,,,,,,,,,,,,27.9,26.8,26.5,27.3,27.4,27.4,26.8,26.6,28.7,27.3,27.2,28.4,27.1,25.6,28.2,27.6,29.2,26.5,27.8,27.9,28.2,28,27.4,26.9,25,28.1,27.7,27.7,27.7,27.6,26.9,66,77,73,58,65,78,70,69,60,58,71,69,75,75,70,63,68,77,76,75,68,68,68,76,64,69,72,61,76,70,73,0.1,1,0.4,0,0.2,0.2,0.2,0.1,0,0,0,0.3,0.3,0,0.3,0,0.1,0.2,0.1,0.3,0.1,0.1,0,0.1,0,0,0.3,0,0,0,0.1,36.9,21,21.6,35.6,34.8,27,20.8,18,28.7,31.5,14.8,20.2,31.7,26.5,21.8,21.9,20.8,20.4,25.5,28.8,23.4,23.8,22.9,27.5,20.3,18,30.2,38,34,32.4,27.5,44.6,24.5,30.2,41.4,41.8,31.3,27,21.2,40.7,34.9,17.6,25.6,36,29.9,29.5,29.5,30.2,24.5,32,34.6,32.4,33.1,28.8,32,22.3,23,34.6,44.6,44.3,36.7,31,,,,,,22.2204,114.2127
2026-09-10T21:00,26.9,26.2,28.2,26.5,26.6,26,27.8,27.6,26.7,26.4,26.5,26.2,26.3,25.9,26.2,25.9,25.2,26.9,26.7,26.6,26.5,27.9,27.2,26.5,27.6,26.1,26.4,26.3,26.3,26.4,23.9,27,26.7,26.5,27.4,25.1,27.7,27.1,27,27.6,75,64,66,76,76,74,74,69,81,71,78,68,81,66,79,85,84,80,81,77,71,66,76,81,73,75,84,85,81,81,85,71,84,80,72,85,72,82,79,74,0,0,0,0,0,0,0,0,0,0,0,0,0,0,0.1,0.7,0,0,0,0,0,0,0,0.1,0,0,0,0,0,0,0,0,0,0,0,0.3,0,0.1,0,0,3,9.4,4.2,1.9,1.8,8.3,1.4,2.7,3.7,7.6,4.3,5.5,3.3,6.9,3.6,4.7,7.6,3.1,1.5,4.7,3.7,3.6,5.4,3.3,1.5,7.3,4.4,4.2,2.5,2,7.3,2.9,5.7,4.7,2.5,1.5,5.5,3.4,1.4,2.3,,,,,,,,,,,,,,,,,,,,,,,,,,,,,,,,,,,,,,,,,27.5,27,26.6,26.8,27,27.3,26.5,26.5,28.2,27,27,28.1,27,25.6,28,27.1,29,26.7,27.7,27.8,27.7,27.8,27.3,26.9,24.8,27.9,27.5,27.2,27.6,27.3,26.8,66,75,70,58,66,77,70,68,60,57,72,71,75,73,70,64,68,75,76,75,67,67,69,75,64,69,72,61,76,71,73,0.1,1.2,0.1,0,0,0.1,0.1,0,0,0,0.6,0.7,0.2,0,0.1,0,0.1,0.1,0.2,0.4,0.1,0.2,0.2,0.1,0,0.2,0.8,0,0.4,0.3,0.3,34.9,20.4,24.7,34.7,35,25.6,21.1,17.8,30.9,29.3,18.9,22.3,32.9,25.3,23.5,22.6,23.4,20.8,25.3,28.4,24.5,25.7,22.7,27.8,19.7,18,31,38.4,36.2,33.4,28.9,41.8,26.6,33.5,40.3,41.4,30.2,26.6,21.6,42.1,34.2,22,27.4,37.1,28.8,31,28.8,33.8,26.6,32,34.6,32.4,34.6,28.1,32,22,23.8,36,45,46.8,37.4,32.8,,,,,,22.2204,114.2127
2026-09-10T22:00,26.7,25.7,27.8,26.2,26.3,25.6,27.5,27.1,26.5,25.9,26.1,25.8,26.2,25.4,26,25.5,25,26.7,26.6,26.3,26.2,27.4,26.8,26.4,27.5,25.8,26.3,26.1,26,26.2,23.8,26.8,26.4,26.2,27.2,24.8,27.4,26.7,26.8,27.5,75,65,68,77,77,74,74,69,81,71,79,68,82,65,80,86,85,79,81,77,71,68,76,82,74,75,85,86,82,82,86,72,85,81,71,87,72,82,79,73,0,0,0,0,0,0,0,0,0,0,0,0,0,0,0.1,0.7,0,0,0,0,0,0,0,0.1,0,0,0,0,0,0,0,0,0,0,0,0.3,0,0.1,0,0,2.5,8.6,4.1,1.8,1.1,8.3,1.8,3.3,3.4,7.6,4.3,5.8,3.3,7.2,2.5,2.9,7.4,1.8,0.5,5.4,4.4,3.4,5.9,2.7,1.3,7.3,3.6,2.6,2.3,1.6,6.9,2.5,4,4.1,1.8,1.1,5.4,2.5,0.5,2.4,,,,,,,,,,,,,,,,,,,,,,,,,,,,,,,,,,,,,,,,,27,27.4,26.7,26.3,26.6,27.3,26.3,26.4,27.5,26.6,27,27.8,27,25.8,27.7,26.5,28.7,27.1,27.7,27.7,27,27.3,27.1,27,24.7,27.7,27.3,26.6,27.6,27.1,26.8,66,72,66,57,66,75,69,65,59,56,73,72,76,70,70,66,68,72,76,75,67,65,70,74,64,69,73,60,76,72,73,0.1,1.2,0.1,0,0,0.1,0.1,0,0,0,0.6,0.7,0.2,0,0.1,0,0.1,0.1,0.2,0.4,0.1,0.2,0.2,0.1,0,0.2,0.8,0,0.4,0.3,0.3,29.2,20.4,29.3,31.6,33.5,24.3,21.2,19.7,32.7,26.2,23.6,23.3,33.8,23.6,24.7,21.5,27.7,21.9,25.1,27.5,25,29,22.4,28.5,19.2,19.2,31.9,38,38.1,34.4,30.5,34.6,29.5,37.8,37.1,39.6,28.8,25.9,22.3,42.1,32.8,27,28.4,37.8,27.4,31,25.9,38.5,29.5,31.3,33.8,30.6,35.6,27,32.4,21.2,24.8,37.4,44.6,49,38.9,34.9,,,,,,22.2204,114.2127
2026-09-10T23:00,26.6,25.3,27.5,26,26.1,25.3,27.3,26.6,26.3,25.5,25.8,25.5,26.1,25,25.9,25.2,24.8,26.7,26.5,26,25.9,26.9,26.4,26.3,27.4,25.5,26.2,26,25.9,26.1,23.7,26.6,26.2,25.9,27.1,24.7,27.1,26.4,26.6,27.5,74,66,69,77,77,74,74,69,81,71,80,68,82,64,81,87,86,78,81,77,72,69,75,83,75,76,86,86,83,83,87,74,86,83,70,88,72,82,79,72,0,0,0,0,0,0,0,0,0,0,0,0,0,0,0.1,0.7,0,0,0,0,0,0,0,0.1,0,0,0,0,0,0,0,0,0,0,0,0.3,0,0.1,0,0,2.6,8.6,4,2.5,1,8.3,2.9,4.3,3.5,8,4.3,6.1,3.8,7.9,1.5,1.5,8.1,1.3,1.3,6.2,5.8,3.8,6.9,2.8,1.6,7.2,3.1,1.6,2.3,1.8,6.1,2.2,3,3.7,2,1.1,5.4,3,0.8,2.9,,,,,,,,,,,,,,,,,,,,,,,,,,,,,,,,,,,,,,,,,26.6,27.6,26.7,25.9,26.3,27.2,26.2,26.4,26.9,26.3,26.9,27.5,26.9,25.9,27.4,26,28.4,27.3,27.7,27.6,26.4,26.9,27,27,24.6,27.6,27.2,26.2,27.5,26.8,26.8,66,70,63,57,66,74,68,63,59,55,73,73,76,67,70,67,68,70,75,74,66,64,71,73,63,69,73,59,76,72,73,0.1,1.2,0.1,0,0,0.1,0.1,0,0,0,0.6,0.7,0.2,0,0.1,0,0.1,0.1,0.2,0.4,0.1,0.2,0.2,0.1,0,0.2,0.8,0,0.4,0.3,0.3,24.2,21.1,32.2,28.9,31.7,22.8,20.9,20.8,32.7,24.4,26.4,25.2,34.1,21.9,24.7,20.1,31.2,23.4,24.8,26.3,24.8,30.3,21.8,28,19.7,20.5,32.2,36.8,38.7,34.2,31.5,28.8,31.7,39.2,34.2,37.4,27,24.8,22.7,40.7,31.3,30.2,29.9,38.5,25.9,30.2,23,41.4,31.3,30.2,32,28.8,35.3,25.6,32,21.2,25.6,38.5,43.6,49.3,38.9,36,,,,,,22.2204,114.2127
2026-09-11T00:00,26.5,24.9,27.1,25.9,26,24.9,27,26.2,26.3,25,25.5,25.2,26.1,24.6,25.8,24.9,24.6,26.6,26.5,25.8,25.7,26.4,26.1,26.3,27.3,25.3,26.2,25.9,25.8,26,23.6,26.5,25.9,25.7,27,24.6,26.8,26,26.5,27.4,73,67,70,78,78,74,73,69,81,71,80,67,81,62,81,87,86,75,80,76,72,69,73,83,75,75,86,85,84,83,88,75,86,83,68,88,72,81,79,71,0,0,0,0,0,0,0,0,0,0,0,0,0,0,0.1,0.7,0,0,0,0,0,0,0,0.1,0,0,0,0,0,0,0,0,0,0,0,0.3,0,0.1,0,0,2.9,8.3,4,3.1,1.6,8.6,4,5.4,3.7,8,4.7,6.9,4.2,8.6,2.2,2.4,8.7,3.1,3.1,7,6.9,4.7,7.9,3.6,2.3,7.6,4,2.2,2.8,1.8,5.4,2.2,2.9,3.6,2.7,1.1,5.8,4.3,1.3,4,,,,,,,,,,,,,,,,,,,,,,,,,,,,,,,,,,,,,,,,,26.3,27.5,26.4,25.4,25.9,27,26,26.2,26.6,25.9,26.7,27.3,26.8,25.8,27.2,25.7,27.9,27.1,27.5,27.3,26.1,26.6,26.8,26.9,24.3,27.3,27,25.9,27.3,26.5,26.6,66,69,63,57,64,74,67,62,60,56,73,74,76,66,71,68,68,68,74,73,65,63,71,73,62,68,74,57,77,72,73,0,0.2,0,0,0,0.3,0.1,0,0,0,0.1,0.7,0.5,0,0.1,0.3,0,0,0.1,0.2,0,0,0.2,0.1,0,0,0.2,0,0,0.2,0.1,21.9,23.4,30.6,27.3,30.2,20.5,19.7,20,30.3,23.5,25.8,28.9,33.9,20.4,23.4,18.6,31.7,24,23.2,23.5,23.4,27.9,20.7,26.8,20.4,20.4,32.1,34,37.3,32.5,30.8,25.9,33.5,36,32.4,35.6,24.1,23,22.3,36.4,29.5,29.9,34.2,38.9,24.5,28.1,21.2,40.3,31,27.7,28.8,27,32,24.1,30.6,22,24.8,38.9,42.5,47.5,37.1,35.6,,,,,,22.2204,114.2127
2026-09-11T01:00,26.4,24.6,26.8,25.8,26,24.7,26.8,25.8,26.2,24.5,25.3,24.9,26.1,24.2,25.8,24.7,24.4,26.6,26.4,25.6,25.5,26.1,25.8,26.3,27.1,25.1,26.2,25.8,25.7,25.9,23.6,26.4,25.8,25.6,26.9,24.6,26.6,25.8,26.4,27.4,73,67,70,78,78,73,72,68,80,71,80,67,81,61,80,87,86,73,79,75,71,70,72,83,75,75,85,84,84,83,88,76,86,83,66,88,71,81,79,70,0,0,0,0,0,0,0,0,0,0,0,0,0,0,0.1,0.7,0,0,0,0,0,0,0,0.1,0,0,0,0,0,0,0,0,0,0,0,0.3,0,0.1,0,0,3.1,8.3,4.3,3.5,1.8,9,5,6.8,4.1,8.5,5.1,7.3,4.5,9.4,3.4,4.1,9.3,5.2,4.9,7.8,8,5.8,9,4.3,2.9,7.6,5.2,3.6,3.4,2.2,5,2.2,4,3.6,3.7,1,6.1,5.9,2.1,4.7,,,,,,,,,,,,,,,,,,,,,,,,,,,,,,,,,,,,,,,,,26,27.2,25.9,25,25.6,26.9,25.9,26.1,26.3,25.5,26.5,27.1,26.7,25.6,26.9,25.6,27.4,26.7,27.2,27.1,25.9,26.3,26.6,26.7,24.1,27,26.8,25.7,27.2,26.2,26.5,65,68,64,57,62,73,65,62,61,57,72,75,75,65,72,70,68,67,72,72,65,63,70,73,61,68,75,55,79,72,73,0,0.2,0,0,0,0.3,0.1,0,0,0,0.1,0.7,0.5,0,0.1,0.3,0,0,0.1,0.2,0,0,0.2,0.1,0,0,0.2,0,0,0.2,0.1,20.6,26.4,26.1,26.2,28.7,17.8,18.2,18.4,26.7,22.9,23.7,33,33,19.5,21.1,16.5,30.6,23.8,20.7,20.5,20.8,23.7,19.6,25,21.3,19.3,31,30.6,34.3,29.9,29,23.8,34.9,30.6,30.6,34.2,20.5,20.9,21.2,30.6,27.7,27.4,38.9,38.9,22.7,24.8,19.4,37.4,29.2,24.5,24.8,24.8,27.7,22.7,28.1,23.4,23.4,38.5,40.7,43.9,34.6,34.2,,,,,,22.2204,114.2127
2026-09-11T02:00,26.4,24.4,26.5,25.7,26,24.5,26.6,25.4,26.2,24.2,25.1,24.7,26.1,23.9,25.8,24.5,24.4,26.5,26.4,25.4,25.3,25.8,25.6,26.2,27,25,26.1,25.7,25.6,25.8,23.7,26.3,25.6,25.5,26.8,24.6,26.4,25.5,26.4,27.3,72,68,70,78,78,73,72,68,80,71,80,67,80,60,80,87,85,72,78,75,71,70,71,83,75,75,85,83,84,83,88,76,85,83,65,87,71,80,78,69,0,0,0,0,0,0,0,0,0,0,0,0,0,0,0.1,0.7,0,0,0,0,0,0,0,0.1,0,0,0,0,0,0,0,0,0,0,0,0.3,0,0.1,0,0,3.6,8.4,4.7,3.7,2.2,9.4,5.8,7.6,4.3,8.8,5.4,7.7,4.7,9.7,4.3,5.6,9.7,6.6,5.9,8.5,8.7,6.6,9.7,5,3.6,7.9,6.2,4.8,3.5,3,5,2.5,5.4,3.6,4.3,1.3,6.5,7,2.9,5.4,,,,,,,,,,,,,,,,,,,,,,,,,,,,,,,,,,,,,,,,,25.8,27,25.6,24.6,25.3,26.7,25.7,25.9,26.1,25.2,26.4,26.9,26.7,25.4,26.7,25.5,27,26.4,27,26.8,25.8,26.1,26.4,26.6,23.8,26.7,26.7,25.6,27,26,26.3,64,67,64,57,60,73,64,62,62,58,70,75,75,64,72,70,67,67,71,71,64,63,69,73,60,67,75,53,80,72,72,0,0.2,0,0,0,0.3,0.1,0,0,0,0.1,0.7,0.5,0,0.1,0.3,0,0,0.1,0.2,0,0,0.2,0.1,0,0,0.2,0,0,0.2,0.1,20,28.3,22.5,24.9,27.7,15.6,18.1,17.5,23.4,21.8,21.4,34.6,32,18,18.9,14.5,28.8,23.2,18.9,18.8,19.2,20.3,18.9,22.3,21.7,18.8,29.6,27.9,32.1,26.4,26.6,22.7,34.9,26.3,28.8,32.8,18.4,20.2,21.2,25.9,25.9,24.8,41,38.2,21.2,22.3,17.6,34.6,27,22.3,22.3,23.8,24.1,21.6,25.6,24.5,22.7,37.4,38.9,41.4,31.3,32,,,,,,22.2204,114.2127
2026-09-11T03:00,26.7,25.2,26.9,26.7,26.8,25.2,26.7,26.1,26.6,24.3,25.2,25.2,26.6,24.5,26.4,25,25.2,26.2,26.2,25.9,25.2,26.5,25.9,25.4,26.5,25.4,26,25.6,25.9,26.2,24.5,26.8,25.5,26,26.6,25.3,26.3,25.9,26.7,26.8,72,68,62,77,77,73,72,66,77,67,74,68,76,64,74,80,77,74,75,74,67,66,72,77,70,71,81,75,81,76,79,68,75,73,66,75,71,77,74,70,0,0,0,0,0,0,0,0,0,0,0,0,0,0,0,0,0,0,0,0,0,0,0,0,0,0,0,0,0,0,0,0,0,0,0,0,0,0,0,0,5.4,10.8,6.9,1.3,1.9,9.7,5.4,7.2,4.9,10.1,7.6,6.9,4,9.4,6.2,6.5,8.2,4,5.2,9.5,6.5,8,9,6.1,5.5,10.3,6.1,6.8,2.7,6.6,10.5,6.5,6.3,7.2,3.4,4,9.5,8.1,5.2,6.3,,,,,,,,,,,,,,,,,,,,,,,,,,,,,,,,,,,,,,,,,25.7,26.7,25.4,24.5,25.1,26.6,25.6,25.6,25.9,25.1,26.2,26.8,26.6,25.2,26.5,25.3,26.7,26.1,26.8,26.7,25.7,25.8,26.1,26.5,23.6,26.5,26.5,25.5,26.9,25.8,26.1,63,66,63,56,58,72,63,62,62,58,67,75,75,63,70,69,66,68,70,70,63,62,68,72,60,67,74,52,79,71,71,0,0,0,0,0,0.1,0,0,0,0,0,0,0.1,0,0,0.1,0,0,0,0,0,0,0,0,0,0,0.1,0,0,0,0,19.7,26.7,20.9,23.2,26.8,14.3,19.1,18.1,21.4,20.3,18.6,32.6,30.8,16.6,17.1,12.5,27.1,21.7,18.6,18.3,18.8,19.1,18.7,18.6,22,18.9,27.1,26.5,31.5,21.1,23.4,22.7,32,24.5,26.6,31.7,18,21.6,22.7,24.1,24.1,22,37.8,36.4,19.8,21.2,15.1,32.4,24.5,22,22.3,23.4,22.7,21.2,22.3,25.2,23.8,34.6,36.7,40.7,26.6,28.4,,,,,,22.2204,114.2127
2026-09-11T04:00,26.7,24.9,26.6,26.6,26.8,24.9,26.5,25.7,26.6,23.9,24.9,24.9,26.7,24.1,26.3,24.8,25.1,26.1,26.1,25.7,24.9,26.2,25.6,25.1,26.2,25.3,25.8,25.4,25.8,26.1,24.6,26.7,25.3,25.8,26.4,25.3,26,25.6,26.6,26.6,72,69,62,77,77,72,72,65,76,67,74,68,76,63,74,80,76,73,74,73,67,67,71,77,70,71,81,74,81,76,78,68,73,72,66,73,71,77,73,70,0,0,0,0,0,0,0,0,0,0,0,0,0,0,0,0,0,0,0,0,0,0,0,0,0,0,0,0,0,0,0,0,0,0,0,0,0,0,0,0,6.2,10.8,7.2,1.5,2.3,10.1,6.2,7.9,5.5,10.4,8.3,7.3,4.2,9.7,7,7.3,8.7,5.4,6.6,10.5,6.8,8.6,9.7,7,6.2,10.6,7,7.9,3,7.3,10.9,6.8,7.3,7.6,4,4.7,10.2,9.1,5.8,7,,,,,,,,,,,,,,,,,,,,,,,,,,,,,,,,,,,,,,,,,25.6,26.4,25.3,24.4,24.9,26.5,25.5,25.4,25.7,25,26.1,26.7,26.5,25.1,26.4,25.1,26.6,25.8,26.7,26.6,25.7,25.6,25.8,26.3,23.4,26.3,26.3,25.4,26.7,25.7,26,62,66,62,54,57,70,63,62,61,57,64,75,74,61,66,66,65,69,68,69,63,62,66,71,59,66,73,50,76,69,70,0,0,0,0,0,0.1,0,0,0,0,0,0,0.1,0,0,0.1,0,0,0,0,0,0,0,0,0,0,0.1,0,0,0,0,19.5,23.4,19.8,21.8,25.6,14.9,20.5,19.8,20,18.8,16,28.2,28.6,16.1,16.8,11.2,25.3,19.4,18.9,18.7,19.1,19.2,18.6,15.8,22.3,20,24.2,26,31.8,17.2,20,23.4,27.7,23.8,24.8,31,18.7,24.8,24.5,23.8,22,19.1,32,33.5,18.7,20.9,12.6,29.9,21.6,23,23.4,23.8,22.3,21.2,18.7,25.9,25.6,30.6,34.2,40.7,21.6,24.5,,,,,,22.2204,114.2127
2026-09-11T05:00,26.6,24.7,26.3,26.6,26.8,24.7,26.3,25.4,26.5,23.5,24.7,24.7,26.7,23.8,26.3,24.6,25.1,25.9,25.9,25.6,24.7,25.9,25.4,25,26,25.1,25.7,25.2,25.7,26.1,24.8,26.6,25.1,25.7,26.2,25.4,25.8,25.4,26.6,26.5,71,69,61,77,78,72,71,65,76,67,74,68,75,63,73,79,75,72,73,73,67,67,71,76,70,70,81,73,81,75,77,68,72,71,65,72,71,76,72,69,0,0,0,0,0,0,0,0,0,0,0,0,0,0,0,0,0,0,0,0,0,0,0,0,0,0,0,0,0,0,0,0,0,0,0,0,0,0,0,0,6.5,10.8,7.6,1.8,2.2,10.1,6.9,8.6,5.8,10.8,8.6,7.3,4.8,10.1,7.6,8.3,9.2,6.5,7.3,10.9,7.2,9.2,10.4,7.6,6.9,10.9,8,9.2,3.3,8,10.9,7.2,8.1,7.9,4.3,5.4,10.5,10,6.5,7.6,,,,,,,,,,,,,,,,,,,,,,,,,,,,,,,,,,,,,,,,,25.6,26.2,25.3,24.4,24.9,26.5,25.5,25.3,25.6,25,26,26.7,26.4,25,26.3,25,26.5,25.6,26.6,26.5,25.7,25.5,25.6,26.3,23.3,26.3,26.1,25.4,26.7,25.7,25.8,61,65,60,53,56,69,62,62,61,57,60,74,74,59,63,64,64,70,67,68,62,61,65,70,59,66,72,50,74,67,69,0,0,0,0,0,0.1,0,0,0,0,0,0,0.1,0,0,0.1,0,0,0,0,0,0,0,0,0,0,0.1,0,0,0,0,19.8,21,19.6,20.9,24.9,16.6,22,21.3,19.6,18,15.3,23.5,26.4,17.2,18.4,11.2,24,17.8,20,19,19.9,19.4,19.6,14.8,22.9,20.9,21.9,25.2,31.2,16.7,18.3,24.5,24.1,23.8,24.1,30.6,19.8,28.1,26.6,24.1,21.6,17.6,26.6,30.6,18.4,22.3,11.5,28.4,19.8,24.8,24.8,25.6,22.7,22.3,17.3,27,27.7,27.4,32.4,39.6,19.4,21.6,,,,,,22.2204,114.2127
2026-09-11T06:00,26.6,24.6,26.1,26.6,26.8,24.6,26.2,25.1,26.5,23.2,24.5,24.5,26.7,23.6,26.3,24.4,25.1,25.9,25.9,25.5,24.5,25.7,25.2,24.8,25.8,25,25.7,25.1,25.6,26,24.9,26.6,24.9,25.6,26,25.4,25.6,25.2,26.5,26.4,71,70,61,78,78,72,71,65,75,67,74,69,75,63,73,79,75,71,73,73,66,67,70,76,70,70,80,72,82,75,77,68,71,70,65,70,71,76,72,69,0,0,0,0,0,0,0,0,0,0,0,0,0,0,0,0,0,0,0,0,0,0,0,0,0,0,0,0,0,0,0,0,0,0,0,0,0,0,0,0,6.8,11.2,7.6,1.8,2.5,10.4,7.6,9.4,6.1,10.8,9,7.6,5.1,10.5,8.3,9,9.2,7.6,8.4,11.6,7.6,9.8,11.2,8.2,7.6,11.3,8.9,10.2,3.6,8.7,10.9,7.6,9.1,7.9,5,6.1,10.9,11,7.2,8,,,,,,,,,,,,,,,,,,,,,,,,,,,,,,,,,,,,,,,,,25.5,26,25.2,24.3,24.8,26.4,25.5,25.3,25.5,25,25.9,26.7,26.3,25,26.1,25,26.4,25.5,26.4,26.5,25.7,25.4,25.4,26.2,23.3,26.2,25.9,25.2,26.7,25.6,25.7,60,65,58,52,55,68,62,62,61,58,56,72,73,57,61,62,63,69,67,67,60,61,65,68,59,65,70,51,73,66,68,0,0,0,0,0,0,0,0,0,0,0,0,0,0,0,0,0,0,0,0,0,0,0,0,0,0,0,0,0,0,0,20.5,20.1,20.2,21.4,24.4,18,23.8,22.7,19.9,19.1,17,17.8,23.2,18.4,20.9,12.3,23.3,17.2,21.3,19.9,21.3,20,20.6,16.3,23.9,22.3,20.6,24.1,30.1,18.8,18.5,26.3,22.7,24.8,25.6,30.2,22,31.7,28.8,24.8,23.4,19.4,23,27.4,19.8,26.6,12.6,28.1,19.1,27.7,26.6,29.5,23.8,24.8,19.4,29.2,30.6,24.5,31,37.1,23.4,21.2,,,,,,22.2204,114.2127
2026-09-11T07:00,26.6,24.5,25.9,26.6,26.8,24.5,26.1,24.9,26.5,23,24.4,24.4,26.8,23.5,26.4,24.3,25,25.8,25.8,25.4,24.4,25.5,25,24.7,25.7,25,25.6,25,25.5,26,25.1,26.6,24.8,25.6,25.9,25.5,25.4,25.1,26.5,26.4,70,71,61,78,79,72,71,65,75,67,73,69,74,64,72,79,74,71,72,73,66,67,70,75,70,70,80,71,82,74,76,68,71,70,64,69,71,75,71,68,0,0,0,0,0,0,0,0,0,0,0,0,0,0,0,0,0,0,0,0,0,0,0,0,0,0,0,0,0,0,0,0,0,0,0,0,0,0,0,0,6.8,11.2,7.9,2.2,2.9,10.4,8,10.1,6.5,10.8,9.4,7.6,5.4,10.5,9,9.4,9.4,8.6,8.8,11.9,7.9,10.5,11.5,8.8,7.9,11.3,9.2,11.2,3.6,9,10.9,7.9,9.8,7.9,5.4,6.5,11.2,11.7,7.6,8.4,,,,,,,,,,,,,,,,,,,,,,,,,,,,,,,,,,,,,,,,,25.4,25.8,25.1,24.2,24.9,26.5,25.5,25.3,25.5,24.9,25.8,26.8,26.2,25.1,26,25.1,26.4,25.5,26.3,26.4,25.7,25.3,25.3,26.2,23.3,26.3,25.7,25.1,26.9,25.7,25.5,59,65,56,52,55,66,61,63,62,59,52,69,72,55,60,59,61,68,66,67,58,61,65,66,59,64,68,52,73,65,66,0,0,0,0,0,0,0,0,0,0,0,0,0,0,0,0,0,0,0,0,0,0,0,0,0,0,0,0,0,0,0,21.7,20,21.3,23.1,24.4,19.1,25.2,23.8,20.6,21,19.2,14,20.3,19.5,23.9,14.1,22.7,17.3,23.1,21.1,23.6,21,21.8,18.7,25,23.8,19.6,23.1,28.3,21.7,19.6,28.8,22,27,28.4,30.2,24.5,36,31.3,25.9,26.6,23,20.2,23.8,22.3,33.1,14.8,28.4,19.1,31.7,28.8,34.6,25.2,27.7,24.1,31.3,34.2,22.3,29.9,33.8,30.2,22.7,,,,,,22.2204,114.2127
2026-09-11T08:00,26.7,24.4,25.8,26.6,26.8,24.5,26.1,24.8,26.5,22.9,24.4,24.4,26.8,23.5,26.4,24.3,25,25.8,25.8,25.4,24.4,25.5,24.9,24.7,25.6,25,25.7,24.9,25.5,26,25.2,26.6,24.8,25.6,25.9,25.6,25.4,25,26.5,26.4,70,71,61,78,79,72,70,65,75,67,73,69,74,64,72,79,74,70,72,73,66,67,70,75,70,70,80,71,82,74,76,68,70,70,64,68,71,75,71,68,0,0,0,0,0,0,0,0,0,0,0,0,0,0,0,0,0,0,0,0,0,0,0,0,0,0,0,0,0,0,0,0,0,0,0,0,0,0,0,0,7.2,11.2,7.9,2.2,2.9,10.4,8.4,10.4,6.5,10.8,9.4,7.6,5.4,10.5,9.4,9.4,9.4,9,9.1,11.9,7.9,10.9,11.9,9.2,8.3,11.3,9.5,11.9,3.6,9.4,10.5,7.9,10.1,7.9,5.4,6.8,11.2,12.1,7.9,8.7,,,,,,,,,,,,,,,,,,,,,,,,,,,,,,,,,,,,,,,,,25.6,25.9,25.3,24.4,25.1,26.7,25.8,25.6,25.7,25.1,25.9,27,26.3,25.4,26,25.3,26.5,25.7,26.4,26.6,26,25.5,25.5,26.4,23.5,26.5,25.7,25.1,27.1,25.8,25.6,58,64,54,51,55,65,61,63,62,59,50,67,71,53,59,57,60,66,66,66,56,60,64,64,58,63,66,53,72,64,65,0,0,0,0,0,0,0,0,0,0,0,0,0,0,0,0,0,0,0,0,0,0,0,0,0,0,0,0,0,0,0,22.5,20,22,23.8,24.4,20.2,27,24.7,21.3,22.5,20.8,14.2,18.9,20.6,26.3,15.1,22.3,18,24.4,22.2,25.4,21.7,22.6,20.5,25.7,24.9,19.2,22.7,25.6,23.4,20.3,30.6,22,28.4,29.9,30.2,26.6,38.9,32.8,26.6,29.2,25.6,19.1,21.6,24.8,37.1,16.9,28.4,19.8,34.6,30.2,38.2,26.3,29.9,27.7,32.8,36.4,21.2,29.9,30.2,34.9,24.5,,,,,,22.2204,114.2127
2026-09-11T09:00,26.8,24.5,25.9,26.6,26.9,24.6,26.2,24.8,26.5,23,24.5,24.4,26.9,23.6,26.5,24.3,25,25.9,25.9,25.4,24.5,25.5,24.8,24.8,25.7,25.1,25.8,24.8,25.5,26,25.4,26.6,24.9,25.6,26,25.7,25.4,25.1,26.5,26.5,69,71,61,78,79,72,69,65,75,67,73,69,74,65,72,79,74,70,72,73,66,67,70,74,70,70,80,71,82,74,76,68,70,70,64,67,71,75,71,68,0,0,0,0,0,0,0,0,0,0,0,0,0,0,0,0,0,0,0,0,0,0,0,0,0,0,0,0.3,0,0,0,0,0,0,0,0,0,0,0,0,7.2,11.2,7.9,2.2,3,10.4,8.4,10.8,6.1,10.4,9,7.6,5.4,10.1,9.4,9,9.2,9.4,9.1,11.6,7.9,11.2,12.3,9.2,8.3,11.3,9.5,12.2,3.2,9.4,10.2,7.9,10.1,7.6,5.4,6.8,11.2,12.1,7.9,8.7,,,,,,,,,,,,,,,,,,,,,,,,,,,,,,,,,,,,,,,,,26.1,26.2,25.8,24.9,25.5,27.3,26.4,26,26.2,25.6,26.3,27.4,26.7,25.9,26.4,25.6,27,26.1,26.9,27.1,26.6,26,26.1,26.8,24,27,25.9,25.6,27.5,26.2,26,57,62,53,50,54,64,60,63,61,58,50,66,68,52,58,55,59,64,65,65,54,59,62,62,57,62,65,53,70,62,63,0,0,0,0,0,0,0,0,0,0,0,0,0,0,0,0,0,0,0,0,0,0,0,0,0,0,0,0,0,0,0,23.2,20.1,22,23.1,24.9,20.8,28.9,25.1,21.4,22.8,20.5,14.8,18.9,21.2,26.8,15.3,21.3,19.1,25.6,23.2,26.5,21.8,23,21.8,25.3,26.1,19,23.4,20.8,23.1,20.6,31.7,22.3,28.8,29.2,30.6,27.7,40.3,33.1,27,30.2,26.3,20.5,22,27,37.1,18,27,21.2,35.6,31,38.5,27,30.2,29.9,32.4,36.7,22,31.3,26.6,34.2,27,,,,,,22.2204,114.2127
2026-09-11T10:00,27,24.6,26,26.6,26.9,24.8,26.3,24.9,26.6,23.1,24.7,24.5,27,23.8,26.7,24.4,25.1,26.1,26,25.5,24.7,25.7,24.9,25,25.8,25.3,25.9,24.8,25.6,26.1,25.6,26.8,25.1,25.8,26.1,25.9,25.5,25.2,26.6,26.6,69,71,61,78,79,72,69,65,75,68,72,69,74,65,71,79,75,69,72,73,66,66,70,74,70,70,80,71,82,74,76,68,70,70,64,66,71,74,71,68,0,0,0,0,0,0,0,0,0,0,0,0,0,0,0,0,0,0,0,0,0,0,0,0,0,0,0,0.3,0,0,0,0,0,0,0,0,0,0,0,0,7.2,10.8,7.9,1.8,3,10.1,8.4,10.8,5.8,10.1,8.6,7.2,5.1,9.7,9.4,8.3,8.9,9,8.8,11.2,7.6,11.2,12.2,9.1,7.9,10.9,9.2,12.6,2.9,9.4,9.2,7.6,9.7,7.2,5.1,7.2,10.8,12.1,7.9,8.7,,,,,,,,,,,,,,,,,,,,,,,,,,,,,,,,,,,,,,,,,26.9,26.7,26.5,25.7,26.1,28.1,27.3,26.7,26.9,26.3,27,27.8,27.3,26.5,27,25.9,27.7,26.7,27.6,27.8,27.4,26.8,27,27.5,24.7,27.6,26.3,26.3,28.1,26.8,26.7,55,59,53,49,53,62,60,63,59,58,52,65,65,52,58,54,59,62,64,63,52,57,59,61,55,60,65,53,68,60,62,0,0,0,0,0,0,0,0,0,0,0,0,0,0,0,0,0,0,0,0,0,0,0,0,0,0,0,0,0,0,0,24,20.6,21.8,22,25.4,21.8,31.2,25.3,21.3,22.7,19.2,16.2,19.3,21.8,26.3,16.3,19.8,20.4,27.5,24.1,26.8,21.7,23,22.8,24.1,27.3,19.4,24.8,16.2,22.3,20.9,32,23,28.4,27.4,31.3,28.4,40.7,32.8,27.4,31,26.3,23.4,23.8,29.5,35.3,18.7,25.2,23.4,36,31,37.1,27.4,29.2,31.7,31,35.6,24.1,33.8,22.7,31.3,29.9,,,,,,22.2204,114.2127
2026-09-11T11:00,27.2,24.7,26.2,26.6,26.9,25,26.6,25,26.8,23.4,25,24.7,27.2,24.1,26.9,24.5,25.1,26.3,26.2,25.7,24.9,25.9,24.9,25.2,26,25.5,26.2,24.8,25.7,26.2,25.9,26.9,25.4,26,26.3,26.1,25.7,25.4,26.7,26.8,68,71,61,78,79,71,68,65,75,68,72,70,74,66,71,80,75,69,72,74,66,65,70,73,70,70,79,72,82,74,76,67,70,71,65,66,71,74,71,67,0,0,0,0,0,0,0,0,0,0,0,0,0,0,0,0,0,0,0,0,0,0,0,0,0,0,0,0.3,0,0,0,0,0,0,0,0,0,0,0,0,7.2,10.8,7.6,1.8,2.9,10.1,8.4,11.2,5.2,9.7,8.3,7.2,4.7,9,9.4,7.2,8.4,8.7,8.2,10.5,7.6,11.2,12.2,8.8,7.6,10.5,8.5,13,2.5,9,8.1,7.6,9,6.5,5.1,6.8,10.1,11.7,7.6,8.4,,,,,,,,,,,,,,,,,,,,,,,,,,,,,,,,,,,,,,,,,27.7,27.3,27.1,26.4,26.7,28.7,28.1,27.2,27.5,27,27.6,28.1,27.8,27,27.5,26.2,28.4,27.3,28.2,28.4,28,27.4,27.7,28,25.3,28.3,26.7,27,28.6,27.3,27.3,54,57,53,49,53,61,59,63,58,57,54,64,63,52,58,54,59,60,63,62,51,56,57,60,54,59,65,54,67,59,61,0,0,0,0,0,0,0,0,0,0,0,0,0,0,0,0,0,0,0,0,0,0,0,0,0,0,0,0,0,0,0,24.8,20.9,21.5,21.1,25.7,22.3,32.6,25.1,21.2,22.7,18.8,18.1,19.6,23,25.9,17.5,19.4,21.3,29,24.7,27.9,22.1,22.7,23.7,24.1,28,20.4,26.6,14.7,21.4,21.6,32,23.8,28.1,26.3,31.3,28.8,40.3,32,27.4,31.3,26.3,25.2,25.2,31.3,33.8,19.1,24.1,24.8,35.6,30.6,36.4,27.7,28.4,32.4,30.2,34.6,26.3,36,20.5,28.4,31.7,,,,,,22.2204,114.2127
2026-09-11T12:00,27.5,24.9,26.4,26.6,27,25.3,26.9,25.1,26.9,23.8,25.4,24.9,27.3,24.5,27.2,24.7,25.1,26.5,26.4,25.9,25.2,26.2,25,25.5,26.3,25.8,26.4,24.7,25.8,26.3,26.1,27.1,25.7,26.2,26.5,26.4,26,25.6,26.9,27,67,70,60,78,79,71,67,65,75,69,71,70,74,68,71,80,76,69,73,74,66,64,70,72,70,70,79,73,82,74,77,67,70,72,65,65,71,74,71,67,0,0,0,0,0,0,0,0,0,0,0,0,0,0,0,0,0,0,0,0,0,0,0,0,0,0,0,0.3,0,0,0,0,0,0,0,0,0,0,0,0,7.2,10.5,7.2,1.4,3.1,9.7,8.4,11.2,4.6,9,7.6,6.8,4,8.3,9,6.2,7.7,8.3,7.2,9.8,7.2,11.2,12.2,8.4,6.8,9.7,7.5,13,1.8,8.3,7.2,6.9,8,5.8,4.5,6.8,9.4,11.4,7.2,8,,,,,,,,,,,,,,,,,,,,,,,,,,,,,,,,,,,,,,,,,28.2,27.8,27.5,27,27.3,29.1,28.7,27.5,28,27.5,28,28.2,27.9,27.3,28,26.4,29,27.8,28.4,28.8,28.4,27.9,28.4,28.3,25.9,28.8,26.8,27.6,29,27.5,27.5,54,57,55,49,53,61,59,63,58,57,55,64,64,54,59,55,59,60,64,63,51,56,56,60,53,59,65,55,66,59,61,0,0,0,0,0,0,0,0,0,0,0,0,0,0,0,0,0,0,0.2,0,0,0,0,0,0,0,0,0,0,0,0,25.5,20.8,21.5,21.8,25.6,22.6,32,23.8,21.1,23.4,19.9,17.8,19.4,24.3,26.3,17.8,19.5,20.9,27.8,24.4,30.2,23,22.2,24.3,26,27.1,22.1,28.6,15.5,21.1,21.8,31.7,24.1,27.7,26.3,31,28.4,38.9,30.2,26.6,31.7,26.6,23.8,25.2,32.4,33.5,18.7,24.1,24.8,33.8,30.2,37.4,28.1,27.7,31.7,31,32.8,29.5,37.8,21.2,27,31,,,,,,22.2204,114.2127
2026-09-11T13:00,27.8,25.2,26.7,26.7,27,25.7,27.2,25.3,27.1,24.2,25.8,25.2,27.5,24.9,27.4,24.9,25.2,26.8,26.6,26.1,25.6,26.6,25.2,25.8,26.6,26.1,26.7,24.8,25.9,26.5,26.4,27.3,26.1,26.4,26.8,26.7,26.3,25.9,27.1,27.3,66,70,60,78,79,71,66,65,76,69,71,70,74,69,70,81,77,68,73,75,66,64,71,72,70,70,79,74,82,74,77,67,70,72,66,64,72,73,71,67,0,0,0,0,0,0,0,0,0,0,0,0,0,0,0,0,0,0,0,0,0,0,0,0,0,0,0,0.3,0,0,0,0,0,0,0,0,0,0,0,0,7.2,10.1,6.9,1.1,3.3,9.4,8,11.2,3.9,8.3,6.9,6.5,3.8,7.6,8.6,4.8,7.1,7.6,6.6,8.8,6.8,10.8,11.9,7.6,6.1,9.4,6.8,13,1.3,7.9,5.8,6.5,6.9,4.7,4.1,6.8,8.6,11.1,6.9,7.3,,,,,,,,,,,,,,,,,,,,,,,,,,,,,,,,,,,,,,,,,28.7,28.3,27.8,27.7,27.8,29.4,29.2,27.8,28.6,28.1,28.4,28.3,27.8,27.5,28.4,26.5,29.5,28.3,28.5,29.2,28.7,28.4,28.9,28.5,26.5,29.3,26.9,28.1,29.5,27.7,27.6,55,57,58,50,54,61,59,62,59,58,56,64,65,56,60,57,59,60,66,64,51,58,57,60,53,59,66,57,66,59,62,0,0,0,0,0,0,0,0,0,0,0,0,0,0,0,0,0,0,0.2,0,0,0,0,0,0,0,0,0,0,0,0,26.4,21,22.2,23.1,25.4,22.9,30.6,21.6,20.9,23.9,21.3,16.7,19.5,25.6,27.2,16.8,20.2,20.6,25.5,24,32.5,24.3,21.9,24.5,29,25.8,23.5,31.4,18.4,21.1,21.7,31.3,24.5,27.4,27,29.9,27.7,37.1,28.1,25.6,32,27,21.2,24.5,33.1,33.8,18,25.2,24.1,31.3,29.2,39.2,28.4,26.6,29.9,31.7,30.6,33.1,39.6,23.8,25.6,28.8,,,,,,22.2204,114.2127
2026-09-11T14:00,28,25.4,27,26.7,27.1,26,27.6,25.6,27.3,24.6,26.2,25.4,27.6,25.4,27.7,25.2,25.2,27.1,26.9,26.3,25.9,26.9,25.3,26.1,26.9,26.5,27,24.8,26.1,26.6,26.7,27.5,26.5,26.7,27,27,26.6,26.2,27.2,27.5,65,69,60,78,79,70,65,65,76,70,70,70,74,70,70,81,78,68,74,75,66,63,71,71,70,70,79,75,82,74,78,66,71,73,66,64,72,73,71,67,0,0,0,0,0,0,0,0,0,0,0,0,0,0,0,0,0,0,0,0,0,0,0,0,0,0,0,0.3,0,0,0,0,0,0,0,0,0,0,0,0,7.3,9.8,6.6,0.8,3.4,9.1,7.6,10.8,3.6,7.6,5.9,6.1,3.1,6.6,8.3,3.7,6.6,7.2,5.8,7.8,6.1,10.4,11.9,7.3,5.4,8.6,6,13,1.1,7.2,5,6.2,5.9,4.1,3.8,6.5,7.9,10.5,6.2,7,,,,,,,,,,,,,,,,,,,,,,,,,,,,,,,,,,,,,,,,,29.1,28.6,28.1,28.1,28.3,29.5,29.6,28,29,28.6,28.6,28.4,27.7,27.7,28.6,26.7,29.9,28.7,28.6,29.5,28.8,28.7,29.3,28.7,27,29.6,27,28.3,29.7,27.9,27.8,56,58,60,51,55,61,59,62,60,59,57,64,67,58,61,58,60,61,67,65,52,59,57,60,53,59,66,59,66,59,62,0,0,0,0,0,0,0,0,0,0,0,0,0,0,0,0,0,0,0.2,0,0,0,0,0,0,0,0,0,0,0,0,26.7,21.1,23.3,24.1,25.5,22,28.8,20.3,21.2,24,22.5,16,20.5,26.4,28.3,16.1,21.4,20.6,24,24.4,33.7,25.3,22.7,23.9,30.6,24.5,24.1,33.7,20.3,20.7,21.4,31,24.5,27.4,27,29.2,26.6,35.3,25.9,25.2,31.7,27,19.4,24.1,33.1,33.8,17.6,26.6,23.8,29.9,29.2,40.3,28.8,26.6,28.1,32.4,29.2,34.6,41.4,25.2,24.8,27,,,,,,22.2204,114.2127
2026-09-11T15:00,28.3,25.7,27.2,26.7,27.2,26.4,27.9,25.8,27.4,25,26.6,25.7,27.8,25.9,28,25.4,25.3,27.4,27.1,26.5,26.3,27.3,25.5,26.5,27.2,26.8,27.3,24.8,26.2,26.7,27,27.7,26.8,26.9,27.3,27.3,26.9,26.5,27.4,27.8,64,69,60,78,79,70,64,66,76,71,70,70,74,71,70,82,79,68,74,75,66,62,71,70,70,70,79,76,81,74,79,66,71,74,67,63,72,73,71,67,0,0,0,0,0,0,0,0,0,0,0,0,0,0,0,0,0,0,0,0,0,0,0,0,0,0,0,0.3,0,0,0,0,0,0,0,0,0,0,0,0,6.9,9.8,6.2,0.8,3.9,8.7,7.2,10.8,3.5,6.9,5.2,5.8,2.6,5.9,7.6,2.6,6.6,6.5,5.1,6.7,5.8,10.4,11.6,6.6,4.7,7.9,5,13,1.5,6.5,4.1,5.5,5,3.2,3.1,6.1,7.2,10.1,5.9,6.4,,,,,,,,,,,,,,,,,,,,,,,,,,,,,,,,,,,,,,,,,29.2,28.6,28.3,28.2,28.5,29.3,29.7,28.1,29.2,29.1,28.7,28.5,27.7,27.8,28.8,27,30,28.7,28.8,29.6,28.8,28.8,29.5,28.8,27.4,29.8,27.3,27.9,29.5,28.1,28,57,59,61,53,56,62,60,62,60,60,58,64,68,59,61,58,61,62,68,65,53,60,57,61,54,59,65,60,67,59,62,0,0,0,0,0,0,0,0,0,0,0,0,0,0,0,0,0,0,0,0,0,0,0,0,0,0,0,0,0,0,0,26.3,20.3,24.2,23.7,24.8,20.2,27.6,19.2,21.4,22.3,21.7,15.9,20.9,25.8,28.8,14.9,23,20.7,24,25,32.4,25.5,24.1,22.3,29.8,23.7,21.9,35.3,19.3,20.2,21.6,30.6,23.4,27.7,25.9,28.4,24.8,34.2,23.8,25.6,29.9,26.3,19.1,23.8,32,33.8,17.3,29.2,23.8,30.2,29.9,39.2,29.2,27.7,26.3,31.3,28.4,31.3,43.6,24.1,24.5,26.3,,,,,,22.2204,114.2127
2026-09-11T16:00,28.6,25.9,27.5,26.8,27.2,26.7,28.2,26,27.6,25.4,27,26,27.9,26.3,28.2,25.6,25.3,27.7,27.4,26.7,26.6,27.6,25.6,26.8,27.5,27.1,27.6,24.8,26.3,26.9,27.2,27.9,27.2,27.2,27.5,27.5,27.2,26.8,27.6,28.1,63,68,60,78,79,70,63,66,76,72,69,70,74,73,70,82,80,68,75,76,67,61,72,70,70,70,78,77,81,74,79,66,72,75,68,63,72,73,71,67,0,0,0,0,0,0,0,0,0,0,0,0,0,0,0,0,0,0,0,0,0,0,0,0,0,0,0,0.3,0,0,0,0,0,0,0,0,0,0,0,0,6.9,9.4,6.3,1.1,4.2,8.4,6.9,10.8,4,6.2,4.6,5.8,2.5,5.2,7.2,2.9,6.5,5.8,4.6,6,5.4,10.1,11.3,6.2,4,7.6,4.3,12.7,1.8,6.1,3.4,5.2,4,2.5,2.7,6.1,6.5,9.6,5.2,6,,,,,,,,,,,,,,,,,,,,,,,,,,,,,,,,,,,,,,,,,29.2,28.5,28.5,28,28.5,29,29.6,28.1,29.3,29.5,28.7,28.7,27.7,28,28.8,27.3,30,28.6,29,29.7,28.8,28.7,29.5,28.9,27.6,29.8,27.6,27.2,29.1,28.4,28.3,59,60,62,56,57,64,62,62,60,61,59,64,68,59,62,56,62,63,68,65,55,61,58,62,55,60,63,62,68,59,62,0,0,0,0,0,0,0,0,0,0,0,0,0,0,0,0,0,0,0,0,0,0,0,0,0,0,0,0,0,0,0,25.3,18.9,25.4,22.5,23.8,18,26.7,17.9,21.7,20.2,19.9,16.1,21.3,23.7,28.7,13.9,24.7,20.7,25,25.7,30,25.5,25.8,19.6,27.6,23.3,18.6,36.3,17.4,19.7,21.3,29.9,22.3,28.8,24.5,27.7,22.7,33.8,21.6,27,27.4,25.2,19.8,23.8,30.2,33.8,16.9,32.4,24.1,31.7,31.3,37.4,29.5,29.5,24.8,29.9,28.1,25.6,45.4,22.3,24.8,25.6,,,,,,22.2204,114.2127
2026-09-11T17:00,28.8,26.1,27.8,26.8,27.3,27,28.5,26.2,27.7,25.8,27.3,26.2,28,26.7,28.4,25.8,25.4,27.9,27.6,26.9,26.9,27.9,25.8,27.1,27.7,27.4,27.8,24.9,26.5,27,27.4,28.1,27.5,27.4,27.7,27.7,27.4,27,27.7,28.3,62,68,60,78,78,70,63,66,77,72,69,71,74,74,70,83,81,68,75,76,67,60,72,69,70,70,78,78,81,75,80,65,72,76,68,63,72,73,71,68,0,0,0,0,0,0,0,0,0,0,0,0,0,0,0,0,0,0,0,0,0,0,0,0,0,0,0,0.3,0,0,0,0,0,0,0,0,0,0,0,0,6.9,9.5,5.9,1.1,4.8,8.4,6.9,10.5,4.3,5.9,3.9,5.4,2.1,4.5,6.8,3.4,6.5,5.1,4,5.2,5.1,9.7,11.3,5.9,3.6,6.8,3.6,12.3,2.5,5.4,3.3,4.8,3.3,2.4,2.6,5.8,5.8,9,4.9,5.4,,,,,,,,,,,,,,,,,,,,,,,,,,,,,,,,,,,,,,,,,29.1,28.3,28.6,27.9,28.5,28.7,29.5,28.1,29.2,29.8,28.7,28.8,27.6,28,28.7,27.5,30,28.6,29.2,29.6,28.6,28.6,29.4,28.9,27.7,29.8,27.8,26.6,28.7,28.6,28.5,60,61,62,59,58,65,63,63,60,62,60,64,69,60,62,56,63,64,69,65,56,62,59,63,56,61,63,63,70,59,62,0,0,0,0,0,0,0,0,0,0,0,0,0,0,0,0,0,0,0,0,0,0,0,0,0,0,0,0,0,0,0,25.4,18.5,26.6,22.4,23.5,17.2,26.5,16.9,23.1,19.7,18.9,16.2,22,22.4,28.3,13.4,26,20.9,25.7,26.4,28.2,25.2,27,17.8,27.4,23.5,17.2,36.3,16.8,19.6,20.7,31,22,30.6,24.1,28.1,20.9,34.2,20.5,28.8,26.6,24.5,20.9,24.5,28.8,33.5,17.6,34.6,25.6,33.5,32.8,36.4,30.6,31.7,23.8,29.9,28.8,22,45.7,22,25.2,24.5,,,,,,22.2204,114.2127
2026-09-11T18:00,28.9,26.3,28,26.8,27.3,27.2,28.8,26.4,27.8,26.2,27.6,26.3,28.1,27,28.5,26,25.4,28.1,27.7,27.1,27.2,28.1,25.9,27.3,27.9,27.6,28,24.9,26.6,27.1,27.6,28.2,27.8,27.6,27.9,27.9,27.6,27.3,27.8,28.5,62,67,60,78,78,69,62,66,77,73,69,71,74,75,70,83,82,68,76,77,67,60,73,69,70,71,78,79,81,75,80,65,72,77,69,62,73,73,71,68,0,0,0,0,0,0,0,0,0,0,0,0,0,0,0,0,0,0,0,0,0,0,0,0,0,0,0,0.3,0,0,0,0,0,0,0,0,0,0,0,0,6.9,9.1,5.6,1.5,5.1,8.1,6.5,10.5,4.8,5.2,3.5,5.1,2.3,3.8,6.5,4.2,6.6,4.4,4.1,4.8,4.7,9.7,11,5.4,2.9,6.5,3.7,12.3,3.1,5.1,3.2,4.5,3.1,2.5,2.3,5.8,5.1,8.5,4.7,5.2,,,,,,,,,,,,,,,,,,,,,,,,,,,,,,,,,,,,,,,,,28.9,28.2,28.5,27.8,28.5,28.5,29.2,28,28.9,29.8,28.6,28.9,27.5,28,28.4,27.7,29.9,28.6,29.3,29.2,28.3,28.6,29.2,28.9,27.5,29.6,27.9,26.3,28.5,28.5,28.4,61,61,63,60,59,67,64,64,61,62,62,64,71,62,63,57,64,64,69,65,57,63,60,65,57,63,65,65,72,60,63,0,0,0,0,0,0,0,0,0,0,0,0,0.1,0,0,0,0,0,0,0,0,0,0,0,0,0,0,0,0.1,0,0,27.4,19.4,28.2,24,24.4,16.2,28,17.4,26.5,21.4,19.5,17.2,23.2,21.9,27.6,14.8,26.1,22.4,26.1,27.2,28.4,25.7,27.2,17.3,30.8,24.8,19.5,34.8,18.1,20.6,19.2,34.9,23.8,34.2,26.3,30.6,19.4,37.1,21.2,32.4,29.5,24.8,23,26.6,28.4,33.1,20.5,35.3,29.2,36,34.2,37.1,32.4,33.8,23.8,33.8,32.4,23.4,43.9,24.1,25.6,22.7,,,,,,22.2204,114.2127
2026-09-11T19:00,29,26.4,28.1,26.8,27.4,27.4,28.9,26.5,27.8,26.4,27.8,26.5,28.2,27.3,28.6,26.1,25.5,28.2,27.9,27.2,27.4,28.2,25.9,27.4,28,27.7,28.1,25,26.6,27.1,27.7,28.3,28,27.7,28,28,27.8,27.4,27.9,28.6,62,67,61,78,78,69,61,67,77,74,69,71,74,76,70,84,83,68,76,77,67,60,73,68,70,71,78,80,81,75,80,65,73,77,70,62,73,73,71,68,0,0,0,0,0,0,0,0,0,0,0,0,0,0,0,0,0,0,0,0,0,0,0,0,0,0,0,0.3,0,0,0,0,0,0,0,0,0,0,0,0,6.9,9.5,5.7,1.6,5.4,8.1,6.2,10.5,5.2,4.8,3.4,5.1,2.2,3.4,6.2,4.9,6.6,4,4,4.2,4.3,9.4,11,5.4,2.5,6.2,3.8,11.9,3.3,4.7,3.3,4.5,2.9,2.9,2,5.4,4.7,8.4,4.3,4.8,,,,,,,,,,,,,,,,,,,,,,,,,,,,,,,,,,,,,,,,,28.6,28.1,28.3,27.7,28.5,28.2,28.9,27.9,28.3,29.7,28.4,28.8,27.4,27.9,28.1,27.7,29.8,28.7,29.3,28.7,27.9,28.6,28.9,28.8,27.1,29.2,27.8,26,28.3,28.2,28.2,63,61,63,61,61,68,65,66,62,63,64,65,73,64,63,59,64,63,70,65,59,64,62,67,59,65,67,66,74,61,64,0,0,0,0,0,0,0,0,0,0,0,0,0.1,0,0,0,0,0,0,0,0,0,0,0,0,0,0,0,0.1,0,0,30.1,21.4,31,26.4,26.2,15.4,30.9,18.9,30.4,24.6,20.3,18.3,24.6,21.9,27.3,17.9,26.2,25.1,27.3,28.5,29,26.7,27.3,17.6,35.6,26.5,23.9,32.5,19.9,21.9,17.1,40.3,26.3,38.5,29.9,33.8,18.4,41,22.7,36.7,33.8,25.9,25.6,29.2,28.8,32.4,24.5,34.9,33.8,38.5,35.3,38.2,34.9,36.4,24.5,39.2,36.7,27,40.3,27.7,26.3,20.5,,,,,,22.2204,114.2127
2026-09-11T20:00,29,26.4,28.1,26.8,27.4,27.4,29,26.6,27.8,26.6,27.9,26.5,28.2,27.4,28.7,26.2,25.5,28.2,27.9,27.3,27.5,28.2,25.9,27.5,28.1,27.8,28.1,25,26.7,27.2,27.8,28.3,28.1,27.8,28,28.1,27.9,27.5,27.9,28.7,62,67,61,78,78,69,61,67,77,74,69,71,74,76,70,84,83,68,76,77,67,60,74,68,70,71,78,81,81,75,80,65,73,78,70,62,73,74,71,68,0,0,0,0,0,0,0,0,0,0,0,0,0,0,0,0,0,0,0,0,0,0,0,0,0,0,0,0.3,0,0,0,0,0,0,0,0,0,0,0,0,6.9,9.5,5.7,1.6,5.4,8.1,6.2,10.5,5.6,4.8,3.4,5.1,2.2,3.4,6.2,5.1,6.7,4,4,4.2,4.3,9.4,10.7,5.4,2.5,6.2,3.8,11.5,3.3,4.7,3.3,4.5,2.7,3.6,2,5.4,4.3,8.3,4.3,4.5,,,,,,,,,,,,,,,,,,,,,,,,,,,,,,,,,,,,,,,,,28.3,28,28,27.6,28.4,28.1,28.6,27.8,27.8,29.4,28.3,28.8,27.3,27.8,27.8,27.7,29.6,28.7,29.2,28.3,27.5,28.4,28.7,28.6,26.7,28.9,27.7,25.9,28.1,28,28,64,61,64,62,62,69,66,67,63,63,65,65,74,66,64,60,64,63,70,65,60,65,63,68,60,66,69,67,76,62,65,0,0,0,0,0,0,0,0,0,0,0,0,0.1,0,0,0,0,0,0,0,0,0,0,0,0,0,0,0,0.1,0,0,31.6,22.8,32.3,28,28,14.2,32.4,19.9,33.2,27.4,20.7,19.4,25.9,21.9,27.1,20,26.6,27.7,27.6,28.6,29.4,27.5,26.9,17.8,37.5,27.4,26.9,29.8,22.4,22.5,15.4,42.8,27.7,41,32.4,36.7,18.4,43.2,23.8,40,38.2,25.9,28.1,31.3,28.4,32.4,26.6,35.6,37.4,40.3,34.9,38.5,36.4,37.4,25.6,42.5,39.2,29.9,37.1,31.3,26.3,18.7,,,,,,22.2204,114.2127
2026-09-11T21:00,28.8,26.4,28.1,26.8,27.5,27.4,29,26.6,27.8,26.6,27.9,26.4,28.1,27.4,28.6,26.3,25.6,28.2,27.9,27.3,27.5,28.1,25.9,27.4,28,27.7,28.1,25.1,26.7,27.2,27.8,28.3,28.1,27.8,27.9,28,27.9,27.6,27.9,28.7,62,67,61,78,78,69,61,67,77,74,69,71,74,76,70,84,83,68,76,77,67,61,75,68,70,71,78,82,81,75,80,65,73,79,70,62,73,75,71,68,0.3,0,0,0,0,0,0,0,0,0,0,0.1,0,0,0.1,0,0,0,0,0,0,0.1,0.6,0,0,0,0.2,1.2,0,0,0,0,0,0,0,0,0,0.4,0,0,7.3,9.8,5.7,1.6,5.4,8.1,6.2,10.5,5.5,4.8,3.7,5.1,2.2,3.4,6.2,5.1,6.7,4,4,4.5,4.3,9.5,10.7,5.8,2.5,6.2,3.9,11.2,3.3,4.7,3.3,4.5,2.7,4.3,2,5.4,4.3,8.2,4.3,4.5,,,,,,,,,,,,,,,,,,,,,,,,,,,,,,,,,,,,,,,,,28,27.7,27.6,27.3,28.1,28.2,28.3,27.5,27.3,28.9,28.1,28.7,27.3,27.6,27.5,27.5,29.3,28.3,28.9,27.9,27.2,28.1,28.4,28.5,26.6,28.6,27.5,26,27.9,27.7,27.9,65,60,64,63,63,69,66,67,64,64,65,66,75,66,64,60,64,63,71,66,61,65,63,67,61,66,69,67,77,63,66,0,0,0,0,0,0,0,0,0,0,0,0,0.1,0,0,0,0,0,0,0,0,0,0,0,0,0,0,0,0.4,0,0,30.2,22.5,32,27.9,29.6,13.6,30.9,19.6,33.3,30.6,19.8,20.5,27.2,21.4,26.9,19.6,27.8,29.5,27.4,26.4,28.2,27.9,26.3,19,34.5,27,28,26.9,27,22.1,14.1,40.3,27.4,40.7,33.1,38.2,19.8,41.4,23.4,40.3,41.8,24.1,30.2,32.4,27,33.1,24.8,38.2,39.2,40,32,36.7,36.7,36.4,27.7,40.3,37.4,31,33.8,35.3,25.9,18,,,,,,22.2204,114.2127
2026-09-11T22:00,28.6,26.3,27.9,26.8,27.5,27.3,29,26.5,27.6,26.6,27.8,26.3,28.1,27.3,28.5,26.3,25.6,28,27.8,27.3,27.5,27.9,25.8,27.3,27.9,27.6,27.9,25.2,26.7,27.1,27.7,28.2,28,27.7,27.7,27.9,27.8,27.5,27.8,28.6,63,67,62,79,78,69,61,68,77,75,70,71,73,76,71,84,83,68,76,77,67,61,76,68,69,71,78,83,81,75,79,65,73,79,71,62,73,76,71,68,0.3,0,0,0,0,0,0,0,0,0,0,0.1,0,0,0.1,0,0,0,0,0,0,0.1,0.6,0,0,0,0.2,1.2,0,0,0,0,0,0,0,0,0,0.4,0,0,7.2,10.2,6.2,1.5,5.4,8.5,6.2,10.4,5.4,5.2,4,5.5,1.9,4.1,6.2,4.6,6.6,4.4,3.7,4.7,4.7,9.1,10.2,6.5,2.9,6.5,4,11.1,2.8,5.1,2.9,4.8,2.8,5.1,2.3,5.4,4,8.7,4.7,4.2,,,,,,,,,,,,,,,,,,,,,,,,,,,,,,,,,,,,,,,,,27.7,27.3,27.2,27,27.6,28.4,28.1,27.1,26.8,28.2,27.8,28.6,27.3,27.4,27.3,27.2,29,27.8,28.6,27.5,27,27.7,28.2,28.4,26.4,28.4,27.4,26.2,27.6,27.5,27.8,65,59,64,64,63,68,66,67,65,64,65,67,75,66,65,60,64,63,72,66,61,65,62,66,61,66,69,66,78,63,67,0,0,0,0,0,0,0,0,0,0,0,0,0.1,0,0,0,0,0,0,0,0,0,0,0,0,0,0,0,0.4,0,0,27.2,21.6,30,27.2,30.7,14.9,28,18.8,32.2,34.2,18.2,21.6,28.5,21,26.8,18.1,29.3,30.4,26.8,22.9,26.2,28.5,25.5,21.1,29,26,28,23.9,32.5,21.1,13,34.9,25.9,38.5,32.8,39.2,22.3,37.4,22.3,39.2,44.6,21.2,32,33.1,25.6,33.8,20.9,41.4,39.6,38.2,27.7,33.8,36.4,33.8,30.2,36,33.5,31.3,30.6,38.9,25.2,17.6,,,,,,22.2204,114.2127
2026-09-11T23:00,28.2,26.1,27.7,26.7,27.6,27.1,28.8,26.4,27.4,26.5,27.6,26.1,27.9,27.1,28.3,26.2,25.7,27.8,27.7,27.2,27.4,27.5,25.6,27.1,27.6,27.3,27.7,25.3,26.6,27,27.6,28,27.8,27.6,27.5,27.7,27.7,27.5,27.7,28.5,64,67,63,79,78,69,61,69,76,75,70,71,73,76,71,84,83,68,76,76,67,63,77,68,69,72,78,84,81,75,78,65,73,79,71,63,74,77,71,69,0.3,0,0,0,0,0,0,0,0,0,0,0.1,0,0,0.1,0,0,0,0,0,0,0.1,0.6,0,0,0,0.2,1.2,0,0,0,0,0,0,0,0,0,0.4,0,0,7.6,10.9,6.5,1.1,5.2,9.2,6.2,10.4,5.4,5.4,4.7,5.9,2.1,4.4,6.5,3.9,6.5,4.8,3.2,5.4,4.7,9.2,9.8,7.6,3.6,6.9,4.6,11.4,2.5,5.4,2.7,5.5,3.1,6.1,2.6,5.4,4.5,8.9,5,4.2,,,,,,,,,,,,,,,,,,,,,,,,,,,,,,,,,,,,,,,,,27.4,27,26.8,26.6,27.3,28.5,27.8,26.7,26.5,27.7,27.6,28.5,27.3,27.2,27.1,26.9,28.8,27.4,28.3,27.2,26.7,27.3,27.9,28.2,26.3,28.1,27.2,26.3,27.5,27.3,27.7,65,58,64,64,63,67,66,67,64,65,65,67,75,66,65,60,64,63,73,67,62,65,62,65,61,66,69,65,78,63,67,0,0,0,0,0,0,0,0,0,0,0,0,0.1,0,0,0,0,0,0,0,0,0,0,0,0,0,0,0,0.4,0,0,24.6,20.7,28.3,26.1,30.9,16.9,25.1,17.9,31.3,35.6,16.6,22.3,28.4,20.3,26.7,16.9,29.9,30.6,26.4,20.2,24.9,28.1,24.7,22.9,25.6,24.4,27,21.6,35.8,19.8,12.1,30.6,24.1,36.4,31.7,38.9,24.5,33.8,20.9,38.5,45.7,19.1,33.1,32.4,23.8,34.9,18,42.8,39.2,36.7,24.5,31.7,35.3,32,31.3,32.8,29.5,30.6,27.7,41,24.5,17.6,,,,,,22.2204,114.2127
2026-09-12T00:00,27.8,25.9,27.5,26.7,27.6,26.9,28.7,26.3,27.2,26.4,27.4,25.8,27.8,26.9,28.1,26.1,25.7,27.5,27.6,27.1,27.2,27.2,25.5,26.9,27.3,27,27.4,25.4,26.6,26.9,27.4,27.9,27.6,27.5,27.2,27.5,27.5,27.4,27.6,28.4,66,67,64,79,77,68,61,70,76,75,71,71,72,75,72,85,83,68,75,76,67,64,78,68,69,72,78,85,82,75,77,65,73,80,71,63,74,79,71,69,0.3,0,0,0,0,0,0,0,0,0,0,0.1,0,0,0.1,0,0,0,0,0,0,0.1,0.6,0,0,0,0.2,1.2,0,0,0,0,0,0,0,0,0,0.4,0,0,8.3,11.7,6.8,1.1,4.9,9.5,6.3,10.4,5.1,5.8,5.4,6.2,2.3,5.1,6.8,3.2,6.1,5.2,3.3,5.9,5,9.3,9.8,8.6,4.3,7.3,5.4,11.9,1.8,6.1,3.1,5.9,3.5,7.2,3.4,5.4,4.7,9.4,5.6,4,,,,,,,,,,,,,,,,,,,,,,,,,,,,,,,,,,,,,,,,,27.2,26.8,26.6,26.3,27.1,28.4,27.7,26.5,26.5,27.4,27.4,28.3,27.3,26.9,27,26.6,28.6,27,28.1,27,26.4,26.9,27.7,28.1,26.2,28,27,26.2,27.4,27.1,27.6,65,57,64,64,63,67,66,66,60,65,64,67,75,67,66,60,65,63,73,67,63,65,62,65,61,66,69,65,78,63,66,0,0,0,0,0,0,0,0,0,0,0,0,0,0.2,0,0,0,0,0,0,0,0,0,0,0,0,0,0,0,0,0,22.9,19.2,26.6,23.8,28.9,17.7,23.4,16.6,30.2,33.2,15.4,22.1,26.6,19.9,26.6,16.3,28.7,30,25.5,18.8,24.5,26.4,23.8,22.5,24.5,21.8,24,20,35.6,18.1,12.1,28.1,22.3,33.8,29.5,36.7,25.2,31.3,19.1,38.5,42.5,18.4,32.4,29.9,22.3,35.6,16.9,41,37.8,35.6,23.4,31,32.4,32,29.9,32.4,26.3,27.4,25.6,40.3,23,17.3,,,,,,22.2204,114.2127
2026-09-12T01:00,27.4,25.7,27.2,26.6,27.7,26.6,28.5,26.1,27,26.2,27.1,25.5,27.6,26.7,27.8,26.1,25.8,27.2,27.4,27,27.1,26.7,25.3,26.6,27,26.7,27.1,25.5,26.5,26.8,27.2,27.7,27.3,27.3,26.8,27.2,27.3,27.3,27.4,28.2,67,67,65,80,77,68,61,70,75,75,71,72,71,74,73,85,82,68,75,75,67,65,79,68,68,72,78,86,82,74,76,65,73,80,71,64,74,80,71,69,0.3,0,0,0,0,0,0,0,0,0,0,0.1,0,0,0.1,0,0,0,0,0,0,0.1,0.6,0,0,0,0.2,1.2,0,0,0,0,0,0,0,0,0,0.4,0,0,8.6,12.4,7.6,0.8,4.6,9.9,6.3,10.8,5,6.5,6.3,6.6,2.7,5.8,7.2,2.5,6.2,5.5,3.4,6.9,5.4,9,9.4,9.7,5.1,8,6.2,12.7,1.1,6.5,4,6.5,4.5,8.3,3.7,5.4,5.3,9.8,5.9,4,,,,,,,,,,,,,,,,,,,,,,,,,,,,,,,,,,,,,,,,,27,26.6,26.4,26.1,26.9,28.2,27.6,26.3,26.6,27.2,27.2,28.1,27.2,26.6,26.8,26.3,28.4,26.7,27.9,27,26.2,26.5,27.4,27.9,26,27.8,26.7,26.1,27.3,27,27.5,65,56,65,64,64,68,66,66,53,65,63,66,75,68,66,60,65,64,72,67,64,64,63,66,62,66,68,66,79,62,64,0,0,0,0,0,0,0,0,0,0,0,0,0,0.2,0,0,0,0,0,0,0,0,0,0,0,0,0,0,0,0,0,21.6,17.2,24.9,21.7,25.3,18.1,21.7,14.8,29.2,28.8,14.8,20.9,23.8,19.1,26.3,15.7,26.4,28.7,24.3,18.5,24.1,23.7,23.1,21.2,24.6,18.8,19.9,19.4,33.3,15.9,13.1,26.6,20.2,31,26.6,33.1,25.6,29.5,16.9,38.2,37.4,18.7,31,26.6,21.2,36.4,16.6,37.8,35.6,34.6,23.4,31,28.8,32.8,27,33.5,23,23,24.1,38.2,20.9,17.3,,,,,,22.2204,114.2127
2026-09-12T02:00,26.9,25.5,26.9,26.6,27.7,26.3,28.2,25.9,26.7,26,26.8,25.2,27.4,26.4,27.6,26,25.8,26.8,27.2,26.8,26.9,26.2,25.1,26.3,26.7,26.3,26.7,25.7,26.4,26.7,27,27.4,27,27.1,26.5,27,27.1,27.1,27.3,28,69,68,66,80,77,68,61,71,75,76,72,72,71,74,74,85,82,68,75,75,67,67,80,69,68,73,78,87,82,74,75,65,73,81,72,64,75,82,71,70,0.3,0,0,0,0,0,0,0,0,0,0,0.1,0,0,0.1,0,0,0,0,0,0,0.1,0.6,0,0,0,0.2,1.2,0,0,0,0,0,0,0,0,0,0.4,0,0,9,13.1,8,1,4.3,10.6,6.4,10.8,5.5,7.2,7.3,7,3.4,6.8,7.6,1.9,6.4,5.9,3.9,8,6.2,9.1,9,10.8,5.8,8.7,7.1,14.1,0.8,7.2,5.2,7.2,5.4,9.4,4.3,5.8,5.5,10.7,6.6,4.3,,,,,,,,,,,,,,,,,,,,,,,,,,,,,,,,,,,,,,,,,26.9,26.4,26.2,25.8,26.8,28,27.5,26.2,26.7,27,27.1,27.9,27.1,26.3,26.7,26.1,28.3,26.4,27.7,26.9,25.9,26.2,27.2,27.7,25.8,27.7,26.5,25.9,27.3,26.9,27.4,65,55,65,64,64,68,66,65,49,65,63,66,74,68,67,60,66,64,71,67,65,64,63,66,62,66,68,67,79,62,63,0,0,0,0,0,0,0,0,0,0,0,0,0,0.2,0,0,0,0,0,0,0,0,0,0,0,0,0,0,0,0,0,20.9,16.2,23.7,20.3,22.7,18.3,21.3,13.9,28.4,25.6,15.6,19.7,20.9,17.9,26.3,15.7,25.2,27.4,24.3,18.8,24.1,21.4,22.7,20.3,24.7,16.9,17.1,18.9,29.8,15,14.4,26.3,19.1,29.2,24.8,30.2,25.9,29.2,15.8,38.2,33.8,19.8,29.9,23.4,20.2,37.4,16.9,35.6,33.5,34.9,24.1,31,25.9,33.5,25.6,34.6,20.9,19.8,23.4,34.9,20.2,17.6,,,,,,22.2204,114.2127
2026-09-12T03:00,26.4,25.2,26.6,26.5,27.8,26,28,25.8,26.5,25.8,26.5,24.9,27.3,26.1,27.3,25.9,25.9,26.5,27,26.7,26.7,25.8,24.9,25.9,26.4,26,26.4,25.8,26.4,26.6,26.7,27.2,26.7,27,26.1,26.7,26.9,27,27.1,27.8,70,68,67,81,77,68,61,72,75,76,73,72,70,73,75,85,81,69,74,74,66,69,81,69,67,73,78,87,82,74,74,65,73,81,72,65,75,84,71,70,0.3,0,0,0,0,0,0,0,0,0,0,0.1,0,0,0.1,0,0,0,0,0,0,0.1,0.6,0,0,0,0.2,1.2,0,0,0,0,0,0,0,0,0,0.4,0,0,9.4,13.8,8.3,1.1,4.2,11.3,6.7,10.8,5.9,7.9,8.4,7.3,3.7,7.6,7.9,2.3,6.8,6.6,4.7,9,6.5,9.2,9,11.9,6.5,9,8.4,15.8,1.1,7.9,6.5,7.6,6.8,10.5,5,5.9,6.2,11.3,6.9,4.3,,,,,,,,,,,,,,,,,,,,,,,,,,,,,,,,,,,,,,,,,26.9,26.2,25.9,25.7,26.6,27.8,27.4,26,26.6,27,26.9,27.8,27,26.2,26.5,25.9,28.1,26.1,27.5,26.7,25.7,26,27,27.5,25.5,27.5,26.2,25.7,27.1,26.8,27.2,65,55,65,64,64,68,66,64,47,65,63,66,73,67,68,60,66,64,71,67,66,64,63,66,63,66,68,68,79,62,63,0,0,0,0,0,0,0,0,0,0,0,0,0,0,0,0,0,0,0,0,0,0,0,0,0,0,0,0,0,0,0,20.9,16.7,23.9,20,21.5,18.5,22,14.1,28.5,24.7,17.4,18.4,18.2,15.2,26.3,16.2,25.9,25.9,25.6,19.8,23.8,19.8,22.7,20.6,24.7,16.9,16.3,18.9,24.8,15.6,15.1,27.4,19.4,29.5,24.5,28.8,25.9,31.3,16.2,37.8,33.8,22.3,29.9,20.5,19.1,38.9,18.7,36.7,32.4,37.8,25.9,30.6,24.1,33.1,26.6,35.3,20.9,18.7,23,29.9,20.9,18.7,,,,,,22.2204,114.2127
2026-09-12T04:00,26,25,26.3,26.5,27.8,25.7,27.7,25.6,26.2,25.6,26.2,24.6,27.1,25.8,27,25.8,25.9,26.2,26.8,26.6,26.5,25.3,24.7,25.6,26,25.7,26.1,25.9,26.3,26.5,26.5,27,26.4,26.8,25.8,26.4,26.7,26.9,27,27.6,72,68,68,81,77,68,61,73,74,76,74,72,70,72,76,84,81,69,74,74,66,71,82,70,67,74,78,88,82,74,73,66,73,81,72,65,75,85,71,71,0.3,0,0,0,0,0,0,0,0,0,0,0.1,0,0,0.1,0,0,0,0,0,0,0.1,0.6,0,0,0,0.2,1.2,0,0,0,0,0,0,0,0,0,0.4,0,0,10.1,14.5,9,1.5,4.1,11.6,6.8,10.8,6.4,8.3,9.1,7.7,4.3,8.6,7.9,3.1,6.8,7,5.4,10.1,6.9,9.2,8.7,13,7.2,9.7,9.4,17.4,1.8,8.6,7.9,8.3,7.6,11.7,5.7,5.9,6.9,11.8,7.6,4.2,,,,,,,,,,,,,,,,,,,,,,,,,,,,,,,,,,,,,,,,,26.8,26.1,25.7,25.6,26.4,27.6,27.2,25.9,26.4,27,26.7,27.8,26.9,26.1,26.4,25.7,27.9,25.9,27.3,26.5,25.6,25.9,26.8,27.3,25.3,27.2,26,25.6,26.9,26.6,26.9,65,55,66,65,64,68,67,64,47,65,64,66,71,65,69,60,67,64,72,68,67,63,64,67,63,66,67,69,79,62,63,0,0,0,0,0,0,0,0,0,0,0,0,0,0,0,0,0,0,0,0,0,0,0,0,0,0,0,0,0,0,0,21.3,17.7,24.5,19.9,21,18.9,23.1,15.1,28.8,24.6,19.5,17.6,15.5,14.1,26.2,17.5,27.4,24.5,27.3,21.3,23.2,18.8,22.8,21.3,25.1,17.6,16.4,19.8,19.8,16.9,15.5,29.2,21.2,31,24.8,28.4,25.9,34.6,17.6,37.8,36,25.9,30.2,18,18,40.3,21.2,38.9,31.3,42.1,28.4,30.6,23,32.8,28.4,36,22,18.7,23.4,23.8,22.3,20.2,,,,,,22.2204,114.2127
2026-09-12T05:00,25.5,24.8,26.1,26.5,27.8,25.4,27.5,25.5,26,25.4,25.9,24.4,26.9,25.5,26.7,25.7,26,25.9,26.6,26.4,26.3,24.9,24.6,25.4,25.8,25.4,25.8,26,26.2,26.4,26.3,26.8,26.2,26.6,25.5,26.1,26.5,26.7,26.8,27.5,73,68,68,82,77,69,62,73,74,76,74,72,69,72,76,84,80,69,74,73,66,72,83,70,66,74,79,89,83,74,72,66,73,82,72,66,76,87,71,71,0.3,0,0,0,0,0,0,0,0,0,0,0.1,0,0,0.1,0,0,0,0,0,0,0.1,0.6,0,0,0,0.2,1.2,0,0,0,0,0,0,0,0,0,0.4,0,0,10.5,15.2,9.3,1.8,3.8,11.9,7,10.9,7.3,9,10.2,8,5.1,9.4,8.3,4,7.2,7.3,6.1,10.8,7.3,9.2,8.7,14.1,7.9,10.1,10,18.9,2.5,9,9,9,8.6,12.8,6,5.9,7.4,12.4,8,4.2,,,,,,,,,,,,,,,,,,,,,,,,,,,,,,,,,,,,,,,,,26.8,25.9,25.6,25.5,26.3,27.5,27.1,25.8,26.2,26.9,26.5,27.7,26.8,26,26.2,25.6,27.8,25.8,27.2,26.4,25.5,25.9,26.7,27.2,25.1,27.1,25.8,25.5,26.9,26.6,26.7,65,55,66,65,64,68,67,63,49,65,65,66,70,64,70,60,67,64,72,68,67,63,64,67,64,66,67,69,78,62,63,0,0,0,0,0,0,0,0,0,0,0,0,0,0,0,0,0,0,0,0,0,0,0,0,0,0,0,0,0,0,0,22,19.1,25.2,20.1,20.9,19.2,24.9,16.6,28.8,25.2,21.2,18.1,14.4,15.5,27.1,18.8,28.4,23.1,28.9,22.7,23.7,18.8,23.5,22.1,25.5,18.4,16.9,20.3,17.2,18.4,16.4,30.6,23,32.4,25.6,28.1,26.3,38.2,19.8,37.1,37.8,28.8,30.6,16.9,19.1,42.1,23.8,40.7,30.6,45.7,30.6,31.3,23.4,33.1,30.6,37.1,23,19.4,24.1,20.2,24.8,22,,,,,,22.2204,114.2127
2026-09-12T06:00,25.2,24.7,25.9,26.5,27.9,25.2,27.3,25.4,25.8,25.3,25.7,24.1,26.8,25.2,26.5,25.7,26,25.7,26.5,26.3,26.1,24.5,24.5,25.1,25.6,25.2,25.5,26.1,26.2,26.3,26.1,26.6,25.9,26.5,25.3,25.9,26.4,26.6,26.7,27.3,75,69,69,82,77,69,62,74,74,76,75,72,69,71,77,84,80,69,74,73,67,74,84,71,66,74,79,90,83,74,72,66,73,82,72,66,76,88,71,72,0.3,0,0,0,0,0,0,0,0,0,0,0.1,0,0,0.1,0,0,0,0,0,0,0.1,0.6,0,0,0,0.2,1.2,0,0,0,0,0,0,0,0,0,0.4,0,0,10.7,15.9,9.7,1.8,4.1,12.3,7,10.9,7.9,9.4,10.6,8.4,5.4,10.1,8.6,5,7.7,7.7,6.8,11.5,7.3,9.6,8.4,14.4,8.3,10.5,11.2,20.4,2.9,9.4,10.1,9.4,9.4,13.6,6.4,6.4,8.1,12.9,8.3,4.2,,,,,,,,,,,,,,,,,,,,,,,,,,,,,,,,,,,,,,,,,26.8,25.7,25.5,25.3,26.3,27.5,27.1,25.7,25.7,26.9,26.5,27.7,26.7,25.8,25.9,25.4,27.6,25.6,27.2,26.3,25.5,25.7,26.6,27.1,25,27,25.5,25.5,27,26.5,26.4,65,56,66,66,64,67,67,62,53,66,65,66,69,64,72,61,68,64,72,68,67,64,64,67,64,66,68,68,76,62,63,0,0,0,0,0,0,0,0,0,0,0,0,0,0,0.2,0,0.4,0,0,0,0,0,0,0,0,0,0,0,0,0,0,22.4,20.5,25.6,20.8,21.3,19.8,27.4,18.4,28.8,25.8,22.3,18.7,14.9,18,28.2,20.5,28.1,22.5,29.7,23.8,25.6,19.9,24.5,22.2,26.2,18.4,18,20.6,17.1,20.6,17.6,31.3,25.9,33.5,26.3,28.4,27,41,23,36.4,39.2,30.2,31.3,18,23.8,44.3,26.3,40.7,29.2,48.2,32,34.6,25.9,35.3,32.4,38.9,23,20.5,25.9,20.5,29.2,24.1,,,,,,22.2204,114.2127
2026-09-12T07:00,25,24.6,25.8,26.5,27.9,25,27,25.4,25.6,25.2,25.5,24,26.7,25,26.3,25.7,26,25.6,26.4,26.2,26,24.3,24.4,25,25.4,25,25.3,26.2,26.2,26.2,26,26.4,25.8,26.3,25.2,25.8,26.3,26.5,26.6,27.2,76,69,69,82,77,69,63,74,75,76,76,73,69,72,78,83,80,69,74,74,67,76,84,72,66,75,79,90,83,75,72,67,74,83,72,67,76,89,71,72,0.3,0,0,0,0,0,0,0,0,0,0,0.1,0,0,0.1,0,0,0,0,0,0,0.1,0.6,0,0,0,0.2,1.2,0,0,0,0,0,0,0,0,0,0.4,0,0,11.2,16.3,10,2.2,3.8,12.6,7.1,10.9,8.7,9.7,11.4,8.8,5.8,10.8,8.6,5.8,8.1,8,7.2,11.9,7.6,9.4,8,14.8,8.6,10.8,11.6,21.6,3.3,9.4,11.2,9.7,9.7,14.1,6.6,6.4,8.7,13.6,8.4,4.3,,,,,,,,,,,,,,,,,,,,,,,,,,,,,,,,,,,,,,,,,26.7,25.6,25.5,25.2,26.4,27.4,27.1,25.6,25.1,26.8,26.5,27.7,26.7,25.7,25.6,25.2,27.4,25.6,27.2,26.4,25.6,25.5,26.6,27.1,25.1,27,25.3,25.5,27.3,26.5,26.2,66,56,66,66,64,66,68,60,58,67,65,66,67,64,75,62,69,64,72,68,66,65,63,67,64,67,69,67,72,62,64,0,0,0,0,0,0,0,0,0,0,0,0,0,0,0.2,0,0.4,0,0,0,0,0,0,0,0,0,0,0,0,0,0,23.1,22,26.3,21.6,22.3,20.2,29.9,20.5,28.5,26.9,23.1,19.8,16.9,20.9,29.7,22.7,27.1,22.1,30.5,24.9,27.8,22,25.9,22.5,26.5,17.7,19.1,20.6,17.8,23,19.6,32,29.2,34.9,27.4,29.2,28.4,43.9,26.6,34.9,40.3,31.3,32,20.5,29.9,46.8,28.8,39.6,27.7,50,33.5,38.9,29.2,38.2,34.2,41.4,23,22,28.1,23.4,34.6,26.3,,,,,,22.2204,114.2127
2026-09-12T08:00,24.8,24.5,25.7,26.5,27.9,24.9,26.9,25.4,25.5,25.2,25.4,23.9,26.7,24.9,26.2,25.7,26,25.5,26.4,26.1,26,24.1,24.4,24.9,25.4,25,25.2,26.3,26.2,26.2,25.9,26.3,25.7,26.3,25.1,25.7,26.2,26.5,26.6,27.1,77,69,69,82,77,70,64,74,75,76,77,73,69,72,79,83,80,69,74,74,67,77,85,73,66,75,80,91,83,75,72,68,74,83,72,67,77,90,72,73,0.3,0,0,0,0,0,0,0,0,0,0,0.1,0,0,0.1,0,0,0,0,0,0,0.1,0.6,0,0,0,0.2,1.2,0,0,0,0,0,0,0,0,0,0.4,0,0,11.4,16.6,10,2.2,3.8,12.6,7.1,10.9,9.2,10.1,11.5,8.7,5.8,11.2,8.7,6.2,8.1,8,7.6,12.3,7.6,9.6,8,14.8,8.6,10.8,11.9,22.2,3.6,9.4,11.5,10.1,10.1,14.4,7,6.4,9.2,13.8,8.4,4.3,,,,,,,,,,,,,,,,,,,,,,,,,,,,,,,,,,,,,,,,,26.8,25.7,25.7,25.4,26.6,27.6,27.2,25.7,24.6,26.6,26.6,27.7,26.8,25.8,25.5,25.3,27.4,25.7,27.2,26.5,25.8,25.6,26.7,27.3,25.2,27.2,25.3,25.5,27.6,26.7,26.2,66,57,66,66,64,65,68,59,62,68,65,66,66,64,77,63,70,64,72,68,66,65,63,67,64,67,70,66,70,62,64,0,0,0,0,0,0,0,0,0,0,0,0,0,0,0.2,0,0.4,0,0,0,0,0,0,0,0,0,0,0,0,0,0,23.4,23,26.7,21.9,22.3,20.9,32.4,22,27.8,27.5,23.8,21.5,18.6,23,31.2,24.1,27.3,22.3,31.8,25.7,28.6,23.4,27,22.5,26.9,17.7,20.8,20.6,19.1,24.9,20.4,32,31.3,36.4,28.1,29.2,29.2,46.1,29.2,33.5,41,32,33.1,23,33.8,49.7,30.6,39.2,27.4,51.8,34.9,41.4,31.7,40,34.6,42.1,23,24.1,29.5,26.3,38.5,27.4,,,,,,22.2204,114.2127
2026-09-12T09:00,24.8,24.6,25.8,26.6,27.9,24.9,26.7,25.5,25.5,25.3,25.3,23.9,26.8,24.8,26.2,25.7,26,25.6,26.4,26.1,26,24,24.5,24.9,25.4,25,25.2,26.3,26.2,26.2,25.8,26.3,25.7,26.2,25.2,25.7,26.2,26.5,26.7,27.1,78,69,69,82,77,71,65,74,76,76,78,73,69,73,80,82,80,69,74,75,67,78,85,74,66,75,81,91,83,76,73,69,74,83,72,67,78,91,73,74,0.2,0,0,0,0,0.2,0.8,0,1.7,0,0.1,0,0,0.6,0.5,0,0,0,0.1,0.8,0,4.7,0.3,3.6,0,0,4.1,1.1,0,0,0.7,0.6,0,0.2,0,0,0.5,0.4,0,0.5,11.8,16.6,10,2.2,3.8,12.6,7.1,10.9,9.6,10.1,11.7,8.7,5.8,11.6,8.7,6.6,8.1,8,7.6,12.3,7.6,10.1,8,14.5,8.3,10.8,11.9,22.5,3.6,9.1,11.5,10.2,10.1,14.4,6.9,6.4,9.8,14,8,4.5,,,,,,,,,,,,,,,,,,,,,,,,,,,,,,,,,,,,,,,,,27.3,26.3,26.1,25.9,27.2,27.9,27.4,26.3,24.4,26.4,27,27.5,27.3,26.2,25.9,25.8,27.8,26.3,27.2,26.7,26.1,26.2,27.1,27.6,25.3,27.8,25.5,25.5,27.9,27.1,26.6,65,57,66,65,64,65,67,57,64,69,65,67,65,64,76,62,70,63,74,69,66,64,63,67,64,66,70,64,69,61,63,0,0,0,0,0,0,0,0,0,0,0,0,0,0,0.1,0,0.7,0,0.2,0.4,0.1,0,0,0,0,0,0,0.1,0,0,0,24.1,23,27.9,21.4,20.9,21.6,34.2,21.6,25.9,27.2,25.1,23.8,19.9,22.3,32.4,24.2,28.2,22.3,34.8,26.8,26.5,23.4,27,22.5,26.2,18.4,23.3,21,20.9,25.7,20.5,31.7,31,38.5,27.7,27.4,29.5,47.2,28.8,31.3,40.7,32.8,34.9,24.8,32.8,53.3,31.3,39.2,28.4,53.6,37.1,40,31.7,39.2,33.1,40.3,23.8,27.7,29.9,28.8,40,26.6,,,,,,22.2204,114.2127
2026-09-12T10:00,24.9,24.7,26,26.7,27.8,24.9,26.6,25.7,25.4,25.5,25.4,23.9,26.9,24.7,26.1,25.9,26,25.7,26.5,26,26,24,24.7,24.9,25.6,25.2,25.2,26.3,26.2,26.3,25.8,26.2,25.8,26.2,25.4,25.8,26.3,26.5,26.7,27.1,79,69,68,81,78,72,66,73,77,76,79,74,70,74,81,81,81,69,75,76,68,80,85,76,67,76,82,92,83,77,74,71,75,84,72,67,78,91,74,75,0.2,0,0,0,0,0.2,0.8,0,1.7,0,0.1,0,0,0.6,0.5,0,0,0,0.1,0.8,0,4.7,0.3,3.6,0,0,4.1,1.1,0,0,0.7,0.6,0,0.2,0,0,0.5,0.4,0,0.5,11.9,16.6,10,1.8,3.6,12.4,7.2,10.9,10,10.1,11.9,8.6,5.5,11.7,8.5,6.6,7.9,7.6,7.6,12.1,7.2,10.8,7.6,13.6,7.9,10.5,12.1,22.3,3.6,8.8,11.5,10.4,9.5,14.4,6.9,6.4,10.4,14.2,7.8,4.4,,,,,,,,,,,,,,,,,,,,,,,,,,,,,,,,,,,,,,,,,27.9,27.2,26.7,26.8,27.9,28.4,27.6,27,24.4,26.1,27.4,27.2,27.9,26.9,26.6,26.6,28.3,27.1,27.2,26.9,26.6,27.2,27.6,28,25.5,28.5,25.8,25.6,28.2,27.8,27.2,64,57,65,63,63,65,66,56,65,70,65,69,63,63,73,61,69,61,76,70,67,62,62,66,63,65,69,62,68,60,63,0,0,0,0,0,0,0,0,0,0,0,0,0,0,0.1,0,0.7,0,0.2,0.4,0.1,0,0,0,0,0,0,0.1,0,0,0,24.5,22.3,29.7,20.9,18.6,22,35.8,20.5,23.5,26.3,26.4,27,21.4,20.7,34.2,23.4,29.5,23.1,38.7,28,25.3,22.7,26.3,22.1,25.3,19.9,26.5,20.9,23.5,26.6,20,30.6,29.2,41,27.4,24.8,29.5,47.5,27.4,28.4,40,33.1,36.7,26.6,29.5,57.2,31.7,39.6,30.2,55.1,39.2,36.7,30.2,37.4,30.2,36.7,24.8,32.4,29.5,31.3,40,24.8,,,,,,22.2204,114.2127
2026-09-12T11:00,25.1,24.8,26.2,26.9,27.8,25,26.4,26,25.4,25.7,25.5,24,27,24.7,26.2,26,25.9,26,26.6,26,26.1,24,24.9,25,25.9,25.5,25.3,26.3,26.3,26.4,25.8,26.2,25.9,26.2,25.6,25.9,26.3,26.5,26.8,27.1,79,69,67,81,78,73,68,73,78,75,80,74,71,76,81,80,81,69,76,77,69,82,85,77,67,76,83,92,83,78,75,72,76,85,72,67,79,91,75,76,0.2,0,0,0,0,0.2,0.8,0,1.7,0,0.1,0,0,0.6,0.5,0,0,0,0.1,0.8,0,4.7,0.3,3.6,0,0,4.1,1.1,0,0,0.7,0.6,0,0.2,0,0,0.5,0.4,0,0.5,12.9,16.6,10,1.9,3.6,12.3,7.2,10.6,10.7,10.1,12,8.3,5.2,12.3,8.3,6.6,7.4,7.3,7.9,11.6,7.2,12,7.6,13,7.6,9.7,12.2,21.9,3.3,8.2,11.6,10.6,9.3,13.6,6.9,6.6,11.1,14.5,6.8,4.6,,,,,,,,,,,,,,,,,,,,,,,,,,,,,,,,,,,,,,,,,28.4,28,27.2,27.5,28.6,28.9,27.8,27.7,24.7,26,27.9,27.2,28.4,27.5,27.1,27.2,28.7,27.7,27.3,27.2,27,28,28.2,28.4,25.8,29.1,26.2,25.8,28.6,28.4,27.9,64,57,65,62,63,65,65,55,65,71,65,70,63,63,72,60,69,60,78,71,68,61,62,66,63,65,68,60,68,60,62,0,0,0,0,0,0,0,0,0,0,0,0,0,0,0.1,0,0.7,0,0.2,0.4,0.1,0,0,0,0,0,0,0.1,0,0,0,24.5,21.4,29.9,20.9,17.8,22.8,36.6,19.9,21.7,25.5,26.8,29.4,21.9,20.4,35.9,22.5,30.8,24.1,42.2,28.7,26.7,22.4,26,21.9,24.6,19.8,28.3,21,25,27.4,19.7,29.9,27.7,42.1,27,23.4,29.9,48.2,25.9,26.6,38.9,33.1,38.5,27.4,27.4,60.5,31.7,40.3,32.4,56.2,41,35.3,29.2,36,27.7,34.2,25.2,34.9,28.8,32.4,40,23.4,,,,,,22.2204,114.2127
2026-09-12T12:00,25.3,25,26.5,27.1,27.7,25.1,26.3,26.3,25.4,26,25.6,24.1,27.2,24.7,26.2,26.2,25.9,26.3,26.8,25.9,26.2,24,25.1,25.1,26.2,25.8,25.4,26.3,26.4,26.5,25.8,26.2,26.1,26.3,25.9,26.1,26.4,26.5,27,27.1,80,69,66,80,79,75,69,72,80,75,81,75,72,78,82,79,82,69,77,79,69,83,85,79,68,77,84,92,83,79,77,74,76,85,71,67,80,92,76,77,0.2,0,0,0,0,0.2,0.8,0,1.7,0,0.1,0,0,0.6,0.5,0,0,0,0.1,0.8,0,4.7,0.3,3.6,0,0,4.1,1.1,0,0,0.7,0.6,0,0.2,0,0,0.5,0.4,0,0.5,13.5,16.6,9.5,1.6,3.4,12.3,7.4,10.6,11.2,9.7,12.5,8.3,4.7,12.6,8.2,6.6,7.5,6.9,7.9,11.4,6.8,13.7,7.6,12.4,6.9,9.4,12.5,21.1,3.3,7.4,11.4,11,8.7,13.2,6.8,6.6,11.8,14.7,6.3,4.6,,,,,,,,,,,,,,,,,,,,,,,,,,,,,,,,,,,,,,,,,28.6,28.6,27.5,28,29,29.3,28,28.2,25.6,26.4,28.3,27.5,28.5,28,27.3,27.5,28.9,27.7,27.7,27.5,27.1,28.6,28.7,28.6,26.3,29.5,26.5,26.3,29,28.8,28.5,65,59,66,62,63,65,64,56,65,70,65,69,64,63,73,61,69,61,78,71,68,61,63,66,63,65,67,60,67,60,62,0,0,0,0,0,0,0,0,0,0,0,0,0,0,0.1,0.1,0.3,0,0.2,0.1,0.4,0,0,0,0,0,0,0,0,0,0,23.7,20.7,27.7,22,19,23.2,37,20.1,20.7,24.2,25.6,29.9,20.6,21.9,38.5,21.9,31.3,26.5,43.5,28.3,28.4,22.8,26.2,20.9,24.2,18.4,27.4,20.6,24,28.7,19.8,29.5,27,41,27.4,24.1,30.2,50.4,25.2,25.9,36.7,32,40,26.3,27.7,63.4,31.7,42.1,34.6,56.2,42.5,37.1,29.5,35.6,26.3,33.1,24.5,33.8,28.1,30.6,40,23.4,,,,,,22.2204,114.2127
2026-09-12T13:00,25.5,25.3,26.8,27.3,27.6,25.2,26.2,26.7,25.4,26.2,25.7,24.2,27.4,24.7,26.3,26.4,25.8,26.6,27,25.9,26.4,24.2,25.4,25.2,26.6,26.1,25.6,26.3,26.4,26.6,25.9,26.2,26.3,26.3,26.3,26.3,26.5,26.5,27.1,27.2,81,69,64,79,79,77,71,71,82,74,82,76,73,80,83,78,83,69,78,81,70,85,85,81,68,77,85,92,83,80,79,76,77,86,71,67,81,92,78,78,0.2,0,0,0,0,0.2,0.8,0,1.7,0,0.1,0,0,0.6,0.5,0,0,0,0.1,0.8,0,4.7,0.3,3.6,0,0,4.1,1.1,0,0,0.7,0.6,0,0.2,0,0,0.5,0.4,0,0.5,14.5,16.2,9.1,1.5,3.5,12.6,7.1,10.2,12.1,9.4,13,8,4.7,13.5,8.2,6.3,6.9,6.5,8.1,11.3,6.5,15.4,7.6,12,5.9,8.6,13.2,20,3.1,6.6,10.9,11.4,8.6,12.5,6.5,6.6,12.6,14.6,5.7,4.8,,,,,,,,,,,,,,,,,,,,,,,,,,,,,,,,,,,,,,,,,28.8,29.1,27.7,28.4,29.4,29.7,28,28.5,26.7,26.9,28.8,28,28.3,28.4,27.4,27.7,29.1,27.5,28.2,27.7,27.1,29.2,29.2,28.8,26.9,29.8,26.9,27,29.4,29.1,29,67,61,67,62,64,65,64,57,64,68,65,68,65,62,76,63,70,63,78,72,69,63,64,67,63,66,66,60,67,61,62,0,0,0,0,0,0,0,0,0,0,0,0,0,0,0.1,0.1,0.3,0,0.2,0.1,0.4,0,0,0,0,0,0,0,0,0,0,23.3,21.2,25.2,23,21.7,23.7,36.6,21,21.4,22.9,24.1,30,19.1,24.4,41.3,21.6,31.7,29.1,43.9,27.4,31,24.3,27.2,19.2,24,17.3,25.1,21.3,22,30,20.5,29.2,26.6,38.9,27.7,25.6,31,52.6,25.2,25.9,34.6,29.9,41.4,24.5,29.5,65.5,31.3,44.3,37.1,55.8,43.2,40.7,29.9,35.3,24.8,32.4,23.4,31,27.4,27.4,40,23.8,,,,,,22.2204,114.2127
2026-09-12T14:00,25.8,25.5,27.2,27.5,27.6,25.4,26.1,27,25.5,26.5,25.9,24.4,27.5,24.7,26.3,26.6,25.8,27,27.2,25.8,26.5,24.3,25.7,25.4,26.9,26.5,25.7,26.3,26.5,26.7,25.9,26.3,26.5,26.4,26.6,26.5,26.6,26.6,27.3,27.2,81,68,63,79,80,78,73,70,84,73,83,76,74,82,84,77,84,69,79,83,71,86,85,83,69,78,87,93,83,82,81,78,78,87,71,67,82,92,80,79,0.2,0,0,0,0,0.2,0.8,0,1.7,0,0.1,0,0,0.6,0.5,0,0,0,0.1,0.8,0,4.7,0.3,3.6,0,0,4.1,1.1,0,0,0.7,0.6,0,0.2,0,0,0.5,0.4,0,0.5,15.7,15.9,8.7,1.6,3.8,12.7,7.3,10.3,12.8,9,13.7,7.8,4.6,14.2,8.3,6.3,6.6,6.1,8.7,11.5,6.1,17.4,7.6,12.4,5.2,7.9,13.9,18.8,2.8,6.4,10.6,11.7,8.7,11.7,6.2,6.9,13.2,14.9,5.4,5.2,,,,,,,,,,,,,,,,,,,,,,,,,,,,,,,,,,,,,,,,,28.9,29.3,27.9,28.7,29.6,30,28.1,28.9,27.4,27.2,29.1,28.2,28.2,28.6,27.4,27.9,29.1,27.3,28.5,28,27.1,29.6,29.5,28.9,27.4,30,27.3,27.3,29.7,29.4,29.3,68,63,68,63,64,65,64,59,64,68,66,68,67,62,78,65,71,65,78,72,69,64,65,68,63,67,66,62,67,62,63,0,0,0,0,0,0,0,0,0,0,0,0,0,0,0.1,0.1,0.3,0,0.2,0.1,0.4,0,0,0,0,0,0,0,0,0,0,24,21.4,24.2,24.1,23.2,24.1,36.3,21.3,22.7,22,22.7,30,18.1,26.5,42.9,21.9,32.5,30.6,43.9,26.8,33.7,25.1,28.3,18.2,23.9,16.6,23.8,23,20.9,31.3,21.2,29.9,25.9,37.4,28.4,27,31.7,54,24.8,26.6,33.5,28.4,42.5,23,31,65.9,30.6,47.2,38.2,55.1,43.6,43.2,30.2,35.6,24.5,32,21.6,28.8,27,25.2,40.3,24.1,,,,,,22.2204,114.2127
2026-09-12T15:00,26.2,25.8,27.5,27.7,27.5,25.6,25.9,27.4,25.5,26.8,26,24.6,27.7,24.7,26.4,26.8,25.7,27.3,27.4,25.8,26.7,24.4,26,25.5,27.3,26.9,25.9,26.3,26.6,26.8,26,26.3,26.8,26.4,27,26.8,26.7,26.6,27.4,27.3,82,68,62,78,80,80,75,69,86,73,84,77,75,84,85,76,85,69,80,85,71,88,84,85,70,78,88,93,83,83,83,80,78,87,70,67,83,92,81,80,0.2,0,0,0,0,0.2,0.8,0,1.7,0,0.1,0,0,0.6,0.5,0,0,0,0.1,0.8,0,4.7,0.3,3.6,0,0,4.1,1.1,0,0,0.7,0.6,0,0.2,0,0,0.5,0.4,0,0.5,16.7,15.6,8.7,1.8,4,13,7.3,10.3,13.8,8.6,14.7,7.5,4.7,14.5,8.4,6,6.7,5.4,9.2,11.7,5.4,19.2,7.8,13,4.3,7.2,15.2,17.7,2.8,5.9,10.6,12.3,8.8,10.9,6.2,6.9,13.8,14.8,5.2,5.3,,,,,,,,,,,,,,,,,,,,,,,,,,,,,,,,,,,,,,,,,28.8,29.3,28,28.8,29.8,30.1,28.3,29.2,27,26.7,29.1,27.5,28,28.8,27.2,28.2,28.8,27.3,28.4,28.1,27,29.7,29.7,29,28,29.9,27.5,26.8,29.8,29.5,29.1,68,65,70,64,65,65,64,60,66,73,67,72,69,62,80,66,73,65,79,72,70,65,66,69,64,68,66,65,67,62,64,0.1,0,0.4,0,0,0,0,0,0.3,3.2,0,1.5,0.5,0,1.2,0.1,1,0,0.5,0,1.6,0,0,0,0,0,0,0,0,0,0,25.4,19.8,25.2,23.8,23,25.2,36,20.8,21.1,21.9,21.2,31.1,17.6,27.6,42.6,21.4,34.5,29.1,43.9,27.2,34.1,24.4,28.5,18.1,23.4,13.4,23.7,25.3,21.6,31.7,20.7,32,24.1,36.7,29.2,27.7,32.8,53.3,24.1,27.7,34.6,27.4,43.6,22,32,63.4,28.8,50.4,36.4,54.4,43.2,43.6,29.5,36,24.8,31.7,18.4,28.1,28.4,25.9,41,24.1,,,,,,22.2204,114.2127
2026-09-12T16:00,26.5,26,27.8,27.9,27.4,25.7,25.8,27.7,25.5,27.1,26.2,24.7,27.9,24.8,26.5,27,25.7,27.7,27.6,25.8,26.8,24.6,26.2,25.7,27.6,27.3,26.1,26.3,26.7,26.9,26.1,26.3,27,26.5,27.4,27,26.9,26.7,27.6,27.3,82,68,60,77,81,82,77,68,87,72,86,78,76,86,85,74,86,69,81,86,72,89,84,87,71,78,89,93,83,84,86,82,79,88,70,67,84,91,82,81,0.2,0,0,0,0,0.2,0.8,0,1.7,0,0.1,0,0,0.6,0.5,0,0,0,0.1,0.8,0,4.7,0.3,3.6,0,0,4.1,1.1,0,0,0.7,0.6,0,0.2,0,0,0.5,0.4,0,0.5,18,15.3,8.3,2.2,4,13.5,7.3,10,15,8.3,16,7.8,5.2,15.3,8.9,5.7,6.6,5.1,9.9,12.4,5.2,21.2,8,14.1,3.9,6.5,16.3,16.6,2.9,5.8,10.6,12.7,9.2,10.2,5.9,6.9,14.5,14.8,5.4,6,,,,,,,,,,,,,,,,,,,,,,,,,,,,,,,,,,,,,,,,,28.7,29.1,28.1,28.8,30,30.1,28.4,29.4,26.1,25.8,29.1,26.5,27.7,28.9,26.9,28.5,28.4,27.4,28.2,28.2,26.9,29.5,29.6,29,28.5,29.7,27.7,26,29.7,29.6,28.6,68,67,72,66,65,65,64,62,69,81,68,79,72,62,83,66,77,65,79,73,70,66,67,69,66,70,67,69,68,62,66,0.1,0,0.4,0,0,0,0,0,0.3,3.2,0,1.5,0.5,0,1.2,0.1,1,0,0.5,0,1.6,0,0,0,0,0,0,0,0,0,0,27.3,17.6,26.7,23.4,22.6,26.4,35.9,19.7,19.6,22.7,19.9,32.8,17.1,27.9,41.4,20.1,37.8,26.3,43.2,27.8,33.8,23.2,28,18.6,22.9,8.8,23.9,27.6,22.6,32,20.1,34.9,22.3,36.4,29.9,28.1,34.2,51.5,23.4,29.5,37.1,26.6,44.6,20.9,32.8,58.7,26.3,54,33.5,54,42.1,42.8,28.1,36.7,26.3,31.7,14.8,27.7,30.6,27.7,42.1,24.1,,,,,,22.2204,114.2127
2026-09-12T17:00,26.8,26.2,28.1,28.1,27.3,25.9,25.7,28,25.6,27.3,26.3,24.9,28.1,24.8,26.6,27.1,25.6,28,27.8,25.8,27,24.8,26.5,25.9,27.9,27.6,26.3,26.3,26.8,27.1,26.1,26.4,27.2,26.5,27.7,27.2,27,26.7,27.7,27.4,83,68,59,76,81,83,79,67,89,72,87,78,77,88,86,73,86,69,82,88,73,91,84,89,71,79,91,93,83,86,88,84,80,88,70,67,85,91,84,83,0.2,0,0,0,0,0.2,0.8,0,1.7,0,0.1,0,0,0.6,0.5,0,0,0,0.1,0.8,0,4.7,0.3,3.6,0,0,4.1,1.1,0,0,0.7,0.6,0,0.2,0,0,0.5,0.4,0,0.5,19,15.4,7.9,2.5,4.3,13.8,7,10,15.7,8.3,17,7.6,5.6,15.8,9.2,5.7,6.5,4.7,10.9,12.7,4.9,22.6,7.9,15.6,3.6,6.1,17.7,15.5,3.4,5.8,10.5,13.2,9.9,9.4,5.7,6.8,15,14.8,5.5,6.2,,,,,,,,,,,,,,,,,,,,,,,,,,,,,,,,,,,,,,,,,28.6,28.9,28.2,28.7,30,30,28.4,29.5,25.5,25.2,29,25.7,27.5,28.8,26.8,28.7,28.1,27.4,27.9,28.2,26.7,29.4,29.5,29,28.7,29.5,27.9,25.5,29.6,29.6,28.1,68,68,74,67,66,66,64,63,71,86,69,84,74,62,84,67,79,65,80,73,72,67,68,70,67,71,68,72,69,63,68,0.1,0,0.4,0,0,0,0,0,0.3,3.2,0,1.5,0.5,0,1.2,0.1,1,0,0.5,0,1.6,0,0,0,0,0,0,0,0,0,0,28.8,16.5,28.7,23.1,22.4,27.4,36.1,19.8,20.2,24.1,19.4,34.1,18.1,27.9,40.4,18.8,41.1,24.5,42.7,28,32.7,23,29.1,19.6,23.5,6.3,24.4,28.3,23.1,32,19.9,37.8,20.9,37.8,30.6,28.8,35.3,50.4,24.5,30.6,40.3,26.6,46.1,22,32.8,55.8,24.5,56.9,32,53.3,41.4,41.8,28.1,38.5,27.7,32.4,14,28.1,31.3,29.2,42.8,23.8,,,,,,22.2204,114.2127
2026-09-12T18:00,27,26.3,28.3,28.2,27.3,26,25.6,28.2,25.7,27.5,26.4,25.1,28.2,24.9,26.7,27.2,25.6,28.2,27.9,25.8,27.1,25,26.7,26,28.2,27.9,26.4,26.3,26.8,27.2,26.1,26.4,27.3,26.6,28,27.3,27.1,26.7,27.9,27.4,83,69,58,76,82,85,80,66,90,72,87,79,79,90,87,72,87,69,83,90,74,92,84,91,72,79,92,92,83,87,89,85,81,89,69,67,86,91,85,83,0.2,0,0,0,0,0.2,0.8,0,1.7,0,0.1,0,0,0.6,0.5,0,0,0,0.1,0.8,0,4.7,0.3,3.6,0,0,4.1,1.1,0,0,0.7,0.6,0,0.2,0,0,0.5,0.4,0,0.5,19.9,15.1,7.9,2.9,4.7,14.5,7,10,16.6,7.9,17.8,7.6,5.9,16.3,9.6,5.4,6.8,4.4,11.8,13.7,4.7,23.7,8.2,16.9,3.1,5.4,19.1,14.4,3.8,5.9,10.7,14.1,10.7,8.7,5.8,7.2,15.6,14.8,5.8,6.5,,,,,,,,,,,,,,,,,,,,,,,,,,,,,,,,,,,,,,,,,28.5,28.7,28.1,28.4,29.7,29.5,28.1,29.3,25.7,24.9,28.9,25.3,27.5,28.4,27,28.7,27.9,27.2,27.8,28.1,26.2,29.2,29.1,28.9,28.5,29.5,27.9,25.4,29.3,29.4,27.9,68,69,75,68,67,67,65,64,70,86,69,87,75,62,84,69,80,65,80,73,76,68,69,71,68,71,70,72,72,64,70,0,0,1.5,0,0,0,0.1,0,0,1.5,0,2.4,1.5,0,0.8,0,1.3,0,0.5,0,3.8,0.1,0.1,0,0,0.3,0,0,0.1,0,0,29.1,16.8,31.6,23.9,23.2,27.7,37,22.5,20.9,28.1,20.1,35.3,22,27.2,40.1,17.8,44,25.7,41.8,27.3,31.3,24.4,32.8,20.6,25.7,8.9,25.2,25.8,21.4,32.3,19.3,40.7,20.5,41.8,31,31,36.4,51.5,29.9,31,44.6,28.8,48.6,26.6,31.7,55.8,23.4,59.4,34.2,52.6,41,40.7,30.2,41.8,29.2,33.8,18,29.2,29.2,29.2,43.2,23.8,,,,,,22.2204,114.2127
2026-09-12T19:00,27.2,26.4,28.4,28.3,27.2,26.1,25.5,28.3,25.7,27.6,26.5,25.2,28.3,24.9,26.7,27.3,25.5,28.4,28,25.7,27.2,25.1,26.9,26.1,28.3,28.1,26.6,26.3,26.9,27.3,26.2,26.4,27.4,26.6,28.2,27.4,27.2,26.8,28,27.5,83,69,57,75,82,86,82,66,91,72,88,79,80,91,87,72,87,69,84,91,74,92,84,92,73,79,92,92,83,87,91,87,81,89,69,67,86,91,86,84,0.2,0,0,0,0,0.2,0.8,0,1.7,0,0.1,0,0,0.6,0.5,0,0,0,0.1,0.8,0,4.7,0.3,3.6,0,0,4.1,1.1,0,0,0.7,0.6,0,0.2,0,0,0.5,0.4,0,0.5,20.7,15.3,7.6,3.3,5.1,14.7,6.7,9.9,17.6,7.6,18.7,7.5,6.5,16.9,10,5.4,6.9,4.1,12.3,14.1,4.8,24.6,8.4,18.4,2.9,5.4,20.2,13.7,4,6.2,10.8,14.4,11.3,8.3,5.6,7.2,16,14.8,6.1,6.7,,,,,,,,,,,,,,,,,,,,,,,,,,,,,,,,,,,,,,,,,28.4,28.4,27.9,28,29.4,28.9,27.8,29,26.1,24.8,28.8,25.1,27.6,28,27.3,28.6,27.7,27,27.8,28.1,25.7,29,28.6,28.8,28,29.6,27.9,25.5,28.9,29.1,27.8,68,70,75,68,68,68,66,64,68,85,68,88,76,63,82,70,81,65,81,74,80,69,70,71,68,70,72,71,75,66,72,0,0,1.5,0,0,0,0.1,0,0,1.5,0,2.4,1.5,0,0.8,0,1.3,0,0.5,0,3.8,0.1,0.1,0,0,0.3,0,0,0.1,0,0,29.1,17.1,34.5,24.9,24.7,27.2,38.6,26.7,22,33.8,21.9,36.4,27,26,40,17.3,46.2,28.7,40.3,26.1,29.9,26.9,38.1,21.4,28.4,15.7,25.9,21.9,19.8,32.7,18.2,43.9,21.2,47.5,31,33.1,37.1,52.9,36.7,30.6,50,31.7,52.2,33.1,30.2,57.2,23,61.2,38.2,51.8,41.4,39.2,33.8,46.4,31,36,24.8,30.6,25.9,28.4,43.2,23.4,,,,,,22.2204,114.2127
2026-09-12T20:00,27.3,26.4,28.5,28.4,27.2,26.2,25.4,28.4,25.8,27.7,26.6,25.3,28.3,25,26.7,27.4,25.5,28.5,28.1,25.7,27.2,25.3,27,26.2,28.3,28.2,26.7,26.4,27,27.3,26.2,26.4,27.5,26.7,28.3,27.4,27.3,26.8,28,27.5,84,70,57,75,82,87,83,66,92,72,89,80,81,92,88,71,87,69,85,92,75,93,84,93,74,79,93,92,83,88,92,88,82,89,69,67,87,91,86,85,0.2,0,0,0,0,0.2,0.8,0,1.7,0,0.1,0,0,0.6,0.5,0,0,0,0.1,0.8,0,4.7,0.3,3.6,0,0,4.1,1.1,0,0,0.7,0.6,0,0.2,0,0,0.5,0.4,0,0.5,21.3,15.4,7.6,3.3,5.1,15.1,6.4,9.9,18.2,7.6,19.3,7.7,7.2,17,10.1,5.4,6.9,4.1,12.9,14.7,4.5,24.5,8.5,19.1,2.7,5,21,13,4.4,6.5,10.9,15.3,11.6,8,5.6,7.2,15.9,14.8,6.5,6.7,,,,,,,,,,,,,,,,,,,,,,,,,,,,,,,,,,,,,,,,,28.3,28.3,27.7,27.6,29.1,28.4,27.5,28.6,26.4,24.8,28.6,25.1,27.7,27.6,27.5,28.5,27.7,26.8,27.7,28,25.4,28.8,28.2,28.7,27.5,29.6,27.9,25.7,28.5,28.8,27.7,68,71,75,68,69,69,67,65,67,83,68,88,77,63,81,72,81,65,81,74,83,69,71,72,68,69,74,69,78,67,74,0,0,1.5,0,0,0,0.1,0,0,1.5,0,2.4,1.5,0,0.8,0,1.3,0,0.5,0,3.8,0.1,0.1,0,0,0.3,0,0,0.1,0,0,28.7,17.1,36.8,26,24.8,26.9,39.4,29.3,23.1,37.9,23.8,37.5,30.8,24.6,40.3,16.8,47.1,30.5,39.6,25.5,29.1,28.4,41,22.3,30.1,21.6,26.8,19.4,20.9,32.1,17.2,45.4,22,51.8,31.7,34.2,37.1,53.6,41,30.2,53.6,33.8,55.4,37.8,28.8,58.7,22.7,62.3,40.3,51.5,41.8,38.2,35.6,50.4,32.8,37.4,31.3,32,23.8,30.2,42.5,23,,,,,,22.2204,114.2127
2026-09-12T21:00,27.4,26.3,28.4,28.5,27.2,26.3,25.3,28.3,25.8,27.6,26.6,25.4,28.2,25,26.7,27.4,25.5,28.5,28.1,25.7,27.2,25.4,27.1,26.3,28.2,28.3,26.7,26.5,27,27.4,26.2,26.3,27.5,26.7,28.4,27.4,27.4,26.8,28,27.5,85,71,57,75,82,88,84,66,92,72,90,81,82,93,88,71,87,69,86,93,76,93,84,94,75,79,93,92,83,88,93,89,83,89,69,67,87,91,86,86,1.3,2.7,0,0,0,0.8,4.3,0.1,3.6,0.4,1,0.2,2.8,2.1,0.5,0,0,0,1.8,5.1,0,4,1.3,0.9,0.1,0.1,2.1,0.3,0,0,0.9,3,0.1,0.2,0,0,0.3,0.5,0,0.5,21.5,15.5,7.6,3.3,5.1,15.3,6.1,9.9,18.8,7.6,19.6,7.9,7.9,17.2,10.3,5.4,6.9,4.1,13.1,14.9,4.5,23.7,8.7,19.6,2.4,5,21.3,12.6,4.7,6.5,11,15.9,12,8,5.6,7.2,15.8,14.8,6.5,6.7,,,,,,,,,,,,,,,,,,,,,,,,,,,,,,,,,,,,,,,,,28.2,28.2,27.6,27.4,29,28.1,27.3,28.2,26.2,24.9,28.3,25.2,27.7,27.4,27.6,28.4,27.7,26.7,27.7,27.8,25.5,28.5,28,28.6,27.1,29.5,27.8,26,28.3,28.5,27.7,69,71,75,68,69,69,67,65,67,82,68,87,77,63,80,73,82,65,81,74,83,69,72,72,68,69,75,67,79,68,75,0.1,0,0.9,0,0,0,0.1,0,0,0.1,0,2.5,1.7,0,0.6,0,1.5,0,1.2,0,1.9,0,0.6,0,0,0.1,0,0,2.3,0,0,28.8,16.4,37.5,27,23.3,26.3,39.8,28.7,23.2,38.5,24.6,38.9,31.8,23.2,41.7,17.4,46.9,29.6,39.1,25.7,29,26.7,39.6,23.7,30,25.6,27.9,18.9,27,29.8,16.8,44.3,23,54.4,33.8,32.4,36.4,52.2,39.6,29.5,55.1,33.8,58.7,39.2,27.7,59.8,23,61.6,38.9,51.1,43.2,37.8,34.6,53.6,34.6,37.8,36.7,33.1,24.1,36.7,40,22.7,,,,,,22.2204,114.2127
2026-09-12T22:00,27.4,26.1,28.2,28.5,27.2,26.3,25.1,28.2,25.9,27.5,26.6,25.5,28.1,25.1,26.7,27.3,25.6,28.5,28,25.7,27.2,25.6,27.1,26.3,28,28.2,26.8,26.6,27.1,27.4,26.1,26.3,27.4,26.7,28.4,27.3,27.5,26.8,28,27.4,85,72,57,75,82,88,85,67,92,73,90,81,83,93,89,70,86,70,87,93,76,93,85,94,76,79,94,91,83,88,94,90,83,89,69,68,88,91,86,86,1.3,2.7,0,0,0,0.8,4.3,0.1,3.6,0.4,1,0.2,2.8,2.1,0.5,0,0,0,1.8,5.1,0,4,1.3,0.9,0.1,0.1,2.1,0.3,0,0,0.9,3,0.1,0.2,0,0,0.3,0.5,0,0.5,21.4,15.9,7.6,3.7,5.4,15.5,5.4,10.2,19.1,7.6,19.9,7.9,8.6,16.8,10.6,5.7,7.3,4.1,13.8,15.2,4.4,22.5,8.9,19.9,2.1,5,22.1,12.3,5.2,6.5,11.1,16.6,12,8,5.6,7.2,15.5,14.4,6.5,6.7,,,,,,,,,,,,,,,,,,,,,,,,,,,,,,,,,,,,,,,,,28.1,28.2,27.4,27.2,28.9,28,27.1,27.7,25.9,25,27.9,25.4,27.7,27.3,27.6,28.2,27.7,26.5,27.7,27.6,25.8,28.2,27.8,28.4,26.7,29.4,27.7,26.5,28,28.3,27.6,70,71,74,69,68,68,68,66,67,82,68,85,78,63,80,75,83,65,81,75,81,68,74,72,69,68,75,65,79,68,77,0.1,0,0.9,0,0,0,0.1,0,0,0.1,0,2.5,1.7,0,0.6,0,1.5,0,1.2,0,1.9,0,0.6,0,0,0.1,0,0,2.3,0,0,28.7,16.9,37.2,28.1,20.7,25.8,39.8,26.8,23.2,37.2,24.5,40.3,31.9,21.7,43.7,18.8,46.1,27.7,39.6,25.9,29.1,23.7,37.6,25.3,28.5,29,29.3,19.3,35.7,26.5,17.1,41.8,24.8,55.4,36.4,29.5,35.3,50,35.3,28.4,55.4,32.4,62.3,38.9,26.6,60.8,23.8,60.1,36,51.5,45,37.8,31.7,56.5,36,37.4,41.8,34.2,25.2,45,36.4,22,,,,,,22.2204,114.2127
2026-09-12T23:00,27.4,25.8,28,28.5,27.3,26.4,25,28,26,27.2,26.5,25.6,27.9,25.2,26.7,27.2,25.6,28.3,27.9,25.7,27.2,25.8,27.1,26.4,27.7,28.2,26.8,26.7,27.1,27.5,26.1,26.2,27.3,26.8,28.3,27.1,27.6,26.8,28,27.4,86,74,57,75,81,89,87,68,92,74,90,82,85,93,89,70,85,70,87,94,76,93,86,94,77,78,94,91,82,88,94,90,84,89,68,68,88,91,85,86,1.3,2.7,0,0,0,0.8,4.3,0.1,3.6,0.4,1,0.2,2.8,2.1,0.5,0,0,0,1.8,5.1,0,4,1.3,0.9,0.1,0.1,2.1,0.3,0,0,0.9,3,0.1,0.2,0,0,0.3,0.5,0,0.5,21.3,16.4,7.9,3.6,5.4,15.5,4.8,10.5,19.8,7.6,19.8,7.9,9,16.6,11,5.7,7.2,4.4,14.1,15.5,4.4,20.9,9.2,20,1.8,5.4,22.1,11.9,5.6,6.5,10.9,17.2,11.7,8.4,5.5,7.6,15,14.4,6.5,6.7,,,,,,,,,,,,,,,,,,,,,,,,,,,,,,,,,,,,,,,,,28,28.2,27.2,26.9,28.8,27.8,26.9,27.3,25.6,25.1,27.5,25.7,27.7,27.2,27.5,28,27.8,26.4,27.6,27.5,26,27.9,27.6,28.3,26.4,29.2,27.6,26.7,27.9,28.1,27.6,71,71,74,69,68,68,69,66,68,82,68,84,78,63,80,75,83,65,81,75,79,68,76,72,69,68,75,63,79,69,77,0.1,0,0.9,0,0,0,0.1,0,0,0.1,0,2.5,1.7,0,0.6,0,1.5,0,1.2,0,1.9,0,0.6,0,0,0.1,0,0,2.3,0,0,29.4,18.3,36.4,28.4,19.5,24.9,39.2,24.6,22.5,35.8,24.4,40.7,30.5,20.8,45.3,19.2,45.3,26,40.2,26.8,29.5,21.8,37.7,26.4,27.8,30.8,30.4,19.6,42.1,24.1,16.6,40.7,25.9,55.1,37.8,27.4,33.8,47.9,31,27.4,54.7,31.3,64.8,37.1,25.9,61.6,24.1,58.3,33.5,51.8,46.4,38.5,29.2,59,36.7,37.8,44.6,35.3,25.9,51.1,33.5,20.9,,,,,,22.2204,114.2127
