time,temperature_2m_icon_seamless_eps (°C),temperature_2m_member01_icon_seamless_eps (°C),temperature_2m_member02_icon_seamless_eps (°C),temperature_2m_member03_icon_seamless_eps (°C),temperature_2m_member04_icon_seamless_eps (°C),temperature_2m_member05_icon_seamless_eps (°C),temperature_2m_member06_icon_seamless_eps (°C),temperature_2m_member07_icon_seamless_eps (°C),temperature_2m_member08_icon_seamless_eps (°C),temperature_2m_member09_icon_seamless_eps (°C),temperature_2m_member10_icon_seamless_eps (°C),temperature_2m_member11_icon_seamless_eps (°C),temperature_2m_member12_icon_seamless_eps (°C),temperature_2m_member13_icon_seamless_eps (°C),temperature_2m_member14_icon_seamless_eps (°C),temperature_2m_member15_icon_seamless_eps (°C),temperature_2m_member16_icon_seamless_eps (°C),temperature_2m_member17_icon_seamless_eps (°C),temperature_2m_member18_icon_seamless_eps (°C),temperature_2m_member19_icon_seamless_eps (°C),temperature_2m_member20_icon_seamless_eps (°C),temperature_2m_member21_icon_seamless_eps (°C),temperature_2m_member22_icon_seamless_eps (°C),temperature_2m_member23_icon_seamless_eps (°C),temperature_2m_member24_icon_seamless_eps (°C),temperature_2m_member25_icon_seamless_eps (°C),temperature_2m_member26_icon_seamless_eps (°C),temperature_2m_member27_icon_seamless_eps (°C),temperature_2m_member28_icon_seamless_eps (°C),temperature_2m_member29_icon_seamless_eps (°C),temperature_2m_member30_icon_seamless_eps (°C),temperature_2m_member31_icon_seamless_eps (°C),temperature_2m_member32_icon_seamless_eps (°C),temperature_2m_member33_icon_seamless_eps (°C),temperature_2m_member34_icon_seamless_eps (°C),temperature_2m_member35_icon_seamless_eps (°C),temperature_2m_member36_icon_seamless_eps (°C),temperature_2m_member37_icon_seamless_eps (°C),temperature_2m_member38_icon_seamless_eps (°C),temperature_2m_member39_icon_seamless_eps (°C),relativehumidity_2m_icon_seamless_eps (%),relativehumidity_2m_member01_icon_seamless_eps (%),relativehumidity_2m_member02_icon_seamless_eps (%),relativehumidity_2m_member03_icon_seamless_eps (%),relativehumidity_2m_member04_icon_seamless_eps (%),relativehumidity_2m_member05_icon_seamless_eps (%),relativehumidity_2m_member06_icon_seamless_eps (%),relativehumidity_2m_member07_icon_seamless_eps (%),relativehumidity_2m_member08_icon_seamless_eps (%),relativehumidity_2m_member09_icon_seamless_eps (%),relativehumidity_2m_member10_icon_seamless_eps (%),relativehumidity_2m_member11_icon_seamless_eps (%),relativehumidity_2m_member12_icon_seamless_eps (%),relativehumidity_2m_member13_icon_seamless_eps (%),relativehumidity_2m_member14_icon_seamless_eps (%),relativehumidity_2m_member15_icon_seamless_eps (%),relativehumidity_2m_member16_icon_seamless_eps (%),relativehumidity_2m_member17_icon_seamless_eps (%),relativehumidity_2m_member18_icon_seamless_eps (%),relativehumidity_2m_member19_icon_seamless_eps (%),relativehumidity_2m_member20_icon_seamless_eps (%),relativehumidity_2m_member21_icon_seamless_eps (%),relativehumidity_2m_member22_icon_seamless_eps (%),relativehumidity_2m_member23_icon_seamless_eps (%),relativehumidity_2m_member24_icon_seamless_eps (%),relativehumidity_2m_member25_icon_seamless_eps (%),relativehumidity_2m_member26_icon_seamless_eps (%),relativehumidity_2m_member27_icon_seamless_eps (%),relativehumidity_2m_member28_icon_seamless_eps (%),relativehumidity_2m_member29_icon_seamless_eps (%),relativehumidity_2m_member30_icon_seamless_eps (%),relativehumidity_2m_member31_icon_seamless_eps (%),relativehumidity_2m_member32_icon_seamless_eps (%),relativehumidity_2m_member33_icon_seamless_eps (%),relativehumidity_2m_member34_icon_seamless_eps (%),relativehumidity_2m_member35_icon_seamless_eps (%),relativehumidity_2m_member36_icon_seamless_eps (%),relativehumidity_2m_member37_icon_seamless_eps (%),relativehumidity_2m_member38_icon_seamless_eps (%),relativehumidity_2m_member39_icon_seamless_eps (%),rain_icon_seamless_eps (mm),rain_member01_icon_seamless_eps (mm),rain_member02_icon_seamless_eps (mm),rain_member03_icon_seamless_eps (mm),rain_member04_icon_seamless_eps (mm),rain_member05_icon_seamless_eps (mm),rain_member06_icon_seamless_eps (mm),rain_member07_icon_seamless_eps (mm),rain_member08_icon_seamless_eps (mm),rain_member09_icon_seamless_eps (mm),rain_member10_icon_seamless_eps (mm),rain_member11_icon_seamless_eps (mm),rain_member12_icon_seamless_eps (mm),rain_member13_icon_seamless_eps (mm),rain_member14_icon_seamless_eps (mm),rain_member15_icon_seamless_eps (mm),rain_member16_icon_seamless_eps (mm),rain_member17_icon_seamless_eps (mm),rain_member18_icon_seamless_eps (mm),rain_member19_icon_seamless_eps (mm),rain_member20_icon_seamless_eps (mm),rain_member21_icon_seamless_eps (mm),rain_member22_icon_seamless_eps (mm),rain_member23_icon_seamless_eps (mm),rain_member24_icon_seamless_eps (mm),rain_member25_icon_seamless_eps (mm),rain_member26_icon_seamless_eps (mm),rain_member27_icon_seamless_eps (mm),rain_member28_icon_seamless_eps (mm),rain_member29_icon_seamless_eps (mm),rain_member30_icon_seamless_eps (mm),rain_member31_icon_seamless_eps (mm),rain_member32_icon_seamless_eps (mm),rain_member33_icon_seamless_eps (mm),rain_member34_icon_seamless_eps (mm),rain_member35_icon_seamless_eps (mm),rain_member36_icon_seamless_eps (mm),rain_member37_icon_seamless_eps (mm),rain_member38_icon_seamless_eps (mm),rain_member39_icon_seamless_eps (mm),windspeed_10m_icon_seamless_eps (km/h),windspeed_10m_member01_icon_seamless_eps (km/h),windspeed_10m_member02_icon_seamless_eps (km/h),windspeed_10m_member03_icon_seamless_eps (km/h),windspeed_10m_member04_icon_seamless_eps (km/h),windspeed_10m_member05_icon_seamless_eps (km/h),windspeed_10m_member06_icon_seamless_eps (km/h),windspeed_10m_member07_icon_seamless_eps (km/h),windspeed_10m_member08_icon_seamless_eps (km/h),windspeed_10m_member09_icon_seamless_eps (km/h),windspeed_10m_member10_icon_seamless_eps (km/h),windspeed_10m_member11_icon_seamless_eps (km/h),windspeed_10m_member12_icon_seamless_eps (km/h),windspeed_10m_member13_icon_seamless_eps (km/h),windspeed_10m_member14_icon_seamless_eps (km/h),windspeed_10m_member15_icon_seamless_eps (km/h),windspeed_10m_member16_icon_seamless_eps (km/h),windspeed_10m_member17_icon_seamless_eps (km/h),windspeed_10m_member18_icon_seamless_eps (km/h),windspeed_10m_member19_icon_seamless_eps (km/h),windspeed_10m_member20_icon_seamless_eps (km/h),windspeed_10m_member21_icon_seamless_eps (km/h),windspeed_10m_member22_icon_seamless_eps (km/h),windspeed_10m_member23_icon_seamless_eps (km/h),windspeed_10m_member24_icon_seamless_eps (km/h),windspeed_10m_member25_icon_seamless_eps (km/h),windspeed_10m_member26_icon_seamless_eps (km/h),windspeed_10m_member27_icon_seamless_eps (km/h),windspeed_10m_member28_icon_seamless_eps (km/h),windspeed_10m_member29_icon_seamless_eps (km/h),windspeed_10m_member30_icon_seamless_eps (km/h),windspeed_10m_member31_icon_seamless_eps (km/h),windspeed_10m_member32_icon_seamless_eps (km/h),windspeed_10m_member33_icon_seamless_eps (km/h),windspeed_10m_member34_icon_seamless_eps (km/h),windspeed_10m_member35_icon_seamless_eps (km/h),windspeed_10m_member36_icon_seamless_eps (km/h),windspeed_10m_member37_icon_seamless_eps (km/h),windspeed_10m_member38_icon_seamless_eps (km/h),windspeed_10m_member39_icon_seamless_eps (km/h),windgusts_10m_icon_seamless_eps (undefined),windgusts_10m_member01_icon_seamless_eps (undefined),windgusts_10m_member02_icon_seamless_eps (undefined),windgusts_10m_member03_icon_seamless_eps (undefined),windgusts_10m_member04_icon_seamless_eps (undefined),windgusts_10m_member05_icon_seamless_eps (undefined),windgusts_10m_member06_icon_seamless_eps (undefined),windgusts_10m_member07_icon_seamless_eps (undefined),windgusts_10m_member08_icon_seamless_eps (undefined),windgusts_10m_member09_icon_seamless_eps (undefined),windgusts_10m_member10_icon_seamless_eps (undefined),windgusts_10m_member11_icon_seamless_eps (undefined),windgusts_10m_member12_icon_seamless_eps (undefined),windgusts_10m_member13_icon_seamless_eps (undefined),windgusts_10m_member14_icon_seamless_eps (undefined),windgusts_10m_member15_icon_seamless_eps (undefined),windgusts_10m_member16_icon_seamless_eps (undefined),windgusts_10m_member17_icon_seamless_eps (undefined),windgusts_10m_member18_icon_seamless_eps (undefined),windgusts_10m_member19_icon_seamless_eps (undefined),windgusts_10m_member20_icon_seamless_eps (undefined),windgusts_10m_member21_icon_seamless_eps (undefined),windgusts_10m_member22_icon_seamless_eps (undefined),windgusts_10m_member23_icon_seamless_eps (undefined),windgusts_10m_member24_icon_seamless_eps (undefined),windgusts_10m_member25_icon_seamless_eps (undefined),windgusts_10m_member26_icon_seamless_eps (undefined),windgusts_10m_member27_icon_seamless_eps (undefined),windgusts_10m_member28_icon_seamless_eps (undefined),windgusts_10m_member29_icon_seamless_eps (undefined),windgusts_10m_member30_icon_seamless_eps (undefined),windgusts_10m_member31_icon_seamless_eps (undefined),windgusts_10m_member32_icon_seamless_eps (undefined),windgusts_10m_member33_icon_seamless_eps (undefined),windgusts_10m_member34_icon_seamless_eps (undefined),windgusts_10m_member35_icon_seamless_eps (undefined),windgusts_10m_member36_icon_seamless_eps (undefined),windgusts_10m_member37_icon_seamless_eps (undefined),windgusts_10m_member38_icon_seamless_eps (undefined),windgusts_10m_member39_icon_seamless_eps (undefined),temperature_2m_ncep_gefs_seamless (°C),temperature_2m_member01_ncep_gefs_seamless (°C),temperature_2m_member02_ncep_gefs_seamless (°C),temperature_2m_member03_ncep_gefs_seamless (°C),temperature_2m_member04_ncep_gefs_seamless (°C),temperature_2m_member05_ncep_gefs_seamless (°C),temperature_2m_member06_ncep_gefs_seamless (°C),temperature_2m_member07_ncep_gefs_seamless (°C),temperature_2m_member08_ncep_gefs_seamless (°C),temperature_2m_member09_ncep_gefs_seamless (°C),temperature_2m_member10_ncep_gefs_seamless (°C),temperature_2m_member11_ncep_gefs_seamless (°C),temperature_2m_member12_ncep_gefs_seamless (°C),temperature_2m_member13_ncep_gefs_seamless (°C),temperature_2m_member14_ncep_gefs_seamless (°C),temperature_2m_member15_ncep_gefs_seamless (°C),temperature_2m_member16_ncep_gefs_seamless (°C),temperature_2m_member17_ncep_gefs_seamless (°C),temperature_2m_member18_ncep_gefs_seamless (°C),temperature_2m_member19_ncep_gefs_seamless (°C),temperature_2m_member20_ncep_gefs_seamless (°C),temperature_2m_member21_ncep_gefs_seamless (°C),temperature_2m_member22_ncep_gefs_seamless (°C),temperature_2m_member23_ncep_gefs_seamless (°C),temperature_2m_member24_ncep_gefs_seamless (°C),temperature_2m_member25_ncep_gefs_seamless (°C),temperature_2m_member26_ncep_gefs_seamless (°C),temperature_2m_member27_ncep_gefs_seamless (°C),temperature_2m_member28_ncep_gefs_seamless (°C),temperature_2m_member29_ncep_gefs_seamless (°C),temperature_2m_member30_ncep_gefs_seamless (°C),relativehumidity_2m_ncep_gefs_seamless (%),relativehumidity_2m_member01_ncep_gefs_seamless (%),relativehumidity_2m_member02_ncep_gefs_seamless (%),relativehumidity_2m_member03_ncep_gefs_seamless (%),relativehumidity_2m_member04_ncep_gefs_seamless (%),relativehumidity_2m_member05_ncep_gefs_seamless (%),relativehumidity_2m_member06_ncep_gefs_seamless (%),relativehumidity_2m_member07_ncep_gefs_seamless (%),relativehumidity_2m_member08_ncep_gefs_seamless (%),relativehumidity_2m_member09_ncep_gefs_seamless (%),relativehumidity_2m_member10_ncep_gefs_seamless (%),relativehumidity_2m_member11_ncep_gefs_seamless (%),relativehumidity_2m_member12_ncep_gefs_seamless (%),relativehumidity_2m_member13_ncep_gefs_seamless (%),relativehumidity_2m_member14_ncep_gefs_seamless (%),relativehumidity_2m_member15_ncep_gefs_seamless (%),relativehumidity_2m_member16_ncep_gefs_seamless (%),relativehumidity_2m_member17_ncep_gefs_seamless (%),relativehumidity_2m_member18_ncep_gefs_seamless (%),relativehumidity_2m_member19_ncep_gefs_seamless (%),relativehumidity_2m_member20_ncep_gefs_seamless (%),relativehumidity_2m_member21_ncep_gefs_seamless (%),relativehumidity_2m_member22_ncep_gefs_seamless (%),relativehumidity_2m_member23_ncep_gefs_seamless (%),relativehumidity_2m_member24_ncep_gefs_seamless (%),relativehumidity_2m_member25_ncep_gefs_seamless (%),relativehumidity_2m_member26_ncep_gefs_seamless (%),relativehumidity_2m_member27_ncep_gefs_seamless (%),relativehumidity_2m_member28_ncep_gefs_seamless (%),relativehumidity_2m_member29_ncep_gefs_seamless (%),relativehumidity_2m_member30_ncep_gefs_seamless (%),rain_ncep_gefs_seamless (mm),rain_member01_ncep_gefs_seamless (mm),rain_member02_ncep_gefs_seamless (mm),rain_member03_ncep_gefs_seamless (mm),rain_member04_ncep_gefs_seamless (mm),rain_member05_ncep_gefs_seamless (mm),rain_member06_ncep_gefs_seamless (mm),rain_member07_ncep_gefs_seamless (mm),rain_member08_ncep_gefs_seamless (mm),rain_member09_ncep_gefs_seamless (mm),rain_member10_ncep_gefs_seamless (mm),rain_member11_ncep_gefs_seamless (mm),rain_member12_ncep_gefs_seamless (mm),rain_member13_ncep_gefs_seamless (mm),rain_member14_ncep_gefs_seamless (mm),rain_member15_ncep_gefs_seamless (mm),rain_member16_ncep_gefs_seamless (mm),rain_member17_ncep_gefs_seamless (mm),rain_member18_ncep_gefs_seamless (mm),rain_member19_ncep_gefs_seamless (mm),rain_member20_ncep_gefs_seamless (mm),rain_member21_ncep_gefs_seamless (mm),rain_member22_ncep_gefs_seamless (mm),rain_member23_ncep_gefs_seamless (mm),rain_member24_ncep_gefs_seamless (mm),rain_member25_ncep_gefs_seamless (mm),rain_member26_ncep_gefs_seamless (mm),rain_member27_ncep_gefs_seamless (mm),rain_member28_ncep_gefs_seamless (mm),rain_member29_ncep_gefs_seamless (mm),rain_member30_ncep_gefs_seamless (mm),windspeed_10m_ncep_gefs_seamless (km/h),windspeed_10m_member01_ncep_gefs_seamless (km/h),windspeed_10m_member02_ncep_gefs_seamless (km/h),windspeed_10m_member03_ncep_gefs_seamless (km/h),windspeed_10m_member04_ncep_gefs_seamless (km/h),windspeed_10m_member05_ncep_gefs_seamless (km/h),windspeed_10m_member06_ncep_gefs_seamless (km/h),windspeed_10m_member07_ncep_gefs_seamless (km/h),windspeed_10m_member08_ncep_gefs_seamless (km/h),windspeed_10m_member09_ncep_gefs_seamless (km/h),windspeed_10m_member10_ncep_gefs_seamless (km/h),windspeed_10m_member11_ncep_gefs_seamless (km/h),windspeed_10m_member12_ncep_gefs_seamless (km/h),windspeed_10m_member13_ncep_gefs_seamless (km/h),windspeed_10m_member14_ncep_gefs_seamless (km/h),windspeed_10m_member15_ncep_gefs_seamless (km/h),windspeed_10m_member16_ncep_gefs_seamless (km/h),windspeed_10m_member17_ncep_gefs_seamless (km/h),windspeed_10m_member18_ncep_gefs_seamless (km/h),windspeed_10m_member19_ncep_gefs_seamless (km/h),windspeed_10m_member20_ncep_gefs_seamless (km/h),windspeed_10m_member21_ncep_gefs_seamless (km/h),windspeed_10m_member22_ncep_gefs_seamless (km/h),windspeed_10m_member23_ncep_gefs_seamless (km/h),windspeed_10m_member24_ncep_gefs_seamless (km/h),windspeed_10m_member25_ncep_gefs_seamless (km/h),windspeed_10m_member26_ncep_gefs_seamless (km/h),windspeed_10m_member27_ncep_gefs_seamless (km/h),windspeed_10m_member28_ncep_gefs_seamless (km/h),windspeed_10m_member29_ncep_gefs_seamless (km/h),windspeed_10m_member30_ncep_gefs_seamless (km/h),windgusts_10m_ncep_gefs_seamless (km/h),windgusts_10m_member01_ncep_gefs_seamless (km/h),windgusts_10m_member02_ncep_gefs_seamless (km/h),windgusts_10m_member03_ncep_gefs_seamless (km/h),windgusts_10m_member04_ncep_gefs_seamless (km/h),windgusts_10m_member05_ncep_gefs_seamless (km/h),windgusts_10m_member06_ncep_gefs_seamless (km/h),windgusts_10m_member07_ncep_gefs_seamless (km/h),windgusts_10m_member08_ncep_gefs_seamless (km/h),windgusts_10m_member09_ncep_gefs_seamless (km/h),windgusts_10m_member10_ncep_gefs_seamless (km/h),windgusts_10m_member11_ncep_gefs_seamless (km/h),windgusts_10m_member12_ncep_gefs_seamless (km/h),windgusts_10m_member13_ncep_gefs_seamless (km/h),windgusts_10m_member14_ncep_gefs_seamless (km/h),windgusts_10m_member15_ncep_gefs_seamless (km/h),windgusts_10m_member16_ncep_gefs_seamless (km/h),windgusts_10m_member17_ncep_gefs_seamless (km/h),windgusts_10m_member18_ncep_gefs_seamless (km/h),windgusts_10m_member19_ncep_gefs_seamless (km/h),windgusts_10m_member20_ncep_gefs_seamless (km/h),windgusts_10m_member21_ncep_gefs_seamless (km/h),windgusts_10m_member22_ncep_gefs_seamless (km/h),windgusts_10m_member23_ncep_gefs_seamless (km/h),windgusts_10m_member24_ncep_gefs_seamless (km/h),windgusts_10m_member25_ncep_gefs_seamless (km/h),windgusts_10m_member26_ncep_gefs_seamless (km/h),windgusts_10m_member27_ncep_gefs_seamless (km/h),windgusts_10m_member28_ncep_gefs_seamless (km/h),windgusts_10m_member29_ncep_gefs_seamless (km/h),windgusts_10m_member30_ncep_gefs_seamless (km/h),temperature_2m_ecmwf_ifs04 (°C),relativehumidity_2m_ecmwf_ifs04 (%),rain_ecmwf_ifs04 (mm),windspeed_10m_ecmwf_ifs04 (km/h),windgusts_10m_ecmwf_ifs04 (undefined),latitude,longitude
2026-10-06T00:00,22,21.1,21.1,22,21.7,21.5,20.8,21.6,21.5,22.1,21.4,21.5,21.7,21.1,22,21.1,22.6,21.5,21.5,20.9,22,21.1,21,21.6,21.8,21.7,21.6,21.7,21.2,21.3,21.1,21.1,21.6,20.9,20.8,21.2,21.3,22,22.2,21.2,71,72,74,72,69,73,76,73,74,74,74,75,72,75,69,72,71,70,72,71,69,70,73,72,73,70,73,68,70,72,72,69,72,75,73,75,71,73,69,72,0,0,0,0,0,0,0,0,0,0,0,0,0,0,0,0,0,0,0,0,0,0,0,0,0,0,0,0,0,0,0,0,0,0,0,0,0,0,0,0,9.7,13.4,15.6,10.9,12,15.9,17.1,11.6,15.3,9.7,15.7,10.1,10.5,13.8,10.5,12.3,9.4,11.9,14.2,14.6,12,13.1,14.2,13,8.6,10.5,11.6,15.9,12.3,12.3,11.2,15.6,13.8,15.4,13.1,14.9,11.9,10.2,11.9,14.3,,,,,,,,,,,,,,,,,,,,,,,,,,,,,,,,,,,,,,,,,24.2,24.4,24.2,24.2,24.4,24.2,23.9,24.1,24.4,24.4,24.1,24.4,24.2,23.8,24.6,24.1,24.2,24,24.2,24.3,24.3,24.1,24.8,24,24.2,24.2,24.1,23.9,24.1,24.2,24.3,67,68,66,65,68,67,67,68,67,67,69,67,68,67,68,68,67,68,66,68,69,68,69,66,68,66,67,67,68,67,68,0,0,0,0,0,0,0,0,0,0,0,0,0,0,0,0,0,0,0,0,0,0,0,0,0,0,0,0,0,0,0,23.9,25.8,23.8,27.1,27.6,21.3,24.6,23.4,17.8,22.7,27.6,22.1,27.2,25.4,23.6,24.6,23.6,26.5,24.6,22.5,24.7,24.2,18.4,26.3,25.3,22.1,25.3,22.4,25.5,23.4,25.8,27,30.2,27.4,31.7,32.8,23.4,28.1,26.6,19.4,25.6,32,25.2,31.3,29.2,27,28.1,27.4,31.3,27.7,24.1,28.4,27.7,20.5,31,29.2,25.6,28.4,25.2,29.2,26.3,29.9,,,,,,22.2204,114.2127
2026-10-06T01:00,21.9,21,21,22,21.6,21.2,20.6,21.6,21.4,22.1,21.3,21.4,21.6,21,21.9,21,22.4,21.4,21.3,20.8,21.9,21.1,20.8,21.4,21.8,21.6,21.5,21.5,21.2,21.2,20.9,21,21.4,20.7,20.6,21,21.1,21.8,22.1,20.9,71,72,75,72,69,73,77,73,74,74,74,74,72,74,70,73,71,70,72,72,69,70,73,72,73,69,73,68,70,72,72,70,71,75,74,75,71,73,69,72,0,0,0,0,0,0,0,0,0,0,0,0,0,0,0,0,0,0,0,0,0,0,0,0,0,0,0,0,0,0,0,0,0,0,0,0,0,0,0,0,8,10.9,14.2,8.6,9.4,14.1,15.2,10.1,13.8,8.7,14.3,8.6,9,13,8.6,10.1,8.6,10.1,13,13,9.4,12.3,11.3,11.9,7.6,8.3,10.4,14.2,11.2,9.7,10.8,13.4,12,13.4,11.9,13,9.4,7.9,10.1,13.4,,,,,,,,,,,,,,,,,,,,,,,,,,,,,,,,,,,,,,,,,24,24.1,24,24.1,24.1,24,23.7,23.9,24.2,24.2,23.9,24.2,24.1,23.7,24.5,23.9,24,23.8,24.1,23.8,24,23.9,24.5,23.8,24,23.9,24,23.6,23.9,24,23.9,67,67,65,63,67,66,65,68,67,66,68,67,67,66,67,68,66,67,65,69,69,67,69,65,67,65,66,67,67,66,67,0,0,0,0,0,0,0,0,0,0,0,0,0,0,0,0,0,0,0,0,0,0,0,0,0,0,0,0,0,0,0,20.7,23,22.5,24.6,25.1,19.3,23,20.4,18.1,20,23.5,19.7,22.7,21.4,21.1,21,21.1,23.5,22.2,21.3,23.5,22.3,18.8,23.4,23,21.2,21.7,20.3,23.1,20.3,24.2,22.7,25.9,25.2,28.8,28.8,21.6,25.9,22.7,19.8,22.3,26.6,22.3,25.2,23.4,23.4,23.4,23.8,27,24.5,22.3,26.6,24.8,20.2,26.6,25.9,24.1,24.5,22.3,25.6,22.3,27.4,,,,,,22.2204,114.2127
2026-10-06T02:00,21.8,20.8,20.9,21.9,21.4,21.1,20.3,21.6,21.2,22.2,21.2,21.3,21.6,20.9,21.9,20.9,22.3,21.3,21.3,20.6,21.7,21,20.6,21.3,21.8,21.5,21.4,21.4,21.1,21.2,20.8,20.7,21.3,20.8,20.5,20.9,21,21.6,21.9,20.7,70,71,75,71,68,73,77,73,73,74,74,74,72,74,70,73,71,70,72,72,68,70,73,72,73,69,72,67,69,72,72,70,71,75,73,75,71,72,68,72,0,0,0,0,0,0,0,0,0,0,0,0,0,0,0,0,0,0,0,0,0,0,0,0,0,0,0,0,0,0,0,0,0,0,0,0,0,0,0,0,7.4,8.6,13,8,7.9,12.3,13.3,8.7,12.6,8.4,13.1,8,8.5,12.3,7.9,8.6,7.6,9.4,12.3,11.5,8,11.5,8.6,10.1,6.9,7.3,10.4,11.9,10.1,8,10.4,10.1,9.7,12.2,10.8,11.9,8.6,7.2,8.7,12.3,,,,,,,,,,,,,,,,,,,,,,,,,,,,,,,,,,,,,,,,,23.8,23.9,23.8,23.9,23.8,23.8,23.4,23.6,24,24.1,23.7,24.1,24,23.6,24.3,23.7,23.9,23.6,24,23.5,23.8,23.7,24.2,23.6,23.9,23.6,23.8,23.3,23.7,23.8,23.6,66,67,64,62,67,65,64,67,67,65,67,66,66,65,67,67,65,66,64,69,68,66,70,64,66,64,65,67,67,66,67,0,0,0,0,0,0,0,0,0,0,0,0,0,0,0,0,0,0,0,0,0,0,0,0,0,0,0,0,0,0,0,18.3,20.8,21,22.8,22.9,18,21.7,18.3,18.4,18,20.3,18.1,19.3,18.3,19.1,18.3,19.2,20.9,20.1,20.6,22.1,20.5,19.3,21.2,20.7,20.6,19.3,18.7,21,17.8,22.8,19.8,23,23.4,26.3,25.9,20.2,23.8,19.8,19.8,19.8,22.7,19.8,20.9,19.4,20.9,19.8,20.9,23,22,21.2,24.8,22.3,20.2,23.4,23.4,22.7,21.2,20.2,23,19.4,25.2,,,,,,22.2204,114.2127
2026-10-06T03:00,21.7,20.8,20.8,22,21.3,21,20.1,21.6,21.1,22.2,21.2,21.3,21.6,20.8,21.8,20.8,22.1,21.2,21.3,20.6,21.6,20.9,20.6,21.2,21.8,21.4,21.3,21.4,21,21.2,20.7,20.5,21.3,20.7,20.4,20.8,21,21.4,21.8,20.7,70,70,75,70,68,72,77,73,73,74,74,74,71,73,70,73,71,70,72,72,68,70,73,72,73,68,72,66,68,72,72,70,71,75,73,75,70,72,68,73,0,0,0,0,0,0,0,0,0,0,0,0,0,0,0,0,0,0,0,0,0,0,0,0,0,0,0,0,0,0,0,0,0,0,0,0,0,0,0,0,7,8.7,11.9,7.3,6.9,11.5,12.6,8.1,11.9,7.3,11.9,7.8,8.1,11.5,7.3,8.4,7.3,8.7,11.5,10.9,7.3,10.9,7.6,9.4,6.4,7.1,9.4,10.8,8.4,7.2,10.4,8.3,9,11.5,10.1,11.2,8,7,8.5,11.5,,,,,,,,,,,,,,,,,,,,,,,,,,,,,,,,,,,,,,,,,23.6,23.7,23.7,23.7,23.6,23.7,23.3,23.5,23.8,23.9,23.7,23.9,23.9,23.5,24.1,23.6,23.7,23.5,23.8,23.4,23.6,23.5,24,23.4,23.7,23.3,23.7,23.1,23.5,23.6,23.3,66,66,63,61,66,64,63,66,66,64,66,65,65,65,67,67,65,65,64,68,67,65,70,64,65,64,64,66,66,65,67,0,0,0,0,0,0,0,0,0,0,0,0,0,0,0,0,0,0,0,0,0,0,0,0,0,0,0,0,0,0,0,17.3,19.7,19.5,21.7,21.7,17.3,20.3,17.7,17.7,16.9,18.4,17.2,18.2,17.4,17.8,17.4,17.9,19.1,18.9,20,20.8,19.1,19.7,19.7,19.1,20,18.1,17.7,19.6,16.7,21.9,18.7,22,21.6,24.8,24.1,19.1,22,18.7,19.4,18.4,20.9,18.4,19.4,18.7,19.1,18.7,19.4,20.9,20.5,20.9,23.4,20.9,20.5,21.6,21.6,22,20.2,18.7,21.6,18,23.8,,,,,,22.2204,114.2127
2026-10-06T04:00,21.6,20.8,20.8,21.9,21.3,21,20.1,21.6,21.1,22,21.1,21.3,21.5,20.9,21.8,20.8,22.1,21.2,21.3,20.5,21.5,21,20.6,21.1,21.7,21.4,21.2,21.3,20.9,21.2,20.7,20.4,21.2,20.7,20.5,20.8,21,21.4,21.8,20.7,69,70,75,70,67,72,77,73,73,73,75,73,71,73,69,73,70,70,72,72,68,70,72,71,73,68,71,66,67,72,72,70,71,75,73,75,70,71,68,73,0,0,0,0,0,0,0,0,0,0,0,0,0,0,0,0,0,0,0,0,0,0,0,0,0,0,0,0,0,0,0,0,0,0,0,0,0,0,0,0,6.8,7.8,11.3,7.4,7,10.8,12.7,7.8,11.5,7.4,11.9,7.5,8,11.2,7.9,8,7.1,8.7,11.2,10.6,7.1,10.3,7.9,9,6.2,7.5,8.7,10.5,8.1,7,10.5,7.7,8.7,10.9,9.9,11.3,7.7,7,8.2,10.9,,,,,,,,,,,,,,,,,,,,,,,,,,,,,,,,,,,,,,,,,23.5,23.6,23.6,23.4,23.5,23.6,23.1,23.4,23.7,23.8,23.8,23.8,23.8,23.4,23.8,23.5,23.5,23.4,23.6,23.4,23.5,23.5,23.7,23.2,23.6,23.2,23.6,23,23.3,23.5,23.1,66,66,62,61,65,64,62,66,65,63,65,64,65,66,67,67,65,64,63,66,66,65,71,63,65,63,64,65,66,65,67,0,0,0,0,0,0,0,0,0,0,0,0,0,0,0,0,0,0,0,0,0,0,0,0,0,0,0,0,0,0,0,17.5,19.2,18.4,21,21.2,16.5,18.7,17.4,16.9,16.8,17.9,16.4,17.9,18.2,17.2,17.3,17.9,18.1,18.5,19.6,19.6,18.3,20.1,18.6,18.3,19.7,18.3,17,18.9,16.2,20.9,19.1,21.6,20.2,23.8,23,18,20.5,18.7,18.7,18,20.5,17.6,19.4,19.4,18.4,19.1,19.1,19.4,19.8,21.2,22,19.8,21.2,20.5,20.5,21.6,20.2,18,20.9,17.6,23,,,,,,22.2204,114.2127
2026-10-06T05:00,21.6,20.8,20.9,21.9,21.3,21.1,20.3,21.5,21.1,21.9,21,21.4,21.5,21,21.8,20.8,22,21.1,21.3,20.6,21.5,21,20.8,21,21.6,21.3,21.1,21.2,20.9,21.3,20.7,20.4,21.2,20.8,20.5,20.9,21.1,21.4,21.7,20.7,68,70,74,69,67,72,77,73,72,73,75,73,71,73,68,72,70,70,72,72,68,70,71,71,73,68,71,66,67,71,72,69,71,75,72,74,70,70,67,73,0,0,0,0,0,0,0,0,0,0,0,0,0,0,0,0,0,0,0,0,0,0,0,0,0,0,0,0,0,0,0,0,0,0,0,0,0,0,0,0,6.8,7.6,11.4,7.2,6.4,10.5,12.4,7.5,11.5,7.4,11.5,7.5,8,10.8,7.5,7.8,6.7,8.7,10.9,10.2,6.8,10,7.8,9.1,6.2,7.5,8.5,10.1,7.5,7.1,10.1,7.4,8.4,10.9,9.9,10.9,7.9,7,8.2,10.5,,,,,,,,,,,,,,,,,,,,,,,,,,,,,,,,,,,,,,,,,23.4,23.5,23.5,23.3,23.4,23.6,23.1,23.3,23.6,23.7,23.9,23.7,23.8,23.3,23.7,23.5,23.4,23.3,23.5,23.4,23.4,23.4,23.6,23.1,23.4,23,23.6,23,23.2,23.4,22.9,65,65,61,60,64,63,61,65,64,62,64,64,64,66,67,67,65,63,63,64,65,64,70,63,64,63,63,64,65,64,66,0,0,0,0,0,0,0,0,0,0,0,0,0,0,0,0,0,0,0,0,0,0,0,0,0,0,0,0,0,0,0,17.3,18.8,17.4,20.3,20.4,16.5,17.5,17.5,16.4,16.7,17.6,16.1,17.7,18.5,16.4,17.7,17.7,17.1,17.9,19.2,18.8,17.3,19.7,17.9,17.5,19.1,17.9,16.2,18.2,16.2,20.2,19.1,21.2,18.7,22.7,22,17.6,19.1,18.7,18,18,20.5,16.9,19.4,19.8,17.3,19.8,18.7,18.4,19.1,21.2,20.9,18.7,21.2,19.4,19.8,21.2,19.8,17.3,20.2,17.6,22,,,,,,22.2204,114.2127
2026-10-06T06:00,21.6,20.8,21.1,21.9,21.3,21.2,20.4,21.6,21,21.9,20.9,21.4,21.5,21.1,21.8,20.9,22,21.1,21.3,20.7,21.5,21.1,20.9,21,21.6,21.3,21,21.2,20.9,21.3,20.7,20.4,21.3,20.9,20.6,21,21.1,21.5,21.7,20.8,67,69,74,68,66,71,77,72,72,72,75,73,70,73,67,72,69,71,72,72,69,70,71,71,72,68,71,65,67,71,72,68,70,75,71,74,69,70,67,73,0,0,0,0,0,0,0,0,0,0,0,0,0,0,0,0,0,0,0,0,0,0,0,0,0,0,0,0,0,0,0,0,0,0,0,0,0,0,0,0,6.8,7.2,10.9,7.3,6,9.9,12,7.9,11.2,7.6,10.9,7.2,7.6,10.5,7.5,7.7,7,8.8,10.9,10.2,6.6,10,8,8.8,6.2,7.5,8.2,9.6,7.5,6.8,9.8,7.2,8,10.6,9.9,10.9,7.9,6.3,7.9,10.2,,,,,,,,,,,,,,,,,,,,,,,,,,,,,,,,,,,,,,,,,23.3,23.4,23.4,23.1,23.3,23.6,23,23.2,23.5,23.5,23.8,23.5,23.8,23.2,23.6,23.4,23.3,23.2,23.4,23.3,23.2,23.4,23.5,23,23.2,22.9,23.5,22.9,23.2,23.3,22.8,64,65,60,59,62,62,60,64,62,61,64,64,63,65,66,67,64,62,63,63,64,63,68,62,63,63,62,63,64,63,65,0,0,0,0,0,0,0,0,0,0,0,0,0,0,0,0,0,0,0,0,0,0,0,0,0,0,0,0,0,0,0,16.6,18.4,16.7,19.6,18.7,16.5,16.3,17.1,16.2,16.7,17.6,15.3,16.8,17.4,15.6,17.9,17.3,16.7,16.9,18.1,18.3,16.1,18.2,17.3,16.6,18.4,17.1,15.7,17.7,15.8,19,18.4,20.5,18,21.2,20.2,17.6,17.6,18.4,17.6,18.4,20.2,16.2,18.4,19.1,16.2,20.2,18.4,18,17.6,20.2,19.8,17.3,20.2,18.4,18.7,20.9,18.7,16.6,19.4,17.3,20.9,,,,,,22.2204,114.2127
2026-10-06T07:00,21.7,20.8,21.2,21.9,21.4,21.3,20.6,21.7,21,22,20.9,21.5,21.5,21.1,21.9,21,22,21.1,21.3,20.7,21.6,21.2,21,21,21.6,21.3,21,21.2,21,21.5,20.8,20.6,21.3,21.1,20.6,21.2,21.1,21.5,21.8,20.9,67,69,74,68,67,71,77,72,72,72,76,74,70,73,67,73,70,71,72,71,70,70,70,71,73,69,71,65,67,72,72,67,70,75,70,74,69,70,68,73,0,0,0,0,0,0,0,0,0,0,0,0,0,0,0,0,0,0,0,0,0,0,0,0,0,0,0,0,0,0,0,0,0,0,0,0,0,0,0,0,6.8,7.2,10.6,7,6,9.9,11.9,7.9,10.8,7.5,10.8,7.2,7.8,10.1,7.5,7.8,6.6,8.8,10.9,10.2,6.4,10.3,7.4,9.1,6.3,7.2,8.1,9.6,6.8,7.1,9.8,7.1,8,10.9,10.2,10.9,7.5,6,7.5,10.2,,,,,,,,,,,,,,,,,,,,,,,,,,,,,,,,,,,,,,,,,23.3,23.3,23.3,23.1,23.3,23.6,23.1,23.1,23.4,23.2,23.6,23.3,23.8,23.2,23.5,23.3,23.3,23.2,23.4,23.2,23,23.4,23.5,22.9,23,22.9,23.5,22.9,23.3,23.1,22.8,63,64,60,57,60,62,59,63,60,61,64,65,61,64,64,66,63,61,62,62,63,62,66,61,61,62,61,63,64,61,64,0,0,0,0,0,0,0,0,0,0,0,0,0,0,0,0,0,0,0,0,0,0,0,0,0,0,0,0,0,0,0,16.2,18.1,16.3,18.4,16.9,17,15.9,16.6,15.8,17.1,17.7,14.8,15.6,16.2,14.8,18.3,16.7,16.6,15.3,17.1,17.9,14.8,16.6,16.7,16.3,17.6,16.1,15.3,17.3,15.9,18.2,17.3,19.8,17.3,20.2,18,18,16.6,18,17.3,19.1,19.8,15.5,16.9,17.6,15.1,20.5,18,18.4,16.6,19.1,19.1,16.2,18.7,17.6,17.6,20.2,17.6,16.2,19.1,17.3,19.8,,,,,,22.2204,114.2127
2026-10-06T08:00,22,21,21.5,22,21.7,21.4,20.8,22.1,21.1,22.2,21.3,21.6,22.1,21.4,22.2,21.4,22.3,21.5,21.6,20.9,21.8,21.3,21.2,21.2,22.2,21.7,21.4,21.4,21.3,21.9,21.1,20.8,21.5,21.4,20.9,21.5,21.4,21.8,22,21.4,67,69,73,68,66,71,76,72,72,72,75,73,69,72,67,72,70,71,72,71,70,70,70,70,72,69,71,64,67,71,71,67,70,75,68,74,69,70,68,73,0,0,0,0,0,0,0,0,0,0,0,0,0,0,0,0,0,0,0,0,0,0,0,0,0,0,0,0,0,0,0,0,0,0,0,0,0,0,0,0,7.1,7.5,11.2,7.2,6.3,10.2,12.6,7.8,11.2,7.8,11.5,7.5,7.6,10.5,8.1,8,6.8,8.8,11.2,10.9,6.6,10.5,8.4,9.1,6.5,7.1,8.4,10,7.3,7.5,10.1,7.3,8.5,10.8,10.5,10.8,8.1,6.3,7.3,10.5,,,,,,,,,,,,,,,,,,,,,,,,,,,,,,,,,,,,,,,,,23.4,23.4,23.4,23.2,23.5,23.7,23.2,23.1,23.4,23.2,23.6,23.2,23.9,23.2,23.5,23.4,23.4,23.3,23.4,23.2,23.1,23.6,23.6,23,23.1,23,23.6,23.1,23.4,23.2,23,61,63,59,55,58,61,58,62,58,60,64,66,60,62,62,66,62,59,62,62,62,61,64,60,60,62,60,62,63,60,62,0,0,0,0,0,0,0,0,0,0,0,0,0,0,0,0,0,0,0,0,0,0,0,0,0,0,0,0,0,0,0,15.4,17.5,15.9,17.7,15.3,17.1,15.2,16.3,15.4,17.1,17.7,14.5,14.8,15.2,14.4,18.7,16.1,16.6,14.3,16.2,17.4,13.9,15.6,16.1,15.9,17.1,15.5,14.9,16.9,16,17.4,16.6,18.7,16.9,19.1,16.6,18,15.8,17.6,16.9,19.1,19.8,15.1,15.8,16.6,14.8,20.9,17.6,18.4,15.1,18,18.4,15.1,18,16.9,17.3,19.8,16.9,15.8,18.7,17.3,19.1,,,,,,22.2204,114.2127
2026-10-06T09:00,22.4,21.4,21.9,22.3,22.4,21.6,21.1,22.6,21.3,22.6,21.9,21.9,22.9,22.1,22.5,21.9,22.9,22.1,22.1,21.4,22.1,21.7,21.7,21.5,23.1,22.3,22,21.9,21.8,22.5,21.4,21.3,21.7,22,21.3,21.9,22.2,22.3,22.4,22.2,66,68,71,67,65,70,75,70,71,71,73,72,67,69,64,71,69,69,70,69,69,69,67,69,69,66,70,63,67,69,70,67,69,72,66,72,66,69,67,71,0,0,0,0,0,0,0,0,0,0,0,0,0,0,0,0,0,0,0,0,0,0,0,0,0,0,0,0,0,0,0,0,0,0,0,0,0,0,0,0,7.3,7.8,11.5,7.8,6.9,10.5,13,8.4,11.5,8,11.9,8.2,8.2,10.8,8.1,8.4,7.9,9.1,11.9,11.2,7.5,11.2,8.7,9.7,7,7.8,8.7,10.6,8.1,8,10.8,8,9.1,11.9,11.5,11.2,9,6.6,8.1,11.2,,,,,,,,,,,,,,,,,,,,,,,,,,,,,,,,,,,,,,,,,23.7,23.9,24,23.7,24,24,23.6,23.5,23.7,23.6,23.8,23.1,24.4,23.4,23.7,23.7,24,23.9,23.3,23.3,23.5,23.8,23.9,23.5,23.5,23.3,24,23.6,23.8,23.6,23.6,59,60,57,53,56,60,57,61,56,58,63,66,58,60,60,65,60,56,62,61,60,59,64,58,59,61,59,60,62,58,60,0,0,0,0,0,0,0,0,0,0,0,0,0,0,0,0,0,0,0,0,0,0,0,0,0,0,0,0,0,0,0,14.5,16.5,15.6,16.8,14,16.1,15,15.6,14.7,16.6,17.7,14.2,13.8,14.6,14.6,18.5,15.3,15.9,13.2,15.6,16.6,13.2,15.5,14.9,15.9,16.6,15,14.6,16.4,16.3,16.2,15.8,17.3,16.6,18.4,15.8,17.3,15.5,17.6,16.2,18.4,19.8,15.1,15.1,15.8,15.1,21.2,17.3,18,13.7,17.3,17.6,14.8,19.8,16.2,18.4,19.1,17.3,15.5,18.7,18,18.4,,,,,,22.2204,114.2127
2026-10-06T10:00,22.8,21.7,22.5,22.7,23.2,22,21.6,23.2,21.5,23,22.6,22.5,23.9,22.8,23.1,22.5,23.6,23,22.9,22,22.5,22.5,22.2,22.1,23.8,23,22.8,22.6,22.2,23.2,22,22.1,22,22.8,21.9,22.2,23,22.9,23.1,23.1,65,67,69,66,62,68,73,68,70,69,71,70,63,66,60,68,67,66,67,67,67,66,62,65,67,63,67,60,65,66,68,64,69,70,62,70,64,66,64,67,0,0,0,0,0,0,0,0,0,0,0,0,0,0,0,0,0,0,0,0,0,0,0,0,0,0,0,0,0,0,0,0,0,0,0,0,0,0,0,0,7.4,8,11.9,8,7.6,10.9,13.7,8.3,11.9,8.4,12.2,8.8,8.9,11.5,10.1,8.7,8.4,9.4,12.6,11.5,8.3,11.5,9,11.6,8,7.7,9,10.9,8.1,9.8,10.8,9,9.4,12.3,11.5,11.5,10.1,6.5,9.2,11.5,,,,,,,,,,,,,,,,,,,,,,,,,,,,,,,,,,,,,,,,,24.1,24.7,24.7,24.4,24.6,24.3,24.1,24.1,24.2,24.2,24.2,23,25.1,23.6,24,24.1,24.7,24.6,23.2,23.6,24.1,24.2,24.2,24.3,24.1,23.6,24.5,24.2,24.3,24.2,24.3,57,57,56,51,55,58,56,60,55,55,61,66,56,57,58,64,57,53,62,61,57,57,64,57,58,61,58,58,61,56,58,0,0,0,0,0,0,0,0,0,0,0,0,0,0,0,0,0,0,0,0,0,0,0,0,0,0,0,0,0,0,0,13.8,15.1,15.2,15.8,13,15,14.8,15.3,14.1,15.4,17.6,14.7,13.1,14.2,14.9,18.6,13.8,15.7,12.1,15.3,15.8,13.2,16.6,13.6,16.7,16.3,15.4,14,15.9,16.8,14.9,14.8,16.2,16.6,18,15.8,15.8,15.5,17.6,15.5,16.9,19.8,15.5,14.4,15.8,15.8,21.6,16.9,18,12.6,16.9,16.6,14.8,22.3,15.1,20.2,18.7,18.4,15.1,19.1,18.7,17.6,,,,,,22.2204,114.2127
2026-10-06T11:00,23.2,22.1,23.2,23.2,23.9,22.5,22.3,23.7,21.9,22.9,23.2,22.9,25,23.3,23.5,23.2,24.4,23.9,23.7,22.6,22.9,23.4,22.9,22.6,24.4,23.8,23.7,23.5,22.7,23.7,22.5,23.2,22.4,24,22.3,22.9,23.8,23.5,23.7,24.1,63,65,66,64,59,66,71,66,69,68,69,68,59,63,57,66,63,63,64,64,66,63,57,63,64,60,63,58,62,65,66,60,67,66,60,67,60,63,62,64,0,0,0,0,0,0,0,0,0,0,0,0,0,0,0,0,0,0,0,0,0,0,0,0,0,0,0,0,0,0,0,0,0,0,0,0,0,0,0,0,7.7,9.4,12.6,8.3,10.9,11.9,15.6,9,12.3,9,15.2,9.1,9.8,13,12.3,9,11.6,10.1,13.7,11.5,12.3,12.6,13.6,15,12.7,9,10.2,11.6,10.8,13.6,14.2,12.2,10.4,12.6,11.9,13.7,13.5,6.8,13.3,12.7,,,,,,,,,,,,,,,,,,,,,,,,,,,,,,,,,,,,,,,,,24.5,25.3,25.4,25,25.2,24.6,24.6,24.7,24.5,24.8,24.6,23,25.7,23.8,24.3,24.4,25.3,25.3,23.2,23.7,24.7,24.6,24.4,24.9,24.7,24.1,24.9,24.8,24.6,24.7,25,56,55,55,51,54,57,56,60,54,54,60,65,55,55,56,64,56,52,62,61,56,56,65,56,58,60,57,57,61,55,57,0,0,0,0,0,0,0,0,0,0,0,0,0,0,0,0,0,0,0,0,0,0,0,0,0,0,0,0,0,0,0,13.5,14,15,15.8,13.4,14.2,15,15.7,13.9,14.8,17.8,15.3,13,13.8,14.9,18.6,13.3,15.4,11.9,15.1,15.3,13.4,17.7,12.8,17.8,16.4,15.6,13.9,16.1,17.3,14.7,14.8,15.5,16.6,18,16.6,15.5,16.6,18.4,15.1,16.2,20.2,15.8,14.4,15.5,16.2,22.3,16.9,18,12.2,16.6,16.6,15.1,24.1,15.1,22,18.4,19.4,15.1,19.4,19.8,17.6,,,,,,22.2204,114.2127
2026-10-06T12:00,23.8,22.2,23.6,23.7,24.6,22.8,23.2,24,22,22.9,23.8,23,25.7,23.8,23.9,23.7,25.1,24.9,24.5,23.1,23.3,24.3,23.3,23.1,24.8,24.5,24.5,24.3,23,24,22.8,24.1,22.6,24.9,22.7,23.2,23.9,23.9,24.4,25,59,65,65,62,56,64,67,64,68,67,67,67,56,62,55,63,61,60,61,63,65,60,54,61,62,58,61,57,60,63,64,58,66,64,59,66,59,60,60,61,0,0,0,0,0,0,0,0,0,0,0,0,0,0,0,0,0,0,0,0,0,0,0,0,0,0,0,0,0,0,0,0,0,0,0,0,0,0,0,0,8.7,13.3,15.8,12.3,13.5,14.8,17.1,11.2,14.5,12.6,16,11.2,13.7,15.9,13.4,14.1,13.8,11.6,15.6,11.9,14.2,13.7,14.5,16.3,13.8,13.4,13,14.4,14.4,14.7,14.9,14.8,11.5,15.7,12.7,15.5,14.6,7.6,14.5,14.8,,,,,,,,,,,,,,,,,,,,,,,,,,,,,,,,,,,,,,,,,24.7,25.8,25.9,25.6,25.7,24.9,25.1,25.1,24.7,25.3,25.2,23,25.9,24,24.7,24.5,25.6,25.8,23.1,23.7,25.2,25.1,24.5,25.4,25.2,24.6,25.2,25.2,24.8,25.1,25.5,56,56,56,53,55,58,56,62,54,54,60,64,57,54,55,65,56,53,62,62,57,56,65,57,59,59,58,57,61,56,58,0,0,0,0,0,0,0,0,0,0,0,0,0,0,0,0,0,0,0,0,0,0,0,0,0,0,0,0,0,0,0,14.1,14.4,15.4,17,15.2,14.5,16.4,17.3,14,14.2,18.7,16.3,13.9,13.5,14.6,19.6,13.4,15.9,12.7,15.5,15.8,14.3,18.5,13.2,19.9,17,16.8,14.8,16.9,17.9,16.1,15.8,16.2,17.3,19.1,18.7,16.6,19.1,20.2,15.1,15.8,20.9,16.9,15.8,15.1,16.2,23.8,17.6,18.7,13,16.6,17.6,16.6,23.8,16.2,24.1,18.7,20.5,16.2,20.5,21.2,19.1,,,,,,22.2204,114.2127
2026-10-06T13:00,23.4,22.2,23.9,24.1,25,23.2,23.9,24.5,22.2,22.9,24.4,22.8,26.3,24.3,24.4,24,25.7,25.4,25.4,23.5,23.3,24.8,23.8,23.6,24.9,25.1,25.3,24.9,23.1,23.9,22.8,25,22.8,25.8,22.7,23.6,24.2,24.1,24.8,25.4,58,66,63,62,56,63,65,63,67,66,64,66,54,60,55,62,59,60,59,62,64,58,53,61,61,57,60,57,60,62,64,56,66,62,58,66,58,58,59,60,0,0,0,0,0,0,0,0,0,0,0,0,0,0,0,0,0,0,0,0,0,0,0,0,0,0,0,0,0,0,0,0,0,0,0,0,0,0,0,0,13,14.4,16.6,13.4,14.2,15.5,17.5,13.8,15.6,10.9,16.3,13,14.1,17,14.5,15.2,14.1,14.5,17,13,15,16.3,14.5,16.7,13.8,13.8,13.6,15.8,15.5,15,15.3,15.2,14.1,16,14.8,15.9,14.6,11.9,15.2,14.5,,,,,,,,,,,,,,,,,,,,,,,,,,,,,,,,,,,,,,,,,24.9,26.2,26.3,26.2,26,25,25.6,25.4,24.8,25.7,25.8,23.2,26,24.2,25.1,24.5,25.7,26.2,23.1,23.6,25.5,25.8,24.4,25.7,25.5,25.3,25.3,25.7,24.9,25.3,25.9,57,58,58,56,58,59,57,64,54,55,60,63,60,54,54,67,58,56,63,63,59,56,65,60,61,58,59,59,62,58,61,0,0,0,0,0,0,0,0,0,0,0,0,0,0,0,0,0,0,0,0,0,0,0,0,0,0,0,0,0,0,0,15.3,16.3,16.5,18.4,18.2,16,18.5,19.2,14.6,14.6,19.5,17,16.1,13.7,14.2,20.9,14.4,17.3,14.4,15.6,17.3,16,19.3,15.8,22.3,17.7,18.9,16.4,18.4,18.5,18.6,17.6,18,18.4,20.9,22,18.4,22.3,22.3,15.1,16.2,21.6,18,17.6,15.1,15.5,25.6,18.7,20.2,14.8,16.6,19.1,18.4,22.7,18,26.3,19.4,21.6,18,21.6,22.7,21.6,,,,,,22.2204,114.2127
2026-10-06T14:00,23.6,22.5,24.4,24.2,25.4,23.1,24.3,24.4,22.1,22.7,24.8,22.7,26.7,24.7,25,24.1,25.9,25.7,25.7,23.5,23.2,25.2,23.9,23.9,25.1,25.3,25.7,25.1,23.1,23.8,23.3,25.4,22.9,26.3,22.7,23.8,24.2,24.1,24.9,25.9,58,65,62,61,56,63,64,62,68,65,63,66,54,60,55,62,58,59,59,62,63,57,54,60,61,56,60,57,60,61,63,56,66,61,58,66,57,57,58,59,0,0,0,0,0,0,0,0,0,0,0,0,0,0,0,0,0,0,0,0,0,0,0,0,0,0,0,0,0,0,0,0,0,0,0,0,0,0,0,0,13.3,14.8,16.9,14.1,14.5,15.5,17.5,14.5,15.9,15.2,16,11.2,14.5,17,14.5,15.6,13.7,15.2,16.9,13.3,14.9,15.9,14,16.6,13.4,13.8,13.2,16.2,15.5,14.5,15.6,14.9,11.6,16.3,14.1,15.2,14.2,13.4,15.2,14.4,,,,,,,,,,,,,,,,,,,,,,,,,,,,,,,,,,,,,,,,,25,26.5,26.6,26.6,26.2,25.1,25.9,25.7,24.9,26,26.2,23.2,26.1,24.3,25.4,24.4,25.8,26.5,23,23.5,25.9,26.2,24.4,26,25.8,25.7,25.4,25.9,25,25.4,26.3,58,60,60,58,60,61,58,66,55,57,60,62,62,54,54,68,59,58,63,64,61,56,65,62,62,57,60,60,62,59,63,0,0,0,0,0,0,0,0,0,0,0,0,0,0,0,0,0,0,0,0,0,0,0,0,0,0,0,0,0,0,0,16.6,18.2,18,20.4,20.7,17.1,19.9,21,15.2,15.5,21,17.9,18.1,14.2,14,22.1,15.8,19.1,15.6,15.6,18.6,17.7,19.8,18.1,24,19,20.2,18.1,19.3,19.5,20.5,19.1,19.4,19.4,22.3,24.1,19.8,24.5,23.8,15.8,16.6,22.7,19.1,19.4,15.5,15.5,26.6,19.8,21.2,16.2,16.6,20.5,20.2,21.6,19.8,27.4,20.5,22.3,19.4,22.7,23.8,23.4,,,,,,22.2204,114.2127
2026-10-06T15:00,23.6,22.7,24.4,24.2,25.3,23.3,24.3,24.5,22.2,22.7,24.8,23,26.8,25,25.3,24,26.1,25.9,25.7,23.7,23.1,25.3,24,24.2,25.1,25.5,25.8,25.4,23.2,23.8,23.8,25.5,22.9,26.5,23,24,24.4,24,25,26.1,58,64,63,61,56,63,63,62,69,64,63,65,54,60,55,62,58,58,59,61,62,56,55,59,60,56,60,56,59,59,61,56,65,60,57,66,57,56,58,58,0,0,0,0,0,0,0,0,0,0,0,0,0,0,0,0,0,0,0,0,0,0,0,0,0,0,0,0,0,0,0,0,0,0,0,0,0,0,0,0,11.9,14.8,16.9,14.1,14.5,15.2,17.1,14.9,16.2,15.5,15.7,10.5,14.8,16.6,14.1,15.3,13.6,15.2,17.3,13.7,14.5,15.5,13.5,16.6,13.6,13.8,13.1,15.5,14.8,14.2,15.5,14.1,11.6,15.9,13.3,14.9,13.8,13.8,15.6,13.9,,,,,,,,,,,,,,,,,,,,,,,,,,,,,,,,,,,,,,,,,25,26.7,26.7,26.7,26.3,25,25.9,26,24.8,26.2,26.4,23.2,26.3,24.3,25.6,24.4,25.9,26.6,23,23.4,26.2,26.2,24.4,26.2,26,25.9,25.5,26,25,25.4,26.6,59,61,62,59,61,62,59,66,57,59,60,63,63,54,55,68,59,59,63,65,62,57,64,63,62,58,61,61,62,60,64,0,0,0,0,0,0,0,0,0,0,0,0,0,0,0,0,0,0,0,0,0,0,0,0,0,0,0,0,0,0,0,17.9,19.8,19.4,21.9,22.2,17.8,20.6,21.7,16.1,16.8,22.6,18.5,19.8,15.4,14.5,22.1,16.9,20.9,16.6,15.2,19.3,19.3,19.8,19.8,24.3,20.8,21,18.8,20,19.9,21,20.2,20.9,20.5,23,25.2,20.5,24.8,24.1,16.9,17.3,23.8,20.2,20.5,16.6,15.8,25.9,20.2,22.7,17.3,16.6,20.9,22,21.2,21.2,27,22,22.3,19.8,23,23.8,23.8,,,,,,22.2204,114.2127
2026-10-06T16:00,23.5,22.6,24.2,24.1,25.1,23.1,23.9,24.4,22.1,22.5,24.5,23.2,26.5,24.9,25.2,23.7,25.9,25.7,25.4,23.4,22.7,25.1,23.7,24,24.8,25.3,25.5,25.4,23.1,23.7,23.7,25.2,22.7,26.3,22.9,23.8,24.2,23.5,24.8,25.8,58,64,63,60,56,63,64,62,69,63,64,64,54,60,56,63,59,59,60,62,62,57,57,59,60,57,60,56,59,58,61,56,66,61,58,68,57,57,59,59,0,0,0,0,0,0,0,0,0,0,0,0,0,0,0,0,0,0,0,0,0,0,0,0,0,0,0,0,0,0,0,0,0,0,0,0,0,0,0,0,9.7,14.1,15.5,14.1,14.2,14.8,16.3,14.2,15.9,15.2,15.7,9,14.8,15.9,13.7,14.6,13.3,14.9,17,12.2,13.8,15.2,12.8,15.8,13.6,13.7,13.1,15.1,14.4,13.8,14.9,13.4,9.7,15.5,13.3,14.1,13.2,13.8,14.9,13.6,,,,,,,,,,,,,,,,,,,,,,,,,,,,,,,,,,,,,,,,,25,26.7,26.7,26.6,26.3,24.9,25.8,26.4,24.7,26.2,26.4,23.1,26.6,24.1,25.8,24.4,26,26.6,23.1,23.4,26.6,25.9,24.5,26.3,26.1,26,25.6,25.9,25,25.3,26.9,60,63,65,59,61,63,60,66,59,61,61,64,62,55,57,68,59,59,62,66,63,57,62,63,61,59,62,62,61,60,65,0,0,0,0,0,0,0,0,0,0,0,0,0,0,0,0,0,0,0,0,0,0,0,0,0,0,0,0,0,0,0,19,21.2,20.8,23.2,23.3,18.1,20.9,21.8,17.2,18.3,24.6,19.2,21.2,16.9,15.2,21.9,17.9,22.5,17.1,14.5,19.7,20.7,19.2,21.7,23.6,22.6,20.7,18.9,20.6,20.1,20.6,20.5,22.3,22,23.8,25.6,20.5,24.5,24.1,18.7,18.4,25.2,20.9,21.6,18,16.2,24.1,20.5,24.1,18.4,16.2,20.9,23.4,20.9,22.7,25.6,23.8,22,19.8,23,23.4,23.4,,,,,,22.2204,114.2127
2026-10-06T17:00,23.2,22.3,23.8,23.8,24.5,22.9,23.3,23.8,21.8,22.3,24,23.1,25.9,24.6,24.9,23.2,25.4,25.1,24.9,22.9,22.7,24.6,23.3,23.8,24,24.7,25.1,25.1,23.1,23.2,23.4,24.6,22.7,25.8,22.7,23.7,23.7,22.9,24.5,25.2,58,63,65,60,58,63,65,63,69,62,67,65,56,59,57,64,60,61,61,63,61,58,59,59,61,57,62,57,59,58,62,58,66,63,60,69,59,57,60,62,0,0,0,0,0,0,0,0,0,0,0,0,0,0,0,0,0,0,0,0,0,0,0,0,0,0,0,0,0,0,0,0,0,0,0,0,0,0,0,0,8,13.3,13.7,13.4,13.1,14.1,15.1,13.4,14.8,14.1,15.3,7.7,14.1,14.5,12.3,13.8,13,13.9,15.6,11.2,12.6,14.1,12.4,14.1,13,13,12.2,14.4,10.4,13,13.9,12.3,9.4,14.8,10.8,12.6,12.5,13.4,14.2,13,,,,,,,,,,,,,,,,,,,,,,,,,,,,,,,,,,,,,,,,,24.9,26.7,26.7,26.5,26.2,24.7,25.6,26.6,24.6,26.2,26.3,23.1,26.7,24,25.9,24.3,26,26.5,23.2,23.4,26.7,25.7,24.6,26.4,26.1,25.9,25.6,25.8,25,25.1,27.1,60,63,66,59,61,64,61,65,61,63,61,65,62,56,58,68,59,59,62,67,63,58,61,63,60,60,62,62,61,60,65,0,0,0,0,0,0,0,0,0,0,0,0,0,0,0,0,0,0,0,0,0,0,0,0,0,0,0,0,0,0,0,19.3,21.9,21.6,23.5,23.6,18.1,21,21.7,17.9,19.2,25.3,19,22.2,17.4,15.8,21.3,18.7,23.2,17.2,14.1,20,21.8,18.7,22.4,23,23.6,20.8,18.9,20.6,19.8,20.5,20.9,23.4,23,24.8,25.2,20.5,23.8,23.8,19.8,19.4,25.9,20.9,22.7,18.7,16.9,22.3,20.5,24.8,18.7,15.5,20.9,24.8,20.9,23.4,24.1,24.8,22,19.8,22.7,22.7,23,,,,,,22.2204,114.2127
2026-10-06T18:00,22.7,22,23.5,23.2,23.6,22.8,22.9,23.5,21.7,22.1,23.4,22.9,25,24,24.3,22.7,24.6,24.1,24.3,22.5,22.5,24,23,23.3,23,24,24.3,24.6,22.5,22.6,23.1,23.9,22.5,25,22.5,23.6,23,22.4,23.9,24.3,59,62,66,60,60,64,66,63,70,61,70,64,58,60,59,63,60,64,62,65,61,60,60,60,63,58,64,58,59,59,62,60,66,66,61,71,61,58,61,65,0,0,0,0,0,0,0,0,0,0,0,0,0,0,0,0,0,0,0,0,0,0,0,0,0,0,0,0,0,0,0,0,0,0,0,0,0,0,0,0,6.2,12.3,11.5,9.7,11.6,12.2,13,10.1,13.4,9.7,14.7,6.6,10.1,12.1,10.1,12.3,11.2,12,12.4,10.1,8,11.6,10.9,10.1,11.8,9.4,10.9,11.7,9,11.2,11.7,9,8,13.6,8.6,9.8,11.3,10.5,8.6,11.4,,,,,,,,,,,,,,,,,,,,,,,,,,,,,,,,,,,,,,,,,24.8,26.7,26.7,26.4,26.1,24.7,25.4,26.6,24.6,26,26,23.2,26.6,24,25.9,24.2,25.9,26.3,23.3,23.5,26.6,25.5,24.5,26.3,25.9,25.8,25.6,25.7,24.9,24.9,27.3,60,62,66,58,61,64,60,64,63,63,61,65,61,56,59,67,59,59,62,66,63,58,60,62,59,60,61,62,60,60,64,0,0,0,0,0,0,0,0,0,0,0,0,0,0,0,0,0,0,0,0,0,0,0,0,0,0,0,0,0,0,0,18.7,21.5,22,23.6,22.4,17.3,20.5,21.2,18.1,19.1,24.4,17.8,22.4,16.9,15.8,20.3,18.7,22.4,16.2,12.8,20.5,22.3,18.7,21.8,22,22.7,20.8,18.8,20.1,19,20.7,20.5,23.8,24.1,27,24.1,19.8,23.4,23.4,20.2,20.2,25.6,19.8,24.5,18.7,17.6,20.9,20.2,24.5,17.6,14,22,26.3,20.9,22.7,23,24.1,22.3,20.2,22.3,21.2,23.8,,,,,,22.2204,114.2127
2026-10-06T19:00,22.4,21.8,23.3,22.9,23.3,22.7,22.7,23.2,21.6,22.1,23.1,22.9,24.5,23.6,24,22.5,24.2,23.5,24,22.3,22.4,23.7,22.8,23,22.6,23.5,23.9,24.4,22.1,22.4,23,23.3,22.4,24.4,22.4,23.6,22.8,22.2,23.5,23.8,60,62,66,60,61,64,67,64,70,60,71,64,57,61,59,63,62,65,63,66,61,62,62,61,62,58,65,58,59,59,62,60,67,69,62,72,62,59,62,67,0,0,0,0,0,0,0,0,0,0,0,0,0,0,0,0,0,0,0,0,0,0,0,0,0,0,0,0,0,0,0,0,0,0,0,0,0,0,0,0,6.2,8.6,9.4,7.2,6.2,10.4,11.5,7.2,11.9,8,13.6,6.2,6.8,10,7,9,6.8,9,10.5,9.4,7.6,9.2,7.6,8.4,6.1,7.2,9.4,9.4,7.8,7.6,9.1,6.8,7.6,12.4,7.2,8.6,7.6,6.9,7,9,,,,,,,,,,,,,,,,,,,,,,,,,,,,,,,,,,,,,,,,,24.7,26.7,26.7,26.1,25.9,24.7,25.1,26.5,24.5,25.9,25.7,23.4,26.4,24,25.8,24.1,25.6,26.1,23.3,23.6,26.4,25.3,24.3,26.1,25.6,25.5,25.5,25.6,24.8,24.6,27.4,59,60,65,56,60,63,59,62,64,63,60,63,60,57,59,66,60,58,62,65,63,57,60,60,58,60,60,61,59,59,63,0,0,0,0,0,0,0,0,0,0,0,0,0,0,0,0,0,0,0,0,0,0,0,0,0,0,0,0,0,0,0,17.8,20.8,22.1,24,20.4,16.3,19.9,20.7,17.9,18.6,22.6,16.1,22.6,16,15.5,19.1,18.4,21.1,14.6,11.1,21.6,22.6,18.5,20.3,20.9,20.9,20.3,18.5,19.2,18,21.8,19.8,23.8,24.8,29.2,22.7,18.7,22.7,23.4,19.8,20.5,24.5,17.6,26.6,18.4,18.4,19.4,19.8,23.4,15.8,12.2,23.4,27.4,20.9,21.2,22.3,22.7,23,20.2,21.6,19.8,24.5,,,,,,22.2204,114.2127
2026-10-06T20:00,22.2,21.8,23.3,22.7,23.1,22.8,22.7,23.1,21.7,22.2,23.2,22.8,24.2,23.5,23.9,22.5,23.9,23.3,23.8,22.3,22.5,23.6,22.7,22.8,22.4,23.2,23.8,24.2,22,22.2,23.1,23,22.4,24.1,22.5,23.7,22.8,22.2,23.3,23.6,60,62,66,60,61,65,68,64,70,59,71,65,57,63,61,63,63,66,64,67,61,63,64,62,62,60,65,59,59,59,62,60,67,70,63,73,63,60,62,67,0,0,0,0,0,0,0,0,0,0,0,0,0,0,0,0,0,0,0,0,0,0,0,0,0,0,0,0,0,0,0,0,0,0,0,0,0,0,0,0,5.8,7.6,9.5,6.2,5.6,9.1,11.5,6.5,11.2,7.6,12.5,5.6,5.8,9.3,6.3,7.9,5.9,8.6,9.8,9.4,6.5,7.9,6.9,7.7,5.2,5.8,8.3,9.1,6.7,6.5,8,5.8,7.2,10.9,6.8,8.7,7.2,5.4,6,7.9,,,,,,,,,,,,,,,,,,,,,,,,,,,,,,,,,,,,,,,,,24.6,26.6,26.7,25.9,25.8,24.7,24.9,26.4,24.5,25.7,25.4,23.5,26.2,24,25.8,24,25.4,25.9,23.4,23.7,26.2,25.1,24.2,26,25.3,25.3,25.4,25.4,24.6,24.4,27.4,59,58,64,55,59,62,58,61,65,62,60,63,59,58,59,66,60,58,62,64,63,57,60,59,58,60,59,61,59,59,62,0,0,0,0,0,0,0,0,0,0,0,0,0,0,0,0,0,0,0,0,0,0,0,0,0,0,0,0,0,0,0,16.9,20.5,22.7,24.4,18.9,15.3,19,20.6,17.4,18.1,21,14.8,22.4,15.6,15,18,17.7,19.8,13.6,10.1,21.7,22.1,18.5,18.8,20.5,19.5,20.3,18.1,18.2,17.2,22.6,19.1,23.4,25.2,30.2,21.6,17.6,21.6,23,19.4,20.5,23.4,15.8,27.7,17.6,18.7,18.4,19.1,22.3,14.4,11.2,23.8,27.4,20.5,20.2,21.6,21.6,23.4,20.2,20.9,18.4,24.8,,,,,,22.2204,114.2127
2026-10-06T21:00,22.1,21.8,23.3,22.7,23,22.8,22.9,23.1,21.7,22.2,23.2,22.7,24,23.3,23.8,22.5,23.8,23.1,23.6,22.4,22.5,23.4,22.6,22.6,22.3,23.1,23.6,23.9,22,22.1,23.1,22.7,22.3,23.9,22.6,23.7,22.9,22.2,23.1,23.5,61,63,66,60,63,66,68,65,70,60,71,66,58,64,62,64,64,68,64,67,62,64,65,64,63,61,66,60,59,60,63,61,67,71,63,74,64,61,64,68,0,0,0,0,0,0,0,0,0,0,0,0,0,0,0,0,0,0,0,0,0,0,0,0,0,0,0,0,0,0,0,0,0,0,0,0,0,0,0,0,5.4,6.5,9.5,5.4,5.2,8.4,11.4,5.8,10.5,6.9,11.1,5.2,5.4,9,5.9,7.2,5.2,8.3,9.5,9,6.1,7.3,6.2,6.9,5.2,5.6,7.2,8.8,6.2,5.4,7.7,4.8,6.5,9.2,7.3,8.7,6.9,5.1,6.2,7.6,,,,,,,,,,,,,,,,,,,,,,,,,,,,,,,,,,,,,,,,,24.5,26.5,26.6,25.8,25.7,24.7,24.7,26.3,24.6,25.7,25.3,23.6,26,24,25.8,23.8,25.2,25.8,23.5,23.7,26,24.9,24,25.9,25.1,25.3,25.2,25.3,24.5,24.3,27.2,59,58,63,55,59,61,58,60,64,61,60,64,58,60,59,66,60,58,63,64,63,57,61,59,58,61,60,61,60,58,62,0,0,0,0,0,0,0,0,0,0,0,0,0,0,0,0,0,0,0,0,0,0,0,0,0,0,0,0,0,0,0,16.5,20,22.2,23.7,18.4,14.6,17.6,20.7,16.6,17.3,20.2,13.6,21.6,15.5,14.5,16.8,16.5,19.3,13.2,10.5,20.1,20.6,18,18,20,18.5,19.7,17.4,17.2,16.7,22.4,18.4,22.7,24.5,29.2,21.2,16.9,20.2,23,18.4,19.4,22.7,14.4,26.6,16.9,18.7,17.3,18,21.6,14,11.2,22,25.2,19.8,19.4,21.6,21.2,22.7,19.4,19.8,17.6,24.8,,,,,,22.2204,114.2127
2026-10-06T22:00,22,21.6,23.2,22.7,22.9,22.8,22.9,23,21.7,22.1,23.1,22.7,23.8,23.1,23.7,22.4,23.7,22.9,23.4,22.4,22.5,23.2,22.6,22.5,22.2,23,23.6,23.7,22,22,23.1,22.5,22.2,23.6,22.8,23.7,23,22.2,22.9,23.3,63,63,66,60,64,67,68,66,70,61,72,67,59,65,62,65,65,68,65,68,62,65,66,64,64,62,67,60,59,61,64,63,66,72,63,74,65,62,65,70,0,0,0,0,0,0,0,0,0,0,0,0,0,0,0,0,0,0,0,0,0,0,0,0,0,0,0,0,0,0,0,0,0,0,0,0,0,0,0,0,5,5.8,9.1,5.2,4.8,8,10.7,5.1,9.5,6.5,9.6,5.1,5.1,8.9,5.5,6.5,5.2,7.9,9.1,8.6,5.8,6.8,5.4,6.9,4.8,5.2,6.9,8.4,5.8,4.8,7.3,4.7,6.5,8.1,8,8.4,6.6,4.3,6.2,7.2,,,,,,,,,,,,,,,,,,,,,,,,,,,,,,,,,,,,,,,,,24.5,26.3,26.5,25.6,25.7,24.6,24.6,26.2,24.6,25.8,25.3,23.5,25.9,23.9,25.8,23.6,25.1,25.7,23.5,23.7,25.9,24.7,23.7,25.8,25,25.3,25,25.2,24.4,24.3,26.9,60,58,63,56,58,60,58,59,63,61,60,65,58,63,59,67,60,58,65,65,63,56,63,59,59,61,62,62,62,58,62,0,0,0,0,0,0,0,0,0,0,0,0,0,0,0,0,0,0,0,0,0,0,0,0,0,0,0,0,0,0,0,15.9,19.6,20.7,22.7,18.6,14.1,16.2,20.2,15.5,16.3,19.7,12.4,20.3,14.8,14.3,16.1,15.6,18.8,13.4,11.9,17.6,18.8,17.1,17.6,20,17.9,18.8,16.9,16.5,16.1,21.7,18,22,23.4,26.6,21.2,16.2,18,23.4,17.3,17.6,22.3,13,24.1,16.2,18.4,16.2,16.6,21.2,13.7,11.9,19.4,22,18.4,19.1,22,21.2,21.6,18,18.4,16.9,24.1,,,,,,22.2204,114.2127
2026-10-06T23:00,22,21.5,23.2,22.6,22.8,22.8,22.8,23,21.7,22.1,23.1,22.6,23.6,22.8,23.5,22.2,23.5,22.8,23.1,22.4,22.6,23,22.6,22.5,22.1,22.9,23.4,23.3,22,21.9,23,22.3,22.2,23.4,23,23.6,22.9,22.2,22.8,23.1,63,63,66,60,65,67,68,66,71,62,71,68,60,65,62,66,65,69,65,68,63,65,67,64,64,62,68,60,60,62,65,64,66,73,61,74,66,63,65,70,0,0,0,0,0,0,0,0,0,0,0,0,0,0,0,0,0,0,0,0,0,0,0,0,0,0,0,0,0,0,0,0,0,0,0,0,0,0,0,0,4.7,5.4,8.7,4.9,4.6,8,9.6,5.2,8.8,6.2,9,5.1,4.8,8.1,5.2,6.1,5.1,7.6,9.1,8.3,5.4,6.8,4.7,6.6,4.5,4.8,6.1,8.4,5.8,4.4,7.3,4.4,6.1,7.7,8,8.1,6.5,4,6.2,6.9,,,,,,,,,,,,,,,,,,,,,,,,,,,,,,,,,,,,,,,,,24.4,26.1,26.4,25.5,25.6,24.6,24.4,26.1,24.6,25.8,25.2,23.5,25.7,23.9,25.8,23.4,25,25.6,23.6,23.7,25.8,24.5,23.5,25.6,24.8,25.3,24.8,25.1,24.3,24.2,26.6,60,58,62,56,58,60,59,59,62,60,60,66,58,65,59,68,60,58,67,66,63,56,65,59,60,62,64,62,63,58,62,0,0,0,0,0,0,0,0,0,0,0,0,0,0,0,0,0,0,0,0,0,0,0,0,0,0,0,0,0,0,0,15.8,19.1,19.5,21.3,18.6,13.6,15.1,19.7,14.8,15.5,19.1,11.9,19.2,14.8,13.8,15.7,14.8,18.3,13.5,12.6,16.1,17,16.8,16.9,20.2,17.7,18.4,16.5,16.1,15.9,20.8,17.3,20.9,22.3,24.1,20.9,15.5,16.6,23,16.2,16.2,21.6,12.2,22,15.5,17.6,15.5,15.5,20.5,13.7,12.6,17.6,18.7,17.6,18.4,22.7,21.2,20.5,17.3,17.3,16.6,23.4,,,,,,22.2204,114.2127
2026-10-07T00:00,21.9,21.4,23,22.6,22.7,22.6,22.7,22.9,21.6,22.1,22.9,22.5,23.4,22.5,23.4,22.1,23.3,22.7,22.9,22.4,22.6,22.7,22.5,22.4,22,22.9,23.3,23.1,22,21.8,22.8,22.1,22.1,23.1,23.1,23.3,22.8,22.2,22.7,22.9,64,63,65,60,66,68,67,68,71,62,70,70,62,64,62,67,65,68,64,69,64,66,68,65,65,62,69,60,61,64,65,66,66,74,59,75,67,63,65,69,0,0,0,0,0,0,0,0,0,0,0,0,0,0,0,0,0,0,0,0,0,0,0,0,0,0,0,0,0,0,0,0,0,0,0,0,0,0,0,0,4.7,5.2,8.6,4.9,4.5,7.9,8.5,4.8,8.4,5.9,8.6,4.7,4.8,8,4.7,5.8,4.7,7.2,8.7,7.9,5.1,6.8,4.7,6.6,4.1,4.8,5.8,7.6,5.5,4,7.6,4.7,6.1,7.3,8.4,7.8,5.8,4,6.2,7.2,,,,,,,,,,,,,,,,,,,,,,,,,,,,,,,,,,,,,,,,,24.3,25.9,26.2,25.3,25.4,24.5,24.2,25.9,24.4,25.7,25.1,23.5,25.5,23.9,25.7,23.3,24.9,25.4,23.6,23.6,25.7,24.4,23.5,25.4,24.6,25.2,24.7,25,24.2,24.1,26.3,60,58,61,56,58,60,60,59,61,60,60,67,58,66,59,69,61,58,68,67,63,57,66,60,62,62,64,62,64,60,62,0,0,0,0,0,0,0,0,0,0,0,0,0,0,0,0,0,0,0,0,0,0,0,0,0,0,0,0,0,0,0,15.6,17.8,18.7,19.2,17.6,13.4,14.5,18.5,14.5,15.1,18.4,11.8,18.1,14.8,13.3,15.8,14.8,17.4,12.9,12.6,16,15.1,16.5,16,20.9,18.4,18.2,16.4,16.1,15.5,19.3,16.6,19.4,21.2,21.6,19.4,14.8,15.5,21.6,15.5,15.5,20.9,11.9,20.2,15.5,16.6,15.8,15.1,19.1,13.3,13,17.3,15.8,17.3,17.6,24.1,21.6,20.2,17.3,17.3,16.6,21.6,,,,,,22.2204,114.2127
2026-10-07T01:00,21.8,21.3,22.9,22.5,22.6,22.4,22.5,22.7,21.6,22.1,22.6,22.3,23.1,22.1,23.3,21.9,23,22.6,22.6,22.3,22.4,22.5,22.5,22.3,21.9,22.9,23.1,23,21.8,21.7,22.6,21.9,22,23,23,23.1,22.6,22.1,22.5,22.6,64,63,65,60,67,68,67,68,71,63,67,71,62,63,62,67,64,68,64,70,64,66,69,64,65,63,69,60,61,65,65,67,66,74,57,75,68,64,65,68,0,0,0,0,0,0,0,0,0,0,0,0,0,0,0,0,0,0,0,0,0,0,0,0,0,0,0,0,0,0,0,0,0,0,0,0,0,0,0,0,4.7,5.2,8.6,4.9,4.5,7.9,8.8,4.8,8.4,5.9,8.9,4.7,4.8,8,4.7,5.4,4.6,6.5,8.6,7.6,5.1,6.8,5.1,6.9,4.5,4.6,5.4,7.6,5.5,4.1,7.6,4.7,5.8,7.2,8,7.4,5.8,4,5.4,7.6,,,,,,,,,,,,,,,,,,,,,,,,,,,,,,,,,,,,,,,,,24.2,25.7,26,25.1,25.2,24.4,24.1,25.7,24.3,25.5,25,23.6,25.2,23.9,25.6,23.1,24.7,25.3,23.5,23.6,25.6,24.2,23.6,25.2,24.3,25,24.6,24.8,24.1,24,26.1,61,58,60,56,58,61,61,60,61,59,60,67,59,66,59,70,62,59,69,68,64,58,67,60,65,63,64,63,65,62,61,0,0,0,0,0,0,0,0,0,0,0,0,0,0,0,0,0,0,0,0,0,0,0,0,0,0,0,0,0,0,0,15.1,16.4,17.9,16.9,16.6,13.1,13.8,17.3,14.6,15.3,17.7,11.7,17.3,14.8,13,16.3,14.8,15.9,12.2,12.3,16.8,12.8,16.6,15.6,22.4,19.3,18.1,16.6,16.4,15.6,18.1,15.5,17.6,19.8,19.1,17.6,14,14.8,19.4,15.1,15.5,19.8,12.2,18,15.5,15.1,16.6,15.5,17.6,12.6,13,18,13,16.9,16.6,25.9,22.3,20.2,17.6,17.6,16.6,19.8,,,,,,22.2204,114.2127
2026-10-07T02:00,21.8,21.3,22.7,22.5,22.4,22.2,22.2,22.6,21.5,22,22.3,22.1,22.8,21.7,23.1,21.8,22.8,22.5,22.3,22.2,22.3,22.2,22.4,22.1,21.8,22.8,22.9,22.8,21.7,21.6,22.3,21.8,21.8,22.8,22.7,22.9,22.4,22,22.3,22.3,64,63,64,60,67,68,65,68,70,63,64,70,62,63,61,67,65,67,63,70,63,65,70,63,66,62,69,59,61,66,63,68,66,73,56,75,67,64,64,67,0,0,0,0,0,0,0,0,0,0,0,0,0,0,0,0,0,0,0,0,0,0,0,0,0,0,0,0,0,0,0,0,0,0,0,0,0,0,0,0,4.7,5.2,9,4.9,4.4,7.9,9.4,4.7,8,5.9,9.2,4.4,4.8,8.3,4.7,5.4,4.6,6.5,9,7.2,5.4,6.8,5.8,6.9,4,4.6,5,7.9,5.8,4.2,8,4.7,5.9,7.6,7.6,7.3,5.8,4,5,7.6,,,,,,,,,,,,,,,,,,,,,,,,,,,,,,,,,,,,,,,,,24,25.5,25.7,25,25,24.3,23.9,25.5,24.1,25.2,24.8,23.6,25,23.9,25.4,23,24.6,25.1,23.5,23.5,25.5,24.1,23.6,25,24.1,24.8,24.6,24.6,24,23.9,25.9,61,58,59,56,58,61,61,61,61,59,60,67,59,66,59,71,63,59,70,69,64,59,68,61,67,63,64,64,65,64,61,0,0,0,0,0,0,0,0,0,0,0,0,0,0,0,0,0,0,0,0,0,0,0,0,0,0,0,0,0,0,0,15.2,15.5,17.7,15.5,15.9,13.2,13.8,16.8,15.1,15.3,17.5,12.3,16.6,15.1,13,16.8,15.3,15.3,12.1,12.5,17.6,11.3,16.6,15.3,23.2,20.5,18.1,17.2,16.6,15.9,16.8,15.1,16.6,19.1,17.3,16.6,13.7,14.4,18.4,15.1,15.5,19.4,13,16.9,15.8,14.4,17.6,15.8,16.6,12.6,13.3,18.7,11.2,17.3,16.2,27,23,20.2,18.4,18,16.9,18.4,,,,,,22.2204,114.2127
2026-10-07T03:00,21.8,21.2,22.4,22.4,22.3,22.1,21.8,22.5,21.4,21.9,22,22.1,22.6,21.4,22.9,21.7,22.6,22.4,22,22.1,22.2,22,22.4,22.1,21.7,22.8,22.8,22.7,21.6,21.5,22,21.7,21.7,22.7,22.4,22.8,22.3,22,22.1,22,63,63,64,59,67,67,64,68,70,63,61,69,62,63,61,66,66,67,61,70,62,64,69,62,66,62,68,59,60,66,60,68,67,72,55,74,66,64,64,66,0,0,0,0,0,0,0,0,0,0,0,0,0,0,0,0,0,0,0,0,0,0,0,0,0,0,0,0,0,0,0,0,0,0,0,0,0,0,0,0,4.2,5.2,9.4,4.6,4.4,8.3,10.1,5.1,8.3,5.8,9.8,4.5,4.4,9,5.1,5.8,4.5,6.5,9,7.2,5.4,6.9,5.8,7.2,4.4,4.6,5,7.9,5.8,4.6,8,4.7,6.3,8.3,7.6,7.3,5.4,4.3,4.9,7.6,,,,,,,,,,,,,,,,,,,,,,,,,,,,,,,,,,,,,,,,,23.9,25.3,25.5,24.9,24.8,24.2,23.9,25.3,23.9,25,24.7,23.6,24.7,23.8,25.2,23,24.5,24.9,23.5,23.5,25.3,23.9,23.5,24.8,23.9,24.6,24.4,24.5,24,23.8,25.7,62,58,58,57,58,61,61,62,61,59,61,67,59,66,59,71,64,59,70,70,65,59,68,61,68,64,64,66,64,65,61,0,0,0,0,0,0,0,0,0,0,0,0,0,0,0,0,0,0,0,0,0,0,0,0,0,0,0,0,0,0,0,15.5,15.3,17.9,15.1,16.1,13.4,14.2,17,15.7,15.8,17.7,13.5,16.6,16.2,13.8,17.8,15.9,15.5,12.9,13.2,18.2,11.1,16.9,15.3,23.2,21.2,18.4,18.4,16.6,16.4,16.6,15.5,16.6,19.4,16.9,16.9,13.7,15.1,18.7,16.2,16.2,19.8,14,16.9,16.6,14.4,18.7,16.6,16.6,13.3,14,19.4,11.2,18,16.2,27,23.8,20.5,19.4,18,17.6,18,,,,,,22.2204,114.2127
2026-10-07T04:00,21.7,21.2,22.2,22.4,22.2,22,21.5,22.4,21.2,21.8,21.7,22,22.4,21.1,22.8,21.6,22.5,22.2,21.7,21.9,22.1,21.8,22.4,22,21.6,22.7,22.7,22.5,21.5,21.4,21.7,21.7,21.6,22.5,22.1,22.6,22.1,22,22,21.8,63,63,63,58,67,66,63,68,69,63,60,66,62,64,61,65,65,66,61,70,61,63,68,60,66,62,67,59,60,67,59,68,67,70,55,73,64,63,63,65,0,0,0,0,0,0,0,0,0,0,0,0,0,0,0,0,0,0,0,0,0,0,0,0,0,0,0,0,0,0,0,0,0,0,0,0,0,0,0,0,4.6,5.1,9.5,4.2,4.4,9,10.5,5.4,8.6,5.8,9.8,4.8,4.5,9,5.2,5.8,4.5,6.5,9.4,6.9,5.8,6.9,6.2,7.6,4.3,4.6,5.4,8.3,5.8,4.5,8,5.1,6.2,8.7,7.6,7.2,5.4,4.3,4.9,7.6,,,,,,,,,,,,,,,,,,,,,,,,,,,,,,,,,,,,,,,,,23.7,25.1,25.2,24.8,24.6,24,23.8,25.1,23.7,24.8,24.5,23.6,24.5,23.6,24.9,23,24.3,24.7,23.5,23.5,25,23.8,23.3,24.7,23.7,24.4,24.3,24.3,23.9,23.8,25.5,63,57,56,58,58,60,60,63,62,58,61,67,58,65,60,72,66,60,70,70,65,59,67,62,70,65,65,68,63,65,61,0,0,0,0,0,0,0,0,0,0,0,0,0,0,0,0,0,0,0,0,0,0,0,0,0,0,0,0,0,0,0,15.8,16,18.8,15.5,17.2,13.8,15.2,18.3,16.6,16.6,18.2,14.8,16.5,17.4,15.1,18.7,17.1,16.5,14.1,14.4,19,11.8,17.8,15.6,22.9,21.8,19.2,19.5,16.5,17.1,16.8,16.6,17.6,20.5,18,18.4,14,16.2,20.2,17.6,17.3,20.5,15.5,17.3,17.6,15.1,19.8,17.6,17.3,14.4,15.1,20.2,12.2,18.7,16.6,26.3,24.5,21.6,21.2,18,18.7,18.7,,,,,,22.2204,114.2127
2026-10-07T05:00,21.7,21.1,22,22.4,22.2,21.9,21.3,22.4,21.1,21.7,21.4,21.9,22.3,20.9,22.7,21.5,22.4,22.1,21.4,21.7,22,21.6,22.3,21.9,21.6,22.7,22.6,22.4,21.4,21.4,21.5,21.7,21.5,22.2,21.8,22.5,22,22,21.9,21.7,62,63,62,58,67,65,63,66,69,63,60,65,62,64,62,65,64,65,62,70,60,63,65,59,66,61,65,57,60,66,58,67,67,67,57,71,62,61,63,64,0,0,0,0,0,0,0,0,0,0,0,0,0,0,0,0,0,0,0,0,0,0,0,0,0,0,0,0,0,0,0,0,0,0,0,0,0,0,0,0,4.6,5.4,9.1,4.3,4.4,9.4,10.1,5.4,8.6,5.8,9.8,5.1,4.8,9.4,5.5,6.5,4.8,6.8,9,6.8,5.8,7.3,6.2,8,4.7,4.8,5.8,8.7,6,4.7,8.3,5.4,5.8,8.7,7.6,7.6,5.8,4.7,5.4,7.6,,,,,,,,,,,,,,,,,,,,,,,,,,,,,,,,,,,,,,,,,23.7,25,25,24.7,24.4,24,23.8,25,23.6,24.6,24.4,23.6,24.4,23.5,24.7,23,24.2,24.5,23.5,23.5,24.7,23.7,23.2,24.7,23.6,24.3,24.2,24.2,23.9,23.7,25.3,64,57,56,59,58,60,60,64,62,58,62,67,58,65,61,72,67,60,69,71,66,59,66,62,70,66,66,69,63,65,61,0,0,0,0,0,0,0,0,0,0,0,0,0,0,0,0,0,0,0,0,0,0,0,0,0,0,0,0,0,0,0,16.3,16.6,19.4,16.1,18.1,14.3,15.8,19.3,17.4,17.1,18.9,16.3,16.8,18.5,16.1,19.8,18.3,16.9,15.3,15.5,19.8,12.8,18.7,15.9,22.7,22.5,20.1,20.3,16.6,18.1,17.3,17.6,18.4,21.2,19.1,19.8,14.8,17.3,21.6,18.7,18.4,21.2,16.9,18,19.1,15.8,20.9,18.7,18,15.5,16.6,20.9,13.7,19.8,16.9,25.6,25.2,22.3,22.3,18.7,19.4,19.1,,,,,,22.2204,114.2127
2026-10-07T06:00,21.7,21.1,21.7,22.4,22.1,21.8,21.2,22.4,21,21.7,21.2,21.9,22.2,20.8,22.6,21.3,22.5,21.9,21.2,21.6,21.9,21.5,22.2,21.9,21.7,22.7,22.5,22.3,21.4,21.5,21.2,21.6,21.4,21.9,21.5,22.4,21.8,22,21.8,21.6,62,64,62,57,66,65,64,65,68,63,61,62,62,65,62,65,63,65,63,70,60,62,63,57,66,60,62,56,59,66,58,67,67,65,58,69,60,61,63,63,0,0,0,0,0,0,0,0,0,0,0,0,0,0,0,0,0,0,0,0,0,0,0,0,0,0,0,0,0,0,0,0,0,0,0,0,0,0,0,0,4.6,5.4,9.1,4.9,4.4,9,10.1,5.8,8.6,6.1,9.4,5.1,4.9,9.4,5.6,6.8,4.6,6.8,9.4,6.5,6.2,7.3,6.2,7.6,4.7,4.8,6.1,9,6,4.7,8.3,5.4,5.8,8.7,7.6,7.9,5.8,4.7,5.4,7.6,,,,,,,,,,,,,,,,,,,,,,,,,,,,,,,,,,,,,,,,,23.7,24.9,24.7,24.6,24.3,24,23.8,24.9,23.6,24.4,24.3,23.6,24.3,23.5,24.6,23.2,24.1,24.4,23.5,23.6,24.6,23.7,23.2,24.6,23.5,24.1,24.2,24.1,24,23.7,25.2,65,57,57,61,58,59,60,65,62,59,62,68,58,65,62,72,68,60,68,72,67,60,66,62,70,67,67,69,64,65,61,0,0,0,0,0,0,0,0,0,0,0,0,0,0,0,0,0,0,0,0.1,0,0,0,0,0,0,0,0,0,0,0,16.9,17.2,19.7,17.8,19.5,15,16.3,20.2,17.8,17.4,19.7,17.3,17.2,19.2,16.9,20.8,19.9,17.1,15.8,17.2,20.9,13.9,19.3,16.2,22.7,23.7,20.9,20.5,17.1,18.6,17.9,19.1,18.7,21.6,20.9,21.2,15.5,17.6,22.7,19.4,18.7,22.3,18.4,18.7,20.5,17.3,22.3,20.2,18.7,16.2,18.4,22.3,15.5,20.5,17.3,25.6,26.6,23.4,22.7,20.2,19.8,19.4,,,,,,22.2204,114.2127
2026-10-07T07:00,21.9,21.2,21.6,22.5,22.3,21.7,21.1,22.4,20.9,21.8,20.9,21.9,22.3,20.8,22.7,21.3,22.5,21.8,21.1,21.6,21.9,21.5,22.1,21.8,21.9,22.8,22.4,22.3,21.5,21.7,21,21.8,21.5,21.7,21.3,22.3,21.7,22.1,21.8,21.6,63,65,63,57,65,66,65,65,68,63,63,63,62,67,63,66,64,65,64,71,60,63,63,58,67,60,61,57,59,66,60,68,69,65,60,68,61,61,63,65,0,0,0,0,0,0,0,0,0,0,0,0,0,0,0,0,0,0,0,0,0,0,0,0,0,0,0,0,0,0,0,0,0,0,0,0,0,0,0,0,4.6,5.1,9.1,5.1,4.7,8.3,9.7,5.4,8.6,6.1,9.8,5.1,4.8,9,5.2,6.1,4.8,7.2,9.7,6.8,6.2,7.3,6.1,7.6,5.1,4.8,6.5,9,5.7,4.7,8.3,5.1,5.8,8.3,7.6,7.9,5.8,4.7,5.2,7.9,,,,,,,,,,,,,,,,,,,,,,,,,,,,,,,,,,,,,,,,,23.7,24.8,24.6,24.5,24.2,24,23.8,25,23.7,24.3,24.3,23.7,24.4,23.5,24.6,23.4,24,24.4,23.5,23.6,24.5,23.7,23.3,24.6,23.5,24,24.2,24,24,23.7,25.1,66,58,58,63,59,58,60,65,62,60,63,68,58,65,64,73,69,59,67,72,68,61,65,62,69,67,68,69,65,65,60,0,0,0,0,0,0,0,0,0,0,0,0,0,0,0,0,0,0,0,0.1,0,0,0,0,0,0,0,0,0,0,0,18.1,18.2,19.8,19.9,20.9,15.6,16.9,21.4,18.2,17.6,20.6,18.6,17.8,20,17.3,21.9,21.6,17.1,16.4,19,21.9,15.3,19.8,16.4,22.9,24.9,21.9,20.5,18.1,19.6,18.2,20.5,19.4,21.6,23,22.7,16.2,18,24.1,20.2,18.7,23.4,19.8,19.1,22,18.7,23.4,22,19.4,16.6,20.2,23.8,18,21.6,17.6,25.6,28.1,24.1,22.7,22,20.5,19.8,,,,,,22.2204,114.2127
2026-10-07T08:00,22.9,21.8,22.1,22.8,23.2,22.2,21.4,22.9,21.3,22.2,21.2,22.5,23.1,21.5,23.5,22,23.5,22.3,21.6,22.3,22.1,22.1,22.4,21.9,22.7,23.3,22.9,22.6,22,22.3,21.4,22.7,22.3,22.1,22,22.8,22.3,22.8,22.4,22.2,59,64,62,56,60,66,66,62,67,60,64,61,60,67,59,63,58,64,64,69,60,62,62,58,63,58,59,58,59,64,61,63,65,65,59,67,60,58,60,64,0,0,0,0,0,0,0,0,0,0,0,0,0,0,0,0,0,0,0,0,0,0,0,0,0,0,0,0,0,0,0,0,0,0,0,0,0,0,0,0,4.5,5,9.4,5.1,4.3,8.3,9.8,5.8,9.1,6.5,10,5.1,4.7,9.4,4.8,6.5,4.7,7.6,10.4,7.6,6.1,7.6,6.2,7.6,4.7,4.8,6.5,9,5.9,4.4,9,5.1,6.2,9,7.2,8,5.8,4.7,5.1,8.3,,,,,,,,,,,,,,,,,,,,,,,,,,,,,,,,,,,,,,,,,23.9,24.8,24.5,24.6,24.3,24.2,23.9,25.1,23.8,24.3,24.4,23.8,24.5,23.7,24.6,23.6,24,24.4,23.6,23.7,24.5,23.8,23.5,24.7,23.6,24,24.3,24.1,24.2,23.7,25.1,66,59,60,65,59,58,60,66,62,61,63,69,59,66,65,73,69,59,66,72,69,62,65,62,68,67,69,68,66,65,60,0,0,0,0,0,0,0,0,0,0,0,0,0,0,0,0,0,0,0,0.1,0,0,0,0,0,0,0,0,0,0,0,19.4,18.9,20.3,21.7,21.7,15.8,17.2,22.7,18.6,17.9,21.3,19.6,18.4,20.6,18.3,22.9,23,17.1,17.1,20.6,22.9,16.8,20.2,16.9,22.9,25.6,22.7,20.4,19.2,20.1,18.9,22,20.2,22,24.8,23.4,16.9,18,25.6,20.5,19.1,24.5,20.9,20.2,23.4,20.5,24.8,24.1,19.8,16.9,21.2,24.8,19.8,22.3,18,25.6,28.8,25.2,22.3,23.8,21.2,20.5,,,,,,22.2204,114.2127
2026-10-07T09:00,23.8,22.6,23,23.3,24.3,23.1,22.3,23.7,22.1,22.8,22.1,23.1,24,22.6,24.3,23,24.3,23.2,22.5,23.3,22.7,23.1,23.1,22.4,23.6,23.8,23.7,23.4,22.6,23.3,22.4,23.7,23.2,23,22.9,23.7,23.2,23.5,23,23.2,56,63,60,54,57,64,64,59,65,58,63,59,57,64,55,60,55,61,62,66,59,59,60,57,60,57,56,56,57,62,59,60,63,63,57,65,57,56,58,61,0,0,0,0,0,0,0,0,0,0,0,0,0,0,0,0,0,0,0,0,0,0,0,0,0,0,0,0,0,0,0,0,0,0,0,0,0,0,0,0,5.4,5.8,9.7,5.8,5.4,8.8,10.4,6.1,9.2,7.3,10.5,5.8,5.4,9.9,5.2,7.2,5.4,8.4,10.9,8.7,7.3,8.6,7,7.6,5.9,5.1,7.1,9.4,6.1,5,9.5,5.5,6.2,9.9,7.6,8.5,6.4,5.4,5.8,8.4,,,,,,,,,,,,,,,,,,,,,,,,,,,,,,,,,,,,,,,,,24.2,24.9,24.8,24.8,24.5,24.5,24.2,25.2,24.1,24.6,24.8,24,24.8,24.1,24.9,23.8,24,24.7,23.9,24,24.8,24,23.9,24.9,24,24.2,24.6,24.3,24.5,23.9,25.3,66,60,62,65,59,59,60,67,63,62,63,69,60,67,66,73,69,59,65,71,69,63,65,62,67,67,69,67,67,66,60,0,0,0,0,0,0,0,0,0,0,0,0.1,0,0,0,0,0,0,0,0,0,0,0,0,0,0,0,0,0,0,0,20.5,19.5,20.9,22.7,21.9,15.6,17.6,24.2,19.3,18.4,21.5,20.7,19.6,22,20,23.9,23.9,17.1,17.8,21.3,23.5,18,20.7,17.3,23.2,25.5,23.5,20.4,20.8,21.3,19.5,23,21.6,22.7,25.6,23.4,16.9,18.4,27.4,21.2,19.8,24.8,22,21.6,24.8,22.7,25.9,27,19.4,17.6,21.2,25.6,21.2,23.4,18,25.6,28.8,26.3,22,25.2,23,21.6,,,,,,22.2204,114.2127
2026-10-07T10:00,24.9,23.7,24.3,23.9,25.6,24.3,23.5,24.7,23.2,23.5,23.4,24,25.1,24,25.3,24.4,25.2,24.5,23.8,24.7,23.4,24.4,24.1,23,24.7,24.4,24.8,24.6,23.4,24.5,23.8,24.9,24.4,24.2,24.3,25,24.3,24.3,23.9,24.5,53,61,56,52,54,62,60,56,62,56,60,57,53,60,51,57,51,58,58,62,58,56,57,56,55,55,54,54,55,58,55,56,60,59,54,62,54,54,56,58,0,0,0,0,0,0,0,0,0,0,0,0,0,0,0,0,0,0,0,0,0,0,0,0,0,0,0,0,0,0,0,0,0,0,0,0,0,0,0,0,6.6,8.4,10.5,5.8,6.4,9.9,12.4,6.2,9.9,8.7,12.7,5.8,5.4,10.5,5.8,7.3,5.8,9.1,10.9,8.9,10.1,9.1,9.7,8.1,8.6,5,7.5,9.9,6.8,5.1,10,7,7.5,12.1,8,11,8.7,6.5,5.9,8.6,,,,,,,,,,,,,,,,,,,,,,,,,,,,,,,,,,,,,,,,,24.6,25.2,25.2,25.1,24.9,24.8,24.6,25.4,24.5,25,25.2,24.3,25.3,24.6,25.2,24.1,24,25,24.2,24.3,25.1,24.3,24.4,25.3,24.5,24.6,24.9,24.6,24.9,24.2,25.7,66,62,64,65,60,60,60,68,63,62,63,69,62,68,66,73,68,60,63,69,68,63,65,63,67,67,68,65,68,66,61,0,0,0,0,0,0,0,0,0,0,0,0.1,0,0,0,0,0,0,0,0,0,0,0,0,0,0,0,0,0,0,0,21.8,20,21.7,23.2,21.5,15.7,17.8,26.1,19.6,19.6,21.7,21.7,21.1,23.3,22.4,24.7,24.4,17.1,18.6,21.3,24.1,19.3,21.7,17.6,23.6,25,24.4,20,22.7,22.9,20.6,24.1,23,23.4,25.9,22.7,16.6,18.4,29.2,21.6,20.5,24.8,22.7,23.4,25.9,24.8,27,29.9,18.7,18.7,20.9,25.9,22.3,24.1,18.4,25.6,28.1,27.4,21.6,26.3,25.6,22.7,,,,,,22.2204,114.2127
2026-10-07T11:00,25.8,24.7,25.5,24.5,26.8,25.4,24.6,25.6,24.2,24.2,24.7,24.7,26,25.3,26.1,25.6,26.1,25.7,24.9,25.9,24,25.5,24.9,23.7,25.6,24.9,25.8,25.7,24.1,25.5,25.1,26,25.4,25.3,25.5,26,25.4,25,24.6,25.7,50,59,54,51,52,60,57,54,60,55,58,55,50,56,48,54,49,55,56,59,57,53,55,55,52,54,52,52,53,56,52,53,58,57,51,60,52,52,54,55,0,0,0,0,0,0,0,0,0,0,0,0,0,0,0,0,0,0,0,0,0,0,0,0,0,0,0,0,0,0,0,0,0,0,0,0,0,0,0,0,9.7,9.8,10.7,7.6,8.6,10.8,12.2,7.9,10.6,11.3,13.9,7.6,6.4,12.1,6.6,9.7,9,11.5,12.7,10.7,11.2,11.8,10.7,10.5,9.7,5.1,9.5,11.7,9.8,7.4,11,9.6,9.7,13.3,9.6,11.6,10,8.9,5.9,9,,,,,,,,,,,,,,,,,,,,,,,,,,,,,,,,,,,,,,,,,25,25.4,25.5,25.3,25.2,25.1,24.9,25.6,24.8,25.3,25.6,24.6,25.6,25,25.5,24.3,24.1,25.3,24.6,24.5,25.4,24.6,24.8,25.6,24.9,24.9,25.1,24.9,25.2,24.5,25.9,66,63,65,65,60,61,60,69,64,62,63,68,63,69,66,73,67,60,62,67,68,63,66,63,66,67,68,64,68,67,62,0,0,0,0,0,0,0,0,0,0,0,0.1,0,0,0,0,0,0,0,0,0,0,0,0,0,0,0,0,0,0,0,22.6,20.9,22.8,23.5,21.1,16.4,18.1,27.4,20.2,20.1,22.1,22.2,22.5,24.8,24,25.5,25,17.4,19,20.9,24.5,20.1,22.6,18,24,24.6,25.1,20,23.7,24.3,21.6,24.5,24.1,24.5,25.9,22.3,16.2,18.7,30.6,22,20.9,24.8,23,24.8,26.6,26.3,27.7,31.7,18,19.4,20.2,25.9,22.7,24.8,18.4,25.9,27.4,27.7,20.9,26.6,26.6,23.4,,,,,,22.2204,114.2127
2026-10-07T12:00,26.6,25.6,26.4,25.2,27.6,26.2,25.6,26.4,25.1,24.8,25.8,25.4,26.6,26.3,26.8,26.5,26.8,26.6,25.7,26.8,24.5,26.5,25.7,24.3,26.4,25.3,26.5,26.7,24.8,26.3,26.1,26.8,26.1,26.3,26.4,26.8,26.2,25.6,25.4,26.6,49,58,53,50,51,59,55,53,59,55,56,54,50,54,47,53,48,54,56,57,58,51,55,55,50,54,52,50,52,55,51,52,57,56,49,59,53,51,53,54,0,0,0,0,0,0,0,0,0,0,0,0,0,0,0,0,0,0,0,0,0,0,0,0,0,0,0,0,0,0,0,0,0,0,0,0,0,0,0,0,9.7,9.4,12.5,10.2,9.2,11.6,12.6,8.9,11.2,11.1,14.5,8.5,9.2,12.3,9.3,9.9,10,11.4,14.2,12,11.1,12.7,10.9,11.5,10.4,6.3,10.3,12.4,10.9,8.4,12,9.9,11.1,13.5,10.8,11.5,10.5,8.7,8.4,11.5,,,,,,,,,,,,,,,,,,,,,,,,,,,,,,,,,,,,,,,,,25.1,25.6,25.7,25.4,25.6,25.3,25.1,25.8,25.1,25.5,25.7,24.9,25.7,25.2,25.7,24.5,24.1,25.6,24.8,24.6,25.7,24.7,25,25.9,25.1,25.2,25.3,24.9,25.3,24.7,26,66,64,66,65,61,62,61,70,64,62,63,67,64,70,66,73,66,60,62,66,68,62,67,63,66,66,68,64,68,68,63,0,0,0,0,0,0,0,0,0,0,0,0,0,0,0,0,0,0,0,0,0,0,0,0,0,0,0,0,0,0,0,22.5,21.5,23.9,23.4,21.3,16.5,18.2,28,20.2,20.3,22.5,22,23.4,24.9,23.7,25.6,25.9,17.7,19.2,19.7,24.5,20.3,23.3,18,24.5,24.3,25,19.7,23.7,24.4,22.1,24.1,24.1,25.6,25.9,22.7,15.8,18.7,31,21.6,20.9,24.8,22.7,25.9,25.9,25.6,27.7,31.3,18,19.8,18.7,25.9,22.3,25.2,18.7,26.6,26.6,27.4,20.2,25.9,25.9,23.8,,,,,,22.2204,114.2127
2026-10-07T13:00,27.2,26.4,27.2,25.8,28.1,26.9,26.5,27.1,25.8,25.4,26.8,26,27.1,27.2,27.3,27.2,27.4,27.4,26.3,27.6,25,27.4,26.3,24.9,27.1,25.6,27.2,27.5,25.4,26.8,26.9,27.4,26.6,27.2,27.2,27.5,26.8,26.2,26.1,27.2,48,57,53,51,51,57,54,52,59,55,54,53,51,53,48,53,49,54,57,57,59,51,55,56,50,53,53,49,52,54,51,52,57,55,47,57,54,51,53,53,0,0,0,0,0,0,0,0,0,0,0,0,0,0,0,0,0,0,0,0,0,0,0,0,0,0,0,0,0,0,0,0,0,0,0,0,0,0,0,0,9.9,10,12.7,10.2,9.2,11.7,12.3,9,12.2,11,15,8.9,9.4,12.5,9.8,10.2,10.2,12.4,14,12.7,10.1,14.1,11.2,12,10.9,7.9,10.7,12.8,11.4,9.2,12.1,10.4,11.8,14.6,11.7,11.8,11.3,8.9,9.2,11.8,,,,,,,,,,,,,,,,,,,,,,,,,,,,,,,,,,,,,,,,,25.2,25.8,25.9,25.5,26,25.4,25.2,26.1,25.3,25.7,25.8,25.2,25.7,25.3,25.8,24.6,24.2,25.8,24.9,24.6,25.9,24.9,25.2,26.2,25.3,25.5,25.3,24.9,25.4,24.9,26.1,67,64,66,65,61,62,63,70,64,62,64,65,66,70,66,72,65,59,62,66,68,61,68,63,66,65,68,64,67,68,65,0,0,0,0,0,0,0,0,0,0,0,0,0,0,0,0,0,0,0,0,0,0,0,0,0,0,0,0,0,0,0,22.3,21.5,24.5,23.3,22,16.2,19,28.4,19.8,20.2,23.1,21.3,24.3,24.2,22.7,25.5,26.6,18,19.5,17.8,24.4,20.1,23.8,17.7,25.1,24.1,24.5,19.2,23.3,23.7,22.7,23.4,23.8,26.3,25.6,23.4,15.8,19.1,31,20.5,20.5,24.8,21.6,26.6,24.5,24.1,27.4,29.5,18.4,20.2,16.9,25.6,21.2,25.6,18.7,27.7,25.9,26.6,19.1,24.8,24.1,24.1,,,,,,22.2204,114.2127
2026-10-07T14:00,27.5,26.9,27.7,26.3,28.4,27.4,27.1,27.5,26.3,25.7,27.5,26.3,27.3,27.7,27.6,27.7,27.7,27.9,26.7,28.1,25.3,28,26.8,25.3,27.5,25.8,27.6,28.1,25.7,27.2,27.4,27.8,26.9,27.8,27.6,27.9,27.2,26.6,26.5,27.7,49,57,54,51,52,57,53,53,59,56,53,53,53,53,49,54,50,54,58,57,60,51,56,57,50,54,54,49,52,54,51,53,58,55,47,57,56,52,53,53,0,0,0,0,0,0,0,0,0,0,0,0,0,0,0,0,0,0,0,0,0,0,0,0,0,0,0,0,0,0,0,0,0,0,0,0,0,0,0,0,9.8,9.9,12.4,9.8,8.9,11.5,11.6,9.2,11.9,10.4,15,8.9,9.5,11.5,10,9.4,10.2,12,12.9,12.1,8.5,12.4,10.8,11.8,10.8,8.2,11.2,12.4,10.9,9.6,11.5,9.8,11.5,14.7,11.3,11.4,11,9.2,9.8,11.3,,,,,,,,,,,,,,,,,,,,,,,,,,,,,,,,,,,,,,,,,25.3,25.9,26,25.6,26.2,25.5,25.3,26.2,25.5,25.8,25.8,25.4,25.8,25.4,25.8,24.6,24.2,25.9,25,24.6,26,24.9,25.3,26.5,25.5,25.7,25.4,24.9,25.5,25,26.1,67,64,66,65,62,63,65,71,64,62,65,64,67,70,66,72,65,59,63,66,69,61,69,63,66,64,68,64,67,69,66,0,0,0,0,0,0,0,0,0,0,0,0,0,0,0,0,0,0,0,0,0,0,0,0,0,0,0,0,0,0,0,21.7,21.5,25,23,22.7,15.9,19.6,28.8,19.8,20.1,23.9,21.1,24.7,23.8,21.7,25.7,26.8,18.3,19.9,16.8,24.8,19.8,24.4,17.9,25.4,24.1,24.3,18.7,22.7,23.4,23.1,22.7,23.4,27,25.2,24.1,15.8,19.4,31.3,20.2,20.5,24.8,21.2,27.4,23.8,23,27.4,28.1,18.7,20.2,16.2,25.6,20.2,25.6,19.1,28.4,25.6,25.9,18.4,23.8,22.7,24.5,,,,,,22.2204,114.2127
2026-10-07T15:00,27.6,27,27.9,26.4,28.4,27.5,27.3,27.5,26.6,25.8,27.8,26.3,27.3,27.9,27.6,27.7,27.8,28.1,26.8,28.1,25.6,28.2,26.9,25.5,27.5,25.9,27.7,28.3,25.6,27.2,27.6,27.9,26.9,27.8,27.7,27.9,27.2,26.6,26.6,27.8,50,58,55,52,54,57,53,54,59,57,53,55,55,54,51,55,51,55,60,58,61,53,57,58,52,55,56,50,54,55,51,54,59,56,48,57,56,54,55,53,0,0,0,0,0,0,0,0,0,0,0,0,0,0,0,0,0,0,0,0,0,0,0,0,0,0,0,0,0,0,0,0,0,0,0,0,0,0,0,0,9.7,9.4,12.3,9.4,8.4,11,11.3,8.7,10.8,10.2,14.5,8.5,9.5,11.1,9.7,9.2,9.7,11.8,11.1,11.8,7.5,10.9,10.5,11.1,10.3,8.4,11.1,11.8,10,9.3,10.9,9.3,10.9,13.3,10.9,10.6,10.1,8.9,9.9,10.4,,,,,,,,,,,,,,,,,,,,,,,,,,,,,,,,,,,,,,,,,25.3,25.9,26.1,25.7,26.3,25.5,25.4,26.3,25.6,25.8,25.8,25.4,25.9,25.4,25.9,24.6,24.2,26,25.1,24.5,25.9,24.9,25.4,26.7,25.8,25.9,25.4,25,25.6,25,26.2,67,64,67,66,63,64,66,72,64,63,66,64,68,70,66,72,65,60,64,66,70,61,69,63,66,64,68,64,67,70,67,0,0,0,0,0,0,0,0,0,0,0,0,0,0,0,0,0,0,0,0,0,0,0,0,0,0,0,0,0,0,0,21.4,21.3,24.6,22.9,22.7,16.5,20.1,29.6,20.2,19.9,24.7,21.4,24.9,23.5,21.6,26.1,26.2,18.6,20,17.3,25.1,19.4,24.5,18.3,25.4,24.1,24,18.1,22.1,23.5,23.2,22.3,23,27,25.2,24.1,16.6,20.2,32,20.5,20.5,25.2,21.6,27.4,23.8,23,27.7,26.6,19.4,20.2,16.9,25.9,19.4,25.6,19.4,28.4,25.6,25.2,18,23.4,22.7,24.5,,,,,,22.2204,114.2127
2026-10-07T16:00,27.5,26.8,27.8,26.3,28.1,27.4,27.3,27.3,26.6,25.6,27.7,26,27.1,27.9,27.4,27.5,27.6,28.1,26.7,27.8,25.8,28,26.8,25.5,27.2,25.9,27.6,28.3,25.2,26.9,27.4,27.6,26.7,27.5,27.4,27.7,27,26.4,26.4,27.7,53,61,57,53,57,58,54,57,59,59,54,58,57,56,53,58,53,56,62,60,62,55,58,60,55,57,59,51,56,56,52,56,61,58,51,57,56,56,57,54,0,0,0,0,0,0,0,0,0,0,0,0,0,0,0,0,0,0,0,0,0,0,0,0,0,0,0,0,0,0,0,0,0,0,0,0,0,0,0,0,9.2,8.9,11.8,8.9,8,10.5,10.8,8.4,9.8,9.8,13.9,8.1,8.8,10.6,8.9,8.4,9.4,11.2,9.5,11.6,7.8,9.4,10.1,10.7,9.2,8.2,10.8,10.9,9.8,8.8,10.2,8.7,10.1,12.2,9.9,9.6,9.4,8.4,9.6,9.9,,,,,,,,,,,,,,,,,,,,,,,,,,,,,,,,,,,,,,,,,25.4,26,26.1,25.9,26.3,25.5,25.4,26.2,25.6,25.7,25.7,25.4,26,25.4,26,24.6,24.1,25.9,25.1,24.5,25.7,24.9,25.4,26.9,26.1,26,25.5,25.1,25.7,24.8,26.3,68,64,67,66,65,65,66,73,65,64,67,65,70,70,66,72,66,61,65,67,71,62,69,63,66,64,68,64,67,70,68,0,0,0,0,0,0,0,0,0,0,0,0,0,0,0,0,0,0,0,0,0,0,0,0,0,0,0,0,0,0,0,21.5,21,23.9,22.3,22.5,17.2,20.8,30.6,20.7,19.5,25.3,22.5,24.9,23.6,21.7,27,25.7,19,19.8,18.4,25.6,19,24.8,18.8,25.2,24.4,23.6,17.6,21.9,23.8,22.9,22,22.7,26.3,25.2,23.8,17.6,21.2,33.1,21.2,20.5,25.6,22.3,27.4,24.1,23.8,28.8,25.2,20.2,20.5,18.4,26.3,19.1,25.2,19.8,28.1,25.9,24.1,18,23,23,24.8,,,,,,22.2204,114.2127
2026-10-07T17:00,27.2,26.5,27.6,26.1,27.7,27.2,27,26.9,26.4,25.5,27.5,25.7,26.8,27.6,27.1,27.1,27.3,27.8,26.6,27.4,25.8,27.8,26.6,25.4,26.8,25.8,27.3,28,24.8,26.6,27.1,27.2,26.4,27.1,27.1,27.3,26.6,26.1,26.1,27.4,56,63,59,55,60,60,57,60,60,61,56,61,59,59,56,61,56,59,64,63,63,58,61,63,59,59,61,54,59,58,55,59,63,60,54,59,58,59,60,57,0,0,0,0,0,0,0,0,0,0,0,0,0,0,0,0,0,0,0,0,0,0,0,0,0,0,0,0,0,0,0,0,0,0,0,0,0,0,0,0,8.3,8.1,10.8,8.7,8,9,9.7,7.9,8.4,9.1,12,7.3,7.8,9.7,7.9,7.6,8,10.2,7.3,10.6,7.3,8.2,10,10,8.7,7.7,9.7,10.5,9.3,8,9.1,8.4,9.6,11,8.3,9.1,8.7,8.2,8.8,8.6,,,,,,,,,,,,,,,,,,,,,,,,,,,,,,,,,,,,,,,,,25.4,26,26.2,26.1,26.3,25.5,25.4,26.2,25.7,25.6,25.7,25.3,26.1,25.4,26.1,24.6,24.1,25.9,25.1,24.5,25.6,24.8,25.4,26.9,26.3,26.1,25.5,25.1,25.8,24.7,26.4,68,64,68,67,66,66,67,74,66,65,68,66,71,70,66,72,67,63,66,68,72,63,70,63,67,65,69,64,68,71,69,0,0,0,0,0,0,0,0,0,0,0,0,0,0,0,0,0,0,0,0,0,0,0,0,0,0,0,0,0,0,0,21.3,20.9,23.6,22.1,22.5,18.2,21.2,31.6,20.7,19.1,25.6,23.5,25,23.9,21.7,28.3,25.6,19.6,20.1,19.5,26.2,18.8,24.9,19.4,25.5,24.4,23.5,17.7,21.3,23.8,22.8,22,22.3,25.9,25.2,23.8,19.1,22,34.2,21.6,20.5,25.9,23.4,27.4,24.8,24.1,29.9,24.8,20.9,20.9,19.8,27.4,19.1,25.2,20.5,28.1,26.3,24.1,18.4,22.7,23.4,25.2,,,,,,22.2204,114.2127
2026-10-07T18:00,26.7,26.2,27,25.8,27.1,26.8,26.4,26.4,25.9,25.3,27.1,25.4,26.4,27.1,26.7,26.5,26.8,27.1,26.4,26.9,25.6,27.3,26,25.2,26.3,25.5,26.8,27.3,24.4,26.1,26.5,26.6,25.9,26.8,26.6,26.7,26,25.8,25.8,26.8,61,66,63,57,63,64,63,65,64,64,59,64,62,63,60,66,60,65,66,67,66,62,66,67,64,61,63,58,62,61,61,62,67,63,58,63,63,63,64,63,0,0,0,0,0,0,0,0,0,0,0,0,0,0,0,0,0,0,0,0,0,0,0,0,0,0,0,0,0,0,0,0,0,0,0,0,0,0,0,0,5.5,6.2,8.4,7.1,5.3,6.9,7.6,5.3,5.8,6.4,10.7,5.1,4.8,6.9,5.7,6.1,5.6,6.6,5.8,8.4,5.4,5,7.8,6.8,6,5.5,7.3,7.9,7.9,6.1,7,6.6,6.9,8.9,4.9,6.4,6.5,5.6,6.6,6.3,,,,,,,,,,,,,,,,,,,,,,,,,,,,,,,,,,,,,,,,,25.5,26.1,26.2,26.3,26.3,25.5,25.4,26.1,25.8,25.7,25.6,25.1,26.2,25.4,26.2,24.6,24.1,25.9,25.1,24.5,25.5,24.7,25.3,26.9,26.4,26.2,25.5,25.1,25.9,24.7,26.5,69,65,69,67,68,68,68,75,67,66,69,68,72,71,66,71,68,65,67,69,73,65,72,64,68,66,70,65,69,72,71,0,0,0,0,0,0,0,0,0,0,0,0,0,0,0,0,0,0,0,0,0,0,0,0,0,0,0,0,0,0,0,21.7,20.7,23.6,21.9,22.7,20.2,21.5,32.3,20.1,19,25.6,24.5,25.2,24.6,21.7,30,26.6,20.5,21.1,19.8,27.2,18.8,25.1,19.7,26.1,24.3,24.6,18.4,20.8,23.4,23.3,22.7,22.3,25.9,24.8,24.1,21.2,22.7,35.3,21.2,20.5,26.6,24.1,27.7,26.3,24.1,31.7,26.3,22,21.6,20.5,28.8,19.4,25.9,21.2,28.8,26.6,25.6,19.4,22,23.4,26.3,,,,,,22.2204,114.2127
2026-10-07T19:00,26.1,25.9,26.3,25.5,26.3,26.2,25.5,25.7,25.2,25.1,26.5,25.1,26,26.5,26.2,25.8,26.3,26.3,26.1,26.3,25.3,26.7,25.3,24.8,25.7,25.2,26.1,26.5,24,25.6,25.7,25.8,25.2,26.5,26,26.1,25.2,25.4,25.3,26.1,67,69,68,60,66,69,70,70,70,68,63,68,66,68,65,73,66,71,68,71,69,66,72,73,69,64,65,64,65,65,68,66,71,67,63,69,69,68,69,70,0,0,0,0,0,0,0,0,0,0,0,0,0,0,0,0,0,0,0,0,0,0,0,0,0,0,0,0,0,0,0,0,0,0,0,0,0,0,0,0,4.1,4.4,6.3,4.2,3.2,5.8,5.1,3.4,5.7,4.3,10.3,2.8,2.7,5.6,3.2,4.1,4.1,4.4,4.9,7.9,4.2,3.8,6.1,5.5,3.6,2.9,5.4,6.2,4.9,4.5,6.4,5.6,5.4,7.6,2.8,4.6,5.4,3.4,3.8,4.7,,,,,,,,,,,,,,,,,,,,,,,,,,,,,,,,,,,,,,,,,25.5,26.1,26.2,26.5,26.3,25.5,25.4,26,25.9,25.8,25.5,24.9,26.3,25.5,26.3,24.6,24.1,25.8,25,24.6,25.5,24.6,25.1,26.7,26.3,26.3,25.5,25.1,25.9,24.8,26.5,70,66,71,67,69,70,70,76,68,67,71,70,72,72,67,71,68,68,69,70,74,66,74,66,70,67,71,67,70,72,73,0,0,0,0,0,0,0,0,0,0,0,0,0,0,0,0,0,0,0,0,0,0,0,0,0,0,0,0,0,0,0,22.1,20.7,23.7,21.4,22.7,22.7,22,32.8,18.7,19.4,25.6,25.6,25.2,26.1,21.5,31.8,28.4,21.1,22.5,20.2,28.2,18.6,25.8,20.2,26.8,24,26.4,19.2,20.3,23.1,24.2,23.8,22.7,26.3,24.5,24.5,23.8,23.4,36.7,20.5,20.9,27.4,24.8,28.1,28.4,23.8,34.2,28.4,23.4,22.7,21.2,30.6,19.8,27,22.3,29.5,26.6,28.1,20.5,21.6,23.8,27.4,,,,,,22.2204,114.2127
2026-10-07T20:00,25.6,25.6,25.7,25.2,25.7,25.8,24.9,25.2,24.6,24.9,26,24.9,25.7,25.9,25.8,25.2,25.8,25.6,25.8,25.8,25.1,26.2,24.7,24.5,25.3,25,25.6,25.8,23.6,25.2,25.1,25.2,24.8,26.3,25.5,25.5,24.7,25.1,25,25.5,71,71,72,62,69,72,76,74,75,71,66,71,69,72,69,77,70,76,69,74,72,69,76,77,73,66,67,68,67,68,73,69,74,69,66,73,73,72,73,75,0,0,0,0,0,0,0,0,0,0,0,0,0,0,0,0,0,0,0,0,0,0,0,0,0,0,0,0,0,0,0,0,0,0,0,0,0,0,0,0,4.7,3.7,5.4,3,3.7,6.6,5.1,4,5.7,4.7,11.7,2.6,2.6,6.4,2.5,4.7,3.9,5.8,5.7,8,3.9,4.5,6.5,5.4,4.7,2.6,5.5,5.8,3.3,4.2,6.6,6.5,5.1,8,3.1,5,5.2,2.8,3.3,4.7,,,,,,,,,,,,,,,,,,,,,,,,,,,,,,,,,,,,,,,,,25.6,26.2,26.3,26.7,26.2,25.4,25.4,26,25.9,25.9,25.5,24.8,26.4,25.5,26.3,24.6,24.1,25.8,25,24.6,25.5,24.6,25,26.6,26.3,26.4,25.4,25.1,26,24.9,26.5,71,67,72,68,71,72,71,76,69,68,72,71,72,73,68,70,69,70,70,71,74,68,75,68,71,68,72,68,71,73,74,0,0,0,0,0,0,0,0,0,0,0,0,0,0,0,0,0,0,0,0,0,0,0,0,0,0,0,0,0,0,0,22.9,20.9,23.7,22,23.5,24.9,22.4,33.3,18.4,19.6,25.6,26.6,25.6,26.9,21.9,32.8,29.5,22.1,23.2,20.5,29.2,18.9,26.1,20.5,27.5,24.3,27.9,19.4,20.1,22.8,25.2,24.8,23,27,24.8,25.6,26.3,24.1,37.8,20.5,21.2,28.1,26.3,28.8,29.9,24.1,35.6,29.9,24.5,23.8,22.3,32.4,20.9,28.1,23,31,27.4,30.2,21.2,21.6,23.8,28.8,,,,,,22.2204,114.2127
2026-10-07T21:00,25.4,25.5,25.3,25.1,25.4,25.6,24.6,25.1,24.3,24.8,25.7,24.8,25.6,25.5,25.5,25,25.5,25.4,25.7,25.6,25,26.1,24.5,24.4,25,24.9,25.4,25.4,23.5,25,24.9,25.1,24.7,26.1,25.3,25.2,24.5,24.9,24.8,25.2,72,71,75,63,71,73,78,75,77,72,67,73,71,75,71,78,72,76,70,75,73,70,76,79,74,67,69,70,68,69,74,70,75,69,67,74,74,75,75,77,0,0,0,0,0,0,0,0,0,0,0,0,0,0,0,0,0,0,0,0,0,0,0,0,0,0,0,0,0,0,0,0,0,0,0,0,0,0,0,0,5,3.4,4.8,2.6,4,6.8,5.4,3.6,5.7,5.2,12.2,2.6,2.5,6.4,1.9,5.2,3.9,5.8,5.5,8,3.7,4.2,6.5,5.8,4.7,2.1,5.9,5.4,3.2,3.9,6.9,7.2,5.1,7.6,3.4,5.4,5.1,3.1,3.4,4.3,,,,,,,,,,,,,,,,,,,,,,,,,,,,,,,,,,,,,,,,,25.6,26.3,26.3,26.7,26.2,25.4,25.4,25.9,26,25.9,25.6,24.7,26.4,25.6,26.3,24.6,24.2,25.8,25,24.6,25.5,24.8,25.1,26.5,26.4,26.5,25.4,25.2,26,25,26.5,72,68,73,70,73,72,72,76,70,69,72,70,73,74,69,70,69,72,71,72,73,69,75,70,71,69,72,68,72,73,74,0,0,0,0,0.2,0,0,0,0.1,0,0,0,0,0,0,0,0,0,0.1,0,0,0,0,0.1,0,0,0,0,0,0,0,23.9,21.6,24.2,23.7,25.3,26.7,22.4,33.6,18.9,20.5,25.7,28.1,26.1,27.3,22.5,32.9,28.8,22.8,23.2,21.6,30.3,19.8,26.4,20.3,29,25.4,29.2,18.6,20.7,22.4,26.2,26.3,23.8,28.1,26.6,28.1,28.8,24.1,38.5,21.2,22.3,28.4,29.2,30.2,31,24.8,36,29.5,25.6,24.1,23.8,33.8,22.3,29.2,23,32.8,28.8,32,20.9,22.7,23.8,30.6,,,,,,22.2204,114.2127
2026-10-07T22:00,25.4,25.4,25.1,25.1,25.3,25.5,24.5,25.1,24.1,24.8,25.5,24.7,25.5,25.2,25.3,24.9,25.3,25.5,25.5,25.5,24.9,26.1,24.4,24.3,24.9,24.9,25.3,25.3,23.4,24.9,24.9,25.1,24.7,25.9,25.1,25.1,24.6,24.8,24.7,25.1,72,69,77,64,72,73,79,76,78,73,67,73,72,77,73,78,73,74,71,74,73,71,75,80,73,68,70,71,69,70,72,71,75,69,68,73,73,76,76,78,0,0,0,0,0,0,0,0,0,0,0,0,0,0,0,0,0,0,0,0,0,0,0,0,0,0,0,0,0,0,0,0,0,0,0,0,0,0,0,0,5.4,4,4.5,3.1,5.5,7.9,6.1,4,6.2,6.9,13,3.3,4.2,7.3,2.9,6.4,4.2,5.9,5.5,8,3.6,4.4,6.5,6.6,5.1,1.8,6.8,5.5,3.4,4,8,7.8,5.4,7.4,4.7,6.6,5.8,4.4,4,4.6,,,,,,,,,,,,,,,,,,,,,,,,,,,,,,,,,,,,,,,,,25.5,26.4,26.3,26.6,26.1,25.5,25.5,25.9,26,25.9,25.8,24.7,26.4,25.6,26.3,24.7,24.4,25.8,25.1,24.6,25.6,25.1,25.2,26.6,26.5,26.5,25.5,25.3,25.9,25,26.5,73,68,74,72,74,71,73,75,72,70,72,68,73,75,71,70,70,73,73,73,72,70,74,72,72,70,70,68,74,74,74,0,0,0,0,0.2,0,0,0,0.1,0,0,0,0,0,0,0,0,0,0.1,0,0,0,0,0.1,0,0,0,0,0,0,0,25.3,22.6,25.1,26.2,27.8,28.1,22,33.8,19.7,21.4,25.6,30,27,27.3,23,32.2,27,23.1,22.6,22.7,31,21.5,26.8,19.7,30.5,27.1,30.5,17.4,22.1,21.6,27.6,28.1,24.5,29.2,29.5,31.3,31,24.1,39.2,22.3,23.8,28.8,32.4,32,31.3,25.9,35.6,28.8,26.6,24.5,25.6,35.3,24.1,30.6,22.3,34.9,30.2,33.5,19.8,24.1,23.4,32.4,,,,,,22.2204,114.2127
2026-10-07T23:00,25.3,25.4,24.9,25.1,25.2,25.3,24.4,25,24,24.7,25.3,24.6,25.4,24.9,25.1,24.8,25.1,25.4,25.5,25.4,24.9,26,24.3,24.1,24.7,24.9,25.2,25.1,23.3,24.8,24.9,25.1,24.7,25.8,25,24.9,24.6,24.7,24.6,25,72,68,78,65,73,72,79,75,79,73,67,74,72,78,74,77,74,73,71,74,73,71,74,80,73,68,71,72,70,70,71,71,75,68,68,73,72,77,77,78,0,0,0,0,0,0,0,0,0,0,0,0,0,0,0,0,0,0,0,0,0,0,0,0,0,0,0,0,0,0,0,0,0,0,0,0,0,0,0,0,5.9,4.7,4.6,3.5,6.3,8.3,6.8,4.1,6.5,8,13.5,4,5.9,7.9,4.6,7.4,4.7,6.2,5.7,8.6,4,4.6,7,7.1,5.4,2.1,7.6,5.7,3.8,4.3,8.5,8.3,5.8,7.7,5.5,7.6,6.2,5.4,4.7,4.7,,,,,,,,,,,,,,,,,,,,,,,,,,,,,,,,,,,,,,,,,25.5,26.4,26.3,26.6,26,25.4,25.6,25.8,26,25.9,25.9,24.7,26.3,25.6,26.3,24.8,24.5,25.8,25.1,24.6,25.6,25.2,25.2,26.5,26.5,26.5,25.4,25.4,25.8,25,26.4,74,69,74,73,75,70,74,75,73,71,71,67,74,75,72,70,70,74,74,73,71,71,73,74,72,71,70,68,75,74,74,0,0,0,0,0.2,0,0,0,0.1,0,0,0,0,0,0,0,0,0,0.1,0,0,0,0,0.1,0,0,0,0,0,0,0,26.4,23.7,25.8,28.1,29.7,29.6,22,34.2,21.7,22.8,26.2,31.6,28.1,27.8,24.7,31.9,26.1,24.3,22.5,23.9,31.8,23.2,27.6,20.4,31.7,28.4,31.6,17.1,23.2,21.7,28.7,29.9,25.6,30.2,31.7,33.8,33.1,24.5,39.6,24.5,25.6,29.2,35.3,33.5,32,27.7,35.6,28.4,28.1,25.2,27,36.4,25.9,31.7,23,36.4,31.7,34.9,19.4,25.9,23.8,34.2,,,,,,22.2204,114.2127
2026-10-08T00:00,25.2,25.2,24.8,25,25,25.1,24.2,24.9,23.9,24.6,25,24.5,25.2,24.7,24.9,24.6,24.9,25.2,25.5,25.2,24.7,25.9,24.1,24,24.6,24.9,25.1,24.8,23.2,24.6,24.8,24.9,24.6,25.6,24.8,24.7,24.5,24.6,24.4,24.9,72,67,77,67,74,72,79,74,79,73,67,75,72,77,74,77,74,74,72,75,73,71,76,80,74,69,70,75,71,70,71,72,75,67,69,73,71,76,77,78,0,0,0,0,0,0,0,0,0,0,0,0,0,0,0,0,0,0,0,0,0,0,0,0,0,0,0,0,0,0,0,0,0,0,0,0,0,0,0,0,5.8,5.2,5.1,3.7,5.8,8.4,7.3,4.2,6.8,8.4,13.6,4,6.2,8.2,5.4,7.8,4.9,5.8,5.9,9,4.7,4.9,7.2,7.3,5.8,2.5,7.7,5.8,3.8,4.7,8.3,8,6.3,8.3,5.8,7.7,6.6,5.9,4.8,5,,,,,,,,,,,,,,,,,,,,,,,,,,,,,,,,,,,,,,,,,25.5,26.3,26.3,26.5,25.9,25.2,25.6,25.7,25.9,25.9,25.8,24.5,26.2,25.6,26.2,24.7,24.5,25.8,25.1,24.7,25.5,25.2,25.2,26.4,26.4,26.4,25.3,25.3,25.8,25,26.3,74,70,74,73,75,71,75,75,74,71,71,67,74,75,72,70,71,75,75,73,72,72,73,75,73,71,71,70,75,74,74,0.1,0,0.1,0,0.1,0,0.1,0.1,0.2,0.1,0,0,0,0.1,0.1,0,0.1,0.2,0.3,0.1,0,0.1,0,0.2,0,0,0,0.2,0.1,0.1,0,27.6,25.4,26.8,29.6,31.1,31.5,22.8,34,25.2,24.3,27.7,32.6,29,28.2,27,32.6,26.6,25.9,23.1,24.4,32.2,25.1,28.8,22.8,32,28.7,32.6,18.2,24.3,22.8,30.1,31.3,27.4,31.3,33.1,35.3,34.9,25.6,39.6,28.4,27.4,30.2,36.7,34.2,32.8,30.2,36.7,29.9,29.9,26.3,27.7,37.1,28.1,32.8,25.6,37.1,32.4,36.4,20.2,27.4,25.2,35.3,,,,,,22.2204,114.2127
2026-10-08T01:00,25,25.1,24.6,24.9,24.9,24.9,24.1,24.7,23.8,24.5,24.7,24.3,25,24.6,24.8,24.4,24.7,24.9,25.5,25,24.5,25.7,23.9,23.8,24.5,24.8,24.9,24.4,23.1,24.5,24.7,24.6,24.5,25.4,24.5,24.5,24.3,24.5,24.3,24.7,73,66,75,69,74,72,79,72,79,72,66,75,71,75,73,77,73,77,72,76,72,70,78,80,75,70,69,79,72,69,71,72,75,67,69,74,71,75,77,77,0,0,0,0,0,0,0,0,0,0,0,0,0,0,0,0,0,0,0,0,0,0,0,0,0,0,0,0,0,0,0,0,0,0,0,0,0,0,0,0,6,5.8,5.7,4,5.1,8.2,7.9,4.8,7.2,8.7,13.8,4,5.5,8.4,5.8,8.1,4.8,5.9,6.4,9.4,6,4.7,7.4,7.2,6.5,3.1,7.6,5.8,3.8,4.9,8.2,8,7.3,8.7,6.3,7.4,7.2,5.9,5,5.2,,,,,,,,,,,,,,,,,,,,,,,,,,,,,,,,,,,,,,,,,25.4,26.1,26.3,26.5,25.9,24.9,25.5,25.5,25.8,25.8,25.6,24.4,26.1,25.5,26.1,24.6,24.5,25.7,25.1,24.8,25.5,25.1,25.2,26.3,26.2,26.2,25.2,25.2,25.7,25,26.2,74,71,74,73,75,72,76,76,74,72,70,68,75,75,72,69,72,76,75,72,74,73,73,76,74,71,72,73,75,74,75,0.1,0,0.1,0,0.1,0,0.1,0.1,0.2,0.1,0,0,0,0.1,0.1,0,0.1,0.2,0.3,0.1,0,0.1,0,0.2,0,0,0,0.2,0.1,0.1,0,29,27.4,28.1,30.8,32.2,33.1,24.4,33.9,30,25.9,29.2,32.9,29.8,28.8,29.6,33.8,28.4,28,24.5,25.1,32.9,27.1,30.2,25.6,32.3,28.8,33.4,19.7,25.1,24.1,31.7,32.8,29.2,32.4,34.2,36.4,36.4,27,39.2,33.1,29.5,32,37.1,34.2,33.5,33.1,38.2,32,32,27.7,28.1,37.8,30.6,33.8,28.8,37.1,32.4,37.8,22,28.8,27.4,36.4,,,,,,22.2204,114.2127
2026-10-08T02:00,24.9,25,24.5,24.8,24.8,24.7,24,24.6,23.7,24.4,24.4,24.1,24.9,24.5,24.6,24.2,24.5,24.6,25.5,24.8,24.3,25.6,23.7,23.6,24.4,24.7,24.8,24.1,23,24.4,24.6,24.4,24.3,25.3,24.3,24.3,24.1,24.4,24.2,24.5,73,66,74,70,73,71,78,71,78,71,66,75,70,74,73,77,72,78,72,76,72,69,79,79,75,70,67,81,73,68,71,72,75,66,70,74,70,73,77,76,0,0,0,0,0,0,0,0,0,0,0,0,0,0,0,0,0,0,0,0,0,0,0,0,0,0,0,0,0,0,0,0,0,0,0,0,0,0,0,0,5.9,6.4,6.1,4.2,5,8.7,8.2,5,7.3,8.6,13.8,4.2,5.2,8.6,6,7.9,4.8,5.9,6.6,9.6,6.4,4.8,7.7,7.3,6.6,3.6,7.7,6.2,3.8,5.2,7.7,8.2,7.9,9.2,6.3,7.6,7.8,6,4.9,5.8,,,,,,,,,,,,,,,,,,,,,,,,,,,,,,,,,,,,,,,,,25.4,25.9,26.3,26.4,25.7,24.7,25.4,25.4,25.7,25.7,25.4,24.2,25.9,25.4,26,24.5,24.4,25.6,25.1,24.9,25.4,25,25.1,26.1,26,26,25,25,25.6,24.9,26.1,74,72,73,73,74,73,76,76,74,72,70,68,75,75,71,69,73,76,75,72,75,73,73,77,75,71,73,75,75,74,75,0.1,0,0.1,0,0.1,0,0.1,0.1,0.2,0.1,0,0,0,0.1,0.1,0,0.1,0.2,0.3,0.1,0,0.1,0,0.2,0,0,0,0.2,0.1,0.1,0,30.3,29.2,29.4,31.3,33.5,34.5,26,34.3,33.3,28,30.2,33.4,30.3,30.2,32.2,34.6,30.1,30.1,26,25.9,33.4,28.8,32,28.2,32.3,28.6,34.2,21.1,26.3,25.8,33,34.2,31,33.5,34.6,37.1,37.8,28.4,39.2,37.1,32,33.1,37.4,34.2,34.9,35.6,39.6,34.2,34.2,29.2,29.2,38.5,32.4,35.3,31.7,36.7,32.4,38.9,23,30.2,29.2,37.4,,,,,,22.2204,114.2127
2026-10-08T03:00,24.7,24.9,24.4,24.6,24.7,24.5,23.7,24.3,23.6,24.3,24.2,23.9,24.8,24.3,24.4,24,24.3,24.5,25.5,24.7,24.2,25.5,23.6,23.3,24.3,24.7,24.6,23.9,23,24.3,24.4,24.2,24.1,25.2,24,24.2,23.8,24.3,24.1,24.4,72,66,74,70,71,70,77,71,76,71,66,75,69,73,73,76,72,77,72,75,72,69,77,78,74,70,66,79,73,66,70,70,75,66,71,73,69,72,77,74,0,0,0,0,0,0,0,0,0,0,0,0,0,0,0,0,0,0,0,0,0,0,0,0,0,0,0,0,0,0,0,0,0,0,0,0,0,0,0,0,5.9,6.8,6.2,4.5,5.3,9.2,8.4,5,7.5,8.2,14,4,4.7,8.7,5.8,7.1,4.6,6.3,6.9,9.7,6.4,4.8,7.9,7.7,6.4,4.1,7.8,6.8,4.1,5,7.6,8.4,8.2,9.2,6.2,8.1,7.6,6.2,4.8,6.1,,,,,,,,,,,,,,,,,,,,,,,,,,,,,,,,,,,,,,,,,25.2,25.7,26.3,26.2,25.5,24.6,25.3,25.2,25.5,25.5,25.2,24.1,25.8,25.2,25.8,24.4,24.4,25.5,25,24.8,25.3,24.9,24.9,25.9,25.8,25.8,24.8,25,25.5,24.8,25.8,74,73,72,73,73,73,76,75,72,73,70,67,76,76,71,69,72,76,75,72,75,73,72,77,74,70,73,75,76,74,74,0,0,0,0,0,0,0.2,0.1,0,0.1,0,0,0,0.1,0,0,0.1,0.1,0.2,0.1,0.1,0,0,0.2,0,0,0,0.1,0.2,0,0,31.8,30.8,30.3,30.8,34.5,35.3,27.9,35.2,34.7,30.9,30.6,33.6,30.9,32.8,34,35.2,32.3,32,27.1,27.9,34.4,30.2,34.3,29.9,32.5,27.2,34.6,22,27.7,27.3,34.4,35.6,32.8,34.6,34.2,38.2,38.9,30.6,40.3,38.9,34.9,33.5,37.4,34.2,37.1,37.8,40.3,36.4,36,30.2,31.3,39.2,33.8,37.4,33.5,36.7,31.7,39.6,23.8,31.3,30.6,38.9,,,,,,22.2204,114.2127
2026-10-08T04:00,24.6,24.8,24.2,24.4,24.6,24.3,23.5,24,23.4,24.2,24.1,23.6,24.7,24.1,24.2,23.9,24,24.5,25.6,24.5,24.1,25.3,23.5,23.1,24.2,24.6,24.3,23.7,23,24.2,24.2,24.1,23.9,25.1,23.7,24,23.5,24.1,24,24.3,71,66,74,68,69,68,76,71,74,71,66,74,68,73,74,74,72,76,71,73,73,68,72,77,73,69,64,75,72,64,69,68,74,66,71,71,69,71,77,73,0,0,0,0,0,0,0,0,0,0,0,0,0,0,0,0,0,0,0,0,0,0,0,0,0,0,0,0,0,0,0,0,0,0,0,0,0,0,0,0,5.4,7.7,5.9,5,5.7,9.5,8.9,5.2,8.2,7.9,13.8,3.9,4.2,8.9,5.4,6.7,4.7,7.1,7.4,9.6,5.6,4.8,8.2,8.2,6,4.6,7.4,7.8,4.5,4.6,7.5,8.7,8.6,9.2,5.9,8.7,7.2,6.3,4.8,6.3,,,,,,,,,,,,,,,,,,,,,,,,,,,,,,,,,,,,,,,,,25.1,25.5,26.2,26,25.3,24.6,25.3,25,25.4,25.3,25,24,25.6,25,25.5,24.2,24.4,25.3,24.8,24.6,25.1,24.7,24.7,25.7,25.5,25.5,24.6,25,25.4,24.7,25.6,75,73,72,72,72,71,76,74,70,73,69,65,76,76,71,69,71,77,75,72,75,73,72,76,73,69,72,73,77,73,73,0,0,0,0,0,0,0.2,0.1,0,0.1,0,0,0,0.1,0,0,0.1,0.1,0.2,0.1,0.1,0,0,0.2,0,0,0,0.1,0.2,0,0,33.2,31.9,31.1,29.9,35.6,35.8,30.3,36.6,35,33.9,30.6,33.7,31.1,35.9,35.9,35.9,34.6,34,28.6,30.6,35.4,31.4,36.1,31.1,32.7,25.5,35.4,22.8,29.4,28.8,35.3,37.4,34.2,35.3,33.1,39.2,39.6,33.1,41.8,39.6,38.2,33.8,37.4,34.2,40,40,41,38.9,37.4,31.3,33.8,40,35.3,39.6,34.9,36.4,30.2,40,24.1,32.4,31.7,40.3,,,,,,22.2204,114.2127
2026-10-08T05:00,24.6,24.7,24.1,24.4,24.7,24.1,23.4,23.9,23.4,24.1,24,23.5,24.7,24,24.1,23.9,23.9,24.5,25.6,24.4,24,25.3,23.4,22.9,24.2,24.6,24.2,23.6,23.1,24.3,24.1,24,23.8,25,23.5,23.9,23.4,24,24,24.2,70,66,74,67,67,67,75,70,72,70,67,73,67,73,73,73,72,74,70,71,73,68,69,76,71,69,63,72,71,63,68,66,73,66,71,69,68,70,76,71,0,0,0,0,0,0,0,0,0,0,0,0,0,0,0,0,0,0,0,0,0,0,0,0,0,0,0,0,0,0,0,0,0,0,0,0,0,0,0,0,5.1,7.9,5.8,5,5.9,9.8,9,5.2,8.8,8.1,13.9,4.1,4.1,9.2,5.1,6.4,4.7,7.4,7.7,9.7,5.2,4.8,8.4,8.7,5.5,4.8,7.9,8.5,4.8,4.3,7.4,9,8.8,8.9,5.9,9,7.1,6.4,4.6,6.5,,,,,,,,,,,,,,,,,,,,,,,,,,,,,,,,,,,,,,,,,24.9,25.3,26.1,25.8,25.1,24.6,25.2,24.8,25.2,25.2,24.9,24,25.5,24.7,25.3,24,24.4,25.2,24.7,24.4,25,24.6,24.5,25.5,25.3,25.2,24.5,24.9,25.3,24.6,25.4,74,73,71,71,71,70,76,73,67,73,69,63,76,76,70,68,69,76,74,71,74,72,70,75,72,68,71,72,77,73,71,0,0,0,0,0,0,0.2,0.1,0,0.1,0,0,0,0.1,0,0,0.1,0.1,0.2,0.1,0.1,0,0,0.2,0,0,0,0.1,0.2,0,0,34.3,32.6,30.9,28.7,35.8,35.7,31.6,37.6,35.1,36.1,29.8,33.2,31.4,38.3,36.6,36.2,36.3,35.6,29.4,32.1,36.2,31.6,37.6,31.7,32.1,24.3,35.7,23.2,30.3,29.8,35.4,38.2,34.9,35.6,32.4,39.6,40,34.6,42.8,40,40.3,33.1,36.7,34.2,42.1,41,41,40.3,38.5,32,35.3,40.3,35.3,41,35.6,35.3,29.5,40,24.1,33.1,32.4,40.3,,,,,,22.2204,114.2127
2026-10-08T06:00,24.9,24.5,24.2,24.8,24.9,24,23.6,24.4,23.4,23.8,23.8,24.1,24.8,23.9,24.8,23.9,24.6,24.4,25.4,24.5,23.9,25.2,23.4,23,24.2,24.5,24.2,23.6,23.1,24.5,24,24,24,24.8,24,24,23.6,24.1,24.3,24.2,71,65,71,66,69,69,73,66,70,67,68,71,67,74,67,74,69,74,70,71,72,69,70,75,67,69,62,73,71,65,69,67,69,68,68,68,67,70,72,72,0,0,0,0,0,0,0,0,0,0,0,0,0,0,0,0,0,0,0,0,0,0,0,0,0,0,0,0,0,0,0,0,0,0,0,0,0,0,0,0,4.6,7.9,5.4,4.5,5.9,9.6,9.1,5.4,8.7,8.4,13.3,4.1,4.3,9.2,4.8,6.6,4.7,7.3,7.9,9.7,4.8,5,8.6,8.9,5.4,4.8,8.9,8.2,4.8,4.1,7.9,9.4,9,8.9,5.6,9.2,7,6.3,4.6,6.4,,,,,,,,,,,,,,,,,,,,,,,,,,,,,,,,,,,,,,,,,24.8,25.3,25.9,25.7,24.9,24.7,25.1,24.8,25.1,25,24.9,24,25.3,24.5,25.3,24,24.2,25.1,24.5,24.4,25,24.5,24.4,25.4,25.2,25.1,24.4,24.8,25.2,24.6,25.3,72,72,70,69,70,68,75,71,64,70,68,62,75,74,69,67,65,74,73,69,72,71,67,73,71,67,69,71,76,73,70,0,0,0,0,0,0,0,0,0,0,0,0,0,0,0,0,0,0,0,0,0,0,0,0,0,0,0,0,0,0,0,34.2,32.6,30.1,27.6,35.1,35.9,31.3,37.8,35.9,36.1,28.5,32.2,30.9,38.9,36,35.8,36.8,35.8,29.8,31.7,36.2,30,37.5,31.4,30.3,23.8,36,22.9,30.7,30.1,33.8,37.8,34.9,35.6,31.7,38.9,40,34.2,42.8,40.7,40.3,31.7,35.3,33.8,43.2,40.7,40.7,40.3,39.2,32,34.6,40.3,33.5,41,35.3,33.1,29.5,40.3,23.8,33.1,32.4,38.5,,,,,,22.2204,114.2127
2026-10-08T07:00,25,24.5,24.2,25,25,24,23.7,24.5,23.5,23.8,23.6,24.3,24.9,23.8,25,24,24.8,24.5,25.4,24.5,24,25.2,23.5,23.1,24.3,24.6,24.1,23.6,23.2,24.7,24,24,24,24.8,24.1,24.1,23.7,24.2,24.5,24.3,70,65,70,64,67,69,72,65,68,66,69,70,66,73,66,72,67,73,69,69,71,69,67,73,64,69,60,70,71,63,68,65,68,68,66,66,66,68,70,70,0,0,0,0,0,0,0,0,0,0,0,0,0,0,0,0,0,0,0,0,0,0,0,0,0,0,0,0,0,0,0,0,0,0,0,0,0,0,0,0,4.3,8,5.1,4,6.2,9.4,9.5,5.6,8.7,8.9,12.8,3.7,4.6,9.2,4.6,6.9,4.8,6.6,7.6,9.3,4.3,5.2,8.8,9.1,5.4,4.8,9.7,8.1,4.8,3.9,8.7,9.5,9.2,8.4,5.7,9.1,6.9,5.9,4.8,6.1,,,,,,,,,,,,,,,,,,,,,,,,,,,,,,,,,,,,,,,,,24.8,25.3,25.8,25.6,24.9,24.7,25,24.8,24.9,24.9,24.8,24.1,25.2,24.3,25.4,24,24,25.1,24.4,24.4,24.9,24.4,24.3,25.3,25,25.1,24.3,24.7,25.2,24.5,25.3,69,70,69,68,69,67,74,68,62,67,67,61,73,71,67,65,61,72,71,67,69,70,63,71,71,65,65,71,75,72,68,0,0,0,0,0,0,0,0,0,0,0,0,0,0,0,0,0,0,0,0,0,0,0,0,0,0,0,0,0,0,0,33.7,31.4,28.5,26.3,33.8,35.4,30.1,37.2,36.9,34.6,26.6,30.9,30.1,38.9,34.9,34.9,36.2,35.6,29.4,29.8,35.6,27.6,37,30.3,28.1,23.8,36.4,22.2,30.5,30,31.3,37.1,34.2,35.3,31.3,37.4,39.6,32.4,42.5,41.4,39.2,29.5,33.5,33.5,43.6,39.2,39.6,39.6,40,32,32.8,40.3,30.6,40,33.8,30.6,30.2,40.3,23,32.8,32.4,35.6,,,,,,22.2204,114.2127
2026-10-08T08:00,25.1,24.5,24.3,25.2,25.2,24.1,24,24.7,23.7,24,23.4,24.5,25.1,24,25.3,24.3,25.1,24.8,25.5,24.7,24.3,25.3,23.8,23.3,24.5,24.7,24.3,23.9,23.4,25,24.1,24.2,24.2,24.9,24.4,24.2,23.9,24.4,24.8,24.6,69,65,69,63,66,68,70,63,66,64,70,68,65,73,64,71,66,71,69,68,70,68,65,71,62,68,59,68,70,62,67,64,66,68,65,65,64,67,68,69,0,0,0,0,0,0,0,0,0,0,0,0,0,0,0,0,0,0,0,0,0,0,0,0,0,0,0,0,0,0,0,0,0,0,0,0,0,0,0,0,4.6,8.1,4.7,4.2,6.8,9.4,10.2,6.6,8.7,9.7,12.2,4.3,5.4,9.4,5.4,7.7,5.5,6.8,7.9,9.7,4.8,5.9,9.8,9.6,6.2,5.4,10.9,7.6,4.7,4.3,9.7,10,10,8.9,6.2,9.6,7.7,6.4,5.6,6.4,,,,,,,,,,,,,,,,,,,,,,,,,,,,,,,,,,,,,,,,,24.8,25.4,25.8,25.7,24.9,24.8,25,24.9,24.9,24.9,24.9,24.2,25.3,24.2,25.5,24.1,24,25.1,24.4,24.5,24.9,24.5,24.3,25.3,25.1,25.1,24.3,24.7,25.2,24.6,25.3,67,68,68,66,68,65,73,66,60,64,66,61,71,68,66,64,57,70,69,65,67,69,60,69,70,64,63,70,74,71,67,0,0,0,0,0,0,0,0,0,0,0,0,0,0,0,0,0,0,0,0,0,0,0,0,0,0,0,0,0,0,0,32.7,29.6,27.2,25.5,32.4,34.6,28.5,36.9,36.7,33,25.2,29.3,29.2,38.3,34,33.7,35.8,35,29.1,27.7,34.9,25.6,35.6,28.5,26.4,24,36.2,21.8,29.6,29.2,28.7,35.6,32,34.2,31,36,38.5,30.6,41.8,40.7,37.4,27.7,31.3,32.4,43.2,38.2,38.2,38.9,39.2,31.3,30.6,39.6,28.1,38.5,31.7,28.8,31,40,22.7,31.7,31.3,32.8,,,,,,22.2204,114.2127
2026-10-08T09:00,25.4,24.7,24.5,25.7,25.6,24.6,24.5,25.2,24.2,24.5,23.2,25,25.6,24.3,25.7,24.8,25.6,25.2,25.6,25,24.8,25.5,24.4,23.9,24.9,24.9,24.7,24.4,23.6,25.5,24.5,24.5,24.7,25.1,25,24.5,24.5,24.8,25.2,25.1,68,65,69,62,64,67,68,61,64,62,71,65,63,72,62,69,64,69,69,67,68,67,63,68,59,67,58,66,69,60,66,63,64,67,63,64,61,65,65,67,0,0,0,0,0,0,0,0,0,0,0.4,0,0,0,0,0,0,0,0,0,0,0,0,0,0,0,0,0,0,0,0,0,0,0,0,0,0,0,0,0,5.9,9.2,5.2,5.9,8.7,10.1,12.4,8.7,10.2,11.2,12.5,6.2,7.4,10.5,7.4,8.7,7.4,8.1,7.9,11.4,6.8,7.4,11.9,11.2,8.3,7.2,12.3,7.1,5.5,6.3,10.7,11.2,11.2,10.2,8.1,10.8,9.4,8.5,7.6,8.1,,,,,,,,,,,,,,,,,,,,,,,,,,,,,,,,,,,,,,,,,24.9,25.5,26.1,25.9,25,24.9,25.2,25,25,25,25,24.3,25.5,24.4,25.6,24.3,24.2,25.2,24.6,24.7,25,24.8,24.5,25.5,25.3,25.1,24.4,25,25.3,24.8,25.3,66,67,66,65,66,64,71,64,60,63,65,61,69,65,65,64,55,68,67,63,65,67,59,67,68,64,62,68,72,69,66,0,0,0,0,0,0,0,0,0,0,0,0,0,0,0,0,0,0,0,0,0,0,0,0,0,0,0,0,0,0,0,31.7,26,25.7,25.5,30.9,33.1,26.9,36.4,35,31,24.1,27.5,27.6,36.8,33.8,32.3,35.2,33.5,28,25.5,34.3,24.4,33.9,25.5,25.6,24.2,35.1,21.9,28,27.7,26.7,33.8,28.1,32.4,31,34.2,36,28.4,41.4,38.2,34.6,26.3,28.8,30.6,41.8,38.2,36,38.2,37.1,30.2,27.7,38.5,26.6,36.4,27.7,28.8,31.7,38.5,23,29.5,29.5,29.9,,,,,,22.2204,114.2127
2026-10-08T10:00,25.8,25,24.8,26.3,26.1,25.3,25.3,25.9,24.9,25.2,23,25.7,26.2,24.8,26.4,25.5,26.4,25.9,25.7,25.4,25.6,25.9,25.3,24.7,25.5,25.3,25.3,25.1,23.8,26.2,25,25,25.4,25.5,25.8,25,25.4,25.4,25.9,25.8,67,64,68,60,62,65,65,58,62,59,73,62,61,71,61,66,62,66,70,66,64,65,60,65,56,66,56,65,68,58,64,63,62,66,60,63,57,63,62,65,0,0,0,0,0,0,0,0,0,0,0.4,0,0,0,0,0,0,0,0,0,0,0,0,0,0,0,0,0,0,0,0,0,0,0,0,0,0,0,0,0,7.7,10.3,6,8.4,11.1,11.3,15.2,11.4,12.1,13.2,12.8,9,10.1,11.9,10.5,9.9,9.9,10.2,7.6,13.9,9.2,9.7,14.3,13.3,11.3,9.4,13.9,6.8,7.2,9.2,12.2,12.4,13,12,11.3,12.4,12.3,11.5,10.1,10.5,,,,,,,,,,,,,,,,,,,,,,,,,,,,,,,,,,,,,,,,,25,25.7,26.4,26.2,25.2,25,25.4,25.2,25.1,25.3,25.2,24.4,25.9,24.7,25.7,24.6,24.5,25.4,24.9,25,25.1,25.3,24.7,25.8,25.8,25.2,24.4,25.5,25.5,25.1,25.5,65,67,64,63,65,63,70,62,61,63,64,60,67,63,64,64,54,67,65,62,63,64,60,65,64,64,61,65,70,68,66,0,0,0,0,0,0,0,0,0,0,0,0,0,0,0,0,0,0,0,0,0,0,0,0,0,0,0,0,0,0,0,30.1,21.6,24.2,26.5,29.5,31,25.1,35.8,32.3,28.8,23.6,25.6,25.8,35.1,33.8,30.6,34.6,31.4,27.1,23.3,33.4,23.6,31.7,21.4,25.5,25,33.5,21.8,26.1,25.8,24.5,32,22.7,29.9,31.3,32,33.1,26.3,40.7,34.6,31,24.8,26.3,28.4,39.6,38.2,33.1,37.1,33.8,28.4,24.5,37.1,25.9,33.5,22.3,29.9,32.4,36.4,23.4,26.6,27,27,,,,,,22.2204,114.2127
2026-10-08T11:00,26.2,25.4,25.2,27,26.7,26.1,26.2,26.7,25.7,26.1,22.8,26.5,27,25.5,27.1,26.3,27.2,26.7,25.9,25.9,26.6,26.3,26.3,25.7,26.3,25.7,26,26,24,27,25.7,25.5,26.3,25.9,26.8,25.5,26.4,26.1,26.7,26.6,65,63,68,59,60,63,61,55,59,56,75,58,58,69,59,63,60,64,70,66,61,63,57,61,53,65,55,63,67,55,62,62,59,64,57,62,53,60,59,63,0,0,0,0,0,0,0,0,0,0,0.4,0,0,0,0,0,0,0,0,0,0,0,0,0,0,0,0,0,0,0,0,0,0,0,0,0,0,0,0,0,9.3,11.4,6.6,10.4,12.6,12,17.1,13.4,13.3,14.7,12.8,10.8,12,12.6,12.6,10.9,11.5,11.7,7.6,15.4,11.2,11.1,15.7,14.9,13.2,11.1,14.8,6.9,8.7,11.5,13.2,13.4,14,13.3,13.6,13.4,13.7,13.5,11.9,12.3,,,,,,,,,,,,,,,,,,,,,,,,,,,,,,,,,,,,,,,,,25.2,25.9,26.7,26.5,25.5,25.1,25.6,25.4,25.3,25.5,25.5,24.5,26.3,25,25.8,24.8,24.7,25.6,25.2,25.3,25.3,25.7,24.9,26.1,26.1,25.4,24.5,25.9,25.6,25.4,25.6,65,66,63,63,63,63,68,60,62,63,63,60,66,61,63,64,54,66,63,61,62,62,60,63,62,64,61,63,68,66,66,0,0,0,0,0,0,0,0,0,0,0,0,0,0,0,0,0,0,0,0,0,0,0,0,0,0,0,0,0,0,0,28.8,18.1,22.7,26.8,28,28.8,23,34.8,29.9,27,22.6,24.3,24.6,33.4,33.2,28.8,33.7,29,26.2,21,32.4,23.2,29.5,18.5,25.3,25.6,31.9,22.1,24.1,24,23.2,30.2,18.7,28.1,31.3,30.2,30.2,23.8,39.6,31.3,28.1,23.4,24.5,27,37.1,37.1,30.6,36,30.6,27.4,22,35.6,25.6,31,18.7,30.6,33.1,34.2,23.8,24.1,24.8,24.8,,,,,,22.2204,114.2127
2026-10-08T12:00,26.6,25.8,25.6,27.7,27.2,26.9,27,27.4,26.5,26.9,22.6,27.2,27.7,26.1,27.7,27.1,28,27.5,26.1,26.4,27.5,26.7,27.3,26.6,27,26.2,26.7,26.8,24.3,27.8,26.3,26,27.1,26.3,27.7,26,27.4,26.8,27.4,27.4,64,63,68,57,59,61,58,53,58,53,77,55,56,68,57,60,57,61,71,65,57,61,55,58,50,64,55,62,66,53,60,62,57,63,55,62,49,58,55,60,0,0,0,0,0,0,0,0,0,0,0.4,0,0,0,0,0,0,0,0,0,0,0,0,0,0,0,0,0,0,0,0,0,0,0,0,0,0,0,0,0,10.4,11.6,6.9,10.8,12.2,12.2,17.4,13.9,13.2,14.8,11.5,11.5,12.2,12.6,13,11.3,11.9,12.3,7.9,15.3,11.7,11.4,15.8,15.3,13.4,11.3,14.7,8.1,9.7,12.1,13.2,13.5,14.1,13.6,13.7,13.6,13.6,13.7,12.3,12.5,,,,,,,,,,,,,,,,,,,,,,,,,,,,,,,,,,,,,,,,,25.4,26.2,26.9,26.5,25.7,25.2,25.8,25.7,25.4,25.6,25.8,24.6,26.4,25.2,26,25,24.8,25.8,25.3,25.6,25.4,25.9,25.1,26.3,26.4,25.6,24.6,26.1,25.7,25.6,25.7,64,65,63,64,62,63,67,58,62,63,62,60,65,61,62,64,54,66,62,60,61,62,60,62,61,65,61,62,67,65,66,0,0,0,0.6,0,0,0,0,0,0,0,0,0,0,0,0,0,0,0,0,0,0,0,0,0,0,0,0,0,0,0,27.6,16.1,22,25.8,26.9,26.5,20.3,32.8,28.1,26,20.9,23.4,24.5,31.8,30.8,27.4,32.6,26.3,26.1,19,30.9,23.7,27.1,17.1,25.8,26.3,30.8,22.6,22.7,22.3,22.6,28.4,16.9,27,30.2,29.2,28.1,21.2,37.4,29.2,26.3,21.6,23.8,27,34.6,34.2,28.4,34.6,27.4,27,20.2,33.8,25.9,28.4,17.6,31,33.5,32.4,24.1,22.7,23,23.8,,,,,,22.2204,114.2127
2026-10-08T13:00,26.9,26.1,25.9,28.2,27.6,27.6,27.7,28,27.2,27.6,22.4,27.7,28.3,26.6,28.3,27.7,28.7,28.1,26.2,26.8,28.2,27.1,28,27.4,27.5,26.5,27.3,27.6,24.5,28.4,26.8,26.5,27.8,26.6,28.4,26.5,28.2,27.4,27.9,28.1,63,63,68,57,58,60,56,51,57,51,79,53,55,67,57,58,56,60,72,65,55,60,54,56,48,63,55,62,65,52,60,62,56,62,53,62,46,56,53,59,0,0,0,0,0,0,0,0,0,0,0.4,0,0,0,0,0,0,0,0,0,0,0,0,0,0,0,0,0,0,0,0,0,0,0,0,0,0,0,0,0,11.3,11,7.1,10.5,10.7,12.2,16.6,14,12.2,14.2,9.9,11.5,11.8,11.8,12.6,11.6,12.1,12.1,7.9,14.9,11.7,10.8,14.8,14.6,12.7,10.8,14,10,10.9,12,13,13.6,13.8,12.9,12.6,13,12.9,13.2,12.1,11.9,,,,,,,,,,,,,,,,,,,,,,,,,,,,,,,,,,,,,,,,,25.6,26.6,26.9,26.4,25.9,25.3,26,26,25.6,25.6,26.1,24.7,26.5,25.4,26.2,25.2,24.8,26,25.3,25.8,25.5,26,25.4,26.5,26.6,25.9,24.7,26.2,25.8,25.8,25.7,63,64,64,66,60,64,66,57,61,64,61,60,65,62,60,64,53,65,62,60,61,62,60,62,60,65,62,62,67,64,66,0,0,0,0.6,0,0,0,0,0,0,0,0,0,0,0,0,0,0,0,0,0,0,0,0,0,0,0,0,0,0,0,26.2,15.7,21.9,24.3,26.1,24.6,17.7,30.4,26.4,25.2,19,22.9,25.6,30.5,27.7,26.7,31.3,23.2,26.5,17.7,29.4,25.4,25,16.7,26.6,26.9,30.3,23,21.5,20.7,22.4,27,16.2,25.9,28.8,28.1,25.9,18.7,34.9,27.7,25.2,19.8,23.4,27.7,32,30.2,27,32.8,24.5,26.6,18.7,31.7,27,25.6,18,31.7,33.5,30.6,24.1,21.6,21.2,23.8,,,,,,22.2204,114.2127
2026-10-08T14:00,27.1,26.3,26.1,28.5,27.8,27.9,28.1,28.3,27.5,27.9,22.2,28,28.5,26.9,28.5,28,29,28.4,26.1,27.1,28.6,27.2,28.4,27.8,27.7,26.7,27.5,28,24.7,28.6,27.1,26.8,28.1,26.8,28.8,26.7,28.5,27.6,28.1,28.4,63,64,69,57,58,60,56,51,57,51,80,52,55,67,57,58,56,60,74,66,54,60,54,55,48,63,56,62,65,52,60,63,56,62,53,62,46,56,53,59,0,0,0,0,0,0,0,0,0,0,0.4,0,0,0,0,0,0,0,0,0,0,0,0,0,0,0,0,0,0,0,0,0,0,0,0,0,0,0,0,0,11.8,10.2,7,10,9.6,12,15.9,13.6,11.5,13.7,8.8,11.4,11.3,11,12.3,11.8,11.7,12,7.7,14.1,11.4,10,14.2,14.1,11.6,10.1,13.3,11.4,11.7,11.5,12.3,13,13.3,12.2,11.4,12.1,11.8,12.5,11.7,11.3,,,,,,,,,,,,,,,,,,,,,,,,,,,,,,,,,,,,,,,,,25.7,26.8,27,26.3,26,25.3,26.2,26.3,25.7,25.6,26.3,24.7,26.6,25.5,26.3,25.3,24.7,26.1,25.3,26.1,25.6,26,25.5,26.6,26.7,26.2,24.7,26.2,25.8,25.9,25.8,63,63,65,68,60,65,65,56,61,64,60,60,65,63,60,64,54,66,62,60,61,63,61,62,60,66,63,62,67,64,66,0,0,0,0.6,0,0,0,0,0,0,0,0,0,0,0,0,0,0,0,0,0,0,0,0,0,0,0,0,0,0,0,25.3,16,22,23.3,25.7,23.2,16.2,28.5,25.6,24.8,18,22.8,26.3,29.3,25.6,25.9,30.4,21.7,26.9,17.4,28.6,26.8,23.3,17.4,27.7,27,30,23.7,20.6,19.6,22.9,26.3,16.2,25.6,27.7,27.7,24.5,17.3,32.8,27,24.8,18.7,23.4,28.4,29.9,27.4,25.9,31.7,22.7,27,18,30.6,28.1,23.8,18.7,31.7,33.1,29.5,24.5,21.2,20.2,24.1,,,,,,22.2204,114.2127
2026-10-08T15:00,27.2,26.2,26.2,28.5,27.8,27.9,28,28.2,27.4,27.8,22.1,27.8,28.4,27,28.5,28,29,28.4,25.9,27.1,28.5,27.2,28.4,27.8,27.6,26.8,27.4,28.2,24.8,28.5,27.1,26.8,28,26.7,28.7,26.8,28.4,27.6,28,28.4,64,66,70,58,60,62,58,53,59,53,81,53,57,68,59,60,57,62,76,67,56,61,56,57,50,64,59,63,66,54,62,64,58,63,55,63,48,57,55,60,0,0.1,0,0,0,0,0,0,0,0,0.7,0,0,0,0,0,0,0,0.7,0,0,0,0,0,0,0,0.3,0,0,0,0.2,0,0,0,0,0,0,0,0,0,11.4,9.5,7,9.6,9.7,11.3,15.2,13,10.1,13.2,8.4,11.2,11,9.6,12.1,11,11.3,11.3,7.2,12.6,11,8.7,13.9,13.6,10.9,9.5,12.7,11.8,12,11.5,11.7,12.6,12.6,11.5,10.9,10.7,11,12.1,11.5,10.8,,,,,,,,,,,,,,,,,,,,,,,,,,,,,,,,,,,,,,,,,25.8,26.8,27.1,26.3,26.1,25.3,26.2,26.4,25.8,25.6,26.4,24.8,26.6,25.4,26.3,25.3,24.7,26,25.2,26.3,25.6,26,25.5,26.7,26.6,26.5,24.7,26.1,25.8,26,25.9,63,63,66,71,61,66,65,56,62,64,60,60,66,65,61,64,56,67,63,60,61,65,62,62,61,67,64,63,67,64,67,0,0,0,0.9,0,0,0,0,0,0,0,0,0,0,0,0,0,0,0,0,0,0,0,0,0,0,0,0,0,0,0,25.3,17,22.2,22.3,25.9,23.1,16.1,27.6,25.8,24.6,18.7,23.4,26.5,28.6,25.3,25.8,30.4,22,27.5,17.6,28.9,27.5,23,19,28.2,26.9,30.2,24.1,20.3,19.5,23.3,26.6,16.6,25.6,27.4,27.7,24.1,17.3,31.3,27,24.8,19.4,23.8,28.4,29.2,26.3,26.3,31.3,23,28.1,18,31,28.8,23,20.2,31.3,32.4,29.9,24.8,21.6,20.2,25.2,,,,,,22.2204,114.2127
2026-10-08T16:00,27.1,26.1,26.3,28.3,27.5,27.7,27.7,27.8,27.1,27.4,22.1,27.3,28,27,28.2,27.7,28.7,28.1,25.5,27,28.1,27.1,27.9,27.5,27.2,26.7,27.1,28.2,24.8,28,26.9,26.8,27.7,26.5,28.2,26.7,27.8,27.3,27.6,28.2,66,69,72,61,63,65,61,57,62,57,82,56,60,70,62,64,60,65,79,69,59,63,60,60,53,66,64,65,67,58,66,66,62,65,59,65,53,60,58,63,0,0.1,0,0,0,0,0,0,0,0,0.7,0,0,0,0,0,0,0,0.7,0,0,0,0,0,0,0,0.3,0,0,0,0.2,0,0,0,0,0,0,0,0,0,10.7,8.6,6.7,9.4,10.2,10.7,13.8,12,8.9,12.7,8.7,10.4,10.5,7.9,11.5,9.7,11.2,10.3,6.4,10.9,10.2,6.6,13.4,12.7,10.3,9,12.2,11.9,12,11.4,10.5,12,12,10.6,10.1,9.1,10.1,11.9,11.7,10.6,,,,,,,,,,,,,,,,,,,,,,,,,,,,,,,,,,,,,,,,,25.7,26.6,27.2,26.3,26.1,25.3,26.3,26.5,25.7,25.5,26.4,24.9,26.6,25.3,26.2,25.1,24.6,25.9,25.1,26.5,25.7,25.9,25.4,26.7,26.5,26.8,24.6,25.9,25.7,26.1,26.1,64,64,67,74,62,66,66,57,63,64,62,60,67,67,62,64,58,69,64,59,61,67,63,62,64,67,66,65,67,65,68,0,0,0,0.9,0,0,0,0,0,0,0,0,0,0,0,0,0,0,0,0,0,0,0,0,0,0,0,0,0,0,0,25.9,18.4,22.6,21.2,26.3,23.4,17,27.2,26.6,24.7,20.2,24.4,26.1,27.8,26,26.3,31,23.7,28.5,18.3,29.5,27.2,23.3,21.1,28.5,26.3,30.8,23.9,20.7,19.9,24.3,27.4,17.6,25.9,27.4,28.4,24.5,18,30.6,28.1,25.2,20.9,24.5,28.1,28.8,26.3,27.7,31.3,24.1,29.2,19.1,31.7,29.2,23,22,31,31.7,31,25.2,22.3,21.2,26.6,,,,,,22.2204,114.2127
2026-10-08T17:00,26.9,25.9,26.3,27.9,27.1,27.3,27.2,27.2,26.7,26.8,22,26.6,27.5,26.9,27.7,27.3,28.2,27.6,25,26.9,27.5,26.8,27.3,27,26.6,26.6,26.6,28.1,24.8,27.4,26.5,26.6,27.1,26.2,27.5,26.5,27.1,26.8,27,27.7,68,73,73,64,67,70,65,61,67,62,82,60,65,73,66,68,64,70,83,72,64,65,64,65,58,68,70,68,69,62,70,68,66,67,64,68,59,64,63,67,0,0.1,0,0,0,0,0,0,0,0,0.7,0,0,0,0,0,0,0,0.7,0,0,0,0,0,0,0,0.3,0,0,0,0.2,0,0,0,0,0,0,0,0,0,9.8,7.9,6.5,8.7,10.5,9.8,13,11.1,7.6,11.9,8.9,9.9,9.7,6.9,11.2,8.4,10.5,9.2,5.9,9.5,9.3,5.3,12.6,11.9,9.4,8.3,11.9,11.9,11.6,10.8,9.7,11.5,10.9,9.5,9,7.9,9.4,11.5,11.3,10.1,,,,,,,,,,,,,,,,,,,,,,,,,,,,,,,,,,,,,,,,,25.7,26.4,27.3,26.3,26.2,25.2,26.3,26.6,25.7,25.4,26.4,25,26.6,25.3,26,25.1,24.5,25.8,25,26.5,25.7,25.8,25.3,26.7,26.4,27.1,24.5,25.8,25.7,26.1,26.1,65,65,68,76,63,67,67,59,65,65,63,61,69,69,64,64,60,71,65,60,62,69,64,63,66,68,67,67,67,65,70,0,0,0,0.9,0,0,0,0,0,0,0,0,0,0,0,0,0,0,0,0,0,0,0,0,0,0,0,0,0,0,0,26.1,19.9,23.2,22,26.5,24,18.4,26.9,27.5,25.4,21.5,24.7,26.1,27.5,26.1,26.5,32.2,24.6,28.8,19.4,29.7,27.5,23.5,22.5,28.7,26.3,31.1,24.2,21.3,20.5,25.8,28.1,19.1,26.6,28.8,28.8,24.8,19.4,29.9,28.8,25.9,22.3,25.2,28.1,28.8,26.3,28.4,32.4,25.6,30.2,20.5,32.4,29.5,23.4,23.8,30.6,31.3,32,25.9,23,22,28.4,,,,,,22.2204,114.2127
2026-10-08T18:00,26.7,25.6,26.2,27.5,26.6,26.9,26.6,26.6,26.1,26.2,22,25.9,26.9,26.7,27.2,26.8,27.7,27.1,24.6,26.6,26.9,26.6,26.6,26.4,26,26.4,26,27.9,24.7,26.7,26.2,26.4,26.5,25.9,26.8,26.3,26.3,26.3,26.3,27.2,70,76,75,67,71,74,70,66,71,67,83,64,69,76,70,73,67,74,86,74,69,68,69,69,62,70,76,71,71,67,75,70,71,69,69,70,65,67,68,70,0,0.1,0,0,0,0,0,0,0,0,0.7,0,0,0,0,0,0,0,0.7,0,0,0,0,0,0,0,0.3,0,0,0,0.2,0,0,0,0,0,0,0,0,0,7.6,7,5.1,5.4,7.3,7,11.9,8,7.8,11.3,9.2,6.6,6.2,6.9,9.8,6.3,7.6,6.5,6.9,10.4,7.2,6.3,10.1,11.5,6.9,5.9,12.6,11.6,7.2,7.3,8.7,10.2,9.7,8.2,6,8.3,8.7,9.4,7.6,7.3,,,,,,,,,,,,,,,,,,,,,,,,,,,,,,,,,,,,,,,,,25.7,26.3,27.4,26.4,26.3,25.2,26.3,26.5,25.8,25.3,26.4,25,26.6,25.3,25.9,25.1,24.4,25.8,24.9,26.4,25.8,25.8,25.3,26.6,26.4,27.2,24.6,25.8,25.7,26.2,26.1,67,67,70,78,64,67,68,62,66,66,65,62,71,71,65,64,62,72,67,62,65,71,65,64,68,69,68,69,67,65,72,0,0,0,0.2,0,0,0,0,0,0,0,0,0,0,0,0,0,0,0,0,0,0,0,0,0,0,0,0,0,0,0,26,21.7,24.1,26.3,26.1,23.5,19.8,26.8,27.8,26.4,21.8,24.2,25.9,26.7,25.3,25.9,33.6,24.6,28.4,21.1,29,27.4,23.5,23.2,29,27,31.1,24.3,21.2,20.5,27.8,28.4,21.2,28.1,33.1,28.8,24.5,21.2,29.9,29.5,27.7,23,25.6,28.4,28.4,25.6,28.4,34.9,26.3,30.6,22.7,32,30.2,23.8,24.8,31,32,32.8,27,23.4,22.3,31,,,,,,22.2204,114.2127
2026-10-08T19:00,26.5,25.4,26.1,27.1,26.2,26.5,26.1,26.1,25.6,25.6,22,25.2,26.3,26.5,26.8,26.4,27.2,26.7,24.1,26.4,26.3,26.3,26,25.9,25.4,26.2,25.6,27.7,24.7,26.1,25.8,26.2,26,25.6,26.1,26.1,25.5,25.8,25.7,26.8,72,79,77,70,75,78,74,70,75,72,83,68,73,78,74,77,71,78,89,77,73,70,73,73,67,72,81,73,73,71,79,72,75,71,74,73,71,71,72,74,0,0.1,0,0,0,0,0,0,0,0,0.7,0,0,0,0,0,0,0,0.7,0,0,0,0,0,0,0,0.3,0,0,0,0.2,0,0,0,0,0,0,0,0,0,6.3,5.9,4.7,4.5,6.6,6,10.9,6.5,7.4,10.7,9.2,5.4,5,5.8,8.8,5.1,6.6,5.2,6.6,9.4,6.4,5,9.4,10.4,6,5.2,12.3,11.5,5.9,5.9,8.1,9.2,8.6,7.2,5,7.6,7.9,8.6,6.6,6.6,,,,,,,,,,,,,,,,,,,,,,,,,,,,,,,,,,,,,,,,,25.7,26.2,27.4,26.5,26.4,25.2,26.2,26.5,25.8,25.3,26.3,25.1,26.5,25.3,25.7,25.2,24.4,25.9,24.7,26.2,25.8,25.8,25.2,26.4,26.3,27.3,24.6,25.9,25.8,26.2,26,69,69,71,79,66,67,68,66,68,68,66,64,73,72,67,65,65,73,69,65,68,73,66,66,70,70,69,71,67,65,74,0,0,0,0.2,0,0,0,0,0,0,0,0,0,0,0,0,0,0,0,0,0,0,0,0,0,0,0,0,0,0,0,25.7,23.5,25.6,32.8,25,22.8,22,26.8,28.2,28,21.8,23.4,25.4,26,24.1,25.1,35,24.3,28.1,23.5,27.6,27.8,23.2,23.2,29,28,30.4,24.8,21.3,20.2,29.9,28.4,23.8,29.9,39.2,28.8,24.1,23.8,30.2,30.6,29.9,23.4,25.6,28.8,28.1,25.2,28.1,38.2,27,30.6,25.6,31.3,30.6,24.1,25.2,31.3,33.8,33.5,28.1,23.4,22.3,33.8,,,,,,22.2204,114.2127
2026-10-08T20:00,26.4,25.2,26.1,26.8,26,26.2,25.7,25.7,25.3,25.2,22.1,24.8,25.9,26.4,26.4,26.1,26.8,26.3,23.8,26.3,25.9,26.1,25.5,25.6,25,26.1,25.3,27.5,24.7,25.7,25.6,26.1,25.6,25.4,25.6,25.9,25,25.5,25.3,26.5,74,81,78,72,77,80,76,73,78,75,83,71,76,80,76,80,73,81,91,78,76,72,76,76,70,73,84,75,74,74,81,74,78,73,77,74,75,73,75,76,0,0.1,0,0,0,0,0,0,0,0,0.7,0,0,0,0,0,0,0,0.7,0,0,0,0,0,0,0,0.3,0,0,0,0.2,0,0,0,0,0,0,0,0,0,5.9,5.5,4.3,4.2,6.4,5.3,10.3,5.4,7.4,10.4,9.2,4.5,4.5,5.4,8.6,4.3,5.9,4.7,6.4,9,6,4.6,8.7,10.1,5.6,4.7,12.3,11.4,4.9,5.2,7.5,8.8,8,6.7,4.3,7.2,7.6,8.3,6,6.6,,,,,,,,,,,,,,,,,,,,,,,,,,,,,,,,,,,,,,,,,25.7,26.1,27.4,26.5,26.5,25.2,26.2,26.4,25.8,25.3,26.3,25.2,26.5,25.4,25.6,25.3,24.4,26,24.7,26,25.9,25.8,25.2,26.3,26.3,27.4,24.7,26,25.9,26.2,25.9,71,70,73,80,67,67,69,69,69,69,68,65,75,73,68,66,67,74,71,68,71,74,67,68,72,71,70,72,68,66,75,0,0,0,0.2,0,0,0,0,0,0,0,0,0,0,0,0,0,0,0,0,0,0,0,0,0,0,0,0,0,0,0,25.6,24.6,27,37.8,25,22.1,23.1,26.8,28.2,29.4,21.8,23,25.4,25.6,23.1,24.3,36.8,23.9,27.7,25.3,26.6,27.8,22.9,22.8,29,29.9,30.4,25,20.9,20.5,31.7,28.8,25.6,31.7,43.9,29.2,24.1,25.6,30.6,31,32,24.1,25.6,29.2,28.1,24.5,27.7,41,27.4,30.6,28.1,31,31.3,24.8,25.6,32,35.6,33.8,28.8,23.4,23,36.4,,,,,,22.2204,114.2127
2026-10-08T21:00,26.3,25.2,26,26.7,25.8,26.1,25.5,25.5,25.1,25,22.3,24.5,25.7,26.4,26.2,26,26.6,26.1,23.6,26.2,25.6,26,25.3,25.4,24.8,26,25.2,27.4,24.8,25.5,25.5,26,25.4,25.4,25.4,25.8,24.7,25.3,25.1,26.3,75,81,79,73,78,81,77,74,80,76,83,73,77,81,77,81,75,82,92,79,77,73,78,77,72,74,85,76,74,76,82,75,80,74,79,75,78,74,77,77,0,0,0,0,0,0,0,0,0,0,0,0,0,0,0,0,0,0,0.7,0,0,0,0,0,0,0,0,0,0,0,0.1,0,0,0,0,0,0,0,0,0,5.9,5.5,4,4.2,5.9,5.5,10.2,5.1,7.7,10,8.9,4.2,4.2,5.5,8.5,4.3,5.9,5.1,6.1,9,6,4.6,8.6,10.1,5.6,4.4,12.6,11,4.6,5.1,7.5,8.8,7.6,6.7,3.8,7.2,7.5,8.2,6,6.6,,,,,,,,,,,,,,,,,,,,,,,,,,,,,,,,,,,,,,,,,25.8,26,27.4,26.5,26.5,25.3,26.3,26.3,25.8,25.3,26.3,25.2,26.5,25.3,25.6,25.4,24.4,26.1,24.8,25.9,26,25.9,25.2,26.3,26.3,27.3,24.7,26.1,25.9,26.2,25.8,72,70,74,80,68,67,69,71,70,70,70,66,76,74,68,67,68,74,71,71,72,75,68,70,73,72,71,72,69,68,76,0,0,0.1,0.1,0,0,0,0,0,0,0,0,0,0,0,0,0,0.1,0,0,0,0,0,0,0,0.1,0,0,0,0,0,25.6,24.7,28.9,39.6,26.4,22.1,23.1,26.8,27.4,30.2,22.3,22.6,25.4,26,22.7,24,38.9,23.3,28.1,26,26.6,28.1,22.9,22.5,29.7,32.3,31.1,25.3,20.6,21.7,33.1,29.2,26.6,33.8,45.7,30.6,24.5,26.3,30.6,30.6,33.5,24.8,25.2,29.5,28.4,23.8,27.4,42.8,27,31,29.5,31,32,25.6,25.6,32.8,37.8,34.2,29.2,23.4,24.8,38.2,,,,,,22.2204,114.2127
2026-10-08T22:00,26.2,25.2,25.8,26.6,25.8,26,25.4,25.4,24.9,24.9,22.5,24.4,25.5,26.3,26,26,26.4,26,23.5,26.1,25.5,25.9,25.1,25.3,24.6,25.9,25.2,27.3,24.8,25.4,25.5,25.9,25.2,25.4,25.2,25.8,24.4,25.1,25,26.2,76,81,80,74,79,81,77,75,80,77,83,74,78,82,78,82,76,83,92,79,78,74,79,78,74,75,84,77,74,76,82,76,80,75,80,75,80,75,78,78,0,0,0,0,0,0,0,0,0,0,0,0,0,0,0,0,0,0,0.7,0,0,0,0,0,0,0,0,0,0,0,0.1,0,0,0,0,0,0,0,0,0,6.2,5.6,4,4.7,5.9,6.2,10.1,5.5,7.8,9.8,8.2,3.5,3.9,5.9,8.7,5.1,5.8,5.8,5.9,9.7,5.7,4.6,8.6,10.1,5.4,4.5,13,10.8,4,5.1,7.3,9.1,8,7.4,3.4,7.6,7.4,8.4,5.9,6.6,,,,,,,,,,,,,,,,,,,,,,,,,,,,,,,,,,,,,,,,,25.8,26.1,27.3,26.4,26.4,25.5,26.3,26.3,25.8,25.4,26.3,25.3,26.5,25.3,25.8,25.4,24.4,26.2,24.9,25.8,26,25.9,25.3,26.3,26.3,27.2,24.7,26.2,26,26.2,25.8,72,70,75,80,70,68,69,72,70,71,72,66,77,75,68,69,68,75,71,73,72,75,69,71,73,74,72,72,70,69,76,0,0,0.1,0.1,0,0,0,0,0,0,0,0,0,0,0,0,0,0.1,0,0,0,0,0,0,0,0.1,0,0,0,0,0,25.7,24.4,31,40,28.6,22.3,22.7,26.3,26.7,30.9,22.7,22.6,25.8,26.3,22.5,23.4,41.1,23,28.4,26.5,27,28.8,23.3,22.1,30.4,35.5,31.8,25.3,20.4,23.7,33.8,29.2,26.6,36.4,46.4,32.8,24.8,26.6,30.6,29.9,34.6,25.6,24.5,29.9,29.5,23.4,27.4,44.3,26.6,31.7,30.6,31.3,32.4,25.9,24.8,33.8,40.7,34.9,29.2,23.4,27,39.6,,,,,,22.2204,114.2127
2026-10-08T23:00,26.1,25.2,25.7,26.6,25.7,26,25.4,25.3,24.8,24.8,22.7,24.3,25.4,26.3,25.9,26,26.3,25.8,23.5,26,25.3,25.9,24.9,25.2,24.5,25.8,25.3,27.2,24.9,25.4,25.6,25.8,25.1,25.5,25.2,25.8,24.3,25,25,26.1,76,79,81,74,79,80,77,75,81,76,83,76,78,82,78,82,76,83,92,79,78,75,79,78,75,75,83,78,74,76,81,77,81,76,80,75,81,76,79,79,0,0,0,0,0,0,0,0,0,0,0,0,0,0,0,0,0,0,0.7,0,0,0,0,0,0,0,0,0,0,0,0.1,0,0,0,0,0,0,0,0,0,6.6,6,3.9,5.8,5.8,7,10.8,6,8.6,9.7,7.8,3.3,4,6.5,9,5.8,6.2,6.6,5.6,10.5,5.8,4.9,9.4,10.7,5.5,4.6,13.7,10.6,4.3,5.4,7.6,9.4,8.1,7.9,3.3,8.4,7.6,8.6,6.5,6.6,,,,,,,,,,,,,,,,,,,,,,,,,,,,,,,,,,,,,,,,,25.9,26.1,27.3,26.3,26.3,25.6,26.3,26.3,25.8,25.4,26.3,25.3,26.5,25.2,25.8,25.4,24.4,26.3,25,25.8,26.1,25.9,25.3,26.3,26.3,27,24.7,26.3,26,26.2,25.7,72,70,75,79,71,69,70,73,71,72,73,67,77,75,69,70,69,75,71,75,72,75,70,72,74,75,73,72,71,71,76,0,0,0.1,0.1,0,0,0,0,0,0,0,0,0,0,0,0,0,0.1,0,0,0,0,0,0,0,0.1,0,0,0,0,0,26.1,24.1,32.4,39.6,30.5,22.7,22.8,26.8,26.4,32,23.2,22.7,25.9,27,23,23.6,41.8,22.7,28.8,26.9,27.6,28.8,23.4,21.4,30.8,37.8,32.2,25.8,20.3,25.4,34.6,29.5,27,38.2,46.4,34.6,25.6,27,31,29.5,35.6,26.3,24.5,30.2,30.2,23.8,27.4,44.6,26.6,32,31.3,31.7,32.8,26.3,24.5,34.6,42.8,34.9,29.5,23.4,28.8,40.3,,,,,,22.2204,114.2127
2026-10-09T00:00,26,25.3,25.5,26.6,25.7,26,25.4,25.3,24.7,24.8,23,24.3,25.3,26.2,25.7,26.1,26.2,25.7,23.4,25.9,25.3,25.8,24.8,25.1,24.5,25.8,25.4,27,25,25.4,25.6,25.7,25.1,25.5,25.1,25.7,24.2,24.9,25,26.1,76,78,81,74,79,79,76,75,81,76,83,76,78,82,77,82,77,83,91,79,77,76,80,77,76,75,81,78,74,76,80,78,81,76,80,75,82,76,79,79,0,0,0,0,0,0,0,0,0,0,0,0,0,0,0,0,0,0,0.7,0,0,0,0,0,0,0,0,0,0,0,0.1,0,0,0,0,0,0,0,0,0,7.4,6.5,4.4,6.6,5.8,8,11.4,6.5,9.1,9.8,7.2,3.6,4.3,7.1,9.4,6.9,6.6,7.8,5.4,11.4,6.1,5.4,10,11.2,5.8,4.7,14.2,10.1,4.4,6.2,7.9,10.1,8.6,8.8,3.7,8.9,8,9.5,6.8,7.2,,,,,,,,,,,,,,,,,,,,,,,,,,,,,,,,,,,,,,,,,25.9,26.1,27.2,26.3,26.2,25.6,26.2,26.3,25.6,25.2,26.3,25.2,26.5,25.2,25.7,25.5,24.3,26.3,24.9,25.7,26.1,25.8,25.3,26.3,26.2,26.9,24.6,26.3,26,26.2,25.6,72,70,75,78,71,70,71,73,72,73,74,67,77,75,71,71,70,75,72,75,73,76,71,72,75,75,74,72,72,72,77,0,0,0,0.1,0,0,0,0,0,0,0,0,0.1,0,0,0,0,0.2,0,0.1,0,0,0,0,0.1,0,0,0,0,0,0,26.6,23.8,32.9,39,32.1,23.6,23.2,28.2,26.8,33.6,23.3,23.6,26.5,27.8,24.2,24,40.5,23.6,28.4,27.4,28.3,28.1,23.5,20.8,30.3,39.3,31.8,26.1,20.6,26,34.6,30.2,27,38.9,46.1,36.4,26.6,27.4,32,30.2,37.1,26.3,24.8,30.6,31.3,25.6,27.7,43.9,27.4,32.4,31.7,32.4,32.4,25.9,23.8,34.6,44.3,34.6,29.9,23.4,29.9,40.3,,,,,,22.2204,114.2127
2026-10-09T01:00,26,25.3,25.4,26.5,25.7,25.9,25.4,25.3,24.7,24.7,23.3,24.3,25.2,26.2,25.7,26.1,26.1,25.7,23.4,25.8,25.2,25.8,24.8,25,24.5,25.7,25.5,26.9,25.1,25.4,25.7,25.6,25,25.6,25.1,25.7,24.1,24.8,25.1,26,76,76,81,74,78,78,75,74,80,75,82,77,78,82,77,82,77,82,90,78,77,76,79,77,77,75,79,78,73,76,79,79,80,76,80,74,82,76,79,78,0,0,0,0,0,0,0,0,0,0,0,0,0,0,0,0,0,0,0.7,0,0,0,0,0,0,0,0,0,0,0,0.1,0,0,0,0,0,0,0,0,0,7.8,7,4.8,7.8,5.9,8.8,11.7,7,9.7,10,6.9,3.7,4.7,8,9.9,7.6,7.3,8.7,5.1,12.2,6.4,5.7,10.6,11.5,6.2,5.1,14.3,9.8,4.7,6.6,8,10.5,9,9.2,4.3,9.8,8.5,10.1,7.2,7.6,,,,,,,,,,,,,,,,,,,,,,,,,,,,,,,,,,,,,,,,,25.9,26.1,27.1,26.2,26.1,25.6,26.1,26.2,25.5,25,26.2,25.1,26.5,25.1,25.4,25.5,24.3,26.2,24.8,25.7,26,25.7,25.3,26.2,26.1,26.7,24.5,26.2,25.9,26.2,25.4,72,70,74,78,71,71,73,73,73,74,75,68,76,75,72,71,71,76,73,75,74,77,71,72,76,75,75,72,72,72,77,0,0,0,0.1,0,0,0,0,0,0,0,0,0.1,0,0,0,0,0.2,0,0.1,0,0,0,0,0.1,0,0,0,0,0,0,27.3,23.7,32.5,38.2,33,24.8,24.1,29.8,28,35.5,23.1,24.5,26.9,28.8,25.8,24.8,38.1,24.9,28.1,27.5,29.3,27,23.7,20.2,29.8,39.9,31.1,27,20.5,26.7,34.7,31,27,38.5,45.4,37.8,27.7,28.1,33.5,31.3,38.5,26.3,25.6,31.3,32.4,27.7,28.4,42.5,28.8,32.4,32,32.8,31.7,25.6,23,34.6,45.4,34.2,30.2,23.4,30.2,39.6,,,,,,22.2204,114.2127
2026-10-09T02:00,25.9,25.3,25.3,26.4,25.7,25.9,25.3,25.3,24.6,24.7,23.5,24.3,25.2,26.1,25.6,26.1,26,25.6,23.4,25.8,25.2,25.7,24.7,25,24.4,25.7,25.5,26.8,25.1,25.4,25.7,25.5,25,25.6,25.1,25.7,24.1,24.7,25.1,25.9,76,75,81,74,78,77,74,74,80,74,81,77,77,81,76,81,77,81,89,78,76,76,79,76,77,75,77,78,73,76,78,79,80,76,80,74,82,76,79,78,0,0,0,0,0,0,0,0,0,0,0,0,0,0,0,0,0,0,0.7,0,0,0,0,0,0,0,0,0,0,0,0.1,0,0,0,0,0,0,0,0,0,8.2,7.4,5.1,8.3,6,9.2,12,7.1,10.1,10.2,6.6,3.9,4.9,8.5,10,8.4,7.6,9.1,4.8,12.7,6.6,5.8,10.8,11.8,6.3,5.1,14.5,9.7,4.8,6.6,8.5,10.9,9.4,9.4,4.7,10,8.7,10.4,7.3,8.1,,,,,,,,,,,,,,,,,,,,,,,,,,,,,,,,,,,,,,,,,25.8,26.1,26.9,26.1,26,25.5,26,26.2,25.3,24.7,26.2,25,26.5,25.1,25.2,25.5,24.2,26.2,24.7,25.6,25.9,25.5,25.2,26.2,26,26.5,24.5,26.1,25.8,26.1,25.3,72,71,74,77,71,72,74,73,74,75,75,68,75,75,74,72,72,76,74,75,74,77,72,72,76,74,75,72,73,72,78,0,0,0,0.1,0,0,0,0,0,0,0,0,0.1,0,0,0,0,0.2,0,0.1,0,0,0,0,0.1,0,0,0,0,0,0,28.1,23.8,32.2,37.6,34.1,25.8,25.1,30.9,28.4,36.7,23.5,26,27.3,29.4,26.9,25.7,36.2,26.3,28.2,28.2,29.9,26.3,23.8,20.5,28.8,40.3,30.5,27.6,21.2,26.9,34.6,31.7,27,38.2,44.6,38.9,29.2,28.8,34.6,31.7,40,26.6,26.6,31.3,33.1,29.2,29.2,40.7,29.9,32.8,32.4,33.5,31.3,25.6,23,33.8,46.1,33.8,30.6,23.8,30.6,39.2,,,,,,22.2204,114.2127
2026-10-09T03:00,25.9,25.3,25.3,26.2,25.6,25.7,25.2,25.2,24.5,24.6,23.6,24.4,25.2,25.9,25.5,26,25.9,25.6,23.4,25.7,25.1,25.7,24.5,24.8,24.4,25.6,25.4,26.7,25,25.4,25.6,25.4,24.9,25.6,25.1,25.6,24,24.6,25,25.8,76,74,80,75,78,76,73,74,80,74,80,77,76,80,75,80,77,80,88,78,75,76,78,75,77,74,75,77,73,76,78,79,80,75,80,74,81,76,79,77,0,0,0,0.3,0,0,0,0,0,0,0,0,0,0,0,0,0,0,0,0,0,0,0,0,0,0,0,0,0,0,0,0,0,0,0,0,0,0,0,0,8.2,7.6,5.1,8.4,6.2,9.4,11.4,6.8,10.2,10.5,6.6,3.7,5,9,9.8,8.8,7.7,8.9,4.6,12.8,6.6,6,10.6,11.6,6.2,4.8,13.9,9.4,4.7,6.4,8.6,11,9.9,9.2,4.9,9.8,8.6,10.2,7,8.3,,,,,,,,,,,,,,,,,,,,,,,,,,,,,,,,,,,,,,,,,25.7,25.9,26.7,26.1,25.8,25.3,25.8,26,25.1,24.5,26.1,24.7,26.3,25,25,25.3,24.1,26.1,24.6,25.5,25.7,25.5,25,26,25.9,26.3,24.4,25.9,25.6,25.9,25.1,72,72,74,77,72,73,75,73,75,76,75,69,75,75,75,73,72,76,75,76,73,77,73,73,76,74,75,72,74,73,79,0,0,0,0,0,0.1,0.1,0,0,0,0.1,0,0,0.1,0,0,0,0.1,0.1,0.1,0,0.1,0,0.1,0.1,0,0,0,0.1,0,0,28.7,24.8,31.3,37.6,34.8,27.4,27.2,30.8,28.2,37.5,24.3,27.7,27.1,29.7,27,27,35.1,27.7,29.2,29.6,30.6,26.5,24.8,21.9,28.2,39.7,30.3,27.9,22.6,27.6,34.7,32.4,28.1,37.8,44.3,39.6,31,30.6,34.9,31.3,41,27.7,28.1,31,33.5,29.2,30.6,39.2,31,33.8,33.5,34.2,31.3,26.6,24.5,32.8,46.1,33.5,31,25.2,30.6,39.2,,,,,,22.2204,114.2127
2026-10-09T04:00,25.8,25.3,25.3,26,25.5,25.5,25,25.1,24.4,24.4,23.6,24.4,25.2,25.7,25.4,25.7,25.8,25.5,23.4,25.5,25,25.6,24.4,24.6,24.3,25.6,25.2,26.5,24.9,25.3,25.5,25.2,24.8,25.4,25,25.5,23.9,24.5,24.9,25.6,76,73,78,76,79,75,72,73,79,73,78,76,75,78,75,79,76,79,87,78,74,75,77,75,77,74,74,76,73,77,78,79,79,74,80,74,80,76,79,76,0,0,0,0.3,0,0,0,0,0,0,0,0,0,0,0,0,0,0,0,0,0,0,0,0,0,0,0,0,0,0,0,0,0,0,0,0,0,0,0,0,8.3,7.6,4.8,8.6,6.3,8.9,10.5,6,10,10.6,6.9,3.9,4.8,9,9.2,9,7.4,8.4,4.6,13.1,6.2,5.8,10.6,10.8,5.6,4.6,13,9.4,4.7,6.2,8.7,11.1,10.2,8.2,4.8,9.5,8.4,9.5,6.2,8.1,,,,,,,,,,,,,,,,,,,,,,,,,,,,,,,,,,,,,,,,,25.4,25.7,26.4,26.1,25.5,25.1,25.6,25.8,25,24.3,26,24.3,26.1,24.9,24.9,25.1,24,25.9,24.4,25.2,25.5,25.5,24.8,25.8,25.8,26.1,24.4,25.7,25.4,25.6,25,73,74,73,77,73,75,76,73,75,77,75,71,75,76,75,74,72,75,76,77,72,77,73,75,74,73,75,72,75,74,79,0,0,0,0,0,0.1,0.1,0,0,0,0.1,0,0,0.1,0,0,0,0.1,0.1,0.1,0,0.1,0,0.1,0.1,0,0,0,0.1,0,0,29.5,26.1,30.5,37.8,34.8,29.5,29.5,30,27.4,37.5,25.6,29.2,27.1,29.6,26.6,28.8,34.2,29,30.9,31.4,31.1,27.4,25.8,24.3,27.4,38.7,30.6,28.5,24.3,28.1,34.9,32.8,29.2,37.4,44.3,39.6,33.1,32.8,34.6,30.6,42.1,28.8,29.9,29.9,33.8,28.4,32.4,37.4,32.4,35.6,35.3,34.6,31.3,28.1,27,31,45.4,33.1,31,27,30.2,39.2,,,,,,22.2204,114.2127
2026-10-09T05:00,25.8,25.2,25.4,25.7,25.4,25.3,24.9,25.1,24.3,24.3,23.7,24.5,25.3,25.4,25.4,25.5,25.7,25.4,23.4,25.4,25,25.5,24.2,24.4,24.2,25.5,25,26.4,24.8,25.3,25.4,25,24.7,25.3,25,25.4,23.9,24.4,24.8,25.4,75,73,76,78,79,74,71,73,78,73,77,75,74,76,74,78,76,77,86,78,73,74,76,74,77,73,72,75,74,77,78,79,78,73,81,73,78,76,78,75,0,0,0,0.3,0,0,0,0,0,0,0,0,0,0,0,0,0,0,0,0,0,0,0,0,0,0,0,0,0,0,0,0,0,0,0,0,0,0,0,0,8.3,7.6,4.6,8.6,6.3,8.9,9.5,5.4,9.8,11,7.1,3.6,4.4,9.5,8.6,8.9,7.3,7.9,4.3,12.9,6.1,5.7,10.2,10.1,5.1,4.2,11.6,8.9,4.4,5.5,9.1,11.2,10.7,7.5,4.8,8.9,8.1,8.9,5.5,7.9,,,,,,,,,,,,,,,,,,,,,,,,,,,,,,,,,,,,,,,,,25.3,25.5,26.3,26.1,25.3,24.9,25.4,25.6,24.8,24.2,25.9,24.1,26,24.9,24.8,25,23.9,25.8,24.4,25,25.3,25.5,24.7,25.6,25.7,26,24.4,25.6,25.2,25.3,24.9,73,75,73,77,74,75,77,72,75,77,75,71,74,76,75,74,71,75,76,77,71,76,73,76,73,73,74,72,75,75,79,0,0,0,0,0,0.1,0.1,0,0,0,0.1,0,0,0.1,0,0,0,0.1,0.1,0.1,0,0.1,0,0.1,0.1,0,0,0,0.1,0,0,29.5,26.9,29.1,37.6,34.8,30.4,30.6,29.3,26.6,37.5,26.2,30,26.6,29.5,25.9,29.3,32.7,29.8,32,33,30.8,28,26.4,25.8,26.1,38,30.5,28,25.6,28.1,34.9,32.4,29.9,36.4,43.6,39.6,33.5,33.5,33.5,29.2,42.5,29.5,31,29.2,33.5,27,33.1,35.6,32.8,36.4,36.4,34.6,31.3,28.4,28.4,29.2,44.6,32.4,31,28.1,29.9,39.2,,,,,,22.2204,114.2127
2026-10-09T06:00,25.8,25.2,25.5,25.4,25.3,25.1,24.8,25.1,24.3,24.2,23.7,24.6,25.4,25.2,25.4,25.4,25.7,25.4,23.4,25.3,25,25.5,24.1,24.3,24.2,25.5,24.8,26.3,24.7,25.3,25.3,24.9,24.7,25.2,25,25.4,23.9,24.3,24.7,25.2,75,72,74,79,79,72,70,72,77,72,75,74,72,74,73,77,75,75,84,78,71,73,74,73,76,71,70,73,74,77,78,78,77,72,80,73,76,76,77,73,0,0,0,0.3,0,0,0,0,0,0,0,0,0,0,0,0,0,0,0,0,0,0,0,0,0,0,0,0,0,0,0,0,0,0,0,0,0,0,0,0,8.1,7.4,4.3,8.2,6.6,8.5,8.4,4.3,9.6,11.1,7.7,3.6,4.4,9.5,8,9.2,7,7.4,4.4,12.9,5.9,5.7,10.1,9.5,5.1,3.7,10.5,8.9,4.1,5,9.2,10.9,11.2,6.9,4.8,8.2,7.7,8.2,5.1,7.7,,,,,,,,,,,,,,,,,,,,,,,,,,,,,,,,,,,,,,,,,25.2,25.5,26.2,26.1,25.2,24.8,25.3,25.5,24.7,24.2,25.8,24,25.9,24.8,24.7,24.9,23.8,25.6,24.4,24.8,25.3,25.4,24.6,25.4,25.6,26,24.4,25.4,25.2,25.3,24.9,72,74,72,76,73,74,77,71,74,76,74,70,73,75,74,73,70,75,75,76,69,76,72,76,71,72,73,71,75,75,78,0,0,0,0,0,0,0,0,0,0,0,0,0,0,0,0,0,0,0,0,0,0,0,0.1,0,0,0,0,0,0,0,27.9,26.7,27.9,36.6,34.4,28.7,29.8,27.5,25.3,36.8,25.9,29.2,25.4,29.2,24.1,28.3,30,28.7,32.2,33.3,28.8,28.1,25.9,25.8,24,37.2,29.6,26.8,25.8,27.2,34.7,31,29.5,34.6,42.5,39.2,31.3,32,31.3,27.4,41.8,28.8,31,28.4,32.4,25.2,32,33.1,32,36,37.4,33.1,31,27.4,28.4,26.6,44.3,31.7,30.2,27.7,29.2,38.9,,,,,,22.2204,114.2127
2026-10-09T07:00,25.8,25.2,25.6,25.3,25.4,25.1,24.8,25.1,24.3,24.3,23.9,24.9,25.6,25.1,25.4,25.3,25.8,25.6,23.6,25.4,25.1,25.6,24.1,24.3,24.3,25.6,24.7,26.2,24.7,25.4,25.3,24.9,24.8,25.2,25.2,25.4,24.1,24.4,24.8,25.2,74,71,72,79,78,71,69,71,75,71,72,72,70,72,71,75,73,73,83,78,70,72,72,72,75,70,68,72,74,76,78,77,75,70,79,72,74,75,76,71,0,0,0,0.3,0,0,0,0,0,0,0,0,0,0,0,0,0,0,0,0,0,0,0,0,0,0,0,0,0,0,0,0,0,0,0,0,0,0,0,0,8.1,7.4,4.3,8.2,6.8,8.4,7.3,4.1,9.5,11.3,8,3.6,4.3,9.5,7.4,9.3,7,7.1,4.4,12.5,6,5.9,9.8,8.9,5.2,3.9,9.5,8.6,4.3,5,9.2,11,11.5,6.4,4.8,7.9,7.9,7.4,4.8,7.4,,,,,,,,,,,,,,,,,,,,,,,,,,,,,,,,,,,,,,,,,25.1,25.5,26.2,26.1,25.2,24.7,25.2,25.5,24.6,24.4,25.7,24,25.8,24.8,24.7,24.9,23.8,25.4,24.4,24.6,25.3,25.4,24.6,25.3,25.5,26,24.3,25.3,25.2,25.3,25,70,73,71,75,72,72,75,70,71,75,73,67,71,74,72,72,68,74,74,75,67,75,71,75,69,72,71,70,74,74,77,0,0,0,0,0,0,0,0,0,0,0,0,0,0,0,0,0,0,0,0,0,0,0,0.1,0,0,0,0,0,0,0,25.4,26,26.3,35.6,33.7,25.8,28,25.1,24,35.7,24.9,27.8,24.3,28.6,21.7,26.7,26.6,27,31.9,33.5,25.5,28,24.7,25.4,21.4,36.1,28.7,25.3,25.3,26.4,34.6,28.8,28.1,32.8,41.4,38.5,27.7,29.5,28.8,24.8,40.7,27.4,30.2,27.7,31.3,22.7,30.2,30.6,30.6,34.9,37.8,30.6,30.6,25.2,27.4,24.1,43.6,30.6,28.8,26.3,28.4,38.5,,,,,,22.2204,114.2127
2026-10-09T08:00,26,25.3,25.9,25.3,25.6,25.2,25,25.3,24.6,24.5,24.3,25.2,25.9,25.2,25.6,25.4,26,25.8,23.8,25.5,25.4,25.8,24.4,24.5,24.6,25.8,24.7,26.3,24.8,25.6,25.5,25.1,25,25.5,25.5,25.6,24.4,24.5,25,25.3,73,70,70,79,76,69,67,69,73,69,70,70,68,70,70,73,72,71,81,76,68,70,70,70,73,68,67,71,73,75,76,75,73,68,77,71,71,74,74,69,0,0,0,0.3,0,0,0,0,0,0,0,0,0,0,0,0,0,0,0,0,0,0,0,0,0,0,0,0,0,0,0,0,0,0,0,0,0,0,0,0,8.4,7.4,4.6,8.2,7.1,8.4,7,4.1,9.3,11.6,8.5,3.8,4.6,10,7.4,9.5,7,7.1,4.7,12.5,6.3,6.1,9.8,8.9,5.5,3.9,8.9,8.6,4.6,5,9.4,11,11.8,6.4,5.1,7.6,7.9,7.4,5.1,7.6,,,,,,,,,,,,,,,,,,,,,,,,,,,,,,,,,,,,,,,,,25.2,25.6,26.4,26.2,25.3,24.8,25.3,25.6,24.7,24.5,25.7,24,25.9,24.9,24.9,25.1,23.9,25.4,24.5,24.6,25.4,25.4,24.7,25.3,25.6,26.1,24.4,25.4,25.3,25.4,25.1,68,71,70,73,70,70,74,68,69,74,71,65,69,73,70,70,66,73,72,73,65,74,69,74,66,71,69,68,73,73,76,0,0,0,0,0,0,0,0,0,0,0,0,0,0,0,0,0,0,0,0,0,0,0,0.1,0,0,0,0,0,0,0,23.3,24.3,25.2,34.1,32.5,23.2,25.9,23.5,22.3,34.8,23.7,26.1,23.2,27.9,19.6,25.2,23.3,25.1,30.9,32.8,23.4,27.4,23,24.6,19.5,35.4,27.1,24.1,24,25.1,33.6,26.6,26.3,31,39.6,37.4,24.5,26.6,27,23,39.2,25.6,29.2,27.4,29.5,20.9,28.4,27.4,28.8,33.5,37.4,28.8,29.5,23,26.3,22,43.2,29.2,27.7,24.5,27.4,37.4,,,,,,22.2204,114.2127
2026-10-09T09:00,26.2,25.5,26.3,25.5,26.1,25.7,25.5,25.7,25.1,24.9,24.9,25.7,26.5,25.6,25.9,25.9,26.4,26.4,24.3,25.9,25.9,26.3,24.9,25.1,25.2,26.3,24.8,26.5,25,26,25.9,25.5,25.6,26,26.2,26,25,24.9,25.5,25.8,71,69,68,77,72,67,64,66,70,66,67,67,65,68,68,70,70,68,79,73,65,68,67,67,70,65,66,70,71,72,72,71,70,65,73,69,68,71,71,67,0,0,0,0.1,0,0,0,0,0,0,0,0,0,0,0,0,0,0,0,0,0,0,0,0,0,0,0,0,0,0,0,0,0,0,0,0,0,0,0,0,9.1,7.7,5.4,8.6,7.4,8.9,7.3,4.9,9.5,12.1,8.9,4.4,5.2,10.5,7.9,9.8,7.8,7.9,5.2,12.5,6.8,6.9,9.9,9.4,6.2,4.7,8.9,8.8,5.4,5.6,9.5,11.4,12.2,6.9,5.6,7.9,8.2,8,5.6,8.1,,,,,,,,,,,,,,,,,,,,,,,,,,,,,,,,,,,,,,,,,25.5,25.9,26.6,26.4,25.5,25.1,25.5,25.9,24.9,24.7,26,24.2,26.2,25.1,25.4,25.4,24.2,25.7,24.6,24.7,25.7,25.5,24.9,25.6,26.1,26.3,24.5,25.6,25.5,25.6,25.2,66,69,68,71,68,67,72,66,67,72,68,63,67,71,67,67,62,71,69,71,64,72,67,72,63,70,67,66,71,71,74,0,0,0,0,0,0,0,0,0,0,0,0,0,0,0,0,0,0,0,0,0,0,0,0,0,0,0,0,0,0,0,21.7,21.7,24.9,31.9,31.1,21,23.8,23.2,20.1,33.9,21.9,24.6,22.9,26.1,18.4,23.7,20.2,23.7,29.8,31.4,22.8,26.4,20.8,23.4,18.7,35.3,24.7,23.2,21.9,23.8,31.9,24.8,23.4,30.2,36.7,35.3,22,24.1,26.6,22,37.8,23.8,27.4,27.7,27.4,20.2,26.6,23.4,27,31.7,34.9,27.7,28.1,20.9,24.5,21.2,42.8,26.3,26.6,22,25.6,35.3,,,,,,22.2204,114.2127
2026-10-09T10:00,26.6,25.8,26.9,25.9,26.8,26.4,26.3,26.4,25.9,25.6,25.9,26.4,27.2,26.3,26.4,26.5,27,27.2,24.9,26.6,26.8,26.9,25.8,25.9,26,26.9,25.1,26.8,25.5,26.6,26.7,26.2,26.4,26.9,27.1,26.6,25.9,25.5,26.4,26.5,68,68,66,75,66,63,61,63,65,62,63,64,62,66,65,66,67,64,76,68,62,65,63,64,64,62,65,69,68,68,67,66,65,62,67,66,63,68,66,63,0,0,0,0.1,0,0,0,0,0,0,0,0,0,0,0,0,0,0,0,0,0,0,0,0,0,0,0,0,0,0,0,0,0,0,0,0,0,0,0,0,9.8,8,6.4,8.8,8.2,9.4,8.2,6.1,10,12.7,9.9,5.6,6.6,11,8.9,10.1,8.7,8.7,6.2,12.2,7.7,7.5,10.5,10.5,7.1,5.6,9.7,9.5,6.8,7,9.8,11.7,12.5,7.7,6.6,8.5,8.9,9,6.7,9,,,,,,,,,,,,,,,,,,,,,,,,,,,,,,,,,,,,,,,,,26,26.2,27,26.6,25.7,25.6,26,26.3,25.3,24.8,26.5,24.6,26.6,25.3,26,25.8,24.8,26.1,24.6,25,26,25.6,25.2,26,26.7,26.5,24.8,26,25.9,25.9,25.3,63,67,66,69,67,64,70,64,65,70,64,62,65,68,63,62,58,67,67,68,63,69,64,68,60,69,65,63,68,69,72,0,0,0,0,0,0,0,0,0,0,0,0,0,0,0,0,0,0,0,0,0,0,0,0,0,0,0,0,0,0,0,20.7,18.6,25.2,29.5,29.3,19.1,21.2,23.6,17.9,32.7,19.9,23.6,22.4,24.1,17.8,22.7,17.1,21.9,28,29.3,23,25,18.1,21.9,17.9,35,22.1,22.2,19.3,22.4,29.9,22.7,19.8,29.9,33.5,32.4,20.2,21.2,27,21.6,36.4,21.6,25.2,28.4,25.2,20.2,24.8,19.1,24.8,29.2,31.3,26.6,26.6,18.7,22.7,21.2,42.5,22.7,25.6,19.4,23.4,32.4,,,,,,22.2204,114.2127
2026-10-09T11:00,27.1,26.1,27.5,26.5,27.7,27.3,27.2,27.1,26.8,26.4,26.9,27.2,28,27.1,26.9,27.4,27.8,28.1,25.6,27.3,27.7,27.6,26.8,26.8,27,27.7,25.4,27.1,25.9,27.4,27.5,27,27.4,27.9,28.2,27.2,26.9,26.2,27.3,27.4,65,66,64,71,60,60,57,59,60,58,58,60,58,63,62,62,65,60,73,63,58,62,58,60,59,58,64,67,65,63,61,60,60,58,61,63,59,64,61,60,0,0,0,0.1,0,0,0,0,0,0,0,0,0,0,0,0,0,0,0,0,0,0,0,0,0,0,0,0,0,0,0,0,0,0,0,0,0,0,0,0,10.8,8.5,7.9,9.3,9.2,10.2,9.2,8.1,10.2,13.2,10.7,7,8.2,11.8,10,10.3,10.1,9.7,7.4,12.2,8.7,8.9,11.2,11.5,8.7,7.1,10.6,10.2,8.5,8.6,10.3,12.4,13.2,8.7,7.9,9.3,10,10.5,8,9.8,,,,,,,,,,,,,,,,,,,,,,,,,,,,,,,,,,,,,,,,,26.4,26.6,27.4,26.9,26,26,26.3,26.7,25.7,24.9,26.9,24.8,26.9,25.5,26.6,26.2,25.3,26.5,24.8,25.2,26.3,25.8,25.5,26.3,27.2,26.7,25,26.4,26.2,26.2,25.5,61,65,65,68,65,62,68,62,63,68,61,61,64,66,60,59,54,65,64,66,63,66,61,66,58,68,63,61,65,67,70,0,0,0,0,0,0,0,0,0,0,0,0,0,0,0,0,0,0,0,0,0,0,0,0,0,0,0,0,0,0,0,19.5,16.1,24.9,27.5,27.2,17.3,19.1,23.9,16.8,31.8,17.8,22.8,22.9,22.4,16.9,21.1,14.5,20.7,26.1,27.4,23.5,23,15.9,20.5,17.5,34.5,19.8,21.3,17.4,20.8,27.7,21.2,17.3,29.2,30.6,29.9,18.7,19.4,27.4,20.9,34.6,19.8,23.8,29.2,23.4,19.8,23.4,15.5,23,26.6,28.4,25.9,24.5,16.6,20.9,21.6,41.4,19.8,24.1,17.3,21.6,29.5,,,,,,22.2204,114.2127
2026-10-09T12:00,27.5,26.5,28.1,27,28.5,28.1,28.1,27.8,27.7,27.2,27.9,28,28.8,27.9,27.5,28.1,28.4,28.9,26.3,28,28.6,28.3,27.7,27.8,28,28.4,25.8,27.5,26.4,28,28.3,27.8,28.3,28.9,29.2,27.9,27.9,26.9,28.1,28.2,62,65,62,68,54,57,54,55,55,54,54,56,55,61,59,58,62,57,71,58,55,59,54,57,54,55,64,66,62,59,56,54,55,55,55,60,55,60,56,57,0,0,0,0.1,0,0,0,0,0,0,0,0,0,0,0,0,0,0,0,0,0,0,0,0,0,0,0,0,0,0,0,0,0,0,0,0,0,0,0,0,11.4,8.9,9.2,10,9.9,10.8,10.5,9.7,10.7,14,11.5,8.3,9.6,12.5,11,10.5,11.3,10.9,8.4,11.8,9.4,10,11.9,12.6,10.2,8.6,11.6,10.9,10,10.3,10.8,13.1,13.5,9.4,8.7,10,10.5,11.8,9.7,10.8,,,,,,,,,,,,,,,,,,,,,,,,,,,,,,,,,,,,,,,,,26.5,26.8,27.7,27.1,26.2,26.2,26.4,27,26.1,25,27.1,24.8,26.9,25.7,26.9,26.5,25.7,26.7,25,25.4,26.4,26,25.7,26.5,27.4,26.9,25.1,26.6,26.3,26.3,25.7,60,64,64,67,64,61,67,61,60,68,60,61,64,65,59,58,52,64,62,65,63,64,59,65,58,67,62,60,64,66,69,0,0,0,0,0,0,0,0,0,0,0,0,0,0,0,0,0,0,0,0,0,0,0,0,0,0,0,0,0,0,0,18.6,14.5,24,26,24.8,16.5,17.4,24,16.1,30.2,16.4,23.1,24,21,16.1,19.8,12,19.6,22.8,25.9,23.5,20.6,14.2,19.8,18.1,33.3,17.7,19.7,16.2,19.9,25.6,20.2,16.2,28.1,28.8,27.4,18,18.4,27.4,20.2,32.4,18.7,23.4,29.2,22,19.1,22,13.3,22,23.4,26.6,25.2,22,15.1,19.8,22,39.6,18,22.3,16.2,20.5,27.4,,,,,,22.2204,114.2127
2026-10-09T13:00,27.8,26.7,28.6,27.5,29.1,28.8,28.7,28.3,28.3,27.8,28.6,28.5,29.4,28.5,27.9,28.7,29,29.6,26.8,28.5,29.3,28.9,28.4,28.5,28.6,29,26,27.8,26.8,28.6,28.9,28.4,29,29.6,30,28.4,28.7,27.4,28.8,28.8,61,64,60,65,49,55,51,53,52,51,52,54,53,60,57,56,60,55,69,54,53,57,52,54,50,53,64,66,60,56,52,50,52,53,50,58,52,57,52,55,0,0,0,0.1,0,0,0,0,0,0,0,0,0,0,0,0,0,0,0,0,0,0,0,0,0,0,0,0,0,0,0,0,0,0,0,0,0,0,0,0,12.1,9,10,9.9,10.2,11.1,11.2,11.1,10.7,14.2,11.9,9.3,10.6,12.5,11.6,10.4,11.9,11.5,8.9,11.4,10,10.6,12.4,13.5,11.1,9.6,12.1,10.9,11.1,11.3,10.8,13,13.4,10.2,9.4,10.5,10.7,12.4,10.5,11.3,,,,,,,,,,,,,,,,,,,,,,,,,,,,,,,,,,,,,,,,,26.6,27.1,28,27.3,26.4,26.3,26.5,27.2,26.6,25.1,27.4,24.7,26.7,25.8,27.2,26.7,26.1,26.7,25.2,25.6,26.5,26.3,26,26.5,27.6,27,25.3,26.8,26.4,26.4,25.9,61,63,64,67,63,61,66,61,58,68,59,61,66,64,58,57,50,63,61,65,63,61,57,64,58,67,61,59,63,65,68,0,0,0,0,0,0,0,0,0,0,0,0,0,0,0,0,0,0,0,0,0,0,0,0,0,0,0,0,0,0,0,18.1,13.6,22.7,25.3,22.3,16.4,16.7,24.6,15.8,28.7,15.6,24.1,25.3,20,15.9,18.5,10,19.2,19.3,24.4,23.3,17.6,12.6,19.2,19,31.6,16.2,17.9,15.5,19,23.7,19.8,15.8,26.6,27,24.5,18,18,27.7,19.4,29.9,18,23.8,29.2,21.2,18.4,20.9,11.9,20.9,19.8,25.2,24.8,19.1,13.7,19.4,22.3,37.4,16.9,20.2,16.2,19.8,25.2,,,,,,22.2204,114.2127
2026-10-09T14:00,28,26.9,28.9,27.8,29.4,29.1,29,28.6,28.6,28.1,29,28.7,29.6,28.8,28.1,29,29.2,29.9,27.1,28.8,29.6,29.1,28.8,28.9,28.9,29.3,26.2,27.9,27,28.8,29.1,28.6,29.3,30,30.4,28.7,29,27.6,29,29.1,60,64,60,64,47,55,51,52,51,50,51,53,53,60,57,55,60,54,68,53,53,56,51,53,49,52,64,67,59,54,50,49,51,52,48,57,51,56,51,55,0,0,0,0.1,0,0,0,0,0,0,0,0,0,0,0,0,0,0,0,0,0,0,0,0,0,0,0,0,0,0,0,0,0,0,0,0,0,0,0,0,12.1,8.7,10,9.8,10.1,11.1,11.4,11.7,10.4,13.7,11.9,9.6,10.8,12.4,11.5,10.1,12.1,11.5,9.2,10.9,10.3,10.5,12.3,13.5,11.3,9.8,12.1,11,11.3,11.6,10.3,12.9,12.9,10.5,9.4,10.4,10.7,12.7,11.1,11.2,,,,,,,,,,,,,,,,,,,,,,,,,,,,,,,,,,,,,,,,,26.6,27.2,28.2,27.4,26.6,26.4,26.6,27.4,26.8,25.1,27.6,24.6,26.6,25.9,27.4,26.9,26.4,26.8,25.3,25.7,26.5,26.5,26.2,26.6,27.7,27.2,25.4,27,26.5,26.6,26,61,62,64,67,62,61,66,61,56,68,59,62,67,64,58,57,50,63,60,65,63,60,56,64,59,67,61,58,62,64,67,0,0,0,0,0,0,0,0,0,0,0,0,0,0,0,0,0,0,0,0,0,0,0,0,0,0,0,0,0,0,0,18.4,13.5,22.2,24.4,20.7,16.6,16.8,24.9,15.5,27,15.4,25,26.5,19.6,15.9,18.4,8.5,19.4,16.5,23.4,23.1,15.3,11.3,19.2,20,30.7,15.9,17,14.9,18.4,22,19.4,15.5,25.6,25.9,22.7,18,18.4,27.7,18.4,27.7,18,23.8,28.8,20.5,18,20.5,11.2,20.5,16.9,24.1,24.5,16.9,13,19.1,22.3,35.6,16.6,18.7,15.8,19.4,23.8,,,,,,22.2204,114.2127
2026-10-09T15:00,27.9,26.9,29,27.9,29.2,29,28.9,28.5,28.4,27.9,28.9,28.5,29.4,28.8,28,28.9,29.1,29.8,27.1,28.7,29.4,29,28.6,29,28.7,29.2,26.2,27.9,27,28.6,29,28.5,29.1,29.9,30.2,28.7,28.9,27.4,28.8,29,61,65,61,64,49,57,53,54,53,52,53,55,55,61,59,57,61,56,69,54,55,57,53,54,51,54,65,69,60,55,51,51,53,54,49,58,53,57,53,57,0,0,0,0,0,0,0,0,0,0,0,0,0,0,0,0,0,0,0,0,0,0,0,0,0,0,0,0.1,0,0,0,0,0,0,0,0,0,0,0,0,11.3,7.9,9.2,9,9.3,10.2,10.8,10.9,9.6,12.6,11.1,9.2,10.3,11.5,10.6,9.3,11.2,10.7,8.7,10,9.5,9.5,11.5,12.7,10.5,9.3,11.3,10,10.7,10.9,9.4,12.1,12.1,10.2,8.7,9.4,9.9,11.8,10.6,10.2,,,,,,,,,,,,,,,,,,,,,,,,,,,,,,,,,,,,,,,,,26.7,27.3,28.4,27.4,26.7,26.5,26.7,27.4,26.6,25.1,27.8,24.5,26.6,25.9,27.4,27.1,26.5,26.8,25.4,25.7,26.5,26.6,26.2,26.6,27.8,27.3,25.4,27,26.6,26.8,26.1,61,62,65,67,62,60,66,62,57,68,59,63,68,64,58,57,51,63,60,65,64,59,55,64,59,68,62,58,61,63,67,0,0,0,0,0,0,0,0,0,0,0,0,0,0,0,0,0,0,0,0,0,0,0,0,0,0,0,0,0,0,0,18.9,13,22.5,23.3,20.3,16.5,18.1,24.9,14.2,25.3,16.2,25.6,26.8,19.4,15.3,19.1,8.2,20,15.2,22.5,22.5,13.9,9.9,19.5,19.8,30.7,16.6,16.9,14,17.8,21.3,19.8,15.1,25.6,24.8,22,18,19.8,27.7,16.9,25.2,19.1,23.4,28.4,20.5,17.6,20.9,11.5,20.9,15.5,23.4,23.8,15.8,13,19.1,22,35.3,16.9,18.4,15.8,19.4,23,,,,,,22.2204,114.2127
2026-10-09T16:00,27.7,26.8,28.8,27.9,28.6,28.6,28.4,28.1,27.9,27.5,28.5,28,28.9,28.5,27.7,28.5,28.8,29.4,26.9,28.3,29,28.7,28.1,28.7,28,28.9,26,27.7,26.8,28.2,28.5,28,28.7,29.5,29.7,28.5,28.5,27.1,28.2,28.6,64,66,63,65,53,62,58,57,56,56,57,58,59,64,62,62,64,60,71,58,59,60,58,56,56,57,67,73,62,57,55,56,57,57,52,60,56,61,56,60,0,0,0,0,0,0,0,0,0,0,0,0,0,0,0,0,0,0,0,0,0,0,0,0,0,0,0,0.1,0,0,0,0,0,0,0,0,0,0,0,0,10.1,6.6,7.6,7.6,8.1,9.2,9.3,9.4,8,10.8,9.7,8,9.1,10.4,9.2,8,9.7,9.2,7.4,8.7,8.2,8.2,10.1,11.3,8.7,8,10.2,8.4,9.3,9.4,8.1,10.5,10.5,9.2,7.1,8.1,8.9,10.1,9.4,8.8,,,,,,,,,,,,,,,,,,,,,,,,,,,,,,,,,,,,,,,,,26.8,27.3,28.4,27.3,26.8,26.6,26.7,27.4,26.2,25,28.1,24.5,26.7,26,27.3,27.2,26.4,26.7,25.4,25.8,26.4,26.7,26.1,26.6,27.9,27.3,25.5,27.1,26.7,27,26.2,62,62,65,68,62,59,66,62,58,68,59,64,69,64,59,57,52,63,61,66,65,60,55,65,60,69,63,58,61,62,67,0,0,0,0,0,0,0,0,0,0,0,0,0,0,0,0,0,0,0,0,0,0,0,0,0,0,0,0,0,0,0,19.6,12.6,23.5,22.1,20.4,15.8,19.9,24.9,12.8,23.6,17.4,26.3,26,19.2,14.8,20,8.6,21,14.4,22,21.5,13.2,8.6,19.8,19.5,31.4,18,17.3,13,17.3,20.7,20.5,15.1,25.9,24.1,22,18,22,27.7,15.5,23,20.5,23,28.1,20.9,17.6,21.6,13,21.6,14.8,22.7,23,15.8,13.3,19.4,21.6,35.3,18,18.7,15.8,19.4,22.7,,,,,,22.2204,114.2127
2026-10-09T17:00,27.3,26.7,28.5,27.8,27.9,28,27.7,27.5,27.1,26.9,27.9,27.3,28.2,28,27.3,27.9,28.3,28.8,26.6,27.8,28.3,28.2,27.3,28.3,27.1,28.3,25.8,27.4,26.5,27.6,27.9,27.3,28,28.8,28.9,28.1,27.8,26.5,27.4,28,68,67,65,66,58,67,63,62,61,61,62,63,64,68,66,67,67,65,74,63,65,64,64,59,63,61,69,77,64,60,60,62,63,62,56,64,61,65,62,65,0,0,0,0,0,0,0,0,0,0,0,0,0,0,0,0,0,0,0,0,0,0,0,0,0,0,0,0.1,0,0,0,0,0,0,0,0,0,0,0,0,8.6,5.2,5.9,6.2,6.6,8,8,7.6,6.4,9.1,7.9,6.5,7.6,8.9,7.9,6.8,8,7.3,6.1,7.9,6.6,6.5,8.3,9.4,6.8,6.5,8.6,6.8,7.2,7.6,6.4,9,9,7.6,5.5,6.5,7.6,8.3,7.9,7.2,,,,,,,,,,,,,,,,,,,,,,,,,,,,,,,,,,,,,,,,,26.8,27.4,28.4,27.2,26.9,26.6,26.8,27.4,25.9,24.9,28.2,24.4,26.7,26,27.3,27.2,26.3,26.5,25.4,25.8,26.4,26.7,26.1,26.5,27.9,27.4,25.5,27,26.7,27.2,26.3,63,62,67,68,62,59,67,64,60,69,59,65,70,65,60,58,54,64,62,67,66,60,55,66,61,70,64,59,61,62,68,0,0,0,0,0,0,0,0,0,0,0,0,0,0,0,0,0,0,0,0,0,0,0,0,0,0,0,0,0,0,0,19.9,12.7,23.9,20.9,20.6,15.5,20.6,25,12.3,22.8,18.4,26.3,25.6,19.2,14.8,20.6,9.8,21.6,14.6,21.6,21.1,12.9,7.6,20.5,19,31.8,19.1,17.5,12.3,16.9,20.6,21.2,15.1,26.3,23.4,22,18,23,27.7,14.8,22,21.2,23,27.7,20.9,17.6,22.3,14,22.3,14.8,22.3,22.7,15.5,13.3,19.8,21.2,35.3,19.1,19.1,15.5,19.4,22.7,,,,,,22.2204,114.2127
2026-10-09T18:00,27,26.5,28.2,27.6,27.1,27.3,26.9,26.9,26.3,26.2,27.2,26.5,27.4,27.5,26.8,27.2,27.7,28,26.2,27.2,27.6,27.6,26.5,27.8,26.1,27.8,25.6,27.2,26.2,26.9,27.2,26.6,27.2,28.1,28.1,27.7,27.1,25.9,26.5,27.3,71,69,68,68,64,73,69,67,66,66,67,68,70,72,70,73,71,70,77,68,70,68,71,63,70,66,72,82,67,64,66,69,69,66,61,67,66,70,67,70,0,0,0,0,0,0,0,0,0,0,0,0,0,0,0,0,0,0,0,0,0,0,0,0,0,0,0,0.1,0,0,0,0,0,0,0,0,0,0,0,0,7.2,3.5,4.6,4.9,5.4,7.1,6.1,5.5,4.8,7.2,6.5,5.1,5.9,7.4,6.2,5.9,6.1,5.7,4.6,7.1,5.1,4.8,6.6,7.6,4.7,4.7,7,5.8,5.8,5.4,5.1,7.3,7.7,6.4,3.8,5.1,5.9,6.6,6.3,5.9,,,,,,,,,,,,,,,,,,,,,,,,,,,,,,,,,,,,,,,,,26.7,27.4,28.3,27.3,27,26.6,26.8,27.3,25.8,24.7,28.1,24.3,26.6,26,27.3,27.1,26.2,26.3,25.4,25.8,26.3,26.7,26.3,26.3,27.8,27.3,25.4,27,26.7,27.2,26.4,65,63,70,69,63,59,68,66,61,70,60,66,72,66,61,60,56,66,63,69,68,61,54,68,63,71,65,60,61,63,69,0,0,0,0,0,0,0,0,0,0,0,0,0,0,0,0,0,0,0,0,0,0,0,0,0,0,0,0,0,0,0,19.9,13.4,24,19.8,19.9,15.1,19.9,24.6,12.3,23.1,18.1,25.2,25.2,19.1,15.5,20.5,11.4,22.7,15,21.3,20.7,12.8,5.8,21.3,19.3,31.4,20.2,17.4,12,17.3,20.6,21.2,15.5,26.3,22.7,21.2,17.3,22.7,27.7,15.1,23,20.5,23,27.7,20.5,18.4,22.7,14.8,23.4,15.1,22.3,22.3,15.1,13,20.9,21.6,35.3,20.2,19.1,14.8,19.4,23,,,,,,22.2204,114.2127
2026-10-09T19:00,26.6,26.4,27.9,27.5,26.4,26.7,26.2,26.4,25.5,25.6,26.4,25.9,26.7,27,26.4,26.6,27.2,27.4,25.8,26.7,26.9,27.1,25.8,27.3,25.3,27.3,25.4,26.9,25.9,26.3,26.5,25.9,26.5,27.4,27.3,27.4,26.4,25.4,25.7,26.7,75,71,71,69,70,78,74,71,71,71,72,72,75,75,74,79,74,75,80,73,75,71,76,66,76,70,74,86,70,67,71,75,75,71,65,71,71,74,72,74,0,0,0,0,0,0,0,0,0,0,0,0,0,0,0,0,0,0,0,0,0,0,0,0,0,0,0,0.1,0,0,0,0,0,0,0,0,0,0,0,0,5.9,2.4,3.6,3.9,4,6.2,5.1,4,3.6,6,5.4,4.1,4.8,6.8,5.5,5,4.9,4.3,3.1,6.8,3.7,3.3,5.4,6.4,2.7,3.7,5.5,4.8,4.7,4.2,4,6.3,7,5.5,2.5,4,4.8,5.6,5.5,5.2,,,,,,,,,,,,,,,,,,,,,,,,,,,,,,,,,,,,,,,,,26.6,27.5,28.1,27.4,27,26.6,26.8,27.3,25.9,24.5,27.8,24.2,26.5,26,27.3,26.9,26,26,25.5,25.7,26.2,26.7,26.6,26.1,27.6,27.3,25.3,26.9,26.7,27,26.5,66,64,73,69,64,60,68,69,61,71,62,66,74,66,61,62,57,68,63,70,69,62,52,69,66,73,67,61,61,64,70,0,0,0,0,0,0,0,0,0,0,0,0,0,0,0,0,0,0,0,0,0,0,0,0,0,0,0,0,0,0,0,19.9,14.4,23.5,19.1,18.8,14.5,18.2,24.1,12.7,24.1,17.4,23.4,24.5,18.7,16.3,19.8,13.5,23.8,15.7,20.5,20.4,13.7,4.5,22.4,19.3,30.3,20.9,17,11.4,17.6,21,21.2,16.2,26.3,22,20.5,16.6,21.6,27.4,16.2,25.2,19.4,23.4,28.1,20.2,19.8,22.7,15.8,24.8,15.8,22.3,22.3,14.4,12.2,22.3,22.3,34.9,21.6,18.7,13.7,19.4,24.1,,,,,,22.2204,114.2127
2026-10-09T20:00,26.4,26.2,27.6,27.3,25.9,26.3,25.8,26,25,25.2,25.9,25.4,26.2,26.6,26.1,26.2,26.8,26.8,25.5,26.3,26.4,26.7,25.3,26.8,24.7,26.9,25.2,26.7,25.7,25.9,26.1,25.5,26,26.9,26.8,27.1,25.9,25,25.1,26.3,77,73,73,71,74,82,77,74,75,75,76,75,78,78,77,82,77,78,82,76,79,74,80,69,80,73,76,88,72,70,75,79,79,74,67,73,74,77,76,77,0,0,0,0,0,0,0,0,0,0,0,0,0,0,0,0,0,0,0,0,0,0,0,0,0,0,0,0.1,0,0,0,0,0,0,0,0,0,0,0,0,5.2,1.6,3.7,3.3,3.3,6.1,4.1,3.1,2.5,5.6,4.7,3.2,4.4,6.2,4.9,4.5,4,4,2.5,6.3,3.1,2.2,4.3,5.5,1.6,3.3,4.7,4.8,4.1,3.2,3.3,5.8,6.1,4.7,1.9,3.6,4.1,4.9,4.7,4.6,,,,,,,,,,,,,,,,,,,,,,,,,,,,,,,,,,,,,,,,,26.5,27.5,27.9,27.4,26.9,26.6,26.8,27.2,26,24.4,27.6,24.2,26.4,25.9,27.3,26.7,25.9,25.7,25.5,25.7,26.2,26.6,26.8,26,27.5,27.2,25.3,26.8,26.7,26.9,26.5,68,65,75,70,66,61,69,72,61,72,64,67,75,67,62,64,59,70,64,72,71,63,51,71,69,74,68,63,61,66,71,0,0,0,0,0,0,0,0,0,0,0,0,0,0,0,0,0,0,0,0,0,0,0,0,0,0,0,0,0,0,0,19.5,15.5,23.8,18.1,18.4,14.4,17.2,23.9,12.7,25.2,16.3,22.3,23.8,18.4,17.2,19.1,14.8,24.1,16.4,20.2,20,14.1,4.1,22.4,19.6,30,21.2,17,11,17.6,21.1,20.9,16.9,27,20.9,20.2,15.8,20.5,27.4,16.6,27,18.4,23.8,28.1,19.4,20.5,22.3,16.6,25.9,16.6,22.3,22.3,14,11.9,23,22.7,35.3,22.3,18.7,12.6,19.4,24.5,,,,,,22.2204,114.2127
2026-10-09T21:00,26.2,26.1,27.4,27.2,25.6,26.1,25.6,25.7,24.7,25,25.4,25.1,25.9,26.3,25.9,26,26.5,26.4,25.2,26.1,26.1,26.5,25,26.5,24.5,26.6,25.1,26.6,25.5,25.7,25.8,25.2,25.7,26.5,26.5,26.9,25.6,24.8,24.8,26.1,78,75,75,73,76,84,78,76,78,77,78,77,80,80,79,84,79,80,83,78,81,76,82,71,82,75,78,89,74,72,77,82,82,76,67,75,76,79,79,79,0,0,0,0,0,0,0,0,0,0,0,0,0,0,0,0,0,0,0,0,0,0,0,0,0,0,0,0,0,0,0,0,0,0,0,0,0,0,0,0,4.9,1.3,3.8,2.8,3.1,5.8,3.8,2.6,2,5.3,4.7,2.9,3.9,5.8,4.3,4.3,3.2,3.8,2.5,6.1,3.1,1.4,4.2,5.3,1,3.1,4.3,4.5,3.8,2.7,3,5.5,5.6,4.5,1.3,3.3,4.1,4.6,4.4,4.1,,,,,,,,,,,,,,,,,,,,,,,,,,,,,,,,,,,,,,,,,26.4,27.4,27.9,27.4,26.9,26.6,26.8,27,26.1,24.4,27.4,24.2,26.4,25.9,27.2,26.7,25.8,25.7,25.4,25.7,26.1,26.5,26.7,25.9,27.5,27.1,25.2,26.7,26.6,26.8,26.6,69,67,76,71,68,62,70,74,61,72,66,68,76,68,63,66,60,70,65,73,73,64,51,72,71,75,69,65,62,67,72,0,0,0,0,0,0,0,0,0,0,0,0,0,0,0,0,0,0,0,0,0,0,0,0,0,0,0,0,0,0,0,18.5,16.2,24.9,17.2,18.8,14,16.8,23.9,12.4,26,15.6,22.3,23.4,17.6,17.2,18.4,16,23.8,16.3,19.5,19.9,13.7,3.6,21.3,19.6,30.5,21.3,17,10.2,17.3,20.8,20.2,17.6,28.8,19.4,21.2,15.1,20.2,27.4,15.1,28.1,17.6,24.1,27.7,18.7,20.2,21.6,17.6,25.9,16.6,21.6,22.3,13.3,11.2,22.3,22.7,36.4,22.3,19.1,11.5,18.7,24.1,,,,,,22.2204,114.2127
2026-10-09T22:00,26.1,25.9,27.2,27,25.5,25.9,25.5,25.6,24.5,24.9,24.9,24.9,25.7,26,25.8,25.8,26.3,26,25,26,25.9,26.2,24.9,26.1,24.3,26.4,25,26.6,25.2,25.5,25.6,25,25.4,26.1,26.2,26.7,25.3,24.8,24.6,25.9,79,77,76,75,78,85,78,77,80,79,81,78,82,82,81,84,81,81,84,79,83,78,83,74,83,76,80,89,75,73,79,84,85,78,66,76,78,80,81,80,0,0,0,0,0,0,0,0,0,0,0,0,0,0,0,0,0,0,0,0,0,0,0,0,0,0,0,0,0,0,0,0,0,0,0,0,0,0,0,0,4.7,1.6,4.1,2.4,3.1,5.8,3.3,2.3,1.9,5.4,4.7,2.6,4,5.8,3.6,4.6,2.5,3.9,2.5,5.8,3.2,1.1,4.4,5.2,1.3,3.1,4.3,4.3,3.3,3,3.3,5.6,5.2,4,0.8,3.1,4.1,4.2,3.9,3.3,,,,,,,,,,,,,,,,,,,,,,,,,,,,,,,,,,,,,,,,,26.4,27.4,27.8,27.4,26.8,26.5,26.8,26.9,26.1,24.4,27.3,24.3,26.4,25.9,27,26.7,25.9,25.7,25.3,25.7,26,26.4,26.5,25.8,27.4,27.1,25.2,26.6,26.5,26.7,26.6,69,69,76,73,70,63,71,75,62,72,68,69,76,69,64,67,62,70,66,74,75,65,52,73,73,75,70,68,62,69,74,0,0,0,0,0,0,0,0,0,0,0,0,0,0,0,0,0,0,0,0,0,0,0,0,0,0,0,0,0,0,0,17.2,16.6,26.5,16.1,20.1,13.7,17.1,24.2,11.7,26.8,14.9,23.4,23.1,16.6,17,17.3,16.9,23.2,15.9,18.8,19.8,12.6,3.3,19.4,19.4,31.8,21,17.1,9.4,16.6,20.2,18.7,18.4,31.7,18,23,14.4,19.8,27.4,13.3,28.4,16.9,24.8,27,18.4,19.4,20.5,18.4,25.9,16.6,20.9,22.7,12.6,10.8,20.9,22.7,37.4,22.3,19.4,10.1,18,23.4,,,,,,22.2204,114.2127
2026-10-09T23:00,26,25.7,27,26.8,25.4,25.8,25.5,25.5,24.4,24.9,24.5,24.8,25.5,25.8,25.6,25.7,26.1,25.7,24.7,26,25.8,26,24.9,25.7,24.3,26.2,24.9,26.6,25,25.4,25.4,24.8,25.2,25.7,26.1,26.6,25.1,24.7,24.6,25.8,80,80,78,77,79,86,76,77,81,80,82,78,83,84,82,84,82,82,85,79,84,80,83,76,83,77,81,88,76,75,81,85,87,79,65,77,79,81,83,81,0,0,0,0,0,0,0,0,0,0,0,0,0,0,0,0,0,0,0,0,0,0,0,0,0,0,0,0,0,0,0,0,0,0,0,0,0,0,0,0,5,2.1,4.1,2.5,3.4,5.4,3.3,2,2.2,5.8,4.7,2.6,4,5.4,3.2,4.7,2.6,4.1,3.1,5.8,3.6,1.3,5,5.4,1.6,2.9,4.7,4.1,2.6,3.6,3.7,5.7,5.2,4.3,1.4,2.7,4.3,3.8,3.5,2.9,,,,,,,,,,,,,,,,,,,,,,,,,,,,,,,,,,,,,,,,,26.4,27.3,27.7,27.3,26.7,26.5,26.8,26.7,26.1,24.5,27.2,24.4,26.5,25.9,26.8,26.6,25.9,25.7,25.3,25.7,26,26.3,26.3,25.7,27.4,27,25.2,26.5,26.5,26.6,26.5,70,71,76,74,72,64,72,76,62,72,70,70,76,70,65,69,63,70,67,74,76,66,53,73,75,75,71,70,63,70,75,0,0,0,0,0,0,0,0,0,0,0,0,0,0,0,0,0,0,0,0,0,0,0,0,0,0,0,0,0,0,0,16.2,17.1,28.1,15.5,21.1,13.7,17.5,24.7,10.9,27.3,14.6,24.1,22.4,15.9,17,16.6,17.4,22.3,15.8,18.6,19.8,11.9,3.7,17.7,19.8,32.7,20.7,17.6,8.7,16,20,18,19.1,33.8,17.3,24.1,14,19.8,27.7,11.5,28.8,16.6,25.6,26.3,18,19.1,19.8,19.1,25.2,16.6,20.5,22.3,12.2,11.2,19.4,23,38.5,22.3,20.2,9.7,17.6,23,,,,,,22.2204,114.2127
2026-10-10T00:00,25.9,25.5,26.8,26.6,25.4,25.7,25.5,25.4,24.4,24.9,24.1,24.7,25.4,25.6,25.5,25.6,25.9,25.3,24.5,26,25.7,25.9,24.9,25.3,24.4,26.1,24.8,26.5,24.8,25.4,25.3,24.7,25,25.4,26,26.5,24.9,24.7,24.5,25.7,80,82,79,79,79,86,75,77,83,81,83,79,83,85,83,83,83,82,85,79,85,81,82,78,82,78,83,87,77,76,82,86,89,79,63,78,80,82,84,82,0,0,0,0,0,0,0,0,0,0,0,0,0,0,0,0,0,0,0,0,0,0,0,0,0,0,0,0,0,0,0,0,0,0,0,0,0,0,0,0,5.4,2.9,4.1,3.4,3.7,5.1,3.8,1.8,2.5,6.1,4.7,2.4,4.3,5.2,2.5,5.4,3.3,4.4,3.6,6.1,4.3,1.6,5.9,6.1,1.9,2.7,4.8,4,2.3,4,4,5.8,5,4.3,2.5,2.9,5.1,4,3.3,2.2,,,,,,,,,,,,,,,,,,,,,,,,,,,,,,,,,,,,,,,,,26.3,27.2,27.5,27.1,26.5,26.4,26.6,26.6,26.1,24.5,27.1,24.3,26.5,25.9,26.7,26.6,25.9,25.6,25.3,25.6,25.9,26.2,26.1,25.8,27.2,26.9,25.1,26.4,26.4,26.6,26.4,71,73,77,75,73,65,73,77,62,72,72,71,77,71,67,70,64,71,67,74,76,66,54,73,76,75,72,72,64,71,76,0,0,0,0,0,0,0,0,0,0,0,0,0,0,0,0,0,0,0,0,0,0,0,0,0.1,0,0,0.1,0,0,0,16.2,17.6,29.8,15.3,21.4,14.1,18.3,25.4,10.3,27.1,15.3,25.2,21.4,15.7,17.4,16.7,17.5,21.8,15.9,18.8,19.1,11.5,5.6,16.8,21.4,32.9,20.9,19,9,16,20.6,17.6,19.8,35.6,17.3,24.1,14.8,20.2,28.4,10.4,28.4,17.3,26.6,25.2,18,19.4,19.8,19.4,24.5,16.6,20.9,21.2,12.2,13,18.4,24.8,38.5,22.7,22,10.4,17.6,23,,,,,,22.2204,114.2127
2026-10-10T01:00,25.9,25.4,26.6,26.4,25.4,25.6,25.6,25.4,24.4,24.9,23.8,24.7,25.4,25.4,25.5,25.5,25.8,25.1,24.4,26,25.7,25.8,24.9,25,24.5,26,24.7,26.6,24.7,25.4,25.2,24.7,24.9,25.2,25.9,26.4,24.8,24.8,24.6,25.7,80,83,80,81,80,86,73,77,84,81,83,79,83,86,84,82,84,81,85,79,85,82,81,79,81,78,84,86,78,77,83,87,90,80,62,79,81,82,85,82,0,0,0,0,0,0,0,0,0,0,0,0,0,0,0,0,0,0,0,0,0,0,0,0,0,0,0,0,0,0,0,0,0,0,0,0,0,0,0,0,5.9,3.4,4.1,4.2,4,4.7,4,1.5,3.2,6.6,4.8,2.3,4.8,4.9,2.6,5.9,4.2,4.3,3.9,6.4,4.8,1.9,6.8,6.4,2.6,2.9,5.2,4.1,2.2,4.9,4.3,6.1,5.2,4.3,3.7,2.9,5.4,4.4,3.6,2.3,,,,,,,,,,,,,,,,,,,,,,,,,,,,,,,,,,,,,,,,,26.2,27.1,27.2,27,26.4,26.3,26.4,26.4,26,24.4,27,24.2,26.4,25.9,26.5,26.5,25.8,25.5,25.3,25.6,25.9,26.1,25.9,25.8,27.1,26.8,25.1,26.3,26.4,26.5,26.2,71,74,79,75,74,66,75,77,63,73,73,72,77,71,70,72,66,73,68,74,75,67,55,72,77,75,73,74,64,72,77,0,0,0,0,0,0,0,0,0,0,0,0,0,0,0,0,0,0,0,0,0,0,0,0,0.1,0,0,0.1,0,0,0,17,18.3,31.7,15.9,21.4,14.8,19.2,26.1,9.7,27,16.9,26.3,20.5,15.9,18,17.6,17.6,21.5,16,19.7,18.2,11.7,8.4,16,23.8,33.1,21.2,21.2,9.8,16.4,21.4,17.6,20.9,37.1,18,23.8,15.8,21.2,29.5,10.1,27.4,18.4,27.7,23.8,18,20.2,20.5,19.4,23.4,16.9,21.6,19.8,12.2,15.5,16.9,27,38.2,23.8,23.8,11.9,18,23.8,,,,,,22.2204,114.2127
2026-10-10T02:00,25.9,25.3,26.5,26.3,25.5,25.5,25.6,25.4,24.4,24.9,23.6,24.7,25.4,25.3,25.4,25.5,25.8,24.9,24.4,26,25.6,25.8,24.9,24.7,24.6,26,24.7,26.6,24.6,25.4,25.2,24.7,24.9,25,25.7,26.3,24.7,24.8,24.6,25.7,80,84,80,82,80,85,72,77,84,81,83,79,83,86,84,81,84,81,85,79,85,82,81,80,81,78,84,85,79,77,83,87,90,80,61,79,81,82,85,82,0,0,0,0,0,0,0,0,0,0,0,0,0,0,0,0,0,0,0,0,0,0,0,0,0,0,0,0,0,0,0,0,0,0,0,0,0,0,0,0,6,3.6,4.1,4.6,4,4.7,4.1,1.4,3.2,7,5.2,1.8,5,4.9,2.6,6.2,4.8,4.7,4.4,6.6,5.1,2.3,7.1,6.6,3,2.9,5.3,4.6,2.3,5.2,4.4,6.5,5.4,4.3,4.8,3.1,5.6,4.6,3.7,2.6,,,,,,,,,,,,,,,,,,,,,,,,,,,,,,,,,,,,,,,,,26.1,27,26.9,26.8,26.2,26.2,26.2,26.2,25.9,24.4,26.9,24.1,26.4,25.9,26.4,26.4,25.8,25.4,25.3,25.5,25.9,26.1,25.7,25.9,26.9,26.6,25.1,26.2,26.3,26.4,26.1,72,75,80,76,75,67,76,77,63,73,74,73,78,72,72,73,67,74,68,74,74,67,56,72,78,75,74,75,65,73,77,0,0,0,0,0,0,0,0,0,0,0,0,0,0,0,0,0,0,0,0,0,0,0,0,0.1,0,0,0.1,0,0,0,17.6,19.1,32.1,17.1,21.5,15.6,20.5,26.8,9.2,26.6,18.1,27,20.4,16.5,18.8,18.8,17.6,20.9,16.4,20.7,18.2,12,10.6,15.5,25.4,32.8,21.6,22.7,11,16.9,22.1,18,22,37.1,18.7,23.4,16.6,22.3,29.9,9.7,26.6,19.1,28.8,23.4,18.4,20.9,21.2,19.4,22,17.3,22.3,19.1,12.6,17.3,16.6,28.8,37.8,24.1,25.2,13.7,18.4,24.1,,,,,,22.2204,114.2127
2026-10-10T03:00,26.4,26.1,26.9,26.9,26,25.6,25.8,26.1,25.1,25,24.9,25.5,26.2,26.2,26,25.9,26.6,25.6,25.5,26.1,26.2,26.7,24.9,25.2,25.2,27,25.2,26.8,25.2,26,25.9,25.5,25.8,26.1,25.5,26.8,25.2,24.9,25.2,26.2,75,75,75,74,78,78,72,74,77,74,69,77,76,78,78,78,75,74,78,73,76,73,78,69,80,71,77,80,77,70,76,79,77,75,66,76,78,78,76,77,0,0,0,0,0,0,0,0,0,0,0,0,0,0,0,0,0,0,0,0,0,0,0,0,0,0,0,0,0,0,0,0,0,0,0,0,0,0,0,0,6.2,3.6,4.4,4.8,4,4.7,4.1,1.1,3.3,6.6,5.5,1.4,4.8,4.8,2.3,6,5,5.1,4.4,6.4,5.1,2.6,7.1,6.7,3.3,2.5,5.2,4.9,2.3,5,4.6,6.6,5.3,4.3,5.5,3.1,5.5,4.7,3.8,2.8,,,,,,,,,,,,,,,,,,,,,,,,,,,,,,,,,,,,,,,,,25.9,26.8,26.8,26.6,26,26,26,26,25.7,24.3,26.8,24,26.3,25.7,26.2,26.3,25.6,25.2,25.2,25.2,25.8,26,25.5,25.8,26.7,26.3,25.1,25.9,26.3,26.2,25.9,73,76,80,77,76,68,77,78,64,73,75,73,79,73,73,74,68,74,69,75,75,68,57,73,79,76,74,76,65,75,77,0,0.1,0,0,0,0,0.1,0,0,0,0,0,0.1,0,0,0,0,0,0,0,0,0,0,0.2,0,0,0,0.1,0,0,0,17.9,20.6,30.4,18.4,22.4,16.3,22.2,27.4,9.2,26.1,18.7,27.7,21.6,17.8,19.7,20.2,18,19.5,17.7,22.2,18.9,12.6,12.2,16,26,32.7,22.1,23.2,12.7,18,22.7,18.4,23.4,35.3,19.4,24.1,16.9,24.1,29.9,9.7,26.6,19.4,29.5,24.5,19.1,22,22.3,19.4,20.2,18.4,23.4,19.8,13,17.3,17.3,29.5,37.4,24.5,25.6,15.8,19.1,24.8,,,,,,22.2204,114.2127
2026-10-10T04:00,26.4,26.1,26.7,26.8,26,25.5,25.7,26.1,25.1,25,24.7,25.5,26.2,26.1,25.9,25.8,26.5,25.4,25.5,26,26.1,26.7,24.9,24.8,25.3,26.9,25.2,26.8,25.2,26,25.8,25.5,25.7,25.9,25.3,26.7,25.1,24.9,25.2,26.2,75,75,75,74,79,77,71,74,77,73,68,78,75,78,79,77,75,74,78,73,75,72,78,69,79,71,77,79,78,70,76,79,77,75,66,76,78,78,76,77,0,0,0,0,0,0,0,0,0,0,0,0,0,0,0,0,0,0,0,0,0,0,0,0,0,0,0,0,0,0,0,0,0,0,0,0,0,0,0,0,5.8,3.6,4.2,4.6,4,5.1,3.7,1.3,3,6.4,5.8,0.8,4.4,4.7,2.3,5.7,5.2,5.4,4.4,6,4.8,2.5,6.4,6.9,4,2.4,5.1,5.6,2.6,4.6,4.5,6.4,5.4,4.7,5.9,2.8,5.5,4.5,4.3,2.8,,,,,,,,,,,,,,,,,,,,,,,,,,,,,,,,,,,,,,,,,25.7,26.6,26.7,26.4,25.8,25.8,25.8,25.7,25.6,24.3,26.6,23.8,26.3,25.5,26.1,26.1,25.4,25.1,25,24.9,25.6,25.9,25.3,25.6,26.4,26.1,25.1,25.6,26.2,25.9,25.8,74,77,79,77,77,69,78,78,64,73,75,73,79,74,74,75,68,73,71,76,76,69,58,75,79,77,74,77,65,76,77,0,0.1,0,0,0,0,0.1,0,0,0,0,0,0.1,0,0,0,0,0,0,0,0,0,0,0.2,0,0,0,0.1,0,0,0,17.9,22.2,27.5,19.7,23,17,23.6,28,9.7,26,18.8,28.4,23.5,18.9,20.9,21.5,18.1,17.4,19.2,24.1,20.3,13.4,13.6,17.1,25.9,31.9,22.4,23.1,14.9,19,23,19.1,25.2,32.4,20.5,24.8,16.9,25.9,29.5,10.4,27,19.4,29.9,26.6,19.8,23,23.4,19.1,18,19.8,24.5,20.9,13.7,16.6,18.4,29.5,37.1,24.5,24.8,18.4,20.2,25.6,,,,,,22.2204,114.2127
2026-10-10T05:00,26.4,26,26.6,26.7,26,25.4,25.7,26.1,25.1,24.9,24.5,25.6,26.2,26,25.9,25.8,26.5,25.2,25.5,25.9,26.1,26.7,24.8,24.6,25.3,26.9,25.2,26.9,25.1,26,25.8,25.5,25.6,25.8,25.1,26.7,25,24.9,25.2,26.1,74,75,75,75,80,76,70,74,77,73,66,78,75,78,79,76,74,73,77,73,75,72,78,69,79,71,76,77,79,70,76,79,76,75,66,77,78,78,76,76,0,0,0,0,0,0,0,0,0,0,0,0,0,0,0,0,0,0,0,0,0,0,0,0,0,0,0,0,0,0,0,0,0,0,0,0,0,0,0,0,5.6,3.2,4.5,4.3,3.9,5.4,3.8,1.8,2.6,6.1,6.5,0.7,3.8,4.7,2.5,5.4,5.5,5.8,4.4,5.4,4.4,2.9,6.1,7.2,4.5,2,5.1,6.6,3.1,4.3,4.6,6.6,5.6,4.7,6.5,3.1,5.5,4.2,4.8,3.1,,,,,,,,,,,,,,,,,,,,,,,,,,,,,,,,,,,,,,,,,25.6,26.4,26.7,26.3,25.7,25.6,25.7,25.5,25.5,24.3,26.5,23.8,26.2,25.3,26,26,25.2,25.1,24.9,24.7,25.5,25.8,25.2,25.5,26.3,25.9,25.2,25.4,26.1,25.8,25.7,74,78,78,77,77,69,78,78,64,72,75,72,79,75,74,76,68,72,72,77,77,70,58,75,79,77,73,77,65,77,77,0,0.1,0,0,0,0,0.1,0,0,0,0,0,0.1,0,0,0,0,0,0,0,0,0,0,0.2,0,0,0,0.1,0,0,0,17.7,23.5,24.4,20.7,23.7,17.2,24.8,27.5,10.6,24.9,18.7,27.8,24.6,19.8,21.5,21.9,17.8,15.5,20.1,25.3,21.2,13.9,14.3,18.1,25.6,30.7,22.4,22.1,16.4,20,23,19.1,26.3,28.8,21.6,25.2,17.3,27.4,28.4,10.8,26.6,19.1,29.2,27.7,20.5,23.4,24.1,18.7,16.2,20.5,25.2,22,14.4,16.2,19.4,29.2,36,24.1,23.8,20.2,20.9,25.6,,,,,,22.2204,114.2127
2026-10-10T06:00,26.4,26,26.5,26.7,26,25.3,25.8,26.1,25.1,24.9,24.4,25.6,26.2,25.9,25.9,25.7,26.4,25.1,25.5,25.9,26,26.7,24.8,24.3,25.4,26.9,25.2,26.9,25.1,26,25.7,25.5,25.6,25.7,25,26.6,24.9,24.9,25.3,26.1,74,76,75,75,80,75,70,74,78,73,66,78,74,78,79,76,74,73,77,72,74,72,77,69,79,71,76,76,79,70,77,79,76,75,66,77,79,79,77,76,0,0,0,0,0,0,0,0,0,0,0,0,0,0,0,0,0,0,0,0,0,0,0,0,0,0,0,0,0,0,0,0,0,0,0,0,0,0,0,0,5.6,3.4,4.7,4.1,4.2,5.9,4,2.5,2.8,5.8,6.8,1.1,3.8,4.7,2.6,4.9,5.4,6.2,4.6,4.8,4.7,2.9,5.8,7.7,5.2,2.1,5.1,7.2,3.7,3.9,5.1,6.6,5.6,4.7,6.9,3.3,5.8,4.4,5,3.4,,,,,,,,,,,,,,,,,,,,,,,,,,,,,,,,,,,,,,,,,25.6,26.3,26.6,26.1,25.5,25.6,25.6,25.5,25.5,24.3,26.4,23.9,26.1,25.2,25.8,25.9,25,25.1,24.8,24.5,25.4,25.8,25,25.5,26.2,25.9,25.2,25.4,25.9,25.7,25.6,73,78,76,77,77,68,77,77,63,71,75,70,78,75,74,76,66,70,72,76,77,70,58,74,78,76,71,74,64,77,76,0,0.1,0,0.1,0,0,0,0,0,0,0,0,0,0,0,0,0,0,0,0,0,0,0,0,0,0,0,0,0,0,0,16.8,23.4,21,21.5,23.5,17.3,25.3,25.5,11.1,23.2,18.2,25.4,24.2,20.1,20.6,21.9,16.8,12.7,20.6,25.8,22,14.3,14.6,17.4,24.4,28.4,22.1,19.7,17.1,20.3,22.3,18.4,26.3,24.8,22.7,24.8,17.6,27.7,26.3,11.2,24.5,18.4,26.3,27,20.5,22.7,23.8,17.6,14.4,20.5,25.9,22.3,15.1,16.2,19.8,27.7,33.1,23.4,21.6,21.2,21.2,24.8,,,,,,22.2204,114.2127
2026-10-10T07:00,26.4,26,26.4,26.6,26.1,25.3,25.8,26.2,25.1,24.9,24.4,25.7,26.2,25.8,25.9,25.7,26.4,25,25.5,25.9,26,26.7,24.8,24.2,25.5,26.9,25.3,26.9,25.1,26.1,25.7,25.5,25.6,25.6,24.9,26.6,24.8,24.9,25.3,26.1,74,76,75,76,81,75,69,74,78,73,65,78,74,78,79,75,74,73,76,72,74,72,77,69,79,71,76,75,80,71,77,79,76,75,66,77,79,79,77,76,0,0,0,0,0,0,0,0,0,0,0,0,0,0,0,0,0,0,0,0,0,0,0,0,0,0,0,0,0,0,0,0,0,0,0,0,0,0,0,0,5.8,3.7,4.8,4.1,4.6,6.4,4.3,2.9,3.4,6.2,7.2,1.6,3.6,5.1,3.1,5,5.4,6.5,4.8,4.6,5.2,2.9,5.8,8,5.7,2.6,5.4,8,4,4,5.4,6.8,6.2,5,7.6,4,6.1,4.1,5.7,3.7,,,,,,,,,,,,,,,,,,,,,,,,,,,,,,,,,,,,,,,,,25.6,26.3,26.5,26,25.4,25.6,25.7,25.6,25.6,24.4,26.2,24.1,26.1,25.1,25.7,25.7,24.9,25.3,24.8,24.4,25.3,25.8,24.8,25.6,26.1,26,25.2,25.5,25.8,25.7,25.6,70,77,75,76,76,66,76,75,61,71,74,68,78,75,72,76,64,68,72,75,77,70,59,72,77,75,69,70,63,76,75,0,0.1,0,0.1,0,0,0,0,0,0,0,0,0,0,0,0,0,0,0,0,0,0,0,0,0,0,0,0,0,0,0,15.8,22.7,17.6,21.9,22.9,17.1,25.3,22.7,11.6,21.3,17.4,21.7,23.4,20,19.2,21.4,15.8,10,20.4,25.5,22.5,14.8,14.5,16.5,22.5,25.2,21.1,17.1,17.1,20.7,21.4,17.3,25.6,20.5,23.4,24.1,18,27,23.8,11.9,22,17.3,22,25.6,20.2,20.9,22.7,16.6,13,20.2,26.3,22.3,15.5,16.2,19.8,25.6,29.5,22.7,19.1,21.6,21.2,23.8,,,,,,22.2204,114.2127
2026-10-10T08:00,26.4,26,26.4,26.6,26.1,25.3,25.8,26.2,25.1,25,24.4,25.7,26.2,25.8,25.9,25.7,26.4,24.9,25.6,25.8,26,26.7,24.8,24.1,25.5,26.9,25.3,26.9,25.1,26.1,25.7,25.5,25.6,25.6,24.8,26.6,24.8,24.9,25.3,26.2,74,76,75,76,81,75,69,74,78,73,65,78,74,78,79,75,74,73,76,72,74,72,77,69,79,71,76,75,80,71,77,79,76,75,65,77,79,79,77,76,0,0,0,0,0,0,0,0,0,0,0,0,0,0,0,0,0,0,0,0,0,0,0,0,0,0,0,0,0,0,0,0,0,0,0,0,0,0,0,0,5.8,4.1,5.1,4.3,5.1,6.6,4.7,3.6,3.7,6.4,7.6,2.3,3.9,5,3.3,5.2,5.5,6.8,5.1,4.6,5.5,3.4,6.2,8.4,5.9,3.1,5.7,8.4,4.8,4,5.9,7,6.5,5.1,8.3,4.3,6.5,4.3,6.2,4.2,,,,,,,,,,,,,,,,,,,,,,,,,,,,,,,,,,,,,,,,,25.7,26.3,26.6,26.1,25.4,25.7,25.8,25.8,25.7,24.6,26.3,24.4,26.1,25.2,25.7,25.8,25.1,25.6,24.8,24.5,25.3,25.9,24.9,25.8,26.2,26.1,25.3,25.8,25.8,25.8,25.8,67,76,72,75,75,64,74,72,59,69,72,66,76,74,70,74,61,65,71,73,76,69,58,69,74,73,67,66,61,74,73,0,0.1,0,0.1,0,0,0,0,0,0,0,0,0,0,0,0,0,0,0,0,0,0,0,0,0,0,0,0,0,0,0,14.8,22.4,15.5,21.7,22.1,16.8,24.6,20.3,12.1,18.8,16.5,18.8,22.4,19.2,18,20.3,14.7,9.2,20,24.5,22.1,14.8,14.5,15.9,21.1,22.8,20.4,15.1,17.4,20.1,20.4,16.2,25.2,17.3,23.4,23,18.4,25.9,21.2,12.2,19.4,16.2,18.7,24.1,19.4,19.4,21.2,15.5,12.2,19.8,25.6,22,15.8,16.6,19.8,23.4,26.6,22,17.3,21.6,20.9,22.3,,,,,,22.2204,114.2127
2026-10-10T09:00,26.4,26,26.5,26.6,26.1,25.3,25.9,26.2,25.1,25,24.5,25.8,26.2,25.8,26,25.7,26.4,25,25.7,25.8,26.1,26.7,24.9,24.1,25.6,26.9,25.4,27,25.1,26.1,25.7,25.5,25.6,25.7,24.9,26.7,24.9,25,25.4,26.2,74,76,75,76,81,75,69,74,78,73,65,78,74,78,79,75,74,74,76,72,74,72,77,69,79,71,76,75,80,71,77,79,76,75,64,77,79,79,77,76,0,0,0,0,0,0,0,0,0,0,0,0,0,0,0,0,0,0,0,0,0,0,0,0,0,0,0,0,0,0,0,0,0,0,0,0,0,0,0,0,6.6,4.8,5.5,5.1,5.6,6.5,5.1,4.4,4.4,6.8,8.1,3.2,4.6,5.5,3.6,6,5.8,6.9,5.9,5.1,5.8,4.2,6.4,8.8,6.1,3.7,6.2,8.9,5.7,4.6,6.6,7.8,7.2,5.4,9.4,5.2,6.5,4.8,6.9,4.7,,,,,,,,,,,,,,,,,,,,,,,,,,,,,,,,,,,,,,,,,26,26.6,27,26.3,25.6,25.9,26.1,26.2,26.1,25,26.6,24.7,26.4,25.6,26.2,26.2,25.6,26.1,25.1,24.8,25.5,26.4,25.2,26.1,26.5,26.4,25.6,26.1,26,26.1,26.2,63,74,68,73,72,62,72,68,56,66,69,63,74,71,65,70,57,60,69,70,73,66,56,66,69,71,64,62,59,71,69,0,0,0,0,0,0,0,0,0,0,0,0,0,0,0,0,0,0,0,0,0,0,0,0,0,0,0,0,0,0,0,14.2,22.7,14.9,20.7,20.8,16.6,22.8,18.1,12.4,16,15.4,16.1,21.6,17.4,17.1,18,14.2,9.9,18.8,22.5,20.9,14.9,14.8,16.6,19.9,21.2,19.4,14.6,17.7,19,18.8,15.5,25.2,16.2,22.3,21.6,18,23.8,18.7,13,18,15.1,16.9,23,18,18,19.1,15.1,13,19.1,23.4,20.9,15.8,16.9,20.2,22,24.8,21.6,16.6,21.6,19.4,20.5,,,,,,22.2204,114.2127
2026-10-10T10:00,26.3,26,26.6,26.6,26.1,25.4,26,26.2,25.1,25.1,24.7,25.9,26.2,25.9,26,25.7,26.5,25,25.9,25.8,26.1,26.7,25,24.3,25.6,26.9,25.5,27,25.2,26.1,25.7,25.6,25.6,25.8,25,26.8,25,25,25.4,26.3,75,76,75,76,81,76,69,74,79,74,66,78,74,78,79,75,74,74,76,72,75,72,77,69,79,72,75,75,80,72,77,80,76,75,63,76,78,79,78,76,0,0,0,0,0,0,0,0,0,0,0,0,0,0,0,0,0,0,0,0,0,0,0,0,0,0,0,0,0,0,0,0,0,0,0,0,0,0,0,0,7.4,6.2,6.8,6.2,6.5,7,6.2,5.5,5.6,7.9,8.6,4.5,6.1,6,4.8,7.1,7,7.8,7.1,6.1,6.4,5.9,7,9.2,6.6,5.1,6.9,9.4,6.9,5.6,7.4,8.4,8.2,6.5,10.5,6.2,7.1,5.6,7.7,5.7,,,,,,,,,,,,,,,,,,,,,,,,,,,,,,,,,,,,,,,,,26.5,27,27.6,26.7,26,26.2,26.4,26.6,26.6,25.7,27.1,25.2,26.8,26.1,26.9,26.8,26.3,26.9,25.4,25.4,25.8,26.9,25.7,26.5,27.1,26.8,26,26.6,26.4,26.6,26.7,58,71,64,71,68,59,69,64,52,62,64,61,71,66,58,66,52,55,66,65,70,61,53,62,64,69,61,59,57,67,65,0,0,0,0,0,0,0,0,0,0,0,0,0,0,0,0,0,0,0,0,0,0,0,0,0,0,0,0,0,0,0,13.8,23.1,15.3,19.7,19.2,16.6,20.7,16.3,12.4,13.2,14.1,13.8,20.8,15,15.8,15.4,13.7,11.5,17.7,19.5,19,14.4,15.8,17.9,18.3,20.1,18.5,15.1,18.5,16.9,17.3,15.1,25.6,16.2,20.5,19.4,17.6,20.9,16.6,13.7,16.6,14,15.5,22,16.2,16.6,16.9,15.1,14.4,18.4,20.2,19.4,15.5,17.6,20.2,20.5,23.4,20.9,16.6,21.2,17.3,18.7,,,,,,22.2204,114.2127
2026-10-10T11:00,26.3,26,26.7,26.6,26.2,25.5,26.1,26.2,25.1,25.2,25,26,26.2,25.9,26.1,25.8,26.5,25.2,26.1,25.8,26.2,26.7,25.1,24.4,25.7,26.9,25.6,27.1,25.4,26.1,25.7,25.6,25.7,25.9,25.2,26.9,25.1,25.1,25.4,26.4,75,77,75,76,81,76,70,75,79,74,67,77,75,78,80,76,75,76,76,73,76,73,77,69,79,73,75,76,80,72,78,80,77,75,61,76,78,80,78,76,0,0,0,0,0,0,0,0,0,0,0,0,0,0,0,0,0,0,0,0,0,0,0,0,0,0,0,0,0,0,0,0,0,0,0,0,0,0,0,0,8.5,7.9,8.5,7.9,7.3,7.6,7.6,6.7,6.6,8.9,9.7,6.2,7.7,7.2,6.6,8.5,8.1,8.8,8.4,7.4,7.6,7.5,8.1,10,7.4,6.9,7.6,10.2,8,7.1,8.4,9.5,9.2,7.6,11.9,7.4,7.9,6.4,8.7,6.7,,,,,,,,,,,,,,,,,,,,,,,,,,,,,,,,,,,,,,,,,26.9,27.3,28,27,26.4,26.5,26.8,27,27.1,26.2,27.5,25.6,27.1,26.7,27.5,27.3,26.9,27.4,25.7,25.9,26.2,27.4,26.3,26.9,27.5,27.1,26.4,26.9,26.8,26.9,27.1,55,69,61,69,65,57,66,61,49,58,61,58,68,62,54,62,49,51,63,62,67,58,50,59,60,67,58,57,56,64,62,0,0,0,0,0,0,0,0,0,0,0,0,0,0,0,0,0,0,0,0,0,0,0,0,0,0,0,0,0,0,0,13.7,23.4,15.6,18.4,17.6,16,18.7,14.8,12.2,11.5,12.9,12.8,19.7,12.8,14.8,12.8,13.2,13,16.1,16.9,17.1,14.1,16.1,18.4,17.1,19.4,17.6,15,18.5,15.4,16,15.1,25.9,16.6,19.1,17.6,17.3,18.7,15.1,14,15.5,13.3,15.1,20.9,14.4,15.8,14.8,15.1,15.8,17.3,17.3,17.6,15.5,18,20.2,19.4,22.3,20.5,16.6,20.9,15.8,17.3,,,,,,22.2204,114.2127
2026-10-10T12:00,26.3,26.1,26.9,26.7,26.2,25.6,26.2,26.3,25.2,25.4,25.3,26.2,26.2,26,26.2,25.8,26.6,25.3,26.3,25.8,26.2,26.7,25.3,24.6,25.7,27,25.8,27.1,25.5,26.1,25.7,25.6,25.8,26,25.4,27,25.3,25.1,25.5,26.5,76,77,74,76,81,77,70,75,79,75,68,77,75,79,80,77,75,77,76,73,77,73,78,69,79,74,75,77,79,73,78,81,77,75,60,75,77,80,79,76,0,0,0,0,0,0,0,0,0,0,0,0,0,0,0,0,0,0,0,0,0,0,0,0,0,0,0,0,0,0,0,0,0,0,0,0,0,0,0,0,9.7,9.2,9.9,9.3,8.2,8.4,9.2,8.4,7.9,10,10.7,7.7,9.1,8.7,8.7,9.5,9.8,9.9,10,8.4,9.2,9.5,9.2,10.8,8.5,8.5,8.4,11.2,9.4,8.6,9.1,10.1,10,9.2,13.4,8.8,8.9,7.5,9.4,7.2,,,,,,,,,,,,,,,,,,,,,,,,,,,,,,,,,,,,,,,,,27.1,27.6,27.9,27.2,26.7,26.5,27.1,27,27.5,26.7,27.7,26,27.3,27.1,27.7,27.7,27.2,27.5,26,26.2,26.4,27.5,26.8,27.1,27.6,27.3,26.7,27,27.1,27.1,27.2,54,68,62,67,63,56,64,60,48,56,59,56,66,59,53,60,48,51,61,60,65,57,48,58,60,67,57,57,56,62,61,0,0,0,0,0,0,0,0,0,0,0,0,0,0,0,0,0,0,0,0,0,0,0,0,0,0,0,0,0,0,0,14.3,23.2,15.1,17.1,15.5,15.1,17.2,13.8,12.4,10,11.8,13,18.5,11.2,14,10.5,13.1,14.6,14.8,14.5,14.8,13.8,16.3,17.6,16.2,18.6,16.6,14.6,18.1,14.2,15.3,15.8,25.9,16.6,18,15.5,16.9,17.3,14.8,14.4,14,12.6,15.5,19.8,13,16.2,13,14.8,16.9,16.2,15.1,15.8,15.5,18.7,19.8,18.7,21.6,19.8,16.2,20.5,15.1,16.2,,,,,,22.2204,114.2127
2026-10-10T13:00,26.3,26.1,27,26.8,26.2,25.8,26.4,26.3,25.2,25.5,25.6,26.3,26.2,26.1,26.3,25.9,26.6,25.5,26.5,25.8,26.3,26.8,25.5,24.9,25.8,27,25.9,27.2,25.7,26.2,25.7,25.6,25.8,26.2,25.7,27.1,25.5,25.2,25.5,26.6,77,77,74,76,81,78,71,75,79,76,70,76,76,79,80,77,76,78,77,73,78,74,78,69,80,74,74,78,79,74,78,81,77,75,58,74,77,80,79,75,0,0,0,0,0,0,0,0,0,0,0,0,0,0,0,0,0,0,0,0,0,0,0,0,0,0,0,0,0,0,0,0,0,0,0,0,0,0,0,0,10,10.5,11.2,10.6,8.4,9.4,10.4,9.2,8.8,11,11.5,8.9,10.2,9.7,10.1,10.2,11,10.7,10.9,9.3,10.2,10.9,9.9,11.5,9.4,9.6,9.2,12,10.2,9.8,9.7,10.6,10.6,10.2,14.2,9.7,9.7,8,9.9,7.9,,,,,,,,,,,,,,,,,,,,,,,,,,,,,,,,,,,,,,,,,27.2,27.7,27.7,27.4,27,26.6,27.3,26.9,27.9,27.1,27.7,26.3,27.5,27.5,27.8,28,27.4,27.4,26.2,26.4,26.7,27.6,27.3,27.3,27.6,27.4,27,27,27.4,27.1,27.2,55,66,64,66,62,57,62,61,48,54,58,55,65,57,55,58,49,53,59,58,63,58,47,57,61,67,56,57,56,61,61,0,0,0,0,0,0,0,0,0,0,0,0,0,0,0,0,0,0,0,0,0,0,0,0,0,0,0,0,0,0,0,15.9,22.7,14.8,16.1,12.9,14.3,15.9,13.7,12.5,9.3,10.7,13.7,17.8,10.5,14.8,9,13.2,16.5,13.7,12.3,12.9,14,16.2,16.4,15.6,18.5,16.2,14.5,17.6,13.7,15,17.3,25.6,16.9,17.3,13.3,16.2,16.2,14.8,14.8,13,12.2,16.9,19.1,11.9,17.3,11.5,14.4,18,15.1,13.3,14,15.8,19.1,18.7,18.4,21.2,19.1,16.2,20.2,15.1,15.8,,,,,,22.2204,114.2127
2026-10-10T14:00,26.2,26.2,27.2,26.8,26.3,25.9,26.5,26.3,25.2,25.7,25.9,26.4,26.2,26.2,26.4,26,26.7,25.7,26.8,25.8,26.4,26.8,25.6,25.2,25.9,27,26.1,27.2,25.9,26.2,25.7,25.7,25.9,26.4,25.9,27.3,25.7,25.3,25.6,26.8,78,77,74,76,81,79,72,76,80,77,71,76,76,79,80,78,76,80,77,74,79,74,78,70,80,75,74,79,79,74,78,82,78,75,56,73,76,80,80,75,0,0,0,0,0,0,0,0,0,0,0,0,0,0,0,0,0,0,0,0,0,0,0,0,0,0,0,0,0,0,0,0,0,0,0,0,0,0,0,0,10.2,10.9,11.8,10.8,8.6,9.7,10.7,9.7,8.9,10.9,11.8,9.4,10.6,10.1,11,10.4,11.4,11.1,11.2,9.4,10.8,11.4,10.1,11.5,9.7,10,9.2,12,10.4,10.4,9.7,10.8,10.7,10.6,14.5,9.7,10,8,9.7,7.9,,,,,,,,,,,,,,,,,,,,,,,,,,,,,,,,,,,,,,,,,27.2,27.9,27.5,27.6,27.2,26.6,27.5,26.9,28.2,27.4,27.8,26.6,27.6,27.8,27.8,28.2,27.5,27.3,26.3,26.6,26.9,27.6,27.7,27.4,27.7,27.5,27.2,27,27.7,27.2,27.1,56,66,66,65,61,57,61,61,48,53,57,53,64,56,56,57,50,55,57,57,62,58,46,57,62,68,56,58,56,60,61,0,0,0,0,0,0,0,0,0,0,0,0,0,0,0,0,0,0,0,0,0,0,0,0,0,0,0,0,0,0,0,16.9,22.2,14.9,15.5,10.9,14.1,14.9,14.6,12.7,10.4,10.8,14.6,16.9,9.9,16.1,8.6,13.3,17.4,12.6,11.3,11.9,14.6,16.2,15,15.8,19,16.5,15,17.1,13.2,14.8,18,25.6,17.3,16.9,11.9,16.2,15.8,15.5,14.8,12.2,12.2,18,18.4,11.2,18,10.8,14,18,14.4,12.2,13,16.2,19.1,18,18.4,21.6,18.4,16.2,19.8,15.1,15.5,,,,,,22.2204,114.2127
2026-10-10T15:00,26.2,26.2,27.4,26.9,26.3,26.1,26.6,26.3,25.2,25.8,26.3,26.6,26.3,26.3,26.5,26.1,26.7,25.9,27,25.8,26.5,26.8,25.8,25.5,25.9,27,26.2,27.3,26,26.2,25.7,25.7,26,26.6,26.2,27.4,25.9,25.4,25.6,26.9,78,78,73,76,81,80,73,76,80,78,73,76,77,79,81,79,77,81,77,74,80,75,79,70,80,76,73,80,78,75,78,83,78,75,55,72,75,81,80,75,0,0,0,0,0,0,0,0,0,0,0,0,0,0,0,0,0,0,0,0,0,0,0,0,0,0,0,0,0,0,0,0,0,0,0,0,0,0,0,0,4,2.5,2.9,3.7,3.6,3.3,1.8,2.4,3.4,3.6,3.8,2.2,2.7,2.9,2.6,4,3.1,2.8,3.6,3.3,2.5,1.8,3.3,4.1,1.3,2.6,5.2,3.5,2.3,2.5,3,5.5,3.6,2.2,8.3,1.9,2.9,3.4,4.7,3.1,,,,,,,,,,,,,,,,,,,,,,,,,,,,,,,,,,,,,,,,,27.4,28,27.7,27.7,27.2,26.9,27.6,27,28.4,27.3,27.8,26.9,27.6,27.7,27.9,28.2,27.5,27.2,26.4,26.6,26.9,27.7,27.9,27.5,27.9,27.5,27.4,27.1,27.8,27.4,27.1,56,66,66,64,60,57,60,61,49,53,56,51,64,56,56,57,51,55,56,57,61,58,46,56,62,69,56,58,56,59,61,0,0,0,0,0,0,0,0,0,0,0,0,0,0,0,0,0,0,0,0,0,0,0,0,0,0,0,0,0,0,0,16.6,22.2,15.9,15.4,10.1,14.4,14.4,15.5,12.3,10.8,10.9,15.1,16.6,9.4,16.3,8.8,12.4,16.1,11.6,10.8,11.5,14.6,15.3,13.5,16.5,20.1,16.3,15.5,15.8,12.6,14.6,18,25.6,18.4,17.3,11.9,16.6,16.2,16.6,14.8,12.6,13,19.1,18.4,10.8,18.4,10.8,13.7,16.6,13.7,11.9,13,16.2,18,16.9,18.7,22.7,17.6,16.6,18.7,15.1,15.5,,,,,,22.2204,114.2127
2026-10-10T16:00,26.2,26.2,27.6,27,26.3,26.3,26.8,26.4,25.2,25.9,26.6,26.7,26.3,26.4,26.6,26.1,26.8,26.1,27.2,25.8,26.6,26.8,26,25.7,25.9,27,26.4,27.4,26.2,26.2,25.8,25.7,26.1,26.8,26.5,27.6,26.1,25.4,25.7,27,79,78,73,76,81,81,74,76,80,79,74,75,77,79,81,80,78,83,78,75,81,75,79,70,80,77,73,81,78,76,78,83,79,75,53,72,74,81,81,75,0,0,0,0,0,0,0,0,0,0,0,0,0,0,0,0,0,0,0,0,0,0,0,0,0,0,0,0,0,0,0,0,0,0,0,0,0,0,0,0,4.2,3,2.5,3.9,3.8,3,1.8,2.5,4,3.3,3.1,1.8,3.4,3.3,2.7,4,3.1,2.7,3.8,3.4,2.4,2.3,3.6,3.9,1.1,3.1,5.2,3.3,2.3,2.5,3.4,5.5,3.8,2.5,8.3,1.8,3.1,3.3,4.7,2.8,,,,,,,,,,,,,,,,,,,,,,,,,,,,,,,,,,,,,,,,,27.5,28,28.1,27.9,27.2,27.2,27.6,27.2,28.4,27.1,27.8,27.1,27.6,27.5,27.9,28,27.3,27.2,26.4,26.4,26.9,27.8,28,27.6,28.2,27.5,27.4,27.2,27.9,27.6,27.1,56,67,66,64,60,57,60,60,51,55,56,49,64,57,57,57,52,54,55,58,61,58,48,55,61,71,56,59,56,57,62,0,0,0,0,0,0,0,0,0,0,0,0,0,0,0,0,0,0,0,0,0,0,0,0,0,0,0,0,0,0,0,15.8,22.8,17.2,15.2,10.1,15,14.1,16.3,11.8,11.4,10.9,15.5,16.7,9.5,15.9,9,12,13,10.7,11,11.6,13.6,13.5,12.2,17.1,21.4,15.7,15.6,14.5,12.2,14.2,17.6,25.9,20.2,17.6,12.6,17.6,16.9,18,14.4,13.3,13.7,19.8,19.1,10.8,18.4,11.9,13.3,14.4,13,12.2,14,16.6,16.6,15.8,19.8,24.1,17.3,17.3,17.6,15.5,15.5,,,,,,22.2204,114.2127
2026-10-10T17:00,26.1,26.3,27.8,27,26.3,26.4,26.9,26.4,25.2,26.1,26.9,26.8,26.3,26.5,26.7,26.2,26.9,26.3,27.4,25.8,26.6,26.8,26.1,26,26,27,26.5,27.4,26.3,26.3,25.8,25.7,26.2,27,26.7,27.7,26.2,25.5,25.8,27.1,80,78,73,75,81,82,74,77,80,79,75,75,77,80,81,80,78,84,78,75,81,76,79,70,80,78,72,82,77,76,79,84,79,75,52,71,74,81,81,75,0,0,0,0,0,0,0,0,0,0,0,0,0,0,0,0,0,0,0,0,0,0,0,0,0,0,0,0,0,0,0,0,0,0,0,0,0,0,0,0,4.2,3.1,2.2,4.2,4,2.7,2.2,2.9,4.2,3.2,3.1,1.8,3.8,3.8,3.3,4.4,3.3,2.9,4,3.7,2.9,2.6,4,4,1.5,3.4,5.1,3.7,1.9,3.1,3.8,5.8,4.3,3.1,8.4,2.2,2.9,3.2,4.9,2.5,,,,,,,,,,,,,,,,,,,,,,,,,,,,,,,,,,,,,,,,,27.5,28,28.3,27.9,27.2,27.4,27.5,27.4,28.4,26.9,27.8,27.1,27.5,27.4,27.8,27.9,27.1,27.1,26.4,26.3,26.9,27.9,28,27.6,28.3,27.4,27.5,27.3,27.9,27.6,27.1,57,68,66,65,60,57,61,61,52,56,56,48,65,58,58,58,53,54,55,59,61,58,49,54,62,73,57,60,56,57,63,0,0,0,0,0,0,0,0,0,0,0,0,0,0,0,0,0,0,0,0,0,0,0,0,0,0,0,0,0,0,0,15.2,23,17.9,15.5,10.7,15.2,14.2,17,11.2,12.4,10.7,15.6,17,9.3,15.8,9.6,11.9,11,10.7,12.3,11.7,13.5,12.7,11.1,17.7,22.4,15.2,15.9,13.7,12,14.4,17.3,25.9,21.2,18,13.3,18,17.3,19.1,14.4,14.4,14,20.2,19.4,10.8,18.7,12.6,13.3,13,12.6,13.7,14.4,16.6,15.8,15.1,20.5,25.6,16.9,18,16.9,15.5,16.2,,,,,,22.2204,114.2127
2026-10-10T18:00,26.1,26.3,27.9,27.1,26.4,26.5,27,26.4,25.2,26.2,27.1,26.9,26.3,26.5,26.7,26.3,26.9,26.5,27.6,25.8,26.7,26.8,26.3,26.1,26,27,26.6,27.5,26.5,26.3,25.8,25.7,26.2,27.1,26.8,27.8,26.4,25.5,25.8,27.2,80,78,72,75,80,83,75,77,80,80,77,74,78,80,81,81,78,85,78,75,82,76,79,70,81,79,72,83,77,77,79,84,80,74,50,70,73,81,82,75,0,0,0,0,0,0,0,0,0,0,0,0,0,0,0,0,0,0,0,0,0,0,0,0,0,0,0,0,0,0,0,0,0,0,0,0,0,0,0,0,4.4,3.7,1.8,4.6,4.2,2.6,2.3,2.9,4.9,3,3.3,1.9,4.1,4.2,3.7,4.9,3.6,3.2,4.2,3.9,3.2,3.1,4.6,4.3,1.9,3.9,5.1,3.9,1.8,3.2,4.3,6.2,4.7,3.5,8,2.4,3,2.9,4.7,2.5,,,,,,,,,,,,,,,,,,,,,,,,,,,,,,,,,,,,,,,,,27.4,27.9,28.2,27.8,27.1,27.5,27.4,27.4,28.3,26.7,27.8,27,27.4,27.3,27.6,27.8,26.9,27.2,26.3,26.3,27,27.9,28,27.6,28.2,27.3,27.4,27.3,28,27.5,27.1,58,70,67,67,61,59,63,63,53,57,56,48,67,59,60,59,54,54,56,61,61,59,50,54,64,75,58,62,57,59,64,0,0,0,0,0,0,0,0,0,0,0,0,0,0,0,0,0,0,0,0,0,0,0,0,0,0,0,0,0,0,0,15.1,22.7,18.2,15.5,11.5,15.2,14.4,17.3,10.8,13.6,10.6,15,17.8,8.9,16.9,10.2,12.4,10.4,11.5,15,11.5,13.7,12.7,11,18.1,23,15.2,16.6,13.4,12.4,15.5,17.3,25.9,22,18,13.7,17.6,17.3,19.8,14.8,15.1,13.3,19.4,19.8,10.4,19.8,13.3,13.3,12.6,13.3,16.6,14,16.9,16.9,15.1,20.9,26.6,16.9,18.7,17.6,15.8,17.3,,,,,,22.2204,114.2127
2026-10-10T19:00,26.1,26.4,28,27.1,26.4,26.7,27.1,26.4,25.2,26.2,27.3,26.9,26.3,26.6,26.8,26.3,27,26.6,27.7,25.9,26.8,26.8,26.4,26.3,26,27,26.6,27.5,26.6,26.3,25.8,25.8,26.3,27.2,26.9,27.8,26.5,25.6,25.8,27.3,81,78,72,75,80,83,75,77,80,81,77,74,78,80,81,82,79,86,78,76,83,76,80,70,81,80,72,84,77,77,79,85,80,74,50,70,73,82,82,75,0,0,0,0,0,0,0,0,0,0,0,0,0,0,0,0,0,0,0,0,0,0,0,0,0,0,0,0,0,0,0,0,0,0,0,0,0,0,0,0,4.6,4.2,1.5,5.1,4.4,2.5,2.7,3.3,5.1,3.3,3.3,1.9,4.6,4.8,4,5,3.7,3.3,4.4,4.3,3.3,3.3,4.8,4.4,2.6,4.1,5.1,4.3,1.8,3.7,4.6,6.1,4.9,3.7,8.4,2.9,2.9,2.9,4.8,2.3,,,,,,,,,,,,,,,,,,,,,,,,,,,,,,,,,,,,,,,,,27.3,27.7,28.1,27.7,27.1,27.5,27.2,27.4,28.2,26.6,27.8,26.6,27.2,27.3,27.4,27.8,26.7,27.2,26.2,26.3,27,27.8,27.9,27.6,28,27.2,27.4,27.3,28,27.3,27.1,60,74,69,69,62,61,65,65,54,59,57,50,69,59,64,59,56,54,57,63,61,60,51,55,67,78,60,64,58,61,66,0,0,0,0,0,0,0,0,0,0,0,0,0,0,0,0,0,0,0,0,0,0,0,0,0,0,0,0,0,0,0,14.8,22.3,18.5,15.9,12.5,14.8,15.1,17.7,10.9,14.4,10.3,14.5,18.8,8.4,18.1,11,12.5,10,13,18.8,11.4,14.4,13.5,11.4,18.4,23,14.8,17.3,13.7,13.4,16.6,17.3,25.6,22.3,17.3,14.4,17.3,17.3,20.2,15.1,15.8,12.2,18.4,20.5,10.4,21.2,13.7,13.7,13,14.4,20.2,13.3,16.9,18.7,15.5,21.2,27.4,16.6,19.4,18.7,15.8,18.7,,,,,,22.2204,114.2127
2026-10-10T20:00,26.1,26.4,28,27.1,26.4,26.7,27.1,26.5,25.3,26.3,27.4,27,26.3,26.6,26.8,26.3,27,26.7,27.8,25.9,26.8,26.8,26.4,26.3,26,27,26.6,27.5,26.6,26.3,25.8,25.8,26.3,27.3,26.9,27.8,26.5,25.6,25.9,27.3,81,78,72,75,80,84,75,77,80,81,78,74,78,80,81,82,79,86,78,76,83,76,80,70,81,80,72,84,77,77,79,85,80,74,49,70,73,82,82,75,0,0,0,0,0,0,0,0,0,0,0,0,0,0,0,0,0,0,0,0,0,0,0,0,0,0,0,0,0,0,0,0,0,0,0,0,0,0,0,0,4.6,4.2,1.5,5.1,4.4,2.5,2.9,3.3,5.1,3.3,3.6,1.9,4.6,5.2,4,5,4,3.3,4.4,4.3,3.6,3.6,5.2,4.8,2.6,4.1,5.1,4.5,1.8,3.7,4.9,6.1,5.1,4.2,8.4,2.9,3.3,2.9,4.8,2.3,,,,,,,,,,,,,,,,,,,,,,,,,,,,,,,,,,,,,,,,,27.1,27.5,28,27.5,27.1,27.5,27.1,27.3,28.1,26.4,27.8,26.3,27,27.3,27.2,27.7,26.5,27.2,26.1,26.3,27.1,27.8,27.8,27.6,27.9,27.1,27.3,27.3,28,27.1,27.1,61,76,71,71,63,63,68,68,55,61,58,52,71,60,67,61,58,55,59,65,61,62,52,56,70,80,62,67,59,64,68,0,0,0,0,0,0,0,0,0,0,0,0,0,0,0,0,0,0,0,0,0,0,0,0,0,0,0,0,0,0,0,14.4,21.6,18.4,15.5,13.4,14.4,15.6,17.7,10.3,15.3,10,14.8,18.7,8.3,18.8,12,12.8,9.9,14.5,21.3,11.2,14.8,14.1,11.3,18.4,23.7,14.8,17.7,14,14,17.7,16.9,25.6,22.3,16.9,14.8,16.6,16.9,20.2,14.8,16.6,11.2,17.3,20.5,10.4,22,14.4,14,13,15.8,22.7,12.6,17.3,19.8,15.1,21.2,28.4,16.9,19.8,19.4,15.8,20.2,,,,,,22.2204,114.2127
2026-10-10T21:00,26.1,26.4,28,27.1,26.4,26.8,27.2,26.5,25.3,26.3,27.5,27,26.3,26.6,26.8,26.3,27,26.8,27.9,25.9,26.9,26.8,26.5,26.3,26,27,26.6,27.5,26.6,26.3,25.8,25.8,26.3,27.4,26.8,27.8,26.5,25.6,25.9,27.3,81,78,72,75,80,84,75,77,80,81,78,74,78,80,81,82,79,86,78,76,83,76,80,70,81,80,72,84,77,77,79,85,80,74,49,70,73,82,82,75,0,0,0,0,0,0,0,0,0,0,0,0,0,0,0,0,0,0,0,0,0,0,0,0,0,0,0,0,0,0,0,0,0,0,0,0,0,0,0,0,4.4,4.2,1.5,5.1,4.4,2.5,2.9,3.3,5.1,3.3,3.6,1.9,4.3,5.2,4,5,4.4,3.3,4.4,4.3,3.6,3.9,5.5,4.8,2.6,4.1,5.1,4.5,1.8,3.7,4.9,5.9,5.1,4.5,8.7,2.9,3.3,2.9,4.8,2.3,,,,,,,,,,,,,,,,,,,,,,,,,,,,,,,,,,,,,,,,,27.1,27.4,27.9,27.4,27.1,27.4,26.9,27.2,28,26.3,27.7,25.9,26.8,27.3,27.1,27.5,26.5,27.1,26,26.2,27,27.7,27.6,27.4,27.8,27.2,27.2,27.2,27.8,27,27.1,62,77,73,72,65,66,70,71,55,64,59,55,72,62,71,64,60,56,61,67,62,64,52,58,72,80,65,69,61,66,70,0,0,0,0,0,0,0,0,0,0,0,0,0,0,0,0,0,0,0,0,0,0,0,0,0,0,0,0,0,0,0,13.7,21.2,17.6,14.8,13.7,13.7,15.2,17.4,8.9,16.3,9.6,14.8,17.5,9.4,18.9,13,13,9.5,16.3,20.9,11,14.8,14.3,10.5,17.7,24.8,15.2,17.4,14.5,13.6,18.1,15.8,25.6,21.6,16.2,15.1,15.8,16.2,20.2,13.3,17.6,9.7,16.2,19.8,11.2,22,15.1,14.8,12.2,17.6,22.7,11.9,17.6,19.8,13.7,20.9,29.9,17.6,19.8,19.1,15.5,20.9,,,,,,22.2204,114.2127
2026-10-10T22:00,26.2,26.4,28,27.1,26.4,26.8,27.2,26.5,25.4,26.3,27.4,26.9,26.3,26.6,26.8,26.3,27,26.8,27.9,25.9,26.9,26.8,26.5,26.2,26,27,26.5,27.5,26.6,26.4,25.9,25.8,26.3,27.4,26.6,27.7,26.5,25.6,25.9,27.3,81,78,72,75,80,85,74,77,79,81,78,74,78,80,81,82,79,85,77,76,83,75,80,70,81,80,72,84,78,77,79,85,80,73,49,70,74,83,82,75,0,0,0,0,0,0,0,0,0,0,0,0,0,0,0,0,0,0,0,0,0,0,0,0,0,0,0,0,0,0,0,0,0,0,0,0,0,0,0,0,4.5,4.3,1.5,5.2,4,2.8,2.7,2.9,4.9,3.3,4,2.3,4.4,5.4,3.7,4.5,4.3,2.9,4.2,4.1,3.6,3.7,5.4,5.1,2.4,3.9,5.1,4.3,1.5,3.9,4.8,5.4,4.9,4.3,9.1,2.7,3.7,2.5,4.7,2.3,,,,,,,,,,,,,,,,,,,,,,,,,,,,,,,,,,,,,,,,,27.1,27.4,27.9,27.3,27,27.2,26.7,27,27.9,26.2,27.5,25.5,26.8,27.2,27,27.2,26.6,26.9,25.9,26.1,27,27.7,27.4,27.3,27.7,27.3,27,27,27.6,26.9,27,64,78,75,73,66,68,72,74,56,66,61,58,73,63,75,68,63,57,64,69,64,66,52,60,74,79,69,72,64,68,73,0,0,0,0,0,0,0,0,0,0,0,0,0,0,0,0,0,0,0,0,0,0,0,0,0,0,0,0,0,0,0,13,21.3,16.6,13.7,14,13,14.8,17.2,7.2,16.9,9,14.5,15.9,10.8,18.2,14.2,13.7,9.4,18,19.2,10.8,15.1,14.1,9.7,16.8,25.9,15.6,16.8,15,13.3,18.5,14.8,25.2,20.2,15.5,15.5,14.8,15.5,20.2,11.2,19.1,8.3,15.1,18.4,11.9,21.6,16.2,15.8,11.5,19.4,21.6,11.5,18,19.1,11.9,20.2,31.3,18.4,19.4,18,14.8,21.6,,,,,,22.2204,114.2127
2026-10-10T23:00,26.2,26.4,27.9,27.1,26.3,26.8,27.2,26.6,25.4,26.2,27.3,26.9,26.4,26.6,26.8,26.3,27,26.8,27.9,26,26.9,26.7,26.4,26,26,27,26.4,27.5,26.6,26.4,25.9,25.8,26.3,27.4,26.4,27.6,26.4,25.6,26,27.3,81,77,72,74,79,85,73,77,78,82,78,74,77,80,80,83,79,85,77,76,82,75,81,70,82,80,73,84,78,76,79,85,80,73,50,71,75,83,81,75,0,0,0,0,0,0,0,0,0,0,0,0,0,0,0,0,0,0,0,0,0,0,0,0,0,0,0,0,0,0,0,0,0,0,0,0,0,0,0,0,4.3,4.2,1.8,4.8,3.9,3.1,2.4,2.5,4.7,3.5,4,2.3,4,5.2,3.4,4.4,4.7,2.5,3.9,3.6,3.6,3.9,5.5,5.1,1.8,3.2,5.1,3.8,1.3,3.8,4.6,5,4.5,4.2,9.4,2.3,3.8,2.5,4.5,2.3,,,,,,,,,,,,,,,,,,,,,,,,,,,,,,,,,,,,,,,,,27.1,27.3,27.8,27.2,27,27.1,26.6,26.9,27.7,26.2,27.4,25.1,26.7,27.2,27,27,26.6,26.8,25.8,26,26.9,27.6,27.2,27.1,27.7,27.3,26.9,26.9,27.3,26.8,26.9,65,78,76,74,68,70,74,76,56,69,62,61,74,65,78,71,65,58,67,70,65,68,52,61,76,79,72,74,66,69,75,0,0,0,0,0,0,0,0,0,0,0,0,0,0,0,0,0,0,0,0,0,0,0,0,0,0,0,0,0,0,0,12.4,21,15.9,13,14.1,12,14.4,16.9,6,17.7,8.1,14.5,15.2,11.5,17.7,15.4,14.2,10,19.4,18.2,10.6,15.2,14.2,8.6,16.2,27.3,16,16.2,15.6,13,19.1,13.7,24.8,19.4,15.1,15.8,13.7,15.1,19.8,9.7,20.5,7.6,14.4,17.6,12.6,21.2,17.3,16.6,11.2,20.9,20.9,11.2,18.7,18,10.4,20.2,33.1,18.7,19.1,17.3,14.4,22.3,,,,,,22.2204,114.2127
2026-10-11T00:00,26.2,26.4,27.8,27.1,26.3,26.8,27.1,26.6,25.5,26.2,27.2,26.8,26.4,26.6,26.7,26.3,26.9,26.8,27.8,26,26.9,26.7,26.4,25.8,25.9,27,26.2,27.5,26.5,26.4,25.9,25.8,26.3,27.4,26,27.5,26.3,25.6,26,27.3,81,77,72,74,79,85,73,76,78,82,77,74,77,80,80,83,79,84,76,76,82,74,81,70,82,80,73,83,79,76,79,85,80,72,50,71,75,83,81,76,0,0,0,0,0,0,0,0,0,0,0,0,0,0,0,0,0,0,0,0,0,0,0,0,0,0,0,0,0,0,0,0,0,0,0,0,0,0,0,0,4.5,4,1.8,4.6,3.7,3.2,1.8,2.2,4.2,3.7,4.1,2.2,4.1,5.2,3.2,4,4.7,2.4,3.7,3.2,3.4,4.1,5.8,5.1,1.5,2.7,5.1,3.2,1.8,4,4.1,4.7,4.2,4.4,9.7,2.2,3.9,2.3,4,2.6,,,,,,,,,,,,,,,,,,,,,,,,,,,,,,,,,,,,,,,,,27,27.2,27.8,27.1,26.9,27,26.5,26.8,27.4,26.1,27.3,25,26.6,27,26.9,26.8,26.5,26.6,25.7,25.9,26.8,27.5,26.9,26.9,27.6,27.2,26.8,26.8,27.1,26.7,26.8,66,78,77,75,70,71,75,77,57,71,63,63,74,66,79,73,67,60,70,71,66,70,52,61,77,80,74,75,69,70,76,0,0,0.1,0,0,0,0,0,0,0,0,0,0,0,0.1,0,0,0,0,0,0,0,0,0,0,0,0,0,0,0,0,12.1,20.3,15.7,13.1,14.3,10.9,14.3,16.6,6.3,18.6,7.1,14.4,15,10.9,17,16.2,14.8,10.5,20.3,18.3,10.5,15.8,13.9,7.3,16.3,29.7,15.9,15.9,15.3,13.4,19.6,13.3,24.1,19.1,15.1,16.2,13,15.1,19.4,9.7,21.6,7.9,14.8,17.6,12.2,20.5,18.7,17.3,11.9,22,20.5,10.8,19.4,16.9,9.7,20.5,35.3,18,18.4,16.9,14.8,22.7,,,,,,22.2204,114.2127
2026-10-11T01:00,26.3,26.4,27.6,27,26.3,26.8,27.1,26.7,25.6,26.1,27,26.7,26.4,26.5,26.6,26.2,26.9,26.8,27.8,26.1,26.9,26.6,26.3,25.6,25.9,27,26,27.5,26.4,26.5,25.9,25.8,26.3,27.4,25.7,27.3,26.1,25.6,26,27.2,80,76,72,74,79,85,71,76,77,82,77,75,76,80,80,83,78,83,76,76,81,73,81,70,82,80,73,83,80,75,79,85,80,72,51,72,76,84,80,76,0,0,0,0,0,0,0,0,0,0,0,0,0,0,0,0,0,0,0,0,0,0,0,0,0,0,0,0,0,0,0,0,0,0,0,0,0,0,0,0,4.7,4,2.2,4.7,3.6,3.9,1.8,2.1,3.9,4.1,4.7,2.5,4,5.1,3.3,3.8,5.2,2.5,3.6,2.7,3.4,4.3,6.1,5.5,1.5,2.5,5.1,3.4,2.3,4,4,4,4,4.3,10.4,1.8,4.5,2.3,4,2.4,,,,,,,,,,,,,,,,,,,,,,,,,,,,,,,,,,,,,,,,,26.9,27,27.8,27,26.7,27,26.4,26.7,27.2,26,27.2,24.9,26.6,26.8,26.9,26.7,26.5,26.5,25.5,25.9,26.7,27.3,26.6,26.7,27.6,27,26.7,26.8,26.9,26.6,26.6,68,79,78,75,72,70,75,78,58,73,63,64,75,67,79,75,69,63,72,71,67,72,53,61,78,80,75,76,71,70,77,0,0,0.1,0,0,0,0,0,0,0,0,0,0,0,0.1,0,0,0,0,0,0,0,0,0,0,0,0,0,0,0,0,12.1,19.4,15.9,13.7,14.6,10.2,13.9,16.6,7.9,19.1,7.3,14.9,15.3,10.4,16.4,17,15.4,11.5,20.9,18.5,10.4,16.9,13.9,7,17.3,32.3,15.5,15.5,15.8,13.9,20.7,13,23,19.1,15.5,16.2,12.2,15.5,19.1,10.1,22.7,9.4,15.5,18,11.9,19.4,19.8,17.6,13,22.7,20.5,10.8,20.2,15.5,9.7,21.6,37.4,17.3,18,16.9,15.1,23.4,,,,,,22.2204,114.2127
2026-10-11T02:00,26.3,26.4,27.5,27,26.2,26.7,27,26.7,25.7,26,26.8,26.6,26.4,26.5,26.6,26.2,26.9,26.7,27.7,26.1,26.9,26.6,26.3,25.3,25.8,27,25.9,27.5,26.3,26.5,26,25.8,26.3,27.4,25.3,27.2,26,25.6,26.1,27.2,80,76,72,74,78,85,70,75,76,81,76,75,75,80,79,83,78,81,75,76,80,72,81,70,82,80,74,82,81,74,79,84,79,71,52,73,77,84,80,76,0,0,0,0,0,0,0,0,0,0,0,0,0,0,0,0,0,0,0,0,0,0,0,0,0,0,0,0,0,0,0,0,0,0,0,0,0,0,0,0,5.1,4,2.5,4.7,3.8,4.1,1.5,2,3.3,5.1,5,2.9,4,5.1,3.1,3.7,5.8,2.7,3.7,2.5,3.8,4.7,6.3,5.7,2.1,2.3,5.1,3.6,2.9,4.3,4.1,4,4,4.7,11.2,1.9,4.7,2.5,4.1,2.7,,,,,,,,,,,,,,,,,,,,,,,,,,,,,,,,,,,,,,,,,26.8,26.9,27.7,27,26.6,27,26.4,26.6,26.9,26,27.1,24.9,26.6,26.6,26.8,26.6,26.4,26.3,25.4,25.8,26.6,27.2,26.4,26.6,27.5,26.8,26.6,26.7,26.7,26.5,26.5,69,79,78,76,73,70,75,78,58,75,64,65,75,68,79,76,70,66,74,72,68,74,53,61,79,81,76,77,72,71,77,0,0,0.1,0,0,0,0,0,0,0,0,0,0,0,0.1,0,0,0,0,0,0,0,0,0,0,0,0,0,0,0,0,12.5,19.5,16.4,14.5,15,10.7,14.2,17,9.6,20.2,8.9,15.5,15.8,10.5,16.4,18.3,16.1,12.9,21.4,19.5,10.9,17.8,13.9,7.8,18.3,34.1,15.8,15.6,16.4,14.6,21.4,13.3,23,19.4,16.2,16.6,11.9,15.8,19.1,10.8,23.8,10.4,16.2,18.4,11.5,18.7,21.6,18,14.4,23.4,20.9,11.5,20.9,14.8,10.1,22.7,39.2,16.9,17.6,16.9,15.8,23.8,,,,,,22.2204,114.2127
2026-10-11T03:00,26.4,26.5,27.3,27,26.2,26.7,27,26.7,25.7,25.9,26.6,26.5,26.4,26.4,26.5,26.1,26.8,26.7,27.6,26.2,26.9,26.5,26.2,25,25.8,27,25.7,27.5,26.2,26.5,26,25.8,26.3,27.4,24.9,27,25.9,25.6,26.1,27.1,79,76,72,73,78,85,69,75,75,81,76,75,75,79,79,83,78,80,74,76,79,71,81,70,82,80,74,81,82,74,79,84,79,71,53,74,78,85,79,76,0,0,0,0,0,0,0,0,0,0,0,0,0,0,0,0,0,0,0,0,0,0,0,0,0,0,0,0,0,0,0,0,0,0,0,0,0,0,0,0,5.7,4.1,2.9,5.1,4,4.8,1.5,2.4,3.2,5.6,5.4,2.9,4.7,5.2,3.2,3.8,6.1,3.7,3.9,2.2,4.1,5.1,6.8,6.1,3,2.3,5.1,4.1,3.2,4.5,4,4.2,4.2,4.8,11.5,2,5.1,2.9,4.3,3.1,,,,,,,,,,,,,,,,,,,,,,,,,,,,,,,,,,,,,,,,,26.6,26.8,27.5,26.9,26.5,26.9,26.2,26.4,26.6,25.9,27,24.8,26.5,26.5,26.6,26.5,26.2,26.1,25.3,25.6,26.5,27,26.1,26.5,27.3,26.7,26.5,26.5,26.5,26.3,26.3,71,80,78,77,74,70,75,79,58,77,65,66,76,69,80,78,71,69,75,73,69,76,53,60,80,81,77,78,71,72,78,0,0.2,0,0,0,0,0,0,0,0,0,0,0,0,0.1,0,0,0,0,0,0,0,0,0,0.1,0.1,0,0.1,0,0,0,13.5,21.1,17.1,15.8,15.5,11.3,14.8,18.2,10.8,21.7,10.2,16.8,16.9,11.5,16.8,20.3,16.8,14.9,22,20.6,12.3,18.5,14,9.4,19.9,34.8,17.3,16.3,16.6,15.7,22.5,14,24.8,19.8,17.6,16.9,12.2,16.2,20.2,11.5,25.2,11.5,17.3,19.4,12.2,18.7,23.8,18.4,16.2,24.1,21.6,13,21.6,14.8,11.2,24.1,40.3,18,18,16.6,16.9,24.5,,,,,,22.2204,114.2127
2026-10-11T04:00,26.4,26.5,27.2,26.9,26.2,26.7,26.9,26.8,25.8,25.8,26.4,26.4,26.4,26.4,26.4,26.1,26.8,26.6,27.5,26.2,26.9,26.5,26.1,24.8,25.7,27,25.5,27.4,26.1,26.5,26,25.8,26.2,27.3,24.5,26.9,25.7,25.5,26.1,27.1,79,75,72,73,78,85,68,75,74,81,75,76,74,79,79,82,77,79,73,76,79,71,81,70,82,79,75,81,83,73,79,84,79,70,55,74,79,85,79,77,0,0,0,0,0,0,0,0,0,0,0,0,0,0,0,0,0,0,0,0,0,0,0,0,0,0,0,0,0,0,0,0,0,0,0,0,0,0,0,0,6.3,4.3,2.9,5.2,4.4,5.1,1.6,2.6,2.9,5.9,5.6,2.9,5,5.4,3.8,4.4,6.8,4.3,3.9,2.4,4.5,5.5,7.6,6.5,3.6,2.6,5.1,4.5,4,5,4.4,4.5,4.8,5,12.2,2.4,5.4,3.2,4.7,3.3,,,,,,,,,,,,,,,,,,,,,,,,,,,,,,,,,,,,,,,,,26.4,26.7,27.3,26.8,26.4,26.7,26.1,26.1,26.4,25.8,26.9,24.7,26.4,26.4,26.4,26.4,26,25.9,25.2,25.3,26.4,26.7,25.8,26.6,27,26.6,26.2,26.3,26.2,26.2,26.1,73,81,77,78,74,69,76,80,58,78,67,67,77,70,81,79,73,71,76,74,71,77,53,59,81,81,78,79,68,74,79,0,0.2,0,0,0,0,0,0,0,0,0,0,0,0,0.1,0,0,0,0,0,0,0,0,0,0.1,0.1,0,0.1,0,0,0,15.1,23.5,18.1,17.4,16.1,12.5,15.6,19.8,12.1,23.5,11.5,18.3,18.6,12.7,17.8,22.3,17.5,17.1,22.7,21.4,14.2,18.9,14.3,11.2,21.6,34.5,19.2,17.1,15.8,17.3,23.4,15.5,27.4,20.5,19.1,17.3,13.3,16.6,21.6,12.6,26.3,13,18,20.9,13,19.4,25.9,18.4,18.4,24.8,22.7,15.1,22.7,14.8,13.3,25.9,40.7,20.2,18.7,16.2,18,25.6,,,,,,22.2204,114.2127
2026-10-11T05:00,26.4,26.4,27,26.9,26.1,26.6,26.9,26.8,25.9,25.7,26.3,26.3,26.4,26.3,26.4,26,26.8,26.6,27.5,26.3,26.9,26.4,26.1,24.6,25.7,27,25.4,27.4,26,26.6,26,25.8,26.2,27.3,24.2,26.7,25.6,25.5,26.1,27,79,75,72,73,78,85,68,74,73,81,75,76,74,79,78,82,77,78,73,76,78,70,82,70,83,79,76,80,83,72,79,84,79,70,56,75,80,85,79,77,0,0,0,0,0,0,0,0,0,0,0,0,0,0,0,0,0,0,0,0,0,0,0,0,0,0,0,0,0,0,0,0,0,0,0,0,0,0,0,0,6.6,4.7,3.3,5.5,4.8,5.4,1.9,2.9,3.1,6.5,6.1,3.3,5.9,5.5,4,4.5,7.2,5.1,4.6,2.3,4.8,5.7,7.9,6.7,4.3,2.9,5.2,5.4,4.4,5.2,4.6,4.8,5.4,5.6,12.6,2.7,5.9,3.4,5.1,3.3,,,,,,,,,,,,,,,,,,,,,,,,,,,,,,,,,,,,,,,,,26.2,26.6,27.2,26.8,26.3,26.6,26,26,26.2,25.7,26.7,24.7,26.3,26.3,26.2,26.4,25.8,25.8,25.1,25.1,26.4,26.6,25.6,26.5,26.9,26.6,26.1,26.1,26.1,26.1,26,74,81,76,78,74,68,76,80,57,79,68,67,77,70,80,80,73,73,76,75,72,78,53,58,81,80,79,79,66,75,79,0,0.2,0,0,0,0,0,0,0,0,0,0,0,0,0.1,0,0,0,0,0,0,0,0,0,0.1,0.1,0,0.1,0,0,0,16.1,25.5,18.8,18.5,16.6,13.4,16.5,21.2,12.9,24.8,12.8,19,19.2,13.5,18.5,23.7,17.8,18.5,23,22.2,16.1,19.7,14.3,12.9,22.9,34.2,20.4,17.8,15.3,17.9,24,16.2,29.2,20.9,20.5,17.6,14,16.6,23,13.3,27.4,13.7,18.7,21.2,13.7,19.4,27.7,18.4,19.1,24.8,23,16.9,23.4,15.1,14.8,27.4,40.7,21.6,19.4,15.8,18.4,25.9,,,,,,22.2204,114.2127
2026-10-11T06:00,26.5,26.4,26.9,26.9,26.1,26.6,26.8,26.8,25.9,25.7,26.1,26.3,26.4,26.3,26.3,26,26.8,26.6,27.4,26.3,26.9,26.4,26,24.5,25.6,27,25.3,27.4,26,26.6,26,25.8,26.2,27.3,24,26.6,25.5,25.5,26.1,26.9,78,74,72,73,77,85,67,74,73,81,74,76,73,79,78,82,77,77,72,76,78,69,82,70,83,79,76,80,84,72,79,83,79,70,57,76,81,86,78,77,0,0,0,0,0,0,0,0,0,0,0,0,0,0,0,0,0,0,0,0,0,0,0,0,0,0,0,0,0,0,0,0,0,0,0,0,0,0,0,0,7.1,4.9,3.3,6,5.4,5.8,2.2,3.2,2.9,6.8,6.6,3.3,6.1,5.5,4.3,5.2,7.7,5.4,4.8,2.8,5,6.2,8.4,7.1,4.7,3.4,4.8,6,4.7,5.6,4.7,5.4,5.6,5.8,13,3,6.1,3.8,5.6,3.3,,,,,,,,,,,,,,,,,,,,,,,,,,,,,,,,,,,,,,,,,26.1,26.6,27,26.7,26.2,26.5,25.9,25.9,26.1,25.6,26.5,24.6,26.2,26.2,26.2,26.4,25.7,25.6,25,25.1,26.3,26.5,25.5,26.4,26.9,26.6,25.9,26.1,26,26,25.9,74,80,74,78,73,67,76,80,56,79,69,67,77,70,77,80,72,73,75,75,73,78,53,57,80,79,79,78,64,75,79,0,0.1,0,0,0,0,0,0,0,0,0,0,0,0,0,0,0,0,0,0,0,0,0,0,0,0,0,0,0,0,0,16.4,26.2,18.6,19.4,16.8,14,16.5,22.3,13.8,24.8,13.8,19,18.8,13.9,18.1,24.5,17.6,18,22.4,21.9,17.1,20.1,14.5,14.1,23.9,33.6,21.1,18.1,15.1,17.5,23.8,16.6,29.9,20.2,21.2,18.4,14.8,16.2,24.5,14.4,27.7,14,18.7,20.5,13.7,18.7,28.8,18.4,18,23.8,22.7,18,24.1,15.5,16.2,28.8,40,22.3,19.8,15.5,18,25.2,,,,,,22.2204,114.2127
2026-10-11T07:00,26.5,26.4,26.8,26.8,26.1,26.6,26.8,26.9,26,25.6,26,26.2,26.4,26.3,26.3,26,26.8,26.5,27.4,26.4,26.9,26.4,26,24.4,25.6,27,25.2,27.4,25.9,26.6,26,25.8,26.2,27.2,23.9,26.5,25.4,25.5,26.1,26.9,78,74,73,73,77,85,67,74,72,81,74,77,73,79,78,82,77,76,72,76,77,69,82,70,83,79,77,79,85,72,79,83,79,70,57,76,82,86,78,77,0,0,0,0,0,0,0,0,0,0,0,0,0,0,0,0,0,0,0,0,0,0,0,0,0,0,0,0,0,0,0,0,0,0,0,0,0,0,0,0,7.8,5.4,3.3,6.3,5.6,5.8,2.5,3.6,3.1,6.8,6.9,2.9,6.9,5.7,4.3,5.4,7.9,5.8,5.4,3.1,5.4,6.6,8.8,7.4,5.1,3.8,4.9,6.4,5.1,5.8,5.2,5.6,6.1,6,13.3,3.3,6.1,3.8,5.9,3.3,,,,,,,,,,,,,,,,,,,,,,,,,,,,,,,,,,,,,,,,,26,26.7,26.9,26.6,26.2,26.4,25.9,25.9,26,25.5,26.3,24.5,26.1,26.2,26.2,26.4,25.6,25.5,25,25.1,26.1,26.4,25.4,26.1,26.9,26.8,25.8,26.1,25.9,26,25.9,73,79,73,78,72,65,75,78,55,78,71,67,76,71,73,79,71,72,73,73,74,77,53,57,79,78,79,77,62,74,78,0,0.1,0,0,0,0,0,0,0,0,0,0,0,0,0,0,0,0,0,0,0,0,0,0,0,0,0,0,0,0,0,16.6,26.4,17.9,19.8,16.9,14.5,16.5,22.9,14.2,24.2,14.5,18.5,18,14.2,16.9,24.7,17.1,16.5,20.8,21.6,18,20.2,14.9,15.4,24.7,32.9,21.1,18.7,14.8,16.4,23,16.6,29.5,19.4,21.6,18.7,15.1,15.8,25.9,15.5,28.1,14,18.4,19.1,13.3,17.6,29.2,18,16.2,22.3,22.3,18.4,24.8,15.5,16.9,30.6,38.5,22.3,20.2,15.5,17.3,23.8,,,,,,22.2204,114.2127
2026-10-11T08:00,26.5,26.4,26.7,26.8,26.1,26.6,26.8,26.9,26,25.6,26,26.1,26.4,26.2,26.3,26,26.8,26.5,27.4,26.4,26.9,26.4,25.9,24.4,25.6,27,25.2,27.4,25.9,26.6,26,25.8,26.2,27.2,23.8,26.4,25.4,25.5,26.1,26.8,78,74,73,73,77,85,67,74,72,81,74,77,73,79,78,82,77,76,72,76,77,69,82,70,83,79,77,79,85,72,79,83,79,70,58,77,82,86,78,77,0,0,0,0,0,0,0,0,0,0,0,0,0,0,0,0,0,0,0,0,0,0,0,0,0,0,0,0,0,0,0,0,0,0,0,0,0,0,0,0,7.8,5.4,3.3,6.3,5.6,5.8,2.5,3.6,3.3,6.8,6.9,2.9,6.9,5.7,4.3,5.4,8.2,5.8,5.4,3.1,5.4,6.6,8.8,7.4,5.1,3.8,4.6,6.7,5.1,5.8,5.3,5.9,6.1,6,13.7,3.3,6.1,3.8,5.9,3.3,,,,,,,,,,,,,,,,,,,,,,,,,,,,,,,,,,,,,,,,,26.1,26.8,27,26.6,26.3,26.4,26,26,26.2,25.6,26.3,24.6,26.2,26.2,26.3,26.5,25.7,25.6,25.2,25.2,26.1,26.5,25.5,26.1,27.1,26.9,25.9,26.2,26,26.1,26,71,78,71,77,70,63,74,77,53,77,71,66,75,70,69,77,69,70,70,72,74,76,53,56,78,77,78,75,60,72,76,0,0.1,0,0,0,0,0,0,0,0,0,0,0,0,0,0,0,0,0,0,0,0,0,0,0,0,0,0,0,0,0,16.3,26.7,17.1,19.8,17.1,14.7,16,23,14.1,23.4,14.8,17.6,17.1,13.8,15.8,25,16.6,14.3,19.7,20.6,18.4,20.5,14.6,15.7,25.4,31.9,20.8,18.9,14.6,15.5,21.9,16.2,29.5,18.4,21.6,19.4,15.5,15.5,26.3,15.8,27.4,14,17.3,17.3,13,16.9,29.2,17.6,14,20.9,21.2,18.7,25.6,15.5,17.6,31.3,37.1,22,20.2,15.1,16.2,22.3,,,,,,22.2204,114.2127
2026-10-11T09:00,26.5,26.4,26.7,26.8,26.1,26.6,26.8,26.9,26,25.6,26,26.1,26.4,26.2,26.4,26,26.9,26.5,27.4,26.4,26.9,26.4,25.9,24.5,25.6,27.1,25.2,27.4,25.9,26.6,26,25.8,26.2,27.2,23.9,26.4,25.5,25.5,26.1,26.8,78,74,74,73,77,85,67,74,72,81,74,77,73,79,78,82,77,76,72,76,77,69,82,70,83,79,77,79,85,72,79,83,79,70,58,78,82,86,78,77,0,0,0,0,0,0,0,0,0,0,0,0,0,0,0,0,0,0,0,0,0,0,0,0,0,0,0,0,0,0,0,0,0,0,0,0,0,0,0,0,7.8,5.4,2.9,6.3,5.4,5.4,2.5,3.6,3.3,6.5,6.9,2.5,6.9,5.7,4,5,8.5,5.4,5.4,3.1,5,6.6,8.8,7.1,4.7,3.8,4.3,6.7,4.7,5.8,5.3,5.9,6.1,6,13.7,3.3,5.9,3.4,5.9,3,,,,,,,,,,,,,,,,,,,,,,,,,,,,,,,,,,,,,,,,,26.4,26.9,27.2,26.9,26.7,26.6,26.2,26.2,26.6,25.8,26.5,24.9,26.5,26.5,26.6,26.7,25.9,26,25.5,25.4,26.3,26.7,25.9,26.3,27.3,27,26.1,26.5,26.2,26.4,26.2,69,76,70,75,67,61,73,75,51,74,70,64,73,67,65,75,66,66,67,70,72,74,52,55,76,76,76,72,59,69,74,0,0,0,0,0,0,0,0,0,0,0,0,0,0,0,0,0,0,0,0,0,0,0,0,0,0,0,0,0,0,0,15.8,26.7,16.5,19.5,17.1,15.1,15.8,22.9,13.5,22.2,14.4,16,15.8,13.3,15.2,24.4,16.1,11.5,18.9,19.6,18.4,21.1,13.8,15.8,25.5,30.6,20.3,18.6,14.3,14.8,20.6,15.8,29.5,17.6,20.9,19.8,15.5,15.1,25.6,15.1,25.9,13.3,15.5,15.5,12.2,16.2,28.1,17.3,12.2,19.8,20.2,18.4,25.9,15.1,17.3,31.3,35.6,20.9,19.4,14.8,15.1,20.5,,,,,,22.2204,114.2127
2026-10-11T10:00,26.6,26.4,26.6,26.8,26.1,26.6,26.7,26.9,25.9,25.6,26,26.1,26.4,26.2,26.4,26,26.9,26.5,27.4,26.4,26.8,26.4,25.9,24.6,25.6,27.1,25.3,27.4,25.9,26.6,26,25.9,26.2,27.2,24.1,26.4,25.5,25.5,26.1,26.7,78,74,74,74,77,85,68,74,72,81,75,78,74,79,78,82,78,76,72,76,77,69,82,70,83,79,78,79,85,73,79,83,80,71,59,78,82,86,79,77,0,0,0,0,0,0,0,0,0,0,0,0,0,0,0,0,0,0,0,0,0,0,0,0,0,0,0,0,0,0,0,0,0,0,0,0,0,0,0,0,7.6,5.5,2.6,6.1,5.1,4.7,2.3,3.2,3.3,5.9,6.6,2.2,6.9,5.5,3.8,4.8,8.3,5.1,5.4,2.8,4.8,6.5,8.6,6.9,4.3,3.5,4,6.5,4.3,5.6,5.3,5.6,5.9,5.8,14,3,5.6,3.2,5.6,2.7,,,,,,,,,,,,,,,,,,,,,,,,,,,,,,,,,,,,,,,,,26.8,27.1,27.6,27.3,27.2,27,26.5,26.6,27.2,26.2,26.8,25.4,26.9,27,27,27,26.3,26.6,26,25.8,26.6,27.1,26.5,26.7,27.5,27.1,26.5,26.9,26.5,26.9,26.4,66,74,69,72,64,60,71,72,49,71,68,61,69,64,61,72,63,61,63,68,70,72,50,54,74,75,73,69,58,65,70,0,0,0,0,0,0,0,0,0,0,0,0,0,0,0,0,0,0,0,0,0,0,0,0,0,0,0,0,0,0,0,15,26.2,15.9,19,16.4,15.3,15.5,22.4,12.4,20.6,13.8,14,13.8,12.5,14.8,23.2,15.6,8.9,17.9,18.1,17.9,21.3,12.8,15.5,25.2,29,19.2,17.9,13.8,14.1,18.8,15.5,29.5,17.3,20.2,20.2,15.5,14.8,24.1,14,23.4,12.6,13.3,13.7,11.9,15.8,26.6,16.9,10.8,18.7,18.7,18,26.3,14.4,16.6,30.6,33.8,19.4,18.4,14,14.4,18.4,,,,,,22.2204,114.2127
2026-10-11T11:00,26.6,26.4,26.6,26.9,26.1,26.6,26.7,26.9,25.9,25.6,26.1,26,26.4,26.2,26.5,26.1,27,26.6,27.5,26.4,26.8,26.4,25.9,24.9,25.6,27.2,25.5,27.3,25.9,26.6,26,25.9,26.2,27.2,24.4,26.3,25.6,25.5,26.1,26.7,79,74,75,74,77,85,69,75,73,81,75,78,74,79,79,81,78,77,73,76,78,70,83,70,84,80,78,79,85,74,79,83,80,72,59,79,82,86,79,77,0,0,0,0,0,0,0,0,0,0,0,0,0,0,0,0,0,0,0,0,0,0,0,0,0,0,0,0,0,0,0,0,0,0,0,0,0,0,0,0,7.2,5.6,2.3,6,4.9,4,1.8,2.5,3.1,5.4,6.4,1.4,6.5,5,3.7,4.2,8.2,4.3,5.1,2.8,4.4,6.5,7.9,6.5,3.6,3.2,3.6,6,3.6,5.5,5.2,5.4,5.7,5.3,14,2.4,5.1,2.6,5.4,2.1,,,,,,,,,,,,,,,,,,,,,,,,,,,,,,,,,,,,,,,,,27.1,27.3,27.9,27.6,27.7,27.3,26.8,26.9,27.7,26.6,27.1,25.8,27.3,27.4,27.3,27.2,26.6,27.1,26.4,26.1,26.9,27.4,27,27.1,27.7,27.2,26.8,27.2,26.8,27.2,26.7,63,73,68,70,61,59,69,70,47,68,66,58,67,61,59,69,61,57,60,66,68,70,49,54,73,74,70,67,57,62,68,0,0,0,0,0,0,0,0,0,0,0,0,0,0,0,0,0,0,0,0,0,0,0,0,0,0,0,0,0,0,0,14.1,26.1,15.3,18.5,16.3,15.1,14.9,21.3,11,19.1,13.1,11.9,12.4,11.8,14.3,21.8,15.1,7.4,16.8,17.2,17.6,21.8,11.7,14.8,25,27.7,18.4,17.5,13.5,12.9,17.2,14.8,29.5,16.6,19.4,20.5,15.5,14,22.3,13,21.2,11.9,11.5,12.6,11.2,15.5,25.2,16.6,9.7,17.6,17.3,17.6,26.6,13.7,15.8,29.5,32.4,18.4,17.6,13.7,13.3,16.6,,,,,,22.2204,114.2127
2026-10-11T12:00,26.6,26.3,26.6,26.9,26.1,26.6,26.7,26.9,25.9,25.6,26.2,26,26.5,26.2,26.6,26.1,27.1,26.6,27.5,26.3,26.7,26.5,25.9,25.2,25.6,27.2,25.7,27.3,25.9,26.6,25.9,25.9,26.2,27.2,24.8,26.4,25.8,25.5,26.1,26.6,79,74,76,75,77,85,71,75,73,81,76,78,75,79,79,81,79,78,73,77,78,71,83,70,84,80,79,80,85,75,79,83,81,73,59,79,81,86,80,77,0,0,0,0,0,0,0,0,0,0,0,0,0,0,0,0,0,0,0,0,0,0,0,0,0,0,0,0,0,0,0,0,0,0,0,0,0,0,0,0,7,5.4,1.8,5.7,4.5,3.1,1.8,2.2,2.9,4.7,6.2,0.8,6.4,4.7,3.6,3.6,8,3.3,5.2,2.6,4.1,6.4,7.6,5.8,2.9,2.8,3.1,5.5,3,5.4,5,5.1,5.3,5,13.7,2.1,5,2.3,5,2,,,,,,,,,,,,,,,,,,,,,,,,,,,,,,,,,,,,,,,,,27.4,27.3,28.1,27.8,27.9,27.5,27.1,27.2,28.1,26.9,27.3,26.1,27.4,27.6,27.5,27.4,26.8,27.5,26.5,26.2,27.1,27.4,27.3,27.3,27.8,27.3,27,27.4,26.9,27.5,26.8,61,72,67,69,60,59,67,68,46,66,65,57,66,60,59,67,61,54,59,65,67,70,49,55,72,73,68,66,57,60,67,0,0,0,0,0,0,0,0,0,0,0,0,0,0,0,0,0,0,0,0,0,0,0,0,0,0,0,0,0,0,0,12.8,25.8,13.9,18.3,16.4,14.1,13.9,19.2,9.8,17.5,12.1,10.5,11.4,10.4,13.4,20.9,15,7,15.6,16.2,17.4,22.1,10.7,13.6,24,26.3,17.3,16.9,13.7,11.6,15.6,14,29.2,15.5,19.1,20.5,15.5,13,20.2,12.2,19.1,11.5,10.4,12.2,10.8,15.1,24.1,16.6,9.4,16.6,16.2,17.6,27,13.3,15.5,28.1,30.6,17.6,17.6,14,12.6,15.5,,,,,,22.2204,114.2127
2026-10-11T13:00,26.6,26.3,26.6,26.9,26.1,26.6,26.7,26.9,25.8,25.7,26.3,26,26.5,26.2,26.7,26.1,27.2,26.6,27.6,26.3,26.7,26.5,25.9,25.5,25.6,27.3,25.9,27.3,25.9,26.6,25.9,25.9,26.3,27.2,25.3,26.4,25.9,25.5,26,26.5,79,74,77,76,77,84,72,76,74,81,77,78,76,79,79,81,79,79,74,77,79,71,83,69,84,80,79,80,85,76,78,83,81,74,58,80,81,86,80,76,0,0,0,0,0,0,0,0,0,0,0,0,0,0,0,0,0,0,0,0,0,0,0,0,0,0,0,0,0,0,0,0,0,0,0,0,0,0,0,0,6.7,5.6,1.8,5.6,4.2,2.3,1.8,1.6,3.2,4.1,5.8,0.7,6.2,4.6,3.7,3.2,8.1,2.4,5.2,2.4,3.9,6.3,7,5.4,2.1,2.8,2.9,5.1,2.1,5.2,4.5,4.9,5,4.5,13.7,1.8,4.6,2.3,4.7,1.6,,,,,,,,,,,,,,,,,,,,,,,,,,,,,,,,,,,,,,,,,27.7,27.4,28.3,27.9,28.1,27.7,27.3,27.4,28.4,27.2,27.5,26.4,27.5,27.8,27.6,27.5,26.8,27.9,26.6,26.4,27.2,27.4,27.6,27.4,27.9,27.4,27.2,27.6,26.9,27.6,27,60,72,66,68,60,59,66,66,46,65,65,56,65,59,59,66,62,51,59,64,66,71,49,56,72,73,66,65,57,59,66,0,0,0,0,0,0,0,0,0,0,0,0,0,0,0,0,0,0,0,0,0,0,0,0,0,0,0,0,0,0,0,11.6,25.6,12.4,17.8,16.8,13.9,12.8,17.1,8.9,15.8,11.5,9.4,11.2,9.4,13.1,20.1,14.8,7.2,14.9,15.2,17.7,22.3,10.6,13.1,22.9,25.1,16.8,16.9,13.8,10.7,14.6,13,28.8,14,19.1,20.9,15.5,12.2,18,11.5,17.3,11.5,10.1,12.2,10.4,15.1,23.4,16.6,9.4,15.8,15.1,17.6,27.4,13.3,15.1,26.3,29.2,17.3,17.6,14.4,11.9,14.4,,,,,,22.2204,114.2127
2026-10-11T14:00,26.6,26.3,26.6,27,26.1,26.6,26.7,27,25.7,25.7,26.5,26,26.5,26.2,26.9,26.2,27.3,26.6,27.7,26.3,26.7,26.5,25.9,25.9,25.7,27.3,26.1,27.3,26,26.6,25.8,25.9,26.3,27.2,25.7,26.4,26.1,25.5,26,26.5,80,75,78,76,77,84,74,76,75,82,78,79,77,80,80,81,80,80,75,77,79,72,83,69,84,80,80,80,84,77,78,83,82,75,58,80,80,87,81,76,0,0,0,0,0,0,0,0,0,0,0,0,0,0,0,0,0,0,0,0,0,0,0,0,0,0,0,0,0,0,0,0,0,0,0,0,0,0,0,0,6.2,5.8,1.5,5.4,4,1.8,2.2,1.3,3.1,4.3,5.5,1,6.2,4,4.1,3.3,7.8,2.1,5,2.5,4.1,5.8,6.4,5.2,1.6,2.7,3,4.9,1.9,5.1,4.4,4.5,4.8,4.3,13.7,1.8,4.4,2.2,4.8,1.8,,,,,,,,,,,,,,,,,,,,,,,,,,,,,,,,,,,,,,,,,27.9,27.4,28.4,27.9,28.2,27.8,27.5,27.6,28.5,27.4,27.5,26.6,27.6,27.9,27.7,27.6,26.8,28.1,26.6,26.4,27.3,27.4,27.8,27.5,27.9,27.4,27.3,27.7,27,27.7,27.1,59,72,65,68,60,59,65,65,46,64,65,55,65,58,60,65,63,50,59,63,66,72,50,57,72,73,65,65,57,58,65,0,0,0,0,0,0,0,0,0,0,0,0,0,0,0,0,0,0,0,0,0,0,0,0,0,0,0,0,0,0,0,11.4,25.3,11.9,17.9,17.5,14,11.9,15.5,8.2,14.8,11.2,8.5,11.6,8.8,13.3,19.7,15.2,7.1,14.7,14.4,17.8,22.5,10.8,13,22,24,16.6,17.4,13.8,9.8,14,12.6,28.4,13.3,19.1,20.9,15.8,11.5,16.6,10.8,15.8,11.2,9.7,12.6,10.1,15.1,23,16.2,9.7,15.5,14.4,17.6,27.4,13.7,14.8,25.2,27.7,16.9,18.4,14.8,11.2,14,,,,,,22.2204,114.2127
2026-10-11T15:00,26.6,26.2,26.6,27,26.1,26.6,26.7,27,25.7,25.8,26.6,26,26.5,26.1,27,26.3,27.4,26.7,27.8,26.2,26.6,26.6,25.9,26.3,25.7,27.4,26.3,27.3,26,26.6,25.8,25.9,26.3,27.2,26.2,26.4,26.3,25.6,26,26.4,80,75,79,77,77,84,76,77,75,82,79,79,78,80,80,80,81,81,75,77,80,73,83,69,85,81,80,81,84,78,78,83,83,76,58,81,80,86,82,76,0,0,0,0,0,0,0,0,0,0,0,0,0,0,0,0,0,0,0,0,0,0,0,0,0,0,0,0,0,0,0,0,0,0,0,0,0,0,0,0,6.1,5.8,1.8,5.4,4.4,2.3,2.6,1.4,2.9,4.6,5.6,1.8,6.1,4,5.1,3.7,8,2.2,5.2,2.5,4.3,5.8,6.2,4.7,1.8,2.9,3.2,5,2.2,4.7,4.3,4.2,4.7,4,13.4,1.8,4.3,2.7,4.7,1.9,,,,,,,,,,,,,,,,,,,,,,,,,,,,,,,,,,,,,,,,,27.9,27.4,28.4,28,28.2,28,27.5,27.7,28.5,27.5,27.4,26.6,27.6,27.9,27.8,27.6,26.8,28,26.8,26.5,27.3,27.5,27.8,27.6,28,27.5,27.4,27.8,27,27.7,27.2,58,72,65,68,61,59,64,64,46,64,65,54,64,57,60,66,63,50,59,62,65,72,52,58,73,73,64,65,57,58,64,0,0,0,0,0,0,0,0,0,0,0,0,0,0,0,0,0,0,0,0,0,0,0,0,0,0,0,0,0,0,0,11.5,24.6,12.8,18,17.8,14.5,11.5,15.7,6.9,14.1,10.1,8,11.9,8.3,13.8,20.1,14.8,7.2,14.9,13.7,18,22,11.3,12.3,21.9,23.6,16.9,18.6,12.7,9,13.8,13,28.1,14,19.4,21.2,16.6,11.9,16.6,10.1,15.5,10.4,9.7,13,9.7,15.8,23,15.5,10.1,15.8,14,18.4,27,14.4,14,25.2,26.6,16.9,19.8,14.4,10.8,14,,,,,,22.2204,114.2127
2026-10-11T16:00,26.6,26.2,26.6,27,26.1,26.6,26.6,27,25.6,25.8,26.7,26,26.5,26.1,27.1,26.3,27.5,26.7,27.8,26.2,26.6,26.6,25.9,26.6,25.7,27.5,26.5,27.3,26,26.6,25.7,26,26.3,27.2,26.6,26.4,26.4,25.6,25.9,26.4,80,75,80,78,77,84,77,77,76,82,80,79,79,80,81,80,81,82,76,77,81,74,84,69,85,81,81,81,84,79,78,83,83,77,58,81,79,86,82,76,0,0,0,0,0,0,0,0,0,0,0,0,0,0,0,0,0,0,0,0,0,0,0,0,0,0,0,0,0,0,0,0,0,0,0,0,0,0,0,0,6.1,6.2,2.3,5.4,4.6,2.8,3.2,1.8,3.2,5.2,5.4,2.6,6.2,3.6,5.8,4.3,7.9,3,5.4,3,4.7,5.8,5.8,4.7,2.4,3.3,3.3,5.1,3.1,4.7,4,4,5.1,4.1,13.4,2.4,4.5,3.4,4.7,2.6,,,,,,,,,,,,,,,,,,,,,,,,,,,,,,,,,,,,,,,,,27.9,27.4,28.5,28.1,28.1,28.1,27.4,27.7,28.3,27.4,27.3,26.6,27.6,28,28,27.5,26.8,27.6,27,26.4,27.3,27.6,27.8,27.5,28.1,27.5,27.4,27.8,27.1,27.6,27.2,58,73,66,69,63,59,64,64,47,64,64,53,63,55,60,68,62,52,58,62,65,72,54,58,74,74,64,66,56,58,63,0,0,0,0,0,0,0,0,0,0,0,0,0,0,0,0,0,0,0,0,0,0,0,0,0,0,0,0,0,0,0,11.9,24.3,14.4,18.7,17.9,15.1,11.1,16.3,5.6,14.4,9.4,7.9,12,7.6,14.1,20.6,13.7,8.8,15.6,13,18,21.8,12.2,11.4,22.4,23.3,17.4,20.7,11.3,8.7,13.5,13.7,27.7,15.8,20.5,21.2,17.6,12.6,17.3,9.4,15.8,9.4,10.4,13.7,9.7,16.9,23,14.8,10.8,16.6,13.7,19.1,26.3,15.1,13,25.9,26.3,17.6,21.6,13.7,10.4,14.4,,,,,,22.2204,114.2127
2026-10-11T17:00,26.6,26.2,26.6,27.1,26.1,26.6,26.6,26.9,25.5,25.9,26.9,26,26.5,26.1,27.2,26.4,27.6,26.7,27.9,26.2,26.5,26.6,25.9,26.9,25.8,27.5,26.7,27.3,26.1,26.6,25.7,26,26.3,27.2,27,26.5,26.5,25.6,25.9,26.3,81,75,81,78,77,84,79,78,77,82,81,79,79,80,81,80,82,83,76,77,81,74,84,69,85,81,81,81,84,80,78,83,84,78,58,81,79,86,83,75,0,0,0,0,0,0,0,0,0,0,0,0,0,0,0,0,0,0,0,0,0,0,0,0,0,0,0,0,0,0,0,0,0,0,0,0,0,0,0,0,5.9,6.2,2.6,5.5,4.8,3.8,3.9,2.4,3.3,6.1,5.4,3.2,6.6,3.8,6.5,5,8.3,3.7,5.4,3.1,5.2,5.8,5.4,5,3.3,3.8,3.9,5.4,3.7,4.8,4,4.3,5.2,3.9,13.4,2.9,4.7,4.1,4.9,3.3,,,,,,,,,,,,,,,,,,,,,,,,,,,,,,,,,,,,,,,,,27.8,27.4,28.4,28.1,28,28.1,27.3,27.7,28.2,27.4,27.1,26.6,27.6,28,28,27.4,26.8,27.3,27.1,26.4,27.2,27.7,27.7,27.5,28.1,27.5,27.4,27.8,27.2,27.5,27.2,59,73,67,70,65,60,64,65,48,64,64,53,63,55,61,70,62,54,59,62,65,72,56,58,75,75,65,67,56,58,63,0,0,0,0,0,0,0,0,0,0,0,0,0,0,0,0,0,0,0,0,0,0,0,0,0,0,0,0,0,0,0,12.8,23.5,16,19.5,18.1,15.8,11,17.3,5.1,14.6,9,8,12.6,8.2,14.5,21.3,13.3,11.2,16.3,13.4,18,21.3,13.4,10.6,22.2,22.9,18.1,21.7,9.9,9.2,14,14.8,27.4,17.6,21.2,22,18.7,13,18.4,9.4,16.2,8.3,10.8,14.4,10.4,17.3,23.4,14.4,11.9,17.6,14,19.4,25.9,16.2,11.5,26.3,25.9,18.4,23,13.3,10.4,15.1,,,,,,22.2204,114.2127
2026-10-11T18:00,26.6,26.1,26.7,27.1,26,26.6,26.6,26.9,25.5,25.9,27,25.9,26.5,26.1,27.3,26.4,27.7,26.7,27.9,26.1,26.5,26.7,25.9,27.1,25.8,27.5,26.9,27.3,26.1,26.6,25.7,26,26.4,27.2,27.3,26.5,26.6,25.6,25.9,26.3,81,76,81,79,77,83,80,78,77,82,81,80,80,80,81,80,82,83,77,78,82,75,84,69,85,81,82,82,83,81,78,83,84,79,59,82,78,86,83,75,0,0,0,0,0,0,0,0,0,0,0,0,0,0,0,0,0,0,0,0,0,0,0,0,0,0,0,0,0,0,0,0,0,0,0,0,0,0,0,0,6,6.7,3.1,5.7,5.5,4.6,4.4,2.9,3.3,6.6,5.4,3.7,6.7,3.9,7.3,5.4,8.3,4.7,5.8,3.5,5.7,5.4,5.5,5.2,4.1,4.2,4.3,5.8,4.4,4.9,4.1,4.3,5.5,4.2,13.5,3.3,5,4.6,5.2,3.6,,,,,,,,,,,,,,,,,,,,,,,,,,,,,,,,,,,,,,,,,27.7,27.4,28.3,27.9,27.9,28.1,27.2,27.7,28.1,27.4,27,26.6,27.6,28,27.9,27.3,26.8,27,27,26.4,27.1,27.6,27.7,27.4,28,27.4,27.2,27.5,27.3,27.6,27.1,61,74,69,72,68,62,64,67,50,65,64,53,64,56,63,72,63,56,62,63,66,73,59,58,77,76,68,70,55,59,65,0,0,0,0,0,0,0,0,0,0,0,0,0,0,0,0,0,0,0,0,0,0,0,0,0,0,0,0,0,0,0,14.6,22.3,17.3,20.3,19.1,16.6,10.6,18,5.6,14.7,8.7,8.3,13.3,10,14.7,21.6,14,13.6,17.6,14.9,17.4,21.3,14.9,9.4,21.3,22.9,19.2,22,9.4,10,15.8,16.2,26.3,19.4,22.3,23,19.4,12.2,19.4,10.1,16.2,7.6,10.8,14.4,12.6,16.9,24.1,15.1,13.7,19.1,15.5,18.7,25.9,17.3,10.1,25.9,26.3,19.8,23.8,13.3,11.2,16.6,,,,,,22.2204,114.2127
2026-10-11T19:00,26.5,26.1,26.7,27.1,26,26.7,26.6,26.9,25.5,25.9,27,25.9,26.5,26.1,27.3,26.4,27.7,26.8,28,26.1,26.5,26.7,25.9,27.3,25.8,27.6,27,27.3,26.1,26.6,25.7,26,26.4,27.2,27.5,26.5,26.7,25.6,25.8,26.2,81,76,82,80,77,83,81,78,78,82,82,80,81,81,82,79,83,84,77,78,82,76,84,70,85,81,82,82,83,82,78,83,85,80,59,82,78,86,84,75,0,0,0,0,0,0,0,0,0,0,0,0,0,0,0,0,0,0,0,0,0,0,0,0,0,0,0,0,0,0,0,0,0,0,0,0,0,0,0,0,6.2,7.2,3.6,5.8,5.7,4.9,4.9,3.4,3.3,7.4,5.8,4,7,3.7,8.1,5.9,8.7,5.2,5.9,3.7,6.3,5.9,5.2,5.5,4.3,4.3,4.5,6.2,4.9,5,4.2,4.7,6,4.1,13.6,3.8,4.9,5.1,5.3,4.1,,,,,,,,,,,,,,,,,,,,,,,,,,,,,,,,,,,,,,,,,27.6,27.3,28.1,27.6,27.8,27.9,27.2,27.6,28.1,27.3,26.9,26.7,27.4,27.9,27.7,27.3,26.9,26.8,26.8,26.3,27,27.5,27.6,27.3,27.9,27.3,26.9,27.2,27.4,27.6,26.9,64,74,72,76,71,65,64,69,52,66,63,52,65,58,66,73,65,58,65,65,67,75,61,58,79,78,71,74,54,60,69,0,0,0,0,0,0,0,0,0,0,0,0,0,0,0,0,0,0,0,0,0,0,0,0,0,0,0,0,0,0,0,16.7,21.2,18.8,21.1,20.5,17.7,10.1,19.1,7.1,14.8,8.2,8.6,14.1,12.4,14.5,22,15.1,15.5,19.5,17.1,16.5,21,15.9,7.3,20.2,23.2,20.2,21.6,8.9,11.3,18.2,17.6,25.2,20.9,23,24.1,20.2,11.2,20.9,11.2,15.8,7.2,10.8,14.8,15.1,16.2,25.6,16.6,15.8,21.2,17.3,18,26.3,18.7,8.3,24.8,27.4,21.2,23.8,13.7,12.6,18.7,,,,,,22.2204,114.2127
2026-10-11T20:00,26.5,26.1,26.7,27.1,26,26.7,26.6,26.9,25.4,25.9,27.1,25.9,26.5,26.1,27.4,26.4,27.7,26.8,28,26.1,26.4,26.7,25.9,27.4,25.8,27.6,27.1,27.3,26.1,26.6,25.7,26,26.4,27.2,27.5,26.6,26.7,25.6,25.8,26.2,81,76,82,80,77,83,82,78,78,82,82,80,81,81,82,79,83,84,77,78,82,76,84,70,85,81,82,82,83,82,78,83,85,80,60,82,78,86,84,75,0,0,0,0,0,0,0,0,0,0,0,0,0,0,0,0,0,0,0,0,0,0,0,0,0,0,0,0,0,0,0,0,0,0,0,0,0,0,0,0,6.2,7.2,3.6,5.8,6.2,5.2,4.9,3.9,3.3,7.7,5.8,4,7,3.7,8.5,6.1,8.7,5.7,6.2,4,6.3,5.9,5.4,5.5,4.8,4.7,4.8,6.6,5.4,5,4.2,4.8,6,4.1,13.6,3.8,4.9,5.6,5.3,4.3,,,,,,,,,,,,,,,,,,,,,,,,,,,,,,,,,,,,,,,,,27.5,27.3,27.9,27.4,27.7,27.8,27.1,27.6,28,27.3,26.9,26.7,27.3,27.8,27.5,27.2,26.9,26.5,26.6,26.3,26.9,27.5,27.5,27.3,27.8,27.3,26.7,27,27.5,27.6,26.7,67,75,74,78,73,68,64,71,54,68,63,53,66,60,69,75,67,61,69,67,68,76,64,58,80,79,74,77,54,61,72,0,0,0,0,0,0,0,0,0,0,0,0,0,0,0,0,0,0,0,0,0,0,0,0,0,0,0,0,0,0,0,18.4,20.2,19.5,21.4,22,18.1,9.8,19.8,8.2,15,8.2,9.4,14.5,14.5,13.8,22.3,16.2,16.9,20.7,19.2,15.5,20.7,16.9,5.7,19.5,23.5,20.9,21.2,8.7,12.5,20,19.4,24.1,22,23.8,25.6,20.5,10.1,22,11.9,16.2,7.2,11.5,14.8,17.6,15.1,26.3,17.6,17.6,22.7,19.4,16.9,26.3,19.8,6.8,24.5,28.1,22.7,23.8,13.7,14,20.5,,,,,,22.2204,114.2127
2026-10-11T21:00,26.5,26,26.7,27.1,26,26.7,26.6,26.8,25.4,25.9,27.1,25.9,26.5,26.1,27.4,26.4,27.7,26.8,28,26.1,26.4,26.7,25.9,27.4,25.8,27.6,27.2,27.3,26.1,26.6,25.7,26,26.4,27.2,27.5,26.6,26.7,25.6,25.8,26.2,81,76,82,80,77,83,83,78,78,82,82,80,81,82,82,79,83,84,77,78,82,76,84,71,85,81,82,82,83,82,78,83,85,80,61,82,78,86,84,75,0,0,0,0,0,0,0,0,0,0,0,0,0,0,0,0,0,0,0,0,0,0,0,0,0,0,0,0,0,0,0,0,0,0,0.2,0,0,0,0,0,6.2,7.2,3.6,5.8,6.5,5.2,4.9,4.2,3.3,7.7,5.8,4,7,3.7,8.8,6.1,8.7,6,6.6,4.3,6.3,6.2,5.4,5.5,4.8,5,5.2,6.6,5.7,5,4.2,5.2,6,4.1,13.9,3.8,4.6,5.9,5.3,4.3,,,,,,,,,,,,,,,,,,,,,,,,,,,,,,,,,,,,,,,,,27.3,27.2,27.7,27.3,27.5,27.6,27.1,27.5,27.8,27.2,26.8,26.7,27.2,27.6,27.3,27.1,26.9,26.4,26.4,26.2,26.8,27.5,27.4,27.2,27.8,27.3,26.6,26.9,27.4,27.5,26.6,71,75,76,79,75,71,65,73,54,70,64,55,68,64,70,77,69,64,72,70,69,77,67,58,80,80,75,79,54,63,74,0,0,0,0,0,0,0,0,0,0,0,0,0,0,0,0,0,0,0,0,0,0,0,0,0,0,0,0,0,0,0,19.4,19.8,19.1,21,22.7,17.7,9.7,20.2,8,16,8.7,11.2,14.7,16.3,12.9,22.3,16.6,17,20.9,20.5,15.1,20.1,17.6,4.6,19.1,23.5,21.2,20.5,8.2,13.7,20.2,21.2,23.8,22,23.8,27,20.2,9.7,22.7,11.9,17.6,7.9,13,15.1,19.4,13.7,26.6,18.4,18.7,23.8,22,16.6,25.6,20.9,5.8,24.5,28.4,23.8,23.4,13.7,15.8,21.6,,,,,,22.2204,114.2127
2026-10-11T22:00,26.5,26,26.7,27.1,26,26.7,26.5,26.8,25.4,25.9,27.1,25.9,26.5,26.1,27.4,26.4,27.7,26.8,27.9,26.1,26.4,26.6,25.9,27.2,25.8,27.5,27.2,27.3,26.1,26.6,25.7,25.9,26.4,27.2,27.3,26.6,26.6,25.6,25.8,26.2,81,76,81,81,77,83,83,77,78,82,82,80,81,82,83,78,83,84,76,78,82,76,84,72,85,80,82,82,83,82,78,82,85,80,62,82,79,85,84,75,0,0,0,0,0,0,0,0,0,0,0,0,0,0,0,0,0,0,0,0,0,0,0,0,0,0,0,0,0,0,0,0,0,0,0.2,0,0,0,0,0,6.4,7.5,3.7,6,6.6,4.7,4.7,4.2,3.3,7.6,6.1,3.5,6.8,3.2,9.1,5.9,9,6.1,6.6,4.2,5.8,6.6,5.2,5.6,4.8,4.9,5,6.9,5.5,4.9,4.5,5.2,6.2,3.6,13.9,3.6,3.9,6,4.8,4.3,,,,,,,,,,,,,,,,,,,,,,,,,,,,,,,,,,,,,,,,,27.1,27.2,27.6,27.2,27.4,27.5,27,27.4,27.7,27,26.7,26.6,27,27.3,27.2,27,26.8,26.3,26.3,26,26.7,27.5,27.4,27.2,27.8,27.4,26.5,26.9,27.3,27.3,26.4,75,76,78,79,76,73,66,75,53,73,65,58,70,68,71,79,71,66,75,73,70,77,70,59,80,80,76,79,55,66,76,0,0,0,0,0,0,0,0,0,0,0,0,0,0,0,0,0,0,0,0,0,0,0,0,0,0,0,0,0,0,0,20.2,19.8,18,19.8,23.4,16.6,9.6,20.6,7.3,17.7,9.2,13.5,14.8,18.1,11.3,22,17,16.9,20.9,22,14.3,19.1,18.1,3.6,19.1,23.1,21.3,19.9,7.7,15.2,20.2,22.7,24.1,21.2,23,28.8,19.4,9.4,23.4,11.2,19.4,9.4,15.1,15.8,20.5,11.9,26.3,19.1,19.1,24.1,24.5,16.2,24.8,21.6,5,24.8,28.8,24.5,23,13.7,17.6,22.7,,,,,,22.2204,114.2127
2026-10-11T23:00,26.4,26,26.7,27.1,26,26.7,26.5,26.7,25.4,25.9,27,25.9,26.5,26.1,27.3,26.4,27.6,26.8,27.9,26.2,26.4,26.6,25.8,27,25.9,27.5,27.2,27.4,26.1,26.6,25.8,25.9,26.3,27.2,27,26.7,26.4,25.6,25.8,26.2,80,76,81,81,76,83,83,76,79,82,82,80,81,83,83,78,83,83,75,79,81,76,84,73,84,79,82,82,83,82,79,82,85,79,64,82,79,85,84,75,0,0,0,0,0,0,0,0,0,0,0,0,0,0,0,0,0,0,0,0,0,0,0,0,0,0,0,0,0,0,0,0,0,0,0.2,0,0,0,0,0,6.2,7.4,3.5,5.9,6.6,4.1,4.8,4.3,2.9,7.7,6.5,2.9,6.6,3.1,9.1,5.2,9,5.8,6.9,4.6,5.6,6.9,5.2,5.4,4.6,5.2,5.2,6.9,5.2,5.2,4.4,5.4,6.3,3.4,14.2,3.4,3.4,6.4,4.2,4.1,,,,,,,,,,,,,,,,,,,,,,,,,,,,,,,,,,,,,,,,,26.9,27.2,27.5,27.1,27.2,27.4,26.9,27.3,27.5,26.9,26.7,26.5,26.9,27,27.1,26.9,26.8,26.2,26.2,25.9,26.6,27.5,27.3,27.2,27.8,27.4,26.4,26.9,27.2,27.2,26.3,78,76,79,79,77,75,67,77,53,75,66,61,72,72,72,81,73,69,77,76,71,78,72,59,80,80,77,80,56,69,77,0,0,0,0,0,0,0,0,0,0,0,0,0,0,0,0,0,0,0,0,0,0,0,0,0,0,0,0,0,0,0,20.7,19.8,17,19.1,24.2,15.9,9.3,20.6,7.3,18.4,9.4,15.3,15,19.1,9.6,22,17.5,17.3,20.7,23.2,13.8,18.6,18.2,2.8,19.6,23.1,21.8,19.6,7.7,16.6,20.6,24.1,24.1,20.5,22.7,30.2,19.1,9.4,24.1,10.8,20.5,9.7,16.6,16.6,21.6,10.1,26.3,19.8,20.2,24.5,26.3,15.5,24.5,22,4.3,25.6,28.8,25.6,22.7,13.7,19.4,23.8,,,,,,22.2204,114.2127
2026-10-12T00:00,26.4,26,26.8,27.1,25.9,26.8,26.5,26.6,25.4,25.8,27,25.8,26.5,26,27.3,26.3,27.5,26.8,27.8,26.2,26.4,26.5,25.8,26.8,25.9,27.4,27.2,27.4,26.2,26.6,25.8,25.9,26.3,27.2,26.7,26.7,26.3,25.7,25.8,26.3,80,77,80,81,76,82,83,75,79,82,81,81,81,84,83,78,83,83,75,79,81,76,83,74,84,78,82,82,83,82,79,82,85,79,65,81,80,85,84,75,0,0,0,0,0,0,0,0,0,0,0,0,0,0,0,0,0,0,0,0,0,0,0,0,0,0,0,0,0,0,0,0,0,0,0.2,0,0,0,0,0,6.1,7.3,3.4,6.2,6.7,3.3,4.7,4.2,2.9,7,6.5,2.4,6.2,2.9,9,4.5,9.4,5.9,6.8,4.8,5.1,7.2,5.1,5.5,4.2,5.1,5.1,6.8,5,5.1,4.7,5.8,6.5,3.2,14.2,3.2,2.3,6.5,4,3.6,,,,,,,,,,,,,,,,,,,,,,,,,,,,,,,,,,,,,,,,,26.8,27.1,27.5,27.1,27.1,27.3,26.8,27.2,27.3,26.8,26.6,26.4,26.8,26.8,27,26.8,26.7,26.1,26.1,25.7,26.5,27.5,27.2,27.1,27.7,27.3,26.3,26.8,27,27,26.1,79,77,80,79,78,76,68,78,54,77,66,63,73,75,72,81,74,72,78,78,71,79,74,59,80,80,79,81,56,71,78,0,0,0.2,0,0,0.1,0,0,0,0,0,0,0,0,0,0,0,0,0,0,0,0.1,0,0,0,0,0,0.1,0,0,0,20.8,19.2,16.4,18.9,25.4,15.7,8.7,20.6,8,17.7,7.8,15.9,14.8,19.5,7.6,22,17.8,18.8,20.6,23.6,12.6,18.8,18.1,1.3,20,22.8,23.2,19.7,8.4,17.7,22.1,24.5,23.4,19.8,22.7,31.7,19.1,9,24.5,10.8,20.2,8.6,17.3,16.9,22,8.6,26.6,20.5,21.6,24.5,26.6,14.4,24.5,21.6,3.6,26.3,28.8,27,22.7,13.7,20.2,25.2,,,,,,22.2204,114.2127
2026-10-12T01:00,26.3,25.9,26.8,27.1,25.9,26.8,26.5,26.5,25.4,25.8,26.9,25.8,26.4,26,27.2,26.3,27.4,26.8,27.7,26.2,26.4,26.5,25.8,26.5,25.9,27.4,27.1,27.4,26.2,26.6,25.9,25.8,26.3,27.3,26.3,26.7,26.1,25.7,25.8,26.3,79,77,79,81,75,82,83,75,79,82,81,81,81,85,83,77,83,82,74,79,80,76,83,76,83,77,82,82,83,82,79,81,85,78,67,81,81,84,84,75,0,0,0,0,0,0,0,0,0,0,0,0,0,0,0,0,0,0,0,0,0,0,0,0,0,0,0,0,0,0,0,0,0,0,0.2,0,0,0,0,0,6.5,7.6,3.3,6.5,6.9,2.3,4.1,4.1,2.9,6.9,6.9,1.6,6.1,2.9,9.4,4.1,9.5,5.8,7.2,5.1,4.7,7.9,5.4,5.8,3.9,5.4,5.4,6.8,5.1,5.4,4.7,6.1,6.5,2.6,14.5,3.1,1.8,6.6,3.6,3.4,,,,,,,,,,,,,,,,,,,,,,,,,,,,,,,,,,,,,,,,,26.7,27,27.5,27,27,27.2,26.7,27.1,27,26.7,26.5,26.2,26.7,26.6,27,26.8,26.7,26,26.1,25.6,26.5,27.5,27.1,27,27.6,27.3,26.1,26.7,26.9,26.9,26,80,77,80,79,78,76,68,79,55,78,65,66,74,76,72,81,76,74,79,79,71,79,75,60,80,81,80,81,57,73,78,0,0,0.2,0,0,0.1,0,0,0,0,0,0,0,0,0,0,0,0,0,0,0,0.1,0,0,0,0,0,0.1,0,0,0,20.5,18.6,15.7,19.1,26.6,16,8.3,20.6,9.2,16.7,6,15.9,14.8,19.4,5.8,22.3,18.3,21,20.4,23.3,11.5,19.5,18,0.4,20.7,22.9,25,19.8,10,18.1,23.7,24.5,22.7,19.4,22.7,32.8,19.1,8.6,24.5,10.8,19.1,6.8,17.6,17.3,22,7.2,26.6,21.2,23.8,24.1,26.3,13,25.2,20.9,2.5,27,28.4,28.4,22.7,13.7,20.5,27,,,,,,22.2204,114.2127
2026-10-12T02:00,26.3,25.9,26.8,27.1,25.8,26.8,26.5,26.5,25.4,25.7,26.8,25.8,26.4,26,27.1,26.2,27.3,26.8,27.7,26.2,26.4,26.4,25.8,26.2,25.9,27.3,27.1,27.4,26.2,26.7,25.9,25.8,26.3,27.3,25.9,26.8,25.9,25.7,25.8,26.3,79,77,78,81,75,82,83,74,79,82,80,81,81,86,83,77,83,81,73,79,80,76,83,77,83,76,82,82,83,82,80,81,84,77,69,81,81,84,83,75,0,0,0,0,0,0,0,0,0,0,0,0,0,0,0,0,0,0,0,0,0,0,0,0,0,0,0,0,0,0,0,0,0,0,0.2,0,0,0,0,0,6.9,7.6,3.6,6.5,7.2,1.6,4,4.4,2.6,6.8,7.3,0.8,5.8,2.7,9.4,3.6,9.6,6.1,7.2,5.4,4.4,8.3,5.4,6.2,3.3,5.4,5.4,6.9,5,5.4,5.1,6.5,6.9,2.5,14.8,2.9,1.5,7.2,3.4,3.2,,,,,,,,,,,,,,,,,,,,,,,,,,,,,,,,,,,,,,,,,26.7,26.8,27.5,26.9,26.9,27.1,26.6,27,26.8,26.6,26.5,26,26.6,26.4,26.9,26.7,26.6,25.9,26,25.5,26.5,27.5,26.9,26.9,27.5,27.2,25.9,26.6,26.7,26.7,25.9,80,78,80,79,79,77,69,80,57,79,65,68,75,78,72,81,77,76,79,80,71,80,76,60,81,81,81,81,57,75,78,0,0,0.2,0,0,0.1,0,0,0,0,0,0,0,0,0,0,0,0,0,0,0,0.1,0,0,0,0,0,0.1,0,0,0,21,18.6,16.2,20,27.8,17.3,8.6,21.1,10.5,16.1,5.1,16.8,15.3,19.9,5.7,22.7,19.2,22.8,20.7,23.4,10.9,20.4,17.9,1.8,21.5,23.4,26.4,20.3,11.1,19.4,25.8,24.8,22.7,19.8,23.4,34.2,20.2,9,24.8,11.2,18.7,5.8,18.4,18,22.3,6.5,27,22.3,25.2,24.1,25.9,12.2,25.9,20.5,2.9,27.7,28.8,29.9,23,13.3,21.6,28.8,,,,,,22.2204,114.2127
2026-10-12T03:00,26.2,25.9,26.8,27.1,25.8,26.8,26.4,26.4,25.5,25.7,26.7,25.8,26.4,26,27.1,26.2,27.2,26.8,27.6,26.3,26.4,26.4,25.8,25.9,25.9,27.2,27,27.4,26.2,26.7,26,25.8,26.2,27.3,25.5,26.8,25.7,25.7,25.8,26.4,78,77,76,82,74,82,82,73,79,82,79,81,81,87,84,77,83,80,72,80,79,75,83,78,82,75,82,82,83,81,80,80,84,76,71,80,82,83,83,75,0,0,0,0,0,0,0,0,0,0,0,0,0,0,0,0,0,0,0,0,0,0,0,0,0,0,0,0,0,0,0,0,0,0,0.2,0,0,0,0,0,7.1,7.6,3.6,6.9,7.6,1.1,4,4.3,2.7,6.6,7.4,0,5.9,3.1,9.5,3.3,10.1,6.2,7.6,5.8,4.3,9,5.5,6.7,3.2,5.9,5.9,6.6,5.1,5.8,5.4,6.9,7.3,2.5,15.2,2.9,1.9,7.6,3.4,3,,,,,,,,,,,,,,,,,,,,,,,,,,,,,,,,,,,,,,,,,26.5,26.7,27.4,26.8,26.7,26.8,26.5,26.9,26.5,26.4,26.4,25.8,26.4,26.1,26.8,26.6,26.5,25.8,25.8,25.4,26.5,27.4,26.7,26.8,27.4,27.1,25.8,26.5,26.5,26.5,25.7,81,79,81,80,80,79,70,81,59,80,65,70,77,80,73,81,79,77,80,80,71,80,78,60,82,81,81,81,57,77,77,0.2,0,0.5,0.1,0,0.2,0,0.1,0,0.1,0,0,0.1,0,0,0,0,0,0,0,0,0.2,0.1,0,0.1,0.1,0,0.1,0,0,0,22.8,19.9,18.3,22.1,29.4,20,10.2,22.5,11.5,16.7,5.7,18.4,16.6,20.8,6.9,23.2,20.1,24.2,22,23.6,10.7,21.8,18.7,3.4,23,24.9,27.4,21.1,11.7,21.3,27.5,26.6,23.8,22,25.6,36,23,10.8,26.3,11.5,19.4,6.1,19.8,19.4,23.4,7.2,27,23.4,26.3,25.2,25.6,12.2,27.4,20.9,4.7,28.8,30.6,31.7,23.8,13,23.8,31.3,,,,,,22.2204,114.2127
2026-10-12T04:00,26.2,25.9,26.9,27.1,25.8,26.9,26.4,26.3,25.5,25.6,26.7,25.8,26.4,26,27,26.1,27.1,26.8,27.5,26.3,26.4,26.3,25.8,25.6,25.9,27.1,26.9,27.5,26.2,26.7,26.1,25.7,26.2,27.3,25,26.8,25.5,25.7,25.8,26.4,77,77,75,82,74,82,82,72,79,82,79,81,81,88,84,76,83,80,71,80,79,75,83,80,82,74,82,82,83,81,81,80,84,76,72,80,83,83,83,75,0,0,0,0,0,0,0,0,0,0,0,0,0,0,0,0,0,0,0,0,0,0,0,0,0,0,0,0,0,0,0,0,0,0,0.2,0,0,0,0,0,7.6,7.6,3.8,7.3,8,1.6,4,4.3,2.6,6.8,7.9,0.8,5.8,3.3,9.6,3.4,10.4,6.7,7.6,6.2,4.4,9.4,5.9,7.3,3.3,6,6.2,6.8,5.4,5.9,5.6,7.3,7.5,2.3,15.5,3,2.9,7.9,3.6,2.9,,,,,,,,,,,,,,,,,,,,,,,,,,,,,,,,,,,,,,,,,26.4,26.6,27.3,26.6,26.5,26.5,26.5,26.7,26.2,26.3,26.3,25.5,26.2,25.7,26.7,26.5,26.4,25.6,25.6,25.4,26.5,27.4,26.4,26.8,27.4,26.9,25.6,26.4,26.2,26.2,25.6,81,81,82,81,81,81,72,82,61,81,66,72,79,81,73,81,80,77,81,80,72,80,79,59,83,82,80,81,56,78,76,0.2,0,0.5,0.1,0,0.2,0,0.1,0,0.1,0,0,0.1,0,0,0,0,0,0,0,0,0.2,0.1,0,0.1,0.1,0,0.1,0,0,0,25.6,21.5,21.1,24.9,31.4,23.8,12.2,24.5,12.5,18.1,6.4,20.6,18.6,22.7,8.7,23.9,21.6,25.3,23.6,24.2,11,23.7,19.5,5.4,24.5,27.3,28.7,22.3,11.5,23.2,29.5,29.2,25.6,24.8,28.8,37.8,26.6,13.3,28.4,12.2,20.5,6.8,21.6,20.9,25.2,9,27,24.5,27.4,26.6,25.6,12.6,29.5,21.6,7.6,29.5,33.1,33.1,25.2,12.2,26.3,34.2,,,,,,22.2204,114.2127
2026-10-12T05:00,26.2,25.9,26.9,27.1,25.7,26.9,26.4,26.2,25.5,25.6,26.6,25.8,26.4,26,26.9,26.1,27,26.8,27.4,26.3,26.4,26.2,25.8,25.4,25.9,27.1,26.8,27.5,26.2,26.7,26.1,25.7,26.2,27.3,24.6,26.9,25.4,25.6,25.8,26.4,77,77,74,82,74,82,82,71,78,82,78,81,80,89,84,76,83,79,70,80,79,75,82,81,82,74,81,82,84,81,81,80,84,75,74,80,83,82,82,75,0,0,0,0,0,0,0,0,0,0,0,0,0,0,0,0,0,0,0,0,0,0,0,0,0,0,0,0,0,0,0,0,0,0,0.2,0,0,0,0,0,7.9,7.6,3.9,7.4,8.6,2.2,4.1,4.7,2.6,6.8,8,1.6,6.1,3.8,9.4,3.8,10.6,7,8,6.2,4.6,9.8,6.2,7.6,3.5,6.3,6.8,7,5.2,6.3,6,7.4,8.1,2.6,15.9,2.7,3.6,8.4,3.9,2.9,,,,,,,,,,,,,,,,,,,,,,,,,,,,,,,,,,,,,,,,,26.3,26.5,27.2,26.5,26.3,26.3,26.4,26.6,25.9,26.2,26.3,25.3,26.1,25.5,26.7,26.5,26.3,25.6,25.5,25.4,26.6,27.3,26.2,26.8,27.3,26.9,25.6,26.4,26,26,25.5,81,82,82,82,82,82,73,82,63,81,67,73,80,81,74,81,81,77,81,79,72,80,80,59,84,82,78,81,56,79,75,0.2,0,0.5,0.1,0,0.2,0,0.1,0,0.1,0,0,0.1,0,0,0,0,0,0,0,0,0.2,0.1,0,0.1,0.1,0,0.1,0,0,0,27.4,23.1,23.3,27,32.6,26.2,14.2,25.9,13,19.5,7.4,22.3,20.3,23.6,10.2,24.6,22.4,26,24.5,24,11.4,25.5,20.4,7.6,25.7,28.6,29.3,22.7,11.8,24.9,30.9,31,27,26.6,31,38.9,29.5,15.8,29.9,12.6,21.6,7.9,23.4,22.7,26.3,10.8,27.4,25.6,28.1,27.7,25.2,13.3,31.3,22,10.4,30.6,34.9,34.6,25.6,11.9,28.1,36.4,,,,,,22.2204,114.2127
2026-10-12T06:00,26.1,25.8,26.9,27,25.7,26.9,26.4,26.1,25.5,25.5,26.6,25.8,26.4,26,26.9,26.1,26.9,26.8,27.4,26.3,26.4,26.2,25.8,25.2,25.9,27,26.8,27.5,26.2,26.7,26.2,25.7,26.2,27.3,24.3,26.9,25.2,25.6,25.8,26.5,76,77,74,82,74,82,82,70,78,82,77,81,80,89,84,76,83,78,69,80,78,75,82,81,81,73,81,82,84,80,81,79,83,74,76,79,84,82,82,75,0,0,0,0,0,0,0,0,0,0,0,0,0,0,0,0,0,0,0,0,0,0,0,0,0,0,0,0,0,0,0,0,0,0,0.2,0,0,0,0,0,8.5,7.6,4,7.9,9,2.9,3.9,4.7,2.8,6.9,8.1,2.4,6.3,3.9,9.6,4.2,11.1,7.2,8.1,6.6,4.9,10.1,6.3,8.2,3.4,6.4,7.1,6.9,5.5,6.4,6,7.9,8.7,2.8,16.6,2.9,4.4,8.8,4,3,,,,,,,,,,,,,,,,,,,,,,,,,,,,,,,,,,,,,,,,,26.2,26.5,27.1,26.4,26.3,26.2,26.3,26.5,25.7,26.2,26.3,25.2,26,25.5,26.6,26.4,26.2,25.6,25.4,25.3,26.6,27.3,26.1,26.8,27.3,26.9,25.6,26.2,25.8,25.9,25.5,81,82,82,81,82,82,75,81,64,81,68,74,81,80,75,81,81,77,81,79,73,80,80,58,83,81,76,81,56,80,73,0,0,0.1,0,0,0,0,0,0,0.2,0,0,0,0,0.2,0,0,0,0,0,0,0.1,0,0,0.1,0.1,0,0,0,0,0,28.1,24.1,23.9,27.8,32.7,26.8,16.1,26.4,12.8,20.7,8.6,23.3,21.5,23.7,12,25.4,22.9,26.3,24.7,23.6,12.2,27.4,20.1,10.3,26.7,28.6,29.7,22.2,12.8,25.9,31.5,31.7,28.1,27,32,38.9,30.2,17.6,31,12.2,22.7,8.6,24.8,24.5,26.6,12.2,27.7,25.9,28.8,28.1,25.2,13.7,33.5,21.6,13,31.7,34.9,35.3,24.8,12.6,29.2,37.8,,,,,,22.2204,114.2127
2026-10-12T07:00,26.1,25.8,26.9,27,25.7,26.9,26.4,26.1,25.5,25.5,26.5,25.8,26.3,26.1,26.8,26,26.8,26.8,27.3,26.4,26.3,26.2,25.8,25.1,25.9,26.9,26.7,27.5,26.2,26.7,26.2,25.6,26.1,27.3,24,26.9,25.1,25.6,25.7,26.5,76,78,73,82,74,82,82,70,78,82,77,81,80,89,84,76,83,78,68,80,78,75,82,82,81,73,81,82,84,80,82,79,83,74,78,79,84,82,82,75,0,0,0,0,0,0,0,0,0,0,0,0,0,0,0,0,0,0,0,0,0,0,0,0,0,0,0,0,0,0,0,0,0,0,0.2,0,0,0,0,0,8.7,7.7,4.2,8,9.2,3.2,4,4.8,2.5,7,8.2,2.9,6.2,4.2,9.7,4.5,11.3,7.4,8.2,6.6,5,10.5,6.4,8.4,3.6,6.6,7.3,7.1,5.7,6.5,6.2,8,8.9,3.1,17.3,3.1,4.8,9.3,4.3,3.1,,,,,,,,,,,,,,,,,,,,,,,,,,,,,,,,,,,,,,,,,26.3,26.6,27,26.5,26.3,26.2,26.3,26.4,25.6,26.2,26.3,25.1,26.1,25.7,26.5,26.4,26.1,25.6,25.4,25.3,26.6,27.2,26.1,26.7,27.3,26.9,25.7,26.1,25.7,25.8,25.5,80,80,81,80,81,81,76,80,64,81,68,74,81,77,76,80,80,76,80,78,74,81,78,58,82,80,73,80,57,81,72,0,0,0.1,0,0,0,0,0,0,0.2,0,0,0,0,0.2,0,0,0,0,0,0,0.1,0,0,0.1,0.1,0,0,0,0,0,28.2,24.5,23.7,28.2,32.3,26,17.9,27.1,12.1,21.7,9.7,23.6,22.8,23.3,13.3,26.1,22.6,26.4,24.7,23.3,13.2,29.1,19.9,12.9,27.3,28.5,29.7,21,13.8,26.5,32.1,31.7,28.8,26.3,32.4,37.8,29.9,19.1,31.7,11.2,24.1,9.7,25.9,25.9,26.6,14,28.4,26.3,29.2,27.7,24.8,14,35.6,20.9,15.5,32.8,34.2,35.6,23.4,13.3,29.9,38.2,,,,,,22.2204,114.2127
2026-10-12T08:00,26.1,25.8,26.9,27,25.7,26.9,26.4,26,25.5,25.5,26.5,25.8,26.3,26.1,26.8,26,26.8,26.8,27.3,26.4,26.3,26.1,25.8,25.1,25.8,26.9,26.7,27.5,26.2,26.7,26.2,25.6,26.1,27.3,23.7,27,25.1,25.6,25.7,26.5,76,78,73,82,74,82,82,70,78,82,76,81,80,88,84,76,83,78,68,80,78,75,82,82,81,73,81,82,84,80,82,79,83,74,79,79,84,82,82,75,0,0,0,0,0,0,0,0,0,0,0,0,0,0,0,0,0,0,0,0,0,0,0,0,0,0,0,0,0,0,0,0,0,0,0.2,0,0,0,0,0,8.7,7.7,4.2,8,9.2,3.6,4,4.8,2.5,7.1,8.2,3.2,6.4,4.2,9.7,4.7,11.3,7.6,8.2,6.6,5,10.5,6.4,8.6,3.6,6.6,7.3,7.1,5.7,6.5,6.2,8,8.9,3.1,18.1,3.1,4.8,9.3,4.2,3.1,,,,,,,,,,,,,,,,,,,,,,,,,,,,,,,,,,,,,,,,,26.3,26.7,27,26.5,26.4,26.3,26.3,26.4,25.6,26.2,26.4,25.1,26.2,25.9,26.5,26.4,26.2,25.6,25.6,25.4,26.7,27.2,26.2,26.8,27.4,27,25.9,26.1,25.7,25.8,25.6,79,79,80,78,80,79,77,78,64,80,68,73,80,75,76,79,79,76,78,77,74,81,76,57,81,79,71,79,57,81,70,0,0,0.1,0,0,0,0,0,0,0.2,0,0,0,0,0.2,0,0,0,0,0,0,0.1,0,0,0.1,0.1,0,0,0,0,0,28,25,23,28.4,31.7,25.3,19.3,26.9,11.3,22.4,10.3,24.1,23.7,22.7,14.9,26.5,22.7,26.4,23.8,22.4,14,30.1,18.8,14.7,28.1,28.2,29.7,20.4,14.3,26.8,31.9,31.7,29.2,25.2,32.4,36.7,29.2,20.2,31.7,10.4,24.5,10.1,27,27,26.3,15.1,28.8,26.3,29.5,27,24.1,14.8,36.7,20.2,16.9,33.5,33.5,35.6,22.3,14,29.9,38.2,,,,,,22.2204,114.2127
2026-10-12T09:00,26.1,25.8,26.9,27,25.7,26.9,26.4,26,25.5,25.5,26.5,25.8,26.3,26.2,26.8,26,26.8,26.8,27.3,26.4,26.3,26.1,25.9,25.2,25.8,26.8,26.6,27.5,26.2,26.7,26.2,25.6,26.1,27.3,23.6,27,25.2,25.5,25.7,26.5,76,78,73,82,74,82,82,70,78,82,75,81,80,87,84,76,83,78,68,80,78,75,82,82,81,73,81,82,84,80,82,79,83,74,80,79,84,82,82,75,0,0,0,0,0,0,0,0,0,0,0,0,0,0,0,0,0,0,0,0,0,0,0,0,0,0,0,0,0,0,0,0,0,0,2.7,0,0,0,0,0,8.7,7.7,4.2,8,9.2,3.6,4,4.8,2.5,7.1,7.9,3.2,6.4,4.2,9.7,4.7,11.1,7.6,8.2,6.6,5,10.5,6.4,8.6,3.6,6.6,7.3,7.1,5.5,6.5,6.2,8,8.9,3.1,19.2,3.1,4.5,9.3,3.9,3.1,,,,,,,,,,,,,,,,,,,,,,,,,,,,,,,,,,,,,,,,,26.5,26.9,27.1,26.7,26.5,26.5,26.5,26.6,25.9,26.4,26.7,25.3,26.4,26.3,26.7,26.5,26.4,25.8,25.9,25.6,26.9,27.5,26.6,27,27.4,27.2,26.1,26.4,25.9,26,25.8,78,77,79,77,78,77,76,76,63,78,67,71,78,72,74,78,78,75,75,75,73,80,72,56,80,78,69,76,56,79,69,0,0,0,0,0,0,0,0,0,0,0,0,0,0,0.1,0,0,0,0,0,0,0,0,0,0,0,0,0,0,0,0,28.2,25.1,21.9,28.6,30.7,24.9,20.4,26.1,10.3,22.1,10.1,24.5,23.9,21.6,15.9,26.2,22.9,26.8,22.2,21.4,15,29.8,17.6,15.3,28.7,28.2,29.3,20,14.1,26.6,31.1,31.3,29.2,23.4,32.4,35.3,28.1,20.9,30.6,9.7,23.8,10.1,27.4,27,24.8,16.2,28.4,25.9,29.5,24.8,22.3,15.5,36,19.1,17.3,33.5,32.8,34.9,22,14,29.2,37.1,,,,,,22.2204,114.2127
2026-10-12T10:00,26.1,25.8,26.8,27,25.7,26.9,26.4,26,25.4,25.5,26.6,25.9,26.3,26.3,26.8,26,26.8,26.8,27.3,26.4,26.3,26.1,25.9,25.3,25.7,26.8,26.6,27.5,26.2,26.6,26.2,25.6,26.1,27.3,23.4,27,25.2,25.5,25.7,26.6,76,79,73,82,75,82,82,71,78,82,75,81,80,85,84,77,83,78,68,80,78,75,82,81,81,74,81,82,84,80,83,79,83,74,82,79,83,82,82,75,0,0,0,0,0,0,0,0,0,0,0,0,0,0,0,0,0,0,0,0,0,0,0,0,0,0,0,0,0,0,0,0,0,0,2.7,0,0,0,0,0,8.5,7.3,4.2,7.9,8.8,3.2,3.9,4.8,2.3,6.6,7.8,3.2,5.9,3.9,9.6,4.6,11,7.1,7.8,6.2,4.4,10.1,6,8.1,2.9,6.1,7.1,6.9,5.3,6.4,5.7,7.5,8.7,2.8,21.1,2.9,4,8.8,3.1,3.1,,,,,,,,,,,,,,,,,,,,,,,,,,,,,,,,,,,,,,,,,26.7,27.2,27.4,26.9,26.8,26.9,26.8,27,26.3,26.7,27.1,25.6,26.8,26.7,27.1,26.6,26.7,26,26.3,25.9,27.2,27.8,27.1,27.3,27.5,27.3,26.3,26.8,26.3,26.2,26,76,76,77,76,76,74,74,74,61,76,66,67,76,69,72,77,77,75,72,72,72,78,68,55,80,78,67,73,55,77,69,0,0,0,0,0,0,0,0,0,0,0,0,0,0,0.1,0,0,0,0,0,0,0,0,0,0,0,0,0,0,0,0,28,24.7,20.4,28.9,29.3,24.1,20.9,25,9.5,21.1,10.3,24.7,24.1,20.3,17.1,25.2,23,27.3,20.5,20.3,16.3,28.9,16.5,15.4,29.2,27.9,28.7,20.2,13.6,26,30.1,31,28.8,21.6,32,33.1,26.6,20.9,29.2,9.4,22.7,9.7,27.4,26.3,23,16.6,28.1,25.6,29.5,22.3,20.2,16.6,34.2,18,16.6,33.1,32,33.5,21.6,14,28.1,35.3,,,,,,22.2204,114.2127
2026-10-12T11:00,26.1,25.8,26.8,27,25.7,26.9,26.4,26,25.4,25.5,26.7,25.9,26.2,26.5,26.8,26,26.8,26.8,27.4,26.4,26.2,26.1,25.9,25.5,25.7,26.8,26.5,27.5,26.2,26.6,26.2,25.6,26.1,27.2,23.3,27.1,25.4,25.4,25.6,26.6,76,79,74,82,76,83,83,72,77,82,74,81,80,83,84,77,83,79,68,80,79,76,82,80,82,75,81,82,84,80,83,80,83,75,83,79,83,83,82,75,0,0,0,0,0,0,0,0,0,0,0,0,0,0,0,0,0,0,0,0,0,0,0,0,0,0,0,0,0,0,0,0,0,0,2.7,0,0,0,0,0,8.2,6.9,4,7.4,8.2,2.5,3.8,4.7,1.8,6.2,7.2,3.2,5.7,3.3,9,4.2,10.7,6.9,7.8,5.8,4.3,9.8,5.8,7.7,2.7,5.6,6.6,6.4,4.7,5.9,5.2,7.1,8.1,2.8,23.1,2.7,3.3,8.4,2.4,3,,,,,,,,,,,,,,,,,,,,,,,,,,,,,,,,,,,,,,,,,26.9,27.4,27.7,27.1,26.9,27.2,27,27.2,26.6,26.9,27.4,25.8,27,27,27.4,26.8,26.9,26.1,26.7,26.2,27.4,28.1,27.5,27.5,27.6,27.5,26.5,27.1,26.6,26.5,26.2,75,74,76,75,74,72,72,72,59,74,65,65,74,67,69,76,76,74,69,70,71,76,64,54,79,77,66,71,54,75,68,0,0,0,0,0,0,0,0,0,0,0,0,0,0,0.1,0,0,0,0,0,0,0,0,0,0,0,0,0,0,0,0,27.7,24.7,18.7,28.7,27.9,23.5,21,24,9,20.5,10.4,25,24.1,18.7,17.1,24.1,22.9,27.2,18.7,18.9,17,28,15.3,14.8,29.1,27.7,27.8,20.6,12.8,25,28.7,30.6,28.4,19.4,31.7,31,25.6,20.9,27.7,8.6,21.6,9.7,27.4,25.9,21.2,16.6,27,25.2,28.8,20.2,18.4,17.3,32.8,17.3,15.8,32.8,31.3,32,21.6,13.7,27,33.1,,,,,,22.2204,114.2127
2026-10-12T12:00,26.1,25.9,26.7,27,25.6,26.9,26.4,25.9,25.4,25.5,26.7,26,26.2,26.7,26.8,26.1,26.8,26.9,27.4,26.4,26.2,26.1,26,25.8,25.6,26.7,26.5,27.5,26.2,26.5,26.2,25.7,26,27.2,23.3,27.1,25.5,25.3,25.6,26.6,77,80,75,82,77,83,83,73,77,82,73,81,80,80,83,78,84,79,68,79,79,76,82,78,82,77,81,83,85,80,83,80,83,75,85,79,82,83,82,74,0,0,0,0,0,0,0,0,0,0,0,0,0,0,0,0,0,0,0,0,0,0,0,0,0,0,0,0,0,0,0,0,0,0,2.7,0,0,0,0,0,8,6.5,3.9,7.3,7.8,1.8,3.7,4.7,1.5,5.8,6.4,2.9,5.5,2.8,8.8,3.5,10.4,6.3,7.3,5.4,3.8,9.4,5.2,7.2,2.5,5,6.4,6.3,4.5,5.9,4.7,7,8,2.9,25.4,2.6,2.2,8,1.5,2.9,,,,,,,,,,,,,,,,,,,,,,,,,,,,,,,,,,,,,,,,,26.9,27.5,28,27.1,27,27.2,27,27.3,26.8,27,27.6,25.8,27.2,27.3,27.6,26.9,26.9,26.1,26.9,26.4,27.5,28.2,27.7,27.6,27.7,27.5,26.5,27.1,27,26.6,26.4,75,73,74,75,73,71,71,72,57,73,65,65,73,66,67,75,76,74,67,69,70,75,62,54,79,76,66,71,53,74,67,0,0,0,0,0,0,0,0,0,0,0,0,0,0,0,0,0,0,0,0,0,0,0,0,0,0,0,0,0,0,0,26.9,24.9,16.9,28.2,26.3,22.8,20.8,23.7,6.8,20.1,10.4,25.1,24,16.9,15.3,23.2,22.9,26.4,17.9,17.3,17.2,26.8,14.3,14,28.1,27.3,26.8,21.3,11.8,24.1,27.1,29.9,28.1,17.6,31,28.4,24.5,20.5,27,7.9,20.9,10.1,27.4,25.9,19.1,15.1,25.6,24.8,27.4,19.4,16.9,17.6,31.7,16.9,15.1,32.4,30.6,31,22,13.3,25.9,31.3,,,,,,22.2204,114.2127
2026-10-12T13:00,26.1,25.9,26.7,27,25.7,26.9,26.4,25.9,25.3,25.5,26.8,26,26.1,26.9,26.8,26.1,26.8,26.9,27.5,26.4,26.1,26.1,26.1,26.1,25.5,26.7,26.4,27.5,26.2,26.5,26.1,25.7,26,27.1,23.2,27.1,25.7,25.3,25.5,26.6,77,80,76,82,78,83,84,74,76,82,72,81,80,77,83,79,84,80,68,79,80,77,83,77,82,78,81,83,85,80,83,80,83,76,86,80,81,84,82,74,0,0,0,0,0,0,0,0,0,0,0,0,0,0,0,0,0,0,0,0,0,0,0,0,0,0,0,0,0,0,0,0,0,0,2.7,0,0,0,0,0,7.4,6.1,3.8,6.9,7.3,1.3,3.2,4.3,1.4,5.4,5.9,2.4,5.2,2.4,8.7,3.1,9.9,5.7,6.9,5,3.5,8.6,4.8,6.6,2.3,4.5,5.8,6.2,4.3,5.4,4.3,6.2,7.4,2.6,28.1,2.5,1.1,7.6,1.1,2.9,,,,,,,,,,,,,,,,,,,,,,,,,,,,,,,,,,,,,,,,,26.9,27.5,28.2,27,27,27.2,26.9,27.2,27,27.2,27.6,25.8,27.3,27.5,27.8,27.1,26.9,26,27,26.5,27.5,28.2,27.9,27.6,27.7,27.5,26.4,27,27.3,26.7,26.5,75,72,72,75,73,69,71,72,55,72,65,65,73,65,65,74,77,74,67,68,69,74,62,55,78,76,66,73,52,73,65,0,0,0,0,0,0,0,0,0,0,0,0,0,0,0,0,0,0,0,0,0,0,0,0,0,0,0,0,0,0,0,26.2,24.6,15.1,27.6,23.9,22,20.3,23.7,3.7,19.1,10.3,25,23.9,15.4,12.2,22,22.3,25.1,18.2,15.6,17.2,25.8,14.1,13,27.1,26.6,26,22.1,11,23,25.2,29.2,27.4,15.8,29.5,25.9,23.8,19.8,26.3,6.8,20.5,10.4,27.4,25.9,16.9,12.6,24.1,24.8,25.6,19.4,15.5,17.6,30.6,16.9,14,32,30.2,29.9,22.7,12.6,24.8,29.2,,,,,,22.2204,114.2127
2026-10-12T14:00,26.1,25.9,26.6,27,25.7,26.9,26.4,25.9,25.3,25.6,26.9,26.1,26.1,27.1,26.8,26.1,26.9,26.9,27.5,26.3,26.1,26.1,26.1,26.5,25.5,26.7,26.4,27.5,26.3,26.4,26.1,25.7,26,27,23.2,27.2,25.9,25.2,25.4,26.6,77,81,76,82,79,83,84,76,76,83,72,81,80,74,83,79,84,81,68,79,81,77,83,75,83,80,80,83,85,80,84,81,83,77,87,80,80,84,82,74,0,0,0,0,0,0,0,0,0,0,0,0,0,0,0,0,0,0,0,0,0,0,0,0,0,0,0,0,0,0,0,0,0,0,2.7,0,0,0,0,0,7.3,5.8,3.7,6.5,6.8,1.1,3.3,4.3,1.6,5.4,5.1,2.1,4.9,2.2,8.3,2.4,9.7,5.5,6.9,4.7,3.7,8.3,4.3,5.9,2.6,4,5.6,5.7,4.5,5.4,3.6,5.8,7.3,2.9,30.6,2.5,0.7,7.2,1.5,2.9,,,,,,,,,,,,,,,,,,,,,,,,,,,,,,,,,,,,,,,,,26.9,27.5,28.4,27,27,27.1,26.9,27.2,27.1,27.2,27.6,25.7,27.3,27.6,28,27.2,26.9,26,27,26.6,27.5,28.2,28,27.6,27.7,27.5,26.4,26.9,27.6,26.8,26.7,75,72,71,75,73,69,71,72,54,71,65,66,73,64,64,73,78,74,66,67,68,74,62,55,78,75,67,74,52,73,64,0,0,0,0,0,0,0,0,0,0,0,0,0,0,0,0,0,0,0,0,0,0,0,0,0,0,0,0,0,0,0,25.6,24.4,14.1,26.6,22.4,21.4,19.9,23.5,1.1,19.1,10.7,24.7,23.9,13.8,10,21,22.2,23.9,18.5,14.9,17.3,24.8,14.9,12.4,26.6,25.8,25,22.9,10.2,22.1,23.6,28.4,27,14.8,28.4,23.8,23,19.4,25.9,6.5,20.5,10.8,27,25.9,15.1,11.2,22.7,24.5,24.1,19.8,14.8,18,29.9,17.3,13.3,31.7,29.5,28.8,23.4,12.2,24.1,27.4,,,,,,22.2204,114.2127
2026-10-12T15:00,26.2,25.9,26.5,27,25.7,26.8,26.4,26,25.2,25.6,27,26.2,26,27.2,26.8,26.1,26.9,27,27.6,26.3,26,26.1,26.2,26.8,25.4,26.7,26.4,27.5,26.3,26.4,26.1,25.7,26,27,23.2,27.2,26.1,25.1,25.4,26.6,78,81,77,82,80,84,84,77,76,83,71,81,81,71,82,80,84,81,69,78,81,77,83,73,83,81,80,83,85,80,84,81,83,77,88,80,79,85,83,74,0,0,0,0,0,0,0,0,0,0,0,0,0,0,0,0,0,0,0,0,0,0,0,0,0,0,0,0,0,0,0,0,0,0,2.7,0,0,0,0,0,6.8,5.4,3.6,6.1,6.5,1.6,3.4,4.3,2,5.3,4.7,1.6,4.5,2.2,8.3,2.1,9.7,5.1,6.5,4.4,4,7.6,4,5.1,3.1,3.6,5.1,5.5,4.5,5.1,3.3,5.4,6.8,2.9,32.7,2.6,1.8,6.5,2.4,2.6,,,,,,,,,,,,,,,,,,,,,,,,,,,,,,,,,,,,,,,,,26.9,27.5,28.5,26.9,27,27.1,26.9,27.2,27.2,27.2,27.5,25.6,27.3,27.6,28.1,27.1,26.9,26,27.1,26.6,27.5,28.2,28.1,27.6,27.7,27.5,26.5,26.9,27.7,26.8,26.8,75,72,71,75,73,69,71,72,54,71,65,67,73,63,63,73,78,73,66,67,68,75,62,55,78,74,68,74,52,72,64,0,0,0,0,0,0,0,0,0,0,0,0,0,0,0,0,0,0,0,0,0,0,0,0,0,0,0,0,0,0,0,24.8,23.1,13.8,25.3,21.3,20.9,19.8,23.1,1.5,19.6,11.3,24.4,23.6,12.6,9.5,20.4,22.2,22.6,18.8,15.1,18,24.2,15.9,11.6,26.8,24.8,24,23.1,9.2,21.5,22.2,27.7,26.3,14.4,27,22,22.3,19.8,25.9,7.2,20.9,11.2,26.6,25.6,13.3,11.2,22.3,24.1,23,19.8,14.8,19.1,29.2,18,13,32,28.8,28.1,23.4,12.6,23.8,25.6,,,,,,22.2204,114.2127
2026-10-12T16:00,26.2,25.9,26.5,27,25.7,26.8,26.4,26,25.2,25.6,27.1,26.3,26,27.4,26.8,26.2,27,27,27.6,26.3,26,26.1,26.2,27.2,25.3,26.6,26.3,27.5,26.3,26.3,26,25.8,26,26.9,23.2,27.2,26.3,25,25.3,26.6,78,82,78,82,82,84,85,78,75,83,70,81,81,68,82,81,84,82,69,78,82,78,83,71,84,83,80,83,85,80,84,82,83,78,90,80,78,85,83,74,0,0,0,0,0,0,0,0,0,0,0,0,0,0,0,0,0,0,0,0,0,0,0,0,0,0,0,0,0,0,0,0,0,0,2.7,0,0,0,0,0,6.8,5.2,3.6,6.2,5.9,2.5,3.7,4.3,2.3,5.4,4.4,1.3,4.3,2.4,8.4,1.5,9.8,4.7,6.1,4.1,4.5,6.8,4,4.7,3.7,3.3,4.7,5.4,4.9,5.2,3.2,5.1,6.5,2.9,34.8,2.7,2.8,6.3,3.4,2.7,,,,,,,,,,,,,,,,,,,,,,,,,,,,,,,,,,,,,,,,,26.8,27.5,28.4,26.9,27.1,27.2,26.9,27.3,27.3,27.2,27.3,25.5,27.3,27.6,28.1,27,26.9,26.1,27.1,26.6,27.5,28.1,28.2,27.5,27.6,27.6,26.6,26.8,27.9,26.9,26.8,75,72,71,74,73,70,70,72,54,71,66,69,73,63,62,73,78,73,65,67,70,76,63,55,79,73,69,75,52,72,65,0,0,0,0,0,0,0,0,0,0,0,0,0,0,0,0,0,0,0,0,0,0,0,0,0,0,0,0,0,0,0,24.4,22,14.5,23.9,20.5,20.5,20.2,22.3,2.8,20.2,11.8,24.1,23.4,11.2,10.1,20.2,22.3,21,18.8,16,18.7,23.8,17.3,10.8,27.5,23.9,23.5,23.4,8.3,21.4,21.1,27.4,25.6,14.8,25.6,20.5,21.2,20.2,25.9,8.3,21.6,11.5,26.3,25.2,11.5,12.2,22,23.8,22.3,20.2,15.1,20.2,28.4,19.1,12.6,32.4,27.7,27.4,23.4,13,24.1,23.4,,,,,,22.2204,114.2127
2026-10-12T17:00,26.2,25.9,26.4,27,25.7,26.8,26.4,26,25.2,25.7,27.2,26.3,26,27.6,26.8,26.2,27,27,27.7,26.3,26,26.1,26.3,27.5,25.3,26.6,26.3,27.5,26.3,26.3,26,25.8,26,26.9,23.2,27.2,26.5,24.9,25.3,26.6,78,82,79,82,83,84,85,79,75,83,69,81,81,65,82,82,85,83,69,78,83,78,84,70,84,84,80,84,86,80,84,82,83,79,91,81,77,86,83,73,0,0,0,0,0,0,0,0,0,0,0,0,0,0,0,0,0,0,0,0,0,0,0,0,0,0,0,0,0,0,0,0,0,0,2.7,0,0,0,0,0,6.9,5.2,3.3,5.9,5.7,3.1,3.9,4,2.6,5.6,3.9,0.8,4.3,2.8,8.1,1.3,10,4.4,5.8,3.9,4.7,6.5,3.9,4.4,4,3.1,4.7,5.4,5.4,5,2.8,4.7,6.6,3.3,36.3,2.9,3.6,6,4.5,2.9,,,,,,,,,,,,,,,,,,,,,,,,,,,,,,,,,,,,,,,,,26.7,27.5,28.3,26.8,27,27.1,26.9,27.4,27.3,27.1,27.2,25.4,27.2,27.5,28.1,26.9,26.9,26.2,27.1,26.5,27.4,28,28.2,27.4,27.5,27.5,26.7,26.7,27.9,26.9,26.8,76,73,72,74,74,71,70,73,54,72,66,71,74,63,62,74,78,72,66,68,71,77,64,55,79,73,71,75,52,72,66,0,0,0,0,0,0,0,0,0,0,0,0,0,0,0,0,0,0,0,0,0,0,0,0,0,0,0,0,0,0,0,23.7,20.9,14.7,22.7,19.8,20.4,20.4,22,3.8,20.5,11.7,23.6,23,10.7,10.7,19.4,21.7,19.5,18.7,16.9,19.1,23.4,18.4,10,27.5,22.7,22.7,23.1,7.2,21.3,20.6,27,25.2,14.4,24.5,19.4,20.9,20.9,26.3,8.6,22,11.9,25.9,24.8,10.8,13,21.6,23.4,21.2,20.5,15.8,20.9,27.7,20.5,12.2,32.4,26.6,26.6,23.4,13.3,24.1,22.3,,,,,,22.2204,114.2127
2026-10-12T18:00,26.2,26,26.3,27,25.7,26.8,26.4,26,25.1,25.7,27.3,26.4,25.9,27.8,26.9,26.2,27,27,27.7,26.3,25.9,26.1,26.4,27.8,25.2,26.6,26.2,27.5,26.3,26.2,26,25.8,25.9,26.8,23.2,27.2,26.7,24.9,25.2,26.6,79,82,80,82,84,85,86,80,74,83,69,81,81,63,81,82,85,83,70,77,83,79,84,68,84,85,80,84,86,80,85,82,83,79,92,81,76,86,83,73,0,0,0,0,0,0,0,0,0,0,0,0,0,0,0,0,0,0,0,0,0,0,0,0,0,0,0,0,0,0,0,0,0,0,2.7,0,0,0,0,0,6.7,4.9,3.3,6,5.6,3.6,4.1,4.1,2.7,5.7,3.7,0.8,4.4,3.1,8.3,0.8,10.1,4.2,5.4,3.7,5.3,5.8,3.7,4.5,4.7,3.1,4.4,5,5.6,5.2,2.8,4.5,6.4,3.4,37.2,3.1,4.4,5.5,5.5,2.9,,,,,,,,,,,,,,,,,,,,,,,,,,,,,,,,,,,,,,,,,26.7,27.3,28.2,26.7,26.9,27,26.8,27.3,27.2,27.1,27.1,25.3,27.1,27.4,28.1,26.9,26.8,26.1,27,26.5,27.3,27.8,28,27.4,27.4,27.4,26.6,26.5,28,26.8,26.7,77,75,73,75,75,72,71,74,54,72,66,72,75,64,62,75,79,72,68,70,73,79,67,55,80,74,73,76,52,73,68,0,0,0,0,0,0,0,0,0,0,0,0,0,0,0,0,0,0,0,0,0,0,0,0,0,0,0,0,0,0,0,23.3,20.6,13.5,21.6,19.5,20.1,20.3,22.3,4.5,19.9,11.5,22.8,22,11.4,11,18.1,20.5,18,18.7,17.7,18.4,22.4,19.8,9.2,26.8,21.6,22,22.4,6.2,20.9,20.6,27,24.8,13,23.8,19.1,21.2,21.6,26.6,7.6,21.6,11.5,24.8,24.5,11.5,13,20.5,22.7,19.4,21.2,16.9,20.5,26.6,22.3,11.5,31.7,25.6,25.9,23,13.7,24.1,22.3,,,,,,22.2204,114.2127
2026-10-12T19:00,26.3,26,26.3,27,25.7,26.8,26.4,26,25.1,25.7,27.3,26.4,25.9,27.9,26.9,26.2,27.1,27.1,27.7,26.3,25.9,26.1,26.4,28,25.2,26.6,26.2,27.5,26.3,26.2,25.9,25.8,25.9,26.8,23.2,27.3,26.8,24.8,25.2,26.6,79,83,81,82,84,85,86,81,74,83,68,81,81,61,81,83,85,84,70,77,84,79,84,67,85,86,80,84,86,80,85,83,83,80,92,81,75,87,83,73,0,0,0,0,0,0,0,0,0,0,0,0,0,0,0,0,0,0,0,0,0,0,0,0,0,0,0,0,0,0,0,0,0,0,2.7,0,0,0,0,0,6.8,4.7,3.4,5.8,5.5,4.2,4.1,4.1,3.1,5.8,3.9,0.7,4.5,3.4,8.1,0.7,10.2,4.3,5.5,3.6,5.5,5.5,3.6,4.2,4.9,3.1,4.5,5.1,6.2,5,3.1,4.2,6.2,3.5,37.2,3.1,4.9,5.6,5.9,3.1,,,,,,,,,,,,,,,,,,,,,,,,,,,,,,,,,,,,,,,,,26.6,27.2,28,26.6,26.7,26.7,26.6,27.3,27.1,27,27,25.3,27,27.3,28,26.9,26.7,26.1,26.8,26.4,27.1,27.6,27.7,27.3,27.3,27.3,26.5,26.3,28,26.8,26.5,79,77,75,76,76,74,72,76,55,73,67,74,77,65,63,75,80,72,70,72,74,81,72,55,80,76,76,78,52,74,71,0,0,0,0,0,0,0,0,0,0,0,0,0,0,0,0,0,0,0,0,0,0,0,0,0,0,0,0,0,0,0,23.3,20.3,11.5,20.5,19.5,19.5,19.9,22.7,5.4,18.4,11,22.1,20.9,12.4,11,16.3,19.1,16.2,19.1,18.3,17.3,20.9,20.9,8.4,25.4,20.5,21.3,21.6,5.5,20.2,21.3,27.4,24.8,11.5,23,19.4,22.3,22.3,27.4,5.8,20.9,11.2,23.8,24.1,13,13,19.1,21.2,16.9,22,18.4,19.8,25.6,24.1,10.8,30.2,24.5,24.8,23,13.7,24.1,23.4,,,,,,22.2204,114.2127
2026-10-12T20:00,26.3,26,26.3,27,25.7,26.8,26.4,26,25.1,25.7,27.4,26.5,25.9,28,26.9,26.2,27.1,27.1,27.8,26.3,25.9,26.1,26.4,28.2,25.1,26.6,26.2,27.5,26.3,26.2,25.9,25.8,25.9,26.7,23.2,27.3,26.9,24.8,25.2,26.6,79,83,81,82,85,85,86,82,74,83,68,81,81,59,81,83,85,84,70,77,84,79,84,66,85,87,80,84,86,80,85,83,83,80,93,81,75,87,83,73,0,0,0,0,0,0,0,0,0,0,0,0,0,0,0,0,0,0,0,0,0,0,0,0,0,0,0,0,0,0,0,0,0,0,2.7,0,0,0,0,0,6.5,4.7,3.4,5.8,5.2,4.2,4.1,4.1,3.1,5.6,3.6,0.7,4.5,3.4,8.1,0.7,10.4,4,5.2,3.3,5.5,5.2,3.6,4.3,4.9,3.1,4.1,5.1,6,5,2.9,3.9,6.2,3.5,36.9,3.1,5.2,5.3,6.2,3.1,,,,,,,,,,,,,,,,,,,,,,,,,,,,,,,,,,,,,,,,,26.6,27,27.8,26.5,26.6,26.5,26.5,27.2,27,26.9,27,25.3,26.9,27.2,28,26.9,26.7,26,26.7,26.3,27,27.4,27.5,27.3,27.2,27.2,26.4,26.1,27.9,26.7,26.4,80,79,76,77,77,76,73,78,55,74,67,75,78,67,64,76,81,72,72,74,76,82,75,55,81,78,78,79,52,75,73,0,0,0,0,0,0,0,0,0,0,0,0,0,0,0,0,0,0,0,0,0,0,0,0,0,0,0,0,0,0,0,22.9,20.3,10.2,19.9,19.1,19.1,19.8,23,5.7,17.3,10.5,21.3,19.8,13.6,11,15,17.7,14.8,19.1,18.5,16.3,19.8,21.6,7.1,24.3,19.8,20.7,20.9,4.8,19.8,21.3,27.4,24.8,10.4,22.3,19.4,22.7,23,27.7,4.7,20.5,10.8,23.4,23.8,14.8,13,17.6,20.2,15.1,22.7,19.4,19.1,24.5,25.2,9.7,29.5,23.8,24.1,22.7,13.3,24.1,23.8,,,,,,22.2204,114.2127
2026-10-12T21:00,,,,,,,,,,,,,,,,,,,,,,,,,,,,,,,,,,,,,,,,,,,,,,,,,,,,,,,,,,,,,,,,,,,,,,,,,,,,,,,,,,,,,,,,,,,,,,,,,,,,,,,,,,,,,,,,,,,,,,,,,6.2,4.7,3.4,5.8,4.9,4.2,4.1,4.1,3.1,5.2,3.6,1.1,4.5,3.4,8.1,0.8,10.4,3.7,4.8,3.1,5.5,4.8,3.6,4.3,4.6,3.1,4.1,5.1,5.8,5,2.9,3.5,6.2,3.5,35.3,3.1,5.2,5.3,6.2,3.1,,,,,,,,,,,,,,,,,,,,,,,,,,,,,,,,,,,,,,,,,26.6,27,27.7,26.5,26.5,26.4,26.5,27.2,26.9,26.8,26.9,25.3,26.8,27.1,27.8,26.9,26.7,26,26.6,26.2,26.9,27.3,27.5,27.2,27.1,27.1,26.3,26,27.8,26.7,26.4,80,80,77,78,78,78,74,79,56,75,68,77,79,69,66,76,81,72,73,76,77,82,77,55,81,79,79,80,53,76,74,0,0,0.1,0,0,0,0,0,0,0,0,0,0,0,0,0,0,0,0,0,0,0,0,0,0,0,0,0,0,0,0,22.5,20.2,10.5,19.1,18.1,18.7,20.2,23,6.6,17.3,10.2,21.2,19.5,14.8,11.5,13.9,16.2,13.7,18.8,18.4,15.9,19.5,21.2,5.4,24.3,19.5,20.3,20.5,4.9,19.4,20.6,27,24.8,11.2,21.6,19.1,22.3,23.8,28.1,5.4,20.9,10.4,24.1,23.8,16.6,13,16.6,18.7,14.4,23,20.2,19.1,23.8,25.6,8.3,29.2,23.4,23.8,22.7,12.6,23.8,23.4,,,,,,22.2204,114.2127
2026-10-12T22:00,,,,,,,,,,,,,,,,,,,,,,,,,,,,,,,,,,,,,,,,,,,,,,,,,,,,,,,,,,,,,,,,,,,,,,,,,,,,,,,,,,,,,,,,,,,,,,,,,,,,,,,,,,,,,,,,,,,,,,,,,6,4.6,3.3,5.7,4.7,3.7,3.6,4.1,2.6,4.7,3.4,1.4,4.4,2.9,7.6,0.5,10.6,3.5,4.8,2.8,5,4.8,3.1,4.2,4.1,3.1,3.7,5,5.2,4.5,2.4,3.4,5.7,3.4,33.1,2.5,4.7,5.2,5.9,3.1,,,,,,,,,,,,,,,,,,,,,,,,,,,,,,,,,,,,,,,,,26.6,26.9,27.6,26.5,26.5,26.4,26.6,27.2,26.8,26.7,26.8,25.4,26.7,27,27.6,27,26.7,26,26.6,26.1,26.7,27.2,27.4,27.1,27,27.1,26.2,26,27.6,26.6,26.5,80,81,79,78,78,79,74,80,57,77,68,78,80,71,68,77,81,73,74,77,79,82,77,55,82,80,80,81,53,77,74,0,0,0.1,0,0,0,0,0,0,0,0,0,0,0,0,0,0,0,0,0,0,0,0,0,0,0,0,0,0,0,0,22,20.5,11.9,18.4,17,18.3,20.9,23.4,7.4,17.7,10,21.6,19.4,16.3,11.5,12.7,14.8,13.3,18.4,18,16.3,19.1,20.5,3.1,24.3,19.1,19.5,20.2,5.2,19.1,19.9,26.6,25.2,12.6,21.2,18.7,22,24.5,28.4,6.8,21.2,10.1,25.2,23.8,18.4,13,15.1,17.3,14,23,20.2,19.4,23.4,25.2,7.2,29.2,23.4,23.4,22.3,11.2,23.4,22.7,,,,,,22.2204,114.2127
2026-10-12T23:00,,,,,,,,,,,,,,,,,,,,,,,,,,,,,,,,,,,,,,,,,,,,,,,,,,,,,,,,,,,,,,,,,,,,,,,,,,,,,,,,,,,,,,,,,,,,,,,,,,,,,,,,,,,,,,,,,,,,,,,,,5.6,4.6,3,5.6,4.2,3.4,3.1,4,2.3,3.9,3.4,2.2,4.3,2.6,7.5,1.1,10.7,3.1,4.4,2.8,4.3,4.4,2.9,4.5,3.4,2.8,3.6,5.1,4.7,4.3,2.1,3.1,5.6,3.3,30.6,2.3,3.9,5,5.6,2.9,,,,,,,,,,,,,,,,,,,,,,,,,,,,,,,,,,,,,,,,,26.6,26.9,27.5,26.5,26.5,26.4,26.6,27.1,26.7,26.6,26.7,25.3,26.6,26.9,27.5,27,26.7,26,26.6,26.1,26.7,27.2,27.4,27,26.9,27.1,26.2,26,27.3,26.6,26.6,80,82,80,79,79,80,74,81,57,79,69,80,81,73,69,77,81,73,74,78,79,82,78,55,82,81,81,81,54,77,75,0,0,0.1,0,0,0,0,0,0,0,0,0,0,0,0,0,0,0,0,0,0,0,0,0,0,0,0,0,0,0,0,21.7,21,12.4,17.7,15.9,17.8,20.9,23.1,8.1,18.1,9.7,22.1,19.1,17.2,10.5,11.9,13.8,12.6,18,17.3,15.9,18.7,19.8,1.6,24.6,18.8,19.1,19.5,5.4,18.7,19.2,25.9,25.6,13.7,20.5,18,21.2,24.8,28.4,8.6,21.6,9.7,25.9,23.4,19.4,11.9,14.4,15.8,13.7,23,19.8,19.4,23,24.8,6.1,29.5,23,23,22,10.1,22.7,22,,,,,,22.2204,114.2127
