time,temperature_2m_icon_seamless_eps (°C),temperature_2m_member01_icon_seamless_eps (°C),temperature_2m_member02_icon_seamless_eps (°C),temperature_2m_member03_icon_seamless_eps (°C),temperature_2m_member04_icon_seamless_eps (°C),temperature_2m_member05_icon_seamless_eps (°C),temperature_2m_member06_icon_seamless_eps (°C),temperature_2m_member07_icon_seamless_eps (°C),temperature_2m_member08_icon_seamless_eps (°C),temperature_2m_member09_icon_seamless_eps (°C),temperature_2m_member10_icon_seamless_eps (°C),temperature_2m_member11_icon_seamless_eps (°C),temperature_2m_member12_icon_seamless_eps (°C),temperature_2m_member13_icon_seamless_eps (°C),temperature_2m_member14_icon_seamless_eps (°C),temperature_2m_member15_icon_seamless_eps (°C),temperature_2m_member16_icon_seamless_eps (°C),temperature_2m_member17_icon_seamless_eps (°C),temperature_2m_member18_icon_seamless_eps (°C),temperature_2m_member19_icon_seamless_eps (°C),temperature_2m_member20_icon_seamless_eps (°C),temperature_2m_member21_icon_seamless_eps (°C),temperature_2m_member22_icon_seamless_eps (°C),temperature_2m_member23_icon_seamless_eps (°C),temperature_2m_member24_icon_seamless_eps (°C),temperature_2m_member25_icon_seamless_eps (°C),temperature_2m_member26_icon_seamless_eps (°C),temperature_2m_member27_icon_seamless_eps (°C),temperature_2m_member28_icon_seamless_eps (°C),temperature_2m_member29_icon_seamless_eps (°C),temperature_2m_member30_icon_seamless_eps (°C),temperature_2m_member31_icon_seamless_eps (°C),temperature_2m_member32_icon_seamless_eps (°C),temperature_2m_member33_icon_seamless_eps (°C),temperature_2m_member34_icon_seamless_eps (°C),temperature_2m_member35_icon_seamless_eps (°C),temperature_2m_member36_icon_seamless_eps (°C),temperature_2m_member37_icon_seamless_eps (°C),temperature_2m_member38_icon_seamless_eps (°C),temperature_2m_member39_icon_seamless_eps (°C),relativehumidity_2m_icon_seamless_eps (%),relativehumidity_2m_member01_icon_seamless_eps (%),relativehumidity_2m_member02_icon_seamless_eps (%),relativehumidity_2m_member03_icon_seamless_eps (%),relativehumidity_2m_member04_icon_seamless_eps (%),relativehumidity_2m_member05_icon_seamless_eps (%),relativehumidity_2m_member06_icon_seamless_eps (%),relativehumidity_2m_member07_icon_seamless_eps (%),relativehumidity_2m_member08_icon_seamless_eps (%),relativehumidity_2m_member09_icon_seamless_eps (%),relativehumidity_2m_member10_icon_seamless_eps (%),relativehumidity_2m_member11_icon_seamless_eps (%),relativehumidity_2m_member12_icon_seamless_eps (%),relativehumidity_2m_member13_icon_seamless_eps (%),relativehumidity_2m_member14_icon_seamless_eps (%),relativehumidity_2m_member15_icon_seamless_eps (%),relativehumidity_2m_member16_icon_seamless_eps (%),relativehumidity_2m_member17_icon_seamless_eps (%),relativehumidity_2m_member18_icon_seamless_eps (%),relativehumidity_2m_member19_icon_seamless_eps (%),relativehumidity_2m_member20_icon_seamless_eps (%),relativehumidity_2m_member21_icon_seamless_eps (%),relativehumidity_2m_member22_icon_seamless_eps (%),relativehumidity_2m_member23_icon_seamless_eps (%),relativehumidity_2m_member24_icon_seamless_eps (%),relativehumidity_2m_member25_icon_seamless_eps (%),relativehumidity_2m_member26_icon_seamless_eps (%),relativehumidity_2m_member27_icon_seamless_eps (%),relativehumidity_2m_member28_icon_seamless_eps (%),relativehumidity_2m_member29_icon_seamless_eps (%),relativehumidity_2m_member30_icon_seamless_eps (%),relativehumidity_2m_member31_icon_seamless_eps (%),relativehumidity_2m_member32_icon_seamless_eps (%),relativehumidity_2m_member33_icon_seamless_eps (%),relativehumidity_2m_member34_icon_seamless_eps (%),relativehumidity_2m_member35_icon_seamless_eps (%),relativehumidity_2m_member36_icon_seamless_eps (%),relativehumidity_2m_member37_icon_seamless_eps (%),relativehumidity_2m_member38_icon_seamless_eps (%),relativehumidity_2m_member39_icon_seamless_eps (%),rain_icon_seamless_eps (mm),rain_member01_icon_seamless_eps (mm),rain_member02_icon_seamless_eps (mm),rain_member03_icon_seamless_eps (mm),rain_member04_icon_seamless_eps (mm),rain_member05_icon_seamless_eps (mm),rain_member06_icon_seamless_eps (mm),rain_member07_icon_seamless_eps (mm),rain_member08_icon_seamless_eps (mm),rain_member09_icon_seamless_eps (mm),rain_member10_icon_seamless_eps (mm),rain_member11_icon_seamless_eps (mm),rain_member12_icon_seamless_eps (mm),rain_member13_icon_seamless_eps (mm),rain_member14_icon_seamless_eps (mm),rain_member15_icon_seamless_eps (mm),rain_member16_icon_seamless_eps (mm),rain_member17_icon_seamless_eps (mm),rain_member18_icon_seamless_eps (mm),rain_member19_icon_seamless_eps (mm),rain_member20_icon_seamless_eps (mm),rain_member21_icon_seamless_eps (mm),rain_member22_icon_seamless_eps (mm),rain_member23_icon_seamless_eps (mm),rain_member24_icon_seamless_eps (mm),rain_member25_icon_seamless_eps (mm),rain_member26_icon_seamless_eps (mm),rain_member27_icon_seamless_eps (mm),rain_member28_icon_seamless_eps (mm),rain_member29_icon_seamless_eps (mm),rain_member30_icon_seamless_eps (mm),rain_member31_icon_seamless_eps (mm),rain_member32_icon_seamless_eps (mm),rain_member33_icon_seamless_eps (mm),rain_member34_icon_seamless_eps (mm),rain_member35_icon_seamless_eps (mm),rain_member36_icon_seamless_eps (mm),rain_member37_icon_seamless_eps (mm),rain_member38_icon_seamless_eps (mm),rain_member39_icon_seamless_eps (mm),windspeed_10m_icon_seamless_eps (km/h),windspeed_10m_member01_icon_seamless_eps (km/h),windspeed_10m_member02_icon_seamless_eps (km/h),windspeed_10m_member03_icon_seamless_eps (km/h),windspeed_10m_member04_icon_seamless_eps (km/h),windspeed_10m_member05_icon_seamless_eps (km/h),windspeed_10m_member06_icon_seamless_eps (km/h),windspeed_10m_member07_icon_seamless_eps (km/h),windspeed_10m_member08_icon_seamless_eps (km/h),windspeed_10m_member09_icon_seamless_eps (km/h),windspeed_10m_member10_icon_seamless_eps (km/h),windspeed_10m_member11_icon_seamless_eps (km/h),windspeed_10m_member12_icon_seamless_eps (km/h),windspeed_10m_member13_icon_seamless_eps (km/h),windspeed_10m_member14_icon_seamless_eps (km/h),windspeed_10m_member15_icon_seamless_eps (km/h),windspeed_10m_member16_icon_seamless_eps (km/h),windspeed_10m_member17_icon_seamless_eps (km/h),windspeed_10m_member18_icon_seamless_eps (km/h),windspeed_10m_member19_icon_seamless_eps (km/h),windspeed_10m_member20_icon_seamless_eps (km/h),windspeed_10m_member21_icon_seamless_eps (km/h),windspeed_10m_member22_icon_seamless_eps (km/h),windspeed_10m_member23_icon_seamless_eps (km/h),windspeed_10m_member24_icon_seamless_eps (km/h),windspeed_10m_member25_icon_seamless_eps (km/h),windspeed_10m_member26_icon_seamless_eps (km/h),windspeed_10m_member27_icon_seamless_eps (km/h),windspeed_10m_member28_icon_seamless_eps (km/h),windspeed_10m_member29_icon_seamless_eps (km/h),windspeed_10m_member30_icon_seamless_eps (km/h),windspeed_10m_member31_icon_seamless_eps (km/h),windspeed_10m_member32_icon_seamless_eps (km/h),windspeed_10m_member33_icon_seamless_eps (km/h),windspeed_10m_member34_icon_seamless_eps (km/h),windspeed_10m_member35_icon_seamless_eps (km/h),windspeed_10m_member36_icon_seamless_eps (km/h),windspeed_10m_member37_icon_seamless_eps (km/h),windspeed_10m_member38_icon_seamless_eps (km/h),windspeed_10m_member39_icon_seamless_eps (km/h),windgusts_10m_icon_seamless_eps (km/h),windgusts_10m_member01_icon_seamless_eps (km/h),windgusts_10m_member02_icon_seamless_eps (km/h),windgusts_10m_member03_icon_seamless_eps (km/h),windgusts_10m_member04_icon_seamless_eps (km/h),windgusts_10m_member05_icon_seamless_eps (km/h),windgusts_10m_member06_icon_seamless_eps (km/h),windgusts_10m_member07_icon_seamless_eps (km/h),windgusts_10m_member08_icon_seamless_eps (km/h),windgusts_10m_member09_icon_seamless_eps (km/h),windgusts_10m_member10_icon_seamless_eps (km/h),windgusts_10m_member11_icon_seamless_eps (km/h),windgusts_10m_member12_icon_seamless_eps (km/h),windgusts_10m_member13_icon_seamless_eps (km/h),windgusts_10m_member14_icon_seamless_eps (km/h),windgusts_10m_member15_icon_seamless_eps (km/h),windgusts_10m_member16_icon_seamless_eps (km/h),windgusts_10m_member17_icon_seamless_eps (km/h),windgusts_10m_member18_icon_seamless_eps (km/h),windgusts_10m_member19_icon_seamless_eps (km/h),windgusts_10m_member20_icon_seamless_eps (km/h),windgusts_10m_member21_icon_seamless_eps (km/h),windgusts_10m_member22_icon_seamless_eps (km/h),windgusts_10m_member23_icon_seamless_eps (km/h),windgusts_10m_member24_icon_seamless_eps (km/h),windgusts_10m_member25_icon_seamless_eps (km/h),windgusts_10m_member26_icon_seamless_eps (km/h),windgusts_10m_member27_icon_seamless_eps (km/h),windgusts_10m_member28_icon_seamless_eps (km/h),windgusts_10m_member29_icon_seamless_eps (km/h),windgusts_10m_member30_icon_seamless_eps (km/h),windgusts_10m_member31_icon_seamless_eps (km/h),windgusts_10m_member32_icon_seamless_eps (km/h),windgusts_10m_member33_icon_seamless_eps (km/h),windgusts_10m_member34_icon_seamless_eps (km/h),windgusts_10m_member35_icon_seamless_eps (km/h),windgusts_10m_member36_icon_seamless_eps (km/h),windgusts_10m_member37_icon_seamless_eps (km/h),windgusts_10m_member38_icon_seamless_eps (km/h),windgusts_10m_member39_icon_seamless_eps (km/h),temperature_2m_ncep_gefs_seamless (°C),temperature_2m_member01_ncep_gefs_seamless (°C),temperature_2m_member02_ncep_gefs_seamless (°C),temperature_2m_member03_ncep_gefs_seamless (°C),temperature_2m_member04_ncep_gefs_seamless (°C),temperature_2m_member05_ncep_gefs_seamless (°C),temperature_2m_member06_ncep_gefs_seamless (°C),temperature_2m_member07_ncep_gefs_seamless (°C),temperature_2m_member08_ncep_gefs_seamless (°C),temperature_2m_member09_ncep_gefs_seamless (°C),temperature_2m_member10_ncep_gefs_seamless (°C),temperature_2m_member11_ncep_gefs_seamless (°C),temperature_2m_member12_ncep_gefs_seamless (°C),temperature_2m_member13_ncep_gefs_seamless (°C),temperature_2m_member14_ncep_gefs_seamless (°C),temperature_2m_member15_ncep_gefs_seamless (°C),temperature_2m_member16_ncep_gefs_seamless (°C),temperature_2m_member17_ncep_gefs_seamless (°C),temperature_2m_member18_ncep_gefs_seamless (°C),temperature_2m_member19_ncep_gefs_seamless (°C),temperature_2m_member20_ncep_gefs_seamless (°C),temperature_2m_member21_ncep_gefs_seamless (°C),temperature_2m_member22_ncep_gefs_seamless (°C),temperature_2m_member23_ncep_gefs_seamless (°C),temperature_2m_member24_ncep_gefs_seamless (°C),temperature_2m_member25_ncep_gefs_seamless (°C),temperature_2m_member26_ncep_gefs_seamless (°C),temperature_2m_member27_ncep_gefs_seamless (°C),temperature_2m_member28_ncep_gefs_seamless (°C),temperature_2m_member29_ncep_gefs_seamless (°C),temperature_2m_member30_ncep_gefs_seamless (°C),relativehumidity_2m_ncep_gefs_seamless (%),relativehumidity_2m_member01_ncep_gefs_seamless (%),relativehumidity_2m_member02_ncep_gefs_seamless (%),relativehumidity_2m_member03_ncep_gefs_seamless (%),relativehumidity_2m_member04_ncep_gefs_seamless (%),relativehumidity_2m_member05_ncep_gefs_seamless (%),relativehumidity_2m_member06_ncep_gefs_seamless (%),relativehumidity_2m_member07_ncep_gefs_seamless (%),relativehumidity_2m_member08_ncep_gefs_seamless (%),relativehumidity_2m_member09_ncep_gefs_seamless (%),relativehumidity_2m_member10_ncep_gefs_seamless (%),relativehumidity_2m_member11_ncep_gefs_seamless (%),relativehumidity_2m_member12_ncep_gefs_seamless (%),relativehumidity_2m_member13_ncep_gefs_seamless (%),relativehumidity_2m_member14_ncep_gefs_seamless (%),relativehumidity_2m_member15_ncep_gefs_seamless (%),relativehumidity_2m_member16_ncep_gefs_seamless (%),relativehumidity_2m_member17_ncep_gefs_seamless (%),relativehumidity_2m_member18_ncep_gefs_seamless (%),relativehumidity_2m_member19_ncep_gefs_seamless (%),relativehumidity_2m_member20_ncep_gefs_seamless (%),relativehumidity_2m_member21_ncep_gefs_seamless (%),relativehumidity_2m_member22_ncep_gefs_seamless (%),relativehumidity_2m_member23_ncep_gefs_seamless (%),relativehumidity_2m_member24_ncep_gefs_seamless (%),relativehumidity_2m_member25_ncep_gefs_seamless (%),relativehumidity_2m_member26_ncep_gefs_seamless (%),relativehumidity_2m_member27_ncep_gefs_seamless (%),relativehumidity_2m_member28_ncep_gefs_seamless (%),relativehumidity_2m_member29_ncep_gefs_seamless (%),relativehumidity_2m_member30_ncep_gefs_seamless (%),rain_ncep_gefs_seamless (mm),rain_member01_ncep_gefs_seamless (mm),rain_member02_ncep_gefs_seamless (mm),rain_member03_ncep_gefs_seamless (mm),rain_member04_ncep_gefs_seamless (mm),rain_member05_ncep_gefs_seamless (mm),rain_member06_ncep_gefs_seamless (mm),rain_member07_ncep_gefs_seamless (mm),rain_member08_ncep_gefs_seamless (mm),rain_member09_ncep_gefs_seamless (mm),rain_member10_ncep_gefs_seamless (mm),rain_member11_ncep_gefs_seamless (mm),rain_member12_ncep_gefs_seamless (mm),rain_member13_ncep_gefs_seamless (mm),rain_member14_ncep_gefs_seamless (mm),rain_member15_ncep_gefs_seamless (mm),rain_member16_ncep_gefs_seamless (mm),rain_member17_ncep_gefs_seamless (mm),rain_member18_ncep_gefs_seamless (mm),rain_member19_ncep_gefs_seamless (mm),rain_member20_ncep_gefs_seamless (mm),rain_member21_ncep_gefs_seamless (mm),rain_member22_ncep_gefs_seamless (mm),rain_member23_ncep_gefs_seamless (mm),rain_member24_ncep_gefs_seamless (mm),rain_member25_ncep_gefs_seamless (mm),rain_member26_ncep_gefs_seamless (mm),rain_member27_ncep_gefs_seamless (mm),rain_member28_ncep_gefs_seamless (mm),rain_member29_ncep_gefs_seamless (mm),rain_member30_ncep_gefs_seamless (mm),windspeed_10m_ncep_gefs_seamless (km/h),windspeed_10m_member01_ncep_gefs_seamless (km/h),windspeed_10m_member02_ncep_gefs_seamless (km/h),windspeed_10m_member03_ncep_gefs_seamless (km/h),windspeed_10m_member04_ncep_gefs_seamless (km/h),windspeed_10m_member05_ncep_gefs_seamless (km/h),windspeed_10m_member06_ncep_gefs_seamless (km/h),windspeed_10m_member07_ncep_gefs_seamless (km/h),windspeed_10m_member08_ncep_gefs_seamless (km/h),windspeed_10m_member09_ncep_gefs_seamless (km/h),windspeed_10m_member10_ncep_gefs_seamless (km/h),windspeed_10m_member11_ncep_gefs_seamless (km/h),windspeed_10m_member12_ncep_gefs_seamless (km/h),windspeed_10m_member13_ncep_gefs_seamless (km/h),windspeed_10m_member14_ncep_gefs_seamless (km/h),windspeed_10m_member15_ncep_gefs_seamless (km/h),windspeed_10m_member16_ncep_gefs_seamless (km/h),windspeed_10m_member17_ncep_gefs_seamless (km/h),windspeed_10m_member18_ncep_gefs_seamless (km/h),windspeed_10m_member19_ncep_gefs_seamless (km/h),windspeed_10m_member20_ncep_gefs_seamless (km/h),windspeed_10m_member21_ncep_gefs_seamless (km/h),windspeed_10m_member22_ncep_gefs_seamless (km/h),windspeed_10m_member23_ncep_gefs_seamless (km/h),windspeed_10m_member24_ncep_gefs_seamless (km/h),windspeed_10m_member25_ncep_gefs_seamless (km/h),windspeed_10m_member26_ncep_gefs_seamless (km/h),windspeed_10m_member27_ncep_gefs_seamless (km/h),windspeed_10m_member28_ncep_gefs_seamless (km/h),windspeed_10m_member29_ncep_gefs_seamless (km/h),windspeed_10m_member30_ncep_gefs_seamless (km/h),windgusts_10m_ncep_gefs_seamless (km/h),windgusts_10m_member01_ncep_gefs_seamless (km/h),windgusts_10m_member02_ncep_gefs_seamless (km/h),windgusts_10m_member03_ncep_gefs_seamless (km/h),windgusts_10m_member04_ncep_gefs_seamless (km/h),windgusts_10m_member05_ncep_gefs_seamless (km/h),windgusts_10m_member06_ncep_gefs_seamless (km/h),windgusts_10m_member07_ncep_gefs_seamless (km/h),windgusts_10m_member08_ncep_gefs_seamless (km/h),windgusts_10m_member09_ncep_gefs_seamless (km/h),windgusts_10m_member10_ncep_gefs_seamless (km/h),windgusts_10m_member11_ncep_gefs_seamless (km/h),windgusts_10m_member12_ncep_gefs_seamless (km/h),windgusts_10m_member13_ncep_gefs_seamless (km/h),windgusts_10m_member14_ncep_gefs_seamless (km/h),windgusts_10m_member15_ncep_gefs_seamless (km/h),windgusts_10m_member16_ncep_gefs_seamless (km/h),windgusts_10m_member17_ncep_gefs_seamless (km/h),windgusts_10m_member18_ncep_gefs_seamless (km/h),windgusts_10m_member19_ncep_gefs_seamless (km/h),windgusts_10m_member20_ncep_gefs_seamless (km/h),windgusts_10m_member21_ncep_gefs_seamless (km/h),windgusts_10m_member22_ncep_gefs_seamless (km/h),windgusts_10m_member23_ncep_gefs_seamless (km/h),windgusts_10m_member24_ncep_gefs_seamless (km/h),windgusts_10m_member25_ncep_gefs_seamless (km/h),windgusts_10m_member26_ncep_gefs_seamless (km/h),windgusts_10m_member27_ncep_gefs_seamless (km/h),windgusts_10m_member28_ncep_gefs_seamless (km/h),windgusts_10m_member29_ncep_gefs_seamless (km/h),windgusts_10m_member30_ncep_gefs_seamless (km/h),temperature_2m_ecmwf_ifs04 (°C),relativehumidity_2m_ecmwf_ifs04 (%),rain_ecmwf_ifs04 (mm),windspeed_10m_ecmwf_ifs04 (km/h),windgusts_10m_ecmwf_ifs04 (undefined),latitude,longitude
2026-08-04T00:00,26.7,26.9,26.3,27,26.9,26.7,25.7,25.9,26.4,26.3,26.4,26.2,26.2,27,26.2,26.2,26.4,26.7,26.7,26.1,26.5,26.4,26.5,26,27,26.6,26,26,26,26.5,26.2,26.1,26.1,26.5,26.4,26,26.2,26.6,26.1,26.1,91,91,95,90,91,91,94,94,93,93,96,94,94,93,93,94,92,93,91,97,93,95,92,94,92,91,92,92,95,91,93,96,94,92,96,96,96,91,95,94,0,0,0,0,0,0,0,0,0,0,0,0,0,0,0,0,0,0,0.4,0,2.3,0,0,0,0,0,0,0,0,0,0,0,0,0,0,0.1,1,0,0,0,1.8,2.5,2.7,1.8,1.1,1.3,3.1,0.7,2.9,1.9,3.8,1.5,1,4.8,4.1,3.1,2.5,3.3,2.5,2.5,6.1,3.7,2.5,5.1,3.2,1,1.3,0.4,2.6,1.5,7.2,2.9,3.1,2.4,3.6,3.3,3.8,1.5,4.6,4.1,,,,,,,,,,,,,,,,,,,,,,,,,,,,,,,,,,,,,,,,,26.9,27,27.1,27.1,26.8,26.7,27.1,26.7,26.9,27,27,26.8,26.9,26.7,26.8,27.1,27,26.9,26.9,26.8,26.9,27,26.3,26.9,26.9,26.9,26.6,26.7,27,26.9,26.8,88,89,88,89,87,87,87,86,90,86,87,88,87,87,87,90,89,89,87,88,88,87,87,86,88,88,88,84,89,87,87,0.1,0.1,0,0.1,0,0.1,0,0,0.1,0,0,0.4,0,0.5,0,0.2,0.1,0,0,0,0.1,0.1,0.2,0,0.3,0.2,0,0,0,0,0,7.6,7.1,11.9,10.1,7.2,6.8,8,6.6,9.8,8.2,8.6,8.6,4.3,5.4,3.7,8.9,4.8,7.6,10.6,9.2,8.2,8.7,10.5,8.6,7.1,10.1,8.2,6.4,13.9,6.9,8,9.7,8.6,15.1,13.3,7.6,9.4,10.1,7.9,11.9,10.4,10.8,11.5,5.8,7.2,5,11.9,6.8,10.4,13.3,11.9,9.7,9.7,12.2,10.4,9.4,12.2,10.1,8.6,17.3,8.3,11.5,,,,,,22.2204,114.2127
2026-08-04T01:00,26.6,26.9,26.4,27,26.8,26.6,25.8,25.9,26.4,26.2,26.5,26.1,26,27,26.3,26.2,26.4,26.7,26.6,26,26.5,26.5,26.6,26,27.1,26.5,26,26,26.1,26.4,26.1,26,26.1,26.5,26.3,26.1,26.2,26.6,26.1,26.1,92,90,95,89,92,91,94,94,94,93,96,93,94,93,93,94,92,93,92,97,93,94,91,94,92,91,92,93,95,91,93,96,94,91,97,96,96,91,95,95,0,0,0,0,0,0,0,0,0,0,0,0,0,0,0,0,0,0,0.2,0,2,0,0,0,0,0,0,0,0,0,0,0,0,0,0,0,0.1,0,0,0.1,2.1,2.8,2.6,1.8,2.2,2.2,2.1,2.4,1.9,2.1,3,1.6,1.4,4.3,2.6,2.5,1.5,2.4,2.8,2,5.7,3,2.2,3.3,2.9,1.3,0.5,1.4,1.5,1.9,5.4,2.1,2.5,2.2,2.4,2.8,2.6,1.3,3.3,3.1,,,,,,,,,,,,,,,,,,,,,,,,,,,,,,,,,,,,,,,,,26.9,27,27,27.1,26.8,26.7,27.1,26.7,26.9,27,27,26.8,26.8,26.8,26.8,27.1,27,26.9,26.9,26.9,26.9,26.9,26.4,26.9,26.9,26.8,26.6,26.6,26.9,26.9,26.8,88,88,88,88,86,86,87,86,89,86,88,87,86,86,86,89,89,88,88,87,88,88,87,86,88,88,87,83,88,86,86,0.1,0.1,0,0.1,0,0.1,0,0,0.1,0,0,0.4,0,0.5,0,0.2,0.1,0,0,0,0.1,0.1,0.2,0,0.3,0.2,0,0,0,0,0,7.3,8.1,10.1,9.9,5.4,6,8.1,6,8.3,8.9,8.2,7.9,4.2,5.9,4.1,8,4.1,8.3,9.8,8.7,8.9,8.3,10.2,7.5,7.1,11.1,7.7,5.4,10.6,7.8,5.2,9.4,9.7,13,13.3,5.8,7.9,9.7,7.6,10.1,10.8,10.8,10.8,5.8,7.2,5,10.8,5.4,11.9,12.2,11.5,10.8,9.4,11.9,9,9.4,13.7,9.4,7.2,13.3,9,9,,,,,,22.2204,114.2127
2026-08-04T02:00,26.5,26.8,26.3,27,26.7,26.6,25.9,25.8,26.5,26.1,26.5,26,25.9,27.1,26.4,26.3,26.4,26.7,26.5,26,26.4,26.5,26.5,26.1,27.2,26.4,25.9,25.9,26,26.4,26,25.9,26,26.4,26.3,26.1,26.3,26.6,26,26.1,92,91,95,89,92,91,93,94,93,94,96,94,95,93,92,94,91,93,92,97,93,94,92,93,91,92,93,93,94,91,95,97,95,92,97,96,95,91,95,93,0,0,0,0,0,0,0,0,0,0,0,0,0,0.3,0,0,0.2,0,0.5,0,1.6,0.5,0,0,0.5,0,0,0,0,0,0,0,0,0,0,0,0,0,0,0,2.3,2.6,3.1,1.9,3,2.5,1.6,3.8,1.8,2.1,2.9,1.5,2.2,3.6,1.8,2.5,1.4,2.5,2.6,1.4,6.2,1.8,2.4,2.2,2.2,2.3,1.1,1.8,0.7,3.6,3.1,2.7,2.5,1.8,1.8,1.8,1.6,1.3,2.2,0.4,,,,,,,,,,,,,,,,,,,,,,,,,,,,,,,,,,,,,,,,,26.9,27,27,27.1,26.8,26.7,27.1,26.6,26.9,27,27,26.8,26.7,26.8,26.7,27,26.9,26.9,26.9,27,27,26.8,26.5,26.8,26.8,26.8,26.6,26.6,26.9,26.9,26.8,88,88,88,88,86,86,87,86,89,86,88,87,86,86,86,89,89,88,88,87,88,88,86,85,88,88,87,83,88,86,86,0.1,0.1,0,0.1,0,0.1,0,0,0.1,0,0,0.4,0,0.5,0,0.2,0.1,0,0,0,0.1,0.1,0.2,0,0.3,0.2,0,0,0,0,0,6.6,8.2,9,10,3.6,5.5,7.7,5.9,7.2,8.7,8.1,7.7,4,6.8,4.5,7.9,4,9.7,9.4,8.5,9,7.6,10.1,6.7,7.5,11.7,7.1,4.3,7.8,7.4,3.8,8.6,10.1,11.5,13,4.3,6.8,9.4,6.8,8.6,10.4,10.4,10.1,5.4,7.9,5.4,10.1,4.7,12.6,11.2,10.8,11.2,9,11.9,7.6,9,14.4,9,6.1,10.1,9,6.8,,,,,,22.2204,114.2127
2026-08-04T03:00,26.4,26.7,26.2,26.8,26.5,26.5,25.8,25.6,26.4,25.9,26.6,25.9,25.7,27,26.3,26.3,26.3,26.6,26.5,26.1,26.4,26.3,26.3,26,27.2,26.2,25.8,25.9,25.9,26.3,26,25.8,26,26.3,26.2,26,26.2,26.5,26,26,93,91,95,90,93,91,93,96,93,95,96,94,95,93,92,94,91,94,92,96,92,93,92,93,90,92,93,93,95,92,95,98,96,92,97,96,94,91,94,94,0,0,0,0.1,0,0,0,0,0,0,0,0,0,2,0.1,0,0,0,0,0,1,2,0.1,0,0.6,0,0,0,0,0,0,0,0,0,0,0,0,0.2,0,0,2.9,2.5,3.7,2.3,2.6,2.2,1.8,4.2,1.3,2.2,2.9,2.5,2.2,3.3,1.5,1.5,0.4,2.9,2.3,2.6,6.7,1.9,2.6,2.3,2.6,2.8,1.9,1.8,2.3,3.7,2.2,2.9,2.6,2.7,1.8,2.2,0.8,1.5,1.1,1.6,,,,,,,,,,,,,,,,,,,,,,,,,,,,,,,,,,,,,,,,,26.8,26.9,27,27,26.7,26.6,27,26.6,26.9,27,26.9,26.8,26.6,26.7,26.7,27,26.8,26.9,26.9,26.9,27,26.8,26.5,26.8,26.7,26.7,26.6,26.6,26.9,26.8,26.8,88,88,88,88,86,86,87,85,89,86,89,87,86,86,86,89,89,88,88,87,88,88,86,85,88,88,87,83,88,85,86,0.3,0.1,0.2,0.1,0,1.5,0,0,0.9,0.2,0.2,0.5,0.1,1.1,0.4,0.5,1.1,0.3,0.1,0.4,0.5,0.3,0.3,0.3,0.2,0.9,0.6,0.2,0.1,0.7,0,5,7.1,8.8,9.2,1.8,2.9,6.4,4.6,6.9,6.6,7.5,6.5,2.9,7.3,4.7,7.4,1.9,9.2,9.2,7.6,7.9,6.8,9.7,5.4,5.9,11.6,5.8,3.2,5.8,4.3,3.1,7.2,8.6,11.9,11.9,3.6,6.1,7.9,5.4,8.3,8.3,9.4,9,4.3,8.3,6.1,9,4.3,11.9,10.8,9.4,9.7,8.3,11.9,6.5,7.6,14,8.6,5.4,8.3,7.6,5.4,,,,,,22.2204,114.2127
2026-08-04T04:00,26.3,26.6,26.1,26.7,26.3,26.5,25.7,25.7,26.4,25.8,26.5,26,25.6,26.9,26.2,26.3,26.2,26.5,26.4,26,26.4,26.2,26.2,25.9,27,26,25.7,25.8,25.8,26.2,26,25.7,25.9,26.2,26.3,26,26.1,26.5,26,25.9,94,91,95,90,94,92,93,95,93,95,96,94,96,93,92,93,91,95,92,96,91,93,93,95,91,94,93,93,95,93,94,98,97,93,96,96,95,91,94,94,0,0,0,0.3,0,0,0.2,0,0,0,0,0,0,2.6,0.2,0,0,0,0,0,0.6,1.4,0,0,0.2,0,0,0,0,0,0,0,0,0,0,0,0,0,0,0,3.3,3,3.9,2.4,3.3,2.5,2.2,4,3,2.9,3.3,3.2,2.5,3.2,2.4,2.2,3.1,3.3,1,3.9,4.7,1.9,3.3,3.7,3,4.7,2.9,2.5,3.9,4,1.9,3,3.1,2.7,3.7,3.7,2.6,2.9,2.8,2.9,,,,,,,,,,,,,,,,,,,,,,,,,,,,,,,,,,,,,,,,,26.7,26.9,27,26.9,26.7,26.5,26.9,26.6,26.9,26.8,26.9,26.7,26.5,26.5,26.6,26.9,26.7,26.8,26.9,26.9,26.9,26.8,26.5,26.8,26.6,26.7,26.5,26.6,26.9,26.7,26.8,88,88,88,88,86,85,87,85,88,85,89,86,86,86,86,89,88,87,87,87,87,88,85,85,87,87,87,83,88,85,85,0.3,0.1,0.2,0.1,0,1.5,0,0,0.9,0.2,0.2,0.5,0.1,1.1,0.4,0.5,1.1,0.3,0.1,0.4,0.5,0.3,0.3,0.3,0.2,0.9,0.6,0.2,0.1,0.7,0,3.6,5.4,9.9,8.4,2.1,1.5,4.3,3.1,7.3,3.7,6.9,5.5,2.1,8.1,6,6.8,2.4,8.2,9.3,6.4,6.5,6.5,10.5,4.7,3.5,11.1,6.4,3.4,5.5,1.3,3,5.8,6.8,13.3,10.4,3.6,5.4,5.8,3.6,8.3,5,8.6,7.6,3.2,9,6.8,7.6,5,10.1,10.8,7.9,7.9,7.9,12.2,5.8,5.4,13.3,8.6,5,7.6,5.4,4.7,,,,,,22.2204,114.2127
2026-08-04T05:00,26.3,26.5,26.1,26.5,26.2,26.4,25.6,25.7,26.3,25.8,26.5,25.8,25.6,26.7,26.1,26.2,26.2,26.4,26.3,25.9,26.5,26.2,26,25.7,26.7,25.9,25.7,25.8,25.6,26.1,26,25.7,25.8,26.2,26.1,25.9,26,26.4,25.9,25.8,94,92,95,91,96,92,93,95,93,95,97,95,95,94,93,94,91,96,92,97,90,93,95,96,94,95,93,93,96,94,95,98,97,93,96,96,95,91,95,95,0.3,0,0,0.2,0,0,0.1,0,0.3,0,0,0,0,3.7,0.3,0,0,0,0,0,0,0.3,0,0,0,0,0,0,0,0,0,0,0,0,0,0,0.1,0.1,0,0,2.9,3.3,4,3.1,4,3.2,2.9,4.7,4.2,3.3,3.8,2.9,3.3,2.8,3.7,2.5,4.6,3.5,1.4,4.1,2.6,2,3.6,4.4,4.4,4.9,3.3,3.3,4.5,4.4,2.4,3.1,3.6,3.2,4.4,5,5.1,3.3,3.4,4,,,,,,,,,,,,,,,,,,,,,,,,,,,,,,,,,,,,,,,,,26.7,26.9,27,26.9,26.6,26.4,26.9,26.6,26.8,26.8,26.9,26.6,26.5,26.5,26.6,26.9,26.6,26.8,26.8,26.9,26.9,26.9,26.5,26.8,26.6,26.7,26.5,26.6,26.9,26.6,26.8,87,88,88,88,86,85,87,84,88,85,89,86,86,86,86,88,87,87,87,86,87,87,85,85,86,87,87,83,88,84,85,0.3,0.1,0.2,0.1,0,1.5,0,0,0.9,0.2,0.2,0.5,0.1,1.1,0.4,0.5,1.1,0.3,0.1,0.4,0.5,0.3,0.3,0.3,0.2,0.9,0.6,0.2,0.1,0.7,0,5,4.5,11.6,8.7,4.1,4.5,3.6,2.2,8.5,1.8,7.2,6.1,2.6,9.3,7.9,5.7,4.8,7.4,9.5,5.3,5.9,6.7,11.8,4.7,3.7,10.9,8.9,4.9,7.1,3.3,4.1,5.8,5.8,14.8,10.1,4.3,5.4,4.7,2.9,9.4,3.2,8.6,7.2,3.2,10.4,8.3,6.8,5.4,9.4,10.4,6.8,7.6,7.9,12.6,5.8,4.7,13,9.7,5,8.3,4.3,5,,,,,,22.2204,114.2127
2026-08-04T06:00,26.1,26.5,26.1,26.3,26.2,26.4,25.6,25.7,26.1,25.8,26.4,25.8,25.7,26.5,26,26.1,26.1,26.3,26.2,25.9,26.5,26.2,25.9,25.7,26.4,25.9,25.6,25.8,25.4,26,25.9,25.7,25.8,26.1,26,25.8,25.8,26.4,25.6,25.6,94,92,95,91,95,91,94,94,94,94,96,96,95,95,94,94,94,96,92,97,90,93,95,95,96,95,94,93,98,93,95,98,97,93,97,97,97,92,97,95,2.5,0,0,0.2,0,0,0.1,0,1.2,0,0.1,0,0,3.6,0.3,0,0,1.5,0,0,0,0,0,0,0.1,0,0,0,0,0,0,0,0,1.3,0,0,0.5,0.1,0.2,0,1.9,2.9,4.7,3.4,4,2.5,3.3,4.4,2.7,3.4,4.6,2.6,3.6,4.4,3.7,2.7,3.8,4.2,2.5,4.6,2.3,3.1,4,4.8,4,5.1,3.3,3,4.3,4.4,2.9,3.4,3.7,3.2,4.3,4.8,4.8,3.4,4.1,4.1,,,,,,,,,,,,,,,,,,,,,,,,,,,,,,,,,,,,,,,,,26.9,26.9,27,26.9,26.6,26.5,26.9,26.7,26.8,26.7,27,26.6,26.6,26.6,26.7,26.9,26.7,27,26.8,27,26.9,27,26.5,26.9,26.6,26.8,26.6,26.6,26.9,26.7,26.8,86,87,87,87,86,85,87,84,87,85,88,86,85,85,85,87,86,87,87,84,87,86,85,84,85,87,86,83,88,84,85,2,0.8,0.4,0.3,0.3,0.5,0,0.1,1.8,0.2,0.6,0.6,1.4,1.7,0.6,0.8,1.1,0.2,0.7,0.5,1.3,2.2,0.6,0.7,0.4,0.6,2.3,1.3,1,0.5,0.2,7.6,5.2,12.9,9.9,5.7,6.1,3.9,2.6,10.9,1.8,9.4,7.6,4.3,11.6,9.7,4.6,5.9,7.4,9.1,4.8,7.6,7.8,12.9,5.9,5.2,10.8,11.4,6.2,10.3,4.7,6.4,8.6,6.5,15.5,11.5,6.1,6.5,4.7,3.6,12.2,3.2,11.2,8.3,5.4,13.3,10.1,6.8,6.1,9.7,9.7,6.5,9.7,9,13.7,6.8,5.8,13,12.6,6.1,12.2,5.4,7.2,,,,,,22.2204,114.2127
2026-08-04T07:00,26.1,26.7,26.4,26.3,26.4,26.6,25.7,25.9,26.2,26.1,26.5,25.9,26,26.4,26.1,26.2,26.3,26.5,26.5,26.2,26.7,26.2,26.2,25.9,26.5,26.2,25.8,26.1,25.8,26.2,26.1,26,26,26.2,26.4,26,26,26.5,25.8,25.9,94,91,93,92,94,91,94,93,94,93,95,96,94,94,94,94,93,95,91,95,89,93,94,94,95,92,94,92,96,92,96,96,96,94,95,96,96,92,95,94,3.9,0,0,0.3,0,0,0,0,1.3,0,0.3,0,0,4,0.2,0.3,0,2.9,0,0,0,1.4,0,0,0.4,0,0,0,0,0,0,0,0,1.5,0,0.1,0.5,0,0.2,0,2.1,2.7,4.4,3.1,4.3,2.5,3.2,2.9,2.6,2.9,4.8,2.3,2.6,4.1,3.3,2.4,3.9,4.6,2.9,5.5,2.7,2.6,3.6,4.2,4.6,4.7,2.9,3,3.9,3.6,3.9,3.6,3.1,2.6,5.1,4.8,5,2.3,4.9,4.2,,,,,,,,,,,,,,,,,,,,,,,,,,,,,,,,,,,,,,,,,27.1,26.9,27.2,27.1,26.6,26.6,27,26.8,26.8,26.8,27.2,26.7,26.9,26.8,26.9,26.9,26.8,27.2,26.7,27.1,26.9,27.2,26.5,27,26.8,27,26.9,26.6,26.9,26.8,26.8,84,85,86,86,85,84,86,83,87,85,86,85,84,84,84,86,85,86,86,83,86,84,84,83,84,86,84,83,87,84,86,2,0.8,0.4,0.3,0.3,0.5,0,0.1,1.8,0.2,0.6,0.6,1.4,1.7,0.6,0.8,1.1,0.2,0.7,0.5,1.3,2.2,0.6,0.7,0.4,0.6,2.3,1.3,1,0.5,0.2,11.4,6.8,13.9,12,7.9,7.8,4.7,4.2,14.2,3,12.6,9.1,7.4,14.3,11,5.4,6.6,8.6,8.3,5,10.8,9.3,13.4,7.9,7.4,11.3,14.2,6.9,14.2,6.3,9.2,13.3,7.9,16.2,13.7,9,8.3,5.8,4.7,16.2,4.3,14.8,10.1,9,16.6,12.2,7.2,6.8,10.8,8.6,6.5,13.3,10.8,14.8,9,8.3,13,16.6,7.2,17.6,7.2,10.4,,,,,,22.2204,114.2127
2026-08-04T08:00,26.3,27.1,26.8,26.6,26.9,26.9,26.2,26.5,26.7,26.6,26.7,26.4,26.9,26.5,26.6,26.4,26.8,26.9,26.9,26.8,27.1,26.3,26.8,26.2,26.9,26.8,26.5,26.6,26.4,26.6,26.6,26.5,26.5,26.6,27.2,26.3,26.4,26.9,26.4,26.5,94,90,91,91,92,90,93,91,92,91,94,93,91,94,92,94,91,93,90,92,87,93,90,93,93,90,91,91,92,91,93,93,94,92,90,94,94,90,93,91,4.6,0,0,0.2,0,0,0.2,0,1.4,0,0.6,0,0,4.2,0.2,2.2,0,3.8,0.1,0,0,2.6,0,0,0.8,0,0,0,0.1,0,0.8,0,0,1.2,0,0,0.8,0,0.4,0.2,1.9,2.8,3.6,2.2,3.6,1.5,3.7,2.5,2.8,3.1,4.8,2.6,1.8,4.8,3.6,1.8,3.3,4.4,2.5,5.8,4.3,2.4,3.4,4.3,4.5,3.7,2.8,2.9,3.8,2.9,4.1,3.8,3.8,2.1,5.8,4.9,5,3.5,5.1,4.5,,,,,,,,,,,,,,,,,,,,,,,,,,,,,,,,,,,,,,,,,27.2,27,27.3,27.3,26.7,26.7,27.2,26.9,26.8,26.9,27.3,26.9,27.2,27,27.1,27,27,27.4,26.7,27.3,27,27.3,26.6,27.2,27.1,27.2,27,26.7,27,27,27,83,84,85,84,84,84,85,83,86,84,85,84,82,83,83,84,84,85,86,81,86,83,84,82,83,85,83,83,86,83,85,2,0.8,0.4,0.3,0.3,0.5,0,0.1,1.8,0.2,0.6,0.6,1.4,1.7,0.6,0.8,1.1,0.2,0.7,0.5,1.3,2.2,0.6,0.7,0.4,0.6,2.3,1.3,1,0.5,0.2,13.8,8.3,14.8,13,9.5,8.9,5.7,5.2,16.1,4,15.1,9.8,9.5,16.3,12.2,7.3,7.1,10.2,8.3,6,13.4,10.6,13.7,9.4,8.8,11.8,15.4,7.6,16.6,8.1,11.3,16.2,9.4,16.6,14.8,10.4,9.7,6.5,6.1,18.7,5.8,17.6,11.2,11.5,19.1,13.7,7.9,7.6,11.9,9,6.8,16.2,12.2,15.5,10.4,9.7,13.3,18.4,8.3,20.9,9,12.6,,,,,,22.2204,114.2127
2026-08-04T09:00,26.4,27.7,27.3,27.5,27.7,27.3,26.7,27.4,27.2,27.5,27,27.1,28.1,26.8,27.2,26.7,27.5,27.4,27.5,27.4,27.8,26.6,27.6,26.7,27.5,27.9,27.4,27.5,27.1,27.3,27.3,27.2,26.9,27.3,28.3,26.7,27.3,27.2,27.1,27.3,94,86,90,86,88,89,91,87,90,86,92,89,84,92,90,93,88,91,88,89,84,92,86,90,91,84,87,86,90,89,90,90,91,88,84,92,91,89,90,88,4.6,0,0,0,0,0,0.5,0,1.7,0,1.1,0,0.2,0.9,0.4,2.6,0.2,3.6,0.4,0.1,0,2.2,0,0,1.2,0,0.4,0,0.2,0,0.1,0,0.1,0.6,0,0,0.8,0.6,0.6,0.2,1.6,2.9,3.2,0.8,3.3,0.8,4,2.9,3.2,3.7,4.5,3.4,1.5,5.2,3.5,2.3,2.6,5.1,2.5,5.6,4.7,3,3.6,4.7,5.4,2.5,2.4,2.9,2.7,2.9,4,3.6,4,3.4,6,4.7,4.6,2.9,5.5,4.7,,,,,,,,,,,,,,,,,,,,,,,,,,,,,,,,,,,,,,,,,27.2,26.9,27.4,27.7,26.8,26.8,27.5,27.1,26.8,27.2,27.4,27.2,27.6,26.9,27.6,27.2,27.1,27.8,26.8,27.4,27,27.2,26.7,27.4,27.6,27.5,26.9,27,27.1,27.4,27.5,83,84,83,82,83,83,83,83,85,82,84,82,80,83,80,82,83,83,85,80,85,82,83,81,80,83,83,81,85,81,82,0.3,0.1,0,0,0.1,0,0,0,0.8,0.1,0.5,0,0.5,1.2,0.3,0,0,0,1,0,0.4,1.1,0.5,0,0,0,0.4,0,0.2,0,0,13.8,9,15,13,8.9,9,6.6,6.5,15.9,5.4,16.3,9.8,10,16.3,12.8,8.8,8.1,11.7,9.8,7.3,15,11.4,13.2,10.5,8.9,12.6,13,7.7,16.1,9.2,11.3,16.2,10.1,16.6,14,10.1,9.7,6.8,7.6,18.4,7.2,18.7,10.4,11.9,19.4,13.7,9,8.6,13,11.5,7.9,18,13.3,15.1,11.2,9.4,13.7,15.8,8.3,20.2,10.1,12.2,,,,,,22.2204,114.2127
2026-08-04T10:00,26.5,28.3,28,28.9,28.7,28,27.2,28.3,27.9,28.2,27.3,27.3,29.3,26.9,27.7,27,28.3,27.8,28.1,28.2,28.7,26.8,28.2,27.2,28.3,29.2,28.1,28.6,28,28.2,28,27.6,27.4,27.9,29.2,27.2,28.4,27.8,28,28.1,93,83,87,81,83,87,89,82,88,83,92,89,77,91,87,91,85,89,85,84,79,91,83,88,88,77,83,80,87,85,86,89,88,87,79,89,87,87,86,84,3.6,0.1,0,0,0,0,0.8,0,1.9,0,1.6,0.3,0,2.4,0.6,1.5,0.1,3.6,0.9,0.1,0,2.4,0,0,0.4,0,0.5,0,0.1,0,0.1,1.7,0,2.3,0,0,0.3,0.8,0.6,0.1,0.5,3.3,2.8,2.2,3.8,1.3,4,2.9,3.3,3.6,2.9,4,1.1,4.1,3.7,2.6,2.5,6,3.4,5.1,5.9,3.5,3.3,3.9,5.1,2.3,2.5,2,2.5,3.3,4.5,3.4,4,2.7,5.4,3.7,5,2.2,6.2,4.7,,,,,,,,,,,,,,,,,,,,,,,,,,,,,,,,,,,,,,,,,27,26.9,27.5,28.1,26.9,26.9,27.8,27.2,26.8,27.6,27.4,27.7,28.1,26.7,28.2,27.5,27.1,28.1,26.9,27.5,27.1,27,26.8,27.6,28.2,27.8,26.7,27.4,27.3,27.9,28.1,84,85,82,79,82,82,80,83,85,80,84,79,77,84,77,81,81,80,84,80,85,82,82,80,77,82,83,79,84,78,78,0.3,0.1,0,0,0.1,0,0,0,0.8,0.1,0.5,0,0.5,1.2,0.3,0,0,0,1,0,0.4,1.1,0.5,0,0,0,0.4,0,0.2,0,0,12.6,9.4,15.3,12,7.8,8.9,7.3,7.6,14.2,7.8,16.4,8.7,10.1,15.1,12.9,10,8.7,13.4,12.6,8.7,16.1,12.2,12.1,10.9,8.3,14,9.2,7.1,13.9,10.4,10.4,14.4,10.1,16.6,12.6,8.6,9.4,7.2,8.6,16.9,9,18.7,9.4,10.8,18.4,13,10.1,9.7,13.7,14.8,9.7,19.1,14,14,11.5,7.9,14.4,11.2,7.6,17.3,10.8,10.8,,,,,,22.2204,114.2127
2026-08-04T11:00,26.7,28.7,28.6,30.2,29.6,28.7,27.9,29.5,28.3,28.7,27.7,27.4,30.3,27,28.2,27.4,28.8,28.2,28.5,28.6,29.6,26.9,29.1,27.6,29,30.3,28.8,29.5,28.7,29,28.5,28.3,28.1,28.2,30,27.7,29.3,28.2,28.7,28.9,92,81,83,75,78,82,87,77,86,80,90,89,71,89,84,91,83,89,83,82,74,91,79,86,84,72,81,75,83,81,84,86,84,86,74,87,83,84,82,80,2.1,0,0,0,0,0,0.8,0,1.9,0,1.8,1.4,0,2,0.6,2.6,0.1,2.5,0.9,0.1,0,2.9,0,0,0.2,0,0.4,0,0.1,0,0.1,1.1,0,2.6,0,0.1,0.1,0.2,0.6,0.1,1.1,2.9,1.9,4,4.3,2.2,4.8,3.4,3,2.9,1.8,4.4,2.1,2.5,4,2.3,1.9,5.6,4.6,5.2,7.6,4.8,2.3,3.4,5.3,1.6,3.6,2.2,2,3.7,5.1,2.9,4.3,3.3,5.2,2.5,6.5,1.5,7.2,6,,,,,,,,,,,,,,,,,,,,,,,,,,,,,,,,,,,,,,,,,27,26.9,27.7,28.5,27.1,27,28.2,27.4,26.9,27.9,27.5,28.1,28.5,26.6,28.7,27.9,27.2,28.4,27.1,27.5,27.2,26.9,26.9,27.8,28.7,28.1,26.6,27.7,27.5,28.4,28.4,84,85,80,77,81,81,77,82,84,78,83,77,75,85,75,79,80,78,83,80,84,82,81,79,74,80,82,77,83,76,75,0.3,0.1,0,0,0.1,0,0,0,0.8,0.1,0.5,0,0.5,1.2,0.3,0,0,0,1,0,0.4,1.1,0.5,0,0,0,0.4,0,0.2,0,0,11.4,9.4,15.2,11.9,6.8,8.2,7.7,7.9,13.1,9.9,16,8.3,10.3,14.5,12.6,10.2,9.1,14.8,14.1,9.8,16.9,12.1,11.9,11.3,7.9,14.6,6.2,7.4,12.1,10.9,10,13,10.1,16.6,11.5,7.6,9,7.6,9,15.5,10.4,18,8.3,10.8,18.4,13,10.8,10.1,14.8,16.9,10.8,19.4,14,13.3,12.2,7.6,14.8,7.9,7.6,14.8,11.2,10.1,,,,,,22.2204,114.2127
2026-08-04T12:00,26.8,28.8,29.1,30.9,30.3,29.4,28,30.7,28.9,29.3,27.9,27.5,30.9,27.3,28.9,27.4,29.3,28.6,28.9,28.6,30.3,26.9,29.5,28,30,31.1,29.4,30.2,29.3,29.5,29,28.5,28.5,28.7,30.3,28.1,30,28.8,29.2,29.4,91,81,79,70,75,77,85,71,83,77,89,88,68,87,81,90,80,86,81,82,70,91,77,85,80,69,77,70,80,78,81,85,81,83,72,84,79,81,79,78,2.1,0,0,0,0,0,0.8,0,1.7,0,2.7,1.6,0.1,1.6,0.5,2.1,0.1,2.6,1.1,0.2,0,3.2,0,0,0.1,0.1,0.3,0,0.1,0,0.2,1.3,0,2,0,0,0.3,0,0.6,0.3,2.3,2.7,2.6,6.8,3.7,2.5,5.4,4.1,4.3,2.9,2.3,4.1,3.4,2.4,4.7,3.4,2.6,5.7,5.1,6.6,9.4,6.8,2.1,2.9,5.8,2.2,4.7,3.4,3.3,3.6,6.3,3.7,4.2,3.9,6.9,2.6,7.1,2.3,8.1,7.2,,,,,,,,,,,,,,,,,,,,,,,,,,,,,,,,,,,,,,,,,27.1,26.9,27.8,28.8,27.2,27,28.7,27.4,26.9,27.9,27.5,28.4,28.5,26.5,29,28.3,27.4,28.6,27.2,27.4,27.4,27,26.9,28.1,29,28.2,26.8,27.8,27.5,28.7,28.4,83,84,78,75,80,80,75,81,83,78,83,76,75,86,74,77,79,77,83,81,83,81,80,77,73,79,81,77,83,75,75,0,0,0,0,0,0,0,0,0.1,0.3,0,0,0.6,0.2,0,0,0,0.1,0.1,0.1,0.1,0,0,0,0,0,0,0,0,0,0,10.6,8.3,15.3,11.7,6.9,7.8,7.2,6.8,12.4,10.8,14.6,8.4,11.5,15.4,12.8,9.8,8,15.8,13.6,10.5,16.6,11.1,12,11.4,8.3,14.9,5.4,8.4,10.9,11.2,10.2,11.9,9.4,16.9,11.2,7.6,9.4,7.6,7.6,14.8,11.5,16.6,8.3,12.2,19.8,13.7,10.4,9.4,16.2,16.2,11.5,19.1,13,13.7,13,8.6,14.8,6.8,8.6,13.3,11.5,10.4,,,,,,22.2204,114.2127
2026-08-04T13:00,26.8,29,29.3,31.6,30.8,30,28.4,31.3,29.3,30,28.2,27.8,31.3,27.2,29.1,27.6,29.5,28.8,29.3,28.6,30.5,26.8,30.3,28.4,30.4,31.6,29.8,30.6,29.6,30.4,29.1,29.3,28.8,28.9,30.5,28.7,30.8,29.2,29.3,29.7,91,79,76,63,73,73,83,67,81,73,87,87,68,88,78,90,79,85,79,82,69,91,73,83,75,67,76,68,79,71,80,82,79,82,71,80,75,79,78,75,1.3,0,0,0,0.2,0,0.6,0,1.2,0,1.3,0,0,2.2,0.4,2.8,0.1,2.1,0.9,0.2,0,3,0,0,0.3,0.5,0.6,0,0.4,0,0.6,0.6,0,1.2,0,0,0.2,0,0.2,0.6,3.2,2.1,3.1,9.1,3.3,3.8,5.9,5.9,5.5,3.5,3.5,3.3,4.5,2.6,6.2,4.1,3.1,6.3,5.7,6.6,10.8,8.4,4.1,3.2,7.4,3.7,5.5,5.9,4.9,5.6,8,3.8,4.5,4.9,8.4,2.7,7.1,3.1,9.4,7.4,,,,,,,,,,,,,,,,,,,,,,,,,,,,,,,,,,,,,,,,,27.4,27.1,28,29,27.3,27.1,29.2,27.5,27,27.8,27.5,28.7,28.4,26.5,29,28.9,27.6,28.7,27.2,27.2,27.6,27.1,26.9,28.5,29.2,28.2,27,27.9,27.4,28.9,28.1,81,83,76,74,78,80,72,80,83,78,83,75,76,86,73,74,77,77,82,82,81,80,80,74,72,79,79,77,83,74,75,0,0,0,0,0,0,0,0,0.1,0.3,0,0,0.6,0.2,0,0,0,0.1,0.1,0.1,0.1,0,0,0,0,0,0,0,0,0,0,9.4,7.2,15.4,12.1,7.1,7.9,6.6,4.8,11.9,11.3,12.3,8.7,13.3,18,14.1,9.5,6.7,17,12.3,10.8,16.3,9.7,12.6,12.2,10,15.2,6.2,10.3,10.1,11.5,10.2,11.2,7.9,17.3,11.5,7.9,9.7,7.2,5.4,14.4,11.9,14.4,8.3,14.4,22.3,14.8,10.1,7.9,17.3,14,11.9,18.4,11.5,14.4,13.7,10.4,14.8,7.2,10.1,12.2,11.5,11.2,,,,,,22.2204,114.2127
2026-08-04T14:00,26.9,29.1,29.6,31.9,30.9,30.2,28.6,31.6,29.4,30.2,28,28.4,31.2,27.3,29.3,27.6,29.7,28.9,29.3,28.7,30.3,26.8,30.8,28.7,30.4,31.4,29.9,30.4,29.5,31,29.2,29.5,28.9,29.1,30.5,29.4,30.8,29.2,29.1,29.7,91,78,76,60,72,71,82,64,81,71,88,84,69,87,78,89,78,84,79,81,71,92,69,81,75,69,74,68,78,64,80,81,78,81,71,77,73,79,78,75,1.4,0.1,0,0,0.6,0,0.4,0,1.9,0,2.4,0,0.3,1.2,0.4,3.1,0.1,1.8,0.9,0.1,0,2,0,0,0.6,1.4,0.2,0,0.9,0,0.9,1.1,0,1.5,0,0,0.8,0,0.1,0.5,3.4,2.8,3.1,10,4.3,5.3,6.7,7.6,5.3,5,4.7,3.5,6.8,1.3,6.9,4.3,2.8,6.8,7.6,5.9,11.3,8,6.9,3.4,7.4,6.6,6.9,6.7,5.6,8.6,7.1,3.9,4.7,5.1,8.7,4.3,8.5,3.6,8.9,7.9,,,,,,,,,,,,,,,,,,,,,,,,,,,,,,,,,,,,,,,,,27.6,27.2,28.1,29.1,27.4,27.2,29.5,27.6,27.2,27.6,27.6,28.9,28.3,26.4,29.1,29.2,27.7,28.7,27.3,27.1,27.7,27.3,26.9,28.8,29.3,28.3,27.3,28,27.4,29.1,27.9,80,82,75,73,77,80,71,78,82,79,82,74,77,87,73,72,77,76,82,83,80,80,79,72,72,78,77,77,83,73,76,0,0,0,0,0,0,0,0,0.1,0.3,0,0,0.6,0.2,0,0,0,0.1,0.1,0.1,0.1,0,0,0,0,0,0,0,0,0,0,8.6,5.8,15.7,12.2,7.6,8.9,5.6,3.7,11.5,11.3,10.9,9.7,14.9,20.4,15.7,10,5.8,17.2,11.2,10.8,15.8,8.3,13.4,13.6,11.8,15.1,6.5,11.9,9.1,11.7,10.6,10.4,6.8,17.6,11.9,8.3,10.4,6.8,4,14,12.2,13,9,15.8,24.1,16.2,9.7,6.8,18,12.6,11.9,17.6,10.1,15.1,14.8,12.2,14.8,7.9,11.5,10.8,11.9,11.9,,,,,,22.2204,114.2127
2026-08-04T15:00,27.1,29.1,29.7,31.7,30.4,30.1,28.7,31.6,29.1,30.2,27.7,28.5,30.1,27.2,29.2,27.4,30,28.7,28.8,28.8,30.1,26.9,30.9,29,30.1,30.5,29.9,30.2,29.1,31.1,29.3,29.4,29,28.9,30.5,29.5,30.3,29.2,29,29.6,90,78,74,59,75,71,80,64,81,71,88,82,74,88,78,90,76,83,80,81,73,91,69,80,75,73,74,69,80,63,79,80,78,81,72,75,74,79,79,74,1,0.3,0,0,1,0,0.2,0,1.6,0,1.8,0,1.7,0.4,0.4,2.1,0.2,2.2,0.9,0,0,0.8,0,0,0.9,2.4,0.1,0,1.2,0,0.3,1.2,0,2.3,0,0,1.9,0,0,0.7,3.9,3.6,3.1,10.8,6.4,5.6,7.3,8.8,5.8,6.5,4.7,4.4,7.9,2.1,6.9,4.6,2.9,7.2,7.3,5.8,10.9,8,7.9,3.4,7,9.2,7.5,7.5,6.2,9.3,6.6,4.6,4.4,7.1,8.2,5.8,8.8,3.8,8.9,8.2,,,,,,,,,,,,,,,,,,,,,,,,,,,,,,,,,,,,,,,,,27.6,27.3,28.2,29.2,27.6,27.2,29.4,28,27.4,27.5,27.9,29,28.2,26.4,29.1,29.3,27.6,28.8,27.4,27.1,27.7,27.3,27,28.9,29.3,28.4,27.7,28,27.5,29,27.9,80,81,74,72,76,80,70,76,81,79,80,73,77,88,73,72,78,75,81,83,79,80,79,72,72,77,76,76,83,72,76,0,0,0,0,0,0,0,0,0,0.1,0,0.4,0.4,0.2,0,0,0,0,0.1,0.1,0,0,0,0,0,0,0,0,0,0,0,8.3,5,16.6,12.7,8.1,9.5,5.2,3.6,11.6,11.1,11,11.5,15.3,22,17.1,11.3,5.2,15.9,11.2,9.7,15.8,6.9,14.3,15,13.2,14.9,7,12.6,7.8,12.3,11.1,10.4,6.5,18.4,12.6,9,11.2,6.8,4,14,12.2,13.3,10.4,16.6,25.6,18,10.8,6.1,16.9,12.6,11.2,17.6,9,16.2,16.6,13.7,15.1,9.4,12.6,9,12.2,12.6,,,,,,22.2204,114.2127
2026-08-04T16:00,27,28.7,29.5,31.2,29.9,30,28.5,31.2,28.7,30,27.3,28.3,29.5,27.3,28.9,27.3,29.8,28.5,28.5,28.9,29.8,26.9,30.8,29.1,30.1,29.7,29.8,29.9,28.7,30.9,29.2,29.3,29,28.5,30.3,29.3,30.2,29.2,28.9,29.3,90,79,74,61,77,71,80,66,82,72,90,83,78,89,79,89,75,84,82,80,74,90,69,79,74,76,75,71,81,64,79,81,78,82,73,77,75,78,79,75,0.7,0.3,0,0,1.3,0,0.1,0,2.3,0,1.3,0,1,0.2,0.2,1.8,0.3,2,0.7,0,0,0,0,0,0.4,2.3,0,0,0.9,0,0.5,1.1,0,1.7,0,0,0.1,0,0,0.3,3.4,3.9,4,10.7,6.2,4.3,8.4,8.9,4.6,5.5,5,4.6,4.1,2.4,6.4,4.2,3.4,6.6,4.5,5.7,10.2,7,8.7,3.5,7,7.6,7.9,6.8,5.6,9.2,6.5,4.6,4.3,8.9,7.9,6.2,7.7,3.6,8.5,7.9,,,,,,,,,,,,,,,,,,,,,,,,,,,,,,,,,,,,,,,,,27.6,27.3,28.3,29.2,27.7,27.3,29.2,28.6,27.7,27.5,28.4,29,28.1,26.4,29,29.2,27.6,28.9,27.6,27.2,27.6,27.4,27,28.9,29.4,28.5,28.1,28,27.5,28.9,27.9,80,81,74,72,76,80,70,73,80,80,78,73,77,89,73,72,80,74,80,82,79,81,78,72,72,76,75,75,83,72,75,0,0,0,0,0,0,0,0,0,0.1,0,0.4,0.4,0.2,0,0,0,0,0.1,0.1,0,0,0,0,0,0,0,0,0,0,0,8.3,4.6,17.5,13.6,9.1,10,5.8,4.4,11.8,10.7,12.6,13.5,15.2,23.2,18.2,12.7,4.5,14.2,11.6,8.3,15.9,6.2,15.3,15.9,14.2,14.8,8.7,13.3,6.3,13,11.3,10.4,6.1,18.7,13.3,9.7,12.2,6.8,4.7,14,11.9,14.8,12.6,16.9,26.6,20.2,11.9,5.8,15.1,13,10.1,18,7.9,17.3,18.4,14.8,15.5,11.2,13.3,7.2,13,13,,,,,,22.2204,114.2127
2026-08-04T17:00,27,28.3,29.1,30.5,29.6,29.7,28.3,30.6,28.4,29.8,27.2,28.1,29,27.4,28.6,27.2,29.7,28.1,28,28.8,29.6,26.8,30.5,29.2,29.9,29.5,29.5,29.6,28.4,30.5,28.7,29,28.7,28.2,29.9,29.2,30,29,28.8,29,90,82,77,63,77,71,82,69,83,72,90,84,78,89,81,89,76,86,83,79,75,90,69,78,74,77,77,73,82,66,81,82,79,83,74,77,75,79,80,77,0.4,0,0,0,0.4,0,0,0,0.6,0,0,0,0.3,0,0,1.8,0,1.6,0.6,0,0,0,0,0,0,0.4,0,0,0.2,0,0.7,0.7,0,1.2,0,0,0,0,0,0,3.9,3.9,4,10.7,4.8,4.4,7.1,8.4,3.3,4.1,4.8,4.6,2.5,2.9,4.9,3.3,4.1,6.2,4,5.4,7.8,4.5,8.9,3.5,6.6,5,7.9,4.8,4.4,8.7,5.2,4.1,4.1,6,7.4,6,7,3.6,8.1,5.8,,,,,,,,,,,,,,,,,,,,,,,,,,,,,,,,,,,,,,,,,27.6,27.4,28.3,29.2,27.7,27.4,29,28.9,27.9,27.4,28.7,28.9,28,26.4,28.9,29.1,27.5,28.9,27.6,27.2,27.5,27.4,27,28.8,29.3,28.5,28.3,28,27.6,28.7,27.9,80,81,74,72,76,81,71,72,79,80,77,73,77,89,73,73,81,73,80,82,79,81,78,73,72,76,75,75,83,72,75,0,0,0,0,0,0,0,0,0,0.1,0,0.4,0.4,0.2,0,0,0,0,0.1,0.1,0,0,0,0,0,0,0,0,0,0,0,8,4.4,17.3,13.4,9.4,10.3,7.4,5.5,11.3,10,13.6,13.8,14.9,22.8,17.9,13.3,4.1,13,11.3,6.9,15.2,5.5,15.5,16.4,14.7,14.5,10,12.6,5.2,13,11.2,10.1,5.8,18.7,13.7,10.1,12.6,7.2,5.8,13.7,11.5,15.8,13.7,16.6,25.9,20.5,13,5.4,14,12.6,9,17.3,7.2,17.3,19.4,15.5,15.1,11.9,13.3,6.1,13,12.6,,,,,,22.2204,114.2127
2026-08-04T18:00,26.7,28.1,28.6,29.8,29.3,29.2,27.9,29.8,28.1,29.3,27.1,27.8,28.8,27.3,28.2,27.1,29.3,27.9,27.6,28.4,29.2,26.7,29.8,29,29.4,29.3,29,29.1,28.2,29.9,28.4,28.6,28.4,28,29.4,28.8,29.4,28.7,28.4,28.5,91,83,81,67,78,73,83,73,84,74,91,86,80,89,83,90,77,87,85,80,77,90,73,78,76,77,79,75,83,70,83,83,80,84,77,78,78,80,82,80,0.4,0,0,0,0,0,0,0,0,0,0,0,0,0,0,0,0,0,0.1,0,0,0,0,0,0,0,0,0,0,0,0.1,0,0,0,0,0,0,0,0,0,3.9,3.2,4.2,6.7,3.2,3.1,5.2,6.2,2.5,3.4,4.1,3.9,1.3,3.1,4.1,3.2,4,5.4,3.2,4.6,6.2,2.9,8.3,2.1,5.5,3.9,5.2,4.2,3.6,7.2,3.7,3.9,4.3,4.9,6.4,5.1,5.8,2.9,7.2,5.3,,,,,,,,,,,,,,,,,,,,,,,,,,,,,,,,,,,,,,,,,27.5,27.4,28.1,29,27.6,27.4,28.8,28.8,27.8,27.4,28.6,28.7,27.9,26.4,28.7,28.9,27.5,28.8,27.6,27.1,27.4,27.4,26.9,28.6,29.1,28.3,28.2,28,27.5,28.5,27.8,80,82,74,73,76,82,72,74,80,80,78,74,78,88,73,74,81,74,80,82,79,81,77,74,73,77,77,75,83,73,75,0,0,0,0,0,0,0,0,0,0,0,0.1,0,0.1,0,0,0,0,0.1,0,0,0,0,0,0,0,0,0,0,0,0,7,3.6,15.8,12,8.3,10,8.9,6.4,10.1,9.4,13.5,12,14.1,19.8,15.9,12.6,3.6,12.8,9.5,5.4,12.6,4.9,13.7,15.5,13.7,13.1,9.4,10.7,4.4,11.3,9.7,9,5,17.3,12.6,9,12.6,8.3,6.8,11.9,10.8,15.8,12.6,15.8,22.3,18.4,13,4.7,14,10.8,7.6,14.4,6.1,15.5,18.7,15.1,14,10.8,12.2,5.8,11.9,11.2,,,,,,22.2204,114.2127
2026-08-04T19:00,26.5,27.8,28,28.8,28.8,28.6,27.4,28.9,27.8,28.6,26.8,27.5,28.5,27.2,27.8,26.9,28.7,27.4,27.4,27.7,28.6,26.6,29.1,28.8,28.6,28.8,28.3,28.5,27.7,29,27.9,28.1,27.8,27.6,28.4,28,28.6,28.3,27.8,27.9,92,84,85,72,81,77,86,77,87,79,93,87,82,90,85,91,81,90,86,85,81,90,74,80,82,80,82,78,87,74,86,87,82,86,82,83,83,82,86,84,0.1,0,0,0,0,0,0,0,0,0,0,0,0,0,0,0,0,0,0,0,0,0,0,0,0,0,0,0,0,0,0,0,0,0,0,0,0,0,0,0,3.1,2.7,3.3,5.4,2.3,2.6,4.6,4.7,1.5,2.7,4.1,2.8,0.8,3.1,3.1,2.2,3.6,4,2.1,4,4.9,2.1,5.6,0.7,4.4,3.2,4.1,3.5,3,5.4,3,3.3,3.6,3.4,5.6,4.1,4.6,2.5,5.6,3.7,,,,,,,,,,,,,,,,,,,,,,,,,,,,,,,,,,,,,,,,,27.5,27.3,27.9,28.7,27.5,27.4,28.6,28.6,27.6,27.4,28.3,28.5,27.8,26.3,28.5,28.6,27.5,28.6,27.5,27,27.4,27.3,26.8,28.3,28.8,28.1,28,27.9,27.4,28.3,27.6,81,83,75,75,77,83,74,76,81,81,79,76,79,87,74,76,81,75,80,82,78,82,77,75,75,78,79,76,83,74,76,0,0,0,0,0,0,0,0,0,0,0,0.1,0,0.1,0,0,0,0,0.1,0,0,0,0,0,0,0,0,0,0,0,0,6.3,2.9,13.5,9.8,6.4,9.4,9.8,7.1,8.3,8.2,12.5,9.2,12.7,15,12.7,11.3,3.1,12.9,7,4.5,9.1,4.3,11,14.2,11.8,11.3,7.9,8.2,4.7,9.2,7.8,7.9,4.3,15.1,11.2,7.6,11.9,9.4,8.3,9.7,9.7,15.1,10.4,14.8,17.3,15.1,13,3.6,14.8,8.3,5.8,10.8,5,12.6,17.3,14,12.2,9,10.4,6.1,10.4,9,,,,,,22.2204,114.2127
2026-08-04T20:00,26.5,27.6,27.6,28.1,28.4,28.2,27,28.2,27.6,28,26.6,27.2,28.3,27.2,27.5,26.8,28.3,27.1,27.3,27.1,28.1,26.5,28.5,28.4,28,28.3,27.7,28,27.3,28.4,27.4,27.7,27.6,27.3,27.6,27.4,27.8,28.1,27.3,27.3,92,85,89,79,85,79,89,81,88,83,95,89,84,89,87,92,85,92,87,89,86,90,77,82,88,85,86,81,90,80,90,89,83,89,88,88,89,83,90,88,0,0,0,0,0,0,0,0,0,0,0,0,0,0,0,0,0,0,0,0,0,0,0,0,0,0,0,0,0,0,0,0,0,0,0,0,0,0,0,0,1.6,3.1,3.2,3.9,2.3,2.4,4,3.4,1.4,2.6,3.7,2.1,0.8,3,2.5,1.4,2.9,3.2,1.5,3.2,4,1,4.7,0.8,3.6,2.8,3.6,2.9,2.5,4,3.4,2.6,2.8,3.1,4,3.5,4.1,2.5,4.7,3.3,,,,,,,,,,,,,,,,,,,,,,,,,,,,,,,,,,,,,,,,,27.4,27.3,27.7,28.5,27.3,27.4,28.4,28.4,27.4,27.3,28,28.2,27.7,26.4,28.3,28.4,27.5,28.3,27.4,26.9,27.3,27.3,26.8,28.1,28.5,27.9,27.8,27.8,27.3,28.1,27.5,81,84,76,77,78,84,76,79,82,81,81,78,80,86,75,77,81,77,81,82,78,82,76,76,76,79,81,77,83,75,76,0,0,0,0,0,0,0,0,0,0,0,0.1,0,0.1,0,0,0,0,0.1,0,0,0,0,0,0,0,0,0,0,0,0,5.7,3,11.4,8.7,5.3,8.7,10.5,7.7,6.5,7.6,11.5,8,11.3,10.9,9.8,10.4,2.5,12.7,4.9,4.6,7,4,8.7,12.6,10.4,9.7,6.8,7.1,5.1,7.9,5.6,6.8,4,13.3,9.7,6.1,11.2,10.4,9.4,7.6,9,14.4,9,13.7,13,11.9,12.2,2.9,14.8,6.1,5,8.3,4.7,10.1,15.8,12.6,11.2,7.6,9,6.1,9,7.2,,,,,,22.2204,114.2127
2026-08-04T21:00,26.5,27.5,27.3,27.7,28.1,28,26.8,27.8,27.4,27.6,26.4,27.1,28,27.2,27.4,26.7,28,27,27.2,26.8,27.8,26.3,28.2,28.1,27.6,27.9,27.3,27.7,27.2,28.1,27.2,27.4,27.4,27.2,27.1,27,27.4,27.9,26.9,27,92,85,92,84,87,80,91,84,89,85,96,90,85,89,88,92,87,93,88,92,89,90,80,84,91,89,88,82,92,84,92,91,83,90,92,90,93,84,93,91,0,0,0,0,0,0,0,0,0,0,0,0,0,0,0,0,0,0,0,0,0,0,0,0,0,0,0,0,0,0,0,0,0,0,0,0,0,0,0,0,1.5,3,3.3,3.7,2.2,1.6,3.3,2.9,1.6,2.7,2.9,1.4,0.5,3,2.2,0.7,2.5,2.6,0.7,2.6,3.3,0,4.8,1.1,4.4,2.9,2.7,2.4,2.4,3.7,2.9,3.1,2.9,2.6,3,3,3.3,2.2,4,2.9,,,,,,,,,,,,,,,,,,,,,,,,,,,,,,,,,,,,,,,,,27.4,27.3,27.6,28.3,27.2,27.4,28.2,28.3,27.4,27.3,27.9,28,27.6,26.5,28.1,28.3,27.5,28.1,27.4,26.9,27.2,27.2,26.8,27.9,28.3,27.8,27.7,27.7,27.3,28,27.4,81,84,77,78,79,84,77,80,82,81,82,80,81,85,76,78,81,78,82,82,79,82,76,77,77,80,82,78,83,76,76,0,0,0,0,0,0,0,0,0,0,0,0,0,0,0,0,0,0,0,0,0,0,0,0,0,0,0,0,0,0,0,5.9,3.8,10,8.6,5,8,10.7,7.6,4.1,7.2,10.2,7.9,10,8.6,7.5,9.5,1.5,11.8,4.2,5.5,7.4,4.5,7.3,11.1,9.3,9.2,6.6,6.9,4,7.6,2.9,6.8,4.7,12.6,9.4,5.4,10.1,10.8,9.4,6.1,8.6,13,9,12.2,10.4,9.4,11.2,2.5,14,5.4,6.1,8.6,5,9,14.4,11.2,10.8,7.2,8.6,5,8.6,5.8,,,,,,22.2204,114.2127
2026-08-04T22:00,26.4,27.5,27.1,27.5,27.9,27.7,26.6,27.7,27.2,27.4,26.3,27,27.7,27.3,27.4,26.6,27.9,26.9,27,26.6,27.6,26.2,28,27.8,27.4,27.5,27.2,27.5,26.9,28,27,27.2,27.3,27.2,26.8,26.9,27.2,27.7,26.7,26.8,92,84,93,87,89,81,92,85,90,86,96,91,87,88,88,93,87,93,88,94,91,91,82,87,91,91,89,84,93,84,93,92,83,90,95,90,94,85,94,92,0,0,0,0,0,0,0,0,0,0,0,0,0,0,0,0,0,0,0,0,0,0,0,0,0,0,0,0,0,0,0,0,0,0,0,0,0,0,0,0,1.8,3,3.6,3.7,2.5,1.8,3.1,2.3,2.4,2.6,3.1,1.8,0.8,2.3,2,0.5,2.2,1.8,1.1,2.6,2.5,0.8,4.3,1.1,4.7,3.1,2.2,0.8,2.4,4,3,2.5,2.5,2.6,2.7,2.9,2.6,1.1,3,2.3,,,,,,,,,,,,,,,,,,,,,,,,,,,,,,,,,,,,,,,,,27.4,27.3,27.5,28.1,27.2,27.4,28,28.1,27.4,27.3,27.8,27.7,27.5,26.7,28,28.1,27.5,27.9,27.4,26.9,27.2,27.1,26.9,27.8,28.1,27.7,27.5,27.7,27.3,27.9,27.5,82,84,79,79,79,85,79,81,82,82,83,81,81,83,77,78,81,80,82,83,79,83,76,77,78,81,83,80,83,76,77,0,0,0,0,0,0,0,0,0,0,0,0,0,0,0,0,0,0,0,0,0,0,0,0,0,0,0,0,0,0,0,5.9,4.5,8.9,8.4,4.5,7.1,10.2,7.6,2.3,7,8.6,8.7,8.4,7.1,5.8,8.7,0.8,10.4,4,7.1,8.6,5.1,6.8,10.2,8.2,9.2,6.7,6.9,2.5,7.7,1.8,6.8,5.8,12.2,9.7,5,8.6,10.8,9,5,8.3,11.5,9.4,10.8,9,6.8,10.1,2.9,13,5.4,8.3,10.4,6.1,8.3,13,9.7,11.2,7.6,8.3,3.2,8.6,4.7,,,,,,22.2204,114.2127
2026-08-04T23:00,26.4,27.4,26.9,27.4,27.7,27.4,26.5,27.6,27,27.2,26.2,26.9,27.4,27.2,27.2,26.4,27.7,26.8,26.9,26.4,27.5,25.9,28,27.5,27.3,27.2,27.1,27.2,26.7,27.9,26.8,27,27.1,27.2,26.6,26.9,27.1,27.4,26.6,26.7,92,83,93,88,89,83,93,86,91,87,97,91,89,87,90,94,88,94,89,95,92,92,83,89,90,94,89,86,94,85,94,93,83,90,96,89,95,87,95,93,0,0,0,0,0,0,0,0,0,0,0,0,0,0,0,0,0,0,0,0,0,0,0,0,0,0,0,0,0,0,0,0,0,0,0,0,0,0,0,0,1.8,2.4,3.8,3.3,2.2,1.1,2.1,2.1,2.2,1.8,3.6,2.3,1.1,2.6,2.2,1.6,1.5,2.2,1.4,2.3,2.5,2.3,2.6,1.1,3.6,2.6,2.2,1.5,2.3,4,2.6,2.5,1.8,2,2.1,2.2,1.6,1.1,2.6,2,,,,,,,,,,,,,,,,,,,,,,,,,,,,,,,,,,,,,,,,,27.4,27.3,27.5,28,27.1,27.4,27.8,28,27.4,27.3,27.7,27.5,27.5,26.8,27.9,28,27.5,27.7,27.4,27,27.1,27,26.9,27.7,27.9,27.7,27.4,27.7,27.2,27.8,27.5,82,84,80,80,80,85,80,82,82,82,84,82,82,82,78,79,81,81,83,83,80,83,76,78,78,82,83,81,83,77,77,0,0,0,0,0,0,0,0,0,0,0,0,0,0,0,0,0,0,0,0,0,0,0,0,0,0,0,0,0,0,0,5.4,5.2,8,7.9,4,6,10.2,7.2,3,6.4,7.3,9.3,7.4,5.8,4.6,7.6,1.6,9.2,4,7.9,8.9,5.1,5.8,9.6,6.9,8.9,6.3,6.4,1.3,7.2,2.5,6.8,6.5,11.5,9.4,4.7,7.2,11.2,8.6,4.7,7.9,10.1,9.4,9.4,7.6,5.4,8.6,2.9,11.5,5,9.7,11.2,6.5,7.2,11.9,8.3,11.2,7.6,7.9,2.2,8.3,4.3,,,,,,22.2204,114.2127
2026-08-05T00:00,26.2,27.2,26.7,27.3,27.5,27.1,26.6,27.4,26.8,26.9,26.1,26.8,27.1,27.2,27,26.3,27.4,26.7,26.7,26.2,27.5,25.8,28.1,27.2,27.3,26.9,27,27,26.6,27.7,26.7,26.9,26.9,27.2,26.6,26.8,26.9,27.2,26.4,26.6,93,83,93,88,90,84,91,87,92,88,97,91,90,87,91,93,90,94,89,96,92,93,83,91,90,95,90,87,96,86,94,94,84,89,96,89,96,89,96,93,0,0,0,0,0,0,0,0,0,0,0,0,0,0,0,0,0,0,0,0,0,0,0,0,0,0,0,0,0,0,0,0,0,0,0,0,0,0,0,0,1.3,2.6,3.9,2.6,1.8,0,2.1,0.8,2.4,1.6,3.7,1.3,1.5,1.9,2.1,1.4,1.3,2.4,1.9,1.3,2.5,2.9,2.9,1.8,2.9,2.2,1.3,1.6,1.6,4.4,1.1,1.5,2,1.8,1.9,2.2,2,2.3,2.3,1.1,,,,,,,,,,,,,,,,,,,,,,,,,,,,,,,,,,,,,,,,,27.3,27.3,27.4,27.8,27.1,27.3,27.7,27.9,27.2,27.2,27.5,27.3,27.4,26.8,27.7,27.8,27.4,27.6,27.3,27,27,26.9,26.9,27.5,27.7,27.6,27.4,27.6,27.2,27.7,27.5,82,84,82,81,80,85,81,83,82,82,85,82,82,82,78,79,81,82,83,83,80,83,75,79,78,83,83,81,82,77,76,0,0,0,0,0,0,0,0.4,0,0,0,0,0,0.1,0,0,0,0,0,0,0,0,0,0,0,0,0,0.3,0,0,0,4.3,5.4,7.1,6.2,3.1,4.7,10.6,6.9,4.7,5.5,6.4,8.6,6.8,3.9,4.3,6.5,1.8,7.9,3.4,6.6,6.8,3.5,4,8.7,5.7,8.1,4.8,5.6,1.1,5.7,1.1,5.8,6.8,9.7,8.3,4.3,6.1,12.6,8.3,5.8,6.8,9.4,8.3,7.9,5.8,5.4,7.2,2.9,10.1,4.7,9.4,9,5.8,5,11.2,6.8,10.8,7.2,7.2,2.2,6.8,5,,,,,,22.2204,114.2127
2026-08-05T01:00,26.1,27,26.6,27.4,27.3,26.7,26.4,27.1,26.7,26.7,26,26.7,26.9,27.2,26.9,26.2,27.2,26.5,26.6,26,27.3,25.6,28.1,27,27.4,26.8,26.8,26.7,26.5,27.6,26.5,26.8,26.7,27.2,26.6,26.7,26.7,27.1,26.3,26.4,93,84,93,87,92,86,91,89,92,89,97,92,92,87,91,94,91,95,90,96,92,93,82,92,89,97,91,89,96,87,96,94,85,88,96,89,97,88,97,94,0,0,0,0,0,0,0,0,0,0,0,0,0,0,0,0,0,0,0,0,0,0,0,0,0,0,0,0,0,0,0,0,0,0.5,0,0,0,0,0,0,1.1,3.3,3.7,2.5,1.5,0.8,1.8,0.7,1.8,1.3,4.1,0.8,2.1,3.3,2.1,0.8,2.7,2,2.5,0.4,2.7,2.4,3.7,3.3,3.4,2.5,0.7,1.5,1.5,4,1.3,2.3,2.7,2.6,2.6,1.3,2.3,2.8,2.7,1.5,,,,,,,,,,,,,,,,,,,,,,,,,,,,,,,,,,,,,,,,,27.3,27.2,27.3,27.7,27.1,27.3,27.6,27.7,27,27.2,27.4,27.2,27.4,26.8,27.6,27.6,27.2,27.5,27.2,27,27,26.9,26.9,27.4,27.6,27.5,27.3,27.5,27.1,27.6,27.5,83,84,83,82,80,86,82,84,81,81,85,82,83,82,78,80,81,82,83,83,79,82,74,79,77,84,84,81,82,78,76,0,0,0,0,0,0,0,0.4,0,0,0,0,0,0.1,0,0,0,0,0,0,0,0,0,0,0,0,0,0.3,0,0,0,2.6,5.6,5.9,5.2,2.5,3.8,11.5,6.5,6.5,4.7,6.4,6.8,5.8,2.9,5.2,5.2,1.6,6.9,2.9,5.1,4,2.6,1.8,8.2,4.5,7.3,4.5,4.8,2,4.1,3.7,4.3,6.5,7.6,7.2,4.3,5,14.4,7.9,7.6,5.4,9,6.8,6.8,4.3,6.1,6.1,2.5,8.3,4,8.3,5.8,4.3,2.5,10.8,5.4,10.1,7.2,6.1,2.5,5,6.1,,,,,,22.2204,114.2127
2026-08-05T02:00,26,26.9,26.4,27.4,27.1,26.4,26.4,26.8,26.5,26.5,25.9,26.6,26.7,27.2,26.8,26,27.1,26.4,26.5,25.8,27.2,25.5,27.9,27.1,27.2,26.6,26.6,26.4,26.4,27.4,26.3,26.7,26.7,27,26.7,26.5,26.6,27.1,26.2,26.3,93,84,94,86,93,88,90,91,93,90,97,93,92,86,91,95,89,95,90,98,92,93,83,88,89,97,92,91,97,88,97,95,84,88,94,90,97,87,97,93,0,0,0,0,0,0,0,0,0,0,0,0,0,0,0,0,0,0,0,0,0.1,0,0,0,0,0,0,0,0,0,0,0,0,0.7,0,0,0,0,0,0,2,2.9,3.3,2.7,1.9,0.4,1.9,0.5,1.8,1.1,3.3,1.8,1.9,5.6,2.5,1.8,3.3,2.6,2.8,2.1,2.3,3.3,3.9,4.2,3.9,2.4,0.5,1.8,2.2,4,3.1,1.5,3,2.1,2.3,1.8,1.3,2.6,2.6,2.7,,,,,,,,,,,,,,,,,,,,,,,,,,,,,,,,,,,,,,,,,27.2,27.1,27.2,27.6,27,27.3,27.5,27.6,26.8,27.2,27.3,27.1,27.4,26.8,27.5,27.5,27.1,27.4,27.1,27,26.9,26.9,26.9,27.2,27.5,27.4,27.3,27.4,27,27.5,27.4,83,84,84,82,80,86,83,84,81,81,85,82,83,83,78,80,81,82,83,83,79,82,74,80,77,84,84,81,81,78,75,0,0,0,0,0,0,0,0.4,0,0,0,0,0,0.1,0,0,0,0,0,0,0,0,0,0,0,0,0,0.3,0,0,0,2.6,5.6,4.3,4.8,2.6,3.1,12.1,6.3,7.9,3.6,7,5.9,5.5,3.3,6.2,4.2,2.1,5.9,2.6,4.9,3.4,3.5,1,8.4,3.7,6.6,5.4,3.8,2,3.1,6.2,3.6,6.8,5.8,5.8,4,4.3,15.1,7.6,8.6,4,8.6,6.1,6.5,4,7.2,5,2.9,7.2,3.6,7.2,4,3.6,1.4,10.4,4.3,9,7.2,5,3.2,3.6,6.8,,,,,,22.2204,114.2127
2026-08-05T03:00,26,26.7,26.3,27.3,27,26.1,26.3,26.5,26.4,26.3,25.8,26.6,26.5,27.2,26.7,25.9,27,26.4,26.4,25.7,27,25.4,27.8,26.7,26.8,26.4,26.4,26.2,26.3,27.2,26.3,26.5,26.6,27,26.6,26.3,26.3,27.1,26.1,26.2,94,84,94,86,92,89,91,92,94,91,97,91,94,86,91,95,89,95,90,98,91,93,83,91,92,98,93,93,97,90,96,95,84,88,93,89,98,88,97,92,0,0,0,0,0,0,0,0,0,0,0,0,0,0,0,0,0,0,0,0,0.1,0,0,0,0,0,0,0,0,0,0,0,0,0.1,0,0,0,0,0,0,2.8,3.3,3.1,3.1,3,1.3,1.5,1.5,1.8,0.8,2.9,3,1.8,4.6,2.6,2.3,2.5,3.3,1.8,2.1,0.8,3.7,3.4,3.8,3.9,2.5,1.5,1.6,2,3.9,2.6,1.4,2.9,1.4,1.6,2.9,0.8,2.6,2.6,2.9,,,,,,,,,,,,,,,,,,,,,,,,,,,,,,,,,,,,,,,,,27.1,27,27,27.5,27,27.2,27.4,27.5,26.7,27.1,27.1,27.1,27.2,26.7,27.3,27.3,27,27.3,27,26.9,26.7,26.8,26.8,27.1,27.3,27.3,27.2,27.4,26.9,27.4,27.3,82,84,84,82,80,86,83,84,80,81,85,82,84,83,79,80,80,82,82,83,80,81,74,81,77,84,84,81,81,78,75,0,0,0,0,0,0,0,0,0,0,0,0,0.3,0.4,0,0,0,0,0,0.5,0,0,0,0,0,0,0,0.1,0,0,0,3.4,6.1,1.8,3.8,1.8,1.8,11.2,6.1,8.2,2.5,7.2,6.5,5.4,4.1,7.4,3.9,3,5.3,2.3,4.3,5.2,4.3,2.5,8.3,3.3,5.2,6.5,2.1,0.8,1.6,6.6,3.6,7.9,4.7,4,3.2,4,14,7.2,8.6,2.9,8.3,6.8,7.2,5,8.6,4.3,3.6,7.2,2.9,5.8,5.8,4.3,2.9,10.4,4,6.8,8.3,3.6,4,2.9,6.8,,,,,,22.2204,114.2127
2026-08-05T04:00,25.9,26.6,26.2,27.1,27,25.9,26.2,26.3,26.4,26.1,25.7,26.6,26.3,26.9,26.7,25.8,26.9,26.3,26.2,25.5,26.9,25.4,27.8,26.4,26.4,26.3,26.2,25.9,26.3,27,26.2,26.5,26.5,26.9,26.4,26.1,26.1,27,26,26.2,94,84,94,86,91,91,90,93,94,93,97,91,95,89,91,95,89,95,91,99,92,94,82,93,94,98,93,94,97,91,96,95,85,88,94,90,99,88,98,92,0,0,0,0,0,0,0,0,0,0,0,0,0,0,0,0,0,0,0,0,0,0,0,0,0,0,0,0,0,0,0,0,0,0,0,0,0,0,0,0,2.1,2.9,3.8,3.7,3.7,1.8,1.1,2.3,1.8,0.8,2.6,2.4,2.5,3.9,2.4,1.8,3.1,3.6,1.9,1.8,1.6,4.8,2.9,3.7,4.1,2.7,1.8,1.5,1.8,4,2.1,2.2,2.3,1.3,0.5,1.8,3.2,2,3.2,2.7,,,,,,,,,,,,,,,,,,,,,,,,,,,,,,,,,,,,,,,,,26.9,26.9,26.9,27.3,27,27.1,27.3,27.4,26.6,27.1,27,27.1,27.1,26.5,27.1,27.2,27,27.2,26.9,26.7,26.6,26.7,26.7,27,27.1,27.1,27.2,27.3,26.8,27.3,27.2,81,85,83,81,80,85,83,84,80,80,85,82,85,84,80,80,79,82,82,83,81,81,75,81,77,84,84,80,82,78,76,0,0,0,0,0,0,0,0,0,0,0,0,0.3,0.4,0,0,0,0,0,0.5,0,0,0,0,0,0,0,0.1,0,0,0,4.4,7.6,1.8,2.1,1.5,2.2,9.1,5.4,7.8,1.3,7.6,8,6.6,5.1,8.7,3.8,4,6.1,1.9,3.2,8,5.1,5.4,8.8,3.6,3,7.9,0.8,2.9,1.1,6.3,4.3,9.4,4,2.2,2.5,4.3,11.5,6.5,8.3,2.2,8.3,8.6,8.6,6.8,10.1,4.3,4.3,7.9,2.5,4,9.4,5.4,5.8,10.8,4,4.3,9.4,2.5,4.3,2.9,6.8,,,,,,22.2204,114.2127
2026-08-05T05:00,25.9,26.5,26.1,27,26.7,25.8,26.1,26.4,26.2,25.8,25.6,26.5,26.2,26.7,26.6,25.8,26.7,26.3,26.1,25.4,26.8,25.2,27.6,26.2,26.2,26.2,26.1,25.9,26.2,26.8,26.1,26.5,26.3,26.7,26.2,25.9,26,26.9,25.9,26.1,94,84,94,86,92,92,91,91,94,94,97,91,95,91,91,95,90,94,92,100,91,96,83,94,96,98,93,94,97,92,96,95,86,88,95,91,98,88,98,91,0,0,0,0,0,0,0,0,0,0,0,0,0,0,0,0,0,0,0,0,0.2,0,0,0,0,0,0,0,0,0,0,0,0,0.2,0,0,0,0,0,0,1.8,2.3,4.3,4,3,1.5,2.8,2.8,1.6,0,3.3,1.9,2.5,4.1,2.6,2.1,3.4,3.6,2.1,1.9,2,4.3,2.7,3.3,4,2.7,2.6,1.9,1.9,3.7,2.3,1.1,1.8,3.3,1,2.6,4.2,2.6,3.4,2.4,,,,,,,,,,,,,,,,,,,,,,,,,,,,,,,,,,,,,,,,,26.9,26.9,26.9,27.3,27,27.1,27.4,27.4,26.6,27.1,27,27.1,27,26.4,27.1,27.2,27,27.2,26.8,26.6,26.5,26.7,26.6,27,27.1,27.1,27.2,27.3,26.8,27.3,27.1,80,85,82,80,80,84,83,84,79,80,85,82,85,84,81,80,78,82,81,83,82,80,76,81,77,83,84,80,82,77,76,0,0,0,0,0,0,0,0,0,0,0,0,0.3,0.4,0,0,0,0,0,0.5,0,0,0,0,0,0,0,0.1,0,0,0,5.4,8.3,4.1,0.4,1.9,3.8,8,4.7,7.6,1.8,8,8.5,8.3,6.6,9.7,3.6,4.7,7.3,2.6,1.8,10.2,5.9,7.8,9,4.3,1.5,9,1.9,5.2,2,5.8,5.4,9.7,4,1.4,2.5,4.7,9.7,5.8,8.3,2.2,8.6,9.4,10.4,9,11.5,4,5.4,8.6,2.5,3.2,11.9,6.5,8.3,11.2,4.3,2.5,10.8,2.2,5,2.5,6.5,,,,,,22.2204,114.2127
2026-08-05T06:00,25.9,26.3,26,26.8,26.6,25.6,26.1,26.3,26.1,25.6,25.5,26.5,26.2,26.4,26.6,25.8,26.7,26.2,26,25.4,26.8,25.1,27.5,26.1,26,26.2,26.1,25.9,26.1,26.8,26,26.4,26.2,26.7,26.1,25.7,25.9,26.8,25.9,26.1,94,85,94,87,93,93,91,89,94,95,97,91,95,93,91,95,90,94,92,97,91,97,83,95,96,97,93,91,96,93,95,95,87,88,96,91,98,87,98,90,0,0,0,0,0,0,0,0,0,0,0,0,0,0,0,0,0,0,0,0,0.1,0,0,0,0,0,0,0,0,0,0,0,0,0.2,0,0,0,0,0,0,1.5,1.5,4.2,3.8,2.6,1.8,2.8,1.8,2.3,0.4,3.3,2.3,2.3,4.1,2.8,1.8,3.4,3.4,1.9,1.6,2.6,3.6,2.7,3.7,4,4.1,2.6,3.1,2.3,3.3,2.4,1.6,1.8,3.1,1.6,3.5,3.7,3.8,3.5,3.1,,,,,,,,,,,,,,,,,,,,,,,,,,,,,,,,,,,,,,,,,26.9,26.9,26.9,27.4,27,27,27.5,27.4,26.6,27.1,27,27.1,27.1,26.3,27.1,27.2,27.1,27.2,26.9,26.6,26.6,26.8,26.6,27,27.2,27.1,27.3,27.3,26.8,27.3,27,80,85,81,79,80,83,82,83,79,80,84,82,85,85,81,79,77,82,81,83,82,80,77,81,77,82,84,80,82,76,76,0,0,0,0,0,0,0,0,0,0,0,0.3,1,0.6,0,0,0,0,0,0.2,0,0,0,0,0,0,0,0.3,0,0,0,6.6,7,6.1,1.8,3,4.8,7.4,3.7,7.6,4,8.6,7.8,10.4,9.2,10.2,2.9,5.4,8.1,3.9,0.4,10.7,6.4,8.9,9.7,5.1,1.8,10.2,3.8,5.8,2,5.5,6.8,8.3,5.4,2.5,3.6,5.4,8.6,5,8.6,4,9.4,9,12.2,11.5,12.2,3.6,6.5,9.4,4,3.6,12.2,7.6,9.7,11.5,5,2.2,11.9,4,5.4,2.2,6.5,,,,,,22.2204,114.2127
2026-08-05T07:00,26.3,26.8,26.3,27.2,27.1,26.1,26.4,26.8,26.5,25.9,25.9,26.8,26.5,26.8,26.9,26.1,27,26.5,26.4,25.8,27.2,25.6,27.8,26.5,26.6,26.5,26.5,26.5,26.4,27.3,26.4,26.8,26.5,27,26.7,26.1,26.3,27.3,26.4,26.6,94,85,92,86,91,91,90,88,94,96,96,90,94,93,90,95,89,94,92,98,90,96,83,93,95,96,92,89,95,92,94,94,87,87,91,91,97,85,97,87,0,0,0,0,0,0,0,0,0,0,0,0,0,0,0,0,0,0,0,0,0,0,0,0,0,0,0,0,0,0,0,0,0,0,0,0,0,0,0,0,2.9,2.9,3.9,3.7,2.7,2.3,2.1,1.8,2.5,1.3,3.1,2,2.6,4.1,2.8,2.2,3.6,3.7,1.8,1.1,1.8,3.3,3.3,4,3.7,4.1,2.4,3.3,2.1,3.4,3.3,3.3,2.3,1.8,3.3,3.8,3.3,3.8,4.4,3.8,,,,,,,,,,,,,,,,,,,,,,,,,,,,,,,,,,,,,,,,,27,27,27.1,27.6,27,27,27.7,27.6,26.6,27.1,27.2,27.1,27.3,26.2,27.2,27.2,27.3,27.3,27.1,26.6,26.7,27,26.7,27.2,27.3,27.2,27.3,27.4,26.8,27.5,27.1,79,84,80,78,80,82,81,82,79,80,83,81,84,85,80,77,77,81,80,83,81,79,77,80,77,81,84,79,81,75,75,0,0,0,0,0,0,0,0,0,0,0,0.3,1,0.6,0,0,0,0,0,0.2,0,0,0,0,0,0,0,0.3,0,0,0,7.9,5,7.5,3.8,4.9,5.4,7.1,3.4,7.7,6.6,8.9,6.6,12.4,12.3,10.8,2.6,6.4,9.1,5.6,2.9,10.1,7.2,9.5,10.2,6,3,11.1,6.2,5.8,2.1,5.4,8.6,6.1,7.6,4.7,5.8,6.1,8.3,4,9.4,6.8,10.1,7.9,14,14.8,13,2.9,7.6,10.1,6.1,4.7,11.9,8.3,10.8,12.2,6.1,2.9,12.6,6.5,5.8,1.4,6.1,,,,,,22.2204,114.2127
2026-08-05T08:00,27.1,27.7,27,28,28,27.3,27.1,27.8,27.5,27.5,26.8,27.3,27.3,27.7,27.8,26.8,28,27.3,27.1,26.9,27.7,26.6,28.5,27.6,27.8,27.8,27.4,27.7,27.4,28.5,27.3,27.7,27.3,27.4,27.7,27.4,27.5,27.9,27.3,27.5,91,82,88,82,87,84,88,84,89,85,92,89,90,89,87,92,87,89,90,90,88,93,81,90,89,87,88,84,90,83,89,89,85,86,86,84,90,83,90,82,0,0,0,0,0,0,0,0,0,0,0,0,0,0,0,0,0,0,0,0,0,0,0,0,0,0,0,0,0,0,0,0,0,0,0,0,0,0,0,0,2.2,2.3,3.4,3.4,2.6,1.3,2.3,1.1,1.8,1.3,3,1,1.8,4.2,3.3,1.4,3,4.7,1.5,1.6,1.3,3.4,3,3.3,4.3,3.4,2.1,2.1,1.5,4,3.6,2.8,2.3,2.9,4.1,3.4,3.3,2.9,6.8,4,,,,,,,,,,,,,,,,,,,,,,,,,,,,,,,,,,,,,,,,,27.3,27.2,27.4,27.8,27.2,27.2,28.1,27.9,26.7,27.2,27.4,27.3,27.5,26.3,27.5,27.5,27.6,27.5,27.3,26.6,26.9,27.3,26.8,27.4,27.6,27.5,27.5,27.5,27,27.8,27.3,78,82,78,76,79,80,79,80,79,79,82,80,83,85,79,75,76,80,79,83,80,78,77,79,76,79,83,79,79,73,73,0,0,0,0,0,0,0,0,0,0,0,0.3,1,0.6,0,0,0,0,0,0.2,0,0,0,0,0,0,0,0.3,0,0,0,8.8,3.8,8.4,5.4,6.6,5.9,6.8,3.1,8.2,8.4,9.7,5.9,14.1,14.7,11.4,2.8,6.9,9.7,7.3,5.2,10,8,10.3,11,6.7,4,12.3,8.2,5.9,1.9,5.2,9.7,4.3,8.6,6.5,7.2,6.8,7.9,3.6,9.7,8.6,10.8,6.8,15.5,16.9,13.7,2.9,7.9,10.8,7.9,5.8,11.5,9,11.9,13,7.2,4,13.3,8.6,6.1,1.4,5.8,,,,,,22.2204,114.2127
2026-08-05T09:00,28,29.1,28.3,29,29.2,28.8,28,29.1,28.4,28.6,27.9,28.1,28.5,28.4,28.7,27.8,29.2,27.9,28.2,28.3,28.7,27.5,29.3,28.9,29,29,28.6,28.7,28.3,29.6,28.3,28.5,28.3,27.7,28.6,28.7,28.7,28.7,28.1,28.4,85,73,85,75,78,72,83,74,83,78,88,84,81,83,81,86,80,84,82,80,82,86,78,81,82,81,81,75,83,76,83,84,78,86,80,73,81,79,84,78,0.1,0,0,0,0,0,0,0,0,0,0,0,0,0,0,0,0,0,0,0,0,0,0,0,0,0,0,0,0,0,0,0,0,0.1,0,0,0,0,0,0,3.3,2.2,2.2,4.6,2.9,1.5,2.9,1.9,2.2,1.6,1.8,1.3,2.9,4.9,3.6,1.3,3.2,5.6,0.8,2.2,2.2,4.2,3.8,3.9,5.6,3.1,3.6,2.3,1,5.9,3.7,3,2.8,4,4.7,4.7,3.6,2.9,8.4,4.7,,,,,,,,,,,,,,,,,,,,,,,,,,,,,,,,,,,,,,,,,27.8,27.8,27.9,28.2,27.6,27.8,28.7,28.4,26.9,27.7,27.7,27.9,27.7,26.6,27.9,28,28.1,27.7,27.6,26.5,27.2,27.7,27.1,27.7,28.1,27.9,27.8,27.6,27.5,28.3,27.9,75,79,75,74,77,77,76,76,78,77,80,77,81,83,77,72,74,78,77,84,78,75,77,78,74,77,81,79,76,70,69,0,0,0,0,0,0,0,0,0,0,0,0,0.2,0.5,0,0,0,0,0,0.1,0,0,0,0,0,0,0,0,0,0,0,8.3,3.6,7.6,6.7,7.9,6,6.3,2.2,8.8,8.7,10.6,5.4,14.4,15.6,11.8,3.4,6.9,10.8,8.1,6.5,10.4,7.9,11.6,12.1,6.7,5.8,13.4,8.7,6.4,1.9,4.8,9,4,7.6,7.9,8.3,7.2,7.6,3.6,10.4,8.6,11.5,6.1,15.8,18,15.1,2.9,7.6,11.9,8.6,6.8,11.9,8.6,13,13.7,7.2,5.4,14,9,6.1,1.8,5,,,,,,22.2204,114.2127
2026-08-05T10:00,28.5,30.4,29.7,30,30.2,29.9,29.2,30.1,29.1,29.9,29.1,29.2,29.5,29.2,29.6,28.9,30.3,28.7,29.4,29.5,29.5,28.4,30.3,29.9,30.1,30,29.6,29.8,29.4,30.5,29.2,29.4,29.1,28.2,29.6,29.9,29.9,29.6,28.9,29.2,83,65,75,68,70,67,77,69,78,69,79,78,73,80,75,79,74,78,75,69,77,82,71,76,73,76,75,69,76,69,76,78,73,84,77,65,74,74,79,74,0.6,0,0,0,0,0,0,0,0.2,0,0,0,0,0,0,0,0,0,0,0,0,0,0,0,0,0,0,0,0,0,0,0,0,0.2,0,0,0,0,0,0,4.7,2.5,1.5,8.8,3.5,2.4,3.6,1.8,2.9,2.2,1.8,3.6,4.3,6.9,3.6,1.8,4.1,6.2,1.5,1.5,4.1,4,8.4,3.8,7.8,1.9,4.2,2.3,2.3,9.3,4.6,3.9,2.9,5.3,5.1,4,3.8,2.4,9,6.9,,,,,,,,,,,,,,,,,,,,,,,,,,,,,,,,,,,,,,,,,28.4,28.5,28.6,28.7,28.1,28.5,29.4,29.1,27.3,28.3,28.1,28.6,28.1,27,28.4,28.7,28.6,28.1,28,26.3,27.7,28.3,27.4,28.1,28.7,28.4,28.2,27.6,28.2,28.9,28.8,71,75,71,71,75,72,73,71,76,74,77,72,79,81,75,69,71,76,74,84,75,72,76,76,71,75,79,78,72,67,64,0,0,0,0,0,0,0,0,0,0,0,0,0.2,0.5,0,0,0,0,0,0.1,0,0,0,0,0,0,0,0,0,0,0,7.4,3.3,6.3,8.4,8.9,6.9,5.6,2.7,9.4,8.3,12.1,4.8,14.5,15.8,13.1,4.3,6.3,12.2,8.6,7.6,11.2,7.9,12.9,12.7,6.6,7.5,14.6,8.6,6.5,1.9,4,7.9,4,5.8,9.4,8.6,7.2,7.2,3.6,10.8,7.6,12.2,5.8,15.1,18,17.3,3.6,6.8,13.3,8.6,8.3,12.6,8.3,14,14.4,7.2,7.2,14.8,9,6.5,2.5,4,,,,,,22.2204,114.2127
2026-08-05T11:00,29.1,31.6,30.8,30.8,30.9,30.9,29.4,31.3,30.2,30.9,30.2,29.6,30.3,30,30.3,29.8,31.5,29.3,30.6,30.5,30.3,29.1,31,31.1,30.9,31.5,30.3,30.9,30.4,31.2,30,30.2,30.1,28.5,30.8,31,30.9,30.4,29.6,30,81,59,66,64,66,64,76,63,73,63,70,76,68,74,70,74,67,75,69,63,73,76,68,70,67,72,71,63,69,65,71,71,68,83,66,57,66,71,75,68,0.8,0,0,0,0,0,0,0,0.1,0,0,0,0,0,0,0,0,0,0,0,0,0,0,0,0,0,0,0,0,0,0,0,0,0.3,0,0,0,0,0,0,5.8,3.1,3.2,10.9,6.2,3.3,5.4,1.6,4.1,3.8,3.1,5.6,7.2,9.8,4.6,3.1,4.5,6.9,3.2,2.9,5.8,5.6,11,3.4,11.3,0.4,5.1,2.9,3.5,11.3,5.7,5.1,4.7,6,6.2,4.4,5.4,2.9,9.7,11.4,,,,,,,,,,,,,,,,,,,,,,,,,,,,,,,,,,,,,,,,,28.9,29,29.2,29.1,28.6,29.2,30.1,29.6,27.7,28.8,28.4,29.2,28.3,27.4,28.9,29.2,29.1,28.4,28.4,26.2,28.1,28.8,27.7,28.4,29.1,28.8,28.6,27.7,28.8,29.4,29.5,68,72,68,69,73,69,70,68,74,71,75,69,77,79,73,67,69,74,72,85,73,69,75,74,69,73,77,78,69,64,60,0,0,0,0,0,0,0,0,0,0,0,0,0.2,0.5,0,0,0,0,0,0.1,0,0,0,0,0,0,0,0,0,0,0,6.8,2.6,4.7,10.5,9.5,7.6,4.9,4.4,9.4,8,13,4.7,14.1,15.9,15.1,5.2,5.8,13.3,8.4,8.6,11.1,7.3,13.7,13.4,6.9,9.2,15.9,8.3,6.1,2.2,3,7.2,4,4.7,10.8,9.4,7.6,7.2,4.7,10.8,7.2,13,5.4,14.4,18.4,19.1,4.7,6.1,14,8.6,9.7,12.6,7.9,14.8,15.1,7.9,8.6,15.8,8.6,6.5,3.2,3.6,,,,,,22.2204,114.2127
2026-08-05T12:00,29.6,32.4,31.7,31.4,31.4,31.7,29.8,32.1,31,31.6,31.2,29.9,30.7,30.7,31.1,30.5,32.2,29.8,31.3,31.1,30.9,29.9,31.7,32.1,31.5,32.2,30.9,31.7,30.9,31.7,30.7,30.7,30.8,28.6,31.4,31.7,31.4,31.1,30.3,30.4,78,56,61,60,63,62,75,60,69,59,65,76,67,71,64,72,62,71,67,61,70,72,64,62,65,63,68,60,67,63,68,68,65,81,64,54,63,66,71,66,0.5,0,0,0,0,0,0.2,0,0,0,0,0.2,0,0,0,0.1,0,0,0,0,0,0,0,0,0,0,0,0,0,0,0,0,0,0.2,0,0,0,0,0,0,7,4.1,4.6,12.3,9.1,5.8,8.2,4.5,5.5,5.6,5.2,5.4,8.9,11.1,5.1,5.1,5,7.9,4.8,6.4,8.8,7.7,11.7,3.6,12.6,4.3,6.9,4.7,5.2,12.3,7.4,6.4,7.2,6.1,7,6.1,8.4,4.9,10.9,12.6,,,,,,,,,,,,,,,,,,,,,,,,,,,,,,,,,,,,,,,,,29.2,29.4,29.4,29.3,28.8,29.5,30.5,29.8,28.4,29,28.6,29.4,28.5,27.8,29.1,29.3,29.3,28.6,28.6,26.1,28.3,29.1,28,28.7,29.4,28.9,28.7,27.7,29.1,29.5,29.9,66,70,67,68,71,68,68,67,70,69,74,68,76,78,72,66,68,72,70,85,71,67,74,72,68,72,76,77,68,63,59,0,0,0,0,0,0,0,0,0,0,0,0,0,0.3,0,0,0,0,0,0,0,0,0,0,0,0,0,0,0,0,0,7.5,1.5,4.8,11.7,10.1,8.3,4,6.6,8,8,13.7,4.3,13.3,16.2,17.5,7.4,5.8,13.8,7.5,10,9.8,7.6,13.4,13.3,8.6,9.6,17.6,8.6,4.6,3.4,1.5,7.9,4,5.4,11.9,10.1,7.9,7.6,6.8,9,7.9,13.7,5.8,13.3,18.7,21.2,7.2,6.1,14.4,8.3,11.2,11.2,8.3,14.4,15.1,10.4,8.6,17.6,8.6,6.5,4.7,4,,,,,,22.2204,114.2127
2026-08-05T13:00,29.7,32.8,32.2,31.8,31.7,32.1,29.7,32.5,31.4,32.1,31.8,30.3,30.8,30.6,31.5,30.9,32.7,30.2,31.9,31.3,31.1,30.5,32,32.7,31.9,32.7,31.3,32.1,31.3,32.1,31.1,31.3,31.2,29.2,31.9,32.1,31.8,31.7,30.6,30.6,76,54,59,58,64,60,77,59,68,56,60,73,66,71,63,70,58,70,64,61,70,68,63,57,64,60,66,59,64,61,67,66,62,76,61,52,62,63,69,66,0.4,0,0,0,0,0,0.4,0,0,0,0,0.2,0,0.1,0,0,0,0,0,0,0,0,0,0,0,0,0,0,0,0,0,0,0,0,0,0,0,0,0,0,8.9,5.4,5,12.3,9.2,8,9.9,7.3,7.3,6.9,6.2,6.9,9.8,11.5,6.4,7.4,5.8,7.9,6.9,7.4,11.5,9.3,11.5,6,13.3,4.8,8.7,7.9,7.1,11.7,8.8,7.4,9.7,7.7,8.2,8.9,9.7,6,12,12.4,,,,,,,,,,,,,,,,,,,,,,,,,,,,,,,,,,,,,,,,,29.4,29.6,29.5,29.5,29,29.7,30.9,29.9,29.1,29.1,28.8,29.5,28.7,28,29.2,29.2,29.3,28.8,28.8,26.1,28.5,29.3,28.4,29,29.5,29,28.7,27.8,29.4,29.5,30.2,65,70,67,67,70,67,66,68,66,68,74,68,75,77,71,67,67,71,68,84,70,66,73,70,68,72,75,76,67,63,59,0,0,0,0,0,0,0,0,0,0,0,0,0,0.3,0,0,0,0,0,0,0,0,0,0,0,0,0,0,0,0,0,9.7,2.5,7.1,13,10.8,8.9,5,10.2,5.9,9.7,14.3,5.4,11.9,16.8,19.9,10.8,6.5,14.3,6.9,11.5,8.3,8.2,12.6,13.4,11.4,9.4,19.5,8.5,4.7,5.8,2.2,9.4,4,6.8,13,10.8,7.9,8.6,9.4,6.8,9.4,14.4,6.1,11.9,19.4,23,10.1,6.5,14.4,7.6,12.6,9.4,9,13.3,14.8,14,8.3,19.8,8.3,6.8,6.1,4.7,,,,,,22.2204,114.2127
2026-08-05T14:00,29.7,32.8,32.6,32,31.8,32.2,29.3,32.6,31.6,32.3,32,30.4,31.1,30.5,31.6,31,32.9,30.5,32,31.6,31.1,30.6,32.2,32.8,32,33.2,31.2,32.1,31.6,32.5,31.2,31.6,31.2,29.8,32.1,32.1,31.9,32,30.7,30.8,76,55,57,56,65,60,80,59,67,55,60,73,65,72,63,70,57,69,64,59,70,70,62,57,63,58,67,59,64,59,64,65,64,74,61,53,62,61,67,66,0.4,0,0,0,0,0,0.8,0,0,0,0,0.2,0,0.1,0,0,0,0,0,0,0,0,0,0,0,0,0,0,0,0,0,0,0,0,0,0,0,0,0,0,10,6.9,6.8,11.9,9.7,9.3,11.1,8.1,7.9,8.3,7.7,7.8,9.8,10.5,8,8.3,6.9,7.7,8.4,7.7,12.5,10.2,10.6,7.9,13.4,5.8,10.5,9.4,8.1,11.4,9.7,8.3,9.7,9.2,10,9.8,10.5,6.4,12,11.6,,,,,,,,,,,,,,,,,,,,,,,,,,,,,,,,,,,,,,,,,29.5,29.7,29.5,29.6,29.1,29.8,31.1,29.9,29.5,29.2,28.9,29.5,28.8,28.2,29.2,29.1,29.4,29,28.9,26.1,28.6,29.3,28.7,29.2,29.6,29,28.8,27.9,29.5,29.5,30.4,65,69,67,67,69,67,65,69,63,68,73,68,74,76,71,67,67,70,67,84,69,66,72,69,68,72,75,75,67,63,59,0,0,0,0,0,0,0,0,0,0,0,0,0,0.3,0,0,0,0,0,0,0,0,0,0,0,0,0,0,0,0,0,11.5,4.3,9.6,14,11.6,9.5,7.4,12.8,3.9,11.4,14,7,10.4,16.9,21.2,13.2,7.9,13.9,7.1,12,7.3,9.3,12.3,13.1,13.9,9.5,20.4,8.7,6.2,7.1,3.7,10.8,4.7,9,13.7,11.5,8.6,9.7,11.9,5,10.8,14.4,7.2,10.8,19.1,24.5,12.2,7.2,14,7.2,13,7.9,9.4,13,14.8,16.6,8.3,21.2,8.6,7.2,7.6,5.4,,,,,,22.2204,114.2127
2026-08-05T15:00,29.8,32.2,32.5,31.9,31.7,31.8,29,32.5,31.6,32.2,31.8,30,31,30.5,31.4,30.9,32.7,30.6,31.8,31.8,31.1,30.6,32.4,32.7,31.7,33.5,31,31.8,31.4,32.7,31.1,31.5,31.1,29.8,31.9,31.8,31.8,32.1,30.8,30.9,75,58,58,55,65,62,82,60,68,55,62,74,66,72,63,71,58,68,66,58,67,70,61,58,63,56,70,62,65,59,64,65,64,75,62,55,64,58,66,66,0.3,0,0,0,0,0,2,0,0,0,0,0.2,0,0,0,0,0,0,0,0,0,0,0,0,0,0,0,0,0,0,0,0,0,0,0,0,0,0,0,0,9,8.4,8.7,11.9,10.7,9.7,10.5,8.7,8.6,8.4,8.9,9.4,9.7,8.9,8.7,8.5,7.9,8.7,9.4,7.9,12,10.2,9.7,8.7,13.8,7,10.9,11.2,8.7,11,10.7,10,8.9,9.5,11.4,9.8,10.5,6.6,10.9,11.3,,,,,,,,,,,,,,,,,,,,,,,,,,,,,,,,,,,,,,,,,29.5,29.9,29.4,29.5,29.1,29.7,31,29.9,29.6,29.1,29,29.4,28.7,28.2,29.2,29.1,29.4,29,28.9,25.9,28.7,29.2,28.7,29.2,29.7,29,28.8,28.2,29.4,29.5,30.4,65,68,68,68,69,67,65,69,63,68,71,69,74,75,72,66,67,69,67,85,69,67,72,68,68,72,74,73,67,63,59,0,0,0,0,0,0,0,0,0,0,0,0,0,0,0,0,0,0,0,0.2,0,0,0,0,0,0,0,0,0,0,0,12.7,5.9,11.4,15,12.2,10.3,9.7,13.9,1.8,12.8,12.4,9.3,8.7,16.1,21.3,13.4,8.6,13,7,10.9,6.6,9.9,12.4,13.4,14.6,10.7,20.1,9.1,7.4,7.9,4.1,12.2,5.8,11.5,14.8,12.2,9.7,11.2,13.7,4.7,12.2,13.7,9,9.7,17.6,24.8,12.6,8.3,13.3,7.2,11.9,7.2,9.4,13.3,15.1,17.3,10.1,22,9.4,7.9,8.6,5.4,,,,,,22.2204,114.2127
2026-08-05T16:00,29.8,31.5,31.9,31.4,31.3,31.3,29.3,32.2,31.2,31.9,31.3,29.8,30.6,30.5,30.9,30.6,32.4,30.4,31.4,31.6,31,30.2,32,32.4,31.1,33.3,30.7,31.2,31.1,32.5,30.6,31.1,31,29.6,31.4,31.4,31.5,32,30.5,30.6,75,63,61,56,66,64,80,62,70,56,65,76,68,70,65,72,59,68,67,59,68,72,62,60,66,56,71,66,66,60,66,67,63,77,65,58,66,57,66,67,0.1,0,0,0,0,0,0.5,0,0,0,0,0,0,0,0,0,0,0,0,0,0,0,0,0,0,0,0,0,0,0,0,0,0,0,0,0,0,0,0,0,9.7,8.6,10.5,11.7,10.7,9.8,7.6,9.5,8.7,7.2,9,10.1,10,8.4,9.2,8.6,8.6,9.7,9.3,8.3,9.9,10,9.7,8.1,14.2,8,10,11.6,8.4,12.3,10.8,10.2,8.9,10.2,12.3,9.1,10.1,6.9,10.3,10.9,,,,,,,,,,,,,,,,,,,,,,,,,,,,,,,,,,,,,,,,,29.4,29.9,29.2,29.4,29.1,29.6,30.8,29.8,29.3,29,29.2,29.2,28.4,28.1,29.1,29.1,29.5,28.9,28.7,25.6,28.7,29.1,28.6,29.1,29.8,28.9,28.9,28.4,29.3,29.6,30.3,66,68,69,69,68,67,66,70,64,70,70,70,75,75,74,66,67,69,68,86,69,68,72,69,67,73,74,72,68,64,58,0,0,0,0,0,0,0,0,0,0,0,0,0,0,0,0,0,0,0,0.2,0,0,0,0,0,0,0,0,0,0,0,13.2,7.7,13.7,15.5,13,11.5,11.5,14.4,3.8,13.6,10.7,11.4,6.8,14.5,20.6,12.6,9.5,12,6.9,9,7.2,10.2,13.1,14.8,14.8,13,18.7,9.8,8.9,9.1,4.5,13.3,7.2,14.4,15.5,13,11.5,13,15.5,4.7,13.7,12.2,11.5,9,15.5,24.5,12.2,9.4,12.2,7.2,9.7,7.2,9.4,13.7,15.8,17.3,12.6,22,10.4,9,9.7,5,,,,,,22.2204,114.2127
2026-08-05T17:00,29.4,30.7,31,30.6,30.6,30.8,29.5,31.4,30.5,31.3,30.7,29.5,30,30.1,30.4,30,31.9,29.9,30.9,31,30.7,29.8,31,31.9,30.4,32.6,30.2,30.5,30.5,31.6,30.2,30.3,30.5,29.2,30.6,30.8,31,31.5,30,30.3,76,67,66,59,68,65,79,66,74,58,70,77,71,70,68,75,62,70,68,62,67,74,69,62,68,60,74,69,69,66,66,70,65,78,69,62,69,60,69,68,0,0,0,0,0,0,0,0,0,0,0,0,0,0,0,0,0,0,0,0,0,0,0,0,0,0,0,0,0,0,0,0,0,0,0,0,0,0,0,0,9.9,5.7,10.5,11.1,10.8,6,6.5,10.5,8.5,6.8,7.9,10.6,10.5,6.9,9.3,8.9,8.8,10.5,8.4,9.7,9,9.1,10.9,9.4,12.4,9,10.5,7.5,8.7,13.4,8.7,10.2,8,11.2,12.3,7.9,9.4,7.2,10.5,8.1,,,,,,,,,,,,,,,,,,,,,,,,,,,,,,,,,,,,,,,,,29.3,29.8,29,29.2,29.1,29.4,30.5,29.6,29.1,28.9,29.2,29,28.2,28,28.9,29,29.4,28.8,28.5,25.5,28.7,28.8,28.5,29,29.7,28.8,28.9,28.6,29.1,29.5,30.1,67,68,70,70,69,68,68,71,65,71,69,71,75,75,76,66,67,70,70,86,70,70,73,69,68,73,74,71,69,65,59,0,0,0,0,0,0,0,0,0,0,0,0,0,0,0,0,0,0,0,0.2,0,0,0,0,0,0,0,0,0,0,0,14,9.8,15.2,15.4,13.3,13.1,13.3,14.8,5.8,13.9,10.1,13,6.2,13,19.5,12.8,10.2,11.8,6.7,7.1,8.5,10.6,13.5,15.5,14.7,14.6,17.1,10.6,9.4,10.8,5.1,14.4,9,16.6,15.8,13.7,13,14.4,16.6,5,14.8,11.5,13.3,8.6,14,23.4,12.2,10.4,11.5,7.2,7.9,7.6,9.7,14.4,15.8,17.3,14.4,21.2,11.2,9.4,10.8,5.4,,,,,,22.2204,114.2127
2026-08-05T18:00,28.9,30,30,29.7,29.9,30,29.2,30.2,29.6,30.4,29.9,29.1,29.3,29.6,29.8,29.3,31,29.2,30.3,29.8,30,29.1,30,30.8,29.7,31.4,29.6,29.8,29.6,30.2,29.4,29.5,29.7,28.7,29.6,29.9,30.1,30.7,29.1,29.6,79,70,71,61,70,68,81,73,80,62,74,78,72,71,70,77,66,75,70,67,71,77,75,69,71,68,76,71,74,74,69,75,70,79,74,67,72,65,74,70,0,0,0,0,0,0,0,0,0,0,0,0,0,0,0,0,0,0,0,0,0,0,0,0,0,0,0,0,0,0,0,0,0,0,0,0,0,0,0,0,7.2,5.2,7.6,7.4,8.2,5.4,6.8,9.7,5.8,5.2,6.9,8.9,7,6.3,6.2,5.8,7.6,9.7,5.8,7.9,8.2,8.8,10.5,10.1,9.4,9.4,6.6,5.6,7.9,13,6.6,8.7,5.7,9.9,9.4,7.2,8.9,6.7,10.3,6.5,,,,,,,,,,,,,,,,,,,,,,,,,,,,,,,,,,,,,,,,,28.9,29.5,28.8,28.9,28.9,29.1,30,29.3,28.8,28.7,29,28.6,28.1,27.9,28.6,28.8,29.2,28.5,28.5,25.6,28.5,28.6,28.4,28.8,29.3,28.5,28.7,28.5,28.8,29.2,29.9,69,70,72,72,70,70,71,73,66,73,70,73,75,76,78,68,68,72,72,84,72,72,74,70,70,74,75,72,70,67,61,0,0,0,0,0,0,0,0,0,0,0,0,0,0,0,0,0,0,0,0,0,0,0,0,0,0,0,0,0,0,0,14,11.8,15.5,13.8,13.1,13.7,14.5,14.9,5.8,13.7,10.5,13,6.5,12.1,17,13.6,10.7,11.6,6.6,4.4,9.8,11.5,13.6,13.7,15.2,14.6,14.8,9.9,8.7,11.8,6.6,15.1,11.9,17.3,15.5,14.4,14.4,15.5,16.9,5,15.5,11.9,14,9,14,20.5,13.3,11.2,11.2,7.6,6.1,9.4,10.4,14.8,14,18.4,15.1,19.4,10.8,9,12.2,7.2,,,,,,22.2204,114.2127
2026-08-05T19:00,28.3,29.3,29.1,28.4,28.8,28.9,28.4,29,28.6,29.2,28.7,28.4,28.3,28.7,28.9,28.5,29.8,28.2,29.2,28.5,29,28.2,29.1,29.3,28.6,29.9,28.7,28.7,28.7,29.2,28.3,28.4,28.5,28,28.5,28.5,28.8,29.5,28,28.4,82,74,75,66,75,73,85,78,84,67,80,82,76,74,74,80,71,79,75,73,77,82,76,77,78,76,81,77,79,79,76,79,76,82,78,75,79,73,82,75,0,0,0,0,0,0,0,0,0,0,0,0,0,0,0,0,0,0,0,0,0,0,0,0,0,0,0,0,0,0,0,0,0,0,0,0,0,0,0,0,5.5,3.3,5.9,6.1,6.7,4.3,5.1,5.4,4.7,3.9,5,5.5,5.1,5.1,3.9,4.7,5.8,7.2,4.7,5.8,6.6,7,5.5,7.3,7.7,8.2,5.2,4.9,5.5,7.9,4.8,6.5,4.4,6.7,7.9,5.7,7.5,4.5,8.6,5.5,,,,,,,,,,,,,,,,,,,,,,,,,,,,,,,,,,,,,,,,,28.5,29,28.6,28.5,28.7,28.7,29.5,28.9,28.5,28.4,28.7,28.2,28.1,27.8,28.3,28.4,28.8,28.2,28.4,26,28.2,28.3,28.2,28.5,28.8,28.2,28.5,28.3,28.6,28.7,29.6,72,74,73,74,72,73,74,76,68,75,73,76,75,78,81,72,70,74,74,82,75,75,76,71,73,74,76,75,71,69,64,0,0,0,0,0,0,0,0,0,0,0,0,0,0,0,0,0,0,0,0,0,0,0,0,0,0,0,0,0,0,0,13.7,13.6,14.9,12.3,12.4,14,15.3,14.3,5.4,13.5,11.3,12.8,7.3,11.6,13.5,14,10.8,11.3,6.5,1.9,11.3,12.1,13.7,10.7,15.7,13.9,12.7,8.5,7.6,12.5,8.5,15.8,14.8,17.6,14.4,14.8,15.8,16.9,16.9,5,16.2,12.6,14.4,9.7,14.8,16.6,15.1,11.5,11.5,7.9,4.3,11.9,11.5,15.1,11.5,19.4,15.5,16.9,10.1,8.3,14,9.4,,,,,,22.2204,114.2127
2026-08-05T20:00,27.8,28.9,28.5,27.4,27.9,28.1,27.8,28.3,28,28.6,28,27.9,27.6,28.1,28.5,28,28.8,27.6,28.4,27.5,28.2,27.7,28.6,28.2,28,28.9,27.9,28,27.9,28.6,27.3,27.7,27.7,27.7,27.6,27.5,28,28.9,27.3,27.6,85,78,80,75,82,79,89,83,87,70,85,85,82,78,78,84,78,83,80,80,83,86,79,84,85,81,86,82,83,82,84,84,82,84,83,83,86,78,88,81,0,0,0,0,0,0,0,0,0,0,0,0,0,0,0,0,0,0,0,0,0,0,0,0,0,0,0,0,0,0,0,0,0,0,0,0,0,0,0,0,4,1.8,4.4,4.1,5.1,3.6,3.6,4,3.5,2.9,3.6,3.6,3.6,4.5,2.3,3.3,3.9,5,3.4,4.3,4.9,5.8,3.6,4.5,7,5.8,3.6,3.6,3.9,4.4,4,5.4,3.6,5.1,5.9,5,5.2,2.3,5.7,4.6,,,,,,,,,,,,,,,,,,,,,,,,,,,,,,,,,,,,,,,,,28.2,28.5,28.4,28.2,28.5,28.4,29.1,28.6,28.3,28.2,28.4,27.9,28,27.7,28.1,28.1,28.5,28,28.4,26.3,28,28,28.1,28.3,28.4,27.9,28.4,28.2,28.4,28.4,29.3,74,77,75,76,74,76,77,78,70,77,75,78,76,79,83,75,72,76,76,80,77,77,77,73,76,75,77,77,72,71,67,0,0,0,0,0,0,0,0,0,0,0,0,0,0,0,0,0,0,0,0,0,0,0,0,0,0,0,0,0,0,0,13.4,14.5,14.5,11,12.3,13.7,16.4,13.4,5.2,13.7,11.5,13,7.3,11.1,10.9,14.3,11.1,10.9,6.9,1.9,11.6,12.1,13.2,8.1,15.6,13.3,11.3,8.1,7.8,13,10.6,15.8,16.9,17.6,13.3,14.8,16.6,18,16.2,5.4,16.6,13.3,14.8,9.7,14.8,13.7,16.2,11.9,11.5,8.6,3.2,13.3,12.2,15.1,9.4,19.4,15.1,14.4,9.7,8.3,15.1,11.5,,,,,,22.2204,114.2127
2026-08-05T21:00,27.5,28.6,28,27.1,27.6,27.7,27.5,27.8,27.6,28.1,27.6,27.5,27.2,27.9,28.2,27.7,28.3,27.3,28,26.9,27.7,27.4,28.4,27.5,27.7,28.1,27.5,27.7,27.5,28.2,26.9,27.3,27.3,27.5,27.1,27,27.5,28.5,26.8,27.1,87,80,83,79,85,82,91,86,88,72,88,87,85,80,80,86,81,85,82,84,87,89,81,88,88,85,88,84,86,85,87,86,85,86,87,88,89,81,92,85,0,0,0,0,0,0,0,0,0,0,0,0,0,0,0,0,0,0,0,0,0,0,0,0,0,0,0,0,0,0,0,0,0,0,0,0,0,0,0,0,3.2,1.4,3.2,3.3,4.1,3.1,3.3,2.9,3.1,2.4,3.3,2.6,2.8,4.3,1.5,2.5,3.2,4,2.9,3.6,3.9,5,3.1,4.1,6.2,4.8,2.5,3.1,3.2,3.6,3.5,4.3,2.8,4.1,4.3,4.3,4.4,1.8,4.2,4.3,,,,,,,,,,,,,,,,,,,,,,,,,,,,,,,,,,,,,,,,,28,28.3,28.2,28.1,28.3,28.1,28.7,28.4,28.1,28,28.1,27.7,28,27.7,28,27.9,28.2,27.8,28.3,26.5,27.9,27.7,28,28.1,28.1,27.8,28.3,28.1,28.3,28.2,29,75,79,77,77,76,78,79,79,72,79,77,80,77,80,84,78,74,77,78,79,79,79,78,75,77,76,78,79,74,73,69,0,0,0,0,0,0,0,0,0,0,0,0,0,0,0,0,0,0,0,0,0.1,0,0,0,0,0,0,0,0,0,0,12.2,14.3,14.2,10.3,11.8,13.1,17.2,12.4,6.2,13.6,11.3,13,6.9,9.9,10.1,14.1,11.3,10.8,8,3.1,10.8,11.5,11.8,7.4,14,12.3,10.2,8.7,9.2,12.9,11.8,14.4,16.9,17.6,12.2,14.4,15.8,19.4,14.8,6.8,16.6,13.3,15.1,9,13,13.3,16.6,11.9,11.5,10.1,4,12.6,13,14,8.3,17.6,14,12.6,10.8,10.1,15.5,13.3,,,,,,22.2204,114.2127
2026-08-05T22:00,27.4,28.4,27.7,27,27.5,27.5,27.3,27.5,27.4,27.8,27.5,27.3,26.9,27.7,28.1,27.5,28,27.2,27.8,26.5,27.4,27.3,28.4,27,27.6,27.5,27.3,27.5,27.2,28,26.7,27,27.1,27.4,26.8,26.7,27.3,28.4,26.6,26.9,89,82,86,81,87,84,92,88,89,73,89,89,89,81,81,87,84,87,83,86,90,91,82,90,89,88,90,86,89,87,90,88,87,87,90,91,91,83,94,88,0,0,0,0,0,0,0,0,0,0,0,0,0,0,0,0,0,0,0,0,0,0,0,0,0,0,0,0,0,0,0,0,0,0,0,0,0,0,0,0,2.6,1.5,2.6,3.2,3.4,2.9,2.9,2.5,2.9,2.3,2.9,2.3,2.3,4.6,1.6,2.3,3.1,3,2.6,3.3,3.2,4.3,3.1,4.1,5.7,4.4,2.2,3.1,3.1,3.4,3.2,3.3,2.4,3.3,3.3,4,3.6,2.2,3.3,4.4,,,,,,,,,,,,,,,,,,,,,,,,,,,,,,,,,,,,,,,,,27.9,28.1,28.1,28.1,28.1,27.9,28.4,28.3,28.1,28,27.9,27.6,27.9,27.7,27.9,27.8,28,27.7,28.2,26.7,27.8,27.5,27.9,28,28,27.8,28.3,28,28.2,28,28.7,76,80,78,77,77,80,80,80,73,81,79,81,79,81,86,80,75,78,79,79,80,80,80,77,78,76,79,81,75,75,71,0,0,0,0,0,0,0,0,0,0,0,0,0,0,0,0,0,0,0,0,0.1,0,0,0,0,0,0,0,0,0,0,10.2,13,13.8,9.3,11.1,12,17.5,11,7.8,13.5,10.9,12.7,6.1,8.4,10.7,13.3,11.2,10.5,9.8,4.6,9.4,11.4,10,7.1,11.9,11,9.2,9.7,10.8,12.4,13,11.9,15.5,17.6,10.8,13.7,14.4,20.9,13.3,8.6,16.6,12.6,15.1,7.6,10.4,14.4,16.9,11.5,11.9,12.2,5.8,10.8,13.7,12.2,7.9,14.8,12.6,11.2,12.2,12.2,15.1,14.8,,,,,,22.2204,114.2127
2026-08-05T23:00,27.4,28.2,27.5,26.9,27.5,27.4,27.2,27.3,27.2,27.4,27.4,27.1,26.8,27.6,27.9,27.4,27.8,27.1,27.6,26.2,27.2,27.2,28.3,26.6,27.5,27,27.1,27.4,26.9,27.8,26.6,26.9,27,27.3,26.6,26.6,27.2,28.2,26.5,26.7,91,84,88,84,88,86,93,89,89,75,90,91,91,83,82,89,86,88,84,88,92,92,83,92,90,90,91,87,91,88,91,89,88,88,92,93,93,84,96,91,0,0,0,0,0,0,0,0,0,0,0,0,0,0,0,0,0,0,0,0,0,0,0,0,0,0,0,0,0,0,0,0,0,0,0,0,0,0,0,0,2.3,1.6,2.6,3.1,2.6,2.7,2.5,2.2,2.6,1.8,2.6,2.2,2.1,4.8,1.6,1.6,2.7,2.3,2.3,3.2,2.6,3.7,2.9,4,5.2,4.2,1.8,2.9,2.7,3.1,2.9,2.3,2.2,2.8,2.7,3.4,3,2.6,2.7,4.2,,,,,,,,,,,,,,,,,,,,,,,,,,,,,,,,,,,,,,,,,27.8,28,28,28,27.9,27.8,28.2,28.2,28,27.9,27.8,27.6,27.9,27.6,27.8,27.7,27.8,27.6,28,26.8,27.7,27.4,27.8,27.9,27.9,27.7,28.2,28,28.2,27.9,28.5,77,81,80,78,79,82,81,81,75,83,80,82,80,82,86,82,77,79,81,79,81,81,81,78,79,77,80,82,77,77,73,0,0,0,0,0,0,0,0,0,0,0,0,0,0,0,0,0,0,0,0,0.1,0,0,0,0,0,0,0,0,0,0,8.8,12.2,13.1,8.4,10.3,10.8,17.9,10.2,8.7,13.1,10.6,12.5,5.4,6.6,11,13,11.2,10.1,11.1,5.6,7.6,11.5,8.7,6.1,9.6,10.1,8.4,10.1,11.6,12.2,13.3,10.4,15.1,17.3,10.1,13,13,22.3,12.2,10.1,16.6,12.6,15.5,6.5,8.3,14.8,16.9,12.6,11.9,13.3,7.2,9.4,13.3,11.2,7.2,11.9,11.9,10.1,13.3,13.7,15.1,15.5,,,,,,22.2204,114.2127
2026-08-06T00:00,27.3,28,27.3,26.8,27.4,27.1,27.1,27.1,26.9,27,27.2,27,26.6,27.4,27.7,27.1,27.6,26.9,27.2,26,27.1,27,28.1,26.3,27.4,26.7,27,27.2,26.7,27.7,26.5,26.7,26.7,27.2,26.4,26.5,27,28,26.4,26.6,92,85,90,86,88,88,94,91,90,77,91,92,92,86,83,91,87,89,86,90,93,93,84,93,91,91,92,89,92,88,92,90,89,89,93,94,94,85,97,93,0,0,0,0,0,0,0,0,0,0,0,0,0,0,0,0,0,0,0,0,0,0,0,0,0,0,0,0,0,0,0,0,0,0,0,0,0,0,0,0,2,1.1,2.3,2.9,2.2,2.6,1.8,1.1,1.8,1.1,2,2.1,1.9,4.7,1.6,0.8,2.5,2.2,1.9,2.5,1.6,2.8,1.9,3.7,4.7,4.4,1.6,2.4,2.8,2.2,2.3,0.5,1.4,2.4,2.3,2.3,2.9,2.8,2.6,3.5,,,,,,,,,,,,,,,,,,,,,,,,,,,,,,,,,,,,,,,,,27.7,27.9,27.9,27.9,27.8,27.6,28.1,28.1,27.8,27.8,27.6,27.5,27.8,27.5,27.7,27.6,27.6,27.5,27.9,26.8,27.6,27.3,27.7,27.7,27.7,27.6,28,27.9,28.1,27.9,28.3,78,82,82,79,80,83,81,81,76,84,81,83,80,82,86,83,79,79,83,80,82,82,82,79,79,77,81,83,79,78,74,0,0,0,0,0,0,0,0,0,0,0,0,0,0,0,0,0,0,0,0,0,0,0,0,0,0,0,0,0,0,0,8.7,12.8,13,8.4,9.7,9.4,18,10.1,9.2,13.6,10.7,12.3,4.5,4.8,10.1,13,11.6,10,11.3,6.1,6.5,10.2,8.4,4.3,7,9.8,8,9.7,10.5,12.3,12.8,10.4,16.6,17.3,10.1,12.6,11.2,24.1,12.6,11.5,17.3,13.3,16.2,5.4,6.5,13.7,17.6,15.8,12.2,13.3,7.6,8.3,11.5,11.2,6.1,8.6,12.2,10.1,13,12.6,15.5,15.1,,,,,,22.2204,114.2127
2026-08-06T01:00,27.2,27.8,27.2,26.6,27.4,26.9,27,26.8,26.6,26.6,27.1,26.9,26.5,27.2,27.5,26.7,27.4,26.8,26.8,25.9,27.1,26.9,27.9,26.1,27.2,26.5,26.9,27,26.5,27.6,26.4,26.6,26.5,27.1,26.3,26.5,26.8,27.7,26.3,26.5,93,86,91,89,88,89,94,92,90,80,91,93,93,88,85,94,87,90,89,91,92,93,85,93,92,91,92,90,93,88,92,91,90,89,94,93,95,86,97,93,0,0,0,0,0,0,0,0,0,0,0,0,0,0,0,0,0,0,0,0,0,0,0,0,0,0,0,0,0,0,0,0,0,0,0,0,0,0,0,0,1.9,0.4,1.6,2.5,2.3,2.5,1.6,0,1.1,0.8,1.8,2.6,2.3,5.1,1.1,1,3.1,2.4,2.5,1.9,1.1,2.9,0.8,3.6,4.4,4.7,2.1,1.6,2.9,2.6,1.6,1.8,0.5,2.5,2.2,2.3,2.8,3.4,2.4,2.9,,,,,,,,,,,,,,,,,,,,,,,,,,,,,,,,,,,,,,,,,27.6,27.8,27.7,27.8,27.6,27.5,28,27.9,27.7,27.7,27.5,27.5,27.7,27.4,27.6,27.5,27.5,27.4,27.7,26.8,27.5,27.2,27.6,27.6,27.6,27.4,27.8,27.8,27.9,27.9,28.1,78,82,83,79,81,84,81,82,77,85,81,83,80,82,85,84,80,79,85,81,82,82,83,79,79,78,82,84,80,79,74,0,0,0,0,0,0,0,0,0,0,0,0,0,0,0,0,0,0,0,0,0,0,0,0,0,0,0,0,0,0,0,9.4,14.1,13,8.7,9.4,7.8,18.5,10.6,9.8,14,11.5,12.9,3.4,3.4,8.9,13.6,14.3,10.2,10.6,5.8,5.9,7.6,9,3.1,4.5,10.5,8.2,9,8.4,12.2,12.3,11.5,18.7,17.3,10.1,11.9,9.4,25.6,13.7,12.6,18.4,14.8,17.3,4.3,5,11.9,18.4,19.8,12.6,13,7.2,7.2,9,11.5,4.7,5.8,13.3,10.4,12.2,10.4,15.5,14.4,,,,,,22.2204,114.2127
2026-08-06T02:00,27.2,27.6,27,26.5,27.3,26.6,26.9,26.6,26.4,26.2,26.9,26.8,26.4,27.1,27.3,26.5,27.2,26.7,26.6,25.7,27.1,26.7,27.7,25.9,27.1,26.3,26.8,26.8,26.4,27.5,26.3,26.5,26.3,26.9,26.2,26.5,26.6,27.5,26.3,26.5,93,87,91,90,88,90,94,93,91,82,91,93,93,90,86,95,88,91,90,92,92,93,86,94,93,91,93,91,94,88,92,91,91,90,94,93,95,87,97,94,0,0,0,0,0,0,0,0,0,0,0,0,0,0,0,0,0,0,0,0,0,0,0,0,0,0,0,0,0,0,0,0,0,0,0,0,0,0,0,0,1.8,0.5,0.8,2.4,2.7,2.2,1.3,0.8,1.8,1.1,2.3,3,2.2,5.2,0.8,1.6,3.6,2.3,3.1,1.8,0.5,3.5,0.5,3.9,4,5,2.6,0.8,3.3,3.7,1.4,3.1,0.8,3.1,1.5,2.8,2.7,3.4,2.6,2.6,,,,,,,,,,,,,,,,,,,,,,,,,,,,,,,,,,,,,,,,,27.5,27.8,27.6,27.6,27.5,27.4,28,27.8,27.6,27.6,27.5,27.5,27.6,27.2,27.5,27.5,27.5,27.3,27.6,26.7,27.3,27.1,27.5,27.5,27.5,27.3,27.6,27.7,27.8,27.9,28,79,83,84,80,82,84,80,82,78,86,81,83,79,82,84,84,81,79,86,82,82,82,83,79,79,78,83,85,81,79,74,0,0,0,0,0,0,0,0,0,0,0,0,0,0,0,0,0,0,0,0,0,0,0,0,0,0,0,0,0,0,0,9.4,15,12.5,8.6,8.5,6.2,18.6,10.8,9.8,13.8,11.8,12.9,2.6,3,7.6,14.1,17.1,10.3,9.4,5.2,5.5,6,8.8,3.7,2.5,11.3,8.5,8,6.9,12.3,12.1,11.5,20.2,16.6,10.1,10.8,7.6,26.3,14,12.6,18.7,15.1,17.6,3.6,4,9.7,18.4,22.7,12.2,11.9,6.8,6.5,7.2,11.2,4,3.6,13.7,10.1,10.8,8.6,15.1,14,,,,,,22.2204,114.2127
2026-08-06T03:00,27.2,27.4,26.9,26.3,27,26.3,26.8,26.4,26.3,26,26.6,26.7,26.3,27,26.9,26.4,26.8,26.5,26.4,25.5,26.9,26.5,27.4,25.7,26.9,26,26.6,26.6,26.3,27.1,26.1,26.3,26.2,26.7,26.2,26.4,26.3,27.2,26.2,26.3,92,87,90,91,89,91,95,94,91,83,92,93,93,90,88,95,90,92,89,93,92,94,87,96,94,93,94,92,95,90,93,92,91,91,93,93,96,88,98,95,0,0,0,0,0,0,0.2,0,0,0,0,0,0,0,0,0,0,0,0,0,0,0,0,0,0,0,0,0,0,0,0,0,0,0,0,0,0,0,0,0,1.8,1.5,0.8,2.3,3.2,1.8,0.8,1.5,2.3,1.3,2.5,2.5,2.3,5.4,0,2.3,3.1,0.7,3.4,1.8,1.1,3.7,1,4.2,3.7,5.1,2.2,0.8,3.3,4.3,1.9,2.9,1.5,3.6,0.8,2.8,2.6,2.3,1.3,2.3,,,,,,,,,,,,,,,,,,,,,,,,,,,,,,,,,,,,,,,,,27.4,27.7,27.5,27.5,27.4,27.3,27.9,27.7,27.4,27.5,27.4,27.4,27.6,27.1,27.4,27.4,27.4,27.2,27.4,26.7,27.2,27,27.3,27.3,27.4,27.2,27.4,27.5,27.7,27.7,27.9,80,84,85,81,82,84,80,83,79,87,82,84,79,82,83,84,82,79,87,82,83,82,83,79,79,78,83,86,82,80,74,0,0,0,0,0,0,0,0,0,0,0,0,0,0,0,0,0,0,0,0,0,0,0,0,0,0,0,0,0,0,0,8.2,14.9,10.5,7.9,6.2,4.2,18.1,10.6,8,12.2,11.3,12.8,2.4,3.6,5.1,13.4,17.4,9.3,7.7,4.1,5.4,5.4,6.6,3.6,2.6,11.1,7.1,6.2,5.5,11.2,12.7,10.1,20.5,14.4,9,8.6,5.4,25.6,13.7,10.8,17.3,14.4,17.3,3.6,4,7.2,17.3,22.7,10.8,10.1,6.5,6.5,7.6,8.6,4,3.6,13.3,8.3,7.9,7.6,13.7,14.4,,,,,,22.2204,114.2127
2026-08-06T04:00,27.2,27.3,26.7,26.1,26.7,26,26.6,26.2,26.2,25.8,26.3,26.7,26.1,26.9,26.5,26.4,26.4,26.4,26.4,25.3,26.7,26.3,27.2,25.4,26.7,25.8,26.5,26.4,26.2,26.7,25.9,26.2,26,26.5,26.2,26.2,26.1,27,26.1,26.1,91,87,89,91,91,93,95,95,92,83,94,93,93,89,91,94,92,92,88,94,92,95,88,98,95,95,95,92,95,92,93,92,91,91,92,93,97,88,98,95,0,0,0,0,0,0,0.2,0,0,0,0,0,0,0,0,0,0,0,0,0,0,0,0,0,0,0,0,0,0,0,0,0,0,0,0,0,0,0,0,0,2.4,2.2,2.3,2.6,3.4,1.6,0.5,2.4,2,1.8,2.7,1.9,2.8,5.8,1.1,2.6,2.8,2.3,3.3,2.5,2.9,3.2,2.1,4.3,4.1,4.9,2.1,2.1,3.1,4.3,2.6,1.8,2.2,3.8,3.9,2.3,3.3,3.3,1.5,2.3,,,,,,,,,,,,,,,,,,,,,,,,,,,,,,,,,,,,,,,,,27.3,27.6,27.4,27.4,27.2,27.1,27.8,27.6,27.3,27.4,27.4,27.3,27.5,26.9,27.3,27.4,27.4,27.1,27.2,26.6,27,27,27.2,27.2,27.3,27.1,27.3,27.4,27.6,27.5,27.8,80,84,85,81,82,84,79,85,79,87,83,84,78,82,82,84,82,78,87,82,83,82,82,79,80,79,83,87,82,80,75,0,0,0,0,0,0,0,0,0,0,0,0,0,0,0,0,0,0,0,0,0,0,0,0,0,0,0,0,0,0,0,6.7,14.3,8.3,6.7,3.8,2.3,17,9.7,5.9,10.4,10.1,12.1,3.2,4.6,2.1,12.2,16.8,7.6,6,4.5,6,6.4,3.8,3.7,4.1,10.6,5.4,4.1,5.1,9.8,13.4,7.6,20.5,11.2,7.9,5.8,3.2,23.8,13,8.3,14.8,13.3,15.8,4,5,4.3,15.5,21.6,9,7.9,6.1,7.2,8.6,5,4.7,5,12.6,6.1,4.7,6.5,11.5,15.1,,,,,,22.2204,114.2127
2026-08-06T05:00,27.3,27.3,26.8,26.2,26.6,26,26.6,26.3,26.2,25.9,26.2,26.7,26.1,27,26.4,26.5,26.4,26.4,26.6,25.4,26.7,26.3,27.2,25.5,26.7,25.9,26.5,26.4,26.3,26.5,25.9,26.2,26.1,26.5,26.4,26.2,26.1,27,26.2,26.1,90,86,87,90,92,93,95,94,91,82,94,93,93,87,92,93,92,92,86,94,91,95,88,98,95,95,95,92,94,93,93,92,91,91,90,93,97,88,98,95,0,0,0,0,0,0,0.2,0,0,0,0,0,0,0,0,0,0,0,0,0,0,0,0,0,0,0,0,0,0,0,0,0,0,0,0,0,0,0,0,0,2.9,2.9,3.3,2.9,3.6,1.8,0,2.7,2.1,2,3.3,1.8,3.4,6,1.8,2.6,3.3,4,3.1,3.3,4,3.1,2.6,4.8,4.5,4.7,2.5,2.9,3.3,4.3,3.1,1.8,2.5,4.1,5.8,2.5,4.5,4.7,3.2,2.5,,,,,,,,,,,,,,,,,,,,,,,,,,,,,,,,,,,,,,,,,27.2,27.6,27.4,27.4,27.2,27,27.8,27.5,27.3,27.3,27.4,27.3,27.5,26.9,27.2,27.4,27.4,27.1,27.1,26.6,27,27,27.1,27.2,27.3,27.1,27.2,27.4,27.5,27.5,27.8,80,84,85,81,81,83,79,85,79,87,83,84,78,82,81,83,82,78,87,81,83,82,81,79,80,79,82,87,82,80,75,0,0,0,0,0,0,0,0,0,0,0,0,0,0,0,0,0,0,0,0,0,0,0,0,0,0,0,0,0,0,0,5.3,13.7,7,6.1,3.1,0.8,16.7,9,5.1,9,9.3,11.2,4.7,5.1,2.3,11.2,15.8,6.6,5.2,6.2,7,7.2,1.8,4.4,5.4,9.9,4,1.8,4.8,8.6,13.8,6.1,19.4,8.6,6.8,4,1.8,22.3,11.9,6.5,12.6,11.9,14.4,5,5.4,2.9,14,20.2,7.9,6.1,6.1,7.9,9,2.9,5.4,6.1,11.9,5,2.9,5.8,10.1,15.8,,,,,,22.2204,114.2127
2026-08-06T06:00,27.4,27.5,27,26.4,26.9,26.3,26.8,26.7,26.5,26.3,26.4,26.9,26.4,27.3,26.7,26.8,26.8,26.6,26.8,25.8,26.9,26.5,27.4,26,26.9,26.4,26.7,26.6,26.5,26.8,26.1,26.4,26.3,26.7,26.6,26.5,26.4,27.2,26.5,26.4,89,85,86,90,91,92,94,91,90,80,93,92,92,86,91,92,90,92,86,91,90,94,88,94,93,93,94,91,91,91,92,91,90,90,88,92,95,87,97,94,0,0,0,0,0,0,0.1,0,0,0,0,0,0,0,0,0,0,0,0,0,0,0,0,0,0,0,0,0,0,0,0,0,0,0,0,0,0,0,0,0,3.7,2.9,3.4,2.9,3.4,1.9,0.7,3.1,1.9,2,3.3,2.4,2.9,5.8,1.8,2.2,3.3,4.3,2.8,3.4,4.5,3.2,2.5,5.4,5.5,4.8,2.5,2.6,3.8,4.5,3.3,2.3,2.6,4.3,6,3.1,5,4,4.5,2.2,,,,,,,,,,,,,,,,,,,,,,,,,,,,,,,,,,,,,,,,,27.3,27.7,27.5,27.4,27.2,27.1,27.9,27.6,27.3,27.4,27.4,27.4,27.4,26.9,27.2,27.5,27.4,27.1,27.1,26.6,27,27.1,27.1,27.3,27.3,27.2,27.3,27.4,27.6,27.6,27.8,79,83,84,80,80,82,79,84,78,86,82,83,78,81,81,82,81,78,85,81,82,81,80,78,80,78,81,86,81,79,75,0,0,0,0,0,0,0,0,0,0,0,0.3,0,0,0,0,0,0,0,0,0,0,0,0,0,0,0,0,0,0,0,5.1,12.3,6.4,5.9,3.2,0.4,17,7.8,5.4,8,8.6,9.4,6.6,5,4.4,10.9,14.8,6.8,4.7,7.6,7.4,6.5,1.8,5.3,6.5,9.4,4.7,1.3,4.9,8.7,14,6.1,17.6,7.2,6.5,3.2,1.1,22.3,10.4,6.1,10.4,10.8,12.2,6.8,5,4,13.3,18.7,7.9,5.8,6.8,8.6,7.9,2.9,6.1,7.2,11.2,5.8,3.6,5.4,10.1,16.2,,,,,,22.2204,114.2127
2026-08-06T07:00,27.7,27.9,27.4,26.9,27.4,26.8,27,27.3,26.9,26.8,26.9,27.2,26.8,27.6,27.2,27.1,27.5,26.9,27.3,26.5,27.3,27,27.8,26.8,27.3,27.3,27.2,27,27,27.5,26.6,26.9,26.7,27.1,26.9,26.9,26.9,27.7,26.9,26.9,89,83,84,89,90,89,93,87,88,77,91,91,91,84,89,90,86,91,86,87,89,92,86,88,91,90,91,89,87,87,91,90,89,87,87,91,92,84,95,92,0,0,0,0,0,0,0.1,0,0,0,0,0,0,0,0,0,0,0,0,0,0,0,0,0,0,0,0,0,0,0,0,0,0,0,0,0,0,0,0,0,4.6,2.7,3.1,2.5,3.1,2.3,1.8,3.1,1.5,2.1,2.9,2.9,1.3,5.9,1.3,1.8,2.9,3.8,2.3,3.4,4.5,3.2,2.3,5.9,6.4,5.2,2.3,1.8,4.6,4.7,2.8,2.9,2.3,4.3,5.5,4.2,4.9,2.6,5.8,1.8,,,,,,,,,,,,,,,,,,,,,,,,,,,,,,,,,,,,,,,,,27.4,27.8,27.7,27.6,27.3,27.4,28,27.8,27.5,27.5,27.6,27.7,27.3,27.1,27.3,27.6,27.6,27.3,27.3,26.6,27.2,27.3,27.2,27.5,27.4,27.4,27.4,27.5,27.7,27.8,27.9,77,81,82,78,78,80,78,82,76,83,81,81,79,79,80,80,79,77,83,80,81,78,79,77,79,78,79,83,80,78,75,0,0,0,0,0,0,0,0,0,0,0,0.3,0,0,0,0,0,0,0,0,0,0,0,0,0,0,0,0,0,0,0,5.5,11,5.6,6.2,2.9,0.7,18.1,6.1,5.7,6.7,8,7.4,8.4,4.5,6.3,10.7,13.5,7.2,5,8,7.9,5.1,3.1,6.3,7.3,8.8,6.6,4.6,4.7,9.1,14.1,6.5,15.1,6.5,6.8,3.2,1.4,22.7,8.6,6.5,8.6,9.7,9.4,9,4.7,6.5,13,16.9,8.3,5.8,7.9,9,5.8,4,6.8,7.9,10.4,7.9,5.4,5.4,11.2,15.8,,,,,,22.2204,114.2127
2026-08-06T08:00,28,28.6,28.1,27.6,28.2,27.5,27.6,28.1,27.6,27.6,27.7,27.5,27.4,28.2,27.9,27.7,28.4,27.4,28,27.3,27.9,27.6,28.4,27.8,28,28.3,27.8,27.6,27.7,28.3,27.3,27.5,27.4,27.7,27.5,27.5,27.7,28.5,27.6,27.5,87,80,81,86,87,86,90,83,85,73,87,89,88,81,85,87,81,88,84,82,86,89,84,82,87,85,88,86,83,82,88,88,86,84,84,88,88,81,91,88,0,0,0,0,0,0,0.1,0,0,0,0,0,0,0,0,0,0,0,0,0,0,0,0,0,0,0,0,0,0,0,0,0,0,0,0,0,0,0,0,0,5.5,2.6,2.4,2.3,3.2,2.6,2.5,3.2,1.5,2.1,2.5,3.1,1.1,6.2,1.3,1.5,2.3,3.1,2.1,2.7,4.2,3.5,2.2,6.1,6.9,5.5,1.8,1.3,4.9,4.2,2.5,3.2,2,4.5,4.8,4.9,4.8,1.5,6.2,2.3,,,,,,,,,,,,,,,,,,,,,,,,,,,,,,,,,,,,,,,,,27.7,28.1,27.9,27.9,27.6,27.7,28.3,28.2,27.8,27.8,27.9,28,27.4,27.4,27.6,27.9,27.9,27.6,27.6,26.8,27.5,27.7,27.5,27.8,27.7,27.8,27.7,27.8,27.9,28.1,28.1,75,79,80,76,76,78,77,79,74,81,79,79,79,76,79,78,77,76,80,79,79,76,78,76,78,76,77,81,78,76,75,0,0,0,0,0,0,0,0,0,0,0,0.3,0,0,0,0,0,0,0,0,0,0,0,0,0,0,0,0,0,0,0,6,10.1,5.1,6,3.2,0.8,18.4,5.4,5.9,6,7.2,5.7,9.8,4,7.7,10.5,12.6,7.6,4.7,8.2,7.8,3.6,4,5.6,7.6,8.3,8.2,7.1,4.7,9.4,13.4,6.8,12.6,6.1,6.8,4,1.8,22.7,7.2,6.8,7.2,9,7.2,10.4,4.3,8.6,12.6,15.5,8.6,5.8,8.3,9,4.7,4.7,7.6,8.3,9.7,9.4,7.6,5,11.5,15.5,,,,,,22.2204,114.2127
2026-08-06T09:00,28.6,29.8,29.3,28.8,29.2,28.3,28.6,29.1,28.8,28.9,28.9,28,28.3,29.1,28.9,28.7,29.6,28.4,29.1,28.5,28.9,28.6,29.4,29.1,28.9,29.5,28.8,28.6,28.7,29.4,28.4,28.3,28.5,28.5,28.5,28.4,28.7,29.6,28.7,28.5,84,73,75,79,82,81,84,79,79,69,81,86,83,76,79,81,75,82,79,77,81,83,79,76,81,79,82,81,78,76,82,84,80,78,80,82,83,76,85,82,0,0,0,0,0,0,0.1,0,0,0,0,0.1,0,0,0,0,0,0,0,0,0,0,0,0,0,0,0,0,0,0,0,0,0,0,0,0,0,0,0,0,6.8,2.4,1.8,2.3,4.1,3.4,2.6,3.1,1.6,2.1,2.3,3.2,3.1,7.9,1.6,1.5,1.5,2.9,2.1,1.8,3.9,3.7,2.1,6.4,7.4,6,1.5,1.1,4.9,3.1,2.1,3.7,1.1,5.9,4.7,5,4.3,0.4,5.9,4,,,,,,,,,,,,,,,,,,,,,,,,,,,,,,,,,,,,,,,,,28.3,28.7,28.4,28.5,28.1,28.2,28.7,28.7,28.4,28.3,28.5,28.5,27.6,28,28,28.5,28.4,28.1,28.3,27.5,28.2,28.3,28,28.3,28.2,28.3,28.1,28.2,28.4,28.6,28.6,72,76,77,73,73,76,75,76,71,78,76,76,78,73,76,75,74,75,76,76,75,73,76,74,75,73,74,79,74,74,73,0,0,0,0,0,0,0,0,0,0,0,0,0,0,0,0,0,0,0,0,0,0,0,0,0,0,0,0,0,0,0,5.1,8.9,5.2,5.5,4.7,1.4,17.7,4.7,5.9,5.9,7,3.7,9.8,3.9,8.1,9.3,12,7.6,3.6,7.9,6.1,3,3.9,3.8,7.1,7.7,8.7,9.3,4,9,11.8,6.1,10.4,6.1,6.5,5.4,2.9,20.9,6.5,6.5,6.8,8.3,5.4,10.4,4.7,9,11.2,14.4,8.3,4.3,7.9,7.2,4.7,4.7,7.6,7.6,9,9.7,9.4,4.3,11.2,14,,,,,,22.2204,114.2127
2026-08-06T10:00,29.4,31.3,30.8,30.4,30.3,29.3,29.8,30.2,30.2,30.4,30.4,28.6,29.5,30.2,30.2,30,31,29.7,30.5,29.8,30.2,29.7,30.6,30.5,30.1,30.9,30,29.8,30.1,30.7,29.6,29.3,29.9,29.5,29.8,29.5,30,31,30,29.7,79,65,68,71,76,75,77,75,72,65,73,82,77,71,72,74,69,74,73,72,75,75,73,69,75,72,76,74,73,68,74,78,73,72,74,74,76,70,78,75,0,0,0,0,0,0,0.1,0,0,0,0,0.1,0,0,0,0,0,0,0,0,0,0,0,0,0,0,0,0,0,0,0,0,0,0,0,0,0,0,0,0,8.5,2.2,2.1,2.4,6,4.5,2.5,2.4,2.1,2,1.8,4.3,5.7,10.8,1.8,1.9,1.4,3.1,2.1,1.4,3.8,4.3,2.7,6.1,7.9,6.4,1.1,1.5,4.8,1.4,2.2,4.7,1.3,7.6,5.1,4.9,3.4,1.5,5.2,6.5,,,,,,,,,,,,,,,,,,,,,,,,,,,,,,,,,,,,,,,,,29,29.4,28.9,29.3,28.8,28.8,29.3,29.4,29.2,29,29.3,29.1,27.9,28.8,28.6,29.3,29.1,28.7,29.1,28.3,29,28.9,28.6,28.9,29,29,28.7,28.7,29,29.1,29.4,68,73,74,69,70,73,72,72,68,75,72,72,76,69,73,72,72,73,71,71,70,69,72,72,72,70,71,76,70,71,71,0,0,0,0,0,0,0,0,0,0,0,0,0,0,0,0,0,0,0,0,0,0,0,0,0,0,0,0,0,0,0,4.5,7.1,6.5,4.5,6.9,3.4,16.1,5.4,6.1,6.5,6.9,2.6,9.1,4.3,8.4,8,11.2,7.3,1.5,6.9,3.7,3.4,3.6,4.5,6,7.2,8.7,11.5,3.7,9.1,10,5.4,8.3,6.5,5.8,7.2,4.3,18.7,6.1,6.5,6.8,8.3,4.3,9.7,5,9,9.4,13.3,7.9,2.9,6.8,4.3,5.8,4,7.2,6.1,8.3,9.7,11.5,3.6,10.1,11.9,,,,,,22.2204,114.2127
2026-08-06T11:00,30,32.6,32,31.7,31.3,30,30.8,31.3,31.6,31.7,31.8,29.1,30.4,31.1,31.3,31.1,32.3,30.8,31.8,30.9,31.3,30.6,31.7,31.9,31,32.2,31,30.9,31.3,31.9,30.7,30.2,31.1,30.3,30.8,30.5,31.2,32.1,31.1,30.6,76,58,62,64,71,70,72,71,66,61,66,79,72,67,66,68,63,68,67,67,70,69,68,63,69,66,70,69,68,62,68,73,67,66,70,68,70,65,72,69,0,0,0,0,0,0,0.1,0,0,0,0,0.1,0,0,0,0,0,0,0,0,0,0,0,0,0,0,0,0,0,0,0,0,0,0,0,0,0,0,0,0,10,1.9,2.6,2.9,8,5.4,2.5,1.3,2.4,1.3,1,5.5,7.8,13.1,1.9,2.5,2.1,3.3,2.1,2.3,3.8,5.4,3.6,5.9,9,6.8,1.3,2.2,4.1,1.3,3,5.8,2.9,9.1,5.9,5.1,2.7,3.1,4.4,8.3,,,,,,,,,,,,,,,,,,,,,,,,,,,,,,,,,,,,,,,,,29.6,30,29.4,29.9,29.3,29.2,29.8,29.9,29.8,29.5,29.9,29.5,28.1,29.4,29.1,29.9,29.8,29.3,29.7,29,29.6,29.5,29.1,29.4,29.5,29.6,29.2,29.1,29.5,29.6,30,65,71,71,66,67,71,70,69,65,72,69,69,75,66,70,70,69,71,67,68,67,67,70,70,69,68,69,74,67,69,69,0,0,0,0,0,0,0,0,0,0,0,0,0,0,0,0,0,0,0,0,0,0,0,0,0,0,0,0,0,0,0,5.4,7.2,7.9,4.3,8.6,5.7,15.2,6.8,6.6,7.4,7.2,4,8.7,4.3,9,8,10.6,7.8,0.8,6,2.2,5.5,3.6,7.1,3.9,7.9,8.7,13.7,4.3,10.2,8.5,5.4,7.9,7.2,5.8,9.4,6.1,17.3,6.5,6.8,7.6,8.3,4.3,9.4,5.4,9.7,9,13,8.3,2.5,6.5,3.2,7.2,4.3,7.6,5.8,8.3,10.1,13.3,4,10.4,10.8,,,,,,22.2204,114.2127
2026-08-06T12:00,30.4,33.6,32.8,32.7,31.8,30.5,31.3,32.4,32.9,32.7,32.9,29.5,30.9,31.6,32.4,31.9,33.4,31.6,33.1,31.8,32.1,31.2,32.5,33.2,31.7,33.4,31.8,31.7,32.4,32.9,31.6,30.8,31.8,30.9,31.4,31.3,32.3,32.8,31.7,31.3,74,55,59,60,68,67,69,65,61,58,61,77,68,65,61,65,59,64,61,63,66,66,65,58,65,61,66,65,63,58,64,69,64,63,67,64,64,62,68,65,0,0,0,0,0,0,0.1,0,0,0,0,0,0,0,0,0,0,0,0,0,0,0,0,0,0,0,0,0,0,0,0,0,0,0,0,0,0,0,0,0,10.8,2.6,4.2,3.9,8.7,6.5,2.6,0.7,2.5,0.8,1.4,5.9,9,14.1,2.3,3.5,2,4.4,1.9,4.3,4,6.4,4.7,5,10.4,6.4,4,3.7,3.3,0.8,4.8,6.9,4.9,9.8,7.3,5.9,1.8,4.7,4.8,9.2,,,,,,,,,,,,,,,,,,,,,,,,,,,,,,,,,,,,,,,,,29.8,30.2,29.7,30.3,29.6,29.4,30.2,30.1,30.2,29.8,30.3,29.8,28.3,29.7,29.4,30.2,30.3,29.6,30,29.2,29.8,29.7,29.3,29.6,29.7,29.8,29.4,29.3,29.8,29.8,30.5,65,70,70,64,66,70,69,68,63,71,67,68,74,65,69,68,67,69,66,67,67,66,69,70,68,67,67,73,66,69,67,0,0,0,0,0,0,0,0,0,0,0,0,0,0,0,0,0,0,0,0,0,0,0,0,0,0,0,0,0,0,0,8,9.7,9.9,5.5,10,8.2,16.1,8.7,8,9.2,8,6.8,9,3.7,10.9,10.6,10.4,9,4.4,5.4,4,8.4,4.9,9.1,2.7,10.1,9.4,15.5,6.4,12.7,8.7,7.6,10.1,8.6,7.2,11.5,8.3,17.6,8.3,8.3,9.4,9,6.1,9.7,5.8,11.9,11.2,13.3,9.7,4.7,7.2,5,9.7,5.8,9,7.2,9.7,10.4,15.1,5.8,12.6,11.5,,,,,,22.2204,114.2127
2026-08-06T13:00,30.7,34.4,33.4,33.6,32.1,30.7,31.7,33.5,34,33.6,33.9,29.9,31.3,31.9,33.3,32.4,34.4,32.2,34.3,32.4,32.8,31.6,33.2,34.4,32.2,34.4,32.6,32.4,33.4,33.7,32.2,31.2,32.3,31.3,31.8,32,33.4,33.4,32.1,31.7,72,53,58,57,65,65,68,58,56,55,57,75,66,64,57,62,55,61,56,60,62,65,63,54,63,57,63,62,57,55,62,66,62,60,65,62,58,59,66,61,0,0,0,0,0,0,0.1,0,0,0,0,0,0,0,0,0,0,0,0,0,0,0,0,0,0,0,0,0,0,0,0,0,0,0,0,0,0,0,0,0,11,5.1,6.6,5.1,9.7,8.1,5.4,3.3,2.9,3.6,4.7,6.2,9.3,14.4,3.8,5.4,1.8,5.6,1.8,6.5,4.9,8.1,6.4,3.8,11.5,6.5,7.3,5.7,3.9,2.7,6.8,8.1,6.8,10.1,9.2,7.2,0.7,6.4,7,9.8,,,,,,,,,,,,,,,,,,,,,,,,,,,,,,,,,,,,,,,,,29.9,30.2,29.8,30.5,29.7,29.3,30.4,30.2,30.4,29.9,30.5,29.9,28.3,29.8,29.5,30.4,30.7,29.8,30.1,29.3,29.9,29.7,29.5,29.6,29.7,29.9,29.6,29.4,30.1,29.8,30.8,65,70,69,63,66,70,68,67,62,70,66,68,73,64,69,67,65,68,66,67,68,67,68,70,68,67,66,72,66,70,65,0,0,0,0,0,0,0,0,0,0,0,0,0,0,0,0,0,0,0,0,0,0,0,0,0,0,0,0,0,0,0,11.2,13.6,12.2,7.9,12.7,11,18.6,11.3,10.2,12.2,9.5,9.3,9.7,4.7,13.8,14.2,11.6,11.2,8.8,7.4,8.5,12.1,6.8,11.2,6.8,12.5,10.5,17,9.8,15.8,10.9,10.4,13.3,10.8,9.4,13.3,10.4,19.4,10.8,10.4,11.9,10.4,9,10.4,5.8,14.8,14.8,14,11.5,8.3,8.6,7.9,13,7.9,11.2,9.4,12.2,11.2,17.3,8.6,15.8,13.3,,,,,,22.2204,114.2127
2026-08-06T14:00,30.8,34.7,33.6,34,32.2,30.8,31.8,34.2,34.7,34,34.3,30.2,31.5,32,33.8,32.7,35,32.6,35,32.6,33.2,31.8,33.5,35.1,32.4,35,32.9,32.7,34.1,34.1,32.6,31.4,32.5,31.4,31.9,32.3,34.2,33.6,32.2,31.9,72,53,58,57,64,64,68,54,54,54,55,74,64,65,55,62,53,60,53,60,60,65,62,52,62,54,62,61,54,55,60,64,62,59,65,61,54,58,66,60,0,0,0,0,0,0,0.1,0,0,0,0,0,0,0,0,0,0,0,0,0,0,0,0,0,0,0,0,0,0,0,0,0,0,0,0,0,0,0,0,0,11.2,6.4,8.7,6.4,10.2,8.8,7.8,5.1,4.1,5.4,6.7,6.6,9.4,14.5,5.6,6.9,2.3,6.9,1.9,8.3,6,8.9,7.1,3.6,12,6.6,9.8,7.1,5.1,3.9,8.2,8.4,8.1,10.1,11,8.2,1.1,7.4,9,10.5,,,,,,,,,,,,,,,,,,,,,,,,,,,,,,,,,,,,,,,,,30,30.2,29.9,30.5,29.7,29.3,30.5,30.2,30.5,30,30.7,29.9,28.4,29.9,29.6,30.4,30.9,30,30.1,29.4,29.9,29.7,29.6,29.6,29.7,29.9,29.7,29.5,30.2,29.8,31,66,70,69,63,66,70,68,67,62,70,65,69,72,64,69,67,64,67,67,67,69,67,67,71,68,68,66,71,66,71,64,0,0,0,0,0,0,0,0,0,0,0,0,0,0,0,0,0,0,0,0,0,0,0,0,0,0,0,0,0,0,0,13.7,16.9,14.2,10.6,15,13.1,20.6,13.8,12.3,14.6,11.2,12.1,10,6.6,16.3,17.4,13,13,12.6,10.3,12.4,15,8.3,13.3,10.8,15,12.1,17.6,12.3,18.4,13.9,13.3,16.6,13,11.5,15.1,12.2,20.9,13.3,12.6,14,11.9,12.2,11.2,6.5,17.3,18,15.1,13.7,11.5,10.1,11.2,15.8,9.4,13,11.2,14.8,12.2,18.4,11.5,18.7,15.1,,,,,,22.2204,114.2127
2026-08-06T15:00,30.7,34.6,33.3,33.5,32.1,30.8,31.9,34.4,34.6,33.9,34,30.3,31.6,31.7,33.6,32.4,35.2,32.6,35,32.1,33.2,31.7,33.3,35.2,32.4,35.1,32.6,32.5,34.2,33.6,32.6,31.3,32.1,31.3,31.6,32.1,34.7,33.5,32,31.6,72,54,59,59,64,63,68,53,54,55,57,74,62,67,57,63,53,61,53,63,60,65,63,51,62,54,64,62,54,58,59,63,64,58,67,61,52,58,68,61,0,0,0,0,0,0,0.1,0,0,0,0,0,0,0,0,0,0,0,0,0,0,0,0,0,0,0,0,0,0,0.1,0,0,0,0,0,0,0,0,0,0,11.3,6,9.3,8.1,10,8.4,7.8,5.8,5.6,5.7,7.4,7.4,8.7,14.1,7.3,7.7,4.3,7.4,3.7,9.7,7.4,9.3,6.9,5,11.2,7.6,10.2,7.4,6.7,3.1,8.2,8.6,7.9,9.4,11.8,8.7,3.8,8.2,10.1,10.9,,,,,,,,,,,,,,,,,,,,,,,,,,,,,,,,,,,,,,,,,30,30.1,29.9,30.4,29.6,29.3,30.4,30.1,30.5,30,30.8,29.9,28.4,30,29.5,30.4,30.8,30,30.1,29.5,29.8,29.7,29.7,29.5,29.7,29.8,29.7,29.5,30.2,29.7,30.8,66,71,69,63,66,69,69,67,63,70,65,70,71,63,70,67,65,67,67,68,70,67,65,72,68,69,66,71,66,72,65,0,0,0,0,0,0,0,0,0,0,0,0,0,0,0,0,0,0,0,0,0,0,0,0,0,0,0,0,0,0,0,15.3,18.9,16.2,13.4,16.3,13.4,21.7,15.6,14.1,15.7,13,14.8,9.2,7.6,17.8,18.9,14.9,14.9,14.5,12.2,14.7,16.8,8.9,15,12.7,16.9,13.4,16.9,14.2,20,16.1,15.1,18.7,15.8,14,16.6,13,22.3,15.1,14.4,15.1,13.7,15.8,11.2,7.6,19.1,19.4,16.6,15.8,13.7,11.9,13.7,17.3,9.7,14.8,12.6,16.9,14,18.7,13.7,21.2,17.3,,,,,,22.2204,114.2127
2026-08-06T16:00,30.4,34.1,32.7,32.5,31.7,30.6,31.9,34.4,34.1,33.4,33.3,30.2,31.5,31.1,32.9,31.8,35,32.2,34.5,31.2,33,31.3,32.7,34.9,32,34.7,31.9,32,33.9,32.6,32.3,31,31.4,31,31,31.6,34.9,33,31.6,31.1,74,57,60,64,65,63,68,54,57,57,61,74,62,70,61,67,54,63,56,69,61,65,65,53,63,55,68,65,56,63,58,64,67,59,70,61,52,59,71,64,0,0,0,0,0,0,0.1,0,0,0,0,0,0,0,0,0,0,0,0,0,0,0,0,0,0,0,0,0,0,0.1,0,0,0,0,0,0,0,0,0,0,10.9,6,9.2,10.2,9.2,7.3,7,6.2,6.9,5.8,8.7,8,8.2,13.3,9.7,8.3,7.2,7.8,7.1,10.7,9,10.2,7.3,7.7,10.5,9.3,10.1,7.7,8.3,5,7.7,9.6,7.6,8.7,12,9,7,9.1,10.2,11.2,,,,,,,,,,,,,,,,,,,,,,,,,,,,,,,,,,,,,,,,,29.9,29.9,29.7,30.1,29.4,29.3,30.2,29.8,30.3,29.9,30.8,29.7,28.4,30.1,29.3,30.3,30.6,30,29.9,29.6,29.6,29.7,29.9,29.4,29.7,29.6,29.6,29.5,30,29.5,30.4,65,72,69,65,67,69,70,69,64,70,65,72,71,62,72,69,66,67,68,68,71,68,64,73,69,70,67,70,67,72,68,0,0,0,0,0,0,0,0,0,0,0,0,0,0,0,0,0,0,0,0,0,0,0,0,0,0,0,0,0,0,0,16.1,20.4,17.8,15.9,16.9,13,21.9,16.5,15.5,15.6,15,17.5,8.9,8.6,19.2,19.7,16.5,17.4,15.5,13.5,16.1,17.6,9.5,16.4,13.7,18.6,14.8,15.9,15.3,20.7,18.4,16.2,20.2,19.1,16.6,17.6,13,23.8,16.6,16.2,15.5,15.8,19.4,10.8,9,20.9,20.5,18,18.4,15.5,13.7,16.2,18.4,9.7,16.6,14,19.4,15.8,18.4,15.8,23.4,19.8,,,,,,22.2204,114.2127
2026-08-06T17:00,30,33.4,32,31.5,31.2,30.2,31.6,33.9,33.3,32.6,32.3,30,31.1,30.5,32.1,31.1,34.4,31.6,33.7,30.3,32.4,30.8,32,34.1,31.5,34,31.1,31.3,33.2,31.6,31.7,30.4,30.6,30.5,30.4,30.8,34.5,32.4,31,30.4,76,60,63,69,68,65,70,57,60,60,66,76,63,74,65,70,57,66,60,74,64,66,67,56,66,58,72,68,59,68,60,66,70,61,74,63,54,62,75,68,0,0,0,0,0,0,0.1,0,0,0,0,0,0,0,0,0,0,0,0,0,0,0,0,0,0,0,0,0,0,0.1,0,0,0,0,0,0,0,0,0,0,10.2,5.9,8.8,11.2,8.4,6.1,6.6,6.4,7.7,5.5,9.9,8.3,8,12.4,10.5,8.1,8.6,8.4,8.8,10.7,10.3,10.5,7.3,9.2,9.5,10.2,9.1,7.5,8.6,6.8,7.2,10.1,7.3,7.7,11.7,9.2,9,9.2,10.1,11.1,,,,,,,,,,,,,,,,,,,,,,,,,,,,,,,,,,,,,,,,,29.7,29.6,29.5,29.8,29.1,29.2,29.9,29.6,30.1,29.7,30.7,29.5,28.3,30.1,29.1,30,30.3,29.8,29.7,29.5,29.4,29.5,29.8,29.2,29.5,29.4,29.5,29.5,29.7,29.3,30,66,73,70,66,68,69,71,70,66,71,66,74,71,62,74,70,68,68,69,70,73,69,63,74,70,71,69,71,68,73,70,0,0,0,0,0,0,0,0,0,0,0,0,0,0,0,0,0,0,0,0,0,0,0,0,0,0,0,0,0,0,0,16.8,21.3,18.7,17.9,17.1,12.6,21.7,17.2,16.9,15.8,16.9,19.1,9.4,9.2,19.8,20.3,18.1,19.4,16.3,13.9,17.3,18.6,10.5,17.5,14.2,20,15.5,15,16.2,21.2,19.9,17.6,22,21.2,18.7,18.4,13.3,24.8,17.6,18,16.2,17.6,22,10.8,10.1,21.2,21.6,19.4,20.9,16.9,15.1,18.4,19.1,10.1,17.6,14.8,21.2,16.9,17.6,17.3,24.8,22,,,,,,22.2204,114.2127
2026-08-06T18:00,28.9,31.6,30.6,30.7,29.9,29,29.9,31.6,31.4,30.8,30.9,28.8,29.3,29.8,30.6,30.1,31.7,29.9,31.5,29.5,30.5,29.4,30.8,31.5,29.9,31.6,30.1,29.9,30.9,31,29.8,28.9,29.7,28.9,29.3,29.2,31,30.7,29.6,29.2,82,68,69,75,76,75,78,71,68,69,73,83,75,78,71,75,72,74,69,76,75,72,71,71,78,69,76,73,68,72,70,77,72,73,80,71,65,72,82,75,0,0,0,0,0,0,0,0,0,0,0,0,0,0,0,0,0,0,0,0,0,0,0,0,0,0,0,0,0,0.3,0,0,0,0,0,0,0,0,0,0,7.4,4.1,5.5,5,5.4,4.9,7.5,4.7,3.6,4.1,4,5.8,5.6,9.9,4.4,4.5,4.8,7.2,3.5,6.3,6.2,6.5,4.1,5.4,8.5,6.9,5.2,4.7,4.3,2.9,5.5,6.8,4.8,6.6,7.6,6.3,5.6,5.6,7.6,7.2,,,,,,,,,,,,,,,,,,,,,,,,,,,,,,,,,,,,,,,,,29.4,29.3,29.3,29.4,28.9,28.9,29.5,29.3,29.7,29.4,30.2,29.3,28.2,29.9,28.9,29.6,29.8,29.3,29.4,29.3,29,29.1,29.5,29,29.2,29.1,29.2,29.3,29.4,29.1,29.6,68,75,71,68,70,71,73,72,68,73,69,76,72,63,75,72,70,71,71,72,76,71,65,75,72,73,71,73,70,74,72,0,0,0,0,0,0,0,0,0,0,0,0,0,0,0,0,0,0,0,0,0,0,0,0,0,0,0,0,0,0,0,17.4,21.8,18.1,18.4,16.9,12.6,20.7,16.7,17.7,15.6,17.6,18.9,10.1,9.4,18.3,20.7,18.6,20.1,16.4,13.7,18.1,18.8,11.6,17.4,13.9,20.6,14.8,14.1,16.2,21.1,20.4,19.4,24.1,21.2,20.2,18.7,14,24.8,18,19.4,17.3,19.4,22.7,11.2,10.1,19.8,23,20.9,23,18,16.2,20.2,20.2,11.5,18,14.8,23,16.6,16.6,18,25.6,23.8,,,,,,22.2204,114.2127
2026-08-06T19:00,28.3,30.6,29.6,29.6,29.2,28.3,29.2,30.6,30.3,29.7,29.8,28.3,28.5,29.1,29.6,29.2,30.6,28.9,30.3,28.4,29.6,28.6,30,30.2,29.1,30.4,29.1,29,29.8,29.9,28.8,28.1,28.8,28.2,28.4,28.3,29.9,29.8,28.7,28.3,85,73,73,81,80,79,81,76,73,73,79,86,79,82,76,79,78,78,74,81,80,75,75,77,83,75,81,77,73,78,74,82,76,77,84,75,70,76,87,80,0,0,0,0,0,0,0,0,0,0,0,0,0,0,0,0,0,0,0,0,0,0,0,0,0,0,0,0,0,0.3,0,0,0,0,0,0,0,0,0,0,6,3.9,4.5,4.1,4.2,4.1,7.1,4.1,3.4,4,4,5.4,4.5,8.1,3.6,3.5,4.8,7.4,3.9,5.5,6.2,6.2,3.3,5.9,7.4,7.2,4.2,4,3.8,3.9,4.7,6,3.7,5.4,6.3,5.5,6.9,5,6.5,5.7,,,,,,,,,,,,,,,,,,,,,,,,,,,,,,,,,,,,,,,,,28.9,28.9,28.9,29,28.6,28.6,29.2,29,29.2,29,29.5,29,28,29.6,28.7,29.2,29.3,28.7,29.1,28.9,28.6,28.6,29,28.6,28.7,28.7,28.8,29.1,29,28.8,29.2,71,77,72,69,72,73,75,75,71,76,73,79,74,66,76,74,73,75,74,75,80,74,67,75,75,74,74,76,73,75,74,0,0,0,0,0,0,0,0,0,0,0,0,0,0,0,0,0,0,0,0,0,0,0,0,0,0,0,0,0,0,0,17.9,22.2,16.7,18.4,16.6,13,18.8,15.7,18.4,15.9,17.8,17.3,10.5,9,15.4,20.7,18.6,20.7,16.1,13.6,18.8,18.4,13,16.2,13.3,20.4,13,12.4,15.8,20.7,20.2,21.6,26.3,20.2,20.9,18.7,15.1,24.1,17.6,20.9,18.4,21.2,22.7,11.9,9.4,17.6,24.8,22.3,25.2,18.7,16.9,22,21.2,13.7,18,14.8,24.1,15.1,15.5,18.4,25.6,25.2,,,,,,22.2204,114.2127
2026-08-06T20:00,27.8,29.9,28.9,28.8,28.6,27.9,28.7,29.9,29.4,28.8,29,27.9,27.9,28.6,28.9,28.6,29.8,28.2,29.4,27.7,28.9,28.1,29.3,29.3,28.5,29.6,28.4,28.4,28.9,29.2,28.1,27.5,28.2,27.6,27.8,27.6,29,29.1,28.1,27.7,88,76,76,85,83,82,84,80,76,77,83,88,82,85,79,82,82,82,78,85,84,77,77,81,87,79,85,80,77,82,77,85,79,81,88,78,74,80,91,84,0,0,0,0,0,0,0,0,0,0,0,0,0,0,0,0,0,0,0,0,0,0,0,0,0,0,0,0,0,0.3,0,0,0,0,0,0,0,0,0,0,5.2,3.6,4,3.6,3.3,3.1,6.9,3.9,3.1,3.6,4,4.7,3.8,7,3.3,3,4.9,7.8,3.9,4.7,6.1,6.2,2.6,6.1,6.7,7,3.8,3.6,3.6,4.5,4.1,5.4,3.1,4.3,5.2,4.9,7.4,4.1,5.9,4.7,,,,,,,,,,,,,,,,,,,,,,,,,,,,,,,,,,,,,,,,,28.5,28.5,28.7,28.6,28.4,28.4,28.9,28.7,28.8,28.6,29,28.7,27.9,29.2,28.5,28.8,28.9,28.3,28.8,28.6,28.2,28.2,28.6,28.4,28.4,28.4,28.5,28.9,28.6,28.6,28.8,74,79,74,71,74,75,77,77,73,78,76,81,76,68,77,76,75,78,76,78,82,76,70,76,78,76,76,78,76,76,75,0,0,0,0,0,0,0,0,0,0,0,0,0,0,0,0,0,0,0,0,0,0,0,0,0,0,0,0,0,0,0,18.1,22.2,15.5,18.2,16.2,12.7,17.6,15.1,18.6,16,18,16.2,10.8,9.3,13,20.5,18.8,20.6,15.6,13.3,18.8,18,13.5,14.8,12.7,20.1,11.5,11.3,15.2,20,20,22.7,28.1,19.1,21.6,19.1,15.1,23.8,18,22,19.1,23,22.3,12.6,9.7,15.5,26.3,23.8,26.6,19.4,16.9,23,21.6,15.1,17.6,14.8,24.8,14,14.8,18.7,25.6,26.3,,,,,,22.2204,114.2127
2026-08-06T21:00,27.5,29.4,28.5,28.3,28.2,27.6,28.2,29.4,28.9,28.2,28.5,27.5,27.5,28.4,28.5,28.2,29.1,27.7,28.8,27.3,28.4,27.7,28.9,28.7,28.2,29,27.9,27.9,28.3,28.7,27.6,27.1,27.8,27.3,27.4,27.3,28.4,28.6,27.6,27.3,90,78,78,87,86,84,86,82,78,80,85,90,85,87,81,84,85,85,80,87,87,79,79,83,89,82,88,82,80,85,80,87,81,84,90,81,77,83,93,87,0,0,0,0,0,0,0,0,0,0,0,0,0,0,0,0,0,0,0,0,0,0,0,0,0,0,0,0,0,1.3,0,0,0,0,0,0,0,0,0,0,4,3.6,3.6,3.3,2.9,2.4,6.8,3.7,2.8,3.3,3.9,4,3.3,6.2,3,2.5,4.7,7.4,3.5,4,5.9,6.1,2.3,6.2,6,6.7,3.7,3.4,3.3,4.4,3.7,4.8,2.6,3.3,4.3,4,7.4,3.3,5,3.9,,,,,,,,,,,,,,,,,,,,,,,,,,,,,,,,,,,,,,,,,28.3,28.3,28.5,28.4,28.2,28.2,28.7,28.5,28.6,28.4,28.7,28.6,27.8,28.9,28.4,28.6,28.7,28.1,28.6,28.4,28.1,28.1,28.3,28.2,28.2,28.2,28.4,28.7,28.5,28.4,28.6,76,81,76,72,77,76,78,79,75,80,78,83,77,70,78,77,76,80,78,80,82,76,72,77,79,77,78,80,78,78,76,0,0,0,0,0,0,0,0,0,0,0,0.1,0,0,0,0,0,0,0,0,0,0,0,0,0.1,0,0,0,0,0,0,17.4,21.7,14.8,18.2,16.8,11.5,17.7,16.1,18.3,15.9,19.1,15.5,11.1,10.9,12,20.5,19.2,20.4,15.5,13,18.7,16.9,12.9,13.5,12.6,19.1,10.9,11.4,14.8,19.2,19.9,22.7,28.4,19.1,22.3,20.5,13.7,24.5,19.4,22,19.4,24.8,22.3,13.3,11.5,14.4,26.6,25.2,27,20.2,16.2,23.4,20.9,15.1,16.9,15.5,24.5,13.3,15.1,18.7,25.2,27.4,,,,,,22.2204,114.2127
2026-08-06T22:00,27.3,29.1,28.1,27.9,27.9,27.3,27.8,28.8,28.4,27.7,28.2,27.2,27.1,28.2,28.2,27.9,28.6,27.2,28.4,27,27.9,27.4,28.6,28.2,28,28.4,27.4,27.6,27.7,28.3,27.2,26.9,27.4,27.1,27.1,27,27.8,28.2,27.3,27,91,79,81,89,88,85,88,84,80,82,86,92,88,88,81,86,87,87,82,89,90,82,80,85,91,85,90,83,83,87,83,90,83,87,93,83,81,85,95,89,0,0,0,0,0,0,0,0,0,0,0,0,0,0,0,0,0,0,0,0,0,0,0,0,0,0,0,0,0,1.3,0,0,0,0,0,0,0,0,0,0,3.1,3.3,3.3,2.6,2.3,1.9,6.4,3.3,2.8,3.1,3.9,2.9,2.9,5.4,2.4,2.2,3.9,6.7,3.1,3.6,5.1,5.7,1.8,6,4.9,6.1,3.8,2.9,3.4,4.1,2.9,4.3,2.2,2.5,3.7,3.2,7,2.2,4.2,2.8,,,,,,,,,,,,,,,,,,,,,,,,,,,,,,,,,,,,,,,,,28.2,28.1,28.4,28.2,27.9,28.1,28.6,28.3,28.4,28.3,28.5,28.5,27.7,28.6,28.2,28.5,28.7,28,28.4,28.3,28,28.1,28,28.1,28.2,28.1,28.3,28.5,28.4,28.3,28.5,77,82,78,74,80,77,79,80,77,82,79,84,78,71,79,79,76,80,80,81,82,75,74,79,80,78,79,82,79,79,77,0,0,0,0,0,0,0,0,0,0,0,0.1,0,0,0,0,0,0,0,0,0,0,0,0,0.1,0,0,0,0,0,0,16.4,21.4,14.7,18.4,17.2,9.8,18.7,17.3,17.4,15.8,20,14.8,11,12.7,11.2,20.1,19.7,20.1,15.6,11.9,18.4,15.3,11.9,12.6,13.2,18.1,10.7,12.1,14.7,18.3,20.2,21.6,28.4,19.1,22.7,22.3,11.9,25.2,21.2,22,19.8,26.6,22.3,13.7,14,13.7,27,26.6,26.6,20.5,15.1,23,19.8,14,15.8,16.2,23.8,13,15.8,18.7,24.5,28.1,,,,,,22.2204,114.2127
2026-08-06T23:00,27.2,28.9,27.9,27.6,27.6,27.1,27.4,28.4,28,27.3,28,26.9,26.7,28.1,28,27.6,28,26.8,28,26.8,27.5,27.2,28.3,27.8,27.9,28,27,27.3,27.2,28,26.9,26.7,27.2,27,26.9,26.9,27.2,28,27,26.8,93,80,83,90,90,86,90,86,82,84,86,94,91,89,81,87,89,89,83,91,93,85,81,86,93,88,92,84,85,89,86,92,85,89,94,86,85,88,96,91,0,0,0,0,0,0,0,0,0,0,0,0,0,0,0,0,0,0,0,0,0,0,0,0,0,0,0,0,0,1.3,0,0,0,0,0,0,0,0,0,0,1.8,3.1,3.3,2.3,1.9,1.6,6,3.3,2.9,2.7,3.6,1.9,2.6,4.7,2,2.1,3.6,5.9,2.8,2.9,4.3,5.4,1.8,6,4.1,5.6,3.6,2.5,3.5,3.4,2.2,4,1.8,1.8,2.8,2.5,6.4,1.5,3.8,1.8,,,,,,,,,,,,,,,,,,,,,,,,,,,,,,,,,,,,,,,,,28.1,28,28.2,28.1,27.8,28,28.5,28.2,28.2,28.2,28.3,28.4,27.7,28.3,28.1,28.3,28.7,27.9,28.3,28.1,28,28.1,27.8,28,28.1,28.1,28.2,28.4,28.3,28.1,28.5,78,83,80,75,82,77,80,81,79,84,80,85,79,73,80,80,76,81,82,82,81,75,76,80,81,79,81,83,80,81,77,0,0,0,0,0,0,0,0,0,0,0,0.1,0,0,0,0,0,0,0,0,0,0,0,0,0.1,0,0,0,0,0,0,15.5,20.9,13.8,18.1,16.8,9.1,19.7,18.1,16.7,15.5,21.2,13.8,10.5,14.4,10.4,20.6,20.5,20.2,15.1,10.8,17.4,14.7,11.8,11.9,13.8,17,10.6,12.1,14.4,17.2,20.6,20.9,28.4,18.4,23,22.7,10.4,26.6,22.7,21.6,20.2,27.7,21.2,13.3,16.6,12.6,27.4,28.1,26.6,20.5,13.7,22.3,19.1,13.7,14.8,17.3,22.7,12.6,15.8,18.4,23.4,29.2,,,,,,22.2204,114.2127
2026-08-07T00:00,27.1,28.8,27.7,27.4,27.4,26.9,27.1,28,27.7,26.9,27.8,26.6,26.4,28.1,27.9,27.5,27.6,26.5,27.7,26.6,27.1,27,28.2,27.5,27.8,27.6,26.6,27.1,26.7,27.8,26.6,26.6,27,27,26.8,26.9,26.8,27.8,26.8,26.6,94,80,85,91,92,87,91,87,83,86,86,95,93,89,81,88,91,91,84,92,95,87,82,87,94,90,94,85,88,90,89,93,87,91,96,88,88,89,97,92,0,0,0,0,0,0,0,0,0,0,0,0,0,0,0,0,0,0,0,0,0,0,0,0,0,0,0,0,0,1.3,0,0,0,0,0,0,0,0,0,0,1.5,2.9,2.9,2.4,1.3,1.1,5.4,3.2,3.1,2.1,3.4,1,2.4,4.3,1.8,2.3,3.4,5.2,2.6,2.2,4.3,4.8,1.8,5.6,2.9,5.3,3.6,2.3,3.8,2.9,1.5,3.4,1.4,1.1,2.3,1.8,5.9,1.5,3.4,1.1,,,,,,,,,,,,,,,,,,,,,,,,,,,,,,,,,,,,,,,,,27.9,27.8,28.1,28,27.7,27.8,28.4,28,28,28,28.2,28.3,27.6,28.1,28,28.1,28.5,27.8,28.1,28,27.9,28,27.7,27.9,27.9,28,28,28.2,28.1,28,28.4,79,84,82,76,84,77,81,82,80,85,81,86,80,74,80,82,77,82,84,83,81,76,77,81,82,80,83,84,81,83,77,0,0,0,0,0,0,0,0,0,0.1,0,0.1,0,0,0,0,0,0,0.2,0,0,0,0,0,0,0,0,0,0,0,0.1,15.1,21.7,12.1,17.3,14.8,9.2,20.6,17.5,16.4,15.3,21.3,11.7,8.9,15.8,8.8,21.8,21.9,21.4,13.8,9.9,15.9,15,11.7,11.1,14.3,16.3,10.2,10.8,13.7,16.1,21.6,20.5,28.8,16.2,23,21.2,10.4,28.4,23,22,20.5,28.4,18,11.2,19.4,10.4,28.8,30.2,28.4,19.4,12.6,20.5,19.8,13.7,14,18.4,22,11.9,14.8,18,22,31.3,,,,,,22.2204,114.2127
2026-08-07T01:00,27,28.7,27.6,27.3,27.2,26.8,26.8,27.7,27.5,26.7,27.7,26.4,26.2,28.1,27.9,27.4,27.4,26.3,27.5,26.5,26.9,26.9,28.1,27.3,27.8,27.4,26.4,26.9,26.5,27.7,26.4,26.5,26.9,27,26.7,26.9,26.5,27.6,26.7,26.5,95,80,86,91,94,88,92,87,83,87,86,96,95,89,80,89,91,92,85,93,96,89,82,87,95,91,95,86,89,91,91,94,88,93,97,90,91,91,97,93,0,0,0,0,0,0,0,0,0,0,0,0,0,0,0,0,0,0,0,0,0,0,0,0,0,0,0,0,0,1.3,0,0,0,0,0,0,0,0,0,0,1.9,2.8,2.5,2.5,1,0.5,5.4,3.3,3.3,2,3.5,1.1,2,4,1.8,2.4,3.6,4.6,2.5,1.4,4.7,4.5,2,5.8,2.5,5.2,4,2.3,4,3.3,1.1,3.2,1.1,0.8,1.9,1.6,5.8,2.3,3.6,1,,,,,,,,,,,,,,,,,,,,,,,,,,,,,,,,,,,,,,,,,27.8,27.8,27.9,27.8,27.6,27.7,28.3,27.9,27.9,27.9,28,28.1,27.5,27.9,27.9,27.9,28.3,27.7,28,27.8,27.8,27.8,27.6,27.8,27.8,27.9,27.9,28,28,27.8,28.3,81,85,84,77,85,78,82,83,81,85,83,86,80,76,80,83,79,82,85,84,81,77,77,82,83,81,84,85,82,85,78,0,0,0,0,0,0,0,0,0,0.1,0,0.1,0,0,0,0,0,0,0.2,0,0,0,0,0,0,0,0,0,0,0,0.1,15.1,22.7,9.9,16.9,13,10.2,21.3,16.8,16.3,15.7,20.6,9.3,6.2,17.4,7.2,23.1,23.3,23.2,12.2,9.2,14,16.3,12.1,10,14.9,15.6,9.5,9.1,13.5,14.8,23.1,20.2,29.2,13,22.3,18.4,11.5,30.6,22.7,22.3,21.2,28.4,13.7,7.9,22.7,8.3,31,32.8,30.6,18,11.9,18.4,21.2,14.4,13,19.4,21.2,11.5,13,17.6,20.5,33.5,,,,,,22.2204,114.2127
2026-08-07T02:00,27,28.7,27.5,27.3,27.2,26.8,26.7,27.5,27.4,26.5,27.6,26.4,26.1,28.1,27.9,27.3,27.3,26.2,27.5,26.5,26.8,26.9,28,27.2,27.8,27.3,26.3,26.9,26.4,27.7,26.4,26.5,26.9,27,26.6,26.9,26.4,27.6,26.6,26.5,95,80,87,91,95,88,93,87,84,88,86,96,96,89,80,89,91,93,85,93,97,90,82,87,95,92,95,86,90,91,92,95,89,94,97,91,92,91,97,93,0,0,0,0,0,0,0,0,0,0,0,0,0,0,0,0,0,0,0,0,0,0,0,0,0,0,0,0,0,1.3,0,0,0,0,0,0,0,0,0,0,2.8,2.8,2.2,2.9,0.7,0,5.4,3.3,3.3,1.8,3.4,1.8,1.8,3.8,1.8,2.6,4.1,4.3,3,1.1,5.4,4.2,2.1,5.8,2.4,5.4,4.1,2.2,4,3.5,0.8,2.8,0.8,1,1.8,1.4,5.8,2.9,4.1,1.1,,,,,,,,,,,,,,,,,,,,,,,,,,,,,,,,,,,,,,,,,27.7,27.7,27.7,27.7,27.5,27.5,28.2,27.8,27.8,27.8,27.9,28,27.5,27.8,27.8,27.8,28.1,27.7,27.9,27.7,27.7,27.7,27.6,27.8,27.7,27.8,27.8,27.8,27.9,27.7,28.3,82,86,85,78,86,78,82,84,81,85,84,87,80,77,79,84,80,83,86,85,81,78,78,82,83,82,85,86,83,86,78,0,0,0,0,0,0,0,0,0,0.1,0,0.1,0,0,0,0,0,0,0.2,0,0,0,0,0,0,0,0,0,0,0,0.1,15,23.1,7.9,16.4,11.4,11.1,21.7,15.7,15.5,15.7,19.7,7.4,4.1,18.6,5.4,23.7,24.5,24.1,11.6,8.2,13,16.9,12.4,8.4,15.5,15,8.7,7.5,13.2,13.7,23.9,19.8,29.2,10.1,22,15.1,12.6,31.7,22,22,20.9,28.1,10.4,5.4,24.8,6.1,31.7,34.2,31.7,16.6,10.4,17.3,22.3,14.8,11.5,20.2,20.5,10.8,10.8,17.3,18.7,34.2,,,,,,22.2204,114.2127
2026-08-07T03:00,26.9,28.6,27.5,27.3,27.1,26.8,26.7,27.5,27.4,26.5,27.3,26.4,26.1,28.1,27.9,27.3,27.4,26.2,27.5,26.5,26.8,27,28,27.1,27.8,27.3,26.3,26.8,26.5,27.7,26.4,26.5,26.8,27.1,26.6,26.9,26.4,27.6,26.6,26.5,95,80,87,90,96,88,93,87,84,88,87,95,96,89,80,89,90,93,85,93,97,90,82,87,95,92,95,86,90,91,92,95,89,95,97,91,92,91,96,93,0,0,0,0,0,0,0,0,0,0,1.5,0,0,0,0,0,0,0,0,0,0,0,0,0,0,0,0,0,0,0.8,0,0,0,0,0,0,0,0,0,0,3.3,2.9,1.5,3.3,1.3,0.5,5.6,3.2,3.3,1.6,3.4,2.3,1.5,3.7,1.8,2.9,4.3,4.3,3.1,0.7,6.3,4,2.3,5.8,2.8,5.8,4.6,2.2,4,4,1.1,2.3,0.5,1.3,1.9,1.5,5.8,3.4,4.8,1.4,,,,,,,,,,,,,,,,,,,,,,,,,,,,,,,,,,,,,,,,,27.6,27.6,27.6,27.6,27.5,27.4,28.1,27.7,27.7,27.7,27.8,27.9,27.4,27.7,27.6,27.7,27.9,27.6,27.8,27.6,27.6,27.6,27.5,27.7,27.6,27.7,27.6,27.6,27.7,27.6,28.2,83,86,86,79,86,78,82,85,82,85,85,88,80,78,78,84,81,84,87,86,81,79,79,82,83,83,86,86,84,87,79,0,0,0,0,0,0,0,0,0,0.1,0,0,0,0,0,0,0,0,0.6,0,0,0,0,0,0,0,0,0,0.1,0,0,14.6,23,6.6,16.5,9.1,12.1,21.4,14.8,14.2,14.8,18.4,6.9,2.6,18.7,3.6,23.1,24.8,23.3,11.3,6.4,14.1,17.1,12.9,6,15.4,14.7,8,5.7,12.9,12.4,23.3,19.1,28.4,8.3,22,11.2,14,30.6,20.5,20.2,19.4,26.6,9,3.6,25.2,4.3,30.6,34.6,30.2,15.5,7.9,19.1,22,15.5,9,19.8,20.2,10.1,7.9,16.6,16.9,32.4,,,,,,22.2204,114.2127
2026-08-07T04:00,26.9,28.6,27.6,27.5,27.1,26.7,26.7,27.6,27.5,26.4,27,26.4,26.1,28.1,28,27.3,27.7,26.3,27.7,26.6,27,27,28.1,27.2,27.8,27.5,26.4,26.8,26.7,27.8,26.4,26.6,26.9,27.1,26.7,26.9,26.6,27.6,26.6,26.5,95,81,86,89,96,88,94,86,85,88,88,94,96,89,80,89,88,92,85,93,95,90,81,86,95,91,94,86,90,91,91,95,90,95,96,91,91,90,95,92,0,0,0,0,0,0,0,0,0,0,1.5,0,0,0,0,0,0,0,0,0,0,0,0,0,0,0,0,0,0,0.8,0,0,0,0,0,0,0,0,0,0,3.9,2.7,0.7,3.4,2,0.8,6,3.2,2.9,1.8,3.2,3.1,1.5,3.6,1.8,2.9,4.5,4.6,3.2,0,7.1,4.4,2.2,5.9,3.1,5.8,4.8,2.2,3.6,4.2,1.3,1.8,0.8,2.1,2.3,1.5,5.9,3.6,5.7,1.6,,,,,,,,,,,,,,,,,,,,,,,,,,,,,,,,,,,,,,,,,27.5,27.5,27.5,27.5,27.4,27.3,28,27.6,27.7,27.7,27.7,27.8,27.3,27.7,27.5,27.6,27.9,27.4,27.7,27.5,27.5,27.5,27.3,27.6,27.5,27.6,27.5,27.5,27.6,27.5,28.1,84,86,86,80,86,79,82,85,82,84,87,89,80,79,78,84,81,84,87,86,82,81,80,82,83,85,86,85,85,87,80,0,0,0,0,0,0,0,0,0,0.1,0,0,0,0,0,0,0,0,0.6,0,0,0,0,0,0,0,0,0,0.1,0,0,14,22.2,5.2,16.5,5.9,13.2,20.4,13.5,12.8,13.7,17.1,6.9,1.5,17.7,2.5,21.8,24.8,21.4,11.6,4.3,16.4,16.7,14,3.6,14.4,14.1,7.5,3.3,12.5,11.3,22.5,18,27.4,6.8,21.6,7.2,15.8,28.4,18.4,17.3,17.3,24.8,8.3,2.2,24.5,3.2,28.8,34.2,27.7,14.4,5,22,21.2,16.6,5.8,19.1,19.8,9.7,4.3,15.8,14.8,29.5,,,,,,22.2204,114.2127
2026-08-07T05:00,26.9,28.6,27.7,27.8,27.2,26.8,26.8,27.8,27.7,26.5,26.8,26.6,26.3,28.2,28,27.4,28.2,26.6,27.9,26.7,27.2,27.2,28.2,27.3,27.8,27.8,26.7,26.9,27.2,27.9,26.5,26.7,26.9,27.2,26.8,27,27,27.7,26.7,26.6,94,81,85,88,96,88,93,85,85,88,90,93,94,88,79,88,86,91,85,93,93,89,81,85,94,90,93,86,89,91,90,95,89,95,95,91,90,89,94,91,0,0,0,0,0,0,0,0,0,0,1.5,0,0,0,0,0,0,0,0,0,0,0,0,0,0,0,0,0,0,0.8,0,0,0,0,0,0,0,0,0,0,4.5,2.6,0,3.5,2.9,1.6,6.6,2.9,2.5,2.2,3.3,3.6,2,3.8,1.6,3,4.7,4.8,3.4,0.8,7.9,4.7,2.5,5.9,4,6.2,5.3,2.2,3.4,4.7,1.8,1.9,1,2.6,2.9,1.5,5.9,3.3,6.9,2,,,,,,,,,,,,,,,,,,,,,,,,,,,,,,,,,,,,,,,,,27.5,27.6,27.5,27.5,27.4,27.2,28,27.6,27.7,27.8,27.6,27.8,27.3,27.7,27.5,27.7,27.9,27.4,27.7,27.5,27.5,27.4,27.3,27.6,27.5,27.6,27.5,27.5,27.6,27.5,28.1,84,86,85,80,85,79,82,85,82,83,87,89,80,79,77,83,81,84,87,86,82,81,80,82,83,85,85,84,85,86,80,0,0,0,0,0,0,0,0,0,0.1,0,0,0,0,0,0,0,0,0.6,0,0,0,0,0,0,0,0,0,0.1,0,0,13.1,21.3,4.3,16.2,4,13.9,19.5,12.3,11.2,12.7,15.8,6.6,0.4,16.4,2.6,20.9,24.4,19.8,11.5,2.6,17.2,16.6,14.4,2.6,14.2,13.6,7.9,1.6,11.9,10.5,20.8,16.9,26.3,5.4,20.9,4.3,16.9,26.3,16.2,14.4,15.8,22.3,7.6,1.4,23,2.9,27,33.1,25.2,14,3.2,23.4,20.5,16.9,3.6,18.4,19.1,9.4,2.2,15.1,13.3,26.3,,,,,,22.2204,114.2127
2026-08-07T06:00,27,28.7,27.9,28.1,27.4,26.9,27,28.2,28,26.8,26.6,26.8,26.5,28.3,28.2,27.6,28.8,26.9,28.3,26.9,27.5,27.5,28.4,27.6,28,28.3,27,27.1,27.7,28.2,26.8,26.8,27.1,27.4,27,27.1,27.5,28,26.9,26.8,93,81,83,86,95,87,93,83,84,87,91,91,93,87,79,87,83,89,84,92,90,88,80,83,93,88,91,85,88,90,88,94,89,94,94,90,87,87,92,89,0,0,0,0,0,0,0,0,0,0,1.5,0,0,0,0,0,0,0,0,0,0,0,0,0,0,0,0,0,0,0.8,0,0,0,0,0,0,0,0,0,0,4.8,2.5,1.1,3.7,3.7,1.9,6.8,2.9,2.2,2.2,3.3,4.2,2.4,4.2,1.6,3.1,4.9,5,3.4,1.1,8.6,5.2,2.6,6,5.1,6.3,6,1.8,3.5,4.7,2,2.3,1.6,2.8,3.5,1.5,6,3.3,7.6,2.6,,,,,,,,,,,,,,,,,,,,,,,,,,,,,,,,,,,,,,,,,27.5,27.7,27.6,27.6,27.5,27.3,28.1,27.7,27.7,28,27.7,27.9,27.4,27.8,27.6,27.8,28,27.5,27.8,27.6,27.5,27.5,27.4,27.6,27.7,27.6,27.6,27.6,27.7,27.6,28.2,83,85,84,80,84,79,81,84,81,81,85,89,79,79,77,82,80,83,87,85,81,80,80,81,82,84,84,83,84,85,79,0,0,0,0,0,0,0,0,0,0,0,0,0,0,0,0,0,0,0.2,0,0,0,0,0,0,0,0,0,0.1,0,0,11.9,20.4,2.9,15,4,13.8,18.6,11.2,9.4,12.4,13.7,5.4,0.8,14.8,3.9,20.3,22.8,18.4,12.3,2.1,15.4,16,14.3,2.3,14.1,12.7,8.7,1.1,11.5,10.4,18.6,15.1,25.2,4.3,18.7,4.3,16.6,24.5,14.4,11.9,15.1,18.4,6.5,1.4,20.2,4,25.6,30.6,22.7,14.4,3.2,20.9,19.8,16.6,2.5,18.4,17.3,9.7,2.2,14.4,12.6,23.4,,,,,,22.2204,114.2127
2026-08-07T07:00,27.3,28.9,28.1,28.6,27.7,27.2,27.4,28.6,28.4,27.2,26.7,27.2,26.9,28.5,28.5,27.9,29.4,27.4,28.7,27.2,28,27.8,28.7,28,28.2,28.8,27.6,27.4,28.3,28.6,27.2,27.2,27.3,27.6,27.3,27.4,28,28.4,27.3,27.2,92,80,81,83,94,86,91,81,83,85,91,88,90,86,78,85,80,87,83,90,87,86,78,81,91,85,88,84,86,88,85,93,88,93,92,88,85,84,90,87,0,0,0,0,0,0,0,0,0,0,1.5,0,0,0,0,0,0,0,0,0,0,0,0,0,0,0,0,0,0,0.8,0,0,0,0,0,0,0,0,0,0,4.8,2.5,1.8,3.9,4.3,2.4,6.9,2.6,2.2,2.2,3.4,4.7,2.6,4.5,1.8,3.2,5.4,5.4,3.9,1.1,9.4,5.9,2.9,6.2,5.8,6.8,6.3,1.8,3.7,5.2,2.3,3.1,2.1,3.1,3.9,1.8,6.5,3.6,8.2,2.7,,,,,,,,,,,,,,,,,,,,,,,,,,,,,,,,,,,,,,,,,27.7,27.9,27.8,27.7,27.7,27.4,28.1,27.9,27.9,28.2,27.8,28,27.6,27.9,27.7,28,28.2,27.6,28,27.7,27.7,27.6,27.6,27.7,27.9,27.8,27.8,27.7,27.9,27.8,28.5,81,84,82,79,82,78,80,82,80,79,83,88,78,79,77,80,77,83,86,83,80,79,79,80,81,83,81,82,82,83,77,0,0,0,0,0,0,0,0,0,0,0,0,0,0,0,0,0,0,0.2,0,0,0,0,0,0,0,0,0,0.1,0,0,10.4,19.9,1.3,12.8,5.7,13,17.7,10.1,7.9,12.1,10.8,4.4,1.6,12.6,5.5,19.8,20.8,16.9,12.7,3,12.1,15.9,13.4,1.8,14.5,11.5,9,1.8,11,10.5,16.2,13,23.8,3.2,15.8,6.1,15.8,23,12.6,9.4,14.8,14,5.4,2.2,16.6,6.1,24.5,27.4,20.5,15.5,4,16.2,19.1,15.8,2.2,18.7,14.8,10.8,3.2,14,12.2,20.9,,,,,,22.2204,114.2127
2026-08-07T08:00,27.7,29.4,28.5,29.2,28.2,27.8,28.1,29.2,29,27.8,27.2,27.8,27.5,28.9,29,28.4,30.2,28,29.3,27.6,28.6,28.3,29.2,28.6,28.6,29.5,28.2,28,29,29.1,27.9,27.7,27.7,27.9,27.7,27.7,28.7,28.9,27.9,27.7,89,78,79,80,91,84,88,78,81,83,89,85,87,84,76,83,76,84,81,88,84,84,76,79,88,82,85,82,83,86,82,90,86,91,90,86,82,81,87,84,0,0,0,0,0,0,0,0,0,0,1.5,0,0,0,0,0,0,0,0,0,0,0,0,0,0,0,0,0,0,0.8,0,0,0,0,0,0,0,0,0,0,4.8,2.7,2.2,4.6,4.2,2.7,7.3,2.4,2.5,2.2,3.1,5,2.5,5,2,3.6,6.1,5.7,4.2,0.8,9.7,6.4,3.3,6,6.5,7.8,6.8,1.8,4.1,5.6,2.6,3.3,2.1,2.9,3.7,2.1,6.8,3.6,8.7,2.9,,,,,,,,,,,,,,,,,,,,,,,,,,,,,,,,,,,,,,,,,28,28.2,28.1,28,28,27.7,28.4,28.3,28.1,28.5,28.1,28.3,27.9,28.3,28,28.3,28.5,27.9,28.3,28,27.9,27.9,27.9,28,28.2,28.1,28.2,28,28.2,28.1,28.9,79,82,80,78,80,77,79,79,78,77,80,86,76,78,76,78,75,81,84,80,78,77,78,78,80,81,79,80,79,80,75,0,0,0,0,0,0,0,0,0,0,0,0,0,0,0,0,0,0,0.2,0,0,0,0,0,0,0,0,0,0.1,0,0,9.4,18.7,1.5,11.8,6.6,12.6,16.9,9.5,6.9,12.1,9.1,3.9,2.1,11.6,6.6,19.4,19.2,15.8,13.2,3.6,10.5,15.5,12.6,2,14.2,10.8,9.4,2.9,10.5,10.2,14.5,11.2,22.3,2.9,14,7.2,15.1,21.6,11.5,7.9,14.8,11.2,5,2.9,14,7.9,23.8,24.8,18.7,15.8,4.7,13.7,18.4,15.1,2.2,18.4,13,11.2,4.3,13,11.9,18.7,,,,,,22.2204,114.2127
2026-08-07T09:00,28.6,30.3,29.1,30,29.1,28.7,29.2,30.1,29.9,28.9,28.2,28.7,28.5,29.6,29.9,29.2,31.2,28.9,30.2,28.4,29.5,29.1,30.1,29.6,29.4,30.4,29.2,29,30,30,28.9,28.5,28.3,28.4,28.3,28.3,29.5,29.8,28.8,28.7,84,74,76,76,86,80,83,74,77,79,85,81,82,81,73,79,71,80,78,84,79,81,73,75,84,78,80,78,79,82,78,86,83,88,87,83,78,77,83,80,0,0,0,0,0,0,0,0,0,0,0,0,0,0,0,0,0,0,0,0,0,0.2,0,0,0,0,0,0,0.1,0,0,0,0.9,0,0,0,0,0,0,0,4.4,3.6,2.9,6,3.6,3.2,7.4,2.8,3.6,2.3,2.6,5.2,1.8,5.6,2.8,4.3,7.4,6.1,4.8,0.5,10,6.4,4.1,5.8,7.2,9,7.1,1.8,5.1,6.4,2.9,3.2,2.3,2.9,3.3,2.9,7.6,4,8.4,3,,,,,,,,,,,,,,,,,,,,,,,,,,,,,,,,,,,,,,,,,28.6,28.8,28.6,28.4,28.7,28.2,28.8,28.9,28.6,29,28.5,28.8,28.6,29,28.5,28.7,29,28.3,28.8,28.6,28.4,28.4,28.5,28.6,28.6,28.6,28.9,28.5,28.9,28.8,29.4,76,79,77,77,77,75,76,76,76,75,78,83,72,75,74,76,72,78,81,76,75,74,76,74,77,78,76,77,76,76,73,0,0,0,0,0,0,0,0,0,0,0,0,0,0,0,0,0,0,0.3,0,0,0,0,0,0,0,0,0,0,0,0,8.6,16.9,2.3,12.1,6.8,12.6,16.6,9.5,7.4,12.4,9.9,3.9,1.8,11.2,7.1,19.4,18,15.5,12.5,3,11.9,15.1,12.3,2.3,13.6,10.4,8.7,4.1,9.4,9,13.4,10.1,20.2,3.2,13.7,7.2,15.1,20.9,10.8,8.3,14.8,11.5,5.4,2.9,13.3,8.6,23,23.4,18,14.8,4,14.8,17.6,14.4,1.8,16.9,12.2,10.4,5.4,11.2,10.4,17.3,,,,,,22.2204,114.2127
2026-08-07T10:00,29.8,31.6,30,31.2,30.5,30,30.7,31.3,31.2,30.5,29.8,30,29.8,30.6,31,30.4,32.5,30.2,31.3,29.5,30.7,30.2,31.3,31,30.4,31.6,30.6,30.4,31.2,31.2,30.4,29.7,29.1,29.1,29.1,29.2,30.7,31.1,30.2,30,78,69,72,70,79,75,75,69,72,73,78,75,76,76,69,74,65,74,73,78,73,77,68,70,78,72,74,73,73,76,72,79,80,85,83,79,74,71,77,74,0,0,0,0,0,0,0,0,0,0,0,0,0,0,0,0,0,0,0,0,0,0.2,0,0,0,0,0,0,0.1,0,0,0,0.9,0,0,0,0,0,0,0,4.3,4.8,4.1,7.9,3.1,3.9,7.9,3.4,4.8,2.3,2.9,5.2,1.5,6.6,3.6,5.4,9.5,7,5.8,2.2,10.5,6.5,4.8,5.7,8.4,11.2,7.4,1.9,6.4,7.5,2.7,3.3,2.3,3.9,3.3,4.5,8.9,5.2,8.2,3.8,,,,,,,,,,,,,,,,,,,,,,,,,,,,,,,,,,,,,,,,,29.4,29.5,29.3,28.9,29.6,29,29.4,29.7,29.3,29.6,29,29.4,29.4,29.9,29.1,29.2,29.6,28.8,29.4,29.3,28.9,29.1,29.1,29.4,29.1,29.2,29.7,29.2,29.7,29.8,30,72,76,73,75,73,72,73,72,73,73,76,79,67,72,70,73,69,75,78,71,71,71,73,69,74,75,73,74,72,72,71,0,0,0,0,0,0,0,0,0,0,0,0,0,0,0,0,0,0,0.3,0,0,0,0,0,0,0,0,0,0,0,0,8.3,15.2,3.3,13.2,6.3,12.6,16.7,9.5,8.8,13,12.7,4,1.1,11,7.4,19.8,17.3,16,11.4,1.8,14.8,14.8,11.9,2.1,12.5,10.5,7.8,5.8,7.9,7.4,12.6,9.4,18,4,14,6.8,15.1,20.2,10.8,9.4,15.1,13.7,6.1,2.5,13.3,9.4,23,22.3,18,13,2.9,17.3,16.9,13.7,1.8,15.5,11.9,9,6.8,9,9,16.2,,,,,,22.2204,114.2127
2026-08-07T11:00,31.2,33.1,30.9,32.5,31.9,31.5,32.4,32.7,32.6,32.2,31.7,31.4,31.3,31.7,32.3,31.7,34,31.6,32.6,30.6,32.1,31.4,32.7,32.6,31.6,33,32.1,32,32.5,32.5,32,31.1,30.1,29.9,30.1,30.1,31.9,32.5,31.7,31.5,71,62,68,64,71,69,67,63,66,66,70,69,68,70,64,69,59,68,68,72,67,73,63,64,72,66,68,66,67,70,66,72,76,80,78,74,69,64,71,67,0,0,0,0,0,0,0,0,0,0,0,0,0,0,0,0,0,0,0,0,0,0.2,0,0,0,0,0,0,0.1,0,0,0,0.9,0,0,0,0,0,0,0,4.3,6.5,5.5,10.2,3.1,4.7,8.2,5.1,6.7,2.3,4.5,5.4,2.7,8.2,4.4,6.6,11.7,8.1,7.2,4,10.8,6.6,5.7,5.6,9.4,13.4,8,2.5,7.9,8.9,2.7,3.4,2.4,6.1,4.6,6.6,10.4,6.6,7.5,5,,,,,,,,,,,,,,,,,,,,,,,,,,,,,,,,,,,,,,,,,30,30.1,29.9,29.3,30.3,29.6,29.9,30.4,29.8,30.1,29.4,29.9,30,30.7,29.6,29.6,30.1,29.2,29.9,29.9,29.3,29.6,29.7,30,29.6,29.8,30.4,29.8,30.3,30.5,30.6,69,73,70,74,70,69,71,69,71,72,74,76,64,69,68,71,66,73,75,67,69,69,71,65,72,72,70,72,69,69,69,0,0,0,0,0,0,0,0,0,0,0,0,0,0,0,0,0,0,0.3,0,0,0,0,0,0,0,0,0,0,0,0,8.4,14.1,4.3,14.7,5.9,13,17.1,9.7,10.6,13.7,15.3,4.3,0.4,11.4,7.9,19.9,16.9,17.1,10.7,2.1,17.7,14.8,11.6,1.5,12.1,11.1,7.2,6.7,6.8,6.4,12.6,9.7,16.6,5,15.1,7.2,15.5,20.2,11.5,11.2,15.8,15.5,7.2,3.2,14,10.1,22.7,21.6,18.4,11.9,2.9,19.8,16.6,13.3,2.5,14.4,12.6,9,8.3,8.3,8.6,15.8,,,,,,22.2204,114.2127
2026-08-07T12:00,32.5,34.5,31.8,33.7,33.3,33,34,33.9,34,33.8,33.5,32.7,32.7,32.7,33.5,33,35.3,32.8,33.8,31.7,33.4,32.5,34,34.1,32.8,34.2,33.6,33.5,33.7,33.8,33.6,32.4,31,30.5,31,31,33.1,33.9,33.2,32.9,64,57,64,58,64,63,59,58,60,60,62,64,62,65,60,64,53,62,63,65,61,68,59,59,66,60,62,60,61,64,61,66,72,76,74,70,64,58,66,61,0,0,0,0,0,0,0,0,0,0,0,0,0,0,0,0,0,0,0,0,0,0.2,0,0,0,0,0,0,0.1,0,0,0,0.9,0,0,0,0,0,0,0,4.3,8.1,7.1,12.3,4.4,5.4,8.9,6.1,8.2,2.4,6.4,5.6,4.6,9.7,5.2,7.4,13.6,9,8.2,6.2,11.2,6.3,6.6,5.4,10.6,15.3,8.4,3.1,9.4,10.1,2.6,3.8,2.6,8.1,6.5,8.5,11.8,7.6,6.9,6.5,,,,,,,,,,,,,,,,,,,,,,,,,,,,,,,,,,,,,,,,,30.5,30.6,30.2,29.6,30.7,30,30.2,30.9,30.1,30.5,29.6,30.1,30.4,31.2,30,30,30.5,29.5,30.3,30.2,29.5,30,30.2,30.3,30,30.2,30.8,30.1,30.7,31,31.1,67,71,69,73,68,67,70,67,70,71,74,75,63,67,67,69,65,72,73,66,69,68,69,64,71,70,68,70,67,66,68,0,0,0,0,0,0,0,0,0,0,0,0,0,0,0,0,0,0,0,0,0,0,0,0,0,0,0,0,0,0,0,10,14.8,5.6,16,6.5,13.7,18.2,10.2,12.7,14.8,16.5,5.5,2.3,12.5,9.2,19.8,16.9,18.6,11.3,4.7,19.5,16.1,11.7,4.2,12.7,13.2,8.9,7.2,7.9,7.3,13,11.2,16.9,6.1,16.6,9,16.2,20.9,13,13.3,16.6,16.6,8.3,5.4,15.1,11.9,22.3,21.2,19.4,12.6,5,21.6,17.3,13.3,4.7,14.8,14.8,11.2,9.4,10.1,10.8,15.8,,,,,,22.2204,114.2127
2026-08-07T13:00,33.5,35.5,32.5,34.7,34.4,34.1,35.3,34.9,35,35.1,34.9,33.8,33.8,33.5,34.6,33.9,36.3,33.8,34.7,32.6,34.4,33.4,35,35.2,33.7,35.2,34.7,34.7,34.7,34.7,34.8,33.3,31.7,31.1,31.6,31.6,33.9,35,34.3,34,59,52,61,54,58,58,53,54,55,55,56,60,57,62,56,60,49,58,59,61,57,65,55,55,61,56,57,56,56,59,57,61,69,73,70,66,60,53,62,57,0,0,0,0,0,0,0,0,0,0,0,0,0,0,0,0,0,0,0,0,0,0.2,0,0,0,0,0,0,0.1,0,0,0,0.9,0,0,0,0,0,0,0,4.7,9.2,8.3,14.1,5.4,5.5,9.3,7.2,9.8,2.6,7.9,5.6,5.6,10.5,6,7.9,14.9,10.1,9.2,8,11,5.8,7.3,4.8,11.4,17.1,8.6,3.6,10.4,11.1,2.5,3.7,2.9,9.8,8.2,10,12.8,8.6,6.5,7.4,,,,,,,,,,,,,,,,,,,,,,,,,,,,,,,,,,,,,,,,,31,31,30.3,29.8,30.9,30.4,30.5,31.3,30.2,30.8,29.8,30.2,30.7,31.6,30.2,30.4,30.9,29.6,30.5,30.3,29.5,30.3,30.7,30.4,30.4,30.4,31,30.3,30.9,31.3,31.5,65,70,69,72,67,66,70,65,69,70,74,74,63,66,66,68,64,73,72,66,69,67,68,66,70,69,67,70,66,64,67,0,0,0,0,0,0,0,0,0,0,0,0,0,0,0,0,0,0,0,0,0,0,0,0,0,0,0,0,0,0,0,12.4,16.4,7.3,17.6,9.4,14.8,20,11.6,15.3,16.5,17.2,7.6,6.4,14.6,11.5,20.2,18.1,20.7,13.3,8.5,20.9,18.1,12.4,8.7,14.6,16.3,12.7,8.4,12,11.2,13.8,13.3,18.4,7.2,18.4,11.2,17.3,21.6,15.1,15.5,17.6,16.9,9.4,8.3,16.9,14,22,20.9,21.2,13.7,8.3,23.4,18.4,14,7.9,16.2,17.6,14.4,10.1,13.3,14,16.2,,,,,,22.2204,114.2127
2026-08-07T14:00,33.9,36,32.8,35.1,34.9,34.8,36,35.4,35.6,35.7,35.7,34.3,34.3,33.8,35.2,34.4,36.8,34.3,35.1,32.9,34.8,33.9,35.5,35.8,34.2,35.7,35.2,35.3,35.1,35.2,35.4,33.8,32.1,31.3,31.9,31.9,34.4,35.5,34.8,34.5,57,51,60,52,56,56,50,53,53,53,53,58,55,60,54,59,47,56,58,59,55,64,54,54,59,54,55,54,54,57,55,59,67,72,69,65,59,51,60,55,0,0,0,0,0,0,0,0,0,0,0,0,0,0,0,0,0,0,0,0,0,0.2,0,0,0,0,0,0,0.1,0,0,0,0.9,0,0,0,0,0,0,0,5,9.5,8.6,14.8,5.9,5.5,8.9,7.3,10.1,2.2,8.7,5.4,6.6,11.1,6,7.9,15.4,10.4,9.5,8.7,10.9,5.8,7.3,4.6,11.3,17.6,8.3,3.6,10.7,11.4,2.2,3.8,2.9,10.8,8.9,10.7,13.1,8.6,6.2,8,,,,,,,,,,,,,,,,,,,,,,,,,,,,,,,,,,,,,,,,,31.2,31.3,30.3,29.9,31.1,30.6,30.6,31.5,30.3,31,29.9,30.2,30.9,31.8,30.3,30.6,31.1,29.7,30.7,30.4,29.6,30.5,30.9,30.4,30.6,30.6,31,30.5,31,31.4,31.8,64,70,69,72,66,66,70,65,68,69,74,74,63,66,66,67,64,73,71,67,70,67,67,67,70,68,67,69,66,64,66,0,0,0,0,0,0,0,0,0,0,0,0,0,0,0,0,0,0,0,0,0,0,0,0,0,0,0,0,0,0,0,15,18.7,9.4,18.7,12.5,15.9,21.9,13.9,17.1,18.7,17.9,9.6,9.7,16.6,13.6,20.3,19.9,22.1,15.1,11.6,21.6,20,14.1,12.2,16.9,19,16.1,9.9,16,15.3,15,15.5,20.5,9,19.8,13.3,18.7,22.7,16.9,17.6,19.4,18,10.4,10.8,19.1,15.8,22.3,21.6,22.7,15.5,11.2,24.5,20.2,15.1,10.8,18,20.2,17.3,11.2,16.2,17.3,17.3,,,,,,22.2204,114.2127
2026-08-07T15:00,33.7,35.8,32.8,34.9,34.7,34.9,35.9,35.3,35.6,35.5,35.7,34.1,34.1,33.6,35.3,34.2,36.5,34,34.9,32.7,34.6,33.8,35.4,35.6,34.2,35.5,35.1,35.2,35,35.1,35.2,33.6,32.2,31.1,31.8,31.7,34.3,35.5,34.7,34.3,59,53,61,53,58,56,51,55,53,54,54,59,57,61,54,61,49,57,60,60,57,65,55,56,59,55,56,55,55,58,56,61,67,73,70,66,60,52,61,56,0,0.1,0,0,0.1,0,0,0,0,0,0,0,0,0,0,1,0,0.1,0.1,0,0.1,0.6,0.1,0.1,0,0.1,0,0,0.1,0.1,0.3,0.1,0,0,0,0,0.1,0,0.1,0,4.7,8.5,8,14.1,5.5,4.8,7.5,6.2,9.7,1.5,8.4,5,6.7,10.6,5.5,7.1,14.5,10.1,9.4,8.7,10.4,5.5,6.6,3.9,10,16.9,7.7,3.1,10.2,11.1,1.5,3.2,3,10.8,8.9,10.6,12,8,6.1,7.6,,,,,,,,,,,,,,,,,,,,,,,,,,,,,,,,,,,,,,,,,31.1,31.2,30.3,29.9,31.1,30.6,30.5,31.3,30.2,30.8,29.8,30.1,31.1,31.7,30.2,30.6,31,29.6,30.6,30.3,29.7,30.4,30.8,30.3,30.4,30.6,30.9,30.5,30.8,31.1,31.8,65,70,70,72,66,66,71,67,68,69,74,73,63,66,67,67,65,73,71,68,70,67,68,68,71,69,68,69,67,66,66,0,0,0,0,0,0,0,0,0,0,0,0,0,0,0,0,0,0,0,0,0,0,0,0,0,0,0,0,0,0,0,17.2,21.4,11.5,19.3,14.8,17.5,22.1,16,18.4,20.9,18.9,10.6,12,18.6,14.5,21.1,21.6,23,17.1,13.4,21.3,21.6,16.4,13.7,19.9,20.1,18.3,11.3,18.1,18.1,16.9,17.6,23.4,11.2,20.9,15.1,20.9,23.4,18.7,19.1,22.7,19.4,11.5,13,22,16.9,23.4,23.4,23.8,17.3,13,24.1,22.3,17.3,13,20.9,21.6,19.4,12.2,18.4,19.4,19.1,,,,,,22.2204,114.2127
2026-08-07T16:00,32.8,35.1,32.4,34.2,33.9,34.5,35.2,34.7,35.1,34.7,35.1,33.5,33.3,33,35.1,33.6,35.7,33.3,34.2,32,33.9,33.3,34.8,34.8,33.9,34.9,34.4,34.6,34.4,34.5,34.5,32.9,31.9,30.6,31.2,31.2,33.7,35,34,33.6,64,58,64,58,62,59,56,59,56,58,57,62,62,64,54,66,53,61,63,65,61,67,59,60,62,58,61,59,58,62,60,65,69,75,73,69,63,55,65,60,0,0.1,0,0,0.1,0,0,0,0,0,0,0,0,0,0,1,0,0.1,0.1,0,0.1,0.6,0.1,0.1,0,0.1,0,0,0.1,0.1,0.3,0.1,0,0,0,0,0.1,0,0.1,0,4.6,6.4,6.8,12.5,5.1,3.9,5.6,4.5,8.5,0,7.4,5,6.4,9.4,4.7,5.6,12.3,9.4,8.6,8.4,9.4,5,4.9,3.6,7.4,15.2,7.2,2.7,9,10.3,0.7,2.7,2.9,9.7,8.3,9.7,10.2,6.3,6.1,6.5,,,,,,,,,,,,,,,,,,,,,,,,,,,,,,,,,,,,,,,,,30.8,31,30.2,29.8,31,30.5,30.4,30.8,30.1,30.5,29.7,30,31.1,31.5,30.1,30.4,30.8,29.4,30.4,30.1,29.7,30.2,30.5,30,30.1,30.4,30.7,30.4,30.5,30.5,31.6,67,71,71,73,67,68,72,69,68,70,74,73,64,67,68,67,66,74,72,70,70,69,70,69,72,70,70,69,70,71,67,0,0,0,0,0,0,0,0,0,0,0,0,0,0,0,0,0,0,0,0,0,0,0,0,0,0,0,0,0,0,0,19.2,24.5,13.3,19.7,16.3,19.6,21.7,18.4,19.4,23.2,19.6,11.3,14.1,21.4,14.6,22.2,23,23.8,19.2,14,20.5,23,18.7,14.6,22.9,21,20.1,12.9,19.3,20.1,19.5,20.2,27,14,22,16.9,23.4,23.8,20.2,19.8,26.6,21.2,12.2,14.8,24.8,17.3,24.8,25.6,24.5,19.8,14,22.7,25.2,20.2,14.8,24.5,22.7,21.2,13.7,20.2,21.6,22,,,,,,22.2204,114.2127
2026-08-07T17:00,31.7,34,31.8,33.2,32.9,33.9,34.2,33.9,34.3,33.6,34.2,32.6,32.2,32.1,34.7,32.7,34.6,32.2,33.2,31,32.9,32.6,33.8,33.8,33.3,34,33.4,33.7,33.4,33.6,33.4,31.9,31.5,30,30.5,30.4,33,34.3,33,32.5,70,65,68,63,68,62,62,64,60,64,63,67,69,69,56,72,59,66,69,70,67,71,63,66,66,63,66,64,63,67,66,71,72,79,76,73,68,59,70,65,0,0.1,0,0,0.1,0,0,0,0,0,0,0,0,0,0,1,0,0.1,0.1,0,0.1,0.6,0.1,0.1,0,0.1,0,0,0.1,0.1,0.3,0.1,0,0,0,0,0.1,0,0.1,0,4.7,4.2,5.4,10.3,4.5,2.8,4.1,2.1,6.9,1.4,6.3,5.1,5.7,7.9,3.4,4,9.9,8.4,8,7.2,8.3,4.8,3.1,4.3,4.2,13.1,6.6,2.9,7.6,9.1,0,3.1,3.1,8.5,7.2,8.1,8,4.5,6.6,4.8,,,,,,,,,,,,,,,,,,,,,,,,,,,,,,,,,,,,,,,,,30.5,30.7,30,29.6,30.8,30.4,30.2,30.4,29.9,30.2,29.5,29.9,30.9,31.3,29.9,30.1,30.6,29.2,30.1,29.9,29.7,29.9,30.1,29.8,29.7,30.2,30.4,30.3,30.2,30,31.4,69,73,72,74,68,69,73,72,69,71,74,73,66,69,69,68,68,75,74,71,71,70,72,71,74,72,72,70,72,74,68,0,0,0,0,0,0,0,0,0,0,0,0,0,0,0,0,0,0,0,0,0,0,0,0,0,0,0,0,0,0,0,20.7,26.4,15.1,20.2,17.2,21.2,21.4,19.9,20,24.6,20.4,12,15.6,23.5,14.3,23.3,24.5,23.8,20.5,14.1,19.4,23.9,20.3,15,25.2,21.3,21.1,14.2,19.7,21.4,21.7,22.7,29.9,16.6,23,18.4,25.2,24.8,22,21.2,29.5,22.3,13.3,16.9,27.4,17.3,26.6,28.1,25.2,21.6,14.8,21.2,27.4,22.7,16.6,27.4,23.8,23,14.8,21.2,23.4,24.1,,,,,,22.2204,114.2127
2026-08-07T18:00,30.5,32.8,31.2,32.1,31.7,33.2,33,33,33.5,32.3,33.1,31.6,31,31.2,34.1,31.6,33.4,31.1,32.2,29.9,31.8,31.8,32.8,32.6,32.7,33,32.3,32.7,32.4,32.7,32.2,30.7,31.1,29.2,29.7,29.5,32.1,33.4,31.9,31.4,77,72,72,69,75,66,69,70,64,70,68,72,76,74,58,78,65,71,74,76,73,75,68,72,70,67,73,69,68,73,71,77,75,82,80,78,73,64,76,70,0,0.1,0,0,0.1,0,0,0,0,0,0,0,0,0,0,1,0,0.1,0.1,0,0.1,0.6,0.1,0.1,0,0.1,0,0,0.1,0.1,0.3,0.1,0,0,0,0,0.1,0,0.1,0,4.7,2.4,4.8,8.5,4.7,2.2,4,1.3,5,3.2,4.9,5.1,5.4,6.1,2.1,2.9,7.5,7.3,7.1,6.2,7.8,4.6,2.3,5.6,1.8,11,6,3.2,6,7.9,1.1,4,3.1,6.8,6,6.7,6.2,3.4,6.7,3.9,,,,,,,,,,,,,,,,,,,,,,,,,,,,,,,,,,,,,,,,,30,30.3,29.7,29.3,30.5,30.1,29.9,29.9,29.5,29.9,29.3,29.6,30.4,31,29.6,29.8,30.2,29,29.7,29.6,29.4,29.5,29.7,29.5,29.3,29.9,29.9,29.9,29.8,29.7,30.9,71,75,74,75,70,71,75,74,72,73,75,74,70,71,71,69,70,76,76,72,73,72,75,73,76,74,74,72,74,76,71,0,0,0,0,0,0,0,0,0,0,0,0,0,0,0,0,0,0,0,0,0,0,0,0,0.1,0,0,0,0,0,0,21.3,26.9,16.6,20.5,17.3,21.8,21.6,20.6,20.7,25.1,20.2,12.9,17.1,24,13.7,24.7,25.5,22.6,20.7,13.5,18.3,23.7,20.6,15.6,25.6,20.7,21.6,14.8,19,21.4,21.9,25.2,31.7,19.1,24.8,19.8,25.9,26.3,23.8,23.4,31,22.7,14.8,19.4,28.1,16.6,29.5,31,25.2,23,14.8,20.2,28.4,24.1,18,29.2,24.8,24.8,15.8,21.6,24.8,25.6,,,,,,22.2204,114.2127
2026-08-07T19:00,29.4,31.8,30.5,31.1,30.6,32.4,31.9,32,32.6,31.1,32,30.6,29.9,30.3,33.6,30.7,32.3,30,31.2,28.9,30.8,31,31.8,31.4,32,32,31.3,31.7,31.5,31.8,31.1,29.7,30.6,28.6,28.9,28.8,31.2,32.5,30.9,30.3,83,78,77,74,82,71,76,76,68,75,74,77,83,78,61,84,71,76,79,82,79,78,73,78,74,72,78,74,73,78,77,83,78,86,84,82,78,69,81,75,0,0.1,0,0,0.1,0,0,0,0,0,0,0,0,0,0,1,0,0.1,0.1,0,0.1,0.6,0.1,0.1,0,0.1,0,0,0.1,0.1,0.3,0.1,0,0,0,0,0.1,0,0.1,0,5.2,2.4,5,7.1,5.2,2.6,5.3,3,3.7,4.3,4.3,5.5,5.2,4.8,1,3.1,5.8,6.6,6.6,5.1,7.4,5,2.4,6.9,2.2,9.3,6.2,4.1,4.8,7.4,1.8,5.1,3.5,5.4,5.4,5.3,5,4,6.8,3.2,,,,,,,,,,,,,,,,,,,,,,,,,,,,,,,,,,,,,,,,,29.4,29.8,29.4,29,30,29.7,29.5,29.4,29.1,29.6,28.9,29.3,29.8,30.6,29.3,29.4,29.8,28.8,29.2,29.3,28.9,29.1,29.2,29.2,28.9,29.4,29.3,29.5,29.4,29.3,30.4,74,78,77,77,73,73,78,76,75,74,76,77,74,74,73,71,71,77,80,74,76,75,78,76,78,76,77,75,77,77,74,0,0,0,0,0,0,0,0,0,0,0,0,0,0,0,0,0,0,0,0,0,0,0,0,0.1,0,0,0,0,0,0,21.4,26.3,17.3,20.6,17.3,21.9,21.9,20.9,21.3,24.4,19.6,14.2,18.3,23.4,12.7,26.2,26.2,20.6,20.2,12.8,16.8,23.1,19.9,16,24.9,19.9,21.9,15.4,17.8,20.7,21.1,27.4,33.1,21.2,26.6,21.2,26.3,28.1,25.6,26.3,31.7,22.7,15.8,22.3,28.4,15.5,33.1,33.8,25.2,24.5,14.4,19.4,29.2,24.8,19.4,30.6,25.6,27,16.9,21.6,26.3,26.6,,,,,,22.2204,114.2127
2026-08-07T20:00,28.6,31,30,30.5,29.8,31.8,31.2,31.3,32,30.2,31.3,29.9,29.1,29.6,33.1,30,31.5,29.2,30.4,28.2,30,30.5,31.1,30.6,31.5,31.4,30.5,30.9,30.9,31.1,30.3,29,30.2,28.1,28.4,28.2,30.6,31.8,30.1,29.5,88,82,80,78,86,74,80,80,71,79,78,81,87,81,63,88,75,80,83,86,83,81,77,82,77,75,82,78,76,81,81,87,80,88,87,85,81,73,85,79,0,0.1,0,0,0.1,0,0,0,0,0,0,0,0,0,0,1,0,0.1,0.1,0,0.1,0.6,0.1,0.1,0,0.1,0,0,0.1,0.1,0.3,0.1,0,0,0,0,0.1,0,0.1,0,5.4,3.6,5.5,6.6,5.6,2.9,6.2,4,3.1,5.1,4,5.7,4.7,3.4,0.4,3.3,5.1,5.9,6.1,4.3,7.2,5.2,3.3,7.7,3.8,8.4,6.4,4.6,4.3,6.8,2.2,5.5,3.5,4.1,4.7,4.2,4.9,4.5,7,3.3,,,,,,,,,,,,,,,,,,,,,,,,,,,,,,,,,,,,,,,,,29,29.5,29.2,28.8,29.6,29.5,29.2,29,28.7,29.4,28.7,29,29.2,30.3,29,29,29.4,28.6,28.7,29.1,28.5,28.7,28.8,28.9,28.5,29,28.9,29.1,29.1,29.1,29.9,76,80,79,78,76,75,80,78,78,76,78,79,78,76,75,73,73,78,82,75,79,77,80,78,80,78,79,77,79,78,77,0,0,0,0,0,0,0,0,0,0,0,0,0,0,0,0,0,0,0,0,0,0,0,0,0.1,0,0,0,0,0,0,21.5,25.6,17.3,21.1,18.2,22.2,22.2,21,22.1,23.8,19.4,15,19.1,23.4,11.8,27.1,26.7,19.2,19.6,12.2,16,22.2,19.5,16.8,24,19.5,22.1,15.4,17.1,20.8,20.9,29.2,33.5,22.3,28.1,23,27,30.2,26.6,28.8,31.7,23,17.3,24.5,29.5,14.4,35.6,36,25.2,25.2,14,19.1,29.5,25.9,20.9,31.7,26.3,28.8,18,22,28.1,28.4,,,,,,22.2204,114.2127
2026-08-07T21:00,28.1,30.6,29.6,30.1,29.3,31.1,30.7,30.7,31.4,29.6,30.7,29.3,28.6,29.1,32.6,29.5,31,28.7,29.9,27.7,29.6,30.2,30.6,30,31.1,31,30,30.4,30.5,30.6,29.7,28.5,29.8,27.8,28,27.9,30.1,31.2,29.6,29,91,84,83,80,89,77,83,83,74,81,81,84,89,83,66,90,77,83,86,89,85,83,80,84,79,77,84,80,78,83,84,89,82,90,89,87,84,77,87,82,0,0,0.1,0,0,0.1,0,0.3,0,0,0,0,0,1.3,0,0,0,0,0.1,0,0,0,0.1,0.3,0,0,0,0,0,0,0.1,0.3,0,0,0,0,0.1,0,0,0,5.2,4.1,5.4,6.8,5.7,3.2,6.5,4,2.7,5.1,4.1,5.8,4.2,2.3,0.8,3.3,4.7,5.4,5.8,3.6,7.1,5.6,3.3,7.6,4.5,8,6.4,4.6,4.3,6.6,2.2,5.4,3.5,3.1,4.1,3.3,5,4.9,7,3.3,,,,,,,,,,,,,,,,,,,,,,,,,,,,,,,,,,,,,,,,,28.8,29.4,29,28.6,29.3,29.5,28.9,28.9,28.4,29.3,28.5,28.8,29,30,28.8,28.9,29.2,28.5,28.5,28.9,28.3,28.5,28.6,28.8,28.4,28.9,28.7,28.8,28.9,28.9,29.6,77,81,81,79,78,75,82,78,80,77,80,82,80,77,76,75,74,78,83,77,81,79,81,80,81,79,80,79,81,79,79,0,0,0,0,0,0,0.1,0,0,0,0,0,0,0,0,0,0,0,0,0,0,0,0,0,0,0,0,0,0.4,0,0,21.5,24.6,15.6,21.2,19.8,23.2,23,20.7,23,22.5,19.9,15.5,19.3,24.7,10.9,26.6,26.7,18.9,19.4,12.1,16.3,21.9,20.4,17.3,23,19,22.1,15.3,16.8,21.8,21.8,29.2,33.1,20.9,28.4,25.6,29.5,33.5,27,30.6,29.9,24.8,18.7,25.9,32.8,13.3,36.4,37.1,25.2,25.6,13.7,19.8,29.5,27.7,22.3,32.4,26.6,30.6,19.4,22.3,31.3,31,,,,,,22.2204,114.2127
2026-08-07T22:00,27.8,30.2,29.1,29.9,28.8,30.4,30.3,30.1,30.9,29.1,30.2,28.9,28.1,28.6,32,29,30.6,28.4,29.4,27.3,29.2,29.9,30.2,29.4,30.6,30.7,29.5,29.8,30.2,30.2,29.2,28.1,29.4,27.6,27.7,27.6,29.6,30.5,29.1,28.5,93,84,86,80,90,81,85,87,76,82,84,86,91,84,69,92,78,85,88,91,87,84,83,86,82,78,85,82,79,84,87,91,83,91,91,89,86,81,89,84,0,0,0.1,0,0,0.1,0,0.3,0,0,0,0,0,1.3,0,0,0,0,0.1,0,0,0,0.1,0.3,0,0,0,0,0,0,0.1,0.3,0,0,0,0,0.1,0,0,0,4.4,3.9,5.2,6.8,5.6,3.1,6.6,3.7,2.7,4.6,4.1,5.7,3.6,1.1,1.3,2.8,4.8,5.4,5.5,2.6,7.2,6.1,3.4,7.2,4.7,8,6.4,4.3,4.3,6.4,1.9,5,3.4,2.2,3.7,1.8,4.8,4.9,6.8,3.1,,,,,,,,,,,,,,,,,,,,,,,,,,,,,,,,,,,,,,,,,28.8,29.4,28.9,28.6,29.1,29.6,28.8,28.9,28.1,29.3,28.3,28.6,28.8,29.7,28.6,28.8,29.1,28.5,28.4,28.7,28.2,28.4,28.6,28.8,28.3,28.8,28.7,28.6,28.8,28.8,29.4,77,81,83,80,79,75,83,78,82,78,83,84,81,79,77,76,75,77,84,79,82,81,82,82,81,80,81,81,82,80,80,0,0,0,0,0,0,0.1,0,0,0,0,0,0,0,0,0,0,0,0,0,0,0,0,0,0,0,0,0,0.4,0,0,21.2,23.4,13.7,21.1,21.7,24.1,23.7,20.2,24.3,20.9,21.2,15.8,19.5,26.7,10.4,25.6,25.9,19.6,19.2,11.6,16.9,21.3,21.5,17.6,22.1,18.7,22.4,16.1,16.3,23.2,23.5,28.8,32,18.4,28.8,28.4,32.4,37.1,27,32,27.4,27,19.8,26.6,36.7,11.9,36,37.4,25.6,25.6,13.7,21.6,29.2,30.2,23.8,32.4,26.6,32,20.5,22.7,34.6,34.2,,,,,,22.2204,114.2127
2026-08-07T23:00,27.5,30,28.7,29.8,28.4,29.6,29.9,29.5,30.4,28.7,29.7,28.4,27.8,28.3,31.5,28.6,30.4,28.1,29,27,29,29.7,29.8,29,30.1,30.5,29.2,29.3,30,29.8,28.8,27.8,29,27.4,27.4,27.5,29.2,29.8,28.7,28.2,94,84,89,81,92,84,86,90,79,82,87,88,91,85,72,93,79,87,89,93,88,84,86,87,84,79,86,84,80,84,90,92,84,92,92,90,88,85,91,85,0,0,0.1,0,0,0.1,0,0.3,0,0,0,0,0,1.3,0,0,0,0,0.1,0,0,0,0.1,0.3,0,0,0,0,0,0,0.1,0.3,0,0,0,0,0.1,0,0,0,3.8,3.9,4.9,7.2,5.5,3.3,6.5,2.9,2.7,4.2,4.4,5.7,3.1,1.1,1.6,2.7,5.2,5.8,5.4,1.9,7.6,6.8,3.1,6.8,5.2,8.1,6.6,3.8,4.3,6.4,2,4.3,3.1,1.8,3.3,0.8,5.1,4.8,6.4,2.9,,,,,,,,,,,,,,,,,,,,,,,,,,,,,,,,,,,,,,,,,28.8,29.5,28.8,28.5,28.9,29.7,28.7,28.9,28,29.3,28.2,28.5,28.7,29.5,28.4,28.7,29,28.5,28.3,28.6,28.1,28.3,28.6,28.7,28.3,28.8,28.7,28.5,28.7,28.8,29.2,77,81,84,81,80,75,83,78,83,79,85,86,82,79,78,77,76,77,85,81,83,82,82,84,81,81,81,82,83,80,81,0,0,0,0,0,0,0.1,0,0,0,0,0,0,0,0,0,0,0,0,0,0,0,0,0,0,0,0,0,0.4,0,0,21.3,22.7,12.8,21.4,23.5,25.4,25,19.8,25.4,20.4,22.3,15.9,19.7,28,9.2,24.4,25.6,19.7,19,11.7,17.4,21.3,22.6,17.9,21.2,18.7,23,17.2,16.9,24.2,25.1,28.8,31,16.2,29.5,31.3,34.9,40,27.4,33.5,26.3,29.5,20.5,27.4,39.2,10.8,35.3,37.4,25.6,25.9,13.7,23,29.2,32,25.6,32,27.4,33.8,22,24.5,37.1,36.7,,,,,,22.2204,114.2127
2026-08-08T00:00,27.4,29.9,28.4,29.7,28.1,28.9,29.7,29,30,28.5,29.3,28.1,27.5,28,30.9,28.3,30.2,27.9,28.7,26.8,28.8,29.6,29.5,28.6,29.7,30.3,28.9,28.9,29.9,29.6,28.5,27.5,28.7,27.3,27.3,27.4,28.9,29.1,28.3,27.9,95,83,91,80,92,87,87,92,81,82,89,90,92,85,75,94,78,88,90,94,88,85,88,87,85,79,85,85,80,84,92,93,85,93,93,91,89,89,91,87,0,0,0.1,0,0,0.1,0,0.3,0,0,0,0,0,1.3,0,0,0,0,0.1,0,0,0,0.1,0.3,0,0,0,0,0,0,0.1,0.3,0,0,0,0,0.1,0,0,0,3.2,4,4,7.6,5.4,3.6,6.2,2.3,3,3.6,4.3,5.6,2.9,2.2,2.3,2.9,5.7,6.1,5.2,1.5,8.3,7.5,2.9,6.6,5.8,8.3,6.5,3.4,4.7,6.8,1.9,4,3.1,2.4,3.1,0.8,5.5,5.1,6.3,2.8,,,,,,,,,,,,,,,,,,,,,,,,,,,,,,,,,,,,,,,,,28.8,29.4,28.6,28.3,28.8,29.5,28.7,28.9,28,29.3,28.1,28.4,28.6,29.5,28.3,28.7,28.9,28.5,28.2,28.4,28,28.2,28.7,28.5,28.3,28.7,28.6,28.4,28.6,28.8,29.1,78,81,85,82,81,75,82,78,83,79,86,86,83,79,79,77,76,77,86,82,84,83,81,85,81,82,82,82,83,80,81,0,0.1,0,0,0,0,0.2,0,0,0,0,0.2,0,0,0,0,0,0,0,0,0,0,0,0,0,0,0,0,0.2,0.1,0.1,22.2,22.3,12,22.4,25,26.7,26.4,20.2,26,21.7,23.4,15.7,20.3,27.2,7.6,23.6,26,19.6,18.7,11.8,17.7,22.4,23.4,18.9,21,19.8,24.5,18.2,19.4,24.7,26.6,30.6,30.2,15.1,32,34.2,36.7,41.8,29.2,34.9,28.4,32.4,20.5,28.4,38.5,9.7,34.2,38.2,25.9,26.6,14.4,24.5,30.6,33.5,27.7,31.3,28.8,36.4,23.4,29.2,37.8,38.9,,,,,,22.2204,114.2127
2026-08-08T01:00,27.3,29.8,28.1,29.7,28,28.4,29.5,28.6,29.6,28.3,29,27.9,27.4,27.8,30.5,28.1,30.1,27.9,28.5,26.6,28.7,29.6,29.3,28.4,29.4,30.2,28.7,28.6,29.9,29.4,28.3,27.4,28.4,27.3,27.2,27.3,28.7,28.7,28.1,27.8,95,82,93,80,92,89,87,93,83,82,90,91,91,85,78,94,78,89,91,95,88,85,89,87,87,79,85,86,80,84,93,93,86,93,94,92,90,92,92,88,0,0,0.1,0,0,0.1,0,0.3,0,0,0,0,0,1.3,0,0,0,0,0.1,0,0,0,0.1,0.3,0,0,0,0,0,0,0.1,0.3,0,0,0,0,0.1,0,0,0,2.9,4.5,3.6,8.1,5.4,4,6.5,2.5,3.3,3.7,4.7,5.5,3.4,3.4,3,3.4,6.6,6.2,5.1,1.1,8.8,7.9,3.3,6.5,6.6,8.6,6.6,3.1,5.1,6.9,2.5,4.3,3.1,3.3,3.1,1.9,6.2,5,6.2,2.6,,,,,,,,,,,,,,,,,,,,,,,,,,,,,,,,,,,,,,,,,28.7,29.4,28.4,28.2,28.8,29.3,28.8,28.9,28.1,29.2,28.1,28.3,28.5,29.6,28.1,28.7,28.8,28.5,28.2,28.3,27.9,28.1,28.9,28.3,28.4,28.6,28.6,28.4,28.7,28.8,29.1,78,81,86,82,81,74,81,79,82,79,87,86,83,78,80,77,76,76,86,83,84,84,80,86,80,82,83,82,83,79,80,0,0.1,0,0,0,0,0.2,0,0,0,0,0.2,0,0,0,0,0,0,0,0,0,0,0,0,0,0,0,0,0.2,0.1,0.1,23.9,22,11.5,24.2,26.3,27.7,28.1,21.4,25.8,24.1,24.8,15.1,21,25,6.9,22.7,27.2,19.6,18.3,12.3,18.2,24.2,24.3,20.4,20.5,21.1,26.5,18.5,23.1,24.9,27.9,33.5,29.9,14.8,34.9,36.7,37.8,42.5,31.3,36,32,35.6,20.2,29.2,35.6,8.3,32.4,38.5,25.9,27.4,15.5,25.6,32.8,34.6,29.9,30.2,31,38.5,24.5,35.3,37.4,40.3,,,,,,22.2204,114.2127
2026-08-08T02:00,27.3,29.8,28,29.6,27.9,28.2,29.4,28.5,29.4,28.1,28.9,27.8,27.3,27.7,30.3,28,30,27.9,28.4,26.6,28.7,29.5,29.2,28.3,29.2,30.1,28.6,28.5,29.9,29.2,28.3,27.4,28.3,27.3,27.1,27.3,28.6,28.4,28.1,27.7,95,81,93,79,92,90,87,94,83,82,90,91,91,85,79,93,78,89,91,95,88,85,90,87,87,79,85,86,79,83,93,92,86,93,94,92,90,93,92,88,0,0,0.1,0,0,0.1,0,0.3,0,0,0,0,0,1.3,0,0,0,0,0.1,0,0,0,0.1,0.3,0,0,0,0,0,0,0.1,0.3,0,0,0,0,0.1,0,0,0,3,5,3.1,8.8,5.8,4.6,7,3,3.6,3.8,4.7,5.4,3.9,4.3,3.3,4,7.4,6.3,5.1,1.5,9.3,8.4,3.4,6.7,7.6,9.2,6.9,2.9,5.2,7.4,2.9,4.8,3.3,4,3,2.7,6.8,5.1,6.1,2.7,,,,,,,,,,,,,,,,,,,,,,,,,,,,,,,,,,,,,,,,,28.7,29.4,28.3,28.1,28.8,29.1,28.8,28.9,28.2,29.1,28,28.3,28.5,29.7,28,28.8,28.8,28.5,28.1,28.2,27.9,28,29,28.2,28.4,28.5,28.5,28.4,28.7,28.8,29.1,79,80,87,83,81,74,80,79,82,79,87,86,83,77,80,77,76,76,86,84,85,84,79,86,80,82,83,82,82,78,79,0,0.1,0,0,0,0,0.2,0,0,0,0,0.2,0,0,0,0,0,0,0,0,0,0,0,0,0,0,0,0,0.2,0.1,0.1,24.6,21.8,11.4,25.1,26.2,27.5,28.9,21.7,25.4,25.7,25.7,14.2,21,23.1,7.5,21.6,26.8,19,18,12.7,18.8,25.2,24.5,21.8,20,22.3,27.7,18.6,25.3,24.9,28.1,34.9,29.5,15.1,37.1,37.4,37.8,42.5,32,35.6,34.6,37.1,19.4,29.5,33.1,7.9,30.2,37.8,25.6,27.7,16.2,26.6,33.8,34.9,31,28.8,32,39.6,24.8,38.5,35.6,40.3,,,,,,22.2204,114.2127
2026-08-08T03:00,27.4,29.8,28.1,29.5,28,28.2,29.3,28.5,29.3,28,29,27.8,27.4,27.7,30.2,28.2,29.9,28,28.5,26.6,28.7,29.5,29.3,28.3,29.1,30,28.6,28.5,29.9,29.2,28.4,27.6,28.3,27.3,27.2,27.3,28.7,28.4,28.2,27.6,95,80,92,79,91,90,87,93,82,82,89,91,91,85,79,92,78,89,90,95,88,85,90,87,87,79,85,86,78,82,92,91,86,93,94,92,89,92,92,88,0,0,0,0,0,0,0,2.4,0,0.1,0,0,0,0.5,0,0,0,0,0,0,0,0,0,0.3,0,0,0,0.6,0,0,0,0,0,0,0,0,0,0,0,0.1,3.5,5.5,3,9.6,6.4,5.2,7.5,3.1,4,3.7,4.7,5.4,4.6,5.2,3.3,4.5,8.2,6.4,5.1,1.9,9.4,8.9,3.9,6.6,8.4,9.7,6.8,3.3,5.2,8.2,3.3,5.6,3.3,4,2.9,3.2,6.9,5.2,6.1,3,,,,,,,,,,,,,,,,,,,,,,,,,,,,,,,,,,,,,,,,,28.7,29.4,28.1,27.9,28.8,29,28.7,28.9,28.2,29.1,27.9,28.1,28.5,29.6,27.9,28.8,28.8,28.4,28.1,28,27.8,28,29,28.1,28.4,28.5,28.5,28.4,28.6,28.8,29.1,79,79,87,84,81,75,80,79,83,79,87,86,82,76,80,77,76,76,86,85,86,84,78,87,80,82,83,81,81,78,78,0,0,0,0,0.1,0,0.4,0,0,0,0,0,0.2,0.1,0,0,0,0,0,0,0,0,0,0.1,0.6,0,0,0,0,0,0.2,24.1,21.3,12.4,25.8,23.8,25.9,28.6,21.1,23.6,26.2,25.6,13.3,20.3,21.6,8,19.9,24.4,17.7,18.2,12.8,19.4,25.5,23.5,22,19.2,22.6,26.9,18.1,24.3,23.4,26,33.8,29.2,16.6,37.4,34.9,36,41.4,30.2,33.1,34.9,36.4,18,28.4,31,8.3,27,34.6,23.8,27.7,16.9,27.4,33.8,33.5,30.6,27.4,31.7,38.2,23.8,37.1,32,37.4,,,,,,22.2204,114.2127
2026-08-08T04:00,27.4,29.8,28.3,29.4,28.2,28.5,29.3,28.8,29.4,28,29.2,28,27.6,27.8,30.4,28.4,29.8,28.1,28.7,26.7,28.8,29.5,29.5,28.4,29.1,29.9,28.6,28.6,30,29.2,28.7,27.8,28.3,27.4,27.3,27.3,28.9,28.6,28.4,27.6,94,79,90,78,90,88,86,92,81,82,87,89,90,85,79,90,78,88,89,94,88,85,89,87,86,79,85,86,77,81,90,89,86,92,93,92,88,90,91,87,0,0,0,0,0,0,0,2.4,0,0.1,0,0,0,0.5,0,0,0,0,0,0,0,0,0,0.3,0,0,0,0.6,0,0,0,0,0,0,0,0,0,0,0,0.1,3.7,5.8,3,10.3,6.9,5.6,7.8,3.4,4,3.7,4.7,5.8,5.1,5.6,3.6,4.8,8.7,6.2,5.2,2.3,9.2,8.9,3.9,6.5,9.2,9.8,6.8,3.8,5.2,9.2,3.4,7,3.3,4.2,2.9,3.4,7.4,6,6.1,2.9,,,,,,,,,,,,,,,,,,,,,,,,,,,,,,,,,,,,,,,,,28.7,29.6,28,27.8,28.8,28.9,28.6,28.9,28.1,29,27.9,28,28.7,29.6,27.8,28.8,28.8,28.4,28.1,27.9,27.8,28,29,28,28.4,28.5,28.5,28.4,28.6,28.7,29.2,79,77,87,85,82,77,81,79,84,79,87,87,80,76,80,77,76,77,86,86,86,84,78,87,81,81,83,80,81,77,78,0,0,0,0,0.1,0,0.4,0,0,0,0,0,0.2,0.1,0,0,0,0,0,0,0,0,0,0.1,0.6,0,0,0,0,0,0.2,23.1,20.5,13.6,26,20.5,23.5,27.5,20.3,21,26,24.6,12.2,19.4,20.2,8.3,18,21,15.9,18.3,13,19.8,24.8,21.6,21.5,18.4,22.2,25.7,16.6,22.1,20.9,23.3,32,28.4,18.4,36.7,30.2,33.5,40,27.4,29.2,34.6,33.8,16.2,27,28.4,9.4,23.4,30.2,21.2,27,17.3,28.1,33.1,31.3,29.5,25.6,30.2,34.9,22.3,33.1,27.4,32.8,,,,,,22.2204,114.2127
2026-08-08T05:00,27.6,30,28.6,29.3,28.6,29,29.3,29.2,29.5,28,29.5,28.3,27.8,28,30.6,28.8,29.7,28.4,29.1,26.9,28.9,29.5,29.8,28.7,29.3,29.9,28.8,28.8,30.1,29.2,29.1,28.2,28.4,27.5,27.4,27.4,29.1,29,28.8,27.7,93,78,88,77,89,86,85,89,78,82,84,88,90,85,78,88,77,87,87,92,88,84,87,86,84,78,85,86,75,80,88,87,86,91,92,91,85,87,90,86,0,0,0,0,0,0,0,2.4,0,0.1,0,0,0,0.5,0,0,0,0,0,0,0,0,0,0.3,0,0,0,0.6,0,0,0,0,0,0,0,0,0,0,0,0.1,4.4,6.3,3.9,11.4,7.7,6.3,8.2,3.6,4.5,3.6,4.8,5.8,5.6,6,3.2,5.3,9.6,6,5.6,2.6,9,8.9,4.2,6.1,9.7,10.3,6.9,4.2,5.2,10.2,3.9,8.2,3.2,3.9,2.5,3.6,7.6,6.7,6.5,2.9,,,,,,,,,,,,,,,,,,,,,,,,,,,,,,,,,,,,,,,,,28.8,29.7,28,27.8,28.9,28.9,28.6,28.9,28.1,29,27.9,28,28.8,29.5,27.8,28.9,28.9,28.4,28.1,27.9,27.8,28.1,29,28,28.4,28.5,28.6,28.5,28.6,28.8,29.3,79,76,87,86,81,78,81,78,85,78,87,87,79,75,80,76,76,77,85,86,86,83,77,87,81,80,82,79,80,77,77,0,0,0,0,0.1,0,0.4,0,0,0,0,0,0.2,0.1,0,0,0,0,0,0,0,0,0,0.1,0.6,0,0,0,0,0,0.2,21.7,19.8,14.2,25.5,18.2,21.2,26,19.1,18.9,25.1,23.3,10.6,19.2,19.1,8.8,16.3,18.7,14.8,18.1,12.8,19.9,24.1,20.2,20.4,18,21.5,24.2,15.5,20.2,18.8,20.5,29.9,27.7,19.4,35.3,27,31,37.8,24.5,25.9,33.1,31.3,14.4,25.9,26.6,10.4,20.2,26.6,19.1,25.9,17.3,27.7,31.7,29.2,27.7,24.5,28.4,32.4,20.5,29.5,23.4,28.4,,,,,,22.2204,114.2127
2026-08-08T06:00,27.9,30.2,29,29.2,29,29.5,29.5,29.7,29.7,28.2,30,28.7,28.2,28.4,30.9,29.3,29.7,28.8,29.5,27.2,29.1,29.6,30.2,29,29.5,29.9,29.1,29.2,30.3,29.4,29.6,28.7,28.7,27.7,27.7,27.6,29.5,29.4,29.2,27.9,91,77,85,76,87,83,83,86,76,82,81,85,89,84,76,85,77,86,85,90,87,83,85,85,82,77,84,85,73,79,85,84,85,90,90,90,83,84,89,85,0,0,0,0,0,0,0,2.4,0,0.1,0,0,0,0.5,0,0,0,0,0,0,0,0,0,0.3,0,0,0,0.6,0,0,0,0,0,0,0,0,0,0,0,0.1,4.6,6.8,5.1,12.4,8.4,6.7,8.9,3.8,4.9,3.3,4.9,6.2,6.1,6.4,3.3,6,10.5,5.8,5.7,3,9,9,4.7,6.1,10.4,10.8,6.6,4.8,5.4,11.5,4,9.4,3.2,4.1,2.2,3.3,7.8,7.7,6.6,3.1,,,,,,,,,,,,,,,,,,,,,,,,,,,,,,,,,,,,,,,,,28.9,29.7,28,27.8,29.1,29,28.7,29.1,28.1,29,27.9,28.1,28.9,29.5,28,29.1,29,28.6,28.2,27.9,27.9,28.2,29.1,28,28.3,28.6,28.6,28.7,28.7,28.9,29.4,78,75,86,86,79,78,80,77,84,77,86,86,78,75,79,75,75,76,84,86,85,82,76,87,81,79,81,78,79,77,76,0,0,0,0,0,0,0.2,0,0,0,0,0,0,0,0,0,0,0,0,0,0,0,0,0,0.2,0,0,0,0,0,0.1,20.5,19.2,13.4,23.6,18.4,20.2,24.2,18,17.8,23,21.5,9.2,19.8,18.7,9,15,18,13.7,16.9,12.5,19.1,22.3,19.1,18.4,18.1,20.2,23.7,14.7,18.8,17.1,18.4,28.4,26.6,18.4,32.4,26.3,29.2,35.3,22.7,23.4,30.6,28.4,11.9,26.6,25.2,10.8,18.4,24.8,18,23.8,16.9,25.6,29.2,27.4,24.8,24.5,26.3,31.3,19.1,27,21.2,25.2,,,,,,22.2204,114.2127
2026-08-08T07:00,28.2,30.5,29.5,29.3,29.5,30.1,29.7,30.2,30,28.5,30.5,29.2,28.7,28.8,31.3,29.9,29.9,29.2,30,27.6,29.5,29.8,30.7,29.5,29.9,30.1,29.5,29.6,30.6,29.7,30.2,29.2,29.1,28.1,28,27.9,30,30,29.7,28.2,89,75,81,75,84,80,81,83,73,81,77,83,87,83,75,82,76,84,82,88,86,81,82,84,80,76,82,83,70,77,82,81,83,88,88,88,79,80,87,83,0,0,0,0,0,0,0,2.4,0,0.1,0,0,0,0.5,0,0,0,0,0,0,0,0,0,0.3,0,0,0,0.6,0,0,0,0,0,0,0,0,0,0,0,0.1,4.8,7.3,6.2,13.4,9.4,7.7,9.5,4.1,5.5,3.2,5.4,6.7,6.4,6.8,3.3,6.4,11.9,6.2,6.2,3,8.9,9.2,4.8,6.5,10.9,11.6,6.8,5.8,6,12.7,4.7,10.5,3.3,4.1,1.8,3.6,8,8.9,7.1,3.2,,,,,,,,,,,,,,,,,,,,,,,,,,,,,,,,,,,,,,,,,29.1,29.8,28.1,27.9,29.4,29.1,28.8,29.4,28.2,29.2,28.1,28.3,28.9,29.5,28.3,29.4,29.1,28.9,28.3,28.1,28.1,28.5,29.2,28.1,28.3,28.8,28.7,28.9,28.8,29,29.6,76,75,86,86,77,76,79,76,83,76,85,84,77,75,78,73,74,74,83,85,82,81,75,86,82,77,80,76,77,77,75,0,0,0,0,0,0,0.2,0,0,0,0,0,0,0,0,0,0,0,0,0,0,0,0,0,0.2,0,0,0,0,0,0.1,19.5,18.6,12.3,21.4,19.6,19.6,22,16.9,16.8,20.3,19.9,7.6,20.3,18.7,9,14.1,17.7,13.1,15.5,12,17.4,20.3,18.4,16.2,18.5,18.4,23.2,13.8,17.4,15.9,16.7,27.4,25.6,16.2,28.8,27,27.7,32.4,21.2,21.2,27.7,25.6,9.4,27.7,24.1,10.8,17.3,23.8,17.3,20.5,15.8,22.7,25.9,25.9,20.9,24.8,24.1,31,18,24.5,20.5,22.3,,,,,,22.2204,114.2127
2026-08-08T08:00,28.8,30.9,30.1,29.7,30.1,30.7,30.2,30.8,30.4,29.1,31.1,29.7,29.4,29.3,31.7,30.5,30.2,29.8,30.6,28.2,29.9,30.2,31.2,30,30.4,30.5,30.1,30.1,31,30.1,30.8,29.8,29.6,28.6,28.5,28.4,30.5,30.6,30.3,28.7,86,73,78,73,81,77,78,80,70,79,74,80,84,81,73,79,74,81,79,85,84,79,79,81,77,74,80,81,68,75,78,78,81,85,86,86,76,76,84,81,0,0,0,0,0,0,0,2.4,0,0.1,0,0,0,0.5,0,0,0,0,0,0,0,0,0,0.3,0,0,0,0.6,0,0,0,0,0,0,0,0,0,0,0,0.1,5.4,8.3,7.3,14.4,10.6,8.7,10.2,4.6,6.4,3.3,6,7.3,6.9,7.1,3.5,7.4,13,6.4,6.8,3.1,9.2,9.7,5.5,6.8,11.5,12.6,7.1,6.8,6.6,13.9,5.4,11.8,3.8,4.6,1.1,3.8,8.7,10,7.4,3.4,,,,,,,,,,,,,,,,,,,,,,,,,,,,,,,,,,,,,,,,,29.4,30,28.4,28.2,29.9,29.3,29.1,29.7,28.5,29.4,28.4,28.7,29.2,29.7,28.7,29.7,29.4,29.3,28.6,28.4,28.4,28.8,29.4,28.4,28.5,29.1,28.9,29.3,29.1,29.3,29.9,74,74,84,84,74,75,78,74,81,75,83,82,76,74,76,72,73,72,81,83,80,79,74,84,81,75,79,74,76,77,74,0,0,0,0,0,0,0.2,0,0,0,0,0,0,0,0,0,0,0,0,0,0,0,0,0,0.2,0,0,0,0,0,0.1,18.8,18.3,11.2,19.4,20.3,18.9,20.5,16.3,16.4,18.8,18.4,6.1,20.7,19.1,9.2,13.4,17.8,12.8,14.5,12,16.2,18.7,18.1,14,18.2,16.9,22.4,13.2,16.8,15.3,15.6,26.3,24.5,14.4,25.6,27,26.3,29.9,19.8,20.2,25.2,23,7.6,28.1,23.8,11.5,16.6,23.4,17.3,18,15.1,19.8,23.8,24.8,17.6,24.1,22,29.9,17.3,22.7,20.2,20.9,,,,,,22.2204,114.2127
2026-08-08T09:00,29.6,31.5,31.1,30.4,31,31.3,30.9,31.6,31.1,30.1,31.9,30.5,30.3,30.1,32.2,31.2,30.8,30.6,31.4,29.1,30.6,31,32,30.8,31.2,31.2,31,30.8,31.7,30.7,31.6,30.7,30.4,29.5,29.1,29.2,31.3,31.4,31.1,29.5,82,70,74,70,77,73,74,76,67,76,70,76,79,78,71,75,71,77,75,81,80,75,74,77,73,71,76,78,65,72,74,74,77,81,83,82,72,72,80,78,0,0,0,0,0,0,0,0,0,0,0,0,0,0,0.1,0,0,0,0,0,0,0,0,0,0,0,0,0,0,0,0,0,0.1,0,0,0,0,0,0,0.4,5.8,9.8,8.7,15.6,11.8,10,11.4,5.6,8.1,3.9,7.1,8.4,8,7.8,4.1,8.8,14.8,7.2,8.1,3.1,10.1,10.7,6.6,7.8,12,14.1,7.8,8.1,8.2,15.3,6.9,13,4.5,5.1,0.5,4.4,10,11.2,8.3,3.6,,,,,,,,,,,,,,,,,,,,,,,,,,,,,,,,,,,,,,,,,29.8,30.5,29,28.7,30.5,29.7,29.5,30.2,28.9,29.7,28.9,29.2,29.9,30.1,29.3,30.2,29.9,29.8,29.2,28.9,28.9,29.2,29.8,28.9,29,29.6,29.4,30,29.5,29.8,30.2,72,71,81,81,71,73,76,72,78,74,80,79,73,72,74,71,71,70,78,80,78,77,73,81,79,73,77,71,75,75,73,0,0,0,0,0,0,0,0,0,0,0,0,0,0,0,0,0,0,0,0,0,0,0,0,0,0,0,0,0,0,0,18.1,18.1,10.9,18.1,19.7,18.2,19.6,15.6,17.1,18.7,17.3,4.3,20.5,19.5,10.3,12.9,18,13.6,13.4,12.1,14.7,18.4,18.5,12.6,16.5,15.5,20.5,13,16.7,16.3,16.2,24.5,23.8,13.3,23,25.6,24.5,27.4,18.4,20.2,24.1,20.9,7.2,26.6,23.8,13,15.8,23.4,17.6,16.2,14.4,17.6,23,24.1,14.8,21.2,19.8,27,17.3,22,20.9,21.2,,,,,,22.2204,114.2127
2026-08-08T10:00,30.8,32.4,32.3,31.4,32.1,32.2,32,32.6,31.9,31.6,32.9,31.6,31.6,31.3,32.8,32.1,31.7,31.7,32.5,30.4,31.6,32,33,32,32.4,32.3,32.3,31.7,32.6,31.7,32.6,31.7,31.6,30.7,30.1,30.5,32.4,32.4,32.1,30.6,76,66,69,66,71,68,69,71,63,70,66,72,73,74,68,70,68,71,69,76,75,69,68,70,67,67,69,73,61,68,68,68,72,75,79,77,66,66,74,74,0,0,0,0,0,0,0,0,0,0,0,0,0,0,0.1,0,0,0,0,0,0,0,0,0,0,0,0,0,0,0,0,0,0.1,0,0,0,0,0,0,0.4,6.8,11.9,10.1,17.6,13.7,11.9,13.1,7.1,10.6,4.7,9.3,10,9.6,8.4,5.4,10.7,17.1,8.7,9.7,3.7,11.8,12,8.4,9,12.8,16.6,9.2,10,10.7,17.1,9.2,14.2,5.9,6.3,1.3,5.3,11.7,13,9.9,3.3,,,,,,,,,,,,,,,,,,,,,,,,,,,,,,,,,,,,,,,,,30.4,31.2,29.8,29.4,31.2,30.3,30,30.9,29.4,30.2,29.6,29.8,30.8,30.6,29.9,30.7,30.5,30.4,30,29.6,29.5,29.8,30.3,29.7,29.8,30.3,30.2,31,30,30.5,30.5,70,68,77,76,69,71,74,70,75,72,76,76,69,70,72,70,70,69,75,77,75,74,71,77,76,71,75,67,73,73,72,0,0,0,0,0,0,0,0,0,0,0,0,0,0,0,0,0,0,0,0,0,0,0,0,0,0,0,0,0,0,0,17.3,18.4,10.9,17.3,18.8,17.2,18.7,15.3,18.1,19.5,16.7,5.4,19.7,19.8,11.6,13.2,18.7,14.8,12.3,12.4,13,18.7,19.1,11.4,13.6,14.4,18.1,12.8,17,18,18.1,22.3,23.8,12.6,21.2,23.4,22.7,25.6,17.3,21.2,23.8,19.4,7.9,24.5,23.8,15.1,15.8,23.8,18.7,14.8,14,15.8,23,24.1,12.6,17.3,17.6,23.8,17.6,21.6,22.7,22.7,,,,,,22.2204,114.2127
2026-08-08T11:00,32.1,33.4,33.7,32.5,33.3,33,33.3,33.6,32.9,33.2,34,32.8,33,32.5,33.5,33.1,32.8,32.9,33.7,31.8,32.7,33.2,34.1,33.2,33.8,33.5,33.7,32.7,33.6,32.7,33.7,32.9,32.8,32.1,31.1,31.8,33.5,33.6,33.2,31.9,70,61,64,61,64,63,63,66,59,65,61,67,66,69,66,64,64,65,62,71,69,63,62,63,60,62,63,67,57,64,62,62,66,69,75,71,60,60,68,70,0,0,0,0,0,0,0,0,0,0,0,0,0,0,0.1,0,0,0,0,0,0,0,0,0,0,0,0,0,0,0,0,0,0.1,0,0,0,0,0,0,0.4,7.6,14.2,11.6,19.4,15.3,14.2,15.1,8.7,13.1,6.4,11.5,11.7,11.9,9.1,6.6,13,19.1,10.5,11.7,4.4,13.5,13.8,10.4,10.2,13.7,19.3,10.5,11.6,13.5,19.1,11.4,15.8,7.6,7.8,2.8,6.6,14.3,15.1,11.8,3.1,,,,,,,,,,,,,,,,,,,,,,,,,,,,,,,,,,,,,,,,,30.9,31.8,30.4,29.9,31.7,30.8,30.5,31.4,29.9,30.6,30.2,30.3,31.4,31.1,30.5,31.1,31.1,30.9,30.7,30.2,30,30.3,30.6,30.3,30.4,30.8,30.7,31.8,30.5,31,30.8,69,65,74,73,67,69,73,69,72,71,73,74,66,69,70,69,68,67,73,74,73,71,70,74,74,69,73,65,72,71,71,0,0,0,0,0,0,0,0,0,0,0,0,0,0,0,0,0,0,0,0,0,0,0,0,0,0,0,0,0,0,0,17.3,18.9,11.6,17.1,18.2,17.1,18.6,15.3,19.2,20.3,16.9,8,19.3,20.6,12.5,13.4,18.7,15.5,11.9,13.4,12.2,19.1,19.8,11.2,12.3,13.7,17,12.6,17.6,19.2,19.8,21.6,23.4,13.3,20.5,22.3,22,24.8,16.9,22.3,24.5,19.4,9.4,23.4,24.8,16.6,16.2,24.1,19.1,14,14.4,14.8,23.4,24.5,11.5,15.5,16.6,22,18.4,22,24.1,23.8,,,,,,22.2204,114.2127
2026-08-08T12:00,33.3,34.4,35,33.7,34.4,33.8,34.4,34.6,33.9,34.8,35.1,33.8,34.3,33.6,34.1,34,33.9,34.1,34.8,33.2,33.7,34.3,35.1,34.3,35,34.6,35,33.7,34.6,33.7,34.8,34,34,33.4,32,33.1,34.6,34.6,34.2,33.1,64,57,59,57,58,58,57,61,55,60,57,63,59,64,63,59,60,59,56,66,63,58,56,57,54,58,56,62,54,60,56,57,60,63,71,66,54,55,62,67,0,0,0,0,0,0,0,0,0,0,0,0,0,0,0.1,0,0,0,0,0,0,0,0,0,0,0,0,0,0,0,0,0,0.1,0,0,0,0,0,0,0.4,9,16,12.7,21.1,16.6,15.9,16.9,10.2,15.3,7.7,13.3,13.4,14.4,9.8,8.4,15.3,21.4,12.1,13.5,5.8,15,15.1,12.4,11.7,14.4,21.6,12.1,13.2,16.3,21,13.9,16.6,9.4,9.4,4.1,7.5,16.3,16.9,13.9,2.8,,,,,,,,,,,,,,,,,,,,,,,,,,,,,,,,,,,,,,,,,31.1,32.1,30.8,30.1,31.8,31.1,30.8,31.8,30.1,30.8,30.4,30.4,31.6,31.3,31.2,31.3,31.7,31.3,31.1,30.5,30.5,30.8,30.8,30.6,30.7,31.1,31,32.2,30.7,31.3,31.1,69,64,72,72,67,68,72,68,71,71,73,74,66,69,68,69,66,66,72,73,71,69,70,72,73,69,73,64,72,70,70,0,0,0,0,0,0,0,0,0,0,0,0,0,0,0,0,0,0,0,0,0,0,0,0,0,0,0,0,0,0,0,18.9,18.7,14.3,18.9,18.4,18,19.9,16.2,20.5,21.8,19.2,11,19.8,22.5,12.7,13.8,18.1,15,12.1,15.6,13,19.8,21.2,11.7,13.6,14.7,18.3,12.4,19.2,19.4,20.9,23,23.4,15.8,22.3,23.4,22.7,26.6,18,23,27,21.6,11.5,24.8,27,16.9,17.3,23.4,18.4,14.4,16.6,15.1,23.8,26.3,12.2,17.3,17.6,23.4,18.7,23,24.8,24.5,,,,,,22.2204,114.2127
2026-08-08T13:00,34.3,35.1,35.9,34.6,35.2,34.4,35.3,35.3,34.6,36,35.8,34.6,35.3,34.5,34.6,34.7,34.7,34.9,35.6,34.1,34.5,35.1,35.8,35.2,36,35.5,35.9,34.4,35.3,34.5,35.5,34.8,35,34.4,32.7,34.2,35.3,35.4,34.9,34,60,54,55,54,53,55,53,57,52,56,54,59,53,61,61,55,57,55,52,62,59,53,51,52,50,54,51,58,51,58,52,53,56,59,68,62,50,51,58,64,0,0,0,0,0,0,0,0,0,0,0,0,0,0,0.1,0,0,0,0,0,0,0,0,0,0,0,0,0,0,0,0,0,0.1,0,0,0,0,0,0,0.4,9.7,17.6,13.4,22.1,17.7,17.2,17.9,11,17.1,8.4,14.8,14.6,15.9,10.1,9.4,16.8,23.1,13.1,14.8,6.5,16.3,16.1,14.2,12.5,14.8,23.1,13.2,14.7,18.2,22.1,15.7,17.3,10.5,10.8,5.1,8.2,17.9,17.8,15.5,2.3,,,,,,,,,,,,,,,,,,,,,,,,,,,,,,,,,,,,,,,,,31.3,32.3,31,30.2,31.8,31.4,31,32.1,30.3,31,30.4,30.3,31.6,31.4,31.8,31.3,32.2,31.7,31.4,30.7,30.9,31.2,31,30.9,30.9,31.3,31.2,32.5,30.9,31.4,31.3,70,65,71,73,69,67,72,67,71,71,75,75,68,70,67,70,65,64,71,72,69,67,70,71,72,69,73,65,72,71,70,0,0,0,0,0,0,0,0,0,0,0,0,0,0,0,0,0,0,0,0,0,0,0,0,0,0,0,0,0,0,0,22.4,18.4,18.5,22.8,20,19.8,23.8,17.7,21.8,24.6,23.3,14.1,22.4,25.1,12.5,15.6,17.3,14.2,13.4,18.6,14.6,20.2,23.9,13.5,17.9,18.2,23,14,21,19.8,21.4,25.9,23,19.4,25.2,25.2,24.1,29.5,20.2,23.8,31,25.6,14,27.4,29.9,16.6,19.4,22.3,17.3,15.5,19.8,16.2,24.1,28.4,14,21.2,20.2,26.3,18.7,24.5,25.2,24.8,,,,,,22.2204,114.2127
2026-08-08T14:00,34.7,35.4,36.2,35,35.6,34.7,35.7,35.6,34.9,36.5,36.1,35,35.8,34.9,34.8,35,35.1,35.3,35.9,34.6,34.9,35.5,36.1,35.5,36.4,35.9,36.4,34.8,35.6,34.9,35.8,35.2,35.4,34.9,33,34.7,35.7,35.7,35.2,34.5,58,52,54,52,51,53,51,56,51,54,53,58,51,59,60,53,55,53,50,60,57,51,49,50,48,53,49,56,50,56,50,51,54,57,67,60,48,50,56,63,0,0,0,0,0,0,0,0,0,0,0,0,0,0,0.1,0,0,0,0,0,0,0,0,0,0,0,0,0,0,0,0,0,0.1,0,0,0,0,0,0,0.4,9.7,18.1,13.2,22.4,17.8,17.7,18.2,11.2,17.7,8.9,15.3,15.2,16.7,9.8,9.7,17.3,23.9,13.5,15,6.9,16.3,16.1,14.5,12.8,14.7,23.4,13.2,15,18.7,22.6,16.1,16.8,11,11.2,5.6,8.2,18.3,18.1,15.8,1.8,,,,,,,,,,,,,,,,,,,,,,,,,,,,,,,,,,,,,,,,,31.3,32.5,31,30.3,31.7,31.5,31.1,32.2,30.4,31.1,30.4,30.2,31.4,31.4,32.1,31.3,32.5,31.9,31.6,30.7,31.1,31.5,31,30.9,31,31.3,31.2,32.6,31,31.5,31.5,71,65,71,74,70,67,73,67,72,71,76,76,70,71,67,71,65,64,71,72,68,66,71,71,72,70,74,66,72,71,70,0,0,0,0,0,0,0,0,0,0,0,0,0,0,0,0,0,0,0,0,0,0,0,0,0,0,0,0,0,0,0,25.9,18.7,21.7,26.3,22.6,21,27.6,19.4,23.8,27.1,26.8,16.7,25.9,27.4,12.6,17.4,18.1,13.7,15.1,21.1,17,20.6,26.1,15.3,22.3,21.5,27.4,16.8,23.2,21.2,21.9,28.8,23.4,22.7,28.4,27.7,25.2,32.4,22.7,25.6,33.8,29.2,16.6,30.2,32.4,16.9,21.2,22.7,17.3,16.9,22.7,18.7,24.8,30.2,16.2,25.2,22.7,29.2,20.2,26.6,26.6,25.2,,,,,,22.2204,114.2127
2026-08-08T15:00,29.8,31.6,30,31.2,31.1,31.2,30.7,30.9,31.3,30,31.3,30.2,30.3,30.2,32.1,31,31.8,30.4,30.8,28.7,30.7,30.9,31.3,30.3,31,31,30.6,31,31.7,31.4,31.2,30.6,30.7,29.9,28.7,29.7,30.9,30.9,30.6,30.1,83,67,79,67,73,72,74,81,66,79,75,79,79,77,72,74,66,79,77,82,80,75,76,79,76,73,78,73,65,70,73,75,76,81,89,83,73,76,82,82,0,0,1,0,0,0,0,0,0,0.3,0.1,0.1,0,0.1,0,0,0,0,0,0.6,0,0,0,0.3,0,0,0,0,0,0,0,0,0,0,0.1,0,0,0,0,0.3,4.4,7.4,5.6,12.9,11.1,7.9,8,3.6,5.6,4,5,9.4,6.4,5.2,3.7,6.4,15.3,5.6,5.1,4.3,7,7.5,4.9,6.5,8.2,9.9,6.9,5.9,5.4,13.8,4.7,6.9,4,5.5,3.6,3.2,7.2,8.9,6,1.9,,,,,,,,,,,,,,,,,,,,,,,,,,,,,,,,,,,,,,,,,31,32.6,30.8,30.2,31.5,31.5,30.9,32,30.3,31.1,30.2,30.1,31.1,31.3,32,31.1,32.3,31.8,31.5,30.6,31,31.5,30.8,30.8,31,31.1,30.9,32.3,31,31.4,31.5,73,64,72,74,71,68,74,68,73,72,77,76,72,72,68,72,67,65,72,73,69,66,72,72,73,71,75,68,72,72,70,0,0,0,0,0,0,0,0,0,0,0,0,0,0,0,0,0,0,0,0,0,0,0,0,0,0,0,0,0,0,0,27.6,19.4,23.2,27.7,25.2,21.4,28.6,21.6,26.3,28.5,28.9,17.7,28.5,28.2,13.9,19,21.3,14.6,16.9,22.4,20.6,19.7,26.7,17.6,25.1,23.1,28.6,19.8,25.2,24.7,21.9,31.3,24.1,25.2,31.3,31,25.6,34.2,25.9,29.5,35.3,32,18.4,33.1,33.5,18.7,23,26.3,19.4,18.4,25.2,23,25.2,31,18.7,28.4,25.6,31.7,23.4,29.9,31,25.2,,,,,,22.2204,114.2127
2026-08-08T16:00,30,31.7,30,31.5,31.2,31.3,30.8,31,31.5,30.1,31.3,30.2,30.5,30.3,32.2,31.1,32,30.5,30.8,28.8,30.8,31,31.3,30.4,31.1,31.1,30.7,31.2,31.8,31.6,31.3,30.7,30.8,30.1,28.7,29.9,31,30.9,30.6,30.3,83,66,79,66,72,71,74,81,65,79,75,79,78,76,71,73,65,79,77,81,79,74,75,78,76,73,77,72,65,69,73,75,75,80,89,83,72,75,81,82,0,0,1,0,0,0,0,0,0,0.3,0.1,0.1,0,0.1,0,0,0,0,0,0.6,0,0,0,0.3,0,0,0,0,0,0,0,0,0,0,0.1,0,0,0,0,0.3,4.3,7.2,5.8,12.6,11,7.8,7.6,3.7,5.5,4.1,5.1,9.8,5.9,5.2,4,6.3,15.6,5.5,4.7,4.7,6.9,7.3,4.8,7.3,7.4,9.4,7.3,5.8,4.9,13.7,4.5,6,4.3,5.4,4.3,3.6,7.1,8.6,5.9,2.5,,,,,,,,,,,,,,,,,,,,,,,,,,,,,,,,,,,,,,,,,30.5,32.7,30.4,30.1,31.3,31.3,30.5,31.7,30.1,31,30,30,30.7,31.1,31.5,30.8,31.9,31.5,31.3,30.3,30.7,31.5,30.5,30.5,30.8,30.7,30.5,31.8,31,31.2,31.4,76,63,75,75,73,69,76,70,74,73,77,76,74,74,70,74,69,67,73,74,70,67,73,74,74,73,77,70,72,72,71,0,0,0,0,0,0,0,0,0,0,0,0,0,0,0,0,0,0,0,0,0,0,0,0,0,0,0,0,0,0,0,28.7,20.4,23.4,28.5,28.2,21.7,28.6,23.7,29.4,29.1,30.5,18,30.2,28,16.8,20.5,26.4,16.9,18.4,23.2,25.3,18.9,26.5,20,26.8,24.4,28.3,23.2,27,29.4,21.7,33.5,25.2,27,34.6,34.2,25.6,36,29.5,34.9,36,34.9,19.4,36,34.2,21.2,25.2,31,22.3,19.8,27.4,28.4,25.6,31,22,32,28.4,33.8,27.7,33.5,36.4,25.6,,,,,,22.2204,114.2127
2026-08-08T17:00,30.1,31.8,30,31.7,31.3,31.4,30.9,31,31.6,30.3,31.4,30.3,30.6,30.5,32.3,31.1,32.3,30.5,30.9,28.9,30.9,31.1,31.3,30.4,31.2,31.2,30.8,31.3,31.9,31.8,31.3,30.8,31,30.3,28.8,30.1,31.1,31,30.6,30.5,82,66,79,65,71,70,73,81,64,78,75,78,78,75,71,72,64,78,77,81,79,73,74,78,76,72,77,71,65,69,72,75,74,80,89,82,72,75,81,83,0,0,1,0,0,0,0,0,0,0.3,0.1,0.1,0,0.1,0,0,0,0,0,0.6,0,0,0,0.3,0,0,0,0,0,0,0,0,0,0,0.1,0,0,0,0,0.3,4.3,7.4,5.8,12.4,11,8,7.6,3.8,5.4,4.2,4.7,10.2,5.6,4.9,4,6.2,15.6,5.7,4.7,4.7,6.8,7.2,4.8,7.9,6.8,9.4,7.4,5.8,4.8,13.5,4.4,5.2,4.3,5.8,4.7,3.8,6.8,8.8,5.5,3.2,,,,,,,,,,,,,,,,,,,,,,,,,,,,,,,,,,,,,,,,,30.1,32.7,30.1,29.9,31.1,31.1,30.2,31.4,29.9,30.8,29.7,29.9,30.3,30.9,31.1,30.5,31.4,31.2,31.1,30,30.4,31.3,30.2,30.2,30.6,30.3,30.2,31.4,30.8,31.1,31.2,78,63,77,76,74,70,78,71,75,74,78,76,76,75,72,75,72,69,75,75,72,69,75,76,75,75,79,72,73,73,72,0,0,0,0,0,0,0,0,0,0,0,0,0,0,0,0,0,0,0,0,0,0,0,0,0,0,0,0,0,0,0,29.1,21.3,23.5,28.7,30.3,22.6,28.2,25.3,31.5,29.5,31.5,18,31.3,27.9,19.3,21.4,30.3,19.2,19.7,23.4,28.2,19.8,26.4,21.5,27.8,25.1,28.3,25.6,28.3,31.3,21.8,35.6,25.9,28.8,36.7,37.1,26.6,37.8,32,38.9,37.1,37.4,20.5,38.5,34.9,24.1,27,35.6,24.8,21.6,29.2,32.8,27,31.7,24.5,34.2,31,36.7,31.3,36,38.9,26.3,,,,,,22.2204,114.2127
2026-08-08T18:00,30.2,31.8,30,31.9,31.4,31.5,31,31,31.7,30.5,31.4,30.3,30.7,30.6,32.4,31.1,32.4,30.6,30.9,29,31,31.2,31.3,30.5,31.2,31.3,30.9,31.4,31.9,31.9,31.4,30.8,31.2,30.4,28.8,30.3,31.1,31,30.6,30.7,82,65,79,65,71,70,73,81,64,78,75,78,77,75,71,72,63,78,77,81,78,73,74,77,75,72,77,70,65,68,72,75,73,79,89,82,72,75,81,83,0,0,1,0,0,0,0,0,0,0.3,0.1,0.1,0,0.1,0,0,0,0,0,0.6,0,0,0,0.3,0,0,0,0,0,0,0,0,0,0,0.1,0,0,0,0,0.3,4.4,7.3,6.2,12.3,11.2,8.2,7.6,4,5.4,4.2,4.8,10.6,5.6,4.7,4,6.2,15.9,5.6,4.8,4.7,6.8,7.2,4.7,8.6,6.6,9,7.5,6.1,4.4,13.7,4.3,4.9,4.3,5.8,5,3.9,6.7,9.1,5.5,3.6,,,,,,,,,,,,,,,,,,,,,,,,,,,,,,,,,,,,,,,,,29.7,32.6,29.7,29.7,30.8,30.8,29.9,31.2,29.6,30.4,29.3,29.6,30,30.7,30.7,30.2,30.8,30.7,30.7,29.6,30,30.9,29.9,29.7,30.4,29.9,29.9,31.1,30.6,31.1,30.8,80,64,80,78,76,71,79,71,76,76,80,77,78,76,74,77,75,71,77,77,74,71,77,79,76,78,80,74,74,73,74,0,0,0,0,0,0,0,0,0,0,0,0,0,0,0,0,0,0,0.1,0,0,0,0,0.1,0,0,0,0.3,0,0,0,29.5,21.2,22.3,28.2,30.8,24.6,28.2,25.6,32.4,29.4,32.1,17.9,31.5,27.7,21.3,21.9,30.8,20.8,20.2,23.2,28.2,23.2,26.7,21.9,27.4,25.4,29.8,26.3,29.1,29.3,22.4,37.8,26.6,29.5,37.8,38.9,29.9,39.6,33.1,41,38.5,39.6,21.2,41,35.6,27,28.8,38.9,26.3,24.1,29.9,34.6,31,33.5,26.3,34.6,32.4,40.7,33.5,37.1,36.4,28.1,,,,,,22.2204,114.2127
2026-08-08T19:00,30.3,31.8,30,32,31.5,31.5,31,31,31.8,30.6,31.4,30.4,30.8,30.7,32.4,31.1,32.6,30.6,30.9,29,31,31.3,31.3,30.5,31.3,31.3,30.9,31.5,31.9,32,31.4,30.9,31.3,30.6,28.9,30.5,31.2,31,30.7,30.8,81,64,79,64,70,69,72,81,63,78,75,78,76,74,70,71,62,77,76,80,77,72,73,77,75,72,76,69,65,68,72,74,73,79,89,81,71,75,80,83,0,0,1,0,0,0,0,0,0,0.3,0.1,0.1,0,0.1,0,0,0,0,0,0.6,0,0,0,0.3,0,0,0,0,0,0,0,0,0,0,0.1,0,0,0,0,0.3,4.8,7.6,6.3,12.2,11.4,8.1,7.6,4.2,5.4,4.6,4.9,10.9,5.6,4.7,4,6.2,16.4,5.6,4.9,5.1,6.8,6.8,5.1,9,6.2,9.4,8,6.1,4.3,13.6,4.3,4.4,4.3,6.1,5,4,6.6,9,5.1,4,,,,,,,,,,,,,,,,,,,,,,,,,,,,,,,,,,,,,,,,,29.4,32.3,29.4,29.4,30.6,30.5,29.6,31.1,29.2,29.9,28.9,29.3,29.6,30.4,30.3,29.9,30.2,30.2,30.2,29.2,29.5,30.4,29.5,29.2,30.2,29.5,29.7,30.8,30.4,31.2,30.3,82,65,82,81,77,73,81,72,78,78,83,79,81,78,76,78,78,73,79,79,76,74,79,83,78,81,82,75,76,72,76,0,0,0,0,0,0,0,0,0,0,0,0,0,0,0,0,0,0,0.1,0,0,0,0,0.1,0,0,0,0.3,0,0,0,29.8,20.9,21.1,27.2,30.5,27.2,28,25.4,32.7,28.7,32.4,17.3,31.4,27.3,22.9,21.5,29.5,22.1,20.7,22.9,27.1,27.6,26.9,22.5,26.6,25,31.7,26.1,29.6,24.8,22.8,39.6,27.4,29.9,37.8,40,33.8,41.8,33.5,42.1,40,41.4,22,43.2,36.4,30.2,30.2,41.8,27,27,30.2,35.3,36,36,28.1,34.2,33.1,45,34.9,37.1,31.3,31,,,,,,22.2204,114.2127
2026-08-08T20:00,30.4,31.8,30,32,31.5,31.5,31,31,31.9,30.7,31.4,30.4,30.8,30.8,32.4,31.1,32.6,30.7,30.9,29.1,31.1,31.3,31.3,30.5,31.3,31.3,31,31.5,31.9,32,31.4,30.9,31.4,30.7,29,30.6,31.2,31,30.7,30.9,81,64,79,64,70,69,72,81,63,78,75,78,76,74,70,71,62,77,76,80,77,72,73,77,75,72,76,69,65,68,72,74,72,78,89,81,71,75,80,83,0,0,1,0,0,0,0,0,0,0.3,0.1,0.1,0,0.1,0,0,0,0,0,0.6,0,0,0,0.3,0,0,0,0,0,0,0,0,0,0,0.1,0,0,0,0,0.3,4.8,8,6.4,12.1,11.4,8.5,7.6,4.2,5.4,4.6,4.9,10.9,5.9,4.7,4,6.5,16.7,5.9,4.9,5.1,6.8,6.8,5.1,9.2,6.2,9.4,8,6.5,4.3,13.9,4.3,4.3,4.3,6.1,5,4,6.6,9.4,5.1,4,,,,,,,,,,,,,,,,,,,,,,,,,,,,,,,,,,,,,,,,,29.2,32.1,29.2,29.3,30.4,30.2,29.4,30.9,29,29.6,28.6,29.1,29.4,30.2,30,29.7,29.8,29.8,29.9,28.9,29.2,30.1,29.2,28.8,30.1,29.2,29.6,30.5,30.1,31.2,29.9,83,66,84,83,78,74,81,72,79,80,85,81,82,79,78,79,80,75,80,81,78,76,81,85,79,83,82,76,77,72,78,0,0,0,0,0,0,0,0,0,0,0,0,0,0,0,0,0,0,0.1,0,0,0,0,0.1,0,0,0,0.3,0,0,0,29.8,19.8,20.5,26.6,29.5,28.7,29,25.2,32.9,28.3,32.9,16.8,31.1,26.9,24.2,21.1,29,22.7,20.5,22.4,26.3,30.9,27.2,22.5,25.4,25,32.9,26.1,29.5,21.4,23.7,41,27.4,31,38.2,39.6,36.4,44.3,33.5,42.5,41,43.2,22,44.3,37.1,33.5,30.2,43.9,27.7,28.4,30.6,36,40.3,38.5,28.8,33.5,34.2,47.9,36.4,37.1,27,33.1,,,,,,22.2204,114.2127
2026-08-08T21:00,30.5,31.8,30.1,32,31.4,31.4,31,31,31.9,30.7,31.4,30.4,30.8,30.9,32.4,31,32.5,30.7,30.9,29.2,31.1,31.2,31.2,30.5,31.3,31.3,31,31.5,31.9,31.9,31.3,30.9,31.5,30.8,29.1,30.7,31.2,30.9,30.7,30.9,81,64,79,64,70,69,72,81,63,78,75,78,76,74,70,71,62,77,76,80,77,72,73,77,75,72,76,69,65,68,72,74,71,77,88,81,71,75,80,83,0,0,0.1,0,0,0,0,0,0,0,0,0,0,0,0,0,0,0,0,0,0,0,0,0,0,0,0,0,0,0,0,0,0,0,0,0,0,0,0,0,4.7,8.7,6.4,12.1,11.4,8.9,8,4.2,5.8,4.5,4.9,10.9,6.4,4.7,4,6.9,17.3,6.3,4.9,5.1,7.2,6.8,5.4,9.2,6.2,9.8,8.2,6.8,4.3,14.2,4.3,4.3,4.3,6.1,4.7,4,6.6,9.7,5.1,3.7,,,,,,,,,,,,,,,,,,,,,,,,,,,,,,,,,,,,,,,,,29.2,32,29.2,29.2,30.5,30,29.5,30.7,28.8,29.5,28.6,28.9,29.4,30.1,29.9,29.7,29.8,29.6,29.9,28.8,29.1,30,29.1,28.6,30.1,29.1,29.7,30.3,29.9,31,29.7,82,67,84,83,77,75,80,73,80,81,85,82,81,80,78,79,80,76,80,82,79,76,82,86,79,83,81,77,78,72,78,0.5,0,0.2,0.4,1.5,0.2,0,0,0,0.1,0,0,0,0,0,0,0.1,0,1,0,0,0,0,0.2,0,0.2,0,2.3,0.2,0,0,30.1,17.7,21.4,27.2,27.9,28,32.8,25.2,32.4,28.6,33.6,15.9,31,27.1,26.1,20.4,30.6,22.4,19.5,21.3,27.2,32.9,28.7,22,24.9,25.4,32.4,27,29,19.8,24.2,42.1,25.6,33.8,39.2,37.1,35.6,49,33.8,42.8,41.4,45.4,20.5,44.3,37.8,36.7,28.4,46.1,28.1,27.7,31,37.4,43.2,41,28.4,33.1,36,48.2,38.2,37.8,24.8,34.9,,,,,,22.2204,114.2127
2026-08-08T22:00,30.5,31.6,30.1,31.8,31.4,31.3,30.9,31,31.8,30.8,31.4,30.3,30.8,31,32.4,30.8,32.4,30.7,31,29.3,31,31.2,31.1,30.6,31.3,31.2,30.9,31.4,31.7,31.8,31.3,30.9,31.5,30.8,29.3,30.8,31.2,30.8,30.7,30.8,80,64,79,64,71,69,72,81,63,78,75,78,75,74,70,71,62,76,75,80,76,72,73,77,75,72,75,69,66,68,73,73,71,77,87,80,70,75,80,83,0,0,0.1,0,0,0,0,0,0,0,0,0,0,0,0,0,0,0,0,0,0,0,0,0,0,0,0,0,0,0,0,0,0,0,0,0,0,0,0,0,5.1,9.4,6.3,12.5,11.4,9.3,8.3,4,5.8,4.8,4.8,10.9,6.9,4.3,4,7.3,17.8,6.7,5.2,5,7.2,6.8,5.9,9,6.2,10.1,8.1,7.6,4.3,14.6,4.3,4.7,4.3,6.5,4,3.9,7,9.7,5.1,3.3,,,,,,,,,,,,,,,,,,,,,,,,,,,,,,,,,,,,,,,,,29.4,31.9,29.3,29.3,30.7,30,29.6,30.5,28.8,29.6,28.7,28.8,29.5,30,29.9,29.8,30,29.7,30.1,28.8,29.2,30,29.1,28.6,30.2,29.2,30,30.1,29.8,30.9,29.7,80,67,83,83,75,75,79,74,80,81,84,83,80,80,78,79,78,76,79,83,79,76,82,85,78,83,79,77,79,73,78,0.5,0,0.2,0.4,1.5,0.2,0,0,0,0.1,0,0,0,0,0,0,0.1,0,1,0,0,0,0,0.2,0,0.2,0,2.3,0.2,0,0,30.4,15.8,23.5,28.8,26.1,26.4,37.3,25.7,31.6,29.3,34.4,14.9,30.4,27.4,27.9,18.9,32.8,22,18.4,20.1,28.5,34.4,30.1,20.6,24.5,25.8,31.4,27.9,28.6,19.1,24.7,42.8,23,37.1,40.7,32.8,33.5,53.6,34.2,42.5,41.4,47.5,18.7,43.2,38.5,39.6,24.8,47.9,27.7,25.9,31.3,38.9,45.4,43.6,27.4,33.1,38.2,46.8,40,38.2,23.8,36.4,,,,,,22.2204,114.2127
2026-08-08T23:00,30.5,31.5,30.2,31.6,31.3,31.1,30.8,31,31.7,30.8,31.4,30.2,30.7,31.1,32.3,30.6,32.2,30.6,31,29.3,31,31.1,31,30.6,31.2,31.1,30.9,31.2,31.6,31.6,31.2,30.8,31.6,30.9,29.4,30.8,31.1,30.6,30.6,30.7,79,64,79,65,71,69,72,81,63,77,75,78,75,74,70,71,63,76,74,80,76,72,73,77,74,72,75,70,67,69,74,73,71,76,86,80,70,75,80,83,0,0,0.1,0,0,0,0,0,0,0,0,0,0,0,0,0,0,0,0,0,0,0,0,0,0,0,0,0,0,0,0,0,0,0,0,0,0,0,0,0,5.1,10.6,6.2,12.9,11.1,10.1,8.6,3.9,6.2,5.1,4.7,10.8,7.6,4.3,4.3,7.7,18.3,7.2,5.4,5.1,8,6.5,6.3,8.9,5.9,10.8,8.3,8.3,4.7,15.1,4.3,5.2,4.4,6.5,3.3,3.8,7.1,10.2,5.1,2.9,,,,,,,,,,,,,,,,,,,,,,,,,,,,,,,,,,,,,,,,,29.6,31.7,29.4,29.4,30.8,30,29.8,30.3,28.7,29.8,28.7,28.7,29.6,30,29.9,29.9,30.2,29.7,30.1,28.8,29.2,29.9,29.1,28.6,30.3,29.3,30.2,30,29.6,30.7,29.6,79,68,82,82,74,75,78,75,80,80,84,84,79,80,77,78,77,76,78,84,79,76,81,85,77,82,77,77,79,74,78,0.5,0,0.2,0.4,1.5,0.2,0,0,0,0.1,0,0,0,0,0,0,0.1,0,1,0,0,0,0,0.2,0,0.2,0,2.3,0.2,0,0,29.8,14.7,24.5,29.5,24.1,23.4,39.2,25.6,30.6,28.8,34.5,13.8,29.6,27.2,28.8,17.2,33.8,21.8,18.6,20.3,29.3,34.9,30.9,20.1,24.2,26.1,30.1,27.1,27.6,18.6,25.2,42.1,20.5,38.9,41.4,29.5,30.2,55.4,34.6,41.8,40,48.2,17.3,41.4,38.9,41,21.6,48.2,27.7,25.2,32.4,39.6,46.4,44.6,26.6,32.8,39.2,43.9,39.2,38.2,23.4,37.8,,,,,,22.2204,114.2127
2026-08-09T00:00,30.5,31.3,30.3,31.4,31.1,30.9,30.6,31,31.6,30.8,31.3,30.1,30.6,31.1,32.3,30.3,31.9,30.6,31,29.4,30.9,30.9,30.9,30.6,31.1,31,30.8,31,31.4,31.4,31.1,30.7,31.6,30.9,29.6,30.9,31.1,30.4,30.6,30.6,79,64,79,66,72,70,72,81,63,77,74,78,75,74,69,72,63,76,74,80,76,72,72,77,74,72,74,70,68,69,76,72,70,76,85,79,70,75,79,84,0,0,0.1,0,0,0,0,0,0,0,0,0,0,0,0,0,0,0,0,0,0,0,0,0,0,0,0,0,0,0,0,0,0,0,0,0,0,0,0,0,5.5,11.7,5.8,13,10.7,11,9.1,4.1,7,5.4,4.7,10.8,8.1,4,4.4,8.5,19.1,7.6,5.8,5.1,8.4,6.5,6.7,8.3,5.9,11.5,8.6,9.1,4.7,15.5,4,5.6,4.7,6.9,2.6,3.7,7.4,10.6,5.2,2.2,,,,,,,,,,,,,,,,,,,,,,,,,,,,,,,,,,,,,,,,,29.5,31.4,29.5,29.5,30.7,30,29.9,30.2,28.7,29.9,28.7,28.6,29.5,30,29.9,30,30.2,29.6,29.9,28.7,29,29.6,29.2,28.5,30.3,29.3,30.2,30.1,29.5,30.5,29.5,79,69,81,81,74,74,77,75,80,79,85,85,79,79,76,75,76,76,78,85,80,77,80,85,76,82,76,76,79,75,79,0.5,0,0.1,2.7,0.2,0.3,0.8,0.6,0,0.4,0,0,0,0,0.2,0,0,0.1,1.3,0,0,0.1,0.8,0.3,0,0,0,1.8,0,0.1,0,28.3,13.8,23.9,29.9,21.7,18.4,35.7,25.6,28.8,26,33.6,13.2,27.9,27.1,28.7,14,31.8,21.9,21,23.1,29.2,34.2,30,20.7,24,26.4,27.4,24.1,26,18.2,26.4,40,18,37.4,41.8,27.7,25.9,51.1,34.9,40,36.4,46.8,16.9,39.2,38.9,41,18,45.7,27.7,27.4,35.6,39.2,46.1,43.6,28.1,32.8,39.2,39.2,34.6,36.7,23.8,38.9,,,,,,22.2204,114.2127
2026-08-09T01:00,30.5,31.1,30.4,31.1,31,30.7,30.5,31,31.5,30.8,31.3,30,30.4,31.2,32.2,30.1,31.6,30.6,31.1,29.5,30.8,30.8,30.8,30.6,31,30.9,30.7,30.8,31.2,31.1,31,30.6,31.6,30.9,29.8,30.9,31.1,30.2,30.6,30.4,78,64,78,66,73,70,72,81,63,77,74,78,75,74,69,72,64,75,73,80,76,72,72,77,74,71,74,71,69,70,77,72,70,75,84,79,70,75,79,84,0,0,0.1,0,0,0,0,0,0,0,0,0,0,0,0,0,0,0,0,0,0,0,0,0,0,0,0,0,0,0,0,0,0,0,0,0,0,0,0,0,5.7,13.2,5.8,13.5,10.8,11.8,9.6,4,7.4,5.4,4.7,10.9,9.2,4,4.4,9.3,20,8.1,6.5,5.2,8.9,6.6,7.3,8.1,6,12.7,9.1,9.9,4.7,16.2,4,6.2,4.8,7.1,2.1,3.6,7.9,11.2,5.2,1.1,,,,,,,,,,,,,,,,,,,,,,,,,,,,,,,,,,,,,,,,,29.4,31.1,29.5,29.7,30.6,30.1,30.1,30.1,28.7,30.1,28.6,28.5,29.3,30.1,30,30.2,30.2,29.5,29.6,28.6,28.9,29.3,29.4,28.4,30.3,29.4,30.1,30.3,29.4,30.4,29.4,80,70,81,79,74,74,76,75,79,77,86,85,80,78,76,71,76,75,79,85,81,77,78,85,75,81,76,75,79,75,79,0.5,0,0.1,2.7,0.2,0.3,0.8,0.6,0,0.4,0,0,0,0,0.2,0,0,0.1,1.3,0,0,0.1,0.8,0.3,0,0,0,1.8,0,0.1,0,26.5,12.4,22.7,29.6,19.2,13.9,29.9,25.3,26.6,22.6,32,13.2,26.1,26.7,27.9,10.4,28.5,21.7,24.2,27.4,28,32.6,28.2,22.1,23.5,26.8,23.8,20.2,24.6,17.7,27.7,36.4,15.8,34.2,41.4,26.6,20.5,43.2,35.3,37.4,31,43.9,17.3,36.4,38.9,39.6,14,41.8,27.7,31,40,38.5,44.6,40.7,29.9,32.4,38.2,33.5,28.1,34.6,24.5,40,,,,,,22.2204,114.2127
2026-08-09T02:00,30.5,30.9,30.4,30.8,30.8,30.4,30.3,30.9,31.4,30.8,31.2,29.9,30.3,31.3,32.2,29.8,31.3,30.5,31.1,29.5,30.7,30.7,30.7,30.6,30.9,30.7,30.7,30.6,31,30.8,30.9,30.6,31.6,30.9,30,30.9,31,30,30.6,30.3,78,64,78,67,74,71,72,81,63,76,74,78,75,74,69,72,65,75,72,80,76,72,73,77,74,71,73,72,70,71,79,71,69,75,82,78,70,75,79,84,0,0,0.1,0,0,0,0,0,0,0,0,0,0,0,0,0,0,0,0,0,0,0,0,0,0,0,0,0,0,0,0,0,0,0,0,0,0,0,0,0,6,14.5,5.4,14,10.4,12.7,10.5,4,7.9,5.9,4.7,11.1,9.9,3.7,4.4,9.7,20.6,8.7,6.9,5.2,9.8,6.5,8.1,7.6,6.2,13.5,9.6,10.7,5.1,17,4,7.1,4.9,7.5,2.2,4,8,11.7,5.2,0.8,,,,,,,,,,,,,,,,,,,,,,,,,,,,,,,,,,,,,,,,,29.4,30.8,29.5,29.8,30.4,30,30.1,30,28.7,30.2,28.6,28.5,29.2,30.2,30,30.3,30.2,29.5,29.3,28.6,28.8,29,29.6,28.4,30.2,29.5,30,30.4,29.4,30.2,29.3,80,71,80,78,74,73,76,75,79,75,86,85,81,77,75,69,76,75,80,85,81,78,77,85,75,81,76,74,79,75,80,0.5,0,0.1,2.7,0.2,0.3,0.8,0.6,0,0.4,0,0,0,0,0.2,0,0,0.1,1.3,0,0,0.1,0.8,0.3,0,0,0,1.8,0,0.1,0,24.5,11.8,21.9,29.2,18.2,12.2,25.2,24.9,24.8,19.8,29.7,12.8,24.3,25.8,26.3,9.5,26.3,21.3,25.2,29.5,26.8,31.4,26.1,22.3,23.1,25.5,20.9,16.9,22.8,17.6,28.2,32.4,14.4,31.7,40.3,25.6,16.2,36,34.6,34.9,27,41,16.9,33.8,37.4,37.1,12.2,37.8,27.4,32,41.4,36.7,43.6,37.4,29.9,32,36,28.8,22,32,25.6,40,,,,,,22.2204,114.2127
2026-08-09T03:00,30.4,30.7,30.5,30.5,30.6,30.2,30.1,30.9,31.2,30.8,31.1,29.8,30.1,31.3,32.1,29.5,30.9,30.5,31.1,29.6,30.6,30.5,30.6,30.5,30.8,30.6,30.6,30.3,30.8,30.5,30.7,30.5,31.6,30.9,30.2,30.9,31,29.8,30.5,30.1,77,64,78,68,75,71,72,81,63,76,74,78,75,75,69,73,66,75,72,80,75,73,73,77,73,71,73,73,71,72,80,71,69,74,80,78,69,75,79,84,0,0,0.1,0,0,0,0,0,0,0,0,0,0,0,0,0,0,0,0,0,0,0,0,0,0,0,0,0,0,0,0,0,0,0,0,0,0,0,0,0,6.8,15.9,5.6,14.1,10.2,13.7,11.2,4,8.3,6.4,4.9,11,10.9,3.4,4.8,10.5,21.5,9.2,7.3,5.4,10.5,6.8,8.6,7.2,6.4,14.4,9.9,11.9,5.1,17.3,4,7.7,5,7.6,3.1,4.1,8.3,12.3,5.2,1.1,,,,,,,,,,,,,,,,,,,,,,,,,,,,,,,,,,,,,,,,,29.4,30.5,29.5,29.6,30.2,29.8,29.8,29.9,28.6,30.1,28.7,28.5,29.2,30.2,29.9,30.2,30,29.4,29.1,28.5,28.8,28.8,29.6,28.4,30.1,29.5,29.8,30.3,29.3,30.1,29.3,79,72,80,78,74,73,77,75,79,74,84,84,81,76,75,69,77,75,81,85,80,79,76,85,75,80,77,74,79,74,80,0.3,0,0.1,1.8,0.1,0.8,3.2,0.5,0,0.1,1.1,0.1,0,0.2,0.4,0,0,0,0.6,0,0.2,0.1,0.4,0.3,0.1,0.4,0,0.3,0,0.1,0.1,20.9,12,21.6,27.3,17.8,10.2,22.3,23,23.1,18.4,26.3,12.2,22.4,23,23.5,10.9,24.1,20.2,22.7,27.9,24.8,30.9,23.8,20.4,22,21.7,19.6,14.2,20.5,18.1,27,28.1,14.8,30.6,38.2,24.8,12.6,31.3,31.7,32.4,24.8,37.8,15.8,31.3,33.8,33.1,13.7,34.2,27,28.8,38.5,33.8,43.6,33.1,26.3,31,31.3,26.6,17.6,28.8,26.6,38.5,,,,,,22.2204,114.2127
2026-08-09T04:00,30.4,30.5,30.6,30.2,30.5,30,30,30.9,31.1,30.8,31.1,29.7,30,31.4,32,29.3,30.6,30.4,31.1,29.7,30.5,30.4,30.5,30.5,30.7,30.4,30.5,30.1,30.6,30.3,30.6,30.4,31.6,30.9,30.4,30.9,30.9,29.6,30.5,29.9,77,65,78,69,76,72,72,81,63,75,73,78,75,75,69,73,67,74,71,80,75,73,73,77,73,71,72,73,72,72,81,70,69,74,79,77,69,75,79,84,0,0,0.1,0,0,0,0,0,0,0,0,0,0,0,0,0,0,0,0,0,0,0,0,0,0,0,0,0,0,0,0,0,0,0,0,0,0,0,0,0,7.2,17.1,5.5,14.7,10,14.3,12.2,4.2,9.1,6.8,5,11.3,11.7,3.1,4.8,11.4,22.5,9.8,7.8,5.5,11.4,6.9,9.2,6.9,6.6,15.3,10.6,12.8,5.4,18,4,8.4,5.2,7.9,4.1,3.9,8.8,12.6,5.2,2,,,,,,,,,,,,,,,,,,,,,,,,,,,,,,,,,,,,,,,,,29.5,30.2,29.4,29.3,29.9,29.5,29.4,29.9,28.6,29.9,28.8,28.5,29.2,30.2,29.8,30,29.8,29.3,29,28.5,28.8,28.7,29.7,28.4,30,29.6,29.7,30.1,29.3,29.9,29.3,78,73,80,79,75,74,79,75,80,74,82,82,81,76,75,70,77,75,82,85,79,80,76,84,76,79,78,75,78,73,80,0.3,0,0.1,1.8,0.1,0.8,3.2,0.5,0,0.1,1.1,0.1,0,0.2,0.4,0,0,0,0.6,0,0.2,0.1,0.4,0.3,0.1,0.4,0,0.3,0,0.1,0.1,17.2,12.7,21.2,24.9,17.9,8,19.8,20.5,21.7,18.1,22.7,11.5,20.9,19.8,20.2,13.9,22.3,19.1,18.4,24.1,22.4,30.4,21.6,17.3,20.5,17,18.9,11.8,18,19.3,25.1,23.4,15.8,29.9,35.3,24.5,9.7,27.4,28.1,29.9,23.4,34.2,14.4,29.2,29.2,28.4,16.9,31,26.3,23,33.1,30.2,43.6,28.1,20.9,29.2,25.2,25.9,14.4,24.8,28.1,35.6,,,,,,22.2204,114.2127
2026-08-09T05:00,30.4,30.3,30.7,29.9,30.3,29.8,29.8,30.9,31,30.8,31.1,29.6,29.9,31.4,31.9,29.1,30.3,30.4,31.2,29.8,30.4,30.2,30.4,30.5,30.6,30.3,30.4,29.9,30.4,30,30.5,30.3,31.6,30.9,30.5,30.9,30.9,29.4,30.5,29.8,76,65,78,70,77,72,72,81,63,75,73,78,75,75,69,74,68,74,70,80,75,73,72,77,73,71,72,74,72,73,82,70,68,74,77,77,69,75,79,84,0,0,0.1,0,0,0,0,0,0,0,0,0,0,0,0,0,0,0,0,0,0,0,0,0,0,0,0,0,0,0,0,0,0,0,0,0,0,0,0,0,7.7,18.3,5.6,15.2,9.7,15,12.9,4.3,9.6,7,5.3,11.6,12.2,3.2,4.8,11.8,23.1,10.3,8.3,5.6,11.9,7.3,10,6.7,6.8,16.2,11.3,13.6,5.4,18.3,3.6,8.9,5.3,8,4.8,4,8.9,13.2,5.4,3.1,,,,,,,,,,,,,,,,,,,,,,,,,,,,,,,,,,,,,,,,,29.6,30.1,29.5,29.1,29.7,29.4,29.1,29.8,28.7,29.8,29,28.6,29.2,30.2,29.8,29.9,29.7,29.4,29,28.6,28.9,28.6,29.7,28.6,29.9,29.7,29.6,30,29.4,29.8,29.3,77,74,80,80,75,74,80,75,80,74,80,81,81,75,75,71,78,74,82,85,78,80,76,83,76,78,79,75,78,72,79,0.3,0,0.1,1.8,0.1,0.8,3.2,0.5,0,0.1,1.1,0.1,0,0.2,0.4,0,0,0,0.6,0,0.2,0.1,0.4,0.3,0.1,0.4,0,0.3,0,0.1,0.1,14.5,13,20.6,23.1,18.1,7.1,18.1,18.7,20.4,18.1,20.9,10.9,19.8,17.9,17.2,15.6,21,17.5,14.5,20.5,20.5,30,19.5,13.7,19.2,14.1,18.9,9.9,16.4,20.3,23,19.8,16.6,28.4,33.1,24.1,8.6,24.1,25.2,27.7,23,31.3,13,27.4,25.9,24.1,19.1,28.4,24.8,18.4,28.1,27.4,42.8,24.1,16.9,27.7,20.5,25.9,12.2,22,29.2,32.8,,,,,,22.2204,114.2127
2026-08-09T06:00,30.3,30.1,30.8,29.7,30.2,29.6,29.7,30.8,30.9,30.9,31,29.6,29.8,31.5,31.9,28.9,30,30.3,31.2,29.8,30.3,30.1,30.3,30.5,30.6,30.2,30.4,29.8,30.3,29.7,30.5,30.2,31.6,30.9,30.7,31,30.8,29.3,30.5,29.6,76,65,77,70,78,73,72,80,63,75,73,78,75,75,69,74,69,74,70,80,75,73,72,77,73,71,71,75,73,74,83,69,68,73,76,77,69,75,79,84,0,0,0.1,0,0,0,0,0,0,0,0,0,0,0,0,0,0,0,0,0,0,0,0,0,0,0,0,0,0,0,0,0,0,0,0,0,0,0,0,0,8.2,19.5,5.5,15.3,9.5,15.7,13.5,4.8,10,7.4,5.5,11.6,13,3.1,4.8,12.6,23.8,10.8,8.8,5.8,12.6,7.2,10.5,6.6,7,17,11.6,14.1,5.4,19.1,3.6,9.6,5.3,8.2,5.9,4.2,9.2,13.5,5.4,3.6,,,,,,,,,,,,,,,,,,,,,,,,,,,,,,,,,,,,,,,,,29.7,30.1,29.6,29.1,29.6,29.6,29,29.8,28.8,29.7,29.1,28.7,29.2,30.3,29.8,29.9,29.7,29.5,29.3,28.7,28.9,28.6,29.6,28.9,29.8,29.8,29.5,29.9,29.5,29.7,29.3,77,74,79,80,76,72,80,75,79,74,80,80,81,74,75,71,78,73,80,84,78,80,76,80,76,77,80,75,78,71,79,0.8,0,0.2,0.3,0,0,2.2,0,0,0,0,0,0,0,0.3,0,0,0.1,0.1,0.3,0.1,0,0,0.3,0,1.3,0.3,0,0,0,0,13.9,13,19.2,23,17.9,7,16.9,18,19.9,18.1,20.3,10,19.8,17.9,15,15,20.5,14.7,11.6,17.4,19.9,28.8,18.1,10.6,18.4,13.8,20.3,9.6,15.7,20.4,20.9,18.4,16.6,25.6,33.1,24.1,10.4,21.6,24.1,27,24.1,29.9,11.9,27,25.2,20.5,18.4,27.7,21.6,15.5,23.8,26.6,41,22.3,15.8,25.9,19.1,27.4,11.9,20.9,30.2,29.5,,,,,,22.2204,114.2127
2026-08-09T07:00,30.3,30,30.9,29.5,30.1,29.5,29.7,30.8,30.9,30.9,31,29.5,29.7,31.6,31.8,28.8,29.7,30.3,31.2,29.9,30.3,30.1,30.3,30.5,30.5,30.1,30.3,29.7,30.2,29.5,30.4,30.2,31.6,30.9,30.8,31,30.8,29.2,30.4,29.6,75,65,77,71,79,73,72,80,63,74,72,78,75,74,69,74,70,73,70,80,75,73,72,77,73,71,71,75,74,75,84,69,68,73,75,76,69,75,79,84,0,0,0.1,0,0,0,0,0,0,0,0,0,0,0,0,0,0,0,0,0,0,0,0,0,0,0,0,0,0,0,0,0,0,0,0,0,0,0,0,0,8.7,20.2,5.4,15.8,9.5,16.2,14,5,10.5,7.6,5.7,11.8,13,2.8,4.8,13,24.5,11.3,9.1,5.7,13,7.4,10.6,6.8,7.2,17.5,12.1,14.6,5.8,19.5,3.6,10.1,5.3,8.2,6.6,4.4,9.4,14,5.4,4.1,,,,,,,,,,,,,,,,,,,,,,,,,,,,,,,,,,,,,,,,,29.8,30.2,29.8,29.2,29.6,29.9,29.1,29.7,29,29.6,29.2,28.9,29.3,30.4,30,29.9,29.7,29.8,29.8,29,29,28.7,29.6,29.4,29.8,30,29.4,30,29.6,29.6,29.4,76,73,79,79,76,69,79,75,78,74,80,79,80,74,74,71,78,71,78,81,78,80,77,77,76,76,80,76,78,70,78,0.8,0,0.2,0.3,0,0,2.2,0,0,0,0,0,0,0,0.3,0,0,0.1,0.1,0.3,0.1,0,0,0.3,0,1.3,0.3,0,0,0,0,14.6,12.3,17.5,23.9,17.3,9.2,16.2,18,19.5,18.4,20.4,9.1,20.5,18.9,13.2,13.3,20.9,12,9,14.8,20,27.6,17.5,9.8,17.9,14.4,22.4,9.7,16.1,20.3,19.1,18,16.2,22.3,34.2,24.1,13.7,19.4,24.1,26.6,25.9,29.2,10.8,27.4,25.6,17.3,16.6,28.1,17.3,13.7,19.8,27,38.2,21.2,16.2,24.5,19.4,29.5,12.2,20.9,31,25.9,,,,,,22.2204,114.2127
2026-08-09T08:00,30.3,30,30.9,29.5,30.1,29.4,29.7,30.8,30.9,30.9,31,29.5,29.7,31.7,31.8,28.7,29.5,30.3,31.2,30,30.3,30,30.3,30.5,30.5,30.1,30.3,29.7,30.2,29.3,30.4,30.2,31.6,30.9,30.9,31,30.8,29.2,30.4,29.5,75,65,77,71,79,73,72,80,63,74,72,78,75,74,69,74,71,73,70,80,75,73,72,77,73,71,71,75,74,76,84,69,68,73,74,76,69,75,79,84,0,0,0.1,0,0,0,0,0,0,0,0,0,0,0,0,0,0,0,0,0,0,0,0,0,0,0,0,0,0,0,0,0,0,0,0,0,0,0,0,0,8.7,20.6,5.4,15.8,9.2,16.2,14.2,5.2,10.5,7.6,5.7,11.7,13.3,2.8,4.8,13.4,24.9,11.3,9.1,5.7,13,7.7,10.9,6.6,7.2,17.5,12.3,15,5.8,19.9,3.6,10.1,5.3,8.2,7.1,4.4,9.4,14.2,5.4,4.3,,,,,,,,,,,,,,,,,,,,,,,,,,,,,,,,,,,,,,,,,30,30.5,30,29.5,29.7,30.4,29.3,29.9,29.3,29.7,29.4,29.2,29.4,30.6,30.2,30.1,29.9,30.1,30.3,29.4,29.3,28.9,29.8,29.9,30,30.3,29.5,30.1,29.8,29.7,29.6,75,72,78,78,76,67,78,75,77,73,79,78,79,73,73,70,77,69,75,79,77,79,76,73,75,74,80,75,77,69,77,0.8,0,0.2,0.3,0,0,2.2,0,0,0,0,0,0,0,0.3,0,0,0.1,0.1,0.3,0.1,0,0,0.3,0,1.3,0.3,0,0,0,0,14.2,12.1,16.2,24.1,17.8,11.5,15.7,18,19.1,19,20.6,8.4,21.2,19.7,11.9,13.3,21,11.3,8.2,13.5,19.7,26.5,16.2,12.2,17.2,14.3,23.1,9.7,16.4,20.8,17.5,17.6,15.8,19.8,33.8,24.5,16.6,18,23.8,25.9,27.4,28.4,10.1,27.4,25.9,14.8,16.6,28.4,14.8,12.2,16.9,26.6,36,20.2,17.3,23,19.1,29.9,13,21.2,31.7,22.7,,,,,,22.2204,114.2127
2026-08-09T09:00,30.3,30,31,29.5,30.1,29.4,29.7,30.8,30.9,31,31.1,29.5,29.7,31.8,31.8,28.8,29.4,30.4,31.2,30.1,30.3,30,30.3,30.5,30.5,30.1,30.3,29.7,30.2,29.2,30.5,30.2,31.6,30.9,31,31.1,30.8,29.2,30.4,29.5,75,65,77,71,79,73,72,80,63,74,72,78,75,73,69,74,72,73,70,80,75,73,72,77,73,71,71,75,74,77,84,69,68,73,73,76,69,75,79,84,0,0,0,0,0,0.1,0,0,0,0,0,0,0,0,0,0.1,0.1,0,0,0,0,0,0,0.1,0,0,0,0,0,0.1,0,0,0,0,0,0,0,0,0,0,8.7,20.9,5.2,15.8,9,16.2,14.2,5.2,10.5,7.6,5.7,11.4,13,2.8,4.8,13.8,25.2,11.3,9,5.7,13,7.7,10.9,6.3,7.2,17.5,12.3,15.2,5.8,20.4,3.6,10.1,5.2,8.2,7.4,4.4,9.4,14.2,5.4,4.6,,,,,,,,,,,,,,,,,,,,,,,,,,,,,,,,,,,,,,,,,30.7,31,30.2,29.8,30.1,30.9,29.7,30.3,29.7,30.1,30,29.7,29.8,30.9,30.6,30.7,30.3,30.6,30.8,29.9,29.8,29.1,30.2,30.5,30.5,30.9,29.9,30.6,30.1,30.1,29.9,72,70,78,77,74,65,76,73,76,71,76,76,77,72,72,68,75,67,72,76,75,78,74,69,72,72,78,73,75,68,75,0.5,0,0.2,0,0,0,0.2,0,0,0,0,0,0,0,0,0,0,0,0,0.2,0,0,0,0,0,0.1,0.6,0,0,0,0,12.3,12,15.6,22.7,18.7,13,14.8,17.4,18.4,19.8,20.3,8.3,21.2,20.2,11.3,15.3,20.7,11.3,8.6,13.2,18.6,26.3,14.7,14.9,16.4,13.1,20.6,9,17.1,21.6,16.2,16.9,15.8,18.4,30.6,24.8,17.6,16.6,22,24.1,27.7,27,10.4,26.6,25.6,13.7,19.8,27.4,14.8,11.9,15.8,24.5,34.2,18.4,18.7,22,16.9,25.9,13,22,32,19.8,,,,,,22.2204,114.2127
2026-08-09T10:00,30.4,30.1,31,29.6,30.1,29.5,29.8,30.8,31,31.1,31.1,29.6,29.7,31.9,31.8,28.9,29.2,30.4,31.1,30.1,30.4,30.1,30.4,30.5,30.5,30.1,30.4,29.9,30.3,29.1,30.6,30.3,31.6,30.9,31.1,31.2,30.8,29.3,30.4,29.6,75,65,77,71,79,73,72,79,63,73,71,78,75,72,69,73,73,72,71,80,75,73,71,77,73,71,71,74,74,78,83,69,68,73,73,75,69,74,79,83,0,0,0,0,0,0.1,0,0,0,0,0,0,0,0,0,0.1,0.1,0,0,0,0,0,0,0.1,0,0,0,0,0,0.1,0,0,0,0,0,0,0,0,0,0,8.4,20.9,4.7,15.8,8.5,15.4,13.7,5.2,10.5,7.1,5.7,11.2,12.8,2.3,4.7,13.8,25.2,11.3,8.6,5.4,12.7,7.7,10.9,6.3,7,17.1,12.1,14.8,5.8,20.8,3.6,9.6,4.7,7.7,7.7,3.9,9.4,14.2,5.2,4.3,,,,,,,,,,,,,,,,,,,,,,,,,,,,,,,,,,,,,,,,,31.5,31.6,30.4,30.2,30.7,31.4,30.2,30.9,30.1,30.8,30.8,30.3,30.3,31.2,31,31.4,30.8,31.3,31.4,30.6,30.5,29.4,30.9,31.2,31.2,31.6,30.6,31.2,30.5,30.6,30.4,67,67,77,75,71,63,74,71,74,67,73,74,74,71,70,64,72,65,69,73,73,77,71,66,67,69,75,70,74,66,74,0.5,0,0.2,0,0,0,0.2,0,0,0,0,0,0,0,0,0,0,0,0,0.2,0,0,0,0,0,0.1,0.6,0,0,0,0,10.7,12.5,15.3,20.2,20.1,13.9,14,16.9,17.3,20.9,20.1,8.4,21.2,20.5,11.3,18.1,20.4,11.6,9.7,13.6,17.5,26.5,12.9,17,15.8,11.5,16.4,8.4,18.4,22.6,14.7,15.8,16.2,17.3,26.3,25.6,18.4,15.5,19.4,22,27.4,25.6,11.2,26.3,25.6,13.7,24.1,26.3,16.2,11.9,16.2,21.2,33.1,16.2,20.9,21.6,14,20.2,13,22.7,32,17.6,,,,,,22.2204,114.2127
2026-08-09T11:00,30.4,30.2,31.1,29.8,30.2,29.6,30,30.9,31.2,31.2,31.2,29.7,29.8,32,31.9,29.1,29.1,30.5,31.1,30.2,30.5,30.2,30.6,30.5,30.5,30.1,30.4,30.1,30.4,29,30.7,30.4,31.7,30.9,31.1,31.3,30.8,29.5,30.5,29.7,75,64,77,71,79,73,72,79,62,73,71,78,75,71,69,73,74,72,72,79,75,72,71,78,74,71,71,73,74,79,82,69,68,74,72,75,69,74,79,83,0,0,0,0,0,0.1,0,0,0,0,0,0,0,0,0,0.1,0.1,0,0,0,0,0,0,0.1,0,0,0,0,0,0.1,0,0,0,0,0,0,0,0,0,0,8.2,20.6,4,15.6,8.2,14.9,13.2,5.2,10.5,6.5,5.5,10.5,12.1,2.3,4.3,14.1,25.2,11.3,8.1,5.2,12.2,7.4,10.9,6,6.8,16.6,11.4,14.5,5.8,20.9,3.6,9.1,4.6,7.1,7.4,3.7,8.9,13.7,5.2,4.1,,,,,,,,,,,,,,,,,,,,,,,,,,,,,,,,,,,,,,,,,32.2,32.2,30.5,30.6,31.2,31.8,30.7,31.4,30.5,31.3,31.4,30.9,30.7,31.5,31.4,32,31.1,31.8,31.9,31.2,31,29.6,31.5,31.8,31.8,32.2,31.1,31.6,30.9,31,30.8,64,65,77,74,69,62,73,69,73,65,70,72,73,70,69,62,70,63,67,71,71,77,68,63,64,67,73,68,72,65,72,0.5,0,0.2,0,0,0,0.2,0,0,0,0,0,0,0,0,0,0,0,0,0.2,0,0,0,0,0,0.1,0.6,0,0,0,0,9.5,12.2,15.5,19.1,21.1,14.3,13.9,16.8,17,21.4,20.2,7.9,21.3,21.4,11.3,20.4,20.6,12.7,10,13.7,17.3,27.6,10.9,18.1,15.3,10,14.5,8.4,19.4,23.4,13.4,15.1,16.2,17.3,23.8,26.3,19.1,15.1,19.1,20.9,27.4,25.2,11.5,26.3,25.9,14,27.7,26.6,18,12.2,16.9,20.5,33.1,14.4,22.3,21.2,13,17.3,13.7,23.8,32,16.2,,,,,,22.2204,114.2127
2026-08-09T12:00,30.4,30.3,31.1,30,30.3,29.7,30.2,30.9,31.4,31.3,31.3,29.8,29.9,32.2,31.9,29.3,29,30.7,31.1,30.3,30.6,30.3,30.8,30.5,30.5,30.1,30.5,30.3,30.5,28.9,30.8,30.5,31.7,30.9,31.2,31.4,30.8,29.7,30.5,29.8,75,64,77,71,78,72,71,78,62,73,71,78,75,69,69,72,75,71,73,79,75,72,70,78,74,71,72,72,74,80,80,69,68,74,71,75,69,73,79,82,0,0,0,0,0,0.1,0,0,0,0,0,0,0,0,0,0.1,0.1,0,0,0,0,0,0,0.1,0,0,0,0,0,0.1,0,0,0,0,0,0,0,0,0,0,7.4,20.3,3.8,15.6,8,13.9,12.6,5,10.5,6,5.5,9.5,11.4,2.1,4.3,14.1,25.2,10.8,7.6,4.9,11.6,7.4,10.5,5.7,6.6,16.2,10.8,14.3,5.8,21.4,3.6,8.6,4.1,6.5,7.1,3.4,8.4,13.7,5.5,4,,,,,,,,,,,,,,,,,,,,,,,,,,,,,,,,,,,,,,,,,32.4,32.5,30.7,30.9,31.4,32,31,31.6,30.6,31.4,31.6,31.5,30.7,31.7,31.7,32.3,31.3,32.1,32.3,31.5,31.1,29.6,32,32.1,32.2,32.5,31.2,31.6,31.2,31.4,31.2,63,64,77,73,68,63,72,69,73,64,69,70,73,70,68,61,70,63,66,70,71,77,66,62,63,66,73,68,71,64,71,0,0,0,0,0,0,0,0,0,0,0.1,0,0,0,0,0,0,0,0,0,0,0,0,0,0,0,0,0,0,0,0.1,7.1,11.8,16.6,20.5,22.1,14.8,14.2,18.5,18.4,21.7,21.5,5.4,22.8,23.1,11.2,21,22.9,14.4,9.2,13.7,19.9,30.1,8.4,17.7,14.8,9.3,17.1,10.5,20.2,24.2,12.6,13.3,16.2,18,25.2,27,20.2,15.8,21.6,21.6,27.4,26.3,10.8,27.7,27.4,14.8,28.8,30.2,19.4,12.6,18.4,23.8,35.6,13.3,22.3,21.2,14.4,20.2,15.8,24.5,32.4,15.8,,,,,,22.2204,114.2127
2026-08-09T13:00,30.4,30.5,31.2,30.2,30.4,29.9,30.4,30.9,31.6,31.4,31.4,29.9,30,32.3,31.9,29.6,28.9,30.8,31,30.4,30.8,30.5,31,30.6,30.6,30.2,30.6,30.6,30.7,28.8,31,30.6,31.7,30.9,31.2,31.5,30.9,29.9,30.5,29.9,75,63,76,70,78,72,71,78,62,72,71,79,75,68,70,72,76,71,74,79,75,71,69,79,74,71,72,71,73,81,79,70,68,75,71,75,69,73,80,82,0,0,0,0,0,0.1,0,0,0,0,0,0,0,0,0,0.1,0.1,0,0,0,0,0,0,0.1,0,0,0,0,0,0.1,0,0,0,0,0,0,0,0,0,0,7,19.9,3.2,15.5,7.4,12.9,11.9,4.8,10,5.5,5.3,8.9,10.5,1.9,4,14.5,25.2,10.5,7.2,4.4,10.9,6.9,10.3,5.5,6.4,15.3,10.2,13.7,5.8,21.9,3.6,8.1,4,6,6.9,3,8.4,13.2,5.4,3.8,,,,,,,,,,,,,,,,,,,,,,,,,,,,,,,,,,,,,,,,,32.5,32.7,30.9,31.3,31.6,32,31.2,31.6,30.7,31.4,31.7,32,30.6,31.8,31.9,32.4,31.2,32.3,32.5,31.7,31,29.6,32.4,32.3,32.4,32.6,31.3,31.5,31.5,31.8,31.5,64,63,77,72,68,64,72,70,73,65,69,67,74,70,67,62,71,63,65,70,72,77,65,62,63,66,73,69,71,63,70,0,0,0,0,0,0,0,0,0,0,0.1,0,0,0,0,0,0,0,0,0,0,0,0,0,0,0,0,0,0,0,0.1,5.8,11.1,18.4,23.2,23.5,16.3,15.5,23,20.9,23.1,23.5,1.8,26.4,25.1,11.5,21.3,27.8,16.6,7.9,14.7,24.2,33.2,5.4,16.2,14.5,11.8,22.9,14.1,20.9,24.8,12.8,11.9,16.6,19.8,28.8,28.1,21.2,17.3,26.3,23.8,27.7,28.4,9.7,30.2,29.9,15.8,28.8,35.3,21.2,13,20.5,29.2,40,12.2,21.6,21.2,17.6,25.6,18.7,25.6,32.8,16.2,,,,,,22.2204,114.2127
2026-08-09T14:00,30.5,30.7,31.2,30.5,30.5,30,30.6,31,31.8,31.6,31.5,30,30.1,32.5,32,29.8,28.8,30.9,31,30.5,30.9,30.6,31.2,30.6,30.6,30.3,30.7,30.8,30.8,28.7,31.1,30.7,31.8,30.9,31.3,31.6,30.9,30.2,30.6,30,75,63,76,70,77,72,71,77,61,72,70,79,75,66,70,71,77,70,75,78,75,71,68,79,75,71,72,69,73,82,77,70,68,76,71,74,70,72,80,81,0,0,0,0,0,0.1,0,0,0,0,0,0,0,0,0,0.1,0.1,0,0,0,0,0,0,0.1,0,0,0,0,0,0.1,0,0,0,0,0,0,0,0,0,0,6.6,19.6,3,15.4,7.3,11.9,11,4.8,10,5.1,5.2,8.2,9.8,1.9,4,14.5,24.9,10.3,6.8,4.2,10.4,6.7,9.8,5,6.2,14.4,9.4,13,5.8,22.1,3.7,7.4,3.6,5.2,6.6,2.9,8,12.7,5.4,3.6,,,,,,,,,,,,,,,,,,,,,,,,,,,,,,,,,,,,,,,,,32.4,32.7,30.9,31.4,31.6,32,31.3,31.5,30.7,31.3,31.7,32.2,30.5,31.9,31.9,32.6,31.2,32.4,32.7,31.7,31,29.6,32.5,32.4,32.6,32.6,31.2,31.4,31.6,32,31.7,65,63,77,72,69,65,72,71,73,66,69,66,76,71,67,62,72,63,64,71,72,78,65,63,64,66,74,70,71,63,70,0,0,0,0,0,0,0,0,0,0,0.1,0,0,0,0,0,0,0,0,0,0,0,0,0,0,0,0,0,0,0,0.1,8.9,10.6,20,26.2,25.6,17.9,16.8,27.3,23.2,25.4,24.9,1.1,29.5,27.1,12.6,21.8,32.1,18.9,6.6,16.2,27.1,35.9,5,14.4,14.5,15.1,27.5,17.7,22.2,25.1,14.3,12.2,16.6,21.6,32.4,29.5,22.3,18.7,29.9,25.6,28.8,30.2,9.4,32.8,32,16.9,28.8,39.2,23,13.3,22.3,32.8,43.2,12.6,20.2,22,20.5,30.2,21.6,26.6,32.4,17.3,,,,,,22.2204,114.2127
2026-08-09T15:00,30.5,30.9,31.2,30.7,30.6,30.2,30.8,31,32,31.7,31.6,30.1,30.2,32.6,32,30.1,28.7,31,30.9,30.6,31.1,30.8,31.4,30.6,30.7,30.3,30.8,31.1,31,28.7,31.3,30.9,31.8,30.9,31.3,31.6,30.9,30.4,30.6,30.1,75,62,76,70,77,71,71,77,61,71,70,79,76,65,70,70,78,69,76,78,75,71,68,79,75,71,73,68,72,83,75,70,69,76,70,74,70,72,80,80,0,0,0,0,0,0.1,0,0,0,0,0,0,0,0,0,0.1,0.1,0,0,0,0,0,0,0.1,0,0,0,0,0,0.1,0,0,0,0,0,0,0,0,0,0,6,18.8,3.4,15.4,7.2,10.6,10.2,4.7,9.6,4.7,5,7.5,9,1.8,3.8,14.5,24.9,9.8,6.2,3.7,9.5,6.5,9.5,4.8,6,13.6,9.3,12.4,5.8,22.6,3.8,6.4,3.3,4.7,6.2,2.5,7.5,12.1,5.4,3.6,,,,,,,,,,,,,,,,,,,,,,,,,,,,,,,,,,,,,,,,,32.1,32.5,30.7,31.4,31.4,32.1,31.1,31.3,30.7,31.1,31.7,32,30.2,31.9,31.9,32.8,31,32.4,32.7,31.4,31.2,29.4,32.3,32.3,32.6,32.3,31,31.3,31.5,32.1,31.5,67,65,78,73,71,65,73,73,74,68,70,67,78,72,68,61,73,63,64,72,71,79,66,64,65,68,76,71,72,63,72,0,0,0,0,0.1,0,0,0,0,0,0,0,0,0,0,0,0,0,0,0,0,0,0,0,0,0,0,0,0,0,0,13.8,10.4,21.5,28.9,27.5,19.5,18,28.4,24.5,26.9,25.6,5,31,28.8,13.8,23.4,33.2,20.7,6,18,27.7,36.8,8.3,11.9,15.4,17.9,28.8,20.6,24.3,24.1,16.1,16.6,16.2,23.8,36,32,24.5,20.2,31.7,27,31.3,31.7,10.8,34.9,34.2,17.6,30.2,40.7,25.2,13,23.8,33.5,45.4,14.4,17.6,23,22.7,32.8,24.8,28.4,31,19.1,,,,,,22.2204,114.2127
2026-08-09T16:00,30.5,31,31.3,31,30.7,30.4,31,31,32.2,31.8,31.7,30.2,30.3,32.7,32.1,30.3,28.7,31.1,30.9,30.7,31.2,30.9,31.6,30.6,30.7,30.4,30.8,31.3,31.2,28.6,31.5,31,31.8,30.9,31.3,31.7,31,30.6,30.6,30.3,75,62,76,69,76,71,70,76,61,71,70,79,76,63,70,69,79,69,77,78,75,70,67,80,76,71,73,67,72,84,74,71,69,77,70,74,70,71,80,80,0,0,0,0,0,0.1,0,0,0,0,0,0,0,0,0,0.1,0.1,0,0,0,0,0,0,0.1,0,0,0,0,0,0.1,0,0,0,0,0,0,0,0,0,0,5.7,18.5,3.6,14.9,7.2,9.7,9.3,4.6,9.6,4.4,5,7,8,1.8,3.8,14.3,24.5,9.5,6.2,3.5,9,6.3,9.4,4.3,5.5,12.7,8.7,12.1,5.8,22.9,3.8,6,3.5,4.3,6,2.4,7.1,11.9,5.8,4.1,,,,,,,,,,,,,,,,,,,,,,,,,,,,,,,,,,,,,,,,,31.7,32.2,30.3,31.1,31.1,32.1,30.9,30.9,30.6,31,31.7,31.5,29.9,31.8,31.7,32.9,30.8,32.4,32.7,30.9,31.4,29.2,31.8,32.2,32.6,31.8,30.7,31.3,31.2,32.1,31,70,67,80,74,73,65,74,75,75,71,71,69,81,73,71,60,74,64,63,75,69,80,69,66,66,71,78,71,74,64,74,0,0,0,0,0.1,0,0,0,0,0,0,0,0,0,0,0,0,0,0,0,0,0,0,0,0,0,0,0,0,0,0,19.2,12.1,22.7,32.1,29,20.9,19.2,28.2,25.2,28.2,26.2,9.7,31.1,30.3,15.5,25.1,32.6,22,5.8,20,26.7,36.5,13.1,9,17.3,19.9,28.6,23.5,27.1,23.1,17.8,23.4,15.8,25.9,39.6,34.9,26.6,21.6,33.1,28.8,34.2,32.8,13,37.1,36.7,18.4,31.7,41.4,27.7,11.9,25.2,32.8,46.8,17.3,14.8,24.5,24.8,34.6,28.1,30.6,28.8,20.9,,,,,,22.2204,114.2127
2026-08-09T17:00,30.6,31.2,31.3,31.2,30.8,30.5,31.2,31,32.3,31.9,31.8,30.3,30.4,32.9,32.1,30.6,28.6,31.2,30.8,30.8,31.4,31,31.7,30.6,30.8,30.5,30.9,31.5,31.4,28.5,31.6,31.1,31.8,30.9,31.3,31.8,31,30.8,30.6,30.4,76,62,76,69,75,71,70,75,61,71,69,79,76,62,70,69,80,68,78,77,75,70,67,80,76,71,73,66,71,85,72,71,69,77,70,74,70,71,80,79,0,0,0,0,0,0.1,0,0,0,0,0,0,0,0,0,0.1,0.1,0,0,0,0,0,0,0.1,0,0,0,0,0,0.1,0,0,0,0,0,0,0,0,0,0,5.5,17.7,4.1,14.8,7.3,8.9,8.9,4.5,9.1,4.2,4.9,6.5,7.4,1.8,3.9,14.3,24.5,9.3,6,3.1,8.6,6.1,8.9,4,5.4,11.9,8.3,11.5,5.8,23,3.9,5.5,3.4,4.1,5.8,2.6,7.1,11.4,5.8,4.3,,,,,,,,,,,,,,,,,,,,,,,,,,,,,,,,,,,,,,,,,31.3,31.9,30,30.9,30.8,32,30.6,30.5,30.4,30.8,31.7,31,29.7,31.7,31.4,33,30.7,32.4,32.6,30.5,31.6,29,31.3,32,32.6,31.4,30.5,31.2,30.9,32,30.7,73,69,81,75,75,65,75,77,76,74,71,71,82,73,73,60,75,64,64,76,68,81,71,67,66,73,79,72,76,65,76,0,0,0,0,0.1,0,0,0,0,0,0,0,0,0,0,0,0,0,0,0,0,0,0,0,0,0,0,0,0,0,0,23.4,13.5,23.2,34.1,30.3,21.3,19.7,28.3,25.9,28.8,25.6,13.5,30.9,30.8,16.6,25.5,32.3,22.3,5.4,21.2,25.1,36,17,6.1,18.6,21.4,28,25.5,29.2,22.3,19.1,28.8,15.5,27.4,42.1,37.4,27.4,22.7,34.9,30.2,36,32.8,14.8,38.9,37.8,18.7,31.7,42.1,28.8,11.5,25.9,31.3,47.5,20.2,12.2,25.6,26.3,35.3,30.6,32.8,27.7,22.3,,,,,,22.2204,114.2127
2026-08-09T18:00,30.6,31.3,31.3,31.4,30.9,30.6,31.3,31,32.5,31.9,31.8,30.4,30.5,32.9,32.1,30.7,28.5,31.2,30.8,30.9,31.5,31.1,31.9,30.6,30.8,30.5,31,31.7,31.5,28.5,31.7,31.2,31.8,30.9,31.3,31.8,31,30.9,30.6,30.5,76,61,76,69,75,71,70,75,60,70,69,79,76,61,70,68,80,68,79,77,75,69,66,81,76,71,74,66,71,86,71,71,69,78,70,74,70,70,80,79,0,0,0,0,0,0.1,0,0,0,0,0,0,0,0,0,0.1,0.1,0,0,0,0,0,0,0.1,0,0,0,0,0,0.1,0,0,0,0,0,0,0,0,0,0,5.1,17.3,4.5,14.8,7.4,8.2,8.4,4.8,9.1,4,5.2,6.5,6.9,1.8,3.7,14.3,24.2,8.9,6,3.1,8.7,6.1,8.9,3.9,5.4,11.5,7.9,11,5.8,23.2,3.9,4.6,3.8,4.2,5.6,3.1,6.6,11.4,5.8,4.5,,,,,,,,,,,,,,,,,,,,,,,,,,,,,,,,,,,,,,,,,30.8,31.8,29.8,30.5,30.5,31.9,30.5,30.1,30.1,30.6,31.7,30.7,29.8,31.7,31,32.8,30.6,32.3,32.2,30.3,31.5,28.8,30.9,31.8,32.7,31.1,30.4,30.9,30.6,31.9,30.6,76,69,81,77,77,66,76,78,78,76,70,73,81,72,75,60,75,64,66,76,68,82,73,68,64,75,79,74,77,65,77,0,0,0.9,0,0.1,0,0,0,0,0,0,0,0.1,0,0,0,0,0,0,0.3,0,0,0,0,0,0,0.3,0.2,0,0,0,25.1,12.5,23.1,33.8,30.5,19.2,19.1,29.4,26,27.9,23.1,14.5,30,29.4,16.6,23.1,32.7,20.9,6,21.6,21.7,34.8,19.5,2.5,18.3,21.7,27.8,26.6,29.8,22.4,18.6,32,14.8,28.1,42.8,38.5,25.6,22.3,38.5,32,35.3,29.9,15.1,40,37.1,18.7,29.2,44.6,28.1,11.9,26.3,29.2,46.4,23,10.1,26.6,26.6,35.3,32.4,34.6,28.4,22,,,,,,22.2204,114.2127
2026-08-09T19:00,30.6,31.4,31.3,31.5,30.9,30.7,31.4,31,32.5,31.9,31.8,30.4,30.5,33,32.1,30.8,28.4,31.2,30.7,30.9,31.5,31.1,31.9,30.6,30.9,30.5,31,31.7,31.6,28.4,31.8,31.2,31.8,30.8,31.3,31.9,31,31,30.5,30.6,76,61,76,68,74,71,70,74,60,70,68,79,76,60,70,67,81,67,80,77,75,69,66,81,77,71,74,66,70,87,70,72,70,78,69,75,70,70,79,78,0,0,0,0,0,0.1,0,0,0,0,0,0,0,0,0,0.1,0.1,0,0,0,0,0,0,0.1,0,0,0,0,0,0.1,0,0,0,0,0,0,0,0,0,0,5,16.9,4.8,14.7,7.5,7.8,8.4,4.8,8.7,3.9,5.2,6.1,6.5,1.9,3.7,14.3,24.2,8.9,5.9,2.6,8.4,6,8.9,3.4,5.4,10.8,8,11,5.8,23.2,3.9,4.6,3.8,4,5.5,2.8,6.6,11.3,5.8,4.9,,,,,,,,,,,,,,,,,,,,,,,,,,,,,,,,,,,,,,,,,30.3,31.8,29.8,30.1,30.2,31.7,30.4,29.8,29.7,30.4,31.8,30.3,30.1,31.7,30.6,32.6,30.5,32.1,31.8,30.1,31.3,28.7,30.6,31.6,32.8,30.8,30.4,30.6,30.4,31.8,30.5,78,68,81,79,78,68,76,79,80,77,69,75,79,71,78,61,76,65,69,76,70,82,75,68,61,76,79,76,79,64,77,0,0,0.9,0,0.1,0,0,0,0,0,0,0,0.1,0,0,0,0,0,0,0.3,0,0,0,0,0,0,0.3,0.2,0,0,0,25.1,10.7,22.2,31.9,29.9,15.2,18.3,30.8,26,26,20.4,14,28.6,26.8,16.3,20.1,33.5,19.3,7.2,20.8,17.7,33.2,21.1,1.5,19.4,21.3,27.1,26.6,29.5,23.7,17.3,34.2,14,28.1,42.5,39.2,22.3,21.2,42.5,34.2,33.1,25.9,15.1,40.3,35.3,18.7,25.2,47.5,26.3,12.6,26.3,26.6,44.6,25.9,8.6,27.4,26.3,34.6,33.1,36.4,30.2,21.2,,,,,,22.2204,114.2127
2026-08-09T20:00,30.6,31.4,31.3,31.5,31,30.7,31.4,31,32.5,31.9,31.8,30.5,30.5,33,32.1,30.8,28.3,31.1,30.7,31,31.5,31.1,31.9,30.6,30.9,30.5,31,31.6,31.7,28.3,31.8,31.3,31.8,30.8,31.3,31.9,30.9,30.9,30.5,30.7,76,61,76,68,74,71,70,74,60,70,68,79,76,60,70,67,82,67,80,77,75,69,66,81,77,71,74,66,70,88,69,72,70,78,69,75,70,70,79,78,0,0,0,0,0,0.1,0,0,0,0,0,0,0,0,0,0.1,0.1,0,0,0,0,0,0,0.1,0,0,0,0,0,0.1,0,0,0,0,0,0,0,0,0,0,5.1,16.5,5.2,14.7,7.5,7.6,8.4,5.2,8.7,3.9,5.2,6.2,6.5,1.9,3.7,14.3,24.2,8.9,6.1,2.6,8.4,6,9.2,3.4,5.4,10.4,8,11,5.8,23.3,3.9,4.1,3.8,4,5.5,3.1,6.6,11.3,5.8,4.9,,,,,,,,,,,,,,,,,,,,,,,,,,,,,,,,,,,,,,,,,29.9,31.8,29.7,29.8,30.1,31.6,30.2,29.7,29.4,30.3,31.8,30,30.3,31.7,30.2,32.3,30.5,31.9,31.4,30.1,31.1,28.6,30.4,31.4,32.8,30.6,30.4,30.4,30.3,31.6,30.5,80,67,81,81,79,69,77,80,81,77,68,77,77,70,79,62,76,65,71,76,71,83,76,69,59,77,78,77,79,64,77,0,0,0.9,0,0.1,0,0,0,0,0,0,0,0.1,0,0,0,0,0,0,0.3,0,0,0,0,0,0,0.3,0.2,0,0,0,24.8,9.1,21.6,30.1,29,11.2,17.6,31.5,25.8,23.5,19.3,14.1,28,24.2,16.5,18,33.8,18.3,8.5,20.4,14.4,31.3,22.1,4.3,21.3,20.8,25,25.1,28.5,24.4,16.6,35.3,13.7,28.1,41.8,39.2,19.4,20.9,45.4,35.3,30.6,23.8,15.5,40.3,33.1,19.4,22,48.6,24.5,13,26.3,23.8,43.2,27.4,9.7,27.4,25.9,32.4,32.4,36.7,31.3,20.9,,,,,,22.2204,114.2127
2026-08-09T21:00,30.6,31.4,31.3,31.5,31,30.6,31.3,30.9,32.4,31.9,31.7,30.5,30.5,33,32.1,30.7,28.1,31,30.7,31,31.5,31,31.8,30.6,30.9,30.5,30.9,31.4,31.7,28.1,31.8,31.3,31.8,30.8,31.3,31.8,30.9,30.8,30.4,30.7,76,61,76,68,74,71,70,74,60,70,68,79,76,60,70,67,83,67,80,77,75,69,66,81,77,71,74,67,70,89,69,72,70,78,69,76,70,70,78,78,0,0,0.1,0,0,0,0,0,0,0,0,0,0,0,0,0,0.2,0,0,0,0,0,0,0,0,0,0,0.7,0,1.9,0,0,0,0,0,0,0,0,0,0,5.1,16.2,5.2,14.7,7.5,8,8.8,5.6,8.7,3.9,5.2,6.2,6.5,1.9,3.7,14.3,24.2,8.9,6.1,2.6,8.3,6,9.7,3.4,5.4,10.1,8,11.3,5.8,23.3,3.9,4.1,3.8,4,5.5,3.1,6.6,11.6,5.8,4.9,,,,,,,,,,,,,,,,,,,,,,,,,,,,,,,,,,,,,,,,,29.9,31.8,29.8,29.8,30.1,31.5,30,29.7,29.3,30.4,31.6,29.8,30.3,31.8,30.2,32.2,30.4,31.6,31.2,30,30.8,28.6,30.3,31.1,32.6,30.5,30.5,30.5,30.3,31.4,30.4,80,66,80,81,78,68,78,80,81,76,68,78,77,69,79,62,77,66,72,76,73,84,76,70,59,77,76,76,78,64,78,0.2,0,1.4,0,0,0,0,0,0,0,0,0.1,0.1,0,0.2,0,0,0,0,0.1,0,0,0,0,0,0,0.9,0.6,0.3,0,0,24.5,9,21.6,28.9,28.3,7.9,18.4,31.2,25.3,19.7,20.1,15.3,28.5,21.7,17.6,17.6,32.7,17.4,8.7,20.4,12.6,30,21.1,9.4,19.6,20.6,19.7,21.6,26.7,24.1,17.1,34.9,14.4,28.4,40.3,38.5,17.6,22.7,46.1,35.3,27.7,24.8,17.3,40.3,30.2,22.3,20.9,46.8,23,12.2,26.3,20.9,42.5,26.6,16.6,25.6,26.3,28.1,29.2,35.3,31,22,,,,,,22.2204,114.2127
2026-08-09T22:00,30.6,31.4,31.3,31.4,30.9,30.5,31.1,30.8,32.3,31.7,31.5,30.4,30.5,33,32,30.4,28,30.7,30.7,31,31.4,30.8,31.7,30.6,30.9,30.4,30.9,31.1,31.7,28,31.8,31.3,31.7,30.8,31.3,31.8,30.8,30.5,30.2,30.8,76,61,76,68,73,72,70,73,60,70,67,79,76,61,69,66,83,66,80,77,75,69,67,81,78,72,74,69,69,89,68,73,71,77,68,77,70,70,77,78,0,0,0.1,0,0,0,0,0,0,0,0,0,0,0,0,0,0.2,0,0,0,0,0,0,0,0,0,0,0.7,0,1.9,0,0,0,0,0,0,0,0,0,0,5.1,16.1,4.8,14.7,7.3,8.3,9.2,6.4,8.7,4,5.6,6.5,6.5,1.9,3.5,14.5,24.5,9.2,6.1,2.6,8.6,6.1,10.4,3.1,5.4,9.7,8.3,11.8,5.8,23,4.1,4.1,3.8,4.2,6,3.1,7.1,12.1,5.8,4.7,,,,,,,,,,,,,,,,,,,,,,,,,,,,,,,,,,,,,,,,,30,31.8,29.9,29.9,30.2,31.5,29.8,29.9,29.4,30.7,31.3,29.7,30.3,31.9,30.2,32,30.2,31.4,31,30.1,30.5,28.7,30.3,30.8,32.3,30.5,30.7,30.8,30.4,31.2,30.2,79,66,79,81,76,67,79,80,81,73,68,79,77,68,78,62,77,67,72,76,74,84,76,71,60,77,74,74,77,64,79,0.2,0,1.4,0,0,0,0,0,0,0,0,0.1,0.1,0,0.2,0,0,0,0,0.1,0,0,0,0,0,0,0.9,0.6,0.3,0,0,24.2,10.9,21.8,28,27.7,8.6,19.6,31,24.5,16.9,22.1,16.8,29,19.4,19.3,17.7,31.2,16.8,7.9,20.8,11.5,28.5,18.9,17.9,16.1,20.4,14.6,16.9,24.5,23.4,18.5,33.1,15.8,28.4,38.5,37.4,16.2,25.6,45.7,34.6,24.8,27.4,19.8,40.3,26.6,26.3,20.9,43.6,21.6,11.2,26.3,18,42.1,24.5,25.9,22.7,26.6,23,24.1,32.4,30.2,23.8,,,,,,22.2204,114.2127
2026-08-09T23:00,30.6,31.3,31.2,31.2,30.9,30.4,30.8,30.6,32.1,31.6,31.3,30.4,30.4,32.9,32,30.1,27.9,30.4,30.7,31,31.3,30.6,31.5,30.5,30.8,30.4,30.8,30.7,31.7,27.8,31.7,31.2,31.7,30.8,31.3,31.7,30.7,30.1,30,30.8,76,61,76,68,73,72,71,73,60,70,66,78,76,62,69,66,84,66,80,77,75,69,67,81,78,72,74,71,69,90,69,73,71,77,68,78,70,71,76,78,0,0,0.1,0,0,0,0,0,0,0,0,0,0,0,0,0,0.2,0,0,0,0,0,0,0,0,0,0,0.7,0,1.9,0,0,0,0,0,0,0,0,0,0,5.1,15.6,4.7,15.1,7.6,9,9.6,7.2,8.7,3.8,5.7,6.8,6.5,1.9,3.4,14.5,24.5,9.7,6.2,2.6,9,6.1,11.3,3.1,5.1,9.7,8.6,12.4,5.8,22.7,4,4.2,3.6,4.4,6.3,2.8,7.5,12.6,5.8,4.5,,,,,,,,,,,,,,,,,,,,,,,,,,,,,,,,,,,,,,,,,30.2,31.6,29.9,30,30.3,31.4,29.7,30.1,29.4,30.9,31,29.6,30.2,31.9,30.3,31.9,30.1,31.1,30.8,30.1,30.3,28.8,30.3,30.4,32,30.5,30.8,31,30.5,30.9,30.2,78,66,78,80,75,66,80,79,80,71,68,79,77,67,77,63,78,68,72,76,75,84,76,72,61,77,73,72,75,64,79,0.2,0,1.4,0,0,0,0,0,0,0,0,0.1,0.1,0,0.2,0,0,0,0,0.1,0,0,0,0,0,0,0.9,0.6,0.3,0,0,23,12.2,20.9,26.8,26.8,11.2,20.5,31.2,23.8,16.3,23.7,17.6,29,18.7,21.1,17.1,29.8,17.3,6.9,20.9,10.8,27.7,17.7,24.3,14.2,20.3,12.7,13.8,22.1,23.5,19.7,30.6,16.2,28.1,36,35.6,15.5,27,45.7,33.5,22.3,29.9,21.6,39.6,24.5,29.2,20.5,41,21.6,10.4,25.6,15.8,41.8,23,32.8,22.3,26.6,18.7,20.2,29.2,31.3,25.6,,,,,,22.2204,114.2127
2026-08-10T00:00,30.6,31.2,31.2,31,30.8,30.2,30.5,30.5,31.8,31.4,31,30.3,30.3,32.7,31.9,29.8,27.7,30.1,30.8,31,31.1,30.3,31.2,30.5,30.8,30.3,30.7,30.2,31.6,27.7,31.6,31.1,31.6,30.7,31.2,31.5,30.5,29.7,29.8,30.8,76,61,77,67,73,73,71,73,60,70,66,78,76,63,68,66,84,65,80,77,75,68,68,81,78,72,73,73,69,91,69,73,72,76,68,79,69,71,75,79,0,0,0.1,0,0,0,0,0,0,0,0,0,0,0,0,0,0.2,0,0,0,0,0,0,0,0,0,0,0.7,0,1.9,0,0,0,0,0,0,0,0,0,0,5.1,15.5,4.1,15.1,7.6,10,10.5,8,8.7,4,6.2,7.2,6.6,2.2,3.7,14.2,24.9,10.5,6.3,2.7,9.5,6.3,12.1,3.1,5.1,9.4,9,13.4,6.2,22.2,4.3,4.2,3.3,4.7,6.8,2.8,8,13,5.9,4.3,,,,,,,,,,,,,,,,,,,,,,,,,,,,,,,,,,,,,,,,,30.2,31.2,29.7,30,30.3,31.2,29.6,30.1,29.5,30.8,30.6,29.4,30,31.8,30.2,31.6,29.9,30.9,30.6,30.1,30.3,28.9,30.2,30.1,31.6,30.5,30.8,31,30.5,30.7,30.2,77,67,79,79,74,66,79,78,79,70,67,79,78,66,77,64,79,69,72,76,74,83,76,72,62,77,73,71,74,65,79,0.8,0,3.7,0,0,0,0.4,0.3,0.1,0,0,0.1,0.4,0,0.3,0,0.2,0,0,0,0,0.1,0.1,0,0,0,0.1,0.1,0.3,0,0.1,20.4,11.4,19.5,24.3,24.5,11.9,19.7,32.9,23,15.8,24.2,17.1,27.7,19.3,21.7,15.3,29.2,19.1,4.9,19.5,10.2,27.9,18.2,25.4,16.9,19.7,12.2,12.2,18.4,25.3,20.7,26.3,15.1,25.9,32.8,32.8,15.1,25.6,46.8,32.4,20.5,31.3,21.6,37.8,24.8,29.9,18.7,39.6,24.8,9.7,23.8,14.4,41.8,23.4,34.2,26.3,25.9,16.9,18.7,24.8,36.4,27.7,,,,,,22.2204,114.2127
2026-08-10T01:00,30.6,31.1,31.1,30.7,30.8,30,30.2,30.3,31.5,31.2,30.7,30.3,30.2,32.6,31.8,29.4,27.5,29.7,30.8,31,31,30.1,30.9,30.5,30.8,30.2,30.5,29.7,31.6,27.5,31.5,31.1,31.5,30.7,31.2,31.4,30.4,29.2,29.6,30.8,76,61,77,67,73,74,71,73,60,70,65,78,76,64,68,66,85,65,80,78,75,68,69,81,78,73,73,76,68,91,69,74,72,75,68,80,69,72,73,79,0,0,0.1,0,0,0,0,0,0,0,0,0,0,0,0,0,0.2,0,0,0,0,0,0,0,0,0,0,0.7,0,1.9,0,0,0,0,0,0,0,0,0,0,5.4,15.5,3.8,15.1,8,10.8,11.5,8.9,8.7,4.3,6.3,7.6,7.1,2.2,3.6,14.4,25.3,10.8,6.1,3.1,10.3,6.5,13.2,3.2,5.2,9.4,9.4,14.2,6.2,21.9,4.3,4.3,3.2,5.1,7.2,2.5,8.4,13.9,6.2,4.1,,,,,,,,,,,,,,,,,,,,,,,,,,,,,,,,,,,,,,,,,30.3,30.6,29.4,30,30.3,30.9,29.6,30,29.5,30.7,30.2,29.3,29.8,31.6,30.2,31.3,29.8,30.7,30.5,30.1,30.3,29.1,30.1,29.7,31.2,30.4,30.7,30.9,30.6,30.5,30.3,76,68,80,79,74,66,78,77,79,69,66,79,78,66,76,66,79,69,72,75,72,82,76,72,64,76,73,70,73,65,78,0.8,0,3.7,0,0,0,0.4,0.3,0.1,0,0,0.1,0.4,0,0.3,0,0.2,0,0,0,0,0.1,0.1,0,0,0,0.1,0.1,0.3,0,0.1,17.3,9.6,17.8,21.2,21.4,11.6,18.4,35.3,21.9,15.2,24.1,16.2,25.6,20.3,21.7,13.1,28.9,21.3,4.2,18,10,28.7,19.2,24.1,22.4,19,11.6,12.2,14.8,27.9,22,20.9,13.3,23,29.2,29.5,15.5,23,48.2,30.6,19.4,33.1,21.2,34.9,26.3,29.9,16.6,38.9,29.5,9.4,21.6,13.7,41.4,24.1,33.1,32.4,24.5,15.8,18,19.4,43.2,30.2,,,,,,22.2204,114.2127
2026-08-10T02:00,30.6,30.9,31,30.5,30.7,29.8,29.8,30.1,31.2,31,30.4,30.2,30.1,32.5,31.7,29,27.4,29.3,30.8,30.9,30.8,29.8,30.6,30.5,30.8,30.1,30.4,29.1,31.5,27.3,31.4,31,31.4,30.7,31.1,31.3,30.3,28.7,29.4,30.8,76,61,77,67,72,74,72,72,60,70,64,77,76,66,67,65,85,64,80,78,76,68,70,81,78,73,73,79,68,92,70,74,73,74,68,82,69,73,72,79,0,0,0.1,0,0,0,0,0,0,0,0,0,0,0,0,0,0.2,0,0,0,0,0,0,0,0,0,0,0.7,0,1.9,0,0,0,0,0,0,0,0,0,0,5.4,15,3.4,15.6,8,12,12.4,10.2,9,4.7,6.9,8.1,7.3,2.2,4,14.4,25.7,11.3,6.3,3.2,10.9,6.4,14.2,3.2,5.2,9.4,9.8,15.3,6.2,21.4,4.7,4.5,3.1,5.9,7.7,2.3,9.4,14.3,6.1,4,,,,,,,,,,,,,,,,,,,,,,,,,,,,,,,,,,,,,,,,,30.3,30.2,29,30,30.3,30.7,29.6,30,29.6,30.5,29.8,29.3,29.7,31.4,30.1,31,29.7,30.5,30.3,30.1,30.4,29.2,30.1,29.5,30.9,30.4,30.5,30.8,30.6,30.3,30.3,75,70,82,78,73,66,77,76,78,69,66,78,79,66,76,67,80,70,71,74,70,81,75,72,65,76,73,70,72,66,77,0.8,0,3.7,0,0,0,0.4,0.3,0.1,0,0,0.1,0.4,0,0.3,0,0.2,0,0,0,0,0.1,0.1,0,0,0,0.1,0.1,0.3,0,0.1,14.1,8.2,14.4,19.5,19.7,11.2,16.7,35.3,20.5,14.7,24.5,14.9,23.9,21.3,21.7,12.3,28.5,22.9,5.6,16,11,29,19.5,22.5,27,18.4,11.1,12.6,12.7,29.7,22.8,16.6,12.2,21.6,27,27.4,15.8,20.2,47.9,28.4,19.1,35.3,19.8,32.8,27.4,29.2,15.8,38.2,32.8,9.4,20.2,14,41,24.1,32,37.8,23.4,15.5,17.3,16.2,47.9,31.3,,,,,,22.2204,114.2127
2026-08-10T03:00,30.6,30.8,30.9,30.2,30.6,29.6,29.4,29.9,30.9,30.8,30.2,30.1,30,32.3,31.6,28.5,27.2,28.9,30.8,30.9,30.6,29.5,30.3,30.5,30.7,30,30.3,28.6,31.5,27.1,31.3,30.9,31.3,30.7,31.1,31.1,30.1,28.2,29.2,30.8,76,61,77,67,72,75,72,72,61,70,64,77,76,67,67,65,86,64,80,78,76,68,71,81,79,74,72,81,68,93,70,75,73,74,67,83,69,73,71,80,0,0,0.1,0,0,0,0,0,0,0,0,0,0,0,0,0,0.2,0,0,0,0,0,0,0,0,0,0,0.7,0,1.9,0,0,0,0,0,0,0,0,0,0,5.4,14.9,3.4,15.7,8.7,13,13.5,11,9,5.2,7.4,8.7,7.8,2.5,4.1,14.5,25.7,12.1,6.4,3.5,12,6.6,15.3,3.2,5,9.4,10.3,16.2,6.3,21.1,4.7,5,3,6.6,8.1,2.1,9.8,15.3,6.5,4,,,,,,,,,,,,,,,,,,,,,,,,,,,,,,,,,,,,,,,,,30.2,29.8,28.1,29.8,30.1,30.5,29.5,29.9,29.6,30.1,29.3,29.3,29.6,31,30.1,30.7,29.5,30.2,30.2,30.1,30.3,29.2,30,29.4,30.6,30.3,30.2,30.4,30.5,30.1,30.3,74,72,86,78,73,66,77,76,78,70,67,77,79,67,75,68,80,71,70,73,69,80,74,71,65,76,74,72,72,67,76,0.3,0,9.2,0.1,0,0,0,0.3,0,0,0,0.3,0,0,0.1,0,0.2,0,0,0,0,0.1,0,0,0,0.2,0.1,0.1,0,0,0.2,11.4,7.8,8.7,19.9,19.5,11.2,15.1,31.9,18.4,15.1,25.5,13.7,22.7,20.6,21.3,13.8,27.2,23,7.3,14.8,12.4,28.4,18,22.5,28.5,18.4,11.2,12,12.7,29.3,22,13.7,11.9,23,27.7,27.7,16.9,17.3,44.3,24.8,19.4,39.2,17.6,31.7,26.3,28.4,18,37.4,33.5,10.4,20.5,16.2,40.3,22.3,31.3,40.7,23,15.1,15.8,15.8,47.5,30.6,,,,,,22.2204,114.2127
2026-08-10T04:00,30.6,30.6,30.9,29.9,30.5,29.4,29.1,29.8,30.7,30.6,29.9,30,29.9,32.2,31.5,28.2,27.1,28.6,30.9,30.8,30.4,29.2,30,30.4,30.7,29.9,30.1,28,31.4,27,31.1,30.8,31.2,30.6,31,31,30,27.8,29,30.8,76,62,77,67,72,76,72,72,61,70,63,77,76,69,66,65,86,63,79,78,76,68,72,81,79,74,72,84,68,93,71,75,74,73,67,85,68,74,69,80,0,0,0.1,0,0,0,0,0,0,0,0,0,0,0,0,0,0.2,0,0,0,0,0,0,0,0,0,0,0.7,0,1.9,0,0,0,0,0,0,0,0,0,0,5.4,14.9,3.3,15.7,8.9,14.1,14.5,11.9,9,5.8,7.6,9.2,8,2.5,4.2,14.3,26,12.4,6.6,3.5,12.7,6.9,16.3,3.4,5.2,9.1,10.8,17.1,6.4,20.6,5.2,5,2.9,7.6,8.4,1.9,10.3,16.1,6.7,4,,,,,,,,,,,,,,,,,,,,,,,,,,,,,,,,,,,,,,,,,30.2,29.5,27.1,29.7,30,30.3,29.5,29.8,29.5,29.7,28.9,29.3,29.5,30.5,30,30.4,29.4,30,30.2,30.1,30.3,29.1,30,29.4,30.4,30.2,29.9,29.9,30.4,30,30.3,74,73,91,78,72,66,77,77,77,72,68,77,80,69,75,68,80,71,68,71,69,80,73,71,65,76,75,75,72,68,75,0.3,0,9.2,0.1,0,0,0,0.3,0,0,0,0.3,0,0,0.1,0,0.2,0,0,0,0,0.1,0,0,0,0.2,0.1,0.1,0,0,0.2,8.9,8.8,15.8,21.6,19.9,11.5,13.4,26.6,15.8,16,27,12.3,21.7,19.2,21.1,16.2,25.9,22.5,8.7,14.8,13.8,27.7,15.8,22.5,28.6,18,12,11.1,14,28.5,20.5,11.5,12.2,25.9,29.5,28.8,18,14.4,39.2,20.9,20.5,44.3,15.1,30.6,24.8,27.4,21.6,36.7,32.8,12.6,21.6,19.4,38.9,19.4,30.6,42.5,22.7,15.1,14,17.3,44.6,28.4,,,,,,22.2204,114.2127
2026-08-10T05:00,30.6,30.4,30.9,29.7,30.5,29.2,28.8,29.7,30.4,30.4,29.6,30,29.8,32.1,31.4,27.8,26.9,28.3,30.9,30.8,30.3,28.9,29.7,30.4,30.7,29.9,30,27.6,31.3,26.8,31,30.7,31.1,30.6,31,30.9,29.9,27.4,28.8,30.8,76,62,77,67,72,77,72,72,61,70,63,76,76,70,66,65,87,63,79,79,76,68,73,81,79,75,72,86,67,93,71,75,74,72,67,86,68,74,68,80,0,0,0.1,0,0,0,0,0,0,0,0,0,0,0,0,0,0.2,0,0,0,0,0,0,0,0,0,0,0.7,0,1.9,0,0,0,0,0,0,0,0,0,0,5.8,14.8,3.6,15.7,9.5,14.9,15.1,12.7,9,6.4,8.1,9.7,8.5,2.5,4.7,14.3,26,12.9,6.9,3.7,13.4,6.9,17.1,3.4,5.2,9.1,11.3,17.8,6.5,20.1,5.4,5.2,3.3,8,8.9,1.8,10.8,16.6,7.1,3.8,,,,,,,,,,,,,,,,,,,,,,,,,,,,,,,,,,,,,,,,,30.2,29.4,26.5,29.6,29.8,30.1,29.6,29.8,29.5,29.5,28.6,29.4,29.4,30.2,30,30.1,29.4,29.8,30.2,30.1,30.2,29.1,30,29.3,30.3,30.1,29.7,29.5,30.4,29.9,30.3,73,74,93,78,72,66,76,77,77,73,69,76,80,70,74,69,80,72,66,69,69,80,72,70,65,76,76,77,72,68,74,0.3,0,9.2,0.1,0,0,0,0.3,0,0,0,0.3,0,0,0.1,0,0.2,0,0,0,0,0.1,0,0,0,0.2,0.1,0.1,0,0,0.2,7.4,10.8,22.4,22.3,20.1,12.2,11.2,22.9,14.2,16.2,27.8,10.9,20.8,18.5,20.2,17.9,24.8,22.5,10.4,16.3,15.1,26.3,14.5,22.4,28.9,17.3,12.8,10.5,15.1,28.1,18.8,10.1,12.6,26.3,30.6,29.9,18.7,13,34.6,17.6,20.9,47.5,13,29.5,24.8,25.9,24.1,36,32.8,14.8,23.8,22,37.1,17.3,29.5,43.9,21.6,15.5,13,18.7,42.8,25.9,,,,,,22.2204,114.2127
2026-08-10T06:00,30.5,30.3,30.8,29.5,30.4,29,28.6,29.6,30.2,30.2,29.4,29.9,29.7,32,31.4,27.5,26.8,28,30.9,30.8,30.1,28.7,29.5,30.4,30.7,29.8,29.9,27.2,31.3,26.7,30.9,30.6,31.1,30.6,31,30.7,29.8,27.1,28.6,30.9,77,62,77,67,72,77,72,71,61,70,62,76,76,72,65,65,87,63,79,79,76,69,74,81,79,75,71,89,67,94,71,76,75,72,67,87,68,75,67,81,0,0,0.1,0,0,0,0,0,0,0,0,0,0,0,0,0,0.2,0,0,0,0,0,0,0,0,0,0,0.7,0,1.9,0,0,0,0,0,0,0,0,0,0,5.8,14.8,3.8,15.8,9.8,15.6,16.1,13.5,9,6.9,8.3,10.2,8.7,2.5,4.8,14.5,26.4,13.2,6.9,4,14,7.1,17.6,3.4,5.3,9.1,11.4,18.4,6.6,19.8,5.8,5.7,3.3,8.7,9.4,1.8,11.1,16.9,7.1,3.9,,,,,,,,,,,,,,,,,,,,,,,,,,,,,,,,,,,,,,,,,30.2,29.3,26.7,29.6,29.7,29.9,29.8,29.9,29.6,29.5,28.5,29.5,29.4,30.2,30,29.9,29.4,29.6,30.2,30.2,30.2,29.1,30.1,29.2,30.1,30.2,29.7,29.5,30.3,29.8,30.3,73,74,90,77,72,67,74,76,76,73,70,75,80,69,74,70,79,73,64,67,69,80,71,70,66,75,75,77,72,68,74,0,0,0.5,0,0,0,0.1,0,0,0,0,0.1,0,0,0,0,0,0,0,0,0,0,0,0,0,0.7,0,0.2,0,0,0.1,6.6,12.1,18.4,21.7,19.8,13.1,8.4,21.4,13.3,15.8,27,10,19.7,19.7,18.7,18.4,23.9,23.7,13,19.3,15.3,23.6,13.4,21.7,29.6,15.5,13.6,10.2,16.1,28.7,17.1,8.6,13.7,20.5,29.5,29.9,18.7,13.7,31.7,15.8,20.5,47.9,11.9,27.4,28.1,23.8,24.1,34.9,34.2,17.6,28.1,22.3,33.5,15.8,28.1,45,19.4,16.9,12.6,20.2,43.2,23,,,,,,22.2204,114.2127
2026-08-10T07:00,30.5,30.1,30.8,29.4,30.4,28.9,28.4,29.5,30,30.1,29.2,29.9,29.6,31.9,31.3,27.3,26.7,27.8,30.9,30.7,30,28.5,29.4,30.4,30.7,29.7,29.8,26.9,31.2,26.6,30.8,30.6,31,30.5,30.9,30.7,29.7,26.9,28.5,30.9,77,63,77,67,72,78,72,71,61,70,62,76,76,72,65,65,88,63,79,79,76,69,74,81,79,76,71,90,67,94,71,76,75,71,67,88,68,75,66,81,0,0,0.1,0,0,0,0,0,0,0,0,0,0,0,0,0,0.2,0,0,0,0,0,0,0,0,0,0,0.7,0,1.9,0,0,0,0,0,0,0,0,0,0,5.8,14.8,3.9,15.8,10,16,16.6,14,9,7.4,8.3,10.6,8.9,2.5,5,14.2,26.4,13.2,7.2,4,14.7,6.6,18.4,3.1,5,8.8,11.8,19.1,6.6,19.5,5.8,5.7,3.3,9.2,9.4,1.8,11.1,17.4,7.4,4,,,,,,,,,,,,,,,,,,,,,,,,,,,,,,,,,,,,,,,,,30.3,29.4,27.4,29.7,29.6,29.7,30,30.1,29.7,29.6,28.5,29.7,29.4,30.3,30,29.8,29.6,29.6,30.3,30.4,30.1,29.1,30.3,29.1,30,30.3,29.8,29.6,30.3,29.8,30.4,72,73,84,76,73,68,71,74,76,72,70,74,79,67,74,72,77,74,62,65,70,80,70,70,66,74,73,76,71,68,73,0,0,0.5,0,0,0,0.1,0,0,0,0,0.1,0,0,0,0,0,0,0,0,0,0,0,0,0,0.7,0,0.2,0,0,0.1,6.7,13.3,8.7,20.5,19.2,13.8,9.4,20.6,12.5,15.3,25.9,9.3,18.7,21.8,16.7,18.2,23.4,25.6,16.2,23.2,15.3,20.6,12.6,20.2,30.2,12.9,14.3,10.7,16.9,29.8,15,7.9,15.5,12.6,27.7,29.2,18.4,15.8,29.2,15.1,19.4,46.4,11.2,24.5,33.1,21.2,23,33.1,36,20.9,33.1,21.6,29.5,15.1,26.6,45.4,16.2,18.7,13,22,44.6,19.8,,,,,,22.2204,114.2127
2026-08-10T08:00,30.5,29.9,30.9,29.3,30.3,28.9,28.3,29.5,29.9,30.1,29.1,29.9,29.6,31.8,31.3,27.2,26.6,27.7,30.9,30.7,30,28.4,29.3,30.4,30.7,29.7,29.8,26.7,31.2,26.6,30.8,30.5,31,30.5,30.9,30.6,29.6,26.8,28.4,30.9,77,63,77,67,72,78,72,71,61,70,62,76,76,73,65,65,88,63,79,79,76,69,74,81,79,76,71,91,67,94,71,76,75,71,67,88,68,75,66,81,0,0,0.1,0,0,0,0,0,0,0,0,0,0,0,0,0,0.2,0,0,0,0,0,0,0,0,0,0,0.7,0,1.9,0,0,0,0,0,0,0,0,0,0,5.8,14.8,4,15.8,10,16,17.1,14.3,9,7.4,8.3,10.6,8.9,2.5,5,14.2,26.4,13.2,7.2,4,14.7,6.6,18.4,3.1,5,8.7,11.8,19.1,6.6,19.5,6,5.7,3.3,9.2,9.4,1.8,11.1,17.4,7.4,4,,,,,,,,,,,,,,,,,,,,,,,,,,,,,,,,,,,,,,,,,30.4,29.6,28.2,29.9,29.6,29.6,30.3,30.4,29.9,29.9,28.6,30.1,29.4,30.5,30.2,29.8,29.8,29.6,30.5,30.6,30.1,29.2,30.6,29.1,30,30.5,30.1,29.9,30.4,29.9,30.5,72,72,79,75,73,68,68,72,75,71,70,73,79,65,74,72,75,74,61,64,70,80,69,70,67,73,71,75,70,67,73,0,0,0.5,0,0,0,0.1,0,0,0,0,0.1,0,0,0,0,0,0,0,0,0,0,0,0,0,0.7,0,0.2,0,0,0.1,6.6,14,5.4,19.7,19,14.8,12.4,19.9,11.7,14.4,25.1,8.7,18.2,23.3,15.4,18,23,27,18,24.9,16.6,19.1,12.1,19.7,30.5,11.6,15,10.3,18.1,30.2,13.1,8.3,16.2,7.2,26.6,28.4,18,17.6,27.4,14.4,18,44.6,10.8,22.7,35.6,19.4,22.3,32,37.1,23,35.3,23,27,14.8,25.6,45.4,14,20.5,13.3,23.8,45.7,17.3,,,,,,22.2204,114.2127
2026-08-10T09:00,30.5,29.8,31,29.3,30.3,28.9,28.4,29.5,29.9,30.1,29.1,29.9,29.5,31.8,31.3,27.2,26.5,27.7,30.9,30.6,30,28.4,29.4,30.4,30.7,29.7,29.8,26.7,31.1,26.5,30.7,30.5,31,30.4,30.9,30.6,29.6,26.9,28.4,30.9,77,64,77,67,72,78,71,71,61,70,62,76,76,73,65,65,88,63,79,79,76,69,74,81,79,76,71,91,67,94,71,76,75,71,67,88,68,75,66,81,0,0,0,0,0,0,0,0,0,0,0,0,0,0,0,0,1.3,0,0,0,0,0,0,0.2,0,0,0,1.8,0,1.9,0,0,0,0,0,0,0,0,0,0,5.8,14.8,4,15.5,9.8,15.6,17.1,14.3,9,7.2,8.1,10.5,8.9,2.5,5,14.2,26.4,13,7.2,4,14.7,6.4,18.4,3.1,4.8,8.7,11.7,18.6,6.6,19.5,6,5.7,3.3,9.2,9.2,1.8,11,17.4,7.4,4,,,,,,,,,,,,,,,,,,,,,,,,,,,,,,,,,,,,,,,,,30.8,30,28.8,30.4,29.6,29.9,30.7,30.8,30.3,30.2,29.1,30.6,29.7,30.8,30.6,30.1,30.1,29.7,30.8,30.9,30.3,29.4,31,29.3,30,30.9,30.5,30.3,30.8,30.1,30.8,71,71,76,73,73,67,67,70,74,70,69,71,78,64,72,71,73,73,61,63,69,78,68,69,67,72,69,73,68,66,72,0,0,0,0,0,0,0,0,0,0,0,0,0,0,0,0,0,0,0,0,0,0,0,0,0,0,0,0,0,0,0,7.2,13.2,8.2,20.3,18.8,15.5,13.9,19.2,11.3,13.2,25.3,7.6,18.4,22.8,15.4,18,22.7,27,18.1,23.5,20.4,20.2,12.8,20.2,29.9,11,15.8,8,19.6,30.3,12.3,10.1,15.1,7.9,26.6,27.4,18.4,18,25.2,13.3,15.8,42.1,10.4,22,33.5,18.7,21.6,30.6,36.4,23,32,28.1,27.7,15.1,25.2,44.6,12.6,21.6,13,25.6,45.7,15.5,,,,,,22.2204,114.2127
2026-08-10T10:00,30.5,29.6,31.1,29.3,30.3,28.9,28.5,29.6,30,30.1,29.1,29.9,29.5,31.8,31.4,27.2,26.4,27.8,30.9,30.6,30,28.4,29.5,30.5,30.7,29.8,29.7,26.8,31.1,26.6,30.7,30.5,31,30.4,30.9,30.6,29.6,27.1,28.4,30.9,78,64,76,67,73,78,71,70,61,70,62,76,77,73,65,65,89,64,79,79,76,70,73,81,79,77,71,91,67,94,70,76,75,71,67,88,68,75,66,81,0,0,0,0,0,0,0,0,0,0,0,0,0,0,0,0,1.3,0,0,0,0,0,0,0.2,0,0,0,1.8,0,1.9,0,0,0,0,0,0,0,0,0,0,5.8,15.1,3.7,15.4,9.7,15.2,17.4,14.2,8.9,7.1,7.6,10.4,8.7,2.2,4.8,13.8,26,12.7,6.9,3.9,14,5.6,18,2.6,4.7,8.3,11.3,18.3,6.2,19.7,6.1,5.5,3.3,8.9,9.2,1.8,10.5,16.9,6.9,3.9,,,,,,,,,,,,,,,,,,,,,,,,,,,,,,,,,,,,,,,,,31.2,30.5,29.5,31,29.7,30.3,31.1,31.2,30.8,30.6,29.7,31.2,30,31.1,31.1,30.6,30.5,29.9,31.2,31.3,30.6,29.7,31.4,29.7,30,31.3,31.2,30.8,31.3,30.4,31.2,70,69,74,71,73,66,66,68,72,69,67,70,78,63,70,69,72,72,61,63,67,76,68,67,67,70,66,70,66,65,71,0,0,0,0,0,0,0,0,0,0,0,0,0,0,0,0,0,0,0,0,0,0,0,0,0,0,0,0,0,0,0,8.9,11.5,10.7,21.1,19.1,16.3,14.1,19,11.2,11.3,25.7,6.8,18.8,21.7,15.7,18.3,23,26.4,17,20.2,26.2,23.1,13.7,21.5,28.8,10.4,16.1,4.7,21.4,30.6,11.9,12.6,13.7,11.9,27,26.6,19.1,17.6,23.4,12.6,13.3,38.5,9.7,22,29.2,18.4,21.2,29.5,34.9,21.6,25.9,34.9,30.2,16.2,25.6,43.2,11.9,22.7,12.6,27.4,45.7,14.8,,,,,,22.2204,114.2127
2026-08-10T11:00,30.5,29.3,31.3,29.4,30.3,29,28.7,29.8,30,30.2,29.1,30,29.5,31.9,31.5,27.4,26.4,28,30.9,30.5,30.1,28.4,29.7,30.5,30.8,29.8,29.8,27,31.1,26.6,30.7,30.5,31,30.3,31,30.7,29.7,27.4,28.5,30.9,78,65,75,67,73,78,70,70,60,70,63,77,77,73,65,66,89,64,80,79,76,70,72,80,78,77,71,90,67,94,69,76,74,72,67,87,68,74,66,81,0,0,0,0,0,0,0,0,0,0,0,0,0,0,0,0,1.3,0,0,0,0,0,0,0.2,0,0,0,1.8,0,1.9,0,0,0,0,0,0,0,0,0,0,5.8,15.5,3.5,15,9,14.4,16.9,14,8.6,6.6,7.4,9.8,8.2,2.2,4.3,13.7,25.6,11.9,7,3.9,13.4,4.9,17.2,2.6,4.2,8.3,11.1,17.5,6.2,20.1,6.1,5.3,2.9,8.4,8.5,1.9,9.9,16.4,6.4,3.4,,,,,,,,,,,,,,,,,,,,,,,,,,,,,,,,,,,,,,,,,31.6,30.9,30,31.4,29.9,30.6,31.5,31.5,31.2,31,30.2,31.7,30.3,31.3,31.5,31,30.8,30.2,31.5,31.6,30.9,30,31.8,30.1,30.2,31.7,31.7,31.2,31.7,30.7,31.5,69,68,73,69,72,65,65,67,71,68,66,68,77,63,68,67,71,71,61,63,66,75,67,65,66,69,64,68,64,64,71,0,0,0,0,0,0,0,0,0,0,0,0,0,0,0,0,0,0,0,0,0,0,0,0,0,0,0,0,0,0,0,10.7,10.2,12.8,21.7,20.2,16.6,13.6,19,11.2,10.1,26,6.2,19.7,21.1,16.2,19.2,23.7,25.5,15.6,16.7,30.8,26.4,14.7,22.3,28.3,10.2,16.4,2.5,22.6,30.2,12,15.1,13.3,15.1,27.7,26.6,19.4,17.3,23,12.6,11.9,36,9.4,22.7,25.9,18.7,22.3,29.9,33.5,20.2,20.9,40,33.1,16.9,25.9,42.5,12.2,23,12.6,28.8,45,14.8,,,,,,22.2204,114.2127
2026-08-10T12:00,30.5,29.1,31.4,29.5,30.4,29.1,28.9,30,30.2,30.3,29.2,30.1,29.5,32,31.6,27.6,26.3,28.2,30.9,30.5,30.2,28.5,30,30.5,30.8,29.9,29.8,27.3,31.1,26.6,30.8,30.5,31,30.3,31,30.8,29.7,27.8,28.6,31,78,66,74,67,73,78,68,70,60,70,63,77,78,72,65,66,90,65,80,78,76,71,71,80,78,78,71,89,67,93,68,76,74,72,67,87,68,73,67,80,0,0,0,0,0,0,0,0,0,0,0,0,0,0,0,0,1.3,0,0,0,0,0,0,0.2,0,0,0,1.8,0,1.9,0,0,0,0,0,0,0,0,0,0,5.9,15.6,3.2,14.2,8.8,13.3,16.8,13.4,8.6,6.3,6.8,9.3,7.9,2.3,4.2,13.7,25.6,11.3,6.8,3.8,12.7,4.2,16.4,2.1,4.1,8,10.6,16.4,5.7,20.3,5.8,5.2,2.9,8.1,8,1.8,9.3,15.9,6.1,3.3,,,,,,,,,,,,,,,,,,,,,,,,,,,,,,,,,,,,,,,,,31.9,31,30.1,31.7,30.3,30.9,31.8,31.6,31.4,31.4,30.5,32.1,30.5,31.5,31.8,31.3,30.7,30.4,31.7,31.9,31.2,30.1,32,30.4,30.4,32,32,31.4,32.2,31,31.6,68,67,73,69,71,65,64,67,70,67,65,66,76,64,67,65,72,70,62,64,65,75,66,64,65,68,63,66,62,63,71,0,0,0,0,0,0,0,0,0,0,0,0,0,0,0,0,0,0,0,0,0,0,0,0,0,0,0,0,0,0,0.2,12.3,10.8,14.1,22.3,21.7,16.1,11.8,20.2,12.1,9.4,25.4,4.1,21.1,20.6,17,21.7,26.2,24.2,14.2,14.4,32.7,29.5,15.2,22.6,29.1,10.9,15.6,1.6,23.4,29.5,13.7,16.2,15.5,16.6,28.8,29.2,19.1,16.6,24.5,14,12.2,34.6,8.3,24.1,25.6,19.8,25.9,32.4,32,19.4,19.4,42.8,36.4,17.6,26.3,43.2,13.7,22,13.7,29.5,43.9,16.2,,,,,,22.2204,114.2127
2026-08-10T13:00,30.5,28.9,31.7,29.7,30.4,29.2,29.2,30.2,30.3,30.4,29.3,30.1,29.5,32.1,31.7,27.9,26.3,28.5,30.9,30.4,30.3,28.6,30.3,30.6,30.9,30,29.8,27.6,31.1,26.7,30.8,30.5,31.1,30.2,31.1,30.8,29.8,28.3,28.7,31,79,67,73,68,74,78,67,70,59,71,64,78,78,71,65,66,90,65,81,78,75,72,70,80,78,78,71,88,67,93,67,76,74,73,68,86,69,73,67,80,0,0,0,0,0,0,0,0,0,0,0,0,0,0,0,0,1.3,0,0,0,0,0,0,0.2,0,0,0,1.8,0,1.9,0,0,0,0,0,0,0,0,0,0,5.6,16,2.7,13.9,8.1,12.1,16.6,13.3,8.5,5.8,6.3,8.8,7.3,2.1,3.8,13.2,25.2,10.5,6.6,3.7,12,3.9,15.8,1.8,4,7.9,10.1,15.3,5.2,20.8,5.8,5,3,7.4,7.4,2,8.4,15.5,5.7,3.3,,,,,,,,,,,,,,,,,,,,,,,,,,,,,,,,,,,,,,,,,32.3,31,30.1,31.8,30.9,31.2,32.2,31.6,31.5,31.7,30.6,32.5,30.6,31.5,32.1,31.5,30.5,30.6,31.9,32.1,31.4,30.1,32.1,30.8,30.7,32.2,32.3,31.5,32.6,31.1,31.5,66,65,74,70,69,64,64,68,70,65,65,64,75,65,66,63,75,70,63,65,64,76,66,63,65,68,64,65,60,61,72,0,0,0,0,0,0,0,0,0,0,0,0,0,0,0,0,0,0,0,0,0,0,0,0,0,0,0,0,0,0,0.2,13.7,12.5,15.2,24.4,23.7,15.1,9,23.1,14.5,9.7,24.6,1.8,22.6,21,18.4,26,29.9,23.1,13.1,13,33,32.7,15.8,22.6,30.8,13.7,14.5,5.2,24.4,28.8,16.1,17.3,19.1,17.6,30.2,32.4,18.7,15.8,27.4,16.6,13.7,33.5,7.2,26.3,26.3,22,31,36.7,30.2,19.1,19.1,43.9,40.3,18,26.6,44.6,16.2,20.5,15.5,29.5,42.5,18.7,,,,,,22.2204,114.2127
2026-08-10T14:00,30.5,28.7,31.9,29.8,30.4,29.3,29.6,30.4,30.5,30.6,29.4,30.2,29.5,32.2,31.8,28.1,26.3,28.7,30.9,30.4,30.4,28.7,30.6,30.6,30.9,30,29.9,28,31,26.8,30.8,30.5,31.2,30.1,31.1,30.9,29.9,28.8,28.8,31,79,68,72,68,75,78,66,69,59,71,65,79,79,70,66,67,91,66,81,78,75,72,68,80,77,79,71,87,67,92,66,76,73,74,68,85,69,72,68,80,0,0,0,0,0,0,0,0,0,0,0,0,0,0,0,0,1.3,0,0,0,0,0,0,0.2,0,0,0,1.8,0,1.9,0,0,0,0,0,0,0,0,0,0,5.8,16.4,2.3,13.4,8,10.6,15.9,12.8,8.1,5.4,6,8.3,7.2,2,3.6,13.2,24.9,10,6.6,3.7,11.4,3.3,14.7,1.6,4,8.2,9.4,14.2,5.2,21.2,5.6,4.6,2.9,6.9,7.2,2.6,8,14.5,5,3.1,,,,,,,,,,,,,,,,,,,,,,,,,,,,,,,,,,,,,,,,,32.4,31,30,31.7,31.4,31.4,32.4,31.5,31.5,31.8,30.7,32.6,30.6,31.6,32.1,31.6,30.3,30.7,31.9,32.2,31.6,30,32.1,31.1,30.9,32.3,32.5,31.6,32.7,31.3,31.4,66,64,75,71,67,64,64,70,71,64,65,63,75,66,66,61,77,70,64,66,63,77,66,62,64,68,64,65,60,60,72,0,0,0,0,0,0,0,0,0,0,0,0,0,0,0,0,0,0,0,0,0,0,0,0,0,0,0,0,0,0,0.2,15.2,15.1,15.9,27,24.4,14,6.6,26.2,17.1,11,23.7,2.9,23.9,22.1,20,28.7,32.9,22.5,12.4,11.6,31.8,35,16.2,22,31.8,17,14.1,9.4,24.6,28.3,18.3,19.1,22.3,18.4,32,33.8,18.4,15.1,30.2,19.1,15.1,32.8,7.2,28.1,27.4,23.8,34.9,40,29.5,18.4,18.4,43.2,43.2,18.7,26.6,45.4,19.1,19.4,17.6,29.9,41,21.2,,,,,,22.2204,114.2127
2026-08-10T15:00,30.5,28.4,32.1,30,30.5,29.5,29.9,30.6,30.7,30.7,29.5,30.3,29.6,32.2,31.9,28.4,26.3,29,30.8,30.3,30.5,28.8,30.9,30.7,31,30.1,29.9,28.4,31,26.8,30.9,30.5,31.2,30.1,31.1,31,29.9,29.3,28.9,31,80,69,71,68,75,78,65,69,59,71,65,79,79,70,66,67,91,67,82,78,75,73,67,79,77,79,71,85,67,92,64,75,73,74,68,84,69,71,69,79,0,0,0,0,0,0,0,0,0,0,0,0,0,0,0,0,1.3,0,0,0,0,0,0,0.2,0,0,0,1.8,0,1.9,0,0,0,0,0,0,0,0,0,0,6.1,16.9,1.8,13,7.6,9.5,15.8,12.2,8,5.5,5.5,7.9,6.6,2.6,3.2,13,24.1,9.1,6.7,3.6,10.4,2.9,13.8,1.1,3.8,8.2,9,13.1,4.7,21.7,5.3,4.5,3.1,6.5,6.7,2.9,7.2,14,4.7,3.2,,,,,,,,,,,,,,,,,,,,,,,,,,,,,,,,,,,,,,,,,32.1,31,29.8,31.4,31.6,31.4,32.3,31.3,31.2,31.8,30.8,32.4,30.6,31.6,31.8,31.6,30.1,30.5,31.7,31.9,31.7,29.8,32,31.4,31.1,32,32.5,31.5,32.4,31.3,31.4,67,64,76,73,65,64,64,72,73,64,65,63,75,67,68,60,78,72,65,68,63,78,67,61,63,70,64,65,63,59,72,0,0,0,0,0,0,0,0,0,0,0,0,0,0,0,0,0,0,0,0,0,0,0,0,0,0,0,0,0,0,0,18.1,17.9,15.8,29,23.1,12.5,4.3,28.4,19.1,12.8,22.3,6.2,24.2,23,21.5,29.6,33.4,23.5,10.9,8.3,28,36.3,16.5,21.1,31.6,20.2,14.8,14.3,24.3,27.9,19.2,23.4,24.8,18,34.2,31.3,18.4,13.7,33.8,20.9,15.8,31.3,9,29.2,28.8,25.9,36.7,41.8,30.2,16.9,16.2,38.5,45,19.4,25.9,44.3,23,20.2,20.9,30.6,40,22.7,,,,,,22.2204,114.2127
2026-08-10T16:00,30.5,28.2,32.3,30.1,30.5,29.6,30.2,30.8,30.9,30.8,29.6,30.4,29.6,32.3,32,28.7,26.2,29.3,30.8,30.3,30.6,28.9,31.2,30.7,31,30.2,30,28.7,31,26.9,30.9,30.5,31.3,30,31.2,31.1,30,29.7,29,31,80,70,70,68,76,78,63,69,58,71,66,80,80,69,66,67,92,67,82,77,75,74,65,79,77,80,71,84,67,91,63,75,72,75,68,83,70,71,70,79,0,0,0,0,0,0,0,0,0,0,0,0,0,0,0,0,1.3,0,0,0,0,0,0,0.2,0,0,0,1.8,0,1.9,0,0,0,0,0,0,0,0,0,0,6.3,17.3,1.8,12.2,7.3,8.3,15.2,11.8,7.7,5.4,5.1,7.7,6.5,2.7,3.3,12.7,23.8,8.3,6.6,3.6,9.8,2.9,12.9,0.7,4,8.8,8.8,12,4.3,22.2,5.3,4.4,3.3,6.2,6.2,3.1,6.9,13.2,4.1,3.6,,,,,,,,,,,,,,,,,,,,,,,,,,,,,,,,,,,,,,,,,31.7,31,29.6,30.9,31.8,31.2,32,31.1,30.8,31.6,30.9,32.1,30.5,31.6,31.2,31.5,29.9,30.2,31.3,31.4,31.7,29.5,31.8,31.6,31.2,31.5,32.5,31.3,31.8,31.3,31.5,69,64,76,76,64,63,65,74,75,64,65,64,75,68,72,59,79,74,67,70,64,79,68,61,62,73,65,66,68,58,72,0,0,0,0,0,0,0,0,0,0,0,0,0,0,0,0,0,0,0,0,0,0,0,0,0,0,0,0,0,0,0,22.9,21.3,15,30.5,20.6,11.3,4.3,29.3,20.7,14.5,20.8,10.2,23.8,23.1,22.7,29.2,32.7,25.4,11.5,6.6,23.3,36.7,16.5,20.2,31.1,23.2,16.5,19.4,24.8,27.1,19.6,28.4,26.6,16.9,36.4,27.4,18.7,12.6,37.4,22.7,16.9,30.2,11.5,29.9,30.2,28.1,37.8,42.8,31.7,15.1,13.3,31.7,45.7,20.2,24.8,42.5,27.4,21.2,24.8,32,38.5,24.1,,,,,,22.2204,114.2127
2026-08-10T17:00,30.4,28,32.4,30.2,30.5,29.7,30.5,31,31,31,29.7,30.5,29.6,32.4,32,29,26.2,29.6,30.8,30.2,30.7,29,31.5,30.7,31.1,30.3,30,29.1,31,27,30.9,30.4,31.3,29.9,31.2,31.2,30.1,30.2,29.1,31.1,81,71,69,69,76,78,62,69,58,71,67,80,80,68,67,68,92,68,83,77,75,74,64,79,76,80,71,82,67,91,62,75,72,76,68,82,70,70,71,79,0,0,0,0,0,0,0,0,0,0,0,0,0,0,0,0,1.3,0,0,0,0,0,0,0.2,0,0,0,1.8,0,1.9,0,0,0,0,0,0,0,0,0,0,6.4,17.7,1.5,11.8,7.5,7.2,14.6,11.3,7.6,5.3,4.7,7.5,6.1,3.1,3.1,12.6,23.4,7.4,6.9,3.6,9,3.3,11.8,0.7,4.2,8.9,8.6,10.9,4.3,22.4,5.3,4.3,3.6,5.9,5.8,3.4,6.5,12.6,4,4.1,,,,,,,,,,,,,,,,,,,,,,,,,,,,,,,,,,,,,,,,,31.2,31,29.4,30.4,31.8,31.1,31.8,30.8,30.3,31.3,30.8,31.6,30.4,31.6,30.8,31.3,29.7,30,31,30.9,31.6,29.3,31.5,31.5,31.2,31.1,32.4,31,31.3,31.3,31.4,71,64,77,79,63,63,66,76,77,65,65,66,76,69,75,59,80,76,68,72,65,81,70,62,61,75,65,68,72,58,72,0,0,0,0,0,0,0,0,0,0,0,0,0,0,0,0,0,0,0,0,0,0,0,0,0,0,0,0,0,0,0,26.1,23.7,15.2,31.4,19.1,10.8,6.9,29.8,22,16,20.5,13.1,23.5,22.9,23.3,28.9,31.8,26.6,12.9,8.6,20.5,36.5,16.8,19.9,30,25,18.1,23.4,26.7,25.4,20.4,31.7,28.1,16.9,38.9,24.5,19.1,12.2,39.6,24.5,17.6,30.2,14,30.6,31,29.9,38.5,43.9,32.8,14,11.5,27,46.1,20.9,24.1,41,30.6,22.3,27.7,33.8,37.4,26.3,,,,,,22.2204,114.2127
2026-08-10T18:00,30.4,27.8,32.5,30.3,30.6,29.8,30.7,31.1,31.2,31.1,29.8,30.5,29.6,32.4,32.1,29.2,26.2,29.8,30.8,30.2,30.8,29.1,31.7,30.8,31.1,30.3,30.1,29.3,30.9,27.1,30.9,30.4,31.3,29.9,31.2,31.2,30.1,30.5,29.2,31.1,81,72,68,69,77,77,61,68,58,71,67,81,81,68,67,68,92,69,83,77,75,75,63,79,76,81,71,81,68,90,62,75,72,76,69,81,70,70,72,79,0,0,0,0,0,0,0,0,0,0,0,0,0,0,0,0,1.3,0,0,0,0,0,0,0.2,0,0,0,1.8,0,1.9,0,0,0,0,0,0,0,0,0,0,6.6,17.8,1.3,11.4,7.4,6.5,14.5,10.9,7.3,5.7,4.7,7.4,6.1,3.1,3.2,12.6,23.1,7,7.1,3.6,8.6,3.6,11.3,0.5,4.4,9.4,8.4,10.1,4,22.9,4.8,4,3.7,6.2,5.4,3.8,6.4,12.2,4,4.1,,,,,,,,,,,,,,,,,,,,,,,,,,,,,,,,,,,,,,,,,30.9,30.8,29.1,29.9,31.6,31.1,31.5,30.6,29.8,30.9,30.7,31.1,30.1,31.5,30.5,31.1,29.5,29.9,30.7,30.6,31.5,29,31.1,31.1,31,30.7,32.3,30.7,30.8,31.1,31,73,65,79,82,62,63,66,78,80,67,66,69,77,70,77,59,81,76,69,74,65,83,72,64,62,77,65,71,75,61,74,0,0,0.2,0,0,0,0.1,0,0,0,0.2,0.1,0.1,0,0,0,0.1,0.6,0,0.2,0,0,0,0,0,0,0,0,0,0,0,25.5,23.8,15.7,32.5,19.5,11.5,10.5,29,23.3,16.5,22.5,14.8,23.2,21.9,23.6,29,30.9,26.1,12.6,9.4,20.3,34.7,17.6,20.2,29.3,25.1,18.7,24.2,28.2,22.1,22,31,28.1,18.4,42.1,24.8,19.1,14.4,38.5,27,18.7,32.8,16.2,31,29.9,31.7,39.6,45,32.4,13.7,11.2,27.4,45.4,22,24.8,40,32,22.3,28.8,37.8,35.6,29.9,,,,,,22.2204,114.2127
2026-08-10T19:00,30.4,27.7,32.6,30.4,30.6,29.9,30.9,31.2,31.2,31.1,29.9,30.6,29.7,32.4,32.2,29.3,26.2,30,30.7,30.2,30.9,29.2,31.9,30.8,31.2,30.4,30.1,29.5,30.9,27.2,30.9,30.4,31.3,29.9,31.2,31.3,30.2,30.8,29.3,31.1,82,72,68,70,78,77,60,68,58,72,68,81,81,68,67,69,93,69,84,77,75,76,62,79,76,81,72,80,68,90,61,75,72,77,69,80,71,69,73,79,0,0,0,0,0,0,0,0,0,0,0,0,0,0,0,0,1.3,0,0,0,0,0,0,0.2,0,0,0,1.8,0,1.9,0,0,0,0,0,0,0,0,0,0,6.9,18.1,1.5,11,7.2,5.8,13.9,10.5,7.2,5.6,4.5,7.6,5.8,3.3,3.1,12.1,23,6.2,7.2,3.7,8.4,3.7,10.9,0.8,4.3,9.7,8.2,9.8,4,22.9,4.8,4,4,6,5.4,4.1,6.3,11.7,3.7,4.4,,,,,,,,,,,,,,,,,,,,,,,,,,,,,,,,,,,,,,,,,30.5,30.7,28.8,29.6,31.3,31,31.3,30.3,29.3,30.4,30.5,30.5,29.9,31.4,30.3,30.9,29.4,30,30.5,30.3,31.4,28.8,30.7,30.4,30.5,30.3,32.1,30.3,30.3,30.9,30.4,75,66,81,84,62,62,67,79,82,70,68,73,78,70,77,59,82,75,69,76,66,85,74,67,63,79,65,74,77,64,76,0,0,0.2,0,0,0,0.1,0,0,0,0.2,0.1,0.1,0,0,0,0.1,0.6,0,0.2,0,0,0,0,0,0,0,0,0,0,0,22.8,22.8,16.5,33.4,21.2,13,14,27.4,24.1,17.2,26.3,15.5,22.7,20.3,23.2,29.3,30.2,24.8,12.6,10,22,32.4,18.2,21.5,28.3,24.4,18.5,23.4,29,21.6,24.4,28.8,27.7,20.9,45.4,26.6,18.7,17.6,36,29.9,19.4,36.7,18,31,27.7,33.1,40.7,45.7,31.3,14,11.5,29.5,44.3,23,25.9,38.9,32.8,22,29.5,42.1,33.5,33.8,,,,,,22.2204,114.2127
2026-08-10T20:00,30.4,27.6,32.6,30.3,30.6,29.9,31,31.3,31.3,31.2,29.9,30.6,29.7,32.4,32.2,29.4,26.2,30.1,30.7,30.1,30.9,29.2,31.9,30.7,31.2,30.4,30.1,29.6,30.9,27.3,30.9,30.3,31.3,29.8,31.2,31.3,30.2,31,29.3,31.1,82,73,68,70,78,77,60,68,59,72,68,81,81,68,68,69,93,70,84,77,75,76,62,79,76,82,72,80,69,89,61,75,72,77,69,80,71,69,74,79,0,0,0,0,0,0,0,0,0,0,0,0,0,0,0,0,1.3,0,0,0,0,0,0,0.2,0,0,0,1.8,0,1.9,0,0,0,0,0,0,0,0,0,0,6.9,18.1,1.5,11,7.4,5.4,13.8,10.5,6.9,5.9,4.6,7.4,5.8,3.3,3.3,12.1,22.7,5.8,7.5,3.7,8.1,4,10.5,0.8,4.6,10,8,9.4,3.7,22.9,4.8,4,4.3,6.1,5.1,4.1,6.2,11.6,3.8,4.4,,,,,,,,,,,,,,,,,,,,,,,,,,,,,,,,,,,,,,,,,30.3,30.5,28.7,29.3,31.1,30.8,30.9,30.1,28.9,30,30.3,30,29.7,31.3,30.1,30.7,29.3,30,30.3,30.1,31.1,28.7,30.3,29.9,30.1,30,31.9,30,30,30.7,30,77,67,83,85,62,62,68,80,84,73,69,76,79,70,78,60,83,75,70,78,66,87,76,70,65,80,65,76,79,67,78,0,0,0.2,0,0,0,0.1,0,0,0,0.2,0.1,0.1,0,0,0,0.1,0.6,0,0.2,0,0,0,0,0,0,0,0,0,0,0,20.6,21.6,17.2,34.3,22.4,14.2,16.4,26.3,24.4,17.8,29.2,16.1,22.3,18.7,23.4,29,29.6,24,13.8,11.2,23.4,30.5,18.8,22.8,27.7,23.7,18.2,22.7,29.3,23.7,25.9,27,26.6,23,48.2,28.4,19.1,19.8,34.6,32,20.5,40,19.4,31,25.6,34.6,40.7,46.1,31,14.4,12.6,31.3,43.2,23.8,26.6,38.2,33.1,21.6,29.9,45,33.1,36.7,,,,,,22.2204,114.2127
2026-08-10T21:00,30.3,27.5,32.6,30.2,30.6,29.9,31,31.3,31.3,31.2,29.9,30.7,29.7,32.4,32.2,29.4,26.2,30.1,30.6,30.1,30.9,29.2,31.9,30.7,31.3,30.4,30.1,29.6,30.8,27.3,30.8,30.2,31.3,29.8,31.2,31.3,30.2,31,29.3,31.1,82,73,68,71,78,77,60,68,60,72,68,81,81,69,69,69,93,71,84,77,75,76,62,79,76,83,73,80,70,88,61,75,73,77,69,80,71,69,75,79,0,0.1,0,0,0,0,0,0,0,0,0,0,0,0,0,0,4.5,0,0,0,0,0,0,0.1,0,0,0,0.1,0,0.2,0,0,0,0,0,0,0,0,0,0,6.9,18.1,1.5,11,7.4,5.4,13.7,10.5,6.5,5.9,4.6,7.4,5.8,3.3,3.3,12.1,22.3,5.4,7.8,3.7,7.9,4,10.3,0.8,4.6,10.2,7.7,9.4,3.7,22.9,4.8,4,4.3,6.1,5.2,4.1,5.9,11.5,3.9,4.4,,,,,,,,,,,,,,,,,,,,,,,,,,,,,,,,,,,,,,,,,30.3,30.3,28.7,29.4,30.8,30.6,30.4,30.2,28.8,29.7,30.1,29.7,29.6,31.2,29.9,30.5,29.3,29.9,30.1,29.9,30.6,28.7,30,29.5,29.7,29.9,31.6,29.9,29.9,30.6,29.9,77,68,83,84,62,62,70,80,85,75,69,77,79,70,78,61,83,76,71,79,67,87,77,73,66,80,65,77,79,67,78,0,0,0.4,0,0,0,0.2,0,0,0,0.1,0.1,1.1,0,0,0,0.7,1.4,0,0.3,0,0,0,0,0.1,0.2,0,0,0,0,0,21,20.3,18.5,35.5,23.4,15.3,15.9,27,23.5,18.1,30,15.9,22.3,17.1,23.9,27.5,29.6,23.6,14.7,13.4,22.7,29.6,19.2,22.6,26.6,23.5,17.9,23.9,29,25.2,26.1,27.7,25.6,24.8,51.1,31,20.5,19.1,36.4,32.4,20.9,41.4,19.8,31.3,24.1,35.6,38.5,45.7,31.7,15.1,15.1,31,42.5,24.1,27,37.1,34.2,22,31.3,44.6,36,37.4,,,,,,22.2204,114.2127
2026-08-10T22:00,30.3,27.4,32.5,30.1,30.6,29.9,30.9,31.2,31.2,31.2,29.9,30.7,29.7,32.3,32.1,29.4,26.1,30.1,30.6,30.1,30.9,29.2,31.8,30.6,31.3,30.4,30.1,29.5,30.8,27.4,30.7,30.1,31.2,29.8,31.1,31.2,30.1,31,29.2,31.1,83,74,69,71,79,77,60,68,61,73,68,81,81,70,69,70,93,71,85,77,76,77,62,80,76,83,74,80,71,88,62,75,73,77,69,80,72,69,76,80,0,0.1,0,0,0,0,0,0,0,0,0,0,0,0,0,0,4.5,0,0,0,0,0,0,0.1,0,0,0,0.1,0,0.2,0,0,0,0,0,0,0,0,0,0,6.6,18,1.5,11.2,7.1,5.4,13.6,10.5,6.1,5.9,4.6,7.1,5.4,3,3.1,11.8,22.3,5.1,8,3.7,7.6,4,10.6,1.1,4.3,10,7.7,9.8,3.3,22.4,4.7,4,4.7,6,4.8,4.1,5.9,11.9,3.5,4.1,,,,,,,,,,,,,,,,,,,,,,,,,,,,,,,,,,,,,,,,,30.3,30.2,28.8,29.6,30.6,30.2,29.7,30.3,28.8,29.5,30,29.5,29.7,31.2,29.9,30.3,29.3,29.9,30,29.7,30,28.8,29.8,29.2,29.3,29.8,31.3,29.8,30.1,30.5,29.8,77,68,82,83,62,62,74,79,84,77,70,78,78,70,79,62,83,76,72,78,68,87,79,76,67,79,65,77,79,65,78,0,0,0.4,0,0,0,0.2,0,0,0,0.1,0.1,1.1,0,0,0,0.7,1.4,0,0.3,0,0,0,0,0.1,0.2,0,0,0,0,0,22.2,18.4,19.7,36.4,24.5,16.7,14.2,28.7,22.4,17.9,29.3,15.7,22.3,16.3,24.8,26,30.6,23.6,15,15.3,21.1,29.1,19.3,21.5,25.6,23.2,17.6,25.9,28.3,27,25.5,29.5,24.1,26.6,53.6,33.8,22,16.9,39.2,32,21.6,42.5,19.4,31.7,22.3,36.7,35.6,44.6,32.8,16.2,18.7,29.5,41.8,24.5,27.4,36,34.9,22.7,33.1,42.5,40.7,36.7,,,,,,22.2204,114.2127
2026-08-10T23:00,30.2,27.4,32.3,29.9,30.5,29.8,30.9,31.1,31.1,31.1,29.9,30.7,29.8,32.1,32.1,29.4,26.1,30.1,30.5,30,30.9,29.2,31.6,30.5,31.3,30.3,30.1,29.4,30.7,27.5,30.7,30,31.2,29.8,31.1,31.2,30.1,30.9,29.1,31,83,74,70,72,79,76,60,68,63,73,68,81,81,71,70,70,94,72,85,78,76,77,62,80,77,84,75,81,73,87,62,76,74,77,70,80,73,69,78,80,0,0.1,0,0,0,0,0,0,0,0,0,0,0,0,0,0,4.5,0,0,0,0,0,0,0.1,0,0,0,0.1,0,0.2,0,0,0,0,0,0,0,0,0,0,6.4,18,1.6,11.2,6.9,5.8,13.5,10.5,5.8,5.6,4.6,6.9,5.4,3,3.1,11.6,22.3,5,8,3.7,7.6,3.7,11,1.1,4.3,10,7.2,10.5,3.3,22.2,4.7,3.6,4.7,5.8,4.8,3.8,5.6,12.1,3.5,3.8,,,,,,,,,,,,,,,,,,,,,,,,,,,,,,,,,,,,,,,,,30.3,30.1,28.9,29.8,30.4,29.9,29.1,30.4,28.9,29.3,29.8,29.4,29.7,31.1,29.8,30.1,29.4,29.8,29.9,29.5,29.5,28.9,29.7,29,28.6,29.8,31,29.7,30.2,30.5,29.8,76,69,81,81,62,62,76,78,84,79,70,78,78,69,79,63,82,77,73,78,69,86,79,78,70,79,65,77,78,64,78,0,0,0.4,0,0,0,0.2,0,0,0,0.1,0.1,1.1,0,0,0,0.7,1.4,0,0.3,0,0,0,0,0.1,0.2,0,0,0,0,0,22.4,17.3,20.2,36.1,23.7,17.4,12.6,30,22,17.9,28.5,15.8,22.5,15.5,25.9,24.3,31.5,23.3,15.3,16.7,20.1,29.6,19.4,20.4,24.3,22.6,17.9,26.8,27.3,29.2,25.3,29.9,22.7,27.4,54,34.6,23,15.5,41,32,22.7,43.2,19.8,32,21.6,37.8,33.5,44.3,33.1,17.6,21.2,28.4,41.8,25.2,27,36.4,34.2,23,33.5,40,44.6,36,,,,,,22.2204,114.2127
