time,temperature_2m_icon_seamless_eps (°C),temperature_2m_member01_icon_seamless_eps (°C),temperature_2m_member02_icon_seamless_eps (°C),temperature_2m_member03_icon_seamless_eps (°C),temperature_2m_member04_icon_seamless_eps (°C),temperature_2m_member05_icon_seamless_eps (°C),temperature_2m_member06_icon_seamless_eps (°C),temperature_2m_member07_icon_seamless_eps (°C),temperature_2m_member08_icon_seamless_eps (°C),temperature_2m_member09_icon_seamless_eps (°C),temperature_2m_member10_icon_seamless_eps (°C),temperature_2m_member11_icon_seamless_eps (°C),temperature_2m_member12_icon_seamless_eps (°C),temperature_2m_member13_icon_seamless_eps (°C),temperature_2m_member14_icon_seamless_eps (°C),temperature_2m_member15_icon_seamless_eps (°C),temperature_2m_member16_icon_seamless_eps (°C),temperature_2m_member17_icon_seamless_eps (°C),temperature_2m_member18_icon_seamless_eps (°C),temperature_2m_member19_icon_seamless_eps (°C),temperature_2m_member20_icon_seamless_eps (°C),temperature_2m_member21_icon_seamless_eps (°C),temperature_2m_member22_icon_seamless_eps (°C),temperature_2m_member23_icon_seamless_eps (°C),temperature_2m_member24_icon_seamless_eps (°C),temperature_2m_member25_icon_seamless_eps (°C),temperature_2m_member26_icon_seamless_eps (°C),temperature_2m_member27_icon_seamless_eps (°C),temperature_2m_member28_icon_seamless_eps (°C),temperature_2m_member29_icon_seamless_eps (°C),temperature_2m_member30_icon_seamless_eps (°C),temperature_2m_member31_icon_seamless_eps (°C),temperature_2m_member32_icon_seamless_eps (°C),temperature_2m_member33_icon_seamless_eps (°C),temperature_2m_member34_icon_seamless_eps (°C),temperature_2m_member35_icon_seamless_eps (°C),temperature_2m_member36_icon_seamless_eps (°C),temperature_2m_member37_icon_seamless_eps (°C),temperature_2m_member38_icon_seamless_eps (°C),temperature_2m_member39_icon_seamless_eps (°C),relativehumidity_2m_icon_seamless_eps (%),relativehumidity_2m_member01_icon_seamless_eps (%),relativehumidity_2m_member02_icon_seamless_eps (%),relativehumidity_2m_member03_icon_seamless_eps (%),relativehumidity_2m_member04_icon_seamless_eps (%),relativehumidity_2m_member05_icon_seamless_eps (%),relativehumidity_2m_member06_icon_seamless_eps (%),relativehumidity_2m_member07_icon_seamless_eps (%),relativehumidity_2m_member08_icon_seamless_eps (%),relativehumidity_2m_member09_icon_seamless_eps (%),relativehumidity_2m_member10_icon_seamless_eps (%),relativehumidity_2m_member11_icon_seamless_eps (%),relativehumidity_2m_member12_icon_seamless_eps (%),relativehumidity_2m_member13_icon_seamless_eps (%),relativehumidity_2m_member14_icon_seamless_eps (%),relativehumidity_2m_member15_icon_seamless_eps (%),relativehumidity_2m_member16_icon_seamless_eps (%),relativehumidity_2m_member17_icon_seamless_eps (%),relativehumidity_2m_member18_icon_seamless_eps (%),relativehumidity_2m_member19_icon_seamless_eps (%),relativehumidity_2m_member20_icon_seamless_eps (%),relativehumidity_2m_member21_icon_seamless_eps (%),relativehumidity_2m_member22_icon_seamless_eps (%),relativehumidity_2m_member23_icon_seamless_eps (%),relativehumidity_2m_member24_icon_seamless_eps (%),relativehumidity_2m_member25_icon_seamless_eps (%),relativehumidity_2m_member26_icon_seamless_eps (%),relativehumidity_2m_member27_icon_seamless_eps (%),relativehumidity_2m_member28_icon_seamless_eps (%),relativehumidity_2m_member29_icon_seamless_eps (%),relativehumidity_2m_member30_icon_seamless_eps (%),relativehumidity_2m_member31_icon_seamless_eps (%),relativehumidity_2m_member32_icon_seamless_eps (%),relativehumidity_2m_member33_icon_seamless_eps (%),relativehumidity_2m_member34_icon_seamless_eps (%),relativehumidity_2m_member35_icon_seamless_eps (%),relativehumidity_2m_member36_icon_seamless_eps (%),relativehumidity_2m_member37_icon_seamless_eps (%),relativehumidity_2m_member38_icon_seamless_eps (%),relativehumidity_2m_member39_icon_seamless_eps (%),rain_icon_seamless_eps (mm),rain_member01_icon_seamless_eps (mm),rain_member02_icon_seamless_eps (mm),rain_member03_icon_seamless_eps (mm),rain_member04_icon_seamless_eps (mm),rain_member05_icon_seamless_eps (mm),rain_member06_icon_seamless_eps (mm),rain_member07_icon_seamless_eps (mm),rain_member08_icon_seamless_eps (mm),rain_member09_icon_seamless_eps (mm),rain_member10_icon_seamless_eps (mm),rain_member11_icon_seamless_eps (mm),rain_member12_icon_seamless_eps (mm),rain_member13_icon_seamless_eps (mm),rain_member14_icon_seamless_eps (mm),rain_member15_icon_seamless_eps (mm),rain_member16_icon_seamless_eps (mm),rain_member17_icon_seamless_eps (mm),rain_member18_icon_seamless_eps (mm),rain_member19_icon_seamless_eps (mm),rain_member20_icon_seamless_eps (mm),rain_member21_icon_seamless_eps (mm),rain_member22_icon_seamless_eps (mm),rain_member23_icon_seamless_eps (mm),rain_member24_icon_seamless_eps (mm),rain_member25_icon_seamless_eps (mm),rain_member26_icon_seamless_eps (mm),rain_member27_icon_seamless_eps (mm),rain_member28_icon_seamless_eps (mm),rain_member29_icon_seamless_eps (mm),rain_member30_icon_seamless_eps (mm),rain_member31_icon_seamless_eps (mm),rain_member32_icon_seamless_eps (mm),rain_member33_icon_seamless_eps (mm),rain_member34_icon_seamless_eps (mm),rain_member35_icon_seamless_eps (mm),rain_member36_icon_seamless_eps (mm),rain_member37_icon_seamless_eps (mm),rain_member38_icon_seamless_eps (mm),rain_member39_icon_seamless_eps (mm),windspeed_10m_icon_seamless_eps (km/h),windspeed_10m_member01_icon_seamless_eps (km/h),windspeed_10m_member02_icon_seamless_eps (km/h),windspeed_10m_member03_icon_seamless_eps (km/h),windspeed_10m_member04_icon_seamless_eps (km/h),windspeed_10m_member05_icon_seamless_eps (km/h),windspeed_10m_member06_icon_seamless_eps (km/h),windspeed_10m_member07_icon_seamless_eps (km/h),windspeed_10m_member08_icon_seamless_eps (km/h),windspeed_10m_member09_icon_seamless_eps (km/h),windspeed_10m_member10_icon_seamless_eps (km/h),windspeed_10m_member11_icon_seamless_eps (km/h),windspeed_10m_member12_icon_seamless_eps (km/h),windspeed_10m_member13_icon_seamless_eps (km/h),windspeed_10m_member14_icon_seamless_eps (km/h),windspeed_10m_member15_icon_seamless_eps (km/h),windspeed_10m_member16_icon_seamless_eps (km/h),windspeed_10m_member17_icon_seamless_eps (km/h),windspeed_10m_member18_icon_seamless_eps (km/h),windspeed_10m_member19_icon_seamless_eps (km/h),windspeed_10m_member20_icon_seamless_eps (km/h),windspeed_10m_member21_icon_seamless_eps (km/h),windspeed_10m_member22_icon_seamless_eps (km/h),windspeed_10m_member23_icon_seamless_eps (km/h),windspeed_10m_member24_icon_seamless_eps (km/h),windspeed_10m_member25_icon_seamless_eps (km/h),windspeed_10m_member26_icon_seamless_eps (km/h),windspeed_10m_member27_icon_seamless_eps (km/h),windspeed_10m_member28_icon_seamless_eps (km/h),windspeed_10m_member29_icon_seamless_eps (km/h),windspeed_10m_member30_icon_seamless_eps (km/h),windspeed_10m_member31_icon_seamless_eps (km/h),windspeed_10m_member32_icon_seamless_eps (km/h),windspeed_10m_member33_icon_seamless_eps (km/h),windspeed_10m_member34_icon_seamless_eps (km/h),windspeed_10m_member35_icon_seamless_eps (km/h),windspeed_10m_member36_icon_seamless_eps (km/h),windspeed_10m_member37_icon_seamless_eps (km/h),windspeed_10m_member38_icon_seamless_eps (km/h),windspeed_10m_member39_icon_seamless_eps (km/h),windgusts_10m_icon_seamless_eps (undefined),windgusts_10m_member01_icon_seamless_eps (undefined),windgusts_10m_member02_icon_seamless_eps (undefined),windgusts_10m_member03_icon_seamless_eps (undefined),windgusts_10m_member04_icon_seamless_eps (undefined),windgusts_10m_member05_icon_seamless_eps (undefined),windgusts_10m_member06_icon_seamless_eps (undefined),windgusts_10m_member07_icon_seamless_eps (undefined),windgusts_10m_member08_icon_seamless_eps (undefined),windgusts_10m_member09_icon_seamless_eps (undefined),windgusts_10m_member10_icon_seamless_eps (undefined),windgusts_10m_member11_icon_seamless_eps (undefined),windgusts_10m_member12_icon_seamless_eps (undefined),windgusts_10m_member13_icon_seamless_eps (undefined),windgusts_10m_member14_icon_seamless_eps (undefined),windgusts_10m_member15_icon_seamless_eps (undefined),windgusts_10m_member16_icon_seamless_eps (undefined),windgusts_10m_member17_icon_seamless_eps (undefined),windgusts_10m_member18_icon_seamless_eps (undefined),windgusts_10m_member19_icon_seamless_eps (undefined),windgusts_10m_member20_icon_seamless_eps (undefined),windgusts_10m_member21_icon_seamless_eps (undefined),windgusts_10m_member22_icon_seamless_eps (undefined),windgusts_10m_member23_icon_seamless_eps (undefined),windgusts_10m_member24_icon_seamless_eps (undefined),windgusts_10m_member25_icon_seamless_eps (undefined),windgusts_10m_member26_icon_seamless_eps (undefined),windgusts_10m_member27_icon_seamless_eps (undefined),windgusts_10m_member28_icon_seamless_eps (undefined),windgusts_10m_member29_icon_seamless_eps (undefined),windgusts_10m_member30_icon_seamless_eps (undefined),windgusts_10m_member31_icon_seamless_eps (undefined),windgusts_10m_member32_icon_seamless_eps (undefined),windgusts_10m_member33_icon_seamless_eps (undefined),windgusts_10m_member34_icon_seamless_eps (undefined),windgusts_10m_member35_icon_seamless_eps (undefined),windgusts_10m_member36_icon_seamless_eps (undefined),windgusts_10m_member37_icon_seamless_eps (undefined),windgusts_10m_member38_icon_seamless_eps (undefined),windgusts_10m_member39_icon_seamless_eps (undefined),temperature_2m_ncep_gefs_seamless (°C),temperature_2m_member01_ncep_gefs_seamless (°C),temperature_2m_member02_ncep_gefs_seamless (°C),temperature_2m_member03_ncep_gefs_seamless (°C),temperature_2m_member04_ncep_gefs_seamless (°C),temperature_2m_member05_ncep_gefs_seamless (°C),temperature_2m_member06_ncep_gefs_seamless (°C),temperature_2m_member07_ncep_gefs_seamless (°C),temperature_2m_member08_ncep_gefs_seamless (°C),temperature_2m_member09_ncep_gefs_seamless (°C),temperature_2m_member10_ncep_gefs_seamless (°C),temperature_2m_member11_ncep_gefs_seamless (°C),temperature_2m_member12_ncep_gefs_seamless (°C),temperature_2m_member13_ncep_gefs_seamless (°C),temperature_2m_member14_ncep_gefs_seamless (°C),temperature_2m_member15_ncep_gefs_seamless (°C),temperature_2m_member16_ncep_gefs_seamless (°C),temperature_2m_member17_ncep_gefs_seamless (°C),temperature_2m_member18_ncep_gefs_seamless (°C),temperature_2m_member19_ncep_gefs_seamless (°C),temperature_2m_member20_ncep_gefs_seamless (°C),temperature_2m_member21_ncep_gefs_seamless (°C),temperature_2m_member22_ncep_gefs_seamless (°C),temperature_2m_member23_ncep_gefs_seamless (°C),temperature_2m_member24_ncep_gefs_seamless (°C),temperature_2m_member25_ncep_gefs_seamless (°C),temperature_2m_member26_ncep_gefs_seamless (°C),temperature_2m_member27_ncep_gefs_seamless (°C),temperature_2m_member28_ncep_gefs_seamless (°C),temperature_2m_member29_ncep_gefs_seamless (°C),temperature_2m_member30_ncep_gefs_seamless (°C),relativehumidity_2m_ncep_gefs_seamless (%),relativehumidity_2m_member01_ncep_gefs_seamless (%),relativehumidity_2m_member02_ncep_gefs_seamless (%),relativehumidity_2m_member03_ncep_gefs_seamless (%),relativehumidity_2m_member04_ncep_gefs_seamless (%),relativehumidity_2m_member05_ncep_gefs_seamless (%),relativehumidity_2m_member06_ncep_gefs_seamless (%),relativehumidity_2m_member07_ncep_gefs_seamless (%),relativehumidity_2m_member08_ncep_gefs_seamless (%),relativehumidity_2m_member09_ncep_gefs_seamless (%),relativehumidity_2m_member10_ncep_gefs_seamless (%),relativehumidity_2m_member11_ncep_gefs_seamless (%),relativehumidity_2m_member12_ncep_gefs_seamless (%),relativehumidity_2m_member13_ncep_gefs_seamless (%),relativehumidity_2m_member14_ncep_gefs_seamless (%),relativehumidity_2m_member15_ncep_gefs_seamless (%),relativehumidity_2m_member16_ncep_gefs_seamless (%),relativehumidity_2m_member17_ncep_gefs_seamless (%),relativehumidity_2m_member18_ncep_gefs_seamless (%),relativehumidity_2m_member19_ncep_gefs_seamless (%),relativehumidity_2m_member20_ncep_gefs_seamless (%),relativehumidity_2m_member21_ncep_gefs_seamless (%),relativehumidity_2m_member22_ncep_gefs_seamless (%),relativehumidity_2m_member23_ncep_gefs_seamless (%),relativehumidity_2m_member24_ncep_gefs_seamless (%),relativehumidity_2m_member25_ncep_gefs_seamless (%),relativehumidity_2m_member26_ncep_gefs_seamless (%),relativehumidity_2m_member27_ncep_gefs_seamless (%),relativehumidity_2m_member28_ncep_gefs_seamless (%),relativehumidity_2m_member29_ncep_gefs_seamless (%),relativehumidity_2m_member30_ncep_gefs_seamless (%),rain_ncep_gefs_seamless (mm),rain_member01_ncep_gefs_seamless (mm),rain_member02_ncep_gefs_seamless (mm),rain_member03_ncep_gefs_seamless (mm),rain_member04_ncep_gefs_seamless (mm),rain_member05_ncep_gefs_seamless (mm),rain_member06_ncep_gefs_seamless (mm),rain_member07_ncep_gefs_seamless (mm),rain_member08_ncep_gefs_seamless (mm),rain_member09_ncep_gefs_seamless (mm),rain_member10_ncep_gefs_seamless (mm),rain_member11_ncep_gefs_seamless (mm),rain_member12_ncep_gefs_seamless (mm),rain_member13_ncep_gefs_seamless (mm),rain_member14_ncep_gefs_seamless (mm),rain_member15_ncep_gefs_seamless (mm),rain_member16_ncep_gefs_seamless (mm),rain_member17_ncep_gefs_seamless (mm),rain_member18_ncep_gefs_seamless (mm),rain_member19_ncep_gefs_seamless (mm),rain_member20_ncep_gefs_seamless (mm),rain_member21_ncep_gefs_seamless (mm),rain_member22_ncep_gefs_seamless (mm),rain_member23_ncep_gefs_seamless (mm),rain_member24_ncep_gefs_seamless (mm),rain_member25_ncep_gefs_seamless (mm),rain_member26_ncep_gefs_seamless (mm),rain_member27_ncep_gefs_seamless (mm),rain_member28_ncep_gefs_seamless (mm),rain_member29_ncep_gefs_seamless (mm),rain_member30_ncep_gefs_seamless (mm),windspeed_10m_ncep_gefs_seamless (km/h),windspeed_10m_member01_ncep_gefs_seamless (km/h),windspeed_10m_member02_ncep_gefs_seamless (km/h),windspeed_10m_member03_ncep_gefs_seamless (km/h),windspeed_10m_member04_ncep_gefs_seamless (km/h),windspeed_10m_member05_ncep_gefs_seamless (km/h),windspeed_10m_member06_ncep_gefs_seamless (km/h),windspeed_10m_member07_ncep_gefs_seamless (km/h),windspeed_10m_member08_ncep_gefs_seamless (km/h),windspeed_10m_member09_ncep_gefs_seamless (km/h),windspeed_10m_member10_ncep_gefs_seamless (km/h),windspeed_10m_member11_ncep_gefs_seamless (km/h),windspeed_10m_member12_ncep_gefs_seamless (km/h),windspeed_10m_member13_ncep_gefs_seamless (km/h),windspeed_10m_member14_ncep_gefs_seamless (km/h),windspeed_10m_member15_ncep_gefs_seamless (km/h),windspeed_10m_member16_ncep_gefs_seamless (km/h),windspeed_10m_member17_ncep_gefs_seamless (km/h),windspeed_10m_member18_ncep_gefs_seamless (km/h),windspeed_10m_member19_ncep_gefs_seamless (km/h),windspeed_10m_member20_ncep_gefs_seamless (km/h),windspeed_10m_member21_ncep_gefs_seamless (km/h),windspeed_10m_member22_ncep_gefs_seamless (km/h),windspeed_10m_member23_ncep_gefs_seamless (km/h),windspeed_10m_member24_ncep_gefs_seamless (km/h),windspeed_10m_member25_ncep_gefs_seamless (km/h),windspeed_10m_member26_ncep_gefs_seamless (km/h),windspeed_10m_member27_ncep_gefs_seamless (km/h),windspeed_10m_member28_ncep_gefs_seamless (km/h),windspeed_10m_member29_ncep_gefs_seamless (km/h),windspeed_10m_member30_ncep_gefs_seamless (km/h),windgusts_10m_ncep_gefs_seamless (km/h),windgusts_10m_member01_ncep_gefs_seamless (km/h),windgusts_10m_member02_ncep_gefs_seamless (km/h),windgusts_10m_member03_ncep_gefs_seamless (km/h),windgusts_10m_member04_ncep_gefs_seamless (km/h),windgusts_10m_member05_ncep_gefs_seamless (km/h),windgusts_10m_member06_ncep_gefs_seamless (km/h),windgusts_10m_member07_ncep_gefs_seamless (km/h),windgusts_10m_member08_ncep_gefs_seamless (km/h),windgusts_10m_member09_ncep_gefs_seamless (km/h),windgusts_10m_member10_ncep_gefs_seamless (km/h),windgusts_10m_member11_ncep_gefs_seamless (km/h),windgusts_10m_member12_ncep_gefs_seamless (km/h),windgusts_10m_member13_ncep_gefs_seamless (km/h),windgusts_10m_member14_ncep_gefs_seamless (km/h),windgusts_10m_member15_ncep_gefs_seamless (km/h),windgusts_10m_member16_ncep_gefs_seamless (km/h),windgusts_10m_member17_ncep_gefs_seamless (km/h),windgusts_10m_member18_ncep_gefs_seamless (km/h),windgusts_10m_member19_ncep_gefs_seamless (km/h),windgusts_10m_member20_ncep_gefs_seamless (km/h),windgusts_10m_member21_ncep_gefs_seamless (km/h),windgusts_10m_member22_ncep_gefs_seamless (km/h),windgusts_10m_member23_ncep_gefs_seamless (km/h),windgusts_10m_member24_ncep_gefs_seamless (km/h),windgusts_10m_member25_ncep_gefs_seamless (km/h),windgusts_10m_member26_ncep_gefs_seamless (km/h),windgusts_10m_member27_ncep_gefs_seamless (km/h),windgusts_10m_member28_ncep_gefs_seamless (km/h),windgusts_10m_member29_ncep_gefs_seamless (km/h),windgusts_10m_member30_ncep_gefs_seamless (km/h),temperature_2m_ecmwf_ifs04 (°C),relativehumidity_2m_ecmwf_ifs04 (%),rain_ecmwf_ifs04 (mm),windspeed_10m_ecmwf_ifs04 (km/h),windgusts_10m_ecmwf_ifs04 (undefined),latitude,longitude
2026-10-03T00:00,26.2,26.5,26.4,27.1,26.2,26.8,26.9,26.6,26.3,26.7,26.7,26.7,27.2,26.9,27.4,26.5,27.3,26.5,26.7,26.3,26.7,26.6,27.5,26.5,26.4,27.1,27.2,26.4,26.8,27.3,26.8,26.3,26.2,26.3,26.9,26.3,26.7,27,26.7,27.2,91,90,89,90,90,89,91,89,90,91,89,91,89,88,90,88,90,89,90,90,89,90,87,89,89,90,89,90,89,90,89,89,92,89,90,88,89,90,90,89,0.8,0.9,1.2,0,0.3,0.8,1.5,3.2,0.1,2.4,0.7,0.3,0,0.6,0.8,0.6,0.1,0.6,1.6,1.6,0.3,1,0.9,1.4,0.3,0,0.2,0,0.2,1.3,0.3,0.4,2.7,0.6,0.5,0.2,0,3.3,0.2,0,3.8,4,4.8,4.7,3.3,4.7,7.7,6.5,4.8,5.6,2.9,5.8,5.4,4.6,6.2,3.8,4.7,4.3,5.4,4.4,5.1,6.5,5,3.6,5.2,5.5,4.4,2.5,6.5,6.5,3.2,5.1,3.9,5.8,5.8,6.2,3.6,4.3,6.8,4.8,,,,,,,,,,,,,,,,,,,,,,,,,,,,,,,,,,,,,,,,,27.5,27.5,27.7,27.6,27.6,27.4,26.9,27.7,27.6,27.5,27.6,27.5,27.7,27.7,27.6,27.5,27.5,27.7,27.5,27.3,27.3,27.2,27.9,27.2,27.7,27.6,27.2,27.2,26.8,27.4,27.3,81,81,80,81,80,81,85,80,82,80,83,81,80,79,80,82,83,79,82,82,82,82,78,82,80,82,83,83,84,81,82,1.9,1,0.6,3.2,1.9,1,2.3,3.2,1.7,0.7,1.9,2.4,1.7,0.7,0.9,1.5,1,0.7,3.3,1.7,1.3,2,0.6,2.7,2.1,1.7,1.2,1.2,0.2,0.7,1.6,18.7,15.3,19.9,18.9,14.3,22.5,19.2,14.2,18.8,19.4,17.4,13,15.3,15.5,18.2,16.1,17.1,17.3,18.7,23.1,15.5,20.5,15.6,22.1,14.7,18.5,19.2,20.8,21,22.8,20.3,21.2,18.4,23.4,23.8,16.9,25.9,22,17.6,22,22.7,21.2,15.5,18.7,18.7,21.2,18,20.2,20.5,20.9,25.6,17.6,23.4,19.4,24.8,18,21.6,23,23.8,24.5,25.6,23,,,,,,22.2204,114.2127
2026-10-03T01:00,26,26.4,26.3,27,26,26.6,26.5,26.3,26.2,26.7,26.6,26.5,27.1,26.7,27,26.4,27.1,26.3,26.6,26.2,26.6,26.4,27.1,26.4,26.2,27.1,26.9,26.1,26.7,27.1,26.7,26.2,26.1,26.2,26.7,26.2,26.5,26.8,26.6,27.1,92,90,90,91,90,89,92,91,90,90,89,90,89,89,91,88,90,89,91,90,90,91,88,89,89,91,90,90,90,90,90,90,92,90,90,89,89,90,90,89,1.2,1.2,1.4,0.3,0.3,1.3,2.8,2.2,0.5,2.2,1.3,1.8,0.4,1.9,2.2,0.3,0.6,1.3,2.4,1.4,1.1,1.3,2.5,0.9,1,0,1.6,0.5,0.9,2.6,1.3,0.8,2.1,0.8,1,1.3,0.5,3.3,0.3,0,3.4,4.3,4.7,5.8,4.3,4.3,8,7.2,4.2,5,2.9,5.4,5.1,3.7,6.5,5.2,4.7,3.3,5.8,4.1,4.7,5.4,4.8,2.2,4.4,5.1,4.9,2.3,6.9,5.4,3.1,4,3.9,4.7,5.8,4.2,3,3.6,6.5,6.7,,,,,,,,,,,,,,,,,,,,,,,,,,,,,,,,,,,,,,,,,27,27,27.3,27.1,27.2,27,26.7,27.3,27.1,27,27.1,26.9,27.1,27.1,27.1,27.1,27,27,27.2,26.9,27,27,27.2,27,27.1,27.1,27,26.9,26.7,27.1,27.1,82,82,81,82,81,83,84,81,83,81,83,83,82,82,81,81,83,81,82,82,83,81,80,83,82,83,82,84,83,81,82,1.9,1,0.6,3.2,1.9,1,2.3,3.2,1.7,0.7,1.9,2.4,1.7,0.7,0.9,1.5,1,0.7,3.3,1.7,1.3,2,0.6,2.7,2.1,1.7,1.2,1.2,0.2,0.7,1.6,17.9,18.6,16.5,18.4,11.7,21.8,20.5,14.8,19,19.5,17.3,14.4,17.3,17.4,16.3,14.2,14.8,17.4,20.4,21.8,17.1,17,17.8,21.7,16.2,18.2,19.5,18,15.8,19.5,19.3,20.5,22.3,19.1,23,13.3,25.2,24.1,18,22,23,20.5,16.9,21.2,20.5,19.1,16.2,17.6,20.2,22.7,24.8,19.4,19.4,21.6,24.5,19.4,20.2,23,20.9,18.7,22,22.3,,,,,,22.2204,114.2127
2026-10-03T02:00,25.9,26.4,26.2,26.9,25.9,26.4,26.2,26.4,26.1,26.8,26.5,26.4,26.9,26.5,26.7,26.3,27,26.1,26.6,26.1,26.6,26.2,27,26.3,26.2,27,26.6,26,26.6,27,26.7,26.1,26.1,26,26.7,26.1,26.3,26.8,26.5,27.2,91,91,90,91,90,90,92,91,90,89,89,91,90,89,92,88,91,90,91,90,90,91,89,89,90,91,91,91,91,91,90,90,92,90,90,89,90,90,91,89,0.7,1.6,2.2,4.5,0.5,1.3,3.3,2.7,1.3,2.1,0.7,2.3,2.6,2.3,4.2,0.7,2.7,1.5,2.7,1.2,1.3,1.5,2.4,1.3,1.2,1.3,2.5,1.2,2,4.1,0.6,1,2.7,1.3,1.2,1,1.5,2.2,0.8,0,3.3,5.4,4.3,6.5,3,4,5.8,6.5,4.9,4.4,2.2,4.7,5,3.6,5.8,4.2,4.8,3.3,5.2,3.7,4.7,5.4,4.7,1.9,4,4.9,4.9,2.8,6.5,5.9,3.3,4,3.8,4.1,5.1,4.7,2.9,3.2,7.3,7.6,,,,,,,,,,,,,,,,,,,,,,,,,,,,,,,,,,,,,,,,,26.7,26.7,27,26.7,26.9,26.7,26.6,26.9,26.8,26.7,26.7,26.4,26.6,26.6,26.7,26.9,26.7,26.5,26.9,26.7,26.7,26.9,26.8,26.8,26.6,26.7,26.9,26.6,26.7,26.8,26.9,82,83,81,82,81,84,83,81,83,82,83,84,83,83,82,81,83,82,82,82,83,80,82,83,84,83,81,84,82,82,82,1.9,1,0.6,3.2,1.9,1,2.3,3.2,1.7,0.7,1.9,2.4,1.7,0.7,0.9,1.5,1,0.7,3.3,1.7,1.3,2,0.6,2.7,2.1,1.7,1.2,1.2,0.2,0.7,1.6,17.5,21.3,14.2,18.1,10.3,21.1,21.4,15.8,18.9,19.2,17.4,15.6,18.8,18.7,15.5,12.9,13.8,17.5,21.3,20.1,18.6,14.7,19.2,20.8,18,17.4,19.3,16.1,12.8,17.2,18.4,20.2,25.2,15.8,22.3,11.2,24.5,25.9,18.7,22.3,23.4,20.5,18.4,23,21.6,18,14.8,16.2,20.2,23.8,24.1,21.2,16.6,23,23.8,20.5,19.1,23,19.1,15.5,19.4,21.2,,,,,,22.2204,114.2127
2026-10-03T03:00,25.8,26.4,26.1,27,25.8,26.3,26.1,26.4,25.9,26.8,26.5,26.3,26.9,26.4,26.6,26.1,27,26,26.6,26.1,26.7,26.1,27,26,26.2,26.9,26.4,25.9,26.5,26.9,26.6,26,26,25.9,26.6,26,26.2,26.6,26.4,27.2,92,91,91,89,90,90,92,91,91,88,89,92,90,89,92,89,91,90,91,90,90,92,89,90,90,90,92,91,91,92,90,90,92,91,91,89,90,90,91,87,1,1.6,2.7,4.3,0.7,2,1.8,3.7,1.7,1.9,1.1,2.8,3,2.4,4.5,1.6,5.6,1.5,3.1,1.1,1.5,1.1,3,1.9,1.3,2.9,2.6,1,2.5,3.6,2.2,0.9,3.2,1.4,2.5,1.2,1.8,3.9,2.3,0,3.8,5.5,4.7,6.6,3.1,3.7,3.5,6.9,5,4.3,2.6,5.4,4.7,3.7,5.4,3.3,5.2,2.9,5.2,4.2,4.5,5.8,4.5,2.3,3.9,5.5,4.2,2.5,6.1,6.5,3.2,3.9,3.8,4.8,5.8,4.6,2.5,3.6,6.9,7.4,,,,,,,,,,,,,,,,,,,,,,,,,,,,,,,,,,,,,,,,,26.6,26.7,26.8,26.7,26.8,26.4,26.6,26.8,26.7,26.7,26.5,26.4,26.6,26.4,26.4,26.8,26.6,26.4,26.9,26.8,26.5,26.9,26.7,26.6,26.4,26.7,26.9,26.6,26.7,26.7,26.7,82,83,81,82,81,85,83,81,82,81,83,83,82,83,83,81,83,82,82,81,83,79,82,83,84,83,80,83,81,82,82,2.2,2.3,3.9,2,3.9,4.3,0.6,1.7,2,2.2,1.3,2.9,2.2,2.5,3.8,1.9,2.7,1.9,4.1,1.9,1.5,0.9,1.6,2.9,1.3,3.1,2.9,2.3,2.5,2.9,2.1,18.6,22.2,13.9,18.6,11.1,21.3,22.8,17.6,19.7,19.7,18.8,17.2,19.8,19.5,16.6,12.7,14.9,18.6,21.3,19.5,20.9,14.3,19.5,20.4,19.2,17.2,19.2,16.9,14.3,18.4,17.9,21.6,26.3,15.8,22.7,11.9,24.8,27.7,20.5,23.8,24.1,22,20.2,24.1,22.3,19.1,14.8,17.3,21.6,24.1,23.8,24.5,16.6,23.8,23.4,22,19.4,22.7,20.2,16.9,20.9,20.9,,,,,,22.2204,114.2127
2026-10-03T04:00,25.7,26.4,26,27,25.8,26.2,26,26.2,25.8,26.8,26.4,26.2,26.9,26.3,26.3,26,27,25.9,26.5,26.1,26.6,26.1,26.9,25.8,26.1,26.9,26.3,25.9,26.5,26.9,26.6,25.8,26,25.9,26.5,25.8,26.1,26.4,26.4,27.2,91,91,90,89,90,90,91,91,91,88,89,92,91,90,93,89,92,90,91,91,90,92,89,91,90,90,92,90,91,92,90,91,91,91,91,91,90,90,91,85,1,2.1,2.5,1.7,0.7,2.1,2.4,3.2,2.2,1.5,1.9,3,4.6,2.4,4.5,1.5,8.2,1.5,3.5,1,2.3,0.9,2,2.1,1.5,3.4,2.9,0.3,2.5,6.7,2.2,1.3,3.7,1.4,3.2,1.4,1.9,3.8,2.6,0,3.6,5.9,5.2,4.8,3.1,4.2,1.8,6.4,5.5,4.7,3.1,5.6,6.1,3.5,5.8,3.3,6.6,2.8,5.8,4.2,5.4,5.2,1.9,2.6,4.3,6.6,3.1,2.7,6.1,7.2,2.5,3.8,3.7,5.2,7.2,4.8,2.6,3.6,6.6,5.9,,,,,,,,,,,,,,,,,,,,,,,,,,,,,,,,,,,,,,,,,26.6,26.8,26.7,26.8,26.9,26.2,26.6,26.9,26.8,26.9,26.5,26.5,26.9,26.5,26.2,26.9,26.5,26.5,26.9,26.9,26.5,27,26.8,26.5,26.3,26.8,26.9,26.6,26.8,26.6,26.6,82,82,82,82,80,85,83,82,81,80,83,82,81,82,84,81,83,82,82,80,84,79,81,82,84,82,80,82,80,83,83,2.2,2.3,3.9,2,3.9,4.3,0.6,1.7,2,2.2,1.3,2.9,2.2,2.5,3.8,1.9,2.7,1.9,4.1,1.9,1.5,0.9,1.6,2.9,1.3,3.1,2.9,2.3,2.5,2.9,2.1,19.7,22.1,14.3,18.9,12.7,21.1,24.2,19.1,20.5,19.9,19.9,18.6,19.7,19.3,18.4,13.4,17.3,20.3,20.2,19,23.3,14.7,19.2,19.7,19.9,17.2,18.4,18.5,18,20.5,17.4,23.4,26.3,17.3,23,14,25.2,29.2,22.7,25.6,24.8,23.4,21.6,24.8,22.3,20.9,15.1,19.4,23.4,24.1,23.4,27.7,18,23.4,23,23,19.8,22,22,20.5,23.8,20.2,,,,,,22.2204,114.2127
2026-10-03T05:00,25.6,26.3,25.9,27.1,25.7,26.1,25.9,26.1,25.7,26.8,26.3,26.1,26.9,26.2,26.4,25.9,27,25.8,26.5,26.1,26.6,26,26.8,25.7,26,26.9,26.3,25.9,26.4,26.9,26.6,25.7,26,25.8,26.5,25.6,26,26.3,26.3,27.1,91,91,91,89,91,91,91,92,92,88,90,92,91,90,92,89,91,91,91,91,90,92,90,91,90,90,92,90,91,90,90,91,90,91,91,91,89,91,92,86,1.2,2.6,2.4,0,1,2,3.5,2.5,2,2,2.1,3.2,4.5,2.1,8.8,1.4,8.4,1.7,3.6,1.2,2.6,0.9,2.3,2.4,1.3,4.5,1.8,0.6,2.8,8.2,0.5,1.3,3.5,1.5,3.8,0.8,1.8,4.2,2.8,0,4.1,6.6,5.5,3.4,3.4,4.6,2.9,5.2,5.8,5.1,3.8,6.6,6.3,3.5,7.6,3.3,6.4,3.1,6,4.2,5.2,5.7,2.9,2.3,4.7,5.8,2.9,2.6,6.1,6.8,2.2,4.1,4.7,5.8,7.6,4.9,2.3,3.3,6.7,4.4,,,,,,,,,,,,,,,,,,,,,,,,,,,,,,,,,,,,,,,,,26.6,26.9,26.6,26.8,26.8,26,26.5,26.9,26.8,26.9,26.4,26.6,26.9,26.5,26.1,26.8,26.5,26.5,26.8,27,26.5,27.1,26.8,26.4,26.2,26.8,26.9,26.5,26.8,26.5,26.6,82,82,82,82,80,86,83,82,81,80,83,81,81,82,85,81,83,82,82,80,84,79,81,82,84,82,80,82,80,83,83,2.2,2.3,3.9,2,3.9,4.3,0.6,1.7,2,2.2,1.3,2.9,2.2,2.5,3.8,1.9,2.7,1.9,4.1,1.9,1.5,0.9,1.6,2.9,1.3,3.1,2.9,2.3,2.5,2.9,2.1,19.2,20.2,14.5,17.9,13.4,19.2,22.8,18.7,19.6,18.8,19.6,18.7,18.6,18.4,18.8,13.2,18.1,19.5,18.2,17.2,23.2,14.2,17.7,18,19.2,16.4,16.6,18.4,19.6,20.8,16,23,24.5,17.6,22.3,15.1,23.4,28.1,22.7,24.8,23.8,23,21.6,23.4,21.2,21.2,15.1,20.2,23,22.3,21.6,27.7,17.6,22,21.6,22.7,19.4,20.2,22,22.3,24.5,18.7,,,,,,22.2204,114.2127
2026-10-03T06:00,25.5,26.2,25.8,27.1,25.6,26,25.9,26.1,25.7,26.7,26.3,26.1,26.9,26.2,26.2,25.9,26.8,25.8,26.6,26.1,26.5,26.1,26.7,25.6,26.1,26.9,26.3,25.7,26.4,26.6,26.6,25.8,26,25.8,26.5,25.6,26,26.1,26.3,26.8,92,91,91,90,91,91,92,92,92,89,90,92,91,90,92,89,90,91,91,91,91,92,90,91,90,90,92,91,91,90,90,91,90,91,91,91,90,92,91,88,1.2,2.2,2.8,0,1.1,1.9,3.8,2.2,1.8,2.7,2.2,3.1,6.3,1.7,5.9,1.1,3.3,1.7,3,1.1,2.2,0.8,1.7,1.8,1.2,4.3,1.6,1,3,3.2,0.6,1.5,3.4,1.6,3.6,0.7,1.5,4,2.9,0,4.2,7.2,6,3.3,3.1,4.6,3.7,5.2,5.8,6.2,4.4,6.8,5.6,3.7,6.5,2.9,4.9,3.7,6,4.2,4.9,6.3,3.2,2.4,4.7,4.7,3.2,3.7,6.5,6.6,2.3,4.7,5.2,6,7.3,5.2,2.2,3.2,6.7,4,,,,,,,,,,,,,,,,,,,,,,,,,,,,,,,,,,,,,,,,,26.4,26.7,26.4,26.4,26.6,25.8,26.2,26.8,26.5,26.6,26.2,26.3,26.6,26.2,26,26.5,26.4,26.4,26.4,26.8,26.3,26.9,26.5,26.3,26,26.4,26.7,26.1,26.6,26.3,26.5,83,82,82,83,81,87,84,81,82,81,84,83,83,84,85,82,83,83,84,81,84,80,83,82,84,84,81,84,81,84,83,1.5,2.8,3.1,1.4,1,2.7,0.4,2.3,1.7,1.5,0.5,2.9,1.1,1.4,1,1.5,2.9,3.2,3.5,1.3,0.6,2.2,0.8,2,0.6,4.2,3.6,0.4,3.2,2,0.7,15.6,15.9,12.7,14.5,11.8,14.1,16.5,15.1,15.5,15.5,15.5,15.9,15.3,15.9,16.1,12,15.3,14.9,14.6,13.1,17.8,10.9,14.8,14.5,16.1,14.6,13,13.9,17.2,16.9,12.6,18.7,19.1,15.5,18.7,14,17.6,22,18.7,19.8,19.4,18.4,18.4,19.1,18.4,18.4,13.7,17.3,18.4,17.6,16.9,21.6,14,18,18,19.4,17.3,15.8,18,19.8,20.2,15.1,,,,,,22.2204,114.2127
2026-10-03T07:00,25.5,26.3,25.9,27.2,25.5,26.1,25.9,26.2,25.9,26.7,26.4,26.1,27,26.2,26.2,25.9,26.7,25.9,26.7,26.2,26.5,26.1,26.7,25.5,26.2,27,26.4,25.9,26.4,26.5,26.8,25.9,26,25.9,26.5,25.7,26,25.9,26.3,26.8,92,90,91,91,91,90,91,91,92,88,90,92,91,90,92,89,91,92,90,91,90,92,90,92,90,89,91,90,91,91,89,90,90,91,91,91,90,93,90,90,1.4,1.6,2.8,0,1,1.5,4.3,1.9,1.7,2.8,2.3,2.9,3.3,1.6,3.9,1,2.6,1.5,2.4,0.7,1.5,1.1,1.8,2.4,1.2,1,1.7,0.4,3,2.7,1,1.3,3.5,1.7,2.9,1,1.3,3.7,3,0,4,7.6,6.6,3.9,2.9,4.4,4.3,5.5,5.9,5.8,4,7.2,5.8,3.3,5.8,2.9,3.4,3.4,6.4,4.9,4.8,7.6,3.8,2.1,4.9,4,2.9,3.6,6.8,7.2,1.9,4.7,5.2,5.8,7.3,5.2,2.2,3.2,7.1,4.9,,,,,,,,,,,,,,,,,,,,,,,,,,,,,,,,,,,,,,,,,26.1,26.5,26.3,25.9,26.2,25.6,25.8,26.6,26.1,26.2,25.9,26,26,25.9,26.1,26.1,26.2,26.2,26,26.6,26.2,26.7,26.1,26.1,26,25.9,26.3,25.5,26.3,26,26.4,84,82,83,85,82,88,85,81,85,83,86,86,86,87,84,84,84,84,86,83,83,81,85,83,84,86,84,88,83,85,82,1.5,2.8,3.1,1.4,1,2.7,0.4,2.3,1.7,1.5,0.5,2.9,1.1,1.4,1,1.5,2.9,3.2,3.5,1.3,0.6,2.2,0.8,2,0.6,4.2,3.6,0.4,3.2,2,0.7,10.5,10.2,10.2,10.7,9.9,8,8.5,9.8,9.9,10.7,9.6,11.9,10.8,12.6,12.1,10,11.3,8.7,10,8.4,10.3,7.2,10.9,10.9,11.5,12.1,8.1,8.7,12.8,11,8.7,12.2,11.9,11.9,14,11.9,10.1,13.7,12.6,12.2,13.3,11.2,13.3,13,14.8,14,11.2,13,11.5,11.5,10.8,12.2,9,13,13.7,14.4,14.4,9.7,11.9,15.1,13.7,10.4,,,,,,22.2204,114.2127
2026-10-03T08:00,25.6,26.4,26,27.2,25.8,26,25.8,26.5,26.1,26.8,26.2,26,27.5,26,26.2,25.7,26.6,26.2,26.7,26.3,26.5,26.2,26.5,25.6,26.4,27.4,26.9,25.8,26.3,26.4,26.6,26,26,26,26.3,25.7,26.1,26.1,26.2,27.1,94,90,92,89,91,91,92,90,92,88,90,93,86,91,92,91,90,91,91,91,90,93,91,92,89,88,87,92,92,90,91,90,90,91,90,93,92,92,92,85,1.4,0.5,2.7,0.6,0.6,1.5,3.5,2,1.4,2.3,2,2.5,2.4,2,3.9,0.8,3.3,1,1.1,0.2,1.2,0.5,1.8,1.9,1.1,0.3,0.6,0.2,3.1,3.4,1.7,1.1,3.3,1.6,2,1.5,0.5,3.4,2.2,0,3.5,6.2,8.4,4.1,3.5,5,6.4,9,5.2,6,3.3,5.8,5.4,3.6,5.1,4.1,4.2,3.6,7.6,6.7,4.7,6.9,3.1,2.8,5.9,5.1,3.6,2.6,5.6,5.8,3.2,4,3.6,5.5,6.7,5.5,1.8,4.2,6.6,7.4,,,,,,,,,,,,,,,,,,,,,,,,,,,,,,,,,,,,,,,,,26.1,26.5,26.4,25.8,26.1,25.5,25.7,26.7,25.9,26.1,25.9,25.8,25.7,25.9,26.3,26,26.3,26,25.7,26.5,26.3,26.6,26,26.2,26.1,25.6,26.2,25.2,26.1,26.1,26.5,84,81,82,85,83,88,85,79,85,84,86,88,88,87,82,84,83,85,87,83,81,81,86,82,83,87,84,89,84,84,81,1.5,2.8,3.1,1.4,1,2.7,0.4,2.3,1.7,1.5,0.5,2.9,1.1,1.4,1,1.5,2.9,3.2,3.5,1.3,0.6,2.2,0.8,2,0.6,4.2,3.6,0.4,3.2,2,0.7,6.8,6.4,8.4,8.9,9.4,4.8,5.8,6.3,6.4,8.3,5.9,8.7,7.1,10.5,9.5,8.4,8.4,5.2,6.6,5.6,5,5.1,8.7,9.1,8.9,9.7,4.6,6.1,9.5,7.7,6.3,7.9,7.2,9.7,10.4,11.2,4.7,6.8,8.6,7.2,9.7,6.5,9.7,8.3,12.2,11.2,9.7,10.1,6.5,7.2,6.8,6.1,5.8,10.1,10.8,10.8,11.9,5.8,7.2,11.9,9.4,7.9,,,,,,22.2204,114.2127
2026-10-03T09:00,26,26.7,26.5,27.4,26.5,26.3,26,26.8,26.4,27,26.5,26.3,28.1,26.2,26.4,25.9,26.9,26.6,27.3,27,27,26.7,26.9,25.9,26.8,27.6,27.3,26.2,26.7,26.4,27.2,26.3,26.4,26.5,26.7,26,27,26.2,26.6,27.1,92,88,90,88,88,90,92,88,91,87,89,91,82,90,92,89,90,89,89,88,89,91,89,91,87,87,85,91,91,90,89,89,88,89,89,91,87,91,90,85,1.9,1.6,2.9,3.1,0.2,1.2,2.6,2.2,1.9,2.4,1.6,2.8,0.4,2.2,4,1,2,1,1.6,0.4,1.4,1.2,3.2,1.7,1.6,2.3,0.6,0.8,2.9,3.4,1.4,0.9,2.1,2.1,2.3,2.3,0,2.8,1.2,1.1,4.4,6.6,8.4,5.2,4.7,5.2,6.1,9.3,6.1,5.5,3.8,6.3,6.4,3.3,5.1,4.1,4.6,4,7.3,6.6,5.7,7.5,3.7,2.8,7.2,4.6,4.8,3.3,5.2,5.7,4.3,4.5,4.1,5.8,7.8,6.2,3.4,4.3,6.8,7.1,,,,,,,,,,,,,,,,,,,,,,,,,,,,,,,,,,,,,,,,,26.4,26.9,26.8,26.3,26.3,25.5,25.9,27.2,26.3,26.5,26.2,25.9,25.7,26.5,26.8,26.2,26.8,26,25.9,26.7,26.8,27,26.4,26.6,26.6,25.7,26.6,25.3,26.2,26.6,27,82,78,79,81,82,87,83,76,82,82,83,87,87,83,79,82,80,84,86,81,78,79,84,79,80,85,81,87,83,81,78,0,0.1,0,0,0,0.4,0.1,0,0.2,0.1,0,0,0.2,0,0,0,0.2,0.4,0,0.1,0,0,0,0.2,0.2,0.1,0.3,0.1,0.1,0,0,6.3,6.2,8.2,7.9,11,2.9,3.9,6.7,5.7,9.5,4.4,8,4.9,10.9,9.7,7.9,8.3,4,5.6,4.8,4.7,6.4,9.7,9.6,8.2,7.3,3.6,3.7,8.9,8.1,7.4,7.9,6.8,9.7,9.7,13,3.2,4,8.6,6.8,10.8,6.1,9.4,6.1,12.2,10.8,9.4,10.1,5,6.8,6.8,5.8,6.5,11.2,10.8,10.1,9.7,4.7,5.4,11.5,10.1,9.4,,,,,,22.2204,114.2127
2026-10-03T10:00,26.3,27.2,26.7,27.4,27.2,26.9,26.2,27,26.8,27.2,26.6,26.5,28.5,26.3,26.3,26.4,27,27.1,27.7,27.2,27.3,27,27.1,26.1,27.3,27.8,27.3,26.5,27,26.3,27.6,26.5,26.6,26.9,27,26.4,27.7,26.4,27.1,27.1,91,85,89,89,84,87,91,88,88,87,88,91,80,90,92,87,89,87,88,87,87,89,89,90,84,87,85,89,90,90,87,88,87,88,87,89,83,90,87,87,1.9,0.4,2.7,4.1,0,0.3,2.4,2.2,0.8,1.8,1.4,2.5,0,1.6,3.7,0.4,2.9,0.6,0.5,1.6,1.4,1,2.9,1.1,1.1,2.3,1.8,0.7,2.5,2.3,1.5,0.6,1.8,1.7,2,2.3,0,2.3,0,1.7,3.9,6.6,7.5,4.5,4.9,5.7,5.4,8.3,6.8,4.9,3.9,6.1,7.5,3.3,4.9,5.1,3.8,4,7.4,7,5.3,8.2,4,3.1,7.6,4.4,4.6,3.8,4.3,4.3,4.8,4.5,4.2,5.4,7.9,5.5,4,4.4,6.7,5.4,,,,,,,,,,,,,,,,,,,,,,,,,,,,,,,,,,,,,,,,,26.8,27.5,27.5,27.2,26.8,25.7,26.4,27.8,27,27.2,26.8,26,26,27.4,27.5,26.7,27.5,26.1,26.2,27.2,27.5,27.7,27.1,27.3,27.3,26.1,27.3,25.5,26.5,27.3,27.8,79,75,75,75,80,86,79,73,77,78,80,85,84,78,75,79,75,82,83,78,75,76,79,75,75,82,77,84,82,76,75,0,0.1,0,0,0,0.4,0.1,0,0.2,0.1,0,0,0.2,0,0,0,0.2,0.4,0,0.1,0,0,0,0.2,0.2,0.1,0.3,0.1,0.1,0,0,7.9,8.3,9.1,8,13,2.2,0.4,9.1,7.1,12.4,5.8,8.9,3.7,12.4,11.2,8,9.7,3.3,6.8,6.4,7.3,9,12.7,11.1,9.1,5.4,3.3,1.5,9.7,10.6,11.2,9.7,8.6,10.4,10.8,15.8,3.6,3.2,10.8,9,13.7,7.6,10.1,5.8,13.7,11.9,9.7,11.2,5,8.6,8.6,8.6,9,14.4,12.2,10.4,7.6,5.4,5,12.6,13,13,,,,,,22.2204,114.2127
2026-10-03T11:00,26.8,27.8,27.1,27.6,27.8,27.1,26.4,27.2,27.7,27.6,27.2,26.8,29.2,26.7,26.4,27.2,27.2,27.7,28,27.5,27.7,27.2,27.4,26.6,27.9,28.2,27.4,27.1,27.3,26.4,27.9,27.1,27,27.4,27.4,26.9,28.2,26.7,27.5,27.7,88,82,87,88,80,86,90,87,83,85,85,89,78,89,91,83,88,84,85,85,86,87,87,87,80,85,84,85,88,89,85,84,86,86,84,87,81,89,86,84,1.6,0.1,1.9,3.4,0,0.6,2.4,2.1,0,0.6,0.4,1.9,0,1.1,3.7,0,2.1,0.3,2,0.6,1,0.7,3.1,0.7,0.1,0.7,1.2,0.3,1.7,1.3,1.7,0.2,1.8,1.7,1.1,1.5,0,2,0.5,0.2,4.3,6.6,7.8,3.9,5.2,5.9,4,7.7,7.1,5.3,4.2,5.6,6.5,3.3,4.3,5.4,2.2,4,7.4,7.4,5.6,8.8,4.1,3.3,8.4,4.6,5.1,5.1,3.1,2,5.3,5.6,4.2,5.8,7.1,4.6,4.2,4.1,6.1,5,,,,,,,,,,,,,,,,,,,,,,,,,,,,,,,,,,,,,,,,,27.3,28,28.1,28,27.3,25.8,26.8,28.3,27.6,27.8,27.4,26.3,26.3,28.2,28.1,27.2,28.1,26.3,26.6,27.6,28.1,28.2,27.7,27.9,27.9,26.5,27.9,25.9,26.8,28,28.4,76,72,72,71,78,84,76,71,74,75,76,83,81,73,72,76,72,80,80,75,72,73,76,72,72,79,74,80,80,73,72,0,0.1,0,0,0,0.4,0.1,0,0.2,0.1,0,0,0.2,0,0,0,0.2,0.4,0,0.1,0,0,0,0.2,0.2,0.1,0.3,0.1,0.1,0,0,9.4,9.8,9.7,9.4,14.8,3.8,1.9,10.9,8.7,14.2,7.3,9.3,3.1,13,11.9,8.3,11.2,3.5,7.7,8.7,9.5,11,14.9,12.4,9.7,4.7,3.6,3.5,10.5,12.7,13.7,11.2,10.4,11.2,11.5,17.6,4,2.9,12.2,10.8,15.8,9,10.8,5,14.8,12.6,10.4,12.2,5.4,9.7,10.4,10.8,11.2,16.9,13.3,10.8,6.5,6.1,5.4,13.3,15.1,15.5,,,,,,22.2204,114.2127
2026-10-03T12:00,27.1,28.3,27.1,27.7,28.4,27.2,26.5,27.6,28.1,27.8,27.4,26.9,30.1,27,26.3,27.9,27.2,28,28,27.8,27.9,27.2,27.4,27.1,28.5,28.4,27.7,27.4,27.6,26.4,27.9,27.5,27.3,27.7,27.8,27.4,28.6,27,27.8,27.9,86,81,87,87,77,84,88,85,80,85,84,88,73,86,91,79,87,82,85,84,85,86,87,86,77,84,83,84,85,88,85,83,84,84,84,85,79,88,83,83,1.3,0.3,1.7,2,0,0.7,0.6,1.9,0,0.8,1.1,1.6,0,0.3,3.2,0,1.6,0.1,1,0.9,1.3,0.6,2.6,0.6,0,1.5,1,0.2,1.1,0.6,1.2,0.3,1.5,1.3,1.5,1.8,0.1,1.8,0,0.2,4.6,7,7.1,4.3,5.4,4.8,5.8,7.2,7.4,5.5,4.8,5.9,7.1,3.6,4,5.2,1.3,4.6,7.2,7.9,5.2,8.4,4.2,2.6,9.3,4.7,4.5,5.1,4.1,0.7,5.8,5,4.9,5.5,7,4.6,4.5,4.6,6.3,4.2,,,,,,,,,,,,,,,,,,,,,,,,,,,,,,,,,,,,,,,,,27.8,28.4,28.3,28.4,27.6,26,27.2,28.5,27.9,28.1,27.8,26.8,26.6,28.6,28.5,27.6,28.4,26.8,27,27.9,28.3,28.5,28.1,28.3,28.3,27,28.2,26.5,27.1,28.4,28.7,74,70,70,70,77,82,73,70,73,74,73,80,78,71,71,74,71,77,77,73,71,72,74,71,70,76,72,77,79,71,71,0,0,0,0,0,0,0.2,0,0.1,0,0,0,0,0,0,0,0,0,0,0,0,0,0,0.1,0,0,0,0,0.1,0,0,9.4,9.5,9.2,10,15.2,4.2,2.1,11.1,8.8,14.1,6.8,8.4,2.4,12.7,11.4,9,12.2,3.4,6.9,9.5,9.7,11.5,15.1,13,9.7,4.4,3.9,4.4,9.4,13.2,13.8,11.2,10.8,10.8,11.9,17.6,4,2.9,12.2,10.8,15.1,9,9.7,4,14.8,12.2,10.8,12.6,5,9,10.8,10.8,11.9,17.6,13.3,10.4,6.5,6.5,6.5,12.6,15.1,15.5,,,,,,22.2204,114.2127
2026-10-03T13:00,27.2,28.2,27.1,27.6,28.9,27.7,27.1,27.7,28.3,28.1,27.7,27,30.4,27.6,26.2,28.1,27.2,28,28.1,28.2,27.9,27.8,27.5,27.5,28.7,28.5,27.9,27.4,28,26.8,28,27.7,27.4,27.8,28,27.8,28.9,27.1,27.5,28.1,84,80,86,87,74,81,85,84,80,84,83,86,69,82,91,77,87,82,85,81,85,82,86,84,75,84,82,83,84,86,84,82,84,83,82,83,78,87,85,82,1,1.1,1.3,3.2,0,0,0,1.3,0.2,1.2,0.2,1.1,0,0,2,0.1,1.4,1.3,0.4,0,2,0,2,0.8,0.4,1.2,1.4,0.5,0,0.4,0.5,0.5,1.4,0.8,1.7,1.4,0,1.7,1.3,0.7,4.5,6.6,7.1,3.7,5.4,4.5,4,6.9,7.4,5.5,4.7,4.9,6.9,4.3,3.4,3.8,2.5,4.6,6.6,7.6,4.9,7.3,4.2,2.8,10.1,3.1,4.9,4.4,4.6,2.9,4.2,5.5,4.6,5.2,6.4,4.3,4.7,5.4,4.5,1.6,,,,,,,,,,,,,,,,,,,,,,,,,,,,,,,,,,,,,,,,,28.3,28.7,28.5,28.6,27.9,26.2,27.6,28.6,28,28.3,28.2,27.4,27,28.8,28.7,28.1,28.4,27.4,27.4,28.2,28.3,28.7,28.4,28.5,28.4,27.5,28.4,27.1,27.5,28.6,28.9,71,69,69,70,76,80,70,69,73,74,71,77,75,70,70,73,71,74,75,71,71,71,73,72,70,73,72,74,77,71,71,0,0,0,0,0,0,0.2,0,0.1,0,0,0,0,0,0,0,0,0,0,0,0,0,0,0.1,0,0,0,0,0.1,0,0,9.5,10.2,9.2,11.5,15.1,3.5,3.6,11.1,8.7,13,6.5,7.2,1.8,12.9,11.6,10.5,13.4,3.3,6.1,9.8,9.6,11.7,15.3,13.4,9.6,4.9,4.8,5.4,8.6,13.4,13,10.8,11.2,10.1,12.6,16.6,4,3.6,11.5,10.1,13.3,8.3,8.3,2.9,14.4,11.9,11.5,13,5,7.9,10.8,10.4,11.9,17.3,13,9.7,6.8,6.5,8.3,11.2,14.8,14,,,,,,22.2204,114.2127
2026-10-03T14:00,27.4,28.2,27.1,27,28.9,27.7,27.4,27.5,28.1,27.9,27.6,27.4,30.6,27.8,26.3,28.1,27,27.9,28.1,28.3,27.8,28.3,27.5,27.6,28.7,28.3,27.8,27.5,28.2,26.6,28,27.7,27.1,28,28,27.9,28.8,27.1,27.6,27.8,83,80,86,91,73,81,83,85,81,83,82,83,67,81,91,78,87,83,85,80,84,79,86,83,76,84,82,82,82,87,83,82,85,82,82,81,78,86,84,84,0.4,0.4,0.8,2.2,0,0.5,0.6,1.4,0,1.8,0.2,0.4,0,0.1,0.7,0.1,0.8,1.2,0.6,0,1.2,0,1.8,0.8,0.5,1.9,1.5,0.1,0,0.5,0,0.5,1.1,0.9,1.6,0.9,0.1,1.5,0,0.7,4.3,6.9,6.3,3.1,7.1,4.7,2.7,5.7,7.7,5.7,4.8,4,8.1,4.2,2.5,3.2,0.4,5.1,7.2,9.1,4.6,6.5,4,3.1,10,3.9,3.9,4.9,5.1,0.4,4.6,5.2,4.4,4.1,5.9,4.7,4.5,4.7,5.4,1.8,,,,,,,,,,,,,,,,,,,,,,,,,,,,,,,,,,,,,,,,,28.6,28.8,28.5,28.7,28,26.4,27.9,28.6,28.1,28.3,28.4,27.9,27.3,28.9,28.8,28.3,28.4,27.8,27.7,28.4,28.3,28.8,28.7,28.6,28.5,27.9,28.5,27.6,27.8,28.8,29,70,69,69,70,76,78,68,69,73,74,70,75,72,70,70,73,72,71,73,70,72,71,73,72,70,71,71,72,76,71,71,0,0,0,0,0,0,0.2,0,0.1,0,0,0,0,0,0,0,0,0,0,0,0,0,0,0.1,0,0,0,0,0.1,0,0,10.6,11.5,9.8,13.2,15.7,3.3,4.4,12,9.7,12.8,7.2,6.9,1.5,13.8,12.2,12.1,14.8,3.9,6,10.5,10.5,12.7,15.8,14.2,10.2,6.6,5.5,7.3,9,14.3,12.9,10.8,11.5,9.7,13.3,16.2,4,4.3,11.5,10.4,12.2,8.3,7.9,2.5,14.4,11.5,12.2,13.7,5.4,7.6,11.2,10.4,11.9,16.9,13,9.7,7.9,6.8,9.7,10.8,14.4,13.3,,,,,,22.2204,114.2127
2026-10-03T15:00,27.4,28.2,27.2,26.8,28.7,27.5,27.7,27.5,28.1,27.5,27.6,27.7,30.6,27.9,26.8,28,27,27.6,28.2,28.1,27.9,28.8,27.4,27.7,28.6,28.3,27.6,27.6,28.4,26.5,28.2,27.8,27,28.2,28.1,28,28.6,26.8,27.5,27.9,82,79,85,92,74,82,81,85,81,84,82,81,66,79,87,79,86,84,84,80,85,76,86,82,76,84,82,81,81,88,82,80,85,79,80,80,78,87,85,83,0.3,0.3,0.1,1.5,0,0.4,0.2,0.3,0,1.1,0.4,0,0,0.2,0,0.3,0.1,1.4,0,0.1,0.6,0,1.7,0.7,0.1,0.8,1.3,0,0.1,0.3,0,0.5,0.7,0,1.2,0.5,0.6,1.4,0.1,0.6,3.9,7.4,6.1,2.2,8,4.8,3.8,5.1,7.6,5.1,4.3,5.1,8.4,4.3,2.1,4,2.3,4.6,6.9,8.4,3.1,5.7,3.6,2.9,9.9,4.3,2.9,4.4,4.6,1.1,4.8,4.3,3.9,5.1,6,4.3,5.4,3.8,5.1,1.8,,,,,,,,,,,,,,,,,,,,,,,,,,,,,,,,,,,,,,,,,28.7,28.8,28.5,28.6,28,26.6,28.1,28.5,28.1,28.3,28.3,28,27.6,28.9,28.8,28.4,28.4,28,27.9,28.4,28.3,28.8,28.7,28.6,28.5,28.1,28.4,27.8,27.9,28.7,29,70,69,70,71,77,77,67,70,74,75,70,75,70,70,70,73,73,70,73,70,73,71,73,72,71,70,71,72,76,72,71,0,0,0,0,0,0,0,0,0,0,0,0,0,0,0,0,0,0,0,0,0,0,0,0,0,0,0,0,0.1,0,0,12.1,12.2,10,14.1,17,3.6,2.3,13.4,12.2,13.8,8.4,8.3,1.1,14.8,13,13.4,16.4,5.4,7.6,11,12.2,13.5,15.5,14.3,11.5,8.4,5.5,9.2,10.5,15.4,13.7,11.9,11.9,10.1,14,17.6,4,5.4,13,13,13,9.4,9.4,2.5,14.4,12.2,13.7,15.5,6.5,9,11.5,11.9,12.2,16.2,13.3,10.8,9,7.2,11.2,11.5,15.5,13.7,,,,,,22.2204,114.2127
2026-10-03T16:00,27.3,28.3,27.3,26.8,28.4,27.5,27.6,27.4,27.8,27.3,27.5,27.7,30.3,27.8,26.9,27.9,27,27.3,28,27.9,27.8,28.8,27.3,27.6,28.6,28.1,27.5,27.5,28,26.6,28.1,27.7,26.8,28.2,28.3,27.9,28.6,26.7,27.1,27.5,82,79,84,92,76,82,83,84,83,85,82,81,68,79,86,79,86,85,84,81,84,75,86,81,76,84,82,82,82,87,82,80,85,78,78,80,78,87,87,85,0,0,0,0.7,0,0,0.1,0.6,0,0.4,0.2,0,0,0.1,0,0.1,0,0.8,0,0.1,0,0,1,0.5,0,0,0.4,0,0.7,0.1,0,0.1,0.2,0,0,0.3,0,0.3,0.7,0.5,4.6,8.3,6.9,2.6,8.4,5.5,4.5,5.4,7,4.3,5.3,4.4,7.7,5.1,2.3,4.6,2.3,4.2,6.7,7.9,3.6,5.7,3.8,2.8,9.7,5.2,3.9,4.6,2.6,1.3,4.1,4.3,4.4,5.1,7.3,4.1,4.2,6,4.9,1.9,,,,,,,,,,,,,,,,,,,,,,,,,,,,,,,,,,,,,,,,,28.5,28.6,28.3,28.5,27.9,26.7,28.2,28.4,28,28.2,28.1,27.9,27.9,28.8,28.6,28.3,28.2,28,27.9,28.3,28.3,28.6,28.7,28.5,28.3,28.1,28.3,27.8,28,28.6,28.9,72,71,71,72,78,75,66,71,76,76,72,75,68,70,71,75,74,70,73,71,74,71,73,73,72,71,71,72,75,73,72,0,0,0,0,0,0,0,0,0,0,0,0,0,0,0,0,0,0,0,0,0,0,0,0,0,0,0,0,0.1,0,0,13.7,12.1,10.3,14.8,18.6,4.4,3.3,14.8,15.3,15,9.9,10.1,1.8,15,13.6,15,17.6,7.2,9.7,11.9,14,13.6,14.8,14.3,12.6,10.1,6.1,10.9,12.2,16.7,14.1,13.3,12.6,10.8,14.8,19.4,4.3,6.5,15.1,16.2,14.8,10.8,11.9,3.2,14.8,13,15.1,17.6,8.3,11.2,12.6,14,12.6,15.5,14,12.6,10.4,7.2,12.6,13.3,16.9,14.4,,,,,,22.2204,114.2127
2026-10-03T17:00,27.3,28,27.2,26.7,27.9,27.4,27.2,27.2,27.6,27.1,27.4,27.5,29.8,27.6,26.9,27.7,27.1,27.2,27.9,27.7,27.6,28.5,27.3,27.6,28.2,27.9,27.4,27.3,27.8,26.6,27.9,27.7,26.8,28.1,28.1,27.6,28.5,26.7,26.9,27.4,82,79,84,92,79,82,84,85,84,85,82,81,69,80,86,80,86,86,85,82,85,76,85,81,78,84,82,82,82,86,83,79,85,79,78,81,78,86,88,85,0,0,0,0.4,0,0,0.2,1,0,0.1,0,0,0,0,0,0,0,0,0,0,0,0,0,0,0,1.1,0,0,0.9,0,0,0,0,0,0,0.8,0,0,0.2,0.1,3.9,7.9,6.7,3.8,6.4,4.7,4.2,4.3,6.4,4.1,5.4,3.9,6.6,5,2.9,4.8,2.3,3.9,6.5,6.7,4.5,5.6,3.3,2.6,9.3,4.2,4,4.2,3.3,1.1,4.2,4.2,4.2,4.6,6.9,2.9,3.4,4.2,4.9,2.3,,,,,,,,,,,,,,,,,,,,,,,,,,,,,,,,,,,,,,,,,28.4,28.4,28.2,28.3,27.8,26.9,28.3,28.2,27.9,28.1,27.9,27.8,28,28.6,28.5,28.2,28.1,28,27.9,28.2,28.2,28.5,28.6,28.4,28.2,28.1,28.2,27.8,28,28.4,28.7,73,72,72,73,79,75,67,73,78,77,73,76,67,71,72,76,76,70,74,73,75,72,74,73,73,72,71,73,76,74,73,0,0,0,0,0,0,0,0,0,0,0,0,0,0,0,0,0,0,0,0,0,0,0,0,0,0,0,0,0.1,0,0,14.6,12.6,9.9,15.1,19.3,5,7.1,16,18.1,15.9,10.7,12,3.2,15,13.4,16.3,18.4,8.6,11.4,13.1,15.5,13.3,14.3,13.8,13.5,11.6,7.3,12,13.6,17.2,14.6,14.8,13,11.2,15.5,20.5,5.4,8.3,16.9,19.4,16.6,11.9,14,4.3,14.8,13.3,16.6,19.1,9.4,13,13.7,15.8,13,14.8,14,13.7,11.9,8.3,13.3,14.8,17.6,14.8,,,,,,22.2204,114.2127
2026-10-03T18:00,27.1,27.7,27,26.6,27.5,27.2,26.9,27,27.3,26.9,27.2,27.2,29.1,27.4,26.7,27.4,26.9,27,27.8,27.4,27.3,28,27.2,27.5,27.8,27.7,27.1,26.9,27.6,26.6,27.6,27.5,26.6,27.8,27.7,27.3,28.2,26.6,26.7,27.2,83,80,85,93,81,83,85,86,86,86,84,83,73,82,88,82,86,87,86,84,87,80,86,80,80,84,84,84,83,86,84,80,85,80,81,82,80,86,89,86,0,0,0,0.1,0,0,0,1,0,0,0,0,0,0,0,0,0,0,0,0,0,0,0,0,0,0,0,0,0,0,0,0,0,0,0,0.7,0,0,0.1,0,3.5,7.9,6.5,3.7,5.9,4.5,2.9,3.6,6.2,4.1,5.2,4,5.4,4.1,3.2,4.4,2.4,3.6,5.6,6.2,4.3,5.4,2.9,2.5,8.6,3.6,4,3.1,4.5,1.4,4,3.6,4.6,3.7,6.8,2.3,2.7,4,4.7,3.1,,,,,,,,,,,,,,,,,,,,,,,,,,,,,,,,,,,,,,,,,28.2,28.2,28.1,28.1,27.7,27,28.2,28.1,27.6,28,27.8,27.8,28,28.3,28.3,28.1,27.9,27.9,27.8,28,28,28.3,28.4,28.2,28,28,28.1,27.8,27.8,28.2,28.5,75,74,73,74,79,76,70,75,80,78,75,77,68,72,73,78,78,71,76,75,77,73,75,74,74,74,72,74,77,75,75,0,0,0,0,0,0,0,0,0.1,0,0,0,0,0,0,0,0,0,0,0,0,0,0,0,0,0,0,0,0,0,0,15.1,12.9,8.9,14.6,18.2,6.4,9.6,16.2,20.2,16.7,11,13.1,4.7,14.4,12.6,17,17.7,8.6,12.4,14.9,16,12.6,14,12,13.1,12.4,9,12,14.7,16.3,14.3,16.2,13.7,10.4,15.5,20.2,7.9,10.4,17.3,21.6,18,12.6,15.5,5.8,14.8,12.6,17.6,19.4,9.4,14,15.8,16.9,12.6,15.1,12.2,14,13,10.4,13.3,16.2,17.6,15.1,,,,,,22.2204,114.2127
2026-10-03T19:00,26.8,27.4,26.7,26.5,27.2,27,26.8,26.9,27,26.8,27.1,27,28.6,27.2,26.5,27.1,26.7,26.8,27.6,27.1,27.1,27.4,27.1,27.3,27.4,27.5,26.9,26.8,27.3,26.5,27.3,27.3,26.6,27.5,27.3,27.1,27.9,26.5,26.5,26.9,85,81,87,93,84,84,85,86,88,86,85,86,79,83,90,83,88,89,87,86,88,85,87,81,82,86,85,85,85,87,87,81,85,84,83,83,82,88,90,89,0,0,0,0,0,0,0,0.5,0,0,0,0,0,0,0,0,0,0,0,0,0,0,0.2,0,0,0,0,0,0,0,0,0,0,0,0,0.1,0,0,0,0,3.3,7.6,6.9,4.3,5.2,4.3,3.5,3.7,5.6,4.4,4.7,4.3,3.9,4,3.8,4.6,4,4,5.2,6.2,4,6,3.1,2.9,6.5,3.4,3.3,3.2,4.3,3.3,4.5,3.8,4,3.6,6.8,3.4,3.3,4,5.1,3.7,,,,,,,,,,,,,,,,,,,,,,,,,,,,,,,,,,,,,,,,,28,28,27.9,27.9,27.6,27.1,28,27.9,27.3,27.8,27.8,27.8,27.8,28,28.1,27.9,27.7,27.8,27.6,27.8,27.8,28.1,28.2,28,27.8,27.8,28,27.7,27.6,28,28.3,76,75,74,75,80,78,74,76,82,80,76,79,70,74,75,80,80,72,78,77,79,75,77,74,76,76,74,74,79,77,77,0,0,0,0,0,0,0,0,0.1,0,0,0,0,0,0,0,0,0,0,0,0,0,0,0,0,0,0,0,0,0,0,15.3,13.2,8.2,13.9,16.3,9,11.3,16.1,21.9,17.1,11.3,13.8,6.2,14,11,17,16.6,7.8,12.6,17.4,16.1,11.5,14.2,9.7,12.2,13.1,10.5,11.1,15.5,15,14,17.3,14,9.7,15.5,18.7,11.5,13,16.9,23.8,19.4,12.6,16.2,7.6,15.1,11.5,18.7,19.1,8.6,14.4,18.7,17.3,12.2,15.5,10.1,13.7,14.4,13,12.6,17.6,16.9,15.5,,,,,,22.2204,114.2127
2026-10-03T20:00,26.7,27.3,26.7,26.6,27,26.9,26.8,26.9,26.9,26.8,27.1,26.8,28.3,27.2,26.4,26.9,26.6,26.7,27.5,26.9,27,27.2,27.1,27.3,27.2,27.4,26.8,26.7,27.2,26.4,27.1,27.2,26.5,27.3,27,26.9,27.7,26.5,26.4,26.8,87,82,88,93,85,85,86,87,89,86,85,88,82,84,90,83,88,89,88,87,89,86,88,82,84,87,87,87,86,88,88,82,86,87,85,85,83,88,90,90,0,0,0,0,0,0,0,0,0,0,0,0,0,0,0,0,0,0,0,0,0,0,0,0,0,0,0,0,0,0,0,0,0,0,0,0,0,0,0,0,3.2,7.7,7.2,4.3,4.5,4.7,4.4,5.2,5.9,4.3,4.4,4.7,4.1,4,3.5,4.2,4,3.9,4.8,6.8,4,6.2,3.4,3.1,6.2,3.6,2.9,3.2,4.7,2.6,4.8,3.9,4,3.6,6.6,4.7,3.8,3.7,5.2,4,,,,,,,,,,,,,,,,,,,,,,,,,,,,,,,,,,,,,,,,,27.8,27.8,27.8,27.8,27.5,27.2,27.8,27.7,27,27.6,27.7,27.8,27.7,27.8,27.9,27.7,27.5,27.7,27.5,27.6,27.6,27.9,28,27.8,27.7,27.6,27.9,27.6,27.4,27.8,28.1,78,77,75,76,80,79,77,78,83,81,78,81,72,76,76,81,81,73,79,79,80,77,79,75,77,78,76,75,81,78,79,0,0,0,0,0,0,0,0,0.1,0,0,0,0,0,0,0,0,0,0,0,0,0,0,0,0,0,0,0,0,0,0,15.4,13.1,8,13.3,14.5,11,13,15.9,23.3,17,11.3,14.5,7.6,13.7,9.9,16.8,15.3,7,12.2,19.2,15.8,10.6,14,8.3,11.8,13.4,12.5,10.2,15.5,13.7,13.1,17.6,14.4,9.4,15.5,17.6,14,15.5,16.9,25.6,19.8,13,16.9,9.4,15.1,10.8,19.4,18.4,7.9,14,20.9,17.6,11.9,15.8,8.6,13.7,14.8,15.5,11.9,18.4,16.2,15.1,,,,,,22.2204,114.2127
2026-10-03T21:00,26.6,27.2,26.6,26.6,26.9,27,26.7,26.9,26.8,26.7,27.1,26.7,28.1,27.2,26.4,26.8,26.7,26.8,27.5,26.9,27,27.2,27,27.2,27,27.3,26.7,26.6,27,26.4,27,27.1,26.5,27,26.9,26.9,27.6,26.5,26.4,26.6,87,83,89,92,86,85,87,87,89,87,85,89,84,84,90,83,88,89,89,88,89,87,88,83,85,88,88,87,87,88,88,83,86,89,86,86,83,88,90,91,0,0,0,0,0,0,0,0,0,0,0,0,0,0,0,0,0,0,0,0,0,0,0,0,0,0,0,0,0,0,0,0,0,0,0,0,0,0,0,0,3,7.3,6.8,4.3,4.5,4.3,4.7,5.8,6.3,4,4,5.1,3.6,4.7,3.1,3.7,2.9,3.4,5.2,6.5,4.3,6.3,3.6,3.5,5.5,4,2.5,3.2,5.1,2.6,4.5,3.7,4.3,3.7,6.6,5,4,4,5,4.8,,,,,,,,,,,,,,,,,,,,,,,,,,,,,,,,,,,,,,,,,27.7,27.7,27.7,27.7,27.4,27.3,27.6,27.4,26.8,27.5,27.7,27.7,27.6,27.7,27.7,27.6,27.4,27.6,27.4,27.4,27.5,27.8,27.9,27.7,27.5,27.5,27.8,27.6,27.3,27.7,28,79,78,76,77,80,80,79,80,84,82,79,82,74,77,77,82,81,74,79,81,81,78,80,76,78,79,78,75,82,79,80,0.1,0,0,0,0.3,0,0.1,0.2,0.2,0.4,0,0.4,0,0,0,0.1,0.2,0,0.7,0,0.3,0,0.2,0,0.1,0,0,0,0.4,0,0.5,14.5,13,9,13.6,13.7,12.1,15.3,16.4,24,16.2,11.4,14.5,9.1,13.4,10.1,16.3,14.3,6.7,10.7,20.3,15.5,10.3,13.7,8.9,12.1,12.8,15,9.6,14.7,13.4,11.3,16.9,14.4,10.8,16.2,16.6,15.1,18.4,17.6,27.7,19.1,13.7,16.9,11.2,15.5,11.2,19.4,17.3,7.9,12.6,22.3,18,11.9,15.8,9.4,14,14.4,17.6,11.2,17.3,16.2,13.3,,,,,,22.2204,114.2127
2026-10-03T22:00,26.6,27.1,26.6,26.6,26.8,27,26.7,27,26.8,26.6,27.1,26.7,27.9,27.2,26.3,26.7,26.7,26.8,27.4,26.9,27,27.2,27.1,27.1,26.9,27.2,26.7,26.6,26.9,26.4,27,27.1,26.4,27,26.7,26.8,27.5,26.6,26.4,26.5,87,84,88,92,86,84,87,88,88,88,85,89,86,84,90,84,87,89,89,88,89,87,88,83,86,88,88,87,88,88,89,83,86,90,86,87,83,87,91,91,0,0,0,0,0,0,0,0,0,0,0,0,0,0,0,0,0,0,0,0,0,0,0,0,0,0,0,0,0,0,0,0,0,0,0,0,0,0,0,0,3.1,6.3,6.8,4,4.5,4.6,4.7,5.9,6.7,4,4,5.2,3.9,4.9,3.4,3.3,2.6,2.6,5.9,6.8,4,5.3,3.3,3.2,5.5,3.6,2.5,3.3,4.7,2.6,3.8,4,4.8,3.9,5.9,4.7,3.4,4.5,3.8,4.9,,,,,,,,,,,,,,,,,,,,,,,,,,,,,,,,,,,,,,,,,27.6,27.5,27.7,27.7,27.3,27.3,27.3,27.1,26.8,27.4,27.7,27.5,27.6,27.6,27.7,27.5,27.4,27.6,27.4,27.2,27.4,27.7,27.8,27.7,27.4,27.4,27.7,27.6,27.2,27.6,27.9,80,79,76,77,81,81,81,82,84,82,80,83,76,78,78,82,81,75,78,82,81,79,81,76,79,80,80,76,82,79,79,0.1,0,0,0,0.3,0,0.1,0.2,0.2,0.4,0,0.4,0,0,0,0.1,0.2,0,0.7,0,0.3,0,0.2,0,0.1,0,0,0,0.4,0,0.5,13.4,12.6,10.8,13.6,13,12.3,17.8,16.6,24.7,15,11.5,14.4,10.5,13,10.5,15.8,13.7,6.6,8.9,21.1,14.7,10.4,13.1,10,12.6,11.6,17.1,9,13.2,13.7,9.2,15.8,14.4,13,16.9,15.8,15.1,21.2,18.7,29.9,17.3,14.4,16.2,13,15.5,12.2,19.4,16.2,7.9,10.8,23.4,18,12.2,15.1,10.8,14.4,13.3,19.4,10.8,15.5,16.2,11.2,,,,,,22.2204,114.2127
2026-10-03T23:00,26.5,27,26.6,26.6,26.7,27,26.6,27,26.9,26.5,27.1,26.6,27.7,27.2,26.3,26.7,26.6,26.9,27.3,26.8,26.9,27.1,27.1,27.1,26.9,27.1,26.6,26.5,26.7,26.4,26.9,27.1,26.4,26.9,26.7,26.8,27.5,26.6,26.3,26.5,87,85,88,92,87,84,88,87,88,88,85,89,87,83,90,85,88,89,89,88,89,88,87,83,87,89,87,87,89,88,89,83,86,91,87,88,83,87,91,91,0,0,0,0,0,0,0,0,0,0,0,0,0,0,0,0,0,0,0,0,0,0,0,0,0,0,0,0,0,0,0,0,0,0,0,0,0,0,0.2,0,3.9,5.9,7.3,4.2,4,4.6,5.8,5.9,6.8,4,4.5,4.6,3.9,4.3,3.3,3,2.2,2.6,5.9,6.5,3.7,4.5,3.7,3.2,5.1,3.3,2.6,3.2,4.7,2.7,2.9,3.3,5,3.1,5.2,4.2,2.9,4.2,3.7,4.7,,,,,,,,,,,,,,,,,,,,,,,,,,,,,,,,,,,,,,,,,27.5,27.4,27.6,27.6,27.3,27.3,27.1,26.9,26.7,27.3,27.6,27.3,27.5,27.6,27.6,27.4,27.3,27.6,27.3,27,27.3,27.6,27.7,27.6,27.3,27.3,27.5,27.5,27.2,27.5,27.8,80,80,77,78,81,81,83,83,84,82,80,83,78,78,78,82,81,75,78,83,81,79,81,77,80,81,81,76,82,80,79,0.1,0,0,0,0.3,0,0.1,0.2,0.2,0.4,0,0.4,0,0,0,0.1,0.2,0,0.7,0,0.3,0,0.2,0,0.1,0,0,0,0.4,0,0.5,12.1,11.9,11.6,13.2,12.4,12.2,19.2,16.6,24.7,14.1,11.4,14.4,11.2,12.3,10.8,15,12.8,6.1,7.6,21.4,13.7,10,11.9,10.2,12.7,10.6,17.8,7.9,12.3,13.2,7.4,14.4,13.7,14,16.6,15.1,14.8,23.4,19.1,31,16.2,14,16.2,14,15.1,12.6,18.4,14.4,7.6,9,23.8,17.3,11.5,14,11.5,14.4,11.9,19.8,9.7,14,15.8,9,,,,,,22.2204,114.2127
2026-10-04T00:00,26.5,26.9,26.5,26.5,26.6,26.9,26.6,26.9,26.9,26.5,27.1,26.7,27.5,27.3,26.3,26.6,26.5,26.8,27,26.7,26.8,27,27.1,27.1,26.8,27,26.5,26.5,26.6,26.4,26.9,27.2,26.3,27,26.6,26.8,27.5,26.7,26.1,26.4,87,85,88,92,87,85,87,88,88,87,85,89,88,84,90,86,87,88,90,88,89,89,87,83,87,89,88,87,89,87,89,83,85,90,88,88,83,87,91,92,0,0,0,0,0,0,0,0.2,0,0,0,0,0,0,0,0,0,0.2,0.2,0,0,0,0,0,0,0.1,0,0,0,0,0,0,0,0,0,0,0,0,0.3,0,3.1,5.4,6.6,4.2,3.8,4,5.1,5.7,5.9,3.7,4.1,4,3.8,3.4,3,2.9,2.2,2.9,7.1,6.5,3.3,3.5,2.9,2.9,4.3,3.6,3,3.2,5.1,2.9,2.9,3,4.9,2.2,4.8,4.2,2.3,4.1,3.6,4.1,,,,,,,,,,,,,,,,,,,,,,,,,,,,,,,,,,,,,,,,,27.4,27.3,27.5,27.5,27.2,27.2,26.9,26.7,26.5,27.1,27.6,27.2,27.4,27.5,27.5,27.3,27.3,27.5,27.2,26.8,27.2,27.5,27.6,27.4,27.2,27.3,27.3,27.4,27.1,27.3,27.7,80,80,78,78,81,81,84,83,84,82,80,83,79,78,78,82,80,75,78,84,81,79,80,77,80,81,82,76,82,81,78,0.3,0.1,0.4,0.2,0.6,0,0.5,0.7,0.2,0.9,0.1,0.8,0.2,0.1,0.1,1.3,0,0.2,0.2,0,1.3,0.1,0.3,0.5,0.1,0.4,0.7,0.4,0.3,0.4,0.4,11,10.3,10.9,11.4,11.9,10.8,19.3,15.4,24.5,13.7,9.9,15.5,10.8,10.7,10,13.4,10.8,5.3,5.9,20.6,11.5,8.7,9.7,8.7,11.9,9.1,15.3,6.2,12.5,12.1,5.9,13.3,11.5,13,14.4,14.4,13,23.8,18,30.2,16.2,11.9,17.3,13.7,13.3,11.5,15.8,12.2,7.2,7.6,23,15.1,9.7,11.5,10.1,13.7,10.1,16.9,7.9,14.4,14.4,6.8,,,,,,22.2204,114.2127
2026-10-04T01:00,26.6,26.7,26.5,26.2,26.6,26.9,26.5,26.8,26.9,26.5,27.1,26.6,27.3,27.3,26.3,26.6,26.5,26.7,26.8,26.7,26.7,27.1,27.1,27,26.8,26.9,26.3,26.5,26.5,26.4,26.8,27.2,26.3,27.3,26.5,26.6,27.5,26.7,26,26.2,85,85,88,92,88,86,88,88,89,87,86,89,87,84,89,86,87,89,91,88,90,89,86,83,88,89,89,87,89,87,89,83,86,86,89,88,83,86,92,93,0,0,0,0.1,0,0,0,0.5,0,0.1,0,0,0,0,0,0,0,0.4,0.8,0,0,0,0,0,0,0.2,0,0,0.2,0,0,0,0,0,0,0.1,0,0,0.2,0.1,1.8,5.4,5.5,4.1,3.7,2.9,4.1,5.3,4.7,2.9,4.1,3.6,4.7,2.9,2.8,2.2,2.5,2.8,6.2,6.2,2.9,2.9,2.7,2.1,3.6,3.4,2.9,2.9,4.7,2.9,2.9,2.8,4.1,2.6,4.3,4.5,2.4,4,3.3,3.3,,,,,,,,,,,,,,,,,,,,,,,,,,,,,,,,,,,,,,,,,27.3,27.2,27.4,27.4,27.1,27.1,26.6,26.6,26.4,26.9,27.5,27.1,27.2,27.4,27.4,27.3,27.2,27.4,27.2,26.7,27,27.4,27.5,27.2,27,27.2,27.1,27.2,27,27.1,27.7,80,79,78,79,82,81,85,82,85,82,79,84,80,79,78,81,80,75,78,84,80,78,79,77,81,80,82,75,82,82,77,0.3,0.1,0.4,0.2,0.6,0,0.5,0.7,0.2,0.9,0.1,0.8,0.2,0.1,0.1,1.3,0,0.2,0.2,0,1.3,0.1,0.3,0.5,0.1,0.4,0.7,0.4,0.3,0.4,0.4,10.3,8,9.5,9.1,11.5,8.8,18.7,13.4,24.1,14.1,8,16.8,10.4,9.4,8.6,11.3,8.4,4.7,4.7,19.1,9.7,6.6,7.4,6.6,11.2,7.4,11.4,4.6,13.3,10.8,4.6,11.9,8.6,11.2,11.2,13.7,10.8,23,16.2,28.8,16.6,9,19.1,12.6,10.8,10.1,13,9.7,6.5,6.1,21.6,12.6,6.8,8.3,7.6,12.6,8.3,12.6,5.8,15.1,12.2,4.7,,,,,,22.2204,114.2127
2026-10-04T02:00,26.6,26.6,26.4,26.1,26.5,26.8,26.4,26.7,26.8,26.3,26.9,26.5,26.9,27.3,26.2,26.5,26.4,26.6,26.6,26.6,26.3,27.4,27,26.9,26.7,26.7,26.3,26.5,26.3,26.4,26.7,27.1,26.1,26.9,26.4,26.5,27.4,26.6,25.9,26.2,85,86,89,92,88,88,88,89,90,88,87,90,88,84,90,87,87,90,91,88,91,87,87,83,89,90,88,87,90,87,89,84,87,90,89,89,83,85,91,93,0,0,0,0,0,0,0.2,1,0,0,0,0.1,0.1,0,0,0,0,1.1,2.5,0.1,0.4,0,0.3,0,0,0.3,0,0,0.4,0,0,0,0,0,0,0.3,0,0,0.1,0.3,1.5,4.7,4.7,3.3,2.9,3.1,3.8,5.1,3.8,2.5,4,3.5,5,2.7,3.4,1.1,2.4,3.1,4.8,5.1,2.4,1.9,2.8,3,3.1,3.1,2.4,2.7,3.2,2.8,2.9,3.1,3.6,4,4,4.4,2.3,3.8,2.9,2.5,,,,,,,,,,,,,,,,,,,,,,,,,,,,,,,,,,,,,,,,,27.2,27.2,27.3,27.3,27,27,26.5,26.6,26.3,26.8,27.4,27,27.1,27.4,27.4,27.2,27.1,27.4,27.1,26.6,27,27.3,27.4,27.1,27,27.2,27,27.1,26.9,27,27.7,80,78,79,79,82,81,85,81,85,82,79,84,81,79,78,80,79,75,78,84,80,77,78,77,81,79,82,75,82,82,76,0.3,0.1,0.4,0.2,0.6,0,0.5,0.7,0.2,0.9,0.1,0.8,0.2,0.1,0.1,1.3,0,0.2,0.2,0,1.3,0.1,0.3,0.5,0.1,0.4,0.7,0.4,0.3,0.4,0.4,9.7,5.7,8.2,7.5,12,7.6,18.8,12.6,23.5,15.5,6.5,18,10.5,7.9,7.4,9.8,6.8,4.6,5.1,18.7,9.2,4.7,5.4,5,10.7,5.7,8.5,4,14.1,9.5,4.1,10.8,6.1,9.7,9,13.7,9,22.7,14.8,27,18,6.8,20.5,12.6,9,8.6,11.2,7.9,5.8,5.4,21.2,10.8,5,6.1,5.4,12.2,6.8,9.4,4.7,15.5,10.4,4.7,,,,,,22.2204,114.2127
2026-10-04T03:00,26.6,26.5,26.4,25.9,26.4,26.6,26.1,26.7,26.7,26.2,27,26.4,26.6,27.1,26,26.5,26.3,26.5,26.3,26.3,26,27.2,26.7,26.7,26.6,26.7,26.2,26.4,26.2,26.3,26.5,27,26,26.6,26.2,26.4,27.3,26.5,25.9,26.2,85,86,89,92,89,90,89,89,91,88,87,89,89,85,92,86,88,91,92,89,92,87,88,84,89,89,89,87,90,89,90,85,87,93,89,89,84,85,91,91,0,0,0,0,0,0.1,0.3,1.3,0.3,0,0,0.2,0.5,0,0,0,0,2.6,2.5,0,2,0,0.4,0,0,0.3,0,0.2,0.4,0,0,0,0,0,0,0.5,0,0,0,0.3,1.9,4.3,4.5,2.9,2.5,3.8,4,5.6,3.5,3.6,3.7,3.1,4.7,2.8,3.6,1.4,2.9,3.7,3.4,3.6,2.9,3.8,3,3.2,3.1,3.1,3,2.3,2.5,2.9,3.2,3,3,4,3.4,4.6,2.1,3.1,2.6,2.1,,,,,,,,,,,,,,,,,,,,,,,,,,,,,,,,,,,,,,,,,27.2,27.1,27.3,27.2,27,27,26.5,26.6,26.3,26.8,27.3,26.9,27,27.3,27.2,27.2,27.1,27.3,27,26.5,27,27.1,27.3,27.1,26.9,27.2,26.9,27.1,26.9,27,27.6,80,78,80,79,82,81,85,81,85,83,79,85,82,79,78,79,79,75,79,85,79,77,78,77,81,79,82,76,82,82,77,0.3,0.3,0.8,1.5,2.9,2.1,1.1,0.4,0.3,0.9,0,0.4,2.4,0.6,0.7,1.6,0,0.2,0.4,0,1.5,0.5,0.2,0,0.1,1.7,0.7,0.5,0.1,1.8,1.1,8.6,3.7,8.2,7.3,12.7,7.2,20.3,11.9,22.5,17.7,5.7,18.2,12.6,7.1,6.7,9.7,5.9,4,6.5,19.8,9.4,3.6,4.1,3.9,11.3,4,8,4.7,13.4,8.1,7.3,9.7,4.7,9.4,9,14.8,8.6,23.8,14,25.6,20.5,5.8,20.9,14.8,8.3,7.6,11.9,6.8,4.7,6.1,22.3,11.2,4.3,5.4,4,12.6,6.1,9,5.4,14.8,8.6,8.6,,,,,,22.2204,114.2127
2026-10-04T04:00,26.5,26.3,26.3,25.8,26.4,26.5,26,26.6,26.6,26.2,26.9,26.1,26.4,27,25.9,26.4,26.1,26.4,26.2,26.1,25.8,26.8,26.4,26.5,26.4,26.6,26,26.2,26.1,26.1,26.3,26.9,26,26.5,26.1,26.4,27.1,26.4,25.8,25.9,86,86,89,93,90,89,91,90,91,88,87,90,91,85,92,87,88,91,92,90,92,91,89,85,89,90,90,87,90,90,92,86,87,93,90,90,84,85,92,92,0,0,0,0,0,0.2,0.3,1.4,0.5,0.1,0,0.3,0.6,0,0,0,0,3.2,2.4,0,1.6,0,0.3,0,0.3,0.1,0.1,0.2,0.3,0,0.1,0.1,0,0,0,0.4,0.3,0,0,0.1,2.4,3.8,4.3,2.7,2.2,3.3,4.5,5.4,3.4,3.6,3.6,3.1,3.8,3.1,3.6,2.5,3.1,4,4,3.5,2.5,4.1,2.9,3.8,3.1,3,3.6,2.3,2.3,3.7,2.9,3.3,2.3,4.9,3.3,4.6,2.2,2.9,2.5,2.9,,,,,,,,,,,,,,,,,,,,,,,,,,,,,,,,,,,,,,,,,27.1,27,27.2,27.2,27,26.9,26.6,26.6,26.4,26.8,27.2,26.8,26.9,27.2,27.1,27.2,27.1,27.3,26.9,26.4,27.2,27,27.3,27.1,26.9,27.1,26.9,27.1,26.9,27,27.4,79,78,80,79,81,81,85,82,85,84,79,86,82,80,78,79,78,75,79,86,79,78,79,76,82,78,81,76,82,81,79,0.3,0.3,0.8,1.5,2.9,2.1,1.1,0.4,0.3,0.9,0,0.4,2.4,0.6,0.7,1.6,0,0.2,0.4,0,1.5,0.5,0.2,0,0.1,1.7,0.7,0.5,0.1,1.8,1.1,7.6,1.8,8.7,8.3,13.4,7.5,21.7,11.9,21.4,20.4,5.4,18.3,15.4,7.1,6.2,11.4,5.8,2.8,7.9,21.7,10.6,4.1,4.3,3.1,11.8,4.1,8.6,5.8,11.6,7,13,8.6,3.6,9.7,10.1,16.2,9,25.6,14,24.5,23.8,5.4,21.2,18,7.9,6.8,14,6.8,3.2,7.6,24.5,13,4.3,5.4,3.2,13.7,6.1,9.7,6.8,13.7,6.8,14.8,,,,,,22.2204,114.2127
2026-10-04T05:00,26.5,26.1,26.3,25.8,26.3,26.6,25.9,26.5,26.5,26.3,26.8,26,26.1,26.9,25.7,26.4,26,26.3,26,26,25.8,26.4,26.4,26.4,26.3,26.6,25.8,26.2,26,25.8,26.1,26.8,25.9,26.5,26,26.3,26.9,26.3,25.8,25.8,86,88,89,93,90,88,91,90,92,87,88,91,91,85,93,87,90,91,93,91,90,95,89,86,90,90,91,87,90,92,91,86,87,92,90,90,85,86,92,94,0,0,0,0,0,0,0.4,1.3,0.5,0,0,0.2,0.7,0,0,0,0,2.9,2.4,0,2.6,0,0,0,0.1,0,0.1,0.1,0.2,0,0.3,0,0,0,0,0.3,0.4,0,0,0,2.9,3.1,4.2,2.8,2.2,3,4.7,5.9,3.6,3.1,3.5,3.2,3.1,2.8,3.6,2.9,2.9,3.6,4.5,3.5,2.7,4,3,3.9,3.3,3.2,3.7,2.4,3,4.1,2.5,3.4,2.3,4.7,3.8,4.7,3,3.1,2.6,3.3,,,,,,,,,,,,,,,,,,,,,,,,,,,,,,,,,,,,,,,,,27.1,27,27.1,27.1,27,26.9,26.7,26.6,26.5,26.9,27.2,26.8,26.8,27.1,27,27.1,27.1,27.3,26.8,26.4,27.3,27,27.2,27.2,27,27,27,27.2,27,27.1,27.3,79,78,81,79,81,81,85,82,85,84,79,86,82,80,78,79,78,75,80,86,78,78,79,76,82,79,80,77,82,80,81,0.3,0.3,0.8,1.5,2.9,2.1,1.1,0.4,0.3,0.9,0,0.4,2.4,0.6,0.7,1.6,0,0.2,0.4,0,1.5,0.5,0.2,0,0.1,1.7,0.7,0.5,0.1,1.8,1.1,7.2,1.6,8.7,9,14.4,8.2,22.9,12.2,20.4,22.3,5,18.9,17.8,8,5.8,13.6,5.8,2.6,9,23.2,12.1,4.6,5.8,2.9,13.2,4.5,8.3,7.6,11.3,6.5,16.6,8.6,3.2,10.1,10.8,18,9.7,26.3,14.8,23.4,26.3,5.4,22,20.9,8.6,6.5,16.2,6.5,2.9,8.6,26.3,14.4,4.7,5.8,2.9,15.1,6.5,10.1,9.4,13.3,6.8,18.7,,,,,,22.2204,114.2127
2026-10-04T06:00,26.4,26,26.2,25.8,26.3,26.7,25.9,26.5,26.3,26.4,26.7,25.9,26.2,26.8,25.6,26.2,25.9,26.3,26,26,25.6,26.3,26.5,26.2,26.3,26.5,25.8,26.2,26,25.7,26,26.7,25.9,26.4,25.9,26.2,26.9,26.2,25.9,25.8,86,88,90,92,90,86,91,89,92,86,89,92,91,86,94,88,90,91,93,92,91,94,89,87,89,90,91,88,90,92,91,87,88,91,91,91,85,87,92,94,0,0,0,0.1,0,0,0.1,0.8,0.8,0,0,0,0,0,0,0,0,1.4,1.9,0,4,0,0,0,0.3,0,0,0,0,0,0.3,0,0,0,0,0.1,0.2,0,0,0,2.9,3.3,3.9,3.1,2.5,2.4,4.7,6.1,4.3,3,3.5,3.2,3.4,3.1,3.7,2.5,3.3,3.3,4.3,3.9,3.6,4.6,2.7,3.3,3.3,3.6,3.1,2.6,3.3,3.7,2.3,3,2.5,4.4,3.6,4.8,3,3.1,2.7,3.6,,,,,,,,,,,,,,,,,,,,,,,,,,,,,,,,,,,,,,,,,27.2,27.2,26.9,27,27,26.7,26.7,26.6,26.5,27,27.2,26.7,26.8,27.1,27.1,26.9,27.1,27.4,26.8,26.4,27.3,27.1,27.1,27.2,27.1,26.7,27.1,27.2,27.1,27.1,27.2,78,77,82,79,81,82,85,83,85,84,79,86,82,80,77,80,78,75,80,86,78,77,80,76,81,81,79,77,81,80,81,2.1,1.4,1.3,1.9,4.4,0.7,0.4,0.9,0.1,1.9,0.9,1.9,3.1,0.7,0.9,3.4,0.6,0.7,1,0.1,2.3,0.3,0.6,0.7,3.7,3.4,1.1,1.3,2.4,2.6,3.8,9,2.9,8.5,9.4,16.6,9.5,22.4,14,20.1,23.8,5,21.5,19.7,10.1,5.2,16.2,5.8,3.6,9,24.3,13.6,2.3,7.4,2.6,15.1,1.8,6.1,10.1,13.1,8.6,16,11.2,4,10.4,10.8,20.5,11.2,25.9,16.6,23,27.7,5.8,24.8,23.4,11.2,6.5,19.4,6.1,3.2,9,27.7,15.8,5.4,6.5,2.9,17.6,7.6,9,13.3,15.1,10.1,18,,,,,,22.2204,114.2127
2026-10-04T07:00,26.5,26.1,26.3,25.9,26.4,26.7,26,26.6,26.4,26.5,26.8,26,26.2,26.9,25.7,26.3,26,26.2,26,26.2,25.5,26.5,26.5,26.3,26.3,26.6,25.9,26.2,26.1,25.7,26.1,26.7,26,26.6,26.1,26.3,26.9,26.3,25.9,25.9,87,88,90,92,90,87,91,88,92,85,89,92,92,86,93,88,91,91,93,91,92,92,89,88,90,90,91,88,90,93,91,87,88,90,91,91,86,87,93,94,0,0,0,0,0,0,0,0.3,0.5,0,0,0,0.1,0,0,0,0,1.3,1.3,0,3.5,0,0,0,0.3,0,0,0,0,0,0,0,0,0,0,0,0,0,0,0,2.7,3.1,3.9,2.9,2.8,2.7,4.7,6.4,4.4,2.9,3.2,3.3,3.3,2.5,3.4,2.2,3,2.3,5,4.1,3.8,4.5,2.7,3.2,3.4,3.3,3,2.3,3.6,3.6,2.8,2.9,2.3,4.8,4.2,5,2.9,3.1,2.8,3.9,,,,,,,,,,,,,,,,,,,,,,,,,,,,,,,,,,,,,,,,,27.3,27.5,26.6,26.8,27,26.5,26.6,26.6,26.6,27.1,27.2,26.7,26.8,27.2,27.3,26.7,27.1,27.6,26.9,26.4,27.2,27.2,27,27.2,27.2,26.3,27.3,27.2,27.2,27.1,27.1,78,75,83,80,81,83,84,83,84,83,79,86,83,80,76,82,78,74,80,86,78,77,80,76,80,83,77,77,80,80,80,2.1,1.4,1.3,1.9,4.4,0.7,0.4,0.9,0.1,1.9,0.9,1.9,3.1,0.7,0.9,3.4,0.6,0.7,1,0.1,2.3,0.3,0.6,0.7,3.7,3.4,1.1,1.3,2.4,2.6,3.8,12.5,4.9,9,9.7,18.7,11.2,21.5,16.6,20.5,24.9,5.7,24.8,21.3,13,4.9,19.5,5.6,5,8,25.4,15.2,2.5,8.9,2.8,17.6,5.9,2.9,13.4,15.7,13.1,12.8,15.1,5.8,10.8,10.4,22.7,13.3,24.5,19.1,23.4,28.8,6.1,28.1,25.2,14.4,6.5,22.7,5.8,4.7,8.6,28.8,17.6,6.1,7.9,3.2,20.9,9,7.2,18,18,15.1,15.5,,,,,,22.2204,114.2127
2026-10-04T08:00,27.1,26.7,27,26.3,26.9,27.1,26.5,27,26.6,26.9,27.3,26.6,26.8,27.3,26.4,26.8,26.6,26.5,26.3,26.9,25.6,27.2,27,26.8,26.7,27,26.7,26.8,26.6,26.2,26.7,27.2,26.5,27.2,26.6,26.9,27.4,26.8,26.4,26.7,84,85,86,90,87,86,88,86,90,83,87,88,89,85,90,87,88,89,91,86,92,89,87,87,88,88,88,86,88,90,88,86,85,87,87,88,85,85,91,89,0,0,0,0.1,0,0,0,0,0.4,0,0,0,0.1,0,0,0,0,1.8,0.8,0,2.5,0,0,0,0.2,0.4,0,0,0,0,0.2,0,0,0,0,0,0,0,0,0,2.6,4.2,4.7,3.1,2.9,3.1,5.9,6.7,4.3,3.7,2.8,3.8,3.2,2.3,3.7,1.9,3.1,3.4,6.1,5.2,3,3.9,2.9,2.9,3.1,3.8,2.9,2.5,4,3.6,2.9,2.9,2.9,5.2,5,5.6,2.6,2.5,2.5,3.9,,,,,,,,,,,,,,,,,,,,,,,,,,,,,,,,,,,,,,,,,27.2,27.8,26.5,26.6,27,26.5,26.7,26.6,26.8,27.3,27.3,26.9,26.9,27.2,27.6,26.4,27.1,27.7,27.1,26.5,27.2,27.4,27,27.3,27.3,25.9,27.4,27.3,27.2,27.1,26.9,78,74,83,81,80,82,83,83,83,82,78,85,82,80,74,84,78,74,79,85,78,76,80,75,80,85,76,77,80,80,80,2.1,1.4,1.3,1.9,4.4,0.7,0.4,0.9,0.1,1.9,0.9,1.9,3.1,0.7,0.9,3.4,0.6,0.7,1,0.1,2.3,0.3,0.6,0.7,3.7,3.4,1.1,1.3,2.4,2.6,3.8,14.3,6.5,10.4,9.1,18.7,12.1,20.9,18.7,20.5,25.3,6,25.6,21.8,14.8,5.1,20.5,5.9,5.5,7.2,25.7,16.2,5.9,9.9,3.8,18.7,9.9,1,16.5,17.5,15.8,9.7,17.6,7.6,11.5,10.1,23,14.4,23.4,20.9,23,28.8,6.8,28.8,25.9,16.9,6.5,23.8,6.5,6.5,8.3,29.2,18.4,7.6,8.6,4.7,23,10.1,5.8,21.6,19.8,18.4,13,,,,,,22.2204,114.2127
2026-10-04T09:00,28,27.7,27.8,26.8,27.8,27.9,27.2,27.7,27.1,27.6,28.1,27.6,27.4,28.1,27.6,27.7,27.4,26.6,26.9,28,25.8,28.4,27.6,27.8,27.2,27.5,27.9,27.8,27.3,27.1,27.1,28,27.3,28.3,27.4,27.8,28.2,27.6,27.1,27.7,79,81,81,88,82,81,84,82,87,80,82,83,86,81,83,81,84,89,88,80,91,82,83,82,86,85,81,80,84,85,86,81,81,81,82,83,81,81,86,82,0,0,0,0.4,0,0,0,0,0.2,0,0,0,0.8,0,0,0,0,1.7,0,0,1.8,0,0,0,0,0.8,0,0,0,0,0.5,0,0,0,0,0,0.1,0,0.3,0,2.8,5.4,5.3,2.9,3.6,3.9,6.3,7.7,4.1,3.7,2.6,4.5,3.4,2.9,3.3,2,3.2,4.8,8.2,6.4,2.1,3.6,3.1,2.6,3.8,4.1,2.6,3.2,4.1,4,3.3,2.8,4,6,6.6,5.6,2.6,3.1,2.6,4.1,,,,,,,,,,,,,,,,,,,,,,,,,,,,,,,,,,,,,,,,,26.9,27.9,26.7,26,27.3,27,27.1,26.9,27,27.5,27.5,27.5,27.2,27.1,28,26,27.2,27.7,27.5,26.7,27,27.6,27.3,27.7,27.2,25.4,27.5,27.6,27.2,26.8,26.7,80,75,81,85,78,79,81,82,82,81,77,81,80,81,72,86,78,75,77,84,79,76,79,74,80,88,75,76,81,81,81,2,0.3,0.7,3.8,4,0.5,1,0.7,0.1,1.3,1.1,4.5,1,1.5,0.3,2.3,2.8,0.7,0.7,0,1,0.1,0,0.5,2.3,3.7,0.4,1.2,5.8,2.8,1.9,13.7,8.6,11.2,7,14.8,11.4,20.5,19.4,20.2,25,6.6,21.3,20.8,15.2,5.1,17.8,7.4,6.9,6.6,24.9,15.9,8,10.2,6.3,17.7,10.1,0.8,19.2,18,14.4,6.4,18,9.7,12.6,9.4,19.1,13.7,22.7,21.6,22.3,27.7,7.2,24.5,24.1,17.6,6.1,20.9,8.6,10.1,7.9,28.1,18,9.7,8.6,7.6,23,10.4,5.8,23.8,20.2,18.7,11.9,,,,,,22.2204,114.2127
2026-10-04T10:00,28.9,28.6,28.7,27.3,28.7,28.8,28.1,28.3,27.6,28.4,28.9,28.5,28.2,28.9,28.6,28.5,28.5,26.6,27.1,28.9,26.4,29.4,28.4,28.8,27.7,27.9,29.1,28.7,27.9,28.1,27.8,29,28,29.3,28.1,28.8,28.7,28.5,27.8,28.7,74,75,76,85,77,77,79,77,86,77,77,77,82,77,77,77,77,90,87,75,87,76,78,75,83,81,75,75,81,80,83,75,77,76,78,78,78,76,82,77,0,0,0,0.4,0,0,0,0,0.4,0,0,0,0.9,0,0,0,0,2.3,0.7,0,0,0,0,0,0.2,0.4,0,0,0.3,0,0.5,0,0,0,0,0,0.5,0,0.3,0,2.3,6.9,5.2,3.3,4.2,4.5,6.7,9.7,3.3,4.7,2.6,4.8,2.6,3.4,3.6,1.5,3.8,6,7.7,7.3,3,2.6,4.1,3.3,4.5,4.4,2.5,4,3.6,4.2,2.5,4.4,4.8,6.5,7.6,5.2,2.1,3.7,3.8,4,,,,,,,,,,,,,,,,,,,,,,,,,,,,,,,,,,,,,,,,,26.3,27.9,27.1,25.2,27.7,27.7,27.6,27.2,27.2,27.7,27.7,28.2,27.6,26.9,28.5,25.7,27.3,27.8,28,26.9,26.8,27.7,27.7,28.2,27,24.9,27.6,28,27,26.4,26.4,83,76,78,89,76,74,78,80,81,80,76,77,77,82,70,87,78,76,74,82,81,76,77,72,81,91,74,75,81,83,83,2,0.3,0.7,3.8,4,0.5,1,0.7,0.1,1.3,1.1,4.5,1,1.5,0.3,2.3,2.8,0.7,0.7,0,1,0.1,0,0.5,2.3,3.7,0.4,1.2,5.8,2.8,1.9,13.9,11.8,11.8,4.2,8.7,10,20.7,19.8,19.8,24.5,7.6,13.9,18.5,14.9,5.1,12.9,10.6,12.6,7.3,23.8,15.3,9.8,9.8,10.2,17.4,8.3,0.8,21.7,17.7,13.9,3.4,17.3,11.9,14,9,12.6,12.2,22,21.6,21.2,25.9,7.9,17.6,20.9,16.9,5.8,15.8,11.5,14.4,7.2,25.6,17.3,12.2,8.3,11.5,22,10.1,6.1,25.2,19.8,17.3,10.8,,,,,,22.2204,114.2127
2026-10-04T11:00,29.5,29.2,29.4,27.9,29.4,29.4,28.9,28.8,27.9,29,29.7,29.2,29.1,29.6,29.5,29.2,29.4,26.6,27.2,29.6,27.1,30.3,29.1,29.9,28,28.5,30.1,29.4,28.6,28.8,28.4,29.9,28.5,30,28.6,29.8,29.3,29.1,28.2,29.2,72,72,72,82,73,74,74,74,84,73,73,73,78,73,72,73,72,91,88,73,84,70,74,68,82,78,68,71,78,76,80,70,75,72,75,71,76,73,80,74,0,0,0,0.3,0,0,0,0,0.6,0,0,0,0.5,0,0,0,0,2.4,1,0,0,0,0,0,0.5,0,0,0,0.5,0,0.1,0,0,0,0,0,0.5,0,0.5,0.1,2.9,8,4.9,4,4.3,5.4,6.9,10.9,3.6,6.2,2.7,5.1,1.9,4,5.5,1.6,4.6,6.2,6.4,8.3,2.6,2.2,5.8,6.3,5.4,5.2,4.9,4.4,3.3,4.6,3.4,5.9,5.6,6.9,9,5.2,1.8,4.7,3.9,4,,,,,,,,,,,,,,,,,,,,,,,,,,,,,,,,,,,,,,,,,26,27.8,27.5,24.8,28,28.3,27.9,27.5,27.5,27.9,28,28.6,28,26.9,28.8,25.4,27.4,27.8,28.4,27.1,26.8,27.9,28,28.5,26.9,24.7,27.6,28.2,26.9,26.3,26.2,85,77,76,92,74,71,76,79,80,79,75,74,75,82,69,88,78,77,71,80,81,76,76,71,82,92,74,74,82,84,84,2,0.3,0.7,3.8,4,0.5,1,0.7,0.1,1.3,1.1,4.5,1,1.5,0.3,2.3,2.8,0.7,0.7,0,1,0.1,0,0.5,2.3,3.7,0.4,1.2,5.8,2.8,1.9,14.1,14.1,12.4,1.5,4.4,9.4,20.4,19.4,19,23,7.6,7.6,16.9,13.8,5.1,8.6,13,17.2,7.1,22.4,14.3,11.2,9.5,13.7,17.3,6.2,1.1,22.7,16,14.8,3.4,15.8,13,14.8,8.3,7.9,11.5,21.6,20.9,19.8,24.1,7.9,12.2,18.4,15.8,5.8,11.5,13.3,16.9,6.8,23.4,16.2,13.7,8.3,14.8,20.2,9.4,6.1,25.6,18,15.8,10.4,,,,,,22.2204,114.2127
2026-10-04T12:00,30.1,29.7,30.1,28.5,30,29.8,29.7,29.2,28.5,29.6,30.4,29.8,30.1,30.2,30.3,30,30,26.5,27,29.8,27.4,30.9,29.5,30.6,28.1,29.1,30.5,29.9,29.3,29.6,29,30.3,29,30.6,29.1,30.6,29.9,29.7,28.6,30,69,69,69,79,69,72,69,72,80,70,69,70,71,69,67,69,69,91,88,73,83,67,72,64,80,74,65,68,76,72,78,69,72,69,72,66,73,70,79,71,0,0,0,0.1,0,0,0,0,0.5,0,0,0,0.1,0,0,0,0,1.9,1.3,0,0.8,0.1,0,0,0.4,0,0,0,0.2,0,0.1,0,0,0,0,0,0.8,0,0.6,0.1,4.3,8.4,4.7,3.7,5.4,6.6,6.7,11.2,3.2,8.1,2.2,4.9,1.8,4.7,6.1,2.1,6.8,5.3,5.1,8.8,2.2,1.9,6.5,7.8,5.6,5.8,5.4,5,2.6,5.6,3.9,6.8,7.9,6.5,9.1,5.9,3.4,6.7,3.8,3,,,,,,,,,,,,,,,,,,,,,,,,,,,,,,,,,,,,,,,,,26.1,27.7,27.8,24.9,28.2,28.6,27.9,27.7,27.7,28.3,28.3,28.2,28.2,27.2,28.9,25.4,27.5,27.6,28.7,27.2,27.1,28.1,28.2,28.6,26.8,25.1,27.6,28.1,26.7,26.5,26.2,84,78,74,91,73,70,76,78,79,77,74,75,74,80,69,88,77,77,69,79,79,75,75,72,82,89,74,75,82,82,84,0.2,0,0,0.9,0.4,0,0,0.7,0,1.8,0,0.5,0,0,0,0.4,0.1,0,0,0,0.4,0,0.6,0,0.6,0.3,0,0,1.2,0.1,0.2,12.5,13.5,11.7,1.4,3,10.4,20.3,18.8,17.4,20.5,6.7,4.3,15.9,12,5.6,4.8,12,16.6,5.5,20.5,13.6,11.9,9.8,16.2,15.2,3.6,1.1,21.3,12,14.3,4.4,13,12.2,13.7,7.6,6.8,11.9,21.6,19.8,17.6,22,7.2,10.8,16.9,13.7,6.1,8.6,12.6,16.2,6.5,21.2,15.1,13.7,9.4,16.6,17.3,7.6,5.8,24.5,14,14,10.1,,,,,,22.2204,114.2127
2026-10-04T13:00,30.3,30,30.2,28.8,30.6,30,30.1,29.4,29.1,30,30.8,30.2,30.8,30.5,30.6,30.4,30.1,26.8,26.9,30,27.5,31.3,29.8,31.1,29,29.4,31,30,29.7,30,29.6,30.4,29,30.9,29.4,30.9,30.1,30,28.7,30.4,68,68,68,77,66,71,68,71,77,68,68,68,68,68,65,68,68,89,89,72,84,67,71,62,75,73,63,67,74,68,75,69,72,67,71,63,72,69,78,70,0,0,0,0.1,0,0,0,0,0.2,0,0,0,0.1,0,0,0,0,0.1,1.2,0,0.4,0.1,0.1,0,0.1,0,0,0,0.1,0,0.1,0,0,0,0,0,0.9,0,0.4,0,4,8.9,4.7,3.7,5.8,7.1,6.5,10.4,2.2,8.6,2.2,5.9,1.8,5.2,7.1,3.4,7.7,4.2,5.4,8.8,2.2,1.3,6.5,8.3,5.6,6.6,5.8,5.6,3,6.2,4.4,7.4,8.9,5.8,9.3,6.5,4.8,7.8,4.6,2.8,,,,,,,,,,,,,,,,,,,,,,,,,,,,,,,,,,,,,,,,,26.4,27.6,28.1,25.3,28.3,28.7,27.8,27.9,27.9,28.8,28.5,27.5,28.4,27.6,28.9,25.4,27.7,27.4,28.9,27.3,27.7,28.4,28.3,28.6,26.7,25.8,27.6,27.8,26.5,26.9,26.3,82,78,73,87,72,71,77,77,77,74,72,78,74,77,69,87,76,77,68,78,77,75,75,74,82,84,74,77,81,79,83,0.2,0,0,0.9,0.4,0,0,0.7,0,1.8,0,0.5,0,0,0,0.4,0.1,0,0,0,0.4,0,0.6,0,0.6,0.3,0,0,1.2,0.1,0.2,9.5,11,10.4,3.7,3.3,11.6,20.3,17.4,15.1,17.8,6,7.3,15.2,9.4,6.9,1.4,10,13,4.1,18.7,12.9,12.2,11.4,17.6,12,0.7,2.3,19.9,6.3,12.5,5.4,9.7,10.1,11.9,7.2,7.6,12.6,21.6,18,15.5,19.4,6.5,11.2,16.2,10.4,6.5,6.5,10.4,13.7,6.5,19.1,14,13,10.8,17.3,13.7,5.8,5.4,22.3,8.6,12.2,10.4,,,,,,22.2204,114.2127
2026-10-04T14:00,30.4,30,30.7,28.9,30.2,30.1,30.3,29.6,29.7,30,31.2,30.1,30.8,30.6,30.8,30.7,30,27,26.8,29.9,27.4,31,30,31.1,29.4,29.7,31.2,29.9,29.7,30.2,29.5,30.4,29.2,31.2,29.7,31.2,29.8,30.2,28.8,30.6,68,68,66,76,70,71,67,70,75,68,66,68,69,67,64,67,68,88,89,72,84,67,70,62,73,71,62,68,74,68,75,69,72,66,70,62,73,68,77,70,0,0,0,0.1,0.7,0,0,0,0.4,0,0,0,0.2,0,0,0,0,0,0.9,0,1,0.1,0,0,0,0,0.1,0,0.4,0,0.1,0,0,0,0,0,0.8,0,0.6,0,4.7,9,3.8,3.1,6.7,7.3,6.2,9.3,2.2,9.1,1.3,7.1,3.6,5.7,7.2,4.7,8,2.6,6.4,8.5,2.6,2.1,5.8,8.6,4.8,7,5.4,5.9,4.5,6.6,6.5,7,8.8,6.5,9,7.3,5.1,7.6,4,3.4,,,,,,,,,,,,,,,,,,,,,,,,,,,,,,,,,,,,,,,,,26.7,27.5,28.3,25.9,28.4,28.7,27.7,28,28.1,29.1,28.7,26.9,28.5,27.9,28.8,25.6,27.8,27.3,29,27.3,28,28.6,28.3,28.5,26.7,26.4,27.6,27.5,26.4,27.3,26.5,80,78,72,83,71,72,78,76,76,72,71,80,74,75,69,85,75,77,68,78,75,74,74,75,81,79,74,79,80,77,82,0.2,0,0,0.9,0.4,0,0,0.7,0,1.8,0,0.5,0,0,0,0.4,0.1,0,0,0,0.4,0,0.6,0,0.6,0.3,0,0,1.2,0.1,0.2,6.8,8.7,9.8,5.6,4,12.7,19.8,16.2,13.5,15.6,5.4,9.4,14.8,7.2,7.9,1.9,9,9.8,4.6,17,12.1,11.9,12.5,18,9.6,1.1,2.9,18.5,2.5,10,6.7,6.8,8.3,10.4,7.2,8.6,13.3,21.2,16.2,13.3,18,5.8,11.2,15.5,7.9,6.8,5,9,11.2,6.5,16.9,13,11.9,11.5,17.3,10.8,4.3,4.7,19.8,5.4,10.4,11.2,,,,,,22.2204,114.2127
2026-10-04T15:00,30.3,29.9,30.8,28.7,29.2,29.9,30,29.4,29.9,30,31.3,30,30.2,30.5,30.6,30.6,29.4,27.1,26.9,29.8,27.5,29.9,29.8,31,29.1,29.6,30.8,29.9,29.4,30.1,29.3,30.3,29.2,30.5,29.5,30.9,29.8,30.1,28.8,30.7,69,68,65,77,75,72,69,72,74,68,65,68,73,68,66,68,71,87,88,73,83,74,70,63,74,72,64,68,75,68,76,70,72,69,71,63,73,68,77,70,0.3,0,0,0.2,1,0,0.1,0,0.1,0,0,0,1.5,0,0.1,0,0,0,0,0,0.5,1.9,0,0,0.1,0,0.1,0,1.3,0,0.5,0,0,0.1,0,0,0.5,0,1,0.1,6.1,8.6,3.6,1.9,8,7.7,6.1,7.8,2.6,9.2,1.6,7.1,4,6.6,6.9,5.8,7.7,1.9,4.7,7.9,2.8,6.1,5.4,8.8,3.8,6.5,5.3,6,5.6,6.6,8,7.4,8.7,7.4,8.4,7.6,5.6,6.9,4.5,4.5,,,,,,,,,,,,,,,,,,,,,,,,,,,,,,,,,,,,,,,,,26.9,27.4,28.4,26.7,28.5,28.6,27.7,28,28.1,29.1,28.7,26.7,28.5,28,28.7,26,27.9,27.3,29,27.2,28,28.6,28.5,28.4,26.9,26.8,27.6,27.3,26.7,27.4,26.7,78,77,72,79,71,73,78,76,75,72,71,79,74,74,69,82,74,76,68,78,75,74,73,75,80,76,73,79,78,76,81,0,0.3,0,0,0,0,0,0,0,0.3,0,0.1,0,0,0.2,0,0,0.4,0,0,0,0,0.5,0,0.3,0,0,0.1,0,0.4,1.6,4.9,6.7,9.5,6.8,4.8,13,18.4,14.7,12.1,15.5,4.9,6.3,14.1,6.1,7.6,3.9,8.8,7.9,4.6,15.1,12,11.5,11.5,16.3,7.5,1.3,2.1,16.9,3.3,5.9,9.4,5.8,6.8,9.7,8.3,9,13.3,19.4,14.8,11.9,17.6,5.8,9.4,14.4,6.5,6.5,5,8.6,8.6,6.5,14.8,12.2,10.8,9.7,15.5,9,4.3,3.6,17.3,5.8,8.3,13,,,,,,22.2204,114.2127
2026-10-04T16:00,30,29.8,30.9,28.5,28.7,29.7,29.8,29.1,29.5,29.8,31.3,29.8,29.3,30.2,30.2,30.4,29,27.2,27.1,29.6,27.4,28.9,29.8,30.3,29,29.4,30.3,29.8,28.6,29.7,29,30.1,29,29.6,29.3,30.4,29.5,29.9,28.7,30.1,71,68,65,77,79,73,70,74,75,69,66,69,76,69,68,69,74,86,86,74,83,79,70,66,75,73,67,68,78,69,78,71,72,73,73,66,73,68,77,74,0.5,0,0,0.5,0.8,0,0.1,0,0.4,0,0,0,3.5,0,0.1,0.1,0.1,0,0,0,0,1.8,0,0,0.1,0,0.2,0,1.9,0,1,0.1,0,0.8,0,0,0.4,0,1.1,1.2,6.1,7.9,3.8,1.8,5.8,7.9,5.3,7.2,5.2,9.2,2.9,7.1,3,6.8,6.6,6,7.3,1.1,3.6,7.8,3.4,5.3,5.4,8.9,4.1,6,6.1,6.4,6.6,5.4,6.5,6.6,7.5,7.4,7.9,8.5,6,6.7,3.2,4.1,,,,,,,,,,,,,,,,,,,,,,,,,,,,,,,,,,,,,,,,,27,27.4,28.5,27.7,28.6,28.4,27.8,27.9,28.1,28.9,28.6,26.8,28.5,28.1,28.6,26.5,27.9,27.4,28.8,27.2,27.9,28.5,28.6,28.3,27.1,27.1,27.7,27,27,27.4,27,76,77,72,74,72,73,79,76,75,74,71,77,75,73,69,79,74,74,69,78,75,74,71,74,78,74,72,79,75,74,79,0,0.3,0,0,0,0,0,0,0,0.3,0,0.1,0,0,0.2,0,0,0.4,0,0,0,0,0.5,0,0.3,0,0,0.1,0,0.4,1.6,3.1,5.1,9.3,8,5.7,12.6,16.6,13,11.3,16.4,5.1,0.8,13.4,5.4,6.8,5.6,8.4,6.3,4.6,13.3,12,10.4,9.3,13.5,5.7,2.2,0.7,14.5,6.3,1.9,12.8,5,5,9.4,9.7,9.7,13,16.9,13,11.2,18.4,6.5,7.2,13.7,5.8,5.4,6.1,8.3,6.1,6.1,13,11.5,9.7,7.2,13,7.9,5,2.5,14.8,7.9,6.5,15.1,,,,,,22.2204,114.2127
2026-10-04T17:00,29.6,29.4,30.6,28.1,28.2,29.3,29.4,28.9,28.5,29.4,30.9,29.4,28.4,29.9,29.6,29.8,28.7,27.2,27.2,29.3,27.5,28.5,29.6,29.7,28.6,29.1,29.5,29.5,28.2,29.3,28.5,29.8,28.8,29.3,28.9,29.7,29.1,29.5,28.3,28.8,73,71,66,79,80,75,72,75,79,71,68,72,80,72,71,72,76,86,86,75,83,80,70,70,76,74,71,70,79,71,79,72,73,74,75,70,75,71,78,78,0.5,0,0,0.9,0.3,0.3,0.3,0,1.6,0,0,0,2,0.2,0,0.2,0,0,0,0,0,1.2,0,0,0.1,0,0.3,0,0.6,0,0.9,0,0,1,0,0,0.7,0,1,4.5,5.1,7.2,5.4,4.5,3.5,8.5,4,5.8,3.8,8.2,3.7,7.4,2.1,8,5.6,4.7,4.6,2.5,2.6,8.5,2.9,1.9,5,8.1,4,4.8,6.9,5.7,3.9,5.1,4.4,6.4,7.3,6.5,5.9,8.5,5.1,6.4,0.8,6,,,,,,,,,,,,,,,,,,,,,,,,,,,,,,,,,,,,,,,,,27.1,27.4,28.4,28.3,28.6,28.2,27.8,27.7,28,28.7,28.5,26.9,28.4,28.1,28.5,26.9,28,27.5,28.7,27.1,27.7,28.4,28.6,28.2,27.2,27.4,27.7,26.9,27.3,27.4,27.2,75,76,72,71,73,74,79,76,75,75,72,76,75,73,70,76,74,73,70,78,76,74,71,74,77,73,72,79,74,74,78,0,0.3,0,0,0,0,0,0,0,0.3,0,0.1,0,0,0.2,0,0,0.4,0,0,0,0,0.5,0,0.3,0,0,0.1,0,0.4,1.6,2.5,3.1,8.9,9.7,6.8,11.5,14.9,11.9,10.2,16.6,5.2,5.1,12.7,5.1,5.4,6.6,7.7,4.7,4.3,12.3,12,9,6,11.3,5.2,3.9,1.3,11.9,8.9,4.7,14.9,5,4.7,9,11.5,10.4,12.2,15.1,11.9,10.1,18.4,6.5,6.1,12.6,5.4,4.7,7.2,7.9,5,6.1,11.9,11.2,9,5.8,10.8,7.2,6.5,2.2,12.2,11.2,6.1,18,,,,,,22.2204,114.2127
2026-10-04T18:00,28.9,28.7,29.6,27.4,27.9,28.7,29,28.6,27.8,28.7,29.8,28.7,27.8,29.1,29,29.3,28.3,27,27.1,28.8,27.4,28.4,28.8,28.9,27.9,28.9,28.4,28.8,27.8,28.7,27.9,29.2,28.2,28.9,28.3,28.9,28.5,29,27.9,27.8,77,76,72,81,82,78,75,77,82,76,75,77,82,77,74,75,78,87,87,78,84,81,75,74,80,75,77,75,81,75,82,76,77,77,78,75,78,74,79,83,0,0,0,1.1,0,0.2,1.1,0,1.9,0,0.1,0,1.3,0.1,0,0,0,0,0,0,0,0.2,0.1,0,1.2,0,0.2,0,0.4,0.1,1.6,0,0,0.1,0,0,0.7,0,0.8,2,4,6.5,7,5.2,3.1,6.5,4.4,3.8,4,6.1,4.7,6,2.3,8.5,3.4,3.4,2.9,3,2.3,5.8,2.2,3.3,5.1,4.3,3.8,3,4.1,4.2,2.6,2.8,2.2,5.9,5.4,9,4.1,7.9,3.3,5.5,3.3,8.2,,,,,,,,,,,,,,,,,,,,,,,,,,,,,,,,,,,,,,,,,27.3,27.4,28.3,28.5,28.5,28,27.7,27.6,28,28.5,28.4,27.2,28.2,28.1,28.3,27.1,27.9,27.6,28.4,27,27.6,28.4,28.3,28.1,27.3,27.5,27.7,26.8,27.5,27.6,27.3,74,76,73,72,74,75,79,77,75,76,72,75,76,73,71,75,74,73,71,78,76,75,73,74,77,73,72,78,74,74,78,0.1,2.3,0.6,0.1,0,1.2,0,0.2,2.8,1.4,0.3,0.2,0,0,0.5,0,0.4,0.2,2.7,0,0.4,0.2,2.9,0.1,1.4,0.9,0.1,0.2,0,0.9,0.6,2.7,2.5,8.1,11,7.9,9.1,14.1,11.3,8.6,15.3,5.2,7.6,11.7,4.7,4,7.2,6.6,3.8,3.3,12,11.4,6.8,1.1,9.8,5.4,6,2.8,7.9,11,7.6,15.3,5,5,7.9,13.7,10.8,10.4,14.4,11.2,8.6,17.6,5.4,7.9,11.5,5.4,3.6,7.9,6.1,6.1,5.8,11.9,10.8,8.6,6.8,9.7,7.2,9,2.9,9,15.8,8.3,21.6,,,,,,22.2204,114.2127
2026-10-04T19:00,28.4,28.2,28.7,26.9,27.5,28.2,28,28.2,27.1,28.3,28.9,28.1,27.4,28.5,28.6,28.6,28,26.9,27,28.2,27.3,28,28.1,28.3,27.2,28.7,27.7,28.1,27.4,28.5,27.2,28.7,27.7,28.1,27.7,28.3,27.8,28.5,27.2,27,82,79,79,84,85,82,81,79,85,79,82,81,84,81,79,80,80,88,88,83,85,85,79,78,83,77,82,81,83,77,85,79,81,81,83,79,81,77,82,86,0.1,0,0,0.4,0,0,1.8,0.1,0.9,0,0,0,1.4,0.2,0,0,0,0,0,0.1,0,0.7,0.5,0,1.5,0,0.3,0,0.6,0,2,0,0,1.2,0,0,0.6,0,0.8,1.6,1.8,4.4,6.3,4.8,2.3,4.8,11.4,3.7,4.7,3.6,5.3,4.2,4.1,4.8,1.9,3.2,1.5,2.9,3.3,4.2,2.5,5,5.8,2.6,2.7,2.5,2.1,3.4,1.8,0.4,3.1,3.3,3.7,8.5,3.5,5.9,3.3,2.9,4,9.4,,,,,,,,,,,,,,,,,,,,,,,,,,,,,,,,,,,,,,,,,27.5,27.5,28.1,28.3,28.4,27.8,27.6,27.4,27.9,28.3,28.3,27.6,28,28,28.1,27.3,27.8,27.7,28.2,26.9,27.5,28.3,27.9,28.1,27.2,27.5,27.6,26.8,27.5,27.7,27.2,73,75,74,74,76,76,80,78,74,77,73,75,77,74,73,75,74,73,73,79,77,75,75,75,77,75,73,77,76,75,78,0.1,2.3,0.6,0.1,0,1.2,0,0.2,2.8,1.4,0.3,0.2,0,0,0.5,0,0.4,0.2,2.7,0,0.4,0.2,2.9,0.1,1.4,0.9,0.1,0.2,0,0.9,0.6,2.8,4.1,7.3,12.2,8.8,6.4,13.3,10.6,6.8,13.7,4.6,9.4,10.7,4.7,2.2,7.3,4.8,5.4,2,12,10.3,5.6,5.8,8.9,6.1,8.8,4.6,3,15.2,10.1,15.4,5,6.5,6.8,15.8,11.5,8.3,14.4,10.8,7.2,16.6,4.3,10.8,10.4,6.1,2.2,8.6,4.3,8.3,5,12.2,10.4,8.3,9.7,9,7.2,11.9,4.3,5.8,21.2,11.9,25.9,,,,,,22.2204,114.2127
2026-10-04T20:00,28,28,28.3,26.8,27,27.9,26.5,27.9,26.7,28.1,28.4,27.8,27.1,28,28.5,28.2,27.9,26.8,27,27.9,27.2,27.5,27.7,28.1,26.8,28.3,27.3,27.7,27.2,28.2,26.8,28.4,27.5,27.3,27.4,28,27.1,28.4,26.8,26.5,85,82,84,85,87,85,81,80,86,82,85,84,85,84,78,84,81,89,90,86,86,85,80,81,85,80,84,85,84,79,87,81,83,84,87,82,83,78,83,87,1.1,0,0,0,0.5,0,0.9,0.2,0.5,0,0,0,1,2.7,0,0,0,0,0,1.3,0,1.6,0.1,0,0.4,0,0.3,0,0.7,0.1,2.4,0,0,0.6,0,0,0.5,0,0.4,0.7,0.4,3.1,2.9,4.8,2.8,3.6,18.9,5.4,5.1,2.9,4.9,2.8,6,2.9,3.7,3,1.1,2.9,4.3,3.1,2.5,9.4,8.6,1.6,3.1,4.7,1.1,2.9,3.2,2.5,5,3.1,3.1,8.5,2.4,4.8,4.7,1.8,5.2,11.5,,,,,,,,,,,,,,,,,,,,,,,,,,,,,,,,,,,,,,,,,27.7,27.3,27.9,28.1,28.2,27.7,27.5,27.3,27.6,28.2,28.2,27.8,27.9,28,28,27.4,27.8,27.8,27.9,26.8,27.5,28.2,27.6,28,27.2,27.5,27.6,26.9,27.5,27.8,27.2,73,76,75,76,77,77,80,79,76,77,73,75,77,75,74,75,74,74,75,79,77,76,77,75,77,76,74,76,77,76,78,0.1,2.3,0.6,0.1,0,1.2,0,0.2,2.8,1.4,0.3,0.2,0,0,0.5,0,0.4,0.2,2.7,0,0.4,0.2,2.9,0.1,1.4,0.9,0.1,0.2,0,0.9,0.6,3.3,7.9,6.2,12.7,9.9,5.4,13,9.7,5.1,13,3.1,10.4,9.2,4.6,0.4,7.6,2.4,7.2,2.1,11.9,9.5,6.4,11.1,7.6,6.5,11.7,5.1,2.5,19,12.7,16.9,5.8,10.1,7.2,16.9,11.9,7.9,14.4,10.1,7.6,16.2,4.3,13.3,9.7,6.1,2.5,9.4,3.6,9.7,5.8,12.6,10.1,9,13.3,7.9,8.3,15.5,5.4,4.7,24.8,15.5,28.8,,,,,,22.2204,114.2127
2026-10-04T21:00,27.6,27.8,27.6,26.5,26.6,27.6,25.4,27.8,26.6,28.1,28.1,27.7,26.8,27.7,27.9,28,27.8,26.8,26.8,27.6,27.1,26.9,27.4,27.9,26.7,28,27.1,27.5,27.1,28.1,26.4,28.3,27.4,26.8,27.3,27.9,26.9,28.3,26.7,25.8,85,84,81,87,88,87,76,79,87,83,87,86,85,86,82,86,82,88,90,89,87,82,82,82,86,81,84,88,83,78,87,82,85,86,88,85,82,79,84,81,3.7,0,1.7,0.1,1,0,0,0,0.1,0,0,0,0.4,3,0.1,0,0,0,0.1,3.3,0,0.5,0,0,0,0,0.4,0,0,0,2,0,0,0.1,0,0,0.1,0,0,0,4.4,2.3,11.1,7.6,2.5,3.3,20.2,7.2,5.1,2.3,5,1.8,8.3,2.6,4.4,1.8,1.5,2.3,6.4,2.4,2.3,14.1,7.2,1.4,3,4.8,4.7,2.3,5.5,5.8,6.5,3.1,2.2,8.9,1.4,2.2,6.3,1.1,3.8,14.3,,,,,,,,,,,,,,,,,,,,,,,,,,,,,,,,,,,,,,,,,27.9,26.9,27.8,28,28,27.7,27.4,27.2,26.8,28.1,28.2,27.9,27.9,27.9,28,27.5,27.8,27.8,27.6,26.7,27.4,28.2,27.5,27.9,27.3,27.4,27.5,27,27.3,27.6,27.1,73,79,75,76,77,77,80,79,82,77,73,75,76,75,74,76,75,74,77,79,77,76,77,75,77,76,74,77,78,77,78,0.1,2.2,2.9,0.1,1,0.4,0.6,2,5.5,0.5,2.1,1.5,1.3,0.2,0.1,0,2.8,0,2.5,0,0.5,0.8,2.6,0,2.9,0.1,0.7,1.1,0,0.1,0.1,4,15.1,6.9,12.2,10.4,8.1,12.6,7.6,7.7,13.5,2.5,11.3,6.8,3.5,2.4,7.4,2.3,6.6,4.8,11.5,8.6,8.2,14.8,6.2,7.3,14.9,4.7,6.2,19.9,15.6,19.5,6.5,18.7,10.1,16.2,12.2,10.8,14.4,7.9,11.5,17.3,6.5,14.8,9,5.4,5,9.7,5.8,9.4,8.3,12.6,9.7,11.2,18.7,5.8,9.7,20.2,5.8,7.9,25.2,19.4,30.2,,,,,,22.2204,114.2127
2026-10-04T22:00,27,27.7,26.3,26.1,26.5,27.4,24.6,27.6,26.4,28.1,28.1,27.7,26.4,27.6,27.5,27.6,27.7,26.8,26.6,27.4,27.1,26,26.9,27.6,26.5,27.8,27,27.4,26.7,27.4,26.2,28.2,27.3,26.6,27.3,27.8,26.5,28.2,26.3,25.1,83,85,78,81,88,89,76,81,87,83,88,84,81,87,82,88,82,88,88,90,87,77,84,84,86,81,84,89,84,80,88,82,85,86,87,84,83,79,86,76,2.7,0,0.4,0,0.2,0,0,0,0,0,0,0,0,0.5,0.1,0.7,0,0.1,0.2,4.3,0,0,0,0,0,0,0.1,0,0.3,0,1.4,0,0.5,0.2,0,0,0,0,0.1,0,6.5,2.6,15,11.2,2.9,3,20.4,10.7,7.6,1.8,1.5,1.3,10.8,1.8,6.2,2.5,2.9,3.7,9,4.7,2.3,13.9,11.6,1.9,4,5.5,7.6,0.7,10.8,9.3,7.2,2.2,1.5,9.1,1.9,6.9,8.8,1.1,4.6,13.3,,,,,,,,,,,,,,,,,,,,,,,,,,,,,,,,,,,,,,,,,28,26.3,27.7,27.9,27.7,27.9,27.2,27.2,25.7,28.1,28.2,27.8,27.9,27.7,28.1,27.5,27.8,27.8,27.3,26.6,27.4,28.2,27.5,27.8,27.4,27.4,27.5,27.2,26.9,27.3,27.1,74,83,75,76,77,77,80,79,89,77,74,76,75,76,74,76,76,74,79,80,77,76,77,74,76,76,75,78,78,79,77,0.1,2.2,2.9,0.1,1,0.4,0.6,2,5.5,0.5,2.1,1.5,1.3,0.2,0.1,0,2.8,0,2.5,0,0.5,0.8,2.6,0,2.9,0.1,0.7,1.1,0,0.1,0.1,4.9,24,10.6,11,11,12,12,5.2,13.2,15,6.6,12.6,5.2,2.1,5.2,7.6,6.8,6.4,9,11.2,8.2,10.5,18.2,5.2,9.5,17.7,6.3,10.5,18.9,18.8,22.3,7.9,29.9,14,14.4,12.2,15.1,14,5.4,16.9,19.1,10.1,15.8,9,4,9,10.4,9,7.9,12.2,12.2,9.7,14,24.8,3.6,11.9,24.8,6.1,13.3,24.1,23.4,30.6,,,,,,22.2204,114.2127
2026-10-04T23:00,26.2,27.5,25.4,25.4,26.4,27.1,24.1,27,26,28,27.6,27.4,25.7,27.4,26.9,26.8,27.4,26.4,26.2,27.1,27.1,25.3,25.9,27.6,26.3,27.4,26.6,27.5,25.8,26.4,26,27.9,27.1,26.3,27.4,27.1,25.9,28.1,26.3,24.5,80,86,75,74,88,91,77,81,85,84,82,86,76,87,83,82,83,90,88,86,87,75,78,84,86,82,81,86,79,77,84,81,85,83,86,80,82,80,86,75,0.7,0,0.4,0,0.5,0.5,0,0,0,0,0.5,0,0,0.2,0.2,2.8,0.2,1.8,0,4.3,0,0,0,0,0,0,0,0.4,0,0,0.1,0,1.3,0,0,0,0,0,0,0,7.9,4.8,14.1,9.4,4,4.2,20.4,13.6,10.5,1.3,10.4,0.5,10.9,6.5,8.6,12.6,3.7,4.4,11.5,10.5,3.3,12.8,15,3.6,4.4,6.1,10.6,4.7,15,11.6,9,8.8,1.1,11.9,4,10.9,12.2,1,6.6,13.1,,,,,,,,,,,,,,,,,,,,,,,,,,,,,,,,,,,,,,,,,28.1,26,27.6,27.8,27.6,28,27.2,27.2,25.1,27.9,28,27.7,27.9,27.7,28.1,27.5,27.8,27.7,27.1,26.5,27.4,28.2,27.5,27.7,27.3,27.3,27.4,27.3,26.7,27.1,27,75,85,75,76,77,77,80,78,93,77,75,77,74,76,74,77,77,75,80,80,77,76,76,74,77,76,75,79,78,80,77,0.1,2.2,2.9,0.1,1,0.4,0.6,2,5.5,0.5,2.1,1.5,1.3,0.2,0.1,0,2.8,0,2.5,0,0.5,0.8,2.6,0,2.9,0.1,0.7,1.1,0,0.1,0.1,6.6,29.3,15,10.8,11.8,14.3,11,2.9,17.8,17,10.8,13.7,6.3,1.6,8.4,8.7,10.7,6.2,12.3,10.4,7.8,12.7,20.6,3.3,11.8,19.8,6.7,13.7,18,21.2,23.7,10.1,36.7,18,13.7,13.3,18.4,13.3,4,21.6,21.2,13.7,16.6,10.4,3.6,13.7,11.2,12.6,7.2,15.1,11.5,9.7,16.6,28.8,3.6,14.4,27.7,7.2,17.6,23,26.6,29.9,,,,,,22.2204,114.2127
2026-10-05T00:00,25.4,27,24.6,24.9,26.2,26.8,23.8,26.3,25.3,27.9,26,27.4,25,26.7,26.3,24.8,27.1,26.3,25.5,26.1,26.6,24.7,25.1,27.7,25.9,27.1,25.8,27,25.1,25.4,25.3,26.6,27,25.6,26.9,26.1,25.2,28,26,23.9,74,82,75,72,87,87,77,78,81,84,76,86,74,82,80,73,84,88,84,83,89,75,74,79,87,83,77,81,73,74,78,74,86,80,85,78,74,81,83,75,0.2,0.1,1.1,0,1.3,1.9,0,0,0,0,0,0,0,0.6,0.1,0,0.5,1.4,0,5.2,0.5,0,0,0,0.2,0,0,1.3,0,0,0,0.1,1,0,3.2,0,0,0,0,0,9,9.8,14.3,9.4,4.5,8,20.1,13.8,10.9,0.8,15.4,3.6,11.2,11.6,8.3,18.1,4,6.5,13.5,13.8,4.4,13,15.7,6.1,4.8,7.2,9.6,8.3,12.5,10.2,9.7,15,1.6,13.4,7.6,11.7,14.3,1.5,10.5,13.4,,,,,,,,,,,,,,,,,,,,,,,,,,,,,,,,,,,,,,,,,28,26,27.3,27.6,27.6,27.9,27.3,27.3,25.1,27.3,27.3,27.4,27.8,27.7,28,27.4,27.6,27.4,27.1,26.4,27.3,28,27.4,27.7,26.9,27.1,27.5,27.2,26.6,26.9,26.9,75,83,75,76,76,76,79,77,91,77,77,78,73,76,73,77,77,76,79,81,76,76,76,74,79,76,75,79,77,80,76,0.1,0,1.3,0.4,0.3,0,2.5,1,1.4,1.2,0.4,0.1,0,0.5,0,0,0,0.1,0,0.1,0.4,0.3,0,0.1,2.7,0,1.6,0,0,0.4,0,10.7,27.8,17.8,12.6,13.6,13.4,8.9,2.8,18.7,19.6,14.8,14.7,10.1,2.3,12.8,10.2,13,4.3,13.4,9.4,7.6,15.1,21.2,3.1,14.8,19.8,4.7,15.9,18.2,21.6,21.5,14,34.6,21.2,15.5,16.2,18.4,10.4,4.3,23.8,24.5,17.3,17.6,14.8,4,19.1,12.6,15.8,7.6,16.2,10.1,9.7,18.4,29.2,7.2,17.3,26.3,9.7,20.2,23.4,28.1,26.6,,,,,,22.2204,114.2127
2026-10-05T01:00,24.7,25.7,23.9,24.3,25.9,26.3,23.5,25.7,24.7,27.9,24.9,27.2,24.4,25.5,25.8,24.1,26.8,25.9,24.9,25.3,26.3,24.2,24.7,27,25.7,26.7,25.4,26,24.4,24.6,24.5,25.3,26.3,25,26.3,25.2,24.5,27.8,25.2,23.5,73,78,77,73,86,83,77,76,79,84,73,86,74,75,76,69,85,86,80,78,89,76,74,77,87,83,75,76,73,74,75,69,89,78,81,78,73,82,77,76,0,0,1.9,0,0.9,0.4,0,0,0,0,0,0,0,0,0,0,0.6,0.8,0,3.2,1.5,0,0,0,0.2,0,0,0.1,0,0,0,0,5.8,0,0.1,0,0,0.7,0,0,9,14,15.5,9.7,4.5,10.2,19.5,13.1,10.9,1.5,13.2,5.8,12.6,12.4,9.7,13.7,5.1,9.8,12.7,13.4,6.6,14.4,16,8.3,4.7,10.1,7.6,9.8,14.9,10.1,10.1,15.1,6.8,14.1,9.4,12.8,16.6,3.7,12.3,13.7,,,,,,,,,,,,,,,,,,,,,,,,,,,,,,,,,,,,,,,,,27.8,26.3,27,27.4,27.7,27.6,27.5,27.5,25.4,26.6,26.5,27.1,27.7,27.8,27.9,27.3,27.4,27.1,27.2,26.4,27.3,27.8,27.3,27.7,26.2,26.8,27.5,27.1,26.6,26.7,26.7,74,80,74,77,76,75,77,77,87,78,80,79,72,75,72,77,77,78,78,81,76,75,76,74,81,76,76,79,77,79,76,0.1,0,1.3,0.4,0.3,0,2.5,1,1.4,1.2,0.4,0.1,0,0.5,0,0,0,0.1,0,0.1,0.4,0.3,0,0.1,2.7,0,1.6,0,0,0.4,0,15.5,22.7,20.1,15.4,16.4,13,6.4,4.8,18.8,22.5,18.4,15.6,15.5,3.7,17.8,12,15.2,6,13.8,8.3,7.8,17.4,20.6,6.5,18.4,18.4,7.6,17.3,18.4,21.7,18.4,19.1,27.7,24.5,18.4,19.8,17.3,6.8,6.5,24.8,28.4,21.2,18.7,20.5,5,25.2,14,18.7,8.3,16.6,8.6,10.1,19.4,27,13,20.2,22.3,13,21.6,23.8,28.4,22.3,,,,,,22.2204,114.2127
2026-10-05T02:00,24.2,25,23.4,23.8,25.9,25.8,23.2,25.2,24.2,27.8,24.3,26.9,24,24.9,25.1,23.6,26.4,25.3,24.4,24.7,26.1,23.8,24.5,26.2,25.6,26,25,25.2,23.8,24.1,23.9,24.5,24.4,24.5,25.5,24.6,23.9,27.4,24.5,23.2,73,74,78,74,85,79,77,75,78,84,75,82,75,73,75,72,83,81,77,77,87,76,75,73,85,78,75,71,75,74,75,70,88,77,78,78,73,81,74,77,0,0.4,1.7,0,0,0,0,0,0,0,0,0,0,0.1,0,0,0.3,1.1,0,2.4,1,0,0,0,0.3,0,0,0,0,0,0,0,5.3,0,0,0,0,2.1,0,0,9.4,11.2,15.5,10.2,4.9,9.4,19.4,13,11.6,2.7,12.3,7.6,13.7,10.5,11.7,15.5,7.2,9.6,14.1,14.5,7.6,15.5,16.7,9.1,5.9,12.7,8.3,11.3,17.5,11.2,10.1,13.4,13.1,14.4,11.1,12.6,18.7,8.8,11.9,14.8,,,,,,,,,,,,,,,,,,,,,,,,,,,,,,,,,,,,,,,,,27.6,26.4,26.8,27.1,27.6,27.4,27.5,27.6,25.8,26,25.8,26.8,27.5,27.9,27.6,27.2,27.2,26.9,27.3,26.3,27.3,27.6,27.2,27.6,25.5,26.6,27.4,26.9,26.5,26.5,26.5,74,77,74,77,75,74,76,76,82,79,82,79,71,75,71,77,77,79,77,81,75,75,76,74,84,76,76,79,76,78,75,0.1,0,1.3,0.4,0.3,0,2.5,1,1.4,1.2,0.4,0.1,0,0.5,0,0,0,0.1,0,0.1,0.4,0.3,0,0.1,2.7,0,1.6,0,0,0.4,0,18.8,19.6,21.2,17.4,19,14.6,4.4,8.3,19.8,24.2,20.9,16,19.8,5.8,21.6,14.1,17.1,9.4,14.2,7.8,8.4,19.2,20.2,10.8,21.4,17.7,13,18.4,19.1,22,17.2,22.7,23,26.3,20.5,22.7,17.6,6.5,9.7,26.3,31,24.1,19.1,25.6,6.8,29.2,15.8,21.6,10.4,17.3,8.6,10.1,21.2,25.6,18,22.7,20.2,16.6,22.7,24.5,28.1,20.2,,,,,,22.2204,114.2127
2026-10-05T03:00,23.8,24.3,23.1,23.5,25.8,25.1,23,24.8,23.9,27.8,23.8,26.3,23.8,24.6,24.7,23.2,25.8,24.8,23.9,24.2,25.8,23.5,24.3,25.6,25.3,25.4,24.6,24.5,23.5,23.9,23.5,24,22.6,24,24.8,24.3,23.5,26.6,24.1,23,74,74,78,75,86,76,77,76,78,84,76,78,75,74,75,74,80,79,77,77,82,76,74,72,81,75,75,70,75,74,76,73,85,78,76,79,73,77,74,77,0,1.6,0.7,0,0,0,0,0,0,0,0,0,0,0,0,0,0.6,0.7,0,0.5,0.1,0,0,0,0.3,0,0,0,0,0,0,0,4.8,0,0,0,0,0.1,0,0,9.1,13.3,15.9,11.5,4.9,11.2,19.6,13.3,11.9,3.2,13,8.3,15.2,11.5,10.9,18.4,8,9.1,15.2,15.5,10.4,17,14.9,9.1,6.5,10.8,9,12.2,19.3,10.5,11.3,13.5,12.7,14.8,11.7,13,19.4,14.1,13.4,15.5,,,,,,,,,,,,,,,,,,,,,,,,,,,,,,,,,,,,,,,,,27.1,26.2,26.6,26.8,27.2,27.1,27.4,27.4,26,25.6,25.5,26.6,27.1,27.8,27.2,26.9,26.9,26.9,27.1,26.4,27.3,27.2,26.9,27.3,24.9,26.4,27,26.7,26.3,26.1,26.1,75,76,73,77,75,74,76,75,78,80,82,79,71,75,71,77,76,79,77,80,74,74,76,73,87,75,76,79,76,78,75,1.8,0,0.3,0.2,1.8,0,2.1,0.4,0,2.5,0.9,0,0,0.1,0.2,0,0,0.2,0,0.6,0.6,0.8,0,0.1,8,0,1.4,0,0,0.6,0.3,19.4,19,21.1,18.3,20.1,16.5,8.1,13.4,21,24.3,21.6,15.4,23,9.1,22.9,16.1,18.9,11.3,15.2,8.6,8.3,20.3,19.8,15.2,22,18.4,16.9,18.7,20.2,21.6,18.9,23.8,22.7,25.9,21.2,24.5,20.5,12.2,15.8,29.2,30.2,25.2,18.7,29.2,10.4,29.5,18,24.1,14.8,18.4,11.5,9.7,23.8,24.8,22,24.1,21.6,20.5,23,25.6,27.4,22.3,,,,,,22.2204,114.2127
2026-10-05T04:00,23.6,23.8,22.9,23.3,25.7,24.4,22.9,24.5,23.7,27.6,23.5,25.8,23.7,24.2,24.4,23,25.3,24.3,23.6,23.9,25.2,23.3,24.2,25.1,24.9,24.8,24.4,24,23.1,23.7,23.3,23.8,21.4,23.7,23.9,24.2,23.1,25.4,23.9,23,74,77,78,75,83,75,78,75,78,85,76,75,74,75,76,74,76,78,77,77,77,76,74,73,76,75,75,71,75,74,76,74,91,78,80,79,72,71,75,76,0,1.6,0,0,0,1.2,0,0,0,0.7,0,0,0,0,0,0,0.7,0,0,0,0,0,0,0,0.2,0,0,0,0,0,0,0,5.1,0,1.2,0,0,0,0,0,9.1,14.5,15.5,11.5,6.6,12.6,19.2,13.7,12.2,3.6,12.6,8.7,15.5,14.1,9.4,20,8.3,10.8,16.2,15.9,11.6,18.1,13.1,8.6,7.6,11.9,9.7,13.3,19.7,10.1,12.3,13,10.5,15.2,11.2,12.6,17.9,15.1,12.6,16.2,,,,,,,,,,,,,,,,,,,,,,,,,,,,,,,,,,,,,,,,,26.5,25.9,26.5,26.5,26.5,26.7,27.1,27,26.2,25.4,25.4,26.5,26.5,27.7,26.8,26.5,26.5,27,26.9,26.5,27.4,26.7,26.6,26.9,24.2,26.2,26.5,26.4,26.1,25.6,25.7,76,76,73,76,76,74,76,75,73,82,81,79,71,75,70,77,74,78,77,78,74,74,75,72,90,73,76,79,76,79,75,1.8,0,0.3,0.2,1.8,0,2.1,0.4,0,2.5,0.9,0,0,0.1,0.2,0,0,0.2,0,0.6,0.6,0.8,0,0.1,8,0,1.4,0,0,0.6,0.3,19,19.7,19.9,18.2,20.6,19.1,15.1,19.6,22.7,23.2,21.3,14.8,25.9,13.3,22.5,18.2,20.6,14.4,17,11.2,7.9,22,19.8,19.7,21.6,19.5,20.2,18.4,21.7,21,21.6,23.4,24.1,24.1,21.2,25.9,25.2,20.9,23.4,32.4,28.1,25.2,17.6,32,15.5,27.7,20.5,25.9,20.5,19.4,15.8,9,26.3,24.5,25.6,24.8,24.8,24.5,22.3,26.6,25.9,26.6,,,,,,22.2204,114.2127
2026-10-05T05:00,23.5,23.6,22.8,23.3,25.2,24.1,22.8,24.4,23.6,27.3,23.3,25.2,23.6,24,24.3,22.8,24.9,23.8,23.5,23.7,24.8,23.3,24,24.8,24.5,24.6,24.3,23.7,22.9,23.4,23,23.5,21.1,23.5,23.2,24.1,22.9,24.6,23.7,22.8,75,77,79,74,80,75,77,75,78,85,77,74,74,75,75,73,75,77,76,77,75,76,74,74,74,74,75,72,74,75,76,75,94,79,84,79,70,71,75,76,0,2.5,0,0,0,0.3,0,0,0,2.3,0,0,0,0,0,0,0.4,0,0,0,0,0,0,0,0.1,0,0,0,0,0,0,0,13.9,0,3.7,0,0,0,0,0,9.1,17.1,15.9,10.8,9,12.6,18.5,13.7,13,6.9,13,9.7,15.2,16.6,9.7,18.9,8.3,12.2,15.9,15.5,12.7,18.5,12.6,10.1,7.2,10.5,10.8,12.6,16.8,10.4,13.7,15.9,10.9,15.9,11.5,13.3,16.8,17,13.8,17,,,,,,,,,,,,,,,,,,,,,,,,,,,,,,,,,,,,,,,,,26.1,25.7,26.4,26.3,26,26.5,26.8,26.7,26.2,25.1,25.4,26.4,26.1,27.4,26.4,26.2,26.2,27,26.7,26.5,27.3,26.3,26.3,26.5,23.6,26,26,26.2,25.9,25.4,25.3,77,75,72,76,76,74,76,74,70,83,79,78,71,76,70,77,72,77,77,77,74,73,74,71,93,72,76,78,76,79,75,1.8,0,0.3,0.2,1.8,0,2.1,0.4,0,2.5,0.9,0,0,0.1,0.2,0,0,0.2,0,0.6,0.6,0.8,0,0.1,8,0,1.4,0,0,0.6,0.3,18.6,20.3,19.4,18.1,21.3,21.4,21.1,23.9,24.7,22.7,21.3,15.1,27.3,16.7,22.4,19.9,21.6,18.2,18.4,14,9,23.5,19.8,22.8,21.3,20.9,22.7,18.5,22.5,20.8,24.2,23.4,25.6,23,20.9,27,28.4,28.1,29.2,34.6,26.6,25.6,17.3,33.8,19.1,26.6,22.3,27,25.2,20.9,19.4,10.4,28.4,24.5,28.1,25.6,27.4,27.7,22,27,24.8,29.9,,,,,,22.2204,114.2127
2026-10-05T06:00,23.3,23.3,22.7,23.3,24.6,23.9,22.8,24.4,23.5,26.8,23.1,24.7,23.5,23.9,24,22.7,24.6,23.3,23.3,23.5,24.5,23.3,23.7,24.4,24.2,24.5,24.1,23.5,22.7,23.2,22.9,23.3,21,23.4,22.5,24,22.6,24.3,23.6,22.6,75,77,78,74,77,76,78,74,78,82,77,75,73,75,76,72,75,78,75,77,74,75,73,75,74,74,75,73,74,76,76,75,94,78,86,78,69,71,75,76,0,2.7,0,0,0,0,0,0,0,2.2,0,0,0,0,0,0,0,0,0,0,0,0,0,0,0,0,0,0,0,0,0,0,18.6,0,3.9,0,0,0,0,0,9.7,18.8,15.9,9.7,9.5,14.3,18.3,13.7,13.7,10.1,14,10.5,14.8,17.5,10.8,15.1,8.4,13.7,16.2,15.6,13.4,17.5,13,12.2,7.6,10.5,11.2,11.9,15.3,11.2,14.1,17.8,10.4,15.6,12.6,13.8,16.4,15,13.8,17.3,,,,,,,,,,,,,,,,,,,,,,,,,,,,,,,,,,,,,,,,,25.8,25.6,26.1,26.1,25.6,26.3,26.5,26.5,26,24.9,25.4,26.3,25.9,26.7,26,25.9,26,26.8,26.4,26.3,27,26,26.1,26.2,23.1,25.7,25.6,26,25.8,25.4,24.9,76,74,71,76,75,73,75,73,69,82,77,77,71,79,70,77,70,75,77,76,75,72,73,70,94,72,75,77,75,77,75,1.7,0,0,0.9,3.1,0,1.6,0.1,0,1.5,0.3,0,0.3,0.3,0.3,0.5,0,0.3,0,0.3,1.1,0.7,0,0.9,9.8,0.5,1.8,0.2,0,0.2,0.6,19.4,21.6,20.2,17.9,22.3,22.8,23.4,25.2,26.1,23.4,22.3,16.2,27.6,18.4,23.4,21,21.3,20.8,20.2,16.1,13.5,24.1,20.6,23.8,22.3,22.7,24.2,18.5,22.1,20.2,25.4,24.1,27,24.1,20.2,28.4,29.9,31.3,31,34.6,27,27.7,18.4,33.8,21.2,28.1,23.8,26.3,28.1,23.4,21.2,15.5,29.9,25.2,28.8,26.6,29.2,29.9,21.6,26.3,23.8,31,,,,,,22.2204,114.2127
2026-10-05T07:00,23.2,23.1,22.8,23.2,24.2,23.8,22.7,24.3,23.5,25.8,22.9,24.3,23.5,23.7,23.9,22.4,24.3,23.2,23.1,23.3,24.3,23.3,23.4,24.3,24.1,24.3,24,23.4,22.7,23.2,22.9,23.3,21,23.3,22.1,24,22.5,24,23.6,22.5,75,76,78,74,76,76,78,74,78,77,78,77,74,75,77,72,75,78,76,78,75,75,74,75,75,75,75,72,74,77,76,75,93,78,88,78,68,72,75,76,0,4.3,0,0,0,0,0,0,0,0.5,0,0,0,0,0,0,0,0,0,0,0,0,0,0,0,0,0,0.1,0,0,0,0,13.3,0,3.7,0,0,0,0,0,10.1,19.5,16.6,9.7,10.2,16.2,18.2,13,14.4,14,15.9,11.2,14.2,17.2,11.9,16.3,8,15.6,17.3,15.9,13.8,16.7,14.4,14.1,8,11.6,11.6,11,14.2,10.5,14.2,19.6,9.6,15.3,12.6,13.6,16.2,16.8,13.6,18,,,,,,,,,,,,,,,,,,,,,,,,,,,,,,,,,,,,,,,,,25.7,25.5,25.9,25.9,25.4,26.2,26.3,26.3,25.7,24.8,25.4,26.2,25.7,25.9,25.7,25.6,25.9,26.5,26,26,26.6,25.7,25.8,26,22.8,25.4,25.2,25.9,25.8,25.6,24.6,75,72,70,75,74,71,73,71,69,81,74,75,70,82,69,77,69,73,77,76,76,71,72,69,95,72,75,76,74,74,75,1.7,0,0,0.9,3.1,0,1.6,0.1,0,1.5,0.3,0,0.3,0.3,0.3,0.5,0,0.3,0,0.3,1.1,0.7,0,0.9,9.8,0.5,1.8,0.2,0,0.2,0.6,20.5,23.4,21.2,17.2,23.4,23.4,24.3,24.6,27,24.6,24.1,18.1,26.6,19.1,24.5,21.4,20.2,22.5,22.1,18.3,20,24.5,21.5,23.3,23.8,24.7,25.2,18.5,21,19.2,26.3,25.2,28.8,25.9,19.4,29.5,30.6,33.1,31,33.5,28.1,30.2,20.5,32.4,22,30.2,24.8,24.1,30.2,26.3,22.3,22,31,26.6,28.1,27.7,30.2,31.3,21.2,24.8,22.7,31,,,,,,22.2204,114.2127
2026-10-05T08:00,23.6,22.8,23,23.3,24.5,24,23.1,24.3,23.6,25,23.1,24.5,23.8,23.6,24.1,22.2,24.6,23.4,23.1,23.3,24.4,23.5,23.4,24.5,24.1,24.3,24.3,23.2,22.6,23.5,23.3,23.4,21.1,23.6,22,24,22.7,23.9,23.9,22.7,75,75,77,74,75,76,78,75,77,75,77,77,74,75,76,73,75,77,76,78,74,75,74,75,75,76,75,74,75,76,75,75,89,77,89,77,68,72,75,75,0,2.8,0,0,0,0,0,0,0,0.1,0,0,0,0,0,0,0,0.3,0,0,0,0,0,0,0,0,0,0.1,0,0,0,0,5.7,0,3.3,0,0,0,0,0,11.3,19.5,18.9,11.2,12.8,18.5,20.7,13.8,16.3,14.6,18.6,13.8,16.8,18.5,16,19.9,7.8,17.2,18.8,17.7,12.8,17.4,16.9,17.2,8.3,15.2,12.3,11.8,17.3,10.5,15.7,20.2,10.6,15.9,12.1,14.5,16.3,16.1,14.9,19.5,,,,,,,,,,,,,,,,,,,,,,,,,,,,,,,,,,,,,,,,,25.8,25.5,25.8,25.8,25.3,26.1,26,26.3,25.5,24.7,25.6,26.3,25.8,25.3,25.6,25.4,26,26.4,25.9,25.9,26.4,25.7,25.7,26,22.6,25.4,24.9,25.9,25.9,25.8,24.3,73,71,69,75,73,70,71,69,69,79,71,73,69,84,68,76,67,71,76,75,77,70,71,68,95,72,74,75,72,72,76,1.7,0,0,0.9,3.1,0,1.6,0.1,0,1.5,0.3,0,0.3,0.3,0.3,0.5,0,0.3,0,0.3,1.1,0.7,0,0.9,9.8,0.5,1.8,0.2,0,0.2,0.6,21,25.1,22,17.4,23.8,24.1,24.2,23.8,27.2,25,24.9,19.4,25.6,19.5,24.9,21.2,19.2,23.2,22.9,19.6,23.7,24.8,22.5,22.5,24.2,25,25.8,18.9,20,18.9,26.5,25.6,29.9,27,19.4,29.9,31,33.1,30.2,32,28.8,31.7,22,31,22.7,31.3,24.8,22.3,31,27.7,22.7,26.3,31,27.4,27,28.1,29.9,32,21.2,23.4,22,30.6,,,,,,22.2204,114.2127
2026-10-05T09:00,24.3,22.8,23.5,23.9,25.2,24.4,23.8,24.5,23.9,24.8,23.7,24.8,24.6,24,24.7,22.9,25.1,23.8,23.7,23.9,24.6,24.2,24,25,24.7,24.7,24.9,23.6,23.3,24.2,24,23.8,21.5,24.3,21.9,24.3,23.3,24,24.4,23.2,72,74,75,72,72,74,76,74,75,74,74,75,72,72,73,71,73,75,73,75,73,72,71,72,73,74,72,73,73,74,73,73,84,74,90,76,66,71,72,73,0,2.9,0,0,0,0,0,0,0,0,0,0,0,0,0,0,0,0.2,0,0,0,0,0,0,0,0,0,0,0,0,0,0,0.6,0,2.8,0,0,0,0,0,13.2,19.4,20.4,13,14.1,20.1,22.3,16.3,17.4,16.5,20.1,16.3,18.4,19.7,17.9,20.7,9.7,17.9,20.3,19.5,14.3,18.9,18.8,19.4,10.8,17.1,14.6,13.4,18.8,12.4,17.6,20.5,12.4,18.2,12.7,15.8,18.2,17.9,17.1,20.3,,,,,,,,,,,,,,,,,,,,,,,,,,,,,,,,,,,,,,,,,26,25.8,26,25.6,25.3,26.2,25.9,26.6,25.6,24.8,26,26.6,26.1,25,25.9,25.3,26.4,26.7,26.1,25.9,26.6,26.1,25.6,26.1,22.4,25.8,24.5,26.1,26.2,25.9,24,71,69,67,75,72,69,70,67,69,76,69,71,67,84,66,75,65,69,74,73,76,68,70,67,95,69,74,73,70,71,78,1.2,0,0.3,0.5,1.4,0,1.3,0,0,0.3,0.1,0.1,0,0.3,0.2,0.5,0,0,0,0.3,0.3,0.2,0,0.6,10.1,0.7,1.7,0.1,0,0.2,1,20.7,25.6,21.7,18.4,23.1,24.9,23.5,23.2,26.2,24,24.7,19.8,24.4,19.5,23.6,20.2,18.6,23,21.8,19.8,23.1,24.4,22.1,21.2,23.1,22.3,25.3,19.5,19.2,19.2,25.8,24.5,30.2,26.6,20.5,28.8,31.7,31,29.2,30.6,28.4,31,22.7,29.2,23,29.9,23.8,21.2,29.9,26.3,22.3,25.6,29.9,27,25.6,26.6,26.3,31,22.3,22.3,22,29.5,,,,,,22.2204,114.2127
2026-10-05T10:00,25.3,22.9,24.2,24.7,26.2,24.9,24.7,24.8,24.2,25,24.6,25.4,25.6,24.7,25.7,24,25.9,24.4,24.5,24.7,25,25,25.1,25.8,25.6,25.3,25.9,24.1,24.2,25.1,24.8,24.5,22,25.2,21.9,24.6,24.3,24.2,25.1,24,68,74,73,69,68,71,72,73,73,74,70,72,69,69,69,68,70,72,70,72,71,68,67,67,69,72,68,71,69,71,70,71,78,70,90,74,64,69,68,70,0,2.9,0,0,0,0,0,0,0,0,0,0,0,0,0,0,0,0.2,0,0,0,0,0,0,0,0,0,0,0,0,0,0,0.6,0,2.8,0,0,0,0,0,15.8,18.7,22.1,15.5,15.6,21.6,23.8,20,18.9,17.9,21.1,19.6,20.3,21.3,19.5,21.5,13,18.6,21.4,21.6,16.4,21.1,20.7,21.5,14.3,19.1,17.4,15.8,20.5,14.9,19.8,20.8,15.5,21.1,13.7,17.5,20.7,20.7,20,21.5,,,,,,,,,,,,,,,,,,,,,,,,,,,,,,,,,,,,,,,,,26.4,26.3,26.4,25.4,25.5,26.3,25.8,26.9,26,25,26.4,27.1,26.7,24.9,26.5,25.2,27,27.2,26.5,26.1,26.9,26.8,25.7,26.5,22.3,26.4,24.2,26.5,26.6,26,23.7,68,67,65,74,70,68,69,65,68,72,67,68,65,82,64,73,63,66,70,71,75,65,69,65,95,66,75,70,67,71,81,1.2,0,0.3,0.5,1.4,0,1.3,0,0,0.3,0.1,0.1,0,0.3,0.2,0.5,0,0,0,0.3,0.3,0.2,0,0.6,10.1,0.7,1.7,0.1,0,0.2,1,20.1,25.8,21.2,20.1,22.3,25.8,22,22.3,24.8,22,23.9,20.3,22.7,19.5,21.7,18.4,17.8,22.4,20.3,19.7,20.2,23.6,21.7,20.2,21.1,18,24.3,20.7,18.3,20.1,24.8,23,30.6,25.2,22.7,27,31.7,27.4,28.1,29.2,27,28.8,23.4,27,22.7,27.7,21.6,20.2,27.4,23.4,21.2,22,27.7,25.9,23.4,24.5,21.2,29.2,23.4,20.9,22.3,27.7,,,,,,22.2204,114.2127
2026-10-05T11:00,26.2,23.2,24.8,25.5,27.2,25.4,25.6,25.2,24.4,25.2,25.4,26,26.5,25.4,26.6,25,26.6,25.1,25.2,25.5,25.5,25.7,26,26.5,26.5,25.8,26.8,24.7,25,25.9,25.6,25.2,22.6,26.1,22.1,25.1,25.3,24.6,25.7,24.8,65,73,71,66,64,69,69,72,71,73,67,69,66,66,65,65,67,70,67,68,69,65,64,63,66,69,65,69,66,68,67,69,73,67,89,73,62,67,65,67,0,2.9,0,0,0,0,0,0,0,0,0,0,0,0,0,0,0,0.2,0,0,0,0,0,0,0,0,0,0,0,0,0,0,0.6,0,2.8,0,0,0,0,0,17.4,18.7,23.3,17.4,16.5,22.6,24.6,22.6,19.7,19.1,21.8,21.8,21.5,22,20.7,22,15.6,18.9,22.6,23.4,18.2,22.7,21.8,22.7,16.6,20.6,19.4,18.1,21.7,16.8,21.3,20.3,18.1,23.4,14.4,18.8,22.5,22.9,21.7,22,,,,,,,,,,,,,,,,,,,,,,,,,,,,,,,,,,,,,,,,,26.8,26.7,26.8,25.2,25.8,26.5,25.5,27.3,26.3,25.3,26.8,27.5,27.2,24.9,27,25.3,27.6,27.7,26.8,26.3,27.1,27.4,25.9,26.8,22.3,26.7,24.1,26.7,27,26.1,23.4,67,66,64,74,69,67,70,64,68,69,66,66,64,80,63,72,62,65,68,69,74,64,68,64,94,64,75,69,66,71,83,1.2,0,0.3,0.5,1.4,0,1.3,0,0,0.3,0.1,0.1,0,0.3,0.2,0.5,0,0,0,0.3,0.3,0.2,0,0.6,10.1,0.7,1.7,0.1,0,0.2,1,19.7,25.8,20.7,21.3,21.1,26.3,20.6,21.3,23.6,19.8,23.3,20.7,21.6,19.1,20.5,17.2,17.7,21.5,19,19.3,18.1,22.5,21,18.9,19.7,14.8,24.2,21.5,18.4,20.6,23.7,22.3,30.2,24.1,24.1,25.2,31.7,24.5,26.6,27.4,25.6,27.4,24.1,25.2,22.3,25.6,19.8,19.8,25.6,21.2,20.5,19.4,25.9,24.8,21.6,23,18,28.4,24.5,20.2,22.7,26.6,,,,,,22.2204,114.2127
2026-10-05T12:00,26.9,23.8,25.5,26.1,28,25.9,26.4,25.5,24.5,25.7,26.1,26.7,27.3,26.1,27.4,25.8,27.2,25.7,25.9,26.4,26.1,26.2,26.7,27.1,27.3,26.4,27.6,25.5,25.7,26.6,26.4,26.2,23.2,26.8,22.4,25.7,26.2,25.4,26.4,25.6,63,71,69,64,61,67,66,71,71,71,65,67,64,64,63,63,65,68,65,65,67,63,62,61,64,67,63,66,64,66,65,66,70,65,88,71,60,64,63,65,0,0,0,0,0,0,0,0,0,0,0,0,0,0,0,0,0,0.1,0,0,0,0,0,0,0,0,0,0,0,0,0,0,0,0,0.6,0,0,0,0,0,17.5,19.5,23.4,17.1,16.4,23,24.8,22.9,20,20.2,21.5,22.5,20.9,22,20.7,21.3,16.8,19.6,23,24.2,18.9,22.7,21.9,22.8,17.4,20.9,19.6,18.9,21.7,16.4,21,19.6,19.7,23.9,14.4,19.9,22.5,23.6,21.3,21.6,,,,,,,,,,,,,,,,,,,,,,,,,,,,,,,,,,,,,,,,,27.1,27.2,27,25,26.3,26.9,24.9,27.5,26.5,25.9,27.1,28,27.6,25,27.3,25.6,28,28.2,27.1,26.4,27,27.8,26.4,27.1,22.3,26.6,24.5,26.8,27.1,26,23.3,67,66,65,75,68,67,73,65,68,68,66,65,64,78,63,71,62,65,67,68,74,65,67,64,92,67,73,69,66,72,84,1,0,0,0.6,0.9,0,2,0,0,0,0,0.1,0,0.1,0,0.1,0,0,0,0,0.6,0,0,0.8,2.9,0.5,0.4,0.3,0,0.3,0.7,20.6,25.5,20.8,21.7,19.6,26.2,19.5,20.4,22.7,16.7,23.9,22,20.9,18.5,20.9,16.2,17.7,21.1,18.8,19.2,17,21.5,20.8,18.4,19.9,13.9,25.2,21.3,18.7,19.9,23,23.4,29.5,23.8,24.8,23.8,30.2,23.4,25.6,25.6,23,27,25.6,24.1,21.6,24.8,18.4,20.5,24.8,20.5,19.8,18.7,25.2,24.1,20.5,23,18,29.5,24.5,20.2,22.7,26.3,,,,,,22.2204,114.2127
2026-10-05T13:00,27.5,24.5,26.2,26.7,28.8,26.4,27.1,25.8,24.4,26.2,26.8,27.3,28,26.8,28.1,26.5,27.7,26.2,26.5,27.3,26.8,26.5,27.4,27.7,28,26.8,28.5,26.3,26.2,27.3,27.1,27.4,24,27.4,22.9,26.4,27.2,26.3,27,26.3,61,69,67,63,59,66,64,69,71,68,63,64,63,62,61,62,64,66,63,62,65,63,61,59,62,64,62,62,63,65,63,64,68,64,85,69,59,61,62,64,0,0,0,0,0,0,0,0,0,0,0,0,0,0,0,0,0,0.1,0,0,0,0,0,0,0,0,0,0,0,0,0,0,0,0,0.6,0,0,0,0,0,16.4,20.6,23.3,16,15.8,22.5,24.4,22.4,19.6,20.9,20.5,22.4,19.8,21.7,20,20.2,17.2,20.3,23.1,24.7,19.4,22,21.5,22.4,17.4,20.8,19.3,19.2,20.9,15.4,20.5,18.4,20.5,23.3,14.4,20.3,21.4,23.7,20.1,21.1,,,,,,,,,,,,,,,,,,,,,,,,,,,,,,,,,,,,,,,,,27.3,27.6,27.3,24.8,26.9,27.4,24,27.8,26.7,26.5,27.4,28.5,27.9,25.2,27.6,25.9,28.4,28.6,27.5,26.5,26.8,28.2,27,27.4,22.5,26.2,25.2,26.8,27.2,25.9,23.2,69,66,67,76,68,67,78,66,68,67,67,64,66,76,64,71,64,66,67,68,73,66,66,64,89,71,70,71,68,73,86,1,0,0,0.6,0.9,0,2,0,0,0,0,0.1,0,0.1,0,0.1,0,0,0,0,0.6,0,0,0.8,2.9,0.5,0.4,0.3,0,0.3,0.7,22.7,25,21.4,22.4,18.2,25.6,18.7,21,22.3,15.1,24.8,23.9,20.7,18,22.4,15.9,18.7,20.7,18.8,19.4,17.3,21.1,21.4,18.6,20.5,14.6,26.7,20.7,19.6,19.2,22.8,25.2,28.4,23.8,24.8,22,28.4,23,24.5,23.8,20.2,27,27.4,23,20.5,24.5,17.6,21.6,24.8,20.2,19.1,19.1,24.8,23.4,19.8,23.8,19.8,32,24.1,20.2,23,26.3,,,,,,22.2204,114.2127
2026-10-05T14:00,27.8,25,26.6,27,29.3,26.6,27.5,26,24.3,26.6,27.2,27.7,28.4,27.1,28.5,26.9,27.9,26.5,26.7,27.7,27.1,26.6,27.7,27.9,28.4,27.1,28.9,26.8,26.4,27.7,27.5,28.1,24.5,27.7,23.3,26.9,27.8,27,27.3,26.7,61,68,66,63,58,65,63,68,72,66,63,63,62,62,60,62,64,65,63,61,64,63,60,59,61,63,61,60,63,64,62,62,67,63,83,68,58,59,62,63,0,0,0,0,0,0,0,0,0,0,0,0,0,0,0,0,0,0.1,0,0,0,0,0,0,0,0,0,0,0,0,0,0,0,0,0.6,0,0,0,0,0,15.7,21.4,23.2,15.3,15.4,22.5,23.9,21.7,19.5,21.5,19.9,22,18.4,21.3,19.3,19.1,17.2,20.7,23.2,24.9,19.9,21.3,21.2,21.9,17.1,20.4,18.7,19.3,20.1,14.3,19.9,17.7,21,22.8,14.5,20.7,20.3,23.5,19,20.7,,,,,,,,,,,,,,,,,,,,,,,,,,,,,,,,,,,,,,,,,27.4,27.9,27.4,24.6,27.2,27.7,23.5,27.9,26.8,26.8,27.6,28.8,28.2,25.4,27.7,26.2,28.6,28.8,27.7,26.4,26.6,28.4,27.4,27.5,22.7,26,25.6,26.7,27.1,25.9,23.2,70,66,69,77,68,67,81,68,68,68,68,64,67,75,65,71,65,67,67,69,73,68,66,65,86,74,68,72,69,74,86,1,0,0,0.6,0.9,0,2,0,0,0,0,0.1,0,0.1,0,0.1,0,0,0,0,0.6,0,0,0.8,2.9,0.5,0.4,0.3,0,0.3,0.7,23.8,24.8,22.2,22.5,17.3,25.9,17.6,22.2,21.7,15.6,25.7,25.4,21.1,18.3,23.1,15.9,19.4,20.9,18.9,19.9,18.7,21.2,21.9,18.7,21.6,15.5,27.5,20.2,20.3,18.4,23.1,26.3,27.4,23.4,25.2,20.5,27.7,22.3,24.5,22.7,18,27,29.2,22.7,20.5,24.1,17.3,22.3,25.2,20.5,19.1,19.8,24.5,23.4,19.4,24.8,20.9,33.8,23.4,20.9,23,26.6,,,,,,22.2204,114.2127
2026-10-05T15:00,27.6,25.2,26.5,26.7,29.3,26.5,27.5,26,24.2,26.5,27,27.8,28.3,26.8,28.5,26.7,27.9,26.5,26.3,27.5,26.7,26.3,27.7,27.8,28.3,27.1,28.8,26.7,26.1,27.7,27.3,28.4,24.9,27.5,23.8,26.9,27.8,27.3,27.3,26.5,62,67,66,64,58,65,63,68,73,66,64,63,62,63,61,63,65,65,65,62,65,64,61,60,61,63,61,60,64,65,63,62,66,64,80,67,58,59,63,64,0,0,0,0,0,0.1,0,0,0,0,0,0,0,0,0,0,0,0,0,0,0,0,0,0,0,0,0,0,0,0,0,0,0,0,0.1,0,0,0,0,0,15.7,21.3,23.5,15.6,15.3,22.7,23.6,21.5,19.9,22.1,20.1,21.7,17.7,21.2,19.1,18.7,17.1,20.8,23.2,24.7,20.3,21.5,21.4,21.6,17.3,20.5,18.5,19.5,20.2,14.4,20.3,17.5,20.8,22.6,15.3,20.8,19.9,23.7,19.1,21.1,,,,,,,,,,,,,,,,,,,,,,,,,,,,,,,,,,,,,,,,,27.2,27.9,27.4,24.5,27.1,27.7,23.5,28,26.5,26.6,27.6,28.9,28.2,25.5,27.7,26.3,28.5,28.7,27.8,26,26.6,28.5,27.7,27.2,23.1,26.4,25.6,26.4,27,26.1,23.2,71,67,71,78,70,67,82,69,69,71,68,64,68,75,66,72,66,68,68,70,72,69,67,66,83,74,68,73,71,74,86,0.5,0,0,1,0.5,0,2.7,0,0.1,0.1,0,0,0,0,0,0.1,0,0,0,0.1,0.2,0.7,0,0.4,0.1,0.1,0.1,0.5,0,0.1,0.2,22.4,24.6,21.3,22.1,15.6,27,15.9,23.1,21.1,14.5,25.7,26.3,20.6,18.9,22.3,16.9,18.7,21.2,19.7,21.1,19.7,20.2,22.5,18.9,22.3,14.5,28,19.8,21,18.4,23.5,24.8,26.6,22.3,25.2,18.7,28.8,20.9,25.2,22.7,16.2,27,30.6,22.3,21.6,23,18.4,21.6,25.9,21.2,20.5,21.2,23.8,24.1,19.8,25.6,19.4,35.3,22.3,22,23.4,27.4,,,,,,22.2204,114.2127
2026-10-05T16:00,27,25.1,26,26.1,28.9,26.2,27.3,25.9,24,26.2,26.4,27.6,27.9,26,28.1,26.2,27.7,26.3,25.5,26.9,25.8,25.8,27.3,27.3,27.8,26.9,28.4,26.4,25.5,27.4,26.7,28.2,25,27.1,24.3,26.7,27.5,27.3,26.9,25.9,65,68,67,65,59,67,64,69,73,66,66,63,63,66,62,64,66,65,68,64,67,66,62,61,62,63,63,62,67,66,64,63,67,65,76,68,60,60,64,66,0,0,0,0,0,0.1,0,0,0,0,0,0,0,0,0,0,0,0,0,0,0,0,0,0,0,0,0,0,0,0,0,0,0,0,0.1,0,0,0,0,0,15.6,20.8,23.2,15.9,15,22.8,23.2,21.4,20.2,22.7,20.9,21.2,16.9,21.2,19.1,18.8,16.6,20.9,23.2,24.7,20.8,21.8,22,21.3,17.7,20.6,18.4,19.7,20.6,14.9,20.6,17.3,20.2,22.6,16.2,20.4,19.6,23.7,19.5,21.5,,,,,,,,,,,,,,,,,,,,,,,,,,,,,,,,,,,,,,,,,26.9,27.8,27.2,24.4,26.7,27.5,23.8,28,26,26.1,27.6,28.9,28.2,25.5,27.6,26.2,28.2,28.4,27.8,25.5,26.6,28.5,27.8,26.7,23.6,27,25.4,26.1,26.7,26.4,23.2,73,68,72,78,73,68,81,71,71,74,69,65,69,75,67,73,68,70,68,72,71,70,69,68,79,72,69,75,72,73,85,0.5,0,0,1,0.5,0,2.7,0,0.1,0.1,0,0,0,0,0,0.1,0,0,0,0.1,0.2,0.7,0,0.4,0.1,0.1,0.1,0.5,0,0.1,0.2,20.2,24.1,19.7,21.3,14.2,28.5,14.1,24,20.3,12.4,25,27.1,20.4,20,20.1,18,17.6,21.8,20.8,22.4,20.9,18.8,22.9,19.5,23.1,13.2,28.4,18.9,21.7,18.3,24.3,22.7,26.6,21.2,25.2,17.3,30.6,19.4,27,23,15.1,27.4,32,22.3,23.8,22.3,20.5,20.5,26.6,22.3,23,23.4,23,25.2,20.5,26.6,17.3,36.7,21.2,23,23.4,28.8,,,,,,22.2204,114.2127
2026-10-05T17:00,26.3,24.8,25.4,25.5,28.3,25.8,26.7,25.6,23.8,25.7,25.6,27.2,27.3,25.3,27.4,25.5,27.3,25.8,24.6,26.1,24.9,25.1,26.6,26.7,27,26.4,27.7,25.8,24.8,26.9,25.9,27.8,24.9,26.4,24.4,26.3,26.9,26.9,26.4,25.1,67,68,69,67,60,68,66,70,74,67,68,64,65,68,64,66,67,66,70,66,69,68,64,63,64,64,64,64,69,68,66,64,67,67,74,68,61,61,66,68,0,0,0,0,0,0.1,0,0,0,0,0,0,0,0,0,0,0,0,0,0,0,0,0,0,0,0,0,0,0,0,0,0,0,0,0.1,0,0,0,0,0,15.5,20.6,23.2,16.3,15.1,23,23,21.3,20.2,23.1,21.3,20.6,16.6,21.4,19.3,18.3,15.7,21,22.9,24.5,20.7,21.9,22.2,21.2,17.8,20.7,18.2,19.8,20.6,15.4,21.2,17.4,19.5,22.8,17,20.7,19.3,23.6,19.7,21.5,,,,,,,,,,,,,,,,,,,,,,,,,,,,,,,,,,,,,,,,,26.7,27.5,27.1,24.4,26.4,27.2,24.2,27.8,25.6,25.8,27.5,28.7,28,25.6,27.5,26.1,28,28,27.7,25.1,26.6,28.3,27.7,26.3,24,27.4,25.3,25.8,26.4,26.5,23.2,73,69,73,78,75,68,80,71,73,76,69,66,69,75,68,75,69,71,69,73,70,70,70,69,76,70,69,76,73,73,84,0.5,0,0,1,0.5,0,2.7,0,0.1,0.1,0,0,0,0,0,0.1,0,0,0,0.1,0.2,0.7,0,0.4,0.1,0.1,0.1,0.5,0,0.1,0.2,18.9,24.2,18.4,21.6,13.4,29.5,13,24.8,19.9,11.6,25,28,20.8,21,19.3,19.1,17.4,22.3,21.8,23.2,22.5,19.4,23.2,19.8,23.9,13.2,29,18.4,22.5,19,24.9,21.6,26.6,20.9,25.9,17.3,32.4,19.1,29.5,23.4,16.9,27.7,33.5,23.8,25.6,22,22,21.2,28.1,23.8,24.8,26.3,24.5,25.9,21.6,27.7,17.3,36.7,20.5,24.5,24.1,29.5,,,,,,22.2204,114.2127
2026-10-05T18:00,25.3,24.3,24.6,24.8,27.2,25.1,25.7,25.2,23.5,25,24.6,26.4,26.4,24.5,26.3,24.7,26.7,25.1,23.8,25.2,24,24.3,25.4,25.9,25.9,25.6,26.9,25.1,24,26,25,27,24.4,25.3,24.1,25.5,25.9,26.1,25.6,24.2,69,69,71,69,63,69,68,71,75,69,70,65,67,70,66,68,68,68,71,68,69,70,67,65,67,66,66,66,71,70,68,65,68,69,73,69,62,63,68,69,0,0,0,0,0,0.1,0,0,0,0,0,0,0,0,0,0,0,0,0,0,0,0,0,0,0,0,0,0,0,0,0,0,0,0,0,0,0,0,0,0,15.5,20.8,22.8,15.9,15.5,23.3,23.1,21.3,19.9,23.5,21.6,20.7,17.1,21.5,19.7,16.7,14.3,21.1,22.1,24.3,20.8,21.2,22.1,21.1,18.1,21,18.6,20,20.5,16.3,21.8,18.3,19.9,24,17.3,21.4,19.3,23.1,19.4,21.3,,,,,,,,,,,,,,,,,,,,,,,,,,,,,,,,,,,,,,,,,26.8,27,27.3,24.4,26.6,26.8,24.7,27.5,25.4,26.1,27.2,28.3,27.6,25.6,27.3,25.8,27.7,27.7,27.4,24.7,26.4,28,27.4,26.3,24,27.3,25.3,25.5,26.1,26.3,23.2,72,69,73,78,74,68,79,70,74,74,69,66,69,74,68,78,69,70,69,73,70,69,71,69,74,70,68,77,72,74,84,0,0,0.1,0.5,0,0,0.8,0,0.1,0.1,0,0,0,0.1,0,0.4,0.1,0,0,0.1,0.1,0.4,0.1,0,0,0.2,0.2,0.2,0,0.3,0.1,19.9,24.4,18.2,23.1,14.1,30.1,12.6,26.1,19.7,16.8,25.6,29.5,23.5,21.5,19.9,19.3,20.8,23.7,22.7,23.2,25.3,24.2,24,20.8,25.2,17.1,28.5,18,23.3,20.5,24.9,23.8,27.7,22.7,28.1,20.5,33.5,20.2,33.5,23.4,24.8,28.8,36,27.7,27.7,23.4,22,25.6,30.6,25.2,25.6,31,30.2,26.6,22.7,29.5,21.2,34.9,20.2,26.3,25.6,29.5,,,,,,22.2204,114.2127
2026-10-05T19:00,24.3,23.6,23.6,24,25.9,24.2,24.3,24.6,23.1,24.1,23.5,25.4,25.4,23.6,24.9,23.8,25.9,24.1,22.9,24.2,23,23.4,24,24.9,24.6,24.6,25.9,24.1,23.2,24.8,24,25.9,23.6,24.1,23.5,24.6,24.8,24.9,24.7,23.2,71,71,74,70,66,71,71,72,76,71,71,67,70,72,69,70,69,70,72,69,69,71,70,67,70,68,68,69,72,72,71,67,69,72,74,71,64,65,70,69,0,0,0,0,0,0.1,0,0,0,0,0,0,0,0,0,0,0,0,0,0,0,0,0,0,0,0,0,0,0,0,0,0,0,0,0,0,0,0,0,0,15,21.4,22.3,14.9,16.2,23.5,23.2,21.6,19.6,23.9,22,20.7,18.7,21.8,20.3,14.8,12.4,21.1,20.8,24.2,20.6,20.1,21.8,21.3,18.7,20.9,19.1,19.7,19.8,17.2,22.4,19.9,20.6,25.3,17.5,21.9,19.3,22.6,18.8,20.9,,,,,,,,,,,,,,,,,,,,,,,,,,,,,,,,,,,,,,,,,27.1,26.3,27.6,24.4,26.9,26.2,25.3,27.1,25.2,26.6,26.9,27.8,27.2,25.5,27,25.5,27.5,27.3,27,24.3,26.2,27.5,27,26.3,23.9,27.1,25.3,25.3,25.7,25.8,23.2,70,68,71,77,71,68,78,67,75,70,68,65,67,72,67,81,68,68,69,72,69,68,71,68,74,70,67,79,71,75,83,0,0,0.1,0.5,0,0,0.8,0,0.1,0.1,0,0,0,0.1,0,0.4,0.1,0,0,0.1,0.1,0.4,0.1,0,0,0.2,0.2,0.2,0,0.3,0.1,22.6,25.1,19.9,25.5,19.5,30.6,13,29.8,20.1,27.2,26.6,31.4,27.7,21.7,22.3,19,27.1,26.8,23.7,22.8,28.9,31,24.6,21.6,26.6,23.3,27.3,17.9,24.4,22.5,24.5,27,28.8,25.2,31.3,25.9,34.2,22,37.8,23.4,36,30.2,38.5,32.8,30.2,25.2,21.2,32,33.8,27,25.2,36.7,38.2,27.4,23.4,31.7,27,32,20.5,27.7,27.4,28.8,,,,,,22.2204,114.2127
2026-10-05T20:00,23.4,22.9,22.7,23.3,24.7,23.4,23.2,24.1,22.8,23.4,22.6,24.5,24.5,22.9,23.7,23.1,25.2,23.3,22.2,23.2,22.3,22.7,22.9,24.1,23.5,23.8,24.9,23.3,22.5,23.9,23.1,24.8,22.9,23,23,23.7,23.7,24,23.9,22.4,72,72,76,71,69,72,73,73,76,72,72,69,72,73,71,71,70,72,73,70,68,72,72,68,72,69,70,71,73,73,73,69,70,74,74,72,65,67,71,69,0,0,0,0,0,0.1,0,0,0,0,0,0,0,0,0,0,0,0,0,0,0,0,0,0,0,0,0,0,0,0,0,0,0,0,0,0,0,0,0,0,14.2,20.9,21.7,13.8,15.8,22.5,22.7,21,19.2,22.9,21.5,19.9,18.8,21.6,20,13.4,10.8,20.7,19.7,23.6,19.5,18.8,20.9,21.1,18.1,20.4,19.2,19.2,18.6,17.1,22.3,20.1,20.5,25.9,17.4,22.1,18.9,20.9,17.8,20.2,,,,,,,,,,,,,,,,,,,,,,,,,,,,,,,,,,,,,,,,,27.1,25.7,27.7,24.4,27,25.7,25.8,26.7,24.9,26.8,26.6,27.2,26.7,25.5,26.7,25.1,27.2,27,26.6,24,25.9,27,26.6,26.3,23.8,26.8,25.1,25.1,25.4,25.4,23.2,69,67,70,77,68,68,76,65,75,67,68,65,66,71,67,83,67,67,69,70,69,67,71,68,73,70,65,80,70,75,83,0,0,0.1,0.5,0,0,0.8,0,0.1,0.1,0,0,0,0.1,0,0.4,0.1,0,0,0.1,0.1,0.4,0.1,0,0,0.2,0.2,0.2,0,0.3,0.1,25,25.8,21.9,26.8,24.8,30.2,14.1,33.2,20.4,35.1,27,32.3,30.2,21.7,24,19,32.3,29.4,24.5,21.8,30.9,35.6,24.7,22,27.4,28,25.5,17.7,24.9,23.5,24.1,29.5,29.9,27,32.8,29.9,34.2,23.8,41.4,23.4,43.2,30.6,39.6,35.3,31,26.3,21.2,36.7,35.6,28.1,24.5,39.6,42.8,27,24.1,32.8,31.7,29.2,20.5,28.8,28.1,28.4,,,,,,22.2204,114.2127
2026-10-05T21:00,23,22.4,22.2,22.8,23.9,22.9,22.5,23.6,22.4,23,22,23.8,24,22.5,22.9,22.7,24.7,22.7,21.9,22.5,22,22.3,22.2,23.4,22.9,23.3,24.2,22.9,22.2,23.4,22.6,23.9,22.5,22.4,22.5,23,23,23.5,23.4,21.9,72,72,76,71,71,72,74,74,76,72,72,70,72,74,72,71,71,73,73,70,67,72,72,68,73,69,71,72,73,74,74,71,71,74,73,73,65,68,71,69,0,0,0,0,0,0,0,0,0,0,0,0,0,0,0,0,0,0,0,0,0,0,0,0,0,0,0,0,0,0,0,0,0,0,0,0,0,0,0,0,12.3,18.6,19.9,12.6,13.8,19.8,21.3,19.4,18.8,19.8,20.1,17.6,16.2,21.1,17.7,12.3,9.7,18.7,18.5,21.7,16.6,17.3,18.6,20.5,15.5,18.2,17.9,17.3,15.5,15.2,20,18.6,18.5,24.4,17.4,20.5,17.3,17.3,15.7,18.6,,,,,,,,,,,,,,,,,,,,,,,,,,,,,,,,,,,,,,,,,26.8,25.3,27.5,24.2,26.6,25.4,26.1,26.4,24.5,26.5,26.2,26.5,26.4,25.6,26.5,24.9,26.9,26.6,26.3,23.8,25.5,26.5,26.2,26.1,23.7,26.5,24.7,24.9,25.2,25.1,23.2,68,66,69,77,67,67,74,64,75,65,68,66,64,69,67,83,66,67,68,67,68,67,70,69,73,69,63,81,69,73,82,0,0,0,0.7,0,0,0,0,0.1,0,0,0,0,0,0,0.1,0,0,0,0,0,0,0,0.1,0,0,0,0.2,0,0,0.1,25.6,26.1,22.7,26.2,27,28.7,16.3,34.8,21,35.7,25.6,31.5,28.8,21,23,19.7,33.4,29.2,24.7,20.5,29.9,35.2,23.1,20.9,27.3,29.3,23.3,17.4,24.5,22.9,24.1,29.9,30.2,27.4,31.3,31.7,32.4,24.8,43.6,23.8,43.2,29.2,38.2,33.5,29.2,25.2,22.3,38.5,34.9,28.8,22.7,37.8,41.8,25.2,24.1,32,33.5,26.3,20.5,28.4,26.6,28.4,,,,,,22.2204,114.2127
2026-10-05T22:00,22.7,22,21.8,22.5,23.2,22.4,22.1,23.2,22.1,22.8,21.7,23.3,23.7,22.1,22.3,22.5,24.3,22.2,21.8,21.9,22,22,21.8,22.8,22.5,23,23.5,22.6,22.1,23.1,22.2,23,22.2,21.9,22,22.4,22.4,23.2,23,21.6,71,71,76,70,72,72,74,74,75,71,70,70,72,74,71,71,71,72,73,70,66,72,71,68,72,69,71,72,72,75,74,72,72,74,73,73,65,69,71,68,0,0,0,0,0,0,0,0,0,0,0,0,0,0,0,0,0,0,0,0,0,0,0,0,0,0,0,0,0,0,0,0,0,0,0,0,0,0,0,0,9.7,15.6,17.8,11.2,11.2,16.3,19.6,17,18.8,15.7,18.2,14.9,12.3,20,14.8,11.2,9.1,16.3,17.7,18.8,13,15.8,15.5,19.2,11.5,15.2,15.9,14.4,11.9,12.3,17,16,15.4,22.2,17.1,18.6,15.4,12.7,13.4,17.1,,,,,,,,,,,,,,,,,,,,,,,,,,,,,,,,,,,,,,,,,26.3,25,27.2,23.9,26.1,25.1,26.2,26.2,24.1,26,25.8,25.7,26.1,25.7,26.3,24.8,26.6,26.3,26,23.8,25,26,25.9,25.9,23.5,26.2,24.2,24.7,25.1,24.9,23.2,68,66,68,78,66,67,72,63,74,63,67,66,61,68,67,82,65,67,66,64,67,67,70,72,73,69,62,82,69,70,81,0,0,0,0.7,0,0,0,0,0.1,0,0,0,0,0,0,0.1,0,0,0,0,0,0,0,0.1,0,0,0,0.2,0,0,0.1,25.3,25.7,22.4,24.4,27.5,26.3,19,34.9,21.4,32.4,23.6,29.7,25.6,20.1,20.9,20.6,32.4,27.8,24.4,18.9,27.7,31.7,20.2,20.6,26.3,28.6,20.5,17.6,23.9,21.2,24.4,29.2,30.6,26.6,28.4,32.4,29.9,25.2,44.6,23.8,39.2,27,35.3,29.5,25.9,23,24.1,38.5,33.1,28.8,20.2,33.1,37.4,23,24.1,30.6,33.5,23,20.5,27.7,24.1,28.8,,,,,,22.2204,114.2127
2026-10-05T23:00,22.6,21.7,21.5,22.2,22.7,22,21.7,22.9,21.8,22.6,21.4,22.9,23.5,21.9,21.8,22.4,24,21.9,21.7,21.4,21.9,21.9,21.6,22.3,22.3,22.7,23,22.3,22,22.8,22,22.3,22,21.5,21.6,21.9,22,23,22.7,21.4,71,70,75,70,73,71,74,74,74,71,69,71,71,74,71,70,71,72,72,70,65,71,70,67,72,68,71,72,71,75,74,73,72,74,72,73,64,69,70,68,0,0,0,0,0,0,0,0,0,0,0,0,0,0,0,0,0,0,0,0,0,0,0,0,0,0,0,0,0,0,0,0,0,0,0,0,0,0,0,0,8.1,13.3,15.9,10.1,9,14,18.4,15.1,18,12.3,16.4,12.6,9.5,18.8,12.2,10.4,8.6,14.4,16.9,16.6,10.1,14.4,13.3,18.4,8.7,13,14.1,12.6,9.1,10.1,14.8,13.8,13,20,16.3,16.7,13.8,9.4,11.5,15.5,,,,,,,,,,,,,,,,,,,,,,,,,,,,,,,,,,,,,,,,,25.8,24.8,26.9,23.7,25.6,24.9,26.1,26,23.7,25.5,25.4,25.1,25.8,25.6,26,24.6,26.3,25.9,25.7,23.7,24.5,25.6,25.6,25.5,23.4,25.9,23.8,24.4,25,24.7,23.2,67,65,67,78,65,66,71,62,73,61,67,67,59,67,68,81,64,67,65,61,66,67,69,74,73,68,60,82,68,67,80,0,0,0,0.7,0,0,0,0,0.1,0,0,0,0,0,0,0.1,0,0,0,0,0,0,0,0.1,0,0,0,0.2,0,0,0.1,24.7,25.1,21.6,23,27.1,24.2,21.3,34.3,21.6,29.1,21.5,27.7,22.5,19.2,19,21.4,30.8,26.4,24.2,17.7,25.6,28.3,18.4,21.8,25.5,27.8,18.4,18.1,22.8,20.1,24.4,28.1,29.9,25.6,26.3,32,27.7,25.6,44.3,23.8,34.9,24.8,32.4,25.9,23.4,20.9,25.2,37.8,31.3,28.4,18.4,29.2,33.5,21.2,24.1,28.8,33.1,20.2,20.9,26.3,22.7,28.8,,,,,,22.2204,114.2127
2026-10-06T00:00,22.4,21.5,21.3,22.1,22.4,21.7,21.4,22.7,21.5,22.3,21.2,22.5,23.3,21.8,21.6,22.2,23.8,21.7,21.6,21.1,21.9,21.8,21.4,21.9,22.2,22.6,22.6,22,22,22.5,21.8,21.9,21.9,21.2,21.3,21.5,21.7,22.8,22.5,21.2,71,69,75,70,73,71,75,74,73,71,68,72,71,74,70,70,71,71,71,70,65,71,70,67,72,67,71,72,70,75,74,73,72,74,72,73,64,69,69,68,0,0,0,0,0,0,0,0,0,0,0,0,0,0,0,0,0.1,0,0,0,0,0,0,0,0,0,0,0,0,0,0,0,0,0,0,0,0,0,0,0,7.6,12.6,14.8,9.2,8,13.4,18,13.8,16.9,10.8,15.2,11.5,8.8,17,10.9,10.1,8.2,13,16.6,15.5,9.1,13.7,11.9,17.7,7.7,11.5,13,12.3,8.6,9,14,11.9,11.5,18.4,15.2,15.5,12.6,8.4,10.5,14.4,,,,,,,,,,,,,,,,,,,,,,,,,,,,,,,,,,,,,,,,,25.5,24.7,26.5,23.6,25.2,24.6,25.8,25.8,23.5,25.3,25.2,24.6,25.6,25.3,25.5,24.5,26,25.6,25.3,23.6,24.2,25.3,25.3,25,23.3,25.5,23.6,24.1,24.9,24.4,23.2,67,64,67,77,64,66,72,60,73,59,66,67,57,67,69,80,64,66,63,60,65,68,69,77,73,68,59,82,67,65,79,0,0,0,0.4,0,0,0.3,0,0,0,0,0,0,0,0.1,0,0,0,0,0,0,0,0,0.5,0,0,0,0.2,0,0,0,23.6,23.3,20.1,22.2,25.6,23.2,21.7,32.3,21,25.7,20.1,25.8,20.5,19.1,17.9,21.7,28.8,25.7,23.6,16.5,23.8,25.5,17.9,22.6,24.5,26.9,15.9,18.8,21.3,20.3,23.6,26.6,27.7,23,25.2,29.9,26.6,25.2,41.4,23,30.6,23,29.5,23.4,22.3,19.4,25.6,35.6,30.2,27.7,17.3,26.6,30.2,21.2,25.2,27.4,32,17.3,22,24.1,22.7,28.1,,,,,,22.2204,114.2127
2026-10-06T01:00,22.3,21.3,21.2,22.1,22.2,21.5,21.2,22.6,21.3,22,21,22.1,23.2,21.8,21.6,22.1,23.6,21.6,21.6,21,21.8,21.8,21.3,21.6,22.2,22.5,22.4,21.8,22,22.3,21.6,21.8,21.8,21.1,21.1,21.3,21.5,22.7,22.4,21,71,69,75,70,73,70,75,74,72,71,67,73,70,73,70,69,70,71,69,70,64,70,70,66,71,66,70,72,70,74,73,73,72,75,72,74,63,68,68,67,0,0,0,0,0,0,0,0,0,0,0,0,0,0,0,0,0.1,0,0,0,0,0,0,0,0,0,0,0,0,0,0,0,0,0,0,0,0,0,0,0,7.4,12.6,14.4,8.8,7.8,13.4,17.7,12.4,15.1,10.6,14.4,10.9,9.2,15.1,10.4,10.2,8.6,12.3,16.2,15.1,8.8,13.4,11,16.6,7.4,10.9,12.6,12.3,8.8,8.8,13.7,10.5,10.8,16.9,13.7,14.4,12,8.6,9.8,13.7,,,,,,,,,,,,,,,,,,,,,,,,,,,,,,,,,,,,,,,,,25.1,24.7,26.2,23.5,25,24.4,25.3,25.6,23.3,25.1,25,24.3,25.5,24.9,24.9,24.3,25.7,25.2,25,23.4,23.9,25.1,25.1,24.4,23.3,25.2,23.5,23.8,24.8,24.2,23.3,66,62,67,76,64,66,75,57,73,56,65,67,56,68,71,79,64,66,62,61,63,69,69,81,72,69,58,82,67,64,77,0,0,0,0.4,0,0,0.3,0,0,0,0,0,0,0,0.1,0,0,0,0,0,0,0,0,0.5,0,0,0,0.2,0,0,0,22.2,20.9,17.9,22.1,23.2,22.7,21.3,29.5,19.9,22.2,19.1,23.7,18.9,19.1,17.3,22.1,26.4,24.6,23.1,15.7,22.5,22.7,18.3,23.3,23.6,26,13.3,20.1,19,20.6,22.9,24.8,25.2,20.2,24.8,26.3,25.6,24.8,37.1,21.6,26.3,21.6,27,21.2,22,18,25.9,32,29.2,26.3,16.6,24.8,27,21.6,26.3,26.3,30.6,14.4,23.8,21.6,23.8,27.4,,,,,,22.2204,114.2127
2026-10-06T02:00,22.2,21.2,21.1,22.1,22.1,21.3,21.1,22.5,21.2,21.8,20.8,21.8,23.1,21.8,21.7,22,23.5,21.6,21.6,20.8,21.8,21.7,21.3,21.4,22.2,22.4,22.2,21.6,22,22.1,21.5,21.7,21.8,20.9,20.9,21.2,21.4,22.6,22.3,20.9,71,68,75,70,73,70,75,74,71,71,66,74,70,73,69,69,70,70,67,69,64,70,70,66,71,65,69,72,69,74,73,73,72,75,72,74,63,68,67,66,0,0,0,0,0,0,0,0,0,0,0,0,0,0,0,0,0.1,0,0,0,0,0,0,0,0,0,0,0,0,0,0,0,0,0,0,0,0,0,0,0,7.4,12.2,14.1,8.2,7.5,13.4,17.7,11.4,14,10.7,14,10.7,9.5,13.7,10.2,10.2,8.6,11.6,16.2,14.8,8.9,13.4,10.8,15.8,7.5,10.7,12,12.4,8.9,8.5,13.8,9.6,10.1,16.2,12.6,14.2,11.4,9,9.2,13.4,,,,,,,,,,,,,,,,,,,,,,,,,,,,,,,,,,,,,,,,,24.9,24.6,25.8,23.5,24.8,24.1,24.9,25.5,23.2,25,24.8,24,25.4,24.6,24.5,24.1,25.4,24.9,24.7,23.2,23.7,24.9,24.8,24,23.2,24.8,23.5,23.6,24.6,24,23.3,66,60,68,75,64,66,76,55,72,55,64,67,54,68,72,78,64,65,61,61,62,69,69,83,71,69,57,82,66,63,76,0,0,0,0.4,0,0,0.3,0,0,0,0,0,0,0,0.1,0,0,0,0,0,0,0,0,0.5,0,0,0,0.2,0,0,0,21.1,19.5,16.4,21.3,21,22.2,20.9,27.2,19.4,19.9,18.6,22.6,18.2,19.1,16.6,22.1,24.6,24,22.3,15,21.5,21,18.4,22.7,22.3,24.9,12.2,20.5,17.8,21.3,21.8,23.4,23.4,17.6,24.1,23.8,25.2,24.1,33.1,20.9,23,20.5,25.2,19.8,21.6,17.3,25.9,29.5,28.4,25.2,16.2,24.1,24.5,22.3,26.6,24.8,28.8,13.3,24.5,19.8,24.5,25.9,,,,,,22.2204,114.2127
2026-10-06T03:00,22.2,21.3,21.1,22,22,21.2,21.1,22.3,21.1,21.7,20.7,21.7,23.1,21.7,21.7,22,23.3,21.4,21.5,20.7,21.7,21.7,21.2,21.2,22.2,22.3,22,21.5,22,21.9,21.4,21.5,21.7,20.8,20.8,21.1,21.3,22.4,22.3,20.8,70,67,75,70,72,70,74,74,71,71,63,74,70,73,68,69,70,70,65,68,63,69,69,66,71,64,68,72,68,74,72,72,71,75,72,74,62,68,67,64,0,0,0,0,0,0,0,0,0,0,0,0,0,0,0,0,0.1,0,0,0,0,0,0,0,0,0,0,0,0,0,0,0,0,0,0.1,0,0,0,0,0,7.4,11.5,14.2,7.9,7.5,13.4,17.3,11.5,13.7,10.7,14,10.7,9.2,13.3,9.8,10.2,8.6,11.6,16.2,14.8,8.7,13.4,10.8,14.8,7.2,10.7,11.3,12.1,8.6,8.2,14.1,9.6,10.1,16.2,11.9,14.2,11.1,9.3,8.6,13.4,,,,,,,,,,,,,,,,,,,,,,,,,,,,,,,,,,,,,,,,,24.7,24.5,25.6,23.3,24.6,23.9,24.7,25.3,23.2,24.8,24.6,23.7,25.3,24.4,24.2,23.8,25.1,24.6,24.3,23,23.3,24.7,24.6,23.7,23,24.5,23.4,23.3,24.5,23.7,23.3,65,58,69,75,64,66,74,54,70,55,64,67,52,68,73,79,64,64,61,61,61,69,70,83,70,69,57,81,66,62,75,0,0,0.1,0.4,0.1,0,0.2,0,0,0,0,0,0,0,0,0.1,0,0,0,0,0,0,0,0.3,0,0,0,0.1,0,0,0,19.8,19.8,15.6,20.3,20.1,22.3,20.9,25.3,19.1,19.8,18.2,22.5,17.8,18.8,16.4,22.1,23.9,23.7,21.7,14.7,21.8,19.8,18.7,20.9,20.9,23.5,13.3,20,17.7,21.7,20.3,22.3,23.4,16.6,23,22.7,25.2,23.8,30.6,20.5,22.7,20.2,25.2,19.4,21.2,16.9,25.9,28.4,28.4,24.1,15.8,24.8,23,22.7,24.8,23,27,14.4,23.4,19.4,24.8,24.1,,,,,,22.2204,114.2127
2026-10-06T04:00,22.1,21.4,21.2,22,21.9,21.2,21.1,22.2,21,21.8,20.7,21.6,23.1,21.6,21.7,21.9,23.2,21.2,21.5,20.7,21.7,21.6,21.1,21.2,22.2,22.2,22,21.4,22,21.9,21.3,21.4,21.7,20.7,20.8,21.1,21.3,22.3,22.3,20.8,70,67,74,69,72,70,73,73,71,71,60,74,70,73,68,68,70,69,63,67,61,69,69,66,70,63,68,71,67,74,72,72,71,75,71,73,61,67,66,61,0,0,0,0,0,0,0,0,0,0,0,0,0,0,0,0,0.1,0,0,0,0,0,0,0,0,0,0,0,0,0,0,0,0,0,0.1,0,0,0,0,0,7.4,10.5,14.1,8.2,7.5,13,16.9,11.5,14,10.7,14,10.9,9.3,13.3,9.3,9.8,9,11.6,16.2,15.2,8.7,13.4,10.7,14,6.7,10.5,10.6,11.3,8.6,8.3,14.4,9.9,10.1,16.2,11.6,14.8,10.6,9.7,8,13.4,,,,,,,,,,,,,,,,,,,,,,,,,,,,,,,,,,,,,,,,,24.7,24.4,25.3,23,24.5,23.8,24.5,25.1,23.2,24.5,24.5,23.5,25.2,24.2,24.1,23.5,24.9,24.4,23.9,22.8,23,24.4,24.3,23.5,22.9,24.2,23.3,23.1,24.4,23.4,23.3,65,57,70,75,64,66,71,53,67,56,63,67,51,68,73,80,64,64,62,62,61,68,71,81,68,69,58,80,65,62,74,0,0,0.1,0.4,0.1,0,0.2,0,0,0,0,0,0,0,0,0.1,0,0,0,0,0,0,0,0.3,0,0,0,0.1,0,0,0,18.9,21.1,15,19,19.9,22.1,20.8,24.1,19,20.8,17.9,23.5,18.1,18.9,16.5,21.9,23.6,23.7,20.9,14.8,23.2,19.5,19.1,18.9,19.5,22.3,15.9,19.2,18,21.8,18.5,21.6,24.5,16.2,21.6,22,25.2,23.8,28.8,20.9,23.8,20.2,26.3,19.4,20.9,16.9,25.6,27.7,28.8,23,15.1,26.3,22,23,22.3,21.2,25.2,17.3,21.6,19.8,25.2,21.6,,,,,,22.2204,114.2127
2026-10-06T05:00,22.1,21.4,21.2,22,21.9,21.2,21.2,22.1,20.9,21.8,20.6,21.6,23.1,21.6,21.7,21.9,23.1,21.1,21.4,20.6,21.6,21.5,21.1,21.1,22.3,22.1,21.9,21.4,22.1,21.8,21.2,21.4,21.7,20.7,20.8,21.1,21.3,22.2,22.4,20.7,69,66,73,69,71,70,71,73,71,71,57,74,70,72,67,68,70,69,62,66,60,68,68,66,70,63,67,70,66,74,71,71,70,75,70,72,60,67,66,59,0,0,0,0,0,0,0,0,0,0,0,0,0,0,0,0,0.1,0,0,0,0,0,0,0,0,0,0,0,0,0,0,0,0,0,0.1,0,0,0,0,0,7.8,10.2,14.1,8.1,7.5,13,16.6,11.9,14,10.9,14.4,10.9,8.9,13.3,9.2,9.8,9,11.9,16.2,15.2,8.7,13.3,11.3,13.3,6.7,10.9,10.2,10.9,8.4,8.3,14.8,10.5,10.4,16.6,11.6,15.1,10.9,10,7.6,13.8,,,,,,,,,,,,,,,,,,,,,,,,,,,,,,,,,,,,,,,,,24.6,24.3,25.1,22.9,24.4,23.7,24.4,24.9,23.3,24.4,24.3,23.4,25,24.1,23.9,23.3,24.7,24.2,23.7,22.6,22.8,24.2,24.1,23.4,22.7,24,23.1,23,24.3,23.2,23.3,64,55,71,75,64,65,69,53,64,56,63,67,50,67,73,81,64,63,62,62,60,67,71,79,67,69,59,78,65,61,73,0,0,0.1,0.4,0.1,0,0.2,0,0,0,0,0,0,0,0,0.1,0,0,0,0,0,0,0,0.3,0,0,0,0.1,0,0,0,18.6,22.2,14.7,18.2,19.4,22.3,20.7,23,19.1,21.9,18,24.3,18.3,18.9,16.8,22.1,23.7,23.7,20.6,15,23.9,19.8,19.5,17.9,18.3,21,17.8,18.4,18.4,22.3,17.5,21.2,25.6,16.2,20.5,21.6,25.2,23.4,27.4,21.2,24.8,20.2,27.4,19.8,20.9,17.6,25.6,27.7,28.8,22.3,15.1,27,21.6,23,20.2,20.2,23.8,19.4,20.2,20.2,25.6,20.5,,,,,,22.2204,114.2127
2026-10-06T06:00,22.1,21.1,21.2,21.9,21.8,21.4,20.8,22.2,20.9,21.7,20.3,21.6,22.9,21.4,21.5,22,23,21.2,21.3,20.5,21.6,21.4,21,20.8,22.2,21.7,21.5,21.2,22,21.7,21.2,21.4,21.7,20.6,20.7,21,21,22.2,22.2,20.5,69,66,72,70,72,70,69,73,70,71,58,74,70,70,65,66,70,69,64,66,58,68,68,66,70,64,67,69,65,74,72,72,69,74,68,72,62,67,66,62,0,0,0,0,0,0,0,0,0,0,0,0,0,0,0,0,0,0,0,0,0,0,0,0,0,0,0,0,0,0,0,0,0,0,0,0,0,0,0,0,7.6,10.8,14.4,7.8,7.1,12.3,16.6,10.7,13.3,10.9,14.4,9.9,8.4,13.3,10,9.7,8.8,11.6,15.1,14.4,8.3,13,12.6,14.4,6.5,11.2,10.6,11.6,8.9,7.2,14,10.1,11.5,15.8,12.6,13.7,12.3,8.8,8.8,13.7,,,,,,,,,,,,,,,,,,,,,,,,,,,,,,,,,,,,,,,,,24.4,24.2,24.7,23,24.2,23.6,24.3,24.8,23.2,24.2,24.1,23.3,24.8,24,23.6,23.1,24.5,24.1,23.5,22.6,22.8,24.1,23.9,23.3,22.5,23.9,22.7,23.1,24.1,23,23.2,63,53,72,74,64,64,68,53,62,56,62,66,50,66,73,81,63,62,61,62,58,67,70,78,68,69,60,76,65,60,73,0,0,0.1,0.4,0.1,0,0,0,0,0,0,0,0,0,0.1,0,0,0,0,0,0,0,0,0,0,0,0,0,0,0,0,18.9,23,15.2,17.9,18.7,22,20.7,22.8,19.8,22.5,18.4,25,18.8,19.6,17.8,22.7,24.1,23.3,20.2,15.2,23.6,20,19.7,17.4,18.7,20.1,18.9,18,18.8,23.1,18.2,21.2,26.6,16.9,20.5,21.2,24.8,23,26.6,22,25.9,20.5,28.4,20.5,21.6,19.1,26.6,28.4,28.1,22,15.5,26.6,21.6,22.7,19.1,20.2,22.7,20.5,19.4,20.5,26.3,21.2,,,,,,22.2204,114.2127
2026-10-06T07:00,22.1,21.2,21.3,22,22,21.6,21,22.3,21,21.8,20.3,21.8,23.1,21.4,21.6,22.1,23,21.2,21.3,20.6,21.5,21.4,21.1,20.9,22.3,21.7,21.6,21.3,22,21.8,21.3,21.6,21.7,20.8,20.7,21.2,21.1,22.2,22.3,20.6,68,66,70,70,71,70,68,72,70,71,56,74,70,69,64,66,69,69,63,65,57,67,67,66,70,64,66,68,64,74,71,71,69,73,66,71,62,66,66,61,0,0,0,0,0,0,0,0,0,0,0,0,0,0,0,0,0,0,0,0,0,0,0,0,0,0,0,0,0,0,0,0,0,0,0,0,0,0,0,0,7.9,10.8,14.8,7.9,7.3,12.6,16.7,11.1,13.7,11.6,14.8,10.2,8.4,13.7,10.5,10.1,8.8,11.9,15.2,14.8,8.7,13.4,13.8,14.4,6.8,12.2,10.9,12,9.5,7.5,14.8,10.8,11.9,16.6,13,14.1,13,9.4,9,14.4,,,,,,,,,,,,,,,,,,,,,,,,,,,,,,,,,,,,,,,,,24.2,24.2,24.4,23.2,24,23.6,24.1,24.7,23.2,24.2,23.9,23.3,24.5,24,23.3,23,24.4,24.1,23.4,22.7,22.9,24,23.8,23.3,22.3,23.8,22.2,23.2,23.9,22.9,23.1,63,51,73,72,64,63,68,52,60,56,61,65,51,65,72,81,62,61,59,63,56,67,69,76,69,68,62,75,64,58,73,0,0,0.1,0.4,0.1,0,0,0,0,0,0,0,0,0,0.1,0,0,0,0,0,0,0,0,0,0,0,0,0,0,0,0,19.7,23.7,16.1,18.2,18.3,21.7,20.7,23.1,20.5,22.9,18.9,25.3,19.4,20.7,19.4,23.9,25.2,22.8,20.2,15.7,22.8,20,20.1,17.4,19.3,19.1,19.6,17.9,18.9,23.9,19.7,21.6,27.4,17.6,20.9,20.5,24.1,22.7,26.6,22.7,26.6,21.2,29.5,21.2,23,20.9,28.4,29.5,27,22,16.2,25.6,22.3,22.3,18.7,21.2,22,20.9,19.1,21.2,27.4,22.7,,,,,,22.2204,114.2127
2026-10-06T08:00,22.1,21.2,21.5,22.1,22.3,21.8,21.2,22.5,21,21.9,20.4,21.9,23.3,21.5,21.9,22.1,23,21.3,21.3,20.8,21.6,21.5,21.3,21.2,22.5,21.8,21.9,21.4,22.1,22,21.4,21.8,21.7,21.1,20.8,21.5,21.3,22.2,22.5,20.8,67,65,69,69,70,70,66,71,69,70,55,73,69,68,62,65,69,68,62,64,56,66,66,65,69,63,65,67,63,73,69,70,68,71,65,69,61,65,65,59,0,0,0,0,0,0,0,0,0,0,0,0,0,0,0,0,0,0,0,0,0,0,0,0,0,0,0,0,0,0,0,0,0,0,0,0,0,0,0,0,8.2,11.2,15.1,8.1,7.6,13,16.7,11.4,13.7,12.6,14.8,10.5,9,14,11.2,10.1,9.1,12.6,15.2,14.8,9.3,13.7,15,14.8,7.4,13,11.3,11.9,10.1,7.8,15.1,11.5,12.2,17,13,14.5,13.7,10.4,9.3,14.8,,,,,,,,,,,,,,,,,,,,,,,,,,,,,,,,,,,,,,,,,24.1,24.3,24.2,23.4,23.8,23.7,24,24.8,23.3,24.3,24,23.5,24.4,24.1,23.3,22.9,24.4,24.2,23.5,22.9,23.2,24.1,23.8,23.4,22.1,23.9,21.9,23.4,24,23,23.1,62,50,73,70,64,61,67,52,59,55,60,64,52,63,70,80,61,59,57,63,54,67,68,75,70,67,63,73,63,56,73,0,0,0.1,0.4,0.1,0,0,0,0,0,0,0,0,0,0.1,0,0,0,0,0,0,0,0,0,0,0,0,0,0,0,0,20.5,23.8,16.7,18.4,17.5,21.2,20.7,23,21,22.9,19.4,25.4,19.4,21,20.2,24.5,25.3,22,19.7,16.1,21.7,19.8,20.5,17.6,20,18.3,19.8,17.4,19.1,23.9,20.7,22,27.7,18.4,20.9,20.2,23.8,22.3,26.3,23.4,27,21.2,29.9,21.2,23.4,22,28.8,29.5,25.9,21.6,16.6,24.5,22.3,22,18.7,22,20.9,20.9,18.7,21.6,27.4,23.8,,,,,,22.2204,114.2127
2026-10-06T09:00,22.1,21.3,21.6,22.3,22.8,22.1,21.6,22.8,21,22.1,20.5,22.2,23.7,21.7,22.3,22.1,23.2,21.6,21.3,21.1,21.7,21.7,21.7,21.7,22.8,22.2,22.4,21.6,22.2,22.5,21.8,22.3,21.7,21.7,20.9,22.1,21.8,22.3,22.9,21.2,66,64,67,68,68,69,64,70,68,69,55,72,68,67,60,64,68,67,61,63,55,65,64,63,68,61,63,66,62,71,67,68,67,68,64,66,60,64,64,57,0,0,0,0,0,0,0,0,0,0,0,0,0,0,0,0,0,0,0,0,0,0,0,0,0,0,0,0,0,0,0,0,0,0,0,0,0,0,0,0,8.2,11.9,15.5,9.1,8.3,14,17.1,12.4,14.1,14,14.8,11.2,9.9,14.8,12.3,10.4,9.7,13.7,15.2,15.1,10.2,14.4,16.2,15.6,8.8,14.4,12.3,11.9,11.5,8.7,15.9,12.6,12.2,17.7,13,15.6,14.8,11.9,10.2,15.6,,,,,,,,,,,,,,,,,,,,,,,,,,,,,,,,,,,,,,,,,24,24.6,24.2,23.5,23.5,23.7,23.9,25,23.6,24.7,24.4,24,24.6,24.5,23.7,22.9,24.8,24.6,23.8,23.1,23.7,24.3,23.9,23.5,22,24.3,21.8,23.7,24.4,23.4,23.5,60,49,72,68,63,59,66,51,58,53,58,62,52,61,67,79,59,57,55,63,52,65,67,75,71,65,63,71,60,54,71,0,0,0,0,0.1,0,0,0,0,0,0,0,0,0,0,0,0,0,0,0,0,0,0,0,0,0,0,0,0,0,0,20,23.2,16.1,18.4,16.6,20.7,20.2,22.2,21.4,22.2,19.1,24,18.3,20.1,19.6,23.8,24.4,21.3,18.7,16.4,20.6,19,20.2,18.4,20.3,16.7,19.1,17,19.1,22.8,20.1,21.6,26.6,18.4,20.5,19.1,23,22,24.8,23.8,26.3,20.5,28.4,19.8,22.3,21.6,27.4,27.7,24.8,20.5,16.9,23.4,21.2,21.6,19.4,22.3,19.4,20.2,18,21.6,25.9,23.4,,,,,,22.2204,114.2127
2026-10-06T10:00,22.1,21.5,21.9,22.6,23.6,22.5,22.1,23.2,21.1,22.4,20.7,22.5,24.2,22,22.9,22.1,23.4,22.1,21.5,21.6,21.8,22,22.2,22.6,23.2,22.9,23.3,21.9,22.4,23.3,22.2,22.9,21.6,22.5,21,22.9,22.4,22.6,23.4,21.9,64,63,65,67,66,68,62,68,67,67,55,71,65,65,58,64,67,65,61,62,55,63,62,60,65,59,60,65,61,69,63,66,67,65,62,63,58,62,62,54,0,0,0,0,0,0,0,0,0,0,0,0,0,0,0,0,0,0,0,0,0,0,0,0,0,0,0,0,0,0,0,0,0,0,0,0,0,0,0,0,8.6,13.7,15.8,10.4,9.4,15.9,18.2,13.8,14.8,16.2,14.4,12.2,11.9,15.8,14,10.4,10.2,15.1,15.5,15.1,11.9,15.1,17.5,17,10.8,16.3,13.7,12.3,13.3,10.4,17,13.7,12.2,19.2,13.3,16.7,16.3,14.1,11.5,16.3,,,,,,,,,,,,,,,,,,,,,,,,,,,,,,,,,,,,,,,,,24,25.1,24.3,23.5,23.2,23.7,23.9,25.4,23.9,25.4,25,24.6,24.9,25.1,24.3,22.9,25.4,25.2,24.2,23.5,24.3,24.7,24.1,23.7,21.8,24.9,21.8,24.1,25,23.9,24,58,48,70,65,62,57,64,51,57,52,56,59,51,59,62,79,56,55,53,62,49,63,65,75,71,64,61,68,57,52,69,0,0,0,0,0.1,0,0,0,0,0,0,0,0,0,0,0,0,0,0,0,0,0,0,0,0,0,0,0,0,0,0,19.4,21.8,15,18.5,15.7,19.8,19.3,20.8,22,21.2,18.7,22.5,17,18.7,18.6,22.2,22.7,20.8,17.7,16.6,19.8,18.2,19,19.3,20.5,15.5,17.6,16.5,18.9,21.1,18.1,21.2,24.5,17.6,20.2,18.4,22.7,21.2,23,24.1,24.5,19.4,25.9,18,20.2,20.2,24.5,25.2,24.1,19.1,16.9,22,19.8,21.2,20.5,22.7,17.6,19.1,16.9,21.2,23.8,22.3,,,,,,22.2204,114.2127
2026-10-06T11:00,22.1,21.7,22.1,22.9,24.5,23,22.8,23.7,21.2,22.7,20.9,23,24.9,22.3,23.6,22.1,23.8,22.6,21.6,22.2,21.9,22.3,22.8,23.5,23.7,23.6,24.3,22.2,22.5,24.2,22.8,23.7,21.6,23.5,21.1,23.7,23.1,22.8,23.9,22.7,63,62,62,65,64,66,60,66,66,65,55,70,63,63,56,63,67,63,60,60,55,62,59,57,63,57,57,63,60,67,59,64,66,61,61,59,56,61,60,52,0,0,0,0,0,0,0,0,0,0,0,0,0,0,0,0,0,0,0,0,0,0,0,0,0,0,0,0,0,0,0,0,0,0,0,0,0,0,0,0,8.7,15.2,16.2,12.2,10.5,17.7,19.2,15.5,15.5,18.4,14,13.3,14,16.9,16.2,10.8,11.2,16.9,15.9,15.5,13.7,16.2,18.5,18.5,13,18.1,15.5,12.6,15.5,12.6,18.1,15.5,11.9,20.3,13.4,18.5,17.7,16.2,13.4,17.5,,,,,,,,,,,,,,,,,,,,,,,,,,,,,,,,,,,,,,,,,24.1,25.5,24.4,23.7,23,23.9,24.1,25.6,24.3,25.9,25.6,25.1,25.3,25.6,24.9,23,25.9,25.7,24.7,23.8,24.9,25.2,24.2,23.9,21.7,25.4,21.9,24.4,25.5,24.5,24.5,57,48,68,63,62,55,63,51,56,51,55,57,51,58,59,77,54,53,52,61,48,61,64,74,70,63,60,66,55,51,68,0,0,0,0,0.1,0,0,0,0,0,0,0,0,0,0,0,0,0,0,0,0,0,0,0,0,0,0,0,0,0,0,18.8,21.1,14.4,18.3,15.7,19.8,18.7,19.8,21.9,20.1,17.8,21.1,15.3,17.2,17.3,20.9,21.8,20.3,16.5,17.2,18.8,17.6,18.6,20.2,21.2,14.7,16.8,16.3,19,19.8,17.4,20.5,23.4,17.3,19.8,18,22.3,20.9,21.2,23.8,23.4,18.4,23.8,16.2,18.4,18.7,22.3,23.4,23,18,17.3,20.9,19.1,20.9,20.9,23.4,16.6,18.4,16.6,20.9,22,22.3,,,,,,22.2204,114.2127
2026-10-06T12:00,22.1,21.8,22.4,23.2,25.3,23.4,23.4,24.2,21.2,22.9,21.2,23.4,25.5,22.6,24.3,22.1,24.1,23.1,21.8,22.8,22.1,22.7,23.4,24.5,24.2,24.4,25.3,22.5,22.7,25,23.4,24.4,21.6,24.4,21.3,24.6,23.9,23,24.5,23.5,61,61,60,63,61,65,58,64,65,62,56,69,61,61,53,63,66,62,59,59,55,60,56,54,61,54,54,62,59,64,56,62,66,57,59,56,54,59,59,49,0,0,0,0,0,0,0,0,0,0,0,0,0,0,0,0,0,0,0,0,0,0,0,0,0,0,0,0,0,0,0,0,0,0,0,0,0,0,0,0,8.7,17,16.6,13.8,11.8,19.5,20,16.9,15.9,20.6,13.7,14.4,15.9,18,18,11.2,12.3,18.4,16.2,15.9,15.5,17,19.9,20,15.1,20,17.4,13,17.3,14.6,19.2,16.7,11.5,21.4,13.4,19.9,18.8,18.4,15,18.2,,,,,,,,,,,,,,,,,,,,,,,,,,,,,,,,,,,,,,,,,24.4,26,24.4,23.8,22.9,24.3,24.7,25.6,24.7,26.2,26.1,25.2,25.6,26.1,25.6,23.2,26.1,26.2,25.2,24,25.3,25.7,24.3,24.1,21.7,25.6,22.1,24.7,26,25.1,24.7,56,49,67,61,63,54,62,52,56,53,54,57,51,57,57,74,55,53,52,60,48,60,63,73,67,64,58,65,55,51,68,0,0,0,0,0,0,0,0,0,0,0,0,0,0,0,0,0,0,0,0,0,0,0,0,0,0,0,0,0,0,0,18.1,21.7,14.4,17.7,17.4,20.4,18.4,19,20.6,20.3,16.9,20.2,14.4,16.4,16.3,19.8,21.7,19.7,15.9,18.1,17.4,18,18.6,19.7,22.1,14.8,17.3,16.3,19.4,19.5,18.5,19.4,23.8,16.6,19.4,19.4,22.7,20.5,20.2,22,23,17.3,22,15.1,16.9,17.3,21.2,22.7,21.6,17.3,18,19.8,19.4,20.9,20.2,24.8,16.6,18.4,16.6,21.2,21.2,23.8,,,,,,22.2204,114.2127
2026-10-06T13:00,22.1,22,22.6,23.5,26,23.8,24,24.6,21.4,23.2,21.5,23.7,26,22.9,24.9,22.1,24.3,23.6,21.9,23.3,22.3,23,24,25.3,24.5,25,26.1,22.8,22.9,25.6,23.9,25,21.7,25.2,21.4,25.3,24.5,23.2,24.9,24.2,60,60,57,62,59,64,57,62,64,60,57,68,59,60,51,62,65,60,59,58,55,59,54,51,59,52,51,61,58,62,53,60,65,54,58,53,52,58,57,47,0,0,0,0,0,0,0,0,0,0,0,0,0,0,0,0,0,0,0,0,0,0,0,0,0,0,0,0,0,0,0,0,0,0,0,0,0,0,0,0,8.7,18.1,16.6,14.9,12.6,21,20.3,18,16.2,22.5,13,15.1,17.7,18.7,19.1,11.2,12.6,19.5,16.2,15.8,17,17.7,20.6,21.1,17,21.1,18.9,13,18.5,16.1,19.6,17.8,11.2,22.5,13.4,20.7,20,19.9,16.2,19,,,,,,,,,,,,,,,,,,,,,,,,,,,,,,,,,,,,,,,,,24.9,26.5,24.3,24.1,22.8,24.7,25.5,25.5,25,26.4,26.5,25.1,26,26.5,26.2,23.5,26.2,26.6,25.7,24.3,25.7,26.3,24.4,24.4,21.6,25.6,22.4,24.9,26.5,25.7,24.8,56,50,67,60,64,53,60,54,56,56,54,59,52,57,55,71,56,53,52,59,49,61,62,71,63,66,56,64,57,53,69,0,0,0,0,0,0,0,0,0,0,0,0,0,0,0,0,0,0,0,0,0,0,0,0,0,0,0,0,0,0,0,17.4,23.2,15,16.9,19.7,21.2,18.3,18.2,19.2,21.6,16.3,20,13.8,15.6,15.3,19.1,22.1,18.9,15.7,19.2,16.3,19.1,18.9,18.7,23.4,15.6,18.4,17.1,20.6,19.5,21,18.4,24.8,15.8,18.7,22,23.4,20.2,19.1,19.4,23,16.2,20.5,14.8,15.8,15.8,20.2,22.7,20.5,17.3,19.4,19.1,20.9,20.9,19.1,26.3,17.6,19.1,16.9,21.6,21.2,25.9,,,,,,22.2204,114.2127
2026-10-06T14:00,22.2,22.2,22.8,23.6,26.3,23.9,24.4,24.8,21.5,23.3,21.8,23.9,26.2,23.1,25.2,22.2,24.5,23.8,22.1,23.6,22.4,23.2,24.3,25.8,24.7,25.4,26.6,23,23,26,24.2,25.3,21.7,25.7,21.6,25.7,24.9,23.4,25.2,24.6,59,59,56,61,58,63,56,61,63,59,57,67,57,59,50,62,64,59,58,57,55,58,53,49,58,51,50,60,58,61,51,59,65,52,57,51,51,57,56,46,0,0,0,0,0,0,0,0,0,0,0,0,0,0,0,0,0,0,0,0,0,0,0,0,0,0,0,0,0,0,0,0,0,0,0,0,0,0,0,0,8.3,18.1,16.2,15.3,13,21.4,20.3,18.4,16.2,22.9,12.6,15.1,18.5,18.7,19.5,11.2,13,19.8,15.8,15.8,17.3,17.7,20.6,21.1,17.3,21.4,19.3,13,18.8,16.5,19.7,17.8,10.8,22.6,13,21,20,20.2,16.7,18.6,,,,,,,,,,,,,,,,,,,,,,,,,,,,,,,,,,,,,,,,,25.2,26.8,24.2,24.4,22.9,25.1,26.1,25.4,25.2,26.5,26.7,25.1,26.2,26.7,26.6,23.7,26.2,26.9,26.1,24.4,25.9,26.6,24.3,24.5,21.7,25.7,22.6,25.1,26.9,26.1,24.8,56,51,68,59,65,53,60,55,56,58,54,60,53,57,55,68,58,54,53,58,49,61,61,69,60,68,56,63,59,54,69,0,0,0,0,0,0,0,0,0,0,0,0,0,0,0,0,0,0,0,0,0,0,0,0,0,0,0,0,0,0,0,16.9,24,15.7,16.2,21.1,22.3,18.3,17.3,17.6,22.5,15.4,19.7,14.2,15,14.7,18.3,22.4,18.9,16.1,20.2,16.1,20.4,19.1,17.7,23.8,16.7,19.1,18,21.5,20.4,22.8,17.6,25.9,15.5,18.7,23.4,24.1,19.8,18.4,17.3,23,15.5,19.8,14.8,15.1,15.1,19.8,22.7,20.2,17.3,20.2,19.1,21.6,20.9,18,27.4,18.4,19.4,17.6,22,21.6,27.7,,,,,,22.2204,114.2127
2026-10-06T15:00,22.3,22.3,23.1,23.6,26.1,23.9,24.6,24.8,21.6,23.3,22.1,24,26.2,23.3,25.3,22.2,24.5,23.9,22.3,23.8,22.6,23.4,24.5,25.9,24.6,25.5,26.6,23.1,23.1,25.9,24.3,25.3,21.8,25.8,21.7,25.8,25.1,23.4,25.2,24.8,59,59,55,60,58,63,56,61,62,58,57,67,56,59,49,62,64,59,58,57,55,58,53,48,58,51,50,60,58,61,51,59,65,51,57,51,51,57,56,46,0,0,0,0,0,0,0,0,0,0,0,0,0,0,0,0,0,0,0,0,0,0,0,0,0,0,0,0,0,0,0,0,0,0,0,0,0,0,0,0,8,17,15.5,14.6,12.6,20.7,19.2,17.6,15.5,22.1,11.9,14.4,18.2,17.6,18.4,10.8,12.6,19.1,15.1,15.1,17,17,19.9,20.4,16.6,20.4,18.6,12.6,17.7,15.7,18.6,17,10.1,21.8,12.3,20.3,18.9,19.1,16,17.6,,,,,,,,,,,,,,,,,,,,,,,,,,,,,,,,,,,,,,,,,25.3,27,23.9,25.1,23,25.3,26.3,25.5,25.2,26.6,26.8,25.1,26.1,26.8,26.5,23.7,26.2,27.1,26.4,24.5,25.9,26.6,24.2,24.6,22,25.9,22.3,25.1,27,26.1,24.8,57,52,69,58,66,54,61,55,56,60,55,59,56,58,57,66,59,56,55,58,48,62,61,67,59,68,60,63,61,55,69,0,0,0,0,0,0,0,0,0,0,0,0,0,0,0,0,0,0,0,0,0,0,0,0,0,0,0,0,0,0,0,16.4,24.2,16.5,15.3,20.8,23.2,18.4,16.1,16.6,22,15.1,19.5,15.1,13.8,14.3,17.9,22.6,20.1,16.8,20.4,17.7,20.5,18.8,16.3,23.5,17.3,19.2,19.6,22,22.1,23.6,17.6,26.3,16.6,18.7,22.7,25.2,20.2,17.6,16.6,22.7,15.1,20.5,15.5,14.4,15.1,19.8,22.7,21.6,18,20.5,20.9,21.6,20.2,16.9,27.4,18.7,19.8,19.8,22.3,23.4,29.2,,,,,,22.2204,114.2127
2026-10-06T16:00,22.4,22.5,23.3,23.5,25.7,23.6,24.6,24.7,21.8,23.3,22.5,23.9,26.1,23.4,25.3,22.4,24.4,23.8,22.6,23.8,22.7,23.4,24.6,25.8,24.3,25.4,26.3,23.1,23.1,25.5,24.4,25,22,25.7,21.9,25.6,25.1,23.3,25.2,24.7,59,59,56,60,58,63,57,61,62,58,57,67,55,61,49,62,63,58,57,56,55,59,54,49,59,52,51,60,59,61,52,59,66,51,57,52,51,57,56,47,0,0,0,0,0,0,0,0,0,0,0,0,0,0,0,0,0,0,0,0,0,0,0,0,0,0,0,0,0,0,0,0,0,0,0,0,0,0,0,0,7.2,15.1,14,13,11.4,19.2,17.5,16.2,14.8,20.3,11.2,13.3,17.2,15.8,16.6,9.7,11.9,17.3,14.1,14.4,15.5,15.5,18.1,18.6,14.4,18.1,17.1,11.5,15.5,13.8,16.5,15.5,9.7,20.5,11.6,18.9,17.5,17,14.5,15.4,,,,,,,,,,,,,,,,,,,,,,,,,,,,,,,,,,,,,,,,,25.3,27,23.6,25.8,23.2,25.3,26.3,25.6,25,26.6,26.8,25.2,25.8,26.7,26.3,23.6,26,27.1,26.5,24.4,25.7,26.4,23.9,24.7,22.3,26.2,21.9,25,26.9,25.9,24.7,58,52,72,56,66,56,63,55,57,61,56,58,59,59,60,63,61,58,57,58,47,63,62,66,58,68,66,64,63,57,69,0,0,0,0,0,0,0,0,0,0,0,0,0,0,0,0,0,0,0,0,0,0,0,0,0,0,0,0,0,0,0,16.4,23.4,17.7,14.6,19.2,24.6,18.7,14.6,16.1,20.8,15,19.2,16.8,12.7,14.7,17.7,22.7,22.5,17.7,20.2,20.3,19.8,18.9,14.2,22.3,18,19.6,21,21.7,24.5,24.1,18,25.9,18,19.1,21.2,26.3,20.5,16.9,16.6,22.3,14.8,21.6,16.9,14,15.8,20.5,23,24.1,18.7,20.9,24.1,21.2,19.1,15.8,26.3,19.4,20.5,22.7,23,25.9,30.6,,,,,,22.2204,114.2127
2026-10-06T17:00,22.5,22.6,23.6,23.4,25,23.3,24.6,24.5,22,23.2,23,23.8,25.7,23.4,25.1,22.5,24.3,23.6,22.9,23.8,22.9,23.4,24.5,25.6,24,25.2,25.9,23.1,23.2,24.9,24.3,24.6,22.2,25.5,22.1,25.3,25,23.3,25,24.5,59,59,56,60,58,63,58,61,62,58,57,68,55,63,49,62,63,59,57,56,55,59,55,49,60,53,53,60,60,62,54,60,66,52,57,54,51,58,56,49,0,0,0,0,0,0,0,0,0,0,0,0,0,0,0,0,0,0,0,0,0,0,0,0,0,0,0,0,0,0,0,0,0,0,0,0,0,0,0,0,6.4,12.6,12.3,11.2,10.1,17.4,15.3,14.4,13.4,17.7,10.4,11.5,15.7,13.3,14.1,8.6,10.8,15.1,12.7,13.3,13.7,13.7,16.3,16.5,11.9,15.6,15.3,10.8,13,11.6,14,13.7,8.6,18.7,10.5,16.9,15.3,14.4,12.6,13.2,,,,,,,,,,,,,,,,,,,,,,,,,,,,,,,,,,,,,,,,,25.4,26.9,23.3,26.4,23.4,25.3,26.3,25.8,24.8,26.6,26.7,25.2,25.6,26.6,26,23.6,25.9,27,26.5,24.4,25.6,26.2,23.6,24.7,22.6,26.4,21.6,24.8,26.9,25.7,24.6,59,52,74,55,65,58,65,55,57,61,57,57,62,60,62,62,61,59,58,58,47,63,63,65,58,68,70,64,64,57,69,0,0,0,0,0,0,0,0,0,0,0,0,0,0,0,0,0,0,0,0,0,0,0,0,0,0,0,0,0,0,0,16.4,23.3,18.1,14.8,17.6,25,18.7,13.8,15.5,19.9,14.8,18.5,17.4,12.1,15.9,17.1,22.4,24.1,18.7,20.1,22.2,19.5,18.4,12.9,21.1,18.1,19.4,21.7,21.7,25.6,23.5,18.4,26.3,18.7,20.2,20.2,27,20.9,16.6,16.6,22.3,14.4,22,18,14,16.9,20.5,23.4,25.9,19.8,20.9,25.9,21.6,18,15.1,25.2,19.8,20.5,24.1,23.8,27.4,30.6,,,,,,22.2204,114.2127
2026-10-06T18:00,22.6,22.7,23.8,23.2,24.3,22.9,24.5,24.2,22.2,23,23.3,23.6,25.4,23.5,24.9,22.6,24.2,23.4,23.1,23.7,23.1,23.4,24.4,25.3,23.6,24.9,25.4,23,23.2,24.3,24.3,24.2,22.4,25.1,22.3,24.9,24.8,23.2,24.8,24.3,60,59,57,60,59,64,59,61,62,58,57,68,55,64,50,63,63,59,57,56,55,60,57,50,61,54,55,61,61,63,56,61,67,52,58,56,52,58,56,51,0,0,0,0,0,0,0,0,0,0,0,0,0,0,0,0,0,0,0,0,0,0,0,0,0,0,0,0,0,0,0,0,0,0,0,0,0,0,0,0,5.7,10.1,10.9,9,8.6,15.2,12.8,12.2,12,15.2,9.7,10.1,13.9,11.2,11.5,7.6,9.7,12.6,11.3,12.3,11.5,11.9,14.2,14.3,9,12.6,13.4,9.7,10.1,9.4,11.4,11.5,8,16.6,9.4,14.8,12.8,11.5,10.7,10.7,,,,,,,,,,,,,,,,,,,,,,,,,,,,,,,,,,,,,,,,,25.4,26.8,23,26.5,23.7,25.4,26.2,25.9,24.8,26.7,26.5,25.1,25.4,26.6,26,23.6,25.9,26.8,26.5,24.4,25.4,26.3,23.4,24.7,22.9,26.6,21.4,24.7,26.8,25.5,24.5,60,52,77,55,62,58,66,54,58,60,58,57,63,61,63,62,60,59,58,57,48,61,64,65,57,68,71,64,64,55,68,0,0,0,0,0,0,0,0,0,0,0,0,0,0,0,0,0,0,0,0,0,0,0,0,0,0,0,0,0,0,0,16.6,23.6,17.6,17.4,16.3,24.5,18.4,13.3,14.7,20.6,14,17.2,17.4,12.1,17.9,15.8,21.7,24.6,19.9,19.5,22.3,19.6,17.8,12.3,19.2,18,19,20.9,22,24.6,21.8,18.7,27.4,18.4,22.3,20.5,27.4,20.9,16.9,15.8,23.8,14,20.5,18,14.8,19.1,19.4,23.8,27.4,21.2,21.2,25.9,23,16.9,15.1,23.4,20.2,20.2,23.4,24.8,26.6,28.1,,,,,,22.2204,114.2127
2026-10-06T19:00,22.8,22.8,23.9,23.1,23.7,22.5,24.4,24,22.3,22.9,23.6,23.4,25,23.5,24.7,22.7,24.1,23.2,23.3,23.7,23.2,23.4,24.3,25,23.3,24.7,24.9,23,23.2,23.8,24.1,23.8,22.5,24.8,22.4,24.5,24.7,23.1,24.5,24,60,59,57,60,60,65,60,62,61,58,57,69,55,66,50,63,63,59,57,56,55,61,58,51,62,55,57,61,61,64,57,62,67,53,58,58,52,59,57,52,0,0,0,0,0,0,0,0,0,0,0,0,0,0,0,0,0,0,0,0,0,0,0,0,0,0,0,0,0,0,0,0,0,0,0,0,0,0,0,0,4.9,8,10,7.2,7.6,13.3,10.9,10.4,10.9,12.6,9,8.7,12.4,9.1,9.4,6.8,8.6,10.8,10.3,11.7,10.1,10.4,12.4,12.5,6.6,10.1,11.6,9,7.6,7.2,9.7,9.8,7.2,14.8,8.6,13,11,9,8.8,8.8,,,,,,,,,,,,,,,,,,,,,,,,,,,,,,,,,,,,,,,,,25.5,26.7,22.7,26.3,24,25.4,26.2,26,24.7,26.8,26.2,25,25.2,26.5,26,23.6,26,26.6,26.4,24.3,25.2,26.4,23.1,24.7,23,26.6,21.4,24.5,26.8,25.2,24.3,61,51,80,55,59,58,66,53,58,59,60,56,62,61,63,62,58,57,57,55,49,58,65,65,57,67,70,64,62,52,68,0,0,0,0,0,0,0,0,0,0,0,0,0,0,0,0,0,0,0,0,0,0,0,0,0,0,0,0,0,0,0,17.2,24.2,16.6,20.6,15,23.2,18.2,13.2,13.5,22,13.6,15.8,17,12.6,20.7,14.5,20.7,24.5,21.4,18.8,21.7,20.7,16.8,12.6,17.2,17.7,18.7,19.1,22.4,22.6,19.6,19.1,28.4,17.6,25.2,21.2,27.4,20.9,17.6,14.8,25.6,13.7,18.4,17.6,15.8,21.6,18,24.1,28.1,23,21.2,24.8,24.8,16.2,15.8,21.6,20.2,19.8,21.6,25.9,24.8,23.8,,,,,,22.2204,114.2127
2026-10-06T20:00,22.8,22.9,24,23,23.2,22.3,24.2,23.8,22.4,22.9,23.7,23.3,24.8,23.5,24.5,22.7,23.9,23.1,23.4,23.6,23.3,23.4,24.2,24.7,23,24.5,24.5,22.9,23.2,23.4,24,23.6,22.7,24.5,22.6,24.2,24.5,23.1,24.4,23.7,61,59,57,60,61,65,60,62,61,58,57,69,55,66,50,64,63,59,56,56,55,61,58,51,63,55,58,61,62,65,58,63,68,53,58,59,52,59,57,53,0,0,0,0,0,0,0,0,0,0,0,0,0,0,0,0,0,0,0,0,0,0,0,0,0,0,0,0,0,0,0,0,0,0,0,0,0,0,0,0,4.6,6.7,9.3,6.2,6.6,11.9,9.9,9,10.2,11.2,8.7,7.7,10.9,8,7.9,6.1,8,9.4,10,10.9,8.6,9.4,11,11,5.2,8.6,10.1,8.3,5.9,5.9,8.2,8.4,6.9,13.7,7.9,12,9.5,7.3,7.3,7.7,,,,,,,,,,,,,,,,,,,,,,,,,,,,,,,,,,,,,,,,,25.5,26.5,22.5,26.1,24.2,25.4,26.1,26,24.7,26.8,25.9,24.8,25.1,26.4,26,23.6,26,26.4,26.3,24.3,25,26.5,22.9,24.6,23.2,26.7,21.4,24.4,26.7,24.9,24.2,61,50,82,55,56,58,66,52,58,58,62,56,62,62,63,63,57,56,57,54,50,56,66,66,57,67,69,64,61,49,67,0,0,0,0,0,0,0,0,0,0,0,0,0,0,0,0,0,0,0,0,0,0,0,0,0,0,0,0,0,0,0,17,24.7,15.5,22.6,13.6,22.2,17.4,14.2,13.2,23.3,13.1,14.9,16.8,12.9,22.7,13.8,19.9,23.9,21.9,18.4,20.7,21.4,16,13.5,16.1,17.3,18.2,17.7,23.3,20.9,17.9,19.1,29.2,16.6,26.6,21.6,27,20.5,18.7,14.4,26.6,13.7,16.6,17.3,16.2,23.4,16.6,24.1,28.1,23.8,21.2,23.8,25.9,15.5,16.6,19.4,20.5,19.1,19.8,26.6,23,20.9,,,,,,22.2204,114.2127
2026-10-06T21:00,22.8,22.9,23.9,22.9,22.9,22.2,24,23.7,22.5,22.9,23.6,23.3,24.6,23.4,24.4,22.7,23.8,23.1,23.3,23.6,23.3,23.4,24.1,24.4,22.9,24.4,24.2,22.9,23.2,23.3,23.8,23.5,22.8,24.2,22.7,24,24.3,23.1,24.2,23.4,62,58,56,60,62,65,59,62,60,57,57,69,56,65,50,65,63,59,55,55,55,60,57,51,64,54,59,61,62,66,58,64,69,53,57,59,52,59,57,53,0,0,0,0,0,0,0,0,0,0,0,0,0,0,0,0,0,0,0,0,0,0,0,0,0,0,0,0,0,0,0,0,0,0,0,0,0,0,0,0,4.6,6,9.3,5.9,6,11.2,9.5,8.3,9.8,10.4,8.7,7.3,9.8,7.7,7.6,5.8,7.6,8.6,10,10.9,7.9,9,10.3,10.2,4.7,7.9,9.4,7.9,5.2,5.4,7.8,7.7,6.5,12.9,7.9,11.5,8.8,6.6,6.5,7.6,,,,,,,,,,,,,,,,,,,,,,,,,,,,,,,,,,,,,,,,,25.4,26.3,22.6,25.9,24.4,25.3,26.1,26,24.8,26.7,25.8,24.7,25,26.3,25.9,23.6,26,26.2,26.1,24.2,24.9,26.5,22.8,24.5,23.2,26.7,21.5,24.4,26.6,24.8,24.1,61,50,82,56,55,58,64,51,56,57,64,55,62,62,62,64,56,54,59,53,51,54,66,68,58,67,68,64,59,48,67,0,0,0,0,0,0,0,0,0,0,0,0,0,0,0,0,0,0,0,0,0,0,0,0,0,0,0,0,0,0,0,15.7,24.7,14.2,21.3,12.7,21.7,16.3,16.6,13.2,22.6,13.4,14.5,16.1,12.8,22.3,12.8,19.3,22.4,20.6,17.7,20.2,21.1,15.2,14.7,15.2,17.1,17.4,16.9,23.2,19.9,17.4,17.6,29.2,15.8,25.6,20.9,26.3,19.1,20.9,14.4,25.6,13.3,15.8,16.9,15.8,23.4,14.8,22.7,25.9,22.7,20.2,22.7,25.6,15.1,17.3,17.6,20.5,18.4,18.7,26.6,22,19.8,,,,,,22.2204,114.2127
2026-10-06T22:00,22.8,23,23.6,22.9,22.6,22.2,23.7,23.6,22.5,23,23.4,23.2,24.4,23.4,24.3,22.7,23.6,23.1,23.2,23.6,23.3,23.4,24,24.2,22.9,24.3,24,22.9,23.2,23.3,23.5,23.5,22.8,24,22.8,23.7,24,23.2,24.1,23.1,62,58,55,60,64,66,58,63,59,56,56,69,57,64,49,67,64,58,54,54,54,60,56,50,64,52,59,61,63,66,56,65,69,52,56,57,51,58,58,53,0,0,0,0,0,0,0,0,0,0,0,0,0,0,0,0,0,0,0,0,0,0,0,0,0,0,0,0,0,0,0,0,0,0,0,0,0,0,0,0,4.6,6,10.3,5.9,5.7,10.8,9.8,7.9,9.4,10.1,9.1,7,8.6,8,7.6,5.4,7.3,8.6,10.7,10.9,7.2,8.6,9.9,10.2,4.3,7.9,8.7,7.9,4.9,5,8,7,6.2,12.8,7.9,11.4,8.8,6.6,6.1,7.9,,,,,,,,,,,,,,,,,,,,,,,,,,,,,,,,,,,,,,,,,25.3,26.1,22.8,25.6,24.4,25.2,26.2,25.9,25,26.6,25.7,24.5,25.1,26.1,25.8,23.6,25.9,26,25.8,24.1,24.9,26.4,22.7,24.4,23.1,26.6,21.7,24.4,26.6,24.7,24,61,49,80,57,55,57,62,51,54,56,67,55,62,63,61,64,56,52,61,51,52,53,66,71,59,66,67,65,58,48,67,0,0,0,0,0,0,0,0,0,0,0,0,0,0,0,0,0,0,0,0,0,0,0,0,0,0,0,0,0,0,0,14.1,24.5,13.2,18.8,13,21.4,15.4,20.1,13.7,20.8,13.3,14.7,15.4,12.7,20.5,11.7,18.4,20.5,18.3,17.1,19.2,20.6,14.7,16.1,13.9,17.2,16.5,16.4,22.9,19.2,17.4,15.8,28.8,14.8,23.4,19.4,25.2,17.3,23.8,15.1,23.8,13.3,15.5,16.2,14.8,22.3,13.3,20.9,23,20.5,18.7,21.6,24.5,14.4,18,15.5,20.9,17.6,18,25.9,21.2,20.2,,,,,,22.2204,114.2127
2026-10-06T23:00,22.8,23,23.4,22.9,22.4,22.3,23.4,23.6,22.4,23.1,23,23.2,24.2,23.3,24.2,22.6,23.5,23.1,22.9,23.6,23.3,23.4,23.9,23.9,22.9,24.2,23.8,22.9,23.1,23.3,23.2,23.5,22.9,23.7,22.9,23.5,23.7,23.4,24,22.7,63,57,53,61,65,66,57,63,59,55,55,69,58,62,49,69,65,58,53,53,54,58,54,49,64,50,59,61,63,67,55,66,70,51,55,56,50,57,58,52,0,0,0,0,0,0,0,0,0,0,0,0,0,0,0,0,0,0,0,0,0,0,0,0,0,0,0,0,0,0,0,0,0,0,0,0,0,0,0,0,4.6,6,11.4,5.9,5.4,10.4,10.5,7.6,9.4,10.1,9.4,7,7.9,8.6,7.9,5.1,7.1,8.6,11.7,11.2,6.8,8.6,9.8,10.1,4.7,8,8.3,7.9,4.5,5,8.3,6.6,5.9,12.7,8.3,11.7,8.7,6.6,5.8,9,,,,,,,,,,,,,,,,,,,,,,,,,,,,,,,,,,,,,,,,,25.1,25.8,23.1,25.3,24.4,25,26.1,25.8,25.1,26.4,25.5,24.3,25.1,26,25.7,23.6,25.7,25.8,25.6,23.9,24.8,26.2,22.6,24.3,23.1,26.5,21.9,24.4,26.4,24.6,23.9,61,49,79,58,55,57,59,51,52,55,70,54,62,63,60,64,55,51,63,51,52,52,66,73,60,65,65,65,56,48,68,0,0,0,0,0,0,0,0,0,0,0,0,0,0,0,0,0,0,0,0,0,0,0,0,0,0,0,0,0,0,0,13.1,24.2,12.7,16.8,13.2,20.9,14.7,22.3,14,19.3,14.4,14.7,15,12.8,18.9,11,18,18.6,16.8,16.8,18.4,20.3,13.9,17.1,13.4,17.5,15.3,15.9,22.3,18.4,17.4,14.4,28.1,14,20.9,17.6,24.1,15.8,25.6,15.5,22,14.4,15.1,16.2,14,21.2,12.2,19.8,20.2,18.7,18,20.5,23.4,14,18.7,14.4,20.9,16.9,17.3,25.2,20.2,20.2,,,,,,22.2204,114.2127
2026-10-07T00:00,22.7,23,23,22.9,22.2,22.3,23.1,23.5,22.4,23.2,22.6,23.1,24,23.2,24.1,22.5,23.3,23.2,22.7,23.6,23.2,23.4,23.7,23.6,22.9,24.1,23.6,22.9,23.1,23.4,22.9,23.5,22.9,23.5,23,23.3,23.4,23.5,23.8,22.3,64,56,52,61,67,67,55,63,58,54,55,69,59,60,48,71,65,57,51,52,54,57,52,49,64,48,59,61,63,67,53,67,71,50,54,54,49,56,58,52,0,0,0,0,0,0,0,0,0,0,0,0,0,0,0,0,0,0,0,0,0,0,0,0,0,0,0,0,0,0,0,0,0,0,0,0,0,0,0,0,4.7,6.3,12.4,6.2,5,10.1,11.3,7.6,9.4,10.1,10.1,7.3,7.3,9.4,8.6,5.1,7.2,9,12.3,11.5,6.8,9,9.8,10.1,5,8.3,7.9,8,4.8,5.4,9.4,6.2,5.9,12.7,8.6,12,9,6.9,5.8,10.1,,,,,,,,,,,,,,,,,,,,,,,,,,,,,,,,,,,,,,,,,25,25.5,23.3,25.1,24.2,24.9,25.8,25.5,25,26.1,25.1,24.1,25.1,25.8,25.4,23.6,25.5,25.6,25.5,23.7,24.6,25.9,22.5,24.3,23.2,26.3,22,24.3,26.1,24.5,23.7,61,49,78,57,56,56,56,52,50,54,74,53,61,63,60,63,54,51,63,52,52,51,67,74,60,62,63,66,55,48,69,0,0,0,0,0,0,0,0,0,0,0.2,0,0,0,0,0,0,0,0,0,0,0,0,0,0,0,0,0,0,0,0,13.3,23,12.8,15.3,12.2,20.5,14.7,22.5,14.4,18.6,16.7,14.1,15.7,13,17.4,11.5,18,17.1,16.2,17.6,17.7,19.9,13.3,17.8,13.2,17.9,14.3,15.8,21.9,17.3,17.7,14.4,26.3,13.7,18.7,15.5,23,15.1,25.2,15.5,20.9,16.9,14.4,16.9,14,19.8,12.2,19.8,18.4,17.6,19.1,19.4,22.7,13.3,19.1,14,20.9,15.8,16.9,24.8,19.1,20.2,,,,,,22.2204,114.2127
2026-10-07T01:00,22.7,22.9,22.7,23,22.1,22.4,22.8,23.5,22.3,23.3,22.2,23.1,23.8,23.1,24,22.5,23.2,23.2,22.4,23.6,23.2,23.4,23.5,23.3,22.9,24,23.4,22.9,23.1,23.5,22.6,23.6,22.9,23.2,23,23,23.1,23.6,23.7,21.9,64,55,51,61,68,67,54,63,57,53,54,68,60,58,47,72,66,56,50,51,53,56,51,48,64,46,58,60,62,67,52,68,71,50,53,53,48,55,58,51,0,0,0,0,0,0,0,0,0,0,0,0,0,0,0,0,0,0,0,0,0,0,0,0,0,0,0,0,0,0,0,0,0,0,0,0,0,0,0,0,5,6.6,13,6.5,5,10.1,12,7.7,9.7,10.5,10.5,7.3,6.7,10.1,9,5.2,7,9,13.4,11.5,6.5,9.4,9.7,10.4,4.9,9.1,7.6,8.3,5.1,5.2,10.1,5.8,6,12.6,8.6,12.6,9,7.2,5.4,11.2,,,,,,,,,,,,,,,,,,,,,,,,,,,,,,,,,,,,,,,,,24.9,25.1,23.4,24.9,24,24.7,25.5,25.2,24.8,25.8,24.7,23.9,25,25.7,25.1,23.6,25.3,25.4,25.4,23.5,24.3,25.5,22.4,24.3,23.4,26,22.2,24.2,25.7,24.3,23.5,60,50,78,56,57,55,52,52,48,53,78,52,60,64,60,62,54,51,63,54,51,50,69,74,60,58,61,66,54,48,70,0,0,0,0,0,0,0,0,0,0,0.2,0,0,0,0,0,0,0,0,0,0,0,0,0,0,0,0,0,0,0,0,14.2,21.4,12.8,14.3,11.3,19.8,14.8,21.5,14.9,18.5,19.4,13.3,16.6,13.7,16.3,13,18,15.5,16.3,18.9,17.1,19.6,12.8,17.9,13.7,18.2,13.4,15.5,21.6,16.1,18.5,15.1,24.5,13.7,16.6,13.3,22.3,15.1,24.1,15.5,20.5,20.5,13.3,17.6,14.8,18,13,20.9,16.6,17.3,20.9,18.7,21.6,12.2,19.4,14.8,21.2,14.8,16.6,24.5,17.6,20.2,,,,,,22.2204,114.2127
2026-10-07T02:00,22.8,22.9,22.4,23,22.1,22.4,22.5,23.4,22.2,23.3,21.9,23.1,23.7,23,23.8,22.5,23.2,23.2,22.2,23.5,23.1,23.3,23.3,23.1,22.9,23.8,23.3,22.9,23.1,23.5,22.4,23.6,22.9,23,22.9,22.8,22.8,23.7,23.7,21.6,64,54,50,61,69,67,53,63,56,53,54,68,60,57,47,72,66,56,50,51,53,55,50,48,64,45,58,60,62,67,51,68,70,50,52,52,48,54,58,51,0,0,0,0,0,0,0,0,0,0,0,0,0,0,0,0,0,0,0,0,0,0,0,0,0,0,0,0,0,0,0,0,0,0,0,0,0,0,0,0,5,6.9,13.7,6.5,4.7,10.1,12.3,7.7,9.7,10.5,10.8,7.3,6.5,10.4,9.4,5.2,7,9.4,13.7,11.9,6.5,9.4,9.7,10.4,5.2,9.1,7.6,8.3,5.1,5.2,10.4,5.8,5.9,12.6,9,12.6,9.4,7.6,5.5,11.6,,,,,,,,,,,,,,,,,,,,,,,,,,,,,,,,,,,,,,,,,24.8,24.8,23.6,24.7,23.8,24.6,25.2,24.9,24.6,25.5,24.4,23.7,25,25.5,24.9,23.6,25.1,25.2,25.3,23.3,24.1,25.2,22.3,24.3,23.4,25.7,22.3,24.1,25.4,24.2,23.3,59,50,77,54,58,55,51,53,47,53,81,51,59,63,61,60,54,51,63,56,50,49,70,75,60,55,60,66,53,48,71,0,0,0,0,0,0,0,0,0,0,0.2,0,0,0,0,0,0,0,0,0,0,0,0,0,0,0,0,0,0,0,0,15.3,20.2,13,14.7,10.5,19.3,15.1,20.6,15.3,18.1,21.9,12.9,17.4,14.8,15.6,14.6,18.5,14.3,16.4,20.2,17.2,19.5,12.5,18.4,14.3,18.9,12.9,16.1,21.2,15.4,19,15.8,22.7,13.7,15.1,11.9,21.6,15.8,23,15.5,20.2,23.8,13,18.7,15.5,16.9,14,21.6,15.5,17.3,23,18.7,21.2,11.9,19.8,15.1,21.2,14,16.9,24.1,16.9,20.2,,,,,,22.2204,114.2127
2026-10-07T03:00,22.8,22.8,22.1,23,22.1,22.4,22.3,23.4,22,23.1,21.7,23,23.6,22.8,23.6,22.5,23.1,23,22,23.2,23,23.1,23,22.8,22.9,23.6,23.1,22.8,23.1,23.5,22.1,23.5,22.9,22.7,22.7,22.5,22.5,23.6,23.6,21.3,63,53,50,61,69,67,53,62,56,53,54,68,59,57,47,71,66,56,50,51,53,54,50,49,63,45,57,60,61,66,51,67,68,51,52,52,48,53,57,51,0,0,0,0,0,0,0,0,0,0,0,0,0,0,0,0,0,0,0,0,0,0,0,0,0,0,0,0,0,0,0,0,0,0,0,0,0,0,0,0,5,6.9,13.7,6.5,4.8,10.1,12.3,7.7,9.7,10.5,10.8,7.3,6.2,10.8,9.4,5.2,7,9.4,14.1,11.9,6.5,9.4,9.7,10.4,5.2,9.1,7.6,8.3,5.1,5.2,10.8,5.8,6.2,12.6,9,12.6,9.4,7.6,5.6,11.6,,,,,,,,,,,,,,,,,,,,,,,,,,,,,,,,,,,,,,,,,24.6,24.6,23.6,24.4,23.8,24.4,25,24.7,24.4,25.3,24.3,23.7,24.8,25.2,24.8,23.4,24.9,25,25.1,23.1,23.9,24.9,22.3,24.1,23.4,25.5,22.5,24.1,25.1,24.1,23.1,58,50,77,53,59,55,53,53,47,53,80,50,59,61,62,58,55,52,63,57,50,49,70,76,61,53,60,65,53,49,71,0,0,0,0,0,0,0,0,0,0,0.1,0,0,0,0,0,0,0,0,0,0,0,0,0.1,0,0,0,0,0,0,0.1,15.8,19.6,13.2,15.2,11.1,19.2,16.2,19.8,15.6,18.2,23.6,13.2,18,16.1,15.6,15.8,19.3,13.7,16.9,20.7,17.9,19.6,12.8,19.2,15.4,18.9,12.7,16.7,20.7,15.6,18.9,16.6,22,13.7,15.5,12.2,21.2,17.6,22.7,15.8,20.5,25.6,13.7,19.8,16.9,16.9,15.5,22.3,14.4,18,25.2,19.8,21.2,12.2,20.9,15.8,20.9,14,17.6,23.8,16.9,20.2,,,,,,22.2204,114.2127
2026-10-07T04:00,22.9,22.7,21.7,22.9,22.1,22.2,21.9,23.3,21.7,22.9,21.4,22.9,23.6,22.5,23.3,22.6,23.1,22.7,21.6,22.9,22.8,22.8,22.5,22.4,22.9,23.3,22.9,22.6,23.1,23.4,21.8,23.4,22.7,22.3,22.4,22.2,22.2,23.4,23.6,21,62,53,51,60,70,66,54,61,55,54,55,68,58,57,47,69,65,56,51,52,52,54,51,50,62,46,57,59,60,65,52,65,66,52,53,53,49,53,57,52,0,0,0,0,0,0,0,0,0,0,0,0,0,0,0,0,0,0,0,0,0,0,0,0,0,0,0,0,0,0,0,0,0,0,0,0,0,0,0,0,5,6.9,13.7,6.2,5,10.1,12.6,7.7,10.1,10.1,11.2,7.3,6.2,10.8,9,5.5,7,9.7,14.1,11.9,6.9,9.7,9.7,10.4,5.2,8.7,7.6,8.3,5.4,5.2,10.8,5.8,6.8,12.2,9,12.3,9.7,7.6,5.2,11.3,,,,,,,,,,,,,,,,,,,,,,,,,,,,,,,,,,,,,,,,,24.4,24.4,23.6,24.1,23.9,24.2,24.9,24.4,24.1,25.1,24.4,23.6,24.6,24.9,24.7,23.2,24.6,24.8,24.9,22.8,23.8,24.7,22.4,24,23.2,25.3,22.6,24,24.9,24,22.9,57,50,76,51,60,56,57,52,48,53,77,50,59,58,63,57,56,52,63,57,49,50,69,77,61,53,61,63,53,50,70,0,0,0,0,0,0,0,0,0,0,0.1,0,0,0,0,0,0,0,0,0,0,0,0,0.1,0,0,0,0,0,0,0.1,16.5,19.5,13.5,16,12.3,19.2,17.8,19.5,15.8,19.2,25,14,18.7,17.2,15.9,16.6,20.1,13.1,17.9,20.9,18.6,19.7,13.3,20.5,16.1,18.8,13.1,17.3,20.7,16.1,18.2,17.3,21.6,13.7,16.9,13.3,21.6,19.8,22.3,16.6,21.6,27,14.8,20.5,18.7,17.3,16.9,23,14,18.7,27,21.2,21.6,13,22,16.6,20.5,14.4,18.7,23.8,17.6,19.8,,,,,,22.2204,114.2127
2026-10-07T05:00,23,22.5,21.4,22.8,22.1,22.1,21.6,23.2,21.4,22.5,21.2,22.7,23.6,22.2,22.9,22.6,23.1,22.4,21.3,22.5,22.6,22.4,22.1,22,22.8,23,22.7,22.4,23.2,23.3,21.5,23.3,22.5,21.9,22,21.8,21.9,23.2,23.5,20.7,61,52,53,59,70,65,55,60,55,54,56,68,57,57,47,67,65,56,53,53,52,54,53,51,61,47,56,58,59,64,53,63,62,53,54,54,51,53,56,53,0,0,0,0,0,0,0,0,0,0,0,0,0,0,0,0,0,0,0,0,0,0,0,0,0,0,0,0,0,0,0,0,0,0,0,0,0,0,0,0,5.2,7,13.3,5.8,5.2,10.1,12.6,8,10.4,10.1,11.2,7.3,6.4,10.8,8.6,5.8,7,10.1,14,11.9,7.3,10.1,9.7,10.4,5.5,8.3,7.9,8.7,5.4,4.8,11.2,6.1,7.6,11.9,9,12.3,9.7,7.2,5.2,10.9,,,,,,,,,,,,,,,,,,,,,,,,,,,,,,,,,,,,,,,,,24.3,24.2,23.7,23.9,23.9,24,24.8,24.2,24,25,24.4,23.6,24.4,24.7,24.7,23.1,24.4,24.7,24.7,22.7,23.6,24.5,22.5,23.8,23.1,25.2,22.7,24,24.7,23.9,22.8,56,50,76,50,61,57,60,52,49,54,75,50,60,55,64,55,57,53,63,57,49,50,68,78,62,52,61,62,53,51,70,0,0,0,0,0,0,0,0,0,0,0.1,0,0,0,0,0,0,0,0,0,0,0,0,0.1,0,0,0,0,0,0,0.1,17,19.2,14,16.5,13.5,19.2,19.8,18.8,16.3,19.7,26.3,14.9,19.6,18.2,16.1,17.2,20.6,13.3,19,20.9,19.4,19.7,14.2,22.4,17.1,18.7,13.6,18,20.5,16.9,17.9,18,21.2,14,18,14.4,22,22,22,17.3,22.3,28.1,15.8,22,19.8,17.6,18.4,23.4,14,20.2,28.1,22.3,21.6,14,23.8,16.9,20.5,15.1,19.8,23.4,18.7,19.8,,,,,,22.2204,114.2127
2026-10-07T06:00,23.2,22.4,21.1,22.8,22.2,22.1,21.4,23.2,21.1,22.3,21.1,22.7,23.6,21.9,22.6,22.8,23.2,22.1,21.1,22.1,22.4,22.2,21.7,21.7,22.8,22.8,22.6,22.3,23.2,23.2,21.3,23.3,22.4,21.5,21.6,21.5,21.6,23.1,23.6,20.5,59,52,54,58,69,64,56,58,55,55,57,67,55,57,47,64,64,56,54,53,52,54,54,52,59,48,55,58,58,62,54,61,59,55,54,56,52,53,55,54,0,0,0,0,0,0,0,0,0,0,0,0,0,0,0,0,0,0,0,0,0,0,0,0,0,0,0,0,0,0,0,0,0,0,0,0,0,0,0,0,5.2,7,13,5.4,5.4,10.5,12.6,8,10.5,10.1,11.2,7.3,6.3,10.8,8.3,6.1,7.2,10.4,13.7,11.9,7.7,10.2,10.1,10.4,5.4,8.3,8.3,8.6,5.8,4.8,11.2,6.5,8.4,11.9,9,11.9,9.7,7.2,5.2,10.5,,,,,,,,,,,,,,,,,,,,,,,,,,,,,,,,,,,,,,,,,24.2,24,23.8,23.8,23.9,23.8,24.6,24,23.8,24.8,24.3,23.6,24.3,24.6,24.6,23,24.2,24.6,24.5,22.6,23.4,24.3,22.6,23.6,23,25,22.8,24,24.5,23.9,22.7,56,51,75,49,62,57,62,52,49,55,74,50,62,54,65,54,57,53,64,58,49,50,66,78,63,52,61,61,53,52,70,0,0,0,0,0,0,0,0,0,0,0,0,0,0,0,0,0,0,0,0,0,0,0,0.1,0,0,0,0,0,0,0.2,17.6,19,15,17.3,14.8,20,21.2,18.9,17,20.1,27.2,16,21.1,18.2,16.6,17.7,20.8,14.3,20.3,20.6,20.1,19.2,15.5,24.9,17.6,19.6,14.5,18.9,20.3,17.9,18.1,18.7,21.2,15.1,19.1,15.1,23,23.4,21.6,18,23,28.8,16.9,24.1,19.8,17.6,19.1,23.4,15.5,21.6,27.7,22.7,21.2,15.5,26.3,16.9,21.2,15.8,20.9,23,20.5,20.2,,,,,,22.2204,114.2127
2026-10-07T07:00,23.4,22.4,21,22.9,22.5,22.1,21.4,23.3,21,22.1,21.1,22.7,23.7,21.9,22.5,23,23.4,22,21,22,22.3,22.1,21.5,21.6,22.9,22.7,22.7,22.3,23.3,23.3,21.3,23.3,22.4,21.4,21.5,21.4,21.6,23,23.6,20.5,58,51,55,57,68,63,56,57,55,56,57,67,53,57,47,62,63,55,55,54,51,53,55,53,57,49,54,57,57,61,54,58,56,56,55,57,53,52,54,54,0,0,0,0,0,0,0,0,0,0,0,0,0,0,0,0,0,0,0,0,0,0,0,0,0,0,0,0,0,0,0,0,0,0,0,0,0,0,0,0,5,6.9,12.6,5.4,5.4,10.5,12.3,8.3,10.9,10.1,11.2,7.3,6.9,10.9,8.3,6.5,7,10.4,13.7,11.9,7.6,10.5,10.4,10.8,5.8,8.3,8.6,8.6,6.5,5.1,11.2,6.8,9.3,11.9,9,11.9,10.1,7.2,5.2,10.1,,,,,,,,,,,,,,,,,,,,,,,,,,,,,,,,,,,,,,,,,24.3,23.8,23.9,23.7,23.8,23.7,24.5,23.9,23.7,24.7,24.2,23.5,24.3,24.6,24.6,22.9,24,24.5,24.4,22.6,23.3,24.2,22.7,23.4,23,24.8,23,24,24.4,23.8,22.6,57,53,74,49,64,57,63,52,50,56,73,50,64,53,65,53,57,53,66,59,49,50,63,78,63,52,60,60,53,53,71,0,0,0,0,0,0,0,0,0,0,0,0,0,0,0,0,0,0,0,0,0,0,0,0.1,0,0,0,0,0,0,0.2,18.3,19.1,15.9,18.2,15.5,20.9,21.9,19.2,17.9,20.4,27.5,16.9,22.8,17.6,17.1,18,20.4,16.3,21.9,20.2,20.6,18.4,17.3,27.8,17.4,20.5,15.5,19.9,20.1,19.4,18.3,19.8,21.2,16.9,20.2,15.8,24.1,24.5,20.9,19.1,23.4,28.8,18.4,27,19.4,18,19.8,22.7,17.3,23.4,26.3,22.7,20.9,17.3,29.5,16.9,22.7,16.9,22.3,22.7,22.3,20.5,,,,,,22.2204,114.2127
2026-10-07T08:00,23.8,22.6,21.2,23.1,22.9,22.4,21.6,23.6,21.2,22.2,21.4,23,23.9,22.1,22.6,23.3,23.7,22.1,21.2,22.1,22.5,22.2,21.6,21.8,23.1,22.8,22.9,22.4,23.5,23.5,21.6,23.5,22.6,21.6,21.6,21.6,21.8,23.2,23.8,20.7,56,51,55,56,67,62,56,56,54,56,57,66,52,57,47,60,62,55,55,54,51,53,55,53,56,49,53,56,56,59,54,57,54,56,55,57,53,52,53,54,0,0,0,0,0,0,0,0,0,0,0,0,0,0,0,0,0,0,0,0,0,0,0,0,0,0,0,0,0,0,0,0,0,0,0,0,0,0,0,0,4.8,7.2,12.2,5.4,5,10.4,12.4,8.3,10.9,10.2,10.9,7.2,7.2,10.9,8.3,6.6,7.2,10.8,13.3,11.9,8,10.5,10.8,11.2,6.1,8.6,8.6,9,6.9,5,11.2,7.3,9.9,11.9,9,11.7,10.4,7.6,5.1,9.7,,,,,,,,,,,,,,,,,,,,,,,,,,,,,,,,,,,,,,,,,24.4,23.8,24.1,23.8,23.9,23.8,24.5,23.9,23.8,24.7,24.2,23.6,24.3,24.7,24.6,23,23.9,24.5,24.3,22.7,23.3,24.2,22.9,23.2,23,24.8,23.2,24.1,24.4,23.9,22.6,57,54,73,48,64,57,63,52,50,57,72,50,66,53,65,52,56,54,68,60,49,50,61,77,63,52,59,60,53,53,71,0,0,0,0,0,0,0,0,0,0,0,0,0,0,0,0,0,0,0,0,0,0,0,0.1,0,0,0,0,0,0,0.2,18.7,19.1,16.6,18.5,16.3,21.6,22.1,18.8,18.2,20.5,27.7,17.4,24,17.4,17.6,18.2,20.1,17.2,23.4,19.5,20.4,18.3,18.4,30,17.2,21.3,16.3,20.7,19.7,20.3,18.6,20.5,20.9,18,20.5,16.2,25.2,24.5,19.8,19.4,23.8,28.4,19.1,28.4,19.1,18,19.8,22.3,18.7,25.2,24.5,22.3,20.5,18.7,31.7,16.6,23.4,17.6,23,22.3,23.8,20.9,,,,,,22.2204,114.2127
2026-10-07T09:00,24.4,23.1,21.8,23.5,23.6,22.9,22.2,24.1,21.8,22.6,22.1,23.5,24.2,22.7,23,23.9,24.3,22.7,21.7,22.6,22.9,22.8,22.2,22.4,23.5,23.2,23.4,22.9,23.8,23.9,22.2,23.9,23.1,22.1,22.2,22.1,22.4,23.6,24.2,21.5,54,50,54,55,65,61,55,55,53,56,56,65,51,56,47,58,61,54,54,53,50,52,54,52,55,49,52,55,55,57,53,56,52,55,54,56,53,51,52,53,0,0,0,0,0,0,0,0,0,0,0,0,0,0,0,0,0,0,0,0,0,0,0,0,0,0,0,0,0,0,0,0,0,0,0,0,0,0,0,0,4.7,7.9,12.4,6.1,4.5,10.5,12.8,8.4,11.2,10.7,10.8,7.2,8,11.3,8.6,6.6,7.6,11.4,13.1,12.1,7.9,10.5,12,12,7,9.4,8.8,9.4,7.7,5.5,11,7.9,10.3,12.5,9,11.9,10.9,8.4,5.4,9.5,,,,,,,,,,,,,,,,,,,,,,,,,,,,,,,,,,,,,,,,,24.6,24.1,24.6,24.1,24.1,24.1,24.6,24.2,24.1,25,24.3,23.9,24.4,24.9,24.6,23.3,24.2,24.5,24.3,23,23.6,24.4,23.2,23.2,23.1,25.1,23.6,24.3,24.6,24.2,22.5,57,53,71,47,63,57,61,51,50,57,71,50,67,53,65,51,55,55,69,59,48,51,60,75,61,51,58,61,53,53,72,0,0,0,0,0,0,0,0,0,0,0,0,0,0,0,0,0,0,0,0,0,0,0,0,0,0,0,0,0,0,0.2,19.4,18.5,17.1,17.7,16.3,21.8,21.5,18,17.7,20.6,27.2,17.2,24.4,17.3,17.9,17.9,19.8,16.5,25.4,18.4,19.2,18.7,18.7,30.4,16.4,21.1,16.4,20.7,19.3,20.3,18.6,20.9,19.8,18.4,19.1,15.8,25.6,23,18,19.1,23.8,27.4,18.7,28.1,18.4,18.4,19.1,22,18.7,27.7,22,20.5,20.5,19.1,32.4,15.5,23,17.6,23.4,22,23.4,21.6,,,,,,22.2204,114.2127
2026-10-07T10:00,25.2,23.8,22.7,24,24.6,23.8,23.1,24.8,22.8,23.2,23.1,24.3,24.8,23.7,23.6,24.7,25.1,23.5,22.6,23.5,23.6,23.6,23.3,23.3,24.1,23.9,24.2,23.6,24.2,24.5,23.3,24.5,23.8,23.1,23.2,23,23.3,24.2,24.7,22.6,52,50,52,53,61,60,52,53,51,56,54,63,50,54,46,56,59,53,52,52,49,51,52,50,53,48,51,53,53,55,51,55,51,54,52,55,51,51,52,50,0,0,0,0,0,0,0,0,0,0,0,0,0,0,0,0,0,0,0,0,0,0,0,0,0,0,0,0,0,0,0,0,0,0,0,0,0,0,0,0,5.5,8.8,12.9,7,4.7,11.4,13.2,9.4,11.8,11.4,10.8,7.3,9.5,11.9,9.9,7.4,8.8,11.8,13.4,12.5,8.5,10.9,13.2,12.9,8.7,10.9,9.4,10.2,9.3,6.5,11.2,8.9,11,14,9,12.3,11.8,9.3,6.2,9.9,,,,,,,,,,,,,,,,,,,,,,,,,,,,,,,,,,,,,,,,,25,24.5,25.1,24.7,24.4,24.5,24.9,24.7,24.5,25.3,24.5,24.3,24.6,25.3,24.6,23.7,24.7,24.6,24.4,23.4,24.2,24.8,23.5,23.3,23.4,25.5,24.1,24.6,24.9,24.7,22.5,56,51,68,45,62,58,58,49,50,56,70,50,67,54,64,50,54,57,70,57,47,52,60,73,59,51,58,63,53,53,73,0,0,0,0,0,0,0,0,0,0,0,0,0,0,0,0,0,0,0,0,0,0,0,0,0,0,0,0,0,0,0.2,19.9,17.9,17.3,15.9,15.8,22.2,20.1,16.9,16.7,21.2,26.4,16.5,24.6,17.6,18.1,17.6,19.4,16,28.2,17.3,17.6,19.9,18.8,30.1,15.3,20.6,16.5,20.9,19.1,19.9,18.7,20.9,18.4,18,16.9,15.1,25.2,20.5,16.2,18,23.8,25.9,17.6,27,17.6,19.1,18,21.6,17.6,30.2,18.7,18.4,20.9,19.1,31.7,14,22,17.6,23.4,21.6,22.7,22.3,,,,,,22.2204,114.2127
2026-10-07T11:00,26,24.7,23.9,24.6,25.8,24.7,24.3,25.7,24,24,24.4,25.2,25.4,24.8,24.4,25.6,26,24.5,23.7,24.6,24.4,24.6,24.5,24.4,24.8,24.7,25.2,24.5,24.7,25.3,24.5,25.2,24.7,24.2,24.3,24,24.4,25,25.3,24,49,49,50,52,57,59,50,52,49,56,52,61,49,51,45,54,57,51,50,50,49,49,50,48,51,47,50,52,51,53,48,55,50,52,50,53,50,50,51,47,0,0,0,0,0,0,0,0,0,0,0,0,0,0,0,0,0,0,0,0,0,0,0,0,0,0,0,0,0,0,0,0,0,0,0,0,0,0,0,0,6.6,10.4,13.8,8.4,6,12.4,14.2,10.9,12.3,12.4,11.6,8.1,11.4,13,10.9,9,10.6,13.2,13.7,13.4,9,12.1,14.8,14.2,10.3,13,10.4,11,10.8,7.7,11.5,10.1,11.5,15.8,9.8,13,13.3,10.8,7.3,11,,,,,,,,,,,,,,,,,,,,,,,,,,,,,,,,,,,,,,,,,25.2,24.9,25.6,25.1,24.7,24.8,25.1,25,24.8,25.6,24.7,24.6,24.8,25.6,24.7,24,25.1,24.8,24.5,23.7,24.6,25.1,23.8,23.4,23.6,25.8,24.6,24.9,25.2,25.1,22.6,56,50,66,44,60,59,55,48,51,56,69,50,67,54,63,50,54,58,70,56,47,53,60,71,56,51,57,65,53,53,73,0,0,0,0,0,0,0,0,0,0,0,0,0,0,0,0,0,0,0,0,0,0,0,0,0,0,0,0,0,0,0.2,20,17.4,17.3,15,15.3,22.5,18.6,15.3,16,21.7,25.3,16.1,24.9,17.4,18.1,17.1,19.4,15.5,30.1,16.6,16.2,21,19.3,29.2,14.7,20.2,16.5,21.5,19.1,19.4,18.6,20.9,17.6,18,15.5,14.8,25.2,18.4,14.8,17.3,23.8,24.5,16.9,25.9,17.3,19.1,17.3,21.2,16.9,31.7,16.6,16.9,21.6,19.4,30.6,13,21.2,17.6,23.4,21.6,22,22.7,,,,,,22.2204,114.2127
2026-10-07T12:00,26.9,25.5,25,25.3,26.8,25.6,25.4,26.5,25.1,24.8,25.5,26.1,26,25.9,25.3,26.5,26.9,25.6,24.7,25.7,25.1,25.6,25.7,25.6,25.4,25.5,26.1,25.3,25.2,26,25.7,25.9,25.5,25.3,25.4,25.1,25.5,25.7,25.9,25.3,47,48,48,50,54,58,47,51,48,55,50,59,48,49,45,52,56,50,48,49,48,48,48,46,50,46,49,50,50,51,46,55,49,50,48,52,49,49,50,45,0,0,0,0,0,0,0,0,0,0,0,0,0,0,0,0,0,0,0,0,0,0,0,0,0,0,0,0,0,0,0,0,0,0,0,0,0,0,0,0,7.9,11.6,15.2,10,7.4,13.8,15.3,12.2,13,13.7,12.2,8.7,13.2,14.3,12.4,10.8,12.4,14.4,14,14.3,9.7,13.5,16.6,15.6,11.8,14.7,11.7,11.9,12.6,9.1,12.3,11.5,12,17.4,10.8,14,14.5,12.1,8.7,11.8,,,,,,,,,,,,,,,,,,,,,,,,,,,,,,,,,,,,,,,,,25.4,25.2,25.8,25.4,24.9,25,25.3,25.2,25,25.7,24.9,24.8,24.8,25.8,24.9,24.3,25.3,25.1,24.3,23.8,24.9,25.3,24,23.4,23.7,25.9,24.8,25,25.4,25.3,22.9,56,49,65,44,58,60,53,49,52,57,68,51,67,54,61,51,55,58,70,55,48,54,61,70,53,53,56,66,54,54,72,0,0,0,0,0,0,0,0,0,0,0,0,0,0,0,0,0,0,0,0,0,0,0,0,0,0,0,0,0,0,0,19.7,17.6,17.4,14.8,14.8,23.1,17.1,14.3,16,22.1,23.6,16.6,24.9,17.1,17.8,16.6,19.7,15.1,29.8,16.4,16,22.1,20,27.3,14.4,20.2,16.9,22.7,19.8,19.4,18.6,20.5,18,18,14.8,14.8,25.6,17.3,14.4,17.6,23.8,23,17.3,25.2,17.3,18.7,16.6,21.2,16.6,30.6,16.6,16.9,22.7,20.5,28.1,13,21.6,17.6,24.1,22,22,23,,,,,,22.2204,114.2127
2026-10-07T13:00,27.6,26.1,25.9,25.8,27.7,26.4,26.3,27.2,26,25.4,26.5,26.9,26.4,26.9,26,27.1,27.7,26.4,25.6,26.6,25.8,26.5,26.7,26.5,25.9,26.1,26.8,26,25.6,26.5,26.7,26.5,26.2,26.3,26.3,25.9,26.4,26.3,26.3,26.3,46,48,47,49,51,58,46,50,47,56,48,57,47,48,45,52,55,49,47,48,48,48,47,45,49,46,49,50,49,50,45,55,50,49,47,51,48,49,50,43,0,0,0,0,0,0,0,0,0,0,0,0,0,0,0,0,0,0,0,0,0,0,0,0,0,0,0,0,0,0,0,0,0,0,0,0,0,0,0,0,9.4,12.7,16.1,10.9,8.8,15,16.3,13.5,13.7,14.3,12.8,9.3,14.3,15,13.2,12.2,13.8,15.3,14.2,15.1,10.2,14.8,17.9,16.5,12.9,15.7,12.5,12.4,13.5,10,12.5,12.7,12.5,18.8,11.5,14.3,15.3,13.2,9.9,13,,,,,,,,,,,,,,,,,,,,,,,,,,,,,,,,,,,,,,,,,25.4,25.5,26,25.7,25.1,25.2,25.5,25.4,25.1,25.7,25,24.9,24.8,26,25.2,24.5,25.5,25.5,24.1,23.9,25.2,25.3,24.1,23.4,23.9,26.1,24.9,25.1,25.5,25.5,23.2,56,48,66,45,57,62,52,51,54,59,66,52,66,55,59,52,57,57,69,54,51,56,62,69,49,56,56,67,55,56,70,0,0,0,0,0,0,0,0,0,0,0,0,0,0,0,0,0,0,0,0,0,0,0,0,0,0,0,0,0,0,0,18.7,18.1,17.9,15.3,14.3,24,16.3,14.6,16.9,22.4,22.2,17.7,24.7,16.9,17.3,16.3,20,15.1,27.8,17.6,17.3,23,20.9,24.7,14.5,21.1,17.6,23.9,20.8,19.6,18.6,19.8,19.1,18.4,14.8,15.1,25.6,16.2,14.4,18,24.1,21.6,18,24.1,17.3,17.6,16.2,21.6,16.2,28.4,17.6,18,23.8,21.6,24.5,13.7,22,18,24.8,22.3,22.3,23,,,,,,22.2204,114.2127
2026-10-07T14:00,27.9,26.5,26.5,26.1,28.1,26.9,26.8,27.6,26.6,25.9,27.1,27.3,26.7,27.4,26.4,27.5,28.1,26.9,26,27.1,26.1,27,27.2,27,26.2,26.5,27.2,26.3,25.8,26.9,27.3,26.8,26.6,26.9,26.8,26.4,26.9,26.7,26.6,26.9,46,49,47,49,51,58,46,51,47,56,48,57,47,48,45,52,55,50,47,48,48,48,47,45,49,46,50,50,49,50,45,56,51,49,47,51,48,50,51,43,0,0,0,0,0,0,0,0,0,0,0,0,0,0,0,0,0,0,0,0,0,0,0,0,0,0,0,0,0,0,0,0,0,0,0,0,0,0,0,0,9.8,13.1,16.3,11.4,9.5,15.3,16.7,14.1,13.8,14.7,13,9.4,14.8,15.3,13.4,13,14.3,15.5,14.1,15.3,10.5,15.4,18,16.6,13.3,16.2,13.2,12.5,13.7,10.2,12.5,13.2,12.4,19.4,11.7,14.5,15.5,13.4,10.5,13,,,,,,,,,,,,,,,,,,,,,,,,,,,,,,,,,,,,,,,,,25.5,25.7,26.1,25.8,25.3,25.3,25.6,25.4,25.2,25.8,25.1,25,24.8,26.2,25.4,24.6,25.7,25.8,23.9,23.9,25.4,25.4,24.2,23.5,23.9,26.1,25,25.2,25.6,25.6,23.5,57,48,66,46,55,63,51,52,56,60,65,53,65,55,58,54,58,57,69,54,53,57,63,69,47,58,56,68,57,58,69,0,0,0,0,0,0,0,0,0,0,0,0,0,0,0,0,0,0,0,0,0,0,0,0,0,0,0,0,0,0,0,18.5,18.6,18.3,15.8,14.3,24.2,15.5,15.5,18,22.6,20.7,18.4,24.9,17.3,16.4,15.9,20.8,15.5,26.5,19.1,18.6,23.7,21.7,22.6,14.3,22.2,18.2,24.9,21.7,20.1,18.7,19.4,19.8,18.7,15.1,15.5,25.6,15.8,14.8,18.7,24.5,20.2,18.7,23.8,18,16.6,16.2,22,16.6,26.3,18.4,18.7,24.8,22.3,22,14.4,22.7,18,25.6,22.7,22.7,23,,,,,,22.2204,114.2127
2026-10-07T15:00,27.9,26.6,26.5,26.1,28.1,27.1,26.9,27.7,26.7,26.1,27.2,27.4,26.8,27.4,26.6,27.4,28.1,27,26,27.2,26.2,27.1,27.3,27,26.2,26.6,27.2,26.3,25.8,26.9,27.3,26.9,26.6,27.1,26.9,26.5,26.9,26.7,26.6,26.9,48,51,49,50,53,59,49,53,49,57,49,58,47,50,46,54,56,52,49,50,49,50,49,47,50,47,53,51,50,51,47,57,54,50,49,53,49,51,53,45,0,0,0,0,0,0,0,0,0,0,0,0,0,0,0,0,0,0,0,0,0,0,0,0,0,0,0,0,0,0,0,0,0,0,0,0,0,0,0,0,9.2,12.3,15.5,10.9,9.2,14.6,15.8,13.7,12.7,14.1,12.3,9.2,14.5,14.6,12.6,13.1,13.8,14.8,13.1,14.5,10,14.7,17.2,15.8,12.4,15.4,12.8,11.8,12.9,10,11.8,13,11.8,18.8,10.9,13.8,15,12.6,10.2,12.2,,,,,,,,,,,,,,,,,,,,,,,,,,,,,,,,,,,,,,,,,25.5,25.8,26,25.8,25.3,25.4,25.6,25.4,25.3,25.9,25.2,25.1,24.7,26.3,25.5,24.7,25.7,25.9,23.8,23.9,25.5,25.5,24.3,23.5,23.9,26.2,25.1,25.1,25.6,25.9,23.8,58,48,67,46,53,64,51,53,57,60,63,53,65,56,57,55,59,58,69,55,55,59,64,68,47,60,57,70,59,59,69,0,0,0,0,0,0,0,0,0,0,0,0,0,0,0,0,0,0,0,0,0,0,0,0,0,0,0,0,0,0,0,19.1,18.5,18.3,16.3,14.3,23.6,15.3,16.2,18.9,22.7,19.5,18.5,25.3,18.4,14.2,16,20.9,17,26,19.5,19.1,23.8,22.4,21,14.4,22.6,18.1,25.7,21.9,21.3,18.9,20.2,20.2,19.1,15.8,16.2,24.5,15.8,15.1,19.4,25.2,19.1,19.1,23.8,19.1,15.1,16.6,22,17.6,25.2,18.7,19.4,25.2,22.3,20.9,15.1,23,18,26.6,23,23.8,22.7,,,,,,22.2204,114.2127
2026-10-07T16:00,27.6,26.4,26.3,26,27.6,27.1,26.6,27.6,26.4,26.1,26.9,27.3,26.7,27.1,26.7,27,27.8,26.7,25.7,26.9,26,26.9,26.9,26.7,25.9,26.5,27,26.1,25.7,26.7,27,26.9,26.3,27,26.6,26.4,26.7,26.6,26.4,26.4,51,54,51,52,57,61,53,56,52,59,52,60,49,53,48,57,59,55,52,52,52,53,52,50,53,49,57,54,52,54,51,59,58,53,51,56,51,54,55,49,0,0,0,0,0,0,0,0,0,0,0,0,0,0,0,0,0,0,0,0,0,0,0,0,0,0,0,0,0,0,0,0,0,0,0,0,0,0,0,0,7.8,10.7,13.5,9.4,8.3,13,14.1,12.5,10.9,13.1,11,8.2,12.9,13.3,10.6,12.3,12,13,11.7,13.3,8.8,12.7,15.3,14.6,10.2,13.4,11.4,10.7,11.1,8.7,10.3,11.7,10.6,17.4,9.4,12.5,13.5,10.9,8.9,10.4,,,,,,,,,,,,,,,,,,,,,,,,,,,,,,,,,,,,,,,,,25.5,25.9,25.9,25.8,25.3,25.3,25.5,25.2,25.3,26.1,25.2,25.1,24.7,26.4,25.5,24.6,25.8,25.9,23.8,23.8,25.5,25.6,24.4,23.6,23.8,26.2,25,25,25.5,26.1,24.1,59,48,68,46,51,65,51,53,58,60,62,53,64,56,57,57,59,59,68,56,56,60,65,68,49,61,59,71,61,60,69,0,0,0,0,0,0,0,0,0,0,0,0,0,0,0,0,0,0,0,0,0,0,0,0,0,0,0,0,0,0,0,20.2,18.4,18.6,16.3,14.3,22.1,15,16.2,19.5,23,18.7,18,25.9,20.1,11.6,16.2,20.5,18.8,25.9,19.8,19.2,24,22.7,20.3,14.9,22.5,18,26.5,22,22.7,19,21.2,20.5,19.8,16.9,17.3,23.4,15.8,15.5,20.2,25.9,18.4,19.1,24.1,20.5,13.3,16.9,21.6,19.4,24.5,18.7,20.5,25.6,22,20.5,15.8,23.4,18,27.4,23,24.8,22.3,,,,,,22.2204,114.2127
2026-10-07T17:00,27.2,26,25.9,25.8,27,26.9,26.1,27.3,26,26,26.4,26.9,26.4,26.6,26.6,26.5,27.4,26.4,25.3,26.5,25.7,26.6,26.4,26.2,25.6,26.2,26.5,25.7,25.5,26.5,26.5,26.7,25.9,26.7,26.1,26,26.3,26.2,26.2,25.8,55,57,55,54,62,64,58,60,55,61,55,62,50,57,50,62,62,59,57,56,54,56,55,53,56,52,61,57,55,57,55,62,64,56,55,60,54,56,58,54,0,0,0,0,0,0,0,0,0,0,0,0,0,0,0,0,0,0,0,0,0,0,0,0,0,0,0,0,0,0,0,0,0,0,0,0,0,0,0,0,5.6,8.4,11.5,7.5,6.9,11.1,12.1,10.5,8.9,11.5,9.6,6.9,11.1,11.7,8.4,11.5,9.8,10.7,10,11.8,7.7,10.6,13.2,13,8.1,10.9,9.5,9.1,9,7.4,8.4,10.4,9,15.3,7.5,11,12,9,7.7,8.5,,,,,,,,,,,,,,,,,,,,,,,,,,,,,,,,,,,,,,,,,25.5,25.9,25.8,25.7,25.3,25.4,25.4,25.1,25.4,26.2,25.3,25,24.6,26.4,25.4,24.6,25.8,25.8,23.8,23.7,25.6,25.7,24.5,23.6,23.7,26.2,25,25,25.4,26.3,24.4,61,48,69,46,50,65,52,54,59,60,61,53,64,58,57,58,59,60,68,58,57,62,66,68,51,62,61,73,62,60,69,0,0,0,0,0,0,0,0,0,0,0,0,0,0,0,0,0,0,0,0,0,0,0,0,0,0,0,0,0,0,0,21,18,18.8,16.4,14.7,21.2,15.3,16.6,19.8,23.2,18.4,17.4,26.5,21.4,10.2,16.4,20.1,20.5,25.9,19.9,19.2,23.7,23.2,19.9,15.5,22.1,18.5,27.1,21.6,23.2,19.3,22.3,20.5,20.5,18,18,22.7,16.6,16.2,20.9,26.6,18.4,18.7,24.8,22,12.2,17.6,21.2,21.2,24.1,19.1,20.9,25.6,22,20.9,16.6,23.8,18.7,28.4,23,25.6,22.3,,,,,,22.2204,114.2127
2026-10-07T18:00,26.7,25.6,25.3,25.5,26.2,26.6,25.6,26.9,25.5,25.9,25.9,26.5,26.2,26,26.4,25.9,26.9,25.9,24.7,26,25.3,26.2,25.8,25.7,25.2,25.9,26,25.3,25.3,26.1,25.8,26.4,25.4,26.4,25.5,25.6,25.7,25.9,25.8,24.9,59,60,58,56,68,67,64,63,59,62,58,65,51,61,52,66,65,63,61,59,57,60,59,57,60,54,66,60,58,61,59,64,69,59,59,64,57,59,60,59,0,0,0,0,0,0,0,0,0,0,0,0,0,0,0,0,0,0,0,0,0,0,0,0,0,0,0,0,0,0,0,0,0,0,0,0,0,0,0,0,4,6.3,9.1,5.8,5.8,9,9.8,8.5,6.4,10,7.7,5.7,9.4,9.7,6,10.2,7.9,8.6,8.2,9.8,6.7,8,10.8,10.9,5.7,8.5,7.6,7.5,6.5,5.6,6.4,9.2,7.6,13.3,5.8,9,10.1,6.7,5.9,6.6,,,,,,,,,,,,,,,,,,,,,,,,,,,,,,,,,,,,,,,,,25.4,25.8,25.7,25.6,25.3,25.5,25.4,25,25.4,26.4,25.3,24.9,24.5,26.2,25.4,24.7,25.8,25.8,23.8,23.7,25.6,25.8,24.4,23.6,23.5,26.2,24.8,25,25.5,26.5,24.7,64,49,71,47,50,65,53,55,60,61,61,53,64,61,58,59,59,62,69,59,57,64,68,68,53,64,64,74,62,60,70,0,0,0,0,0,0,0,0,0,0,0,0,0,0,0,0,0,0,0,0,0,0,0,0,0,0,0,0,0,0,0,22,18.2,19.5,16.9,14.9,21.1,15.9,17.6,20,23.2,18.7,16.4,26.7,22.7,10.5,16.6,19.2,21.1,25.9,20.2,18.8,23.3,23.4,20.6,15.6,21.9,20.6,27.4,20.8,22.5,19.9,23.4,20.9,21.2,18.7,18,23,17.6,17.6,21.6,27,19.1,18,25.6,23.8,12.6,18,21.2,22.7,24.8,19.4,20.9,25.6,22.7,21.6,16.6,24.1,20.9,29.2,22.7,25.2,22.7,,,,,,22.2204,114.2127
2026-10-07T19:00,26.2,25.3,24.8,25.3,25.6,26.3,25,26.5,24.9,25.7,25.3,26.2,25.9,25.5,26.3,25.3,26.4,25.4,24.1,25.6,25,25.8,25.2,25.1,24.8,25.6,25.6,24.8,25,25.7,25.2,26.2,24.9,26,24.9,25.1,25.2,25.6,25.5,24.2,62,64,62,58,73,69,69,67,63,64,62,67,53,65,54,70,67,67,65,62,59,63,62,60,63,56,70,64,61,64,64,66,73,62,62,67,60,62,63,64,0,0,0,0,0,0,0,0,0,0,0,0,0,0,0,0,0,0,0,0,0,0,0,0,0,0,0,0,0,0,0,0,0,0,0,0,0,0,0,0,2.7,4.5,7.2,4.3,4.9,7.5,8,7.1,4.8,8.7,6.4,4.5,7.6,8.2,4.2,9.7,6.2,6.9,7.2,8.1,6.1,6.1,8.6,9.3,3.8,6.5,6.3,6.3,4.8,4.4,4.8,7.9,6.3,11.5,4.7,7.8,8.8,5.4,4.6,5.4,,,,,,,,,,,,,,,,,,,,,,,,,,,,,,,,,,,,,,,,,25.3,25.6,25.5,25.4,25.2,25.7,25.3,25,25.4,26.5,25.2,24.8,24.3,25.9,25.4,24.9,25.9,25.7,23.7,23.7,25.7,25.9,24.2,23.6,23.4,26.2,24.7,25,25.6,26.5,25,67,51,73,48,50,65,55,57,61,63,61,53,65,65,59,59,59,64,69,61,56,65,70,69,56,65,67,75,62,60,70,0,0,0,0,0,0,0,0,0,0,0,0,0,0,0,0,0,0,0,0,0,0,0,0,0,0,0,0,0,0,0,22.7,18.8,20.2,17.9,15,21.5,16.9,18.4,20.7,23.5,19.4,15.7,26.7,24,12.1,16.8,18.7,21.4,26.3,20.3,18.2,23.1,23.8,21.7,15.5,21.4,22.9,27.4,20,21.6,20.7,24.1,20.9,21.6,19.8,17.3,24.1,19.4,19.1,22.3,27,20.2,16.9,26.3,25.6,14,18.4,21.2,24.1,25.9,20.2,20.5,25.6,24.1,22.7,16.6,24.1,23.4,29.9,22.3,24.1,23,,,,,,22.2204,114.2127
2026-10-07T20:00,25.8,25,24.4,25.1,25.1,26.1,24.7,26.3,24.5,25.6,24.9,25.9,25.7,25.1,26.1,24.9,26.1,25.1,23.7,25.2,24.7,25.5,24.7,24.7,24.6,25.3,25.2,24.5,24.8,25.5,24.7,26,24.5,25.8,24.5,24.8,24.8,25.3,25.3,23.6,65,66,65,60,76,71,72,69,66,65,64,69,54,68,56,73,69,69,68,65,61,65,65,62,65,58,73,66,63,66,67,68,76,64,65,69,62,64,65,68,0,0,0,0,0,0,0,0,0,0,0,0,0,0,0,0,0,0,0,0,0,0,0,0,0,0,0,0,0,0,0,0,0,0,0,0,0,0,0,0,2.3,3.2,6.2,3.8,4.5,6.6,7.1,6.2,3.8,7.9,5.6,3.9,6.4,7.4,3,9.1,5.2,5.8,6.9,7.4,5.8,4.8,7.3,8.4,3.2,5,5.4,5.5,3.6,3.6,4.1,7.4,5.8,10.2,4.4,6.8,8,4.3,4.1,5.2,,,,,,,,,,,,,,,,,,,,,,,,,,,,,,,,,,,,,,,,,25.2,25.4,25.5,25.3,25.1,25.8,25.2,25,25.4,26.5,25.2,24.6,24.3,25.7,25.4,24.9,25.9,25.6,23.7,23.8,25.7,25.9,24,23.6,23.3,26.2,24.5,25.1,25.6,26.6,25.2,69,52,74,50,52,65,56,59,62,65,62,54,65,67,61,60,60,66,70,62,56,67,71,70,58,67,69,75,62,60,71,0,0,0,0,0,0,0,0,0,0,0,0,0,0,0,0,0,0,0,0,0,0,0,0,0,0,0,0,0,0,0,23.5,18.7,20.5,18.1,15.2,22.4,17.6,19.2,21,24.1,20.2,14.8,26.7,25.4,13.2,16.9,18.5,21.5,25.9,20.3,17.6,23.1,24.5,22.9,15.5,21.3,25.2,27.4,19.8,20.9,21.6,24.8,20.9,22,20.2,16.9,25.6,20.2,20.2,23,27.7,21.2,16.2,27.4,27.4,14.8,18.7,21.6,24.8,26.6,20.5,19.8,25.9,25.6,23.4,16.6,24.1,25.9,30.2,22.3,23.8,24.1,,,,,,22.2204,114.2127
2026-10-07T21:00,25.6,24.8,24.1,25,24.8,25.9,24.5,26.1,24.2,25.5,24.5,25.7,25.5,24.8,25.9,24.6,25.9,24.9,23.4,24.9,24.5,25.2,24.5,24.5,24.5,25.2,25,24.3,24.6,25.3,24.4,25.8,24.3,25.6,24.2,24.6,24.5,25.2,25.2,23.1,67,68,68,61,78,72,73,70,69,66,66,70,55,70,58,75,70,70,70,67,62,66,67,63,67,59,74,68,65,68,69,69,77,65,67,70,64,66,67,71,0,0,0,0,0,0,0,0,0,0,0,0,0,0,0,0,0,0,0,0,0,0,0,0,0,0,0,0,0,0,0,0,0,0,0,0,0,0,0,0,2.3,2.9,5.7,3.4,4.5,6.5,7.3,6.2,3.3,7.7,5.4,3.3,5.6,7.1,2.5,8.6,5,5.5,6.6,7.2,5.5,4.6,6.6,8,3.3,4.3,5.4,5.1,3.2,3.3,3.9,7.4,5.8,9.5,4.1,6.5,7.6,4,3.8,5,,,,,,,,,,,,,,,,,,,,,,,,,,,,,,,,,,,,,,,,,25.1,25.3,25.5,25.1,24.9,25.8,25.2,25,25.4,26.5,25,24.6,24.4,25.6,25.4,24.9,25.9,25.7,23.8,23.9,25.7,25.8,24,23.7,23.3,26.1,24.5,25.1,25.7,26.6,25.3,70,52,74,53,56,65,57,61,64,67,65,55,64,67,62,61,61,67,70,62,56,69,71,70,59,69,70,74,63,61,71,0.1,0,0.1,0,0,0,0,0,0,0,0,0,0,0,0,0,0,0,0,0,0,0,0,0,0,0.1,0,0,0,0,0,23.2,18.1,19.8,17.1,15.5,24.2,17.2,18.8,21.7,26.1,20.5,13.8,27.1,26,13.3,16.3,19,21.4,25.3,19.7,16.1,24.5,25.6,22.9,14.8,20.5,26.4,27.6,20.3,20.8,23.2,25.2,20.5,22,19.8,16.9,27,19.4,19.8,23.4,29.9,22,15.5,28.4,28.8,14.8,18.4,21.6,24.8,26.6,20.2,18,27.4,27.7,23.8,16.6,23.4,27.4,30.6,22.3,24.5,26.3,,,,,,22.2204,114.2127
2026-10-07T22:00,25.4,24.6,23.7,25,24.6,25.7,24.3,25.9,23.9,25.3,24.2,25.5,25.4,24.6,25.6,24.4,25.7,24.7,23.2,24.6,24.2,25,24.3,24.3,24.5,25,24.8,24.1,24.4,25.1,24,25.7,24.1,25.4,23.9,24.4,24.1,25.1,25.1,22.6,68,70,71,62,79,73,74,71,71,66,68,70,56,72,61,76,71,70,72,69,63,67,68,63,68,60,75,70,67,69,72,70,77,66,69,70,66,68,68,74,0,0,0,0,0,0,0,0,0,0,0,0,0,0,0,0,0,0,0,0,0,0,0,0,0,0,0,0,0,0,0,0,0,0,0,0,0,0,0,0,2.6,2.8,5.2,3.3,4.2,6.6,8.1,6.5,3.4,7.6,5.6,3.3,5.5,7.4,2.6,8.7,5,5.8,6.6,7.2,5.5,5.1,6.6,8,3.2,4.4,5.8,5.1,3.2,3.3,4.1,7.7,5.8,9.4,4.1,6.7,7.2,3.7,4.4,5.2,,,,,,,,,,,,,,,,,,,,,,,,,,,,,,,,,,,,,,,,,25.1,25.2,25.6,24.9,24.6,25.7,25.1,25,25.3,26.4,24.9,24.5,24.6,25.6,25.4,24.8,25.8,25.8,24,24,25.5,25.7,24.1,23.8,23.5,26.1,24.5,25.2,25.7,26.5,25.4,71,52,73,56,60,66,57,63,65,68,69,56,63,66,63,63,63,67,70,62,56,71,71,71,60,70,71,73,64,63,71,0.1,0,0.1,0,0,0,0,0,0,0,0,0,0,0,0,0,0,0,0,0,0,0,0,0,0,0.1,0,0,0,0,0,22.9,16.9,18.7,16.3,16.6,26.3,16.3,17.7,22.1,28.8,21.3,12.6,27.8,26.7,12.9,16.1,19.7,21.6,24,18.4,14.7,26.4,27.4,23,13.8,20.1,26.8,27.4,21.5,21.7,25,25.2,19.8,21.6,19.1,16.9,28.8,18,18.7,23.8,32.4,23,15.1,29.5,29.9,14,17.3,21.6,24.5,26.3,19.8,16.2,29.5,29.9,23.8,16.6,23,28.4,31,23,25.6,28.8,,,,,,22.2204,114.2127
2026-10-07T23:00,25.3,24.5,23.4,25,24.4,25.4,24.2,25.8,23.6,25.2,23.9,25.3,25.2,24.4,25.2,24.3,25.6,24.6,23,24.3,24,24.8,24.1,24.1,24.5,24.9,24.7,24,24.2,24.9,23.7,25.5,24,25.2,23.6,24.2,23.8,25,25,22.1,69,71,73,62,80,74,74,71,74,66,69,70,57,73,64,77,71,69,73,71,63,67,70,62,69,60,74,72,68,70,74,70,76,66,70,70,68,70,69,77,0,0,0,0,0,0,0,0,0,0,0,0,0,0,0,0,0,0,0,0,0,0,0,0,0,0,0,0,0,0,0,0,0,0,0,0,0,0,0,0,3.6,3.3,5.5,3.7,4,7.1,9.2,7.4,4,7.9,6.1,3.3,5.1,8.1,3,8.7,5.6,6.7,6.6,8,5.5,5.6,6.6,8,3.4,4.7,6.1,5.1,4,3.6,4.6,8.3,6.3,9.7,4.1,6.9,7.2,4,4.7,5.3,,,,,,,,,,,,,,,,,,,,,,,,,,,,,,,,,,,,,,,,,25.1,25.1,25.7,24.8,24.4,25.6,25,25,25.2,26.3,24.8,24.5,24.7,25.6,25.3,24.7,25.8,25.9,24.2,24,25.4,25.6,24.2,23.9,23.7,26,24.4,25.2,25.6,26.4,25.4,71,52,73,59,64,66,58,64,67,70,72,57,62,65,65,64,65,68,70,62,56,72,70,71,61,71,71,72,65,64,71,0.1,0,0.1,0,0,0,0,0,0,0,0,0,0,0,0,0,0,0,0,0,0,0,0,0,0,0.1,0,0,0,0,0,23.1,16.6,18.5,16.9,17.8,28.3,15.6,17,22.8,31,22,12.6,29.2,27.4,12.9,16.2,20.7,22.4,23.4,17.6,13.6,28.4,29,22.8,14.4,20.5,27.4,27.7,23.6,22.7,26.8,25.9,19.4,22,19.4,17.6,30.2,16.9,18.4,24.1,34.9,24.1,15.5,31.3,31.3,14,17.6,22.3,24.8,26.3,19.4,14.8,31.7,32,24.1,17.3,23.4,29.5,31.7,24.5,27,31,,,,,,22.2204,114.2127
2026-10-08T00:00,25.2,24.4,23.2,24.9,24.3,25.2,24.1,25.6,23.3,25,23.6,25.2,25.1,24.3,24.9,24.2,25.6,24.5,22.8,24,23.8,24.6,24,23.9,24.5,24.8,24.5,23.9,23.9,24.7,23.4,25.4,23.8,25.1,23.4,24,23.5,25,25,21.8,69,72,76,63,80,74,73,71,76,66,70,70,58,74,66,77,71,68,74,72,63,67,71,61,69,60,73,73,70,71,75,70,74,65,71,70,70,72,70,79,0,0,0,0,0,0,0,0,0,0,0,0,0,0,0,0,0,0,0,0,0,0,0,0,0,0,0,0,0,0,0,0,0,0,0,0,0,0,0,0,4.8,3.8,5.6,4.3,4.3,8,10.4,8.2,4.7,8.5,6.6,3.7,5.1,8.4,3.8,9.1,6.7,7.4,6.5,8.4,5.4,6.4,7.1,8.3,4,5.1,6.5,5.4,4.4,4.1,5.4,9.2,6.8,10,4,7.4,6.8,4.7,5.6,5.3,,,,,,,,,,,,,,,,,,,,,,,,,,,,,,,,,,,,,,,,,25,24.7,25.6,24.6,24.3,25.4,25,24.9,25.1,26.2,24.8,24.4,24.7,25.5,25.2,24.6,25.6,25.7,24.3,24,25.3,25.5,24.1,23.9,23.9,25.8,24.4,25.1,25.3,26.2,25.4,72,51,73,62,66,66,58,65,68,71,72,58,61,64,68,66,66,69,71,62,57,72,69,71,62,72,71,72,67,66,71,0.1,0,0.1,0,0,0,0,0,0,0,0,0,0,0,0.2,0,0,0.1,0.1,0,0,0,0,0,0,0.1,0,0,0,0,0,25.4,17.1,20,19.1,19.5,29.5,14.9,17.6,23.6,32.4,23.6,14.3,31.3,28.9,13.5,18,22.4,25.1,23.6,17.5,13.8,29.7,30.7,23.1,17,23.2,28.5,28.7,26.9,24.7,28.2,28.1,19.4,23.4,21.2,19.4,31.7,16.6,18.7,25.2,36.4,25.9,16.9,33.8,33.1,14.4,19.8,24.1,27.4,26.6,19.1,14.8,33.1,33.8,24.8,19.8,25.9,30.6,32.8,28.1,29.2,32.4,,,,,,22.2204,114.2127
2026-10-08T01:00,25.1,24.3,22.9,24.9,24.2,25,24,25.5,23,24.9,23.3,25.1,24.9,24.1,24.6,24.1,25.5,24.3,22.6,23.7,23.6,24.4,23.8,23.8,24.5,24.7,24.4,23.7,23.8,24.6,23.2,25.3,23.7,24.9,23.2,23.8,23.3,24.9,24.9,21.5,69,73,77,63,80,74,72,71,77,65,71,70,59,75,68,77,70,67,74,73,63,66,71,61,70,60,72,74,71,71,76,70,72,65,72,69,71,73,71,80,0,0,0,0,0,0,0,0,0,0,0,0,0,0,0,0,0,0,0,0,0,0,0,0,0,0,0,0,0,0,0,0,0,0,0,0,0,0,0,0,6.2,4.6,6.1,4.7,4.8,8.6,11.6,8.9,5.4,8.8,7.1,3.8,5.1,9.2,4.2,10.1,7.9,8.4,6.5,8.9,5.4,7.1,7.5,8.7,4.6,5.1,7.3,5.8,4.7,4.3,6.1,10.1,7.6,10.1,4,7.6,7.2,5.4,6.4,5.2,,,,,,,,,,,,,,,,,,,,,,,,,,,,,,,,,,,,,,,,,24.8,24.3,25.6,24.5,24.3,25.2,24.9,24.9,24.9,26,24.8,24.4,24.5,25.4,25.1,24.4,25.5,25.4,24.3,24,25.2,25.3,24,23.9,24.1,25.6,24.3,25,24.9,26,25.3,73,50,73,64,67,65,59,65,69,72,71,59,60,64,71,68,67,70,72,63,57,72,68,72,62,72,72,72,70,67,71,0.1,0,0.1,0,0,0,0,0,0,0,0,0,0,0,0.2,0,0,0.1,0.1,0,0,0,0,0,0,0.1,0,0,0,0,0,28.6,18,22.8,22.5,21.7,30.6,14.3,18.4,24.6,33.5,25.3,16.9,33.6,31.1,14.3,20.2,24.3,28.9,24,18,14.5,31.6,32.5,23.5,21.1,26.9,29.8,30.1,31,27.5,29.8,31.3,19.8,25.2,24.1,21.6,33.1,16.6,19.8,26.3,37.8,27.7,18.7,37.1,34.9,15.5,22.7,26.3,31,27,19.1,15.5,34.6,35.6,25.9,23,29.9,32,33.8,33.1,32,33.8,,,,,,22.2204,114.2127
2026-10-08T02:00,25,24.2,22.8,24.9,24.2,24.9,23.9,25.4,22.9,24.7,23.1,25,24.8,23.9,24.5,24.1,25.4,24.2,22.5,23.5,23.5,24.2,23.7,23.6,24.5,24.6,24.4,23.6,23.7,24.5,23,25.1,23.5,24.7,23.1,23.7,23.1,24.9,24.9,21.3,69,73,77,63,80,74,71,70,77,65,71,70,59,75,69,77,70,66,73,73,63,66,71,60,70,60,71,74,71,71,76,70,70,65,72,68,71,73,71,80,0,0,0,0,0,0,0,0,0,0,0,0,0,0,0,0,0,0,0,0,0,0,0,0,0,0,0,0,0,0,0,0,0,0,0,0,0,0,0,0,6.6,5.1,6.6,5.4,5,8.9,12.2,9.3,5.9,9.3,7.4,3.9,5.1,9.4,4.7,10.4,8.5,8.9,6.8,9.2,5.4,7.7,7.9,9,5.4,5.4,7.3,6.1,5.2,4.6,6.6,10.6,8.2,10.4,4,8.1,7.2,6.1,6.8,5.5,,,,,,,,,,,,,,,,,,,,,,,,,,,,,,,,,,,,,,,,,24.7,24,25.5,24.3,24.2,25,24.8,24.8,24.7,25.8,24.8,24.2,24.4,25.2,24.9,24.3,25.3,25.1,24.3,23.9,25.1,25.1,23.9,23.9,24.2,25.3,24.2,24.9,24.6,25.7,25.2,73,50,73,66,68,65,59,66,70,73,71,60,59,63,74,69,67,71,73,64,58,72,67,72,63,72,72,72,71,68,70,0.1,0,0.1,0,0,0,0,0,0,0,0,0,0,0,0.2,0,0,0.1,0.1,0,0,0,0,0,0,0.1,0,0,0,0,0,31.1,18.8,24.8,25.7,23.7,30.6,14.8,20.2,25.5,34.6,27.2,19.1,35.4,32.8,15.5,22.6,25.7,31.4,25,18.4,15.3,32.8,33.6,24.1,24.5,30.4,31.2,31.2,34.2,29.2,31,33.5,20.2,26.3,26.6,23.8,33.8,16.9,21.6,27.7,39.2,29.5,19.8,39.6,36.7,16.6,25.2,27.4,33.5,27.7,19.1,16.6,35.6,37.1,26.6,26.3,33.1,33.1,34.9,36.7,33.8,34.9,,,,,,22.2204,114.2127
2026-10-08T03:00,25.5,24.5,23.5,24.7,25.2,25.2,24,25.8,23.7,24.6,23.7,25.4,24.8,23.5,25.3,24.3,25.6,24,23.2,23.9,23.7,24.6,23.4,23.3,24.3,24.4,24.9,23.7,24.4,25,24,25.2,23.4,24.5,24.1,24,23.3,24.8,25.2,23.1,64,66,60,60,73,69,66,64,63,62,64,71,53,65,59,71,66,65,60,64,60,63,63,59,67,56,64,65,64,63,66,67,61,62,65,63,61,64,65,63,0,0,0,0,0,0,0,0,0,0,0,0,0,0,0,0,0,0,0,0,0,0,0,0,0,0,0,0,0,0,0,0,0,0,0,0,0,0,0,0,3.3,6.6,8.8,4.7,4.7,9.2,10.7,7.9,6.9,10.2,7.6,4,6.5,8.9,5.3,7.1,7.4,9.3,9.4,8.4,6.1,7.3,9.9,10.2,5.6,5.4,7.4,8.4,4.4,4.7,7.1,11,10,9.6,5.4,8.7,9.7,7.6,7,7.6,,,,,,,,,,,,,,,,,,,,,,,,,,,,,,,,,,,,,,,,,24.5,23.7,25.3,24,24.1,24.7,24.5,24.6,24.6,25.5,24.5,23.9,24.2,25.1,24.8,24.1,25,24.9,24.2,23.7,24.8,24.8,23.7,23.8,23.8,25,24,24.8,24.4,25.4,25.1,73,52,73,68,69,65,60,67,71,74,72,60,58,63,75,69,66,71,74,65,59,72,65,72,65,72,73,71,71,68,69,0,0,0,0,0,0,0,0.1,0,0,0,0,0,0,0.5,0,0,0,0.1,0,0,0,0,0,0.1,0,0.1,0,0,0,0,32,19.7,25,27.7,25.3,29.8,16.6,22.7,26.3,35.9,28.6,19.6,36.9,34.2,17.7,24.4,25.1,32.2,26.5,19.4,16.1,33.5,34,25,27.6,32.6,32.1,31.7,35.3,29.3,32.3,34.6,21.2,25.9,29.2,25.6,33.1,18.4,24.5,29.2,41,31,19.8,41.4,38.2,18.7,27,27,34.2,29.5,19.8,17.3,36.4,38.2,27.7,29.5,36,34.6,35.6,38.2,34.2,36.4,,,,,,22.2204,114.2127
2026-10-08T04:00,25.4,24.3,23.4,24.6,25.1,25,23.9,25.7,23.5,24.4,23.5,25.2,24.6,23.2,25.2,24.2,25.5,23.7,23,23.6,23.5,24.4,23.2,23,24.2,24.2,24.8,23.5,24.4,24.9,23.8,25,23.2,24.2,24,23.8,23.1,24.7,25.1,23,63,65,59,60,72,68,65,63,63,62,64,71,53,65,59,70,65,64,58,63,60,62,63,58,67,55,62,65,64,63,66,67,58,62,65,62,61,63,65,62,0,0,0,0,0,0,0,0,0,0,0,0,0,0,0,0,0,0,0,0,0,0,0,0,0,0,0,0,0,0,0,0,0,0,0,0,0,0,0,0,3.8,7.1,9.5,5.2,4.8,9.9,11.3,8.1,7.6,10.5,8.1,4.3,6.5,9.4,5.5,7.1,7.7,10,10.1,8.8,6.5,8,10.2,10.5,6.4,5.8,7.9,8.8,4.8,5,7.7,11.2,10.6,9.4,5.5,8.9,9.7,8.4,7.3,8,,,,,,,,,,,,,,,,,,,,,,,,,,,,,,,,,,,,,,,,,24.3,23.6,25.1,23.6,23.8,24.5,24.2,24.5,24.4,25.2,24.2,23.5,24,24.9,24.7,23.8,24.8,24.8,24,23.4,24.6,24.6,23.6,23.6,23.3,24.6,23.8,24.7,24.3,25,24.9,72,54,73,69,69,65,61,69,73,74,73,60,57,62,76,69,65,70,74,66,59,71,62,72,68,72,73,68,69,66,68,0,0,0,0,0,0,0,0.1,0,0,0,0,0,0,0.5,0,0,0,0.1,0,0,0,0,0,0.1,0,0.1,0,0,0,0,32,20.6,23.7,29.6,26.3,28.1,19.4,25.4,27.3,37.7,29.4,18.9,37.8,34.9,20.3,25.7,23.9,31.7,28.7,20.1,17.5,34,34,26,29.6,34.8,33,32.2,35.6,28.8,33.6,34.9,22.7,24.8,31.7,27.4,31.3,20.5,28.1,30.2,43.2,32.4,19.1,42.8,39.2,21.6,28.4,25.9,33.5,31.7,20.5,18,37.1,38.9,28.8,32.8,38.5,36,36.4,38.5,33.5,37.8,,,,,,22.2204,114.2127
2026-10-08T05:00,25.3,24.2,23.2,24.5,25.1,24.8,23.8,25.6,23.3,24.2,23.2,25.1,24.5,23,25,24.1,25.4,23.5,22.9,23.4,23.3,24.2,22.9,22.8,24.1,24.1,24.7,23.3,24.3,24.8,23.6,24.8,23,23.9,23.9,23.7,22.8,24.6,25.1,22.9,63,65,59,60,71,68,64,62,62,61,64,72,53,64,60,69,65,63,57,63,59,62,62,57,68,55,61,65,64,62,66,67,56,62,65,61,61,63,64,61,0,0,0,0,0,0,0,0,0,0,0,0,0,0,0,0,0,0,0,0,0,0,0,0,0,0,0,0,0,0,0,0,0,0,0,0,0,0,0,0,4.2,7.7,9.9,5.4,4.9,10.5,12.2,8.3,8.1,11.1,8.4,4.3,6.5,9.7,6,7.1,7.9,10.7,10.4,8.8,6.5,8.2,10.9,10.9,6.9,5.8,8.4,9.2,4.8,5,8.2,11.8,11.3,9.6,6,9.4,10.1,9,7.6,8.3,,,,,,,,,,,,,,,,,,,,,,,,,,,,,,,,,,,,,,,,,24.2,23.4,25,23.3,23.7,24.3,23.9,24.3,24.3,24.9,24,23.2,23.9,24.7,24.6,23.7,24.6,24.6,23.8,23.2,24.3,24.4,23.4,23.5,22.9,24.4,23.6,24.6,24.2,24.8,24.8,71,56,72,69,68,64,62,70,73,74,74,59,56,61,76,68,63,69,74,67,60,70,60,72,70,72,73,66,68,65,66,0,0,0,0,0,0,0,0.1,0,0,0,0,0,0,0.5,0,0,0,0.1,0,0,0,0,0,0.1,0,0.1,0,0,0,0,32.1,21.2,22.5,31.1,27.1,26.3,21.2,27.7,28.3,38.5,30.1,18.4,37.9,35.8,21.8,26.2,22.5,30.4,29.9,20.6,18.5,34.3,34.3,26.2,31.4,35.6,33.5,32.7,35.3,27.7,34.4,34.9,23.8,23.8,33.8,28.4,29.5,22.3,31,31.3,44.6,33.1,18.4,43.2,40,23,29.2,24.5,32,33.1,20.9,19.1,37.8,39.2,28.8,34.9,40,37.1,37.1,38.5,32.8,39.2,,,,,,22.2204,114.2127
2026-10-08T06:00,25.2,24.1,23.1,24.4,25.1,24.6,23.7,25.5,23.1,24.1,23.1,25,24.4,22.8,24.8,24,25.3,23.4,22.9,23.2,23.2,24.1,22.8,22.6,24.1,24,24.6,23.2,24.2,24.7,23.5,24.7,22.8,23.7,23.8,23.6,22.7,24.5,25,22.8,63,65,58,60,71,67,63,62,62,60,64,72,53,64,60,69,64,63,56,63,59,61,62,57,68,54,59,65,64,62,66,66,54,62,65,61,60,63,64,61,0,0,0,0,0,0,0,0,0,0,0,0,0,0,0,0,0,0,0,0,0,0,0,0,0,0,0,0,0,0,0,0,0,0,0,0,0,0,0,0,4.3,7.9,10.2,5.5,5,10.8,12.8,8.8,8.6,11.3,8.8,4.3,6.5,10,6.5,7.4,8.4,11.2,10.4,9.1,6.5,8.6,11,10.9,7.1,5.8,9,9.2,4.9,5,8.4,12,11.8,9.5,6.1,9.4,10.1,9.2,8.1,8.3,,,,,,,,,,,,,,,,,,,,,,,,,,,,,,,,,,,,,,,,,24.1,23.3,24.9,23.3,23.6,24.1,23.7,24.2,24.2,24.8,23.8,22.9,23.9,24.5,24.5,23.6,24.4,24.5,23.7,23.1,24.1,24.3,23.4,23.4,22.7,24.2,23.4,24.4,24,24.6,24.8,70,57,71,68,66,63,63,70,72,72,73,58,56,59,75,68,61,68,73,67,61,68,59,71,69,71,72,63,67,63,63,0,0,0,0,0,0,0,0,0,0,0,0,0,0,0,0,0,0,0,0,0,0,0,0,0,0,0,0,0,0,0,32.1,21.7,21.5,32.2,26.9,24.7,21.9,28.5,28.9,38.6,29.9,18,36.6,35.9,21.7,25.9,21.2,27.6,29.3,20.1,19.5,34.8,34.9,25.4,32.1,35.4,33.2,32.7,34.6,26.1,35.2,34.9,24.5,22.3,35.6,29.2,27.7,24.1,32,32,44.6,33.1,17.6,41.4,40.7,22.7,28.4,23,28.8,32.8,20.2,20.5,38.5,40,27.7,35.6,39.6,37.1,37.4,38.5,31.3,40.7,,,,,,22.2204,114.2127
2026-10-08T07:00,25.2,24.1,23,24.4,25,24.5,23.6,25.4,23,24,23,25,24.3,22.7,24.8,24,25.3,23.3,22.9,23.1,23.1,24,22.7,22.6,24,23.9,24.6,23.2,24.2,24.7,23.4,24.6,22.7,23.5,23.8,23.5,22.6,24.5,25,22.8,63,65,58,60,70,67,62,61,62,60,64,72,53,64,61,69,64,62,56,63,59,61,62,57,68,54,58,65,64,62,66,66,53,62,65,60,61,63,64,61,0,0,0,0,0,0,0,0,0,0,0,0,0,0,0,0,0,0,0,0,0,0,0,0,0,0,0,0,0,0,0,0,0,0,0,0,0,0,0,0,4.8,8.1,10.6,5.6,5.2,11.4,13.3,8.8,8.6,11.6,8.8,4,6.1,10.3,6.5,7.7,8.7,11.2,10.8,9.1,6.5,8.9,11.4,10.9,7.7,5.8,9.3,9.3,4.9,5.2,8.7,12.5,12.3,9.5,6,9.7,10.1,9.6,7.9,8.3,,,,,,,,,,,,,,,,,,,,,,,,,,,,,,,,,,,,,,,,,24,23.1,24.8,23.4,23.5,23.9,23.6,24.1,24.3,24.7,23.8,22.8,23.8,24.3,24.5,23.5,24.2,24.3,23.7,23,23.9,24.2,23.3,23.4,22.6,24.2,23.4,24.2,23.8,24.5,24.9,68,57,71,67,64,61,65,69,71,70,72,58,56,56,73,68,59,68,72,66,62,65,58,69,67,69,71,60,66,61,60,0,0,0,0,0,0,0,0,0,0,0,0,0,0,0,0,0,0,0,0,0,0,0,0,0,0,0,0,0,0,0,31.6,21.9,20,33.2,26,22.8,21.5,29,29.3,37.7,29.5,17.5,34.6,35.9,20.7,24.6,19.3,23.8,28.1,19.4,20.1,34.8,35.2,24,32.4,34,32.3,32.9,33.6,24.2,36.1,34.6,25.2,20.9,37.1,29.2,25.9,25.6,32,32,43.9,32.4,16.9,38.5,40.7,21.2,27,21.2,24.8,31.7,19.1,22,38.9,40.3,25.6,35.3,38.5,36.7,37.4,37.8,29.5,42.1,,,,,,22.2204,114.2127
2026-10-08T08:00,25.1,24.1,23,24.4,25,24.5,23.6,25.4,23,24,23,25,24.4,22.7,24.7,24,25.3,23.3,22.9,23.1,23.1,24,22.6,22.6,24,23.9,24.6,23.2,24.2,24.7,23.4,24.5,22.7,23.4,23.8,23.6,22.6,24.5,25,22.8,63,65,58,60,70,67,62,61,62,60,64,72,53,64,61,69,64,62,56,63,59,61,62,57,68,54,58,65,64,62,66,66,52,62,65,60,61,63,64,61,0,0,0,0,0,0,0,0,0,0,0,0,0,0,0,0,0,0,0,0,0,0,0,0,0,0,0,0,0,0,0,0,0,0,0,0,0,0,0,0,4.8,8.4,10.7,5.8,5.2,11.4,13.3,8.8,8.8,11.8,8.8,4,6.1,10.3,6.7,7.7,8.7,11.3,10.4,8.9,6.5,9,11.4,11,7.7,5.8,9.3,9.3,5,5.2,8.9,12.5,12.3,9.4,6.2,9.8,10.1,9.8,8.2,8.3,,,,,,,,,,,,,,,,,,,,,,,,,,,,,,,,,,,,,,,,,24,23.1,24.9,23.5,23.6,23.9,23.6,24.1,24.3,24.8,23.8,22.8,23.9,24.2,24.5,23.5,24.2,24.3,23.7,23,23.9,24.3,23.3,23.5,22.7,24.2,23.4,24.1,23.7,24.5,24.9,66,57,69,65,62,59,65,68,69,68,70,57,56,54,71,67,57,67,71,65,62,63,57,67,65,68,69,58,65,59,58,0,0,0,0,0,0,0,0,0,0,0,0,0,0,0,0,0,0,0,0,0,0,0,0,0,0,0,0,0,0,0,30.8,21.6,18.9,33.4,25,22.1,21.3,29,29,37.2,28.5,16.5,33,35.4,19.6,23.3,18.1,21,27.4,18.4,20.6,34.8,35.7,22.2,30.9,32.5,31.4,32.9,32.2,22.6,36.4,33.5,25.2,19.4,37.4,28.4,24.8,25.9,32,31.7,43.2,31.3,16.2,36.4,40.3,19.8,25.2,20.2,21.6,31,18.4,23,39.2,40.3,23.4,33.5,36.4,35.6,37.4,36.4,28.4,42.5,,,,,,22.2204,114.2127
2026-10-08T09:00,25.1,24.1,23.1,24.5,25,24.5,23.7,25.4,23,24.1,23.1,25,24.5,22.8,24.8,24,25.3,23.4,23.1,23.1,23.2,24.1,22.7,22.7,24,24,24.6,23.2,24.2,24.8,23.5,24.5,22.7,23.4,23.8,23.7,22.7,24.6,25,22.9,63,65,59,60,70,67,62,61,63,60,64,72,53,64,61,69,64,62,57,63,59,61,62,57,68,54,58,65,64,62,66,66,52,63,65,60,62,63,64,62,0,0,0,0,0,0,0,0,0,0,0,0,0,0,0,0,0,0,0,0,0,0,0,0,0,0,0,0,0,0,0,0,0,0,0,0,0,0,0,0,4.8,8.4,10.4,5.7,5.2,11.4,13.2,8.8,8.5,12,8.6,3.6,5.8,10.3,6.6,7.7,8.8,11,10.1,8.7,6.5,8.8,11.5,10.7,7.4,5.8,9.2,9.1,4.8,5.1,8.9,12.5,12.1,9.1,5.9,10,9.7,9.7,8,7.9,,,,,,,,,,,,,,,,,,,,,,,,,,,,,,,,,,,,,,,,,24.1,23.4,25.1,23.6,23.7,24.1,23.7,24.1,24.4,24.9,24.1,23.1,24,24.2,24.8,23.7,24.4,24.5,23.8,23.3,24.2,24.4,23.3,23.8,22.8,24.3,23.5,24.1,23.8,24.8,25,65,56,66,64,60,57,64,66,67,66,67,56,55,53,68,66,55,65,69,63,61,62,56,65,63,67,67,56,64,57,56,0,0,0,0,0,0,0,0,0,0,0,0,0,0,0,0,0,0,0,0,0,0,0,0,0,0,0,0,0,0,0,28.8,21,18.3,32.2,23.8,22.1,21.1,29.5,28.4,36.7,27.5,15.2,32.4,34.6,18.8,22.4,17.4,20.2,27.2,17.7,20.9,34.6,35.8,20.4,27.6,30.5,30.2,33.3,29.9,22,36,31.3,24.1,18.7,35.6,27,25.6,24.8,32,29.9,42.5,30.2,14.8,35.6,38.9,18.7,23,20.2,20.5,31,18,23,38.9,39.6,21.2,29.9,33.5,33.8,37.4,33.1,28.4,41.4,,,,,,22.2204,114.2127
2026-10-08T10:00,25.1,24.2,23.3,24.6,25,24.6,23.8,25.4,23,24.3,23.2,25.2,24.7,23,24.8,24.1,25.4,23.6,23.3,23.3,23.3,24.2,22.8,23,24.1,24.2,24.7,23.4,24.2,24.9,23.6,24.5,22.8,23.4,23.9,23.9,22.9,24.7,25.1,23.1,64,66,59,61,70,67,63,62,63,60,65,72,54,65,62,70,65,62,58,64,59,62,63,58,68,55,59,66,64,63,67,66,53,64,66,61,63,64,64,63,0,0,0,0,0,0,0,0,0,0,0,0,0,0,0,0,0,0,0,0,0,0,0,0,0,0,0,0,0,0,0,0,0,0,0,0,0,0,0,0,5,8.5,10.1,5.9,5,10.8,13.1,8.6,8.2,11.9,8,3.3,5.5,10.3,6.4,7.1,8.9,10.5,9.1,8.4,6.2,8.6,11.3,10.5,7.1,5.4,8.9,8.7,4.7,4.8,8.7,12.3,11.6,9.1,5.9,10,9.4,9.4,8.2,7.2,,,,,,,,,,,,,,,,,,,,,,,,,,,,,,,,,,,,,,,,,24.2,23.8,25.5,23.7,24,24.5,24,24.3,24.6,25.2,24.5,23.6,24.1,24.4,25.2,23.9,24.9,24.9,24,23.7,24.6,24.6,23.3,24.2,23,24.6,23.8,24.3,24,25.3,25.1,63,54,63,62,59,55,62,65,64,65,64,54,54,52,65,64,53,63,66,60,59,60,56,62,60,65,66,55,62,56,55,0,0,0,0,0,0,0,0,0,0,0,0,0,0,0,0,0,0,0,0,0,0,0,0,0,0,0,0,0,0,0,26.9,19.7,17.6,29.9,22.2,22.7,20.5,29.5,26.8,36.2,26.1,13.1,31.9,33.6,18.1,21.2,17.1,20,27.7,16.4,20.8,34.5,35.5,18.4,23.2,27.6,28.3,33.9,27.6,22.4,35.5,28.4,22.3,18,32.4,25.2,27.4,22.7,31.7,27.4,41.8,28.8,13.3,35.3,36.4,17.6,20.9,20.5,20.2,31.7,17.6,22.7,38.5,38.5,19.1,24.8,29.9,31.3,37.4,29.2,29.5,39.6,,,,,,22.2204,114.2127
2026-10-08T11:00,25.2,24.3,23.5,24.7,25,24.7,24,25.5,23.1,24.5,23.5,25.3,24.9,23.3,24.9,24.2,25.5,23.9,23.5,23.5,23.5,24.4,23,23.3,24.1,24.4,24.8,23.6,24.3,25,23.8,24.6,22.9,23.4,23.9,24.1,23.2,24.8,25.1,23.3,64,67,61,61,70,68,64,62,64,60,65,71,55,66,62,71,66,63,60,64,60,62,63,59,69,55,60,67,64,64,68,66,55,65,67,61,64,64,64,64,0,0,0,0,0,0,0,0,0,0,0,0,0,0,0,0,0,0,0,0,0,0,0,0,0,0,0,0,0,0,0,0,0,0,0,0,0,0,0,0,4.9,8.4,9.9,5.6,4.9,10,12.5,8.7,7.6,11.8,7.6,2.5,5.2,10,6.1,6.6,8.9,10.1,8.4,8.2,6.2,8.2,11.2,9.9,6.6,5.4,8.7,8.1,4.8,4.8,8.3,12,11.4,8.4,5.4,9.9,8.7,9.2,8,6.6,,,,,,,,,,,,,,,,,,,,,,,,,,,,,,,,,,,,,,,,,24.4,24.2,25.8,23.8,24.3,24.8,24.2,24.4,24.7,25.4,24.9,24,24.2,24.5,25.5,24.1,25.3,25.1,24.1,24.1,24.9,24.8,23.4,24.5,23.4,24.8,24,24.4,24.3,25.6,25.2,62,53,60,61,57,54,61,63,62,64,62,53,53,52,63,62,51,62,64,57,57,60,56,60,58,64,64,55,61,56,55,0,0,0,0,0,0,0,0,0,0,0,0,0,0,0,0,0,0,0,0,0,0,0,0,0,0,0,0,0,0,0,25.1,18.6,17.1,27.9,20.6,23.2,20,29.6,24.8,35.6,25,12,31.4,32.4,17.1,20.3,16.9,20.2,27.9,16.1,20.8,34.1,34.5,16.7,19.9,25.7,27.1,34.3,26,23.6,34.6,26.3,20.9,17.6,29.5,23,28.8,20.9,31,24.8,40.7,27.7,12.2,34.9,33.8,16.9,19.1,20.9,20.5,31.3,17.6,22,37.8,36.7,17.3,21.2,27,29.5,37.4,26.6,30.6,38.2,,,,,,22.2204,114.2127
2026-10-08T12:00,25.2,24.4,23.7,24.9,25,24.9,24.2,25.6,23.3,24.7,23.8,25.5,25.2,23.7,25.1,24.3,25.6,24.2,23.8,23.7,23.8,24.7,23.3,23.7,24.1,24.7,24.9,23.8,24.4,25.2,24,24.6,23,23.5,24,24.4,23.5,25,25.2,23.6,65,68,62,62,70,68,65,63,66,61,66,71,55,67,63,72,66,63,62,65,60,63,64,60,69,56,61,67,64,65,69,66,56,66,68,62,65,65,65,66,0,0,0,0,0,0,0,0,0,0,0,0,0,0,0,0,0,0,0,0,0,0,0,0,0,0,0,0,0,0,0,0,0,0,0,0,0,0,0,0,4.7,8,9.5,6,4.8,9.4,12,8.4,7.2,12,7.2,2.3,5,9.7,5.9,6.1,8.9,9.6,7.1,7.9,5.9,7.7,10.6,9.5,6,5.2,8.5,7.9,4.6,4.7,8,11.5,10.6,8,4.9,10,8,8.8,7.8,5.7,,,,,,,,,,,,,,,,,,,,,,,,,,,,,,,,,,,,,,,,,24.7,24.5,25.9,23.9,24.8,25,24.2,24.6,24.9,25.6,25,24.3,24.4,24.5,25.6,24.3,25.5,25.2,24.3,24.4,25.2,24.9,23.6,24.9,23.9,25,24.2,24.5,24.4,25.8,25.3,61,52,59,60,55,56,60,62,61,63,61,52,52,52,62,60,51,62,62,55,55,60,56,58,56,63,62,56,61,58,55,0,0,0,0,0,0,0,0,0,0,0,0,0,0,0,0,0,0,0,0,0,0,0,0,0,0,0,0,0,0,0,24.3,17.8,16.3,25.9,18.8,24,18.8,28.4,21.9,34.6,24.5,11.8,30.6,30.2,16.3,19,17.1,20.5,26.9,16.3,20,33.3,32.1,16.1,18.2,24.8,25.9,34.7,25.9,25.4,33.8,25.2,19.8,17.3,26.6,20.9,29.5,19.1,29.5,22.3,39.2,26.3,12.2,34.2,31.3,16.9,17.6,20.9,21.2,29.9,18.4,21.2,36.7,33.8,16.6,19.4,25.9,28.4,37.1,26.6,32.4,37.1,,,,,,22.2204,114.2127
2026-10-08T13:00,25.2,24.5,24,25.1,25,25.1,24.5,25.7,23.4,25,24.1,25.7,25.5,24.1,25.2,24.4,25.8,24.6,24.1,24,24,25,23.5,24.1,24.2,25,25.1,24,24.5,25.3,24.2,24.7,23.2,23.6,24.1,24.8,23.9,25.2,25.3,23.8,66,69,64,63,70,69,66,64,67,61,67,71,56,68,63,73,67,64,64,66,60,63,65,61,69,56,62,68,65,66,70,66,59,67,69,63,66,66,65,68,0,0,0,0,0,0,0,0,0,0,0,0,0,0,0,0,0,0,0,0,0,0,0,0,0,0,0,0,0,0,0,0,0,0,0,0,0,0,0,0,5.1,8.1,8.7,6,4.7,8.7,11.8,8.2,6.6,12,6.9,1.8,5,9.3,5.7,5.5,9,9.2,6.3,8.1,6,7.9,10.6,9.2,5.6,4.9,8.2,7.4,4.8,4.8,8,10.9,9.7,7.6,4.5,10.2,7.4,8.5,7.6,5,,,,,,,,,,,,,,,,,,,,,,,,,,,,,,,,,,,,,,,,,24.9,24.7,26,24.1,25.3,25.2,24.2,24.8,25,25.8,25.1,24.6,24.5,24.5,25.7,24.5,25.8,25.2,24.6,24.7,25.5,25,23.8,25.1,24.5,25.1,24.3,24.5,24.6,25.8,25.3,60,52,58,59,52,59,59,61,60,63,60,51,52,53,63,58,51,62,61,53,53,61,57,56,54,63,61,57,61,62,56,0,0,0,0,0,0,0,0,0,0,0,0,0,0,0,0,0,0,0,0,0,0,0,0,0,0,0,0,0,0,0,23.8,17.7,15.8,24,17.3,25.2,17.1,26.8,18.5,33.2,24.3,11.9,30.2,27.3,16.4,17.4,17.9,21.4,25.6,17.3,18.8,32.8,29.1,16.1,17.6,24.7,25.8,35.2,27.1,28.1,33,24.5,19.1,16.9,24.1,18.7,30.2,17.6,28.1,19.4,37.8,25.2,12.6,33.5,28.4,16.9,16.6,21.2,22.3,28.1,19.1,20.5,35.3,29.9,16.6,19.1,25.6,27.7,36.7,28.1,34.6,36,,,,,,22.2204,114.2127
2026-10-08T14:00,25.3,24.6,24.2,25.3,25,25.3,24.7,25.8,23.5,25.3,24.4,25.9,25.8,24.5,25.4,24.6,25.9,25,24.5,24.3,24.3,25.2,23.8,24.6,24.2,25.3,25.2,24.3,24.6,25.5,24.4,24.8,23.4,23.7,24.2,25.1,24.3,25.4,25.3,24.1,66,69,66,63,70,69,67,65,69,62,67,70,57,69,64,74,68,65,66,67,61,64,66,62,69,57,63,69,65,68,71,66,61,69,70,65,68,67,65,70,0,0,0,0,0,0,0,0,0,0,0,0,0,0,0,0,0,0,0,0,0,0,0,0,0,0,0,0,0,0,0,0,0,0,0,0,0,0,0,0,5.1,8.1,8.5,6.4,4.7,8.2,11.5,8,6.2,12.1,6.5,1.6,4.6,9.1,5.6,5.4,9.1,8.7,5.2,8.2,5.8,7.8,10.2,8.5,5.2,4.8,8.1,7.7,5.4,4.9,8,10.4,9.1,7,4.2,10.5,6.8,8.4,7.6,4.6,,,,,,,,,,,,,,,,,,,,,,,,,,,,,,,,,,,,,,,,,25.1,24.9,26.1,24.3,25.6,25.5,24.2,24.9,25.2,25.9,25.1,24.8,24.6,24.5,25.7,24.7,25.9,25.2,24.8,24.9,25.7,25.1,24,25.3,24.9,25.2,24.5,24.6,24.7,25.9,25.3,60,52,58,58,51,61,59,60,59,63,60,51,52,53,63,57,51,62,60,52,52,62,58,56,53,63,60,59,61,65,57,0,0,0,0,0,0,0,0,0,0,0,0,0,0,0,0,0,0,0,0,0,0,0,0,0,0,0,0,0,0,0,24.3,17.7,15.5,22.9,15.9,26.1,16.4,25.5,15.9,32,24.3,12.5,29.4,24.5,17.2,16.5,19,22.7,24.4,18.7,18.3,31.9,26.7,16.5,17.5,25,26.6,34.9,28.1,30.3,32.1,24.8,18.7,16.9,22.7,17.3,30.6,16.9,27,17.3,36.4,24.5,13,32.8,25.6,17.6,15.8,21.2,23.8,26.3,20.2,20.2,34.2,27.4,16.9,18.7,25.9,27.7,36.4,29.5,36.4,35.3,,,,,,22.2204,114.2127
2026-10-08T15:00,25.3,24.8,24.5,25.5,25,25.5,24.9,25.9,23.7,25.6,24.8,26.1,26.2,25,25.6,24.7,26.1,25.4,24.8,24.6,24.6,25.5,24.1,25.1,24.3,25.7,25.4,24.5,24.7,25.7,24.6,24.9,23.6,23.8,24.3,25.5,24.7,25.6,25.4,24.4,67,70,67,64,71,70,68,66,70,62,68,70,58,70,64,75,69,65,69,67,61,65,67,64,69,58,65,70,65,69,72,66,63,70,71,66,69,67,65,72,0,0,0,0,0,0,0,0,0,0,0,0,0,0,0,0,0,0,0,0,0,0,0,0,0,0,0,0,0,0,0,0,0,0,0,0,0,0,0,0,5.2,8.4,8.4,6.6,4.7,7.2,11.1,7.9,5.9,12.2,6.6,1.8,4.8,8.8,5.4,5.1,9,8.6,4.3,9,5.5,7.9,10,8.4,5.1,4.7,8.1,8,5.9,5.4,7.9,9.9,8.5,6.7,4,10.6,6.3,8.5,7.2,4.5,,,,,,,,,,,,,,,,,,,,,,,,,,,,,,,,,,,,,,,,,25.2,25,26.3,24.3,25.8,25.7,24.2,25,25.3,26,25.1,24.8,24.7,24.7,25.7,24.7,26,25.2,24.9,25,26,25.2,24.1,25.1,25,25.3,24.6,24.6,24.7,26.3,25.4,60,52,58,58,51,62,59,60,59,64,61,51,53,53,63,56,51,63,59,52,51,63,59,58,53,63,60,60,61,67,58,0,0,0,0,0,0,0,0,0,0,0,0,0,0,0,0,0,0,0,0,0,0,0,0,0,0,0,0,0,0,0,25.5,17.9,15.7,23.3,15.5,26.4,17.6,25.2,14.8,31.5,24.7,12.7,28.8,21.4,18.1,15.9,19.3,24.1,23.6,19.9,18.3,31,25.9,17.5,17.4,25.4,27.4,34.5,29,31.9,30.9,25.9,19.4,17.3,22.7,16.9,30.6,17.6,26.6,15.8,35.6,24.8,13.7,32,22.3,18.7,15.8,21.2,25.2,25.2,21.2,20.2,33.5,26.6,17.6,18.7,26.3,28.4,36,30.6,37.8,34.6,,,,,,22.2204,114.2127
2026-10-08T16:00,25.4,24.9,24.8,25.6,25,25.7,25.2,26,23.9,25.9,25.1,26.3,26.5,25.4,25.7,24.9,26.2,25.7,25.1,24.9,24.9,25.8,24.4,25.5,24.3,26,25.5,24.8,24.8,25.9,24.9,24.9,23.8,23.9,24.4,25.8,25.1,25.8,25.4,24.7,68,71,69,65,71,71,69,67,71,63,69,70,59,71,65,76,70,66,71,68,61,65,68,65,69,59,66,71,65,70,73,66,66,72,72,67,71,68,66,74,0,0,0,0,0,0,0,0,0,0,0,0,0,0,0,0,0,0,0,0,0,0,0,0,0,0,0,0,0,0,0,0,0,0,0,0,0,0,0,0,5.2,8.3,8.2,7.2,4.8,6.6,11.4,8,5.8,12.4,6.6,1.8,5.2,8.2,5.2,5.4,9.4,8.7,4.3,9.5,5.6,8.3,10.2,8.2,5.1,4.9,8.3,8.4,6.1,5.8,8.3,9.4,7.6,6,4,11,5.8,8.7,7.2,4.5,,,,,,,,,,,,,,,,,,,,,,,,,,,,,,,,,,,,,,,,,25.2,24.9,26.4,24.3,25.8,26,24.2,25.1,25.4,26.1,25,24.7,24.7,24.8,25.7,24.6,26,25.2,25.1,25,26.2,25.3,24.1,24.8,24.9,25.3,24.6,24.7,24.7,26.7,25.4,61,53,58,58,52,63,59,60,59,64,63,52,54,53,64,55,51,64,59,53,50,64,60,61,54,63,60,62,61,68,59,0,0,0,0,0,0,0,0,0,0,0,0,0,0,0,0,0,0,0,0,0,0,0,0,0,0,0,0,0,0,0,27.2,18.6,16.2,24.4,15.7,26.2,19.9,25.8,14.5,31.5,25.7,13.3,28.4,18.6,19.5,16.3,19.5,25.6,23.2,21,18.8,30.4,26.1,19.2,17.8,25.5,28.8,33.2,29.6,33,29.8,28.1,20.5,18.4,23.8,17.3,29.9,19.4,26.6,14.8,34.9,26.3,14.4,31.7,19.4,20.2,16.6,21.2,26.6,24.5,22.3,20.5,33.1,26.6,19.1,19.1,27.4,29.5,36,32,38.9,34.2,,,,,,22.2204,114.2127
2026-10-08T17:00,25.4,25,25,25.8,25,25.9,25.4,26.1,24,26.1,25.4,26.5,26.8,25.8,25.9,25,26.4,26,25.4,25.2,25.1,26,24.7,25.9,24.4,26.3,25.6,25,24.9,26,25.1,25,23.9,24.1,24.6,26.1,25.5,26,25.5,24.9,69,72,70,65,71,71,70,68,73,63,69,69,59,72,65,77,71,67,73,69,62,66,69,66,69,59,68,71,65,71,74,66,68,73,72,68,72,69,66,76,0,0,0,0,0,0,0,0,0,0,0,0,0,0,0,0,0,0,0,0,0,0,0,0,0,0,0,0,0,0,0,0,0,0,0,0,0,0,0,0,5.4,8.6,8.3,7.6,5,6.3,11.4,8,5.8,12.9,6.9,2.4,5.3,7.9,5.1,5.6,9.7,9.1,4.4,10.1,5.5,8.8,9.9,8.3,5.2,4.8,8.6,9,6.8,6.1,8.8,8.9,7.2,5.8,4,11.4,5.7,8.6,7.3,5.1,,,,,,,,,,,,,,,,,,,,,,,,,,,,,,,,,,,,,,,,,25.2,24.9,26.5,24.2,25.8,26.2,24.1,25.1,25.4,26.1,25,24.6,24.8,25,25.6,24.5,26,25.3,25.1,25,26.3,25.4,24.1,24.6,24.8,25.4,24.6,24.7,24.7,27,25.3,62,54,59,58,53,64,59,60,59,66,65,53,56,53,65,55,52,65,60,54,50,65,61,63,55,64,61,63,62,69,60,0,0,0,0,0,0,0,0,0,0,0,0,0,0,0,0,0,0,0,0,0,0,0,0,0,0,0,0,0,0,0,28.2,19.1,17.1,25.7,16.5,25.6,21.6,27.1,15.1,31.4,26.3,13.8,28.1,16.4,20.6,16.9,19.9,26.8,23.3,21.9,19,30,26.8,21.2,18.1,26.1,29.9,32.4,30.5,34,29.6,29.5,21.6,19.4,25.2,18,29.5,20.5,27.7,14.8,34.9,27.4,15.1,31,16.9,21.6,17.6,21.6,28.1,24.5,23,20.9,33.1,27.4,20.9,19.4,28.1,31,35.6,33.5,40,34.2,,,,,,22.2204,114.2127
2026-10-08T18:00,25.4,25.1,25.2,25.9,25,26,25.6,26.2,24.1,26.4,25.6,26.6,27,26.1,26,25.1,26.5,26.3,25.6,25.4,25.3,26.2,24.9,26.2,24.4,26.5,25.7,25.2,24.9,26.2,25.2,25.1,24.1,24.2,24.6,26.3,25.8,26.1,25.5,25.2,69,72,72,66,72,71,71,69,74,63,70,69,60,73,66,78,72,67,75,69,62,66,69,67,69,60,69,72,65,72,75,66,70,74,73,69,73,69,66,77,0,0,0,0,0,0,0,0,0,0,0,0,0,0,0,0,0,0,0,0,0,0,0,0,0,0,0,0,0,0,0,0,0,0,0,0,0,0,0,0,5.8,8.7,8.2,8,5,6,11.3,8,5.9,12.9,7.2,2.9,5.5,8,5.4,6.2,10.1,9.2,4.7,10.8,5.5,9.4,10,8.2,5.5,5.1,9,9.4,7.2,6.5,8.8,8.5,6.8,5.5,4.1,11.4,5.4,9,7.4,5.4,,,,,,,,,,,,,,,,,,,,,,,,,,,,,,,,,,,,,,,,,25.2,25,26.5,24,25.7,26.5,24,25,25.3,26,25,24.6,24.9,25,25.6,24.3,26,25.3,25.1,25,26.3,25.5,24.1,24.4,24.8,25.4,24.5,24.7,24.8,27.1,25.2,64,55,60,59,55,65,59,61,60,69,67,53,58,54,66,57,54,66,62,56,51,67,63,64,56,66,63,65,63,70,63,0,0,0,0,0,0,0,0,0,0,0,0,0,0,0,0,0,0,0,0,0,0,0,0,0,0,0,0,0,0,0,28.4,20.2,18.4,27.1,17.8,25.1,21.6,28.8,16.6,31.2,26.7,14.2,27.6,15.5,21.6,18.4,20.7,27.5,23.6,22.3,18.9,30.2,26.9,23.4,19,26.3,31.2,31.5,31.2,35.3,30.3,30.2,22.3,20.9,27.4,19.4,28.8,20.5,30.2,15.8,35.3,28.4,15.1,30.2,15.8,23,18.7,22.3,29.2,25.2,23.8,20.9,33.5,28.4,23.8,20.2,28.8,33.1,35.3,34.6,40.7,34.9,,,,,,22.2204,114.2127
2026-10-08T19:00,25.5,25.2,25.4,26,25,26.1,25.7,26.3,24.2,26.5,25.8,26.7,27.2,26.3,26.1,25.2,26.5,26.5,25.8,25.6,25.4,26.4,25.1,26.5,24.5,26.7,25.8,25.3,25,26.3,25.4,25.1,24.2,24.3,24.7,26.5,26,26.2,25.6,25.3,70,73,72,66,72,72,72,70,74,64,71,69,61,74,66,79,73,68,76,70,63,67,70,68,69,61,70,73,65,73,76,66,72,75,74,70,74,70,67,78,0,0,0,0,0,0,0,0,0,0,0,0,0,0,0,0,0,0,0,0,0,0,0,0,0,0,0,0,0,0,0,0,0,0,0,0,0,0,0,0,6,8.8,8.4,8.4,5.2,5.5,11.6,7.9,5.7,13.1,7.2,3.1,5.7,7.9,5.4,6.3,10.2,9.5,4.7,11.2,5.4,9.7,10,8.4,5.6,5.1,9.4,9.7,7.6,6.6,9,8.3,6.5,5.3,4.2,11.8,5.4,9.4,7.9,5.8,,,,,,,,,,,,,,,,,,,,,,,,,,,,,,,,,,,,,,,,,25.2,25.2,26.4,23.9,25.7,26.7,23.9,24.9,25.2,25.8,25,24.6,24.9,25,25.5,24.1,25.9,25.4,25,25,26.2,25.5,24.1,24.3,24.7,25.4,24.4,24.7,24.8,27.1,24.9,65,57,61,60,57,65,60,63,62,72,69,53,60,55,68,60,57,67,64,58,53,69,65,65,57,68,67,67,64,71,66,0,0,0,0,0,0,0,0,0,0,0,0,0,0,0,0,0,0,0,0,0,0,0,0,0,0,0,0,0,0,0,28,21.4,19.9,28.8,19.6,24.6,20.5,31,18.4,31.1,27.1,14.4,27.6,15.1,22.4,20.5,21.9,27.6,24.3,22.4,18.7,30.5,27.2,25.9,20.4,26.6,32.6,30.3,31.8,36.3,31.3,30.6,23,22.7,29.9,20.9,28.1,19.8,34.2,17.6,36.4,29.5,14.8,29.5,15.5,24.1,20.2,23,29.9,26.3,24.5,20.5,34.6,29.9,27,21.2,29.5,36,34.6,36,41.4,36,,,,,,22.2204,114.2127
2026-10-08T20:00,25.5,25.2,25.5,26.1,25,26.2,25.8,26.3,24.3,26.6,25.8,26.8,27.3,26.5,26.1,25.3,26.6,26.6,26,25.7,25.5,26.5,25.2,26.6,24.5,26.8,25.8,25.4,25,26.3,25.4,25.2,24.2,24.4,24.8,26.6,26.1,26.3,25.6,25.5,70,73,73,66,72,72,72,70,75,64,71,69,61,74,66,79,73,68,77,70,63,67,71,68,69,61,70,73,65,73,76,66,73,75,74,70,74,70,67,79,0,0,0,0,0,0,0,0,0,0,0,0,0,0,0,0,0,0,0,0,0,0,0,0,0,0,0,0,0,0,0,0,0,0,0,0,0,0,0,0,6,8.8,8.2,8.7,5.2,5.5,11.5,7.9,5.8,13.4,7.2,3.1,6,7.9,5.4,6.8,10.5,9.8,5.2,11.5,5.4,9.7,10.1,8.4,5.8,5.4,9.5,10.1,7.6,6.9,9,8.3,6.5,5.3,4.2,11.6,5.4,9.5,7.9,6.2,,,,,,,,,,,,,,,,,,,,,,,,,,,,,,,,,,,,,,,,,25.2,25.3,26.3,23.7,25.6,26.8,23.8,24.8,25,25.7,25,24.7,25,24.9,25.5,23.9,25.8,25.5,24.9,25,26.1,25.5,24.2,24.3,24.7,25.4,24.3,24.7,24.9,27.1,24.8,67,59,63,61,59,65,60,65,63,74,71,53,61,56,69,63,60,68,66,60,55,70,67,66,58,70,69,69,65,72,69,0,0,0,0,0,0,0,0,0,0,0,0,0,0,0,0,0,0,0,0,0,0,0,0,0,0,0,0,0,0,0,27.9,22.7,21.3,30.2,20.7,24.2,19.9,32.4,19.9,31.1,27.2,14.4,27.6,14.8,22.8,22,22.9,28.3,25,22.2,18.6,31.2,27.6,28.1,21.1,27.7,33.6,29.6,32.9,36.8,32.8,31.3,24.1,24.5,32,22,28.1,19.4,36.7,19.4,37.1,30.2,14.8,29.5,15.1,25.2,21.2,24.1,31,27.7,24.8,20.5,35.6,31.3,29.9,22,30.6,38.2,33.8,37.4,42.1,37.1,,,,,,22.2204,114.2127
2026-10-08T21:00,25.5,25.2,25.5,26.1,25,26.2,25.8,26.3,24.3,26.6,25.8,26.8,27.3,26.5,26.1,25.3,26.6,26.6,26,25.7,25.5,26.5,25.2,26.6,24.5,26.8,25.8,25.4,25,26.3,25.4,25.2,24.2,24.5,24.8,26.6,26.2,26.3,25.6,25.6,70,73,73,66,72,72,72,70,75,64,71,69,61,74,66,79,73,68,77,70,63,67,72,68,69,61,70,73,65,73,76,66,74,75,74,70,74,70,67,79,0,0,0,0,0,0,0,0,0,0,0,0,0,0,0,0,0,0,0,0,0,0,0.1,0,0,0,0,0,0,0,0,0,0,0,0,0,0,0,0,0,6,8.8,8.2,8.7,5,5.5,11.5,7.9,5.5,13.4,6.9,3.1,6,7.9,5.4,7.1,10.9,9.8,5.2,11.5,5.4,9.7,10.1,8.4,5.8,5.4,9.5,10.1,7.6,7.3,8.9,8.3,6.5,5.3,4.2,11.6,5.4,9.5,8.1,6.2,,,,,,,,,,,,,,,,,,,,,,,,,,,,,,,,,,,,,,,,,25.2,25.4,26.2,23.7,25.6,26.8,23.9,24.8,24.9,25.7,25,24.7,25.1,24.9,25.6,23.8,25.7,25.5,24.8,25.2,26,25.6,24.3,24.3,24.7,25.4,24.3,24.7,24.9,27,24.8,68,61,66,60,60,65,60,66,64,75,72,54,62,56,70,64,62,69,68,60,58,70,67,67,59,71,69,69,65,72,70,0,0,0,0,0,0,0,0,0,0,0,0,0,0,0,0,0,0,0,0,0,0,0,0,0,0,0,0,0,0,0,28.7,24.6,22.4,31,20.1,24.1,19.9,32.8,20.3,31.5,27.2,14.5,28.8,14.4,22.8,22,24.6,29.7,25.7,21.9,18.6,32.4,28,29.9,20.5,29.5,34.8,29.2,34.8,36.9,34.2,32,26.3,25.9,33.1,22,29.2,19.8,37.8,20.9,37.8,30.6,15.1,30.2,15.1,25.6,21.6,25.9,32.4,29.2,24.5,20.5,37.1,32,32,21.6,33.1,40,33.1,40,42.8,38.5,,,,,,22.2204,114.2127
2026-10-08T22:00,25.4,25.2,25.5,26,25,26.1,25.8,26.3,24.3,26.5,25.7,26.7,27.2,26.5,26.1,25.3,26.5,26.6,26,25.7,25.5,26.5,25.2,26.6,24.5,26.8,25.8,25.4,25,26.3,25.4,25.2,24.2,24.5,24.8,26.6,26.1,26.3,25.5,25.6,70,72,73,66,72,72,71,70,75,64,72,70,61,74,66,79,73,68,77,70,64,67,72,68,68,61,70,73,65,73,76,66,74,75,74,70,74,70,68,79,0,0,0,0,0,0,0,0,0,0,0,0,0,0,0,0,0,0,0,0,0,0,0.1,0,0,0,0,0,0,0,0,0,0,0,0,0,0,0,0,0,6.2,8.4,8.2,9,5.2,5.7,11.2,8,5.2,13.6,6.5,2.6,6.5,8.4,5.4,7.3,10.9,10.2,5.1,11.5,5.4,9.4,10.4,8.5,5.6,5.6,9.4,9.7,7.6,7.2,8.5,8.6,6.5,5.6,4.1,11.3,5.9,9.4,8.4,6.5,,,,,,,,,,,,,,,,,,,,,,,,,,,,,,,,,,,,,,,,,25.2,25.4,26.2,23.7,25.7,26.7,24,24.9,24.8,25.7,25,24.8,25.2,25,25.7,23.8,25.7,25.6,24.7,25.3,25.9,25.6,24.4,24.4,24.7,25.4,24.3,24.8,24.8,26.8,24.9,69,64,68,58,62,65,60,66,65,74,73,55,62,57,71,64,63,69,70,59,62,68,67,68,60,72,69,69,66,71,69,0,0,0,0,0,0,0,0,0,0,0,0,0,0,0,0,0,0,0,0,0,0,0,0,0,0,0,0,0,0,0,29.5,26.5,23.5,31.7,19,24.2,20.7,32.9,20.6,32.5,27.6,14.8,29.9,14.6,22.9,21.6,26.2,31.1,26.1,21.3,18.6,34,28.4,31.7,19.1,32.1,36,28.6,36.9,37.2,35.6,33.1,29.2,27.7,33.8,21.2,31,20.9,37.8,22.3,38.2,31,15.8,31.3,15.1,25.9,22,27.7,33.8,30.2,23.8,20.2,39.2,32.8,33.8,20.5,36,41,32.4,42.5,43.6,40.3,,,,,,22.2204,114.2127
2026-10-08T23:00,25.4,25.2,25.4,26,25,26,25.7,26.3,24.3,26.3,25.5,26.7,27.1,26.4,26.1,25.3,26.5,26.4,26,25.6,25.3,26.4,25.2,26.4,24.4,26.7,25.7,25.3,25,26.3,25.3,25.2,24.1,24.6,24.8,26.5,26,26.2,25.5,25.6,70,72,72,65,73,72,71,70,75,64,72,70,61,74,66,79,73,68,76,69,64,66,73,68,68,61,69,73,65,72,76,66,75,74,74,70,73,69,68,78,0,0,0,0,0,0,0,0,0,0,0,0,0,0,0,0,0,0,0,0,0,0,0.1,0,0,0,0,0,0,0,0,0,0,0,0,0,0,0,0,0,5.9,8.3,8,9,5.2,5.5,10.9,8.4,4.8,13.7,5.8,2.4,6.6,8.9,5.9,7.4,11.2,10.2,5,11.2,5.4,9.2,10.4,8.6,5.4,5.6,9,9.7,7.2,7.6,8,8.8,6.8,5.6,4,10.8,5.9,9.4,8.7,6.1,,,,,,,,,,,,,,,,,,,,,,,,,,,,,,,,,,,,,,,,,25.2,25.4,26.1,23.7,25.7,26.6,24,24.9,24.7,25.8,25,24.8,25.2,25,25.7,23.7,25.6,25.6,24.6,25.4,25.7,25.6,24.5,24.4,24.7,25.3,24.3,24.8,24.7,26.6,24.9,69,66,71,57,63,65,60,66,67,74,73,56,62,57,72,65,65,70,71,59,65,67,67,69,61,73,68,69,66,71,69,0,0,0,0,0,0,0,0,0,0,0,0,0,0,0,0,0,0,0,0,0,0,0,0,0,0,0,0,0,0,0,29.9,28.2,24.7,32.1,18.2,24.9,21.3,32.7,21.3,32.8,27.8,15.6,31.6,14.8,23.1,21.6,27.7,31.9,26.9,21.1,18.8,35.5,28.6,32.5,18.2,34.1,37,28.4,38.3,37,36.4,33.8,31.3,29.2,34.2,20.9,32.8,21.6,37.4,23.8,38.2,31.3,16.6,32.8,15.5,26.3,22.3,29.5,34.6,31.3,23.4,20.5,40.7,32.8,34.9,19.8,38.5,41.8,31.7,44.3,43.9,41.4,,,,,,22.2204,114.2127
2026-10-09T00:00,25.4,25.1,25.3,25.9,25,25.8,25.6,26.2,24.2,26.2,25.2,26.6,27,26.2,26,25.3,26.4,26.3,25.9,25.5,25.2,26.2,25.1,26.2,24.4,26.6,25.6,25.2,24.9,26.2,25.3,25.1,24,24.7,24.8,26.3,25.8,26.1,25.4,25.6,70,71,71,65,73,72,70,70,75,64,73,71,61,74,65,79,73,68,76,69,65,66,74,67,68,61,69,73,64,72,75,66,75,73,73,70,72,69,69,77,0,0,0,0,0,0,0,0,0,0,0,0,0,0,0,0,0,0,0,0,0,0,0.1,0,0,0,0,0,0,0,0,0,0,0,0,0,0,0,0,0,5.8,7.9,8.1,8.7,5.4,6,10.7,8.5,4.3,13.9,5.2,1.9,6.4,9.2,6,7.6,11.5,10.4,5.2,11.3,5.5,8.7,10.4,9,5.5,5.9,9,9.1,6.9,7.6,7.6,9.3,6.9,6.4,4,10.1,6.5,9.4,9,6.2,,,,,,,,,,,,,,,,,,,,,,,,,,,,,,,,,,,,,,,,,25.1,25.3,25.9,23.5,25.6,26.3,23.8,24.8,24.5,25.8,25,24.8,25,25,25.6,23.6,25.4,25.5,24.6,25.2,25.6,25.5,24.4,24.3,24.6,25.1,24.2,24.7,24.6,26.5,24.9,69,68,73,59,64,65,60,66,70,74,73,57,63,57,73,67,67,71,71,60,67,66,67,70,62,73,68,69,66,71,69,0,0,0.1,0,0,0,0,0,0,0,0,0,0,0,0.1,0,0,0,0,0,0,0,0,0,0,0,0,0,0,0,0,30.1,29.4,26.1,32.4,18.9,26.3,22.1,32.3,23,32.3,28.1,16.1,33,15,23.7,22.4,28.6,31.6,27.3,21.9,19.4,35.9,28.3,32.7,18.4,35.3,37,27.8,38.6,36.6,36.4,34.2,32.4,31,34.2,21.6,34.6,22,37.1,25.6,37.4,32,16.9,34.6,15.8,27,23.4,31,34.6,31.7,23.4,21.2,41.8,32,35.3,20.2,40,41.8,31,44.6,44.3,41.8,,,,,,22.2204,114.2127
2026-10-09T01:00,25.3,25,25.2,25.7,25,25.7,25.5,26.2,24.1,26,25,26.4,26.8,26,25.9,25.3,26.3,26,25.8,25.4,25,26.1,25.1,25.9,24.3,26.4,25.4,25,24.8,26.1,25.1,25.1,23.9,24.8,24.8,26.1,25.6,26,25.4,25.5,70,70,70,64,73,71,68,70,75,64,73,71,61,73,65,79,73,68,74,68,65,65,74,67,67,61,68,72,64,71,75,67,75,72,73,69,71,68,70,76,0,0,0,0,0,0,0,0,0,0,0,0,0,0,0,0,0,0,0,0,0,0,0.1,0,0,0,0,0,0,0,0,0,0,0,0,0,0,0,0,0,6.1,7.6,8,8.8,5.8,6.4,10.6,8.6,4,13.8,4.8,1.4,6.8,10,6.3,7.9,11.6,10.6,5.5,10.7,5.5,8.4,10.4,9.2,5.4,6.1,8.8,9,6.6,8,7.3,9.8,7.5,6.8,4.1,9.7,7.2,9.5,9.4,6.4,,,,,,,,,,,,,,,,,,,,,,,,,,,,,,,,,,,,,,,,,24.9,25.1,25.8,23.4,25.5,26,23.6,24.6,24.3,25.8,24.9,24.7,24.8,25,25.5,23.6,25.2,25.5,24.7,25,25.5,25.3,24.3,24.1,24.5,24.8,23.9,24.7,24.4,26.4,24.8,70,69,74,63,66,66,61,66,73,74,73,59,65,58,74,68,69,72,70,63,67,66,68,71,62,73,67,68,67,72,70,0,0,0.1,0,0,0,0,0,0,0,0,0,0,0,0.1,0,0,0,0,0,0,0,0,0,0,0,0,0,0,0,0,30.5,30,27.4,33,20.1,28.3,23,31.9,25.3,31.2,28.7,16.4,34.9,15.3,24.7,23.9,29.3,31.1,28.1,23,20.2,36.2,27.8,31.8,19.5,35.9,36.9,27.2,38.3,36.2,36.1,34.2,33.1,32.4,34.2,22.3,36.7,22.7,36.4,27.4,36,32.8,17.3,36.4,16.6,27.7,24.5,32,34.2,32,23.4,22,42.8,31,34.6,20.9,40.7,41,29.9,44.3,44.6,41.4,,,,,,22.2204,114.2127
2026-10-09T02:00,25.3,25,25.1,25.6,25,25.5,25.4,26.1,24.1,25.7,24.7,26.3,26.6,25.8,25.8,25.3,26.1,25.8,25.6,25.2,24.8,25.9,25,25.6,24.3,26.2,25.3,24.9,24.8,26,25,25.1,23.8,24.9,24.8,25.9,25.4,25.9,25.3,25.5,70,69,69,63,73,71,67,70,74,64,73,72,61,73,64,79,72,68,73,68,65,65,75,66,67,61,67,72,64,70,74,67,76,71,72,69,70,68,70,75,0,0,0,0,0,0,0,0,0,0,0,0,0,0,0,0,0,0,0,0,0,0,0.1,0,0,0,0,0,0,0,0,0,0,0,0,0,0,0,0,0,6.2,7.5,8.2,8.9,6.3,7.1,10.2,8.8,3.7,14,4.3,1.3,7,10.3,6.6,8.7,12,10.8,5.7,10.7,5.3,8.3,10.6,9.7,5.4,6.4,8.7,8.7,6.5,8,7.3,10,8.1,7.1,4.5,9.3,7.8,9.8,10.2,6.3,,,,,,,,,,,,,,,,,,,,,,,,,,,,,,,,,,,,,,,,,24.7,24.9,25.6,23.2,25.4,25.8,23.5,24.5,24.1,25.8,24.8,24.6,24.5,25,25.3,23.4,24.9,25.4,24.7,24.7,25.4,25.1,24.2,23.9,24.4,24.6,23.7,24.6,24.2,26.2,24.6,70,70,75,66,67,66,61,66,75,74,73,60,66,58,74,70,71,72,70,65,68,65,68,72,63,73,67,68,67,72,71,0,0,0.1,0,0,0,0,0,0,0,0,0,0,0,0.1,0,0,0,0,0,0,0,0,0,0,0,0,0,0,0,0,30.5,30.3,28.7,33.3,20.9,29.4,23.5,31.9,28,30.3,29.4,17.2,36.1,15.5,25.5,25.4,29.3,29.8,28.2,24.1,21.1,35.8,27.2,31.2,20.5,36.6,36.7,26.7,37.6,35.3,35.6,34.2,33.5,33.5,34.2,23,38.2,23,36.4,29.5,34.9,33.1,18,38.2,16.9,28.8,25.9,32.8,33.1,32,24.1,23,43.2,30.2,34.2,21.6,41.8,40.7,29.5,43.6,44.3,41,,,,,,22.2204,114.2127
2026-10-09T03:00,25.2,24.9,24.9,25.5,25,25.3,25.2,26.1,24,25.5,24.4,26.2,26.3,25.6,25.7,25.3,26,25.6,25.5,25.1,24.6,25.8,24.8,25.3,24.2,26.1,25.2,24.8,24.7,25.9,24.9,25,23.7,25,24.8,25.7,25.1,25.7,25.2,25.4,69,68,68,63,73,71,66,70,74,64,74,73,61,73,64,79,72,68,72,67,66,64,76,66,66,61,66,72,63,70,74,67,75,70,72,68,69,67,71,74,0,0,0,0,0,0,0,0,0,0,0,0,0,0,0,0,0,0,0,0,0,0,0.1,0,0,0,0,0,0,0,0,0,0,0,0,0,0,0,0,0,6.3,7.4,8.4,8.8,6.5,7.7,10.3,9,4.1,14.1,4.7,1.3,7.1,10.8,7,9.2,12.5,10.8,6.4,10.8,5.5,8.4,10.5,9.8,5.6,6.4,8.7,8.6,6.1,8.2,7.4,10.5,8.5,7.4,4.9,8.9,8.3,10.2,10.7,6.8,,,,,,,,,,,,,,,,,,,,,,,,,,,,,,,,,,,,,,,,,24.5,24.6,25.3,23.1,25.2,25.6,23.4,24.2,23.8,25.6,24.5,24.5,24.2,24.8,25.2,23.2,24.6,25.2,24.6,24.4,25.2,24.9,23.9,23.9,24.2,24.3,23.4,24.4,24.2,26.1,24.4,70,71,75,67,68,66,61,67,77,74,73,62,67,59,74,71,72,72,71,68,69,65,68,72,64,73,67,68,67,71,72,0,0,0.1,0,0,0,0,0,0,0,0,0,0,0,0.1,0,0,0,0,0,0,0,0,0,0,0,0,0,0,0,0,30.8,30.5,29.6,32.8,20.5,29.2,24,32.8,30.7,30.1,30.1,18.9,36.6,16.2,26.8,27.3,29.3,28.1,28.3,25.2,22.4,35.3,26.7,30.7,21.7,37.9,37,27.2,37.2,34.1,35.5,34.2,33.8,34.2,34.2,22.7,38.5,23.8,37.1,33.1,34.9,33.5,19.4,39.2,17.6,30.6,28.4,32.8,31.7,32,25.9,24.5,42.5,29.5,33.8,23,43.6,41.4,29.9,42.8,43.6,40.7,,,,,,22.2204,114.2127
2026-10-09T04:00,25.2,24.8,24.8,25.3,25,25.2,25.1,26,23.9,25.3,24.1,26,26.1,25.4,25.6,25.2,25.9,25.3,25.4,24.9,24.4,25.6,24.7,25.1,24.2,25.9,25.1,24.6,24.6,25.8,24.7,25,23.6,25,24.8,25.5,24.9,25.6,25.2,25.4,69,68,67,62,74,71,65,70,73,64,74,73,60,72,64,78,72,68,71,67,66,64,76,65,66,61,65,71,63,69,73,67,75,69,71,68,68,67,71,73,0,0,0,0,0,0,0,0,0,0,0,0,0,0,0,0,0,0,0,0,0,0,0.1,0,0,0,0,0,0,0,0,0,0,0,0,0,0,0,0,0,6.8,7.6,8.4,9,7.1,8.3,10.1,9.2,4.7,14,5.2,1.8,7.4,11.1,7.4,9.8,12.8,11.1,6.9,10.5,5.5,8.4,10.5,10.5,6.3,6.7,8.9,8.9,6.2,8.3,7.7,11,9.2,8.1,5.1,8.1,8.9,10.3,11.3,7.1,,,,,,,,,,,,,,,,,,,,,,,,,,,,,,,,,,,,,,,,,24.4,24.3,25.1,23.1,24.9,25.4,23.5,24,23.6,25.4,24.2,24.4,23.9,24.6,25,22.9,24.2,25,24.4,24,25,24.7,23.7,23.8,24,23.9,23.2,24.1,24.2,25.9,24.2,70,71,76,68,68,65,60,69,78,74,74,64,67,60,74,72,72,72,73,71,71,64,68,72,65,72,67,68,66,69,74,0,0,0.1,0,0,0,0,0,0,0,0,0,0,0,0.1,0,0,0,0,0,0,0,0,0,0,0,0,0,0,0,0,30.9,30.4,30.2,32,20.1,28.3,24.2,34,33.5,30.3,30.4,21.1,37,17.1,28.5,29.2,28.8,25.9,28.2,26.2,24.1,34.3,26.5,30.5,23.3,39.4,37.5,28.3,36.6,32.8,35.3,34.2,34.2,34.2,34.2,22,38.5,24.8,38.5,37.1,35.3,33.5,20.9,40,18,32.4,31,32.4,29.5,31.7,28.1,26.3,41.4,29.2,33.8,24.5,45.4,42.5,30.2,42.1,42.1,40.3,,,,,,22.2204,114.2127
2026-10-09T05:00,25.1,24.8,24.7,25.2,25,25,25,26,23.9,25.1,23.8,25.9,25.9,25.2,25.5,25.2,25.8,25.1,25.3,24.8,24.3,25.5,24.6,24.8,24.2,25.7,25,24.5,24.6,25.7,24.6,25,23.5,25.1,24.8,25.3,24.7,25.5,25.1,25.3,69,67,66,61,74,70,64,69,72,64,74,74,60,72,63,78,71,68,69,66,66,63,77,65,65,61,65,71,63,68,73,67,75,68,71,68,68,66,72,72,0,0,0,0,0,0,0,0,0,0,0,0,0,0,0,0,0,0,0,0,0,0,0.1,0,0,0,0,0,0,0,0,0,0,0,0,0,0,0,0,0,7,7.4,8.5,9.3,7.4,8.9,10.2,9.3,5.5,14.1,5.8,2.5,7.7,11.6,7.9,10.4,12.9,11.2,7.8,10.8,5.4,8.9,10.5,10.9,6.6,7,9,9.2,6.4,8.6,8.1,11.2,9.9,8.4,5.6,7.9,9.6,10.7,11.8,7.4,,,,,,,,,,,,,,,,,,,,,,,,,,,,,,,,,,,,,,,,,24.2,24.1,24.9,23,24.8,25.2,23.5,23.8,23.4,25.3,24,24.2,23.7,24.5,24.8,22.8,24,24.8,24.3,23.8,24.8,24.5,23.5,23.8,23.8,23.7,23,23.9,24.2,25.8,24,70,71,75,68,67,65,59,70,78,73,74,65,67,61,74,72,72,71,74,72,71,64,68,71,65,71,67,68,65,68,74,0,0,0.1,0,0,0,0,0,0,0,0,0,0,0,0.1,0,0,0,0,0,0,0,0,0,0,0,0,0,0,0,0,30.8,30.2,29.8,31.5,19.9,27.3,23.8,34.5,35.3,30.1,30.1,22.7,36.6,18.1,29.1,30.4,27.8,24.4,27.7,26.6,25.1,33.5,26.2,29.6,24.3,40.3,37.6,28.5,35.4,31.2,35,34.2,34.2,33.1,34.2,21.2,37.4,24.5,39.2,40,34.9,32.8,22.3,40.3,18.4,32.8,32.4,31,27.7,31,28.8,27.4,40.3,29.2,32.4,25.2,46.1,42.8,30.2,41,40.7,39.6,,,,,,22.2204,114.2127
2026-10-09T06:00,25.1,24.7,24.6,25.1,25,24.9,24.9,26,23.9,24.9,23.6,25.8,25.8,25.1,25.5,25.2,25.7,24.9,25.2,24.7,24.1,25.3,24.5,24.6,24.1,25.6,24.9,24.4,24.5,25.6,24.5,25,23.4,25.2,24.8,25.2,24.6,25.4,25,25.3,69,66,66,61,74,70,63,69,72,64,74,74,60,72,63,78,71,69,68,66,67,63,77,64,65,61,64,71,63,68,72,68,75,67,70,67,67,66,72,71,0,0,0,0,0,0,0,0,0,0,0,0,0,0,0,0,0,0,0,0,0,0,0.1,0,0,0,0,0,0,0,0,0,0,0,0,0,0,0,0,0,7.2,7.9,8.6,9.2,7.9,9.5,10.2,9.5,6,13.8,6.5,2.9,7.9,11.9,8.1,10.6,13.1,11.3,8.2,11,5.7,9,10.2,11.1,6.8,6.8,9.2,9.5,6.4,8.7,8.4,11.2,10.3,8.4,6.2,7.7,10.2,11.1,12.4,7.9,,,,,,,,,,,,,,,,,,,,,,,,,,,,,,,,,,,,,,,,,24.1,24,24.8,23,24.7,25.1,23.5,23.7,23.5,25.2,23.9,24,23.6,24.4,24.7,22.8,23.8,24.8,24.3,23.7,24.6,24.4,23.4,23.8,23.6,23.6,23,23.8,24.1,25.7,24,69,70,74,68,65,64,59,69,77,71,73,66,67,61,73,71,70,69,74,71,70,64,67,70,65,69,66,67,63,67,73,0,0,0,0,0,0,0,0,0,0,0,0,0,0,0,0,0,0,0,0,0,0,0,0,0,0,0,0,0,0,0,29.9,30.3,27.6,31.8,19.5,25.7,21.7,34.1,35.8,28.4,28.8,23.5,36.1,18.1,27.9,30.2,25.9,23.1,27,25.8,24.9,32.7,26.4,27,24.3,39.7,37,27.2,33.7,29.3,34.3,33.8,34.2,30.2,34.6,20.9,35.3,22.3,38.9,40.7,33.5,31,23.4,40.3,18.4,31,32,28.4,26.3,29.9,27,27,39.6,29.9,29.2,25.2,45.7,42.1,28.8,40,38.5,38.5,,,,,,22.2204,114.2127
2026-10-09T07:00,25.1,24.7,24.5,25.1,25,24.9,24.8,26,23.9,24.8,23.5,25.8,25.7,25,25.4,25.1,25.7,24.8,25.2,24.6,24.1,25.3,24.4,24.5,24.1,25.5,24.8,24.3,24.5,25.5,24.5,25,23.4,25.3,24.8,25.1,24.5,25.4,25,25.2,69,65,65,61,75,70,63,69,71,64,74,74,61,72,63,78,71,69,68,66,67,63,78,64,65,61,64,71,63,67,72,68,75,66,70,67,67,66,73,70,0,0,0,0,0,0,0,0,0,0,0,0,0,0,0,0,0,0,0,0,0,0,0.1,0,0,0,0,0,0,0,0,0,0,0,0,0,0,0,0,0,7.4,7.9,8.4,9.4,8.1,9.7,10.2,9.7,6.3,13.8,7.2,3.3,7.9,12.1,8.4,11.1,13.2,11.2,8.9,10.9,5.6,9.5,10.2,11.8,7.2,6.8,9.7,9.6,6.4,8.9,8.8,11.5,10.5,8.8,6.5,7.3,10.2,11.2,12.6,8,,,,,,,,,,,,,,,,,,,,,,,,,,,,,,,,,,,,,,,,,24,24,24.8,23.1,24.6,25,23.5,23.8,23.7,25.1,23.9,23.8,23.6,24.3,24.7,22.8,23.8,24.8,24.4,23.8,24.5,24.3,23.3,23.8,23.4,23.6,23,23.6,23.9,25.6,24.1,67,68,73,66,63,64,58,66,74,69,71,66,66,61,72,70,68,67,73,69,68,64,66,68,64,66,65,66,61,67,70,0,0,0,0,0,0,0,0,0,0,0,0,0,0,0,0,0,0,0,0,0,0,0,0,0,0,0,0,0,0,0,28.3,29.9,24,32,18.7,24.4,18.8,33.2,35.1,25.7,26.6,24.2,35.3,17.6,25.7,28.9,23.2,21.8,25.9,24.1,23.8,31.7,26.6,23.7,23.5,38.6,35.8,24.7,31.4,27.8,33,33.1,34.2,25.9,34.9,20.9,32.8,19.1,38.2,39.6,31.3,28.8,24.1,39.6,18.4,27.7,30.2,25.2,24.8,28.8,24.1,25.6,38.9,30.6,25.2,24.5,44.3,40.7,26.6,38.9,36,37.1,,,,,,22.2204,114.2127
2026-10-09T08:00,25.1,24.7,24.5,25.1,25,24.9,24.8,26,23.9,24.8,23.5,25.8,25.6,25,25.4,25.1,25.7,24.7,25.2,24.6,24.1,25.3,24.3,24.5,24.1,25.5,24.8,24.3,24.5,25.5,24.5,25.1,23.4,25.4,24.8,25.1,24.4,25.4,25,25.2,69,65,65,61,75,70,63,69,71,64,74,74,61,72,63,78,71,69,67,66,67,63,78,64,65,61,64,71,63,67,72,68,75,66,70,67,67,66,73,70,0,0,0,0,0,0,0,0,0,0,0,0,0,0,0,0,0,0,0,0,0,0,0.1,0,0,0,0,0,0,0,0,0,0,0,0,0,0,0,0,0,7.4,7.9,8.4,9.4,8.1,10,10,9.4,6.6,13.6,7.6,3.7,7.9,11.8,8.4,11.3,13.2,11.2,9,10.7,5.6,9.4,9.9,11.6,7.2,6.8,9.4,9.4,6.4,8.9,8.8,11.5,10.7,8.8,6.5,7.1,10.2,11.2,12.6,8,,,,,,,,,,,,,,,,,,,,,,,,,,,,,,,,,,,,,,,,,24.1,24,25,23.2,24.7,25,23.7,23.9,23.9,25.2,24,23.7,23.7,24.3,24.7,23,23.9,24.9,24.5,24,24.6,24.4,23.4,23.9,23.4,23.6,23,23.7,23.9,25.6,24.2,65,66,70,65,61,63,57,64,72,67,69,65,65,60,71,68,65,64,72,66,66,63,65,66,63,63,64,65,58,66,68,0,0,0,0,0,0,0,0,0,0,0,0,0,0,0,0,0,0,0,0,0,0,0,0,0,0,0,0,0,0,0,27.1,29.3,20.9,31.4,18.1,22.7,16.6,31.9,34.1,24,24.3,23.4,34.1,17.1,23.6,27.2,20.9,20.9,24.8,22.2,22.5,30.3,26.6,20.9,22.4,36.8,34.7,22.5,29.6,26.8,31.6,32,33.5,22.7,33.8,20.5,30.2,16.9,36.7,38.2,29.9,26.3,23.8,38.5,18,24.8,28.1,22.3,23.8,27.4,21.2,24.1,37.4,31,21.6,23.4,42.5,38.9,24.1,37.4,34.9,35.3,,,,,,22.2204,114.2127
2026-10-09T09:00,25.1,24.8,24.5,25.1,25,24.9,24.8,26,24,24.8,23.5,25.9,25.6,25,25.5,25.1,25.7,24.7,25.3,24.7,24.1,25.3,24.2,24.6,24.1,25.6,24.8,24.4,24.5,25.5,24.5,25.2,23.4,25.5,24.9,25.1,24.5,25.4,25,25.2,69,65,65,61,75,70,63,69,71,64,74,74,62,72,63,78,71,69,67,66,67,63,78,64,65,61,64,71,63,67,72,68,75,66,70,67,68,66,73,70,0,0,0,0,0,0,0,0,0,0,0,0,0,0,0,0,0,0,0,0,0,0,0.1,0,0,0,0,0,0,0,0,0,0,0,0,0,0,0,0,0,7.4,7.7,8.1,9.2,7.9,10,9.4,8.9,6.6,13,7.7,3.7,7.7,11.5,8.1,11.3,12.8,10.9,8.9,10.2,5.6,9,9.4,11.6,7.2,6.5,9.2,9.1,6.1,8.9,8.5,11.2,10.5,8.8,6.5,6.6,9.9,11,12.2,7.7,,,,,,,,,,,,,,,,,,,,,,,,,,,,,,,,,,,,,,,,,24.4,24.2,25.4,23.4,25,25,24.1,24,24.1,25.5,24.2,23.9,23.9,24.6,25,23.2,24.2,25.3,24.8,24.3,24.9,24.7,23.7,24.2,23.6,23.8,23.2,23.9,24.2,25.7,24.4,63,64,66,63,59,62,54,62,70,65,66,63,64,58,69,66,61,61,70,63,63,61,64,62,60,62,62,63,55,65,67,0,0,0,0,0,0,0,0,0,0,0,0,0,0,0,0,0,0,0,0,0,0,0,0,0,0,0,0,0,0,0,26.1,27.5,18.6,29.2,17.6,21.2,15.3,30.6,32.4,23.4,21.7,21.3,32.8,16.3,21.5,24.7,18.5,20.3,24.2,19.8,20.9,28,26.5,18.8,20.6,35.4,33.4,20.5,27.5,27.7,30,30.2,31.3,20.5,31,20.2,28.1,16.2,34.9,35.6,29.2,23.8,21.6,36.7,17.3,22.3,24.8,19.8,23.4,25.9,19.1,22.7,34.2,30.6,19.4,21.6,40,36.7,21.6,35.3,36.4,32.8,,,,,,22.2204,114.2127
2026-10-09T10:00,25.1,24.9,24.6,25.2,25,25,24.8,26.1,24.1,24.9,23.7,26,25.7,25.2,25.5,25.1,25.7,24.8,25.4,24.7,24.3,25.4,24.1,24.7,24.2,25.6,24.8,24.4,24.5,25.5,24.6,25.3,23.5,25.7,25,25.2,24.6,25.5,25,25.3,70,65,66,62,76,70,64,69,70,65,74,73,62,73,64,78,71,70,67,67,67,64,78,64,66,61,65,72,64,67,73,68,75,66,70,67,69,67,73,70,0,0,0,0,0,0,0,0,0,0,0,0,0,0,0,0,0,0,0,0,0,0,0.1,0,0,0,0,0,0,0,0,0,0,0,0,0,0,0,0,0,7.2,7.7,7.5,9,7.4,9.7,9.2,8.4,6.6,12.6,7.7,4,7.4,10.8,7.9,10.8,12.6,10.4,8.9,9.9,5.6,8.9,9,11.2,6.8,6.2,8.7,8.5,5.9,8.4,8.2,10.7,10.2,8.4,5.9,6.3,9.3,10.5,11.6,7.4,,,,,,,,,,,,,,,,,,,,,,,,,,,,,,,,,,,,,,,,,24.8,24.4,25.9,23.8,25.4,25.1,24.6,24.2,24.3,26,24.6,24.3,24.2,25.1,25.3,23.4,24.7,25.8,25.1,24.8,25.4,25.1,24.1,24.6,24,24.1,23.4,24.4,24.6,25.9,24.7,61,63,60,60,57,61,51,60,68,62,63,60,63,54,67,64,56,58,68,59,59,58,62,58,56,61,60,62,52,65,66,0,0,0,0,0,0,0,0,0,0,0,0,0,0,0,0,0,0,0,0,0,0,0,0,0,0,0,0,0,0,0,24.9,25.5,16.7,25.7,17.4,20.2,14.8,29.5,30.3,23.4,19.2,18.2,31.4,14.9,19.7,21.5,15.8,19.6,23.4,17.1,19.4,25,25.7,17.1,18.6,33.4,32.1,18.4,25.5,29.9,27.8,28.4,28.1,19.4,26.6,19.8,26.3,16.6,32.8,32.8,28.8,20.9,18.4,34.2,16.2,20.2,20.9,17.3,23.4,24.1,17.3,21.2,30.2,29.5,18,19.8,36.7,33.8,19.1,32.8,38.9,29.9,,,,,,22.2204,114.2127
2026-10-09T11:00,25.2,25,24.6,25.3,25,25.2,24.9,26.2,24.3,25,23.8,26.2,25.8,25.3,25.6,25.1,25.8,24.9,25.6,24.8,24.5,25.5,23.9,25,24.2,25.8,24.9,24.5,24.6,25.5,24.6,25.5,23.7,25.8,25,25.3,24.7,25.6,25,25.3,70,65,67,63,77,70,66,69,70,66,73,72,63,74,64,78,71,71,67,68,67,65,78,65,67,61,66,72,64,68,73,69,74,67,70,67,70,68,73,71,0,0,0,0,0,0,0,0,0,0,0,0,0,0,0,0,0,0,0,0,0,0,0.1,0,0,0,0,0,0,0,0,0,0,0,0,0,0,0,0,0,6.6,7.4,7.1,9,7.2,8.9,8.4,7.4,6.3,11.7,7.7,4,7.4,10.2,7.2,10.2,12.1,9.7,8.4,9.4,5.2,8.2,8.7,10.5,6.6,5.9,8.4,7.7,5.4,7.9,7.7,10.2,9.4,8.2,5.6,5.7,8.3,10.1,11.2,6.6,,,,,,,,,,,,,,,,,,,,,,,,,,,,,,,,,,,,,,,,,25.2,24.7,26.3,24.1,25.8,25.2,25.1,24.4,24.5,26.5,25,24.7,24.4,25.4,25.6,23.7,25.1,26.1,25.4,25.2,25.7,25.5,24.4,25,24.4,24.3,23.7,24.7,25,26,24.9,59,61,56,58,56,60,49,59,66,61,61,57,62,52,65,62,53,57,66,56,57,56,61,55,53,60,58,60,50,65,65,0,0,0,0,0,0,0,0,0,0,0,0,0,0,0,0,0,0,0,0,0,0,0,0,0,0,0,0,0,0,0,24.1,23.3,15.5,23,17,19.2,14.5,28.2,27.6,23.6,16.8,15.5,30,14.1,18.3,18.6,14.2,19.2,22.4,15.3,18.1,22.7,25.2,15.6,17.1,31.8,30.3,17,23.9,31.8,26,26.6,25.2,18.4,23,19.4,24.8,16.9,30.6,29.2,28.4,18.7,15.8,31.7,15.1,18.7,17.6,15.8,23.4,22.7,15.8,20.2,27,28.4,16.9,18,34.2,31.3,17.3,30.6,41,27.4,,,,,,22.2204,114.2127
2026-10-09T12:00,25.2,25.2,24.8,25.4,25,25.4,25,26.3,24.5,25.2,24.1,26.4,25.9,25.6,25.7,25.1,25.9,25,25.8,24.9,24.7,25.7,23.8,25.2,24.3,25.9,25,24.7,24.7,25.5,24.7,25.7,23.8,26,25.1,25.5,24.9,25.7,25,25.4,71,65,67,64,77,71,67,69,69,66,73,71,64,75,65,79,72,71,67,69,66,66,78,65,67,62,67,73,65,69,74,69,74,68,71,68,72,69,73,71,0,0,0,0,0,0,0,0,0,0,0,0,0,0,0,0,0,0,0,0,0,0,0.1,0,0,0,0,0,0,0,0,0,0,0,0,0,0,0,0,0,6.5,7.1,6.4,8.8,6.5,8.2,7.9,6.8,5.6,11.1,7.3,3.7,6.9,9.2,6.8,9.7,11.2,8.9,7.6,8.8,5.2,7.7,8.2,9.8,6.3,5.6,7.4,6.9,5.2,7.4,6.9,9.7,8.9,7.6,5.1,5.4,7.1,9.5,10.1,5.9,,,,,,,,,,,,,,,,,,,,,,,,,,,,,,,,,,,,,,,,,25.4,24.9,26.6,24.2,26.1,25.6,25.2,24.6,24.8,26.8,25.4,25.1,24.5,25.7,25.7,24.1,25.4,26.2,25.5,25.4,25.9,25.8,24.7,25.3,24.5,24.4,23.9,24.9,25.4,26.2,25,58,59,55,56,56,60,48,58,64,61,60,55,61,51,65,59,52,58,64,55,56,55,60,54,52,60,57,59,49,66,64,0,0,0,0,0,0,0,0,0,0,0,0,0,0,0,0,0,0,0,0,0,0,0,0,0,0,0,0,0,0,0,23.5,21.4,15.1,20.9,16.5,18.6,14.1,26.8,24,23,15.3,13.3,28.2,13.4,17.4,15.6,13.8,18.9,21.2,14.2,17.4,21.6,24.3,15,16.2,30.6,28,16.2,23.7,33.3,24.7,25.9,23,18,20.5,19.1,23.4,16.9,28.8,25.2,27.4,17.3,14.4,29.5,14.4,18,15.5,15.8,23,21.6,15.5,19.8,25.2,27.7,16.9,17.3,32.4,28.8,16.2,29.2,42.1,25.6,,,,,,22.2204,114.2127
2026-10-09T13:00,25.3,25.3,24.9,25.5,25,25.6,25.1,26.4,24.6,25.4,24.4,26.6,26,25.8,25.8,25.1,26,25.2,26,25,24.9,25.9,23.7,25.6,24.3,26.1,25.2,24.8,24.8,25.6,24.9,25.9,24,26.1,25.2,25.7,25.1,25.8,25,25.5,71,65,68,66,78,71,69,68,69,67,72,70,66,76,65,79,72,72,67,70,66,67,78,66,68,62,68,74,66,69,74,69,74,68,71,68,74,70,73,72,0,0,0,0,0,0,0,0,0,0,0,0,0,0,0,0,0,0,0,0,0,0,0.1,0,0,0,0,0,0,0,0,0,0,0,0,0,0,0,0,0,5.9,6.6,6,8.9,5.9,7.3,6.9,5.8,5.2,10.3,7.3,3.6,6.5,8.7,6.3,9.1,10.7,8,7.2,7.9,5.2,7.1,7.9,9.2,5.9,5.1,7,6,4.8,6.8,6.2,8.9,8.2,7.2,4.4,4.8,6.3,9.2,9.3,5.2,,,,,,,,,,,,,,,,,,,,,,,,,,,,,,,,,,,,,,,,,25.6,25.2,26.8,24.4,26.3,26,25.3,24.9,25.1,27,25.7,25.6,24.6,25.8,25.7,24.6,25.5,26.1,25.6,25.6,25.9,26.1,24.9,25.5,24.6,24.5,24.1,25.1,25.7,26.3,25.1,58,58,55,54,56,60,49,57,62,61,59,54,59,51,65,56,52,60,62,54,57,55,59,54,52,59,56,58,48,67,64,0,0,0,0,0,0,0,0,0,0,0,0,0,0,0,0,0,0,0,0,0,0,0,0,0,0,0,0,0,0,0,23.5,20,15.3,18.9,16.7,18.8,14.8,25.5,19.8,22.6,14.7,11.8,26,12.6,17.5,13,14.1,19.2,20.3,14.2,17.4,21.1,23.5,15.3,16.3,29.6,25.3,15.8,24.1,34.3,23.5,25.6,21.2,18,19.1,18.7,22.7,17.3,27.4,20.9,25.9,16.6,13.7,27,13.3,18.4,14,16.6,22.7,20.5,15.8,20.2,24.1,27,17.3,16.6,31.3,26.6,16.2,28.4,42.5,24.5,,,,,,22.2204,114.2127
2026-10-09T14:00,25.4,25.5,25,25.7,25,25.9,25.2,26.6,24.8,25.6,24.6,26.8,26.2,26,25.9,25.1,26.2,25.3,26.2,25.2,25.2,26.1,23.5,25.9,24.4,26.2,25.3,25,24.9,25.6,25,26.1,24.2,26.3,25.3,25.9,25.3,25.9,25,25.5,72,66,70,67,79,71,70,68,68,68,72,69,67,77,66,79,72,73,67,71,66,68,78,66,69,62,69,75,66,70,75,70,73,69,72,68,76,71,73,73,0,0,0,0,0,0,0,0,0,0,0,0,0,0,0,0,0,0,0,0,0,0,0.1,0,0,0,0,0,0,0,0,0,0,0,0,0,0,0,0,0,5.4,6.1,5.8,9.1,5.4,6.7,6.3,4.9,4.7,9.8,6.9,3.6,6,7.9,5.6,8.1,10.1,7.3,6.4,7.3,4.9,6.7,7.6,8.5,5.8,4.7,6.4,5.7,4.8,6.4,5.8,8.4,7.4,6.8,4,4.6,5.4,8.4,8.4,4.7,,,,,,,,,,,,,,,,,,,,,,,,,,,,,,,,,,,,,,,,,25.7,25.4,26.9,24.5,26.4,26.3,25.3,25,25.3,27.1,26,26,24.7,25.9,25.8,24.9,25.7,26.1,25.7,25.7,26,26.3,25,25.7,24.7,24.6,24.3,25.2,26,26.5,25.1,58,57,55,53,56,60,49,57,60,62,58,53,58,51,65,54,52,62,61,54,57,55,59,54,51,60,56,58,49,68,63,0,0,0,0,0,0,0,0,0,0,0,0,0,0,0,0,0,0,0,0,0,0,0,0,0,0,0,0,0,0,0,23.6,18.9,15.7,17.6,16.8,19.7,16,24.4,16.4,22.6,13.8,11.2,24,12.1,18.1,11.2,15.3,20.2,19.5,14.5,18.2,21.6,23.1,16.4,15.9,28.8,23.5,16,24.8,35.3,22,25.2,20.2,18,18,18.7,22,17.3,26.3,18,25.2,16.2,13.3,25.2,13,19.1,13.3,17.6,22.7,19.8,16.2,20.5,23.8,26.3,18,16.6,30.6,24.8,16.6,28.1,42.8,22.7,,,,,,22.2204,114.2127
2026-10-09T15:00,25.5,25.7,25.1,25.8,25,26.1,25.3,26.7,25,25.9,24.9,27,26.4,26.3,26,25.1,26.3,25.5,26.4,25.3,25.5,26.3,23.4,26.2,24.5,26.4,25.4,25.1,24.9,25.6,25.1,26.3,24.3,26.4,25.4,26.1,25.5,26,25,25.6,73,66,71,68,79,72,72,68,68,69,71,68,68,78,67,80,72,73,67,72,65,69,78,67,70,62,71,76,67,71,76,70,73,70,72,69,78,72,73,74,0,0,0,0,0,0,0,0,0,0,0,0,0,0,0,0,0,0,0,0,0,0,0.1,0,0,0,0,0,0,0,0,0,0,0,0,0,0,0,0,0,5.4,5.9,5.5,9,5.1,5.9,5.8,4,4,9.2,6.2,3.2,6,7.3,5.4,7.6,9.4,6.4,5.7,7,5,6.8,7.6,7.9,5.4,4.8,5.7,5.4,5.1,5.9,5.5,7.4,6.7,6.2,3.7,4.2,4.7,8,7.6,4.4,,,,,,,,,,,,,,,,,,,,,,,,,,,,,,,,,,,,,,,,,25.8,25.5,27.1,24.6,26.4,26.4,25.4,25.1,25.5,27,26.2,26,24.8,25.8,25.8,25.1,25.9,26.2,25.8,25.8,26.2,26.5,25,25.7,24.8,24.6,24.4,25.3,26.1,26.6,25.2,58,57,55,53,57,61,49,57,59,64,57,53,58,51,65,52,52,63,60,54,57,56,60,55,50,62,56,58,52,69,62,0,0,0,0,0,0,0,0,0,0,0,0,0,0,0,0,0,0,0,0,0,0,0,0,0,0,0,0,0,0,0,23.6,18.7,15.2,17,16.5,20.2,16.2,23.5,14.7,23,13.1,11.9,22.6,11.9,19.5,10.4,16.5,21.1,19.2,14.9,18.8,22.9,22.9,16.7,15.4,28.5,22.6,17.5,24.8,35.4,19.7,24.8,20.2,17.6,18,18.7,22.3,17.3,25.2,16.9,25.2,15.8,14,23.8,13,20.5,13.7,18.7,23.4,19.8,16.6,20.5,24.8,25.6,18.4,16.6,29.9,23.8,18,28.1,42.8,20.2,,,,,,22.2204,114.2127
2026-10-09T16:00,25.5,25.8,25.3,26,25,26.3,25.4,26.8,25.2,26.1,25.2,27.3,26.5,26.5,26.1,25.1,26.4,25.6,26.7,25.5,25.7,26.5,23.3,26.6,24.5,26.6,25.5,25.3,25,25.7,25.2,26.5,24.5,26.5,25.5,26.3,25.7,26.2,25,25.7,73,66,72,69,80,72,74,68,67,70,71,67,69,79,68,80,73,74,67,73,65,70,78,67,71,62,72,76,68,71,77,70,72,71,72,69,80,73,73,75,0,0,0,0,0,0,0,0,0,0,0,0,0,0,0,0,0,0,0,0,0,0,0.1,0,0,0,0,0,0,0,0,0,0,0,0,0,0,0,0,0,5.2,5.4,5.8,9.4,4.9,5.4,5.5,3.6,3.4,9,5.8,3.2,5.9,7,5.5,6.8,9,5.8,4.9,6.8,4.7,6.7,7.6,7,5.5,4.6,5.5,5.8,5.1,5.4,5.4,6.6,5.7,5.9,3.6,4.2,4.5,7.6,6.9,4,,,,,,,,,,,,,,,,,,,,,,,,,,,,,,,,,,,,,,,,,25.8,25.6,27.2,24.8,26.4,26.4,25.4,25.1,25.6,26.9,26.4,25.9,24.8,25.7,25.9,25.3,26.1,26.3,25.8,25.7,26.4,26.6,24.9,25.5,25,24.6,24.5,25.4,26.1,26.7,25.3,59,57,56,53,58,63,48,57,58,66,56,53,58,52,64,51,53,65,60,55,57,58,62,56,48,64,56,58,56,71,62,0,0,0,0,0,0,0,0,0,0,0,0,0,0,0,0,0,0,0,0,0,0,0,0,0,0,0,0,0,0,0,23.7,19.4,14.3,17,16.3,20.7,15.3,23,14,23.8,12.5,13.3,21.4,11.9,20.9,10.7,17.4,22.3,19.1,15.2,19.3,24,23.2,16.9,14.7,28.2,22.3,19.5,25,35.4,17.3,24.5,21.2,17.6,18.7,18.7,22.7,17.6,24.5,16.9,25.9,15.5,15.5,22.3,13,23,15.1,19.8,24.1,19.8,17.3,20.9,26.6,24.8,19.1,16.9,29.5,23.4,19.8,28.4,42.1,17.6,,,,,,22.2204,114.2127
2026-10-09T17:00,25.6,26,25.4,26.1,25,26.5,25.5,27,25.4,26.3,25.5,27.4,26.6,26.8,26.2,25.1,26.5,25.8,26.9,25.6,25.9,26.6,23.2,26.8,24.6,26.7,25.6,25.4,25.1,25.7,25.4,26.7,24.7,26.6,25.6,26.4,25.9,26.3,25.1,25.7,74,67,73,70,81,72,75,68,67,70,70,66,70,80,68,80,73,75,68,74,65,71,78,67,72,62,73,77,68,72,77,70,72,72,73,69,81,74,73,76,0,0,0,0,0,0,0,0,0,0,0,0,0,0,0,0,0,0,0,0,0,0,0.1,0,0,0,0,0,0,0,0,0,0,0,0,0,0,0,0,0,5.2,4.9,5.9,9.5,4.8,4.6,5.1,3.1,3.3,8.7,5.4,2.9,6.1,7.2,5.7,6.5,8.4,5.2,4.5,6.9,4.7,7.2,7.9,6.7,5.7,4.4,5,6.2,5.6,5,5.9,6.1,5,5.4,3.7,4,4.7,7.6,6.3,4.1,,,,,,,,,,,,,,,,,,,,,,,,,,,,,,,,,,,,,,,,,25.8,25.7,27.3,24.9,26.3,26.4,25.5,25.1,25.8,26.7,26.5,25.8,24.8,25.6,26,25.4,26.2,26.5,25.8,25.7,26.5,26.6,24.9,25.4,25.1,24.6,24.5,25.4,26.1,26.8,25.3,60,58,56,54,59,64,48,58,58,69,56,54,58,52,64,51,54,66,60,56,58,60,64,58,47,66,57,58,60,72,62,0,0,0,0,0,0,0,0,0,0,0,0,0,0,0,0,0,0,0,0,0,0,0,0,0,0,0,0,0,0,0,23.6,20.3,13.8,16.9,16.4,21.2,15.2,22.5,13.4,24.5,12.7,14.4,20.6,12.3,22,11.4,18.3,22.6,19.1,16.2,19.6,25.1,24.2,17.3,14.6,27.8,22.4,21,25.6,34.7,16.1,24.5,22,17.3,19.4,19.1,23.4,18,23.8,17.3,26.3,15.8,16.6,21.2,13.3,24.8,16.6,20.5,24.5,20.2,18.4,21.2,27.7,25.2,19.8,17.3,29.2,23,21.6,28.8,41.4,15.5,,,,,,22.2204,114.2127
2026-10-09T18:00,25.7,26.1,25.5,26.2,25,26.6,25.6,27,25.5,26.4,25.7,27.6,26.8,27,26.3,25.1,26.6,25.9,27,25.7,26.1,26.8,23.2,27,24.7,26.9,25.7,25.5,25.2,25.8,25.5,26.8,24.8,26.7,25.7,26.6,26.1,26.4,25.1,25.8,74,67,74,71,81,72,76,68,67,71,70,65,71,80,69,81,73,75,68,75,64,71,78,68,73,63,74,78,69,72,78,71,72,72,73,70,83,74,73,77,0,0,0,0,0,0,0,0,0,0,0,0,0,0,0,0,0,0,0,0,0,0,0.1,0,0,0,0,0,0,0,0,0,0,0,0,0,0,0,0,0,5.2,4.7,6,9.6,5,4.2,5.1,2.9,2.8,8.8,5.4,2.9,6.1,7.2,6,6.2,8.2,4.7,3.8,7,4.7,7.6,8.1,6.1,6,4.7,5.1,6.8,5.8,4.7,6.2,5.4,4.5,5.1,3.9,4.3,4.8,7.6,5.8,4.5,,,,,,,,,,,,,,,,,,,,,,,,,,,,,,,,,,,,,,,,,25.8,25.6,27.3,25,26.3,26.5,25.4,25.1,25.9,26.6,26.6,25.7,24.9,25.6,26.2,25.5,26.2,26.6,25.9,25.7,26.5,26.7,24.8,25.4,25.1,24.6,24.5,25.4,26.1,26.8,25.2,61,59,56,54,61,65,49,59,58,72,57,55,58,52,64,51,56,67,60,58,60,62,66,60,48,68,58,59,64,72,63,0,0,0,0,0,0,0,0,0,0,0,0,0,0,0,0,0,0,0,0,0,0,0,0,0,0,0,0,0,0,0,23.6,20.8,14,16.9,17.4,21.2,16,22,13.3,24.8,14.6,14.8,19.5,12.7,22.9,13.4,18.8,22,18.4,17.7,19.9,24.6,25.6,18.4,15.8,27.4,21.8,21,25.8,34.2,15.2,24.8,22.7,17.3,19.4,19.8,23.4,19.1,23.4,17.3,26.6,17.3,16.9,20.9,14.4,26.3,18,20.9,24.1,20.2,19.8,22.3,27.7,26.6,20.9,18.4,29.2,23,22.3,29.5,40,14.8,,,,,,22.2204,114.2127
2026-10-09T19:00,25.7,26.1,25.6,26.3,25,26.7,25.7,27.1,25.6,26.5,25.8,27.7,26.8,27.1,26.3,25.1,26.6,26,27.1,25.8,26.3,26.9,23.2,27.2,24.7,26.9,25.7,25.6,25.2,25.8,25.5,26.9,24.9,26.8,25.8,26.7,26.2,26.4,25.1,25.8,75,67,75,72,82,72,77,69,67,72,69,64,72,81,70,81,73,76,68,76,64,72,78,68,74,63,75,79,70,73,79,71,72,73,73,70,84,75,73,77,0,0,0,0,0,0,0,0,0,0,0,0,0,0,0,0,0,0,0,0,0,0,0.1,0,0,0,0,0,0,0,0,0,0,0,0,0,0,0,0,0,5.3,4.5,6.2,9.7,5.1,4,4.7,2.8,2.6,8.5,5.1,2.9,6.5,7.3,5.8,5.9,8,4.3,3.3,6.7,4.7,7.9,8.2,5.6,5.8,4.7,4.8,7.1,6.3,4.4,6.6,5.1,4,4.8,3.7,4.3,5.2,7.3,5.6,4.4,,,,,,,,,,,,,,,,,,,,,,,,,,,,,,,,,,,,,,,,,25.8,25.6,27.3,25,26.3,26.5,25.4,25,26,26.4,26.6,25.7,24.9,25.7,26.4,25.6,26.1,26.6,25.9,25.6,26.5,26.7,24.8,25.4,25.1,24.5,24.5,25.5,26.1,26.8,25.2,63,61,57,54,63,67,51,60,58,75,58,55,58,52,63,52,59,69,60,60,62,63,69,62,50,69,60,60,68,71,64,0,0,0,0,0,0,0,0,0,0,0,0,0,0,0,0,0,0,0,0,0,0,0,0,0,0,0,0,0,0,0,23.2,21.8,14.3,16.9,18.5,21.4,17.3,21.3,13.2,24.5,16.8,15.1,18.6,13,23.1,16,19.4,20.7,17.4,19.9,20.3,23.6,27,20.2,17.7,26.7,21.1,20.7,25.9,33.3,14.8,25.6,23.4,17.3,18.7,20.9,23.4,20.2,23.4,17.6,27.4,19.4,16.9,20.9,15.8,27.4,19.1,21.2,23.4,19.8,21.6,23.4,27.4,29.2,22.3,19.8,29.5,23,22.7,30.6,37.8,14.8,,,,,,22.2204,114.2127
2026-10-09T20:00,25.7,26.2,25.6,26.3,25,26.8,25.7,27.2,25.7,26.6,25.9,27.8,26.9,27.2,26.4,25.1,26.7,26,27.2,25.8,26.3,27,23.2,27.2,24.7,27,25.7,25.7,25.3,25.9,25.6,26.9,24.9,26.9,25.8,26.8,26.3,26.5,25.1,25.8,75,67,75,72,82,72,78,69,67,72,69,64,72,81,70,81,73,76,68,76,64,72,78,68,74,63,75,79,70,73,79,71,72,73,73,70,84,75,73,78,0,0,0,0,0,0,0,0,0,0,0,0,0,0,0,0,0,0,0,0,0,0,0.1,0,0,0,0,0,0,0,0,0,0,0,0,0,0,0,0,0,5.3,4.2,6.3,9.7,5.1,3.7,4.5,2.8,2.6,8.6,5.1,2.9,6.5,7.3,6,5.6,7.6,4.3,3.3,6.8,4.7,8,8.4,5.6,5.8,4.7,4.5,7.3,6.3,4,6.8,4.9,3.7,4.8,3.7,4.3,5.4,7.4,5.3,4.6,,,,,,,,,,,,,,,,,,,,,,,,,,,,,,,,,,,,,,,,,25.8,25.5,27.2,25,26.3,26.5,25.4,25,26.1,26.2,26.6,25.7,25,25.8,26.6,25.5,26,26.6,25.9,25.6,26.5,26.7,24.7,25.3,25.1,24.5,24.6,25.5,26.2,26.8,25.1,64,62,58,55,65,68,52,61,58,77,60,56,58,52,63,54,61,70,61,62,64,64,71,64,51,70,61,61,70,71,65,0,0,0,0,0,0,0,0,0,0,0,0,0,0,0,0,0,0,0,0,0,0,0,0,0,0,0,0,0,0,0,22.6,22.1,14.6,16.9,19.3,21.6,17.5,20.9,13.4,24.3,18.4,15.2,17.2,13.4,23.7,17.8,19.6,19.6,17,21.4,20.4,22.6,28.5,21.4,18.6,25.9,20.8,20.3,26.2,32.1,14.4,25.9,24.1,16.9,18.7,21.2,23.8,20.9,23.4,17.3,27.4,20.9,16.9,19.8,16.6,28.4,19.8,21.6,22.7,19.8,23.4,24.1,26.6,31,23.4,20.9,29.5,23,23,31.7,36,15.1,,,,,,22.2204,114.2127
2026-10-09T21:00,25.7,26.1,25.6,26.3,25,26.7,25.7,27.2,25.7,26.6,25.9,27.8,26.9,27.2,26.4,25.1,26.7,26,27.2,25.8,26.3,27,23.3,27.2,24.7,27,25.7,25.7,25.3,25.9,25.6,26.9,24.9,26.9,25.8,26.8,26.3,26.5,25.1,25.8,75,67,75,72,82,72,78,70,67,72,69,64,72,81,70,81,73,76,68,76,64,72,78,68,74,63,75,79,70,73,79,71,72,73,73,70,84,75,73,79,0,0,0,0,0,0,0,0,0,0,0,0,0,0,0,0,0,0,0,0,0,0,0,0,0,0,0,0,0,0,0,0,0,0,0,0,0,0,0,0,5.3,3.9,6,9.6,5.1,3.6,4.1,2.8,2.6,8.6,5.1,2.9,6.9,7.3,6,5.6,7.3,4.3,3.3,6.8,4.7,8,8.4,5.7,5.6,4.7,4.1,7.3,6.3,3.7,6.8,4.7,3.7,4.8,3.4,4.3,5.2,7.4,5.2,4.3,,,,,,,,,,,,,,,,,,,,,,,,,,,,,,,,,,,,,,,,,25.8,25.4,26.9,24.9,26.2,26.4,25.4,25.1,25.9,26.2,26.5,25.7,25.1,25.8,26.7,25.2,26,26.6,25.8,25.4,26.5,26.8,24.7,25.2,25.1,24.5,24.7,25.6,26.3,26.9,25.2,64,63,60,56,67,69,52,61,58,78,62,57,57,52,63,58,63,71,62,65,65,64,71,67,51,71,62,63,70,71,66,0,0,0,0,0,0.1,0,0,0,0,0,0,0,0,0,0,0,0,0,0,0,0,0,0,0,0,0,0,0,0,0,21.5,22.1,14.3,17.2,18.9,22.8,16.5,20.6,13.4,23.8,18.4,15.3,14.2,12.8,24.4,17.7,19.9,19.5,17.4,22.5,20.1,21.9,29.3,21.8,18,25.2,20.9,20.3,26.9,30.8,14.6,25.2,24.5,16.2,19.1,20.9,24.8,20.5,23.4,16.2,26.6,20.9,17.3,16.9,15.8,29.5,19.1,22.7,22.3,20.2,24.5,23.8,26.3,32.4,23.8,20.5,28.8,23,23,33.1,34.2,15.8,,,,,,22.2204,114.2127
2026-10-09T22:00,25.7,26.1,25.6,26.3,25,26.6,25.7,27.2,25.7,26.5,25.9,27.7,26.8,27.2,26.4,25.1,26.7,26,27.2,25.8,26.3,27,23.4,27,24.8,26.9,25.5,25.7,25.3,25.9,25.6,26.8,24.9,26.9,25.8,26.8,26.3,26.4,25.1,25.8,75,67,75,71,83,71,78,70,68,72,69,64,72,81,71,81,73,76,68,76,64,72,78,68,74,63,75,80,70,73,79,71,73,73,72,70,83,75,73,79,0,0,0,0,0,0,0,0,0,0,0,0,0,0,0,0,0,0,0,0,0,0,0,0,0,0,0,0,0,0,0,0,0,0,0,0,0,0,0,0,5.2,3.8,5.5,9.2,4.9,3.6,3.3,2.3,2.3,8,5.1,2.9,6.8,7.3,5.3,5.2,7.1,4.7,3.3,6.3,5,7.9,8.2,6,5.2,4.7,3.3,6.9,6,3.3,7,4.8,3.6,4.8,2.9,4.3,4.8,6.9,5,4.1,,,,,,,,,,,,,,,,,,,,,,,,,,,,,,,,,,,,,,,,,25.9,25.4,26.6,24.9,26.1,26.4,25.5,25.2,25.7,26.1,26.3,25.7,25.1,25.8,26.9,24.7,26,26.6,25.8,25.2,26.6,26.9,24.7,25,25.1,24.6,24.9,25.6,26.4,27,25.2,64,65,63,58,69,71,52,62,59,78,63,59,55,52,64,62,64,72,64,68,66,64,71,70,51,71,62,65,68,72,66,0,0,0,0,0,0.1,0,0,0,0,0,0,0,0,0,0,0,0,0,0,0,0,0,0,0,0,0,0,0,0,0,20.5,21.7,13.4,17.9,18.3,24.4,14.8,20.3,13.7,22.9,17.7,15.2,10.6,11.7,24.9,17.2,20.6,19.4,18.1,23.3,19.6,21.4,30.1,21.7,16.6,24.6,21.1,20.3,28.1,29.1,15.2,23.8,24.5,15.1,19.4,20.2,26.3,19.4,23,14.8,25.9,19.8,17.6,13,14,31,17.6,23.8,22.3,20.9,25.2,22.7,25.6,33.5,24.1,19.8,27.4,23,22.7,34.6,32.8,16.6,,,,,,22.2204,114.2127
2026-10-09T23:00,25.7,26,25.6,26.2,25,26.5,25.7,27.2,25.6,26.4,25.8,27.6,26.8,27.1,26.3,25.1,26.6,25.9,27.2,25.8,26.1,27,23.6,26.7,24.8,26.8,25.4,25.6,25.3,26,25.5,26.6,24.8,26.8,25.8,26.7,26.2,26.4,25.2,25.8,75,67,75,70,83,71,78,71,69,73,68,64,72,80,71,82,72,76,68,76,64,71,78,67,74,64,75,80,71,72,79,71,73,72,72,70,82,74,73,80,0,0,0,0,0,0,0,0,0,0,0,0,0,0,0,0,0,0,0,0,0,0,0,0,0,0,0,0,0,0,0,0,0,0,0,0,0,0,0,0,5.4,3.8,4.6,8.7,4.5,3.9,2.9,2,2.5,8,5.4,3.2,7.2,7.2,5,5.1,6.6,5,3.7,6.2,5.2,7.6,8.1,6.4,4.6,4.7,2.9,6.6,5.9,2.9,6.7,5.5,3.8,4.8,2.3,4.3,4.7,6.8,4.8,3.6,,,,,,,,,,,,,,,,,,,,,,,,,,,,,,,,,,,,,,,,,25.9,25.4,26.4,24.8,26,26.3,25.6,25.3,25.5,26.1,26.2,25.7,25.2,25.7,26.9,24.3,25.9,26.6,25.7,25.1,26.6,26.9,24.7,24.8,25,24.7,25,25.7,26.4,27,25.2,64,66,65,59,71,72,53,62,60,78,65,60,54,52,65,65,66,73,66,71,67,64,70,72,51,71,62,66,68,73,67,0,0,0,0,0,0.1,0,0,0,0,0,0,0,0,0,0,0,0,0,0,0,0,0,0,0,0,0,0,0,0,0,19.7,21.4,13,18,17.7,25.6,14,20.1,14.1,22.5,17,15.6,8.7,10.4,25.3,16.3,21.3,19.5,18.8,24.1,19,21.3,30.2,22.4,15.8,23.6,21.4,20.1,29.4,28.4,15.8,22.7,24.5,14,20.2,19.8,27.7,18.7,23,14,25.6,19.1,18,10.8,12.2,31.7,16.6,24.8,22.3,21.2,26.3,22,25.2,33.8,24.8,19.4,26.3,23.4,22.3,36,32,17.3,,,,,,22.2204,114.2127
