time,temperature_2m_icon_seamless_eps (°C),temperature_2m_member01_icon_seamless_eps (°C),temperature_2m_member02_icon_seamless_eps (°C),temperature_2m_member03_icon_seamless_eps (°C),temperature_2m_member04_icon_seamless_eps (°C),temperature_2m_member05_icon_seamless_eps (°C),temperature_2m_member06_icon_seamless_eps (°C),temperature_2m_member07_icon_seamless_eps (°C),temperature_2m_member08_icon_seamless_eps (°C),temperature_2m_member09_icon_seamless_eps (°C),temperature_2m_member10_icon_seamless_eps (°C),temperature_2m_member11_icon_seamless_eps (°C),temperature_2m_member12_icon_seamless_eps (°C),temperature_2m_member13_icon_seamless_eps (°C),temperature_2m_member14_icon_seamless_eps (°C),temperature_2m_member15_icon_seamless_eps (°C),temperature_2m_member16_icon_seamless_eps (°C),temperature_2m_member17_icon_seamless_eps (°C),temperature_2m_member18_icon_seamless_eps (°C),temperature_2m_member19_icon_seamless_eps (°C),temperature_2m_member20_icon_seamless_eps (°C),temperature_2m_member21_icon_seamless_eps (°C),temperature_2m_member22_icon_seamless_eps (°C),temperature_2m_member23_icon_seamless_eps (°C),temperature_2m_member24_icon_seamless_eps (°C),temperature_2m_member25_icon_seamless_eps (°C),temperature_2m_member26_icon_seamless_eps (°C),temperature_2m_member27_icon_seamless_eps (°C),temperature_2m_member28_icon_seamless_eps (°C),temperature_2m_member29_icon_seamless_eps (°C),temperature_2m_member30_icon_seamless_eps (°C),temperature_2m_member31_icon_seamless_eps (°C),temperature_2m_member32_icon_seamless_eps (°C),temperature_2m_member33_icon_seamless_eps (°C),temperature_2m_member34_icon_seamless_eps (°C),temperature_2m_member35_icon_seamless_eps (°C),temperature_2m_member36_icon_seamless_eps (°C),temperature_2m_member37_icon_seamless_eps (°C),temperature_2m_member38_icon_seamless_eps (°C),temperature_2m_member39_icon_seamless_eps (°C),relativehumidity_2m_icon_seamless_eps (%),relativehumidity_2m_member01_icon_seamless_eps (%),relativehumidity_2m_member02_icon_seamless_eps (%),relativehumidity_2m_member03_icon_seamless_eps (%),relativehumidity_2m_member04_icon_seamless_eps (%),relativehumidity_2m_member05_icon_seamless_eps (%),relativehumidity_2m_member06_icon_seamless_eps (%),relativehumidity_2m_member07_icon_seamless_eps (%),relativehumidity_2m_member08_icon_seamless_eps (%),relativehumidity_2m_member09_icon_seamless_eps (%),relativehumidity_2m_member10_icon_seamless_eps (%),relativehumidity_2m_member11_icon_seamless_eps (%),relativehumidity_2m_member12_icon_seamless_eps (%),relativehumidity_2m_member13_icon_seamless_eps (%),relativehumidity_2m_member14_icon_seamless_eps (%),relativehumidity_2m_member15_icon_seamless_eps (%),relativehumidity_2m_member16_icon_seamless_eps (%),relativehumidity_2m_member17_icon_seamless_eps (%),relativehumidity_2m_member18_icon_seamless_eps (%),relativehumidity_2m_member19_icon_seamless_eps (%),relativehumidity_2m_member20_icon_seamless_eps (%),relativehumidity_2m_member21_icon_seamless_eps (%),relativehumidity_2m_member22_icon_seamless_eps (%),relativehumidity_2m_member23_icon_seamless_eps (%),relativehumidity_2m_member24_icon_seamless_eps (%),relativehumidity_2m_member25_icon_seamless_eps (%),relativehumidity_2m_member26_icon_seamless_eps (%),relativehumidity_2m_member27_icon_seamless_eps (%),relativehumidity_2m_member28_icon_seamless_eps (%),relativehumidity_2m_member29_icon_seamless_eps (%),relativehumidity_2m_member30_icon_seamless_eps (%),relativehumidity_2m_member31_icon_seamless_eps (%),relativehumidity_2m_member32_icon_seamless_eps (%),relativehumidity_2m_member33_icon_seamless_eps (%),relativehumidity_2m_member34_icon_seamless_eps (%),relativehumidity_2m_member35_icon_seamless_eps (%),relativehumidity_2m_member36_icon_seamless_eps (%),relativehumidity_2m_member37_icon_seamless_eps (%),relativehumidity_2m_member38_icon_seamless_eps (%),relativehumidity_2m_member39_icon_seamless_eps (%),rain_icon_seamless_eps (mm),rain_member01_icon_seamless_eps (mm),rain_member02_icon_seamless_eps (mm),rain_member03_icon_seamless_eps (mm),rain_member04_icon_seamless_eps (mm),rain_member05_icon_seamless_eps (mm),rain_member06_icon_seamless_eps (mm),rain_member07_icon_seamless_eps (mm),rain_member08_icon_seamless_eps (mm),rain_member09_icon_seamless_eps (mm),rain_member10_icon_seamless_eps (mm),rain_member11_icon_seamless_eps (mm),rain_member12_icon_seamless_eps (mm),rain_member13_icon_seamless_eps (mm),rain_member14_icon_seamless_eps (mm),rain_member15_icon_seamless_eps (mm),rain_member16_icon_seamless_eps (mm),rain_member17_icon_seamless_eps (mm),rain_member18_icon_seamless_eps (mm),rain_member19_icon_seamless_eps (mm),rain_member20_icon_seamless_eps (mm),rain_member21_icon_seamless_eps (mm),rain_member22_icon_seamless_eps (mm),rain_member23_icon_seamless_eps (mm),rain_member24_icon_seamless_eps (mm),rain_member25_icon_seamless_eps (mm),rain_member26_icon_seamless_eps (mm),rain_member27_icon_seamless_eps (mm),rain_member28_icon_seamless_eps (mm),rain_member29_icon_seamless_eps (mm),rain_member30_icon_seamless_eps (mm),rain_member31_icon_seamless_eps (mm),rain_member32_icon_seamless_eps (mm),rain_member33_icon_seamless_eps (mm),rain_member34_icon_seamless_eps (mm),rain_member35_icon_seamless_eps (mm),rain_member36_icon_seamless_eps (mm),rain_member37_icon_seamless_eps (mm),rain_member38_icon_seamless_eps (mm),rain_member39_icon_seamless_eps (mm),windspeed_10m_icon_seamless_eps (km/h),windspeed_10m_member01_icon_seamless_eps (km/h),windspeed_10m_member02_icon_seamless_eps (km/h),windspeed_10m_member03_icon_seamless_eps (km/h),windspeed_10m_member04_icon_seamless_eps (km/h),windspeed_10m_member05_icon_seamless_eps (km/h),windspeed_10m_member06_icon_seamless_eps (km/h),windspeed_10m_member07_icon_seamless_eps (km/h),windspeed_10m_member08_icon_seamless_eps (km/h),windspeed_10m_member09_icon_seamless_eps (km/h),windspeed_10m_member10_icon_seamless_eps (km/h),windspeed_10m_member11_icon_seamless_eps (km/h),windspeed_10m_member12_icon_seamless_eps (km/h),windspeed_10m_member13_icon_seamless_eps (km/h),windspeed_10m_member14_icon_seamless_eps (km/h),windspeed_10m_member15_icon_seamless_eps (km/h),windspeed_10m_member16_icon_seamless_eps (km/h),windspeed_10m_member17_icon_seamless_eps (km/h),windspeed_10m_member18_icon_seamless_eps (km/h),windspeed_10m_member19_icon_seamless_eps (km/h),windspeed_10m_member20_icon_seamless_eps (km/h),windspeed_10m_member21_icon_seamless_eps (km/h),windspeed_10m_member22_icon_seamless_eps (km/h),windspeed_10m_member23_icon_seamless_eps (km/h),windspeed_10m_member24_icon_seamless_eps (km/h),windspeed_10m_member25_icon_seamless_eps (km/h),windspeed_10m_member26_icon_seamless_eps (km/h),windspeed_10m_member27_icon_seamless_eps (km/h),windspeed_10m_member28_icon_seamless_eps (km/h),windspeed_10m_member29_icon_seamless_eps (km/h),windspeed_10m_member30_icon_seamless_eps (km/h),windspeed_10m_member31_icon_seamless_eps (km/h),windspeed_10m_member32_icon_seamless_eps (km/h),windspeed_10m_member33_icon_seamless_eps (km/h),windspeed_10m_member34_icon_seamless_eps (km/h),windspeed_10m_member35_icon_seamless_eps (km/h),windspeed_10m_member36_icon_seamless_eps (km/h),windspeed_10m_member37_icon_seamless_eps (km/h),windspeed_10m_member38_icon_seamless_eps (km/h),windspeed_10m_member39_icon_seamless_eps (km/h),windgusts_10m_icon_seamless_eps (undefined),windgusts_10m_member01_icon_seamless_eps (undefined),windgusts_10m_member02_icon_seamless_eps (undefined),windgusts_10m_member03_icon_seamless_eps (undefined),windgusts_10m_member04_icon_seamless_eps (undefined),windgusts_10m_member05_icon_seamless_eps (undefined),windgusts_10m_member06_icon_seamless_eps (undefined),windgusts_10m_member07_icon_seamless_eps (undefined),windgusts_10m_member08_icon_seamless_eps (undefined),windgusts_10m_member09_icon_seamless_eps (undefined),windgusts_10m_member10_icon_seamless_eps (undefined),windgusts_10m_member11_icon_seamless_eps (undefined),windgusts_10m_member12_icon_seamless_eps (undefined),windgusts_10m_member13_icon_seamless_eps (undefined),windgusts_10m_member14_icon_seamless_eps (undefined),windgusts_10m_member15_icon_seamless_eps (undefined),windgusts_10m_member16_icon_seamless_eps (undefined),windgusts_10m_member17_icon_seamless_eps (undefined),windgusts_10m_member18_icon_seamless_eps (undefined),windgusts_10m_member19_icon_seamless_eps (undefined),windgusts_10m_member20_icon_seamless_eps (undefined),windgusts_10m_member21_icon_seamless_eps (undefined),windgusts_10m_member22_icon_seamless_eps (undefined),windgusts_10m_member23_icon_seamless_eps (undefined),windgusts_10m_member24_icon_seamless_eps (undefined),windgusts_10m_member25_icon_seamless_eps (undefined),windgusts_10m_member26_icon_seamless_eps (undefined),windgusts_10m_member27_icon_seamless_eps (undefined),windgusts_10m_member28_icon_seamless_eps (undefined),windgusts_10m_member29_icon_seamless_eps (undefined),windgusts_10m_member30_icon_seamless_eps (undefined),windgusts_10m_member31_icon_seamless_eps (undefined),windgusts_10m_member32_icon_seamless_eps (undefined),windgusts_10m_member33_icon_seamless_eps (undefined),windgusts_10m_member34_icon_seamless_eps (undefined),windgusts_10m_member35_icon_seamless_eps (undefined),windgusts_10m_member36_icon_seamless_eps (undefined),windgusts_10m_member37_icon_seamless_eps (undefined),windgusts_10m_member38_icon_seamless_eps (undefined),windgusts_10m_member39_icon_seamless_eps (undefined),temperature_2m_ncep_gefs_seamless (°C),temperature_2m_member01_ncep_gefs_seamless (°C),temperature_2m_member02_ncep_gefs_seamless (°C),temperature_2m_member03_ncep_gefs_seamless (°C),temperature_2m_member04_ncep_gefs_seamless (°C),temperature_2m_member05_ncep_gefs_seamless (°C),temperature_2m_member06_ncep_gefs_seamless (°C),temperature_2m_member07_ncep_gefs_seamless (°C),temperature_2m_member08_ncep_gefs_seamless (°C),temperature_2m_member09_ncep_gefs_seamless (°C),temperature_2m_member10_ncep_gefs_seamless (°C),temperature_2m_member11_ncep_gefs_seamless (°C),temperature_2m_member12_ncep_gefs_seamless (°C),temperature_2m_member13_ncep_gefs_seamless (°C),temperature_2m_member14_ncep_gefs_seamless (°C),temperature_2m_member15_ncep_gefs_seamless (°C),temperature_2m_member16_ncep_gefs_seamless (°C),temperature_2m_member17_ncep_gefs_seamless (°C),temperature_2m_member18_ncep_gefs_seamless (°C),temperature_2m_member19_ncep_gefs_seamless (°C),temperature_2m_member20_ncep_gefs_seamless (°C),temperature_2m_member21_ncep_gefs_seamless (°C),temperature_2m_member22_ncep_gefs_seamless (°C),temperature_2m_member23_ncep_gefs_seamless (°C),temperature_2m_member24_ncep_gefs_seamless (°C),temperature_2m_member25_ncep_gefs_seamless (°C),temperature_2m_member26_ncep_gefs_seamless (°C),temperature_2m_member27_ncep_gefs_seamless (°C),temperature_2m_member28_ncep_gefs_seamless (°C),temperature_2m_member29_ncep_gefs_seamless (°C),temperature_2m_member30_ncep_gefs_seamless (°C),relativehumidity_2m_ncep_gefs_seamless (%),relativehumidity_2m_member01_ncep_gefs_seamless (%),relativehumidity_2m_member02_ncep_gefs_seamless (%),relativehumidity_2m_member03_ncep_gefs_seamless (%),relativehumidity_2m_member04_ncep_gefs_seamless (%),relativehumidity_2m_member05_ncep_gefs_seamless (%),relativehumidity_2m_member06_ncep_gefs_seamless (%),relativehumidity_2m_member07_ncep_gefs_seamless (%),relativehumidity_2m_member08_ncep_gefs_seamless (%),relativehumidity_2m_member09_ncep_gefs_seamless (%),relativehumidity_2m_member10_ncep_gefs_seamless (%),relativehumidity_2m_member11_ncep_gefs_seamless (%),relativehumidity_2m_member12_ncep_gefs_seamless (%),relativehumidity_2m_member13_ncep_gefs_seamless (%),relativehumidity_2m_member14_ncep_gefs_seamless (%),relativehumidity_2m_member15_ncep_gefs_seamless (%),relativehumidity_2m_member16_ncep_gefs_seamless (%),relativehumidity_2m_member17_ncep_gefs_seamless (%),relativehumidity_2m_member18_ncep_gefs_seamless (%),relativehumidity_2m_member19_ncep_gefs_seamless (%),relativehumidity_2m_member20_ncep_gefs_seamless (%),relativehumidity_2m_member21_ncep_gefs_seamless (%),relativehumidity_2m_member22_ncep_gefs_seamless (%),relativehumidity_2m_member23_ncep_gefs_seamless (%),relativehumidity_2m_member24_ncep_gefs_seamless (%),relativehumidity_2m_member25_ncep_gefs_seamless (%),relativehumidity_2m_member26_ncep_gefs_seamless (%),relativehumidity_2m_member27_ncep_gefs_seamless (%),relativehumidity_2m_member28_ncep_gefs_seamless (%),relativehumidity_2m_member29_ncep_gefs_seamless (%),relativehumidity_2m_member30_ncep_gefs_seamless (%),rain_ncep_gefs_seamless (mm),rain_member01_ncep_gefs_seamless (mm),rain_member02_ncep_gefs_seamless (mm),rain_member03_ncep_gefs_seamless (mm),rain_member04_ncep_gefs_seamless (mm),rain_member05_ncep_gefs_seamless (mm),rain_member06_ncep_gefs_seamless (mm),rain_member07_ncep_gefs_seamless (mm),rain_member08_ncep_gefs_seamless (mm),rain_member09_ncep_gefs_seamless (mm),rain_member10_ncep_gefs_seamless (mm),rain_member11_ncep_gefs_seamless (mm),rain_member12_ncep_gefs_seamless (mm),rain_member13_ncep_gefs_seamless (mm),rain_member14_ncep_gefs_seamless (mm),rain_member15_ncep_gefs_seamless (mm),rain_member16_ncep_gefs_seamless (mm),rain_member17_ncep_gefs_seamless (mm),rain_member18_ncep_gefs_seamless (mm),rain_member19_ncep_gefs_seamless (mm),rain_member20_ncep_gefs_seamless (mm),rain_member21_ncep_gefs_seamless (mm),rain_member22_ncep_gefs_seamless (mm),rain_member23_ncep_gefs_seamless (mm),rain_member24_ncep_gefs_seamless (mm),rain_member25_ncep_gefs_seamless (mm),rain_member26_ncep_gefs_seamless (mm),rain_member27_ncep_gefs_seamless (mm),rain_member28_ncep_gefs_seamless (mm),rain_member29_ncep_gefs_seamless (mm),rain_member30_ncep_gefs_seamless (mm),windspeed_10m_ncep_gefs_seamless (km/h),windspeed_10m_member01_ncep_gefs_seamless (km/h),windspeed_10m_member02_ncep_gefs_seamless (km/h),windspeed_10m_member03_ncep_gefs_seamless (km/h),windspeed_10m_member04_ncep_gefs_seamless (km/h),windspeed_10m_member05_ncep_gefs_seamless (km/h),windspeed_10m_member06_ncep_gefs_seamless (km/h),windspeed_10m_member07_ncep_gefs_seamless (km/h),windspeed_10m_member08_ncep_gefs_seamless (km/h),windspeed_10m_member09_ncep_gefs_seamless (km/h),windspeed_10m_member10_ncep_gefs_seamless (km/h),windspeed_10m_member11_ncep_gefs_seamless (km/h),windspeed_10m_member12_ncep_gefs_seamless (km/h),windspeed_10m_member13_ncep_gefs_seamless (km/h),windspeed_10m_member14_ncep_gefs_seamless (km/h),windspeed_10m_member15_ncep_gefs_seamless (km/h),windspeed_10m_member16_ncep_gefs_seamless (km/h),windspeed_10m_member17_ncep_gefs_seamless (km/h),windspeed_10m_member18_ncep_gefs_seamless (km/h),windspeed_10m_member19_ncep_gefs_seamless (km/h),windspeed_10m_member20_ncep_gefs_seamless (km/h),windspeed_10m_member21_ncep_gefs_seamless (km/h),windspeed_10m_member22_ncep_gefs_seamless (km/h),windspeed_10m_member23_ncep_gefs_seamless (km/h),windspeed_10m_member24_ncep_gefs_seamless (km/h),windspeed_10m_member25_ncep_gefs_seamless (km/h),windspeed_10m_member26_ncep_gefs_seamless (km/h),windspeed_10m_member27_ncep_gefs_seamless (km/h),windspeed_10m_member28_ncep_gefs_seamless (km/h),windspeed_10m_member29_ncep_gefs_seamless (km/h),windspeed_10m_member30_ncep_gefs_seamless (km/h),windgusts_10m_ncep_gefs_seamless (km/h),windgusts_10m_member01_ncep_gefs_seamless (km/h),windgusts_10m_member02_ncep_gefs_seamless (km/h),windgusts_10m_member03_ncep_gefs_seamless (km/h),windgusts_10m_member04_ncep_gefs_seamless (km/h),windgusts_10m_member05_ncep_gefs_seamless (km/h),windgusts_10m_member06_ncep_gefs_seamless (km/h),windgusts_10m_member07_ncep_gefs_seamless (km/h),windgusts_10m_member08_ncep_gefs_seamless (km/h),windgusts_10m_member09_ncep_gefs_seamless (km/h),windgusts_10m_member10_ncep_gefs_seamless (km/h),windgusts_10m_member11_ncep_gefs_seamless (km/h),windgusts_10m_member12_ncep_gefs_seamless (km/h),windgusts_10m_member13_ncep_gefs_seamless (km/h),windgusts_10m_member14_ncep_gefs_seamless (km/h),windgusts_10m_member15_ncep_gefs_seamless (km/h),windgusts_10m_member16_ncep_gefs_seamless (km/h),windgusts_10m_member17_ncep_gefs_seamless (km/h),windgusts_10m_member18_ncep_gefs_seamless (km/h),windgusts_10m_member19_ncep_gefs_seamless (km/h),windgusts_10m_member20_ncep_gefs_seamless (km/h),windgusts_10m_member21_ncep_gefs_seamless (km/h),windgusts_10m_member22_ncep_gefs_seamless (km/h),windgusts_10m_member23_ncep_gefs_seamless (km/h),windgusts_10m_member24_ncep_gefs_seamless (km/h),windgusts_10m_member25_ncep_gefs_seamless (km/h),windgusts_10m_member26_ncep_gefs_seamless (km/h),windgusts_10m_member27_ncep_gefs_seamless (km/h),windgusts_10m_member28_ncep_gefs_seamless (km/h),windgusts_10m_member29_ncep_gefs_seamless (km/h),windgusts_10m_member30_ncep_gefs_seamless (km/h),temperature_2m_ecmwf_ifs04 (°C),relativehumidity_2m_ecmwf_ifs04 (%),rain_ecmwf_ifs04 (mm),windspeed_10m_ecmwf_ifs04 (km/h),windgusts_10m_ecmwf_ifs04 (undefined),latitude,longitude
2026-08-14T00:00,28.5,28.7,28.6,28.4,28.1,28.8,29.7,29.6,29,29,28.3,28.9,28.3,28.7,29.3,28.6,29.2,28.4,28.8,29.2,28.6,28.3,28.9,28.6,28.8,29,29.2,29.1,28.9,29.5,29.1,28.7,29.4,28.2,29.6,28.3,28.3,28.8,28.8,28.9,89,91,89,90,87,88,86,87,87,90,91,90,90,89,89,89,88,87,87,87,88,89,88,87,86,88,90,88,89,87,86,87,87,88,87,88,88,89,88,89,0.9,1.2,1.4,0.2,0.5,0,0.1,0,0.4,0.5,1.7,0.6,0.6,1.7,0,1.5,0,1.7,1.4,1.7,0.3,0,0.4,1.2,1.2,0,0,0.3,0,0,1.6,0.1,1,0.6,0,1.1,0.3,0,0,0,4.7,10.3,9.2,5.6,3.3,7,5.6,9.1,7.4,7.2,7,5,5.5,8.1,8.4,6.5,8,5.4,7.2,7.8,5.2,4.5,8.6,5.9,4,6.9,7.6,7.3,6.2,7.8,9,4.2,10.1,6.3,5,5.5,5.9,6.2,4,5.4,,,,,,,,,,,,,,,,,,,,,,,,,,,,,,,,,,,,,,,,,28.5,28.4,28.4,28.5,28.5,28.5,28.6,28.6,28.5,28.4,28.4,28.6,28.6,28.6,28.5,28.4,28.6,28.5,28.5,28.5,28.5,28.2,28.5,28.5,28.5,28.4,28.6,28.6,28.5,28.5,28.7,83,87,87,85,86,85,83,84,82,85,87,84,83,83,84,87,82,84,86,83,84,85,86,86,87,84,84,85,86,86,85,0.3,0.2,0.5,0.3,0.6,0.2,0.2,0.3,0.1,0.3,0.5,0.2,0,0.2,0.1,0.6,0.1,0.2,0.1,0.3,0.1,0.5,0.7,0.4,0.8,0.2,0.2,0.4,0.2,0.5,0.4,15.3,10.9,17.1,14.4,14.7,14,18.3,15,11.6,15.5,13.8,14.5,14.8,15.3,9.7,15.2,16.2,16,13.3,16.7,16.5,10.8,18.5,14.4,15.2,14.1,16.9,16.9,15.6,15.2,13.8,20.5,13.7,24.1,19.8,20.2,17.6,27,20.9,14.8,21.6,18.7,19.4,20.5,21.6,12.6,20.9,22.7,24.1,18.4,23.4,22.7,13.3,27,21.6,23.4,19.1,23,23.8,23,20.9,19.1,,,,,,22.2204,114.2127
2026-08-14T01:00,28.2,28.4,28.4,28.4,27.9,28.6,29.4,29.4,28.8,28.6,28.2,28.7,28.2,27.9,29.2,28.2,29.1,28,28.6,29,28.5,27.9,28.8,28.4,28.6,28.6,29.2,28.7,28.8,29.3,28.8,28.3,29.1,28,29.4,28.1,27.9,28.6,28.5,28.7,89,91,89,90,87,88,85,87,88,91,91,91,90,92,89,89,88,88,87,88,88,88,88,87,87,89,89,89,89,87,86,87,88,89,87,88,89,89,88,89,1,4.4,1.5,0.3,0.6,0,0.5,0.1,0.8,1.5,1.9,1.9,0.8,3.1,0,1.3,0.1,1.1,1.6,2.4,0.7,0.6,1.3,0.7,1.9,0.3,0,1.6,0,0.2,1.6,0.9,3,0.6,0,0.5,0.5,1.1,0.1,0,4,11,8,5.8,3.1,6.7,7,8.8,6.4,6.8,7.2,6.1,5.1,6.9,8.6,6,8.3,5.1,6.8,7.5,4.7,4,8.3,4.6,3.3,5.9,7.9,6.5,6.2,7,8.7,3.3,9.5,5.8,5.8,4.9,4.3,7.2,4.3,5.8,,,,,,,,,,,,,,,,,,,,,,,,,,,,,,,,,,,,,,,,,28.2,28.1,28.2,28.2,28.4,28.3,28.4,28.4,28.2,28.2,28.2,28.2,28.3,28.3,28.2,28.3,28.4,28.2,28.3,28.4,28.3,28.2,28.4,28.4,28.4,28.3,28.3,28.3,28.2,28.3,28.4,84,87,88,86,85,85,84,84,83,85,86,87,83,83,85,85,83,87,85,84,85,85,85,86,86,84,85,86,87,87,86,0.3,0.2,0.5,0.3,0.6,0.2,0.2,0.3,0.1,0.3,0.5,0.2,0,0.2,0.1,0.6,0.1,0.2,0.1,0.3,0.1,0.5,0.7,0.4,0.8,0.2,0.2,0.4,0.2,0.5,0.4,15.1,9.8,15.5,14.1,16.5,14.8,18.2,16.5,13.4,16.1,11.9,14.3,13.9,14.1,11.4,13,16.6,13.9,13.8,17,17.9,13.9,19.2,12.4,16.3,13.1,18.5,15.6,15.9,15.1,16.3,20.2,11.5,20.9,18,21.6,18.7,24.5,22.3,17.3,20.9,14.8,18.7,19.1,19.4,15.1,16.9,23,19.4,18.4,23.8,23.8,17.3,26.6,16.9,23.8,16.2,25.6,20.9,21.6,20.5,22.7,,,,,,22.2204,114.2127
2026-08-14T02:00,27.9,28.2,28.2,28.2,27.6,28.4,29,28.9,28.6,28.3,28,28.5,28,27.7,29.1,28,29,27.6,28.5,28.8,28.3,27.7,28.9,28,28.4,28.2,29.1,28.4,28.6,29.1,28.4,27.9,28.9,27.7,29.1,27.8,27.3,28.3,28.4,28.6,89,92,89,90,88,88,86,88,88,92,91,91,90,92,88,89,88,89,87,88,88,89,88,88,87,90,89,90,89,87,88,87,89,89,87,89,91,90,88,89,0.6,3.8,0.6,0.8,0.3,0.6,1.8,0.9,1.1,3.1,1.8,1.9,0.7,1.4,0,0.4,0.1,0.5,0.6,3.1,1.2,0.1,0.3,1.3,1.5,0.5,0,1.5,0,0.4,0.8,1,3.7,0.5,1,0.6,0.8,3.6,0,0,3.2,11.3,7.2,5.4,1.8,7.7,4.9,9.9,5.8,7.3,6.1,7,4.5,5.2,9.7,5,8.4,4,5.1,7.3,4.7,3,8.3,4.2,2.9,5.9,9,6.2,5.8,6.9,7.3,2.9,10.5,4.1,5.4,4.5,3,7.9,4.2,6.1,,,,,,,,,,,,,,,,,,,,,,,,,,,,,,,,,,,,,,,,,28.1,27.9,28,28.1,28.3,28.1,28.2,28.3,28,28.1,28.1,27.9,28.1,28.1,28.1,28.2,28.2,27.9,28.2,28.2,28.1,28.2,28.3,28.2,28.3,28.1,28.1,28.1,28.1,28.1,28.3,85,86,88,87,84,85,84,84,84,85,85,88,84,83,85,84,84,89,84,85,85,86,84,86,85,84,86,86,87,87,87,0.3,0.2,0.5,0.3,0.6,0.2,0.2,0.3,0.1,0.3,0.5,0.2,0,0.2,0.1,0.6,0.1,0.2,0.1,0.3,0.1,0.5,0.7,0.4,0.8,0.2,0.2,0.4,0.2,0.5,0.4,14.7,8.7,14,13.5,17.4,14.8,17.3,17.4,14.1,15.6,10.4,13.8,13.4,13,12.8,11.8,16.3,12.1,13.7,17.4,18.4,15.5,19.1,11.3,16.5,11.8,19.2,14.5,15.6,15.1,17.9,19.1,9.7,18,16.6,22.7,19.1,22,23,18,19.8,11.5,17.6,17.6,16.9,16.6,14.8,22.3,15.5,18,23.8,24.5,19.8,25.6,13.3,22.7,13.7,26.6,18.4,19.8,19.8,24.5,,,,,,22.2204,114.2127
2026-08-14T03:00,27.7,28.1,28.2,28.1,27.5,28.2,28.6,28.6,28.4,28.1,27.9,28.2,27.9,27.6,28.9,27.8,28.9,27.3,28.3,28.6,28.2,27.5,28.9,27.9,28.1,28,29,28,28.5,28.9,28.1,27.5,28.7,27.6,28.9,27.7,27,28,28.2,28.5,90,92,89,91,88,90,87,89,89,92,91,91,91,91,89,90,88,91,87,89,89,89,88,89,87,89,89,90,89,88,90,88,89,90,88,89,91,92,88,90,0.2,2.7,0.7,0.6,0.1,0.3,3,1.7,1,6.8,1.5,3.1,0.5,1.9,0.2,0.2,0.1,0.6,1,4.1,1.1,0.2,0.5,1.5,1.2,0.6,0,1.7,0,0.9,0.1,0.9,3.8,0.5,2.3,0.2,0.4,2.6,0.1,0,2.5,11.6,7,5.4,0.7,8.9,4.2,10.8,4.7,8.7,6.8,7.3,4.5,4.5,9.7,4.5,7.9,3.6,4.8,8,4,2.7,10.1,3.1,2.2,5.4,10.1,6.2,5.4,6.5,5.4,2.2,11.3,3.2,5.2,4.4,2.9,6.5,3.3,6.5,,,,,,,,,,,,,,,,,,,,,,,,,,,,,,,,,,,,,,,,,28,27.9,28,28,28.2,28,28.1,28.2,28,28.1,28,27.8,28,28,28,28.1,28.1,27.8,28.2,28.1,27.9,28.1,28.2,28.1,28.2,28.1,27.8,28,28.1,28.2,28.2,85,85,87,86,84,84,85,83,84,85,85,88,84,83,85,84,84,89,83,85,85,86,84,86,85,84,86,85,86,86,86,0.2,0.1,0.3,0.2,1,0.4,0.3,0.2,0.3,0.5,0.2,0.5,0.3,0.2,0.1,0.4,0.1,0.3,0.1,0.4,0.1,0.5,0.4,0.5,0.3,0,0.1,0.4,0.1,0.3,0.2,13.4,6.9,12.2,12.5,16.6,14.3,15.7,17.2,12.4,13.9,9.8,12.3,12.6,11.4,12.7,12.4,14.9,10.4,12.9,16.6,17.9,14.8,17.7,10.5,14.3,10.6,18.1,13.1,14.5,13.7,16.6,17.6,7.9,15.5,15.5,22.7,19.1,19.8,23.4,15.8,17.6,10.4,15.8,16.6,14.8,16.6,15.5,20.5,12.6,16.9,22.7,24.1,19.1,23.4,11.9,19.1,12.2,25.6,16.9,18.4,18.7,22.7,,,,,,22.2204,114.2127
2026-08-14T04:00,27.3,28,28,27.9,27.3,27.8,28.5,28.5,28.3,28.1,27.8,28.1,27.8,27.5,28.5,27.6,28.7,27.2,28.1,28.1,28.1,27.3,28.8,27.7,27.9,28,28.8,27.8,28.3,28.9,28.1,27.3,28.7,27.4,28.8,27.6,26.7,27.9,28.1,28.5,92,93,90,91,88,86,88,89,89,92,91,91,91,91,89,90,89,91,88,92,89,90,88,90,88,89,90,90,89,88,91,89,89,90,88,89,92,92,89,89,1,2.4,0.9,1.2,0.3,0.1,5.5,3.3,0.7,6.8,1.3,2.5,0.4,1.3,0.6,0.5,0.2,1.4,0.5,3.3,1.1,0.2,1.1,1.1,0.8,0.2,0.2,1.3,0.2,0.8,0,0.4,2.6,0.4,3.3,0.3,0.5,2.7,0.1,0,2.6,11.6,6.6,5.8,0.7,8.1,5,11,3.5,9.7,6.5,7.4,4.9,4.6,11.9,4.8,8.6,4.7,4,9,3.6,2.6,12.4,3.4,1.8,4.4,10.9,5.2,5.4,6.8,5.2,1.8,10.5,3.3,4,3.2,2.8,5.8,3.2,7.2,,,,,,,,,,,,,,,,,,,,,,,,,,,,,,,,,,,,,,,,,28,27.9,28.1,28.1,28.1,27.9,28,28.1,28,28.1,28.1,27.9,28,28,28.1,28,28,27.8,28.2,28,27.8,28.1,28.2,28,28.1,28,27.4,28,28.1,28.3,28.2,85,85,85,84,85,84,85,83,84,85,84,86,84,84,84,84,83,89,83,85,84,85,84,85,85,83,86,84,84,84,85,0.2,0.1,0.3,0.2,1,0.4,0.3,0.2,0.3,0.5,0.2,0.5,0.3,0.2,0.1,0.4,0.1,0.3,0.1,0.4,0.1,0.5,0.4,0.5,0.3,0,0.1,0.4,0.1,0.3,0.2,11.5,4.7,10.5,11.9,15.3,13.4,13.5,16.3,9.7,11.6,9.6,10.6,12.1,10,11.8,13.9,12.9,8.2,11.6,15.1,16.9,13,15,9.7,10.8,9.4,16.9,11.9,13,12.7,14,15.8,6.5,13.3,14.8,22.3,18.7,17.3,23.4,12.2,15.5,10.4,14,15.5,13,15.5,17.6,18,10.1,15.8,21.2,23.4,17.3,20.5,11.5,14.4,11.5,22.7,16.2,16.9,17.3,19.4,,,,,,22.2204,114.2127
2026-08-14T05:00,27,27.8,27.9,27.8,27.1,27.6,28.4,28.7,28.2,27.8,27.7,28.1,27.7,27.5,28.4,27.4,28.6,27.2,28,28,28,27.2,28.9,27.5,27.8,27.9,28.6,27.6,27.9,29,28.1,27,28.7,27.2,28.6,27.7,26.4,28.1,28,28.3,93,93,90,91,89,81,88,89,89,93,91,91,91,92,89,91,89,91,89,90,89,90,87,89,89,89,91,90,90,88,92,89,89,91,89,88,92,90,89,88,1.1,2.3,0.5,1.3,0.3,0.1,6.8,0.3,0.8,2.4,0.9,1.1,0.3,1.1,2.1,0.2,0.2,1.1,1.3,0.9,0.8,0.1,0.7,0.9,0.7,0.2,0.5,1.5,0.8,0.2,0.4,0.5,1.5,0.3,3.6,0,0.6,0.2,0,0.2,2.6,11.7,5.5,5.4,1.8,3.6,4,11,3.3,9.3,6.1,7.5,5.1,4.7,12.9,4,9.2,3.7,3.3,5.7,3.1,2.8,13.9,3.8,2.3,5.8,10.9,4.7,5.8,7.6,4.2,2.4,9.2,3.6,3.3,3.2,2.8,5.6,3.2,8.4,,,,,,,,,,,,,,,,,,,,,,,,,,,,,,,,,,,,,,,,,28.1,28,28.2,28.1,28.1,28,28.1,28,28.1,28.2,28.1,28,28,28,28.2,27.9,28.1,27.8,28.2,28,27.8,28.1,28.2,28,28.2,28.1,27.2,28.1,28.2,28.1,28.2,84,84,84,83,85,83,85,82,84,85,84,85,83,84,83,84,83,88,82,85,83,84,84,84,85,83,86,83,82,84,84,0.2,0.1,0.3,0.2,1,0.4,0.3,0.2,0.3,0.5,0.2,0.5,0.3,0.2,0.1,0.4,0.1,0.3,0.1,0.4,0.1,0.5,0.4,0.5,0.3,0,0.1,0.4,0.1,0.3,0.2,10,3.1,9.5,10.8,14.3,12.6,11.4,15.4,7.8,9.7,8.7,9.2,10.9,8.6,11,14.9,11.2,7.2,10.7,14.3,15.7,12.1,12.9,8.6,8.3,8.4,15.1,11,11.5,12.1,12.3,14,5,12.6,13.3,22,18,14.8,22.7,9.7,13.3,10.1,11.9,14.4,11.2,14,19.1,15.1,8.6,14.4,19.8,22.7,16.2,18.4,10.8,11.2,10.4,19.1,15.1,15.5,16.6,17.3,,,,,,22.2204,114.2127
2026-08-14T06:00,27,27.7,27.8,27.9,26.9,27.5,28.3,28.8,28.2,27.6,27.6,28,27.7,27.4,28.3,27.3,28.6,27,27.9,27.9,27.9,27,28.8,27.5,27.7,27.8,28.7,27.3,27.8,29.2,28,27,28.7,27.1,28.5,27.6,26.4,28.2,28,28.2,93,93,90,90,90,82,88,88,89,92,92,90,90,92,89,92,90,91,90,91,90,91,87,89,89,88,90,91,90,86,92,89,89,92,89,88,91,89,90,88,0.7,0.8,0.5,0.3,0.1,0,2.6,0.1,0.7,1,1,0.7,0,0.7,2.3,0.2,0,0.7,1.8,0.3,0.7,0.1,0.8,1,0.4,0.5,0.5,1.4,0,0.3,2.3,0,1.3,0.2,3.4,0.1,0.4,0,0,0.5,2.8,10,4.1,5.4,2.8,1.8,2.1,11.3,2.9,5.9,6.1,7.6,4.8,4.6,12.4,3.7,9.2,4.1,3.2,4.3,2.6,3.1,13,3,2.5,5.1,11.6,5,4.7,10.5,5.5,2.5,7.5,3.7,2.3,3.4,2.8,6.6,3.2,8,,,,,,,,,,,,,,,,,,,,,,,,,,,,,,,,,,,,,,,,,28.1,28.1,28.2,28.2,28.2,28.1,28.2,28,28.2,28.2,28.2,28.2,28.1,28.1,28.3,27.4,28.1,27.9,28.3,28.1,27.9,28.3,28.3,28,28.3,28.2,27,28.2,28.3,27.5,28.2,83,83,83,83,85,82,84,82,83,85,84,83,83,83,82,85,83,87,81,84,83,82,83,83,83,83,86,82,81,86,84,0.5,0,0.7,0.2,1.8,0.8,0.1,0.6,0.5,0.3,0.2,0.6,0.2,0.4,0.1,1.5,0.6,0.6,0.1,0.8,0.8,0.5,1.1,0.1,1.1,0,0.1,0.3,0.6,1.2,1.1,7.8,2.1,9.9,8.9,13.7,11.6,9,13.2,6.8,8,6.2,7.5,9.8,6.9,9.4,14.4,8.4,7.1,9.4,13.6,15,11.9,11,6.7,7.8,6.9,11.2,9.9,10.2,12.3,12.3,11.2,4,14,11.2,21.2,17.3,12.2,20.5,8.6,11.5,7.9,9.7,13,9.4,11.9,19.4,11.5,8.3,12.6,18.7,22,16.9,16.9,8.6,10.1,8.6,13.3,13.3,13.7,16.6,17.6,,,,,,22.2204,114.2127
2026-08-14T07:00,27,27.8,27.8,28,27.1,27.6,28.4,28.6,28.2,27.6,27.5,27.9,27.9,27.4,28.5,27.3,29,27,28,27.7,27.9,26.9,28.7,27.5,27.7,28,28.8,27.3,27.9,29.4,27.9,26.9,28.6,27.2,28.5,27.4,26.6,28.3,28.2,28.1,93,92,92,89,90,84,87,87,90,93,92,90,90,91,88,91,88,92,91,92,90,91,87,89,89,88,89,91,90,85,93,89,89,92,90,88,90,89,89,88,0.4,0.2,0.7,0,0,0,0.2,0.6,0.6,0.9,1,0.8,0,0.9,0.8,0.2,0,0.8,1.2,0.5,0.5,0.1,3,0.6,0.2,0,0,0.8,0,0.1,1.2,0.1,1.7,0.2,2.1,0.1,0,0,0,0.4,3.3,7.4,1.9,4.7,3.3,3.7,1.3,12.9,2.7,3.1,5.9,6.1,4.8,5,11.8,4,9.3,3.9,3.1,3.5,3.1,3.8,12.1,2.5,3.3,4,12.4,3.6,4.8,9.8,5.4,3.2,6.2,3.9,1.5,4.2,3.6,7,3.9,7.1,,,,,,,,,,,,,,,,,,,,,,,,,,,,,,,,,,,,,,,,,28.3,28.2,28.3,28.2,28.4,28.2,28.4,28,28.4,28.3,28.2,28.5,28.3,28.3,28.4,26.8,28.3,27.9,28.5,28.3,28,28.6,28.5,28.2,28.5,28.3,27,28.4,28.4,26.7,28.2,82,83,83,83,84,82,83,82,82,84,83,82,82,82,81,87,83,86,81,83,83,80,82,82,81,82,85,80,81,89,83,0.5,0,0.7,0.2,1.8,0.8,0.1,0.6,0.5,0.3,0.2,0.6,0.2,0.4,0.1,1.5,0.6,0.6,0.1,0.8,0.8,0.5,1.1,0.1,1.1,0,0.1,0.3,0.6,1.2,1.1,5.6,1.9,12.4,6.4,12.9,10.8,6.6,11.2,6.4,7.8,3.3,5.5,8.6,5.6,7.1,14.8,5.2,7.8,7.9,13.1,14,12.7,10,4.4,8,5.4,5.4,8.9,9.2,13.2,13.3,8.3,3.2,16.6,8.3,20.2,16.6,9.4,17.6,8.6,10.4,5.4,7.6,11.2,7.9,9.4,19.4,7.6,9.4,10.4,18.4,20.9,18.7,16.6,6.1,10.4,6.8,6.8,11.9,12.2,17.6,19.1,,,,,,22.2204,114.2127
2026-08-14T08:00,27.2,28.1,28,28.2,27.4,27.9,27.9,28.4,28.3,27.8,27.7,28,28.3,27.4,29.1,27.5,29.8,27.1,28.1,28,28.2,27,29,27.9,27.9,28.1,28.3,27.4,28.3,29.7,28,27.2,28.8,27.5,28.6,27.4,26.9,28.7,28.4,28.8,92,90,90,89,89,84,89,88,89,93,91,89,88,90,85,90,85,91,90,92,89,91,86,87,89,87,92,91,88,85,93,88,89,91,89,88,89,88,87,85,0.4,0.1,0.5,0.6,0.2,0,5.4,4.6,0.2,0.9,1.3,0.6,0,1.1,0,0.3,0,0.4,0.6,0.2,0.4,0.1,1.2,0.1,0.4,0.5,1,0.7,0,0.1,0.4,0,1.2,0.5,2.2,0.1,0,0,0.2,0.1,3.8,7.1,3.6,4.7,3.8,6.3,4,11.4,3.2,4,6.9,6,5.2,4.7,12.3,4.7,12.5,4.3,4.1,4.7,3.4,4.4,11.6,3.1,3.3,5.1,13.4,3.3,5.1,8.1,6.6,3.8,6.7,4.5,1.8,4.4,4.3,6.8,4.5,8.1,,,,,,,,,,,,,,,,,,,,,,,,,,,,,,,,,,,,,,,,,28.5,28.5,28.4,28.4,28.6,28.5,28.7,28.2,28.6,28.4,28.4,28.5,28.5,28.5,28.7,26.6,28.5,28,28.7,28.5,28.3,28.6,28.6,28.4,28.8,28.6,27.1,28.7,28.5,26.1,28.3,81,81,82,82,83,81,81,82,80,83,82,81,81,81,80,88,82,85,80,81,82,79,81,81,79,81,84,79,80,91,83,0.5,0,0.7,0.2,1.8,0.8,0.1,0.6,0.5,0.3,0.2,0.6,0.2,0.4,0.1,1.5,0.6,0.6,0.1,0.8,0.8,0.5,1.1,0.1,1.1,0,0.1,0.3,0.6,1.2,1.1,5.4,2.2,15.1,5,12.6,10.7,5.8,10.5,6.5,8.8,3.5,4.7,8,6.5,6,16.5,4,8.8,7.4,13.4,13.7,14.3,10.9,4.1,9,4.6,1.3,8.6,8.7,14.8,14.2,7.2,3.2,18.7,6.8,19.4,15.8,7.9,16.6,9,11.2,5,6.5,10.4,8.6,7.9,19.1,5.8,10.8,9.7,18.4,20.2,20.9,17.3,5.4,11.5,6.1,3.2,11.2,11.2,19.1,20.9,,,,,,22.2204,114.2127
2026-08-14T09:00,27.4,28.6,28.2,28.5,27.6,28,27.5,29,28.5,28,27.9,28.2,28.7,27.6,30.1,27.7,30.4,27.3,28.3,28.4,28.6,27.4,29.5,28.5,28.1,28.7,28.1,27.6,28.6,29.5,28.1,27.4,29.2,27.6,28.9,27.8,27.3,28.9,28.9,30.2,92,87,89,88,88,87,90,85,89,92,90,89,86,89,81,89,80,90,90,88,87,89,85,84,89,85,93,90,86,86,93,88,87,90,87,87,88,86,85,77,0.6,0.2,0.4,1.2,0.6,0.7,2.8,0.4,0.2,1.5,2,0.6,0,0.3,0,0.7,0,0.5,0.2,0.8,0.3,0.2,0,0,0.6,0,1.9,0.3,0.1,1.2,0.6,0.2,1.3,1.3,1.2,0,0,0.3,0.2,0,4.2,8.2,5.8,5.8,3.9,7.2,2.1,11.6,4.1,7.3,7.3,5.8,7.2,3.9,16.8,5.1,16.1,4.3,4.9,7.3,4.8,4.3,13,5.4,3.7,5.2,12.5,3.6,6.2,8.4,5.6,4.1,6.3,5.1,3.6,5.5,5,7,6.5,11.4,,,,,,,,,,,,,,,,,,,,,,,,,,,,,,,,,,,,,,,,,28.9,29,28.6,28.7,28.9,28.9,29.1,28.5,29,28.6,28.9,27.9,28.9,28.6,29.1,26.9,29,28.2,29,28.9,28.6,28.2,28.8,28.8,29.3,29,27.7,29.1,28.9,26.1,28.4,79,77,82,80,80,79,79,80,78,81,79,83,79,80,78,86,79,84,78,79,80,81,80,79,77,79,82,77,78,91,82,0.4,0,0.5,0.3,0.5,0.3,0.1,0.9,0.1,1.3,0.3,0.7,0.2,0.5,0,0.4,0.5,0.1,0.4,0.1,0.8,0.8,0.5,0,0.8,0,0.4,0.1,0.4,0.9,1.4,6.9,2.6,15.9,5.6,13.6,11,6.5,12.4,7.1,10.4,7,4.9,8.8,11.7,6.8,17.1,5.5,9.8,8.5,14.8,14.1,18.9,15.7,5.7,10.6,5.3,2.9,9.7,8.8,18.2,15.5,9,4,19.4,7.6,19.8,15.1,7.9,18.7,9.7,15.5,8.3,6.8,11.5,13.3,8.6,19.1,7.6,13.3,11.2,19.8,20.2,25.2,21.2,7.2,13.3,6.8,5,13,11.5,22.7,22.7,,,,,,22.2204,114.2127
2026-08-14T10:00,27.7,29,28.7,28.7,27.9,28.2,27,29.1,29,28.3,28.1,28.4,29,28.2,30.9,28.3,30.2,27.7,28.5,28.4,29.5,27.8,30,28.7,28.6,29.3,28.2,28,29.3,28.4,28.2,27.6,29.4,28.1,29.5,28.3,27.6,28.8,29.6,30.6,90,85,86,89,88,87,94,86,87,91,89,88,84,86,76,87,81,90,89,88,82,87,83,83,88,81,93,89,82,91,91,88,86,88,84,85,87,86,81,80,1,0.8,0.2,0.7,1.2,1.3,7,1.2,0.1,3.1,1.7,0.5,0.2,0.4,0,0.1,0.6,0.8,0.2,1.3,0.1,0.3,0,0.3,0.6,0,3.1,0.2,0,5.4,0.6,0.3,1.6,1.7,0.2,0.1,0.2,0.6,0,0,5,8.9,6.9,7.2,3.4,8.4,3,12.3,4.9,8.1,8.3,6.8,8.6,7.4,19.7,5,17.7,4.3,5.6,7.9,6.6,5.2,16.3,4.8,4.8,6.8,12.2,4.3,6.6,8.7,4.2,4.1,7.9,6.1,4.7,6.2,6,5.9,7.2,14.2,,,,,,,,,,,,,,,,,,,,,,,,,,,,,,,,,,,,,,,,,29.5,29.6,28.8,29.1,29.3,29.3,29.7,29,29.5,28.8,29.5,27.1,29.4,28.6,29.6,27.5,29.6,28.3,29.4,29.4,29.1,27.5,29,29.3,29.8,29.6,28.4,29.5,29.3,26.4,28.6,76,73,81,77,77,77,77,78,75,79,76,85,77,80,75,83,75,82,76,77,78,85,78,76,74,75,79,75,77,91,80,0.4,0,0.5,0.3,0.5,0.3,0.1,0.9,0.1,1.3,0.3,0.7,0.2,0.5,0,0.4,0.5,0.1,0.4,0.1,0.8,0.8,0.5,0,0.8,0,0.4,0.1,0.4,0.9,1.4,10,3.8,15.6,7,15,11.6,8,15.8,8.5,14.6,11.5,6.1,9.8,19.4,8.5,16.6,9.4,11.2,10.7,17.1,15.3,25.3,22.5,8.9,12.6,6.5,6.8,12.1,9.7,22.8,17.1,12.6,5.4,19.8,9,20.9,14.8,9.4,22.7,10.4,21.6,13.7,8.3,13.3,20.5,10.4,18.7,11.2,16.6,14,22,20.5,30.6,26.6,10.8,15.8,8.6,9.4,15.8,12.2,27,24.5,,,,,,22.2204,114.2127
2026-08-14T11:00,27.8,29.5,29,29.1,28.1,28.3,27.2,28.9,29.2,28.1,28,28.5,28.9,28.4,31.6,28.7,30,28,28.4,28.5,30.1,28,30.1,28.5,28.8,29.7,28,28.3,29.1,28.2,28.7,27.9,29,28.3,29.9,28.8,27.6,29,30.1,30.4,89,83,85,87,87,85,92,86,87,90,89,88,85,85,72,84,82,89,90,87,78,86,82,84,87,80,93,88,83,91,89,88,87,86,82,84,88,85,79,80,0.9,0.3,0.6,0.4,1.3,1.1,3.6,3.9,0.4,4.5,1.2,0.9,0.9,0.4,0,0.2,2.3,0.8,0.3,0.9,0,0.3,0.3,0.1,1.1,0,3.7,0.3,0.1,4,0.1,0.8,2.6,1,0.1,0.7,0.3,0.2,0,0.1,6,10.2,8.5,7.9,4,8.1,1.8,12.8,6.3,8.7,9,7.2,9,8.4,20.4,6.9,17.6,5.4,6.4,7.9,9,5.9,17.3,6.4,5.9,9.5,10.8,4.7,8.8,9,5.1,4.2,9.4,7.2,6.1,7.9,5.9,5.4,8.3,16.8,,,,,,,,,,,,,,,,,,,,,,,,,,,,,,,,,,,,,,,,,29.9,30,28.9,29.4,29.7,29.7,30.1,29.4,29.8,29,29.9,26.6,29.8,28.6,30,28,30,28.4,29.7,29.7,29.4,27.1,29,29.7,30.2,30,29,29.8,29.6,26.6,28.8,74,70,81,75,75,75,75,76,74,78,74,87,75,80,73,81,73,81,75,76,76,87,78,74,73,73,77,74,75,90,79,0.4,0,0.5,0.3,0.5,0.3,0.1,0.9,0.1,1.3,0.3,0.7,0.2,0.5,0,0.4,0.5,0.1,0.4,0.1,0.8,0.8,0.5,0,0.8,0,0.4,0.1,0.4,0.9,1.4,12.2,4.8,14.8,8.1,16,12.3,10,18.7,9.8,17.9,14.6,6,10.8,23.9,10,15.8,12.1,12.6,12.2,18.4,15.3,27.9,26.5,11.5,14,8,9.8,13.7,10.2,24.9,17.6,15.5,6.8,19.1,10.4,21.6,14.8,11.5,25.6,12.2,25.2,17.3,9,14.8,25.2,12.2,18,14.8,19.4,16.2,23.4,20.2,31.7,29.9,14,17.6,10.4,13.3,18,13,28.8,24.8,,,,,,22.2204,114.2127
2026-08-14T12:00,27.9,29.8,29.2,29.5,28.5,28.4,27.9,28.7,29.5,28.3,28,28.6,29.2,28.4,31.1,28.7,30.2,28.3,28.6,28.4,29.8,28.7,30.2,28.9,29,29.5,27.9,28.7,28.3,28.6,29.1,28.1,28.7,28.6,30.1,28.8,28.2,29.5,30.4,29.6,87,81,83,86,86,84,89,87,85,88,88,87,83,85,76,83,80,88,89,87,80,83,83,83,86,80,92,87,90,89,85,87,87,85,82,83,85,83,80,82,1,0.6,1.3,0.3,1.1,0.5,0.9,2.9,0.6,1,1.6,1.1,0.6,0.7,0.1,1.1,0.8,0.9,0.3,1,0.1,0.3,1.5,0.4,1.4,0,3.9,0.1,0.8,2.7,0,1.3,3.2,0.6,0.8,1.6,0.1,0.2,0,0.4,6.2,10.2,8.2,9,4.6,8.8,2.7,12.9,7.5,8,9.3,7.5,9.8,9.2,20.4,8.4,18.7,6.3,6.5,7.8,9.7,5.7,19,7.2,6.4,12.2,8.2,5.8,8.4,9.7,7.6,4.6,8.7,7.9,8.6,12.1,7.4,6.8,12,17.6,,,,,,,,,,,,,,,,,,,,,,,,,,,,,,,,,,,,,,,,,30,30.2,28.9,29.8,29.9,29.9,30.2,29.7,29.8,29.3,29.6,26.7,30,28.2,30.2,28.5,29.7,28.4,29.9,29.9,29.6,27.2,28.6,29.9,30.3,30.2,29.4,30,29.9,26.6,29.1,74,69,81,73,74,74,75,75,74,77,75,86,74,81,72,80,74,81,74,76,75,85,80,74,73,72,77,73,74,90,78,0,0,0.1,0,0,0,0.1,0.1,0,0,0,0.2,0.1,0.6,0,0,0.4,0.2,0,0.2,0,0.3,0.3,0,0,0,0.1,0,0,1.3,0.1,13.1,6.5,13.3,8.4,15.8,12.9,12.8,19.5,12.1,18,14.4,3,11.3,23.1,11.4,14.8,13.8,14.3,12.7,18.5,14.1,22.1,25.3,13.7,14.2,9,10.3,14.1,10.2,22.5,16.8,16.2,8.6,16.9,10.8,21.6,15.1,15.1,26.3,15.1,24.5,17.6,8.6,15.5,25.9,14,16.6,18,22.7,16.9,23,18,24.8,29.2,16.6,18,11.9,15.1,18,13.3,26.3,23,,,,,,22.2204,114.2127
2026-08-14T13:00,27.8,29.9,28.7,29.5,28.9,28.2,28.4,28.8,29.2,29,28.1,28.7,29.3,28.4,30.2,28.3,30.9,28.7,28.8,28.4,29.9,28.9,30,29.1,29.3,29.3,27.9,28.7,28.4,28.7,28.8,28.3,28.6,29.2,29.7,28.5,28.5,29.9,30.8,29.2,87,80,84,85,84,84,88,86,86,84,87,86,83,85,81,84,77,86,88,88,79,82,84,82,85,82,91,87,90,88,87,85,87,81,83,84,84,80,77,84,0.7,0.3,3.1,0.1,0.7,0.4,1,2,1.6,0.2,1,1,0.7,0.8,2,1.6,0.4,0.6,0.3,0.7,0.1,0.6,3.7,0.8,1.4,0.2,3.5,0.8,0.7,4.2,0.8,1.1,2.3,0.2,3,1.1,0,0.4,0,1.2,5.4,10.8,8.2,10.1,5.4,8,5.1,11.9,8.1,7.4,8.2,7.3,12.3,8.7,19.9,7.7,20.2,6.8,6.4,7.6,10.5,5.4,17,6.4,6.7,12.1,8.3,6.8,8,10.9,9.4,5.2,7.5,9,8.9,12.6,7.7,8.1,12.8,17.1,,,,,,,,,,,,,,,,,,,,,,,,,,,,,,,,,,,,,,,,,29.9,30.2,28.9,30.2,30,30,30.1,29.9,29.6,29.5,29.1,27,30.2,27.8,30.3,29,29.2,28.4,30,29.9,29.7,27.5,28,30,30.2,30.2,29.7,30,30.1,26.5,29.4,74,70,81,72,74,73,75,75,75,77,79,84,73,83,72,79,78,82,74,76,75,80,82,75,75,71,77,73,73,90,77,0,0,0.1,0,0,0,0.1,0.1,0,0,0,0.2,0.1,0.6,0,0,0.4,0.2,0,0.2,0,0.3,0.3,0,0,0,0.1,0,0,1.3,0.1,13.1,8.8,11.1,8.4,16.2,13.4,15.9,19.6,15.5,16.7,13.1,3.2,11.7,19.4,13.1,13.7,16.2,16.5,12.8,17.6,12.1,12.3,22.3,15.1,14.5,10,11.4,14.1,10,17.8,15.1,16.2,11.2,13.7,10.8,21.2,16.2,19.1,26.3,18.7,21.6,16.2,7.9,15.5,24.5,16.2,14.4,21.2,25.6,16.6,21.6,15.1,14,25.9,19.1,18,13,15.8,16.9,13.3,21.2,20.2,,,,,,22.2204,114.2127
2026-08-14T14:00,27.8,30.1,28.5,29.5,29.1,28.6,28.8,29.5,29,29,28.7,28.7,29.5,28.4,29.6,28.2,32,28.6,29,29.2,30.5,29.1,29.6,30.1,29.1,29.1,27.9,28.7,28.3,28.8,28.8,28.4,28.5,29.3,29.5,28.4,28.5,29.6,30.9,29.6,87,80,85,86,82,82,87,82,87,85,83,85,83,84,84,84,74,86,87,84,76,81,85,76,85,84,91,86,91,88,87,84,87,80,84,85,84,80,77,82,0.4,0.3,2.3,0.1,0.5,0,0.2,0.1,1.6,0.1,0.1,0.4,0,0.3,4.2,0.3,0.1,1.4,0.2,0,0,0.8,3.6,0,1.5,1.4,3.5,1.2,0.5,4.6,1.6,0.4,1.4,0.4,2.9,0.8,0.2,1.5,0,0.2,5.4,11,7,13.5,6,8.4,2.9,13.5,7.7,6.9,8.5,6.8,12.6,8.4,17.7,7.5,20.8,6.2,7.1,6.6,11.6,7.1,16.6,7,6.5,12.1,10.2,7.2,7.7,9.7,9.4,5.2,6.3,10.5,7,12.8,7.7,9.6,14.9,13.3,,,,,,,,,,,,,,,,,,,,,,,,,,,,,,,,,,,,,,,,,29.9,30.2,28.9,30.4,30.1,30.1,29.9,30,29.4,29.6,28.7,27.3,30.2,27.4,30.4,29.3,28.9,28.4,30.1,29.9,29.7,27.8,27.7,30,30,30.2,29.8,30,30.2,26.5,29.7,75,71,81,71,75,73,76,75,76,77,81,82,72,84,72,78,80,83,74,76,75,77,84,76,76,71,78,73,73,89,76,0,0,0.1,0,0,0,0.1,0.1,0,0,0,0.2,0.1,0.6,0,0,0.4,0.2,0,0.2,0,0.3,0.3,0,0,0,0.1,0,0,1.3,0.1,13,10.7,9.7,8.6,16.9,13.7,17.9,19.5,17.8,15.2,12.3,7.1,12.2,16.3,14.4,12.7,18.4,17.7,12.8,16.6,10.7,4.6,20.2,16.1,14.6,11,13,14.2,10.4,13.9,13.8,16.2,12.6,11.9,11.2,21.2,16.9,22,25.6,20.9,18.7,15.1,7.9,15.5,22.7,17.6,13,23,27,16.2,20.2,13,6.8,23,20.2,17.6,13.7,16.2,16.6,13.3,17.6,17.6,,,,,,22.2204,114.2127
2026-08-14T15:00,27.8,29.8,28.5,29.6,28.9,29.2,28.8,29.8,29.2,28.9,28.9,28.7,29.8,28.4,29.4,28,32.1,28.6,29,29.5,30.7,28.7,29.4,30.5,29.1,29.3,27.9,28.6,28.5,28.6,29.2,28.2,28.6,29.1,29.1,28.2,28.1,29.1,29.6,29.3,86,80,85,85,83,79,86,81,86,85,82,85,82,84,85,84,73,86,87,82,75,82,85,73,84,83,92,85,89,87,85,84,86,82,84,85,87,82,82,84,0,0.3,1.6,0,0.6,0,0.2,0,1.1,0.4,0.1,0.1,0.1,0.1,0.4,0.2,0,1.3,0.1,0,0,0.8,2.2,0,0.1,0.1,3.8,1.1,0.2,6.9,0,0.1,0.8,0.6,1.3,0.8,1.5,1.6,2.5,3.1,5.1,10.5,6.6,13.4,6,7,3.3,12,7.4,6.8,7.9,5.8,14.9,6.9,15.1,6.8,21.9,6.4,7.7,5.6,12,7.4,14.6,11.2,6.1,10.3,8,6.1,8.7,7.9,10.4,4.5,6.3,10.2,5.4,10.2,7.9,7.1,15.4,14.4,,,,,,,,,,,,,,,,,,,,,,,,,,,,,,,,,,,,,,,,,29.9,30.2,29,30.4,30,30.1,29.7,30,29.4,29.7,28.7,27.5,30.2,27.3,30.4,29.5,28.9,28.6,30.1,29.9,29.8,28.1,27.8,30,29.9,30.3,29.9,29.9,30.2,26.9,29.8,75,71,81,71,77,73,77,75,77,77,81,81,72,84,73,77,80,83,74,76,74,76,83,76,77,71,78,74,73,87,76,0,0,0,0,0.1,0,0,0,0,0,0,0,0,0.4,0,0,0,0.1,0,0,0,0,0,0,0,0,0,0,0,0.1,0,13.4,11.4,9.8,9.4,17.4,14.3,18,19.5,17.5,14.3,12.1,9.2,12,14.8,14.8,12.3,18.1,17.8,12.4,15.6,10,4.3,18.4,15.7,14.5,11.4,13.3,15.4,11,12.2,12.8,16.6,13.3,12.2,11.9,22.3,17.6,22.3,24.5,20.5,17.3,15.1,9.4,15.1,20.9,18,12.2,22,25.9,15.5,18.7,11.9,6.8,20.9,19.1,16.9,13.7,16.2,18,13.7,16.6,15.8,,,,,,22.2204,114.2127
2026-08-14T16:00,27.8,29.1,28.3,29.8,28.7,29.4,28.8,29.5,29.3,28.7,28.7,28.9,29.8,28.5,28.7,28.1,31.9,28.4,28.8,29.6,30.3,28.3,29.6,29.4,29.2,29.1,28.4,28.7,28.7,28.8,29.4,28.4,28.5,28.9,29,28.3,28.2,28.8,29.4,29,87,82,85,84,84,78,87,82,86,86,84,83,81,83,88,84,73,87,88,81,77,83,84,79,84,84,89,84,88,86,85,83,86,83,84,84,87,82,83,85,0,0.6,1.3,0,0.2,0,0.3,0.3,1,0.3,0.1,0,0,0,2.2,0.1,0,1.5,0.4,0,0,0.2,0.5,0.5,0,0.1,0.8,0,0,1.1,0,0,0.3,0.6,0.1,0,0.1,0.3,0.3,1.4,5.2,9,6.5,15.3,5.6,7.9,2.5,11.8,6.6,5.4,7.6,4.6,14.6,6.5,12.9,5.6,20.6,6.9,6.9,4.7,11.5,7.3,11.8,13.1,6.9,8.8,7.8,4.7,9.5,7.2,10.5,4.3,5.8,9.4,4.5,7.5,7.3,5.8,11.3,11.6,,,,,,,,,,,,,,,,,,,,,,,,,,,,,,,,,,,,,,,,,29.9,30.3,29.1,30.3,29.9,30.1,29.4,30,29.5,29.7,28.9,27.7,30.1,27.3,30.4,29.6,29,28.8,30.2,29.9,29.8,28.5,28.1,29.9,29.7,30.3,29.8,29.8,30.2,27.5,29.8,76,71,81,71,79,74,79,76,77,78,81,81,72,84,74,76,79,82,74,76,74,76,82,76,77,71,79,75,73,84,76,0,0,0,0,0.1,0,0,0,0,0,0,0,0,0.4,0,0,0,0.1,0,0,0,0,0,0,0,0,0,0,0,0.1,0,13.8,12.1,10.7,11,17.8,15.1,17.4,19,15.9,13.2,12.6,10.9,11.9,13.7,14.8,11.5,16.2,16.8,11.6,14.6,9.9,8.4,16.1,14.1,14.1,12,13,17.2,11.9,13,12.1,16.6,13,13.3,12.6,23.4,18,20.9,23,19.1,16.2,15.5,11.5,14.4,18.7,17.6,11.9,19.4,23.4,14,16.9,11.5,10.8,18.4,17.3,16.2,13.3,15.5,19.8,14,16.6,14.4,,,,,,22.2204,114.2127
2026-08-14T17:00,27.7,28.7,28.2,29.6,28.6,29,28.8,29.3,29.3,28.5,28.4,28.8,29.6,28.5,28.7,28.1,31.3,28.2,28.7,29.5,29.9,28.3,29.5,28.4,28.9,28.9,28.7,28.7,28.6,29,29.5,28.4,28.7,28.6,29.2,28.3,28.2,28.6,29.7,29.3,87,83,85,84,84,80,87,83,85,86,85,84,82,83,89,83,76,88,88,81,80,83,83,84,85,85,86,83,87,85,84,83,84,84,83,84,87,83,81,83,0,0.3,0.3,0,0,0,0.7,0.1,0,0.3,0.1,0.1,0,0,0.1,0,0,1.4,0,0,0,0,0.1,1.4,0.6,0,0,0,0,0,0,0.1,0,0.2,0,0,0,0.2,0,0,5.3,7.5,5.2,15.5,4.9,7,3.1,9.5,5,5.4,7.3,2.8,13.4,6.4,12.2,5.4,19.4,6.4,5.9,3.5,10.4,7.1,10.7,7.9,7.1,10.4,7.7,3.6,8.5,7.4,10.1,4.1,5.4,7.6,4.3,6.5,6.7,4.2,11.7,10.6,,,,,,,,,,,,,,,,,,,,,,,,,,,,,,,,,,,,,,,,,29.8,30.2,29.2,30.1,29.7,30,29.1,29.8,29.4,29.6,29.1,27.9,30,27.3,30.3,29.6,29.1,29,30.1,29.8,29.8,28.7,28.3,29.8,29.5,30.2,29.7,29.6,30,27.9,29.7,77,71,81,72,81,75,80,77,78,79,81,81,73,84,75,76,79,82,74,76,74,77,81,77,78,72,79,77,74,82,77,0,0,0,0,0.1,0,0,0,0,0,0,0,0,0.4,0,0,0,0.1,0,0,0,0,0,0,0,0,0,0,0,0.1,0,14,12,11.4,12.2,18.1,15.7,16.5,18.9,14.4,12.6,13,12.2,12.2,12.7,14.4,10.6,14.5,16,11.3,14,10,11.8,13.9,13,13.7,12,12.6,18.4,12.6,13.5,11.8,16.6,13,14.4,13,24.5,18.4,19.8,21.6,17.6,15.1,15.8,13.3,14,16.6,17.3,11.2,17.6,20.9,13.3,15.8,11.2,13.7,16.6,15.5,15.8,13,15.1,20.9,14.4,16.6,13.7,,,,,,22.2204,114.2127
2026-08-14T18:00,27.7,28.5,28.2,29.2,28.4,28.5,28.6,29.1,29.3,28.4,28.1,28.6,29.2,28.3,28.6,28.1,30.4,28,28.6,29.4,29.4,28,29.4,27.8,28.8,28.7,28.8,28.6,28.6,29,29.5,28.2,28.6,28.5,28.9,28.1,28,28.5,29.5,29.4,87,84,86,87,86,82,87,85,84,86,87,84,85,84,88,83,79,88,88,81,82,84,83,87,86,86,85,83,87,86,84,84,85,84,84,85,88,84,82,82,0,0,0,0,0,0,1.2,0.3,0,0.1,0.1,0,0,0,0,0,0.2,0.7,0,0,0,0,0.4,0.7,0.1,2.1,0,0,0,0,0,0.1,0,0,0,0,0,0,0,0,5.2,4.3,4.8,13.8,4.1,5.6,3.2,8.1,5,3.4,6.4,2.3,10.1,6.1,11.5,5.4,16.9,5.7,6.1,3,8,6.7,9.7,6.2,4.3,6.2,7.9,3.6,7.6,6,9.8,4.3,4.7,6.9,3.1,6.1,5.5,3.8,9.3,9.9,,,,,,,,,,,,,,,,,,,,,,,,,,,,,,,,,,,,,,,,,29.6,30,29.1,29.8,29.5,29.8,29,29.5,29.3,29.5,29,27.9,29.7,27.4,30,29.4,29,28.9,30,29.7,29.6,28.7,28.4,29.7,29.3,29.9,29.5,29.4,29.8,27.8,29.5,79,73,82,74,82,77,82,79,80,80,82,82,75,84,77,77,80,83,75,77,75,79,82,78,80,74,80,78,76,83,78,0,0,0,0,0.2,0.1,0.4,0.2,0,0.2,0.1,0,0,0,0,0,0,0,0,0.1,0,0,0,0,0,0,0.1,0.3,0.1,0,0,13.7,11.5,11.4,11.9,18.4,15.6,15.7,18.5,13.3,11.9,13.1,13,12.1,11,14.5,9,14,15.1,11.2,14,9.5,12.7,12.3,12.7,13.8,11.4,12.7,18,12.3,12.9,11.8,15.8,13,14.4,13,24.8,18.7,18.7,20.9,16.2,14,15.8,14,14,14.4,17.3,10.1,17.3,19.1,13.3,15.5,10.8,14.8,14.8,14.8,15.8,12.2,15.1,20.5,14,15.5,13.3,,,,,,22.2204,114.2127
2026-08-14T19:00,27.6,28.3,27.9,28.8,28.1,28.2,28.4,28.7,29.1,28.3,27.7,28.4,28.8,28.1,28.6,27.9,29.4,28,28.6,29.3,29,27.7,29.1,27.6,28.6,28.7,28.7,28.4,28.4,28.9,29.1,27.9,28.4,28.1,28.6,27.8,27.9,28.1,29.2,29.2,87,85,87,88,87,84,87,87,85,87,89,86,86,85,88,85,83,88,89,81,84,86,85,88,86,86,87,84,89,86,87,85,86,86,85,87,88,86,84,84,0,0,0,0,0,0,0.4,0.9,0,0,0,0,0,0,0,0,0.5,0.2,0,0,0,0,0.3,0,0,0,0,0.1,0,0,0,0.2,0,0,0.1,0,0,0.1,0,0,4.7,3.1,5,9.7,4.3,4.4,2.4,7.1,5,2.1,5.4,1.5,8.3,6.1,8.7,4.3,14,4.3,5.1,1.8,6.4,5.9,6.8,4.8,4.9,4.7,6.6,2.2,6.1,4.2,8.4,4.1,4.1,5.8,2.6,5.8,5,2.3,7.6,7.1,,,,,,,,,,,,,,,,,,,,,,,,,,,,,,,,,,,,,,,,,29.4,29.7,28.9,29.5,29.2,29.5,29,29.2,29,29.3,28.8,27.8,29.4,27.5,29.5,29.1,28.9,28.7,29.7,29.4,29.3,28.5,28.4,29.4,29.1,29.5,29.2,29.2,29.4,27.5,29.2,81,75,83,75,83,80,83,81,82,81,84,83,77,85,80,79,82,84,77,78,77,82,83,80,81,77,81,80,79,85,80,0,0,0,0,0.2,0.1,0.4,0.2,0,0.2,0.1,0,0,0,0,0,0,0,0,0.1,0,0,0,0,0,0,0.1,0.3,0.1,0,0,13,11.2,11.5,11.1,18.5,15.6,14.7,17.6,12.6,11.2,12.9,13.3,12.4,9.1,14.5,7.1,13.8,14.1,11.1,14,9.1,12.8,11.2,12.4,13.8,10.6,12.6,16.2,11.6,12.6,12,15.1,12.6,14.4,12.6,25.2,18.7,18,20.9,14.8,13.3,16.2,14.4,14,11.9,16.9,9.4,17.6,17.6,13.3,15.8,10.4,14.8,13.7,14.8,16.2,11.5,15.5,19.4,13.7,14,13.7,,,,,,22.2204,114.2127
2026-08-14T20:00,27.5,28.1,27.7,28.7,28,28,28.4,28.3,29.1,28.2,27.4,28.2,28.6,27.8,28.6,27.7,28.8,27.9,28.5,29.2,28.7,27.3,28.9,27.5,28.5,28.7,28.6,28.2,28.3,28.7,29,27.7,28.2,27.9,28.4,27.6,27.7,27.9,28.9,29,88,87,89,88,88,85,87,88,86,88,90,87,87,87,88,86,86,89,89,83,86,88,87,89,88,87,87,86,90,88,89,87,87,89,86,88,90,87,85,86,0,0,0,0.3,0,0,0,1,0,0,0,0,0,0,0,0,0.6,0,0,0,0,0.2,0,0,0,0,0,0.1,0,0,0,0.2,0,0,0,0.1,0,0,0,0,4.6,2.4,5,8.4,3.8,3.3,1.8,6.8,4.7,1.3,4.7,1.5,7.2,5.8,6.9,3.4,11.9,4.2,4,1.5,5.6,4.8,5.8,4.2,4.2,4.3,5.4,1.3,5.8,3.6,7.2,3.7,3.8,4.8,2.3,4.8,4.3,1.8,6.8,6.1,,,,,,,,,,,,,,,,,,,,,,,,,,,,,,,,,,,,,,,,,29.2,29.4,28.8,29.3,29.1,29.2,28.9,28.9,28.9,29.1,28.6,27.7,29.2,27.6,29.2,28.9,28.8,28.6,29.5,29.2,29.1,28.4,28.4,29.3,29,29.2,29,29.1,29.2,27.3,29,82,77,84,77,84,82,84,82,83,82,85,84,79,86,82,81,84,85,78,79,78,85,84,81,83,79,82,81,81,87,82,0,0,0,0,0.2,0.1,0.4,0.2,0,0.2,0.1,0,0,0,0,0,0,0,0,0.1,0,0,0,0,0,0,0.1,0.3,0.1,0,0,12.3,10.8,11.5,10.2,18.7,15.3,14.1,16.5,11.9,10.8,13,13,12.3,8.6,14.2,5.4,13.7,13.1,11.4,13.7,9.1,12.7,10.2,12.3,13.9,9.8,12.7,14.4,11.2,13,12.2,14.4,12.2,14,11.9,25.2,18.7,17.3,19.8,14,13,16.2,14,14.4,10.4,16.9,8.3,17.6,16.2,13.3,15.8,10.8,15.1,12.6,14.8,16.6,11.2,15.5,18,13.7,13.3,14,,,,,,22.2204,114.2127
2026-08-14T21:00,27.4,28,27.4,28.5,27.9,27.9,28.4,28.2,29,28.1,27.3,28,28.5,27.7,28.5,27.5,28.5,27.9,28.5,29.1,28.6,27.2,28.7,27.5,28.4,28.7,28.4,28,28.4,28.6,29.1,27.6,28.2,27.7,28,27.5,27.6,27.7,28.9,28.7,89,88,91,88,89,87,87,89,87,88,92,88,88,88,88,89,88,89,90,84,87,89,87,89,89,88,88,87,90,89,89,88,88,90,87,90,91,89,86,87,0,0,0.1,1.1,0,0,0,0,0,0,0,0,0,0,0.1,0,1.3,0,0,0,0,0,0,0,0,0,0.1,0,0,0,0,0.2,0,0,0.4,0.2,0,0,0,0.1,4.3,2.3,5.3,8.2,2.8,3.5,0.8,4.4,3.6,1.5,4.7,1.6,6.5,4.7,6.5,3.1,9.8,3.3,4.3,2.1,5,4.3,5.6,3.6,4.6,3.3,3.6,1.8,6.1,2.5,6.6,3.5,2.4,4.4,2.9,4.1,3.6,2.2,6.5,6,,,,,,,,,,,,,,,,,,,,,,,,,,,,,,,,,,,,,,,,,29,29.2,28.6,29.1,29,29,28.9,28.8,28.8,28.9,28.5,27.7,29,27.6,29,28.6,28.6,28.4,29.3,29.1,29,28.4,28.4,29.2,28.8,29.1,28.9,29,29,27.3,28.9,83,78,85,78,84,83,84,83,84,82,86,85,81,87,84,83,85,86,79,80,79,86,85,81,84,80,83,82,82,88,83,0,0,0.1,0,0.5,0.1,0.2,0.1,0,0.1,1.1,0,0.1,0.1,0.2,0,0.1,0.1,0,0,0,0.6,0.2,0.2,0.2,0.1,0.1,0,0.1,0.5,0.1,12,10.4,11.2,9.2,18.5,14.9,14.1,14.3,11.9,10.4,13.3,11.5,12.6,9.7,13.8,4.7,12.8,12.2,11.5,13.3,9.7,12.8,9.7,12.2,13.8,9.5,12,12.6,11.2,13.7,12.4,14,11.9,13.3,10.8,24.8,18,17.3,17.3,14,13,16.6,13,15.1,10.4,16.6,7.6,16.9,14.8,13,15.1,11.9,15.8,12.2,14.8,16.9,10.8,15.1,16.2,14,13.7,14,,,,,,22.2204,114.2127
2026-08-14T22:00,27.3,27.8,27.3,28.3,27.9,27.6,28.3,28.1,29,28,27.1,27.9,28.3,27.6,28.3,27.4,28.3,27.8,28.4,28.8,28.4,27.1,28.6,27.4,28.4,28.7,28.2,27.8,28.4,28.4,29.1,27.5,28,27.7,27.9,27.3,27.5,27.4,28.8,28.5,89,90,91,88,90,89,87,90,88,88,92,90,88,89,89,90,88,90,90,86,88,90,88,90,89,88,90,88,90,90,89,88,89,91,87,91,92,90,87,88,0,0,0.1,1.7,0,0,0,0,0,0,0,0,0.1,0,0.2,0,1,0,0,0,0,0,0,0,0,0,0.1,0.1,0,0,0.1,0.3,0,0,0,0.3,0,0,0,0.1,4.1,2.3,5.5,7.2,2.3,3.7,0.8,4.6,2.6,2.2,4.7,1.8,5.8,4,6.7,3.1,7.8,3.3,4.4,1.9,4.3,4.3,4.6,3.6,4.3,3.8,2.9,1.5,6.5,2.3,6.4,3.5,2.6,3.7,1.8,4.3,3.1,2.2,5.8,5.6,,,,,,,,,,,,,,,,,,,,,,,,,,,,,,,,,,,,,,,,,28.9,29,28.5,29.1,29,28.9,28.8,28.7,28.8,28.8,28.4,27.7,28.9,27.5,28.8,28.4,28.5,28.3,29.2,29,28.9,28.3,28.4,29.1,28.7,29,28.9,28.9,29,27.3,28.8,83,79,86,78,83,84,83,83,84,83,87,86,82,88,85,84,87,87,79,80,79,87,85,80,85,80,84,82,82,88,84,0,0,0.1,0,0.5,0.1,0.2,0.1,0,0.1,1.1,0,0.1,0.1,0.2,0,0.1,0.1,0,0,0,0.6,0.2,0.2,0.2,0.1,0.1,0,0.1,0.5,0.1,12.1,10.4,10.5,7.8,18,14.2,14.5,12.1,12.6,10.4,13.1,9.8,13,10.9,13.7,4.3,12,11.3,11.3,12.6,11,13,9.6,12.1,13.7,9.5,11.9,11.4,11.6,14.2,12.4,14,11.9,12.2,9.4,24.5,17.3,18,14.4,14.4,13,16.9,11.2,15.8,11.5,16.6,6.8,15.8,13.3,12.6,14.4,13.3,16.2,12.2,14.8,17.6,10.8,14.4,14.4,14.8,14.8,14.4,,,,,,22.2204,114.2127
2026-08-14T23:00,27.3,27.7,27.1,28.2,27.8,27.5,28.2,27.9,28.9,27.7,27,27.6,28.3,27.5,28.2,27.2,28.2,27.6,28.4,28.6,28.3,27.1,28.3,27.1,28.3,28.7,28.1,27.7,28.4,28.3,29,27.4,27.9,27.6,27.8,27.2,27.4,27.3,28.8,28.4,90,91,92,87,90,89,87,90,88,90,92,91,88,90,89,90,88,91,90,87,88,90,90,91,90,88,91,89,91,91,88,89,89,92,87,91,93,90,87,89,0.1,0,0.1,1.7,0,0,0,0.2,0,0,0.1,0,0.1,0,0,0,0.5,0,0,0,0,0,0,0.2,0,0.2,0,0.1,0,0,0,0.2,0,0,0.1,0.1,0,0.1,0,0,3.4,3.2,5,6.8,1.8,4,2,5.9,1.5,3.3,4.5,2.3,5.8,3.9,5.9,3.8,6.3,3.4,3.6,1.6,3.9,3.6,3.6,4.2,4,4.6,2.2,0.7,7.2,3.3,6.9,2.7,2.5,3.1,2.1,4,3.1,2.4,5.1,5.4,,,,,,,,,,,,,,,,,,,,,,,,,,,,,,,,,,,,,,,,,28.8,28.8,28.4,29,28.9,28.8,28.8,28.7,28.8,28.7,28.4,27.7,28.8,27.5,28.7,28.2,28.4,28.2,29.1,28.9,28.9,28.2,28.4,29,28.6,28.9,28.8,28.8,28.9,27.4,28.7,83,80,86,78,83,84,83,83,84,83,87,87,83,89,86,85,87,88,80,81,80,87,85,80,85,80,84,83,82,88,84,0,0,0.1,0,0.5,0.1,0.2,0.1,0,0.1,1.1,0,0.1,0.1,0.2,0,0.1,0.1,0,0,0,0.6,0.2,0.2,0.2,0.1,0.1,0,0.1,0.5,0.1,12,10.1,9.7,6.9,18.3,13.6,14.6,10.4,12.6,10.4,13,8.1,13,11,13,4.1,11.2,10.3,10.6,11.5,12.4,12,9.4,12.1,13.3,9.4,11.8,10.5,12.1,14.1,12.5,14.4,11.9,11.5,8.6,25.2,16.9,18.4,12.6,14.8,13,16.9,9.4,16.2,11.9,15.8,6.1,15.1,13,12.2,13.7,14.8,15.8,12.2,15.1,18,11.2,14.4,13,15.5,15.1,14.8,,,,,,22.2204,114.2127
2026-08-15T00:00,27.2,27.5,27,27.9,27.7,27.4,28.1,27.8,28.8,27.6,26.9,27.4,28.2,27.4,28.1,27.2,28.1,27.6,28.2,28.4,28.3,27,28.2,27,28.2,28.8,28,27.7,28.2,28.2,28.9,27.3,27.6,27.6,27.6,27.1,27.4,27.1,28.7,28.2,90,91,91,88,91,89,88,90,89,91,92,91,88,90,90,90,88,92,90,86,88,91,90,91,90,87,91,89,91,92,88,89,90,92,87,92,93,90,87,90,0,0,0.1,3.7,0,0.1,0,0.2,0,0,0.1,0.1,0.3,0,0,0,0.1,0,0.6,0,0,0,0,0.2,0,0.1,0,0,0.3,0,0,0.2,0,0,0.2,0,0,0.1,0,0.1,3.4,3.6,5.2,7.7,1.9,4.2,2.5,5.5,1.8,3.4,4.7,2.3,6,4.3,4,3.6,6.1,2.3,3.2,3.6,3.7,2.8,4.4,3.3,3.2,5,1.3,1.8,9,3.3,7.7,2.3,3.3,2.2,2.5,3.5,2.3,2.6,4.7,6.1,,,,,,,,,,,,,,,,,,,,,,,,,,,,,,,,,,,,,,,,,28.7,28.7,28.4,28.8,28.9,28.7,28.7,28.6,28.7,28.6,28.3,27.7,28.6,27.6,28.6,28.1,28.4,28.2,28.9,28.8,28.7,28.1,28.4,28.9,28.5,28.8,28.6,28.7,28.8,27.4,28.6,83,81,86,79,83,83,83,83,84,84,87,88,84,89,85,86,86,88,80,82,81,88,85,81,85,80,84,83,82,88,84,0.1,0,0.5,0,1.3,0.5,0.6,0.1,0.2,0,0.8,0,0.1,0.5,0.4,0,0.6,0.2,0.7,0.1,0,0.4,0.2,0.1,0.1,0.1,0.1,0.5,0.2,0.1,0.5,12,9.9,9.5,7,20.5,13.6,15,10.3,11.9,10.1,12.3,6.7,12.3,8.4,12,2.9,11,9.8,10.1,10.7,13.3,9.5,9.7,12.2,13,9.4,12.1,9.1,12.9,12.8,13,14.8,12.2,11.9,9.4,28.8,18,19.1,13.3,14.4,13,15.8,7.6,15.8,10.4,15.1,5,15.1,13.7,12.6,13.3,16.2,13,12.6,15.5,18,11.9,15.1,11.9,16.6,13.7,15.8,,,,,,22.2204,114.2127
2026-08-15T01:00,27.1,27.5,27,27.9,27.7,27.2,28,27.7,28.7,27.4,26.9,27.4,28.1,27.3,28,27.1,28.1,27.6,28.1,27.9,28.3,26.9,27.9,27,28.1,28.8,28,27.5,27.9,28,28.7,27.2,27.4,27.5,27.4,27.1,27.4,27,28.7,28.1,91,91,91,88,91,89,88,90,90,91,92,91,88,90,91,90,88,92,89,88,89,92,89,91,91,86,91,90,91,93,88,89,91,93,88,92,93,90,88,89,0.1,0,0.3,2.6,0,0.2,0.1,0,0,0,0,0,0.4,0,0,0.1,0.2,0,1.1,0,0,0,0.3,0.1,0,0.4,0,0,1.5,0,0.2,0.5,0.1,0,0,0,0,0,0,0.3,3.5,3.7,5.1,7.1,1.6,4,2.8,5.2,2.1,3.5,4.3,2,6.5,4,4.7,3.1,5.5,1.4,2.9,4.7,3.6,2.1,4.5,2.9,2.5,7.1,2.7,2.9,9.7,2.2,8.2,1.8,3.1,1.8,2.6,3.3,1.5,2.8,4.1,7.1,,,,,,,,,,,,,,,,,,,,,,,,,,,,,,,,,,,,,,,,,28.6,28.5,28.4,28.6,28.8,28.7,28.5,28.4,28.6,28.5,28.3,27.6,28.5,27.7,28.6,28,28.5,28.2,28.8,28.6,28.5,28.1,28.3,28.7,28.5,28.8,28.5,28.6,28.8,27.4,28.5,83,81,85,80,84,82,84,83,85,85,86,88,84,88,84,86,85,87,81,82,83,88,85,83,85,80,84,84,81,89,84,0.1,0,0.5,0,1.3,0.5,0.6,0.1,0.2,0,0.8,0,0.1,0.5,0.4,0,0.6,0.2,0.7,0.1,0,0.4,0.2,0.1,0.1,0.1,0.1,0.5,0.2,0.1,0.5,12.1,10.4,10,8.4,23.4,14.8,15,11.6,10.7,10,11.3,5.2,11.4,4.5,10.8,1.8,10.8,11.1,10.6,10.7,13.6,6.5,10.3,12.4,12.3,10.2,13,8.3,13.5,10.6,13.2,15.5,13,13,10.4,33.8,19.8,19.8,15.1,13.7,13,14.4,5.8,14.8,8.6,14,3.6,15.5,15.5,13.3,13.3,18,9,13.3,16.2,17.3,12.6,16.6,10.8,17.6,11.9,17.3,,,,,,22.2204,114.2127
2026-08-15T02:00,27.1,27.4,26.9,28.1,27.7,27.2,27.9,27.6,28.5,27.3,26.9,27.3,28,27.2,28,27,28.1,27.4,28.2,27.7,28.2,26.9,27.9,26.9,28,28.5,27.7,27.5,27.6,27.9,28.6,27.1,27.2,27.5,27.4,27.1,27.4,26.9,28.6,27.9,91,92,91,87,91,89,88,91,93,91,92,92,88,90,91,90,88,93,89,88,89,93,90,91,92,88,91,90,92,92,88,90,91,93,88,92,93,91,88,89,0.3,0,0.2,0,0,0.1,0,0.1,0,0,0,0,0.3,0,0,0.1,0,0,0.5,0,0,0,0,0,0,3,0.3,0,4,0,0,0.5,0.2,0,0,0,0,0,0,1.2,3.4,4.5,4.7,5.9,1.4,4.1,2.9,5.8,3.1,4,4.7,2.5,6,4.4,5.9,2.6,6,1,2.8,5.7,3.3,1.3,4.3,1.1,2.3,7.6,3.1,3.9,9.2,3.7,8.4,0.4,4,1.5,3.1,2.9,2.1,2.3,4,7.3,,,,,,,,,,,,,,,,,,,,,,,,,,,,,,,,,,,,,,,,,28.5,28.4,28.3,28.5,28.8,28.6,28.4,28.3,28.5,28.4,28.2,27.5,28.4,27.8,28.5,27.9,28.5,28.2,28.7,28.5,28.4,28,28.3,28.5,28.4,28.7,28.4,28.5,28.7,27.4,28.5,83,82,85,81,84,82,84,83,85,86,85,88,85,87,83,86,84,86,81,83,84,88,85,84,85,80,84,84,81,89,84,0.1,0,0.5,0,1.3,0.5,0.6,0.1,0.2,0,0.8,0,0.1,0.5,0.4,0,0.6,0.2,0.7,0.1,0,0.4,0.2,0.1,0.1,0.1,0.1,0.5,0.2,0.1,0.5,12,10.9,10.9,9.9,25.1,15.5,14.6,12.5,10,10.5,10.6,4.1,11.3,2.7,9.8,1.4,11.3,13,12,10.9,14.1,5.2,10.7,12.9,12.2,11.5,13.5,8.9,14.1,9,13.4,15.8,13.3,13.3,11.9,36.4,20.9,19.8,16.6,12.6,13.3,13,4.7,14,7.2,12.6,2.9,15.5,16.9,14,13,19.1,7.2,14,16.9,16.9,13.7,18,10.8,18.7,10.4,18.4,,,,,,22.2204,114.2127
2026-08-15T03:00,27,27.4,26.9,27.9,27.7,27.2,27.8,27.6,28.4,27.1,26.8,27.3,27.8,27.1,27.9,27,28.1,27.4,28,27.4,28.2,26.8,27.9,26.9,27.9,28.3,27.6,27.4,27.5,28,28.3,27.1,27.1,27.4,27.3,27.1,27.4,26.9,28.5,27.7,91,91,91,88,91,88,88,90,92,92,92,92,88,91,90,91,88,93,89,89,89,92,91,91,92,89,90,89,92,90,89,90,91,94,89,92,93,91,89,90,0.3,0,0.2,0.2,0,0,0,0.1,0,0,0,0,0.7,0,0,0,0,0,0.8,0,0,0,0,0,0,3.6,0.4,0,3.9,0,0.8,0,0,0,0,0,0,0,0,1.1,2.2,4.7,4.7,6.1,1.1,3.4,3.3,6.3,4.5,4.3,5,2.9,5.8,4.3,6.7,3,6.5,1.6,3.1,6.2,3.3,1,3.7,1.8,2.1,7.1,2.4,4.3,8.2,3.9,8.9,2.7,3.8,1.8,3.4,2.6,2.1,1.6,4,6,,,,,,,,,,,,,,,,,,,,,,,,,,,,,,,,,,,,,,,,,28.4,28.3,28.3,28.3,28.8,28.5,28.4,28.2,28.4,28.3,28.2,27.5,28.3,27.8,28.4,27.9,28.4,28.1,28.6,28.4,28.3,28.1,28.2,28.5,28.4,28.5,28.3,28.4,28.6,27.4,28.5,83,83,85,83,84,83,84,84,86,86,85,88,86,87,83,86,84,86,81,84,84,88,85,84,85,81,84,84,82,89,84,0.1,0,0.1,0,0.7,0.1,0.2,0.3,0,0.2,0.4,0,0,0,0,0.1,0.1,0.2,0.2,0,0.3,0.1,0.1,0.4,0.1,0,0.5,0,0.1,0,0.7,12,10.9,10.2,10.3,24,15.5,13.2,12.7,8.7,11.3,9.4,3.4,10.7,2.7,8.2,1.1,11.1,13.8,12.2,10,14.3,7.1,11.3,13.1,12,12.1,13.3,9.7,14.5,9,13.1,16.2,13.7,12.2,13,34.6,21.2,18.4,16.9,11.5,14.8,11.5,4.3,13.3,6.8,10.8,2.9,14.8,18,14.4,11.5,19.8,10.1,14.4,18,16.6,14.8,19.1,12.2,19.8,10.4,18.4,,,,,,22.2204,114.2127
2026-08-15T04:00,27.1,27.4,26.8,27.6,27.7,27.3,27.8,27.5,28.4,27,26.8,27.2,27.7,27.1,27.8,26.9,28.1,27.4,28.1,27.3,28.2,26.8,27.8,26.9,27.8,28.2,27.5,27.4,27.5,28,27.9,27.1,27,27.4,27.3,27.1,27.4,26.9,28.3,27.5,91,91,91,89,91,89,89,90,92,92,91,91,88,91,89,91,88,93,89,90,89,93,91,91,93,89,91,89,92,87,90,90,91,93,89,92,93,91,88,91,0,0,0.1,0.9,0,0,0,0,0,0,0,0,1.1,0,0,0,0,0,0.5,0,0,0,0,0,0,3.5,0.1,0,5.4,0,3.6,0,0,0,0,0,0,0,0.6,0.9,1.1,4.8,4.9,4.9,0.5,3.1,3.6,5.5,4.2,5,4.8,3.4,5.4,3.6,7.4,2.9,6.8,1.6,2.9,6.4,4.5,0.8,4.3,2.9,1.8,6.6,1.9,4.8,8.3,5.2,9.2,3.7,3.4,1.9,3.4,2.2,2.2,1.8,5.1,5.3,,,,,,,,,,,,,,,,,,,,,,,,,,,,,,,,,,,,,,,,,28.4,28.2,28.2,28.1,28.8,28.4,28.3,28.2,28.3,28.3,28.1,27.4,28.2,27.8,28.3,27.8,28.4,28,28.6,28.2,28.2,28.1,28.2,28.5,28.3,28.4,28.3,28.3,28.4,27.3,28.6,84,84,86,84,85,84,84,85,87,86,84,88,87,87,85,87,84,86,81,86,84,87,86,84,85,83,84,84,83,89,84,0.1,0,0.1,0,0.7,0.1,0.2,0.3,0,0.2,0.4,0,0,0,0,0.1,0.1,0.2,0.2,0,0.3,0.1,0.1,0.4,0.1,0,0.5,0,0.1,0,0.7,12,10.6,8.6,10.6,21.5,15.1,11.7,12.6,7.5,12.4,8.5,2.6,10.4,3.4,6.2,0.8,10.8,13.8,12,7.9,14,10.8,11.5,13.6,11.5,12.3,13.2,11.1,14.8,9.9,13.6,16.2,13.7,10.4,14,30.6,20.9,15.8,17.3,10.1,16.6,10.4,4,13,6.8,8.3,2.9,13.7,19.1,14.4,9.7,20.2,14.8,14.8,19.1,16.2,15.5,20.5,14,20.9,11.2,17.6,,,,,,22.2204,114.2127
2026-08-15T05:00,27.1,27.3,26.9,27.3,27.6,27.3,27.7,27.4,28.4,27,26.7,27.2,27.6,27.1,27.7,26.9,28,27.4,28,27.1,28.2,26.8,27.8,26.9,27.8,28.1,27.5,27.3,27.4,27.9,27.8,27.2,27,27.3,27.3,27.1,27.5,26.8,28.2,27.2,92,91,91,89,92,89,89,90,92,91,92,91,88,91,88,91,87,92,90,91,88,94,91,92,94,89,91,89,92,86,90,89,91,94,90,93,93,91,88,92,0,0,0,0.7,0,0,0,0,0,0,0,0,1,0,0,0,0,0,0.4,0,0,0,0,0,0,3.1,0,0,8,0,0.9,0,0,0,0,0,0.2,0,3.2,0.5,1.1,4.5,4.3,4.9,1.3,3.1,3.5,5.3,5.6,4.8,3.8,3.2,4.6,3.7,7.6,3.1,6.5,1.1,2.9,5.8,4.2,1.1,4.5,3.6,1.8,5.9,1.5,4.8,8.7,5.1,7.2,3.1,3.3,2.3,3.3,2.2,2.6,2.3,5.4,4.5,,,,,,,,,,,,,,,,,,,,,,,,,,,,,,,,,,,,,,,,,28.4,28.2,28.2,28.1,28.8,28.3,28.3,28.2,28.3,28.3,28.1,27.4,28.2,27.8,28.3,27.8,28.4,28,28.6,28.2,28.3,28.2,28.2,28.6,28.4,28.4,28.4,28.3,28.4,27.2,28.7,84,84,86,85,85,85,84,85,87,86,84,88,87,87,85,87,84,86,81,86,84,86,86,83,84,84,84,84,84,89,83,0.1,0,0.1,0,0.7,0.1,0.2,0.3,0,0.2,0.4,0,0,0,0,0.1,0.1,0.2,0.2,0,0.3,0.1,0.1,0.4,0.1,0,0.5,0,0.1,0,0.7,12,10.1,6.9,10.4,19,14.3,11.5,12.3,7,12.2,7.9,1.8,10,4.2,5.1,1.4,10.5,13.6,11.5,6.4,14.3,13,11.3,13.7,11.2,12,13.2,11.9,14.6,10.5,13.4,16.2,13,8.6,14.4,26.6,20.2,14,16.9,9,16.9,9.4,4.3,12.2,6.8,6.8,3.2,13,19.8,14.4,7.9,20.5,17.6,14.8,19.4,15.8,15.8,20.9,15.1,20.9,11.5,16.9,,,,,,22.2204,114.2127
2026-08-15T06:00,27.1,27.2,26.9,27.1,27.7,27.3,27.6,27.3,28.4,26.9,26.7,27.1,27.4,27,27.5,27,27.9,27.4,27.9,27.1,28.3,26.8,27.7,26.8,27.8,28.1,27.5,27.3,27.2,27.8,27.5,27.2,27,27.3,27.3,27.1,27.5,26.8,28,27,91,91,91,90,91,89,89,91,92,92,92,91,89,91,89,91,87,93,91,92,88,94,91,92,94,90,91,89,92,84,91,89,91,95,90,92,92,92,89,92,0,0,0,0.4,0.2,0,0,0,0,0,0,0,0.5,0,0,0,0,0,0.6,0,0,0,0,0,0,3.1,0,0,7.3,0,2,0,0,0,0,0,0.2,0,3.8,0.9,1.3,4.2,3.4,3.9,1.8,2.5,4,4.2,5.9,4.3,3.2,3.4,3.5,4,6.9,2.8,5.9,2.3,2.1,5.7,4,0.8,4.7,4.7,1.5,5,1,5.1,8.4,4.8,8.1,3.6,3,2.5,3.3,1.8,3.2,1.8,4.6,4,,,,,,,,,,,,,,,,,,,,,,,,,,,,,,,,,,,,,,,,,28.5,28.3,28.3,28.1,28.8,28.5,28.4,28.3,28.4,28.4,28.2,27.6,28.2,28,28.4,27.9,28.5,28.2,28.6,28.3,28.4,28.3,28.3,28.7,28.5,28.5,28.5,28.4,28.5,27.1,28.8,83,84,86,85,84,84,83,84,86,85,84,87,86,86,85,87,83,85,81,85,83,86,85,82,83,83,83,84,83,89,82,0.4,0,0.2,0.2,0.2,0.1,0.1,0.3,0.2,0.1,0,0,0,0.2,0,0,0.3,0.1,0,0.6,0.2,0.1,0.2,0.1,0.2,0.4,0.6,0.1,0.5,0.3,0,11.8,8.9,5.3,9.6,16.6,13,10.9,11.5,6.6,9.7,7.1,1.3,9.5,4.8,5.1,1.8,10.5,13.3,10.4,5.4,14.9,12.3,10.9,13,11.2,11.5,13.1,11.3,13.5,11,11.7,15.5,11.2,7.2,13,23,17.6,13,15.8,8.3,14.4,8.3,4.7,11.5,6.8,6.5,3.6,13.3,19.4,13.7,6.8,20.9,15.8,14,18.4,15.1,14.8,19.8,14,18.4,11.5,15.5,,,,,,22.2204,114.2127
2026-08-15T07:00,27.3,27.4,27.1,27.2,28,27.5,27.9,27.4,28.5,27.1,26.9,27.4,27.5,27.3,27.5,27.2,28,27.6,28.1,27.2,28.6,26.9,27.8,27,28,28,27.6,27.4,27,27.9,27.5,27.4,27,27.5,27.4,27.4,27.9,27,28,27,91,90,91,90,89,89,88,92,91,91,92,90,89,90,88,90,87,92,91,91,87,93,90,91,93,90,91,89,92,85,91,89,91,95,90,91,90,91,89,93,0,0,0,0.3,0,0,0,0,0,0,0,0,0.3,0,0,0,0,0,0,0,0,0.1,0,0,0,3.1,0,0,3.5,0,1.7,0,0.1,0,0,0,0,0,3.4,1,1.3,3.9,3.3,2.9,1.5,2.5,3.6,3.6,7.1,3.8,3.2,3.6,3.5,5,6.6,2.3,5,2.3,2,5.9,4.7,0.7,4.7,4.4,1.1,4.2,1.8,5.1,7.6,4.5,7.3,3.4,4.5,2.1,3.4,1.8,3.8,1.8,4.6,2.6,,,,,,,,,,,,,,,,,,,,,,,,,,,,,,,,,,,,,,,,,28.7,28.4,28.4,28.3,28.8,28.7,28.5,28.5,28.5,28.5,28.4,27.9,28.4,28.2,28.5,28,28.7,28.5,28.7,28.5,28.7,28.3,28.5,28.9,28.6,28.7,28.6,28.4,28.7,27,28.9,82,83,85,84,83,83,82,83,84,84,84,86,85,85,83,86,82,83,81,82,82,85,84,81,82,81,82,83,82,90,81,0.4,0,0.2,0.2,0.2,0.1,0.1,0.3,0.2,0.1,0,0,0,0.2,0,0,0.3,0.1,0,0.6,0.2,0.1,0.2,0.1,0.2,0.4,0.6,0.1,0.5,0.3,0,11.2,6.8,3.8,8.7,14.1,11.5,10.1,10.9,6.5,6.6,6.3,2.2,8.9,5.4,5.7,2.2,11,13,9.4,4.6,15.8,9.5,10.5,12.2,11.2,10.7,12.9,9.8,11.7,10.7,10.7,14.4,9,5.8,10.8,19.4,14.8,12.2,14.4,7.9,10.8,7.6,5.4,11.2,7.2,6.8,3.6,14,18.7,12.6,6.1,21.6,11.9,13,16.6,14.4,13.3,18.4,11.9,15.1,11.9,14,,,,,,22.2204,114.2127
2026-08-15T08:00,27.6,28.1,27.6,27.7,28.7,28,28.4,28.1,28.9,27.8,27.6,28,27.9,28.1,27.8,27.7,28.4,28.2,28.6,27.8,29.1,27.7,28.1,27.4,28.5,28.1,27.9,27.8,27.1,28.2,27.8,27.8,27.2,28.2,27.9,28,28.7,27.7,28.1,27.2,90,86,87,87,85,86,85,87,89,86,88,86,87,85,86,86,84,89,88,87,84,90,87,89,90,90,90,87,90,83,89,86,89,89,87,86,84,87,88,91,0,0,0,0,0,0,0,0,0,0,0,0,0.1,0,0,0,0,0,0.1,0,0,0,0,0,0,2.7,0,0,0.4,0,0,0,0.1,0,0,0,0,0,1.9,0.9,0.5,4.7,4.3,4.2,1.8,4,4.1,4.3,7.1,4.9,4.6,4.4,3.1,6.3,7.4,3.1,4.7,1.5,3.1,6.9,4.8,1.1,5.2,4.5,1.1,3.6,2.6,5.4,6.1,4.3,6.9,3.9,5.1,2.6,3.7,3.2,4.3,2.5,3.7,2.3,,,,,,,,,,,,,,,,,,,,,,,,,,,,,,,,,,,,,,,,,28.9,28.7,28.6,28.6,28.9,29,28.7,28.8,28.8,28.8,28.6,28.2,28.6,28.5,28.8,28.3,29,28.9,28.9,28.9,29,28.5,28.8,29.1,28.9,29,28.9,28.6,29,27.1,29.2,80,82,84,82,82,81,81,81,82,83,83,84,83,83,82,84,81,81,81,80,80,84,82,80,81,79,81,82,80,89,80,0.4,0,0.2,0.2,0.2,0.1,0.1,0.3,0.2,0.1,0,0,0,0.2,0,0,0.3,0.1,0,0.6,0.2,0.1,0.2,0.1,0.2,0.4,0.6,0.1,0.5,0.3,0,11.2,5.6,3.5,7.6,12.8,11.2,10,10.6,6.6,5.2,5.9,3.8,8.9,6.4,6,2.4,11.5,13.2,8.9,3.9,16.4,7.3,10,12.4,11.5,10.5,13.2,8.4,10.2,10.4,10.3,14,7.2,5.4,9,16.6,14,12.2,13.7,8.3,8.3,7.2,6.5,10.8,8.3,7.2,4.3,15.5,18.7,11.9,5.8,22,9,12.6,15.5,14.4,12.6,17.3,10.4,12.2,11.5,12.6,,,,,,22.2204,114.2127
2026-08-15T09:00,28.3,29.1,28.4,28.4,29.7,28.7,29,29.1,29.4,28.8,28.4,29.1,28.7,29.1,28.2,28.5,29.1,29.1,29,28.9,29.7,28.9,28.6,28.1,29.1,28.1,28.5,28.6,27.3,28.7,28.5,28.3,28,29.3,28.6,29,29.3,28.8,28.2,27.7,87,80,83,84,79,83,82,82,85,82,83,80,84,79,84,82,80,84,85,81,81,84,85,86,87,88,86,83,89,81,86,84,86,83,83,81,81,81,87,88,0,0,0,0,0,0,0,0,0,0,0,0,0.2,0,0,0,0,0,0.2,0,0,0,0,0,0,2.1,0,0,0,0,0,0,0,0,0,0,0,0,0.8,0.2,0.8,5.4,5,4.7,3.3,4,3.6,4.1,7.4,5.3,5.9,4.7,4.2,7,8,3.1,4.6,1.6,3.9,7.5,4.8,2.3,5.2,4.8,2.4,4.7,3.1,5.9,5.8,4.5,7.3,3.4,5.8,3.5,4.3,4,6.5,3.8,4.2,1.5,,,,,,,,,,,,,,,,,,,,,,,,,,,,,,,,,,,,,,,,,29.2,29.1,28.9,29,29.2,29.2,29,29.2,29.2,29.3,29.1,28.7,29,28.9,29.2,28.7,29.3,29.2,29.2,29.4,29.3,29,29.3,29.4,29.2,29.4,29.3,29,29.4,27.6,29.6,79,79,82,79,80,80,80,79,80,81,81,82,81,81,80,81,79,79,80,78,78,81,80,78,79,77,79,80,78,86,78,0,0,0.4,0,0.3,0.4,0,0,0,0.5,0.1,0,0,0,0,0,0.1,0.1,0.1,0.1,0,0.1,0.1,0,0.1,0,0.1,0,0,0,0,11.7,5.4,4.7,6.5,12,13.4,11,10.9,7.3,5.4,5.9,5.2,9.2,7.9,5.5,3.3,13,14.8,9.6,4,16.6,6.1,10,13.2,11.7,11.1,13.5,7.4,8.6,10,9.5,14.8,6.8,6.1,7.9,15.1,17.6,13.7,13.7,9,8.3,7.2,7.9,10.8,10.4,6.8,5,17.3,20.5,12.6,6.1,22,7.9,12.6,15.5,14.8,13.3,17.6,9.4,11.2,10.8,11.9,,,,,,22.2204,114.2127
2026-08-15T10:00,29.4,30.3,29.2,29.5,30.8,29.8,30.1,30.3,30,30.1,29.5,30.4,29.4,30.3,29.1,29.7,30.3,30.2,29.3,30,30.5,30.1,29.7,29.2,30.1,28.4,29.4,29.8,27.9,29.3,29.2,29.3,29,30.5,29.7,30.1,30.2,29.9,28.6,28.8,81,74,78,79,73,77,77,75,81,75,78,73,81,73,80,77,73,78,83,74,77,77,80,81,83,87,81,77,86,80,83,80,80,76,78,75,76,75,85,82,0,0,0,0,0,0,0,0,0,0,0,0,0.6,0,0,0,0,0,0.3,0,0.1,0,0,0,0,1.3,0,0,0,0,0,0,0,0,0,0,0,0,0.5,0,1.8,5.4,5.4,5.2,5.1,4.8,3.9,3.9,7.7,4.9,7.1,4.5,6,6.8,7.4,2.6,5.3,3.3,4.7,9.2,7.5,4.8,4.7,3.7,2.3,3.8,3.6,6.4,5.8,3.1,6.6,2.8,5.8,5,5.2,4.3,6.9,4,5.2,4.7,,,,,,,,,,,,,,,,,,,,,,,,,,,,,,,,,,,,,,,,,29.5,29.6,29.3,29.6,29.6,29.3,29.4,29.6,29.7,29.9,29.6,29.3,29.5,29.3,29.8,29.3,29.8,29.6,29.6,30,29.7,29.5,29.9,29.8,29.6,29.9,29.7,29.5,29.9,28.4,30,77,76,80,76,78,78,78,77,77,77,78,79,79,79,77,78,77,78,78,75,76,78,77,76,77,75,77,78,76,81,76,0,0,0.4,0,0.3,0.4,0,0,0,0.5,0.1,0,0,0,0,0,0.1,0.1,0.1,0.1,0,0.1,0.1,0,0.1,0,0.1,0,0,0,0,12.8,6,6.5,5.2,12,17.1,12.7,11.8,8.4,5.9,6.4,6.8,9.2,9.7,4.7,4.8,14.8,17.1,10.8,4.1,16.8,5.8,10.4,14,12.5,12.2,14.4,6.6,7.9,9.3,7.9,15.8,6.8,7.9,7.2,14.4,23.4,15.5,14.4,10.4,9,7.9,10.1,11.5,13,6.5,5.8,19.1,23.4,13.7,6.8,21.6,7.9,13,15.8,15.5,14.4,18.4,8.6,10.4,9.7,11.5,,,,,,22.2204,114.2127
2026-08-15T11:00,30.5,31.2,30.5,30.8,31.9,30.8,31.4,31.6,30.7,31.3,30.6,31.7,30,31.5,30.3,31,31.6,31.3,29.9,31.2,30.8,30.9,30.8,30.1,31,29,30.4,31.1,28.8,30,29.8,30.4,30.1,31.6,30.8,31.3,31.3,31.2,29.3,29.7,75,69,73,72,67,71,71,69,77,68,72,66,78,67,73,70,67,73,80,68,76,73,74,77,77,84,77,70,81,76,79,74,75,69,72,68,70,68,81,79,0,0,0,0,0,0,0,0.1,0,0,0,0,0.6,0,0,0,0,0,0,0,0.3,0,0,0.1,0,0,0,0,0,0,0.3,0,0,0,0,0,0,0,0.1,0,3.3,5.9,5.7,7.1,7.3,6.4,4.1,4.4,7.8,6.1,7.9,4.8,8.9,7.3,7.7,2.5,6.4,4.5,4.7,10,9.3,7.9,5.3,2.9,3.9,3.9,1.8,7.1,6.5,2.3,7.4,2.6,5.9,6.8,6.3,6.8,7.3,5.8,5.8,4,,,,,,,,,,,,,,,,,,,,,,,,,,,,,,,,,,,,,,,,,29.8,30.1,29.6,30.1,30,29.4,29.7,30,30.1,30.4,30,29.8,29.9,29.7,30.2,29.7,30.1,29.8,29.9,30.5,30.1,30,30.2,30.1,29.9,30.3,30.1,29.9,30.3,29,30.4,76,73,78,74,76,77,77,75,75,75,76,77,77,77,75,75,75,77,76,73,74,75,75,75,76,74,76,76,74,78,74,0,0,0.4,0,0.3,0.4,0,0,0,0.5,0.1,0,0,0,0,0,0.1,0.1,0.1,0.1,0,0.1,0.1,0,0.1,0,0.1,0,0,0,0,14.2,7.1,8.7,5.4,12.2,20,14.3,12.7,10.3,5.8,7.4,8.4,10,11.1,4.6,6.2,16.8,18.9,11.9,5.2,17.2,6.5,11.8,15.1,13.8,13.7,15.8,7.4,8.4,8.4,6.5,17.6,7.9,10.8,7.9,15.1,27.7,17.3,15.5,12.6,10.1,9.4,12.2,12.2,15.1,6.8,7.6,21.6,25.6,14.8,7.9,22,8.6,14.4,17.3,17.3,16.6,19.8,9.7,11.2,9.4,11.5,,,,,,22.2204,114.2127
2026-08-15T12:00,31.4,32.1,31.7,31.7,32.8,31.8,32.8,32.7,31.6,32,31.8,32.7,30.7,32.7,31.5,32,32.9,32.3,30.7,32.4,31.4,31.6,32,30.8,31.8,29.7,31.3,32.4,29.8,30.8,30.7,31.3,30.9,32.7,31.9,32.3,32.5,32.3,29.9,30.4,70,65,66,69,64,66,64,63,72,64,67,60,75,61,67,65,61,68,77,62,73,70,68,73,72,81,71,63,77,74,74,70,71,64,66,63,64,63,79,75,0,0.1,0,0,0,0,0,0.2,0,0,0,0,1.1,0,0,0,0,0.1,0,0,0.3,0.1,0,0.2,0,0,0,0,0,0,0.1,0,0.1,0,0.1,0,0,0,0.5,0,5.6,6.2,6.9,7.6,7.8,8.2,5.4,6.6,8.2,8,9.8,5.8,8.7,7.7,8.2,4.3,7.2,8.4,4.7,10.4,9.4,10.9,5.6,2.6,8,4.5,0.4,7.3,7.2,1.5,7.8,4,7.9,8.7,6.9,9.2,7.9,6.8,6.4,4,,,,,,,,,,,,,,,,,,,,,,,,,,,,,,,,,,,,,,,,,30,30.3,29.8,30.3,30.1,29.5,29.8,30.2,30.2,30.6,30.3,30,30,30,30.4,30,30.3,29.9,30.2,30.8,30.3,30.2,30.2,30.2,30.1,30.4,30.2,30.1,30.5,29.3,30.7,75,72,77,73,75,77,77,74,75,73,75,76,76,76,73,74,74,77,75,72,73,73,75,75,75,73,76,76,73,77,73,0,0,0.2,0,0,0,0,0,0,0.1,0,0,0,0,0,0,0,0.2,0,0,0,0,0.1,0,0,0,0,0,0,0,0,15.9,8.9,12.4,8,13.5,20.8,15.4,14.6,13.1,2.2,9.9,10.5,11,11.6,6.4,8.4,19.1,20.4,12.4,7,18.7,7.9,14.8,17,16.3,16.5,17.9,10.5,10,8.6,6.5,20.2,9.7,15.8,10.4,17.6,28.8,18.4,18,16.9,10.4,11.9,14.8,13.7,15.5,8.3,10.4,24.8,27.4,15.1,9.7,23.4,10.4,18,20.2,20.5,20.2,22.3,13.7,13,10.4,12.2,,,,,,22.2204,114.2127
2026-08-15T13:00,32.2,32.7,32.6,32.3,33.4,32.4,33.9,33.5,32.2,32.4,32.6,33.3,31.3,33.4,32.7,33,34,33,31.5,33.2,32.1,32.4,33,31.4,32.3,30.1,32.1,33.5,30.5,31.6,31.7,32.3,31.7,33.2,32.8,33,33.4,33.1,30.3,31.3,67,62,62,66,61,63,58,59,68,62,62,57,72,57,60,60,56,65,72,57,71,66,61,71,70,79,66,58,72,71,69,66,67,61,61,60,59,58,77,70,0,0,0,0,0.1,0,0,0.1,0,0,0,0,0.5,0,0,0,0,0,0,0,0.5,0,0,0.2,0,0.5,0.1,0,0,0,0,0,0.1,0,0.1,0,0,0,0.7,0,5.8,7.2,8.2,9.9,8.7,8.7,4.8,7.1,7.8,9.9,10.4,5.8,8,7.6,8.5,5.6,7.2,10.5,5.7,11.2,9.4,12.6,6.9,5,10.4,4.9,0.8,6.8,8,1.3,8,6.2,8.8,10.6,7.8,10.3,9.3,6.6,6.3,3.4,,,,,,,,,,,,,,,,,,,,,,,,,,,,,,,,,,,,,,,,,30.3,30.4,29.9,30.5,30.2,29.6,29.8,30.3,30.1,30.5,30.4,30.2,30.1,30.2,30.5,30.3,30.3,29.9,30.4,30.9,30.5,30.4,30,30.2,30.3,30.4,30.3,30.2,30.7,29.5,30.8,75,71,77,72,74,77,77,74,75,72,75,75,75,75,71,74,74,77,74,71,72,71,75,75,75,73,76,76,72,77,72,0,0,0.2,0,0,0,0,0,0,0.1,0,0,0,0,0,0,0,0.2,0,0,0,0,0.1,0,0,0,0,0,0,0,0,17.9,10.8,16.7,12.4,16.4,20.6,15.7,16.8,16.9,4,13,13.5,12.6,12.2,8.5,11.3,21.4,21.7,12.8,9,20.2,10,18.3,19.2,19.6,20.2,20.7,14.3,13.2,11.3,9.1,23,11.9,21.6,14.4,21.6,28.4,19.1,21.2,22,10.4,15.5,17.3,15.5,15.1,10.1,14.4,28.4,28.8,15.5,12.2,25.6,13,22.3,23.8,24.5,24.1,25.2,19.1,16.2,12.6,13.7,,,,,,22.2204,114.2127
2026-08-15T14:00,32.5,33,33,32.6,33.8,32.8,34.4,33.9,32.7,32.8,33,33.7,31.6,34,33.5,33.6,34.6,33.5,32.2,33.7,32.6,32.6,33.8,32.1,32.8,30.4,32.4,34.1,31.2,32.4,32.8,32.9,32.5,33.7,33.3,33.5,33.9,33.3,30.5,31.9,66,60,60,65,59,61,54,56,65,60,60,55,71,55,56,57,53,62,68,54,69,65,56,68,66,78,66,54,68,65,63,63,63,60,59,58,56,57,76,67,0,0,0,0,0.1,0,0,0.1,0,0.1,0,0,1.7,0,0,0,0,0,0,0,0.7,0,0,0,0,0.1,0,0,0,0,0,0,0,0,0.1,0,0,0,1.2,0,6,7.5,9.7,10.9,8.6,9.2,5.9,7.3,8.7,10.1,11.2,5.8,7.9,7.1,8.2,6.4,6.9,10.5,7.8,11.4,9.5,12.8,8.6,6.3,11.7,6.1,2.4,6.4,7.6,1.1,8.3,7.4,8.8,11.2,8.4,10.1,10.2,6,7.2,3.5,,,,,,,,,,,,,,,,,,,,,,,,,,,,,,,,,,,,,,,,,30.4,30.5,30,30.5,30.2,29.6,29.8,30.4,30,30.5,30.4,30.3,30.1,30.4,30.6,30.4,30.3,29.8,30.6,30.9,30.5,30.5,29.9,30.2,30.3,30.4,30.3,30.2,30.7,29.7,30.9,75,71,77,72,74,77,78,74,76,72,75,74,75,74,70,74,74,77,73,71,72,71,76,76,75,73,76,76,72,77,71,0,0,0.2,0,0,0,0,0,0,0.1,0,0,0,0,0,0,0,0.2,0,0,0,0,0.1,0,0,0,0,0,0,0,0,19.6,12.7,20.3,15.9,18.8,20.5,16.3,18.6,19.4,8.9,15.5,15.5,13.9,12.9,10.9,14.5,23,21.9,13.5,11.6,21.5,12.2,21.1,20.9,21.9,22.4,22.4,17.3,16.1,13.7,12.6,25.2,14.4,25.9,18,24.5,27.7,19.8,23,25.6,11.9,18.4,19.1,16.6,15.5,11.9,17.6,30.6,28.8,16.2,14.8,26.6,15.1,25.9,26.3,27.4,27,27.4,22.7,18.7,14.8,15.5,,,,,,22.2204,114.2127
2026-08-15T15:00,32.9,33.1,32.8,32.3,33.8,33,34.6,34.1,33.1,32.9,32.8,33.8,31,34.3,33.8,33.8,34.8,33.6,32.4,34,32.8,32.7,34,32.3,33.2,30.4,32.4,34.4,31.7,33.1,33.4,33.1,32.8,34,33.3,33.7,34.2,33.4,30.9,32.1,65,59,60,66,58,61,53,55,63,59,61,54,72,53,54,56,51,61,67,53,68,64,54,67,64,78,67,52,65,61,60,62,61,58,58,56,55,57,73,65,0,0,0,0.1,0,0,0,0,0,0,0,0,1.5,0,0,0,0,0,0,0,1,0,0,0.1,0,0.3,0,0,0,0,0,0,0,0,0.1,0,0,0,0.5,0.1,5.4,7.9,11.2,12,8.5,10.2,6.9,6.9,9.8,9.1,12.5,5.5,8.1,6.9,8.3,7.2,7.1,10.7,8.2,10.9,8.9,12.9,9,5.8,12,6.7,4.8,6.9,6.5,2.6,7.9,8,8,10.8,8.4,9.5,10,6.2,7.4,4.3,,,,,,,,,,,,,,,,,,,,,,,,,,,,,,,,,,,,,,,,,30.3,30.6,29.9,30.4,30.2,29.6,29.8,30.3,29.9,30.5,30.4,30.3,30.2,30.4,30.6,30.4,30.2,29.7,30.6,30.8,30.4,30.5,29.8,30.1,30.2,30.3,30.2,30.2,30.6,29.9,30.8,75,72,77,73,75,77,78,74,76,73,76,74,74,74,70,74,75,77,73,72,73,72,76,76,76,74,76,76,73,77,71,0,0,0,0,0,0,0,0,0.1,0,0,0,0,0,0,0,0,0,0,0,0,0,0,0,0,0,0,0,0,0,0,20.9,14.7,21.5,18.2,20.1,20.9,16.8,18.3,20.2,12.6,16.8,16.8,14.1,14.2,12.5,16.6,22.9,20.6,14.8,14.8,21.4,14,22.1,21.1,22.7,22.7,22.7,18.3,18.1,14.1,15.7,26.6,16.6,27,21.6,26.3,27.4,20.2,22.3,26.6,15.5,20.2,20.2,16.9,16.9,13.7,20.5,29.9,26.6,17.3,18,26.3,17.3,27.4,26.3,28.8,27.4,28.1,23.4,20.9,16.9,18,,,,,,22.2204,114.2127
2026-08-15T16:00,32.7,32.9,32.4,31.6,33.5,32.6,34.6,33.9,33.3,32.7,32.2,33.3,30.4,34.2,33.7,33.4,34.5,33.5,32.4,34,32.6,32.5,34.1,32,33.4,30.2,31.7,34.4,31.7,33.4,33.5,33,32.9,33.9,33.2,33.6,34.2,33.3,31,31.7,66,60,63,69,60,63,53,55,61,59,65,56,75,53,54,58,52,60,67,52,68,66,53,68,63,78,71,52,65,59,59,62,60,58,58,56,54,57,72,67,0,0,0,0.1,0,0,0,0,0,0,0,0,1.1,0,0,0,0,0,0,0,0.8,0,0,0.1,0,0.2,0.5,0,0,0,0,0,0,0,0,0,0,0,0.3,0.1,8,9.1,11.5,12.3,8.6,10.6,6.1,5.4,10.9,8.2,13.4,6.1,6.4,8.1,9,8.9,7.7,10.1,7.8,9.4,9.7,12.1,8.8,4.8,10.9,6.9,4.8,6.5,5,6.1,7.1,7.7,7.7,9.9,8.8,9.4,8.2,5.5,7,6.2,,,,,,,,,,,,,,,,,,,,,,,,,,,,,,,,,,,,,,,,,30.1,30.6,29.8,30.1,30,29.6,29.8,30.3,29.8,30.4,30.3,30.2,30.2,30.4,30.5,30.3,30.1,29.6,30.4,30.5,30.1,30.4,29.8,30,30.1,30.1,29.9,30.2,30.3,30,30.7,76,73,77,74,76,78,79,74,76,74,77,74,74,74,72,75,76,77,74,74,74,74,76,77,77,75,77,76,74,77,72,0,0,0,0,0,0,0,0,0.1,0,0,0,0,0,0,0,0,0,0,0,0,0,0,0,0,0,0,0,0,0,0,22.3,17.1,21.4,19.9,20.6,20.9,17.4,17.1,19.4,15.9,17.6,17.4,14.3,16.1,14,18.6,22.2,18.1,15.8,18,20.6,16.1,22.1,20.1,22.8,21.7,21.9,18.1,19.5,15.7,18.7,28.1,19.1,26.3,24.8,27,26.6,20.5,20.9,25.9,20.5,22,20.5,16.9,19.1,15.1,23,27.4,23.4,18.7,21.2,25.2,19.4,27.7,24.5,29.5,26.6,28.4,22.3,23,19.1,21.2,,,,,,22.2204,114.2127
2026-08-15T17:00,31.8,32.3,31.7,31,33,31.8,34.4,33.2,33.3,32.4,31.2,32.9,29.9,33.4,33.3,32.4,33.9,33.2,32.2,33.7,32.1,31.8,33.7,31.4,33.3,30.1,31.3,34.1,31.4,33,33.3,32.7,32.4,33.5,32.8,33.2,33.9,32.9,31,30.8,70,62,67,72,62,67,53,58,61,61,70,58,76,57,55,63,54,61,68,53,70,69,54,71,61,78,72,52,67,60,59,64,62,59,60,58,55,59,72,73,0,0,0,0.2,0,0,0,0,0,0,0,0,0.4,0,0,0,0,0,0,0,0.6,0,0,0.1,0,0,0.2,0,0,0,0,0,0,0,0,0,0,0,0,0,10.1,9.7,10.8,10.7,7.1,10,5.1,5.9,9.7,6.8,13.3,7.2,7.1,10.8,9,9.3,8.7,9.5,6,8.6,9.4,10,8.6,2.3,9.8,6,4.4,5.7,6,8.6,7.4,7.7,8,9.2,8.7,9.3,7.9,5.9,7.6,7.3,,,,,,,,,,,,,,,,,,,,,,,,,,,,,,,,,,,,,,,,,29.9,30.5,29.7,29.9,29.8,29.5,29.7,30.1,29.6,30.3,30.2,30,30.1,30.2,30.4,30.2,29.9,29.5,30.2,30.2,29.8,30.2,29.8,29.8,29.8,29.9,29.7,30.1,30,30,30.5,77,74,78,76,78,79,80,74,77,76,78,75,74,74,73,76,77,78,75,76,76,76,77,77,78,76,78,76,75,78,73,0,0,0,0,0,0,0,0,0.1,0,0,0,0,0,0,0,0,0,0,0,0,0,0,0,0,0,0,0,0,0,0,22.5,18.6,20.8,21.1,20.6,20.7,17.7,16.4,18.9,18.6,18.4,17.8,14.3,17.8,14.8,19.6,21.2,16.5,16.6,20.1,19.6,17.2,21.4,19.4,22.3,20.7,21.4,17.9,20.2,18.8,20.7,28.1,20.9,25.2,26.6,27,25.9,20.5,19.4,24.8,23.8,23,20.9,16.9,20.5,16.6,24.5,25.2,21.2,19.4,23.8,23.8,20.5,27.4,23,29.5,25.6,28.1,21.2,24.1,21.2,23.4,,,,,,22.2204,114.2127
2026-08-15T18:00,30.6,31.3,30.7,30.4,32.1,30.7,34,32.2,33,31.8,30.2,31.8,29.3,31.7,32.8,31.1,32.7,32.4,31.8,33.1,31.1,30.9,33.1,31,33,29.8,31.3,33.6,30.5,31.9,32.5,32.1,31.8,32.6,32.1,32,33,31.9,30.6,29.8,77,67,73,75,66,74,55,63,61,64,75,64,79,67,57,71,61,63,70,55,75,73,57,72,62,80,72,55,73,67,64,66,65,63,63,64,60,64,74,80,0,0,0,0,0,0,0,0.1,0,0,0,0,0.1,0,0,0,0,0,0,0,1.3,0,0,0.1,0,0,0,0,0,0,0,0,0,0,0,0,0,0,0,0,8.1,10.1,10.3,8.5,5.7,9.5,3.9,6.8,7.9,6.9,11.8,8,5.9,12.4,6.9,9.5,8.7,8.3,5.1,8.3,9.6,8.3,8.5,1.3,7,4.7,3.1,5.4,7.1,8.4,8.1,7.1,8.4,8.7,9.2,10.1,7.4,5.9,7.1,7.4,,,,,,,,,,,,,,,,,,,,,,,,,,,,,,,,,,,,,,,,,29.6,30.2,29.5,29.6,29.6,29.3,29.4,29.8,29.4,30,29.9,29.8,29.9,29.9,30.1,29.9,29.6,29.3,29.9,29.8,29.5,29.9,29.6,29.6,29.5,29.7,29.5,29.9,29.7,29.8,30.1,78,75,80,77,79,81,82,75,79,77,80,77,75,75,75,77,79,79,76,78,77,77,78,78,80,77,79,76,76,80,75,0,0,0,0,0,0,0,0,0.1,0,0,0,0,0,0,0,0,0,0,0,0,0,0,0,0,0,0.1,0,0,0.4,0,21.3,19.2,19.6,20.6,19.6,20,17.4,16.4,17.9,19.1,19.1,18,14,18.1,15.1,19.6,20.2,16.3,16.4,20.4,18.4,17.3,19.7,18.3,21.9,19.8,20.6,17.1,19.7,20.4,20.9,26.6,22,24.1,25.9,25.2,24.8,20.5,19.4,23.4,24.1,24.5,21.6,16.6,21.2,17.3,24.8,24.5,21.2,19.4,24.5,22.3,20.5,25.2,21.6,29.5,24.8,27.4,20.2,23.4,23.4,24.5,,,,,,22.2204,114.2127
2026-08-15T19:00,29.5,29.9,29.5,29.5,30.9,29.6,32.8,30.8,32.2,30.5,29.3,30.3,28.6,30.1,31.6,29.7,31.2,31.2,31,31.7,30,29.8,31.8,30.5,32.3,29.3,30.8,32,29.4,30.7,31.1,31.2,30.6,31.1,30.7,30.3,31.3,30.6,29.8,28.9,83,76,79,80,74,81,62,72,66,71,80,73,83,77,65,79,70,73,75,64,81,79,66,75,66,83,75,64,80,72,73,72,73,72,72,76,69,72,79,86,0,0,0,0,0,0,0,0,0,0,0,0,0.1,0,0,0,0,0,0,0,2.3,0,0,0,0,0,0,0,0,0,0,0,0,0,0,0,0,0,0,0,6.5,8.6,9.2,6.1,5.4,7.2,4.3,7,6.4,6.9,9.5,7.1,5.4,10,5.7,7.6,7.1,5.4,4.1,8,5.5,5.4,6.1,2.8,3.5,4.9,3.6,5.6,6.9,7.3,8.6,4.5,8.8,7.4,8.7,9.1,6.6,5.4,6.1,7.2,,,,,,,,,,,,,,,,,,,,,,,,,,,,,,,,,,,,,,,,,29.3,29.8,29.2,29.3,29.3,29,29,29.4,29.1,29.6,29.5,29.4,29.6,29.6,29.7,29.7,29.2,29.1,29.6,29.5,29.2,29.5,29.4,29.3,29.2,29.3,29.2,29.6,29.5,29.4,29.7,80,77,82,79,81,83,84,77,81,79,82,80,76,77,76,78,80,81,78,80,79,79,79,78,82,79,81,77,78,81,77,0,0,0,0,0,0,0,0,0.1,0,0,0,0,0,0,0,0,0,0,0,0,0,0,0,0,0,0.1,0,0,0.4,0,19.4,19.2,17.9,18.9,18.1,18.6,16.9,16.9,16.5,18.4,19.6,17.9,13.8,17.9,15.2,19.4,19.2,16.6,16,19.2,17.3,16.6,17.8,17.3,21,18.6,19.6,16.1,18.1,20.6,19.9,24.5,22.7,23,23.8,22,23.4,20.5,20.2,21.2,22.7,25.6,22.3,16.6,21.6,17.3,24.1,23.8,22.3,19.1,23.8,20.5,19.8,22.3,20.2,28.8,23.8,26.6,19.1,22,25.6,24.5,,,,,,22.2204,114.2127
2026-08-15T20:00,28.8,29,28.8,29,29.9,28.9,31.5,29.9,31.2,29.5,28.7,29.4,28.1,29.3,30.6,29.1,30.3,30.3,30.2,30.5,29.6,29.1,30.7,29.7,31.4,28.9,30.1,30.8,28.6,30,30,30.4,29.6,30,29.8,29.2,30,29.5,29.1,28.4,86,82,83,83,80,85,70,79,71,78,83,79,87,81,73,82,75,80,80,72,84,84,74,81,74,86,80,71,85,76,79,78,80,79,78,82,77,78,84,89,0,0,0,0,0,0,0,0,0,0,0,0,0,0,0,0,0,0,0,0,0,0,0,0,0,0,0,0,0,0,0,0,0,0,0,0,0,0,0,0,5.2,7.3,8.2,5,4,6.6,5.2,6.3,6,7.1,8.2,5.8,4.4,7.1,5.1,5.7,5.6,4.3,4,8.4,2.9,4,5.1,4.4,3.3,3.9,4.3,5.9,5.6,5,8.3,3.6,8.3,7.1,7.2,7.6,5.1,4.8,5.9,5.8,,,,,,,,,,,,,,,,,,,,,,,,,,,,,,,,,,,,,,,,,29,29.4,29,29,29.1,28.7,28.8,29.1,28.9,29.3,29.2,29.1,29.4,29.2,29.4,29.4,29,28.9,29.3,29.2,29,29.2,29.1,29.1,29,29.1,29,29.3,29.3,29.1,29.4,82,78,84,80,82,85,85,79,83,80,83,82,77,79,78,79,82,83,80,81,80,80,81,79,84,80,82,78,79,83,79,0,0,0,0,0,0,0,0,0.1,0,0,0,0,0,0,0,0,0,0,0,0,0,0,0,0,0,0.1,0,0,0.4,0,17.7,18.8,16.8,17.6,16.6,17.4,16.1,16.9,15.4,17.8,19.4,17.9,13.8,17.4,15,18.6,18.2,17,15.9,18.4,16.3,15.6,16.4,16.3,20.1,17.6,18.9,15,17,20.1,19.2,22.7,23,22,21.6,19.8,22,19.8,20.5,19.8,21.2,25.6,22.3,16.2,21.6,17.6,23.8,23,23,19.1,23,19.1,18.7,20.2,19.1,28.1,22.7,25.6,18,20.5,26.6,24.5,,,,,,22.2204,114.2127
2026-08-15T21:00,28.4,28.4,28.3,28.6,29.4,28.6,30.8,29.3,30.7,29,28.2,28.8,27.8,28.8,29.9,28.7,29.7,29.7,29.7,29.9,29.2,28.6,30.1,29.3,30.8,28.6,29.7,30,28.2,29.5,29.4,29.9,29.1,29.5,29.3,28.7,29.3,28.9,28.6,28,88,85,86,86,84,87,75,83,74,81,86,83,89,85,78,85,79,84,83,76,86,86,78,84,78,88,83,76,88,80,83,81,84,82,81,85,82,81,87,91,0,0,0,0,0,0,0,0,0,0,0,0,0,0,0,0,0,0,0,0,0.2,0,0,0,0,0,0,0,0,0,0,0,0,0,0,0,0,0,0,0,4.3,6.6,7.4,4.4,3.6,5.9,4.8,6,6,7.1,7.3,5.2,3.7,6.7,5.2,5,4.6,4.1,3.6,8.4,2.5,3.3,4.8,4.7,4,2.9,4.3,5.6,4.9,4.2,7.4,3.6,7.6,6.1,6.6,6.8,4,4.5,4.8,4.7,,,,,,,,,,,,,,,,,,,,,,,,,,,,,,,,,,,,,,,,,28.8,29.2,28.8,28.9,28.9,28.6,28.7,28.8,28.8,29.1,29,28.9,29.2,29,29.2,29.1,28.9,28.7,29.1,29.1,28.8,29,28.9,29,28.8,28.9,28.9,29.1,29.1,28.9,29.2,84,79,85,81,83,86,85,80,83,82,84,83,79,80,79,81,83,84,81,82,81,81,83,80,85,81,83,79,80,84,80,0,0.1,0,0,0,0,0,0,0.5,0,0.4,0.1,0,0,0,0,0,0.2,0,0.2,0,0,0,0,0.2,0,0.2,0,0,0.5,0,17.3,18.4,16.3,16.4,15.8,15.9,14.4,16.6,15.3,17,18.1,16.9,13.7,16.9,15.5,18.1,17.1,16.9,16,17.3,15.3,14.3,16.3,15.5,19.1,16.5,18.4,14.5,16.1,19.2,18.4,22.7,23,21.2,20.2,18.7,19.8,17.6,19.8,19.8,20.5,24.1,21.2,16.2,21.2,18.4,23.8,21.6,23,19.4,22,18,17.3,20.2,18.4,27,20.9,24.1,17.3,19.4,26.3,24.1,,,,,,22.2204,114.2127
2026-08-15T22:00,28.3,28.2,28.1,28.3,29,28.5,30.1,28.9,30.3,28.7,28,28.5,27.6,28.7,29.4,28.5,29.3,29.3,29.4,29.6,29,28.4,29.7,29,30.3,28.4,29.2,29.5,27.9,29.2,29.1,29.5,28.7,29.3,29,28.5,28.7,28.6,28.3,27.8,89,87,87,88,87,88,80,86,77,83,88,84,91,87,82,85,83,86,85,78,86,88,81,86,81,90,85,79,89,82,86,83,86,83,83,86,85,83,89,92,0,0,0,0,0,0,0,0,0,0,0,0,0,0,0,0,0,0,0,0,0.2,0,0,0,0,0,0,0,0,0,0,0,0,0,0,0,0,0,0,0,3.4,6.3,6.6,4,3.3,4.7,4,5.6,6.5,6.1,6.5,4.5,2.9,6.8,5.1,4.7,3.6,4.3,2.7,7.9,2.6,2.9,4.6,4.3,4.5,1.9,4,4.6,4,3.9,6.2,4,6.5,5.1,6,5.8,3.2,3.9,3.7,3.5,,,,,,,,,,,,,,,,,,,,,,,,,,,,,,,,,,,,,,,,,28.7,29.1,28.7,28.7,28.7,28.6,28.6,28.7,28.8,28.9,28.9,28.8,29,28.9,29,28.9,28.8,28.6,28.9,29,28.7,28.9,28.7,28.8,28.7,28.8,28.8,29,29,28.8,29,85,79,86,82,85,86,85,82,83,83,84,84,80,81,80,82,84,84,83,83,83,82,85,82,86,82,84,81,81,84,81,0,0.1,0,0,0,0,0,0,0.5,0,0.4,0.1,0,0,0,0,0,0.2,0,0.2,0,0,0,0,0.2,0,0.2,0,0,0.5,0,17.4,17.5,16.1,15.3,15.5,14.3,12.7,15.6,15.4,16.1,16.9,16.1,13.8,16.7,16,18.1,15.8,16.2,15.8,16.1,14.1,13,16.4,15.3,18.3,15.6,17.4,14.3,15.6,17.8,17.6,23.4,23,20.9,18.4,18.4,17.6,15.1,18.7,20.5,19.8,21.6,20.2,16.6,20.9,19.4,24.1,19.8,22.3,19.8,20.5,16.9,15.5,21.2,18.4,25.9,19.1,22.7,16.9,18.7,25.2,23,,,,,,22.2204,114.2127
2026-08-15T23:00,28.2,28,28,28,28.7,28.4,29.7,28.6,30,28.4,27.9,28.2,27.5,28.6,29,28.5,29.1,29,29.1,29.3,28.8,28.3,29.4,28.7,29.9,28.2,28.8,29.1,27.8,28.9,28.8,29.1,28.5,29.1,28.8,28.3,28.3,28.3,28,27.6,90,88,88,90,89,89,84,88,80,84,90,86,92,88,85,86,85,87,86,80,87,89,83,88,83,92,87,82,90,84,88,85,88,84,84,87,88,85,91,93,0,0,0,0,0,0,0,0,0,0,0,0,0,0,0,0,0,0,0,0,0.2,0,0,0,0,0,0,0,0,0,0,0,0,0,0,0,0,0,0,0,2.9,5.8,6.1,3.3,3,4,2.9,5.2,6.8,5.7,6,3.9,2.2,6.8,5.1,4.3,3.1,4.6,2.5,7.4,2.4,2.5,4.6,4.2,4.8,0.8,3.6,3.7,3.3,3.2,5.4,4.1,5.4,4.4,5.2,4.8,2.5,3.4,2.2,2.8,,,,,,,,,,,,,,,,,,,,,,,,,,,,,,,,,,,,,,,,,28.6,29.1,28.7,28.6,28.6,28.5,28.6,28.5,28.7,28.8,28.9,28.6,28.8,28.7,28.9,28.7,28.8,28.5,28.8,29,28.6,28.7,28.6,28.7,28.6,28.7,28.7,28.9,28.9,28.7,28.9,86,79,86,83,86,86,85,83,83,84,84,84,82,82,81,84,84,85,84,83,84,83,86,83,87,83,85,82,82,84,82,0,0.1,0,0,0,0,0,0,0.5,0,0.4,0.1,0,0,0,0,0,0.2,0,0.2,0,0,0,0,0.2,0,0.2,0,0,0.5,0,17.1,17.1,16.1,14,15.1,13.7,12,14.9,15.5,15.6,15.9,15.1,13.8,16.5,16.2,17.6,15,15.3,15.5,15.1,13.3,12.1,16.4,15,17.5,14.8,17.1,14.1,15,16.4,17.1,23.4,23.4,20.9,17.3,18.7,16.6,14.4,18,20.9,19.8,20.2,19.1,16.6,20.5,19.8,23.8,18.4,21.2,19.8,19.4,16.2,14.4,22.3,18.7,25.2,18,22,16.9,18.4,23.4,22.3,,,,,,22.2204,114.2127
2026-08-16T00:00,28.2,27.9,27.9,27.9,28.5,28.3,29.4,28.4,29.7,28.2,27.8,28,27.4,28.6,28.8,28.4,28.9,28.9,28.9,29.1,28.6,28.1,29.2,28.5,29.6,28,28.6,28.9,27.6,28.7,28.5,28.9,28.4,28.8,28.6,28.2,28,28.1,27.9,27.5,91,89,89,91,90,90,86,90,82,86,90,87,93,88,87,87,87,87,86,82,88,90,84,89,84,93,88,84,91,85,90,86,89,85,86,88,90,86,92,93,0,0,0,0,0,0,0,0,0,0,0,0,0,0,0,0,0,0,0,0,0,0,0,0,0,0,0,0,0,0,0,0,0,0.3,0,0,0,0,0,0,2.5,5.7,6.1,2.5,2.3,3.3,1.9,4.8,6.8,5.1,6.2,3.6,1.6,6.5,5.2,4.2,2.7,5.1,1.9,6.7,2.1,2.2,4.7,3.9,4.3,0,2.5,3.4,3.1,2.3,4.9,3.5,4.6,4.2,4.5,4.3,2.3,2.8,1,3.1,,,,,,,,,,,,,,,,,,,,,,,,,,,,,,,,,,,,,,,,,28.5,29,28.6,28.5,28.5,28.5,28.6,28.4,28.5,28.7,28.8,28.5,28.7,28.6,28.8,28.6,28.7,28.3,28.6,29,28.5,28.6,28.5,28.6,28.6,28.6,28.6,28.7,28.8,28.6,28.8,87,78,86,84,86,86,85,84,85,84,84,85,84,83,81,85,84,86,85,82,86,83,86,84,87,83,86,83,82,84,83,0,0.2,0,0,0.1,0,0.2,0.1,0.1,0.7,0.7,0.2,0.1,0,0.1,0.2,0.2,0.1,0,0.3,0.1,0,0.5,0.2,0.2,0.1,0,0.2,0.1,0.2,0.1,16.4,18.2,15.8,13.2,15,14.1,13.6,14.3,15.5,16.1,16.5,14.8,13.3,16.4,16,16.6,14.8,13.8,14.8,14.8,12.6,11.8,16.2,15.3,17.5,14.3,17.1,14,15.3,15.2,16.6,22.7,24.8,21.2,16.6,19.4,17.3,17.6,18,20.9,20.5,21.2,19.4,16.2,20.9,19.4,22.7,18,18.7,19.8,19.4,16.2,14.4,23,19.8,24.8,18.4,22.3,18,18.7,21.2,21.6,,,,,,22.2204,114.2127
2026-08-16T01:00,28.1,27.8,27.9,27.8,28.4,28.3,29.2,28.2,29.6,28.1,27.9,27.9,27.3,28.6,28.7,28.4,28.7,28.8,28.8,29.1,28.4,28,29.2,28.4,29.4,27.8,28.4,28.9,27.5,28.6,28.4,28.7,28.3,28.6,28.5,28.2,27.8,28,27.8,27.4,91,90,89,91,90,90,87,90,83,87,90,88,93,87,87,87,87,87,86,83,89,91,85,89,85,94,89,84,92,85,90,87,90,86,87,89,91,87,92,93,0,0,0,0,0,0,0,0,0,0,0,0,0,0,0,0,0,0,0,0,0,0,0,0,0,0,0,0,0,0,0,0,0,0.3,0,0,0,0,0,0,1.8,5.6,6,1.6,1.8,2.7,1.3,4.9,6.8,4.6,6.6,3.1,1.3,6.4,5.8,4.2,3,5.5,1.8,6,1.8,1.9,4.7,3.6,4.5,1.1,1.1,2.6,3.1,2.2,5.1,2.8,4.2,3.9,3.6,4.1,2.3,2,1.5,3.3,,,,,,,,,,,,,,,,,,,,,,,,,,,,,,,,,,,,,,,,,28.4,29,28.6,28.4,28.5,28.4,28.5,28.3,28.3,28.7,28.7,28.4,28.5,28.4,28.7,28.5,28.5,28.2,28.4,29,28.3,28.5,28.5,28.5,28.6,28.6,28.6,28.6,28.7,28.5,28.7,87,78,86,85,86,87,86,85,87,83,84,85,85,84,81,86,85,87,86,81,87,84,85,85,86,83,86,83,83,85,83,0,0.2,0,0,0.1,0,0.2,0.1,0.1,0.7,0.7,0.2,0.1,0,0.1,0.2,0.2,0.1,0,0.3,0.1,0,0.5,0.2,0.2,0.1,0,0.2,0.1,0.2,0.1,15.4,19.7,15.9,12.7,15.3,15.3,16.5,13.9,15.1,16.5,17.9,15,12.8,16.1,15.6,15.6,14.8,12.1,14.1,14.9,12.3,12.2,16,15.8,17.7,14.6,17.4,14.2,15.5,13.4,16.3,21.2,27,22.3,16.2,20.9,19.4,23.4,18,20.9,21.2,23.4,20.5,15.8,21.6,18.7,21.6,18,15.5,19.4,20.2,16.6,15.5,23.8,21.2,24.8,19.4,23.4,19.4,19.4,18.7,21.2,,,,,,22.2204,114.2127
2026-08-16T02:00,28.1,27.8,27.9,27.7,28.4,28.3,29,28.2,29.5,28.1,27.9,27.8,27.2,28.6,28.6,28.3,28.6,28.8,28.7,29,28.3,27.9,29.1,28.3,29.2,27.6,28.3,28.8,27.5,28.5,28.3,28.6,28.3,28.4,28.4,28.2,27.7,27.9,27.7,27.4,91,90,89,91,90,90,88,91,84,88,90,89,94,87,88,88,88,86,86,84,89,92,85,89,85,95,89,85,93,85,91,87,90,87,88,90,92,87,92,93,0,0,0,0,0,0,0,0,0,0,0,0,0,0,0,0,0,0,0,0,0,0,0,0,0,0,0,0,0,0,0,0,0,0.3,0,0,0,0,0,0,1.5,5.4,6.2,1.6,1.3,2.3,1.4,4.8,7.3,3.9,6.8,2.5,1.5,6.2,6.1,3.8,3.3,5.8,1.9,4.8,1.5,1.6,4.9,3.5,4.7,1.4,0.8,2,3.3,2.6,5.4,2.6,3.8,3.7,2.8,4.1,2,1.5,2.6,3.6,,,,,,,,,,,,,,,,,,,,,,,,,,,,,,,,,,,,,,,,,28.3,29,28.6,28.3,28.5,28.3,28.5,28.2,28.2,28.7,28.7,28.3,28.4,28.3,28.7,28.4,28.5,28.1,28.3,29,28.1,28.5,28.5,28.4,28.6,28.5,28.5,28.5,28.6,28.5,28.7,87,77,86,85,86,87,86,85,88,82,84,85,86,85,81,86,85,88,87,80,88,84,85,86,85,82,86,83,83,85,83,0,0.2,0,0,0.1,0,0.2,0.1,0.1,0.7,0.7,0.2,0.1,0,0.1,0.2,0.2,0.1,0,0.3,0.1,0,0.5,0.2,0.2,0.1,0,0.2,0.1,0.2,0.1,14.8,20.5,16.5,11.9,15.3,16,18.9,13.3,14.3,16.8,18.6,14.9,12.2,15.8,14.3,14.8,14.8,10.7,13.7,15.5,12.5,12.5,15.6,16.3,17.6,14.8,17.4,15.1,15.8,11.7,16,20.2,28.4,24.1,15.5,22,21.2,27.7,18,20.2,22,24.8,20.5,15.1,22,17.3,20.2,18.7,13.3,18.7,21.2,17.3,16.2,23.8,23,24.5,20.2,23.8,21.2,20.2,16.6,20.9,,,,,,22.2204,114.2127
2026-08-16T03:00,28.1,27.8,27.9,27.7,28.3,28.3,28.8,28.1,29.3,28,27.8,27.7,27.1,28.5,28.6,28.2,28.5,28.7,28.6,28.9,28.2,27.7,28.9,28.3,29.1,27.6,28.2,28.7,27.4,28.3,28.2,28.5,28.2,28.3,28.4,28.1,27.5,27.8,27.6,27.4,91,90,89,91,90,90,90,91,85,89,91,90,95,88,89,89,89,85,87,85,89,93,86,89,86,95,90,86,93,86,92,88,91,87,88,91,93,88,92,93,0.4,0,0,0,0,0,0,0,0,0,0,0,0,0,0,0,0,0,0,0,0.5,0,0,0,0,0,0,0,0,0,0,0,0,0.1,0,0,0,0,0,0,1.3,4.8,5.9,1.4,1.4,1.8,1.5,4.5,6.6,2.9,5.6,1.8,1.8,5.6,5.9,2.9,2.9,5.8,1.9,3.4,1.5,0.8,5.4,3.3,4,1.5,1.1,1.5,3.6,2.3,5.5,2.6,3.2,3.6,2.3,3.6,1.8,1,3.3,3.7,,,,,,,,,,,,,,,,,,,,,,,,,,,,,,,,,,,,,,,,,28.3,28.9,28.5,28.2,28.5,28.3,28.3,28.2,28.1,28.6,28.7,28.3,28.3,28.2,28.6,28.4,28.5,28.1,28.2,28.9,28.1,28.4,28.4,28.4,28.5,28.6,28.5,28.4,28.5,28.4,28.7,87,77,85,85,86,87,86,85,88,82,83,85,86,85,81,86,85,88,87,81,88,85,86,86,85,81,86,83,84,85,82,0.2,0.3,1.1,0.5,0.5,0,0.7,0.1,0.3,0.1,0.3,0.6,0.2,0.2,0,0.3,0.3,0.3,0,0,0.2,0,0.4,0.2,0,0.2,0.2,0.1,0,0.5,0.4,14.3,20.4,18.7,11.1,15.3,16.1,20.5,12.7,12.7,16.6,18.7,14.3,11.1,15.4,12,14.1,15.4,10.5,13.3,16.3,12.6,12.8,15.5,16.6,16.6,15,16.5,16.6,15.3,9.6,16.1,19.4,28.4,28.4,14,23.4,22.7,30.6,17.6,18.7,22.3,25.6,19.4,14,22.3,14.8,18.7,20.5,14,17.6,23,18,16.9,23.4,24.8,23,20.5,23.4,23.8,20.2,14.8,21.6,,,,,,22.2204,114.2127
2026-08-16T04:00,28,27.8,27.8,27.6,28.3,28.3,28.6,28.1,29.2,28,27.7,27.7,27,28.4,28.5,28.1,28.3,28.5,28.5,28.8,28.1,27.5,28.6,28.2,29,27.6,28,28.6,27.3,28.2,28.1,28.4,28.1,28.1,28.3,28.1,27.5,27.8,27.6,27.4,91,90,90,91,90,90,91,91,86,90,92,90,96,89,89,89,89,85,88,86,89,94,86,90,87,95,91,86,93,86,92,88,91,87,88,91,93,88,92,93,0.4,0,0,0,0,0,0,0,0,0,0,0,0,0,0,0,0,0,0,0,0.5,0,0,0,0,0,0,0,0,0,0,0,0,0.1,0,0,0,0,0,0,1.5,4.1,5.4,1.6,1.6,1.3,1.1,4,5.6,1.8,4.2,0.8,1.8,4.6,6,2.2,2.5,5.7,1.8,2.2,2.1,1.5,6,2.9,2.8,1.5,1.6,2.9,3.6,1.9,5.6,2.8,2.5,4.5,1.8,3.1,1.1,1,3.3,3.9,,,,,,,,,,,,,,,,,,,,,,,,,,,,,,,,,,,,,,,,,28.3,28.8,28.5,28.2,28.5,28.2,28.2,28.1,28.2,28.6,28.7,28.3,28.3,28.2,28.6,28.3,28.6,28.1,28.2,28.7,28,28.2,28.4,28.4,28.5,28.6,28.4,28.4,28.4,28.2,28.8,87,78,83,85,85,87,86,85,86,83,83,84,85,85,80,85,85,88,87,83,88,86,88,86,86,81,86,83,85,85,80,0.2,0.3,1.1,0.5,0.5,0,0.7,0.1,0.3,0.1,0.3,0.6,0.2,0.2,0,0.3,0.3,0.3,0,0,0.2,0,0.4,0.2,0,0.2,0.2,0.1,0,0.5,0.4,13.7,19.9,21.4,10,15.2,16.4,22,12.2,11.3,16.4,18.3,13,10.3,15.3,8.8,13.5,16,10.9,12.8,17.4,13.2,13.3,15.5,17.3,15.5,15.3,15,17.9,14.7,7.6,16.5,19.4,27.4,33.8,12.2,24.8,23.8,32.4,17.3,16.9,22.3,25.6,17.3,13,22.3,11.5,17.6,23,16.2,16.2,25.6,19.1,17.6,22,27,21.6,20.9,22.3,26.6,20.2,13.3,22.3,,,,,,22.2204,114.2127
2026-08-16T05:00,28.1,27.9,27.9,27.7,28.3,28.3,28.6,28.1,29.1,28.1,27.7,27.8,27,28.3,28.6,28.1,28.4,28.5,28.5,28.7,28.1,27.5,28.5,28.2,29,27.7,28.1,28.6,27.3,28.3,28.1,28.4,28.2,28.1,28.4,28.2,27.6,27.9,27.7,27.5,90,90,90,90,89,90,91,91,86,90,92,90,96,89,89,89,89,84,88,87,89,94,86,90,88,94,91,86,92,86,92,88,91,87,88,91,92,88,91,93,0.4,0,0,0,0,0,0,0,0,0,0,0,0,0,0,0,0,0,0,0,0.5,0,0,0,0,0,0,0,0,0,0,0,0,0.1,0,0,0,0,0,0,1.4,3.6,4.8,1.8,1.8,0.8,0.7,4.1,5,1,3.1,0.4,1.8,4.4,5.5,2.8,2.5,6.2,1.5,1.6,2.5,2.4,6.1,2.5,2.6,1.5,2.1,4.2,4,1.5,5.4,3.4,2.2,5.4,1.9,2.8,1.1,0.8,2.8,3.7,,,,,,,,,,,,,,,,,,,,,,,,,,,,,,,,,,,,,,,,,28.3,28.8,28.5,28.3,28.5,28.3,28.1,28.2,28.3,28.6,28.8,28.3,28.3,28.2,28.6,28.3,28.7,28.1,28.3,28.5,28.1,28.2,28.4,28.5,28.5,28.7,28.5,28.4,28.4,28.1,29,87,78,82,84,84,87,86,84,85,83,82,83,84,84,80,84,84,88,86,85,87,86,88,86,86,80,85,82,85,85,79,0.2,0.3,1.1,0.5,0.5,0,0.7,0.1,0.3,0.1,0.3,0.6,0.2,0.2,0,0.3,0.3,0.3,0,0,0.2,0,0.4,0.2,0,0.2,0.2,0.1,0,0.5,0.4,13.2,19.1,22.9,8.9,15.2,16.4,22.2,12.1,10.7,15.5,17.3,11.5,9.4,14.9,6.4,12.9,16.4,11.2,12.1,17.6,13.4,13.6,14.4,17.7,14.8,15.5,13.7,18.8,14.1,5.8,16.4,18.7,25.9,36.4,10.4,25.2,24.5,32.4,16.9,14.8,21.2,24.5,15.1,11.9,21.2,8.6,16.6,24.1,16.6,14.8,26.3,19.8,18.7,20.2,28.1,20.2,20.5,21.2,27.7,19.4,11.9,22,,,,,,22.2204,114.2127
2026-08-16T06:00,28.2,28.1,28,27.9,28.5,28.4,28.9,28.2,29.2,28.2,27.8,28,27.1,28.3,28.6,28.3,28.6,28.5,28.7,28.6,28.1,27.8,28.5,28.3,29.1,27.8,28.3,28.6,27.6,28.5,28.3,28.6,28.5,28.2,28.6,28.4,28,28,27.9,27.9,89,89,90,88,87,90,89,90,86,90,92,89,95,89,89,88,87,84,88,88,89,91,86,90,88,93,89,86,91,85,91,87,89,87,87,90,89,88,90,92,0.2,0,0,0,0,0,0,0,0,0,0,0,0,0.9,0.1,0,0,0,0,1.9,0.1,0,0,0,0,0,0,0,0,0,0,0,0,0,0,0,0,0,0,0,1.1,3.3,4.3,1.8,1.8,0.4,0.7,4.6,5.2,0.4,2.8,0.4,1.5,5.1,5,3.3,2.5,5.6,1.1,1.3,2.8,2.3,6,2.2,2.7,1.1,2.3,3.7,4.4,1.8,4.9,3.5,2.7,5.6,1.6,2.8,1,0.7,1.5,3.2,,,,,,,,,,,,,,,,,,,,,,,,,,,,,,,,,,,,,,,,,28.4,28.9,28.6,28.4,28.7,28.4,28.2,28.3,28.4,28.7,28.9,28.4,28.4,28.3,28.7,28.5,28.8,28.3,28.4,28.5,28.2,28.3,28.5,28.6,28.6,28.8,28.6,28.6,28.5,27.8,29.1,86,78,81,83,83,87,86,84,84,82,82,83,83,83,80,82,83,87,85,85,86,86,87,85,85,79,84,81,84,86,78,0,0.4,0.9,0.1,0.1,0.1,0.1,0,0,0,0,0,0.1,0.1,0,0.4,0,0.4,0,0,0.1,0,0.3,0.3,0,0.1,0.2,0.2,0.2,0.5,0.1,12.6,17.9,21.3,7.1,14.8,16.8,20,12.4,9.5,13.7,15.4,9.2,8.8,13.5,4.5,12.3,15.5,9,11.4,16.9,13.4,14,11.3,17.9,14.3,15.3,12.7,17.9,12.9,4,14.6,17.6,23.4,33.1,8.6,23.8,25.2,29.2,17.3,11.9,18.4,21.6,12.2,11.2,18.4,6.5,15.8,22.7,13,13.7,24.5,19.8,20.2,16.6,27.4,19.1,19.8,19.8,25.9,17.6,10.1,19.4,,,,,,22.2204,114.2127
2026-08-16T07:00,28.5,28.4,28.2,28.2,28.9,28.5,29.4,28.5,29.3,28.4,28.1,28.4,27.4,28.3,28.7,28.6,29,28.5,29,28.5,28.2,28.3,28.6,28.4,29.2,28.1,28.7,28.7,28,28.9,28.7,28.9,28.9,28.5,28.8,28.7,28.6,28.3,28.3,28.4,87,88,89,86,85,90,86,89,85,89,90,88,94,88,88,87,85,85,88,88,88,87,85,90,87,91,86,86,89,83,89,85,87,86,86,89,86,87,88,90,0.2,0,0,0,0,0,0,0,0,0,0,0,0,0.9,0.1,0,0,0,0,1.9,0.1,0,0,0,0,0,0,0,0,0,0,0,0,0,0,0,0,0,0,0,1.1,3.4,3.6,1.6,1.5,1.3,0.7,4.8,6.1,0.4,2.8,0.7,1,6.1,4.2,3.6,3,4.9,1,1.1,2.9,2.2,5.2,2.2,3.1,1.5,2.5,2.5,4.5,2.2,3.9,3.1,3.7,4.8,1.5,3.1,1.6,0.4,1.9,2.9,,,,,,,,,,,,,,,,,,,,,,,,,,,,,,,,,,,,,,,,,28.5,29,28.7,28.5,28.9,28.5,28.3,28.5,28.5,28.8,29,28.6,28.6,28.5,28.8,28.7,28.9,28.5,28.5,28.6,28.4,28.5,28.6,28.8,28.7,29,28.8,28.8,28.7,27.4,29.3,85,77,81,83,81,86,87,83,83,81,81,82,82,82,80,80,82,86,84,85,85,85,85,83,84,79,82,80,82,88,77,0,0.4,0.9,0.1,0.1,0.1,0.1,0,0,0,0,0,0.1,0.1,0,0.4,0,0.4,0,0,0.1,0,0.3,0.3,0,0.1,0.2,0.2,0.2,0.5,0.1,12,15.8,18.2,5.1,14,17.3,16.3,12.6,7.4,11.6,13.4,6.4,8.7,11,3.2,12,14.6,5.4,10.4,15.4,13.4,14.5,8.3,18.2,13.8,14.6,12.2,16.3,11.6,2.1,12.2,16.6,20.2,27.4,6.8,21.2,25.6,24.5,17.6,9,14.8,17.6,8.6,10.1,14.4,4.3,15.5,19.4,7.9,12.6,20.9,19.4,21.6,12.2,25.9,18.4,18.7,18,22.7,15.1,8.3,15.8,,,,,,22.2204,114.2127
2026-08-16T08:00,28.9,28.9,28.6,28.6,29.3,28.9,30,28.9,29.8,28.9,28.6,28.9,28,28.5,29,28.9,29.5,28.9,29.4,28.6,28.5,28.9,29,28.7,29.7,28.6,29.3,29,28.6,29.4,29.2,29.3,29.5,28.9,29.3,29.2,29.2,28.8,28.8,29,85,86,87,84,82,88,82,86,83,87,88,86,91,86,85,85,82,84,86,88,86,82,83,89,84,88,83,85,86,80,86,83,84,84,84,86,82,84,86,87,0.2,0,0,0,0,0,0,0,0,0,0,0,0,0.9,0.1,0,0,0,0,1.9,0.1,0,0,0,0,0,0,0,0,0,0,0,0,0,0,0,0,0,0,0,0.8,3.9,3.3,2.2,1.4,1.8,0.8,5.1,6.9,0.4,3.3,0.7,1.5,6.5,4,3.6,3.8,4.2,0.8,1.1,2.9,1.4,5.1,1.8,3.6,2.2,2.5,1.8,4.8,2.2,3.1,2.7,4,4.1,1.4,4.1,2.3,0.7,3.3,2.9,,,,,,,,,,,,,,,,,,,,,,,,,,,,,,,,,,,,,,,,,28.7,29.3,28.9,28.8,29.1,28.8,28.5,28.7,28.8,29.1,29.2,28.9,28.8,28.8,29,29,29.2,28.8,28.7,28.8,28.7,28.8,28.9,29,28.9,29.2,29.1,29.1,28.9,27.3,29.6,84,76,81,81,79,85,86,82,81,80,80,81,81,81,79,78,80,84,83,84,83,84,82,81,82,78,80,78,80,88,76,0,0.4,0.9,0.1,0.1,0.1,0.1,0,0,0,0,0,0.1,0.1,0,0.4,0,0.4,0,0,0.1,0,0.3,0.3,0,0.1,0.2,0.2,0.2,0.5,0.1,11.5,13.9,15.9,4.2,13.9,17.4,13.8,12.8,5.4,10,12,5.2,8.1,9.5,2.2,12.2,13.7,3.6,10,14.1,13.6,15,6.3,18.8,13.6,14.3,12.4,14.8,10.8,2.2,10.5,15.5,16.9,22.3,5.8,19.4,25.2,20.5,17.6,6.5,11.9,14.4,6.5,9.7,11.5,3.2,15.8,16.9,5.4,12.2,18.4,19.4,22,8.6,25.2,18.4,17.6,17.3,19.4,13.7,7.2,13,,,,,,22.2204,114.2127
2026-08-16T09:00,29.6,29.7,29.2,29.2,30,29.7,30.8,29.8,30.7,29.7,29.4,29.8,29.1,29.1,29.9,29.4,30.3,29.7,30,29,29.1,29.8,29.9,29.2,30.5,29.5,30,29.8,29.5,30.3,30.1,30,30.2,29.8,30.1,29.9,29.9,29.8,29.4,29.7,81,82,84,82,79,83,77,81,78,82,84,82,85,83,80,83,78,80,82,86,82,77,79,86,79,82,79,80,82,76,81,79,80,80,80,81,79,78,83,82,0.4,0,0,0.1,0.6,0,0.1,0,0,0,0.1,0,0.1,0.7,0,0.5,0.1,0,1.3,0.1,0.7,0,0,0,0,0,0,0,0.1,0,0.2,0.1,0,0.4,0,0,1,0,0.1,0.4,0.4,5.4,4,3.6,1.8,2.1,0.8,5.9,7.4,0.8,4.3,0.5,1.8,5.8,4,3.4,4.8,5,1.1,1.4,2.8,0.8,5,1.9,4.4,1.9,2.6,0.8,5.4,1.9,2.9,2.9,3.5,3.4,1.9,6.9,2.6,1.5,4.3,4,,,,,,,,,,,,,,,,,,,,,,,,,,,,,,,,,,,,,,,,,29.2,29.7,29,29.3,29.5,29.2,28.9,29.1,29.4,29.6,29.7,29.4,29.3,29.3,29.6,29.4,29.7,29.2,29.2,29.2,29.1,29.2,29.5,29.4,29.3,29.6,29.4,29.6,29.4,27.6,30.1,81,75,81,78,77,83,84,80,78,78,78,78,79,79,76,77,77,81,81,81,80,82,79,79,79,76,79,76,78,86,74,0,0.1,0,0,0,0,0.3,0,0,0,0,0,0.2,0,0,0,0,0.1,0,0,0.1,0,0.1,0,0,0.1,0.1,0,0,0.1,0,10.5,11.5,14.8,4.4,14.5,16.9,13.5,12.6,3.4,8.9,10.4,4.2,7.6,9,1.8,13.2,12.8,5.8,10,13.9,14.3,14.7,4.1,19.5,14.3,13.7,13.6,13.4,11.1,3.3,8.6,14.8,13.7,20.2,6.1,19.1,23.8,19.1,16.6,5.4,10.1,11.9,5.8,9.4,10.8,3.2,16.9,15.1,8.6,12.6,17.3,19.8,20.5,6.5,25.6,19.4,16.6,18.4,16.6,13.3,6.8,11.2,,,,,,22.2204,114.2127
2026-08-16T10:00,30.5,30.7,30.1,30,30.8,30.8,31.7,31,31.8,30.8,30.4,30.8,30.4,29.9,31.1,30,31.3,30.7,30.8,29.5,29.9,30.8,31,29.9,31.5,30.7,30.9,30.7,30.6,31.4,31.1,30.9,31.1,30.9,31.1,30.9,30.6,31.1,30,30.5,77,76,80,79,75,76,71,74,71,76,78,76,76,80,73,81,73,75,77,82,78,72,73,82,73,75,74,74,77,72,75,75,76,76,75,76,76,71,80,76,0.4,0,0,0.1,0.6,0,0.1,0,0,0,0.1,0,0.1,0.7,0,0.5,0.1,0,1.3,0.1,0.7,0,0,0,0,0,0,0,0.1,0,0.2,0.1,0,0.4,0,0,1,0,0.1,0.4,2.2,7.2,5.7,5.8,2.2,3.3,1.5,7.4,7.7,2.6,5.6,1.9,2.5,5,4,4,6.2,6.7,1.4,1.8,2.6,1.3,5.1,1.9,6,1.8,3.1,1.1,6.1,1.8,2.7,3.1,2.5,2.6,2.9,10.7,3.1,2.9,5.1,5.2,,,,,,,,,,,,,,,,,,,,,,,,,,,,,,,,,,,,,,,,,29.8,30.3,29.1,30,30,29.7,29.3,29.6,30.2,30.2,30.4,30.1,30,29.9,30.2,29.8,30.3,29.8,29.7,29.8,29.7,29.7,30.3,29.7,29.7,30.1,29.9,30.2,29.9,28.1,30.8,78,73,81,75,75,79,80,78,76,75,75,74,76,76,72,76,74,78,78,78,77,78,75,77,76,74,78,73,76,84,72,0,0.1,0,0,0,0,0.3,0,0,0,0,0,0.2,0,0,0,0,0.1,0,0,0.1,0,0.1,0,0,0.1,0.1,0,0,0.1,0,10.3,9.3,14.3,5.1,15.3,16.3,14.3,12.5,1.5,8.1,8.6,4.3,7.7,9.3,2.3,14.8,11.8,10,10.8,14.2,15.5,14.2,2.3,20.5,15.5,13.4,15.8,11.9,12,4.1,7.3,14,10.8,19.1,7.6,19.4,22,18.7,15.5,5,9.4,10.1,6.5,9.4,11.2,4,18.7,13.7,14.4,13,16.6,20.5,18,5.4,26.3,21.2,15.1,20.5,14,14,6.8,10.1,,,,,,22.2204,114.2127
2026-08-16T11:00,31.1,31.6,30.8,30.7,31.5,31.6,32.4,32,32.8,31.7,31.2,31.6,31.5,30.7,32.1,30.6,32.2,31.6,31.4,30.1,30.6,31.7,32.1,30.6,32.5,31.7,31.8,31.4,31.4,32.3,31.9,31.7,31.8,31.7,32,31.7,31.3,32.1,30.7,31.3,74,71,76,76,72,71,67,68,65,71,73,72,70,76,67,78,69,70,73,79,74,68,68,78,67,69,69,70,73,68,70,71,73,72,71,71,73,65,76,71,0.4,0,0,0.1,0.6,0,0.1,0,0,0,0.1,0,0.1,0.7,0,0.5,0.1,0,1.3,0.1,0.7,0,0,0,0,0,0,0,0.1,0,0.2,0.1,0,0.4,0,0,1,0,0.1,0.4,4,8.9,6.8,7.2,1.8,4.3,2.2,8.7,7.7,4.2,6.9,3.4,3.3,4,4,4.6,6.9,7.4,1.1,1.5,2.3,2.5,5.1,1.6,6.9,2,3.6,2.6,6.6,1.1,1.9,2.3,1.6,2.6,3.8,13.6,4.1,4,6.4,6.2,,,,,,,,,,,,,,,,,,,,,,,,,,,,,,,,,,,,,,,,,30.3,30.8,29.3,30.5,30.4,30.1,29.6,30,30.7,30.7,30.9,30.6,30.5,30.4,30.8,30.1,30.8,30.2,30.1,30.2,30.1,30.1,30.9,30,30.1,30.5,30.2,30.6,30.3,28.7,31.2,76,71,81,72,74,77,78,76,73,73,73,71,74,74,69,75,72,76,76,75,75,76,72,76,74,72,77,71,74,81,71,0,0.1,0,0,0,0,0.3,0,0,0,0,0,0.2,0,0,0,0,0.1,0,0,0.1,0,0.1,0,0,0.1,0.1,0,0,0.1,0,11.2,7.9,14.2,6.6,16.6,16.5,15.5,13,0.5,7.9,7.3,5.3,8.7,10.1,4,16.7,11.3,13.8,12.3,14.5,17.3,14.3,2.9,21.6,17,13.7,17.9,11.8,13.2,5.4,8.2,14.4,9,18.7,9,20.2,21.2,19.1,14.8,5,9,9.4,7.2,9.7,12.2,5,20.5,13.3,19.1,14,16.6,21.6,16.9,5.4,27.4,23,14.8,22.7,13,15.1,7.9,10.4,,,,,,22.2204,114.2127
2026-08-16T12:00,31.4,32.2,31.6,31.7,32.3,32.3,32.7,32.8,33.6,32.3,31.9,32.2,32,31.6,33,31.3,33.1,32.1,31.8,30.6,31,32.3,33.1,31.4,33.5,32.5,32.5,31.6,31.9,32.8,32.5,32.3,32.3,32.1,32.6,32.2,31.9,32.9,31.6,32.2,73,67,72,72,69,67,65,64,60,68,69,69,67,72,62,75,65,67,71,76,72,66,63,74,62,65,65,70,70,65,66,68,71,70,69,68,70,61,71,66,0.9,0,0,0,0.3,0.2,0.1,0,0,0,0.1,0.1,0.1,0.8,0,0.7,0.1,0,1.8,0,1.2,0.1,0,0,0,0.1,0,0.5,0.3,0,0.1,0.2,0.1,0.9,0,0,0.4,0,0.2,0.1,5.8,9.9,7,7.3,0.4,5.8,3.2,9.6,6.9,5.8,8.5,4.8,4.7,3.6,4.2,4.8,7.3,6.5,0.5,0.8,1.8,4.1,4.7,0.7,6.1,3.5,4.7,4.7,7.4,1.8,0.8,0.4,2.5,4.6,5.2,14.9,6.1,5.7,7.4,6.5,,,,,,,,,,,,,,,,,,,,,,,,,,,,,,,,,,,,,,,,,30.5,31.1,29.6,30.7,30.7,30.3,29.7,30.3,31,30.8,31.1,30.9,30.7,30.8,31,30.3,31.1,30.4,30.3,30.5,30.3,30.4,31.2,30.2,30.2,30.7,30.3,30.9,30.6,29.2,31.2,75,69,80,71,73,76,78,75,71,72,72,70,73,72,67,75,71,75,75,74,74,75,70,75,74,71,77,70,73,79,71,0,0,0,0,0,0,0,0,0,0,0,0,0,0,0,0,0,0,0,0,0,0,0,0,0,0,0,0,0,0,0,13.8,7.9,15.1,8.7,18.1,18.1,16.5,14.1,2.5,8.7,7.9,6.6,10.2,11.5,6.3,18.5,12.4,15.8,13,15.3,19.4,16.2,4.3,22.9,19,14.8,20.1,13.3,14.8,7.7,11.2,16.6,9.4,19.1,10.8,20.9,22.3,19.4,15.5,6.1,9.7,10.4,8.3,11.2,13.7,6.8,22,14.8,21.2,15.5,16.9,23.8,18.4,6.8,29.2,25.2,15.8,24.8,14.8,16.9,10.4,13.3,,,,,,22.2204,114.2127
2026-08-16T13:00,31.5,32.6,32.3,32.7,33.1,32.7,32.8,33.4,34.1,32.7,32.5,32.7,32.2,32.4,33.8,31.9,33.9,32.5,32.1,31.1,31.3,32.7,34,32.3,34.4,33.1,33.2,31.5,32,33.2,32.9,32.9,32.7,32.2,33.1,32.7,32.4,33.5,32.5,33,73,65,68,67,65,65,65,60,57,65,66,68,67,68,57,71,61,64,69,74,72,64,58,69,59,63,62,73,69,62,63,66,69,70,67,66,66,59,66,61,0.9,0,0,0,0.3,0.2,0.1,0,0,0,0.1,0.1,0.1,0.8,0,0.7,0.1,0,1.8,0,1.2,0.1,0,0,0,0.1,0,0.5,0.3,0,0.1,0.2,0.1,0.9,0,0,0.4,0,0.2,0.1,7.6,10.5,7.8,6.8,2.5,7.2,4.3,10.5,5.4,7.9,10.6,6.5,6.5,3.7,4.8,4.4,7.6,5.1,2.3,3.9,1.8,5.4,4.5,1.4,4.6,6.2,5.9,7.2,8.3,5.1,3.7,3.9,5.1,7.2,7.3,15.2,8.4,7.4,7.9,6.6,,,,,,,,,,,,,,,,,,,,,,,,,,,,,,,,,,,,,,,,,30.5,31.4,30,30.8,30.9,30.4,29.7,30.4,31,30.8,31.1,31,30.8,31,31.2,30.4,31.4,30.5,30.4,30.7,30.4,30.5,31.2,30.2,30.3,30.9,30.2,31,30.8,29.8,31,75,68,79,71,73,75,79,74,70,73,72,69,73,71,65,75,70,75,76,73,74,75,68,75,75,71,77,70,72,77,72,0,0,0,0,0,0,0,0,0,0,0,0,0,0,0,0,0,0,0,0,0,0,0,0,0,0,0,0,0,0,0,17.1,9.3,16.8,11.2,19.6,20.5,17.9,15.3,5.4,9.9,10.5,7.8,12.3,13.3,9.2,20.2,15,17.1,14.6,16.3,21.7,18.7,8,24.5,21.6,16.9,22.3,16.4,16.3,10.6,15.5,20.2,11.2,19.8,13,22,24.1,20.5,17.3,7.6,11.2,12.6,9.4,13,15.5,9.4,23.8,17.3,22.3,17.3,17.6,25.9,21.2,9.7,31,27.7,18,26.6,17.6,18.7,14,17.6,,,,,,22.2204,114.2127
2026-08-16T14:00,31.5,32.9,32.6,33.2,33.5,32.9,32.9,33.7,34.5,33,32.7,32.8,32.3,32.9,34.1,32.3,34.4,32.6,32.3,31.4,31.5,32.8,34.6,32.7,34.8,33.4,33.6,31.3,32,33.4,33.1,33,32.8,32.2,33.3,32.8,32.8,33.7,33,33.5,73,63,66,65,64,64,65,59,54,64,65,67,67,66,55,69,59,63,68,72,71,64,55,67,57,62,60,75,68,60,61,66,69,70,67,65,64,58,63,58,0.9,0,0,0,0.3,0.2,0.1,0,0,0,0.1,0.1,0.1,0.8,0,0.7,0.1,0,1.8,0,1.2,0.1,0,0,0,0.1,0,0.5,0.3,0,0.1,0.2,0.1,0.9,0,0,0.4,0,0.2,0.1,8.3,11,8.8,6.7,4.7,7.9,5.4,11,4.4,9,12.1,8,7.6,3.4,5.4,4.3,8.2,3.3,3.8,6.1,2.6,6.5,5.1,3,2.8,8,7.3,8.6,8.9,7.6,5.9,5.9,7,9.3,9.4,15.3,10.2,8.8,8.7,7.2,,,,,,,,,,,,,,,,,,,,,,,,,,,,,,,,,,,,,,,,,30.4,31.5,30.2,30.7,30.9,30.4,29.6,30.5,31,30.7,31,31,30.8,31.1,31.2,30.4,31.5,30.5,30.4,30.8,30.3,30.6,31.2,30.2,30.3,30.9,30.1,30.9,30.8,30.1,30.8,76,67,78,71,73,75,80,73,69,73,73,69,73,71,65,75,70,75,76,73,74,75,68,75,76,71,78,71,71,76,73,0,0,0,0,0,0,0,0,0,0,0,0,0,0,0,0,0,0,0,0,0,0,0,0,0,0,0,0,0,0,0,19.4,10.7,18.3,13.3,21.2,22.5,18.9,16.6,8,11.2,13.3,9.1,14.1,15.3,11.4,21.5,17.3,18.3,16.1,17.1,23.3,20.9,11.2,25.5,23.7,18.3,24,18.3,17.6,13.6,18.6,22.7,13,20.5,14.8,23.4,26.3,21.6,18.7,9,12.6,14.8,10.4,14.8,17.6,11.5,25.2,19.4,23,18.4,18.4,27.7,24.1,11.9,32,29.5,19.8,28.1,20.2,20.5,16.9,20.9,,,,,,22.2204,114.2127
2026-08-16T15:00,31.2,32.9,31.9,33,33.1,32.5,33,33.5,34.5,33,32.3,32.6,32.1,32.8,33.8,32,34.5,32.6,32.7,31.5,31.6,32.6,34.8,32.6,34.4,33.2,33.4,31.1,31.8,33.6,32.9,32.4,32.4,32.1,33.2,32.7,32.9,33.4,33,33.3,73,63,69,66,65,65,64,60,53,64,67,68,68,66,56,70,58,63,66,72,70,65,54,68,59,63,61,77,69,59,61,68,70,70,68,65,63,60,63,59,0.7,0,1,0.5,1.9,0.4,0.1,0,0,0,0.2,0.1,0.1,0.4,0.1,1,0,0,0.1,0,0.6,0.4,0,0.3,0.3,0.1,0,0.4,0.3,0,0.2,1.9,0.5,1.5,0.1,0,0.1,0,0.1,0.1,8,10.6,9.2,7.7,5.9,6.8,6.6,11.7,3.8,9.5,13,9,8.4,3.9,6.6,4.4,8.1,1.8,4.1,7.1,3.6,6.9,6.3,5.1,1.8,8.4,8.5,8.2,8.7,9.1,7.2,5.5,8.6,10,10.1,15.2,11.5,9.1,9.4,8.3,,,,,,,,,,,,,,,,,,,,,,,,,,,,,,,,,,,,,,,,,30.2,31.5,30.1,30.6,30.7,30.3,29.5,30.4,30.8,30.8,30.8,30.9,30.7,30.9,31.1,30.3,31.4,30.5,30.3,30.7,30.2,30.4,31.1,30.1,30.2,30.8,30,30.7,30.8,30.1,30.6,77,67,78,72,75,75,81,73,70,73,74,69,74,72,66,76,71,75,76,74,75,76,70,76,77,72,79,72,71,76,74,0,0,0,0,0,0,0,0,0,0,0,0,0,0,0,0,0,0,0,0,0,0,0,0,0,0,0,0,0,0,0,20.1,12,18.6,14.7,23.2,23.8,19.6,17.6,9.7,11.9,15.6,10.2,15.6,17.6,13.4,22.3,19.1,19.6,16.3,17.5,23.4,22.4,12.6,24.9,24.3,19.1,23.7,18.8,18.6,15.2,19.4,23.8,14.4,20.5,15.8,26.3,28.4,22.7,20.2,10.4,13,16.9,11.2,16.6,19.8,13.7,27,20.9,23.4,18.4,18.7,28.1,26.3,13.3,31.7,30.2,20.5,28.1,20.5,21.6,18.7,21.2,,,,,,22.2204,114.2127
2026-08-16T16:00,30.9,32.7,30.8,32.4,32.3,31.9,33.2,33,34.4,32.8,31.5,32,31.7,32.5,33,31.5,34.4,32.3,33,31.3,31.7,32,34.6,32.1,33.5,32.6,32.8,30.7,31.5,33.6,32.5,31.3,31.7,31.8,32.8,32.3,32.9,32.8,32.6,32.8,74,64,75,69,69,67,64,63,53,65,71,70,70,67,60,72,57,65,64,72,69,66,54,71,64,65,64,79,70,59,63,72,73,71,69,67,64,64,65,62,0.7,0,1,0.5,1.9,0.4,0.1,0,0,0,0.2,0.1,0.1,0.4,0.1,1,0,0,0.1,0,0.6,0.4,0,0.3,0.3,0.1,0,0.4,0.3,0,0.2,1.9,0.5,1.5,0.1,0,0.1,0,0.1,0.1,6.9,10.4,9.4,10.2,6.8,5.1,7.4,12.2,3.4,9.4,13,9.7,8.4,5.8,7.9,4.5,8.1,4,4.1,7.9,4.3,7,8.1,7.6,5.4,8.4,9.3,6.6,8.2,9.8,7.9,5.4,9.7,9.7,10.4,15,12,9,10.3,9.5,,,,,,,,,,,,,,,,,,,,,,,,,,,,,,,,,,,,,,,,,29.8,31.4,29.9,30.4,30.2,30.1,29.4,30.2,30.6,30.8,30.4,30.8,30.6,30.6,30.9,30,31.1,30.3,30.1,30.5,29.9,30.1,31,30,30,30.5,29.7,30.4,30.6,29.9,30.5,79,68,79,73,77,76,81,74,72,73,76,70,75,73,68,77,73,76,77,75,76,78,72,77,78,73,80,73,72,78,74,0,0,0,0,0,0,0,0,0,0,0,0,0,0,0,0,0,0,0,0,0,0,0,0,0,0,0,0,0,0,0,20.2,13.8,18.4,15.6,24.9,24.6,20.4,18.1,11.2,12.7,17.1,11.9,16.5,19.9,15,22.4,20.4,21.1,15.8,17.9,22.7,23.7,13.5,23.7,24.1,18.8,22.5,18.9,19.2,16.6,19.1,24.1,15.5,20.2,16.2,29.5,30.6,24.1,21.6,11.9,13.3,19.4,11.9,18.4,22,15.5,28.4,22.3,23.8,18,19.1,27.4,28.4,14,30.2,30.2,21.2,27.7,20.2,22,20.2,20.5,,,,,,22.2204,114.2127
2026-08-16T17:00,30.5,32.2,29.8,31.6,31.5,31.2,33,32.4,34,32.4,30.6,31.3,31.2,31.9,32.3,30.9,34,31.9,33,31,31.5,31.4,34.1,31.5,32.6,32,32.1,30.3,31,33.3,32,30.4,31,31.5,32.2,31.7,32.5,32,32,32.1,75,67,80,72,72,70,65,67,55,68,76,73,73,69,64,74,59,67,64,74,69,69,57,74,68,68,68,81,73,61,66,76,76,72,72,70,66,69,68,66,0.7,0,1,0.5,1.9,0.4,0.1,0,0,0,0.2,0.1,0.1,0.4,0.1,1,0,0,0.1,0,0.6,0.4,0,0.3,0.3,0.1,0,0.4,0.3,0,0.2,1.9,0.5,1.5,0.1,0,0.1,0,0.1,0.1,5.5,9.8,8.6,11.5,7.1,3.6,7.9,12,3.3,9.3,12.6,9.7,8.1,7.3,9,4.6,7.4,6.4,4,7.9,5,6.7,9.1,8.6,8.1,7.6,9.4,5.4,7.6,9.8,7.9,5.8,9.7,9.3,10.1,14,11.5,8.3,10.8,10.2,,,,,,,,,,,,,,,,,,,,,,,,,,,,,,,,,,,,,,,,,29.5,31.2,29.7,30.2,29.8,29.8,29.3,30,30.3,30.7,30.1,30.7,30.4,30.2,30.7,29.7,30.8,30.1,29.9,30.2,29.7,29.8,30.7,29.8,29.8,30.2,29.5,30.1,30.4,29.7,30.3,81,69,80,75,79,77,82,75,74,74,78,71,77,75,71,79,75,77,78,77,77,79,75,79,79,74,81,75,73,79,75,0,0,0,0,0,0,0,0,0,0,0,0,0,0,0,0,0,0,0,0,0,0,0,0,0,0,0,0,0,0,0,19.7,14.8,18.2,16,26,24.7,20.4,18.7,12,13.5,18.4,12.6,17.3,21.7,16.1,22.2,21.1,21.4,15.6,17.7,21.9,23.9,14.6,22.2,23.6,19.1,21.7,18.7,19.2,17.6,18.3,23.8,16.6,20.5,16.6,32.4,32,25.2,22.7,13,14,21.2,12.6,19.4,23.8,16.9,29.2,23,23.4,17.6,19.4,26.6,29.5,15.5,28.4,30.2,22,27.7,20.5,22,21.6,19.8,,,,,,22.2204,114.2127
2026-08-16T18:00,30.2,30.3,30.2,30.7,31,30.8,31.3,31.1,32.8,30.8,29.8,30.4,30.1,30.4,31.7,30.3,32.1,31,31.6,30.2,30.4,30.6,31.7,30.8,32.3,31.1,31,30,30,31.4,31,30.9,30.9,30.6,30.8,30.4,30.8,30.8,30.7,30.6,78,78,79,77,76,73,74,74,62,77,81,79,79,77,69,77,70,74,72,80,77,75,71,78,70,74,75,82,79,73,73,75,79,77,80,78,75,75,75,74,0.2,0,0.3,0,0.1,0.1,0,0,0,0,0.1,0.1,0,0.1,0,0.1,0,0,0,0,0,0,0,0.3,0.1,0,0,0,0,0,0.1,0,0.1,0,0,0,0,0,0,0,4.1,8.3,5.3,4.9,3.7,4.8,6.8,8.5,4.6,6.7,9,4.3,5.4,4.9,7.1,3.4,6,3.1,4.3,4.6,4,5.8,6.2,4,3.2,5.4,6.1,6.2,6.6,6.5,4.1,5.5,5.6,6.5,7.6,10.2,6.3,6.2,6.9,7.6,,,,,,,,,,,,,,,,,,,,,,,,,,,,,,,,,,,,,,,,,29.3,30.8,29.4,29.9,29.5,29.5,29.2,29.7,30,30.3,29.8,30.4,30,29.8,30.2,29.5,30.3,29.8,29.7,29.9,29.4,29.5,30.3,29.5,29.4,29.9,29.3,29.7,30.2,29.5,30.1,83,71,82,76,81,78,83,76,76,76,79,73,79,77,74,81,77,78,79,79,79,80,77,81,81,76,83,77,74,80,77,0,0,0,0,0,0,0,0,0,0,0,0,0,0,0,0.1,0.2,0,0,0.1,0,0,0,0,0,0,0.1,0.1,0,0.3,0.2,18.4,15.5,18.4,16,26,24.3,19.6,18.8,12.7,14.3,18.6,11.9,17.2,21.7,15.5,21.2,20.4,20.6,15.6,17.2,21,23.2,16,20.4,22.8,19.6,21.9,18.6,18.4,18.6,17.3,23,17.3,22,16.9,33.8,32.4,25.6,23.4,14,15.5,22.3,12.6,20.2,24.8,16.9,28.1,23.4,22.3,18,19.4,25.9,29.2,17.6,25.9,30.2,23.4,29.5,22,21.2,23.8,19.8,,,,,,22.2204,114.2127
2026-08-16T19:00,29.7,29.5,29.4,29.8,30.2,30.1,30.7,30.3,32.1,30.1,29,29.6,29.4,29.6,30.8,29.7,31.3,30.3,31.2,29.7,30,29.8,30.8,30.2,31.5,30.4,30.2,29.6,29.4,30.8,30.4,30.2,30.3,30.1,30.1,29.6,30.1,29.9,29.9,29.7,80,83,83,81,80,76,77,79,66,81,85,83,83,81,74,80,74,78,74,83,79,79,76,81,75,78,80,84,82,77,78,79,82,79,84,83,79,80,79,79,0.2,0,0.3,0,0.1,0.1,0,0,0,0,0.1,0.1,0,0.1,0,0.1,0,0,0,0,0,0,0,0.3,0.1,0,0,0,0,0,0.1,0,0.1,0,0,0,0,0,0,0,3.2,7.6,4.4,4.7,3.1,3.9,6.8,8.1,5.8,5.9,7.9,3.2,4.7,5.2,7.3,3.3,5.2,4.2,4.3,3.7,4,5.4,6.5,4.1,4.8,4.7,5.4,5,6,6.1,3.8,5.6,4.9,5.4,6.6,8.3,5.2,5.2,6.6,7.5,,,,,,,,,,,,,,,,,,,,,,,,,,,,,,,,,,,,,,,,,29,30.3,29.1,29.6,29.2,29.2,29,29.4,29.6,29.8,29.5,30.1,29.6,29.3,29.7,29.2,29.8,29.5,29.4,29.5,29.1,29.2,29.8,29.2,29.1,29.5,29.1,29.4,29.9,29.3,29.7,84,74,83,78,82,80,84,78,78,79,81,75,80,80,77,83,80,80,80,81,80,81,79,83,83,78,85,80,76,82,79,0,0,0,0,0,0,0,0,0,0,0,0,0,0,0,0.1,0.2,0,0,0.1,0,0,0,0,0,0,0.1,0.1,0,0.3,0.2,16.6,15.8,19.2,15.2,25.5,23.4,18.9,18.9,13,14.8,18,11,16.9,20.7,14.7,19.7,18.9,18.6,15.9,16.3,19.6,21.1,17,18.1,21.4,19.6,22.2,18.9,16.6,19.3,16.5,21.6,17.6,24.1,16.9,34.9,31.7,25.9,23.8,15.1,17.3,22.7,12.6,20.2,25.2,16.6,26.3,23.4,21.2,19.1,19.4,25.2,28.1,20.2,23,29.9,24.8,32.4,24.1,19.8,26.3,19.8,,,,,,22.2204,114.2127
2026-08-16T20:00,29.3,28.9,28.9,29.2,29.6,29.5,30.3,29.7,31.6,29.6,28.3,29.1,28.8,29,30.2,29.2,30.7,29.9,30.9,29.4,29.6,29.2,30.1,29.7,30.9,29.8,29.7,29.2,28.9,30.3,29.8,29.7,29.8,29.7,29.5,29.1,29.5,29.2,29.3,29,82,86,86,84,83,79,79,82,69,84,89,86,86,84,78,82,77,81,76,85,81,82,80,84,78,81,83,86,85,80,81,81,84,81,87,86,82,84,82,83,0.2,0,0.3,0,0.1,0.1,0,0,0,0,0.1,0.1,0,0.1,0,0.1,0,0,0,0,0,0,0,0.3,0.1,0,0,0,0,0,0.1,0,0.1,0,0,0,0,0,0,0,2.3,7,3.8,4.7,2.7,3.2,6.5,7.5,6.6,5.1,6.9,2.5,4,5.2,7.5,2.9,4.7,4.6,4,3.4,4,5.1,6.5,3.9,5.5,4,5,4.2,5.5,5.4,3.7,5.7,4.1,4.6,5.9,7,4.6,4.6,6,7.2,,,,,,,,,,,,,,,,,,,,,,,,,,,,,,,,,,,,,,,,,28.9,29.9,28.9,29.3,29,29,28.9,29.1,29.4,29.5,29.2,29.8,29.2,29,29.3,29,29.4,29.2,29.2,29.2,28.8,29,29.4,29,28.8,29.1,29,29.1,29.7,29.1,29.5,85,76,85,79,83,81,85,79,80,81,82,77,82,82,80,84,81,82,81,82,82,82,81,84,85,80,86,82,77,83,80,0,0,0,0,0,0,0,0,0,0,0,0,0,0,0,0.1,0.2,0,0,0.1,0,0,0,0,0,0,0.1,0.1,0,0.3,0.2,15.6,16,19.6,14.4,24.4,22.5,18.2,18.4,13.3,15.3,17.8,11,16.8,20,14.3,18.5,17.6,17.1,16.1,15.7,18.6,19.6,18,16.6,20.6,19.6,22.3,19.7,15.8,20,15.5,20.9,18.4,26.3,16.6,34.9,31.3,26.3,23.4,15.8,18.4,23,13,20.2,25.9,16.2,24.5,23,20.2,20.2,19.4,24.5,27,22.3,20.9,29.5,25.2,33.5,25.9,19.1,28.1,19.8,,,,,,22.2204,114.2127
2026-08-16T21:00,29,28.6,28.5,28.9,29.2,29.1,30,29.3,31.2,29.3,28,28.7,28.4,28.7,29.9,28.9,30.3,29.5,30.6,29.1,29.3,28.8,29.7,29.4,30.4,29.5,29.4,29,28.6,29.9,29.4,29.4,29.4,29.4,29.2,28.7,29.1,28.8,29,28.6,84,88,88,86,85,81,81,84,72,86,91,88,88,86,80,84,80,83,78,86,83,84,82,86,80,83,85,87,87,82,84,83,86,83,89,88,85,86,84,86,0,0,0,0,0,0,0,0,0,0,0,0,0,0,0,0,0,0,0,0.2,0,0,0,0,0,0,0,0,0,0,0,0,0.2,0,0,0,0,0,0,0,2,6.4,3.6,4.3,2.6,2.7,5.8,7.2,6.5,4.3,6.2,2.3,3.7,4.8,7.5,2.5,4.3,4.6,3.6,3.3,3.6,4.7,6.2,3.4,5.4,3.2,4.7,3.5,5.2,4.7,3.5,5.1,3.7,3.8,5.4,6.2,4.1,4.2,5.6,6.8,,,,,,,,,,,,,,,,,,,,,,,,,,,,,,,,,,,,,,,,,28.8,29.6,28.8,29.1,28.9,28.9,28.8,28.9,29.2,29.3,29,29.5,28.9,28.8,29.1,28.9,29.4,29,29.1,29.1,28.7,28.8,29.2,29,28.7,28.9,28.9,29.1,29.6,28.9,29.5,86,78,86,80,84,82,86,80,81,82,83,79,83,83,82,85,81,84,82,83,83,83,82,84,86,81,87,82,78,84,80,0,0.1,0,0,0,0,0,0,0.2,0.2,0.1,0,0,0.1,0.1,0.2,0.1,0.1,0,0.3,0,0,0.3,0.1,0,0,0.7,0.7,0,0.4,0.4,15.3,16.1,20.2,13.4,23.4,22,18.2,17.3,12.5,15,17.8,12,16.3,20,14.1,17.5,16.5,16.4,16.8,15.6,18.2,18.6,18.9,16.1,19.9,18.6,21.2,20.5,15.9,19.5,14.8,20.9,19.1,28.1,15.8,33.8,31.3,27.4,22.3,15.5,18,23.8,14,20.2,26.6,16.9,23.4,22,19.8,22,19.8,24.5,25.9,24.5,20.5,29.2,23.8,32,27.4,19.4,28.4,18.7,,,,,,22.2204,114.2127
2026-08-16T22:00,28.7,28.3,28.3,28.6,28.9,28.8,29.8,29.1,30.8,29.1,27.7,28.4,28.1,28.4,29.6,28.6,29.8,29.1,30.3,28.9,29,28.4,29.4,29.1,30.1,29.2,29.2,28.8,28.3,29.6,29.1,29.2,29,29.1,29,28.4,28.7,28.6,28.6,28.3,86,90,89,87,86,83,83,86,76,87,93,90,90,88,82,85,82,86,80,87,85,87,84,87,82,85,86,89,88,84,87,84,87,84,90,90,87,88,86,88,0,0,0,0,0,0,0,0,0,0,0,0,0,0,0,0,0,0,0,0.2,0,0,0,0,0,0,0,0,0,0,0,0,0.2,0,0,0,0,0,0,0,1.8,5.7,3.6,4.3,2.3,2.3,4.7,7.2,6.1,3.6,5.4,2.6,3,4.2,7.2,1.8,4,4.1,2.9,3.3,3.2,4,5.9,2.8,5.1,2.9,4,2.7,4.6,4,3.9,3.8,2.9,3.3,4.8,5.4,3.8,3.8,5.4,6,,,,,,,,,,,,,,,,,,,,,,,,,,,,,,,,,,,,,,,,,28.7,29.4,28.8,29,28.8,28.8,28.7,28.8,29.1,29.3,28.9,29.1,28.8,28.7,29,28.8,29.5,28.9,29,29,28.7,28.8,29.1,29,28.7,28.8,28.9,29.2,29.5,28.8,29.5,86,79,86,80,84,83,86,81,82,81,84,81,84,84,82,85,80,85,83,83,84,84,82,84,86,82,87,80,78,86,80,0,0.1,0,0,0,0,0,0,0.2,0.2,0.1,0,0,0.1,0.1,0.2,0.1,0.1,0,0.3,0,0,0.3,0.1,0,0,0.7,0.7,0,0.4,0.4,16.1,16,20.4,12.6,22.5,21.8,19,16.1,11.7,14.5,18.1,13.7,16.1,19.7,14.1,17,15.9,15.9,17.6,15.9,17.9,18.1,19.6,15.9,19.5,17.1,19.9,21.4,16,18.9,14.3,21.2,19.8,29.9,14.8,31.7,31.3,28.4,20.5,14.4,17.3,24.5,15.8,20.2,27,17.6,23,20.9,19.8,24.1,20.2,24.5,25.2,26.3,20.9,28.8,21.6,29.2,28.4,20.2,28.4,17.3,,,,,,22.2204,114.2127
2026-08-16T23:00,28.5,28.1,28.1,28.5,28.7,28.5,29.6,28.9,30.4,28.9,27.5,28.2,27.8,28.3,29.4,28.4,29.5,28.8,29.9,28.6,28.7,28,29.2,28.9,29.8,28.9,29,28.6,28.1,29.3,28.8,29,28.7,28.9,28.9,28.2,28.3,28.4,28.4,28.1,88,91,90,87,87,85,84,87,79,88,94,91,92,89,84,87,85,88,82,88,87,89,84,88,83,86,87,90,89,86,89,86,88,86,91,91,90,89,88,89,0,0,0,0,0,0,0,0,0,0,0,0,0,0,0,0,0,0,0,0.2,0,0,0,0,0,0,0,0,0,0,0,0,0.2,0,0,0,0,0,0,0,1.5,5,3.8,3.7,2.1,1.8,3.3,7,5.4,3,4.7,2.7,2.5,3.6,7,1.5,3.3,3.5,2.2,3.9,2.5,3.6,5.8,2.4,4.6,2.2,3.6,2.1,4,3.2,3.4,2.4,2.2,2.9,3.9,4.7,3.4,3.4,4.7,5,,,,,,,,,,,,,,,,,,,,,,,,,,,,,,,,,,,,,,,,,28.7,29.2,28.8,28.9,28.7,28.7,28.6,28.6,29,29.3,28.8,28.9,28.7,28.6,28.9,28.8,29.6,28.8,28.9,28.9,28.6,28.7,29.1,29.1,28.7,28.8,28.9,29.3,29.4,28.7,29.5,86,79,87,81,84,84,87,82,83,81,85,82,85,84,83,85,79,86,84,83,85,85,82,83,86,82,87,79,79,86,79,0,0.1,0,0,0,0,0,0,0.2,0.2,0.1,0,0,0.1,0.1,0.2,0.1,0.1,0,0.3,0,0,0.3,0.1,0,0,0.7,0.7,0,0.4,0.4,16.6,16.3,20.2,12,21.3,21.5,19,15.3,11.5,14.1,18.4,14.8,15.6,20,14.6,16.7,15.6,15.1,18.3,16.1,17.7,17.4,20.1,16.4,19.2,16,18.6,22.1,16.7,18.4,14.3,22.3,20.5,30.6,14.4,29.9,31.3,28.8,19.4,14.8,16.9,25.2,17.3,20.2,27.7,19.1,22.7,20.2,19.4,25.9,20.9,24.8,24.1,27.7,21.6,28.8,19.8,26.6,29.5,21.2,28.1,17.3,,,,,,22.2204,114.2127
2026-08-17T00:00,28.3,28,28,28.4,28.5,28.3,29.4,28.8,30,28.8,27.4,28,27.5,28.1,29.2,28.2,29.2,28.5,29.6,28.4,28.4,27.7,29.1,28.8,29.5,28.7,29,28.4,28,29.1,28.5,28.8,28.4,28.7,28.8,28.1,28,28.3,28.2,27.9,90,92,90,88,87,87,85,88,83,88,95,92,93,91,85,88,87,90,84,89,89,91,85,88,84,87,87,91,90,87,91,87,89,87,91,92,92,89,89,91,0,0,0,0,0,0,0,0,0,0,0,0,0,0,0,0,0,0,0,0.2,0,0,0,0,0,0,0,0,0,0,0,0,0.2,0,0,0,0,0,0,0,1.6,3.9,4.3,3.4,1.9,1.8,2.2,6.6,5,2.3,4,3.1,2.2,2.9,6.3,0.8,3,2.9,1.5,4.3,1.9,3.1,5.5,2.2,3.9,1.8,2.9,1.8,3.9,2.5,3.4,1.5,1.8,2.6,3.6,4,3.1,3,4.2,4.3,,,,,,,,,,,,,,,,,,,,,,,,,,,,,,,,,,,,,,,,,28.6,29.2,28.7,28.7,28.5,28.6,28.5,28.5,29,29.3,28.8,28.7,28.6,28.5,28.8,28.7,29.6,28.7,28.8,28.8,28.5,28.7,29,29.1,28.6,28.7,28.8,29.3,29.3,28.7,29.5,86,78,88,82,85,85,88,83,83,80,84,83,85,84,83,86,79,86,84,83,85,85,82,82,86,82,87,78,80,85,78,0.5,0.2,0.3,0,0,0.4,0.1,0,0.9,0.1,1.6,0,0.3,0.5,0.3,0,0.2,0.1,0.3,0.4,0,0,0.5,1.1,0.1,0.2,0.5,1.9,0.3,0.5,0.7,17.4,17,18.8,12.3,20.5,21.7,18.4,14.8,13.2,14.1,19.5,14.8,15.1,21,15.8,16.4,15.6,14.5,19.1,16.5,17.8,16.7,20.4,17.1,19.7,15.5,18.3,23.1,17.1,18.8,15.3,24.1,22,29.5,15.5,28.8,32,27.7,19.1,17.3,17.6,27,18,20.2,29.2,21.2,23,20.9,18.4,27.7,22.3,25.2,23,28.8,22.7,29.2,19.1,25.9,31,22.3,28.4,19.4,,,,,,22.2204,114.2127
2026-08-17T01:00,28.1,27.9,27.8,28.3,28.4,28.1,29.3,28.7,29.7,28.8,27.4,27.9,27.4,28.1,29.1,28.1,28.9,28.3,29.3,28.3,28.2,27.5,29,28.7,29.4,28.6,28.9,28.3,27.9,28.9,28.3,28.7,28.2,28.5,28.8,28,27.8,28.3,28.1,27.8,91,93,91,88,88,88,86,89,85,88,95,93,94,92,86,89,88,91,85,89,91,92,85,89,85,88,88,91,91,88,93,87,90,89,91,93,93,89,90,91,0,0,0,0,0,0,0,0,0,0,0,0,0,0,0,0,0,0,0,0.2,0,0,0,0,0,0,0,0,0,0,0,0,0.2,0,0,0,0,0,0,0,1.3,3.2,4.3,3.2,2.2,2.1,0.8,6.5,4.7,1.8,3.4,3.1,1.8,3,5.6,0.7,2.4,2.7,1,4.8,1.5,2.6,5.4,2.7,3.6,1.5,2.5,1.3,3.6,1.8,3.4,1.8,1.3,2.5,3.1,3.6,3.2,2.5,3.6,3.7,,,,,,,,,,,,,,,,,,,,,,,,,,,,,,,,,,,,,,,,,28.5,29.3,28.5,28.6,28.4,28.5,28.3,28.4,28.9,29.3,28.8,28.7,28.5,28.5,28.7,28.6,29.6,28.7,28.7,28.7,28.4,28.6,28.9,29,28.6,28.7,28.7,29.2,29.1,28.7,29.5,87,77,89,83,85,86,89,84,83,80,83,83,84,83,83,87,78,85,83,82,86,86,82,82,86,81,87,78,80,83,78,0.5,0.2,0.3,0,0,0.4,0.1,0,0.9,0.1,1.6,0,0.3,0.5,0.3,0,0.2,0.1,0.3,0.4,0,0,0.5,1.1,0.1,0.2,0.5,1.9,0.3,0.5,0.7,18.7,17.9,17.7,13,19.7,21.6,17.1,14.8,16.1,14.3,20.9,14.5,14.5,22.3,17.7,16.3,16,14.1,19.9,17.7,17.6,15.8,20.7,17.8,20.1,15.2,17.8,24.2,17.9,19.3,17.2,26.6,23.8,27.4,16.9,28.1,32.8,25.9,19.4,21.2,18.7,28.8,18.7,20.2,30.6,23.8,23.8,22.7,17.3,29.5,24.1,25.2,22.3,29.9,24.5,30.2,19.1,25.6,32.8,23.4,29.2,23,,,,,,22.2204,114.2127
2026-08-17T02:00,28,27.8,27.7,28.3,28.3,28,29.2,28.7,29.6,28.7,27.4,27.8,27.3,28,29,28,28.8,28.2,29.1,28.1,28,27.4,29,28.6,29.3,28.5,28.9,28.2,27.8,28.8,28.2,28.7,28.1,28.5,28.7,28,27.7,28.3,28.1,27.8,92,93,91,88,88,89,87,89,87,88,95,93,94,92,87,89,89,92,86,89,92,93,85,89,85,89,88,92,91,89,94,88,90,89,91,93,94,89,90,92,0,0,0,0,0,0,0,0,0,0,0,0,0,0,0,0,0,0,0,0.2,0,0,0,0,0,0,0,0,0,0,0,0,0.2,0,0,0,0,0,0,0,1.1,2.7,4.3,3.1,2.2,2,0.4,6.4,4.8,1.5,2.9,3.1,1.4,3.2,5,0.8,2.3,3.1,0.8,5.1,1.3,2.3,5.1,2.9,3.6,1.1,2.2,1.1,3.6,1.1,3.3,2.5,1,2.5,2.6,2.9,2.9,2.2,3.6,2.9,,,,,,,,,,,,,,,,,,,,,,,,,,,,,,,,,,,,,,,,,28.4,29.4,28.4,28.5,28.3,28.4,28.2,28.3,28.8,29.3,28.8,28.6,28.4,28.5,28.6,28.5,29.5,28.6,28.7,28.7,28.3,28.5,28.9,29,28.5,28.7,28.6,29.1,29.1,28.7,29.5,87,76,89,84,86,86,89,85,83,79,82,84,84,82,83,87,78,84,83,82,86,86,82,81,86,80,87,78,80,82,77,0.5,0.2,0.3,0,0,0.4,0.1,0,0.9,0.1,1.6,0,0.3,0.5,0.3,0,0.2,0.1,0.3,0.4,0,0,0.5,1.1,0.1,0.2,0.5,1.9,0.3,0.5,0.7,19.2,18,16.1,13.7,18.7,21.8,16.1,14,17.7,14.8,21.4,14.5,14.3,22.9,18.6,15.9,16.4,13.2,20.4,18.2,17.4,15.2,21.1,18.4,20.6,14.7,17.6,24.6,17.9,19.3,18.7,28.1,24.5,25.2,17.6,26.6,33.1,23.8,18.7,23.8,20.5,29.5,19.4,20.2,31.3,25.2,23.8,23.4,15.8,30.2,25.2,25.2,21.6,31,25.6,30.6,18.7,24.8,33.5,23.8,28.4,25.9,,,,,,22.2204,114.2127
2026-08-17T03:00,27.9,27.7,27.6,28.2,28.3,27.9,29.2,28.7,29.5,28.7,27.4,27.8,27.2,27.8,28.9,28,28.8,28.2,29.1,28,28,27.4,29,28.6,29.2,28.5,28.8,28.2,27.8,28.8,28.2,28.6,28,28.5,28.5,28,27.8,28.3,28.1,27.8,92,93,91,88,88,89,87,89,88,88,95,93,94,92,88,89,89,92,86,89,92,93,85,89,85,89,89,92,91,89,94,88,90,89,91,93,94,89,90,92,0.1,0,0.3,0,0,0.1,0,0,0,0,0.1,0.1,0,0.3,0.1,0,0,0,0,0.6,0.1,0,0,0,0,0,1.1,0,0,0,0,0,0.1,0,0.2,0,0,0,0,0,0.7,2.4,4.1,2.8,2.2,2.1,0.8,6.4,4.8,1.6,2.3,2.6,1.1,3.3,3.9,1,2.3,3.3,0.8,4.8,1.1,1.9,5,2.9,3.8,0.8,1.8,1.1,3.4,0.4,3.3,3.2,0.4,2.6,1.8,2.2,2.6,1.4,3.1,2.4,,,,,,,,,,,,,,,,,,,,,,,,,,,,,,,,,,,,,,,,,28.4,29.4,28.3,28.4,28.2,28.3,28.1,28.1,28.7,29.2,28.8,28.5,28.4,28.4,28.5,28.4,29.4,28.5,28.6,28.6,28.3,28.5,28.8,29.1,28.5,28.7,28.6,29,29.1,28.7,29.5,87,75,89,85,87,86,89,86,83,79,81,85,84,82,83,87,78,84,83,82,86,86,82,80,86,80,86,79,79,82,77,0.4,0.2,0,0.1,0,1,0.2,0.1,1.5,0.2,0.6,0.1,0.7,0.2,0.2,0.3,0.2,0,0.2,0.3,0,0,0.1,0.3,0.2,0.1,0.1,1.5,0.6,0,0.2,19.1,17.4,14.7,13.1,16.9,21.5,14.8,12.7,17.8,16.4,20.2,15.3,14,22.2,17.9,15.1,16.2,12.2,19.9,18.2,17.1,15.3,22.3,18.7,20.6,14,16.8,24.2,17.1,17.4,19.5,28.4,23,23,17.3,24.1,32.8,21.6,16.6,24.1,23.4,27.4,21.2,19.8,30.6,24.8,23,23,14.4,29.5,25.6,24.5,21.6,32.4,25.9,30.6,18.4,23.4,32.8,22.3,24.8,27.4,,,,,,22.2204,114.2127
2026-08-17T04:00,27.9,27.5,27.4,28.2,28.3,27.9,29.1,28.8,29.5,28.6,27.4,27.8,27.2,27.7,28.9,27.9,28.9,28.3,29,27.8,28,27.5,29,28.6,29.3,28.4,28.6,28.1,27.8,28.7,28.2,28.6,28.1,28.5,28.4,27.9,27.9,28.3,28.1,27.8,92,94,91,88,88,89,88,89,87,88,94,93,94,92,88,89,88,91,86,89,93,92,85,89,86,90,90,93,91,89,94,88,90,89,91,93,93,88,90,92,0.1,0,0.3,0,0,0.1,0,0,0,0,0.1,0.1,0,0.3,0.1,0,0,0,0,0.6,0.1,0,0,0,0,0,1.1,0,0,0,0,0,0.1,0,0.2,0,0,0,0,0,0.4,2.3,3.6,2.3,2.6,1.9,1.1,5.9,5.4,1.6,1.6,1.5,0.5,3.3,2.5,1.3,2.4,3.8,0.8,4.6,0.7,2.2,4.7,2.9,4.2,0.5,1.8,1.1,2.9,0.4,3.3,3.6,0.5,3.2,0.8,1.1,2.5,0.8,3.1,1.6,,,,,,,,,,,,,,,,,,,,,,,,,,,,,,,,,,,,,,,,,28.3,29.4,28.3,28.3,28.1,28.2,28.1,28,28.4,29.1,28.9,28.5,28.3,28.4,28.5,28.4,29.3,28.4,28.5,28.6,28.2,28.4,28.7,29.2,28.4,28.7,28.7,28.9,29.2,28.6,29.4,87,75,89,85,87,86,89,86,84,79,81,86,84,82,84,86,78,84,83,83,87,87,81,79,86,80,84,80,77,82,77,0.4,0.2,0,0.1,0,1,0.2,0.1,1.5,0.2,0.6,0.1,0.7,0.2,0.2,0.3,0.2,0,0.2,0.3,0,0,0.1,0.3,0.2,0.1,0.1,1.5,0.6,0,0.2,18.6,16.1,13.4,11.9,15.1,21.2,13.6,10.5,17.4,18.2,18,16.7,13.8,20.6,16.3,14.3,15.8,10.6,19.1,18.1,16.2,15.1,24.3,18.8,20.1,13.4,16.1,23.2,16.1,14.5,19.8,27.7,20.5,20.5,15.8,20.9,31.7,19.1,13.7,23,26.3,24.1,23.4,19.4,29.2,23,21.6,22,12.6,28.1,25.6,23,22.3,34.2,25.9,30.6,17.6,21.6,31.3,19.8,19.8,28.1,,,,,,22.2204,114.2127
2026-08-17T05:00,27.9,27.5,27.3,28.3,28.4,27.9,29.2,28.8,29.6,28.5,27.5,27.8,27.3,27.5,28.8,27.9,29,28.4,29.1,27.7,28,27.7,29.1,28.7,29.4,28.5,28.5,28.2,27.9,28.8,28.3,28.6,28.2,28.6,28.2,28,28.1,28.4,28.2,27.9,91,94,90,88,88,89,88,88,86,87,93,92,93,91,88,88,87,90,86,88,92,91,84,89,85,90,90,93,91,89,94,88,89,88,91,93,91,88,89,92,0.1,0,0.3,0,0,0.1,0,0,0,0,0.1,0.1,0,0.3,0.1,0,0,0,0,0.6,0.1,0,0,0,0,0,1.1,0,0,0,0,0,0.1,0,0.2,0,0,0,0,0,1,2.3,3.7,1.8,2.7,1.8,1.5,5.4,5.9,1.8,1.1,0.8,0.4,3,1.1,1.6,2.6,4.3,1.3,3.9,0.4,2.6,4.5,2.7,4.3,0.4,1.8,1.6,2.9,0.8,3.3,3.6,1.5,3.4,1,0.4,2.3,0.4,3.3,1.1,,,,,,,,,,,,,,,,,,,,,,,,,,,,,,,,,,,,,,,,,28.3,29.5,28.3,28.2,28,28.3,28.2,28,28.4,29.1,28.9,28.5,28.3,28.4,28.5,28.4,29.2,28.4,28.5,28.5,28.2,28.4,28.6,29.2,28.4,28.7,28.8,28.8,29.3,28.6,29.3,87,74,88,85,87,85,88,86,84,79,80,86,84,82,84,85,78,84,83,83,87,87,81,79,86,80,83,80,76,82,77,0.4,0.2,0,0.1,0,1,0.2,0.1,1.5,0.2,0.6,0.1,0.7,0.2,0.2,0.3,0.2,0,0.2,0.3,0,0,0.1,0.3,0.2,0.1,0.1,1.5,0.6,0,0.2,17.8,14.5,11.8,10.9,13.6,20.7,12.4,8.4,15.9,19.2,16.2,17.4,13.1,19,14.7,13.2,15.4,9.3,18.4,17.6,15.4,14.8,25.6,19,19.6,12.7,14.8,22.5,14.7,12.9,19.6,26.6,18,18,14.8,18,30.2,16.6,10.4,21.2,28.1,21.2,24.5,18.4,27,20.9,20.2,20.9,11.2,26.6,25.2,21.6,21.6,34.6,25.9,29.9,16.9,19.4,29.9,17.6,16.9,28.1,,,,,,22.2204,114.2127
2026-08-17T06:00,27.9,27.5,27.2,28.4,28.5,27.9,29.3,29,29.8,28.5,27.6,27.9,27.5,27.5,28.9,28,29.3,28.6,29.2,27.7,28.1,27.9,29.2,28.8,29.5,28.6,28.5,28.2,28,28.9,28.5,28.7,28.3,28.8,28.1,28.1,28.4,28.6,28.3,28.1,90,93,90,87,88,88,88,87,85,87,91,91,92,90,88,87,85,88,85,88,92,89,83,89,85,90,91,93,90,88,93,88,88,86,90,92,89,87,88,91,0.1,0,0.3,0,0,0.1,0,0,0,0,0.1,0.1,0,0.3,0.1,0,0,0,0,0.6,0.1,0,0,0,0,0,1.1,0,0,0,0,0,0.1,0,0.2,0,0,0,0,0,1.8,2.5,3.4,1.6,2.6,2.2,1.4,5.5,6.4,2.2,1,1.1,0.8,3,1.8,1.9,3.3,4.8,1.5,3.2,0.4,3.3,4.3,2.5,4.5,0,1.8,1.6,2.6,1.5,3.2,3.6,2.8,3.6,1.9,0.5,2.1,0.8,3.2,1.1,,,,,,,,,,,,,,,,,,,,,,,,,,,,,,,,,,,,,,,,,28.4,29.6,28.4,28.3,28.1,28.4,28.2,28.1,28.5,29.1,29,28.6,28.4,28.5,28.6,28.6,29.2,28.5,28.6,28.5,28.3,28.4,28.5,29.2,28.4,28.9,28.9,28.9,29.3,28.7,29.4,87,73,86,84,87,84,88,86,83,79,80,85,84,82,84,84,78,83,82,83,86,87,81,79,86,79,82,80,76,81,77,0.4,0.1,0.4,0.1,0,0.5,0,0,2.9,0.2,0.2,0.6,0.2,0.2,0.3,0.1,0.2,0,0.2,0.7,0,0.1,1.7,0.4,1.1,0.1,0.3,0.2,0,0.4,0.6,16.8,13,9.8,10.1,12,19.3,10.5,5.9,13.4,19,15.1,17.3,11.6,17.1,12.7,12.2,14.9,7.6,18.4,16.8,14.4,13.1,24.7,18.7,18.6,11.3,12.7,22.1,13.7,14.3,19.1,25.2,16.2,14.8,13.3,15.5,27.4,13.7,6.8,19.1,27.4,19.8,24.1,15.5,23.8,18,17.6,19.8,9.4,25.9,24.5,19.4,18.7,33.1,25.6,29.2,15.1,16.6,29.5,16.2,18.4,26.6,,,,,,22.2204,114.2127
2026-08-17T07:00,28.1,27.6,27.2,28.6,28.8,28.1,29.5,29.3,30,28.6,27.8,28.1,27.8,27.6,29,28.2,29.6,29,29.4,27.7,28.3,28.2,29.5,29,29.7,28.8,28.5,28.3,28.2,29.1,28.8,28.8,28.4,29,28.1,28.4,28.8,28.8,28.6,28.4,89,92,89,86,87,86,86,85,83,86,90,90,90,89,87,86,83,86,84,87,90,87,82,88,84,89,91,92,89,87,91,87,87,85,89,90,87,85,87,90,0.1,0,0.3,0,0,0.1,0,0,0,0,0.1,0.1,0,0.3,0.1,0,0,0,0,0.6,0.1,0,0,0,0,0,1.1,0,0,0,0,0,0.1,0,0.2,0,0,0,0,0,2.1,2.5,3,1.3,2.6,2.2,1.8,5.3,7.1,2.2,1.3,1.6,0.8,2.5,2.9,1.9,3.3,4.8,1.9,2.9,0.7,3.7,4.3,2.2,4.5,0,1.8,1.6,2.3,2.3,3.4,3.6,3.1,3.8,3,1.3,2.1,1.1,3.3,1.3,,,,,,,,,,,,,,,,,,,,,,,,,,,,,,,,,,,,,,,,,28.4,29.7,28.6,28.5,28.2,28.6,28.4,28.3,28.7,29.1,29,28.7,28.5,28.7,28.7,28.8,29.3,28.7,28.7,28.5,28.4,28.6,28.4,29.2,28.4,29.2,29,29.1,29.3,28.9,29.5,87,73,84,83,86,83,87,85,82,79,80,84,83,81,83,82,78,83,81,83,85,86,81,80,86,77,81,79,77,80,77,0.4,0.1,0.4,0.1,0,0.5,0,0,2.9,0.2,0.2,0.6,0.2,0.2,0.3,0.1,0.2,0,0.2,0.7,0,0.1,1.7,0.4,1.1,0.1,0.3,0.2,0,0.4,0.6,15.9,11.6,8,9.7,10.9,17.4,8.4,3.2,10.1,18.2,14.2,16.9,9.8,14.8,10.7,11.2,14.5,6.4,18.3,16.2,13.2,11.1,23,18.4,18.6,10.1,10.4,21.7,12.5,16.9,18.1,23,14.8,11.2,12.2,13.7,23.8,10.8,3.2,16.2,25.2,18.7,22.7,11.9,19.8,14.4,14.8,18.7,7.9,25.9,23,16.9,14.8,30.6,24.8,28.1,13.3,13.3,29.5,14.8,22.3,24.5,,,,,,22.2204,114.2127
2026-08-17T08:00,28.4,28,27.3,28.9,29.2,28.3,29.9,29.6,30.4,28.9,28,28.4,28.3,27.9,29.3,28.5,30,29.4,29.7,27.7,28.6,28.7,29.9,29.4,30,29.1,28.7,28.6,28.4,29.4,29.1,29,28.4,29.4,28.3,28.8,29.3,29.2,29,28.8,87,90,88,84,85,85,84,83,80,84,88,88,87,87,86,84,81,83,82,86,89,84,80,86,83,87,90,91,88,85,89,86,87,83,87,88,84,83,85,88,0.1,0,0.3,0,0,0.1,0,0,0,0,0.1,0.1,0,0.3,0.1,0,0,0,0,0.6,0.1,0,0,0,0,0,1.1,0,0,0,0,0,0.1,0,0.2,0,0,0,0,0,2.1,2.9,3,1.5,2,2.2,1.8,5.5,7.2,2.5,1.3,2.1,0.7,2.5,4,1.6,3.7,4.6,2.2,2.7,1.4,3.5,4.5,1.8,3.9,0.5,1.8,1.5,2.3,2.7,3.1,2.9,3.4,3.3,3.8,1.5,2.1,1.1,3.2,1.5,,,,,,,,,,,,,,,,,,,,,,,,,,,,,,,,,,,,,,,,,28.6,30,28.9,28.7,28.4,28.9,28.6,28.6,29.1,29.3,29.2,29,28.8,28.9,29,29.1,29.5,29,28.9,28.6,28.6,28.8,28.5,29.3,28.4,29.6,29.2,29.3,29.5,29.1,29.7,86,72,82,82,85,82,86,83,80,79,79,83,82,80,82,81,77,81,80,83,84,85,80,80,85,75,80,78,77,79,76,0.4,0.1,0.4,0.1,0,0.5,0,0,2.9,0.2,0.2,0.6,0.2,0.2,0.3,0.1,0.2,0,0.2,0.7,0,0.1,1.7,0.4,1.1,0.1,0.3,0.2,0,0.4,0.6,15.1,10.3,6.9,9.5,10.4,15.9,6.9,0.8,7.3,16.6,13.8,16.6,8.2,13.2,9.1,11,13.6,5.5,18.3,14.9,12.4,9.9,21.4,18.1,17.9,9,9.2,20.8,10.9,18.8,16.5,21.2,13.3,9.4,11.5,13,20.9,8.6,1.4,13.7,22.3,18,21.6,9.4,16.6,11.5,13.7,17.6,6.8,25.2,20.9,15.5,12.2,28.1,24.5,25.9,11.5,11.2,28.8,13,24.8,22,,,,,,22.2204,114.2127
2026-08-17T09:00,29,28.8,27.6,29.5,29.8,28.8,30.7,30.2,31.1,29.4,28.4,28.9,29.2,28.6,29.8,29.1,30.7,30,30.2,27.9,29,29.4,30.6,29.9,30.5,29.7,29.1,29,28.9,29.9,29.6,29.3,28.4,30.1,28.8,29.6,30.1,29.9,29.6,29.4,84,86,87,81,82,83,80,80,76,81,86,85,82,84,83,81,78,79,79,85,87,80,77,83,81,84,88,88,85,82,86,84,87,80,84,84,80,80,82,85,0.5,0,0.7,0,0.1,0.6,0,0.1,0,0.2,0.9,0.3,0,0.1,0,0.1,0.2,0.1,0,0.6,0.5,0,0,0.2,0.1,0,1.4,0.2,0.1,0.1,0.2,0.6,1.6,0.1,0.4,0,0,0.1,0,0,1.6,3.3,2.9,2.7,1.1,2.2,1.8,5.8,7.2,2.9,1.1,1.9,1.3,2.6,4.6,0.8,3.8,4.2,2.9,3.1,2.5,2.6,4.7,0.7,2.8,1.3,2.4,1.5,2.7,3.4,2.8,2.1,2.7,2.7,4.2,1.6,2,0.5,3.1,2.3,,,,,,,,,,,,,,,,,,,,,,,,,,,,,,,,,,,,,,,,,29,30.4,29.4,29,28.8,29.3,29,29,29.6,29.7,29.5,29.3,29.2,29.4,29.4,29.5,30,29.5,29.3,28.7,28.9,29.2,28.9,29.7,28.7,30.1,29.5,29.6,30,29.2,30.1,84,71,79,80,83,80,83,79,78,77,78,81,80,78,80,80,76,78,79,82,82,83,78,78,84,73,78,77,75,78,75,0,0,0.1,0.2,0,0,0,0,0.4,0.5,0.2,0.1,0,0.1,0,0,0.4,0,0,0.3,0,0.1,1.2,0.2,0,0,0,0,0,0,0.1,15.1,8.5,7.4,10.7,11.2,15,6.8,2.1,5.2,14.2,14,16.7,7.2,12.1,7.7,12.8,12.2,5.5,18.4,12.2,12.5,10.8,20,18.4,14.7,8,9.4,19.3,8.8,18.8,13.8,19.8,11.2,10.1,12.2,14,19.1,7.6,2.5,11.5,18.4,18,20.5,8.3,15.1,10.1,15.5,15.8,6.8,23.8,16.6,15.1,13,25.9,24.1,20.9,10.4,11.5,26.3,10.4,24.8,18.4,,,,,,22.2204,114.2127
2026-08-17T10:00,29.7,30,28.1,30.4,30.7,29.5,31.9,31.1,32,30.1,29,29.6,30.4,29.7,30.5,30,31.7,31,30.9,28.3,29.5,30.3,31.6,30.7,31.1,30.6,29.8,29.6,29.5,30.7,30.2,29.8,28.3,31.1,29.6,30.6,31.1,30.8,30.6,30.2,80,80,84,77,77,80,73,76,70,78,82,81,76,79,79,77,74,74,76,84,83,76,72,79,77,79,84,85,82,78,82,82,87,76,80,78,75,75,77,81,0.5,0,0.7,0,0.1,0.6,0,0.1,0,0.2,0.9,0.3,0,0.1,0,0.1,0.2,0.1,0,0.6,0.5,0,0,0.2,0.1,0,1.4,0.2,0.1,0.1,0.2,0.6,1.6,0.1,0.4,0,0,0.1,0,0,0.4,3.6,3.3,4.5,1.6,2.6,1.5,6.6,7.4,3.2,1.3,1.4,3,3.1,5,0.4,4,4.3,3.9,4.5,3.8,1.4,4.5,0.5,1.5,3.1,3.1,1.8,3.7,4.4,2,2.2,1.8,1.8,4.5,2.2,2.6,1,3.8,3.1,,,,,,,,,,,,,,,,,,,,,,,,,,,,,,,,,,,,,,,,,29.4,31,30,29.3,29.3,29.7,29.5,29.6,30.2,30.3,29.8,29.7,29.7,30.1,30,29.8,30.5,30.2,29.8,28.9,29.3,29.7,29.3,30.1,29,30.8,29.9,29.8,30.7,29.4,30.7,80,69,75,79,81,78,80,74,75,74,76,79,77,75,78,78,74,75,77,80,81,79,76,76,82,71,76,77,73,77,73,0,0,0.1,0.2,0,0,0,0,0.4,0.5,0.2,0.1,0,0.1,0,0,0.4,0,0,0.3,0,0.1,1.2,0.2,0,0,0,0,0,0,0.1,15.3,6.8,9.7,12.5,12.2,14.6,7.2,5.2,3.8,11.6,14.8,16.9,7,11.7,7.1,15.3,11.1,6.6,18.6,9,13,13,18.9,19.2,10.6,7.6,11,17.9,6.2,18.1,11,19.1,9.4,12.6,14,16.6,17.6,7.2,5.4,9.4,14,18.4,19.4,8.3,14.4,9.7,19.1,13.7,7.2,22.3,11.5,15.8,14.8,23.8,24.1,14.8,9.7,13,23,7.9,23.4,14,,,,,,22.2204,114.2127
2026-08-17T11:00,30.6,31.3,28.7,31.4,31.7,30.2,33.1,32.1,33,30.9,29.7,30.4,31.7,30.9,31.4,30.9,32.7,32,31.7,28.7,30.1,31.3,32.6,31.6,31.8,31.6,30.5,30.2,30.2,31.6,30.9,30.4,28.2,32.1,30.4,31.8,32.3,31.8,31.7,31.1,75,73,82,73,73,77,66,71,64,74,79,77,68,74,74,72,70,68,72,82,80,70,68,75,74,74,81,80,78,74,77,79,87,72,75,71,69,71,72,76,0.5,0,0.7,0,0.1,0.6,0,0.1,0,0.2,0.9,0.3,0,0.1,0,0.1,0.2,0.1,0,0.6,0.5,0,0,0.2,0.1,0,1.4,0.2,0.1,0.1,0.2,0.6,1.6,0.1,0.4,0,0,0.1,0,0,1.3,4,4,6.9,3.3,2.7,1.5,7.8,7.9,3.6,2.8,1.5,5.1,4.1,5,1.8,4.4,5.6,5,6.1,5.5,1.1,4.6,2.3,1.9,4.7,4.1,2.7,4.7,5.4,1.5,3.7,1.9,2.6,5.1,3.1,3.6,2.4,5.2,4.2,,,,,,,,,,,,,,,,,,,,,,,,,,,,,,,,,,,,,,,,,29.8,31.4,30.4,29.6,29.6,30.1,29.9,30.1,30.7,30.7,30.1,30,30.1,30.6,30.4,30.2,30.9,30.7,30.2,29.1,29.7,30.1,29.7,30.5,29.3,31.2,30.2,30,31.2,29.5,31.1,78,68,73,77,80,76,77,71,73,73,75,78,75,73,76,77,73,72,76,79,79,77,75,74,81,69,74,76,71,76,72,0,0,0.1,0.2,0,0,0,0,0.4,0.5,0.2,0.1,0,0.1,0,0,0.4,0,0,0.3,0,0.1,1.2,0.2,0,0,0,0,0,0,0.1,15.8,5.9,12.3,13.9,13.8,14.7,8,8,3.8,10.2,15.9,17.1,7.2,11.5,7.3,17.1,11,7.7,18.6,6.2,13.8,15.1,18.7,20,8.9,8.1,12.6,17.1,4.6,17.5,9.6,18.7,8.3,14.8,15.1,18.7,17.3,7.6,8.3,7.9,11.5,18.7,18.7,9,14,10.1,21.6,12.6,7.9,21.2,7.9,16.6,16.9,22.7,24.1,11.2,9.7,14.4,21.2,6.5,22.3,11.9,,,,,,22.2204,114.2127
2026-08-17T12:00,31.5,32.5,29.2,32.4,32.7,31,34.4,33,33.9,31.7,30.3,31.1,33,32,32.2,31.8,33.7,33,32.4,29.1,30.7,32.3,33.6,32.5,32.4,32.5,31.2,30.8,30.8,32.5,31.6,30.9,28.1,33.1,31.2,32.9,33.4,32.7,32.7,32,71,66,80,68,68,73,59,67,58,70,75,73,61,69,69,68,66,63,68,81,76,66,63,71,70,69,77,76,74,70,73,77,87,68,71,65,64,66,67,72,0.5,0,0.7,0,0.1,0.6,0,0.1,0,0.2,0.9,0.3,0,0.1,0,0.1,0.2,0.1,0,0.6,0.5,0,0,0.2,0.1,0,1.4,0.2,0.1,0.1,0.2,0.6,1.6,0.1,0.4,0,0,0.1,0,0,2.5,4.8,5.2,9.1,5.1,3.4,1.1,8.2,9,4,4.5,2.3,7.2,5,4.9,3,4.6,7.1,6.2,8,7.1,3.1,4.6,3.4,3.6,6.3,4.8,3.8,5.8,6.1,0.5,5.6,3.3,4.1,5.6,4.4,4.7,3.8,7,5.2,,,,,,,,,,,,,,,,,,,,,,,,,,,,,,,,,,,,,,,,,30.1,31.7,30.6,29.8,29.8,30.5,30.2,30.3,30.9,30.6,30.3,30.1,30.3,30.8,30.6,30.4,30.9,30.9,30.3,29.1,29.9,30.3,29.8,30.6,29.6,31.4,30.3,30.1,31.4,29.7,31.2,77,66,72,76,79,74,74,70,71,74,75,78,73,72,75,76,73,71,76,79,78,76,75,74,80,69,74,76,69,75,72,0,0,0,0,0,0,0,0,0.1,0,0,0,0,0,0,0,0.1,0,0,0,0,0,1.1,0,0,0,0,0,0,0,0,17.1,6.8,13.4,13.8,15.5,16.4,8.7,10.6,5.1,11.2,17,16.8,8.6,11.5,9.4,17.6,12.2,8.7,18.8,4.2,14.7,16.4,19.8,20.6,10.4,9.4,14.1,18.2,5.3,17.4,11.7,19.8,9.4,15.5,15.5,20.2,18.4,8.3,10.8,7.2,12.2,19.1,18.4,11.2,13.3,11.5,22,13.3,9,20.9,6.8,17.3,18.4,23.8,24.5,12.6,11.2,15.8,21.6,6.8,21.6,13.7,,,,,,22.2204,114.2127
2026-08-17T13:00,32.1,33.4,29.7,33.1,33.4,31.5,35.3,33.6,34.6,32.3,30.7,31.6,33.9,32.9,32.8,32.5,34.4,33.6,32.9,29.4,31.1,33,34.4,33.1,32.9,33.3,31.8,31.3,31.3,33.2,32.2,31.3,28,33.8,31.9,33.7,34.1,33.4,33.4,32.7,67,61,79,65,64,71,53,63,53,67,73,70,56,65,66,64,64,59,65,80,73,62,59,68,68,66,74,73,71,67,70,75,88,65,67,60,60,63,63,68,0.5,0,0.7,0,0.1,0.6,0,0.1,0,0.2,0.9,0.3,0,0.1,0,0.1,0.2,0.1,0,0.6,0.5,0,0,0.2,0.1,0,1.4,0.2,0.1,0.1,0.2,0.6,1.6,0.1,0.4,0,0,0.1,0,0,3.8,5.2,6.2,10.9,6.5,3.6,0.8,8.7,10,4,5.5,3.3,9,6,5.1,4.1,4.9,8.4,7.2,9.5,8.4,4.3,4.3,4.6,5.4,7.4,5.6,4.5,6.9,6.6,0.4,7.4,4.5,5.8,5.9,5.6,5.6,5.2,8.7,6.3,,,,,,,,,,,,,,,,,,,,,,,,,,,,,,,,,,,,,,,,,30.2,31.9,30.7,30,30,30.7,30.4,30.4,31,30.3,30.3,30.2,30.4,30.9,30.6,30.6,30.7,30.9,30.4,29.1,30.1,30.4,29.9,30.6,29.8,31.4,30.3,30.1,31.4,29.9,31,76,65,73,75,79,73,72,70,70,75,75,78,72,71,75,75,74,70,76,79,77,76,75,75,79,69,75,76,68,73,73,0,0,0,0,0,0,0,0,0.1,0,0,0,0,0,0,0,0.1,0,0,0,0,0,1.1,0,0,0,0,0,0,0,0,18.8,9.2,14.7,13.7,17.8,18.6,10.1,12.9,6.1,13,18.2,16.9,12.4,11.7,12.4,17.6,13.7,10.3,18.9,2.9,15.5,17.6,21.9,21,13.5,11.2,15.6,20.5,7.1,17.1,15.5,21.2,11.9,15.8,15.5,21.6,20.5,9.4,13.3,6.8,14.4,19.8,18.4,14.8,13,14,21.2,15.1,10.8,20.9,7.6,18,19.8,25.9,24.8,16.6,13,17.3,23,8.6,20.9,18,,,,,,22.2204,114.2127
2026-08-17T14:00,32.4,33.9,29.9,33.4,33.7,31.8,35.6,33.9,34.8,32.5,30.9,31.9,34.3,33.3,33.2,32.8,34.7,33.9,33.1,29.5,31.3,33.3,34.8,33.5,33,33.6,32.1,31.6,31.5,33.5,32.5,31.5,28,34.1,32.2,34.1,34.5,33.6,33.7,32.9,66,59,78,64,63,70,51,62,52,66,72,69,54,64,64,63,63,58,64,79,72,61,58,66,67,64,72,71,70,66,68,74,88,64,66,58,58,62,62,67,0.5,0,0.7,0,0.1,0.6,0,0.1,0,0.2,0.9,0.3,0,0.1,0,0.1,0.2,0.1,0,0.6,0.5,0,0,0.2,0.1,0,1.4,0.2,0.1,0.1,0.2,0.6,1.6,0.1,0.4,0,0,0.1,0,0,4.6,5.2,6.5,11.9,7.3,3.6,0.5,8.9,11,3.6,6.3,3.6,9.7,6.2,5.1,4.9,5,9.1,7.9,10.2,9.2,5.6,4.1,4.9,6.9,8.2,5.9,4.8,7.3,6.9,0.8,8.4,5.2,6.8,6,6.1,6.4,5.5,9.7,6.6,,,,,,,,,,,,,,,,,,,,,,,,,,,,,,,,,,,,,,,,,30.3,31.9,30.6,30.1,30,30.8,30.6,30.5,31,30,30.3,30.1,30.5,30.9,30.6,30.7,30.6,30.9,30.3,29,30.2,30.5,29.9,30.5,29.9,31.3,30.2,30.1,31.4,30,30.8,76,64,74,74,79,72,71,71,69,77,75,79,71,71,75,74,75,70,76,79,76,76,75,76,78,70,76,76,67,72,74,0,0,0,0,0,0,0,0,0.1,0,0,0,0,0,0,0,0.1,0,0,0,0,0,1.1,0,0,0,0,0,0,0,0,19.7,11,15.7,13.8,19.1,20.2,11.3,14.4,6.2,14.3,19.1,16.6,15.8,12,14.8,17.4,14.7,10.8,19,2,16,18.2,23.5,21.2,15.5,13.1,16.9,21.9,9.1,17.5,18.3,22.3,13.7,16.6,15.5,22.7,22,10.8,15.1,7.2,15.8,19.8,18,17.6,13,15.8,20.9,16.6,11.5,20.9,7.6,18.4,20.5,28.1,24.5,19.4,15.1,18,24.5,10.1,20.5,20.5,,,,,,22.2204,114.2127
2026-08-17T15:00,32.2,33.7,29.8,33.2,33.5,31.8,35.3,33.7,34.5,32.4,30.8,31.7,34,33,33.1,32.6,34.4,33.5,32.9,29.5,31.2,33,34.7,33.4,32.7,33.4,32.1,31.6,31.4,33.4,32.5,31.5,27.9,33.7,32.1,33.9,34.2,33.3,33.4,32.7,67,60,79,65,64,70,53,63,54,67,73,70,56,65,64,64,65,60,65,79,72,62,59,67,68,65,72,71,71,67,68,74,88,66,67,59,59,63,64,68,0.1,0.4,0.8,0.1,0.7,0.8,1.4,0.3,0,0.5,0.3,0.3,0,1.4,0,0.8,3.5,1.4,0,0,0,0.9,0.4,0.3,0.6,0,0.5,0.1,0,2.7,0.1,0.2,0.1,1.4,0.1,0.1,1,2.1,0,0,4.8,5.2,6.5,11.9,7.3,3.1,0,8.2,11.4,2.9,6.3,3.6,9.7,6,5,5,4.7,8.9,8.2,10.2,9.2,6.1,3.3,4.1,7.6,8,5.6,4.6,7.3,6.4,1.6,8.4,5.2,7.6,5.6,6.4,6.7,5.1,10.1,6.6,,,,,,,,,,,,,,,,,,,,,,,,,,,,,,,,,,,,,,,,,30.3,31.8,30.4,30.1,29.8,30.5,30.6,30.4,30.9,29.7,30.2,30.1,30.5,30.8,30.6,30.7,30.6,30.9,30.2,29,30.3,30.4,29.8,30.4,29.8,31.1,30.2,29.9,31.4,30,30.7,76,65,76,74,80,73,71,72,69,78,75,79,71,71,75,75,75,70,76,80,76,76,75,76,78,71,76,77,67,72,75,0,0,0,0,0,0,0,0,0.1,0,0.1,0,0,0,0,0,0,0,0,0,0,0,0.7,0,0,0,0,0,0,0,0,19.6,11.9,16.7,14.7,19.4,20,12.7,14.6,5.1,13.5,18.8,16.2,17.7,12.3,15.9,17.7,15,10.4,18.4,1.8,16.2,18.2,24.3,20.6,16.3,15,16.9,22.4,10.4,18.1,18.1,22.7,14,18.4,16.2,23.4,22.7,13,15.8,7.9,15.5,19.4,17.6,20.2,13.3,17.3,21.2,16.6,11.2,20.5,6.5,18.4,20.2,29.5,23.4,20.2,16.9,18,25.6,11.2,21.2,20.2,,,,,,22.2204,114.2127
2026-08-17T16:00,31.8,33,29.5,32.6,32.9,31.4,34.6,33.2,33.6,31.9,30.5,31.3,33.1,32.3,32.8,32.1,33.7,32.7,32.4,29.4,30.8,32.4,34.2,33.1,32.1,32.9,31.9,31.4,31,33,32.3,31.3,27.9,32.8,31.6,33.3,33.5,32.6,32.7,32.2,69,64,80,67,67,72,57,66,60,69,75,72,61,69,66,67,68,65,68,79,74,66,62,69,71,68,73,72,73,69,70,75,89,69,70,62,63,67,68,71,0.1,0.4,0.8,0.1,0.7,0.8,1.4,0.3,0,0.5,0.3,0.3,0,1.4,0,0.8,3.5,1.4,0,0,0,0.9,0.4,0.3,0.6,0,0.5,0.1,0,2.7,0.1,0.2,0.1,1.4,0.1,0.1,1,2.1,0,0,4.8,4.7,5.8,10.8,7,3.1,0.5,7,11.6,1.9,6,3.3,9,5.6,5,5,4.1,7.6,7.9,9.5,8.7,6.1,2,2.2,8.4,7.6,5.1,4.3,6.9,5.6,1.9,8.1,5.1,8,5,6.5,6.7,4.3,10.1,6.3,,,,,,,,,,,,,,,,,,,,,,,,,,,,,,,,,,,,,,,,,30.2,31.6,30.1,30.1,29.6,30.1,30.5,30.3,30.7,29.4,29.9,29.9,30.4,30.6,30.5,30.5,30.7,30.9,30.1,28.9,30.3,30.3,29.7,30.2,29.6,30.9,30.1,29.7,31.3,29.9,30.6,76,66,78,75,81,76,72,73,70,80,76,80,73,71,76,76,74,70,76,80,76,76,76,76,79,73,76,79,67,73,77,0,0,0,0,0,0,0,0,0.1,0,0.1,0,0,0,0,0,0,0,0,0,0,0,0.7,0,0,0,0,0,0,0,0,19,12.2,17.7,15.9,18.9,19,14.4,13.8,6.1,11.8,17.7,15.5,18.8,13,16.6,18.2,14.7,9,17.1,1.3,15.7,17.6,24.2,19.4,16.3,16.5,16.2,22.3,11.5,18.6,16.1,22.3,13.7,20.2,17.3,23.8,23,15.1,15.5,9,14,18.4,16.9,22.3,14,18,21.6,16.2,10.1,19.8,5,18,19.4,30.2,21.6,19.8,18.7,17.6,26.3,11.9,22,18.4,,,,,,22.2204,114.2127
2026-08-17T17:00,31.1,32,29,31.8,32,30.9,33.5,32.4,32.6,31.3,30,30.6,31.9,31.3,32.3,31.3,32.7,31.7,31.6,29.2,30.3,31.5,33.5,32.6,31.3,32.1,31.5,31.1,30.5,32.4,32,31,28,31.7,31,32.5,32.5,31.7,31.8,31.4,73,69,82,71,72,75,63,70,67,72,78,76,67,74,69,71,73,71,71,80,77,71,65,72,75,72,75,73,77,73,73,77,89,74,73,67,68,72,73,75,0.1,0.4,0.8,0.1,0.7,0.8,1.4,0.3,0,0.5,0.3,0.3,0,1.4,0,0.8,3.5,1.4,0,0,0,0.9,0.4,0.3,0.6,0,0.5,0.1,0,2.7,0.1,0.2,0.1,1.4,0.1,0.1,1,2.1,0,0,4.6,4.3,5.2,9.7,6.3,2.9,1.5,5.9,11.9,1.1,5.2,3.2,7.6,5.2,5.1,4.8,3.2,6.5,7.4,8.8,7.9,5.9,1.1,0.4,8.8,6.8,4.3,3.8,6.2,4.3,2.6,7.1,4.4,8.4,4.4,6.4,6.3,3.3,9.7,5.6,,,,,,,,,,,,,,,,,,,,,,,,,,,,,,,,,,,,,,,,,30,31.3,29.7,30,29.4,29.7,30.4,30.1,30.4,29.2,29.7,29.8,30.3,30.4,30.4,30.3,30.6,30.9,29.9,28.8,30.3,30.1,29.6,30,29.3,30.7,29.9,29.5,31.2,29.8,30.4,77,68,80,76,82,78,73,75,72,81,77,80,74,72,76,77,74,71,76,81,76,77,77,77,80,74,77,81,68,74,78,0,0,0,0,0,0,0,0,0.1,0,0.1,0,0,0,0,0,0,0,0,0,0,0,0.7,0,0,0,0,0,0,0,0,18.2,12.5,17.7,16.5,18.2,17.7,14.8,12.7,9.8,10.5,16.5,14.7,19.2,13.4,16.3,18.3,14.3,8.2,16.3,1.1,15.3,16.9,23.9,18.2,16,17.5,15.5,21.6,12.3,18.9,14.3,21.6,13.3,21.6,17.6,23.4,22.3,16.2,14.8,11.2,13,17.3,16.2,23.4,14.8,18.4,21.6,15.5,9.4,19.1,4.3,17.6,18.7,31,20.2,19.4,19.4,16.9,27,12.6,22.7,16.2,,,,,,22.2204,114.2127
2026-08-17T18:00,30.4,30.9,28.5,30.9,31.1,30.4,32.3,31.6,31.4,30.5,29.5,29.9,30.7,30.2,31.8,30.5,31.7,30.5,30.8,28.9,29.7,30.5,32.7,31.9,30.4,31.3,31,30.7,29.9,31.7,31.6,30.7,28,30.5,30.3,31.5,31.5,30.6,30.7,30.5,77,75,84,75,76,77,70,74,74,76,81,80,75,80,72,76,77,78,75,81,79,76,70,75,80,76,77,75,81,76,76,79,89,79,77,72,73,77,78,80,0.1,0.4,0.8,0.1,0.7,0.8,1.4,0.3,0,0.5,0.3,0.3,0,1.4,0,0.8,3.5,1.4,0,0,0,0.9,0.4,0.3,0.6,0,0.5,0.1,0,2.7,0.1,0.2,0.1,1.4,0.1,0.1,1,2.1,0,0,4.3,4,4.2,8,5.6,3,2,4.4,11.6,1.8,4.5,3.1,6.1,4.3,5.4,4.2,3,5.5,6.6,7.7,7.1,5.4,1.1,2.3,8.8,5.9,3.4,3.4,5.4,2.8,3.3,6.2,3.9,8.4,4,6.4,6.2,2.1,9,4.8,,,,,,,,,,,,,,,,,,,,,,,,,,,,,,,,,,,,,,,,,29.8,31,29.4,29.8,29.3,29.4,30.1,29.9,29.9,29,29.4,29.5,30,30.2,30.2,30.1,30.4,30.6,29.7,28.8,30.1,29.8,29.3,29.8,29.1,30.3,29.7,29.3,30.8,29.5,30.1,78,69,82,77,82,80,75,77,75,82,78,81,76,73,77,78,74,72,77,81,77,78,78,78,81,75,79,82,70,76,79,0,0,0.1,0,0,0,0,0,0,0,0.6,0,0,0,0,0.1,0,0.1,0,0,0,0,0.7,0,0,0,0,0.6,0,0,0.1,16.7,12.8,17.1,15.5,17.3,15.6,13.3,11.5,13.9,10,14.8,13.7,18.4,13.4,15.4,17.7,13.5,8.1,14.9,1.9,14.7,16.1,23.4,16.7,15.5,16.9,14.8,20.8,12.4,18.4,12.6,19.8,13.7,21.6,16.9,22,19.4,14.8,13.7,15.1,12.6,15.8,15.1,23,15.1,17.6,20.9,14.4,9.4,17.6,4.7,16.9,18.4,31.3,19.1,19.4,18.7,16.6,27.4,13,22.3,14.4,,,,,,22.2204,114.2127
2026-08-17T19:00,29.7,29.9,28.1,30.1,30.2,29.8,31.2,30.7,30.4,29.8,29,29.3,29.5,29.2,31.2,29.7,30.7,29.5,30.1,28.7,29.2,29.6,31.9,31.3,29.7,30.5,30.6,30.3,29.3,31,31.2,30.3,28,29.4,29.7,30.6,30.5,29.7,29.8,29.8,80,80,86,79,81,80,76,79,81,79,84,83,81,84,75,80,82,84,79,82,82,81,74,79,83,80,79,77,84,80,80,80,90,84,81,77,78,82,83,84,0.1,0.4,0.8,0.1,0.7,0.8,1.4,0.3,0,0.5,0.3,0.3,0,1.4,0,0.8,3.5,1.4,0,0,0,0.9,0.4,0.3,0.6,0,0.5,0.1,0,2.7,0.1,0.2,0.1,1.4,0.1,0.1,1,2.1,0,0,3.8,3.6,3.7,6.7,4.9,2.9,2.5,3.4,11.4,2.8,3.7,2.8,5.1,3.6,5.8,3.6,2.6,4.8,6.1,6.6,5.8,4.8,2.2,3.9,8.7,5.1,2.7,3.4,4.7,1.8,3.7,5.3,3.8,8,3.3,6.2,5.8,1.6,8.3,4.2,,,,,,,,,,,,,,,,,,,,,,,,,,,,,,,,,,,,,,,,,29.6,30.6,29.1,29.6,29.2,29.1,29.8,29.6,29.4,28.9,29.2,29.2,29.6,29.9,29.9,29.8,30.1,30.3,29.5,28.7,29.7,29.5,29.1,29.5,28.9,30,29.5,29.2,30.3,29.2,29.9,79,70,84,79,83,82,76,79,79,82,80,81,78,75,77,80,75,74,79,80,77,80,79,80,82,76,81,82,73,79,79,0,0,0.1,0,0,0,0,0,0,0,0.6,0,0,0,0,0.1,0,0.1,0,0,0,0,0.7,0,0,0,0,0.6,0,0,0.1,15,13.1,16.1,13.8,15.9,13.1,10.4,9.9,18.3,10,12.5,12.3,16.9,13.3,13.8,16.2,12.2,8,13.5,4,13.9,15,22.1,15.5,14.3,15.3,13.7,19.7,12,17.4,10.9,17.6,14,20.5,15.8,20.2,15.8,12.2,11.9,20.2,12.6,14,13.7,22,15.1,16.6,19.4,13.3,9.4,15.8,5.8,16.2,18,31.3,18.4,19.4,17.3,15.8,27.4,13.3,21.6,12.2,,,,,,22.2204,114.2127
2026-08-17T20:00,29.2,29.1,27.7,29.5,29.6,29.4,30.4,30.1,29.7,29.3,28.6,28.8,28.6,28.6,30.8,29.1,30.1,28.8,29.6,28.5,28.8,29,31.2,30.7,29.1,30,30.1,29.9,28.9,30.5,30.8,30,27.9,28.7,29.2,29.9,29.7,29,29.1,29.2,83,84,88,82,84,82,80,82,85,82,86,86,86,88,78,83,85,88,82,83,84,85,77,81,86,83,81,79,87,82,82,82,90,87,84,81,82,85,87,87,0.1,0.4,0.8,0.1,0.7,0.8,1.4,0.3,0,0.5,0.3,0.3,0,1.4,0,0.8,3.5,1.4,0,0,0,0.9,0.4,0.3,0.6,0,0.5,0.1,0,2.7,0.1,0.2,0.1,1.4,0.1,0.1,1,2.1,0,0,3.6,3.3,3.3,5.8,4.2,3.3,2.5,2.9,10.7,3.4,3.4,2.9,4,2.9,5.9,3.3,2.8,4.6,5.4,5.6,5.4,4.6,3,4.4,8.4,4.3,2.2,3.6,4,1.3,4,4.7,3.6,7.6,3.2,6.2,5.4,1.8,7.6,3.6,,,,,,,,,,,,,,,,,,,,,,,,,,,,,,,,,,,,,,,,,29.4,30.3,28.9,29.4,29.1,28.9,29.6,29.4,29,28.9,29,29,29.2,29.6,29.7,29.6,29.8,30,29.3,28.7,29.5,29.3,28.9,29.3,28.8,29.7,29.3,29.1,29.9,29,29.6,80,71,85,81,83,84,78,80,82,82,81,82,80,77,78,81,76,76,80,80,78,81,80,82,83,77,83,83,75,81,79,0,0,0.1,0,0,0,0,0,0,0,0.6,0,0,0,0,0.1,0,0.1,0,0,0,0,0.7,0,0,0,0,0.6,0,0,0.1,13.6,12.9,15.4,12.2,14.9,10.8,8.3,8.7,21,9.7,10.4,11.3,15.6,13.2,12.8,15,10.9,7.9,12.4,5.8,13.4,14.3,21,14.5,13.3,14,12.7,18.9,10.9,16.4,9.5,15.8,14.4,19.4,14.8,18.4,12.6,10.4,10.8,23.8,12.2,12.2,12.6,20.9,15.1,15.1,18,12.2,9.4,14.8,7.2,15.8,17.3,30.2,17.3,18.7,16.2,15.1,27.4,13,20.5,10.4,,,,,,22.2204,114.2127
2026-08-17T21:00,28.9,28.7,27.5,29.1,29.1,29.1,29.8,29.6,29.3,28.9,28.3,28.5,28.1,28.2,30.4,28.8,29.7,28.3,29.3,28.3,28.5,28.5,30.6,30.2,28.8,29.6,29.7,29.6,28.6,30.1,30.5,29.8,27.8,28.3,28.8,29.4,29.2,28.6,28.8,28.8,85,86,89,84,86,84,83,85,87,84,88,88,89,90,80,85,87,90,84,84,85,88,79,83,87,85,83,80,89,83,84,83,91,89,86,84,85,87,89,89,0,0.1,0.1,0,0,0,0.5,0.6,0,0.2,0,0,0,0,0,0,0.5,1.1,0,0,0,0,0.3,0.5,0.8,0,2.1,0.5,0,0.6,1.8,0,0.2,0.1,0.4,0.1,0,0.2,0,0,3.3,3.1,3.3,4.8,3.9,3.3,2,2.3,9.3,3.7,3.1,2.7,3.3,2.3,5.9,3.1,2.9,3.8,4.6,5,4.8,4.3,3.1,3.8,7.6,3.6,1.8,3.6,3.6,1.1,4,4.5,3.2,6.5,3.1,5.8,5.1,1.8,6.5,3.3,,,,,,,,,,,,,,,,,,,,,,,,,,,,,,,,,,,,,,,,,29.3,30,28.8,29.2,29,28.8,29.4,29.2,28.7,28.8,28.9,28.8,29,29.3,29.5,29.5,29.6,29.7,29.1,28.7,29.3,29.1,28.8,29.1,28.7,29.5,29.1,29,29.6,28.8,29.5,81,72,86,83,84,84,79,81,84,83,82,83,81,78,79,82,77,78,81,80,78,82,80,83,84,78,84,84,77,82,79,0,0,0.8,0,0,0.3,0,0,0,0.2,0.8,0,0.3,0,0,0,0.2,0,0.1,0,0,0,1.1,0,0,0,0,2.1,0,0.1,0,12.5,12.4,14.3,11.5,14,9.4,7.3,8.3,21.3,9.7,8.8,10.1,15.4,13.2,11.8,13.8,9.3,7.1,12.5,7.3,13.2,13.5,19.6,13.3,12,13.3,11.5,18.2,9.2,15.6,8.4,14.8,14.4,18,14,17.3,10.8,10.4,10.4,25.2,11.9,10.4,11.5,20.9,15.1,13.7,16.6,10.8,8.6,15.8,8.6,15.8,16.2,27.4,15.5,16.6,15.8,14,26.3,11.5,19.8,9.4,,,,,,22.2204,114.2127
2026-08-17T22:00,28.5,28.3,27.3,28.7,28.8,28.8,29.4,29.1,29.1,28.6,28,28.2,27.7,28,30,28.5,29.6,28,29.1,28.2,28.4,28.2,29.9,29.6,28.6,29.4,29.1,29.2,28.3,29.8,30.1,29.5,27.7,28.1,28.5,29,28.8,28.3,28.5,28.5,87,88,91,87,88,85,84,87,88,85,90,89,92,92,83,87,88,91,85,86,87,90,82,84,88,87,85,82,91,84,86,85,91,89,88,86,87,89,90,91,0,0.1,0.1,0,0,0,0.5,0.6,0,0.2,0,0,0,0,0,0,0.5,1.1,0,0,0,0,0.3,0.5,0.8,0,2.1,0.5,0,0.6,1.8,0,0.2,0.1,0.4,0.1,0,0.2,0,0,2.6,2.7,3.1,4.2,3.4,3.1,1,1.6,7.2,3.4,3.1,2.6,2.7,1.6,5.1,2.3,2.7,2.5,3.6,4.2,4.4,3.8,3.4,2.9,6.5,3,1.6,3.6,3.3,1.8,4,4.3,2.5,5.4,2.8,4.7,4.7,2.3,5.4,3.1,,,,,,,,,,,,,,,,,,,,,,,,,,,,,,,,,,,,,,,,,29.2,29.7,28.8,29.1,28.9,28.8,29.3,29.1,28.5,28.7,28.9,28.8,28.9,29.1,29.4,29.4,29.5,29.5,29,28.6,29.3,29,28.8,29,28.7,29.4,28.9,28.9,29.4,28.7,29.4,81,73,86,84,84,84,79,81,85,83,82,83,81,80,79,82,78,79,83,80,79,83,81,84,84,78,85,85,78,83,80,0,0,0.8,0,0,0.3,0,0,0,0.2,0.8,0,0.3,0,0,0,0.2,0,0.1,0,0,0,1.1,0,0,0,0,2.1,0,0.1,0,12,11.9,12.8,11.4,13.3,8.4,7.9,8.5,20.5,9.2,7.4,9.2,15.9,13.2,10.5,12.5,7.9,5.9,13.6,9,13.3,12.7,17.9,11.6,10.5,12.9,10.6,18,7.5,14.8,7.6,14.4,13.7,15.8,13.7,16.6,10.1,10.8,10.1,25.2,11.2,8.6,10.4,21.2,15.1,11.9,15.1,9.4,7.9,17.6,10.4,15.8,15.1,23.8,13.7,14,15.5,13,25.2,9.4,19.1,9,,,,,,22.2204,114.2127
2026-08-17T23:00,28.3,28,27.1,28.4,28.5,28.5,29,28.7,29,28.3,27.7,28,27.4,27.8,29.7,28.2,29.5,27.8,29,28,28.3,27.9,29.3,28.9,28.4,29.2,28.5,28.7,28.1,29.4,29.6,29.2,27.6,28.1,28.3,28.7,28.4,28.1,28.4,28.2,89,90,92,89,89,87,85,89,89,87,91,91,93,93,86,89,89,92,87,87,88,92,84,85,88,88,87,83,92,85,88,87,92,90,89,88,89,90,91,93,0,0.1,0.1,0,0,0,0.5,0.6,0,0.2,0,0,0,0,0,0,0.5,1.1,0,0,0,0,0.3,0.5,0.8,0,2.1,0.5,0,0.6,1.8,0,0.2,0.1,0.4,0.1,0,0.2,0,0,2.3,2.4,2.9,3.3,3.3,2.9,0.4,1.1,5.1,3.3,3.1,2.5,2.3,1.3,4.7,1.8,3.1,1.3,2.6,4.1,4.3,3.3,3.3,3.6,5.1,2.3,1.3,3.6,3.3,2.5,4.1,4.7,2.3,3.6,2,4,4.3,1.9,4,2.5,,,,,,,,,,,,,,,,,,,,,,,,,,,,,,,,,,,,,,,,,29.1,29.5,28.8,29,28.8,28.8,29.2,29,28.3,28.7,28.9,28.7,28.7,28.9,29.2,29.3,29.4,29.3,28.9,28.6,29.2,28.8,28.8,28.9,28.7,29.3,28.8,28.8,29.2,28.7,29.3,82,74,86,85,85,84,80,82,86,84,82,84,81,81,80,82,79,80,84,80,79,84,81,85,84,78,86,85,79,83,80,0,0,0.8,0,0,0.3,0,0,0,0.2,0.8,0,0.3,0,0,0,0.2,0,0.1,0,0,0,1.1,0,0,0,0,2.1,0,0.1,0,11.4,10.9,11.5,10.9,13,8,8.8,8.4,20.1,9.2,5.9,8.6,15.9,12.6,9.6,11.3,6.9,4.7,14.2,10.3,13.2,12,15.5,10.8,9.2,12.3,10.2,17.8,5.6,13.7,7.3,13.7,13,14.4,13,16.2,9.4,11.2,9.7,25.6,11.2,7.2,9.7,21.2,14.8,11.5,14,8.6,7.2,18.7,11.9,15.8,14.4,20.2,12.6,11.9,14.8,12.2,24.8,7.6,18,8.6,,,,,,22.2204,114.2127
2026-08-18T00:00,28,27.8,27,28.2,28.3,28.3,28.7,28.3,29.1,28.1,27.5,27.9,27.2,27.8,29.3,28.1,29.5,27.7,28.9,27.9,28.2,27.6,28.6,28.4,28.4,29,28,28.3,28,29.1,29.3,28.9,27.5,28.1,28.1,28.4,28.2,27.9,28.3,28,90,91,93,91,90,88,86,91,88,88,92,91,95,94,88,91,89,92,88,89,88,94,86,86,87,89,88,85,94,85,89,88,93,89,90,90,91,90,92,94,0,0.1,0.1,0,0,0,0.5,0.6,0,0.2,0,0,0,0,0,0,0.5,1.1,0,0,0,0,0.3,0.5,0.8,0,2.1,0.5,0,0.6,1.8,0,0.2,0.1,0.4,0.1,0,0.2,0,0,2.2,2.3,3.1,2.8,3,2.4,1.6,1.3,4.1,2.9,3.1,2.5,2,1.1,4.3,1.6,2.6,0.7,1.9,4.2,4,2.9,3.6,5.6,4,1.9,1.1,3.3,3,3.3,4,4.9,2.5,2.4,1.8,2.9,3.6,1.9,2.6,2.3,,,,,,,,,,,,,,,,,,,,,,,,,,,,,,,,,,,,,,,,,28.9,29.3,28.8,28.8,28.7,28.7,29,28.8,28.1,28.6,28.8,28.5,28.6,28.7,28.9,29.1,29.3,29.1,28.7,28.5,29,28.7,28.7,28.8,28.7,29.2,28.6,28.8,29,28.6,29.2,83,75,85,85,86,84,81,83,87,84,82,84,82,82,81,83,79,81,85,81,80,85,81,85,84,78,87,85,79,83,81,0.1,0,0.7,0.7,0,1.4,0,0.2,0.1,0.3,0.3,0,0.1,0,0.4,0.1,0.2,0.1,0.2,0.2,0,0.2,3.1,0.6,0.1,0.1,0,1,0.2,0.1,0.1,10.7,9.3,10.6,9.7,12.7,7.7,8.5,7.6,20.5,9.7,4.6,8.6,15.1,11.2,10.5,10.5,7.9,3.3,13.7,10.8,13.1,12,12.4,10.9,8.4,11.1,10.2,18,4.6,12.2,7.5,13.3,11.5,13.7,12.2,15.8,9,10.4,8.6,25.9,11.9,6.8,10.1,19.8,13.3,12.6,13,10.1,6.1,18.7,12.2,15.8,14.4,16.6,13,11.2,13.3,11.5,26.3,6.5,15.8,8.6,,,,,,22.2204,114.2127
2026-08-18T01:00,27.8,27.6,26.9,28,28.1,28.1,28.4,27.9,29.1,27.9,27.4,27.8,27.1,27.8,29,28,29.5,27.7,28.9,27.8,28.2,27.5,28.1,27.9,28.3,28.9,27.5,28,27.8,28.8,29,28.6,27.4,28.2,27.9,28.1,28,27.8,28.3,27.9,91,92,94,92,91,89,86,92,88,88,93,92,96,95,90,92,90,91,88,90,89,95,87,87,87,89,90,86,94,86,90,89,93,89,91,91,92,91,92,95,0,0.1,0.1,0,0,0,0.5,0.6,0,0.2,0,0,0,0,0,0,0.5,1.1,0,0,0,0,0.3,0.5,0.8,0,2.1,0.5,0,0.6,1.8,0,0.2,0.1,0.4,0.1,0,0.2,0,0,2.3,1.8,3,2.4,2.5,2.3,2.8,1.8,4.1,2.5,2.8,2.5,1.9,1.8,3.7,1.4,2.5,2.3,1.1,4.6,4.2,2.7,3.5,7.5,2.9,1.5,1.4,3.3,2.7,4,4.1,5.4,2.9,1.6,1.5,1.8,3.3,1.9,1.3,1.9,,,,,,,,,,,,,,,,,,,,,,,,,,,,,,,,,,,,,,,,,28.7,29.1,28.8,28.6,28.6,28.6,28.7,28.5,27.9,28.6,28.7,28.4,28.4,28.5,28.5,29,29.1,28.9,28.5,28.3,28.8,28.5,28.7,28.8,28.6,29.1,28.4,28.7,28.9,28.5,29,83,76,82,85,86,83,83,84,87,84,81,85,82,83,83,84,80,81,86,83,80,87,82,84,84,77,88,84,79,84,81,0.1,0,0.7,0.7,0,1.4,0,0.2,0.1,0.3,0.3,0,0.1,0,0.4,0.1,0.2,0.1,0.2,0.2,0,0.2,3.1,0.6,0.1,0.1,0,1,0.2,0.1,0.1,10.4,7.4,10.2,8.9,12.2,7.3,7.9,6.5,21.5,10.5,4.3,9.2,14.2,9.7,13.1,9.8,9.7,2.8,13.2,10.5,12.8,12.1,9.3,11.3,7.9,9.5,10,18.6,4.2,10.2,7.8,12.6,9.4,13.3,11.9,15.8,9,9.7,7.2,26.6,13.3,6.5,11.2,17.6,11.5,14.8,12.2,12.2,5,18,11.9,16.2,14.8,13,13.7,11.2,11.5,11.2,28.4,6.1,13,9,,,,,,22.2204,114.2127
2026-08-18T02:00,27.7,27.5,26.9,27.9,28,28,28.2,27.7,29.1,27.7,27.3,27.7,27.1,27.8,28.7,27.9,29.3,27.6,28.8,27.8,28.1,27.4,27.8,27.5,28.3,28.8,27.2,27.7,27.7,28.6,28.8,28.5,27.3,28.2,27.8,27.9,27.8,27.7,28.2,27.8,92,92,94,93,91,90,87,93,87,89,94,92,96,95,91,92,90,91,89,90,89,96,88,87,87,90,91,87,95,86,91,90,93,88,91,92,93,91,92,95,0,0.1,0.1,0,0,0,0.5,0.6,0,0.2,0,0,0,0,0,0,0.5,1.1,0,0,0,0,0.3,0.5,0.8,0,2.1,0.5,0,0.6,1.8,0,0.2,0.1,0.4,0.1,0,0.2,0,0,2.4,1.6,3.3,2.2,2.5,2.2,3.6,2.4,5,2.6,2.6,2.5,1.8,2.3,3.8,1.5,2.5,3.5,1.1,4.8,4.5,2.6,3.3,8.8,2.6,1.3,1.8,3.3,2.6,4.3,3.8,5.6,3.4,2.2,1.4,0.7,2.5,1.9,0.5,2.2,,,,,,,,,,,,,,,,,,,,,,,,,,,,,,,,,,,,,,,,,28.6,29,28.8,28.5,28.5,28.5,28.5,28.3,27.8,28.6,28.7,28.3,28.3,28.3,28.2,28.9,29,28.8,28.4,28.1,28.6,28.4,28.6,28.8,28.6,29.1,28.3,28.7,28.8,28.5,28.9,84,77,81,85,87,83,84,85,87,84,81,85,83,84,84,84,80,81,87,85,81,88,82,83,84,77,89,84,79,84,82,0.1,0,0.7,0.7,0,1.4,0,0.2,0.1,0.3,0.3,0,0.1,0,0.4,0.1,0.2,0.1,0.2,0.2,0,0.2,3.1,0.6,0.1,0.1,0,1,0.2,0.1,0.1,9.3,5.8,9.2,8.8,11.7,6.9,7.3,5.4,22.4,10,5.1,9.7,14.1,7.9,15.6,9,11.1,5,12.1,10.7,12.3,11.7,5.8,11.6,7.7,7.9,9.6,19.1,5.8,7.9,7.7,11.9,7.6,12.2,11.2,15.5,9,9,6.1,27.4,13.3,6.5,11.5,16.9,9.4,17.3,11.2,13.7,6.1,16.9,12.6,15.5,14.8,11.2,14,10.8,9.7,11.2,29.9,7.2,10.1,9.4,,,,,,22.2204,114.2127
2026-08-18T03:00,27.7,27.4,26.9,27.8,27.9,27.9,28,27.4,29.1,27.6,27.2,27.7,27.1,27.8,28.5,27.9,29.1,27.6,28.7,27.9,28.1,27.4,27.5,27.3,28.2,28.6,27,27.5,27.6,28.4,28.7,28.4,27.3,28.3,27.7,27.7,27.7,27.7,28.2,27.7,92,92,94,94,91,91,88,93,86,89,94,92,96,95,91,92,90,91,89,89,89,96,89,87,87,90,92,88,95,86,91,90,93,87,91,93,94,91,92,95,0.1,0,0.7,0.1,0.5,0,0.4,0.3,0,0.4,0,0.1,0,0,0.4,0,2.1,0.2,2.2,0,0.7,0,0.6,0.2,0,0.1,1.6,0.4,0.6,1.1,0,0.3,0,0,0.3,0.5,0,0.4,0,0.7,2.9,1.4,3.6,2.2,2.2,2.2,4.1,2.9,5.8,2.7,2.1,2.6,1.8,2.8,3.9,1.9,2.2,4.5,1.3,5.1,4.9,2.9,3.2,8.7,2.9,1.6,2.3,3.3,2.3,4.3,3.5,5.8,3.8,2.7,1.9,0.5,1.9,1.9,0.5,2.5,,,,,,,,,,,,,,,,,,,,,,,,,,,,,,,,,,,,,,,,,28.4,28.8,28.7,28.4,28.4,28.4,28.4,28.2,27.7,28.5,28.6,28.1,28.1,28.2,28,28.8,28.8,28.6,28.3,27.9,28.5,28.3,28.4,28.8,28.6,29,28.3,28.6,28.7,28.3,28.8,85,78,81,85,87,83,84,86,87,84,81,86,84,84,85,83,81,82,87,86,82,88,82,82,84,77,89,84,79,85,83,0.1,0,0,0.1,0,0.5,0.9,0.1,0,0,0.2,0,0.1,0.2,0.2,1,0,0.8,0.2,0.4,0,0.4,2.5,0.7,0,0,0.1,1.3,0.2,0,1.1,7.9,4,7.7,8.2,10.7,6.5,6.7,4.3,23.1,7.5,4.6,9.2,14.9,5.9,17.5,7.7,10.7,10.1,11.1,12,10.9,10.7,3.9,11,7.4,6.8,9.7,19.7,9.1,5.4,8,10.1,5.4,9.7,10.4,14,8.6,8.6,5.4,28.4,11.2,5.8,10.8,18,7.2,19.4,9.4,13.3,11.5,15.1,15.1,14,13.3,11.5,13.3,10.1,8.3,11.5,30.2,10.8,7.2,9.4,,,,,,22.2204,114.2127
2026-08-18T04:00,27.6,27.4,26.9,27.7,27.9,27.8,27.9,27.2,29.1,27.5,27.2,27.7,27.2,27.9,28.2,28,28.7,27.5,28.6,28.1,28,27.4,27.3,27.2,28,28.5,26.9,27.4,27.6,28.3,28.8,28.3,27.4,28.4,27.7,27.5,27.7,27.6,28.1,27.6,92,92,94,94,91,91,88,93,86,90,94,91,96,94,91,91,90,91,90,88,88,96,89,87,88,91,92,88,95,87,91,90,92,86,91,93,94,91,92,94,0.1,0,0.7,0.1,0.5,0,0.4,0.3,0,0.4,0,0.1,0,0,0.4,0,2.1,0.2,2.2,0,0.7,0,0.6,0.2,0,0.1,1.6,0.4,0.6,1.1,0,0.3,0,0,0.3,0.5,0,0.4,0,0.7,3.2,1.6,4.3,2.3,2.4,1.8,4.4,3.5,6.2,2.8,1.5,2.7,1.9,3.4,4.2,2.9,2.1,5.5,2,5.4,5.6,3.2,2.7,8.3,3.6,1.5,2.3,3.4,2.6,4.3,3.6,6.2,4.4,3.5,2.9,1.5,1.1,2.1,1.6,3.1,,,,,,,,,,,,,,,,,,,,,,,,,,,,,,,,,,,,,,,,,28.3,28.7,28.6,28.4,28.4,28.3,28.3,28.1,27.6,28.4,28.5,28,28,28.2,27.8,28.8,28.7,28.4,28.3,27.8,28.4,28.2,28.2,28.8,28.5,28.9,28.3,28.6,28.5,28.2,28.6,86,79,82,85,87,82,84,86,86,85,82,87,84,84,85,82,82,82,86,87,83,88,83,82,83,78,88,84,80,85,83,0.1,0,0,0.1,0,0.5,0.9,0.1,0,0,0.2,0,0.1,0.2,0.2,1,0,0.8,0.2,0.4,0,0.4,2.5,0.7,0,0,0.1,1.3,0.2,0,1.1,6.5,2.5,5.7,7.6,10,5.8,6.6,3.6,23.4,4.2,3.4,8,16.5,4.1,18.5,6.1,9.8,16.2,9.8,14.5,9.4,9.2,5.4,10.4,7.1,6,10.5,19.9,13.6,3.1,7.9,7.9,3.2,6.8,9.7,12.2,7.9,8.6,5,29.9,7.6,5,9.7,20.2,5,22,7.6,11.9,19.4,13,18,11.5,11.5,13.3,12.2,9.7,6.8,12.2,30.2,16.2,4.3,9.7,,,,,,22.2204,114.2127
2026-08-18T05:00,27.7,27.4,26.9,27.7,28,27.8,27.8,27.1,29.1,27.5,27.3,27.8,27.4,28,28,28.1,28.3,27.6,28.4,28.3,28,27.5,27.2,27.2,27.9,28.4,26.8,27.3,27.6,28.2,28.9,28.2,27.5,28.6,27.7,27.3,27.8,27.6,28.1,27.5,91,92,93,94,90,91,89,93,85,90,94,89,95,93,90,89,90,91,90,87,88,95,89,87,89,90,92,89,95,87,91,89,91,84,90,93,94,91,91,93,0.1,0,0.7,0.1,0.5,0,0.4,0.3,0,0.4,0,0.1,0,0,0.4,0,2.1,0.2,2.2,0,0.7,0,0.6,0.2,0,0.1,1.6,0.4,0.6,1.1,0,0.3,0,0,0.3,0.5,0,0.4,0,0.7,3.5,2.1,4.8,2.4,2.3,1.9,4.6,4,6.2,3.1,0.8,2.9,2,4.2,4.9,3.7,2,6,2.5,5.8,6.1,3.6,3.3,7.1,4.6,1.9,2.7,3.2,2.9,4.5,4.2,6.4,4.4,4,3.9,3.1,1.6,2.1,2.7,3.9,,,,,,,,,,,,,,,,,,,,,,,,,,,,,,,,,,,,,,,,,28.3,28.7,28.5,28.4,28.4,28.3,28.3,28.1,27.6,28.4,28.5,28,28,28.2,27.8,28.8,28.6,28.2,28.3,27.7,28.4,28.2,28,28.9,28.6,28.9,28.3,28.6,28.4,28.2,28.6,86,79,82,84,87,82,84,86,85,85,82,87,84,84,85,81,82,83,85,88,84,87,83,81,83,78,87,83,80,85,83,0.1,0,0,0.1,0,0.5,0.9,0.1,0,0,0.2,0,0.1,0.2,0.2,1,0,0.8,0.2,0.4,0,0.4,2.5,0.7,0,0,0.1,1.3,0.2,0,1.1,4.9,1.8,3.8,7.1,8.9,5.1,6.8,3.8,23.7,2.8,2.7,7.4,17.9,2.3,19.5,5,8,21,8.8,16.7,7.5,8,8.2,8.9,6.6,4.6,11.9,19.1,17,1.6,8.3,6.1,2.2,5,9,10.8,7.2,9.4,5.8,31,6.1,5,9,22.3,3.6,24.1,6.5,10.1,25.9,11.2,20.5,9.4,10.1,15.5,10.8,9,6.1,13.7,28.8,20.9,2.5,10.4,,,,,,22.2204,114.2127
2026-08-18T06:00,27.8,27.5,27,27.8,28,27.9,27.8,27,29.2,27.5,27.4,28,27.6,28.2,27.9,28.3,27.9,27.7,28.3,28.6,28,27.7,27.3,27.3,27.9,28.3,26.8,27.2,27.6,28.1,29.1,28.3,27.6,28.8,27.8,27.2,27.9,27.7,28.2,27.5,90,91,92,93,89,91,89,92,83,89,93,88,93,92,89,88,90,90,90,85,87,94,88,87,89,90,92,89,94,87,90,89,90,82,89,92,94,90,91,92,0.1,0,0.7,0.1,0.5,0,0.4,0.3,0,0.4,0,0.1,0,0,0.4,0,2.1,0.2,2.2,0,0.7,0,0.6,0.2,0,0.1,1.6,0.4,0.6,1.1,0,0.3,0,0,0.3,0.5,0,0.4,0,0.7,3.8,2.7,5.5,2.9,2.5,2.1,4.9,4.5,6.5,3.1,1.1,3.2,2.3,4.7,5.4,4.5,2.4,6.7,3.1,6.2,6.6,4.4,3.9,6.6,5.5,1.9,2.7,3.2,3.8,4.2,5.2,6.9,4.7,4.3,4.9,4.3,2.5,2.3,4.1,4.9,,,,,,,,,,,,,,,,,,,,,,,,,,,,,,,,,,,,,,,,,28.4,28.8,28.6,28.5,28.5,28.4,28.4,28.2,27.8,28.4,28.5,28,28,28.3,27.8,29,28.6,28.1,28.3,27.7,28.4,28.3,28,28.9,28.6,29,28.2,28.8,28.3,28.3,28.6,85,78,81,83,86,82,84,85,84,84,82,86,83,83,84,80,82,84,84,88,84,86,83,80,83,77,87,82,80,84,83,0.1,0,0.3,0.1,0,0.2,0.2,0.1,0.6,0.2,0.4,0,0,0.2,0.6,0,0.1,0.1,0,0.5,0,0,1.8,0.1,0,0,0.3,0.2,0.3,0,2,3.7,2.9,3.1,6.5,8.2,3.8,8,5.5,23.4,5.1,3.2,7.8,18.9,1.1,20.3,4.6,5.8,22.8,7.5,17.2,5.7,6.5,11.7,6.9,6,3.2,13.6,17.1,19.1,1.8,9.1,4.3,3.2,4.7,8.3,9.7,6.1,10.8,7.6,31.3,7.9,5.4,9.4,24.1,3.2,26.3,6.1,7.9,29.5,9.7,21.6,6.8,8.6,18.4,8.6,8.3,6.5,15.8,25.2,24.1,2.5,11.9,,,,,,22.2204,114.2127
2026-08-18T07:00,27.9,27.7,27.1,27.9,28.1,28,27.9,27,29.3,27.7,27.6,28.2,27.9,28.4,27.8,28.5,27.7,27.9,28.3,28.9,28.1,28,27.4,27.5,28.1,28.3,26.9,27.2,27.7,28.1,29.3,28.4,27.7,29,27.9,27.2,28.1,27.8,28.3,27.6,88,90,91,92,88,91,88,91,81,89,92,86,92,90,87,86,89,89,89,83,85,93,87,86,88,90,92,88,93,87,89,87,89,80,88,91,93,89,89,90,0.1,0,0.7,0.1,0.5,0,0.4,0.3,0,0.4,0,0.1,0,0,0.4,0,2.1,0.2,2.2,0,0.7,0,0.6,0.2,0,0.1,1.6,0.4,0.6,1.1,0,0.3,0,0,0.3,0.5,0,0.4,0,0.7,4.4,3.1,6.3,3.2,2.8,2.3,4.7,4.7,6.5,3.6,1.8,3.7,2.3,5.7,6.1,5.2,2.6,7.5,3.6,6.3,7.1,5.1,4.5,6.1,6.3,2.4,3.1,3.7,4.3,4.2,5.6,6.9,4.7,4.9,5.9,5.1,3.3,2.6,5.1,5.9,,,,,,,,,,,,,,,,,,,,,,,,,,,,,,,,,,,,,,,,,28.6,28.9,28.7,28.6,28.6,28.5,28.5,28.3,28,28.5,28.6,28.1,28.1,28.5,28,29.1,28.7,28,28.5,27.8,28.6,28.4,27.9,29,28.7,29.1,28.2,29.1,28.3,28.5,28.7,84,75,80,82,84,82,84,84,82,82,81,85,82,81,82,78,82,84,83,87,84,85,83,80,82,75,87,80,80,82,82,0.1,0,0.3,0.1,0,0.2,0.2,0.1,0.6,0.2,0.4,0,0,0.2,0.6,0,0.1,0.1,0,0.5,0,0,1.8,0.1,0,0,0.3,0.2,0.3,0,2,2.5,5.4,4.2,5.9,7.4,2.8,10.1,8,22.7,9.1,4.4,9,20.1,2.3,20.9,5.2,3,23.3,6.3,16.9,3.6,5.6,15.5,4.6,5.7,5.4,15.6,14.3,20.6,2.5,10.9,2.9,5.8,5.4,7.9,9,4.7,12.6,10.1,31.3,11.2,6.5,10.4,25.9,4,28.1,6.5,5.4,31.7,8.3,21.6,4.3,7.6,21.6,6.1,7.2,7.6,18.4,20.2,26.6,3.2,14,,,,,,22.2204,114.2127
2026-08-18T08:00,28.1,27.9,27.3,28.1,28.3,28.1,28.1,27.2,29.6,27.9,27.8,28.4,28.2,28.6,27.9,28.7,27.7,28.2,28.4,29.2,28.3,28.2,27.8,27.8,28.5,28.3,27,27.3,27.9,28.3,29.6,28.6,27.8,29.2,28.1,27.3,28.4,28,28.5,27.9,87,88,90,91,87,90,87,89,79,87,91,84,90,88,86,84,88,87,88,81,84,91,85,85,86,89,91,88,91,86,87,86,88,79,87,90,91,88,88,88,0.1,0,0.7,0.1,0.5,0,0.4,0.3,0,0.4,0,0.1,0,0,0.4,0,2.1,0.2,2.2,0,0.7,0,0.6,0.2,0,0.1,1.6,0.4,0.6,1.1,0,0.3,0,0,0.3,0.5,0,0.4,0,0.7,5.4,3.4,7.3,3.8,3.1,2.7,5.3,4.6,6.8,3.6,2.5,4.2,2.6,6.3,6.7,6.2,2.7,8.1,4.5,6.6,7.7,5.8,5.2,6.2,7.3,2.7,3.4,4,5.2,4.6,6,7.2,4.9,5.1,6.5,5.6,4.1,2.9,6.1,6.7,,,,,,,,,,,,,,,,,,,,,,,,,,,,,,,,,,,,,,,,,28.9,29.1,28.9,28.8,28.9,28.7,28.6,28.4,28.2,28.6,28.8,28.3,28.3,28.7,28.2,29.4,28.9,28,28.7,28,28.8,28.6,27.9,29.2,28.9,29.3,28.2,29.4,28.4,28.9,28.8,82,74,78,81,82,81,83,83,81,81,80,84,81,80,81,77,81,84,81,86,82,83,83,79,81,74,86,79,80,80,81,0.1,0,0.3,0.1,0,0.2,0.2,0.1,0.6,0.2,0.4,0,0,0.2,0.6,0,0.1,0.1,0,0.5,0,0,1.8,0.1,0,0,0.3,0.2,0.3,0,2,2.5,7.6,6.2,6.8,6.6,3.7,12.2,10.6,22.6,12.8,6.6,10.1,21.3,4.7,21.8,6.7,0.4,23.8,5.8,16.8,2.1,6.4,18.5,4.4,5.8,8.6,17.3,12,21.9,3.3,13.3,2.9,8.6,6.8,8.3,8.3,4.3,14.4,13,31.7,15.1,8.3,11.2,27.7,5.8,29.5,7.9,4.7,33.1,7.6,22,2.9,7.6,24.1,5,7.2,9.4,20.9,16.6,28.4,4.3,16.6,,,,,,22.2204,114.2127
2026-08-18T09:00,28.5,28.4,27.6,28.5,28.5,28.4,28.5,27.7,30.2,28.4,28.2,28.9,28.7,29,28.1,29.1,28,28.7,28.7,29.6,28.6,28.6,28.4,28.3,29.4,28.3,27.2,27.5,28.3,28.6,29.9,29,28,29.4,28.4,27.7,29,28.3,28.8,28.4,85,86,88,88,85,88,84,86,76,84,89,82,87,85,84,82,86,84,86,79,82,89,82,83,81,88,90,87,89,84,85,84,87,78,85,88,88,86,86,85,0.2,0.2,0.1,0.1,0,0,0.3,0.2,0,0,0,0,0,0,0.5,0,0.4,0,0.1,0.3,0.3,0,0.1,0.1,0,0.3,0.4,0.3,0.7,0.1,0.3,0,0.6,0.1,0.2,0.5,0.2,0.5,0.1,0.1,6.8,3.6,8.7,5.1,3.5,3.6,6.2,4.6,7.8,4,3.4,5.4,3.3,7.2,7.7,7.1,2.8,8.9,5.6,7,8.5,6.8,5.6,6.1,8.1,3.1,3.7,4.6,5.8,5.1,5.6,7.3,5,5.8,7.2,5.5,4.4,3.5,7.2,7.6,,,,,,,,,,,,,,,,,,,,,,,,,,,,,,,,,,,,,,,,,29.3,29.3,29.2,29.1,29.4,29.1,28.7,28.6,28.4,28.7,28.9,28.6,28.5,28.8,28.4,29.6,29.3,28,29.1,28.2,29.4,28.9,27.7,29.5,29.3,29.4,28.5,29.7,28.5,29.4,28.9,80,74,77,80,79,78,82,82,80,80,79,82,80,79,80,76,78,84,79,84,78,81,84,77,79,74,84,78,80,77,80,0,0,0,0,0,0.1,0,0,0.1,0.2,0.2,0,0,0,0.1,0,0,0,0,0,0,0,0.8,0,0,0,0.1,0,0,0,0.3,5.4,10.1,8.8,9.7,5.7,5.2,14.3,14,23.7,17.3,10.2,10.8,23.2,9,22.9,9.4,4.1,25.1,6.3,18,2.7,8.7,19.7,6.8,6.5,11.5,19.1,11,23.2,4.3,16.3,5.8,11.5,9,10.8,7.2,5.4,16.6,16.2,32.4,19.8,12.2,11.5,29.9,10.1,31,10.4,6.5,34.6,7.6,23,3.2,9.4,25.6,6.8,7.9,12.2,23,15.5,29.5,5.4,19.8,,,,,,22.2204,114.2127
2026-08-18T10:00,29,29,28.1,29.1,28.8,28.9,29.3,28.5,31,29.2,28.7,29.5,29.2,29.5,28.6,29.6,28.6,29.5,29.2,30.1,29.2,29.2,29.4,29,30.7,28.5,27.5,27.8,28.8,29.1,30.4,29.6,28.3,29.8,28.9,28.3,29.8,28.8,29.4,29.2,83,82,86,85,83,85,80,83,71,80,86,79,84,82,82,79,83,80,83,76,79,85,78,80,75,86,89,86,85,82,81,81,86,77,83,84,83,83,82,81,0.2,0.2,0.1,0.1,0,0,0.3,0.2,0,0,0,0,0,0,0.5,0,0.4,0,0.1,0.3,0.3,0,0.1,0.1,0,0.3,0.4,0.3,0.7,0.1,0.3,0,0.6,0.1,0.2,0.5,0.2,0.5,0.1,0.1,9.1,4.8,10.4,7.2,4.7,5.4,7.4,5,9,5.1,5,7.2,5.2,8.6,9,8.4,3.2,10,7.6,8.2,10,8,6,6,9.4,3.5,4.3,5.9,6.4,5.9,5.9,7.6,5.9,6.8,7.9,5.6,4.9,4.9,8.2,8.9,,,,,,,,,,,,,,,,,,,,,,,,,,,,,,,,,,,,,,,,,29.7,29.5,29.6,29.4,30.1,29.6,28.9,28.8,28.6,28.9,29.1,29,28.7,29,28.7,29.9,29.7,28.1,29.5,28.5,30,29.3,27.4,30,29.8,29.5,28.8,30,28.6,29.9,29,77,75,75,79,75,74,80,81,79,80,78,81,80,78,79,75,75,83,76,83,73,79,85,75,76,75,82,77,79,73,80,0,0,0,0,0,0.1,0,0,0.1,0.2,0.2,0,0,0,0.1,0,0,0,0,0,0,0,0.8,0,0,0,0.1,0,0,0,0.3,8.9,13.1,11.2,13.3,4.8,7.2,16.4,17.4,25.5,21.4,14.9,11.4,25.5,14,24,12.8,8.4,26.3,7.9,19.2,4.8,11.8,20.4,9.6,7.9,14.1,20.8,10.9,24.4,5.9,19.6,9.7,14.8,12.2,14.4,6.1,7.9,18.4,19.4,32.8,24.8,16.9,12.2,31.7,15.8,31.7,14,10.1,35.6,8.6,23.8,5,12.6,25.9,10.4,9.7,15.5,24.8,15.8,29.9,6.8,23.4,,,,,,22.2204,114.2127
2026-08-18T11:00,29.5,29.8,28.6,29.8,29.1,29.4,30.1,29.3,31.9,30,29.3,30.1,29.9,30.1,29.2,30.2,29.3,30.4,29.7,30.7,29.8,29.8,30.6,29.8,32.2,28.7,27.9,28.2,29.5,29.7,30.9,30.3,28.6,30.1,29.4,29.1,30.7,29.3,29.9,30,80,78,84,81,81,82,76,79,66,75,83,75,80,78,80,76,80,75,80,73,76,81,73,77,67,85,87,84,81,79,78,78,85,77,81,81,78,79,79,76,0.2,0.2,0.1,0.1,0,0,0.3,0.2,0,0,0,0,0,0,0.5,0,0.4,0,0.1,0.3,0.3,0,0.1,0.1,0,0.3,0.4,0.3,0.7,0.1,0.3,0,0.6,0.1,0.2,0.5,0.2,0.5,0.1,0.1,11.4,6.5,12.6,9.6,6.2,7.4,8.8,5.8,10.7,6.9,6.7,9.5,7.9,10.1,10.5,9.7,4.4,11.2,10.1,9.8,11.9,9.2,6.5,5.5,11.3,4.2,5.4,7.2,7.3,6.7,7,8.3,6.9,8.9,8.7,5.8,5.8,6.2,9.8,10,,,,,,,,,,,,,,,,,,,,,,,,,,,,,,,,,,,,,,,,,30,29.7,29.9,29.6,30.6,30,29,28.9,28.7,29,29.2,29.4,28.8,29.1,28.9,30.2,30,28.3,29.9,28.7,30.5,29.6,27.3,30.3,30.1,29.6,29,30.3,28.8,30.4,29.1,75,75,74,78,72,71,79,80,79,80,78,79,79,78,78,75,73,82,74,81,70,77,86,73,74,76,80,76,79,71,79,0,0,0,0,0,0.1,0,0,0.1,0.2,0.2,0,0,0,0.1,0,0,0,0,0,0,0,0.8,0,0,0,0.1,0,0,0,0.3,12.5,15.5,13.2,16.5,5.2,9.6,17.7,20.1,26.3,24.2,18.4,12.1,27.1,18.4,24.9,15.5,12.3,26.8,10.2,20.2,7.1,14.2,20.2,12.1,10.2,16.3,22,11.2,25.1,7.9,21.7,13.7,17.3,14.4,17.3,6.1,10.4,19.8,22,33.1,28.4,20.9,12.6,33.1,20.5,32.8,16.9,13.7,36,10.1,24.1,6.8,15.1,25.6,13.3,11.5,18.4,26.6,16.2,30.2,8.3,25.9,,,,,,22.2204,114.2127
2026-08-18T12:00,30,30.5,29.1,30.4,29.4,29.8,30.9,30.2,32.7,30.8,29.8,30.7,30.4,30.6,29.7,30.7,30,31.2,30.3,31.2,30.4,30.4,31.7,30.6,33.6,28.8,28.2,28.6,30.1,30.3,31.4,31,28.8,30.4,29.9,29.8,31.5,29.8,30.5,30.8,77,75,82,77,79,79,72,75,61,70,80,72,77,74,77,73,77,71,77,71,73,78,68,74,60,83,85,82,78,77,74,75,84,76,78,77,73,76,75,72,0.2,0.2,0.1,0.1,0,0,0.3,0.2,0,0,0,0,0,0,0.5,0,0.4,0,0.1,0.3,0.3,0,0.1,0.1,0,0.3,0.4,0.3,0.7,0.1,0.3,0,0.6,0.1,0.2,0.5,0.2,0.5,0.1,0.1,13.4,8.8,14.4,12.4,8.1,9.6,10.1,6.9,12.3,8.9,8.4,11.9,10.5,11.4,12.6,11.2,5.8,12.1,12.4,11.9,14.1,10.5,7.1,5,12.6,4.6,6.2,8.6,8,7.3,8.9,8.8,8.4,11,9.7,6.4,6.6,7.6,11.3,11.7,,,,,,,,,,,,,,,,,,,,,,,,,,,,,,,,,,,,,,,,,30.1,29.8,30,29.7,30.8,30.1,29.2,29.1,28.9,29.1,29.2,29.6,28.9,29.1,28.9,30.3,30,28.5,30.1,28.9,30.7,29.8,27.2,30.3,30.3,29.7,29.1,30.4,28.9,30.6,29.2,75,75,73,78,70,71,78,79,79,79,78,77,78,78,78,75,73,81,73,80,69,76,86,73,73,76,79,75,79,70,78,0,0,0,0,0,0,0,0,0,0.5,0,0,0,0,0,0.2,0,0,0,0,0,0,0.1,0.1,0,0,0.1,0,0,0,0,15.3,16.7,14.2,18.2,6.9,12.2,17,20.8,25.9,24.7,20.5,12.9,27.4,21.3,25.9,16.9,15.5,26.1,13,19.4,9.2,15.9,17.9,14,13,17.3,23.2,11.5,25.6,10.3,21.7,16.6,18.4,15.5,19.1,7.6,13.7,19.4,22.7,32.4,29.2,23,13.3,33.5,23.4,33.8,18.4,16.9,35.6,13,23,8.6,16.9,24.1,15.5,14,19.8,28.1,15.1,30.6,10.4,26.3,,,,,,22.2204,114.2127
2026-08-18T13:00,30.4,31,29.4,30.8,29.6,30.2,31.5,30.8,33.3,31.5,30.2,31.2,30.8,30.9,30.1,31.1,30.5,31.9,30.7,31.6,30.9,30.8,32.5,31.2,34.7,29,28.4,28.9,30.5,30.7,31.8,31.5,28.9,30.6,30.3,30.4,32.1,30.2,30.9,31.5,76,72,80,74,77,76,68,72,58,67,78,70,74,71,76,71,75,67,74,69,71,75,65,73,54,82,84,81,75,75,71,73,83,76,77,74,70,73,73,68,0.2,0.2,0.1,0.1,0,0,0.3,0.2,0,0,0,0,0,0,0.5,0,0.4,0,0.1,0.3,0.3,0,0.1,0.1,0,0.3,0.4,0.3,0.7,0.1,0.3,0,0.6,0.1,0.2,0.5,0.2,0.5,0.1,0.1,15.4,10.5,15.9,14.3,9.4,11.3,11.2,7.8,13.8,10.6,9.7,13.6,12.5,12.7,14,12.4,6.9,12.7,14.3,13.8,15.6,11.7,7.4,4.7,13.9,5,6.6,9.7,8.3,7.9,10.4,9.4,9.6,13.1,10.5,7.4,8,8.7,12.2,12.6,,,,,,,,,,,,,,,,,,,,,,,,,,,,,,,,,,,,,,,,,29.9,29.9,30.1,29.7,30.9,30,29.3,29.2,29,29.2,29,29.8,29,29.1,28.9,30.4,30,28.8,30.1,29.1,30.7,29.9,27.2,30.3,30.3,29.8,29.2,30.5,29,30.6,29.3,76,75,73,78,69,72,77,78,79,78,79,76,78,79,79,75,74,80,74,79,69,76,85,73,74,75,79,75,78,70,77,0,0,0,0,0,0,0,0,0,0.5,0,0,0,0,0,0.2,0,0,0,0,0,0,0.1,0.1,0,0,0.1,0,0,0,0,17.4,17.4,14.9,19.7,9.4,15.1,15.9,20.7,24.6,23.4,22,13.9,27.1,23.1,27,17.3,18.4,25.2,15.8,18.1,11.2,16.6,13.6,15.8,15.6,18.1,24.5,12.3,25.4,12.7,20.5,19.1,18.7,15.8,19.8,9.7,16.9,18.4,22.3,31.3,28.1,24.1,13.7,33.5,25.6,34.6,19.1,19.8,34.9,16.9,20.9,10.8,18,22,16.9,16.9,20.2,29.2,14,30.6,12.6,25.6,,,,,,22.2204,114.2127
2026-08-18T14:00,30.6,31.2,29.6,31,29.7,30.3,31.8,31.1,33.6,31.8,30.4,31.4,31,31.1,30.3,31.2,30.8,32.3,30.9,31.8,31,30.9,32.9,31.4,35.3,29,28.6,29.1,30.7,30.9,31.9,31.7,28.9,30.7,30.4,30.6,32.3,30.4,31,31.7,75,71,79,72,76,75,67,71,57,65,77,69,73,70,75,70,74,65,73,68,70,74,63,72,51,81,83,80,74,74,70,72,83,76,76,73,68,72,72,67,0.2,0.2,0.1,0.1,0,0,0.3,0.2,0,0,0,0,0,0,0.5,0,0.4,0,0.1,0.3,0.3,0,0.1,0.1,0,0.3,0.4,0.3,0.7,0.1,0.3,0,0.6,0.1,0.2,0.5,0.2,0.5,0.1,0.1,16.2,11.4,16.7,15.6,9.9,12.1,11.5,8.3,14,11.5,10.4,14.3,13.5,12.8,14.8,12.8,7.6,12.7,15.1,15.2,16.1,12.2,7.5,4.3,14.1,5.4,7.1,10.4,8.6,8.2,10.8,9.7,10.2,14.8,11.3,8.1,8.6,9,12.9,13,,,,,,,,,,,,,,,,,,,,,,,,,,,,,,,,,,,,,,,,,29.8,30,30.2,29.6,30.9,29.9,29.4,29.3,29.1,29.3,28.9,30,29,29.1,28.9,30.4,29.8,28.9,30.1,29.2,30.7,30,27.3,30.2,30.2,29.8,29.2,30.5,29.1,30.6,29.4,77,75,73,78,69,74,77,78,79,78,80,75,78,79,80,75,76,80,74,78,70,76,84,74,74,75,79,75,78,71,77,0,0,0,0,0,0,0,0,0,0.5,0,0,0,0,0,0.2,0,0,0,0,0,0,0.1,0.1,0,0,0.1,0,0,0,0,18.8,17.7,14.7,20,11.5,17.3,15.7,20.3,23.8,22.4,22.8,14.6,26.6,23.9,27.5,17.5,20.3,24.5,17.6,16.8,12.7,17.2,10.5,16.5,17.7,18.7,25.2,13.2,24.5,14.7,19.4,20.5,18.7,15.8,20.5,11.9,19.8,18,22,30.2,27,24.8,14.4,33.5,26.6,35.3,19.4,22.3,34.2,19.4,19.4,12.2,19.1,19.1,17.6,19.1,20.9,30.2,14,29.9,14.8,24.8,,,,,,22.2204,114.2127
2026-08-18T15:00,28.2,28.1,27.6,28.1,28.3,28.3,28.3,27.6,30,28.5,27.9,28.4,27.9,28.6,28.1,28.7,28.1,30.2,28.8,29.2,28.2,27.8,28.6,27.6,30.4,27.9,27.1,28,27.8,28.1,29.9,28.4,27,29.2,28.2,27.8,28.2,28.3,28,28.1,88,86,88,87,84,87,85,88,81,83,91,82,88,85,86,83,85,79,84,81,83,90,84,89,76,88,89,85,89,87,81,88,90,77,87,88,90,83,88,87,0,0,0,0,0,0,0.4,0.8,0,0,0,0,0,0,0.3,0,0.7,0,0,0.7,0.3,0,1,2.1,0.1,0,0,0,0.7,1,0.7,1.4,0.7,1,0.1,0,1.3,0,0.1,0.4,8.4,4.3,10.1,8.3,2.9,4.7,4,4.5,4.8,4.5,4.3,5.8,4,5.2,7.8,7.2,4.1,5.8,5.2,10.6,6.3,7.9,2.6,6.1,13,4.6,4.3,4.9,5.5,3.9,6.1,8.9,3.8,11.2,9,6.8,5.4,2.9,7.3,5.5,,,,,,,,,,,,,,,,,,,,,,,,,,,,,,,,,,,,,,,,,29.7,29.9,30.2,29.6,30.8,29.8,29.5,29.3,29.1,29.3,29,30.1,28.9,29.1,28.8,30.3,29.7,28.9,30.1,29.1,30.6,29.9,27.6,30.1,30.2,29.7,29.2,30.4,29.1,30.4,29.3,78,76,73,78,70,75,77,78,79,78,80,74,78,79,81,75,78,80,74,78,70,76,82,74,74,75,79,75,78,72,77,0,0,0,0,0,0,0,0,0,0,0,0,0,0,0,0.2,0.1,0,0,0,0,0,0,0,0,0,0,0,0,0,0,18.5,17.9,13.7,19.7,12.7,18.6,16.5,20.2,22.3,21.3,22.2,14.9,25.9,22.6,26.3,17.7,21.3,24.1,17.6,16,13.5,17.7,8.4,16,18.4,19.8,24.9,15.1,22.7,15.7,18.4,20.9,19.1,15.8,20.5,13.7,21.2,19.1,22.3,28.8,25.9,24.8,15.1,33.5,26.3,35.3,19.8,24.1,34.2,19.8,18.7,13.3,19.8,15.5,16.9,20.2,22.3,31,16.2,28.1,16.6,24.1,,,,,,22.2204,114.2127
2026-08-18T16:00,28.2,28.1,27.6,28.1,28.3,28.4,28.4,27.8,30,28.7,27.9,28.4,27.9,28.6,28.2,28.7,28.2,30.5,28.8,29.2,28.2,27.8,28.8,27.7,30.7,27.9,27.2,28.2,27.8,28.1,29.9,28.4,26.9,29.2,28.3,27.9,28.1,28.4,27.9,28.1,88,86,88,86,84,86,85,88,81,82,90,82,87,85,86,83,85,78,83,81,83,89,84,89,75,87,88,84,88,87,81,88,91,77,87,87,89,82,88,87,0,0,0,0,0,0,0.4,0.8,0,0,0,0,0,0,0.3,0,0.7,0,0,0.7,0.3,0,1,2.1,0.1,0,0,0,0.7,1,0.7,1.4,0.7,1,0.1,0,1.3,0,0.1,0.4,8.8,4.8,10.8,9.1,2.9,5.1,3.7,4.7,4.5,5,4.8,6.2,4.1,4.9,8,7.2,4.5,5.5,5.2,11.6,5.7,7.9,1.9,5.9,13.9,4.7,4.7,5.2,5.4,3.7,6.3,9.2,3.8,12.5,9.7,7.2,5.9,3.3,7.3,5,,,,,,,,,,,,,,,,,,,,,,,,,,,,,,,,,,,,,,,,,29.5,29.7,30.1,29.4,30.7,29.7,29.4,29.3,29.1,29.3,29,30.1,28.9,29.1,28.7,30.2,29.4,28.9,29.9,28.9,30.5,29.6,28,30,30.1,29.4,29.2,30.3,29.1,30.2,29.2,78,77,73,78,71,76,77,78,80,78,80,74,79,79,82,76,80,81,75,79,71,77,79,74,75,76,79,76,78,74,78,0,0,0,0,0,0,0,0,0,0,0,0,0,0,0,0.2,0.1,0,0,0,0,0,0,0,0,0,0,0,0,0,0,17.2,17.9,12.5,18.5,13.7,19.5,17.5,20.2,21,20.4,21,15.3,25,20.1,24.5,17.8,21.5,24.1,16.7,16,13.7,17.6,6.8,14.8,18.3,21,24.3,17.5,19.9,16,17.6,20.5,19.4,15.1,19.8,15.5,22.3,21.2,23,27,24.5,24.5,15.8,33.5,24.5,34.9,19.4,25.2,34.6,19.1,18,13.7,20.5,11.9,15.5,20.9,23.8,31,19.8,25.9,18,23.8,,,,,,22.2204,114.2127
2026-08-18T17:00,28.2,28.2,27.6,28.2,28.3,28.4,28.5,27.9,30,28.8,27.9,28.4,27.9,28.6,28.3,28.6,28.3,30.8,28.9,29.2,28.2,27.7,29,27.7,30.9,27.8,27.3,28.3,27.8,28.1,30,28.4,26.7,29.2,28.3,28.1,28.1,28.5,27.9,28.2,88,85,87,85,84,85,85,88,82,81,90,81,87,84,86,82,84,77,83,81,83,89,83,89,74,87,88,83,88,87,80,88,91,77,87,87,89,81,88,87,0,0,0,0,0,0,0.4,0.8,0,0,0,0,0,0,0.3,0,0.7,0,0,0.7,0.3,0,1,2.1,0.1,0,0,0,0.7,1,0.7,1.4,0.7,1,0.1,0,1.3,0,0.1,0.4,9.2,5.2,11.2,9.8,2.7,5.1,3.2,4.7,4.1,5.2,4.8,6.6,4.6,4.7,8.3,7.6,4.7,5.2,5.4,13,5.6,8.3,1.6,5.6,14.5,5,4.7,5.2,5.4,4,6.5,9.4,3.9,14.1,10.1,7.6,6.4,3.3,7.4,4.9,,,,,,,,,,,,,,,,,,,,,,,,,,,,,,,,,,,,,,,,,29.3,29.5,29.9,29.3,30.5,29.5,29.3,29.2,29.1,29.2,29,30,28.8,29.1,28.6,30,29.2,28.8,29.8,28.8,30.3,29.4,28.3,29.9,30,29.2,29.1,30.1,29.1,30,29.1,79,78,73,78,73,78,78,79,80,79,81,74,80,79,83,77,81,82,76,80,72,78,77,75,76,77,79,77,78,75,79,0,0,0,0,0,0,0,0,0,0,0,0,0,0,0,0.2,0.1,0,0,0,0,0,0,0,0,0,0,0,0,0,0,16.2,17.3,11.8,17.8,13.9,19.7,18.8,20.3,20.3,19.6,19.6,15.2,24,18,22.8,18.1,21.2,24.5,15.6,15.6,13.6,17.1,5.5,14.4,18.1,21.5,23.6,19.1,17.9,16.1,16.8,19.8,19.4,14.4,19.4,16.2,22.7,23.4,23.8,26.6,23.8,23.8,16.6,33.1,23.4,34.9,20.2,25.9,34.9,18.4,18,14,20.5,9,15.1,20.9,24.8,31.3,22.7,23.8,19.1,23,,,,,,22.2204,114.2127
2026-08-18T18:00,28.2,28.2,27.7,28.2,28.4,28.4,28.5,28,30,28.9,27.9,28.4,27.8,28.6,28.4,28.6,28.4,31,28.9,29.2,28.2,27.7,29.1,27.7,31.1,27.8,27.4,28.5,27.8,28.1,30,28.4,26.6,29.2,28.3,28.2,28.1,28.5,27.9,28.2,88,85,87,85,83,85,84,87,82,80,90,81,87,84,85,82,84,77,82,81,83,89,83,90,73,86,87,82,88,87,79,88,91,77,87,86,89,80,88,87,0,0,0,0,0,0,0.4,0.8,0,0,0,0,0,0,0.3,0,0.7,0,0,0.7,0.3,0,1,2.1,0.1,0,0,0,0.7,1,0.7,1.4,0.7,1,0.1,0,1.3,0,0.1,0.4,9.3,5.8,11.2,10.5,2.7,5.4,2.9,5,3.8,5.6,5.3,6.6,4.6,4.5,8.6,7.6,5.1,5.2,5.8,14,5.2,8.3,1.3,5.9,15.2,5,4.7,5.6,5.4,4.2,6.4,9.7,4,15.5,10.5,8.1,6.8,3.3,7.4,4.9,,,,,,,,,,,,,,,,,,,,,,,,,,,,,,,,,,,,,,,,,29.1,29.2,29.7,29,30.2,29.2,29.1,29,29,29.1,28.8,29.7,28.6,28.9,28.5,29.7,29,28.6,29.5,28.6,30.1,29.2,28.3,29.6,29.8,28.9,28.9,29.9,28.9,29.7,28.9,80,79,75,79,75,80,80,80,81,80,82,75,81,80,83,78,82,83,77,81,73,78,78,76,77,79,81,78,79,76,80,0,0,0,0,0,0.1,0,0,0.5,0.1,0.1,0,0,0,0,0.1,0.6,0.6,0,0,0,0,0,0,0,0,0,0,0,0,0,15.4,16.2,10.2,17,12.9,19.2,20.2,20.4,21.3,19,17.9,15,23.3,17.2,22.3,18.4,20.3,25.2,14.8,15.2,13.4,16.3,4.7,15.1,17.3,20.8,22.8,19.6,16.5,16.4,16.2,19.1,18.4,13,19.4,14.8,22.7,25.9,24.8,29.2,24.1,22.3,17.3,32.8,23,35.3,22,26.3,36,18,18.4,14.4,19.8,7.9,16.6,20.9,25.2,31.7,24.1,22,20.2,23,,,,,,22.2204,114.2127
2026-08-18T19:00,28.2,28.2,27.7,28.2,28.4,28.4,28.6,28.1,30,28.9,27.9,28.4,27.8,28.6,28.4,28.6,28.4,31.1,29,29.2,28.1,27.7,29.3,27.8,31.2,27.8,27.5,28.6,27.8,28.1,29.9,28.4,26.5,29.1,28.3,28.3,28.1,28.6,27.8,28.3,88,85,86,84,83,84,84,87,82,80,90,81,86,83,85,81,83,76,81,80,83,88,82,90,72,86,87,82,87,87,79,88,92,78,86,86,88,80,88,86,0,0,0,0,0,0,0.4,0.8,0,0,0,0,0,0,0.3,0,0.7,0,0,0.7,0.3,0,1,2.1,0.1,0,0,0,0.7,1,0.7,1.4,0.7,1,0.1,0,1.3,0,0.1,0.4,9.6,6.3,11.6,10.9,2.4,5.9,2.8,5.4,3.7,6.1,5.3,7,5,3.9,9,8,5.1,5.5,6.2,14.8,5.2,8.7,1.5,6.2,16,5.4,5,5.6,5,4.5,6.7,10,4.3,16.6,10.9,8.2,7,3.4,7.8,4.9,,,,,,,,,,,,,,,,,,,,,,,,,,,,,,,,,,,,,,,,,28.8,29,29.4,28.7,29.9,28.9,28.8,28.7,28.8,28.9,28.6,29.2,28.4,28.6,28.5,29.3,28.8,28.4,29.3,28.5,29.8,29,28.2,29.2,29.5,28.5,28.6,29.6,28.6,29.4,28.8,81,80,77,81,77,82,82,82,81,80,84,76,83,82,82,80,82,84,79,83,74,79,79,78,79,80,83,79,81,78,81,0,0,0,0,0,0.1,0,0,0.5,0.1,0.1,0,0,0,0,0.1,0.6,0.6,0,0,0,0,0,0,0,0,0,0,0,0,0,14.2,14.7,7.9,16.6,10.8,17.7,21.3,20.3,23.4,18.8,15.9,14.5,22.1,16.6,22.7,19.2,19.1,26.3,14.5,14.8,13.5,14.8,4.8,16.3,16.5,18.8,22,19.4,15.3,16.6,15.5,18.4,17.3,10.8,19.8,12.2,22.3,28.8,26.6,32.8,24.8,20.9,17.6,32,23,36,24.5,26.6,37.4,17.6,19.1,14.8,19.1,8.3,18.7,20.2,24.8,32,24.8,20.5,20.9,23,,,,,,22.2204,114.2127
2026-08-18T20:00,28.2,28.2,27.7,28.2,28.4,28.4,28.6,28.1,29.9,29,27.9,28.4,27.8,28.6,28.4,28.6,28.5,31.2,29,29.2,28.1,27.7,29.4,27.8,31.2,27.8,27.6,28.7,27.8,28.1,29.9,28.4,26.5,29,28.3,28.3,28.1,28.6,27.8,28.3,88,85,86,83,83,84,84,87,82,79,90,80,86,83,85,81,83,76,81,80,83,88,82,90,72,86,86,81,87,87,79,88,92,78,86,86,88,79,88,86,0,0,0,0,0,0,0.4,0.8,0,0,0,0,0,0,0.3,0,0.7,0,0,0.7,0.3,0,1,2.1,0.1,0,0,0,0.7,1,0.7,1.4,0.7,1,0.1,0,1.3,0,0.1,0.4,9.6,6.3,11.9,11.3,2.4,5.9,2.8,5.4,4,6.4,5.6,7,5,3.6,9.7,8,5.1,5.5,6.5,15.1,4.8,8.7,1.8,6.8,16.1,5.4,5,5.9,5,5.2,7.1,10.4,4.7,17.7,11.3,8.7,7,3.4,7.7,5.2,,,,,,,,,,,,,,,,,,,,,,,,,,,,,,,,,,,,,,,,,28.6,28.7,29.1,28.5,29.6,28.6,28.5,28.4,28.6,28.7,28.4,28.9,28.3,28.4,28.4,29,28.7,28.3,29,28.3,29.5,28.9,28.1,28.9,29.3,28.3,28.4,29.4,28.4,29.2,28.7,82,81,79,83,78,84,84,84,82,81,85,78,84,83,82,81,82,85,80,84,75,79,81,80,80,82,84,80,82,79,82,0,0,0,0,0,0.1,0,0,0.5,0.1,0.1,0,0,0,0,0.1,0.6,0.6,0,0,0,0,0,0,0,0,0,0,0,0,0,13.8,13.8,6.3,16.3,8.9,17,22,20.2,24.9,19.1,14.5,14.4,21.3,16.2,22.2,19.2,18,26.4,14.1,14.4,12.9,14,4.7,17.1,15.3,17.7,21.8,19,14.1,16.4,14.6,17.6,16.6,9.4,20.2,10.1,22.3,30.6,27.4,35.3,25.9,19.1,18,31.3,22.7,35.6,25.9,25.9,37.4,17.3,19.1,14.8,18.4,8.3,20.2,19.4,24.5,32.4,25.6,19.1,20.9,22,,,,,,22.2204,114.2127
2026-08-18T21:00,28.2,28.2,27.6,28.2,28.4,28.4,28.6,28.1,29.7,29,27.8,28.4,27.8,28.6,28.4,28.6,28.5,31.1,29,29.2,28.1,27.7,29.4,27.8,31.1,27.8,27.6,28.7,27.8,28.1,29.8,28.4,26.4,28.9,28.3,28.4,28.1,28.6,27.8,28.3,88,85,86,82,83,84,84,87,82,78,90,79,86,83,85,80,83,76,81,79,83,88,82,90,72,86,85,80,87,87,79,88,92,79,86,86,88,78,88,86,0.2,0.1,0,0,0.5,0.6,0.5,0,0.9,0,0.1,0,0,0,0.1,0,0,0.4,0.1,0,0,0.1,0.1,0.5,2.3,0,0.1,0,0,0.5,4,0.3,0.1,0.2,0,0,0.4,0,0,0,9.6,6.3,12.3,11.2,2.1,5.9,3.1,5.4,4.7,6.6,6,6.9,5,3.1,10.5,8.3,4.7,5.9,6.9,15.5,4.5,8.7,2.3,7.6,16.1,5.4,5,5.9,4.7,5.9,7.5,10.7,5.2,18.5,11.6,9,6.8,3.4,7.6,5.7,,,,,,,,,,,,,,,,,,,,,,,,,,,,,,,,,,,,,,,,,28.4,28.5,28.9,28.4,29.4,28.5,28.4,28.3,28.5,28.6,28.3,28.7,28.2,28.3,28.4,28.8,28.6,28.2,28.8,28.2,29.3,28.8,28,28.8,29.2,28.1,28.3,29.2,28.2,28.9,28.6,83,82,80,84,79,85,85,85,83,81,85,80,84,84,82,82,82,85,81,85,76,79,82,81,80,83,84,81,83,80,82,0,0.2,0,0,0,0.3,0.2,0,1.2,0.1,0.2,0,0,0,0,0,0,0.5,0,0,0,0,0.1,0,0.1,0,1,0.5,0,0,0,13.3,14.2,5.8,16,7.8,16.6,21.6,19.8,24.9,19.5,13.4,14.4,20.2,15.8,19.7,18.5,16.7,23.9,13.7,13.3,12.1,14,3.5,16.7,14,17.3,23,19.1,12.6,15.4,12.8,17.6,17.6,8.6,20.2,9,22.7,30.2,27.4,35.6,27,17.3,18.4,30.2,22.3,32.8,25.2,23.8,34.6,16.9,17.6,14,18.4,7.9,20.2,17.6,24.1,33.5,26.3,16.9,19.8,19.1,,,,,,22.2204,114.2127
2026-08-18T22:00,28.2,28.1,27.6,28.2,28.3,28.3,28.5,28.2,29.6,28.9,27.8,28.4,27.9,28.6,28.4,28.6,28.5,30.9,28.9,29.1,28,27.7,29.5,27.8,30.9,27.7,27.7,28.8,27.8,28.1,29.6,28.4,26.4,28.8,28.3,28.4,28,28.7,27.9,28.3,88,85,85,82,83,84,84,87,81,78,90,79,86,83,85,80,83,77,80,79,84,87,81,90,73,86,85,79,87,87,80,87,92,79,85,86,88,78,87,85,0.2,0.1,0,0,0.5,0.6,0.5,0,0.9,0,0.1,0,0,0,0.1,0,0,0.4,0.1,0,0,0.1,0.1,0.5,2.3,0,0.1,0,0,0.5,4,0.3,0.1,0.2,0,0,0.4,0,0,0,9.5,6.2,12.3,11.2,2,5.9,3.1,5.8,5.4,6.8,5.8,6.9,4.9,2.3,11.4,8.3,4.4,6.8,7.7,15.1,4.2,8.6,3.3,8.7,16.5,5.2,5.4,6.4,4.8,7.7,8,11.1,6,19.3,11.6,9,6.4,3.4,7.6,6.3,,,,,,,,,,,,,,,,,,,,,,,,,,,,,,,,,,,,,,,,,28.3,28.3,28.8,28.4,29.3,28.3,28.3,28.2,28.4,28.5,28.3,28.5,28.2,28.2,28.3,28.6,28.5,28.2,28.6,28.1,29.1,28.7,28,28.6,29.1,28.1,28.3,28.9,28.2,28.7,28.5,85,83,80,84,79,86,86,86,84,82,85,81,84,85,83,84,83,84,82,85,78,79,82,82,81,84,84,82,84,82,82,0,0.2,0,0,0,0.3,0.2,0,1.2,0.1,0.2,0,0,0,0,0,0,0.5,0,0,0,0,0.1,0,0.1,0,1,0.5,0,0,0,13.3,15.4,6.1,15.7,7.2,16.7,20.9,19.4,24.2,19.9,12.8,14.1,18.9,15.5,16.4,17,15.1,19.9,13.2,11.9,11.2,14.5,2.5,15.9,12.5,17.6,24.5,18.7,11.2,14.1,10.8,17.6,19.8,8.6,20.2,8.6,23,29.2,26.6,34.6,28.1,15.5,18.7,28.8,22,29.2,23.8,21.2,30.2,16.9,15.5,13,18.4,7.2,19.4,15.5,23.8,34.9,26.3,14.4,17.6,15.5,,,,,,22.2204,114.2127
2026-08-18T23:00,28.1,28.1,27.5,28.2,28.3,28.2,28.5,28.2,29.3,28.9,27.7,28.4,27.9,28.6,28.4,28.6,28.5,30.7,28.9,29.1,28,27.7,29.5,27.8,30.7,27.7,27.8,28.8,27.8,28.1,29.4,28.4,26.4,28.6,28.2,28.4,28,28.7,27.9,28.2,88,86,85,81,84,84,84,87,80,77,90,78,85,82,84,79,83,78,80,78,84,87,81,90,74,86,84,79,87,87,81,86,92,80,84,86,87,77,87,85,0.2,0.1,0,0,0.5,0.6,0.5,0,0.9,0,0.1,0,0,0,0.1,0,0,0.4,0.1,0,0,0.1,0.1,0.5,2.3,0,0.1,0,0,0.5,4,0.3,0.1,0.2,0,0,0.4,0,0,0,9.1,5.7,12.6,11.2,1.6,5.9,3.7,5.8,6.9,7.1,6.2,6.8,4.8,1.3,12.3,8.6,4.1,7.9,8.1,15.2,3.7,8.6,4.3,10.1,16.9,5.2,5.4,6.5,4.7,9.2,8.4,11.5,6.9,20.1,11.5,9.3,5.9,3.3,7.6,6.9,,,,,,,,,,,,,,,,,,,,,,,,,,,,,,,,,,,,,,,,,28.2,28.1,28.6,28.3,29.1,28.2,28.2,28.1,28.3,28.4,28.3,28.4,28.1,28.1,28.2,28.5,28.4,28.2,28.4,28.1,29,28.6,27.9,28.5,28.9,28,28.3,28.7,28.1,28.5,28.5,86,84,81,85,79,87,86,86,85,82,85,83,84,86,83,85,83,84,83,85,79,80,82,83,81,85,83,83,85,83,82,0,0.2,0,0,0,0.3,0.2,0,1.2,0.1,0.2,0,0,0,0,0,0,0.5,0,0,0,0,0.1,0,0.1,0,1,0.5,0,0,0,13.7,15.9,6.8,15.7,7,16.9,19.8,19.1,23.4,20.3,12.1,14.1,18.1,15.2,15.1,15.9,14.4,17.3,12.8,11.2,10,14.8,1.1,15.1,11.4,17.6,25.6,18.5,10.9,13.3,9.4,18,20.9,9.4,20.5,8.3,23.4,27.4,25.9,33.5,29.2,14,19.1,28.4,21.2,27.4,22.3,19.4,28.1,16.2,14.4,11.9,18.7,7.2,19.1,14,23.4,35.6,25.9,13.7,16.6,13,,,,,,22.2204,114.2127
2026-08-19T00:00,28.1,28,27.5,28.2,28.3,28.1,28.4,28.1,29.1,28.8,27.6,28.4,27.9,28.6,28.3,28.6,28.4,30.3,28.8,29,27.9,27.7,29.5,27.8,30.4,27.7,27.9,28.8,27.7,28,29.1,28.4,26.4,28.4,28.2,28.4,28,28.7,28,28.2,88,86,84,80,84,85,84,87,80,76,90,77,85,82,84,78,83,79,80,77,85,87,80,89,76,86,84,78,87,87,83,85,93,81,83,86,87,77,87,84,0.2,0.1,0,0,0.5,0.6,0.5,0,0.9,0,0.1,0,0,0,0.1,0,0,0.4,0.1,0,0,0.1,0.1,0.5,2.3,0,0.1,0,0,0.5,4,0.3,0.1,0.2,0,0,0.4,0,0,0,8.7,5.2,13,10.9,1.8,5.9,4.2,6.2,7.9,7.3,6.4,6.8,4.7,0,13.2,9,3.5,9,9,14.9,3.6,8.3,5.9,11.4,17.6,5.2,5.4,6.5,4.6,10.9,9.4,11.5,7.9,20.4,11.9,9.3,5.4,3.3,7.8,7.8,,,,,,,,,,,,,,,,,,,,,,,,,,,,,,,,,,,,,,,,,28,28,28.4,28.2,29,28.1,28.1,27.9,28.2,28.3,28.3,28.2,27.9,28,28,28.3,28.3,28.1,28.3,28,28.8,28.4,27.8,28.3,28.8,27.8,28.2,28.5,28,28.3,28.4,87,85,82,86,80,87,86,86,85,82,85,85,84,87,84,86,83,84,83,85,80,81,82,84,82,86,83,84,85,84,82,0,0.2,0.9,0.1,0,0.3,0.3,0,0.3,0.3,0,0,0,0,0,0.1,0.2,0.1,0,0.1,0,0,0.2,0.2,0.1,0,0.9,1.4,0.1,0.4,0.1,14.1,15.5,8.1,16.5,6.6,17.1,18.8,19.1,22.7,21.2,11.4,14.1,17.6,15.3,17.5,15.1,14.9,17.3,12.1,11.6,8.8,15.1,0.5,14.8,11,17.6,25.8,17.5,12.1,13.8,8.9,18.4,20.5,10.8,20.9,7.9,23.8,25.6,25.6,32.4,30.2,13,19.8,29.5,20.5,30.2,21.2,19.8,29.9,14.8,15.5,10.8,19.1,7.2,18.7,13.7,22.7,35.3,24.1,15.1,16.9,12.2,,,,,,22.2204,114.2127
2026-08-19T01:00,28,27.9,27.4,28.2,28.3,28,28.3,28.1,28.8,28.7,27.5,28.4,28,28.7,28.3,28.6,28.4,30,28.7,29,27.9,27.8,29.5,27.8,30,27.7,28,28.8,27.7,28,28.9,28.4,26.4,28.2,28.1,28.4,28,28.7,28,28.2,88,87,83,79,85,85,84,87,79,76,90,76,85,82,84,77,84,80,79,76,85,87,79,89,77,86,83,77,87,87,84,84,93,82,83,86,87,76,86,83,0.2,0.1,0,0,0.5,0.6,0.5,0,0.9,0,0.1,0,0,0,0.1,0,0,0.4,0.1,0,0,0.1,0.1,0.5,2.3,0,0.1,0,0,0.5,4,0.3,0.1,0.2,0,0,0.4,0,0,0,8.3,4.8,13,10.9,2.3,5.8,4.8,6.2,9.4,7.6,6.6,6.9,4.7,1.3,14.5,9.1,3.1,10.7,9.6,14.3,3.4,8.3,7.1,12.9,17.9,4.7,5.9,7,4.6,13.2,10,12,9.4,20.9,11.9,9.6,4.7,3.3,7.9,9,,,,,,,,,,,,,,,,,,,,,,,,,,,,,,,,,,,,,,,,,27.9,27.9,28.2,28.1,28.8,28,28,27.8,28.1,28,28.2,28.1,27.7,27.8,27.8,28.2,28.2,28,28.2,27.9,28.6,28.2,27.7,28.1,28.6,27.7,28.1,28.3,27.9,28.1,28.2,88,86,83,86,80,87,86,86,85,83,84,86,84,87,85,86,84,83,83,84,82,83,83,85,83,86,82,84,85,84,82,0,0.2,0.9,0.1,0,0.3,0.3,0,0.3,0.3,0,0,0,0,0,0.1,0.2,0.1,0,0.1,0,0,0.2,0.2,0.1,0,0.9,1.4,0.1,0.4,0.1,15,14.7,10.1,17.3,6.2,17.9,17.9,19.5,21.6,22.5,11.1,14.4,18.2,15.5,21.9,15.2,16.2,19.3,11.2,12.4,7.8,15.2,2.2,14.4,11.3,17.6,25.2,16.1,14.2,14.8,9.5,18.7,19.1,13.3,21.6,7.6,24.1,23,25.2,31.3,31.3,12.2,20.5,32,19.4,35.6,20.5,21.2,33.1,13.3,18,9.4,19.8,7.6,18.4,14,22,34.6,22,18,18,13,,,,,,22.2204,114.2127
2026-08-19T02:00,28,27.8,27.3,28.2,28.2,27.9,28.2,28.1,28.5,28.6,27.4,28.4,28,28.7,28.2,28.5,28.4,29.6,28.6,28.9,27.8,27.8,29.5,27.8,29.6,27.7,28.1,28.8,27.7,28,28.6,28.4,26.5,28,28,28.3,28,28.7,28.1,28.1,88,87,83,78,85,86,84,87,78,75,90,75,85,82,84,77,84,81,79,75,86,86,79,88,79,86,82,76,87,86,85,83,93,83,82,87,87,76,86,83,0.2,0.1,0,0,0.5,0.6,0.5,0,0.9,0,0.1,0,0,0,0.1,0,0,0.4,0.1,0,0,0.1,0.1,0.5,2.3,0,0.1,0,0,0.5,4,0.3,0.1,0.2,0,0,0.4,0,0,0,7.9,4.3,13,10.8,2.6,5.8,5.5,6.4,11.2,8.3,7,7,4.3,2.3,15.6,9.6,2.8,12.1,10.5,13.9,3.9,8,8.7,14.5,19.1,4.7,5.9,7.1,4.4,15.3,10.6,12.3,10.4,21.4,11.9,9.6,4.7,3.2,8.4,10,,,,,,,,,,,,,,,,,,,,,,,,,,,,,,,,,,,,,,,,,27.8,27.8,28,28,28.6,27.9,27.9,27.7,28,27.9,28.2,28,27.6,27.7,27.7,28.1,28.1,27.8,28.1,27.9,28.5,28,27.6,28,28.4,27.6,28.1,28.1,27.8,28,28.2,88,86,84,87,81,87,86,86,85,83,84,87,83,87,85,86,84,83,83,84,83,84,83,86,84,86,82,84,84,84,82,0,0.2,0.9,0.1,0,0.3,0.3,0,0.3,0.3,0,0,0,0,0,0.1,0.2,0.1,0,0.1,0,0,0.2,0.2,0.1,0,0.9,1.4,0.1,0.4,0.1,15.8,13.8,12.5,18,5.9,18.9,17.5,19.5,21.4,23.5,11.3,15.1,19.1,15.5,25.3,15.4,17.5,22.3,11.2,13.8,6.7,15.7,4.2,14.4,12.6,17.7,25.1,14.8,16.6,15.8,9.7,19.1,18,15.5,22,7.6,24.8,21.6,24.8,31,32,13,21.2,33.8,18.7,38.9,20.5,22.7,36.4,12.6,20.9,7.9,20.5,9.4,18.7,14.8,21.2,33.8,19.8,21.6,19.1,13,,,,,,22.2204,114.2127
2026-08-19T03:00,27.9,27.7,27.2,28.2,28.2,27.8,28.2,28.1,28.2,28.6,27.3,28.4,28.1,28.7,28.2,28.5,28.3,29.2,28.6,28.9,27.8,27.9,29.5,27.8,29.2,27.7,28.1,28.8,27.7,27.9,28.3,28.4,26.5,27.8,28,28.3,28,28.7,28.2,28.1,88,88,82,77,86,86,84,87,77,74,90,74,85,82,83,76,84,82,79,73,86,86,78,88,81,86,82,75,87,86,87,82,93,84,81,87,87,75,85,82,0.2,0.1,0,0,0.5,0.6,0.5,0,0.9,0,0.1,0,0,0,0.1,0,0,0.4,0.1,0,0,0.1,0.1,0.5,2.3,0,0.1,0,0,0.5,4,0.3,0.1,0.2,0,0,0.4,0,0,0,7.6,4,13.4,10.7,3.3,5.4,6.2,6.5,12.6,8.8,6.9,7.2,4.4,3.8,16.9,10.1,2.6,13.6,11.3,13.9,4.4,7.8,9.9,16.4,20,4.7,6,7.6,4.5,17.1,11.3,12.8,11.4,21.7,12,9.5,4.9,2.9,9,11.2,,,,,,,,,,,,,,,,,,,,,,,,,,,,,,,,,,,,,,,,,27.7,27.7,27.8,27.9,28.5,27.8,27.8,27.6,28,27.8,28.1,27.9,27.5,27.6,27.6,28,28,27.7,28,27.8,28.4,27.9,27.6,27.9,28.2,27.5,28,28,27.7,27.9,28.2,88,86,85,88,81,86,86,86,85,83,84,87,81,87,85,86,84,82,84,83,84,85,83,86,85,86,83,84,83,84,82,0,0.6,0.5,0.1,0,0,0.1,0,0.1,0.2,0.4,0.7,0,0,0,0.1,0,0,0,0,0,0,0.2,0.3,0.3,0,0.2,1,0,0.2,0.3,16.7,13.3,14.7,17.9,5.8,20.1,17.3,19.5,22.1,24.6,13,16.2,21.3,15.9,26,16.7,18.9,25.3,11.6,15.1,5.4,16.3,7.9,15.5,13.8,17.3,24.8,13.6,18,15.9,9.5,19.8,16.9,17.6,21.6,7.2,26.6,20.9,24.5,31.7,32,15.5,21.6,35.6,18.7,38.5,21.6,24.1,38.2,13.3,24.1,6.5,21.2,14,19.8,16.6,20.9,32.8,18,26.6,19.4,12.2,,,,,,22.2204,114.2127
2026-08-19T04:00,27.9,27.6,27.2,28.2,28.2,27.7,28.1,28,27.9,28.5,27.3,28.4,28.2,28.8,28.1,28.5,28.3,28.8,28.5,28.8,27.7,27.9,29.4,27.8,28.8,27.7,28.2,28.8,27.6,27.9,28.1,28.4,26.6,27.6,27.9,28.3,28,28.7,28.3,28,88,88,82,77,86,87,85,86,76,74,90,73,85,82,83,75,85,84,79,72,87,86,78,87,82,86,81,74,87,86,88,81,93,86,80,87,87,75,84,81,0.2,0.1,0,0,0.5,0.6,0.5,0,0.9,0,0.1,0,0,0,0.1,0,0,0.4,0.1,0,0,0.1,0.1,0.5,2.3,0,0.1,0,0,0.5,4,0.3,0.1,0.2,0,0,0.4,0,0,0,7.3,3.6,13.4,10.8,3.8,5.4,6.9,7,14,9.3,7.2,7.4,4.6,4.8,18,10.4,3.2,14.8,12.2,13.7,4.7,7.9,11.5,17.9,20.7,4.3,6,7.6,4.7,19.2,12,12.9,12.7,22.2,11.7,9.9,4.8,2.9,9.9,12.5,,,,,,,,,,,,,,,,,,,,,,,,,,,,,,,,,,,,,,,,,27.6,27.6,27.7,27.8,28.4,27.8,27.7,27.6,28,27.7,28,27.8,27.6,27.6,27.6,28,27.9,27.5,27.8,27.7,28.3,27.8,27.6,27.8,28,27.4,27.9,28,27.7,27.9,28.3,87,86,85,88,82,86,87,86,84,84,84,86,79,87,85,86,84,82,85,83,84,86,83,85,86,86,83,83,82,84,81,0,0.6,0.5,0.1,0,0,0.1,0,0.1,0.2,0.4,0.7,0,0,0,0.1,0,0,0,0,0,0,0.2,0.3,0.3,0,0.2,1,0,0.2,0.3,17.7,13.4,16.3,17.5,5.7,22.1,17.7,19.6,23.3,25.4,15,17.7,24,16.2,25.8,18.8,20.1,28.3,12.7,16.9,4.7,17.2,12.7,16.9,15.3,17,24.8,13,19.3,15.9,9.1,20.9,15.8,20.2,21.2,6.8,29.2,20.9,24.1,32.8,32,19.1,22.3,37.1,18.7,36.4,23.8,25.6,39.2,15.1,27.4,5,21.6,20.2,21.6,19.1,20.2,32,16.6,32.4,19.4,11.2,,,,,,22.2204,114.2127
2026-08-19T05:00,27.9,27.6,27.1,28.2,28.2,27.6,28,28,27.7,28.4,27.2,28.3,28.2,28.8,28.1,28.5,28.3,28.4,28.4,28.8,27.7,28,29.4,27.9,28.4,27.7,28.3,28.7,27.6,27.9,27.8,28.4,26.6,27.5,27.9,28.3,28,28.6,28.3,28,88,89,81,76,87,87,85,86,76,73,90,73,84,82,83,74,85,85,79,72,87,86,77,87,84,85,81,73,87,86,90,80,93,87,79,87,87,74,84,81,0.2,0.1,0,0,0.5,0.6,0.5,0,0.9,0,0.1,0,0,0,0.1,0,0,0.4,0.1,0,0,0.1,0.1,0.5,2.3,0,0.1,0,0,0.5,4,0.3,0.1,0.2,0,0,0.4,0,0,0,7,3.4,13.4,10.8,4.3,5.4,7.3,7.2,15.1,9.6,7.2,7.4,4.3,5.9,19.3,11,3.3,15.8,13.2,13.4,5.4,7.6,13,19.5,21.7,4.4,6.5,8,4.9,20.8,12.4,13.3,13.7,22.5,11.7,9.8,5.2,3,10.7,13.2,,,,,,,,,,,,,,,,,,,,,,,,,,,,,,,,,,,,,,,,,27.6,27.5,27.7,27.8,28.4,27.8,27.7,27.6,28,27.6,27.9,27.7,27.6,27.5,27.7,28,27.8,27.4,27.8,27.6,28.3,27.7,27.7,27.8,27.8,27.4,27.9,27.9,27.7,27.9,28.4,87,86,85,88,82,85,87,86,84,84,84,85,78,87,84,85,84,81,86,82,84,86,83,85,87,86,84,83,81,84,80,0,0.6,0.5,0.1,0,0,0.1,0,0.1,0.2,0.4,0.7,0,0,0,0.1,0,0,0,0,0,0,0.2,0.3,0.3,0,0.2,1,0,0.2,0.3,18.6,13.6,18.2,17.2,6.5,23.3,18.1,20,25.1,26.9,17.6,19.5,26.3,16.2,25.1,20.3,20.8,30.5,13.6,18.3,3.8,17.7,15.8,17.7,16.7,17,24.9,13.6,21.5,16.1,9.1,21.6,15.5,22.3,21.2,7.9,31,21.2,24.1,34.2,32.4,22.7,23,37.4,18.7,34.2,25.6,26.6,40,16.6,29.9,4.3,22,24.5,22.7,21.2,20.2,31.7,15.8,37.1,19.4,10.4,,,,,,22.2204,114.2127
2026-08-19T06:00,27.8,27.5,27,28.2,28.1,27.6,28,28,27.5,28.3,27.1,28.3,28.2,28.8,28,28.5,28.4,28.1,28.3,28.8,27.6,28,29.4,27.9,28.1,27.7,28.3,28.7,27.6,27.8,27.6,28.4,26.6,27.3,27.8,28.2,28,28.6,28.4,28,88,89,81,76,87,87,85,86,75,73,90,72,84,82,83,74,85,86,79,71,87,85,77,86,86,85,80,73,87,86,91,79,93,88,79,88,86,74,84,80,0.2,0.1,0,0,0.5,0.6,0.5,0,0.9,0,0.1,0,0,0,0.1,0,0,0.4,0.1,0,0,0.1,0.1,0.5,2.3,0,0.1,0,0,0.5,4,0.3,0.1,0.2,0,0,0.4,0,0,0,6.7,3.5,13.1,10.9,4.8,5.4,8,7.2,16.3,10,7.6,7.6,4.5,6.6,20.1,11.3,3.9,16.3,14,13.2,6.1,7.6,14.3,20.6,22,4.4,6.6,8.2,5.2,22,12.8,13.7,14.3,22.8,11.5,9.8,5.6,3,11.7,14.3,,,,,,,,,,,,,,,,,,,,,,,,,,,,,,,,,,,,,,,,,27.7,27.5,27.7,27.8,28.4,27.7,27.7,27.6,27.9,27.7,27.9,27.6,27.5,27.5,27.7,28,27.8,27.4,27.8,27.7,28.3,27.7,27.9,27.8,27.8,27.4,27.8,27.9,27.7,27.9,28.5,87,86,84,87,82,85,87,86,84,84,84,84,78,87,83,84,84,81,85,81,83,86,82,85,86,86,84,83,79,84,79,0,0,1,0.1,0,0.4,0.2,0,0,0.3,0.5,0.2,0,0,0,0,0.1,0.2,0,0.1,0,0,0.1,0.1,0.3,0,0,0.2,0,0.4,0.2,19.1,13.8,19.7,17.2,8.7,24.3,19,20.8,27.1,28.7,20.1,21.3,26.9,16,24.4,20.8,20,31,14.5,19.5,3.8,17.7,16.4,17.3,17.7,17.5,25.8,14.8,25,17.1,9.4,22.3,15.5,24.5,21.6,10.8,32,22,24.5,36,33.8,25.9,24.5,35.6,18.4,32.8,27,26.3,39.6,17.3,31,4.3,22,24.8,22,22.3,20.5,32.4,16.9,39.2,20.2,11.2,,,,,,22.2204,114.2127
2026-08-19T07:00,27.8,27.5,27,28.2,28.1,27.5,27.9,28,27.3,28.3,27.1,28.3,28.3,28.8,28,28.5,28.4,27.8,28.2,28.8,27.7,28,29.3,27.9,27.8,27.7,28.4,28.7,27.6,27.8,27.4,28.5,26.7,27.2,27.8,28.2,28,28.6,28.4,28,87,89,80,75,87,87,85,86,75,72,90,71,84,82,83,73,84,87,79,70,87,85,77,86,87,85,79,72,87,86,92,79,92,88,78,88,86,73,83,79,0.2,0.1,0,0,0.5,0.6,0.5,0,0.9,0,0.1,0,0,0,0.1,0,0,0.4,0.1,0,0,0.1,0.1,0.5,2.3,0,0.1,0,0,0.5,4,0.3,0.1,0.2,0,0,0.4,0,0,0,6.8,3.4,13.2,10.8,4.6,5,8.6,7.7,17.4,10.3,7.6,7.8,4.7,7.1,20.9,11.4,4,16.6,14.5,13.1,6.8,7.4,15.3,21.7,22.1,4.5,7,8.5,5.2,23.2,13.3,13.8,14.9,23.1,11.5,10.1,5.8,2.6,12.5,15,,,,,,,,,,,,,,,,,,,,,,,,,,,,,,,,,,,,,,,,,27.7,27.6,27.8,27.9,28.4,27.7,27.7,27.7,27.9,27.7,27.9,27.6,27.5,27.6,27.8,28.1,27.9,27.4,27.8,27.7,28.5,27.8,28,28,27.9,27.5,27.8,28,27.7,27.9,28.7,87,85,83,86,82,84,86,85,83,83,83,84,80,87,82,82,83,81,84,80,82,85,81,84,85,85,84,82,77,84,78,0,0,1,0.1,0,0.4,0.2,0,0,0.3,0.5,0.2,0,0,0,0,0.1,0.2,0,0.1,0,0,0.1,0.1,0.3,0,0,0.2,0,0.4,0.2,19.4,13.9,20.7,17.4,12.3,25.5,19.9,21.7,29.2,30.8,23.1,23.6,26.3,15.7,23.6,20.5,18.5,30.7,15.1,20.6,4.3,17.9,15.7,16.3,18.1,18.1,27.4,16.4,29.3,18.2,9.5,22.7,16.2,26.3,22.7,15.1,32.4,22.7,25.2,38.5,35.6,28.8,26.6,33.1,17.6,32,28.8,25.2,38.2,17.6,31.3,5.4,22,23.8,20.9,22.7,20.9,34.2,19.1,40.3,21.2,12.2,,,,,,22.2204,114.2127
2026-08-19T08:00,27.8,27.5,27,28.2,28.1,27.5,27.9,28,27.2,28.2,27.1,28.3,28.3,28.8,28,28.5,28.5,27.6,28.2,28.8,27.7,28,29.3,27.9,27.6,27.7,28.4,28.7,27.7,27.8,27.2,28.5,26.7,27.1,27.8,28.2,28,28.6,28.5,28,87,89,80,75,87,87,85,86,75,72,90,71,84,82,83,73,84,88,79,70,87,85,77,86,88,85,79,72,87,86,93,78,92,89,78,88,86,73,83,79,0.2,0.1,0,0,0.5,0.6,0.5,0,0.9,0,0.1,0,0,0,0.1,0,0,0.4,0.1,0,0,0.1,0.1,0.5,2.3,0,0.1,0,0,0.5,4,0.3,0.1,0.2,0,0,0.4,0,0,0,6.5,3.4,12.8,10.8,4.7,5,8.8,7.7,17.9,10.3,7.6,7.8,4.7,7.4,21.6,11.4,4.2,16.6,15.1,13,7.2,7.4,16.3,22.7,21.6,4.5,7,8.9,5.2,23.6,13.5,14.2,15,23.2,11.3,10.1,6.2,2.6,13.2,15.8,,,,,,,,,,,,,,,,,,,,,,,,,,,,,,,,,,,,,,,,,27.9,27.8,27.9,28,28.5,27.8,27.8,27.9,27.9,27.8,28,27.6,27.6,27.7,27.9,28.2,28,27.5,27.9,27.9,28.7,28,28.2,28.1,28,27.6,27.9,28.1,27.7,28,29.1,86,84,82,85,82,84,85,84,83,82,83,83,80,86,81,80,83,81,83,79,81,84,80,84,84,84,83,82,76,83,76,0,0,1,0.1,0,0.4,0.2,0,0,0.3,0.5,0.2,0,0,0,0,0.1,0.2,0,0.1,0,0,0.1,0.1,0.3,0,0,0.2,0,0.4,0.2,19.9,14.6,21.2,18.3,15.1,26.7,20.7,22.5,30.8,32.6,24.9,25.2,25.9,15.4,23.4,20.6,18.2,30.2,16.4,21.4,5.5,17.8,15.3,15.9,18.8,18.6,28.7,17.8,32.2,18.7,10.2,23.4,17.3,27.4,23.8,18.4,33.1,23.8,25.6,40,37.4,30.6,28.1,31.3,17.3,31.7,30.2,25.2,37.4,18.7,31.3,6.5,22,22.3,19.8,23.4,21.2,35.6,20.5,40.3,21.6,13,,,,,,22.2204,114.2127
2026-08-19T09:00,27.8,27.5,27,28.2,28.1,27.6,27.9,28.1,27.1,28.2,27.1,28.3,28.3,28.8,28,28.5,28.7,27.4,28.1,28.8,27.7,28,29.2,28,27.4,27.7,28.4,28.7,27.7,27.7,27.1,28.6,26.8,27,27.8,28.2,28,28.6,28.5,28,87,89,80,75,87,87,85,86,75,72,90,71,84,82,83,73,83,89,79,70,86,85,77,86,89,85,79,72,87,86,94,78,92,89,78,88,86,73,83,79,0,0.2,0,0,0.1,0.1,0.1,0,0.8,0,0.1,0,0,1.8,0,0,0,8.3,0.3,0,0.1,0,0.1,0.3,3.6,0.1,0,0,0,1.3,2.1,0.1,1.3,0.6,0,0.2,0,0,0.2,0,6.5,3.4,12.5,10.8,4.7,5,9.2,7.7,18.3,10.3,7.6,7.8,4.7,7.4,22.1,11.4,4.1,15.9,15.8,12.8,7.6,7.4,17.1,23.4,20.5,4.5,7,9.2,4.8,23.7,13.5,14.4,15,23.4,10.9,10.1,6.2,2.6,14,16.3,,,,,,,,,,,,,,,,,,,,,,,,,,,,,,,,,,,,,,,,,28.1,28.1,28.2,28.2,28.7,27.9,28.2,28.1,28.1,27.9,28.1,27.7,27.9,28,28.2,28.4,28.2,27.8,28.1,28.3,29.1,28.2,28.4,28.2,28.1,27.9,28.1,28.3,27.8,28.2,29.7,84,82,80,83,81,83,82,83,82,81,83,82,79,84,80,78,82,79,82,77,79,83,79,83,83,82,82,81,75,81,74,0,0,0.1,0,0,0.5,0,0,0,0.3,0.7,0,0,0,0,0,0.6,0,0,0,0,0,0,0.1,0.1,0.1,0,0,0,0.3,0,20.4,15.9,21.4,20.4,16.9,28.5,21.1,22.7,31.3,34,25.6,26.4,26.2,15.1,24.5,22.2,20.9,30,18.2,21.6,7.6,18.2,15,16.3,20.2,18.6,30,18.4,32.4,18.3,10.6,24.1,19.1,27.4,25.6,19.8,34.6,24.5,25.6,40.3,38.9,31,29.2,31.3,16.9,32.8,32,27.4,37.4,20.9,31,8.3,22,22,19.4,24.8,21.2,37.1,20.9,40,20.9,13.3,,,,,,22.2204,114.2127
2026-08-19T10:00,27.8,27.5,27,28.2,28.2,27.6,28,28.1,27.1,28.2,27.1,28.3,28.3,28.8,28,28.5,28.9,27.3,28.1,28.9,27.8,28,29.2,28,27.3,27.8,28.4,28.7,27.8,27.7,27,28.7,26.8,27,27.9,28.1,28.1,28.6,28.5,28,86,89,79,75,86,86,85,86,76,71,90,71,84,82,83,73,82,89,80,70,85,85,78,86,90,84,78,72,86,86,94,77,91,90,78,88,86,72,83,78,0,0.2,0,0,0.1,0.1,0.1,0,0.8,0,0.1,0,0,1.8,0,0,0,8.3,0.3,0,0.1,0,0.1,0.3,3.6,0.1,0,0,0,1.3,2.1,0.1,1.3,0.6,0,0.2,0,0,0.2,0,6,3.4,11.8,10.4,4.3,4.7,9.6,7.9,18.8,9.8,7.2,7.6,4.5,6.9,22.2,10.9,3.8,15.4,16.3,12.5,8.3,7.3,18.1,23.9,18.5,4.8,7.2,9.7,4.5,23.4,13.9,14.8,14.7,23.8,10.6,10.5,6,2.2,14.8,16.6,,,,,,,,,,,,,,,,,,,,,,,,,,,,,,,,,,,,,,,,,28.3,28.4,28.4,28.5,29.1,28.1,28.6,28.4,28.4,28,28.3,27.9,28.2,28.4,28.5,28.7,28.4,28.2,28.4,28.7,29.5,28.5,28.6,28.3,28.3,28.2,28.3,28.6,28,28.5,30.6,82,80,78,81,79,82,79,81,81,81,83,82,76,81,79,77,82,77,81,74,77,81,78,83,81,81,81,80,75,80,72,0,0,0.1,0,0,0.5,0,0,0,0.3,0.7,0,0,0,0,0,0.6,0,0,0,0,0,0,0.1,0.1,0.1,0,0,0,0.3,0,21.1,17.9,21.2,23.3,18.4,30.3,21.4,22.5,31.2,34.7,25.4,26.8,26.4,15.2,26.2,24.6,25.5,29.6,20.6,21.7,9.7,18.3,14.9,17,22,18.9,30.8,19,31.6,16.9,10.8,24.8,21.2,26.6,27.7,20.9,36.4,25.2,24.8,40,40.7,30.2,29.9,32.4,16.6,34.9,34.2,30.6,38.2,23.4,30.6,10.4,21.6,21.6,19.4,26.3,20.9,38.9,20.9,38.9,19.4,13.3,,,,,,22.2204,114.2127
2026-08-19T11:00,27.8,27.6,27,28.2,28.2,27.7,28,28.2,27.1,28.2,27.1,28.3,28.2,28.8,28,28.5,29.2,27.2,28,28.9,28,28,29.1,28.1,27.2,27.8,28.4,28.8,27.9,27.6,26.8,28.8,26.9,27,27.9,28.1,28.1,28.6,28.5,28.1,86,88,79,75,86,86,85,85,77,71,89,71,84,83,84,73,81,90,81,70,84,85,78,86,90,84,78,73,85,87,94,77,90,90,78,88,85,72,83,77,0,0.2,0,0,0.1,0.1,0.1,0,0.8,0,0.1,0,0,1.8,0,0,0,8.3,0.3,0,0.1,0,0.1,0.3,3.6,0.1,0,0,0,1.3,2.1,0.1,1.3,0.6,0,0.2,0,0,0.2,0,6,3.5,11.1,10,4.9,4.7,10.2,8,19.6,9.2,7.2,7.4,4.5,6.1,22.6,10.5,3.3,14.9,16.9,12.1,8.8,6.8,18.8,24.5,16.9,4.7,7.2,10,4.2,22.9,14.4,15,14.5,23.8,9.8,10.5,5.5,2.2,15.7,17.3,,,,,,,,,,,,,,,,,,,,,,,,,,,,,,,,,,,,,,,,,28.6,28.7,28.7,28.7,29.3,28.3,29,28.6,28.6,28.2,28.5,28.1,28.5,28.7,28.7,29,28.6,28.5,28.6,29.1,29.9,28.8,28.8,28.4,28.5,28.5,28.5,28.8,28.2,28.7,31.1,80,78,77,79,78,81,76,80,80,80,82,81,75,79,78,76,81,75,80,72,75,80,77,82,80,79,80,79,75,78,70,0,0,0.1,0,0,0.5,0,0,0,0.3,0.7,0,0,0,0,0,0.6,0,0,0,0,0,0,0.1,0.1,0.1,0,0,0,0.3,0,21.8,19.2,21,25.4,19.6,31.1,21.8,22,30.7,35.6,24.9,27.2,27,15.1,27.9,26.3,27.9,28.9,22.3,20.9,11.9,18.9,15.1,17.7,23.3,18.8,31.4,19.2,30.2,16.4,10,25.6,22.7,26.3,29.5,21.6,37.1,26.3,24.1,40,41.8,29.5,30.2,33.5,16.2,36.4,35.3,32.4,37.8,25.2,29.9,12.6,22,21.2,19.8,27.7,20.5,40,20.9,37.4,18.4,13.3,,,,,,22.2204,114.2127
2026-08-19T12:00,27.8,27.7,27.1,28.2,28.2,27.8,28.1,28.2,27.2,28.3,27.2,28.3,28.2,28.8,28.1,28.5,29.5,27.1,28,29,28.1,28,29,28.1,27.2,27.8,28.4,28.8,28,27.6,26.7,29,26.9,27,28,28.1,28.1,28.6,28.6,28.2,85,88,79,76,85,85,85,85,78,71,89,71,83,83,84,74,80,91,82,71,82,85,79,86,91,83,78,73,85,87,94,76,89,90,79,89,85,71,83,77,0,0.2,0,0,0.1,0.1,0.1,0,0.8,0,0.1,0,0,1.8,0,0,0,8.3,0.3,0,0.1,0,0.1,0.3,3.6,0.1,0,0,0,1.3,2.1,0.1,1.3,0.6,0,0.2,0,0,0.2,0,5.9,3.8,10,10,5.7,4.3,11.3,8.2,20.6,8.4,6.9,7.2,4.3,5.4,23,9.8,2.9,14.8,17.1,11.4,9.3,6.6,19.7,24.7,14.7,5.1,7.4,10.6,3.7,22.3,15.1,15.3,14.5,24.3,9,10.9,5.1,2.2,17,17.5,,,,,,,,,,,,,,,,,,,,,,,,,,,,,,,,,,,,,,,,,28.8,28.9,28.8,28.8,29.3,28.5,29,28.7,28.8,28.3,28.7,28.2,28.4,29,28.8,29.1,28.7,28.6,28.8,29.3,29.9,28.9,29,28.6,28.7,28.6,28.7,28.9,28.4,28.9,31.2,79,77,77,78,78,80,75,79,79,79,81,80,76,78,77,76,81,75,79,71,75,79,76,81,79,78,80,78,74,77,70,0,0,0,0,0,0,0,0,0,0,0.1,0,0.1,0,0,0,0.1,0,0,0,0.3,0,0,0.1,0,0,0,0,0,0,0,22.6,19.8,21.7,26.3,20.9,30.5,23.1,20.9,30.5,36.2,24,27.4,27.7,15.4,28.7,26.2,27.2,27.2,23,20,13.5,19.9,16.3,18.7,24.3,18.9,32,19.5,28.9,16.9,8.2,25.9,23.4,27.4,31,23,36.7,28.1,22.7,40.7,42.5,28.8,30.2,34.2,16.2,36.7,34.9,31.3,35.6,25.9,28.4,14,23,20.9,20.5,28.8,20.5,40.7,20.9,36,18.7,13.7,,,,,,22.2204,114.2127
2026-08-19T13:00,27.8,27.8,27.1,28.2,28.3,27.9,28.2,28.3,27.3,28.3,27.2,28.3,28.2,28.8,28.1,28.5,29.8,27.1,27.9,29.1,28.3,27.9,29,28.2,27.2,27.9,28.4,28.8,28.1,27.5,26.7,29.1,27,27,28.1,28.1,28.2,28.6,28.6,28.2,84,87,79,76,84,84,85,85,80,71,89,72,83,84,84,74,78,91,83,72,80,84,80,86,91,83,77,74,84,87,94,76,89,91,79,89,85,71,82,76,0,0.2,0,0,0.1,0.1,0.1,0,0.8,0,0.1,0,0,1.8,0,0,0,8.3,0.3,0,0.1,0,0.1,0.3,3.6,0.1,0,0,0,1.3,2.1,0.1,1.3,0.6,0,0.2,0,0,0.2,0,5.8,3.7,9.3,9.6,7.4,4.3,12.6,8,21.5,7.9,6.5,7,4.6,4.5,23,9.2,2.6,15.8,17.7,10.8,10.4,6.6,20.6,24.9,13.2,5,7.3,11.2,3.6,21.8,15.6,15.5,14.4,24.7,8.2,10.9,4.8,1.9,18.4,18,,,,,,,,,,,,,,,,,,,,,,,,,,,,,,,,,,,,,,,,,28.9,29,28.9,28.9,29.2,28.6,29,28.8,29,28.5,28.8,28.3,28.3,29.2,28.8,29.1,28.8,28.7,28.9,29.3,29.8,29,29.1,28.8,28.8,28.7,28.8,28.9,28.6,29.1,31.1,78,77,77,77,78,79,74,79,77,78,79,80,78,77,77,76,80,75,79,70,75,78,76,80,79,77,80,78,73,77,70,0,0,0,0,0,0,0,0,0,0,0.1,0,0.1,0,0,0,0.1,0,0,0,0.3,0,0,0.1,0,0,0,0,0,0,0,23.1,20.2,22.5,26.4,22.4,29.5,24.5,19.1,29.9,36.9,22.4,26.8,29,15.9,28.9,25.7,25.4,25,22.8,18.7,14.7,21.5,18,20.2,24.6,18.7,32.2,19.4,27.4,17.7,5.8,26.3,23.4,28.4,32.4,24.8,35.6,30.6,21.2,41.4,42.8,27.7,29.9,34.9,16.2,37.1,34.2,29.2,33.1,25.9,27,15.5,24.5,20.5,21.2,29.5,20.5,41,20.9,34.6,19.4,13.7,,,,,,22.2204,114.2127
2026-08-19T14:00,27.9,27.9,27.2,28.1,28.3,28.1,28.3,28.4,27.4,28.3,27.3,28.3,28.1,28.8,28.2,28.5,30.1,27.1,27.9,29.2,28.5,27.9,28.9,28.3,27.1,27.9,28.3,28.8,28.2,27.4,26.6,29.3,27,27,28.2,28,28.2,28.6,28.6,28.3,83,87,79,77,84,83,86,85,81,71,88,72,83,84,85,75,77,92,84,72,79,84,80,86,92,83,77,75,83,88,94,76,88,91,80,89,85,70,83,76,0,0.2,0,0,0.1,0.1,0.1,0,0.8,0,0.1,0,0,1.8,0,0,0,8.3,0.3,0,0.1,0,0.1,0.3,3.6,0.1,0,0,0,1.3,2.1,0.1,1.3,0.6,0,0.2,0,0,0.2,0,5.8,4,8.2,9.7,9.1,4,14.2,8.3,22.9,7,6.2,6.7,4.5,3.4,23.4,8.8,2.2,17.1,18.2,10.3,11.3,6.5,21.7,25.1,12.7,5.4,7.3,11.9,3.3,21.6,16.3,15.6,15,25.2,7.4,11.3,4.5,2.3,19.7,18.7,,,,,,,,,,,,,,,,,,,,,,,,,,,,,,,,,,,,,,,,,29,29.1,29,28.9,29.1,28.7,28.9,28.9,29.1,28.6,29,28.4,28.2,29.4,28.8,29.1,28.9,28.8,28.9,29.4,29.7,29,29.2,29,28.9,28.8,28.9,28.9,28.7,29.3,31,78,77,77,77,79,79,74,78,77,78,78,79,79,76,76,77,80,75,79,70,76,78,76,79,78,76,80,78,72,77,71,0,0,0,0,0,0,0,0,0,0,0.1,0,0.1,0,0,0,0.1,0,0,0,0.3,0,0,0.1,0,0,0,0,0,0,0,23,20.6,22.7,26.3,23.4,27.8,25.2,17.8,29.6,37.1,20.9,26.3,29.4,16.3,28.9,25.6,23.8,23.9,22.7,18.9,15.8,22.5,18.8,20.6,24.4,18.7,32.1,19.1,26.1,18.3,5.1,25.9,23.8,29.2,33.1,25.6,33.8,32,19.8,41.8,42.8,26.3,29.2,35.6,16.2,37.1,33.8,27.4,31,25.9,26.3,16.2,25.6,20.5,21.6,29.9,20.5,41,20.5,33.1,19.8,13.7,,,,,,22.2204,114.2127
2026-08-19T15:00,27.9,28,27.3,28.1,28.4,28.2,28.4,28.5,27.5,28.4,27.4,28.3,28.1,28.8,28.2,28.5,30.4,27.1,27.8,29.3,28.6,27.9,28.8,28.4,27.1,27.9,28.3,28.8,28.3,27.4,26.5,29.4,27.1,27,28.2,28,28.2,28.6,28.6,28.4,83,86,79,77,83,82,86,84,82,71,88,73,83,85,85,75,75,92,85,73,77,84,81,86,92,82,77,75,83,88,94,76,87,91,80,89,84,70,83,75,0,0.2,0,0,0.1,0.1,0.1,0,0.8,0,0.1,0,0,1.8,0,0,0,8.3,0.3,0,0.1,0,0.1,0.3,3.6,0.1,0,0,0,1.3,2.1,0.1,1.3,0.6,0,0.2,0,0,0.2,0,5.8,4.3,7.2,9.5,11.4,4,15.7,8.6,24.3,6.1,5.4,6.6,4.3,2.9,23.5,8.2,2.3,19.2,18.7,10,12.1,6.5,22.7,25.3,13.6,5.8,7.6,12.5,3.2,21.4,17.1,16,15.6,25.3,6.6,11.3,4.8,2.3,20.9,18.9,,,,,,,,,,,,,,,,,,,,,,,,,,,,,,,,,,,,,,,,,29.1,29.1,29,28.9,29.1,28.8,28.9,28.9,29.1,28.6,29.1,28.5,28.2,29.4,28.9,29,28.9,28.9,29,29.4,29.7,29,29.1,29,28.9,28.8,28.8,28.8,28.7,29.3,30.9,78,77,78,78,80,79,74,77,78,78,77,78,79,75,75,78,80,75,79,72,76,78,77,79,77,75,81,78,72,77,72,0,0,0,0,0,0,0,0,0,0,0,0,0.1,0,0,0,0,0,0,0,0,0,0,0,0,0,0.1,0,0,0,0,21.7,20.5,22,25.6,23.1,24.9,24.8,16.9,28.8,36.7,18.9,24.8,29.3,15.8,28.7,26.2,22.9,23.9,22.1,19.8,15.8,22.7,18.6,20.1,23.5,18,31.2,18.2,25,17.8,6,24.8,24.5,28.1,32.8,24.8,30.6,32.4,19.1,41,42.8,24.8,27.7,36.4,15.5,37.4,34.9,27.4,30.6,25.9,27,16.2,26.3,20.9,21.6,29.5,19.8,40.7,19.8,32.4,19.8,12.6,,,,,,22.2204,114.2127
2026-08-19T16:00,27.9,28.1,27.3,28.1,28.4,28.4,28.4,28.5,27.6,28.4,27.5,28.2,28,28.8,28.2,28.5,30.7,27,27.8,29.4,28.8,27.8,28.7,28.4,27.2,28,28.2,28.8,28.4,27.3,26.5,29.5,27.2,27.1,28.3,28,28.3,28.6,28.6,28.5,82,85,79,78,82,81,86,84,84,71,87,73,83,85,86,76,74,93,86,74,75,84,82,86,92,82,76,76,82,88,94,76,86,91,81,89,84,70,83,75,0,0.2,0,0,0.1,0.1,0.1,0,0.8,0,0.1,0,0,1.8,0,0,0,8.3,0.3,0,0.1,0,0.1,0.3,3.6,0.1,0,0,0,1.3,2.1,0.1,1.3,0.6,0,0.2,0,0,0.2,0,5.8,4.7,6.4,9.7,13,3.6,17.7,8.6,26,5.8,5.2,6.5,4.7,2.3,23.7,7.7,2.6,21.4,19.4,9.7,13.5,6.5,23.5,25.5,15.5,5.8,7.9,13.1,3.3,21.8,17.7,16.5,16.7,25.3,5.9,11.7,5.1,2.6,22.3,19.7,,,,,,,,,,,,,,,,,,,,,,,,,,,,,,,,,,,,,,,,,29,29,29,28.8,29.1,28.8,28.9,28.9,29,28.5,29.2,28.6,28.3,29.4,28.9,28.8,29,29,29,29.3,29.8,28.9,28.9,29,29,28.9,28.7,28.7,28.7,29.3,30.7,78,78,79,79,80,79,74,77,79,79,77,78,80,74,75,80,80,75,79,74,77,78,79,79,77,75,81,78,72,77,72,0,0,0,0,0,0,0,0,0,0,0,0,0.1,0,0,0,0,0,0,0,0,0,0,0,0,0,0.1,0,0,0,0,20.1,20.5,20.5,24.8,21.5,21.4,23.8,16.2,27.7,36.1,17.1,23.4,28.2,14.8,27.8,27.3,22.2,23.9,21,21.2,15.7,22.7,18.6,18.9,22.3,17.3,29.6,16.8,23.5,16.9,7.7,23.4,25.6,26.3,31.7,23.8,26.3,32.4,18.7,39.6,42.8,23,25.9,37.1,14.8,38.2,37.1,28.4,31,25.9,28.8,15.8,26.3,21.6,21.2,28.8,18.7,39.6,18.4,31.7,19.4,11.5,,,,,,22.2204,114.2127
2026-08-19T17:00,28,28.2,27.4,28.1,28.4,28.5,28.5,28.6,27.7,28.4,27.5,28.2,28,28.8,28.3,28.6,31,27.1,27.8,29.5,28.9,27.8,28.6,28.5,27.2,28,28.2,28.8,28.5,27.3,26.4,29.6,27.2,27.1,28.4,28,28.3,28.6,28.6,28.5,81,85,79,78,81,80,86,84,85,71,87,73,83,85,86,76,72,93,86,74,74,84,83,87,93,81,76,77,81,89,94,76,85,91,81,89,84,70,83,75,0,0.2,0,0,0.1,0.1,0.1,0,0.8,0,0.1,0,0,1.8,0,0,0,8.3,0.3,0,0.1,0,0.1,0.3,3.6,0.1,0,0,0,1.3,2.1,0.1,1.3,0.6,0,0.2,0,0,0.2,0,5.8,5.1,5.4,9.7,15.2,3.6,19.4,9.1,27.2,5.2,5.2,6.5,4.7,2.3,23.5,7.2,2.8,23.5,19.7,9.5,14.4,6.6,24.4,25.8,17.8,6.2,7.9,13.8,3.6,22.2,18,16.7,17.8,25.5,5.1,11.7,5.4,2.7,23.8,20.2,,,,,,,,,,,,,,,,,,,,,,,,,,,,,,,,,,,,,,,,,28.9,28.9,28.9,28.7,29.1,28.8,28.8,28.8,28.9,28.3,29.2,28.5,28.3,29.4,28.9,28.6,29,28.9,28.9,29.2,29.8,28.8,28.7,28.9,29,28.9,28.6,28.7,28.6,29.3,30.6,79,79,80,80,81,80,75,77,81,80,77,78,80,74,75,81,80,76,80,76,77,79,81,79,77,75,82,78,73,78,73,0,0,0,0,0,0,0,0,0,0,0,0,0.1,0,0,0,0,0,0,0,0,0,0,0,0,0,0.1,0,0,0,0,18.8,20.2,19.1,23.8,19.8,18.7,22.7,15.4,26.7,35.2,15.8,22,27.5,13.6,27.1,28.8,21.5,24,19.9,22.3,15.3,22.3,18.8,17.4,21,16.3,28.8,15.4,22.4,15.8,8.3,22.7,25.6,24.5,30.6,22.3,22.7,31.7,18,38.5,42.5,21.2,24.5,37.4,13.7,38.2,39.2,28.4,31.7,25.2,31,16.2,26.3,22.3,20.5,28.1,18,39.6,16.9,31.3,18.4,10.1,,,,,,22.2204,114.2127
2026-08-19T18:00,28,28.3,27.5,28.1,28.5,28.6,28.6,28.7,27.8,28.5,27.6,28.2,28,28.8,28.3,28.6,31.2,27.1,27.8,29.5,29,27.8,28.5,28.5,27.2,28,28.2,28.8,28.6,27.3,26.4,29.7,27.3,27.2,28.4,27.9,28.4,28.6,28.6,28.5,81,84,79,78,81,79,86,84,86,71,86,74,83,86,86,76,71,94,87,75,73,84,84,87,93,81,76,78,80,89,94,76,85,91,81,89,84,70,83,75,0,0.2,0,0,0.1,0.1,0.1,0,0.8,0,0.1,0,0,1.8,0,0,0,8.3,0.3,0,0.1,0,0.1,0.3,3.6,0.1,0,0,0,1.3,2.1,0.1,1.3,0.6,0,0.2,0,0,0.2,0,5.4,5.2,4.7,9.8,16.5,3.6,21,9.1,28.5,4.6,4.8,6.5,4.7,2.4,23.8,6.8,3.4,25.5,20.3,9.1,15.3,6.6,25.2,26.1,20.4,6.6,8.3,14.2,4,22.7,18.1,16.9,18.8,25.6,4.7,12.1,5.5,3.1,25.1,20.7,,,,,,,,,,,,,,,,,,,,,,,,,,,,,,,,,,,,,,,,,28.7,28.7,28.8,28.6,28.9,28.6,28.7,28.6,28.7,28.2,29.1,28.3,28.2,29.2,28.7,28.4,28.8,28.7,28.7,29,29.6,28.6,28.6,28.8,28.8,28.7,28.5,28.6,28.4,29.2,30.3,81,80,81,82,82,81,76,78,82,81,78,79,81,75,76,82,81,78,81,77,78,80,82,80,78,76,83,79,75,79,74,0,0.1,0.2,0,0,0,0,0,0.1,0,0,0,0,0,0,0.2,0,0,0,0.2,0.4,0,0.4,0,0,0,0.3,0,0,0,0.3,18.5,18.7,18.1,23,18.1,17,21.2,14.5,25.7,34,14.3,21.6,26.5,12.2,25.9,30.5,20,23.2,18.6,23.1,15.3,21.6,18.7,15.6,19.6,15.8,29.6,13.2,21.2,13.8,7.6,23.4,24.5,23.4,30.2,21.2,20.9,30.2,17.3,38.2,41.4,18.7,24.5,36.7,12.6,37.4,41.8,27.7,32.8,23.4,34.2,17.6,25.6,23,18.7,27.7,18.4,41,15.1,31.3,16.6,8.6,,,,,,22.2204,114.2127
2026-08-19T19:00,28,28.4,27.5,28.1,28.5,28.7,28.6,28.7,27.9,28.5,27.7,28.3,27.9,28.8,28.3,28.6,31.4,27.1,27.7,29.6,29,27.8,28.5,28.5,27.3,28.1,28.1,28.8,28.7,27.3,26.4,29.7,27.3,27.2,28.5,27.9,28.4,28.6,28.5,28.5,80,84,78,79,80,79,86,83,87,71,86,74,82,86,87,77,70,94,88,76,72,84,84,87,93,80,76,78,80,89,94,77,84,91,82,89,83,70,83,75,0,0.2,0,0,0.1,0.1,0.1,0,0.8,0,0.1,0,0,1.8,0,0,0,8.3,0.3,0,0.1,0,0.1,0.3,3.6,0.1,0,0,0,1.3,2.1,0.1,1.3,0.6,0,0.2,0,0,0.2,0,5.4,5.5,4,10.2,18,3.6,22.5,9.2,29.4,4.3,4.5,6.5,5.1,2.6,23.8,6.5,3.7,27.2,20.2,9.1,16.6,6.6,25.9,26.3,22.4,6.6,8.6,14.8,4,23.5,17.5,17.2,20,25.5,4,12.1,5.6,3,26.1,21.3,,,,,,,,,,,,,,,,,,,,,,,,,,,,,,,,,,,,,,,,,28.4,28.5,28.6,28.4,28.7,28.4,28.4,28.4,28.6,28.1,28.9,28,28,29,28.6,28.1,28.5,28.3,28.5,28.7,29.3,28.3,28.5,28.6,28.6,28.5,28.4,28.6,28.2,29,30,83,82,83,83,84,83,78,79,83,81,79,81,82,76,77,83,82,80,83,78,78,82,83,81,80,78,83,80,78,80,76,0,0.1,0.2,0,0,0,0,0,0.1,0,0,0,0,0,0,0.2,0,0,0,0.2,0.4,0,0.4,0,0,0,0.3,0,0,0,0.3,19.4,17,16.8,22.7,16.6,15.5,19.8,13.5,25.1,32.3,12.4,21.3,25.5,10.2,24.5,32.5,18.3,22,16.5,24,15.5,20.2,18.8,13.5,18.5,16.1,31.6,10.9,20.7,11.5,6.4,24.8,22.3,22,29.9,20.2,19.4,28.1,16.2,38.2,40,16.2,24.8,35.6,11.5,36.4,44.3,25.9,34.6,21.2,37.8,19.4,24.8,24.1,16.6,27.4,19.4,42.8,13,31.7,14.4,7.2,,,,,,22.2204,114.2127
2026-08-19T20:00,28,28.5,27.6,28.1,28.5,28.7,28.6,28.8,27.9,28.5,27.8,28.3,27.9,28.8,28.3,28.6,31.5,27.1,27.7,29.6,29,27.8,28.4,28.5,27.3,28.1,28.1,28.7,28.7,27.3,26.4,29.7,27.4,27.2,28.5,27.9,28.4,28.6,28.5,28.5,80,83,78,79,80,78,86,83,88,71,85,74,82,86,87,77,70,94,88,76,72,84,85,87,93,80,76,79,79,89,94,77,84,91,82,89,83,70,83,75,0,0.2,0,0,0.1,0.1,0.1,0,0.8,0,0.1,0,0,1.8,0,0,0,8.3,0.3,0,0.1,0,0.1,0.3,3.6,0.1,0,0,0,1.3,2.1,0.1,1.3,0.6,0,0.2,0,0,0.2,0,5.1,5.5,3.7,10.2,18.7,4,23.5,8.8,29.7,3.9,4.6,6.2,5.1,2.5,23.8,6.5,3.7,28.1,20.6,9.1,17.6,6.6,26.1,26.7,24.2,6.9,9,15.2,4.3,24,16.7,17.5,20.7,25.3,3.8,12.1,5.6,2.9,26.8,21.5,,,,,,,,,,,,,,,,,,,,,,,,,,,,,,,,,,,,,,,,,28.2,28.3,28.5,28.2,28.6,28.2,28.2,28.3,28.4,28,28.8,27.7,27.9,28.8,28.4,27.9,28.3,28,28.3,28.6,29,28.1,28.5,28.4,28.5,28.4,28.3,28.6,28,28.9,29.8,84,83,84,85,85,84,80,80,84,82,80,83,83,77,79,84,83,81,84,79,79,83,84,82,81,80,84,81,80,81,77,0,0.1,0.2,0,0,0,0,0,0.1,0,0,0,0,0,0,0.2,0,0,0,0.2,0.4,0,0.4,0,0,0,0.3,0,0,0,0.3,20,15.7,15.7,22,15.3,14.1,18.8,12.2,24.1,30.7,10.8,21.5,25.5,8.9,23.4,34.3,15.9,22.4,14.8,24.8,16.1,19.1,18.2,11.8,17.6,15.6,32.1,9.2,20.5,9.5,5.1,26.3,21.2,20.5,29.5,19.4,18,25.9,15.1,37.4,38.5,14,25.6,35.6,10.4,36,46.4,23.4,37.1,19.4,40.3,20.5,23.8,25.2,14.8,27.4,19.4,43.6,11.2,32.4,12.2,7.2,,,,,,22.2204,114.2127
2026-08-19T21:00,28,28.5,27.6,28.1,28.5,28.8,28.6,28.8,27.9,28.5,27.9,28.3,27.9,28.8,28.3,28.6,31.6,27.1,27.7,29.6,29,27.8,28.3,28.4,27.4,28.1,28.1,28.6,28.7,27.3,26.5,29.6,27.4,27.3,28.5,27.8,28.4,28.5,28.5,28.5,80,82,78,79,80,77,86,83,89,71,84,74,82,86,87,77,70,94,88,76,72,84,86,87,93,80,76,80,78,89,94,78,84,91,82,89,83,70,83,76,0,0,0,0,0.1,0,0,0,1,0,0,0,0,0.3,0.4,0,0,2.7,0.3,0,0.3,0,0.8,0.1,0.7,0,0,0,0,1.9,2.6,0.6,3.7,1.5,0,0,0,1.3,0,0.4,4.7,5.5,3.4,10.1,19,4.5,24.3,8.5,29.8,3.3,4.7,5.8,5.1,2.2,23.4,6.5,3.7,28.1,20.6,9.1,18.3,6.6,26.1,27,25.5,7.2,9.4,15.5,4.3,24.3,14.9,17.8,21.1,24.9,3.7,12,5.2,2.5,27.5,21.8,,,,,,,,,,,,,,,,,,,,,,,,,,,,,,,,,,,,,,,,,28.1,28.2,28.4,28,28.5,28.1,28.1,28.2,28.3,27.9,28.7,27.6,27.9,28.7,28.3,27.9,28.3,28.1,28.2,28.5,28.8,28,28.4,28.3,28.4,28.3,28.2,28.5,27.9,28.8,29.6,84,84,84,86,86,85,82,81,85,83,81,84,83,78,80,84,83,81,85,79,80,84,85,83,82,81,84,81,81,81,77,0,0.4,0.3,0,0,0.1,0.1,0,0.2,0.1,0.2,0,0,0,0,1.4,0.1,0.2,0,0.7,0.4,0,0.7,0,0,0,0.4,0,0.1,1.2,0.3,19.8,16,14.2,21.3,14.8,12.2,18,11,23.3,28.7,9.1,21.3,27,8.2,23.1,35.3,12.7,25.2,14,24.7,16.2,18.4,17.7,11.3,16.9,14.3,30.2,8.4,20.6,7.9,6.2,27.4,21.6,17.6,28.8,19.1,15.1,24.5,14,36,37.1,12.2,25.9,38.2,9.7,36.4,47.5,18.4,41.8,18.4,40.3,20.9,23,26.3,14.4,28.4,18,42.1,10.1,33.8,10.4,9.7,,,,,,22.2204,114.2127
2026-08-19T22:00,28,28.6,27.7,28.1,28.4,28.8,28.6,28.8,27.9,28.5,27.9,28.3,27.9,28.8,28.3,28.6,31.5,27.1,27.7,29.5,28.8,27.8,28.2,28.4,27.5,28.1,28.1,28.5,28.7,27.4,26.5,29.5,27.5,27.3,28.4,27.8,28.5,28.5,28.5,28.4,79,82,77,79,80,77,86,82,89,71,83,74,81,86,87,77,70,94,88,77,73,84,86,87,93,79,76,80,78,89,94,79,84,91,82,89,82,71,83,76,0,0,0,0,0.1,0,0,0,1,0,0,0,0,0.3,0.4,0,0,2.7,0.3,0,0.3,0,0.8,0.1,0.7,0,0,0,0,1.9,2.6,0.6,3.7,1.5,0,0,0,1.3,0,0.4,4,5.4,3.3,10.1,19.1,4.9,25.1,7.7,29.1,2.8,4.8,5.4,5.4,1.8,23.1,6.5,3.6,27.9,20.6,8.9,19.4,6.5,26,27.5,26.4,7.2,10.1,15.9,4.7,24.2,12.7,18.2,21.7,24.5,3.8,12,4.7,2.5,27.5,22.2,,,,,,,,,,,,,,,,,,,,,,,,,,,,,,,,,,,,,,,,,28.1,28.2,28.4,27.9,28.4,28.1,28,28.1,28.3,27.9,28.6,27.6,27.9,28.6,28.1,27.9,28.2,28.3,28.1,28.6,28.6,27.9,28.3,28.2,28.4,28.2,28.1,28.5,27.8,28.8,29.6,83,84,83,87,86,85,84,82,85,84,81,85,83,79,82,83,83,81,86,80,81,85,86,83,83,82,85,81,83,81,76,0,0.4,0.3,0,0,0.1,0.1,0,0.2,0.1,0.2,0,0,0,0,1.4,0.1,0.2,0,0.7,0.4,0,0.7,0,0,0,0.4,0,0.1,1.2,0.3,19.1,16.6,12.2,20.7,14.8,10.3,17.3,10.1,22.1,26.8,7.8,21.3,29.1,7.9,23.7,35.6,8.9,29.4,13.2,24.1,15.6,17.7,17.3,11.5,17,12.6,26.8,7.7,21.8,6,9.9,28.1,23,14.8,27.7,19.1,12.2,22.7,13.3,34.6,36,11.2,26.6,42.1,9,37.4,48.2,12.6,47.5,17.6,38.9,20.9,22.7,27,14.8,29.9,15.8,39.2,9.4,35.6,8.6,13.7,,,,,,22.2204,114.2127
2026-08-19T23:00,28.1,28.6,27.7,28.1,28.4,28.8,28.5,28.9,27.9,28.6,28,28.4,27.9,28.8,28.3,28.6,31.5,27.1,27.7,29.4,28.7,27.8,28.1,28.3,27.6,28.1,28.1,28.4,28.7,27.5,26.6,29.3,27.5,27.3,28.4,27.8,28.5,28.4,28.4,28.3,79,81,77,79,80,76,86,82,89,71,83,74,81,85,87,77,71,94,88,77,74,84,87,87,93,79,76,81,77,89,95,80,84,91,82,89,82,72,83,78,0,0,0,0,0.1,0,0,0,1,0,0,0,0,0.3,0.4,0,0,2.7,0.3,0,0.3,0,0.8,0.1,0.7,0,0,0,0,1.9,2.6,0.6,3.7,1.5,0,0,0,1.3,0,0.4,3.4,5.4,3.6,9.7,18.8,5.5,25.6,6.9,28.5,2.3,5.3,5,5.8,1.1,22.8,6.6,3.3,27,20.3,8.9,20.4,6.5,25.3,28.2,26.8,7.6,10.9,16.3,4.7,24.3,10.7,18.7,21.9,23.8,4.1,12,4,2.1,27.8,22.1,,,,,,,,,,,,,,,,,,,,,,,,,,,,,,,,,,,,,,,,,28,28.1,28.4,27.8,28.3,28.1,27.9,28.1,28.2,27.9,28.5,27.6,27.9,28.5,28,28,28.2,28.4,28,28.5,28.4,27.8,28.3,28.1,28.3,28.1,28.1,28.4,27.8,28.7,29.4,82,84,83,87,86,85,85,83,86,84,81,85,83,79,83,83,83,81,86,80,82,86,86,84,83,82,85,81,83,81,76,0,0.4,0.3,0,0,0.1,0.1,0,0.2,0.1,0.2,0,0,0,0,1.4,0.1,0.2,0,0.7,0.4,0,0.7,0,0,0,0.4,0,0.1,1.2,0.3,18.9,16.7,11.2,20.8,14.8,8.4,16.6,9.3,21.3,24.5,8.3,21,30.7,6.9,24.4,35.3,6.2,31.6,12.7,23.9,15.3,16.6,17.6,11.9,17.1,10.7,24.8,7.1,24.4,4.6,13.2,28.4,23.4,12.2,27.4,18.7,9.7,21.2,12.2,32.8,33.8,13,26.6,45,8.3,38.5,47.9,8.3,50.4,16.9,38.2,20.2,21.6,28.1,15.1,31.3,13.3,37.4,8.6,37.8,7.6,16.9,,,,,,22.2204,114.2127
2026-08-20T00:00,28.1,28.7,27.7,28.1,28.3,28.8,28.5,28.9,27.9,28.6,28.1,28.4,27.9,28.8,28.2,28.6,31.3,27.2,27.8,29.4,28.5,27.9,28,28.1,27.7,28.1,28.1,28.3,28.6,27.6,26.7,29.1,27.6,27.3,28.3,27.7,28.5,28.3,28.4,28.1,79,81,76,79,80,75,86,81,90,71,81,73,80,85,87,77,71,94,87,77,76,83,87,88,92,79,76,82,77,88,95,81,84,91,82,88,82,73,84,79,0,0,0,0,0.1,0,0,0,1,0,0,0,0,0.3,0.4,0,0,2.7,0.3,0,0.3,0,0.8,0.1,0.7,0,0,0,0,1.9,2.6,0.6,3.7,1.5,0,0,0,1.3,0,0.4,3.1,5,3.6,9.8,18.3,6.4,25.9,6.1,27.2,1.3,5.5,4.3,6.1,0.4,22.1,6.6,3.1,26.3,20,9,21.4,6.6,24.5,28.7,26.7,7.6,11.6,16.3,5.2,24.1,9.6,19,21.9,23.3,5.2,11.9,3,2.3,27.9,22.1,,,,,,,,,,,,,,,,,,,,,,,,,,,,,,,,,,,,,,,,,27.9,28,28.3,27.8,28.2,28,27.8,28,28.1,27.8,28.4,27.5,27.7,28.4,27.9,27.9,28.1,28.3,27.9,28.3,28.3,27.7,28.2,28,28.1,28,28,28.3,27.7,28.6,29,83,84,83,86,86,84,86,83,87,84,81,85,83,79,84,84,82,81,86,81,83,87,86,85,83,82,85,81,83,81,78,0,0.2,0.2,0.1,0,0.1,0.1,0.4,0.7,0,0.4,0,0,0.1,0,0.2,0,0,0.1,0,0.1,0,2.1,0,0.1,0,0.8,0,0.1,0.9,0,19.5,15.5,10.5,21.6,14.1,6.6,15.5,8.1,20.6,22,12.1,20.8,31.6,5.2,26.5,33.6,5.1,30.4,12.2,25,14.2,15.1,18.3,12,18.4,8.8,25,6.4,28.9,3.6,13.9,27.7,22,11.2,28.4,17.6,8.3,19.4,10.8,31,30.6,19.8,25.9,45.7,7.2,40.3,46.1,7.6,48.2,15.8,38.5,18.7,19.4,29.2,14.8,32.8,10.8,37.4,7.6,41.8,6.8,17.6,,,,,,22.2204,114.2127
2026-08-20T01:00,28.1,28.7,27.8,28.1,28.3,28.8,28.4,28.9,27.8,28.6,28.2,28.5,27.9,28.8,28.2,28.6,31.2,27.2,27.8,29.3,28.3,27.9,27.9,28,27.8,28.1,28.1,28.1,28.6,27.8,26.8,28.9,27.6,27.4,28.3,27.7,28.5,28.2,28.3,28,79,80,75,78,80,75,86,81,90,71,80,73,80,85,87,76,72,94,87,77,77,83,88,88,92,79,76,82,76,88,95,82,85,91,82,88,81,74,84,80,0,0,0,0,0.1,0,0,0,1,0,0,0,0,0.3,0.4,0,0,2.7,0.3,0,0.3,0,0.8,0.1,0.7,0,0,0,0,1.9,2.6,0.6,3.7,1.5,0,0,0,1.3,0,0.4,2.9,5.1,3.9,9.7,17.3,7.4,26.3,5.1,25.8,0.7,6,3.8,6.2,1.1,21.4,6.8,2.7,25.3,19.7,9.3,22.2,6.7,23.8,29.4,26.6,8,12.4,16.7,5.6,24,10.2,19.5,21.9,23,6.2,11.9,2.8,2.6,28,22.1,,,,,,,,,,,,,,,,,,,,,,,,,,,,,,,,,,,,,,,,,27.6,27.9,28.3,27.8,28.1,27.9,27.7,28,27.9,27.6,28.4,27.4,27.6,28.3,27.7,27.7,28.1,28.2,27.7,28,28.1,27.7,28.2,27.8,27.9,27.9,28,28.3,27.6,28.5,28.5,84,85,83,85,87,84,86,82,87,83,80,86,83,79,85,85,82,80,86,82,84,87,86,86,83,82,84,82,82,80,82,0,0.2,0.2,0.1,0,0.1,0.1,0.4,0.7,0,0.4,0,0,0.1,0,0.2,0,0,0.1,0,0.1,0,2.1,0,0.1,0,0.8,0,0.1,0.9,0,20,13.7,9.8,22.7,13.1,6.2,14.1,7.1,19.8,19.6,17.8,20.6,32.4,3.6,29,31.1,7,28,12,26.3,12.7,13.7,18.8,11.8,21.2,6.9,26.7,5.4,33.8,4,13.4,26.6,19.8,10.8,30.6,15.8,7.9,17.3,9.4,29.2,26.3,29.5,25.2,45.4,5.8,42.1,43.2,9,43.2,15.1,39.2,16.9,16.9,30.2,14.8,34.6,7.9,38.2,6.5,45.7,6.5,17.6,,,,,,22.2204,114.2127
2026-08-20T02:00,28.1,28.7,27.8,28.1,28.2,28.7,28.3,28.9,27.8,28.6,28.4,28.5,27.9,28.8,28.2,28.6,31,27.3,27.8,29.2,28,28,27.8,27.9,27.9,28.1,28.1,27.9,28.5,27.9,26.9,28.7,27.7,27.4,28.2,27.6,28.5,28.1,28.3,27.8,79,80,75,78,80,74,86,80,90,72,79,73,79,84,87,76,73,94,86,77,79,83,88,88,92,79,76,83,76,88,95,84,85,91,82,88,81,76,84,82,0,0,0,0,0.1,0,0,0,1,0,0,0,0,0.3,0.4,0,0,2.7,0.3,0,0.3,0,0.8,0.1,0.7,0,0,0,0,1.9,2.6,0.6,3.7,1.5,0,0,0,1.3,0,0.4,3.7,4.8,4.2,10,16.7,8.4,26.8,4.5,24.1,0.7,6.2,3.5,6.6,2.3,20.5,7.6,2.9,24.6,19.4,9.9,23.2,7.1,22.7,29.9,26.3,8.2,13.2,16.8,6,23.5,13,19.9,21.7,22.8,7.4,11.9,3.1,2.9,27.6,22.1,,,,,,,,,,,,,,,,,,,,,,,,,,,,,,,,,,,,,,,,,27.5,27.9,28.2,27.7,28,27.8,27.6,28,27.8,27.5,28.3,27.3,27.4,28.3,27.6,27.6,28,28.2,27.6,27.9,28,27.6,28.2,27.7,27.7,27.8,28,28.2,27.6,28.4,28.2,85,85,83,84,87,83,86,81,87,83,80,86,82,79,85,85,81,79,86,83,84,87,86,87,82,82,84,82,81,80,84,0,0.2,0.2,0.1,0,0.1,0.1,0.4,0.7,0,0.4,0,0,0.1,0,0.2,0,0,0.1,0,0.1,0,2.1,0,0.1,0,0.8,0,0.1,0.9,0,20.6,12.7,10.3,23.9,12.6,7.4,12.8,6.3,20,18.1,22.7,20.6,32.9,3.6,30.9,29.5,8.7,25.7,12.5,27.2,11.1,12.6,20,12.5,23.5,5.4,28.6,4.4,36.6,3.6,13.4,25.9,18.4,11.5,32,15.1,7.9,15.8,7.9,28.1,23.4,36.7,24.5,44.6,5,43.2,41.8,10.1,39.2,15.1,40,14.8,14.8,31.7,15.1,34.9,6.1,39.2,5.4,47.2,6.5,18.4,,,,,,22.2204,114.2127
2026-08-20T03:00,28.1,28.8,27.8,28.1,28.1,28.7,28.2,28.9,27.8,28.6,28.5,28.6,27.9,28.8,28.1,28.6,30.9,27.4,27.8,29.1,27.8,28,27.8,27.7,28.1,28.1,28.1,27.8,28.5,28.1,27,28.4,27.7,27.4,28.1,27.6,28.5,28,28.2,27.7,79,79,74,78,81,74,86,79,90,72,78,72,79,84,87,76,74,93,86,77,81,83,88,88,91,78,76,84,75,88,95,85,86,91,82,87,81,77,84,83,0,0,0,0,0.1,0,0,0,1,0,0,0,0,0.3,0.4,0,0,2.7,0.3,0,0.3,0,0.8,0.1,0.7,0,0,0,0,1.9,2.6,0.6,3.7,1.5,0,0,0,1.3,0,0.4,4.7,5,4.5,10.3,15.8,9.1,27.3,3.5,22.6,1.1,6.9,3.3,7.1,3.3,19.8,7.9,2.9,24.1,19.1,10.7,23.9,7.9,21.6,30.4,25.7,8.8,14.1,17.2,6.4,23,16.6,20.4,21.7,22.3,8.5,11.9,4,3.7,27.3,22.1,,,,,,,,,,,,,,,,,,,,,,,,,,,,,,,,,,,,,,,,,27.4,27.8,28.1,27.6,27.9,27.7,27.5,27.9,27.8,27.4,28.1,27.2,27.4,28.3,27.5,27.7,27.9,28.2,27.5,27.9,27.9,27.5,28.2,27.6,27.6,27.8,27.8,28.1,27.5,28.4,28.1,86,85,84,84,87,83,85,81,86,83,80,86,81,78,84,84,81,78,86,82,84,87,85,87,81,81,84,82,82,79,84,0,0.3,0.2,0.1,0.5,0.1,0,0.1,0.7,0,0.6,0,0,0,0,0,0,0,0,0.1,0.2,0,4.3,0.1,0,0,0.4,0,0,0.1,0.2,21.2,12.6,12.2,24.6,13.2,8.7,11.8,5.3,20.9,17.7,25.5,20.7,31.9,3.9,31.1,28.7,8.4,23.3,14.3,26.6,9.6,12.3,22,14.2,23.4,4.8,30.4,3.9,34.2,1.8,14.3,25.6,18,14,32.8,15.5,9.4,15.5,6.5,28.4,22,38.9,24.1,43.6,5.4,42.8,42.8,10.1,37.8,16.9,40.3,12.2,13.7,34.2,16.6,33.5,5.4,40,4.7,43.2,6.5,20.9,,,,,,22.2204,114.2127
2026-08-20T04:00,28.1,28.8,27.8,28.2,28.1,28.7,28.1,28.9,27.7,28.6,28.5,28.7,27.9,28.8,28.1,28.5,30.7,27.4,27.9,29,27.5,28.1,27.7,27.6,28.2,28,28.1,27.6,28.4,28.2,27.1,28.2,27.8,27.5,28.1,27.6,28.5,27.9,28.1,27.5,79,79,73,78,81,73,86,79,90,72,77,72,78,83,87,76,75,93,85,77,83,82,89,88,91,78,77,84,75,87,96,87,86,91,81,87,81,78,85,85,0,0,0,0,0.1,0,0,0,1,0,0,0,0,0.3,0.4,0,0,2.7,0.3,0,0.3,0,0.8,0.1,0.7,0,0,0,0,1.9,2.6,0.6,3.7,1.5,0,0,0,1.3,0,0.4,5.4,4.8,4.8,10.9,15,10.1,27.4,3.3,21,2.1,7.4,3.1,7.5,4.4,19.2,8.6,3.5,24.3,18.4,11.7,25,8.3,20.9,30.8,25.1,9,14.8,17.2,7.1,22.5,20.7,20.9,21.4,22.1,9.9,11.9,5.1,4.6,27.1,21.8,,,,,,,,,,,,,,,,,,,,,,,,,,,,,,,,,,,,,,,,,27.4,27.8,27.9,27.5,27.8,27.6,27.5,27.9,27.7,27.3,28,27.1,27.3,28.4,27.5,27.8,27.9,28.3,27.5,28,27.7,27.4,28.2,27.5,27.6,27.7,27.6,28.1,27.3,28.5,28.1,86,84,84,84,86,84,84,80,85,83,80,87,80,77,83,82,81,76,87,81,83,87,85,87,79,81,85,82,83,78,84,0,0.3,0.2,0.1,0.5,0.1,0,0.1,0.7,0,0.6,0,0,0,0,0,0,0,0,0.1,0.2,0,4.3,0.1,0,0,0.4,0,0,0.1,0.2,21.3,13.9,15.3,25.3,13.9,10.5,11.4,4.3,22.4,18.2,27.7,20.6,30.3,5,30.5,28.6,7,21.1,16.8,25.6,8,12.4,24.8,16.3,22.2,5.4,32.2,3.6,29.2,3.6,16.1,25.9,18.4,17.6,33.1,16.6,11.5,15.5,5,29.5,22,38.5,23.8,42.1,6.1,41.4,45,9.7,37.1,19.8,40.3,9.7,13,37.1,18.7,31,5.8,41.4,4.3,36,6.8,24.1,,,,,,22.2204,114.2127
2026-08-20T05:00,28.1,28.8,27.9,28.2,28,28.6,28.1,28.9,27.7,28.6,28.6,28.7,27.9,28.8,28,28.5,30.5,27.5,27.9,28.9,27.3,28.1,27.6,27.5,28.3,28,28.1,27.5,28.3,28.3,27.3,27.9,27.8,27.5,28,27.5,28.5,27.9,28.1,27.4,79,78,73,78,81,73,86,79,90,72,77,72,78,83,87,76,76,93,85,77,85,82,89,88,90,78,77,85,75,87,96,88,87,91,81,87,80,79,85,86,0,0,0,0,0.1,0,0,0,1,0,0,0,0,0.3,0.4,0,0,2.7,0.3,0,0.3,0,0.8,0.1,0.7,0,0,0,0,1.9,2.6,0.6,3.7,1.5,0,0,0,1.3,0,0.4,6.6,4.7,5.3,11.5,14.1,11.1,27.5,3.2,19.8,2.6,7.9,3.2,7.6,5.8,18.6,8.8,3.9,24.4,18.1,12.6,25.7,8.9,19.8,31.3,24.3,9.7,15.7,17.2,7.9,21.7,24.2,21.5,21.2,22.2,10.9,12,6,5,26.7,21.8,,,,,,,,,,,,,,,,,,,,,,,,,,,,,,,,,,,,,,,,,27.4,27.8,27.7,27.5,27.8,27.5,27.6,27.9,27.7,27.3,27.8,27,27.4,28.4,27.5,27.9,27.9,28.3,27.5,28.1,27.7,27.3,28.2,27.5,27.6,27.7,27.5,28.1,27.3,28.5,28.2,86,83,85,84,86,84,83,80,84,83,80,86,78,76,82,81,80,75,87,80,83,87,84,86,78,80,85,82,83,78,83,0,0.3,0.2,0.1,0.5,0.1,0,0.1,0.7,0,0.6,0,0,0,0,0,0,0,0,0.1,0.2,0,4.3,0.1,0,0,0.4,0,0,0.1,0.2,21.6,15.6,17.7,25.8,15.2,11.8,11.1,4.3,24,18.4,28.5,20.9,29,5.2,29.5,29.4,6,20.2,18.7,25.1,7.9,13,27.4,18.2,20.8,6.5,34,4.1,24.5,7.3,17.6,26.3,19.1,20.9,33.5,17.6,13,15.5,4.7,30.6,21.6,37.8,24.1,40.7,6.5,40,47.5,9.4,37.1,22.3,40.3,8.6,13.3,38.9,20.9,28.8,6.1,42.8,4.3,30.6,8.6,25.9,,,,,,22.2204,114.2127
2026-08-20T06:00,28.1,28.8,27.9,28.2,28,28.6,28,28.9,27.7,28.6,28.7,28.8,27.9,28.8,28,28.5,30.4,27.5,27.9,28.8,27.1,28.1,27.5,27.3,28.4,28,28.1,27.4,28.3,28.4,27.4,27.7,27.8,27.6,28,27.5,28.6,27.9,28,27.3,79,78,72,78,82,73,86,78,90,72,76,71,77,82,87,76,77,92,84,78,86,82,89,89,90,78,77,85,74,87,96,89,87,90,81,87,80,80,85,87,0,0,0,0,0.1,0,0,0,1,0,0,0,0,0.3,0.4,0,0,2.7,0.3,0,0.3,0,0.8,0.1,0.7,0,0,0,0,1.9,2.6,0.6,3.7,1.5,0,0,0,1.3,0,0.4,7.3,4.9,5.8,12,13.5,11.9,27.7,3.4,18.4,3.1,7.9,3.4,8,6.5,18,9.5,4.4,25,17.8,13.8,26.5,9.2,19.1,31.3,23.8,9.8,16.2,17.3,8.2,21.2,27.6,22,20.7,22.1,11.6,11.7,7,5.6,26.4,21.4,,,,,,,,,,,,,,,,,,,,,,,,,,,,,,,,,,,,,,,,,27.4,27.8,27.7,27.5,27.8,27.6,27.7,28,27.8,27.3,27.7,27.1,27.5,28.4,27.5,28,27.9,28.2,27.5,28.1,27.7,27.2,28.2,27.5,27.6,27.6,27.6,28,27.3,28.4,28.2,85,83,85,83,86,83,81,80,84,83,80,84,76,76,81,80,79,75,86,80,83,87,84,85,77,80,85,82,82,78,82,0,0,0.2,0,0,0,0,0,0,0,0.3,0,0,0,0,0.2,0,0.3,0.4,0.4,0,0.1,4.5,0,0,0,0.3,0,0,0.4,0.5,22.2,17.6,19,26.5,16.6,12,11.2,5.8,25.1,18.3,28.4,21.4,27.8,4,28.6,30.6,5.6,20.8,19.8,25.6,9.7,14.5,28.5,19.7,20.1,7.2,35.6,5.4,21.6,11,17.3,27.4,20.9,22.7,33.8,19.4,13.3,15.5,6.1,31.3,21.2,37.1,25.2,38.9,5.8,38.5,49.7,8.6,37.8,23.8,40.3,10.4,14.8,39.6,23,27,6.5,45.4,5.4,27.7,12.6,24.8,,,,,,22.2204,114.2127
2026-08-20T07:00,28.1,28.8,27.9,28.2,27.9,28.6,27.9,28.9,27.7,28.6,28.7,28.8,27.9,28.8,27.9,28.5,30.2,27.6,27.9,28.7,26.9,28.1,27.5,27.3,28.5,28,28.1,27.3,28.3,28.5,27.5,27.6,27.9,27.6,27.9,27.5,28.6,27.9,28,27.2,80,77,72,78,82,73,86,78,90,73,75,71,77,82,87,76,78,92,84,78,88,82,90,89,89,79,78,86,74,87,95,90,88,90,81,86,80,81,86,88,0,0,0,0,0.1,0,0,0,1,0,0,0,0,0.3,0.4,0,0,2.7,0.3,0,0.3,0,0.8,0.1,0.7,0,0,0,0,1.9,2.6,0.6,3.7,1.5,0,0,0,1.3,0,0.4,8,4.8,6.3,12.5,13.4,12.7,27.6,3.7,17.3,3.6,8.4,3.7,8.1,7.6,17.3,10,5.1,25.7,17.5,15,27,9.7,18.7,31.3,23.5,10.3,17,17.3,8.7,20.2,29.9,22.3,20.3,22.2,12.7,11.7,7.4,6.1,26,21.4,,,,,,,,,,,,,,,,,,,,,,,,,,,,,,,,,,,,,,,,,27.6,27.7,27.8,27.6,27.8,27.7,27.8,28,27.9,27.3,27.6,27.3,27.8,28.4,27.6,28,28,28.1,27.6,28,27.8,27.2,28.1,27.6,27.6,27.6,27.7,28,27.4,28.3,28.3,83,83,85,82,85,81,80,79,83,82,81,81,74,76,80,80,78,75,84,81,82,88,85,85,77,80,84,81,81,79,81,0,0,0.2,0,0,0,0,0,0,0,0.3,0,0,0,0,0.2,0,0.3,0.4,0.4,0,0.1,4.5,0,0,0,0.3,0,0,0.4,0.5,22.6,19.3,20.2,27.7,18.1,11.2,11.5,7.9,25.6,18.2,27.6,21.8,26.5,2.8,27.8,32.6,5.7,22.3,20.2,26.9,12.1,16.5,28.4,21.1,19.7,7.6,36.6,6.8,19.9,15,15.8,29.2,22.7,24.1,34.6,21.2,13,15.8,8.6,31.7,20.5,35.6,27,36.7,4.7,36.7,51.5,7.9,38.9,24.8,40,13.3,16.9,39.6,25.2,25.2,7.2,48.6,6.8,26.6,18,22,,,,,,22.2204,114.2127
2026-08-20T08:00,28,28.8,28,28.2,27.9,28.5,27.9,28.9,27.7,28.6,28.7,28.8,27.9,28.8,27.9,28.5,30.1,27.6,27.9,28.7,26.8,28.1,27.5,27.2,28.6,28,28.1,27.2,28.3,28.5,27.6,27.4,27.9,27.7,27.9,27.5,28.6,28,27.9,27.1,80,77,72,78,82,73,86,78,90,73,75,71,77,82,87,76,78,92,84,78,89,82,90,89,89,79,78,86,74,87,95,91,88,90,81,86,80,81,86,89,0,0,0,0,0.1,0,0,0,1,0,0,0,0,0.3,0.4,0,0,2.7,0.3,0,0.3,0,0.8,0.1,0.7,0,0,0,0,1.9,2.6,0.6,3.7,1.5,0,0,0,1.3,0,0.4,8.4,4.8,6.8,13,13.1,13,27.1,4,16.7,3.6,8.4,3.6,8.1,8.4,17.1,10.3,5.4,26,17.5,15.8,27.8,9.7,18.4,31.3,23,10.3,17.3,17.3,8.9,19.6,31.4,22.6,20.1,22.2,13,11.4,7.6,6.4,25.6,21.4,,,,,,,,,,,,,,,,,,,,,,,,,,,,,,,,,,,,,,,,,27.8,27.8,27.9,27.7,27.9,28,28.1,28.1,28.1,27.4,27.6,27.5,28,28.5,27.9,28.1,28.2,28,27.7,28,27.9,27.3,28,27.8,27.8,27.7,27.8,28.1,27.6,28.3,28.5,81,82,84,81,84,79,78,79,83,81,81,79,73,76,79,80,76,75,82,81,82,87,85,84,77,79,83,80,79,80,80,0,0,0.2,0,0,0,0,0,0,0,0.3,0,0,0,0,0.2,0,0.3,0.4,0.4,0,0.1,4.5,0,0,0,0.3,0,0,0.4,0.5,23,20.6,20.5,28.9,19.5,11,11.7,10.1,26.1,18.3,25.6,22.5,25.7,4,27,35,5.2,23.9,20.7,28.6,15,17.8,27.7,22.1,19.2,8,37.7,8.5,19.7,18.7,14.8,30.2,24.5,24.8,34.9,22.7,12.6,16.2,11.2,32,20.5,33.5,28.8,36,4.7,34.9,53.6,7.6,40.7,25.9,41.4,16.6,18.4,38.5,27,23.8,7.9,51.1,8.3,27,22.7,19.8,,,,,,22.2204,114.2127
2026-08-20T09:00,28,28.8,28,28.2,27.9,28.5,27.8,28.9,27.8,28.6,28.7,28.9,27.9,28.7,27.8,28.4,30.1,27.7,27.9,28.6,26.7,28.1,27.5,27.1,28.7,28,28.1,27.1,28.3,28.5,27.7,27.3,27.9,27.7,27.9,27.5,28.7,28.1,27.9,27,81,77,72,79,82,73,86,78,90,73,75,71,77,82,87,76,78,92,84,78,90,82,90,89,89,79,79,86,74,87,94,92,88,90,81,86,80,81,86,90,0.5,0,0,0,0.2,0,0.9,0,3.6,1.2,0,0.1,0,0.2,1.2,0,0.5,1.2,0.7,0.4,5.4,0,2.2,0.7,0.7,0.1,0,0.4,0,3.3,0.8,1,0.4,0.4,0.1,0,0,0.2,0.2,1.2,8.6,4.8,7.5,13.3,13.1,13.3,26.2,4,16.1,3.6,8.4,3.6,8.1,9.3,16.7,10.6,5.6,26,17.4,16.8,28.9,9.7,18.4,30.8,22.4,10.3,17.7,17.3,9.2,18.9,31.9,22.5,19.7,21.9,13.4,11,7.2,6.4,25.1,21.3,,,,,,,,,,,,,,,,,,,,,,,,,,,,,,,,,,,,,,,,,28.2,28.1,28.1,27.9,28.2,28.3,28.5,28.2,28.2,27.6,27.8,27.8,28.3,28.7,28.3,28,28.6,28.2,28,28.2,28.1,27.6,27.9,28,28,28,28,28.4,28,28.3,28.9,78,80,83,79,82,76,76,78,83,80,80,79,72,75,76,81,73,75,80,80,81,85,85,83,76,77,82,79,78,80,79,0,0,0.1,0,0,0,0,0,0,0,0,0,0,0,0,0.1,0,0.1,0,0.7,0,0.1,2.1,0,0,0,0,0,0,0.1,0.1,23,21,20.6,28.9,20,11,12.4,12.3,26.3,18.9,22.5,24.2,26,6.5,25.6,39.5,3.7,26.4,21.4,32.3,17.3,17.9,25.4,23,18.7,8.1,38.8,10.5,20.6,22.3,14.1,30.6,25.2,24.5,34.9,23.4,13,16.9,13,32.4,20.9,29.9,30.6,37.1,6.1,33.1,55.8,7.2,43.6,27.4,45,19.1,18,34.9,28.1,23,8.3,51.8,10.1,29.9,26.3,18.4,,,,,,22.2204,114.2127
2026-08-20T10:00,27.9,28.8,28.1,28.1,27.9,28.4,27.8,28.8,27.8,28.6,28.7,28.9,27.8,28.7,27.8,28.4,30,27.7,27.9,28.6,26.7,28.1,27.5,27.1,28.8,27.9,28.1,27.1,28.3,28.4,27.8,27.2,27.9,27.8,28,27.6,28.7,28.4,27.8,27,81,76,72,79,82,74,87,78,90,74,75,71,77,82,87,77,78,92,84,79,91,82,90,89,88,80,79,87,74,88,94,92,89,89,81,85,80,81,87,90,0.5,0,0,0,0.2,0,0.9,0,3.6,1.2,0,0.1,0,0.2,1.2,0,0.5,1.2,0.7,0.4,5.4,0,2.2,0.7,0.7,0.1,0,0.4,0,3.3,0.8,1,0.4,0.4,0.1,0,0,0.2,0.2,1.2,9.1,4.3,7.9,13.7,13.1,13.7,25.3,4,16,3.1,8.2,3.3,8,10.6,16.7,10.7,5.9,25.8,17.4,18.2,30,9.2,18.4,30.3,22.2,10.5,18,16.9,9.2,17.9,31.2,22.5,19.3,21.7,13.8,10.6,6.9,6.3,24.6,21.3,,,,,,,,,,,,,,,,,,,,,,,,,,,,,,,,,,,,,,,,,28.7,28.4,28.4,28.2,28.5,28.8,29,28.3,28.4,27.9,28,28,28.6,29,28.9,27.9,29.1,28.5,28.3,28.4,28.3,28,27.7,28.2,28.4,28.4,28.2,28.7,28.4,28.5,29.3,76,79,81,77,80,73,74,78,82,79,79,79,72,74,73,83,70,74,78,80,81,82,86,81,76,75,80,78,76,79,77,0,0,0.1,0,0,0,0,0,0,0,0,0,0,0,0,0.1,0,0.1,0,0.7,0,0.1,2.1,0,0,0,0,0,0,0.1,0.1,22.6,21.1,20.4,28.3,19.7,11.8,14,14.4,27,19.3,19.1,26.1,26.5,9.3,24.1,45,4.1,29.8,22.9,37.3,19.7,17.1,22.7,23.9,18.3,8.2,39.6,12.6,23.1,25.9,13.9,30.2,25.2,23.8,35.3,23.8,13.7,18,14.8,33.1,21.2,25.2,32.4,39.2,8.6,31,57.6,6.8,47.5,29.2,50.4,21.6,17.3,30.2,28.4,22.3,8.3,51.8,12.2,34.6,29.5,17.3,,,,,,22.2204,114.2127
2026-08-20T11:00,27.9,28.8,28.1,28.1,28,28.4,27.7,28.8,27.9,28.6,28.6,28.9,27.8,28.6,27.7,28.4,30,27.7,27.9,28.6,26.7,28,27.5,27,28.8,27.9,28,27.1,28.4,28.3,28,27.1,27.9,27.9,28,27.6,28.8,28.6,27.8,27,82,76,72,80,83,75,87,79,90,74,75,71,77,82,88,78,78,91,85,79,92,82,90,90,88,81,80,87,74,88,93,93,89,89,81,85,80,81,87,90,0.5,0,0,0,0.2,0,0.9,0,3.6,1.2,0,0.1,0,0.2,1.2,0,0.5,1.2,0.7,0.4,5.4,0,2.2,0.7,0.7,0.1,0,0.4,0,3.3,0.8,1,0.4,0.4,0.1,0,0,0.2,0.2,1.2,9.8,4.1,9.2,14,13.6,13.8,24.3,3.8,15.8,2.3,8,2.9,7.5,11.8,16.7,11.1,6.1,25.5,17.7,19.6,31.8,8.9,18.7,29.4,21.9,10.2,17.9,16.5,9.2,16.9,30.3,22.4,19,21.4,13.8,9.8,5.8,6.3,24.1,21.3,,,,,,,,,,,,,,,,,,,,,,,,,,,,,,,,,,,,,,,,,29,28.7,28.6,28.4,28.7,29.2,29.4,28.5,28.5,28.1,28.4,28.2,28.8,29.2,29.3,27.8,29.4,28.8,28.6,28.6,28.5,28.3,27.7,28.4,28.7,28.8,28.3,29,28.8,28.6,29.7,74,77,80,76,79,71,73,77,82,78,78,79,72,73,71,84,68,74,76,79,80,80,86,80,75,73,79,77,75,79,76,0,0,0.1,0,0,0,0,0,0,0,0,0,0,0,0,0.1,0,0.1,0,0.7,0,0.1,2.1,0,0,0,0,0,0,0.1,0.1,22.7,21,20.4,28.2,20.2,12.3,15.9,15.9,27.3,19.8,16.2,27,28.4,11.4,23.5,48.6,5.9,32.7,24.6,41.4,21.6,16.8,20.7,24.6,18.3,8.6,40.7,14.2,25.7,28,15,30.6,25.2,23.4,36,24.1,14,19.4,16.2,33.5,21.6,21.2,33.1,41.8,10.4,29.9,59,7.2,50,31,54.4,23.8,16.9,27.4,28.4,21.6,9,52.2,13.3,38.5,31.7,17.6,,,,,,22.2204,114.2127
2026-08-20T12:00,27.8,28.8,28.2,28.1,28,28.3,27.7,28.8,28,28.6,28.5,28.9,27.8,28.5,27.6,28.3,30,27.8,27.9,28.7,26.7,28,27.5,27,28.9,27.9,28,27.1,28.4,28.2,28.1,27,27.8,27.9,28.1,27.7,28.9,29,27.7,27,83,75,72,81,83,76,88,79,90,75,76,71,77,82,88,79,77,91,85,79,92,82,90,90,87,82,81,87,74,88,92,93,89,89,81,85,81,80,88,91,0.5,0,0,0,0.2,0,0.9,0,3.6,1.2,0,0.1,0,0.2,1.2,0,0.5,1.2,0.7,0.4,5.4,0,2.2,0.7,0.7,0.1,0,0.4,0,3.3,0.8,1,0.4,0.4,0.1,0,0,0.2,0.2,1.2,10.9,3.9,10,14.5,14.2,14.2,23.2,4,16.1,1.6,7.8,2.2,7,13.4,16.7,11.4,6.4,24.7,17.9,21,33.7,8.3,19.4,28.9,21.4,9.9,18.2,16.4,8.9,15.7,28.5,22,18.7,20.9,13.9,9.1,5,5.8,23.6,20.9,,,,,,,,,,,,,,,,,,,,,,,,,,,,,,,,,,,,,,,,,29.2,28.8,28.7,28.6,28.8,29.4,29.5,28.6,28.7,28.3,28.8,28.4,28.9,29.2,29.5,28,29.6,28.9,28.7,28.7,28.7,28.4,27.7,28.5,28.9,29,28.5,29.2,29.1,28.7,29.8,74,76,80,75,79,70,72,76,81,77,76,79,73,73,71,83,68,74,75,79,79,78,86,79,75,72,78,76,74,79,75,0.1,0,0,0,0,0,0,0,0,0,0,0,0,0,0,0.2,0,0.1,0,0.7,0,0,0.5,0,0,0,0,0,0,0,0.4,22.9,20.8,21.1,28.2,21.3,12.6,18.5,16.6,27.3,19.9,13.6,26.1,32.8,12.2,24.1,47.4,8,34.2,26.6,43.3,22.5,17.6,19.9,24.5,17.8,10,41.8,14.2,27.5,28.5,17.7,31.3,24.8,23.8,37.8,25.2,14.4,22,17.3,33.8,21.6,17.6,32.4,45,11.2,29.9,58.7,8.6,50.8,32.8,56.5,24.8,18,28.4,28.1,20.2,10.1,54.4,13,41,32.8,20.2,,,,,,22.2204,114.2127
2026-08-20T13:00,27.7,28.7,28.3,28.1,28,28.2,27.6,28.7,28.1,28.6,28.4,28.9,27.7,28.5,27.5,28.3,30,27.8,27.8,28.7,26.7,27.9,27.5,27,28.9,27.8,28,27.1,28.5,28.1,28.2,27,27.8,28,28.2,27.8,29,29.3,27.6,27,84,75,73,82,83,77,89,80,89,75,76,71,77,82,89,79,77,91,86,79,93,83,90,90,87,83,82,87,75,89,91,93,90,88,81,85,81,79,89,91,0.5,0,0,0,0.2,0,0.9,0,3.6,1.2,0,0.1,0,0.2,1.2,0,0.5,1.2,0.7,0.4,5.4,0,2.2,0.7,0.7,0.1,0,0.4,0,3.3,0.8,1,0.4,0.4,0.1,0,0,0.2,0.2,1.2,12.1,3.7,11.1,15.1,14.5,14.2,22.3,4.1,16,0.7,7.4,1.6,6.9,15.3,17,11.6,6.6,23.9,18.2,22.7,35.6,8.2,19.8,27.7,20.9,9.7,18.1,16,9,14.5,26.3,22,18.1,20.2,14,8.3,3.4,5.2,23.2,20.9,,,,,,,,,,,,,,,,,,,,,,,,,,,,,,,,,,,,,,,,,29.2,28.9,28.8,28.7,28.8,29.5,29.5,28.6,28.8,28.4,29.4,28.6,29,29.1,29.5,28.3,29.7,28.9,28.7,28.7,28.8,28.5,27.9,28.6,29.1,29.2,28.7,29.4,29.3,28.8,29.9,75,76,80,75,79,69,73,75,80,77,73,78,75,73,72,82,68,75,75,80,79,77,85,78,75,71,77,75,74,78,75,0.1,0,0,0,0,0,0,0,0,0,0,0,0,0,0,0.2,0,0.1,0,0.7,0,0,0.5,0,0,0,0,0,0,0,0.4,23.9,20.6,22,28,23.4,13,21,17.1,27.2,19.8,11.2,24.6,37.9,12.4,25.3,43.6,10.5,34.4,28.9,44.3,22.8,19.2,19.9,23.9,17.3,11.6,43.4,13.8,29.3,28.1,21.3,32.4,24.5,24.8,40,27,14.8,24.8,18,34.2,21.6,14.8,30.6,48.2,11.2,31,58,10.8,50.4,34.6,58,25.6,20.2,31.7,27.4,18.7,11.9,56.9,12.2,42.8,33.1,24.5,,,,,,22.2204,114.2127
2026-08-20T14:00,27.6,28.7,28.4,28.1,28.1,28.2,27.6,28.7,28.2,28.6,28.3,29,27.7,28.4,27.5,28.2,30,27.8,27.8,28.7,26.7,27.8,27.6,27,29,27.8,27.9,27.1,28.6,27.9,28.3,26.9,27.8,28.1,28.3,27.8,29.1,29.7,27.6,27,85,75,73,84,83,78,90,80,89,76,77,71,77,82,89,80,76,91,86,80,94,83,90,91,86,84,83,87,75,90,90,93,90,88,80,84,82,79,89,91,0.5,0,0,0,0.2,0,0.9,0,3.6,1.2,0,0.1,0,0.2,1.2,0,0.5,1.2,0.7,0.4,5.4,0,2.2,0.7,0.7,0.1,0,0.4,0,3.3,0.8,1,0.4,0.4,0.1,0,0,0.2,0.2,1.2,13.8,3.5,12.5,15.8,15.1,14.3,21.6,4.3,15.9,0.4,6.9,1.5,6.5,17.1,17,12.1,6.6,22.9,18.4,24.3,37.7,7.8,20.5,26.9,20.2,9.9,18,15.6,8.6,13.6,23.7,21.6,17.7,19.4,13.8,7.6,2.1,5.2,22.7,20.9,,,,,,,,,,,,,,,,,,,,,,,,,,,,,,,,,,,,,,,,,29.2,28.9,28.8,28.8,28.8,29.6,29.4,28.7,28.9,28.5,29.7,28.7,29,29,29.4,28.5,29.7,28.9,28.7,28.7,28.8,28.5,28.1,28.6,29.3,29.2,28.8,29.5,29.4,28.8,29.8,76,76,80,75,79,69,73,74,80,77,71,78,76,74,73,81,69,76,75,80,78,76,84,78,75,71,77,75,74,78,75,0.1,0,0,0,0,0,0,0,0,0,0,0,0,0,0,0.2,0,0.1,0,0.7,0,0,0.5,0,0,0,0,0,0,0,0.4,25.3,20.2,21.7,28.5,24.2,13.8,22.7,17.1,27.1,19.5,8.7,22.7,41.1,12.4,26.2,41.2,12.6,35.4,29.8,45,22.3,19.8,20.2,23.7,17,13.1,44.5,13.4,31.7,27.4,24.3,33.8,24.1,24.8,42.8,27.7,15.1,26.6,18.7,34.6,21.6,12.6,28.4,49.7,11.5,32,58,12.6,50.8,35.3,58.3,25.9,20.9,33.8,27.4,17.6,13.3,59,11.9,45.4,33.1,27.7,,,,,,22.2204,114.2127
2026-08-20T15:00,27.5,28.7,28.4,28,28.1,28.1,27.6,28.6,28.3,28.6,28.2,29,27.7,28.3,27.4,28.2,30,27.9,27.8,28.7,26.7,27.8,27.6,27,29,27.8,27.9,27.1,28.7,27.8,28.4,26.9,27.8,28.2,28.3,27.9,29.2,30,27.5,27,86,74,73,85,83,80,90,81,89,76,77,71,78,83,89,81,76,91,87,80,94,83,90,91,86,85,84,87,75,90,89,93,90,88,80,84,82,78,90,91,0.5,0,0,0,0.2,0,0.9,0,3.6,1.2,0,0.1,0,0.2,1.2,0,0.5,1.2,0.7,0.4,5.4,0,2.2,0.7,0.7,0.1,0,0.4,0,3.3,0.8,1,0.4,0.4,0.1,0,0,0.2,0.2,1.2,15.3,3,13.4,17.1,15.4,14.5,20.9,4.7,16.3,1.3,6.6,1.1,6.1,19.2,16.9,12.6,6.6,22,18.8,25.5,39.3,7.4,20.9,26,19.7,9.8,17.9,15.2,8.7,12.4,21.1,21.3,17.3,18.7,13.6,7.2,1,4.7,22,20.9,,,,,,,,,,,,,,,,,,,,,,,,,,,,,,,,,,,,,,,,,29.1,28.9,29,28.9,28.8,29.7,29.4,28.8,28.9,28.6,29.7,28.7,29,28.9,29.3,28.7,29.7,28.9,28.7,28.6,28.9,28.6,28.3,28.6,29.4,29.2,28.8,29.5,29.3,28.8,29.6,77,76,80,74,80,70,74,74,81,77,71,78,77,75,74,80,69,77,76,80,78,75,84,78,75,71,77,75,74,78,76,0,0,0,0,0,0,0,0,0,0,0,0,0,0.1,0,0.1,0,0.2,0,0.3,0,0,0.3,0,0,0,0,0,0.1,0,0,27.3,20.2,20.1,30,23.2,14.1,22.8,17,27,19.4,8,20.5,39.7,12.9,26.4,41.6,13.4,37,28.6,44.4,21.6,18.7,20.9,24,16.6,14.4,44.9,14.1,36.3,26,25.7,36.7,24.5,23.8,46.1,27.4,15.1,27.4,19.1,34.9,22,12.2,26.3,47.9,12.2,32.8,61.2,14,52.2,34.2,58,25.9,19.8,34.2,28.1,16.6,15.1,59.4,13.3,50.8,32.4,29.9,,,,,,22.2204,114.2127
2026-08-20T16:00,27.4,28.6,28.5,28,28.2,28,27.5,28.6,28.4,28.6,28.1,29,27.7,28.2,27.3,28.1,30,27.9,27.8,28.7,26.7,27.7,27.7,27,29.1,27.7,27.8,27.1,28.7,27.6,28.5,26.8,27.7,28.2,28.4,28,29.3,30.4,27.5,27,87,74,74,86,84,81,91,82,89,77,78,71,78,83,90,82,75,91,87,80,95,83,90,91,85,86,85,87,75,91,87,93,90,87,80,84,82,77,90,91,0.5,0,0,0,0.2,0,0.9,0,3.6,1.2,0,0.1,0,0.2,1.2,0,0.5,1.2,0.7,0.4,5.4,0,2.2,0.7,0.7,0.1,0,0.4,0,3.3,0.8,1,0.4,0.4,0.1,0,0,0.2,0.2,1.2,17,2.9,14.7,18,16,14.7,20.5,5.2,16.6,2.3,6.5,1.5,5.8,21.1,17.1,13.1,6.9,20.9,19.1,26.8,40.5,7.3,21.6,24.9,19,9.7,17.9,14.4,8.7,11.1,18.1,20.9,17,18.2,13.3,6.5,0.4,4.3,21.6,20.9,,,,,,,,,,,,,,,,,,,,,,,,,,,,,,,,,,,,,,,,,28.9,28.9,29.2,29.1,28.8,29.6,29.3,28.9,28.9,28.7,29.5,28.7,28.8,28.9,29.2,28.8,29.7,29,28.6,28.6,28.9,28.6,28.6,28.6,29.4,29.1,28.6,29.5,29.2,28.7,29.4,77,77,79,74,81,71,76,75,82,77,71,78,78,75,76,79,70,77,77,80,78,75,83,78,75,72,77,75,75,78,77,0,0,0,0,0,0,0,0,0,0,0,0,0,0.1,0,0.1,0,0.2,0,0.3,0,0,0.3,0,0,0,0,0,0.1,0,0,29.7,20.2,18.2,31.8,21.3,13.8,22.1,16.6,27,19.1,10,18.7,36.1,13.3,26,43.3,14.4,39.1,26,42.7,20.7,16.7,21.7,24.3,16.2,15.8,45,15.8,41.8,23.9,26,40.3,24.8,22,49.7,26.6,15.1,27,19.1,35.3,23,13,23.8,43.9,13,33.5,65.2,15.1,54.4,32,56.5,25.2,17.6,34.2,29.5,16.2,16.6,59,15.1,56.9,31.3,31.3,,,,,,22.2204,114.2127
2026-08-20T17:00,27.4,28.6,28.5,28,28.2,28,27.5,28.5,28.5,28.6,28,29,27.6,28.1,27.2,28.1,29.9,27.9,27.8,28.8,26.8,27.6,27.7,27,29.1,27.7,27.8,27.1,28.8,27.5,28.6,26.8,27.7,28.3,28.5,28,29.3,30.7,27.4,27,88,74,74,87,84,82,92,82,89,78,78,71,78,83,90,83,75,90,88,81,95,83,90,92,85,87,85,87,76,91,86,93,91,87,80,84,83,76,91,91,0.5,0,0,0,0.2,0,0.9,0,3.6,1.2,0,0.1,0,0.2,1.2,0,0.5,1.2,0.7,0.4,5.4,0,2.2,0.7,0.7,0.1,0,0.4,0,3.3,0.8,1,0.4,0.4,0.1,0,0,0.2,0.2,1.2,18.6,2.9,15.8,19.1,16.3,14.9,20.8,5.7,16.7,3.1,6.4,1.6,5.5,22.6,17.1,13.4,6.7,20.1,19.4,28,41.1,7.2,22.3,24.1,18.6,9.7,17.8,14,8.6,10.4,15.6,20.5,16.9,17.1,13,5.9,1.5,4,20.9,20.5,,,,,,,,,,,,,,,,,,,,,,,,,,,,,,,,,,,,,,,,,28.8,28.8,29.3,29.1,28.8,29.5,29.2,28.9,28.8,28.8,29.2,28.7,28.7,28.8,29,28.8,29.5,28.9,28.5,28.5,28.8,28.6,28.8,28.6,29.4,28.9,28.4,29.4,29,28.6,29.1,78,78,79,74,82,73,77,76,83,77,72,79,79,76,77,79,71,78,79,80,78,75,83,79,75,73,78,75,76,79,78,0,0,0,0,0,0,0,0,0,0,0,0,0,0.1,0,0.1,0,0.2,0,0.3,0,0,0.3,0,0,0,0,0,0.1,0,0,30.9,20,16.4,34.3,19.4,14.4,21.3,16.3,26.3,18.9,12.4,16.9,32.8,13.6,25.6,44,15.8,41.3,23.8,42,19.5,14.6,22.5,25.2,15.6,16.9,44.9,16.6,44,22.4,25.2,42.5,25.2,20.2,52.6,25.6,15.8,25.9,18.7,34.9,23.4,13.7,21.6,41.8,13.7,35.6,67.3,16.6,56.9,30.6,55.8,24.5,15.8,33.8,31.7,15.8,18,59,16.2,59.4,30.2,31.3,,,,,,22.2204,114.2127
2026-08-20T18:00,27.3,28.6,28.5,27.9,28.3,27.9,27.5,28.5,28.6,28.6,27.9,29,27.6,28.1,27.2,28,29.9,28,27.7,28.8,26.8,27.6,27.8,27,29.2,27.7,27.8,27.2,28.9,27.4,28.7,26.8,27.7,28.4,28.5,28.1,29.4,31,27.4,27,89,74,75,87,84,83,92,83,88,78,79,71,78,83,90,84,75,90,88,81,96,83,90,92,85,88,86,87,76,91,85,93,91,87,81,83,83,76,91,91,0.5,0,0,0,0.2,0,0.9,0,3.6,1.2,0,0.1,0,0.2,1.2,0,0.5,1.2,0.7,0.4,5.4,0,2.2,0.7,0.7,0.1,0,0.4,0,3.3,0.8,1,0.4,0.4,0.1,0,0,0.2,0.2,1.2,19.7,2.9,16.9,19.8,16.9,15.2,20.9,6.3,16.6,3.8,6.6,2.3,5.6,24.4,17,14.1,6.7,19.5,19.4,28.8,41.3,7.2,22.7,23.4,17.9,9.8,17.8,13.7,8.7,9.8,13.6,20.2,16.7,16.6,12.6,5.5,2.6,3.7,20.6,20.5,,,,,,,,,,,,,,,,,,,,,,,,,,,,,,,,,,,,,,,,,28.6,28.6,29.2,28.8,28.7,29.3,29,28.8,28.7,28.7,28.9,28.5,28.6,28.7,28.9,28.7,29.2,28.8,28.4,28.3,28.7,28.5,28.7,28.4,29.2,28.6,28.3,29.3,28.7,28.5,28.8,79,80,80,76,83,74,78,78,84,78,73,81,80,77,78,80,73,79,80,81,79,76,83,80,76,75,79,76,78,80,80,0,0,0,0,0.1,0,0,0,0,0,0.5,0,0.1,0.1,0,1.9,0.1,0.5,0,0.1,0,0,0.2,0,0,0,0,0,0.3,0,0.2,30.2,19,14.6,37.1,17.8,15.4,19.3,15.2,24.3,18.2,12.7,15.5,31.3,13.3,25.8,42.7,16.9,43.6,22.7,42.4,18.2,12.9,22.5,26.4,15.3,16.9,45.3,15.4,39.1,21.3,23,42.5,24.5,18.4,54,24.5,18,23.8,17.6,33.8,23.8,14,20.2,42.5,13.7,40.3,65.2,19.1,60.1,29.9,56.2,23.8,14.4,34.2,35.3,16.9,18.7,59.8,15.8,54,29.9,29.5,,,,,,22.2204,114.2127
2026-08-20T19:00,27.3,28.5,28.5,27.9,28.3,27.9,27.5,28.4,28.7,28.5,27.8,29,27.6,28,27.1,28,29.8,28,27.7,28.7,26.8,27.5,27.8,27,29.2,27.6,27.7,27.2,28.9,27.3,28.8,26.8,27.6,28.5,28.5,28.1,29.5,31.2,27.4,27.1,90,74,75,88,85,83,93,84,88,79,80,72,79,84,91,84,75,90,89,82,96,83,90,92,84,89,87,87,76,92,85,93,91,86,81,83,83,75,92,91,0.5,0,0,0,0.2,0,0.9,0,3.6,1.2,0,0.1,0,0.2,1.2,0,0.5,1.2,0.7,0.4,5.4,0,2.2,0.7,0.7,0.1,0,0.4,0,3.3,0.8,1,0.4,0.4,0.1,0,0,0.2,0.2,1.2,20.6,2.6,17.7,20.2,16.8,15.5,21.1,6.9,16.7,4.3,6.6,2.5,5.4,25.6,16.6,14.4,6.7,18.8,19.5,29.3,40.4,6.9,23,22.7,17.5,9.8,17.8,13.7,8.7,8.9,11.9,19.8,16.6,15.6,12,5.2,3,3.4,20,20.5,,,,,,,,,,,,,,,,,,,,,,,,,,,,,,,,,,,,,,,,,28.4,28.4,29,28.4,28.5,29.1,28.7,28.6,28.6,28.5,28.6,28.3,28.4,28.7,28.7,28.5,28.8,28.5,28.2,28.2,28.5,28.4,28.6,28.2,29,28.4,28.2,29,28.3,28.3,28.5,80,82,81,78,84,76,80,80,85,80,75,82,82,78,78,82,76,81,82,83,79,77,84,80,78,76,81,77,81,82,82,0,0,0,0,0.1,0,0,0,0,0,0.5,0,0.1,0.1,0,1.9,0.1,0.5,0,0.1,0,0,0.2,0,0,0,0,0,0.3,0,0.2,28.7,18,13.2,39.8,16.9,16.2,16.5,14.1,22,17.1,11.8,14.8,31.9,12.4,26.6,42.6,18.2,46,22,43.4,16.7,11.4,22.1,27.5,15.7,16.5,45.7,12.9,31.7,20.9,20.3,41.4,23.4,16.6,55.1,23.8,20.5,20.5,16.6,32,24.1,14,18.7,44.6,13.7,46.4,61.2,22,63.4,29.9,57.2,22.7,13,34.2,39.6,18,19.1,60.1,14.4,45,29.9,26.3,,,,,,22.2204,114.2127
2026-08-20T20:00,27.3,28.5,28.4,27.9,28.3,27.8,27.5,28.4,28.8,28.5,27.8,28.9,27.6,28,27.1,27.9,29.7,28,27.7,28.7,26.8,27.5,27.9,27,29.3,27.6,27.7,27.2,28.9,27.2,28.9,26.9,27.6,28.6,28.4,28.1,29.5,31.3,27.3,27.1,90,74,76,88,85,84,93,84,88,79,80,72,79,84,91,85,75,90,89,82,96,83,90,92,84,89,87,87,76,92,84,93,91,86,81,83,83,75,92,91,0.5,0,0,0,0.2,0,0.9,0,3.6,1.2,0,0.1,0,0.2,1.2,0,0.5,1.2,0.7,0.4,5.4,0,2.2,0.7,0.7,0.1,0,0.4,0,3.3,0.8,1,0.4,0.4,0.1,0,0,0.2,0.2,1.2,21,2.6,18.2,20.6,17.1,15.5,21.3,7.3,16.6,4.3,6.9,2.5,5.4,26.7,16.2,14.8,6.7,18.5,19.1,29.2,38.9,6.9,23,22,16.8,9.9,17.8,13.3,8.6,8.4,10.9,19.9,16.2,15.1,11.2,4.8,3.3,3.4,19.4,20.5,,,,,,,,,,,,,,,,,,,,,,,,,,,,,,,,,,,,,,,,,28.3,28.2,28.9,28.1,28.4,28.8,28.5,28.4,28.4,28.4,28.3,28,28.3,28.6,28.6,28.4,28.5,28.4,28.1,28.1,28.3,28.2,28.4,28,28.8,28.1,28.1,28.8,28.1,28.2,28.3,81,84,82,80,85,77,81,82,86,82,76,84,83,79,78,83,79,82,83,84,80,78,84,81,80,78,83,78,83,84,84,0,0,0,0,0.1,0,0,0,0,0,0.5,0,0.1,0.1,0,1.9,0.1,0.5,0,0.1,0,0,0.2,0,0,0,0,0,0.3,0,0.2,26.8,17.7,11.7,41.6,15.5,15.9,14.2,13,20,16,10.6,15.4,33.7,11.8,27.1,42.9,18.4,48,21.6,43.9,15.2,10.5,22,29,15.1,15.9,45.7,11,26.9,20.9,17.2,40.3,23,14.4,55.4,22.7,20.9,18,15.5,31,23.4,14,18.7,46.4,13.7,50.4,57.2,24.1,65.5,30.2,57.6,21.2,12.2,34.6,42.5,18.4,19.1,60.1,13,38.5,30.2,22.7,,,,,,22.2204,114.2127
2026-08-20T21:00,27.3,28.4,28.3,27.8,28.3,27.8,27.6,28.3,28.9,28.5,27.7,28.9,27.6,27.9,27,27.9,29.5,28.1,27.7,28.7,26.7,27.5,27.9,27,29.4,27.6,27.7,27.2,28.9,27.2,28.9,26.9,27.6,28.7,28.3,28.1,29.5,31.4,27.3,27.1,90,74,77,88,85,84,93,84,88,79,80,72,79,84,91,85,76,90,89,83,96,83,90,92,84,89,87,87,76,92,84,93,91,86,81,83,83,75,92,91,0.6,0,0.4,0,5.1,0,2.1,0.9,3.1,0.4,0,0.2,0.1,1.7,1.8,0.2,0.9,0.9,0.2,1.7,9.7,0,2.1,1.4,0.3,0,0.1,0.8,0,2,3.3,0.6,0.1,0.3,0.8,0,0.1,0.5,1.3,1,20.9,2.6,18.5,20.5,16.9,15.5,21.3,7.6,16.3,4.1,7.3,2.5,5.2,27.4,15.5,15.1,6.7,18,18.8,28.6,35.8,6.6,23.1,21.3,16.1,9.9,17.8,13,8.6,8,10.5,19.9,15.9,14.6,10.2,4.7,3.3,3.4,18.7,20.5,,,,,,,,,,,,,,,,,,,,,,,,,,,,,,,,,,,,,,,,,28.3,28.1,28.8,27.9,28.3,28.7,28.4,28.3,28.3,28.3,28.3,27.9,28.2,28.4,28.5,28.2,28.4,28.3,28,28,28.2,28.1,28.3,28,28.7,28,28,28.7,28,28.2,28.2,81,85,82,81,86,78,82,83,87,83,77,85,84,81,78,84,81,83,83,84,80,79,84,81,81,79,84,78,84,85,84,0,0,0.2,0,0.1,0,0.3,0.4,0.5,0,0,0,0.6,0.5,0,0.7,0.4,0.3,0,0.3,0,0,1.2,0.4,0,0,0.3,0,0.1,0.1,0.3,25.6,18.2,9.4,42,14.4,12.6,12.7,12.3,19.5,14.5,10,16.9,35.6,12,29.3,41.6,17.6,49,22.3,43.7,13.8,10.1,21.9,30.3,13,15.6,44.8,10,26.6,21.7,14.3,40.7,23.8,10.8,55.8,21.6,16.9,16.6,15.1,31.3,21.2,13.3,20.5,47.5,14.4,51.5,54,24.5,65.5,31.3,56.9,19.8,11.9,34.9,43.2,16.2,19.1,58.7,11.9,38.2,31.3,18.4,,,,,,22.2204,114.2127
2026-08-20T22:00,27.3,28.4,28.2,27.8,28.2,27.8,27.6,28.3,29,28.5,27.7,28.8,27.7,27.9,27,27.8,29.3,28.1,27.7,28.6,26.7,27.5,28,27,29.4,27.6,27.7,27.3,28.9,27.1,29,27.1,27.6,28.8,28.2,28.1,29.5,31.4,27.3,27.1,90,75,77,87,86,84,93,85,88,80,81,73,80,85,91,86,77,90,89,83,96,82,90,92,84,89,87,87,76,92,83,92,91,86,82,83,83,75,92,91,0.6,0,0.4,0,5.1,0,2.1,0.9,3.1,0.4,0,0.2,0.1,1.7,1.8,0.2,0.9,0.9,0.2,1.7,9.7,0,2.1,1.4,0.3,0,0.1,0.8,0,2,3.3,0.6,0.1,0.3,0.8,0,0.1,0.5,1.3,1,20.2,2.3,18.9,20.2,16.9,15.5,20.7,7.6,16.3,3.6,8,2.3,5.2,28.1,14.8,15.5,6.4,18,18.1,27.7,31.8,6.5,23.1,21,15.5,9.9,17.5,13,8.2,7.6,10.4,20,15.5,13.9,9,4.7,2.9,3.4,17.7,20.5,,,,,,,,,,,,,,,,,,,,,,,,,,,,,,,,,,,,,,,,,28.3,28,28.7,27.8,28.2,28.6,28.3,28.2,28.2,28.3,28.4,27.7,28.2,28.2,28.4,28,28.4,28.3,27.9,28,28.1,28,28.3,28,28.6,27.9,27.9,28.7,28,28.1,28.2,80,85,81,83,87,79,82,83,87,83,78,85,84,83,78,84,82,83,83,84,80,80,85,82,82,80,85,79,83,86,84,0,0,0.2,0,0.1,0,0.3,0.4,0.5,0,0,0,0.6,0.5,0,0.7,0.4,0.3,0,0.3,0,0,1.2,0.4,0,0,0.3,0,0.1,0.1,0.3,24.6,18.7,6.1,42,14.1,8.2,11.9,12.2,19.9,12.8,9.5,18.8,36.8,12.3,32.8,38.6,16.1,49.9,23.5,42.8,12.8,10.4,21.6,32.1,10.1,15.4,43.3,8.9,28.7,23.4,10.9,41,24.8,7.2,55.8,20.5,10.8,15.1,15.1,31.7,18.4,12.6,23,48.2,15.1,50.8,51.1,24.1,64.1,32.8,55.8,18,12.2,35.3,42.8,12.6,18.7,56.2,10.4,40.7,32.8,13.3,,,,,,22.2204,114.2127
2026-08-20T23:00,27.4,28.3,28,27.8,28.2,27.8,27.7,28.2,29.1,28.4,27.7,28.7,27.7,27.9,27,27.8,29.1,28.2,27.8,28.6,26.7,27.5,28,27,29.5,27.6,27.7,27.3,28.9,27.1,29.1,27.2,27.5,28.9,28.1,28.1,29.4,31.4,27.3,27.1,90,75,78,86,87,84,93,85,88,80,81,74,80,85,91,86,78,90,89,84,96,81,90,92,84,89,87,87,76,92,83,92,91,86,83,83,83,75,92,91,0.6,0,0.4,0,5.1,0,2.1,0.9,3.1,0.4,0,0.2,0.1,1.7,1.8,0.2,0.9,0.9,0.2,1.7,9.7,0,2.1,1.4,0.3,0,0.1,0.8,0,2,3.3,0.6,0.1,0.3,0.8,0,0.1,0.5,1.3,1,19.4,1.8,19,19.5,16.7,15.2,20.6,8,16,3.4,8.8,1.8,5.1,28.4,14.1,15.5,5.9,17.9,17.4,26.4,27,6.1,22.9,20.6,14.8,9.5,17.5,12.6,7.9,7.2,10.4,20.1,14.8,13.1,7.3,4.7,2.6,3.3,16.9,20.5,,,,,,,,,,,,,,,,,,,,,,,,,,,,,,,,,,,,,,,,,28.3,27.9,28.7,27.7,28.1,28.5,28.3,28.1,28.1,28.2,28.4,27.6,28.1,28.1,28.3,27.8,28.4,28.3,27.9,27.9,28.1,27.9,28.2,28,28.5,27.8,27.8,28.6,28,28.1,28.3,79,85,81,83,87,80,82,83,87,84,79,85,84,84,78,84,83,83,83,84,80,81,85,82,82,81,85,79,83,86,83,0,0,0.2,0,0.1,0,0.3,0.4,0.5,0,0,0,0.6,0.5,0,0.7,0.4,0.3,0,0.3,0,0,1.2,0.4,0,0,0.3,0,0.1,0.1,0.3,22.7,19.6,4.1,41.1,14,4.7,10.4,12,19.5,11.2,10.1,20,37.6,12,33.4,36.7,14.4,50.4,24.4,41.8,11.3,10.8,21.5,32.5,8.9,14.7,41.9,8.1,31,24.7,8.6,40.7,25.6,5.4,55.4,19.8,6.5,13.3,15.1,31,15.8,13,24.8,48.6,14.8,48.2,49,22.7,64.1,33.5,54.4,16.2,12.6,35.3,41.8,10.4,18,54,9.4,43.2,33.8,10.1,,,,,,22.2204,114.2127
