time,temperature_2m_icon_seamless_eps (°C),temperature_2m_member01_icon_seamless_eps (°C),temperature_2m_member02_icon_seamless_eps (°C),temperature_2m_member03_icon_seamless_eps (°C),temperature_2m_member04_icon_seamless_eps (°C),temperature_2m_member05_icon_seamless_eps (°C),temperature_2m_member06_icon_seamless_eps (°C),temperature_2m_member07_icon_seamless_eps (°C),temperature_2m_member08_icon_seamless_eps (°C),temperature_2m_member09_icon_seamless_eps (°C),temperature_2m_member10_icon_seamless_eps (°C),temperature_2m_member11_icon_seamless_eps (°C),temperature_2m_member12_icon_seamless_eps (°C),temperature_2m_member13_icon_seamless_eps (°C),temperature_2m_member14_icon_seamless_eps (°C),temperature_2m_member15_icon_seamless_eps (°C),temperature_2m_member16_icon_seamless_eps (°C),temperature_2m_member17_icon_seamless_eps (°C),temperature_2m_member18_icon_seamless_eps (°C),temperature_2m_member19_icon_seamless_eps (°C),temperature_2m_member20_icon_seamless_eps (°C),temperature_2m_member21_icon_seamless_eps (°C),temperature_2m_member22_icon_seamless_eps (°C),temperature_2m_member23_icon_seamless_eps (°C),temperature_2m_member24_icon_seamless_eps (°C),temperature_2m_member25_icon_seamless_eps (°C),temperature_2m_member26_icon_seamless_eps (°C),temperature_2m_member27_icon_seamless_eps (°C),temperature_2m_member28_icon_seamless_eps (°C),temperature_2m_member29_icon_seamless_eps (°C),temperature_2m_member30_icon_seamless_eps (°C),temperature_2m_member31_icon_seamless_eps (°C),temperature_2m_member32_icon_seamless_eps (°C),temperature_2m_member33_icon_seamless_eps (°C),temperature_2m_member34_icon_seamless_eps (°C),temperature_2m_member35_icon_seamless_eps (°C),temperature_2m_member36_icon_seamless_eps (°C),temperature_2m_member37_icon_seamless_eps (°C),temperature_2m_member38_icon_seamless_eps (°C),temperature_2m_member39_icon_seamless_eps (°C),relativehumidity_2m_icon_seamless_eps (%),relativehumidity_2m_member01_icon_seamless_eps (%),relativehumidity_2m_member02_icon_seamless_eps (%),relativehumidity_2m_member03_icon_seamless_eps (%),relativehumidity_2m_member04_icon_seamless_eps (%),relativehumidity_2m_member05_icon_seamless_eps (%),relativehumidity_2m_member06_icon_seamless_eps (%),relativehumidity_2m_member07_icon_seamless_eps (%),relativehumidity_2m_member08_icon_seamless_eps (%),relativehumidity_2m_member09_icon_seamless_eps (%),relativehumidity_2m_member10_icon_seamless_eps (%),relativehumidity_2m_member11_icon_seamless_eps (%),relativehumidity_2m_member12_icon_seamless_eps (%),relativehumidity_2m_member13_icon_seamless_eps (%),relativehumidity_2m_member14_icon_seamless_eps (%),relativehumidity_2m_member15_icon_seamless_eps (%),relativehumidity_2m_member16_icon_seamless_eps (%),relativehumidity_2m_member17_icon_seamless_eps (%),relativehumidity_2m_member18_icon_seamless_eps (%),relativehumidity_2m_member19_icon_seamless_eps (%),relativehumidity_2m_member20_icon_seamless_eps (%),relativehumidity_2m_member21_icon_seamless_eps (%),relativehumidity_2m_member22_icon_seamless_eps (%),relativehumidity_2m_member23_icon_seamless_eps (%),relativehumidity_2m_member24_icon_seamless_eps (%),relativehumidity_2m_member25_icon_seamless_eps (%),relativehumidity_2m_member26_icon_seamless_eps (%),relativehumidity_2m_member27_icon_seamless_eps (%),relativehumidity_2m_member28_icon_seamless_eps (%),relativehumidity_2m_member29_icon_seamless_eps (%),relativehumidity_2m_member30_icon_seamless_eps (%),relativehumidity_2m_member31_icon_seamless_eps (%),relativehumidity_2m_member32_icon_seamless_eps (%),relativehumidity_2m_member33_icon_seamless_eps (%),relativehumidity_2m_member34_icon_seamless_eps (%),relativehumidity_2m_member35_icon_seamless_eps (%),relativehumidity_2m_member36_icon_seamless_eps (%),relativehumidity_2m_member37_icon_seamless_eps (%),relativehumidity_2m_member38_icon_seamless_eps (%),relativehumidity_2m_member39_icon_seamless_eps (%),rain_icon_seamless_eps (mm),rain_member01_icon_seamless_eps (mm),rain_member02_icon_seamless_eps (mm),rain_member03_icon_seamless_eps (mm),rain_member04_icon_seamless_eps (mm),rain_member05_icon_seamless_eps (mm),rain_member06_icon_seamless_eps (mm),rain_member07_icon_seamless_eps (mm),rain_member08_icon_seamless_eps (mm),rain_member09_icon_seamless_eps (mm),rain_member10_icon_seamless_eps (mm),rain_member11_icon_seamless_eps (mm),rain_member12_icon_seamless_eps (mm),rain_member13_icon_seamless_eps (mm),rain_member14_icon_seamless_eps (mm),rain_member15_icon_seamless_eps (mm),rain_member16_icon_seamless_eps (mm),rain_member17_icon_seamless_eps (mm),rain_member18_icon_seamless_eps (mm),rain_member19_icon_seamless_eps (mm),rain_member20_icon_seamless_eps (mm),rain_member21_icon_seamless_eps (mm),rain_member22_icon_seamless_eps (mm),rain_member23_icon_seamless_eps (mm),rain_member24_icon_seamless_eps (mm),rain_member25_icon_seamless_eps (mm),rain_member26_icon_seamless_eps (mm),rain_member27_icon_seamless_eps (mm),rain_member28_icon_seamless_eps (mm),rain_member29_icon_seamless_eps (mm),rain_member30_icon_seamless_eps (mm),rain_member31_icon_seamless_eps (mm),rain_member32_icon_seamless_eps (mm),rain_member33_icon_seamless_eps (mm),rain_member34_icon_seamless_eps (mm),rain_member35_icon_seamless_eps (mm),rain_member36_icon_seamless_eps (mm),rain_member37_icon_seamless_eps (mm),rain_member38_icon_seamless_eps (mm),rain_member39_icon_seamless_eps (mm),windspeed_10m_icon_seamless_eps (km/h),windspeed_10m_member01_icon_seamless_eps (km/h),windspeed_10m_member02_icon_seamless_eps (km/h),windspeed_10m_member03_icon_seamless_eps (km/h),windspeed_10m_member04_icon_seamless_eps (km/h),windspeed_10m_member05_icon_seamless_eps (km/h),windspeed_10m_member06_icon_seamless_eps (km/h),windspeed_10m_member07_icon_seamless_eps (km/h),windspeed_10m_member08_icon_seamless_eps (km/h),windspeed_10m_member09_icon_seamless_eps (km/h),windspeed_10m_member10_icon_seamless_eps (km/h),windspeed_10m_member11_icon_seamless_eps (km/h),windspeed_10m_member12_icon_seamless_eps (km/h),windspeed_10m_member13_icon_seamless_eps (km/h),windspeed_10m_member14_icon_seamless_eps (km/h),windspeed_10m_member15_icon_seamless_eps (km/h),windspeed_10m_member16_icon_seamless_eps (km/h),windspeed_10m_member17_icon_seamless_eps (km/h),windspeed_10m_member18_icon_seamless_eps (km/h),windspeed_10m_member19_icon_seamless_eps (km/h),windspeed_10m_member20_icon_seamless_eps (km/h),windspeed_10m_member21_icon_seamless_eps (km/h),windspeed_10m_member22_icon_seamless_eps (km/h),windspeed_10m_member23_icon_seamless_eps (km/h),windspeed_10m_member24_icon_seamless_eps (km/h),windspeed_10m_member25_icon_seamless_eps (km/h),windspeed_10m_member26_icon_seamless_eps (km/h),windspeed_10m_member27_icon_seamless_eps (km/h),windspeed_10m_member28_icon_seamless_eps (km/h),windspeed_10m_member29_icon_seamless_eps (km/h),windspeed_10m_member30_icon_seamless_eps (km/h),windspeed_10m_member31_icon_seamless_eps (km/h),windspeed_10m_member32_icon_seamless_eps (km/h),windspeed_10m_member33_icon_seamless_eps (km/h),windspeed_10m_member34_icon_seamless_eps (km/h),windspeed_10m_member35_icon_seamless_eps (km/h),windspeed_10m_member36_icon_seamless_eps (km/h),windspeed_10m_member37_icon_seamless_eps (km/h),windspeed_10m_member38_icon_seamless_eps (km/h),windspeed_10m_member39_icon_seamless_eps (km/h),windgusts_10m_icon_seamless_eps (undefined),windgusts_10m_member01_icon_seamless_eps (undefined),windgusts_10m_member02_icon_seamless_eps (undefined),windgusts_10m_member03_icon_seamless_eps (undefined),windgusts_10m_member04_icon_seamless_eps (undefined),windgusts_10m_member05_icon_seamless_eps (undefined),windgusts_10m_member06_icon_seamless_eps (undefined),windgusts_10m_member07_icon_seamless_eps (undefined),windgusts_10m_member08_icon_seamless_eps (undefined),windgusts_10m_member09_icon_seamless_eps (undefined),windgusts_10m_member10_icon_seamless_eps (undefined),windgusts_10m_member11_icon_seamless_eps (undefined),windgusts_10m_member12_icon_seamless_eps (undefined),windgusts_10m_member13_icon_seamless_eps (undefined),windgusts_10m_member14_icon_seamless_eps (undefined),windgusts_10m_member15_icon_seamless_eps (undefined),windgusts_10m_member16_icon_seamless_eps (undefined),windgusts_10m_member17_icon_seamless_eps (undefined),windgusts_10m_member18_icon_seamless_eps (undefined),windgusts_10m_member19_icon_seamless_eps (undefined),windgusts_10m_member20_icon_seamless_eps (undefined),windgusts_10m_member21_icon_seamless_eps (undefined),windgusts_10m_member22_icon_seamless_eps (undefined),windgusts_10m_member23_icon_seamless_eps (undefined),windgusts_10m_member24_icon_seamless_eps (undefined),windgusts_10m_member25_icon_seamless_eps (undefined),windgusts_10m_member26_icon_seamless_eps (undefined),windgusts_10m_member27_icon_seamless_eps (undefined),windgusts_10m_member28_icon_seamless_eps (undefined),windgusts_10m_member29_icon_seamless_eps (undefined),windgusts_10m_member30_icon_seamless_eps (undefined),windgusts_10m_member31_icon_seamless_eps (undefined),windgusts_10m_member32_icon_seamless_eps (undefined),windgusts_10m_member33_icon_seamless_eps (undefined),windgusts_10m_member34_icon_seamless_eps (undefined),windgusts_10m_member35_icon_seamless_eps (undefined),windgusts_10m_member36_icon_seamless_eps (undefined),windgusts_10m_member37_icon_seamless_eps (undefined),windgusts_10m_member38_icon_seamless_eps (undefined),windgusts_10m_member39_icon_seamless_eps (undefined),temperature_2m_ncep_gefs_seamless (°C),temperature_2m_member01_ncep_gefs_seamless (°C),temperature_2m_member02_ncep_gefs_seamless (°C),temperature_2m_member03_ncep_gefs_seamless (°C),temperature_2m_member04_ncep_gefs_seamless (°C),temperature_2m_member05_ncep_gefs_seamless (°C),temperature_2m_member06_ncep_gefs_seamless (°C),temperature_2m_member07_ncep_gefs_seamless (°C),temperature_2m_member08_ncep_gefs_seamless (°C),temperature_2m_member09_ncep_gefs_seamless (°C),temperature_2m_member10_ncep_gefs_seamless (°C),temperature_2m_member11_ncep_gefs_seamless (°C),temperature_2m_member12_ncep_gefs_seamless (°C),temperature_2m_member13_ncep_gefs_seamless (°C),temperature_2m_member14_ncep_gefs_seamless (°C),temperature_2m_member15_ncep_gefs_seamless (°C),temperature_2m_member16_ncep_gefs_seamless (°C),temperature_2m_member17_ncep_gefs_seamless (°C),temperature_2m_member18_ncep_gefs_seamless (°C),temperature_2m_member19_ncep_gefs_seamless (°C),temperature_2m_member20_ncep_gefs_seamless (°C),temperature_2m_member21_ncep_gefs_seamless (°C),temperature_2m_member22_ncep_gefs_seamless (°C),temperature_2m_member23_ncep_gefs_seamless (°C),temperature_2m_member24_ncep_gefs_seamless (°C),temperature_2m_member25_ncep_gefs_seamless (°C),temperature_2m_member26_ncep_gefs_seamless (°C),temperature_2m_member27_ncep_gefs_seamless (°C),temperature_2m_member28_ncep_gefs_seamless (°C),temperature_2m_member29_ncep_gefs_seamless (°C),temperature_2m_member30_ncep_gefs_seamless (°C),relativehumidity_2m_ncep_gefs_seamless (%),relativehumidity_2m_member01_ncep_gefs_seamless (%),relativehumidity_2m_member02_ncep_gefs_seamless (%),relativehumidity_2m_member03_ncep_gefs_seamless (%),relativehumidity_2m_member04_ncep_gefs_seamless (%),relativehumidity_2m_member05_ncep_gefs_seamless (%),relativehumidity_2m_member06_ncep_gefs_seamless (%),relativehumidity_2m_member07_ncep_gefs_seamless (%),relativehumidity_2m_member08_ncep_gefs_seamless (%),relativehumidity_2m_member09_ncep_gefs_seamless (%),relativehumidity_2m_member10_ncep_gefs_seamless (%),relativehumidity_2m_member11_ncep_gefs_seamless (%),relativehumidity_2m_member12_ncep_gefs_seamless (%),relativehumidity_2m_member13_ncep_gefs_seamless (%),relativehumidity_2m_member14_ncep_gefs_seamless (%),relativehumidity_2m_member15_ncep_gefs_seamless (%),relativehumidity_2m_member16_ncep_gefs_seamless (%),relativehumidity_2m_member17_ncep_gefs_seamless (%),relativehumidity_2m_member18_ncep_gefs_seamless (%),relativehumidity_2m_member19_ncep_gefs_seamless (%),relativehumidity_2m_member20_ncep_gefs_seamless (%),relativehumidity_2m_member21_ncep_gefs_seamless (%),relativehumidity_2m_member22_ncep_gefs_seamless (%),relativehumidity_2m_member23_ncep_gefs_seamless (%),relativehumidity_2m_member24_ncep_gefs_seamless (%),relativehumidity_2m_member25_ncep_gefs_seamless (%),relativehumidity_2m_member26_ncep_gefs_seamless (%),relativehumidity_2m_member27_ncep_gefs_seamless (%),relativehumidity_2m_member28_ncep_gefs_seamless (%),relativehumidity_2m_member29_ncep_gefs_seamless (%),relativehumidity_2m_member30_ncep_gefs_seamless (%),rain_ncep_gefs_seamless (mm),rain_member01_ncep_gefs_seamless (mm),rain_member02_ncep_gefs_seamless (mm),rain_member03_ncep_gefs_seamless (mm),rain_member04_ncep_gefs_seamless (mm),rain_member05_ncep_gefs_seamless (mm),rain_member06_ncep_gefs_seamless (mm),rain_member07_ncep_gefs_seamless (mm),rain_member08_ncep_gefs_seamless (mm),rain_member09_ncep_gefs_seamless (mm),rain_member10_ncep_gefs_seamless (mm),rain_member11_ncep_gefs_seamless (mm),rain_member12_ncep_gefs_seamless (mm),rain_member13_ncep_gefs_seamless (mm),rain_member14_ncep_gefs_seamless (mm),rain_member15_ncep_gefs_seamless (mm),rain_member16_ncep_gefs_seamless (mm),rain_member17_ncep_gefs_seamless (mm),rain_member18_ncep_gefs_seamless (mm),rain_member19_ncep_gefs_seamless (mm),rain_member20_ncep_gefs_seamless (mm),rain_member21_ncep_gefs_seamless (mm),rain_member22_ncep_gefs_seamless (mm),rain_member23_ncep_gefs_seamless (mm),rain_member24_ncep_gefs_seamless (mm),rain_member25_ncep_gefs_seamless (mm),rain_member26_ncep_gefs_seamless (mm),rain_member27_ncep_gefs_seamless (mm),rain_member28_ncep_gefs_seamless (mm),rain_member29_ncep_gefs_seamless (mm),rain_member30_ncep_gefs_seamless (mm),windspeed_10m_ncep_gefs_seamless (km/h),windspeed_10m_member01_ncep_gefs_seamless (km/h),windspeed_10m_member02_ncep_gefs_seamless (km/h),windspeed_10m_member03_ncep_gefs_seamless (km/h),windspeed_10m_member04_ncep_gefs_seamless (km/h),windspeed_10m_member05_ncep_gefs_seamless (km/h),windspeed_10m_member06_ncep_gefs_seamless (km/h),windspeed_10m_member07_ncep_gefs_seamless (km/h),windspeed_10m_member08_ncep_gefs_seamless (km/h),windspeed_10m_member09_ncep_gefs_seamless (km/h),windspeed_10m_member10_ncep_gefs_seamless (km/h),windspeed_10m_member11_ncep_gefs_seamless (km/h),windspeed_10m_member12_ncep_gefs_seamless (km/h),windspeed_10m_member13_ncep_gefs_seamless (km/h),windspeed_10m_member14_ncep_gefs_seamless (km/h),windspeed_10m_member15_ncep_gefs_seamless (km/h),windspeed_10m_member16_ncep_gefs_seamless (km/h),windspeed_10m_member17_ncep_gefs_seamless (km/h),windspeed_10m_member18_ncep_gefs_seamless (km/h),windspeed_10m_member19_ncep_gefs_seamless (km/h),windspeed_10m_member20_ncep_gefs_seamless (km/h),windspeed_10m_member21_ncep_gefs_seamless (km/h),windspeed_10m_member22_ncep_gefs_seamless (km/h),windspeed_10m_member23_ncep_gefs_seamless (km/h),windspeed_10m_member24_ncep_gefs_seamless (km/h),windspeed_10m_member25_ncep_gefs_seamless (km/h),windspeed_10m_member26_ncep_gefs_seamless (km/h),windspeed_10m_member27_ncep_gefs_seamless (km/h),windspeed_10m_member28_ncep_gefs_seamless (km/h),windspeed_10m_member29_ncep_gefs_seamless (km/h),windspeed_10m_member30_ncep_gefs_seamless (km/h),windgusts_10m_ncep_gefs_seamless (km/h),windgusts_10m_member01_ncep_gefs_seamless (km/h),windgusts_10m_member02_ncep_gefs_seamless (km/h),windgusts_10m_member03_ncep_gefs_seamless (km/h),windgusts_10m_member04_ncep_gefs_seamless (km/h),windgusts_10m_member05_ncep_gefs_seamless (km/h),windgusts_10m_member06_ncep_gefs_seamless (km/h),windgusts_10m_member07_ncep_gefs_seamless (km/h),windgusts_10m_member08_ncep_gefs_seamless (km/h),windgusts_10m_member09_ncep_gefs_seamless (km/h),windgusts_10m_member10_ncep_gefs_seamless (km/h),windgusts_10m_member11_ncep_gefs_seamless (km/h),windgusts_10m_member12_ncep_gefs_seamless (km/h),windgusts_10m_member13_ncep_gefs_seamless (km/h),windgusts_10m_member14_ncep_gefs_seamless (km/h),windgusts_10m_member15_ncep_gefs_seamless (km/h),windgusts_10m_member16_ncep_gefs_seamless (km/h),windgusts_10m_member17_ncep_gefs_seamless (km/h),windgusts_10m_member18_ncep_gefs_seamless (km/h),windgusts_10m_member19_ncep_gefs_seamless (km/h),windgusts_10m_member20_ncep_gefs_seamless (km/h),windgusts_10m_member21_ncep_gefs_seamless (km/h),windgusts_10m_member22_ncep_gefs_seamless (km/h),windgusts_10m_member23_ncep_gefs_seamless (km/h),windgusts_10m_member24_ncep_gefs_seamless (km/h),windgusts_10m_member25_ncep_gefs_seamless (km/h),windgusts_10m_member26_ncep_gefs_seamless (km/h),windgusts_10m_member27_ncep_gefs_seamless (km/h),windgusts_10m_member28_ncep_gefs_seamless (km/h),windgusts_10m_member29_ncep_gefs_seamless (km/h),windgusts_10m_member30_ncep_gefs_seamless (km/h),temperature_2m_ecmwf_ifs04 (°C),relativehumidity_2m_ecmwf_ifs04 (%),rain_ecmwf_ifs04 (mm),windspeed_10m_ecmwf_ifs04 (km/h),windgusts_10m_ecmwf_ifs04 (undefined),latitude,longitude
2026-09-09T00:00,27.2,28.5,27.9,28.6,27.5,27.6,28.1,28.1,27.3,27.8,27.1,27.3,27.7,27.2,27.2,28.4,27.5,27.2,27.4,26.8,27.8,28.6,27.5,27.6,28.7,27.5,27,27.5,28,26.8,28.3,27.8,26.9,27.3,27.5,28,27.2,27.5,27.5,27.3,89,87,87,84,86,94,86,85,90,89,93,91,88,92,89,84,90,93,92,91,86,83,91,84,82,90,91,94,85,92,88,88,92,93,89,88,88,91,86,86,0,0,0,0,0,0,0,0,0,0,0,0,0,0,0,0,0,0,0,0,0,0,0,0,0,0,0,0,0,0,0,0,0,0,0,0,0,0,0,0,2.3,3.3,2.4,3.1,5.2,3,5,3.1,3.1,3.8,3.7,3.6,4.6,2.6,3.1,2.8,4.5,4.3,4.5,4.3,6,3.6,5.1,3.6,7.6,6,4.7,3.4,3.6,5,3.1,2.6,3.6,3.2,3.3,3.4,6.3,4.3,3.7,5.3,,,,,,,,,,,,,,,,,,,,,,,,,,,,,,,,,,,,,,,,,27.6,27.8,27.7,27.8,27.6,27.5,27.5,27.8,27.5,27.6,27.6,27.8,27.5,27.6,27.8,27.5,27.7,27.4,27.9,27.4,27.8,27.8,27.6,27.7,27.6,27.6,27.6,27.7,27.7,27.7,27.6,81,83,80,80,82,81,83,80,83,82,83,82,82,82,81,83,82,83,82,82,82,82,83,80,83,81,82,82,81,83,81,0.2,0.1,0.3,0.2,0.1,0.1,0.2,0.3,0.2,0.2,0.2,0.2,0.1,0.1,0.1,0.1,0.1,0.3,0.1,0.1,0.1,0,0.2,0.3,0.2,0.2,0.1,0.1,0.2,0.2,0.1,15.8,15,15.3,14.8,17.9,14.6,17.4,16.4,15.3,14.7,15.8,14.8,16.1,17.8,14.3,17.7,13,19.7,15,16.6,18.3,12,17.9,14.8,17.4,15.3,19.8,17,14.7,15.9,13.7,20.5,19.4,19.1,18.4,22.3,18,21.6,20.9,18,18.7,20.2,18.7,19.8,23,18,22.7,17.6,22.3,18.7,20.2,23.4,14.4,22.3,18.4,22.3,19.4,24.5,20.5,18,20.9,17.3,,,,,,22.2204,114.2127
2026-09-09T01:00,27,28.4,27.7,28.6,27.1,27.6,28,27.9,27.1,27.7,26.8,27.2,27.3,27,27.1,28.2,27.4,27.1,27.1,26.7,27.2,28.3,27.5,27.5,27.9,27.3,27,27.5,27.5,26.7,28,27.7,26.9,27.2,27.3,27.8,27,27.4,27.3,26.9,89,87,87,83,85,92,85,86,88,90,91,89,89,91,89,85,89,90,91,91,88,83,90,84,85,88,92,93,85,92,88,86,93,92,88,89,88,91,85,87,0,0,0,0,0,0,0,0,0,0,0,0,0,0,0,0,0,0,0,0,0,0,0,0,0,0,0,0,0,0,0,0,0,0,0,0,0,0,0,0,3.9,2.6,2.9,3.1,6.8,2.3,5.5,2.1,4.5,3.9,6.5,4.2,6,5,3,3.7,5.8,5.8,6.6,6.4,6.8,5,5.5,3.1,6,6.4,4.6,2.8,4.9,4.8,4.8,3.9,3.5,3.7,2.9,2.5,6.2,4.4,3.9,4.5,,,,,,,,,,,,,,,,,,,,,,,,,,,,,,,,,,,,,,,,,27.4,27.7,27.6,27.6,27.4,27.4,27.4,27.7,27.4,27.5,27.4,27.7,27.4,27.4,27.6,27.4,27.6,27.2,27.7,27.3,27.6,27.7,27.4,27.6,27.5,27.5,27.6,27.6,27.5,27.5,27.5,81,82,80,81,82,81,82,79,82,82,82,81,82,82,81,83,82,82,82,81,81,82,82,79,82,80,81,82,81,83,81,0.2,0.1,0.3,0.2,0.1,0.1,0.2,0.3,0.2,0.2,0.2,0.2,0.1,0.1,0.1,0.1,0.1,0.3,0.1,0.1,0.1,0,0.2,0.3,0.2,0.2,0.1,0.1,0.2,0.2,0.1,14,13.2,13.8,14.3,16.3,13.8,14.3,15.2,12.7,13.7,13.6,11.5,13.6,16.1,13.2,16.4,12,18.4,13.6,14.3,16.7,10.8,16.2,13.1,15.4,13.6,18.4,14.8,13.4,13.2,12.2,17.6,17.3,17.3,18,20.5,16.6,18.4,19.8,14.8,16.6,16.9,14.8,16.9,20.9,16.9,20.9,16.2,21.2,17.3,17.3,20.9,13,20.2,16.2,19.8,17.3,23.4,17.6,16.9,17.6,15.8,,,,,,22.2204,114.2127
2026-09-09T02:00,26.7,28.3,27.6,28.2,26.8,27.5,27.9,27.8,26.8,27.5,26.4,26.9,26.8,26.6,27,28,27.3,26.8,27,26.5,27,27.8,27.4,27.5,27.7,27,26.8,27.4,27,26.5,27.7,27.5,26.8,26.8,27.1,27.6,26.8,27.2,27.1,26.6,89,88,85,82,86,92,84,87,87,89,90,89,90,90,88,83,89,89,89,91,88,84,90,85,85,89,92,93,86,93,86,84,94,92,89,89,89,93,86,88,0,0,0,0,0,0,0,0,0,0,0,0,0,0,0,0,0,0,0,0,0,0,0,0,0,0,0,0,0,0,0,0,0,0,0,0,0,0,0,0,3.9,1.8,5,6.2,4.6,3.3,5.2,1.6,5.6,4.1,7.3,3.8,4.9,6.6,3.3,9.5,5.8,6.4,6.3,5.7,4.3,5.7,5.2,2.3,4.6,5.4,4.3,2.9,5,3.4,7.8,4.2,2.4,5.5,2.6,2.4,5.6,4.2,3.4,3.5,,,,,,,,,,,,,,,,,,,,,,,,,,,,,,,,,,,,,,,,,27.3,27.6,27.5,27.4,27.3,27.3,27.2,27.5,27.3,27.4,27.3,27.6,27.3,27.3,27.4,27.3,27.5,27.1,27.5,27.2,27.4,27.6,27.2,27.5,27.4,27.5,27.4,27.4,27.4,27.3,27.4,81,82,79,81,82,81,82,79,81,81,81,81,82,82,81,83,82,82,82,80,80,82,81,79,82,80,81,82,80,83,80,0.2,0.1,0.3,0.2,0.1,0.1,0.2,0.3,0.2,0.2,0.2,0.2,0.1,0.1,0.1,0.1,0.1,0.3,0.1,0.1,0.1,0,0.2,0.3,0.2,0.2,0.1,0.1,0.2,0.2,0.1,12.5,11.9,12.2,13.6,14.8,12.5,12.2,14.6,10.7,12.2,11.9,9.5,11.9,15.1,12.7,15.2,11.1,17.3,12.4,12.8,15.3,9.7,15.5,11.5,13.9,12.7,17.7,12.8,12,11.3,11,15.5,15.8,15.5,17.6,18.7,14.8,15.8,18.7,12.2,15.1,14.8,12.6,14.8,19.1,16.2,19.1,15.1,20.5,15.8,15.5,19.1,11.5,18.7,14.4,18,15.8,22.7,15.5,15.5,15.1,14.4,,,,,,22.2204,114.2127
2026-09-09T03:00,26.4,28.2,27.1,27.4,26.5,27.1,27.6,27.7,26.3,27.3,26,26.6,26.6,26.4,26.7,27.1,27.1,26.5,26.8,26.2,26.8,27.3,27.1,27.2,27.4,26.6,26.7,27.3,26.6,26.3,27.3,27.1,26.8,26.7,26.8,27.4,26.6,27.2,26.9,26.3,90,88,87,83,88,93,85,87,88,91,91,89,89,89,90,87,89,89,89,92,89,87,91,86,85,92,92,93,87,93,86,84,94,89,90,89,90,93,86,89,0,0,0,0,0,0,0,0,0,0,0,0,0,0,0,0,0,0,0,0,0,0,0,0,0,0,0,0,0,0,0,0,0,0,0,0,0,0,0,0,3.5,2.9,5,7.9,3.2,4.8,4.7,2.2,4.7,4,4.7,2.5,4.8,4.5,2.9,6.6,4.3,3.7,4.3,3.3,2.5,3.8,4,2.2,4,4.1,3.7,4,4.7,2.5,7.8,4,1.8,5.6,3.3,3,4.7,3.5,2.6,2.2,,,,,,,,,,,,,,,,,,,,,,,,,,,,,,,,,,,,,,,,,27.2,27.4,27.3,27.3,27.2,27.1,27.1,27.4,27.2,27.2,27.2,27.4,27.1,27.2,27.3,27.2,27.4,26.9,27.4,27,27.2,27.4,27,27.4,27.2,27.3,27.2,27.2,27.3,27.1,27.3,81,82,78,81,82,80,82,79,80,81,81,81,82,82,81,82,82,82,81,80,80,82,81,79,82,80,83,82,79,83,80,0.4,0.2,0.2,0.1,0,0.2,0.2,0.1,0,0.2,0.1,0.1,0.3,0.1,0.1,0.2,0.1,0.1,0.2,0.1,0.3,0.1,0.2,0.2,0.3,0.1,0.1,0.2,0.2,0.3,0.1,12.3,11.5,10.8,13.3,14.4,11,12.1,15.1,10,11.2,12.3,10.6,11.2,15.2,13,13.9,11.3,17,11.3,13,15.5,8.9,15.9,10.8,14.1,12.6,18.3,11.8,11.4,10.9,10.4,14.8,15.1,14,16.9,18.4,13,15.5,19.1,11.5,14.4,15.1,13.7,14,18.7,16.2,17.3,14.8,20.2,14.8,15.1,19.1,10.4,19.1,13.7,17.6,15.8,23,14.8,14.4,14,13,,,,,,22.2204,114.2127
2026-09-09T04:00,26.2,27.9,26.6,26.9,26.3,26.9,27.3,27.8,26,27.1,25.8,26.4,26.4,26.3,26.7,26.9,27,26.2,26.6,25.9,26.7,27,26.9,27.2,27.2,26.5,26.6,26.9,26.3,26.1,27.1,26.8,26.7,26.6,26.6,27.2,26.4,27.2,26.8,26.1,91,88,89,86,89,90,88,86,89,91,92,91,90,90,90,88,90,90,90,94,90,88,93,86,86,93,93,95,88,95,87,85,94,89,90,88,91,93,87,90,0,0,0,0,0,0,0,0,0,0,0,0,0,0,0,0,0,0,0,0,0,0,0,0,0,0,0,0,0,0,0,0,0,0,0,0,0,0,0,0,2.5,6.1,4.2,4.6,3,5.9,3.9,3.8,2.9,3.2,2.9,2.5,4.3,0.8,2.6,5.8,3.3,1.8,3.9,2.8,3.1,2.2,2.6,3.2,4.3,3.9,3.4,4.7,3.1,3.3,6.2,3.4,3.2,2.7,2.5,3.8,3.7,3.2,1.6,2.4,,,,,,,,,,,,,,,,,,,,,,,,,,,,,,,,,,,,,,,,,27.1,27.2,27.1,27.1,27.1,26.9,27,27.2,27.1,27.1,27.1,27.1,26.9,27,27.2,27.1,27.3,26.8,27.2,26.8,27,27.3,26.8,27.2,27,27.1,26.9,27,27.2,26.9,27.1,80,83,77,82,82,80,82,79,80,81,81,82,82,82,82,80,82,83,80,81,80,82,82,78,82,80,85,82,78,82,79,0.4,0.2,0.2,0.1,0,0.2,0.2,0.1,0,0.2,0.1,0.1,0.3,0.1,0.1,0.2,0.1,0.1,0.2,0.1,0.3,0.1,0.2,0.2,0.3,0.1,0.1,0.2,0.2,0.3,0.1,12.3,12,9.8,13.2,14.8,9.3,13.3,15.9,9.7,11,13.3,13.7,11.2,15.7,13.5,12.3,11.5,17.1,10.6,13.7,16.3,8.3,17.2,10.9,14.8,13.7,19.6,11.7,11.2,11.2,9.8,14.8,15.1,12.6,16.2,18.4,10.8,16.2,19.8,11.5,14,16.6,16.6,13.7,19.1,16.2,15.5,14.4,20.2,13.7,15.8,19.8,9.7,20.5,13.7,18.4,16.2,23.8,14.8,13.7,13.7,11.9,,,,,,22.2204,114.2127
2026-09-09T05:00,26,27.5,26.4,26.7,26.2,26.7,27.1,27.7,25.8,27,25.6,26.2,26.3,26.1,26.6,26.7,26.9,26,26.3,25.7,26.6,26.9,26.8,27.1,27,26.5,26.5,26.7,26.2,26,26.9,26.7,26.5,26.6,26.4,27,26.3,27.2,26.6,25.9,91,90,89,87,89,90,89,86,90,91,94,92,90,90,90,89,91,92,92,95,90,88,93,87,86,91,93,95,89,95,89,86,93,89,91,87,91,93,88,91,0,0,0,0,0,0,0,0,0,0,0,0,0,0,0,0,0,0,0,0,0,0,0,0,0,0,0,0,0,0,0,0,0,0,0,0,0,0,0,0,2.5,7.6,3,3.3,2.9,4,4.1,3.4,2.9,2.6,3.5,2.4,4.7,3.4,2.8,5.2,4.6,3.7,4.7,3.6,3.1,3.3,3.4,3.1,4,4.1,3.9,4.7,2.5,3.9,5.8,1.8,4,3.3,2.2,4.3,4.1,3.5,2,2.6,,,,,,,,,,,,,,,,,,,,,,,,,,,,,,,,,,,,,,,,,27.1,27.1,27.1,27,27.1,26.7,27,27.2,27.1,27.1,27,27,26.8,26.9,27.1,27.1,27.2,26.7,27.1,26.7,26.9,27.2,26.7,27.2,26.8,27,26.7,26.9,27.1,26.8,27,79,83,76,82,82,79,82,79,79,80,81,82,81,82,82,79,81,83,79,81,80,81,82,78,82,79,86,81,77,81,79,0.4,0.2,0.2,0.1,0,0.2,0.2,0.1,0,0.2,0.1,0.1,0.3,0.1,0.1,0.2,0.1,0.1,0.2,0.1,0.3,0.1,0.2,0.2,0.3,0.1,0.1,0.2,0.2,0.3,0.1,13.3,13,10,14.2,15.7,8.6,14.7,17.4,10.5,11.6,15.3,16.9,12,17,14.6,12.2,12.6,17.7,11.6,15.1,17.8,9.3,18.7,12.1,16,14.7,20.5,12.6,12,12.1,10.4,15.5,15.5,12.2,16.6,18.7,10.1,17.3,20.9,12.6,14.4,18.4,19.4,14,19.8,17.3,15.1,15.1,20.5,14,17.3,20.9,10.4,22,14.4,19.1,16.9,24.1,15.1,13.7,14,11.9,,,,,,22.2204,114.2127
2026-09-09T06:00,25.9,27.2,26.4,26.6,26.1,26.5,26.9,27.7,25.7,27,25.5,26.1,26.1,25.8,26.5,26.6,26.8,25.7,26.2,25.7,26.7,26.7,26.6,27,26.9,26.4,26.4,26.7,26,26,26.8,26.5,26.2,26.2,26.3,26.9,26.3,27.1,26.7,25.8,91,90,89,88,89,90,89,86,91,90,94,92,89,92,89,90,91,94,92,94,89,88,93,87,87,90,92,93,89,94,89,87,93,92,91,87,92,93,86,91,0,0,0,0,0,0,0,0,0,0,0,0,0,0,0,0,0,0,0,0,0,0,0,0,0,0,0,0,0,0,0,0,0,0,0,0,0,0,0,0,2.3,5.1,2.5,3.8,3.6,2.8,4.6,3.1,2.8,2.6,4.3,2.3,5.1,4.1,3.6,4.8,4.8,4.7,5.6,4.2,2.9,4.4,4.4,3.1,3.7,4.1,5,3.9,2.6,3.9,5.5,2.3,4.7,3.8,1.8,3.3,4.3,3.6,2.8,2.3,,,,,,,,,,,,,,,,,,,,,,,,,,,,,,,,,,,,,,,,,27.1,27.1,27.1,27,27.1,26.7,27,27.2,27.2,27.1,27,26.9,26.9,26.9,27.1,27.1,27.2,26.7,27.2,26.7,26.8,27.2,26.7,27.1,26.8,27,26.7,27,27.1,26.8,26.9,78,82,75,82,81,78,81,78,78,79,80,81,80,81,82,78,80,82,77,80,80,80,81,79,82,78,85,79,76,79,79,0.4,0.3,0,0.1,0.1,0.1,0.5,0.1,0,0.2,0,0.2,0.4,0.1,0.1,0.1,0.5,0,0.2,0.5,0.4,0.4,0.2,0.2,0.3,0.1,0.1,0.5,0.1,0.4,0.2,15,14.3,11.9,16.1,16.9,10.1,16.8,18.9,12.7,13.7,18.1,19.2,13.2,19.2,17.2,14.7,14.8,18.9,14,18.2,19.9,12.1,20.5,14.5,17.8,15.6,20.4,14.6,13.7,12.9,12.7,17.3,16.9,14,18.7,19.8,11.9,19.4,22.3,14.8,15.8,20.9,22,15.1,22,19.8,17.3,17.6,22,16.2,20.2,23,13.3,23.8,16.6,20.5,17.3,24.1,16.6,15.1,14.8,14.4,,,,,,22.2204,114.2127
2026-09-09T07:00,26,27.1,26.6,26.9,26.3,26.5,27.1,27.9,25.9,27.1,25.8,26.3,26.1,26.1,26.7,26.8,26.9,25.9,26.4,25.9,26.8,26.8,26.8,27.2,26.9,26.5,26.5,26.8,26.2,26.2,26.9,26.6,26.2,26.3,26.4,27,26.5,27.2,26.9,26,91,90,89,87,89,92,87,83,90,90,93,91,89,90,88,89,91,93,90,93,89,88,91,86,88,90,91,92,89,92,88,87,92,92,91,87,91,94,85,91,0,0,0,0,0,0,0,0,0,0,0,0,0,0,0,0,0,0,0,0,0,0,0,0,0,0,0,0,0,0,0,0,0,0,0,0,0,0,0,0,2.4,3.7,3,3.4,3.9,3.7,5.4,4.6,2.8,2.9,4.3,2.8,5,5.4,3.9,5.2,4.9,4.9,6.3,4.2,3.1,3.4,5.2,3,4.1,4.3,5.7,4.7,2.3,3.7,7.7,2.9,4.7,4.3,1.9,3.1,5.1,4,2.8,2.9,,,,,,,,,,,,,,,,,,,,,,,,,,,,,,,,,,,,,,,,,27.2,27.1,27.3,27.1,27.1,26.8,27,27.3,27.4,27.2,27.1,27,27,26.9,27.1,27.1,27.2,26.7,27.4,26.7,26.8,27.3,26.7,27.1,26.8,27.1,26.7,27.1,27.2,27,26.9,76,80,74,81,81,78,80,77,76,78,78,80,79,80,81,78,79,82,76,79,80,79,80,79,81,76,83,77,76,77,79,0.4,0.3,0,0.1,0.1,0.1,0.5,0.1,0,0.2,0,0.2,0.4,0.1,0.1,0.1,0.5,0,0.2,0.5,0.4,0.4,0.2,0.2,0.3,0.1,0.1,0.5,0.1,0.4,0.2,17.5,16.1,14.6,18.5,18.4,13.7,19.2,20.9,15.7,16.4,21.1,21.3,14.8,21.7,20.2,18.7,17.3,20.6,17.3,21.7,22.3,15.8,22.4,17.6,19.9,16.2,19.9,16.9,15.9,14,16.6,19.8,18.7,16.9,21.6,21.2,15.5,22,24.1,18,18,23.8,24.5,16.9,24.5,23,21.2,20.9,23.8,19.4,23.8,25.2,17.3,25.6,19.8,22.7,18,24.1,18.4,17.6,16.2,18,,,,,,22.2204,114.2127
2026-09-09T08:00,26.8,27.6,27.2,27.7,27,27.3,27.7,27.7,26.6,27.6,26.5,27,26.6,26.8,27.2,27.4,27.8,26.7,27,26.7,27.4,27.5,27.3,27.9,27.3,27.2,26.9,27.5,26.9,27,27.1,27.3,26.8,27.2,27,27.7,27.1,27.9,27.5,26.8,88,87,85,83,85,88,84,84,87,87,89,88,86,87,85,85,86,88,86,87,86,86,87,84,85,86,88,86,86,87,86,85,89,86,88,86,87,89,83,88,0,0,0,0,0,0,0,0,0,0,0,0,0,0,0,0,0,0,0,0,0,0,0,0,0,0,0,0,0,0,0,0,0,0,0,0,0,0,0,0,2.9,5.2,4,4.9,5.5,6.4,8.5,5.8,4.2,4.1,5.5,4.5,6.5,5.4,4.7,7.7,6.2,5.9,7.8,6.3,4,3.9,6.9,3.1,5.8,6.2,7.7,6.6,2.6,4.7,11.3,3.2,5.4,6.5,1.9,3.2,7.1,5.6,3.6,4.4,,,,,,,,,,,,,,,,,,,,,,,,,,,,,,,,,,,,,,,,,27.4,27.3,27.5,27.2,27.2,26.9,27.2,27.4,27.6,27.4,27.2,27.1,27.2,27,27.2,27.2,27.3,26.9,27.6,26.9,26.9,27.4,26.9,27.2,26.9,27.3,26.9,27.3,27.3,27.3,27,75,78,73,79,79,77,78,76,74,76,77,78,77,78,79,77,78,80,74,78,79,77,78,79,80,75,80,75,75,75,78,0.4,0.3,0,0.1,0.1,0.1,0.5,0.1,0,0.2,0,0.2,0.4,0.1,0.1,0.1,0.5,0,0.2,0.5,0.4,0.4,0.2,0.2,0.3,0.1,0.1,0.5,0.1,0.4,0.2,19.3,17.2,16.9,20,19.6,16.8,21,22.4,17.9,18.4,23.1,22.5,16.3,23.8,22.3,21.8,20.1,21.7,19.9,24.4,23.8,18.4,24,19.8,21.9,16.7,19.7,18.9,18,15.5,19.7,21.6,19.8,19.4,23.8,22.3,18.4,24.1,25.2,20.2,19.8,25.6,26.3,18.4,26.6,25.2,23.8,23.8,24.8,22.7,26.6,26.6,20.5,26.6,22,24.1,18.4,23.8,20.5,19.4,17.6,21.2,,,,,,22.2204,114.2127
2026-09-09T09:00,27.8,28.2,28.2,28.5,27.6,28.3,28.3,27.9,27.4,28.4,27.5,27.6,27.2,27.7,27.8,27.9,28.5,27.3,27.9,27.3,28,28.4,27.5,28.6,27.8,27.7,27.3,28.3,28.1,27.7,27.5,28.2,27.4,28.1,28.1,28.5,27.8,28.6,28.2,27.7,82,84,80,79,81,80,78,82,82,83,83,84,83,82,82,82,82,85,81,83,82,81,85,79,81,82,85,81,80,83,83,80,85,81,82,80,83,84,78,82,0,0,0,0,0,0,0,0,0,0,0,0,0,0,0,0,0,0,0,0,0,0,0,0,0,0,0,0,0,0,0,0,0,0,0,0,0,0,0,0,4.5,7.2,5.4,8.7,9.4,10,12,7.2,6.2,6.5,7.6,5.4,10.1,7.4,6.6,11.2,8.7,7.6,9.7,7.9,8.7,5.8,10.4,7.2,9.8,8.7,10.6,7.3,4.4,8.1,13,4,6.5,8.6,3.1,5.6,9.5,8.9,6.8,7.2,,,,,,,,,,,,,,,,,,,,,,,,,,,,,,,,,,,,,,,,,27.6,27.7,27.8,27.6,27.6,27.2,27.5,27.6,27.8,27.6,27.5,27.5,27.6,27.3,27.5,27.5,27.6,27.2,27.9,27.1,27.2,27.7,27.1,27.5,27.3,27.5,27.3,27.5,27.7,27.6,27.2,73,75,71,76,76,76,76,74,72,74,76,75,74,76,76,75,75,78,72,76,77,75,76,77,78,74,76,74,73,72,77,0,0,0,0,0,0.1,0,0,0,0,0.1,0,0.1,0,0,0,0.1,0,0,0.1,0.1,0.2,0,0,0,0,0,0,0,0.1,0,19.9,16.9,17.7,20.7,20.1,19,21.6,22.7,18.6,19,23.6,22.9,17.1,24.9,22.6,21.9,21.9,21.5,22,25,23.3,19.2,24.4,20.2,22.3,17.1,19.4,20.8,18.9,17.3,22.2,22.7,19.4,20.5,24.1,22.7,20.2,24.8,25.6,20.5,20.5,25.9,26.6,19.1,27.7,25.6,24.1,25.2,24.5,25.2,27.4,25.9,21.2,26.6,22.7,24.5,18.4,23.4,22.7,20.5,19.4,23.4,,,,,,22.2204,114.2127
2026-09-09T10:00,28.5,28.7,28.8,28.8,28.3,28.8,28.9,28.2,27.9,28.9,28.2,28,27.8,28.5,28.2,28.6,29.2,28.1,28.4,27.9,28.6,29.1,28,29.2,28.6,28,27.9,29.2,29,28,28.3,29.2,27.8,28.6,29.2,29.3,28.5,29.2,28.7,28.1,78,80,77,77,78,76,72,79,79,78,77,80,80,79,79,77,78,80,78,80,78,76,81,75,76,80,81,76,74,81,77,74,81,76,75,75,79,78,75,79,0,0,0,0,0,0,0,0,0,0,0,0,0,0,0,0,0,0,0,0,0,0,0,0,0,0,0,0,0,0,0,0,0,0,0,0,0,0,0,0,7.9,10.5,9.7,11.5,10.4,12.1,12,10.4,10.4,10,10.7,8.7,10.8,8,11.6,12.8,11.6,9.7,12.3,9.4,10.1,8.9,11.7,10,10.5,11.3,13,9.4,8.6,12.7,12.6,5.4,9,11.9,5.9,9.1,10.6,11.3,10.7,10.8,,,,,,,,,,,,,,,,,,,,,,,,,,,,,,,,,,,,,,,,,28,28.2,28.2,28,28.1,27.4,27.8,27.9,28.1,27.9,27.8,28.1,28.1,27.6,27.9,27.9,28,27.5,28.2,27.4,27.6,28.1,27.5,27.9,27.7,27.9,27.9,27.8,28.1,28,27.5,71,71,69,72,72,74,73,72,71,72,74,72,71,73,73,73,72,74,71,73,74,72,74,73,74,72,72,73,71,70,75,0,0,0,0,0,0.1,0,0,0,0,0.1,0,0.1,0,0,0,0.1,0,0,0.1,0.1,0.2,0,0,0,0,0,0,0,0.1,0,20.1,16.2,18.1,20.2,20.3,20.4,21.6,22.5,18.6,19.4,23.3,22.6,17.6,26,22.1,21,23,20.9,23.4,24.5,21.8,19,24.2,19.8,22.1,17.1,19,22.9,19.6,19.3,24.1,23,18.7,20.5,23.4,23,21.2,24.5,25.2,20.2,20.5,25.9,26.3,19.8,28.4,25.6,23.4,26.3,23.4,27.4,27,23.8,21.2,26.3,22.3,24.5,18.4,23,24.8,20.9,21.2,25.2,,,,,,22.2204,114.2127
2026-09-09T11:00,29,29.4,29.2,29,29,29.2,29.6,28.6,28.5,29.3,28.7,28.7,28.4,29.2,28.5,29.3,29.4,28.6,28.6,28.5,29.4,29.8,28.3,29.8,29.5,28.4,28.3,30,29.3,28.1,29.1,30,28.3,28.9,29.6,29.5,29.1,29.5,28.8,28.7,75,76,75,76,74,73,68,73,75,75,75,76,76,74,74,73,75,76,76,75,75,70,78,72,70,76,76,69,73,80,71,68,78,74,70,73,76,75,75,73,0,0,0,0,0,0,0,0,0,0,0,0,0,0,0,0,0,0,0.1,0,0,0,0,0,0,0,0,0,0,0,0,0,0,0,0,0,0,0,0,0,10.5,10.9,10.9,12.4,11.2,12.4,12.5,11.2,11.2,10.8,11.5,9.7,11.2,10.8,12.6,13.5,13.1,11.6,12.2,10.8,10.1,9.1,12.6,11.6,10.8,12.3,14.2,11.6,10.8,14.1,13.3,9.5,9.4,13,9.4,12.3,12,11.3,12.6,11.2,,,,,,,,,,,,,,,,,,,,,,,,,,,,,,,,,,,,,,,,,28.2,28.6,28.4,28.4,28.5,27.7,28.1,28.1,28.3,28.1,28,28.5,28.4,27.9,28.2,28.2,28.3,27.8,28.4,27.7,28,28.5,27.8,28.2,28,28.2,28.3,28,28.4,28.3,27.7,70,68,68,69,69,73,71,70,70,70,73,70,69,71,70,71,70,72,70,71,71,70,72,71,72,71,69,72,69,68,73,0,0,0,0,0,0.1,0,0,0,0,0.1,0,0.1,0,0,0,0.1,0,0,0.1,0.1,0.2,0,0,0,0,0,0,0,0.1,0,20.5,16.2,18.7,20.1,20.3,21.5,21.7,22.6,18.6,19.7,22.6,22.4,18.5,26.5,22.2,20.3,24,20.4,24.8,24,20.8,18.9,24,19.7,22.4,17.4,19,24.3,20.2,20.9,25.5,23.4,18.7,21.2,23,23,22.3,24.8,25.6,19.8,21.2,25.2,25.9,20.5,29.2,25.6,22.7,27,23,29.2,26.6,22.7,21.2,25.9,22.3,24.8,18.7,23,26.6,22,23,26.3,,,,,,22.2204,114.2127
2026-09-09T12:00,29.2,30,29.6,29.6,29.6,29.7,29.9,28.8,29.2,29.7,29.2,29.3,29.1,29.6,29.1,29.6,29.8,29.2,29.1,29.2,30.1,30.3,28.5,30.1,30.1,28.8,28.6,30.4,29.5,28.6,29.7,30.3,29.1,29.2,29.6,29.6,29.3,30,29.2,29.4,73,70,73,71,69,71,66,72,69,73,71,72,71,71,71,70,72,71,70,70,69,67,74,69,67,74,74,67,73,76,68,67,72,72,70,70,74,72,70,70,0,0,0,0,0,0,0,0,0,0,0,0,0,0,0,0,0,0,0.1,0,0,0,0,0,0,0,0,0,0,0,0,0,0,0,0,0,0,0,0,0,12,11.5,11.4,12.6,12.4,11.6,12.7,11.2,11.7,11.9,11.9,10.5,11.6,11.9,12.2,14,13.3,12.4,12.2,11.7,9.7,10.1,13,12,10.8,12.6,13.7,12.4,12.2,14.8,13.7,11.5,10.5,13,10.5,13.3,12.6,11.6,12.8,11.9,,,,,,,,,,,,,,,,,,,,,,,,,,,,,,,,,,,,,,,,,28.3,28.8,28.4,28.4,28.7,27.8,28.2,28.2,28.3,28.1,28,28.5,28.4,28,28.3,28.3,28.4,28,28.5,27.8,28.1,28.7,27.9,28.3,28.1,28.3,28.5,28.1,28.4,28.4,27.8,69,67,68,68,68,72,70,70,69,69,72,69,68,70,69,70,69,71,70,70,70,69,70,70,71,69,68,71,68,68,72,0,0,0,0,0,0,0,0,0,0,0,0,0,0,0,0,0,0.1,0,0,0,0,0,0,0,0,0,0,0,0,0,21.4,17.7,20.1,20.5,20.4,22.1,22.8,23.5,19.1,21.4,21.5,22.7,20.1,26.8,23.6,20.5,25.1,21.3,25.7,23.7,20.8,19.6,23.7,20.4,23.8,18.2,19.5,24.9,21.7,22.6,25.7,24.1,20.2,22.7,23.4,23,23,25.9,26.6,20.2,22.7,24.1,25.9,22,29.9,27,22.7,28.1,23.8,30.2,26.6,23,22,25.6,23.4,26.6,19.8,23.4,27.7,23.8,24.5,27,,,,,,22.2204,114.2127
2026-09-09T13:00,29.5,30.3,30,29.9,29.9,30.2,30.1,29.1,29.8,30,29.4,29.7,29.4,29.8,29.6,29.8,30.2,29.7,29.8,29.5,30.6,30.6,28.8,30.3,30.4,29.1,28.9,30.3,29.8,28.9,29.9,30.3,29.6,29.7,29.6,29.7,29.6,30.5,29.6,29.6,69,68,70,68,66,66,66,69,63,70,70,69,68,69,68,69,68,66,65,67,65,65,70,67,63,71,72,68,69,74,66,68,67,67,71,67,71,70,65,69,0,0,0,0,0,0,0,0,0,0,0,0,0,0,0,0.4,0,0,0,0,0,0,0,0,0,0,0,0,0,0,0,0,0,0,0,0,0,0,0,0,11.8,12.3,11.5,12.3,12.1,11.2,12.6,11.2,11.8,12.3,11.8,11,11,12.8,12.3,13.7,14.1,13.4,12.6,12.8,10,11.2,13,12.6,10.9,13,13,13,12.9,15.2,14.2,12.4,12.7,13.1,10.9,14,13.1,12.6,13.6,12.4,,,,,,,,,,,,,,,,,,,,,,,,,,,,,,,,,,,,,,,,,28.3,28.9,28.3,28.4,28.7,27.9,28.2,28.2,28.3,28.1,28,28.4,28.4,28,28.3,28.3,28.3,28,28.4,28,28.2,28.8,28,28.3,28.1,28.4,28.5,28.2,28.4,28.3,27.9,69,67,68,69,67,70,70,71,69,69,71,70,68,69,69,69,69,70,70,70,69,69,69,70,70,68,67,70,68,68,71,0,0,0,0,0,0,0,0,0,0,0,0,0,0,0,0,0,0.1,0,0,0,0,0,0,0,0,0,0,0,0,0,22.3,20.2,22.2,21.7,20.9,22,24.4,25.2,19.8,23.2,20.4,23,22.2,27,25.3,21.2,26,22.5,26.8,23.7,21.7,20.7,23.1,22.1,26.1,19.5,20.9,25.1,23.4,23.8,25.2,24.5,22.7,24.1,24.1,23,23.8,27.4,28.1,21.2,24.8,23,25.9,24.1,30.2,28.4,23.4,28.8,24.8,31,26.3,23.8,23,25.2,24.5,28.8,20.9,24.1,28.1,25.6,25.9,27,,,,,,22.2204,114.2127
2026-09-09T14:00,29.5,30.4,30.1,30,30.1,30.3,29.9,29.3,29.8,30,29.3,29.8,29.5,29.7,29.7,29.9,30.2,29.8,30,29.3,30.8,30.4,29.1,30.3,30.5,29.1,29.1,30.1,29.8,28.8,29.9,30,29.6,30,29.3,29.4,29.9,30.4,29.5,29.6,67,67,67,67,64,64,67,66,62,68,69,67,66,68,66,67,66,63,65,67,61,65,67,67,62,70,70,69,66,74,65,66,66,64,71,67,66,70,65,67,0,0,0,0,0,0,0,0,0,0,0,0,0,0,0,0.1,0,0,0,0,0,0,0,0,0,0,0,0,0,0,0,0,0,0,0,0,0,0,0,0,12,12.3,11.4,11.9,11.9,12.3,13,11.5,12.1,11.7,11.7,11,11.1,12.1,11.9,13,14.9,13.5,12.6,13.4,9.9,11.1,12.6,12.8,10.5,12.3,13,13,12.5,14.5,13.8,12.3,13.6,13,11.3,12.3,12.8,14.1,13.5,12.5,,,,,,,,,,,,,,,,,,,,,,,,,,,,,,,,,,,,,,,,,28.3,28.9,28.2,28.3,28.7,27.9,28.2,28.2,28.3,28.1,28,28.2,28.3,28,28.3,28.2,28.2,28.1,28.4,28,28.2,28.8,28,28.3,28,28.5,28.5,28.2,28.3,28.2,27.9,69,67,68,69,67,69,70,71,69,69,71,70,68,69,69,69,69,69,70,70,68,69,68,70,70,67,67,70,68,69,70,0,0,0,0,0,0,0,0,0,0,0,0,0,0,0,0,0,0.1,0,0,0,0,0,0,0,0,0,0,0,0,0,23.3,22.6,23.6,22.8,21.3,22,25.5,26.4,20,24.5,19.9,23.5,23.5,27.2,26.6,21.7,26.5,23.1,27.4,23.5,22,21.6,22.5,23.1,28,20.2,21.8,25.3,24.6,24.4,24.8,25.2,24.8,25.6,24.8,23.4,24.1,28.4,29.2,21.6,25.9,22.3,26.3,25.2,30.6,29.9,23.8,29.5,25.6,31.3,26.3,24.5,23.8,24.8,25.6,30.6,21.6,24.5,28.1,27,26.3,27,,,,,,22.2204,114.2127
2026-09-09T15:00,29.5,30.1,29.9,29.8,29.9,29.9,29.7,29.4,29.5,29.9,29.1,29.7,29.5,29.7,29.7,29.8,30.1,29.6,29.9,29.1,30.6,30.3,29.3,29.8,30.3,29.3,29.3,29.8,29.7,28.8,29.9,29.9,29.3,29.8,29.1,29.1,30,30,29.2,29.7,62,68,67,68,63,65,68,65,64,67,70,66,65,65,64,66,65,64,65,66,61,65,66,69,63,67,67,70,66,73,65,64,68,65,71,68,63,71,68,64,0,0,0,0,0,0,0,0,0,0,0,0,0,0,0,0,0,0,0,0,0,0,0,0,0,0,0,0,0,0,0,0,0,0,0,0,0,0,0,0,12.2,12.5,11.3,10.9,11.5,12.2,12.4,11.2,12.1,10.5,11.3,10.3,10.9,10.9,11.3,12.6,14.3,12.6,12.3,12.8,9.7,10.1,12.3,12.8,10.5,11.6,12.7,13.8,12.1,13.9,13.1,11.7,13.1,13.3,11.1,11.2,12.2,14.1,12.1,12.1,,,,,,,,,,,,,,,,,,,,,,,,,,,,,,,,,,,,,,,,,28.2,28.8,28.1,28.3,28.6,27.9,28.1,28.2,28.3,28.1,28,28.2,28.2,28,28.3,28.2,28.2,28.1,28.3,28.1,28.2,28.7,28,28.3,28,28.5,28.5,28.2,28.2,28.1,27.9,69,68,69,69,68,69,70,71,69,69,71,70,68,69,68,69,69,68,70,69,68,69,67,70,70,67,67,70,68,69,69,0,0,0,0,0,0,0,0,0,0,0,0,0,0,0,0,0,0,0,0,0,0,0,0,0,0,0,0,0,0,0,23.5,23.8,23.9,23.4,22,21.6,26,25.9,19.8,24.1,20.5,23.8,23.1,26.8,26.4,22,25.7,22.7,27.2,23.1,21.6,21.2,21.3,23,28.9,19.8,21.3,24.6,24.5,23.4,24.5,25.9,26.3,25.9,25.6,24.1,24.1,29.2,29.5,21.6,25.6,23,26.6,24.8,30.2,30.2,24.5,29.2,25.6,31.3,25.9,24.5,23.8,23.8,25.9,31.7,21.6,23.8,27.7,27.4,25.2,27,,,,,,22.2204,114.2127
2026-09-09T16:00,29.1,29.7,29.5,29.7,29.5,29.5,29.6,29.3,29,29.6,28.8,29.3,29.2,29.4,29.5,29.5,29.8,29.1,29.5,28.8,30.1,30.2,29.2,29.4,29.8,29.2,29.2,29.4,29.4,28.6,29.6,29.6,29,29.4,28.9,28.8,29.7,29.7,29,29.3,62,68,67,67,66,67,67,66,67,67,70,66,66,63,65,68,65,66,67,67,62,65,66,70,65,68,68,70,66,73,65,63,68,67,70,69,61,72,67,65,0,0,0,0,0,0,0,0,0,0,0,0,0,0,0,0,0,0,0,0,0,0,0,0,0,0,0,0,0,0,0,0,0,0,0,0,0,0,0,0,11.5,12.2,10.9,10.2,10.2,11.2,11.2,10.5,10.8,9.2,10.9,8.4,10.6,9.7,10.4,10.8,12.9,11.3,11.9,12,9.2,8.8,10.9,11.9,10.8,10.6,11.4,13,11.4,13.8,12.1,11.1,11.8,13,10.3,10.9,10.9,13.8,11.5,11.9,,,,,,,,,,,,,,,,,,,,,,,,,,,,,,,,,,,,,,,,,28.1,28.5,28.1,28.2,28.5,27.9,28,28.3,28.2,28.1,28,28.1,28.2,27.9,28.3,28.2,28.1,28,28.2,28,28.2,28.5,28,28.2,27.9,28.4,28.4,28.2,28.1,28,27.9,69,70,69,69,69,69,70,70,69,68,72,71,69,69,68,69,69,67,70,69,68,69,67,71,70,68,67,70,69,70,68,0,0,0,0,0,0,0,0,0,0,0,0,0,0,0,0,0,0,0,0,0,0,0,0,0,0,0,0,0,0,0,23.8,24.1,23.1,23.4,22.7,21.3,26,24.5,19.5,22.3,22,24.1,22,26.1,25.3,22,24.6,21.6,26,22.7,20.9,20.5,19.5,22.3,29.2,18.8,19.8,23.4,23.8,21.3,23.8,27,27,25.9,25.9,25.6,24.1,29.9,29.9,21.2,24.5,24.8,27.4,24.1,29.5,30.2,25.2,28.4,24.8,31.3,25.6,23.8,23,22.7,25.9,32.4,21.2,22.3,27.4,27.4,23,26.6,,,,,,22.2204,114.2127
2026-09-09T17:00,28.5,29.2,29,29.3,28.9,28.9,29.2,28.9,28.5,29,28.3,28.8,28.5,28.9,29,29,29.3,28.3,29,28.1,29.4,29.7,28.9,28.8,28.9,28.8,28.8,28.9,28.8,28.1,29.1,29,28.5,28.8,28.4,28.3,29.1,29.2,28.4,28.6,65,68,68,67,67,70,67,66,68,69,72,68,69,65,67,70,65,71,69,72,65,66,67,72,69,72,70,71,67,74,66,67,67,69,72,73,63,74,70,65,0,0,0,0,0,0,0,0,0,0,0,0,0,0,0,0,0,0,0,0,0,0,0,0,0,0,0,0,0,0,0,0,0,0,0,0,0,0,0,0,9.8,10.4,10.1,9.1,10.1,10.9,10.1,9,9.2,9.7,10,6.4,9.9,7.9,6.6,10.9,10.8,11.4,10.9,10.2,8.2,8.6,8.6,10.1,10,10.3,10.5,10.9,10.6,12.4,11.3,10.5,10.9,11.5,9.2,10,10.1,12.7,10.9,11.3,,,,,,,,,,,,,,,,,,,,,,,,,,,,,,,,,,,,,,,,,28,28.2,28,28.2,28.3,27.8,27.9,28.2,28.2,28,28,28.1,28.1,27.8,28.2,28.1,28,28,28.1,28,28.1,28.4,27.9,28.1,27.7,28.3,28.3,28.1,28,27.9,27.8,70,71,70,70,70,69,70,70,70,68,72,71,70,69,68,69,69,67,71,69,68,70,67,71,70,69,67,70,70,70,68,0,0,0,0,0,0,0,0,0,0,0,0,0,0,0,0,0,0,0,0,0,0,0,0,0,0,0,0,0,0,0,23.4,24.5,22.7,23.4,23.1,20.9,26,23.8,19.2,21.3,22.7,24.1,21.3,25.5,24.9,22,24.2,20.5,25.6,22.3,20.2,20.6,18.7,22,29.5,18.4,19.1,22.7,23.4,19.8,23.8,27.4,28.1,26.3,26.6,26.6,23.8,30.6,30.2,21.2,23.8,25.9,28.1,24.1,29.2,30.6,25.9,28.8,24.1,31.3,25.9,23.4,23.8,22,26.3,33.1,20.9,22,27,27.4,22,26.6,,,,,,22.2204,114.2127
2026-09-09T18:00,27.7,28.4,28.1,28.7,28,28.1,28.6,28.2,27.7,28.1,27.6,28,27.7,27.9,28.2,28.3,28.5,27.4,28.2,27.4,28.6,28.8,28.1,28,28.1,28.1,27.9,28.2,28,27.6,28.3,28.1,27.6,28,27.7,27.8,28.1,28.4,27.8,27.7,69,71,73,70,72,76,69,67,68,74,75,71,75,70,69,74,69,75,73,75,69,70,71,76,74,75,75,75,72,74,71,75,71,74,75,75,69,77,71,67,0,0,0,0,0,0,0,0,0,0,0,0,0,0,0,0,0,0,0,0,0,0,0,0,0,0,0,0,0,0,0,0,0,0,0,0,0,0,0,0,6.2,8.3,8.1,7.3,8.5,9.8,6.8,4.7,6.8,10.1,7.7,4.3,8.7,6,4.5,7.6,8.1,8.8,9.5,7,5.4,7.3,7,8.7,8.4,7.1,9,8.4,9.6,8.7,9.4,9.1,8,9.8,7.9,5.6,9.9,11.5,5.9,6.3,,,,,,,,,,,,,,,,,,,,,,,,,,,,,,,,,,,,,,,,,27.9,28,27.8,28.1,28.1,27.7,27.7,28.1,28.1,27.9,27.9,27.9,28,27.6,28,28,27.7,27.8,27.9,27.8,27.9,28.2,27.8,28,27.5,28.1,28.1,28,27.8,27.7,27.5,71,72,71,71,72,70,71,71,71,69,72,72,71,70,70,70,70,67,72,70,69,71,68,72,71,70,68,71,70,71,69,0,0.1,0.1,0,0.1,0,0,0.1,0,0,0,0,0.3,0,0,0,0.2,0,0,0,0,0.1,0.1,0,0.1,0,0.1,0,0.3,0.2,0,22.7,25,23.1,23.4,23.1,20.2,26.3,24.1,18.5,21.1,22.3,24.5,22.3,25.8,25.6,21.2,26,19.8,25.9,22.7,19.8,22.1,19.1,22.4,29.5,18,19.7,21.6,23.8,19.5,24.5,27,29.2,27.4,27.4,27.4,23.8,31,30.6,21.2,24.1,25.9,28.8,25.9,29.5,31.7,25.9,31,23.4,32.4,27,23.4,26.3,22.7,26.6,33.8,21.2,22.7,26.3,27.7,22,27.4,,,,,,22.2204,114.2127
2026-09-09T19:00,26.9,27.7,27.5,28.2,27.3,27.3,27.8,27.5,26.8,27.4,26.9,27.1,27.1,26.9,27.3,27.5,27.5,26.7,27.4,26.6,27.9,27.9,27.1,27.3,27.7,27.3,27.1,27.5,27.2,26.7,27.5,27.4,26.7,27.3,27.1,27.4,27.5,27.7,27.4,26.9,72,74,77,73,76,80,73,70,70,79,79,77,78,79,76,79,77,78,78,80,73,77,78,79,76,80,80,80,78,79,77,79,77,78,77,77,74,81,70,72,0,0,0,0,0,0,0,0,0,0,0,0,0,0,0,0,0,0,0,0,0,0,0,0,0,0,0,0,0,0,0,0,0,0,0,0,0,0,0,0,4.5,6.2,4.4,4.7,5.7,8.3,5.6,3.8,5.6,8,6.3,3.7,5.7,4,3.3,6.2,6.7,5.9,6.5,6.3,3.5,5.9,5.5,6.4,6.7,6.2,7.9,9.3,6.6,6.3,7.6,4.8,6.9,7.3,4.7,4.5,7.6,9.4,3.3,6.4,,,,,,,,,,,,,,,,,,,,,,,,,,,,,,,,,,,,,,,,,27.7,27.8,27.7,27.9,27.8,27.6,27.4,27.9,27.9,27.8,27.8,27.7,27.8,27.3,27.8,27.9,27.5,27.7,27.8,27.7,27.7,28.1,27.5,27.9,27.2,28,27.9,27.8,27.6,27.5,27.2,72,73,71,72,74,70,72,73,73,70,73,73,71,72,72,70,70,68,74,72,70,73,70,73,72,70,71,72,71,72,71,0,0.1,0.1,0,0.1,0,0,0.1,0,0,0,0,0.3,0,0,0,0.2,0,0,0,0,0.1,0.1,0,0.1,0,0.1,0,0.3,0.2,0,21.2,25.1,24.1,23,22.7,19.9,26.4,24.8,17.8,21,21.2,24.5,24.1,26.1,27,20.2,28.8,18.7,27,23.4,19.4,24,20,22.8,28.8,18.2,20.9,20.9,24.5,19.5,25.6,26.3,30.2,28.8,28.1,27.7,23.4,31.3,31,21.2,24.8,25.9,29.2,28.8,29.9,32.8,25.6,33.8,22.3,33.5,28.4,23,29.9,23.8,27.4,34.2,21.6,24.1,25.9,28.4,23,28.8,,,,,,22.2204,114.2127
2026-09-09T20:00,26.6,27.5,27.2,28,27,27.1,27.4,27.1,26.4,27.2,26.5,26.6,27,26.4,27,27.2,27.1,26.4,27.1,26.3,27.4,26.7,26.7,27.1,27.5,27,26.8,26.9,27,26.3,27.3,27.2,26.4,27,26.8,27.1,27.3,27.4,27.2,26.6,73,78,78,75,77,80,77,74,74,80,82,82,79,86,79,82,83,80,81,82,77,82,81,81,77,82,83,82,79,83,80,80,81,79,78,76,78,82,70,78,0,0,0,0,0,0,0,0,0,0,0,0,0,0,0,0,0,0,0,0,0,1.3,0,0,0,0,0,0,0,0,0,0,0,0,0,0,0,0,0,0,3.8,5.5,4.5,4.4,7.2,8,6.2,4.1,5.1,6.5,7.2,4.2,6.2,4.3,2.6,5.8,6.2,6,5.8,7.6,5.4,4.8,5.4,5.9,6.9,9.1,6.1,10.9,5.5,5.8,7.6,5.2,6.9,7.6,4.8,6.2,7.3,7.6,4,5.2,,,,,,,,,,,,,,,,,,,,,,,,,,,,,,,,,,,,,,,,,27.6,27.7,27.5,27.8,27.6,27.5,27.3,27.7,27.8,27.6,27.7,27.6,27.6,27.1,27.6,27.8,27.3,27.5,27.6,27.5,27.6,27.9,27.4,27.8,27,27.8,27.7,27.7,27.5,27.3,27,73,73,72,73,75,71,73,74,74,71,73,73,72,73,74,71,71,69,75,73,71,74,72,73,73,71,72,73,71,73,72,0,0.1,0.1,0,0.1,0,0,0.1,0,0,0,0,0.3,0,0,0,0.2,0,0,0,0,0.1,0.1,0,0.1,0,0.1,0,0.3,0.2,0,21.2,25.2,25.2,23.1,23.4,19.2,26.4,26,17.4,20.8,20.5,24.5,25.6,26,28.1,20.2,30.6,18.4,27.4,24.1,19.1,25.8,21.2,23.1,28.5,17.7,22,21,25.2,19.9,26.3,26.6,31,30.2,28.8,29.2,23,31.7,32,21.2,25.2,25.6,29.5,31.3,29.9,33.8,25.9,36,22,34.6,29.9,23,32.4,25.2,28.1,34.2,21.6,25.9,26.3,29.2,24.1,29.5,,,,,,22.2204,114.2127
2026-09-09T21:00,26.4,27.3,27.2,27.9,26.9,27,27,26.9,26.2,27,26.2,26.4,26.7,26.3,26.9,27,27.1,26.3,27,26.3,27,26.8,26.7,27.1,27.3,26.6,26.7,26.8,27,26.2,27.2,27.1,26.2,26.7,26.6,27.1,27.2,27.2,26.9,26.6,75,80,78,76,77,81,79,79,77,81,84,84,80,89,81,82,86,80,83,82,81,83,82,81,77,82,85,84,79,86,81,80,81,80,78,77,81,84,73,80,0,0,0,0,0,0,0,0,0,0,0.2,0,0,0,0,0,0,0,0,0,0,0.1,0,0,0,0.8,0,0,0,0,0,0,0,0,0,0,0,0,0,0,4.2,5.9,4.1,4.8,6.5,7.2,7.6,5.4,5.1,6.1,5.9,4,6.6,4.6,3.4,7.2,8,7.1,6.5,6.8,6.8,2.9,5.9,5.9,6.6,7.6,6.5,9,4.5,5.8,7.7,4.5,7.3,6.5,5.2,5.4,7.4,6.5,5.4,5.1,,,,,,,,,,,,,,,,,,,,,,,,,,,,,,,,,,,,,,,,,27.5,27.6,27.4,27.7,27.6,27.4,27.2,27.6,27.7,27.6,27.7,27.5,27.5,27,27.5,27.7,27.3,27.4,27.5,27.5,27.4,27.8,27.3,27.7,27,27.8,27.6,27.5,27.3,27.4,26.9,73,73,73,73,75,71,73,74,74,71,72,73,72,74,74,71,71,71,75,73,72,75,72,73,73,72,72,73,72,73,72,0.6,0.3,0.4,0.2,0.5,0,0.1,0.4,0.3,0.4,0.5,0.3,0.9,0,0,0.4,0.4,0.1,0.2,0.4,0,0.4,0.9,0.4,0.1,0,0.8,0.9,0.3,0.5,0,23.1,24.6,26.7,23.5,25.9,18.4,26.2,27.9,17,20.3,20.5,24.1,27,24.9,28.2,22,30.6,18,27.5,24.1,18.7,26.8,22.1,23.4,27.8,17,22.8,22.8,26.3,20.9,25.9,28.8,31,32.4,29.5,32.4,22.3,31.7,34.9,21.2,24.8,25.6,29.2,33.1,28.8,34.6,28.1,36.7,22,34.6,30.2,22.7,33.1,26.6,29.2,33.5,20.9,27.7,28.4,30.6,25.6,29.2,,,,,,22.2204,114.2127
2026-09-09T22:00,26.2,27.3,27.1,27.6,26.8,26.9,26.8,26.8,26.1,26.8,26.1,26.3,26.6,26.2,26.7,26.9,27.1,26.2,27,26.1,26.8,27,26.6,27,27.2,26.4,26.7,26.8,27.1,26.2,27.2,27,26.1,26.5,26.5,27.1,26.9,27,26.8,26.5,77,80,77,77,77,81,81,80,77,83,86,84,80,89,83,84,85,80,82,81,78,83,85,81,75,82,85,85,77,85,80,79,82,82,78,77,84,87,75,80,0,0,0,0.3,0,0,0,0,0,0,0.1,0,0,0,0,0,0,0,0,0,0,0,0,0,0,2.3,0,0,0,0,0,0,0,0,0,0,0,0,0.1,0,3.7,6.5,4,4.7,6.2,6.1,6.5,4,5.1,6.5,5.4,3.6,6.7,4.5,4.6,6,9.7,7.6,6.1,6.6,8.3,2.7,5,6.8,4.7,6.5,7.6,6.8,4.9,6.5,8,3.8,6.4,5.5,4.5,4.7,8.3,7.6,5,5.8,,,,,,,,,,,,,,,,,,,,,,,,,,,,,,,,,,,,,,,,,27.4,27.6,27.3,27.6,27.5,27.4,27.3,27.6,27.7,27.5,27.7,27.4,27.5,26.9,27.5,27.6,27.4,27.4,27.3,27.5,27.3,27.6,27.3,27.5,27.1,27.8,27.6,27.4,27.2,27.6,26.9,72,73,73,73,75,72,73,74,74,71,72,73,73,75,73,71,71,73,75,73,73,75,72,72,73,72,72,73,73,72,71,0.6,0.3,0.4,0.2,0.5,0,0.1,0.4,0.3,0.4,0.5,0.3,0.9,0,0,0.4,0.4,0.1,0.2,0.4,0,0.4,0.9,0.4,0.1,0,0.8,0.9,0.3,0.5,0,25.7,23.8,28.6,24.5,29.2,17.7,25.9,30.3,16.6,19.7,20.9,23.8,28.2,23.1,28,25.2,29.5,18.5,27.2,23.8,18.4,27.4,23,24.3,26.7,15.8,23.4,25.3,27.8,22.1,24.9,31.7,30.6,34.6,30.6,36.4,21.2,31.7,38.9,21.6,23.8,25.9,28.8,34.9,27,34.9,31,36.4,22.7,34.6,30.6,22.3,33.5,28.1,30.2,32.4,20.2,29.5,31.3,32.4,27.4,28.4,,,,,,22.2204,114.2127
2026-09-09T23:00,26.1,27.3,27,27.6,26.6,26.9,26.8,26.7,26.1,26.7,25.9,26.3,26.6,26.2,26.5,26.8,27,26,26.9,26,25.4,27,26.5,27,27.2,26.5,26.7,26.7,26.9,26.2,27.3,27,26,26.4,26.4,27,26.8,26.9,26.7,26.4,78,77,77,78,77,81,82,79,76,85,87,85,78,88,85,84,83,79,83,79,83,83,86,81,76,83,84,87,78,85,78,78,82,83,78,75,82,86,77,81,0,0,0,0,0,0,0,0,0,0,0.6,0,0,0,0,0,0,0,0,0,0.7,0,0,0,0,0.3,0,0,0,0,0,0,0,0,0,0,0,0,0,0,3.3,6.1,3.7,4.1,6.5,5.8,5.6,3.6,6.1,6.8,4,3.3,7.4,4.1,4.6,5.4,9.8,8,7.3,6.5,6.5,3.5,5.4,5.4,4.7,3.2,9.2,5.9,5.7,6.5,9.1,3,6.9,5.8,3.6,4,7.9,8,4.3,5.7,,,,,,,,,,,,,,,,,,,,,,,,,,,,,,,,,,,,,,,,,27.3,27.6,27.2,27.5,27.5,27.4,27.3,27.5,27.6,27.5,27.7,27.3,27.4,26.9,27.5,27.5,27.4,27.3,27.2,27.4,27.2,27.5,27.3,27.4,27.1,27.7,27.6,27.3,27,27.6,26.9,72,73,73,73,74,72,73,73,74,71,71,72,73,76,72,71,71,74,75,73,74,75,72,72,73,72,72,73,73,72,71,0.6,0.3,0.4,0.2,0.5,0,0.1,0.4,0.3,0.4,0.5,0.3,0.9,0,0,0.4,0.4,0.1,0.2,0.4,0,0.4,0.9,0.4,0.1,0,0.8,0.9,0.3,0.5,0,28,24.2,29.8,25.8,31.8,17.6,25.6,32.1,17.6,19.5,21.3,23.9,29,22.9,27.9,27.7,28.1,19.4,27,23.9,18.4,28.2,23.9,25.1,26.7,15.5,24.6,27.6,29.3,23.9,24.1,34.2,31,36.4,32,39.6,20.9,31.7,41.8,22.7,23.8,26.3,29.2,36,27,35.6,33.8,36,23.8,34.2,31,22.3,33.8,29.2,31.3,32.4,20.2,31.3,33.8,34.2,29.5,28.1,,,,,,22.2204,114.2127
2026-09-10T00:00,26.1,27.1,26.9,27.2,26.6,26.7,26.7,26.7,26,26.6,25.8,26.1,26.6,26.1,26.4,26.7,26.9,25.8,26.8,25.8,24.5,27.1,26.5,26.8,27.1,26.4,26.5,26.4,26.8,26.1,27.2,27,25.9,26.6,26.3,27,26.7,26.8,26.6,26.3,78,77,76,81,76,81,81,77,77,84,87,85,76,87,86,83,81,80,84,79,89,82,85,81,77,86,83,88,79,85,77,76,82,81,79,74,80,86,78,81,0,0,0,0,0,0,0,0,0,0,0.2,0,0,0,0,0,0,0,0,0,3.6,0,0,0,0,0,0,0,0,0,0,0,0,0,0,0,0,0,0,0,3.6,5.9,3.6,4.8,6.8,6,5.8,4.5,6.6,5.6,5.1,2.4,9.5,4.4,5.5,5.8,9.4,7.9,7.2,6.6,5.2,3.9,5.8,4.7,5.8,5,10.2,5.1,6.2,6.5,9.4,3.4,7.2,7.6,3.4,4,8.6,6.8,6.5,6.2,,,,,,,,,,,,,,,,,,,,,,,,,,,,,,,,,,,,,,,,,27.2,27.4,27,27.4,27.5,27.3,27.2,27.4,27.5,27.3,27.5,27.2,27.3,26.8,27.4,27.2,27.2,27.2,27.1,27.3,27.1,27.3,27.3,27.3,26.9,27.6,27.4,27.3,27,27.5,26.8,72,73,73,73,73,72,72,73,74,71,71,71,73,75,72,71,71,73,75,73,73,75,72,72,73,71,72,73,72,72,71,1.3,0.7,0.8,0.8,0.2,0.5,0.7,0.1,0.6,0.6,0.4,0.4,1,0.6,0,1.2,0.8,1.6,1.1,0.2,0.4,0.8,0.7,0.4,0.4,0.3,0.8,0.9,0.1,0.6,0,29.3,26.2,30.4,27.8,33.1,18.8,26,32.6,20.9,20.3,22,24.3,29.3,25.6,28,29.6,26.6,21.5,26.8,24.9,18.8,29,24.3,25.8,28.3,17.1,26.2,29.3,30.1,25.9,24.1,35.6,33.1,37.8,34.6,41.8,22,32,42.8,25.9,24.8,27.4,30.6,36.4,29.9,36.4,36,34.9,25.9,33.8,32,23,35.3,29.5,32.4,34.2,22,32.4,36.4,36,31.7,28.1,,,,,,22.2204,114.2127
2026-09-10T01:00,26,27,26.8,27.1,26.5,26.3,26.7,26.6,25.8,26.4,25.6,26,25.6,25.9,26.2,26.6,26.7,25.7,26.5,25.7,24.1,27.1,26.4,26.5,26.8,26.4,26.1,26.2,26.6,25.8,27.1,26.8,25.9,26.5,26.2,26.9,26.6,26.7,26.5,26.2,77,78,76,80,76,84,78,75,79,84,88,86,83,86,83,82,79,82,85,81,90,80,84,84,77,85,84,88,80,85,78,75,80,81,80,74,80,85,78,81,0,0,0,0,0,0,0,0,0.9,0,1,0,0.6,0,0,0,0,0.2,0,0,3.3,0,0,0,0.4,0,0,0,0,0.2,0,0,0,0,0,0,0,0,0,0,4.2,7.2,3.2,4.4,7.4,6.1,5,4.7,7.5,5.1,5.4,3.7,9.7,4.8,5.5,7.3,8.7,7.4,7.4,7.4,5.7,4.7,5.9,4.7,6.6,6.6,10.7,7.4,6.4,7.8,8.3,4,8.3,7.9,3.4,4.2,9.2,6.3,8.1,6.5,,,,,,,,,,,,,,,,,,,,,,,,,,,,,,,,,,,,,,,,,27,27.1,26.9,27.1,27.4,27.2,27,27.2,27.3,27.1,27.4,27.1,27.1,26.8,27.3,26.9,27,27,27.1,27.2,27,27.1,27.2,27.2,26.6,27.4,27.2,27.3,26.9,27.2,26.7,71,73,72,73,72,71,72,72,74,72,72,71,72,74,71,72,70,72,74,73,72,74,71,72,74,70,73,72,71,71,72,1.3,0.7,0.8,0.8,0.2,0.5,0.7,0.1,0.6,0.6,0.4,0.4,1,0.6,0,1.2,0.8,1.6,1.1,0.2,0.4,0.8,0.7,0.4,0.4,0.3,0.8,0.9,0.1,0.6,0,30.4,29.2,30.7,30.4,34,20.2,26.4,32.7,25.5,21.9,23.3,24.9,29,30,28.6,31.7,25.3,24.3,26.4,26.2,19.6,30.1,24.7,26,30.9,19.1,27.4,30.8,31,27.9,24.1,37.1,36,38.9,37.4,43.2,23.8,32.8,43.2,29.9,26.6,28.8,32.8,36.4,34.6,37.4,37.8,33.5,28.8,33.1,33.1,23.8,37.1,29.2,33.1,36.7,24.5,33.1,38.2,37.8,34.2,28.1,,,,,,22.2204,114.2127
2026-09-10T02:00,26,26.7,26.8,26.9,26.3,26.2,26.7,26.2,25.5,26.2,25.4,25.8,24.7,25.6,25.9,26.5,26.3,25.5,26.2,25.6,24,26.9,25.7,26.4,26.2,26.3,25.6,25.8,26.4,24.8,27,26.4,25.7,26.1,25.9,26.6,26.5,26.6,26.3,26.1,76,78,76,79,77,84,78,76,81,83,87,85,89,86,83,82,78,83,85,81,93,80,86,85,80,84,86,84,81,91,79,77,77,84,80,75,78,83,77,81,0,0.8,0,0,0,0,0,0.6,1.3,0,0.8,0,1.9,0.9,0.1,0,0,0.8,0,0,2.5,0,0.5,0,0.9,0,0.1,0.4,0.4,1.9,0,0.1,0.6,0,0,0,0,0,0,0,4,10.2,3.9,7.1,6.6,6.1,6.6,3.8,5.3,5.5,5.9,4.8,5.5,6.1,6.6,7.4,7.9,7.6,9,6.7,5.8,5.1,10,3.6,5.4,7.4,10.2,8.3,6.4,9.8,8,4.4,9,8.3,4.3,4.9,10,6.6,9.2,5.8,,,,,,,,,,,,,,,,,,,,,,,,,,,,,,,,,,,,,,,,,26.9,27,26.8,27,27.3,27,26.9,27.1,27.2,27,27.2,27,27,26.6,27.1,26.7,26.9,26.9,27,27,26.9,27,27.1,27.2,26.4,27.2,27.1,27.2,26.7,27,26.5,71,72,71,73,71,71,71,72,73,72,72,70,72,74,71,72,70,71,74,73,71,73,71,72,74,69,73,72,71,71,72,1.3,0.7,0.8,0.8,0.2,0.5,0.7,0.1,0.6,0.6,0.4,0.4,1,0.6,0,1.2,0.8,1.6,1.1,0.2,0.4,0.8,0.7,0.4,0.4,0.3,0.8,0.9,0.1,0.6,0,31.2,31.1,30.9,32,34.4,21.4,26.5,32.7,28.3,23.7,23.9,25.8,29.1,33.4,29.1,32.2,24.4,26.2,26.4,27.6,20.9,31.1,25.2,26.2,32.3,20.8,28.3,31.6,32.3,28.9,24.6,38.2,38.5,39.2,39.2,43.9,25.6,33.1,43.2,33.5,28.1,29.9,34.6,36.4,38.2,38.2,38.9,32.4,31.3,33.1,34.6,25.6,38.5,29.5,33.8,38.9,26.3,33.8,39.2,40,36,29.2,,,,,,22.2204,114.2127
2026-09-10T03:00,26,25.6,26.4,26.3,26.2,25.8,26.4,26.2,25.4,26.1,25.3,25.4,24.4,25.4,25.1,26.1,26.1,25.1,25.6,25.4,24.2,26.7,24.7,26.3,25.8,25.8,25.2,25.4,25.5,24.1,25.8,26,25.4,25.8,25.7,26.1,26.4,26.5,25.2,26,74,80,77,81,78,85,78,76,81,83,85,84,91,86,86,83,79,84,87,81,93,79,90,83,82,87,85,83,87,94,87,79,76,84,81,77,77,83,83,81,0,1.4,0.6,0,0,0,0.1,0.2,1,0,0.2,0.3,2.3,0.3,0.6,0,0,0.7,0.3,0,2.3,0,2.1,0,0.2,0.2,0.1,0.4,2.3,8.8,1.6,0.5,0.4,0.1,0,0.1,0,0,0.5,0,2.8,9.2,3.3,10.2,5.6,6.4,6.5,2.9,3.5,5.6,5.9,4.3,4.3,6,7.6,7.6,7.9,6.1,8.8,6.4,6,4.8,8.9,3.7,3.2,8.5,9.8,8.6,7,10.1,9.4,3.8,7.2,7.1,4.4,5.5,10.5,7,6.4,5.2,,,,,,,,,,,,,,,,,,,,,,,,,,,,,,,,,,,,,,,,,26.7,27,26.9,26.9,27.2,26.9,26.8,27.1,27.2,26.8,27.2,27,27,26.3,26.9,26.9,26.7,26.8,26.9,26.9,26.9,26.9,26.9,27.2,26.4,27.1,27,27.2,26.3,26.9,26.2,72,71,71,73,72,70,71,72,72,73,71,70,71,75,71,71,70,71,74,74,71,72,71,72,73,69,73,71,73,71,72,0.2,0.5,0.1,0.7,0,0.7,0.8,0,0.4,0.7,0.2,0.2,0.7,0.1,0,0.5,0.5,0.6,0,0.1,0.3,0.1,0.3,0.5,0.3,1,0.5,0.1,0,0.2,0.3,32.5,30.9,30.2,31.1,34,21.9,26.5,33.6,28.5,25.3,23.9,27.6,30.1,33.6,29.9,30.6,24.8,27.3,27,28.6,23.4,31.7,25.8,26,32.6,21.1,28.4,30.1,34.9,28.6,25.9,40,39.6,38.5,38.9,42.8,27.4,32.8,43.6,35.6,29.5,31,36.4,37.4,39.6,38.9,39.6,32,33.5,33.8,36,28.4,38.9,30.6,33.5,40.3,26.6,34.6,37.8,42.8,36.7,31.7,,,,,,22.2204,114.2127
2026-09-10T04:00,25.9,24.7,26.1,26,26,25.5,26.1,26.2,25.3,25.9,25,25,24.2,25.2,24.2,25.9,25.8,24.8,25.3,25.2,24.4,26.5,24.3,26.2,25.8,25.1,24.9,25.1,24.7,23.7,25.4,25.9,25.2,25.6,25.4,25.4,25.9,26.4,24.6,26,74,82,78,79,78,87,79,76,81,82,85,84,92,84,91,84,82,86,89,80,91,80,91,82,82,90,84,84,92,91,89,79,77,85,83,81,76,83,85,81,0,0.9,0.2,0,0,0,0.2,0,0.3,0,0.4,0.2,1.7,0,1.7,0,0,0.3,0,0,0.5,0,2.3,0,0,0.6,0,0.3,2.5,5.8,1.5,0.8,0.4,0,0.3,0.4,0,0,0.5,0,2.4,6.1,3.6,6.2,5.8,6.1,4.3,3.6,2.9,5.9,5.7,5.2,4.8,7.1,7.4,6.6,8.4,3.6,7.2,8,4.9,4.1,3.6,5.6,3.3,7.4,9,6.3,5.8,8.1,6.1,3.4,6.6,6.4,4.7,4.3,10.7,8,5.2,5.4,,,,,,,,,,,,,,,,,,,,,,,,,,,,,,,,,,,,,,,,,26.4,27.1,27.1,26.8,27.1,26.7,26.7,27,27.3,26.6,27.2,27.1,27.1,25.9,26.7,27.2,26.6,26.7,26.8,26.8,26.9,27,26.7,27.2,26.5,26.9,27,27.1,25.7,26.9,25.9,73,70,70,72,73,70,72,73,71,73,70,70,71,77,71,70,71,71,75,75,70,71,72,71,71,70,72,70,77,70,72,0.2,0.5,0.1,0.7,0,0.7,0.8,0,0.4,0.7,0.2,0.2,0.7,0.1,0,0.5,0.5,0.6,0,0.1,0.3,0.1,0.3,0.5,0.3,1,0.5,0.1,0,0.2,0.3,34.3,29.4,28.9,29.3,33.5,21.8,26,34.5,27.4,26.8,23.5,29.5,31.3,32.6,30.9,28.5,25.7,28.1,27.5,29.9,26.4,31.9,26.4,25.3,32.2,20.7,28.1,27.9,38,27.7,28.3,41.4,39.6,37.4,37.4,41.4,28.8,32.4,44.3,37.1,31,32,37.8,38.5,39.6,39.6,39.6,32.4,34.9,35.3,37.8,32,38.5,32,33.1,41,25.9,34.6,35.3,46.4,36.7,34.9,,,,,,22.2204,114.2127
2026-09-10T05:00,25.8,24.6,25.8,25.7,25.6,25.2,25.8,25.8,25.2,25.5,24.7,24.9,24.3,24.9,23.6,25.7,25.6,24.7,25,24.8,24.6,26.2,24.2,25.9,25.8,24.9,24.6,24.8,24.6,23.7,25.3,25.8,25,25.7,25,25.1,25.3,26,24.5,25.9,73,82,79,79,80,87,80,78,81,85,85,83,91,83,92,84,85,87,90,81,88,80,91,81,82,91,85,85,91,89,90,80,77,85,85,82,79,84,85,80,0,0,0.2,0,0,0,0,0,0.3,0,0.1,0,0.6,0.5,4.4,0,0,0,0,0,0,0,0.9,0,0,0.3,0,0,0.5,0.7,0.3,0.5,0.1,0,0.8,0.1,0,0,0.1,0,3.2,6.5,4.2,6.4,6.9,8,4,4,2.3,7.2,5.1,6.4,4.9,5.4,4.8,6.3,8.1,4.3,6.3,8,4.3,5.4,4.3,7.3,3.7,7,6.5,6.2,5.6,7.1,5.8,3.2,7.1,5.6,4.7,3.7,8.2,10.7,5,4.1,,,,,,,,,,,,,,,,,,,,,,,,,,,,,,,,,,,,,,,,,26.3,27.2,27.3,26.8,27.1,26.7,26.7,27,27.4,26.6,27.3,27.1,27.2,25.7,26.6,27.4,26.6,26.6,26.8,26.8,27,27,26.7,27.3,26.6,26.9,27,27.1,25.3,27,25.6,73,69,70,72,74,69,72,74,70,73,70,70,70,78,71,69,71,71,75,75,70,71,72,71,70,71,72,70,79,70,73,0.2,0.5,0.1,0.7,0,0.7,0.8,0,0.4,0.7,0.2,0.2,0.7,0.1,0,0.5,0.5,0.6,0,0.1,0.3,0.1,0.3,0.5,0.3,1,0.5,0.1,0,0.2,0.3,34.8,28.7,28,28.1,33,21.3,25.6,35.5,27.7,27.2,23.8,31.2,31.6,31.4,31.4,26.9,26.3,28,28.2,31.3,27.8,32.4,26.8,25.1,31.3,19.8,27.1,26.4,40.2,27.4,30.6,42.5,40,36.7,37.1,40.7,28.8,31.7,44.6,38.9,31.7,32.8,38.9,39.2,39.6,40,38.9,33.5,35.3,36,39.6,34.2,39.2,32.8,33.1,40.3,24.8,33.8,33.8,48.6,37.1,37.8,,,,,,22.2204,114.2127
2026-09-10T06:00,25.7,24.6,25.6,25.6,25.2,25,25.6,25.6,25.3,25.2,24.6,24.8,24.3,24.4,23.5,25.5,25.5,24.5,24.9,24.5,24.7,25.7,24.2,25.6,25.8,24.8,24.4,24.7,24.6,23.7,25.1,25.6,24.9,25.6,24.9,24.9,25,25.6,24.4,25.9,74,81,79,78,83,86,81,79,80,86,86,81,89,84,90,83,87,87,90,82,87,80,91,79,81,90,86,87,88,88,91,80,78,85,82,83,82,84,84,79,0,0,0,0,0,0,0,0,0,0,0,0,0.1,0.3,1.6,0,0,0,0,0,0,0,0,0,0,0.1,0,0,0,0.1,0,0.2,0,0,0.3,0,0,0,0,0,3.8,5.8,4.2,5.5,6.2,10.5,4.3,3.7,3.2,7.6,5.5,7.7,4.7,6,2.7,6.5,8.6,4.7,7,7.5,4.2,8.3,4.6,5.4,4,6.3,6.8,6.2,5.2,9.4,8.7,3.8,7.3,5.4,5.5,4.3,6.5,9.8,4.8,3.5,,,,,,,,,,,,,,,,,,,,,,,,,,,,,,,,,,,,,,,,,26.5,27.3,27.3,26.8,27.1,26.7,26.8,26.9,27.4,26.6,27.3,26.9,27.3,25.9,26.7,27.4,26.7,26.5,26.8,26.8,26.9,26.9,26.8,27.3,26.6,26.9,27.1,27,25.4,27.1,25.4,72,69,70,71,74,68,71,75,70,72,71,71,69,76,71,69,70,71,74,75,70,72,71,71,69,71,71,71,78,69,75,0,0.3,0,0,0,0,0.1,0.1,0,0.1,0.1,1.5,0.2,0.1,0,0.2,0.4,0.4,0,0.2,0,0,0.2,0.3,0,0.5,0.2,0.1,0,0.5,0.2,33.8,29.2,27.8,29,33.6,18.8,24.7,36.3,29.6,25.8,24.8,32.3,30.6,30.4,30.8,25.9,26.1,25.9,28.2,33.4,26.1,33.4,26.4,25.8,29.4,18.7,24.8,26.2,40.4,28,32.2,42.1,40.7,37.4,38.5,42.8,25.9,30.2,45,41.4,31,33.5,40,39.2,39.2,39.6,37.8,36,33.1,36,41.4,33.1,41.8,32.8,35.3,37.8,23.4,31.3,34.9,49.3,38.9,40,,,,,,22.2204,114.2127
2026-09-10T07:00,25.9,24.6,25.6,25.5,25.1,24.7,25.5,25.5,25.4,25.1,24.6,24.9,24.5,24.4,23.7,25.5,25.5,24.5,24.9,24.4,24.8,25.3,24.3,25.4,26,24.8,24.4,24.8,24.6,23.7,24.9,25.5,24.8,25.7,24.7,24.9,25,25.4,24.5,26.1,75,82,80,77,83,87,83,81,81,85,86,81,88,84,90,82,86,87,88,84,87,82,91,79,79,90,86,87,87,85,90,81,79,85,78,83,83,82,84,78,0,0,0,0,0,0,0,0,0,0,0,0,0,0,0,0,0,0,0,0,0,0,0,0,0,0,0,0,0,0.2,0,0,0,0,0.4,0,0,0,0,0,4.6,5.6,4.6,5.2,4.7,11.2,4.4,3.8,3.3,8,5.5,6.6,5.1,6,4.1,6.5,8.7,5.9,6.9,6.9,4.5,6.5,5.6,4.8,4.7,6.9,7.7,6.2,5.5,7.9,8.7,4,7.3,5.9,7.8,4.3,5.8,7.6,4.6,3.7,,,,,,,,,,,,,,,,,,,,,,,,,,,,,,,,,,,,,,,,,26.7,27.5,27.3,26.9,27.2,26.8,27,26.9,27.5,26.8,27.3,26.6,27.5,26.3,26.8,27.3,27,26.4,26.9,27,26.8,26.9,27,27.4,26.6,27.1,27.3,26.9,25.8,27.2,25.3,71,69,69,71,74,68,70,75,69,70,72,73,69,73,72,69,67,71,72,74,70,73,70,71,69,70,71,72,76,68,76,0,0.3,0,0,0,0,0.1,0.1,0,0.1,0.1,1.5,0.2,0.1,0,0.2,0.4,0.4,0,0.2,0,0,0.2,0.3,0,0.5,0.2,0.1,0,0.5,0.2,31.6,30.2,27.8,31.3,34.6,15.8,23.7,37,32.4,23.8,26.3,32.8,28.7,29.5,29.4,24.4,25.2,23.1,27.6,35.6,23.6,34.4,25.6,27.1,26.1,17.2,21.5,26.5,40,28.5,33.7,41,41,38.9,40.7,46.4,22,28.8,45,44.3,29.5,33.8,40.7,38.9,38.2,38.5,36,39.6,29.9,36,43.2,30.6,44.6,32.8,37.8,33.5,21.2,27.4,37.1,49.3,41.4,41.8,,,,,,22.2204,114.2127
2026-09-10T08:00,26.4,24.9,26.2,26.2,25.2,25.1,25.8,26,26,25.4,25.3,25.3,25.1,24.6,24.4,26.3,26,24.7,25.5,25,25.6,26,25,25.5,26.7,25.1,25,25.5,24.6,23.9,24.8,25.8,24.7,26.4,24.1,25.4,25.5,25.7,25,26.6,77,82,77,74,81,83,82,81,77,82,83,81,85,83,88,79,83,86,86,81,83,79,88,78,76,87,82,84,85,86,89,80,80,81,79,81,82,81,83,76,0,0,0,0,0,0,0,0,0,0,0,0,0,0,0,0,0,0,0,0,0,0,0,0,0,0,0,0,0,0,0,0,0,0,0.4,0,0,0,0,0,4.7,5.5,4.5,4.7,5.5,10.9,4.7,4,4,7.9,5.9,6.6,6.2,6.6,4.3,7.2,9.1,6.9,8,7.6,5.2,5,5.1,5.1,5.2,6.9,9.4,7.3,5.9,5.8,8,4.7,6.5,6.6,5.6,4.2,6.1,8,4.8,4.4,,,,,,,,,,,,,,,,,,,,,,,,,,,,,,,,,,,,,,,,,27,27.7,27.4,27.1,27.3,27.1,27.3,27,27.6,27,27.4,26.6,27.7,26.7,27.1,27.4,27.3,26.5,27,27.1,26.9,27,27.3,27.6,26.7,27.4,27.5,26.9,26.1,27.4,25.4,70,69,68,70,73,67,69,75,69,68,72,74,68,70,71,68,66,70,70,73,69,73,68,70,68,69,70,73,74,67,77,0,0.3,0,0,0,0,0.1,0.1,0,0.1,0.1,1.5,0.2,0.1,0,0.2,0.4,0.4,0,0.2,0,0,0.2,0.3,0,0.5,0.2,0.1,0,0.5,0.2,30.1,30.5,27.3,32.5,34.2,14,22.6,37.2,34.1,21.8,26.5,32.6,26.9,29.4,27.4,23.1,25.7,20.5,27.6,37.2,21.9,35.1,25,27.8,23.3,16,18.9,26.6,39,29.3,34.6,40,41,38.9,42.5,47.9,18.7,28.1,45,46.1,27.7,33.5,40.3,37.4,37.1,37.1,33.8,42.5,27,35.6,44.6,28.8,47.2,32,38.9,29.9,19.8,24.1,38.2,48.2,42.8,43.2,,,,,,22.2204,114.2127
2026-09-10T09:00,26.8,25.7,27.1,26.8,25.4,26.2,26.9,27.1,26.8,25.9,26.5,26.4,25.9,25,25.8,27.4,26.9,24.8,26.7,26.4,26.8,27.2,26.3,25.9,27.4,25.8,26.2,26.7,24.5,24.7,24.8,26.4,25.1,27.6,24.3,26,25.8,26.8,25.5,27.1,77,80,74,72,79,78,77,76,73,80,78,78,82,83,84,73,78,84,79,76,78,75,82,76,74,83,78,79,84,84,87,76,80,74,79,80,79,76,80,74,0,0,0,0,0,0,0,0,0,0,0,0,0,0,0,0,0,0,0,0,0,0,0,0,0,0,0,0,0,0,0,0,0,0,0.1,0,0,0,0,0,4.7,5.4,4.3,4.7,5.9,11.2,4.3,4.3,4.4,7.7,8.3,6.5,6.8,6.5,4.3,9.1,12.6,6.6,7.9,8.8,5.6,5.9,5.8,5.4,5.8,6.9,10.6,8.3,5.5,6.6,8,4.3,6.5,8.2,4.7,3.7,6.8,9.9,5.1,6.4,,,,,,,,,,,,,,,,,,,,,,,,,,,,,,,,,,,,,,,,,27.3,28,27.8,27.4,27.6,27.5,27.7,27.1,27.8,27.3,27.7,26.8,28,26.9,27.5,27.8,27.4,26.9,27.3,27.1,27.3,27.1,27.5,27.9,27,28,27.8,27.2,26.4,27.6,25.6,69,67,66,69,71,65,67,74,68,66,70,73,66,69,69,66,66,68,69,73,67,72,66,68,66,67,69,72,72,66,75,0,0,0,0,0,0,0,0.1,0,0,0.1,0.8,0,0,0,0,0,0.1,0,0,0,0,0,0,0,0.1,0.1,0,0,0,0.2,30,30,25.5,32.8,31.9,13.4,21.2,37.1,34.5,20.3,24.9,31.4,25.2,29.5,25.3,21.2,29,19.5,28,37.9,21.2,35.8,24,26.4,20.9,15.1,17.8,26.4,38,30.1,34.7,40,40.3,36.7,42.8,45.4,17.6,28.8,44.6,46.1,25.2,32,38.5,34.6,36,34.6,30.6,45,25.9,35.6,45.4,28.4,48.6,31,36.4,26.6,18.7,22,37.1,46.4,43.2,44.3,,,,,,22.2204,114.2127
2026-09-10T10:00,27.6,27.1,28.3,27.4,26.2,27.5,28.1,28.3,27.4,27,27.8,27.7,26.7,25.6,27.3,28.7,28.1,24.9,28,27.8,27.8,28.3,27.7,26.8,28.5,26.8,27.6,28.2,24.6,26,25.2,26.9,26.5,28.8,25,26.9,26.7,28.2,26.2,27.5,74,76,70,70,75,71,69,70,70,76,69,71,78,82,77,67,71,82,73,72,74,70,76,72,69,79,72,71,84,78,83,73,75,66,79,77,75,72,77,72,0,0,0,0,0,0,0,0,0,0,0,0,0,0,0,0,0,0,0,0,0,0,0,0,0,0,0,0,0,0,0,0,0,0,0,0,0,0,0,0,7.3,6.5,6,5.6,6.4,13.9,5.4,5.1,6.5,10.6,14,8.4,10.9,6.5,5.2,12.8,15,5.8,9.7,10.8,9.4,10.2,7.5,5.1,9.4,7.6,13.9,12.6,5.4,7.5,8.5,4,8,12.5,4.1,4,7.6,14.4,4.7,10.2,,,,,,,,,,,,,,,,,,,,,,,,,,,,,,,,,,,,,,,,,27.7,28.3,28.3,27.7,28,28.1,28.3,27.4,28.1,27.7,28.1,27.3,28.4,27.1,28.1,28.4,27.5,27.6,27.6,27.2,27.9,27.4,27.8,28.4,27.5,28.6,28.2,27.6,26.6,27.9,26.1,67,65,64,67,68,63,64,72,67,65,68,71,64,68,66,64,67,67,68,72,65,69,65,66,64,65,67,69,70,65,72,0,0,0,0,0,0,0,0.1,0,0,0.1,0.8,0,0,0,0,0,0.1,0,0,0,0,0,0,0,0.1,0.1,0,0,0,0.2,30.6,29.1,23.5,32.9,29,13.2,19.9,36.2,33.6,19.2,22.9,29.7,23.1,29.3,22.6,19.1,33.6,19.3,28.2,38.3,21.5,36.4,22.4,24.1,18.9,14.7,17.1,25.6,36.7,31,34.8,40.3,38.9,33.8,42.8,41,18,30.6,43.6,44.6,22.7,29.9,35.6,30.6,34.6,31.3,26.6,47.5,25.6,35.6,45.4,28.4,49,29.9,32.4,24.1,18,19.8,34.9,43.9,42.8,44.6,,,,,,22.2204,114.2127
2026-09-10T11:00,28.7,28.5,29.7,27.9,26.5,28.8,29.4,29.6,28.4,28.8,28.7,29,27.8,27.1,28.9,29.8,29.4,25.8,29.2,29,29,29.2,29,28.2,29.5,28,28.5,29.3,25,27.6,27.3,27.9,28.5,29.6,26.7,28.1,27.6,29.5,27.6,27.8,68,70,65,68,74,65,62,63,66,68,64,67,72,77,68,61,63,79,66,65,69,66,67,67,63,73,67,65,83,72,76,69,68,60,73,72,72,65,70,70,0,0,0,0,0,0,0,0,0,0,0,0,0,0,0,0,0,0,0,0,0,0,0,0,0,0,0,0,0,0,0,0,0,0,0,0,0,0,0,0,8.2,12.2,10.6,8.6,11.2,16.9,10.7,9.5,8.6,13.9,15,13.2,12.4,9.2,9.2,16.9,17.7,5.9,16.9,15.6,11.9,14.8,12,5.5,13.3,9.3,18.2,15.3,5.8,9,11.2,4.6,12.7,16,4.3,6.7,10.2,17.3,5.2,11.2,,,,,,,,,,,,,,,,,,,,,,,,,,,,,,,,,,,,,,,,,27.9,28.5,28.8,28,28.4,28.5,28.7,27.6,28.4,28,28.4,27.7,28.6,27.2,28.5,28.8,27.6,28.1,27.8,27.3,28.3,27.7,28,28.7,27.9,29.1,28.5,28,26.7,28.1,26.4,66,64,62,66,66,61,62,70,66,64,66,69,63,68,64,62,68,65,67,72,64,67,64,64,63,63,66,67,68,65,69,0,0,0,0,0,0,0,0.1,0,0,0.1,0.8,0,0,0,0,0,0.1,0,0,0,0,0,0,0,0.1,0.1,0,0,0,0.2,30.4,28.8,21,32.4,26.6,13.4,19.2,35.1,33,18.2,21.5,27.6,21.3,29.5,20.6,17.6,37.4,19.3,28.4,37.3,21.9,35.6,21.4,22.4,17.4,14.4,16.6,24.5,35,31,34.1,39.2,37.8,30.2,41.8,36.7,18,31.7,42.1,43.6,20.2,28.1,32.8,27.4,33.5,28.4,23.8,47.9,25.6,35.3,44.3,28.4,47.5,28.1,29.2,22,18.4,18.7,32,41,41.8,43.6,,,,,,22.2204,114.2127
2026-09-10T12:00,29.2,29.9,30.7,28.2,27.4,29.5,30,30,29.9,30.1,29.3,29.4,29.1,29.1,29.7,30.4,30.4,27.3,29.8,28.8,29.3,29.5,29.7,29.5,29.8,29.1,29,30,25.9,28.8,29,29.2,29.6,30.4,28.5,29.4,28.2,30.1,28.9,28.2,64,62,59,69,71,61,58,59,58,61,60,65,66,66,65,59,59,73,63,65,66,64,63,62,61,66,64,61,80,66,67,62,61,57,65,64,69,61,63,69,0,0,0,0,0,0,0,0,0,0,0,0,0,0,0,0,0,0,0,0,0,0,0,0,0,0,0,0,0,0,0,0,0,0,0,0,0,0,0,0,10.8,14.8,13.3,11.8,11.1,18.2,13.9,13.2,13.6,15,15.1,14.7,12.4,12.4,11.8,17.9,18,8.5,17.6,15.8,11.5,16.2,14.8,11.4,15.3,12.7,19.3,16.9,7.2,13.2,14.5,8.9,14.5,16.9,9,10.5,13.7,18,11.8,11.5,,,,,,,,,,,,,,,,,,,,,,,,,,,,,,,,,,,,,,,,,28.1,28.6,29,28.1,28.7,28.6,28.9,27.8,28.5,28.2,28.5,28,28.8,27.2,28.7,28.9,27.7,28.4,28,27.4,28.5,28,28,28.8,28,29.3,28.6,28.3,26.7,28.2,26.7,65,64,61,66,65,61,62,69,66,64,66,68,63,68,63,62,68,64,66,71,64,65,64,64,63,63,66,66,68,65,68,0,0,0,0,0,0,0,0,0,0,0,0.2,0,0,0,0,0,0,0,0,0,0,0,0,0,0,0,0,0,0,0,28.7,28.9,18.9,31.2,24.3,13.5,20.8,32.4,32.7,16.7,20.1,25.4,19.4,29.4,19,16.1,37.9,20,27.5,35.2,22.3,32.5,20.6,22.4,16.4,15,15.9,21.5,33.3,30.4,33.1,35.6,36.7,26.3,39.2,32.8,17.6,31.7,39.6,42.8,18.4,26.3,29.2,24.8,32.4,25.6,22,45.4,25.6,34.2,41.8,27.7,42.1,25.6,28.4,20.9,19.8,18.4,27.7,38.2,40.3,40.7,,,,,,22.2204,114.2127
2026-09-10T13:00,29.6,30.3,31.2,28.8,28.2,29.8,29.9,29.5,30.5,30.6,29.6,30.1,29.5,30.4,30.2,30.9,31,28.5,30.3,28.8,29.8,29.6,29.6,30,29.8,29.6,29.2,30.5,27,29,29.5,30,30.1,30.6,30.1,29.7,28.5,30.6,29.7,28.8,64,61,56,67,68,60,59,62,55,57,59,62,62,59,62,55,56,65,62,64,64,64,63,59,61,64,66,59,76,65,64,56,59,55,58,61,69,59,59,65,0,0,0,0,0,0,0,0,0,0,0,0,0,0,0,0,0,0,0,0,0,0,0,0,0,0,0.2,0,0,0,0,0,0,0,0,0,0,0,0,0,12.1,15.8,13.9,11.8,12.8,17.4,15.1,14.5,14.5,16.4,14.5,14.1,13.7,13.3,12.7,17.8,17.9,11.9,16.3,16.4,12.3,15.2,16.3,14.8,15.6,14.2,18.2,16.6,6.5,14.8,14.7,12.6,16.6,16.9,12.3,13.1,14.5,17.9,14.1,10.8,,,,,,,,,,,,,,,,,,,,,,,,,,,,,,,,,,,,,,,,,28.3,28.5,29.1,28.1,29,28.6,28.9,28,28.5,28.2,28.6,28.2,28.8,27.2,28.8,28.8,27.8,28.6,28.2,27.5,28.6,28.3,27.9,28.7,28,29.4,28.6,28.5,26.6,28.2,26.9,65,66,62,66,64,62,63,68,67,64,66,66,63,69,63,63,67,64,65,70,64,64,65,66,64,63,67,65,68,65,67,0,0,0,0,0,0,0,0,0,0,0,0.2,0,0,0,0,0,0,0,0,0,0,0,0,0,0,0,0,0,0,0,26.3,29.9,16.6,30.1,22.5,13.6,24.3,29.4,32.7,15.5,19.6,22.8,17.5,29.7,18.3,15.9,36.5,21.1,26.2,32.2,22.9,27.9,20.4,23.5,16.7,17.4,15.5,18.5,31.8,30.1,31.7,30.6,35.6,22,36,29.2,16.9,31.3,36.4,41.8,16.9,24.1,25.2,23,31.3,23,21.2,41.4,25.6,32.8,37.8,27,34.9,23,28.4,20.5,22.3,18.4,22.7,35.3,38.5,36,,,,,,22.2204,114.2127
2026-09-10T14:00,30,29.7,31.2,29.9,28.8,30.2,29,28.8,30.4,30.4,29.8,30.3,29.7,30.8,30,31,31.4,29.2,30.4,28.5,29.2,30,29,29.8,29.7,29,29.2,30.8,28.2,29.1,29.7,30.3,29.9,31,30.4,29.3,28.8,30.7,29.9,29.4,62,64,55,63,66,59,64,67,56,59,58,62,61,56,62,56,54,62,61,65,69,63,67,62,60,69,65,57,72,66,62,56,60,53,59,65,69,58,59,62,0,0.1,0,0,0,0,0.4,0.1,0,0,0,0,0,0,0,0,0,0,0,0,0.5,0,0.5,0,0,0,0,0,0,0,0,0,0,0,0,0,0,0,0,0,12.1,16.9,14.5,12.7,12.5,16.6,13.9,13.7,14.2,16.3,14.6,14,14.8,14.3,13.4,17.3,17.4,12.2,15.7,14.9,11.8,14.5,15,15.3,16.8,15.1,16.9,16.4,6.7,14.3,15,12.6,16.6,15.9,13.4,12.9,13.5,17.9,15,11.6,,,,,,,,,,,,,,,,,,,,,,,,,,,,,,,,,,,,,,,,,28.3,28.4,29.1,28.1,29.1,28.6,28.9,28.1,28.5,28.2,28.6,28.4,28.9,27.1,28.8,28.6,27.8,28.6,28.3,27.6,28.6,28.6,27.9,28.5,28,29.3,28.6,28.6,26.5,28.2,27,65,67,62,67,64,63,64,67,68,64,67,66,64,70,63,64,67,64,65,69,65,63,65,67,65,64,67,65,69,66,67,0,0,0,0,0,0,0,0,0,0,0,0.2,0,0,0,0,0,0,0,0,0,0,0,0,0,0,0,0,0,0,0,24.8,30.2,15.4,28.7,21.3,15,27.2,27.3,33,14.6,19.6,21.4,16.9,29.6,18.9,17.5,35,21.9,25.1,29.8,23.7,24.5,19.9,24.5,18,19.7,16.1,16.8,29.7,29.3,30.1,27,34.9,19.1,33.5,26.3,17.6,31.3,33.8,41,16.2,23.4,23,22.3,30.6,22,21.6,37.8,25.6,31.3,34.6,27,29.2,21.2,28.8,20.9,24.5,19.1,19.4,32.4,36.4,32.4,,,,,,22.2204,114.2127
2026-09-10T15:00,30.1,29.3,30.1,30,29.1,30.1,29.2,29,29.9,30,29.9,29.1,29.6,30.7,29.7,31.1,31.4,29.2,30.1,28.6,28.9,29.7,29,28.9,29.2,28.3,29.5,30.8,29,29,29.3,29.8,29.2,30.9,29.9,28.1,29.1,30.5,29.5,29.5,60,67,63,62,65,59,65,66,60,61,56,68,61,57,66,55,55,61,61,65,72,64,66,68,61,72,63,59,66,66,66,59,64,54,64,70,67,58,61,60,0,0.1,0.1,0,0,0,0,0.1,0,0,0,0.2,0,0,0,0,0,0,0,0,0,0,0.5,0.1,0,0.4,0,0,0,0.1,0,0,0,0,0.2,0,0,0,0,0,12.6,14.3,14.6,13.7,12.1,16.3,12.7,12.5,14.2,15.8,13.6,13,14.8,14,12.7,17,16.5,12.6,15.5,14.2,11,14.8,12.7,14,15.9,13.1,15.3,14.4,8.4,13.6,15.3,12.8,15.5,15.2,13.7,13,14,17.3,14.5,11.7,,,,,,,,,,,,,,,,,,,,,,,,,,,,,,,,,,,,,,,,,28.2,28.4,29.1,28.1,29,28.5,28.7,28.2,28.4,28.1,28.4,28.3,28.9,27,28.8,28.4,27.7,28.5,28.3,27.5,28.4,28.6,27.9,28.4,28,29.1,28.7,28.5,26.5,28.2,27,66,68,62,68,65,64,66,67,69,64,68,67,64,71,64,65,68,66,66,69,66,64,65,69,65,65,67,66,69,67,67,0,0,0,0.1,0,0,0,0,0,0,0,0,0,0.1,0,0,0.2,0,0,0.1,0,0,0,0,0.1,0,0.1,0.2,0.2,0,0.1,24.4,29.8,14.8,28,20.9,17.9,28.2,26.3,32.8,14.6,20.5,21.7,18,29.1,20.7,19.8,33.5,22.6,25,27.9,25.6,23.1,19.6,24.6,18.3,21.6,16.8,16.7,27,28.5,27.8,26.3,34.2,18.7,32.4,24.8,20.5,31.3,32,40.3,16.9,23.8,23.4,23.8,30.2,23,23.4,34.9,25.6,30.2,32,28.1,26.3,21.6,28.8,21.6,25.6,20.2,19.1,28.8,33.8,29.5,,,,,,22.2204,114.2127
2026-09-10T16:00,29.5,29.3,29.2,29.8,29,29.5,28.5,28.9,29.3,29.9,29.6,29.3,29.2,30.3,28.7,30.7,31.1,29,28.9,28.3,28.7,29.5,28.8,29,28.6,28.6,29.5,30.7,29.1,28.8,29,29,28.4,30.5,27.9,27.9,28.8,29.7,28.9,29,63,66,67,64,65,61,67,67,63,62,58,67,63,59,69,56,57,61,68,68,71,66,67,68,65,71,63,60,65,66,68,63,68,55,70,71,68,63,64,64,0,0,0.3,0,0,0,0.1,0.2,0,0,0,0,0,0,0.1,0,0,0,0,0,0.1,0,0.3,0.1,0,0,0,0,0,0,0,0,0.2,0,0.2,0,0,0.1,0,0,12.1,13,12,13.8,11,14.5,12.5,12.2,12.7,13.8,12.6,10.9,14.1,13,12.3,15.7,15.3,12.1,15.3,13,11.3,14.1,10.7,12.2,14.5,10.9,14,13,10.6,13.4,13.8,11.2,13.3,15.6,12.3,9.7,12.9,15.8,13.1,10.7,,,,,,,,,,,,,,,,,,,,,,,,,,,,,,,,,,,,,,,,,28.1,28.3,29,28.1,28.7,28.3,28.5,28.2,28.4,28,28.1,28.1,29,26.8,28.8,28.2,27.5,28.2,28.2,27.3,28.2,28.6,28,28.2,28,28.7,28.8,28.3,26.4,28.1,27,68,69,63,68,66,66,68,68,71,64,70,69,65,72,66,67,69,68,67,70,68,65,65,71,65,66,66,68,70,67,67,0,0,0,0.1,0,0,0,0,0,0,0,0,0,0.1,0,0,0.2,0,0,0.1,0,0,0,0,0.1,0,0.1,0.2,0.2,0,0.1,24.4,28.8,14.8,27.6,20.7,21.8,28.5,26.2,32.4,14.7,21.6,22.8,20.6,28.6,23,22.5,31.6,23.2,25,26.6,27.8,22.7,19.4,24.5,18.4,22.6,17.3,17.3,23.7,27.2,25,26.6,33.5,19.4,32.4,24.1,24.5,31.7,31,39.6,18.7,25.2,25.2,26.6,30.6,25.9,26.3,32.8,25.6,28.8,29.9,30.2,25.6,23,28.8,22.7,26.6,22,20.2,25.2,31,27.4,,,,,,22.2204,114.2127
2026-09-10T17:00,28.9,28.8,29.2,29.6,28.4,28.9,28.3,28.5,28.4,29.5,29,29.3,28.5,29,28.1,30.2,30.4,28.1,28.1,27.8,28.4,29.3,28.8,28.6,28.1,28.4,29.1,30.2,28.1,28.5,28.8,28.3,28.2,29.8,28.1,27.9,28.1,29.3,28.3,28.3,66,69,68,64,68,66,68,68,70,64,62,66,68,66,72,60,61,68,74,73,73,67,68,68,70,72,65,63,71,67,69,70,69,61,71,71,73,65,68,69,0,0,0,0,0,0,0,0.2,0.1,0,0,0,0,0,0.1,0,0,0,0.1,0,0.4,0,0.2,0,0,0,0,0,0,0,0,0,0,0,0.1,0,0,0,0,0,12,11.7,9.2,11.7,9.4,10.7,10.2,11.5,12.2,11.6,10.5,11,11.4,12.2,6.3,12.7,13.9,10.6,9.3,11.2,9.7,11.7,9.4,11.7,12.3,10.2,12.1,11.1,12.1,12.6,12.4,7.4,10.3,13.8,5.4,5.5,11.2,12.5,12.6,10,,,,,,,,,,,,,,,,,,,,,,,,,,,,,,,,,,,,,,,,,27.9,28.2,28.9,28.1,28.5,28.1,28.3,28.2,28.2,27.9,27.9,27.9,28.9,26.7,28.7,27.9,27.4,27.9,28.1,27.2,28,28.4,27.9,28,27.9,28.4,28.7,28.1,26.3,28,26.9,69,70,64,69,68,68,70,69,72,65,72,71,66,73,68,69,70,70,68,70,70,67,65,72,66,67,66,69,70,68,68,0,0,0,0.1,0,0,0,0,0,0,0,0,0,0.1,0,0,0.2,0,0,0.1,0,0,0,0,0.1,0,0.1,0.2,0.2,0,0.1,24.8,28.2,15.4,27.6,21.2,24.5,29.5,26.9,32.4,15.5,23.3,24.2,22.4,28.3,25.1,24.5,30.9,23.8,25,25.3,29.4,23.4,19.2,25.4,19.6,23.7,18.4,18.5,21.1,25.7,23.8,27.4,33.1,20.5,32.8,24.5,27.4,33.1,31,39.2,20.9,27.4,27.4,28.4,31,28.4,28.4,32,25.6,28.1,28.1,31.7,25.6,24.1,29.9,24.1,27.4,24.5,21.6,22.3,28.8,26.3,,,,,,22.2204,114.2127
2026-09-10T18:00,27.8,28.3,28.8,29.2,27.8,28.2,28,28.1,27.5,28.9,28.2,27.6,27.9,27.5,27.7,29.3,29.2,27.4,28.1,27.2,28.2,28.6,28.2,28,27.8,27.9,28.3,29.2,27.4,27.8,28.2,27.9,27.6,28.8,28.2,27.8,27.3,28.8,27.5,27.8,74,72,70,66,72,71,70,69,76,68,67,73,71,74,75,65,68,73,74,76,73,69,72,72,71,75,69,69,77,71,71,73,73,68,71,72,78,69,72,72,0,0,0,0,0,0,0,0,0,0,0,0.1,0,0,0.1,0,0,0,0,0,0,0,0,0,0,0,0.1,0,0,0,0,0,0,0,0,0,0.2,0,0.1,0,9.4,8.2,5.6,8.4,6.6,7.7,6.5,8.9,9.7,7.4,7.9,9.2,7.3,8.7,4.5,10,11.1,7.2,7.1,9.8,6.4,8.4,6.6,8.9,9.5,6.9,8.7,7.6,6.6,9.5,10.1,3.1,7.8,9.2,2.4,2.5,8.1,8.7,8.6,7.2,,,,,,,,,,,,,,,,,,,,,,,,,,,,,,,,,,,,,,,,,27.7,28.1,28.6,27.9,28.2,27.9,28.1,28,28,27.8,27.8,27.7,28.5,26.5,28.4,27.8,27.2,27.7,27.8,27.2,27.8,28.1,27.7,27.9,27.6,28.1,28.5,27.9,26.2,27.9,26.8,70,70,66,70,70,70,72,70,73,66,73,72,68,73,69,71,71,71,70,70,71,69,66,73,68,68,66,70,71,69,69,0.1,0.5,0,0.3,0.1,0,0.1,0.3,0.2,0.1,0.7,0.3,0.2,0.4,0.4,0,0.3,0,0.1,0.2,0.2,0.4,0,0.2,0.5,0.2,0.2,0.2,0.4,0.3,0.1,25.2,28.8,16.6,28.7,22.5,25.8,31.9,28.5,32.6,17.1,25.4,25,23,28.6,26.5,24.8,32.6,23.8,25,23.8,29.3,25.2,18.9,27.9,21.9,24.5,21.2,20.1,19.5,24.2,24.6,28.1,33.8,21.6,33.5,25.9,28.8,36.7,32.8,39.2,24.1,30.6,29.2,28.8,31.7,31,28.8,33.5,25.6,27.7,27,32,27.7,23.8,32.8,26.6,28.4,29.2,23.4,20.9,27.7,27.4,,,,,,22.2204,114.2127
2026-09-10T19:00,27.1,27.9,28.3,28.8,27.3,27.6,27.5,27.7,26.9,28.1,27.5,26.6,27.4,26.7,26.7,28.6,28.1,26.8,27.7,26.6,27.8,28.1,27.6,27.5,27.6,27.2,27.6,28.1,26.9,27,27.6,27.6,26.7,28.2,27.7,27.6,26.9,27.9,27.2,27.1,79,74,72,67,75,75,72,69,79,73,71,78,74,78,79,69,74,77,76,81,73,72,76,75,71,79,76,74,80,74,75,75,79,71,75,74,81,75,73,76,0,0,0,0,0,0,0,0,0,0,0,0.3,0,0,0.3,0,0,0,0,0,0,0,0,0,0,0,0,0,0,0,0,0,0,0,0,0,0,0,0,0,7.6,5.6,3.6,5.6,4.2,5.9,4.4,6.3,8.3,3.8,5.8,5.4,4.1,4.5,3.8,7.1,7.4,5.4,7.4,8.3,4.3,4.2,5.4,6,6.3,4.7,5.2,5.9,4.3,5.4,7.5,2.9,6.5,6.1,2.9,2.7,6.4,5.1,4.8,5.1,,,,,,,,,,,,,,,,,,,,,,,,,,,,,,,,,,,,,,,,,27.5,28,28.3,27.6,27.9,27.7,27.9,27.7,27.7,27.6,27.8,27.6,28.1,26.3,28,27.7,26.9,27.6,27.4,27.2,27.6,27.7,27.3,27.8,27.3,27.9,28.1,27.7,26.1,27.8,26.7,71,71,67,71,72,71,74,72,73,67,74,73,70,73,70,72,72,72,72,70,72,72,68,73,70,70,67,71,72,70,69,0.1,0.5,0,0.3,0.1,0,0.1,0.3,0.2,0.1,0.7,0.3,0.2,0.4,0.4,0,0.3,0,0.1,0.2,0.2,0.4,0,0.2,0.5,0.2,0.2,0.2,0.4,0.3,0.1,25.6,29.5,18.5,30.4,24.6,25.9,34.9,30.7,33,19.8,27.6,25.8,23,29.3,28,24.1,35.4,23.2,24.6,22.6,28.4,27,18.8,31,24.6,24.7,26.3,21.8,18.7,23.4,26.3,29.2,35.3,23,34.9,27.7,29.2,41.4,35.6,39.2,27.7,34.6,31.3,28.4,32.8,33.5,28.8,36.7,25.9,27.7,26.3,32,31,23,36.4,29.5,29.5,34.9,25.6,20.2,27.7,29.5,,,,,,22.2204,114.2127
2026-09-10T20:00,26.9,27.7,28.2,28.4,27,27.3,27.4,27.4,26.6,27.7,27.1,26.3,27,26.2,26.3,27.9,27.7,26.5,27.6,26.3,27.7,27.9,27.2,27.2,27.5,26.8,27,27.6,26.7,26.6,27.3,27.3,26.3,27.8,27.2,27.4,26.7,27.5,27,26.7,79,75,73,69,77,78,71,69,81,76,74,82,77,83,82,73,79,80,77,81,72,73,79,77,71,81,81,78,83,77,78,76,83,75,74,74,81,80,75,79,0,0,0,0,0,0,0,0,0,0,0,0,0,0,0,0,0,0,0,0,0,0,0,0,0,0,0,0,0,0,0,0.1,0,0,0.1,0,0,0,0,0.1,6.9,4.6,2.9,5.6,4.1,5.2,4.6,5,7.6,4.7,4.6,3.3,4,3.3,4.3,6.1,8.4,5.8,7.5,7.3,3.9,3.6,4.5,4.5,5,5.1,5.4,3.9,3,4.1,6.7,3.4,6.4,6.3,4.4,2.5,6.1,4.6,4.5,3.6,,,,,,,,,,,,,,,,,,,,,,,,,,,,,,,,,,,,,,,,,27.3,27.8,28.1,27.4,27.7,27.5,27.7,27.5,27.5,27.4,27.8,27.5,27.7,26.2,27.7,27.6,26.8,27.5,27.2,27.1,27.4,27.3,27,27.6,27,27.7,27.7,27.6,26,27.6,26.6,72,71,69,72,73,72,75,73,74,68,75,73,72,73,71,73,73,72,73,70,73,73,69,73,71,71,67,72,72,70,70,0.1,0.5,0,0.3,0.1,0,0.1,0.3,0.2,0.1,0.7,0.3,0.2,0.4,0.4,0,0.3,0,0.1,0.2,0.2,0.4,0,0.2,0.5,0.2,0.2,0.2,0.4,0.3,0.1,25.9,29.9,19.5,31.1,25.5,26,37.3,33,32.9,21.7,29.5,27,22.9,30.1,29.5,24.5,37.5,22.6,24,21.4,28.7,28,19.2,33.6,27.4,25,29.9,23.1,18.3,22.7,27.8,29.9,35.6,23.8,35.6,29.2,29.2,45.4,38.5,39.2,29.5,37.8,33.1,27.7,33.8,35.3,29.2,39.2,25.9,27.7,25.6,33.1,33.1,22.3,39.2,32.4,30.2,37.8,27,20.5,27,31,,,,,,22.2204,114.2127
2026-09-10T21:00,26.6,27.5,27.9,28.1,26.9,27,27.2,27.1,26.4,27.3,26.7,25.9,26.8,25.9,26,27.6,27.3,26.2,27.5,26.2,27.6,27.7,26.9,27.1,27.4,26.6,26.9,27.3,26.6,26.2,27.2,27.1,26.1,27.5,26.8,27.2,26.5,27.3,26.8,26.5,80,76,75,69,78,80,71,70,81,78,77,84,79,85,84,76,81,82,77,82,72,73,79,78,72,84,83,81,84,79,78,77,84,77,76,75,81,82,76,79,0,0,0,0,0,0,0,0,0,0,0,0.1,0,0,0,0,0,0,0,0,0,0,0,0,0,0,0,0.1,0,0,0,0,0,0,0,0,0,0,0,0,5.8,4.4,3.3,4.9,4,4.6,4.3,4.5,6.8,4.1,4.3,3.8,3.8,2.6,4,5.4,7.3,5.1,6.6,6.8,3.5,3.1,4.9,3.9,4.7,4.3,6,3.9,3.1,4,6.2,3.8,6.6,5.6,3.6,1.8,6,4.2,4.6,3.6,,,,,,,,,,,,,,,,,,,,,,,,,,,,,,,,,,,,,,,,,27.2,27.6,27.9,27.2,27.5,27.4,27.5,27.4,27.3,27.3,27.8,27.5,27.4,26.2,27.6,27.5,26.7,27.4,27.2,27,27.4,27.2,26.8,27.5,26.8,27.6,27.4,27.5,26.2,27.5,26.5,73,72,70,73,73,72,76,73,75,69,75,73,72,73,72,74,73,72,73,70,73,73,70,74,71,72,66,72,70,70,70,0.5,0.3,0.1,0.2,0.5,0.1,0.3,1.4,0.4,0.5,1.5,0.5,0.2,0.3,0.6,0.5,0.1,0.3,0.6,0.1,1.1,0.5,0.3,0.3,0.3,0.8,0.1,0.5,0.1,0.1,0.8,26.8,29.3,19.5,30.2,25.3,25.8,39.1,35.3,32.9,21.3,31.1,29.1,22.3,31.2,30.1,26.6,38.7,21.9,23.1,20.7,31.7,27.5,19.5,35.1,29.5,25.7,28.8,23.4,18.4,21.7,27.8,31,34.9,24.1,35.3,29.2,28.8,48.2,41.4,39.2,28.1,40.3,35.3,27.4,35.3,36.4,31.7,41.4,25.9,27,24.5,36.7,33.5,22.7,41,36,31,35.6,27.4,22.3,25.6,31.3,,,,,,22.2204,114.2127
2026-09-10T22:00,26.5,27.3,27.7,27.7,26.8,26.8,27,26.9,26.4,27.1,26.3,25.8,26.8,25.8,25.8,27.4,27.2,26,27.3,26.2,27.6,27.6,26.7,27,27.3,26.6,26.9,27.2,26.6,26,27.1,27,26.1,27.4,26.5,27.1,26.3,27.3,26.7,26.5,79,77,76,69,79,80,70,72,78,78,79,85,79,86,86,78,82,83,77,83,72,73,78,78,73,86,82,82,83,81,77,78,83,78,78,77,81,83,76,79,0,0,0,0,0,0,0,0,0,0,0,0.1,0,0,0,0,0,0,0,0,0,0,0,0,0,0,0,0.1,0,0,0,0,0,0,0,0,0,0,0,0,5.1,5.5,4.4,4.7,4.4,5,4.7,4.5,6.9,4.8,5.1,4.3,3.7,1.8,3.6,5.9,6.8,4.7,5.7,7.2,3.7,3.9,6.2,4.3,4.9,4.3,8.3,4.8,4,4.7,6.3,4.3,7.6,6,2.5,1.1,6.6,4.6,5.5,4,,,,,,,,,,,,,,,,,,,,,,,,,,,,,,,,,,,,,,,,,27.1,27.4,27.9,27.1,27.3,27.3,27.2,27.4,27.2,27.3,27.8,27.5,27.3,26.3,27.6,27.3,26.7,27.4,27.4,26.9,27.4,27.2,26.6,27.3,26.8,27.7,27,27.4,26.4,27.3,26.4,73,73,71,73,73,72,76,73,76,69,75,74,71,74,72,74,72,71,72,69,73,72,71,75,71,72,66,72,68,69,71,0.5,0.3,0.1,0.2,0.5,0.1,0.3,1.4,0.4,0.5,1.5,0.5,0.2,0.3,0.6,0.5,0.1,0.3,0.6,0.1,1.1,0.5,0.3,0.3,0.3,0.8,0.1,0.5,0.1,0.1,0.8,27.7,28.2,19.4,28.6,24.3,25.2,40.2,37.1,32.7,20.2,32.6,31.3,21.6,32.4,30.3,29.4,39.3,21,22.9,20.6,35.6,26.9,20.3,35.9,31.1,26.1,25,23.5,19.2,20.6,27.3,32,33.1,23.8,34.2,28.1,28.1,50,43.9,39.2,24.8,42.1,37.1,26.6,37.1,36.7,34.6,42.8,25.9,25.9,23.8,41.8,33.1,23,41.8,39.6,31,30.6,27.4,24.8,24.1,31.3,,,,,,22.2204,114.2127
2026-09-10T23:00,26.5,27,27.4,27.4,26.8,26.6,26.8,26.7,26.4,26.7,26,25.7,26.7,25.8,25.7,27.2,27.1,25.9,27.1,26.2,27.4,27.4,26.5,26.9,27.2,26.6,26.9,27,26.6,25.7,27,26.8,26.1,27.2,26.3,27,26.1,27.1,26.7,26.5,78,77,78,69,79,80,70,73,77,78,80,86,80,86,87,79,82,83,77,83,72,73,76,78,74,87,82,83,82,83,76,79,83,79,80,77,80,83,76,78,0,0,0,0,0,0,0,0,0,0,0,0.1,0,0,0,0,0,0,0,0,0,0,0,0,0,0,0,0.1,0,0,0,0,0,0,0,0,0,0,0,0,4.6,6,5.1,4.8,4.9,5.8,5.4,4.7,6.7,5.8,5.6,5.1,3.6,2.3,3.3,6.3,6.9,4.5,5.1,7.5,4.7,4.8,7.6,4.6,5.4,4.8,9.7,5.9,4.7,5,6.6,4.7,8.3,6.2,2.3,1.3,7,5.6,6.1,4.4,,,,,,,,,,,,,,,,,,,,,,,,,,,,,,,,,,,,,,,,,27,27.2,27.8,27,27.1,27.2,27.1,27.3,27,27.2,27.8,27.5,27.1,26.2,27.6,27.2,26.6,27.4,27.4,26.8,27.3,27.2,26.4,27.1,26.7,27.6,26.7,27.3,26.5,27.1,26.3,73,74,71,73,73,71,76,73,77,69,75,74,70,74,72,74,72,71,71,69,73,71,71,75,71,72,65,72,66,69,71,0.5,0.3,0.1,0.2,0.5,0.1,0.3,1.4,0.4,0.5,1.5,0.5,0.2,0.3,0.6,0.5,0.1,0.3,0.6,0.1,1.1,0.5,0.3,0.3,0.3,0.8,0.1,0.5,0.1,0.1,0.8,27.7,27.2,19.1,27.3,23.6,24.3,40.9,38,32.2,19.2,33.2,33,21.3,32.5,29.7,31,38.7,20.6,22.4,21.1,38.3,26.7,20,36.1,31.8,25.7,21.6,23.6,20.1,19.7,26.7,32,31.7,23.4,33.5,27.4,27.4,51.5,45.4,39.2,22.3,42.8,38.9,25.6,37.4,36.4,36.4,43.2,25.6,25.2,24.8,45.4,32,23,42.5,41.8,30.2,26.3,27,26.3,22.7,30.6,,,,,,22.2204,114.2127
2026-09-11T00:00,26.4,26.7,27,26.9,26.6,26.2,26.5,26.4,26.2,26.3,25.7,25.7,26.6,25.8,25.6,26.9,27,25.8,26.8,26,26.9,27,26.2,26.7,27,26.6,26.7,26.8,26.4,25.5,26.8,26.7,26,27,26.2,27.1,25.9,26.8,26.6,26.4,79,78,80,69,78,79,70,73,78,78,79,86,81,85,88,79,83,83,77,84,72,73,75,78,74,87,82,82,83,85,76,81,83,79,80,75,80,81,75,78,0,0,0.2,0,0,0,0,0,0,0,0,0.2,0,0,0,0,0,0,0,0,0,0,0,0,0,0,0,0.3,0,0,0,0,0,0,0,0,0,0,0,0,4,5.9,4.4,5.1,5.5,6.5,6.1,5.4,6.5,6.4,5.9,4.8,3.3,3.1,2.9,7,7.3,4.3,5.2,7.2,6.2,5.4,8.6,5.2,6.5,4.9,9.8,6.3,5.2,4.4,7.1,4.2,8.6,6.1,2.8,2.6,7.6,6.5,6,4,,,,,,,,,,,,,,,,,,,,,,,,,,,,,,,,,,,,,,,,,26.9,27,27.6,26.8,26.9,27,27.1,27.1,26.9,27,27.7,27.4,27,26,27.4,27.1,26.5,27.2,27.2,26.7,27.2,27,26.3,27,26.7,27.4,26.5,27,26.3,26.8,26.1,73,74,71,73,73,70,75,74,76,69,75,74,69,74,72,74,73,72,72,70,73,70,70,75,70,72,65,71,67,69,71,0.2,0.3,0.1,0.1,0.5,0,0.2,1,0.2,0.2,0.3,0.4,0,0.5,0,0.3,0.2,0.1,0.5,0.2,0.3,0,0.1,0.2,0,0.1,0,0.2,0.3,0,0.7,25.9,26.1,18.5,26.2,23.5,22.7,40.9,37.6,31.1,18.2,32.2,33.8,20.3,31.1,27.6,30.4,36.7,20.3,22,23.2,38.5,25,18.1,35.8,31,23.1,20,22.7,20.3,18.8,25.9,30.6,30.6,22.3,32.8,27.4,26.3,52.2,45.4,38.9,21.6,41.4,40,24.1,35.6,34.6,35.6,41,24.5,24.5,29.9,46.4,29.9,21.6,43.2,42.5,27.4,24.1,26.6,25.9,22,29.5,,,,,,22.2204,114.2127
2026-09-11T01:00,26.4,26.5,26.6,26.4,26.5,25.7,26.2,26.1,25.9,25.8,25.5,25.6,26.4,25.8,25.5,26.6,26.8,25.7,26.4,25.8,26.3,26.6,25.9,26.4,26.8,26.6,26.4,26.6,26.2,25.2,26.5,26.5,25.7,26.8,26.2,27.2,25.7,26.4,26.4,26.3,80,78,82,70,77,78,69,72,79,78,76,86,81,84,88,77,84,83,76,84,71,73,74,77,74,87,81,80,84,88,76,82,84,78,80,73,81,79,74,79,0,0,0.2,0,0,0,0,0,0,0,0,0.2,0,0,0,0,0,0,0,0,0,0,0,0,0,0,0,0.3,0,0,0,0,0,0,0,0,0,0,0,0,3.3,5.6,3.3,5.8,6.4,6.8,6.5,6.1,6.3,6.9,6.8,4.4,3.1,4,2.3,7.9,8.2,4.1,5.9,6.7,8.1,5.8,9.7,5.6,7.4,5.2,10,7.1,5.7,3.7,7.6,3.8,8.4,6.5,3.3,4.5,8,7.7,5.6,3.3,,,,,,,,,,,,,,,,,,,,,,,,,,,,,,,,,,,,,,,,,26.8,26.8,27.4,26.6,26.6,26.8,27.1,26.9,26.8,26.9,27.6,27.2,26.9,25.7,27.3,27,26.3,27,26.9,26.5,27.1,26.7,26.1,26.8,26.6,27.1,26.3,26.8,25.9,26.6,25.9,72,74,70,72,74,70,74,75,75,68,76,75,69,75,71,75,74,73,73,71,74,69,68,74,69,71,66,71,68,68,72,0.2,0.3,0.1,0.1,0.5,0,0.2,1,0.2,0.2,0.3,0.4,0,0.5,0,0.3,0.2,0.1,0.5,0.2,0.3,0,0.1,0.2,0,0.1,0,0.2,0.3,0,0.7,23,24.8,17.7,25.5,23.2,21,40.5,36.4,30,18.1,30.9,34.2,18.7,28.5,24.5,29.1,33.4,20.1,21.7,26,37.4,21.9,16.1,34.6,29.2,19.9,19.1,21.7,20.4,18,24.8,28.1,29.9,21.2,32.4,27.4,24.8,52.6,43.9,38.5,21.6,38.9,41,22,32.4,31.7,33.5,37.4,23,24.1,37.1,45.7,27,19.1,43.9,42.1,23.4,22.7,26.3,24.5,21.2,28.4,,,,,,22.2204,114.2127
2026-09-11T02:00,26.3,26.2,26.3,25.9,26.3,25.3,26,25.8,25.7,25.4,25.2,25.6,26.2,25.7,25.5,26.2,26.6,25.6,26.1,25.7,25.7,26.2,25.6,26.1,26.5,26.5,26.1,26.3,25.9,25.1,26.2,26.4,25.6,26.5,26.2,27.2,25.5,26,26.3,26.3,80,78,83,70,76,76,69,71,80,77,74,85,81,82,87,76,84,83,75,84,71,73,73,77,74,85,81,78,84,88,76,82,84,77,79,71,81,77,73,79,0,0,0.2,0,0,0,0,0,0,0,0,0.2,0,0,0,0,0,0,0,0,0,0,0,0,0,0,0,0.3,0,0,0,0,0,0,0,0,0,0,0,0,3.3,5.8,2.5,6.5,7.2,7.6,7.2,7.2,6.1,7.9,8,4.9,3.3,5.4,2.3,8.8,8.7,4.3,6.5,6.1,10,6.5,10.4,6.6,8.4,5.7,10.2,8.4,5.6,4.1,8.4,4,7.9,6.8,3.6,5.5,8.7,8.7,5.4,3.1,,,,,,,,,,,,,,,,,,,,,,,,,,,,,,,,,,,,,,,,,26.6,26.6,27.2,26.4,26.3,26.6,27.1,26.7,26.6,26.7,27.4,27,26.8,25.5,27.1,26.8,26.1,26.8,26.6,26.4,27,26.4,25.9,26.6,26.5,26.8,26.1,26.5,25.6,26.4,25.8,71,74,69,71,74,69,73,76,74,68,76,75,68,75,70,75,74,73,73,72,74,68,66,73,68,70,66,70,69,68,72,0.2,0.3,0.1,0.1,0.5,0,0.2,1,0.2,0.2,0.3,0.4,0,0.5,0,0.3,0.2,0.1,0.5,0.2,0.3,0,0.1,0.2,0,0.1,0,0.2,0.3,0,0.7,20.7,24,17.2,24.6,21.9,19.7,39.2,34.9,28.9,18.5,28.4,33.7,17.6,26.7,22.7,26.9,29.7,19.9,21.1,28.1,35.6,19.9,15.5,32.2,26.1,17.9,18.3,20.5,20.1,17.6,23.2,26.6,29.2,20.9,32,26.6,23.4,51.5,42.1,37.8,22,35.6,41,20.9,30.6,29.5,31,33.5,22.3,24.1,41.8,44.6,24.8,18,42.5,40,20.9,21.6,25.9,23.4,20.9,27,,,,,,22.2204,114.2127
2026-09-11T03:00,26.1,25.9,26.3,25.6,26,25,25.7,25.5,25.6,25,24.9,25.6,26,25.5,25.6,25.8,26.3,25.5,25.8,25.6,25.2,25.9,25.3,25.7,26.1,26.2,25.9,25.9,25.8,25,25.7,26.3,25.5,26.2,26.1,26.8,25.4,25.5,26.2,26.2,78,77,82,70,75,74,69,70,80,76,73,83,79,78,83,75,82,82,74,83,70,73,72,77,73,81,80,76,84,85,76,79,84,76,79,71,80,77,73,78,0,0,0,0,0,0,0,0,0,0,0,0,0,0,0,0,0,0,0,0,0,0,0,0,0,0,0,0,0,0,0,0,0,0,0,0,0,0,0,0,3.9,6.2,2.6,7.2,6.9,8.6,8,8.3,5.7,9,9.1,5.5,4.2,6.9,3.7,9.5,9.1,4.7,7.2,6.7,11.1,7.2,11.2,7.2,8.9,7,10.1,9.7,5.1,5.4,8.8,4.9,7.7,7.1,3.2,5.4,9.4,9.6,5.5,2.9,,,,,,,,,,,,,,,,,,,,,,,,,,,,,,,,,,,,,,,,,26.5,26.6,27,26.1,26.2,26.4,27,26.6,26.5,26.6,27.2,26.9,26.6,25.5,26.8,26.7,26,26.7,26.5,26.2,26.9,26.3,25.6,26.5,26.4,26.6,26,26.4,25.4,26.2,25.6,70,73,69,71,73,68,72,76,73,68,75,75,67,74,70,75,73,73,72,72,74,68,65,72,67,69,66,70,69,68,71,0,0.2,0,0,0,0,0,0.2,0,0.1,0,0.1,0,0.4,0,0.1,0,0.1,0.2,0.1,0.3,0,0,0.1,0,0,0,0,0,0,0.4,19.9,23.9,17.6,23.9,18.8,18.2,37.6,33.2,27.3,19.2,24.7,32,17.2,26.5,21.8,24.1,24.7,19.2,20.2,28.9,33.9,19.6,16.4,28.5,21.2,17.6,17.6,19.9,19.7,17.3,21,26.6,28.8,21.6,31.7,24.1,21.6,49.3,40,36,23,31.7,40.3,20.9,31.7,28.1,28.1,28.8,22.3,24.8,42.5,42.8,24.5,18.7,37.4,33.8,20.9,20.9,25.6,22.7,20.9,25.6,,,,,,22.2204,114.2127
2026-09-11T04:00,25.9,25.7,26.4,25.3,25.6,24.7,25.4,25.1,25.6,24.6,24.5,25.5,25.9,25.1,25.7,25.3,25.9,25.4,25.5,25.6,24.8,25.7,25,25.3,25.7,25.8,25.7,25.4,25.6,25,25.2,26.3,25.4,26,26,26.1,25.2,25.1,26.2,26.2,76,76,79,70,75,72,69,70,79,74,73,80,76,74,77,74,79,81,73,81,70,72,72,76,72,77,80,74,83,79,75,74,83,75,79,71,78,77,73,77,0,0,0,0,0,0,0,0,0,0,0,0,0,0,0,0,0,0,0,0,0,0,0,0,0,0,0,0,0,0,0,0,0,0,0,0,0,0,0,0,5,6.3,4.3,7.6,6.5,9.7,8.4,9.1,5.9,10.1,9.8,6.3,5.2,8.7,6,10.3,9.9,4.8,8,8.6,12.2,7.7,12.4,7.6,8.8,8.7,10.3,11.2,4.5,7,8.8,5.5,7.4,6.9,2.6,4.7,10.4,10.1,5.5,3.1,,,,,,,,,,,,,,,,,,,,,,,,,,,,,,,,,,,,,,,,,26.3,26.5,26.8,25.9,26,26.2,26.9,26.6,26.3,26.4,26.9,26.8,26.5,25.5,26.6,26.6,25.9,26.7,26.4,26,26.8,26.1,25.3,26.3,26.3,26.5,25.9,26.2,25.3,26.1,25.5,69,73,68,70,72,66,72,76,72,67,73,75,67,73,69,75,72,72,71,72,74,68,64,72,66,67,65,70,68,67,70,0,0.2,0,0,0,0,0,0.2,0,0.1,0,0.1,0,0.4,0,0.1,0,0.1,0.2,0.1,0.3,0,0,0.1,0,0,0,0,0,0,0.4,19.5,23.9,18.4,23.7,15.7,17.2,35.4,31.2,25.6,19.8,21.2,30.2,17.7,26.6,21.4,21,19.5,18.9,19.1,28.5,31.9,20,17.8,23.9,16.3,17.8,17.3,19.2,19,17,18.3,27.7,28.4,23.4,31.7,20.5,19.8,45.7,37.4,34.2,24.8,27,38.9,21.2,33.8,27,24.8,23.4,23,25.9,41,40.7,25.2,20.5,30.6,25.9,22.3,20.5,24.8,22,20.9,24.1,,,,,,22.2204,114.2127
2026-09-11T05:00,25.8,25.5,26.5,25.1,25.4,24.6,25.2,24.9,25.6,24.4,24.2,25.5,25.8,24.8,25.8,25,25.6,25.3,25.3,25.5,24.5,25.5,24.7,25,25.4,25.5,25.6,25.1,25.6,25,24.9,26.2,25.4,25.8,26,25.7,25.1,24.8,26.1,26.3,74,75,76,70,74,71,69,69,78,73,72,77,74,71,73,73,77,80,72,79,69,72,71,76,72,73,79,73,81,75,75,70,82,74,78,71,77,77,73,76,0,0,0,0,0,0,0,0,0,0,0,0,0,0,0,0,0,0,0,0,0,0,0,0,0,0,0,0,0,0,0,0,0,0,0,0,0,0,0,0,6,6.9,6,8.4,6.3,10.9,8.8,9.9,5.9,11.3,10.2,7.3,6.2,9.7,7.8,11.1,11,5,8.8,9.7,12.9,8.6,12.9,8,9,10.1,10.6,12,4.8,8.4,9.1,6.2,7.3,7.2,2.9,4.5,10.8,10.7,6,3.4,,,,,,,,,,,,,,,,,,,,,,,,,,,,,,,,,,,,,,,,,26.2,26.5,26.7,25.6,26,26,26.7,26.5,26.1,26.3,26.7,26.8,26.4,25.6,26.4,26.5,25.8,26.6,26.3,25.9,26.7,26,25.1,26.2,26.2,26.3,25.8,26.1,25.2,26,25.5,68,72,68,70,70,65,72,75,71,67,71,74,66,72,69,74,71,71,70,72,74,68,63,71,65,66,65,70,66,67,69,0,0.2,0,0,0,0,0,0.2,0,0.1,0,0.1,0,0.4,0,0.1,0,0.1,0.2,0.1,0.3,0,0,0.1,0,0,0,0,0,0,0.4,19.6,23.7,19.3,24,14.8,16.5,32.7,28.9,24,20.6,19.4,27.9,18.5,25.9,21.3,18.6,16.2,18.1,18.4,27.5,30,20.3,18.9,21.2,15,18.7,17.6,19,18.7,17.2,16.6,27.7,28.1,24.8,32.4,18.4,19.1,41.4,34.2,32.4,25.9,24.1,37.1,22.7,34.6,26.3,22.7,19.4,23.4,26.3,38.5,38.2,25.9,22.3,25.6,20.5,24.1,21.2,24.5,21.6,21.6,22.7,,,,,,22.2204,114.2127
2026-09-11T06:00,25.7,25.3,26.4,25,25.2,24.4,25.1,24.7,25.7,24.2,24,25.3,25.6,24.6,25.7,24.8,25.3,25.4,25.2,25.3,24.2,25.2,24.5,24.9,25.1,25.3,25.4,24.9,25.6,24.9,24.6,26.1,25.3,25.6,26.1,25.6,25,24.6,26,26.5,73,75,74,70,74,71,69,69,76,73,72,76,73,71,72,73,76,78,72,78,69,72,71,76,73,72,79,73,79,74,75,69,80,74,76,71,77,77,73,75,0,0,0,0,0,0,0,0,0,0,0,0,0,0,0,0,0,0,0,0,0,0,0,0,0,0,0,0,0,0,0,0,0,0,0,0,0,0,0,0,6.2,7.6,6.3,8.8,7,11.7,8.8,10.3,6.4,11.7,10.3,8.4,6.5,10.1,8.5,11.2,12.1,5.2,9.2,9.9,12.9,9.4,12.8,8.3,9,10.5,11,12.1,5.8,9.1,9.8,5.8,7.4,7.6,4,4.8,11.3,11.1,6.3,3.9,,,,,,,,,,,,,,,,,,,,,,,,,,,,,,,,,,,,,,,,,26,26.3,26.5,25.4,26,25.9,26.6,26.5,25.8,26,26.6,26.7,26.2,25.5,26.2,26.5,25.7,26.4,26.2,25.8,26.6,25.9,24.9,26.1,26,26.2,25.7,26,25.1,25.9,25.5,68,72,68,69,68,65,72,74,70,67,70,73,66,70,69,73,69,70,69,71,73,68,62,69,64,66,65,70,64,67,68,0,0,0,0,0,0,0,0,0,0,0,0,0,0,0,0,0,0,0,0,0.1,0,0,0,0,0,0,0,0,0,0.1,19.5,22.5,20.3,25.1,15.5,17.6,28.2,25.3,23.3,21.4,19.6,25.5,20.3,23.7,21.5,17.4,15.8,17.6,17.9,24.6,27.8,20.8,19.9,20.1,17,20.2,19.5,19.5,19.2,18.2,15.4,26.3,26.6,26.3,33.8,18,20.2,35.3,29.9,31.3,26.6,24.1,34.6,25.6,32,26.3,23,18,23,24.8,34.9,35.3,26.3,23.8,24.5,20.9,26.3,23.4,24.1,22.3,22.3,22,,,,,,22.2204,114.2127
2026-09-11T07:00,25.6,25.2,26.3,25,25.1,24.3,25.1,24.5,25.9,24.1,24,25.1,25.5,24.5,25.6,24.8,25,25.5,25.2,25,24.2,25,24.3,24.8,24.9,25.1,25.3,24.9,25.6,24.8,24.5,25.9,25.3,25.5,26.2,25.6,24.9,24.6,26,26.7,73,75,72,71,74,72,69,69,74,73,71,76,73,71,72,74,76,75,72,78,68,72,71,76,74,73,79,73,75,75,75,70,77,73,72,70,78,77,73,74,0,0,0,0,0,0,0,0,0,0,0,0,0,0,0,0,0,0,0,0,0,0,0,0,0,0,0,0,0,0,0,0,0,0,0,0,0,0,0,0,6.4,8.7,6.2,8.8,7.8,12.1,8.4,10.3,7.1,11.7,10.1,9.2,6.5,9.7,8.5,11.3,13.3,5.2,9.5,9.2,12.8,10.2,12.4,9.1,9,10.6,11.4,11.9,7.2,9.1,10.9,5.4,7.9,8.5,5.4,5.4,11.6,11.6,6.6,4.8,,,,,,,,,,,,,,,,,,,,,,,,,,,,,,,,,,,,,,,,,25.9,26.1,26.4,25.2,26,25.8,26.5,26.4,25.6,25.8,26.5,26.6,26,25.4,26.2,26.5,25.6,26.2,26.1,25.7,26.4,25.8,24.9,25.9,25.8,26,25.6,25.8,25.1,25.9,25.7,67,72,69,69,66,65,72,73,69,68,70,71,66,68,69,71,68,68,69,69,72,68,60,67,64,66,65,69,60,68,67,0,0,0,0,0,0,0,0,0,0,0,0,0,0,0,0,0,0,0,0,0.1,0,0,0,0,0,0,0,0,0,0.1,19.3,21.3,21.5,26,16.2,19.1,23.6,21.4,23.5,22,20.7,23.5,22.6,20.6,21.8,18,16.8,18,17.2,21.2,25.6,21.5,21,20.5,19.7,21.5,21.8,20.3,20.3,19.2,14.6,24.5,25.2,27.7,36.4,18.7,22,28.1,25.2,30.6,27,25.9,31.3,29.5,27.7,26.3,24.5,18.4,22,22.7,30.2,32,26.6,24.8,24.8,24.1,29.2,26.6,24.1,23.4,23,21.2,,,,,,22.2204,114.2127
2026-09-11T08:00,25.9,25.4,26.4,25.4,25.3,24.6,25.4,24.6,26.3,24.4,24.3,25.2,25.7,24.7,25.8,25.1,25.2,25.9,25.5,25.1,24.4,25,24.5,25.1,25.1,25.4,25.6,25.2,26,25,24.9,26.1,25.6,25.8,26.5,26,25.1,25,26.2,27.1,72,74,69,70,73,71,68,68,71,72,70,74,71,71,71,73,74,72,71,76,67,72,70,75,74,72,77,72,72,74,74,70,73,72,69,69,77,75,72,72,0,0,0,0,0,0,0,0,0,0,0,0,0,0,0,0,0,0,0,0,0,0,0,0,0,0,0,0,0,0,0,0,0,0,0,0,0,0,0,0,7.1,10.1,6.6,9.6,9.1,13,8.7,10.7,8.4,12.5,10.7,10.4,7.3,10.2,8.9,11.8,14.6,6,10.4,9.3,12.8,11,12.7,10,9.4,11.4,12.2,12.1,8.5,9.6,12.1,5.5,8.8,9.5,7,6.5,12.1,12.5,7.2,6,,,,,,,,,,,,,,,,,,,,,,,,,,,,,,,,,,,,,,,,,25.9,26,26.5,25.2,26.2,25.9,26.5,26.5,25.6,25.7,26.6,26.6,26.1,25.5,26.2,26.6,25.7,26.2,26.1,25.8,26.4,25.9,25,25.9,25.8,26.1,25.7,25.9,25.3,25.9,25.9,67,71,69,68,65,65,72,72,68,68,70,70,65,65,69,69,66,67,68,67,71,68,58,66,63,66,64,68,58,68,66,0,0,0,0,0,0,0,0,0,0,0,0,0,0,0,0,0,0,0,0,0.1,0,0,0,0,0,0,0,0,0,0.1,19.4,21.1,21.9,27,16.8,20,20.1,18.7,23.7,22,21.7,21.9,23.8,18.8,21.9,19,17.3,18.9,17,18.8,23.3,22.1,21.7,20.7,21.6,22.6,23.2,20.8,20.6,20.2,14.4,23,24.1,28.4,38.2,19.8,23.4,23,21.6,30.2,26.6,27.7,29.2,32,24.1,27,25.9,18.7,21.6,21.2,27,29.5,27.4,25.6,25.6,26.6,30.6,28.4,24.5,24.5,25.2,20.5,,,,,,22.2204,114.2127
2026-09-11T09:00,26.6,26.3,27.1,26.3,25.9,25.6,26.2,25.1,27.1,25.4,25.3,26.1,26.5,25.7,26.5,26.1,26.2,26.7,26.4,25.9,25.3,25.4,25.3,25.9,25.7,26.3,26.6,26.2,26.8,26,25.9,26.9,26.4,26.7,27.3,26.7,25.8,26,26.9,27.8,69,70,65,67,71,68,65,65,67,68,66,70,67,68,68,69,69,68,68,73,64,70,66,72,72,69,73,68,68,70,71,67,69,68,66,65,75,71,70,69,0,0,0,0,0,0,0,0,0,0,0,0,0,0,0,0,0,0,0,0,0,0,0,0,0,0,0,0,0,0,0,0,0,0,0,0,0,0,0,0,8.9,12.1,8.6,12,11.3,14.3,11,12.8,11.1,14.4,12.3,12.1,9.6,12,10.6,13.2,16.1,8.4,12.1,11.1,14,12.1,14.6,11.8,11.2,13.8,14.4,13.8,10.3,11,14,7.8,10.4,11.6,8.2,8.5,12.6,14,9.4,8.2,,,,,,,,,,,,,,,,,,,,,,,,,,,,,,,,,,,,,,,,,26.2,26.3,27.1,25.5,26.5,26.3,26.7,26.9,26.1,25.7,27,27,26.6,25.7,26.6,27,26,26.5,26.5,26.1,26.8,26.3,25.5,26.2,26,26.6,26.1,26.2,25.8,26.3,26.2,66,69,68,68,64,64,71,70,66,67,69,69,64,62,68,68,65,65,67,65,69,67,56,65,62,65,62,67,56,68,65,0,0,0,0,0,0,0,0,0,0,0,0,0,0,0,0,0,0,0,0,0,0,0,0,0,0,0,0,0,0,0,19.6,21.6,22.4,27.7,16.9,19.7,18.9,17.4,23.7,20.8,23,21.4,23.7,17.4,21.6,20.4,16.9,19.3,17.1,17.6,22,23,21.4,20.1,21.3,22.2,22.7,21.1,20.1,20.4,14.8,23.4,24.1,28.8,39.6,20.9,24.1,22.3,20.2,30.6,25.2,30.2,28.1,32,22,28.1,27.7,19.1,22,21.6,26.3,27.7,28.4,25.9,25.6,26.3,30.2,27.7,25.2,24.8,29.9,19.8,,,,,,22.2204,114.2127
2026-09-11T10:00,27.7,27.5,28.1,27.5,26.8,27,27.3,25.8,28.2,26.8,26.6,27.3,27.6,27.1,27.5,27.5,27.6,27.6,27.6,27.2,26.6,26.1,26.5,27.1,26.7,27.5,27.9,27.6,27.9,27.3,27.3,28,27.7,28,28.3,27.8,26.6,27.4,27.8,28.6,65,65,61,63,68,63,60,62,62,64,62,64,63,63,64,64,64,64,63,68,60,68,61,68,68,64,68,62,64,65,66,63,64,63,63,61,71,65,66,65,0,0,0,0,0,0,0,0,0,0,0,0,0,0,0,0,0,0,0,0,0,0,0,0,0,0,0,0,0,0,0,0,0,0,0,0,0,0,0,0,10.9,15.1,11.4,14.8,13.7,15.9,14.5,15.1,14.6,16.3,14,13.8,12.8,14.5,12.6,15,17.9,11,14.4,14.5,15.2,12.7,17.1,14.3,13.5,16.6,17.6,16.2,13.1,12.9,16.1,11.1,12.6,13.9,9.6,11.6,13.5,15.9,13,11,,,,,,,,,,,,,,,,,,,,,,,,,,,,,,,,,,,,,,,,,26.7,26.8,27.9,26,26.8,26.9,27.1,27.5,26.8,25.8,27.7,27.5,27.4,26.1,27,27.5,26.5,26.9,27,26.6,27.3,26.8,26.2,26.7,26.4,27.2,26.8,26.8,26.5,26.7,26.5,66,67,65,68,64,62,70,67,65,65,68,67,62,59,66,67,64,63,65,62,67,66,53,65,62,64,60,65,55,67,64,0,0,0,0,0,0,0,0,0,0,0,0,0,0,0,0,0,0,0,0,0,0,0,0,0,0,0,0,0,0,0,20.3,22.2,22.5,28.8,17.7,18.8,18.9,16.7,24.2,18.8,25,20.6,22.9,16,21.9,22.4,16.3,19.3,17.6,17.2,20.4,24,20.8,20.1,20.8,21.2,20.7,21.1,18.9,22.6,15.9,24.5,24.8,28.4,40.7,22,24.5,23.4,20.2,31.3,23.8,32.8,27.7,30.6,20.5,29.5,29.5,20.2,22.7,22.7,27,27,29.9,25.6,25.2,25.2,28.4,25.9,26.3,25.2,36,19.1,,,,,,22.2204,114.2127
2026-09-11T11:00,28.7,28.7,29,28.6,27.7,28.2,28.2,26.5,29,28.1,27.9,28.4,28.6,28.4,28.4,28.7,28.7,28.5,28.7,28.3,27.7,26.9,27.7,28.1,27.7,28.7,29.1,28.8,28.9,28.4,28.6,29,28.7,29.1,29.2,28.7,27.5,28.7,28.7,29.4,61,61,57,59,65,59,57,60,58,60,58,60,59,59,61,60,60,61,60,64,57,66,57,64,64,60,63,58,60,61,62,60,60,59,60,57,68,61,63,61,0,0,0,0,0,0,0,0,0,0,0,0,0,0,0,0,0,0,0,0,0,0,0,0,0,0,0,0,0,0,0,0,0,0,0,0,0,0,0,0,12.7,16.8,13.2,16.6,15.5,16.6,16.6,16.9,16.9,17.7,15.3,14.8,14.7,15.9,14,16,18.2,13.1,15.6,17.1,15.8,13.2,18.6,16,15.2,18.4,19.7,17.4,15.5,14.2,17.6,13.5,14.2,15.7,10.8,13.8,14.1,17.1,15.6,13.2,,,,,,,,,,,,,,,,,,,,,,,,,,,,,,,,,,,,,,,,,27.1,27.2,28.5,26.5,27.1,27.5,27.4,28,27.4,26.1,28.2,27.9,28,26.5,27.5,28,26.8,27.4,27.5,27,27.7,27.3,26.8,27.1,26.8,27.8,27.5,27.3,27.1,27.1,26.8,65,65,64,68,64,61,69,65,64,64,67,66,61,57,65,66,63,62,64,61,66,66,52,65,62,63,59,64,55,67,63,0,0,0,0,0,0,0,0,0,0,0,0,0,0,0,0,0,0,0,0,0,0,0,0,0,0,0,0,0,0,0,20.4,22.6,21.5,30,18.8,18.3,18.9,16.4,24.9,17.3,26.1,20.3,22.5,15.5,21.7,23.6,16.1,19.1,18.4,17.4,19.6,24.8,20.3,20.4,20.9,20.4,19.4,20.9,18.3,25.1,16.3,24.8,25.6,27.7,41.8,22.7,24.5,24.8,20.5,31.7,23,34.2,27.4,29.5,19.8,29.9,30.2,20.5,23,24.1,28.1,25.9,31.3,25.6,24.8,24.5,27,24.5,27,25.6,40,18.7,,,,,,22.2204,114.2127
2026-09-11T12:00,29.5,29.6,29.7,29.5,28.7,29.3,28.9,27.1,29.3,29.1,28.9,29.2,29.4,29.3,29.2,29.7,29.1,29.3,29.5,29.3,28.6,28,28.7,29.1,28.8,29.7,29.9,29.8,29.7,29.2,29.7,29.8,29.5,30,29.8,29.4,28.4,29.5,29.6,30.1,58,58,55,57,62,56,56,60,56,58,56,58,57,57,59,58,60,58,58,60,56,64,55,61,60,57,59,56,57,59,59,57,57,56,57,55,65,59,59,58,0,0,0,0,0,0,0,0,0,0,0,0,0,0,0,0,0,0,0,0,0,0,0,0,0,0,0,0,0,0,0,0,0,0,0,0,0,0,0,0,13.8,17.1,14.2,16.9,16.4,15.6,16.6,16.8,17.4,17.6,15,14.8,15.3,15.9,14.4,16.2,16.5,13.5,15.3,17.6,15.5,13,18.4,16.4,16.5,18.7,20.8,17.4,16.3,14.8,17.6,14,15,16.3,11.4,15,14.8,16.9,16.7,14.1,,,,,,,,,,,,,,,,,,,,,,,,,,,,,,,,,,,,,,,,,27.4,27.4,28.9,27.1,27.3,27.8,27.7,28.3,27.6,26.6,28.6,28.3,28.5,26.7,27.8,28.3,27,27.9,27.7,27.1,27.8,27.6,27.3,27.4,27,28.2,28.1,27.6,27.5,27.1,26.7,65,65,64,68,64,61,68,64,65,64,67,65,61,58,65,65,63,62,64,61,66,66,53,65,62,62,58,64,56,67,64,0,0,0,0,0,0,0,0,0,0,0,0,0,0,0,0,0,0,0,0,0,0,0,0,0,0,0,0,0,0,0,19.6,21.7,19.8,31,19.1,18.4,18.8,16.9,24.5,17.6,25.5,19.9,22.7,16.2,21.2,23.1,16.4,19.2,19.5,18.4,19.1,25.2,20.7,19.6,20.8,20.6,19.5,20.8,18.8,26.9,15.7,23.8,25.6,26.6,42.5,22.7,24.5,25.2,21.2,31,24.8,33.1,27,29.5,20.5,28.4,28.8,20.5,23,25.9,29.9,24.8,32.4,25.6,23.8,24.5,26.3,24.1,27,25.9,40.3,18.4,,,,,,22.2204,114.2127
2026-09-11T13:00,30.2,30.4,30.4,30.1,29.7,30.2,29.5,27.7,29.5,30.1,29.8,29.8,30,30.1,29.8,30.6,29.1,30.1,30.1,30.1,29.4,29.2,29.6,29.9,29.8,30.7,30.6,30.6,30.3,29.8,30.6,30.5,30.2,30.8,30.3,30,29.3,30.2,30.4,30.7,55,56,54,56,59,55,56,61,56,57,54,57,56,56,57,57,62,55,58,56,55,62,54,59,57,55,56,54,55,57,56,54,55,54,55,54,62,58,56,55,0,0,0,0,0,0,0,0,0,0,0,0,0,0,0,0,0,0,0,0,0,0,0,0,0,0,0,0,0,0,0,0,0,0,0,0,0,0,0,0,14.4,16.4,14.3,16.9,16.7,14.3,16.1,15.8,16.7,17.2,14.4,14.6,15.1,16.3,14.3,15.8,14.3,13.4,15.8,17.2,14.7,13.5,17.4,16,18.1,19.6,20.6,16.6,16.7,15.5,17.8,14.3,15.4,16.4,12.5,15.3,15.9,16.6,16.9,14.4,,,,,,,,,,,,,,,,,,,,,,,,,,,,,,,,,,,,,,,,,27.5,27.6,29.1,27.7,27.5,28.1,28,28.6,27.6,27.2,28.9,28.6,29,26.8,28,28.6,27,28.3,27.9,27.2,27.8,27.8,27.7,27.5,27.1,28.7,28.7,27.9,27.7,27,26.6,65,66,65,68,65,61,68,64,66,64,67,64,61,60,65,65,64,62,65,62,67,67,55,64,63,62,59,64,58,68,65,0,0,0,0,0,0,0,0,0,0,0,0,0,0,0,0,0,0,0,0,0,0,0,0,0,0,0,0,0,0,0,18.6,21,19,31.5,18.5,19.2,18.9,18.1,23.3,19.9,23.8,20.1,23.8,18.4,20.6,21.4,17.4,19,20.8,20.4,19.3,26.1,21.3,17.9,20.1,21,20.2,20.4,20.4,27.9,15.1,22.3,25.6,24.8,42.8,22.3,24.5,25.6,22.7,29.9,28.1,30.6,27,29.5,22.3,26.3,26.3,19.8,22.7,27.7,32,24.1,33.1,25.6,22.3,24.5,25.9,24.5,27,26.3,38.9,18,,,,,,22.2204,114.2127
2026-09-11T14:00,30.6,30.9,30.8,30.6,30.2,30.7,29.9,28.2,29.4,30.7,30.4,30.2,30.5,30.6,30.2,31.1,29.2,30.5,30.4,30.5,30,30,30.2,30.5,30.5,31.2,31,31.1,30.6,30.1,31.1,30.9,30.7,31.2,30.5,30.4,29.8,30.6,30.8,30.9,54,55,53,55,58,54,56,62,57,57,53,57,55,56,57,56,64,54,58,54,55,60,54,58,55,54,55,54,54,57,55,53,54,54,54,53,61,58,55,54,0,0,0,0,0,0,0,0,0,0,0,0,0,0,0,0,0,0,0,0,0,0,0,0,0,0,0,0,0,0,0,0,0,0,0,0,0,0,0,0,14.8,15.6,14.5,16.5,17.2,13,15.3,14.4,16.2,16.8,13.4,14.3,15,16.8,14.7,15.3,12.8,13.4,16.7,16.8,14.3,13.9,16,15.7,19.4,20.2,20.4,15.8,17,16.1,18.1,14.2,15.3,16.8,12.8,15.3,16.4,16.6,16.9,14.5,,,,,,,,,,,,,,,,,,,,,,,,,,,,,,,,,,,,,,,,,27.6,27.7,29.2,28.2,27.7,28.4,28.2,28.8,27.7,27.7,29.1,28.8,29.3,27,28.2,28.9,27.1,28.7,28,27.2,27.8,28,28.1,27.7,27.3,29,29.1,28.1,27.9,27,26.5,65,67,66,68,65,62,68,64,67,65,67,64,62,61,65,65,65,62,66,63,68,68,56,64,64,62,59,64,59,68,66,0,0,0,0,0,0,0,0,0,0,0,0,0,0,0,0,0,0,0,0,0,0,0,0,0,0,0,0,0,0,0,18.1,20.9,19.9,32.4,18,19.7,19.7,19.1,23.1,22.5,22.4,20,24.4,19.6,20.3,20.5,17.7,18.9,22.3,21.3,19.5,26.7,21.9,17.1,19.8,21.4,21.1,20.6,20.9,28.2,15.1,21.2,25.6,23.8,43.6,22,24.1,26.3,23.4,28.8,30.2,28.4,26.3,29.5,23.8,24.8,24.8,19.1,22.3,28.8,32.4,23.8,33.5,25.6,21.2,24.5,25.6,24.8,26.3,25.6,36.7,18,,,,,,22.2204,114.2127
2026-09-11T15:00,30.7,31.1,31,30.7,30,30.8,30.1,28.6,29.2,30.8,30.6,30.2,30.7,30.6,30.3,31.3,29.5,30.4,30.4,30.5,30.2,30.4,30.3,30.6,30.5,31.3,30.8,31.2,30.3,30.2,31.3,31,30.9,31,30.6,30.6,29.9,30.7,30.4,30.7,55,54,53,55,60,54,56,63,60,57,53,57,54,58,57,55,64,55,60,55,55,59,56,58,56,55,57,54,56,57,55,53,53,55,54,53,62,58,58,55,0,0,0,0,0,0,0,0,0,0,0,0,0,0,0,0,0,0,0,0,0,0,0,0,0,0,0,0,0,0,0,0,0,0,0,0,0,0,0,0,14.8,14.8,13.5,16,16.8,12.8,14.5,12.3,15.3,15.8,12.6,13.5,14.5,16.9,14,14.7,13.4,12.8,16.7,16.3,13.8,13.8,14.1,15,18.4,19.6,19,14.8,16.2,15.6,17.3,13.9,14.8,16,12.2,14.1,15.8,16.3,16,14.4,,,,,,,,,,,,,,,,,,,,,,,,,,,,,,,,,,,,,,,,,27.8,27.8,29.1,28.4,27.9,28.6,28.3,29,27.8,27.9,29.1,28.8,29.3,27.2,28.2,29,27.1,28.9,28.1,27.4,27.8,28.2,28.4,27.9,27.4,29.1,29.2,28.3,28,27.2,26.7,65,67,67,69,65,62,68,64,68,66,68,64,63,61,66,65,65,62,67,63,68,69,57,64,65,62,60,64,59,68,66,0,0,0,0.1,0,0,0,0,0,0,0,0,0,0,0,0,0,0,0,0,0,0,0,0,0,0,0,0,0,0,0,17.3,20.9,20.3,34.1,17.2,18.8,21.1,18.7,22.7,23.3,21.4,19.2,23.7,19.3,20.8,20.4,16.1,18.3,22.8,20.4,20,26.7,22.5,17,20.1,20.5,21.3,19.8,19.3,26.7,15.8,20.9,25.2,23.4,44.3,20.9,22.7,27,23,27.7,29.9,27,24.5,28.8,24.5,24.8,25.2,18,22.3,28.1,29.2,23.8,33.5,25.9,20.9,24.5,25.2,25.6,24.8,23.4,33.1,18.7,,,,,,22.2204,114.2127
2026-09-11T16:00,30.5,31,30.9,30.5,29.3,30.6,30.1,28.9,28.8,30.5,30.4,30,30.6,30.2,30.1,31.2,29.9,29.9,30.1,30.2,30.2,30.5,30,30.5,30.1,31,30.3,31,29.7,30.1,31.1,30.7,30.8,30.5,30.5,30.6,29.6,30.6,29.6,30.2,57,55,53,56,64,56,57,63,63,58,54,59,54,62,59,55,64,58,63,58,56,58,59,59,58,57,61,55,60,58,57,55,53,58,54,53,65,60,63,58,0,0,0,0,0,0,0,0,0,0,0,0,0,0,0,0,0,0,0,0,0,0,0,0,0,0,0,0,0,0,0,0,0,0,0,0,0,0,0,0,14.2,13.7,11.8,14.8,16.2,13.2,13.3,10.2,14.1,13.8,11.7,12.9,13.2,16.2,12.5,14.4,15.4,12.2,15.5,15.6,13.2,13.3,11.2,13.9,16.2,18.1,17.1,13.6,14.8,14.2,15.3,13.2,13,14.2,11.2,11.8,14.8,15.1,14.8,13.6,,,,,,,,,,,,,,,,,,,,,,,,,,,,,,,,,,,,,,,,,27.9,27.8,28.9,28.5,28.2,28.7,28.5,29.2,27.9,28,28.9,28.6,29.2,27.4,28.2,29,27,28.9,28.2,27.5,27.9,28.5,28.7,28.1,27.6,29.1,29.1,28.4,28.1,27.5,27,65,67,68,71,64,63,69,65,68,67,69,64,64,60,67,65,64,62,67,62,68,70,57,64,65,63,62,65,59,68,65,0,0,0,0.1,0,0,0,0,0,0,0,0,0,0,0,0,0,0,0,0,0,0,0,0,0,0,0,0,0,0,0,16.6,21,20,36.3,16.4,17.4,22.8,17.9,22.1,23.7,20.5,18.1,22.9,18.1,21.3,20.5,13.2,17.6,22.5,18.7,20.3,26.6,22.9,17.4,20.6,19,21.2,18.8,16.4,25,17.1,20.5,24.8,23.4,45.4,19.8,21.2,28.1,22,26.6,28.4,25.9,22,28.1,24.5,25.6,26.3,16.2,22.7,26.3,23.8,24.1,33.5,25.9,20.5,24.5,24.8,26.6,22.7,20.2,29.2,20.2,,,,,,22.2204,114.2127
2026-09-11T17:00,30,30.7,30.7,30.2,28.7,30.1,29.9,29,28.4,30.1,30,29.6,30.3,29.6,29.6,30.8,30,29.2,29.7,29.6,30,30.4,29.6,30.2,29.7,30.5,29.7,30.6,29,29.7,30.7,30.2,30.5,29.9,30.2,30.4,29.2,30.4,28.9,29.6,60,57,55,57,68,58,58,64,67,60,56,61,56,66,62,57,65,62,67,62,57,59,62,61,61,61,65,57,65,61,60,58,56,62,56,55,68,62,68,62,0,0,0,0,0,0,0,0,0,0,0,0,0,0,0,0,0,0,0,0,0,0,0,0,0,0,0,0,0,0,0,0,0,0,0,0,0,0,0,0,13.2,12,9.8,13.3,15.1,12.6,11.5,8.9,13.3,12.3,10.2,11.5,11.5,15,10.7,13.4,16.7,11.2,14,14.3,11.7,12.8,8.9,12.6,14.6,16.5,15.9,12,13.3,12.4,13.4,11.8,11.2,12.6,9.5,9.7,13.8,14,13.4,12.1,,,,,,,,,,,,,,,,,,,,,,,,,,,,,,,,,,,,,,,,,28,27.9,28.7,28.4,28.3,28.8,28.5,29.3,28,27.9,28.8,28.5,29.1,27.5,28.2,29,27.1,28.9,28.2,27.6,27.9,28.6,28.8,28.2,27.7,29.1,29,28.3,28.2,27.7,27.2,65,67,69,73,64,63,70,65,69,68,70,65,65,60,68,66,63,63,68,62,69,71,57,64,66,64,63,66,59,69,65,0,0,0,0.1,0,0,0,0,0,0,0,0,0,0,0,0,0,0,0,0,0,0,0,0,0,0,0,0,0,0,0,16.3,20.9,19.6,38.3,16.1,16.4,25.3,17.2,21.9,23.9,20,17.5,21.6,17.6,21.8,20.8,11.3,17.3,22.5,17.9,21.2,26.9,23.2,17.7,21.2,18.6,21.4,18.6,14.2,24.7,17.9,20.5,24.8,23.8,46.4,19.4,20.2,29.9,21.6,26.3,27.7,25.2,20.2,27.4,24.8,26.3,27.4,15.5,23,25.2,20.5,24.5,33.8,26.3,20.5,24.8,25.2,28.1,21.6,18,27.7,21.2,,,,,,22.2204,114.2127
2026-09-11T18:00,28.1,29.2,29.3,29.2,28.6,29.1,28.8,28.3,27.9,28.8,28.5,28.3,28.8,28.3,28.3,29.2,28.5,27.9,28.9,28,29,29.3,28.7,29,29.2,29.2,29.1,29.5,28.3,28.3,29.4,28.5,28.5,29.2,29.2,29,28.6,29.4,28.4,28.3,71,69,65,62,68,67,63,67,70,67,66,68,68,75,73,70,73,70,73,72,64,66,68,71,66,70,71,65,71,71,70,70,73,68,64,64,73,70,70,69,0,0,0,0,0,0,0,0,0,0,0,0,0,0,0,0,0,0,0,0,0,0,0,0,0,0,0,0,0,0,0,0,0,0,0,0,0,0,0,0,9.8,8.2,7,7.7,13.8,6.4,7.6,9.7,13.7,9.2,5.6,6.7,8.1,10,8,9.7,13.3,7.6,11.9,10.2,6.2,10.3,8.1,9.2,15.7,14.7,17.2,7.3,10.2,8.4,11.7,6.6,8.3,10.6,4.4,9,13.4,11,10.3,6.9,,,,,,,,,,,,,,,,,,,,,,,,,,,,,,,,,,,,,,,,,28,28,28.6,28.3,28.3,28.7,28.3,29.2,28,27.8,28.7,28.3,29.1,27.4,28.2,29,27.3,28.7,28.1,27.5,27.8,28.5,28.6,28.2,27.8,29,28.9,28.1,28.1,27.7,27.2,66,68,70,75,66,64,72,65,70,70,72,66,66,62,69,67,63,64,70,63,71,72,58,65,67,65,64,68,60,70,66,0,0,0,0.2,0,0,0.1,0,0,0,0.1,0,0,0,0,0,0,0,0,0,0,0.4,0,0,0,0,0,0,0,0,0,16.3,20.5,19.5,39.6,16.3,16.2,27.7,18.1,22.7,24.5,19.5,17.1,20.4,18.7,21.8,21.3,11.3,17.1,22.9,19.1,22.1,28.1,23.3,17.8,21.1,19.5,22,19.5,13.7,27.4,18.8,20.9,25.2,24.8,47.9,20.2,20.5,33.1,23.4,27,28.1,25.6,19.4,26.6,25.2,26.3,28.4,15.8,23.4,25.6,20.2,25.2,34.9,26.6,20.9,25.2,27,30.6,22,17.3,31.3,22,,,,,,22.2204,114.2127
2026-09-11T19:00,27.3,28.5,28.7,28.7,28,28.4,28.3,28.2,27.4,28.1,27.8,27.6,28.2,27.5,27.7,28.5,28.2,27,28.3,27.2,28.5,28.9,28.1,28.4,28.6,28.4,28.4,28.8,27.6,27.6,28.7,27.7,27.8,28.4,28.7,28.4,28.1,28.9,27.7,27.5,76,74,69,65,72,71,65,69,73,70,70,72,72,80,78,74,76,74,78,78,66,68,72,75,70,75,76,68,76,76,75,75,78,73,67,68,77,74,75,74,0,0,0,0,0,0,0,0,0,0,0,0,0,0,0,0,0,0,0,0,0,0,0,0,0,0,0,0,0,0,0,0,0,0,0,0,0,0,0,0,8.6,6.4,5.1,5.3,12.3,4.6,5.8,8.8,13,7.8,3.7,4.8,6.8,7.7,6.1,8.4,13.1,5.9,10.1,8,4.3,9.4,6.1,7.4,14.2,13.4,16,5.4,8,6.5,9.4,4.7,7.6,9,2.3,7.2,12.8,9.4,8,5.1,,,,,,,,,,,,,,,,,,,,,,,,,,,,,,,,,,,,,,,,,27.9,28.1,28.7,28.1,28.1,28.5,27.9,28.9,28.1,27.6,28.6,28.1,29.1,27.3,28.1,28.9,27.5,28.4,27.9,27.3,27.6,28.3,28.3,28.2,27.8,28.8,28.8,27.8,28,27.6,27.1,67,69,71,76,68,65,74,65,72,73,73,68,67,64,70,68,63,65,72,66,74,74,58,67,69,66,64,71,61,72,68,0,0,0,0.2,0,0,0.1,0,0,0,0.1,0,0,0,0,0,0,0,0,0,0,0.4,0,0,0,0,0,0,0,0,0,16.6,20.5,19.1,40.7,17.1,16.3,30.2,19.7,23.8,25.2,19.5,16.4,19,20.7,21.3,21.7,11.9,16.8,23.3,21.8,23.1,30,23,17.8,20.6,21.4,23.1,20.9,13.9,31.9,19.2,21.2,26.3,25.9,49.3,21.6,21.6,37.4,26.3,28.8,28.8,26.3,19.1,26.3,25.9,25.9,29.9,16.6,23.8,26.6,21.6,26.3,36.7,27.4,21.2,25.6,29.9,33.1,23.4,17.6,37.4,22.3,,,,,,22.2204,114.2127
2026-09-11T20:00,26.8,28.1,28.3,28.2,27.6,27.9,28,28.1,27,27.5,27.2,27.1,27.8,27,27.2,28,28,26.4,27.9,26.6,28.1,28.6,27.6,27.9,28.2,27.9,28,28.2,27,27.1,28.2,27.2,27.2,27.9,28.2,28.1,27.7,28.5,27.2,26.9,79,77,72,66,74,73,67,70,76,72,73,74,75,83,81,77,78,78,81,82,68,70,74,78,72,78,79,71,79,79,78,79,82,76,70,70,79,76,78,77,0,0,0,0,0,0,0,0,0,0,0,0,0,0,0,0,0,0,0,0,0,0,0,0,0,0,0,0,0,0,0,0,0,0,0,0,0,0,0,0,7.6,5.4,4,4.1,11.6,3.6,4.5,8.2,12.2,7.2,2.9,3.8,5.9,6.6,5.1,7.6,13.5,4.9,8.6,6.5,3.3,9,5,6.2,13.5,12.2,15.3,4.3,6.9,5.1,8.3,3.7,7.6,7.9,0.8,6.1,12.4,7.9,6.9,4.1,,,,,,,,,,,,,,,,,,,,,,,,,,,,,,,,,,,,,,,,,27.8,28.1,28.7,27.9,27.9,28.4,27.7,28.7,28.1,27.4,28.5,27.9,29.1,27.2,28,28.8,27.6,28.2,27.7,27.1,27.5,28.1,28,28.1,27.8,28.6,28.7,27.5,27.8,27.5,27.1,68,70,72,77,70,66,76,66,73,75,75,70,67,66,71,69,64,66,74,68,76,75,59,68,71,66,64,73,63,74,70,0,0,0,0.2,0,0,0.1,0,0,0,0.1,0,0,0,0,0,0,0,0,0,0,0.4,0,0,0,0,0,0,0,0,0,17.3,20.8,19,41.7,18,16.4,32.4,20.5,25.1,25.9,19.2,15.7,18.6,22.4,20.9,21.9,13.1,16.3,24,24.9,24.1,32,22.3,17.6,21.9,22.5,23.7,22.3,14.2,35.4,20.2,22,27,27,51.5,23,22.3,41,27.4,30.2,30.2,26.6,18.7,26.6,26.6,25.9,30.2,17.3,23.4,28.1,24.1,27.7,39.2,27,21.6,27,31,34.9,24.8,17.6,42.1,23,,,,,,22.2204,114.2127
2026-09-11T21:00,26.5,27.8,28.1,27.9,27.3,27.6,27.7,28,26.7,27.1,26.7,26.8,27.5,26.7,26.9,27.7,27.8,26.1,27.6,26.3,27.9,28.4,27.2,27.7,27.9,27.5,27.7,27.8,26.7,26.7,27.9,26.9,26.9,27.5,27.7,27.9,27.5,28.2,26.9,26.6,81,79,74,66,75,74,68,71,77,73,75,76,77,85,83,79,79,80,83,85,69,71,75,79,74,80,80,73,81,82,80,81,85,78,73,71,80,77,80,79,0,0,0,0,0,0,0,0,0,0,0,0,0,0,0,0,0,0,0,0,0,0,0,0,0,0,0,0,0,0,0,0,0,0,0,0,0,0,0,0,6.9,5.1,3.3,4,11.3,3.5,4,8.4,11.9,7.2,3.1,3.3,5.2,6.2,4.4,6.8,13.6,4.1,7.6,5.4,3.3,8.6,4.8,5.7,13.2,11.5,15.3,4.1,6.5,4.3,8,3.3,7.3,7.9,0,5.4,12.4,7.1,6.6,3.9,,,,,,,,,,,,,,,,,,,,,,,,,,,,,,,,,,,,,,,,,27.7,27.9,28.6,27.8,27.8,28.2,27.6,28.4,28,27.3,28.4,27.8,29,27.1,27.8,28.5,27.3,28,27.6,26.9,27.4,27.9,27.8,27.9,27.6,28.4,28.4,27.3,27.5,27.4,27,70,71,72,77,72,67,77,67,74,76,76,72,67,68,72,71,66,67,76,70,77,76,59,69,73,66,64,75,65,75,72,0,0.1,0,0.1,0,0,0.2,0,0.1,0.1,0.2,0,0,0.1,0.1,0,0,0,0.2,0,0.4,0.4,0,0,0,0,0,0.1,0,0,0.1,18.5,22.4,19,44,19.3,16.6,34.7,18.7,26.6,27.3,19.4,15.4,20.4,23.9,20.8,21.1,14.5,15.5,25.6,28.7,25.6,35.2,20.5,17.2,25.5,21.8,23.5,24.2,13.9,36.9,21.3,22.3,27.7,27.4,55.1,23.8,22.3,43.9,24.5,31.7,32,26.6,18,29.5,27.7,25.9,29.2,17.6,21.6,29.9,28.1,29.9,43.6,25.2,20.9,30.6,29.5,34.6,27.4,16.9,43.9,24.5,,,,,,22.2204,114.2127
2026-09-11T22:00,26.3,27.6,27.9,27.6,27.1,27.2,27.5,27.9,26.5,26.7,26.3,26.6,27.2,26.5,26.6,27.4,27.7,25.8,27.4,26.1,27.7,28.1,26.9,27.4,27.6,27.3,27.6,27.4,26.5,26.5,27.7,26.6,26.7,27.2,27.1,27.7,27.4,27.9,26.8,26.5,81,80,75,66,77,74,69,71,78,74,76,77,78,85,85,80,80,82,84,86,69,72,75,80,75,82,81,74,82,84,81,83,86,80,76,71,81,77,81,80,0,0,0,0,0,0,0,0,0,0,0,0,0,0,0,0,0,0,0,0,0,0,0,0,0,0,0,0,0,0,0,0,0,0,0,0,0,0,0,0,6.5,5.2,2.9,4.3,11.3,4,3.6,9.2,11.9,8,3.2,3.3,4.8,6.6,4.3,6.3,13.8,3.6,6.9,4.7,3.7,8.3,5.1,5.8,13.3,11.3,15.3,4.6,6.5,4,7.8,3.3,6.6,8.4,0.4,4.3,12.8,6.6,6.9,4.1,,,,,,,,,,,,,,,,,,,,,,,,,,,,,,,,,,,,,,,,,27.6,27.6,28.6,27.7,27.8,28.1,27.6,28.2,27.8,27.3,28.3,27.7,28.8,27.1,27.6,28.2,26.9,27.9,27.4,26.6,27.5,27.8,27.5,27.7,27.5,28.2,28.2,27.1,27.2,27.4,27,72,73,73,77,74,69,77,69,75,77,77,74,66,69,72,73,69,67,77,72,77,77,59,71,75,65,65,76,66,76,73,0,0.1,0,0.1,0,0,0.2,0,0.1,0.1,0.2,0,0,0.1,0.1,0,0,0,0.2,0,0.4,0.4,0,0,0,0,0,0.1,0,0,0.1,19.6,24.6,19.4,46.5,20.8,16.8,36.7,15.9,28,28.7,20.1,15,23.9,24.9,21.3,19.9,16.3,15.1,27.6,32.7,27.1,38.3,18.1,17.1,30.6,19.7,23.5,26,13.8,37.2,22.1,22.7,28.8,27,59.4,24.1,22,46.4,20.2,33.5,34.6,26.6,17.6,33.1,28.4,26.3,27.7,18.4,19.4,31.7,33.1,32,48.2,22.3,20.2,34.9,26.6,33.1,29.9,15.8,44.3,26.3,,,,,,22.2204,114.2127
2026-09-11T23:00,26.1,27.5,27.7,27.3,26.9,26.9,27.2,27.7,26.4,26.4,26,26.4,27,26.4,26.4,27.2,27.5,25.7,27.3,26,27.6,27.9,26.6,27.3,27.3,27.1,27.5,27,26.3,26.2,27.6,26.5,26.5,27,26.5,27.6,27.3,27.7,26.8,26.4,82,81,76,66,77,74,70,72,79,74,76,77,79,85,86,80,81,84,85,88,68,73,74,81,75,83,81,75,82,86,81,84,88,82,80,71,81,76,81,80,0,0,0,0,0,0,0,0,0,0,0,0,0,0,0,0,0,0,0,0,0,0,0,0,0,0,0,0,0,0,0,0,0,0,0,0,0,0,0,0,6.1,5.6,2.7,5.4,11.2,5.1,4,10,12,8.6,4,3.7,4.3,7,4.3,6,14.2,3.7,6.6,4,4.5,8.1,5.8,6.3,13.6,11.3,15.3,5,7.3,3.8,8.6,3.2,5.6,9.2,0.4,3.7,13.4,6.7,7.3,4.7,,,,,,,,,,,,,,,,,,,,,,,,,,,,,,,,,,,,,,,,,27.5,27.3,28.4,27.7,27.7,27.9,27.6,28,27.7,27.2,28.2,27.6,28.6,27,27.4,28,26.5,27.7,27.3,26.4,27.4,27.7,27.2,27.6,27.3,27.9,27.9,27,26.9,27.3,27,74,74,73,77,75,70,77,70,76,78,77,75,66,70,73,74,71,68,78,74,77,78,59,72,77,65,65,77,68,76,74,0,0.1,0,0.1,0,0,0.2,0,0.1,0.1,0.2,0,0,0.1,0.1,0,0,0,0.2,0,0.4,0.4,0,0,0,0,0,0.1,0,0,0.1,20.5,26.4,19.2,48.2,22.9,17,37.8,14,28.7,30.2,20.1,14.8,26.5,25.3,21.9,18.8,18.1,15,29.1,34.7,28.8,40.9,16.3,17.3,33.7,17.9,23.3,26.8,13.8,37.4,22.7,23.4,29.5,26.3,62.3,26.3,21.6,47.2,16.9,34.9,36.4,26.3,17.3,35.3,29.2,26.6,25.9,19.1,17.6,33.8,36,34.2,52.2,20.2,19.4,37.8,23.8,31.3,31.3,15.1,44.6,27.4,,,,,,22.2204,114.2127
2026-09-12T00:00,26.1,27.4,27.6,27.1,26.8,26.6,27,27.5,26.3,26,25.7,26.3,26.8,26.3,26.3,27,27.4,25.6,27.2,26,27.4,27.7,26.4,27.1,27.1,27,27.4,26.7,26.2,26.1,27.4,26.4,26.4,26.8,26,27.5,27.2,27.4,26.8,26.5,81,81,76,65,78,73,71,72,78,74,77,78,80,84,87,80,82,85,85,88,68,73,73,81,76,84,81,76,82,87,81,85,88,83,82,71,81,76,82,80,0,0,0,0,0,0,0,0,0,0,0,0,0,0,0,0,0,0,0,0,0,0,0,0,0,0,0,0,0,0,0,0,0,0,0,0,0,0,0,0,5.9,6.4,3.1,6.1,11.4,6.6,4,10.9,12.1,9.7,4.8,4.4,4.2,7.8,4.5,6.1,14.8,4,6.2,3.5,5.2,8.1,6.8,6.9,13.9,11.6,15.7,5.7,7.7,4.2,9,3.8,5.1,10.1,0.5,3.4,14,7.2,8,5.1,,,,,,,,,,,,,,,,,,,,,,,,,,,,,,,,,,,,,,,,,27.4,27,28.2,27.6,27.5,27.6,27.5,27.7,27.5,27,28.1,27.4,28.3,26.8,27.2,27.8,26.2,27.4,27.2,26.3,27.3,27.6,27,27.4,27.2,27.6,27.5,26.9,26.6,27.1,26.9,75,75,74,77,76,71,77,71,76,79,77,76,66,71,74,75,73,69,78,75,77,78,59,73,77,65,65,77,70,76,75,0.1,0.1,0.1,0.4,0.1,0.1,0.1,0,0.1,0.2,0.1,0.1,0,0.2,0,0.1,0,0,0.2,0,0.4,0.1,0,0,0.1,0,0,0.1,0.1,0,0.1,21.9,27,18.1,48.8,26.6,17.1,37,14.5,28.2,31.2,20.3,15.3,26.4,25,22.9,18.9,19.5,15.3,30.4,33.6,30.2,42.1,15.7,17.8,34.4,16.1,22.4,26,14.3,37.5,23.3,24.8,30.6,24.1,62.6,31.7,20.9,45.7,16.9,36.4,37.4,25.6,17.6,33.8,28.8,27.4,24.1,20.5,16.9,36,34.9,36,54,19.1,19.8,38.2,20.5,29.2,30.2,15.1,45,28.1,,,,,,22.2204,114.2127
2026-09-12T01:00,26.1,27.2,27.5,26.9,26.6,26.3,26.8,27.3,26.2,25.8,25.4,26.2,26.7,26.3,26.1,26.9,27.3,25.5,27.1,25.9,27.3,27.5,26.2,27,26.9,26.8,27.4,26.3,26.2,25.9,27.3,26.4,26.3,26.6,25.5,27.4,27.2,27.2,26.9,26.5,81,81,76,64,78,72,71,73,78,74,77,78,80,83,87,80,82,85,85,88,67,74,72,80,76,84,80,77,81,88,81,85,88,84,84,70,80,75,81,79,0,0,0,0,0,0,0,0,0,0,0,0,0,0,0,0,0,0,0,0,0,0,0,0,0,0,0,0,0,0,0,0,0,0,0,0,0,0,0,0,5.7,7.1,3.9,7.2,11.6,7.8,4.3,11.4,12.3,10.4,5.5,4.8,4.4,8.2,4.8,6.6,15.2,4.6,5.8,3.3,5.8,8,7.6,7.6,14.2,12,15.5,6.4,8.2,4.8,9.8,4.3,5.2,11,0.8,3.6,14.2,7.9,8.8,5.8,,,,,,,,,,,,,,,,,,,,,,,,,,,,,,,,,,,,,,,,,27.2,26.7,27.9,27.5,27.2,27.4,27.4,27.5,27.4,26.8,27.9,27.2,27.9,26.6,27,27.6,26,27,27,26.2,27.1,27.5,26.8,27.3,27.1,27.3,27.2,26.8,26.4,27,26.8,75,77,75,78,77,71,76,72,75,80,78,77,67,72,75,75,75,69,78,75,77,78,60,74,77,66,66,77,72,76,75,0.1,0.1,0.1,0.4,0.1,0.1,0.1,0,0.1,0.2,0.1,0.1,0,0.2,0,0.1,0,0,0.2,0,0.4,0.1,0,0,0.1,0,0,0.1,0.1,0,0.1,23.5,27.6,16.3,48.5,31.1,17.1,35.2,15.9,27.6,32.4,20.5,16.3,24.4,24.8,24.4,19.1,20.7,15.3,31.7,30.2,31.1,42.7,15.9,19,33.7,14.2,21,24.3,14.5,37.5,23.7,26.6,31.3,20.9,61.2,38.2,20.2,42.8,18.7,37.8,38.5,24.8,18.4,30.6,28.4,27.7,22.7,22.3,16.9,38.2,31.3,37.4,54.7,18.7,20.5,37.4,17.3,26.6,28.1,15.5,45,28.1,,,,,,22.2204,114.2127
2026-09-12T02:00,26,27,27.3,26.7,26.6,26.1,26.7,27.1,26.1,25.5,25.2,26,26.6,26.2,26,26.7,27.1,25.5,27,25.8,27.1,27.3,26,26.8,26.7,26.7,27.2,26.1,26.1,25.8,27.1,26.3,26.2,26.5,25.3,27.3,27.1,27,26.9,26.5,80,81,76,64,78,72,71,73,78,74,77,78,80,82,86,80,82,85,84,88,67,74,72,80,76,84,80,77,81,88,81,84,88,84,85,70,80,75,81,79,0,0,0,0,0,0,0,0,0,0,0,0,0,0,0,0,0,0,0,0,0,0,0,0,0,0,0,0,0,0,0,0,0,0,0,0,0,0,0,0,5.6,7.7,4.3,7.9,11.9,8.8,4.3,11.6,12.4,11.2,6.2,5.5,4.6,8.4,4.9,7.1,15.3,4.8,5.6,3.6,6.5,8.1,8.3,7.8,14.3,12,15.3,7.1,8.3,5.4,10,4.7,5.6,11.6,1.5,3.9,14.4,8.5,8.9,5.8,,,,,,,,,,,,,,,,,,,,,,,,,,,,,,,,,,,,,,,,,27.1,26.5,27.7,27.2,27,27.2,27.3,27.3,27.3,26.6,27.8,27.1,27.6,26.5,26.8,27.5,25.9,26.8,26.8,26.1,27,27.4,26.6,27.2,26.9,27.1,26.9,26.7,26.2,26.8,26.7,75,77,75,80,77,71,76,72,74,80,77,77,67,72,75,74,75,69,78,75,77,77,60,74,77,66,66,76,73,76,75,0.1,0.1,0.1,0.4,0.1,0.1,0.1,0,0.1,0.2,0.1,0.1,0,0.2,0,0.1,0,0,0.2,0,0.4,0.1,0,0,0.1,0,0,0.1,0.1,0,0.1,24.1,26.9,15.3,48.1,33.4,17.1,33.3,16.6,26.8,32.7,20.6,16.8,23,23.9,24.1,18.9,20.8,15.4,32.6,26.7,32,42.2,16,19,31.8,12.9,19.8,22.2,13.9,37.2,23.8,27.7,31.3,19.1,59.8,42.8,19.4,40.3,19.8,38.2,38.5,24.5,18.7,28.4,27.4,27.4,21.6,22.7,16.9,39.6,27.7,38.5,54.4,18.7,20.9,35.6,15.8,24.8,25.2,15.5,45,27.7,,,,,,22.2204,114.2127
2026-09-12T03:00,26,26.7,27,26.4,26.5,25.9,26.5,26.9,26,25.3,25,25.8,26.5,26.2,25.9,26.5,26.9,25.6,26.8,25.6,26.8,27.2,25.8,26.6,26.5,26.5,27,25.8,26.1,25.6,26.9,26.3,26,26.5,25.2,27.1,27,26.7,26.8,26.5,79,80,75,64,78,72,71,73,78,74,77,78,79,81,85,79,81,84,83,87,67,74,72,80,76,84,80,77,81,87,81,83,87,84,84,69,80,75,80,78,0,0,0,0,0,0,0,0,0,0,0,0,0,0,0,0,0,0,0,0,0,0,0,0,0,0,0.7,0,0,0,0,0,0.1,0,0,0,0,0,0,0,5.2,7.9,4.9,8.6,11.8,9.5,4.3,11.2,12.2,11.9,6.8,6.2,4.4,8,4.8,7.4,14.9,4.9,5.4,4.2,6.9,7.7,9,7.7,14,11.7,14.3,7.7,8.2,6,9.7,4.8,6.2,11.4,2.2,4,13.7,8.8,8.8,5.5,,,,,,,,,,,,,,,,,,,,,,,,,,,,,,,,,,,,,,,,,26.9,26.3,27.6,26.6,26.9,27,27.2,27.1,27.1,26.4,27.6,27,27.4,26.3,26.6,27.3,25.9,26.6,26.7,25.9,26.9,27.2,26.4,27,26.7,27.1,26.7,26.6,26,26.7,26.5,74,76,73,84,76,70,76,71,72,79,75,76,67,70,74,72,73,68,78,75,77,77,60,74,77,65,66,74,73,76,75,0.1,0.1,0,7.6,0.2,0,0,0,0,0.1,0.1,0.1,0,0,0,0,0,0,0,0,0.1,0.2,0,0,0,0,0,0,0,0,0.1,23,25.3,14.8,47.2,31.6,16.4,31.5,15.1,25.5,32,20.3,16.8,22.5,21.9,21.7,17.6,18.5,14.5,32.1,22.5,32.2,39.7,15.7,17.9,28.4,12.4,18.8,19.2,10.9,36.6,23.2,26.6,29.9,19.1,58.3,43.6,18.4,38.2,19.1,36.7,38.2,24.8,19.1,28.1,25.9,24.5,21.2,20.2,16.2,40,23.8,38.9,52.6,19.1,19.8,32.8,16.9,23.8,22,13.7,44.6,27,,,,,,22.2204,114.2127
2026-09-12T04:00,25.9,26.3,26.6,26.2,26.5,25.7,26.3,26.6,25.9,25.1,24.9,25.5,26.4,26.1,25.7,26.2,26.7,25.6,26.6,25.4,26.4,27.1,25.6,26.4,26.3,26.3,26.7,25.5,26.1,25.5,26.5,26.2,25.7,26.6,25.2,26.8,26.9,26.4,26.8,26.6,78,79,74,65,77,72,70,73,77,74,77,77,77,81,82,78,80,82,81,85,68,73,72,79,76,82,80,77,80,85,80,80,85,82,81,69,79,76,79,78,0,0,0,0,0,0,0,0,0,0,0,0,0,0,0,0,0,0,0,0,0,0,0,0,0,0,0.7,0,0,0,0,0,0.1,0,0,0,0,0,0,0,4.6,8.1,5.1,9.4,11.6,10.5,4.7,10,11.6,12.7,7.8,7.3,4.7,7.7,4.8,7.4,14.3,4.8,5.2,5.2,7.2,6.9,9.4,7.6,13.3,11.5,12.9,8.7,7.6,6.7,9.1,5.2,7.1,11.1,3.3,4.3,12.7,9.1,8.5,5,,,,,,,,,,,,,,,,,,,,,,,,,,,,,,,,,,,,,,,,,26.6,26.1,27.5,25.9,26.8,26.8,27.1,27,27,26.4,27.4,26.9,27.2,26.2,26.4,27.2,26,26.5,26.5,25.8,26.8,27.1,26.4,26.9,26.5,27.1,26.6,26.5,26,26.6,26.4,73,75,70,89,75,68,76,69,70,78,73,75,67,67,73,69,71,66,77,74,77,76,60,74,77,64,65,72,72,76,74,0.1,0.1,0,7.6,0.2,0,0,0,0,0.1,0.1,0.1,0,0,0,0,0,0,0,0,0.1,0.2,0,0,0,0,0,0,0,0,0.1,21.3,23.7,15.4,45.9,28.5,15.7,29.1,13.9,23.6,30.8,20.6,16.9,22.3,20.1,18,16.4,14.6,14,31.2,18.6,31.6,36.2,16.2,16.6,24.8,13.4,18.4,15.9,7.9,35.5,21.7,24.8,27.4,19.8,56.9,41.8,17.6,36,17.6,34.2,37.1,25.6,19.4,28.8,24.1,20.9,21.6,16.2,15.8,40,19.8,38.5,49.7,19.4,18.7,29.2,19.4,23,18,11.2,44.3,25.6,,,,,,22.2204,114.2127
2026-09-12T05:00,25.9,25.8,26.3,25.9,26.4,25.5,26.1,26.3,25.9,24.9,24.8,25.2,26.3,26.1,25.6,26,26.5,25.8,26.5,25.2,26,27,25.4,26.2,26.1,26,26.4,25.3,26.1,25.4,26.1,26.2,25.5,26.7,25.3,26.5,26.8,26.1,26.7,26.6,77,78,73,66,76,73,70,74,76,75,76,76,75,80,80,76,79,79,78,82,68,73,73,78,75,81,81,76,80,82,79,78,82,81,78,68,79,76,77,77,0,0,0,0,0,0,0,0,0,0,0,0,0,0,0,0,0,0,0,0,0,0,0,0,0,0,0.7,0,0,0,0,0,0.1,0,0,0,0,0,0,0,3.9,8.5,5.8,10.1,11,11.2,4.7,9.2,11,13.4,8.5,8.3,4.5,7.7,5.5,7.6,13.5,4.9,5.5,6.1,7.6,6.1,10.1,7.4,12.7,11,11.3,9.7,7.4,7.6,8.6,5.8,8.1,10.5,4.7,4.7,11.6,9.1,8.5,4.5,,,,,,,,,,,,,,,,,,,,,,,,,,,,,,,,,,,,,,,,,26.5,26,27.5,25.5,26.8,26.7,27,26.9,26.9,26.3,27.3,26.8,27,26.1,26.3,27.1,26.1,26.5,26.4,25.7,26.7,27,26.3,26.8,26.4,27.1,26.5,26.4,26,26.6,26.3,72,73,67,92,73,66,75,67,69,77,71,73,67,65,71,67,68,65,76,73,76,75,60,73,76,63,64,69,70,76,73,0.1,0.1,0,7.6,0.2,0,0,0,0,0.1,0.1,0.1,0,0,0,0,0,0,0,0,0.1,0.2,0,0,0,0,0,0,0,0,0.1,20.3,22.6,16.9,45,25.9,15.3,26.9,14.8,22.9,29.1,22,16.9,22.5,19.2,16.3,17.7,12.1,14.2,29.7,16.3,30.8,33.1,17,16.4,22.8,15.3,19.1,14,8.6,34.3,20.1,23.8,25.9,21.6,55.8,39.2,17.3,34.6,17.3,32.4,35.3,27.4,19.4,30.2,23.4,18.7,23.4,13.7,16.2,38.9,17.6,37.8,46.8,20.9,18,27,22.3,23.8,15.8,10.8,43.9,24.1,,,,,,22.2204,114.2127
2026-09-12T06:00,26,25.4,25.9,25.8,26.5,25.3,26,26,25.9,24.8,24.8,25,26.4,26.1,25.6,25.8,26.3,26,26.4,25,25.7,27,25.2,26,26,25.9,26.1,25.2,26.2,25.4,25.8,26.3,25.3,26.8,25.5,26.3,26.7,25.8,26.7,26.7,76,76,71,67,75,73,69,74,76,75,75,75,73,79,77,75,77,77,76,79,68,72,73,77,75,79,81,76,79,79,78,75,79,79,74,67,79,77,76,75,0,0,0,0,0,0,0,0,0,0,0,0,0,0,0,0,0,0,0,0,0,0,0,0,0,0,0.7,0,0,0,0,0,0.1,0,0,0,0,0,0,0,3.4,9.1,6.1,10.9,10.9,11.9,5.2,8.2,10.6,14.3,9.5,9.4,4.7,7.6,6.1,7.9,12.7,4.7,5.8,7.2,7.6,5.5,10.5,7.6,11.9,10.6,10.2,10.8,7.1,8.6,8.5,6.3,9.1,9.8,5.8,4.7,10.1,9.2,8.7,4.3,,,,,,,,,,,,,,,,,,,,,,,,,,,,,,,,,,,,,,,,,26.4,26,27.3,25.5,26.8,26.7,26.9,26.8,26.7,26.3,27.2,26.8,26.9,26,26.2,26.9,26.1,26.4,26.3,25.8,26.7,26.9,26.1,26.7,26.3,27,26.4,26.4,26.1,26.6,26.3,70,70,66,92,70,64,74,66,69,75,70,71,67,64,68,67,66,65,74,71,75,73,61,71,74,63,64,66,67,75,71,0,0,0,8,0,0,0,0,0,0,0,0,0,0,0,0,0,0,0,0,0,0.1,0,0,0,0,0,0,0,0,0,19.9,21.7,18.7,44.1,23.5,15.7,24.8,16.6,23.3,26.3,24.7,16.3,23.3,19.4,16.4,20.9,12.6,15.9,27.5,15.9,29.9,30.6,18.8,16.5,22.4,17.3,20.6,14.1,11.7,33,17.9,24.1,26.3,24.1,55.1,35.6,18,33.8,19.4,32,32.4,31.7,19.4,32.4,23.8,19.8,28.1,14.8,18.7,36.4,18.4,36.4,43.9,23.4,19.1,27,25.2,27,16.6,14.4,43.9,22,,,,,,22.2204,114.2127
2026-09-12T07:00,26.1,25.2,25.8,25.8,26.6,25.3,26,25.9,26,24.8,24.8,25,26.5,26.2,25.7,25.7,26.2,26.1,26.4,24.9,25.5,27.1,25.2,26,26,25.9,25.9,25.2,26.3,25.5,25.7,26.4,25.2,26.8,25.8,26.2,26.6,25.6,26.7,26.8,75,74,69,67,73,73,68,73,74,75,75,74,71,78,74,73,76,74,73,76,68,71,73,75,74,78,81,75,78,76,77,72,76,78,70,66,78,77,74,74,0,0,0,0,0,0,0,0,0,0,0,0,0,0,0,0,0,0,0,0,0,0,0,0,0,0,0.7,0,0,0,0,0,0.1,0,0,0,0,0,0,0,3.7,9.4,6.5,11.7,10.9,12.3,5.5,7.6,10.3,14.5,10.1,10.4,5.1,7.9,6.8,7.9,12,4.7,6.2,8.3,8,5.3,11.3,7.7,11.6,10.5,9.4,11.5,7.2,9.7,8.7,6.9,10.1,9,7.2,5.1,9.2,8.9,8.7,4.6,,,,,,,,,,,,,,,,,,,,,,,,,,,,,,,,,,,,,,,,,26.4,26,27.2,25.8,26.8,26.7,26.9,26.7,26.4,26.4,27.2,26.9,26.8,26,26.3,26.7,26.1,26.3,26.3,25.9,26.8,26.8,25.9,26.7,26.3,26.9,26.3,26.4,26.3,26.6,26.4,68,67,66,91,67,62,72,66,69,73,70,68,67,65,65,67,64,65,71,68,74,71,62,68,70,62,63,64,64,74,68,0,0,0,8,0,0,0,0,0,0,0,0,0,0,0,0,0,0,0,0,0,0.1,0,0,0,0,0,0,0,0,0,20.3,21.4,20.5,43.7,21.6,16.4,24.2,18.7,24.3,23,27.4,15.9,24.6,20.1,18,25.3,14.9,18,25.2,16.7,28.8,28.5,21.4,17,22.5,19.9,22.8,15.2,15.4,31.7,15.9,25.6,27.4,27.7,54.7,31,19.4,33.5,22.3,32.4,28.4,37.1,19.4,35.3,25.2,22.7,33.8,16.9,22.3,33.1,20.5,34.2,41,27,20.9,28.1,28.4,31.3,18.4,19.8,43.6,19.4,,,,,,22.2204,114.2127
2026-09-12T08:00,26.4,25.2,25.8,26,26.9,25.4,26.2,26,26.2,25,25,25.2,26.7,26.5,26,25.8,26.1,26.3,26.6,25.1,25.6,27.3,25.4,26.1,26.1,26.1,25.8,25.3,26.7,25.7,25.9,26.6,25.4,26.8,26.2,26.3,26.6,25.5,26.8,27,73,73,68,67,72,73,67,73,73,76,74,72,69,76,71,72,76,73,71,74,68,70,73,74,73,76,81,74,76,74,75,70,74,78,67,65,78,78,73,73,0,0,0,0,0,0,0,0,0,0,0,0,0,0,0,0,0,0,0,0,0,0,0,0,0,0,0.7,0,0,0,0,0,0.1,0,0,0,0,0,0,0,3.8,9.7,6.8,12.1,10.7,12.4,5.8,7.4,10.3,14.9,10.8,11.2,5.1,8.4,7.6,7.9,11.5,4.7,6.5,9,8.5,5,11.7,7.9,11.4,10.2,9.7,12.3,7.2,10.1,8.7,7.4,10.9,9,8,5.4,8.7,8.7,8.9,4.7,,,,,,,,,,,,,,,,,,,,,,,,,,,,,,,,,,,,,,,,,26.6,26.2,27.3,26.1,27,26.9,27,26.9,26.4,26.6,27.3,27.1,27,26.1,26.5,26.7,26.3,26.4,26.3,26.1,27,26.8,26,26.8,26.5,27,26.5,26.6,26.6,26.8,26.6,66,65,66,89,64,61,71,66,69,71,70,66,67,65,63,67,62,65,68,66,73,70,62,65,68,62,63,62,61,73,65,0,0,0,8,0,0,0,0,0,0,0,0,0,0,0,0,0,0,0,0,0,0.1,0,0,0,0,0,0,0,0,0,21.1,21.5,22,43.8,20.7,17.4,24.2,20.2,25.2,19.9,29.3,15.8,25.7,20.8,19.5,28.1,16.6,19.8,23.5,17.8,27.6,27.4,22.8,17.6,22.8,22,24.1,16.2,17.9,30.3,15,27,29.2,29.9,54.7,27.7,20.9,33.8,25.2,33.1,25.2,41.4,19.4,37.1,26.3,25.6,38.2,19.1,25.2,30.6,22.7,32,39.6,29.2,22.3,29.9,30.2,34.2,20.5,23.8,42.8,18,,,,,,22.2204,114.2127
2026-09-12T09:00,26.9,25.7,26.2,26.6,27.3,25.8,26.8,26.3,26.7,25.3,25.4,25.8,27.2,27.1,26.6,26.2,26.2,26.6,27.2,25.5,26.1,27.7,25.8,26.5,26.5,26.6,25.9,25.8,27.3,26.1,26.5,27,25.8,26.7,26.8,26.7,26.7,25.6,27.1,27.2,71,71,67,66,70,72,65,72,71,77,73,70,67,73,68,71,77,72,69,72,67,69,72,72,72,74,81,73,73,72,72,68,72,79,65,64,78,79,72,72,0,0,0,0,0,0,0,0,0,0.2,0,0,0,0,0,0,0.6,0.1,0,0.2,0,0,0,0,0,0,0.4,0.1,0,0,0,0,0,0.9,0,0,0,0.1,0.1,0,4.4,10,7.3,12.6,11.1,12.8,6.6,7.5,10.8,15.3,11.5,11.9,5.4,9.1,8.4,7.9,11.2,4.6,6.6,9.4,9.4,5.4,12.1,8.7,12.1,10.2,10.7,12.7,7.6,10.2,8.9,8,11.5,9.3,8.9,6.2,8.7,8.2,9.2,5.5,,,,,,,,,,,,,,,,,,,,,,,,,,,,,,,,,,,,,,,,,27.1,26.5,27.8,26.3,27.5,27.4,27.3,27.4,26.6,27,27.6,27.6,27.4,26.4,27,27.2,26.7,27,26.5,26.4,27.3,26.9,26.7,27.3,26.8,27.4,27.1,27.1,27.1,27,27,65,65,65,87,63,60,70,65,69,68,70,64,66,65,62,66,60,64,66,65,71,70,61,63,67,62,62,61,59,72,63,0,0,0,1.2,0,0,0,0,0,0,0,0,0,0,0,0,0,0,0,0,0,0,0,0,0,0,0,0,0,0,0,22.5,22.9,22.4,44.5,21.4,18.5,24.8,21.1,25.9,17.7,30,16.2,26,21.7,20.9,28.3,16.2,20.2,23.1,19.1,25.8,27.9,22.7,18.8,22.9,22.8,24.5,17.4,18.8,28.9,15.4,29.2,31.7,30.2,55.4,27.7,22.7,35.3,27.4,34.6,22.3,43.2,20.2,37.1,27,28.1,38.9,19.8,26.3,29.9,24.5,30.2,40,29.2,23.4,32.8,30.2,33.5,22,24.5,41,18.4,,,,,,22.2204,114.2127
2026-09-12T10:00,27.6,26.5,26.9,27.6,28,26.4,27.7,26.9,27.5,25.9,26,26.7,28,28,27.5,26.9,26.4,26.8,28,26.2,26.9,28.3,26.4,27.2,27.2,27.4,26.2,26.6,28.1,26.7,27.6,27.7,26.6,26.5,27.6,27.4,26.8,25.8,27.5,27.5,68,69,65,64,68,71,63,71,68,78,72,67,65,70,65,69,78,72,66,71,65,67,71,70,70,71,81,71,69,71,69,66,70,82,62,62,78,80,71,70,0,0,0,0,0,0,0,0,0,0.2,0,0,0,0,0,0,0.6,0.1,0,0.2,0,0,0,0,0,0,0.4,0.1,0,0,0,0,0,0.9,0,0,0,0.1,0.1,0,6.1,10.6,8.1,13.2,12.1,13.7,8.2,8.1,12,16.3,11.9,13.1,6.4,10.5,10,8.5,11.5,4.7,7.6,9.7,10.5,6.3,13,9.4,13.5,10.9,12,12.9,8.6,10.7,10.1,9.2,11.9,9.8,10.2,7.3,9.3,7.9,9.8,6.3,,,,,,,,,,,,,,,,,,,,,,,,,,,,,,,,,,,,,,,,,27.8,27,28.5,26.5,28.2,28,27.8,28.1,27,27.6,28.1,28.3,28.1,26.8,27.6,27.9,27.3,27.8,26.8,26.7,27.7,27.1,27.6,28,27.3,28,27.9,27.7,27.7,27.4,27.6,64,65,64,86,63,60,69,64,69,65,70,63,66,65,61,65,59,62,65,65,70,70,60,62,68,61,60,62,58,70,62,0,0,0,1.2,0,0,0,0,0,0,0,0,0,0,0,0,0,0,0,0,0,0,0,0,0,0,0,0,0,0,0,24.4,25.3,22.6,45.7,23.2,19.9,26.3,22,27,15.5,31.4,16.7,26.6,22.6,22.6,27.5,14.9,20.3,23.2,21,23.7,29.8,21.6,19.4,24.2,22.5,24.6,18.5,18.7,27.2,16.6,32,34.2,29.2,56.5,29.2,24.8,37.4,28.8,36.7,19.8,43.6,20.9,36,27.7,30.2,37.4,19.8,26.3,30.2,26.3,28.8,41.8,27.7,24.5,36,29.2,31.3,23,23.8,38.5,20.2,,,,,,22.2204,114.2127
2026-09-12T11:00,28.5,27.4,27.7,28.7,28.8,27.1,28.7,27.6,28.4,26.7,26.6,27.9,28.9,28.9,28.5,27.7,26.6,27.2,28.9,27,27.9,29,27.1,28,27.9,28.3,26.5,27.4,29.1,27.5,28.8,28.4,27.4,26.3,28.6,28.2,26.9,26,28,27.9,65,67,64,62,65,70,61,69,65,79,71,64,63,66,62,68,79,72,64,69,63,66,70,67,67,69,80,69,65,70,65,64,68,85,60,60,77,82,71,68,0,0,0,0,0,0,0,0,0,0.2,0,0,0,0,0,0,0.6,0.1,0,0.2,0,0,0,0,0,0,0.4,0.1,0,0,0,0,0,0.9,0,0,0,0.1,0.1,0,8.2,11.8,9.2,14,13.2,15.8,10.1,9.4,13.6,17.9,12.4,13.9,8.2,12.4,12.3,10.3,11.8,5.4,9.2,10.2,11.8,8,13.6,11.3,15,12.6,13.8,13.2,10,11.2,11.8,10.9,13.1,10.7,11.3,9,9.8,7.4,11.2,7.3,,,,,,,,,,,,,,,,,,,,,,,,,,,,,,,,,,,,,,,,,28.4,27.5,29.1,26.6,28.7,28.5,28.2,28.6,27.4,28,28.6,28.9,28.7,27.1,28.2,28.5,27.7,28.5,27.1,27,28.1,27.4,28.4,28.6,27.8,28.5,28.6,28.3,28.3,27.7,28,64,66,63,85,63,60,69,64,69,63,70,62,65,65,61,64,58,61,65,65,68,70,60,62,68,61,60,62,58,69,62,0,0,0,1.2,0,0,0,0,0,0,0,0,0,0,0,0,0,0,0,0,0,0,0,0,0,0,0,0,0,0,0,25.8,27.1,22.2,45.8,23.8,20.6,28.2,22.9,28.1,13.9,32.6,17.4,27.5,22.9,23.9,26.4,14.2,20.3,23.4,22.5,21.9,31.4,20.6,20.3,26.6,22.7,23.7,19.4,18.2,26.5,17.4,33.8,35.6,28.4,57.2,30.2,26.3,39.6,29.5,38.9,18,43.6,22,35.3,28.1,31.7,36.4,19.8,26.3,30.6,27.7,27,43.2,27,25.2,38.5,28.4,29.5,24.1,23,36.7,22,,,,,,22.2204,114.2127
2026-09-12T12:00,29.3,28.4,28.5,29.8,29.5,27.8,29.7,28.3,29.3,27.3,27.2,29,29.7,29.8,29.5,28.5,26.8,27.4,29.8,27.8,28.9,29.6,27.8,28.8,28.7,29.2,26.9,28.3,30,28.2,29.9,29,28.3,26.1,29.4,29,27,26.3,28.5,28.3,63,66,63,60,63,69,58,68,62,80,70,61,62,63,59,67,81,73,62,68,61,64,69,65,65,66,80,68,61,69,62,63,66,88,58,58,77,83,70,67,0,0,0,0,0,0,0,0,0,0.2,0,0,0,0,0,0,0.6,0.1,0,0.2,0,0,0,0,0,0,0.4,0.1,0,0,0,0,0,0.9,0,0,0,0.1,0.1,0,10.8,13.2,10.2,14.8,14.3,18.1,12.5,11,14.9,20.5,12.9,14.4,9.8,14.9,14.3,13,12.4,6.1,11.1,10.5,13.1,9.9,14.2,13.2,17,14.9,15.6,13.1,11.8,12.5,13.8,13.4,14.3,11.7,12.8,10.8,10.8,7.4,13,8.2,,,,,,,,,,,,,,,,,,,,,,,,,,,,,,,,,,,,,,,,,28.8,27.9,29.5,26.5,29,28.8,28.6,29,27.8,28.1,29.1,29.3,29.1,27.4,28.5,28.9,28,28.9,27.3,27.3,28.3,27.9,29,28.9,28.1,28.8,29.1,28.7,28.6,28,28.1,64,66,64,86,64,61,69,64,70,63,70,62,65,66,61,64,59,61,65,65,67,71,61,63,68,61,61,63,59,69,63,0,0,0,1.8,0,0,0,0,0,0,0,0,0,0,0,0,0,0,0,0,0,0,0,0,0,0,0,0,0,0,0,25.4,26.4,21.3,44.9,23,20.7,29,22.8,29.4,12.7,31.6,18.3,28.4,23,24.9,26.4,14.8,20.5,23.7,22.8,20.4,32.3,20.8,20.5,27.7,23.6,22.4,19.8,17.7,26.6,18.5,33.8,34.6,27.7,57.2,30.2,27,41,28.8,41,16.9,42.8,23,36,28.4,32,35.6,20.5,26.6,31.3,28.8,25.2,44.3,27.4,25.9,39.2,29.2,28.8,24.8,22.3,36.7,24.1,,,,,,22.2204,114.2127
2026-09-12T13:00,29.9,29.2,29.1,30.8,30.1,28.4,30.5,28.9,29.9,27.9,27.8,29.9,30.3,30.5,30.3,29.1,27,27.6,30.5,28.4,29.6,30.1,28.4,29.4,29.3,30,27.2,28.9,30.7,28.7,30.9,29.5,28.9,25.9,30.1,29.7,27.1,26.5,28.9,28.5,61,65,63,58,61,68,57,67,60,82,69,59,61,61,58,67,83,74,61,68,60,64,69,63,64,65,80,67,58,68,60,63,66,91,57,58,77,84,70,66,0,0,0,0,0,0,0,0,0,0.2,0,0,0,0,0,0,0.6,0.1,0,0.2,0,0,0,0,0,0,0.4,0.1,0,0,0,0,0,0.9,0,0,0,0.1,0.1,0,12.9,14.8,11.5,14.8,15.3,20.1,14,12.1,15.9,22.7,13.1,14.8,11.8,17.5,16,15.1,13,7.3,12.7,11.2,13.8,11.6,14.5,14.8,18.5,16.7,17,13.2,13.4,13.3,15.6,15.5,16,12.3,13.8,12,11.2,7.6,14.8,8.7,,,,,,,,,,,,,,,,,,,,,,,,,,,,,,,,,,,,,,,,,29,28.2,29.7,26.4,29.1,29.1,28.9,29.2,28.1,28.1,29.6,29.5,29.4,27.7,28.8,29.1,28.1,29.2,27.6,27.7,28.5,28.5,29.4,29.2,28.3,29.1,29.4,29,28.9,28.2,28.2,65,65,65,88,65,63,69,64,71,65,70,64,65,67,62,65,61,62,66,65,66,72,62,64,69,62,63,64,60,69,64,0,0,0,1.8,0,0,0,0,0,0,0,0,0,0,0,0,0,0,0,0,0,0,0,0,0,0,0,0,0,0,0,24,24.8,20.9,44.3,22.5,21.4,29.7,22.2,30.9,12.4,28.9,19.9,29.1,22.9,25.6,26.8,16.1,21.3,23.9,22.1,19.2,33.2,21.7,20.9,28.3,24.9,21.7,20.4,17.7,27.2,20.1,33.1,32,27,56.9,29.5,27,42.5,27.4,43.2,16.9,41.4,24.5,37.1,28.4,31.3,35.3,21.2,26.6,32.8,29.9,23.4,45.4,28.1,26.3,39.2,30.2,28.8,25.6,21.6,37.4,26.3,,,,,,22.2204,114.2127
2026-09-12T14:00,30.2,29.6,29.5,31.3,30.3,28.7,31,29.2,30.2,28.2,28.1,30.4,30.5,30.8,30.7,29.4,27.2,27.7,30.9,28.8,30.1,30.4,28.8,29.7,29.6,30.3,27.3,29.2,31,29,31.4,29.7,29.2,25.7,30.4,30,27.1,26.7,29.1,28.7,61,65,63,58,61,69,57,67,60,83,69,58,62,60,58,68,84,75,61,68,60,64,69,63,64,65,80,68,57,69,59,63,66,93,58,58,78,85,71,66,0,0,0,0,0,0,0,0,0,0.2,0,0,0,0,0,0,0.6,0.1,0,0.2,0,0,0,0,0,0,0.4,0.1,0,0,0,0,0,0.9,0,0,0,0.1,0.1,0,13.8,15.6,12.3,14.7,15.5,21.5,14.8,12.9,16.2,23.7,13.2,14.9,13.3,18.7,16.6,16.7,13.1,8.2,13.5,11.7,13.9,12.6,14.5,15.6,19.1,17.9,17.9,13.2,14.1,14,16.4,16.7,16.8,12.6,14.3,12.5,11.4,7.9,15.6,8.9,,,,,,,,,,,,,,,,,,,,,,,,,,,,,,,,,,,,,,,,,29.1,28.5,29.8,26.3,29.2,29.3,29.1,29.3,28.3,28.1,29.9,29.7,29.6,27.9,29,29.3,28.2,29.5,27.9,28.1,28.6,28.9,29.6,29.4,28.5,29.3,29.6,29.2,29.1,28.4,28.2,66,65,67,89,67,64,70,65,72,66,70,65,66,68,63,66,62,63,67,65,66,73,64,65,70,63,65,65,61,69,66,0,0,0,1.8,0,0,0,0,0,0,0,0,0,0,0,0,0,0,0,0,0,0,0,0,0,0,0,0,0,0,0,23.2,22.9,21.1,43.8,22.5,22.3,31,21.2,33,13.4,28.4,21.2,28.5,22.7,25.6,26.7,16.8,21.5,24.1,21.2,18.6,34.5,22.4,21.7,29.1,26,22.4,21.6,18.1,27.9,21.6,32.8,29.9,26.6,56.2,29.2,26.6,43.9,25.9,45.4,16.9,41.8,25.2,37.4,28.4,30.6,34.6,21.2,26.6,33.5,30.2,22.3,46.8,28.1,26.6,39.6,31,28.1,25.9,21.2,38.2,28.4,,,,,,22.2204,114.2127
2026-09-12T15:00,30.1,29.6,29.5,31.5,30.2,28.6,31,29.2,30,28.1,28.1,30.4,30.3,30.6,30.7,29.3,27.2,27.6,30.9,28.8,30.1,30.3,28.9,29.7,29.7,30.3,27.3,29,30.8,28.9,31.4,29.6,29.1,25.6,30.3,30,27.1,26.8,29,28.7,63,67,65,59,62,71,59,69,61,85,70,59,65,62,60,70,85,77,63,70,62,66,70,64,65,67,81,71,59,71,60,65,68,94,60,60,79,85,72,67,0,0.1,0,0,0,0.1,0,0.1,0,1.3,0,0,0.7,0,0,0.1,0.4,0.5,0,0.7,0.1,0,0.1,0,0,0,0,0.9,0,1,0,0,0.2,1.9,0,0,0.4,0,0.1,0,13.7,15.5,12.6,13.6,15.1,21.6,14.1,12.8,15.5,23.3,12.9,14.2,14.2,18.9,15.3,16.9,12.9,8.8,13.2,12.3,13,12.6,14.2,15.2,19,17.8,17.7,12.8,13.7,13.5,15.6,16.9,17.1,12.5,13.6,11.7,10.9,8.1,15.3,8.4,,,,,,,,,,,,,,,,,,,,,,,,,,,,,,,,,,,,,,,,,29,28.7,29.8,26.3,29.1,29.3,28.9,29.3,28.4,28.4,29.8,29.8,29.6,28,29.2,29.4,28.2,29.6,28.1,28.3,28.6,28.7,29.5,29.4,28.5,29.4,29.4,29.3,29.1,28.5,28.3,68,66,69,89,68,65,72,66,74,65,71,66,67,69,64,67,62,64,68,65,66,75,66,66,72,64,66,66,62,70,67,0,0,0,2.2,0,0,0.4,0.3,0.2,0,0.3,0,0,0,0,0,0,0,0,0,0,0.9,0.4,0,0.1,0,0,0,0,0.1,0,23.3,21.4,21.1,43,22.3,21.8,33.2,19.6,35.1,13.6,31.7,20.9,25.2,21.8,24.2,24.9,15.8,21.1,24.1,19.3,18.9,36.5,21.2,21.7,30.9,26.2,22.4,22.2,17.9,28.1,22.6,32.8,28.1,26.3,54.7,28.8,25.6,45.7,24.1,47.5,17.3,44.6,25.2,35.3,27.4,29.5,33.1,19.8,26.6,33.5,29.2,22.7,49,27,26.6,41,31.3,27,26.6,21.2,38.2,29.5,,,,,,22.2204,114.2127
2026-09-12T16:00,29.7,29.4,29.3,31.4,29.8,28.3,30.6,29,29.5,27.9,28,30.1,29.8,30.1,30.2,28.9,27.3,27.4,30.6,28.6,29.8,30,28.9,29.4,29.5,29.9,27.1,28.5,30.2,28.5,31.1,29.1,28.8,25.5,30,29.7,27,26.9,28.9,28.5,66,70,67,61,65,75,62,71,65,86,71,61,69,65,64,74,86,79,66,73,65,68,72,66,68,70,82,75,62,73,64,68,71,94,64,63,81,85,74,69,0,0.1,0,0,0,0.1,0,0.1,0,1.3,0,0,0.7,0,0,0.1,0.4,0.5,0,0.7,0.1,0,0.1,0,0,0,0,0.9,0,1,0,0,0.2,1.9,0,0,0.4,0,0.1,0,12.5,15,12.5,11.9,14.4,21.2,12.7,12.3,14,22,11.7,13.1,15.2,18.5,12.9,16.1,12.1,9.2,12.2,12.6,11.5,12.2,13.7,14,18.2,17,16.5,12.4,12.2,12.4,14,16.4,16.7,12.1,12.4,10.2,10,8.9,14.3,6.9,,,,,,,,,,,,,,,,,,,,,,,,,,,,,,,,,,,,,,,,,28.9,28.8,29.8,26.4,28.9,29.3,28.6,29.2,28.3,28.8,29.3,29.8,29.6,28,29.5,29.3,28.2,29.7,28.4,28.5,28.5,28.3,29.2,29.3,28.5,29.4,29.1,29.3,29,28.6,28.4,70,67,70,88,70,65,74,67,76,64,73,67,69,69,65,69,63,66,70,65,68,76,67,67,73,64,68,66,63,72,68,0,0,0,2.2,0,0,0.4,0.3,0.2,0,0.3,0,0,0,0,0,0,0,0,0,0,0.9,0.4,0,0.1,0,0,0,0,0.1,0,23.7,19.8,20.6,42.4,21.5,20,35.4,17.5,37.4,13.7,36.6,19.9,22.1,21.2,22.5,21.8,13.8,20.5,23.9,18.2,19.8,39.5,19.5,21.5,32.4,25.9,21.7,22.6,17.2,28.4,23.6,33.1,26.6,25.9,52.6,28.1,23.8,47.5,22.3,49.7,18,49.3,24.5,32,25.9,28.1,31.3,17.6,26.3,32.8,27.4,24.1,51.5,25.2,26.3,42.5,31.3,25.6,27,21.6,38.2,30.2,,,,,,22.2204,114.2127
2026-09-12T17:00,29.1,28.9,29,31,29.2,27.9,30.1,28.6,28.8,27.5,27.8,29.6,29,29.3,29.6,28.3,27.3,27.1,30.1,28.3,29.4,29.6,28.7,28.9,29.2,29.3,26.9,27.7,29.5,28,30.6,28.5,28.2,25.5,29.4,29.3,26.9,27,28.6,28.3,69,75,71,64,69,79,66,75,68,88,72,64,75,70,69,78,88,81,70,76,68,72,75,69,71,74,83,81,67,77,68,72,75,95,69,67,83,85,77,71,0,0.1,0,0,0,0.1,0,0.1,0,1.3,0,0,0.7,0,0,0.1,0.4,0.5,0,0.7,0.1,0,0.1,0,0,0,0,0.9,0,1,0,0,0.2,1.9,0,0,0.4,0,0.1,0,11.3,13.9,12.4,9.8,13,19.9,10.3,11.2,11.9,20.2,10.9,11.5,15.5,17.3,9.8,14.9,11.3,9.5,10.4,12.8,9.4,11.5,12.8,12.4,17,15.5,15.5,11.8,10.4,10.7,11.8,15.2,16.3,11.3,10.5,8.4,8.8,9.2,12.8,5.4,,,,,,,,,,,,,,,,,,,,,,,,,,,,,,,,,,,,,,,,,28.7,28.9,29.7,26.5,28.8,29.2,28.4,29.1,28.3,29,29,29.6,29.5,28,29.5,29.2,28.2,29.6,28.5,28.6,28.4,28,29,29.2,28.4,29.3,28.8,29.2,28.9,28.6,28.4,72,69,71,87,71,66,76,69,78,64,75,68,71,70,66,71,63,67,72,66,69,78,69,68,75,65,69,67,64,73,69,0,0,0,2.2,0,0,0.4,0.3,0.2,0,0.3,0,0,0,0,0,0,0,0,0,0,0.9,0.4,0,0.1,0,0,0,0,0.1,0,25.9,20.1,20.3,42.1,21.3,19,37.1,17.4,38.9,14,39.9,19.4,21.8,20.9,20.6,21.9,12.4,19.5,24.7,19.1,21.3,41.8,18.1,21.2,34.4,25.3,20.6,22.3,16.1,29.6,25.5,34.2,27.4,26.6,51.8,28.1,23.4,49,22,51.5,18.7,52.9,24.1,31.3,25.6,26.6,32,16.2,25.9,33.1,26.6,25.9,52.9,23,26.3,44.6,30.6,24.1,27,21.2,39.2,31.7,,,,,,22.2204,114.2127
2026-09-12T18:00,28.4,28.4,28.6,30.6,28.6,27.4,29.5,28.1,28,27,27.5,28.9,28.2,28.4,28.9,27.7,27.2,26.8,29.5,27.8,28.8,29.1,28.5,28.3,28.9,28.7,26.7,26.9,28.6,27.4,29.9,27.8,27.6,25.5,28.7,28.8,26.8,27,28.2,28.1,73,79,74,67,73,83,70,78,73,90,74,68,81,74,75,82,89,84,74,80,72,75,77,72,75,78,85,87,73,80,72,76,79,94,74,71,84,85,79,73,0,0.1,0,0,0,0.1,0,0.1,0,1.3,0,0,0.7,0,0,0.1,0.4,0.5,0,0.7,0.1,0,0.1,0,0,0,0,0.9,0,1,0,0,0.2,1.9,0,0,0.4,0,0.1,0,9.4,12.5,12.4,7.4,11.5,18.1,8.1,10.4,9.7,18.1,9.8,10,15.7,16.2,6.7,13.4,10.5,9.5,8.4,13.2,7.6,10.5,12.2,10.6,15.5,14,13.8,11.2,8.3,8.9,9.3,13.7,15.4,10.5,8.7,6.5,7.6,9.7,11.4,4.3,,,,,,,,,,,,,,,,,,,,,,,,,,,,,,,,,,,,,,,,,28.4,28.8,29.7,26.5,28.7,28.9,28.2,28.9,28.2,28.8,28.8,29.3,29.2,27.9,29.3,29.1,28.4,29.4,28.4,28.4,28.3,27.9,28.8,28.9,28.2,29.1,28.7,28.9,28.8,28.4,28.2,74,71,71,86,72,69,77,71,79,66,76,70,73,72,68,73,64,68,74,69,71,79,70,71,76,66,70,69,65,74,71,0.9,0,0,0.7,0.1,0,1.5,0.2,0.3,0,0.6,0,0.8,0.5,0,0.6,0,0,0.7,0,0,0.8,0,0,0.9,0,0,0,0,1.2,0,29.3,23.5,21.1,43.3,21.1,18.8,38.1,19.3,40.4,15.1,40.4,19.1,25.3,22,19.5,26.5,11.4,18.7,26.8,22,22.3,42.6,16.3,21.2,36.4,23.7,18,20.5,14.5,32.1,27.5,37.1,31.3,28.8,53.3,28.4,24.8,50,24.5,52.9,20.2,54.7,24.1,35.3,27,25.9,37.1,15.5,24.8,34.6,28.4,27.4,52.9,20.5,27,47.2,29.2,22.7,25.6,20.2,42.5,34.2,,,,,,22.2204,114.2127
2026-09-12T19:00,27.8,27.9,28.2,30.2,28,26.9,28.9,27.7,27.3,26.6,27.2,28.3,27.5,27.7,28.2,27.1,27.2,26.6,28.9,27.4,28.3,28.6,28.3,27.8,28.5,28.2,26.5,26.2,27.8,26.8,29.3,27.2,27,25.4,28.1,28.3,26.7,27,27.9,27.9,77,83,77,70,76,86,73,81,76,92,75,71,85,79,80,85,90,86,78,83,76,79,80,75,78,82,86,91,77,84,76,80,83,94,79,75,86,85,81,75,0,0.1,0,0,0,0.1,0,0.1,0,1.3,0,0,0.7,0,0,0.1,0.4,0.5,0,0.7,0.1,0,0.1,0,0,0,0,0.9,0,1,0,0,0.2,1.9,0,0,0.4,0,0.1,0,8.3,11.6,12.1,5.6,10.5,16.9,6.2,9.4,8,16.3,8.6,8.5,16,15.1,4.7,12,9.4,9.5,6.8,13.2,6.2,9.4,12.1,9.1,14.4,12.3,12.4,10.7,6.9,7.7,7.6,12.6,14.8,9.8,7.2,5.1,6.8,9.7,9.9,3.3,,,,,,,,,,,,,,,,,,,,,,,,,,,,,,,,,,,,,,,,,28.2,28.6,29.7,26.6,28.7,28.6,28,28.7,28,28.3,28.6,28.8,28.9,27.8,28.9,29,28.5,29,28.2,28.1,28.1,27.9,28.7,28.5,27.9,28.7,28.5,28.5,28.6,28.2,27.9,76,72,69,86,74,72,78,74,80,68,76,73,74,75,71,74,65,69,76,73,74,79,71,74,77,68,71,72,66,76,73,0.9,0,0,0.7,0.1,0,1.5,0.2,0.3,0,0.6,0,0.8,0.5,0,0.6,0,0,0.7,0,0,0.8,0,0,0.9,0,0,0,0,1.2,0,33.6,28.3,22.9,45.2,21.3,19.4,37.9,22.3,41.5,17.5,38.8,19.1,30.9,24.1,18.7,33.4,10.8,18.2,29.5,25.2,23,42.3,14.3,21.5,38.2,21.7,15,18.4,12.9,35.5,29.4,40.7,37.1,31.7,55.8,28.8,27.4,50.8,28.8,54.4,21.6,55.8,24.5,41.8,29.5,25.2,43.9,15.5,23.4,36.4,31.7,29.2,51.8,18,28.4,50,26.6,21.2,23.8,18.4,46.8,37.1,,,,,,22.2204,114.2127
2026-09-12T20:00,27.3,27.5,27.9,29.8,27.6,26.6,28.6,27.5,26.8,26.4,27,27.9,27,27.1,27.7,26.7,27.1,26.4,28.5,27.1,27.9,28.3,28.1,27.5,28.3,27.8,26.3,25.7,27.3,26.5,28.9,26.8,26.6,25.5,27.7,28,26.7,27,27.7,27.7,80,86,80,72,79,89,76,83,79,93,77,73,89,82,83,88,91,88,81,86,79,81,82,78,80,85,87,94,81,86,79,83,86,94,82,78,87,85,83,77,0,0.1,0,0,0,0.1,0,0.1,0,1.3,0,0,0.7,0,0,0.1,0.4,0.5,0,0.7,0.1,0,0.1,0,0,0,0,0.9,0,1,0,0,0.2,1.9,0,0,0.4,0,0.1,0,7.6,11.2,11.8,4.3,9.8,15.7,5,9,6.6,15.3,7.9,7.7,15.6,14.4,4,11.2,8.7,9.9,5.4,13.6,5.5,8.7,11.8,8.4,13.7,11.2,11.8,10.7,5.8,7.1,6.5,11.9,14.6,9.1,6.6,4.7,6.5,9.7,9.5,2.9,,,,,,,,,,,,,,,,,,,,,,,,,,,,,,,,,,,,,,,,,28,28.4,29.6,26.7,28.6,28.4,27.9,28.6,27.9,28,28.5,28.4,28.7,27.7,28.6,28.8,28.6,28.7,28,27.9,27.9,27.8,28.6,28.2,27.8,28.5,28.4,28.2,28.5,28.1,27.7,77,74,69,85,75,75,79,76,81,71,76,75,75,77,73,76,66,71,78,76,76,80,72,77,78,69,71,75,67,77,75,0.9,0,0,0.7,0.1,0,1.5,0.2,0.3,0,0.6,0,0.8,0.5,0,0.6,0,0,0.7,0,0,0.8,0,0,0.9,0,0,0,0,1.2,0,37,33.1,24.4,46.2,22.5,21.3,37.9,24.6,41.7,19.3,37.8,19.5,35,26.2,18.2,38.7,10.2,18.4,32,28.2,24.5,41.7,13.1,22.3,39.2,19.9,14,18,11.6,37.8,31.4,44.6,42.5,33.1,56.9,30.6,31.3,51.1,32.4,54.7,23,56.9,26.3,46.8,32,24.8,50,15.5,23,38.9,34.6,31.3,50.8,16.6,29.9,51.8,24.8,20.5,23.4,16.9,49.7,39.6,,,,,,22.2204,114.2127
2026-09-12T21:00,27.1,27.3,27.6,29.5,27.4,26.4,28.4,27.3,26.5,26.3,26.8,27.5,26.8,26.8,27.4,26.5,26.9,26.3,28.1,26.9,27.6,28.1,27.9,27.2,28.1,27.6,26.3,25.6,27,26.3,28.6,26.6,26.3,25.5,27.5,27.7,26.8,27,27.6,27.6,82,88,82,73,81,90,78,84,81,94,78,74,91,84,85,89,92,89,84,88,81,83,84,80,81,87,88,95,83,88,81,85,88,94,84,80,87,86,84,78,0,0.9,0.7,0,0,0.1,0,0,0,1.2,0.4,0,4,0.1,0.1,0.8,4,1.1,0.9,0.6,1.7,0.1,0.6,0.2,0,0,0.6,0.4,0,1.8,0.1,0.3,0.1,0,0,0.2,0,0.2,0.2,0,7.6,11.2,11.6,3.6,9.4,15.3,4.3,9,5.9,15.1,7.5,7.3,14.8,14,3.7,10.9,8,10.2,4.4,14,5.5,7.9,11.8,8.4,13.3,10.4,11.5,11,5.4,7.4,6.5,11.5,14.5,8.4,6.5,4.8,6.5,9.2,9.8,2.9,,,,,,,,,,,,,,,,,,,,,,,,,,,,,,,,,,,,,,,,,27.9,28.2,29.3,26.8,28.3,28.2,27.9,28.5,27.9,27.7,28.4,28.2,28.5,27.7,28.4,28.6,28.4,28.4,27.9,27.8,27.7,27.5,28.5,28,27.8,28.3,28.4,28.1,28.3,28,27.6,78,75,70,85,77,76,80,77,81,73,77,77,76,78,74,77,67,73,79,78,78,82,73,79,79,70,71,77,68,78,76,1,0,0,0.9,0.3,0,1.4,0,0.2,0,0.7,0.1,0.4,0.5,0,1.3,0,0,1.2,0.1,0,1.5,0,0.1,1.1,0,0,0.2,0,1.3,0,39.4,36.7,23.1,45.1,26.9,25.7,37.3,26,40.1,19.7,36.9,20.9,36.3,27.6,17.5,41.2,10.3,19.5,34.4,29.8,26.8,40.7,13.7,24,38.9,18.4,15.3,20.2,11,37.9,32.9,49,46.8,31.3,55.4,34.6,37.4,50.8,34.6,53.6,23.4,58,30.6,47.9,33.8,24.5,54,15.5,24.8,42.1,37.1,34.6,50,16.9,32,51.8,23.4,21.2,26.6,15.8,50,41,,,,,,22.2204,114.2127
2026-09-12T22:00,26.9,27,27.3,29.1,27.2,26.3,28.2,27.2,26.3,26.2,26.5,27.2,26.6,26.6,27.1,26.4,26.8,26.3,27.7,26.6,27.4,27.9,27.7,27,28,27.5,26.2,25.7,26.9,26.2,28.4,26.4,26.1,25.6,27.4,27.5,26.9,26.8,27.5,27.4,83,89,85,74,82,91,79,85,82,94,80,75,92,86,87,90,93,90,86,89,83,84,85,83,82,88,89,94,85,89,82,86,89,94,84,82,87,87,85,79,0,0.9,0.7,0,0,0.1,0,0,0,1.2,0.4,0,4,0.1,0.1,0.8,4,1.1,0.9,0.6,1.7,0.1,0.6,0.2,0,0,0.6,0.4,0,1.8,0.1,0.3,0.1,0,0,0.2,0,0.2,0.2,0,8,11.2,11.2,3.2,9.4,14.4,4,9.4,5.4,15.5,6.8,7.6,13.7,14,3.4,10.5,7.4,10.2,2.9,14.4,6.3,7.2,12.2,8.7,13.7,9.8,11.3,11.5,5.8,7.8,7.3,11.2,14.8,8,6.6,5.1,6.8,8.3,10.8,2.9,,,,,,,,,,,,,,,,,,,,,,,,,,,,,,,,,,,,,,,,,28,28,29,26.9,28,28.1,27.9,28.4,28,27.6,28.3,28,28.4,27.7,28.3,28.5,28.2,28.1,27.8,27.7,27.6,27.2,28.4,28,27.8,28.2,28.3,28.1,28.2,27.9,27.5,78,76,73,84,78,77,80,78,80,75,77,80,76,79,74,78,69,76,80,78,79,84,74,80,79,71,70,78,69,78,76,1,0,0,0.9,0.3,0,1.4,0,0.2,0,0.7,0.1,0.4,0.5,0,1.3,0,0,1.2,0.1,0,1.5,0,0.1,1.1,0,0,0.2,0,1.3,0,41,40.1,20.6,42.7,32,31.2,36.2,27.2,37.9,19.4,36.1,23.2,36.3,29.3,17.3,41.8,11.7,20.9,36.4,31.2,30,39.5,15.4,26.3,38.1,17,17.7,23.8,10.9,36.8,34.1,52.9,50.8,28.4,52.2,39.6,44.6,49.7,36.4,51.5,23.4,58.7,36.7,47.5,35.3,23.8,56.5,15.1,27.7,46.1,39.2,38.5,49.3,18.7,34.6,51.1,22.3,22.7,31.7,15.1,49.3,42.1,,,,,,22.2204,114.2127
2026-09-12T23:00,26.8,26.9,27,28.7,27.1,26.2,28.2,27.1,26.2,26.2,26.3,26.9,26.6,26.4,26.9,26.3,26.5,26.3,27.3,26.4,27.1,27.7,27.5,26.9,27.9,27.4,26.2,25.8,26.8,26.1,28.2,26.4,25.9,25.8,27.3,27.3,27,26.7,27.4,27.3,84,90,87,74,83,91,79,85,82,94,82,75,92,87,88,90,95,90,88,90,85,85,87,85,83,89,89,93,86,90,83,87,90,93,85,83,87,88,86,80,0,0.9,0.7,0,0,0.1,0,0,0,1.2,0.4,0,4,0.1,0.1,0.8,4,1.1,0.9,0.6,1.7,0.1,0.6,0.2,0,0,0.6,0.4,0,1.8,0.1,0.3,0.1,0,0,0.2,0,0.2,0.2,0,8.8,11.6,10.7,3.4,9.7,14.3,3.6,10.1,5.1,16.5,7,7.6,12.2,14,3.6,10.2,6.8,10.5,1.8,14.6,7,6.5,12.4,9.4,13.8,9.3,11.5,12,6.5,9.2,8.3,10.9,14.7,7.3,7,5.4,7.6,7.1,11.9,3.3,,,,,,,,,,,,,,,,,,,,,,,,,,,,,,,,,,,,,,,,,28,27.8,28.8,26.9,27.8,27.9,27.9,28.3,28,27.4,28.2,27.9,28.2,27.7,28.2,28.3,27.9,27.8,27.8,27.6,27.4,27,28.2,27.9,27.9,28.1,28.1,28,28.1,27.9,27.4,78,77,74,84,79,77,80,78,80,77,78,81,76,80,74,79,70,78,80,79,80,85,75,80,79,72,71,79,69,78,76,1,0,0,0.9,0.3,0,1.4,0,0.2,0,0.7,0.1,0.4,0.5,0,1.3,0,0,1.2,0.1,0,1.5,0,0.1,1.1,0,0,0.2,0,1.3,0,42.3,41.9,18.4,40.6,33.2,35,35.7,27.9,35.7,20,36.2,26.2,35.6,30.8,17.7,41.7,12.6,21.6,38.5,32.3,32.1,38.6,16.7,28.1,37.1,16.2,19.6,26.8,10.5,35.8,35,55.8,53.3,25.6,49.7,42.5,49.3,49,37.4,49.3,23.8,59.4,41.4,47.9,37.4,23.8,57.2,14.4,29.2,49.3,41.4,41,48.6,20.2,36,50,21.6,24.1,35.6,14.4,48.2,43.2,,,,,,22.2204,114.2127
2026-09-13T00:00,26.8,26.7,26.7,28.3,27,26.1,28.1,27.1,26.2,26.2,26.1,26.6,26.6,26.4,26.7,26.3,26.3,26.3,27,26.2,26.9,27.6,27.4,26.7,27.7,27.4,26.3,26,26.7,26.1,28.1,26.3,25.8,25.9,27.2,27.1,27.2,26.6,27.4,27.2,85,90,88,74,84,91,79,86,83,93,83,75,92,88,88,90,96,91,90,90,87,86,88,87,83,89,90,91,87,91,84,87,91,93,84,84,86,90,87,80,0,0.9,0.7,0,0,0.1,0,0,0,1.2,0.4,0,4,0.1,0.1,0.8,4,1.1,0.9,0.6,1.7,0.1,0.6,0.2,0,0,0.6,0.4,0,1.8,0.1,0.3,0.1,0,0,0.2,0,0.2,0.2,0,9.7,11.6,10.6,4,9.8,13.8,3.3,10.5,5.1,17.2,6.8,8.3,10.8,14.1,4.2,10,6.4,10.5,0.5,15.2,8,5.9,12.6,10.1,14.3,9,11.4,13,7.2,10.9,9.7,10.5,15,6.7,7.5,5.8,8,6.2,13.4,3.3,,,,,,,,,,,,,,,,,,,,,,,,,,,,,,,,,,,,,,,,,27.9,27.7,28.6,26.9,27.7,27.8,27.8,28.2,27.9,27.2,28.1,27.9,28.1,27.6,28,28.1,27.6,27.6,27.8,27.5,27.3,27,28,27.8,27.8,28,27.7,27.9,28,27.7,27.3,78,77,74,84,78,78,80,79,80,79,79,81,76,80,73,80,71,78,80,80,81,85,75,80,79,72,74,80,69,78,77,1,0,0,1.7,0.1,0,0.8,0.3,0.1,0.1,0.8,1.2,0.2,1.2,0,1,0,0,0.3,0,0,2.4,0,0,1.4,0,0.3,0.8,0,1.7,0,42.7,41.9,17.4,39,27.9,35.7,35.8,28.3,34.3,20.7,38.1,29.4,35.1,33,18.3,40.5,11.2,21.1,40,34.8,33,38.8,17.9,28.5,36.4,15.9,21.1,28.7,9.5,35.6,35.2,56.2,53.6,23.8,48.2,41.4,49.7,48.6,38.2,47.9,24.5,60.1,44.6,49.7,40.3,23.8,55.1,12.2,27.7,51.5,43.6,41.4,48.6,21.2,36,49.3,21.6,25.2,37.4,13,47.5,44.3,,,,,,22.2204,114.2127
2026-09-13T01:00,26.7,26.5,26.5,27.9,27,26.1,28.1,27.1,26.1,26.3,25.9,26.4,26.6,26.3,26.6,26.2,26.2,26.3,26.6,26.1,26.8,27.5,27.2,26.6,27.6,27.4,26.3,26.2,26.7,26.1,27.9,26.3,25.7,26.1,27.2,26.9,27.3,26.4,27.3,27.1,86,91,90,74,84,91,79,85,83,93,85,75,92,88,88,89,97,91,91,91,88,86,89,89,83,89,91,89,88,92,84,88,92,93,84,85,86,91,87,81,0,0.9,0.7,0,0,0.1,0,0,0,1.2,0.4,0,4,0.1,0.1,0.8,4,1.1,0.9,0.6,1.7,0.1,0.6,0.2,0,0,0.6,0.4,0,1.8,0.1,0.3,0.1,0,0,0.2,0,0.2,0.2,0,10.6,11.7,10.2,4.3,10.3,13.4,3.2,10.7,4.7,18,6.6,9,9.4,14.1,5.2,9.7,6.3,10.9,0.8,15.5,8.7,5.4,12.9,10.5,14.4,9.4,11.7,13.8,7.7,12.2,10.8,10.7,15,6.4,8.4,6.2,8.4,5.4,14.6,3.9,,,,,,,,,,,,,,,,,,,,,,,,,,,,,,,,,,,,,,,,,27.8,27.6,28.4,26.8,27.7,27.7,27.7,28.1,27.9,27,28,28,28,27.4,27.8,28,27.3,27.4,27.7,27.3,27.1,27.1,27.7,27.6,27.7,27.8,27.2,27.8,27.9,27.6,27.2,79,76,73,84,77,78,80,79,80,80,79,80,77,80,72,80,71,78,79,80,82,84,75,79,79,71,77,80,69,79,77,1,0,0,1.7,0.1,0,0.8,0.3,0.1,0.1,0.8,1.2,0.2,1.2,0,1,0,0,0.3,0,0,2.4,0,0,1.4,0,0.3,0.8,0,1.7,0,42.4,41,16.9,38.2,21.8,34.6,36.1,28.6,33.3,21.5,41.4,32.9,34.2,35.9,19.2,38.3,8.6,20.4,41,37.6,33,39.5,19.1,28.3,35.8,15.5,22.4,29.7,8.1,35.2,35.4,55.1,52.2,22.7,47.2,37.8,47.2,47.9,38.5,46.4,25.6,60.5,46.8,52.2,43.9,24.1,50.8,9.4,24.5,52.6,45.7,41,49,22.3,34.9,48.2,22,25.9,38.2,11.9,46.1,45,,,,,,22.2204,114.2127
2026-09-13T02:00,26.7,26.4,26.3,27.7,27,26.1,28.1,27.1,26.2,26.3,25.8,26.2,26.6,26.2,26.5,26.2,26.1,26.3,26.3,25.9,26.6,27.5,27.1,26.5,27.5,27.4,26.3,26.4,26.7,26.1,27.8,26.3,25.6,26.2,27.2,26.8,27.4,26.3,27.3,27.1,86,91,91,74,84,91,79,85,83,93,86,76,92,89,88,89,97,91,93,91,89,86,90,90,83,89,91,88,88,92,85,88,92,92,84,85,85,92,87,81,0,0.9,0.7,0,0,0.1,0,0,0,1.2,0.4,0,4,0.1,0.1,0.8,4,1.1,0.9,0.6,1.7,0.1,0.6,0.2,0,0,0.6,0.4,0,1.8,0.1,0.3,0.1,0,0,0.2,0,0.2,0.2,0,11,11.7,9.8,4.7,10.5,13.1,3.1,10.8,4.7,18.6,6.7,9.7,8.8,13.7,5.6,9.8,6,10.9,1.5,15.8,9.4,4.8,12.8,10.9,14.1,9.2,11.6,14.3,7.8,12.9,11.4,10.4,14.9,6.2,8.9,6.6,8.8,4.7,15,4,,,,,,,,,,,,,,,,,,,,,,,,,,,,,,,,,,,,,,,,,27.7,27.5,28.3,26.8,27.4,27.6,27.7,28,27.8,26.8,27.8,28,27.9,27.3,27.6,27.9,27.1,27.3,27.7,27.2,27,27.2,27.4,27.5,27.6,27.7,26.8,27.7,27.8,27.5,27.1,79,76,73,84,77,79,80,80,80,81,80,79,77,80,71,80,71,77,79,80,82,83,75,78,79,71,79,80,69,79,78,1,0,0,1.7,0.1,0,0.8,0.3,0.1,0.1,0.8,1.2,0.2,1.2,0,1,0,0,0.3,0,0,2.4,0,0,1.4,0,0.3,0.8,0,1.7,0,41.8,39.6,16.9,36.7,18.2,34,36.2,28.1,32.8,22,44,34.6,33.5,37.9,19.7,36.5,6.9,19.3,41.7,38.5,32.8,39.1,20,27.6,35.4,15.4,22.6,29.7,7.5,35,35.1,53.3,50.8,22,45.7,33.5,45,47.5,38.2,45.4,25.9,60.8,47.5,54,46.4,24.8,47.5,7.6,22,53.3,47.2,40.3,48.2,23.4,34.6,47.5,22,26.3,37.4,11.2,45,45,,,,,,22.2204,114.2127
2026-09-13T03:00,26.7,26.3,26.1,27.4,26.9,26.1,28,27.1,26.2,26.3,25.8,26,26.5,26.2,26.5,26.2,26.1,26.3,26,25.8,26.6,27.5,27,26.4,27.4,27.3,26.4,26.4,26.7,26.1,27.6,26.2,25.5,26.4,27.1,26.8,27.5,26.2,27.3,27.1,86,91,92,74,84,91,79,84,83,93,87,77,92,89,88,89,97,91,94,91,89,86,90,91,83,88,91,88,88,92,85,88,92,91,84,85,84,93,87,81,0.1,0.5,1,0,0,0.5,0,0,0,1.4,2,0,2.6,0.2,0.1,0.4,1.7,1,15.7,0.2,0.5,0.1,0.6,1.4,0,0,1.8,0.1,0,1.1,2.1,0.7,0.3,0,0,0.2,0,0.7,0,0,11,11.4,9.4,5.1,10.2,12.7,3.1,10.4,4.4,18.5,7.1,11.2,8.4,13,5.4,9.6,5.8,10.9,2,15.8,9.6,3.9,12.3,10.9,13.6,8.9,11.5,14.8,7.2,12.9,11.6,10.1,14.9,5.8,9.4,6.7,8.8,4.3,14.7,4.2,,,,,,,,,,,,,,,,,,,,,,,,,,,,,,,,,,,,,,,,,27.6,27.4,28.1,26.8,26.6,27.4,27.6,27.9,27.7,26.6,27.7,27.9,27.8,27.2,27.4,27.8,26.9,27.3,27.5,27.1,26.9,27.1,27.3,27.4,27.5,27.5,26.6,27.6,27.8,27.4,26.9,79,76,73,84,81,79,80,81,80,81,81,79,77,80,71,80,71,76,80,79,82,83,75,77,79,71,78,80,68,79,78,0.7,0,0,1.2,3.2,0,0.3,0.1,0.3,0.1,1.1,2.6,0.2,2,0,0.8,0,0,0.2,0,0,1.8,0,0,1.9,0,0.2,0.1,0,1.8,0,40.6,37.2,17.3,34.8,12.2,33.4,35.7,26.7,32.9,21.9,45.5,33.7,33.1,39,20,36.1,6.5,17,42.1,36.6,32.9,37,20.3,26.3,36,15.1,20.2,28.2,7.7,34,34.9,51.1,49,22.3,43.6,27,43.2,46.4,36.7,45,25.2,60.8,45.7,54,48.2,25.6,46.4,7.6,20.2,52.9,47.2,40.3,45.4,24.8,34.9,47.5,21.2,25.2,34.6,11.9,43.6,44.6,,,,,,22.2204,114.2127
2026-09-13T04:00,26.7,26.2,26,27.2,26.9,26.1,28,27.2,26.3,26.2,25.8,25.9,26.4,26.1,26.4,26.2,26.2,26.3,25.7,25.8,26.5,27.5,27,26.3,27.1,27.3,26.4,26.4,26.7,26.1,27.5,26.2,25.5,26.5,27.1,26.8,27.5,26.1,27.3,27.2,87,91,92,75,83,91,78,84,83,93,89,77,92,89,87,89,97,91,96,91,89,86,91,92,83,88,92,87,88,92,86,88,93,91,84,85,83,93,86,81,0.1,0.5,1,0,0,0.5,0,0,0,1.4,2,0,2.6,0.2,0.1,0.4,1.7,1,15.7,0.2,0.5,0.1,0.6,1.4,0,0,1.8,0.1,0,1.1,2.1,0.7,0.3,0,0,0.2,0,0.7,0,0,10.7,10.7,9.5,5.1,10.2,12.1,2.9,9.2,4.1,18.4,8,13.1,8,12.3,5.2,9.6,5.8,10.9,2.3,15.8,9.3,3.3,12,10.4,12.6,8.7,11.2,15.5,6.1,12.4,11.5,10.1,14.5,6,10,6.7,8.2,4.4,14,4.1,,,,,,,,,,,,,,,,,,,,,,,,,,,,,,,,,,,,,,,,,27.5,27.3,27.9,26.8,25.6,27.3,27.6,27.7,27.6,26.5,27.6,27.8,27.7,27.2,27.1,27.7,26.9,27.3,27.2,27.1,26.8,27,27.1,27.3,27.4,27.3,26.5,27.5,27.7,27.4,26.7,80,75,73,84,87,79,81,81,81,80,81,79,76,80,71,80,72,75,81,77,82,83,74,76,80,71,75,80,68,80,78,0.7,0,0,1.2,3.2,0,0.3,0.1,0.3,0.1,1.1,2.6,0.2,2,0,0.8,0,0,0.2,0,0,1.8,0,0,1.9,0,0.2,0.1,0,1.8,0,39,34.6,18.3,33.1,4.5,32.7,34.8,25.2,33.8,21.1,46.5,31.4,32.8,39.4,20.2,36.2,7.5,14.3,42.1,33.3,33.2,34.5,19.5,24.7,36.7,15.2,17.5,25.3,9.4,33,34.3,48.6,47.2,23,41.4,19.1,41.8,45.7,34.9,45,24.1,60.5,42.1,52.9,49,26.6,46.1,8.3,18.7,51.8,46.1,40.7,41.8,26.6,36,47.5,19.8,23.4,29.9,13,41.8,43.6,,,,,,22.2204,114.2127
2026-09-13T05:00,26.7,26.2,26,27,26.9,26.2,28,27.3,26.5,26.2,25.8,25.8,26.2,26.1,26.5,26.2,26.4,26.2,25.4,25.7,26.6,27.6,26.9,26.3,26.9,27.3,26.5,26.4,26.7,26.1,27.3,26.2,25.5,26.6,27,26.8,27.6,26.1,27.4,27.3,87,92,92,75,83,91,77,82,82,93,90,78,92,89,86,89,96,91,97,91,89,85,91,92,83,86,92,87,87,91,86,88,93,90,83,84,83,94,85,81,0.1,0.5,1,0,0,0.5,0,0,0,1.4,2,0,2.6,0.2,0.1,0.4,1.7,1,15.7,0.2,0.5,0.1,0.6,1.4,0,0,1.8,0.1,0,1.1,2.1,0.7,0.3,0,0,0.2,0,0.7,0,0,10,9.9,9.2,5.2,10,11.5,3.1,8.3,4,18,9,15.2,7.9,11.6,5,9.4,6.3,10.7,2.6,15.5,9.2,2.3,11.6,10.1,11.3,8.3,11.2,16.1,4.8,11.8,11.2,9.8,14.1,6.1,10.7,6.8,7.9,4.9,12.9,4.3,,,,,,,,,,,,,,,,,,,,,,,,,,,,,,,,,,,,,,,,,27.4,27.2,27.8,26.9,25,27.2,27.6,27.7,27.5,26.5,27.5,27.7,27.7,27.1,27,27.7,26.9,27.4,27.1,27.1,26.8,26.9,27.1,27.3,27.2,27.1,26.4,27.5,27.6,27.4,26.7,80,75,73,83,91,79,81,81,81,79,82,79,76,80,71,80,72,74,82,76,81,84,74,75,81,71,72,79,67,80,78,0.7,0,0,1.2,3.2,0,0.3,0.1,0.3,0.1,1.1,2.6,0.2,2,0,0.8,0,0,0.2,0,0,1.8,0,0,1.9,0,0.2,0.1,0,1.8,0,37.7,32.4,19.1,32.4,2.1,31.7,34.4,23.6,35.1,20.2,47.8,29.2,33.1,38.8,21.1,35.9,8.9,13.9,41.7,30.9,33.4,31.8,19.5,23.2,37.2,15.5,17,22.4,11.2,32.1,33.4,46.8,45.7,24.5,40.7,14.8,40,45,33.5,45.7,23,60.8,38.9,52.6,48.6,28.4,45.7,9.4,18.4,50.4,45,40.7,38.5,27.7,36.4,47.5,19.4,22.3,25.9,14.8,40.3,41.8,,,,,,22.2204,114.2127
2026-09-13T06:00,26.7,26.1,26,27,27,26.2,28.1,27.5,26.7,26.2,25.9,25.7,26.2,26.1,26.5,26.2,26.5,26.2,25.1,25.8,26.6,27.7,26.9,26.2,26.7,27.3,26.5,26.4,26.8,26.2,27.2,26.2,25.5,26.7,27,26.9,27.6,26,27.4,27.5,86,91,91,75,82,91,75,81,82,93,91,79,91,89,84,89,96,90,98,91,88,84,90,92,83,85,92,87,86,91,86,88,92,90,83,84,82,94,84,80,0.1,0.5,1,0,0,0.5,0,0,0,1.4,2,0,2.6,0.2,0.1,0.4,1.7,1,15.7,0.2,0.5,0.1,0.6,1.4,0,0,1.8,0.1,0,1.1,2.1,0.7,0.3,0,0,0.2,0,0.7,0,0,9.6,9.2,9.3,5.5,9.8,11,3.3,7.6,3.9,17.6,10,17.3,8.3,10.9,4.7,9.5,6.9,10.7,2.7,15.2,8.7,2.2,10.8,9.7,10.5,7.9,10.9,16.3,4.2,11.1,10.6,9.8,13.7,6.1,11.5,6.5,7.3,5,11.5,4.3,,,,,,,,,,,,,,,,,,,,,,,,,,,,,,,,,,,,,,,,,27.4,27,27.7,26.9,25.2,27.2,27.6,27.7,27.5,26.6,27.5,27.7,27.6,27.1,26.8,27.7,26.9,27.4,27,27.1,26.9,26.6,27,27.2,27.1,27,26.5,27.5,27.4,27.3,26.7,80,75,73,82,90,78,81,80,81,77,82,79,76,80,71,80,71,73,82,75,80,86,74,74,82,71,70,78,67,80,77,0.1,0,0,0.3,0.3,0.1,0,0.1,0.1,0,1.8,2.1,0,2.2,0,0.9,0,0,1.4,0,0,1.5,0,0,1.9,0,0,0,0,1.1,0,37.2,32.1,20,33.8,3.2,30.1,34.7,22.7,36.7,18.1,50.1,27.3,34.5,36.1,22.9,35.1,10.5,15.5,40.1,30.1,33.6,30.2,19.8,22.2,37.2,16.2,17.4,18.6,13.5,31.2,30.9,46.4,45.7,26.3,42.1,16.6,38.5,45.4,33.1,46.8,22,63,36.4,53.3,45.7,32,45,10.8,20.2,49.3,43.9,40.7,36.4,28.1,35.6,47.5,20.5,22.3,23,16.9,39.2,38.9,,,,,,22.2204,114.2127
2026-09-13T07:00,26.8,26.2,26.1,27,27.1,26.4,28.1,27.7,27,26.2,26,25.6,26.2,26.1,26.7,26.3,26.7,26.3,25,25.8,26.7,27.9,27,26.3,26.7,27.4,26.6,26.5,27,26.3,27.1,26.3,25.5,26.9,27.1,27,27.7,26.1,27.6,27.6,86,91,91,75,80,90,74,80,81,93,92,81,91,89,83,89,95,90,98,91,87,83,89,92,82,83,92,87,85,90,86,87,92,88,82,83,81,94,83,80,0.1,0.5,1,0,0,0.5,0,0,0,1.4,2,0,2.6,0.2,0.1,0.4,1.7,1,15.7,0.2,0.5,0.1,0.6,1.4,0,0,1.8,0.1,0,1.1,2.1,0.7,0.3,0,0,0.2,0,0.7,0,0,9.1,8.8,8.9,5.4,9.5,10.8,3.7,7.2,4.4,17,11.3,18.8,8.3,10.2,5,9.5,7.2,10.8,2.6,15.3,8.2,2.3,10.5,9.5,9.5,7.4,10.9,17.1,4.1,10.6,10.1,9.8,13.3,6.4,12.2,6.6,7.1,5.2,10.8,4.6,,,,,,,,,,,,,,,,,,,,,,,,,,,,,,,,,,,,,,,,,27.5,26.9,27.6,26.9,25.9,27.3,27.6,27.7,27.6,26.7,27.4,27.8,27.6,27,26.8,27.7,27,27.4,27,27.2,27,26.3,27,27.2,26.9,27,26.6,27.7,27.1,27.2,26.9,79,75,73,81,87,77,80,78,81,74,83,78,76,80,71,79,70,72,82,75,79,88,73,73,83,70,69,76,67,80,75,0.1,0,0,0.3,0.3,0.1,0,0.1,0.1,0,1.8,2.1,0,2.2,0,0.9,0,0,1.4,0,0,1.5,0,0,1.9,0,0,0,0,1.1,0,36.6,32.7,21,35.8,12.7,28.3,35.5,21.8,38.5,15.8,52.8,25.7,36.3,32.4,25.7,34.1,12.4,17.8,38,29.8,34.1,29,20.1,21.8,36.7,17.3,18.3,15.4,15.9,30,28.3,46.4,46.1,28.4,44.6,21.6,36.7,46.1,32.8,48.2,20.9,65.5,34.2,54.4,41.4,36.7,43.9,13,23,47.9,42.5,41,34.9,27.4,34.6,47.2,22.7,23,20.5,19.4,38.5,35.3,,,,,,22.2204,114.2127
2026-09-13T08:00,27,26.3,26.2,27.2,27.4,26.6,28.3,28,27.3,26.2,26,25.6,26.3,26.2,27,26.5,26.9,26.4,25,25.9,26.7,28.3,27.2,26.4,26.9,27.7,26.7,26.6,27.4,26.4,27.1,26.4,25.5,27.2,27.1,27.1,27.8,26.2,27.9,27.8,85,90,90,74,79,89,73,78,79,93,93,82,90,88,81,88,94,89,98,90,87,81,88,91,81,81,92,87,83,89,86,87,92,87,82,83,80,93,81,79,0.1,0.5,1,0,0,0.5,0,0,0,1.4,2,0,2.6,0.2,0.1,0.4,1.7,1,15.7,0.2,0.5,0.1,0.6,1.4,0,0,1.8,0.1,0,1.1,2.1,0.7,0.3,0,0,0.2,0,0.7,0,0,9,8.8,8.9,5.8,9.8,10.8,3.8,7.3,4.9,16.7,12.1,19.3,8.7,9.8,5,9.8,7.6,10.8,2.5,15.3,8.2,2.2,10.4,9.5,9.2,7.2,10.7,17.4,4.4,10.5,9.6,10.1,13,6.8,12.5,7,7.1,5.3,10.4,4.8,,,,,,,,,,,,,,,,,,,,,,,,,,,,,,,,,,,,,,,,,27.6,26.9,27.8,27,26.4,27.5,27.7,27.8,27.7,27,27.4,28,27.7,27,26.8,27.9,27.1,27.4,27.1,27.3,27.1,26.1,27.1,27.3,26.8,27.1,26.9,27.9,27,27.3,27.1,79,75,72,80,85,76,80,76,80,72,83,77,76,80,71,78,69,71,81,75,78,89,73,72,84,70,68,74,67,80,74,0.1,0,0,0.3,0.3,0.1,0,0.1,0.1,0,1.8,2.1,0,2.2,0,0.9,0,0,1.4,0,0,1.5,0,0,1.9,0,0,0,0,1.1,0,36.4,32.9,22,37.8,18.6,26.8,36.1,21.8,39.7,15,53.2,24.2,37.3,29.1,27.2,33.5,13.8,19.7,36.6,29.9,33.7,26.6,20.5,22,36.2,17.8,18.9,14.6,18,29.3,26.5,46.8,46.4,30.2,46.8,26.3,34.9,46.8,32.8,49.7,20.2,65.9,33.1,54.4,37.8,40,43.6,14.8,25.6,46.8,41.4,40.3,33.5,27,33.8,46.8,23.8,23.8,19.8,21.6,37.8,32.8,,,,,,22.2204,114.2127
2026-09-13T09:00,27.3,26.6,26.4,27.7,27.9,27,28.5,28.4,27.9,26.2,26.1,25.5,26.6,26.5,27.5,26.8,27.1,26.6,25.3,26.1,26.8,28.8,27.7,26.7,27.4,28.2,26.7,26.8,28,26.7,27.1,26.6,25.6,27.7,27.3,27.2,28,26.5,28.4,28.1,84,89,89,72,77,87,72,76,76,93,93,84,89,87,79,87,93,88,97,89,87,78,86,90,78,78,92,87,80,88,86,86,92,85,81,83,79,91,78,78,0.1,0.3,0.3,0,0,0.6,0.1,0,0,1.3,1.2,4.1,0.7,0.3,0.1,0.2,0.9,0.3,2.2,0.2,1.2,0,0.2,0.5,0,0,0.9,0.7,0,0.4,1.2,0.5,0.5,0,0.5,0.5,0.3,0.8,0,0.7,9.5,9.1,8.8,6.3,10.3,11.4,4.2,8,6.1,16.3,12.7,18.4,9.1,10.1,5.1,10.4,7.6,11.2,2.2,15.6,7.9,2.4,10.7,9.7,9.5,7.1,10.4,17.8,4.9,10.5,9.2,10.7,13,7.3,13.2,7.4,7.4,5,10.7,5.4,,,,,,,,,,,,,,,,,,,,,,,,,,,,,,,,,,,,,,,,,27.7,27.1,28.2,27.2,26.3,27.8,27.9,28,27.8,27.4,27.5,28.2,27.9,27,27.1,28.1,27.2,27.6,27.3,27.5,27.4,26,27.4,27.6,26.8,27.3,27.2,28.2,27.3,27.5,27.4,78,74,71,80,88,74,79,75,79,70,83,76,75,79,71,77,68,70,80,74,77,89,72,71,83,69,68,72,66,79,73,0.1,0,0,0.1,8.1,0,0.1,0,0.1,0,2.1,0.8,0,0.7,0,0.8,0,0,1,0,0,2.4,0,0,1.3,0,0,0,0,1.4,0,36.7,32.3,22.7,39,18,25.2,36.6,21.8,40.9,15.3,49.4,23.7,36.5,27.1,27.6,32.8,14.2,20.8,36.7,30.5,32.1,22.7,20.9,22.3,35.2,17.5,19.2,16.6,19,28.7,25.7,46.8,46.1,31.3,47.5,29.2,32.8,47.2,32.4,50.8,19.8,60.8,33.8,52.6,35.3,41,43.6,16.2,26.3,46.1,40.7,38.5,32.8,26.3,34.2,45.7,23,25.2,22,23,37.1,32,,,,,,22.2204,114.2127
2026-09-13T10:00,27.8,27.1,26.8,28.6,28.6,27.6,28.9,29.1,28.7,26.3,26.2,25.6,27,26.8,28.2,27.3,27.4,27,25.9,26.5,26.9,29.6,28.3,27.2,28.2,28.9,26.8,27.1,28.8,27.1,27.2,27,25.8,28.3,27.5,27.3,28.3,27,29.1,28.5,81,86,87,69,74,85,71,73,72,93,93,87,87,86,75,84,91,86,94,87,87,75,82,87,74,75,91,86,75,87,86,85,91,82,81,83,79,89,75,77,0.1,0.3,0.3,0,0,0.6,0.1,0,0,1.3,1.2,4.1,0.7,0.3,0.1,0.2,0.9,0.3,2.2,0.2,1.2,0,0.2,0.5,0,0,0.9,0.7,0,0.4,1.2,0.5,0.5,0,0.5,0.5,0.3,0.8,0,0.7,10.5,10.2,9,7.6,11.7,12.3,5.4,8.9,8.1,15.7,13,16.9,10.1,10.4,6,11,7.7,11.8,2.3,16.3,8,4.2,11.7,10.4,10,7.2,10,18.5,5.5,11.1,8.7,11.8,13,8.6,13.6,8.1,7.8,4.5,11.6,6.4,,,,,,,,,,,,,,,,,,,,,,,,,,,,,,,,,,,,,,,,,27.9,27.5,28.8,27.5,26.1,28.3,28.1,28.2,28,27.9,27.5,28.5,28.3,27,27.5,28.4,27.4,27.9,27.5,27.7,27.6,26.1,27.8,28,27,27.7,27.5,28.5,27.7,27.7,27.7,78,72,70,79,92,71,79,74,78,68,83,74,74,79,71,76,67,70,78,73,75,88,72,70,82,68,68,71,65,77,72,0.1,0,0,0.1,8.1,0,0.1,0,0.1,0,2.1,0.8,0,0.7,0,0.8,0,0,1,0,0,2.4,0,0,1.3,0,0,0,0,1.4,0,37,31.6,24,39.8,17.1,23.7,37.4,22.1,41.6,16.4,43.5,23.8,34.7,25.9,27.9,32.5,14,21.6,37.2,31.4,29.7,21.1,21,23.2,34.2,16.8,19.4,20.1,19.7,28.5,26,46.8,45,32.4,47.5,31.7,30.2,47.5,31.7,51.8,19.8,53.6,35.3,50,33.5,41,43.9,16.9,26.3,45.4,40.7,36,32,25.9,35.6,44.6,21.6,27,26.3,23.8,36,32,,,,,,22.2204,114.2127
2026-09-13T11:00,28.4,27.6,27.2,29.5,29.4,28.3,29.4,29.7,29.5,26.3,26.3,25.6,27.5,27.2,29.1,27.8,27.7,27.3,26.5,26.8,27,30.5,29.1,27.7,29.1,29.8,26.9,27.5,29.8,27.5,27.4,27.3,26,29,27.8,27.4,28.6,27.5,29.9,28.9,79,84,86,66,71,82,69,70,68,93,92,90,85,85,72,82,90,85,91,85,87,71,78,85,70,71,91,85,70,85,87,84,90,79,80,83,78,86,71,75,0.1,0.3,0.3,0,0,0.6,0.1,0,0,1.3,1.2,4.1,0.7,0.3,0.1,0.2,0.9,0.3,2.2,0.2,1.2,0,0.2,0.5,0,0,0.9,0.7,0,0.4,1.2,0.5,0.5,0,0.5,0.5,0.3,0.8,0,0.7,11.5,11.3,9.4,9.5,12.8,13.6,6.6,10.2,10,15.4,13,15.2,10.8,11.5,6.9,11.9,7.7,12.5,2.7,16.6,8.4,7,12.6,10.9,11.2,7.6,9.8,19.5,7.1,11.6,8.3,12.8,13,9.5,14.2,9.2,8.3,4,13,8,,,,,,,,,,,,,,,,,,,,,,,,,,,,,,,,,,,,,,,,,28.1,27.9,29.3,27.7,26.1,28.7,28.3,28.5,28.1,28.3,27.4,28.8,28.6,27.1,28,28.7,27.6,28.2,27.8,28,27.9,26.3,28.2,28.4,27.2,28,27.9,28.8,28.1,28,27.9,77,71,69,79,94,69,78,73,77,67,84,73,73,78,71,75,67,69,77,73,74,87,71,70,81,68,68,70,64,75,71,0.1,0,0,0.1,8.1,0,0.1,0,0.1,0,2.1,0.8,0,0.7,0,0.8,0,0,1,0,0,2.4,0,0,1.3,0,0,0,0,1.4,0,37.2,30.6,25.3,40.3,19.2,22.5,37.9,22.8,42,17.1,39.1,24,33.2,25.1,28.4,32.5,14.2,22.5,37.4,31.8,27.4,22.9,20.8,24.2,33.6,15.9,19.7,22.3,20.3,27.6,25.8,46.4,44.3,32.8,47.5,33.5,28.1,47.9,31.7,52.6,19.8,48.6,36.4,47.5,32,41,44.3,18,26.6,44.6,40.3,33.8,31.3,24.8,36.4,43.6,20.5,28.1,29.2,24.8,34.9,32,,,,,,22.2204,114.2127
2026-09-13T12:00,28.9,28.1,27.7,30.4,30.1,28.9,29.8,30.4,30.3,26.4,26.4,25.6,28,27.6,29.9,28.3,27.9,27.7,27.2,27.2,27.1,31.3,29.8,28.2,30,30.6,27,27.9,30.7,27.9,27.5,27.7,26.2,29.7,28,27.6,28.9,28.1,30.6,29.2,77,82,84,64,68,79,68,67,64,92,92,92,83,83,69,80,88,83,88,84,88,67,75,82,66,68,90,84,65,84,87,83,90,75,79,83,78,84,68,74,0.1,0.3,0.3,0,0,0.6,0.1,0,0,1.3,1.2,4.1,0.7,0.3,0.1,0.2,0.9,0.3,2.2,0.2,1.2,0,0.2,0.5,0,0,0.9,0.7,0,0.4,1.2,0.5,0.5,0,0.5,0.5,0.3,0.8,0,0.7,12.6,12.4,9.8,11.5,14.5,14.5,8.6,11.7,12.1,14.7,13,14.6,11.5,12.3,8.2,12.8,7.7,13.1,4,17.3,8.4,10,13.7,11.9,12.1,7.9,9.4,20.4,8.5,11.8,8,13.8,13.1,10.9,14.6,10,9,3.4,14,9.3,,,,,,,,,,,,,,,,,,,,,,,,,,,,,,,,,,,,,,,,,28.3,28.4,29.7,27.9,26.5,29,28.4,28.7,28.3,28.4,27,28.9,28.8,27.2,28.5,28.8,27.8,28.6,28,28.1,28.2,26.6,28.5,28.7,27.3,28.2,28.4,29,28.3,28.1,28.2,76,70,69,79,91,68,78,72,77,67,87,73,73,77,71,75,67,68,76,73,73,85,71,70,81,68,68,70,65,74,71,0,0,0,0.1,2,0,0.1,0,0.1,0,14.3,1,0.1,0.1,0,0.3,0,0,0.1,0.1,0,0.7,0,0,1.4,0,0,0,0,1.7,0.1,36.7,29.1,25.9,40.2,21.6,21.1,38.5,23.7,42.2,16.4,38.2,23.7,32.3,23.7,28.3,34,15.1,23.7,35.8,31.2,24.8,22.9,19.9,24.5,33.8,15.4,19.9,22,21.1,25.3,25,46.1,42.8,32.8,47.9,34.2,27,48.6,32.8,52.6,19.4,48.2,35.6,45.4,31,41.8,45.4,18.7,27.7,43.6,40,31.7,29.2,23.4,36.4,43.6,20.2,27.7,29.5,25.9,32.8,31.3,,,,,,22.2204,114.2127
2026-09-13T13:00,29.3,28.5,28,31.1,30.7,29.4,30,30.8,30.9,26.4,26.5,25.6,28.5,27.9,30.4,28.8,28.1,28,27.8,27.5,27.2,31.9,30.3,28.6,30.8,31.1,27,28.1,31.3,28.2,27.7,28,26.4,30.2,28.2,27.6,29.1,28.5,31.1,29.5,75,80,83,62,66,77,68,65,62,92,91,95,82,82,67,78,87,82,85,82,88,64,72,80,63,66,90,84,61,83,87,82,89,73,79,83,78,81,66,73,0.1,0.3,0.3,0,0,0.6,0.1,0,0,1.3,1.2,4.1,0.7,0.3,0.1,0.2,0.9,0.3,2.2,0.2,1.2,0,0.2,0.5,0,0,0.9,0.7,0,0.4,1.2,0.5,0.5,0,0.5,0.5,0.3,0.8,0,0.7,13.4,13.5,10.2,12.5,15.5,15.2,9.8,12.7,13.8,14,13.1,15.2,12.3,13,9.5,13.5,7.3,13.4,4.7,17.7,8.6,12.1,14,12.6,12.7,8.3,9,21.4,10,12.3,8,14.5,12.7,11.5,14.6,10.7,9.3,2.6,15.2,10,,,,,,,,,,,,,,,,,,,,,,,,,,,,,,,,,,,,,,,,,28.4,29,30.1,28,27.1,29.2,28.5,28.9,28.4,28.5,26.4,29,29,27.5,29.1,28.8,28,29,28.3,28.2,28.5,27.1,28.9,29,27.4,28.3,28.9,29.1,28.5,28.3,28.4,76,70,69,78,86,69,78,72,77,68,92,73,74,76,71,75,67,66,75,74,72,82,71,71,81,69,67,70,66,74,71,0,0,0,0.1,2,0,0.1,0,0.1,0,14.3,1,0.1,0.1,0,0.3,0,0,0.1,0.1,0,0.7,0,0,1.4,0,0,0,0,1.7,0.1,36.1,27.9,25.7,40,23.8,20.3,39.7,24.5,42.4,15.1,39.2,23.6,32.2,22.4,28.5,36.3,16.6,24.8,33.5,30.8,22.3,22,18.4,24.3,35.1,15.3,19.4,20.6,22.4,22.9,24.5,45.7,41,32.4,47.9,33.8,26.3,49.3,33.8,52.6,19.1,50.4,33.8,43.6,30.2,42.8,46.4,19.4,29.2,42.1,39.2,29.5,26.6,22,36.4,44.3,19.8,26.3,29.2,27.4,30.2,31,,,,,,22.2204,114.2127
2026-09-13T14:00,29.5,28.7,28.2,31.5,30.9,29.6,30.1,31,31.1,26.4,26.6,25.6,28.7,28,30.6,29,28.2,28.2,28.1,27.6,27.3,32.2,30.6,28.8,31.1,31.4,27,28.3,31.6,28.4,27.7,28.1,26.4,30.4,28.2,27.7,29.2,28.8,31.3,29.5,75,79,82,61,65,76,68,65,61,92,91,96,81,82,67,77,86,81,84,82,88,63,71,79,62,65,90,84,60,82,87,82,89,72,79,83,78,80,65,73,0.1,0.3,0.3,0,0,0.6,0.1,0,0,1.3,1.2,4.1,0.7,0.3,0.1,0.2,0.9,0.3,2.2,0.2,1.2,0,0.2,0.5,0,0,0.9,0.7,0,0.4,1.2,0.5,0.5,0,0.5,0.5,0.3,0.8,0,0.7,13.8,13.5,10,13,15.8,15.5,10.4,12.9,14.5,13.3,13.3,16.2,12.3,13.1,10.1,13.8,7.3,13.4,5.1,17.7,8.6,13.6,14,12.6,12.9,8.4,8.7,22,10.8,12.2,7.9,14.4,12.4,11.5,14.1,10.7,9.3,2.3,15.2,10.2,,,,,,,,,,,,,,,,,,,,,,,,,,,,,,,,,,,,,,,,,28.5,29.3,30.2,28.1,27.5,29.3,28.5,29,28.4,28.5,26,29,29.2,27.7,29.4,28.8,28.1,29.3,28.5,28.3,28.7,27.3,29.1,29.2,27.6,28.4,29.2,29.2,28.6,28.4,28.5,76,70,69,78,83,69,78,72,77,68,95,74,74,76,72,75,68,65,75,75,71,81,71,71,81,70,67,71,67,74,71,0,0,0,0.1,2,0,0.1,0,0.1,0,14.3,1,0.1,0.1,0,0.3,0,0,0.1,0.1,0,0.7,0,0,1.4,0,0,0,0,1.7,0.1,35.5,28.3,25.6,39.3,26.1,20.5,40.4,25,42.3,14.5,40.5,23.8,33,22.1,30.3,36.9,17.8,24.3,32,30.9,20.9,21.6,17.4,25,35,15.3,19.2,20.2,23.7,22,24.6,45.4,41.4,32.4,47.9,34.2,25.9,49.7,34.2,52.2,18.4,52.6,32.8,43.2,30.2,44.6,46.8,20.2,28.8,41,39.2,28.1,25.6,20.9,37.1,43.9,19.4,24.8,28.8,28.1,29.2,31,,,,,,22.2204,114.2127
2026-09-13T15:00,27.1,26.8,26.6,28.4,27.5,27.5,28,28.1,27.4,26.2,26,25.1,26.9,26.8,26.5,27.7,27.1,27.1,25.9,26,26.8,29,27.8,26.9,27.8,27.7,26.2,26.9,27.7,27,27.2,26.5,25.4,28,26.9,27,27.5,27.6,27.6,27.5,87,89,90,77,82,87,79,83,83,92,95,89,88,87,89,85,91,84,93,91,88,82,87,90,82,84,93,88,84,87,87,91,94,84,86,86,85,88,84,83,0,0.2,0.2,0,0,0,0.4,0.1,0,0.8,3.6,3.4,0.3,0,3.4,0,0.1,0,1.1,0.3,1,0.1,0.2,0.1,0,1.3,1,0.8,0,0.1,1.7,1.3,1.2,0,0.2,0.2,2.3,0.3,0,1.1,8,7.3,5.9,2.5,7.7,8,3.5,4.2,4.2,11.6,12.6,18.2,6.9,9,6.5,9.5,6.5,7.2,2.5,13,7.6,3.9,7,6.6,7.3,6.5,7.3,17.4,5.6,9.3,7,8.2,8.8,3.9,7.5,6.5,5.5,2.6,7.6,3.1,,,,,,,,,,,,,,,,,,,,,,,,,,,,,,,,,,,,,,,,,28.4,29.1,30,28.1,27.3,29.2,28.5,28.9,28.4,28.6,25.6,28.8,29.2,27.9,29.1,28.7,28.1,29.4,28.5,28.4,28.7,26.9,29.2,29.3,27.7,28.6,29,29.2,28.8,28.4,28.5,77,71,70,78,84,70,78,72,78,68,96,75,74,76,74,76,69,65,76,75,71,83,71,71,81,70,68,72,67,74,72,0,0.2,0.7,0.2,1.5,0,0.2,0,0.4,0,17.7,0.4,1.2,0,0.7,0.1,0,0,0,0.3,0,2.1,0,1,0.6,0,0,0,0,0.5,1,34.6,32.2,25.5,38.5,28.2,21.2,40,24.4,42,14.2,42.4,24.9,35,23.7,34.6,35.1,18.3,21.3,31.6,31.4,21,23.2,16.6,27.2,33.3,14.7,18.5,20.6,23.7,23,25.5,44.6,45,32.8,47.5,35.6,25.9,49,32.4,51.8,17.6,54,32.4,45.4,31.7,48.2,45.4,20.5,25.6,40.7,39.6,27.4,28.1,20.2,39.2,42.1,18.4,23.4,28.8,28.1,30.2,32.4,,,,,,22.2204,114.2127
2026-09-13T16:00,27.1,26.9,26.7,28.6,27.6,27.6,28,28.1,27.4,26.2,26.1,25.1,27,26.9,26.4,27.9,27.1,27.2,26.2,26,26.8,29.1,27.9,27,27.9,27.7,26.2,26.9,27.8,27.1,27.3,26.6,25.4,28.1,26.9,27,27.4,27.8,27.6,27.4,87,89,90,78,83,86,80,84,83,92,95,90,88,87,90,85,91,83,92,91,88,82,87,89,82,85,94,89,84,87,87,91,94,84,86,86,86,87,85,84,0,0.2,0.2,0,0,0,0.4,0.1,0,0.8,3.6,3.4,0.3,0,3.4,0,0.1,0,1.1,0.3,1,0.1,0.2,0.1,0,1.3,1,0.8,0,0.1,1.7,1.3,1.2,0,0.2,0.2,2.3,0.3,0,1.1,7.6,7,5.6,2.3,7.6,7.6,4,3.9,4.1,10.5,12.6,18.4,6.9,8.6,6.5,9.4,6.1,6.5,2.5,12.3,7.6,4.5,6.6,6.1,6.8,6.5,6.5,17.4,6.5,9.3,6.5,7.9,8.1,3.4,6.4,6,5,2.5,6.8,2.6,,,,,,,,,,,,,,,,,,,,,,,,,,,,,,,,,,,,,,,,,28.3,28.8,29.7,28.1,26.9,29.1,28.4,28.8,28.2,28.7,25.4,28.6,29.2,28,28.5,28.5,28.1,29.4,28.4,28.4,28.6,26.2,29.1,29.4,27.9,28.7,28.5,29.2,28.9,28.4,28.4,78,73,72,78,87,71,79,73,78,68,96,77,74,77,76,78,69,66,77,76,72,87,71,72,81,70,70,73,68,75,74,0,0.2,0.7,0.2,1.5,0,0.2,0,0.4,0,17.7,0.4,1.2,0,0.7,0.1,0,0,0,0.3,0,2.1,0,1,0.6,0,0,0,0,0.5,1,33.4,38.7,25.8,37.9,30.4,21.8,38.5,22.7,41.9,14.1,44.8,25.8,37.9,26.8,40.8,32.6,18.1,17,31.4,32.5,22,26.3,16.2,30.1,31,13.9,18.1,21.9,23.2,25,27,43.6,50,33.1,46.4,37.8,26.3,47.9,29.9,51.5,16.9,55.4,32.4,48.6,33.8,52.2,43.2,20.9,20.9,40.7,40.7,27.4,32.4,20.2,42.5,39.2,16.9,22.3,29.2,27.7,32.4,34.6,,,,,,22.2204,114.2127
2026-09-13T17:00,27.1,27,26.8,28.8,27.6,27.7,27.9,28.1,27.4,26.2,26.1,25.1,27.1,27,26.3,28,27.1,27.4,26.4,26.1,26.8,29.2,28,27.1,28.1,27.7,26.1,27,27.9,27.2,27.4,26.6,25.4,28.1,26.9,27,27.3,28,27.5,27.4,88,89,90,78,83,86,81,85,84,92,94,91,87,87,92,84,90,82,91,91,87,82,86,89,82,85,94,89,85,87,87,91,94,83,87,87,87,86,85,85,0,0.2,0.2,0,0,0,0.4,0.1,0,0.8,3.6,3.4,0.3,0,3.4,0,0.1,0,1.1,0.3,1,0.1,0.2,0.1,0,1.3,1,0.8,0,0.1,1.7,1.3,1.2,0,0.2,0.2,2.3,0.3,0,1.1,7.4,6.6,4.9,1.9,7.2,7.6,4.3,3.7,4,9.7,12.3,18.7,6.6,8.6,6.6,9.4,6.1,5.8,2.5,11.9,7.4,5.2,5.9,5.8,6.8,6.2,6.1,17.4,7.2,8.8,6.3,7.4,7.9,3,5.6,6,4.7,2.5,6.5,2.1,,,,,,,,,,,,,,,,,,,,,,,,,,,,,,,,,,,,,,,,,28.2,28.4,29.3,28,26.6,28.9,28.3,28.7,28.1,28.7,25.4,28.4,29.1,28.1,28.1,28.4,28.1,29.4,28.3,28.4,28.4,25.6,29,29.3,27.9,28.7,28.2,29.1,28.9,28.4,28.2,79,74,74,78,89,72,80,74,79,68,95,78,74,77,78,79,70,67,78,76,73,90,72,72,81,70,72,74,68,76,75,0,0.2,0.7,0.2,1.5,0,0.2,0,0.4,0,17.7,0.4,1.2,0,0.7,0.1,0,0,0,0.3,0,2.1,0,1,0.6,0,0,0,0,0.5,1,33,44,26.9,36.7,31.2,22,37.4,21.7,41.8,14.4,45.5,26.2,39,28.6,45.1,30.7,17.7,13.5,30.6,32.4,22.7,28.4,16.6,32.7,28.8,13.5,17.8,23.6,22.2,26.2,28.3,43.2,54.7,34.2,45.7,38.5,26.3,46.8,27.7,51.1,16.6,57.2,32.4,50.4,35.6,55.8,41.4,20.5,17.6,40.3,41,27.7,34.9,20.2,45,36.7,16.6,21.6,30.2,27.4,33.8,36.7,,,,,,22.2204,114.2127
2026-09-13T18:00,27.2,27.1,26.9,29,27.6,27.8,27.9,28.1,27.4,26.2,26.1,25,27.2,27.1,26.3,28.2,27.2,27.4,26.6,26.1,26.9,29.2,28.1,27.2,28.2,27.7,26,27,27.9,27.3,27.4,26.6,25.4,28.2,26.9,27,27.3,28.2,27.5,27.3,88,88,89,79,83,85,82,85,84,91,94,92,87,87,93,84,90,82,90,90,87,82,86,88,82,85,94,90,85,86,87,92,94,83,87,87,88,85,86,85,0,0.2,0.2,0,0,0,0.4,0.1,0,0.8,3.6,3.4,0.3,0,3.4,0,0.1,0,1.1,0.3,1,0.1,0.2,0.1,0,1.3,1,0.8,0,0.1,1.7,1.3,1.2,0,0.2,0.2,2.3,0.3,0,1.1,7.5,6.3,4.6,1.6,7.2,7.2,4.3,3.6,4,8.6,12.3,19.1,6.6,8.6,6.6,9,5.8,5.5,2.5,11.5,7.1,5.8,5.6,5.4,6.9,6.3,5.4,17.7,7.9,8.4,5.9,7.4,7.3,2.5,4.9,5.6,4.7,2.6,6.2,1.8,,,,,,,,,,,,,,,,,,,,,,,,,,,,,,,,,,,,,,,,,28.1,28.2,29.1,27.9,26.4,28.7,28.1,28.5,28,28.6,25.7,28.3,28.9,28.1,27.9,28.4,28.1,29.2,28.1,28.3,28.2,25.3,28.8,29.1,27.8,28.5,28.2,28.8,28.7,28.3,28.1,79,75,75,78,90,74,81,76,80,70,94,79,75,77,79,79,71,68,79,77,75,91,74,73,82,71,73,76,69,77,75,1,0.7,0.3,0.5,2.1,0,0.6,0,0.3,0,14.8,0.1,1.1,0.3,0.1,0.7,0,0,0.3,1.1,0,14,0.5,1.8,0.2,0,0.5,0,0,1.2,1.3,33.3,46.2,27.1,35.3,29.6,20.7,36.7,20.4,41.4,14.3,45.2,25.3,37.5,27.5,47.3,30,16.9,12.6,28.7,31.4,23.4,26.5,16.6,34.7,27,13.9,17,25.2,21.1,25.5,29.3,43.9,57.6,35.3,44.6,36.7,25.9,46.4,25.9,51.5,16.9,60.1,32,49.7,36,57.6,41,19.4,16.6,38.5,41,28.8,34.6,20.2,46.8,35.3,17.3,22.3,33.5,26.6,33.1,38.2,,,,,,22.2204,114.2127
2026-09-13T19:00,27.2,27.2,27,29.1,27.6,27.9,27.9,28.1,27.4,26.3,26.1,25,27.3,27.2,26.2,28.3,27.2,27.5,26.8,26.1,26.9,29.3,28.2,27.2,28.3,27.7,25.9,27,27.9,27.3,27.5,26.7,25.4,28.2,26.9,27,27.2,28.3,27.5,27.3,88,88,89,79,84,85,83,86,85,91,94,92,87,87,93,83,89,81,90,90,87,82,86,88,83,86,94,90,85,86,87,92,94,83,87,87,89,84,86,86,0,0.2,0.2,0,0,0,0.4,0.1,0,0.8,3.6,3.4,0.3,0,3.4,0,0.1,0,1.1,0.3,1,0.1,0.2,0.1,0,1.3,1,0.8,0,0.1,1.7,1.3,1.2,0,0.2,0.2,2.3,0.3,0,1.1,7.3,5.9,4.2,1.5,6.8,7.2,4.7,3.3,4,7.9,12.4,19.2,6.3,8.7,6.4,9,5.8,5.2,2.5,11.5,7.1,6.2,4.9,5.1,6.6,6,5,17.4,8.3,8.4,5.4,7,6.6,2.2,4.1,5.6,4.2,3.1,5.9,1.6,,,,,,,,,,,,,,,,,,,,,,,,,,,,,,,,,,,,,,,,,28,28.1,28.9,27.8,26.4,28.4,28,28.3,27.9,28.3,26.3,28.2,28.7,28,27.8,28.4,28,28.9,28,28.1,27.9,25.2,28.4,28.8,27.7,28.2,28.3,28.5,28.5,28.1,28,79,76,76,79,91,76,82,78,80,73,92,80,77,78,80,79,72,70,80,78,77,92,77,74,84,73,74,79,70,78,76,1,0.7,0.3,0.5,2.1,0,0.6,0,0.3,0,14.8,0.1,1.1,0.3,0.1,0.7,0,0,0.3,1.1,0,14,0.5,1.8,0.2,0,0.5,0,0,1.2,1.3,34,47,27.2,33.5,27.1,18.8,36,19.2,40.7,14.1,48.6,23.6,35,25,48.6,30.1,15.9,12.9,25.7,29.4,23.8,24.2,16.4,36.4,25.2,14.9,16.9,27,20.4,24,30.3,45,60.1,36.7,43.6,33.5,25.2,46.1,24.8,51.8,17.3,63.4,31.3,47.5,36,59,41,18,16.6,36,40.3,30.2,32,20.5,48.2,33.8,18.7,23.4,37.4,25.9,32,39.2,,,,,,22.2204,114.2127
2026-09-13T20:00,27.2,27.3,27,29.2,27.6,27.9,27.9,28.1,27.4,26.3,26.2,24.9,27.4,27.2,26.2,28.4,27.2,27.6,26.9,26.2,27,29.3,28.2,27.3,28.4,27.7,25.9,27,28,27.4,27.5,26.7,25.4,28.2,26.9,27.1,27.2,28.4,27.4,27.2,88,88,89,79,84,85,83,86,85,91,94,93,87,87,94,83,89,81,89,90,87,82,86,88,83,86,94,90,85,86,87,92,94,83,87,87,89,84,86,86,0,0.2,0.2,0,0,0,0.4,0.1,0,0.8,3.6,3.4,0.3,0,3.4,0,0.1,0,1.1,0.3,1,0.1,0.2,0.1,0,1.3,1,0.8,0,0.1,1.7,1.3,1.2,0,0.2,0.2,2.3,0.3,0,1.1,7,5.6,3.9,1.5,6.8,6.8,4.7,3.3,4,7.2,12.4,19.5,5.9,8.3,6.5,8.6,5.4,4.9,2.5,11.2,6.9,6.5,4.6,5.1,6.2,6.1,4.7,17.7,8.3,8,5.1,7,6.4,1.8,3.8,5.6,3.9,3.2,5.9,1.3,,,,,,,,,,,,,,,,,,,,,,,,,,,,,,,,,,,,,,,,,27.9,28,28.8,27.8,26.4,28.2,27.8,28.2,27.8,28.1,26.7,28.1,28.5,27.9,27.8,28.3,28,28.7,27.9,28,27.6,25.1,28.1,28.6,27.6,28,28.4,28.2,28.2,28,27.8,79,77,77,79,91,78,83,80,81,75,91,81,78,78,80,80,73,71,81,79,79,92,79,75,85,74,74,81,71,78,76,1,0.7,0.3,0.5,2.1,0,0.6,0,0.3,0,14.8,0.1,1.1,0.3,0.1,0.7,0,0,0.3,1.1,0,14,0.5,1.8,0.2,0,0.5,0,0,1.2,1.3,34.7,47.6,28.3,31.8,26.1,17.3,34.9,19.5,40,14,52.1,22.3,33.1,24.5,49.2,30.2,14.8,13.6,24.2,28.6,24.1,21.8,17.2,37.7,24.2,15.6,17.8,28.1,19.1,23.3,31.4,46.1,61.6,39.6,42.5,32,24.8,45.4,25.9,51.5,18,64.1,31,45.4,36.7,59.8,41,17.3,17.3,34.9,40.3,31,28.8,22,49.7,33.1,20.5,24.8,40.7,24.8,31.3,40.3,,,,,,22.2204,114.2127
2026-09-13T21:00,27.2,27.3,27.1,29.2,27.6,27.9,27.9,28.1,27.4,26.4,26.2,24.9,27.4,27.2,26.1,28.4,27.2,27.6,26.9,26.2,27,29.3,28.2,27.3,28.4,27.6,25.8,27,28,27.4,27.6,26.8,25.4,28.1,27,27.1,27.2,28.5,27.4,27.2,88,88,89,79,84,85,83,86,85,91,94,93,87,87,94,83,89,81,89,90,87,82,86,88,83,86,94,90,85,86,87,92,94,83,87,87,89,84,86,86,0,0,0,0,0.1,1.6,0,0,0,0,3.6,4.9,0.1,0.8,0.9,0.4,0,0,0,0.9,0,0,0,0.1,0,0,0.7,0.8,0,0,0.1,0.5,0.1,0.5,0,0.3,0.1,0,0,0,6.6,5.2,3.5,1.8,6.8,6.8,4.7,2.9,4,6.5,12.4,19.5,5.6,8,6.4,8.3,5.1,4.6,2.5,11.2,6.6,6.5,4.2,5.1,5.9,6.3,4.3,17.9,8.3,7.6,4.7,7,6.3,1.5,3.4,5.6,3.5,3.4,5.9,1,,,,,,,,,,,,,,,,,,,,,,,,,,,,,,,,,,,,,,,,,27.9,27.8,28.6,27.7,26.4,28.2,27.8,28.1,27.7,28,26.9,28,28.2,27.7,27.8,28.1,27.9,28.6,27.9,27.9,27.5,25.1,28,28.4,27.5,28,28.4,28,28,27.9,27.6,79,78,77,80,90,79,84,81,81,76,90,82,79,79,79,82,74,72,81,80,80,92,80,76,86,75,74,82,71,78,77,1.1,0.7,0.6,0.2,1.9,0.3,0.8,0.4,0.3,1,2.8,0,0.7,0.4,0.1,0,0,0,0.4,0.9,0,4.3,0.1,1.5,0.1,0,0.4,0.3,0,1,1.1,34.9,48.2,30.8,30.8,27,16.9,33.9,23,38.9,14.1,49.9,21.5,32.7,27.1,47.6,30.9,14.4,13.8,24.5,28.9,23.8,17.2,19.1,38.2,23.9,16,19.2,28.6,17.4,24.7,32.6,46.8,61.9,45,41.4,34.2,25.6,44.3,30.6,50.4,18.7,60.8,31,43.2,38.9,60.5,40.7,17.3,18,36,41,30.6,23,24.8,51.5,32.8,22,26.3,41.4,22.7,32.8,41.4,,,,,,22.2204,114.2127
2026-09-13T22:00,27.1,27.3,27.1,29.1,27.6,27.9,27.9,28.1,27.4,26.5,26.2,24.8,27.4,27.3,26.1,28.4,27.1,27.6,27,26.2,27.1,29.3,28.1,27.3,28.3,27.6,25.8,27,28,27.4,27.6,26.8,25.4,28,27,27.2,27.2,28.5,27.4,27.2,88,88,89,79,84,85,83,86,85,91,94,94,87,87,94,82,89,81,89,89,87,82,86,88,84,86,94,90,85,86,87,92,94,83,86,87,90,84,85,87,0,0,0,0,0.1,1.6,0,0,0,0,3.6,4.9,0.1,0.8,0.9,0.4,0,0,0,0.9,0,0,0,0.1,0,0,0.7,0.8,0,0,0.1,0.5,0.1,0.5,0,0.3,0.1,0,0,0,6.2,4.7,3.2,2.1,6.5,6.5,4.3,2.9,4,5.9,12.3,19.4,4.8,8,6.8,7.6,4.8,4.6,2.5,11.2,6.6,6.5,3.7,5.1,5.1,6.5,4,17.8,7.9,7.3,4.5,6.9,6,1.3,3.5,5.6,3.2,3.7,5.9,0.8,,,,,,,,,,,,,,,,,,,,,,,,,,,,,,,,,,,,,,,,,27.9,27.7,28.5,27.6,26.5,28.2,27.8,28,27.7,27.9,27,27.9,27.9,27.5,27.9,27.9,27.9,28.5,27.9,27.9,27.4,25.1,28,28.3,27.5,28,28.3,27.9,27.8,27.9,27.4,79,79,78,80,89,79,84,80,81,76,89,83,80,80,78,84,75,73,81,80,81,91,82,76,86,76,73,82,71,77,79,1.1,0.7,0.6,0.2,1.9,0.3,0.8,0.4,0.3,1,2.8,0,0.7,0.4,0.1,0,0,0,0.4,0.9,0,4.3,0.1,1.5,0.1,0,0.4,0.3,0,1,1.1,35,48.5,33.4,29.8,29.3,16.9,32.4,28.1,37.1,14.6,44,21.4,33,31.3,44.8,32,14.3,14.1,25.9,29.7,23,12.3,22.1,37.6,24.1,16.5,20.8,28.4,15.8,26.7,33.7,47.2,61.2,51.5,40.7,37.8,26.6,42.8,37.1,48.6,19.4,55.1,31,41,41.8,61.2,40.7,18,19.4,37.8,41.8,29.5,16.2,28.8,53.3,32.8,23.8,28.1,41,20.2,35.3,42.5,,,,,,22.2204,114.2127
2026-09-13T23:00,27.1,27.4,27.2,29,27.6,27.9,27.9,28.1,27.4,26.5,26.3,24.7,27.4,27.3,26,28.4,27.1,27.6,27,26.3,27.1,29.3,28,27.3,28.3,27.5,25.7,27,28,27.4,27.6,26.9,25.5,27.9,27.1,27.2,27.3,28.5,27.4,27.2,88,88,89,78,84,85,84,85,86,90,94,94,87,88,94,82,88,81,89,89,86,82,87,88,84,86,94,90,85,86,87,92,94,84,86,87,90,84,85,87,0,0,0,0,0.1,1.6,0,0,0,0,3.6,4.9,0.1,0.8,0.9,0.4,0,0,0,0.9,0,0,0,0.1,0,0,0.7,0.8,0,0,0.1,0.5,0.1,0.5,0,0.3,0.1,0,0,0,5.4,4.3,2.9,2.4,6.5,6.5,4,2.5,4,5.2,12.3,19.3,4.4,7.6,6.9,7,4.9,4.6,2.5,11.2,6.4,6.5,3.4,5,4.3,6.6,3.7,18.2,7.2,6.7,4.1,7.3,5.9,1.3,3.7,5.6,2.9,4,5.9,1.1,,,,,,,,,,,,,,,,,,,,,,,,,,,,,,,,,,,,,,,,,27.9,27.6,28.3,27.6,26.7,28.2,27.7,28,27.7,27.9,27,27.8,27.7,27.3,27.9,27.7,27.9,28.4,27.9,27.9,27.4,25.1,27.9,28.2,27.5,28,28.2,27.9,27.7,27.9,27.2,79,79,78,81,88,79,84,80,81,76,88,83,81,81,77,85,75,74,81,81,82,91,82,77,86,77,73,82,71,77,80,1.1,0.7,0.6,0.2,1.9,0.3,0.8,0.4,0.3,1,2.8,0,0.7,0.4,0.1,0,0,0,0.4,0.9,0,4.3,0.1,1.5,0.1,0,0.4,0.3,0,1,1.1,34.6,48.8,35.7,29,31,17.7,31.4,32.2,35.6,14.5,40,21.1,32.1,34.6,43.1,32.5,14.5,14.8,26.9,30.5,22.3,10.1,25.4,37.2,24.2,17.7,21.9,28.6,14.2,28.2,34.5,46.4,60.8,55.8,39.6,40.7,27.7,41.4,42.5,46.8,19.4,50.8,30.6,38.9,44.3,61.6,40,18.7,20.5,39.6,42.5,28.8,12.6,33.1,54.4,32.8,25.2,29.2,41,18,36.4,42.8,,,,,,22.2204,114.2127
2026-09-14T00:00,27.1,27.4,27.2,28.9,27.6,27.8,27.9,28.1,27.4,26.6,26.3,24.6,27.4,27.2,26,28.3,27.1,27.6,27,26.3,27.2,29.2,27.9,27.3,28.2,27.4,25.7,27,28,27.3,27.6,27,25.5,27.8,27.2,27.3,27.3,28.4,27.4,27.2,88,88,89,78,84,85,83,85,86,90,93,94,88,88,94,82,88,81,89,88,86,82,87,88,85,86,94,90,85,86,88,91,94,84,85,86,90,84,84,87,0,0,0,0,0.1,1.6,0,0,0,0,3.6,4.9,0.1,0.8,0.9,0.4,0,0,0,0.9,0,0,0,0.1,0,0,0.7,0.8,0,0,0.1,0.5,0.1,0.5,0,0.3,0.1,0,0,0,4.9,3.9,2.6,3.1,6.2,6.2,3.6,2.4,4,5,12.6,19.2,3.6,7.2,7.4,6.4,4.7,4.2,2.5,11.6,6.2,6.2,3.1,5.1,3.6,7.1,3.8,18.4,6.6,6.5,3.9,7.6,5.9,1.3,4.2,5.6,2.6,4.3,5.8,1.1,,,,,,,,,,,,,,,,,,,,,,,,,,,,,,,,,,,,,,,,,27.8,27.5,28.1,27.5,26.8,28.1,27.6,27.9,27.6,27.7,26.8,27.7,27.6,27.3,27.6,27.5,27.8,28.1,27.8,27.7,27.3,25.1,27.9,28.1,27.5,27.9,27.9,27.8,27.5,27.7,27.1,80,79,79,81,87,79,83,79,81,76,89,83,81,81,78,85,75,75,81,81,82,91,82,78,86,78,73,82,70,78,81,1.3,1.5,1.5,0.2,2.4,0.8,2.8,0,0.5,0.9,3.3,0.2,0.3,0.3,0.5,0.4,0,0.1,0,0,0.3,3.3,0.6,0.5,0,0.3,0,0.2,0,0,0.3,33.2,49.1,36,27.7,31.1,19.2,30.5,34.7,33.9,13.3,38.2,20.9,29.7,35.7,43,31.4,14.8,16.6,26.8,31.4,22,11.6,29.3,36.4,23.6,20.5,22.4,29.9,13.3,27.7,34.1,43.9,61.2,55.4,38.2,41.4,28.4,39.2,45.4,44.6,18,48.6,29.9,36,45.4,61.2,38.9,19.1,21.6,40.7,42.8,28.4,14.4,37.8,54,32.8,27,28.8,42.5,16.9,35.3,42.5,,,,,,22.2204,114.2127
2026-09-14T01:00,27,27.4,27.3,28.7,27.6,27.8,28,28.1,27.3,26.7,26.3,24.5,27.4,27.2,25.9,28.2,27,27.5,27,26.3,27.3,29.1,27.8,27.3,28.1,27.3,25.7,27,28,27.3,27.6,27,25.5,27.6,27.3,27.4,27.3,28.3,27.4,27.2,88,89,89,78,84,85,83,84,86,90,93,94,88,88,93,82,88,82,89,88,86,82,87,88,86,85,94,90,85,86,88,91,94,85,84,86,90,84,83,87,0,0,0,0,0.1,1.6,0,0,0,0,3.6,4.9,0.1,0.8,0.9,0.4,0,0,0,0.9,0,0,0,0.1,0,0,0.7,0.8,0,0,0.1,0.5,0.1,0.5,0,0.3,0.1,0,0,0,4.1,3.6,2.3,4.1,6.3,6.3,3.3,2.5,4,4.5,12.6,19,2.9,6.8,7.8,6,4.7,4.2,2.5,11.6,6,5.9,3.1,5.5,3,7.7,3.4,18.8,5.9,6,3.4,8,5.6,1.5,4.4,5.7,2.3,4.7,5.8,1.5,,,,,,,,,,,,,,,,,,,,,,,,,,,,,,,,,,,,,,,,,27.6,27.4,27.9,27.5,26.9,28,27.5,27.8,27.6,27.6,26.6,27.6,27.6,27.4,27.3,27.4,27.7,27.8,27.7,27.5,27.2,25.1,27.9,27.9,27.5,27.7,27.6,27.7,27.4,27.6,27.1,80,79,79,81,86,80,83,79,81,77,90,83,80,80,81,84,74,76,80,82,82,92,81,78,85,79,72,82,70,80,81,1.3,1.5,1.5,0.2,2.4,0.8,2.8,0,0.5,0.9,3.3,0.2,0.3,0.3,0.5,0.4,0,0.1,0,0,0.3,3.3,0.6,0.5,0,0.3,0,0.2,0,0,0.3,31,49.3,36,26.6,30.7,21.4,29.7,36,32.2,11.9,37.1,21.3,26.4,35.9,44.2,29.9,15.3,18.9,26.7,32.1,22,17.8,33.2,35.8,22.9,23.6,21.9,31.3,13.1,26.3,33,40.7,61.9,52.9,36.4,41,29.2,37.1,47.2,42.1,15.8,47.9,28.8,33.1,46.1,60.5,37.1,19.1,22.3,41,42.8,27.7,19.4,42.5,52.6,32.4,28.4,27.7,44.6,16.9,33.1,41.4,,,,,,22.2204,114.2127
2026-09-14T02:00,27,27.4,27.3,28.6,27.6,27.7,28,28.1,27.3,26.8,26.4,24.4,27.4,27.2,25.9,28.2,27,27.5,27,26.4,27.4,29,27.6,27.3,28,27.2,25.6,27,28,27.2,27.6,27.1,25.5,27.4,27.5,27.5,27.4,28.3,27.4,27.2,89,89,89,77,84,85,83,84,86,89,93,94,88,89,93,82,88,82,89,87,85,82,88,89,86,85,94,90,85,86,88,91,93,85,83,86,90,84,83,87,0,0,0,0,0.1,1.6,0,0,0,0,3.6,4.9,0.1,0.8,0.9,0.4,0,0,0,0.9,0,0,0,0.1,0,0,0.7,0.8,0,0,0.1,0.5,0.1,0.5,0,0.3,0.1,0,0,0,3.7,3.4,2.3,4.8,6.5,6.4,2.5,2.9,4.1,4.1,12.6,19.2,2.4,6.5,8.5,5.7,4.6,4.1,2.5,12,5.8,5.6,3.1,5.6,2.6,8.5,3.1,19.1,5.5,5.7,3.6,8,5.6,1.8,4.9,6,2,5,6.1,1.9,,,,,,,,,,,,,,,,,,,,,,,,,,,,,,,,,,,,,,,,,27.5,27.3,27.7,27.4,27.1,27.8,27.4,27.7,27.5,27.5,26.5,27.5,27.5,27.5,27,27.4,27.6,27.6,27.7,27.4,27.1,25.1,27.9,27.8,27.4,27.6,27.3,27.7,27.3,27.4,27.1,81,79,80,81,85,80,82,78,81,77,90,83,79,79,82,83,74,77,80,82,82,93,80,79,84,80,72,82,69,81,81,1.3,1.5,1.5,0.2,2.4,0.8,2.8,0,0.5,0.9,3.3,0.2,0.3,0.3,0.5,0.4,0,0.1,0,0,0.3,3.3,0.6,0.5,0,0.3,0,0.2,0,0,0.3,29.2,49.6,37,27,30.5,23.3,29.3,36.2,30.9,10.7,37.1,21.9,23.9,35.9,45.1,28.8,15.5,19.5,27.1,32.7,22.1,20,35.4,35.4,22.6,25.3,21.4,32.4,13.7,25.3,31.9,37.8,62.6,51.8,36,41,29.9,35.6,47.9,40,14,47.9,28.8,31,46.4,60.1,36.4,19.4,22.3,41.8,42.5,27.7,24.5,45.4,51.5,32.4,28.8,26.6,45.7,17.3,31.7,40.7,,,,,,22.2204,114.2127
2026-09-14T03:00,27,27.4,27.4,28.4,27.5,27.6,28.1,28.1,27.3,26.9,26.4,24.3,27.4,27.2,25.9,28.1,26.9,27.4,27,26.4,27.4,29,27.5,27.3,27.9,27.1,25.6,27,28,27.2,27.6,27.2,25.6,27.3,27.6,27.6,27.4,28.2,27.3,27.2,89,89,89,77,84,85,83,83,86,89,93,94,88,89,92,81,88,83,89,87,85,82,88,89,87,85,94,90,85,86,88,90,93,86,82,85,90,84,82,87,0,0,0,0,0.1,1.6,0,0,0,0,3.6,4.9,0.1,0.8,0.9,0.4,0,0,0,0.9,0,0,0,0.1,0,0,0.7,0.8,0,0,0.1,0.5,0.1,0.5,0,0.3,0.1,0,0,0,2.9,3.1,2.1,5.5,6.3,6.5,2.3,3.1,4.1,3.8,12.6,19.2,2,6.1,9,5.6,4.6,4.1,2.5,12.1,5.6,5.2,3.3,6.2,2.3,9.1,3.2,19.1,4.9,5.4,3.6,8.3,5.6,1.8,5.1,6,1.8,5.4,6.1,2.1,,,,,,,,,,,,,,,,,,,,,,,,,,,,,,,,,,,,,,,,,27.3,27.2,27.6,27.3,27.2,27.7,27.3,27.6,27.4,27.4,26.6,27.4,27.4,27.5,27,27.3,27.4,27.5,27.6,27.3,27.1,25,27.8,27.7,27.3,27.4,27,27.6,27.2,27.4,27.1,82,79,81,81,84,81,82,77,81,77,89,83,78,79,82,82,74,77,79,82,82,94,79,80,83,80,72,82,69,81,81,1.4,1.1,1.9,0.3,2.1,1.1,1.9,0,0.9,1.8,2,0.9,0.3,0.1,0.3,0.3,0,0.1,0.6,0.5,0.7,9.6,0.1,0.6,0.1,0.3,0,0,0,0,0,28.3,49.3,39.8,28.9,30.7,24.6,30.1,35.7,29.8,10.3,38.3,22.3,22.4,35.9,46.6,28.7,15.9,17.8,29.3,32.3,22.7,15,34.8,35.9,23.1,24.8,20.6,32.2,14.8,25.6,31.6,36.4,63.7,54.7,37.4,42.1,30.6,36.4,47.9,38.5,13.7,49,29.9,30.6,46.8,60.5,36.7,19.8,20.2,42.8,41.4,28.1,28.4,45.7,51.1,32.4,27.4,25.6,45,18.7,32.4,40.3,,,,,,22.2204,114.2127
2026-09-14T04:00,26.9,27.4,27.4,28.3,27.5,27.5,28.1,28.1,27.3,27,26.5,24.2,27.4,27.1,25.8,28,26.9,27.4,27,26.4,27.5,28.9,27.4,27.3,27.8,27.1,25.6,27,28,27.1,27.7,27.2,25.6,27.1,27.7,27.6,27.5,28.1,27.3,27.2,88,89,89,76,84,86,83,82,86,89,92,94,89,90,92,81,88,83,89,86,85,81,89,89,88,85,94,90,85,86,88,90,93,86,81,85,90,85,81,87,0,0,0,0,0.1,1.6,0,0,0,0,3.6,4.9,0.1,0.8,0.9,0.4,0,0,0,0.9,0,0,0,0.1,0,0,0.7,0.8,0,0,0.1,0.5,0.1,0.5,0,0.3,0.1,0,0,0,2.5,3.3,1.9,6.2,6.6,6.6,1.8,3.7,3.9,3.9,12.6,19.4,2.4,5.8,9.8,5.4,4.9,4,2.5,12.5,5.5,4.9,3.6,6.3,2.6,9.7,2.9,19.4,4.8,5.6,3.7,8.6,5.7,2.2,5.6,6.2,1.6,5.7,6.5,2.6,,,,,,,,,,,,,,,,,,,,,,,,,,,,,,,,,,,,,,,,,27.1,27.1,27.4,27,27.3,27.5,27.3,27.5,27.3,27.3,26.8,27.4,27.3,27.4,27,27.3,27.2,27.5,27.5,27.2,27,24.9,27.7,27.6,27.2,27.3,26.8,27.6,27,27.4,27.1,82,79,82,81,84,82,82,77,82,76,88,83,77,78,81,81,73,77,79,82,81,95,79,80,83,80,72,82,69,81,81,1.4,1.1,1.9,0.3,2.1,1.1,1.9,0,0.9,1.8,2,0.9,0.3,0.1,0.3,0.3,0,0.1,0.6,0.5,0.7,9.6,0.1,0.6,0.1,0.3,0,0,0,0,0,28.2,49.4,43.4,31.4,31.7,25.1,31.4,34,29.5,10.7,40.8,23,21.9,36,48.2,29,16.4,14.8,32.1,31.4,23.1,19.4,32.7,37.1,24.4,22.9,19.7,31.6,16.2,26.7,31.5,35.6,64.8,59,40,43.6,31,37.8,47.2,37.1,14,50.8,31.7,31.3,46.8,61.2,37.8,19.8,17.3,43.6,40,28.8,32.4,44.6,50.8,32.4,24.5,24.1,43.6,21.2,33.5,40,,,,,,22.2204,114.2127
2026-09-14T05:00,26.9,27.4,27.5,28.1,27.5,27.4,28.1,28.1,27.3,27.1,26.5,24.1,27.3,27.1,25.8,27.9,26.9,27.4,27,26.4,27.6,28.8,27.3,27.2,27.7,27,25.6,26.9,27.9,27.1,27.7,27.3,25.6,27,27.8,27.7,27.5,28,27.3,27.2,88,89,88,76,84,86,82,82,86,89,92,94,89,90,91,81,88,84,89,85,84,81,89,89,88,84,94,90,85,87,88,89,93,86,80,85,90,85,80,87,0,0,0,0,0.1,1.6,0,0,0,0,3.6,4.9,0.1,0.8,0.9,0.4,0,0,0,0.9,0,0,0,0.1,0,0,0.7,0.8,0,0,0.1,0.5,0.1,0.5,0,0.3,0.1,0,0,0,2.4,3.2,1.8,6.9,6.8,6.4,1.5,4.3,3.9,3.7,12.6,19.6,2.5,5.4,10.4,5.6,5,4,2.5,12.6,5.4,4.7,3.6,6.6,2.9,10.3,2.6,19.4,4.5,5.5,3.9,8.6,5.5,2.5,6.1,6.2,1.8,5.7,6.6,2.8,,,,,,,,,,,,,,,,,,,,,,,,,,,,,,,,,,,,,,,,,27,26.9,27.3,26.9,27.4,27.5,27.2,27.6,27.2,27.3,27.1,27.4,27.1,27.4,27.1,27.4,27,27.5,27.5,27.2,27,24.9,27.6,27.5,27.2,27.3,26.6,27.6,26.9,27.4,27.1,82,80,83,81,84,82,83,76,82,75,86,82,78,78,80,80,73,76,78,82,81,96,78,80,82,79,72,81,69,81,81,1.4,1.1,1.9,0.3,2.1,1.1,1.9,0,0.9,1.8,2,0.9,0.3,0.1,0.3,0.3,0,0.1,0.6,0.5,0.7,9.6,0.1,0.6,0.1,0.3,0,0,0,0,0,28.7,49.7,46.3,33.3,33.7,25.3,32.2,31.3,29.3,11.5,42.3,23.8,22.4,35.3,49.4,29.8,16.6,13.2,33.8,30.9,23.6,27.7,30.1,37.9,25.3,20.2,19.1,30.6,17.6,27.7,31.4,36,66.2,63,41.8,45.7,31,38.9,44.6,36.4,14.4,52.6,33.5,32.4,45.7,61.9,38.9,20.2,15.8,43.9,38.9,29.2,34.9,42.5,50.4,32.4,22.3,23.8,41.8,23.4,34.9,39.6,,,,,,22.2204,114.2127
2026-09-14T06:00,26.9,27.5,27.5,28,27.5,27.4,28.2,28.1,27.3,27.2,26.6,24.1,27.3,27,25.8,27.8,26.8,27.3,27,26.5,27.7,28.8,27.2,27.2,27.6,26.9,25.5,26.9,27.9,27,27.7,27.4,25.6,26.8,27.8,27.8,27.6,27.9,27.3,27.2,88,89,88,75,84,86,82,81,86,88,92,94,89,90,91,81,88,84,89,85,84,81,89,89,89,84,94,90,85,87,88,89,93,87,79,84,90,85,80,87,0,0,0,0,0.1,1.6,0,0,0,0,3.6,4.9,0.1,0.8,0.9,0.4,0,0,0,0.9,0,0,0,0.1,0,0,0.7,0.8,0,0,0.1,0.5,0.1,0.5,0,0.3,0.1,0,0,0,2.3,3.7,1.8,7.3,6.9,6.6,1.6,4.7,3.9,3.9,12.6,20.2,2.9,5.4,11,5.7,5.2,4,2.6,12.7,5.4,4.3,3.7,6.6,3.3,10.8,2.8,19.4,4.7,5.6,4.1,9,5.8,2.9,6.4,5.8,1.8,5.9,6.9,3.1,,,,,,,,,,,,,,,,,,,,,,,,,,,,,,,,,,,,,,,,,27,26.6,27.2,27,27.2,27.5,27.1,27.7,27.2,27.4,27.3,27.5,26.7,27.5,27.2,27.4,26.8,27.6,27.5,27.2,27,25,27.6,27.4,27.3,27.4,26.5,27.6,26.8,27.4,27.1,81,82,84,81,85,81,84,75,82,74,85,81,81,78,79,80,73,75,77,81,81,95,77,80,81,77,71,80,69,81,81,1.1,1.7,2.1,0.2,1.5,0.4,2.5,0,1.3,0.2,0.8,0.8,0.9,0,0.2,0.4,0,0,0.2,0.3,0.2,19,0.1,0.3,0.2,0.2,0,0,0,0,0,30.7,51.6,47.8,33.6,37.7,24.2,31.6,26.4,30,12.4,42.3,25,25.5,33.4,49.9,31.1,16.5,13.4,33.2,30.8,23.4,27.6,26.9,38.1,25.5,16.2,19.4,29,19.1,28.8,30.9,37.8,68.4,65.9,41.8,49.3,29.5,38.9,38.9,36.4,15.1,53.6,34.9,34.6,43.2,62.3,40.7,20.2,17.6,42.8,38.9,28.4,35.6,38.9,50.4,32.8,21.2,24.5,39.6,25.6,35.6,38.5,,,,,,22.2204,114.2127
2026-09-14T07:00,26.9,27.6,27.6,27.9,27.4,27.3,28.2,28.2,27.3,27.3,26.6,24.1,27.3,26.9,25.8,27.7,26.8,27.3,27.1,26.5,27.7,28.7,27.2,27.2,27.5,26.8,25.5,26.9,27.9,27,27.7,27.4,25.7,26.8,27.9,27.8,27.6,27.9,27.3,27.2,88,89,88,75,84,86,82,81,86,88,91,93,89,91,90,81,88,84,89,84,84,81,89,89,89,84,94,90,85,87,88,88,93,87,78,84,89,85,79,87,0,0,0,0,0.1,1.6,0,0,0,0,3.6,4.9,0.1,0.8,0.9,0.4,0,0,0,0.9,0,0,0,0.1,0,0,0.7,0.8,0,0,0.1,0.5,0.1,0.5,0,0.3,0.1,0,0,0,2.3,3.8,1.8,7.7,6.9,6.5,1.5,5.1,3.5,3.8,12.7,20.2,3.3,5.1,11.3,5.9,5.4,4,2.6,12.7,5.2,4,3.8,6.8,3.7,11.1,2.5,18.9,4.8,5.5,4,9,5.6,3,6.6,5.8,1.8,5.9,7.3,3.3,,,,,,,,,,,,,,,,,,,,,,,,,,,,,,,,,,,,,,,,,27.1,26.3,27,27.1,27,27.6,26.9,27.9,27.2,27.5,27.5,27.6,26.2,27.5,27.4,27.6,26.6,27.7,27.5,27.4,27,25.1,27.7,27.4,27.5,27.6,26.5,27.8,26.8,27.3,27.1,80,85,84,81,87,80,85,74,82,73,83,80,85,77,77,79,73,73,77,79,80,93,76,79,79,75,71,79,69,81,81,1.1,1.7,2.1,0.2,1.5,0.4,2.5,0,1.3,0.2,0.8,0.8,0.9,0,0.2,0.4,0,0,0.2,0.3,0.2,19,0.1,0.3,0.2,0.2,0,0,0,0,0,33.2,54.8,48.4,33.5,42.9,23.1,30.8,20.4,30.7,13.4,42,26.3,30.1,30.7,49.7,32.8,16.4,14.7,31.2,31.4,22.7,25.5,23.2,37.9,25.2,13.6,20,27.5,20.6,30.1,30.1,40.7,71.3,68,40.7,54,27,38.5,31.7,37.1,16.6,54.7,36.4,37.4,39.6,63,42.8,19.8,20.9,41,39.6,27.4,34.9,34.6,50.4,33.1,20.5,25.9,37.1,27.7,36.4,37.4,,,,,,22.2204,114.2127
2026-09-14T08:00,27,27.7,27.6,27.9,27.4,27.3,28.2,28.2,27.3,27.4,26.7,24.2,27.3,26.9,25.9,27.7,26.8,27.3,27.1,26.5,27.8,28.7,27.2,27.2,27.5,26.8,25.5,26.9,27.9,27,27.8,27.5,25.7,26.7,27.9,27.8,27.6,27.9,27.3,27.2,88,88,88,75,84,86,82,81,86,88,91,93,89,91,90,81,88,84,89,84,84,81,89,89,89,84,94,90,85,87,88,88,93,87,78,84,89,85,79,87,0,0,0,0,0.1,1.6,0,0,0,0,3.6,4.9,0.1,0.8,0.9,0.4,0,0,0,0.9,0,0,0,0.1,0,0,0.7,0.8,0,0,0.1,0.5,0.1,0.5,0,0.3,0.1,0,0,0,2.1,3.9,1.8,7.7,6.9,6.5,1.4,5.1,3.5,3.7,12.7,20.5,3.3,4.7,11.6,5.9,5.4,4,2.6,12.3,4.9,3.7,3.9,6.8,3.8,11.4,2.3,18.6,5.1,5.4,4,8.6,5.6,3,6.6,5.5,1.8,5.9,7.3,3.3,,,,,,,,,,,,,,,,,,,,,,,,,,,,,,,,,,,,,,,,,27.2,26,26.8,27.2,26.8,27.8,26.8,28.2,27.3,27.7,27.7,27.7,25.9,27.6,27.5,27.7,26.6,27.9,27.7,27.5,27.1,25.1,27.9,27.4,27.7,27.9,26.6,28,26.9,27.4,27.2,79,87,85,81,88,79,85,73,81,72,82,79,88,77,76,79,73,71,76,78,79,92,75,78,78,73,70,78,69,81,80,1.1,1.7,2.1,0.2,1.5,0.4,2.5,0,1.3,0.2,0.8,0.8,0.9,0,0.2,0.4,0,0,0.2,0.3,0.2,19,0.1,0.3,0.2,0.2,0,0,0,0,0,34.9,57.7,48.6,32.9,46.6,22.2,29.3,16.4,31.6,13.7,41.7,27.2,31.5,27.8,49.1,34.3,17.1,16.6,29.6,31.3,22.2,26.3,20.2,38,24.7,13.7,20.9,25.8,21.8,31.1,29.4,42.5,73.1,69.5,39.6,57.2,25.6,37.4,26.6,37.4,16.9,55.1,37.1,38.9,35.3,63,43.9,20.5,24.1,39.6,39.6,26.3,33.8,30.6,50.4,33.1,20.2,27.4,34.6,29.2,36.7,36,,,,,,22.2204,114.2127
2026-09-14T09:00,27.1,27.9,27.7,28,27.4,27.3,28.2,28.2,27.3,27.5,26.7,24.3,27.3,26.8,25.9,27.6,26.8,27.3,27.2,26.5,27.8,28.7,27.2,27.2,27.6,26.7,25.5,26.8,27.9,27,27.8,27.5,25.7,26.7,27.9,27.8,27.7,27.9,27.3,27.2,88,87,88,75,84,86,82,81,86,88,91,93,89,91,90,81,88,84,89,84,84,81,89,89,89,84,94,90,85,87,88,88,93,87,78,84,89,85,79,87,0.1,0,0.2,0,0.2,0.9,0.1,0,0.7,0,0.8,5.1,0.1,2.2,0,0.6,0.1,0,0.2,0,0.1,0,0,0,0,0.2,0.3,5.1,0.2,0,0.1,0,0.6,0.3,0,0.5,0.1,0.2,0,0.1,2.1,4,1.9,7.3,6.6,6.2,1.4,4.7,3.1,3.3,12.7,20.5,3.3,4.4,11.6,5.9,5.4,4,2.6,12,4.6,3.4,3.7,6.3,3.4,11.8,2.1,17.9,5.1,5,3.7,8.3,5.6,3,6.4,5.2,1.8,5.9,7.3,3.3,,,,,,,,,,,,,,,,,,,,,,,,,,,,,,,,,,,,,,,,,27.3,25.8,26.4,27.4,27,28,26.8,28.5,27.5,27.9,27.8,28,26,27.8,27.7,27.8,26.8,28.3,27.9,27.7,27.4,24.9,28.2,27.5,27.9,28.2,27,28.3,27.3,27.5,27.4,78,87,86,80,87,77,85,72,80,71,82,78,89,77,75,79,73,69,75,78,77,92,73,78,77,71,70,76,68,80,79,1.1,2.3,6.1,0.2,1.7,0,1.7,0,0.4,0,1.3,0.2,1.8,0.1,0.1,0.9,0,0,0.1,0,0,5.1,0,0.9,0,0,0,0,0,0,0.2,34.7,58.4,48.1,32.2,47.7,22.1,27.9,16.5,31.7,13.6,41.5,27.7,28.4,24.2,46.4,34.7,18.4,19.2,28.9,31,21.1,25.8,19.1,38.2,23.6,14.3,21.8,24.3,22.5,31.2,28.4,42.1,73.4,70.2,38.2,58.3,25.2,36,25.6,37.4,16.2,54.7,37.1,37.1,29.9,62.6,43.6,23.4,26.6,38.5,38.2,24.5,32.4,28.1,49.7,32,20.2,29.2,32.4,29.5,36.4,34.6,,,,,,22.2204,114.2127
2026-09-14T10:00,27.2,28.2,27.7,28,27.4,27.2,28.3,28.3,27.3,27.6,26.8,24.4,27.4,26.7,26,27.6,26.9,27.3,27.3,26.6,27.9,28.8,27.3,27.2,27.6,26.7,25.5,26.8,27.8,27,27.9,27.6,25.7,26.8,27.9,27.8,27.7,27.9,27.3,27.2,87,86,87,75,84,86,82,81,86,88,90,92,88,91,90,81,88,84,88,83,84,81,88,89,89,84,94,91,85,87,88,87,93,87,77,84,88,85,79,87,0.1,0,0.2,0,0.2,0.9,0.1,0,0.7,0,0.8,5.1,0.1,2.2,0,0.6,0.1,0,0.2,0,0.1,0,0,0,0,0.2,0.3,5.1,0.2,0,0.1,0,0.6,0.3,0,0.5,0.1,0.2,0,0.1,2.1,3.7,2.1,6.7,6.6,6.2,1.1,4.3,3.1,3,12.3,20.4,3,4.5,11.2,5.5,5.4,3.6,2.3,11.2,4.2,3.2,3.4,6.1,3.1,11.6,1.9,17.1,5.1,4.7,3.3,8,5.5,2.6,6.2,4.5,1.8,5.6,7.6,3.1,,,,,,,,,,,,,,,,,,,,,,,,,,,,,,,,,,,,,,,,,27.5,25.7,26,27.7,27.2,28.3,26.8,28.9,27.7,28,27.8,28.3,26.2,28.1,27.9,28,27.1,28.8,28.2,27.8,27.9,24.5,28.7,27.6,28.3,28.6,27.5,28.7,27.8,27.6,27.7,78,86,88,80,85,75,84,70,79,70,82,77,89,76,74,78,73,68,74,77,75,93,72,77,75,70,69,74,66,79,77,1.1,2.3,6.1,0.2,1.7,0,1.7,0,0.4,0,1.3,0.2,1.8,0.1,0.1,0.9,0,0,0.1,0,0,5.1,0,0.9,0,0,0,0,0,0,0.2,33.8,58.3,47.4,30.8,47.7,22.6,26.3,18.6,31.6,13.2,41.1,28.6,24.2,20,43.5,34.5,20.3,22.7,28.8,30.5,19.6,23.8,18.4,38.2,22.5,15.4,22.5,22.7,22.7,30.9,27.6,40.7,72.7,70.2,36.4,58.3,25.6,34.6,26.6,37.4,15.1,53.6,36.7,33.5,24.1,61.9,42.1,27,28.8,37.8,36.4,22.7,30.2,26.3,48.6,30.6,20.9,31,30.6,29.2,35.3,32.8,,,,,,22.2204,114.2127
2026-09-14T11:00,27.3,28.5,27.8,28.2,27.3,27.2,28.3,28.3,27.4,27.7,26.9,24.6,27.4,26.6,26.1,27.6,26.9,27.3,27.5,26.6,27.9,28.8,27.5,27.3,27.7,26.7,25.6,26.8,27.8,27,27.9,27.6,25.7,26.9,27.9,27.8,27.7,27.9,27.3,27.2,87,85,87,75,84,86,82,82,86,88,89,91,88,92,90,81,88,83,87,83,84,81,88,88,89,85,94,92,86,88,87,87,94,86,77,84,87,85,79,86,0.1,0,0.2,0,0.2,0.9,0.1,0,0.7,0,0.8,5.1,0.1,2.2,0,0.6,0.1,0,0.2,0,0.1,0,0,0,0,0.2,0.3,5.1,0.2,0,0.1,0,0.6,0.3,0,0.5,0.1,0.2,0,0.1,2.1,3.6,1.8,6,6.1,5.7,1.1,4,2.6,2.6,12.3,20.4,3,4.2,10.8,5.2,5.4,3.6,2.3,10.4,3.7,2.9,3.1,5.3,2.6,12,1.8,16,5.1,4.3,3.1,7.3,5.5,2.6,6,4,2.2,5.2,8,2.5,,,,,,,,,,,,,,,,,,,,,,,,,,,,,,,,,,,,,,,,,27.6,25.6,25.6,27.9,27.4,28.5,26.9,29.1,27.9,28.2,27.8,28.5,26.5,28.3,28,28.1,27.4,29.1,28.5,27.9,28.2,24.3,29.1,27.8,28.5,28.9,27.9,29,28.4,27.8,27.9,78,86,89,79,83,73,83,69,78,70,82,76,89,75,74,78,73,67,73,77,74,93,70,77,74,69,69,72,64,78,76,1.1,2.3,6.1,0.2,1.7,0,1.7,0,0.4,0,1.3,0.2,1.8,0.1,0.1,0.9,0,0,0.1,0,0,5.1,0,0.9,0,0,0,0,0,0,0.2,32.9,57.7,46.9,29.5,47.2,23.2,24.5,20.9,31.2,12.9,40.5,28.7,22.4,15.7,42.2,33.9,21.5,24,27.8,29.7,19.4,21.9,17.8,38.4,21.1,16.3,23,21.9,23.1,30,26.2,39.2,72,70.2,34.6,57.6,26.3,32.4,28.1,37.1,14,52.6,35.6,31,18.7,61.6,40.3,29.5,29.5,36.4,34.6,22,28.8,24.8,47.9,28.8,20.9,32,29.5,28.8,34.2,31,,,,,,22.2204,114.2127
2026-09-14T12:00,27.5,28.8,27.9,28.3,27.3,27.3,28.3,28.4,27.4,27.8,27,24.9,27.5,26.4,26.2,27.5,27,27.3,27.6,26.6,27.9,28.9,27.6,27.3,27.9,26.6,25.6,26.7,27.7,27,28,27.6,25.7,27,27.8,27.7,27.7,27.9,27.3,27.2,86,83,87,75,84,86,82,82,86,88,89,91,87,92,90,82,88,83,86,83,85,80,87,88,89,85,94,92,86,88,87,86,94,86,77,84,86,85,80,86,0.1,0,0.2,0,0.2,0.9,0.1,0,0.7,0,0.8,5.1,0.1,2.2,0,0.6,0.1,0,0.2,0,0.1,0,0,0,0,0.2,0.3,5.1,0.2,0,0.1,0,0.6,0.3,0,0.5,0.1,0.2,0,0.1,1.8,3.3,2,5.2,5.9,5.4,0.8,3.2,2.2,1.9,11.9,20.4,2.5,4.2,10.1,4.6,5,3.6,1.9,9.6,3.1,2.7,2.6,4.7,1.8,11.8,1.8,15,4.7,3.7,2.6,6.6,5.5,2.3,5.6,3.4,2.2,4.5,8,2,,,,,,,,,,,,,,,,,,,,,,,,,,,,,,,,,,,,,,,,,27.6,25.6,25.3,28,27.4,28.6,27.1,29.2,28,28.2,27.8,28.6,26.9,28.5,28,28.1,27.5,29.2,28.6,28.1,28.3,24.3,29.3,27.9,28.7,29,28.3,29.1,28.8,27.9,28,78,86,90,79,83,72,82,69,77,70,82,75,88,73,75,78,73,67,72,76,74,92,69,77,73,68,69,71,63,77,75,0.8,6.8,11.7,0,1.6,0,1.6,0,0.6,0.2,1.8,0,0.8,0.1,0.2,0.4,0,0,0,0,0.2,2.3,0,1.1,0,0.1,0,0,0,0,0,32.1,56.9,48.2,28.2,46.2,24.1,22.4,22.9,30.6,11.4,39.8,27.6,21.3,10.9,44.5,32.4,21.5,21.4,25.4,28.7,20.4,19.8,16.8,38.4,19.8,15.7,22.9,21.5,23.4,28.9,24.2,38.2,72,69.8,32.8,56.2,27,29.9,29.5,36,13,51.8,33.8,30.2,14.4,62.6,38.5,29.9,27,33.5,33.1,22.7,28.8,23,47.9,27,20.5,31.7,28.8,28.8,33.1,28.8,,,,,,22.2204,114.2127
2026-09-14T13:00,27.6,29.2,28,28.5,27.3,27.3,28.3,28.4,27.5,27.9,27.1,25.1,27.5,26.3,26.3,27.5,27.1,27.3,27.8,26.6,28,29,27.8,27.3,28,26.6,25.6,26.7,27.7,27.1,28.1,27.7,25.7,27.2,27.7,27.7,27.8,28,27.3,27.3,86,82,86,75,84,86,82,83,85,88,88,90,87,92,90,82,87,82,85,82,85,80,86,88,88,85,94,93,86,88,87,86,94,85,77,84,86,84,80,86,0.1,0,0.2,0,0.2,0.9,0.1,0,0.7,0,0.8,5.1,0.1,2.2,0,0.6,0.1,0,0.2,0,0.1,0,0,0,0,0.2,0.3,5.1,0.2,0,0.1,0,0.6,0.3,0,0.5,0.1,0.2,0,0.1,1.8,3.3,2.1,4.2,5.4,5.2,0.5,2.2,1.8,1.5,11.9,20.5,2.2,4,9.4,4.3,4.7,3.3,1.9,8.4,2.8,2.6,2.3,4.1,1.1,11.8,1.9,13.8,4.4,3.3,2.3,5.6,5.2,1.8,5.4,2.5,2.2,4.1,8.3,1.5,,,,,,,,,,,,,,,,,,,,,,,,,,,,,,,,,,,,,,,,,27.6,25.7,25.1,28.1,27.4,28.7,27.2,29.1,28.1,28.1,27.8,28.5,27.3,28.6,27.8,28.2,27.5,29.1,28.7,28.3,28.2,24.5,29.3,28.1,28.8,29,28.6,29.2,29.3,28.1,28.1,78,87,91,79,84,72,80,69,77,71,82,75,86,71,76,78,73,67,71,74,74,90,68,76,72,68,69,70,63,76,75,0.8,6.8,11.7,0,1.6,0,1.6,0,0.6,0.2,1.8,0,0.8,0.1,0.2,0.4,0,0,0,0,0.2,2.3,0,1.1,0,0.1,0,0,0,0,0,31,55.5,51.3,27,44.6,24.7,20.3,25.3,29.6,10.6,38.5,25.9,19.8,6.2,48.9,30.9,21.4,18,22.7,27.8,21.8,18.8,15.9,38.8,18.8,15.3,23.3,22.4,23.6,27.7,21.6,36.7,72,69.1,31.3,54.4,27.7,27,31.3,34.6,12.2,51.1,31.7,29.9,10.8,64.4,36.4,29.2,23,29.9,32,24.5,29.2,21.6,48.6,25.2,19.4,31,28.8,28.4,32,26.3,,,,,,22.2204,114.2127
2026-09-14T14:00,27.8,29.5,28,28.7,27.2,27.3,28.4,28.5,27.6,28,27.2,25.4,27.6,26.1,26.4,27.5,27.1,27.3,27.9,26.6,28,29.1,28,27.3,28.1,26.6,25.6,26.7,27.7,27.1,28.1,27.7,25.7,27.3,27.6,27.6,27.8,28,27.3,27.3,85,80,86,76,84,86,82,84,85,88,88,89,86,92,90,82,87,82,84,82,85,80,86,88,88,86,94,94,86,88,86,85,95,85,77,84,85,84,81,85,0.1,0,0.2,0,0.2,0.9,0.1,0,0.7,0,0.8,5.1,0.1,2.2,0,0.6,0.1,0,0.2,0,0.1,0,0,0,0,0.2,0.3,5.1,0.2,0,0.1,0,0.6,0.3,0,0.5,0.1,0.2,0,0.1,1.9,3.1,2.4,3.3,5.1,4.7,0.4,1.5,1.6,1.5,11.5,20.8,1.5,4,8.6,4.1,4.8,3.3,1.6,7.3,2.9,2.2,2.2,3.6,0.8,11.7,2.3,12.8,4.5,3.1,2.1,5,5.2,1.5,5.2,1.8,2.2,3.3,8.6,1,,,,,,,,,,,,,,,,,,,,,,,,,,,,,,,,,,,,,,,,,27.6,25.7,24.9,28.2,27.3,28.7,27.4,28.9,28.1,28.1,27.8,28.5,27.6,28.7,27.7,28.2,27.6,29.1,28.8,28.4,28.2,24.7,29.3,28.2,28.9,29,28.8,29.2,29.5,28.2,28.1,78,87,92,79,84,72,79,70,77,71,82,75,84,70,77,78,73,67,71,73,74,88,68,76,71,68,69,70,63,76,75,0.8,6.8,11.7,0,1.6,0,1.6,0,0.6,0.2,1.8,0,0.8,0.1,0.2,0.4,0,0,0,0,0.2,2.3,0,1.1,0,0.1,0,0,0,0,0,29.9,54.8,54,25.8,43.1,25.4,18.6,27.6,28.9,11.1,37.6,24.5,18.9,4.6,51.4,29.3,20.7,16.2,20.8,26.6,22.9,18.6,15.6,38.8,17.9,15.1,23.8,23.5,23.3,26.2,19.6,35.6,72,68.4,29.9,52.9,28.8,24.5,33.5,32.8,11.9,50,29.9,30.2,9,65.2,34.6,28.1,19.8,27,30.6,25.9,28.1,20.5,49,23.4,18.4,29.9,29.2,27.7,31,23.8,,,,,,22.2204,114.2127
2026-09-14T15:00,28,29.9,28.1,28.9,27.2,27.3,28.4,28.6,27.6,28.1,27.2,25.6,27.6,26,26.5,27.5,27.2,27.3,28.1,26.6,28,29.1,28.2,27.3,28.3,26.6,25.7,26.6,27.6,27.2,28.2,27.7,25.7,27.5,27.6,27.6,27.8,28.1,27.3,27.3,85,79,85,76,85,86,82,84,85,88,87,88,86,92,90,82,87,81,83,82,85,80,85,87,87,86,94,95,87,88,86,85,95,84,77,84,84,84,81,85,0.1,0,0.2,0,0.2,0.9,0.1,0,0.7,0,0.8,5.1,0.1,2.2,0,0.6,0.1,0,0.2,0,0.1,0,0,0,0,0.2,0.3,5.1,0.2,0,0.1,0,0.6,0.3,0,0.5,0.1,0.2,0,0.1,1.9,2.9,2.3,3.1,4.6,4.4,0.5,0.8,1.5,1.8,11.2,20.9,1.3,4.2,7.9,3.8,4.5,3.3,1.1,6.5,3,2.2,2.3,3,1.3,11.7,2.5,11.4,4.1,2.6,2.2,4.2,5.2,1.1,4.7,1.5,2.3,3,9,0.5,,,,,,,,,,,,,,,,,,,,,,,,,,,,,,,,,,,,,,,,,27.5,25.6,24.8,28.1,27.2,28.6,27.6,28.7,28,28.2,27.8,28.4,27.6,28.6,27.6,28.1,27.8,29,28.7,28.3,28.1,25,29.2,28.2,29,28.9,28.8,29,29.6,28.2,28.1,78,87,93,79,84,72,78,71,77,70,83,75,83,71,78,79,73,67,71,73,75,87,69,76,71,68,70,71,64,76,75,0.5,7.4,18.2,0,1.6,0,1.5,0.1,0.1,0,2.9,0,0.7,0.2,1.7,0.3,0,0,0,0,0,0.3,0,0.5,0,0.1,0,0,0,0,0,28.1,55.8,52.2,24.2,42.2,25.6,17.7,28.9,27,11.6,36.5,23.5,19.8,6.8,50.5,28.5,19.4,15.3,20.2,25,22.8,17,16.2,38.5,17.3,13.4,23.6,24.1,21.7,24.2,18,34.2,72.4,67.3,28.4,52.2,29.5,23.4,35.6,31,12.2,48.6,28.4,30.6,9.4,63.4,33.8,26.3,18,25.6,28.8,26.3,24.5,20.2,49,22,16.6,28.8,29.9,25.9,29.5,21.2,,,,,,22.2204,114.2127
2026-09-14T16:00,28.1,30.2,28.2,29,27.2,27.3,28.4,28.6,27.7,28.1,27.3,25.9,27.7,25.8,26.7,27.4,27.3,27.4,28.2,26.6,28.1,29.2,28.4,27.3,28.4,26.6,25.7,26.6,27.6,27.2,28.3,27.7,25.7,27.6,27.5,27.5,27.8,28.1,27.3,27.3,84,77,85,76,85,86,82,85,85,87,86,88,85,93,90,83,87,80,83,82,86,80,84,87,87,86,93,95,87,89,85,85,96,83,77,84,83,84,82,85,0.1,0,0.2,0,0.2,0.9,0.1,0,0.7,0,0.8,5.1,0.1,2.2,0,0.6,0.1,0,0.2,0,0.1,0,0,0,0,0.2,0.3,5.1,0.2,0,0.1,0,0.6,0.3,0,0.5,0.1,0.2,0,0.1,2.2,2.7,2.6,2.9,4.1,3.9,0.8,0.8,1.9,2.3,11.3,21.1,1.3,4.1,7.2,3.9,4.4,2.9,1.1,5.4,2.9,2.2,2.6,2.9,2.3,11.6,3.1,10.3,3.9,2.9,2.5,3.8,4.8,0.7,4.7,1.5,2.7,2.3,9,0,,,,,,,,,,,,,,,,,,,,,,,,,,,,,,,,,,,,,,,,,27.5,25.5,24.8,28.1,27.2,28.6,27.7,28.5,27.8,28.5,27.7,28.4,27.4,28.5,27.5,28.1,28,28.9,28.6,28.2,27.9,25.4,29,28.1,28.9,28.9,28.6,28.8,29.5,28.2,28,78,88,94,79,84,72,77,73,78,69,83,75,83,73,79,79,72,68,71,74,75,87,70,77,72,67,72,73,65,76,75,0.5,7.4,18.2,0,1.6,0,1.5,0.1,0.1,0,2.9,0,0.7,0.2,1.7,0.3,0,0,0,0,0,0.3,0,0.5,0,0.1,0,0,0,0,0,26.5,57.6,50.3,22.7,41.9,25.2,17.7,30.1,24.6,11.5,35.4,22.6,21.7,10.3,48.2,27.8,18.1,14.4,20.5,23.7,22.7,14.6,16.9,38.4,16.3,10.6,23,24.5,19.1,22.3,16.2,32.8,73.1,66.2,27,51.8,30.6,22.7,37.8,28.8,12.6,47.2,27.4,31,11.5,60.5,33.5,23.8,16.9,24.8,27,25.9,19.4,19.8,49,20.5,14.8,27.4,30.6,23.4,28.1,19.1,,,,,,22.2204,114.2127
2026-09-14T17:00,28.3,30.4,28.2,29.2,27.1,27.3,28.4,28.6,27.7,28.2,27.4,26.1,27.7,25.7,26.8,27.4,27.3,27.4,28.3,26.6,28.1,29.3,28.6,27.4,28.5,26.6,25.7,26.5,27.6,27.2,28.3,27.8,25.7,27.8,27.4,27.4,27.8,28.1,27.3,27.3,84,76,85,76,85,86,82,85,85,87,86,87,85,93,89,83,87,80,82,82,86,79,83,87,86,87,93,96,87,89,85,84,96,83,77,85,82,84,82,84,0.1,0,0.2,0,0.2,0.9,0.1,0,0.7,0,0.8,5.1,0.1,2.2,0,0.6,0.1,0,0.2,0,0.1,0,0,0,0,0.2,0.3,5.1,0.2,0,0.1,0,0.6,0.3,0,0.5,0.1,0.2,0,0.1,2.2,2.6,2.9,3.3,3.6,3.4,1.1,1,2.2,2.6,10.9,21.5,1.5,4.1,6.1,3.9,4.4,2.9,0.8,4.7,3.3,1.8,3.1,2.8,2.8,11.3,3.4,9.2,3.7,3,3,3.6,4.8,0.4,4.7,1.5,2.7,1.8,9.4,0.5,,,,,,,,,,,,,,,,,,,,,,,,,,,,,,,,,,,,,,,,,27.4,25.4,24.9,28,27.1,28.5,27.8,28.3,27.7,28.6,27.7,28.3,27.3,28.3,27.4,28,28.1,28.7,28.4,28,27.7,25.6,28.8,28.1,28.8,28.7,28.5,28.6,29.4,28.2,27.9,78,88,94,79,84,72,77,75,79,68,84,76,83,75,80,80,72,69,72,75,76,87,71,77,73,68,73,75,66,76,75,0.5,7.4,18.2,0,1.6,0,1.5,0.1,0.1,0,2.9,0,0.7,0.2,1.7,0.3,0,0,0,0,0,0.3,0,0.5,0,0.1,0,0,0,0,0,25.1,57.8,50.4,21.2,42.1,24.9,17,31.6,23.1,11.5,34,21.2,23.9,13,46.3,26.6,17.6,14.1,20.9,22.2,22.3,13,17.4,38,16.1,9.5,23.2,24.9,17.1,21,15,32,72.4,66.6,26.3,52.2,31.3,22,40.7,27.7,13.3,45.4,26.3,32,14,58,33.1,22.3,16.6,24.8,25.6,25.9,15.8,20.2,48.6,20.2,14,27.4,32,22,27.7,16.9,,,,,,22.2204,114.2127
2026-09-14T18:00,28.4,30.7,28.3,29.2,27.1,27.3,28.4,28.7,27.7,28.2,27.4,26.3,27.7,25.6,26.9,27.4,27.4,27.4,28.4,26.7,28.1,29.3,28.7,27.4,28.6,26.6,25.7,26.5,27.5,27.2,28.4,27.8,25.7,27.9,27.3,27.4,27.8,28.2,27.3,27.3,83,75,84,77,85,86,82,86,85,87,85,86,84,93,89,83,87,79,81,81,86,79,83,86,86,87,93,97,87,89,84,84,96,82,77,85,82,83,83,84,0.1,0,0.2,0,0.2,0.9,0.1,0,0.7,0,0.8,5.1,0.1,2.2,0,0.6,0.1,0,0.2,0,0.1,0,0,0,0,0.2,0.3,5.1,0.2,0,0.1,0,0.6,0.3,0,0.5,0.1,0.2,0,0.1,2.5,2.6,2.9,3.5,3.3,3.4,1.5,1.8,2.2,3.1,11,21.9,1.8,3.8,5.8,4.1,4.1,2.5,0.8,4,3.7,1.8,3.6,2.9,3.3,11.3,3.7,8.1,3.7,3.4,3.4,3.5,4.5,0.4,4.8,2.1,2.9,1.5,9.5,0.5,,,,,,,,,,,,,,,,,,,,,,,,,,,,,,,,,,,,,,,,,27.3,25.3,25.2,27.9,27.2,28.3,27.7,28.2,27.6,28.5,27.8,28.1,27.3,28.2,27.3,27.9,28,28.4,28.2,27.9,27.6,25.6,28.5,28,28.6,28.5,28.3,28.5,29.3,28.1,27.8,78,89,92,79,84,73,77,76,80,69,84,77,83,76,81,80,73,71,73,76,77,88,73,78,75,70,74,76,67,77,76,1.2,4.2,2.7,0,0.5,0,2.4,0.1,0.6,0.1,2.1,0,0.6,0.1,0.8,1.9,0.2,0.1,0,0,0,1,0.2,1.5,0.1,0.3,0.5,0.3,0,0.2,0,25.5,54.5,51.5,20.2,43.2,23.4,15.3,34,23.5,11.8,31.3,19.3,25.7,14.8,44.4,24.6,18,14.8,21.3,20.6,22.7,12.5,17.3,37,16.1,10.9,24.8,25.3,16.5,20.7,13.9,32.8,69.1,69.1,27,54,32,20.5,45.4,28.4,13.7,43.6,25.2,33.8,16.2,55.4,32,22,17.3,25.9,24.1,27,15.1,20.5,47.9,20.5,15.5,29.5,33.8,21.6,28.8,15.5,,,,,,22.2204,114.2127
2026-09-14T19:00,28.5,30.8,28.3,29.3,27.1,27.3,28.4,28.7,27.7,28.3,27.5,26.5,27.7,25.5,27,27.4,27.4,27.4,28.5,26.7,28.1,29.4,28.8,27.4,28.6,26.6,25.8,26.5,27.5,27.3,28.4,27.7,25.7,28,27.2,27.3,27.8,28.2,27.3,27.3,83,74,84,77,85,86,82,86,85,87,84,86,84,93,89,83,86,79,80,81,86,79,82,86,85,87,93,97,87,89,84,84,96,82,78,85,81,83,83,84,0.1,0,0.2,0,0.2,0.9,0.1,0,0.7,0,0.8,5.1,0.1,2.2,0,0.6,0.1,0,0.2,0,0.1,0,0,0,0,0.2,0.3,5.1,0.2,0,0.1,0,0.6,0.3,0,0.5,0.1,0.2,0,0.1,2.5,2.3,2.9,4,3.1,2.9,1.5,2.1,2.5,3.6,10.7,22,1.8,4.1,5.1,4,4.1,2.5,0.8,3.8,3.8,1.5,3.9,3.1,3.8,10.9,4,7.4,3.6,3.5,3.5,3.7,4.7,0,4.6,2.4,2.9,1.1,9.5,1,,,,,,,,,,,,,,,,,,,,,,,,,,,,,,,,,,,,,,,,,27.2,25.2,25.6,27.8,27.3,28.2,27.4,28.1,27.5,28.3,27.8,27.9,27.4,28,27.1,27.8,27.7,28.1,28,27.8,27.4,25.4,28.2,28,28.3,28.1,28.2,28.4,29.1,28,27.7,79,89,88,80,83,75,79,77,81,71,84,79,82,77,82,80,75,73,74,77,77,89,74,78,76,73,74,76,68,78,77,1.2,4.2,2.7,0,0.5,0,2.4,0.1,0.6,0.1,2.1,0,0.6,0.1,0.8,1.9,0.2,0.1,0,0,0,1,0.2,1.5,0.1,0.3,0.5,0.3,0,0.2,0,26.8,50.6,53.4,19.5,45.2,21.6,13.8,37.2,25.3,11.9,28.4,17.4,27.4,16.7,42.7,23,18.4,15.6,22.4,18.7,23,13,17.3,35.6,16.5,14.2,27.2,25.8,16.7,20.7,13,33.8,64.4,73.1,28.4,56.2,33.1,19.1,50.4,30.2,14,41.4,24.5,36,18.7,53.3,30.6,22.7,19.1,27.7,22.7,28.1,15.5,21.2,46.8,22,18.4,32.4,36.4,22,31,14.4,,,,,,22.2204,114.2127
2026-09-14T20:00,28.5,30.8,28.3,29.3,27.1,27.3,28.4,28.7,27.7,28.3,27.5,26.6,27.7,25.5,27,27.4,27.4,27.4,28.6,26.7,28.1,29.4,28.9,27.4,28.6,26.6,25.8,26.5,27.5,27.3,28.5,27.7,25.7,28,27.2,27.2,27.8,28.2,27.3,27.3,83,73,84,77,85,86,82,86,85,87,84,86,84,93,89,83,86,79,80,81,86,79,82,86,85,87,93,97,87,89,83,84,96,82,78,85,81,83,83,84,0.1,0,0.2,0,0.2,0.9,0.1,0,0.7,0,0.8,5.1,0.1,2.2,0,0.6,0.1,0,0.2,0,0.1,0,0,0,0,0.2,0.3,5.1,0.2,0,0.1,0,0.6,0.3,0,0.5,0.1,0.2,0,0.1,2.5,2.3,2.9,4,2.8,2.6,1.5,2.1,2.5,3.6,10.7,22.2,1.8,3.8,4.7,4,4.1,2.2,0.8,3.4,3.8,1.5,4.2,3,4.1,10.6,4,6.7,3.6,3.7,3.5,3.6,4.4,0,4.7,2.7,2.9,1.1,9.5,1,,,,,,,,,,,,,,,,,,,,,,,,,,,,,,,,,,,,,,,,,27.1,25.1,26,27.8,27.3,28,27.1,28,27.4,28,27.9,27.8,27.4,27.8,27,27.7,27.5,27.9,27.9,27.7,27.3,25.3,27.9,27.9,28.1,27.9,28,28.3,29,27.9,27.5,80,90,85,80,83,76,80,77,81,73,84,80,82,78,82,80,77,74,75,78,78,90,76,79,78,75,75,76,69,79,78,1.2,4.2,2.7,0,0.5,0,2.4,0.1,0.6,0.1,2.1,0,0.6,0.1,0.8,1.9,0.2,0.1,0,0,0,1,0.2,1.5,0.1,0.3,0.5,0.3,0,0.2,0,27.4,47.7,57.3,19.6,45.4,21.2,12.3,39,26.3,12.1,26.3,15.5,28.7,19.3,42,21.6,19.2,16.8,23.4,17.7,23,14.1,17.6,35,17.7,16.9,28.6,26,17,21.7,12.2,34.2,61.2,77.8,30.2,56.5,34.2,16.9,53.6,31.7,14.8,40.3,23.4,38.2,22,52.2,28.8,23.4,20.9,29.5,22.7,28.8,16.6,22.3,46.8,23.4,20.9,34.2,38.2,22.7,33.5,13.7,,,,,,22.2204,114.2127
2026-09-14T21:00,28.4,30.8,28.2,29.2,27.1,27.3,28.3,28.6,27.7,28.3,27.5,26.6,27.7,25.5,27.1,27.4,27.4,27.4,28.6,26.7,28.1,29.4,28.9,27.4,28.6,26.6,25.8,26.5,27.5,27.3,28.5,27.7,25.7,28,27.1,27.2,27.8,28.1,27.3,27.3,83,73,84,77,85,86,82,86,85,87,84,86,84,93,89,83,86,79,80,81,86,79,82,86,85,87,93,97,87,89,82,84,96,82,78,85,81,83,83,84,0.1,0,0,0.1,0,0,0.4,0,0.6,0.2,0,0.7,0.3,0,0,0.1,0,0,0.1,0,0,0,0,0,0.2,0,0,3.9,0,0.1,0.1,0,0.1,0.1,0,0.1,0.1,0.5,0,0,2.5,2.4,2.9,3.9,2.6,2.3,1.5,1.8,2.5,3.4,10.6,22.1,1.8,3.6,4.3,4,4.1,1.8,0.8,3.4,3.7,1.4,4.2,2.5,3.9,10.4,4,6.4,3.6,3.7,3.4,3.6,4.1,0,4.7,3.1,2.9,1.1,9.5,1,,,,,,,,,,,,,,,,,,,,,,,,,,,,,,,,,,,,,,,,,27,25.2,26.3,27.7,27.2,27.8,26.6,27.9,27.4,27.8,27.8,27.7,27.4,27.7,27,27.7,27.5,27.8,27.8,27.7,27.2,25.3,27.8,27.8,27.9,27.8,27.8,28.2,28.9,27.8,27.4,81,91,82,80,84,78,83,77,81,74,84,81,82,78,82,81,78,75,76,79,79,90,77,80,79,76,76,77,69,79,78,1.8,10.7,1.4,0.8,2.2,0.4,1.6,0.3,1,0.4,3.5,0,0.6,0.1,1,0.5,0,0.2,0.1,0.1,0.1,1.4,0.1,0.3,0.5,0.3,0.5,0.2,0,1.1,0.3,25.8,43.9,63.2,21.3,42.2,23.5,9.8,39.2,26.1,12.9,26.5,14,30,21.3,42.6,19.5,19.9,17.4,25.6,18,22,15.2,18.8,36.2,19.7,18.1,27.9,25.8,17.1,23.8,11.3,33.1,60.8,84.2,32.8,53.6,35.6,13.7,53.3,32.8,15.8,41,22,40.3,25.9,52.6,26.6,24.5,22.3,31.3,24.1,28.4,18,23.8,48.2,25.2,22.3,33.5,39.2,24.1,36.4,12.6,,,,,,22.2204,114.2127
2026-09-14T22:00,28.4,30.6,28.2,29,27,27.3,28.3,28.6,27.6,28.2,27.5,26.6,27.6,25.5,27.1,27.3,27.4,27.3,28.6,26.7,28,29.3,28.9,27.5,28.5,26.7,25.8,26.5,27.5,27.3,28.5,27.6,25.8,28,27.1,27.1,27.8,28.1,27.3,27.3,83,73,84,77,85,86,83,85,86,86,83,86,84,93,88,83,85,79,80,81,85,79,82,86,84,87,93,97,87,89,81,85,95,82,79,85,81,83,83,84,0.1,0,0,0.1,0,0,0.4,0,0.6,0.2,0,0.7,0.3,0,0,0.1,0,0,0.1,0,0,0,0,0,0.2,0,0,3.9,0,0.1,0.1,0,0.1,0.1,0,0.1,0.1,0.5,0,0,2.2,2.5,2.6,4,2.6,2,1.3,1.3,2.3,3.5,10.5,21.7,1.4,3.4,4.3,3.8,4.2,1.8,1.1,3.3,3.6,1.1,4.2,2.2,3.5,9.7,4.2,6.4,3.6,3.4,3,4,4.3,0.4,4.3,3.1,2.7,1.5,9.1,0.8,,,,,,,,,,,,,,,,,,,,,,,,,,,,,,,,,,,,,,,,,26.8,25.5,26.6,27.7,27,27.6,26.1,27.9,27.5,27.6,27.8,27.7,27.4,27.5,26.9,27.6,27.5,27.9,27.7,27.6,27.2,25.3,27.7,27.7,27.8,27.7,27.6,28.1,28.7,27.8,27.4,83,93,80,79,86,79,86,78,80,75,84,82,82,79,82,81,79,75,76,80,79,90,78,80,79,76,76,78,70,79,78,1.8,10.7,1.4,0.8,2.2,0.4,1.6,0.3,1,0.4,3.5,0,0.6,0.1,1,0.5,0,0.2,0.1,0.1,0.1,1.4,0.1,0.3,0.5,0.3,0.5,0.2,0,1.1,0.3,23.4,44.6,70.6,23.8,38.1,27,6.9,38.3,25.8,13.6,28,13.3,31.7,22.8,43.7,16.6,20.6,18,28.3,19.1,20.9,16.6,20.4,38.4,21.7,18.9,26.3,26,17.4,27,10.2,31.3,61.9,91.4,36,49.3,37.1,10.4,50.8,33.5,16.9,42.8,20.5,42.1,30.6,54,24.5,26.3,23.8,33.5,27,27.7,19.4,25.2,50.8,27,23.4,31,39.6,25.6,39.6,11.5,,,,,,22.2204,114.2127
2026-09-14T23:00,28.2,30.3,28.1,28.8,27,27.2,28.2,28.5,27.5,28.1,27.5,26.6,27.5,25.5,27.1,27.3,27.3,27.3,28.5,26.7,28,29.2,28.8,27.5,28.3,26.7,25.7,26.4,27.4,27.2,28.5,27.5,25.8,28,27,27,27.7,28,27.3,27.2,83,73,85,78,85,87,83,85,86,86,83,87,85,93,88,82,84,79,80,80,85,79,82,86,83,86,93,96,86,89,80,85,95,82,80,86,82,83,82,85,0.1,0,0,0.1,0,0,0.4,0,0.6,0.2,0,0.7,0.3,0,0,0.1,0,0,0.1,0,0,0,0,0,0.2,0,0,3.9,0,0.1,0.1,0,0.1,0.1,0,0.1,0.1,0.5,0,0,2.3,2.9,2.3,4.1,2.7,1.8,1.3,0.8,1.9,3.4,10.5,21.3,1.1,3.4,4.4,3.5,4.5,1.4,1.5,3.7,3.3,1,4.2,1.4,3.3,9.3,4.2,6.4,3.9,3.2,2.5,4,4.3,0.5,4.2,3.2,2.7,1.9,8.7,0.4,,,,,,,,,,,,,,,,,,,,,,,,,,,,,,,,,,,,,,,,,26.6,25.6,26.8,27.6,26.9,27.5,25.8,27.8,27.5,27.4,27.7,27.7,27.4,27.4,26.8,27.6,27.5,27.9,27.6,27.5,27.2,25.3,27.6,27.6,27.7,27.6,27.4,28,28.6,27.8,27.3,84,94,79,79,87,80,87,78,80,76,84,83,82,79,82,82,79,75,77,80,80,90,79,81,80,76,76,78,70,79,78,1.8,10.7,1.4,0.8,2.2,0.4,1.6,0.3,1,0.4,3.5,0,0.6,0.1,1,0.5,0,0.2,0.1,0.1,0.1,1.4,0.1,0.3,0.5,0.3,0.5,0.2,0,1.1,0.3,20.9,49.3,75.9,26.6,35.6,30.2,5.1,36.9,24.8,14.1,29,13.4,32.4,24.7,44.8,15,21.7,19.8,30.4,21.1,19.8,18.2,22.3,40.5,23.1,20.6,24.5,26.7,17.8,29.6,9.7,29.2,63.7,97.2,38.9,45.4,38.5,9,48.6,33.5,18,43.9,20.2,43.6,34.6,55.4,22.7,28.1,25.9,35.3,29.5,27,21.6,27,52.9,28.4,24.8,28.8,40,26.3,41.4,11.2,,,,,,22.2204,114.2127
2026-09-15T00:00,28.1,30,28,28.5,27,27.2,28.1,28.3,27.4,28,27.5,26.5,27.4,25.5,27.2,27.3,27.3,27.2,28.4,26.7,27.9,29.1,28.7,27.5,28.1,26.7,25.7,26.4,27.4,27.2,28.5,27.4,25.8,27.9,27,26.9,27.6,28,27.3,27.2,83,73,85,78,85,87,83,84,87,86,82,87,85,93,87,82,84,80,80,80,84,79,82,86,83,86,93,96,86,89,79,86,95,83,80,86,82,82,82,85,0.1,0,0,0.1,0,0,0.4,0,0.6,0.2,0,0.7,0.3,0,0,0.1,0,0,0.1,0,0,0,0,0,0.2,0,0,3.9,0,0.1,0.1,0,0.1,0.1,0,0.1,0.1,0.5,0,0,2.3,3.8,2.1,4.7,3,1.8,1,0.5,1.3,3.2,10.4,20.8,0.8,3.2,4.5,3.4,4.7,1.1,1.9,3.6,3.4,1.6,4.2,0.8,3.3,8.9,4.1,6.4,4.2,2.7,2.3,4,4.1,0.8,3.8,2.9,2.6,2.4,8.3,0.5,,,,,,,,,,,,,,,,,,,,,,,,,,,,,,,,,,,,,,,,,26.5,25.7,26.6,27.5,26.8,27.4,26.1,27.7,27.4,27.2,27.7,27.6,27.5,27.3,26.7,27.4,27.4,27.7,27.4,27.4,27,25.2,27.5,27.5,27.5,27.4,27.2,27.9,28.3,27.6,27.3,84,94,81,80,87,80,85,79,80,76,84,83,82,79,82,82,79,75,78,80,81,90,79,81,81,77,76,78,71,79,78,1.8,3.1,6.1,0.7,2.1,0.1,0.7,0.1,0.1,0.7,3.6,1.7,1,0.3,0.6,0.9,0.1,0.5,0,0.5,0.3,1.2,0,0.4,0.2,0.5,0.3,0.6,0,0.1,0,18.7,52,76.9,29.6,33.8,32,6.5,35.4,23.3,14.8,28,15.5,32.4,27.8,46.2,15,23.7,23.3,31.6,24.3,19.4,20.4,24,41.8,23,24.1,23,28.5,17.6,30.4,9.7,26.6,66.2,99.7,41,42.8,40.7,11.5,47.2,32,19.1,43.2,22,44.3,37.8,57.2,22,30.2,29.2,36.7,32,25.9,24.1,28.4,54,28.8,28.1,26.6,40.7,25.2,41,11.5,,,,,,22.2204,114.2127
2026-09-15T01:00,27.9,29.6,27.8,28.2,27,27.1,27.9,28.2,27.2,27.9,27.5,26.4,27.3,25.6,27.2,27.3,27.2,27.2,28.3,26.7,27.9,29,28.6,27.5,27.9,26.7,25.7,26.4,27.4,27.1,28.4,27.3,25.9,27.9,27,26.8,27.5,27.9,27.3,27.2,83,73,85,78,86,87,84,83,87,85,82,88,86,94,87,82,83,80,80,80,84,79,82,86,82,85,93,95,85,89,78,87,94,83,81,87,83,82,81,86,0.1,0,0,0.1,0,0,0.4,0,0.6,0.2,0,0.7,0.3,0,0,0.1,0,0,0.1,0,0,0,0,0,0.2,0,0,3.9,0,0.1,0.1,0,0.1,0.1,0,0.1,0.1,0.5,0,0,2.3,4.7,2,5.9,3.3,1.9,1.1,1.5,1,3.3,10.8,20.1,0.8,3.1,4.7,3.3,4.9,0.8,2.3,4.3,3.6,2.2,3.9,0.8,3.5,8.5,4.1,6.7,4.2,2.3,2.5,4,4.2,1,3.3,2.9,2.9,2.7,7.9,0.7,,,,,,,,,,,,,,,,,,,,,,,,,,,,,,,,,,,,,,,,,26.3,25.7,26.2,27.4,26.9,27.4,26.7,27.6,27.4,27.1,27.7,27.5,27.5,27.2,26.6,27.3,27.3,27.6,27.2,27.3,26.9,25.1,27.4,27.4,27.3,27.1,27.1,27.8,28,27.4,27.2,84,93,84,80,87,79,82,79,79,77,85,82,83,80,81,82,80,76,78,80,82,90,79,82,82,78,75,77,72,79,78,1.8,3.1,6.1,0.7,2.1,0.1,0.7,0.1,0.1,0.7,3.6,1.7,1,0.3,0.6,0.9,0.1,0.5,0,0.5,0.3,1.2,0,0.4,0.2,0.5,0.3,0.6,0,0.1,0,17,54.5,75.9,32.5,32.1,33.3,9.9,34.5,21.5,16.3,26,19.2,31.4,30.8,47.6,16.2,26,27.7,32,27.9,19.5,23.2,25.6,42.9,22.4,28.4,21.1,30.8,17.2,30.5,10.5,24.1,69.1,100.8,43.2,40.7,42.8,15.8,45.4,29.5,19.8,41.8,24.8,44.3,40.7,59,22,32.8,33.1,37.4,34.2,24.5,27,29.9,54.7,28.8,31.7,24.5,41.8,23.4,39.6,12.2,,,,,,22.2204,114.2127
2026-09-15T02:00,27.7,29.2,27.7,27.9,27,27,27.8,28.1,27.1,27.8,27.4,26.3,27.1,25.6,27.2,27.2,27.1,27.1,28.2,26.8,27.8,28.9,28.5,27.5,27.7,26.8,25.6,26.4,27.4,27.1,28.4,27.2,25.9,27.8,26.9,26.7,27.5,27.8,27.3,27.1,84,74,86,78,86,88,84,82,88,85,82,89,86,94,86,81,83,80,81,80,83,79,82,87,82,85,92,95,85,89,77,88,93,84,82,87,84,82,80,86,0.1,0,0,0.1,0,0,0.4,0,0.6,0.2,0,0.7,0.3,0,0,0.1,0,0,0.1,0,0,0,0,0,0.2,0,0,3.9,0,0.1,0.1,0,0.1,0.1,0,0.1,0.1,0.5,0,0,2.4,5.8,1.8,7.3,3.3,1.8,1.1,2.5,0.7,3.5,10.9,19.4,1.5,2.6,5,3.7,5.2,0.5,2.6,4.7,4.1,2.9,3.8,1.6,4.1,8.1,4.1,7.1,4.3,1.8,2.9,4,4.3,1.3,3.3,3.1,2.9,3.5,7.6,1.5,,,,,,,,,,,,,,,,,,,,,,,,,,,,,,,,,,,,,,,,,26.2,25.7,25.9,27.3,26.9,27.3,27.1,27.5,27.3,27,27.7,27.4,27.5,27.1,26.5,27.2,27.2,27.4,27,27.1,26.7,25,27.3,27.3,27.1,26.9,26.9,27.7,27.8,27.3,27.1,84,92,86,81,86,78,79,80,79,77,85,81,83,80,81,81,80,76,78,80,82,90,79,82,82,78,74,77,72,79,78,1.8,3.1,6.1,0.7,2.1,0.1,0.7,0.1,0.1,0.7,3.6,1.7,1,0.3,0.6,0.9,0.1,0.5,0,0.5,0.3,1.2,0,0.4,0.2,0.5,0.3,0.6,0,0.1,0,16.6,55.8,74.9,34.8,31.7,33.8,12.7,33.8,19.7,17.8,24.7,22,30.7,32.8,48.6,18,27.7,30.9,32.1,30.3,20.3,24.5,26.8,43.7,21.3,30.5,19.7,32,17,30.1,11.4,23,70.6,100.8,44.3,40,44.3,19.8,44.3,27,21.2,40.3,27.7,44.3,42.1,60.5,23,34.2,36.4,37.8,36,24.5,28.8,31.3,55.1,28.1,33.5,22.7,42.1,22,37.8,13.3,,,,,,22.2204,114.2127
2026-09-15T03:00,27.5,28.8,27.6,27.6,26.9,27,27.7,27.9,27,27.7,27.4,26.1,27,25.7,27.2,27.2,27.1,27.1,28.1,26.8,27.7,28.8,28.4,27.5,27.5,26.8,25.6,26.4,27.5,27.1,28.4,27.1,25.9,27.7,26.9,26.6,27.4,27.7,27.3,27.1,84,74,86,79,86,88,85,81,89,85,81,89,87,94,86,81,82,81,81,79,83,79,82,87,81,84,92,94,84,89,76,89,93,84,83,87,84,82,80,87,0.1,0,0,0.1,0,0,0.4,0,0.6,0.2,0,0.7,0.3,0,0,0.1,0,0,0.1,0,0,0,0,0,0.2,0,0,3.9,0,0.1,0.1,0,0.1,0.1,0,0.1,0.1,0.5,0,0,3,6.8,1.9,9,3.6,2.2,1.1,3.6,1,4.1,10.9,18.7,1.9,2.5,5.5,3.8,5.5,0.7,3,5.2,4.7,3.6,3.8,2.7,4.9,7.9,4.1,7.4,4.7,1.4,3.8,4,4.6,1.8,2.9,2.8,2.9,3.9,7,1.9,,,,,,,,,,,,,,,,,,,,,,,,,,,,,,,,,,,,,,,,,26.1,25.8,25.8,27.1,26.9,27.2,27.2,27.3,27.2,26.9,27.6,27.3,27.5,27,26.6,27.1,27.1,27.2,26.8,27,26.7,24.8,27.2,27.2,27.1,26.8,26.8,27.6,27.6,27.1,27,84,92,87,81,85,79,78,80,79,77,85,81,83,80,80,80,80,77,77,81,82,91,79,82,82,78,73,77,72,79,78,1.2,2.5,4.9,0.1,2.6,0,0.9,0.1,0.5,1.1,3.2,0.9,1.3,0.4,0.6,0.8,0.3,0.4,0,0.2,0.3,7.1,0.1,0.5,0.2,0.6,0,0,0,0,0,17.3,54.8,74.6,35.5,32.8,33.9,14.6,34.2,17.9,19.6,23.9,23.7,30,33.1,47.9,21,28.3,32.6,31.7,31,21.9,23.6,27.6,43.6,20.7,29.5,18.1,31.1,16.9,29.2,12.1,24.1,69.1,99.7,44.3,40.7,43.9,22,43.6,24.8,23,38.9,29.9,43.6,42.1,61.2,25.9,34.6,38.9,37.8,36.7,26.6,28.1,32.4,54.4,27,32.4,21.2,41.8,21.6,36.4,14.4,,,,,,22.2204,114.2127
2026-09-15T04:00,27.4,28.4,27.5,27.4,26.9,26.9,27.6,27.8,26.8,27.6,27.3,26,26.9,25.8,27.2,27.2,27,27,28,26.8,27.7,28.7,28.3,27.6,27.3,26.9,25.6,26.4,27.5,27,28.4,27,26,27.6,26.8,26.5,27.3,27.7,27.3,27,84,75,87,79,86,88,85,81,89,84,81,90,88,94,85,80,81,81,81,79,82,79,82,87,80,84,92,93,84,89,75,89,92,84,84,88,85,82,79,87,0.1,0,0,0.1,0,0,0.4,0,0.6,0.2,0,0.7,0.3,0,0,0.1,0,0,0.1,0,0,0,0,0,0.2,0,0,3.9,0,0.1,0.1,0,0.1,0.1,0,0.1,0.1,0.5,0,0,3.3,7.9,2.2,10.6,4,2.2,1.6,4.4,1.3,4.6,11.4,17.7,2.4,2.5,5.9,4.4,5.8,0.8,3.3,5.9,5.5,4.3,3.6,3.4,5.8,7.6,3.9,7.4,4.7,1.1,4.3,4,4.5,2,2.9,2.8,2.5,4.7,6.8,2.3,,,,,,,,,,,,,,,,,,,,,,,,,,,,,,,,,,,,,,,,,26.1,25.9,25.9,26.9,26.9,27,27.1,27.2,27.2,26.9,27.6,27.2,27.5,27,26.8,27.2,27,27,26.7,26.8,26.7,24.7,27.1,27,27.1,26.7,26.6,27.5,27.4,27,27,84,92,87,81,84,80,79,80,78,78,84,80,84,80,79,79,80,78,77,81,82,93,78,82,82,78,72,76,72,79,78,1.2,2.5,4.9,0.1,2.6,0,0.9,0.1,0.5,1.1,3.2,0.9,1.3,0.4,0.6,0.8,0.3,0.4,0,0.2,0.3,7.1,0.1,0.5,0.2,0.6,0,0,0,0,0,19.7,52.2,74.2,35.6,34.9,33.9,15.7,35.3,16.4,21.6,23.2,24.6,29.6,32.2,47.1,24.6,28,33,31.1,30.4,23.9,21.8,28.2,43.2,20.1,27.2,17.3,29.4,17.3,27.8,12.5,26.6,66.6,97.6,43.2,42.5,42.8,23.4,43.2,22.7,25.2,37.8,31.7,42.5,40.7,61.6,29.9,33.8,40.3,37.1,36.4,30.2,26.6,33.1,52.9,25.2,29.9,20.5,40.7,21.2,34.9,15.5,,,,,,22.2204,114.2127
2026-09-15T05:00,27.2,28,27.4,27.1,26.9,26.9,27.6,27.7,26.7,27.5,27.3,25.9,26.8,25.9,27.2,27.2,27,27,27.9,26.8,27.6,28.7,28.2,27.6,27.2,26.9,25.6,26.5,27.5,27,28.4,26.9,26,27.6,26.8,26.5,27.3,27.6,27.4,27,84,75,87,79,86,89,85,80,90,84,81,91,88,94,85,80,81,81,82,79,82,79,83,87,80,83,92,93,83,88,74,90,92,85,85,88,85,82,79,88,0.1,0,0,0.1,0,0,0.4,0,0.6,0.2,0,0.7,0.3,0,0,0.1,0,0,0.1,0,0,0,0,0,0.2,0,0,3.9,0,0.1,0.1,0,0.1,0.1,0,0.1,0.1,0.5,0,0,3.6,8.7,2.2,12.3,4,2.3,1.8,5.4,1.9,5.1,11.5,16.9,2.9,2.5,6.1,4.7,6.2,1.3,3.8,6.4,6,4.7,3.1,4.6,6.6,7.6,3.9,7.8,5,1,5.4,4,4.8,2.3,2.6,2.8,2.5,5,6.6,2.7,,,,,,,,,,,,,,,,,,,,,,,,,,,,,,,,,,,,,,,,,26,26,25.8,26.8,26.8,26.9,27.1,27.1,27.1,26.9,27.5,27.2,27.5,26.9,26.7,27.2,26.9,26.8,26.7,26.7,26.8,24.6,27.1,27,27.2,26.6,26.5,27.4,27.3,27,26.9,85,91,87,81,84,81,79,80,78,78,84,80,84,80,79,79,80,78,76,82,81,94,78,82,81,77,71,76,71,78,78,1.2,2.5,4.9,0.1,2.6,0,0.9,0.1,0.5,1.1,3.2,0.9,1.3,0.4,0.6,0.8,0.3,0.4,0,0.2,0.3,7.1,0.1,0.5,0.2,0.6,0,0,0,0,0,22.9,51.1,75.4,35.3,37.2,33.7,16.9,36.1,15.9,23.4,23.1,25,29,31.6,47.1,27.9,26.9,32.4,29.4,29.5,25.8,22,28.3,43.1,18,23.8,17.4,28.3,17.6,26,13.4,29.5,64.8,98.3,42.5,44.6,41.8,24.5,42.8,21.6,27.4,37.1,32.8,41.8,39.6,63,33.5,32.4,40.3,35.3,36,33.1,27,33.5,52.2,22.7,26.6,20.5,40.3,21.6,33.5,16.9,,,,,,22.2204,114.2127
2026-09-15T06:00,27.1,27.8,27.3,26.9,26.9,26.9,27.5,27.6,26.6,27.4,27.2,25.8,26.7,25.9,27.2,27.2,27,27,27.9,26.8,27.6,28.6,28.1,27.6,27,26.9,25.6,26.5,27.5,27,28.4,26.8,26.1,27.5,26.8,26.4,27.3,27.5,27.4,26.9,85,76,87,79,86,89,86,79,90,83,81,91,89,94,84,80,80,82,82,79,81,79,82,87,79,83,92,92,83,88,73,91,91,85,85,88,86,81,78,88,0.1,0,0,0.1,0,0,0.4,0,0.6,0.2,0,0.7,0.3,0,0,0.1,0,0,0.1,0,0,0,0,0,0.2,0,0,3.9,0,0.1,0.1,0,0.1,0.1,0,0.1,0.1,0.5,0,0,4,9.4,2.5,13.2,4.3,2.3,2.3,6.2,2.3,5.7,11.7,16.2,3.1,2.3,6.6,5.1,6.5,1.3,4.1,6.7,6.7,5.1,2.8,4.9,7.3,7.6,3.7,8.1,5,1.3,6.1,3.6,4.7,2.5,2.7,2.6,2.6,5.4,6.4,3.1,,,,,,,,,,,,,,,,,,,,,,,,,,,,,,,,,,,,,,,,,25.8,26.1,25.6,26.8,26.4,26.8,27.2,27,27.2,27,27.6,27.3,27.4,27,26.1,27.1,26.8,26.8,26.6,26.6,26.8,24.6,27.1,27.1,27.2,26.7,26.4,27.5,27.2,27.1,27,87,90,87,81,86,81,79,80,78,78,84,79,85,80,82,79,79,77,76,82,80,94,77,81,81,75,70,75,70,77,78,2.8,1.3,10.7,0.1,4,0,0.4,0,0.4,0.1,3,0,0.7,0,6.1,0.8,0,1,0,0.6,0.3,8.3,0.1,0.4,0.1,0.1,0,0,0,0,0,26.3,52.1,79.6,34.8,38.7,33.6,18.1,36.2,17,25.5,23.1,23.8,28.9,30.9,49.5,30.8,24.1,29.7,26.4,28.8,27.2,25.3,27.9,43.5,14.7,19.7,17.9,28.4,17.5,23.9,14.7,33.5,65.5,103.7,42.1,47.2,41.4,25.6,42.5,22.7,29.5,37.1,32,41,38.9,66.2,36,28.8,37.1,32,34.9,34.9,32,33.5,53.3,18.4,23,22,41,22.3,31.7,18.4,,,,,,22.2204,114.2127
2026-09-15T07:00,27,27.6,27.3,26.8,27,27,27.5,27.6,26.6,27.4,27.2,25.7,26.7,26,27.2,27.3,27,27,27.8,26.8,27.6,28.6,28.1,27.6,26.9,27,25.7,26.5,27.5,27,28.4,26.8,26.1,27.5,26.8,26.4,27.3,27.5,27.4,26.9,85,76,87,78,86,88,85,78,91,83,81,92,89,93,84,79,79,82,82,79,81,79,82,87,79,82,91,92,82,88,73,91,90,85,86,88,86,81,78,88,0.1,0,0,0.1,0,0,0.4,0,0.6,0.2,0,0.7,0.3,0,0,0.1,0,0,0.1,0,0,0,0,0,0.2,0,0,3.9,0,0.1,0.1,0,0.1,0.1,0,0.1,0.1,0.5,0,0,4.3,9.8,2.6,14.2,4,2.4,2.5,6.6,2.5,6,11.5,15.5,3.3,2.3,6.9,5.4,6.8,1.5,4.1,7.2,7,5.4,2.6,5.6,7.5,7.5,3.5,8.1,5.2,1.5,6.5,3.6,5.1,2.8,2.6,2.7,2.6,5.7,6.3,3.1,,,,,,,,,,,,,,,,,,,,,,,,,,,,,,,,,,,,,,,,,25.6,26.2,25.4,27,25.9,26.8,27.3,26.9,27.3,27.1,27.7,27.5,27.3,27,25.3,27.1,26.8,26.9,26.5,26.7,26.9,24.7,27.2,27.3,27.3,26.8,26.3,27.6,27.2,27.3,27.1,89,88,88,81,90,80,78,79,77,78,83,78,85,79,87,80,78,76,76,82,80,93,77,80,80,72,69,75,70,76,77,2.8,1.3,10.7,0.1,4,0,0.4,0,0.4,0.1,3,0,0.7,0,6.1,0.8,0,1,0,0.6,0.3,8.3,0.1,0.4,0.1,0.1,0,0,0,0,0,30.2,54.4,85.5,34,40,33.5,19.8,35.9,19.8,27.2,23.4,22.1,28.8,30.4,53.1,33,20.4,25.6,22.6,28.1,28.8,30.5,27.3,44,10.3,15,19,29.6,17.7,21.4,16.1,37.8,67.7,111.6,41.4,50,41.4,26.3,42.5,24.8,31.7,37.4,30.2,40.7,37.8,70.6,37.8,24.5,32.4,27.4,33.8,35.6,39.2,33.1,55.1,13.3,18.7,24.1,41.8,23,29.5,20.2,,,,,,22.2204,114.2127
2026-09-15T08:00,26.9,27.5,27.3,26.7,27,27,27.6,27.6,26.5,27.3,27.2,25.7,26.7,26.1,27.2,27.3,27.1,27,27.8,26.8,27.6,28.6,28.2,27.7,26.9,27,25.8,26.6,27.5,27,28.5,26.8,26.1,27.5,26.7,26.4,27.3,27.5,27.4,26.9,85,76,87,78,86,88,85,78,91,83,81,92,89,93,84,79,79,82,82,79,81,79,82,87,78,82,91,91,82,88,72,91,90,85,86,88,86,81,78,88,0.1,0,0,0.1,0,0,0.4,0,0.6,0.2,0,0.7,0.3,0,0,0.1,0,0,0.1,0,0,0,0,0,0.2,0,0,3.9,0,0.1,0.1,0,0.1,0.1,0,0.1,0.1,0.5,0,0,4.4,9.8,2.6,14.9,4,2.4,2.5,7,2.5,6.1,11.5,15.2,3.3,2.4,6.9,5.4,6.8,1.5,4.1,7.5,7,5.4,2.6,5.6,7.9,7.4,3.5,8.1,5.2,1.4,6.9,3.6,5.1,2.8,2.6,2.7,2.3,5.7,6.3,3.1,,,,,,,,,,,,,,,,,,,,,,,,,,,,,,,,,,,,,,,,,25.5,26.3,25.2,27.1,25.6,26.9,27.4,27,27.5,27.3,27.7,27.7,27.3,27.2,24.7,27.1,26.9,27.1,26.6,26.8,27,24.8,27.3,27.5,27.5,27.1,26.4,27.8,27.3,27.6,27.2,90,87,88,80,92,79,78,78,77,77,83,77,85,78,90,80,77,75,76,82,79,92,76,79,79,69,68,74,69,74,77,2.8,1.3,10.7,0.1,4,0,0.4,0,0.4,0.1,3,0,0.7,0,6.1,0.8,0,1,0,0.6,0.3,8.3,0.1,0.4,0.1,0.1,0,0,0,0,0,33.3,56.5,90.7,32.9,40.7,32.8,21.6,35.8,22.4,28.8,24.5,20.8,29.1,29.4,56,34.3,18.1,23.2,19.8,27.4,29.5,33.7,26.3,44.9,6.9,12.4,19.3,30.1,17.7,19.4,17.3,41.4,69.1,118.4,40.7,51.5,40.3,27.4,42.5,27.4,33.5,38.5,28.8,40.3,36.7,73.8,38.9,21.2,28.8,23.4,32.8,35.6,44.3,32.4,56.9,10.1,15.8,25.9,42.1,23.8,27.7,21.6,,,,,,22.2204,114.2127
2026-09-15T09:00,26.9,27.5,27.4,26.8,27,27.1,27.7,27.7,26.5,27.3,27.2,25.7,26.8,26.2,27.2,27.4,27.2,27.1,27.9,26.8,27.6,28.6,28.3,27.7,27,27.1,25.9,26.6,27.5,27.1,28.6,26.8,26.2,27.6,26.7,26.5,27.4,27.6,27.4,26.9,85,76,87,77,86,87,84,78,91,83,81,92,89,93,84,79,79,82,82,79,81,79,81,87,78,82,91,90,82,88,71,91,90,85,86,88,86,81,78,88,0.1,0,0.1,0,0,0,0,0,0.3,0.1,0,1,0,0,0,0.1,0,0,0,0,0,0,0,0,0,0,0.1,0.4,0,0,0,0.2,0.1,0.3,0,0.4,0,0.1,0,0,4.5,9.5,2.6,15.3,3.6,2.4,2.5,7,2.5,6,11.2,14.8,3.1,2.4,6.9,5.4,6.8,1.5,4.1,7.5,6.6,5.1,2.6,5.6,7.9,7,3.2,8.1,5,1.5,6.9,3.6,5.1,2.8,2.6,2.7,1.9,5.6,6.3,2.6,,,,,,,,,,,,,,,,,,,,,,,,,,,,,,,,,,,,,,,,,25.5,26.2,25.2,27.2,25.6,27.1,27.6,27.2,27.6,27.5,27.7,28,27.6,27.4,24.5,27.3,27.2,27.4,27,27,27.2,24.9,27.5,27.7,28.1,27.4,26.7,28,27.7,27.9,27.4,90,87,88,78,92,77,77,77,77,76,83,75,84,76,92,80,75,73,74,81,78,92,75,78,76,67,67,73,68,72,76,2.8,1.9,11.7,0,1.9,0,0.6,0,0.1,0.1,4.1,0,1.1,0,10.7,0.8,0,0.1,0,0.2,0,8.5,0.1,0.1,0,0,0,0,0,0,0,34.5,56.9,94.4,31.7,40.7,31.6,24.1,35.6,24.9,29.6,26.6,21.1,29.5,28,57,35,17.8,22,17.3,27.3,28.2,34.6,25.9,46.2,5.8,11.9,19.7,29.6,17.9,17.6,18.6,43.2,69.8,122.8,39.2,50.8,38.2,29.9,42.1,29.5,34.9,41,27.7,40.3,34.9,75.2,39.6,20.9,28.1,19.8,32.8,33.8,45,31.7,58,10.1,14.8,27.7,41,23.8,25.6,22.3,,,,,,22.2204,114.2127
2026-09-15T10:00,27,27.6,27.5,26.9,27.1,27.3,27.9,27.8,26.6,27.4,27.1,25.6,26.9,26.4,27.3,27.5,27.3,27.2,27.9,26.8,27.6,28.7,28.5,27.8,27.1,27.1,26.1,26.7,27.5,27.1,28.7,26.9,26.2,27.7,26.7,26.6,27.5,27.6,27.4,27,85,76,86,77,86,87,83,77,91,83,81,92,89,92,84,79,78,82,81,79,81,79,81,87,77,82,90,90,82,88,71,90,89,85,86,87,85,80,79,87,0.1,0,0.1,0,0,0,0,0,0.3,0.1,0,1,0,0,0,0.1,0,0,0,0,0,0,0,0,0,0,0.1,0.4,0,0,0,0.2,0.1,0.3,0,0.4,0,0.1,0,0,4.2,9.1,2.3,14.8,2.9,2.1,2.5,6.7,2.5,5.5,10.7,14.5,2.8,2.6,6.4,5.1,6.5,1.5,3.8,7.8,6.3,4.7,2.1,4.9,7.4,6.3,2.7,7.8,4.9,1.3,6.9,3.2,5.1,2.8,2.4,2.6,1.5,5.2,6.1,2.3,,,,,,,,,,,,,,,,,,,,,,,,,,,,,,,,,,,,,,,,,25.6,26.1,25.3,27.4,25.8,27.5,27.9,27.5,27.7,27.7,27.6,28.4,28,27.8,24.6,27.6,27.7,27.8,27.6,27.3,27.4,25,27.7,27.9,28.7,27.9,27.1,28.4,28.3,28.3,27.6,90,88,89,76,91,76,77,76,77,75,84,73,82,74,92,79,73,72,71,79,76,92,75,78,73,65,67,71,66,70,75,2.8,1.9,11.7,0,1.9,0,0.6,0,0.1,0.1,4.1,0,1.1,0,10.7,0.8,0,0.1,0,0.2,0,8.5,0.1,0.1,0,0,0,0,0,0,0,34.3,56.2,97.7,29.7,40,29.5,26.6,35.3,27.5,30.5,29.2,21.7,29.8,26.1,57.6,35.3,18.9,21.9,14.8,27.8,26.1,33.9,25.5,47.9,7.9,13,20.4,28.5,18.2,17,19.7,43.9,70.6,126.4,37.4,49,35.3,32.8,42.1,32,36.4,43.9,27.4,41,32.8,75.6,39.6,22,29.2,16.9,32.8,31,43.2,30.6,59,12.2,14.8,29.2,39.2,23,23.8,22.7,,,,,,22.2204,114.2127
2026-09-15T11:00,27.1,27.8,27.7,27.1,27.1,27.5,28.1,28,26.6,27.4,27.1,25.7,27.1,26.5,27.3,27.7,27.6,27.3,28.1,26.8,27.7,28.8,28.7,27.8,27.3,27.2,26.4,26.8,27.5,27.2,28.9,27,26.2,27.8,26.7,26.7,27.7,27.7,27.4,27,85,76,85,76,85,86,82,77,91,83,82,92,89,91,84,78,78,81,81,80,82,79,80,86,77,82,89,89,82,87,71,90,89,84,86,87,85,80,79,87,0.1,0,0.1,0,0,0,0,0,0.3,0.1,0,1,0,0,0,0.1,0,0,0,0,0,0,0,0,0,0,0.1,0.4,0,0,0,0.2,0.1,0.3,0,0.4,0,0.1,0,0,4,8,1.9,14.4,2.2,1.8,2.5,6.4,2.2,5,10.2,14.1,2.4,2.6,6.2,4.4,6.5,1,3.4,7.7,5.2,4,2.1,4.1,6.7,5.7,2.4,7.3,4.8,1,6.5,3.2,5.1,2.6,2.4,2.6,0.7,5.1,6,1.8,,,,,,,,,,,,,,,,,,,,,,,,,,,,,,,,,,,,,,,,,25.6,26,25.3,27.5,26,27.8,28.1,27.8,27.8,27.9,27.6,28.6,28.4,28,24.6,27.8,28.1,28.2,28,27.5,27.6,25,27.8,27.9,29.4,28.2,27.5,28.6,28.9,28.6,27.7,90,89,89,74,90,74,76,75,77,74,84,72,80,72,92,78,71,70,69,78,75,92,74,78,70,64,67,70,65,69,75,2.8,1.9,11.7,0,1.9,0,0.6,0,0.1,0.1,4.1,0,1.1,0,10.7,0.8,0,0.1,0,0.2,0,8.5,0.1,0.1,0,0,0,0,0,0,0,34.6,54.7,100.3,28,39.6,27.7,28.1,34.9,29.6,31.1,30.8,23,30.2,24.6,56.8,34.7,19.1,22.3,12.5,27.6,24.5,31.7,24.5,49.3,10,13.1,21.1,27.9,18.5,16.3,20.3,44.6,69.5,129.2,35.3,47.9,32,34.6,41.8,34.2,37.4,45.4,27.7,40.7,31,74.5,39.2,22.7,29.9,15.1,32.8,28.8,40.3,29.2,59.8,13.7,14.8,29.5,37.8,22.7,22,22.7,,,,,,22.2204,114.2127
2026-09-15T12:00,27.2,28.1,27.9,27.4,27.2,27.7,28.4,28.2,26.7,27.5,27.1,25.7,27.3,26.6,27.3,27.8,27.8,27.4,28.2,26.8,27.7,28.9,28.9,27.9,27.5,27.2,26.7,26.9,27.5,27.4,29.1,27.1,26.3,27.9,26.6,26.9,27.9,27.8,27.4,27,86,75,84,74,85,85,81,77,91,83,82,92,88,90,84,78,78,81,80,80,82,79,79,86,76,82,88,89,81,87,70,89,89,84,86,86,84,80,80,86,0.1,0,0.1,0,0,0,0,0,0.3,0.1,0,1,0,0,0,0.1,0,0,0,0,0,0,0,0,0,0,0.1,0.4,0,0,0,0.2,0.1,0.3,0,0.4,0,0.1,0,0,3.9,6.9,1.5,13.6,1.6,1.3,2.8,6,1.9,4.5,9.7,13.8,1.8,2.6,5.8,4,6.1,1,3.1,7.6,4.6,3,1.8,3.4,5.9,5,1.8,7,4.6,1.1,6.2,2.9,4.7,2.6,2.3,2.6,0.5,4.7,5.8,1.1,,,,,,,,,,,,,,,,,,,,,,,,,,,,,,,,,,,,,,,,,25.5,26,25.2,27.6,26.1,28,28.2,28,27.9,28,27.9,28.6,28.6,28.2,24.7,27.9,28.2,28.3,27.9,27.6,27.7,24.8,27.9,27.6,29.9,28.3,27.6,28.6,29.4,28.8,27.8,90,89,90,73,89,73,75,75,76,74,83,72,80,71,91,77,70,69,70,77,75,92,74,80,68,64,68,70,64,68,75,3.8,3.1,33.3,0,0.9,0,0.1,0,0.1,0,0.7,0,0.8,0,5.7,0.9,0,0,0.1,0,0,4.4,0,0.8,0,0,0,0,0,0,0,35.2,52.2,103,25.6,40,25.3,27.8,34.8,30.6,32,30.6,25.2,29.1,23.6,55.1,33.5,18.4,22.5,11.2,26.8,24.9,27.4,22.7,50.6,9.2,12.5,20.8,28,18.6,15.9,20.3,45.4,66.2,132.1,32,48.2,28.8,33.8,41.8,35.6,38.9,44.3,30.6,39.2,29.2,72.4,38.5,22.3,29.9,15.1,32,29.2,36.7,27,60.8,13.7,14.4,28.4,37.1,22.7,20.9,22.7,,,,,,22.2204,114.2127
2026-09-15T13:00,27.3,28.4,28.1,27.7,27.3,27.9,28.7,28.5,26.8,27.6,27.1,25.7,27.5,26.8,27.4,28,28,27.5,28.3,26.8,27.8,29,29.2,28,27.7,27.3,27,27.1,27.5,27.5,29.3,27.3,26.3,28,26.6,27.1,28.1,28,27.4,27.1,86,75,83,73,85,84,79,77,90,83,83,91,88,89,85,78,78,81,80,81,83,78,78,86,76,82,87,88,81,87,70,88,88,84,86,86,83,79,81,86,0.1,0,0.1,0,0,0,0,0,0.3,0.1,0,1,0,0,0,0.1,0,0,0,0,0,0,0,0,0,0,0.1,0.4,0,0,0,0.2,0.1,0.3,0,0.4,0,0.1,0,0,3.6,5.8,1.1,12.9,1.3,1,2.6,5.4,1.8,3.6,9.2,13.5,1.8,2.5,5.5,3.2,5.8,0.5,2.7,7.2,3.2,2.3,1.5,2.3,4.9,4.2,1.3,6.6,4.5,1.4,5.8,2.5,4.7,2.4,2.2,2.5,0.8,4,5.7,1.1,,,,,,,,,,,,,,,,,,,,,,,,,,,,,,,,,,,,,,,,,25.3,26,25,27.7,26.2,28,28.4,28.2,28.1,28.1,28.2,28.5,28.7,28.3,24.7,28.1,28.3,28.4,27.7,27.7,27.8,24.6,27.9,27.2,30.4,28.3,27.7,28.6,29.8,28.9,27.8,91,90,90,73,87,72,74,75,75,74,81,72,80,71,90,77,71,68,73,77,76,92,73,82,66,65,69,72,64,68,76,3.8,3.1,33.3,0,0.9,0,0.1,0,0.1,0,0.7,0,0.8,0,5.7,0.9,0,0,0.1,0,0,4.4,0,0.8,0,0,0,0,0,0,0,35.9,48.6,105.2,23.6,40.7,23.4,26.2,35,31,33.3,29.6,28.2,27.6,23.4,52.5,31.7,18,22.7,14.1,26,26.6,23.2,20.9,52.2,6.9,12,19.6,28.7,18.5,15.5,20.6,46.1,61.6,134.6,28.4,49.3,25.2,32,41.4,36.7,40,41.4,34.2,37.1,27.4,68.8,37.1,22,30.2,15.8,30.6,30.2,31.7,24.1,61.9,13.7,14,26.3,36.7,23,20.2,22.7,,,,,,22.2204,114.2127
2026-09-15T14:00,27.5,28.7,28.3,28,27.4,28.2,29,28.7,26.9,27.7,27.1,25.7,27.8,27,27.4,28.1,28.3,27.7,28.5,26.8,27.9,29.2,29.5,28,28,27.4,27.3,27.2,27.5,27.6,29.5,27.4,26.4,28.2,26.6,27.3,28.3,28.1,27.4,27.1,86,75,82,72,84,82,78,77,90,83,84,91,87,88,85,78,78,80,79,81,83,78,76,85,75,83,87,88,81,87,70,88,88,83,86,85,82,79,81,85,0.1,0,0.1,0,0,0,0,0,0.3,0.1,0,1,0,0,0,0.1,0,0,0,0,0,0,0,0,0,0,0.1,0.4,0,0,0,0.2,0.1,0.3,0,0.4,0,0.1,0,0,3.9,4.4,0.7,12.1,1.5,0.8,2.6,4.8,1.3,3.2,8.4,13.1,1.8,2.5,5.2,2.5,5.4,0,2.4,7.2,2.5,1.1,1.5,1.1,3.8,3.6,1.1,6.2,5,1.8,5.4,2.5,4.4,2.1,2.2,2.5,1.5,3.8,5.9,1.5,,,,,,,,,,,,,,,,,,,,,,,,,,,,,,,,,,,,,,,,,25.2,26,24.7,27.8,26.3,28.1,28.4,28.3,28.2,28.1,28.4,28.4,28.7,28.3,24.7,28.1,28.3,28.4,27.5,27.7,27.8,24.4,27.9,26.8,30.6,28.2,27.7,28.5,30.1,29,27.8,91,90,91,73,86,72,74,75,75,75,80,72,80,71,89,77,71,68,74,77,77,92,73,85,65,66,70,73,64,68,76,3.8,3.1,33.3,0,0.9,0,0.1,0,0.1,0,0.7,0,0.8,0,5.7,0.9,0,0,0.1,0,0,4.4,0,0.8,0,0,0,0,0,0,0,36.6,45.7,106.7,22.3,41.4,22,25,34.6,31.4,33.6,27.9,29.7,26.6,23.1,49.2,29.9,18.5,23.3,17.9,24.8,26.9,21.4,19,53,5.7,11.3,19.2,29.5,17.8,15.9,20.2,46.8,57.6,136.8,25.6,50.4,23,29.9,41.4,37.4,40.3,38.9,36.7,36,26.3,64.1,35.3,21.6,30.2,17.6,29.5,30.6,27.7,21.6,61.9,13.3,13.3,24.8,36.7,22.7,20.2,22.3,,,,,,22.2204,114.2127
2026-09-15T15:00,27.6,29,28.6,28.3,27.5,28.4,29.3,28.9,27,27.8,27.1,25.7,28,27.1,27.4,28.3,28.6,27.8,28.6,26.8,28,29.3,29.8,28.1,28.2,27.4,27.6,27.3,27.5,27.7,29.7,27.5,26.4,28.3,26.6,27.5,28.5,28.2,27.4,27.2,86,74,81,71,84,81,76,77,90,83,84,91,87,87,85,78,78,80,79,82,84,78,75,85,75,83,86,87,81,86,70,87,88,83,85,84,81,78,82,84,0.1,0,0.1,0,0,0,0,0,0.3,0.1,0,1,0,0,0,0.1,0,0,0,0,0,0,0,0,0,0,0.1,0.4,0,0,0,0.2,0.1,0.3,0,0.4,0,0.1,0,0,3.9,2.9,0.5,11,2.1,0.4,2.6,4.2,1.5,2.6,7.9,12.8,2.1,2.5,5.1,1.8,5.1,0,1.8,7.2,1.9,0.4,1,0.4,2.7,3.2,1.1,5.9,5.2,2.3,5,2.2,4.4,1.9,2.5,2.5,2.3,3.7,5.8,2.4,,,,,,,,,,,,,,,,,,,,,,,,,,,,,,,,,,,,,,,,,25.1,26,24.4,27.8,26.4,28.1,28.3,28.2,28.2,28,28.4,28.4,28.6,28.3,24.6,27.9,28.3,28.4,27.4,27.7,27.8,24.3,27.9,26.4,30.5,28,27.8,28.3,30.3,29,27.8,91,90,92,73,85,73,75,76,76,76,80,72,81,71,91,78,71,68,73,77,77,91,72,87,66,67,71,74,64,69,76,2.6,4,67.7,0,0.4,0.1,0.1,0,0,0,0.8,0,1,0,13.6,1.7,0,0,0,0,0,1.5,0,4.9,0,0,0,0,0,0,0,37.7,43.5,107.5,22.3,41.8,21.3,23.4,33.7,31.8,31.8,25,28.9,27,22.8,43.2,26.4,19.5,23.9,20.7,23.8,25.2,20.5,16.9,51.5,7.1,9.1,19.5,30.1,16.6,16.9,19.1,47.9,54.7,138.6,24.5,51.1,22.3,27.7,41,38.2,38.5,36.7,36.4,36.7,25.9,55.8,32,22,29.9,20.2,28.1,29.2,24.5,19.4,60.8,13,12.2,24.5,36.4,21.2,20.5,20.9,,,,,,22.2204,114.2127
2026-09-15T16:00,27.8,29.3,28.8,28.6,27.6,28.7,29.5,29.2,27.1,27.9,27.1,25.8,28.2,27.3,27.5,28.5,28.8,27.9,28.8,26.8,28,29.5,30.1,28.2,28.4,27.5,27.8,27.4,27.5,27.8,29.8,27.7,26.5,28.5,26.6,27.7,28.7,28.3,27.4,27.3,86,74,80,69,84,80,75,77,89,83,85,90,86,86,85,78,77,80,78,82,84,78,74,85,74,83,85,87,81,86,70,86,88,82,85,84,80,78,83,84,0.1,0,0.1,0,0,0,0,0,0.3,0.1,0,1,0,0,0,0.1,0,0,0,0,0,0,0,0,0,0,0.1,0.4,0,0,0,0.2,0.1,0.3,0,0.4,0,0.1,0,0,4.1,1.8,0.4,10.2,3.1,0.5,2.4,3.9,1.8,2.3,7.2,12.8,2.6,2.5,5,1.3,4.7,0.5,1.5,7.3,1.9,0.8,0.8,0.7,1.8,3.3,1.5,5.5,5.4,2.4,4.3,1.8,4.1,1.8,2.6,2.5,3.1,3.6,6.1,3.1,,,,,,,,,,,,,,,,,,,,,,,,,,,,,,,,,,,,,,,,,25.1,26.1,24.1,27.8,26.4,28.1,28.1,28.1,28.1,27.9,28.3,28.4,28.4,28.3,24.5,27.5,28.3,28.3,27.3,27.7,27.8,24.3,27.9,25.9,30,27.7,28,28.1,30.3,29.1,27.9,92,90,92,74,85,74,76,77,78,78,80,73,81,72,94,80,72,70,71,78,78,90,72,90,68,69,71,75,64,70,76,2.6,4,67.7,0,0.4,0.1,0.1,0,0,0,0.8,0,1,0,13.6,1.7,0,0,0,0,0,1.5,0,4.9,0,0,0,0,0,0,0,39.2,41.4,108.5,23.1,42.1,21.5,21.2,32.4,31.8,29.5,21.7,26.4,27.7,22.9,36.4,21.9,20.1,24.6,23.2,22.4,22.4,19.2,15.2,49.1,9.8,8.9,20.9,30.8,14.9,18.3,17.3,49,52.2,139.7,24.5,51.5,23,25.6,40.7,38.5,36,34.9,34.6,38.2,26.3,46.1,28.4,22.7,29.5,23.4,26.6,26.6,21.6,17.6,58.7,12.2,10.8,24.8,36.4,19.4,21.2,19.1,,,,,,22.2204,114.2127
2026-09-15T17:00,27.9,29.6,29,28.8,27.7,28.9,29.8,29.3,27.2,28,27.1,25.8,28.4,27.4,27.5,28.6,29,28,28.9,26.8,28.1,29.6,30.3,28.2,28.6,27.5,28.1,27.5,27.5,27.9,30,27.8,26.5,28.6,26.6,27.8,28.8,28.4,27.4,27.3,86,74,79,68,83,79,73,77,89,83,85,90,86,86,86,78,77,79,78,83,85,78,73,84,74,83,84,86,81,86,70,85,87,82,85,83,80,78,84,83,0.1,0,0.1,0,0,0,0,0,0.3,0.1,0,1,0,0,0,0.1,0,0,0,0,0,0,0,0,0,0,0.1,0.4,0,0,0,0.2,0.1,0.3,0,0.4,0,0.1,0,0,4,0.8,0.8,9.1,3.8,0.7,2.4,3.3,2.2,2.3,6.9,12.4,3.3,2.5,5.4,1.3,4.3,0.8,1.3,7.3,2.3,1.8,0.8,1.8,1,3.3,2.1,5.1,5.8,2.9,4,1.8,4.1,1.5,2.7,2.5,3.6,3.8,6.1,3.9,,,,,,,,,,,,,,,,,,,,,,,,,,,,,,,,,,,,,,,,,25.2,26.2,23.8,27.7,26.5,28.1,28,28,27.9,27.8,28.2,28.3,28.2,28.2,24.5,27.1,28.2,28.1,27.2,27.7,27.8,24.4,27.9,25.7,29.6,27.4,28,28,30.2,29,27.9,92,90,92,75,85,75,77,78,79,79,80,74,82,73,95,82,73,71,70,78,78,89,72,91,70,71,72,76,65,72,76,2.6,4,67.7,0,0.4,0.1,0.1,0,0,0,0.8,0,1,0,13.6,1.7,0,0,0,0,0,1.5,0,4.9,0,0,0,0,0,0,0,40.2,39.9,108.3,23.4,42.5,23.1,19.1,32.2,31.8,27.7,19.1,24.5,29,22.6,32.5,19.2,21.3,25.7,25.2,21.5,20.3,16.9,14.8,46.7,10.7,11.1,21.7,32.1,14.6,19.5,15.6,49.7,50,139,24.8,52.2,25.2,23,40.7,38.9,33.8,33.5,32.8,40,26.3,40.7,25.9,24.1,30.6,25.9,25.6,24.5,20.5,17.3,56.9,13.3,10.4,25.2,37.1,19.1,22.3,17.6,,,,,,22.2204,114.2127
2026-09-15T18:00,28,29.8,29.1,29,27.7,29,30,29.5,27.3,28.1,27.1,25.9,28.6,27.5,27.5,28.7,29.2,28.1,29,26.8,28.2,29.7,30.5,28.2,28.8,27.5,28.3,27.6,27.5,28,30.1,27.9,26.5,28.7,26.6,27.9,29,28.5,27.4,27.3,86,74,78,67,83,77,72,77,89,83,86,90,85,85,86,77,77,79,77,83,85,78,73,84,74,83,84,86,81,86,69,85,87,81,84,83,79,77,84,83,0.1,0,0.1,0,0,0,0,0,0.3,0.1,0,1,0,0,0,0.1,0,0,0,0,0,0,0,0,0,0,0.1,0.4,0,0,0,0.2,0.1,0.3,0,0.4,0,0.1,0,0,4.3,0.5,1,8.4,4.3,1.1,2.1,3.1,2.3,2.4,6.2,12.2,4,2.5,5.6,1.1,4,1,1.1,7.4,3.1,2.2,0.7,2.5,0.7,3.8,2.4,4.7,6.2,3.1,3.6,1.5,3.8,1.5,2.9,2.5,3.8,3.9,6.1,4.6,,,,,,,,,,,,,,,,,,,,,,,,,,,,,,,,,,,,,,,,,25.3,26.4,23.8,27.5,26.5,27.9,27.8,27.8,27.7,27.6,28.1,28.2,28.1,28,24.9,26.7,28,27.8,27,27.6,27.7,24.7,27.8,25.7,29.2,27.1,28,27.8,30,28.7,27.7,91,89,92,76,85,76,78,79,80,80,80,76,83,75,93,84,75,73,71,78,79,89,74,91,72,73,73,77,66,74,76,2.6,2.8,34.8,0.3,0.7,0.8,1.2,0,0.1,0,0.3,0,2.1,0.1,5.2,4.4,0,0,0,0,0.2,0.9,0.1,2.8,0.2,0,0.3,0.3,0,0,0.9,40.6,38.8,106.2,23.5,42.8,26.4,16.6,32.9,31.8,27.4,17.9,22.3,30.6,21.7,34.5,19,22.6,28.4,25.2,20.7,18.6,13.6,17,45.1,11.6,12.1,22.6,34.3,16,19.8,14.7,50,48.6,136.1,25.9,52.6,29.9,20.5,41.4,38.9,33.5,32.4,30.6,41.8,25.9,44.3,25.6,26.3,33.8,26.6,25.2,22.3,20.9,19.4,55.4,17.3,11.2,26.3,39.6,21.2,24.1,16.9,,,,,,22.2204,114.2127
2026-09-15T19:00,28,30,29.2,29.1,27.8,29.2,30.1,29.6,27.4,28.1,27.1,25.9,28.7,27.6,27.5,28.8,29.3,28.2,29,26.8,28.2,29.7,30.6,28.2,28.9,27.6,28.4,27.6,27.5,28,30.2,27.9,26.6,28.8,26.6,28,29.1,28.6,27.4,27.4,85,73,78,67,83,76,71,77,88,83,86,89,85,84,86,77,77,79,77,83,86,77,72,84,73,83,83,85,81,86,69,84,87,81,84,82,78,77,85,82,0.1,0,0.1,0,0,0,0,0,0.3,0.1,0,1,0,0,0,0.1,0,0,0,0,0,0,0,0,0,0,0.1,0.4,0,0,0,0.2,0.1,0.3,0,0.4,0,0.1,0,0,4.3,1,1.3,8,4.9,1.1,2.1,2.8,2.4,2.6,5.9,12.2,4.3,2.5,5.7,1.5,4,1.3,1.1,7.5,3.4,2.9,0.4,3,0.5,4,2.6,4.4,6.6,3.3,3.3,1.5,3.5,1.5,2.9,2.5,4.3,4,6.5,5.1,,,,,,,,,,,,,,,,,,,,,,,,,,,,,,,,,,,,,,,,,25.4,26.7,23.8,27.2,26.6,27.6,27.7,27.7,27.5,27.3,28.1,28,28,27.7,25.4,26.3,27.8,27.5,26.7,27.5,27.6,25,27.6,25.9,28.7,26.8,27.8,27.7,29.8,28.2,27.5,90,87,91,78,84,76,78,80,81,81,81,78,83,77,88,87,78,76,73,79,79,90,76,91,74,74,75,78,67,77,77,2.6,2.8,34.8,0.3,0.7,0.8,1.2,0,0.1,0,0.3,0,2.1,0.1,5.2,4.4,0,0,0,0,0.2,0.9,0.1,2.8,0.2,0,0.3,0.3,0,0,0.9,40.4,37.9,102.5,23.9,43.6,31,13.9,33.5,31.4,27.4,17.5,20.5,32.2,20.2,39.9,19.9,23.8,31.6,23.9,19.6,16.6,15.5,20.8,43.9,16.8,12.7,23.3,36.4,18.9,19.5,14.3,50,47.5,131.4,27.4,52.9,36.4,18,42.8,38.9,33.5,31.7,28.1,43.6,25.6,52.2,26.3,28.8,38.2,26.6,24.8,20.5,23,23,54,22.3,12.6,27.7,42.8,24.8,26.6,16.6,,,,,,22.2204,114.2127
2026-09-15T20:00,28.1,30,29.2,29.1,27.8,29.3,30.2,29.6,27.4,28.1,27.1,25.9,28.8,27.7,27.5,28.8,29.3,28.2,29.1,26.8,28.2,29.8,30.6,28.2,28.9,27.6,28.5,27.7,27.5,28,30.2,27.9,26.6,28.9,26.6,28.1,29.1,28.6,27.4,27.4,85,73,78,66,83,75,70,77,88,83,86,89,85,84,86,77,77,79,77,83,86,77,72,84,73,83,83,85,81,86,69,84,87,80,84,82,78,77,85,82,0.1,0,0.1,0,0,0,0,0,0.3,0.1,0,1,0,0,0,0.1,0,0,0,0,0,0,0,0,0,0,0.1,0.4,0,0,0,0.2,0.1,0.3,0,0.4,0,0.1,0,0,4.3,1.3,1.3,7.6,4.9,1.1,2.1,2.8,2.4,3,5.7,11.8,4.7,2.5,5.7,1.5,4,1.3,1.1,7.5,3.7,2.9,0.4,3.3,0.8,4,2.6,4,6.9,3.3,3.3,1.5,3.5,1.5,2.9,2.5,4.3,4,6.5,5.1,,,,,,,,,,,,,,,,,,,,,,,,,,,,,,,,,,,,,,,,,25.5,26.9,23.9,27.1,26.6,27.4,27.6,27.6,27.4,27.1,28,27.8,27.9,27.5,25.7,26,27.6,27.2,26.6,27.4,27.5,25.3,27.5,26.1,28.3,26.6,27.7,27.6,29.6,27.9,27.4,90,86,90,79,84,77,79,81,82,82,81,80,84,78,86,89,80,78,75,79,80,90,78,90,76,75,76,78,68,79,78,2.6,2.8,34.8,0.3,0.7,0.8,1.2,0,0.1,0,0.3,0,2.1,0.1,5.2,4.4,0,0,0,0,0.2,0.9,0.1,2.8,0.2,0,0.3,0.3,0,0,0.9,40.3,36.4,98.3,24.3,43.9,35.1,11.5,34.6,31,27.9,17.4,19.2,32.6,19.4,43.8,20.7,25.6,34.5,23,18.9,15.4,22,23.7,43,21.9,13.9,23.7,38.2,20.6,19.5,14.1,50,46.1,125.3,29.5,53.6,42.1,16.2,44.3,38.5,33.8,31,26.6,44.3,25.2,58,26.6,31.7,41.8,26.6,24.8,19.1,27,25.9,53.3,26.3,14.4,28.4,45.7,27.4,28.8,16.2,,,,,,22.2204,114.2127
2026-09-15T21:00,28.1,30,29.2,29,27.8,29.3,30.2,29.6,27.4,28,27.1,26,28.8,27.7,27.5,28.8,29.3,28.2,29.1,26.8,28.2,29.8,30.5,28.2,28.8,27.6,28.5,27.7,27.4,27.9,30.2,27.9,26.6,28.9,26.6,28.1,29.1,28.5,27.4,27.4,84,73,78,66,83,74,69,77,88,83,86,89,85,84,86,77,77,79,77,83,86,77,72,84,73,83,83,85,81,86,69,84,87,79,84,82,78,77,85,82,0,0,0.2,0,0.1,0,0,0,0.1,0,0,0,0.1,0,0,0,0,0,0,0,0,0,0,0,0,0,0.2,0.2,0,0.1,0,0,0,0,0,0.5,0,0.1,0,0,4.4,1.3,1.3,7.6,4.9,1.1,2.1,2.8,2.1,3,5.4,11.5,4.7,2.5,5.7,1.5,4,1.3,1.1,7.5,3.7,2.9,0,3.3,0.8,3.7,2.6,3.7,6.9,3.3,3.3,1.5,3.5,1.5,2.9,2.5,4.3,4,6.5,5.1,,,,,,,,,,,,,,,,,,,,,,,,,,,,,,,,,,,,,,,,,25.5,27,24.1,27.1,26.7,27.2,27.6,27.6,27.3,27,27.9,27.7,27.8,27.4,25.6,26,27.5,27.2,26.6,27.3,27.4,25.5,27.3,26.2,28,26.5,27.5,27.5,29.2,27.8,27.3,90,86,90,79,84,78,80,81,82,82,81,81,84,79,87,89,81,79,76,79,80,89,79,89,77,75,77,78,70,79,79,8.1,2.8,13,1.6,0.7,0.3,0.5,0,0.2,0.1,0.5,0,3,0.5,6.3,5.5,0,0.1,0,0,0.4,1.7,0.1,0.2,0.1,0,0.3,0.2,0,0.3,0.3,40.3,33.2,91.8,25.9,44.8,38.1,10.2,35.3,30.2,28.1,17.3,19.2,30.5,19.1,44.6,20.5,27.9,36.2,23.2,18.4,14.6,28.6,24.2,43.5,23,15.3,24.1,38.6,20.2,19.8,13.5,50,43.6,117,32,54.4,46.4,15.1,46.1,37.8,33.8,29.9,27.7,42.5,24.5,59,25.9,34.9,43.9,27,24.8,18.4,34.6,27.4,54,27.7,16.2,28.4,47.2,27.4,30.6,15.5,,,,,,22.2204,114.2127
2026-09-15T22:00,28,29.9,29.1,28.8,27.7,29.3,30.2,29.5,27.4,28,27.1,26,28.7,27.7,27.5,28.8,29.2,28.2,29,26.8,28.2,29.7,30.4,28.1,28.7,27.6,28.5,27.7,27.4,27.8,30.1,27.8,26.6,28.9,26.6,28,29.1,28.5,27.3,27.4,84,73,79,66,83,73,69,76,87,82,86,88,85,84,86,76,77,80,78,83,86,76,73,84,72,82,83,84,80,86,68,84,87,79,84,82,78,77,85,82,0,0,0.2,0,0.1,0,0,0,0.1,0,0,0,0.1,0,0,0,0,0,0,0,0,0,0,0,0,0,0.2,0.2,0,0.1,0,0,0,0,0,0.5,0,0.1,0,0,4.1,1,1.1,7.6,4.4,0.8,2,3.1,2.1,3.1,5,11.5,4.8,2.5,5.9,1.4,4.3,1.3,1.3,7.8,3.2,2.2,0,3,0.4,3.5,2.2,3.3,7.3,3.1,3.3,1.5,3.4,1.6,2.7,2.9,3.8,3.9,6.5,4.9,,,,,,,,,,,,,,,,,,,,,,,,,,,,,,,,,,,,,,,,,25.4,27,24.2,27.1,26.8,27,27.6,27.6,27.3,27,27.8,27.6,27.7,27.4,25.5,26.2,27.3,27.2,26.6,27.3,27.4,25.6,27.2,26.2,27.6,26.5,27.4,27.5,28.8,27.8,27.3,91,86,89,79,84,78,80,80,83,81,82,82,85,79,90,88,81,79,77,79,80,87,79,88,78,75,78,78,72,78,80,8.1,2.8,13,1.6,0.7,0.3,0.5,0,0.2,0.1,0.5,0,3,0.5,6.3,5.5,0,0.1,0,0,0.4,1.7,0.1,0.2,0.1,0,0.3,0.2,0,0.3,0.3,39.6,29.8,84.5,27.9,45.9,40.4,10.5,35.7,28.9,28.4,17.3,20.4,27.2,18.7,44.3,19.9,30.8,37.6,23.2,18.2,14.3,35.7,24.2,44.4,22.6,16.8,24.1,38.3,19.2,20.2,12.8,50,40.3,107.3,35.3,55.4,49.7,14.8,48.2,37.4,34.2,28.8,29.9,39.2,23.4,57.6,24.8,38.5,45,27.4,24.5,18.4,44.3,28.4,55.1,27.4,18.7,28.1,47.9,25.9,32.4,14.8,,,,,,22.2204,114.2127
2026-09-15T23:00,28,29.7,29,28.5,27.7,29.3,30,29.3,27.4,27.9,27.1,26,28.6,27.7,27.5,28.7,29.1,28.1,28.9,26.8,28.2,29.7,30.1,28,28.5,27.5,28.4,27.6,27.4,27.6,30,27.7,26.6,28.9,26.6,27.9,29,28.4,27.3,27.3,83,72,80,66,84,72,69,76,87,82,85,88,85,84,86,76,77,80,78,82,86,76,73,84,72,82,83,84,80,87,68,85,87,78,84,82,78,77,85,82,0,0,0.2,0,0.1,0,0,0,0.1,0,0,0,0.1,0,0,0,0,0,0,0,0,0,0,0,0,0,0.2,0.2,0,0.1,0,0,0,0,0,0.5,0,0.1,0,0,3.7,0.7,1.1,7.9,3.6,0.5,2.3,3.6,1.3,3.4,4.6,11.3,4.9,2.5,5.9,1.1,4.7,1.1,1.3,7.7,2.9,1.8,0.4,2.7,0,3,1.8,3.1,7.2,2.5,3.6,1.9,3.4,1.8,2.4,2.9,3.1,3.8,6.5,4.7,,,,,,,,,,,,,,,,,,,,,,,,,,,,,,,,,,,,,,,,,25.3,27,24.3,27.2,26.8,26.9,27.5,27.6,27.2,26.9,27.7,27.5,27.6,27.4,25.3,26.3,27.2,27.2,26.6,27.3,27.4,25.6,27.1,26.2,27.4,26.4,27.2,27.4,28.4,27.8,27.2,92,86,89,79,84,78,81,80,83,81,82,83,85,79,92,88,81,79,78,79,80,86,79,88,78,75,79,78,73,78,81,8.1,2.8,13,1.6,0.7,0.3,0.5,0,0.2,0.1,0.5,0,3,0.5,6.3,5.5,0,0.1,0,0,0.4,1.7,0.1,0.2,0.1,0,0.3,0.2,0,0.3,0.3,38.7,27.1,78.8,29.6,46.8,41.5,11.3,36,28.6,28.6,17.3,21.6,24.9,18.7,43.5,18.4,32.7,37.9,23.7,17.9,13.8,40,24.6,45.1,22,18.4,23.9,37.9,17.8,20.4,12.4,49.3,37.4,98.3,37.4,56.2,52.2,14.8,49,37.1,34.6,28.1,31.7,36.7,23.4,56.2,23.4,40.7,45.7,28.1,24.8,18,50,29.5,55.8,27,20.2,27,47.9,24.1,32.8,13.7,,,,,,22.2204,114.2127
