time,temperature_2m_icon_seamless_eps (°C),temperature_2m_member01_icon_seamless_eps (°C),temperature_2m_member02_icon_seamless_eps (°C),temperature_2m_member03_icon_seamless_eps (°C),temperature_2m_member04_icon_seamless_eps (°C),temperature_2m_member05_icon_seamless_eps (°C),temperature_2m_member06_icon_seamless_eps (°C),temperature_2m_member07_icon_seamless_eps (°C),temperature_2m_member08_icon_seamless_eps (°C),temperature_2m_member09_icon_seamless_eps (°C),temperature_2m_member10_icon_seamless_eps (°C),temperature_2m_member11_icon_seamless_eps (°C),temperature_2m_member12_icon_seamless_eps (°C),temperature_2m_member13_icon_seamless_eps (°C),temperature_2m_member14_icon_seamless_eps (°C),temperature_2m_member15_icon_seamless_eps (°C),temperature_2m_member16_icon_seamless_eps (°C),temperature_2m_member17_icon_seamless_eps (°C),temperature_2m_member18_icon_seamless_eps (°C),temperature_2m_member19_icon_seamless_eps (°C),temperature_2m_member20_icon_seamless_eps (°C),temperature_2m_member21_icon_seamless_eps (°C),temperature_2m_member22_icon_seamless_eps (°C),temperature_2m_member23_icon_seamless_eps (°C),temperature_2m_member24_icon_seamless_eps (°C),temperature_2m_member25_icon_seamless_eps (°C),temperature_2m_member26_icon_seamless_eps (°C),temperature_2m_member27_icon_seamless_eps (°C),temperature_2m_member28_icon_seamless_eps (°C),temperature_2m_member29_icon_seamless_eps (°C),temperature_2m_member30_icon_seamless_eps (°C),temperature_2m_member31_icon_seamless_eps (°C),temperature_2m_member32_icon_seamless_eps (°C),temperature_2m_member33_icon_seamless_eps (°C),temperature_2m_member34_icon_seamless_eps (°C),temperature_2m_member35_icon_seamless_eps (°C),temperature_2m_member36_icon_seamless_eps (°C),temperature_2m_member37_icon_seamless_eps (°C),temperature_2m_member38_icon_seamless_eps (°C),temperature_2m_member39_icon_seamless_eps (°C),relativehumidity_2m_icon_seamless_eps (%),relativehumidity_2m_member01_icon_seamless_eps (%),relativehumidity_2m_member02_icon_seamless_eps (%),relativehumidity_2m_member03_icon_seamless_eps (%),relativehumidity_2m_member04_icon_seamless_eps (%),relativehumidity_2m_member05_icon_seamless_eps (%),relativehumidity_2m_member06_icon_seamless_eps (%),relativehumidity_2m_member07_icon_seamless_eps (%),relativehumidity_2m_member08_icon_seamless_eps (%),relativehumidity_2m_member09_icon_seamless_eps (%),relativehumidity_2m_member10_icon_seamless_eps (%),relativehumidity_2m_member11_icon_seamless_eps (%),relativehumidity_2m_member12_icon_seamless_eps (%),relativehumidity_2m_member13_icon_seamless_eps (%),relativehumidity_2m_member14_icon_seamless_eps (%),relativehumidity_2m_member15_icon_seamless_eps (%),relativehumidity_2m_member16_icon_seamless_eps (%),relativehumidity_2m_member17_icon_seamless_eps (%),relativehumidity_2m_member18_icon_seamless_eps (%),relativehumidity_2m_member19_icon_seamless_eps (%),relativehumidity_2m_member20_icon_seamless_eps (%),relativehumidity_2m_member21_icon_seamless_eps (%),relativehumidity_2m_member22_icon_seamless_eps (%),relativehumidity_2m_member23_icon_seamless_eps (%),relativehumidity_2m_member24_icon_seamless_eps (%),relativehumidity_2m_member25_icon_seamless_eps (%),relativehumidity_2m_member26_icon_seamless_eps (%),relativehumidity_2m_member27_icon_seamless_eps (%),relativehumidity_2m_member28_icon_seamless_eps (%),relativehumidity_2m_member29_icon_seamless_eps (%),relativehumidity_2m_member30_icon_seamless_eps (%),relativehumidity_2m_member31_icon_seamless_eps (%),relativehumidity_2m_member32_icon_seamless_eps (%),relativehumidity_2m_member33_icon_seamless_eps (%),relativehumidity_2m_member34_icon_seamless_eps (%),relativehumidity_2m_member35_icon_seamless_eps (%),relativehumidity_2m_member36_icon_seamless_eps (%),relativehumidity_2m_member37_icon_seamless_eps (%),relativehumidity_2m_member38_icon_seamless_eps (%),relativehumidity_2m_member39_icon_seamless_eps (%),rain_icon_seamless_eps (mm),rain_member01_icon_seamless_eps (mm),rain_member02_icon_seamless_eps (mm),rain_member03_icon_seamless_eps (mm),rain_member04_icon_seamless_eps (mm),rain_member05_icon_seamless_eps (mm),rain_member06_icon_seamless_eps (mm),rain_member07_icon_seamless_eps (mm),rain_member08_icon_seamless_eps (mm),rain_member09_icon_seamless_eps (mm),rain_member10_icon_seamless_eps (mm),rain_member11_icon_seamless_eps (mm),rain_member12_icon_seamless_eps (mm),rain_member13_icon_seamless_eps (mm),rain_member14_icon_seamless_eps (mm),rain_member15_icon_seamless_eps (mm),rain_member16_icon_seamless_eps (mm),rain_member17_icon_seamless_eps (mm),rain_member18_icon_seamless_eps (mm),rain_member19_icon_seamless_eps (mm),rain_member20_icon_seamless_eps (mm),rain_member21_icon_seamless_eps (mm),rain_member22_icon_seamless_eps (mm),rain_member23_icon_seamless_eps (mm),rain_member24_icon_seamless_eps (mm),rain_member25_icon_seamless_eps (mm),rain_member26_icon_seamless_eps (mm),rain_member27_icon_seamless_eps (mm),rain_member28_icon_seamless_eps (mm),rain_member29_icon_seamless_eps (mm),rain_member30_icon_seamless_eps (mm),rain_member31_icon_seamless_eps (mm),rain_member32_icon_seamless_eps (mm),rain_member33_icon_seamless_eps (mm),rain_member34_icon_seamless_eps (mm),rain_member35_icon_seamless_eps (mm),rain_member36_icon_seamless_eps (mm),rain_member37_icon_seamless_eps (mm),rain_member38_icon_seamless_eps (mm),rain_member39_icon_seamless_eps (mm),windspeed_10m_icon_seamless_eps (km/h),windspeed_10m_member01_icon_seamless_eps (km/h),windspeed_10m_member02_icon_seamless_eps (km/h),windspeed_10m_member03_icon_seamless_eps (km/h),windspeed_10m_member04_icon_seamless_eps (km/h),windspeed_10m_member05_icon_seamless_eps (km/h),windspeed_10m_member06_icon_seamless_eps (km/h),windspeed_10m_member07_icon_seamless_eps (km/h),windspeed_10m_member08_icon_seamless_eps (km/h),windspeed_10m_member09_icon_seamless_eps (km/h),windspeed_10m_member10_icon_seamless_eps (km/h),windspeed_10m_member11_icon_seamless_eps (km/h),windspeed_10m_member12_icon_seamless_eps (km/h),windspeed_10m_member13_icon_seamless_eps (km/h),windspeed_10m_member14_icon_seamless_eps (km/h),windspeed_10m_member15_icon_seamless_eps (km/h),windspeed_10m_member16_icon_seamless_eps (km/h),windspeed_10m_member17_icon_seamless_eps (km/h),windspeed_10m_member18_icon_seamless_eps (km/h),windspeed_10m_member19_icon_seamless_eps (km/h),windspeed_10m_member20_icon_seamless_eps (km/h),windspeed_10m_member21_icon_seamless_eps (km/h),windspeed_10m_member22_icon_seamless_eps (km/h),windspeed_10m_member23_icon_seamless_eps (km/h),windspeed_10m_member24_icon_seamless_eps (km/h),windspeed_10m_member25_icon_seamless_eps (km/h),windspeed_10m_member26_icon_seamless_eps (km/h),windspeed_10m_member27_icon_seamless_eps (km/h),windspeed_10m_member28_icon_seamless_eps (km/h),windspeed_10m_member29_icon_seamless_eps (km/h),windspeed_10m_member30_icon_seamless_eps (km/h),windspeed_10m_member31_icon_seamless_eps (km/h),windspeed_10m_member32_icon_seamless_eps (km/h),windspeed_10m_member33_icon_seamless_eps (km/h),windspeed_10m_member34_icon_seamless_eps (km/h),windspeed_10m_member35_icon_seamless_eps (km/h),windspeed_10m_member36_icon_seamless_eps (km/h),windspeed_10m_member37_icon_seamless_eps (km/h),windspeed_10m_member38_icon_seamless_eps (km/h),windspeed_10m_member39_icon_seamless_eps (km/h),windgusts_10m_icon_seamless_eps (undefined),windgusts_10m_member01_icon_seamless_eps (undefined),windgusts_10m_member02_icon_seamless_eps (undefined),windgusts_10m_member03_icon_seamless_eps (undefined),windgusts_10m_member04_icon_seamless_eps (undefined),windgusts_10m_member05_icon_seamless_eps (undefined),windgusts_10m_member06_icon_seamless_eps (undefined),windgusts_10m_member07_icon_seamless_eps (undefined),windgusts_10m_member08_icon_seamless_eps (undefined),windgusts_10m_member09_icon_seamless_eps (undefined),windgusts_10m_member10_icon_seamless_eps (undefined),windgusts_10m_member11_icon_seamless_eps (undefined),windgusts_10m_member12_icon_seamless_eps (undefined),windgusts_10m_member13_icon_seamless_eps (undefined),windgusts_10m_member14_icon_seamless_eps (undefined),windgusts_10m_member15_icon_seamless_eps (undefined),windgusts_10m_member16_icon_seamless_eps (undefined),windgusts_10m_member17_icon_seamless_eps (undefined),windgusts_10m_member18_icon_seamless_eps (undefined),windgusts_10m_member19_icon_seamless_eps (undefined),windgusts_10m_member20_icon_seamless_eps (undefined),windgusts_10m_member21_icon_seamless_eps (undefined),windgusts_10m_member22_icon_seamless_eps (undefined),windgusts_10m_member23_icon_seamless_eps (undefined),windgusts_10m_member24_icon_seamless_eps (undefined),windgusts_10m_member25_icon_seamless_eps (undefined),windgusts_10m_member26_icon_seamless_eps (undefined),windgusts_10m_member27_icon_seamless_eps (undefined),windgusts_10m_member28_icon_seamless_eps (undefined),windgusts_10m_member29_icon_seamless_eps (undefined),windgusts_10m_member30_icon_seamless_eps (undefined),windgusts_10m_member31_icon_seamless_eps (undefined),windgusts_10m_member32_icon_seamless_eps (undefined),windgusts_10m_member33_icon_seamless_eps (undefined),windgusts_10m_member34_icon_seamless_eps (undefined),windgusts_10m_member35_icon_seamless_eps (undefined),windgusts_10m_member36_icon_seamless_eps (undefined),windgusts_10m_member37_icon_seamless_eps (undefined),windgusts_10m_member38_icon_seamless_eps (undefined),windgusts_10m_member39_icon_seamless_eps (undefined),temperature_2m_ncep_gefs_seamless (°C),temperature_2m_member01_ncep_gefs_seamless (°C),temperature_2m_member02_ncep_gefs_seamless (°C),temperature_2m_member03_ncep_gefs_seamless (°C),temperature_2m_member04_ncep_gefs_seamless (°C),temperature_2m_member05_ncep_gefs_seamless (°C),temperature_2m_member06_ncep_gefs_seamless (°C),temperature_2m_member07_ncep_gefs_seamless (°C),temperature_2m_member08_ncep_gefs_seamless (°C),temperature_2m_member09_ncep_gefs_seamless (°C),temperature_2m_member10_ncep_gefs_seamless (°C),temperature_2m_member11_ncep_gefs_seamless (°C),temperature_2m_member12_ncep_gefs_seamless (°C),temperature_2m_member13_ncep_gefs_seamless (°C),temperature_2m_member14_ncep_gefs_seamless (°C),temperature_2m_member15_ncep_gefs_seamless (°C),temperature_2m_member16_ncep_gefs_seamless (°C),temperature_2m_member17_ncep_gefs_seamless (°C),temperature_2m_member18_ncep_gefs_seamless (°C),temperature_2m_member19_ncep_gefs_seamless (°C),temperature_2m_member20_ncep_gefs_seamless (°C),temperature_2m_member21_ncep_gefs_seamless (°C),temperature_2m_member22_ncep_gefs_seamless (°C),temperature_2m_member23_ncep_gefs_seamless (°C),temperature_2m_member24_ncep_gefs_seamless (°C),temperature_2m_member25_ncep_gefs_seamless (°C),temperature_2m_member26_ncep_gefs_seamless (°C),temperature_2m_member27_ncep_gefs_seamless (°C),temperature_2m_member28_ncep_gefs_seamless (°C),temperature_2m_member29_ncep_gefs_seamless (°C),temperature_2m_member30_ncep_gefs_seamless (°C),relativehumidity_2m_ncep_gefs_seamless (%),relativehumidity_2m_member01_ncep_gefs_seamless (%),relativehumidity_2m_member02_ncep_gefs_seamless (%),relativehumidity_2m_member03_ncep_gefs_seamless (%),relativehumidity_2m_member04_ncep_gefs_seamless (%),relativehumidity_2m_member05_ncep_gefs_seamless (%),relativehumidity_2m_member06_ncep_gefs_seamless (%),relativehumidity_2m_member07_ncep_gefs_seamless (%),relativehumidity_2m_member08_ncep_gefs_seamless (%),relativehumidity_2m_member09_ncep_gefs_seamless (%),relativehumidity_2m_member10_ncep_gefs_seamless (%),relativehumidity_2m_member11_ncep_gefs_seamless (%),relativehumidity_2m_member12_ncep_gefs_seamless (%),relativehumidity_2m_member13_ncep_gefs_seamless (%),relativehumidity_2m_member14_ncep_gefs_seamless (%),relativehumidity_2m_member15_ncep_gefs_seamless (%),relativehumidity_2m_member16_ncep_gefs_seamless (%),relativehumidity_2m_member17_ncep_gefs_seamless (%),relativehumidity_2m_member18_ncep_gefs_seamless (%),relativehumidity_2m_member19_ncep_gefs_seamless (%),relativehumidity_2m_member20_ncep_gefs_seamless (%),relativehumidity_2m_member21_ncep_gefs_seamless (%),relativehumidity_2m_member22_ncep_gefs_seamless (%),relativehumidity_2m_member23_ncep_gefs_seamless (%),relativehumidity_2m_member24_ncep_gefs_seamless (%),relativehumidity_2m_member25_ncep_gefs_seamless (%),relativehumidity_2m_member26_ncep_gefs_seamless (%),relativehumidity_2m_member27_ncep_gefs_seamless (%),relativehumidity_2m_member28_ncep_gefs_seamless (%),relativehumidity_2m_member29_ncep_gefs_seamless (%),relativehumidity_2m_member30_ncep_gefs_seamless (%),rain_ncep_gefs_seamless (mm),rain_member01_ncep_gefs_seamless (mm),rain_member02_ncep_gefs_seamless (mm),rain_member03_ncep_gefs_seamless (mm),rain_member04_ncep_gefs_seamless (mm),rain_member05_ncep_gefs_seamless (mm),rain_member06_ncep_gefs_seamless (mm),rain_member07_ncep_gefs_seamless (mm),rain_member08_ncep_gefs_seamless (mm),rain_member09_ncep_gefs_seamless (mm),rain_member10_ncep_gefs_seamless (mm),rain_member11_ncep_gefs_seamless (mm),rain_member12_ncep_gefs_seamless (mm),rain_member13_ncep_gefs_seamless (mm),rain_member14_ncep_gefs_seamless (mm),rain_member15_ncep_gefs_seamless (mm),rain_member16_ncep_gefs_seamless (mm),rain_member17_ncep_gefs_seamless (mm),rain_member18_ncep_gefs_seamless (mm),rain_member19_ncep_gefs_seamless (mm),rain_member20_ncep_gefs_seamless (mm),rain_member21_ncep_gefs_seamless (mm),rain_member22_ncep_gefs_seamless (mm),rain_member23_ncep_gefs_seamless (mm),rain_member24_ncep_gefs_seamless (mm),rain_member25_ncep_gefs_seamless (mm),rain_member26_ncep_gefs_seamless (mm),rain_member27_ncep_gefs_seamless (mm),rain_member28_ncep_gefs_seamless (mm),rain_member29_ncep_gefs_seamless (mm),rain_member30_ncep_gefs_seamless (mm),windspeed_10m_ncep_gefs_seamless (km/h),windspeed_10m_member01_ncep_gefs_seamless (km/h),windspeed_10m_member02_ncep_gefs_seamless (km/h),windspeed_10m_member03_ncep_gefs_seamless (km/h),windspeed_10m_member04_ncep_gefs_seamless (km/h),windspeed_10m_member05_ncep_gefs_seamless (km/h),windspeed_10m_member06_ncep_gefs_seamless (km/h),windspeed_10m_member07_ncep_gefs_seamless (km/h),windspeed_10m_member08_ncep_gefs_seamless (km/h),windspeed_10m_member09_ncep_gefs_seamless (km/h),windspeed_10m_member10_ncep_gefs_seamless (km/h),windspeed_10m_member11_ncep_gefs_seamless (km/h),windspeed_10m_member12_ncep_gefs_seamless (km/h),windspeed_10m_member13_ncep_gefs_seamless (km/h),windspeed_10m_member14_ncep_gefs_seamless (km/h),windspeed_10m_member15_ncep_gefs_seamless (km/h),windspeed_10m_member16_ncep_gefs_seamless (km/h),windspeed_10m_member17_ncep_gefs_seamless (km/h),windspeed_10m_member18_ncep_gefs_seamless (km/h),windspeed_10m_member19_ncep_gefs_seamless (km/h),windspeed_10m_member20_ncep_gefs_seamless (km/h),windspeed_10m_member21_ncep_gefs_seamless (km/h),windspeed_10m_member22_ncep_gefs_seamless (km/h),windspeed_10m_member23_ncep_gefs_seamless (km/h),windspeed_10m_member24_ncep_gefs_seamless (km/h),windspeed_10m_member25_ncep_gefs_seamless (km/h),windspeed_10m_member26_ncep_gefs_seamless (km/h),windspeed_10m_member27_ncep_gefs_seamless (km/h),windspeed_10m_member28_ncep_gefs_seamless (km/h),windspeed_10m_member29_ncep_gefs_seamless (km/h),windspeed_10m_member30_ncep_gefs_seamless (km/h),windgusts_10m_ncep_gefs_seamless (km/h),windgusts_10m_member01_ncep_gefs_seamless (km/h),windgusts_10m_member02_ncep_gefs_seamless (km/h),windgusts_10m_member03_ncep_gefs_seamless (km/h),windgusts_10m_member04_ncep_gefs_seamless (km/h),windgusts_10m_member05_ncep_gefs_seamless (km/h),windgusts_10m_member06_ncep_gefs_seamless (km/h),windgusts_10m_member07_ncep_gefs_seamless (km/h),windgusts_10m_member08_ncep_gefs_seamless (km/h),windgusts_10m_member09_ncep_gefs_seamless (km/h),windgusts_10m_member10_ncep_gefs_seamless (km/h),windgusts_10m_member11_ncep_gefs_seamless (km/h),windgusts_10m_member12_ncep_gefs_seamless (km/h),windgusts_10m_member13_ncep_gefs_seamless (km/h),windgusts_10m_member14_ncep_gefs_seamless (km/h),windgusts_10m_member15_ncep_gefs_seamless (km/h),windgusts_10m_member16_ncep_gefs_seamless (km/h),windgusts_10m_member17_ncep_gefs_seamless (km/h),windgusts_10m_member18_ncep_gefs_seamless (km/h),windgusts_10m_member19_ncep_gefs_seamless (km/h),windgusts_10m_member20_ncep_gefs_seamless (km/h),windgusts_10m_member21_ncep_gefs_seamless (km/h),windgusts_10m_member22_ncep_gefs_seamless (km/h),windgusts_10m_member23_ncep_gefs_seamless (km/h),windgusts_10m_member24_ncep_gefs_seamless (km/h),windgusts_10m_member25_ncep_gefs_seamless (km/h),windgusts_10m_member26_ncep_gefs_seamless (km/h),windgusts_10m_member27_ncep_gefs_seamless (km/h),windgusts_10m_member28_ncep_gefs_seamless (km/h),windgusts_10m_member29_ncep_gefs_seamless (km/h),windgusts_10m_member30_ncep_gefs_seamless (km/h),temperature_2m_ecmwf_ifs04 (°C),relativehumidity_2m_ecmwf_ifs04 (%),rain_ecmwf_ifs04 (mm),windspeed_10m_ecmwf_ifs04 (km/h),windgusts_10m_ecmwf_ifs04 (undefined),latitude,longitude
2026-09-10T00:00,26.2,26.9,26.3,26.8,26.2,26.2,26.2,26.1,26.4,26.2,26.2,26.1,26.6,26.3,26.1,26.4,26.8,25.9,26.6,25.7,26.5,26.7,26.7,26.8,26.3,27,26.5,26.2,27.1,26.3,26.8,26.4,26.4,26,26.2,26.5,26.6,26.6,26.8,26.7,83,80,82,81,79,84,82,82,84,86,86,85,82,85,82,84,85,82,83,85,85,82,83,81,81,82,83,87,79,85,82,80,82,79,83,81,86,85,83,83,0,0,0,0,0,0,0,0,0,0,0,0,0,0,0,0,0,0,0,0,1.3,0.3,0,0,0,0,0,0,0,0,0,0,0,0,0,0,0,0,0,0,3.7,6,3.4,7.2,6.5,6.5,7.7,3.2,5.5,6.2,7.1,4,9,7.2,6.5,6,8.9,5.9,7.4,5.4,7.4,6.2,9,5.5,4,8.4,9.4,7.3,10,8,9.5,2.6,8.8,7.6,2.2,3.3,7.9,8.7,6.4,5.2,,,,,,,,,,,,,,,,,,,,,,,,,,,,,,,,,,,,,,,,,27.1,27.2,27.2,27.2,27.3,27.1,27.2,27.1,27,27.2,27.3,27.1,27.3,27.1,27.3,27.1,27.2,27,27.2,27.3,27.2,27.3,27.4,27.3,27.2,27.3,27.1,27.3,27.2,27.2,27.3,73,71,71,74,72,71,72,73,73,73,73,73,72,74,74,73,74,73,72,71,73,72,73,72,72,73,71,73,72,72,74,0.7,0.3,0.3,1.1,0.5,0,0.6,0.6,1,0.3,0.1,0.5,0.4,0.6,0.4,0.8,0.9,0.7,0.4,0.7,0.6,0.6,0.4,0.7,0.7,0.3,0.7,0.1,1.1,0.7,0.9,25.2,26.3,24.5,26,23.8,29.2,23.1,26.3,22.7,28.1,27.8,23,28.2,27.7,24.1,23.1,22.8,26.7,26,25.9,26.3,26.6,24.1,26.7,25.6,23.8,23.8,27,21.6,22,20.5,32,34.9,31.7,32.8,30.2,37.4,29.5,32.8,28.4,36,36,29.2,36,34.9,30.6,29.2,29.2,34.2,33.5,33.5,33.8,35.6,31,34.6,33.5,31.7,31,34.9,27.7,28.1,25.9,,,,,,22.2204,114.2127
2026-09-10T01:00,26.3,26.8,26.3,26.8,26.2,26.1,26.1,26.2,26.3,26.1,25.8,26.1,26.5,26.1,26,26.2,26.7,25.7,26.3,25.5,25.6,26.4,26.4,26.6,26.3,26.9,26.1,26.1,27,26.2,26.7,26.3,26.4,25.8,26.1,26.5,26.5,26.5,26.8,26.7,81,80,81,77,78,86,80,81,85,85,86,85,81,82,83,85,84,82,83,87,87,81,84,83,82,82,82,88,78,85,84,79,82,84,84,80,82,85,81,79,0,0,0,0,0,0,0,0,0,0,0.7,0,0,0,0.2,0,0,0,0,0,1.7,0.3,0,0,0,0,0.1,0,0,0.2,0,0,0,0,0,0,0,0,0,0,3.6,4.3,3,5.2,6.9,6.3,4.7,2.2,4.5,4.7,6.1,3.8,8.7,5.7,5.2,6.9,9.3,5.4,6.3,4.6,6.5,2.4,8.6,5,3.6,7.3,8.8,4.7,10.8,8.1,8.5,4,7.2,5.8,2.1,1.8,10,6.5,7.1,5.5,,,,,,,,,,,,,,,,,,,,,,,,,,,,,,,,,,,,,,,,,27,27.1,27.3,27.1,27.1,27,27.1,27.1,26.9,27.2,27.2,26.8,27.2,27,27.2,27,27.1,26.9,26.9,27.1,27.1,27.2,27.4,27.2,27.1,27.2,26.9,27.2,27,27.1,27.1,72,71,71,73,72,71,72,72,72,73,72,72,71,74,73,72,73,72,72,71,72,71,72,71,72,72,71,72,72,72,74,0.7,0.3,0.3,1.1,0.5,0,0.6,0.6,1,0.3,0.1,0.5,0.4,0.6,0.4,0.8,0.9,0.7,0.4,0.7,0.6,0.6,0.4,0.7,0.7,0.3,0.7,0.1,1.1,0.7,0.9,26.6,27.7,25.9,26.8,26.4,29.5,24.5,28.1,24.8,28.5,28.6,24.9,31,29.2,24.1,24.1,24.9,28.1,26.7,25.9,28.4,27.4,27,27.1,25.9,23.4,26.6,27.1,25.2,24.5,22.7,33.8,36.4,33.8,33.8,32.4,38.5,29.9,35.6,31.3,36.7,37.8,31.3,38.9,36.7,31,30.6,31.3,35.3,34.6,33.5,36.7,36,34.9,33.8,33.8,31.3,34.2,35.6,30.6,30.6,28.4,,,,,,22.2204,114.2127
2026-09-10T02:00,26.1,26.6,26.4,26.7,26.1,26.1,25.9,26.2,26.2,25.8,25.6,26,26.4,25.8,25.9,26.2,26.6,25.6,26.1,25.5,24.8,26.5,26,26.4,26.1,26.8,25.7,25.9,26.9,26.2,26.7,26.2,26.2,25.8,26,26.5,26.5,26.3,26.8,26.6,81,82,80,78,81,85,80,79,84,86,86,83,80,83,84,84,83,84,85,88,88,80,84,84,83,83,82,90,78,81,83,79,83,87,83,80,83,86,78,79,0,0,0,0,0,0,0.1,0,0,0,0.2,0,0,0,0,0,0,0,0,0,2.9,0,0.6,0,0,0,0.3,0,0,0,0,0,0,0,0,0,0,0,0,0,3.9,4.3,3.8,6.5,6.1,6.6,4.9,4.3,5.7,4.5,6.6,3.3,7.7,3.9,3.3,7.2,9,5.6,6.5,5.4,6.3,2.8,8.9,5.5,4.7,7.8,6.9,6,11.3,10,9.1,4.3,7.5,5.8,2.2,4.1,9.7,6.6,7.8,5.4,,,,,,,,,,,,,,,,,,,,,,,,,,,,,,,,,,,,,,,,,27,26.9,27.3,27,27,26.9,27,27,26.9,27.2,27.1,26.6,27.2,27,27.2,26.9,26.9,26.8,26.7,27,27.1,27,27.3,27.1,27,27.1,26.8,27.2,26.9,27,26.9,71,70,70,72,72,71,71,71,71,72,72,72,70,73,72,71,73,72,71,71,71,71,71,71,71,72,70,72,72,71,73,0.7,0.3,0.3,1.1,0.5,0,0.6,0.6,1,0.3,0.1,0.5,0.4,0.6,0.4,0.8,0.9,0.7,0.4,0.7,0.6,0.6,0.4,0.7,0.7,0.3,0.7,0.1,1.1,0.7,0.9,27.7,29.2,27.4,27.2,28.3,30,25.2,29.2,26.3,28.6,29.5,26.3,33.5,30.3,24.5,25,26.5,28.8,27.4,25.9,30.3,28.1,29.2,27.5,26.7,23.1,28.9,27.1,28.1,27,24.5,35.6,38.2,36,34.2,34.2,40,30.6,37.4,33.5,37.4,38.9,33.1,41.4,38.5,31.3,31.7,33.1,36.4,35.6,33.8,38.9,36.7,38.2,33.5,34.6,30.6,37.1,36,34.2,33.1,30.6,,,,,,22.2204,114.2127
2026-09-10T03:00,26,26.3,26.3,26.7,25.9,25.9,25.4,25.7,26.1,25.8,25.3,26,26.4,25.6,25.7,26.1,26.5,25.5,25.8,25.4,24.3,26.4,25.5,26.3,26.2,26.7,25.4,25.7,26.7,25.9,26.7,25.9,26,25.7,26.1,26,26.5,26.2,26.7,26.4,82,83,79,78,83,84,83,80,83,86,84,82,81,86,84,82,85,84,87,86,86,81,85,85,82,83,83,87,79,78,82,81,83,88,82,81,83,85,78,79,0,0,0,0,0,0,0.5,0.5,0,0,0.5,0,0,0,0.2,0,0,0.1,1.7,0,2.5,0,1.1,0,0,0,0.4,0.4,0,0,0,0,0,0,0,0.1,0,0,0,0,3.1,6,3.8,8.2,5.2,6.4,7.4,3.3,5.6,4.6,8.7,3.3,7.3,4.3,4.4,7.5,7.9,4.8,9.2,5.7,5.8,4.6,8.4,5.7,3.7,8.3,5.5,9.8,11.2,9.7,9.5,4.2,9,5.2,3,3.9,8.2,7.1,7.5,4.4,,,,,,,,,,,,,,,,,,,,,,,,,,,,,,,,,,,,,,,,,26.9,26.8,27.1,27,26.9,26.7,26.8,27,26.8,27.1,27,26.5,27.1,26.9,27.1,26.8,26.8,26.7,26.7,26.9,27,27,27.2,27,27,27,26.8,27,26.8,26.9,26.8,71,70,70,72,72,71,71,71,70,72,72,71,70,73,72,71,72,72,71,71,71,71,70,71,71,72,70,72,72,71,73,0.6,0.3,0.2,0.4,0.2,0.2,0.5,0.3,0.7,0.5,0.2,0.7,0.2,0.4,0.1,0.7,0.7,0.3,0.3,0.9,0.3,0.4,0.2,0.9,0.7,0.6,0.4,0.2,1.4,0.2,0.8,28.6,30.7,28.7,26.8,29,31.9,26,28.5,27.2,29.2,29.8,27.2,35,31,25,25.3,27.5,29.4,28.6,26.4,30.9,28.7,30,27.7,28,23,30.9,27.3,30.8,29.4,25,36.7,40.3,37.8,33.8,35.3,42.1,31.3,36.7,34.2,37.8,39.6,33.8,43.6,40,31.3,32,33.8,37.1,37.4,34.9,40,37.8,39.2,33.8,36.4,29.9,39.6,36.4,38.2,36,31.7,,,,,,22.2204,114.2127
2026-09-10T04:00,26,25.9,25.9,26.7,25.9,25.7,25,25.3,25.7,25.6,25.2,25.4,26.2,25.3,25.5,26,26.1,25.3,25.4,25.2,24,25.9,25.3,26.3,26.1,26.4,25.4,25.6,26.5,25.6,26.5,25.8,25.8,25.7,26,25.9,26.1,26.1,26,26.3,81,83,81,77,83,85,86,82,84,86,81,84,82,88,82,81,84,83,89,86,86,83,87,84,82,84,84,85,80,78,82,82,82,88,81,81,84,85,81,79,0,0.5,0.5,0,0,0,1.1,0.5,0.7,0,0.4,0.1,0.1,0,0.1,0,0.1,0,1,0.3,1.7,0.4,0.1,0,0.1,0,0.1,0.4,0,0.1,0,0,0.4,0,0,0.6,0.4,0,0.5,0,2.9,5.6,4.3,8,4.1,7.1,7.2,3.6,6.1,5.2,6.7,5.4,7.7,5.5,8.6,7.9,8.4,4.8,8.4,5.5,6.8,4.4,6.6,5.5,3.9,9.2,6.1,9.2,10,8.9,12.1,3.6,6.9,5.4,3.1,2.9,8.8,7.4,6.9,2.9,,,,,,,,,,,,,,,,,,,,,,,,,,,,,,,,,,,,,,,,,26.9,26.7,26.8,26.9,26.9,26.5,26.7,26.9,26.8,27,26.9,26.6,27,26.8,27,26.7,26.8,26.7,26.7,27,27,27,27.1,26.8,26.9,26.8,26.8,26.9,26.7,26.9,26.8,70,69,70,72,72,71,70,70,70,71,71,71,70,72,71,72,72,72,70,71,70,70,70,72,71,72,69,71,71,70,72,0.6,0.3,0.2,0.4,0.2,0.2,0.5,0.3,0.7,0.5,0.2,0.7,0.2,0.4,0.1,0.7,0.7,0.3,0.3,0.9,0.3,0.4,0.2,0.9,0.7,0.6,0.4,0.2,1.4,0.2,0.8,29.4,32.9,30.7,25.9,29.3,35.1,26.6,26.9,27.5,29.4,30.2,28.4,35.9,31.8,25.3,25.3,28,29.7,29.9,27.5,30.9,29.7,30.2,28,29.9,23.5,32.7,27.5,33.7,31.7,25.3,37.4,42.5,40,33.1,36,44.6,32.4,34.9,34.2,38.2,40.3,33.8,45,41,31.7,32,34.2,37.8,39.6,36,40.3,38.9,39.6,34.2,38.9,29.5,41.8,36.4,42.5,39.2,32,,,,,,22.2204,114.2127
2026-09-10T05:00,26,25.8,25.5,26.2,25.9,25.3,24.7,25.2,25.3,25.4,25.1,25.2,25.8,25.3,24.8,25.8,25.7,25.2,25.2,25,24.1,25.9,24.9,26.2,25.9,26,25.2,25.5,26.4,25,25.8,25.9,25.7,25.6,25.8,25.7,25.7,25.9,25.7,26.3,81,81,83,76,82,86,86,83,86,86,81,84,84,87,84,82,84,84,89,86,84,82,89,84,81,84,83,85,79,80,84,80,81,87,80,83,85,83,83,79,0,0.3,0.2,0,0,0,1,0.2,0.1,0,0,0.3,0.2,0,0.6,0,0.1,0,0,0,0.5,0.3,0.5,0,0.1,0,0.1,0,0,0.1,0,0,0,0,0,0.4,0.1,0,0.1,0,3.2,5.6,4.9,9.8,4,7.6,6.5,3.4,6,5.4,6.2,5.2,8,6.2,9.4,7.6,8.4,4.4,10.1,6.1,7.1,3.2,7,5.7,6.1,9.7,7.2,8.9,9.4,9,12.7,2.7,7.2,5.6,4,4.7,8.7,8,5.3,3.4,,,,,,,,,,,,,,,,,,,,,,,,,,,,,,,,,,,,,,,,,26.9,26.6,26.6,26.9,27,26.2,26.6,27,26.8,27,26.9,26.7,26.9,26.8,26.9,26.7,26.8,26.7,26.7,27,27.1,27,27,26.7,26.9,26.7,26.9,26.8,26.7,27,26.8,70,69,70,72,71,72,70,70,69,71,71,70,70,72,71,72,71,72,70,71,70,70,70,72,71,72,69,71,71,70,72,0.6,0.3,0.2,0.4,0.2,0.2,0.5,0.3,0.7,0.5,0.2,0.7,0.2,0.4,0.1,0.7,0.7,0.3,0.3,0.9,0.3,0.4,0.2,0.9,0.7,0.6,0.4,0.2,1.4,0.2,0.8,30,34.5,32.3,25.4,29.6,36.9,26.7,26.3,27.7,29.9,30.7,28.6,37.1,32.4,25.8,25.5,28.4,30.1,31,28.4,31.2,30.4,31,28.5,31.7,23.2,33.9,27.6,36,33.4,25.5,38.2,44.3,41.4,32.8,37.1,45.7,32.4,33.8,34.2,38.5,41,33.8,46.4,42.1,31.3,32.4,34.9,38.2,41,37.4,41,39.6,40,35.3,40.7,28.4,43.6,36,45.4,41.8,32.4,,,,,,22.2204,114.2127
2026-09-10T06:00,25.9,25.8,25.4,25.9,25.9,25,24.5,25.2,25,25.2,25.1,25.2,25.3,25.2,24.6,25.4,25.3,25,24.9,24.9,24.4,25.7,24.8,26.2,25.5,25.5,25.1,25.2,25.9,24.7,25.1,25.9,25.7,25.4,25.5,25.3,25.4,25.6,25.6,26.2,80,80,84,74,81,87,85,84,86,86,81,84,85,86,81,84,87,85,86,86,82,83,89,83,83,86,82,85,81,81,84,79,81,85,80,85,85,83,84,78,0,0,0.1,0,0,0,0.5,0,0.3,0,0,0.1,0.1,0,0,0,0,0,0,0,0.1,0,0.1,0,0,0,0,0,0,0,0,0,0,0,0,0.3,0,0,0,0,3.7,5.4,4.3,7.3,6.1,7.6,7.3,4.6,6.6,6.2,7.2,6,7.6,6.2,6,7.1,8.6,5.1,11.9,6.2,6,4.8,8.6,5.1,6.7,9,6.8,7.7,9.9,8.8,9.5,4,7.3,6.8,4.8,4.6,7.6,7.5,4.3,4.4,,,,,,,,,,,,,,,,,,,,,,,,,,,,,,,,,,,,,,,,,27,26.7,26.7,26.9,27.1,25.9,26.8,27.1,27,27.1,27,26.8,26.9,26.9,27,26.8,27,26.8,26.7,27.1,27.1,27,26.9,26.9,26.9,26.9,27,26.9,26.6,27,26.9,70,69,70,71,70,73,70,69,68,71,71,70,70,72,71,71,70,71,69,71,70,70,70,71,71,71,69,71,71,69,72,0.2,0,0.2,0.5,0.1,0.1,0.1,0.2,0.2,0.2,0,0.3,0.2,0.3,0.2,0.5,0.1,0.1,0,0.3,0.1,0.3,0.3,0.3,0.2,0.1,0.1,0,0.7,0,0.6,30.8,34.9,33.4,26.6,29.7,34.3,26.4,26.9,27.3,30.3,31.9,28.1,37.3,33.4,25.5,25.6,27.9,30.3,31,28.9,31.8,31.2,31.6,29.5,32.2,22.1,34,27.9,36.3,33.6,25.7,40,45.7,42.8,33.5,38.9,44.3,31.3,34.6,34.9,39.6,42.8,33.5,46.8,43.2,31,33.1,36.7,38.2,41.4,38.9,42.5,40,40.7,37.1,41.4,27,44.3,36,45.7,42.8,32.8,,,,,,22.2204,114.2127
2026-09-10T07:00,25.8,25.7,25.3,25.8,25.6,25,24.5,25.2,24.8,25.2,25.3,25.2,25,25.2,24.5,25.3,25,25,24.9,24.8,24.6,25.8,24.8,26.2,25.3,25.4,24.9,25.2,25.4,24.5,24.9,25.7,25.6,25.3,25.1,25.3,25.2,25.5,25.5,26,82,81,84,73,82,86,84,84,85,86,80,83,83,85,83,84,88,85,82,86,82,80,87,82,84,86,83,86,82,83,83,80,81,84,83,86,85,84,84,79,0,0,0,0,0,0,0,0,0.1,0,0,0,0.1,0,0,0,0,0,0,0,0,0,0,0,0,0,0,0,0,0,0,0.1,0,0,0,0,0,0,0,0,4.1,6.5,4.2,5.3,7.9,7.9,6.1,4.5,6.4,6.5,7.6,6.4,6,7.6,6,7.3,9.4,5.5,9.8,6.6,5.2,5.8,7.6,5.8,5.6,8.3,6.6,6.9,7.6,9,8.3,4,7.6,7.6,6.2,3.6,8,8,4.7,5,,,,,,,,,,,,,,,,,,,,,,,,,,,,,,,,,,,,,,,,,27.2,26.8,26.9,27,27.3,25.5,27,27.3,27.2,27.3,27.1,27,27,27.1,27.2,26.9,27.3,26.9,26.7,27.3,27.2,27,27,27.2,27,27.1,27.1,27.1,26.6,27.1,27.1,69,68,69,70,69,75,70,69,68,70,70,69,70,71,71,70,70,70,68,70,70,71,70,70,71,70,69,70,72,69,71,0.2,0,0.2,0.5,0.1,0.1,0.1,0.2,0.2,0.2,0,0.3,0.2,0.3,0.2,0.5,0.1,0.1,0,0.3,0.1,0.3,0.3,0.3,0.2,0.1,0.1,0,0.7,0,0.6,31.6,34.8,34,28,29.4,29.9,25.5,28.4,26.9,30.8,33.1,27.2,36.9,34,25,25.4,27.4,29.8,31,29.5,32.8,31.4,31.6,30.5,32.9,20.3,33.6,27.9,35.5,32.8,25.8,41.8,46.8,43.9,34.6,41,41.8,29.9,36.4,35.6,40.7,44.6,33.1,47.2,44.3,30.2,33.8,38.5,37.8,41,40,44.3,40.3,41.4,39.2,41.8,25.6,44.3,35.6,44.6,43.6,33.1,,,,,,22.2204,114.2127
2026-09-10T08:00,26.4,25.9,25.3,25.7,25.4,25.6,24.7,25.6,24.8,25.7,25.8,25.3,25,25.3,24.7,26.1,25.1,25.4,24.9,25.1,24.8,26,24.9,26.9,25.4,25.7,25,25.8,25.4,24.5,24.9,25.6,25.8,25.7,24.9,25.5,25.4,25.9,25.6,26.2,78,80,83,75,83,81,85,83,84,83,78,83,83,81,82,79,86,82,82,83,81,79,85,77,83,84,82,83,81,83,82,81,79,82,83,86,84,81,83,80,0,0,0,0,0,0,0,0,0,0,0,0,0,0,0,0,0,0,0,0,0,0,0,0,0,0,0,0,0,0,0,0,0,0,0,0,0,0,0,0,5.4,6.2,4.6,5.2,7.6,9.4,5.9,4.9,5.3,7.6,8.1,5.8,6,7.6,6.2,8.4,9.4,6.5,8.6,7.2,5.7,5,7.9,6.8,5.4,8.3,7.2,7.8,6.6,8,8.3,4.7,7.9,7.6,5.2,3.9,8,9.5,5.1,5,,,,,,,,,,,,,,,,,,,,,,,,,,,,,,,,,,,,,,,,,27.4,26.9,27.1,27.2,27.5,25.4,27.4,27.5,27.5,27.5,27.3,27.3,27.1,27.3,27.5,27.2,27.5,27.2,26.8,27.4,27.4,27.1,27.1,27.5,27.2,27.5,27.3,27.4,26.6,27.3,27.4,68,68,68,69,68,75,69,68,67,69,69,68,70,70,70,69,69,68,67,69,69,71,70,68,70,69,69,69,72,68,70,0.2,0,0.2,0.5,0.1,0.1,0.1,0.2,0.2,0.2,0,0.3,0.2,0.3,0.2,0.5,0.1,0.1,0,0.3,0.1,0.3,0.3,0.3,0.2,0.1,0.1,0,0.7,0,0.6,31.9,35.4,34,28.5,28.7,27.2,23.8,29.2,26.8,30.8,33.7,25.8,37,34.1,24,24.9,26.7,28.9,30.9,30,33.2,31.9,32.1,30.8,33.2,19.1,33.4,27,35.1,32.4,25.6,42.8,48.2,44.6,34.9,41.8,40.3,27.7,37.4,36.4,41,45.7,32,47.5,44.6,28.8,33.8,39.6,36.7,40.7,40.7,45,40.7,42.5,40.3,42.1,24.5,44.3,34.2,44.3,43.9,33.1,,,,,,22.2204,114.2127
2026-09-10T09:00,26.8,26.8,26,26,25.8,26.4,25.3,26.3,24.9,26.6,26.3,25.7,25.2,25.8,25.6,27.1,25.6,26,25.2,26,25.6,26.4,25.7,27.8,25.7,26.2,25.9,27,25.7,24.8,25.3,25.9,26.4,26.5,25.3,26.3,25.7,26.7,25.6,26.4,77,76,81,74,80,75,83,79,83,76,76,81,81,78,79,73,82,77,80,78,78,78,81,72,80,81,78,76,78,81,79,80,75,77,81,83,81,76,81,79,0,0,0,0,0,0,0,0,0,0,0,0,0,0,0,0,0,0,0,0,0,0,0,0,0,0,0,0,0,0,0,0,0,0,0,0,0,0,0,0,9.1,6.8,4.1,5.9,5.4,10.8,5.2,4.9,5.2,9.6,9.4,5.8,6.2,7.2,5.8,10.4,9.4,6.8,9,7.6,5.4,4.7,8.4,8.3,5.5,9,7.6,9.2,6.5,7.9,9.7,5,8,8,5,3.8,8.3,11.2,5.5,4.9,,,,,,,,,,,,,,,,,,,,,,,,,,,,,,,,,,,,,,,,,27.7,27.2,27.4,27.6,27.8,25.8,27.8,27.7,27.9,27.8,27.6,27.7,27.2,27.6,27.9,27.5,27.8,27.6,27,27.7,27.6,27.4,27.3,27.8,27.4,28,27.5,27.8,26.9,27.5,27.7,66,67,67,67,66,73,67,67,66,67,67,66,70,68,68,67,67,66,66,67,68,69,69,66,68,67,68,67,71,67,68,0,0,0,0,0,0,0,0,0,0,0,0,0,0,0.2,0,0,0,0,0,0,0,0,0,0,0,0,0,0,0,0,31.1,37.9,33.3,27.4,27.7,27.7,20.4,28.9,26.9,30,33.2,23,38.6,33.2,21.3,23.5,26.4,26.6,30.4,30.1,32.8,31.9,33.5,29.5,33.8,17.8,34,24.5,36.2,32.8,25.5,42.5,51.1,44.3,34.6,40,41.4,24.8,37.8,37.1,40,44.6,29.9,49.3,43.6,25.6,32.4,39.2,33.8,40.3,40.7,44.3,41,43.9,38.9,43.6,24.1,44.6,31,45.7,45,33.1,,,,,,22.2204,114.2127
2026-09-10T10:00,27.4,27.9,27.3,26.8,26.5,27.6,26,27.5,25.6,27.7,27.3,26.3,25.9,26.5,26.8,28.2,26,27.1,26,27.4,26.3,27.5,26.8,29,26.4,27.1,27.2,28.2,25.8,25.7,26,26.7,27.5,27.6,25.9,27.5,26.1,28,25.7,26.6,75,72,75,69,75,70,81,73,80,70,73,78,78,75,73,67,78,72,78,71,75,74,74,66,77,74,73,67,75,77,74,75,70,70,77,78,77,69,79,78,0,0,0,0,0,0,0,0,0,0,0,0,0,0,0,0,0,0,0,0,0,0,0,0,0,0,0,0,0,0,0,0,0,0,0,0,0,0,0,0,9.7,9.7,5.1,5.8,5.8,14.6,5.8,4.7,4.7,12.2,12.1,6.1,6.2,8,5.8,13.8,9.3,7,9.4,8.9,6.1,5.4,9.6,12.3,5.5,10.4,10,14,6.8,8,10.6,4.8,9.4,10.3,4.8,4,7.9,15.3,5.5,4.8,,,,,,,,,,,,,,,,,,,,,,,,,,,,,,,,,,,,,,,,,28,27.5,27.7,28,28.2,26.6,28.3,28,28.3,28.1,28,28.3,27.3,28,28.3,28,28.1,28.1,27.3,27.9,27.8,27.8,27.6,28.2,27.6,28.6,27.7,28.3,27.2,27.7,28.1,64,67,65,65,64,70,65,65,64,65,65,63,69,65,66,64,65,64,65,65,66,66,69,64,66,64,67,65,69,65,66,0,0,0,0,0,0,0,0,0,0,0,0,0,0,0.2,0,0,0,0,0,0,0,0,0,0,0,0,0,0,0,0,29.6,41.4,32,25.5,26.7,30.5,16.6,28.2,26.6,28.7,32.2,19.6,41.2,31.7,17.9,21.2,26.4,23.8,30.3,29.8,32.1,31.9,35,27.4,34.4,16.9,34.6,20.8,37.3,33.5,25.1,41,54.4,43.2,33.8,36.4,43.9,21.2,37.8,38.2,38.2,42.8,27.4,51.8,41.4,21.6,30.2,38.2,30.2,40,40.3,42.5,41.8,45.7,36,45,23.8,45.4,27,47.5,45.7,32.4,,,,,,22.2204,114.2127
2026-09-10T11:00,28.5,29.3,28.9,27.8,27.6,28.3,27.1,28.8,26.6,28.8,28.7,27.7,27,27.6,28.4,29.1,26.6,28.3,27.2,28.9,27.3,29,28.1,29.9,27.6,28.3,28.4,29.3,26.9,27,27.5,28,28.7,28.7,27.1,29,27.3,29.2,26.1,27,68,64,68,65,68,65,76,66,76,65,65,73,74,70,66,62,72,64,75,64,71,66,67,60,71,69,65,61,69,72,69,69,66,65,71,67,72,62,76,74,0,0,0,0,0,0,0,0,0,0,0,0,0,0,0,0,0,0,0,0,0,0,0,0,0,0,0,0,0,0,0,0,0,0,0,0,0,0,0,0,11,13.1,9.2,6.5,9.4,19.5,6.2,6.8,5.1,15.1,16.8,7.3,6.8,10.5,7.8,17.2,10.6,13.2,12,12.5,8.5,10.2,14,17.1,6.1,12.6,14.3,18.3,7.2,8.9,14.5,4.4,13.1,14.6,5.4,6.4,9.9,19.3,5.2,4.4,,,,,,,,,,,,,,,,,,,,,,,,,,,,,,,,,,,,,,,,,28.3,27.7,28,28.4,28.5,27.2,28.7,28.2,28.5,28.4,28.3,28.7,27.5,28.4,28.7,28.4,28.4,28.5,27.5,28.2,28.1,28.2,27.9,28.5,27.8,29,27.9,28.6,27.5,28,28.5,63,66,64,64,63,67,63,64,63,64,64,61,69,63,64,62,64,62,65,64,65,64,68,63,65,62,66,63,67,64,64,0,0,0,0,0,0,0,0,0,0,0,0,0,0,0.2,0,0,0,0,0,0,0,0,0,0,0,0,0,0,0,0,28.7,44.2,30.6,24.2,25.3,33.7,14.5,27.8,27.1,27.2,31.1,17.1,42.6,30.1,15.6,19.8,26.3,21.1,30.3,29.5,31.2,31.3,36,26.2,34.7,16.1,34.9,18.4,38,34,24.8,39.2,56.2,41.8,32.8,33.1,45.4,19.4,37.1,38.2,35.6,40.3,25.2,52.6,38.9,18.7,28.1,36.4,27,39.2,39.6,40.3,41,46.1,33.8,45,24.1,44.6,23.8,48.2,45.7,32,,,,,,22.2204,114.2127
2026-09-10T12:00,29.1,29.9,29.9,29,28.7,29.2,28.2,29.6,27.5,29.6,29.7,29.2,28.2,28.7,29.6,29.9,27,28.9,28.4,29.7,28.3,29.8,28.8,30,28.6,29.1,29.1,30.1,27.9,28.1,28.8,29.3,29.7,29.5,28.6,29.7,28.4,30,26.7,27.8,63,60,60,63,63,62,70,60,74,62,60,65,69,65,58,59,70,61,69,59,69,60,64,60,65,64,62,57,66,67,64,60,60,60,65,61,68,58,72,68,0,0,0,0,0,0,0,0,0,0,0,0,0,0,0,0,0,0,0,0,0,0,0,0,0,0,0,0,0,0,0,0,0,0,0,0,0,0,0,0,13.4,16.1,13.6,12.2,14.4,19.2,6.7,11.8,7.4,16.4,17.6,12.8,12.1,15.8,14.3,17.7,13.2,15.6,15.6,15.9,14.2,14.9,18.2,18.7,13.8,18.2,16.6,19,9.4,14.3,17.1,11.2,17.9,18.7,9,10.7,14.2,20,5.5,4.8,,,,,,,,,,,,,,,,,,,,,,,,,,,,,,,,,,,,,,,,,28.5,27.8,28.1,28.6,28.8,27.4,28.9,28.4,28.6,28.5,28.5,28.9,27.6,28.6,28.8,28.6,28.6,28.7,27.6,28.4,28.3,28.5,28.1,28.5,28,29.1,28.1,28.8,27.7,28.2,28.8,63,66,63,63,62,66,63,64,63,64,63,61,68,63,63,62,64,61,65,63,65,64,67,63,65,62,65,63,66,64,63,0,0,0,0,0,0,0,0,0,0,0,0,0,0,0,0,0,0,0,0,0,0,0,0,0,0,0,0,0,0,0,28,45.5,29.6,24.2,23.6,35.8,14.8,27.9,28.2,25.5,30.3,16.4,42,28.2,15.2,19,25.7,19.5,30.7,29,30.3,30.2,35.5,27.5,34.5,16.5,33.7,17.5,36.7,34.8,25,36.4,55.8,39.2,31.3,29.5,44.6,20.5,35.3,36.7,32.4,37.4,24.1,50.4,35.6,18.4,26.3,33.5,24.5,38.5,37.4,37.8,38.2,44.3,33.5,42.8,24.8,42.1,22.3,46.4,43.6,31,,,,,,22.2204,114.2127
2026-09-10T13:00,29.7,29.9,29.9,30,29.1,30,28.7,29.6,28.9,30,30.4,29.7,29.4,29.4,29.7,30.3,27.7,29.6,29.5,29.8,29.4,30.4,29.4,30.5,29,29.8,29.3,30.5,28.8,29,29.4,29.8,30.1,30.3,29.7,30,29.2,30.7,27.3,29,61,60,60,59,62,58,63,60,66,60,56,63,63,62,59,55,71,59,63,57,63,60,62,58,64,61,65,55,62,64,63,59,58,58,58,59,65,54,71,62,0,0,0,0,0,0,0,0,0,0,0,0,0,0,0,0,0,0,0,0,0,0,0,0,0,0,0,0,0,0,0,0,0,0,0,0,0,0,0,0,13.8,17.4,16.3,14.8,15,19.2,13.5,14.9,13.2,16.8,18.1,14.8,13.4,16.4,16.2,17.8,13.4,16.3,16.8,17.6,14.4,14.2,18,20.8,15,17.9,15.9,19.3,14.5,16.4,16.5,12.6,19.5,17.3,13.3,12.1,15.3,19.5,7.9,10.4,,,,,,,,,,,,,,,,,,,,,,,,,,,,,,,,,,,,,,,,,28.7,27.7,28.1,28.8,29.1,27.4,28.9,28.5,28.6,28.6,28.6,28.9,27.7,28.8,28.8,28.8,28.7,28.9,27.7,28.5,28.4,28.7,28.3,28.4,28.3,29.1,28.2,28.8,27.8,28.3,29,63,65,63,63,62,66,63,64,64,64,64,62,67,64,63,62,64,61,65,63,64,64,67,65,65,63,65,63,65,64,63,0,0,0,0,0,0,0,0,0,0,0,0,0,0,0,0,0,0,0,0,0,0,0,0,0,0,0,0,0,0,0,28,45.9,29,24.8,21.8,37,17.1,27.6,29.9,24.1,29.9,17.7,40.3,26.9,16.7,19,25.7,17.9,31.1,28.7,29.1,28.6,34.2,30.2,34,19.4,32.1,18.4,34.5,35.7,25.3,32.8,54,36,29.5,25.9,42.8,23,32.8,34.9,28.8,33.8,23.4,46.8,32.4,19.4,24.5,30.2,22,37.4,34.9,34.9,34.2,41.4,33.5,39.2,25.6,38.5,21.6,43.2,40,29.9,,,,,,22.2204,114.2127
2026-09-10T14:00,29.8,29.6,29.6,30.7,29.5,30.4,28.9,29.4,29.4,30.4,30.7,28.9,29.7,30,29.2,30.9,29,30,30.2,29.8,30.1,30.7,29.5,30.2,29.4,30,29,30.9,29,29.4,30,29.8,30.1,30.7,29.7,29.8,29.6,31,28.5,29.4,59,62,61,57,60,55,62,61,64,58,54,69,60,59,66,53,65,57,60,57,59,57,60,60,63,59,67,55,63,60,60,59,58,55,63,62,63,53,67,62,0,0,0,0,0,0,0,0,0,0,0,0.2,0,0,0.1,0,0,0,0,0,0,0,0,0,0,0,0.2,0,0,0,0,0,0,0,0,0,0,0,0,0,14.1,17.3,15.6,16.6,14.7,18.7,14.5,16.6,13.4,16.8,17.7,15.2,14.5,15.5,15.6,17.4,14,15.7,18.2,16.6,14.9,15.1,18,20.4,15.9,17.9,15.5,18.3,14,17.7,16.3,12.8,19.6,17.1,12.6,12.7,15.6,19,10.4,12.9,,,,,,,,,,,,,,,,,,,,,,,,,,,,,,,,,,,,,,,,,28.7,27.6,28.2,28.8,29.2,27.4,28.9,28.6,28.6,28.6,28.7,28.9,27.8,28.8,28.8,28.8,28.8,28.9,27.8,28.6,28.5,28.8,28.4,28.3,28.4,28.9,28.3,28.8,27.8,28.4,29.1,64,65,64,64,62,66,64,65,65,65,64,63,67,65,64,63,65,61,66,64,65,65,67,66,66,64,65,64,65,64,64,0,0,0,0,0,0,0,0,0,0,0,0,0,0,0,0,0,0,0,0,0,0,0,0,0,0,0,0,0,0,0,28.4,45.4,28.4,26.1,21.1,37.8,20.2,27.8,31.1,23.4,29.2,19.7,39,26.5,18.5,19.8,26,17.2,31.4,28.7,28.8,27.9,33.5,32.7,33.3,22.6,31.1,19.5,33.1,35.8,25.9,31,51.8,33.1,29.2,24.1,41,25.6,31,33.8,26.6,31.3,23.4,43.9,30.6,20.9,23.8,28.1,20.5,36.4,33.5,33.5,31.7,38.9,34.6,36.4,26.6,36,22,40.7,37.4,29.5,,,,,,22.2204,114.2127
2026-09-10T15:00,29.8,29.3,29.5,30.1,29.7,30.5,28.2,28.3,29.6,30.1,30.7,28.7,29.1,30,28.8,30.8,29.9,29.6,29.7,29.3,29.9,30.1,29.2,30.1,29.4,29.9,29,30.7,29,28.9,29.6,29.5,29.6,30.9,28.8,28.3,29.3,30.9,28.8,29.3,59,64,62,60,59,55,67,68,62,59,54,71,65,59,69,54,60,60,62,60,61,61,62,61,61,60,67,55,64,63,61,60,61,54,68,69,64,53,64,62,0,0.2,0,0,0,0,0.1,0.1,0,0,0,0,0,0,0.5,0,0,0,0,0,0,0,0,0.2,0,0,0,0,0,0,0,0,0,0,0.1,0.2,0,0,0,0,13.9,15,15.2,17.2,13.7,18.5,14.3,14.3,15.7,15.3,16.1,13.5,16.2,15.3,13.7,16.1,14.8,15.5,18.7,15.6,14.2,14.2,17.3,19.2,16.9,17.3,14.1,17.1,12.8,17.3,15,12.3,18.2,17.1,13.5,13,16.4,17.9,12.3,14.3,,,,,,,,,,,,,,,,,,,,,,,,,,,,,,,,,,,,,,,,,28.6,27.6,28.2,28.6,28.9,27.4,28.7,28.4,28.4,28.5,28.6,28.7,27.7,28.6,28.6,28.7,28.6,28.9,27.9,28.5,28.4,28.7,28.3,28.2,28.3,28.7,28.2,28.7,27.8,28.3,28.9,66,65,66,66,64,66,65,67,66,66,65,65,67,68,65,65,67,62,67,66,66,67,68,67,67,66,66,65,66,65,66,0,0,0,0,0,0,0,0,0,0,0,0,0,0,0,0,0,0,0,0,0,0,0,0,0,0,0,0,0,0,0,29.7,43.4,27.2,28,21.9,37.7,22.5,27.8,31.8,24.7,28.7,20.6,39.1,28.1,21,22.1,26.6,17.2,30.9,29.6,29,27.8,33,33.7,32.8,24.4,31.5,20.9,32.8,35.2,27,31.7,49.3,31.3,31,24.8,38.5,27.4,30.6,34.6,27,30.2,23.4,43.2,32.4,23,25.2,28.4,20.2,35.3,34.9,33.8,31.3,38.2,36.7,35.3,27.7,36,23,39.2,36.7,30.6,,,,,,22.2204,114.2127
2026-09-10T16:00,29.3,29.4,29.3,29.5,29.7,30.2,27.8,28.3,29.3,29.7,30.7,28.9,27.6,29.4,28.3,30.4,29.6,28.9,28.6,28.9,29.2,29.5,28.7,30.1,28.9,29.7,29,30.5,29,28.3,29.2,29.1,29.3,30.6,28.6,28.3,28.7,30.5,28.8,28.9,62,64,63,66,59,56,72,68,65,61,54,68,73,63,69,57,63,65,70,63,65,64,67,60,64,60,66,57,65,67,64,63,63,55,69,69,68,56,65,64,0,0,0,0,0,0,0.1,0,0,0,0,0,0.4,0,0.3,0,0,0,0,0,0,0,0.1,0.1,0,0,0,0,0,0,0,0,0,0,0.1,0,0,0,0,0,13.9,13.7,14.3,16.4,13.5,17.6,13.5,12.8,15.5,13.6,15.6,12.2,13.8,14.8,13,16,15.6,15.4,17.5,14,14.5,13.6,16.3,17.3,16.1,16.2,12.9,15.7,12.2,15.7,14.8,11.7,15.7,15.9,11,9.5,14.6,16.1,12.8,13.7,,,,,,,,,,,,,,,,,,,,,,,,,,,,,,,,,,,,,,,,,28.3,27.6,28.2,28.3,28.5,27.4,28.5,28.1,28.2,28.3,28.4,28.4,27.6,28.2,28.3,28.5,28.3,28.9,27.9,28.3,28.3,28.4,28.2,28,28,28.4,28.1,28.6,27.7,28.1,28.6,69,65,68,69,67,66,67,69,68,68,67,67,67,71,67,67,69,63,68,68,68,70,70,69,69,68,68,67,68,66,68,0,0,0,0,0,0,0,0,0,0,0,0,0,0,0,0,0,0,0,0,0,0,0,0,0,0,0,0,0,0,0,31.4,40.5,26.3,30,23.9,36.9,24.9,27.3,31.8,26.9,28.2,21.3,39.3,30.6,23.8,24.5,27.2,17.9,30.5,31.3,29.7,28.2,32.9,34.2,32.3,25.6,32.3,22.7,32.6,34.4,28.2,34.2,46.4,30.2,33.5,27.4,35.6,29.5,30.6,36,29.2,30.2,23.8,43.6,36,25.6,28.1,30.2,20.5,33.8,37.4,34.9,32.4,37.8,39.6,35.3,28.8,37.4,25.2,38.5,37.1,32.8,,,,,,22.2204,114.2127
2026-09-10T17:00,28.5,29.2,29.1,29.2,29.4,29.5,28,28.2,28.6,29,30.1,28.3,27.9,28.6,28,29.7,29.1,28,28.3,28.4,28.6,29.3,28.3,29.8,28.3,29.3,28.3,29.7,28.2,28.1,28.8,28.5,28.9,29.9,28.6,28.5,27.9,29.9,28.4,28.5,67,65,64,66,60,61,72,68,69,66,57,70,73,69,69,63,66,71,73,68,69,66,70,61,67,63,68,63,70,69,67,66,65,60,67,68,73,61,66,67,0,0,0,0,0,0,0,0,0,0,0,0,0,0,0.1,0,0,0,0,0,0,0,0.1,0,0,0,0.1,0,0.1,0,0,0,0,0,0,0,0.1,0,0,0,12.6,11.5,12.7,14.8,12.1,15.6,8.7,10.2,15.1,11.8,13.8,10.6,9.2,12.7,10.4,13.4,13.7,13.2,13.6,13.4,13.4,12.2,13.3,15.8,13.6,14.4,11.3,15,13,13,14.2,10.2,13.8,14.2,9,8.4,11.6,14.5,10.7,11.6,,,,,,,,,,,,,,,,,,,,,,,,,,,,,,,,,,,,,,,,,28,27.5,28.2,28.1,28.1,27.3,28.2,27.8,28,28.1,28.1,28.1,27.4,27.9,28,28.3,28.1,28.7,27.8,28.1,28.1,28.1,28,27.8,27.8,28.1,27.9,28.4,27.6,27.9,28.4,71,65,70,72,69,67,69,71,70,69,68,69,68,73,69,69,71,65,69,70,70,72,72,70,70,70,70,69,70,67,70,0,0,0,0,0,0,0,0,0,0,0,0,0,0,0,0,0,0,0,0,0,0,0,0,0,0,0,0,0,0,0,32.4,38.5,25.3,31.8,25.3,36.5,26.8,27.3,32.2,28.5,27.5,22.5,40.3,32.5,25.6,26.6,27.6,18.9,29.7,32.7,30.9,28.7,32.8,34.6,31.6,26.6,32.8,24.1,32.8,33.2,29.2,36.4,44.3,29.5,36.4,29.5,34.6,31.7,31.3,37.4,31,29.9,25.2,43.9,38.9,27.4,30.6,31.7,21.6,33.1,40,36.7,33.5,37.8,41.4,34.9,29.9,38.2,27,37.8,37.1,34.2,,,,,,22.2204,114.2127
2026-09-10T18:00,27.9,28.6,28.5,28.7,28.5,28.7,27.8,27.6,27.8,28.4,29.1,27.3,27.6,28,27.3,28.8,28.3,27.3,27.9,27.5,28.2,28.7,28,29,27.7,28.5,27.9,28.7,27.6,27.6,28.3,27.8,28.4,29,28.2,28.1,27.2,28.9,27.9,27.8,71,69,68,67,66,68,72,71,74,72,65,74,74,73,72,70,69,76,74,75,71,69,72,65,71,69,72,70,73,71,69,70,68,67,69,70,77,68,70,71,0,0,0,0,0,0,0,0,0.1,0,0,0.1,0,0,0,0,0,0,0,0,0,0,0,0,0,0,0,0,0,0,0,0,0,0,0,0,0.3,0,0,0,9.8,6.9,9.1,10.7,9.7,11.6,5.4,6.6,10.8,6.7,9.2,7.9,6.5,8.7,7.6,10.4,10.6,8.8,11.2,10.4,9.2,9.2,9.8,11.5,11.1,10.6,9.7,11.5,11,9.3,11.3,8.2,10.4,11.4,7.6,3.9,9.3,11.9,8.7,8.2,,,,,,,,,,,,,,,,,,,,,,,,,,,,,,,,,,,,,,,,,27.8,27.4,28,27.9,27.8,27.2,28.1,27.6,27.8,27.9,27.9,27.9,27.2,27.8,27.7,28.1,27.9,28.3,27.6,28,27.9,27.9,27.8,27.6,27.7,28,27.7,28,27.5,27.7,28.2,72,66,72,73,71,68,70,72,72,70,69,71,69,74,70,71,72,67,70,72,71,73,73,71,71,71,71,71,71,68,71,0.3,0,0.2,0.8,0.1,0,0.1,0.5,0.1,0.5,0.1,0.4,0,0.6,0,0.2,0.4,0.1,0.2,0.2,0.6,0.5,0.4,0.1,0.1,0.6,0.2,0.3,0.1,0,0.4,33.2,38.2,24.6,33.3,25.8,36.8,28.6,27.7,32.6,29.1,26.3,24.4,41.4,33.4,25.7,27,27.7,21.4,29.4,33.9,32.4,29.4,32.1,34.8,30.5,27.1,32.1,25.3,32.9,31.9,28.8,38.2,43.2,29.5,38.9,30.6,36,34.9,32,38.5,32,29.2,28.1,44.6,40.3,27.7,32.4,32.8,24.5,33.1,42.1,38.9,34.2,37.8,41.8,34.2,31.3,37.4,28.8,37.8,35.6,34.9,,,,,,22.2204,114.2127
2026-09-10T19:00,27.3,28,27.9,28.2,27.7,27.8,27.3,27,27.5,27.6,28,26.6,27.1,27.4,26.6,27.9,27.6,26.9,27.5,26.7,27.8,28,27.5,28.3,27.3,27.8,27.3,27.8,27.3,26.9,27.7,27.1,27.8,28.1,27.5,27.6,26.9,27.8,27.2,27.4,75,74,72,69,73,75,75,75,75,79,73,77,78,78,76,77,74,79,76,80,72,72,76,71,75,74,78,76,74,75,73,75,72,73,73,74,80,77,73,74,0,0,0,0,0,0,0,0,0,0,0,0,0,0,0,0,0,0,0,0,0,0,0,0,0,0,0,0,0,0,0,0,0,0,0,0,0,0,0,0,7.2,3.4,5.5,5.7,7.1,8.5,3.2,3.9,6.5,4.4,5.4,4.7,4.6,7.2,4.7,8.7,6.8,5.9,8.4,8.1,5.1,6.1,6.7,7.4,7.7,6.6,5.8,9.5,6.6,6.5,9.1,7.6,8,8.4,4,2.9,6.9,8.7,5.3,2.9,,,,,,,,,,,,,,,,,,,,,,,,,,,,,,,,,,,,,,,,,27.5,27.1,27.8,27.7,27.5,27,27.9,27.5,27.6,27.7,27.7,27.7,27,27.7,27.5,27.8,27.8,27.8,27.4,27.8,27.6,27.6,27.5,27.5,27.5,27.9,27.5,27.6,27.4,27.6,27.9,73,67,73,74,72,70,71,73,73,71,71,72,70,73,71,72,73,70,72,73,72,73,73,72,71,71,72,72,71,70,72,0.3,0,0.2,0.8,0.1,0,0.1,0.5,0.1,0.5,0.1,0.4,0,0.6,0,0.2,0.4,0.1,0.2,0.2,0.6,0.5,0.4,0.1,0.1,0.6,0.2,0.3,0.1,0,0.4,33.4,39,24.3,34.2,25.9,37.9,30,28.5,32.8,29.3,25.2,26.6,43,34.1,24.5,26.8,27.5,24.2,29.4,35.3,34.4,30.3,31.5,34.3,29.1,27.2,31.4,25.9,32.8,30.5,28.1,39.6,42.8,30.2,41.4,31.3,39.2,38.2,33.1,39.2,33.1,28.1,31.7,45.7,41,27,33.8,33.5,28.1,33.1,44.3,41.8,34.6,37.8,41.4,33.5,32.4,36,31,38.2,33.5,34.9,,,,,,22.2204,114.2127
2026-09-10T20:00,26.9,28.1,27.5,27.8,27.3,27.4,27,26.7,27.2,27.2,27.3,26.4,26.8,27,26.3,27.7,27.1,26.6,27.3,26.4,27.6,27.8,27.1,27.8,27.1,27.3,26.8,27.4,26.9,26.4,27.4,26.7,27.3,27.5,27.2,27.4,26.6,27.5,26.8,27.3,77,74,75,72,77,79,76,78,77,82,79,81,80,81,80,79,79,81,78,82,74,73,80,77,76,79,81,80,77,79,76,78,77,79,75,75,80,81,77,76,0,0,0,0,0,0,0,0,0,0,0,0,0,0,0,0,0,0,0,0,0,0,0,0,0,0,0,0,0,0,0,0,0,0,0,0,0,0,0,0,6.5,3.2,5.8,4.9,4.8,8,3.6,3.5,4.4,5.2,5.4,3.3,3.4,8.6,3.3,9.1,6.1,5.1,7.4,6.9,3.4,4.5,5.9,6.5,6.9,5.2,5.5,9.6,5.6,7.4,7.7,6.8,7.9,8.3,3.7,3.7,6.7,7.6,3.9,2,,,,,,,,,,,,,,,,,,,,,,,,,,,,,,,,,,,,,,,,,27.3,26.9,27.6,27.5,27.4,26.8,27.8,27.4,27.4,27.5,27.5,27.6,26.8,27.7,27.3,27.6,27.7,27.4,27.2,27.7,27.4,27.4,27.3,27.3,27.4,27.8,27.3,27.3,27.3,27.5,27.8,74,68,74,74,73,71,72,74,74,72,72,73,71,73,71,73,73,72,73,74,73,73,74,73,72,71,73,73,72,71,73,0.3,0,0.2,0.8,0.1,0,0.1,0.5,0.1,0.5,0.1,0.4,0,0.6,0,0.2,0.4,0.1,0.2,0.2,0.6,0.5,0.4,0.1,0.1,0.6,0.2,0.3,0.1,0,0.4,33.4,39.3,24.4,34.8,26,38.8,31.2,29.3,33.2,29.1,24.6,28,44.3,34.1,23.4,27.2,27,26.1,29.1,36,36.1,30.8,31.3,34.2,27.8,27.1,30.3,27,32.7,29.9,27.5,40.3,42.8,31,42.8,31.3,42.1,40.3,34.6,40,33.5,27.7,34.2,46.4,41.4,25.9,35.3,33.5,30.2,33.1,45.4,43.9,35.3,37.8,41,32.4,32.8,34.9,32.4,38.2,32.4,34.9,,,,,,22.2204,114.2127
2026-09-10T21:00,26.7,27.9,27.1,27.5,27,27.3,26.9,26.6,27,27,27.1,26.4,26.8,26.8,26.2,27.5,26.9,26.4,27.2,26.2,27.6,27.6,26.9,27.6,26.9,27,26.6,27.2,26.6,26.1,27.1,26.5,27,27.3,26.9,27.1,26.4,27.3,26.7,27.3,78,75,78,73,79,79,77,79,80,83,83,83,80,83,81,80,82,83,80,84,74,74,82,79,77,83,83,81,80,80,79,80,80,82,76,76,79,81,79,75,0,0,0,0,0,0,0,0,0,0,0,0,0,0,0,0,0,0,0,0,0,0,0,0,0,0,0,0,0,0,0,0,0,0,0,0,0,0,0,0,5.1,4.1,6.5,5.5,4.3,7,3.3,3.4,3.9,5.7,5.1,4,3.2,7.3,4,8.6,7,4.7,7.1,6.5,3.2,3.7,5.4,7.6,7.2,4.7,6,9.8,4.8,8.3,6.9,5.4,7.6,7.9,4,3.3,6.8,7.3,3.4,2.3,,,,,,,,,,,,,,,,,,,,,,,,,,,,,,,,,,,,,,,,,27.2,26.8,27.5,27.5,27.4,26.7,27.6,27.3,27.3,27.4,27.4,27.5,26.6,27.6,27.2,27.5,27.6,27.3,27.1,27.6,27.3,27.2,27.1,27.2,27.3,27.7,27.2,27.1,27.1,27.3,27.7,74,69,74,74,73,72,73,74,75,73,72,73,72,73,71,74,73,73,73,75,74,74,75,74,73,72,74,74,73,72,73,1.3,0,1.1,1.3,0.2,0,0.4,0.8,0.5,0.3,0.7,1,0,0.9,0,0.6,0.6,0.2,0.5,0.9,0.9,1,1.2,0.5,0.3,0.4,0.5,0.7,0.2,0,0.8,33.2,39.6,25.5,34.2,25.4,39.8,31.6,31.1,34,29,25,28.6,45.1,33.8,22.1,29.1,26.1,26.1,28.5,36.2,37.6,31.5,32,34,27.1,26.5,29.8,28.5,32.2,30.3,27.3,40,43.2,31.3,42.5,30.6,44.3,39.6,36,41,33.5,28.8,34.2,47.2,41,24.8,36.7,32,29.9,32.4,45.4,45.7,35.6,38.2,40.3,31.3,31.7,34.2,33.5,37.4,33.1,34.2,,,,,,22.2204,114.2127
2026-09-10T22:00,26.5,27.6,26.9,27.3,26.8,27.1,26.7,26.6,27,26.9,26.9,26.4,26.9,26.6,26,27.3,26.8,26.2,27,26.1,27.7,27.6,26.7,27.5,26.9,26.9,26.5,27.1,26.5,25.7,26.9,26.3,26.8,27.2,26.7,27.1,26.1,27.1,26.6,27.2,78,77,80,73,81,80,79,79,80,84,85,85,79,83,84,80,84,84,82,85,73,74,84,80,77,83,84,81,82,83,80,81,81,81,76,78,79,82,80,75,0,0,0,0,0,0,0,0,0,0,0,0,0,0,0,0,0,0,0,0,0,0,0,0,0,0,0,0,0,0,0,0,0,0,0,0,0,0,0,0,3.6,4.6,6.1,5.5,4.3,5.9,3.1,3.1,4.3,5.4,4.7,4.7,2.6,6.1,4.7,8,6.9,4.8,5.6,5.8,2.9,3.2,5.5,6.2,6.4,4.5,6.8,10.1,3.8,6.3,5.6,5.1,7.2,6.9,3.2,2.2,6.9,6.6,2.9,2.5,,,,,,,,,,,,,,,,,,,,,,,,,,,,,,,,,,,,,,,,,27.1,26.7,27.5,27.5,27.4,26.7,27.4,27.2,27.2,27.2,27.4,27.6,26.5,27.5,27.3,27.3,27.6,27.3,27,27.6,27.3,27.1,27,27.1,27.2,27.6,27.1,27.1,26.9,27.2,27.6,75,71,73,75,72,72,73,74,75,74,72,73,72,74,71,75,73,74,73,75,75,74,75,75,74,72,74,74,74,73,73,1.3,0,1.1,1.3,0.2,0,0.4,0.8,0.5,0.3,0.7,1,0,0.9,0,0.6,0.6,0.2,0.5,0.9,0.9,1,1.2,0.5,0.3,0.4,0.5,0.7,0.2,0,0.8,32.8,39.5,27.1,33,24.4,40.8,31.6,33.8,35.1,28.8,26.5,28.1,45.2,32.8,20.9,31.8,24.9,25.5,27.5,35.5,39.1,31.8,33.6,33.5,26.2,25.8,29.4,29.9,31.3,31.3,27.3,39.2,43.9,31.3,40.7,29.2,46.4,37.4,37.4,42.1,32.8,30.6,33.5,47.9,40.3,23.4,38.5,29.5,28.4,31.3,44.6,46.8,36,38.9,40,29.9,29.9,33.5,34.2,36.4,34.6,33.1,,,,,,22.2204,114.2127
2026-09-10T23:00,26.3,27.2,26.7,27,26.5,26.8,26.5,26.5,26.9,26.6,26.8,26.3,26.9,26.4,26,27,26.7,26.1,26.8,26,27.7,27.5,26.5,27.3,26.7,26.9,26.4,27,26.5,25.4,26.6,26.2,26.6,27.1,26.5,27,25.7,26.8,26.6,27,78,78,82,72,81,81,80,79,81,83,83,86,79,84,85,82,84,85,82,86,72,73,83,81,78,84,84,81,83,85,82,80,83,80,76,79,79,84,79,76,0,0,0,0,0,0,0,0,0,0,0,0,0,0,0,0,0,0,0,0,0,0,0,0,0,0,0,0,0,0,0,0,0,0,0,0,0,0,0,0,3,5.4,5.8,6.1,4.7,5.8,3.6,3.8,4.5,4.9,6.4,6.2,2.3,4.7,5.3,7.3,6.9,4.7,5.2,5.2,4,4.7,6.7,5.3,5.6,3.6,7.6,10.3,3.6,5.1,5.4,5.2,6.5,6,3.3,1.3,7.6,6.3,2.9,2.1,,,,,,,,,,,,,,,,,,,,,,,,,,,,,,,,,,,,,,,,,27,26.6,27.5,27.4,27.4,26.6,27.3,27.1,27.1,27.1,27.4,27.5,26.4,27.4,27.2,27.2,27.5,27.3,26.9,27.5,27.2,27,26.8,26.9,27.1,27.4,27,27.1,26.8,27.1,27.5,75,72,73,75,71,72,74,74,75,74,72,73,72,74,71,75,73,74,73,75,75,75,76,75,74,73,74,74,74,74,73,1.3,0,1.1,1.3,0.2,0,0.4,0.8,0.5,0.3,0.7,1,0,0.9,0,0.6,0.6,0.2,0.5,0.9,0.9,1,1.2,0.5,0.3,0.4,0.5,0.7,0.2,0,0.8,32.2,39.2,28.3,32.2,23.5,41.1,31.7,35.5,35.6,27.8,26.9,28.1,45,31.5,19.8,33,23.6,24.5,26.5,34.6,39.6,32.1,34.2,33.5,25.5,24.5,29,30.1,31.2,31.7,27.1,37.8,44.3,31.7,39.2,27.7,47.2,36.4,38.9,42.5,31.7,31,32.4,47.9,38.9,22.3,38.9,27.4,26.6,30.2,43.6,47.2,36.4,38.9,39.2,28.4,28.1,32.8,34.2,36,35.3,32,,,,,,22.2204,114.2127
2026-09-11T00:00,26.2,27,26.6,26.6,26.3,26.4,26.3,26.4,26.7,26.4,26.6,26.2,26.8,26,25.9,26.8,26.5,26,26.5,25.9,27.3,27.2,26.5,27.1,26.5,26.9,26.3,26.7,26.6,25.2,26.4,26,26.6,26.9,26.2,26.9,25.3,26.6,26.6,26.7,79,78,82,72,79,82,81,79,80,85,80,85,79,88,85,83,84,85,82,87,72,72,78,83,79,82,83,83,83,86,82,80,82,80,77,78,79,84,79,78,0,0,0,0,0,0,0,0,0,0,0,0,0,0,0,0,0,0,0,0,0,0,0,0,0,0,0,0,0,0,0,0,0,0,0,0,0,0,0,0,2,5.8,5.9,6.1,5,5.9,2.9,4,4.6,5.4,7.4,7.4,2.3,4.3,5.2,6.5,6.8,4.3,5.2,5.2,5.4,5.8,8.4,6,5.3,5.1,8,10,3.3,3.7,5.8,5.7,8.5,6,2.4,2.9,7.9,6.4,2.6,2.1,,,,,,,,,,,,,,,,,,,,,,,,,,,,,,,,,,,,,,,,,26.9,26.4,27.3,27.3,27.2,26.4,27.1,26.9,26.8,26.9,27.2,27.4,26.3,27.2,27,27,27.3,27.2,26.7,27.3,27,26.8,26.7,26.8,26.9,27.2,26.9,27,26.7,26.9,27.3,75,73,74,76,71,72,74,75,76,74,72,73,72,75,71,75,73,73,73,75,75,76,77,75,74,73,74,74,74,74,73,0.6,0.1,0.5,0.5,0.1,0.1,0.7,1,0.8,0.2,0.3,0.5,0,0.4,0.1,0.6,0.4,0.4,0.7,0.5,0.2,1.4,0.6,0.6,0.5,0.3,0.2,0.7,0.2,0.3,0.4,30.9,38.8,29.2,32.1,23.2,40.1,32.5,35.9,35.7,25.8,25.3,28.2,43.9,29.9,19,32.2,22.5,22.4,25.6,33.7,38.7,32.7,33.9,33.9,24.1,22.5,28.9,28.5,32.5,31.1,26.3,36,43.9,32.4,38.5,26.6,46.1,37.8,40.3,42.5,29.5,29.2,32.4,46.4,36.4,21.2,38.2,25.9,24.5,29.2,41.8,46.4,37.1,38.5,39.6,27,25.9,32.8,32.8,37.4,34.9,31,,,,,,22.2204,114.2127
2026-09-11T01:00,26.1,26.6,26.5,26.3,25.9,26.1,26.3,26.3,26.3,26.3,26.2,26.2,26.6,25.9,25.8,26.6,26.3,25.9,26.2,25.8,26.5,26.7,26.2,27,26.3,26.7,26,26.6,26.5,25,26.2,25.8,26.4,26.8,26,27.3,25,26.5,26.4,26.6,80,77,81,72,78,81,81,75,82,86,79,85,80,90,85,83,84,85,80,87,73,71,75,79,78,79,84,83,77,87,81,81,82,78,78,72,79,83,79,79,0,0,0,0,0,0,0,0,0,0,0,0,0,0,0,0,0,0,0,0,0,0,0,0,0,0,0,0,0,0,0,0,0,0,0,0,0,0,0,0,2.1,5.7,5.5,6.1,4.8,6.9,2.5,5.4,4.3,5,7.9,6,2.5,4.2,5.4,6.6,6.6,3.8,5.8,4.9,8.3,6.5,9.7,7.5,5.6,6.5,8.5,10.3,6.2,3.9,6.2,5.2,8.3,6.4,1.6,5.8,7.6,7.1,3.3,2.3,,,,,,,,,,,,,,,,,,,,,,,,,,,,,,,,,,,,,,,,,26.7,26.2,27,27,26.8,26.2,26.9,26.6,26.5,26.8,26.9,27.2,26.2,26.9,26.7,26.9,27.1,27.1,26.6,27,26.8,26.7,26.6,26.7,26.7,26.9,26.7,26.8,26.6,26.7,27.1,76,74,75,77,72,73,75,77,77,74,72,74,72,76,71,75,73,71,74,76,75,77,77,75,73,73,74,74,74,74,74,0.6,0.1,0.5,0.5,0.1,0.1,0.7,1,0.8,0.2,0.3,0.5,0,0.4,0.1,0.6,0.4,0.4,0.7,0.5,0.2,1.4,0.6,0.6,0.5,0.3,0.2,0.7,0.2,0.3,0.4,29.4,37.9,29.5,32,22.6,38.1,33.8,35.4,35.2,23.2,22.7,28,42.6,27.9,18.2,30.3,21.4,19.4,24.5,32.4,37.3,33.2,32.9,34.5,22.3,19.9,28.9,25.7,34.6,30.2,24.8,33.8,43.6,33.1,37.8,25.9,43.9,40,41.4,42.1,26.6,26.6,32.4,44.6,33.5,20.2,36,25.2,22,27.7,39.2,44.6,38.2,37.8,40,25.2,23.4,33.1,30.2,40,33.8,29.5,,,,,,22.2204,114.2127
2026-09-11T02:00,26.1,26.3,26.4,26,25.5,25.8,26.2,25.9,26.2,26.2,25.8,26.2,26.5,25.8,25.7,26.3,26.1,25.8,25.9,25.7,25.8,26.3,25.8,26.7,26,26.4,25.9,26.5,26,25,26.1,25.7,26.2,26.7,25.7,26.7,24.8,26.3,26.3,26.5,79,75,81,71,78,79,81,73,82,81,78,85,81,90,85,82,85,85,77,88,71,71,74,74,78,74,83,82,82,88,80,81,82,75,81,70,79,80,79,80,0,0,0,0,0,0,0,0,0,0,0,0,0,0,0,0,0,0,0,0,0,0,0,0,0,0,0.1,0,0,0,0,0,0,0,0,0,0,0,0,0,3.3,6.5,5.2,6.1,5,8,4.5,6.2,4.5,6.6,7.4,5.9,3.1,5,4.8,7,6.8,4.4,6.5,4.9,10.2,6.9,10.1,10.7,6,8.3,8,10.6,4.5,3.8,7.4,5,7.7,6.6,1.3,6.5,7.9,7.7,3.6,3.4,,,,,,,,,,,,,,,,,,,,,,,,,,,,,,,,,,,,,,,,,26.6,26,26.8,26.8,26.6,26.1,26.8,26.5,26.3,26.6,26.7,27,26.1,26.8,26.5,26.8,26.9,26.9,26.4,26.8,26.6,26.5,26.4,26.6,26.6,26.6,26.5,26.7,26.5,26.5,27,76,74,75,77,72,73,75,78,77,73,72,74,72,76,71,74,73,70,74,76,75,77,77,75,72,73,74,73,73,74,74,0.6,0.1,0.5,0.5,0.1,0.1,0.7,1,0.8,0.2,0.3,0.5,0,0.4,0.1,0.6,0.4,0.4,0.7,0.5,0.2,1.4,0.6,0.6,0.5,0.3,0.2,0.7,0.2,0.3,0.4,27.1,36.4,28.7,31.3,21.2,35.7,33.8,34.7,34,20.9,20.9,27,40.7,25.9,17.3,27.8,20.5,17.4,23.7,31.1,35.2,32.8,31.2,33.6,20.6,18.2,27.5,23.2,34.9,27.6,23.8,31.3,41.8,32.8,36.4,24.5,41,41,41.8,40.7,24.5,24.1,31.3,42.5,30.6,19.4,33.8,24.1,20.2,26.6,36.7,42.1,37.8,36.4,38.9,23.8,22,32.4,27.4,40.7,31.7,28.1,,,,,,22.2204,114.2127
2026-09-11T03:00,26.6,25.9,26.2,25.8,25.2,25.5,26.1,25.5,26,25.8,25.6,26.1,26.4,25.8,25.5,26.1,26,25.8,25.6,25.6,25.2,25.9,25.4,26.1,25.7,25.9,25.8,26.4,26,25,25.8,25.7,26.1,26.3,25.5,26,24.6,26,26.4,26.5,72,73,81,70,78,77,74,72,80,77,77,84,80,85,86,79,86,84,76,86,70,71,74,72,77,74,83,81,78,89,77,80,82,74,82,71,79,78,74,78,0,0,0,0,0,0,0,0,0,0,0,0,0,0,0,0,0,0,0,0,0,0,0,0,0,0,0.1,0,0,0,0,0,0,0,0,0,0,0,0,0,5.9,7.6,4.2,7.6,5.4,9.1,6.8,7.6,5.4,7.9,7.8,6.2,4.4,6.3,4.7,7.9,7.1,4.3,7.2,4.9,10.3,7.6,11,11.3,6.7,9.4,7.1,10.2,5.9,4.5,9.2,4.5,7.7,6.6,1.9,6.2,8.4,9,6.2,4.6,,,,,,,,,,,,,,,,,,,,,,,,,,,,,,,,,,,,,,,,,26.4,25.9,26.7,26.7,26.4,25.9,26.7,26.4,26.2,26.4,26.4,26.9,26,26.7,26.3,26.7,26.7,26.7,26.2,26.6,26.5,26.4,26.3,26.5,26.5,26.5,26.4,26.5,26.4,26.3,26.8,75,74,75,77,71,74,75,78,77,72,71,74,72,75,70,73,73,69,74,76,75,77,77,75,71,72,74,72,73,73,74,0.2,0,0.3,0.1,0.1,0.1,0.2,0.5,0.2,0,0.1,0.2,0,0.2,0,0.2,0.4,0,0.5,0.1,0.1,1,0.4,0.2,0.2,0.1,0.1,0.2,0,0.1,0.5,23.9,33.2,26.1,29,18.6,32.7,32.4,34,31.7,19.3,19.3,24.2,38.9,23.9,16.1,24.8,19.6,16.4,22.5,29,32.2,30.6,29.4,30.8,18.6,17.9,24.3,20.2,32.8,22.3,22.5,28.1,38.5,29.9,33.5,22.3,37.4,39.6,41,37.8,23,22.3,28.4,41,28.4,18.7,31,23,19.8,25.9,34.6,38.2,35.3,34.2,35.6,22,21.6,29.2,24.1,39.2,27,26.6,,,,,,22.2204,114.2127
2026-09-11T04:00,25.8,25.5,26.1,25.7,24.9,25.1,25.8,25.1,25.8,25.3,25.4,26,26.2,25.5,25.3,25.7,25.8,25.7,25.4,25.5,24.8,25.5,25.1,25.6,25.4,25.4,25.8,26.3,25.7,25.1,25.5,25.7,26,26,25.7,25.6,24.6,25.6,25.9,26.4,73,72,79,69,77,75,71,72,77,76,75,83,76,80,87,78,82,83,74,82,70,71,74,73,76,73,83,80,75,83,76,80,81,74,81,71,78,77,72,75,0,0,0,0,0,0,0,0,0,0,0,0,0,0,0,0,0,0,0,0,0,0,0,0,0,0,0,0,0,0,0,0,0,0,0,0,0,0,0,0,5.8,8.6,5.2,9.1,6.1,9.8,7.9,7.6,6.6,8,9,6.6,6.8,7.2,4.3,8.5,8.3,4.8,8.3,5.9,10.2,8.4,11.2,12,7.3,10.5,7.1,10,7.1,6.5,9.8,4.1,8,7,2.9,5.5,9.3,10.7,7,7.3,,,,,,,,,,,,,,,,,,,,,,,,,,,,,,,,,,,,,,,,,26.3,25.8,26.7,26.6,26.2,25.8,26.6,26.5,26.2,26.1,26.2,26.8,25.8,26.7,26.1,26.6,26.4,26.5,26.1,26.5,26.5,26.4,26.2,26.4,26.4,26.4,26.3,26.4,26.2,26.2,26.7,74,73,74,77,70,74,75,78,77,72,70,73,72,74,69,73,73,69,73,76,75,77,76,75,71,71,73,71,72,71,74,0.2,0,0.3,0.1,0.1,0.1,0.2,0.5,0.2,0,0.1,0.2,0,0.2,0,0.2,0.4,0,0.5,0.1,0.1,1,0.4,0.2,0.2,0.1,0.1,0.2,0,0.1,0.5,20.6,29.2,22.2,25.6,16.3,28.7,30.5,32.8,28.2,18.5,17.6,20.9,36.7,21.9,15.6,21.2,18.4,16.1,21.5,26.6,28.5,27.6,26.9,26.9,17.2,18.3,20.1,17.3,29.2,16.6,21,24.5,33.8,25.9,29.5,19.8,33.5,36.7,39.2,34.2,22,20.5,24.8,40,26.3,18.4,27.7,22,19.8,25.6,32,33.1,32,31.7,31,20.2,22,24.5,20.5,36.4,21.2,25.2,,,,,,22.2204,114.2127
2026-09-11T05:00,25.4,25.1,25.9,25.5,24.6,24.7,25.4,24.8,25.4,24.8,25.1,25.9,25.5,25.1,25.3,25.3,25.4,25.7,25.2,25.3,24.6,25.2,24.8,25.3,25.1,25.1,25.7,26.1,25.4,25.1,25.1,25.5,25.8,25.6,26.3,25.4,24.5,25.1,25.5,25.8,73,73,75,68,76,75,72,71,75,76,74,81,76,78,85,77,78,79,72,78,70,71,74,73,74,72,81,80,73,75,75,81,77,74,72,72,77,76,73,73,0,0,0,0,0,0,0,0,0,0,0,0,0,0,0,0,0,0,0,0,0,0,0,0,0,0,0,0,0,0,0,0,0,0,0,0,0,0,0,0,5.8,9.4,6.1,10.9,6.5,11.3,7.3,7.6,7.2,8.7,10.1,7.1,6.8,7.9,4.7,8.7,9.4,5.9,10.5,6.7,10.3,9.8,11.6,12.8,8,11.2,7.6,10.7,7.4,8,10.1,4.2,9.3,7.7,5.5,5.6,10,11.4,6.8,6.1,,,,,,,,,,,,,,,,,,,,,,,,,,,,,,,,,,,,,,,,,26.2,25.7,26.7,26.5,26.1,25.7,26.5,26.5,26.3,25.9,26,26.7,25.7,26.7,26,26.6,26.3,26.3,25.9,26.4,26.4,26.3,26.1,26.4,26.3,26.3,26.2,26.3,26.2,26.2,26.6,73,72,73,76,69,74,75,77,76,71,69,72,72,73,68,72,72,68,72,76,75,76,75,75,70,70,72,70,71,70,73,0.2,0,0.3,0.1,0.1,0.1,0.2,0.5,0.2,0,0.1,0.2,0,0.2,0,0.2,0.4,0,0.5,0.1,0.1,1,0.4,0.2,0.2,0.1,0.1,0.2,0,0.1,0.5,18.2,25.2,19.1,22.8,15.8,25,28.1,30.7,25.1,18.1,17,19,33.1,20.2,16.3,18.6,18.1,16.2,20.7,24,25.1,24.8,24.2,23.2,16.6,19,18.3,15.8,25.3,14.4,19.6,22,29.5,22.7,26.3,18.4,29.2,33.5,36.7,30.2,21.6,20.2,22.3,37.1,24.5,18.7,24.5,21.6,20.5,24.8,29.9,28.8,28.4,28.8,27,19.4,22.7,21.6,18.4,32.4,17.3,23.8,,,,,,22.2204,114.2127
2026-09-11T06:00,25.2,24.8,25.5,25.4,24.4,24.4,25,24.5,25.1,24.5,24.8,25.6,25.2,24.7,25.2,24.9,25,25.5,25,25,24.4,24.9,24.6,25,24.8,24.9,25.5,26,25.1,24.7,24.8,25.4,25.4,25.3,25.8,25.2,24.5,24.8,25.2,25.4,72,73,72,68,76,74,73,71,74,75,73,78,74,76,79,77,76,76,72,77,69,72,74,73,73,72,78,78,73,74,75,79,75,74,70,71,76,77,72,72,0,0,0,0,0,0,0,0,0,0,0,0,0,0,0,0,0,0,0,0,0,0,0,0,0,0,0,0,0,0,0,0,0,0,0,0,0,0,0,0,6.2,10.5,6.5,11.3,6.8,12.4,6.5,7.6,6.9,10.1,10.9,6.9,7.6,8.7,6.5,9.4,10.5,6.2,12.1,7.3,10,10.2,11.4,13.6,9.1,12,8.5,11.4,7.6,8.6,10.1,5.2,9.5,8,5.8,6.2,11,11.4,7.2,6.5,,,,,,,,,,,,,,,,,,,,,,,,,,,,,,,,,,,,,,,,,26.1,25.7,26.7,26.3,26.1,25.7,26.4,26.3,26.3,25.7,25.8,26.6,25.7,26.6,25.9,26.4,26.1,26.2,25.8,26.3,26.3,26.2,26,26.3,26.1,26.1,26,26.2,26.1,26.1,26.5,72,71,71,75,68,73,74,76,74,70,67,71,71,72,67,71,71,68,71,75,74,75,73,74,69,69,71,69,70,69,72,0,0,0,0,0,0,0,0,0,0,0,0,0,0,0,0,0.1,0,0,0,0,0.1,0,0,0,0,0,0,0,0,0,16.9,21.5,17.1,20.4,16.8,20.6,24.8,26.5,21.4,18.6,18.4,18.3,26.1,19.3,17.7,17.2,18.4,17.5,19.8,21.5,21.7,21.9,20.9,20.1,17.5,19.8,18.3,16.4,20.7,15.1,17.7,20.5,25.2,20.9,24.1,19.4,24.5,29.5,32,26.3,22,21.6,21.6,31,23,20.5,21.6,22,21.6,23.4,27.4,24.8,24.8,25.2,23.8,20.2,23.8,21.2,19.1,27,17.6,21.6,,,,,,22.2204,114.2127
2026-09-11T07:00,25.1,24.7,25.3,25.4,24.4,24.3,24.9,24.4,25,24.3,24.7,25.5,25,24.6,25.2,24.8,24.8,25.5,25,24.8,24.3,24.7,24.5,24.9,24.8,24.7,25.3,25.8,25.1,24.6,24.6,25.5,25.2,25.2,25.6,25.2,24.5,24.6,25.1,25.3,72,74,72,68,76,73,74,71,75,75,74,77,74,76,76,77,76,75,72,77,69,72,74,74,73,73,76,77,73,74,76,76,75,74,71,71,76,77,72,72,0,0,0,0,0,0,0,0,0,0,0,0,0,0,0,0,0,0,0,0,0,0,0,0,0,0,0,0,0,0,0,0,0,0,0,0,0,0,0,0,6.9,11.3,6.1,11.3,7.9,12.8,6.5,8.4,6.5,10.9,11.8,6.9,7.2,9.4,7.9,10.2,12,6.2,12.1,8.3,10.3,10,12.1,13.7,9.8,12.7,8.9,11.3,8.3,9.4,10.5,5.8,9.5,8.4,5,6.8,11.1,11.5,7.6,6.5,,,,,,,,,,,,,,,,,,,,,,,,,,,,,,,,,,,,,,,,,26.1,25.7,26.6,26.2,26,25.7,26.4,26.1,26.3,25.6,25.7,26.5,25.9,26.4,25.8,26.3,26,26.1,25.7,26.2,26.2,26.2,25.9,26.2,26,26,25.9,26.1,26.1,26,26.4,70,71,70,74,66,71,73,76,72,70,66,69,71,72,67,69,70,68,70,73,73,73,71,72,68,69,69,68,68,68,70,0,0,0,0,0,0,0,0,0,0,0,0,0,0,0,0,0.1,0,0,0,0,0.1,0,0,0,0,0,0,0,0,0,17.2,18.4,16.7,19,18.2,16.8,21.1,22,17.9,19.6,20.3,18.2,18.8,18.4,19.1,16.3,19.5,18.6,18.5,20,18.5,19.4,18.4,18,18.6,20.7,19.4,17.7,16.2,16.9,16.3,19.8,21.2,20.2,22.3,21.6,20.2,24.8,26.3,22,23,23.8,22,23.8,22.3,23,19.1,23,23.4,21.6,24.8,21.6,21.6,21.6,21.2,22.3,24.8,22.7,20.9,20.5,19.8,18.7,,,,,,22.2204,114.2127
2026-09-11T08:00,25.6,25.2,25.9,25.8,25,24.8,25.7,25,25.6,24.8,25.2,26,25.8,25.3,25.8,25.4,25.3,26.1,25.6,25.4,24.8,25.3,24.8,25.3,25.1,25.2,25.8,26.3,25.7,25.1,25.1,26,25.6,25.7,26.2,25.7,25.1,25.1,25.5,25.9,71,72,70,67,73,72,70,69,72,73,73,73,71,73,71,75,73,71,70,73,67,71,72,73,73,71,73,74,69,72,75,72,72,72,68,69,74,76,70,69,0,0,0,0,0,0,0,0,0,0,0,0,0,0,0,0,0,0,0,0,0,0,0,0,0,0,0,0,0,0,0,0,0,0,0,0,0,0,0,0,7.7,12.9,7.3,12.9,9.1,13.5,8.3,9.7,8.4,12.1,12.8,8,8.3,10.4,9.9,11.3,14.1,7.3,11.8,10.6,11.5,10.8,13.2,14.5,10.6,14.2,9.8,11.9,9.1,10.8,11.7,6.3,11.4,9.5,6.1,7.9,11.3,12.2,8.7,7.6,,,,,,,,,,,,,,,,,,,,,,,,,,,,,,,,,,,,,,,,,26.2,25.8,26.7,26.3,26.2,25.8,26.4,26.1,26.4,25.7,25.8,26.5,26.1,26.5,26,26.3,26.1,26.2,25.9,26.2,26.2,26.3,26,26.3,26.1,26.1,25.9,26.3,26.3,26.2,26.5,69,69,68,72,65,69,72,74,70,69,64,68,69,71,66,68,69,67,69,72,72,71,69,70,67,68,67,67,66,67,69,0,0,0,0,0,0,0,0,0,0,0,0,0,0,0,0,0.1,0,0,0,0,0.1,0,0,0,0,0,0,0,0,0,17.8,15.3,17.4,18.7,19,15.4,18.9,18.9,16.5,20.2,21.7,18.4,15.6,18.3,20.2,16,20.3,19.5,17.4,19.7,17.2,18.2,16.9,17.8,19.7,21.4,19.9,18.9,14,18.1,15.7,20.2,18,20.5,21.2,23.4,17.6,21.6,22,19.4,23.8,25.9,23,18.7,22,25.2,18,23.8,24.1,20.5,23.8,19.8,19.8,19.1,19.8,23.8,25.9,23.4,23,16.2,22,17.3,,,,,,22.2204,114.2127
2026-09-11T09:00,26.3,26.2,26.7,26.7,25.9,25.8,26.5,25.8,26.3,25.8,26.3,26.7,26.7,26.3,26.6,26.4,26.3,26.7,26.5,26.3,25.7,26.2,25.7,26.2,25.8,26.2,26.7,27.2,26.5,25.9,26,26.6,26.4,26.5,26.8,26.6,25.7,26.1,26.3,26.7,68,68,66,64,70,67,67,65,70,68,68,69,67,69,68,70,68,68,67,69,63,67,67,69,70,67,70,70,66,68,71,69,68,69,66,65,72,71,67,65,0,0,0,0,0,0,0,0,0,0,0,0,0,0,0,0,0,0,0,0,0,0,0,0,0,0,0,0,0,0,0,0,0,0,0,0,0,0,0,0,11.2,15.8,11.4,16.1,12.9,15.6,11.1,11.4,12.9,14.6,14.7,11.2,12.8,11.4,12.4,12.7,15.8,9.4,13.5,12.4,14.9,14.7,15.2,18.1,13,16,11.6,14.2,12.7,12.9,13.5,8.7,15.4,13.5,10,10.8,12.5,14.5,12.3,12.2,,,,,,,,,,,,,,,,,,,,,,,,,,,,,,,,,,,,,,,,,26.6,26.3,27.1,26.6,26.6,26.1,26.5,26.5,26.6,26.1,26.3,26.9,26.5,26.9,26.5,26.5,26.6,26.6,26.3,26.5,26.5,26.6,26.4,26.7,26.6,26.5,26.3,26.7,26.6,26.6,26.9,67,65,67,70,64,67,71,71,68,67,62,67,66,70,65,67,68,65,66,71,71,69,67,68,66,66,65,66,64,66,67,0,0,0,0,0,0,0,0,0,0,0,0,0,0,0,0,0,0,0,0,0,0,0,0,0,0,0,0,0,0,0,18.7,12.9,18.7,19.1,19.8,16.2,18.4,17.6,16.9,20.3,21.4,19,16.1,19.1,20.5,16.6,20.6,18.8,17.5,20.7,18.5,19.1,17.1,17.9,20.1,21.3,19.6,19.8,14.2,18.6,15.8,21.6,16.2,23.4,21.6,24.5,18.7,20.9,20.2,19.4,24.5,27,25.2,18.7,22.7,25.9,19.1,24.1,23.8,20.2,25.9,20.9,21.2,19.4,20.5,24.8,26.6,23,24.8,15.8,23,17.6,,,,,,22.2204,114.2127
2026-09-11T10:00,27.3,27.4,27.9,27.8,27.2,27.1,27.4,26.8,27.3,27,27.5,27.9,27.9,27.6,27.6,27.7,27.5,27.2,27.6,27.5,26.8,27.4,26.7,27.4,27,27.4,27.8,28.4,27.7,27,27.2,27.6,27.5,27.6,27.8,27.6,26.6,27.3,27.4,27.8,64,63,62,60,65,61,63,61,66,63,64,64,62,64,64,65,63,66,63,65,59,62,61,64,66,63,66,65,62,63,66,66,64,65,63,61,69,66,63,61,0,0,0,0,0,0,0,0,0,0,0,0,0,0,0,0,0,0,0,0,0,0,0,0,0,0,0,0,0,0,0,0,0,0,0,0,0,0,0,0,13,17.5,13.4,17.7,14.3,17.1,16,15,14.7,15.7,15.8,12.9,15.3,14.4,15.6,14.4,17.3,12.1,17.2,14.8,16.3,16.4,18.6,19.8,13.9,18.6,13,16,15,15.9,16,10,17.4,15.6,10.2,15.2,14.6,15.8,14.2,14,,,,,,,,,,,,,,,,,,,,,,,,,,,,,,,,,,,,,,,,,27.1,26.9,27.6,27.1,27.2,26.5,26.8,27,27,26.8,27.1,27.4,26.9,27.4,27.1,26.9,27.2,27.1,27,26.9,27,27.1,27,27.2,27.3,27.1,26.9,27.3,27.1,27.2,27.5,66,61,66,68,63,65,70,67,66,64,60,67,62,68,63,67,66,63,62,69,69,67,66,65,64,64,63,65,61,65,66,0,0,0,0,0,0,0,0,0,0,0,0,0,0,0,0,0,0,0,0,0,0,0,0,0,0,0,0,0,0,0,19.9,11.7,20.1,19.6,20.6,17.9,18.6,17.1,18.3,20.4,20.5,20.4,17.7,19.8,20.9,18.1,20.5,17.7,18.1,22.5,20.6,20.9,17.8,18.1,20.2,21.3,18.7,20.7,15.4,19.5,16.5,24.1,15.1,27.7,23,25.2,21.6,22,19.8,20.9,25.2,27.7,28.1,21.6,24.5,26.3,21.2,24.5,22.3,20.5,29.9,23.4,24.1,21.2,22,25.9,26.6,22.7,26.3,17.3,23.8,18.7,,,,,,22.2204,114.2127
2026-09-11T11:00,28.3,28.4,28.9,28.9,28.5,28.3,28.4,27.9,28.3,28.1,28.7,29.1,28.9,28.9,28.6,28.9,28.6,28.4,28.7,28.7,27.9,28.6,27.8,28.7,28.2,28.6,28.8,29.4,28.8,28.1,28.7,28.7,28.6,28.7,28.9,28.6,27.6,28.3,28.4,28.6,60,60,59,56,61,58,59,57,63,59,60,60,59,60,61,62,60,62,59,61,56,58,58,61,62,58,62,61,59,59,62,62,60,61,59,58,66,62,60,59,0,0,0,0,0,0,0,0,0,0,0,0,0,0,0,0,0,0,0,0,0,0,0,0,0,0,0,0,0,0,0,0,0,0,0,0,0,0,0,0,13.8,18.1,14.5,18.7,14.6,18.2,16.9,16.3,15.2,15.8,15.4,13.5,16.3,14.5,16.3,14.9,17.4,12.4,17.9,15.1,16.9,16.1,19.1,20.5,14.7,19.1,14.6,18.2,16.3,16.1,16.8,11.2,17.1,16.5,10.6,15.9,15.5,16.9,15.3,14.3,,,,,,,,,,,,,,,,,,,,,,,,,,,,,,,,,,,,,,,,,27.6,27.4,28,27.6,27.6,26.9,27.1,27.5,27.4,27.3,27.7,27.8,27.3,27.9,27.7,27.3,27.8,27.6,27.5,27.3,27.4,27.5,27.4,27.7,27.9,27.7,27.4,27.8,27.5,27.8,27.9,65,58,66,67,62,64,69,65,65,63,59,67,60,67,62,67,65,61,60,68,68,66,65,63,63,63,62,64,60,64,65,0,0,0,0,0,0,0,0,0,0,0,0,0,0,0,0,0,0,0,0,0,0,0,0,0,0,0,0,0,0,0,20.3,11.9,21.3,19.5,21.1,19.3,19,16.7,18.7,20.3,20.5,21.9,18.8,20,21.1,19.1,20.4,17.1,18.1,23.7,21.8,21.7,18.4,18.3,19.9,21.6,18,20.9,16.5,20,16.8,25.6,15.1,30.2,23.8,25.2,23.8,22.7,19.8,22,25.6,28.4,29.5,23.8,25.2,26.3,23,24.5,21.6,21.2,32.4,25.2,26.3,22.3,23.4,25.9,27,22.3,27.4,19.1,24.5,19.8,,,,,,22.2204,114.2127
2026-09-11T12:00,29.3,29.4,29.8,29.9,29.4,29.3,29.2,28.7,29.1,29.2,29.7,29.9,29.7,29.9,29.4,29.8,29.6,29.2,29.7,29.7,28.9,29.5,28.7,29.8,29.1,29.6,29.6,30.3,29.6,29.1,29.6,29.4,29.5,29.5,29.7,29.4,28.6,29.4,29,29.2,59,57,58,54,59,55,57,56,61,56,58,58,57,58,59,60,57,60,57,58,54,57,56,58,60,56,59,56,58,57,60,59,58,60,57,57,63,58,60,58,0,0,0,0,0,0,0,0,0,0,0,0,0,0,0,0,0,0,0,0,0,0,0,0,0,0,0,0,0,0,0,0,0,0,0,0,0,0,0,0,13.7,17.8,14.7,18.6,15.3,17.9,16.9,16.3,16.1,15.7,14.7,14.1,16,15.1,16.6,15,16.9,13,17.7,16,16.5,15.1,18.8,20.1,16.4,19.3,16.9,19.3,17.8,15.9,17.3,12.7,16.6,16.8,12.1,15.9,15.6,19.7,16.7,14.4,,,,,,,,,,,,,,,,,,,,,,,,,,,,,,,,,,,,,,,,,27.9,27.7,28.3,28,27.9,27.2,27.3,27.8,27.7,27.5,28,28.1,27.4,28.2,28.1,27.5,28.2,27.9,27.8,27.6,27.7,28,27.5,28.1,28.3,28.2,27.8,28.1,27.8,28.2,28.1,65,58,65,66,62,63,69,65,65,63,59,67,60,67,62,67,65,61,60,67,67,65,65,62,63,62,62,64,60,64,65,0,0,0,0,0,0,0,0,0,0,0,0,0,0,0,0,0,0,0,0,0,0,0,0,0,0,0,0,0,0,0,19.6,12.6,20.7,18.3,20.4,19.5,18.8,17.2,18.2,19.6,21.6,22,19.6,18.9,20.6,19.4,19.4,17,18.2,23.4,20.9,20.8,17.7,18.4,18.7,22.2,18,20.6,17.6,19.8,16.8,25.2,16.2,29.2,23,24.5,24.1,22.7,20.5,22,24.8,29.5,28.8,24.5,24.5,25.6,23.4,23.8,21.6,22.3,32.4,24.8,25.9,22,23.4,24.8,27.4,22.3,27,20.5,24.5,20.5,,,,,,22.2204,114.2127
2026-09-11T13:00,29.9,30,30.4,30.7,29.9,30,29.8,29.1,29.6,30.1,30.4,30.5,30.3,30.5,29.9,30.5,30.3,29.9,30.4,30.5,29.8,30,29.4,30.5,29.6,30.5,30.5,31.1,30.2,29.8,30.2,29.6,30.3,30.3,30,29.9,29.4,30.2,29.5,29.9,56,55,57,52,56,54,56,56,58,55,56,55,55,57,56,56,55,57,55,54,53,57,55,57,57,53,54,53,55,54,56,58,56,56,55,56,62,55,58,57,0,0,0,0,0,0,0,0,0,0,0,0,0,0,0,0,0,0,0,0,0,0,0,0,0,0,0,0,0,0,0,0,0,0,0,0,0,0,0,0,16.5,16.1,14.3,17.9,15.6,17,16.3,16.4,15.6,14.4,14.9,14.8,16.3,16.3,18.7,17.1,17.4,13.9,17.7,17.1,15.4,15.8,18.4,19.2,17.7,18.8,16.2,18.5,18.4,17.6,18.4,12.6,16.8,17.7,12.7,15.1,16.4,19,16,14.7,,,,,,,,,,,,,,,,,,,,,,,,,,,,,,,,,,,,,,,,,28.1,27.9,28.5,28.3,28,27.5,27.5,28,28,27.6,28.2,28.3,27.4,28.4,28.4,27.8,28.5,28.2,27.9,27.9,28.1,28.4,27.5,28.4,28.7,28.7,28,28.4,28,28.5,28.1,65,59,65,66,63,63,70,65,66,65,59,67,61,67,62,66,65,62,62,67,67,65,66,63,63,62,62,64,61,64,66,0,0,0,0,0,0,0,0,0,0,0,0,0,0,0,0,0,0,0,0,0,0,0,0,0,0,0,0,0,0,0,19.7,14.6,19.1,17.7,19.4,19.6,19,18.7,18.2,19.6,23.6,21.2,20.5,18.2,19.9,19,18.8,17.4,19.9,22.8,19.6,19.6,17.4,18.8,18.1,22.8,18.9,20.7,19.5,19.9,17.8,24.1,18.4,25.9,22,23,23.4,23,22.3,22,23.8,31,27.4,24.5,23.4,24.8,23.4,23,22,23.8,30.6,23.4,24.8,20.9,23,23.4,27.4,22.7,25.9,22.7,24.1,20.9,,,,,,22.2204,114.2127
2026-09-11T14:00,30.2,30.5,30.6,31.2,30.6,30.4,29.9,29.4,30,30.7,30.9,30.6,30.5,31,30.3,30.9,30.9,30.6,30.9,31.1,30.3,30.7,29.8,31,30,30.9,31,31.5,30.7,30.1,31,30,30.9,30.9,30.4,30.2,29.9,30.6,30.1,30.3,56,54,56,52,54,55,55,56,58,54,55,53,54,54,56,54,53,55,54,53,53,54,55,55,57,52,52,51,53,53,53,56,54,53,54,55,58,54,55,57,0,0,0,0,0,0,0,0,0,0,0,0,0,0,0,0,0,0,0,0,0,0,0,0,0,0,0,0,0,0,0,0,0,0,0,0,0,0,0,0,15.6,14.7,13.7,16.6,14.3,16.4,16.1,16.6,14.5,14.3,14.7,15,16.1,15.5,16.6,16.3,16.1,13.7,18.3,15.5,14.5,16.6,17.9,19.3,16.1,17.8,15.6,17.6,17.3,17.1,16.8,13.3,17.1,16.9,12.3,15.7,17.1,17.9,14.1,14.6,,,,,,,,,,,,,,,,,,,,,,,,,,,,,,,,,,,,,,,,,28.2,28,28.6,28.5,28.1,27.7,27.7,28.2,28.2,27.6,28.4,28.4,27.4,28.5,28.7,28,28.8,28.5,28,28.1,28.3,28.7,27.4,28.6,28.9,29.1,28.3,28.6,28.2,28.7,28.1,66,60,65,66,64,63,70,66,67,66,60,67,62,67,62,66,66,62,64,67,67,65,67,63,63,62,62,64,62,64,67,0,0,0,0,0,0,0,0,0,0,0,0,0,0,0,0,0,0,0,0,0,0,0,0,0,0,0,0,0,0,0,20,16.8,18.3,18.1,18.6,19,19.8,20.6,19.1,19.8,24.7,20.6,20.7,18.6,19.5,18.6,18.8,17.8,21.3,22.2,19.5,19.7,17.5,19.1,17.9,22.9,19.7,20.9,20.6,20.4,18,23,19.4,23,21.6,22.3,22.7,23.4,23.4,21.6,23,31.7,25.6,23.8,22.7,23.8,23,22.7,22.7,24.5,29.2,22.7,24.1,19.8,22.7,21.6,27,22.7,24.8,23.8,24.1,20.9,,,,,,22.2204,114.2127
2026-09-11T15:00,30.6,30.7,30.8,31.1,30.7,30.5,29.8,29.5,30.3,30.8,31.1,30.6,30.5,31.1,30.7,31,31.1,30.8,31,31.4,30.5,30.9,30,31.6,30.1,31.1,31,31.5,31.2,30.3,31.4,30,31.3,31.4,30.6,30.3,30.1,30.7,30.6,30.7,55,54,55,52,55,54,55,57,56,54,55,55,54,54,54,54,53,54,54,52,53,55,55,53,57,53,54,51,51,53,52,56,52,51,54,53,58,53,53,55,0,0,0,0,0,0,0,0,0,0,0,0,0,0,0,0,0,0,0,0,0,0,0,0,0,0,0,0,0,0,0,0,0,0,0,0,0,0,0,0,14.6,14.4,12.7,17.3,13.9,16.1,15,13.6,14.8,13.7,13.8,13.3,15.5,14.7,16,14.9,15,12.9,16.9,14.2,14,14.9,16.8,18.8,14.6,16.9,13.9,17.1,16.6,16.1,15.9,13.1,16.5,17,12,15.8,14.9,16.7,13.2,13.9,,,,,,,,,,,,,,,,,,,,,,,,,,,,,,,,,,,,,,,,,28.1,28.1,28.6,28.5,28.2,27.8,27.9,28.1,28.1,27.7,28.6,28.3,27.5,28.5,28.8,28.1,28.8,28.8,28,28.1,28.2,28.7,27.5,28.6,28.8,29.1,28.5,28.5,28.3,28.8,28.2,67,60,65,67,64,62,70,67,68,67,60,67,61,67,62,66,67,62,65,68,68,65,67,63,64,63,62,65,62,64,66,0,0,0,0,0,0,0,0,0,0,0,0,0,0,0,0,0,0,0,0,0,0,0,0,0,0,0,0,0,0,0,19.2,16.1,17.4,19.1,18.8,17.4,20.8,20.9,18.9,20.2,25.3,20.2,19.2,19.2,18.5,18.2,20.3,18.7,21.1,22.2,19.9,20.3,17.6,18.3,17,21.9,18.8,20.3,20.4,21,16.4,21.6,19.1,20.9,22.3,22.3,21.2,24.5,23.8,21.6,23,32,24.5,22,23.4,22.7,22.3,24.1,23.8,24.1,27.4,22.7,24.5,19.4,22,20.2,25.9,22.3,24.1,24.1,25.2,19.1,,,,,,22.2204,114.2127
2026-09-11T16:00,30,30.7,30.9,30.9,30.1,30.7,29.7,29.5,30.3,30.7,31,30.7,30.4,30.8,30.7,30.8,31.1,30.4,31.1,31,30.3,30.8,30.2,31.8,29.9,31,30.6,30.9,31.2,30.3,31.5,29.2,31.4,31.1,30.7,30.3,30.1,30.8,30.7,30.8,61,53,55,53,60,54,56,58,56,55,54,55,56,57,55,56,54,57,55,56,54,56,54,52,59,53,56,57,51,54,51,63,51,53,54,55,59,54,55,54,0,0,0,0,0,0,0,0,0,0,0,0,0,0,0,0,0,0,0,0,0,0,0,0,0,0,0,0,0,0,0,0,0,0,0,0,0,0,0,0,14.1,15.3,11.6,16.3,14.5,13.8,13.8,12,16.1,13.2,13.4,11.4,13.8,13.9,14.4,14.5,14,11.9,14.6,14.1,13.6,13.8,15.5,17.7,13.8,16,13.2,15.7,16.1,14.8,15.8,12,15.9,17.2,10.9,13.7,13.1,14.3,12.2,13.6,,,,,,,,,,,,,,,,,,,,,,,,,,,,,,,,,,,,,,,,,27.9,28.1,28.5,28.3,28.3,27.9,27.9,27.9,27.8,27.7,28.8,28.2,27.7,28.4,28.9,28.3,28.8,29,28,28,28,28.7,27.5,28.6,28.5,28.9,28.7,28.3,28.4,28.8,28.4,67,61,66,69,64,62,70,68,68,68,61,68,60,68,62,66,67,61,65,70,69,66,68,63,65,65,62,65,62,64,65,0,0,0,0,0,0,0,0,0,0,0,0,0,0,0,0,0,0,0,0,0,0,0,0,0,0,0,0,0,0,0,17.6,14.2,16.3,19.7,19,15.7,22,20.3,17.9,20.2,25.3,19.7,16.9,19.8,17.1,17.8,22.2,19.9,19.7,21.9,20.7,21,17.3,17.1,15.6,20.2,17.7,19,19.7,21.1,13.2,19.8,18,19.4,23.8,23,19.4,26.3,23.8,21.6,23.4,32,23.4,19.8,24.5,21.2,21.6,26.3,24.8,23.4,25.6,23.4,25.2,19.1,20.9,18.7,24.5,21.6,23.4,23.8,26.3,16.9,,,,,,22.2204,114.2127
2026-09-11T17:00,28.9,30.3,30.4,30.5,29,30.5,29.4,29.2,29.5,30.3,30.6,30,30.1,29.5,30,29.7,30.4,29.1,30.5,29.6,29.9,30.5,29.8,31.5,29,30.8,29.6,30,30.1,30,30.9,28.3,30.9,29.8,30.3,30.1,29.6,30.5,30.3,30.5,68,55,57,55,68,56,57,61,63,56,56,61,57,66,59,64,58,67,58,64,56,58,56,53,66,55,64,62,60,55,55,70,55,63,55,56,62,57,58,56,0,0,0,0,0,0,0,0,0,0,0,0,0,0,0,0,0,0,0,0,0,0,0,0,0,0,0,0,0,0,0,0,0,0,0,0,0,0,0,0,13.3,12.5,11.6,14.3,12.3,11.6,12.4,9.4,14,12.3,11.8,8.1,12.8,11.2,11.7,13.8,13.8,11,12.5,13,11.7,12.5,13.2,15.9,13,13.8,12.7,14.8,15.7,13.3,13.5,11.2,13,15.9,10.2,11.7,11.4,12.7,12.1,12.8,,,,,,,,,,,,,,,,,,,,,,,,,,,,,,,,,,,,,,,,,27.8,28.1,28.4,28.1,28.4,27.9,28,27.8,27.6,27.7,28.8,28.1,27.8,28.4,28.9,28.3,28.7,29.2,27.9,27.9,27.8,28.6,27.6,28.5,28.3,28.8,28.7,28.2,28.4,28.7,28.5,68,61,67,70,64,62,71,69,69,69,62,69,60,69,63,66,68,61,66,72,70,67,68,64,66,66,63,66,63,65,64,0,0,0,0,0,0,0,0,0,0,0,0,0,0,0,0,0,0,0,0,0,0,0,0,0,0,0,0,0,0,0,16.4,12.6,15.5,20,19,15.1,22.7,20,17.5,20,24.1,19.1,14.9,19.8,16.2,17.4,22.8,21.4,18.4,22.3,21,20.9,16.9,16.6,15.1,19.1,16.6,18.1,18.7,20.9,11.8,19.1,17.3,18.4,24.5,23,18.4,27.7,23.8,21.6,23.4,31,22.7,18.4,24.8,20.9,20.9,27.7,26.3,22.7,24.8,23.8,25.2,19.1,20.5,18,23.8,21.2,22.7,23.4,27,15.8,,,,,,22.2204,114.2127
2026-09-11T18:00,27.7,29.3,28.9,29.6,28,29.5,28.8,28.5,28.5,29.3,29.6,29.2,29.2,28.4,28.9,28.5,29.1,27.8,29.4,28.2,29.1,29.6,28.9,30.5,28,29.9,28.4,28.8,28.7,28.9,29.8,27.5,29.8,28.5,29.2,29.2,28.8,29.4,29,29.3,73,61,68,59,73,62,60,65,69,62,62,67,61,73,68,71,68,73,66,72,60,63,62,60,73,60,71,69,68,64,61,73,63,70,64,62,69,64,67,64,0,0,0,0,0,0,0,0,0,0,0,0,0,0,0,0,0,0,0,0,0,0,0,0,0,0,0,0,0,0,0,0,0,0,0,0,0,0,0,0,10.8,9.1,9.8,11.9,10.2,8.1,9.1,5.9,11.2,8.6,7.5,6.2,9.2,8.3,8.5,11,10.4,8.5,8,10.4,9.6,9,9.8,12.1,12,10.9,9.7,12.6,12.6,9.2,9.7,8.4,10.7,12.8,6.9,6.2,8.2,10.2,9.2,8.6,,,,,,,,,,,,,,,,,,,,,,,,,,,,,,,,,,,,,,,,,27.8,28.1,28.4,28,28.4,27.8,27.9,27.7,27.6,27.7,28.7,28,27.6,28.3,28.8,28.1,28.5,29.1,27.8,27.8,27.7,28.5,27.6,28.3,28.1,28.7,28.7,28.1,28.3,28.6,28.5,68,62,68,71,64,63,72,71,70,70,64,71,61,70,64,67,69,62,67,74,72,68,68,65,67,67,64,66,64,66,65,0,0,0,0,0,0,0.1,0,0,0,0,0,0,0,0,0,0,0,0,0,0,0,0,0,0,0,0,0,0,0,0,16.6,12.1,15.5,19.7,18.1,15.3,22.7,20.5,17.5,19.1,20.9,18.2,14.4,19.1,16.8,17.4,21.4,22.8,18,22.6,20.7,19.9,16.9,16.5,15.1,18.9,17.3,17.4,17.9,20.3,12.7,20.2,17.3,18.7,24.1,22.3,18,28.8,24.1,22,23,27.7,22,18.7,24.1,22.7,20.9,27.4,28.4,22.3,25.6,24.1,24.5,19.4,20.9,18,24.5,22,22.3,22.7,26.6,17.3,,,,,,22.2204,114.2127
2026-09-11T19:00,26.9,28.5,27.5,28.6,27.2,28.5,27.9,27.6,27.5,28,28.4,28.1,28.1,27.6,27.8,27.7,28,27,28.3,27,28.2,28.8,28,29.2,27.4,28.8,27.4,27.8,27.5,27.9,28.7,26.8,28.4,27.7,28.1,28.5,27.9,28.4,27.7,28.3,76,66,77,63,77,69,65,72,75,69,71,76,68,79,76,76,77,76,73,80,64,67,66,69,77,66,78,78,77,71,67,77,74,75,71,68,76,72,75,70,0,0,0,0,0,0,0,0,0,0,0,0,0,0,0,0,0,0,0,0,0,0,0,0,0,0,0,0,0,0,0,0,0,0,0,0,0,0,0,0,6,6.3,8.3,8.8,7.7,5.4,5.4,4.4,9.2,6.8,4,4.3,4.7,6.6,5.4,8.9,8,6,4.2,7.9,7.2,4.8,7.6,8.4,9.8,8.4,6.7,9.3,9,6,6.9,6,9.1,7.7,3.6,3.4,7.6,7.1,5.9,4.1,,,,,,,,,,,,,,,,,,,,,,,,,,,,,,,,,,,,,,,,,27.9,28,28.3,28,28.3,27.6,27.8,27.6,27.7,27.8,28.4,28,27.3,28.2,28.8,27.9,28.3,28.8,27.7,27.7,27.6,28.4,27.6,28.2,27.9,28.7,28.5,28.1,28,28.4,28.5,68,63,69,71,64,66,74,72,70,70,67,73,63,71,65,69,69,64,68,76,73,69,69,66,69,67,65,67,66,67,67,0,0,0,0,0,0,0.1,0,0,0,0,0,0,0,0,0,0,0,0,0,0,0,0,0,0,0,0,0,0,0,0,17.4,11.8,15.8,18.7,17.4,15.7,22.6,21.3,18,17.9,16.8,17.4,17.7,18.2,18.7,17.3,19,23.8,17.7,23,20.5,17.9,16.9,16.6,15.2,19.4,18.5,17.1,16.7,19.1,15,22.3,17.3,19.8,23.4,20.9,18.4,29.9,24.5,22.7,23,23.4,21.6,19.8,23,25.2,20.9,26.3,30.6,21.6,27.4,24.1,23,20.2,21.6,18.7,26.3,23.4,22.3,21.6,25.9,20.2,,,,,,22.2204,114.2127
2026-09-11T20:00,26.6,28,26.9,28.1,26.9,28,27.3,27.1,27.2,27.5,28.2,27.6,27.8,27.2,27.1,27.4,27.5,26.5,27.8,26.5,27.6,28.3,27.4,28.5,27.1,28.1,26.9,27.4,27,27.2,28.2,26.5,27.8,27.4,27.5,28.2,27.4,27.8,27,28.2,77,70,80,65,79,73,69,77,77,71,72,81,72,84,82,78,81,78,77,84,66,71,71,73,78,70,83,81,81,76,72,80,80,77,77,72,80,77,81,73,0,0,0,0,0,0,0,0,0,0,0,0,0,0,0,0,0,0,0,0,0,0,0,0,0,0,0,0,0,0,0,0,0,0,0,0,0,0,0,0,4.1,5.6,5.8,5.8,5.9,4.8,3.7,5.2,7.7,6.3,3.8,3.8,2.5,5.2,5.1,8.4,6.9,3.9,3.8,5.3,5.2,4,6.5,7.1,8.7,6.1,5.5,8,7.7,5.2,6.1,4.9,7.8,5.8,1.8,3.1,7.6,5.9,4.7,2.4,,,,,,,,,,,,,,,,,,,,,,,,,,,,,,,,,,,,,,,,,28,27.9,28.2,27.9,28.1,27.4,27.8,27.5,27.8,27.8,28.2,27.9,27.1,28.1,28.7,27.7,28.2,28.6,27.6,27.6,27.5,28.3,27.6,28,27.8,28.5,28.3,28,27.8,28.3,28.4,68,64,70,72,65,68,76,74,71,71,69,75,65,72,66,70,70,65,69,78,75,70,70,68,70,68,66,67,67,68,69,0,0,0,0,0,0,0.1,0,0,0,0,0,0,0,0,0,0,0,0,0,0,0,0,0,0,0,0,0,0,0,0,18.4,12.2,16.5,17.9,17,16.9,23.6,22.4,18.9,17.4,14.4,17.5,22.7,17.2,19.9,17,17.1,23.9,17.9,23.9,20.5,16.6,17.6,16.8,15.4,19.9,19,17.4,16.1,18.3,16.5,23.8,18,20.9,22.7,20.9,19.4,31.7,25.9,23.8,23,20.2,22,22.7,22,26.6,20.9,24.8,31,21.6,29.2,24.5,22,21.2,22,19.4,27,23.8,22.3,20.9,24.8,21.6,,,,,,22.2204,114.2127
2026-09-11T21:00,26.3,27.7,26.6,27.8,26.7,27.6,27.1,26.8,27,27.1,27.6,27.3,27.5,26.9,26.6,27.1,27.2,26.2,27.4,26.1,27.2,28,27,28,26.9,27.7,26.5,27.2,26.8,26.7,27.8,26.3,27.4,27.1,27.1,27.9,27.2,27.4,26.6,27.8,78,73,81,67,80,77,71,80,78,75,77,84,75,86,85,80,83,80,80,87,68,74,75,77,80,73,86,83,82,81,76,81,83,79,79,73,82,80,84,75,0,0,0,0,0,0,0,0,0,0,0,0,0,0,0,0,0,0,0,0,0,0,0,0,0,0,0,0,0,0,0,0,0,0,0,0,0,0,0,0,3.7,4.9,4.3,5.1,5.8,4.4,3.6,5.1,6.9,5.6,3.6,3.9,1.9,4.7,4.5,7.9,6.8,3.5,2.6,3.9,4.9,4,5.8,6.2,8.4,5.8,4.5,8.3,7.7,4.7,5.4,5.2,7.8,5.9,2.5,1.9,7.6,5.4,4.5,2.2,,,,,,,,,,,,,,,,,,,,,,,,,,,,,,,,,,,,,,,,,27.9,27.5,28,27.9,27.8,27.2,27.8,27.4,27.7,27.9,28,27.9,26.8,28,28.5,27.7,28.1,28.4,27.5,27.5,27.4,28.1,27.5,27.7,27.6,28.3,27.9,27.8,27.6,28.1,28.2,70,66,72,73,68,70,77,76,73,73,70,76,67,74,67,71,71,65,71,79,76,71,72,70,71,69,68,68,68,69,70,0,0,0,0,0,0,0.3,0,0.1,0,0,0.1,0,0,0,0,0,0,0,0.2,0.3,0,0.1,0,0,0,0,0,0,0,0,18.1,13.2,17.4,17.5,18.9,18.4,26.6,24.6,21.4,18.2,14.1,19.4,27.7,16.5,18.6,16.1,16.1,21.6,18.5,25.1,21.9,16.1,19,17.2,15.9,19.9,18,18.4,15.5,17.6,16.2,23.4,19.1,22,22.3,23.4,21.2,35.3,28.8,25.9,23.8,19.4,24.5,28.4,21.2,25.6,20.2,23.4,28.4,22,31.7,25.6,21.6,23,21.6,19.4,26.6,22.7,23,19.8,24.1,20.9,,,,,,22.2204,114.2127
2026-09-11T22:00,26.3,27.6,26.8,27.6,26.8,27.3,27.1,26.6,27,26.8,27.1,27.1,27.4,26.8,26.5,27.1,27.2,26,27.4,26.1,27,27.8,26.8,27.8,26.8,27.4,26.4,27.2,26.9,26.3,27.5,26.3,27.4,27.1,27,27.9,27.1,27.3,26.4,27.7,79,76,79,67,80,80,72,82,78,79,80,84,78,85,86,80,83,81,81,87,69,76,77,80,81,74,87,82,82,84,79,81,83,80,79,73,82,82,85,76,0,0,0,0,0,0,0,0,0,0,0,0,0,0,0,0,0,0,0,0,0,0,0,0,0,0,0,0,0,0,0,0,0,0,0,0,0,0,0,0,4.3,4.8,3.3,5.1,6.5,5.3,3.1,5,6.8,5.2,4.7,4,2.3,5.1,3.6,7.6,7.6,4.2,2.8,3.3,4.8,4.7,5.9,5.9,8.4,5.7,4,9.8,9.1,4.4,6.1,6.1,8.1,7.4,3.8,1.8,7.9,5.8,4.7,3.4,,,,,,,,,,,,,,,,,,,,,,,,,,,,,,,,,,,,,,,,,27.7,27.1,27.7,27.9,27.4,27.1,27.8,27.3,27.5,27.9,27.9,27.9,26.6,27.9,28.4,27.8,28,28.2,27.4,27.5,27.4,27.9,27.3,27.5,27.4,28,27.5,27.6,27.4,28,28,72,67,74,74,72,72,78,77,75,75,70,77,69,75,68,71,72,65,73,79,77,73,74,71,73,69,71,68,70,69,70,0,0,0,0,0,0,0.3,0,0.1,0,0,0.1,0,0,0,0,0,0,0,0.2,0.3,0,0.1,0,0,0,0,0,0,0,0,17.6,14.8,18.4,17.3,22.5,20.5,30.8,27.7,24.2,19.5,15.1,22.2,32.7,16.1,16.9,15.4,15.7,18.2,19,27.2,23.1,16.1,21.2,18.2,16.7,19.9,16.6,20.2,14.8,17.1,15.4,22.3,20.9,23,22,26.6,23.8,40,32.4,28.1,25.2,20.2,28.1,36,20.9,23,19.4,21.6,24.1,22.7,34.2,26.6,21.2,25.2,21.2,19.4,25.9,20.5,24.5,18.7,23.8,19.1,,,,,,22.2204,114.2127
2026-09-11T23:00,26.2,27.5,26.9,27.3,26.8,27.1,27.1,26.5,27,26.5,26.7,27,27.3,26.7,26.3,27.1,27.2,25.9,27.2,26,26.8,27.7,26.6,27.5,26.7,27.2,26.3,27.2,26.9,26,27.2,26.2,27.3,27.1,26.8,27.8,27.1,27.1,26.3,27.5,80,77,78,67,80,81,73,83,78,82,83,85,79,85,87,81,82,82,81,88,70,77,78,81,82,75,88,82,81,87,81,81,83,80,80,72,82,82,85,77,0,0,0,0,0,0,0,0,0,0,0,0,0,0,0,0,0,0,0,0,0,0,0,0,0,0,0,0,0,0,0,0,0,0,0,0,0,0,0,0,4.8,5,3.1,5.4,7,5.5,3.6,5.1,6.9,5.2,5.2,4,2.7,5.4,3.3,7.9,8.2,4.8,3.1,3.6,5.1,5.5,6.2,5.9,8.4,6.3,4.1,11.1,10.1,4,6.4,7.2,8.3,8.6,4.3,2.2,8,6.3,4.5,3.8,,,,,,,,,,,,,,,,,,,,,,,,,,,,,,,,,,,,,,,,,27.6,26.8,27.5,27.8,27.1,27,27.8,27.2,27.3,27.9,27.8,27.9,26.4,27.8,28.2,27.7,27.9,28,27.3,27.5,27.3,27.7,27.2,27.3,27.3,27.7,27.1,27.4,27.3,27.9,27.8,74,69,76,75,75,74,78,78,77,76,69,78,71,77,68,71,73,65,75,79,78,74,75,73,74,70,73,69,71,69,70,0,0,0,0,0,0,0.3,0,0.1,0,0,0.1,0,0,0,0,0,0,0,0.2,0.3,0,0.1,0,0,0,0,0,0,0,0,17.4,16.6,19.2,17.6,25.1,22.7,33.9,30,26.1,20.9,16.2,24.4,36.1,16.5,15.3,15.1,15.6,15.7,19.9,28.3,24.3,16.3,22.5,18.9,17.6,19.4,15.9,21.3,15.1,16.6,14.5,21.6,22.7,23.8,22.3,28.8,26.3,43.6,35.3,29.5,27,20.5,30.6,40.7,21.2,20.9,18.7,20.9,20.5,23.8,36.4,27.4,20.9,26.6,20.9,20.2,24.5,19.4,24.8,18.7,22.7,17.3,,,,,,22.2204,114.2127
2026-09-12T00:00,26.1,27.2,26.9,27,26.6,26.9,26.8,26.4,26.9,25.9,26.2,26.7,27.2,26.6,26.2,27,27.1,25.9,27,25.9,26.4,27.6,26.3,27.2,26.6,26.8,26.3,27.1,26.8,25.7,27,26.1,27.2,27,26.4,27.7,27,27,26.2,27.4,81,75,79,66,81,80,73,85,78,85,84,86,79,85,88,82,82,83,81,90,69,78,76,80,83,74,89,83,82,89,81,81,84,80,82,71,82,81,85,78,0,0,0,0,0,0,0,0,0,0.6,0,0,0,0,0,0,0,0,0,0,0,0,0,0,0,0,0,0,0,0,0,0,0,0,0,0,0,0,0,0,5,5.8,3.1,6.1,7.1,5.7,4.3,4.5,7.5,5.5,4.6,3.8,2.6,6.2,3.1,7.8,8.9,5,3.6,3.8,5.5,5.4,6.6,6,8.5,6.6,4.2,11.7,10.9,2.6,6.1,7.7,8.4,8.7,3.4,2.9,8.2,6.9,4,2.5,,,,,,,,,,,,,,,,,,,,,,,,,,,,,,,,,,,,,,,,,27.4,26.7,27.4,27.6,26.9,26.8,27.7,27.1,27.2,27.7,27.6,27.7,26.3,27.7,28,27.5,27.7,27.7,27.2,27.4,27.2,27.5,27.1,27.1,27.2,27.4,26.8,27.1,27.1,27.6,27.6,76,70,76,76,76,75,78,78,77,77,68,78,71,78,68,71,73,65,76,79,78,74,76,74,75,70,74,69,73,69,70,0.2,0.1,0.1,0.2,0,0.1,0.3,0.1,0.2,0.2,0,0.8,0,0.2,0,0,0,0,0.1,0.1,0.4,0,0.1,0.1,0.1,0.1,0.2,0.1,0.1,0,0,18.5,18.9,19.7,18.9,24.4,24.8,35.4,31.5,26.3,23.5,16.6,25.4,36.8,18.9,15.2,15.5,15.8,14.6,21.9,28.5,24.5,16.5,23.1,19.6,19.2,18.3,17,21.1,17.8,16,13.8,22,24.8,24.1,23.4,27.7,28.8,45,37.1,29.5,29.5,20.2,31.7,41,23.8,19.8,19.1,21.2,19.1,25.9,37.1,27.7,20.5,27.7,21.2,22,22.3,19.8,24.1,21.2,20.9,16.2,,,,,,22.2204,114.2127
2026-09-12T01:00,26,27,26.8,26.6,26.4,26.6,26.4,26.3,26.8,25.3,25.9,26.5,27.1,26.5,26.1,26.9,27,25.9,26.7,25.8,26,27.6,26,26.9,26.4,26.5,26.2,26.9,26.7,25.5,26.9,26,27,26.9,26,27.5,27,27,26.2,27.3,82,72,80,64,82,77,71,86,79,87,83,87,79,86,89,83,81,84,80,91,68,78,72,78,83,73,90,83,83,90,80,80,85,79,85,69,82,78,85,80,0,0,0,0,0,0,0,0,0,0.6,0,0,0,0,0,0,0,0,0,0,0,0,0,0,0,0,0,0,0,0,0,0,0,0,0,0,0,0,0,0,4.8,7,2.8,7.2,7,7.3,5.4,4.2,8.7,6.8,5.1,3.9,2.7,7.1,3.3,7.6,10,5.5,4,4,6.3,5.2,7.9,7,8.7,7.9,4.1,11.6,11.5,3.1,6.9,8.2,8.2,8.3,2.2,4,9,7.8,3.9,1.9,,,,,,,,,,,,,,,,,,,,,,,,,,,,,,,,,,,,,,,,,27.2,26.6,27.3,27.4,26.9,26.7,27.6,27.1,27.1,27.5,27.4,27.6,26.2,27.6,27.7,27.3,27.6,27.5,27.1,27.4,27.1,27.3,27,26.9,27.1,27.2,26.7,26.9,26.9,27.4,27.4,77,72,75,77,76,77,78,77,77,77,66,79,71,79,68,70,72,64,76,79,78,74,76,76,76,70,75,70,75,69,70,0.2,0.1,0.1,0.2,0,0.1,0.3,0.1,0.2,0.2,0,0.8,0,0.2,0,0,0,0,0.1,0.1,0.4,0,0.1,0.1,0.1,0.1,0.2,0.1,0.1,0,0,20.1,21.4,20,21.1,22.7,27.1,36.2,32.2,25.3,26.7,16.8,26.2,35.6,22.6,15.5,16.6,16.1,14.5,24.1,28.2,24.6,16.8,24.1,20,21.1,16.6,18.2,19.9,21.6,15.3,13.5,23,27,24.5,24.8,25.6,31,45.4,38.2,28.1,32.4,19.8,31.7,38.5,27.4,19.1,19.4,22.3,18.4,28.8,37.1,27.7,19.8,28.4,22,24.5,19.4,20.9,22.3,24.8,19.1,15.1,,,,,,22.2204,114.2127
2026-09-12T02:00,26,26.7,26.8,26.3,26.3,26.3,26,26.1,26.7,24.8,25.5,26.3,27,26.4,26.1,26.7,26.8,25.8,26.4,25.7,25.7,27.5,25.7,26.5,26.3,26.2,26.2,26.7,26.5,25.3,26.7,25.9,26.9,26.7,25.7,27.3,26.9,26.8,26.1,27.1,83,70,80,62,83,74,70,85,79,87,81,87,77,86,88,83,80,84,79,91,66,77,69,75,83,71,89,84,83,89,78,80,85,78,87,68,81,76,84,79,0,0,0,0,0,0,0,0,0,0.6,0,0,0,0,0,0,0,0,0,0,0,0,0,0,0,0,0,0,0,0,0,0,0,0,0,0,0,0,0,0,4.7,8.4,3.1,8.4,6.8,9,6.2,4.1,9.2,8.4,6.2,4.4,3.3,7.3,3.7,7.1,10.9,5.5,4.7,4.2,7,4.8,9.5,8,8.7,9.5,4.5,11.6,11.6,4.7,7.8,8.3,8.2,7.8,1.8,4.7,9.4,9.2,4.3,3.3,,,,,,,,,,,,,,,,,,,,,,,,,,,,,,,,,,,,,,,,,27.1,26.6,27.3,27.3,26.8,26.6,27.5,27.1,27,27.3,27.2,27.4,26.2,27.4,27.5,27.1,27.5,27.3,27,27.3,26.9,27.1,26.9,26.8,27,27,26.6,26.7,26.8,27.2,27.2,77,73,74,77,75,77,78,77,76,77,65,78,71,79,67,69,71,64,76,79,77,73,76,76,77,70,75,69,76,68,69,0.2,0.1,0.1,0.2,0,0.1,0.3,0.1,0.2,0.2,0,0.8,0,0.2,0,0,0,0,0.1,0.1,0.4,0,0.1,0.1,0.1,0.1,0.2,0.1,0.1,0,0,20.2,23.2,19.3,21.7,20.9,28,35.8,32.4,23.3,28.3,17.1,25.5,33.4,23.7,15.8,17,16.7,14.6,25.2,27.9,23.6,17.1,23.9,19.2,21.6,15.5,18.5,18.4,23.9,14.8,13.1,23,28.4,23.4,25.6,23.4,32,45,38.5,26.3,34.2,20.2,30.6,35.3,28.8,19.1,19.8,23.4,18.4,30.2,36.7,27,19.4,27.7,22,25.6,18,21.2,20.9,27.4,17.6,14.4,,,,,,22.2204,114.2127
2026-09-12T03:00,26,26.4,26.6,26,26.2,25.9,25.8,26,26.6,24.4,25.2,26.2,26.7,26.2,25.9,26.6,26.5,25.7,26,25.7,25.4,27.2,25.4,26.1,26.1,26,26.2,26.5,26.3,25.2,26.3,25.7,26.7,26.5,25.5,26.9,26.7,26.3,26,26.8,83,69,79,61,82,73,68,81,79,85,78,84,74,86,85,82,77,84,77,88,64,75,68,73,83,69,84,85,83,84,76,79,82,78,88,67,79,74,82,75,0,0,0,0,0,0,0,0,0,0.6,0,0,0,0,0,0,0,0,0,0,0,0,0,0,0,0,0,0,0,0,0,0,0,0,0,0,0,0,0,0,4.1,9.4,3.7,9.4,6.2,10.1,6.6,4.6,8.2,9.4,7.4,5.2,4.3,6.7,4.5,6.6,11.4,4.9,5.5,4.7,7.7,4.8,10.5,9,8.9,11.2,5.5,10.8,10.6,6.2,8.4,7.8,7.9,6.6,1.9,5.4,9.7,10.5,4.7,4.4,,,,,,,,,,,,,,,,,,,,,,,,,,,,,,,,,,,,,,,,,27,26.3,27.2,27.2,26.8,26.5,27.3,27,26.9,27.2,27,27.3,26.1,27.3,27.3,26.9,27.3,27.1,26.8,27.2,26.8,27,26.7,26.7,26.8,26.9,26.5,26.6,26.6,27,27,75,75,72,76,72,77,78,77,74,77,65,76,71,78,66,68,70,64,75,79,75,71,75,75,77,69,74,67,77,67,68,0.1,0.3,0,0.1,0,0.1,0.2,0.1,0,0.1,0,0.3,0,0.2,0,0,0,0,0.1,0.1,0.1,0,0.1,0,0.1,0,0,0,0.2,0,0,17.3,23.4,16.3,20.7,17.9,27.2,34.3,31.4,19.1,27.3,17.8,22.7,29.8,20.4,15.7,16.5,17.5,15,23.4,27.4,20.6,16.3,21.7,16.6,20.4,15.4,16.3,15.6,24.3,14,12.9,20.9,28.1,20.2,24.1,22,31.7,43.2,37.4,22.7,33.5,21.6,28.1,31.3,25.9,19.4,19.1,24.1,19.1,29.9,36,24.1,19.1,24.8,19.8,24.5,18.7,19.1,19.1,27.7,17.3,14.4,,,,,,22.2204,114.2127
2026-09-12T04:00,26,26,26.3,25.9,26.1,25.5,25.7,25.8,26.5,24,25,26.1,26.3,26,25.8,26.4,26.1,25.6,25.7,25.7,25.3,26.8,25.1,25.7,26,25.7,26.1,26.4,26.1,25.1,25.8,25.5,26.5,26.3,25.4,26.5,26.5,25.8,25.9,26.4,84,69,77,60,81,72,66,76,79,82,75,79,71,86,81,79,74,84,74,83,62,71,67,71,82,67,77,85,82,77,74,79,78,79,89,66,75,73,79,69,0,0,0,0,0,0,0,0,0,0.6,0,0,0,0,0,0,0,0,0,0,0,0,0,0,0,0,0,0,0,0,0,0,0,0,0,0,0,0,0,0,3.2,10.2,4.9,10.1,5.9,10.4,6.9,5.4,6.6,10.5,8.9,6.5,5.6,6.1,5,7.2,11.6,4.2,6.3,5.4,8.4,5.5,12,10.5,9.2,13,6.8,10.3,8.7,7.3,8.6,6.8,8.7,5.9,2.5,6.1,10.1,11.6,5.5,5.8,,,,,,,,,,,,,,,,,,,,,,,,,,,,,,,,,,,,,,,,,26.9,26,27,27.1,26.8,26.3,27.2,26.9,26.7,27,26.8,27.3,25.9,27.2,27.1,26.7,27.2,26.9,26.7,27,26.6,26.9,26.6,26.7,26.7,26.9,26.4,26.5,26.5,27,26.9,72,76,70,75,68,75,78,77,71,76,66,74,71,75,66,67,68,64,73,78,72,68,73,72,76,67,71,63,77,66,66,0.1,0.3,0,0.1,0,0.1,0.2,0.1,0,0.1,0,0.3,0,0.2,0,0,0,0,0.1,0.1,0.1,0,0.1,0,0.1,0,0,0,0.2,0,0,14.7,22.5,12.4,18.6,15.4,25.3,32.4,30.2,15.2,25,18.7,19.5,25.7,16,16.2,15.3,18.4,15.9,20.5,27.3,17.1,15.5,18.4,14.1,19.1,16.2,13.5,13.8,23.3,13.3,12.9,18,26.6,15.8,22,20.9,29.9,40.7,35.6,18.7,31.7,23.8,24.5,26.6,21.2,20.5,18,24.8,20.5,28.4,34.6,20.5,18.7,20.9,16.9,22.3,20.5,16.2,17.6,27,17.3,14.8,,,,,,22.2204,114.2127
2026-09-12T05:00,26,25.8,26.2,25.7,26.1,25.2,25.6,25.6,26.5,23.8,24.8,26,26,25.9,25.7,26.2,25.8,25.6,25.5,25.7,25.2,26.5,24.8,25.4,25.9,25.6,26,26.3,26,25.1,25.5,25.5,26.3,26.3,25.4,26.1,26.3,25.2,25.8,26.1,82,69,75,60,79,71,64,72,78,79,72,75,68,85,77,77,72,83,71,79,61,69,67,69,81,66,72,84,81,72,72,78,75,79,87,66,73,74,76,65,0,0,0,0,0,0,0,0,0,0.6,0,0,0,0,0,0,0,0,0,0,0,0,0,0,0,0,0,0,0,0,0,0,0,0,0,0,0,0,0,0,3.3,11,5.6,10.8,5.8,10.8,6.9,6.5,5.8,11.2,10,7.7,6.4,6.5,6.2,8.4,11.8,4,7,6.1,9,5.8,12.6,11.2,9.2,14.4,7.9,9.4,7.9,8.4,9,5.8,10.2,5.2,3.3,6.5,10.1,12.3,6.3,6.5,,,,,,,,,,,,,,,,,,,,,,,,,,,,,,,,,,,,,,,,,26.8,25.9,27,27.1,26.7,26.3,27.1,26.8,26.7,26.9,26.7,27.2,25.9,27.2,26.9,26.6,27.1,26.8,26.6,26.9,26.5,26.8,26.5,26.6,26.6,26.8,26.3,26.4,26.4,26.9,26.8,69,76,69,74,65,74,78,77,69,75,66,72,70,73,65,66,67,64,71,77,69,66,71,70,75,66,69,61,76,65,64,0.1,0.3,0,0.1,0,0.1,0.2,0.1,0,0.1,0,0.3,0,0.2,0,0,0,0,0.1,0.1,0.1,0,0.1,0,0.1,0,0,0,0.2,0,0,13.9,20.9,11.5,17.1,15.5,23.4,30.2,28.3,13.7,23.1,20,18.3,21.7,14.6,17,15,19.7,17.3,18.4,26.2,15.7,15.9,16.2,13.4,17.9,17.7,12.4,14.5,22,13.8,13.4,16.6,24.8,14,20.2,20.9,28.1,38.2,33.5,16.6,30.2,25.9,22.3,23,18,21.6,17.6,25.6,22.3,27,33.1,18.4,19.1,18.4,15.5,20.2,22.7,14.4,17.3,25.9,18,15.5,,,,,,22.2204,114.2127
2026-09-12T06:00,26,25.6,26.1,25.5,26,25,25.5,25.3,26.5,23.8,24.7,25.8,25.8,25.8,25.6,25.9,25.6,25.8,25.5,25.6,25.1,26.4,24.7,25.2,25.9,25.5,25.8,26.2,25.9,24.9,25.3,25.8,26,26.4,25.6,26,26.1,24.6,25.6,26,78,70,73,61,76,71,64,71,76,78,71,73,67,82,74,75,72,80,69,76,61,68,68,69,79,66,71,81,78,70,72,78,74,77,81,66,72,78,74,64,0,0,0,0,0,0,0,0,0,0,0,0,0,0,0,0,0,0,0,0,0,0,0,0,0,0,0,0,0,0,0,0,0.6,0,0,0,0,0.9,0,0,4,11.2,5.8,10.9,6,10.9,7,6.9,5.7,11.9,10.9,8.4,6.6,7.2,7.3,9.1,11.7,4.3,7.7,7.2,9.4,5.4,13,11.2,8.7,14.8,8.3,8.8,7.9,9.4,9.4,5.1,11.3,5.2,4.5,6.1,9.2,12.2,6.5,6.8,,,,,,,,,,,,,,,,,,,,,,,,,,,,,,,,,,,,,,,,,26.8,26,26.9,27,26.6,26.2,27.1,26.7,26.6,26.7,26.6,27.2,25.9,27.2,26.9,26.6,27,26.7,26.5,26.8,26.5,26.8,26.6,26.6,26.6,26.7,26.3,26.3,26.3,26.8,26.7,68,73,68,72,64,72,76,76,67,73,66,71,68,71,65,66,66,64,69,76,67,65,69,68,72,66,67,60,74,65,63,0,0.1,0,0,0,0,0,0,0,0,0,0,0,0,0,0,0,0,0,0,0,0,0,0,0,0,0,0,0,0,0,15.5,17.9,13.3,16.1,17.3,21.2,27.2,25.2,14.8,21.8,21.7,19.1,18,15.3,18,15.7,20.6,18.7,17.9,24,16.7,16.9,16.2,14.4,16.4,19.2,13,16.4,19.5,15,14,18,22.3,16.9,19.1,22.7,25.6,35.6,30.2,18.4,29.5,28.1,23.4,21.2,18.4,23,18.7,26.6,24.8,25.9,30.6,19.4,20.5,18.7,16.6,18.4,24.8,15.1,19.4,24.1,19.4,16.2,,,,,,22.2204,114.2127
2026-09-12T07:00,26.1,25.4,26.2,25.4,25.9,24.9,25.4,25,26.5,24,24.7,25.5,25.8,25.7,25.6,25.6,25.4,26.2,25.6,25.5,25.1,26.4,24.6,25.1,25.8,25.4,25.6,26.3,25.9,24.8,25.2,26.2,25.6,26.7,25.9,26,25.9,24,25.5,26,72,71,71,62,73,72,65,70,72,77,71,73,66,77,71,72,72,76,68,74,62,69,69,69,76,66,71,77,74,71,72,78,73,73,72,67,72,84,72,65,0,0,0,0,0,0,0,0,0,0,0,0,0,0,0,0,0,0,0,0,0,0,0,0,0,0,0,0,0,0,0,0,0.6,0,0,0,0,0.9,0,0,5.4,11.5,5.8,10.5,6.2,10.1,7,7,5.9,12.3,11.5,8.7,6.6,7.5,8.8,9.7,11.6,4.7,8.4,8.3,9.4,4.7,13,10.4,8.6,14.6,8.7,8.6,8.5,10.8,9.7,4.8,11.5,5.2,5.4,5.8,7.8,11.6,6.8,7.2,,,,,,,,,,,,,,,,,,,,,,,,,,,,,,,,,,,,,,,,,26.7,26.4,26.9,26.9,26.5,26.2,27.2,26.7,26.7,26.6,26.5,27.1,26,27.2,26.9,26.6,26.9,26.6,26.4,26.7,26.5,26.8,26.7,26.6,26.7,26.6,26.4,26.2,26.3,26.8,26.8,67,68,68,71,63,71,74,74,66,71,65,70,65,69,65,65,66,63,67,75,65,65,67,65,69,65,64,61,71,64,63,0,0.1,0,0,0,0,0,0,0,0,0,0,0,0,0,0,0,0,0,0,0,0,0,0,0,0,0,0,0,0,0,17.7,14.7,16.2,15.8,19.2,18.7,24.2,21.8,17,20.8,23.5,20.5,15.4,16.3,19.4,16.9,21.6,20.5,18.4,21.7,18.4,18.4,16.9,15.5,15.1,20.6,14.2,18.8,18,16.6,14.4,21.2,19.1,22.7,18.7,25.2,22.7,32.8,26.6,22.3,28.8,29.9,25.6,20.2,20.2,24.8,20.2,28.1,27.4,25.2,28.1,22.3,22.7,20.9,19.1,17.3,27,16.9,23.4,22.3,21.2,17.3,,,,,,22.2204,114.2127
2026-09-12T08:00,26.3,25.6,26.5,25.5,26,25.1,25.6,25.1,26.8,24.3,25.1,25.5,26,25.9,25.8,25.7,25.5,26.8,26,25.7,25.3,26.5,24.7,25.1,26.1,25.4,25.6,26.6,26.2,25.1,25.5,26.7,25.6,27.1,26.4,26.2,25.9,23.6,25.7,26.1,67,72,69,62,70,72,65,69,69,76,70,71,65,73,68,70,72,72,66,71,62,68,70,69,73,67,71,73,70,70,72,77,72,70,64,66,72,88,70,65,0,0,0,0,0,0,0,0,0,0,0,0,0,0,0,0,0,0,0,0,0,0,0,0,0,0,0,0,0,0,0,0,0.6,0,0,0,0,0.9,0,0,6.5,11.8,6.1,10.9,6.9,10.2,7.6,7.2,6.7,12.8,12.6,9.4,7.2,8.2,9.8,10.1,11.4,5.4,9.7,9,10.1,4.4,13.1,10.1,8.7,14.3,9.2,9.3,9.5,11.9,10.5,5.4,12.3,5.5,6.8,6.1,6.6,11.1,7.6,7.2,,,,,,,,,,,,,,,,,,,,,,,,,,,,,,,,,,,,,,,,,26.9,26.8,27.1,27,26.6,26.4,27.3,26.8,26.9,26.7,26.7,27.2,26.2,27.4,27.1,26.8,27.1,26.8,26.5,26.8,26.7,26.9,26.9,26.8,26.9,26.7,26.7,26.3,26.5,26.9,27,66,64,68,69,63,69,72,72,65,69,65,69,63,68,65,65,65,63,66,73,64,65,65,63,66,65,62,61,69,64,62,0,0.1,0,0,0,0,0,0,0,0,0,0,0,0,0,0,0,0,0,0,0,0,0,0,0,0,0,0,0,0,0,19.3,13.6,18.5,16.3,20.5,17.2,22.4,19.6,18.9,20.5,24.7,21.4,15.9,17.6,20.2,17.9,22.3,21.6,19.1,20.2,19.4,19.7,18.1,16.7,14.5,22,15.5,20.9,17.9,17.6,14.8,23.8,17.3,27,19.4,27.4,21.2,31.7,24.1,25.6,29.9,32,28.4,20.5,22.3,26.3,22,29.2,29.2,25.2,25.9,24.5,24.8,23,20.9,16.9,28.8,18.7,26.6,21.2,22.7,18,,,,,,22.2204,114.2127
2026-09-12T09:00,26.8,26.2,27.3,26.1,26.6,25.8,26.4,25.8,27.5,25,26.1,26.1,26.6,26.8,26.5,26.2,26,27.5,26.8,26.5,25.9,27,25,25.3,26.9,25.4,26.1,27.4,27.1,26,26.3,27.4,26.2,27.6,27.3,26.8,26.2,23.7,26.5,26.2,64,71,66,61,67,70,62,66,66,74,67,67,62,69,65,67,71,67,63,67,61,66,70,69,69,67,69,68,66,67,69,73,70,67,59,63,71,87,66,65,0,0,0,0,0,0,0,0,0,0,0,0,0,0,0,0,0,0,0,0,0,0,0,0,0,0.1,0,0,0,0,0,0,0.1,0,0,0,0,1.4,0,0,8,13,7.5,12.8,8.3,11.2,9.7,8.7,9,13.6,14.2,11.2,9.5,9.4,11.2,10.5,12,6.7,12.4,10.4,12.4,5.4,13.6,10.5,9.7,14.9,10.4,11,11.5,13.4,12.2,7.5,13.9,6.8,9.4,8.4,6.2,11.4,9.6,7.3,,,,,,,,,,,,,,,,,,,,,,,,,,,,,,,,,,,,,,,,,27.3,27.2,27.5,27.4,27,26.8,27.4,27.1,27.4,26.9,27.1,27.4,26.4,27.7,27.5,27.3,27.5,27.3,26.9,27.1,27.2,27,27.4,27.3,27.3,27.1,27.2,26.8,26.9,27.4,27.4,65,62,67,68,62,67,71,70,64,69,65,68,63,67,64,64,64,62,66,71,63,65,64,62,65,64,61,60,67,63,61,0,0,0,0,0,0,0,0,0,0,0,0,0,0,0,0,0,0,0,0,0,0,0,0,0,0,0,0,0,0,0,19.9,14.3,19.8,18.1,21.3,17.6,22.5,19.7,20.8,21.1,24.8,22.1,17.3,18.8,20,18.5,22.8,21.4,20,19.5,19.9,20.3,19,17,15.6,23.1,15.7,23.1,18.4,18,14.8,25.6,18,28.8,22.3,28.4,21.6,32.8,24.1,27,33.1,34.2,31.3,22.3,24.5,26.6,23.8,29.9,28.8,27,24.8,25.6,26.6,24.5,21.6,18.7,30.2,19.8,28.8,22.7,23.8,18.4,,,,,,22.2204,114.2127
2026-09-12T10:00,27.5,27.2,28.3,27,27.3,26.9,27.4,27,28.4,25.8,27.5,27,27.5,28,27.4,27.1,26.7,28.4,28,27.6,26.8,27.6,25.5,25.6,28.1,25.6,26.9,28.5,28.3,27.2,27.5,28.3,27.2,28.2,28.3,27.5,26.6,24,27.6,26.5,61,70,63,59,64,67,59,62,62,73,62,63,59,64,62,64,69,62,59,64,59,62,69,69,64,68,67,63,62,64,66,68,67,64,56,59,70,85,62,64,0,0,0,0,0,0,0,0,0,0,0,0,0,0,0,0,0,0,0,0,0,0,0,0,0,0.1,0,0,0,0,0,0,0.1,0,0,0,0,1.4,0,0,9.7,14.5,9.5,15.2,10.3,12.8,12.8,11.3,12.1,14.5,16.1,13.7,13,11.3,12.8,10.7,12.2,8.4,15.3,12.1,15.1,7.8,14,11.1,11.6,16.1,12.4,13.4,13.9,14.8,14.1,10.9,15.2,8.2,12.5,12,6.3,11.7,11.8,7.7,,,,,,,,,,,,,,,,,,,,,,,,,,,,,,,,,,,,,,,,,27.9,27.6,28,27.9,27.6,27.4,27.6,27.6,28,27.3,27.7,27.8,26.6,28.1,28.2,27.9,28.2,28,27.4,27.6,27.8,27.2,28.1,28,27.9,27.7,27.8,27.6,27.5,28.2,28,64,62,66,67,62,66,72,69,63,69,65,68,63,67,63,63,63,62,66,68,62,65,63,61,64,63,60,59,65,62,60,0,0,0,0,0,0,0,0,0,0,0,0,0,0,0,0,0,0,0,0,0,0,0,0,0,0,0,0,0,0,0,20.5,16.2,21,20.6,21.8,18.2,24.5,20.8,22.6,23.2,24.9,23.6,20,20.5,19.7,18.8,23.6,20.6,21.6,19.6,19.8,20.4,20,16.9,17.6,24.7,15.5,25.4,19.7,18.2,15,27,19.8,29.5,26.3,29.2,23,34.9,25.6,27.7,37.8,36,34.2,25.2,26.6,26.6,25.6,30.6,27.4,29.9,24.8,25.9,28.4,25.9,21.6,22,31.3,20.5,31,24.8,24.5,18.7,,,,,,22.2204,114.2127
2026-09-12T11:00,28.2,27.8,29.1,27.8,27.9,27.7,28.1,28,29.2,26.7,28.8,27.8,28.4,29.1,28,28.1,27.3,29.1,29,28.4,27.6,28.2,26,25.9,29,25.8,27.3,29.5,29.4,28.1,28.5,29,28.1,28.6,29.3,28.2,27.1,24.6,28.6,26.7,59,71,61,57,63,66,57,59,60,71,59,60,57,61,60,62,69,59,57,62,58,60,69,69,61,68,67,59,59,62,63,64,65,62,54,57,69,82,59,64,0,0,0,0,0,0,0,0,0,0,0,0,0,0,0,0,0,0,0,0,0,0,0,0,0,0.1,0,0,0,0,0,0,0.1,0,0,0,0,1.4,0,0,11,15.6,11.5,16.9,12.1,13.9,15,13.4,14.4,14.7,17.1,15.3,15.5,12.9,13.9,11.2,12.8,9.8,17.7,13.3,16.9,9,14.1,11.6,12.7,16.5,13.5,15,15.6,15.5,15.5,13.6,16.1,9.4,14.3,14.2,6.8,11.8,13.7,8.2,,,,,,,,,,,,,,,,,,,,,,,,,,,,,,,,,,,,,,,,,28.5,28,28.4,28.3,28.2,27.9,27.8,28,28.6,27.7,28.2,28.2,26.9,28.5,28.7,28.4,28.7,28.5,27.8,28,28.4,27.5,28.6,28.6,28.3,28.3,28.4,28.2,28,28.7,28.5,64,62,65,67,62,65,72,68,62,69,65,68,64,67,63,63,63,62,67,67,61,65,63,61,64,62,60,59,64,61,60,0,0,0,0,0,0,0,0,0,0,0,0,0,0,0,0,0,0,0,0,0,0,0,0,0,0,0,0,0,0,0,20.9,17.7,21.8,22.5,22.2,19.2,26.9,21.5,24,25.6,25,25,22.4,21.5,19.8,19,23.8,20,23.2,19.4,20,20.8,21.1,16.9,19,25.5,15.6,26.5,20.8,18.9,15.1,28.1,21.6,29.9,29.5,29.5,24.8,37.4,27.4,28.8,41.8,37.4,36.4,27,28.1,26.6,27.4,31,26.3,32.4,25.2,26.3,29.9,27.4,21.6,24.5,31.7,21.2,32,27,25.2,19.4,,,,,,22.2204,114.2127
2026-09-12T12:00,29,27.9,29.7,28.5,28.2,28.3,28.2,28.8,29.9,27.8,29.9,28.6,29.2,30.1,28.3,29.1,27.7,29.7,29.9,28.8,28.4,28.8,26.5,26.2,29.7,26.2,27.2,30.4,30.3,28.2,29.3,29.7,29,28.6,30,28.5,27.6,25.4,29.3,27,57,76,60,56,64,67,58,58,59,69,58,58,56,59,61,60,71,58,56,63,57,59,69,70,59,68,70,57,57,64,62,61,63,63,53,57,68,80,58,64,0,1.2,0,0,0,0.1,0,0,0,0.1,0,0,0,0,0,0,0.1,0,0,0.3,0,0,0,0.3,0,0,1.8,0,0,0.8,0,0,0,0,0,0,0,0.1,0,0.3,11.8,16.1,12.9,17.2,13,15.1,15.3,14,15.5,15.1,17.6,15.7,16.6,13.7,13.5,11.6,13,10.5,18,13.4,17,9.5,13.8,12.1,13.7,16.4,12.8,15.5,15.9,14.4,16.6,14.3,16.3,9.5,15,14.3,8.4,11.5,14.7,9.3,,,,,,,,,,,,,,,,,,,,,,,,,,,,,,,,,,,,,,,,,28.8,28.2,28.8,28.7,28.6,28.3,28.1,28.3,29,28.1,28.4,28.6,27.4,28.9,29.1,28.5,29.1,28.9,28.1,28.2,28.9,28,28.8,28.8,28.7,28.7,28.7,28.7,28.2,28.8,28.8,64,63,65,67,62,65,72,68,62,69,66,68,64,66,64,64,64,63,67,67,61,64,64,62,65,62,60,60,64,61,61,0,0,0,0,0,0,0,0,0,0,0,0,0,0,0,0,0,0,0,0,0,0,0,0,0,0,0,0,0,0,0,21.7,18.5,22.6,23.3,23,20.1,28.7,22.1,25.1,27.2,25.1,25,22,21.3,20.7,20.1,23.4,20.1,24.6,20.2,21.3,21.5,21.9,17.1,19.4,25,16.3,26.3,20.9,20.6,15.6,29.2,22.7,31,31.7,29.9,26.6,40,29.2,30.2,43.6,37.4,36.4,26.6,28.1,27.4,29.9,30.6,25.6,34.6,26.6,27,31.3,28.4,22,25.2,30.6,21.6,32.4,27.7,26.3,20.5,,,,,,22.2204,114.2127
2026-09-12T13:00,29.8,27.7,30.2,29.1,28.3,28.7,28,29.4,30.5,28.9,30.8,29.4,29.9,30.9,28.3,30.1,28,30.1,30.6,28.8,29.2,29.3,27,26.6,30.2,26.6,26.8,31.1,31,28,29.9,30.3,29.9,28.4,30.7,28.6,28.2,26.5,29.9,27.3,56,83,61,56,66,70,60,58,58,66,57,58,56,57,63,58,74,58,56,67,57,59,70,72,58,69,74,56,56,68,61,59,62,65,54,59,67,77,58,65,0,1.2,0,0,0,0.1,0,0,0,0.1,0,0,0,0,0,0,0.1,0,0,0.3,0,0,0,0.3,0,0,1.8,0,0,0.8,0,0,0,0,0,0,0,0.1,0,0.3,12.9,17.2,15,16.6,13.7,18.1,15.2,14.2,16.4,17.2,18.1,15.6,17.1,14.5,12.6,12.3,14.8,11.2,17.5,14,16.4,9.5,12.9,12.1,15.4,16.1,11.3,15.8,15.8,12.4,18.1,14.3,17.3,8.9,15.1,12.9,11.4,12,15,10.9,,,,,,,,,,,,,,,,,,,,,,,,,,,,,,,,,,,,,,,,,29.1,28.2,29.1,29.1,29,28.6,28.4,28.5,29.4,28.4,28.5,29,27.9,29.4,29.4,28.5,29.4,29.1,28.3,28.4,29.3,28.6,28.9,28.9,28.9,29.2,29,29,28.3,28.8,28.9,64,65,66,68,63,65,73,67,63,69,67,69,64,66,65,65,65,65,68,68,61,63,65,64,66,62,61,61,66,62,63,0,0,0,0,0,0,0,0,0,0,0,0,0,0,0,0,0,0,0,0,0,0,0,0,0,0,0,0,0,0,0,23,19.1,23.3,23.7,23.2,21.9,30.9,23.3,26.6,29.1,25.1,24.8,20.9,21.1,22.4,22.1,23.2,20.2,26.3,21.9,23,22.4,22.7,17.9,19.5,23.8,17.4,26.5,20.5,22.6,16.6,29.9,23.4,31.7,33.5,29.9,28.8,42.1,31.3,31.7,44.6,37.1,34.9,25.6,27.4,28.4,32.4,29.9,24.8,36.7,28.8,28.1,33.1,29.5,22.3,25.6,28.4,22,32,28.1,27.4,22,,,,,,22.2204,114.2127
2026-09-12T14:00,30.4,27.5,30.4,29.5,28.4,28.9,27.7,29.8,30.9,29.6,31.4,29.8,30.5,31.4,28.2,30.8,28.2,30.3,31,28.7,29.5,29.5,27.4,26.9,30.5,26.9,26.7,31.5,31.4,27.8,30.1,30.5,30.2,28.3,31,28.7,28.4,27.2,30.1,27.6,56,89,62,57,68,73,63,59,59,66,58,59,56,57,66,58,77,60,57,71,59,60,71,73,59,71,77,56,56,72,63,59,63,67,55,61,68,77,60,66,0,1.2,0,0,0,0.1,0,0,0,0.1,0,0,0,0,0,0,0.1,0,0,0.3,0,0,0,0.3,0,0,1.8,0,0,0.8,0,0,0,0,0,0,0,0.1,0,0.3,13.7,18.4,16.1,15.8,14.2,20.9,13.9,14,17.1,19.6,18.1,15,16.4,15.3,11.7,12.3,17.3,12,16.6,15.5,15.2,9.4,12.6,11.6,16.5,15.6,10.1,16.1,15.7,11,19.2,14.1,19.2,8.2,15.1,11.3,13.2,11.7,14.8,11.8,,,,,,,,,,,,,,,,,,,,,,,,,,,,,,,,,,,,,,,,,29.3,28.3,29.3,29.3,29.2,28.9,28.6,28.6,29.7,28.6,28.6,29.2,28.3,29.7,29.5,28.4,29.6,29.2,28.5,28.5,29.6,29,29,29,29.1,29.5,29.2,29.3,28.3,28.7,29.1,65,66,67,69,64,66,74,68,64,70,68,70,64,66,66,67,66,66,69,69,62,63,66,65,67,63,62,62,67,63,64,0,0,0,0,0,0,0,0,0,0,0,0,0,0,0,0,0,0,0,0,0,0,0,0,0,0,0,0,0,0,0,23.4,19.8,24.2,25,23.4,22.8,32.8,24.3,27.3,31,25.5,25.2,20,21,23.9,24.2,23.6,19.7,28.1,22.7,23.9,22.6,23,18.7,19.8,22.5,17.9,26.7,20.9,23.8,17.4,29.5,24.1,32,34.9,29.5,29.9,43.9,32.4,32.8,45.7,37.4,34.9,24.5,27,28.8,34.2,29.5,24.5,38.5,29.9,28.4,33.8,29.5,22.3,25.2,27,21.6,31.3,28.4,28.1,22.3,,,,,,22.2204,114.2127
2026-09-12T15:00,30.4,27.4,30.2,29.5,28.3,28.6,27.5,30,30.8,29.4,31.5,29.8,30.7,31.4,28.2,30.8,28.3,30.1,30.9,28.3,29.2,29.2,27.6,27.2,30.3,26.9,27,31.5,31.2,27.7,29.7,30.3,29.7,28.2,30.9,28.6,28.1,27.5,29.6,27.9,58,91,65,59,71,76,65,60,62,69,59,62,56,59,68,59,78,63,60,76,63,64,73,74,62,77,76,57,58,74,68,61,68,69,57,64,72,80,64,67,0,2.2,0,0.1,0,0.2,0.2,0,0,0.6,0,0,0,0,0.1,0,0,0,0,0.2,0.1,0.1,0.3,0,0,0.8,0,0,0,0.1,0.7,0,0.2,0,0,0.3,0,1.5,0.7,0,13.4,17.7,15.7,14.9,14.3,21.5,11.1,12.8,16,19,16.9,14.2,15.3,15.2,10.7,11.6,19.6,11.7,15.4,17.3,13,7.7,13.2,10.4,16.6,14,10.9,15,15.5,10.5,18.2,13.7,19.7,6.4,14,9.4,13.1,11.5,12.4,12,,,,,,,,,,,,,,,,,,,,,,,,,,,,,,,,,,,,,,,,,29.4,28.3,29.4,29.3,29.3,29,28.5,28.7,29.7,28.5,28.6,29.2,28.5,29.6,29.6,28.4,29.6,29.2,28.5,28.6,29.6,29.1,29.1,29.2,29.1,29.7,29.4,29.3,28.4,28.6,29.3,66,67,68,71,65,67,75,69,65,71,71,71,64,67,67,68,67,67,71,70,63,64,66,66,68,64,63,63,68,64,65,0,0,0,0.2,0,0,0.9,0,0,0,0.4,0.2,0,0,0,0,0,0,0,0,0,0,0,0,0,0,0,0,0,0,0,22,19.7,23.9,26.1,22.6,21.3,33.9,23.4,27,33.7,27.1,27.2,19.7,21.4,23.6,24,23.7,18.6,29.7,22,23,21.9,21.9,17.6,19.6,21.3,16.8,26,21,23.5,16.3,27.7,24.1,31,35.6,28.4,28.1,44.3,31.7,32.8,47.5,39.2,36.7,23.8,27.4,28.1,33.8,29.5,24.1,40,29.2,27.7,33.5,28.1,21.6,24.5,25.9,20.5,30.2,28.4,28.1,21.2,,,,,,22.2204,114.2127
2026-09-12T16:00,30.1,27.3,29.8,29.2,28.1,28.1,27.3,29.8,30.3,28.8,31.2,29.4,30.7,31.1,28,30.4,28.3,29.6,30.4,27.7,28.5,28.5,27.7,27.5,29.8,26.8,27.6,31.1,30.6,27.7,28.8,29.8,28.7,28.2,30.5,28.3,27.5,27.6,28.7,28.3,62,91,68,63,73,80,68,63,66,74,61,66,57,62,70,62,80,67,64,81,69,70,77,76,66,86,74,60,62,75,76,65,74,71,61,67,77,85,70,69,0,2.2,0,0.1,0,0.2,0.2,0,0,0.6,0,0,0,0,0.1,0,0,0,0,0.2,0.1,0.1,0.3,0,0,0.8,0,0,0,0.1,0.7,0,0.2,0,0,0.3,0,1.5,0.7,0,12.3,15.9,14.1,14.3,14.6,20.4,7.4,11.6,14.4,17,15.1,14.3,13,14.9,9.5,11.2,21.3,11.5,14.2,18.4,10.8,5.2,14.7,9.3,15.8,12.6,13.7,13.7,15.3,10.2,15.8,13.4,19.9,4.2,13.1,7.3,12.6,12.6,9.7,13.8,,,,,,,,,,,,,,,,,,,,,,,,,,,,,,,,,,,,,,,,,29.4,28.3,29.4,29,29.2,28.9,28.4,28.7,29.5,28.4,28.5,29,28.6,29.4,29.6,28.4,29.5,29.1,28.5,28.7,29.5,29.1,29.1,29.4,28.9,29.7,29.5,29.3,28.5,28.5,29.4,67,67,69,72,67,68,76,71,67,73,74,73,65,69,68,70,68,68,73,71,64,66,67,66,69,66,63,64,69,64,66,0,0,0,0.2,0,0,0.9,0,0,0,0.4,0.2,0,0,0,0,0,0,0,0,0,0,0,0,0,0,0,0,0,0,0,20.1,19.1,23.3,27.6,21.2,19.4,34.5,21.9,25.6,36.4,30.1,30,19.5,22.3,22.4,23.1,23.6,18.2,31.3,20.9,21.4,21.1,20.1,15.3,19.7,20.1,15.3,24.1,21.1,22.1,14.7,25.2,23.8,29.5,35.6,27,25.2,43.6,30.2,32,49.7,41.4,40,23.4,28.4,26.6,32.4,29.5,23.8,41.4,27.7,26.3,32.4,25.6,20.5,23.8,25.2,19.1,28.4,28.4,27.7,19.8,,,,,,22.2204,114.2127
2026-09-12T17:00,29.6,27.1,29.4,28.8,27.9,27.6,27.1,29.5,29.8,28.2,30.6,28.9,30.4,30.6,27.8,29.8,28.2,29,29.8,27.2,27.9,27.8,27.6,27.7,29.2,26.7,27.9,30.6,30,27.6,28.1,29.1,27.8,28.1,29.9,28,27,27.5,27.9,28.4,66,91,72,67,76,83,70,66,70,79,65,70,60,66,73,66,81,71,68,85,75,76,80,77,70,92,73,63,67,77,82,69,80,73,65,71,82,89,75,71,0,2.2,0,0.1,0,0.2,0.2,0,0,0.6,0,0,0,0,0.1,0,0,0,0,0.2,0.1,0.1,0.3,0,0,0.8,0,0,0,0.1,0.7,0,0.2,0,0,0.3,0,1.5,0.7,0,10.9,14.4,13,13.6,14.8,19.3,4.7,10.4,13.1,15.6,14.2,14.9,11.3,14.4,8.4,11.3,22,10.5,13.5,19.1,10.1,4.4,16.1,9.6,14.8,12.2,15.8,12,15,10.6,14.5,12.4,19.4,2.6,12.3,6,12.3,15.1,8.7,16.1,,,,,,,,,,,,,,,,,,,,,,,,,,,,,,,,,,,,,,,,,29.3,28.3,29.3,28.8,29,28.8,28.2,28.6,29.4,28.2,28.5,28.8,28.6,29.1,29.5,28.4,29.3,29,28.4,28.6,29.4,28.9,29,29.4,28.8,29.7,29.6,29.2,28.5,28.3,29.5,69,68,71,74,69,70,77,73,68,75,76,74,66,71,69,71,70,69,75,73,66,68,68,67,70,67,64,66,71,65,67,0,0,0,0.2,0,0,0.9,0,0,0,0.4,0.2,0,0,0,0,0,0,0,0,0,0,0,0,0,0,0,0,0,0,0,18.3,18.9,23,29.1,21.3,18.8,35,22.1,24.3,39.1,33.4,32.9,19.2,23.1,21.8,22.9,23.5,18.9,32.9,20.6,19.7,21.9,19.5,13.9,19.8,20.2,13.8,22.4,22,21.1,13.7,23.4,23.8,28.8,36.4,27.4,24.1,43.6,30.6,31,51.5,44.3,43.2,23.4,28.8,26.6,32.4,29.9,23.8,42.8,27.7,25.2,32.4,24.8,19.8,23.4,25.6,18.4,27.4,29.9,27.4,18.7,,,,,,22.2204,114.2127
2026-09-12T18:00,28.4,27,28.8,28.1,27.6,27.3,27.2,28.3,28.7,27.9,28.9,28.1,28.7,29.1,27.2,29,27.6,28.3,29.1,27.2,28,27.7,27.3,27.6,28.5,27.2,26.8,29.2,28.9,27.3,28.5,28.1,28.4,27.6,28.6,27.5,27.1,27,28,27.4,71,92,76,75,77,86,72,74,75,82,75,75,73,74,77,75,85,72,73,84,78,79,84,78,75,87,84,72,75,80,79,74,78,76,73,76,83,87,77,76,0,1.9,0,0.5,0.1,0.8,0.1,0,0.1,0.7,0.4,0,0,0,1.2,0,0,0,0,0.7,0.5,0.7,2,0.1,0,7.3,0,0,0,0.2,1.1,0,0,0,0,0.1,1.4,1.5,1.3,0,6.1,17,13,12.2,14.7,18.2,7.4,8,11.9,18.1,19.9,12.1,9.6,9.6,7.9,8,18.8,6.5,10.3,17,10.9,7.3,15.6,10.3,12.3,16.1,12.4,8,10.4,11.4,16.5,8.8,19.4,3.3,9.9,5.8,12.3,15.1,9.4,14.4,,,,,,,,,,,,,,,,,,,,,,,,,,,,,,,,,,,,,,,,,29.1,28.1,29.2,28.6,28.8,28.6,28.2,28.4,29.2,28.1,28.4,28.5,28.5,29,29.3,28.4,29,28.8,28.2,28.4,29.2,28.7,28.8,29.3,28.6,29.6,29.5,29,28.4,28.2,29.4,71,70,73,75,72,72,77,75,69,76,77,76,68,73,71,72,73,71,77,75,68,70,71,68,72,68,65,68,73,65,68,0,0,0,0.8,0.3,0.3,2.2,0.7,0,0.7,1.4,1.1,0,0,0,0,0.3,0,0.4,0.1,0,0,0.1,0,0,0,0,0,0.3,0,0,17.9,19.1,23.4,30.7,24.4,20.2,35.6,25.2,22.5,40.7,36.8,35.6,18.7,22.6,22.4,24.6,24.3,19.2,35.8,22.2,17.8,24.1,20.5,14.3,20.2,22.1,14,21.1,25,21.1,14.5,23.4,24.1,29.9,38.2,31,25.9,44.3,33.8,29.2,52.6,48.2,46.8,23.8,28.4,28.4,34.9,30.6,24.1,45,29.9,24.1,34.6,27,20.2,24.1,28.4,18.7,26.6,33.8,27.7,19.4,,,,,,22.2204,114.2127
2026-09-12T19:00,27.8,26.7,28.2,27.6,27.3,26.7,27,27.7,28,27.2,28,27.5,28.1,28.3,26.9,28.3,27.4,27.7,28.4,26.7,27.4,27.1,27.1,27.7,27.8,27.2,26.8,28.5,28.1,27.1,27.9,27.4,27.7,27.4,27.9,27.1,26.7,26.8,27.4,27.3,76,93,80,80,80,89,75,79,79,86,80,80,77,78,80,80,87,76,78,88,82,85,87,80,80,90,86,77,80,82,84,79,83,78,78,79,87,90,82,79,0,1.9,0,0.5,0.1,0.8,0.1,0,0.1,0.7,0.4,0,0,0,1.2,0,0,0,0,0.7,0.5,0.7,2,0.1,0,7.3,0,0,0,0.2,1.1,0,0,0,0,0.1,1.4,1.5,1.3,0,4.1,15.9,12,11.1,14.6,17.1,6,6.5,10.4,17.5,20,12.4,9,8.3,6.9,7.2,18.7,5,8.9,17,10.1,6.5,16.7,11,10.8,16.6,13.5,6.5,9.1,11.6,15.2,7.3,18.9,2.5,9,4.6,11.8,16.5,8,15.6,,,,,,,,,,,,,,,,,,,,,,,,,,,,,,,,,,,,,,,,,28.8,27.9,28.9,28.5,28.5,28.3,28.2,28.2,29.1,28.1,28.2,28.2,28.2,28.8,29,28.3,28.6,28.5,27.9,28.1,29,28.5,28.4,29,28.4,29.4,29.3,28.7,28.2,28.1,29.1,73,73,75,76,75,75,77,77,71,77,77,78,71,74,73,74,76,73,78,78,71,72,74,70,74,69,67,70,75,66,70,0,0,0,0.8,0.3,0.3,2.2,0.7,0,0.7,1.4,1.1,0,0,0,0,0.3,0,0.4,0.1,0,0,0.1,0,0,0,0,0,0.3,0,0,18.2,18.7,24,33,28.7,22.4,35.6,29.7,20.4,42.2,39.8,38,18.4,21.5,23.8,27.1,25.2,18.9,38.8,24.7,16,26.8,22.1,15.5,20.3,25.2,14.3,20,28.4,21.1,15.5,24.1,24.8,31.7,40.7,36,29.2,45.7,38.9,27,52.9,52.2,51.1,24.1,28.1,31.3,38.5,32,24.5,47.5,33.5,23.8,37.8,31,21.2,25.2,32.8,19.4,26.6,38.5,28.1,20.9,,,,,,22.2204,114.2127
2026-09-12T20:00,27.3,26.6,27.8,27.3,27.1,26.4,26.8,27.3,27.6,26.8,27.4,27,27.7,27.8,26.6,27.8,27.2,27.2,27.9,26.4,27,26.8,27.1,27.8,27.4,27.2,26.7,27.9,27.5,26.9,27.5,26.9,27.2,27.3,27.3,26.9,26.4,26.7,26.9,27.2,79,93,83,84,82,91,77,82,82,89,84,84,81,82,82,83,89,79,81,90,86,88,89,81,83,93,87,80,84,84,87,82,86,80,82,82,90,92,85,81,0,1.9,0,0.5,0.1,0.8,0.1,0,0.1,0.7,0.4,0,0,0,1.2,0,0,0,0,0.7,0.5,0.7,2,0.1,0,7.3,0,0,0,0.2,1.1,0,0,0,0,0.1,1.4,1.5,1.3,0,3.4,15.2,11.3,10.8,14.5,16,5.2,6.2,9.7,16.7,19.8,12.8,9.5,7.9,6.6,6.9,18.7,4,8.1,16.6,9.9,6.1,17.6,11.5,10.1,17.1,14.3,5.5,8.4,12.2,14.4,6.6,18.4,2.4,8.8,4,11.4,17.5,7.6,16.1,,,,,,,,,,,,,,,,,,,,,,,,,,,,,,,,,,,,,,,,,28.5,27.8,28.7,28.4,28.3,28.1,28.1,28,29,28,28.1,28,28,28.7,28.8,28.2,28.3,28.3,27.7,27.8,28.8,28.3,28.1,28.8,28.2,29.2,29.1,28.5,28,28,28.9,75,75,77,77,77,77,77,78,72,77,78,79,73,76,75,75,78,75,79,80,73,74,77,72,76,70,68,72,77,66,72,0,0,0,0.8,0.3,0.3,2.2,0.7,0,0.7,1.4,1.1,0,0,0,0,0.3,0,0.4,0.1,0,0,0.1,0,0,0,0,0,0.3,0,0,19.1,18.4,24.3,34.9,31.4,25,35.7,33.7,18.8,43,41.4,40.8,19.6,20.9,25.4,29.7,26.5,18.1,40.5,26.9,15.3,28.9,24.5,16.6,21.2,26.7,14.2,19.1,31.5,20.9,16.2,25.2,25.2,33.1,43.9,40,33.1,46.4,43.6,25.9,53.3,54.7,55.1,26.3,28.1,34.9,42.1,33.5,24.5,49.3,36.7,24.5,40.7,35.3,22.3,27,34.6,19.4,26.6,42.5,28.1,21.6,,,,,,22.2204,114.2127
2026-09-12T21:00,27,26.5,27.5,27.1,27,26.2,26.7,27.1,27.4,26.5,27.1,26.7,27.4,27.5,26.5,27.5,27.1,27,27.6,26.2,26.8,26.6,27.1,27.7,27.2,27.3,26.7,27.6,27.3,26.8,27.3,26.6,26.9,27.2,27,26.8,26.4,26.6,26.7,27.1,81,93,85,87,83,92,79,84,83,91,86,87,84,84,84,85,90,81,83,91,88,90,90,82,85,94,88,82,86,85,89,84,88,81,84,83,91,93,87,83,0,0.9,0.2,1.3,0,0.2,0.2,0,0,0.4,1,0.5,0.1,0,0.1,0.6,0,0,0.1,0.8,0.5,0.2,1.4,0.3,0,11.1,0.1,0,0,0,2,0,1.3,0,0.2,0,0.7,2.1,0.7,0.5,3.1,14.8,11.3,10.8,14.2,15.7,5.4,6.2,10.1,16.3,19.5,13.4,10.2,8.3,6.9,6.9,18.7,3.6,8,16.3,9.8,5.8,17.9,12.2,10.1,17.3,14.6,5.2,8.8,12.8,13.7,6.5,18.3,2.7,8.8,4,11.3,17.8,8,15.7,,,,,,,,,,,,,,,,,,,,,,,,,,,,,,,,,,,,,,,,,28.4,27.7,28.5,28.3,28.3,28,28.1,27.9,28.9,28,27.8,27.9,27.9,28.6,28.7,28.1,28.2,28.3,27.6,27.8,28.8,28.2,28,28.5,28.1,29,28.8,28.4,27.9,27.9,28.6,76,77,78,78,78,78,77,79,73,77,80,80,75,77,76,76,78,75,80,81,73,74,78,74,78,71,69,72,78,66,74,0.1,0.1,0,0.8,0.4,1.3,2,1.2,0,0.5,2,1,0,0,0.1,0.1,0.3,0,0.3,0.1,0,0,0.6,0.1,0.5,0,0,0,0.8,0,0,20.7,17.3,24.8,37.5,30.8,27.6,35.5,35.9,18.4,42.9,41.4,45,23.9,21.7,27.5,32.1,28.1,16.5,40.3,28.6,17,29.2,28.3,16.6,23,24.5,12.9,18.6,33,19.5,15.5,26.6,24.5,33.8,48.6,41.8,37.4,46.4,47.2,26.6,53.6,54,59.8,31.3,29.2,40,45,35.3,23.4,49.3,39.6,27.4,43.2,39.6,22.7,29.9,31.7,17.6,26.6,43.9,26.6,20.5,,,,,,22.2204,114.2127
2026-09-12T22:00,26.8,26.4,27.2,27.1,26.9,26.1,26.6,26.9,27.3,26.3,26.9,26.4,27.1,27.2,26.3,27.2,27,26.8,27.4,26.1,26.7,26.6,27.1,27.5,27.1,27.3,26.6,27.4,27.2,26.6,27.2,26.4,26.6,27.1,26.8,26.8,26.4,26.5,26.6,26.9,83,93,87,89,85,92,80,86,84,92,88,89,86,86,85,87,91,82,84,92,89,90,91,84,86,95,88,84,86,87,90,85,90,82,86,84,92,93,88,85,0,0.9,0.2,1.3,0,0.2,0.2,0,0,0.4,1,0.5,0.1,0,0.1,0.6,0,0,0.1,0.8,0.5,0.2,1.4,0.3,0,11.1,0.1,0,0,0,2,0,1.3,0,0.2,0,0.7,2.1,0.7,0.5,3.2,14.2,11.2,11.2,13.8,14.9,5.8,6.2,10.8,16.1,19.2,13.3,10.9,9,7.8,7.2,18.4,3.6,8.8,15.9,9.8,5.4,17.8,12.7,10.9,17.3,15,5,9.8,13.8,13,6.6,18.1,3,9.1,4,10.9,17.7,9.1,14.6,,,,,,,,,,,,,,,,,,,,,,,,,,,,,,,,,,,,,,,,,28.3,27.7,28.4,28.2,28.3,27.9,28,27.9,28.9,28,27.6,27.9,27.7,28.5,28.7,28,28.2,28.4,27.6,27.9,28.9,28.2,27.9,28.2,28,28.7,28.5,28.4,27.8,27.8,28.3,78,78,80,78,77,79,78,79,74,78,82,80,77,78,76,78,78,75,80,81,73,74,79,76,79,73,71,72,78,67,76,0.1,0.1,0,0.8,0.4,1.3,2,1.2,0,0.5,2,1,0,0,0.1,0.1,0.3,0,0.3,0.1,0,0,0.6,0.1,0.5,0,0,0,0.8,0,0,22.7,16,25.8,40.1,28.7,30.6,35,37.5,18.6,42.2,40.4,49.2,29.4,22.7,30.3,34.4,30.1,15,39,29.7,20,28.9,32.1,16.3,25.2,20.1,11.4,18.1,33.7,17.9,14.1,28.4,23.4,34.6,54.4,42.5,41.8,46.1,50.4,28.8,54,51.8,64.8,37.8,31.3,46.1,47.5,37.8,22.3,48.6,42.1,32,45.7,44.3,23.4,33.5,27,15.5,27,43.9,24.1,19.1,,,,,,22.2204,114.2127
2026-09-12T23:00,26.7,26.3,26.9,27.1,26.8,26,26.6,26.8,27.3,26.2,26.8,26.1,27,27.1,26.2,27,27,26.7,27.3,26,26.6,26.6,27.1,27.3,27,27.4,26.5,27.3,27.3,26.5,27.2,26.3,26.3,27,26.7,26.8,26.5,26.4,26.7,26.7,84,93,88,91,86,92,82,87,83,92,90,90,88,86,87,87,91,84,85,92,90,90,91,85,86,95,89,85,86,88,91,86,91,83,86,84,92,93,88,87,0,0.9,0.2,1.3,0,0.2,0.2,0,0,0.4,1,0.5,0.1,0,0.1,0.6,0,0,0.1,0.8,0.5,0.2,1.4,0.3,0,11.1,0.1,0,0,0,2,0,1.3,0,0.2,0,0.7,2.1,0.7,0.5,3.3,13.8,11.5,11.6,13.2,14.6,6.8,6.5,12,15.8,18.8,13.7,11.9,10.2,8.9,7.6,18,4,9.5,15.2,9.9,5.2,17.1,12.9,11.7,17.3,14.7,5.4,11.6,14.5,11.9,7.2,17.7,4,9.4,4,10.8,16.8,10.2,12.8,,,,,,,,,,,,,,,,,,,,,,,,,,,,,,,,,,,,,,,,,28.2,27.7,28.3,28.1,28.3,27.8,27.9,27.9,28.8,28,27.4,27.9,27.6,28.4,28.6,27.8,28.2,28.4,27.6,27.9,28.8,28.2,27.8,28,27.9,28.4,28.3,28.2,27.7,27.7,28.1,78,79,80,79,77,80,78,79,75,78,83,80,78,79,76,79,77,74,80,81,73,74,79,78,80,74,72,72,78,67,78,0.1,0.1,0,0.8,0.4,1.3,2,1.2,0,0.5,2,1,0,0,0.1,0.1,0.3,0,0.3,0.1,0,0,0.6,0.1,0.5,0,0,0,0.8,0,0,23.7,15.6,26.1,42,27.7,33.3,34.2,38.7,19.8,41.3,38.3,51.9,33.1,23.9,32.6,36.2,31.6,14.8,37.4,31.1,22.8,29,35.4,16.7,27,17.2,10.5,18.4,34.1,16.6,13,29.9,22.7,35.6,58,43.6,45.4,45,52.2,30.6,54,48.2,67,42.1,33.5,50.4,49.7,40,21.2,47.5,43.9,37.1,47.5,47.5,24.5,36.4,23.4,13.3,28.1,43.9,22.7,17.6,,,,,,22.2204,114.2127
2026-09-13T00:00,26.6,26.3,26.7,27.2,26.8,26,26.5,26.7,27.4,26.1,26.7,25.9,26.8,27,26.1,26.8,26.9,26.7,27.2,25.9,26.6,26.7,27.1,27.1,27.1,27.4,26.4,27.3,27.4,26.4,27.1,26.3,26.1,26.9,26.7,26.9,26.7,26.4,26.7,26.6,85,93,89,92,86,92,83,87,82,92,91,91,89,87,88,88,92,84,86,92,90,89,91,86,86,95,89,86,85,89,91,86,92,83,87,83,91,93,88,88,0,0.9,0.2,1.3,0,0.2,0.2,0,0,0.4,1,0.5,0.1,0,0.1,0.6,0,0,0.1,0.8,0.5,0.2,1.4,0.3,0,11.1,0.1,0,0,0,2,0,1.3,0,0.2,0,0.7,2.1,0.7,0.5,4,13.1,12,12.2,12.6,14.2,7.7,6.9,13.2,15.7,18.7,13.7,13,11.4,10.3,8.2,17.7,4.4,10,14.4,10,4.9,16.8,13.6,12.9,17.1,14.4,6.2,13,15.2,11.2,8.3,17.6,4.8,9.7,4.1,10.8,16.3,11.4,11,,,,,,,,,,,,,,,,,,,,,,,,,,,,,,,,,,,,,,,,,28.1,27.6,28.1,28,28.2,27.7,27.9,27.8,28.5,28,27.2,27.8,27.5,28.2,28.5,27.7,28.1,28.3,27.6,27.8,28.6,28,27.7,27.8,27.9,28.2,28,28,27.6,27.6,27.9,77,79,79,79,77,81,79,79,76,78,83,80,78,79,77,80,77,74,80,81,73,75,79,79,80,74,73,72,79,67,79,0,0.2,0,0.6,0.2,1.9,0.3,1,0,0.4,1.6,0.5,0,0,0.1,0.2,0.8,0.6,0.2,1.3,0,0.1,0,0.5,0.8,0,0,1.2,0.6,0,0,23.2,16.9,26.3,42.7,28.2,35.4,33.1,39.3,22.4,40.7,33.9,51.4,33.5,24.8,33.1,37.5,32.6,15.6,36.2,32.6,24.7,30.1,36.3,19.1,27.5,16.8,9.8,19.6,34.3,16,12.6,30.2,23.4,37.4,58,45.7,47.5,43.2,52.6,32.4,54,42.5,65.2,42.8,36.4,51.5,50.8,42.1,20.9,46.1,44.6,42.8,47.9,48.2,27.4,38.2,22.7,11.9,30.2,43.9,22.3,17.3,,,,,,22.2204,114.2127
2026-09-13T01:00,26.5,26.3,26.6,27.2,26.7,26.1,26.5,26.7,27.4,26.1,26.6,25.7,26.7,26.9,26.1,26.6,26.9,26.7,27.1,25.9,26.6,26.8,27.1,26.9,27.1,27.5,26.4,27.3,27.4,26.3,27.1,26.3,25.9,26.9,26.6,27,26.8,26.3,26.8,26.5,86,93,89,93,87,91,83,87,82,92,91,92,90,87,88,88,92,85,86,92,90,88,91,87,85,94,89,86,85,90,92,86,93,83,87,82,91,92,87,89,0,0.9,0.2,1.3,0,0.2,0.2,0,0,0.4,1,0.5,0.1,0,0.1,0.6,0,0,0.1,0.8,0.5,0.2,1.4,0.3,0,11.1,0.1,0,0,0,2,0,1.3,0,0.2,0,0.7,2.1,0.7,0.5,4.5,12.8,12.4,12.8,12,13.8,8.7,7.4,14.1,15.6,18.8,13.7,13.9,12.4,11.4,8.9,17.3,4.8,10.8,13.7,10.1,4.7,16,13.9,13.8,17.2,14.5,7.1,13.7,16,10.5,9.2,17.6,5.7,10.1,4.7,10.5,15.6,12.7,9.7,,,,,,,,,,,,,,,,,,,,,,,,,,,,,,,,,,,,,,,,,28,27.5,27.9,27.9,28.1,27.6,27.8,27.7,28.1,27.9,27.2,27.7,27.5,28,28.3,27.5,28,28.1,27.6,27.6,28.4,27.8,27.7,27.7,27.9,28,27.8,27.7,27.5,27.5,27.8,76,79,78,80,78,81,79,79,77,79,83,81,78,78,77,80,77,73,81,82,74,75,79,80,80,74,75,72,79,68,80,0,0.2,0,0.6,0.2,1.9,0.3,1,0,0.4,1.6,0.5,0,0,0.1,0.2,0.8,0.6,0.2,1.3,0,0.1,0,0.5,0.8,0,0,1.2,0.6,0,0,22.1,19,26.2,42.5,29.7,36.8,31.7,39.6,25.1,40.1,28.1,48.9,32.1,25.8,32.9,38.7,33.1,15.8,34.7,33.9,26.7,31.6,36.2,23.1,27.6,17.7,9.4,21.8,34.8,15.6,12.3,30.6,24.5,40,56.5,48.2,48.2,41.4,51.5,34.2,53.6,36,61.2,41.4,39.2,51.1,51.1,44.6,21.2,44.3,45,49.3,47.9,47.5,31.3,39.2,23.4,10.8,33.1,44.3,22.7,17.3,,,,,,22.2204,114.2127
2026-09-13T02:00,26.5,26.3,26.5,27.3,26.7,26.1,26.5,26.7,27.5,26,26.6,25.6,26.6,26.8,26,26.6,26.9,26.7,27,25.9,26.6,26.9,27.1,26.8,27.1,27.5,26.4,27.3,27.5,26.2,27.1,26.4,25.8,27,26.6,27,27,26.3,26.8,26.4,86,93,89,93,87,91,84,87,81,92,92,93,91,88,89,88,92,85,87,92,90,87,91,88,85,94,89,86,84,90,92,86,93,83,87,82,90,92,87,90,0,0.9,0.2,1.3,0,0.2,0.2,0,0,0.4,1,0.5,0.1,0,0.1,0.6,0,0,0.1,0.8,0.5,0.2,1.4,0.3,0,11.1,0.1,0,0,0,2,0,1.3,0,0.2,0,0.7,2.1,0.7,0.5,4.7,12.4,12.2,13.1,11.7,13.5,9.5,7.3,14.7,15.5,18.6,13.7,14.4,13.2,12.4,9.2,17,5.2,10.8,13.3,10.2,4.5,15.7,14,14.3,17.2,14.2,7.4,14.1,16.3,9.9,9.7,17.3,6.3,10.2,4.8,10.1,14.8,13.5,9,,,,,,,,,,,,,,,,,,,,,,,,,,,,,,,,,,,,,,,,,27.9,27.5,27.7,27.8,27.9,27.5,27.8,27.6,27.8,27.8,27.1,27.6,27.4,27.9,28.1,27.4,27.8,27.9,27.5,27.5,28.2,27.6,27.6,27.7,27.9,27.8,27.6,27.3,27.4,27.4,27.8,75,79,77,80,78,81,80,79,78,79,83,81,78,77,78,80,77,73,81,82,74,76,79,80,80,73,75,73,80,68,80,0,0.2,0,0.6,0.2,1.9,0.3,1,0,0.4,1.6,0.5,0,0,0.1,0.2,0.8,0.6,0.2,1.3,0,0.1,0,0.5,0.8,0,0,1.2,0.6,0,0,21.9,20.2,26.7,42.4,31.8,37.6,31,39.1,27.1,39.4,25.3,46.2,30.8,26.7,33.6,39.2,33.8,16.3,33.6,35,29.1,33.4,35.9,25.3,27.8,19,9.1,23.7,34.8,15.9,12.1,31.3,24.8,42.1,55.1,50.4,48.6,40,50,36,52.6,32.4,56.9,39.6,41.4,50.8,51.1,46.4,21.2,42.8,44.6,54.4,47.9,46.1,33.8,40,25.2,10.8,35.6,44.3,24.1,16.9,,,,,,22.2204,114.2127
2026-09-13T03:00,26.5,26.3,26.6,27.3,26.7,26.1,26.5,26.7,27.5,26,26.5,25.5,26.6,26.7,26,26.6,26.9,26.8,26.8,25.8,26.6,27,27,26.7,27.1,27.5,26.4,27.4,27.4,26.2,27,26.4,25.7,27.1,26.5,27,27,26.2,26.7,26.4,86,93,89,92,87,91,84,86,81,92,92,93,91,89,89,88,92,85,88,92,90,86,91,89,85,94,89,85,84,90,92,86,93,83,87,82,89,92,87,90,0,0.2,0,1.8,0.3,0.5,0.1,0,0,0.4,1,0.5,0.1,0.6,0.5,0,0,0,1.1,0.1,0.7,0,1.8,0.5,0,9.3,0.1,0,0.3,0.2,2.1,0,0.3,0,0.3,0,0.1,1.3,0.9,0.1,4.2,12,11.6,13.4,11.4,12.8,9.8,6.9,14.5,15.5,18.4,13.7,14.5,13.6,13,9,16.7,5.4,10.5,13,9.9,4.1,15.3,14,14.6,17.6,14.3,7.1,13.1,16.4,9.3,9.9,16.9,6.1,10.3,5,9.6,14.2,13.5,9.1,,,,,,,,,,,,,,,,,,,,,,,,,,,,,,,,,,,,,,,,,27.8,27.4,27.6,27.7,27.8,27.4,27.7,27.6,27.7,27.7,27.2,27.5,27.3,27.8,27.9,27.2,27.6,27.7,27.5,27.4,28,27.5,27.4,27.6,27.8,27.6,27.5,26.8,27.3,27.3,27.7,74,79,77,80,78,81,80,79,77,79,82,82,78,77,78,80,78,74,81,82,74,77,79,79,81,73,74,76,80,69,79,0,0.1,0,0.6,0.1,1.3,0.7,2.8,0,1.2,1.1,1.3,0,0.1,0.1,0.1,0.8,0.4,0.4,1,0.1,0.6,0,0.1,1.3,0,0,1.5,0.2,0,0,22.5,19.1,28.2,43,35.2,37.2,31.4,37.5,26.7,38.5,28,42.3,29.6,27.6,35.7,38.9,34.4,15.9,33,34.7,31.4,35.4,35.1,25,28.3,20.2,9.3,25.7,35,17.1,11.8,33.1,23.4,44.6,55.1,52.9,47.9,40.3,48.2,37.8,50.8,34.9,52.2,38.5,42.5,51.8,51.1,45.7,20.9,41.8,44.3,57.2,48.6,44.6,34.2,40.3,27.7,12.2,37.8,44.6,26.6,16.2,,,,,,22.2204,114.2127
2026-09-13T04:00,26.5,26.3,26.7,27.3,26.7,26.1,26.5,26.8,27.5,26,26.4,25.5,26.6,26.5,26,26.6,26.9,26.9,26.6,25.8,26.6,27.1,27,26.7,27.1,27.5,26.4,27.5,27.3,26.2,26.8,26.5,25.6,27.2,26.5,27,27.1,26.2,26.7,26.5,87,92,88,91,87,91,84,85,80,92,92,94,91,90,90,87,92,84,89,92,90,86,91,89,84,94,89,84,83,90,93,85,93,82,87,81,88,92,87,90,0,0.2,0,1.8,0.3,0.5,0.1,0,0,0.4,1,0.5,0.1,0.6,0.5,0,0,0,1.1,0.1,0.7,0,1.8,0.5,0,9.3,0.1,0,0.3,0.2,2.1,0,0.3,0,0.3,0,0.1,1.3,0.9,0.1,3.6,11.6,10.6,13.4,11.5,12.1,9.8,6.4,13.6,15.2,17.9,14.1,14.6,13.5,13.9,8.3,16.4,5.4,9.7,13,10,3.8,15.3,14.2,14.5,17.9,14,6.6,11.6,16.2,9.1,9.7,16.6,6,10.4,5.2,9,13.8,13.6,9.6,,,,,,,,,,,,,,,,,,,,,,,,,,,,,,,,,,,,,,,,,27.7,27.4,27.4,27.7,27.6,27.4,27.7,27.5,27.7,27.6,27.2,27.4,27.2,27.7,27.8,27.1,27.4,27.5,27.4,27.4,27.9,27.3,27.3,27.6,27.7,27.3,27.5,26.3,27.1,27.2,27.7,73,78,77,80,78,81,80,80,76,80,81,83,78,76,79,80,78,75,82,82,74,78,80,78,82,72,73,79,80,70,78,0,0.1,0,0.6,0.1,1.3,0.7,2.8,0,1.2,1.1,1.3,0,0.1,0.1,0.1,0.8,0.4,0.4,1,0.1,0.6,0,0.1,1.3,0,0,1.5,0.2,0,0,23.6,17.1,30.4,43.7,39.5,36.4,32.5,35.5,25.5,38,33.6,37.4,28.2,29,38.7,38,35.2,15.5,32.4,33.8,34.1,37.4,34.5,23.5,28.8,21.8,11.2,27.4,35.5,19,11.8,36,21.2,47.2,55.4,55.4,46.4,41,46.1,39.6,48.6,41,46.8,36.7,42.5,53.3,51.1,45,20.5,41,43.6,58.7,50,42.8,33.1,40,31,14.4,39.6,45.4,29.9,15.1,,,,,,22.2204,114.2127
2026-09-13T05:00,26.6,26.3,26.9,27.3,26.8,26.1,26.6,26.9,27.5,26,26.3,25.5,26.6,26.3,26.1,26.7,26.9,27.1,26.5,25.7,26.7,27.2,26.9,26.7,27.1,27.5,26.4,27.6,27.2,26.3,26.7,26.6,25.6,27.5,26.4,27,27.1,26.1,26.6,26.6,87,92,86,88,86,90,84,83,80,91,92,93,90,90,90,87,91,84,90,92,90,85,91,89,83,94,89,83,83,90,93,84,93,81,87,80,87,92,86,90,0,0.2,0,1.8,0.3,0.5,0.1,0,0,0.4,1,0.5,0.1,0.6,0.5,0,0,0,1.1,0.1,0.7,0,1.8,0.5,0,9.3,0.1,0,0.3,0.2,2.1,0,0.3,0,0.3,0,0.1,1.3,0.9,0.1,2.9,11.2,9.2,13.4,11.5,11.4,9.7,5.9,12.2,15.2,17.1,14.1,13.9,13,14.5,7.9,16.5,5.2,8.9,13,9.7,3.7,14.9,14,14.2,18.1,14.1,6.2,10.1,15.9,8.9,9.3,16.2,5.4,10.1,5.4,8.5,13.4,13.1,10.5,,,,,,,,,,,,,,,,,,,,,,,,,,,,,,,,,,,,,,,,,27.6,27.4,27.3,27.7,27.5,27.4,27.7,27.5,27.7,27.5,27.3,27.3,27.2,27.7,27.7,27.1,27.2,27.4,27.4,27.4,27.7,27.3,27.2,27.6,27.6,27.2,27.4,26,27.1,27.1,27.7,73,77,77,80,79,81,80,80,75,80,81,83,77,76,79,80,80,75,82,81,75,78,80,77,82,72,71,81,80,71,77,0,0.1,0,0.6,0.1,1.3,0.7,2.8,0,1.2,1.1,1.3,0,0.1,0.1,0.1,0.8,0.4,0.4,1,0.1,0.6,0,0.1,1.3,0,0,1.5,0.2,0,0,24.9,16.4,32.4,44.3,41.4,35.3,33.3,34.2,25.3,36.7,37.6,34.9,26.4,29.8,40.8,37.4,37.8,15.4,32,32.2,36,38.2,33.2,22.5,28.5,23.7,13.4,28.3,35.5,20.6,11.9,38.5,20.5,49,55.8,55.8,44.6,41.8,44.6,41,46.4,45.4,43.9,34.6,42.5,54,50.8,49,21.2,40.3,42.5,59,50.8,40.7,32.4,38.5,35.3,16.6,40.3,45.7,32.8,14.8,,,,,,22.2204,114.2127
2026-09-13T06:00,26.7,26.4,27.2,27.4,26.8,26.2,26.7,27,27.5,26.1,26.3,25.5,26.6,26.2,26.1,26.9,26.9,27.3,26.3,25.7,26.7,27.4,26.8,26.8,27.1,27.5,26.5,27.8,27.2,26.4,26.5,26.7,25.7,27.7,26.4,27,27.2,26.1,26.6,26.7,87,91,85,86,85,90,83,80,79,91,92,93,89,91,90,86,91,83,91,92,89,84,91,89,82,93,89,81,82,89,93,82,92,79,86,80,86,92,86,89,0,0.2,0,1.8,0.3,0.5,0.1,0,0,0.4,1,0.5,0.1,0.6,0.5,0,0,0,1.1,0.1,0.7,0,1.8,0.5,0,9.3,0.1,0,0.3,0.2,2.1,0,0.3,0,0.3,0,0.1,1.3,0.9,0.1,2.5,10.8,8.1,13.8,11.4,10.7,9.7,6,10.9,15.3,16.3,14.1,13.6,12.6,15.2,7.1,16.2,5.2,8,13,9.4,3.4,14.9,14,14,18.4,13.9,6.3,8.9,15.7,8.9,8.9,15.9,5.1,9.8,5.9,7.8,13.1,12.4,11.6,,,,,,,,,,,,,,,,,,,,,,,,,,,,,,,,,,,,,,,,,27.6,27.3,27.3,27.7,27.4,27.4,27.7,27.3,27.6,27.5,27.1,27.3,27.3,27.6,27.8,27.1,27,27.5,27.5,27.5,27.4,27.3,27.2,27.7,27.6,27.1,27.4,26,27.1,27.1,27.8,73,76,77,80,81,80,80,81,75,79,82,83,75,76,79,79,83,75,82,80,77,78,79,76,82,72,70,80,80,71,76,0,0.3,0,0.1,1.2,0.3,0.9,2.4,0,1.2,1.3,0.3,0.1,0.9,0.2,0.1,2.3,0,0.5,0.3,0.5,0.2,0,0,0.2,0,0,0.7,0,0.3,0,26.4,17.4,33.9,44.3,40,33.5,33.4,34.9,25.8,34.3,38,36.3,22.9,30.6,41.7,37.5,47.2,16.5,32.2,29.9,38,37.4,30.7,22.2,25.6,26.6,14.8,27,35.1,22.1,12,41.4,23,49.7,56.2,52.6,42.5,41.8,44.6,41.4,43.9,46.1,45,30.6,42.5,54,50,64.1,23.8,40.3,40.7,58.3,50.8,38.5,33.1,35.6,41.8,18,39.2,45.7,34.6,14.8,,,,,,22.2204,114.2127
2026-09-13T07:00,26.9,26.5,27.4,27.5,27,26.3,26.8,27.1,27.6,26.2,26.3,25.6,26.7,26.1,26.2,27.1,27,27.6,26.3,25.8,26.9,27.6,26.8,26.9,27.2,27.5,26.6,28,27.2,26.5,26.5,27,25.8,28.1,26.5,27,27.4,26.2,26.7,26.9,86,91,83,84,84,89,83,78,78,90,91,92,88,91,89,84,90,81,91,91,89,83,91,89,81,93,88,79,81,89,92,81,91,78,86,79,85,92,85,88,0,0.2,0,1.8,0.3,0.5,0.1,0,0,0.4,1,0.5,0.1,0.6,0.5,0,0,0,1.1,0.1,0.7,0,1.8,0.5,0,9.3,0.1,0,0.3,0.2,2.1,0,0.3,0,0.3,0,0.1,1.3,0.9,0.1,2.9,10.9,7,13.8,11.7,10.4,9.8,6.3,10.3,14.9,15.5,14.1,13.6,12.4,15.7,6.9,15.8,5.6,7.3,13.3,9,3.7,14.8,14,13.9,18.8,13.9,6.4,8.8,15.5,9,8.9,16,4.9,9.8,6.1,7.7,13,12.1,12.4,,,,,,,,,,,,,,,,,,,,,,,,,,,,,,,,,,,,,,,,,27.5,27.2,27.4,27.7,27.2,27.4,27.7,27.2,27.6,27.6,27,27.4,27.4,27.6,27.9,27.2,26.9,27.7,27.5,27.5,27,27.3,27.3,27.7,27.7,27.1,27.3,26.2,27.2,27,27.8,74,75,77,79,84,79,81,81,74,79,83,82,73,77,79,79,87,74,81,79,81,77,78,74,81,73,68,77,79,71,74,0,0.3,0,0.1,1.2,0.3,0.9,2.4,0,1.2,1.3,0.3,0.1,0.9,0.2,0.1,2.3,0,0.5,0.3,0.5,0.2,0,0,0.2,0,0,0.7,0,0.3,0,28.6,19.2,35.2,44.3,37.9,31.1,33.2,36.9,27,31.7,36.7,40,18.7,31.2,42.3,37.2,64.2,18.2,32.8,27.6,40.6,35.9,27.4,22.4,22.2,29.8,15.8,24.8,34.5,23.7,12.3,44.6,27,50,56.5,46.8,39.6,41,45,41,41.8,45.4,48.2,25.6,42.5,53.6,49,84.6,27.4,40.7,38.9,56.5,50.8,36.4,33.8,32,49,19.4,37.1,45.4,36,15.5,,,,,,22.2204,114.2127
2026-09-13T08:00,27.3,26.7,27.8,27.7,27.2,26.5,27,27.3,27.8,26.4,26.3,25.7,26.9,26.2,26.4,27.4,27.2,27.9,26.4,26,27,27.9,26.8,27,27.4,27.5,26.8,28.3,27.4,26.7,26.7,27.3,26,28.5,26.6,27.1,27.6,26.3,26.8,27.2,84,90,81,82,83,88,82,77,77,89,91,92,87,91,89,83,89,80,91,90,88,82,90,89,80,93,87,77,80,88,91,79,90,76,85,79,83,91,84,87,0,0.2,0,1.8,0.3,0.5,0.1,0,0,0.4,1,0.5,0.1,0.6,0.5,0,0,0,1.1,0.1,0.7,0,1.8,0.5,0,9.3,0.1,0,0.3,0.2,2.1,0,0.3,0,0.3,0,0.1,1.3,0.9,0.1,2.9,10.5,6.5,13.7,12,10.4,10.4,6.3,9.8,14.9,15.1,14.1,13.6,12.4,15.9,6.6,15.8,5.8,6.9,13.3,9.4,3.3,14.8,13.9,13.7,18.8,13.8,6.7,8.7,15.4,9.3,8.9,15.7,5.1,9.8,6.7,7.7,13,12,13,,,,,,,,,,,,,,,,,,,,,,,,,,,,,,,,,,,,,,,,,27.6,27.3,27.5,27.8,26.8,27.5,27.8,27.1,27.7,27.7,26.9,27.4,27.5,27.6,28,27.4,26.8,27.9,27.6,27.6,26.8,27.4,27.5,27.8,27.8,27.1,27.4,26.4,27.4,27,27.9,74,74,77,79,86,78,81,82,74,78,83,82,71,77,79,78,90,73,80,78,83,76,76,73,79,74,67,75,78,71,73,0,0.3,0,0.1,1.2,0.3,0.9,2.4,0,1.2,1.3,0.3,0.1,0.9,0.2,0.1,2.3,0,0.5,0.3,0.5,0.2,0,0,0.2,0,0,0.7,0,0.3,0,30.1,20.6,36.3,44.3,34.3,29.4,32.9,37.7,28.3,29.6,36.1,42.5,16.2,31.5,42.3,36.8,75.6,19.7,32.9,25.5,42.7,35.3,25.3,22.4,19.9,32.7,16.2,24,33.6,25.5,13.4,46.8,29.9,50.4,56.9,42.5,37.8,40.3,45,41,40,45,50.8,22.3,42.5,53.3,47.9,97.6,30.2,40.3,37.1,55.4,50.8,34.6,34.6,28.8,53.6,20.5,36,44.3,37.4,16.6,,,,,,22.2204,114.2127
2026-09-13T09:00,27.9,26.9,28.2,28,27.6,26.9,27.3,27.6,28.2,26.6,26.3,25.8,27.2,26.4,26.6,27.8,27.5,28.3,26.7,26.3,27.3,28.4,27,27.1,27.7,27.6,27.2,28.8,27.9,27,27,27.8,26.4,29.1,26.9,27.3,28.1,26.5,27.2,27.6,80,89,79,81,81,86,81,76,75,88,91,91,85,90,88,81,87,78,90,88,87,80,89,89,78,93,85,75,78,87,89,77,88,73,84,79,81,90,83,85,0,0.9,0.1,0.4,0,0.5,0.7,0.1,0,0.4,1.2,0.4,0.5,0.6,1.1,0.1,1.2,0,0.4,0.1,1.4,0,0.8,0.3,0,4.2,0.3,0.1,0.4,0.6,0.1,0,0.2,0,0.1,0.3,0,0.5,1.6,0.1,3.4,10.5,6.7,14.1,12.5,11.1,11.6,6.2,10.3,14.9,14.8,14.1,14.1,12.7,16.1,7.2,15.7,6.7,6.8,13.7,10,3.1,15.1,14,13.7,18.8,13.9,7.1,9.1,15.8,10.2,9.2,15.6,6.1,10,7.6,8.3,13,12.2,13.5,,,,,,,,,,,,,,,,,,,,,,,,,,,,,,,,,,,,,,,,,27.9,27.5,27.7,27.9,25.7,27.6,27.8,27.1,27.9,27.7,27.2,27.4,27.4,27.8,28,27.5,26.6,28.1,27.8,27.8,26.9,27.5,27.8,27.9,28.2,27.1,27.7,26.8,27.6,27.2,28.2,74,73,77,79,88,77,81,83,74,78,82,82,71,76,79,77,91,72,79,77,83,76,74,72,76,75,66,74,77,72,72,0,0.2,0.1,0.2,23.4,0,0.1,1.2,0,0,0.8,1.3,1.4,0.2,1,0,5.5,0,0.1,0.1,2.2,0.1,0,0,0.1,1,0,1.2,0,0,0,31.1,20.9,38.1,45,25.2,29.2,31.9,36.8,30.1,29.1,37.5,43.3,16.7,31.8,42.5,35,72.9,21.2,32.6,24.9,43.8,36,24.5,22.4,19.1,34.5,16.3,24.7,32.5,27.4,14.8,47.2,30.2,52.6,57.6,41,37.1,38.9,43.9,41.8,39.6,46.4,52.2,22.7,42.5,52.9,47.2,96.5,32.4,39.2,35.6,55.1,51.8,33.1,34.6,27,53.6,20.9,37.1,42.5,40,18.4,,,,,,22.2204,114.2127
2026-09-13T10:00,28.7,27.3,28.8,28.4,28.1,27.4,27.8,27.9,28.8,27,26.4,25.9,27.7,26.7,26.9,28.4,27.9,28.9,27.2,26.8,27.6,29,27.2,27.4,28.2,27.7,27.7,29.5,28.5,27.4,27.6,28.5,26.9,29.9,27.2,27.5,28.8,26.9,27.6,28.2,75,87,76,79,79,84,80,75,73,86,91,91,83,89,87,78,85,76,88,86,86,78,88,88,76,92,83,71,74,85,86,74,86,70,82,79,77,88,81,82,0,0.9,0.1,0.4,0,0.5,0.7,0.1,0,0.4,1.2,0.4,0.5,0.6,1.1,0.1,1.2,0,0.4,0.1,1.4,0,0.8,0.3,0,4.2,0.3,0.1,0.4,0.6,0.1,0,0.2,0,0.1,0.3,0,0.5,1.6,0.1,4.8,10.5,7.3,14,13.4,12.1,13.2,6.4,11.4,14.8,14.4,13.7,15.1,13,16.2,8.4,16,8,7.6,14.4,11,3.5,15.8,14.2,14,19,14.3,7.9,9.7,16.6,12,10.1,15.5,7.4,10.3,8.9,9.3,13.3,12.5,13.8,,,,,,,,,,,,,,,,,,,,,,,,,,,,,,,,,,,,,,,,,28.2,27.8,28,28.1,24.3,27.9,27.9,27.1,28.1,27.7,27.5,27.5,27.2,28.1,28,27.6,26.4,28.3,28,28.1,27.1,27.6,28.2,28,28.6,27.2,28.1,27.1,28,27.4,28.4,73,73,77,78,90,77,81,83,73,78,80,82,72,76,79,77,91,72,79,75,83,77,72,72,73,76,65,73,75,73,71,0,0.2,0.1,0.2,23.4,0,0.1,1.2,0,0,0.8,1.3,1.4,0.2,1,0,5.5,0,0.1,0.1,2.2,0.1,0,0,0.1,1,0,1.2,0,0,0,31.9,21.1,40.9,45.8,19.6,29.7,30.7,35,32.2,29.4,39.3,43.3,18.3,31.5,42,33.1,65.1,22.5,31.6,24.6,43.7,37.2,24.5,22.7,18.8,36.3,16.5,26.1,31,29.5,16.8,46.4,29.5,55.4,58,40.7,36.7,37.1,42.5,42.8,40,48.2,52.9,24.8,42.5,52.2,46.4,87.8,33.5,37.4,34.6,55.1,53.3,32.4,33.8,25.9,51.5,20.5,38.9,40,42.5,20.9,,,,,,22.2204,114.2127
2026-09-13T11:00,29.6,27.7,29.4,28.8,28.7,28,28.3,28.3,29.5,27.4,26.6,26.1,28.2,27.1,27.2,29.1,28.4,29.5,27.7,27.4,28,29.6,27.5,27.6,28.8,27.8,28.2,30.2,29.3,27.9,28.3,29.3,27.5,30.8,27.7,27.8,29.5,27.3,28.2,28.9,69,85,73,78,76,81,78,74,71,84,90,90,81,87,86,76,83,73,85,83,85,75,86,87,73,92,80,68,71,83,83,70,83,66,80,79,74,86,79,79,0,0.9,0.1,0.4,0,0.5,0.7,0.1,0,0.4,1.2,0.4,0.5,0.6,1.1,0.1,1.2,0,0.4,0.1,1.4,0,0.8,0.3,0,4.2,0.3,0.1,0.4,0.6,0.1,0,0.2,0,0.1,0.3,0,0.5,1.6,0.1,7,10.8,8.3,14.4,14.4,13.5,14.9,7.2,12.9,14.8,14.4,13.3,16.4,13.3,16.3,10.1,16.3,10.1,8,15.1,12,5.4,16.2,14.8,14.6,18.9,14.5,9.5,11,17.5,13.9,11.7,15.9,9.6,10.9,10.4,10.8,13.8,13.1,14.4,,,,,,,,,,,,,,,,,,,,,,,,,,,,,,,,,,,,,,,,,28.6,28,28.1,28.2,23.6,28.1,28,27.2,28.4,27.8,27.9,27.5,27.2,28.3,28.1,27.8,26.4,28.5,28.1,28.3,27.3,27.7,28.6,28.2,28.9,27.4,28.4,27.5,28.2,27.5,28.6,73,73,77,78,90,76,81,83,73,78,78,82,72,75,79,76,90,71,78,74,83,77,71,72,71,77,65,73,74,74,71,0,0.2,0.1,0.2,23.4,0,0.1,1.2,0,0,0.8,1.3,1.4,0.2,1,0,5.5,0,0.1,0.1,2.2,0.1,0,0,0.1,1,0,1.2,0,0,0,32.7,20.7,41.8,46.2,20.2,30,29.8,33.4,33.7,29,40.4,42.6,19.1,31.8,41.4,31,60.7,23.2,30.4,24.5,44.1,38.6,24.9,23.4,18.4,38,16.7,27.7,29.8,31.6,18.5,46.4,28.4,55.1,58.3,38.5,36.7,35.6,41.4,43.9,39.6,49.3,52.2,25.9,43.2,50.8,45.4,79.6,33.8,35.6,33.8,55.4,54,32,33.8,25.2,50,20.5,40.7,37.8,44.3,22.3,,,,,,22.2204,114.2127
2026-09-13T12:00,30.5,28.1,30,29.3,29.3,28.5,28.7,28.6,30.1,27.7,26.7,26.3,28.6,27.5,27.5,29.7,28.8,30,28.3,27.9,28.3,30.2,27.7,27.8,29.4,28,28.7,30.9,30,28.3,29,30,28.1,31.7,28,28.1,30.2,27.6,28.7,29.5,64,84,70,77,73,79,77,73,69,83,90,89,78,86,85,73,80,70,83,81,83,72,85,87,71,91,78,65,68,81,80,67,81,63,79,79,71,83,77,76,0,0.9,0.1,0.4,0,0.5,0.7,0.1,0,0.4,1.2,0.4,0.5,0.6,1.1,0.1,1.2,0,0.4,0.1,1.4,0,0.8,0.3,0,4.2,0.3,0.1,0.4,0.6,0.1,0,0.2,0,0.1,0.3,0,0.5,1.6,0.1,9,10.8,9.4,14.8,15.5,14.9,17,8.2,14.9,15.1,14,13,17.4,13.7,16.6,11.7,16.6,11.6,8.7,15.5,13.4,7.2,16.9,15,15.1,18.9,15.1,11.4,12.8,18.4,15.9,13,16,11.8,11.2,12.1,12.1,13.8,13.4,15.1,,,,,,,,,,,,,,,,,,,,,,,,,,,,,,,,,,,,,,,,,28.8,28.2,27.8,28.3,24.2,28.3,28.2,27.4,28.6,28,28.1,27.7,27.5,28.6,28.2,27.9,26.6,28.7,28.3,28.4,27.1,27.8,28.8,28.4,29.1,27.7,28.6,27.9,28.3,27.4,28.6,73,73,79,78,87,76,80,82,73,78,77,81,72,75,79,76,88,71,77,74,85,77,70,72,71,78,65,73,74,77,71,0.1,0,1.6,0.4,0.5,0,0.1,0.2,0,0,0.6,1.8,0.5,0.1,1.5,0,4.7,0,0,0,5.1,0.5,0,0,0.1,0.2,0,0.4,0,1.2,0,33.6,19.8,38,46.2,12.8,29.9,29.8,32.1,34,28.4,40.3,40.5,18.1,33.4,39.4,29.8,57.8,22.3,28.8,23.8,45.2,40.7,25.7,24.5,17.7,39.8,17.1,28.1,28.6,33.5,18.6,47.2,27.4,49.3,57.6,32,37.1,34.9,41.4,45,38.5,49,49.7,24.8,45.7,48.2,43.9,74.2,32.4,33.8,33.1,57.2,54.4,33.1,34.9,24.5,50.8,20.9,41.8,36,45,22.3,,,,,,22.2204,114.2127
2026-09-13T13:00,31.1,28.4,30.4,29.6,29.8,28.9,29,28.9,30.5,28,26.8,26.4,29,27.8,27.7,30.1,29.2,30.4,28.7,28.3,28.6,30.7,27.9,28,29.8,28.1,29.1,31.4,30.5,28.6,29.5,30.5,28.6,32.3,28.3,28.3,30.7,27.9,29.1,30,60,83,68,76,72,77,76,73,68,82,90,88,77,85,84,71,79,69,81,79,82,71,84,86,69,91,76,63,65,80,78,65,79,60,77,79,69,82,76,74,0,0.9,0.1,0.4,0,0.5,0.7,0.1,0,0.4,1.2,0.4,0.5,0.6,1.1,0.1,1.2,0,0.4,0.1,1.4,0,0.8,0.3,0,4.2,0.3,0.1,0.4,0.6,0.1,0,0.2,0,0.1,0.3,0,0.5,1.6,0.1,11,10.8,10.5,14.9,15.9,15.6,18,9.7,15.9,14.8,13.7,12.7,18.1,14,16.2,13.4,16.6,12.7,9.1,15.5,14,8.8,17.3,15.6,15.9,18.9,15.5,13.1,14.1,19.1,17.7,14.1,16,13.5,11.5,13,13,13.9,13.4,15.3,,,,,,,,,,,,,,,,,,,,,,,,,,,,,,,,,,,,,,,,,28.9,28.4,27.3,28.4,25.4,28.5,28.4,27.6,28.9,28.4,28.2,27.9,28,28.9,28.3,28,27,28.9,28.4,28.6,26.8,27.8,28.9,28.7,29.1,28,28.8,28.2,28.4,27.1,28.5,73,73,81,78,83,75,79,80,74,77,76,80,71,75,79,76,85,71,76,74,87,77,71,72,71,78,66,73,74,80,72,0.1,0,1.6,0.4,0.5,0,0.1,0.2,0,0,0.6,1.8,0.5,0.1,1.5,0,4.7,0,0,0,5.1,0.5,0,0,0.1,0.2,0,0.4,0,1.2,0,34.6,18.9,32.3,45.7,8,29.8,29.9,31,34.1,27.8,39.4,38.2,16.8,36,36.4,29.3,53.9,20.6,27.1,23.6,47.2,43.6,27.6,25.9,17.7,41.6,17.3,28.3,27.8,35.7,18.1,48.2,26.3,41,56.9,23.8,37.4,34.2,41.8,46.1,37.1,47.5,45.7,23,48.6,45,42.1,69.1,29.5,32,32.4,59.4,54,35.3,36.4,23.8,52.2,21.2,42.5,34.2,44.6,21.6,,,,,,22.2204,114.2127
2026-09-13T14:00,31.4,28.6,30.6,29.7,29.9,29.2,29.2,28.9,30.7,28.2,26.9,26.5,29.1,28,27.8,30.3,29.3,30.5,29,28.5,28.8,30.9,28.1,28.1,30,28.1,29.3,31.6,30.7,28.8,29.8,30.7,28.8,32.5,28.5,28.4,30.9,28.1,29.3,30.2,58,82,67,76,71,76,76,73,68,81,90,88,76,84,84,71,78,68,80,78,82,70,83,86,69,91,75,63,65,79,77,65,78,60,77,80,68,81,76,73,0,0.9,0.1,0.4,0,0.5,0.7,0.1,0,0.4,1.2,0.4,0.5,0.6,1.1,0.1,1.2,0,0.4,0.1,1.4,0,0.8,0.3,0,4.2,0.3,0.1,0.4,0.6,0.1,0,0.2,0,0.1,0.3,0,0.5,1.6,0.1,11.6,10.4,10.6,14.6,15.9,15.9,18.4,10.2,16.6,14.4,13,12.4,18,13.7,15.9,14.1,15.8,13.1,8.8,15.1,14.3,9.3,17,15.5,15.9,18.4,15.2,13.7,15,19.1,18,14.1,15.7,14.5,11.2,13.6,13.3,13.6,13,15.4,,,,,,,,,,,,,,,,,,,,,,,,,,,,,,,,,,,,,,,,,29,28.5,27,28.4,26.3,28.7,28.5,27.8,29,28.6,28.3,28,28.4,29,28.4,28.1,27.3,29.1,28.5,28.7,26.7,27.7,29,28.9,29.1,28.2,28.9,28.4,28.3,27,28.4,74,74,83,78,80,75,79,79,75,77,76,79,71,75,79,76,83,71,76,74,88,78,71,72,72,79,67,74,74,82,72,0.1,0,1.6,0.4,0.5,0,0.1,0.2,0,0,0.6,1.8,0.5,0.1,1.5,0,4.7,0,0,0,5.1,0.5,0,0,0.1,0.2,0,0.4,0,1.2,0,36.1,18.7,27.7,45.4,16.8,29.8,29.9,30.7,34.4,27,38.3,35.5,15.7,38.4,34.2,28.8,50.5,19.2,25.6,23.6,47.6,44.3,28.5,26.9,17.5,42.9,17.4,29,26.8,36.2,17.1,49.7,25.6,33.8,56.2,18.4,37.8,33.5,42.1,47.2,35.3,46.4,41.8,21.2,50.8,42.5,40.7,65.5,27,30.2,32,59.8,52.6,36.4,37.1,23,53.6,21.6,43.9,32.4,42.8,20.9,,,,,,22.2204,114.2127
2026-09-13T15:00,31.3,28.6,30.4,29.6,29.8,29.2,29,28.8,30.6,28.1,27,26.5,29,28,27.8,30.2,29.2,30.3,29,28.5,28.8,30.9,28.1,28.1,29.9,28,29.2,31.3,30.5,28.7,29.7,30.5,28.7,32.2,28.4,28.3,30.8,28,29.3,30.1,59,82,68,77,72,76,77,74,69,81,90,88,77,84,84,72,79,69,80,79,82,71,83,86,70,91,76,65,67,79,77,67,79,62,78,81,69,81,77,74,0,0.3,0,0.1,0,0,1.2,0.3,0.1,0,0.7,0.7,0.3,0.1,0.1,0,0,0,0,0,1,0.1,0.3,0.7,0,0.5,0.1,1.3,1.3,0,0.5,0,0.3,0.1,0.1,1.1,0,0.2,0,0.1,11,9.7,10,13.9,14.8,15.2,17.3,10.2,16.2,13.7,11.9,12.1,16.9,13,14.8,13.7,14.4,12.1,8,13.7,13.9,8.5,16.2,15.5,15.3,17.6,14.1,13.1,14.6,18,17.3,13.1,14.6,14.5,10.4,13.2,12.5,12.8,11.9,14.7,,,,,,,,,,,,,,,,,,,,,,,,,,,,,,,,,,,,,,,,,28.8,28.5,27.1,28.3,26.5,28.7,28.5,27.9,28.9,28.6,28.3,27.9,28.5,28.8,28.3,28.1,27.2,29,28.5,28.7,26.8,27.1,28.9,28.8,29,28.1,29.1,28.5,28.2,26.9,28.5,75,75,83,79,80,75,79,79,77,77,77,79,71,76,79,76,83,72,76,75,87,82,72,73,72,80,68,75,75,83,72,1.5,0.1,0.5,0.4,0.1,0.3,0,0.4,0.2,0,0.5,1.4,0,0.3,0.1,0,2.1,0,0,0,4.8,3.5,0,0,0,1.3,0,0.7,0.1,1.4,0,38.8,19.4,25.2,45.3,19.9,29.4,28.5,30.5,35.3,25.6,37.5,32.1,15.5,39,32.8,28.6,48.9,18,23.9,23.7,44.8,41.9,27.8,27.2,16.7,43.7,16.6,31.6,25.6,33.3,16.3,51.8,26.3,29.9,56.2,18,37.4,32,41.8,47.9,33.5,46.1,38.2,19.8,50.8,40.3,39.6,63.4,25.2,28.4,31.7,55.4,48.6,36,36.7,21.2,54.7,21.6,46.4,30.6,38.5,20.2,,,,,,22.2204,114.2127
2026-09-13T16:00,30.8,28.4,30,29.4,29.4,29,28.7,28.5,30.1,28,27.1,26.5,28.7,27.9,27.7,29.9,28.9,29.9,28.8,28.2,28.6,30.7,28.1,28,29.5,27.9,28.8,30.8,30,28.4,29.4,29.9,28.5,31.5,28.2,28.1,30.3,27.9,29,29.7,63,83,71,78,74,78,78,77,72,82,90,89,78,85,85,75,81,71,81,80,83,72,83,87,73,91,77,68,71,81,79,70,80,66,79,82,72,82,79,75,0,0.3,0,0.1,0,0,1.2,0.3,0.1,0,0.7,0.7,0.3,0.1,0.1,0,0,0,0,0,1,0.1,0.3,0.7,0,0.5,0.1,1.3,1.3,0,0.5,0,0.3,0.1,0.1,1.1,0,0.2,0,0.1,9.3,8.3,8.9,12.8,12.6,13.7,15.5,9.5,14.8,12.6,10.9,11.4,15.1,11.9,13.7,12.6,12.6,10.3,6.6,11.6,12.8,6.9,14.8,15,13.6,15.8,12.6,11.5,13.4,16.6,15.5,11.3,13,13.3,9,12.4,10.6,11.4,10.1,13.3,,,,,,,,,,,,,,,,,,,,,,,,,,,,,,,,,,,,,,,,,28.5,28.5,27.4,28.1,26.4,28.5,28.4,28,28.6,28.5,28.2,27.7,28.5,28.5,28.2,28.2,27,28.9,28.4,28.6,27,26.3,28.8,28.7,28.9,27.9,29.2,28.5,28.1,26.9,28.6,77,76,82,80,80,75,80,79,79,78,78,80,71,78,80,77,85,74,76,77,85,88,73,74,72,81,68,75,76,82,71,1.5,0.1,0.5,0.4,0.1,0.3,0,0.4,0.2,0,0.5,1.4,0,0.3,0.1,0,2.1,0,0,0,4.8,3.5,0,0,0,1.3,0,0.7,0.1,1.4,0,42,21,23.1,45.4,20,28.8,26.7,30.5,36,23.4,36.7,28,15.2,38.5,31.3,28.5,48.7,17.4,22,23.5,39.7,37.5,26.3,26.8,15.5,44.6,15.4,34.8,24.2,28.4,15.1,54.4,27.4,27.4,56.9,20.5,36.4,29.9,41,47.9,31.7,45.7,34.2,18.7,49.7,38.9,38.9,62.6,23.4,27,31.3,48.6,43.6,34.9,35.6,19.1,55.4,21.6,49,29.2,33.1,19.4,,,,,,22.2204,114.2127
2026-09-13T17:00,30.1,28.2,29.4,29,28.8,28.7,28.3,28.1,29.6,27.8,27.1,26.5,28.3,27.7,27.5,29.5,28.5,29.3,28.5,27.8,28.4,30.3,28,27.9,29.1,27.8,28.4,30,29.3,28,29,29.2,28.1,30.5,27.9,27.9,29.7,27.6,28.6,29.2,68,84,74,80,77,80,80,80,76,83,90,89,81,85,86,78,83,74,83,83,84,75,84,87,77,92,80,73,76,82,81,74,83,71,81,84,76,83,82,78,0,0.3,0,0.1,0,0,1.2,0.3,0.1,0,0.7,0.7,0.3,0.1,0.1,0,0,0,0,0,1,0.1,0.3,0.7,0,0.5,0.1,1.3,1.3,0,0.5,0,0.3,0.1,0.1,1.1,0,0.2,0,0.1,7.7,6.8,7.2,11.4,10.1,11.9,13,8.4,13.3,11.5,9.4,10.6,13,10.5,11.9,11.2,10.4,7.8,4.9,9.1,11.7,5.1,13.4,14.2,11.8,14.5,10.8,9.3,12,14.4,13,9.1,11.3,12.2,7.2,11.3,8.4,10.2,8,11.7,,,,,,,,,,,,,,,,,,,,,,,,,,,,,,,,,,,,,,,,,28.3,28.5,27.7,27.9,26.4,28.4,28.3,28,28.4,28.4,28.1,27.6,28.4,28.3,28.1,28.2,27,28.7,28.4,28.5,27.1,25.8,28.7,28.6,28.7,27.7,29.3,28.5,28,27,28.7,78,77,81,81,81,76,81,80,80,79,79,81,72,79,80,77,86,75,77,78,85,92,75,75,73,82,69,76,77,82,71,1.5,0.1,0.5,0.4,0.1,0.3,0,0.4,0.2,0,0.5,1.4,0,0.3,0.1,0,2.1,0,0,0,4.8,3.5,0,0,0,1.3,0,0.7,0.1,1.4,0,43.9,22.3,22.5,45.5,20.1,28,24.3,30.5,36.5,21.7,36,25.4,15.1,38.4,30.6,28.3,49.2,17.3,20.5,23.1,35.2,32.8,25.4,26.3,15,44.9,14.4,36.9,22.9,25.2,14.2,55.4,28.8,26.3,57.2,22.7,35.6,27.7,41,47.9,29.9,45.4,32.4,18.4,49,38.2,38.2,62.3,22.7,25.6,31,45,40.3,34.6,34.6,18,54.7,21.6,51.1,27.7,29.9,18.4,,,,,,22.2204,114.2127
2026-09-13T18:00,29.3,27.9,28.7,28.6,28.2,28.4,27.8,27.6,28.9,27.5,27.2,26.4,27.9,27.5,27.3,29,28,28.7,28.1,27.4,28.2,29.8,27.9,27.8,28.6,27.6,27.9,29.2,28.6,27.6,28.5,28.4,27.6,29.6,27.5,27.6,29,27.3,28.2,28.7,73,86,77,82,81,83,83,83,79,84,90,90,83,86,88,82,86,77,85,85,86,78,85,88,81,92,83,78,81,84,84,78,85,77,83,86,81,85,85,81,0,0.3,0,0.1,0,0,1.2,0.3,0.1,0,0.7,0.7,0.3,0.1,0.1,0,0,0,0,0,1,0.1,0.3,0.7,0,0.5,0.1,1.3,1.3,0,0.5,0,0.3,0.1,0.1,1.1,0,0.2,0,0.1,5.4,5.4,5.5,9.9,7.6,9.7,10.1,7,11.5,10.1,8.4,10.2,10.4,9,10.4,9.7,8.3,5.2,3.5,6.6,10.2,3.1,11.6,13.4,9.6,13,9,6.9,10.1,12.3,10.5,7,9.4,10.4,5.4,9.8,5.8,8.7,5.9,9.8,,,,,,,,,,,,,,,,,,,,,,,,,,,,,,,,,,,,,,,,,28.1,28.3,27.7,27.8,26.6,28.2,28.1,27.9,28.2,28.2,28,27.6,28.2,28.1,27.9,28.1,27.2,28.5,28.3,28.4,26.8,25.9,28.5,28.5,28.4,27.4,29.4,28.4,27.9,27.1,28.6,79,77,82,82,81,77,82,81,80,80,80,81,74,80,81,78,85,77,79,79,87,92,77,76,75,84,69,77,78,81,71,1.6,0.9,0.4,2.5,0.8,0.1,1.7,0.4,0.6,0,0.7,1.7,0.3,0,0.6,0.1,3.2,0.3,0,0.1,12.6,3.6,0.1,0.2,0,1.5,0,0.3,0.1,1.1,0,43.3,23.1,23.6,46.2,20.6,27.1,21.7,31,35.5,19.6,35.3,25.5,15.5,39,31,27.4,49.3,16.9,19.1,22.3,33.4,29.7,25.8,25.4,15.2,42.2,14.9,36.7,21.4,24.9,13.2,54.4,30.6,27.7,57.6,24.1,34.9,25.2,41.8,47.2,27.7,45,33.5,19.1,49.7,38.9,37.8,62.6,23.4,24.8,31,46.4,40.3,36,34.2,18.4,51.5,22,51.8,26.6,31,16.9,,,,,,22.2204,114.2127
2026-09-13T19:00,28.6,27.7,28.1,28.2,27.6,28.1,27.3,27.2,28.3,27.2,27.2,26.3,27.5,27.4,27.1,28.6,27.6,28.1,27.8,27,28,29.4,27.8,27.6,28.1,27.4,27.4,28.5,27.9,27.2,28.1,27.6,27.2,28.7,27.2,27.3,28.3,27,27.8,28.2,78,87,81,84,84,85,84,85,83,86,90,91,85,87,89,85,88,80,87,88,87,80,86,89,85,92,85,82,86,86,86,82,87,82,84,87,84,87,87,83,0,0.3,0,0.1,0,0,1.2,0.3,0.1,0,0.7,0.7,0.3,0.1,0.1,0,0,0,0,0,1,0.1,0.3,0.7,0,0.5,0.1,1.3,1.3,0,0.5,0,0.3,0.1,0.1,1.1,0,0.2,0,0.1,3.7,3.6,4.2,8.4,5.4,8.3,7.6,6,9.7,9,6.9,9.4,8.3,7.6,8.7,7.9,6.1,3.1,2.1,4.5,8.8,2.1,9.8,13,7.8,11.4,7.2,5.1,8.7,10.1,8.1,4.8,8,9,3.6,8.7,4,7.2,4.2,8.3,,,,,,,,,,,,,,,,,,,,,,,,,,,,,,,,,,,,,,,,,28,28.1,27.5,27.7,26.8,28,27.8,27.8,28.2,28,27.9,27.7,28,28,27.8,27.9,27.5,28.3,28.1,28.2,26.4,26.3,28.3,28.4,28.2,27.2,29.4,28.4,27.8,27.3,28.5,79,78,83,82,82,79,84,82,80,82,80,80,76,80,81,78,84,78,81,81,91,89,79,78,77,86,70,77,79,81,72,1.6,0.9,0.4,2.5,0.8,0.1,1.7,0.4,0.6,0,0.7,1.7,0.3,0,0.6,0.1,3.2,0.3,0,0.1,12.6,3.6,0.1,0.2,0,1.5,0,0.3,0.1,1.1,0,41,24,25.7,47,21.1,25.9,18.5,32,34.3,17.7,34.6,26.9,16.4,40.1,32.3,26.3,49.4,16.6,18,21.3,37.2,30.8,26.8,23.8,15.7,37.8,16.1,34.9,19.8,25.8,11.9,52.2,32.8,30.6,58,25.2,34.2,22.7,43.2,45.7,25.2,45,36.4,20.9,51.1,40.7,37.4,64.1,25.2,24.8,31,51.1,42.5,38.2,33.5,19.4,46.4,22.7,51.5,25.9,33.8,15.1,,,,,,22.2204,114.2127
2026-09-13T20:00,28.1,27.5,27.7,27.9,27.2,27.9,27,27,27.9,27,27.2,26.3,27.2,27.2,26.9,28.2,27.3,27.7,27.6,26.8,27.8,29.1,27.6,27.5,27.8,27.3,27,28,27.4,27,27.7,27.1,26.9,28,26.9,27.1,27.8,26.8,27.4,27.8,82,88,83,86,86,86,86,87,85,87,90,91,87,88,90,87,90,82,88,89,88,82,87,89,87,92,87,85,89,87,88,85,89,85,86,88,87,88,89,85,0,0.3,0,0.1,0,0,1.2,0.3,0.1,0,0.7,0.7,0.3,0.1,0.1,0,0,0,0,0,1,0.1,0.3,0.7,0,0.5,0.1,1.3,1.3,0,0.5,0,0.3,0.1,0.1,1.1,0,0.2,0,0.1,2.9,2.5,3.1,7.3,4,7.2,5.8,5,8.6,7.9,6.2,8.6,6.5,6.5,7.3,6.8,4.7,1.6,1,2.6,7.7,2.5,8.3,12.6,6.6,10.5,5.8,3.6,7.6,8.6,6.5,3.3,6.7,7.9,2.5,7.6,2.5,6.1,3.2,7.2,,,,,,,,,,,,,,,,,,,,,,,,,,,,,,,,,,,,,,,,,27.9,28,27.5,27.5,27.1,27.8,27.7,27.7,28.1,27.9,27.8,27.8,27.9,27.9,27.6,27.8,27.7,28.2,28,28,26.1,26.6,28.1,28.3,28,27,29.4,28.3,27.7,27.5,28.4,80,78,84,83,82,80,84,83,80,83,81,79,78,81,82,79,83,79,82,82,93,87,80,79,79,87,70,78,80,80,73,1.6,0.9,0.4,2.5,0.8,0.1,1.7,0.4,0.6,0,0.7,1.7,0.3,0,0.6,0.1,3.2,0.3,0,0.1,12.6,3.6,0.1,0.2,0,1.5,0,0.3,0.1,1.1,0,39.1,24.5,26.8,46.8,20.9,24.5,16,32.9,33.2,15.8,34.2,27.6,16.9,40.3,33.3,25.7,50.1,17.5,16.6,20.2,43.1,33.7,27.4,23,16.2,35,17,34.2,18.7,27.2,11,50,34.2,32.8,58.3,25.6,33.1,20.2,44.3,45,23.4,45,38.2,22.3,51.5,42.1,37.4,65.5,27.7,23.8,31,56.5,44.3,39.6,33.5,20.5,43.6,23,51.5,25.6,36.7,14,,,,,,22.2204,114.2127
2026-09-13T21:00,27.7,27.4,27.5,27.7,27,27.8,26.9,26.8,27.7,26.9,27.2,26.2,27,27.1,26.8,28,27.1,27.4,27.4,26.6,27.6,28.8,27.5,27.5,27.6,27.2,26.8,27.8,27.2,26.8,27.5,26.8,26.7,27.7,26.7,27,27.5,26.7,27.2,27.6,84,89,84,87,87,87,87,88,86,88,90,91,88,89,91,89,91,84,89,90,89,83,88,89,88,92,88,87,90,88,89,87,90,87,87,89,88,89,90,86,0,0,0,0,0,0,0.1,0,0.1,0.2,0,0,0.4,0,0.2,0.1,0,0,0.2,0,0,0,0,1.1,0,0,0,0,0.1,0,0.1,0,0,0.1,0,0.5,0.1,0.3,0.2,0,2.3,1.6,2.1,6.5,3.3,7.2,4.7,4.3,7.9,6.9,5.8,7.9,5.4,5.8,6,5.8,3.7,1.1,0.5,1.5,6.6,3.1,6.8,12.3,5.9,9.7,4.8,3,7.2,7.9,5.6,2.5,6,7.2,1.8,6.9,2.2,5.4,2.7,6.5,,,,,,,,,,,,,,,,,,,,,,,,,,,,,,,,,,,,,,,,,27.8,27.9,27.5,27.1,27.3,27.8,27.8,27.7,28,27.8,27.8,27.8,27.8,27.8,27.5,27.7,27.5,28.2,27.9,28,26.4,26.7,28,28.2,27.9,27.1,29.3,28.2,27.8,27.6,28.4,80,79,83,85,82,81,82,83,80,84,82,79,78,82,83,80,84,78,82,82,91,86,81,80,80,87,71,78,80,80,74,0.6,0.5,1,5.6,0.7,0,2.3,0,1.6,0,4.1,0.9,1.5,0.1,0.6,0.2,2.6,1.3,0.1,0.4,4.2,5.3,0.8,0,0.1,2.5,0,0.4,0.3,0.9,0,37.4,24.6,26,46.4,19.4,22.3,13.7,32.8,32.7,15.1,34.3,26.3,17,39.2,33.3,26.4,51.7,20.2,14.8,19.8,47.9,35.4,26.8,22.7,16.3,35,16.9,36,18.1,28.6,11.4,48.2,34.6,33.1,58.7,24.8,31.3,18,44.6,45.4,22,45.7,36.7,23.4,50,42.5,37.8,67.7,32,21.2,30.2,63.7,45.7,39.2,33.5,20.9,43.9,22.3,52.6,25.9,38.2,14.4,,,,,,22.2204,114.2127
2026-09-13T22:00,27.4,27.3,27.3,27.6,26.8,27.7,26.7,26.8,27.5,26.7,27.2,26.2,26.8,27,26.6,27.8,26.9,27.1,27.2,26.5,27.4,28.5,27.3,27.4,27.5,27.2,26.5,27.6,27.1,26.7,27.3,26.6,26.5,27.4,26.5,26.9,27.2,26.5,26.9,27.3,86,89,85,88,89,87,88,88,87,89,91,92,89,90,92,90,92,85,90,90,90,84,89,89,89,92,90,88,91,88,90,88,91,88,89,89,89,91,90,87,0,0,0,0,0,0,0.1,0,0.1,0.2,0,0,0.4,0,0.2,0.1,0,0,0.2,0,0,0,0,1.1,0,0,0,0,0.1,0,0.1,0,0,0.1,0,0.5,0.1,0.3,0.2,0,2.1,1.1,1.5,5.4,3.3,7.6,3.7,4.2,7.2,6.3,5.4,7.3,4.7,5.4,5.3,5.2,3.4,1.1,0.4,0.8,6,3.2,5.5,12.4,5.8,9.7,4.2,2.7,6.8,7.3,4.7,2.5,5.6,6.5,1.3,6.5,2.2,4.9,2.6,5.8,,,,,,,,,,,,,,,,,,,,,,,,,,,,,,,,,,,,,,,,,27.7,27.9,27.6,26.7,27.5,27.8,28,27.6,28,27.8,27.7,27.8,27.9,27.7,27.5,27.6,27.2,28.3,27.8,28,26.8,26.7,28,28.1,27.9,27.3,29.1,28,27.8,27.6,28.3,81,79,82,88,81,81,80,83,79,84,82,80,78,82,83,81,86,76,82,82,88,85,81,81,80,85,72,79,79,79,74,0.6,0.5,1,5.6,0.7,0,2.3,0,1.6,0,4.1,0.9,1.5,0.1,0.6,0.2,2.6,1.3,0.1,0.4,4.2,5.3,0.8,0,0.1,2.5,0,0.4,0.3,0.9,0,36.2,24.5,24.1,47.5,17.8,19.8,12.4,33,32.2,14.8,34.4,24.3,16.7,37.3,33.3,27.5,54.3,24.4,13.3,19.5,53.8,35.4,25.5,23.1,15.8,36.4,16.4,38.6,17.8,30,11.8,46.8,34.6,32.8,59,23.8,29.2,15.8,44.3,46.4,21.2,46.4,33.8,24.1,47.9,42.1,38.2,70.6,37.4,18,29.5,71.6,46.8,38.2,33.8,20.9,46.1,21.2,53.6,26.3,39.6,15.1,,,,,,22.2204,114.2127
2026-09-13T23:00,27.2,27.2,27.1,27.5,26.7,27.6,26.7,26.8,27.3,26.6,27.2,26.2,26.6,26.9,26.4,27.7,26.8,26.9,27,26.4,27.3,28.2,27.1,27.4,27.4,27.1,26.3,27.5,27,26.6,27.2,26.5,26.4,27.3,26.3,26.8,27,26.3,26.7,27.2,88,90,86,89,90,87,89,88,88,91,91,92,90,91,94,91,93,86,90,89,91,85,91,90,90,91,91,88,90,88,91,89,92,89,90,90,89,92,91,88,0,0,0,0,0,0,0.1,0,0.1,0.2,0,0,0.4,0,0.2,0.1,0,0,0.2,0,0,0,0,1.1,0,0,0,0,0.1,0,0.1,0,0,0.1,0,0.5,0.1,0.3,0.2,0,1.9,1.8,1.1,4.7,3.6,8.4,3.4,3.9,6.9,5.4,5.2,6.7,4,4.8,4.6,4.8,3.4,1.8,1.4,1.1,5.4,3.2,4.7,12.5,5.8,9.4,4.2,2.8,6.8,7,4.3,2.5,5.4,5.9,1.1,5.9,3,4.7,3.2,5.4,,,,,,,,,,,,,,,,,,,,,,,,,,,,,,,,,,,,,,,,,27.6,27.9,27.6,26.4,27.7,27.8,28.1,27.6,27.9,27.8,27.6,27.7,27.9,27.6,27.4,27.5,27,28.3,27.8,27.9,27.2,26.8,27.9,27.9,27.8,27.4,28.9,27.9,27.9,27.7,28.2,81,80,81,90,80,81,78,83,79,84,83,80,78,83,84,81,87,75,82,82,85,84,81,82,80,84,73,79,79,79,75,0.6,0.5,1,5.6,0.7,0,2.3,0,1.6,0,4.1,0.9,1.5,0.1,0.6,0.2,2.6,1.3,0.1,0.4,4.2,5.3,0.8,0,0.1,2.5,0,0.4,0.3,0.9,0,35.4,23.9,22.7,47.5,16.6,18,10.9,32.8,32.3,14.5,34.2,23.6,16.9,36.3,33.3,27.8,55.7,27.6,11.9,19.5,58,35.1,24.1,23.6,16,37.5,15.8,40.1,17.6,31.1,12,46.1,33.8,32,57.2,23,27.7,13.7,44.3,47.5,20.2,45.7,32.4,24.8,46.4,42.1,37.8,71.6,41.8,15.5,29.5,76.7,46.8,36.7,34.2,21.6,47.9,20.5,53.6,27,40.7,15.1,,,,,,22.2204,114.2127
2026-09-14T00:00,27,27.1,27,27.4,26.7,27.6,26.7,26.8,27.2,26.5,27.2,26.2,26.5,26.8,26.2,27.6,26.7,26.8,26.9,26.4,27.1,28,26.9,27.4,27.4,27,26.2,27.5,27,26.5,27.1,26.5,26.3,27.2,26.2,26.8,26.9,26.2,26.5,27,89,90,86,90,90,87,89,88,88,92,92,92,91,91,94,91,94,87,91,89,92,86,92,90,90,91,91,88,89,88,92,90,93,89,91,90,89,94,90,88,0,0,0,0,0,0,0.1,0,0.1,0.2,0,0,0.4,0,0.2,0.1,0,0,0.2,0,0,0,0,1.1,0,0,0,0,0.1,0,0.1,0,0,0.1,0,0.5,0.1,0.3,0.2,0,1.8,2.9,1.6,4.6,4.3,9.1,3.2,3.6,6.2,5,5.4,6.3,3.6,4.6,4.8,4.8,3.6,2.5,2.2,1.8,4.5,3.2,4.7,12.7,5.8,9.5,4.1,3.3,6.9,7.2,3.8,2.9,5.3,5.4,1.4,5.5,3.5,4.4,3.7,4.7,,,,,,,,,,,,,,,,,,,,,,,,,,,,,,,,,,,,,,,,,27.5,27.8,27.7,26.1,27.6,27.7,28,27.6,27.9,27.7,27.5,27.7,27.8,27.5,27.3,27.3,27.1,28.2,27.7,27.8,27.2,26.8,27.9,27.7,27.8,27.3,28.7,27.7,27.9,27.7,28.2,81,81,80,91,80,82,78,83,79,84,84,80,78,83,85,81,86,76,82,82,84,84,80,82,80,83,74,80,79,79,75,0.4,0.2,0.5,6.2,0.9,0,0.1,0,0.2,0.1,3.2,0.6,0.6,0.3,0.6,0.4,2.2,0.9,0.7,0.5,2.5,1.9,1.6,0,0.1,1.3,0,0.2,0.8,2.1,0,35.8,23.1,22,43,16.3,18.4,9.4,33,32.4,13.8,32.4,24.7,18,36.3,33.3,26.7,54,30.4,11.3,19.9,56.5,34.4,23.1,24.5,17,37.6,15.9,39.4,18,31.7,10.5,46.1,32.4,31,51.8,23,27.4,11.5,44.6,47.9,18.4,42.8,33.5,25.9,46.1,41.8,35.3,69.8,44.6,14.8,31,76,44.6,34.6,35.3,23.4,49,20.9,51.8,27.7,41.4,13.3,,,,,,22.2204,114.2127
2026-09-14T01:00,26.9,27,27,27.4,26.6,27.6,26.7,26.9,27.1,26.4,27.3,26.2,26.5,26.8,26.1,27.5,26.6,26.7,26.8,26.4,27,27.8,26.7,27.4,27.3,27,26.1,27.5,27.1,26.5,27,26.5,26.2,27.2,26.1,26.7,26.8,26.2,26.3,27,90,91,87,91,91,87,90,87,88,93,92,92,91,92,95,91,94,88,91,88,93,87,93,90,90,90,92,88,89,87,92,91,93,88,92,90,89,95,90,89,0,0,0,0,0,0,0.1,0,0.1,0.2,0,0,0.4,0,0.2,0.1,0,0,0.2,0,0,0,0,1.1,0,0,0,0,0.1,0,0.1,0,0,0.1,0,0.5,0.1,0.3,0.2,0,1.8,3.6,2.3,4.2,4.3,9.5,2.8,3.3,5.8,4.8,5.6,6,3.3,4.3,5.2,4.9,3.6,2.9,2.9,2.5,3.9,3.2,5.2,12.9,5.9,9.2,3.8,3.9,6.9,7,3.9,3.3,5.7,5.3,1.8,5.2,4.2,4.3,4.2,4.4,,,,,,,,,,,,,,,,,,,,,,,,,,,,,,,,,,,,,,,,,27.5,27.7,27.7,25.9,27.5,27.6,27.9,27.6,27.8,27.5,27.4,27.6,27.7,27.3,27.1,27.1,27.3,28,27.5,27.7,27.1,26.8,27.9,27.5,27.7,27.2,28.4,27.6,27.8,27.7,28.1,80,82,80,91,79,82,78,82,78,83,85,80,79,83,85,80,84,77,81,81,84,83,79,82,81,82,74,80,79,79,75,0.4,0.2,0.5,6.2,0.9,0,0.1,0,0.2,0.1,3.2,0.6,0.6,0.3,0.6,0.4,2.2,0.9,0.7,0.5,2.5,1.9,1.6,0,0.1,1.3,0,0.2,0.8,2.1,0,36.5,22.4,21.6,35.9,16.1,19.4,8,33.5,33.2,12.7,29.8,26.3,19.3,37.1,33.4,24.9,50.9,32.8,11.6,20.8,53.8,32.5,22.1,26,18.4,37.4,16.2,37.7,18.4,32.3,8.6,46.8,30.2,29.9,44.6,23.4,27.4,9.7,45.4,47.9,16.6,38.9,35.6,26.6,46.1,41.4,32,66.6,46.4,14.8,33.1,72.4,41.8,32,36.4,25.9,49.3,22,49,28.1,42.1,10.8,,,,,,22.2204,114.2127
2026-09-14T02:00,26.8,27,27,27.4,26.6,27.6,26.7,26.9,27.1,26.4,27.3,26.2,26.5,26.8,26,27.5,26.6,26.6,26.8,26.4,27,27.7,26.6,27.3,27.3,27,26.1,27.5,27.1,26.5,27,26.5,26.2,27.2,26,26.8,26.7,26.2,26.2,26.9,90,91,87,91,91,87,90,87,88,93,92,92,91,92,95,91,94,88,91,88,93,87,93,90,90,90,92,88,88,87,92,91,93,88,92,90,89,95,90,89,0,0,0,0,0,0,0.1,0,0.1,0.2,0,0,0.4,0,0.2,0.1,0,0,0.2,0,0,0,0,1.1,0,0,0,0,0.1,0,0.1,0,0,0.1,0,0.5,0.1,0.3,0.2,0,1.9,4.1,2.5,3.8,4.3,9.6,2.8,3.4,5.1,4.6,6.1,5.9,2.6,4.2,5.4,5.2,3.7,2.9,3.2,2.9,3.6,3.2,5.8,12.6,6,8.9,3.9,4,6.6,7.1,3.5,3.3,5.9,5.2,1.9,5.2,4.4,4.3,4.5,4.1,,,,,,,,,,,,,,,,,,,,,,,,,,,,,,,,,,,,,,,,,27.5,27.6,27.7,25.7,27.4,27.4,27.8,27.5,27.8,27.4,27.3,27.5,27.6,27.1,27,27,27.5,27.9,27.4,27.7,27,26.8,27.9,27.4,27.6,27,28.2,27.4,27.6,27.5,28.1,80,82,80,91,79,83,79,82,78,82,85,80,79,83,85,80,83,78,81,81,84,83,78,82,81,82,74,81,79,80,75,0.4,0.2,0.5,6.2,0.9,0,0.1,0,0.2,0.1,3.2,0.6,0.6,0.3,0.6,0.4,2.2,0.9,0.7,0.5,2.5,1.9,1.6,0,0.1,1.3,0,0.2,0.8,2.1,0,37.4,21.6,19.8,30.4,16.4,19.8,7.8,34.2,34.3,12.1,27.5,27.8,20,37.5,33.9,23.2,48.9,33.5,12.6,21.7,53.4,31.1,22.1,27,19.3,36.6,16.7,36.4,18.6,32.8,8.1,47.5,28.8,28.8,38.9,24.1,27,9,45.7,48.2,15.5,35.3,37.4,27,46.1,41.8,28.8,64.4,46.1,15.5,34.9,69.1,39.2,31,37.1,26.6,48.6,22.7,46.4,27.7,42.5,10.1,,,,,,22.2204,114.2127
2026-09-14T03:00,26.8,27,26.9,27.3,26.5,27.6,26.7,27,27,26.4,27.4,26.3,26.5,26.8,25.9,27.5,26.6,26.5,26.8,26.4,27,27.6,26.5,27.2,27.3,27.1,26.1,27.4,27.1,26.5,27,26.5,26.3,27.3,26,26.8,26.6,26.3,26.1,26.9,90,91,87,91,91,87,90,87,88,93,92,92,91,92,94,90,93,88,91,88,93,87,93,90,90,90,92,88,88,87,92,91,93,87,92,89,89,95,90,89,0,0,0,0,0.1,0,0,0,0.1,0,0,0,0,0,0,0,0,0,0,0,0,0,0,1.2,0,0.1,0,0,0,0,0,0,0,0,0,0.1,0.1,0,0.5,0,1.9,4.3,2.5,3.6,3.6,8.9,2.4,3.4,4.3,4.5,6.4,5.9,1.8,3.8,5.8,5.2,3.8,2.5,3.3,3,3.1,3.2,6.2,12.3,5.8,8.3,3.9,3.8,5.9,7.2,3.3,3.1,6.2,5.1,2.1,5.2,3.8,4.4,4.3,3.5,,,,,,,,,,,,,,,,,,,,,,,,,,,,,,,,,,,,,,,,,27.4,27.5,27.5,25.5,27.4,27.3,27.6,27.2,27.7,27.3,27.2,27.5,27.4,27,27,26.9,27.5,27.7,27.4,27.6,27,26.9,27.8,27.3,27.5,26.8,27.9,27.3,27.2,26.9,28,80,82,80,92,79,83,79,82,78,82,85,80,80,83,84,80,83,79,80,80,83,82,78,82,81,83,74,81,81,83,75,0.2,0,2.2,11.9,0.8,0.1,0.7,0,0.6,0.2,2.1,1.3,0.1,0.6,0.6,0.3,2.3,0.1,0.3,0.6,1.7,0.2,0.5,0,0,5.2,0,0.1,1.4,5.3,0,38.2,21.4,17.5,27.7,17.6,18.7,8.7,35.5,36.4,12.2,25.6,28.6,19.8,36.7,34.6,21.6,49.3,31.1,14.2,23.2,52.2,29.6,23.7,26.8,18.4,35.3,16.9,36.5,18.5,33.4,9.9,48.6,28.1,29.5,36,25.6,25.2,9.7,46.1,49,15.5,32,38.9,25.9,45.4,42.8,26.6,64.4,42.5,17.3,36,67.3,38.2,32.4,36.4,24.5,46.4,22.3,45.4,26.3,42.5,13,,,,,,22.2204,114.2127
2026-09-14T04:00,26.7,27.1,26.9,27.2,26.3,27.6,26.7,27,26.9,26.4,27.4,26.3,26.5,26.8,25.8,27.6,26.7,26.5,26.8,26.4,27,27.6,26.4,27.1,27.2,27.1,26.1,27.3,27,26.5,27,26.5,26.4,27.3,26,26.9,26.5,26.4,26,27,90,92,88,91,92,87,91,87,89,93,91,92,91,92,93,89,92,88,90,88,93,87,92,91,90,90,91,89,88,87,92,92,92,86,93,89,90,94,90,89,0,0,0,0,0.1,0,0,0,0.1,0,0,0,0,0,0,0,0,0,0,0,0,0,0,1.2,0,0.1,0,0,0,0,0,0,0,0,0,0.1,0.1,0,0.5,0,1.6,4.3,2.3,3.4,2.9,7.9,2.2,3.6,3.2,4.5,7.1,5.6,1.8,3.6,6,5.5,3.6,1.9,3.3,3.1,2.6,3.2,5.9,12,6,7.8,4,3.3,5.5,7.2,3.3,2.9,6.1,4.8,2,5.4,3.1,4.3,4.2,3.2,,,,,,,,,,,,,,,,,,,,,,,,,,,,,,,,,,,,,,,,,27.4,27.4,27.3,25.2,27.4,27.2,27.4,26.8,27.5,27.3,27.1,27.5,27.3,27,27,26.9,27.5,27.5,27.3,27.6,27.1,27,27.6,27.2,27.4,26.5,27.7,27.2,26.6,26.1,27.9,80,81,80,94,80,83,80,81,78,82,85,79,80,82,83,80,83,79,80,80,81,82,79,81,82,85,73,81,84,87,76,0.2,0,2.2,11.9,0.8,0.1,0.7,0,0.6,0.2,2.1,1.3,0.1,0.6,0.6,0.3,2.3,0.1,0.3,0.6,1.7,0.2,0.5,0,0,5.2,0,0.1,1.4,5.3,0,39,21.4,19,26.8,19.7,17.3,10.5,37.8,39.3,12.6,24.1,29.5,19.2,36,35.5,20.2,50.9,27.2,15.8,24.9,51,28.7,26,26,16.7,33,16.8,36.6,19.1,33.8,12.5,50,28.1,30.6,34.2,27,22.7,11.2,46.1,50,16.6,29.5,40,24.5,43.9,44.3,24.8,65.5,36.7,19.4,36.7,65.9,37.4,35.3,35.3,20.5,43.2,21.6,45,24.1,42.5,17.3,,,,,,22.2204,114.2127
2026-09-14T05:00,26.8,27.1,26.9,27.2,26.1,27.6,26.7,27,26.8,26.5,27.5,26.4,26.6,26.9,25.7,27.7,26.8,26.5,26.8,26.4,27,27.7,26.4,26.9,27.1,27.1,26.3,27.2,27,26.5,27.1,26.5,26.5,27.5,26.1,27.1,26.4,26.5,25.9,27.1,90,92,88,91,92,87,91,88,90,92,90,92,90,91,92,87,91,87,89,88,93,87,92,91,89,90,90,89,88,86,92,92,91,85,93,87,90,93,90,89,0,0,0,0,0.1,0,0,0,0.1,0,0,0,0,0,0,0,0,0,0,0,0,0,0,1.2,0,0.1,0,0,0,0,0,0,0,0,0,0.1,0.1,0,0.5,0,1.3,4.3,2,3.2,1.9,6.5,2.2,4,1.9,4.7,8,5.6,2.4,3.4,6.3,5.8,3.7,1,3.4,2.9,2.5,2.9,5.8,11.5,5.8,6.9,4.7,2.6,5.1,7.2,3.4,2.8,6.1,5.1,1.8,5.8,2.6,4.1,4.5,2.6,,,,,,,,,,,,,,,,,,,,,,,,,,,,,,,,,,,,,,,,,27.3,27.3,27.1,25,27.4,27.2,27.3,26.6,27.5,27.3,27,27.5,27.2,27,27.1,27,27.4,27.4,27.4,27.6,27.1,27.1,27.5,27.2,27.3,26.1,27.6,27.2,26.2,25.6,27.8,80,80,80,95,80,83,80,81,78,81,84,79,80,82,82,80,83,79,79,79,80,81,80,81,82,87,72,81,85,90,76,0.2,0,2.2,11.9,0.8,0.1,0.7,0,0.6,0.2,2.1,1.3,0.1,0.6,0.6,0.3,2.3,0.1,0.3,0.6,1.7,0.2,0.5,0,0,5.2,0,0.1,1.4,5.3,0,40.1,21.9,20.5,27.4,22.6,15.6,11.7,39.4,41,13.7,23.8,30.1,18.6,35.3,36.7,19.3,51.9,23.4,17.3,25.9,50,29,27.9,25.2,14.3,27.4,16.9,36.7,18.8,34.2,14.5,51.5,28.8,28.8,34.2,29.2,20.5,12.6,46.1,50.4,18,28.4,40.7,23,43.6,45.7,23.4,66.2,31.3,21.6,37.1,64.8,37.4,37.1,33.8,16.9,38.5,21.2,44.6,21.6,42.5,20.5,,,,,,22.2204,114.2127
2026-09-14T06:00,26.9,27.2,27,27.2,26.1,27.7,26.7,27.1,26.8,26.7,27.6,26.5,26.8,27,25.7,27.8,26.9,26.6,27,26.5,27.2,27.8,26.4,26.8,27.2,27.3,26.4,27.2,27,26.6,27.2,26.6,26.7,27.6,26.2,27.2,26.4,26.8,25.9,27.2,89,92,88,91,92,86,91,88,90,91,89,92,89,90,90,84,89,86,88,88,92,87,91,91,88,89,89,89,88,86,92,92,89,83,92,86,90,92,89,89,0,0,0,0,0.1,0,0,0,0.1,0,0,0,0,0,0,0,0,0,0,0,0,0,0,1.2,0,0.1,0,0,0,0,0,0,0,0,0,0.1,0.1,0,0.5,0,1.3,4.3,1.9,3.3,1.6,5.5,2.4,4.4,1.5,5.1,9,5.1,3.6,3.6,6.4,5.8,3.9,0.8,3.1,2.8,2.7,2.9,5.8,11,5.7,6.2,4.7,2.6,5.1,7.2,3.7,2.5,5.8,4.8,2.1,6.2,2.5,4.4,5,2.3,,,,,,,,,,,,,,,,,,,,,,,,,,,,,,,,,,,,,,,,,27.2,27.4,27,24.9,27.4,27.3,27.3,26.5,27.5,27.3,27,27.5,27.3,27,27.2,27,27.5,27.4,27.5,27.7,27.2,27.1,27.4,27.3,27.4,25.5,27.5,27.2,26.2,25.5,27.8,80,79,78,95,80,82,79,81,78,80,83,80,79,81,81,80,83,79,79,79,80,80,80,80,82,89,71,81,84,91,76,0.1,0,0.4,14.5,0.3,0,0.7,0,0,0.4,1.9,0.4,0.1,0.6,0.1,0.1,3.1,0,0,0.3,1.6,0.8,0,0.1,0,11.6,0,0,0.1,3.5,0,41.4,23.2,15.1,29.2,25.4,14.4,12.4,40.4,40.9,15.8,25.8,30.1,17.9,36,38,18.5,52.2,19.4,17.6,25.8,48.8,29.3,28.7,24.6,11.8,15.4,17.5,36.4,16.9,34.5,15,52.6,30.6,21.2,35.6,32,19.1,13.7,46.1,50,20.2,31,40.3,22.7,44.3,47.2,23,66.6,26.3,23,37.1,64.1,37.4,37.8,33.1,13.7,29.2,21.6,44.3,19.1,42.8,20.5,,,,,,22.2204,114.2127
2026-09-14T07:00,27,27.5,27.2,27.4,26.1,27.9,27,27.3,26.9,27,27.8,26.6,27,27.3,25.9,28,27.2,26.7,27.2,26.7,27.4,27.9,26.6,26.7,27.3,27.5,26.7,27.3,27.2,26.8,27.5,26.8,27,27.9,26.5,27.5,26.6,27.1,26.1,27.5,88,91,88,89,92,86,90,87,89,89,87,92,88,88,88,82,87,85,87,88,91,86,89,91,87,89,87,89,88,85,90,91,87,81,91,84,89,90,88,88,0,0,0,0,0.1,0,0,0,0.1,0,0,0,0,0,0,0,0,0,0,0,0,0,0,1.2,0,0.1,0,0,0,0,0,0,0,0,0,0.1,0.1,0,0.5,0,1.5,4.1,1.8,3.8,1.8,4.5,2.9,4.5,1.8,5.1,9.6,5.1,4.6,3.6,6.1,6.1,4,1.5,3.2,2.5,3.4,2.7,5.8,10.2,5.9,5.9,5.1,2.5,5.3,7.2,4.2,2.6,5.8,5.1,1.9,6.5,2.9,4.3,5.8,2.4,,,,,,,,,,,,,,,,,,,,,,,,,,,,,,,,,,,,,,,,,27.2,27.5,27,25,27.5,27.4,27.4,26.6,27.6,27.4,27.1,27.4,27.4,27.1,27.2,27.1,27.5,27.4,27.6,27.8,27.4,27.2,27.4,27.4,27.5,24.8,27.4,27.2,26.4,25.6,27.8,80,78,75,94,80,81,78,80,78,78,83,81,77,81,80,79,83,78,79,78,81,79,80,80,81,92,71,80,82,90,76,0.1,0,0.4,14.5,0.3,0,0.7,0,0,0.4,1.9,0.4,0.1,0.6,0.1,0.1,3.1,0,0,0.3,1.6,0.8,0,0.1,0,11.6,0,0,0.1,3.5,0,42.8,25,6.6,31.9,27.9,13.6,12.7,41.2,40,18.2,29.3,29.8,17.6,37.2,39.4,18.3,52,16.2,17.7,25.3,49.1,29.7,28.8,24,8.9,1.8,17.9,35.8,14,34.9,14.9,53.3,32.8,10.8,38.9,34.9,17.6,14.8,46.1,49.3,23,34.9,39.6,22.7,45.7,48.6,22.7,66.2,22,23.8,36.7,63.7,37.8,37.4,32,10.8,18.4,22.7,43.9,16.9,43.2,19.1,,,,,,22.2204,114.2127
2026-09-14T08:00,27.2,28,27.6,27.8,26.4,28.2,27.3,27.7,27.2,27.4,28.2,26.9,27.4,27.7,26.2,28.3,27.6,27,27.5,27.1,27.8,28.2,27,26.6,27.6,27.8,27.1,27.6,27.5,27.1,27.9,27.1,27.4,28.3,27,27.9,27,27.5,26.4,27.9,86,89,86,87,90,84,88,85,88,87,85,90,86,86,85,80,85,84,85,86,89,85,86,91,85,87,85,87,86,83,88,89,85,79,89,82,87,87,86,86,0,0,0,0,0.1,0,0,0,0.1,0,0,0,0,0,0,0,0,0,0,0,0,0,0,1.2,0,0.1,0,0,0,0,0,0,0,0,0,0.1,0.1,0,0.5,0,1.8,4.2,1.8,4.1,2.3,4.2,2.7,4.7,2.6,5.1,10.2,5.1,4.9,3.6,6,6.1,4.3,1.8,3.4,2.3,3.5,2.7,5.6,9.8,5.6,5.6,4.7,2.3,5.6,7.4,4.5,2.9,5.4,4.8,1.6,6.8,3.4,4.4,6.2,2.7,,,,,,,,,,,,,,,,,,,,,,,,,,,,,,,,,,,,,,,,,27.2,27.6,27.1,25,27.6,27.6,27.5,26.7,27.7,27.6,27.2,27.4,27.6,27.2,27.4,27.3,27.4,27.6,27.8,27.9,27.3,27.3,27.5,27.6,27.8,24.4,27.6,27.3,26.8,25.8,27.9,80,77,73,94,79,79,77,80,78,77,82,82,75,80,79,78,84,77,78,78,82,78,79,79,79,94,70,79,79,89,75,0.1,0,0.4,14.5,0.3,0,0.7,0,0,0.4,1.9,0.4,0.1,0.6,0.1,0.1,3.1,0,0,0.3,1.6,0.8,0,0.1,0,11.6,0,0,0.1,3.5,0,43.8,25.8,3,35,29.8,13,12.1,40.7,38.9,20,31.8,30.2,17.6,38.1,40.3,17.8,51,14.8,18.6,24.2,50.9,30.4,28.1,23.2,7.1,11.6,18.4,35.1,11.6,35.6,14.8,53.6,33.8,4.3,42.5,37.1,16.6,14.8,45,48.6,24.8,37.8,39.6,22.7,46.4,49.3,22.3,65.2,19.8,24.8,34.9,64.4,38.5,36.4,30.6,9.4,14,23.4,43.6,14.4,43.9,18,,,,,,22.2204,114.2127
2026-09-14T09:00,27.5,28.8,28.2,28.6,27.1,28.7,28,28.3,27.9,28.1,28.7,27.4,28.1,28.4,27,28.8,28.2,27.4,28,27.8,28.4,28.6,27.8,26.7,28.3,28.3,27.7,28.2,28.2,27.6,28.6,27.6,28.1,28.9,27.8,28.5,27.7,28.2,27.2,28.5,83,85,83,83,87,81,84,81,85,83,81,87,83,82,81,77,82,82,82,83,85,83,82,90,82,84,82,83,83,80,84,86,81,76,85,79,83,83,83,83,0,0,0,0,0.1,0,0,0,0,0,0,0,0,0,0,0.4,0.1,0.2,0.5,0,0,0.2,0,0.4,0.1,0.2,0,0,0.1,0,0,0.1,0,0.1,0,0,0,0,0.1,0.1,2.9,4.9,1.3,4.7,2.6,4.5,2.9,5.1,3.4,4.7,10.9,5.5,4.7,3.3,5.5,6.1,4.8,2,4,2,4,2.7,5.9,9.3,5.4,5.9,4,2.2,6,7.6,5.2,3.4,5.4,4.9,1.3,7.1,3.9,4.7,6.1,3.9,,,,,,,,,,,,,,,,,,,,,,,,,,,,,,,,,,,,,,,,,27.3,27.9,27.6,25,27.9,27.9,27.8,26.7,27.8,27.9,27.4,27.5,27.9,27.4,27.6,27.6,27.1,28.1,28,28.2,27,27.4,27.7,27.9,28.4,24.8,28,27.5,27.4,26,28.3,79,76,71,94,78,77,75,80,77,76,81,81,73,79,79,77,86,75,77,77,85,77,78,78,76,94,69,78,75,87,73,0.2,0.1,0.8,13.8,0.1,0,0,0.2,0.2,0,1.9,0.3,0,0.1,0,0.1,5.3,0,0,0.2,8.1,0.3,0,0,0.1,17.2,0,0,0,0.9,0,44.8,25.3,3,39,30.2,13.2,10.4,38.3,38,20.6,31.4,32.2,17.7,38,40.3,17,49.2,17.6,20.7,22.8,53.2,31.7,26.5,21.7,6.8,18.7,18.8,34.7,10,36.8,15.5,54,32.4,5.4,47.2,37.8,15.8,13,42.1,47.5,25.6,37.8,41,23,45.7,49,20.9,62.3,22.7,26.6,31.3,67.3,39.6,33.8,28.1,9.7,22.3,24.1,43.2,11.9,44.6,18.7,,,,,,22.2204,114.2127
2026-09-14T10:00,28,29.9,29.2,29.8,28.1,29.4,29,29.3,28.8,29,29.6,28.1,29.1,29.3,28.1,29.4,29,27.9,28.7,28.8,29.4,29.1,29,26.9,29.2,29.1,28.5,29.2,29.1,28.4,29.7,28.4,29,29.7,29,29.3,28.8,29,28.3,29.3,79,79,77,76,82,77,78,75,80,78,77,83,78,76,76,74,77,80,79,78,79,80,76,89,77,80,77,78,78,76,78,81,76,72,78,74,78,77,78,78,0,0,0,0,0.1,0,0,0,0,0,0,0,0,0,0,0.4,0.1,0.2,0.5,0,0,0.2,0,0.4,0.1,0.2,0,0,0.1,0,0,0.1,0,0.1,0,0,0,0,0.1,0.1,4.3,6.2,1.4,5.5,3.3,5.6,4,5.7,4.6,4.4,11.6,6.5,5,3.3,5.5,6.5,5.4,2,5.4,1.5,5.4,3.1,6.9,8.8,5.1,6.6,3.6,3.9,6.6,8.1,6.5,4.1,5.9,5.5,1.5,7.6,4.7,5.4,6.2,5,,,,,,,,,,,,,,,,,,,,,,,,,,,,,,,,,,,,,,,,,27.5,28.1,28.1,24.9,28.3,28.3,28.2,26.8,28,28.3,27.6,27.8,28.3,27.7,27.8,28.1,26.7,28.8,28.2,28.5,26.6,27.5,27.9,28.2,29.3,25.5,28.5,27.7,28.3,26.3,28.9,78,75,70,94,77,75,74,80,77,74,80,80,72,79,78,75,89,72,75,76,88,77,76,76,71,94,67,76,71,85,70,0.2,0.1,0.8,13.8,0.1,0,0,0.2,0.2,0,1.9,0.3,0,0.1,0,0.1,5.3,0,0,0.2,8.1,0.3,0,0,0.1,17.2,0,0,0,0.9,0,45.1,24.4,7.4,43.5,30,13.6,7.9,34.9,37.3,20.3,30.2,34.5,18.3,37.6,39.5,15.8,46.9,22.2,23.3,20.3,56.2,33.1,24.4,20.2,7.7,27.3,19.7,34.1,8,37.8,16.4,54,29.9,9.7,52.2,37.4,15.5,9.7,38.5,46.4,25.6,36.4,43.2,23.8,44.6,47.9,19.1,58,28.1,28.4,26.6,71.3,40.7,30.6,24.5,11.5,37.1,24.5,42.5,9.7,45.7,19.8,,,,,,22.2204,114.2127
2026-09-14T11:00,28.5,31.1,30.3,31.1,29.3,30.3,30.1,30.4,29.9,30.1,30.5,28.9,30.1,30.4,29.3,30.1,30,28.5,29.5,30,30.5,29.7,30.4,27.1,30.3,30,29.4,30.2,30.2,29.3,30.8,29.2,30.1,30.6,30.3,30.2,30,29.9,29.6,30.3,75,73,72,69,77,72,71,68,75,73,71,78,73,69,70,71,72,77,75,73,73,76,69,87,72,75,72,72,73,72,72,76,71,68,71,70,72,71,73,73,0,0,0,0,0.1,0,0,0,0,0,0,0,0,0,0,0.4,0.1,0.2,0.5,0,0,0.2,0,0.4,0.1,0.2,0,0,0.1,0,0,0.1,0,0.1,0,0,0,0,0.1,0.1,6,7.6,3.1,7.1,4,7,5.9,6.7,5.6,5.5,12.3,8,6.2,4.2,6.7,6.6,6.6,2.1,7.1,1.6,7.5,3,8.4,8.8,4.9,7.3,4.7,6.4,7.4,8.7,9.1,5.1,7.2,6,2.6,8.3,5.8,6.6,6.5,7.1,,,,,,,,,,,,,,,,,,,,,,,,,,,,,,,,,,,,,,,,,27.7,28.4,28.5,24.9,28.5,28.6,28.5,27,28.2,28.6,27.8,28,28.6,28,27.9,28.6,26.5,29.3,28.4,28.8,26.2,27.6,28.2,28.5,29.9,26.1,29,28,28.9,26.6,29.2,77,74,70,94,76,73,72,80,76,73,79,79,71,78,78,73,90,70,74,75,91,76,75,75,68,93,66,75,68,83,68,0.2,0.1,0.8,13.8,0.1,0,0,0.2,0.2,0,1.9,0.3,0,0.1,0,0.1,5.3,0,0,0.2,8.1,0.3,0,0,0.1,17.2,0,0,0,0.9,0,45,23.6,11.4,47.3,29.5,13.1,5.9,32.1,36.4,20,28.5,36.4,18.7,36.8,38.9,13.9,44.1,24.8,24.6,17.7,58,34.2,22.6,18.3,7.8,34.8,19.9,33.5,6.2,38.8,16,53.6,27.7,13.3,56.9,36.7,15.5,7.6,35.3,45.7,24.8,34.2,44.6,24.1,43.6,46.4,16.9,54,31.3,28.8,22.3,73.4,41.4,27.7,21.6,13.3,48.2,24.8,41.8,7.9,46.4,20.2,,,,,,22.2204,114.2127
2026-09-14T12:00,29,32.3,31.3,32.4,30.4,31,31.1,31.4,30.9,31,31.3,29.6,31.1,31.5,30.5,30.8,30.9,29.1,30.2,31,31.5,30.3,31.6,27.4,31.4,30.8,30.2,31.3,31.2,30.1,31.9,30,31.1,31.4,31.5,31.1,31.2,30.8,30.8,31.2,71,67,66,63,72,68,65,62,70,68,66,73,68,63,65,68,68,75,72,69,67,73,62,85,67,71,67,66,68,68,65,71,65,64,64,65,67,65,68,68,0,0,0,0,0.1,0,0,0,0,0,0,0,0,0,0,0.4,0.1,0.2,0.5,0,0,0.2,0,0.4,0.1,0.2,0,0,0.1,0,0,0.1,0,0.1,0,0,0,0,0.1,0.1,7.6,9.1,4.6,8.6,4.7,8.3,7.7,8.1,6.6,7.1,12.6,9.4,7.7,5.8,8.7,6.8,7.8,2.3,8.6,2.3,9.7,3.3,10.5,8.4,4.4,8.2,6.1,9.1,8.4,9.4,11.1,5.9,8.4,6.9,3.6,8.6,7,8.1,6.8,8.4,,,,,,,,,,,,,,,,,,,,,,,,,,,,,,,,,,,,,,,,,27.8,28.5,28.3,25,28.6,28.8,28.7,27.2,28.4,28.7,27.9,28.2,28.7,28.1,28.1,29,26.8,29.4,28.5,29.2,26.1,27.7,28.4,28.7,30,26.3,29.3,28.1,29.1,27.1,29.2,76,73,71,93,76,72,71,79,75,73,78,79,70,77,78,71,89,69,73,73,91,75,74,74,67,91,66,75,67,81,68,0.3,0.2,0.9,6.4,0.3,0,0.1,0,0,0,0.7,0.3,0,0,0,0,2.2,0,0,0,17.3,0.3,0.3,0,0.1,7.3,0,0,0,0.7,0,43.3,23.1,11.7,50.6,28.6,11.6,3.2,30.1,35.5,19.3,26.6,36.9,18,35.8,38,11.8,39.3,22.9,23.4,14.1,57.3,34.6,21.8,16.6,6.9,38.2,19.1,32.2,3.8,39,14.2,52.2,26.3,13.3,60.8,35.6,15.8,6.5,33.1,45.4,23.4,31.7,44.6,23.8,42.8,45,14.8,50,28.8,27,18.4,72,41.4,26.3,19.1,15.5,51.5,24.5,40,6.5,47.2,19.1,,,,,,22.2204,114.2127
2026-09-14T13:00,29.4,33.3,32.1,33.4,31.2,31.6,32,32.1,31.7,31.8,31.9,30.1,31.8,32.2,31.4,31.2,31.5,29.6,30.8,31.8,32.2,30.7,32.6,27.5,32.2,31.3,30.9,32,31.9,30.7,32.7,30.7,31.8,32,32.5,31.7,32.1,31.5,31.7,31.9,67,62,62,57,68,65,60,58,66,64,62,70,64,59,61,66,64,73,69,65,63,70,58,84,63,67,64,61,64,65,60,68,62,62,59,62,63,61,64,64,0,0,0,0,0.1,0,0,0,0,0,0,0,0,0,0,0.4,0.1,0.2,0.5,0,0,0.2,0,0.4,0.1,0.2,0,0,0.1,0,0,0.1,0,0.1,0,0,0,0,0.1,0.1,8.7,10.2,5.9,9.7,4.7,9,9.4,9,7.3,8.7,12.6,10.5,8.9,6.8,10,7.1,8.9,2.2,9.5,2.9,11.7,3.3,12.1,7.6,3.9,9.2,7.6,11.1,9.2,9.4,12.9,6.4,9.6,7.2,4.3,8.7,7.9,9.2,7.4,9.5,,,,,,,,,,,,,,,,,,,,,,,,,,,,,,,,,,,,,,,,,27.9,28.6,27.9,25.2,28.6,29,28.7,27.5,28.5,28.6,28,28.3,28.8,28.2,28.2,29.4,27.2,29.4,28.6,29.5,26.2,27.9,28.7,29,30,26.5,29.4,28.3,29.1,27.6,29.1,76,73,73,92,76,71,70,77,74,73,78,78,70,76,77,70,87,70,72,72,91,75,73,72,67,89,66,75,67,78,69,0.3,0.2,0.9,6.4,0.3,0,0.1,0,0,0,0.7,0.3,0,0,0,0,2.2,0,0,0,17.3,0.3,0.3,0,0.1,7.3,0,0,0,0.7,0,41.1,22.3,10.6,53.2,27.1,12.4,2.2,28.1,34.5,18.5,24.6,37,17.4,34.9,36.4,9.5,33.4,18.8,21.3,11.1,55.1,34.6,21.5,14.8,10.8,39.3,18.2,30.9,1.4,39.6,13.3,50.4,25.2,12.2,64.1,33.8,16.6,6.5,31.7,45,21.6,28.8,43.9,23.4,42.5,43.6,12.6,46.1,24.1,24.1,14.8,69.1,41,25.6,16.9,17.6,51.5,23.4,37.8,5.8,47.5,17.6,,,,,,22.2204,114.2127
2026-09-14T14:00,29.5,33.8,32.5,34,31.6,31.7,32.3,32.4,32.1,32.1,32.2,30.4,32,32.6,31.8,31.4,31.9,29.9,31.1,32.1,32.5,30.9,33.1,27.5,32.5,31.5,31.2,32.4,32.1,30.9,33.1,31,32.1,32.2,32.9,31.9,32.5,31.7,32.1,32.2,66,59,60,54,66,64,58,56,64,62,61,68,63,57,60,66,63,72,68,64,61,69,56,84,62,66,62,59,63,64,58,66,60,61,57,61,61,59,63,62,0,0,0,0,0.1,0,0,0,0,0,0,0,0,0,0,0.4,0.1,0.2,0.5,0,0,0.2,0,0.4,0.1,0.2,0,0,0.1,0,0,0.1,0,0.1,0,0,0,0,0.1,0.1,9.4,10.4,6.1,10,4.8,9.3,9.8,9.1,7.3,9.4,12.2,10.9,9.4,7.3,10.6,6.9,9,2.2,10,3.4,12.5,3.2,12.8,6.8,3.6,9.2,8,12.1,9.4,9.4,13.6,6.5,10,7.2,4.4,8.4,8.1,9.2,7.7,9.7,,,,,,,,,,,,,,,,,,,,,,,,,,,,,,,,,,,,,,,,,28,28.6,27.7,25.3,28.5,29,28.7,27.7,28.5,28.6,28.1,28.3,28.8,28.3,28.2,29.6,27.5,29.3,28.7,29.7,26.3,28,28.8,29.1,29.9,26.7,29.6,28.3,29,27.9,29,76,73,75,91,76,71,70,75,74,73,78,78,70,76,77,69,85,70,72,71,90,74,72,71,67,87,67,75,68,77,70,0.3,0.2,0.9,6.4,0.3,0,0.1,0,0,0,0.7,0.3,0,0,0,0,2.2,0,0,0,17.3,0.3,0.3,0,0.1,7.3,0,0,0,0.7,0,39.6,21.2,9.6,54.4,26,15.1,3.6,26.3,33.7,17.4,22.3,36.1,17.1,33.8,34.9,8,30,16.2,19.2,10.2,53,34.4,21,13.9,15.3,40.2,17.7,29.9,2.5,39.8,14,49,23.8,11.5,66.2,32.4,17.3,7.2,30.2,44.6,19.8,25.6,43.2,22.7,42.1,41.8,10.8,43.9,20.9,21.6,12.6,65.5,40.7,24.5,15.5,19.1,52.2,22.7,36.7,5.8,47.5,15.8,,,,,,22.2204,114.2127
2026-09-14T15:00,27.5,30.1,28.8,30.3,27.1,27.7,28.1,28,28.2,28,28.4,27.2,26.9,28.3,27.1,27.8,28.4,28,28.6,27.2,27.9,28.6,27.8,26,28.3,27.4,27.7,28.2,26.5,27.4,29.2,28,28.1,28.2,27.6,27.9,27.7,27.9,26.5,28.8,83,80,82,76,88,85,84,87,87,85,84,88,86,85,86,84,83,81,81,88,87,81,86,96,84,86,81,84,87,85,82,86,84,80,87,83,85,86,87,83,0,0,0.1,0,1.4,0.6,0,0,0.3,0,0,0,1,0,0,1.1,0.1,0.1,0.2,2.1,0.7,0.3,0.2,2.6,0.2,0.5,0,0,2,0.1,0.1,0.4,0.2,0.5,0,0,0.2,0,0.7,0,2.5,1.8,2.5,2.6,1.1,2.6,2.5,2.3,2.2,1.9,5.4,3,1.8,2.2,1.1,3.1,2.6,1.9,2.5,1.6,2.2,3.2,1,1.1,3.3,4.8,1.8,3.1,3.4,4,2,1.5,0.8,1.6,4,0.7,0.5,1.3,3.8,1.5,,,,,,,,,,,,,,,,,,,,,,,,,,,,,,,,,,,,,,,,,28,28.5,27.7,25.4,28.5,28.9,28.6,27.7,28.5,28.5,28.2,28.3,28.8,28.2,28.1,29.5,27.5,29.2,28.6,29.5,26.4,28,28.7,29.1,29.8,26.9,29.7,28.3,28.9,27.8,29,76,73,75,91,77,72,71,74,75,73,78,78,71,76,77,69,85,70,72,72,89,73,72,71,68,86,67,75,69,77,70,0.2,0,0,11.1,0,0.5,0.4,0,0,0.1,0.1,0.6,0,0,0,0,2,0.3,0,0.2,6,0.7,0,0,0,6.6,0,0.1,0,0.7,0,38.2,19.5,10,53.5,24.9,16.4,5.4,24.2,33.4,15.9,19.9,34.2,17.3,32.4,33.5,7.4,31.8,16.6,17.6,11,50.4,33.7,19.9,13.8,16.3,41.4,16.9,29.5,5.8,38.8,13.2,48.6,22.3,12.2,66.2,31.3,17.6,8.6,28.4,44.6,18.4,22.3,42.1,22,41.4,40.3,9.4,45,20.9,20.2,12.2,61.9,40.3,22.3,14.8,19.4,55.1,22,37.1,7.6,46.4,14,,,,,,22.2204,114.2127
2026-09-14T16:00,27.6,30.4,29,30.6,27.3,27.6,28.3,28,28.3,28.1,28.4,27.3,26.8,28.4,27.2,27.7,28.5,28.2,28.7,27.2,27.9,28.7,28,25.9,28.4,27.3,27.8,28.3,26.4,27.4,29.4,28.1,28.2,28.2,27.6,27.9,27.8,27.9,26.5,28.9,83,78,82,74,88,85,83,87,87,84,84,88,86,84,86,85,83,81,80,88,87,81,86,96,84,86,80,83,87,86,81,85,84,81,87,83,85,86,87,83,0,0,0.1,0,1.4,0.6,0,0,0.3,0,0,0,1,0,0,1.1,0.1,0.1,0.2,2.1,0.7,0.3,0.2,2.6,0.2,0.5,0,0,2,0.1,0.1,0.4,0.2,0.5,0,0,0.2,0,0.7,0,2.5,2.3,2.6,2.5,1.5,2.3,3.3,2.6,2.2,2.2,4.7,2.5,1,2.6,1.5,2.6,2.1,1.6,2.3,2.1,2.2,3.5,1.8,0.8,3.2,4.7,2.1,4.1,3.1,3.3,1.5,2.1,0.5,1.1,4.7,0.4,1,2.3,3.9,1.6,,,,,,,,,,,,,,,,,,,,,,,,,,,,,,,,,,,,,,,,,28,28.4,28,25.3,28.4,28.7,28.5,27.7,28.4,28.5,28.2,28.3,28.8,28.1,27.9,29.1,27.2,29.1,28.5,29.2,26.5,27.9,28.6,28.9,29.6,27.2,29.7,28.2,28.7,27.5,29,76,73,74,91,77,73,72,73,76,74,78,77,72,77,78,69,86,71,73,73,89,73,73,71,69,85,68,76,71,78,70,0.2,0,0,11.1,0,0.5,0.4,0,0,0.1,0.1,0.6,0,0,0,0,2,0.3,0,0.2,6,0.7,0,0,0,6.6,0,0.1,0,0.7,0,37.1,17.5,11.3,51.1,23.8,16.6,8.7,22,33.1,14.8,17.1,32,17.3,31,31.7,7.9,36.5,18.3,16.4,12.6,47.1,32.8,18.1,14.3,15.9,42.8,15.6,29.7,9.7,37.2,11.5,49,20.5,13.7,65.2,30.6,17.6,11.2,27,45,16.9,19.4,41,20.9,40.7,38.5,8.6,47.5,22.3,19.1,13.7,58,39.6,19.8,15.1,19.1,58,21.2,38.2,10.1,44.3,12.6,,,,,,22.2204,114.2127
2026-09-14T17:00,27.6,30.7,29.1,31,27.4,27.5,28.4,28,28.5,28.1,28.4,27.3,26.8,28.4,27.3,27.6,28.6,28.4,28.9,27.3,27.9,28.7,28.1,25.8,28.5,27.3,27.9,28.4,26.2,27.4,29.6,28.2,28.3,28.2,27.7,27.9,27.9,27.9,26.6,29,82,77,81,72,88,85,82,88,87,84,84,88,86,84,86,85,82,80,80,88,87,80,86,97,84,86,80,83,88,86,80,85,84,81,86,84,84,86,87,83,0,0,0.1,0,1.4,0.6,0,0,0.3,0,0,0,1,0,0,1.1,0.1,0.1,0.2,2.1,0.7,0.3,0.2,2.6,0.2,0.5,0,0,2,0.1,0.1,0.4,0.2,0.5,0,0,0.2,0,0.7,0,2.5,3.2,2.9,2.5,1.8,2.2,4.5,3.1,2.2,3,4.1,2.5,0.5,2.9,2.2,2.3,1.6,1.8,2.1,2.6,1.9,4.1,2.3,1.8,3,4.7,2.8,4.6,2.6,3.1,1.3,2.7,1.1,0.7,5.4,0.8,1.8,3,4.1,1.8,,,,,,,,,,,,,,,,,,,,,,,,,,,,,,,,,,,,,,,,,28,28.3,28.1,25.3,28.4,28.5,28.4,27.7,28.2,28.4,28.2,28.2,28.7,28,27.8,28.8,27.1,28.9,28.4,28.9,26.6,27.8,28.4,28.8,29.4,27.4,29.6,28,28.5,27.3,29,76,73,74,91,78,75,73,73,78,75,78,77,73,78,79,70,87,72,74,75,88,73,74,71,71,84,68,77,72,79,71,0.2,0,0,11.1,0,0.5,0.4,0,0,0.1,0.1,0.6,0,0,0,0,2,0.3,0,0.2,6,0.7,0,0,0,6.6,0,0.1,0,0.7,0,37.5,15.4,13.4,49.6,23,16.5,12.5,19.5,32.8,13.7,14.8,29.9,18.4,30.3,30.2,8.5,38.8,20.2,15,13.7,44.4,32.4,16.9,14.5,15.7,44.8,15.1,30.3,12.4,35.6,9.9,50.4,18.7,15.8,63.4,30.2,17.6,14.8,24.8,44.6,15.5,16.9,40,21.6,40.3,37.1,8.3,48.2,23.8,17.3,14.4,54.7,39.6,18.4,14.8,19.1,60.8,21.2,39.6,12.2,43.2,11.5,,,,,,22.2204,114.2127
2026-09-14T18:00,27.7,30.9,29.2,31.3,27.5,27.4,28.4,28,28.6,28.2,28.4,27.3,26.7,28.5,27.5,27.5,28.7,28.5,29,27.2,27.9,28.8,28.2,25.8,28.5,27.2,28,28.5,26.1,27.4,29.7,28.3,28.4,28.2,27.8,27.9,28,28,26.6,29.1,82,76,81,71,87,86,82,88,86,84,84,87,86,84,86,86,82,80,79,88,86,79,86,97,84,86,79,83,88,86,79,84,84,81,86,84,84,86,87,82,0,0,0.1,0,1.4,0.6,0,0,0.3,0,0,0,1,0,0,1.1,0.1,0.1,0.2,2.1,0.7,0.3,0.2,2.6,0.2,0.5,0,0,2,0.1,0.1,0.4,0.2,0.5,0,0,0.2,0,0.7,0,2.9,4,3.1,2.5,2.3,1.8,4.9,3.6,2.3,3.1,3.2,2.2,0,3.4,2.9,2.4,1.6,2,1.9,3.1,2.1,4.5,3.2,2.9,3.1,4.9,3.1,5.4,2.3,2.9,1,3.1,1.6,0.5,5.6,1.6,2.3,3.7,4.7,2,,,,,,,,,,,,,,,,,,,,,,,,,,,,,,,,,,,,,,,,,28,28.2,28,25.3,28.3,28.3,28.3,27.6,28.1,28.4,28.1,28.1,28.4,27.9,27.7,28.6,27.1,28.7,28.2,28.6,26.7,27.6,28.2,28.6,29.1,27.6,29.5,27.9,28.4,27.2,28.8,76,74,76,91,78,77,75,73,79,76,79,78,75,78,80,71,87,73,76,76,88,74,75,72,73,83,68,78,73,79,73,0.7,0,0,5.5,0.4,0.9,0.5,0,0.1,0,0,0.7,0.9,0.2,0,0,0.8,0.7,0.4,0.1,3.4,0.6,0.3,0.1,0,1.9,0,0.6,0,0.7,0.2,40,13.2,16.6,48.4,22.7,16.1,16.4,16.9,31.7,12,13.5,29.1,20.5,30.7,28.8,9,36.4,20.7,12.5,13.8,42.4,32.9,16.6,13.8,16.3,46.4,15.9,31.8,13,35,9.5,54,16.2,19.4,61.6,29.9,17.6,19.8,22.3,43.2,14,15.1,39.6,24.8,41,35.6,8.6,45,25.2,14.4,14.8,52.6,40.7,18.7,13.7,20.5,62.6,22,41.4,13.3,43.2,11.2,,,,,,22.2204,114.2127
2026-09-14T19:00,27.7,31,29.3,31.4,27.5,27.4,28.5,28,28.7,28.2,28.4,27.3,26.6,28.5,27.6,27.5,28.8,28.6,29.1,27.2,27.9,28.8,28.3,25.8,28.6,27.2,28,28.5,26,27.4,29.8,28.3,28.4,28.1,27.8,27.9,28.1,28,26.6,29.2,81,75,81,70,87,86,81,88,86,84,84,87,86,84,87,86,82,80,79,89,86,79,85,97,83,86,79,82,88,87,79,84,84,82,86,84,84,86,88,82,0,0,0.1,0,1.4,0.6,0,0,0.3,0,0,0,1,0,0,1.1,0.1,0.1,0.2,2.1,0.7,0.3,0.2,2.6,0.2,0.5,0,0,2,0.1,0.1,0.4,0.2,0.5,0,0,0.2,0,0.7,0,2.9,4.5,3.4,2.5,2.3,1.8,5.4,3.9,2.3,3.5,2.9,2.2,0.5,3.6,3.7,2.6,1.1,2,1.8,3.6,2.3,4.8,3.7,3.5,3.5,4.8,3.3,5.9,2.3,2.8,0.8,3.4,1.9,0.7,5.9,2.3,2.8,4,5,2.3,,,,,,,,,,,,,,,,,,,,,,,,,,,,,,,,,,,,,,,,,27.9,28.1,27.8,25.3,28.1,28,28.1,27.4,27.9,28.3,28,27.9,28,27.8,27.6,28.5,27.1,28.5,28,28.4,26.7,27.3,27.9,28.4,28.7,27.6,29.3,27.7,28.3,27.3,28.6,77,74,78,90,77,78,77,74,81,77,80,78,77,79,80,73,87,74,78,77,87,76,77,74,74,83,68,79,75,80,74,0.7,0,0,5.5,0.4,0.9,0.5,0,0.1,0,0,0.7,0.9,0.2,0,0,0.8,0.7,0.4,0.1,3.4,0.6,0.3,0.1,0,1.9,0,0.6,0,0.7,0.2,43.9,11.3,20.1,47,22.3,15.5,21.7,14.8,30.6,9.8,12.6,29,23.5,31.4,27,10,31.8,20.4,9.2,13.2,41.2,34.1,16.5,12.1,16.9,48.2,17.1,33.9,12.7,35.2,9.6,58.7,13.7,23.8,59.4,29.9,17.6,25.9,19.4,41,12.2,14,39.6,29.5,42.1,33.8,9.7,39.6,26.6,10.8,14.8,50.8,42.1,19.8,12.6,22,63.7,23.4,43.2,13.7,43.6,11.5,,,,,,22.2204,114.2127
2026-09-14T20:00,27.7,31.1,29.3,31.5,27.5,27.3,28.5,28,28.8,28.2,28.4,27.3,26.6,28.6,27.6,27.5,28.8,28.6,29.2,27.2,27.9,28.8,28.4,25.8,28.6,27.2,28,28.6,25.9,27.4,29.8,28.3,28.4,28.1,27.8,27.9,28.2,28,26.6,29.2,81,75,81,69,87,86,81,88,85,84,84,87,86,84,87,86,82,80,79,89,86,79,85,97,83,86,79,82,88,87,78,84,84,82,86,84,84,86,88,82,0,0,0.1,0,1.4,0.6,0,0,0.3,0,0,0,1,0,0,1.1,0.1,0.1,0.2,2.1,0.7,0.3,0.2,2.6,0.2,0.5,0,0,2,0.1,0.1,0.4,0.2,0.5,0,0,0.2,0,0.7,0,3.2,4.5,3.3,2.5,2.3,1.4,5.7,3.9,2.2,3.7,2.3,2.2,0.5,3.6,4,2.6,1.1,2,1.8,3.6,2.3,4.8,4,3.9,3.5,4.8,3.6,5.9,2.2,2.5,0.8,3.4,2.3,1.1,5.9,2.6,2.8,4.4,5.1,2.3,,,,,,,,,,,,,,,,,,,,,,,,,,,,,,,,,,,,,,,,,27.8,28.1,27.7,25.3,28,27.8,27.8,27.3,27.7,28.2,27.8,27.8,27.7,27.7,27.6,28.3,27.2,28.3,27.9,28.2,26.7,27.2,27.7,28.2,28.4,27.7,29.1,27.6,28.1,27.3,28.4,77,75,80,89,77,79,79,75,82,78,81,79,78,79,81,75,86,75,79,78,87,77,78,75,76,82,69,80,76,80,76,0.7,0,0,5.5,0.4,0.9,0.5,0,0.1,0,0,0.7,0.9,0.2,0,0,0.8,0.7,0.4,0.1,3.4,0.6,0.3,0.1,0,1.9,0,0.6,0,0.7,0.2,46.5,9.7,22.9,46,22,14.9,26.3,12.6,29.5,8.9,11.9,29.3,26.5,31,25.9,10.5,28.1,20.7,6.5,12.2,39.9,34.3,16.4,11.4,17.1,49.3,18.2,34.8,12,35.5,10.2,61.9,11.9,27,57.6,29.9,17.3,31.7,16.9,39.2,11.2,13.3,39.6,33.5,41.8,32.8,10.8,36,27.7,8.3,14.4,49.3,42.5,20.5,11.9,23.4,64.8,24.5,43.9,13.3,44.3,13,,,,,,22.2204,114.2127
2026-09-14T21:00,27.7,31,29.3,31.5,27.5,27.3,28.5,27.9,28.8,28.1,28.4,27.3,26.6,28.6,27.7,27.5,28.9,28.6,29.2,27.2,27.9,28.8,28.5,25.8,28.6,27.2,28,28.6,25.9,27.4,29.8,28.2,28.4,28,27.7,27.9,28.2,28,26.6,29.1,81,75,81,69,87,86,81,88,84,84,84,87,86,84,87,86,82,80,79,89,86,79,84,97,83,86,79,82,88,87,78,84,84,82,86,84,84,86,88,82,0,0.2,0,0,0.9,0,0,0.1,0,1.2,0,0,0.4,0,0.1,0,0,0.3,0.1,0.8,0.4,0.1,0,0,0.1,0,0,0,0.3,0,0.1,1,2,0.7,1.2,0,0.1,0.1,0.6,0.1,3.6,4.3,3.3,2.5,1.9,1.1,5.7,3.4,2.2,3.4,2,2.2,0.5,3.6,4,2.6,1.1,2,1.8,3.6,2.3,4.8,4,3.8,3.9,4.8,3.6,5.9,2.2,2.3,1.1,3.4,2.3,1.4,5.9,3,2.8,4.4,5.1,2.1,,,,,,,,,,,,,,,,,,,,,,,,,,,,,,,,,,,,,,,,,27.9,28,27.6,25.3,28,27.8,27.1,27.3,27.5,28,27.7,27.8,27.6,27.6,27.5,28.1,27.2,28.1,27.8,28,26.7,27.2,27.7,28.1,28.2,27.7,28.7,27.5,28,27.3,28.3,76,76,81,88,77,79,82,76,83,79,82,79,78,80,81,77,85,76,79,79,87,77,78,76,77,82,72,81,77,80,77,1,0,0,1.5,0.3,0.6,1.4,0,0.6,0.2,0.2,0.6,1.7,0.1,0.3,0.8,1.1,0.2,0.7,0.5,3.4,0.1,0.5,0,0.1,1.2,0.1,0.2,0,0.6,0.4,46.5,9.7,23.7,45.8,22,14.7,30.2,11.2,28.8,9.3,11.3,29.2,28.8,28.1,24.9,11.2,26.8,21.3,5.5,11.4,38.7,33.4,15.6,11.9,16.2,50.4,18.7,34.1,10.9,36.3,11.5,62.3,11.5,28.8,56.5,29.9,17.3,37.4,15.5,37.8,10.8,12.6,40,36,38.9,32.4,11.2,35.3,28.1,6.8,13,47.9,41.4,20.2,12.6,23.8,65.9,25.2,43.2,12.2,45,15.5,,,,,,22.2204,114.2127
2026-09-14T22:00,27.7,30.8,29.2,31.4,27.4,27.2,28.5,27.9,28.8,28,28.3,27.3,26.6,28.5,27.7,27.5,28.9,28.6,29.1,27.2,27.8,28.7,28.5,25.9,28.5,27.2,28,28.6,25.9,27.3,29.7,28.1,28.3,27.9,27.6,27.9,28.1,28,26.6,29.1,81,76,82,69,87,87,81,88,83,85,84,87,86,84,88,85,82,81,80,89,86,79,84,96,82,86,80,82,88,88,77,84,85,83,87,84,84,86,89,82,0,0.2,0,0,0.9,0,0,0.1,0,1.2,0,0,0.4,0,0.1,0,0,0.3,0.1,0.8,0.4,0.1,0,0,0.1,0,0,0,0.3,0,0.1,1,2,0.7,1.2,0,0.1,0.1,0.6,0.1,4,3.9,2.9,2.6,1.5,0.7,5.4,3.1,2.3,3.2,1.3,2.2,0.4,3.1,4,2.7,1.5,1.8,1.8,3.3,2.4,4.6,3.8,3.7,4.2,5.1,3.3,5.4,2.5,2,1.5,3.1,2.1,1.4,5.5,2.9,2.3,4,4.7,1.6,,,,,,,,,,,,,,,,,,,,,,,,,,,,,,,,,,,,,,,,,27.9,27.9,27.5,25.4,27.9,27.9,26.2,27.3,27.2,27.8,27.6,27.7,27.5,27.6,27.4,27.9,27.2,28,27.8,27.9,26.5,27.3,27.8,27.9,28.1,27.7,28.2,27.5,27.8,27.3,28.2,75,76,81,87,78,78,85,76,83,79,83,79,78,81,82,78,84,77,79,80,88,76,78,77,78,81,75,82,78,80,77,1,0,0,1.5,0.3,0.6,1.4,0,0.6,0.2,0.2,0.6,1.7,0.1,0.3,0.8,1.1,0.2,0.7,0.5,3.4,0.1,0.5,0,0.1,1.2,0.1,0.2,0,0.6,0.4,45,10.1,23.5,46.3,21.6,13.7,33.5,10.3,28.5,9.5,10.9,29.2,31.1,24.4,24.2,11.2,26.6,21.7,5.2,9.8,37.5,31.6,14.6,12.6,15,51.4,20,32.9,9.5,36.9,13.2,61.6,11.9,30.2,56.2,29.9,16.9,42.8,14.4,36.7,10.8,12.6,40.3,37.8,34.6,32,11.5,36,28.4,6.5,10.8,46.8,38.9,19.4,14,23.4,66.6,25.9,41,10.8,46.1,19.1,,,,,,22.2204,114.2127
2026-09-14T23:00,27.6,30.6,29,31.1,27.3,27.2,28.4,27.8,28.8,27.9,28.3,27.2,26.7,28.5,27.7,27.5,28.9,28.5,29,27.1,27.8,28.6,28.5,26,28.4,27.2,27.9,28.6,25.9,27.2,29.5,27.9,28.2,27.8,27.5,27.9,28.1,27.9,26.6,29,80,77,83,69,87,87,82,87,82,85,85,87,86,84,88,84,82,82,80,90,86,80,83,95,81,85,80,82,88,88,77,85,85,83,87,83,85,86,89,82,0,0.2,0,0,0.9,0,0,0.1,0,1.2,0,0,0.4,0,0.1,0,0,0.3,0.1,0.8,0.4,0.1,0,0,0.1,0,0,0,0.3,0,0.1,1,2,0.7,1.2,0,0.1,0.1,0.6,0.1,4.3,3.4,2.9,3.1,0.8,0.5,4.9,2.3,2.6,2.6,0.8,2.3,0.5,2.9,3.7,2.8,1.8,1.6,1.5,2.8,2.6,4.3,3.3,3.3,4.8,5.4,3.1,4.7,2.9,1.8,2.2,2.9,1.8,1.5,5.2,2.9,2.1,3.7,4.3,1.1,,,,,,,,,,,,,,,,,,,,,,,,,,,,,,,,,,,,,,,,,27.9,27.9,27.4,25.4,27.9,27.9,25.7,27.3,27,27.7,27.5,27.7,27.4,27.6,27.3,27.7,27.3,27.9,27.8,27.8,26.4,27.3,27.8,27.8,27.9,27.7,27.8,27.5,27.7,27.3,28.1,75,77,81,86,78,78,87,77,83,80,84,79,78,81,82,79,83,77,78,80,88,76,78,78,79,81,77,82,78,80,77,1,0,0,1.5,0.3,0.6,1.4,0,0.6,0.2,0.2,0.6,1.7,0.1,0.3,0.8,1.1,0.2,0.7,0.5,3.4,0.1,0.5,0,0.1,1.2,0.1,0.2,0,0.6,0.4,43.7,9.7,23.1,47.1,21.6,12.8,34.3,9.3,28.1,9,9.8,27.9,33.1,21.7,24.2,10.5,27.7,22.3,4.6,7.8,36.1,29.8,13.7,13,14.2,51.8,20.3,32,8.2,37.5,15.4,60.1,11.5,30.6,56.2,29.9,16.2,45,13.3,36,11.2,11.9,39.6,39.6,31,32.4,12.2,37.1,28.1,5.8,9.7,45.4,37.1,18.7,15.1,23.4,67,25.9,40,9.4,46.8,22.3,,,,,,22.2204,114.2127
2026-09-15T00:00,27.5,30.3,28.8,30.9,27.2,27.2,28.3,27.7,28.7,27.7,28.3,27.2,26.7,28.4,27.7,27.6,28.8,28.3,28.9,27.1,27.7,28.5,28.6,26.1,28.3,27.2,27.9,28.6,25.9,27.1,29.3,27.7,28.1,27.7,27.4,27.9,28,27.9,26.5,28.8,80,78,84,69,87,88,82,87,81,86,85,86,86,84,88,83,82,82,81,90,86,80,81,94,81,85,81,82,88,88,77,85,86,84,88,83,86,86,90,82,0,0.2,0,0,0.9,0,0,0.1,0,1.2,0,0,0.4,0,0.1,0,0,0.3,0.1,0.8,0.4,0.1,0,0,0.1,0,0,0,0.3,0,0.1,1,2,0.7,1.2,0,0.1,0.1,0.6,0.1,4.7,2.9,2.5,3.6,0,0.4,4.6,1,3.1,1.9,0,2.7,1.1,2.3,3.3,3.1,2.2,1.5,1.6,2,3.3,3.7,2.9,2.9,5.5,5.8,2.6,3.9,3.3,1,2.5,2.3,1.5,1.9,4.5,3,1.6,2.9,4,0.8,,,,,,,,,,,,,,,,,,,,,,,,,,,,,,,,,,,,,,,,,27.8,27.8,27.4,25.5,27.8,27.8,25.7,27.1,26.9,27.5,27.4,27.7,27.2,27.5,27.2,27.6,27.3,27.8,27.8,27.6,26.3,27.3,27.7,27.7,27.8,27.6,27.5,27.4,27.7,27.3,28,75,77,81,85,78,79,87,78,83,80,83,79,79,81,82,79,83,77,77,80,88,76,78,79,79,81,77,82,78,80,77,0.3,0.2,0,0.3,0.3,0,1.9,0.1,0.6,0.8,0.4,0.2,1,0.2,0.1,0.3,1,0.3,0.1,2.2,2.6,0,0.1,0.1,0.6,1,0.6,0.1,0.2,0,0.7,43.1,8,21.9,47.9,21.3,11.3,30.4,7.9,27.7,7.7,8.1,24.6,34.9,19.6,24.8,9.6,29.5,22.3,3.1,4.6,33.5,28.4,13,12.6,14.4,51.4,18.1,32.5,7.6,37.5,18,58.7,10.1,30.2,57.2,29.2,14.8,41,12.2,35.3,11.5,10.4,36.7,41.8,27.7,32.8,14,38.9,27.7,4.3,10.4,42.8,35.6,17.6,15.1,23.4,66.2,24.1,40,7.9,47.2,25.2,,,,,,22.2204,114.2127
2026-09-15T01:00,27.4,29.9,28.6,30.5,27.1,27.1,28.2,27.6,28.6,27.5,28.3,27.1,26.7,28.4,27.6,27.7,28.8,28.2,28.8,27,27.6,28.4,28.6,26.2,28.2,27.3,27.8,28.6,26,27,29.1,27.4,28,27.6,27.2,27.9,27.9,27.8,26.5,28.7,80,80,85,70,87,88,83,86,80,86,86,86,86,85,89,82,82,83,82,90,86,81,80,93,80,85,82,82,88,88,76,86,86,84,88,82,86,86,91,83,0,0.2,0,0,0.9,0,0,0.1,0,1.2,0,0,0.4,0,0.1,0,0,0.3,0.1,0.8,0.4,0.1,0,0,0.1,0,0,0,0.3,0,0.1,1,2,0.7,1.2,0,0.1,0.1,0.6,0.1,5,2.6,2.3,4.5,1.1,0.8,3.8,0.4,4,1.1,0.5,3.1,1.4,1.8,2.9,3.4,2.5,1.4,1.6,1.5,3.6,3.3,2.7,2.6,6.2,6.2,2.3,3.2,4.1,0.8,3.7,2,1.5,2.1,3.7,2.7,1.1,2.2,3.4,1.1,,,,,,,,,,,,,,,,,,,,,,,,,,,,,,,,,,,,,,,,,27.7,27.7,27.4,25.7,27.7,27.7,26,26.9,26.9,27.4,27.3,27.7,26.9,27.4,27.1,27.6,27.3,27.7,27.8,27.4,26.2,27.3,27.5,27.6,27.7,27.5,27.4,27.3,27.8,27.2,27.9,76,77,81,85,78,79,85,78,83,81,82,79,81,80,82,79,83,77,77,79,88,76,78,79,79,81,76,82,78,81,77,0.3,0.2,0,0.3,0.3,0,1.9,0.1,0.6,0.8,0.4,0.2,1,0.2,0.1,0.3,1,0.3,0.1,2.2,2.6,0,0.1,0.1,0.6,1,0.6,0.1,0.2,0,0.7,42.6,5.7,20.3,48.5,21.1,10.4,24.5,8,27.7,8.6,6.3,20.4,36.1,18.5,26.2,11.8,31.4,22,1.5,7.7,30.4,27.2,13.1,12.1,15.2,50.3,16,32.9,7,37.1,20.5,56.9,7.9,29.2,58.3,28.4,13,33.8,10.8,34.9,12.2,8.6,32.4,43.6,25.2,33.8,16.9,41,27,3.2,12.2,39.6,34.6,16.9,14.8,23.4,65.2,21.6,40.3,6.5,47.2,27.7,,,,,,22.2204,114.2127
2026-09-15T02:00,27.3,29.5,28.4,30.2,26.9,27.1,28.1,27.4,28.6,27.4,28.2,27.1,26.8,28.3,27.6,27.7,28.8,28,28.7,26.9,27.5,28.3,28.6,26.4,28.1,27.3,27.7,28.6,26,26.9,28.8,27.2,27.8,27.4,27,27.9,27.8,27.8,26.4,28.5,80,81,86,71,88,89,83,85,79,87,86,86,86,85,89,81,82,84,83,91,87,82,79,92,79,84,83,82,88,89,76,87,87,85,89,82,87,87,91,83,0,0.2,0,0,0.9,0,0,0.1,0,1.2,0,0,0.4,0,0.1,0,0,0.3,0.1,0.8,0.4,0.1,0,0,0.1,0,0,0,0.3,0,0.1,1,2,0.7,1.2,0,0.1,0.1,0.6,0.1,5.4,2.3,2.1,5.5,1.9,1,3,1.4,4.9,0.5,1,3.6,2.2,1.5,2.5,3.9,2.9,1.5,1.8,1.1,4,3.1,2.8,2.6,7.2,6.5,2.2,2.3,4.6,0.7,4.4,1.9,1.5,2.3,3,3.1,0.4,1.1,3.2,1.4,,,,,,,,,,,,,,,,,,,,,,,,,,,,,,,,,,,,,,,,,27.5,27.6,27.4,25.8,27.6,27.6,26.4,26.8,26.8,27.3,27.2,27.7,26.7,27.3,27.1,27.6,27.3,27.7,27.8,27.3,26.1,27.3,27.4,27.6,27.6,27.5,27.3,27.2,27.8,27.2,27.7,77,77,81,85,78,80,84,78,83,81,81,80,82,80,82,79,83,77,76,79,88,76,78,79,79,81,74,82,78,81,77,0.3,0.2,0,0.3,0.3,0,1.9,0.1,0.6,0.8,0.4,0.2,1,0.2,0.1,0.3,1,0.3,0.1,2.2,2.6,0,0.1,0.1,0.6,1,0.6,0.1,0.2,0,0.7,42.6,4.2,19.2,48.9,21.5,9.7,19.7,8.9,27.4,11.6,6.1,18,36.8,18.8,27.9,16.2,32.4,20.9,0.4,11.9,28.2,26,14.3,10.9,16.2,49,16.4,34.1,5,36.7,22.4,55.4,6.1,28.4,59.4,28.8,11.5,27.4,10.1,34.6,14,7.9,29.9,44.6,24.1,34.2,19.8,41.8,25.9,2.9,13.7,37.4,33.5,17.3,14,23.8,63.7,20.2,41,6.5,46.8,29.5,,,,,,22.2204,114.2127
2026-09-15T03:00,27.3,29.1,28.1,29.8,26.8,27.1,28,27.3,28.5,27.2,28.2,27,26.8,28.2,27.5,27.8,28.7,27.9,28.5,26.9,27.4,28.1,28.6,26.5,28,27.3,27.6,28.6,26.1,26.8,28.6,26.9,27.7,27.3,26.9,27.9,27.7,27.8,26.4,28.3,80,83,87,72,88,89,84,85,77,88,86,86,85,85,90,79,82,85,84,91,87,82,78,91,78,84,84,82,88,89,76,87,87,85,89,81,87,87,92,83,0,0.2,0,0,0.9,0,0,0.1,0,1.2,0,0,0.4,0,0.1,0,0,0.3,0.1,0.8,0.4,0.1,0,0,0.1,0,0,0,0.3,0,0.1,1,2,0.7,1.2,0,0.1,0.1,0.6,0.1,6.1,2.7,2,6.7,3.1,1.5,2.3,2.6,5.9,0.8,1.8,4.1,2.9,1.5,1.8,4.5,3.3,1.3,1.5,0.7,4.7,3.1,3.2,3,7.9,6.5,2.3,1.4,5.4,0.5,5.1,1.8,2.1,2.5,2.2,3.1,0.4,0.4,2.8,2.3,,,,,,,,,,,,,,,,,,,,,,,,,,,,,,,,,,,,,,,,,27.2,27.5,27.4,25.9,27.5,27.5,26.6,26.7,26.5,27.2,27.2,27.5,26.7,27.2,27,27.5,27.3,27.6,27.7,27.2,26.3,27.2,27.2,27.4,27.5,27.5,27.2,27,27.7,27.1,27.5,79,77,81,85,78,80,83,78,84,81,80,81,82,80,82,79,83,77,75,79,87,77,78,79,79,81,72,82,78,81,77,1.6,0.1,0,0.9,0.3,0,0,0.2,1.5,0.7,1.4,0.1,0.2,0,0.1,0.3,1.4,0.4,0,0.8,2.2,0.1,0.8,0.4,0.1,1.2,0.1,0.2,0,0.4,0.6,43,3.2,19.4,48.7,23,8.6,16.9,8.9,26.4,15.5,7.1,19.5,36.6,20.5,28.1,19.2,31.1,17.8,3.1,12.4,27.1,24.7,16.6,9.3,17.2,46.5,17.3,35.4,3.7,35.4,23.5,54.7,5,28.1,59.4,30.6,10.4,23.4,9.7,33.5,18.4,8.6,29.9,44.3,25.2,34.2,23.4,40,23.4,5,13.7,36.4,31.3,20.2,12.6,24.8,61.9,20.5,42.5,10.1,45,30.2,,,,,,22.2204,114.2127
2026-09-15T04:00,27.2,28.7,27.9,29.5,26.6,27.1,27.9,27.2,28.4,27,28.2,27,26.9,28.1,27.5,27.9,28.7,27.7,28.4,26.8,27.4,28,28.5,26.7,27.8,27.4,27.5,28.5,26.2,26.7,28.3,26.7,27.6,27.2,26.7,28,27.6,27.7,26.4,28.2,80,85,88,73,88,89,84,84,76,88,87,86,85,85,90,78,83,86,85,91,87,83,77,89,78,84,85,83,88,89,76,88,88,85,90,81,88,87,92,83,0,0.2,0,0,0.9,0,0,0.1,0,1.2,0,0,0.4,0,0.1,0,0,0.3,0.1,0.8,0.4,0.1,0,0,0.1,0,0,0,0.3,0,0.1,1,2,0.7,1.2,0,0.1,0.1,0.6,0.1,6.5,3.3,2.1,7.8,3.8,2,1.5,3.4,7,1.8,2.3,4.3,3.3,2.1,1.1,5.2,3.6,1.8,1.8,0.8,5.2,3.3,3.8,3.6,8.7,6.8,2.6,1,5.8,1.1,5.9,1.9,2.5,2.5,1.4,3.4,1.1,0.8,2.8,2.7,,,,,,,,,,,,,,,,,,,,,,,,,,,,,,,,,,,,,,,,,26.8,27.4,27.3,26,27.5,27.5,26.8,26.7,26.1,27.2,27.2,27.2,26.7,27.1,26.9,27.4,27.2,27.6,27.6,27.2,26.5,27.2,27.1,27.3,27.5,27.5,27.2,26.9,27.5,26.9,27.3,81,77,80,86,78,80,82,77,86,82,80,82,80,80,83,78,84,78,75,79,86,78,77,78,79,81,70,82,78,82,78,1.6,0.1,0,0.9,0.3,0,0,0.2,1.5,0.7,1.4,0.1,0.2,0,0.1,0.3,1.4,0.4,0,0.8,2.2,0.1,0.8,0.4,0.1,1.2,0.1,0.2,0,0.4,0.6,43.8,3.3,20.3,48.2,25.3,7.2,14.4,8.6,24.9,19.4,8.9,23.7,35.4,23.5,28.3,21.7,28.6,14.3,7,11.1,26.8,23.9,19.6,8.4,18.4,44.2,17.7,36.6,10.6,34.2,23.8,54.7,4.7,28.1,58.7,33.1,9,20.2,9.7,32.4,23.4,10.8,31,43.2,27.7,33.8,27.7,37.1,20.5,7.9,13.3,35.6,29.2,24.5,11.2,26.3,59.8,22,43.9,15.1,42.8,30.2,,,,,,22.2204,114.2127
2026-09-15T05:00,27.1,28.4,27.7,29.1,26.5,27.1,27.8,27.1,28.3,26.8,28.1,26.9,27,28.1,27.5,28,28.6,27.6,28.3,26.8,27.3,27.9,28.5,26.8,27.7,27.4,27.4,28.5,26.3,26.6,28.1,26.4,27.4,27.1,26.6,28,27.6,27.7,26.4,28,80,86,89,73,88,89,85,84,75,89,87,86,85,85,90,77,83,87,86,91,87,83,76,88,77,83,85,83,88,89,76,88,88,86,90,81,88,87,93,84,0,0.2,0,0,0.9,0,0,0.1,0,1.2,0,0,0.4,0,0.1,0,0,0.3,0.1,0.8,0.4,0.1,0,0,0.1,0,0,0,0.3,0,0.1,1,2,0.7,1.2,0,0.1,0.1,0.6,0.1,6.8,4,2.3,8.8,4.6,2,0.7,4.6,8,2.3,2.9,5.1,4,2.3,0.7,5.8,4,2.1,1.6,1.4,5.6,3.6,4.4,4.4,9.1,6.8,2.5,1.5,6.3,1.4,6.6,2.4,3.1,2.8,0.7,3.7,1.8,1.5,2.7,3.2,,,,,,,,,,,,,,,,,,,,,,,,,,,,,,,,,,,,,,,,,26.6,27.4,27.3,26.1,27.4,27.5,27,26.7,25.9,27.2,27.2,27,26.7,27.1,26.8,27.3,27.2,27.6,27.6,27.2,26.6,27.2,27.1,27.3,27.5,27.5,27.1,26.8,27.4,26.8,27.2,82,77,80,86,78,79,81,76,87,82,79,83,79,80,83,78,84,78,74,79,85,78,77,77,79,81,68,82,78,82,78,1.6,0.1,0,0.9,0.3,0,0,0.2,1.5,0.7,1.4,0.1,0.2,0,0.1,0.3,1.4,0.4,0,0.8,2.2,0.1,0.8,0.4,0.1,1.2,0.1,0.2,0,0.4,0.6,45.2,3.9,21,47.5,27.3,6.5,12.3,8.3,24.5,21.8,10.6,27.7,34.8,26.6,28.5,23.5,26.9,12.2,9.4,10.4,27.4,24.8,22.3,8.7,18.8,42.4,17.9,37.8,15.5,33.5,23.2,55.8,5,28.4,58,35.6,7.9,17.3,10.1,32,27,12.6,32.4,42.1,30.6,33.8,30.6,34.9,19.1,10.1,13,36,28.8,28.4,10.1,26.6,58.7,22.7,45.7,18,41,29.2,,,,,,22.2204,114.2127
2026-09-15T06:00,27.1,28.1,27.5,28.9,26.4,27.1,27.7,27,28.3,26.7,28.1,26.9,27.1,28,27.4,28.1,28.6,27.5,28.2,26.7,27.3,27.9,28.5,27,27.6,27.5,27.3,28.5,26.4,26.6,27.9,26.2,27.3,27,26.4,28,27.5,27.6,26.4,27.9,79,87,89,74,88,89,85,83,74,89,88,86,85,85,91,76,83,87,87,91,87,84,75,87,77,83,86,83,87,89,76,89,89,86,91,80,88,87,93,84,0,0.2,0,0,0.9,0,0,0.1,0,1.2,0,0,0.4,0,0.1,0,0,0.3,0.1,0.8,0.4,0.1,0,0,0.1,0,0,0,0.3,0,0.1,1,2,0.7,1.2,0,0.1,0.1,0.6,0.1,6.8,4.3,2.5,9.5,5.4,2.5,0.4,5.4,8.7,3.3,3.1,5.4,4.4,2.9,0.5,6.1,4,2.1,1.5,1.8,5.7,3.7,5.1,5.2,9.5,6.8,3.1,2.2,6.6,1.8,7.3,2.8,3.6,3.1,0.4,3.9,2.3,2.3,3,3.7,,,,,,,,,,,,,,,,,,,,,,,,,,,,,,,,,,,,,,,,,26.6,27.4,27.3,26,27.4,27.6,27.1,26.8,26,27.2,27.2,27,26.7,27,26.8,27.4,27.2,27.6,27.6,27.1,26.7,27.1,27.2,27.4,27.5,27.5,27,26.8,27.3,26.7,27.3,81,77,80,87,78,78,81,75,87,82,78,83,78,80,83,77,84,77,74,79,85,78,76,76,79,81,67,82,78,82,77,1.2,0,0,1.4,0.1,0,0,0,1.2,0.3,1,0.4,0.1,0,0.4,0,4.3,0,0,0.8,1.7,0.5,0.9,0,0,1.9,0,0.1,0,1.1,0.6,47.4,5.5,22,46.5,29,5.2,11,8.8,25.3,22.2,12.3,29.3,34.1,29.5,29.5,24.6,27.4,12.8,9.4,10.9,29.5,27,23.8,8,18.2,43.1,17.8,39.4,15.1,33.4,21.4,59.4,6.8,29.9,57.2,37.4,6.1,14.8,11.2,33.1,27.4,14.4,33.8,41.8,33.8,34.9,32,34.9,20.2,10.1,13.7,37.8,31.3,31.7,10.1,24.5,59,22.7,47.5,16.9,41,27,,,,,,22.2204,114.2127
2026-09-15T07:00,27,27.8,27.3,28.6,26.4,27.2,27.6,26.9,28.3,26.6,28.1,26.8,27.1,28,27.4,28.2,28.6,27.4,28.1,26.7,27.2,27.9,28.5,27.1,27.6,27.6,27.3,28.5,26.5,26.5,27.8,26.1,27.2,27,26.4,28,27.6,27.6,26.4,27.9,79,88,90,75,88,89,86,83,73,90,88,86,85,85,91,75,83,88,87,91,87,84,74,87,77,83,87,83,87,89,75,89,89,86,91,80,88,87,93,84,0,0.2,0,0,0.9,0,0,0.1,0,1.2,0,0,0.4,0,0.1,0,0,0.3,0.1,0.8,0.4,0.1,0,0,0.1,0,0,0,0.3,0,0.1,1,2,0.7,1.2,0,0.1,0.1,0.6,0.1,7.2,4.7,2.9,9.8,5.7,2.8,0,5.8,9.4,3.8,3.4,5.9,4.4,3.2,0.4,6.5,4,2.3,1.5,2.2,5.7,3.8,5.4,5.8,9.5,6.8,3.4,2.6,6.6,2.2,7.6,3.1,3.9,3.1,0.5,4.1,2.3,2.6,2.9,3.7,,,,,,,,,,,,,,,,,,,,,,,,,,,,,,,,,,,,,,,,,26.7,27.5,27.4,25.9,27.5,27.7,27.1,26.9,26.2,27.2,27.3,27.1,26.8,27,26.8,27.4,27.2,27.7,27.7,27,26.7,27,27.3,27.6,27.6,27.4,26.8,26.9,27.3,26.6,27.4,79,77,79,87,77,77,80,74,86,81,78,83,77,81,83,77,84,76,74,80,86,77,76,75,79,82,67,81,78,82,77,1.2,0,0,1.4,0.1,0,0,0,1.2,0.3,1,0.4,0.1,0,0.4,0,4.3,0,0,0.8,1.7,0.5,0.9,0,0,1.9,0,0.1,0,1.1,0.6,49.9,7.8,23.1,45.3,30.6,3,9.9,9.5,26.7,21.5,14.2,29.8,33.5,31.7,31,25.2,28.8,14.7,8.4,12.3,32.4,30.1,25,6.9,16.8,44.6,17.8,40.9,12.3,34.2,19.1,63.7,9.7,31.3,56.5,39.2,4.3,12.6,12.6,34.9,25.9,16.6,35.3,41.4,37.1,36.7,32.8,36.4,23,9,14.8,40.3,35.6,34.9,10.4,21.2,60.1,22.3,49,13.7,41.8,23.8,,,,,,22.2204,114.2127
2026-09-15T08:00,27,27.7,27.2,28.5,26.3,27.3,27.5,26.9,28.3,26.6,28,26.8,27.2,28,27.4,28.2,28.6,27.3,28.1,26.7,27.2,27.9,28.5,27.2,27.5,27.6,27.2,28.4,26.6,26.5,27.7,26,27.1,27,26.3,28,27.7,27.6,26.4,27.8,79,89,90,75,88,88,86,83,72,90,88,86,85,85,91,75,83,88,87,91,87,84,74,86,77,83,87,83,87,89,75,89,89,86,91,80,87,87,93,84,0,0.2,0,0,0.9,0,0,0.1,0,1.2,0,0,0.4,0,0.1,0,0,0.3,0.1,0.8,0.4,0.1,0,0,0.1,0,0,0,0.3,0,0.1,1,2,0.7,1.2,0,0.1,0.1,0.6,0.1,7.2,4.7,2.9,10.1,5.7,3.1,0.4,6.2,9.7,4.1,3.4,5.9,4.4,3.2,0.4,6.5,4,2.3,1.4,2.2,5.7,3.9,5.4,6.3,9.5,6.5,3.2,2.6,6.6,2.2,8,3.3,4.4,3.1,1,4.5,2.8,3.1,2.9,3.7,,,,,,,,,,,,,,,,,,,,,,,,,,,,,,,,,,,,,,,,,26.9,27.7,27.5,25.8,27.5,28,27.4,27.1,26.4,27.3,27.5,27.2,26.8,27,26.9,27.6,27.2,28,27.8,27.1,26.6,27,27.5,27.9,27.8,27.5,26.7,27,27.5,26.6,27.7,78,76,79,88,77,76,79,73,85,80,77,82,76,81,82,76,84,75,74,79,86,76,75,74,79,82,67,81,77,82,75,1.2,0,0,1.4,0.1,0,0,0,1.2,0.3,1,0.4,0.1,0,0.4,0,4.3,0,0,0.8,1.7,0.5,0.9,0,0,1.9,0,0.1,0,1.1,0.6,52.2,9.2,24,44.4,31.9,1.9,8.9,10.2,28.6,19.8,15.5,30.2,32.7,33.2,32.2,25.2,30.2,17.2,7.2,12.6,35,32.8,26,6.5,14.8,45.9,17.2,41.1,9.6,35.4,16.9,67.3,12.2,32.4,55.8,40.3,3.6,10.8,14,37.4,23.8,18.4,36.4,40.7,39.2,38.2,32.4,37.4,25.9,8.3,14.8,42.1,39.2,37.1,10.8,18,60.5,21.6,50,11.2,42.1,20.5,,,,,,22.2204,114.2127
2026-09-15T09:00,27.1,27.6,27.2,28.5,26.3,27.4,27.5,26.8,28.3,26.6,28,26.8,27.3,28.1,27.4,28.3,28.6,27.3,28.1,26.7,27.2,28,28.5,27.3,27.5,27.7,27.2,28.4,26.8,26.6,27.7,26,27.1,27,26.3,28,27.8,27.6,26.5,27.8,79,89,90,75,88,87,86,83,71,90,88,86,85,85,91,75,83,88,87,91,87,84,74,86,77,83,87,83,87,89,75,89,89,86,91,80,86,87,93,84,0,0,0.1,0,0.1,0,0.4,0.3,0,0.2,0.5,0.1,0,0.3,0,0.1,0.1,0,0,0.6,0,0,0,0.1,0,0,0,0.3,0,0,0,0.3,0.3,0.2,0.1,0.4,0,0,0,0,7.2,4.4,2.9,10.1,5.7,3.1,0.4,6.2,9.7,4.4,3.1,5.9,4,3.2,0.4,6.5,3.6,2.2,1.1,2.2,5.2,3.5,5.1,6.4,9.2,6.1,3.1,2.6,6.2,2.3,8,3.3,4.6,3.1,1.3,4.5,2.8,3.2,2.5,3.2,,,,,,,,,,,,,,,,,,,,,,,,,,,,,,,,,,,,,,,,,27,27.9,27.7,25.7,27.7,28.4,28,27.4,26.6,27.7,27.7,27.3,27,27.1,27.1,27.8,27.1,28.4,28.2,27.5,26.6,27,27.6,28.1,28.1,27.6,26.7,27,27.9,26.9,28.2,77,74,78,89,76,74,76,72,83,78,76,81,75,81,81,75,84,73,73,77,86,76,75,73,77,82,67,81,75,81,72,0.3,0,0,6.3,0,0,0,0,0.8,0.2,0.8,0.5,0,0.1,0.2,0,4,0.1,0,0.3,1.8,0.2,0,0.2,0.2,1.8,0,1,0,0.3,0,53.5,10.2,23.7,43.8,32.7,3.1,6.9,11.5,32,16.5,16.9,31,31,33,32.9,24.9,31,20.6,7.3,10.8,36,34.5,27.2,6.1,13,45.7,16.2,39.3,8.2,36,14.5,68,14.8,31.7,55.1,40.3,4.3,9,14.8,40.7,20.2,20.2,37.1,39.2,38.9,39.2,30.2,38.5,29.2,8.3,12.6,42.8,41,38.5,10.8,15.5,59.4,20.2,49.7,9.7,42.1,17.3,,,,,,22.2204,114.2127
2026-09-15T10:00,27.1,27.6,27.2,28.5,26.4,27.6,27.4,26.8,28.4,26.6,28,26.8,27.5,28.2,27.4,28.4,28.6,27.3,28.2,26.7,27.3,28.1,28.4,27.4,27.5,27.8,27.2,28.4,27,26.7,27.8,26,27.1,27.1,26.4,28.1,28.1,27.6,26.6,27.9,78,89,89,75,87,85,86,83,71,90,88,86,85,84,91,75,83,88,86,90,87,83,74,86,78,83,87,83,86,88,74,89,89,86,91,80,84,87,92,84,0,0,0.1,0,0.1,0,0.4,0.3,0,0.2,0.5,0.1,0,0.3,0,0.1,0.1,0,0,0.6,0,0,0,0.1,0,0,0,0.3,0,0,0,0.3,0.3,0.2,0.1,0.4,0,0,0,0,6.9,4,2.9,9.7,4.9,3.3,0.5,5.7,9.7,4.2,2.6,6.1,3.6,2.9,0.5,6.1,3.3,1.8,1.3,2.2,4.5,3.2,4.8,6.6,8.2,5.1,2.6,2.3,5.7,2.3,8.3,3.6,4.6,2.6,1.3,4.4,3.1,3.4,1.9,2.4,,,,,,,,,,,,,,,,,,,,,,,,,,,,,,,,,,,,,,,,,27.2,28.3,27.9,25.7,27.8,28.9,28.7,27.7,27,28.2,28,27.5,27.2,27.3,27.4,28,27,29,28.6,28.2,26.5,27.1,27.6,28.3,28.5,27.7,26.7,27,28.4,27.3,28.8,77,72,77,89,76,71,72,71,81,75,75,80,73,80,80,73,85,70,70,73,86,75,74,71,75,81,68,81,71,79,69,0.3,0,0,6.3,0,0,0,0,0.8,0.2,0.8,0.5,0,0.1,0.2,0,4,0.1,0,0.3,1.8,0.2,0,0.2,0.2,1.8,0,1,0,0.3,0,54,12.9,22.7,43.1,32.8,4.8,4.7,13.5,35.8,12.6,18.7,31.6,29.5,31.7,33.6,23.7,31.3,24.7,7.8,7.7,36.2,35.3,29.2,8.1,10.8,44.7,15.1,37.8,7.1,36.6,11.7,67.7,16.9,30.6,54.4,39.6,5.8,7.6,15.1,44.6,15.8,22.3,37.4,37.4,37.4,39.6,27.4,39.2,32.4,8.6,9.7,42.8,42.1,39.2,11.2,13.7,58,18,48.2,9,42.5,14,,,,,,22.2204,114.2127
2026-09-15T11:00,27.2,27.6,27.2,28.6,26.5,27.8,27.4,26.8,28.5,26.7,28,26.8,27.6,28.3,27.4,28.5,28.6,27.4,28.3,26.7,27.4,28.3,28.4,27.4,27.5,27.9,27.2,28.3,27.2,26.8,27.9,26.1,27,27.2,26.5,28.1,28.4,27.6,26.7,28,78,89,89,75,87,84,86,83,70,90,88,86,85,83,91,75,83,87,85,90,86,82,75,86,79,84,87,83,86,88,74,88,89,85,90,80,82,87,92,83,0,0,0.1,0,0.1,0,0.4,0.3,0,0.2,0.5,0.1,0,0.3,0,0.1,0.1,0,0,0.6,0,0,0,0.1,0,0,0,0.3,0,0,0,0.3,0.3,0.2,0.1,0.4,0,0,0,0,6.5,2.9,2.9,9,4.6,3.3,0.7,5,9.4,4.5,2.3,6.1,2.9,2.5,0.8,5.8,2.5,1.4,1.6,1.8,3.7,2.9,4,6.3,7.2,4.3,2.2,1.8,5.2,2.1,8,3.4,4.8,2.3,1.6,4.4,3.1,3.4,1.3,1.3,,,,,,,,,,,,,,,,,,,,,,,,,,,,,,,,,,,,,,,,,27.2,28.5,28.1,25.7,28,29.2,29.3,27.9,27.2,28.6,28.2,27.7,27.4,27.5,27.7,28.2,27,29.5,28.9,28.7,26.4,27.1,27.7,28.5,28.8,27.9,26.9,27.1,28.8,27.6,29.2,78,71,76,90,75,69,69,71,79,73,75,79,72,80,79,72,85,68,69,71,86,75,74,70,73,81,67,81,69,78,67,0.3,0,0,6.3,0,0,0,0,0.8,0.2,0.8,0.5,0,0.1,0.2,0,4,0.1,0,0.3,1.8,0.2,0,0.2,0.2,1.8,0,1,0,0.3,0,54.8,15.6,21.7,43,32.4,6.4,2.8,14.7,38.4,9.2,20.4,31.9,27.9,30.7,33.4,23,31.3,27,8.3,5.2,36.8,35.8,30.8,10.5,8.8,43.7,13.7,38.3,6.2,36.2,9,67.7,18.4,28.8,54,38.9,7.2,6.8,15.5,47.2,12.2,23.4,37.4,35.6,36.4,40,24.8,39.6,34.2,9,7.6,43.2,42.5,39.6,11.5,12.2,56.5,15.8,47.5,8.3,41.8,11.9,,,,,,22.2204,114.2127
2026-09-15T12:00,27.3,27.6,27.2,28.7,26.6,28.1,27.4,26.8,28.6,26.8,28,26.8,27.8,28.5,27.4,28.6,28.6,27.5,28.4,26.7,27.5,28.5,28.4,27.5,27.6,28.1,27.3,28.3,27.5,27,28,26.2,27,27.3,26.6,28.1,28.8,27.6,26.9,28.2,78,89,88,75,86,81,86,84,70,89,88,86,85,83,91,75,83,86,84,89,86,81,75,86,80,84,87,83,85,87,73,88,88,85,90,81,80,86,91,83,0,0,0.1,0,0.1,0,0.4,0.3,0,0.2,0.5,0.1,0,0.3,0,0.1,0.1,0,0,0.6,0,0,0,0.1,0,0,0,0.3,0,0,0,0.3,0.3,0.2,0.1,0.4,0,0,0,0,6.2,2.2,3,8,3.4,3.4,1.1,4.2,9,4.2,1.5,5.9,2.3,2.2,1.1,5.2,1.6,1.1,1.8,1.6,2.5,2.3,3.6,6.2,6.2,2.9,1.4,1.4,4.4,2,8,3.5,4.8,1.8,1.8,4.3,3.1,3.6,1.1,0,,,,,,,,,,,,,,,,,,,,,,,,,,,,,,,,,,,,,,,,,27,28.5,28,25.6,28.2,29.4,29.3,28,27.3,28.9,28.2,27.8,27.7,27.7,27.8,28.2,27.2,29.9,28.9,28.8,26.3,27,27.7,28.6,29.1,27.9,27.5,27.2,28.9,27.8,29.3,80,71,75,90,74,68,69,71,78,71,75,78,71,79,78,71,84,67,69,71,86,75,74,69,72,81,64,80,68,77,66,1.1,0,0,5.8,0,0.3,0,0,0.3,0,0,0.1,0,0.1,0.4,0.1,2.8,0,0,0.1,0.7,0.2,0,0.3,0.1,2,0,0.9,0,0.4,0,56.3,16.6,20.3,43.1,30.9,7.8,3.6,14.4,38.5,7.4,20.9,31.6,26.1,30.9,32.7,22.4,31,26.4,9.4,4.3,37.7,35.5,32,10.6,8,43.1,11.8,39.6,5.1,34.5,7.4,69.5,18.4,27,54.4,38.2,8.3,7.9,15.5,47.5,10.4,23.4,37.1,33.1,36,39.6,23.4,38.9,33.5,10.1,6.8,45,42.1,40,12.2,11.9,55.4,14,48.2,7.6,40.3,11.2,,,,,,22.2204,114.2127
2026-09-15T13:00,27.5,27.7,27.2,28.9,26.7,28.4,27.4,26.9,28.7,27,27.9,26.9,28,28.6,27.4,28.7,28.7,27.5,28.5,26.8,27.6,28.7,28.4,27.6,27.6,28.2,27.3,28.3,27.7,27.2,28.1,26.4,27,27.5,26.7,28.2,29.2,27.6,27.1,28.3,77,88,87,75,86,79,86,84,69,89,88,86,85,82,91,76,83,86,83,89,85,80,76,86,82,85,86,83,84,86,73,87,88,84,89,81,77,86,90,83,0,0,0.1,0,0.1,0,0.4,0.3,0,0.2,0.5,0.1,0,0.3,0,0.1,0.1,0,0,0.6,0,0,0,0.1,0,0,0,0.3,0,0,0,0.3,0.3,0.2,0.1,0.4,0,0,0,0,5.9,0.8,3,7.2,2.6,3.4,1.5,3,8.3,4.1,0.8,5.9,1.8,1.8,1.5,4.5,1.3,1,2.5,1.5,1.6,1.5,3.9,5.6,4.7,1.8,0.8,0.8,3.6,2.3,7.6,3.8,4.9,1.3,2.2,4,2.8,3.6,1.9,1.3,,,,,,,,,,,,,,,,,,,,,,,,,,,,,,,,,,,,,,,,,26.7,28.4,27.8,25.6,28.4,29.4,29.1,28,27.3,29.1,28.2,28,27.9,28,27.9,28.2,27.4,30.2,28.9,28.9,26.2,26.8,27.8,28.7,29.3,28,28.2,27.2,28.9,27.9,29.2,82,71,75,90,73,69,71,72,78,70,75,78,70,78,77,70,82,67,69,71,86,75,75,68,71,81,61,79,68,77,67,1.1,0,0,5.8,0,0.3,0,0,0.3,0,0,0.1,0,0.1,0.4,0.1,2.8,0,0,0.1,0.7,0.2,0,0.3,0.1,2,0,0.9,0,0.4,0,57.9,16.2,18.6,43.9,28.8,8.9,6.7,13.7,37.9,5.8,20.3,31.1,24.7,31,31.7,21.6,30,25,11.2,6.6,38.7,34.8,32.8,10.7,9.4,42.5,9.4,41.1,5,32.4,7.2,71.3,17.6,24.8,54.7,37.1,9,9.7,15.1,47.2,9.7,22.7,36.7,30.6,36.4,38.5,22.7,37.4,31.3,11.2,7.2,46.8,41,40.3,13.7,12.2,54.7,12.6,49.3,7.2,38.2,11.2,,,,,,22.2204,114.2127
2026-09-15T14:00,27.6,27.8,27.3,29.1,26.8,28.6,27.4,26.9,28.9,27.1,27.9,26.9,28.1,28.8,27.4,28.8,28.7,27.6,28.6,26.8,27.7,29,28.3,27.7,27.7,28.3,27.3,28.2,28,27.3,28.3,26.5,27.1,27.6,26.8,28.2,29.6,27.6,27.2,28.5,77,88,86,75,85,77,86,84,69,89,88,86,85,81,91,76,84,85,82,88,85,79,77,86,83,85,86,83,84,85,72,87,88,84,88,81,74,86,89,82,0,0,0.1,0,0.1,0,0.4,0.3,0,0.2,0.5,0.1,0,0.3,0,0.1,0.1,0,0,0.6,0,0,0,0.1,0,0,0,0.3,0,0,0,0.3,0.3,0.2,0.1,0.4,0,0,0,0,5.6,0.8,2.7,6.4,1.5,3.5,1.9,2.2,7.6,4.4,0.5,5.9,1.6,1.5,1.8,3.9,1.5,1.1,3,1.6,1.8,1.1,4.7,5.6,3.6,0.4,1.1,1.1,2.9,2.4,7.6,3.7,5.2,1,2.5,4,2.8,3.6,2.6,2.8,,,,,,,,,,,,,,,,,,,,,,,,,,,,,,,,,,,,,,,,,26.4,28.3,27.6,25.5,28.5,29.3,29,27.9,27.2,29.1,28.2,28,28.1,28.1,28,28.2,27.6,30.2,28.8,28.8,26.1,26.5,27.8,28.7,29.4,28,28.7,27.2,28.8,28,29.1,84,71,75,90,72,69,72,72,79,69,76,78,70,78,77,70,81,68,69,72,86,76,75,68,71,81,59,79,69,77,67,1.1,0,0,5.8,0,0.3,0,0,0.3,0,0,0.1,0,0.1,0.4,0.1,2.8,0,0,0.1,0.7,0.2,0,0.3,0.1,2,0,0.9,0,0.4,0,58.2,15.8,17.1,44.3,27.4,10.1,9.5,14.4,37.4,4.4,19.8,30.2,23.5,31.2,31,21,28.7,24.2,11.8,9.8,39.8,34.5,33.4,11.6,11.2,41.9,7.1,41,5.1,30.5,7.2,71.6,17.3,22.7,55.4,36.4,9.7,11.2,15.1,46.8,9.4,22,36,28.8,36.4,37.4,22,36,29.5,11.9,7.9,48.6,41,41,15.1,13,54,11.2,49.3,6.8,36.4,10.8,,,,,,22.2204,114.2127
2026-09-15T15:00,27.7,28,27.4,29.3,27,28.9,27.4,26.9,29,27.3,27.9,26.9,28.3,29,27.4,28.9,28.7,27.7,28.8,26.9,27.8,29.2,28.3,27.7,27.7,28.5,27.4,28.2,28.3,27.5,28.5,26.6,27.1,27.8,27,28.3,30,27.6,27.4,28.6,77,87,85,75,85,74,86,85,69,88,87,86,85,80,91,77,84,84,81,87,84,78,78,86,85,86,85,83,83,85,72,86,87,83,88,82,72,85,88,82,0,0,0.1,0,0.1,0,0.4,0.3,0,0.2,0.5,0.1,0,0.3,0,0.1,0.1,0,0,0.6,0,0,0,0.1,0,0,0,0.3,0,0,0,0.3,0.3,0.2,0.1,0.4,0,0,0,0,5.2,1.8,2.9,5.9,0.4,3.4,2.7,1.1,7.2,4.3,1.1,5.6,2.2,0.8,2.5,3.4,1.8,1.4,3.9,2.2,2.6,0.8,5.4,5.4,2.7,0.8,1.6,1.6,2.4,2.6,7.2,4,5.3,0.5,2.9,3.6,2.5,3.7,3.6,4.4,,,,,,,,,,,,,,,,,,,,,,,,,,,,,,,,,,,,,,,,,26.3,28.3,27.6,25.4,28.4,29.3,29.1,28,27.1,28.9,28.1,28,28.1,28,28,28.2,27.7,30,28.8,28.8,26,26,27.7,28.7,29.4,27.9,28.7,27,28.6,28,29,85,72,75,90,73,69,72,72,80,70,77,78,71,78,77,70,81,69,69,72,86,78,76,68,71,81,60,81,70,77,67,3,0,0,7.4,0,0.2,0,0,0.2,0,0.1,0.1,0,0.3,0.3,0.2,1.1,0,0,0,0.3,0.8,0,0,0,1.3,0,1.4,0,0.3,0,54.9,16.2,15.5,44.7,27.4,11.6,10.6,15.7,38.4,4.1,19.3,29.5,22.8,30.6,30.1,20.1,26.5,23.2,10.8,12.1,41.4,34.9,35.1,12.7,12.6,41.3,5.6,38.9,5.2,29.3,5.5,68,17.6,20.5,55.8,36.4,10.8,11.5,16.2,47.9,8.6,21.2,35.3,27.4,36,36.7,20.5,33.8,28.8,11.5,9.4,50,42.5,42.1,16.9,13.7,53.6,10.1,47.2,6.8,35.3,9.4,,,,,,22.2204,114.2127
2026-09-15T16:00,27.8,28.1,27.4,29.4,27.1,29.2,27.3,27,29.1,27.4,27.9,26.9,28.5,29.1,27.4,28.9,28.8,27.8,28.9,26.9,27.9,29.4,28.2,27.8,27.8,28.6,27.4,28.2,28.5,27.7,28.6,26.8,27.1,27.9,27.1,28.3,30.4,27.6,27.5,28.8,76,86,84,75,84,72,85,85,68,88,87,86,85,79,91,77,84,83,80,87,84,77,79,87,86,86,85,83,82,84,71,85,87,82,87,82,69,85,87,82,0,0,0.1,0,0.1,0,0.4,0.3,0,0.2,0.5,0.1,0,0.3,0,0.1,0.1,0,0,0.6,0,0,0,0.1,0,0,0,0.3,0,0,0,0.3,0.3,0.2,0.1,0.4,0,0,0,0,5,2.9,2.8,5.6,0.5,3.4,3.2,0.7,6.5,4.3,1.8,5.4,2.7,0.5,2.9,3.1,2.8,1.8,4.3,2.5,3.7,1.1,6.5,4.9,2.5,1.8,2.3,2.1,2.3,2.9,6.8,4,5.2,0.4,3.3,3.6,2.5,4,4.6,5.7,,,,,,,,,,,,,,,,,,,,,,,,,,,,,,,,,,,,,,,,,26.2,28.3,27.7,25.2,28.2,29.1,29.2,28,26.9,28.5,27.9,27.9,28.1,27.9,27.9,28.2,27.6,29.6,28.7,28.8,26,25.5,27.6,28.6,29.3,27.9,28.4,26.6,28.4,27.9,29,87,73,75,91,74,70,71,72,82,72,77,79,72,79,77,70,81,71,69,73,86,81,76,70,71,81,62,83,72,78,68,3,0,0,7.4,0,0.2,0,0,0.2,0,0.1,0.1,0,0.3,0.3,0.2,1.1,0,0,0,0.3,0.8,0,0,0,1.3,0,1.4,0,0.3,0,49.6,16.3,14.1,45.5,27.7,12.7,11,17.5,40,6.7,18.3,28.6,23,29.9,29,19.4,24,23.1,10.2,14.2,43.3,35.6,36.6,15,13.8,41,5.5,35.4,6.2,28.5,4.7,63,18.4,18.4,56.2,36.4,12.2,11.5,17.6,49,7.9,20.5,34.9,26.6,35.6,36,19.4,31.3,28.4,10.4,11.5,50.8,45,43.9,19.1,14.4,53.3,9.7,43.6,6.8,34.6,7.2,,,,,,22.2204,114.2127
2026-09-15T17:00,27.9,28.2,27.5,29.6,27.2,29.4,27.3,27,29.2,27.5,27.9,27,28.6,29.2,27.4,29,28.8,27.9,29,26.9,28,29.6,28.2,27.8,27.8,28.7,27.4,28.1,28.7,27.8,28.8,26.9,27.1,28.1,27.3,28.3,30.7,27.6,27.7,28.9,76,86,83,75,84,70,85,86,68,87,87,86,85,79,91,78,84,83,79,86,84,76,80,87,87,86,85,83,82,83,71,85,87,82,86,83,67,85,86,81,0,0,0.1,0,0.1,0,0.4,0.3,0,0.2,0.5,0.1,0,0.3,0,0.1,0.1,0,0,0.6,0,0,0,0.1,0,0,0,0.3,0,0,0,0.3,0.3,0.2,0.1,0.4,0,0,0,0,4.7,4,2.8,5.8,1.3,3.7,3.7,1.3,5.8,4.5,2.3,5.4,3.4,0.5,3.2,2.6,3.4,2.3,5.2,3,4.6,1.8,7.4,4.7,2.9,2.9,2.8,2.8,2.3,2.9,6.5,4,5.4,0.7,3.3,3.2,2.5,4.2,5.6,6.8,,,,,,,,,,,,,,,,,,,,,,,,,,,,,,,,,,,,,,,,,26.2,28.2,27.8,25.2,28,29,29.2,27.9,26.8,28.2,27.8,27.9,28.1,27.8,27.9,28.1,27.6,29.2,28.6,28.7,26.1,25.1,27.4,28.5,29.2,27.8,28.2,26.4,28.2,27.8,29,87,74,76,91,76,71,71,73,83,74,78,79,73,79,78,70,81,72,70,74,86,84,77,71,72,81,64,85,73,79,68,3,0,0,7.4,0,0.2,0,0,0.2,0,0.1,0.1,0,0.3,0.3,0.2,1.1,0,0,0,0.3,0.8,0,0,0,1.3,0,1.4,0,0.3,0,46.5,16.7,12.6,46.1,28.1,13.2,11.9,18.4,41,9.1,17.1,27.6,23.6,29.5,28.3,19,22.1,23.4,10.4,15.2,43.5,36.3,37.9,17.5,14.1,40.1,6.1,32.4,7.4,27.7,5.4,59.8,19.1,16.2,56.2,37.1,12.6,12.2,18.7,49.7,7.9,19.4,34.2,27.4,35.6,35.3,19.1,29.9,28.4,10.1,13.3,50,46.8,44.6,21.6,15.1,52.6,9.4,40.3,6.8,34.2,6.1,,,,,,22.2204,114.2127
2026-09-15T18:00,28,28.3,27.5,29.7,27.3,29.5,27.3,27,29.3,27.6,27.9,27,28.7,29.3,27.4,29,28.8,27.9,29.1,27,28,29.8,28.1,27.9,27.9,28.8,27.4,28.1,28.9,27.9,28.9,27,27.1,28.2,27.4,28.3,30.9,27.6,27.8,29,76,85,82,75,83,68,85,86,68,87,87,86,85,78,90,78,84,82,78,86,83,76,81,87,88,87,84,83,81,83,71,84,86,81,85,83,66,85,85,81,0,0,0.1,0,0.1,0,0.4,0.3,0,0.2,0.5,0.1,0,0.3,0,0.1,0.1,0,0,0.6,0,0,0,0.1,0,0,0,0.3,0,0,0,0.3,0.3,0.2,0.1,0.4,0,0,0,0,4.5,4.8,3.1,5.8,2.1,3.6,4.2,2,5.4,4.6,3.1,5.5,4.1,1,3.6,2.7,3.9,2.4,5.3,3,5.6,2.2,8.5,4.5,3.6,3.6,3.6,3.3,2.9,2.9,6.5,4.1,5.2,1.1,3.7,3.3,2,4.5,6.4,7.6,,,,,,,,,,,,,,,,,,,,,,,,,,,,,,,,,,,,,,,,,26.3,27.9,27.7,25.2,27.8,28.7,28.8,27.7,26.8,27.9,27.7,27.8,27.9,27.7,27.8,27.8,27.6,28.8,28.4,28.4,26.2,25.1,27.3,28.1,29,27.7,28,26.4,28.1,27.7,28.9,86,75,77,91,78,73,74,75,83,75,78,80,74,79,79,71,81,73,72,76,86,85,78,73,73,82,66,85,74,80,68,1.3,0.3,0,4.6,0,0,0,0.1,0.2,0,1.3,0.4,0.1,1.3,0.2,0.1,0.5,0.8,0,0.2,0.3,1.5,0,0.2,0,1.8,0,1.5,0,0.4,0,47.3,17.1,10.8,45.7,28.9,11.7,13.4,18.3,39.6,10,16,26.6,25.4,28.7,27.9,19.9,21.5,23.8,11.2,14.6,41.1,37.3,37.5,20.5,13.7,38.6,6.5,29.6,7.2,27,5.4,60.1,19.4,14,56.2,38.2,11.5,14,19.1,48.6,8.6,18.4,33.8,30.2,36,34.9,20.9,29.9,29.2,11.5,14,46.4,47.9,44.3,25.2,15.1,51.1,9,37.4,6.1,33.8,6.1,,,,,,22.2204,114.2127
2026-09-15T19:00,28,28.3,27.6,29.8,27.3,29.6,27.3,27,29.3,27.7,27.8,27,28.8,29.3,27.4,29,28.8,28,29.2,27,28.1,29.9,28.1,27.9,27.9,28.8,27.4,28,29,28,28.9,27.1,27.1,28.2,27.5,28.3,31.1,27.6,27.8,29,75,85,81,75,83,66,85,87,68,87,87,86,85,78,90,79,84,81,77,85,83,75,81,87,89,87,84,83,81,82,70,84,86,81,85,83,64,84,85,81,0,0,0.1,0,0.1,0,0.4,0.3,0,0.2,0.5,0.1,0,0.3,0,0.1,0.1,0,0,0.6,0,0,0,0.1,0,0,0,0.3,0,0,0,0.3,0.3,0.2,0.1,0.4,0,0,0,0,4.2,5.3,2.8,6,2.6,4,4.5,2.5,5.1,4.7,3.5,5.3,4.3,1.3,3.6,2.6,4.5,2.9,5.6,3.4,6.1,2.5,9,4.3,4.1,4.3,4.1,3.8,3.3,2.9,6.2,4.1,5.2,1.5,3.7,3.3,2,4.8,6.7,8.1,,,,,,,,,,,,,,,,,,,,,,,,,,,,,,,,,,,,,,,,,26.5,27.6,27.7,25.4,27.7,28.4,28.3,27.3,27,27.7,27.6,27.7,27.6,27.7,27.7,27.5,27.7,28.4,28,27.9,26.3,25.2,27.2,27.7,28.8,27.6,27.8,26.5,28,27.6,28.8,85,77,78,92,80,74,78,77,83,77,79,80,76,78,79,73,82,75,74,79,85,86,79,76,74,83,67,84,74,81,69,1.3,0.3,0,4.6,0,0,0,0.1,0.2,0,1.3,0.4,0.1,1.3,0.2,0.1,0.5,0.8,0,0.2,0.3,1.5,0,0.2,0,1.8,0,1.5,0,0.4,0,49.9,17.4,8.4,45,30.1,9.4,14.8,17.7,37,10.2,14.7,25.6,27.6,28.1,27.4,21.6,21.8,24.1,12.3,13.6,36.9,38.6,36.4,23.5,13,36.7,7.1,26.6,6.4,26.3,5.7,62.6,19.8,11.9,56.2,40,9.7,16.6,19.1,46.4,9.7,16.9,33.5,34.2,36.4,34.9,23.4,30.6,29.9,13.7,14.4,40.7,48.2,43.2,28.8,15.1,49.3,9,34.2,5.4,33.8,6.5,,,,,,22.2204,114.2127
2026-09-15T20:00,28,28.3,27.6,29.8,27.4,29.7,27.2,27,29.3,27.7,27.8,27,28.8,29.3,27.3,29,28.8,28,29.2,27,28.1,30,28,27.9,27.9,28.8,27.4,28,29.1,28,28.9,27.1,27.1,28.3,27.5,28.3,31.2,27.6,27.9,29,75,85,81,75,83,65,85,87,68,87,87,86,85,78,90,79,84,81,77,85,83,75,82,87,89,87,84,83,81,82,70,84,86,81,84,83,64,84,84,81,0,0,0.1,0,0.1,0,0.4,0.3,0,0.2,0.5,0.1,0,0.3,0,0.1,0.1,0,0,0.6,0,0,0,0.1,0,0,0,0.3,0,0,0,0.3,0.3,0.2,0.1,0.4,0,0,0,0,4.2,5.6,2.8,5.9,2.9,4,4.5,2.8,4.7,4.7,3.5,5.3,4.6,1.3,3.6,2.5,4.5,2.9,5.6,3.4,6.4,2.5,9.2,4.3,4.4,4.3,4.1,3.8,3.3,2.9,6.2,4.1,5.2,1.5,3.7,3.3,2,4.8,7.2,8.4,,,,,,,,,,,,,,,,,,,,,,,,,,,,,,,,,,,,,,,,,26.5,27.4,27.6,25.5,27.6,28.2,27.9,27.1,27.1,27.6,27.5,27.7,27.4,27.6,27.6,27.3,27.7,28.2,27.8,27.6,26.4,25.3,27,27.4,28.6,27.6,27.6,26.7,28,27.5,28.7,84,78,79,92,81,76,81,78,83,78,79,81,77,78,80,74,82,76,76,81,85,87,80,78,75,84,69,83,75,82,70,1.3,0.3,0,4.6,0,0,0,0.1,0.2,0,1.3,0.4,0.1,1.3,0.2,0.1,0.5,0.8,0,0.2,0.3,1.5,0,0.2,0,1.8,0,1.5,0,0.4,0,52.1,17.7,6.3,44.9,31.6,7.6,15,17.6,35.5,10.1,13.5,24.9,30.1,27.1,27,22.8,21.8,24.2,12.4,12.4,32.5,39.7,35.3,26.3,12.3,35.5,8.4,24.3,5.7,25.9,7,65.2,20.5,9.7,56.2,41.4,8.3,17.6,19.8,45.4,10.8,15.8,33.1,38.2,36.4,34.9,25.6,31,30.6,14.4,14.4,35.6,48.6,42.5,32,15.1,47.9,10.1,32,5.4,33.8,8.3,,,,,,22.2204,114.2127
2026-09-15T21:00,28,28.3,27.6,29.8,27.4,29.6,27.2,27,29.2,27.6,27.7,27,28.8,29.2,27.3,29,28.7,28,29.1,26.9,28.1,30,28,27.8,27.8,28.8,27.4,27.9,29.1,28,28.9,27,27,28.2,27.6,28.2,31.1,27.6,27.9,28.9,75,85,81,75,83,64,85,87,68,87,87,86,85,78,90,79,84,81,77,85,83,75,82,87,89,87,84,83,81,82,70,84,86,81,83,83,64,84,83,81,0,0,0,0,0.2,0,0.1,0,0,0.3,0.3,0,0,0.7,0.2,0.1,0.9,0,0,0.5,0,0,0.1,0,0,0.3,0,0.4,0,0.2,0,0,0.1,0.1,0,0.1,0,0.3,0,0.6,4.2,5.6,2.8,5.9,2.9,4,4.5,2.8,4.7,4.7,3.5,5.3,4.3,1.3,3.3,2.5,4.5,2.9,5.3,3.4,6.4,2.5,8.9,4.3,4.4,4,4.1,3.8,3.3,2.5,6.2,3.8,4.9,1.5,3.6,3.6,2,4.8,7.2,8.2,,,,,,,,,,,,,,,,,,,,,,,,,,,,,,,,,,,,,,,,,26.4,27.2,27.6,25.5,27.5,28,27.7,27,27,27.5,27.4,27.6,27.3,27.6,27.5,27.2,27.6,28.1,27.7,27.4,26.6,25.2,26.9,27.2,28.4,27.5,27.3,26.8,27.9,27.5,28.3,85,79,80,92,82,77,82,78,84,79,80,81,78,78,81,75,82,76,77,82,85,87,80,79,75,84,71,83,76,83,72,2,0.1,0,3.8,0.1,0,0,0.7,0.8,0.1,0.7,0.4,0.2,0.8,0.1,0,0.7,0.5,0,1.3,0.4,2.4,0,0.2,0,2.7,0.2,1,0.2,0.7,0.7,53.4,18.4,3.5,45.4,33.1,7.3,13.5,18.4,36.2,10.5,12.6,24,32.2,26.1,26.6,22.9,21.7,24.1,11.1,11.7,27.7,39.7,35,28.2,12.6,35.5,11,22.5,5.4,25.6,9.2,67.3,22,7.9,56.9,42.5,8.3,16.2,21.2,45.4,11.9,14.8,32.8,41.4,35.3,34.6,26.3,31,31,13,13.7,31.3,49,42.5,34.2,15.8,47.9,12.6,30.6,6.1,33.5,11.2,,,,,,22.2204,114.2127
2026-09-15T22:00,27.8,28.3,27.5,29.7,27.3,29.5,27.1,27,29,27.5,27.6,26.9,28.7,29.1,27.1,28.9,28.7,28,29.1,26.9,28.1,29.9,27.9,27.8,27.8,28.7,27.3,27.8,29,27.9,28.8,27,27,28.2,27.6,28.2,31,27.5,27.8,28.8,74,85,81,75,83,63,85,88,68,87,87,86,85,79,90,80,84,81,77,85,83,75,83,86,89,87,84,83,82,82,70,84,86,81,83,83,65,83,83,81,0,0,0,0,0.2,0,0.1,0,0,0.3,0.3,0,0,0.7,0.2,0.1,0.9,0,0,0.5,0,0,0.1,0,0,0.3,0,0.4,0,0.2,0,0,0.1,0.1,0,0.1,0,0.3,0,0.6,4.5,5.3,2.5,5.8,2.6,4.3,4.3,2.5,4.7,4.7,3.2,5.5,4.1,1.3,3,2.2,4,2.4,4.8,3,5.6,2.2,8.4,4.2,3.8,3.6,3.8,3.6,2.9,2.2,6.2,3.7,4.7,1.4,3.2,3.6,2,4.9,6.9,7.4,,,,,,,,,,,,,,,,,,,,,,,,,,,,,,,,,,,,,,,,,26.1,27.2,27.5,25.6,27.4,27.9,27.6,27.1,26.9,27.4,27.3,27.6,27.3,27.5,27.5,27.1,27.6,28.1,27.6,27.3,26.7,25.1,26.8,27.1,28.2,27.4,26.9,26.9,27.9,27.5,27.9,87,79,80,91,82,78,82,78,84,79,81,82,78,79,82,76,82,76,78,83,84,88,81,80,76,84,74,83,76,83,74,2,0.1,0,3.8,0.1,0,0,0.7,0.8,0.1,0.7,0.4,0.2,0.8,0.1,0,0.7,0.5,0,1.3,0.4,2.4,0,0.2,0,2.7,0.2,1,0.2,0.7,0.7,54.5,19.4,1.6,46,34.8,7.5,10.7,19.6,37.8,11.8,11.9,23.1,34.6,24.7,26.4,22.6,22,23.8,9.1,10.9,22.6,39.2,35.1,29.4,13.6,35.7,14.7,22.1,6.3,25.3,12.2,69.5,23.8,6.1,57.6,43.2,9,13.7,23,46.1,13.3,14,32.8,44.3,33.8,34.2,26.6,30.6,31,10.4,12.6,27.4,49.3,42.5,35.3,16.6,48.2,16.2,30.2,7.2,33.1,15.1,,,,,,22.2204,114.2127
2026-09-15T23:00,27.7,28.2,27.5,29.6,27.3,29.3,27,27,28.9,27.4,27.6,26.9,28.6,28.9,27,28.7,28.6,28,29,26.8,28.1,29.8,27.8,27.7,27.7,28.6,27.2,27.8,28.9,27.7,28.6,26.8,26.9,28,27.6,28.1,30.8,27.5,27.7,28.6,74,86,81,75,84,63,85,89,68,88,88,86,85,80,89,80,84,81,78,85,83,76,83,86,88,86,85,84,82,83,70,85,86,82,82,83,67,83,82,81,0,0,0,0,0.2,0,0.1,0,0,0.3,0.3,0,0,0.7,0.2,0.1,0.9,0,0,0.5,0,0,0.1,0,0,0.3,0,0.4,0,0.2,0,0,0.1,0.1,0,0.1,0,0.3,0,0.6,4.7,4.5,2.3,5.8,1.8,4.7,4.2,2.3,4.7,4.3,2.9,5.5,3.6,1,2.7,1.9,3.4,2.4,4.2,2.5,4.8,1.5,7.4,4.1,3.1,2.5,3.3,3.1,2.5,1.8,6.1,3.2,4.5,1.5,3.3,4.3,2.3,5,6.6,6.3,,,,,,,,,,,,,,,,,,,,,,,,,,,,,,,,,,,,,,,,,25.8,27.1,27.4,25.6,27.2,27.8,27.6,27.1,26.8,27.4,27.3,27.6,27.3,27.5,27.4,27,27.5,28,27.6,27.2,26.8,25,26.7,27,28.1,27.3,26.6,27,27.7,27.4,27.6,88,80,80,91,82,78,82,78,85,80,81,82,78,79,83,76,82,76,78,83,84,88,81,81,76,84,76,83,77,83,76,2,0.1,0,3.8,0.1,0,0,0.7,0.8,0.1,0.7,0.4,0.2,0.8,0.1,0,0.7,0.5,0,1.3,0.4,2.4,0,0.2,0,2.7,0.2,1,0.2,0.7,0.7,55.1,20.2,2,46.3,36.2,7.9,8.8,20.9,39.7,13,11.6,22.7,36.1,24.2,26.6,22,22,22.9,7.2,10.4,18.5,38.8,35.3,29.9,14.4,36,17.5,22.3,7,25.4,15.1,70.6,24.8,5,58,43.9,9.7,11.2,24.8,47.2,14.8,13.7,32.8,46.1,32.4,34.2,26.3,29.9,29.9,8.3,12.2,24.1,49.3,42.8,36,17.6,48.6,18.7,30.2,9,32.8,19.8,,,,,,22.2204,114.2127
2026-09-16T00:00,27.5,28.1,27.4,29.5,27.2,29,26.9,26.9,28.6,27.2,27.5,26.9,28.5,28.6,26.9,28.5,28.5,27.9,28.8,26.8,28,29.7,27.7,27.7,27.6,28.5,27.1,27.7,28.8,27.5,28.5,26.7,26.9,27.9,27.6,28,30.5,27.5,27.6,28.4,73,86,81,74,84,63,85,89,69,88,88,86,86,81,89,81,84,81,78,86,83,77,84,85,87,86,85,84,83,83,70,85,86,82,81,82,68,83,82,82,0,0,0,0,0.2,0,0.1,0,0,0.3,0.3,0,0,0.7,0.2,0.1,0.9,0,0,0.5,0,0,0.1,0,0,0.3,0,0.4,0,0.2,0,0,0.1,0.1,0,0.1,0,0.3,0,0.6,5,3.7,2.1,5.6,1.5,4.7,4.1,1.9,5,4.2,2.1,5.8,2.9,1,2.3,1.6,2.6,1.9,3.4,1.8,3.9,1.3,6.4,4.1,2.4,1.5,2.8,2.4,2.3,1.3,6.5,2.5,4.1,1.5,3.2,4.7,2.3,5,6.4,5.4,,,,,,,,,,,,,,,,,,,,,,,,,,,,,,,,,,,,,,,,,25.7,27,27.3,25.5,27.1,27.6,27.5,26.9,26.7,27.2,27.2,27.5,27.1,27.4,27.2,26.9,27.4,27.9,27.5,27.1,26.9,24.9,26.6,26.8,27.9,27.3,26.4,27,27.4,27.4,27.4,88,81,80,91,82,78,82,79,85,81,81,82,79,80,84,76,82,76,78,83,83,88,81,81,77,84,77,83,78,83,77,4.9,0.2,0,2.7,0.3,0,0,0.7,0.6,0.8,0.6,0,0.2,0.5,0.2,0,1,0.2,0,1,2,3.5,0.1,0,0,3.4,0.1,0.4,0.5,0.1,0.9,55.2,20.5,3.3,46.1,37,7.9,7.5,21.8,40.7,14.4,11.7,23.4,36.8,24.1,27.4,21,22,20.3,6.7,10.9,16.2,38,35.8,29.7,15.5,36,18.4,23.6,9,25.5,19.1,70.2,25.2,4.7,57.6,44.3,9.7,9.7,25.9,48.6,16.9,14,33.1,46.4,31.3,34.6,25.2,29.2,27.4,7.2,12.6,22,48.2,42.8,36,19.4,48.2,19.8,31.3,11.5,32.4,25.2,,,,,,22.2204,114.2127
2026-09-16T01:00,27.3,28,27.4,29.3,27.1,28.8,26.8,26.9,28.4,27,27.4,26.8,28.4,28.4,26.7,28.4,28.4,27.9,28.7,26.7,27.9,29.5,27.6,27.6,27.5,28.3,27,27.6,28.6,27.3,28.3,26.5,26.8,27.7,27.5,27.9,30.2,27.5,27.4,28.2,73,87,81,74,85,62,85,90,69,89,88,86,86,82,89,82,85,81,79,86,84,78,84,85,86,86,86,85,84,84,70,85,86,83,80,82,70,83,81,82,0,0,0,0,0.2,0,0.1,0,0,0.3,0.3,0,0,0.7,0.2,0.1,0.9,0,0,0.5,0,0,0.1,0,0,0.3,0,0.4,0,0.2,0,0,0.1,0.1,0,0.1,0,0.3,0,0.6,5.7,2.6,1.8,5.9,0.7,5.1,3.6,1.8,5.4,3.8,1.5,5.7,2.3,0.8,2.1,1.5,1.5,1.4,2.2,1.5,2.6,1.1,5,4.4,1.8,0.5,2.1,2.2,2,1.1,6.5,2.4,3.8,1.6,3.1,5,2.6,4.8,5.9,4,,,,,,,,,,,,,,,,,,,,,,,,,,,,,,,,,,,,,,,,,25.6,26.9,27.1,25.5,26.9,27.5,27.5,26.8,26.6,27.1,27.2,27.4,27,27.3,27.1,26.7,27.3,27.8,27.4,27,26.9,24.9,26.4,26.7,27.6,27.4,26.3,26.9,26.9,27.3,27.4,88,81,80,91,81,79,82,79,85,82,80,83,79,80,84,75,83,76,79,82,83,89,82,80,78,84,77,84,80,83,78,4.9,0.2,0,2.7,0.3,0,0,0.7,0.6,0.8,0.6,0,0.2,0.5,0.2,0,1,0.2,0,1,2,3.5,0.1,0,0,3.4,0.1,0.4,0.5,0.1,0.9,54.9,20.5,3.8,45.2,37.6,8,6.9,23.1,41.2,15.9,12,25,36.8,24.1,28.2,19.9,21.7,17.7,6.1,12.3,15.5,37.6,36.4,29.2,16.8,36,18.8,26.1,13.2,25.8,23.6,68.8,24.8,5,56.5,44.6,9.4,8.6,27,50.4,19.1,14.4,33.5,46.1,30.6,35.3,23.4,28.1,23.8,6.8,13.7,20.9,46.4,43.2,35.3,21.6,47.5,20.2,33.1,14.8,31.7,31.3,,,,,,22.2204,114.2127
2026-09-16T02:00,27,27.9,27.3,29.1,27,28.5,26.7,26.9,28.1,26.8,27.3,26.8,28.2,28.1,26.6,28.2,28.3,27.8,28.5,26.6,27.8,29.4,27.5,27.5,27.4,28.1,26.9,27.5,28.4,27.1,28.1,26.4,26.7,27.6,27.5,27.8,29.9,27.5,27.3,27.9,73,87,81,74,86,62,85,90,69,89,89,86,86,83,88,82,85,81,80,87,84,78,85,84,85,85,87,85,84,84,70,86,86,84,80,82,73,82,81,82,0,0,0,0,0.2,0,0.1,0,0,0.3,0.3,0,0,0.7,0.2,0.1,0.9,0,0,0.5,0,0,0.1,0,0,0.3,0,0.4,0,0.2,0,0,0.1,0.1,0,0.1,0,0.3,0,0.6,5.9,1.5,1.8,6.6,1,5.2,3.6,1.6,5.4,3.8,0.8,6,1.8,0.7,1.8,1.9,0.8,1.1,1.5,1,1.5,1.6,3.8,4.5,2.3,1.1,1.5,1.8,2.3,1.5,6.5,2.3,3.7,2,3.4,5.8,2.6,5,5.1,2.9,,,,,,,,,,,,,,,,,,,,,,,,,,,,,,,,,,,,,,,,,25.5,26.7,27,25.4,26.8,27.4,27.5,26.6,26.5,27,27.2,27.3,26.8,27.2,26.9,26.6,27.2,27.6,27.4,27,26.9,25,26.2,26.5,27.5,27.4,26.2,26.9,26.6,27.2,27.3,88,82,80,91,81,79,82,80,85,82,79,83,80,81,84,74,83,75,79,82,83,89,82,80,79,84,77,84,81,83,78,4.9,0.2,0,2.7,0.3,0,0,0.7,0.6,0.8,0.6,0,0.2,0.5,0.2,0,1,0.2,0,1,2,3.5,0.1,0,0,3.4,0.1,0.4,0.5,0.1,0.9,54.6,20.9,4,44.6,37.6,8.1,6.6,23.9,42.3,17.5,12.2,25.9,37.5,24.9,29.2,18.6,21.8,15.9,5.9,13.5,16.2,37.5,36.9,28.6,18,35.8,18.2,28.6,16.6,26,27.4,67.7,25.2,5.8,55.8,44.6,9.4,7.9,28.1,52.2,20.9,14.4,33.5,45.7,30.6,35.6,21.6,27.4,21.6,6.5,14.8,20.9,45,43.6,34.6,23,46.8,19.4,35.3,17.6,31.7,35.6,,,,,,22.2204,114.2127
2026-09-16T03:00,26.8,27.8,27.3,28.9,26.9,28.1,26.7,26.8,27.9,26.6,27.2,26.7,28,27.8,26.4,28,28.3,27.7,28.4,26.5,27.8,29.2,27.4,27.4,27.3,28,26.8,27.4,28.2,26.9,27.9,26.2,26.6,27.4,27.5,27.7,29.5,27.4,27.1,27.7,72,88,82,74,86,62,85,91,70,90,89,86,86,84,88,83,85,81,81,87,84,79,85,84,84,85,87,85,85,85,70,86,86,84,79,81,75,82,80,83,0,0,0,0,0.2,0,0.1,0,0,0.3,0.3,0,0,0.7,0.2,0.1,0.9,0,0,0.5,0,0,0.1,0,0,0.3,0,0.4,0,0.2,0,0,0.1,0.1,0,0.1,0,0.3,0,0.6,6.6,1.1,1.8,7.3,1.5,5.5,3.3,2,5.8,3.3,0.5,6,1.8,0.8,2.2,2.2,0.8,1,1.3,1.1,1,2.3,2.5,5,2.9,2.5,1.1,1.6,2.9,2.1,6.8,2.4,3.8,2.1,3.9,6.1,2.6,5.2,4.7,2,,,,,,,,,,,,,,,,,,,,,,,,,,,,,,,,,,,,,,,,,25.6,26.5,26.9,25.4,26.6,27.2,27.5,26.4,26.5,26.9,27,27.2,26.7,27,26.8,26.5,27,27.5,27.3,26.9,26.7,25,26,26.4,27.4,27.4,26.1,26.9,26.4,27,27.1,88,83,80,91,81,79,82,81,85,82,79,83,80,82,84,74,83,74,79,82,84,89,82,80,79,84,77,84,81,83,79,1.1,1,0.2,7.5,0.1,0.5,0.2,0.3,0.2,1.2,0.9,0,0,0.5,0.3,0,1.1,0,0.1,0.2,2.3,0.7,0,0,0,3.3,0,0.4,0.2,0,0.9,54.8,22,4.3,44,37.1,9.1,7.4,25.4,44.2,18.5,11.5,26.2,37.5,26,29.5,17.1,22.4,15.6,5.2,14,18.4,37.9,37.5,27.8,17.5,35.6,16.3,30.9,18,26.7,29.5,67.3,26.3,7.2,55.1,43.9,10.8,8.3,29.5,54.4,21.6,13.3,33.1,45.7,31.7,36,19.4,27.7,21.2,5.8,15.8,23,43.9,44.3,33.8,23,46.4,16.6,37.8,19.8,32.4,37.4,,,,,,22.2204,114.2127
2026-09-16T04:00,26.6,27.7,27.2,28.8,26.8,27.9,26.6,26.8,27.6,26.4,27.1,26.7,27.9,27.5,26.3,27.8,28.2,27.7,28.2,26.5,27.7,29,27.3,27.3,27.2,27.8,26.7,27.4,28,26.7,27.7,26.1,26.6,27.2,27.4,27.6,29.1,27.4,27,27.4,72,88,82,73,87,62,85,91,70,90,90,86,86,85,88,83,85,82,82,87,84,80,85,83,83,84,88,86,86,86,70,87,86,85,78,81,77,82,80,83,0,0,0,0,0.2,0,0.1,0,0,0.3,0.3,0,0,0.7,0.2,0.1,0.9,0,0,0.5,0,0,0.1,0,0,0.3,0,0.4,0,0.2,0,0,0.1,0.1,0,0.1,0,0.3,0,0.6,6.9,1,2.1,8.1,2.2,5.6,3.1,2.4,6.2,3.3,1.1,6,2.1,0.8,2.6,2.5,1.4,1.1,1.4,1.8,1.8,3.1,2.1,5.2,4.2,3.6,1,1.8,3.3,2.8,6.9,3,4,2.4,4.5,6.5,2.6,5.1,4.3,2.5,,,,,,,,,,,,,,,,,,,,,,,,,,,,,,,,,,,,,,,,,25.6,26.2,26.9,25.4,26.5,27.1,27.5,26.2,26.4,26.8,26.9,27.1,26.6,26.8,26.8,26.4,26.8,27.4,27.2,26.8,26.5,25.1,25.9,26.3,27.3,27.3,26,26.8,26.4,26.7,27,88,84,81,92,80,79,81,82,85,82,78,83,80,82,83,73,84,72,79,82,86,88,81,80,78,84,77,83,81,83,79,1.1,1,0.2,7.5,0.1,0.5,0.2,0.3,0.2,1.2,0.9,0,0,0.5,0.3,0,1.1,0,0.1,0.2,2.3,0.7,0,0,0,3.3,0,0.4,0.2,0,0.9,55.1,23.5,6,43.2,35.9,10.6,8.2,26.9,46.2,19.2,10.4,25.9,37.6,28.1,29.7,15.2,23.7,16.9,4.7,15,21.6,39,38.4,27.3,16.4,35.3,13.4,33,18.7,27.4,30.8,67,27.4,9.4,54.4,42.8,13,9.4,30.6,56.9,22,11.9,32,46.1,33.5,36,16.9,28.4,22,5,16.6,26.3,43.2,45.4,32.8,22,46.1,13,40.7,21.6,33.8,37.4,,,,,,22.2204,114.2127
2026-09-16T05:00,26.4,27.6,27.2,28.6,26.7,27.6,26.5,26.8,27.4,26.2,27,26.7,27.7,27.3,26.2,27.6,28.1,27.6,28.1,26.4,27.6,28.8,27.2,27.1,27.1,27.6,26.6,27.3,27.8,26.5,27.5,25.9,26.5,27.1,27.4,27.5,28.8,27.4,26.8,27.2,72,89,82,73,87,62,85,92,71,91,90,86,87,86,88,84,85,82,83,88,85,81,86,83,82,84,88,86,87,86,70,87,86,85,78,81,80,82,80,83,0,0,0,0,0.2,0,0.1,0,0,0.3,0.3,0,0,0.7,0.2,0.1,0.9,0,0,0.5,0,0,0.1,0,0,0.3,0,0.4,0,0.2,0,0,0.1,0.1,0,0.1,0,0.3,0,0.6,7.3,1.8,2,8.7,2.9,5.9,3.2,3.1,6.6,2.9,1.8,6,2.2,1,3.2,2.6,2.2,1.4,2.3,2.3,3,3.3,1.9,5.5,5.2,4.7,1.1,1.9,4,3.6,6.9,3.2,4.3,2.7,5.1,6.8,2.9,5.4,3.8,3.7,,,,,,,,,,,,,,,,,,,,,,,,,,,,,,,,,,,,,,,,,25.7,26.1,26.9,25.4,26.4,27.1,27.6,26.1,26.4,26.8,26.8,27,26.5,26.7,26.8,26.4,26.7,27.3,27.2,26.8,26.4,25.2,25.8,26.2,27.3,27.3,26.1,26.8,26.5,26.6,26.9,88,84,81,92,80,79,81,82,85,81,78,82,80,83,82,73,84,71,78,82,87,87,81,80,77,84,76,83,80,83,79,1.1,1,0.2,7.5,0.1,0.5,0.2,0.3,0.2,1.2,0.9,0,0,0.5,0.3,0,1.1,0,0.1,0.2,2.3,0.7,0,0,0,3.3,0,0.4,0.2,0,0.9,55.2,24.7,8.4,43.2,35.1,10.9,8,27.8,48.3,19.2,9.4,25.4,37.4,29.8,30,13.2,24.7,18.4,3.7,15.3,23.7,40,38.5,26.6,14.9,35.1,10.9,34.2,18,27.7,30.8,67,28.4,11.5,54.4,42.1,13.7,9.7,31.3,58.7,21.6,10.8,31.3,46.1,35.3,36.7,14.8,29.2,23,4.3,17.3,28.4,43.2,46.1,31.7,20.2,46.1,10.8,42.1,21.6,34.6,36.4,,,,,,22.2204,114.2127
2026-09-16T06:00,26.3,27.6,27.1,28.5,26.6,27.4,26.4,26.8,27.2,26,27,26.6,27.6,27.1,26.1,27.5,28,27.6,27.9,26.3,27.5,28.7,27.1,27,27.1,27.5,26.6,27.2,27.6,26.3,27.3,25.8,26.5,27,27.4,27.4,28.5,27.4,26.7,27,71,89,83,73,88,62,85,92,71,91,90,86,87,87,87,84,85,82,83,88,85,82,86,83,81,84,88,86,87,87,71,88,86,85,77,80,82,81,79,84,0,0,0,0,0.2,0,0.1,0,0,0.3,0.3,0,0,0.7,0.2,0.1,0.9,0,0,0.5,0,0,0.1,0,0,0.3,0,0.4,0,0.2,0,0,0.1,0.1,0,0.1,0,0.3,0,0.6,7.6,2.5,2.3,9.4,3.6,6,3.1,3.3,6.6,2.5,2.2,6,2.9,1.3,3.7,3,2.9,1.8,2.7,2.4,3.8,4.1,2.5,5.8,5.9,5.8,1.8,2.5,4.5,4.1,6.5,3.6,4.3,2.6,5.4,7.2,2.6,5.6,3.7,4.6,,,,,,,,,,,,,,,,,,,,,,,,,,,,,,,,,,,,,,,,,25.8,26.1,26.9,25.4,26.4,27.2,27.8,26.1,26.4,26.8,26.8,26.9,26.4,26.8,26.8,26.4,26.7,27.1,27.3,26.8,26.3,25.2,25.8,26.1,27.3,27.3,26.2,26.8,26.5,26.6,26.9,88,83,82,92,79,78,81,82,85,80,77,81,79,83,81,72,84,71,77,81,88,87,80,80,76,84,74,83,79,82,78,2,0.3,0.3,5.8,0,0.2,0.1,0.1,0.1,0.1,0.4,0,0.1,0.1,0.1,0,0.4,0,0,0,1.3,1.7,0.1,0.1,0,3.4,0,1.2,0,0,0.3,54.3,25.6,11.3,44.1,35.5,8.3,5.2,27.5,50.3,17.8,8.9,25.2,38,31.2,30.6,10.2,25.8,19.9,2.7,14.6,22.6,39.5,38.2,26.4,13.4,35.3,10.4,33.5,16.6,27.6,29,67,29.5,14,55.4,42.5,11.5,7.9,31,60.1,20.2,10.4,31,46.1,36.7,38.2,13.3,30.6,25.2,3.6,17.6,27.7,43.6,46.1,31.3,17.6,46.4,12.6,41.4,19.1,34.2,34.2,,,,,,22.2204,114.2127
2026-09-16T07:00,26.2,27.5,27.1,28.4,26.6,27.2,26.4,26.8,27.1,25.9,26.9,26.6,27.5,26.9,26,27.4,28,27.6,27.8,26.3,27.5,28.6,27.1,26.9,27,27.4,26.5,27.2,27.5,26.2,27.2,25.8,26.5,27,27.3,27.4,28.2,27.4,26.6,26.8,71,89,83,74,88,62,85,92,71,91,90,86,87,88,87,84,85,82,84,88,85,83,86,83,81,83,88,86,88,87,71,88,86,85,77,80,83,81,79,84,0,0,0,0,0.2,0,0.1,0,0,0.3,0.3,0,0,0.7,0.2,0.1,0.9,0,0,0.5,0,0,0.1,0,0,0.3,0,0.4,0,0.2,0,0,0.1,0.1,0,0.1,0,0.3,0,0.6,7.6,2.9,2.3,9.7,4,6,3.1,3.7,7,2.5,2.5,6.2,3.2,1.1,3.9,3.1,3.3,2.3,3.2,2.9,4.2,4.2,3,6.1,6.5,6.5,2.2,2.9,4.8,4.6,6.5,4,4.4,3,5.8,7.2,2.4,5.6,3.6,5.4,,,,,,,,,,,,,,,,,,,,,,,,,,,,,,,,,,,,,,,,,25.9,26.3,26.9,25.4,26.5,27.5,28,26.2,26.4,26.9,27,27,26.5,26.9,26.9,26.5,26.7,27,27.4,27,26.2,25.3,25.8,26,27.3,27.4,26.5,26.7,26.6,26.7,27.1,89,82,82,91,78,76,81,81,84,78,77,80,78,83,80,71,84,71,76,79,88,86,80,81,75,84,72,82,78,81,77,2,0.3,0.3,5.8,0,0.2,0.1,0.1,0.1,0.1,0.4,0,0.1,0.1,0.1,0,0.4,0,0,0,1.3,1.7,0.1,0.1,0,3.4,0,1.2,0,0,0.3,53.2,26,14.3,46,36.5,5.4,1.1,26.5,52.6,15.8,9.1,24.5,38.3,32.8,31.6,7.9,26.4,21.3,1.8,13.2,20.2,38.1,37.5,26.3,11.8,35.7,11.9,31.9,14.2,27.1,25.5,67,30.2,16.9,57.6,43.6,7.9,5.4,29.9,61.2,18.4,10.8,30.2,46.4,37.8,39.6,12.6,32,27.7,2.9,17.3,25.6,44.3,45.7,31,14.4,46.8,16.2,39.6,15.1,33.5,30.6,,,,,,22.2204,114.2127
2026-09-16T08:00,26.2,27.5,27.1,28.3,26.6,27.1,26.4,26.9,27,25.9,26.9,26.6,27.5,26.9,26,27.4,27.9,27.6,27.8,26.3,27.5,28.5,27,26.8,27.1,27.3,26.5,27.2,27.4,26.1,27.1,25.7,26.5,27,27.3,27.3,28,27.4,26.6,26.7,71,89,83,74,88,62,85,92,71,91,90,86,87,88,87,84,85,82,84,88,85,83,86,83,80,83,88,86,88,87,71,88,86,85,77,80,84,81,79,84,0,0,0,0,0.2,0,0.1,0,0,0.3,0.3,0,0,0.7,0.2,0.1,0.9,0,0,0.5,0,0,0.1,0,0,0.3,0,0.4,0,0.2,0,0,0.1,0.1,0,0.1,0,0.3,0,0.6,7.6,3.2,2.3,9.7,4.3,6,3.1,3.7,7,2.2,2.5,6.2,3.2,1.1,4.4,3.1,3.6,2.3,3.2,2.9,4.7,4.2,3.4,6.1,6.9,6.9,2.2,2.9,4.8,4.9,6.1,4,4.5,2.9,5.8,7.2,2.1,5.6,3.6,5.8,,,,,,,,,,,,,,,,,,,,,,,,,,,,,,,,,,,,,,,,,25.9,26.5,27.1,25.2,26.7,27.8,28.2,26.3,26.5,27.2,27.2,27.1,26.5,27,27,26.8,26.9,27,27.7,27.3,26.3,25.3,25.8,26.1,27.5,27.5,26.9,26.8,26.9,26.8,27.3,89,80,82,91,77,74,80,80,84,76,76,79,77,83,79,70,83,71,75,76,88,86,80,81,74,83,70,82,76,80,75,2,0.3,0.3,5.8,0,0.2,0.1,0.1,0.1,0.1,0.4,0,0.1,0.1,0.1,0,0.4,0,0,0,1.3,1.7,0.1,0.1,0,3.4,0,1.2,0,0,0.3,52,26,16.2,48.5,36.7,4,2.4,24.9,53.6,14.3,9.5,23.9,38.5,33.3,33.2,7.2,26.6,21.8,0.8,12.2,18.5,38.1,36.8,25.7,10.2,35,13.8,31.2,11.5,26.3,22.2,67,30.6,18.7,59.4,43.2,5,4.3,27.7,61.6,16.6,11.2,29.9,46.1,38.5,41.8,11.9,32.4,29.2,2.5,17.3,23.4,46.1,45.4,29.5,11.9,46.1,18.7,38.5,12.2,32.8,27.4,,,,,,22.2204,114.2127
2026-09-16T09:00,26.3,27.5,27.1,28.3,26.6,27.1,26.4,27,27,25.9,27,26.6,27.5,26.9,26,27.4,27.9,27.7,27.7,26.4,27.5,28.4,27,26.7,27.2,27.3,26.6,27.2,27.4,26.1,27.1,25.7,26.5,27.1,27.3,27.3,27.9,27.4,26.6,26.7,71,89,83,75,88,62,85,92,71,91,90,86,87,88,87,84,85,82,84,88,85,83,86,83,80,83,88,86,88,87,71,88,86,84,77,80,85,81,79,84,0,0,0,0,0,0,0,0,0,0.1,0,0,0,0,0,0,0,0,0,0,0,0,0,0.4,0,0,0.3,0,0.1,0,0,0,0,0,0,0,0,0,0,0.2,7.2,3.2,2,9.4,4.3,6,2.9,3.3,7,1.8,2.5,6,3.2,1.1,4.7,2.7,3.6,2.3,3.1,2.9,4.7,4,3.4,6.1,6.9,6.9,2.2,2.9,4.7,5.2,5.8,3.7,4.1,2.9,5.4,6.8,1.6,5.6,3.6,5.8,,,,,,,,,,,,,,,,,,,,,,,,,,,,,,,,,,,,,,,,,25.8,26.7,27.3,24.9,26.8,28.2,28.6,26.5,26.5,27.6,27.4,27.4,26.7,27.1,27.2,27.3,27.1,27.3,28.1,27.9,26.5,25.2,25.6,26.3,27.8,27.7,27.4,27,27.3,27.1,27.5,89,78,80,91,76,71,78,78,84,73,75,78,75,82,78,69,81,70,73,73,87,85,81,80,72,82,67,81,73,78,73,2.5,0,0.2,10.4,0,0,0,0,0.3,0,0.1,0,0,0.3,0.1,0,0.2,0,0,0,2.5,2.2,0.6,0,0,2.4,0,0.4,0,0,0,51.3,26,16.6,49.8,35.6,3.3,5.8,22.5,52.9,13.6,10.7,23.2,38,32.8,35.9,7.3,25.8,21.2,0.7,12.1,17.2,41.2,36.4,23.8,8.2,32.8,14.6,32.5,9.1,25.7,19.2,66.6,30.2,18.7,61.2,41,4,5.8,24.5,61.9,15.5,11.9,29.5,45.4,38.9,44.6,11.9,31.3,28.8,2.9,16.9,21.6,50,44.6,26.6,10.1,43.6,19.1,39.6,12.2,32,24.1,,,,,,22.2204,114.2127
2026-09-16T10:00,26.5,27.5,27.2,28.3,26.7,27.2,26.4,27.1,27.1,25.9,27,26.7,27.5,26.9,26,27.4,27.9,27.7,27.7,26.4,27.5,28.4,27,26.6,27.3,27.3,26.6,27.2,27.4,26.1,27.1,25.8,26.6,27.3,27.3,27.3,27.8,27.4,26.6,26.7,71,88,83,76,88,61,84,91,71,91,89,86,87,88,87,83,85,82,84,87,85,83,86,84,79,83,87,85,88,87,71,88,86,83,78,80,85,81,79,84,0,0,0,0,0,0,0,0,0,0.1,0,0,0,0,0,0,0,0,0,0,0,0,0,0.4,0,0,0.3,0,0.1,0,0,0,0,0,0,0,0,0,0,0.2,6.9,2.9,1.5,8.6,4,6,2.7,3,7,1.5,2.2,6.1,2.5,0.7,4.5,2.3,3.2,2.3,2.5,2.4,4.2,3.4,3.1,5.8,6.5,6.6,1.8,2.6,4.3,5.3,5.1,3.3,3.8,2.9,5.1,6.2,0.8,5.6,4,5.7,,,,,,,,,,,,,,,,,,,,,,,,,,,,,,,,,,,,,,,,,25.7,27,27.7,24.6,27,28.7,29,26.8,26.4,28.2,27.7,27.7,26.9,27.2,27.4,28.1,27.3,27.8,28.7,28.6,26.7,25.2,25.3,26.6,28.3,27.9,28,27.2,27.8,27.4,27.8,89,76,77,90,75,68,75,76,84,70,75,76,73,82,77,68,80,69,70,69,85,85,83,78,70,80,65,80,69,76,72,2.5,0,0.2,10.4,0,0,0,0,0.3,0,0.1,0,0,0.3,0.1,0,0.2,0,0,0,2.5,2.2,0.6,0,0,2.4,0,0.4,0,0,0,50.9,26,15.7,50.2,33.5,2.5,9.4,19.2,51.6,13,12.3,22.2,36.9,32.2,39.4,7.3,24.2,20.9,2.4,12.4,15.9,45.5,36,20.9,6.6,30.4,15,34.5,8.7,25.2,16.9,66.2,29.9,17.6,62.6,37.8,3.2,8.6,20.2,61.6,14.4,12.6,28.8,44.6,38.5,48.2,12.2,29.2,27,3.6,16.9,20.2,55.1,43.6,22.7,8.6,40,18.4,41.4,13.7,31,21.2,,,,,,22.2204,114.2127
2026-09-16T11:00,26.7,27.5,27.2,28.4,26.8,27.3,26.4,27.2,27.2,26,27.1,26.7,27.6,27.1,26.1,27.5,27.9,27.8,27.8,26.5,27.5,28.4,27.1,26.5,27.5,27.3,26.7,27.2,27.4,26.2,27.1,25.9,26.7,27.5,27.3,27.3,27.7,27.4,26.6,26.7,71,88,83,77,87,61,84,91,71,90,89,86,87,88,87,83,85,82,84,87,85,84,86,85,79,83,86,85,87,86,72,87,86,82,78,80,85,81,79,84,0,0,0,0,0,0,0,0,0,0.1,0,0,0,0,0,0,0,0,0,0,0,0,0,0.4,0,0,0.3,0,0.1,0,0,0,0,0,0,0,0,0,0,0.2,6.2,2.6,1.3,7.6,3.6,5.6,2.6,2.6,6.9,1.1,1.6,5.7,2.3,0.5,4.8,1.8,2.9,1.8,1.8,1.9,3.8,2.6,2.7,5.1,5.8,6.4,1.8,2.3,3.7,5.5,4.7,2.6,3.3,2.5,4.8,5.6,0,5.7,4,5.6,,,,,,,,,,,,,,,,,,,,,,,,,,,,,,,,,,,,,,,,,25.7,27.2,28,24.3,27.2,29.1,29.3,27.1,26.5,28.6,27.8,28,27.1,27.4,27.5,28.6,27.5,28.3,29.1,29.2,26.8,25.2,25.1,27,28.7,28.1,28.4,27.5,28.3,27.7,28.1,88,74,75,90,74,66,73,74,84,68,74,75,72,81,77,67,78,68,68,66,84,84,84,76,68,79,63,79,66,74,70,2.5,0,0.2,10.4,0,0,0,0,0.3,0,0.1,0,0,0.3,0.1,0,0.2,0,0,0,2.5,2.2,0.6,0,0,2.4,0,0.4,0,0,0,51.4,25.6,14.4,49.9,31.2,2.9,12.1,16.5,49.9,12,12.8,21.5,35.5,31.1,41.6,6.5,22.7,20.9,4.4,12.6,14.8,48.2,35,18.4,4.7,28,14.8,36.4,9.5,24.7,14.8,66.2,28.8,16.2,63,34.9,3.6,10.8,16.9,60.5,13.7,13,28.1,43.2,37.8,50,12.2,27.4,26.3,5,16.9,19.1,59.4,42.5,19.4,8.3,37.4,17.3,42.8,14.8,30.2,18,,,,,,22.2204,114.2127
2026-09-16T12:00,26.9,27.5,27.3,28.4,26.9,27.5,26.5,27.4,27.3,26.1,27.3,26.8,27.6,27.2,26.2,27.7,28,28,27.8,26.6,27.5,28.4,27.1,26.4,27.7,27.3,26.9,27.2,27.5,26.2,27.1,26.1,26.7,27.8,27.3,27.3,27.6,27.4,26.7,26.8,71,87,84,78,87,61,83,90,70,90,88,86,87,87,87,82,84,81,84,86,86,84,86,86,78,83,85,84,87,86,72,87,85,81,79,80,85,81,80,84,0,0,0,0,0,0,0,0,0,0.1,0,0,0,0,0,0,0,0,0,0,0,0,0,0.4,0,0,0.3,0,0.1,0,0,0,0,0,0,0,0,0,0,0.2,5.5,2.4,0.7,6.2,3.3,5.2,2.5,1.9,6.6,1,1.3,5.6,2,0.7,4.6,1.1,2.4,1.8,1.8,1.5,3,1.8,1.9,4.7,5,5.8,1.6,2.1,3.7,5.2,4.3,1.9,2.5,2.3,3.9,5,1.1,5.8,4.4,5.1,,,,,,,,,,,,,,,,,,,,,,,,,,,,,,,,,,,,,,,,,25.9,27.2,28.2,24.1,27.3,29.3,29.3,27.4,26.7,28.6,27.8,28.2,27.3,27.5,27.5,28.8,27.6,28.7,29.1,29.5,26.6,25.3,24.9,27.3,28.8,28.2,28.5,27.6,28.7,27.8,28.3,87,73,74,91,74,66,72,73,83,68,74,74,71,80,78,66,77,67,68,65,84,84,84,75,68,78,63,79,64,73,68,1.8,0,0,13.4,0,0,1.5,0,0.1,0,0.1,0,0,0.2,0.4,0,0.1,0,0,0,2,0.9,0.5,0,0,0.8,0,0,0,0,0,52.5,25.1,12.6,48.4,29.3,4.3,12.8,14.1,48.1,10.6,11.8,20.9,33.8,29.9,41.3,5.1,21.8,21.6,6.6,13,13.6,48.3,33.4,17.2,5.6,27.1,13,37.2,8.9,24.1,11.2,67,27.4,15.1,60.8,32.4,4.7,11.5,14.8,58,13.7,12.2,27,41,36,49.7,11.9,25.9,27,7.2,17.6,18,61.9,40.7,17.6,9,36.7,15.8,43.6,14.4,29.5,14.4,,,,,,22.2204,114.2127
2026-09-16T13:00,27.2,27.5,27.4,28.5,27,27.6,26.6,27.6,27.5,26.2,27.4,26.9,27.7,27.4,26.3,27.8,28,28.1,27.9,26.7,27.5,28.4,27.2,26.2,27.9,27.3,27,27.3,27.5,26.3,27.2,26.2,26.9,28.1,27.3,27.3,27.5,27.5,26.8,26.9,72,86,84,79,87,60,83,89,70,89,88,85,87,86,87,81,84,81,84,85,86,84,86,87,78,83,84,83,86,85,72,87,85,79,80,80,84,81,80,84,0,0,0,0,0,0,0,0,0,0.1,0,0,0,0,0,0,0,0,0,0,0,0,0,0.4,0,0,0.3,0,0.1,0,0,0,0,0,0,0,0,0,0,0.2,4.9,2,1,4.8,3,5.2,2.5,1.3,6.5,1.1,1.4,5.6,2.3,1.1,4.8,0.5,2,1.4,2.9,0.8,2.2,1.5,1.1,4.1,4,5.2,1.3,2,3.8,5.5,4.5,1.1,1.8,2.4,3.4,4.4,2.3,5.8,4.5,4.3,,,,,,,,,,,,,,,,,,,,,,,,,,,,,,,,,,,,,,,,,26.2,27.2,28.4,24,27.3,29.3,29.3,27.6,26.9,28.4,27.7,28.2,27.6,27.7,27.4,28.7,27.7,29,29,29.6,26.2,25.6,24.9,27.6,28.9,28.2,28.4,27.7,29.1,27.9,28.5,85,73,73,92,75,66,73,72,80,68,74,73,71,79,79,66,77,66,70,64,85,84,84,73,69,78,64,79,63,74,67,1.8,0,0,13.4,0,0,1.5,0,0.1,0,0.1,0,0,0.2,0.4,0,0.1,0,0,0,2,0.9,0.5,0,0,0.8,0,0,0,0,0,53.9,24.2,10.5,45.9,27.9,6.7,13,12.1,46.6,10.5,10.7,20.6,32.1,28.2,40,4.6,21,22.5,9.5,13.7,14.3,49.9,31.1,16.3,9.5,26.6,11.4,38,7.6,23.6,6.8,68.4,25.9,13.7,57.2,29.9,6.8,11.9,13.3,54.7,14.4,11.2,25.9,38.5,33.8,47.5,11.2,24.8,28.1,9.4,18.7,17.3,63.7,38.5,16.9,10.8,36.7,14.4,44.3,13.3,28.4,10.8,,,,,,22.2204,114.2127
2026-09-16T14:00,27.5,27.6,27.5,28.6,27.1,27.8,26.6,27.8,27.7,26.3,27.5,26.9,27.8,27.6,26.4,28,28,28.2,27.9,26.8,27.6,28.4,27.3,26.1,28.2,27.4,27.2,27.3,27.6,26.4,27.2,26.4,27,28.4,27.3,27.3,27.5,27.5,26.9,26.9,72,85,84,81,86,60,82,88,70,89,87,85,87,86,87,80,84,81,83,85,86,84,85,88,78,83,82,82,86,84,73,86,85,78,81,80,84,81,80,84,0,0,0,0,0,0,0,0,0,0.1,0,0,0,0,0,0,0,0,0,0,0,0,0,0.4,0,0,0.3,0,0.1,0,0,0,0,0,0,0,0,0,0,0.2,3.9,1.9,1.5,3.5,2.4,4.8,3.1,1.1,6.5,1.4,1.9,5.7,2.5,1.6,4.7,1.1,2.3,1.1,4,1.1,1.5,2.2,0.4,3.5,2.9,4.8,1.5,1.9,4.3,5.4,5.2,0,1.1,2.3,2.8,4.1,3.5,6,4.9,4,,,,,,,,,,,,,,,,,,,,,,,,,,,,,,,,,,,,,,,,,26.3,27.1,28.5,24,27.3,29.3,29.2,27.8,27.1,28.2,27.6,28.3,27.8,27.8,27.2,28.7,27.8,29.3,28.8,29.7,26,25.7,24.8,27.7,28.8,28.2,28.2,27.8,29.3,27.9,28.6,84,73,73,92,76,67,73,71,79,69,74,73,71,79,80,66,77,66,71,64,86,84,84,73,70,78,65,79,63,74,66,1.8,0,0,13.4,0,0,1.5,0,0.1,0,0.1,0,0,0.2,0.4,0,0.1,0,0,0,2,0.9,0.5,0,0,0.8,0,0,0,0,0,55.2,23.4,9.9,43.8,26.9,9.2,13.1,11.2,45.4,11.5,9.8,20.3,30.9,26.6,38.1,5.2,20.2,23.4,11.7,14.7,17.1,52.8,29.5,15.5,13,25.6,10.9,37.8,7,22.8,2.9,69.8,24.5,12.2,54,28.4,8.6,12.2,12.6,52.6,14.4,10.4,24.8,36.7,31.7,45.4,11.2,24.1,29.5,11.2,19.4,18.4,64.4,36.7,16.2,12.2,35.6,12.6,44.3,12.2,27.7,8.3,,,,,,22.2204,114.2127
2026-09-16T15:00,27.8,27.6,27.6,28.7,27.2,28,26.7,28,27.9,26.5,27.7,27,27.9,27.8,26.6,28.1,28.1,28.3,28,26.9,27.6,28.5,27.4,26,28.4,27.4,27.3,27.4,27.7,26.5,27.3,26.5,27.1,28.7,27.3,27.3,27.4,27.5,26.9,27,72,84,84,82,85,60,81,87,69,88,86,85,87,85,87,79,84,81,83,84,86,83,85,89,78,82,81,81,85,84,73,86,85,76,82,81,83,81,81,84,0,0,0,0,0,0,0,0,0,0.1,0,0,0,0,0,0,0,0,0,0,0,0,0,0.4,0,0,0.3,0,0.1,0,0,0,0,0,0,0,0,0,0,0.2,3.4,2.2,2.2,2.3,2,4.5,3.4,1.3,6.1,1.8,2.9,5.8,3.4,2.1,5,1.8,2.5,1.1,5.5,1.4,1.3,3,0.5,3.1,1.8,4.4,1.8,2.2,5.2,5.8,6.1,0.7,1.1,2.3,2.7,4.2,4.3,6.3,5,3.7,,,,,,,,,,,,,,,,,,,,,,,,,,,,,,,,,,,,,,,,,26.2,27,28.6,24.2,27.3,29.2,29.2,27.8,27,28.2,27.5,28.3,27.8,27.7,27.1,28.8,27.8,29.5,28.7,29.7,26.1,25.7,24.6,27.7,28.7,28.1,28.1,27.7,29,27.9,28.8,84,73,72,92,77,67,73,71,79,69,74,73,72,79,81,66,77,66,71,65,86,85,85,74,71,78,65,80,64,74,66,2.8,0,0,10.7,0,0.3,1.6,0,0,0,0,0,0,0.8,0.6,0,0,0,0,0,0.3,2,0.6,0,0,0.5,0,0.2,0,0,0,55.6,22.3,8.6,42.5,26.3,10.8,14,11.3,45.6,10.8,9.1,20,30.7,24.9,36.4,6.9,19.8,23.7,12.1,14.9,20.6,52.3,28.8,15.2,14.1,23.3,9.4,37.1,6.2,22,0.4,71.6,23.4,10.4,52.6,28.1,10.1,14,13,52.9,13.3,10.1,24.5,35.6,29.9,42.8,12.2,23.8,30.6,11.5,20.2,22,63.4,36,15.5,13,32.4,10.4,43.2,10.8,27.4,7.9,,,,,,22.2204,114.2127
2026-09-16T16:00,28.1,27.6,27.6,28.8,27.3,28.2,26.8,28.2,28.1,26.6,27.8,27.1,28,28.1,26.7,28.3,28.1,28.5,28,27,27.6,28.5,27.4,25.9,28.6,27.5,27.5,27.5,27.7,26.6,27.4,26.7,27.2,29,27.3,27.3,27.4,27.5,27,27.1,72,83,84,83,85,59,81,86,69,88,85,85,87,84,87,78,84,81,83,83,86,83,85,91,77,82,80,80,85,83,73,85,85,75,83,81,83,80,81,84,0,0,0,0,0,0,0,0,0,0.1,0,0,0,0,0,0,0,0,0,0,0,0,0,0.4,0,0,0.3,0,0.1,0,0,0,0,0,0,0,0,0,0,0.2,2.5,2.6,2.5,2.2,2.1,4.4,3.8,1.8,6.1,2.3,3.6,6,4.2,2.6,5.1,2.5,3,1,6.7,2.3,1.4,4.2,1.3,2.8,0.8,4.6,2.2,2.5,6.1,5.8,7.2,1.5,1.5,2.4,3.2,4.3,5.5,6.5,5.5,3.8,,,,,,,,,,,,,,,,,,,,,,,,,,,,,,,,,,,,,,,,,26,26.9,28.7,24.4,27.1,29.1,29.1,27.8,26.9,28.3,27.3,28.3,27.7,27.5,26.9,29,27.8,29.7,28.7,29.6,26.4,25.5,24.5,27.6,28.5,28,28.1,27.7,28.5,27.9,28.9,86,73,71,91,78,68,74,71,79,69,75,74,73,80,83,66,78,66,72,67,86,85,85,75,72,78,66,80,67,75,66,2.8,0,0,10.7,0,0.3,1.6,0,0,0,0,0,0,0.8,0.6,0,0,0,0,0,0.3,2,0.6,0,0,0.5,0,0.2,0,0,0,55.9,21.3,7.3,41.2,25.9,12.6,14.9,12.1,46.6,9.6,8.9,20,30.6,23.9,34.2,9.4,19.8,23.3,11.9,14.9,24.7,51,28.7,15,14.5,20.1,7,35.7,6.7,20.9,2.6,73.8,22.7,8.3,51.5,28.4,11.5,15.8,14,54.4,11.5,10.1,24.5,34.9,28.8,40,14,23.4,31.3,11.2,20.9,26.6,61.6,35.6,15.1,13.7,28.1,8.3,41.4,9.4,27,9,,,,,,22.2204,114.2127
2026-09-16T17:00,28.4,27.7,27.7,28.9,27.5,28.4,26.8,28.4,28.2,26.8,28,27.2,28.1,28.2,26.8,28.4,28.2,28.6,28.1,27.1,27.7,28.5,27.5,25.8,28.8,27.5,27.6,27.5,27.8,26.7,27.5,26.8,27.3,29.3,27.3,27.3,27.4,27.6,27.1,27.2,73,82,84,84,84,59,80,85,69,87,85,85,87,84,87,78,83,80,82,82,86,83,85,92,77,82,79,80,84,82,74,85,85,73,83,81,82,80,81,84,0,0,0,0,0,0,0,0,0,0.1,0,0,0,0,0,0,0,0,0,0,0,0,0,0.4,0,0,0.3,0,0.1,0,0,0,0,0,0,0,0,0,0,0.2,2.4,3.1,3.2,2.7,1.9,4,4.3,2.4,5.8,2.4,4.3,6.4,4.9,3.1,5.2,3.3,3.5,1.1,8,3.1,2.3,5.2,1.8,2.9,0.4,4.7,2.6,3,6.8,5.9,8,2.6,2.1,2.6,3.7,5.1,6.3,6.8,6,4.1,,,,,,,,,,,,,,,,,,,,,,,,,,,,,,,,,,,,,,,,,25.8,26.8,28.7,24.6,27,28.9,29,27.6,26.8,28.3,27.2,28.3,27.5,27.4,26.8,29.1,27.7,29.7,28.5,29.5,26.5,25.4,24.4,27.4,28.3,27.9,28,27.6,28.1,27.9,28.9,87,74,71,90,79,69,75,72,79,69,75,75,75,80,84,66,79,66,72,68,86,86,86,76,73,79,66,81,69,76,67,2.8,0,0,10.7,0,0.3,1.6,0,0,0,0,0,0,0.8,0.6,0,0,0,0,0,0.3,2,0.6,0,0,0.5,0,0.2,0,0,0,55.9,20.3,6.6,40.1,25.6,13.2,14.8,13.8,47.3,8.9,9.3,19.3,30.8,23.5,30.8,10.8,19.4,23.6,11.4,14.4,28.2,51.6,28.4,15.4,14.8,17,5.8,34.3,7.3,19.8,3.7,74.9,21.6,7.2,50.4,28.8,12.2,16.9,15.8,56.2,10.8,10.8,24.5,34.9,28.8,37.1,15.8,22.7,32.8,10.8,20.5,31.3,60.8,35.3,15.1,14,23.8,7.6,40.3,7.9,26.3,9.7,,,,,,22.2204,114.2127
2026-09-16T18:00,28.6,27.7,27.7,28.9,27.5,28.6,26.9,28.5,28.3,26.9,28.1,27.2,28.2,28.4,26.9,28.5,28.2,28.7,28.1,27.2,27.7,28.5,27.6,25.7,29,27.5,27.7,27.6,27.8,26.8,27.5,26.9,27.4,29.5,27.3,27.4,27.4,27.6,27.2,27.3,73,82,84,85,84,59,80,84,69,86,84,85,87,83,87,77,83,80,82,81,86,83,84,93,77,82,78,79,84,82,74,84,84,73,84,81,82,80,82,84,0,0,0,0,0,0,0,0,0,0.1,0,0,0,0,0,0,0,0,0,0,0,0,0,0.4,0,0,0.3,0,0.1,0,0,0,0,0,0,0,0,0,0,0.2,2.3,3.7,3.6,3.6,2.2,3.6,4.8,3.1,5.8,2.7,4.8,6.6,5.4,3.4,5.2,3.8,4.2,1.1,9.1,3.5,2.7,5.6,2.6,2.6,0.8,4.7,2.7,3.4,7.6,6.3,8.9,3.1,2.6,3,3.8,5.5,7.1,7.2,6,4.5,,,,,,,,,,,,,,,,,,,,,,,,,,,,,,,,,,,,,,,,,25.7,26.6,28.7,24.6,27,28.7,28.9,27.4,26.7,28.3,27.2,28.1,27.4,27.3,26.6,29.1,27.7,29.5,28.3,29.4,26.3,25.3,24.4,27.2,28,27.8,28.1,27.5,27.9,27.8,28.9,88,75,72,90,80,71,76,74,80,71,75,76,76,80,86,66,80,67,73,69,86,86,86,77,74,80,66,81,71,77,67,9.6,0,0.3,2.6,0,0,0.5,0,0,0,0,0,0,1.7,4.7,0,0,0,0,0,0.1,1.4,0.2,0,0,0.2,0,0.6,0,0,0,55.8,18.9,7.5,39.1,25.6,12.4,13.8,17,48,10.3,10.8,18,30.6,25.3,25.7,11.3,18.4,24.7,11.2,12.6,29.4,53.3,27.6,15.7,14.8,13.3,6.1,33.3,7.4,19.1,3.4,74.5,20.2,7.9,49,29.2,12.2,15.8,19.1,57.6,12.2,12.6,23.8,35.3,31.3,34.2,17.6,21.6,35.3,10.8,19.1,34.6,63.4,34.6,15.5,14.4,18.4,8.6,40,7.2,25.2,9.7,,,,,,22.2204,114.2127
2026-09-16T19:00,28.7,27.7,27.8,29,27.6,28.6,26.9,28.6,28.4,27,28.1,27.2,28.2,28.5,27,28.6,28.2,28.7,28.2,27.3,27.7,28.5,27.6,25.6,29.1,27.5,27.8,27.6,27.9,26.8,27.6,27,27.4,29.6,27.3,27.4,27.4,27.6,27.2,27.4,73,81,85,86,83,58,79,83,68,86,83,84,87,82,87,76,83,80,81,81,85,83,84,93,77,82,77,78,83,81,74,84,84,72,85,81,81,80,82,84,0,0,0,0,0,0,0,0,0,0.1,0,0,0,0,0,0,0,0,0,0,0,0,0,0.4,0,0,0.3,0,0.1,0,0,0,0,0,0,0,0,0,0,0.2,2.2,4.2,4,4.3,2.5,3.6,5.1,3.3,5.8,3.2,5.4,6.9,5.6,3.6,5.2,4.3,4.7,1.4,9.9,4,3.2,6.1,3.1,2.9,1.1,5.1,3.2,3.5,8.4,6.4,9.3,3.4,3.1,3.3,4.3,5.9,7.4,7.2,6.3,5,,,,,,,,,,,,,,,,,,,,,,,,,,,,,,,,,,,,,,,,,25.6,26.5,28.6,24.5,26.9,28.3,28.7,27.1,26.6,28.2,27.2,28,27.2,27.3,26.5,29.1,27.6,29.2,28.1,29.3,26,25.4,24.5,27,27.8,27.7,28.2,27.4,27.9,27.6,28.9,89,76,73,91,80,73,78,77,81,73,76,78,78,81,87,66,81,67,75,69,86,86,86,79,76,81,67,82,72,79,68,9.6,0,0.3,2.6,0,0,0.5,0,0,0,0,0,0,1.7,4.7,0,0,0,0,0,0.1,1.4,0.2,0,0,0.2,0,0.6,0,0,0,55.7,17.1,8.4,38.5,25.6,10.7,11.7,21.5,48.7,12.4,13.1,16.4,30.2,28.2,19.8,12.5,16.6,26.5,10.7,9.8,30.1,55.5,26.7,16,14.4,9.4,7.2,32.5,6.9,18.7,2.5,73.8,18,9.4,47.5,29.9,11.5,13.7,23.4,58.7,14.4,15.1,23,35.6,34.9,31,19.4,19.8,38.2,11.2,16.9,37.1,67,33.8,16.2,14.8,13,11.2,40.3,6.5,23.8,9.7,,,,,,22.2204,114.2127
2026-09-16T20:00,28.8,27.7,27.8,29,27.6,28.7,26.9,28.6,28.4,27.1,28.2,27.3,28.2,28.6,27.1,28.7,28.2,28.7,28.2,27.3,27.7,28.5,27.6,25.5,29.1,27.5,27.8,27.7,27.9,26.9,27.6,27,27.5,29.7,27.3,27.4,27.4,27.6,27.2,27.4,73,81,85,86,83,58,79,83,68,85,83,84,87,82,87,76,83,80,81,80,85,83,84,94,77,82,77,78,83,81,74,84,84,72,85,81,81,80,82,84,0,0,0,0,0,0,0,0,0,0.1,0,0,0,0,0,0,0,0,0,0,0,0,0,0.4,0,0,0.3,0,0.1,0,0,0,0,0,0,0,0,0,0,0.2,2.2,4.2,4,4.6,2.5,3.6,5.4,3.7,5.8,3.2,5.4,7.3,5.9,3.6,5.2,4.3,4.7,1.4,10.2,4.3,3.2,6.4,3.1,2.9,1.5,5.1,3.2,3.5,8.4,6.4,9.8,3.9,3.3,3.3,4.3,6.4,7.8,7.6,6.3,5.7,,,,,,,,,,,,,,,,,,,,,,,,,,,,,,,,,,,,,,,,,25.5,26.4,28.5,24.5,26.9,28.1,28.5,26.8,26.6,28.1,27.2,27.8,27,27.3,26.4,28.9,27.5,28.9,27.9,29.3,25.8,25.5,24.6,26.8,27.6,27.6,28.2,27.3,27.8,27.5,28.7,90,77,75,91,80,75,79,79,82,75,77,79,79,81,88,67,82,68,76,70,86,86,86,80,77,82,68,82,73,80,69,9.6,0,0.3,2.6,0,0,0.5,0,0,0,0,0,0,1.7,4.7,0,0,0,0,0,0.1,1.4,0.2,0,0,0.2,0,0.6,0,0,0,56,15.6,8.9,37.9,25.9,9.8,9.9,24.1,49.4,14,15.5,15.1,30.5,30.6,16.5,13.3,15.2,28,10.7,7.6,31.1,56.9,25.5,16.8,13.7,8.3,8.4,31.8,6.6,18,1.4,72.7,16.6,10.4,47.2,31,11.2,11.9,26.3,59.8,16.6,18,22.7,36.7,37.8,28.4,20.2,18.4,39.6,11.5,14.8,40,69.8,32.8,17.3,14.8,10.1,13.3,40.3,6.5,22.7,9.7,,,,,,22.2204,114.2127
2026-09-16T21:00,28.8,27.7,27.8,29,27.6,28.6,26.9,28.6,28.4,27.1,28.2,27.3,28.1,28.6,27.1,28.7,28.2,28.7,28.2,27.4,27.7,28.5,27.6,25.5,29,27.4,27.8,27.7,27.9,26.9,27.7,27,27.5,29.7,27.3,27.4,27.4,27.6,27.2,27.4,73,81,85,86,83,58,79,83,68,84,83,84,87,82,87,76,83,80,81,79,84,83,84,94,77,82,77,78,83,81,74,84,84,72,85,81,81,80,82,84,0,0,0,0.1,0,0,0,0,0,0,0,0,0,0,0,0,0,0,0,0,0,0,0,0.6,0,0,0,0,0,0,0,0,0,0,0,0,0,0,0,0,2.2,4.2,3.6,4.6,2.5,3.6,5.4,3.6,5.8,3.2,5.4,7.6,5.6,3.6,5.2,4.1,4.7,1.4,10.1,4.7,3.1,6.3,3.1,2.9,1.4,5.1,3.2,3.5,8.4,6.4,9.8,4,3.3,3.3,4.3,6.4,7.8,7.6,6.2,6,,,,,,,,,,,,,,,,,,,,,,,,,,,,,,,,,,,,,,,,,25.4,26.3,28.4,24.6,26.9,27.9,28.4,26.7,26.5,27.9,27.1,27.6,27,27.2,26.6,28.6,27.4,28.6,27.8,29.2,25.8,25.7,24.6,26.7,27.5,27.6,28,27.2,27.7,27.4,28.5,91,78,76,89,80,77,80,80,83,77,79,80,79,82,87,69,82,68,77,71,86,85,85,81,78,82,69,83,74,81,71,9.8,0,0.1,4.4,0,0,0.3,0,0,0.2,0.3,0.1,0,2.3,4.7,0,0,0,0.2,0,0.1,0.5,0,0,0,0.4,0,0.7,1.2,0,0.1,57.9,14.5,8.2,38,26.7,9.7,9.2,24.2,50,14.8,18,15.2,31.5,31.2,15.3,13.5,13.8,28.1,11,6.5,33.6,57.7,24,18.1,13.2,10.5,10.3,31.5,7.1,17.6,1.9,72.4,15.5,9.7,48.2,32.4,11.2,10.4,27.4,60.5,17.6,20.9,23.4,37.8,38.9,26.3,19.8,16.9,39.2,12.2,13,43.6,70.9,31,19.4,14.8,12.2,15.1,40.3,6.8,22,9.7,,,,,,22.2204,114.2127
2026-09-16T22:00,28.8,27.7,27.7,29,27.6,28.6,26.9,28.6,28.3,27.2,28.2,27.3,28,28.6,27.2,28.7,28.2,28.7,28.2,27.4,27.7,28.5,27.6,25.4,28.9,27.3,27.8,27.8,27.8,26.9,27.7,27,27.5,29.7,27.2,27.4,27.5,27.6,27.2,27.3,73,81,86,85,82,58,79,82,68,84,82,83,86,81,86,76,83,80,80,79,84,83,84,95,77,81,77,78,83,81,74,84,84,73,85,81,80,79,82,84,0,0,0,0.1,0,0,0,0,0,0,0,0,0,0,0,0,0,0,0,0,0,0,0,0.6,0,0,0,0,0,0,0,0,0,0,0,0,0,0,0,0,1.8,4,3.2,4.3,2.5,3.6,5.4,3.6,5.8,3.2,4.8,8,4.8,3.1,4.7,3.6,4.2,1.4,10,4.6,3,5.8,2.6,3,1.1,4.7,3.1,3.1,7.6,6.4,9.4,3.7,3.3,3.3,3.9,6.3,7.3,7.9,6,6.8,,,,,,,,,,,,,,,,,,,,,,,,,,,,,,,,,,,,,,,,,25.3,26.3,28.2,24.9,27,27.8,28.3,26.7,26.4,27.6,26.9,27.5,27,27.1,26.9,28.1,27.3,28.4,27.7,29.1,25.9,26.1,24.7,26.6,27.4,27.5,27.8,27.2,27.5,27.4,28.1,92,79,78,87,79,78,80,79,84,79,81,80,79,82,85,71,82,68,78,72,87,83,85,82,80,82,71,84,75,81,74,9.8,0,0.1,4.4,0,0,0.3,0,0,0.2,0.3,0.1,0,2.3,4.7,0,0,0,0.2,0,0.1,0.5,0,0,0,0.4,0,0.7,1.2,0,0.1,60.1,13.7,7.2,38.4,28.2,9.8,8.4,23.1,50.7,15.5,20.2,16.9,32.4,31.2,15.8,13.1,12.6,27.3,11.1,5.9,36.4,57.8,22.5,20.2,13,14.3,12.6,31.5,7.8,16.9,4,72.4,14.4,8.3,50.4,33.8,11.5,9,27.4,60.5,18.4,23.8,24.8,39.6,38.9,24.8,18.4,15.8,37.4,13,11.5,47.5,71.3,28.8,22,14.8,17.3,16.6,40,7.6,21.6,10.1,,,,,,22.2204,114.2127
2026-09-16T23:00,28.7,27.7,27.6,29,27.5,28.4,26.8,28.5,28.1,27.2,28.1,27.3,27.9,28.5,27.2,28.6,28.2,28.6,28.1,27.4,27.7,28.5,27.6,25.4,28.7,27.2,27.8,27.8,27.8,26.8,27.7,26.9,27.4,29.5,27.2,27.4,27.6,27.5,27.2,27.3,73,81,86,85,82,57,79,82,67,83,82,83,86,81,86,76,83,80,80,78,83,83,84,95,77,81,77,77,83,80,74,84,83,75,85,81,80,79,82,84,0,0,0,0.1,0,0,0,0,0,0,0,0,0,0,0,0,0,0,0,0,0,0,0,0.6,0,0,0,0,0,0,0,0,0,0,0,0,0,0,0,0,1.6,3.5,2.9,3.6,2.7,4,5.4,3.2,6.1,3.1,4.1,8,4.1,2.6,4.3,3.3,3.7,1.5,9.5,4.6,2.5,5.4,2.3,3.1,0.8,4.4,2.6,3,6.8,6.3,8.7,3.6,2.8,3.3,3.4,6.2,6.7,7.9,6.2,7.3,,,,,,,,,,,,,,,,,,,,,,,,,,,,,,,,,,,,,,,,,25.3,26.3,28.1,25.1,27,27.6,28.2,26.7,26.3,27.4,26.7,27.4,26.9,27.1,27.1,27.7,27.3,28.1,27.6,29,25.9,26.3,24.7,26.5,27.3,27.5,27.5,27.1,27.3,27.3,27.8,92,79,79,85,79,79,81,79,85,80,82,81,79,83,83,73,82,68,79,72,87,82,84,82,81,82,73,84,75,82,76,9.8,0,0.1,4.4,0,0,0.3,0,0,0.2,0.3,0.1,0,2.3,4.7,0,0,0,0.2,0,0.1,0.5,0,0,0,0.4,0,0.7,1.2,0,0.1,60.9,13,7.2,38.1,28.9,10,7.1,23,50.3,16.2,22.2,19.4,33.8,30.8,16.5,13.2,11.6,25.8,11.2,6.8,38.7,57.3,20.9,21.3,11.9,17,14.5,31.1,7.5,16.2,6.5,71.6,13.7,8.6,51.1,34.9,11.5,7.9,27.4,60.1,19.1,25.9,27,41,38.5,23.8,16.6,14.4,34.9,13,11.5,49.7,71.3,26.6,23.8,14.4,20.9,18.7,39.6,7.9,20.5,10.8,,,,,,22.2204,114.2127
